Date,Time,StatusCode,MCP_WQ_DO,MCP_WQ_EC,MCP_WQ_PH,MCP_WQ_TEMP,MCP_WQ_TURB,MCP_WQ_TDS,MCP_WQ_RSV1,MCP_WQ_RSV2,ADS_NO3_mA,ADS_NO2_mA,ADS_NH3_mA,ADS_RSV_mA
2025/12/12,09:49:05,0,52.0,204.0,317.0,251.0,19.0,211.0,4.0,4.0,0.0,0.0,0.0,0.0
2025/12/12,09:49:09,0,54.0,225.0,321.0,251.0,1.0,212.0,2.0,2.0,0.0,0.0,0.0,0.0
2025/12/12,09:49:14,0,52.0,212.0,321.0,251.0,4.0,210.0,1.0,1.0,0.0,0.0,0.0,0.0
2025/12/12,09:49:19,0,53.0,197.0,318.0,252.0,17.0,212.0,3.0,3.0,0.0,0.0,0.0,0.0
2025/12/12,09:49:24,0,52.0,206.0,318.0,251.0,15.0,209.0,3.0,3.0,0.0,0.0,0.0,0.0
2025/12/12,09:49:29,0,51.0,200.0,317.0,251.0,14.0,212.0,3.0,3.0,0.0,0.0,0.0,0.0
2025/12/12,09:49:34,0,51.0,209.0,321.0,251.0,0.0,209.0,1.0,1.0,0.0,0.0,0.0,0.0
2025/12/12,09:49:39,0,52.0,224.0,319.0,251.0,1.0,210.0,1.0,1.0,0.0,0.0,0.0,0.0
2025/12/12,09:49:44,0,51.0,223.0,321.0,251.0,2.0,207.0,1.0,0.0,0.0,0.0,0.0,0.0
2025/12/12,09:49:49,0,49.0,196.0,319.0,251.0,18.0,209.0,1.0,3.0,0.0,0.0,0.0,0.0
2025/12/12,09:49:54,0,52.0,207.0,319.0,251.0,15.0,210.0,3.0,3.0,0.0,0.0,0.0,0.0
2025/12/12,09:49:59,0,51.0,203.0,321.0,253.0,9.0,210.0,3.0,2.0,0.0,0.0,0.0,0.0
2025/12/12,09:50:04,0,53.0,218.0,322.0,252.0,0.0,210.0,2.0,1.0,0.0,0.0,0.0,0.0
2025/12/12,09:50:09,0,51.0,210.0,322.0,252.0,7.0,211.0,2.0,2.0,0.0,0.0,0.0,0.0
2025/12/12,09:50:14,0,53.0,200.0,321.0,251.0,16.0,211.0,3.0,3.0,0.0,0.0,0.0,0.0
2025/12/12,09:50:19,0,53.0,201.0,321.0,251.0,15.0,210.0,3.0,3.0,0.0,0.0,0.0,0.0
2025/12/12,09:50:24,0,53.0,210.0,323.0,254.0,0.0,210.0,1.0,1.0,0.0,0.0,0.0,0.0
2025/12/12,09:50:29,0,53.0,218.0,323.0,252.0,1.0,210.0,0.0,1.0,0.0,0.0,0.0,0.0
2025/12/12,09:50:34,0,53.0,199.0,321.0,251.0,17.0,211.0,3.0,4.0,0.0,0.0,0.0,0.0
2025/12/12,09:50:39,0,53.0,204.0,322.0,251.0,5.0,209.0,1.0,1.0,0.0,0.0,0.0,0.0
2025/12/12,09:50:44,0,53.0,218.0,323.0,251.0,0.0,210.0,0.0,1.0,0.0,0.0,0.0,0.0
2025/12/12,09:50:49,0,52.0,202.0,322.0,250.0,16.0,210.0,3.0,3.0,0.0,0.0,0.0,0.0
2025/12/12,09:50:54,0,54.0,202.0,322.0,251.0,13.0,210.0,4.0,3.0,0.0,0.0,0.0,0.0
2025/12/12,09:50:59,0,53.0,210.0,324.0,250.0,0.0,211.0,1.0,1.0,0.0,0.0,0.0,0.0
2025/12/12,09:51:04,0,54.0,222.0,324.0,251.0,0.0,210.0,1.0,0.0,0.0,0.0,0.0,0.0
2025/12/12,09:51:09,0,53.0,200.0,323.0,250.0,17.0,210.0,3.0,3.0,0.0,0.0,0.0,0.0
2025/12/12,09:51:14,0,52.0,209.0,322.0,252.0,16.0,209.0,3.0,3.0,0.0,0.0,0.0,0.0
2025/12/12,09:51:19,0,56.0,205.0,323.0,252.0,0.0,210.0,1.0,1.0,0.0,0.0,0.0,0.0
2025/12/12,09:51:24,0,51.0,218.0,323.0,251.0,1.0,211.0,1.0,1.0,0.0,0.0,0.0,0.0
2025/12/12,09:51:29,0,50.0,202.0,321.0,251.0,16.0,209.0,2.0,3.0,0.0,0.0,0.0,0.0
2025/12/12,09:51:34,0,52.0,206.0,324.0,252.0,4.0,211.0,1.0,2.0,0.0,0.0,0.0,0.0
2025/12/12,09:51:39,0,49.0,221.0,323.0,252.0,0.0,211.0,1.0,1.0,0.0,0.0,0.0,0.0
2025/12/12,09:51:44,0,49.0,208.0,325.0,250.0,9.0,210.0,2.0,2.0,0.0,0.0,0.0,0.0
2025/12/12,09:51:49,0,47.0,206.0,324.0,251.0,16.0,211.0,3.0,3.0,0.0,0.0,0.0,0.0
2025/12/12,09:51:54,0,52.0,206.0,324.0,252.0,1.0,211.0,0.0,1.0,0.0,0.0,0.0,0.0
2025/12/12,09:51:59,0,47.0,218.0,326.0,252.0,0.0,210.0,3.0,1.0,0.0,0.0,0.0,0.0
2025/12/12,09:52:04,0,48.0,198.0,322.0,252.0,17.0,211.0,3.0,3.0,0.0,0.0,0.0,0.0
2025/12/12,09:52:09,0,46.0,201.0,323.0,251.0,13.0,211.0,4.0,3.0,0.0,0.0,0.0,0.0
2025/12/12,09:52:14,0,47.0,208.0,327.0,251.0,0.0,210.0,1.0,2.0,0.0,0.0,0.0,0.0
2025/12/12,09:52:19,0,48.0,218.0,327.0,252.0,2.0,210.0,1.0,1.0,0.0,0.0,0.0,0.0
2025/12/12,09:52:24,0,48.0,209.0,326.0,251.0,16.0,210.0,3.0,3.0,0.0,0.0,0.0,0.0
2025/12/12,09:52:29,0,48.0,221.0,328.0,250.0,0.0,211.0,2.0,1.0,0.0,0.0,0.0,0.0
2025/12/12,09:52:34,0,47.0,203.0,324.0,252.0,16.0,211.0,4.0,3.0,0.0,0.0,0.0,0.0
2025/12/12,09:52:39,0,47.0,216.0,328.0,251.0,0.0,210.0,2.0,1.0,0.0,0.0,0.0,0.0
2025/12/12,09:52:44,0,47.0,198.0,325.0,252.0,17.0,211.0,4.0,3.0,0.0,0.0,0.0,0.0
2025/12/12,09:52:49,0,47.0,207.0,328.0,251.0,0.0,213.0,0.0,0.0,0.0,0.0,0.0,0.0
2025/12/12,09:52:54,0,46.0,203.0,324.0,251.0,14.0,212.0,3.0,3.0,0.0,0.0,0.0,0.0
2025/12/12,09:52:59,0,44.0,202.0,326.0,252.0,11.0,212.0,3.0,2.0,0.0,0.0,0.0,0.0
2025/12/12,09:53:04,0,44.0,221.0,328.0,252.0,2.0,211.0,2.0,1.0,0.0,0.0,0.0,0.0
2025/12/12,09:53:09,0,51.0,206.0,326.0,252.0,16.0,211.0,4.0,3.0,0.0,0.0,0.0,0.0
2025/12/12,09:53:14,0,47.0,222.0,331.0,250.0,1.0,209.0,1.0,1.0,-0.0008,0.0,0.0,0.0
2025/12/12,09:53:19,0,46.0,200.0,328.0,251.0,17.0,211.0,2.0,3.0,0.0,0.0,0.0,0.0
2025/12/12,09:53:24,0,46.0,206.0,330.0,251.0,0.0,212.0,0.0,1.0,0.0,0.0,0.0,0.0
2025/12/12,09:53:29,0,45.0,215.0,331.0,250.0,5.0,209.0,2.0,2.0,0.0,0.0,0.0,0.0
2025/12/12,09:53:34,0,46.0,202.0,329.0,252.0,15.0,211.0,3.0,3.0,0.0,0.0,0.0,0.0
2025/12/12,09:53:39,0,47.0,217.0,331.0,252.0,1.0,211.0,1.0,1.0,0.0,0.0,0.0,0.0
2025/12/12,09:53:44,0,42.0,201.0,330.0,253.0,15.0,210.0,4.0,3.0,0.0,0.0,0.0,0.0
2025/12/12,09:53:49,0,42.0,220.0,330.0,252.0,15.0,219.0,3.0,3.0,0.0,0.0,0.0,0.0
2025/12/12,09:53:54,0,46.0,257.0,332.0,251.0,2.0,217.0,2.0,1.0,0.0,0.0,0.0,0.0
2025/12/12,09:53:59,0,45.0,233.0,331.0,251.0,17.0,217.0,4.0,3.0,0.0,0.0,0.0,0.0
2025/12/12,09:54:04,0,47.0,223.0,332.0,252.0,6.0,217.0,1.0,2.0,0.0,0.0,0.0,0.0
2025/12/12,09:54:09,0,43.0,238.0,332.0,252.0,4.0,217.0,2.0,1.0,0.0,0.0,0.0,0.0
2025/12/12,09:54:14,0,45.0,236.0,331.0,251.0,16.0,218.0,4.0,3.0,0.0,0.0,0.0,0.0
2025/12/12,09:54:19,0,47.0,223.0,332.0,252.0,10.0,218.0,2.0,3.0,0.0,0.0,0.0,0.0
2025/12/12,09:54:24,0,48.0,252.0,334.0,252.0,0.0,218.0,2.0,1.0,0.0,0.0,0.0,0.0
2025/12/12,09:54:29,0,47.0,233.0,333.0,251.0,13.0,218.0,2.0,2.0,0.0,0.0,0.0,0.0
2025/12/12,09:54:34,0,46.0,253.0,332.0,251.0,17.0,218.0,4.0,3.0,0.0,0.0,0.0,0.0
2025/12/12,09:54:39,0,47.0,232.0,334.0,250.0,0.0,219.0,1.0,1.0,0.0,0.0,0.0,0.0
2025/12/12,09:54:44,0,45.0,236.0,334.0,251.0,2.0,216.0,1.0,1.0,0.0,0.0,0.0,0.0
2025/12/12,09:54:49,0,45.0,234.0,332.0,252.0,16.0,220.0,2.0,3.0,0.0,0.0,0.0,0.0
2025/12/12,09:54:54,0,46.0,230.0,332.0,252.0,13.0,218.0,3.0,4.0,0.0,0.0,0.0,0.0
2025/12/12,09:54:59,0,47.0,228.0,332.0,252.0,4.0,218.0,2.0,2.0,0.0,0.0,0.0,0.0
2025/12/12,09:55:04,0,46.0,243.0,334.0,251.0,0.0,217.0,1.0,1.0,0.0,0.0,0.0,0.0
2025/12/12,09:55:09,0,46.0,234.0,333.0,251.0,2.0,218.0,0.0,0.0,0.0,0.0,0.0,0.0
2025/12/12,09:55:14,0,46.0,241.0,332.0,252.0,17.0,220.0,2.0,4.0,0.0,0.0,0.0,0.0
2025/12/12,09:55:19,0,49.0,222.0,332.0,252.0,12.0,219.0,2.0,3.0,0.0,0.0,0.0,0.0
2025/12/12,09:55:24,0,47.0,248.0,332.0,252.0,1.0,219.0,2.0,1.0,0.0,0.0,0.0,0.0
2025/12/12,09:55:29,0,47.0,236.0,333.0,252.0,5.0,218.0,2.0,1.0,0.0,0.0,0.0,0.0
2025/12/12,09:55:34,0,48.0,242.0,331.0,252.0,17.0,218.0,4.0,3.0,0.0,0.0,0.0,0.0
2025/12/12,09:55:39,0,47.0,222.0,332.0,252.0,13.0,218.0,3.0,3.0,0.0,0.0,0.0,0.0
2025/12/12,09:55:44,0,47.0,250.0,333.0,252.0,1.0,220.0,1.0,1.0,0.0,0.0,0.0,0.0
2025/12/12,09:55:49,0,47.0,232.0,332.0,252.0,14.0,219.0,3.0,3.0,0.0,0.0,0.0,0.0
2025/12/12,09:55:54,0,47.0,220.0,332.0,251.0,12.0,218.0,5.0,3.0,0.0,0.0,0.0,0.0
2025/12/12,09:55:59,0,47.0,257.0,335.0,252.0,0.0,219.0,2.0,1.0,0.0,0.0,0.0,0.0
2025/12/12,09:56:04,0,48.0,235.0,331.0,252.0,17.0,219.0,4.0,3.0,0.0,0.0,0.0,0.0
2025/12/12,09:56:09,0,49.0,228.0,333.0,252.0,5.0,219.0,1.0,2.0,0.0,0.0,0.0,0.0
2025/12/12,09:56:14,0,51.0,237.0,335.0,252.0,5.0,218.0,2.0,2.0,0.0,0.0,0.0,0.0
2025/12/12,09:56:19,0,44.0,221.0,332.0,252.0,20.0,218.0,4.0,3.0,0.0,0.0,0.0,0.0
2025/12/12,09:56:24,0,47.0,254.0,336.0,252.0,2.0,219.0,1.0,1.0,0.0,0.0,0.0,0.0
2025/12/12,09:56:29,0,51.0,231.0,334.0,251.0,16.0,217.0,3.0,3.0,0.0,0.0,0.0,0.0
2025/12/12,09:56:34,0,47.0,222.0,333.0,252.0,14.0,218.0,3.0,3.0,0.0,0.0,0.0,0.0
2025/12/12,09:57:05,0,46.0,257.0,338.0,251.0,1.0,220.0,1.0,1.0,0.0,0.0,0.0,0.0
2025/12/12,09:57:09,0,46.0,256.0,336.0,252.0,4.0,219.0,1.0,1.0,0.0,0.0,0.0,0.0
2025/12/12,09:57:14,0,44.0,235.0,337.0,252.0,10.0,219.0,2.0,2.0,0.0,0.0,0.0,0.0
2025/12/12,09:57:19,0,46.0,246.0,335.0,252.0,18.0,219.0,3.0,3.0,0.0,0.0,0.0,0.0
2025/12/12,09:57:24,0,46.0,223.0,336.0,252.0,10.0,218.0,2.0,3.0,0.0,0.0,0.0,0.0
2025/12/12,09:57:29,0,46.0,248.0,336.0,252.0,2.0,219.0,2.0,1.0,0.0,0.0,0.0,0.0
2025/12/12,09:57:34,0,44.0,236.0,338.0,251.0,7.0,217.0,3.0,2.0,0.0,0.0,0.0,0.0
2025/12/12,09:57:39,0,46.0,250.0,336.0,252.0,16.0,220.0,3.0,3.0,0.0,0.0,0.0,0.0
2025/12/12,09:57:44,0,46.0,228.0,338.0,252.0,0.0,217.0,0.0,1.0,0.0,0.0,0.0,0.0
2025/12/12,09:57:49,0,46.0,236.0,338.0,252.0,0.0,217.0,1.0,1.0,0.0,0.0,0.0,0.0
2025/12/12,09:57:54,0,46.0,241.0,335.0,252.0,19.0,219.0,3.0,3.0,0.0,0.0,0.0,0.0
2025/12/12,09:57:59,0,43.0,225.0,337.0,252.0,14.0,216.0,4.0,3.0,0.0,0.0,0.0,0.0
2025/12/12,09:58:04,0,47.0,232.0,337.0,252.0,2.0,218.0,0.0,2.0,0.0,0.0,0.0,0.0
2025/12/12,09:58:09,0,45.0,262.0,339.0,251.0,2.0,217.0,2.0,1.0,0.0,0.0,0.0,0.0
2025/12/12,09:58:14,0,40.0,236.0,338.0,250.0,7.0,219.0,2.0,2.0,0.0,0.0,0.0,0.0
2025/12/12,09:58:19,0,43.0,238.0,336.0,252.0,17.0,217.0,4.0,3.0,0.0,0.0,0.0,0.0
2025/12/12,09:58:24,0,43.0,222.0,336.0,252.0,15.0,217.0,1.0,2.0,0.0,0.0,0.0,0.0
2025/12/12,09:58:29,0,47.0,230.0,338.0,250.0,3.0,218.0,1.0,1.0,0.0,0.0,0.0,0.0
2025/12/12,09:58:34,0,46.0,257.0,338.0,252.0,1.0,220.0,1.0,1.0,0.0,0.0,0.0,0.0
2025/12/12,09:58:39,0,45.0,234.0,337.0,251.0,6.0,217.0,1.0,2.0,0.0,0.0,0.0,0.0
2025/12/12,09:58:44,0,47.0,240.0,335.0,252.0,16.0,220.0,3.0,3.0,0.0,0.0,0.0,0.0
2025/12/12,09:58:49,0,44.0,231.0,335.0,252.0,13.0,218.0,4.0,3.0,0.0,0.0,0.0,0.0
2025/12/12,09:58:54,0,50.0,229.0,337.0,251.0,0.0,217.0,1.0,1.0,0.0,0.0,0.0,0.0
2025/12/12,09:58:59,0,46.0,259.0,337.0,250.0,0.0,219.0,1.0,1.0,0.0,0.0,0.0,0.0
2025/12/12,09:59:04,0,48.0,236.0,335.0,252.0,11.0,218.0,3.0,2.0,0.0,0.0,0.0,0.0
2025/12/12,09:59:09,0,49.0,241.0,333.0,251.0,17.0,218.0,4.0,3.0,0.0,0.0,0.0,0.0
2025/12/12,09:59:14,0,46.0,255.0,334.0,251.0,17.0,217.0,4.0,3.0,0.0,0.0,0.0,0.0
2025/12/12,09:59:19,0,46.0,223.0,333.0,252.0,12.0,218.0,3.0,3.0,0.0,0.0,0.0,0.0
2025/12/12,09:59:24,0,46.0,232.0,335.0,252.0,0.0,219.0,1.0,1.0,0.0,0.0,0.0,0.0
2025/12/12,09:59:29,0,48.0,259.0,336.0,253.0,2.0,218.0,2.0,2.0,0.0,0.0,0.0,0.0
2025/12/12,09:59:34,0,51.0,235.0,336.0,252.0,5.0,218.0,2.0,1.0,0.0,0.0,0.0,0.0
2025/12/12,09:59:39,0,47.0,239.0,331.0,252.0,16.0,217.0,3.0,3.0,0.0,0.0,0.0,0.0
2025/12/12,09:59:44,0,48.0,220.0,333.0,252.0,14.0,217.0,4.0,3.0,0.0,0.0,0.0,-0.0008
2025/12/12,09:59:49,0,49.0,228.0,334.0,250.0,8.0,219.0,2.0,2.0,0.0,0.0,0.0,0.0
2025/12/12,09:59:54,0,48.0,238.0,334.0,250.0,0.0,220.0,1.0,0.0,0.0,0.0,0.0,0.0
2025/12/12,09:59:59,0,48.0,239.0,332.0,252.0,17.0,218.0,3.0,3.0,0.0,0.0,0.0,0.0
2025/12/12,10:00:04,0,51.0,221.0,332.0,252.0,19.0,217.0,6.0,5.0,0.0,0.0,0.0,0.0
2025/12/12,10:00:09,0,48.0,240.0,331.0,251.0,17.0,218.0,3.0,4.0,0.0,0.0,0.0,0.0
2025/12/12,10:00:14,0,47.0,249.0,331.0,252.0,18.0,216.0,3.0,3.0,0.0,0.0,0.0,0.0
2025/12/12,10:00:19,0,48.0,224.0,330.0,252.0,9.0,219.0,2.0,3.0,0.0,0.0,0.0,0.0
2025/12/12,10:00:24,0,49.0,233.0,330.0,251.0,2.0,218.0,2.0,1.0,0.0,0.0,0.0,0.0
2025/12/12,10:00:29,0,49.0,263.0,331.0,251.0,0.0,217.0,1.0,1.0,0.0,0.0,0.0,0.0
2025/12/12,10:00:34,0,50.0,235.0,331.0,251.0,12.0,218.0,2.0,2.0,0.0,0.0,0.0,0.0
2025/12/12,10:00:39,0,49.0,245.0,329.0,252.0,17.0,219.0,3.0,3.0,0.0,0.0,0.0,0.0
2025/12/12,10:00:44,0,49.0,223.0,328.0,252.0,15.0,218.0,4.0,3.0,0.0,0.0,0.0,0.0
2025/12/12,10:00:49,0,52.0,227.0,329.0,251.0,6.0,217.0,1.0,2.0,0.0,0.0,0.0,0.0
2025/12/12,10:00:54,0,49.0,236.0,331.0,250.0,0.0,219.0,1.0,1.0,0.0,0.0,0.0,0.0
2025/12/12,10:00:59,0,50.0,253.0,330.0,253.0,1.0,217.0,1.0,1.0,0.0,0.0,0.0,0.0
2025/12/12,10:01:04,0,48.0,233.0,328.0,252.0,2.0,219.0,2.0,1.0,0.0,0.0,0.0,0.0
2025/12/12,10:01:09,0,48.0,236.0,327.0,252.0,16.0,218.0,3.0,4.0,0.0,0.0,0.0,0.0
2025/12/12,10:01:14,0,53.0,235.0,327.0,252.0,23.0,217.0,3.0,4.0,0.0,0.0,0.0,0.0
2025/12/12,10:01:19,0,49.0,223.0,328.0,251.0,12.0,218.0,3.0,3.0,0.0,0.0,0.0,0.0
2025/12/12,10:01:24,0,50.0,222.0,327.0,252.0,11.0,218.0,3.0,2.0,0.0,0.0,0.0,0.0
2025/12/12,10:01:29,0,47.0,228.0,327.0,252.0,3.0,219.0,1.0,2.0,0.0,0.0,0.0,0.0
2025/12/12,10:01:34,0,49.0,245.0,328.0,251.0,0.0,217.0,0.0,1.0,0.0,0.0,0.0,0.0
2025/12/12,10:01:39,0,51.0,235.0,326.0,251.0,1.0,219.0,1.0,2.0,0.0,0.0,0.0,0.0
2025/12/12,10:01:44,0,46.0,230.0,324.0,252.0,15.0,220.0,2.0,3.0,0.0,0.0,0.0,0.0
2025/12/12,10:01:49,0,49.0,241.0,324.0,252.0,17.0,217.0,3.0,3.0,0.0,0.0,0.0,0.0
2025/12/12,10:01:54,0,49.0,255.0,326.0,253.0,16.0,218.0,4.0,3.0,0.0,0.0,0.0,0.0
2025/12/12,10:01:59,0,45.0,259.0,325.0,250.0,16.0,218.0,4.0,3.0,0.0,0.0,0.0,0.0
2025/12/12,10:02:04,0,47.0,227.0,325.0,252.0,17.0,219.0,4.0,2.0,0.0,0.0,0.0,0.0
2025/12/12,10:02:09,0,48.0,224.0,325.0,252.0,8.0,218.0,3.0,2.0,0.0,0.0,0.0,0.0
2025/12/12,10:02:14,0,48.0,227.0,323.0,252.0,4.0,218.0,1.0,2.0,0.0,0.0,0.0,0.0
2025/12/12,10:02:19,0,47.0,226.0,323.0,252.0,5.0,218.0,1.0,2.0,0.0,0.0,0.0,0.0
2025/12/12,10:02:24,0,49.0,221.0,323.0,252.0,13.0,215.0,2.0,2.0,0.0,0.0,0.0,0.0
2025/12/12,10:02:29,0,49.0,259.0,322.0,252.0,16.0,219.0,4.0,3.0,0.0,0.0,0.0,0.0
2025/12/12,10:02:34,0,49.0,201.0,323.0,252.0,17.0,209.0,3.0,3.0,0.0,0.0,0.0,0.0
2025/12/12,10:02:39,0,47.0,205.0,321.0,252.0,18.0,212.0,3.0,3.0,0.0,0.0,0.0,0.0
2025/12/12,10:02:44,0,49.0,202.0,321.0,252.0,15.0,210.0,4.0,3.0,0.0,0.0,0.0,0.0
2025/12/12,10:02:49,0,50.0,208.0,325.0,251.0,0.0,210.0,1.0,1.0,0.0,0.0,0.0,0.0
2025/12/12,10:02:54,0,48.0,223.0,328.0,250.0,0.0,212.0,1.0,1.0,0.0,0.0,0.0,0.0
2025/12/12,10:02:59,0,50.0,217.0,325.0,252.0,2.0,211.0,1.0,1.0,0.0,0.0,0.0,0.0
2025/12/12,10:03:04,0,51.0,203.0,324.0,252.0,12.0,209.0,2.0,3.0,0.0,0.0,0.0,0.0
2025/12/12,10:03:09,0,45.0,203.0,323.0,252.0,14.0,211.0,3.0,3.0,0.0,0.0,0.0,0.0
2025/12/12,10:03:14,0,44.0,206.0,325.0,250.0,8.0,212.0,2.0,2.0,0.0,0.0,0.0,0.0
2025/12/12,10:03:19,0,45.0,225.0,326.0,250.0,1.0,210.0,2.0,2.0,0.0,0.0,0.0,0.0
2025/12/12,10:03:24,0,42.0,200.0,324.0,251.0,16.0,210.0,4.0,3.0,0.0,0.0,0.0,0.0
2025/12/12,10:03:29,0,46.0,204.0,325.0,252.0,8.0,212.0,3.0,3.0,0.0,0.0,0.0,0.0
2025/12/12,10:03:34,0,45.0,223.0,325.0,252.0,0.0,212.0,1.0,1.0,0.0,0.0,0.0,0.0
2025/12/12,10:03:39,0,48.0,203.0,325.0,251.0,14.0,211.0,3.0,3.0,0.0,0.0,0.0,0.0
2025/12/12,10:03:44,0,40.0,203.0,326.0,250.0,12.0,210.0,3.0,3.0,0.0,0.0,0.0,0.0
2025/12/12,10:03:49,0,44.0,220.0,326.0,252.0,2.0,211.0,2.0,1.0,0.0,0.0,0.0,0.0
2025/12/12,10:03:54,0,45.0,210.0,322.0,252.0,16.0,212.0,4.0,3.0,0.0,0.0,0.0,0.0
2025/12/12,10:03:59,0,43.0,217.0,325.0,252.0,0.0,212.0,1.0,1.0,0.0,0.0,0.0,0.0
2025/12/12,10:04:04,0,45.0,199.0,325.0,252.0,15.0,210.0,3.0,3.0,0.0,0.0,0.0,0.0
2025/12/12,10:04:09,0,43.0,203.0,326.0,252.0,11.0,213.0,2.0,2.0,0.0,0.0,0.0,0.0
2025/12/12,10:04:14,0,44.0,226.0,328.0,251.0,2.0,210.0,2.0,2.0,0.0,0.0,0.0,0.0
2025/12/12,10:04:19,0,44.0,201.0,326.0,251.0,18.0,210.0,4.0,3.0,0.0,0.0,0.0,0.0
2025/12/12,10:04:24,0,43.0,204.0,328.0,252.0,6.0,212.0,2.0,2.0,0.0,0.0,0.0,0.0
2025/12/12,10:04:29,0,42.0,228.0,328.0,253.0,0.0,211.0,1.0,1.0,0.0,0.0,0.0,0.0
2025/12/12,10:04:34,0,44.0,198.0,327.0,252.0,17.0,211.0,3.0,3.0,0.0,0.0,0.0,0.0
2025/12/12,10:04:39,0,46.0,204.0,328.0,252.0,16.0,211.0,4.0,3.0,0.0,0.0,0.0,0.0
2025/12/12,10:04:44,0,43.0,211.0,329.0,252.0,0.0,211.0,1.0,1.0,0.0,0.0,0.0,0.0
2025/12/12,10:04:49,0,39.0,217.0,329.0,252.0,6.0,211.0,3.0,1.0,0.0,0.0,0.0,0.0
2025/12/12,10:04:54,0,42.0,207.0,328.0,252.0,13.0,212.0,3.0,3.0,0.0,0.0,0.0,0.0
2025/12/12,10:04:59,0,43.0,207.0,331.0,253.0,0.0,212.0,1.0,1.0,0.0,0.0,0.0,0.0
2025/12/12,10:05:04,0,43.0,226.0,332.0,251.0,0.0,212.0,1.0,1.0,0.0,0.0,0.0,0.0
2025/12/12,10:05:09,0,44.0,199.0,329.0,252.0,17.0,211.0,3.0,3.0,0.0,0.0,0.0,0.0
2025/12/12,10:05:14,0,44.0,202.0,330.0,253.0,13.0,212.0,3.0,3.0,0.0,0.0,0.0,0.0
2025/12/12,10:05:19,0,43.0,214.0,332.0,252.0,0.0,211.0,1.0,1.0,0.0,0.0,0.0,0.0
2025/12/12,10:05:24,0,37.0,224.0,333.0,253.0,2.0,211.0,1.0,0.0,0.0,0.0,0.0,0.0
2025/12/12,10:05:29,0,39.0,198.0,332.0,252.0,16.0,211.0,3.0,3.0,0.0,0.0,0.0,0.0
2025/12/12,10:05:34,0,43.0,210.0,329.0,252.0,15.0,212.0,3.0,3.0,0.0,0.0,0.0,0.0
2025/12/12,10:05:39,0,44.0,206.0,331.0,252.0,5.0,212.0,1.0,2.0,0.0,0.0,0.0,0.0
2025/12/12,10:05:44,0,43.0,217.0,333.0,252.0,0.0,212.0,0.0,1.0,0.0,0.0,0.0,0.0
2025/12/12,10:05:49,0,43.0,222.0,335.0,252.0,2.0,212.0,1.0,1.0,0.0,0.0,0.0,0.0
2025/12/12,10:05:54,0,50.0,209.0,332.0,252.0,7.0,212.0,1.0,2.0,0.0,0.0,0.0,0.0
2025/12/12,10:05:59,0,43.0,196.0,334.0,252.0,18.0,211.0,3.0,3.0,0.0,0.0,0.0,0.0
2025/12/12,10:06:04,0,42.0,209.0,333.0,252.0,16.0,212.0,3.0,3.0,0.0,0.0,0.0,0.0
2025/12/12,10:06:09,0,42.0,205.0,335.0,252.0,4.0,213.0,1.0,1.0,0.0,0.0,0.0,0.0
2025/12/12,10:06:14,0,42.0,225.0,336.0,251.0,0.0,213.0,1.0,1.0,0.0,0.0,0.0,0.0
2025/12/12,10:06:19,0,44.0,207.0,335.0,252.0,15.0,212.0,2.0,3.0,0.0,0.0,0.0,0.0
2025/12/12,10:06:24,0,43.0,217.0,338.0,252.0,0.0,212.0,1.0,1.0,0.0,0.0,0.0,0.0
2025/12/12,10:06:29,0,44.0,202.0,335.0,252.0,16.0,210.0,3.0,3.0,0.0,0.0,0.0,0.0
2025/12/12,10:06:34,0,45.0,218.0,338.0,251.0,1.0,211.0,2.0,1.0,0.0,0.0,0.0,0.0
2025/12/12,10:06:39,0,44.0,207.0,337.0,252.0,15.0,213.0,3.0,3.0,0.0,0.0,0.0,0.0
2025/12/12,10:07:45,0,42.0,207.0,342.0,252.0,19.0,212.0,3.0,3.0,0.0,0.0,0.0,0.0
2025/12/12,10:07:49,0,42.0,201.0,341.0,251.0,17.0,211.0,3.0,4.0,0.0,0.0,0.0,0.0
2025/12/12,10:07:54,0,43.0,230.0,343.0,252.0,1.0,212.0,2.0,1.0,0.0,0.0,0.0,0.0
2025/12/12,10:07:59,0,44.0,204.0,340.0,252.0,11.0,213.0,2.0,2.0,0.0,0.0,0.0,0.0
2025/12/12,10:08:04,0,42.0,207.0,339.0,253.0,14.0,213.0,3.0,3.0,0.0,0.0,0.0,0.0
2025/12/12,10:08:09,0,40.0,207.0,343.0,252.0,0.0,210.0,1.0,1.0,0.0,0.0,0.0,0.0
2025/12/12,10:08:14,0,39.0,199.0,342.0,251.0,15.0,212.0,2.0,3.0,0.0,0.0,0.0,0.0
2025/12/12,10:08:19,0,42.0,208.0,344.0,251.0,0.0,212.0,0.0,1.0,0.0,0.0,0.0,0.0
2025/12/12,10:08:24,0,41.0,201.0,343.0,252.0,16.0,211.0,4.0,3.0,0.0,0.0,0.0,0.0
2025/12/12,10:08:29,0,42.0,217.0,344.0,252.0,0.0,212.0,2.0,1.0,0.0,0.0,0.0,0.0
2025/12/12,10:08:34,0,42.0,208.0,342.0,252.0,15.0,213.0,3.0,3.0,0.0,0.0,0.0,0.0
2025/12/12,10:08:39,0,42.0,220.0,343.0,252.0,1.0,213.0,2.0,1.0,0.0,0.0,0.0,0.0
2025/12/12,10:08:44,0,45.0,201.0,341.0,253.0,18.0,212.0,4.0,3.0,0.0,0.0,0.0,0.0
2025/12/12,10:08:49,0,44.0,210.0,343.0,252.0,14.0,212.0,3.0,3.0,0.0,0.0,0.0,0.0
2025/12/12,10:08:54,0,39.0,205.0,343.0,252.0,8.0,213.0,2.0,2.0,0.0,0.0,0.0,0.0
2025/12/12,10:08:59,0,43.0,218.0,344.0,252.0,1.0,212.0,2.0,1.0,0.0,0.0,0.0,0.0
2025/12/12,10:09:04,0,39.0,214.0,343.0,252.0,4.0,212.0,2.0,2.0,0.0,0.0,0.0,0.0
2025/12/12,10:09:09,0,43.0,205.0,342.0,252.0,16.0,211.0,3.0,3.0,0.0,0.0,0.0,0.0
2025/12/12,10:09:14,0,46.0,205.0,342.0,252.0,9.0,212.0,2.0,2.0,0.0,0.0,0.0,0.0
2025/12/12,10:09:19,0,44.0,220.0,344.0,253.0,2.0,212.0,0.0,1.0,0.0,0.0,0.0,0.0
2025/12/12,10:09:24,0,51.0,214.0,343.0,252.0,6.0,212.0,1.0,2.0,0.0,0.0,0.0,0.0
2025/12/12,10:09:29,0,45.0,203.0,341.0,252.0,15.0,212.0,2.0,3.0,0.0,0.0,0.0,0.0
2025/12/12,10:09:34,0,48.0,203.0,342.0,251.0,12.0,211.0,3.0,3.0,0.0,0.0,0.0,0.0
2025/12/12,10:09:39,0,44.0,216.0,342.0,252.0,0.0,211.0,2.0,1.0,0.0,0.0,0.0,0.0
2025/12/12,10:09:44,0,44.0,219.0,342.0,252.0,0.0,213.0,1.0,1.0,0.0,0.0,0.0,0.0
2025/12/12,10:09:49,0,45.0,200.0,340.0,252.0,16.0,212.0,2.0,3.0,0.0,0.0,0.0,0.0
2025/12/12,10:09:54,0,43.0,203.0,341.0,252.0,11.0,212.0,3.0,3.0,0.0,0.0,0.0,0.0
2025/12/12,10:09:59,0,44.0,201.0,340.0,251.0,15.0,211.0,4.0,3.0,0.0,0.0,0.0,0.0
2025/12/12,10:10:04,0,43.0,201.0,340.0,251.0,15.0,211.0,3.0,3.0,0.0,0.0,0.0,0.0
2025/12/12,10:10:09,0,41.0,206.0,342.0,251.0,0.0,212.0,1.0,1.0,0.0,0.0,0.0,0.0
2025/12/12,10:10:14,0,40.0,217.0,342.0,251.0,0.0,213.0,2.0,1.0,0.0,0.0,0.0,0.0
2025/12/12,10:10:19,0,44.0,204.0,339.0,252.0,16.0,211.0,3.0,3.0,0.0,0.0,0.0,0.0
2025/12/12,10:10:24,0,43.0,204.0,341.0,252.0,5.0,213.0,1.0,2.0,0.0,0.0,0.0,0.0
2025/12/12,10:10:29,0,42.0,221.0,341.0,252.0,2.0,213.0,1.0,2.0,0.0,0.0,0.0,0.0
2025/12/12,10:10:34,0,43.0,207.0,339.0,252.0,13.0,211.0,3.0,3.0,0.0,0.0,0.0,0.0
2025/12/12,10:10:39,0,43.0,223.0,340.0,252.0,0.0,212.0,1.0,1.0,0.0,0.0,0.0,0.0
2025/12/12,10:10:44,0,42.0,203.0,337.0,253.0,16.0,212.0,2.0,3.0,0.0,0.0,0.0,0.0
2025/12/12,10:10:49,0,42.0,214.0,340.0,252.0,1.0,212.0,1.0,1.0,0.0,0.0,0.0,0.0
2025/12/12,10:10:54,0,43.0,201.0,338.0,252.0,16.0,213.0,3.0,3.0,0.0,0.0,0.0,0.0
2025/12/12,10:10:59,0,41.0,214.0,340.0,252.0,0.0,211.0,2.0,1.0,0.0,0.0,0.0,0.0
2025/12/12,10:11:04,0,42.0,196.0,337.0,252.0,15.0,212.0,2.0,3.0,0.0,0.0,0.0,0.0
2025/12/12,10:11:09,0,43.0,209.0,340.0,253.0,0.0,211.0,2.0,1.0,0.0,0.0,0.0,0.0
2025/12/12,10:11:14,0,44.0,197.0,336.0,252.0,17.0,212.0,4.0,3.0,0.0,0.0,0.0,0.0
2025/12/12,10:11:19,0,44.0,209.0,338.0,253.0,0.0,213.0,1.0,1.0,0.0,0.0,0.0,0.0
2025/12/12,10:11:24,0,45.0,198.0,334.0,252.0,16.0,211.0,3.0,3.0,0.0,0.0,0.0,0.0
2025/12/12,10:11:29,0,44.0,214.0,339.0,253.0,1.0,210.0,2.0,1.0,0.0,0.0,0.0,0.0
2025/12/12,10:11:34,0,44.0,203.0,337.0,253.0,14.0,212.0,3.0,3.0,0.0,0.0,0.0,0.0
2025/12/12,10:11:39,0,45.0,225.0,339.0,252.0,1.0,213.0,2.0,2.0,0.0,0.0,0.0,0.0
2025/12/12,10:11:44,0,48.0,200.0,337.0,252.0,14.0,212.0,3.0,3.0,0.0,0.0,0.0,0.0
2025/12/12,10:11:49,0,45.0,217.0,339.0,252.0,2.0,212.0,3.0,1.0,0.0,0.0,0.0,0.0
2025/12/12,10:11:54,0,43.0,200.0,338.0,253.0,13.0,212.0,3.0,3.0,0.0,0.0,0.0,0.0
2025/12/12,10:11:59,0,47.0,226.0,339.0,253.0,1.0,213.0,2.0,1.0,0.0,0.0,0.0,0.0
2025/12/12,10:12:04,0,47.0,203.0,335.0,252.0,16.0,211.0,4.0,3.0,0.0,0.0,0.0,0.0
2025/12/12,10:12:09,0,45.0,212.0,338.0,252.0,0.0,212.0,1.0,1.0,0.0,0.0,0.0,0.0
2025/12/12,10:12:14,0,46.0,203.0,338.0,251.0,14.0,211.0,3.0,3.0,0.0,0.0,0.0,0.0
2025/12/12,10:12:19,0,47.0,202.0,337.0,252.0,12.0,212.0,3.0,3.0,0.0,0.0,0.0,0.0
2025/12/12,10:12:24,0,49.0,226.0,338.0,253.0,0.0,211.0,2.0,1.0,0.0,0.0,0.0,0.0
2025/12/12,10:12:29,0,53.0,200.0,337.0,252.0,15.0,212.0,3.0,3.0,0.0,0.0,0.0,0.0
2025/12/12,10:12:34,0,54.0,210.0,337.0,252.0,14.0,212.0,3.0,3.0,0.0,0.0,0.0,0.0
2025/12/12,10:12:39,0,45.0,207.0,338.0,252.0,1.0,212.0,1.0,1.0,0.0,0.0,0.0,0.0
2025/12/12,10:12:44,0,47.0,227.0,339.0,253.0,2.0,212.0,1.0,1.0,0.0,0.0,0.0,0.0
2025/12/12,10:12:49,0,46.0,203.0,338.0,252.0,12.0,213.0,2.0,3.0,0.0,0.0,0.0,0.0
2025/12/12,10:12:54,0,47.0,206.0,338.0,252.0,14.0,212.0,3.0,4.0,0.0,0.0,0.0,0.0
2025/12/12,10:12:59,0,45.0,201.0,338.0,252.0,11.0,212.0,3.0,3.0,0.0,0.0,0.0,0.0
2025/12/12,10:13:04,0,46.0,212.0,339.0,253.0,1.0,213.0,2.0,1.0,0.0,0.0,0.0,0.0
2025/12/12,10:13:09,0,46.0,220.0,337.0,253.0,2.0,213.0,1.0,1.0,0.0,0.0,0.0,0.0
2025/12/12,10:13:14,0,47.0,198.0,337.0,252.0,17.0,212.0,3.0,3.0,0.0,0.0,0.0,0.0
2025/12/12,10:13:19,0,48.0,200.0,339.0,252.0,16.0,212.0,3.0,3.0,0.0,0.0,0.0,0.0
2025/12/12,10:13:24,0,44.0,211.0,341.0,252.0,1.0,212.0,2.0,1.0,0.0,0.0,0.0,0.0
2025/12/12,10:13:29,0,47.0,216.0,340.0,252.0,3.0,213.0,1.0,1.0,0.0,0.0,0.0,0.0
2025/12/12,10:13:34,0,45.0,201.0,337.0,252.0,16.0,211.0,3.0,3.0,0.0,0.0,0.0,0.0
2025/12/12,10:13:39,0,46.0,202.0,338.0,253.0,13.0,212.0,3.0,3.0,0.0,0.0,0.0,0.0
2025/12/12,10:13:44,0,45.0,212.0,341.0,253.0,0.0,211.0,2.0,1.0,0.0,0.0,0.0,0.0
2025/12/12,10:13:49,0,42.0,226.0,341.0,251.0,3.0,211.0,2.0,1.0,0.0,0.0,0.0,0.0
2025/12/12,10:13:54,0,47.0,211.0,340.0,253.0,10.0,212.0,3.0,2.0,0.0,0.0,0.0,0.0
2025/12/12,10:13:59,0,45.0,205.0,337.0,253.0,17.0,213.0,3.0,3.0,0.0,0.0,0.0,0.0
2025/12/12,10:14:04,0,42.0,202.0,339.0,252.0,8.0,212.0,2.0,2.0,0.0,0.0,0.0,0.0
2025/12/12,10:14:09,0,45.0,222.0,340.0,253.0,0.0,212.0,2.0,1.0,0.0,0.0,0.0,0.0
2025/12/12,10:14:14,0,45.0,203.0,339.0,252.0,14.0,212.0,4.0,2.0,0.0,0.0,0.0,0.0
2025/12/12,10:14:19,0,45.0,210.0,338.0,252.0,16.0,212.0,4.0,3.0,0.0,0.0,0.0,0.0
2025/12/12,10:14:24,0,46.0,209.0,340.0,252.0,2.0,213.0,1.0,1.0,0.0,0.0,0.0,0.0
2025/12/12,10:14:29,0,46.0,197.0,339.0,251.0,21.0,212.0,3.0,3.0,0.0,0.0,0.0,0.0
2025/12/12,10:14:34,0,46.0,210.0,340.0,252.0,0.0,212.0,1.0,1.0,0.0,0.0,0.0,0.0
2025/12/12,10:14:39,0,47.0,199.0,339.0,253.0,16.0,212.0,2.0,3.0,0.0,0.0,0.0,0.0
2025/12/12,10:14:44,0,44.0,213.0,339.0,252.0,1.0,212.0,2.0,1.0,0.0,0.0,0.0,-0.0008
2025/12/12,10:14:49,0,45.0,197.0,337.0,253.0,16.0,213.0,3.0,3.0,0.0,0.0,0.0,0.0
2025/12/12,10:14:54,0,46.0,213.0,339.0,253.0,1.0,213.0,2.0,1.0,0.0,0.0,0.0,0.0
2025/12/12,10:14:59,0,46.0,202.0,335.0,253.0,16.0,213.0,4.0,3.0,0.0,0.0,0.0,0.0
2025/12/12,10:15:04,0,46.0,225.0,339.0,253.0,1.0,212.0,1.0,1.0,0.0,0.0,0.0,0.0
2025/12/12,10:15:09,0,47.0,200.0,338.0,252.0,13.0,212.0,2.0,3.0,0.0,0.0,0.0,0.0
2025/12/12,10:15:14,0,47.0,201.0,338.0,252.0,14.0,213.0,3.0,3.0,0.0,0.0,0.0,0.0
2025/12/12,10:15:19,0,46.0,215.0,340.0,253.0,0.0,211.0,2.0,1.0,0.0,0.0,0.0,0.0
2025/12/12,10:15:24,0,44.0,210.0,338.0,252.0,12.0,213.0,3.0,3.0,0.0,0.0,0.0,0.0
2025/12/12,10:15:29,0,46.0,212.0,339.0,252.0,6.0,211.0,3.0,2.0,0.0,0.0,0.0,0.0
2025/12/12,10:15:34,0,46.0,220.0,338.0,253.0,0.0,212.0,1.0,1.0,0.0,0.0,0.0,0.0
2025/12/12,10:15:39,0,44.0,205.0,339.0,253.0,3.0,213.0,0.0,1.0,0.0,0.0,0.0,0.0
2025/12/12,10:15:44,0,47.0,200.0,338.0,252.0,14.0,212.0,3.0,3.0,0.0,0.0,0.0,0.0
2025/12/12,10:15:49,0,44.0,207.0,338.0,252.0,16.0,212.0,3.0,3.0,0.0,0.0,0.0,0.0
2025/12/12,10:15:54,0,46.0,199.0,336.0,253.0,16.0,213.0,3.0,3.0,0.0,0.0,0.0,0.0
2025/12/12,10:15:59,0,46.0,199.0,339.0,253.0,18.0,212.0,3.0,4.0,0.0,0.0,0.0,0.0
2025/12/12,10:16:04,0,50.0,219.0,340.0,253.0,1.0,213.0,1.0,1.0,0.0,0.0,0.0,0.0
2025/12/12,10:16:09,0,47.0,212.0,340.0,251.0,0.0,213.0,1.0,1.0,0.0,0.0,0.0,0.0
2025/12/12,10:16:14,0,48.0,210.0,339.0,253.0,15.0,211.0,3.0,2.0,0.0,0.0,0.0,0.0
2025/12/12,10:16:19,0,48.0,220.0,340.0,252.0,2.0,211.0,2.0,1.0,0.0,0.0,0.0,0.0
2025/12/12,10:16:24,0,48.0,204.0,340.0,252.0,5.0,213.0,2.0,2.0,0.0,0.0,0.0,0.0
2025/12/12,10:16:29,0,48.0,200.0,339.0,253.0,17.0,211.0,4.0,3.0,0.0,0.0,0.0,0.0
2025/12/12,10:16:34,0,50.0,228.0,342.0,250.0,1.0,212.0,2.0,1.0,0.0,0.0,0.0,0.0
2025/12/12,10:16:39,0,48.0,208.0,341.0,253.0,0.0,212.0,1.0,0.0,0.0,0.0,0.0,0.0
2025/12/12,10:16:44,0,48.0,203.0,340.0,253.0,8.0,212.0,1.0,1.0,0.0,0.0,0.0,0.0
2025/12/12,10:16:49,0,48.0,199.0,337.0,253.0,14.0,213.0,2.0,3.0,0.0,0.0,0.0,0.0
2025/12/12,10:17:02,0,47.0,203.0,339.0,253.0,16.0,212.0,3.0,3.0,0.0,0.0,0.0,0.0
2025/12/12,10:17:06,0,48.0,205.0,340.0,253.0,16.0,212.0,2.0,3.0,0.0,0.0,0.0,0.0
2025/12/12,10:17:11,0,47.0,209.0,340.0,253.0,9.0,213.0,2.0,3.0,0.0,0.0,0.0,0.0
2025/12/12,10:17:16,0,48.0,220.0,341.0,253.0,1.0,212.0,2.0,1.0,0.0,0.0,0.0,0.0
2025/12/12,10:17:21,0,48.0,204.0,339.0,253.0,8.0,213.0,2.0,2.0,0.0,0.0,0.0,0.0
2025/12/12,10:17:26,0,47.0,205.0,338.0,253.0,16.0,213.0,3.0,3.0,0.0,0.0,0.0,0.0
2025/12/12,10:17:31,0,48.0,197.0,337.0,253.0,15.0,211.0,4.0,3.0,0.0,0.0,0.0,0.0
2025/12/12,10:17:36,0,49.0,210.0,340.0,253.0,9.0,213.0,2.0,2.0,0.0,0.0,0.0,0.0
2025/12/12,10:17:41,0,49.0,215.0,341.0,253.0,3.0,211.0,2.0,1.0,0.0,0.0,0.0,0.0
2025/12/12,10:17:46,0,46.0,220.0,341.0,253.0,0.0,212.0,1.0,1.0,0.0,0.0,0.0,0.0
2025/12/12,10:17:51,0,47.0,218.0,341.0,252.0,4.0,211.0,1.0,1.0,0.0,0.0,0.0,0.0
2025/12/12,10:17:56,0,47.0,201.0,341.0,253.0,16.0,212.0,3.0,3.0,0.0,0.0,0.0,0.0
2025/12/12,10:18:01,0,48.0,201.0,339.0,252.0,13.0,212.0,2.0,3.0,0.0,0.0,0.0,0.0
2025/12/12,10:18:06,0,48.0,218.0,341.0,252.0,0.0,212.0,1.0,1.0,0.0,0.0,0.0,0.0
2025/12/12,10:18:11,0,48.0,197.0,339.0,253.0,18.0,213.0,3.0,4.0,0.0,0.0,0.0,0.0
2025/12/12,10:18:16,0,47.0,203.0,339.0,253.0,11.0,212.0,2.0,3.0,0.0,0.0,0.0,0.0
2025/12/12,10:18:21,0,48.0,223.0,342.0,252.0,1.0,210.0,1.0,1.0,0.0,0.0,0.0,0.0
2025/12/12,10:18:26,0,48.0,211.0,340.0,253.0,14.0,211.0,3.0,3.0,0.0,0.0,0.0,0.0
2025/12/12,10:18:31,0,47.0,216.0,341.0,253.0,0.0,213.0,1.0,1.0,0.0,0.0,0.0,0.0
2025/12/12,10:18:36,0,46.0,213.0,340.0,253.0,6.0,213.0,2.0,2.0,0.0,0.0,0.0,0.0
2025/12/12,10:18:41,0,46.0,202.0,337.0,253.0,17.0,213.0,3.0,3.0,0.0,0.0,0.0,0.0
2025/12/12,10:18:46,0,47.0,202.0,339.0,253.0,14.0,212.0,3.0,3.0,0.0,0.0,0.0,0.0
2025/12/12,10:18:51,0,48.0,202.0,339.0,253.0,11.0,213.0,3.0,3.0,0.0,0.0,0.0,0.0
2025/12/12,10:18:56,0,47.0,206.0,339.0,253.0,4.0,213.0,1.0,2.0,0.0,0.0,0.0,0.0
2025/12/12,10:19:01,0,48.0,212.0,341.0,252.0,0.0,211.0,1.0,1.0,0.0,0.0,0.0,0.0
2025/12/12,10:19:06,0,47.0,223.0,342.0,252.0,0.0,213.0,1.0,1.0,0.0,0.0,0.0,0.0
2025/12/12,10:19:11,0,44.0,218.0,341.0,253.0,2.0,212.0,1.0,1.0,0.0,0.0,0.0,0.0
2025/12/12,10:19:16,0,47.0,217.0,340.0,252.0,3.0,213.0,1.0,1.0,0.0,0.0,0.0,0.0
2025/12/12,10:19:21,0,47.0,225.0,341.0,252.0,0.0,213.0,1.0,0.0,0.0,0.0,0.0,0.0
2025/12/12,10:19:26,0,45.0,205.0,340.0,251.0,16.0,212.0,2.0,3.0,0.0,0.0,0.0,0.0
2025/12/12,10:19:31,0,45.0,224.0,341.0,252.0,1.0,213.0,2.0,1.0,0.0,0.0,0.0,0.0
2025/12/12,10:19:36,0,44.0,207.0,340.0,253.0,15.0,213.0,3.0,3.0,0.0,0.0,0.0,0.0
2025/12/12,10:19:41,0,44.0,225.0,339.0,253.0,2.0,213.0,1.0,1.0,0.0,0.0,0.0,0.0
2025/12/12,10:19:46,0,43.0,210.0,342.0,253.0,0.0,212.0,0.0,0.0,0.0,0.0,0.0,0.0
2025/12/12,10:19:51,0,44.0,201.0,340.0,253.0,12.0,212.0,3.0,2.0,0.0,0.0,0.0,0.0
2025/12/12,10:19:56,0,43.0,203.0,340.0,252.0,15.0,211.0,4.0,3.0,0.0,0.0,0.0,0.0
2025/12/12,10:20:01,0,42.0,214.0,342.0,254.0,7.0,213.0,1.0,2.0,0.0,0.0,0.0,0.0
2025/12/12,10:20:06,0,43.0,216.0,341.0,253.0,0.0,212.0,0.0,1.0,0.0,0.0,0.0,0.0
2025/12/12,10:20:11,0,42.0,219.0,340.0,253.0,0.0,213.0,1.0,1.0,0.0,0.0,0.0,0.0
2025/12/12,10:20:16,0,42.0,214.0,341.0,252.0,1.0,211.0,1.0,1.0,0.0,0.0,0.0,0.0
2025/12/12,10:20:21,0,42.0,199.0,339.0,253.0,15.0,213.0,2.0,3.0,0.0,0.0,0.0,0.0
2025/12/12,10:20:26,0,42.0,202.0,335.0,253.0,14.0,213.0,5.0,3.0,0.0,0.0,0.0,0.0
2025/12/12,10:20:31,0,41.0,196.0,336.0,253.0,17.0,214.0,4.0,3.0,0.0,0.0,0.0,0.0
2025/12/12,10:20:36,0,42.0,203.0,338.0,252.0,16.0,212.0,3.0,3.0,0.0,0.0,0.0,0.0
2025/12/12,10:20:41,0,42.0,204.0,333.0,253.0,15.0,214.0,4.0,3.0,0.0,0.0,0.0,0.0
2025/12/12,10:20:46,0,39.0,204.0,338.0,254.0,6.0,211.0,2.0,2.0,0.0,0.0,0.0,0.0
2025/12/12,10:20:51,0,41.0,211.0,338.0,253.0,0.0,212.0,1.0,1.0,0.0,0.0,0.0,0.0
2025/12/12,10:20:56,0,39.0,222.0,338.0,253.0,1.0,213.0,1.0,1.0,0.0,0.0,0.0,0.0
2025/12/12,10:21:01,0,42.0,226.0,338.0,252.0,0.0,213.0,1.0,1.0,0.0,0.0,0.0,0.0
2025/12/12,10:21:06,0,43.0,225.0,336.0,253.0,0.0,213.0,0.0,0.0,0.0,0.0,0.0,0.0
2025/12/12,10:21:11,0,38.0,227.0,335.0,253.0,2.0,213.0,2.0,1.0,0.0,0.0,0.0,0.0
2025/12/12,10:21:16,0,40.0,216.0,337.0,251.0,0.0,212.0,2.0,1.0,0.0,0.0,0.0,0.0
2025/12/12,10:21:21,0,43.0,203.0,334.0,253.0,15.0,213.0,4.0,3.0,0.0,0.0,0.0,0.0
2025/12/12,10:21:26,0,44.0,218.0,334.0,253.0,3.0,214.0,2.0,1.0,0.0,0.0,0.0,0.0
2025/12/12,10:21:31,0,40.0,199.0,333.0,253.0,13.0,213.0,3.0,3.0,0.0,0.0,0.0,0.0
2025/12/12,10:21:36,0,39.0,220.0,332.0,253.0,2.0,213.0,1.0,1.0,0.0,0.0,0.0,0.0
2025/12/12,10:21:41,0,40.0,203.0,333.0,253.0,11.0,213.0,2.0,3.0,0.0,0.0,0.0,0.0
2025/12/12,10:21:46,0,41.0,214.0,333.0,252.0,5.0,214.0,2.0,1.0,0.0,0.0,0.0,0.0
2025/12/12,10:21:51,0,41.0,205.0,332.0,253.0,7.0,214.0,3.0,2.0,0.0,0.0,0.0,0.0
2025/12/12,10:21:56,0,41.0,202.0,332.0,253.0,14.0,213.0,3.0,3.0,0.0,0.0,0.0,0.0
2025/12/12,10:22:01,0,39.0,213.0,333.0,253.0,0.0,212.0,1.0,1.0,0.0,0.0,0.0,0.0
2025/12/12,10:22:06,0,40.0,205.0,331.0,252.0,16.0,213.0,2.0,3.0,0.0,0.0,0.0,0.0
2025/12/12,10:22:11,0,45.0,227.0,332.0,253.0,0.0,212.0,1.0,1.0,0.0,0.0,0.0,0.0
2025/12/12,10:22:16,0,42.0,201.0,327.0,253.0,16.0,214.0,3.0,3.0,0.0,0.0,0.0,0.0
2025/12/12,10:22:21,0,42.0,211.0,329.0,253.0,10.0,214.0,3.0,2.0,0.0,0.0,0.0,0.0
2025/12/12,10:22:26,0,41.0,216.0,331.0,253.0,1.0,213.0,1.0,1.0,0.0,0.0,0.0,0.0
2025/12/12,10:22:31,0,41.0,201.0,330.0,253.0,12.0,213.0,2.0,3.0,0.0,0.0,0.0,0.0
2025/12/12,10:22:36,0,44.0,202.0,329.0,252.0,15.0,212.0,3.0,3.0,0.0,0.0,0.0,0.0
2025/12/12,10:22:41,0,45.0,195.0,334.0,253.0,15.0,213.0,3.0,4.0,0.0,0.0,0.0,0.0
2025/12/12,10:22:46,0,45.0,198.0,329.0,253.0,17.0,212.0,4.0,3.0,0.0,0.0,0.0,0.0
2025/12/12,10:22:51,0,44.0,199.0,330.0,253.0,17.0,214.0,4.0,3.0,0.0,0.0,0.0,0.0
2025/12/12,10:22:56,0,44.0,200.0,329.0,253.0,16.0,213.0,3.0,3.0,0.0,0.0,0.0,0.0
2025/12/12,10:23:01,0,43.0,206.0,330.0,254.0,12.0,212.0,3.0,3.0,0.0,0.0,0.0,0.0
2025/12/12,10:23:06,0,44.0,230.0,329.0,253.0,2.0,213.0,1.0,1.0,0.0,0.0,0.0,0.0
2025/12/12,10:23:11,0,45.0,203.0,330.0,253.0,11.0,212.0,2.0,2.0,0.0,0.0,0.0,0.0
2025/12/12,10:23:16,0,45.0,196.0,328.0,253.0,17.0,213.0,3.0,4.0,0.0,0.0,0.0,0.0
2025/12/12,10:23:21,0,46.0,222.0,332.0,252.0,1.0,212.0,1.0,1.0,0.0,0.0,0.0,0.0
2025/12/12,10:23:26,0,46.0,201.0,328.0,253.0,17.0,213.0,2.0,3.0,0.0,0.0,0.0,0.0
2025/12/12,10:23:31,0,45.0,211.0,328.0,253.0,9.0,213.0,2.0,2.0,0.0,0.0,0.0,0.0
2025/12/12,10:23:36,0,47.0,212.0,330.0,252.0,0.0,213.0,1.0,1.0,0.0,0.0,0.0,0.0
2025/12/12,10:23:41,0,46.0,211.0,330.0,253.0,16.0,213.0,3.0,3.0,0.0,0.0,0.0,0.0
2025/12/12,10:23:46,0,48.0,220.0,329.0,253.0,3.0,213.0,1.0,1.0,0.0,0.0,0.0,0.0
2025/12/12,10:23:51,0,48.0,206.0,331.0,254.0,4.0,213.0,0.0,0.0,0.0,0.0,0.0,0.0
2025/12/12,10:23:56,0,46.0,204.0,329.0,253.0,16.0,213.0,3.0,3.0,0.0,0.0,0.0,0.0
2025/12/12,10:24:01,0,41.0,218.0,330.0,253.0,2.0,213.0,1.0,1.0,0.0,0.0,0.0,0.0
2025/12/12,10:24:06,0,45.0,211.0,330.0,253.0,1.0,213.0,0.0,1.0,0.0,0.0,0.0,0.0
2025/12/12,10:24:11,0,45.0,211.0,329.0,253.0,14.0,213.0,3.0,3.0,0.0,0.0,0.0,0.0
2025/12/12,10:24:16,0,42.0,215.0,331.0,253.0,5.0,213.0,2.0,1.0,0.0,0.0,0.0,0.0
2025/12/12,10:24:21,0,48.0,207.0,331.0,253.0,3.0,213.0,2.0,1.0,0.0,0.0,0.0,0.0
2025/12/12,10:24:26,0,45.0,199.0,330.0,253.0,16.0,213.0,3.0,3.0,0.0,0.0,0.0,0.0
2025/12/12,10:24:31,0,46.0,218.0,332.0,252.0,0.0,214.0,2.0,1.0,0.0,0.0,0.0,0.0
2025/12/12,10:24:36,0,46.0,211.0,329.0,253.0,15.0,213.0,2.0,3.0,0.0,0.0,0.0,0.0
2025/12/12,10:24:41,0,46.0,215.0,331.0,253.0,4.0,212.0,2.0,3.0,0.0,0.0,0.0,0.0
2025/12/12,10:24:46,0,46.0,210.0,331.0,254.0,0.0,213.0,1.0,1.0,0.0,0.0,0.0,0.0
2025/12/12,10:24:51,0,45.0,203.0,327.0,253.0,17.0,212.0,3.0,3.0,0.0,0.0,0.0,0.0
2025/12/12,10:24:56,0,46.0,226.0,330.0,253.0,2.0,214.0,3.0,1.0,0.0,0.0,0.0,0.0
2025/12/12,10:25:01,0,46.0,205.0,328.0,253.0,18.0,212.0,3.0,3.0,0.0,0.0,0.0,0.0
2025/12/12,10:25:06,0,46.0,212.0,330.0,253.0,6.0,212.0,2.0,2.0,0.0,0.0,0.0,0.0
2025/12/12,10:25:11,0,45.0,213.0,331.0,253.0,1.0,213.0,1.0,1.0,0.0,0.0,0.0,0.0
2025/12/12,10:25:16,0,45.0,203.0,327.0,253.0,16.0,214.0,3.0,4.0,0.0,0.0,0.0,0.0
2025/12/12,10:25:21,0,44.0,198.0,329.0,252.0,15.0,213.0,3.0,4.0,0.0,0.0,0.0,0.0
2025/12/12,10:25:26,0,42.0,226.0,332.0,251.0,1.0,212.0,1.0,1.0,0.0,0.0,0.0,0.0
2025/12/12,10:25:31,0,45.0,208.0,330.0,253.0,0.0,214.0,1.0,0.0,0.0,0.0,0.0,0.0
2025/12/12,10:25:36,0,47.0,211.0,329.0,252.0,14.0,212.0,3.0,3.0,0.0,0.0,0.0,0.0
2025/12/12,10:25:41,0,48.0,218.0,330.0,253.0,3.0,213.0,1.0,1.0,0.0,0.0,0.0,0.0
2025/12/12,10:25:46,0,43.0,205.0,330.0,250.0,2.0,212.0,1.0,1.0,0.0,0.0,0.0,0.0
2025/12/12,10:25:51,0,45.0,198.0,328.0,253.0,17.0,211.0,3.0,3.0,0.0,0.0,0.0,0.0
2025/12/12,10:25:56,0,44.0,226.0,329.0,253.0,1.0,213.0,1.0,1.0,0.0,0.0,0.0,0.0
2025/12/12,10:26:01,0,44.0,203.0,328.0,253.0,13.0,212.0,2.0,3.0,0.0,0.0,0.0,0.0
2025/12/12,10:26:06,0,45.0,210.0,326.0,253.0,17.0,213.0,3.0,3.0,0.0,0.0,0.0,0.0
2025/12/12,10:26:11,0,45.0,209.0,330.0,251.0,0.0,212.0,1.0,1.0,0.0,0.0,0.0,0.0
2025/12/12,10:26:16,0,46.0,198.0,324.0,253.0,17.0,213.0,3.0,3.0,0.0,0.0,0.0,0.0
2025/12/12,10:26:21,0,45.0,212.0,329.0,253.0,0.0,212.0,2.0,1.0,0.0,0.0,0.0,0.0
2025/12/12,10:26:26,0,44.0,201.0,327.0,253.0,17.0,213.0,4.0,4.0,0.0,0.0,0.0,0.0
2025/12/12,10:26:31,0,44.0,223.0,328.0,253.0,1.0,213.0,1.0,1.0,0.0,0.0,0.0,0.0
2025/12/12,10:26:36,0,46.0,205.0,326.0,253.0,14.0,213.0,2.0,3.0,0.0,0.0,0.0,0.0
2025/12/12,10:26:41,0,45.0,211.0,327.0,253.0,6.0,213.0,3.0,2.0,0.0,0.0,0.0,0.0
2025/12/12,10:26:46,0,47.0,212.0,327.0,253.0,0.0,213.0,1.0,1.0,0.0,0.0,0.0,0.0
2025/12/12,10:26:51,0,47.0,211.0,325.0,253.0,14.0,212.0,3.0,3.0,0.0,0.0,0.0,0.0
2025/12/12,10:26:56,0,47.0,217.0,327.0,253.0,3.0,212.0,2.0,2.0,0.0,0.0,0.0,0.0
2025/12/12,10:27:01,0,48.0,208.0,327.0,253.0,0.0,211.0,0.0,1.0,0.0,0.0,0.0,0.0
2025/12/12,10:27:31,0,47.0,209.0,325.0,253.0,6.0,213.0,1.0,2.0,0.0,0.0,0.0,0.0
2025/12/12,10:27:35,0,49.0,206.0,325.0,254.0,5.0,213.0,1.0,2.0,0.0,0.0,0.0,0.0
2025/12/12,10:27:40,0,46.0,199.0,326.0,252.0,16.0,212.0,3.0,3.0,0.0,0.0,0.0,0.0
2025/12/12,10:27:45,0,47.0,221.0,327.0,254.0,0.0,212.0,1.0,1.0,0.0,0.0,0.0,0.0
2025/12/12,10:27:50,0,48.0,204.0,327.0,253.0,12.0,212.0,2.0,2.0,0.0,0.0,0.0,0.0
2025/12/12,10:27:55,0,46.0,207.0,326.0,252.0,16.0,213.0,3.0,4.0,0.0,0.0,0.0,0.0
2025/12/12,10:28:00,0,47.0,197.0,326.0,254.0,15.0,213.0,3.0,4.0,0.0,0.0,0.0,0.0
2025/12/12,10:28:05,0,46.0,217.0,327.0,253.0,4.0,213.0,1.0,1.0,0.0,0.0,0.0,0.0
2025/12/12,10:28:10,0,46.0,228.0,328.0,253.0,1.0,213.0,0.0,0.0,0.0,0.0,0.0,0.0
2025/12/12,10:28:15,0,47.0,218.0,327.0,253.0,0.0,213.0,0.0,0.0,0.0,0.0,0.0,0.0
2025/12/12,10:28:20,0,46.0,212.0,328.0,253.0,0.0,214.0,2.0,1.0,0.0,0.0,0.0,0.0
2025/12/12,10:28:25,0,46.0,212.0,327.0,253.0,0.0,213.0,1.0,1.0,0.0,0.0,0.0,0.0
2025/12/12,10:28:30,0,45.0,226.0,327.0,253.0,0.0,213.0,1.0,1.0,0.0,0.0,0.0,0.0
2025/12/12,10:28:35,0,46.0,205.0,324.0,253.0,17.0,214.0,3.0,3.0,0.0,0.0,0.0,0.0
2025/12/12,10:28:40,0,47.0,223.0,326.0,254.0,0.0,212.0,1.0,1.0,0.0,0.0,0.0,0.0
2025/12/12,10:28:45,0,48.0,200.0,324.0,253.0,16.0,213.0,2.0,3.0,0.0,0.0,0.0,0.0
2025/12/12,10:28:50,0,48.0,208.0,323.0,254.0,11.0,213.0,3.0,2.0,0.0,0.0,0.0,0.0
2025/12/12,10:28:55,0,47.0,213.0,326.0,253.0,0.0,214.0,2.0,1.0,0.0,0.0,0.0,0.0
2025/12/12,10:29:00,0,48.0,211.0,323.0,253.0,16.0,212.0,3.0,3.0,0.0,0.0,0.0,0.0
2025/12/12,10:29:05,0,48.0,206.0,325.0,259.0,14.0,213.0,4.0,3.0,0.0,0.0,0.0,0.0
2025/12/12,10:29:10,0,48.0,227.0,326.0,253.0,0.0,214.0,2.0,1.0,0.0,0.0,0.0,0.0
2025/12/12,10:29:15,0,50.0,206.0,325.0,253.0,6.0,213.0,2.0,2.0,0.0,0.0,0.0,0.0
2025/12/12,10:29:20,0,48.0,204.0,324.0,253.0,16.0,211.0,4.0,3.0,0.0,0.0,0.0,0.0
2025/12/12,10:29:25,0,45.0,218.0,325.0,253.0,4.0,212.0,1.0,1.0,0.0,0.0,0.0,0.0
2025/12/12,10:29:30,0,47.0,211.0,323.0,254.0,1.0,213.0,0.0,0.0,0.0,0.0,0.0,0.0
2025/12/12,10:29:35,0,48.0,198.0,324.0,255.0,16.0,212.0,4.0,3.0,0.0,0.0,0.0,0.0
2025/12/12,10:29:40,0,47.0,206.0,324.0,254.0,12.0,212.0,3.0,2.0,0.0,0.0,0.0,0.0
2025/12/12,10:29:45,0,48.0,229.0,323.0,253.0,2.0,213.0,2.0,1.0,0.0,0.0,0.0,0.0
2025/12/12,10:29:50,0,45.0,203.0,323.0,253.0,16.0,212.0,2.0,3.0,0.0,0.0,0.0,0.0
2025/12/12,10:29:55,0,47.0,220.0,324.0,253.0,0.0,213.0,1.0,1.0,0.0,0.0,0.0,0.0
2025/12/12,10:30:00,0,47.0,222.0,324.0,253.0,0.0,213.0,0.0,0.0,0.0,0.0,0.0,0.0
2025/12/12,10:30:05,0,47.0,208.0,323.0,254.0,11.0,213.0,3.0,3.0,0.0,0.0,0.0,0.0
2025/12/12,10:30:10,0,46.0,209.0,323.0,253.0,0.0,211.0,0.0,1.0,0.0,0.0,0.0,0.0
2025/12/12,10:30:15,0,46.0,199.0,320.0,253.0,16.0,213.0,4.0,3.0,0.0,0.0,0.0,0.0
2025/12/12,10:30:20,0,46.0,212.0,323.0,253.0,0.0,214.0,2.0,1.0,0.0,0.0,0.0,0.0
2025/12/12,10:30:25,0,46.0,199.0,321.0,253.0,16.0,213.0,2.0,3.0,0.0,0.0,0.0,0.0
2025/12/12,10:30:30,0,46.0,212.0,324.0,252.0,0.0,213.0,1.0,1.0,0.0,0.0,0.0,0.0
2025/12/12,10:30:35,0,46.0,201.0,320.0,253.0,16.0,214.0,3.0,3.0,0.0,0.0,0.0,0.0
2025/12/12,10:30:40,0,46.0,214.0,322.0,253.0,1.0,213.0,1.0,1.0,0.0,0.0,0.0,0.0
2025/12/12,10:30:45,0,46.0,203.0,320.0,253.0,15.0,213.0,3.0,3.0,0.0,0.0,0.0,0.0
2025/12/12,10:30:50,0,44.0,216.0,322.0,253.0,0.0,213.0,1.0,1.0,0.0,0.0,0.0,0.0
2025/12/12,10:30:55,0,46.0,205.0,317.0,253.0,16.0,214.0,3.0,3.0,0.0,0.0,0.0,0.0
2025/12/12,10:31:00,0,45.0,218.0,319.0,253.0,1.0,214.0,2.0,1.0,0.0,0.0,0.0,0.0
2025/12/12,10:31:05,0,45.0,206.0,320.0,253.0,17.0,213.0,3.0,3.0,0.0,0.0,0.0,0.0
2025/12/12,10:31:10,0,45.0,211.0,320.0,253.0,0.0,213.0,0.0,1.0,0.0,0.0,0.0,0.0
2025/12/12,10:31:15,0,44.0,212.0,320.0,253.0,10.0,213.0,2.0,3.0,0.0,0.0,0.0,0.0
2025/12/12,10:31:20,0,45.0,210.0,319.0,253.0,15.0,214.0,4.0,3.0,0.0,0.0,0.0,0.0
2025/12/12,10:31:25,0,45.0,206.0,316.0,254.0,7.0,213.0,2.0,2.0,0.0,0.0,0.0,0.0
2025/12/12,10:31:30,0,46.0,213.0,320.0,253.0,0.0,214.0,2.0,1.0,0.0,0.0,0.0,0.0
2025/12/12,10:31:35,0,45.0,225.0,321.0,253.0,0.0,212.0,2.0,1.0,0.0,0.0,0.0,0.0
2025/12/12,10:31:40,0,45.0,225.0,320.0,253.0,1.0,214.0,2.0,1.0,0.0,0.0,0.0,0.0
2025/12/12,10:31:45,0,42.0,211.0,318.0,254.0,1.0,213.0,1.0,1.0,0.0,0.0,0.0,0.0
2025/12/12,10:31:50,0,42.0,201.0,317.0,254.0,15.0,214.0,3.0,4.0,0.0,0.0,0.0,0.0
2025/12/12,10:31:55,0,47.0,206.0,318.0,253.0,14.0,212.0,3.0,3.0,0.0,0.0,0.0,0.0
2025/12/12,10:32:00,0,43.0,216.0,320.0,253.0,2.0,214.0,2.0,1.0,0.0,0.0,0.0,0.0
2025/12/12,10:32:05,0,50.0,210.0,320.0,254.0,15.0,213.0,3.0,3.0,0.0,0.0,0.0,0.0
2025/12/12,10:32:10,0,51.0,213.0,320.0,252.0,7.0,215.0,3.0,2.0,0.0,0.0,0.0,0.0
2025/12/12,10:32:15,0,42.0,208.0,321.0,254.0,0.0,213.0,1.0,0.0,0.0,0.0,0.0,0.0
2025/12/12,10:32:20,0,44.0,200.0,319.0,253.0,16.0,213.0,2.0,3.0,0.0,0.0,0.0,0.0
2025/12/12,10:32:25,0,43.0,219.0,322.0,253.0,0.0,213.0,1.0,1.0,0.0,0.0,0.0,0.0
2025/12/12,10:32:30,0,43.0,209.0,319.0,253.0,15.0,214.0,3.0,3.0,0.0,0.0,0.0,0.0
2025/12/12,10:32:35,0,45.0,218.0,320.0,253.0,2.0,214.0,2.0,1.0,0.0,0.0,0.0,0.0
2025/12/12,10:32:40,0,42.0,209.0,321.0,253.0,0.0,213.0,1.0,2.0,0.0,0.0,0.0,0.0
2025/12/12,10:32:45,0,44.0,202.0,319.0,252.0,16.0,213.0,3.0,3.0,0.0,0.0,0.0,0.0
2025/12/12,10:32:50,0,44.0,212.0,320.0,254.0,1.0,214.0,1.0,1.0,0.0,0.0,0.0,0.0
2025/12/12,10:32:55,0,47.0,217.0,321.0,253.0,5.0,214.0,1.0,1.0,0.0,0.0,0.0,0.0
2025/12/12,10:33:00,0,45.0,208.0,319.0,255.0,15.0,213.0,2.0,3.0,0.0,0.0,0.0,0.0
2025/12/12,10:33:05,0,47.0,207.0,320.0,254.0,2.0,214.0,1.0,1.0,0.0,0.0,0.0,0.0
2025/12/12,10:33:10,0,45.0,221.0,322.0,252.0,0.0,214.0,1.0,0.0,0.0,0.0,0.0,0.0
2025/12/12,10:33:15,0,43.0,208.0,320.0,253.0,13.0,214.0,3.0,3.0,0.0,0.0,0.0,0.0
2025/12/12,10:33:20,0,44.0,210.0,322.0,253.0,0.0,212.0,0.0,0.0,0.0,0.0,0.0,0.0
2025/12/12,10:33:25,0,45.0,221.0,321.0,254.0,3.0,213.0,1.0,1.0,0.0,0.0,0.0,0.0
2025/12/12,10:33:30,0,45.0,202.0,319.0,253.0,17.0,212.0,2.0,3.0,0.0,0.0,0.0,0.0
2025/12/12,10:33:35,0,48.0,204.0,321.0,253.0,10.0,214.0,2.0,3.0,0.0,0.0,0.0,0.0
2025/12/12,10:33:40,0,44.0,229.0,323.0,254.0,1.0,213.0,2.0,1.0,0.0,0.0,0.0,0.0
2025/12/12,10:33:45,0,44.0,204.0,318.0,254.0,17.0,215.0,4.0,3.0,0.0,0.0,0.0,0.0
2025/12/12,10:33:50,0,44.0,208.0,322.0,252.0,6.0,215.0,2.0,2.0,0.0,0.0,0.0,0.0
2025/12/12,10:33:55,0,43.0,229.0,323.0,252.0,0.0,215.0,3.0,1.0,0.0,0.0,0.0,0.0
2025/12/12,10:34:00,0,41.0,203.0,319.0,253.0,15.0,215.0,4.0,3.0,0.0,0.0,0.0,-0.0008
2025/12/12,10:34:05,0,41.0,208.0,321.0,253.0,15.0,214.0,3.0,3.0,0.0,0.0,0.0,0.0
2025/12/12,10:34:10,0,40.0,208.0,323.0,254.0,4.0,213.0,2.0,1.0,0.0,0.0,0.0,0.0
2025/12/12,10:34:15,0,39.0,225.0,323.0,253.0,3.0,215.0,1.0,1.0,0.0,0.0,0.0,0.0
2025/12/12,10:34:20,0,41.0,207.0,321.0,254.0,16.0,213.0,2.0,3.0,0.0,0.0,0.0,0.0
2025/12/12,10:34:25,0,45.0,210.0,323.0,253.0,0.0,214.0,1.0,1.0,0.0,0.0,0.0,0.0
2025/12/12,10:34:30,0,42.0,220.0,322.0,253.0,2.0,215.0,2.0,1.0,0.0,0.0,0.0,0.0
2025/12/12,10:34:35,0,43.0,205.0,322.0,254.0,16.0,214.0,4.0,3.0,0.0,0.0,0.0,0.0
2025/12/12,10:34:40,0,43.0,209.0,323.0,253.0,1.0,213.0,0.0,0.0,0.0,0.0,0.0,0.0
2025/12/12,10:34:45,0,40.0,218.0,322.0,254.0,4.0,214.0,1.0,1.0,0.0,0.0,0.0,0.0
2025/12/12,10:34:50,0,43.0,210.0,321.0,254.0,16.0,215.0,3.0,3.0,0.0,0.0,0.0,0.0
2025/12/12,10:34:55,0,43.0,216.0,323.0,254.0,0.0,214.0,0.0,0.0,0.0,0.0,0.0,0.0
2025/12/12,10:35:00,0,44.0,200.0,318.0,254.0,17.0,215.0,4.0,3.0,0.0,0.0,0.0,0.0
2025/12/12,10:35:05,0,43.0,208.0,321.0,254.0,3.0,214.0,0.0,1.0,0.0,0.0,0.0,0.0
2025/12/12,10:35:10,0,44.0,215.0,322.0,254.0,5.0,215.0,2.0,2.0,0.0,0.0,0.0,0.0
2025/12/12,10:35:15,0,43.0,209.0,321.0,253.0,15.0,214.0,3.0,3.0,0.0,0.0,0.0,0.0
2025/12/12,10:35:20,0,45.0,209.0,323.0,254.0,0.0,213.0,1.0,1.0,0.0,0.0,0.0,0.0
2025/12/12,10:35:25,0,44.0,210.0,322.0,253.0,8.0,213.0,2.0,2.0,0.0,0.0,0.0,0.0
2025/12/12,10:35:30,0,42.0,204.0,321.0,253.0,9.0,212.0,3.0,3.0,0.0,0.0,0.0,0.0
2025/12/12,10:35:35,0,44.0,210.0,322.0,254.0,10.0,214.0,4.0,3.0,0.0,0.0,0.0,0.0
2025/12/12,10:35:40,0,46.0,207.0,323.0,253.0,0.0,213.0,1.0,1.0,0.0,0.0,0.0,0.0
2025/12/12,10:35:45,0,45.0,201.0,322.0,253.0,19.0,215.0,3.0,4.0,0.0,0.0,0.0,0.0
2025/12/12,10:35:50,0,44.0,207.0,323.0,253.0,0.0,214.0,0.0,1.0,0.0,0.0,0.0,0.0
2025/12/12,10:35:55,0,44.0,198.0,322.0,253.0,15.0,214.0,3.0,4.0,0.0,0.0,0.0,0.0
2025/12/12,10:36:00,0,44.0,219.0,324.0,252.0,1.0,213.0,1.0,1.0,0.0,0.0,0.0,0.0
2025/12/12,10:36:05,0,47.0,212.0,322.0,253.0,15.0,214.0,3.0,3.0,0.0,0.0,0.0,0.0
2025/12/12,10:36:10,0,42.0,212.0,323.0,253.0,8.0,214.0,3.0,2.0,0.0,0.0,0.0,0.0
2025/12/12,10:36:15,0,43.0,211.0,324.0,254.0,0.0,214.0,2.0,0.0,0.0,0.0,0.0,0.0
2025/12/12,10:36:20,0,43.0,203.0,322.0,254.0,16.0,215.0,3.0,3.0,0.0,0.0,0.0,0.0
2025/12/12,10:36:25,0,44.0,224.0,324.0,252.0,1.0,213.0,1.0,1.0,0.0,0.0,0.0,0.0
2025/12/12,10:36:30,0,42.0,203.0,321.0,253.0,18.0,215.0,3.0,3.0,0.0,0.0,0.0,0.0
2025/12/12,10:36:35,0,43.0,206.0,320.0,253.0,12.0,215.0,3.0,2.0,0.0,0.0,0.0,0.0
2025/12/12,10:36:40,0,42.0,223.0,322.0,254.0,0.0,214.0,2.0,1.0,0.0,0.0,0.0,0.0
2025/12/12,10:36:45,0,42.0,208.0,322.0,253.0,2.0,215.0,1.0,1.0,0.0,0.0,0.0,0.0
2025/12/12,10:36:50,0,44.0,201.0,320.0,253.0,14.0,215.0,2.0,3.0,0.0,0.0,0.0,0.0
2025/12/12,10:36:55,0,41.0,207.0,319.0,253.0,16.0,214.0,3.0,3.0,0.0,0.0,0.0,0.0
2025/12/12,10:37:00,0,43.0,199.0,319.0,253.0,16.0,214.0,4.0,3.0,0.0,0.0,0.0,0.0
2025/12/12,10:37:05,0,39.0,212.0,320.0,254.0,6.0,215.0,4.0,1.0,0.0,0.0,0.0,0.0
2025/12/12,10:38:11,0,44.0,202.0,317.0,253.0,17.0,215.0,4.0,3.0,0.0,0.0,0.0,0.0
2025/12/12,10:38:15,0,44.0,222.0,319.0,253.0,0.0,214.0,2.0,1.0,-0.0008,0.0,0.0,0.0
2025/12/12,10:38:20,0,46.0,214.0,319.0,253.0,3.0,215.0,2.0,2.0,0.0,0.0,0.0,0.0
2025/12/12,10:38:25,0,44.0,207.0,317.0,253.0,10.0,215.0,3.0,2.0,0.0,0.0,0.0,0.0
2025/12/12,10:38:30,0,41.0,203.0,316.0,253.0,13.0,215.0,4.0,3.0,0.0,0.0,0.0,0.0
2025/12/12,10:38:35,0,43.0,197.0,317.0,253.0,15.0,214.0,3.0,4.0,0.0,0.0,0.0,0.0
2025/12/12,10:38:40,0,43.0,207.0,316.0,253.0,16.0,216.0,3.0,3.0,0.0,0.0,0.0,0.0
2025/12/12,10:38:45,0,42.0,212.0,319.0,254.0,0.0,216.0,1.0,1.0,0.0,0.0,0.0,0.0
2025/12/12,10:38:50,0,43.0,215.0,318.0,253.0,5.0,215.0,2.0,1.0,0.0,0.0,0.0,0.0
2025/12/12,10:38:55,0,44.0,207.0,316.0,253.0,14.0,215.0,3.0,3.0,0.0,0.0,0.0,0.0
2025/12/12,10:39:00,0,42.0,209.0,317.0,253.0,2.0,215.0,1.0,1.0,0.0,0.0,0.0,0.0
2025/12/12,10:39:05,0,42.0,214.0,318.0,254.0,4.0,214.0,2.0,1.0,0.0,0.0,0.0,0.0
2025/12/12,10:39:10,0,43.0,201.0,317.0,252.0,15.0,214.0,4.0,3.0,0.0,0.0,0.0,0.0
2025/12/12,10:39:15,0,40.0,219.0,316.0,253.0,2.0,216.0,2.0,1.0,0.0,0.0,0.0,0.0
2025/12/12,10:39:20,0,41.0,203.0,316.0,253.0,18.0,214.0,4.0,3.0,0.0,0.0,0.0,0.0
2025/12/12,10:39:25,0,41.0,225.0,317.0,253.0,0.0,215.0,3.0,1.0,0.0,0.0,0.0,0.0
2025/12/12,10:39:30,0,39.0,209.0,316.0,253.0,14.0,214.0,4.0,3.0,0.0,0.0,0.0,0.0
2025/12/12,10:39:35,0,42.0,219.0,318.0,253.0,0.0,216.0,2.0,1.0,0.0,0.0,0.0,0.0
2025/12/12,10:39:40,0,41.0,201.0,315.0,253.0,14.0,216.0,3.0,3.0,0.0,0.0,0.0,0.0
2025/12/12,10:39:45,0,40.0,211.0,318.0,253.0,0.0,215.0,1.0,1.0,0.0,0.0,0.0,0.0
2025/12/12,10:39:50,0,42.0,200.0,315.0,252.0,16.0,213.0,3.0,3.0,0.0,0.0,0.0,0.0
2025/12/12,10:39:55,0,42.0,213.0,317.0,253.0,0.0,215.0,1.0,1.0,0.0,0.0,0.0,0.0
2025/12/12,10:40:00,0,40.0,197.0,314.0,253.0,19.0,216.0,3.0,3.0,0.0,0.0,0.0,0.0
2025/12/12,10:40:05,0,38.0,217.0,316.0,252.0,0.0,215.0,1.0,1.0,0.0,0.0,0.0,0.0
2025/12/12,10:40:10,0,38.0,214.0,314.0,254.0,6.0,215.0,1.0,1.0,0.0,0.0,0.0,0.0
2025/12/12,10:40:15,0,43.0,212.0,314.0,253.0,14.0,215.0,3.0,3.0,0.0,0.0,0.0,0.0
2025/12/12,10:40:20,0,42.0,211.0,316.0,253.0,0.0,214.0,0.0,1.0,0.0,0.0,0.0,0.0
2025/12/12,10:40:25,0,41.0,224.0,316.0,252.0,0.0,215.0,1.0,1.0,0.0,0.0,0.0,0.0
2025/12/12,10:40:30,0,44.0,206.0,314.0,253.0,14.0,214.0,3.0,3.0,0.0,0.0,0.0,0.0
2025/12/12,10:40:35,0,41.0,199.0,312.0,254.0,16.0,213.0,3.0,4.0,0.0,0.0,0.0,0.0
2025/12/12,10:40:40,0,41.0,209.0,314.0,253.0,14.0,216.0,2.0,3.0,0.0,0.0,0.0,0.0
2025/12/12,10:40:45,0,42.0,220.0,315.0,253.0,1.0,214.0,2.0,1.0,0.0,0.0,0.0,0.0
2025/12/12,10:40:50,0,42.0,211.0,313.0,253.0,16.0,215.0,4.0,3.0,0.0,0.0,0.0,0.0
2025/12/12,10:40:55,0,43.0,226.0,315.0,254.0,0.0,216.0,1.0,1.0,0.0,0.0,0.0,0.0
2025/12/12,10:41:00,0,44.0,200.0,311.0,253.0,16.0,215.0,3.0,3.0,0.0,0.0,0.0,0.0
2025/12/12,10:41:05,0,43.0,212.0,314.0,253.0,6.0,215.0,3.0,1.0,0.0,0.0,0.0,0.0
2025/12/12,10:41:10,0,43.0,214.0,315.0,253.0,0.0,214.0,1.0,0.0,0.0,0.0,0.0,0.0
2025/12/12,10:41:15,0,44.0,209.0,314.0,253.0,15.0,214.0,3.0,3.0,0.0,0.0,0.0,0.0
2025/12/12,10:41:20,0,48.0,230.0,315.0,253.0,1.0,216.0,1.0,1.0,0.0,0.0,0.0,0.0
2025/12/12,10:41:25,0,42.0,213.0,313.0,253.0,15.0,216.0,3.0,3.0,0.0,0.0,0.0,0.0
2025/12/12,10:41:30,0,43.0,229.0,315.0,253.0,1.0,216.0,1.0,1.0,0.0,0.0,0.0,0.0
2025/12/12,10:41:35,0,41.0,211.0,314.0,251.0,15.0,215.0,3.0,3.0,0.0,0.0,0.0,0.0
2025/12/12,10:41:40,0,48.0,227.0,315.0,253.0,0.0,215.0,2.0,1.0,0.0,0.0,0.0,0.0
2025/12/12,10:41:45,0,43.0,211.0,312.0,253.0,16.0,215.0,4.0,3.0,0.0,0.0,0.0,0.0
2025/12/12,10:41:50,0,44.0,221.0,316.0,253.0,0.0,215.0,2.0,1.0,0.0,0.0,0.0,0.0
2025/12/12,10:41:55,0,44.0,203.0,312.0,253.0,17.0,215.0,4.0,3.0,0.0,0.0,0.0,0.0
2025/12/12,10:42:00,0,43.0,210.0,315.0,253.0,0.0,215.0,1.0,1.0,0.0,0.0,0.0,0.0
2025/12/12,10:42:05,0,43.0,198.0,314.0,253.0,14.0,216.0,3.0,3.0,0.0,0.0,0.0,0.0
2025/12/12,10:42:10,0,44.0,208.0,314.0,254.0,0.0,216.0,0.0,1.0,0.0,0.0,0.0,0.0
2025/12/12,10:42:15,0,41.0,209.0,311.0,254.0,8.0,217.0,2.0,2.0,0.0,0.0,0.0,0.0
2025/12/12,10:42:20,0,40.0,202.0,313.0,252.0,15.0,215.0,4.0,4.0,0.0,0.0,0.0,0.0
2025/12/12,10:42:25,0,42.0,228.0,315.0,253.0,0.0,215.0,2.0,1.0,0.0,0.0,0.0,0.0
2025/12/12,10:42:30,0,41.0,212.0,313.0,253.0,15.0,216.0,3.0,3.0,0.0,0.0,0.0,0.0
2025/12/12,10:42:35,0,37.0,229.0,316.0,251.0,2.0,215.0,2.0,1.0,0.0,0.0,0.0,0.0
2025/12/12,10:42:40,0,39.0,208.0,313.0,253.0,15.0,215.0,4.0,3.0,0.0,0.0,0.0,0.0
2025/12/12,10:42:45,0,40.0,217.0,314.0,253.0,0.0,215.0,2.0,1.0,0.0,0.0,0.0,0.0
2025/12/12,10:42:50,0,40.0,201.0,312.0,253.0,15.0,217.0,3.0,3.0,0.0,0.0,0.0,0.0
2025/12/12,10:42:55,0,40.0,214.0,317.0,253.0,0.0,215.0,1.0,1.0,0.0,0.0,0.0,0.0
2025/12/12,10:43:00,0,39.0,205.0,313.0,253.0,16.0,215.0,2.0,3.0,0.0,0.0,0.0,0.0
2025/12/12,10:43:05,0,39.0,222.0,315.0,253.0,0.0,215.0,1.0,1.0,0.0,0.0,0.0,0.0
2025/12/12,10:43:10,0,41.0,208.0,311.0,254.0,15.0,216.0,2.0,3.0,0.0,0.0,0.0,0.0
2025/12/12,10:43:15,0,39.0,223.0,316.0,251.0,1.0,214.0,2.0,1.0,0.0,0.0,0.0,0.0
2025/12/12,10:43:20,0,41.0,207.0,310.0,253.0,15.0,217.0,3.0,3.0,0.0,0.0,0.0,0.0
2025/12/12,10:43:25,0,39.0,219.0,315.0,253.0,0.0,214.0,1.0,0.0,0.0,0.0,0.0,0.0
2025/12/12,10:43:30,0,40.0,207.0,314.0,253.0,17.0,215.0,4.0,2.0,0.0,0.0,0.0,0.0
2025/12/12,10:43:35,0,42.0,217.0,316.0,251.0,0.0,217.0,1.0,1.0,0.0,0.0,0.0,0.0
2025/12/12,10:43:40,0,41.0,202.0,313.0,253.0,15.0,216.0,3.0,3.0,0.0,0.0,0.0,0.0
2025/12/12,10:43:45,0,42.0,210.0,315.0,253.0,0.0,214.0,1.0,0.0,0.0,0.0,0.0,0.0
2025/12/12,10:44:36,0,40.0,207.0,314.0,253.0,7.0,216.0,2.0,2.0,0.0,0.0,0.0,0.0
2025/12/12,10:44:40,0,40.0,196.0,311.0,253.0,16.0,217.0,4.0,3.0,0.0,0.0,0.0,0.0
2025/12/12,10:44:45,0,41.0,213.0,313.0,254.0,1.0,216.0,1.0,1.0,0.0,0.0,0.0,0.0
2025/12/12,10:44:50,0,41.0,199.0,313.0,253.0,17.0,217.0,3.0,3.0,0.0,0.0,0.0,0.0
2025/12/12,10:44:55,0,41.0,214.0,316.0,252.0,0.0,216.0,1.0,1.0,0.0,0.0,0.0,0.0
2025/12/12,10:45:00,0,42.0,203.0,313.0,253.0,16.0,215.0,3.0,3.0,0.0,0.0,0.0,0.0
2025/12/12,10:45:05,0,40.0,224.0,316.0,254.0,1.0,215.0,2.0,1.0,0.0,0.0,0.0,0.0
2025/12/12,10:45:10,0,37.0,206.0,313.0,253.0,15.0,216.0,3.0,3.0,0.0,0.0,0.0,0.0
2025/12/12,10:45:15,0,41.0,216.0,315.0,253.0,6.0,217.0,2.0,1.0,0.0,0.0,0.0,0.0
2025/12/12,10:45:20,0,40.0,206.0,313.0,253.0,2.0,217.0,1.0,1.0,0.0,0.0,0.0,0.0
2025/12/12,10:45:25,0,42.0,202.0,313.0,253.0,16.0,215.0,2.0,3.0,0.0,0.0,0.0,0.0
2025/12/12,10:45:30,0,42.0,223.0,315.0,253.0,1.0,217.0,1.0,2.0,0.0,0.0,0.0,0.0
2025/12/12,10:45:35,0,43.0,206.0,315.0,253.0,15.0,217.0,2.0,3.0,0.0,0.0,0.0,0.0
2025/12/12,10:45:40,0,47.0,223.0,317.0,253.0,2.0,217.0,2.0,2.0,0.0,0.0,0.0,0.0
2025/12/12,10:45:45,0,42.0,211.0,318.0,254.0,0.0,214.0,1.0,1.0,0.0,0.0,0.0,0.0
2025/12/12,10:45:50,0,43.0,203.0,316.0,253.0,12.0,215.0,3.0,3.0,0.0,0.0,0.0,0.0
2025/12/12,10:45:55,0,40.0,210.0,316.0,253.0,16.0,216.0,3.0,3.0,0.0,0.0,0.0,0.0
2025/12/12,10:46:00,0,42.0,205.0,317.0,253.0,14.0,216.0,3.0,4.0,0.0,0.0,0.0,0.0
2025/12/12,10:46:05,0,42.0,207.0,317.0,254.0,17.0,216.0,3.0,3.0,0.0,0.0,0.0,0.0
2025/12/12,10:46:10,0,43.0,207.0,316.0,253.0,17.0,215.0,4.0,3.0,0.0,0.0,0.0,0.0
2025/12/12,10:46:15,0,42.0,206.0,318.0,253.0,14.0,216.0,3.0,3.0,0.0,0.0,0.0,0.0
2025/12/12,10:46:20,0,43.0,204.0,316.0,253.0,16.0,215.0,4.0,3.0,0.0,0.0,0.0,0.0
2025/12/12,10:46:25,0,42.0,199.0,318.0,252.0,16.0,216.0,4.0,4.0,0.0,0.0,0.0,0.0
2025/12/12,10:46:30,0,45.0,221.0,320.0,253.0,0.0,217.0,2.0,1.0,0.0,0.0,0.0,0.0
2025/12/12,10:46:35,0,41.0,208.0,319.0,253.0,7.0,217.0,2.0,2.0,0.0,0.0,0.0,0.0
2025/12/12,10:46:40,0,46.0,217.0,320.0,254.0,7.0,215.0,1.0,2.0,0.0,0.0,0.0,0.0
2025/12/12,10:46:45,0,38.0,201.0,320.0,253.0,12.0,216.0,2.0,3.0,0.0,0.0,0.0,0.0
2025/12/12,10:46:50,0,40.0,219.0,321.0,253.0,2.0,216.0,2.0,1.0,0.0,0.0,0.0,0.0
2025/12/12,10:46:55,0,38.0,205.0,317.0,253.0,8.0,216.0,1.0,2.0,0.0,0.0,0.0,0.0
2025/12/12,10:47:00,0,41.0,199.0,319.0,253.0,17.0,215.0,3.0,3.0,0.0,0.0,0.0,0.0
2025/12/12,10:47:05,0,39.0,225.0,321.0,253.0,0.0,216.0,1.0,0.0,0.0,0.0,0.0,0.0
2025/12/12,10:47:10,0,41.0,206.0,319.0,253.0,9.0,217.0,2.0,2.0,0.0,0.0,0.0,0.0
2025/12/12,10:47:15,0,43.0,203.0,320.0,253.0,15.0,215.0,4.0,4.0,0.0,0.0,0.0,0.0
2025/12/12,10:47:20,0,42.0,215.0,321.0,253.0,8.0,214.0,3.0,2.0,0.0,0.0,0.0,0.0
2025/12/12,10:47:25,0,43.0,227.0,320.0,253.0,1.0,216.0,1.0,1.0,0.0,0.0,0.0,0.0
2025/12/12,10:47:30,0,42.0,211.0,322.0,253.0,0.0,217.0,0.0,1.0,0.0,0.0,0.0,0.0
2025/12/12,10:47:35,0,48.0,204.0,320.0,253.0,11.0,217.0,3.0,3.0,0.0,0.0,0.0,0.0
2025/12/12,10:47:40,0,43.0,210.0,320.0,253.0,15.0,215.0,4.0,3.0,0.0,0.0,0.0,0.0
2025/12/12,10:47:45,0,43.0,207.0,318.0,253.0,16.0,216.0,4.0,3.0,0.0,0.0,0.0,0.0
2025/12/12,10:47:50,0,43.0,204.0,320.0,253.0,12.0,215.0,3.0,3.0,0.0,0.0,0.0,0.0
2025/12/12,10:47:55,0,44.0,230.0,320.0,253.0,1.0,217.0,1.0,1.0,0.0,0.0,0.0,0.0
2025/12/12,10:48:00,0,41.0,204.0,320.0,251.0,14.0,215.0,5.0,2.0,0.0,0.0,0.0,0.0
2025/12/12,10:48:05,0,43.0,206.0,319.0,253.0,11.0,218.0,3.0,3.0,0.0,0.0,0.0,0.0
2025/12/12,10:48:10,0,42.0,201.0,321.0,253.0,17.0,216.0,3.0,4.0,0.0,0.0,0.0,0.0
2025/12/12,10:48:15,0,43.0,207.0,321.0,251.0,4.0,215.0,2.0,2.0,0.0,0.0,0.0,0.0
2025/12/12,10:48:20,0,42.0,201.0,317.0,253.0,17.0,217.0,4.0,3.0,0.0,0.0,0.0,0.0
2025/12/12,10:48:25,0,42.0,213.0,320.0,253.0,0.0,216.0,1.0,1.0,0.0,0.0,0.0,0.0
2025/12/12,10:48:30,0,41.0,209.0,316.0,253.0,12.0,217.0,3.0,3.0,0.0,0.0,0.0,0.0
2025/12/12,10:48:35,0,44.0,208.0,318.0,253.0,16.0,216.0,4.0,3.0,0.0,0.0,0.0,0.0
2025/12/12,10:48:40,0,42.0,215.0,319.0,253.0,0.0,217.0,1.0,1.0,0.0,0.0,0.0,0.0
2025/12/12,10:48:45,0,35.0,215.0,319.0,253.0,7.0,216.0,2.0,2.0,0.0,0.0,0.0,0.0
2025/12/12,10:48:50,0,41.0,205.0,317.0,253.0,17.0,216.0,3.0,3.0,0.0,0.0,0.0,0.0
2025/12/12,10:48:55,0,38.0,209.0,315.0,253.0,16.0,217.0,4.0,3.0,0.0,0.0,0.0,0.0
2025/12/12,10:49:00,0,39.0,205.0,317.0,253.0,17.0,217.0,3.0,4.0,0.0,0.0,0.0,0.0
2025/12/12,10:49:05,0,41.0,207.0,317.0,253.0,15.0,217.0,3.0,3.0,0.0,0.0,0.0,0.0
2025/12/12,10:49:10,0,41.0,199.0,314.0,253.0,17.0,217.0,4.0,3.0,0.0,0.0,0.0,0.0
2025/12/12,10:49:15,0,39.0,209.0,317.0,253.0,8.0,217.0,3.0,2.0,0.0,0.0,0.0,0.0
2025/12/12,10:49:20,0,42.0,210.0,315.0,252.0,10.0,217.0,3.0,3.0,0.0,0.0,0.0,0.0
2025/12/12,10:49:25,0,39.0,207.0,314.0,253.0,12.0,217.0,3.0,2.0,0.0,0.0,0.0,0.0
2025/12/12,10:49:30,0,40.0,198.0,316.0,253.0,17.0,217.0,4.0,3.0,0.0,0.0,0.0,0.0
2025/12/12,10:49:35,0,39.0,201.0,315.0,253.0,17.0,216.0,3.0,3.0,0.0,0.0,0.0,0.0
2025/12/12,10:49:40,0,38.0,205.0,312.0,253.0,16.0,216.0,3.0,3.0,0.0,0.0,0.0,0.0
2025/12/12,10:49:45,0,39.0,201.0,313.0,253.0,15.0,217.0,4.0,3.0,0.0,0.0,0.0,0.0
2025/12/12,10:49:50,0,38.0,212.0,317.0,255.0,0.0,217.0,1.0,1.0,0.0,0.0,0.0,0.0
2025/12/12,10:49:55,0,37.0,219.0,316.0,252.0,0.0,217.0,1.0,1.0,0.0,0.0,0.0,0.0
2025/12/12,10:50:00,0,38.0,205.0,314.0,251.0,17.0,216.0,3.0,3.0,0.0,0.0,0.0,0.0
2025/12/12,10:50:05,0,39.0,208.0,315.0,253.0,1.0,217.0,1.0,1.0,0.0,0.0,0.0,0.0
2025/12/12,10:50:10,0,34.0,221.0,315.0,252.0,0.0,215.0,1.0,2.0,0.0,0.0,0.0,0.0
2025/12/12,10:50:15,0,38.0,202.0,312.0,253.0,18.0,216.0,3.0,3.0,0.0,0.0,0.0,0.0
2025/12/12,10:50:20,0,38.0,205.0,314.0,253.0,7.0,216.0,2.0,2.0,0.0,0.0,0.0,0.0
2025/12/12,10:50:25,0,38.0,225.0,315.0,253.0,1.0,216.0,2.0,1.0,0.0,0.0,0.0,0.0
2025/12/12,10:50:30,0,37.0,202.0,314.0,252.0,16.0,216.0,3.0,3.0,0.0,0.0,0.0,0.0
2025/12/12,10:50:35,0,36.0,204.0,314.0,253.0,9.0,216.0,2.0,2.0,0.0,0.0,0.0,0.0
2025/12/12,10:50:40,0,36.0,225.0,312.0,253.0,0.0,217.0,1.0,1.0,0.0,0.0,0.0,0.0
2025/12/12,10:50:45,0,35.0,206.0,311.0,253.0,17.0,215.0,3.0,3.0,0.0,0.0,0.0,0.0
2025/12/12,10:50:50,0,35.0,213.0,315.0,253.0,0.0,216.0,1.0,1.0,0.0,0.0,0.0,0.0
2025/12/12,10:50:55,0,35.0,199.0,311.0,253.0,20.0,216.0,3.0,4.0,0.0,0.0,0.0,0.0
2025/12/12,10:51:00,0,32.0,208.0,314.0,252.0,1.0,216.0,1.0,1.0,0.0,0.0,0.0,0.0
2025/12/12,10:51:05,0,35.0,210.0,314.0,253.0,11.0,217.0,2.0,2.0,0.0,0.0,0.0,0.0
2025/12/12,10:51:10,0,38.0,204.0,313.0,253.0,12.0,215.0,3.0,3.0,0.0,0.0,0.0,0.0
2025/12/12,10:51:15,0,35.0,219.0,315.0,252.0,0.0,216.0,1.0,1.0,0.0,0.0,0.0,0.0
2025/12/12,10:51:20,0,34.0,205.0,313.0,253.0,14.0,215.0,3.0,3.0,0.0,0.0,0.0,0.0
2025/12/12,10:51:25,0,36.0,228.0,316.0,252.0,0.0,218.0,2.0,1.0,0.0,0.0,0.0,0.0
2025/12/12,10:51:30,0,31.0,210.0,313.0,253.0,16.0,218.0,4.0,3.0,0.0,0.0,0.0,0.0
2025/12/12,10:51:35,0,34.0,225.0,315.0,249.0,2.0,217.0,2.0,1.0,0.0,0.0,0.0,0.0
2025/12/12,10:51:40,0,34.0,203.0,314.0,253.0,14.0,217.0,4.0,3.0,0.0,0.0,0.0,0.0
2025/12/12,10:51:45,0,36.0,225.0,315.0,253.0,1.0,217.0,1.0,1.0,0.0,0.0,0.0,0.0
2025/12/12,10:51:50,0,34.0,207.0,311.0,253.0,17.0,217.0,3.0,3.0,0.0,0.0,0.0,0.0
2025/12/12,10:51:55,0,34.0,208.0,315.0,253.0,0.0,217.0,0.0,1.0,0.0,0.0,0.0,0.0
2025/12/12,10:52:00,0,33.0,227.0,316.0,253.0,1.0,216.0,2.0,1.0,0.0,0.0,0.0,0.0
2025/12/12,10:52:05,0,36.0,206.0,314.0,253.0,12.0,216.0,4.0,3.0,0.0,0.0,0.0,0.0
2025/12/12,10:52:10,0,35.0,201.0,315.0,254.0,16.0,216.0,4.0,3.0,0.0,0.0,0.0,0.0
2025/12/12,10:52:15,0,37.0,206.0,314.0,253.0,17.0,216.0,3.0,3.0,0.0,0.0,0.0,0.0
2025/12/12,10:52:20,0,38.0,207.0,314.0,253.0,16.0,217.0,3.0,3.0,0.0,0.0,0.0,0.0
2025/12/12,10:52:25,0,35.0,207.0,314.0,253.0,17.0,217.0,4.0,3.0,0.0,0.0,0.0,0.0
2025/12/12,10:52:30,0,38.0,203.0,311.0,253.0,14.0,217.0,3.0,3.0,0.0,0.0,0.0,0.0
2025/12/12,10:52:35,0,35.0,203.0,314.0,252.0,12.0,217.0,3.0,3.0,0.0,0.0,0.0,0.0
2025/12/12,10:52:40,0,39.0,202.0,315.0,253.0,15.0,216.0,3.0,3.0,0.0,0.0,0.0,0.0
2025/12/12,10:52:45,0,36.0,210.0,314.0,252.0,16.0,217.0,4.0,3.0,0.0,0.0,0.0,0.0
2025/12/12,10:52:50,0,38.0,201.0,314.0,253.0,16.0,216.0,3.0,3.0,0.0,0.0,0.0,0.0
2025/12/12,10:52:55,0,39.0,205.0,315.0,253.0,7.0,215.0,3.0,3.0,0.0,0.0,0.0,0.0
2025/12/12,10:53:00,0,38.0,220.0,316.0,253.0,1.0,216.0,1.0,1.0,0.0,0.0,0.0,0.0
2025/12/12,10:53:05,0,37.0,225.0,316.0,253.0,0.0,217.0,1.0,1.0,0.0,0.0,0.0,0.0
2025/12/12,10:53:10,0,39.0,217.0,316.0,253.0,0.0,218.0,1.0,1.0,0.0,0.0,0.0,0.0
2025/12/12,10:53:15,0,39.0,209.0,316.0,253.0,0.0,215.0,0.0,0.0,0.0,0.0,0.0,0.0
2025/12/12,10:53:20,0,37.0,208.0,315.0,252.0,4.0,215.0,2.0,2.0,0.0,0.0,0.0,0.0
2025/12/12,10:53:25,0,39.0,202.0,315.0,253.0,12.0,217.0,3.0,3.0,0.0,0.0,0.0,0.0
2025/12/12,10:53:30,0,35.0,206.0,314.0,253.0,14.0,215.0,3.0,4.0,0.0,0.0,0.0,0.0
2025/12/12,10:53:35,0,38.0,211.0,315.0,252.0,14.0,215.0,4.0,3.0,0.0,0.0,0.0,0.0
2025/12/12,10:53:40,0,38.0,207.0,315.0,253.0,14.0,215.0,4.0,3.0,0.0,0.0,0.0,0.0
2025/12/12,10:53:45,0,37.0,205.0,315.0,253.0,15.0,216.0,3.0,3.0,0.0,0.0,0.0,0.0
2025/12/12,10:53:50,0,37.0,203.0,315.0,253.0,15.0,217.0,3.0,3.0,0.0,0.0,0.0,0.0
2025/12/12,10:53:55,0,38.0,199.0,315.0,254.0,16.0,217.0,3.0,3.0,0.0,0.0,0.0,0.0
2025/12/12,10:54:00,0,38.0,196.0,315.0,252.0,16.0,217.0,4.0,4.0,0.0,0.0,0.0,0.0
2025/12/12,10:54:05,0,38.0,202.0,313.0,253.0,17.0,217.0,4.0,3.0,0.0,0.0,0.0,0.0
2025/12/12,10:54:10,0,38.0,203.0,314.0,252.0,16.0,216.0,3.0,3.0,0.0,0.0,0.0,0.0
2025/12/12,10:54:15,0,37.0,202.0,315.0,251.0,14.0,216.0,3.0,3.0,0.0,0.0,0.0,0.0
2025/12/12,10:54:20,0,38.0,210.0,316.0,253.0,0.0,216.0,1.0,0.0,0.0,0.0,0.0,0.0
2025/12/12,10:54:25,0,36.0,229.0,316.0,253.0,0.0,217.0,0.0,1.0,0.0,0.0,0.0,0.0
2025/12/12,10:54:30,0,35.0,213.0,316.0,253.0,8.0,216.0,2.0,2.0,0.0,0.0,0.0,0.0
2025/12/12,10:55:26,0,36.0,211.0,316.0,252.0,22.0,216.0,5.0,4.0,0.0,0.0,0.0,0.0
2025/12/12,10:55:30,0,32.0,212.0,315.0,253.0,11.0,217.0,3.0,3.0,0.0,0.0,0.0,0.0
2025/12/12,10:55:35,0,36.0,209.0,317.0,253.0,0.0,217.0,0.0,1.0,0.0,0.0,0.0,0.0
2025/12/12,10:55:40,0,35.0,202.0,316.0,252.0,16.0,216.0,4.0,3.0,0.0,0.0,0.0,0.0
2025/12/12,10:55:45,0,36.0,224.0,316.0,253.0,0.0,216.0,1.0,1.0,0.0,0.0,0.0,0.0
2025/12/12,10:55:50,0,36.0,201.0,314.0,253.0,15.0,217.0,3.0,3.0,0.0,0.0,0.0,0.0
2025/12/12,10:55:55,0,36.0,213.0,316.0,253.0,6.0,216.0,2.0,2.0,0.0,0.0,0.0,0.0
2025/12/12,10:56:00,0,38.0,207.0,315.0,253.0,2.0,216.0,0.0,1.0,0.0,0.0,0.0,0.0
2025/12/12,10:56:05,0,37.0,201.0,315.0,252.0,16.0,215.0,4.0,3.0,0.0,0.0,0.0,0.0
2025/12/12,10:56:10,0,35.0,206.0,314.0,253.0,8.0,217.0,2.0,3.0,0.0,0.0,0.0,0.0
2025/12/12,10:56:15,0,37.0,209.0,315.0,253.0,8.0,217.0,2.0,2.0,0.0,0.0,0.0,0.0
2025/12/12,10:56:20,0,38.0,208.0,317.0,252.0,2.0,215.0,1.0,1.0,0.0,0.0,0.0,0.0
2025/12/12,10:56:25,0,37.0,201.0,313.0,253.0,17.0,217.0,3.0,3.0,0.0,0.0,0.0,0.0
2025/12/12,10:56:30,0,40.0,220.0,315.0,253.0,0.0,218.0,1.0,1.0,0.0,0.0,0.0,0.0
2025/12/12,10:56:35,0,39.0,212.0,316.0,252.0,0.0,218.0,1.0,1.0,0.0,0.0,0.0,0.0
2025/12/12,10:56:40,0,38.0,204.0,313.0,253.0,14.0,217.0,2.0,3.0,0.0,0.0,0.0,0.0
2025/12/12,10:56:45,0,38.0,205.0,314.0,252.0,17.0,216.0,4.0,3.0,0.0,0.0,0.0,0.0
2025/12/12,10:56:50,0,33.0,214.0,315.0,253.0,8.0,216.0,2.0,2.0,0.0,0.0,0.0,0.0
2025/12/12,10:56:55,0,38.0,218.0,316.0,253.0,1.0,217.0,2.0,1.0,0.0,0.0,0.0,0.0
2025/12/12,10:57:00,0,38.0,203.0,316.0,253.0,12.0,216.0,2.0,3.0,0.0,0.0,0.0,0.0
2025/12/12,10:57:05,0,38.0,203.0,315.0,253.0,15.0,215.0,4.0,3.0,0.0,0.0,0.0,0.0
2025/12/12,10:57:10,0,37.0,215.0,317.0,254.0,4.0,216.0,3.0,2.0,0.0,0.0,0.0,0.0
2025/12/12,10:57:15,0,39.0,222.0,316.0,252.0,0.0,217.0,1.0,1.0,0.0,0.0,0.0,0.0
2025/12/12,10:57:20,0,38.0,205.0,316.0,253.0,5.0,217.0,1.0,1.0,0.0,0.0,0.0,0.0
2025/12/12,10:57:25,0,38.0,207.0,315.0,253.0,16.0,217.0,2.0,3.0,0.0,0.0,0.0,0.0
2025/12/12,10:57:30,0,38.0,215.0,320.0,252.0,2.0,216.0,2.0,1.0,0.0,0.0,0.0,0.0
2025/12/12,10:57:35,0,39.0,209.0,315.0,253.0,0.0,216.0,0.0,1.0,0.0,0.0,0.0,0.0
2025/12/12,10:57:40,0,40.0,206.0,314.0,253.0,16.0,215.0,4.0,3.0,0.0,0.0,0.0,0.0
2025/12/12,10:57:45,0,39.0,227.0,316.0,253.0,0.0,215.0,2.0,1.0,0.0,0.0,0.0,0.0
2025/12/12,10:57:50,0,39.0,217.0,316.0,253.0,0.0,216.0,1.0,1.0,0.0,0.0,0.0,0.0
2025/12/12,10:57:55,0,39.0,226.0,316.0,248.0,0.0,216.0,1.0,1.0,0.0,0.0,0.0,0.0
2025/12/12,10:58:00,0,39.0,203.0,314.0,253.0,13.0,217.0,2.0,3.0,0.0,0.0,0.0,0.0
2025/12/12,10:58:05,0,39.0,213.0,315.0,254.0,7.0,217.0,2.0,2.0,0.0,0.0,0.0,0.0
2025/12/12,10:58:10,0,37.0,212.0,316.0,253.0,0.0,217.0,0.0,1.0,0.0,0.0,0.0,0.0
2025/12/12,10:58:15,0,41.0,210.0,313.0,253.0,15.0,215.0,4.0,3.0,0.0,0.0,0.0,0.0
2025/12/12,10:58:20,0,38.0,213.0,314.0,253.0,9.0,217.0,3.0,3.0,0.0,0.0,0.0,0.0
2025/12/12,10:58:25,0,37.0,214.0,315.0,253.0,0.0,216.0,1.0,0.0,0.0,0.0,0.0,0.0
2025/12/12,10:58:30,0,38.0,201.0,313.0,253.0,14.0,217.0,2.0,3.0,0.0,0.0,0.0,0.0
2025/12/12,10:58:35,0,38.0,198.0,314.0,253.0,17.0,217.0,4.0,3.0,0.0,0.0,0.0,0.0
2025/12/12,10:58:40,0,36.0,224.0,315.0,253.0,0.0,216.0,1.0,1.0,0.0,0.0,0.0,0.0
2025/12/12,10:58:45,0,34.0,205.0,312.0,253.0,11.0,218.0,3.0,3.0,0.0,0.0,0.0,0.0
2025/12/12,10:58:50,0,37.0,199.0,312.0,253.0,17.0,216.0,4.0,3.0,0.0,0.0,0.0,0.0
2025/12/12,10:58:55,0,37.0,223.0,314.0,253.0,0.0,216.0,2.0,1.0,0.0,0.0,0.0,0.0
2025/12/12,10:59:00,0,35.0,203.0,312.0,253.0,16.0,218.0,4.0,3.0,0.0,0.0,0.0,0.0
2025/12/12,10:59:05,0,37.0,208.0,313.0,252.0,14.0,216.0,3.0,3.0,0.0,0.0,0.0,0.0
2025/12/12,10:59:10,0,38.0,211.0,314.0,253.0,0.0,217.0,1.0,1.0,0.0,0.0,0.0,0.0
2025/12/12,10:59:15,0,37.0,200.0,314.0,251.0,17.0,217.0,3.0,2.0,0.0,0.0,0.0,0.0
2025/12/12,10:59:20,0,38.0,207.0,314.0,253.0,1.0,217.0,0.0,0.0,0.0,0.0,0.0,0.0
2025/12/12,10:59:25,0,35.0,209.0,314.0,252.0,9.0,217.0,4.0,2.0,0.0,0.0,0.0,0.0
2025/12/12,10:59:30,0,37.0,202.0,313.0,253.0,16.0,217.0,3.0,3.0,0.0,0.0,0.0,0.0
2025/12/12,10:59:35,0,38.0,222.0,315.0,253.0,0.0,216.0,1.0,1.0,0.0,0.0,0.0,0.0
2025/12/12,10:59:40,0,36.0,204.0,312.0,253.0,15.0,216.0,3.0,3.0,0.0,0.0,0.0,0.0
2025/12/12,10:59:45,0,39.0,210.0,313.0,253.0,15.0,216.0,3.0,3.0,0.0,0.0,0.0,0.0
2025/12/12,10:59:50,0,36.0,211.0,316.0,251.0,0.0,217.0,0.0,1.0,0.0,0.0,0.0,0.0
2025/12/12,10:59:55,0,42.0,214.0,315.0,254.0,5.0,216.0,2.0,2.0,0.0,0.0,0.0,0.0
2025/12/12,11:00:00,0,39.0,208.0,313.0,253.0,16.0,217.0,4.0,3.0,0.0,0.0,0.0,0.0
2025/12/12,11:00:05,0,36.0,207.0,314.0,253.0,4.0,216.0,1.0,2.0,0.0,0.0,0.0,0.0
2025/12/12,11:00:10,0,40.0,215.0,315.0,253.0,0.0,216.0,0.0,1.0,0.0,0.0,0.0,0.0
2025/12/12,11:00:15,0,40.0,224.0,314.0,254.0,2.0,217.0,2.0,1.0,0.0,0.0,0.0,0.0
2025/12/12,11:00:20,0,40.0,228.0,316.0,253.0,1.0,218.0,1.0,1.0,0.0,0.0,0.0,0.0
2025/12/12,11:00:25,0,40.0,219.0,315.0,253.0,0.0,217.0,0.0,0.0,0.0,0.0,0.0,0.0
2025/12/12,11:00:30,0,41.0,213.0,316.0,253.0,7.0,218.0,2.0,2.0,0.0,0.0,0.0,0.0
2025/12/12,11:00:35,0,40.0,204.0,315.0,251.0,19.0,216.0,4.0,3.0,0.0,0.0,0.0,0.0
2025/12/12,11:00:40,0,37.0,204.0,315.0,253.0,17.0,218.0,4.0,4.0,0.0,0.0,0.0,0.0
2025/12/12,11:00:45,0,39.0,209.0,316.0,251.0,16.0,216.0,4.0,3.0,0.0,0.0,0.0,0.0
2025/12/12,11:00:50,0,38.0,201.0,315.0,253.0,12.0,217.0,3.0,3.0,0.0,0.0,0.0,0.0
2025/12/12,11:00:55,0,38.0,207.0,317.0,253.0,0.0,216.0,0.0,1.0,0.0,0.0,0.0,0.0
2025/12/12,11:01:00,0,38.0,227.0,315.0,253.0,0.0,217.0,1.0,1.0,0.0,0.0,0.0,0.0
2025/12/12,11:01:05,0,38.0,210.0,317.0,253.0,10.0,217.0,2.0,2.0,0.0,0.0,0.0,0.0
2025/12/12,11:01:10,0,38.0,199.0,314.0,253.0,18.0,215.0,4.0,4.0,0.0,0.0,0.0,0.0
2025/12/12,11:01:15,0,38.0,202.0,315.0,252.0,17.0,216.0,4.0,3.0,0.0,0.0,0.0,0.0
2025/12/12,11:01:20,0,37.0,199.0,315.0,253.0,15.0,217.0,3.0,3.0,0.0,0.0,0.0,0.0
2025/12/12,11:01:25,0,38.0,210.0,315.0,253.0,13.0,216.0,3.0,3.0,0.0,0.0,0.0,0.0
2025/12/12,11:01:30,0,38.0,220.0,316.0,252.0,3.0,216.0,1.0,1.0,0.0,0.0,0.0,0.0
2025/12/12,11:01:35,0,35.0,223.0,316.0,253.0,4.0,216.0,1.0,1.0,0.0,0.0,0.0,0.0
2025/12/12,11:01:40,0,39.0,227.0,316.0,253.0,0.0,217.0,1.0,1.0,0.0,0.0,0.0,0.0
2025/12/12,11:01:45,0,36.0,225.0,316.0,253.0,1.0,216.0,1.0,1.0,0.0,0.0,0.0,0.0
2025/12/12,11:01:50,0,39.0,229.0,315.0,253.0,0.0,217.0,1.0,1.0,0.0,0.0,0.0,0.0
2025/12/12,11:01:55,0,36.0,225.0,316.0,251.0,0.0,216.0,1.0,1.0,0.0,0.0,0.0,0.0
2025/12/12,11:02:00,0,38.0,218.0,313.0,253.0,0.0,218.0,0.0,0.0,0.0,0.0,0.0,0.0
2025/12/12,11:02:05,0,38.0,216.0,316.0,251.0,0.0,218.0,2.0,1.0,0.0,0.0,0.0,0.0
2025/12/12,11:02:10,0,38.0,210.0,315.0,253.0,0.0,216.0,1.0,1.0,0.0,0.0,0.0,0.0
2025/12/12,11:02:15,0,38.0,210.0,314.0,253.0,0.0,217.0,0.0,0.0,0.0,0.0,0.0,0.0
2025/12/12,11:02:20,0,38.0,209.0,313.0,253.0,1.0,218.0,1.0,1.0,0.0,0.0,0.0,0.0
2025/12/12,11:02:25,0,37.0,206.0,313.0,253.0,3.0,218.0,1.0,2.0,0.0,0.0,0.0,0.0
2025/12/12,11:02:30,0,35.0,206.0,314.0,254.0,7.0,216.0,1.0,2.0,0.0,0.0,0.0,0.0
2025/12/12,11:02:35,0,38.0,207.0,313.0,254.0,2.0,217.0,0.0,1.0,0.0,0.0,0.0,0.0
2025/12/12,11:02:40,0,39.0,212.0,315.0,253.0,0.0,216.0,1.0,1.0,0.0,0.0,0.0,0.0
2025/12/12,11:02:45,0,39.0,227.0,314.0,253.0,0.0,216.0,1.0,1.0,0.0,0.0,0.0,0.0
2025/12/12,11:02:50,0,39.0,216.0,314.0,253.0,2.0,216.0,1.0,1.0,0.0,0.0,0.0,0.0
2025/12/12,11:02:55,0,38.0,201.0,312.0,253.0,17.0,217.0,3.0,3.0,0.0,0.0,0.0,0.0
2025/12/12,11:03:00,0,38.0,204.0,311.0,253.0,17.0,217.0,4.0,3.0,0.0,0.0,0.0,0.0
2025/12/12,11:03:05,0,38.0,207.0,312.0,253.0,16.0,218.0,3.0,3.0,0.0,0.0,0.0,0.0
2025/12/12,11:03:10,0,37.0,208.0,312.0,253.0,15.0,217.0,3.0,4.0,0.0,0.0,0.0,0.0
2025/12/12,11:03:15,0,36.0,204.0,312.0,253.0,9.0,217.0,1.0,2.0,0.0,0.0,0.0,0.0
2025/12/12,11:03:20,0,38.0,209.0,314.0,253.0,0.0,217.0,0.0,1.0,0.0,0.0,0.0,0.0
2025/12/12,11:03:25,0,37.0,223.0,314.0,253.0,0.0,216.0,1.0,1.0,0.0,0.0,0.0,0.0
2025/12/12,11:03:30,0,40.0,222.0,314.0,253.0,0.0,218.0,1.0,0.0,0.0,0.0,0.0,0.0
2025/12/12,11:03:35,0,34.0,213.0,314.0,253.0,9.0,216.0,2.0,1.0,0.0,0.0,0.0,0.0
2025/12/12,11:03:40,0,36.0,202.0,313.0,253.0,18.0,217.0,3.0,4.0,0.0,0.0,0.0,0.0
2025/12/12,11:03:45,0,34.0,202.0,312.0,253.0,15.0,217.0,3.0,3.0,0.0,0.0,0.0,0.0
2025/12/12,11:03:50,0,34.0,206.0,313.0,253.0,15.0,217.0,3.0,3.0,0.0,0.0,0.0,0.0
2025/12/12,11:03:55,0,32.0,206.0,313.0,253.0,16.0,217.0,3.0,3.0,0.0,0.0,0.0,0.0
2025/12/12,11:04:00,0,31.0,212.0,312.0,253.0,17.0,216.0,4.0,3.0,0.0,0.0,0.0,0.0
2025/12/12,11:04:05,0,34.0,204.0,313.0,253.0,14.0,217.0,3.0,3.0,0.0,0.0,0.0,0.0
2025/12/12,11:04:10,0,36.0,206.0,314.0,253.0,8.0,217.0,2.0,2.0,0.0,0.0,0.0,0.0
2025/12/12,11:04:15,0,37.0,208.0,316.0,252.0,0.0,218.0,1.0,1.0,0.0,0.0,0.0,0.0
2025/12/12,11:04:20,0,34.0,218.0,315.0,253.0,0.0,217.0,0.0,0.0,0.0,0.0,0.0,0.0
2025/12/12,11:04:25,0,30.0,221.0,316.0,253.0,1.0,217.0,1.0,0.0,0.0,0.0,0.0,0.0
2025/12/12,11:04:30,0,32.0,207.0,314.0,253.0,11.0,218.0,3.0,3.0,0.0,0.0,0.0,0.0
2025/12/12,11:04:35,0,34.0,201.0,312.0,253.0,18.0,218.0,4.0,3.0,0.0,0.0,0.0,0.0
2025/12/12,11:04:40,0,33.0,210.0,314.0,253.0,15.0,217.0,3.0,4.0,0.0,0.0,0.0,0.0
2025/12/12,11:05:17,0,37.0,209.0,316.0,253.0,19.0,216.0,4.0,4.0,0.0,0.0,0.0,0.0
2025/12/12,11:05:19,0,38.0,221.0,318.0,251.0,0.0,217.0,1.0,1.0,0.0,0.0,0.0,0.0
2025/12/12,11:05:24,0,38.0,214.0,319.0,253.0,0.0,217.0,0.0,1.0,0.0,0.0,0.0,0.0
2025/12/12,11:05:29,0,39.0,211.0,317.0,253.0,0.0,216.0,1.0,0.0,0.0,0.0,0.0,0.0
2025/12/12,11:05:34,0,37.0,210.0,317.0,252.0,0.0,218.0,1.0,0.0,0.0,0.0,0.0,0.0
2025/12/12,11:05:39,0,38.0,215.0,317.0,253.0,0.0,218.0,1.0,1.0,0.0,0.0,0.0,0.0
2025/12/12,11:05:44,0,37.0,219.0,315.0,253.0,0.0,218.0,0.0,0.0,0.0,0.0,0.0,0.0
2025/12/12,11:05:49,0,37.0,223.0,317.0,253.0,0.0,218.0,1.0,1.0,0.0,0.0,0.0,0.0
2025/12/12,11:05:54,0,37.0,226.0,317.0,253.0,0.0,216.0,1.0,1.0,0.0,0.0,0.0,0.0
2025/12/12,11:05:59,0,38.0,226.0,317.0,252.0,0.0,217.0,1.0,1.0,0.0,0.0,0.0,0.0
2025/12/12,11:06:04,0,37.0,221.0,316.0,253.0,1.0,216.0,3.0,1.0,0.0,0.0,0.0,0.0
2025/12/12,11:06:09,0,35.0,214.0,314.0,253.0,5.0,217.0,2.0,2.0,0.0,0.0,0.0,0.0
2025/12/12,11:06:14,0,35.0,199.0,314.0,252.0,16.0,216.0,4.0,4.0,0.0,0.0,0.0,0.0
2025/12/12,11:06:19,0,36.0,201.0,314.0,253.0,15.0,217.0,3.0,3.0,0.0,0.0,0.0,0.0
2025/12/12,11:06:24,0,34.0,216.0,316.0,252.0,0.0,217.0,1.0,1.0,0.0,0.0,0.0,0.0
2025/12/12,11:06:29,0,37.0,220.0,315.0,252.0,3.0,217.0,1.0,1.0,0.0,0.0,0.0,0.0
2025/12/12,11:06:34,0,34.0,197.0,314.0,253.0,15.0,217.0,3.0,4.0,0.0,0.0,0.0,0.0
2025/12/12,11:06:39,0,34.0,204.0,313.0,253.0,16.0,216.0,3.0,3.0,0.0,0.0,0.0,0.0
2025/12/12,11:06:44,0,33.0,213.0,313.0,253.0,16.0,217.0,3.0,3.0,0.0,0.0,0.0,0.0
2025/12/12,11:06:49,0,32.0,205.0,314.0,252.0,13.0,217.0,3.0,3.0,0.0,0.0,0.0,0.0
2025/12/12,11:06:54,0,30.0,213.0,315.0,253.0,0.0,216.0,1.0,1.0,0.0,0.0,-0.0008,0.0
2025/12/12,11:06:59,0,30.0,228.0,316.0,253.0,1.0,217.0,1.0,1.0,0.0,0.0,0.0,0.0
2025/12/12,11:07:04,0,34.0,217.0,314.0,253.0,3.0,218.0,1.0,1.0,0.0,0.0,0.0,0.0
2025/12/12,11:07:09,0,25.0,201.0,313.0,253.0,17.0,220.0,3.0,3.0,0.0,0.0,0.0,0.0
2025/12/12,11:07:14,0,30.0,204.0,312.0,253.0,16.0,216.0,3.0,3.0,0.0,0.0,0.0,0.0
2025/12/12,11:07:19,0,32.0,209.0,313.0,253.0,15.0,216.0,3.0,3.0,0.0,0.0,0.0,0.0
2025/12/12,11:07:24,0,34.0,206.0,312.0,253.0,10.0,217.0,2.0,2.0,0.0,0.0,0.0,0.0
2025/12/12,11:07:29,0,31.0,211.0,315.0,253.0,0.0,218.0,1.0,1.0,0.0,0.0,0.0,0.0
2025/12/12,11:07:34,0,28.0,229.0,315.0,254.0,1.0,217.0,1.0,1.0,0.0,0.0,0.0,0.0
2025/12/12,11:07:39,0,32.0,208.0,313.0,251.0,14.0,216.0,4.0,3.0,0.0,0.0,0.0,0.0
2025/12/12,11:07:44,0,30.0,206.0,312.0,253.0,16.0,216.0,3.0,3.0,0.0,0.0,0.0,0.0
2025/12/12,11:07:49,0,30.0,207.0,312.0,253.0,15.0,217.0,4.0,3.0,0.0,0.0,0.0,0.0
2025/12/12,11:07:54,0,30.0,207.0,314.0,253.0,7.0,217.0,2.0,3.0,0.0,0.0,0.0,0.0
2025/12/12,11:07:59,0,29.0,215.0,315.0,253.0,0.0,218.0,1.0,1.0,0.0,0.0,0.0,0.0
2025/12/12,11:08:04,0,29.0,217.0,316.0,253.0,6.0,216.0,1.0,1.0,0.0,0.0,0.0,0.0
2025/12/12,11:08:09,0,30.0,208.0,314.0,253.0,3.0,217.0,0.0,1.0,0.0,0.0,0.0,0.0
2025/12/12,11:08:14,0,31.0,210.0,313.0,253.0,14.0,218.0,3.0,3.0,0.0,0.0,0.0,0.0
2025/12/12,11:08:19,0,32.0,208.0,315.0,254.0,4.0,217.0,0.0,2.0,0.0,0.0,0.0,0.0
2025/12/12,11:08:24,0,30.0,223.0,316.0,253.0,0.0,217.0,2.0,1.0,0.0,0.0,0.0,0.0
2025/12/12,11:08:29,0,31.0,214.0,315.0,252.0,7.0,216.0,2.0,2.0,0.0,0.0,0.0,0.0
2025/12/12,11:08:34,0,28.0,206.0,312.0,253.0,17.0,218.0,4.0,3.0,0.0,0.0,0.0,0.0
2025/12/12,11:08:39,0,28.0,206.0,315.0,253.0,7.0,218.0,1.0,2.0,0.0,0.0,0.0,0.0
2025/12/12,11:08:44,0,27.0,221.0,317.0,254.0,0.0,216.0,1.0,1.0,0.0,0.0,0.0,0.0
2025/12/12,11:08:49,0,29.0,219.0,316.0,253.0,3.0,217.0,1.0,2.0,0.0,0.0,0.0,0.0
2025/12/12,11:08:54,0,27.0,199.0,315.0,253.0,15.0,217.0,3.0,3.0,0.0,0.0,0.0,0.0
2025/12/12,11:08:59,0,28.0,208.0,314.0,253.0,5.0,218.0,1.0,2.0,0.0,0.0,0.0,0.0
2025/12/12,11:09:04,0,33.0,215.0,317.0,253.0,5.0,216.0,1.0,0.0,0.0,0.0,0.0,0.0
2025/12/12,11:09:09,0,28.0,203.0,316.0,253.0,12.0,217.0,2.0,3.0,0.0,0.0,0.0,0.0
2025/12/12,11:09:14,0,30.0,227.0,318.0,253.0,0.0,216.0,2.0,1.0,0.0,0.0,0.0,0.0
2025/12/12,11:09:19,0,30.0,199.0,316.0,253.0,17.0,217.0,3.0,4.0,0.0,0.0,0.0,0.0
2025/12/12,11:09:24,0,29.0,207.0,317.0,251.0,11.0,217.0,2.0,2.0,0.0,0.0,0.0,0.0
2025/12/12,11:09:29,0,28.0,223.0,318.0,253.0,1.0,216.0,2.0,1.0,0.0,0.0,0.0,0.0
2025/12/12,11:09:34,0,32.0,205.0,317.0,252.0,16.0,216.0,3.0,3.0,0.0,0.0,0.0,0.0
2025/12/12,11:09:39,0,29.0,208.0,318.0,253.0,1.0,217.0,1.0,1.0,0.0,0.0,0.0,0.0
2025/12/12,11:09:44,0,32.0,227.0,318.0,253.0,0.0,216.0,1.0,0.0,0.0,0.0,0.0,0.0
2025/12/12,11:09:49,0,32.0,204.0,314.0,253.0,18.0,217.0,3.0,3.0,0.0,0.0,0.0,0.0
2025/12/12,11:09:54,0,34.0,211.0,315.0,253.0,16.0,218.0,4.0,3.0,0.0,0.0,0.0,0.0
2025/12/12,11:09:59,0,34.0,208.0,316.0,253.0,3.0,217.0,0.0,1.0,0.0,0.0,0.0,0.0
2025/12/12,11:10:04,0,36.0,219.0,317.0,253.0,0.0,217.0,1.0,0.0,0.0,0.0,0.0,0.0
2025/12/12,11:10:09,0,36.0,220.0,317.0,253.0,0.0,218.0,1.0,1.0,0.0,0.0,0.0,0.0
2025/12/12,11:10:14,0,37.0,204.0,316.0,253.0,14.0,218.0,3.0,3.0,0.0,0.0,0.0,0.0
2025/12/12,11:10:19,0,35.0,201.0,315.0,252.0,17.0,216.0,4.0,3.0,0.0,0.0,0.0,0.0
2025/12/12,11:10:24,0,34.0,206.0,314.0,253.0,15.0,216.0,3.0,3.0,0.0,0.0,0.0,0.0
2025/12/12,11:10:29,0,33.0,205.0,312.0,253.0,11.0,216.0,2.0,3.0,0.0,0.0,0.0,0.0
2025/12/12,11:10:34,0,35.0,219.0,311.0,253.0,0.0,218.0,1.0,1.0,0.0,0.0,0.0,0.0
2025/12/12,11:10:39,0,34.0,218.0,312.0,252.0,3.0,216.0,1.0,1.0,0.0,0.0,0.0,0.0
2025/12/12,11:10:44,0,37.0,202.0,309.0,252.0,16.0,217.0,3.0,4.0,0.0,0.0,0.0,0.0
2025/12/12,11:10:49,0,33.0,206.0,307.0,253.0,16.0,218.0,4.0,3.0,0.0,0.0,0.0,0.0
2025/12/12,11:10:54,0,34.0,206.0,308.0,252.0,8.0,218.0,3.0,3.0,0.0,0.0,0.0,0.0
2025/12/12,11:10:59,0,35.0,218.0,310.0,252.0,0.0,218.0,2.0,1.0,0.0,0.0,0.0,0.0
2025/12/12,11:11:04,0,36.0,210.0,307.0,253.0,6.0,217.0,2.0,2.0,0.0,0.0,0.0,0.0
2025/12/12,11:11:09,0,34.0,204.0,306.0,253.0,15.0,218.0,3.0,3.0,0.0,0.0,0.0,0.0
2025/12/12,11:11:14,0,32.0,201.0,305.0,253.0,13.0,217.0,3.0,3.0,0.0,0.0,0.0,0.0
2025/12/12,11:11:19,0,34.0,211.0,308.0,253.0,0.0,217.0,1.0,0.0,0.0,0.0,0.0,0.0
2025/12/12,11:11:24,0,33.0,227.0,307.0,253.0,2.0,218.0,1.0,1.0,0.0,0.0,0.0,0.0
2025/12/12,11:11:29,0,35.0,207.0,306.0,253.0,11.0,217.0,2.0,3.0,0.0,0.0,0.0,0.0
2025/12/12,11:11:34,0,34.0,204.0,305.0,253.0,16.0,218.0,3.0,4.0,0.0,0.0,0.0,0.0
2025/12/12,11:11:39,0,32.0,202.0,305.0,252.0,13.0,217.0,3.0,3.0,0.0,0.0,0.0,0.0
2025/12/12,11:11:44,0,34.0,212.0,307.0,253.0,0.0,216.0,1.0,1.0,0.0,0.0,0.0,0.0
2025/12/12,11:11:49,0,38.0,223.0,306.0,253.0,0.0,217.0,0.0,0.0,0.0,0.0,0.0,0.0
2025/12/12,11:11:54,0,33.0,198.0,305.0,253.0,17.0,216.0,4.0,3.0,0.0,0.0,0.0,0.0
2025/12/12,11:11:59,0,32.0,209.0,305.0,252.0,15.0,216.0,3.0,3.0,0.0,0.0,0.0,0.0
2025/12/12,11:12:04,0,30.0,202.0,302.0,253.0,14.0,218.0,4.0,3.0,0.0,0.0,0.0,0.0
2025/12/12,11:12:09,0,30.0,206.0,306.0,252.0,3.0,216.0,1.0,2.0,0.0,0.0,0.0,0.0
2025/12/12,11:12:14,0,30.0,211.0,305.0,253.0,0.0,216.0,1.0,0.0,0.0,0.0,0.0,0.0
2025/12/12,11:12:19,0,26.0,227.0,305.0,254.0,0.0,215.0,1.0,1.0,0.0,0.0,0.0,0.0
2025/12/12,11:12:24,0,31.0,216.0,305.0,254.0,8.0,218.0,2.0,2.0,0.0,0.0,0.0,0.0
2025/12/12,11:12:29,0,30.0,202.0,304.0,252.0,17.0,216.0,4.0,3.0,0.0,0.0,0.0,0.0
2025/12/12,11:12:34,0,30.0,203.0,303.0,253.0,16.0,215.0,4.0,3.0,0.0,0.0,0.0,0.0
2025/12/12,11:12:39,0,30.0,205.0,305.0,253.0,3.0,216.0,1.0,1.0,0.0,0.0,0.0,-0.0008
2025/12/12,11:12:44,0,30.0,220.0,305.0,253.0,0.0,217.0,1.0,1.0,0.0,0.0,0.0,0.0
2025/12/12,11:12:49,0,30.0,217.0,305.0,253.0,3.0,217.0,1.0,0.0,0.0,0.0,0.0,0.0
2025/12/12,11:12:54,0,30.0,198.0,304.0,253.0,16.0,217.0,2.0,3.0,0.0,0.0,0.0,0.0
2025/12/12,11:12:59,0,27.0,208.0,304.0,253.0,15.0,217.0,3.0,4.0,0.0,0.0,0.0,0.0
2025/12/12,11:13:04,0,30.0,207.0,305.0,253.0,1.0,216.0,1.0,1.0,0.0,0.0,0.0,0.0
2025/12/12,11:13:09,0,29.0,215.0,305.0,252.0,0.0,218.0,1.0,1.0,0.0,0.0,0.0,0.0
2025/12/12,11:13:14,0,32.0,225.0,305.0,252.0,1.0,219.0,0.0,1.0,0.0,0.0,0.0,0.0
2025/12/12,11:13:19,0,31.0,208.0,302.0,254.0,11.0,218.0,3.0,3.0,0.0,0.0,0.0,0.0
2025/12/12,11:13:24,0,33.0,205.0,302.0,253.0,17.0,216.0,3.0,3.0,0.0,0.0,0.0,0.0
2025/12/12,11:13:29,0,33.0,204.0,304.0,253.0,13.0,218.0,4.0,3.0,0.0,0.0,0.0,0.0
2025/12/12,11:13:34,0,35.0,210.0,305.0,253.0,0.0,216.0,1.0,1.0,0.0,0.0,0.0,0.0
2025/12/12,11:13:39,0,37.0,225.0,304.0,253.0,1.0,218.0,1.0,1.0,0.0,0.0,0.0,0.0
2025/12/12,11:13:44,0,39.0,211.0,304.0,253.0,9.0,218.0,2.0,2.0,0.0,0.0,0.0,0.0
2025/12/12,11:13:49,0,39.0,198.0,304.0,251.0,16.0,216.0,4.0,4.0,0.0,0.0,0.0,0.0
2025/12/12,11:13:54,0,39.0,203.0,302.0,253.0,15.0,217.0,3.0,4.0,0.0,0.0,0.0,0.0
2025/12/12,11:13:59,0,37.0,211.0,303.0,253.0,15.0,217.0,3.0,4.0,0.0,0.0,0.0,0.0
2025/12/12,11:14:04,0,37.0,206.0,304.0,254.0,8.0,216.0,2.0,2.0,0.0,0.0,0.0,0.0
2025/12/12,11:14:09,0,40.0,211.0,305.0,252.0,0.0,218.0,1.0,0.0,0.0,0.0,0.0,0.0
2025/12/12,11:14:14,0,39.0,223.0,302.0,253.0,0.0,216.0,1.0,1.0,0.0,0.0,0.0,-0.0008
2025/12/12,11:14:19,0,42.0,223.0,305.0,252.0,2.0,218.0,1.0,1.0,0.0,0.0,0.0,0.0
2025/12/12,11:14:24,0,40.0,198.0,301.0,254.0,17.0,218.0,4.0,3.0,0.0,0.0,0.0,0.0
2025/12/12,11:14:29,0,40.0,210.0,302.0,253.0,15.0,216.0,4.0,3.0,0.0,0.0,0.0,0.0
2025/12/12,11:14:34,0,40.0,203.0,303.0,253.0,12.0,217.0,3.0,3.0,0.0,0.0,0.0,0.0
2025/12/12,11:14:39,0,41.0,206.0,303.0,253.0,1.0,217.0,0.0,1.0,0.0,0.0,0.0,0.0
2025/12/12,11:14:44,0,40.0,217.0,304.0,253.0,0.0,217.0,1.0,1.0,0.0,0.0,0.0,0.0
2025/12/12,11:14:49,0,41.0,216.0,303.0,253.0,4.0,217.0,1.0,1.0,0.0,0.0,0.0,0.0
2025/12/12,11:15:30,0,38.0,224.0,304.0,253.0,0.0,216.0,1.0,0.0,0.0,0.0,0.0,0.0
2025/12/12,11:15:35,0,36.0,204.0,303.0,253.0,16.0,216.0,3.0,3.0,0.0,0.0,0.0,0.0
2025/12/12,11:15:40,0,38.0,202.0,302.0,253.0,13.0,217.0,3.0,3.0,0.0,0.0,0.0,0.0
2025/12/12,11:15:45,0,38.0,207.0,304.0,254.0,2.0,216.0,0.0,2.0,0.0,0.0,0.0,0.0
2025/12/12,11:15:50,0,39.0,224.0,304.0,253.0,0.0,216.0,1.0,1.0,0.0,0.0,0.0,0.0
2025/12/12,11:15:55,0,40.0,207.0,303.0,253.0,9.0,218.0,3.0,2.0,0.0,0.0,0.0,0.0
2025/12/12,11:16:00,0,35.0,208.0,299.0,254.0,17.0,217.0,4.0,3.0,0.0,0.0,0.0,0.0
2025/12/12,11:16:05,0,38.0,222.0,303.0,253.0,0.0,217.0,1.0,1.0,0.0,0.0,0.0,0.0
2025/12/12,11:16:10,0,36.0,203.0,301.0,254.0,17.0,218.0,3.0,3.0,0.0,0.0,0.0,0.0
2025/12/12,11:16:15,0,38.0,219.0,303.0,253.0,0.0,217.0,1.0,1.0,0.0,0.0,0.0,0.0
2025/12/12,11:16:20,0,35.0,206.0,301.0,253.0,16.0,218.0,4.0,3.0,0.0,0.0,0.0,0.0
2025/12/12,11:16:25,0,36.0,223.0,303.0,253.0,0.0,216.0,1.0,1.0,0.0,0.0,0.0,0.0
2025/12/12,11:16:30,0,36.0,203.0,301.0,252.0,17.0,216.0,3.0,3.0,0.0,0.0,0.0,0.0
2025/12/12,11:16:35,0,33.0,207.0,301.0,253.0,2.0,217.0,1.0,1.0,0.0,0.0,0.0,0.0
2025/12/12,11:16:40,0,34.0,215.0,301.0,253.0,4.0,224.0,2.0,2.0,0.0,0.0,0.0,0.0
2025/12/12,11:16:45,0,35.0,202.0,300.0,253.0,15.0,218.0,4.0,3.0,0.0,0.0,0.0,0.0
2025/12/12,11:16:50,0,35.0,226.0,302.0,253.0,2.0,216.0,2.0,1.0,0.0,0.0,0.0,0.0
2025/12/12,11:16:55,0,36.0,210.0,299.0,253.0,16.0,216.0,3.0,4.0,0.0,0.0,0.0,0.0
2025/12/12,11:17:00,0,33.0,222.0,301.0,253.0,0.0,216.0,1.0,1.0,0.0,0.0,0.0,0.0
2025/12/12,11:17:05,0,34.0,206.0,298.0,253.0,17.0,218.0,4.0,3.0,0.0,0.0,0.0,0.0
2025/12/12,11:17:10,0,35.0,216.0,298.0,253.0,0.0,217.0,1.0,1.0,0.0,0.0,0.0,0.0
2025/12/12,11:17:15,0,34.0,199.0,297.0,253.0,17.0,218.0,4.0,3.0,0.0,0.0,0.0,0.0
2025/12/12,11:17:20,0,36.0,215.0,299.0,253.0,0.0,217.0,1.0,1.0,0.0,0.0,0.0,0.0
2025/12/12,11:17:25,0,35.0,206.0,298.0,252.0,16.0,216.0,3.0,3.0,0.0,0.0,0.0,0.0
2025/12/12,11:17:30,0,35.0,226.0,298.0,253.0,1.0,218.0,2.0,1.0,0.0,0.0,0.0,0.0
2025/12/12,11:17:35,0,35.0,206.0,296.0,253.0,14.0,217.0,3.0,3.0,0.0,0.0,0.0,0.0
2025/12/12,11:17:40,0,33.0,217.0,297.0,254.0,4.0,217.0,2.0,1.0,0.0,0.0,0.0,0.0
2025/12/12,11:17:45,0,35.0,207.0,295.0,253.0,4.0,217.0,0.0,1.0,0.0,0.0,0.0,0.0
2025/12/12,11:17:50,0,34.0,208.0,294.0,253.0,16.0,215.0,4.0,3.0,0.0,0.0,0.0,0.0
2025/12/12,11:17:55,0,35.0,210.0,294.0,254.0,12.0,216.0,3.0,2.0,0.0,0.0,0.0,0.0
2025/12/12,11:18:00,0,34.0,223.0,293.0,253.0,0.0,216.0,1.0,1.0,0.0,0.0,0.0,0.0
2025/12/12,11:18:05,0,34.0,220.0,295.0,254.0,0.0,215.0,1.0,1.0,0.0,0.0,0.0,0.0
2025/12/12,11:18:10,0,35.0,209.0,293.0,253.0,0.0,217.0,0.0,1.0,0.0,0.0,0.0,0.0
2025/12/12,11:18:15,0,35.0,204.0,291.0,253.0,13.0,216.0,3.0,3.0,0.0,0.0,0.0,0.0
2025/12/12,11:18:20,0,34.0,206.0,291.0,253.0,16.0,217.0,3.0,3.0,0.0,0.0,0.0,0.0
2025/12/12,11:18:25,0,36.0,198.0,290.0,253.0,17.0,217.0,4.0,4.0,0.0,0.0,0.0,0.0
2025/12/12,11:18:30,0,30.0,206.0,290.0,250.0,12.0,217.0,3.0,3.0,0.0,0.0,0.0,0.0
2025/12/12,11:18:35,0,35.0,204.0,293.0,254.0,15.0,218.0,4.0,3.0,0.0,0.0,0.0,0.0
2025/12/12,11:18:40,0,37.0,204.0,289.0,254.0,18.0,216.0,4.0,3.0,0.0,0.0,0.0,0.0
2025/12/12,11:18:45,0,34.0,204.0,291.0,253.0,13.0,216.0,3.0,3.0,0.0,0.0,0.0,0.0
2025/12/12,11:18:50,0,36.0,219.0,293.0,254.0,0.0,216.0,2.0,1.0,0.0,0.0,0.0,0.0
2025/12/12,11:18:55,0,37.0,206.0,292.0,254.0,12.0,216.0,3.0,3.0,0.0,0.0,0.0,0.0
2025/12/12,11:19:00,0,37.0,206.0,290.0,253.0,16.0,216.0,3.0,3.0,0.0,0.0,0.0,0.0
2025/12/12,11:19:05,0,37.0,210.0,292.0,253.0,0.0,217.0,0.0,1.0,0.0,0.0,0.0,0.0
2025/12/12,11:19:10,0,39.0,226.0,292.0,254.0,1.0,217.0,2.0,1.0,0.0,0.0,0.0,0.0
2025/12/12,11:19:15,0,41.0,201.0,291.0,253.0,15.0,217.0,3.0,3.0,0.0,0.0,0.0,0.0
2025/12/12,11:19:20,0,36.0,208.0,289.0,253.0,15.0,217.0,4.0,3.0,0.0,0.0,0.0,0.0
2025/12/12,11:19:25,0,34.0,211.0,292.0,254.0,0.0,216.0,1.0,1.0,0.0,0.0,0.0,0.0
2025/12/12,11:19:30,0,39.0,224.0,292.0,253.0,2.0,217.0,1.0,1.0,0.0,0.0,0.0,0.0
2025/12/12,11:19:35,0,36.0,202.0,289.0,254.0,15.0,217.0,3.0,3.0,0.0,0.0,0.0,0.0
2025/12/12,11:19:40,0,35.0,207.0,291.0,254.0,15.0,217.0,3.0,4.0,0.0,0.0,0.0,0.0
2025/12/12,11:19:45,0,35.0,205.0,291.0,253.0,10.0,216.0,2.0,2.0,0.0,0.0,0.0,0.0
2025/12/12,11:19:50,0,33.0,211.0,293.0,254.0,0.0,217.0,1.0,1.0,0.0,0.0,0.0,0.0
2025/12/12,11:19:55,0,34.0,228.0,293.0,253.0,0.0,218.0,1.0,1.0,0.0,0.0,0.0,0.0
2025/12/12,11:20:00,0,33.0,219.0,292.0,254.0,2.0,217.0,0.0,1.0,0.0,0.0,0.0,0.0
2025/12/12,11:20:05,0,32.0,212.0,292.0,254.0,8.0,216.0,3.0,2.0,0.0,0.0,0.0,0.0
2025/12/12,11:20:10,0,33.0,209.0,291.0,253.0,11.0,218.0,3.0,2.0,0.0,0.0,0.0,0.0
2025/12/12,11:20:15,0,33.0,210.0,292.0,253.0,9.0,217.0,2.0,3.0,0.0,0.0,0.0,0.0
2025/12/12,11:20:20,0,32.0,217.0,291.0,254.0,3.0,217.0,1.0,1.0,0.0,0.0,0.0,0.0
2025/12/12,11:20:25,0,29.0,221.0,291.0,254.0,1.0,217.0,1.0,1.0,0.0,0.0,0.0,0.0
2025/12/12,11:20:30,0,29.0,206.0,292.0,254.0,3.0,217.0,1.0,2.0,0.0,0.0,0.0,0.0
2025/12/12,11:20:35,0,29.0,205.0,292.0,253.0,16.0,216.0,2.0,3.0,0.0,0.0,0.0,0.0
2025/12/12,11:20:40,0,31.0,217.0,293.0,253.0,2.0,216.0,2.0,2.0,0.0,0.0,0.0,0.0
2025/12/12,11:20:45,0,30.0,211.0,294.0,254.0,0.0,215.0,2.0,1.0,0.0,0.0,0.0,0.0
2025/12/12,11:20:50,0,28.0,212.0,293.0,252.0,12.0,215.0,4.0,3.0,0.0,0.0,0.0,0.0
2025/12/12,11:20:55,0,31.0,207.0,292.0,254.0,15.0,218.0,4.0,3.0,0.0,0.0,0.0,0.0
2025/12/12,11:21:00,0,29.0,224.0,296.0,255.0,0.0,215.0,2.0,1.0,0.0,0.0,0.0,0.0
2025/12/12,11:21:05,0,28.0,209.0,295.0,251.0,0.0,217.0,1.0,1.0,0.0,0.0,0.0,0.0
2025/12/12,11:21:10,0,27.0,205.0,294.0,253.0,11.0,216.0,2.0,3.0,0.0,0.0,0.0,0.0
2025/12/12,11:21:15,0,24.0,202.0,294.0,253.0,13.0,217.0,3.0,3.0,0.0,0.0,0.0,0.0
2025/12/12,11:21:20,0,26.0,210.0,294.0,253.0,15.0,216.0,3.0,4.0,0.0,0.0,0.0,0.0
2025/12/12,11:21:25,0,27.0,207.0,296.0,252.0,0.0,217.0,0.0,1.0,0.0,0.0,0.0,0.0
2025/12/12,11:21:30,0,28.0,201.0,295.0,254.0,17.0,216.0,4.0,3.0,0.0,0.0,0.0,0.0
2025/12/12,11:21:35,0,27.0,198.0,294.0,252.0,17.0,216.0,4.0,4.0,0.0,0.0,0.0,0.0
2025/12/12,11:21:40,0,29.0,214.0,296.0,254.0,3.0,217.0,2.0,2.0,0.0,0.0,0.0,0.0
2025/12/12,11:21:45,0,28.0,222.0,296.0,254.0,1.0,218.0,2.0,1.0,0.0,0.0,0.0,0.0
2025/12/12,11:21:50,0,26.0,203.0,292.0,254.0,14.0,218.0,5.0,3.0,0.0,0.0,0.0,0.0
2025/12/12,11:21:55,0,23.0,204.0,295.0,253.0,14.0,215.0,5.0,5.0,0.0,0.0,0.0,0.0
2025/12/12,11:22:00,0,28.0,219.0,296.0,254.0,0.0,216.0,1.0,1.0,0.0,0.0,0.0,0.0
2025/12/12,11:22:05,0,27.0,203.0,296.0,254.0,14.0,217.0,3.0,4.0,0.0,0.0,0.0,0.0
2025/12/12,11:22:10,0,27.0,199.0,294.0,253.0,15.0,216.0,3.0,4.0,0.0,0.0,0.0,0.0
2025/12/12,11:22:15,0,25.0,224.0,297.0,253.0,0.0,216.0,1.0,1.0,0.0,0.0,0.0,0.0
2025/12/12,11:22:20,0,27.0,206.0,295.0,254.0,4.0,217.0,1.0,2.0,0.0,0.0,0.0,0.0
2025/12/12,11:22:25,0,26.0,199.0,295.0,254.0,16.0,216.0,2.0,3.0,0.0,0.0,0.0,0.0
2025/12/12,11:22:30,0,27.0,219.0,296.0,254.0,0.0,218.0,3.0,1.0,0.0,0.0,0.0,0.0
2025/12/12,11:22:35,0,29.0,210.0,294.0,254.0,16.0,216.0,4.0,3.0,0.0,0.0,0.0,0.0
2025/12/12,11:22:40,0,23.0,215.0,294.0,254.0,5.0,216.0,2.0,2.0,0.0,0.0,0.0,0.0
2025/12/12,11:22:45,0,27.0,208.0,296.0,254.0,0.0,218.0,2.0,1.0,0.0,0.0,0.0,0.0
2025/12/12,11:22:50,0,24.0,207.0,295.0,253.0,16.0,216.0,3.0,4.0,0.0,0.0,0.0,0.0
2025/12/12,11:22:55,0,23.0,220.0,296.0,253.0,0.0,215.0,3.0,0.0,0.0,0.0,0.0,0.0
2025/12/12,11:23:00,0,25.0,208.0,296.0,254.0,0.0,217.0,0.0,1.0,0.0,0.0,0.0,0.0
2025/12/12,11:23:05,0,23.0,210.0,296.0,252.0,16.0,216.0,4.0,3.0,0.0,0.0,0.0,0.0
2025/12/12,11:23:10,0,21.0,215.0,297.0,254.0,6.0,216.0,3.0,2.0,0.0,0.0,0.0,0.0
2025/12/12,11:23:15,0,21.0,220.0,296.0,252.0,0.0,217.0,2.0,1.0,0.0,0.0,0.0,0.0
2025/12/12,11:23:20,0,24.0,203.0,295.0,254.0,12.0,217.0,3.0,3.0,0.0,0.0,0.0,0.0
2025/12/12,11:23:25,0,22.0,202.0,295.0,253.0,17.0,215.0,4.0,3.0,0.0,0.0,0.0,0.0
2025/12/12,11:23:30,0,24.0,225.0,297.0,254.0,1.0,215.0,2.0,1.0,0.0,0.0,0.0,0.0
2025/12/12,11:23:35,0,21.0,207.0,294.0,254.0,1.0,216.0,0.0,1.0,0.0,0.0,0.0,0.0
2025/12/12,11:23:40,0,22.0,208.0,293.0,254.0,17.0,216.0,4.0,3.0,0.0,0.0,0.0,0.0
2025/12/12,11:23:45,0,22.0,219.0,296.0,254.0,2.0,217.0,3.0,1.0,0.0,0.0,0.0,0.0
2025/12/12,11:23:50,0,24.0,208.0,295.0,253.0,2.0,216.0,1.0,2.0,0.0,0.0,0.0,0.0
2025/12/12,11:23:55,0,22.0,203.0,295.0,254.0,15.0,216.0,3.0,3.0,0.0,0.0,0.0,0.0
2025/12/12,11:24:00,0,24.0,229.0,296.0,254.0,2.0,216.0,2.0,0.0,0.0,0.0,0.0,0.0
2025/12/12,11:24:05,0,19.0,205.0,295.0,254.0,7.0,217.0,1.0,2.0,0.0,0.0,0.0,0.0
2025/12/12,11:24:10,0,21.0,202.0,293.0,254.0,15.0,217.0,3.0,3.0,0.0,0.0,0.0,0.0
2025/12/12,11:24:15,0,23.0,231.0,296.0,254.0,1.0,218.0,3.0,1.0,0.0,0.0,0.0,0.0
2025/12/12,11:24:20,0,22.0,205.0,294.0,254.0,10.0,216.0,2.0,2.0,0.0,0.0,0.0,0.0
2025/12/12,11:24:25,0,20.0,201.0,296.0,252.0,16.0,216.0,4.0,3.0,0.0,0.0,0.0,0.0
2025/12/12,11:24:30,0,21.0,222.0,295.0,254.0,2.0,217.0,2.0,1.0,0.0,0.0,0.0,0.0
2025/12/12,11:24:35,0,20.0,221.0,296.0,253.0,0.0,217.0,1.0,1.0,0.0,0.0,0.0,0.0
2025/12/12,11:24:40,0,22.0,221.0,297.0,254.0,0.0,216.0,1.0,0.0,0.0,0.0,0.0,0.0
2025/12/12,11:24:45,0,19.0,229.0,297.0,252.0,0.0,217.0,1.0,1.0,0.0,0.0,0.0,0.0
2025/12/12,11:24:50,0,19.0,217.0,296.0,254.0,3.0,217.0,1.0,1.0,0.0,0.0,0.0,0.0
2025/12/12,11:24:55,0,24.0,206.0,294.0,254.0,17.0,215.0,3.0,3.0,0.0,0.0,0.0,0.0
2025/12/12,11:25:00,0,18.0,199.0,295.0,254.0,17.0,216.0,3.0,4.0,0.0,0.0,0.0,0.0
2025/12/12,11:25:34,0,18.0,218.0,298.0,253.0,2.0,218.0,2.0,2.0,0.0,0.0,0.0,0.0
2025/12/12,11:25:38,0,19.0,205.0,296.0,253.0,17.0,217.0,3.0,3.0,0.0,0.0,0.0,0.0
2025/12/12,11:25:43,0,18.0,220.0,298.0,254.0,6.0,215.0,2.0,1.0,0.0,0.0,0.0,0.0
2025/12/12,11:25:48,0,16.0,211.0,298.0,254.0,0.0,216.0,1.0,0.0,0.0,0.0,0.0,0.0
2025/12/12,11:25:53,0,15.0,204.0,296.0,254.0,15.0,217.0,3.0,3.0,0.0,0.0,0.0,0.0
2025/12/12,11:25:58,0,18.0,203.0,295.0,254.0,19.0,217.0,4.0,3.0,0.0,0.0,0.0,0.0
2025/12/12,11:26:03,0,15.0,216.0,299.0,253.0,5.0,215.0,2.0,2.0,0.0,0.0,0.0,0.0
2025/12/12,11:26:08,0,16.0,224.0,299.0,254.0,0.0,216.0,1.0,1.0,0.0,0.0,0.0,0.0
2025/12/12,11:26:13,0,16.0,206.0,299.0,254.0,5.0,215.0,2.0,1.0,0.0,0.0,0.0,0.0
2025/12/12,11:26:18,0,13.0,212.0,297.0,254.0,15.0,215.0,3.0,4.0,0.0,0.0,0.0,0.0
2025/12/12,11:26:23,0,16.0,199.0,297.0,254.0,15.0,215.0,4.0,4.0,0.0,0.0,0.0,0.0
2025/12/12,11:26:28,0,15.0,220.0,300.0,255.0,0.0,217.0,1.0,1.0,0.0,0.0,0.0,0.0
2025/12/12,11:26:33,0,15.0,220.0,301.0,254.0,0.0,216.0,1.0,1.0,0.0,0.0,0.0,0.0
2025/12/12,11:26:38,0,16.0,206.0,299.0,254.0,7.0,216.0,1.0,2.0,0.0,0.0,0.0,0.0
2025/12/12,11:26:43,0,15.0,208.0,298.0,254.0,16.0,217.0,3.0,2.0,0.0,0.0,0.0,0.0
2025/12/12,11:26:48,0,15.0,209.0,299.0,254.0,12.0,215.0,3.0,3.0,0.0,0.0,0.0,0.0
2025/12/12,11:26:53,0,17.0,227.0,301.0,254.0,2.0,216.0,2.0,1.0,0.0,0.0,0.0,0.0
2025/12/12,11:26:58,0,17.0,207.0,300.0,254.0,3.0,216.0,1.0,1.0,0.0,0.0,0.0,0.0
2025/12/12,11:27:03,0,17.0,206.0,300.0,254.0,15.0,216.0,3.0,3.0,0.0,0.0,0.0,0.0
2025/12/12,11:27:08,0,17.0,208.0,301.0,254.0,13.0,216.0,3.0,3.0,0.0,0.0,0.0,0.0
2025/12/12,11:27:13,0,19.0,218.0,302.0,254.0,4.0,215.0,2.0,2.0,0.0,0.0,0.0,0.0
2025/12/12,11:27:18,0,20.0,219.0,302.0,254.0,4.0,215.0,2.0,1.0,0.0,0.0,0.0,0.0
2025/12/12,11:27:23,0,24.0,206.0,301.0,254.0,15.0,217.0,3.0,3.0,0.0,0.0,0.0,0.0
2025/12/12,11:27:28,0,21.0,204.0,301.0,254.0,17.0,217.0,3.0,3.0,0.0,0.0,0.0,0.0
2025/12/12,11:27:33,0,21.0,208.0,302.0,253.0,9.0,216.0,2.0,2.0,0.0,0.0,0.0,0.0
2025/12/12,11:27:38,0,24.0,222.0,304.0,254.0,0.0,216.0,1.0,1.0,0.0,0.0,0.0,0.0
2025/12/12,11:27:43,0,24.0,204.0,302.0,254.0,14.0,217.0,3.0,3.0,0.0,0.0,0.0,0.0
2025/12/12,11:27:48,0,26.0,204.0,303.0,254.0,14.0,217.0,4.0,3.0,0.0,0.0,0.0,0.0
2025/12/12,11:27:53,0,25.0,222.0,305.0,254.0,1.0,216.0,1.0,1.0,0.0,0.0,0.0,0.0
2025/12/12,11:27:58,0,25.0,200.0,304.0,254.0,16.0,216.0,3.0,4.0,0.0,0.0,0.0,0.0
2025/12/12,11:28:03,0,25.0,203.0,304.0,255.0,13.0,215.0,3.0,3.0,0.0,0.0,0.0,0.0
2025/12/12,11:28:08,0,26.0,222.0,305.0,254.0,0.0,216.0,1.0,1.0,0.0,0.0,0.0,0.0
2025/12/12,11:28:13,0,26.0,205.0,303.0,254.0,19.0,217.0,3.0,4.0,0.0,0.0,0.0,0.0
2025/12/12,11:28:18,0,25.0,204.0,306.0,253.0,14.0,217.0,5.0,3.0,0.0,0.0,0.0,0.0
2025/12/12,11:28:23,0,25.0,224.0,308.0,254.0,0.0,215.0,2.0,1.0,0.0,0.0,0.0,0.0
2025/12/12,11:28:28,0,26.0,200.0,303.0,254.0,18.0,215.0,3.0,3.0,0.0,0.0,0.0,0.0
2025/12/12,11:28:33,0,27.0,207.0,308.0,254.0,4.0,216.0,1.0,2.0,0.0,0.0,0.0,0.0
2025/12/12,11:28:38,0,28.0,220.0,309.0,254.0,3.0,216.0,1.0,0.0,0.0,0.0,0.0,0.0
2025/12/12,11:29:31,0,24.0,214.0,312.0,254.0,7.0,217.0,2.0,2.0,0.0,0.0,0.0,0.0
2025/12/12,11:29:35,0,20.0,220.0,313.0,254.0,0.0,218.0,2.0,1.0,0.0,0.0,0.0,0.0
2025/12/12,11:29:40,0,23.0,206.0,312.0,254.0,17.0,215.0,4.0,3.0,0.0,0.0,0.0,0.0
2025/12/12,11:29:45,0,18.0,208.0,315.0,254.0,2.0,216.0,1.0,1.0,0.0,0.0,0.0,0.0
2025/12/12,11:29:50,0,24.0,219.0,314.0,254.0,3.0,216.0,0.0,1.0,0.0,0.0,0.0,0.0
2025/12/12,11:29:55,0,24.0,206.0,313.0,254.0,18.0,217.0,3.0,3.0,0.0,0.0,0.0,0.0
2025/12/12,11:30:00,0,23.0,207.0,315.0,254.0,4.0,217.0,2.0,2.0,0.0,0.0,0.0,0.0
2025/12/12,11:30:05,0,24.0,221.0,316.0,253.0,0.0,216.0,1.0,1.0,0.0,0.0,0.0,0.0
2025/12/12,11:30:10,0,28.0,226.0,315.0,254.0,4.0,216.0,1.0,1.0,0.0,0.0,0.0,0.0
2025/12/12,11:30:15,0,23.0,227.0,317.0,253.0,0.0,217.0,1.0,1.0,0.0,0.0,0.0,0.0
2025/12/12,11:30:20,0,26.0,214.0,318.0,254.0,0.0,216.0,1.0,0.0,0.0,0.0,0.0,0.0
2025/12/12,11:30:25,0,25.0,204.0,317.0,255.0,13.0,215.0,3.0,3.0,0.0,0.0,0.0,0.0
2025/12/12,11:30:30,0,30.0,205.0,317.0,254.0,13.0,217.0,3.0,3.0,0.0,0.0,0.0,0.0
2025/12/12,11:30:35,0,27.0,225.0,318.0,254.0,0.0,215.0,2.0,1.0,0.0,0.0,0.0,0.0
2025/12/12,11:30:40,0,25.0,213.0,320.0,254.0,0.0,216.0,1.0,0.0,0.0,0.0,0.0,0.0
2025/12/12,11:30:45,0,25.0,214.0,321.0,254.0,0.0,217.0,0.0,1.0,0.0,0.0,0.0,0.0
2025/12/12,11:30:50,0,26.0,218.0,320.0,254.0,0.0,216.0,1.0,1.0,0.0,0.0,0.0,0.0
2025/12/12,11:30:55,0,25.0,220.0,320.0,254.0,0.0,216.0,0.0,0.0,0.0,0.0,0.0,0.0
2025/12/12,11:31:00,0,24.0,220.0,321.0,254.0,0.0,215.0,2.0,1.0,0.0,0.0,0.0,0.0
2025/12/12,11:31:05,0,24.0,216.0,321.0,254.0,1.0,216.0,1.0,1.0,0.0,0.0,0.0,0.0
2025/12/12,11:31:10,0,23.0,210.0,322.0,254.0,0.0,217.0,0.0,0.0,0.0,0.0,0.0,0.0
2025/12/12,11:31:15,0,24.0,210.0,320.0,254.0,17.0,215.0,3.0,4.0,0.0,0.0,0.0,0.0
2025/12/12,11:31:20,0,25.0,218.0,322.0,254.0,3.0,217.0,3.0,1.0,0.0,0.0,0.0,0.0
2025/12/12,11:31:25,0,22.0,204.0,319.0,254.0,12.0,217.0,3.0,3.0,0.0,0.0,0.0,0.0
2025/12/12,11:31:30,0,24.0,223.0,324.0,255.0,0.0,215.0,2.0,1.0,0.0,0.0,0.0,0.0
2025/12/12,11:31:35,0,24.0,208.0,321.0,254.0,17.0,216.0,3.0,3.0,0.0,0.0,0.0,0.0
2025/12/12,11:31:40,0,23.0,218.0,321.0,254.0,1.0,216.0,0.0,1.0,0.0,0.0,0.0,0.0
2025/12/12,11:31:45,0,24.0,200.0,321.0,253.0,16.0,216.0,3.0,3.0,0.0,0.0,0.0,0.0
2025/12/12,11:31:50,0,24.0,207.0,319.0,255.0,1.0,216.0,1.0,1.0,0.0,0.0,0.0,0.0
2025/12/12,11:31:55,0,23.0,214.0,321.0,253.0,5.0,215.0,2.0,2.0,0.0,0.0,0.0,0.0
2025/12/12,11:32:00,0,22.0,210.0,318.0,254.0,16.0,216.0,3.0,3.0,0.0,0.0,0.0,0.0
2025/12/12,11:32:05,0,24.0,209.0,320.0,253.0,0.0,217.0,1.0,0.0,0.0,0.0,0.0,0.0
2025/12/12,11:32:10,0,22.0,220.0,317.0,254.0,3.0,217.0,1.0,1.0,0.0,0.0,0.0,0.0
2025/12/12,11:32:15,0,23.0,199.0,318.0,255.0,19.0,216.0,4.0,4.0,0.0,0.0,0.0,0.0
2025/12/12,11:32:20,0,23.0,211.0,316.0,254.0,15.0,216.0,3.0,3.0,0.0,0.0,0.0,0.0
2025/12/12,11:32:25,0,20.0,207.0,316.0,254.0,9.0,215.0,4.0,1.0,0.0,0.0,0.0,0.0
2025/12/12,11:32:30,0,21.0,213.0,316.0,254.0,0.0,216.0,1.0,1.0,0.0,0.0,0.0,0.0
2025/12/12,11:32:35,0,23.0,227.0,316.0,254.0,1.0,216.0,1.0,1.0,0.0,0.0,0.0,0.0
2025/12/12,11:32:40,0,24.0,208.0,315.0,253.0,11.0,216.0,3.0,2.0,0.0,0.0,0.0,0.0
2025/12/12,11:32:45,0,23.0,201.0,313.0,255.0,16.0,216.0,3.0,3.0,0.0,0.0,0.0,0.0
2025/12/12,11:32:50,0,22.0,218.0,314.0,254.0,0.0,217.0,1.0,1.0,0.0,0.0,0.0,0.0
2025/12/12,11:32:55,0,21.0,203.0,313.0,254.0,11.0,217.0,2.0,3.0,0.0,0.0,0.0,0.0
2025/12/12,11:33:00,0,21.0,208.0,314.0,254.0,1.0,218.0,2.0,1.0,0.0,0.0,0.0,0.0
2025/12/12,11:33:05,0,20.0,229.0,314.0,252.0,0.0,217.0,1.0,1.0,0.0,0.0,0.0,0.0
2025/12/12,11:33:10,0,17.0,202.0,310.0,254.0,21.0,217.0,3.0,4.0,0.0,0.0,0.0,0.0
2025/12/12,11:33:15,0,20.0,213.0,312.0,252.0,16.0,215.0,4.0,3.0,0.0,0.0,0.0,0.0
2025/12/12,11:33:20,0,20.0,206.0,312.0,256.0,7.0,215.0,3.0,1.0,0.0,0.0,0.0,0.0
2025/12/12,11:33:25,0,19.0,217.0,313.0,254.0,0.0,216.0,1.0,1.0,0.0,0.0,0.0,0.0
2025/12/12,11:33:30,0,21.0,215.0,313.0,254.0,4.0,216.0,2.0,1.0,0.0,0.0,0.0,0.0
2025/12/12,11:33:35,0,20.0,207.0,310.0,254.0,14.0,215.0,3.0,3.0,0.0,0.0,0.0,0.0
2025/12/12,11:33:40,0,14.0,207.0,311.0,254.0,3.0,216.0,1.0,1.0,0.0,0.0,0.0,0.0
2025/12/12,11:33:45,0,17.0,228.0,310.0,254.0,1.0,216.0,1.0,1.0,0.0,0.0,0.0,0.0
2025/12/12,11:33:50,0,17.0,202.0,309.0,254.0,17.0,215.0,3.0,3.0,0.0,0.0,0.0,0.0
2025/12/12,11:33:55,0,21.0,206.0,310.0,255.0,8.0,216.0,3.0,2.0,0.0,0.0,0.0,0.0
2025/12/12,11:34:00,0,19.0,227.0,312.0,254.0,1.0,215.0,2.0,1.0,0.0,0.0,0.0,0.0
2025/12/12,11:34:05,0,20.0,196.0,310.0,254.0,15.0,216.0,3.0,4.0,0.0,0.0,0.0,0.0
2025/12/12,11:34:10,0,21.0,203.0,309.0,254.0,12.0,217.0,3.0,3.0,0.0,0.0,0.0,0.0
2025/12/12,11:34:15,0,21.0,219.0,311.0,254.0,1.0,217.0,1.0,1.0,0.0,0.0,0.0,0.0
2025/12/12,11:34:20,0,23.0,205.0,308.0,254.0,15.0,217.0,2.0,3.0,0.0,0.0,0.0,0.0
2025/12/12,11:34:25,0,21.0,203.0,306.0,254.0,14.0,218.0,4.0,2.0,0.0,0.0,0.0,0.0
2025/12/12,11:34:30,0,22.0,218.0,312.0,254.0,1.0,217.0,1.0,1.0,0.0,0.0,0.0,0.0
2025/12/12,11:34:35,0,27.0,212.0,311.0,254.0,6.0,217.0,1.0,2.0,0.0,0.0,0.0,0.0
2025/12/12,11:34:40,0,22.0,205.0,310.0,254.0,15.0,216.0,2.0,3.0,0.0,0.0,0.0,0.0
2025/12/12,11:34:45,0,23.0,206.0,310.0,254.0,8.0,216.0,2.0,2.0,0.0,0.0,0.0,0.0
2025/12/12,11:34:50,0,21.0,219.0,311.0,254.0,0.0,217.0,2.0,1.0,0.0,0.0,0.0,0.0
2025/12/12,11:34:55,0,22.0,218.0,311.0,254.0,6.0,217.0,3.0,2.0,0.0,0.0,0.0,0.0
2025/12/12,11:35:00,0,23.0,203.0,308.0,254.0,16.0,215.0,4.0,3.0,0.0,0.0,0.0,0.0
2025/12/12,11:35:05,0,23.0,203.0,309.0,254.0,13.0,217.0,3.0,3.0,0.0,0.0,0.0,0.0
2025/12/12,11:35:10,0,23.0,212.0,310.0,254.0,0.0,217.0,1.0,1.0,0.0,0.0,0.0,0.0
2025/12/12,11:35:15,0,25.0,221.0,312.0,255.0,2.0,215.0,1.0,2.0,0.0,0.0,0.0,0.0
2025/12/12,11:35:20,0,26.0,204.0,307.0,254.0,15.0,217.0,3.0,3.0,0.0,0.0,0.0,0.0
2025/12/12,11:35:25,0,27.0,207.0,312.0,255.0,3.0,215.0,1.0,1.0,0.0,0.0,0.0,0.0
2025/12/12,11:35:30,0,27.0,211.0,311.0,254.0,7.0,215.0,2.0,2.0,0.0,0.0,0.0,0.0
2025/12/12,11:35:35,0,26.0,206.0,312.0,253.0,8.0,215.0,2.0,2.0,0.0,0.0,0.0,0.0
2025/12/12,11:35:40,0,28.0,217.0,310.0,254.0,5.0,217.0,1.0,1.0,0.0,0.0,0.0,0.0
2025/12/12,11:35:45,0,31.0,209.0,310.0,254.0,13.0,216.0,2.0,3.0,0.0,0.0,0.0,0.0
2025/12/12,11:35:50,0,30.0,206.0,311.0,255.0,5.0,216.0,1.0,2.0,0.0,0.0,0.0,0.0
2025/12/12,11:35:55,0,33.0,227.0,311.0,255.0,0.0,215.0,1.0,1.0,0.0,0.0,0.0,0.0
2025/12/12,11:36:00,0,30.0,200.0,310.0,253.0,15.0,216.0,3.0,3.0,0.0,0.0,0.0,0.0
2025/12/12,11:36:05,0,31.0,205.0,309.0,254.0,11.0,215.0,3.0,3.0,0.0,0.0,0.0,0.0
2025/12/12,11:36:10,0,32.0,222.0,310.0,255.0,1.0,216.0,2.0,2.0,0.0,0.0,0.0,0.0
2025/12/12,11:36:15,0,25.0,209.0,308.0,254.0,14.0,216.0,3.0,3.0,0.0,0.0,0.0,0.0
2025/12/12,11:36:20,0,31.0,221.0,309.0,254.0,0.0,216.0,1.0,1.0,0.0,0.0,0.0,0.0
2025/12/12,11:36:25,0,31.0,203.0,308.0,253.0,16.0,216.0,3.0,3.0,0.0,0.0,0.0,0.0
2025/12/12,11:36:30,0,32.0,211.0,309.0,254.0,1.0,216.0,2.0,1.0,0.0,0.0,0.0,0.0
2025/12/12,11:36:35,0,32.0,205.0,307.0,254.0,15.0,215.0,4.0,3.0,0.0,0.0,0.0,0.0
2025/12/12,11:36:40,0,31.0,211.0,308.0,253.0,15.0,215.0,4.0,3.0,0.0,0.0,0.0,0.0
2025/12/12,11:36:45,0,32.0,212.0,307.0,254.0,14.0,216.0,2.0,3.0,0.0,0.0,0.0,0.0
2025/12/12,11:36:50,0,31.0,202.0,307.0,255.0,16.0,217.0,4.0,2.0,0.0,0.0,0.0,0.0
2025/12/12,11:36:55,0,30.0,204.0,307.0,254.0,13.0,215.0,3.0,3.0,0.0,0.0,0.0,0.0
2025/12/12,11:37:00,0,33.0,208.0,307.0,254.0,5.0,217.0,2.0,2.0,0.0,0.0,0.0,0.0
2025/12/12,11:37:05,0,31.0,218.0,309.0,255.0,0.0,215.0,2.0,1.0,0.0,0.0,0.0,0.0
2025/12/12,11:37:10,0,31.0,214.0,305.0,254.0,4.0,218.0,3.0,3.0,0.0,0.0,0.0,0.0
2025/12/12,11:37:15,0,31.0,207.0,307.0,254.0,13.0,217.0,3.0,3.0,0.0,0.0,0.0,0.0
2025/12/12,11:37:20,0,33.0,205.0,307.0,254.0,8.0,216.0,1.0,2.0,0.0,0.0,0.0,0.0
2025/12/12,11:37:25,0,29.0,221.0,309.0,254.0,0.0,215.0,2.0,1.0,0.0,0.0,0.0,0.0
2025/12/12,11:37:30,0,30.0,220.0,306.0,255.0,2.0,217.0,2.0,1.0,0.0,0.0,0.0,0.0
2025/12/12,11:37:35,0,28.0,214.0,308.0,254.0,4.0,217.0,2.0,2.0,0.0,0.0,0.0,0.0
2025/12/12,11:37:40,0,29.0,229.0,308.0,254.0,2.0,217.0,1.0,1.0,0.0,0.0,0.0,0.0
2025/12/12,11:37:45,0,28.0,204.0,305.0,254.0,10.0,217.0,2.0,2.0,0.0,0.0,0.0,0.0
2025/12/12,11:37:50,0,27.0,215.0,309.0,253.0,5.0,215.0,3.0,2.0,0.0,0.0,0.0,0.0
2025/12/12,11:37:55,0,22.0,203.0,307.0,254.0,11.0,216.0,3.0,3.0,0.0,0.0,0.0,0.0
2025/12/12,11:38:00,0,22.0,222.0,309.0,254.0,0.0,216.0,2.0,1.0,0.0,0.0,0.0,0.0
2025/12/12,11:38:05,0,25.0,211.0,307.0,255.0,17.0,217.0,4.0,3.0,0.0,0.0,0.0,0.0
2025/12/12,11:38:10,0,25.0,211.0,308.0,254.0,0.0,217.0,1.0,1.0,0.0,0.0,0.0,0.0
2025/12/12,11:38:15,0,29.0,211.0,307.0,254.0,10.0,217.0,2.0,2.0,0.0,0.0,0.0,0.0
2025/12/12,11:38:20,0,26.0,204.0,307.0,253.0,13.0,215.0,4.0,3.0,0.0,0.0,0.0,0.0
2025/12/12,11:38:25,0,26.0,222.0,309.0,254.0,0.0,216.0,1.0,1.0,0.0,0.0,0.0,0.0
2025/12/12,11:38:30,0,27.0,200.0,309.0,255.0,15.0,216.0,3.0,3.0,0.0,0.0,0.0,0.0
2025/12/12,11:38:35,0,27.0,204.0,309.0,255.0,12.0,216.0,3.0,3.0,0.0,0.0,0.0,0.0
2025/12/12,11:38:40,0,27.0,225.0,310.0,255.0,1.0,216.0,1.0,1.0,0.0,0.0,0.0,0.0
2025/12/12,11:38:45,0,26.0,197.0,309.0,252.0,17.0,216.0,4.0,2.0,0.0,0.0,0.0,0.0
2025/12/12,11:38:50,0,27.0,205.0,309.0,254.0,15.0,217.0,3.0,3.0,0.0,0.0,0.0,0.0
2025/12/12,11:38:55,0,25.0,216.0,311.0,254.0,0.0,216.0,1.0,1.0,0.0,0.0,0.0,0.0
2025/12/12,11:39:00,0,31.0,211.0,310.0,254.0,11.0,215.0,3.0,2.0,0.0,0.0,0.0,0.0
2025/12/12,11:39:05,0,25.0,207.0,309.0,254.0,17.0,215.0,3.0,3.0,0.0,0.0,0.0,0.0
2025/12/12,11:39:10,0,28.0,204.0,309.0,254.0,13.0,215.0,3.0,3.0,0.0,0.0,0.0,0.0
2025/12/12,11:39:15,0,30.0,208.0,310.0,254.0,0.0,216.0,0.0,0.0,0.0,0.0,0.0,0.0
2025/12/12,11:39:20,0,27.0,225.0,311.0,254.0,2.0,215.0,2.0,1.0,0.0,0.0,0.0,0.0
2025/12/12,11:39:25,0,25.0,205.0,309.0,255.0,19.0,217.0,4.0,3.0,0.0,0.0,0.0,0.0
2025/12/12,11:39:44,0,26.0,227.0,313.0,253.0,3.0,217.0,2.0,1.0,0.0,0.0,0.0,0.0
2025/12/12,11:39:46,0,30.0,221.0,313.0,255.0,1.0,217.0,1.0,1.0,0.0,0.0,0.0,0.0
2025/12/12,11:39:51,0,28.0,217.0,313.0,255.0,4.0,217.0,2.0,1.0,0.0,0.0,0.0,0.0
2025/12/12,11:39:56,0,31.0,208.0,313.0,254.0,14.0,216.0,4.0,3.0,0.0,0.0,0.0,0.0
2025/12/12,11:40:01,0,28.0,204.0,311.0,255.0,17.0,216.0,3.0,3.0,0.0,0.0,0.0,0.0
2025/12/12,11:40:06,0,27.0,202.0,312.0,255.0,14.0,215.0,4.0,3.0,0.0,0.0,0.0,0.0
2025/12/12,11:40:11,0,25.0,207.0,314.0,255.0,3.0,217.0,1.0,2.0,0.0,0.0,0.0,0.0
2025/12/12,11:40:16,0,26.0,213.0,316.0,253.0,0.0,216.0,1.0,1.0,0.0,0.0,0.0,0.0
2025/12/12,11:40:21,0,27.0,223.0,315.0,255.0,2.0,216.0,1.0,1.0,0.0,0.0,0.0,0.0
2025/12/12,11:40:26,0,23.0,226.0,316.0,253.0,0.0,216.0,0.0,1.0,0.0,0.0,0.0,0.0
2025/12/12,11:40:31,0,29.0,217.0,317.0,254.0,3.0,215.0,2.0,1.0,0.0,0.0,0.0,0.0
2025/12/12,11:40:36,0,26.0,200.0,314.0,254.0,16.0,214.0,4.0,3.0,0.0,0.0,0.0,0.0
2025/12/12,11:40:41,0,25.0,207.0,315.0,255.0,16.0,217.0,3.0,3.0,0.0,0.0,0.0,0.0
2025/12/12,11:40:46,0,24.0,201.0,314.0,255.0,15.0,217.0,3.0,3.0,0.0,0.0,0.0,0.0
2025/12/12,11:40:51,0,23.0,206.0,316.0,254.0,7.0,216.0,1.0,2.0,0.0,0.0,0.0,0.0
2025/12/12,11:40:56,0,25.0,209.0,316.0,255.0,0.0,215.0,0.0,1.0,0.0,0.0,0.0,0.0
2025/12/12,11:41:01,0,26.0,223.0,318.0,255.0,0.0,216.0,2.0,1.0,0.0,0.0,0.0,0.0
2025/12/12,11:41:06,0,26.0,216.0,317.0,253.0,5.0,214.0,3.0,2.0,0.0,0.0,0.0,0.0
2025/12/12,11:41:11,0,28.0,202.0,316.0,255.0,15.0,215.0,3.0,3.0,0.0,0.0,0.0,0.0
2025/12/12,11:41:16,0,26.0,206.0,316.0,255.0,15.0,216.0,3.0,3.0,0.0,0.0,0.0,0.0
2025/12/12,11:41:21,0,32.0,207.0,317.0,256.0,15.0,214.0,4.0,2.0,0.0,0.0,0.0,0.0
2025/12/12,11:41:26,0,26.0,208.0,317.0,255.0,7.0,216.0,2.0,2.0,0.0,0.0,0.0,0.0
2025/12/12,11:41:31,0,25.0,216.0,316.0,255.0,0.0,216.0,0.0,0.0,0.0,0.0,0.0,0.0
2025/12/12,11:41:36,0,25.0,219.0,318.0,254.0,3.0,216.0,2.0,1.0,0.0,0.0,0.0,0.0
2025/12/12,11:41:41,0,24.0,201.0,317.0,254.0,16.0,217.0,4.0,3.0,0.0,0.0,0.0,0.0
2025/12/12,11:41:46,0,24.0,205.0,317.0,254.0,15.0,215.0,3.0,3.0,0.0,0.0,0.0,0.0
2025/12/12,11:41:51,0,22.0,209.0,317.0,255.0,15.0,215.0,4.0,3.0,0.0,0.0,0.0,0.0
2025/12/12,11:41:56,0,24.0,206.0,318.0,255.0,7.0,216.0,2.0,2.0,0.0,0.0,0.0,0.0
2025/12/12,11:42:01,0,23.0,215.0,319.0,254.0,0.0,216.0,1.0,1.0,0.0,0.0,0.0,0.0
2025/12/12,11:42:06,0,26.0,228.0,319.0,255.0,0.0,216.0,1.0,1.0,0.0,0.0,0.0,0.0
2025/12/12,11:42:11,0,23.0,210.0,318.0,253.0,9.0,217.0,2.0,2.0,0.0,0.0,0.0,0.0
2025/12/12,11:42:16,0,23.0,205.0,316.0,254.0,15.0,216.0,3.0,3.0,0.0,0.0,0.0,0.0
2025/12/12,11:42:21,0,24.0,201.0,317.0,256.0,14.0,215.0,4.0,3.0,0.0,0.0,0.0,0.0
2025/12/12,11:42:26,0,25.0,207.0,317.0,255.0,2.0,214.0,2.0,1.0,0.0,0.0,0.0,0.0
2025/12/12,11:42:31,0,21.0,215.0,319.0,253.0,0.0,216.0,1.0,1.0,0.0,0.0,0.0,0.0
2025/12/12,11:42:36,0,22.0,221.0,318.0,254.0,0.0,216.0,1.0,1.0,0.0,0.0,0.0,0.0
2025/12/12,11:42:41,0,22.0,219.0,316.0,255.0,1.0,215.0,1.0,1.0,0.0,0.0,0.0,0.0
2025/12/12,11:42:46,0,22.0,202.0,315.0,255.0,16.0,216.0,2.0,3.0,0.0,0.0,0.0,0.0
2025/12/12,11:42:51,0,22.0,206.0,316.0,253.0,9.0,217.0,3.0,3.0,0.0,0.0,0.0,0.0
2025/12/12,11:42:56,0,32.0,230.0,314.0,255.0,2.0,215.0,2.0,1.0,0.0,0.0,0.0,0.0
2025/12/12,11:43:01,0,24.0,207.0,312.0,255.0,15.0,217.0,3.0,3.0,0.0,0.0,0.0,0.0
2025/12/12,11:43:06,0,25.0,213.0,317.0,253.0,0.0,216.0,1.0,1.0,0.0,0.0,0.0,0.0
2025/12/12,11:43:11,0,19.0,205.0,314.0,255.0,11.0,215.0,2.0,3.0,0.0,0.0,0.0,0.0
2025/12/12,11:43:16,0,22.0,227.0,314.0,255.0,3.0,216.0,2.0,1.0,0.0,0.0,0.0,0.0
2025/12/12,11:43:21,0,21.0,228.0,315.0,254.0,0.0,214.0,2.0,1.0,0.0,0.0,0.0,0.0
2025/12/12,11:43:26,0,20.0,202.0,312.0,255.0,19.0,215.0,4.0,3.0,0.0,0.0,0.0,0.0
2025/12/12,11:43:31,0,23.0,211.0,312.0,254.0,14.0,215.0,4.0,3.0,0.0,0.0,0.0,0.0
2025/12/12,11:43:36,0,23.0,209.0,313.0,255.0,5.0,215.0,2.0,1.0,0.0,0.0,0.0,0.0
2025/12/12,11:43:41,0,22.0,229.0,314.0,253.0,2.0,216.0,2.0,1.0,0.0,0.0,0.0,0.0
2025/12/12,11:43:46,0,22.0,207.0,311.0,255.0,15.0,216.0,3.0,3.0,0.0,0.0,0.0,0.0
2025/12/12,11:43:51,0,21.0,220.0,313.0,255.0,2.0,216.0,2.0,1.0,0.0,0.0,0.0,0.0
2025/12/12,11:43:56,0,21.0,208.0,308.0,255.0,16.0,215.0,4.0,3.0,0.0,0.0,0.0,0.0
2025/12/12,11:44:01,0,28.0,229.0,312.0,255.0,0.0,216.0,2.0,2.0,0.0,0.0,0.0,0.0
2025/12/12,11:44:06,0,21.0,205.0,311.0,253.0,11.0,216.0,3.0,2.0,0.0,0.0,0.0,0.0
2025/12/12,11:44:11,0,22.0,206.0,310.0,255.0,13.0,217.0,4.0,3.0,0.0,0.0,0.0,0.0
2025/12/12,11:44:16,0,19.0,217.0,311.0,255.0,0.0,215.0,2.0,1.0,0.0,0.0,0.0,0.0
2025/12/12,11:44:21,0,21.0,210.0,309.0,256.0,15.0,215.0,4.0,3.0,0.0,0.0,0.0,0.0
2025/12/12,11:44:26,0,20.0,229.0,310.0,255.0,2.0,216.0,2.0,1.0,0.0,0.0,0.0,0.0
2025/12/12,11:44:31,0,20.0,208.0,307.0,255.0,16.0,215.0,3.0,3.0,0.0,0.0,0.0,0.0
2025/12/12,11:44:36,0,21.0,213.0,309.0,255.0,0.0,216.0,1.0,1.0,0.0,0.0,0.0,0.0
2025/12/12,11:44:41,0,17.0,210.0,309.0,255.0,10.0,215.0,3.0,2.0,0.0,0.0,0.0,0.0
2025/12/12,11:44:46,0,22.0,206.0,307.0,255.0,18.0,217.0,4.0,3.0,0.0,0.0,0.0,0.0
2025/12/12,11:44:51,0,21.0,216.0,308.0,255.0,0.0,215.0,1.0,1.0,0.0,0.0,0.0,0.0
2025/12/12,11:44:56,0,20.0,213.0,308.0,255.0,9.0,217.0,2.0,2.0,0.0,0.0,0.0,0.0
2025/12/12,11:45:01,0,20.0,212.0,307.0,255.0,15.0,217.0,3.0,3.0,0.0,0.0,0.0,0.0
2025/12/12,11:45:06,0,20.0,210.0,308.0,254.0,0.0,217.0,1.0,1.0,0.0,0.0,0.0,0.0
2025/12/12,11:45:11,0,20.0,218.0,307.0,255.0,4.0,216.0,2.0,1.0,0.0,0.0,0.0,0.0
2025/12/12,11:45:16,0,20.0,210.0,307.0,255.0,13.0,216.0,3.0,3.0,0.0,0.0,0.0,0.0
2025/12/12,11:45:21,0,20.0,213.0,308.0,255.0,0.0,216.0,1.0,1.0,0.0,0.0,0.0,0.0
2025/12/12,11:45:26,0,17.0,211.0,307.0,256.0,9.0,211.0,3.0,2.0,0.0,0.0,0.0,0.0
2025/12/12,11:45:31,0,20.0,205.0,305.0,255.0,11.0,216.0,2.0,3.0,0.0,0.0,0.0,0.0
2025/12/12,11:45:36,0,20.0,220.0,308.0,253.0,3.0,215.0,2.0,1.0,0.0,0.0,0.0,0.0
2025/12/12,11:45:41,0,19.0,204.0,306.0,255.0,10.0,216.0,3.0,3.0,0.0,0.0,0.0,0.0
2025/12/12,11:45:46,0,22.0,205.0,306.0,256.0,16.0,216.0,3.0,3.0,0.0,0.0,0.0,0.0
2025/12/12,11:45:51,0,22.0,214.0,306.0,255.0,0.0,217.0,1.0,1.0,0.0,0.0,0.0,0.0
2025/12/12,11:45:56,0,20.0,202.0,304.0,255.0,15.0,215.0,3.0,3.0,0.0,0.0,0.0,0.0
2025/12/12,11:46:01,0,23.0,215.0,306.0,255.0,0.0,215.0,2.0,1.0,0.0,0.0,0.0,0.0
2025/12/12,11:46:06,0,22.0,213.0,303.0,255.0,15.0,216.0,4.0,3.0,0.0,0.0,0.0,0.0
2025/12/12,11:46:11,0,23.0,211.0,304.0,255.0,10.0,217.0,3.0,2.0,0.0,0.0,0.0,0.0
2025/12/12,11:46:16,0,21.0,223.0,305.0,255.0,0.0,215.0,2.0,1.0,0.0,0.0,0.0,0.0
2025/12/12,11:46:21,0,24.0,209.0,303.0,255.0,0.0,216.0,0.0,1.0,0.0,0.0,0.0,0.0
2025/12/12,11:46:26,0,24.0,208.0,303.0,255.0,4.0,216.0,1.0,1.0,0.0,0.0,0.0,0.0
2025/12/12,11:46:31,0,23.0,208.0,305.0,254.0,1.0,215.0,1.0,1.0,0.0,0.0,0.0,0.0
2025/12/12,11:46:36,0,24.0,211.0,306.0,255.0,0.0,216.0,0.0,0.0,0.0,0.0,0.0,0.0
2025/12/12,11:46:41,0,25.0,221.0,305.0,255.0,0.0,215.0,2.0,1.0,0.0,0.0,0.0,0.0
2025/12/12,11:46:46,0,27.0,216.0,304.0,255.0,4.0,214.0,3.0,2.0,0.0,0.0,0.0,0.0
2025/12/12,11:46:51,0,26.0,206.0,303.0,254.0,14.0,216.0,3.0,3.0,0.0,0.0,0.0,0.0
2025/12/12,11:46:56,0,27.0,209.0,305.0,255.0,3.0,217.0,1.0,1.0,0.0,0.0,0.0,0.0
2025/12/12,11:47:01,0,28.0,221.0,306.0,256.0,1.0,215.0,2.0,1.0,0.0,0.0,0.0,0.0
2025/12/12,11:47:06,0,28.0,208.0,303.0,255.0,16.0,215.0,4.0,3.0,0.0,0.0,0.0,0.0
2025/12/12,11:47:11,0,25.0,204.0,302.0,255.0,13.0,215.0,3.0,3.0,0.0,0.0,0.0,0.0
2025/12/12,11:47:16,0,27.0,207.0,303.0,255.0,5.0,216.0,1.0,2.0,0.0,0.0,0.0,0.0
2025/12/12,11:47:21,0,28.0,204.0,303.0,255.0,12.0,217.0,2.0,3.0,0.0,0.0,0.0,0.0
2025/12/12,11:47:26,0,30.0,207.0,304.0,255.0,15.0,216.0,3.0,3.0,0.0,0.0,0.0,0.0
2025/12/12,11:47:31,0,32.0,220.0,304.0,255.0,1.0,216.0,1.0,1.0,0.0,0.0,0.0,0.0
2025/12/12,11:47:36,0,27.0,208.0,306.0,253.0,5.0,215.0,2.0,2.0,0.0,0.0,0.0,0.0
2025/12/12,11:47:41,0,30.0,201.0,304.0,255.0,16.0,216.0,4.0,4.0,0.0,0.0,0.0,0.0
2025/12/12,11:47:46,0,30.0,216.0,305.0,255.0,0.0,216.0,1.0,1.0,0.0,0.0,0.0,0.0
2025/12/12,11:47:51,0,30.0,206.0,304.0,254.0,16.0,216.0,2.0,3.0,0.0,0.0,0.0,0.0
2025/12/12,11:47:56,0,35.0,231.0,306.0,255.0,1.0,215.0,2.0,1.0,0.0,0.0,0.0,0.0
2025/12/12,11:48:01,0,30.0,203.0,304.0,255.0,18.0,216.0,3.0,4.0,0.0,0.0,0.0,0.0
2025/12/12,11:48:06,0,31.0,219.0,305.0,255.0,2.0,216.0,3.0,2.0,0.0,0.0,0.0,0.0
2025/12/12,11:48:11,0,30.0,203.0,305.0,255.0,13.0,216.0,2.0,4.0,0.0,0.0,0.0,0.0
2025/12/12,11:48:16,0,31.0,230.0,306.0,255.0,0.0,215.0,2.0,1.0,0.0,0.0,0.0,0.0
2025/12/12,11:48:21,0,31.0,207.0,305.0,255.0,16.0,216.0,3.0,3.0,0.0,0.0,0.0,0.0
2025/12/12,11:48:26,0,31.0,214.0,304.0,255.0,0.0,216.0,1.0,1.0,0.0,0.0,0.0,0.0
2025/12/12,11:48:31,0,31.0,201.0,304.0,254.0,16.0,216.0,3.0,4.0,0.0,0.0,0.0,0.0
2025/12/12,11:48:36,0,30.0,209.0,305.0,255.0,0.0,216.0,0.0,1.0,0.0,0.0,0.0,0.0
2025/12/12,11:48:41,0,31.0,204.0,304.0,255.0,18.0,216.0,3.0,3.0,0.0,0.0,0.0,0.0
2025/12/12,11:48:46,0,32.0,211.0,306.0,255.0,0.0,214.0,1.0,1.0,0.0,0.0,0.0,0.0
2025/12/12,11:48:51,0,31.0,205.0,304.0,255.0,14.0,216.0,3.0,3.0,0.0,0.0,0.0,0.0
2025/12/12,11:48:56,0,33.0,226.0,306.0,255.0,0.0,215.0,2.0,1.0,0.0,0.0,0.0,0.0
2025/12/12,11:49:01,0,34.0,204.0,304.0,254.0,11.0,216.0,3.0,4.0,0.0,0.0,0.0,0.0
2025/12/12,11:49:06,0,36.0,207.0,303.0,255.0,12.0,217.0,3.0,3.0,0.0,0.0,0.0,0.0
2025/12/12,11:49:11,0,33.0,224.0,305.0,255.0,0.0,214.0,2.0,1.0,0.0,0.0,0.0,0.0
2025/12/12,11:49:16,0,33.0,208.0,304.0,254.0,5.0,215.0,2.0,2.0,0.0,0.0,0.0,0.0
2025/12/12,11:49:21,0,33.0,206.0,301.0,255.0,16.0,217.0,3.0,3.0,0.0,0.0,0.0,0.0
2025/12/12,11:49:26,0,31.0,212.0,305.0,255.0,12.0,217.0,2.0,2.0,0.0,0.0,0.0,0.0
2025/12/12,11:49:31,0,34.0,221.0,304.0,255.0,0.0,216.0,1.0,1.0,0.0,0.0,0.0,0.0
2025/12/12,11:49:36,0,34.0,204.0,305.0,254.0,7.0,215.0,2.0,2.0,0.0,0.0,0.0,0.0
2025/12/12,11:49:41,0,33.0,204.0,304.0,255.0,16.0,216.0,3.0,3.0,0.0,0.0,0.0,0.0
2025/12/12,11:50:02,0,33.0,211.0,304.0,254.0,12.0,217.0,3.0,2.0,0.0,0.0,0.0,0.0
2025/12/12,11:50:05,0,35.0,210.0,306.0,253.0,1.0,215.0,1.0,2.0,0.0,0.0,0.0,0.0
2025/12/12,11:50:10,0,33.0,200.0,304.0,255.0,13.0,216.0,3.0,3.0,0.0,0.0,0.0,0.0
2025/12/12,11:50:15,0,33.0,213.0,307.0,254.0,0.0,215.0,2.0,1.0,0.0,0.0,0.0,0.0
2025/12/12,11:50:20,0,35.0,203.0,304.0,255.0,16.0,217.0,3.0,3.0,0.0,0.0,0.0,0.0
2025/12/12,11:50:25,0,34.0,224.0,307.0,255.0,0.0,217.0,2.0,1.0,0.0,0.0,0.0,0.0
2025/12/12,11:50:30,0,33.0,212.0,307.0,254.0,15.0,215.0,4.0,3.0,0.0,0.0,0.0,0.0
2025/12/12,11:50:35,0,36.0,222.0,306.0,255.0,4.0,216.0,2.0,1.0,0.0,0.0,0.0,0.0
2025/12/12,11:50:40,0,31.0,206.0,307.0,255.0,11.0,216.0,3.0,3.0,0.0,0.0,0.0,0.0
2025/12/12,11:50:45,0,31.0,211.0,307.0,255.0,12.0,216.0,3.0,3.0,0.0,0.0,0.0,0.0
2025/12/12,11:50:50,0,32.0,212.0,309.0,255.0,0.0,214.0,1.0,0.0,0.0,0.0,0.0,0.0
2025/12/12,11:50:55,0,33.0,209.0,308.0,255.0,16.0,216.0,2.0,3.0,0.0,0.0,0.0,0.0
2025/12/12,11:51:00,0,32.0,228.0,309.0,255.0,0.0,217.0,1.0,0.0,0.0,0.0,0.0,0.0
2025/12/12,11:51:05,0,33.0,206.0,308.0,255.0,9.0,216.0,2.0,2.0,0.0,0.0,0.0,0.0
2025/12/12,11:51:10,0,34.0,205.0,307.0,255.0,18.0,216.0,3.0,3.0,0.0,0.0,0.0,0.0
2025/12/12,11:51:15,0,31.0,216.0,310.0,255.0,8.0,216.0,1.0,2.0,0.0,0.0,0.0,0.0
2025/12/12,11:51:20,0,34.0,230.0,309.0,255.0,2.0,217.0,1.0,1.0,0.0,0.0,0.0,0.0
2025/12/12,11:51:25,0,34.0,225.0,310.0,255.0,0.0,216.0,0.0,0.0,0.0,0.0,0.0,0.0
2025/12/12,11:51:30,0,33.0,213.0,308.0,255.0,0.0,216.0,1.0,1.0,0.0,0.0,0.0,0.0
2025/12/12,11:51:35,0,34.0,204.0,307.0,256.0,13.0,216.0,2.0,3.0,0.0,0.0,0.0,0.0
2025/12/12,11:51:40,0,32.0,206.0,308.0,255.0,15.0,215.0,3.0,3.0,0.0,0.0,0.0,0.0
2025/12/12,11:51:45,0,36.0,208.0,308.0,255.0,11.0,214.0,4.0,2.0,0.0,0.0,0.0,0.0
2025/12/12,11:51:50,0,29.0,230.0,308.0,255.0,0.0,215.0,2.0,1.0,0.0,0.0,0.0,0.0
2025/12/12,11:51:55,0,32.0,211.0,308.0,254.0,0.0,215.0,1.0,1.0,0.0,0.0,0.0,0.0
2025/12/12,11:52:00,0,34.0,202.0,306.0,255.0,15.0,216.0,3.0,3.0,0.0,0.0,0.0,0.0
2025/12/12,11:52:05,0,33.0,205.0,305.0,255.0,17.0,217.0,3.0,3.0,0.0,0.0,0.0,0.0
2025/12/12,11:52:10,0,35.0,210.0,307.0,255.0,13.0,217.0,2.0,3.0,0.0,0.0,0.0,0.0
2025/12/12,11:52:15,0,32.0,222.0,306.0,254.0,1.0,215.0,1.0,1.0,0.0,0.0,0.0,0.0
2025/12/12,11:52:20,0,28.0,230.0,306.0,255.0,4.0,217.0,1.0,1.0,0.0,0.0,0.0,0.0
2025/12/12,11:52:25,0,31.0,221.0,303.0,256.0,3.0,216.0,0.0,1.0,0.0,0.0,0.0,0.0
2025/12/12,11:52:30,0,35.0,203.0,303.0,255.0,19.0,215.0,4.0,3.0,0.0,0.0,0.0,0.0
2025/12/12,11:52:35,0,32.0,204.0,303.0,255.0,16.0,215.0,3.0,4.0,0.0,0.0,0.0,0.0
2025/12/12,11:52:40,0,33.0,204.0,302.0,255.0,15.0,216.0,2.0,3.0,0.0,0.0,0.0,0.0
2025/12/12,11:52:45,0,34.0,209.0,304.0,254.0,0.0,216.0,1.0,1.0,0.0,0.0,0.0,0.0
2025/12/12,11:52:50,0,30.0,226.0,303.0,255.0,3.0,216.0,1.0,0.0,0.0,0.0,0.0,0.0
2025/12/12,11:52:55,0,33.0,206.0,302.0,256.0,16.0,215.0,3.0,3.0,0.0,0.0,0.0,0.0
2025/12/12,11:53:00,0,33.0,213.0,303.0,255.0,0.0,215.0,1.0,1.0,0.0,0.0,0.0,0.0
2025/12/12,11:53:05,0,33.0,203.0,301.0,255.0,16.0,217.0,3.0,3.0,0.0,0.0,0.0,0.0
2025/12/12,11:53:10,0,32.0,214.0,302.0,255.0,0.0,215.0,2.0,0.0,0.0,0.0,0.0,0.0
2025/12/12,11:53:15,0,32.0,203.0,301.0,256.0,16.0,216.0,4.0,4.0,0.0,0.0,0.0,0.0
2025/12/12,11:53:20,0,30.0,207.0,299.0,256.0,12.0,217.0,3.0,3.0,0.0,0.0,0.0,0.0
2025/12/12,11:53:25,0,30.0,231.0,303.0,255.0,0.0,215.0,2.0,1.0,0.0,0.0,0.0,0.0
2025/12/12,11:53:30,0,32.0,214.0,302.0,255.0,4.0,215.0,3.0,1.0,0.0,0.0,0.0,0.0
2025/12/12,11:53:35,0,31.0,218.0,301.0,254.0,0.0,217.0,2.0,1.0,0.0,0.0,0.0,0.0
2025/12/12,11:53:40,0,32.0,210.0,300.0,254.0,17.0,216.0,4.0,3.0,0.0,0.0,0.0,0.0
2025/12/12,11:53:45,0,31.0,220.0,301.0,255.0,3.0,215.0,3.0,2.0,0.0,0.0,0.0,0.0
2025/12/12,11:53:50,0,31.0,215.0,301.0,255.0,0.0,217.0,1.0,1.0,0.0,0.0,0.0,0.0
2025/12/12,11:53:55,0,33.0,206.0,299.0,255.0,12.0,217.0,2.0,3.0,0.0,0.0,0.0,0.0
2025/12/12,11:54:00,0,31.0,211.0,299.0,255.0,15.0,216.0,3.0,3.0,0.0,0.0,0.0,0.0
2025/12/12,11:54:05,0,33.0,205.0,299.0,256.0,15.0,217.0,3.0,3.0,0.0,0.0,0.0,0.0
2025/12/12,11:54:10,0,32.0,227.0,301.0,255.0,1.0,217.0,1.0,1.0,0.0,0.0,0.0,0.0
2025/12/12,11:54:15,0,33.0,208.0,300.0,256.0,4.0,217.0,2.0,1.0,0.0,0.0,0.0,0.0
2025/12/12,11:54:20,0,31.0,210.0,299.0,255.0,15.0,217.0,3.0,3.0,0.0,0.0,0.0,0.0
2025/12/12,11:54:25,0,30.0,219.0,299.0,255.0,3.0,217.0,1.0,1.0,0.0,0.0,0.0,0.0
2025/12/12,11:54:30,0,33.0,209.0,302.0,255.0,1.0,216.0,0.0,1.0,0.0,0.0,0.0,0.0
2025/12/12,11:54:35,0,31.0,198.0,299.0,255.0,19.0,216.0,3.0,4.0,0.0,0.0,0.0,0.0
2025/12/12,11:54:40,0,34.0,211.0,302.0,255.0,0.0,216.0,1.0,1.0,0.0,0.0,0.0,0.0
2025/12/12,11:54:45,0,33.0,204.0,301.0,256.0,15.0,216.0,3.0,3.0,0.0,0.0,0.0,0.0
2025/12/12,11:54:50,0,34.0,231.0,303.0,255.0,0.0,215.0,2.0,1.0,0.0,0.0,0.0,0.0
2025/12/12,11:54:55,0,34.0,206.0,301.0,256.0,13.0,215.0,3.0,3.0,0.0,0.0,0.0,0.0
2025/12/12,11:55:00,0,32.0,205.0,301.0,256.0,17.0,217.0,3.0,3.0,0.0,0.0,0.0,0.0
2025/12/12,11:55:05,0,33.0,226.0,303.0,255.0,0.0,216.0,2.0,1.0,0.0,0.0,0.0,0.0
2025/12/12,11:55:10,0,31.0,206.0,302.0,255.0,11.0,216.0,2.0,2.0,0.0,0.0,0.0,0.0
2025/12/12,11:55:15,0,31.0,203.0,302.0,255.0,16.0,216.0,3.0,3.0,0.0,0.0,0.0,0.0
2025/12/12,11:55:20,0,33.0,223.0,305.0,257.0,2.0,216.0,2.0,1.0,0.0,0.0,0.0,0.0
2025/12/12,11:55:25,0,32.0,220.0,304.0,255.0,0.0,216.0,2.0,1.0,0.0,0.0,0.0,0.0
2025/12/12,11:55:30,0,31.0,209.0,304.0,255.0,4.0,216.0,2.0,2.0,0.0,0.0,0.0,0.0
2025/12/12,11:55:35,0,34.0,214.0,304.0,254.0,16.0,215.0,4.0,3.0,0.0,0.0,0.0,0.0
2025/12/12,11:55:40,0,29.0,217.0,305.0,253.0,5.0,215.0,2.0,1.0,0.0,0.0,0.0,0.0
2025/12/12,11:55:45,0,38.0,209.0,305.0,256.0,0.0,217.0,1.0,1.0,0.0,0.0,0.0,0.0
2025/12/12,11:55:50,0,31.0,204.0,304.0,255.0,15.0,215.0,3.0,3.0,0.0,0.0,0.0,0.0
2025/12/12,11:55:55,0,33.0,229.0,303.0,256.0,1.0,216.0,1.0,1.0,0.0,0.0,0.0,0.0
2025/12/12,11:56:00,0,32.0,205.0,305.0,255.0,12.0,217.0,2.0,3.0,0.0,0.0,0.0,0.0
2025/12/12,11:56:05,0,32.0,207.0,306.0,255.0,13.0,217.0,3.0,3.0,0.0,0.0,0.0,0.0
2025/12/12,11:56:10,0,32.0,219.0,308.0,255.0,0.0,217.0,1.0,1.0,0.0,0.0,0.0,0.0
2025/12/12,11:56:15,0,32.0,204.0,305.0,255.0,17.0,216.0,3.0,3.0,0.0,0.0,0.0,0.0
2025/12/12,11:56:20,0,34.0,209.0,307.0,256.0,3.0,217.0,1.0,1.0,0.0,0.0,0.0,0.0
2025/12/12,11:56:25,0,29.0,226.0,309.0,255.0,3.0,216.0,1.0,1.0,0.0,0.0,0.0,0.0
2025/12/12,11:56:30,0,29.0,205.0,304.0,256.0,16.0,217.0,2.0,3.0,0.0,0.0,0.0,0.0
2025/12/12,11:56:35,0,31.0,208.0,308.0,255.0,10.0,216.0,2.0,2.0,0.0,0.0,0.0,0.0
2025/12/12,11:56:40,0,29.0,224.0,311.0,256.0,0.0,215.0,2.0,1.0,0.0,0.0,0.0,0.0
2025/12/12,11:56:45,0,27.0,209.0,309.0,256.0,14.0,217.0,3.0,3.0,0.0,0.0,0.0,0.0
2025/12/12,11:56:50,0,31.0,204.0,310.0,255.0,14.0,217.0,3.0,3.0,0.0,0.0,0.0,0.0
2025/12/12,11:56:55,0,29.0,230.0,311.0,255.0,1.0,216.0,2.0,1.0,0.0,0.0,0.0,0.0
2025/12/12,11:57:00,0,29.0,203.0,310.0,255.0,16.0,217.0,3.0,3.0,0.0,0.0,0.0,0.0
2025/12/12,11:57:05,0,29.0,207.0,311.0,255.0,12.0,216.0,2.0,3.0,0.0,0.0,0.0,0.0
2025/12/12,11:57:10,0,30.0,213.0,312.0,255.0,0.0,217.0,1.0,1.0,0.0,0.0,0.0,0.0
2025/12/12,11:57:15,0,28.0,225.0,313.0,255.0,0.0,217.0,1.0,1.0,0.0,0.0,0.0,0.0
2025/12/12,11:57:20,0,29.0,222.0,312.0,255.0,3.0,217.0,0.0,1.0,0.0,0.0,0.0,0.0
2025/12/12,11:57:25,0,31.0,202.0,312.0,255.0,17.0,216.0,3.0,3.0,0.0,0.0,0.0,0.0
2025/12/12,11:57:30,0,28.0,206.0,312.0,255.0,11.0,217.0,3.0,3.0,0.0,0.0,0.0,0.0
2025/12/12,11:57:35,0,30.0,225.0,316.0,254.0,0.0,218.0,2.0,1.0,0.0,0.0,0.0,0.0
2025/12/12,11:57:40,0,29.0,206.0,313.0,255.0,13.0,216.0,3.0,4.0,0.0,0.0,0.0,0.0
2025/12/12,11:57:45,0,29.0,203.0,314.0,255.0,14.0,216.0,3.0,4.0,0.0,0.0,0.0,0.0
2025/12/12,11:57:50,0,31.0,224.0,315.0,254.0,0.0,217.0,2.0,1.0,0.0,0.0,0.0,0.0
2025/12/12,11:57:55,0,30.0,210.0,315.0,255.0,12.0,216.0,2.0,4.0,0.0,0.0,0.0,0.0
2025/12/12,11:58:00,0,32.0,212.0,313.0,255.0,16.0,215.0,4.0,3.0,0.0,0.0,0.0,0.0
2025/12/12,11:58:05,0,31.0,211.0,316.0,256.0,0.0,217.0,1.0,1.0,0.0,0.0,0.0,0.0
2025/12/12,11:58:10,0,32.0,224.0,314.0,256.0,2.0,217.0,1.0,1.0,0.0,0.0,0.0,0.0
2025/12/12,11:58:15,0,32.0,226.0,316.0,256.0,2.0,217.0,1.0,0.0,0.0,0.0,0.0,0.0
2025/12/12,11:58:20,0,33.0,211.0,316.0,255.0,11.0,217.0,3.0,2.0,0.0,0.0,0.0,0.0
2025/12/12,11:58:25,0,32.0,206.0,314.0,255.0,17.0,216.0,3.0,3.0,0.0,0.0,0.0,0.0
2025/12/12,11:58:30,0,26.0,206.0,315.0,256.0,16.0,217.0,3.0,4.0,0.0,0.0,0.0,0.0
2025/12/12,11:58:35,0,33.0,209.0,317.0,256.0,2.0,216.0,1.0,1.0,0.0,0.0,0.0,0.0
2025/12/12,11:58:40,0,31.0,226.0,317.0,256.0,1.0,217.0,1.0,1.0,0.0,0.0,0.0,0.0
2025/12/12,11:58:45,0,31.0,201.0,316.0,255.0,19.0,215.0,3.0,3.0,0.0,0.0,0.0,0.0
2025/12/12,11:58:50,0,34.0,206.0,315.0,255.0,12.0,217.0,3.0,3.0,0.0,0.0,0.0,0.0
2025/12/12,11:58:55,0,31.0,226.0,318.0,255.0,0.0,217.0,1.0,1.0,0.0,0.0,0.0,0.0
2025/12/12,11:59:00,0,30.0,202.0,314.0,255.0,23.0,217.0,4.0,3.0,0.0,0.0,0.0,0.0
2025/12/12,11:59:05,0,30.0,206.0,316.0,256.0,13.0,216.0,3.0,2.0,0.0,0.0,0.0,0.0
2025/12/12,11:59:10,0,30.0,216.0,318.0,255.0,0.0,217.0,1.0,1.0,0.0,0.0,0.0,0.0
2025/12/12,11:59:15,0,29.0,230.0,318.0,255.0,2.0,215.0,1.0,1.0,0.0,0.0,0.0,0.0
2025/12/12,11:59:20,0,30.0,226.0,318.0,256.0,1.0,218.0,2.0,1.0,0.0,0.0,0.0,0.0
2025/12/12,11:59:25,0,29.0,213.0,319.0,255.0,0.0,216.0,1.0,1.0,0.0,0.0,0.0,0.0
2025/12/12,11:59:30,0,28.0,207.0,317.0,255.0,14.0,217.0,2.0,4.0,0.0,0.0,0.0,0.0
2025/12/12,11:59:35,0,33.0,210.0,318.0,254.0,11.0,217.0,2.0,3.0,0.0,0.0,0.0,0.0
2025/12/12,11:59:40,0,32.0,226.0,319.0,255.0,0.0,217.0,2.0,1.0,0.0,0.0,0.0,0.0
2025/12/12,11:59:45,0,33.0,210.0,319.0,254.0,3.0,216.0,1.0,1.0,0.0,0.0,0.0,0.0
2025/12/12,12:00:30,0,36.0,205.0,319.0,255.0,20.0,216.0,4.0,3.0,0.0,0.0,0.0,0.0
2025/12/12,12:00:34,0,43.0,208.0,319.0,255.0,14.0,216.0,4.0,3.0,0.0,0.0,0.0,0.0
2025/12/12,12:00:39,0,38.0,213.0,321.0,255.0,0.0,216.0,1.0,1.0,0.0,0.0,0.0,0.0
2025/12/12,12:00:44,0,38.0,207.0,319.0,255.0,15.0,217.0,3.0,3.0,0.0,0.0,0.0,0.0
2025/12/12,12:00:49,0,39.0,230.0,320.0,255.0,1.0,217.0,2.0,1.0,0.0,0.0,0.0,0.0
2025/12/12,12:00:54,0,35.0,214.0,320.0,255.0,16.0,216.0,3.0,4.0,0.0,0.0,0.0,0.0
2025/12/12,12:00:59,0,39.0,224.0,321.0,255.0,2.0,218.0,1.0,1.0,0.0,0.0,0.0,0.0
2025/12/12,12:01:04,0,37.0,212.0,322.0,254.0,0.0,217.0,0.0,1.0,0.0,0.0,0.0,0.0
2025/12/12,12:01:09,0,40.0,203.0,318.0,255.0,18.0,217.0,4.0,3.0,0.0,0.0,0.0,0.0
2025/12/12,12:01:14,0,39.0,203.0,320.0,255.0,17.0,218.0,4.0,3.0,0.0,0.0,0.0,0.0
2025/12/12,12:01:19,0,39.0,229.0,323.0,256.0,2.0,218.0,2.0,1.0,0.0,0.0,0.0,0.0
2025/12/12,12:01:24,0,40.0,207.0,321.0,254.0,9.0,216.0,2.0,2.0,0.0,0.0,0.0,0.0
2025/12/12,12:01:29,0,40.0,199.0,320.0,255.0,16.0,217.0,3.0,4.0,0.0,0.0,0.0,0.0
2025/12/12,12:01:34,0,40.0,224.0,323.0,256.0,0.0,216.0,1.0,1.0,0.0,0.0,0.0,0.0
2025/12/12,12:01:39,0,35.0,208.0,321.0,255.0,10.0,218.0,2.0,2.0,0.0,0.0,0.0,0.0
2025/12/12,12:01:44,0,38.0,201.0,322.0,255.0,15.0,217.0,3.0,3.0,0.0,0.0,0.0,0.0
2025/12/12,12:01:49,0,39.0,222.0,324.0,255.0,0.0,217.0,2.0,1.0,0.0,0.0,0.0,0.0
2025/12/12,12:01:54,0,39.0,206.0,323.0,255.0,15.0,215.0,4.0,3.0,0.0,0.0,0.0,0.0
2025/12/12,12:01:59,0,39.0,201.0,322.0,255.0,17.0,218.0,4.0,3.0,0.0,0.0,0.0,0.0
2025/12/12,12:02:04,0,42.0,215.0,322.0,256.0,10.0,217.0,3.0,2.0,0.0,0.0,0.0,0.0
2025/12/12,12:02:09,0,39.0,211.0,324.0,255.0,14.0,215.0,3.0,3.0,0.0,0.0,0.0,0.0
2025/12/12,12:02:14,0,39.0,200.0,323.0,257.0,18.0,216.0,5.0,3.0,0.0,0.0,0.0,0.0
2025/12/12,12:02:19,0,39.0,205.0,323.0,255.0,17.0,216.0,3.0,3.0,0.0,0.0,0.0,0.0
2025/12/12,12:02:24,0,37.0,206.0,324.0,255.0,17.0,218.0,4.0,3.0,0.0,0.0,0.0,0.0
2025/12/12,12:02:29,0,36.0,207.0,325.0,256.0,15.0,216.0,4.0,3.0,0.0,0.0,0.0,0.0
2025/12/12,12:02:34,0,32.0,231.0,326.0,254.0,0.0,217.0,2.0,1.0,0.0,0.0,0.0,0.0
2025/12/12,12:02:39,0,39.0,211.0,326.0,254.0,1.0,217.0,1.0,1.0,0.0,0.0,0.0,0.0
2025/12/12,12:02:44,0,35.0,209.0,325.0,255.0,15.0,216.0,2.0,3.0,0.0,0.0,0.0,0.0
2025/12/12,12:02:49,0,34.0,230.0,328.0,255.0,1.0,218.0,2.0,1.0,0.0,0.0,0.0,0.0
2025/12/12,12:02:54,0,34.0,222.0,328.0,255.0,0.0,216.0,1.0,1.0,0.0,0.0,0.0,0.0
2025/12/12,12:02:59,0,35.0,231.0,329.0,254.0,0.0,218.0,1.0,0.0,0.0,0.0,0.0,0.0
2025/12/12,12:03:04,0,34.0,214.0,327.0,256.0,14.0,216.0,3.0,2.0,0.0,0.0,0.0,0.0
2025/12/12,12:03:09,0,34.0,232.0,329.0,254.0,0.0,217.0,1.0,1.0,0.0,0.0,0.0,0.0
2025/12/12,12:03:14,0,33.0,213.0,328.0,255.0,16.0,216.0,3.0,3.0,0.0,0.0,0.0,0.0
2025/12/12,12:03:19,0,27.0,226.0,329.0,256.0,0.0,218.0,3.0,1.0,0.0,0.0,0.0,0.0
2025/12/12,12:03:24,0,33.0,206.0,329.0,255.0,15.0,218.0,5.0,2.0,0.0,0.0,0.0,0.0
2025/12/12,12:03:29,0,29.0,214.0,329.0,256.0,14.0,216.0,2.0,2.0,0.0,0.0,0.0,0.0
2025/12/12,12:03:34,0,33.0,212.0,330.0,255.0,0.0,218.0,1.0,1.0,0.0,0.0,0.0,0.0
2025/12/12,12:03:39,0,33.0,207.0,328.0,255.0,16.0,216.0,2.0,3.0,0.0,0.0,0.0,0.0
2025/12/12,12:03:44,0,33.0,229.0,330.0,256.0,1.0,217.0,2.0,1.0,0.0,0.0,0.0,0.0
2025/12/12,12:03:49,0,33.0,204.0,329.0,255.0,15.0,217.0,2.0,4.0,0.0,0.0,0.0,0.0
2025/12/12,12:03:54,0,31.0,224.0,331.0,255.0,3.0,217.0,1.0,1.0,0.0,0.0,0.0,0.0
2025/12/12,12:03:59,0,32.0,207.0,329.0,255.0,16.0,216.0,3.0,4.0,0.0,0.0,0.0,0.0
2025/12/12,12:04:04,0,31.0,230.0,332.0,255.0,1.0,217.0,2.0,1.0,0.0,0.0,0.0,0.0
2025/12/12,12:04:09,0,30.0,201.0,330.0,256.0,18.0,219.0,4.0,3.0,0.0,0.0,0.0,0.0
2025/12/12,12:04:14,0,26.0,203.0,329.0,255.0,18.0,218.0,4.0,3.0,0.0,0.0,0.0,0.0
2025/12/12,12:04:19,0,30.0,209.0,332.0,256.0,2.0,217.0,1.0,2.0,0.0,0.0,0.0,0.0
2025/12/12,12:04:24,0,28.0,217.0,332.0,255.0,0.0,216.0,1.0,1.0,0.0,0.0,0.0,0.0
2025/12/12,12:04:29,0,27.0,231.0,332.0,255.0,0.0,217.0,1.0,1.0,0.0,0.0,0.0,0.0
2025/12/12,12:04:34,0,26.0,211.0,331.0,254.0,11.0,217.0,2.0,2.0,0.0,0.0,0.0,0.0
2025/12/12,12:04:39,0,26.0,205.0,330.0,255.0,18.0,217.0,2.0,4.0,0.0,0.0,0.0,0.0
2025/12/12,12:04:44,0,25.0,205.0,332.0,255.0,15.0,216.0,3.0,3.0,0.0,0.0,0.0,0.0
2025/12/12,12:04:49,0,26.0,214.0,333.0,254.0,0.0,217.0,1.0,1.0,0.0,0.0,0.0,0.0
2025/12/12,12:04:54,0,24.0,222.0,333.0,254.0,0.0,218.0,1.0,1.0,0.0,0.0,0.0,0.0
2025/12/12,12:04:59,0,25.0,202.0,330.0,255.0,16.0,217.0,3.0,3.0,0.0,0.0,0.0,0.0
2025/12/12,12:05:04,0,25.0,205.0,330.0,256.0,15.0,217.0,4.0,3.0,0.0,0.0,0.0,0.0
2025/12/12,12:05:09,0,26.0,216.0,332.0,256.0,0.0,217.0,0.0,0.0,0.0,0.0,0.0,0.0
2025/12/12,12:05:14,0,26.0,209.0,332.0,256.0,13.0,218.0,3.0,3.0,0.0,0.0,0.0,0.0
2025/12/12,12:05:19,0,25.0,208.0,332.0,256.0,6.0,218.0,2.0,2.0,0.0,0.0,0.0,0.0
2025/12/12,12:05:24,0,25.0,219.0,330.0,256.0,7.0,217.0,1.0,2.0,0.0,0.0,0.0,0.0
2025/12/12,12:05:29,0,26.0,203.0,331.0,255.0,14.0,217.0,3.0,3.0,0.0,0.0,0.0,0.0
2025/12/12,12:05:34,0,26.0,229.0,334.0,255.0,0.0,217.0,1.0,1.0,0.0,0.0,0.0,0.0
2025/12/12,12:05:39,0,27.0,209.0,332.0,255.0,15.0,218.0,2.0,3.0,0.0,0.0,0.0,0.0
2025/12/12,12:05:44,0,27.0,219.0,334.0,255.0,0.0,217.0,1.0,1.0,0.0,0.0,0.0,0.0
2025/12/12,12:05:49,0,26.0,201.0,332.0,255.0,15.0,218.0,3.0,3.0,0.0,0.0,0.0,0.0
2025/12/12,12:05:54,0,25.0,208.0,331.0,256.0,5.0,217.0,2.0,2.0,0.0,0.0,0.0,0.0
2025/12/12,12:05:59,0,29.0,230.0,334.0,255.0,0.0,216.0,1.0,1.0,0.0,0.0,0.0,0.0
2025/12/12,12:06:04,0,29.0,204.0,332.0,255.0,14.0,218.0,3.0,3.0,0.0,0.0,0.0,0.0
2025/12/12,12:06:09,0,27.0,207.0,332.0,256.0,12.0,218.0,3.0,3.0,0.0,0.0,0.0,0.0
2025/12/12,12:06:14,0,27.0,223.0,333.0,255.0,0.0,217.0,1.0,1.0,0.0,0.0,0.0,0.0
2025/12/12,12:06:19,0,29.0,201.0,331.0,255.0,17.0,217.0,3.0,4.0,0.0,0.0,0.0,0.0
2025/12/12,12:06:24,0,25.0,208.0,332.0,255.0,3.0,218.0,1.0,1.0,0.0,0.0,0.0,0.0
2025/12/12,12:06:29,0,28.0,219.0,330.0,255.0,4.0,218.0,1.0,1.0,0.0,0.0,0.0,0.0
2025/12/12,12:06:34,0,28.0,206.0,330.0,255.0,16.0,218.0,3.0,3.0,0.0,0.0,0.0,0.0
2025/12/12,12:06:39,0,29.0,227.0,330.0,255.0,1.0,218.0,2.0,1.0,0.0,0.0,0.0,0.0
2025/12/12,12:06:44,0,27.0,201.0,330.0,255.0,17.0,218.0,5.0,3.0,0.0,0.0,0.0,0.0
2025/12/12,12:06:49,0,30.0,207.0,329.0,255.0,13.0,215.0,3.0,3.0,0.0,0.0,0.0,0.0
2025/12/12,12:06:54,0,23.0,230.0,331.0,256.0,1.0,218.0,2.0,1.0,0.0,0.0,0.0,0.0
2025/12/12,12:06:59,0,30.0,209.0,330.0,255.0,16.0,217.0,3.0,3.0,0.0,0.0,0.0,0.0
2025/12/12,12:07:04,0,28.0,220.0,331.0,256.0,0.0,218.0,1.0,1.0,0.0,0.0,0.0,0.0
2025/12/12,12:07:09,0,29.0,201.0,329.0,256.0,18.0,218.0,3.0,3.0,0.0,0.0,0.0,0.0
2025/12/12,12:07:14,0,31.0,208.0,330.0,255.0,6.0,217.0,2.0,2.0,0.0,0.0,0.0,0.0
2025/12/12,12:07:19,0,30.0,218.0,331.0,255.0,7.0,217.0,2.0,2.0,0.0,0.0,0.0,0.0
2025/12/12,12:07:24,0,30.0,206.0,328.0,255.0,14.0,218.0,3.0,3.0,0.0,0.0,0.0,0.0
2025/12/12,12:07:29,0,31.0,227.0,329.0,255.0,1.0,216.0,1.0,1.0,0.0,0.0,0.0,0.0
2025/12/12,12:07:34,0,30.0,202.0,327.0,255.0,17.0,218.0,4.0,3.0,0.0,0.0,0.0,0.0
2025/12/12,12:07:39,0,31.0,207.0,326.0,255.0,12.0,216.0,3.0,3.0,0.0,0.0,0.0,0.0
2025/12/12,12:07:44,0,30.0,217.0,327.0,255.0,0.0,217.0,1.0,1.0,0.0,0.0,0.0,0.0
2025/12/12,12:07:49,0,34.0,230.0,324.0,256.0,2.0,218.0,1.0,1.0,0.0,0.0,0.0,0.0
2025/12/12,12:07:54,0,27.0,211.0,325.0,254.0,10.0,217.0,2.0,3.0,0.0,0.0,0.0,0.0
2025/12/12,12:07:59,0,31.0,212.0,321.0,255.0,17.0,219.0,4.0,3.0,0.0,0.0,0.0,0.0
2025/12/12,12:08:04,0,30.0,212.0,323.0,256.0,0.0,218.0,2.0,1.0,0.0,0.0,0.0,0.0
2025/12/12,12:08:09,0,30.0,217.0,322.0,254.0,5.0,219.0,3.0,2.0,0.0,0.0,0.0,0.0
2025/12/12,12:08:14,0,35.0,212.0,319.0,255.0,15.0,217.0,4.0,3.0,0.0,0.0,0.0,0.0
2025/12/12,12:08:19,0,31.0,219.0,320.0,255.0,0.0,219.0,2.0,1.0,0.0,0.0,0.0,0.0
2025/12/12,12:08:24,0,30.0,216.0,318.0,255.0,8.0,216.0,2.0,2.0,0.0,0.0,0.0,0.0
2025/12/12,12:08:29,0,31.0,209.0,317.0,256.0,15.0,217.0,3.0,3.0,0.0,0.0,0.0,0.0
2025/12/12,12:08:34,0,33.0,206.0,316.0,255.0,12.0,217.0,3.0,3.0,0.0,0.0,0.0,0.0
2025/12/12,12:08:39,0,28.0,210.0,316.0,256.0,2.0,217.0,1.0,1.0,0.0,0.0,0.0,0.0
2025/12/12,12:08:44,0,33.0,219.0,315.0,255.0,0.0,217.0,1.0,0.0,0.0,0.0,0.0,0.0
2025/12/12,12:08:49,0,33.0,227.0,314.0,255.0,0.0,217.0,1.0,1.0,0.0,0.0,0.0,0.0
2025/12/12,12:08:54,0,33.0,228.0,314.0,256.0,0.0,217.0,0.0,1.0,0.0,0.0,0.0,0.0
2025/12/12,12:08:59,0,36.0,217.0,311.0,256.0,3.0,219.0,2.0,2.0,0.0,0.0,0.0,0.0
2025/12/12,12:09:04,0,33.0,203.0,310.0,254.0,19.0,218.0,3.0,4.0,0.0,0.0,0.0,0.0
2025/12/12,12:09:09,0,33.0,202.0,309.0,255.0,14.0,217.0,3.0,3.0,0.0,0.0,0.0,0.0
2025/12/12,12:09:14,0,34.0,200.0,306.0,256.0,18.0,218.0,4.0,3.0,0.0,0.0,0.0,0.0
2025/12/12,12:09:19,0,34.0,202.0,308.0,255.0,16.0,218.0,3.0,4.0,0.0,0.0,0.0,0.0
2025/12/12,12:09:24,0,35.0,202.0,306.0,256.0,17.0,217.0,4.0,3.0,0.0,0.0,0.0,0.0
2025/12/12,12:09:29,0,34.0,202.0,306.0,256.0,17.0,218.0,4.0,3.0,0.0,0.0,0.0,0.0
2025/12/12,12:09:34,0,40.0,208.0,307.0,256.0,11.0,219.0,4.0,3.0,0.0,0.0,0.0,0.0
2025/12/12,12:09:39,0,35.0,224.0,305.0,255.0,1.0,219.0,2.0,1.0,0.0,0.0,0.0,0.0
2025/12/12,12:09:44,0,34.0,225.0,303.0,256.0,2.0,218.0,1.0,1.0,0.0,0.0,0.0,0.0
2025/12/12,12:09:49,0,35.0,208.0,303.0,255.0,7.0,218.0,2.0,2.0,0.0,0.0,0.0,0.0
2025/12/12,12:09:54,0,33.0,207.0,300.0,256.0,16.0,219.0,4.0,3.0,0.0,0.0,0.0,0.0
2025/12/12,12:10:07,0,34.0,224.0,302.0,255.0,0.0,218.0,2.0,1.0,0.0,0.0,0.0,0.0
2025/12/12,12:10:11,0,33.0,200.0,299.0,256.0,17.0,219.0,3.0,4.0,0.0,0.0,0.0,0.0
2025/12/12,12:10:16,0,32.0,211.0,300.0,255.0,15.0,217.0,3.0,3.0,0.0,0.0,0.0,0.0
2025/12/12,12:10:21,0,33.0,206.0,298.0,256.0,13.0,218.0,4.0,3.0,0.0,0.0,0.0,0.0
2025/12/12,12:10:26,0,34.0,205.0,299.0,256.0,11.0,218.0,3.0,3.0,0.0,0.0,0.0,0.0
2025/12/12,12:10:31,0,34.0,212.0,300.0,255.0,0.0,219.0,1.0,1.0,0.0,0.0,0.0,0.0
2025/12/12,12:10:36,0,35.0,215.0,298.0,256.0,7.0,218.0,3.0,2.0,0.0,0.0,0.0,0.0
2025/12/12,12:10:41,0,35.0,205.0,297.0,254.0,13.0,218.0,3.0,3.0,0.0,0.0,0.0,0.0
2025/12/12,12:10:46,0,35.0,226.0,298.0,255.0,0.0,217.0,1.0,1.0,0.0,0.0,0.0,0.0
2025/12/12,12:10:51,0,36.0,201.0,293.0,256.0,19.0,218.0,3.0,4.0,0.0,0.0,0.0,0.0
2025/12/12,12:10:56,0,32.0,208.0,293.0,255.0,3.0,219.0,1.0,1.0,0.0,0.0,0.0,0.0
2025/12/12,12:11:01,0,33.0,206.0,295.0,255.0,13.0,218.0,3.0,3.0,0.0,0.0,0.0,0.0
2025/12/12,12:11:06,0,33.0,217.0,296.0,255.0,0.0,217.0,1.0,1.0,0.0,0.0,0.0,0.0
2025/12/12,12:11:11,0,35.0,212.0,292.0,255.0,16.0,218.0,3.0,3.0,0.0,0.0,0.0,0.0
2025/12/12,12:11:16,0,34.0,220.0,293.0,255.0,3.0,218.0,2.0,1.0,0.0,0.0,0.0,0.0
2025/12/12,12:11:21,0,33.0,207.0,292.0,255.0,11.0,219.0,3.0,2.0,0.0,0.0,0.0,0.0
2025/12/12,12:11:26,0,32.0,216.0,294.0,256.0,7.0,218.0,2.0,2.0,0.0,0.0,0.0,0.0
2025/12/12,12:11:31,0,30.0,208.0,292.0,255.0,5.0,219.0,2.0,2.0,0.0,0.0,0.0,0.0
2025/12/12,12:11:36,0,31.0,201.0,291.0,255.0,17.0,217.0,4.0,3.0,0.0,0.0,0.0,0.0
2025/12/12,12:11:41,0,31.0,225.0,293.0,255.0,0.0,217.0,1.0,1.0,0.0,0.0,0.0,0.0
2025/12/12,12:11:46,0,32.0,204.0,289.0,256.0,13.0,219.0,3.0,3.0,0.0,0.0,0.0,0.0
2025/12/12,12:11:51,0,38.0,212.0,290.0,255.0,11.0,219.0,3.0,2.0,0.0,0.0,0.0,0.0
2025/12/12,12:11:56,0,34.0,211.0,291.0,255.0,0.0,219.0,1.0,1.0,0.0,0.0,0.0,0.0
2025/12/12,12:12:01,0,34.0,206.0,288.0,255.0,15.0,217.0,3.0,3.0,0.0,0.0,0.0,0.0
2025/12/12,12:12:06,0,34.0,222.0,288.0,255.0,1.0,219.0,1.0,2.0,0.0,0.0,0.0,0.0
2025/12/12,12:12:11,0,34.0,217.0,288.0,255.0,0.0,219.0,1.0,1.0,0.0,0.0,0.0,0.0
2025/12/12,12:12:16,0,34.0,205.0,286.0,255.0,8.0,217.0,1.0,2.0,0.0,0.0,0.0,0.0
2025/12/12,12:12:21,0,36.0,211.0,286.0,254.0,14.0,217.0,3.0,3.0,0.0,0.0,0.0,0.0
2025/12/12,12:12:26,0,35.0,209.0,285.0,255.0,14.0,217.0,3.0,3.0,0.0,0.0,0.0,0.0
2025/12/12,12:12:31,0,34.0,208.0,283.0,256.0,17.0,219.0,4.0,3.0,0.0,0.0,0.0,0.0
2025/12/12,12:12:36,0,34.0,205.0,282.0,256.0,17.0,218.0,4.0,3.0,0.0,0.0,0.0,0.0
2025/12/12,12:12:41,0,35.0,210.0,285.0,255.0,15.0,217.0,3.0,3.0,0.0,0.0,0.0,0.0
2025/12/12,12:12:46,0,33.0,206.0,285.0,255.0,13.0,219.0,3.0,3.0,0.0,0.0,0.0,0.0
2025/12/12,12:12:51,0,35.0,219.0,287.0,254.0,0.0,218.0,2.0,1.0,0.0,0.0,0.0,0.0
2025/12/12,12:12:56,0,34.0,209.0,285.0,254.0,11.0,218.0,4.0,2.0,0.0,0.0,0.0,0.0
2025/12/12,12:13:01,0,36.0,214.0,284.0,253.0,14.0,217.0,4.0,3.0,0.0,0.0,0.0,0.0
2025/12/12,12:13:06,0,34.0,215.0,286.0,255.0,0.0,219.0,1.0,1.0,0.0,0.0,0.0,0.0
2025/12/12,12:13:11,0,33.0,204.0,284.0,255.0,8.0,218.0,3.0,3.0,0.0,0.0,0.0,0.0
2025/12/12,12:13:16,0,34.0,220.0,286.0,255.0,5.0,218.0,2.0,1.0,0.0,0.0,0.0,0.0
2025/12/12,12:13:21,0,28.0,205.0,285.0,255.0,13.0,219.0,4.0,3.0,0.0,0.0,0.0,0.0
2025/12/12,12:13:26,0,35.0,213.0,284.0,256.0,0.0,219.0,1.0,1.0,0.0,0.0,0.0,0.0
2025/12/12,12:13:31,0,33.0,205.0,284.0,255.0,17.0,218.0,3.0,3.0,0.0,0.0,0.0,0.0
2025/12/12,12:13:36,0,33.0,211.0,286.0,255.0,0.0,217.0,0.0,0.0,0.0,0.0,0.0,0.0
2025/12/12,12:13:41,0,35.0,212.0,286.0,255.0,7.0,219.0,3.0,2.0,0.0,0.0,0.0,0.0
2025/12/12,12:13:46,0,35.0,208.0,283.0,255.0,17.0,219.0,4.0,4.0,0.0,0.0,0.0,0.0
2025/12/12,12:13:51,0,34.0,221.0,285.0,255.0,0.0,217.0,1.0,1.0,0.0,0.0,0.0,0.0
2025/12/12,12:13:56,0,33.0,206.0,284.0,256.0,16.0,219.0,3.0,3.0,0.0,0.0,0.0,0.0
2025/12/12,12:14:01,0,34.0,216.0,286.0,256.0,0.0,219.0,0.0,1.0,0.0,0.0,0.0,0.0
2025/12/12,12:14:06,0,35.0,210.0,285.0,256.0,13.0,219.0,4.0,3.0,0.0,0.0,0.0,0.0
2025/12/12,12:14:11,0,34.0,213.0,282.0,256.0,15.0,218.0,4.0,3.0,0.0,0.0,0.0,0.0
2025/12/12,12:14:16,0,33.0,210.0,283.0,256.0,6.0,219.0,1.0,2.0,0.0,0.0,0.0,0.0
2025/12/12,12:14:21,0,33.0,216.0,284.0,255.0,0.0,219.0,1.0,1.0,0.0,0.0,0.0,0.0
2025/12/12,12:14:26,0,33.0,225.0,284.0,255.0,0.0,217.0,0.0,0.0,0.0,0.0,0.0,0.0
2025/12/12,12:14:31,0,33.0,220.0,285.0,255.0,0.0,217.0,1.0,1.0,0.0,0.0,0.0,0.0
2025/12/12,12:14:36,0,34.0,210.0,284.0,255.0,0.0,217.0,1.0,0.0,0.0,0.0,0.0,0.0
2025/12/12,12:14:41,0,31.0,207.0,283.0,255.0,15.0,218.0,4.0,3.0,0.0,0.0,0.0,0.0
2025/12/12,12:14:46,0,34.0,199.0,282.0,255.0,15.0,219.0,4.0,3.0,0.0,0.0,0.0,0.0
2025/12/12,12:14:51,0,33.0,228.0,283.0,256.0,1.0,219.0,1.0,1.0,0.0,0.0,0.0,0.0
2025/12/12,12:14:56,0,31.0,209.0,283.0,255.0,0.0,218.0,0.0,0.0,-0.0008,0.0,0.0,0.0
2025/12/12,12:15:01,0,33.0,209.0,283.0,256.0,13.0,218.0,4.0,3.0,0.0,0.0,0.0,0.0
2025/12/12,12:15:06,0,32.0,221.0,284.0,255.0,0.0,217.0,1.0,1.0,0.0,0.0,0.0,0.0
2025/12/12,12:15:11,0,29.0,211.0,284.0,256.0,0.0,217.0,0.0,1.0,0.0,0.0,0.0,0.0
2025/12/12,12:15:16,0,30.0,210.0,281.0,255.0,16.0,219.0,4.0,3.0,0.0,0.0,0.0,0.0
2025/12/12,12:15:21,0,32.0,204.0,279.0,256.0,16.0,219.0,4.0,3.0,0.0,0.0,0.0,0.0
2025/12/12,12:15:26,0,31.0,207.0,282.0,255.0,13.0,218.0,4.0,3.0,0.0,0.0,0.0,0.0
2025/12/12,12:15:31,0,31.0,221.0,284.0,255.0,0.0,218.0,2.0,0.0,0.0,0.0,0.0,0.0
2025/12/12,12:15:36,0,31.0,229.0,283.0,255.0,1.0,219.0,3.0,1.0,0.0,0.0,0.0,0.0
2025/12/12,12:15:41,0,30.0,220.0,284.0,255.0,0.0,218.0,2.0,1.0,0.0,0.0,0.0,0.0
2025/12/12,12:15:46,0,32.0,212.0,282.0,254.0,0.0,219.0,0.0,1.0,0.0,0.0,0.0,0.0
2025/12/12,12:15:51,0,31.0,205.0,282.0,255.0,9.0,219.0,2.0,3.0,0.0,0.0,0.0,0.0
2025/12/12,12:15:56,0,30.0,209.0,279.0,256.0,17.0,218.0,4.0,3.0,0.0,0.0,0.0,0.0
2025/12/12,12:16:01,0,29.0,212.0,282.0,256.0,14.0,219.0,4.0,3.0,0.0,0.0,0.0,0.0
2025/12/12,12:16:06,0,32.0,212.0,281.0,256.0,14.0,219.0,5.0,3.0,0.0,0.0,0.0,0.0
2025/12/12,12:16:11,0,33.0,207.0,281.0,255.0,9.0,219.0,2.0,3.0,0.0,0.0,0.0,0.0
2025/12/12,12:16:16,0,31.0,216.0,284.0,255.0,0.0,218.0,2.0,1.0,0.0,0.0,0.0,0.0
2025/12/12,12:16:21,0,30.0,206.0,281.0,256.0,12.0,218.0,4.0,3.0,0.0,0.0,0.0,0.0
2025/12/12,12:16:26,0,32.0,209.0,283.0,256.0,0.0,217.0,1.0,1.0,0.0,0.0,0.0,0.0
2025/12/12,12:16:31,0,31.0,202.0,281.0,255.0,17.0,218.0,4.0,3.0,0.0,0.0,0.0,0.0
2025/12/12,12:16:36,0,31.0,221.0,282.0,255.0,0.0,219.0,1.0,1.0,0.0,0.0,0.0,0.0
2025/12/12,12:16:41,0,30.0,206.0,280.0,256.0,15.0,217.0,3.0,3.0,0.0,0.0,0.0,0.0
2025/12/12,12:16:46,0,31.0,220.0,283.0,255.0,0.0,218.0,2.0,1.0,0.0,0.0,0.0,0.0
2025/12/12,12:16:51,0,29.0,203.0,281.0,256.0,16.0,220.0,3.0,4.0,0.0,0.0,0.0,0.0
2025/12/12,12:16:56,0,33.0,214.0,283.0,256.0,0.0,219.0,1.0,1.0,0.0,0.0,0.0,0.0
2025/12/12,12:17:01,0,32.0,202.0,281.0,256.0,15.0,219.0,3.0,3.0,0.0,0.0,0.0,0.0
2025/12/12,12:17:06,0,33.0,226.0,283.0,256.0,0.0,220.0,1.0,1.0,0.0,0.0,0.0,0.0
2025/12/12,12:17:11,0,33.0,204.0,281.0,256.0,14.0,220.0,3.0,3.0,0.0,0.0,0.0,0.0
2025/12/12,12:17:16,0,34.0,208.0,282.0,255.0,13.0,219.0,4.0,3.0,0.0,0.0,0.0,0.0
2025/12/12,12:17:21,0,36.0,212.0,282.0,255.0,0.0,219.0,1.0,1.0,0.0,0.0,0.0,0.0
2025/12/12,12:17:26,0,36.0,204.0,282.0,255.0,15.0,219.0,3.0,4.0,0.0,0.0,0.0,0.0
2025/12/12,12:17:31,0,38.0,212.0,284.0,255.0,0.0,218.0,1.0,1.0,0.0,0.0,0.0,0.0
2025/12/12,12:17:36,0,41.0,221.0,285.0,255.0,3.0,219.0,1.0,1.0,0.0,0.0,0.0,0.0
2025/12/12,12:17:41,0,40.0,204.0,284.0,256.0,14.0,218.0,3.0,3.0,0.0,0.0,0.0,0.0
2025/12/12,12:17:46,0,40.0,211.0,283.0,255.0,15.0,219.0,4.0,3.0,0.0,0.0,0.0,0.0
2025/12/12,12:17:51,0,41.0,209.0,282.0,256.0,16.0,217.0,4.0,3.0,0.0,0.0,0.0,0.0
2025/12/12,12:17:56,0,40.0,205.0,283.0,255.0,14.0,219.0,3.0,4.0,0.0,0.0,0.0,0.0
2025/12/12,12:18:01,0,46.0,208.0,283.0,256.0,15.0,219.0,3.0,3.0,0.0,0.0,0.0,0.0
2025/12/12,12:18:06,0,41.0,204.0,284.0,255.0,14.0,218.0,4.0,2.0,0.0,0.0,0.0,0.0
2025/12/12,12:18:11,0,40.0,210.0,285.0,255.0,0.0,218.0,0.0,1.0,0.0,0.0,0.0,0.0
2025/12/12,12:18:16,0,41.0,222.0,284.0,255.0,0.0,219.0,1.0,1.0,0.0,0.0,0.0,0.0
2025/12/12,12:18:21,0,44.0,213.0,282.0,255.0,17.0,218.0,3.0,3.0,0.0,0.0,0.0,0.0
2025/12/12,12:18:26,0,44.0,229.0,285.0,255.0,0.0,218.0,2.0,1.0,0.0,0.0,0.0,0.0
2025/12/12,12:18:31,0,43.0,210.0,282.0,255.0,15.0,219.0,4.0,3.0,0.0,0.0,0.0,0.0
2025/12/12,12:18:36,0,43.0,219.0,285.0,256.0,0.0,217.0,1.0,1.0,0.0,0.0,0.0,0.0
2025/12/12,12:18:41,0,40.0,213.0,282.0,255.0,9.0,218.0,2.0,3.0,0.0,0.0,0.0,0.0
2025/12/12,12:18:46,0,43.0,205.0,280.0,255.0,16.0,219.0,4.0,3.0,0.0,0.0,0.0,0.0
2025/12/12,12:18:51,0,43.0,212.0,280.0,255.0,15.0,219.0,4.0,3.0,0.0,0.0,0.0,0.0
2025/12/12,12:18:56,0,42.0,203.0,278.0,255.0,15.0,217.0,3.0,3.0,0.0,0.0,0.0,0.0
2025/12/12,12:19:01,0,41.0,208.0,279.0,255.0,4.0,219.0,0.0,1.0,0.0,0.0,0.0,0.0
2025/12/12,12:19:06,0,43.0,224.0,278.0,256.0,1.0,219.0,2.0,1.0,0.0,0.0,0.0,0.0
2025/12/12,12:19:11,0,43.0,201.0,277.0,256.0,20.0,219.0,3.0,3.0,0.0,0.0,0.0,0.0
2025/12/12,12:19:16,0,41.0,210.0,278.0,256.0,3.0,218.0,1.0,1.0,0.0,0.0,0.0,0.0
2025/12/12,12:19:21,0,43.0,211.0,277.0,255.0,10.0,220.0,2.0,3.0,0.0,0.0,0.0,0.0
2025/12/12,12:19:26,0,42.0,210.0,278.0,254.0,0.0,220.0,1.0,1.0,0.0,0.0,0.0,0.0
2025/12/12,12:19:31,0,41.0,200.0,276.0,255.0,16.0,219.0,3.0,3.0,0.0,0.0,0.0,0.0
2025/12/12,12:19:36,0,42.0,218.0,278.0,255.0,0.0,218.0,2.0,1.0,0.0,0.0,0.0,0.0
2025/12/12,12:19:41,0,38.0,204.0,276.0,254.0,13.0,218.0,4.0,3.0,0.0,0.0,0.0,0.0
2025/12/12,12:19:46,0,41.0,202.0,277.0,256.0,11.0,218.0,4.0,3.0,0.0,0.0,0.0,0.0
2025/12/12,12:19:51,0,39.0,225.0,278.0,255.0,0.0,220.0,1.0,1.0,0.0,0.0,0.0,0.0
2025/12/12,12:19:56,0,42.0,207.0,276.0,254.0,11.0,218.0,3.0,2.0,0.0,0.0,0.0,0.0
2025/12/12,12:20:01,0,42.0,205.0,276.0,253.0,16.0,218.0,3.0,3.0,0.0,0.0,0.0,0.0
2025/12/12,12:20:36,0,39.0,212.0,276.0,256.0,9.0,220.0,3.0,2.0,0.0,0.0,0.0,0.0
2025/12/12,12:20:40,0,39.0,201.0,274.0,254.0,16.0,215.0,3.0,4.0,0.0,0.0,0.0,0.0
2025/12/12,12:20:45,0,42.0,209.0,278.0,254.0,0.0,219.0,2.0,1.0,0.0,0.0,0.0,0.0
2025/12/12,12:20:50,0,41.0,202.0,274.0,256.0,16.0,219.0,4.0,3.0,0.0,0.0,0.0,0.0
2025/12/12,12:20:55,0,40.0,219.0,277.0,255.0,0.0,218.0,2.0,1.0,0.0,0.0,0.0,0.0
2025/12/12,12:21:00,0,40.0,210.0,275.0,255.0,14.0,218.0,4.0,3.0,0.0,0.0,0.0,0.0
2025/12/12,12:21:05,0,39.0,229.0,278.0,255.0,0.0,218.0,1.0,1.0,0.0,0.0,0.0,0.0
2025/12/12,12:21:10,0,41.0,211.0,276.0,254.0,15.0,218.0,4.0,3.0,0.0,0.0,0.0,0.0
2025/12/12,12:21:15,0,41.0,222.0,277.0,255.0,0.0,219.0,1.0,1.0,0.0,0.0,0.0,0.0
2025/12/12,12:21:20,0,40.0,203.0,276.0,255.0,17.0,220.0,3.0,3.0,0.0,0.0,0.0,0.0
2025/12/12,12:21:25,0,40.0,209.0,277.0,256.0,3.0,219.0,1.0,1.0,0.0,0.0,0.0,0.0
2025/12/12,12:21:30,0,39.0,225.0,278.0,256.0,1.0,219.0,0.0,0.0,0.0,0.0,0.0,0.0
2025/12/12,12:21:35,0,39.0,200.0,276.0,255.0,15.0,218.0,4.0,3.0,0.0,0.0,0.0,0.0
2025/12/12,12:21:40,0,39.0,209.0,276.0,256.0,15.0,219.0,4.0,2.0,0.0,0.0,0.0,0.0
2025/12/12,12:21:45,0,39.0,208.0,276.0,256.0,9.0,219.0,4.0,3.0,0.0,0.0,0.0,0.0
2025/12/12,12:21:50,0,37.0,206.0,276.0,256.0,16.0,219.0,4.0,3.0,0.0,0.0,0.0,0.0
2025/12/12,12:21:55,0,41.0,209.0,277.0,256.0,15.0,218.0,4.0,3.0,0.0,0.0,0.0,0.0
2025/12/12,12:22:00,0,39.0,213.0,276.0,256.0,13.0,220.0,3.0,3.0,0.0,0.0,0.0,0.0
2025/12/12,12:22:05,0,40.0,210.0,274.0,255.0,13.0,220.0,4.0,3.0,0.0,0.0,0.0,0.0
2025/12/12,12:22:10,0,38.0,204.0,276.0,256.0,12.0,218.0,4.0,3.0,0.0,0.0,0.0,0.0
2025/12/12,12:22:15,0,37.0,207.0,276.0,255.0,10.0,220.0,2.0,2.0,0.0,0.0,0.0,0.0
2025/12/12,12:22:20,0,38.0,209.0,276.0,256.0,1.0,218.0,1.0,1.0,0.0,0.0,0.0,0.0
2025/12/12,12:22:25,0,37.0,216.0,277.0,255.0,0.0,219.0,1.0,0.0,0.0,0.0,0.0,0.0
2025/12/12,12:22:30,0,39.0,228.0,277.0,254.0,0.0,219.0,2.0,1.0,0.0,0.0,0.0,0.0
2025/12/12,12:22:35,0,43.0,220.0,275.0,255.0,2.0,218.0,2.0,1.0,0.0,0.0,0.0,0.0
2025/12/12,12:22:40,0,38.0,204.0,275.0,255.0,16.0,219.0,3.0,3.0,0.0,0.0,0.0,0.0
2025/12/12,12:22:45,0,41.0,205.0,275.0,255.0,13.0,218.0,3.0,3.0,0.0,0.0,0.0,0.0
2025/12/12,12:22:50,0,40.0,213.0,276.0,256.0,0.0,219.0,1.0,1.0,0.0,0.0,0.0,0.0
2025/12/12,12:22:55,0,39.0,222.0,275.0,255.0,1.0,219.0,1.0,0.0,0.0,0.0,0.0,0.0
2025/12/12,12:23:00,0,39.0,204.0,274.0,255.0,16.0,219.0,3.0,3.0,0.0,0.0,0.0,0.0
2025/12/12,12:23:05,0,38.0,209.0,274.0,256.0,4.0,220.0,1.0,2.0,0.0,0.0,0.0,0.0
2025/12/12,12:23:10,0,39.0,220.0,276.0,256.0,0.0,217.0,2.0,1.0,0.0,0.0,0.0,0.0
2025/12/12,12:23:15,0,40.0,206.0,274.0,255.0,16.0,217.0,3.0,3.0,0.0,0.0,0.0,0.0
2025/12/12,12:23:20,0,38.0,221.0,275.0,256.0,0.0,220.0,0.0,0.0,0.0,0.0,0.0,0.0
2025/12/12,12:23:25,0,39.0,202.0,274.0,256.0,16.0,217.0,4.0,3.0,0.0,0.0,0.0,0.0
2025/12/12,12:23:30,0,42.0,207.0,273.0,256.0,16.0,219.0,4.0,3.0,0.0,0.0,0.0,0.0
2025/12/12,12:23:35,0,46.0,210.0,274.0,256.0,19.0,218.0,4.0,3.0,0.0,0.0,0.0,0.0
2025/12/12,12:23:40,0,42.0,209.0,273.0,256.0,18.0,219.0,4.0,3.0,0.0,0.0,0.0,0.0
2025/12/12,12:23:45,0,42.0,227.0,277.0,254.0,0.0,219.0,2.0,1.0,0.0,0.0,0.0,0.0
2025/12/12,12:23:50,0,43.0,212.0,277.0,258.0,0.0,218.0,2.0,1.0,0.0,0.0,0.0,0.0
2025/12/12,12:23:55,0,44.0,208.0,272.0,256.0,15.0,219.0,4.0,3.0,0.0,0.0,0.0,0.0
2025/12/12,12:24:00,0,44.0,208.0,276.0,255.0,17.0,219.0,4.0,3.0,0.0,0.0,0.0,0.0
2025/12/12,12:24:05,0,42.0,225.0,277.0,256.0,1.0,219.0,1.0,1.0,0.0,0.0,0.0,0.0
2025/12/12,12:24:10,0,43.0,210.0,276.0,256.0,0.0,219.0,0.0,0.0,0.0,0.0,0.0,0.0
2025/12/12,12:24:15,0,42.0,208.0,274.0,256.0,4.0,219.0,2.0,2.0,0.0,0.0,0.0,0.0
2025/12/12,12:24:20,0,42.0,212.0,275.0,256.0,0.0,219.0,1.0,1.0,0.0,0.0,0.0,0.0
2025/12/12,12:24:25,0,45.0,226.0,278.0,256.0,0.0,217.0,0.0,0.0,0.0,0.0,0.0,0.0
2025/12/12,12:24:30,0,40.0,208.0,274.0,256.0,16.0,217.0,3.0,3.0,0.0,0.0,0.0,0.0
2025/12/12,12:24:35,0,42.0,200.0,275.0,255.0,23.0,217.0,4.0,3.0,0.0,0.0,0.0,0.0
2025/12/12,12:24:40,0,39.0,224.0,278.0,254.0,0.0,218.0,1.0,1.0,0.0,0.0,0.0,0.0
2025/12/12,12:24:45,0,43.0,211.0,278.0,255.0,0.0,219.0,0.0,0.0,0.0,0.0,0.0,0.0
2025/12/12,12:24:50,0,44.0,211.0,276.0,256.0,16.0,219.0,4.0,3.0,0.0,0.0,0.0,0.0
2025/12/12,12:24:55,0,41.0,210.0,277.0,255.0,12.0,219.0,3.0,3.0,0.0,0.0,0.0,0.0
2025/12/12,12:25:00,0,43.0,227.0,279.0,255.0,0.0,218.0,2.0,1.0,0.0,0.0,0.0,0.0
2025/12/12,12:25:05,0,42.0,209.0,279.0,256.0,1.0,218.0,1.0,1.0,0.0,0.0,0.0,0.0
2025/12/12,12:25:10,0,44.0,207.0,275.0,256.0,17.0,220.0,3.0,3.0,0.0,0.0,0.0,0.0
2025/12/12,12:25:15,0,41.0,219.0,280.0,255.0,0.0,218.0,2.0,1.0,0.0,0.0,0.0,0.0
2025/12/12,12:25:20,0,43.0,209.0,280.0,256.0,2.0,218.0,2.0,1.0,0.0,0.0,0.0,0.0
2025/12/12,12:25:25,0,43.0,205.0,278.0,255.0,17.0,219.0,3.0,3.0,0.0,0.0,0.0,0.0
2025/12/12,12:25:30,0,43.0,223.0,280.0,254.0,0.0,219.0,0.0,1.0,0.0,0.0,0.0,0.0
2025/12/12,12:25:35,0,43.0,210.0,280.0,255.0,2.0,220.0,0.0,1.0,0.0,0.0,0.0,0.0
2025/12/12,12:25:40,0,44.0,209.0,279.0,256.0,16.0,219.0,4.0,3.0,0.0,0.0,0.0,0.0
2025/12/12,12:25:45,0,48.0,213.0,282.0,255.0,7.0,220.0,2.0,2.0,0.0,0.0,0.0,0.0
2025/12/12,12:25:50,0,43.0,221.0,280.0,256.0,0.0,219.0,1.0,1.0,0.0,0.0,0.0,0.0
2025/12/12,12:25:55,0,43.0,208.0,280.0,255.0,5.0,218.0,2.0,2.0,0.0,0.0,0.0,0.0
2025/12/12,12:26:00,0,43.0,213.0,281.0,256.0,14.0,218.0,4.0,3.0,0.0,0.0,0.0,0.0
2025/12/12,12:26:05,0,42.0,203.0,280.0,256.0,17.0,220.0,4.0,3.0,0.0,0.0,0.0,0.0
2025/12/12,12:26:10,0,39.0,218.0,283.0,255.0,4.0,219.0,3.0,2.0,0.0,0.0,0.0,0.0
2025/12/12,12:26:15,0,44.0,228.0,283.0,256.0,1.0,220.0,2.0,1.0,0.0,0.0,0.0,0.0
2025/12/12,12:26:20,0,41.0,210.0,284.0,255.0,1.0,218.0,1.0,1.0,0.0,0.0,0.0,0.0
2025/12/12,12:26:25,0,40.0,209.0,282.0,256.0,16.0,220.0,3.0,3.0,0.0,0.0,0.0,0.0
2025/12/12,12:26:30,0,40.0,215.0,285.0,256.0,7.0,218.0,3.0,2.0,0.0,0.0,0.0,0.0
2025/12/12,12:26:35,0,41.0,220.0,286.0,255.0,0.0,218.0,1.0,1.0,0.0,0.0,0.0,0.0
2025/12/12,12:26:40,0,41.0,204.0,285.0,254.0,15.0,218.0,3.0,3.0,0.0,0.0,0.0,0.0
2025/12/12,12:26:45,0,47.0,207.0,285.0,256.0,12.0,219.0,3.0,4.0,0.0,0.0,0.0,0.0
2025/12/12,12:26:50,0,41.0,222.0,287.0,255.0,0.0,217.0,1.0,1.0,0.0,0.0,0.0,0.0
2025/12/12,12:26:55,0,39.0,210.0,286.0,256.0,1.0,218.0,0.0,1.0,0.0,0.0,0.0,0.0
2025/12/12,12:27:00,0,42.0,207.0,285.0,256.0,14.0,218.0,4.0,3.0,0.0,0.0,0.0,0.0
2025/12/12,12:27:05,0,42.0,207.0,286.0,256.0,15.0,219.0,3.0,3.0,0.0,0.0,0.0,0.0
2025/12/12,12:27:10,0,42.0,202.0,287.0,255.0,17.0,218.0,5.0,3.0,0.0,0.0,0.0,0.0
2025/12/12,12:27:15,0,40.0,220.0,289.0,256.0,3.0,219.0,0.0,1.0,0.0,0.0,0.0,0.0
2025/12/12,12:27:20,0,43.0,221.0,289.0,256.0,0.0,219.0,1.0,1.0,0.0,0.0,0.0,0.0
2025/12/12,12:27:25,0,42.0,209.0,287.0,256.0,6.0,219.0,1.0,2.0,0.0,0.0,0.0,0.0
2025/12/12,12:27:30,0,45.0,211.0,288.0,256.0,14.0,220.0,3.0,3.0,0.0,0.0,0.0,0.0
2025/12/12,12:27:35,0,42.0,202.0,288.0,254.0,15.0,218.0,4.0,3.0,0.0,0.0,0.0,0.0
2025/12/12,12:27:40,0,44.0,225.0,291.0,255.0,0.0,217.0,2.0,0.0,0.0,0.0,0.0,0.0
2025/12/12,12:27:45,0,44.0,209.0,291.0,256.0,0.0,218.0,0.0,1.0,0.0,0.0,0.0,0.0
2025/12/12,12:27:50,0,44.0,213.0,287.0,256.0,15.0,220.0,3.0,4.0,0.0,0.0,0.0,0.0
2025/12/12,12:27:55,0,43.0,199.0,290.0,255.0,15.0,219.0,3.0,4.0,0.0,0.0,0.0,0.0
2025/12/12,12:28:00,0,43.0,222.0,292.0,255.0,1.0,219.0,2.0,0.0,0.0,0.0,0.0,0.0
2025/12/12,12:28:05,0,44.0,217.0,293.0,256.0,0.0,217.0,1.0,1.0,0.0,0.0,0.0,0.0
2025/12/12,12:28:10,0,44.0,205.0,290.0,255.0,14.0,218.0,3.0,3.0,0.0,0.0,0.0,0.0
2025/12/12,12:28:15,0,43.0,200.0,289.0,256.0,17.0,218.0,4.0,3.0,0.0,0.0,0.0,0.0
2025/12/12,12:28:20,0,44.0,230.0,294.0,254.0,0.0,220.0,2.0,1.0,0.0,0.0,0.0,0.0
2025/12/12,12:28:25,0,43.0,210.0,292.0,256.0,1.0,220.0,0.0,1.0,0.0,0.0,0.0,0.0
2025/12/12,12:28:30,0,43.0,211.0,292.0,254.0,16.0,218.0,4.0,3.0,0.0,0.0,0.0,0.0
2025/12/12,12:28:35,0,44.0,206.0,292.0,255.0,15.0,219.0,4.0,3.0,0.0,0.0,0.0,0.0
2025/12/12,12:28:40,0,42.0,226.0,293.0,256.0,2.0,217.0,1.0,1.0,0.0,0.0,0.0,0.0
2025/12/12,12:28:45,0,42.0,214.0,293.0,256.0,0.0,219.0,2.0,0.0,0.0,0.0,0.0,0.0
2025/12/12,12:28:50,0,40.0,211.0,291.0,256.0,14.0,219.0,4.0,3.0,0.0,0.0,0.0,0.0
2025/12/12,12:28:55,0,43.0,208.0,292.0,256.0,12.0,219.0,3.0,3.0,0.0,0.0,0.0,0.0
2025/12/12,12:29:00,0,43.0,228.0,293.0,256.0,0.0,219.0,2.0,1.0,0.0,0.0,0.0,0.0
2025/12/12,12:29:05,0,43.0,209.0,293.0,257.0,5.0,218.0,2.0,2.0,0.0,0.0,0.0,0.0
2025/12/12,12:29:10,0,43.0,205.0,291.0,255.0,16.0,219.0,3.0,4.0,0.0,0.0,0.0,0.0
2025/12/12,12:29:15,0,37.0,230.0,293.0,255.0,0.0,219.0,1.0,1.0,0.0,0.0,0.0,0.0
2025/12/12,12:29:20,0,43.0,207.0,292.0,255.0,8.0,219.0,2.0,2.0,0.0,0.0,0.0,0.0
2025/12/12,12:29:25,0,44.0,202.0,291.0,256.0,16.0,218.0,4.0,4.0,0.0,0.0,0.0,0.0
2025/12/12,12:29:30,0,43.0,220.0,293.0,256.0,0.0,218.0,2.0,1.0,0.0,0.0,0.0,0.0
2025/12/12,12:29:35,0,44.0,209.0,290.0,256.0,16.0,218.0,4.0,3.0,0.0,0.0,0.0,0.0
2025/12/12,12:29:40,0,45.0,226.0,291.0,256.0,1.0,219.0,1.0,1.0,0.0,0.0,0.0,0.0
2025/12/12,12:29:45,0,42.0,211.0,291.0,256.0,15.0,220.0,3.0,3.0,0.0,0.0,0.0,0.0
2025/12/12,12:29:50,0,44.0,221.0,291.0,256.0,2.0,219.0,0.0,0.0,0.0,0.0,0.0,0.0
2025/12/12,12:29:55,0,44.0,208.0,290.0,256.0,9.0,219.0,2.0,3.0,0.0,0.0,0.0,0.0
2025/12/12,12:30:00,0,47.0,214.0,291.0,256.0,8.0,219.0,2.0,2.0,0.0,0.0,0.0,0.0
2025/12/12,12:30:05,0,44.0,205.0,291.0,256.0,10.0,219.0,2.0,2.0,0.0,0.0,0.0,0.0
2025/12/12,12:30:10,0,47.0,223.0,290.0,256.0,1.0,219.0,2.0,1.0,0.0,0.0,0.0,0.0
2025/12/12,12:31:06,0,45.0,215.0,290.0,255.0,1.0,218.0,2.0,2.0,0.0,0.0,0.0,0.0
2025/12/12,12:31:10,0,44.0,216.0,288.0,255.0,5.0,218.0,2.0,2.0,0.0,0.0,0.0,0.0
2025/12/12,12:31:15,0,47.0,216.0,289.0,256.0,4.0,219.0,2.0,2.0,0.0,0.0,0.0,0.0
2025/12/12,12:31:20,0,45.0,221.0,288.0,255.0,3.0,218.0,2.0,1.0,0.0,0.0,0.0,0.0
2025/12/12,12:31:25,0,50.0,219.0,286.0,257.0,3.0,219.0,2.0,3.0,0.0,0.0,0.0,0.0
2025/12/12,12:31:30,0,45.0,214.0,288.0,257.0,8.0,219.0,3.0,2.0,0.0,0.0,0.0,0.0
2025/12/12,12:31:35,0,44.0,206.0,287.0,255.0,12.0,218.0,3.0,3.0,0.0,0.0,0.0,0.0
2025/12/12,12:31:40,0,45.0,203.0,287.0,256.0,16.0,219.0,3.0,3.0,0.0,0.0,0.0,0.0
2025/12/12,12:31:45,0,44.0,205.0,285.0,256.0,17.0,219.0,4.0,3.0,0.0,0.0,0.0,0.0
2025/12/12,12:31:50,0,43.0,202.0,286.0,256.0,16.0,220.0,3.0,3.0,0.0,0.0,0.0,0.0
2025/12/12,12:31:55,0,45.0,209.0,287.0,256.0,14.0,219.0,4.0,2.0,0.0,0.0,0.0,0.0
2025/12/12,12:32:00,0,48.0,228.0,289.0,256.0,0.0,219.0,1.0,1.0,0.0,0.0,0.0,0.0
2025/12/12,12:32:05,0,41.0,214.0,289.0,256.0,0.0,219.0,1.0,1.0,0.0,0.0,0.0,0.0
2025/12/12,12:32:10,0,42.0,204.0,288.0,256.0,12.0,220.0,2.0,4.0,0.0,0.0,0.0,0.0
2025/12/12,12:32:15,0,44.0,205.0,289.0,255.0,16.0,219.0,4.0,3.0,0.0,0.0,0.0,0.0
2025/12/12,12:32:20,0,43.0,220.0,290.0,256.0,0.0,218.0,2.0,0.0,0.0,0.0,0.0,0.0
2025/12/12,12:32:25,0,39.0,206.0,288.0,256.0,17.0,219.0,4.0,3.0,0.0,0.0,0.0,0.0
2025/12/12,12:32:30,0,39.0,207.0,289.0,256.0,16.0,218.0,4.0,3.0,0.0,0.0,0.0,0.0
2025/12/12,12:32:35,0,46.0,229.0,290.0,255.0,0.0,218.0,2.0,1.0,0.0,0.0,0.0,0.0
2025/12/12,12:32:40,0,41.0,209.0,290.0,256.0,1.0,220.0,0.0,1.0,0.0,0.0,0.0,0.0
2025/12/12,12:32:45,0,43.0,210.0,290.0,256.0,16.0,219.0,3.0,3.0,0.0,0.0,0.0,0.0
2025/12/12,12:32:50,0,44.0,209.0,289.0,256.0,13.0,219.0,3.0,3.0,0.0,0.0,0.0,0.0
2025/12/12,12:32:55,0,42.0,221.0,290.0,256.0,1.0,219.0,2.0,1.0,0.0,0.0,0.0,0.0
2025/12/12,12:33:00,0,41.0,228.0,292.0,255.0,1.0,218.0,2.0,1.0,0.0,0.0,0.0,0.0
2025/12/12,12:33:05,0,42.0,230.0,292.0,255.0,1.0,219.0,2.0,1.0,0.0,0.0,0.0,0.0
2025/12/12,12:33:10,0,43.0,202.0,291.0,256.0,15.0,217.0,3.0,3.0,-0.0008,0.0,0.0,0.0
2025/12/12,12:33:15,0,43.0,215.0,292.0,255.0,0.0,218.0,1.0,1.0,0.0,0.0,0.0,0.0
2025/12/12,12:33:20,0,43.0,208.0,291.0,256.0,7.0,218.0,2.0,2.0,0.0,0.0,0.0,0.0
2025/12/12,12:33:25,0,43.0,203.0,290.0,255.0,16.0,219.0,4.0,4.0,0.0,0.0,0.0,0.0
2025/12/12,12:33:30,0,46.0,229.0,292.0,256.0,2.0,220.0,2.0,1.0,0.0,0.0,0.0,0.0
2025/12/12,12:33:35,0,44.0,206.0,291.0,256.0,8.0,219.0,2.0,2.0,0.0,0.0,0.0,0.0
2025/12/12,12:33:40,0,43.0,204.0,291.0,256.0,17.0,220.0,3.0,4.0,0.0,0.0,0.0,0.0
2025/12/12,12:33:45,0,47.0,224.0,293.0,257.0,1.0,219.0,2.0,0.0,0.0,0.0,0.0,0.0
2025/12/12,12:33:50,0,41.0,210.0,289.0,256.0,0.0,220.0,0.0,1.0,0.0,0.0,0.0,0.0
2025/12/12,12:33:55,0,48.0,211.0,290.0,255.0,15.0,219.0,3.0,3.0,0.0,0.0,0.0,0.0
2025/12/12,12:34:00,0,43.0,200.0,287.0,256.0,15.0,220.0,4.0,3.0,0.0,0.0,0.0,0.0
2025/12/12,12:34:05,0,44.0,227.0,290.0,256.0,0.0,219.0,3.0,1.0,0.0,0.0,0.0,0.0
2025/12/12,12:34:10,0,47.0,211.0,291.0,256.0,0.0,217.0,1.0,1.0,0.0,0.0,0.0,0.0
2025/12/12,12:34:15,0,45.0,212.0,289.0,256.0,15.0,219.0,3.0,3.0,0.0,0.0,0.0,0.0
2025/12/12,12:34:20,0,46.0,205.0,288.0,256.0,18.0,220.0,4.0,3.0,0.0,0.0,0.0,0.0
2025/12/12,12:34:25,0,45.0,228.0,290.0,256.0,1.0,218.0,2.0,1.0,0.0,0.0,0.0,0.0
2025/12/12,12:34:30,0,45.0,210.0,289.0,256.0,2.0,219.0,1.0,1.0,0.0,0.0,0.0,0.0
2025/12/12,12:34:35,0,46.0,210.0,287.0,256.0,16.0,218.0,3.0,3.0,0.0,0.0,0.0,0.0
2025/12/12,12:34:40,0,44.0,214.0,289.0,256.0,7.0,217.0,3.0,2.0,0.0,0.0,0.0,0.0
2025/12/12,12:34:45,0,44.0,213.0,290.0,256.0,0.0,217.0,1.0,1.0,0.0,0.0,0.0,0.0
2025/12/12,12:34:50,0,46.0,214.0,284.0,256.0,16.0,220.0,3.0,3.0,0.0,0.0,0.0,0.0
2025/12/12,12:34:55,0,41.0,216.0,288.0,256.0,7.0,220.0,2.0,2.0,0.0,0.0,0.0,0.0
2025/12/12,12:35:00,0,45.0,214.0,288.0,257.0,0.0,219.0,1.0,1.0,0.0,0.0,0.0,0.0
2025/12/12,12:35:05,0,45.0,210.0,285.0,256.0,15.0,219.0,3.0,3.0,0.0,0.0,0.0,0.0
2025/12/12,12:35:10,0,44.0,222.0,288.0,256.0,0.0,220.0,1.0,1.0,0.0,0.0,0.0,0.0
2025/12/12,12:35:15,0,47.0,207.0,285.0,256.0,9.0,220.0,2.0,2.0,0.0,0.0,0.0,0.0
2025/12/12,12:35:20,0,45.0,202.0,284.0,256.0,16.0,219.0,4.0,3.0,0.0,0.0,0.0,0.0
2025/12/12,12:35:25,0,44.0,220.0,285.0,256.0,0.0,219.0,2.0,1.0,0.0,0.0,0.0,0.0
2025/12/12,12:35:30,0,44.0,207.0,281.0,256.0,16.0,220.0,3.0,3.0,0.0,0.0,0.0,0.0
2025/12/12,12:35:35,0,47.0,230.0,285.0,257.0,1.0,219.0,2.0,1.0,0.0,0.0,0.0,0.0
2025/12/12,12:35:40,0,48.0,207.0,282.0,256.0,15.0,220.0,3.0,4.0,0.0,0.0,0.0,0.0
2025/12/12,12:35:45,0,46.0,222.0,281.0,256.0,2.0,219.0,1.0,1.0,0.0,0.0,0.0,0.0
2025/12/12,12:35:50,0,45.0,209.0,282.0,256.0,1.0,220.0,1.0,0.0,0.0,0.0,0.0,0.0
2025/12/12,12:35:55,0,44.0,206.0,281.0,256.0,14.0,219.0,2.0,3.0,0.0,0.0,0.0,0.0
2025/12/12,12:36:00,0,45.0,221.0,282.0,255.0,2.0,218.0,2.0,1.0,0.0,0.0,0.0,0.0
2025/12/12,12:36:05,0,45.0,214.0,282.0,255.0,0.0,218.0,1.0,1.0,0.0,0.0,0.0,0.0
2025/12/12,12:36:10,0,46.0,212.0,279.0,255.0,14.0,220.0,3.0,3.0,0.0,0.0,0.0,0.0
2025/12/12,12:36:15,0,41.0,213.0,280.0,256.0,11.0,219.0,3.0,1.0,0.0,0.0,0.0,0.0
2025/12/12,12:36:20,0,46.0,228.0,281.0,256.0,0.0,217.0,1.0,1.0,0.0,0.0,0.0,0.0
2025/12/12,12:36:25,0,46.0,218.0,280.0,254.0,0.0,220.0,1.0,1.0,0.0,0.0,0.0,0.0
2025/12/12,12:36:30,0,46.0,211.0,280.0,256.0,0.0,218.0,0.0,1.0,0.0,0.0,0.0,0.0
2025/12/12,12:36:35,0,46.0,207.0,279.0,254.0,3.0,219.0,1.0,2.0,0.0,0.0,0.0,0.0
2025/12/12,12:36:40,0,45.0,205.0,275.0,256.0,13.0,220.0,2.0,3.0,0.0,0.0,0.0,0.0
2025/12/12,12:36:45,0,46.0,212.0,275.0,256.0,16.0,220.0,4.0,3.0,0.0,0.0,0.0,0.0
2025/12/12,12:36:50,0,47.0,208.0,275.0,256.0,15.0,219.0,4.0,3.0,0.0,0.0,0.0,0.0
2025/12/12,12:36:55,0,46.0,201.0,276.0,256.0,15.0,218.0,4.0,3.0,0.0,0.0,0.0,0.0
2025/12/12,12:37:00,0,47.0,207.0,278.0,257.0,12.0,218.0,5.0,1.0,0.0,0.0,0.0,0.0
2025/12/12,12:37:05,0,49.0,220.0,278.0,256.0,2.0,220.0,1.0,1.0,0.0,0.0,0.0,0.0
2025/12/12,12:37:10,0,49.0,226.0,275.0,256.0,0.0,220.0,1.0,1.0,0.0,0.0,0.0,0.0
2025/12/12,12:37:15,0,47.0,232.0,277.0,255.0,1.0,219.0,1.0,1.0,0.0,0.0,0.0,0.0
2025/12/12,12:37:20,0,49.0,226.0,277.0,256.0,0.0,219.0,1.0,1.0,0.0,0.0,0.0,0.0
2025/12/12,12:37:25,0,50.0,225.0,277.0,255.0,0.0,220.0,1.0,1.0,0.0,0.0,0.0,0.0
2025/12/12,12:37:30,0,50.0,224.0,278.0,256.0,0.0,219.0,1.0,0.0,0.0,0.0,0.0,0.0
2025/12/12,12:37:35,0,50.0,218.0,278.0,256.0,0.0,218.0,1.0,0.0,0.0,0.0,0.0,0.0
2025/12/12,12:37:40,0,46.0,209.0,277.0,256.0,2.0,219.0,1.0,1.0,0.0,0.0,0.0,0.0
2025/12/12,12:37:45,0,51.0,210.0,275.0,256.0,16.0,219.0,3.0,3.0,0.0,0.0,0.0,0.0
2025/12/12,12:37:50,0,47.0,202.0,275.0,256.0,14.0,220.0,3.0,3.0,0.0,0.0,0.0,0.0
2025/12/12,12:37:55,0,48.0,210.0,276.0,255.0,9.0,219.0,4.0,2.0,0.0,0.0,0.0,0.0
2025/12/12,12:38:00,0,49.0,210.0,276.0,256.0,10.0,219.0,3.0,3.0,0.0,0.0,0.0,0.0
2025/12/12,12:38:05,0,49.0,202.0,275.0,256.0,17.0,217.0,3.0,4.0,0.0,0.0,0.0,0.0
2025/12/12,12:38:10,0,43.0,211.0,275.0,256.0,15.0,219.0,4.0,3.0,0.0,0.0,0.0,0.0
2025/12/12,12:38:15,0,49.0,207.0,275.0,256.0,0.0,218.0,1.0,1.0,0.0,0.0,0.0,0.0
2025/12/12,12:38:20,0,48.0,222.0,276.0,256.0,0.0,219.0,0.0,0.0,0.0,0.0,0.0,0.0
2025/12/12,12:38:25,0,50.0,208.0,275.0,254.0,15.0,218.0,4.0,3.0,0.0,0.0,0.0,0.0
2025/12/12,12:38:30,0,51.0,214.0,277.0,254.0,0.0,220.0,1.0,1.0,0.0,0.0,0.0,0.0
2025/12/12,12:38:35,0,50.0,204.0,275.0,254.0,16.0,218.0,3.0,3.0,0.0,0.0,0.0,0.0
2025/12/12,12:38:40,0,49.0,227.0,277.0,256.0,0.0,218.0,2.0,1.0,0.0,0.0,0.0,0.0
2025/12/12,12:38:45,0,47.0,205.0,275.0,256.0,14.0,219.0,4.0,2.0,0.0,0.0,0.0,0.0
2025/12/12,12:38:50,0,49.0,215.0,275.0,256.0,9.0,220.0,2.0,2.0,0.0,0.0,0.0,0.0
2025/12/12,12:38:55,0,47.0,209.0,277.0,257.0,0.0,218.0,1.0,1.0,0.0,0.0,0.0,0.0
2025/12/12,12:39:00,0,47.0,205.0,271.0,256.0,17.0,219.0,4.0,3.0,0.0,0.0,0.0,0.0
2025/12/12,12:39:05,0,48.0,220.0,276.0,255.0,0.0,220.0,2.0,1.0,0.0,0.0,0.0,0.0
2025/12/12,12:39:10,0,48.0,209.0,275.0,256.0,0.0,219.0,1.0,1.0,0.0,0.0,0.0,0.0
2025/12/12,12:39:15,0,46.0,209.0,273.0,256.0,15.0,220.0,3.0,3.0,0.0,0.0,0.0,0.0
2025/12/12,12:39:20,0,48.0,199.0,273.0,256.0,16.0,219.0,4.0,3.0,0.0,0.0,0.0,0.0
2025/12/12,12:39:25,0,46.0,223.0,276.0,256.0,0.0,218.0,3.0,0.0,0.0,0.0,0.0,0.0
2025/12/12,12:39:30,0,47.0,218.0,273.0,256.0,0.0,219.0,1.0,1.0,0.0,0.0,0.0,0.0
2025/12/12,12:39:35,0,47.0,207.0,274.0,256.0,8.0,218.0,2.0,2.0,0.0,0.0,0.0,0.0
2025/12/12,12:39:40,0,46.0,208.0,274.0,255.0,16.0,218.0,4.0,3.0,0.0,0.0,0.0,0.0
2025/12/12,12:39:45,0,49.0,216.0,274.0,256.0,5.0,219.0,2.0,2.0,0.0,0.0,0.0,0.0
2025/12/12,12:39:50,0,45.0,224.0,275.0,256.0,0.0,218.0,1.0,1.0,0.0,0.0,0.0,0.0
2025/12/12,12:39:55,0,45.0,212.0,274.0,256.0,1.0,220.0,1.0,1.0,0.0,0.0,0.0,0.0
2025/12/12,12:40:00,0,43.0,211.0,273.0,256.0,14.0,219.0,3.0,3.0,0.0,0.0,0.0,0.0
2025/12/12,12:40:05,0,46.0,208.0,273.0,256.0,13.0,220.0,3.0,4.0,0.0,0.0,0.0,0.0
2025/12/12,12:40:10,0,45.0,220.0,274.0,256.0,0.0,220.0,1.0,1.0,0.0,0.0,0.0,0.0
2025/12/12,12:40:15,0,45.0,210.0,272.0,256.0,15.0,220.0,3.0,3.0,0.0,0.0,0.0,0.0
2025/12/12,12:40:20,0,46.0,228.0,274.0,256.0,0.0,220.0,1.0,1.0,0.0,0.0,0.0,0.0
2025/12/12,12:40:38,0,45.0,219.0,274.0,256.0,0.0,219.0,1.0,1.0,0.0,0.0,0.0,0.0
2025/12/12,12:40:40,0,44.0,222.0,275.0,256.0,0.0,219.0,1.0,1.0,0.0,0.0,0.0,0.0
2025/12/12,12:40:45,0,46.0,221.0,274.0,256.0,0.0,220.0,0.0,0.0,0.0,0.0,0.0,0.0
2025/12/12,12:40:50,0,48.0,208.0,275.0,255.0,3.0,219.0,1.0,2.0,0.0,0.0,0.0,0.0
2025/12/12,12:40:55,0,47.0,209.0,273.0,257.0,16.0,220.0,3.0,3.0,0.0,0.0,0.0,0.0
2025/12/12,12:41:00,0,45.0,215.0,275.0,257.0,7.0,219.0,2.0,1.0,0.0,0.0,0.0,0.0
2025/12/12,12:41:05,0,46.0,228.0,275.0,257.0,0.0,218.0,2.0,1.0,0.0,0.0,0.0,0.0
2025/12/12,12:41:10,0,47.0,213.0,275.0,256.0,0.0,220.0,1.0,1.0,0.0,0.0,0.0,0.0
2025/12/12,12:41:15,0,47.0,206.0,272.0,256.0,11.0,218.0,2.0,2.0,0.0,0.0,0.0,0.0
2025/12/12,12:41:20,0,46.0,203.0,272.0,256.0,16.0,218.0,3.0,4.0,0.0,0.0,0.0,0.0
2025/12/12,12:41:25,0,47.0,221.0,275.0,254.0,0.0,220.0,1.0,1.0,0.0,0.0,0.0,0.0
2025/12/12,12:41:30,0,47.0,219.0,273.0,256.0,0.0,218.0,1.0,1.0,0.0,0.0,0.0,0.0
2025/12/12,12:41:35,0,47.0,210.0,275.0,257.0,0.0,218.0,0.0,0.0,0.0,0.0,0.0,0.0
2025/12/12,12:41:40,0,48.0,205.0,272.0,256.0,14.0,219.0,4.0,3.0,0.0,0.0,0.0,0.0
2025/12/12,12:41:45,0,49.0,206.0,272.0,256.0,15.0,218.0,4.0,3.0,0.0,0.0,0.0,0.0
2025/12/12,12:41:50,0,48.0,205.0,273.0,257.0,15.0,218.0,4.0,4.0,0.0,0.0,0.0,0.0
2025/12/12,12:41:55,0,50.0,221.0,273.0,256.0,1.0,220.0,1.0,1.0,0.0,0.0,0.0,0.0
2025/12/12,12:42:00,0,49.0,221.0,274.0,256.0,0.0,219.0,1.0,1.0,0.0,0.0,0.0,0.0
2025/12/12,12:42:05,0,53.0,209.0,274.0,256.0,0.0,219.0,1.0,0.0,0.0,0.0,0.0,0.0
2025/12/12,12:42:10,0,50.0,206.0,274.0,254.0,11.0,219.0,3.0,3.0,0.0,0.0,0.0,0.0
2025/12/12,12:42:15,0,49.0,212.0,271.0,256.0,15.0,220.0,4.0,3.0,0.0,0.0,0.0,0.0
2025/12/12,12:42:20,0,50.0,208.0,272.0,256.0,16.0,218.0,4.0,3.0,0.0,0.0,0.0,0.0
2025/12/12,12:42:25,0,49.0,199.0,272.0,256.0,16.0,219.0,4.0,3.0,0.0,0.0,0.0,0.0
2025/12/12,12:42:30,0,49.0,211.0,272.0,256.0,15.0,219.0,3.0,3.0,0.0,0.0,0.0,0.0
2025/12/12,12:42:35,0,49.0,220.0,274.0,256.0,1.0,217.0,1.0,1.0,0.0,0.0,0.0,0.0
2025/12/12,12:42:40,0,51.0,229.0,272.0,256.0,0.0,218.0,1.0,1.0,0.0,0.0,0.0,0.0
2025/12/12,12:42:45,0,50.0,221.0,274.0,256.0,0.0,220.0,1.0,1.0,0.0,0.0,0.0,0.0
2025/12/12,12:42:50,0,50.0,210.0,273.0,256.0,0.0,218.0,0.0,0.0,0.0,0.0,0.0,0.0
2025/12/12,12:42:55,0,52.0,205.0,273.0,254.0,11.0,218.0,3.0,3.0,0.0,0.0,0.0,0.0
2025/12/12,12:43:00,0,48.0,209.0,268.0,256.0,17.0,219.0,4.0,3.0,0.0,0.0,0.0,0.0
2025/12/12,12:43:05,0,49.0,212.0,271.0,256.0,15.0,219.0,4.0,3.0,0.0,0.0,0.0,0.0
2025/12/12,12:43:10,0,49.0,203.0,271.0,256.0,16.0,219.0,3.0,3.0,0.0,0.0,0.0,0.0
2025/12/12,12:43:15,0,50.0,199.0,269.0,256.0,16.0,220.0,3.0,3.0,0.0,0.0,0.0,0.0
2025/12/12,12:43:20,0,49.0,207.0,271.0,256.0,12.0,219.0,4.0,3.0,0.0,0.0,0.0,0.0
2025/12/12,12:43:25,0,47.0,215.0,271.0,256.0,4.0,219.0,3.0,2.0,0.0,0.0,0.0,0.0
2025/12/12,12:43:30,0,50.0,221.0,271.0,256.0,1.0,219.0,2.0,1.0,0.0,0.0,0.0,0.0
2025/12/12,12:43:35,0,48.0,225.0,272.0,256.0,0.0,220.0,2.0,1.0,0.0,0.0,0.0,0.0
2025/12/12,12:43:40,0,47.0,213.0,271.0,256.0,0.0,220.0,1.0,1.0,0.0,0.0,0.0,0.0
2025/12/12,12:43:45,0,47.0,206.0,271.0,256.0,5.0,218.0,1.0,2.0,0.0,0.0,0.0,0.0
2025/12/12,12:43:50,0,46.0,213.0,270.0,257.0,14.0,220.0,3.0,3.0,0.0,0.0,0.0,0.0
2025/12/12,12:43:55,0,47.0,205.0,270.0,255.0,16.0,218.0,3.0,3.0,0.0,0.0,0.0,0.0
2025/12/12,12:44:00,0,46.0,204.0,270.0,257.0,16.0,219.0,4.0,3.0,0.0,0.0,0.0,0.0
2025/12/12,12:44:05,0,46.0,204.0,268.0,257.0,18.0,221.0,4.0,3.0,0.0,0.0,0.0,0.0
2025/12/12,12:44:10,0,45.0,207.0,269.0,256.0,19.0,219.0,4.0,4.0,0.0,0.0,0.0,0.0
2025/12/12,12:44:15,0,46.0,218.0,271.0,256.0,0.0,218.0,2.0,1.0,0.0,0.0,0.0,0.0
2025/12/12,12:44:20,0,44.0,210.0,272.0,254.0,0.0,220.0,1.0,0.0,0.0,0.0,0.0,0.0
2025/12/12,12:44:25,0,46.0,206.0,270.0,257.0,9.0,219.0,2.0,2.0,0.0,0.0,0.0,0.0
2025/12/12,12:44:30,0,46.0,209.0,269.0,257.0,15.0,220.0,3.0,3.0,0.0,0.0,0.0,0.0
2025/12/12,12:44:35,0,46.0,208.0,269.0,256.0,16.0,220.0,4.0,3.0,0.0,0.0,0.0,0.0
2025/12/12,12:44:40,0,47.0,201.0,269.0,256.0,16.0,219.0,3.0,3.0,0.0,0.0,0.0,0.0
2025/12/12,12:44:45,0,45.0,211.0,270.0,258.0,9.0,217.0,3.0,2.0,0.0,0.0,0.0,0.0
2025/12/12,12:44:50,0,45.0,227.0,270.0,256.0,0.0,220.0,2.0,1.0,0.0,0.0,0.0,0.0
2025/12/12,12:44:55,0,46.0,213.0,269.0,256.0,0.0,220.0,1.0,1.0,0.0,0.0,0.0,0.0
2025/12/12,12:45:00,0,47.0,208.0,267.0,256.0,8.0,218.0,2.0,2.0,0.0,0.0,0.0,0.0
2025/12/12,12:45:05,0,47.0,203.0,265.0,257.0,13.0,221.0,3.0,3.0,0.0,0.0,0.0,0.0
2025/12/12,12:45:10,0,47.0,210.0,264.0,256.0,16.0,220.0,3.0,3.0,0.0,0.0,0.0,0.0
2025/12/12,12:45:15,0,48.0,204.0,268.0,255.0,16.0,218.0,4.0,2.0,0.0,0.0,0.0,0.0
2025/12/12,12:45:20,0,47.0,201.0,267.0,256.0,15.0,220.0,4.0,4.0,0.0,0.0,0.0,0.0
2025/12/12,12:45:25,0,48.0,217.0,269.0,257.0,6.0,219.0,2.0,1.0,0.0,0.0,0.0,0.0
2025/12/12,12:45:30,0,46.0,227.0,269.0,256.0,0.0,218.0,2.0,1.0,0.0,0.0,0.0,0.0
2025/12/12,12:45:35,0,48.0,217.0,269.0,256.0,0.0,218.0,2.0,1.0,0.0,0.0,0.0,0.0
2025/12/12,12:45:40,0,50.0,211.0,268.0,256.0,0.0,220.0,0.0,0.0,0.0,0.0,0.0,0.0
2025/12/12,12:45:45,0,49.0,207.0,267.0,256.0,6.0,220.0,1.0,1.0,0.0,0.0,0.0,0.0
2025/12/12,12:45:50,0,50.0,205.0,268.0,255.0,14.0,220.0,3.0,3.0,0.0,0.0,0.0,0.0
2025/12/12,12:45:55,0,48.0,202.0,266.0,256.0,15.0,220.0,3.0,3.0,0.0,0.0,0.0,0.0
2025/12/12,12:46:00,0,48.0,204.0,267.0,256.0,13.0,219.0,4.0,3.0,0.0,0.0,0.0,0.0
2025/12/12,12:46:05,0,47.0,205.0,267.0,256.0,14.0,219.0,3.0,3.0,0.0,0.0,0.0,0.0
2025/12/12,12:46:10,0,47.0,204.0,266.0,257.0,13.0,219.0,4.0,3.0,0.0,0.0,0.0,0.0
2025/12/12,12:46:15,0,49.0,202.0,267.0,256.0,14.0,218.0,3.0,3.0,0.0,0.0,0.0,0.0
2025/12/12,12:46:20,0,50.0,213.0,268.0,256.0,16.0,218.0,4.0,3.0,0.0,0.0,0.0,0.0
2025/12/12,12:46:25,0,48.0,209.0,266.0,256.0,17.0,218.0,4.0,3.0,0.0,0.0,0.0,0.0
2025/12/12,12:46:30,0,49.0,208.0,268.0,256.0,16.0,220.0,3.0,3.0,0.0,0.0,0.0,0.0
2025/12/12,12:46:35,0,51.0,209.0,268.0,256.0,15.0,220.0,4.0,3.0,0.0,0.0,0.0,0.0
2025/12/12,12:46:40,0,47.0,209.0,267.0,257.0,14.0,220.0,3.0,3.0,0.0,0.0,0.0,0.0
2025/12/12,12:46:45,0,51.0,208.0,268.0,256.0,15.0,219.0,4.0,3.0,0.0,0.0,0.0,0.0
2025/12/12,12:46:50,0,49.0,207.0,266.0,257.0,17.0,220.0,4.0,3.0,0.0,0.0,0.0,0.0
2025/12/12,12:46:55,0,50.0,206.0,267.0,256.0,17.0,217.0,4.0,3.0,0.0,0.0,0.0,0.0
2025/12/12,12:47:00,0,49.0,206.0,268.0,256.0,16.0,218.0,3.0,3.0,0.0,0.0,0.0,0.0
2025/12/12,12:47:05,0,48.0,205.0,268.0,256.0,16.0,219.0,3.0,3.0,0.0,0.0,0.0,0.0
2025/12/12,12:47:10,0,48.0,201.0,269.0,256.0,16.0,219.0,4.0,3.0,0.0,0.0,0.0,0.0
2025/12/12,12:47:15,0,49.0,201.0,266.0,257.0,17.0,220.0,3.0,5.0,0.0,0.0,0.0,0.0
2025/12/12,12:47:20,0,47.0,205.0,269.0,256.0,15.0,218.0,4.0,3.0,0.0,0.0,0.0,0.0
2025/12/12,12:47:25,0,42.0,214.0,270.0,256.0,8.0,218.0,3.0,2.0,0.0,0.0,0.0,0.0
2025/12/12,12:47:30,0,48.0,219.0,270.0,256.0,0.0,220.0,2.0,1.0,0.0,0.0,0.0,0.0
2025/12/12,12:47:35,0,45.0,225.0,270.0,256.0,0.0,219.0,2.0,1.0,0.0,0.0,0.0,0.0
2025/12/12,12:47:40,0,52.0,228.0,269.0,256.0,2.0,220.0,2.0,1.0,0.0,0.0,0.0,0.0
2025/12/12,12:47:45,0,46.0,228.0,271.0,255.0,0.0,220.0,2.0,1.0,0.0,0.0,0.0,0.0
2025/12/12,12:47:50,0,48.0,218.0,269.0,257.0,0.0,219.0,2.0,1.0,0.0,0.0,0.0,0.0
2025/12/12,12:47:55,0,48.0,214.0,271.0,255.0,0.0,220.0,1.0,1.0,0.0,0.0,0.0,0.0
2025/12/12,12:48:00,0,51.0,209.0,267.0,257.0,1.0,219.0,0.0,1.0,0.0,0.0,0.0,0.0
2025/12/12,12:48:05,0,48.0,205.0,266.0,256.0,14.0,220.0,3.0,3.0,0.0,0.0,0.0,0.0
2025/12/12,12:48:10,0,47.0,213.0,267.0,256.0,17.0,218.0,4.0,3.0,0.0,0.0,0.0,0.0
2025/12/12,12:48:15,0,49.0,203.0,268.0,256.0,15.0,219.0,4.0,3.0,0.0,0.0,0.0,0.0
2025/12/12,12:48:20,0,53.0,213.0,266.0,256.0,7.0,219.0,3.0,2.0,0.0,0.0,0.0,0.0
2025/12/12,12:48:25,0,50.0,225.0,268.0,257.0,0.0,220.0,1.0,1.0,0.0,0.0,0.0,0.0
2025/12/12,12:48:30,0,51.0,210.0,269.0,256.0,0.0,219.0,1.0,0.0,0.0,0.0,0.0,0.0
2025/12/12,12:48:35,0,52.0,207.0,267.0,256.0,14.0,219.0,3.0,3.0,0.0,0.0,0.0,0.0
2025/12/12,12:48:40,0,50.0,202.0,266.0,256.0,17.0,218.0,4.0,3.0,0.0,0.0,0.0,0.0
2025/12/12,12:48:45,0,50.0,206.0,264.0,256.0,15.0,219.0,4.0,3.0,0.0,0.0,0.0,0.0
2025/12/12,12:48:50,0,48.0,212.0,268.0,255.0,9.0,217.0,3.0,3.0,0.0,0.0,0.0,0.0
2025/12/12,12:48:55,0,50.0,216.0,269.0,255.0,4.0,218.0,2.0,1.0,0.0,0.0,0.0,0.0
2025/12/12,12:49:00,0,51.0,227.0,267.0,257.0,0.0,220.0,0.0,0.0,0.0,0.0,0.0,0.0
2025/12/12,12:49:05,0,50.0,219.0,269.0,256.0,0.0,217.0,1.0,1.0,0.0,0.0,0.0,0.0
2025/12/12,12:49:10,0,54.0,208.0,268.0,256.0,0.0,219.0,0.0,1.0,0.0,0.0,0.0,0.0
2025/12/12,12:49:15,0,50.0,207.0,267.0,257.0,3.0,220.0,2.0,1.0,0.0,0.0,0.0,0.0
2025/12/12,12:49:20,0,49.0,205.0,267.0,256.0,7.0,220.0,1.0,2.0,0.0,0.0,0.0,0.0
2025/12/12,12:49:25,0,49.0,202.0,266.0,256.0,12.0,219.0,3.0,3.0,0.0,0.0,0.0,0.0
2025/12/12,12:49:30,0,51.0,206.0,266.0,256.0,15.0,219.0,4.0,3.0,0.0,0.0,0.0,0.0
2025/12/12,12:49:35,0,45.0,211.0,266.0,256.0,14.0,219.0,3.0,4.0,0.0,0.0,0.0,0.0
2025/12/12,12:49:40,0,48.0,209.0,266.0,256.0,15.0,220.0,3.0,3.0,0.0,0.0,0.0,0.0
2025/12/12,12:49:45,0,51.0,206.0,266.0,256.0,16.0,219.0,4.0,3.0,0.0,0.0,0.0,0.0
2025/12/12,12:49:50,0,50.0,202.0,263.0,256.0,17.0,217.0,3.0,4.0,0.0,0.0,0.0,0.0
2025/12/12,12:49:55,0,51.0,199.0,266.0,256.0,16.0,219.0,4.0,4.0,0.0,0.0,0.0,0.0
2025/12/12,12:50:00,0,51.0,210.0,266.0,256.0,9.0,220.0,2.0,2.0,0.0,0.0,0.0,0.0
2025/12/12,12:50:05,0,49.0,220.0,267.0,256.0,1.0,220.0,3.0,1.0,0.0,0.0,0.0,0.0
2025/12/12,12:50:10,0,51.0,224.0,267.0,257.0,0.0,218.0,2.0,1.0,0.0,0.0,0.0,0.0
2025/12/12,12:50:15,0,52.0,210.0,268.0,256.0,0.0,217.0,0.0,0.0,0.0,0.0,0.0,0.0
2025/12/12,12:50:20,0,51.0,205.0,266.0,256.0,9.0,219.0,3.0,2.0,0.0,0.0,0.0,0.0
2025/12/12,12:50:25,0,51.0,206.0,265.0,256.0,16.0,217.0,4.0,3.0,0.0,0.0,0.0,0.0
2025/12/12,12:50:30,0,50.0,212.0,267.0,257.0,6.0,219.0,2.0,2.0,0.0,0.0,0.0,0.0
2025/12/12,12:51:06,0,48.0,214.0,264.0,256.0,2.0,220.0,2.0,2.0,0.0,0.0,0.0,0.0
2025/12/12,12:51:09,0,47.0,201.0,262.0,256.0,17.0,217.0,3.0,3.0,0.0,0.0,0.0,0.0
2025/12/12,12:51:14,0,48.0,210.0,261.0,257.0,14.0,219.0,5.0,3.0,0.0,0.0,0.0,0.0
2025/12/12,12:51:19,0,46.0,219.0,264.0,256.0,1.0,218.0,2.0,1.0,0.0,0.0,0.0,0.0
2025/12/12,12:51:24,0,51.0,228.0,262.0,256.0,1.0,220.0,2.0,1.0,0.0,0.0,0.0,0.0
2025/12/12,12:51:29,0,48.0,219.0,263.0,256.0,0.0,219.0,2.0,1.0,0.0,0.0,0.0,0.0
2025/12/12,12:51:34,0,47.0,214.0,263.0,256.0,1.0,217.0,1.0,1.0,0.0,0.0,0.0,0.0
2025/12/12,12:51:39,0,46.0,207.0,263.0,256.0,1.0,218.0,0.0,0.0,0.0,0.0,0.0,0.0
2025/12/12,12:51:44,0,47.0,206.0,261.0,256.0,14.0,219.0,4.0,3.0,0.0,0.0,0.0,0.0
2025/12/12,12:51:49,0,46.0,200.0,261.0,257.0,16.0,219.0,3.0,3.0,0.0,0.0,0.0,0.0
2025/12/12,12:51:54,0,44.0,224.0,264.0,258.0,0.0,219.0,2.0,1.0,0.0,0.0,0.0,0.0
2025/12/12,12:51:59,0,47.0,212.0,263.0,257.0,1.0,218.0,1.0,1.0,0.0,0.0,0.0,0.0
2025/12/12,12:52:04,0,47.0,203.0,261.0,256.0,14.0,219.0,3.0,3.0,0.0,0.0,0.0,0.0
2025/12/12,12:52:09,0,46.0,200.0,261.0,256.0,14.0,219.0,3.0,4.0,0.0,0.0,0.0,0.0
2025/12/12,12:52:14,0,46.0,221.0,261.0,256.0,0.0,218.0,1.0,1.0,0.0,0.0,0.0,0.0
2025/12/12,12:52:19,0,51.0,208.0,260.0,257.0,16.0,218.0,3.0,3.0,0.0,0.0,0.0,0.0
2025/12/12,12:52:24,0,46.0,219.0,263.0,256.0,4.0,220.0,2.0,1.0,0.0,0.0,0.0,0.0
2025/12/12,12:52:29,0,46.0,208.0,262.0,258.0,4.0,217.0,0.0,2.0,0.0,0.0,0.0,0.0
2025/12/12,12:52:34,0,46.0,208.0,261.0,257.0,11.0,218.0,2.0,3.0,0.0,0.0,0.0,0.0
2025/12/12,12:52:39,0,47.0,203.0,260.0,257.0,10.0,219.0,2.0,3.0,0.0,0.0,0.0,0.0
2025/12/12,12:52:44,0,45.0,224.0,261.0,257.0,0.0,218.0,1.0,1.0,0.0,0.0,0.0,0.0
2025/12/12,12:52:49,0,48.0,208.0,261.0,256.0,13.0,218.0,4.0,3.0,0.0,0.0,0.0,0.0
2025/12/12,12:52:54,0,44.0,211.0,261.0,258.0,15.0,218.0,4.0,3.0,0.0,0.0,0.0,0.0
2025/12/12,12:52:59,0,41.0,210.0,262.0,256.0,0.0,218.0,1.0,1.0,0.0,0.0,0.0,0.0
2025/12/12,12:53:04,0,47.0,224.0,262.0,256.0,0.0,219.0,1.0,1.0,0.0,0.0,0.0,0.0
2025/12/12,12:53:09,0,45.0,227.0,263.0,255.0,2.0,217.0,1.0,1.0,0.0,0.0,0.0,0.0
2025/12/12,12:53:14,0,46.0,220.0,262.0,256.0,1.0,219.0,1.0,1.0,0.0,0.0,0.0,0.0
2025/12/12,12:53:19,0,49.0,201.0,260.0,257.0,16.0,220.0,3.0,4.0,0.0,0.0,0.0,0.0
2025/12/12,12:53:24,0,45.0,206.0,261.0,257.0,14.0,219.0,5.0,3.0,0.0,0.0,0.0,0.0
2025/12/12,12:53:29,0,45.0,219.0,262.0,257.0,0.0,219.0,1.0,1.0,0.0,0.0,0.0,0.0
2025/12/12,12:53:34,0,45.0,201.0,260.0,256.0,16.0,217.0,3.0,3.0,0.0,0.0,0.0,0.0
2025/12/12,12:53:39,0,49.0,206.0,261.0,256.0,9.0,218.0,2.0,3.0,0.0,0.0,0.0,0.0
2025/12/12,12:53:44,0,46.0,230.0,261.0,257.0,1.0,219.0,2.0,1.0,0.0,0.0,0.0,0.0
2025/12/12,12:53:49,0,46.0,203.0,260.0,256.0,17.0,218.0,4.0,4.0,0.0,0.0,0.0,0.0
2025/12/12,12:53:54,0,43.0,208.0,260.0,256.0,4.0,219.0,2.0,2.0,0.0,0.0,0.0,0.0
2025/12/12,12:53:59,0,45.0,211.0,259.0,257.0,15.0,219.0,4.0,3.0,0.0,0.0,0.0,0.0
2025/12/12,12:54:04,0,37.0,212.0,260.0,258.0,15.0,219.0,3.0,4.0,0.0,0.0,0.0,0.0
2025/12/12,12:54:09,0,45.0,227.0,259.0,257.0,1.0,220.0,2.0,1.0,0.0,0.0,0.0,0.0
2025/12/12,12:54:14,0,47.0,205.0,259.0,256.0,16.0,218.0,4.0,3.0,0.0,0.0,0.0,0.0
2025/12/12,12:54:19,0,46.0,213.0,261.0,257.0,0.0,218.0,1.0,1.0,0.0,0.0,0.0,0.0
2025/12/12,12:54:24,0,40.0,212.0,261.0,257.0,7.0,220.0,2.0,1.0,0.0,0.0,0.0,0.0
2025/12/12,12:54:29,0,43.0,207.0,260.0,256.0,12.0,219.0,4.0,3.0,0.0,0.0,0.0,0.0
2025/12/12,12:54:34,0,46.0,219.0,262.0,256.0,0.0,219.0,2.0,1.0,0.0,0.0,0.0,0.0
2025/12/12,12:54:39,0,46.0,205.0,259.0,254.0,12.0,219.0,4.0,2.0,0.0,0.0,0.0,0.0
2025/12/12,12:54:44,0,47.0,209.0,259.0,256.0,15.0,217.0,3.0,3.0,0.0,0.0,0.0,0.0
2025/12/12,12:54:49,0,48.0,212.0,263.0,255.0,0.0,220.0,0.0,1.0,0.0,0.0,0.0,0.0
2025/12/12,12:54:54,0,43.0,221.0,263.0,255.0,0.0,220.0,1.0,1.0,0.0,0.0,0.0,0.0
2025/12/12,12:55:32,0,53.0,219.0,262.0,257.0,0.0,218.0,0.0,0.0,0.0,0.0,0.0,0.0
2025/12/12,12:55:37,0,50.0,211.0,260.0,257.0,13.0,219.0,3.0,3.0,0.0,0.0,0.0,0.0
2025/12/12,12:55:42,0,50.0,203.0,259.0,257.0,15.0,218.0,3.0,3.0,0.0,0.0,0.0,0.0
2025/12/12,12:55:47,0,49.0,216.0,260.0,256.0,6.0,219.0,2.0,2.0,0.0,0.0,0.0,0.0
2025/12/12,12:55:52,0,49.0,218.0,261.0,256.0,0.0,218.0,2.0,1.0,0.0,0.0,0.0,0.0
2025/12/12,12:55:57,0,48.0,204.0,260.0,257.0,12.0,219.0,3.0,3.0,0.0,0.0,0.0,0.0
2025/12/12,12:56:02,0,51.0,199.0,259.0,256.0,15.0,219.0,3.0,4.0,0.0,0.0,0.0,0.0
2025/12/12,12:56:07,0,51.0,224.0,259.0,257.0,0.0,220.0,1.0,1.0,0.0,0.0,0.0,0.0
2025/12/12,12:56:12,0,50.0,212.0,261.0,256.0,0.0,219.0,1.0,1.0,0.0,0.0,0.0,0.0
2025/12/12,12:56:17,0,51.0,203.0,260.0,257.0,14.0,219.0,4.0,3.0,0.0,0.0,0.0,0.0
2025/12/12,12:56:22,0,49.0,205.0,260.0,256.0,14.0,219.0,3.0,3.0,0.0,0.0,0.0,0.0
2025/12/12,12:56:27,0,44.0,213.0,260.0,257.0,8.0,218.0,3.0,2.0,0.0,0.0,0.0,0.0
2025/12/12,12:56:32,0,50.0,228.0,261.0,257.0,1.0,220.0,2.0,1.0,0.0,0.0,0.0,0.0
2025/12/12,12:56:37,0,48.0,208.0,259.0,257.0,4.0,219.0,1.0,2.0,0.0,0.0,0.0,0.0
2025/12/12,12:56:42,0,50.0,203.0,260.0,256.0,16.0,218.0,3.0,3.0,0.0,0.0,0.0,0.0
2025/12/12,12:56:47,0,51.0,224.0,262.0,257.0,0.0,217.0,1.0,1.0,0.0,0.0,0.0,0.0
2025/12/12,12:56:52,0,51.0,204.0,260.0,254.0,14.0,218.0,3.0,3.0,0.0,0.0,0.0,0.0
2025/12/12,12:56:57,0,51.0,200.0,259.0,257.0,14.0,220.0,4.0,3.0,0.0,0.0,0.0,0.0
2025/12/12,12:57:02,0,51.0,225.0,262.0,257.0,0.0,218.0,2.0,2.0,0.0,0.0,0.0,0.0
2025/12/12,12:57:07,0,50.0,212.0,262.0,256.0,0.0,220.0,1.0,1.0,0.0,0.0,0.0,0.0
2025/12/12,12:57:12,0,49.0,204.0,260.0,258.0,15.0,218.0,3.0,3.0,0.0,0.0,0.0,0.0
2025/12/12,12:57:17,0,49.0,203.0,260.0,257.0,16.0,220.0,3.0,3.0,0.0,0.0,0.0,0.0
2025/12/12,12:57:22,0,51.0,217.0,262.0,256.0,5.0,218.0,3.0,1.0,0.0,0.0,0.0,0.0
2025/12/12,12:57:27,0,50.0,217.0,261.0,257.0,6.0,218.0,2.0,1.0,0.0,0.0,0.0,0.0
2025/12/12,12:57:32,0,49.0,202.0,260.0,257.0,15.0,219.0,3.0,3.0,0.0,0.0,0.0,0.0
2025/12/12,12:57:37,0,49.0,208.0,260.0,257.0,5.0,218.0,2.0,2.0,0.0,0.0,0.0,0.0
2025/12/12,12:57:42,0,49.0,200.0,259.0,257.0,18.0,219.0,4.0,3.0,0.0,0.0,0.0,0.0
2025/12/12,12:57:47,0,47.0,225.0,261.0,256.0,0.0,220.0,2.0,1.0,0.0,0.0,0.0,0.0
2025/12/12,12:57:52,0,48.0,206.0,260.0,257.0,9.0,217.0,3.0,3.0,0.0,0.0,0.0,0.0
2025/12/12,12:57:57,0,48.0,201.0,260.0,257.0,18.0,219.0,4.0,4.0,0.0,0.0,0.0,0.0
2025/12/12,12:58:02,0,47.0,213.0,263.0,256.0,0.0,218.0,1.0,1.0,0.0,0.0,0.0,0.0
2025/12/12,12:58:07,0,48.0,202.0,259.0,257.0,15.0,219.0,3.0,3.0,0.0,0.0,0.0,0.0
2025/12/12,12:58:12,0,48.0,213.0,262.0,256.0,0.0,220.0,0.0,1.0,0.0,0.0,0.0,0.0
2025/12/12,12:58:17,0,48.0,199.0,260.0,257.0,17.0,217.0,4.0,4.0,0.0,0.0,0.0,0.0
2025/12/12,12:58:22,0,47.0,215.0,263.0,258.0,0.0,219.0,1.0,1.0,0.0,0.0,0.0,0.0
2025/12/12,12:58:27,0,48.0,204.0,260.0,256.0,16.0,218.0,2.0,3.0,0.0,0.0,0.0,0.0
2025/12/12,12:58:32,0,49.0,221.0,262.0,257.0,0.0,218.0,0.0,0.0,0.0,0.0,0.0,0.0
2025/12/12,12:58:37,0,47.0,209.0,259.0,256.0,14.0,219.0,4.0,3.0,0.0,0.0,0.0,0.0
2025/12/12,12:58:42,0,49.0,209.0,259.0,257.0,13.0,220.0,3.0,3.0,0.0,0.0,0.0,0.0
2025/12/12,12:58:47,0,47.0,219.0,261.0,257.0,0.0,218.0,2.0,1.0,0.0,0.0,0.0,0.0
2025/12/12,12:58:52,0,47.0,209.0,259.0,257.0,18.0,219.0,3.0,4.0,0.0,0.0,0.0,0.0
2025/12/12,12:58:57,0,47.0,212.0,260.0,257.0,14.0,220.0,2.0,2.0,0.0,0.0,0.0,0.0
2025/12/12,12:59:02,0,49.0,212.0,262.0,258.0,0.0,218.0,2.0,1.0,0.0,0.0,0.0,0.0
2025/12/12,12:59:07,0,48.0,205.0,258.0,257.0,16.0,218.0,4.0,3.0,0.0,0.0,0.0,0.0
2025/12/12,12:59:12,0,50.0,224.0,260.0,257.0,0.0,219.0,2.0,1.0,0.0,0.0,0.0,0.0
2025/12/12,12:59:17,0,50.0,212.0,257.0,257.0,16.0,219.0,4.0,3.0,0.0,0.0,0.0,0.0
2025/12/12,12:59:22,0,46.0,230.0,258.0,257.0,0.0,220.0,1.0,1.0,0.0,0.0,0.0,0.0
2025/12/12,12:59:27,0,44.0,212.0,258.0,257.0,15.0,219.0,3.0,3.0,0.0,0.0,0.0,0.0
2025/12/12,12:59:32,0,51.0,229.0,259.0,257.0,2.0,219.0,2.0,1.0,0.0,0.0,0.0,0.0
2025/12/12,12:59:37,0,53.0,212.0,258.0,256.0,14.0,220.0,3.0,4.0,0.0,0.0,0.0,0.0
2025/12/12,12:59:42,0,49.0,221.0,260.0,257.0,0.0,218.0,2.0,1.0,0.0,0.0,0.0,0.0
2025/12/12,12:59:47,0,48.0,200.0,257.0,257.0,19.0,217.0,3.0,4.0,0.0,0.0,0.0,0.0
2025/12/12,12:59:52,0,48.0,202.0,258.0,256.0,11.0,219.0,3.0,3.0,0.0,0.0,0.0,0.0
2025/12/12,12:59:57,0,49.0,223.0,260.0,257.0,0.0,218.0,2.0,1.0,0.0,0.0,0.0,0.0
2025/12/12,13:00:02,0,50.0,200.0,257.0,256.0,16.0,218.0,4.0,4.0,0.0,0.0,0.0,0.0
2025/12/12,13:00:07,0,52.0,207.0,257.0,257.0,11.0,219.0,3.0,3.0,0.0,0.0,0.0,0.0
2025/12/12,13:00:12,0,50.0,224.0,258.0,257.0,1.0,220.0,1.0,1.0,0.0,0.0,0.0,0.0
2025/12/12,13:00:17,0,50.0,201.0,256.0,257.0,15.0,219.0,4.0,3.0,0.0,0.0,0.0,0.0
2025/12/12,13:00:22,0,49.0,208.0,259.0,256.0,4.0,218.0,1.0,2.0,0.0,0.0,0.0,0.0
2025/12/12,13:00:27,0,50.0,211.0,258.0,256.0,11.0,218.0,3.0,3.0,0.0,0.0,0.0,0.0
2025/12/12,13:00:32,0,51.0,208.0,258.0,257.0,7.0,220.0,2.0,2.0,0.0,0.0,0.0,0.0
2025/12/12,13:00:37,0,55.0,219.0,259.0,257.0,3.0,218.0,2.0,1.0,0.0,0.0,0.0,0.0
2025/12/12,13:00:42,0,49.0,208.0,257.0,257.0,14.0,217.0,3.0,3.0,0.0,0.0,0.0,0.0
2025/12/12,13:01:07,0,49.0,229.0,259.0,257.0,0.0,217.0,2.0,1.0,0.0,0.0,0.0,0.0
2025/12/12,13:01:11,0,50.0,210.0,260.0,256.0,0.0,218.0,0.0,1.0,0.0,0.0,0.0,0.0
2025/12/12,13:01:16,0,51.0,202.0,256.0,257.0,17.0,219.0,4.0,3.0,0.0,0.0,0.0,0.0
2025/12/12,13:01:21,0,50.0,219.0,260.0,257.0,0.0,219.0,2.0,1.0,0.0,0.0,0.0,0.0
2025/12/12,13:01:26,0,51.0,214.0,257.0,257.0,15.0,217.0,4.0,3.0,0.0,0.0,0.0,0.0
2025/12/12,13:01:31,0,50.0,218.0,260.0,257.0,2.0,216.0,2.0,1.0,0.0,0.0,0.0,0.0
2025/12/12,13:01:36,0,51.0,212.0,259.0,257.0,0.0,218.0,1.0,1.0,0.0,0.0,0.0,0.0
2025/12/12,13:01:41,0,50.0,214.0,257.0,256.0,13.0,218.0,3.0,3.0,0.0,0.0,0.0,0.0
2025/12/12,13:01:46,0,48.0,215.0,259.0,257.0,8.0,218.0,3.0,2.0,0.0,0.0,0.0,0.0
2025/12/12,13:01:51,0,50.0,221.0,259.0,257.0,0.0,218.0,1.0,1.0,0.0,0.0,0.0,0.0
2025/12/12,13:01:56,0,50.0,207.0,256.0,257.0,9.0,219.0,1.0,2.0,0.0,0.0,0.0,0.0
2025/12/12,13:02:01,0,48.0,210.0,256.0,257.0,16.0,218.0,3.0,3.0,0.0,0.0,0.0,0.0
2025/12/12,13:02:06,0,47.0,203.0,256.0,257.0,16.0,217.0,3.0,3.0,0.0,0.0,0.0,0.0
2025/12/12,13:02:11,0,47.0,207.0,258.0,257.0,13.0,218.0,3.0,3.0,0.0,0.0,0.0,0.0
2025/12/12,13:02:16,0,46.0,212.0,258.0,257.0,12.0,221.0,3.0,2.0,0.0,0.0,0.0,0.0
2025/12/12,13:02:21,0,45.0,213.0,258.0,258.0,6.0,218.0,3.0,2.0,0.0,0.0,0.0,0.0
2025/12/12,13:02:26,0,47.0,210.0,257.0,257.0,11.0,219.0,3.0,3.0,0.0,0.0,0.0,0.0
2025/12/12,13:02:31,0,45.0,206.0,258.0,259.0,13.0,217.0,4.0,3.0,0.0,0.0,0.0,0.0
2025/12/12,13:02:36,0,47.0,202.0,257.0,256.0,15.0,217.0,4.0,3.0,0.0,0.0,0.0,0.0
2025/12/12,13:02:41,0,45.0,211.0,257.0,257.0,14.0,219.0,3.0,3.0,0.0,0.0,0.0,0.0
2025/12/12,13:02:46,0,46.0,206.0,257.0,257.0,12.0,219.0,3.0,3.0,0.0,0.0,0.0,0.0
2025/12/12,13:02:51,0,46.0,210.0,258.0,257.0,1.0,219.0,1.0,1.0,0.0,0.0,0.0,0.0
2025/12/12,13:02:56,0,46.0,229.0,257.0,257.0,1.0,219.0,1.0,1.0,0.0,0.0,0.0,0.0
2025/12/12,13:03:01,0,46.0,200.0,256.0,257.0,18.0,220.0,3.0,4.0,0.0,0.0,0.0,0.0
2025/12/12,13:03:06,0,43.0,207.0,257.0,257.0,13.0,219.0,4.0,4.0,0.0,0.0,0.0,0.0
2025/12/12,13:03:11,0,46.0,213.0,258.0,257.0,0.0,218.0,1.0,1.0,0.0,0.0,0.0,0.0
2025/12/12,13:03:16,0,50.0,227.0,259.0,256.0,0.0,219.0,1.0,1.0,0.0,0.0,0.0,0.0
2025/12/12,13:03:21,0,43.0,212.0,256.0,257.0,11.0,219.0,3.0,2.0,0.0,0.0,0.0,0.0
2025/12/12,13:03:26,0,42.0,205.0,255.0,257.0,15.0,219.0,4.0,4.0,0.0,0.0,0.0,0.0
2025/12/12,13:03:31,0,44.0,208.0,257.0,257.0,10.0,219.0,4.0,3.0,0.0,0.0,0.0,0.0
2025/12/12,13:03:36,0,44.0,222.0,258.0,257.0,2.0,219.0,0.0,1.0,0.0,0.0,0.0,0.0
2025/12/12,13:03:41,0,47.0,220.0,257.0,258.0,0.0,219.0,2.0,1.0,0.0,0.0,0.0,0.0
2025/12/12,13:03:46,0,46.0,209.0,256.0,257.0,6.0,217.0,2.0,2.0,0.0,0.0,0.0,0.0
2025/12/12,13:03:51,0,46.0,210.0,256.0,257.0,16.0,218.0,4.0,3.0,0.0,0.0,0.0,0.0
2025/12/12,13:03:56,0,47.0,201.0,254.0,258.0,19.0,219.0,4.0,2.0,0.0,0.0,0.0,0.0
2025/12/12,13:04:01,0,49.0,204.0,255.0,257.0,14.0,218.0,4.0,3.0,0.0,0.0,0.0,0.0
2025/12/12,13:04:06,0,47.0,210.0,258.0,257.0,0.0,219.0,2.0,1.0,0.0,0.0,0.0,0.0
2025/12/12,13:04:11,0,48.0,214.0,257.0,257.0,3.0,218.0,1.0,1.0,0.0,0.0,0.0,0.0
2025/12/12,13:04:16,0,47.0,212.0,254.0,257.0,9.0,219.0,3.0,2.0,0.0,0.0,0.0,0.0
2025/12/12,13:04:21,0,46.0,202.0,256.0,257.0,16.0,219.0,3.0,3.0,0.0,0.0,0.0,0.0
2025/12/12,13:04:26,0,49.0,218.0,257.0,257.0,0.0,218.0,2.0,1.0,0.0,0.0,0.0,0.0
2025/12/12,13:04:31,0,46.0,225.0,257.0,257.0,0.0,220.0,1.0,0.0,0.0,0.0,0.0,0.0
2025/12/12,13:04:36,0,48.0,217.0,257.0,256.0,7.0,218.0,1.0,1.0,0.0,0.0,0.0,0.0
2025/12/12,13:04:41,0,48.0,214.0,256.0,257.0,8.0,218.0,3.0,2.0,0.0,0.0,0.0,0.0
2025/12/12,13:04:46,0,47.0,211.0,257.0,258.0,9.0,218.0,3.0,2.0,0.0,0.0,0.0,0.0
2025/12/12,13:04:51,0,45.0,207.0,255.0,257.0,14.0,219.0,4.0,3.0,0.0,0.0,0.0,0.0
2025/12/12,13:04:56,0,48.0,200.0,254.0,257.0,21.0,218.0,4.0,4.0,0.0,0.0,0.0,0.0
2025/12/12,13:05:01,0,48.0,208.0,252.0,258.0,14.0,220.0,3.0,3.0,0.0,0.0,0.0,0.0
2025/12/12,13:05:06,0,48.0,208.0,256.0,256.0,7.0,217.0,1.0,2.0,0.0,0.0,0.0,0.0
2025/12/12,13:05:11,0,47.0,229.0,257.0,257.0,1.0,218.0,2.0,1.0,0.0,0.0,0.0,0.0
2025/12/12,13:05:16,0,48.0,204.0,255.0,257.0,15.0,219.0,3.0,4.0,0.0,0.0,0.0,0.0
2025/12/12,13:05:21,0,50.0,221.0,257.0,257.0,0.0,219.0,1.0,1.0,0.0,0.0,0.0,0.0
2025/12/12,13:05:26,0,48.0,211.0,255.0,257.0,15.0,218.0,3.0,3.0,0.0,0.0,0.0,0.0
2025/12/12,13:05:31,0,53.0,220.0,257.0,257.0,1.0,220.0,0.0,1.0,0.0,0.0,0.0,0.0
2025/12/12,13:05:36,0,50.0,204.0,256.0,258.0,12.0,218.0,3.0,3.0,0.0,0.0,0.0,0.0
2025/12/12,13:05:41,0,49.0,216.0,257.0,258.0,4.0,219.0,2.0,3.0,0.0,0.0,0.0,0.0
2025/12/12,13:05:46,0,50.0,210.0,257.0,258.0,0.0,219.0,1.0,1.0,0.0,0.0,0.0,0.0
2025/12/12,13:05:51,0,50.0,211.0,256.0,256.0,14.0,218.0,3.0,3.0,0.0,0.0,0.0,0.0
2025/12/12,13:05:56,0,51.0,210.0,256.0,256.0,10.0,219.0,3.0,3.0,0.0,0.0,0.0,0.0
2025/12/12,13:06:01,0,48.0,212.0,257.0,257.0,0.0,219.0,0.0,1.0,0.0,0.0,0.0,0.0
2025/12/12,13:06:06,0,50.0,202.0,256.0,257.0,16.0,219.0,4.0,3.0,0.0,0.0,0.0,0.0
2025/12/12,13:06:11,0,51.0,207.0,256.0,257.0,10.0,219.0,3.0,3.0,0.0,0.0,0.0,0.0
2025/12/12,13:06:16,0,49.0,218.0,257.0,257.0,0.0,220.0,1.0,1.0,0.0,0.0,0.0,0.0
2025/12/12,13:06:21,0,51.0,227.0,256.0,257.0,2.0,219.0,1.0,1.0,0.0,0.0,0.0,0.0
2025/12/12,13:06:26,0,49.0,215.0,257.0,257.0,6.0,218.0,2.0,1.0,0.0,0.0,0.0,0.0
2025/12/12,13:06:31,0,46.0,205.0,256.0,258.0,15.0,219.0,4.0,3.0,0.0,0.0,0.0,0.0
2025/12/12,13:06:36,0,51.0,200.0,255.0,257.0,14.0,218.0,5.0,3.0,0.0,0.0,0.0,0.0
2025/12/12,13:06:41,0,49.0,198.0,256.0,257.0,14.0,219.0,4.0,4.0,0.0,0.0,0.0,0.0
2025/12/12,13:06:46,0,50.0,200.0,255.0,257.0,14.0,219.0,5.0,4.0,0.0,0.0,0.0,0.0
2025/12/12,13:06:51,0,51.0,201.0,254.0,257.0,16.0,218.0,4.0,4.0,0.0,0.0,0.0,0.0
2025/12/12,13:06:56,0,45.0,204.0,256.0,257.0,14.0,219.0,4.0,3.0,0.0,0.0,0.0,0.0
2025/12/12,13:07:01,0,51.0,215.0,257.0,257.0,5.0,218.0,3.0,2.0,0.0,0.0,0.0,0.0
2025/12/12,13:07:06,0,51.0,227.0,256.0,258.0,0.0,220.0,1.0,1.0,0.0,0.0,0.0,0.0
2025/12/12,13:07:11,0,51.0,217.0,257.0,257.0,0.0,218.0,1.0,0.0,0.0,0.0,0.0,0.0
2025/12/12,13:07:16,0,52.0,209.0,257.0,257.0,0.0,219.0,0.0,1.0,0.0,0.0,0.0,0.0
2025/12/12,13:07:21,0,52.0,206.0,255.0,257.0,11.0,218.0,3.0,3.0,0.0,0.0,0.0,0.0
2025/12/12,13:07:26,0,52.0,208.0,254.0,257.0,14.0,217.0,3.0,3.0,0.0,0.0,0.0,0.0
2025/12/12,13:07:31,0,50.0,202.0,255.0,257.0,15.0,218.0,4.0,4.0,0.0,0.0,0.0,0.0
2025/12/12,13:07:36,0,51.0,224.0,256.0,257.0,0.0,219.0,2.0,1.0,0.0,0.0,0.0,0.0
2025/12/12,13:07:41,0,53.0,210.0,257.0,258.0,0.0,219.0,1.0,1.0,0.0,0.0,0.0,0.0
2025/12/12,13:07:46,0,52.0,210.0,255.0,257.0,13.0,217.0,2.0,3.0,0.0,0.0,0.0,0.0
2025/12/12,13:07:51,0,51.0,222.0,258.0,257.0,2.0,220.0,0.0,0.0,0.0,0.0,0.0,0.0
2025/12/12,13:07:56,0,52.0,210.0,254.0,257.0,2.0,220.0,1.0,1.0,0.0,0.0,0.0,0.0
2025/12/12,13:08:01,0,49.0,204.0,255.0,257.0,14.0,217.0,2.0,3.0,0.0,0.0,0.0,0.0
2025/12/12,13:08:06,0,48.0,229.0,259.0,256.0,0.0,217.0,1.0,1.0,0.0,0.0,0.0,0.0
2025/12/12,13:08:11,0,53.0,207.0,257.0,256.0,8.0,218.0,2.0,2.0,0.0,0.0,0.0,0.0
2025/12/12,13:08:16,0,52.0,201.0,255.0,257.0,14.0,219.0,4.0,3.0,0.0,0.0,0.0,0.0
2025/12/12,13:08:21,0,52.0,228.0,258.0,256.0,0.0,219.0,2.0,1.0,0.0,0.0,0.0,0.0
2025/12/12,13:08:26,0,51.0,203.0,253.0,257.0,11.0,219.0,3.0,3.0,0.0,0.0,0.0,0.0
2025/12/12,13:08:31,0,54.0,208.0,256.0,256.0,12.0,219.0,2.0,2.0,0.0,0.0,0.0,0.0
2025/12/12,13:08:36,0,49.0,211.0,257.0,257.0,0.0,219.0,1.0,1.0,0.0,0.0,0.0,0.0
2025/12/12,13:08:41,0,52.0,208.0,257.0,258.0,14.0,220.0,3.0,3.0,0.0,0.0,0.0,0.0
2025/12/12,13:08:46,0,50.0,230.0,259.0,256.0,0.0,217.0,1.0,1.0,0.0,0.0,0.0,0.0
2025/12/12,13:08:51,0,51.0,203.0,257.0,258.0,13.0,219.0,3.0,3.0,0.0,0.0,0.0,0.0
2025/12/12,13:08:56,0,51.0,215.0,257.0,259.0,7.0,220.0,2.0,2.0,0.0,0.0,0.0,0.0
2025/12/12,13:09:01,0,51.0,209.0,259.0,257.0,0.0,218.0,2.0,1.0,0.0,0.0,0.0,0.0
2025/12/12,13:09:06,0,50.0,205.0,257.0,257.0,14.0,219.0,3.0,3.0,0.0,0.0,0.0,0.0
2025/12/12,13:09:11,0,51.0,222.0,259.0,258.0,1.0,218.0,2.0,1.0,0.0,0.0,0.0,0.0
2025/12/12,13:09:16,0,50.0,215.0,256.0,258.0,0.0,219.0,1.0,1.0,0.0,0.0,0.0,0.0
2025/12/12,13:09:21,0,50.0,207.0,259.0,256.0,7.0,217.0,2.0,2.0,0.0,0.0,0.0,0.0
2025/12/12,13:09:26,0,53.0,209.0,257.0,257.0,14.0,220.0,3.0,3.0,0.0,0.0,0.0,0.0
2025/12/12,13:09:31,0,49.0,206.0,257.0,257.0,15.0,220.0,3.0,3.0,0.0,0.0,0.0,0.0
2025/12/12,13:09:36,0,53.0,212.0,259.0,257.0,6.0,218.0,3.0,2.0,0.0,0.0,0.0,0.0
2025/12/12,13:09:41,0,51.0,224.0,260.0,257.0,1.0,220.0,1.0,1.0,0.0,0.0,0.0,0.0
2025/12/12,13:09:46,0,49.0,208.0,259.0,258.0,1.0,218.0,1.0,0.0,0.0,0.0,0.0,0.0
2025/12/12,13:09:51,0,48.0,210.0,258.0,257.0,14.0,217.0,3.0,3.0,0.0,0.0,0.0,0.0
2025/12/12,13:09:56,0,50.0,205.0,257.0,258.0,15.0,217.0,3.0,3.0,0.0,0.0,0.0,0.0
2025/12/12,13:10:01,0,52.0,201.0,258.0,257.0,17.0,218.0,5.0,3.0,0.0,0.0,0.0,0.0
2025/12/12,13:10:06,0,47.0,205.0,258.0,258.0,14.0,218.0,3.0,3.0,0.0,0.0,0.0,0.0
2025/12/12,13:10:11,0,53.0,212.0,259.0,258.0,7.0,218.0,3.0,2.0,0.0,0.0,0.0,0.0
2025/12/12,13:10:16,0,51.0,218.0,259.0,258.0,3.0,218.0,3.0,1.0,0.0,0.0,0.0,0.0
2025/12/12,13:10:21,0,49.0,229.0,259.0,258.0,1.0,219.0,2.0,1.0,0.0,0.0,0.0,0.0
2025/12/12,13:10:26,0,51.0,216.0,260.0,257.0,0.0,218.0,2.0,1.0,0.0,0.0,0.0,0.0
2025/12/12,13:10:31,0,52.0,205.0,258.0,257.0,11.0,219.0,2.0,3.0,0.0,0.0,0.0,0.0
2025/12/12,13:10:36,0,50.0,202.0,258.0,256.0,15.0,218.0,4.0,3.0,0.0,0.0,0.0,0.0
2025/12/12,13:10:41,0,50.0,226.0,260.0,259.0,0.0,219.0,2.0,1.0,0.0,0.0,0.0,0.0
2025/12/12,13:10:46,0,48.0,204.0,257.0,258.0,14.0,220.0,3.0,4.0,0.0,0.0,0.0,0.0
2025/12/12,13:10:51,0,47.0,217.0,257.0,258.0,3.0,219.0,2.0,1.0,0.0,0.0,0.0,0.0
2025/12/12,13:11:37,0,52.0,218.0,258.0,257.0,4.0,218.0,3.0,2.0,0.0,0.0,0.0,0.0
2025/12/12,13:11:41,0,54.0,206.0,257.0,258.0,12.0,218.0,3.0,3.0,0.0,0.0,0.0,0.0
2025/12/12,13:11:46,0,50.0,211.0,258.0,257.0,0.0,220.0,1.0,1.0,0.0,0.0,0.0,0.0
2025/12/12,13:11:51,0,52.0,204.0,256.0,258.0,13.0,219.0,3.0,3.0,0.0,0.0,0.0,0.0
2025/12/12,13:11:56,0,52.0,219.0,259.0,258.0,0.0,218.0,2.0,1.0,0.0,0.0,0.0,0.0
2025/12/12,13:12:01,0,51.0,203.0,254.0,258.0,15.0,220.0,3.0,3.0,0.0,0.0,0.0,0.0
2025/12/12,13:12:06,0,49.0,210.0,258.0,258.0,0.0,219.0,1.0,1.0,0.0,0.0,0.0,0.0
2025/12/12,13:12:11,0,49.0,199.0,256.0,259.0,17.0,218.0,4.0,3.0,0.0,0.0,0.0,0.0
2025/12/12,13:12:16,0,50.0,217.0,259.0,258.0,0.0,219.0,2.0,1.0,0.0,0.0,0.0,0.0
2025/12/12,13:12:21,0,50.0,208.0,256.0,258.0,17.0,219.0,4.0,3.0,0.0,0.0,0.0,0.0
2025/12/12,13:12:26,0,49.0,202.0,256.0,258.0,18.0,219.0,5.0,3.0,0.0,0.0,0.0,0.0
2025/12/12,13:12:31,0,48.0,225.0,260.0,258.0,0.0,218.0,2.0,1.0,0.0,0.0,0.0,0.0
2025/12/12,13:12:36,0,48.0,206.0,258.0,260.0,15.0,218.0,4.0,2.0,0.0,0.0,0.0,0.0
2025/12/12,13:12:41,0,47.0,220.0,258.0,258.0,1.0,219.0,2.0,1.0,0.0,0.0,0.0,0.0
2025/12/12,13:12:46,0,50.0,205.0,258.0,258.0,12.0,218.0,3.0,3.0,0.0,0.0,0.0,0.0
2025/12/12,13:12:51,0,48.0,219.0,260.0,259.0,3.0,220.0,2.0,1.0,0.0,0.0,0.0,0.0
2025/12/12,13:12:56,0,47.0,206.0,259.0,258.0,5.0,218.0,2.0,2.0,0.0,0.0,0.0,0.0
2025/12/12,13:13:01,0,49.0,201.0,259.0,257.0,14.0,220.0,3.0,3.0,0.0,0.0,0.0,0.0
2025/12/12,13:13:06,0,48.0,227.0,261.0,259.0,0.0,219.0,2.0,1.0,0.0,0.0,0.0,0.0
2025/12/12,13:13:11,0,48.0,205.0,258.0,258.0,12.0,219.0,3.0,3.0,0.0,0.0,0.0,0.0
2025/12/12,13:13:16,0,51.0,210.0,258.0,258.0,13.0,219.0,3.0,3.0,0.0,0.0,0.0,0.0
2025/12/12,13:13:21,0,48.0,209.0,259.0,258.0,1.0,219.0,2.0,1.0,0.0,0.0,0.0,0.0
2025/12/12,13:13:26,0,48.0,211.0,258.0,258.0,9.0,219.0,4.0,2.0,0.0,0.0,0.0,0.0
2025/12/12,13:13:31,0,47.0,207.0,259.0,257.0,10.0,220.0,3.0,3.0,0.0,0.0,0.0,0.0
2025/12/12,13:13:36,0,45.0,227.0,260.0,258.0,0.0,219.0,2.0,2.0,0.0,0.0,0.0,0.0
2025/12/12,13:13:41,0,48.0,203.0,257.0,258.0,14.0,219.0,3.0,3.0,0.0,0.0,0.0,0.0
2025/12/12,13:13:46,0,45.0,208.0,259.0,257.0,2.0,217.0,1.0,1.0,0.0,0.0,0.0,0.0
2025/12/12,13:13:51,0,49.0,216.0,259.0,258.0,8.0,219.0,1.0,1.0,0.0,0.0,0.0,0.0
2025/12/12,13:13:56,0,50.0,206.0,258.0,258.0,15.0,219.0,2.0,3.0,0.0,0.0,0.0,0.0
2025/12/12,13:14:01,0,49.0,222.0,260.0,258.0,0.0,217.0,1.0,1.0,0.0,0.0,0.0,0.0
2025/12/12,13:14:06,0,48.0,201.0,258.0,258.0,14.0,218.0,2.0,3.0,0.0,0.0,0.0,0.0
2025/12/12,13:14:11,0,47.0,208.0,259.0,258.0,5.0,219.0,2.0,2.0,0.0,0.0,0.0,0.0
2025/12/12,13:14:16,0,47.0,224.0,260.0,258.0,1.0,218.0,2.0,1.0,0.0,0.0,0.0,0.0
2025/12/12,13:14:21,0,45.0,214.0,259.0,258.0,10.0,220.0,3.0,2.0,0.0,0.0,0.0,0.0
2025/12/12,13:14:26,0,47.0,209.0,258.0,258.0,13.0,219.0,3.0,3.0,0.0,0.0,0.0,0.0
2025/12/12,13:14:31,0,45.0,223.0,257.0,258.0,1.0,219.0,2.0,2.0,0.0,0.0,0.0,0.0
2025/12/12,13:14:36,0,49.0,224.0,259.0,258.0,1.0,217.0,2.0,1.0,0.0,0.0,0.0,0.0
2025/12/12,13:14:41,0,52.0,211.0,258.0,258.0,10.0,219.0,4.0,2.0,0.0,0.0,0.0,0.0
2025/12/12,13:14:46,0,48.0,207.0,257.0,257.0,13.0,219.0,3.0,3.0,0.0,0.0,0.0,0.0
2025/12/12,13:14:51,0,46.0,207.0,258.0,258.0,7.0,218.0,3.0,2.0,0.0,0.0,0.0,0.0
2025/12/12,13:14:56,0,49.0,218.0,259.0,258.0,1.0,219.0,2.0,1.0,0.0,0.0,0.0,0.0
2025/12/12,13:15:01,0,48.0,219.0,257.0,258.0,3.0,219.0,2.0,2.0,0.0,0.0,0.0,0.0
2025/12/12,13:15:06,0,51.0,204.0,256.0,258.0,14.0,219.0,3.0,2.0,0.0,0.0,0.0,0.0
2025/12/12,13:15:11,0,50.0,206.0,255.0,258.0,11.0,217.0,2.0,3.0,0.0,0.0,0.0,0.0
2025/12/12,13:15:16,0,49.0,213.0,257.0,258.0,0.0,218.0,2.0,1.0,0.0,0.0,0.0,0.0
2025/12/12,13:15:21,0,55.0,221.0,257.0,257.0,3.0,218.0,2.0,2.0,0.0,0.0,0.0,0.0
2025/12/12,13:15:26,0,51.0,207.0,255.0,258.0,12.0,218.0,3.0,3.0,0.0,0.0,0.0,0.0
2025/12/12,13:15:31,0,49.0,209.0,256.0,258.0,0.0,220.0,0.0,1.0,0.0,0.0,0.0,0.0
2025/12/12,13:15:36,0,50.0,225.0,258.0,258.0,0.0,219.0,2.0,2.0,0.0,0.0,0.0,0.0
2025/12/12,13:15:41,0,50.0,204.0,253.0,258.0,14.0,219.0,4.0,3.0,0.0,0.0,0.0,0.0
2025/12/12,13:15:46,0,49.0,207.0,256.0,258.0,3.0,220.0,1.0,1.0,0.0,0.0,0.0,0.0
2025/12/12,13:15:51,0,50.0,224.0,257.0,258.0,0.0,219.0,1.0,1.0,0.0,0.0,0.0,0.0
2025/12/12,13:15:56,0,49.0,211.0,256.0,258.0,14.0,219.0,2.0,3.0,0.0,0.0,0.0,0.0
2025/12/12,13:16:01,0,50.0,229.0,257.0,258.0,1.0,219.0,3.0,1.0,0.0,0.0,0.0,0.0
2025/12/12,13:16:06,0,51.0,207.0,254.0,258.0,15.0,220.0,4.0,3.0,0.0,0.0,0.0,0.0
2025/12/12,13:16:11,0,47.0,218.0,258.0,257.0,2.0,218.0,2.0,1.0,0.0,0.0,0.0,0.0
2025/12/12,13:16:16,0,47.0,207.0,257.0,256.0,6.0,220.0,1.0,2.0,0.0,0.0,0.0,0.0
2025/12/12,13:16:21,0,47.0,204.0,257.0,258.0,16.0,219.0,3.0,3.0,0.0,0.0,0.0,0.0
2025/12/12,13:16:26,0,48.0,216.0,258.0,258.0,0.0,220.0,2.0,1.0,0.0,0.0,0.0,0.0
2025/12/12,13:16:31,0,49.0,210.0,255.0,258.0,13.0,217.0,3.0,3.0,0.0,0.0,0.0,0.0
2025/12/12,13:16:36,0,47.0,213.0,258.0,258.0,8.0,218.0,4.0,1.0,0.0,0.0,0.0,0.0
2025/12/12,13:16:41,0,47.0,212.0,259.0,258.0,0.0,219.0,2.0,1.0,0.0,0.0,0.0,0.0
2025/12/12,13:16:46,0,48.0,210.0,253.0,258.0,13.0,219.0,4.0,2.0,0.0,0.0,0.0,0.0
2025/12/12,13:16:51,0,47.0,209.0,256.0,258.0,10.0,219.0,3.0,3.0,0.0,0.0,0.0,0.0
2025/12/12,13:16:56,0,47.0,222.0,256.0,258.0,1.0,219.0,2.0,1.0,0.0,0.0,0.0,0.0
2025/12/12,13:17:01,0,44.0,208.0,259.0,258.0,0.0,217.0,1.0,1.0,0.0,0.0,0.0,0.0
2025/12/12,13:17:06,0,47.0,203.0,257.0,258.0,11.0,219.0,2.0,3.0,0.0,0.0,0.0,0.0
2025/12/12,13:17:11,0,48.0,211.0,255.0,258.0,14.0,218.0,4.0,3.0,0.0,0.0,0.0,0.0
2025/12/12,13:17:16,0,48.0,202.0,256.0,258.0,15.0,218.0,3.0,3.0,0.0,0.0,0.0,0.0
2025/12/12,13:17:21,0,48.0,220.0,258.0,257.0,1.0,219.0,2.0,2.0,0.0,0.0,0.0,0.0
2025/12/12,13:17:26,0,47.0,220.0,257.0,258.0,0.0,219.0,2.0,1.0,0.0,0.0,0.0,0.0
2025/12/12,13:17:31,0,49.0,209.0,255.0,258.0,4.0,219.0,1.0,1.0,0.0,0.0,0.0,0.0
2025/12/12,13:17:36,0,46.0,209.0,257.0,259.0,14.0,218.0,3.0,2.0,0.0,0.0,0.0,0.0
2025/12/12,13:17:41,0,47.0,200.0,257.0,258.0,14.0,220.0,3.0,3.0,0.0,0.0,0.0,0.0
2025/12/12,13:17:46,0,49.0,229.0,258.0,258.0,0.0,218.0,2.0,1.0,0.0,0.0,0.0,0.0
2025/12/12,13:17:51,0,47.0,207.0,257.0,258.0,2.0,219.0,1.0,1.0,0.0,0.0,0.0,0.0
2025/12/12,13:17:56,0,47.0,210.0,256.0,258.0,12.0,219.0,3.0,3.0,0.0,0.0,0.0,0.0
2025/12/12,13:18:01,0,48.0,207.0,256.0,258.0,10.0,217.0,2.0,3.0,0.0,0.0,0.0,0.0
2025/12/12,13:18:06,0,46.0,221.0,258.0,258.0,1.0,219.0,2.0,1.0,0.0,0.0,0.0,0.0
2025/12/12,13:18:11,0,52.0,225.0,258.0,257.0,0.0,219.0,2.0,2.0,0.0,0.0,0.0,0.0
2025/12/12,13:18:16,0,51.0,211.0,256.0,258.0,11.0,218.0,3.0,2.0,0.0,0.0,0.0,0.0
2025/12/12,13:18:21,0,50.0,214.0,256.0,258.0,13.0,220.0,4.0,3.0,0.0,0.0,0.0,0.0
2025/12/12,13:18:26,0,49.0,221.0,257.0,258.0,0.0,220.0,2.0,1.0,0.0,0.0,0.0,0.0
2025/12/12,13:18:31,0,47.0,219.0,257.0,258.0,1.0,220.0,1.0,1.0,0.0,0.0,0.0,0.0
2025/12/12,13:18:36,0,43.0,208.0,256.0,258.0,6.0,220.0,1.0,2.0,0.0,0.0,0.0,0.0
2025/12/12,13:18:41,0,46.0,211.0,256.0,258.0,13.0,219.0,3.0,3.0,0.0,0.0,0.0,0.0
2025/12/12,13:18:46,0,46.0,205.0,256.0,263.0,14.0,219.0,5.0,3.0,0.0,0.0,0.0,0.0
2025/12/12,13:18:51,0,49.0,225.0,259.0,258.0,1.0,219.0,2.0,1.0,0.0,0.0,0.0,0.0
2025/12/12,13:18:56,0,47.0,207.0,257.0,258.0,7.0,219.0,3.0,1.0,0.0,0.0,0.0,0.0
2025/12/12,13:19:01,0,46.0,206.0,256.0,258.0,13.0,220.0,3.0,3.0,0.0,0.0,0.0,0.0
2025/12/12,13:19:06,0,45.0,218.0,257.0,256.0,4.0,218.0,3.0,2.0,0.0,0.0,0.0,0.0
2025/12/12,13:19:11,0,47.0,213.0,257.0,258.0,0.0,220.0,1.0,1.0,0.0,0.0,0.0,0.0
2025/12/12,13:19:16,0,45.0,213.0,256.0,258.0,14.0,220.0,3.0,3.0,0.0,0.0,0.0,0.0
2025/12/12,13:19:21,0,44.0,213.0,256.0,258.0,5.0,219.0,2.0,2.0,0.0,0.0,0.0,0.0
2025/12/12,13:19:26,0,51.0,210.0,258.0,258.0,0.0,220.0,0.0,1.0,0.0,0.0,0.0,0.0
2025/12/12,13:19:31,0,48.0,203.0,256.0,257.0,14.0,219.0,4.0,3.0,0.0,0.0,0.0,0.0
2025/12/12,13:19:36,0,50.0,229.0,259.0,258.0,0.0,219.0,2.0,1.0,0.0,0.0,0.0,0.0
2025/12/12,13:19:41,0,50.0,207.0,257.0,259.0,10.0,220.0,3.0,3.0,0.0,0.0,0.0,0.0
2025/12/12,13:19:46,0,49.0,199.0,256.0,259.0,16.0,220.0,4.0,4.0,0.0,0.0,0.0,0.0
2025/12/12,13:19:51,0,50.0,219.0,257.0,258.0,0.0,220.0,2.0,1.0,0.0,0.0,0.0,0.0
2025/12/12,13:19:56,0,49.0,210.0,257.0,258.0,14.0,220.0,3.0,3.0,0.0,0.0,0.0,0.0
2025/12/12,13:20:01,0,50.0,219.0,259.0,258.0,2.0,219.0,2.0,2.0,0.0,0.0,0.0,0.0
2025/12/12,13:20:06,0,49.0,210.0,258.0,258.0,0.0,219.0,1.0,1.0,0.0,0.0,0.0,0.0
2025/12/12,13:20:11,0,50.0,211.0,255.0,258.0,14.0,220.0,3.0,2.0,0.0,0.0,0.0,0.0
2025/12/12,13:20:16,0,50.0,218.0,259.0,258.0,5.0,220.0,2.0,1.0,0.0,0.0,0.0,0.0
2025/12/12,13:20:21,0,48.0,209.0,259.0,259.0,0.0,219.0,1.0,1.0,0.0,0.0,0.0,0.0
2025/12/12,13:20:26,0,49.0,205.0,257.0,258.0,14.0,218.0,2.0,3.0,0.0,0.0,0.0,0.0
2025/12/12,13:20:31,0,48.0,226.0,259.0,258.0,0.0,220.0,1.0,1.0,0.0,0.0,0.0,0.0
2025/12/12,13:20:36,0,48.0,208.0,256.0,258.0,6.0,220.0,0.0,2.0,0.0,0.0,0.0,0.0
2025/12/12,13:20:41,0,50.0,203.0,257.0,258.0,14.0,219.0,4.0,3.0,0.0,0.0,0.0,0.0
2025/12/12,13:20:46,0,50.0,225.0,260.0,258.0,1.0,220.0,2.0,1.0,0.0,0.0,0.0,0.0
2025/12/12,13:20:51,0,50.0,205.0,258.0,258.0,11.0,220.0,3.0,3.0,0.0,0.0,0.0,0.0
2025/12/12,13:20:56,0,50.0,205.0,258.0,259.0,14.0,219.0,3.0,2.0,0.0,0.0,0.0,0.0
2025/12/12,13:21:01,0,51.0,228.0,259.0,258.0,1.0,219.0,2.0,1.0,0.0,0.0,0.0,0.0
2025/12/12,13:21:06,0,51.0,205.0,257.0,258.0,15.0,220.0,3.0,3.0,0.0,0.0,0.0,0.0
2025/12/12,13:21:36,0,51.0,223.0,258.0,259.0,0.0,219.0,1.0,0.0,0.0,0.0,0.0,0.0
2025/12/12,13:21:40,0,52.0,212.0,256.0,258.0,14.0,218.0,3.0,2.0,0.0,0.0,0.0,0.0
2025/12/12,13:21:45,0,51.0,226.0,259.0,257.0,0.0,220.0,2.0,1.0,0.0,0.0,0.0,0.0
2025/12/12,13:21:50,0,52.0,203.0,256.0,258.0,14.0,219.0,3.0,3.0,0.0,0.0,0.0,0.0
2025/12/12,13:21:55,0,50.0,206.0,257.0,258.0,8.0,220.0,2.0,2.0,0.0,0.0,0.0,0.0
2025/12/12,13:22:00,0,51.0,221.0,257.0,259.0,0.0,218.0,2.0,1.0,0.0,0.0,0.0,0.0
2025/12/12,13:22:05,0,54.0,218.0,255.0,258.0,4.0,220.0,2.0,1.0,0.0,0.0,0.0,0.0
2025/12/12,13:22:10,0,51.0,204.0,257.0,258.0,14.0,219.0,3.0,3.0,0.0,0.0,0.0,0.0
2025/12/12,13:22:15,0,50.0,203.0,256.0,258.0,13.0,220.0,3.0,4.0,0.0,0.0,0.0,0.0
2025/12/12,13:22:20,0,52.0,214.0,258.0,258.0,1.0,220.0,2.0,1.0,0.0,0.0,0.0,0.0
2025/12/12,13:22:25,0,50.0,216.0,258.0,258.0,7.0,220.0,2.0,3.0,0.0,0.0,0.0,0.0
2025/12/12,13:22:30,0,50.0,211.0,255.0,258.0,15.0,219.0,4.0,3.0,0.0,0.0,0.0,0.0
2025/12/12,13:22:35,0,50.0,210.0,256.0,258.0,1.0,220.0,1.0,1.0,0.0,0.0,0.0,0.0
2025/12/12,13:22:40,0,49.0,229.0,256.0,259.0,1.0,220.0,2.0,1.0,0.0,0.0,0.0,0.0
2025/12/12,13:22:45,0,49.0,208.0,256.0,258.0,12.0,218.0,4.0,2.0,0.0,0.0,0.0,0.0
2025/12/12,13:22:50,0,51.0,204.0,255.0,258.0,15.0,219.0,4.0,3.0,0.0,0.0,0.0,0.0
2025/12/12,13:22:55,0,51.0,209.0,255.0,258.0,14.0,220.0,2.0,3.0,0.0,0.0,0.0,0.0
2025/12/12,13:23:00,0,52.0,209.0,256.0,258.0,14.0,220.0,3.0,3.0,0.0,0.0,0.0,0.0
2025/12/12,13:23:05,0,50.0,208.0,256.0,258.0,13.0,219.0,3.0,3.0,0.0,0.0,0.0,0.0
2025/12/12,13:23:10,0,51.0,213.0,254.0,259.0,15.0,220.0,4.0,3.0,0.0,0.0,0.0,0.0
2025/12/12,13:23:15,0,49.0,208.0,256.0,258.0,13.0,219.0,4.0,3.0,0.0,0.0,0.0,0.0
2025/12/12,13:23:20,0,49.0,207.0,257.0,257.0,16.0,219.0,4.0,2.0,0.0,0.0,0.0,0.0
2025/12/12,13:23:25,0,47.0,211.0,256.0,258.0,13.0,219.0,3.0,3.0,0.0,0.0,0.0,0.0
2025/12/12,13:23:30,0,47.0,212.0,256.0,258.0,14.0,220.0,4.0,3.0,0.0,0.0,0.0,0.0
2025/12/12,13:23:35,0,48.0,212.0,256.0,258.0,13.0,220.0,3.0,3.0,0.0,0.0,0.0,0.0
2025/12/12,13:23:40,0,45.0,211.0,254.0,259.0,15.0,219.0,3.0,3.0,0.0,0.0,0.0,0.0
2025/12/12,13:23:45,0,47.0,209.0,256.0,257.0,14.0,219.0,4.0,3.0,0.0,0.0,0.0,0.0
2025/12/12,13:23:50,0,46.0,204.0,256.0,257.0,11.0,218.0,4.0,2.0,0.0,0.0,0.0,0.0
2025/12/12,13:23:55,0,46.0,206.0,255.0,258.0,9.0,220.0,3.0,3.0,0.0,0.0,0.0,0.0
2025/12/12,13:24:00,0,50.0,211.0,255.0,259.0,0.0,219.0,1.0,1.0,0.0,0.0,0.0,0.0
2025/12/12,13:24:05,0,47.0,223.0,257.0,258.0,0.0,220.0,1.0,1.0,0.0,0.0,0.0,0.0
2025/12/12,13:24:10,0,45.0,228.0,257.0,258.0,4.0,218.0,1.0,1.0,0.0,0.0,0.0,0.0
2025/12/12,13:24:15,0,46.0,210.0,256.0,257.0,16.0,219.0,3.0,3.0,0.0,0.0,0.0,0.0
2025/12/12,13:24:20,0,48.0,219.0,255.0,259.0,4.0,220.0,2.0,2.0,0.0,0.0,0.0,0.0
2025/12/12,13:24:25,0,48.0,221.0,255.0,259.0,3.0,220.0,1.0,1.0,0.0,0.0,0.0,0.0
2025/12/12,13:24:30,0,45.0,228.0,257.0,259.0,1.0,219.0,2.0,1.0,0.0,0.0,0.0,0.0
2025/12/12,13:24:35,0,47.0,221.0,257.0,259.0,0.0,218.0,2.0,1.0,0.0,0.0,0.0,0.0
2025/12/12,13:24:40,0,46.0,214.0,256.0,259.0,0.0,219.0,1.0,1.0,0.0,0.0,0.0,0.0
2025/12/12,13:24:45,0,46.0,209.0,255.0,258.0,4.0,219.0,1.0,1.0,0.0,0.0,0.0,0.0
2025/12/12,13:24:50,0,45.0,205.0,255.0,258.0,13.0,220.0,2.0,3.0,0.0,0.0,0.0,0.0
2025/12/12,13:24:55,0,45.0,208.0,254.0,258.0,13.0,219.0,3.0,2.0,0.0,0.0,0.0,0.0
2025/12/12,13:25:00,0,47.0,208.0,254.0,258.0,15.0,218.0,4.0,3.0,0.0,0.0,0.0,0.0
2025/12/12,13:25:05,0,43.0,229.0,255.0,259.0,2.0,219.0,2.0,2.0,0.0,0.0,0.0,0.0
2025/12/12,13:25:10,0,43.0,209.0,257.0,259.0,0.0,219.0,2.0,1.0,0.0,0.0,0.0,0.0
2025/12/12,13:25:15,0,43.0,212.0,255.0,259.0,13.0,220.0,3.0,3.0,0.0,0.0,0.0,0.0
2025/12/12,13:25:20,0,41.0,211.0,254.0,259.0,6.0,220.0,2.0,2.0,0.0,0.0,0.0,0.0
2025/12/12,13:25:25,0,42.0,218.0,257.0,259.0,0.0,219.0,2.0,1.0,0.0,0.0,0.0,0.0
2025/12/12,13:25:30,0,42.0,204.0,252.0,258.0,13.0,220.0,3.0,3.0,0.0,0.0,0.0,0.0
2025/12/12,13:25:35,0,42.0,207.0,255.0,258.0,14.0,220.0,3.0,3.0,0.0,0.0,0.0,0.0
2025/12/12,13:25:40,0,43.0,215.0,255.0,259.0,9.0,220.0,3.0,2.0,0.0,0.0,0.0,0.0
2025/12/12,13:25:45,0,39.0,230.0,257.0,257.0,0.0,220.0,2.0,1.0,0.0,0.0,0.0,0.0
2025/12/12,13:25:50,0,42.0,217.0,257.0,258.0,1.0,219.0,2.0,1.0,0.0,0.0,0.0,0.0
2025/12/12,13:25:55,0,42.0,209.0,256.0,258.0,0.0,220.0,0.0,1.0,0.0,0.0,0.0,0.0
2025/12/12,13:26:00,0,41.0,208.0,255.0,259.0,10.0,218.0,3.0,2.0,0.0,0.0,0.0,0.0
2025/12/12,13:26:05,0,40.0,212.0,255.0,257.0,13.0,219.0,4.0,2.0,0.0,0.0,0.0,0.0
2025/12/12,13:26:10,0,41.0,202.0,254.0,259.0,15.0,220.0,4.0,3.0,0.0,0.0,0.0,0.0
2025/12/12,13:26:15,0,41.0,227.0,257.0,258.0,0.0,219.0,2.0,1.0,0.0,0.0,0.0,0.0
2025/12/12,13:26:20,0,44.0,208.0,256.0,259.0,5.0,219.0,3.0,1.0,0.0,0.0,0.0,0.0
2025/12/12,13:26:25,0,42.0,204.0,256.0,253.0,12.0,219.0,4.0,1.0,0.0,0.0,0.0,0.0
2025/12/12,13:26:30,0,42.0,209.0,257.0,259.0,0.0,220.0,1.0,0.0,0.0,0.0,0.0,0.0
2025/12/12,13:26:35,0,38.0,207.0,255.0,258.0,12.0,220.0,2.0,3.0,0.0,0.0,0.0,0.0
2025/12/12,13:26:40,0,38.0,207.0,256.0,258.0,4.0,220.0,1.0,2.0,0.0,0.0,0.0,-0.0008
2025/12/12,13:26:45,0,40.0,217.0,254.0,259.0,5.0,220.0,1.0,1.0,0.0,0.0,0.0,0.0
2025/12/12,13:26:50,0,44.0,207.0,255.0,259.0,13.0,221.0,2.0,3.0,0.0,0.0,0.0,0.0
2025/12/12,13:26:55,0,43.0,224.0,258.0,258.0,0.0,219.0,2.0,1.0,0.0,0.0,0.0,0.0
2025/12/12,13:27:00,0,45.0,214.0,253.0,259.0,14.0,221.0,3.0,3.0,0.0,0.0,0.0,0.0
2025/12/12,13:27:05,0,43.0,225.0,259.0,257.0,1.0,218.0,2.0,1.0,0.0,0.0,0.0,0.0
2025/12/12,13:27:10,0,45.0,206.0,256.0,259.0,17.0,220.0,3.0,3.0,0.0,0.0,0.0,0.0
2025/12/12,13:27:15,0,46.0,209.0,258.0,258.0,0.0,219.0,2.0,0.0,0.0,0.0,0.0,0.0
2025/12/12,13:27:20,0,46.0,219.0,258.0,257.0,3.0,219.0,2.0,1.0,0.0,0.0,0.0,0.0
2025/12/12,13:27:25,0,46.0,207.0,254.0,259.0,15.0,220.0,4.0,3.0,0.0,0.0,0.0,0.0
2025/12/12,13:27:30,0,48.0,208.0,257.0,258.0,2.0,220.0,1.0,1.0,0.0,0.0,0.0,0.0
2025/12/12,13:27:35,0,47.0,231.0,258.0,259.0,1.0,220.0,1.0,1.0,0.0,0.0,0.0,0.0
2025/12/12,13:27:40,0,47.0,206.0,257.0,258.0,14.0,220.0,2.0,3.0,0.0,0.0,0.0,0.0
2025/12/12,13:27:45,0,46.0,211.0,256.0,258.0,12.0,220.0,3.0,3.0,0.0,0.0,0.0,0.0
2025/12/12,13:27:50,0,42.0,208.0,258.0,259.0,8.0,219.0,2.0,2.0,0.0,0.0,0.0,0.0
2025/12/12,13:27:55,0,44.0,213.0,259.0,258.0,0.0,221.0,2.0,1.0,0.0,0.0,0.0,0.0
2025/12/12,13:28:00,0,44.0,226.0,259.0,258.0,1.0,220.0,2.0,1.0,0.0,0.0,0.0,0.0
2025/12/12,13:28:05,0,47.0,220.0,259.0,258.0,1.0,220.0,0.0,1.0,0.0,0.0,0.0,0.0
2025/12/12,13:28:10,0,42.0,218.0,259.0,259.0,6.0,217.0,2.0,1.0,0.0,0.0,0.0,0.0
2025/12/12,13:28:15,0,46.0,212.0,260.0,259.0,10.0,221.0,4.0,2.0,0.0,0.0,0.0,0.0
2025/12/12,13:28:20,0,46.0,201.0,257.0,258.0,16.0,220.0,4.0,4.0,0.0,0.0,0.0,0.0
2025/12/12,13:28:25,0,44.0,203.0,257.0,259.0,13.0,220.0,3.0,3.0,0.0,0.0,0.0,0.0
2025/12/12,13:28:30,0,46.0,202.0,258.0,258.0,13.0,220.0,3.0,3.0,0.0,0.0,0.0,0.0
2025/12/12,13:28:35,0,45.0,202.0,257.0,259.0,14.0,219.0,3.0,3.0,0.0,0.0,0.0,0.0
2025/12/12,13:28:40,0,45.0,200.0,258.0,258.0,13.0,219.0,4.0,3.0,0.0,0.0,0.0,0.0
2025/12/12,13:28:45,0,44.0,211.0,259.0,258.0,12.0,220.0,3.0,4.0,0.0,0.0,0.0,0.0
2025/12/12,13:28:50,0,45.0,225.0,260.0,258.0,2.0,217.0,1.0,1.0,0.0,0.0,0.0,0.0
2025/12/12,13:28:55,0,44.0,216.0,260.0,257.0,0.0,219.0,1.0,1.0,0.0,0.0,0.0,0.0
2025/12/12,13:29:00,0,41.0,206.0,258.0,259.0,6.0,219.0,2.0,2.0,0.0,0.0,0.0,0.0
2025/12/12,13:29:05,0,43.0,209.0,258.0,259.0,13.0,220.0,3.0,3.0,0.0,0.0,0.0,0.0
2025/12/12,13:29:10,0,48.0,212.0,257.0,257.0,9.0,221.0,3.0,2.0,0.0,0.0,0.0,0.0
2025/12/12,13:29:15,0,43.0,224.0,258.0,259.0,1.0,220.0,2.0,1.0,0.0,0.0,0.0,0.0
2025/12/12,13:29:20,0,42.0,207.0,257.0,258.0,11.0,220.0,3.0,3.0,0.0,0.0,0.0,0.0
2025/12/12,13:29:25,0,43.0,201.0,256.0,258.0,15.0,219.0,4.0,4.0,0.0,0.0,0.0,0.0
2025/12/12,13:29:30,0,45.0,220.0,259.0,259.0,0.0,218.0,2.0,2.0,0.0,0.0,0.0,0.0
2025/12/12,13:29:35,0,46.0,205.0,257.0,258.0,14.0,220.0,4.0,3.0,0.0,0.0,0.0,0.0
2025/12/12,13:29:40,0,48.0,203.0,257.0,254.0,14.0,220.0,3.0,3.0,0.0,0.0,0.0,0.0
2025/12/12,13:29:45,0,45.0,222.0,258.0,259.0,2.0,219.0,2.0,1.0,0.0,0.0,0.0,0.0
2025/12/12,13:29:50,0,44.0,206.0,257.0,258.0,11.0,220.0,2.0,3.0,0.0,0.0,0.0,0.0
2025/12/12,13:29:55,0,42.0,215.0,257.0,259.0,9.0,220.0,3.0,2.0,0.0,0.0,0.0,0.0
2025/12/12,13:30:00,0,44.0,227.0,256.0,258.0,0.0,220.0,2.0,0.0,0.0,0.0,0.0,0.0
2025/12/12,13:30:05,0,43.0,216.0,257.0,258.0,3.0,221.0,2.0,2.0,0.0,0.0,0.0,0.0
2025/12/12,13:30:10,0,43.0,204.0,255.0,258.0,14.0,220.0,4.0,3.0,0.0,0.0,0.0,0.0
2025/12/12,13:30:15,0,45.0,199.0,255.0,258.0,14.0,220.0,4.0,3.0,0.0,0.0,0.0,0.0
2025/12/12,13:30:20,0,43.0,209.0,255.0,258.0,13.0,220.0,3.0,3.0,0.0,0.0,0.0,0.0
2025/12/12,13:30:25,0,43.0,208.0,255.0,259.0,12.0,221.0,3.0,3.0,0.0,0.0,0.0,0.0
2025/12/12,13:30:30,0,45.0,205.0,252.0,259.0,14.0,220.0,3.0,3.0,0.0,0.0,0.0,0.0
2025/12/12,13:30:35,0,45.0,205.0,253.0,259.0,11.0,219.0,3.0,2.0,0.0,0.0,0.0,0.0
2025/12/12,13:30:40,0,45.0,215.0,255.0,259.0,0.0,219.0,2.0,1.0,0.0,0.0,0.0,0.0
2025/12/12,13:30:45,0,46.0,227.0,255.0,258.0,1.0,220.0,2.0,1.0,0.0,0.0,0.0,0.0
2025/12/12,13:30:50,0,45.0,205.0,254.0,258.0,14.0,221.0,3.0,3.0,0.0,0.0,0.0,0.0
2025/12/12,13:30:55,0,44.0,212.0,254.0,258.0,14.0,219.0,4.0,3.0,0.0,0.0,0.0,0.0
2025/12/12,13:31:00,0,45.0,211.0,255.0,258.0,0.0,220.0,1.0,0.0,0.0,0.0,0.0,0.0
2025/12/12,13:31:05,0,48.0,226.0,255.0,259.0,0.0,219.0,2.0,1.0,0.0,0.0,0.0,0.0
2025/12/12,13:31:10,0,46.0,201.0,254.0,259.0,13.0,219.0,3.0,2.0,0.0,0.0,0.0,0.0
2025/12/12,13:32:01,0,44.0,206.0,252.0,257.0,12.0,218.0,3.0,3.0,0.0,0.0,0.0,0.0
2025/12/12,13:32:06,0,45.0,227.0,255.0,257.0,0.0,221.0,2.0,1.0,0.0,0.0,0.0,0.0
2025/12/12,13:32:11,0,45.0,224.0,254.0,259.0,1.0,220.0,1.0,1.0,0.0,0.0,0.0,0.0
2025/12/12,13:32:16,0,45.0,218.0,255.0,257.0,0.0,221.0,1.0,1.0,0.0,0.0,0.0,0.0
2025/12/12,13:32:21,0,45.0,216.0,255.0,257.0,0.0,220.0,0.0,1.0,0.0,0.0,0.0,0.0
2025/12/12,13:32:26,0,44.0,217.0,255.0,259.0,0.0,219.0,2.0,1.0,0.0,0.0,0.0,0.0
2025/12/12,13:32:31,0,45.0,225.0,254.0,259.0,1.0,220.0,2.0,1.0,0.0,0.0,0.0,0.0
2025/12/12,13:32:36,0,47.0,221.0,255.0,258.0,3.0,221.0,2.0,1.0,0.0,0.0,0.0,0.0
2025/12/12,13:32:41,0,45.0,201.0,252.0,258.0,14.0,221.0,4.0,3.0,0.0,0.0,0.0,0.0
2025/12/12,13:32:46,0,45.0,205.0,254.0,257.0,10.0,220.0,3.0,2.0,0.0,0.0,0.0,0.0
2025/12/12,13:32:51,0,43.0,225.0,255.0,259.0,0.0,219.0,2.0,1.0,0.0,0.0,0.0,0.0
2025/12/12,13:32:56,0,45.0,204.0,251.0,258.0,14.0,219.0,3.0,3.0,0.0,0.0,0.0,0.0
2025/12/12,13:33:01,0,45.0,217.0,254.0,258.0,0.0,219.0,2.0,1.0,0.0,0.0,0.0,0.0
2025/12/12,13:33:06,0,44.0,206.0,252.0,258.0,13.0,219.0,3.0,3.0,0.0,0.0,0.0,0.0
2025/12/12,13:33:11,0,45.0,222.0,254.0,258.0,0.0,219.0,2.0,1.0,0.0,0.0,0.0,0.0
2025/12/12,13:33:16,0,44.0,203.0,253.0,259.0,15.0,219.0,3.0,3.0,0.0,0.0,0.0,0.0
2025/12/12,13:33:21,0,46.0,206.0,252.0,258.0,11.0,220.0,3.0,3.0,0.0,0.0,0.0,0.0
2025/12/12,13:33:26,0,45.0,214.0,253.0,257.0,0.0,221.0,2.0,1.0,0.0,0.0,0.0,0.0
2025/12/12,13:33:31,0,44.0,227.0,253.0,258.0,2.0,220.0,2.0,1.0,0.0,0.0,0.0,0.0
2025/12/12,13:33:36,0,45.0,215.0,253.0,259.0,7.0,220.0,2.0,2.0,0.0,0.0,0.0,0.0
2025/12/12,13:33:41,0,45.0,207.0,250.0,259.0,16.0,221.0,3.0,3.0,0.0,0.0,0.0,0.0
2025/12/12,13:33:46,0,47.0,207.0,252.0,258.0,7.0,221.0,2.0,2.0,0.0,0.0,0.0,0.0
2025/12/12,13:33:51,0,43.0,216.0,253.0,259.0,0.0,220.0,2.0,1.0,0.0,0.0,0.0,0.0
2025/12/12,13:33:56,0,45.0,227.0,254.0,258.0,1.0,221.0,2.0,2.0,0.0,0.0,0.0,0.0
2025/12/12,13:34:01,0,43.0,229.0,253.0,259.0,2.0,221.0,2.0,1.0,0.0,0.0,0.0,0.0
2025/12/12,13:34:06,0,42.0,223.0,252.0,259.0,0.0,220.0,1.0,1.0,0.0,0.0,0.0,0.0
2025/12/12,13:34:11,0,43.0,215.0,253.0,259.0,0.0,220.0,0.0,1.0,0.0,0.0,0.0,0.0
2025/12/12,13:34:16,0,41.0,208.0,252.0,258.0,4.0,219.0,2.0,2.0,0.0,0.0,0.0,0.0
2025/12/12,13:34:21,0,45.0,206.0,253.0,259.0,11.0,221.0,3.0,3.0,0.0,0.0,0.0,0.0
2025/12/12,13:34:26,0,46.0,203.0,251.0,259.0,11.0,220.0,3.0,3.0,0.0,0.0,0.0,0.0
2025/12/12,13:34:31,0,45.0,210.0,251.0,259.0,13.0,219.0,3.0,3.0,0.0,0.0,0.0,0.0
2025/12/12,13:34:36,0,43.0,213.0,249.0,259.0,14.0,221.0,3.0,3.0,0.0,0.0,0.0,0.0
2025/12/12,13:34:41,0,44.0,205.0,251.0,259.0,14.0,219.0,5.0,3.0,0.0,0.0,0.0,0.0
2025/12/12,13:34:46,0,45.0,216.0,254.0,259.0,0.0,221.0,2.0,1.0,0.0,0.0,0.0,0.0
2025/12/12,13:34:51,0,42.0,209.0,251.0,259.0,9.0,220.0,3.0,3.0,0.0,0.0,0.0,0.0
2025/12/12,13:34:56,0,44.0,210.0,254.0,258.0,1.0,218.0,1.0,1.0,0.0,0.0,0.0,0.0
2025/12/12,13:35:01,0,44.0,203.0,252.0,259.0,14.0,221.0,2.0,3.0,0.0,0.0,0.0,0.0
2025/12/12,13:35:06,0,45.0,226.0,254.0,258.0,1.0,221.0,2.0,2.0,0.0,0.0,0.0,0.0
2025/12/12,13:35:11,0,45.0,209.0,252.0,259.0,13.0,221.0,3.0,3.0,0.0,0.0,0.0,0.0
2025/12/12,13:35:16,0,45.0,218.0,251.0,259.0,0.0,220.0,1.0,1.0,0.0,0.0,0.0,0.0
2025/12/12,13:35:21,0,41.0,207.0,253.0,259.0,10.0,221.0,2.0,3.0,0.0,0.0,0.0,0.0
2025/12/12,13:35:26,0,43.0,205.0,251.0,259.0,12.0,221.0,3.0,3.0,0.0,0.0,0.0,0.0
2025/12/12,13:35:31,0,43.0,223.0,255.0,259.0,0.0,220.0,1.0,1.0,0.0,0.0,0.0,0.0
2025/12/12,13:35:36,0,44.0,202.0,252.0,258.0,15.0,220.0,3.0,4.0,0.0,0.0,0.0,0.0
2025/12/12,13:35:41,0,44.0,209.0,254.0,258.0,2.0,221.0,2.0,2.0,0.0,0.0,0.0,0.0
2025/12/12,13:35:46,0,42.0,211.0,254.0,258.0,9.0,219.0,3.0,2.0,0.0,0.0,0.0,0.0
2025/12/12,13:35:51,0,44.0,209.0,255.0,258.0,0.0,219.0,1.0,1.0,0.0,0.0,0.0,0.0
2025/12/12,13:35:56,0,45.0,201.0,250.0,259.0,13.0,221.0,3.0,3.0,0.0,0.0,0.0,0.0
2025/12/12,13:36:01,0,43.0,217.0,255.0,258.0,0.0,220.0,2.0,1.0,0.0,0.0,0.0,0.0
2025/12/12,13:36:06,0,44.0,212.0,253.0,259.0,13.0,220.0,3.0,3.0,0.0,0.0,0.0,0.0
2025/12/12,13:36:11,0,42.0,222.0,255.0,259.0,0.0,219.0,1.0,1.0,0.0,0.0,0.0,0.0
2025/12/12,13:36:16,0,43.0,209.0,254.0,259.0,4.0,220.0,1.0,2.0,0.0,0.0,0.0,0.0
2025/12/12,13:36:21,0,46.0,204.0,254.0,257.0,14.0,220.0,3.0,3.0,0.0,0.0,0.0,0.0
2025/12/12,13:36:26,0,46.0,213.0,255.0,258.0,0.0,219.0,1.0,0.0,0.0,0.0,0.0,0.0
2025/12/12,13:36:31,0,47.0,200.0,253.0,259.0,15.0,221.0,3.0,3.0,0.0,0.0,0.0,0.0
2025/12/12,13:36:36,0,47.0,207.0,252.0,259.0,2.0,220.0,1.0,2.0,0.0,0.0,0.0,0.0
2025/12/12,13:36:41,0,45.0,216.0,253.0,259.0,7.0,221.0,3.0,2.0,0.0,0.0,0.0,0.0
2025/12/12,13:36:46,0,48.0,209.0,254.0,259.0,4.0,219.0,2.0,1.0,0.0,0.0,0.0,0.0
2025/12/12,13:36:51,0,48.0,201.0,253.0,259.0,17.0,219.0,4.0,4.0,0.0,0.0,0.0,0.0
2025/12/12,13:36:56,0,49.0,221.0,255.0,259.0,0.0,221.0,2.0,1.0,0.0,0.0,0.0,0.0
2025/12/12,13:37:01,0,48.0,209.0,252.0,258.0,14.0,221.0,4.0,3.0,0.0,0.0,0.0,0.0
2025/12/12,13:37:06,0,48.0,210.0,253.0,259.0,9.0,222.0,3.0,3.0,0.0,0.0,0.0,0.0
2025/12/12,13:37:11,0,50.0,218.0,253.0,259.0,0.0,220.0,1.0,1.0,0.0,0.0,0.0,0.0
2025/12/12,13:37:16,0,50.0,210.0,254.0,259.0,14.0,221.0,3.0,3.0,0.0,0.0,0.0,0.0
2025/12/12,13:37:21,0,49.0,221.0,256.0,257.0,0.0,221.0,2.0,1.0,0.0,0.0,0.0,0.0
2025/12/12,13:37:26,0,47.0,214.0,253.0,258.0,14.0,220.0,3.0,3.0,0.0,0.0,0.0,0.0
2025/12/12,13:37:31,0,50.0,218.0,255.0,257.0,0.0,220.0,2.0,1.0,0.0,0.0,0.0,0.0
2025/12/12,13:37:36,0,51.0,220.0,255.0,258.0,1.0,220.0,1.0,1.0,0.0,0.0,0.0,0.0
2025/12/12,13:37:41,0,47.0,209.0,254.0,259.0,8.0,220.0,3.0,3.0,0.0,0.0,0.0,0.0
2025/12/12,13:37:46,0,46.0,211.0,254.0,258.0,10.0,220.0,3.0,2.0,0.0,0.0,0.0,0.0
2025/12/12,13:37:51,0,47.0,224.0,255.0,258.0,3.0,220.0,0.0,0.0,0.0,0.0,0.0,0.0
2025/12/12,13:37:56,0,50.0,220.0,256.0,259.0,0.0,219.0,2.0,1.0,0.0,0.0,0.0,0.0
2025/12/12,13:38:01,0,50.0,230.0,256.0,259.0,0.0,219.0,2.0,1.0,0.0,0.0,0.0,0.0
2025/12/12,13:38:06,0,48.0,206.0,252.0,259.0,12.0,221.0,4.0,3.0,0.0,0.0,0.0,0.0
2025/12/12,13:38:11,0,48.0,211.0,255.0,263.0,0.0,220.0,1.0,1.0,0.0,0.0,0.0,0.0
2025/12/12,13:38:16,0,49.0,205.0,254.0,257.0,16.0,219.0,4.0,2.0,0.0,0.0,0.0,0.0
2025/12/12,13:38:21,0,46.0,209.0,252.0,258.0,6.0,220.0,2.0,1.0,0.0,0.0,0.0,0.0
2025/12/12,13:38:26,0,48.0,216.0,255.0,259.0,6.0,220.0,2.0,2.0,0.0,0.0,0.0,0.0
2025/12/12,13:38:31,0,48.0,206.0,253.0,259.0,11.0,220.0,2.0,3.0,0.0,0.0,0.0,0.0
2025/12/12,13:38:36,0,52.0,222.0,256.0,258.0,2.0,222.0,2.0,2.0,0.0,0.0,0.0,0.0
2025/12/12,13:38:41,0,47.0,206.0,253.0,259.0,12.0,219.0,3.0,3.0,0.0,0.0,0.0,0.0
2025/12/12,13:38:46,0,48.0,216.0,255.0,258.0,5.0,220.0,3.0,1.0,0.0,0.0,0.0,0.0
2025/12/12,13:38:51,0,47.0,209.0,255.0,259.0,0.0,219.0,2.0,1.0,0.0,0.0,0.0,0.0
2025/12/12,13:38:56,0,48.0,207.0,254.0,259.0,14.0,220.0,4.0,3.0,0.0,0.0,0.0,0.0
2025/12/12,13:39:01,0,48.0,222.0,255.0,259.0,0.0,220.0,2.0,1.0,0.0,0.0,0.0,0.0
2025/12/12,13:39:06,0,49.0,209.0,256.0,259.0,0.0,220.0,1.0,1.0,0.0,0.0,0.0,0.0
2025/12/12,13:39:11,0,48.0,205.0,253.0,259.0,15.0,220.0,3.0,3.0,0.0,0.0,0.0,0.0
2025/12/12,13:39:16,0,48.0,216.0,254.0,259.0,0.0,221.0,1.0,1.0,0.0,0.0,0.0,0.0
2025/12/12,13:39:21,0,48.0,205.0,253.0,259.0,15.0,219.0,3.0,3.0,0.0,0.0,0.0,0.0
2025/12/12,13:39:26,0,48.0,216.0,256.0,259.0,0.0,220.0,2.0,1.0,0.0,0.0,0.0,0.0
2025/12/12,13:39:31,0,48.0,201.0,254.0,260.0,14.0,220.0,3.0,3.0,0.0,0.0,0.0,0.0
2025/12/12,13:39:36,0,47.0,207.0,255.0,259.0,0.0,220.0,1.0,0.0,0.0,0.0,0.0,0.0
2025/12/12,13:39:41,0,48.0,220.0,256.0,259.0,3.0,220.0,1.0,1.0,0.0,0.0,0.0,0.0
2025/12/12,13:39:46,0,47.0,210.0,251.0,259.0,13.0,220.0,3.0,2.0,0.0,0.0,0.0,0.0
2025/12/12,13:39:51,0,48.0,219.0,256.0,259.0,0.0,220.0,2.0,1.0,0.0,0.0,0.0,0.0
2025/12/12,13:39:56,0,46.0,210.0,256.0,256.0,7.0,220.0,3.0,3.0,0.0,0.0,0.0,0.0
2025/12/12,13:40:01,0,50.0,215.0,251.0,259.0,13.0,221.0,3.0,3.0,0.0,0.0,0.0,0.0
2025/12/12,13:40:06,0,47.0,214.0,256.0,257.0,0.0,219.0,1.0,1.0,0.0,0.0,0.0,0.0
2025/12/12,13:40:11,0,48.0,211.0,255.0,259.0,7.0,220.0,2.0,2.0,0.0,0.0,0.0,0.0
2025/12/12,13:40:16,0,47.0,209.0,254.0,258.0,14.0,220.0,3.0,3.0,0.0,0.0,0.0,0.0
2025/12/12,13:40:21,0,47.0,220.0,256.0,259.0,0.0,220.0,1.0,1.0,0.0,0.0,0.0,0.0
2025/12/12,13:40:26,0,47.0,201.0,257.0,259.0,11.0,220.0,2.0,3.0,0.0,0.0,0.0,0.0
2025/12/12,13:40:31,0,47.0,206.0,255.0,259.0,6.0,220.0,2.0,2.0,0.0,0.0,0.0,0.0
2025/12/12,13:40:36,0,51.0,227.0,253.0,260.0,0.0,221.0,1.0,1.0,0.0,0.0,0.0,0.0
2025/12/12,13:40:41,0,47.0,207.0,254.0,258.0,14.0,219.0,3.0,3.0,0.0,0.0,0.0,0.0
2025/12/12,13:40:46,0,48.0,206.0,255.0,258.0,7.0,220.0,2.0,2.0,0.0,0.0,0.0,0.0
2025/12/12,13:40:51,0,47.0,221.0,255.0,259.0,0.0,220.0,1.0,1.0,0.0,0.0,0.0,0.0
2025/12/12,13:40:56,0,45.0,218.0,255.0,260.0,3.0,219.0,1.0,1.0,0.0,0.0,0.0,0.0
2025/12/12,13:41:01,0,47.0,207.0,255.0,258.0,14.0,219.0,3.0,3.0,0.0,0.0,0.0,0.0
2025/12/12,13:41:06,0,48.0,207.0,255.0,259.0,8.0,220.0,2.0,2.0,0.0,0.0,0.0,0.0
2025/12/12,13:41:11,0,46.0,218.0,256.0,259.0,1.0,219.0,2.0,1.0,0.0,0.0,0.0,0.0
2025/12/12,13:41:16,0,46.0,229.0,257.0,260.0,1.0,220.0,2.0,1.0,0.0,0.0,0.0,0.0
2025/12/12,13:41:21,0,43.0,218.0,256.0,259.0,4.0,220.0,1.0,2.0,0.0,0.0,0.0,0.0
2025/12/12,13:41:47,0,47.0,217.0,258.0,259.0,2.0,219.0,3.0,2.0,0.0,0.0,0.0,0.0
2025/12/12,13:41:49,0,45.0,206.0,254.0,260.0,17.0,220.0,4.0,3.0,0.0,0.0,0.0,0.0
2025/12/12,13:41:54,0,47.0,207.0,254.0,259.0,13.0,220.0,3.0,3.0,0.0,0.0,0.0,0.0
2025/12/12,13:41:59,0,44.0,207.0,254.0,259.0,13.0,220.0,3.0,3.0,0.0,0.0,0.0,0.0
2025/12/12,13:42:04,0,46.0,204.0,255.0,259.0,15.0,221.0,3.0,3.0,0.0,0.0,0.0,0.0
2025/12/12,13:42:09,0,45.0,204.0,253.0,259.0,17.0,219.0,4.0,3.0,0.0,0.0,0.0,0.0
2025/12/12,13:42:14,0,44.0,204.0,255.0,259.0,13.0,221.0,4.0,3.0,0.0,0.0,0.0,0.0
2025/12/12,13:42:19,0,46.0,205.0,254.0,259.0,12.0,221.0,3.0,3.0,0.0,0.0,0.0,0.0
2025/12/12,13:42:24,0,46.0,208.0,257.0,259.0,5.0,220.0,1.0,2.0,0.0,0.0,0.0,0.0
2025/12/12,13:42:29,0,46.0,214.0,259.0,260.0,0.0,220.0,1.0,1.0,0.0,0.0,0.0,0.0
2025/12/12,13:42:34,0,47.0,229.0,256.0,259.0,1.0,221.0,1.0,1.0,0.0,0.0,0.0,0.0
2025/12/12,13:42:39,0,45.0,218.0,257.0,259.0,3.0,221.0,2.0,2.0,0.0,0.0,0.0,0.0
2025/12/12,13:42:44,0,47.0,204.0,256.0,259.0,14.0,219.0,4.0,3.0,0.0,0.0,0.0,0.0
2025/12/12,13:42:49,0,46.0,209.0,255.0,259.0,15.0,221.0,3.0,3.0,0.0,0.0,0.0,0.0
2025/12/12,13:42:54,0,46.0,209.0,257.0,259.0,4.0,220.0,1.0,1.0,0.0,0.0,0.0,0.0
2025/12/12,13:42:59,0,45.0,217.0,258.0,259.0,0.0,218.0,2.0,0.0,0.0,0.0,0.0,0.0
2025/12/12,13:43:04,0,47.0,229.0,258.0,259.0,1.0,220.0,1.0,1.0,0.0,0.0,0.0,0.0
2025/12/12,13:43:09,0,46.0,223.0,259.0,258.0,0.0,220.0,1.0,1.0,0.0,0.0,0.0,0.0
2025/12/12,13:43:14,0,47.0,204.0,257.0,259.0,13.0,220.0,2.0,4.0,0.0,0.0,0.0,0.0
2025/12/12,13:43:19,0,46.0,214.0,257.0,259.0,13.0,220.0,1.0,3.0,0.0,0.0,0.0,0.0
2025/12/12,13:43:24,0,48.0,208.0,257.0,259.0,7.0,220.0,1.0,2.0,0.0,0.0,0.0,0.0
2025/12/12,13:43:29,0,48.0,213.0,258.0,259.0,0.0,221.0,1.0,1.0,0.0,0.0,0.0,0.0
2025/12/12,13:43:34,0,48.0,224.0,258.0,259.0,0.0,221.0,1.0,1.0,0.0,0.0,0.0,0.0
2025/12/12,13:43:39,0,46.0,225.0,258.0,259.0,1.0,220.0,1.0,1.0,0.0,0.0,0.0,0.0
2025/12/12,13:43:44,0,47.0,223.0,256.0,259.0,1.0,220.0,1.0,1.0,0.0,0.0,0.0,0.0
2025/12/12,13:43:49,0,47.0,222.0,258.0,259.0,0.0,220.0,1.0,1.0,0.0,0.0,0.0,0.0
2025/12/12,13:43:54,0,47.0,221.0,258.0,260.0,0.0,219.0,1.0,1.0,0.0,0.0,0.0,0.0
2025/12/12,13:43:59,0,47.0,219.0,257.0,259.0,0.0,220.0,1.0,1.0,0.0,0.0,0.0,0.0
2025/12/12,13:44:04,0,46.0,218.0,258.0,259.0,0.0,219.0,1.0,1.0,0.0,0.0,0.0,0.0
2025/12/12,13:44:09,0,46.0,219.0,257.0,259.0,0.0,222.0,1.0,1.0,0.0,0.0,0.0,0.0
2025/12/12,13:44:14,0,47.0,229.0,256.0,259.0,0.0,220.0,1.0,1.0,0.0,0.0,0.0,0.0
2025/12/12,13:44:19,0,46.0,215.0,255.0,259.0,8.0,220.0,2.0,2.0,0.0,0.0,0.0,0.0
2025/12/12,13:44:24,0,46.0,206.0,255.0,258.0,15.0,220.0,3.0,3.0,0.0,0.0,0.0,0.0
2025/12/12,13:44:29,0,46.0,204.0,254.0,259.0,13.0,221.0,3.0,3.0,0.0,0.0,0.0,0.0
2025/12/12,13:44:34,0,43.0,210.0,256.0,259.0,0.0,221.0,1.0,1.0,0.0,0.0,0.0,0.0
2025/12/12,13:44:39,0,46.0,221.0,255.0,259.0,0.0,220.0,1.0,1.0,0.0,0.0,0.0,0.0
2025/12/12,13:44:44,0,42.0,226.0,256.0,259.0,0.0,220.0,1.0,1.0,0.0,0.0,0.0,0.0
2025/12/12,13:44:49,0,45.0,206.0,254.0,259.0,12.0,220.0,3.0,3.0,0.0,0.0,0.0,0.0
2025/12/12,13:44:54,0,46.0,211.0,253.0,259.0,14.0,220.0,3.0,3.0,0.0,0.0,0.0,0.0
2025/12/12,13:44:59,0,50.0,223.0,253.0,259.0,0.0,220.0,1.0,1.0,0.0,0.0,0.0,0.0
2025/12/12,13:45:04,0,45.0,201.0,252.0,259.0,19.0,221.0,1.0,3.0,0.0,0.0,0.0,0.0
2025/12/12,13:45:09,0,46.0,220.0,252.0,259.0,3.0,219.0,1.0,1.0,0.0,0.0,0.0,0.0
2025/12/12,13:45:14,0,45.0,201.0,252.0,259.0,15.0,221.0,3.0,3.0,0.0,0.0,0.0,0.0
2025/12/12,13:45:19,0,47.0,202.0,254.0,258.0,15.0,220.0,3.0,3.0,0.0,0.0,0.0,0.0
2025/12/12,13:45:24,0,45.0,212.0,253.0,259.0,9.0,221.0,3.0,3.0,0.0,0.0,0.0,0.0
2025/12/12,13:45:29,0,48.0,216.0,255.0,259.0,7.0,220.0,2.0,2.0,0.0,0.0,0.0,0.0
2025/12/12,13:45:34,0,46.0,217.0,256.0,259.0,4.0,220.0,3.0,1.0,0.0,0.0,0.0,0.0
2025/12/12,13:45:39,0,48.0,220.0,255.0,259.0,3.0,220.0,1.0,1.0,0.0,0.0,0.0,0.0
2025/12/12,13:45:44,0,48.0,222.0,255.0,259.0,1.0,221.0,2.0,1.0,0.0,0.0,0.0,0.0
2025/12/12,13:45:49,0,44.0,221.0,255.0,259.0,2.0,222.0,2.0,1.0,0.0,0.0,0.0,0.0
2025/12/12,13:45:54,0,44.0,222.0,256.0,259.0,0.0,219.0,2.0,1.0,0.0,0.0,0.0,0.0
2025/12/12,13:45:59,0,45.0,201.0,254.0,259.0,15.0,220.0,3.0,3.0,0.0,0.0,0.0,0.0
2025/12/12,13:46:04,0,47.0,205.0,255.0,259.0,12.0,220.0,3.0,3.0,0.0,0.0,0.0,0.0
2025/12/12,13:46:09,0,46.0,217.0,255.0,259.0,0.0,221.0,1.0,1.0,0.0,0.0,0.0,0.0
2025/12/12,13:46:14,0,46.0,221.0,254.0,259.0,4.0,221.0,1.0,1.0,0.0,0.0,0.0,0.0
2025/12/12,13:46:19,0,45.0,205.0,254.0,259.0,14.0,220.0,3.0,3.0,0.0,0.0,0.0,0.0
2025/12/12,13:46:24,0,45.0,207.0,256.0,260.0,9.0,219.0,3.0,2.0,0.0,0.0,0.0,0.0
2025/12/12,13:46:29,0,46.0,231.0,256.0,259.0,0.0,221.0,1.0,1.0,0.0,0.0,0.0,0.0
2025/12/12,13:46:34,0,46.0,201.0,256.0,257.0,14.0,220.0,3.0,3.0,0.0,0.0,0.0,0.0
2025/12/12,13:46:39,0,45.0,212.0,256.0,257.0,12.0,220.0,3.0,3.0,0.0,0.0,0.0,0.0
2025/12/12,13:46:44,0,47.0,205.0,256.0,258.0,12.0,219.0,3.0,3.0,0.0,0.0,0.0,0.0
2025/12/12,13:46:49,0,47.0,205.0,256.0,259.0,12.0,220.0,3.0,3.0,0.0,0.0,0.0,0.0
2025/12/12,13:46:54,0,43.0,207.0,256.0,257.0,13.0,219.0,5.0,3.0,0.0,0.0,0.0,0.0
2025/12/12,13:46:59,0,45.0,204.0,256.0,259.0,11.0,221.0,4.0,3.0,0.0,0.0,0.0,0.0
2025/12/12,13:47:04,0,45.0,209.0,256.0,259.0,6.0,221.0,2.0,2.0,0.0,0.0,0.0,0.0
2025/12/12,13:47:09,0,46.0,210.0,257.0,259.0,0.0,220.0,1.0,1.0,0.0,0.0,0.0,0.0
2025/12/12,13:47:14,0,51.0,211.0,257.0,259.0,0.0,220.0,0.0,1.0,0.0,0.0,0.0,0.0
2025/12/12,13:47:19,0,46.0,211.0,256.0,260.0,1.0,220.0,1.0,1.0,0.0,0.0,0.0,0.0
2025/12/12,13:47:24,0,49.0,211.0,259.0,258.0,0.0,222.0,1.0,1.0,0.0,0.0,0.0,0.0
2025/12/12,13:47:29,0,49.0,209.0,256.0,259.0,3.0,220.0,0.0,1.0,0.0,0.0,0.0,0.0
2025/12/12,13:47:34,0,46.0,209.0,257.0,259.0,4.0,221.0,2.0,2.0,0.0,0.0,0.0,0.0
2025/12/12,13:47:39,0,49.0,208.0,259.0,259.0,3.0,220.0,2.0,2.0,0.0,0.0,0.0,0.0
2025/12/12,13:47:44,0,48.0,208.0,258.0,259.0,5.0,221.0,2.0,2.0,0.0,0.0,0.0,0.0
2025/12/12,13:47:49,0,45.0,207.0,258.0,259.0,10.0,220.0,3.0,2.0,0.0,0.0,0.0,0.0
2025/12/12,13:47:54,0,47.0,212.0,255.0,259.0,15.0,221.0,3.0,3.0,0.0,0.0,0.0,0.0
2025/12/12,13:47:59,0,47.0,201.0,258.0,259.0,16.0,220.0,3.0,4.0,0.0,0.0,0.0,0.0
2025/12/12,13:48:04,0,47.0,219.0,259.0,259.0,2.0,221.0,2.0,1.0,0.0,0.0,0.0,0.0
2025/12/12,13:48:09,0,47.0,223.0,259.0,259.0,1.0,221.0,2.0,1.0,0.0,0.0,0.0,0.0
2025/12/12,13:48:14,0,43.0,209.0,257.0,259.0,3.0,220.0,1.0,2.0,0.0,0.0,0.0,0.0
2025/12/12,13:48:19,0,44.0,210.0,258.0,259.0,12.0,220.0,2.0,3.0,0.0,0.0,0.0,0.0
2025/12/12,13:48:24,0,45.0,218.0,259.0,258.0,4.0,218.0,3.0,2.0,0.0,0.0,0.0,0.0
2025/12/12,13:48:29,0,46.0,220.0,261.0,258.0,0.0,221.0,2.0,1.0,0.0,0.0,0.0,0.0
2025/12/12,13:48:34,0,43.0,208.0,258.0,259.0,7.0,220.0,2.0,2.0,0.0,0.0,0.0,0.0
2025/12/12,13:48:39,0,45.0,208.0,259.0,259.0,13.0,221.0,3.0,3.0,0.0,0.0,0.0,0.0
2025/12/12,13:48:44,0,44.0,218.0,260.0,259.0,2.0,219.0,2.0,1.0,0.0,0.0,0.0,0.0
2025/12/12,13:48:49,0,45.0,217.0,260.0,259.0,0.0,219.0,2.0,1.0,0.0,0.0,0.0,0.0
2025/12/12,13:48:54,0,46.0,209.0,260.0,260.0,0.0,220.0,1.0,1.0,0.0,0.0,0.0,0.0
2025/12/12,13:48:59,0,46.0,208.0,260.0,258.0,2.0,220.0,0.0,1.0,0.0,0.0,0.0,0.0
2025/12/12,13:49:04,0,45.0,211.0,260.0,259.0,0.0,220.0,1.0,0.0,0.0,0.0,0.0,0.0
2025/12/12,13:49:09,0,44.0,218.0,260.0,259.0,2.0,220.0,1.0,1.0,0.0,0.0,0.0,0.0
2025/12/12,13:49:14,0,46.0,228.0,261.0,258.0,0.0,220.0,1.0,1.0,0.0,0.0,0.0,0.0
2025/12/12,13:49:19,0,45.0,205.0,259.0,259.0,12.0,221.0,2.0,3.0,0.0,0.0,0.0,0.0
2025/12/12,13:49:24,0,45.0,212.0,255.0,259.0,14.0,220.0,3.0,3.0,0.0,0.0,0.0,0.0
2025/12/12,13:49:29,0,46.0,208.0,261.0,258.0,0.0,222.0,1.0,1.0,0.0,0.0,0.0,0.0
2025/12/12,13:49:34,0,45.0,222.0,261.0,260.0,1.0,220.0,1.0,1.0,0.0,0.0,0.0,0.0
2025/12/12,13:49:39,0,48.0,222.0,261.0,259.0,1.0,220.0,1.0,1.0,0.0,0.0,0.0,0.0
2025/12/12,13:49:44,0,47.0,206.0,259.0,260.0,15.0,220.0,3.0,3.0,0.0,0.0,0.0,0.0
2025/12/12,13:49:49,0,46.0,208.0,259.0,257.0,14.0,220.0,3.0,3.0,0.0,0.0,0.0,0.0
2025/12/12,13:49:54,0,41.0,205.0,259.0,259.0,12.0,221.0,3.0,3.0,0.0,0.0,0.0,0.0
2025/12/12,13:49:59,0,44.0,212.0,261.0,259.0,0.0,219.0,2.0,1.0,0.0,0.0,0.0,0.0
2025/12/12,13:50:04,0,44.0,218.0,260.0,259.0,7.0,220.0,3.0,2.0,0.0,0.0,0.0,0.0
2025/12/12,13:50:09,0,44.0,211.0,260.0,261.0,14.0,219.0,4.0,3.0,0.0,0.0,0.0,0.0
2025/12/12,13:50:14,0,42.0,209.0,261.0,258.0,0.0,221.0,1.0,1.0,0.0,0.0,0.0,0.0
2025/12/12,13:50:19,0,41.0,230.0,261.0,260.0,1.0,220.0,2.0,1.0,0.0,0.0,0.0,0.0
2025/12/12,13:50:24,0,40.0,201.0,259.0,259.0,14.0,221.0,5.0,3.0,0.0,0.0,0.0,0.0
2025/12/12,13:50:29,0,39.0,204.0,259.0,259.0,12.0,220.0,3.0,3.0,0.0,0.0,0.0,0.0
2025/12/12,13:50:34,0,42.0,218.0,261.0,259.0,0.0,222.0,2.0,1.0,0.0,0.0,0.0,0.0
2025/12/12,13:50:39,0,41.0,213.0,260.0,259.0,7.0,220.0,3.0,4.0,0.0,0.0,0.0,0.0
2025/12/12,13:50:44,0,42.0,214.0,258.0,259.0,13.0,220.0,3.0,3.0,0.0,0.0,0.0,0.0
2025/12/12,13:50:49,0,42.0,214.0,261.0,260.0,0.0,219.0,2.0,0.0,0.0,0.0,0.0,0.0
2025/12/12,13:50:54,0,45.0,219.0,258.0,260.0,4.0,221.0,2.0,2.0,0.0,0.0,0.0,0.0
2025/12/12,13:50:59,0,43.0,211.0,258.0,259.0,13.0,219.0,4.0,3.0,0.0,0.0,0.0,0.0
2025/12/12,13:51:04,0,43.0,215.0,262.0,259.0,0.0,220.0,2.0,1.0,0.0,0.0,0.0,0.0
2025/12/12,13:51:09,0,42.0,201.0,257.0,258.0,14.0,220.0,4.0,3.0,0.0,0.0,0.0,0.0
2025/12/12,13:51:14,0,41.0,210.0,261.0,259.0,4.0,221.0,1.0,1.0,0.0,0.0,0.0,0.0
2025/12/12,13:51:19,0,42.0,223.0,261.0,259.0,0.0,220.0,1.0,1.0,0.0,0.0,0.0,0.0
2025/12/12,13:51:24,0,43.0,211.0,260.0,258.0,13.0,220.0,3.0,2.0,0.0,0.0,0.0,0.0
2025/12/12,13:51:29,0,42.0,219.0,260.0,259.0,1.0,221.0,1.0,1.0,0.0,0.0,0.0,0.0
2025/12/12,13:51:44,0,45.0,217.0,260.0,260.0,3.0,221.0,2.0,1.0,0.0,0.0,0.0,0.0
2025/12/12,13:51:48,0,43.0,206.0,259.0,259.0,14.0,221.0,3.0,3.0,0.0,0.0,0.0,0.0
2025/12/12,13:51:53,0,41.0,227.0,262.0,259.0,0.0,220.0,2.0,1.0,0.0,0.0,0.0,0.0
2025/12/12,13:51:58,0,42.0,212.0,257.0,259.0,14.0,221.0,3.0,3.0,0.0,0.0,0.0,0.0
2025/12/12,13:52:03,0,40.0,227.0,261.0,259.0,0.0,219.0,2.0,1.0,0.0,0.0,0.0,0.0
2025/12/12,13:52:08,0,41.0,213.0,258.0,259.0,14.0,222.0,4.0,3.0,0.0,0.0,0.0,0.0
2025/12/12,13:52:13,0,40.0,222.0,262.0,260.0,0.0,221.0,2.0,1.0,0.0,0.0,0.0,0.0
2025/12/12,13:52:18,0,40.0,208.0,260.0,259.0,13.0,220.0,3.0,3.0,0.0,0.0,0.0,0.0
2025/12/12,13:52:23,0,42.0,215.0,262.0,259.0,0.0,220.0,1.0,1.0,0.0,0.0,0.0,0.0
2025/12/12,13:52:28,0,40.0,211.0,261.0,258.0,12.0,220.0,3.0,3.0,0.0,0.0,0.0,0.0
2025/12/12,13:52:33,0,42.0,209.0,260.0,259.0,13.0,221.0,3.0,3.0,0.0,0.0,0.0,0.0
2025/12/12,13:52:38,0,41.0,213.0,262.0,259.0,0.0,220.0,1.0,0.0,0.0,0.0,0.0,0.0
2025/12/12,13:52:43,0,43.0,223.0,263.0,260.0,1.0,220.0,3.0,1.0,0.0,0.0,0.0,0.0
2025/12/12,13:52:48,0,43.0,204.0,259.0,259.0,15.0,221.0,3.0,3.0,0.0,0.0,0.0,0.0
2025/12/12,13:52:53,0,43.0,206.0,262.0,260.0,13.0,219.0,3.0,3.0,0.0,0.0,0.0,0.0
2025/12/12,13:52:58,0,44.0,212.0,263.0,259.0,0.0,221.0,0.0,1.0,0.0,0.0,0.0,0.0
2025/12/12,13:53:03,0,45.0,233.0,261.0,259.0,3.0,221.0,2.0,1.0,0.0,0.0,0.0,0.0
2025/12/12,13:53:08,0,44.0,214.0,263.0,259.0,9.0,220.0,3.0,3.0,0.0,0.0,0.0,0.0
2025/12/12,13:53:13,0,45.0,211.0,259.0,260.0,15.0,221.0,3.0,3.0,0.0,0.0,0.0,0.0
2025/12/12,13:53:18,0,42.0,207.0,263.0,259.0,1.0,219.0,2.0,1.0,0.0,0.0,0.0,0.0
2025/12/12,13:53:23,0,44.0,231.0,263.0,259.0,0.0,221.0,2.0,1.0,0.0,0.0,0.0,0.0
2025/12/12,13:53:28,0,45.0,203.0,262.0,258.0,15.0,220.0,3.0,3.0,0.0,0.0,0.0,0.0
2025/12/12,13:53:33,0,45.0,212.0,261.0,260.0,11.0,221.0,4.0,3.0,0.0,0.0,0.0,0.0
2025/12/12,13:53:38,0,47.0,211.0,262.0,259.0,0.0,220.0,0.0,1.0,0.0,0.0,0.0,0.0
2025/12/12,13:53:43,0,44.0,222.0,263.0,260.0,1.0,220.0,1.0,1.0,0.0,0.0,0.0,0.0
2025/12/12,13:53:48,0,43.0,217.0,263.0,259.0,5.0,220.0,2.0,2.0,0.0,0.0,0.0,0.0
2025/12/12,13:53:53,0,43.0,204.0,259.0,260.0,15.0,221.0,4.0,3.0,0.0,0.0,0.0,0.0
2025/12/12,13:53:58,0,43.0,204.0,261.0,259.0,12.0,220.0,4.0,3.0,0.0,0.0,0.0,0.0
2025/12/12,13:54:03,0,44.0,215.0,264.0,260.0,0.0,220.0,2.0,0.0,0.0,0.0,0.0,0.0
2025/12/12,13:54:08,0,45.0,220.0,261.0,259.0,4.0,221.0,2.0,1.0,0.0,0.0,0.0,0.0
2025/12/12,13:54:13,0,44.0,211.0,260.0,259.0,14.0,219.0,3.0,3.0,0.0,0.0,0.0,0.0
2025/12/12,13:54:18,0,43.0,221.0,263.0,259.0,0.0,220.0,2.0,1.0,0.0,0.0,0.0,0.0
2025/12/12,13:54:23,0,46.0,204.0,260.0,260.0,16.0,222.0,4.0,3.0,0.0,0.0,0.0,0.0
2025/12/12,13:54:28,0,46.0,211.0,263.0,259.0,0.0,221.0,1.0,1.0,0.0,0.0,0.0,0.0
2025/12/12,13:54:33,0,45.0,200.0,261.0,260.0,15.0,221.0,3.0,3.0,0.0,0.0,0.0,0.0
2025/12/12,13:54:38,0,45.0,215.0,264.0,260.0,0.0,219.0,2.0,1.0,0.0,0.0,0.0,0.0
2025/12/12,13:54:43,0,46.0,210.0,259.0,260.0,12.0,221.0,3.0,3.0,0.0,0.0,0.0,0.0
2025/12/12,13:54:48,0,48.0,220.0,262.0,259.0,2.0,220.0,2.0,1.0,0.0,0.0,0.0,0.0
2025/12/12,13:54:53,0,46.0,220.0,262.0,259.0,0.0,220.0,1.0,1.0,0.0,0.0,0.0,0.0
2025/12/12,13:54:58,0,50.0,208.0,260.0,259.0,7.0,221.0,1.0,2.0,0.0,0.0,0.0,0.0
2025/12/12,13:55:03,0,46.0,211.0,260.0,260.0,16.0,220.0,3.0,3.0,0.0,0.0,0.0,0.0
2025/12/12,13:55:08,0,48.0,220.0,261.0,259.0,0.0,221.0,1.0,1.0,0.0,0.0,0.0,0.0
2025/12/12,13:55:13,0,47.0,212.0,259.0,259.0,2.0,222.0,1.0,0.0,0.0,0.0,0.0,0.0
2025/12/12,13:55:18,0,47.0,204.0,259.0,259.0,11.0,220.0,2.0,2.0,0.0,0.0,0.0,0.0
2025/12/12,13:55:23,0,48.0,204.0,259.0,260.0,14.0,221.0,3.0,3.0,0.0,0.0,0.0,0.0
2025/12/12,13:55:28,0,43.0,230.0,262.0,259.0,0.0,220.0,2.0,2.0,0.0,0.0,0.0,0.0
2025/12/12,13:55:33,0,46.0,207.0,257.0,260.0,20.0,222.0,4.0,3.0,0.0,0.0,0.0,0.0
2025/12/12,13:55:38,0,46.0,228.0,261.0,260.0,0.0,219.0,2.0,0.0,0.0,0.0,0.0,0.0
2025/12/12,13:55:43,0,45.0,211.0,258.0,259.0,14.0,221.0,3.0,3.0,0.0,0.0,0.0,0.0
2025/12/12,13:55:48,0,45.0,224.0,262.0,259.0,1.0,220.0,2.0,1.0,0.0,0.0,0.0,0.0
2025/12/12,13:55:53,0,45.0,210.0,260.0,259.0,14.0,222.0,3.0,3.0,0.0,0.0,0.0,0.0
2025/12/12,13:55:58,0,44.0,227.0,261.0,259.0,1.0,221.0,2.0,1.0,0.0,0.0,0.0,0.0
2025/12/12,13:56:03,0,44.0,213.0,260.0,259.0,15.0,222.0,4.0,3.0,0.0,0.0,0.0,0.0
2025/12/12,13:56:08,0,45.0,222.0,263.0,259.0,0.0,219.0,1.0,1.0,0.0,0.0,0.0,0.0
2025/12/12,13:56:13,0,46.0,208.0,260.0,260.0,11.0,219.0,3.0,2.0,0.0,0.0,0.0,0.0
2025/12/12,13:56:18,0,40.0,218.0,262.0,258.0,6.0,220.0,1.0,2.0,0.0,0.0,0.0,0.0
2025/12/12,13:56:23,0,46.0,208.0,262.0,260.0,5.0,220.0,1.0,1.0,0.0,0.0,0.0,0.0
2025/12/12,13:56:28,0,45.0,207.0,260.0,259.0,15.0,220.0,3.0,3.0,0.0,0.0,0.0,0.0
2025/12/12,13:56:33,0,44.0,221.0,262.0,259.0,0.0,221.0,2.0,1.0,0.0,0.0,0.0,0.0
2025/12/12,13:56:38,0,46.0,207.0,260.0,260.0,13.0,219.0,3.0,3.0,0.0,0.0,0.0,0.0
2025/12/12,13:56:43,0,46.0,209.0,262.0,260.0,12.0,221.0,4.0,2.0,0.0,0.0,0.0,0.0
2025/12/12,13:56:48,0,43.0,221.0,263.0,259.0,0.0,220.0,2.0,1.0,0.0,0.0,0.0,0.0
2025/12/12,13:56:53,0,45.0,212.0,261.0,259.0,15.0,220.0,4.0,3.0,0.0,0.0,0.0,0.0
2025/12/12,13:56:58,0,44.0,226.0,264.0,260.0,0.0,221.0,1.0,1.0,0.0,0.0,0.0,0.0
2025/12/12,13:57:03,0,44.0,204.0,262.0,259.0,12.0,220.0,2.0,3.0,0.0,0.0,0.0,0.0
2025/12/12,13:57:08,0,40.0,217.0,264.0,258.0,5.0,222.0,3.0,3.0,0.0,0.0,0.0,0.0
2025/12/12,13:57:13,0,42.0,211.0,263.0,259.0,0.0,220.0,0.0,1.0,0.0,0.0,0.0,0.0
2025/12/12,13:57:18,0,44.0,207.0,261.0,259.0,15.0,221.0,3.0,3.0,0.0,0.0,0.0,0.0
2025/12/12,13:57:23,0,44.0,222.0,264.0,260.0,0.0,220.0,2.0,1.0,0.0,0.0,0.0,0.0
2025/12/12,13:57:28,0,45.0,213.0,264.0,259.0,0.0,220.0,1.0,1.0,0.0,0.0,0.0,0.0
2025/12/12,13:57:33,0,46.0,211.0,260.0,260.0,16.0,220.0,3.0,3.0,0.0,0.0,0.0,0.0
2025/12/12,13:57:38,0,43.0,219.0,264.0,260.0,4.0,220.0,1.0,2.0,0.0,0.0,0.0,0.0
2025/12/12,13:57:43,0,47.0,222.0,265.0,258.0,0.0,221.0,2.0,1.0,0.0,0.0,0.0,0.0
2025/12/12,13:57:48,0,46.0,210.0,264.0,258.0,4.0,220.0,2.0,2.0,0.0,0.0,0.0,0.0
2025/12/12,13:57:53,0,47.0,208.0,262.0,260.0,15.0,222.0,3.0,3.0,0.0,0.0,0.0,0.0
2025/12/12,13:57:58,0,48.0,224.0,265.0,260.0,0.0,220.0,2.0,0.0,0.0,0.0,0.0,0.0
2025/12/12,13:58:03,0,48.0,209.0,263.0,260.0,3.0,221.0,2.0,2.0,0.0,0.0,0.0,0.0
2025/12/12,13:58:08,0,46.0,201.0,263.0,259.0,15.0,221.0,3.0,3.0,0.0,0.0,0.0,0.0
2025/12/12,13:58:13,0,46.0,214.0,265.0,259.0,0.0,221.0,1.0,1.0,0.0,0.0,0.0,0.0
2025/12/12,13:58:18,0,46.0,207.0,264.0,259.0,14.0,221.0,3.0,3.0,0.0,0.0,0.0,0.0
2025/12/12,13:58:23,0,46.0,210.0,266.0,260.0,0.0,220.0,2.0,1.0,0.0,0.0,0.0,0.0
2025/12/12,13:58:28,0,44.0,208.0,264.0,260.0,15.0,220.0,3.0,3.0,0.0,0.0,0.0,0.0
2025/12/12,13:58:33,0,46.0,231.0,265.0,260.0,1.0,221.0,1.0,1.0,0.0,0.0,0.0,0.0
2025/12/12,13:58:38,0,47.0,209.0,266.0,258.0,6.0,222.0,1.0,2.0,0.0,0.0,0.0,0.0
2025/12/12,13:58:43,0,46.0,204.0,264.0,259.0,15.0,221.0,3.0,3.0,0.0,0.0,0.0,0.0
2025/12/12,13:58:48,0,47.0,223.0,266.0,260.0,0.0,221.0,1.0,1.0,0.0,0.0,0.0,0.0
2025/12/12,13:58:53,0,45.0,210.0,264.0,259.0,14.0,221.0,2.0,3.0,0.0,0.0,0.0,0.0
2025/12/12,13:58:58,0,46.0,225.0,266.0,259.0,0.0,221.0,1.0,1.0,0.0,0.0,0.0,0.0
2025/12/12,13:59:03,0,46.0,210.0,265.0,260.0,14.0,220.0,3.0,3.0,0.0,0.0,0.0,0.0
2025/12/12,13:59:08,0,48.0,219.0,263.0,260.0,1.0,220.0,2.0,1.0,0.0,0.0,0.0,0.0
2025/12/12,13:59:13,0,46.0,202.0,264.0,259.0,14.0,220.0,3.0,3.0,0.0,0.0,0.0,0.0
2025/12/12,13:59:18,0,45.0,208.0,265.0,260.0,0.0,221.0,2.0,0.0,0.0,0.0,0.0,0.0
2025/12/12,13:59:23,0,46.0,201.0,262.0,260.0,17.0,219.0,5.0,3.0,0.0,0.0,0.0,0.0
2025/12/12,13:59:28,0,46.0,210.0,265.0,259.0,0.0,222.0,1.0,1.0,0.0,0.0,0.0,0.0
2025/12/12,13:59:33,0,47.0,217.0,264.0,259.0,5.0,220.0,2.0,2.0,0.0,0.0,0.0,0.0
2025/12/12,13:59:38,0,47.0,203.0,263.0,258.0,12.0,220.0,3.0,3.0,0.0,0.0,0.0,0.0
2025/12/12,13:59:43,0,45.0,229.0,263.0,260.0,1.0,221.0,2.0,1.0,0.0,0.0,0.0,0.0
2025/12/12,13:59:48,0,43.0,204.0,261.0,260.0,15.0,221.0,3.0,3.0,0.0,0.0,0.0,0.0
2025/12/12,13:59:53,0,42.0,212.0,264.0,259.0,0.0,221.0,1.0,1.0,0.0,0.0,0.0,0.0
2025/12/12,13:59:58,0,43.0,215.0,264.0,260.0,6.0,221.0,2.0,2.0,0.0,0.0,0.0,0.0
2025/12/12,14:00:03,0,44.0,207.0,262.0,260.0,11.0,221.0,3.0,3.0,0.0,0.0,0.0,0.0
2025/12/12,14:00:08,0,44.0,229.0,263.0,259.0,0.0,221.0,2.0,1.0,0.0,0.0,0.0,0.0
2025/12/12,14:00:13,0,43.0,206.0,262.0,259.0,15.0,221.0,3.0,3.0,0.0,0.0,0.0,0.0
2025/12/12,14:00:18,0,42.0,210.0,263.0,259.0,0.0,222.0,0.0,1.0,0.0,0.0,0.0,0.0
2025/12/12,14:00:23,0,49.0,229.0,260.0,258.0,1.0,220.0,2.0,1.0,0.0,0.0,0.0,0.0
2025/12/12,14:00:28,0,44.0,205.0,262.0,259.0,15.0,221.0,3.0,3.0,0.0,0.0,0.0,0.0
2025/12/12,14:00:33,0,44.0,214.0,263.0,259.0,0.0,220.0,1.0,0.0,0.0,0.0,0.0,0.0
2025/12/12,14:00:38,0,43.0,203.0,261.0,260.0,13.0,222.0,3.0,4.0,0.0,0.0,0.0,0.0
2025/12/12,14:00:43,0,44.0,210.0,263.0,259.0,1.0,220.0,1.0,1.0,0.0,0.0,0.0,0.0
2025/12/12,14:00:48,0,47.0,212.0,263.0,258.0,12.0,220.0,3.0,2.0,0.0,0.0,0.0,0.0
2025/12/12,14:00:53,0,45.0,210.0,263.0,259.0,4.0,221.0,2.0,2.0,0.0,0.0,0.0,0.0
2025/12/12,14:00:58,0,47.0,207.0,262.0,259.0,11.0,221.0,3.0,3.0,0.0,0.0,0.0,0.0
2025/12/12,14:01:03,0,48.0,211.0,262.0,260.0,5.0,222.0,2.0,2.0,0.0,0.0,0.0,0.0
2025/12/12,14:01:08,0,47.0,216.0,262.0,260.0,10.0,222.0,3.0,2.0,0.0,0.0,0.0,0.0
2025/12/12,14:01:13,0,47.0,206.0,262.0,259.0,14.0,220.0,3.0,3.0,0.0,0.0,0.0,0.0
2025/12/12,14:01:18,0,46.0,224.0,264.0,259.0,0.0,219.0,1.0,1.0,0.0,0.0,0.0,0.0
2025/12/12,14:01:23,0,47.0,214.0,262.0,259.0,14.0,221.0,2.0,3.0,0.0,0.0,0.0,0.0
2025/12/12,14:01:28,0,45.0,225.0,265.0,260.0,0.0,219.0,2.0,1.0,0.0,0.0,0.0,0.0
2025/12/12,14:01:33,0,45.0,204.0,260.0,260.0,16.0,221.0,3.0,3.0,0.0,0.0,0.0,0.0
2025/12/12,14:01:38,0,47.0,209.0,263.0,259.0,2.0,220.0,1.0,1.0,0.0,0.0,0.0,0.0
2025/12/12,14:02:34,0,43.0,216.0,263.0,260.0,9.0,221.0,2.0,2.0,0.0,0.0,0.0,0.0
2025/12/12,14:02:38,0,45.0,205.0,263.0,260.0,15.0,221.0,3.0,3.0,0.0,0.0,0.0,0.0
2025/12/12,14:02:43,0,49.0,208.0,263.0,259.0,3.0,221.0,1.0,1.0,0.0,0.0,0.0,0.0
2025/12/12,14:02:48,0,45.0,224.0,266.0,258.0,1.0,220.0,1.0,1.0,0.0,0.0,0.0,0.0
2025/12/12,14:02:53,0,46.0,210.0,263.0,259.0,16.0,219.0,3.0,3.0,0.0,0.0,0.0,0.0
2025/12/12,14:02:58,0,45.0,222.0,266.0,259.0,0.0,221.0,1.0,1.0,0.0,0.0,0.0,0.0
2025/12/12,14:03:03,0,50.0,213.0,264.0,260.0,13.0,220.0,3.0,3.0,0.0,0.0,0.0,0.0
2025/12/12,14:03:08,0,48.0,220.0,266.0,260.0,4.0,220.0,2.0,1.0,0.0,0.0,0.0,0.0
2025/12/12,14:03:13,0,45.0,211.0,265.0,259.0,0.0,220.0,0.0,0.0,0.0,0.0,0.0,0.0
2025/12/12,14:03:18,0,47.0,208.0,264.0,259.0,14.0,221.0,3.0,3.0,0.0,0.0,0.0,0.0
2025/12/12,14:03:23,0,47.0,226.0,265.0,259.0,0.0,220.0,1.0,1.0,0.0,0.0,0.0,0.0
2025/12/12,14:03:28,0,46.0,209.0,263.0,260.0,5.0,221.0,1.0,1.0,0.0,0.0,0.0,0.0
2025/12/12,14:03:33,0,46.0,207.0,263.0,260.0,15.0,221.0,2.0,3.0,0.0,0.0,0.0,0.0
2025/12/12,14:03:38,0,45.0,217.0,264.0,260.0,5.0,220.0,2.0,2.0,0.0,0.0,0.0,0.0
2025/12/12,14:03:43,0,45.0,225.0,266.0,259.0,0.0,221.0,1.0,1.0,0.0,0.0,0.0,0.0
2025/12/12,14:03:48,0,45.0,212.0,266.0,259.0,0.0,220.0,0.0,1.0,0.0,0.0,0.0,0.0
2025/12/12,14:03:53,0,46.0,207.0,265.0,259.0,10.0,221.0,3.0,2.0,0.0,0.0,0.0,0.0
2025/12/12,14:03:58,0,45.0,203.0,265.0,259.0,12.0,220.0,3.0,4.0,0.0,0.0,0.0,0.0
2025/12/12,14:04:03,0,45.0,206.0,265.0,260.0,11.0,220.0,3.0,3.0,0.0,0.0,0.0,0.0
2025/12/12,14:04:08,0,44.0,210.0,267.0,259.0,0.0,220.0,1.0,1.0,0.0,0.0,0.0,0.0
2025/12/12,14:04:13,0,45.0,230.0,266.0,259.0,0.0,221.0,1.0,1.0,0.0,0.0,0.0,0.0
2025/12/12,14:04:18,0,47.0,204.0,264.0,260.0,15.0,221.0,3.0,3.0,0.0,0.0,0.0,0.0
2025/12/12,14:04:23,0,45.0,207.0,266.0,260.0,6.0,221.0,2.0,3.0,0.0,0.0,0.0,0.0
2025/12/12,14:04:28,0,43.0,232.0,269.0,258.0,0.0,220.0,2.0,1.0,0.0,0.0,0.0,0.0
2025/12/12,14:04:33,0,46.0,203.0,266.0,259.0,15.0,220.0,3.0,3.0,0.0,0.0,0.0,0.0
2025/12/12,14:04:38,0,45.0,207.0,264.0,260.0,12.0,220.0,3.0,2.0,0.0,0.0,0.0,0.0
2025/12/12,14:04:43,0,46.0,201.0,264.0,260.0,13.0,220.0,3.0,3.0,0.0,0.0,0.0,0.0
2025/12/12,14:04:48,0,45.0,203.0,266.0,260.0,16.0,219.0,4.0,3.0,0.0,0.0,0.0,0.0
2025/12/12,14:04:53,0,45.0,212.0,268.0,259.0,0.0,219.0,1.0,1.0,0.0,0.0,0.0,0.0
2025/12/12,14:04:58,0,44.0,205.0,268.0,259.0,15.0,220.0,3.0,3.0,0.0,0.0,0.0,0.0
2025/12/12,14:05:03,0,42.0,210.0,267.0,260.0,5.0,220.0,1.0,2.0,0.0,0.0,0.0,0.0
2025/12/12,14:05:08,0,41.0,214.0,268.0,260.0,8.0,220.0,2.0,3.0,0.0,0.0,0.0,0.0
2025/12/12,14:05:13,0,42.0,208.0,269.0,260.0,1.0,221.0,0.0,1.0,0.0,0.0,0.0,0.0
2025/12/12,14:05:18,0,44.0,203.0,268.0,259.0,14.0,222.0,3.0,4.0,0.0,0.0,0.0,0.0
2025/12/12,14:05:23,0,45.0,219.0,270.0,258.0,0.0,220.0,2.0,1.0,0.0,0.0,0.0,0.0
2025/12/12,14:05:28,0,49.0,213.0,268.0,258.0,14.0,220.0,4.0,3.0,0.0,0.0,0.0,0.0
2025/12/12,14:05:33,0,43.0,212.0,269.0,260.0,8.0,220.0,3.0,2.0,0.0,0.0,0.0,0.0
2025/12/12,14:05:38,0,44.0,220.0,270.0,260.0,0.0,221.0,1.0,1.0,0.0,0.0,0.0,0.0
2025/12/12,14:05:43,0,43.0,207.0,267.0,259.0,15.0,220.0,3.0,3.0,0.0,0.0,0.0,0.0
2025/12/12,14:05:48,0,44.0,201.0,267.0,260.0,16.0,221.0,3.0,3.0,0.0,0.0,0.0,0.0
2025/12/12,14:05:53,0,39.0,224.0,268.0,259.0,0.0,222.0,2.0,1.0,0.0,0.0,0.0,0.0
2025/12/12,14:05:58,0,43.0,213.0,269.0,260.0,0.0,221.0,1.0,1.0,0.0,0.0,0.0,0.0
2025/12/12,14:06:03,0,47.0,208.0,265.0,259.0,14.0,222.0,4.0,3.0,0.0,0.0,0.0,0.0
2025/12/12,14:06:08,0,41.0,204.0,268.0,260.0,14.0,221.0,2.0,4.0,0.0,0.0,0.0,0.0
2025/12/12,14:06:13,0,39.0,228.0,269.0,260.0,0.0,220.0,1.0,0.0,0.0,0.0,0.0,0.0
2025/12/12,14:06:18,0,41.0,212.0,269.0,259.0,0.0,220.0,0.0,1.0,0.0,0.0,0.0,0.0
2025/12/12,14:06:23,0,36.0,207.0,268.0,260.0,12.0,221.0,3.0,3.0,0.0,0.0,0.0,0.0
2025/12/12,14:06:28,0,41.0,202.0,268.0,260.0,14.0,221.0,3.0,3.0,0.0,0.0,0.0,0.0
2025/12/12,14:06:33,0,41.0,227.0,269.0,255.0,0.0,220.0,1.0,0.0,0.0,0.0,0.0,0.0
2025/12/12,14:06:38,0,40.0,214.0,267.0,260.0,0.0,220.0,0.0,1.0,0.0,0.0,0.0,0.0
2025/12/12,14:06:43,0,40.0,207.0,268.0,259.0,8.0,220.0,3.0,2.0,0.0,0.0,0.0,0.0
2025/12/12,14:06:48,0,42.0,208.0,268.0,258.0,15.0,220.0,3.0,3.0,0.0,0.0,0.0,0.0
2025/12/12,14:06:53,0,38.0,215.0,266.0,260.0,7.0,221.0,2.0,2.0,0.0,0.0,0.0,0.0
2025/12/12,14:06:58,0,41.0,228.0,267.0,260.0,0.0,222.0,3.0,1.0,0.0,0.0,0.0,0.0
2025/12/12,14:07:03,0,39.0,209.0,269.0,260.0,1.0,221.0,0.0,1.0,0.0,0.0,0.0,0.0
2025/12/12,14:07:08,0,43.0,211.0,267.0,260.0,14.0,220.0,3.0,3.0,0.0,0.0,0.0,0.0
2025/12/12,14:07:13,0,46.0,214.0,269.0,260.0,6.0,222.0,2.0,2.0,0.0,0.0,0.0,0.0
2025/12/12,14:07:18,0,43.0,228.0,270.0,259.0,0.0,220.0,2.0,1.0,0.0,0.0,0.0,0.0
2025/12/12,14:07:23,0,44.0,213.0,270.0,260.0,0.0,221.0,0.0,0.0,0.0,0.0,0.0,0.0
2025/12/12,14:07:28,0,45.0,209.0,269.0,260.0,14.0,220.0,3.0,2.0,0.0,0.0,0.0,0.0
2025/12/12,14:07:33,0,44.0,202.0,269.0,260.0,15.0,221.0,4.0,3.0,0.0,0.0,0.0,0.0
2025/12/12,14:07:38,0,43.0,222.0,270.0,260.0,0.0,221.0,3.0,1.0,0.0,0.0,0.0,0.0
2025/12/12,14:07:43,0,44.0,220.0,271.0,260.0,0.0,220.0,1.0,1.0,0.0,0.0,0.0,0.0
2025/12/12,14:07:48,0,44.0,212.0,270.0,260.0,6.0,221.0,1.0,1.0,0.0,0.0,0.0,0.0
2025/12/12,14:07:53,0,43.0,213.0,269.0,259.0,15.0,220.0,3.0,3.0,0.0,0.0,0.0,0.0
2025/12/12,14:07:58,0,43.0,202.0,267.0,260.0,17.0,221.0,4.0,3.0,0.0,0.0,0.0,0.0
2025/12/12,14:08:03,0,44.0,220.0,272.0,260.0,3.0,221.0,2.0,1.0,0.0,0.0,0.0,0.0
2025/12/12,14:08:08,0,43.0,230.0,270.0,259.0,1.0,220.0,2.0,1.0,0.0,0.0,0.0,0.0
2025/12/12,14:08:13,0,43.0,215.0,270.0,260.0,0.0,221.0,1.0,1.0,0.0,0.0,0.0,0.0
2025/12/12,14:08:18,0,43.0,210.0,269.0,259.0,7.0,221.0,2.0,2.0,0.0,0.0,0.0,0.0
2025/12/12,14:08:23,0,42.0,214.0,268.0,260.0,16.0,219.0,3.0,3.0,0.0,0.0,0.0,0.0
2025/12/12,14:08:28,0,42.0,203.0,269.0,258.0,16.0,220.0,4.0,3.0,0.0,0.0,0.0,0.0
2025/12/12,14:08:33,0,45.0,211.0,268.0,259.0,9.0,221.0,3.0,2.0,0.0,0.0,0.0,0.0
2025/12/12,14:08:38,0,44.0,221.0,270.0,260.0,3.0,221.0,2.0,2.0,0.0,0.0,0.0,0.0
2025/12/12,14:08:43,0,43.0,230.0,272.0,260.0,2.0,220.0,3.0,1.0,0.0,0.0,0.0,0.0
2025/12/12,14:08:48,0,44.0,221.0,272.0,258.0,0.0,221.0,2.0,1.0,0.0,0.0,0.0,0.0
2025/12/12,14:08:53,0,42.0,213.0,272.0,258.0,0.0,221.0,1.0,1.0,0.0,0.0,0.0,0.0
2025/12/12,14:08:58,0,42.0,208.0,269.0,259.0,10.0,220.0,2.0,2.0,0.0,0.0,0.0,0.0
2025/12/12,14:09:03,0,41.0,205.0,269.0,259.0,16.0,220.0,3.0,3.0,0.0,0.0,0.0,0.0
2025/12/12,14:09:08,0,39.0,223.0,270.0,260.0,2.0,221.0,2.0,1.0,0.0,0.0,0.0,0.0
2025/12/12,14:09:13,0,40.0,222.0,271.0,260.0,0.0,220.0,2.0,1.0,0.0,0.0,0.0,0.0
2025/12/12,14:09:18,0,40.0,221.0,268.0,260.0,0.0,221.0,1.0,1.0,0.0,0.0,0.0,0.0
2025/12/12,14:09:23,0,40.0,216.0,272.0,260.0,0.0,220.0,1.0,1.0,0.0,0.0,0.0,0.0
2025/12/12,14:09:28,0,42.0,208.0,269.0,259.0,10.0,222.0,3.0,2.0,0.0,0.0,0.0,0.0
2025/12/12,14:09:33,0,43.0,211.0,269.0,259.0,14.0,221.0,3.0,3.0,0.0,0.0,0.0,0.0
2025/12/12,14:09:38,0,43.0,204.0,270.0,259.0,14.0,219.0,4.0,3.0,0.0,0.0,0.0,0.0
2025/12/12,14:09:43,0,41.0,224.0,272.0,260.0,1.0,222.0,2.0,1.0,0.0,0.0,0.0,0.0
2025/12/12,14:09:48,0,42.0,219.0,272.0,259.0,0.0,220.0,2.0,1.0,0.0,0.0,0.0,0.0
2025/12/12,14:09:53,0,38.0,210.0,272.0,260.0,0.0,219.0,0.0,1.0,0.0,0.0,0.0,0.0
2025/12/12,14:09:58,0,44.0,208.0,271.0,260.0,12.0,221.0,2.0,3.0,0.0,0.0,0.0,0.0
2025/12/12,14:10:03,0,43.0,211.0,270.0,260.0,15.0,219.0,4.0,3.0,0.0,0.0,0.0,0.0
2025/12/12,14:10:08,0,46.0,221.0,272.0,259.0,3.0,220.0,2.0,2.0,0.0,0.0,0.0,0.0
2025/12/12,14:10:13,0,43.0,211.0,272.0,259.0,4.0,220.0,1.0,2.0,0.0,0.0,0.0,0.0
2025/12/12,14:10:18,0,42.0,204.0,270.0,259.0,15.0,220.0,3.0,3.0,0.0,0.0,0.0,0.0
2025/12/12,14:10:23,0,46.0,228.0,272.0,260.0,1.0,221.0,1.0,1.0,0.0,0.0,0.0,0.0
2025/12/12,14:10:28,0,44.0,211.0,269.0,259.0,0.0,221.0,0.0,1.0,0.0,0.0,0.0,0.0
2025/12/12,14:10:33,0,40.0,211.0,270.0,260.0,13.0,221.0,4.0,3.0,0.0,0.0,0.0,0.0
2025/12/12,14:10:38,0,44.0,203.0,270.0,259.0,16.0,220.0,4.0,3.0,0.0,0.0,0.0,0.0
2025/12/12,14:10:43,0,44.0,230.0,272.0,258.0,1.0,220.0,2.0,1.0,0.0,0.0,0.0,0.0
2025/12/12,14:10:48,0,44.0,210.0,271.0,259.0,0.0,221.0,1.0,1.0,0.0,0.0,0.0,0.0
2025/12/12,14:10:53,0,44.0,212.0,270.0,260.0,14.0,221.0,3.0,3.0,0.0,0.0,0.0,0.0
2025/12/12,14:10:58,0,45.0,200.0,270.0,259.0,16.0,221.0,3.0,4.0,0.0,0.0,0.0,0.0
2025/12/12,14:11:03,0,44.0,229.0,272.0,260.0,0.0,221.0,1.0,1.0,0.0,0.0,0.0,0.0
2025/12/12,14:11:08,0,46.0,211.0,271.0,260.0,7.0,221.0,1.0,1.0,0.0,0.0,0.0,0.0
2025/12/12,14:11:13,0,44.0,211.0,271.0,258.0,14.0,220.0,3.0,2.0,0.0,0.0,0.0,0.0
2025/12/12,14:11:18,0,44.0,201.0,270.0,260.0,15.0,221.0,4.0,3.0,0.0,0.0,0.0,0.0
2025/12/12,14:11:23,0,48.0,221.0,273.0,259.0,2.0,220.0,2.0,1.0,0.0,0.0,0.0,0.0
2025/12/12,14:11:28,0,45.0,222.0,274.0,258.0,0.0,221.0,2.0,1.0,0.0,0.0,0.0,0.0
2025/12/12,14:11:33,0,45.0,206.0,271.0,259.0,13.0,219.0,4.0,3.0,0.0,0.0,0.0,0.0
2025/12/12,14:11:38,0,44.0,203.0,271.0,260.0,16.0,221.0,2.0,4.0,0.0,0.0,0.0,0.0
2025/12/12,14:11:43,0,44.0,221.0,273.0,258.0,0.0,221.0,2.0,1.0,0.0,0.0,0.0,0.0
2025/12/12,14:11:48,0,44.0,207.0,270.0,260.0,16.0,220.0,3.0,3.0,0.0,0.0,0.0,0.0
2025/12/12,14:12:33,0,44.0,214.0,271.0,260.0,9.0,222.0,3.0,2.0,0.0,0.0,0.0,0.0
2025/12/12,14:12:37,0,44.0,219.0,274.0,259.0,0.0,222.0,2.0,1.0,0.0,0.0,0.0,0.0
2025/12/12,14:12:42,0,47.0,210.0,273.0,260.0,14.0,221.0,3.0,3.0,0.0,0.0,0.0,0.0
2025/12/12,14:12:47,0,47.0,205.0,271.0,260.0,12.0,222.0,4.0,3.0,0.0,0.0,0.0,0.0
2025/12/12,14:12:52,0,39.0,231.0,275.0,260.0,0.0,220.0,2.0,1.0,0.0,0.0,0.0,0.0
2025/12/12,14:12:57,0,45.0,206.0,271.0,260.0,16.0,221.0,4.0,3.0,0.0,0.0,0.0,0.0
2025/12/12,14:13:02,0,45.0,213.0,275.0,260.0,0.0,221.0,1.0,0.0,0.0,0.0,0.0,0.0
2025/12/12,14:13:07,0,43.0,214.0,273.0,260.0,5.0,221.0,2.0,1.0,0.0,0.0,0.0,0.0
2025/12/12,14:13:12,0,45.0,211.0,271.0,260.0,16.0,222.0,4.0,3.0,0.0,0.0,0.0,0.0
2025/12/12,14:13:17,0,44.0,221.0,275.0,259.0,1.0,221.0,2.0,1.0,0.0,0.0,0.0,0.0
2025/12/12,14:13:22,0,44.0,205.0,273.0,260.0,15.0,222.0,4.0,3.0,0.0,0.0,0.0,0.0
2025/12/12,14:13:27,0,44.0,222.0,276.0,260.0,0.0,220.0,1.0,1.0,0.0,0.0,0.0,0.0
2025/12/12,14:13:32,0,42.0,211.0,273.0,260.0,14.0,220.0,3.0,3.0,0.0,0.0,0.0,0.0
2025/12/12,14:13:37,0,43.0,221.0,276.0,259.0,0.0,220.0,2.0,1.0,0.0,0.0,0.0,0.0
2025/12/12,14:13:42,0,43.0,206.0,273.0,260.0,15.0,222.0,4.0,3.0,0.0,0.0,0.0,0.0
2025/12/12,14:13:47,0,43.0,213.0,276.0,260.0,0.0,222.0,2.0,1.0,0.0,0.0,0.0,0.0
2025/12/12,14:13:52,0,46.0,205.0,275.0,260.0,15.0,217.0,3.0,4.0,0.0,0.0,0.0,0.0
2025/12/12,14:13:57,0,43.0,212.0,276.0,260.0,2.0,220.0,1.0,1.0,0.0,0.0,0.0,0.0
2025/12/12,14:14:02,0,44.0,207.0,275.0,259.0,15.0,222.0,2.0,3.0,0.0,0.0,0.0,0.0
2025/12/12,14:14:07,0,45.0,212.0,275.0,260.0,3.0,221.0,1.0,2.0,0.0,0.0,0.0,0.0
2025/12/12,14:14:12,0,39.0,213.0,275.0,260.0,9.0,221.0,2.0,2.0,0.0,0.0,0.0,0.0
2025/12/12,14:14:17,0,41.0,211.0,276.0,260.0,3.0,220.0,1.0,2.0,0.0,0.0,0.0,0.0
2025/12/12,14:14:22,0,42.0,202.0,273.0,259.0,16.0,219.0,3.0,4.0,0.0,0.0,0.0,0.0
2025/12/12,14:14:27,0,41.0,223.0,275.0,260.0,1.0,221.0,1.0,1.0,0.0,0.0,0.0,0.0
2025/12/12,14:14:32,0,39.0,204.0,275.0,259.0,14.0,221.0,2.0,3.0,0.0,0.0,0.0,0.0
2025/12/12,14:14:37,0,42.0,201.0,274.0,259.0,16.0,221.0,4.0,4.0,0.0,0.0,0.0,0.0
2025/12/12,14:14:42,0,42.0,227.0,277.0,259.0,0.0,221.0,1.0,1.0,0.0,0.0,0.0,0.0
2025/12/12,14:14:47,0,41.0,205.0,274.0,260.0,13.0,221.0,2.0,3.0,0.0,0.0,0.0,0.0
2025/12/12,14:14:52,0,39.0,209.0,276.0,260.0,12.0,220.0,3.0,3.0,0.0,0.0,0.0,0.0
2025/12/12,14:14:57,0,41.0,217.0,275.0,260.0,0.0,220.0,1.0,1.0,0.0,0.0,0.0,0.0
2025/12/12,14:15:02,0,42.0,221.0,278.0,258.0,0.0,221.0,1.0,1.0,0.0,0.0,0.0,0.0
2025/12/12,14:15:07,0,41.0,219.0,276.0,259.0,4.0,221.0,1.0,1.0,0.0,0.0,0.0,0.0
2025/12/12,14:15:12,0,43.0,211.0,275.0,260.0,0.0,221.0,0.0,0.0,-0.0008,0.0,0.0,0.0
2025/12/12,14:15:17,0,42.0,205.0,274.0,260.0,16.0,220.0,3.0,4.0,0.0,0.0,0.0,0.0
2025/12/12,14:15:22,0,42.0,232.0,276.0,260.0,2.0,221.0,2.0,1.0,0.0,0.0,0.0,0.0
2025/12/12,14:15:27,0,43.0,208.0,273.0,260.0,5.0,221.0,1.0,2.0,0.0,0.0,0.0,0.0
2025/12/12,14:15:32,0,42.0,208.0,275.0,260.0,16.0,221.0,3.0,3.0,0.0,0.0,0.0,0.0
2025/12/12,14:15:37,0,40.0,214.0,276.0,260.0,9.0,220.0,3.0,2.0,0.0,0.0,0.0,0.0
2025/12/12,14:15:42,0,40.0,230.0,277.0,259.0,1.0,220.0,2.0,1.0,0.0,0.0,0.0,0.0
2025/12/12,14:15:47,0,44.0,212.0,276.0,260.0,0.0,220.0,0.0,1.0,0.0,0.0,0.0,0.0
2025/12/12,14:15:52,0,36.0,208.0,275.0,259.0,13.0,220.0,3.0,3.0,0.0,0.0,0.0,0.0
2025/12/12,14:15:57,0,41.0,204.0,273.0,260.0,17.0,222.0,4.0,3.0,0.0,0.0,0.0,0.0
2025/12/12,14:16:02,0,38.0,220.0,276.0,260.0,2.0,220.0,2.0,2.0,0.0,0.0,0.0,0.0
2025/12/12,14:16:07,0,42.0,214.0,276.0,260.0,0.0,219.0,1.0,1.0,0.0,0.0,0.0,0.0
2025/12/12,14:16:12,0,45.0,210.0,275.0,260.0,14.0,222.0,3.0,3.0,0.0,0.0,0.0,0.0
2025/12/12,14:16:17,0,39.0,204.0,275.0,259.0,16.0,221.0,4.0,3.0,0.0,0.0,0.0,0.0
2025/12/12,14:16:22,0,43.0,225.0,276.0,260.0,1.0,222.0,2.0,1.0,0.0,0.0,0.0,0.0
2025/12/12,14:16:27,0,41.0,208.0,272.0,260.0,16.0,222.0,4.0,3.0,0.0,0.0,0.0,0.0
2025/12/12,14:16:32,0,43.0,220.0,276.0,259.0,3.0,221.0,1.0,1.0,0.0,0.0,0.0,0.0
2025/12/12,14:16:37,0,43.0,209.0,275.0,260.0,4.0,222.0,2.0,1.0,0.0,0.0,0.0,0.0
2025/12/12,14:16:42,0,42.0,204.0,275.0,260.0,14.0,221.0,3.0,4.0,0.0,0.0,0.0,0.0
2025/12/12,14:16:47,0,42.0,211.0,277.0,260.0,0.0,221.0,1.0,1.0,0.0,0.0,0.0,0.0
2025/12/12,14:16:52,0,44.0,204.0,275.0,260.0,16.0,221.0,2.0,3.0,0.0,0.0,0.0,0.0
2025/12/12,14:16:57,0,41.0,215.0,277.0,260.0,0.0,221.0,2.0,1.0,0.0,0.0,0.0,0.0
2025/12/12,14:17:02,0,44.0,206.0,273.0,260.0,16.0,222.0,4.0,3.0,0.0,0.0,0.0,0.0
2025/12/12,14:17:07,0,43.0,218.0,275.0,259.0,0.0,222.0,2.0,1.0,0.0,0.0,0.0,0.0
2025/12/12,14:17:12,0,40.0,206.0,274.0,260.0,16.0,220.0,3.0,3.0,0.0,0.0,0.0,0.0
2025/12/12,14:17:17,0,41.0,220.0,277.0,260.0,0.0,220.0,2.0,1.0,0.0,0.0,0.0,0.0
2025/12/12,14:17:22,0,41.0,212.0,276.0,261.0,14.0,220.0,3.0,3.0,0.0,0.0,0.0,0.0
2025/12/12,14:17:27,0,39.0,226.0,278.0,258.0,2.0,220.0,1.0,1.0,0.0,0.0,0.0,0.0
2025/12/12,14:17:32,0,38.0,207.0,276.0,260.0,9.0,222.0,2.0,2.0,0.0,0.0,0.0,0.0
2025/12/12,14:17:37,0,39.0,217.0,278.0,258.0,7.0,220.0,2.0,2.0,0.0,0.0,0.0,0.0
2025/12/12,14:17:42,0,39.0,211.0,277.0,259.0,0.0,221.0,0.0,1.0,0.0,0.0,0.0,0.0
2025/12/12,14:17:47,0,38.0,211.0,277.0,260.0,13.0,222.0,3.0,3.0,0.0,0.0,0.0,0.0
2025/12/12,14:17:52,0,34.0,212.0,278.0,259.0,11.0,221.0,3.0,3.0,0.0,0.0,0.0,0.0
2025/12/12,14:17:57,0,37.0,226.0,277.0,260.0,2.0,221.0,2.0,1.0,0.0,0.0,0.0,0.0
2025/12/12,14:18:02,0,37.0,212.0,278.0,259.0,0.0,222.0,1.0,1.0,0.0,0.0,0.0,0.0
2025/12/12,14:18:07,0,38.0,204.0,277.0,260.0,13.0,222.0,3.0,3.0,0.0,0.0,0.0,0.0
2025/12/12,14:18:12,0,35.0,201.0,278.0,258.0,15.0,221.0,3.0,3.0,0.0,0.0,0.0,0.0
2025/12/12,14:18:17,0,38.0,222.0,280.0,260.0,1.0,221.0,1.0,1.0,0.0,0.0,0.0,0.0
2025/12/12,14:18:22,0,39.0,226.0,280.0,260.0,0.0,220.0,1.0,0.0,0.0,0.0,0.0,0.0
2025/12/12,14:18:27,0,37.0,212.0,279.0,259.0,0.0,223.0,0.0,1.0,0.0,0.0,0.0,0.0
2025/12/12,14:18:32,0,37.0,204.0,277.0,260.0,13.0,220.0,3.0,3.0,0.0,0.0,0.0,0.0
2025/12/12,14:18:37,0,37.0,207.0,275.0,260.0,17.0,222.0,4.0,3.0,0.0,0.0,0.0,0.0
2025/12/12,14:18:42,0,39.0,217.0,278.0,259.0,10.0,222.0,2.0,2.0,0.0,0.0,0.0,0.0
2025/12/12,14:18:47,0,39.0,225.0,279.0,259.0,0.0,220.0,1.0,1.0,0.0,0.0,0.0,0.0
2025/12/12,14:18:52,0,39.0,209.0,278.0,260.0,8.0,222.0,2.0,2.0,0.0,0.0,0.0,0.0
2025/12/12,14:18:57,0,38.0,206.0,277.0,259.0,15.0,221.0,3.0,3.0,0.0,0.0,0.0,0.0
2025/12/12,14:19:02,0,40.0,217.0,278.0,259.0,5.0,221.0,2.0,2.0,0.0,0.0,0.0,0.0
2025/12/12,14:19:07,0,36.0,231.0,280.0,260.0,0.0,221.0,2.0,1.0,0.0,0.0,0.0,0.0
2025/12/12,14:19:12,0,39.0,211.0,278.0,259.0,0.0,222.0,0.0,1.0,0.0,0.0,0.0,0.0
2025/12/12,14:19:17,0,41.0,205.0,276.0,259.0,11.0,222.0,3.0,3.0,0.0,0.0,0.0,0.0
2025/12/12,14:19:22,0,42.0,211.0,275.0,259.0,15.0,221.0,3.0,3.0,0.0,0.0,0.0,0.0
2025/12/12,14:19:27,0,41.0,206.0,276.0,260.0,16.0,223.0,4.0,3.0,0.0,0.0,0.0,0.0
2025/12/12,14:19:32,0,42.0,217.0,276.0,259.0,4.0,221.0,2.0,2.0,0.0,0.0,0.0,0.0
2025/12/12,14:19:37,0,41.0,219.0,278.0,260.0,0.0,223.0,2.0,1.0,0.0,0.0,0.0,0.0
2025/12/12,14:19:42,0,38.0,210.0,276.0,259.0,8.0,221.0,2.0,2.0,0.0,0.0,0.0,0.0
2025/12/12,14:19:47,0,38.0,207.0,275.0,260.0,14.0,221.0,3.0,3.0,0.0,0.0,0.0,0.0
2025/12/12,14:19:52,0,43.0,223.0,276.0,259.0,0.0,222.0,1.0,1.0,0.0,0.0,0.0,0.0
2025/12/12,14:19:57,0,38.0,209.0,274.0,260.0,5.0,221.0,1.0,1.0,0.0,0.0,0.0,0.0
2025/12/12,14:20:02,0,39.0,204.0,275.0,259.0,15.0,221.0,3.0,3.0,0.0,0.0,0.0,0.0
2025/12/12,14:20:07,0,39.0,224.0,276.0,260.0,0.0,221.0,1.0,1.0,0.0,0.0,0.0,0.0
2025/12/12,14:20:12,0,39.0,212.0,273.0,259.0,15.0,220.0,3.0,3.0,0.0,0.0,0.0,0.0
2025/12/12,14:20:17,0,38.0,220.0,276.0,260.0,0.0,220.0,2.0,1.0,0.0,0.0,0.0,0.0
2025/12/12,14:20:22,0,39.0,212.0,275.0,259.0,0.0,222.0,1.0,0.0,0.0,0.0,0.0,0.0
2025/12/12,14:20:27,0,38.0,212.0,271.0,260.0,16.0,222.0,3.0,3.0,0.0,0.0,0.0,0.0
2025/12/12,14:20:32,0,36.0,223.0,275.0,260.0,0.0,221.0,1.0,1.0,0.0,0.0,0.0,0.0
2025/12/12,14:20:37,0,36.0,205.0,272.0,259.0,15.0,222.0,4.0,3.0,0.0,0.0,0.0,0.0
2025/12/12,14:20:42,0,37.0,223.0,274.0,260.0,0.0,222.0,1.0,1.0,0.0,0.0,0.0,0.0
2025/12/12,14:20:47,0,41.0,214.0,273.0,260.0,9.0,223.0,3.0,2.0,0.0,0.0,0.0,0.0
2025/12/12,14:20:52,0,38.0,208.0,272.0,259.0,14.0,222.0,3.0,3.0,0.0,0.0,0.0,0.0
2025/12/12,14:20:57,0,37.0,207.0,272.0,260.0,12.0,222.0,3.0,3.0,0.0,0.0,0.0,0.0
2025/12/12,14:21:02,0,40.0,209.0,273.0,260.0,1.0,221.0,1.0,1.0,0.0,0.0,0.0,0.0
2025/12/12,14:21:07,0,38.0,218.0,272.0,259.0,0.0,223.0,1.0,1.0,0.0,0.0,0.0,0.0
2025/12/12,14:21:12,0,38.0,223.0,274.0,260.0,0.0,222.0,1.0,1.0,0.0,0.0,0.0,0.0
2025/12/12,14:21:17,0,38.0,211.0,269.0,260.0,11.0,223.0,3.0,3.0,0.0,0.0,0.0,0.0
2025/12/12,14:21:22,0,39.0,201.0,271.0,257.0,15.0,221.0,4.0,3.0,0.0,0.0,0.0,0.0
2025/12/12,14:21:27,0,41.0,210.0,270.0,260.0,12.0,221.0,4.0,3.0,0.0,0.0,0.0,0.0
2025/12/12,14:21:32,0,40.0,220.0,272.0,260.0,0.0,221.0,1.0,1.0,0.0,0.0,0.0,0.0
2025/12/12,14:21:37,0,40.0,213.0,268.0,259.0,15.0,222.0,4.0,3.0,0.0,0.0,0.0,0.0
2025/12/12,14:21:42,0,43.0,226.0,270.0,259.0,0.0,222.0,1.0,0.0,0.0,0.0,0.0,0.0
2025/12/12,14:21:47,0,44.0,210.0,271.0,260.0,0.0,220.0,0.0,1.0,0.0,0.0,0.0,0.0
2025/12/12,14:21:52,0,44.0,207.0,269.0,261.0,16.0,221.0,4.0,3.0,0.0,0.0,0.0,0.0
2025/12/12,14:21:57,0,40.0,207.0,268.0,259.0,15.0,221.0,3.0,3.0,0.0,0.0,0.0,0.0
2025/12/12,14:22:53,0,44.0,232.0,267.0,260.0,0.0,222.0,1.0,1.0,0.0,0.0,0.0,0.0
2025/12/12,14:22:57,0,40.0,204.0,266.0,259.0,12.0,220.0,3.0,3.0,0.0,0.0,0.0,0.0
2025/12/12,14:23:02,0,41.0,213.0,269.0,258.0,10.0,221.0,3.0,3.0,0.0,0.0,0.0,0.0
2025/12/12,14:23:07,0,42.0,209.0,268.0,260.0,0.0,222.0,0.0,1.0,0.0,0.0,0.0,0.0
2025/12/12,14:23:12,0,40.0,206.0,268.0,260.0,13.0,222.0,3.0,3.0,0.0,0.0,0.0,0.0
2025/12/12,14:23:17,0,37.0,212.0,270.0,258.0,0.0,222.0,0.0,1.0,0.0,0.0,0.0,0.0
2025/12/12,14:23:22,0,39.0,212.0,266.0,259.0,14.0,221.0,3.0,4.0,0.0,0.0,0.0,0.0
2025/12/12,14:23:27,0,38.0,205.0,264.0,260.0,15.0,222.0,4.0,3.0,0.0,0.0,0.0,0.0
2025/12/12,14:23:32,0,38.0,201.0,264.0,259.0,17.0,222.0,4.0,3.0,0.0,0.0,0.0,0.0
2025/12/12,14:23:37,0,37.0,215.0,268.0,259.0,6.0,221.0,2.0,2.0,0.0,0.0,0.0,0.0
2025/12/12,14:23:42,0,42.0,229.0,269.0,260.0,0.0,222.0,2.0,2.0,0.0,0.0,0.0,0.0
2025/12/12,14:23:47,0,35.0,210.0,269.0,258.0,0.0,223.0,1.0,1.0,0.0,0.0,0.0,0.0
2025/12/12,14:23:52,0,39.0,204.0,267.0,260.0,16.0,222.0,3.0,3.0,0.0,0.0,0.0,0.0
2025/12/12,14:23:57,0,39.0,220.0,269.0,259.0,0.0,222.0,2.0,1.0,0.0,0.0,0.0,0.0
2025/12/12,14:24:02,0,38.0,207.0,267.0,259.0,14.0,222.0,3.0,3.0,0.0,0.0,0.0,0.0
2025/12/12,14:24:07,0,39.0,221.0,269.0,259.0,1.0,221.0,1.0,0.0,0.0,0.0,0.0,0.0
2025/12/12,14:24:12,0,38.0,200.0,265.0,260.0,16.0,223.0,3.0,3.0,0.0,0.0,0.0,0.0
2025/12/12,14:24:17,0,37.0,210.0,269.0,260.0,3.0,223.0,1.0,2.0,0.0,0.0,0.0,0.0
2025/12/12,14:24:22,0,38.0,216.0,268.0,259.0,9.0,222.0,2.0,2.0,0.0,0.0,0.0,0.0
2025/12/12,14:24:27,0,39.0,209.0,268.0,259.0,3.0,222.0,2.0,1.0,0.0,0.0,0.0,0.0
2025/12/12,14:24:32,0,40.0,203.0,266.0,260.0,15.0,220.0,4.0,3.0,0.0,0.0,0.0,0.0
2025/12/12,14:24:37,0,39.0,223.0,269.0,260.0,1.0,222.0,2.0,1.0,0.0,0.0,0.0,0.0
2025/12/12,14:24:42,0,40.0,213.0,267.0,259.0,15.0,221.0,3.0,3.0,0.0,0.0,0.0,0.0
2025/12/12,14:24:47,0,42.0,213.0,264.0,259.0,19.0,223.0,4.0,3.0,0.0,0.0,0.0,0.0
2025/12/12,14:24:52,0,42.0,209.0,268.0,260.0,8.0,221.0,2.0,2.0,0.0,0.0,0.0,0.0
2025/12/12,14:24:57,0,36.0,207.0,267.0,260.0,15.0,223.0,4.0,3.0,0.0,0.0,0.0,0.0
2025/12/12,14:25:02,0,40.0,219.0,269.0,259.0,0.0,221.0,1.0,1.0,0.0,0.0,0.0,0.0
2025/12/12,14:25:07,0,40.0,206.0,267.0,260.0,13.0,222.0,3.0,3.0,0.0,0.0,0.0,0.0
2025/12/12,14:25:12,0,41.0,210.0,267.0,260.0,15.0,222.0,4.0,3.0,0.0,0.0,0.0,0.0
2025/12/12,14:25:17,0,41.0,210.0,267.0,260.0,15.0,222.0,4.0,3.0,0.0,0.0,0.0,0.0
2025/12/12,14:25:22,0,40.0,206.0,267.0,260.0,15.0,222.0,4.0,3.0,0.0,0.0,0.0,0.0
2025/12/12,14:25:27,0,41.0,201.0,267.0,260.0,16.0,222.0,4.0,4.0,0.0,0.0,0.0,0.0
2025/12/12,14:25:32,0,44.0,229.0,271.0,259.0,0.0,222.0,3.0,1.0,0.0,0.0,0.0,0.0
2025/12/12,14:25:37,0,37.0,209.0,267.0,259.0,1.0,222.0,1.0,1.0,0.0,0.0,0.0,0.0
2025/12/12,14:25:42,0,40.0,209.0,267.0,259.0,15.0,221.0,3.0,3.0,0.0,0.0,0.0,0.0
2025/12/12,14:25:47,0,39.0,216.0,268.0,258.0,8.0,221.0,3.0,2.0,0.0,0.0,0.0,0.0
2025/12/12,14:25:52,0,38.0,223.0,268.0,259.0,0.0,222.0,1.0,1.0,0.0,0.0,0.0,0.0
2025/12/12,14:25:57,0,39.0,210.0,269.0,260.0,5.0,222.0,2.0,1.0,0.0,0.0,0.0,0.0
2025/12/12,14:26:02,0,32.0,211.0,265.0,259.0,15.0,223.0,4.0,3.0,0.0,0.0,0.0,0.0
2025/12/12,14:26:07,0,39.0,206.0,266.0,260.0,15.0,221.0,3.0,3.0,0.0,0.0,0.0,0.0
2025/12/12,14:26:12,0,38.0,201.0,267.0,259.0,17.0,223.0,4.0,4.0,0.0,0.0,0.0,0.0
2025/12/12,14:26:17,0,38.0,222.0,268.0,260.0,2.0,223.0,2.0,1.0,0.0,0.0,0.0,0.0
2025/12/12,14:26:22,0,38.0,211.0,268.0,259.0,0.0,223.0,1.0,1.0,0.0,0.0,0.0,0.0
2025/12/12,14:26:27,0,38.0,208.0,266.0,259.0,13.0,221.0,3.0,3.0,0.0,0.0,0.0,0.0
2025/12/12,14:26:32,0,36.0,207.0,266.0,259.0,11.0,221.0,3.0,3.0,0.0,0.0,0.0,0.0
2025/12/12,14:26:37,0,45.0,223.0,269.0,260.0,0.0,223.0,2.0,0.0,0.0,0.0,0.0,0.0
2025/12/12,14:26:42,0,39.0,207.0,267.0,260.0,12.0,221.0,3.0,3.0,0.0,0.0,0.0,0.0
2025/12/12,14:26:47,0,38.0,210.0,265.0,260.0,16.0,223.0,4.0,3.0,0.0,0.0,0.0,0.0
2025/12/12,14:26:52,0,40.0,211.0,269.0,259.0,0.0,221.0,1.0,0.0,0.0,0.0,0.0,0.0
2025/12/12,14:26:57,0,40.0,203.0,266.0,260.0,16.0,221.0,3.0,3.0,0.0,0.0,0.0,0.0
2025/12/12,14:27:02,0,39.0,213.0,269.0,259.0,0.0,223.0,1.0,0.0,0.0,0.0,0.0,0.0
2025/12/12,14:27:07,0,41.0,215.0,268.0,260.0,13.0,223.0,3.0,3.0,0.0,0.0,0.0,0.0
2025/12/12,14:27:12,0,41.0,208.0,268.0,258.0,9.0,221.0,2.0,2.0,0.0,0.0,0.0,0.0
2025/12/12,14:27:17,0,39.0,203.0,265.0,260.0,14.0,223.0,5.0,4.0,0.0,0.0,0.0,0.0
2025/12/12,14:27:22,0,41.0,223.0,269.0,259.0,0.0,222.0,1.0,1.0,0.0,0.0,0.0,0.0
2025/12/12,14:27:27,0,40.0,220.0,269.0,259.0,0.0,223.0,1.0,1.0,0.0,0.0,0.0,0.0
2025/12/12,14:27:32,0,40.0,204.0,267.0,259.0,15.0,221.0,3.0,3.0,0.0,0.0,0.0,0.0
2025/12/12,14:27:37,0,38.0,201.0,265.0,260.0,16.0,223.0,4.0,4.0,0.0,0.0,0.0,0.0
2025/12/12,14:27:42,0,39.0,230.0,269.0,260.0,0.0,222.0,2.0,1.0,0.0,0.0,0.0,0.0
2025/12/12,14:27:47,0,41.0,209.0,270.0,261.0,4.0,222.0,2.0,1.0,0.0,0.0,0.0,0.0
2025/12/12,14:27:52,0,39.0,203.0,268.0,259.0,16.0,222.0,5.0,4.0,0.0,0.0,0.0,0.0
2025/12/12,14:27:57,0,37.0,214.0,271.0,259.0,0.0,222.0,1.0,1.0,0.0,0.0,0.0,0.0
2025/12/12,14:28:02,0,39.0,204.0,268.0,261.0,16.0,221.0,3.0,3.0,0.0,0.0,0.0,0.0
2025/12/12,14:28:07,0,39.0,226.0,270.0,259.0,0.0,222.0,2.0,1.0,0.0,0.0,0.0,0.0
2025/12/12,14:28:12,0,38.0,213.0,268.0,259.0,15.0,222.0,3.0,3.0,0.0,0.0,0.0,0.0
2025/12/12,14:28:17,0,39.0,225.0,269.0,259.0,1.0,222.0,2.0,1.0,0.0,0.0,0.0,0.0
2025/12/12,14:28:22,0,39.0,206.0,270.0,260.0,19.0,222.0,4.0,3.0,0.0,0.0,0.0,0.0
2025/12/12,14:28:27,0,38.0,212.0,269.0,260.0,14.0,222.0,4.0,3.0,0.0,0.0,0.0,0.0
2025/12/12,14:28:32,0,38.0,210.0,269.0,260.0,8.0,222.0,2.0,3.0,0.0,0.0,0.0,0.0
2025/12/12,14:28:37,0,41.0,222.0,271.0,260.0,0.0,220.0,1.0,1.0,0.0,0.0,0.0,0.0
2025/12/12,14:28:42,0,38.0,203.0,270.0,259.0,16.0,222.0,2.0,3.0,0.0,0.0,0.0,0.0
2025/12/12,14:28:47,0,37.0,215.0,271.0,260.0,0.0,222.0,1.0,1.0,0.0,0.0,0.0,0.0
2025/12/12,14:28:52,0,39.0,204.0,269.0,258.0,16.0,221.0,3.0,3.0,0.0,0.0,0.0,0.0
2025/12/12,14:28:57,0,36.0,230.0,271.0,260.0,1.0,222.0,2.0,1.0,0.0,0.0,0.0,0.0
2025/12/12,14:29:02,0,38.0,211.0,270.0,259.0,2.0,222.0,2.0,1.0,0.0,0.0,0.0,0.0
2025/12/12,14:29:07,0,37.0,214.0,271.0,259.0,14.0,223.0,3.0,3.0,0.0,0.0,0.0,0.0
2025/12/12,14:29:12,0,37.0,205.0,271.0,259.0,15.0,222.0,4.0,4.0,0.0,0.0,0.0,0.0
2025/12/12,14:29:17,0,38.0,222.0,271.0,259.0,0.0,222.0,1.0,1.0,0.0,0.0,0.0,0.0
2025/12/12,14:29:22,0,35.0,227.0,271.0,258.0,0.0,223.0,1.0,0.0,0.0,0.0,0.0,0.0
2025/12/12,14:29:27,0,40.0,222.0,271.0,259.0,2.0,223.0,2.0,1.0,0.0,0.0,0.0,0.0
2025/12/12,14:29:32,0,41.0,221.0,271.0,259.0,2.0,222.0,2.0,1.0,0.0,0.0,0.0,0.0
2025/12/12,14:29:37,0,37.0,230.0,273.0,260.0,0.0,221.0,1.0,1.0,0.0,0.0,0.0,0.0
2025/12/12,14:29:42,0,39.0,212.0,273.0,259.0,0.0,221.0,0.0,0.0,0.0,0.0,0.0,0.0
2025/12/12,14:29:47,0,38.0,206.0,270.0,260.0,13.0,221.0,3.0,3.0,0.0,0.0,0.0,0.0
2025/12/12,14:29:52,0,39.0,209.0,271.0,260.0,16.0,223.0,4.0,3.0,0.0,0.0,0.0,0.0
2025/12/12,14:29:57,0,38.0,207.0,272.0,261.0,16.0,221.0,4.0,3.0,0.0,0.0,0.0,0.0
2025/12/12,14:30:02,0,38.0,207.0,270.0,259.0,17.0,221.0,3.0,4.0,0.0,0.0,0.0,0.0
2025/12/12,14:30:07,0,39.0,207.0,270.0,259.0,14.0,220.0,3.0,3.0,0.0,0.0,0.0,0.0
2025/12/12,14:30:12,0,40.0,212.0,273.0,260.0,0.0,222.0,1.0,1.0,0.0,0.0,0.0,0.0
2025/12/12,14:30:17,0,39.0,229.0,273.0,258.0,1.0,221.0,1.0,1.0,0.0,0.0,0.0,0.0
2025/12/12,14:30:22,0,38.0,205.0,272.0,260.0,15.0,221.0,3.0,3.0,0.0,0.0,0.0,0.0
2025/12/12,14:30:27,0,37.0,209.0,268.0,259.0,15.0,223.0,4.0,3.0,0.0,0.0,0.0,0.0
2025/12/12,14:30:32,0,35.0,210.0,272.0,259.0,0.0,222.0,1.0,1.0,0.0,0.0,0.0,0.0
2025/12/12,14:30:37,0,38.0,228.0,273.0,259.0,0.0,221.0,1.0,1.0,0.0,0.0,0.0,0.0
2025/12/12,14:30:42,0,37.0,207.0,271.0,259.0,15.0,222.0,3.0,3.0,0.0,0.0,0.0,0.0
2025/12/12,14:30:47,0,38.0,211.0,273.0,260.0,0.0,222.0,1.0,1.0,0.0,0.0,0.0,0.0
2025/12/12,14:30:52,0,40.0,212.0,272.0,258.0,9.0,221.0,3.0,2.0,0.0,0.0,0.0,0.0
2025/12/12,14:30:57,0,37.0,207.0,272.0,259.0,14.0,223.0,4.0,3.0,0.0,0.0,0.0,0.0
2025/12/12,14:31:02,0,39.0,222.0,270.0,260.0,0.0,223.0,1.0,1.0,0.0,0.0,0.0,0.0
2025/12/12,14:31:07,0,38.0,213.0,271.0,260.0,11.0,223.0,3.0,2.0,0.0,0.0,0.0,0.0
2025/12/12,14:31:12,0,35.0,211.0,270.0,259.0,15.0,222.0,4.0,3.0,0.0,0.0,0.0,0.0
2025/12/12,14:31:17,0,36.0,212.0,273.0,259.0,0.0,221.0,1.0,1.0,0.0,0.0,0.0,0.0
2025/12/12,14:31:22,0,39.0,210.0,269.0,260.0,13.0,220.0,2.0,3.0,0.0,0.0,0.0,0.0
2025/12/12,14:31:27,0,35.0,207.0,271.0,259.0,8.0,223.0,2.0,3.0,0.0,0.0,0.0,0.0
2025/12/12,14:31:32,0,37.0,225.0,272.0,259.0,0.0,222.0,1.0,1.0,0.0,0.0,0.0,0.0
2025/12/12,14:31:37,0,37.0,209.0,271.0,259.0,10.0,223.0,3.0,2.0,0.0,0.0,0.0,0.0
2025/12/12,14:31:42,0,37.0,203.0,270.0,259.0,16.0,223.0,4.0,4.0,0.0,0.0,0.0,0.0
2025/12/12,14:31:47,0,37.0,201.0,269.0,260.0,15.0,222.0,3.0,3.0,0.0,0.0,0.0,0.0
2025/12/12,14:31:52,0,36.0,207.0,271.0,259.0,16.0,223.0,4.0,3.0,0.0,0.0,0.0,0.0
2025/12/12,14:31:57,0,39.0,212.0,270.0,259.0,14.0,223.0,3.0,3.0,0.0,0.0,0.0,0.0
2025/12/12,14:32:02,0,32.0,208.0,271.0,260.0,4.0,222.0,0.0,1.0,0.0,0.0,0.0,0.0
2025/12/12,14:32:07,0,34.0,227.0,272.0,260.0,0.0,221.0,1.0,1.0,0.0,0.0,0.0,0.0
2025/12/12,14:32:54,0,35.0,207.0,269.0,260.0,21.0,223.0,3.0,4.0,0.0,0.0,0.0,0.0
2025/12/12,14:32:56,0,34.0,206.0,270.0,259.0,15.0,222.0,3.0,3.0,0.0,0.0,0.0,0.0
2025/12/12,14:33:01,0,36.0,209.0,272.0,259.0,8.0,222.0,2.0,2.0,0.0,0.0,0.0,0.0
2025/12/12,14:33:06,0,34.0,220.0,273.0,258.0,0.0,223.0,2.0,1.0,0.0,0.0,0.0,0.0
2025/12/12,14:33:11,0,39.0,218.0,272.0,259.0,5.0,221.0,2.0,2.0,0.0,0.0,0.0,0.0
2025/12/12,14:33:16,0,34.0,212.0,271.0,259.0,15.0,221.0,3.0,3.0,0.0,0.0,0.0,0.0
2025/12/12,14:33:21,0,36.0,212.0,272.0,260.0,0.0,223.0,1.0,1.0,0.0,0.0,0.0,0.0
2025/12/12,14:33:26,0,34.0,208.0,269.0,259.0,12.0,223.0,4.0,3.0,0.0,0.0,0.0,0.0
2025/12/12,14:33:31,0,32.0,209.0,272.0,259.0,5.0,222.0,2.0,1.0,0.0,0.0,0.0,0.0
2025/12/12,14:33:36,0,32.0,218.0,272.0,260.0,3.0,223.0,2.0,2.0,0.0,0.0,0.0,0.0
2025/12/12,14:33:41,0,39.0,210.0,271.0,260.0,14.0,223.0,4.0,3.0,0.0,0.0,0.0,0.0
2025/12/12,14:33:46,0,35.0,225.0,273.0,257.0,1.0,221.0,1.0,1.0,0.0,0.0,0.0,0.0
2025/12/12,14:33:51,0,35.0,207.0,268.0,259.0,17.0,223.0,3.0,3.0,0.0,0.0,0.0,0.0
2025/12/12,14:33:56,0,36.0,218.0,272.0,259.0,0.0,222.0,1.0,1.0,0.0,0.0,0.0,0.0
2025/12/12,14:34:01,0,37.0,203.0,272.0,259.0,16.0,223.0,4.0,3.0,0.0,0.0,0.0,0.0
2025/12/12,14:34:06,0,38.0,211.0,273.0,259.0,0.0,222.0,1.0,0.0,0.0,0.0,0.0,0.0
2025/12/12,14:34:11,0,37.0,213.0,269.0,260.0,14.0,223.0,3.0,2.0,0.0,0.0,0.0,0.0
2025/12/12,14:34:16,0,39.0,208.0,271.0,259.0,9.0,222.0,2.0,3.0,0.0,0.0,0.0,0.0
2025/12/12,14:34:21,0,38.0,221.0,272.0,260.0,1.0,223.0,1.0,1.0,0.0,0.0,0.0,0.0
2025/12/12,14:34:26,0,38.0,209.0,269.0,259.0,18.0,223.0,4.0,3.0,0.0,0.0,0.0,0.0
2025/12/12,14:34:31,0,39.0,230.0,271.0,260.0,1.0,223.0,2.0,1.0,0.0,0.0,0.0,0.0
2025/12/12,14:34:36,0,43.0,209.0,270.0,259.0,16.0,223.0,4.0,3.0,0.0,0.0,0.0,0.0
2025/12/12,14:34:41,0,39.0,217.0,273.0,259.0,5.0,223.0,2.0,2.0,0.0,0.0,0.0,0.0
2025/12/12,14:34:46,0,40.0,216.0,273.0,258.0,0.0,223.0,1.0,1.0,0.0,0.0,0.0,0.0
2025/12/12,14:34:51,0,40.0,208.0,272.0,259.0,13.0,223.0,3.0,3.0,0.0,0.0,0.0,0.0
2025/12/12,14:34:56,0,40.0,201.0,271.0,259.0,16.0,222.0,4.0,3.0,0.0,0.0,0.0,0.0
2025/12/12,14:35:01,0,40.0,225.0,273.0,258.0,0.0,223.0,2.0,1.0,0.0,0.0,0.0,0.0
2025/12/12,14:35:06,0,40.0,205.0,272.0,259.0,13.0,222.0,4.0,3.0,0.0,0.0,0.0,0.0
2025/12/12,14:35:11,0,40.0,205.0,272.0,259.0,13.0,222.0,3.0,4.0,0.0,0.0,0.0,0.0
2025/12/12,14:35:16,0,42.0,201.0,270.0,259.0,14.0,222.0,3.0,3.0,0.0,0.0,0.0,0.0
2025/12/12,14:35:21,0,40.0,206.0,271.0,257.0,12.0,222.0,3.0,3.0,0.0,0.0,0.0,0.0
2025/12/12,14:35:26,0,39.0,202.0,271.0,258.0,21.0,221.0,4.0,4.0,0.0,0.0,0.0,0.0
2025/12/12,14:35:31,0,41.0,228.0,273.0,260.0,1.0,222.0,1.0,1.0,0.0,0.0,0.0,0.0
2025/12/12,14:35:36,0,40.0,209.0,273.0,260.0,5.0,222.0,1.0,1.0,0.0,0.0,0.0,0.0
2025/12/12,14:35:41,0,38.0,206.0,269.0,260.0,17.0,223.0,4.0,3.0,0.0,0.0,0.0,0.0
2025/12/12,14:35:46,0,39.0,227.0,274.0,259.0,0.0,222.0,1.0,1.0,0.0,0.0,0.0,0.0
2025/12/12,14:35:51,0,40.0,206.0,272.0,259.0,12.0,222.0,2.0,3.0,0.0,0.0,0.0,0.0
2025/12/12,14:35:56,0,40.0,201.0,273.0,258.0,15.0,222.0,4.0,3.0,0.0,0.0,0.0,0.0
2025/12/12,14:36:01,0,39.0,229.0,275.0,257.0,0.0,221.0,1.0,1.0,0.0,0.0,0.0,0.0
2025/12/12,14:36:06,0,40.0,211.0,274.0,258.0,0.0,224.0,0.0,1.0,0.0,0.0,0.0,0.0
2025/12/12,14:36:11,0,40.0,208.0,272.0,260.0,15.0,222.0,4.0,4.0,0.0,0.0,0.0,0.0
2025/12/12,14:36:16,0,41.0,199.0,272.0,259.0,16.0,223.0,4.0,4.0,0.0,0.0,0.0,0.0
2025/12/12,14:36:21,0,40.0,220.0,274.0,259.0,0.0,222.0,2.0,0.0,0.0,0.0,0.0,0.0
2025/12/12,14:36:26,0,39.0,215.0,274.0,259.0,0.0,222.0,1.0,1.0,0.0,0.0,0.0,0.0
2025/12/12,14:36:31,0,41.0,205.0,271.0,259.0,12.0,224.0,3.0,3.0,0.0,0.0,0.0,0.0
2025/12/12,14:36:36,0,42.0,200.0,272.0,260.0,15.0,222.0,4.0,3.0,0.0,0.0,0.0,0.0
2025/12/12,14:36:41,0,42.0,226.0,271.0,260.0,0.0,223.0,1.0,1.0,0.0,0.0,0.0,0.0
2025/12/12,14:36:46,0,43.0,210.0,271.0,259.0,2.0,222.0,0.0,1.0,0.0,0.0,0.0,0.0
2025/12/12,14:36:51,0,42.0,205.0,271.0,260.0,13.0,223.0,4.0,3.0,0.0,0.0,0.0,0.0
2025/12/12,14:36:56,0,42.0,204.0,272.0,259.0,17.0,222.0,3.0,4.0,0.0,0.0,0.0,0.0
2025/12/12,14:37:01,0,44.0,216.0,272.0,258.0,6.0,223.0,2.0,2.0,0.0,0.0,0.0,0.0
2025/12/12,14:37:06,0,42.0,228.0,272.0,259.0,0.0,222.0,2.0,1.0,0.0,0.0,0.0,0.0
2025/12/12,14:37:11,0,43.0,212.0,271.0,259.0,0.0,223.0,0.0,1.0,0.0,0.0,0.0,0.0
2025/12/12,14:37:16,0,39.0,208.0,271.0,259.0,10.0,222.0,3.0,2.0,0.0,0.0,0.0,0.0
2025/12/12,14:37:21,0,41.0,207.0,270.0,259.0,16.0,223.0,3.0,3.0,0.0,0.0,0.0,0.0
2025/12/12,14:37:26,0,40.0,207.0,269.0,260.0,12.0,223.0,4.0,3.0,0.0,0.0,0.0,0.0
2025/12/12,14:37:31,0,41.0,220.0,270.0,259.0,1.0,224.0,1.0,1.0,0.0,0.0,0.0,0.0
2025/12/12,14:37:36,0,41.0,223.0,271.0,259.0,0.0,222.0,1.0,0.0,0.0,0.0,0.0,0.0
2025/12/12,14:37:41,0,38.0,211.0,270.0,259.0,0.0,222.0,0.0,1.0,0.0,0.0,0.0,0.0
2025/12/12,14:37:46,0,40.0,204.0,268.0,259.0,15.0,221.0,4.0,3.0,0.0,0.0,0.0,0.0
2025/12/12,14:37:51,0,39.0,204.0,267.0,259.0,16.0,222.0,4.0,3.0,0.0,0.0,0.0,0.0
2025/12/12,14:37:56,0,43.0,227.0,270.0,259.0,0.0,223.0,2.0,1.0,0.0,0.0,0.0,0.0
2025/12/12,14:38:01,0,39.0,207.0,269.0,260.0,14.0,222.0,3.0,3.0,0.0,0.0,0.0,0.0
2025/12/12,14:38:06,0,32.0,205.0,269.0,259.0,17.0,223.0,4.0,3.0,0.0,0.0,0.0,0.0
2025/12/12,14:38:11,0,39.0,222.0,269.0,259.0,0.0,223.0,1.0,1.0,0.0,0.0,0.0,0.0
2025/12/12,14:38:16,0,37.0,209.0,268.0,259.0,9.0,224.0,2.0,2.0,0.0,0.0,0.0,0.0
2025/12/12,14:38:21,0,37.0,208.0,268.0,259.0,15.0,223.0,3.0,4.0,0.0,0.0,0.0,0.0
2025/12/12,14:38:26,0,39.0,205.0,267.0,259.0,18.0,223.0,6.0,3.0,0.0,0.0,0.0,0.0
2025/12/12,14:38:31,0,41.0,212.0,267.0,260.0,10.0,222.0,3.0,3.0,0.0,0.0,0.0,0.0
2025/12/12,14:38:36,0,41.0,215.0,270.0,259.0,5.0,222.0,2.0,2.0,0.0,0.0,0.0,0.0
2025/12/12,14:38:41,0,40.0,223.0,270.0,259.0,1.0,224.0,1.0,1.0,0.0,0.0,0.0,0.0
2025/12/12,14:38:46,0,41.0,226.0,269.0,260.0,0.0,223.0,1.0,1.0,0.0,0.0,0.0,0.0
2025/12/12,14:38:51,0,41.0,214.0,269.0,259.0,0.0,223.0,0.0,1.0,0.0,0.0,0.0,0.0
2025/12/12,14:38:56,0,43.0,208.0,268.0,259.0,14.0,222.0,4.0,3.0,0.0,0.0,0.0,0.0
2025/12/12,14:39:01,0,41.0,206.0,268.0,258.0,17.0,222.0,4.0,3.0,0.0,0.0,0.0,0.0
2025/12/12,14:39:06,0,42.0,202.0,267.0,260.0,18.0,223.0,6.0,3.0,0.0,0.0,0.0,0.0
2025/12/12,14:39:11,0,40.0,209.0,267.0,259.0,12.0,223.0,3.0,2.0,0.0,0.0,0.0,0.0
2025/12/12,14:39:16,0,41.0,224.0,268.0,260.0,1.0,223.0,1.0,1.0,0.0,0.0,0.0,0.0
2025/12/12,14:39:21,0,42.0,214.0,266.0,260.0,0.0,223.0,1.0,1.0,0.0,0.0,0.0,0.0
2025/12/12,14:39:26,0,42.0,208.0,267.0,260.0,8.0,223.0,1.0,2.0,0.0,0.0,0.0,0.0
2025/12/12,14:39:31,0,41.0,212.0,265.0,259.0,15.0,222.0,4.0,4.0,0.0,0.0,0.0,0.0
2025/12/12,14:39:36,0,40.0,205.0,265.0,260.0,16.0,223.0,4.0,3.0,0.0,0.0,0.0,0.0
2025/12/12,14:39:41,0,42.0,221.0,266.0,258.0,2.0,223.0,2.0,1.0,0.0,0.0,0.0,0.0
2025/12/12,14:39:46,0,41.0,214.0,267.0,259.0,0.0,220.0,1.0,1.0,0.0,0.0,0.0,0.0
2025/12/12,14:39:51,0,41.0,204.0,263.0,259.0,21.0,222.0,3.0,3.0,0.0,0.0,0.0,0.0
2025/12/12,14:39:56,0,43.0,207.0,263.0,259.0,17.0,223.0,4.0,3.0,0.0,0.0,0.0,0.0
2025/12/12,14:40:01,0,41.0,212.0,265.0,259.0,13.0,224.0,4.0,3.0,0.0,0.0,0.0,0.0
2025/12/12,14:40:06,0,43.0,222.0,266.0,258.0,0.0,223.0,2.0,1.0,0.0,0.0,0.0,0.0
2025/12/12,14:40:11,0,43.0,207.0,263.0,259.0,12.0,224.0,3.0,2.0,0.0,0.0,0.0,-0.0008
2025/12/12,14:40:16,0,42.0,206.0,263.0,259.0,16.0,223.0,4.0,3.0,0.0,0.0,0.0,0.0
2025/12/12,14:40:21,0,43.0,214.0,264.0,259.0,7.0,223.0,3.0,2.0,0.0,0.0,0.0,0.0
2025/12/12,14:40:26,0,43.0,227.0,264.0,260.0,0.0,223.0,2.0,1.0,0.0,0.0,0.0,0.0
2025/12/12,14:40:31,0,43.0,214.0,264.0,259.0,0.0,223.0,1.0,1.0,0.0,0.0,0.0,0.0
2025/12/12,14:40:36,0,47.0,208.0,264.0,257.0,2.0,223.0,1.0,1.0,0.0,0.0,0.0,0.0
2025/12/12,14:40:41,0,42.0,209.0,261.0,259.0,16.0,222.0,4.0,3.0,0.0,0.0,0.0,0.0
2025/12/12,14:40:46,0,43.0,201.0,259.0,259.0,19.0,223.0,5.0,4.0,0.0,0.0,0.0,0.0
2025/12/12,14:40:51,0,41.0,222.0,263.0,260.0,0.0,223.0,1.0,1.0,0.0,0.0,0.0,0.0
2025/12/12,14:40:56,0,45.0,221.0,263.0,259.0,0.0,224.0,0.0,0.0,0.0,0.0,0.0,0.0
2025/12/12,14:41:01,0,40.0,209.0,262.0,260.0,8.0,224.0,1.0,3.0,0.0,0.0,0.0,0.0
2025/12/12,14:41:06,0,42.0,211.0,261.0,259.0,15.0,224.0,2.0,4.0,0.0,0.0,0.0,0.0
2025/12/12,14:41:11,0,43.0,204.0,262.0,259.0,17.0,223.0,4.0,3.0,0.0,0.0,0.0,0.0
2025/12/12,14:41:16,0,39.0,215.0,262.0,259.0,5.0,222.0,3.0,2.0,0.0,0.0,0.0,0.0
2025/12/12,14:41:21,0,41.0,228.0,260.0,259.0,1.0,223.0,1.0,1.0,0.0,0.0,0.0,0.0
2025/12/12,14:41:26,0,41.0,212.0,264.0,257.0,0.0,223.0,1.0,0.0,0.0,0.0,0.0,0.0
2025/12/12,14:41:31,0,43.0,209.0,260.0,260.0,16.0,224.0,2.0,3.0,0.0,0.0,0.0,0.0
2025/12/12,14:41:36,0,37.0,204.0,261.0,259.0,17.0,223.0,4.0,4.0,0.0,0.0,0.0,0.0
2025/12/12,14:41:41,0,42.0,231.0,261.0,259.0,0.0,222.0,2.0,1.0,0.0,0.0,0.0,0.0
2025/12/12,14:41:46,0,37.0,215.0,264.0,261.0,0.0,223.0,1.0,1.0,0.0,0.0,0.0,0.0
2025/12/12,14:41:51,0,41.0,207.0,261.0,259.0,12.0,222.0,3.0,3.0,0.0,0.0,0.0,0.0
2025/12/12,14:41:56,0,39.0,202.0,261.0,259.0,18.0,223.0,4.0,4.0,0.0,0.0,0.0,0.0
2025/12/12,14:42:01,0,39.0,225.0,263.0,259.0,0.0,223.0,2.0,1.0,0.0,0.0,0.0,0.0
2025/12/12,14:42:06,0,40.0,212.0,261.0,259.0,0.0,224.0,0.0,0.0,0.0,0.0,0.0,0.0
2025/12/12,14:42:11,0,40.0,209.0,262.0,257.0,9.0,221.0,2.0,3.0,0.0,0.0,0.0,0.0
2025/12/12,14:42:16,0,38.0,204.0,261.0,259.0,15.0,224.0,3.0,3.0,0.0,0.0,0.0,0.0
2025/12/12,14:42:21,0,42.0,212.0,260.0,259.0,17.0,222.0,4.0,3.0,0.0,0.0,0.0,0.0
2025/12/12,14:42:54,0,40.0,207.0,259.0,259.0,18.0,223.0,4.0,3.0,0.0,0.0,0.0,0.0
2025/12/12,14:42:56,0,41.0,204.0,261.0,259.0,16.0,223.0,3.0,3.0,0.0,0.0,0.0,0.0
2025/12/12,14:43:01,0,39.0,203.0,261.0,259.0,17.0,223.0,4.0,3.0,0.0,0.0,0.0,0.0
2025/12/12,14:43:06,0,39.0,205.0,262.0,259.0,17.0,222.0,4.0,3.0,0.0,0.0,0.0,0.0
2025/12/12,14:43:11,0,41.0,213.0,260.0,259.0,16.0,222.0,3.0,3.0,0.0,0.0,0.0,0.0
2025/12/12,14:43:16,0,40.0,206.0,261.0,259.0,16.0,223.0,4.0,3.0,0.0,0.0,0.0,0.0
2025/12/12,14:43:21,0,37.0,209.0,262.0,258.0,12.0,223.0,3.0,3.0,0.0,0.0,0.0,0.0
2025/12/12,14:43:26,0,40.0,208.0,262.0,259.0,9.0,223.0,3.0,2.0,0.0,0.0,0.0,0.0
2025/12/12,14:43:31,0,35.0,209.0,262.0,260.0,4.0,223.0,1.0,1.0,0.0,0.0,0.0,0.0
2025/12/12,14:43:36,0,36.0,213.0,264.0,260.0,0.0,222.0,0.0,1.0,0.0,0.0,0.0,0.0
2025/12/12,14:43:41,0,35.0,210.0,264.0,259.0,0.0,223.0,0.0,0.0,0.0,0.0,0.0,0.0
2025/12/12,14:43:46,0,35.0,209.0,265.0,259.0,0.0,223.0,1.0,0.0,0.0,0.0,0.0,0.0
2025/12/12,14:43:51,0,36.0,209.0,264.0,260.0,2.0,222.0,1.0,1.0,0.0,0.0,0.0,0.0
2025/12/12,14:43:56,0,35.0,209.0,264.0,259.0,11.0,223.0,2.0,3.0,0.0,0.0,0.0,0.0
2025/12/12,14:44:01,0,36.0,203.0,262.0,259.0,14.0,223.0,4.0,3.0,0.0,0.0,0.0,0.0
2025/12/12,14:44:06,0,33.0,210.0,264.0,257.0,16.0,222.0,4.0,3.0,0.0,0.0,0.0,0.0
2025/12/12,14:44:11,0,36.0,211.0,263.0,259.0,17.0,224.0,3.0,4.0,0.0,0.0,0.0,0.0
2025/12/12,14:44:16,0,36.0,208.0,264.0,258.0,17.0,222.0,4.0,3.0,0.0,0.0,0.0,0.0
2025/12/12,14:44:21,0,34.0,211.0,264.0,259.0,17.0,223.0,4.0,3.0,0.0,0.0,0.0,0.0
2025/12/12,14:44:26,0,33.0,205.0,264.0,259.0,15.0,222.0,3.0,4.0,0.0,0.0,0.0,0.0
2025/12/12,14:44:31,0,32.0,206.0,263.0,259.0,16.0,221.0,4.0,4.0,0.0,0.0,0.0,0.0
2025/12/12,14:44:36,0,35.0,218.0,267.0,260.0,7.0,222.0,1.0,1.0,0.0,0.0,0.0,0.0
2025/12/12,14:44:41,0,34.0,225.0,265.0,259.0,0.0,222.0,1.0,1.0,0.0,0.0,0.0,0.0
2025/12/12,14:44:46,0,35.0,211.0,265.0,259.0,0.0,222.0,0.0,1.0,0.0,0.0,0.0,0.0
2025/12/12,14:44:51,0,36.0,205.0,265.0,260.0,16.0,223.0,4.0,4.0,0.0,0.0,0.0,0.0
2025/12/12,14:44:56,0,35.0,202.0,264.0,259.0,18.0,223.0,4.0,3.0,0.0,0.0,0.0,0.0
2025/12/12,14:45:01,0,36.0,227.0,266.0,259.0,1.0,223.0,2.0,1.0,0.0,0.0,0.0,0.0
2025/12/12,14:45:06,0,41.0,210.0,268.0,260.0,0.0,223.0,1.0,1.0,0.0,0.0,0.0,-0.0008
2025/12/12,14:45:11,0,35.0,206.0,266.0,258.0,14.0,223.0,3.0,4.0,0.0,0.0,0.0,0.0
2025/12/12,14:45:16,0,36.0,204.0,264.0,259.0,17.0,223.0,4.0,3.0,0.0,0.0,0.0,0.0
2025/12/12,14:45:21,0,34.0,217.0,268.0,259.0,5.0,224.0,2.0,2.0,0.0,0.0,0.0,0.0
2025/12/12,14:45:26,0,32.0,217.0,269.0,259.0,0.0,224.0,0.0,1.0,0.0,0.0,0.0,0.0
2025/12/12,14:45:31,0,35.0,207.0,266.0,259.0,15.0,224.0,4.0,4.0,0.0,0.0,0.0,0.0
2025/12/12,14:45:36,0,33.0,212.0,268.0,259.0,10.0,223.0,5.0,2.0,0.0,0.0,0.0,0.0
2025/12/12,14:45:41,0,32.0,212.0,269.0,259.0,1.0,222.0,0.0,0.0,0.0,0.0,0.0,0.0
2025/12/12,14:45:46,0,33.0,204.0,266.0,259.0,16.0,224.0,3.0,3.0,0.0,0.0,0.0,0.0
2025/12/12,14:45:51,0,32.0,201.0,265.0,259.0,14.0,224.0,3.0,3.0,0.0,0.0,0.0,0.0
2025/12/12,14:45:56,0,33.0,217.0,269.0,259.0,0.0,224.0,1.0,1.0,0.0,0.0,0.0,0.0
2025/12/12,14:46:01,0,32.0,222.0,270.0,259.0,0.0,222.0,1.0,0.0,0.0,0.0,0.0,0.0
2025/12/12,14:46:06,0,33.0,205.0,267.0,259.0,18.0,221.0,3.0,4.0,0.0,0.0,0.0,0.0
2025/12/12,14:46:11,0,34.0,222.0,270.0,259.0,0.0,223.0,1.0,1.0,0.0,0.0,0.0,0.0
2025/12/12,14:46:16,0,31.0,213.0,269.0,259.0,14.0,223.0,3.0,3.0,0.0,0.0,0.0,0.0
2025/12/12,14:46:21,0,32.0,214.0,270.0,259.0,5.0,223.0,2.0,2.0,0.0,0.0,0.0,0.0
2025/12/12,14:46:26,0,33.0,219.0,272.0,259.0,0.0,223.0,2.0,1.0,0.0,0.0,0.0,0.0
2025/12/12,14:46:31,0,34.0,204.0,269.0,259.0,15.0,224.0,3.0,4.0,0.0,0.0,0.0,0.0
2025/12/12,14:46:36,0,36.0,205.0,269.0,259.0,17.0,224.0,4.0,4.0,0.0,0.0,0.0,0.0
2025/12/12,14:46:41,0,35.0,224.0,271.0,259.0,0.0,222.0,1.0,0.0,0.0,0.0,0.0,0.0
2025/12/12,14:46:46,0,35.0,207.0,269.0,259.0,13.0,223.0,3.0,3.0,0.0,0.0,0.0,0.0
2025/12/12,14:46:51,0,31.0,212.0,270.0,259.0,14.0,223.0,4.0,3.0,0.0,0.0,0.0,0.0
2025/12/12,14:46:56,0,34.0,214.0,272.0,259.0,0.0,224.0,1.0,1.0,0.0,0.0,0.0,0.0
2025/12/12,14:47:01,0,34.0,206.0,271.0,258.0,18.0,222.0,4.0,3.0,0.0,0.0,0.0,0.0
2025/12/12,14:47:06,0,34.0,219.0,273.0,258.0,0.0,223.0,2.0,1.0,0.0,0.0,0.0,0.0
2025/12/12,14:47:11,0,33.0,206.0,270.0,259.0,17.0,224.0,3.0,4.0,0.0,0.0,0.0,0.0
2025/12/12,14:47:16,0,34.0,221.0,271.0,259.0,0.0,224.0,1.0,1.0,0.0,0.0,0.0,0.0
2025/12/12,14:47:21,0,32.0,204.0,271.0,259.0,16.0,224.0,3.0,3.0,0.0,0.0,0.0,0.0
2025/12/12,14:47:26,0,34.0,207.0,270.0,259.0,14.0,223.0,4.0,3.0,0.0,0.0,0.0,0.0
2025/12/12,14:47:31,0,31.0,211.0,273.0,260.0,0.0,223.0,1.0,1.0,0.0,0.0,0.0,0.0
2025/12/12,14:47:36,0,34.0,213.0,270.0,259.0,1.0,224.0,0.0,0.0,0.0,0.0,0.0,0.0
2025/12/12,14:47:41,0,33.0,211.0,271.0,259.0,3.0,224.0,0.0,1.0,0.0,0.0,0.0,0.0
2025/12/12,14:47:46,0,35.0,209.0,272.0,258.0,5.0,225.0,1.0,2.0,0.0,0.0,0.0,0.0
2025/12/12,14:47:51,0,36.0,206.0,272.0,260.0,13.0,223.0,3.0,3.0,0.0,0.0,0.0,0.0
2025/12/12,14:47:56,0,36.0,206.0,271.0,257.0,14.0,223.0,4.0,3.0,0.0,0.0,0.0,0.0
2025/12/12,14:48:01,0,39.0,209.0,272.0,259.0,3.0,223.0,1.0,1.0,0.0,0.0,0.0,0.0
2025/12/12,14:48:06,0,39.0,223.0,272.0,259.0,0.0,223.0,1.0,1.0,0.0,0.0,0.0,0.0
2025/12/12,14:48:11,0,38.0,207.0,272.0,259.0,17.0,224.0,2.0,3.0,0.0,0.0,0.0,0.0
2025/12/12,14:48:16,0,39.0,204.0,271.0,259.0,14.0,224.0,3.0,3.0,0.0,0.0,0.0,0.0
2025/12/12,14:48:56,0,44.0,213.0,272.0,259.0,3.0,225.0,1.0,1.0,0.0,0.0,0.0,0.0
2025/12/12,14:49:01,0,41.0,209.0,272.0,259.0,15.0,224.0,3.0,3.0,0.0,0.0,0.0,0.0
2025/12/12,14:49:06,0,42.0,209.0,274.0,259.0,0.0,223.0,1.0,0.0,0.0,0.0,0.0,0.0
2025/12/12,14:49:11,0,40.0,225.0,272.0,259.0,1.0,223.0,1.0,1.0,0.0,0.0,0.0,0.0
2025/12/12,14:49:16,0,42.0,224.0,273.0,259.0,0.0,224.0,0.0,0.0,0.0,0.0,0.0,0.0
2025/12/12,14:49:21,0,42.0,213.0,274.0,259.0,0.0,224.0,0.0,1.0,0.0,0.0,0.0,0.0
2025/12/12,14:49:26,0,41.0,206.0,274.0,259.0,12.0,224.0,2.0,3.0,0.0,0.0,0.0,0.0
2025/12/12,14:49:31,0,42.0,207.0,273.0,259.0,16.0,223.0,3.0,4.0,0.0,0.0,0.0,0.0
2025/12/12,14:49:36,0,42.0,219.0,275.0,259.0,2.0,223.0,2.0,1.0,0.0,0.0,0.0,0.0
2025/12/12,14:49:41,0,41.0,216.0,276.0,259.0,0.0,222.0,1.0,0.0,0.0,0.0,0.0,0.0
2025/12/12,14:49:46,0,41.0,208.0,275.0,259.0,9.0,223.0,2.0,2.0,0.0,0.0,0.0,0.0
2025/12/12,14:49:51,0,39.0,210.0,271.0,259.0,17.0,224.0,4.0,3.0,0.0,0.0,0.0,0.0
2025/12/12,14:49:56,0,40.0,204.0,271.0,259.0,18.0,222.0,4.0,4.0,0.0,0.0,0.0,0.0
2025/12/12,14:50:01,0,40.0,210.0,276.0,259.0,14.0,224.0,4.0,3.0,0.0,0.0,0.0,0.0
2025/12/12,14:50:06,0,40.0,221.0,275.0,259.0,3.0,224.0,1.0,1.0,0.0,0.0,0.0,0.0
2025/12/12,14:50:11,0,40.0,227.0,278.0,259.0,1.0,223.0,2.0,0.0,0.0,0.0,0.0,0.0
2025/12/12,14:50:16,0,40.0,215.0,278.0,259.0,0.0,223.0,1.0,0.0,0.0,0.0,0.0,0.0
2025/12/12,14:50:21,0,38.0,205.0,276.0,259.0,12.0,223.0,3.0,3.0,0.0,0.0,0.0,0.0
2025/12/12,14:50:26,0,40.0,203.0,276.0,261.0,15.0,222.0,4.0,3.0,0.0,0.0,0.0,0.0
2025/12/12,14:50:31,0,38.0,231.0,276.0,259.0,3.0,224.0,1.0,1.0,0.0,0.0,0.0,0.0
2025/12/12,14:50:36,0,42.0,207.0,276.0,259.0,6.0,223.0,1.0,1.0,0.0,0.0,0.0,0.0
2025/12/12,14:50:41,0,40.0,203.0,274.0,260.0,18.0,224.0,3.0,3.0,0.0,0.0,0.0,0.0
2025/12/12,14:50:46,0,42.0,226.0,278.0,259.0,1.0,224.0,1.0,1.0,0.0,0.0,0.0,0.0
2025/12/12,14:50:51,0,41.0,204.0,276.0,259.0,15.0,224.0,2.0,4.0,0.0,0.0,0.0,0.0
2025/12/12,14:50:56,0,39.0,212.0,277.0,259.0,12.0,224.0,3.0,3.0,0.0,0.0,0.0,0.0
2025/12/12,14:51:01,0,42.0,212.0,279.0,259.0,0.0,224.0,1.0,1.0,0.0,0.0,0.0,0.0
2025/12/12,14:51:06,0,40.0,202.0,276.0,258.0,16.0,223.0,4.0,3.0,0.0,0.0,0.0,0.0
2025/12/12,14:51:11,0,42.0,221.0,278.0,259.0,0.0,222.0,1.0,1.0,0.0,0.0,0.0,0.0
2025/12/12,14:51:16,0,42.0,210.0,276.0,258.0,20.0,223.0,4.0,3.0,0.0,0.0,0.0,0.0
2025/12/12,14:51:21,0,41.0,212.0,277.0,259.0,13.0,224.0,3.0,3.0,0.0,0.0,0.0,0.0
2025/12/12,14:51:26,0,40.0,219.0,279.0,259.0,0.0,225.0,1.0,1.0,0.0,0.0,0.0,0.0
2025/12/12,14:51:31,0,41.0,213.0,276.0,259.0,17.0,222.0,3.0,3.0,0.0,0.0,0.0,0.0
2025/12/12,14:51:36,0,40.0,220.0,277.0,259.0,3.0,224.0,2.0,1.0,0.0,0.0,0.0,0.0
2025/12/12,14:51:41,0,37.0,211.0,278.0,259.0,1.0,223.0,1.0,1.0,0.0,0.0,0.0,0.0
2025/12/12,14:51:46,0,40.0,206.0,278.0,259.0,16.0,224.0,3.0,4.0,0.0,0.0,0.0,0.0
2025/12/12,14:51:51,0,37.0,229.0,279.0,259.0,1.0,225.0,2.0,1.0,0.0,0.0,0.0,0.0
2025/12/12,14:51:56,0,41.0,207.0,278.0,259.0,12.0,222.0,3.0,3.0,0.0,0.0,0.0,0.0
2025/12/12,14:52:01,0,39.0,201.0,275.0,260.0,18.0,224.0,4.0,4.0,0.0,0.0,0.0,0.0
2025/12/12,14:52:06,0,38.0,224.0,280.0,259.0,1.0,224.0,1.0,1.0,0.0,0.0,0.0,0.0
2025/12/12,14:52:11,0,39.0,206.0,278.0,258.0,12.0,224.0,2.0,3.0,0.0,0.0,0.0,0.0
2025/12/12,14:52:16,0,39.0,206.0,278.0,259.0,17.0,223.0,4.0,4.0,0.0,0.0,0.0,0.0
2025/12/12,14:52:21,0,39.0,208.0,279.0,258.0,15.0,223.0,4.0,2.0,0.0,0.0,0.0,0.0
2025/12/12,14:52:26,0,41.0,218.0,280.0,259.0,4.0,224.0,3.0,2.0,0.0,0.0,0.0,0.0
2025/12/12,14:53:04,0,40.0,226.0,280.0,257.0,0.0,224.0,1.0,1.0,0.0,0.0,0.0,0.0
2025/12/12,14:53:08,0,38.0,220.0,280.0,258.0,3.0,224.0,1.0,1.0,0.0,0.0,0.0,0.0
2025/12/12,14:53:13,0,41.0,218.0,282.0,258.0,0.0,224.0,1.0,1.0,0.0,0.0,0.0,0.0
2025/12/12,14:53:18,0,40.0,207.0,279.0,258.0,14.0,223.0,3.0,4.0,0.0,0.0,0.0,0.0
2025/12/12,14:53:23,0,37.0,217.0,281.0,259.0,8.0,223.0,2.0,3.0,0.0,0.0,0.0,0.0
2025/12/12,14:53:28,0,40.0,210.0,280.0,259.0,0.0,225.0,0.0,1.0,0.0,0.0,0.0,0.0
2025/12/12,14:53:33,0,39.0,203.0,280.0,259.0,16.0,223.0,4.0,3.0,0.0,0.0,0.0,0.0
2025/12/12,14:53:38,0,41.0,219.0,282.0,260.0,0.0,222.0,1.0,1.0,0.0,0.0,0.0,0.0
2025/12/12,14:53:43,0,40.0,208.0,279.0,259.0,17.0,223.0,3.0,3.0,0.0,0.0,0.0,0.0
2025/12/12,14:53:48,0,41.0,226.0,281.0,259.0,0.0,223.0,2.0,1.0,0.0,0.0,0.0,0.0
2025/12/12,14:53:53,0,40.0,206.0,277.0,259.0,14.0,223.0,3.0,3.0,0.0,0.0,0.0,0.0
2025/12/12,14:53:58,0,39.0,213.0,281.0,259.0,10.0,223.0,3.0,2.0,0.0,0.0,0.0,0.0
2025/12/12,14:54:03,0,40.0,213.0,281.0,259.0,0.0,224.0,0.0,0.0,0.0,0.0,0.0,0.0
2025/12/12,14:54:08,0,40.0,208.0,280.0,259.0,18.0,224.0,4.0,3.0,0.0,0.0,0.0,0.0
2025/12/12,14:54:13,0,40.0,227.0,283.0,258.0,0.0,223.0,2.0,1.0,0.0,0.0,0.0,0.0
2025/12/12,14:54:18,0,40.0,214.0,280.0,259.0,16.0,223.0,4.0,3.0,0.0,0.0,0.0,0.0
2025/12/12,14:54:23,0,41.0,229.0,282.0,259.0,0.0,223.0,2.0,1.0,0.0,0.0,0.0,0.0
2025/12/12,14:54:28,0,39.0,215.0,277.0,259.0,17.0,224.0,3.0,3.0,0.0,0.0,0.0,0.0
2025/12/12,14:54:33,0,39.0,226.0,282.0,259.0,1.0,224.0,2.0,1.0,0.0,0.0,0.0,0.0
2025/12/12,14:54:38,0,40.0,210.0,280.0,259.0,15.0,224.0,3.0,3.0,0.0,0.0,0.0,0.0
2025/12/12,14:54:43,0,39.0,230.0,283.0,258.0,2.0,222.0,2.0,1.0,0.0,0.0,0.0,0.0
2025/12/12,14:54:48,0,38.0,206.0,281.0,259.0,14.0,224.0,3.0,3.0,0.0,0.0,0.0,0.0
2025/12/12,14:54:53,0,37.0,211.0,282.0,259.0,11.0,222.0,4.0,3.0,0.0,0.0,0.0,0.0
2025/12/12,14:54:58,0,39.0,216.0,283.0,259.0,0.0,223.0,1.0,1.0,0.0,0.0,0.0,0.0
2025/12/12,14:55:03,0,39.0,210.0,280.0,259.0,15.0,223.0,2.0,3.0,0.0,0.0,0.0,0.0
2025/12/12,14:55:08,0,39.0,222.0,284.0,260.0,5.0,223.0,3.0,1.0,0.0,0.0,0.0,0.0
2025/12/12,14:55:13,0,36.0,209.0,281.0,258.0,7.0,224.0,2.0,2.0,0.0,0.0,0.0,0.0
2025/12/12,14:55:18,0,35.0,203.0,281.0,259.0,18.0,223.0,4.0,4.0,0.0,0.0,0.0,0.0
2025/12/12,14:55:23,0,38.0,215.0,283.0,258.0,0.0,224.0,1.0,1.0,0.0,0.0,0.0,0.0
2025/12/12,14:55:28,0,40.0,209.0,282.0,259.0,16.0,224.0,3.0,3.0,0.0,0.0,0.0,0.0
2025/12/12,14:55:33,0,37.0,221.0,283.0,259.0,3.0,223.0,3.0,2.0,0.0,0.0,0.0,0.0
2025/12/12,14:55:38,0,41.0,211.0,284.0,259.0,0.0,224.0,0.0,1.0,0.0,0.0,0.0,0.0
2025/12/12,14:55:43,0,42.0,207.0,281.0,259.0,18.0,224.0,4.0,3.0,0.0,0.0,0.0,0.0
2025/12/12,14:55:48,0,41.0,206.0,279.0,259.0,15.0,224.0,4.0,3.0,0.0,0.0,0.0,0.0
2025/12/12,14:55:53,0,40.0,219.0,285.0,257.0,0.0,224.0,1.0,1.0,0.0,0.0,0.0,0.0
2025/12/12,14:55:58,0,40.0,219.0,284.0,258.0,3.0,224.0,1.0,1.0,0.0,0.0,0.0,0.0
2025/12/12,14:56:03,0,41.0,210.0,283.0,259.0,2.0,224.0,1.0,1.0,0.0,0.0,0.0,0.0
2025/12/12,14:56:08,0,39.0,207.0,283.0,260.0,16.0,223.0,3.0,2.0,0.0,0.0,0.0,0.0
2025/12/12,14:56:13,0,40.0,227.0,285.0,258.0,1.0,224.0,2.0,1.0,0.0,0.0,0.0,0.0
2025/12/12,14:56:18,0,41.0,206.0,281.0,258.0,15.0,222.0,3.0,3.0,0.0,0.0,0.0,0.0
2025/12/12,14:56:23,0,39.0,220.0,282.0,258.0,5.0,222.0,2.0,2.0,0.0,0.0,0.0,0.0
2025/12/12,14:56:28,0,42.0,209.0,282.0,259.0,5.0,224.0,1.0,2.0,0.0,0.0,0.0,0.0
2025/12/12,14:56:33,0,43.0,208.0,282.0,259.0,14.0,224.0,3.0,3.0,0.0,0.0,0.0,0.0
2025/12/12,14:56:38,0,42.0,210.0,284.0,259.0,0.0,223.0,0.0,1.0,0.0,0.0,0.0,0.0
2025/12/12,14:56:43,0,40.0,203.0,281.0,260.0,17.0,224.0,3.0,5.0,0.0,0.0,0.0,0.0
2025/12/12,14:56:48,0,42.0,213.0,283.0,259.0,0.0,223.0,1.0,1.0,0.0,0.0,0.0,0.0
2025/12/12,14:56:53,0,40.0,204.0,278.0,259.0,18.0,222.0,4.0,3.0,0.0,0.0,0.0,0.0
2025/12/12,14:56:58,0,40.0,210.0,280.0,259.0,0.0,223.0,0.0,1.0,0.0,0.0,0.0,0.0
2025/12/12,14:57:03,0,37.0,222.0,277.0,259.0,0.0,224.0,1.0,1.0,0.0,0.0,0.0,0.0
2025/12/12,14:57:08,0,41.0,205.0,275.0,257.0,17.0,222.0,3.0,3.0,0.0,0.0,0.0,0.0
2025/12/12,14:57:13,0,39.0,210.0,273.0,259.0,4.0,220.0,1.0,2.0,0.0,0.0,0.0,0.0
2025/12/12,14:57:18,0,43.0,221.0,272.0,259.0,1.0,224.0,1.0,1.0,0.0,0.0,0.0,0.0
2025/12/12,14:57:23,0,46.0,213.0,269.0,259.0,20.0,222.0,3.0,3.0,0.0,0.0,0.0,0.0
2025/12/12,14:57:28,0,44.0,231.0,270.0,258.0,0.0,226.0,2.0,1.0,0.0,0.0,0.0,0.0
2025/12/12,14:57:33,0,47.0,203.0,267.0,259.0,17.0,224.0,3.0,3.0,0.0,0.0,0.0,0.0
2025/12/12,14:57:38,0,47.0,206.0,265.0,258.0,15.0,223.0,4.0,3.0,0.0,0.0,0.0,0.0
2025/12/12,14:57:43,0,48.0,209.0,265.0,259.0,9.0,224.0,2.0,2.0,0.0,0.0,0.0,0.0
2025/12/12,14:57:48,0,48.0,208.0,266.0,258.0,1.0,224.0,0.0,1.0,0.0,0.0,0.0,0.0
2025/12/12,14:57:53,0,47.0,215.0,265.0,259.0,0.0,224.0,1.0,1.0,0.0,0.0,0.0,0.0
2025/12/12,14:57:58,0,53.0,224.0,264.0,256.0,3.0,224.0,1.0,1.0,0.0,0.0,0.0,0.0
2025/12/12,14:58:03,0,42.0,208.0,261.0,259.0,16.0,224.0,3.0,3.0,0.0,0.0,0.0,0.0
2025/12/12,14:58:08,0,48.0,210.0,259.0,259.0,17.0,223.0,4.0,4.0,0.0,0.0,0.0,0.0
2025/12/12,14:58:13,0,47.0,208.0,259.0,259.0,14.0,224.0,3.0,3.0,0.0,0.0,0.0,0.0
2025/12/12,14:58:18,0,46.0,209.0,261.0,259.0,0.0,222.0,0.0,0.0,0.0,0.0,0.0,0.0
2025/12/12,14:58:23,0,47.0,218.0,259.0,259.0,0.0,224.0,1.0,1.0,0.0,0.0,0.0,0.0
2025/12/12,14:58:28,0,45.0,227.0,258.0,258.0,0.0,222.0,2.0,1.0,0.0,0.0,0.0,0.0
2025/12/12,14:58:33,0,46.0,220.0,254.0,259.0,4.0,224.0,2.0,2.0,0.0,0.0,0.0,0.0
2025/12/12,14:58:38,0,46.0,202.0,255.0,259.0,19.0,224.0,4.0,3.0,0.0,0.0,0.0,0.0
2025/12/12,14:58:43,0,46.0,209.0,254.0,258.0,17.0,222.0,4.0,3.0,0.0,0.0,0.0,0.0
2025/12/12,14:58:48,0,47.0,207.0,255.0,258.0,8.0,224.0,2.0,3.0,0.0,0.0,0.0,0.0
2025/12/12,14:58:53,0,44.0,216.0,255.0,259.0,8.0,224.0,0.0,1.0,0.0,0.0,0.0,0.0
2025/12/12,14:58:58,0,53.0,229.0,253.0,259.0,2.0,223.0,1.0,1.0,0.0,0.0,0.0,0.0
2025/12/12,14:59:03,0,46.0,208.0,253.0,259.0,13.0,224.0,3.0,3.0,0.0,0.0,0.0,0.0
2025/12/12,14:59:08,0,46.0,207.0,253.0,258.0,11.0,222.0,3.0,2.0,0.0,0.0,0.0,0.0
2025/12/12,14:59:13,0,46.0,222.0,254.0,257.0,1.0,222.0,2.0,1.0,0.0,0.0,0.0,0.0
2025/12/12,14:59:18,0,43.0,207.0,252.0,259.0,7.0,223.0,2.0,2.0,0.0,0.0,0.0,0.0
2025/12/12,14:59:23,0,48.0,205.0,252.0,259.0,17.0,224.0,4.0,3.0,0.0,0.0,0.0,0.0
2025/12/12,14:59:28,0,47.0,217.0,250.0,259.0,0.0,223.0,2.0,1.0,0.0,0.0,0.0,0.0
2025/12/12,14:59:33,0,47.0,211.0,249.0,259.0,16.0,222.0,3.0,3.0,0.0,0.0,0.0,0.0
2025/12/12,14:59:38,0,46.0,225.0,253.0,259.0,0.0,224.0,2.0,1.0,0.0,0.0,0.0,0.0
2025/12/12,14:59:43,0,51.0,210.0,249.0,259.0,16.0,222.0,4.0,3.0,0.0,0.0,0.0,0.0
2025/12/12,14:59:48,0,48.0,228.0,252.0,259.0,1.0,224.0,2.0,1.0,0.0,0.0,0.0,0.0
2025/12/12,14:59:53,0,46.0,212.0,250.0,259.0,16.0,224.0,3.0,3.0,0.0,0.0,0.0,0.0
2025/12/12,14:59:58,0,45.0,219.0,251.0,259.0,0.0,224.0,1.0,1.0,0.0,0.0,0.0,0.0
2025/12/12,15:00:03,0,46.0,206.0,251.0,257.0,13.0,222.0,4.0,3.0,0.0,0.0,0.0,0.0
2025/12/12,15:00:08,0,46.0,209.0,248.0,259.0,12.0,224.0,3.0,3.0,0.0,0.0,0.0,0.0
2025/12/12,15:00:13,0,44.0,225.0,251.0,257.0,4.0,222.0,2.0,1.0,0.0,0.0,0.0,0.0
2025/12/12,15:00:18,0,44.0,209.0,250.0,258.0,17.0,222.0,4.0,3.0,0.0,0.0,0.0,0.0
2025/12/12,15:00:23,0,46.0,210.0,250.0,259.0,0.0,222.0,1.0,1.0,0.0,0.0,0.0,0.0
2025/12/12,15:00:28,0,47.0,223.0,250.0,259.0,0.0,226.0,1.0,1.0,0.0,0.0,0.0,0.0
2025/12/12,15:00:33,0,45.0,208.0,248.0,259.0,28.0,222.0,3.0,3.0,0.0,0.0,0.0,0.0
2025/12/12,15:00:38,0,45.0,209.0,251.0,258.0,0.0,224.0,1.0,1.0,0.0,0.0,0.0,0.0
2025/12/12,15:00:43,0,43.0,227.0,248.0,259.0,0.0,224.0,1.0,1.0,0.0,0.0,0.0,0.0
2025/12/12,15:00:48,0,45.0,204.0,247.0,258.0,17.0,223.0,4.0,2.0,0.0,0.0,0.0,0.0
2025/12/12,15:00:53,0,46.0,207.0,247.0,259.0,13.0,222.0,3.0,3.0,0.0,0.0,0.0,0.0
2025/12/12,15:00:58,0,45.0,227.0,251.0,257.0,0.0,224.0,2.0,1.0,0.0,0.0,0.0,0.0
2025/12/12,15:01:03,0,45.0,206.0,247.0,259.0,17.0,223.0,4.0,3.0,0.0,0.0,0.0,0.0
2025/12/12,15:01:08,0,44.0,209.0,248.0,259.0,1.0,224.0,1.0,1.0,0.0,0.0,0.0,0.0
2025/12/12,15:01:13,0,45.0,217.0,249.0,259.0,4.0,224.0,1.0,1.0,0.0,0.0,0.0,0.0
2025/12/12,15:01:18,0,41.0,212.0,248.0,258.0,17.0,223.0,3.0,3.0,0.0,0.0,0.0,0.0
2025/12/12,15:01:23,0,43.0,212.0,249.0,258.0,0.0,224.0,1.0,0.0,0.0,0.0,0.0,0.0
2025/12/12,15:01:28,0,45.0,214.0,248.0,258.0,10.0,223.0,3.0,2.0,0.0,0.0,0.0,0.0
2025/12/12,15:01:33,0,46.0,210.0,247.0,257.0,12.0,223.0,3.0,3.0,0.0,0.0,0.0,0.0
2025/12/12,15:01:38,0,45.0,217.0,248.0,259.0,0.0,223.0,1.0,1.0,0.0,0.0,0.0,0.0
2025/12/12,15:01:43,0,43.0,211.0,248.0,257.0,13.0,223.0,3.0,3.0,0.0,0.0,0.0,0.0
2025/12/12,15:01:48,0,45.0,207.0,244.0,259.0,14.0,224.0,2.0,3.0,0.0,0.0,0.0,0.0
2025/12/12,15:01:53,0,45.0,225.0,247.0,259.0,0.0,224.0,1.0,1.0,0.0,0.0,0.0,0.0
2025/12/12,15:01:58,0,46.0,203.0,245.0,259.0,16.0,223.0,4.0,4.0,0.0,0.0,0.0,0.0
2025/12/12,15:02:03,0,45.0,206.0,247.0,259.0,8.0,224.0,2.0,3.0,0.0,0.0,0.0,0.0
2025/12/12,15:02:08,0,44.0,223.0,248.0,258.0,0.0,224.0,1.0,1.0,0.0,0.0,0.0,0.0
2025/12/12,15:02:13,0,44.0,207.0,245.0,259.0,17.0,223.0,3.0,3.0,0.0,0.0,0.0,0.0
2025/12/12,15:02:18,0,45.0,213.0,247.0,259.0,0.0,224.0,1.0,1.0,0.0,0.0,0.0,0.0
2025/12/12,15:02:23,0,46.0,206.0,243.0,259.0,17.0,225.0,3.0,3.0,0.0,0.0,0.0,0.0
2025/12/12,15:02:28,0,44.0,207.0,245.0,259.0,3.0,225.0,1.0,2.0,0.0,0.0,0.0,0.0
2025/12/12,15:02:33,0,41.0,218.0,247.0,259.0,4.0,224.0,1.0,2.0,0.0,0.0,0.0,0.0
2025/12/12,15:02:38,0,41.0,214.0,245.0,259.0,16.0,224.0,3.0,3.0,0.0,0.0,0.0,0.0
2025/12/12,15:03:13,0,41.0,206.0,245.0,257.0,16.0,223.0,5.0,3.0,0.0,0.0,0.0,0.0
2025/12/12,15:03:17,0,41.0,215.0,246.0,259.0,6.0,223.0,2.0,2.0,0.0,0.0,0.0,0.0
2025/12/12,15:03:22,0,38.0,207.0,244.0,258.0,14.0,225.0,2.0,3.0,0.0,0.0,0.0,0.0
2025/12/12,15:03:27,0,38.0,223.0,244.0,259.0,1.0,224.0,1.0,1.0,0.0,0.0,0.0,0.0
2025/12/12,15:03:32,0,37.0,201.0,245.0,259.0,17.0,225.0,4.0,5.0,0.0,0.0,0.0,0.0
2025/12/12,15:03:37,0,36.0,209.0,246.0,258.0,6.0,223.0,2.0,2.0,0.0,0.0,0.0,0.0
2025/12/12,15:03:42,0,37.0,224.0,248.0,259.0,1.0,223.0,2.0,1.0,0.0,0.0,0.0,0.0
2025/12/12,15:03:47,0,36.0,209.0,245.0,259.0,16.0,224.0,4.0,3.0,0.0,0.0,0.0,0.0
2025/12/12,15:03:52,0,38.0,223.0,245.0,259.0,0.0,225.0,1.0,0.0,0.0,0.0,0.0,0.0
2025/12/12,15:03:57,0,41.0,209.0,246.0,258.0,4.0,224.0,1.0,1.0,0.0,0.0,0.0,0.0
2025/12/12,15:04:02,0,39.0,207.0,244.0,259.0,17.0,223.0,3.0,4.0,0.0,0.0,0.0,0.0
2025/12/12,15:04:07,0,39.0,221.0,245.0,259.0,2.0,224.0,1.0,1.0,0.0,0.0,0.0,0.0
2025/12/12,15:04:12,0,39.0,212.0,248.0,258.0,0.0,223.0,0.0,0.0,0.0,0.0,0.0,0.0
2025/12/12,15:04:17,0,40.0,208.0,244.0,259.0,16.0,223.0,4.0,3.0,0.0,0.0,0.0,0.0
2025/12/12,15:04:22,0,40.0,226.0,248.0,259.0,0.0,224.0,1.0,1.0,0.0,0.0,0.0,0.0
2025/12/12,15:04:27,0,40.0,211.0,244.0,259.0,14.0,225.0,3.0,3.0,-0.0008,0.0,0.0,0.0
2025/12/12,15:04:32,0,39.0,205.0,246.0,258.0,17.0,223.0,5.0,3.0,0.0,0.0,0.0,0.0
2025/12/12,15:04:37,0,39.0,218.0,248.0,258.0,0.0,224.0,1.0,1.0,0.0,0.0,0.0,0.0
2025/12/12,15:04:42,0,39.0,206.0,246.0,258.0,16.0,224.0,3.0,3.0,0.0,0.0,0.0,0.0
2025/12/12,15:04:47,0,39.0,212.0,245.0,258.0,12.0,224.0,3.0,2.0,0.0,0.0,0.0,0.0
2025/12/12,15:04:52,0,38.0,217.0,249.0,259.0,0.0,223.0,2.0,1.0,0.0,0.0,0.0,0.0
2025/12/12,15:04:57,0,38.0,207.0,245.0,259.0,15.0,225.0,3.0,3.0,0.0,0.0,0.0,0.0
2025/12/12,15:05:02,0,36.0,204.0,246.0,259.0,16.0,224.0,4.0,3.0,0.0,0.0,0.0,0.0
2025/12/12,15:05:07,0,37.0,228.0,249.0,259.0,0.0,225.0,1.0,1.0,0.0,0.0,0.0,0.0
2025/12/12,15:05:12,0,36.0,211.0,248.0,259.0,3.0,225.0,1.0,1.0,0.0,0.0,0.0,0.0
2025/12/12,15:05:17,0,36.0,208.0,245.0,259.0,17.0,224.0,3.0,4.0,0.0,0.0,0.0,0.0
2025/12/12,15:05:22,0,45.0,214.0,248.0,257.0,6.0,225.0,3.0,2.0,0.0,0.0,0.0,0.0
2025/12/12,15:05:27,0,38.0,218.0,247.0,259.0,0.0,225.0,2.0,1.0,0.0,0.0,0.0,0.0
2025/12/12,15:05:32,0,37.0,204.0,246.0,259.0,14.0,223.0,4.0,3.0,0.0,0.0,0.0,0.0
2025/12/12,15:05:37,0,35.0,206.0,247.0,259.0,20.0,225.0,4.0,4.0,0.0,0.0,0.0,0.0
2025/12/12,15:05:42,0,37.0,214.0,248.0,257.0,0.0,225.0,1.0,1.0,0.0,0.0,0.0,0.0
2025/12/12,15:05:47,0,37.0,207.0,245.0,259.0,18.0,225.0,3.0,3.0,0.0,0.0,0.0,0.0
2025/12/12,15:05:52,0,37.0,230.0,250.0,258.0,1.0,224.0,2.0,1.0,0.0,0.0,0.0,0.0
2025/12/12,15:05:57,0,37.0,223.0,247.0,258.0,11.0,230.0,3.0,2.0,0.0,0.0,0.0,0.0
2025/12/12,15:06:02,0,40.0,239.0,247.0,258.0,15.0,231.0,4.0,3.0,0.0,0.0,0.0,0.0
2025/12/12,15:06:07,0,37.0,249.0,249.0,259.0,0.0,233.0,2.0,1.0,0.0,0.0,0.0,0.0
2025/12/12,15:06:12,0,37.0,248.0,246.0,257.0,22.0,232.0,5.0,5.0,0.0,0.0,0.0,0.0
2025/12/12,15:06:17,0,34.0,239.0,249.0,258.0,12.0,233.0,2.0,2.0,0.0,0.0,0.0,0.0
2025/12/12,15:06:22,0,37.0,241.0,249.0,259.0,0.0,234.0,1.0,1.0,0.0,0.0,0.0,0.0
2025/12/12,15:06:27,0,36.0,263.0,247.0,259.0,18.0,230.0,3.0,3.0,0.0,0.0,0.0,0.0
2025/12/12,15:06:32,0,38.0,238.0,249.0,257.0,5.0,231.0,2.0,2.0,0.0,0.0,0.0,0.0
2025/12/12,15:06:37,0,37.0,237.0,247.0,259.0,0.0,233.0,0.0,1.0,0.0,0.0,0.0,0.0
2025/12/12,15:06:42,0,36.0,260.0,248.0,259.0,16.0,233.0,3.0,3.0,0.0,0.0,0.0,0.0
2025/12/12,15:06:47,0,36.0,235.0,248.0,259.0,21.0,234.0,6.0,5.0,0.0,0.0,0.0,0.0
2025/12/12,15:06:52,0,36.0,242.0,249.0,258.0,7.0,233.0,3.0,2.0,0.0,0.0,0.0,0.0
2025/12/12,15:06:57,0,36.0,238.0,249.0,258.0,1.0,233.0,1.0,0.0,0.0,0.0,0.0,0.0
2025/12/12,15:07:02,0,36.0,264.0,246.0,258.0,2.0,233.0,1.0,1.0,0.0,0.0,0.0,0.0
2025/12/12,15:07:07,0,37.0,244.0,250.0,258.0,0.0,232.0,1.0,0.0,0.0,0.0,0.0,0.0
2025/12/12,15:07:12,0,37.0,230.0,249.0,257.0,8.0,231.0,1.0,2.0,0.0,0.0,0.0,0.0
2025/12/12,15:07:17,0,36.0,260.0,248.0,257.0,17.0,232.0,3.0,3.0,0.0,0.0,0.0,0.0
2025/12/12,15:07:22,0,37.0,239.0,248.0,258.0,12.0,232.0,3.0,3.0,0.0,0.0,0.0,0.0
2025/12/12,15:07:27,0,37.0,258.0,249.0,259.0,0.0,233.0,2.0,1.0,0.0,0.0,0.0,0.0
2025/12/12,15:07:32,0,39.0,229.0,248.0,258.0,11.0,233.0,2.0,3.0,0.0,0.0,0.0,0.0
2025/12/12,15:07:37,0,35.0,244.0,245.0,259.0,18.0,233.0,4.0,3.0,0.0,0.0,0.0,0.0
2025/12/12,15:07:42,0,36.0,240.0,249.0,259.0,5.0,233.0,1.0,1.0,0.0,0.0,0.0,0.0
2025/12/12,15:07:47,0,36.0,244.0,251.0,257.0,0.0,232.0,1.0,1.0,0.0,0.0,0.0,0.0
2025/12/12,15:07:52,0,34.0,223.0,248.0,258.0,14.0,231.0,3.0,3.0,0.0,0.0,0.0,0.0
2025/12/12,15:07:57,0,35.0,239.0,247.0,259.0,18.0,232.0,4.0,3.0,0.0,0.0,0.0,0.0
2025/12/12,15:08:02,0,34.0,255.0,251.0,257.0,0.0,232.0,2.0,1.0,0.0,0.0,0.0,0.0
2025/12/12,15:08:07,0,33.0,254.0,248.0,259.0,18.0,232.0,3.0,4.0,0.0,0.0,0.0,0.0
2025/12/12,15:08:12,0,35.0,258.0,250.0,259.0,2.0,233.0,2.0,1.0,0.0,0.0,0.0,0.0
2025/12/12,15:08:17,0,41.0,263.0,249.0,259.0,16.0,233.0,3.0,4.0,0.0,0.0,0.0,0.0
2025/12/12,15:08:22,0,36.0,249.0,250.0,259.0,0.0,232.0,1.0,1.0,0.0,0.0,0.0,0.0
2025/12/12,15:08:27,0,35.0,228.0,249.0,257.0,17.0,230.0,4.0,2.0,0.0,0.0,0.0,0.0
2025/12/12,15:08:32,0,34.0,240.0,251.0,258.0,3.0,230.0,2.0,1.0,0.0,0.0,0.0,0.0
2025/12/12,15:08:37,0,33.0,228.0,248.0,259.0,12.0,231.0,2.0,3.0,0.0,0.0,0.0,0.0
2025/12/12,15:08:42,0,33.0,239.0,250.0,257.0,15.0,231.0,4.0,3.0,0.0,0.0,0.0,0.0
2025/12/12,15:08:47,0,34.0,238.0,251.0,258.0,0.0,233.0,1.0,1.0,0.0,0.0,0.0,0.0
2025/12/12,15:08:52,0,37.0,233.0,246.0,259.0,21.0,232.0,6.0,4.0,0.0,0.0,0.0,0.0
2025/12/12,15:08:57,0,36.0,236.0,248.0,259.0,0.0,232.0,1.0,0.0,0.0,0.0,0.0,0.0
2025/12/12,15:09:02,0,37.0,237.0,247.0,259.0,18.0,231.0,4.0,3.0,0.0,0.0,0.0,0.0
2025/12/12,15:09:07,0,36.0,250.0,252.0,257.0,0.0,233.0,1.0,1.0,0.0,0.0,0.0,0.0
2025/12/12,15:09:12,0,34.0,259.0,249.0,258.0,15.0,233.0,3.0,4.0,0.0,0.0,0.0,0.0
2025/12/12,15:09:17,0,38.0,238.0,250.0,258.0,3.0,231.0,2.0,1.0,0.0,0.0,0.0,0.0
2025/12/12,15:09:22,0,37.0,242.0,250.0,259.0,0.0,232.0,1.0,1.0,0.0,0.0,0.0,0.0
2025/12/12,15:09:27,0,34.0,225.0,249.0,258.0,13.0,231.0,3.0,3.0,0.0,0.0,0.0,0.0
2025/12/12,15:09:32,0,37.0,254.0,246.0,259.0,18.0,232.0,4.0,3.0,0.0,0.0,0.0,0.0
2025/12/12,15:09:37,0,35.0,233.0,249.0,259.0,17.0,233.0,4.0,4.0,0.0,0.0,0.0,0.0
2025/12/12,15:09:42,0,33.0,238.0,251.0,258.0,6.0,232.0,2.0,2.0,0.0,0.0,0.0,0.0
2025/12/12,15:09:47,0,40.0,261.0,251.0,259.0,1.0,232.0,1.0,1.0,0.0,0.0,0.0,0.0
2025/12/12,15:09:52,0,34.0,244.0,253.0,259.0,0.0,233.0,0.0,0.0,0.0,0.0,0.0,0.0
2025/12/12,15:09:57,0,34.0,228.0,250.0,259.0,9.0,233.0,2.0,2.0,0.0,0.0,0.0,0.0
2025/12/12,15:10:02,0,34.0,251.0,249.0,259.0,17.0,231.0,4.0,3.0,0.0,0.0,0.0,0.0
2025/12/12,15:10:07,0,37.0,239.0,249.0,259.0,8.0,231.0,3.0,2.0,0.0,0.0,0.0,0.0
2025/12/12,15:10:12,0,34.0,253.0,253.0,257.0,0.0,232.0,2.0,1.0,0.0,0.0,0.0,0.0
2025/12/12,15:10:17,0,34.0,227.0,250.0,259.0,10.0,231.0,3.0,2.0,0.0,0.0,0.0,0.0
2025/12/12,15:10:22,0,32.0,258.0,250.0,258.0,15.0,232.0,3.0,3.0,0.0,0.0,0.0,0.0
2025/12/12,15:10:27,0,33.0,237.0,248.0,259.0,18.0,233.0,3.0,4.0,0.0,0.0,0.0,0.0
2025/12/12,15:10:32,0,36.0,233.0,249.0,259.0,16.0,233.0,4.0,4.0,0.0,0.0,0.0,0.0
2025/12/12,15:10:37,0,27.0,241.0,250.0,259.0,13.0,231.0,5.0,3.0,0.0,0.0,0.0,0.0
2025/12/12,15:10:42,0,31.0,238.0,250.0,259.0,5.0,232.0,2.0,2.0,0.0,0.0,0.0,0.0
2025/12/12,15:10:47,0,32.0,259.0,252.0,259.0,5.0,232.0,1.0,1.0,0.0,0.0,0.0,0.0
2025/12/12,15:10:52,0,32.0,240.0,253.0,258.0,0.0,233.0,1.0,1.0,0.0,0.0,0.0,0.0
2025/12/12,15:10:57,0,46.0,231.0,248.0,259.0,16.0,232.0,4.0,3.0,0.0,0.0,0.0,0.0
2025/12/12,15:11:02,0,32.0,236.0,252.0,259.0,19.0,232.0,4.0,3.0,0.0,0.0,0.0,0.0
2025/12/12,15:11:07,0,39.0,255.0,252.0,259.0,3.0,232.0,3.0,2.0,0.0,0.0,0.0,0.0
2025/12/12,15:11:12,0,30.0,233.0,253.0,259.0,0.0,232.0,0.0,0.0,0.0,0.0,0.0,0.0
2025/12/12,15:11:17,0,31.0,252.0,250.0,259.0,18.0,233.0,4.0,3.0,0.0,0.0,0.0,0.0
2025/12/12,15:11:22,0,32.0,237.0,251.0,259.0,3.0,231.0,0.0,2.0,0.0,0.0,0.0,0.0
2025/12/12,15:11:27,0,31.0,227.0,251.0,259.0,13.0,232.0,3.0,3.0,0.0,0.0,0.0,0.0
2025/12/12,15:11:32,0,31.0,239.0,252.0,259.0,3.0,233.0,1.0,1.0,0.0,0.0,0.0,0.0
2025/12/12,15:11:37,0,30.0,227.0,251.0,259.0,15.0,232.0,3.0,3.0,0.0,0.0,0.0,0.0
2025/12/12,15:11:42,0,27.0,253.0,254.0,258.0,0.0,232.0,1.0,1.0,0.0,0.0,0.0,0.0
2025/12/12,15:11:47,0,28.0,257.0,251.0,260.0,15.0,231.0,3.0,3.0,0.0,0.0,0.0,0.0
2025/12/12,15:11:52,0,28.0,248.0,254.0,259.0,0.0,231.0,2.0,1.0,0.0,0.0,0.0,0.0
2025/12/12,15:11:57,0,28.0,236.0,249.0,258.0,16.0,230.0,4.0,4.0,0.0,0.0,0.0,0.0
2025/12/12,15:12:02,0,32.0,246.0,251.0,259.0,18.0,232.0,3.0,4.0,0.0,0.0,0.0,0.0
2025/12/12,15:12:07,0,30.0,242.0,253.0,259.0,0.0,232.0,1.0,1.0,0.0,0.0,0.0,0.0
2025/12/12,15:12:12,0,29.0,235.0,251.0,259.0,2.0,233.0,2.0,1.0,0.0,0.0,0.0,0.0
2025/12/12,15:12:17,0,31.0,236.0,251.0,259.0,20.0,233.0,5.0,5.0,0.0,0.0,0.0,0.0
2025/12/12,15:12:22,0,35.0,258.0,251.0,259.0,17.0,232.0,4.0,3.0,0.0,0.0,0.0,0.0
2025/12/12,15:12:27,0,29.0,231.0,252.0,259.0,4.0,232.0,1.0,1.0,0.0,0.0,0.0,0.0
2025/12/12,15:12:32,0,31.0,247.0,254.0,259.0,0.0,231.0,1.0,1.0,0.0,0.0,0.0,0.0
2025/12/12,15:12:37,0,30.0,237.0,254.0,260.0,1.0,231.0,3.0,0.0,0.0,0.0,0.0,0.0
2025/12/12,15:12:42,0,31.0,239.0,252.0,259.0,16.0,233.0,4.0,3.0,0.0,0.0,0.0,0.0
2025/12/12,15:12:47,0,32.0,253.0,252.0,259.0,17.0,231.0,4.0,3.0,0.0,0.0,0.0,0.0
2025/12/12,15:13:24,0,29.0,211.0,254.0,259.0,18.0,223.0,4.0,4.0,0.0,0.0,0.0,0.0
2025/12/12,15:13:27,0,34.0,222.0,255.0,259.0,0.0,225.0,0.0,0.0,0.0,0.0,0.0,0.0
2025/12/12,15:13:32,0,28.0,224.0,255.0,258.0,0.0,225.0,1.0,0.0,0.0,0.0,0.0,0.0
2025/12/12,15:13:37,0,31.0,217.0,256.0,258.0,10.0,223.0,2.0,2.0,0.0,0.0,0.0,0.0
2025/12/12,15:13:42,0,32.0,202.0,255.0,259.0,23.0,224.0,5.0,4.0,0.0,0.0,0.0,0.0
2025/12/12,15:13:47,0,32.0,209.0,255.0,258.0,16.0,224.0,3.0,4.0,0.0,0.0,0.0,0.0
2025/12/12,15:13:52,0,35.0,210.0,254.0,259.0,12.0,222.0,3.0,3.0,0.0,0.0,0.0,0.0
2025/12/12,15:13:57,0,35.0,214.0,258.0,259.0,0.0,224.0,0.0,1.0,0.0,0.0,0.0,0.0
2025/12/12,15:14:02,0,34.0,228.0,257.0,259.0,0.0,224.0,1.0,1.0,0.0,0.0,0.0,0.0
2025/12/12,15:14:07,0,35.0,217.0,257.0,259.0,8.0,223.0,4.0,2.0,0.0,0.0,0.0,0.0
2025/12/12,15:14:12,0,34.0,204.0,256.0,258.0,17.0,224.0,3.0,3.0,0.0,0.0,0.0,0.0
2025/12/12,15:14:17,0,32.0,203.0,256.0,258.0,16.0,224.0,4.0,4.0,0.0,0.0,0.0,0.0
2025/12/12,15:14:22,0,34.0,212.0,259.0,258.0,0.0,225.0,0.0,0.0,0.0,0.0,0.0,0.0
2025/12/12,15:14:27,0,34.0,224.0,260.0,258.0,1.0,224.0,2.0,1.0,0.0,0.0,0.0,0.0
2025/12/12,15:14:32,0,33.0,227.0,261.0,257.0,0.0,224.0,2.0,1.0,0.0,0.0,0.0,0.0
2025/12/12,15:15:23,0,33.0,210.0,259.0,259.0,18.0,225.0,4.0,4.0,0.0,0.0,0.0,0.0
2025/12/12,15:15:27,0,31.0,208.0,260.0,258.0,12.0,224.0,2.0,2.0,0.0,0.0,0.0,0.0
2025/12/12,15:15:32,0,30.0,212.0,262.0,259.0,0.0,224.0,1.0,0.0,0.0,0.0,0.0,0.0
2025/12/12,15:15:37,0,30.0,229.0,262.0,259.0,3.0,225.0,1.0,1.0,0.0,0.0,0.0,0.0
2025/12/12,15:15:42,0,31.0,202.0,258.0,259.0,19.0,224.0,4.0,4.0,0.0,0.0,0.0,0.0
2025/12/12,15:15:47,0,31.0,207.0,261.0,259.0,17.0,223.0,5.0,3.0,0.0,0.0,0.0,0.0
2025/12/12,15:15:52,0,28.0,212.0,263.0,260.0,2.0,224.0,1.0,1.0,0.0,0.0,0.0,0.0
2025/12/12,15:15:57,0,31.0,218.0,264.0,259.0,0.0,224.0,0.0,1.0,0.0,0.0,0.0,0.0
2025/12/12,15:16:02,0,32.0,224.0,259.0,259.0,1.0,224.0,1.0,1.0,0.0,0.0,0.0,0.0
2025/12/12,15:16:07,0,34.0,222.0,263.0,259.0,1.0,225.0,0.0,1.0,0.0,0.0,0.0,0.0
2025/12/12,15:16:12,0,34.0,200.0,258.0,259.0,23.0,225.0,5.0,4.0,0.0,0.0,0.0,0.0
2025/12/12,15:16:17,0,31.0,211.0,259.0,259.0,16.0,224.0,4.0,3.0,0.0,0.0,0.0,0.0
2025/12/12,15:16:22,0,31.0,209.0,257.0,259.0,2.0,224.0,0.0,1.0,0.0,0.0,0.0,0.0
2025/12/12,15:16:27,0,31.0,225.0,257.0,258.0,0.0,225.0,2.0,1.0,0.0,0.0,0.0,0.0
2025/12/12,15:16:32,0,32.0,214.0,256.0,259.0,9.0,224.0,2.0,3.0,0.0,0.0,0.0,0.0
2025/12/12,15:16:37,0,32.0,203.0,251.0,259.0,19.0,225.0,4.0,3.0,0.0,0.0,0.0,0.0
2025/12/12,15:16:42,0,32.0,213.0,250.0,259.0,17.0,224.0,3.0,4.0,0.0,0.0,0.0,0.0
2025/12/12,15:16:47,0,33.0,208.0,252.0,259.0,11.0,225.0,3.0,3.0,0.0,0.0,0.0,0.0
2025/12/12,15:16:52,0,27.0,212.0,254.0,258.0,0.0,226.0,1.0,0.0,0.0,0.0,0.0,0.0
2025/12/12,15:16:57,0,31.0,225.0,254.0,259.0,2.0,224.0,1.0,0.0,0.0,0.0,0.0,0.0
2025/12/12,15:17:02,0,30.0,215.0,253.0,258.0,8.0,223.0,3.0,2.0,0.0,0.0,0.0,0.0
2025/12/12,15:17:07,0,30.0,207.0,252.0,259.0,18.0,223.0,4.0,4.0,0.0,0.0,0.0,0.0
2025/12/12,15:17:12,0,32.0,207.0,252.0,258.0,13.0,224.0,3.0,3.0,0.0,0.0,0.0,0.0
2025/12/12,15:17:17,0,25.0,211.0,252.0,259.0,2.0,223.0,1.0,1.0,0.0,0.0,0.0,0.0
2025/12/12,15:17:22,0,26.0,217.0,254.0,257.0,0.0,225.0,1.0,1.0,0.0,0.0,0.0,0.0
2025/12/12,15:17:27,0,27.0,227.0,253.0,258.0,0.0,223.0,2.0,1.0,0.0,0.0,0.0,0.0
2025/12/12,15:17:32,0,29.0,212.0,251.0,258.0,11.0,223.0,3.0,3.0,0.0,0.0,0.0,0.0
2025/12/12,15:17:37,0,27.0,203.0,249.0,259.0,19.0,225.0,4.0,3.0,0.0,0.0,0.0,0.0
2025/12/12,15:17:42,0,27.0,211.0,251.0,259.0,16.0,224.0,3.0,3.0,0.0,0.0,0.0,0.0
2025/12/12,15:17:47,0,31.0,210.0,252.0,260.0,9.0,225.0,2.0,2.0,0.0,0.0,0.0,0.0
2025/12/12,15:17:52,0,27.0,205.0,251.0,259.0,11.0,225.0,3.0,3.0,0.0,0.0,0.0,0.0
2025/12/12,15:17:57,0,27.0,211.0,250.0,259.0,18.0,225.0,4.0,4.0,0.0,0.0,0.0,0.0
2025/12/12,15:18:02,0,30.0,205.0,252.0,259.0,17.0,223.0,4.0,3.0,0.0,0.0,0.0,0.0
2025/12/12,15:18:07,0,26.0,201.0,251.0,259.0,19.0,225.0,4.0,4.0,0.0,0.0,0.0,0.0
2025/12/12,15:18:12,0,29.0,207.0,251.0,259.0,14.0,224.0,4.0,3.0,0.0,0.0,0.0,0.0
2025/12/12,15:18:17,0,28.0,213.0,253.0,258.0,15.0,225.0,4.0,3.0,0.0,0.0,0.0,0.0
2025/12/12,15:18:22,0,27.0,215.0,253.0,259.0,8.0,224.0,3.0,2.0,0.0,0.0,0.0,0.0
2025/12/12,15:18:27,0,25.0,221.0,255.0,260.0,0.0,224.0,1.0,1.0,0.0,0.0,0.0,0.0
2025/12/12,15:18:32,0,25.0,230.0,254.0,258.0,1.0,223.0,2.0,0.0,0.0,0.0,0.0,0.0
2025/12/12,15:18:37,0,26.0,225.0,254.0,258.0,0.0,225.0,1.0,1.0,0.0,0.0,0.0,0.0
2025/12/12,15:18:42,0,22.0,206.0,250.0,258.0,12.0,223.0,3.0,2.0,0.0,0.0,0.0,0.0
2025/12/12,15:18:47,0,27.0,207.0,252.0,259.0,7.0,224.0,2.0,2.0,0.0,0.0,0.0,0.0
2025/12/12,15:18:52,0,26.0,207.0,252.0,258.0,17.0,223.0,4.0,4.0,0.0,0.0,0.0,0.0
2025/12/12,15:18:57,0,33.0,213.0,254.0,259.0,10.0,224.0,3.0,3.0,0.0,0.0,0.0,0.0
2025/12/12,15:19:02,0,23.0,227.0,253.0,259.0,0.0,224.0,2.0,1.0,0.0,0.0,0.0,0.0
2025/12/12,15:19:07,0,26.0,215.0,252.0,259.0,0.0,224.0,1.0,1.0,0.0,0.0,0.0,0.0
2025/12/12,15:19:12,0,25.0,209.0,253.0,259.0,3.0,223.0,0.0,0.0,0.0,0.0,0.0,0.0
2025/12/12,15:19:17,0,31.0,204.0,252.0,258.0,14.0,225.0,3.0,3.0,0.0,0.0,0.0,0.0
2025/12/12,15:19:22,0,28.0,211.0,252.0,258.0,16.0,225.0,4.0,3.0,0.0,0.0,0.0,0.0
2025/12/12,15:19:27,0,28.0,204.0,252.0,259.0,18.0,225.0,3.0,4.0,0.0,0.0,0.0,0.0
2025/12/12,15:19:32,0,24.0,210.0,252.0,259.0,15.0,224.0,3.0,3.0,0.0,0.0,0.0,0.0
2025/12/12,15:19:37,0,28.0,221.0,254.0,258.0,0.0,224.0,2.0,1.0,0.0,0.0,0.0,0.0
2025/12/12,15:19:42,0,28.0,223.0,255.0,258.0,0.0,224.0,1.0,1.0,0.0,0.0,0.0,0.0
2025/12/12,15:19:47,0,28.0,220.0,255.0,258.0,3.0,223.0,2.0,1.0,0.0,0.0,0.0,0.0
2025/12/12,15:19:52,0,29.0,215.0,254.0,258.0,9.0,224.0,4.0,2.0,0.0,0.0,0.0,0.0
2025/12/12,15:19:57,0,26.0,208.0,253.0,258.0,14.0,223.0,4.0,3.0,0.0,0.0,0.0,0.0
2025/12/12,15:20:02,0,30.0,205.0,254.0,258.0,16.0,224.0,5.0,4.0,0.0,0.0,0.0,0.0
2025/12/12,15:20:07,0,27.0,200.0,253.0,258.0,22.0,224.0,4.0,4.0,0.0,0.0,0.0,0.0
2025/12/12,15:20:12,0,28.0,202.0,250.0,259.0,21.0,225.0,4.0,4.0,0.0,0.0,0.0,0.0
2025/12/12,15:20:17,0,26.0,210.0,254.0,258.0,17.0,224.0,3.0,4.0,0.0,0.0,0.0,0.0
2025/12/12,15:20:22,0,26.0,211.0,254.0,259.0,9.0,225.0,2.0,3.0,0.0,0.0,0.0,0.0
2025/12/12,15:20:27,0,23.0,211.0,257.0,259.0,0.0,223.0,1.0,1.0,0.0,0.0,0.0,0.0
2025/12/12,15:20:32,0,28.0,217.0,257.0,259.0,0.0,225.0,0.0,1.0,0.0,0.0,0.0,0.0
2025/12/12,15:20:37,0,26.0,222.0,258.0,259.0,0.0,224.0,1.0,1.0,0.0,0.0,0.0,0.0
2025/12/12,15:20:42,0,26.0,228.0,259.0,260.0,0.0,223.0,1.0,1.0,0.0,0.0,0.0,0.0
2025/12/12,15:20:47,0,28.0,220.0,258.0,258.0,3.0,225.0,2.0,1.0,0.0,0.0,0.0,0.0
2025/12/12,15:20:52,0,27.0,210.0,255.0,259.0,10.0,225.0,3.0,3.0,0.0,0.0,0.0,0.0
2025/12/12,15:20:57,0,24.0,203.0,257.0,257.0,18.0,223.0,5.0,3.0,0.0,0.0,0.0,0.0
2025/12/12,15:21:02,0,25.0,204.0,257.0,258.0,18.0,224.0,4.0,3.0,0.0,0.0,0.0,0.0
2025/12/12,15:21:07,0,26.0,209.0,258.0,259.0,16.0,223.0,5.0,3.0,0.0,0.0,0.0,0.0
2025/12/12,15:21:12,0,26.0,209.0,258.0,258.0,16.0,224.0,3.0,3.0,0.0,0.0,0.0,0.0
2025/12/12,15:21:17,0,27.0,207.0,259.0,259.0,17.0,224.0,4.0,5.0,0.0,0.0,0.0,0.0
2025/12/12,15:21:22,0,26.0,206.0,259.0,259.0,15.0,224.0,3.0,3.0,0.0,0.0,0.0,0.0
2025/12/12,15:21:27,0,26.0,206.0,256.0,259.0,16.0,223.0,5.0,3.0,0.0,0.0,0.0,0.0
2025/12/12,15:21:32,0,27.0,209.0,258.0,258.0,17.0,224.0,4.0,3.0,0.0,0.0,0.0,0.0
2025/12/12,15:21:37,0,27.0,203.0,260.0,259.0,18.0,225.0,4.0,4.0,0.0,0.0,0.0,0.0
2025/12/12,15:21:42,0,26.0,204.0,261.0,258.0,16.0,225.0,4.0,4.0,0.0,0.0,0.0,0.0
2025/12/12,15:21:47,0,29.0,213.0,263.0,258.0,11.0,223.0,4.0,2.0,0.0,0.0,0.0,0.0
2025/12/12,15:21:52,0,29.0,216.0,263.0,258.0,5.0,224.0,2.0,2.0,0.0,0.0,0.0,0.0
2025/12/12,15:21:57,0,29.0,220.0,263.0,258.0,4.0,223.0,3.0,2.0,0.0,0.0,0.0,0.0
2025/12/12,15:22:02,0,30.0,215.0,263.0,258.0,8.0,224.0,2.0,2.0,0.0,0.0,0.0,0.0
2025/12/12,15:22:07,0,23.0,216.0,265.0,260.0,8.0,223.0,3.0,2.0,0.0,0.0,0.0,0.0
2025/12/12,15:22:12,0,28.0,220.0,265.0,258.0,3.0,224.0,2.0,1.0,0.0,0.0,0.0,0.0
2025/12/12,15:22:17,0,27.0,228.0,265.0,259.0,0.0,224.0,2.0,1.0,0.0,0.0,0.0,0.0
2025/12/12,15:22:22,0,28.0,212.0,266.0,258.0,0.0,224.0,1.0,1.0,0.0,0.0,0.0,0.0
2025/12/12,15:22:27,0,26.0,209.0,264.0,258.0,9.0,223.0,2.0,2.0,0.0,0.0,0.0,0.0
2025/12/12,15:22:32,0,25.0,212.0,263.0,258.0,16.0,224.0,3.0,3.0,0.0,0.0,0.0,0.0
2025/12/12,15:22:37,0,26.0,203.0,264.0,259.0,17.0,224.0,4.0,4.0,0.0,0.0,0.0,0.0
2025/12/12,15:22:42,0,24.0,215.0,264.0,258.0,8.0,225.0,3.0,2.0,0.0,0.0,0.0,0.0
2025/12/12,15:22:47,0,28.0,224.0,265.0,259.0,1.0,225.0,2.0,2.0,0.0,0.0,0.0,0.0
2025/12/12,15:22:52,0,25.0,228.0,263.0,259.0,2.0,224.0,1.0,1.0,0.0,0.0,0.0,0.0
2025/12/12,15:22:57,0,26.0,219.0,263.0,259.0,0.0,224.0,1.0,1.0,0.0,0.0,0.0,0.0
2025/12/12,15:23:02,0,20.0,212.0,266.0,256.0,0.0,225.0,1.0,1.0,0.0,0.0,0.0,0.0
2025/12/12,15:23:07,0,26.0,211.0,263.0,259.0,17.0,223.0,4.0,3.0,0.0,0.0,0.0,0.0
2025/12/12,15:23:12,0,27.0,208.0,264.0,258.0,14.0,224.0,4.0,4.0,0.0,0.0,0.0,0.0
2025/12/12,15:23:17,0,25.0,225.0,266.0,258.0,0.0,223.0,1.0,1.0,0.0,0.0,0.0,0.0
2025/12/12,15:23:22,0,25.0,211.0,266.0,259.0,0.0,224.0,0.0,0.0,0.0,0.0,0.0,0.0
2025/12/12,15:23:27,0,24.0,208.0,264.0,259.0,11.0,224.0,2.0,3.0,0.0,0.0,0.0,0.0
2025/12/12,15:23:32,0,25.0,208.0,263.0,257.0,21.0,223.0,4.0,3.0,0.0,0.0,0.0,0.0
2025/12/12,15:23:37,0,24.0,205.0,264.0,258.0,18.0,223.0,4.0,3.0,0.0,0.0,0.0,0.0
2025/12/12,15:23:42,0,24.0,220.0,265.0,259.0,5.0,225.0,3.0,1.0,0.0,0.0,0.0,0.0
2025/12/12,15:23:47,0,24.0,216.0,268.0,259.0,0.0,224.0,1.0,1.0,0.0,0.0,0.0,0.0
2025/12/12,15:23:52,0,24.0,207.0,266.0,258.0,12.0,224.0,2.0,3.0,0.0,0.0,0.0,0.0
2025/12/12,15:23:57,0,24.0,210.0,263.0,258.0,17.0,225.0,3.0,3.0,0.0,0.0,0.0,0.0
2025/12/12,15:24:02,0,23.0,208.0,266.0,257.0,16.0,224.0,4.0,3.0,0.0,0.0,0.0,0.0
2025/12/12,15:24:07,0,26.0,210.0,264.0,259.0,3.0,225.0,2.0,1.0,0.0,0.0,0.0,0.0
2025/12/12,15:24:12,0,25.0,220.0,267.0,258.0,0.0,225.0,2.0,1.0,0.0,0.0,0.0,0.0
2025/12/12,15:24:17,0,25.0,226.0,268.0,258.0,1.0,224.0,2.0,1.0,0.0,0.0,0.0,0.0
2025/12/12,15:24:22,0,25.0,222.0,268.0,258.0,0.0,223.0,2.0,1.0,0.0,0.0,0.0,0.0
2025/12/12,15:24:27,0,25.0,219.0,269.0,258.0,0.0,223.0,2.0,1.0,0.0,0.0,0.0,0.0
2025/12/12,15:24:32,0,25.0,224.0,270.0,257.0,0.0,223.0,2.0,1.0,0.0,0.0,0.0,0.0
2025/12/12,15:24:37,0,30.0,218.0,269.0,259.0,5.0,223.0,3.0,1.0,0.0,0.0,0.0,0.0
2025/12/12,15:24:42,0,25.0,211.0,267.0,258.0,17.0,224.0,4.0,4.0,0.0,0.0,0.0,0.0
2025/12/12,15:24:47,0,25.0,221.0,270.0,258.0,0.0,223.0,2.0,1.0,0.0,0.0,0.0,0.0
2025/12/12,15:24:52,0,27.0,204.0,266.0,259.0,19.0,223.0,5.0,4.0,0.0,0.0,0.0,0.0
2025/12/12,15:24:57,0,25.0,209.0,267.0,259.0,18.0,224.0,4.0,3.0,0.0,0.0,0.0,0.0
2025/12/12,15:25:02,0,26.0,211.0,268.0,259.0,16.0,223.0,4.0,3.0,0.0,0.0,0.0,0.0
2025/12/12,15:25:07,0,30.0,210.0,266.0,259.0,12.0,224.0,3.0,3.0,0.0,0.0,0.0,0.0
2025/12/12,15:25:12,0,25.0,212.0,269.0,258.0,0.0,224.0,0.0,0.0,0.0,0.0,0.0,0.0
2025/12/12,15:25:17,0,25.0,229.0,271.0,258.0,0.0,224.0,1.0,0.0,0.0,0.0,0.0,0.0
2025/12/12,15:25:22,0,24.0,206.0,269.0,259.0,16.0,225.0,4.0,5.0,0.0,0.0,0.0,0.0
2025/12/12,15:25:54,0,26.0,213.0,270.0,260.0,24.0,224.0,5.0,4.0,0.0,0.0,0.0,0.0
2025/12/12,15:25:57,0,26.0,209.0,271.0,258.0,10.0,224.0,2.0,2.0,0.0,0.0,0.0,0.0
2025/12/12,15:26:02,0,26.0,218.0,271.0,259.0,7.0,223.0,2.0,2.0,0.0,0.0,0.0,0.0
2025/12/12,15:26:07,0,25.0,209.0,272.0,260.0,8.0,224.0,2.0,2.0,0.0,0.0,0.0,0.0
2025/12/12,15:26:12,0,24.0,209.0,272.0,259.0,15.0,224.0,4.0,4.0,0.0,0.0,0.0,0.0
2025/12/12,15:26:17,0,24.0,214.0,274.0,260.0,0.0,224.0,1.0,1.0,0.0,0.0,0.0,0.0
2025/12/12,15:26:22,0,27.0,210.0,271.0,258.0,17.0,224.0,3.0,4.0,0.0,0.0,0.0,0.0
2025/12/12,15:26:27,0,24.0,216.0,272.0,259.0,7.0,224.0,4.0,1.0,0.0,0.0,0.0,0.0
2025/12/12,15:26:32,0,24.0,219.0,273.0,259.0,0.0,223.0,1.0,1.0,0.0,0.0,0.0,0.0
2025/12/12,15:26:37,0,22.0,209.0,273.0,257.0,8.0,225.0,1.0,2.0,0.0,0.0,0.0,0.0
2025/12/12,15:26:42,0,21.0,211.0,272.0,258.0,18.0,223.0,4.0,3.0,0.0,0.0,0.0,0.0
2025/12/12,15:26:47,0,25.0,207.0,272.0,257.0,17.0,225.0,4.0,3.0,0.0,0.0,0.0,0.0
2025/12/12,15:26:52,0,25.0,207.0,273.0,257.0,18.0,223.0,5.0,3.0,0.0,0.0,0.0,0.0
2025/12/12,15:26:57,0,23.0,225.0,275.0,259.0,2.0,224.0,1.0,1.0,0.0,0.0,0.0,0.0
2025/12/12,15:27:02,0,25.0,216.0,275.0,258.0,0.0,224.0,0.0,0.0,0.0,0.0,0.0,0.0
2025/12/12,15:27:07,0,27.0,209.0,272.0,258.0,16.0,224.0,3.0,4.0,0.0,0.0,0.0,0.0
2025/12/12,15:27:12,0,26.0,227.0,276.0,259.0,0.0,225.0,1.0,1.0,0.0,0.0,0.0,0.0
2025/12/12,15:27:17,0,27.0,208.0,272.0,258.0,19.0,226.0,4.0,3.0,0.0,0.0,0.0,0.0
2025/12/12,15:27:22,0,28.0,225.0,276.0,259.0,0.0,225.0,1.0,1.0,0.0,0.0,0.0,0.0
2025/12/12,15:27:27,0,27.0,207.0,272.0,258.0,14.0,225.0,3.0,3.0,0.0,0.0,0.0,0.0
2025/12/12,15:27:32,0,28.0,205.0,273.0,258.0,17.0,226.0,5.0,4.0,0.0,0.0,0.0,0.0
2025/12/12,15:27:37,0,28.0,219.0,276.0,257.0,0.0,224.0,1.0,1.0,0.0,0.0,0.0,0.0
2025/12/12,15:27:42,0,25.0,212.0,273.0,259.0,17.0,224.0,4.0,3.0,0.0,0.0,0.0,0.0
2025/12/12,15:27:47,0,30.0,213.0,275.0,258.0,5.0,224.0,2.0,3.0,0.0,0.0,0.0,0.0
2025/12/12,15:27:52,0,26.0,211.0,276.0,258.0,0.0,224.0,1.0,0.0,0.0,0.0,0.0,0.0
2025/12/12,15:27:57,0,27.0,209.0,275.0,257.0,17.0,223.0,4.0,3.0,0.0,0.0,0.0,0.0
2025/12/12,15:28:02,0,22.0,218.0,276.0,256.0,4.0,225.0,2.0,2.0,0.0,0.0,0.0,0.0
2025/12/12,15:28:07,0,27.0,219.0,276.0,259.0,0.0,225.0,0.0,1.0,0.0,0.0,0.0,0.0
2025/12/12,15:28:12,0,26.0,208.0,276.0,259.0,7.0,223.0,2.0,2.0,0.0,0.0,0.0,0.0
2025/12/12,15:28:17,0,27.0,205.0,275.0,258.0,18.0,224.0,3.0,4.0,0.0,0.0,0.0,0.0
2025/12/12,15:28:22,0,28.0,222.0,277.0,258.0,1.0,226.0,2.0,1.0,0.0,0.0,0.0,0.0
2025/12/12,15:28:27,0,25.0,209.0,275.0,258.0,17.0,224.0,3.0,3.0,0.0,0.0,0.0,0.0
2025/12/12,15:28:32,0,27.0,220.0,278.0,258.0,0.0,224.0,2.0,1.0,0.0,0.0,0.0,0.0
2025/12/12,15:28:37,0,25.0,204.0,275.0,259.0,18.0,224.0,3.0,4.0,0.0,0.0,0.0,0.0
2025/12/12,15:28:42,0,24.0,223.0,277.0,259.0,0.0,224.0,2.0,1.0,0.0,0.0,0.0,0.0
2025/12/12,15:28:47,0,26.0,208.0,275.0,259.0,8.0,224.0,2.0,2.0,0.0,0.0,0.0,0.0
2025/12/12,15:28:52,0,26.0,208.0,276.0,257.0,14.0,224.0,3.0,3.0,0.0,0.0,0.0,0.0
2025/12/12,15:28:57,0,29.0,207.0,276.0,257.0,13.0,224.0,3.0,3.0,0.0,0.0,0.0,0.0
2025/12/12,15:29:02,0,28.0,209.0,276.0,259.0,7.0,225.0,2.0,2.0,0.0,0.0,0.0,0.0
2025/12/12,15:29:07,0,28.0,209.0,277.0,258.0,8.0,224.0,2.0,2.0,0.0,0.0,0.0,0.0
2025/12/12,15:29:12,0,28.0,206.0,277.0,258.0,10.0,225.0,2.0,3.0,0.0,0.0,0.0,0.0
2025/12/12,15:29:17,0,26.0,204.0,277.0,258.0,16.0,225.0,4.0,3.0,0.0,0.0,0.0,0.0
2025/12/12,15:29:22,0,27.0,217.0,278.0,258.0,1.0,226.0,1.0,1.0,0.0,0.0,0.0,0.0
2025/12/12,15:29:27,0,27.0,203.0,276.0,258.0,19.0,224.0,3.0,3.0,0.0,0.0,0.0,0.0
2025/12/12,15:29:32,0,26.0,223.0,280.0,257.0,0.0,225.0,1.0,1.0,0.0,0.0,0.0,0.0
2025/12/12,15:29:37,0,23.0,211.0,279.0,258.0,4.0,225.0,1.0,1.0,0.0,0.0,0.0,0.0
2025/12/12,15:29:42,0,25.0,206.0,277.0,258.0,19.0,223.0,4.0,4.0,0.0,0.0,0.0,0.0
2025/12/12,15:29:47,0,24.0,219.0,280.0,259.0,2.0,225.0,1.0,1.0,0.0,0.0,0.0,0.0
2025/12/12,15:29:52,0,25.0,223.0,277.0,259.0,1.0,225.0,1.0,1.0,0.0,0.0,0.0,0.0
2025/12/12,15:29:57,0,24.0,214.0,281.0,259.0,0.0,225.0,0.0,1.0,0.0,0.0,0.0,0.0
2025/12/12,15:30:02,0,23.0,210.0,280.0,257.0,4.0,223.0,1.0,1.0,0.0,0.0,0.0,0.0
2025/12/12,15:30:07,0,28.0,209.0,280.0,257.0,7.0,223.0,2.0,2.0,0.0,0.0,0.0,0.0
2025/12/12,15:30:12,0,23.0,208.0,279.0,258.0,10.0,225.0,2.0,3.0,0.0,0.0,0.0,0.0
2025/12/12,15:30:17,0,24.0,212.0,279.0,259.0,17.0,224.0,4.0,3.0,0.0,0.0,0.0,0.0
2025/12/12,15:30:22,0,25.0,211.0,278.0,258.0,13.0,225.0,3.0,3.0,0.0,0.0,0.0,-0.0008
2025/12/12,15:30:27,0,23.0,222.0,281.0,258.0,0.0,223.0,2.0,1.0,0.0,0.0,0.0,0.0
2025/12/12,15:30:32,0,25.0,207.0,278.0,258.0,16.0,222.0,3.0,3.0,0.0,0.0,0.0,0.0
2025/12/12,15:30:37,0,22.0,207.0,278.0,258.0,17.0,224.0,5.0,3.0,0.0,0.0,0.0,0.0
2025/12/12,15:30:42,0,25.0,216.0,282.0,259.0,0.0,225.0,1.0,1.0,0.0,0.0,0.0,0.0
2025/12/12,15:30:47,0,24.0,213.0,279.0,257.0,17.0,224.0,3.0,3.0,0.0,0.0,0.0,0.0
2025/12/12,15:30:52,0,24.0,219.0,281.0,258.0,8.0,225.0,2.0,3.0,0.0,0.0,0.0,0.0
2025/12/12,15:30:57,0,23.0,210.0,280.0,258.0,0.0,225.0,0.0,1.0,0.0,0.0,0.0,0.0
2025/12/12,15:31:02,0,24.0,209.0,280.0,259.0,16.0,226.0,4.0,3.0,0.0,0.0,0.0,0.0
2025/12/12,15:31:07,0,21.0,222.0,282.0,258.0,2.0,225.0,2.0,0.0,0.0,0.0,0.0,0.0
2025/12/12,15:31:12,0,24.0,213.0,282.0,258.0,0.0,226.0,2.0,1.0,0.0,0.0,0.0,0.0
2025/12/12,15:31:17,0,19.0,205.0,281.0,258.0,15.0,225.0,3.0,4.0,0.0,0.0,0.0,0.0
2025/12/12,15:31:22,0,21.0,206.0,281.0,259.0,18.0,225.0,4.0,4.0,0.0,0.0,0.0,0.0
2025/12/12,15:31:27,0,20.0,208.0,281.0,259.0,13.0,225.0,4.0,3.0,0.0,0.0,0.0,0.0
2025/12/12,15:31:32,0,16.0,219.0,282.0,258.0,4.0,224.0,2.0,2.0,0.0,0.0,0.0,0.0
2025/12/12,15:31:37,0,23.0,217.0,282.0,258.0,8.0,226.0,3.0,2.0,0.0,0.0,0.0,0.0
2025/12/12,15:31:42,0,22.0,202.0,280.0,258.0,18.0,226.0,5.0,4.0,0.0,0.0,0.0,0.0
2025/12/12,15:31:47,0,22.0,208.0,281.0,259.0,20.0,225.0,4.0,3.0,0.0,0.0,0.0,0.0
2025/12/12,15:31:52,0,22.0,210.0,280.0,258.0,17.0,224.0,4.0,4.0,0.0,0.0,0.0,0.0
2025/12/12,15:31:57,0,24.0,208.0,282.0,259.0,16.0,225.0,4.0,4.0,0.0,0.0,0.0,0.0
2025/12/12,15:32:02,0,22.0,213.0,279.0,258.0,18.0,224.0,4.0,3.0,0.0,0.0,0.0,0.0
2025/12/12,15:32:07,0,20.0,205.0,281.0,258.0,19.0,224.0,4.0,4.0,0.0,0.0,0.0,0.0
2025/12/12,15:32:12,0,22.0,203.0,283.0,260.0,17.0,224.0,4.0,4.0,0.0,0.0,0.0,0.0
2025/12/12,15:32:17,0,22.0,212.0,283.0,258.0,12.0,224.0,3.0,2.0,0.0,0.0,0.0,0.0
2025/12/12,15:32:22,0,20.0,216.0,284.0,259.0,8.0,224.0,2.0,2.0,0.0,0.0,0.0,0.0
2025/12/12,15:32:27,0,23.0,206.0,280.0,258.0,18.0,225.0,5.0,5.0,0.0,0.0,0.0,0.0
2025/12/12,15:32:32,0,21.0,206.0,281.0,258.0,18.0,227.0,4.0,3.0,0.0,0.0,0.0,0.0
2025/12/12,15:32:37,0,19.0,206.0,282.0,258.0,17.0,224.0,4.0,3.0,0.0,0.0,0.0,0.0
2025/12/12,15:32:42,0,21.0,209.0,283.0,259.0,0.0,224.0,0.0,0.0,0.0,0.0,0.0,0.0
2025/12/12,15:32:47,0,21.0,226.0,285.0,258.0,2.0,223.0,2.0,1.0,0.0,0.0,0.0,0.0
2025/12/12,15:32:52,0,21.0,209.0,281.0,259.0,19.0,226.0,5.0,3.0,0.0,0.0,0.0,0.0
2025/12/12,15:32:57,0,21.0,220.0,285.0,259.0,0.0,226.0,2.0,1.0,0.0,0.0,0.0,0.0
2025/12/12,15:33:02,0,23.0,207.0,282.0,258.0,18.0,225.0,4.0,3.0,0.0,0.0,0.0,0.0
2025/12/12,15:33:07,0,24.0,220.0,285.0,258.0,0.0,223.0,2.0,0.0,0.0,0.0,0.0,0.0
2025/12/12,15:33:12,0,23.0,208.0,284.0,257.0,18.0,223.0,5.0,3.0,0.0,0.0,0.0,0.0
2025/12/12,15:33:17,0,25.0,220.0,285.0,258.0,0.0,224.0,1.0,0.0,0.0,0.0,0.0,0.0
2025/12/12,15:33:22,0,27.0,206.0,283.0,259.0,19.0,225.0,4.0,3.0,0.0,0.0,0.0,0.0
2025/12/12,15:33:27,0,25.0,218.0,284.0,258.0,0.0,224.0,1.0,1.0,0.0,0.0,0.0,0.0
2025/12/12,15:33:32,0,26.0,208.0,284.0,258.0,17.0,225.0,3.0,4.0,0.0,0.0,0.0,0.0
2025/12/12,15:33:37,0,25.0,224.0,285.0,258.0,1.0,225.0,2.0,1.0,0.0,0.0,0.0,0.0
2025/12/12,15:33:42,0,24.0,208.0,283.0,258.0,19.0,223.0,5.0,4.0,0.0,0.0,0.0,0.0
2025/12/12,15:33:47,0,24.0,222.0,283.0,258.0,1.0,225.0,1.0,1.0,0.0,0.0,0.0,0.0
2025/12/12,15:33:52,0,24.0,208.0,284.0,257.0,17.0,224.0,4.0,3.0,0.0,0.0,0.0,0.0
2025/12/12,15:33:57,0,23.0,219.0,286.0,258.0,0.0,225.0,2.0,1.0,0.0,0.0,0.0,0.0
2025/12/12,15:34:02,0,23.0,203.0,284.0,258.0,21.0,224.0,4.0,4.0,0.0,0.0,0.0,0.0
2025/12/12,15:34:07,0,27.0,209.0,287.0,257.0,4.0,225.0,1.0,1.0,0.0,0.0,0.0,0.0
2025/12/12,15:34:12,0,25.0,216.0,285.0,259.0,8.0,225.0,2.0,2.0,0.0,0.0,0.0,0.0
2025/12/12,15:34:17,0,23.0,209.0,283.0,259.0,12.0,225.0,2.0,2.0,0.0,0.0,0.0,0.0
2025/12/12,15:34:22,0,28.0,211.0,284.0,258.0,13.0,224.0,3.0,3.0,0.0,0.0,0.0,0.0
2025/12/12,15:34:27,0,24.0,211.0,285.0,258.0,0.0,224.0,1.0,0.0,0.0,0.0,0.0,0.0
2025/12/12,15:34:32,0,26.0,207.0,281.0,259.0,19.0,226.0,4.0,3.0,0.0,0.0,0.0,0.0
2025/12/12,15:34:37,0,27.0,230.0,285.0,259.0,1.0,224.0,2.0,1.0,0.0,0.0,0.0,0.0
2025/12/12,15:34:42,0,25.0,212.0,283.0,259.0,16.0,224.0,3.0,3.0,0.0,0.0,0.0,0.0
2025/12/12,15:34:47,0,26.0,213.0,285.0,258.0,1.0,225.0,1.0,1.0,0.0,0.0,0.0,0.0
2025/12/12,15:34:52,0,25.0,223.0,284.0,258.0,2.0,225.0,1.0,1.0,0.0,0.0,0.0,0.0
2025/12/12,15:34:57,0,25.0,222.0,282.0,258.0,0.0,225.0,1.0,1.0,0.0,0.0,0.0,0.0
2025/12/12,15:35:02,0,25.0,216.0,284.0,257.0,0.0,225.0,0.0,1.0,0.0,0.0,0.0,0.0
2025/12/12,15:35:07,0,23.0,214.0,284.0,259.0,0.0,223.0,1.0,0.0,0.0,0.0,0.0,0.0
2025/12/12,15:35:12,0,24.0,216.0,285.0,257.0,0.0,225.0,1.0,1.0,0.0,0.0,0.0,0.0
2025/12/12,15:35:17,0,24.0,229.0,282.0,258.0,2.0,225.0,1.0,1.0,0.0,0.0,0.0,0.0
2025/12/12,15:35:22,0,25.0,213.0,283.0,258.0,9.0,223.0,3.0,3.0,0.0,0.0,0.0,0.0
2025/12/12,15:35:27,0,24.0,206.0,283.0,256.0,18.0,223.0,4.0,3.0,0.0,0.0,0.0,0.0
2025/12/12,15:36:13,0,24.0,215.0,283.0,258.0,24.0,224.0,5.0,5.0,0.0,0.0,0.0,0.0
2025/12/12,15:36:17,0,25.0,228.0,286.0,258.0,0.0,225.0,1.0,1.0,0.0,0.0,0.0,0.0
2025/12/12,15:36:22,0,24.0,213.0,283.0,258.0,19.0,224.0,3.0,3.0,0.0,0.0,0.0,0.0
2025/12/12,15:36:27,0,27.0,227.0,285.0,258.0,1.0,225.0,2.0,1.0,0.0,0.0,0.0,0.0
2025/12/12,15:36:32,0,24.0,213.0,284.0,258.0,17.0,223.0,4.0,3.0,0.0,0.0,0.0,0.0
2025/12/12,15:36:37,0,23.0,216.0,286.0,258.0,0.0,224.0,2.0,0.0,0.0,0.0,0.0,0.0
2025/12/12,15:36:42,0,24.0,206.0,283.0,258.0,17.0,223.0,5.0,4.0,0.0,0.0,0.0,0.0
2025/12/12,15:36:47,0,23.0,204.0,284.0,258.0,18.0,225.0,3.0,4.0,0.0,0.0,0.0,0.0
2025/12/12,15:36:52,0,23.0,219.0,286.0,258.0,0.0,226.0,2.0,1.0,0.0,0.0,0.0,0.0
2025/12/12,15:36:57,0,19.0,212.0,284.0,258.0,10.0,225.0,3.0,3.0,0.0,0.0,0.0,0.0
2025/12/12,15:37:02,0,23.0,208.0,284.0,258.0,18.0,225.0,4.0,3.0,0.0,0.0,0.0,0.0
2025/12/12,15:37:07,0,19.0,210.0,284.0,258.0,8.0,225.0,1.0,2.0,0.0,0.0,0.0,0.0
2025/12/12,15:37:12,0,23.0,218.0,286.0,258.0,0.0,224.0,1.0,1.0,0.0,0.0,0.0,0.0
2025/12/12,15:37:17,0,23.0,225.0,287.0,258.0,2.0,225.0,1.0,1.0,0.0,0.0,0.0,0.0
2025/12/12,15:37:22,0,23.0,203.0,284.0,259.0,20.0,225.0,4.0,4.0,0.0,0.0,0.0,0.0
2025/12/12,15:37:27,0,23.0,211.0,286.0,258.0,17.0,223.0,4.0,3.0,0.0,0.0,0.0,0.0
2025/12/12,15:37:32,0,24.0,206.0,286.0,258.0,8.0,223.0,2.0,2.0,0.0,0.0,0.0,0.0
2025/12/12,15:37:37,0,23.0,222.0,288.0,258.0,0.0,225.0,2.0,1.0,0.0,0.0,0.0,0.0
2025/12/12,15:37:42,0,20.0,219.0,288.0,258.0,5.0,224.0,2.0,2.0,0.0,0.0,0.0,0.0
2025/12/12,15:37:47,0,23.0,204.0,287.0,259.0,19.0,223.0,5.0,3.0,0.0,0.0,0.0,0.0
2025/12/12,15:37:52,0,22.0,214.0,287.0,259.0,19.0,224.0,3.0,4.0,0.0,0.0,0.0,0.0
2025/12/12,15:37:57,0,24.0,211.0,288.0,258.0,8.0,224.0,2.0,3.0,0.0,0.0,0.0,0.0
2025/12/12,15:38:02,0,23.0,212.0,290.0,259.0,1.0,225.0,0.0,0.0,0.0,0.0,0.0,0.0
2025/12/12,15:38:07,0,22.0,215.0,288.0,258.0,0.0,224.0,1.0,1.0,0.0,0.0,0.0,0.0
2025/12/12,15:38:12,0,21.0,226.0,288.0,258.0,1.0,223.0,1.0,1.0,0.0,0.0,0.0,0.0
2025/12/12,15:38:17,0,25.0,213.0,286.0,258.0,11.0,224.0,3.0,3.0,0.0,0.0,0.0,0.0
2025/12/12,15:38:22,0,24.0,209.0,284.0,258.0,18.0,225.0,3.0,4.0,0.0,0.0,0.0,0.0
2025/12/12,15:38:27,0,19.0,209.0,284.0,258.0,8.0,223.0,2.0,2.0,0.0,0.0,0.0,0.0
2025/12/12,15:38:32,0,24.0,215.0,286.0,260.0,0.0,225.0,1.0,1.0,0.0,0.0,0.0,0.0
2025/12/12,15:38:37,0,21.0,227.0,285.0,259.0,0.0,224.0,0.0,1.0,0.0,0.0,0.0,0.0
2025/12/12,15:38:42,0,22.0,210.0,282.0,258.0,17.0,224.0,3.0,3.0,0.0,0.0,0.0,0.0
2025/12/12,15:38:47,0,21.0,208.0,282.0,258.0,17.0,224.0,4.0,3.0,0.0,0.0,0.0,0.0
2025/12/12,15:38:52,0,21.0,207.0,279.0,259.0,13.0,224.0,3.0,3.0,0.0,0.0,0.0,0.0
2025/12/12,15:38:57,0,22.0,213.0,284.0,259.0,0.0,223.0,1.0,0.0,0.0,0.0,0.0,0.0
2025/12/12,15:39:02,0,23.0,226.0,283.0,258.0,2.0,224.0,1.0,0.0,0.0,0.0,0.0,0.0
2025/12/12,15:39:07,0,21.0,209.0,283.0,258.0,14.0,224.0,3.0,3.0,0.0,0.0,0.0,-0.0008
2025/12/12,15:39:12,0,25.0,213.0,281.0,258.0,17.0,223.0,4.0,3.0,0.0,0.0,0.0,0.0
2025/12/12,15:39:17,0,24.0,209.0,282.0,258.0,6.0,224.0,2.0,2.0,0.0,0.0,0.0,0.0
2025/12/12,15:39:22,0,23.0,223.0,285.0,259.0,0.0,223.0,2.0,1.0,0.0,0.0,0.0,0.0
2025/12/12,15:39:27,0,23.0,213.0,283.0,259.0,14.0,225.0,3.0,3.0,0.0,0.0,0.0,0.0
2025/12/12,15:39:32,0,21.0,212.0,283.0,258.0,17.0,224.0,3.0,3.0,0.0,0.0,0.0,0.0
2025/12/12,15:39:37,0,22.0,213.0,285.0,258.0,0.0,224.0,1.0,1.0,0.0,0.0,0.0,0.0
2025/12/12,15:39:42,0,21.0,229.0,285.0,259.0,2.0,225.0,1.0,1.0,0.0,0.0,0.0,0.0
2025/12/12,15:39:47,0,21.0,204.0,284.0,259.0,18.0,225.0,4.0,3.0,0.0,0.0,0.0,0.0
2025/12/12,15:39:52,0,21.0,213.0,284.0,259.0,0.0,225.0,0.0,0.0,0.0,0.0,0.0,0.0
2025/12/12,15:39:57,0,21.0,201.0,284.0,258.0,19.0,225.0,3.0,4.0,0.0,0.0,0.0,0.0
2025/12/12,15:40:02,0,20.0,228.0,286.0,258.0,2.0,225.0,1.0,1.0,0.0,0.0,0.0,0.0
2025/12/12,15:40:07,0,21.0,210.0,287.0,259.0,1.0,225.0,0.0,0.0,0.0,0.0,0.0,0.0
2025/12/12,15:40:12,0,20.0,205.0,287.0,257.0,17.0,224.0,4.0,3.0,0.0,0.0,0.0,0.0
2025/12/12,15:40:17,0,21.0,206.0,286.0,258.0,15.0,225.0,4.0,3.0,0.0,0.0,0.0,0.0
2025/12/12,15:40:22,0,22.0,224.0,290.0,259.0,0.0,223.0,2.0,1.0,0.0,0.0,0.0,0.0
2025/12/12,15:40:27,0,19.0,209.0,288.0,258.0,9.0,224.0,3.0,2.0,0.0,0.0,0.0,0.0
2025/12/12,15:40:32,0,19.0,208.0,286.0,258.0,18.0,225.0,4.0,4.0,0.0,0.0,0.0,0.0
2025/12/12,15:40:37,0,20.0,225.0,289.0,258.0,2.0,224.0,2.0,0.0,0.0,0.0,0.0,0.0
2025/12/12,15:40:42,0,17.0,208.0,287.0,258.0,11.0,225.0,2.0,3.0,0.0,0.0,0.0,0.0
2025/12/12,15:40:47,0,18.0,201.0,286.0,258.0,24.0,225.0,5.0,4.0,0.0,0.0,0.0,0.0
2025/12/12,15:40:52,0,19.0,219.0,289.0,258.0,0.0,224.0,1.0,1.0,0.0,0.0,0.0,0.0
2025/12/12,15:40:57,0,18.0,209.0,286.0,259.0,21.0,225.0,4.0,3.0,0.0,0.0,0.0,0.0
2025/12/12,15:41:02,0,18.0,222.0,290.0,257.0,0.0,224.0,1.0,1.0,0.0,0.0,0.0,0.0
2025/12/12,15:41:07,0,17.0,205.0,285.0,259.0,19.0,226.0,4.0,3.0,0.0,0.0,0.0,0.0
2025/12/12,15:41:12,0,15.0,222.0,287.0,259.0,0.0,225.0,1.0,1.0,0.0,0.0,0.0,0.0
2025/12/12,15:41:17,0,16.0,209.0,286.0,258.0,15.0,226.0,3.0,3.0,0.0,0.0,0.0,0.0
2025/12/12,15:41:22,0,17.0,206.0,288.0,259.0,18.0,224.0,4.0,3.0,0.0,0.0,0.0,0.0
2025/12/12,15:41:27,0,15.0,220.0,289.0,259.0,3.0,224.0,2.0,2.0,0.0,0.0,0.0,0.0
2025/12/12,15:41:32,0,15.0,210.0,288.0,259.0,11.0,225.0,3.0,1.0,0.0,0.0,0.0,0.0
2025/12/12,15:41:37,0,15.0,221.0,289.0,258.0,1.0,224.0,2.0,1.0,0.0,0.0,0.0,0.0
2025/12/12,15:41:42,0,13.0,205.0,289.0,258.0,17.0,225.0,4.0,3.0,0.0,0.0,0.0,0.0
2025/12/12,15:41:47,0,16.0,201.0,289.0,258.0,19.0,225.0,4.0,4.0,0.0,0.0,0.0,0.0
2025/12/12,15:41:52,0,15.0,225.0,291.0,259.0,1.0,225.0,2.0,2.0,0.0,0.0,0.0,0.0
2025/12/12,15:41:57,0,15.0,222.0,289.0,259.0,1.0,225.0,2.0,1.0,0.0,0.0,0.0,0.0
2025/12/12,15:42:02,0,14.0,210.0,289.0,258.0,9.0,224.0,3.0,2.0,0.0,0.0,0.0,0.0
2025/12/12,15:42:07,0,15.0,205.0,289.0,257.0,18.0,224.0,4.0,3.0,0.0,0.0,0.0,0.0
2025/12/12,15:42:12,0,15.0,229.0,291.0,257.0,0.0,224.0,2.0,1.0,0.0,0.0,0.0,0.0
2025/12/12,15:42:17,0,14.0,206.0,290.0,258.0,13.0,224.0,1.0,2.0,0.0,0.0,0.0,0.0
2025/12/12,15:42:22,0,13.0,203.0,289.0,258.0,19.0,224.0,3.0,4.0,0.0,0.0,0.0,0.0
2025/12/12,15:42:27,0,15.0,217.0,292.0,258.0,1.0,225.0,1.0,1.0,0.0,0.0,0.0,0.0
2025/12/12,15:42:32,0,13.0,210.0,288.0,258.0,18.0,223.0,4.0,3.0,0.0,0.0,0.0,0.0
2025/12/12,15:42:37,0,14.0,229.0,291.0,258.0,0.0,225.0,2.0,1.0,0.0,0.0,0.0,0.0
2025/12/12,15:42:42,0,14.0,207.0,289.0,259.0,14.0,225.0,3.0,3.0,0.0,0.0,0.0,0.0
2025/12/12,15:42:47,0,15.0,203.0,290.0,256.0,18.0,224.0,4.0,3.0,0.0,0.0,0.0,0.0
2025/12/12,15:42:52,0,15.0,216.0,291.0,258.0,5.0,225.0,2.0,2.0,0.0,0.0,0.0,0.0
2025/12/12,15:42:57,0,16.0,223.0,292.0,258.0,0.0,224.0,1.0,1.0,0.0,0.0,0.0,0.0
2025/12/12,15:43:02,0,16.0,223.0,291.0,259.0,2.0,225.0,0.0,0.0,0.0,0.0,0.0,0.0
2025/12/12,15:43:07,0,17.0,223.0,291.0,258.0,0.0,225.0,1.0,1.0,0.0,0.0,0.0,0.0
2025/12/12,15:43:12,0,15.0,229.0,291.0,258.0,3.0,225.0,1.0,1.0,0.0,0.0,0.0,0.0
2025/12/12,15:43:17,0,17.0,214.0,292.0,258.0,0.0,226.0,1.0,1.0,0.0,0.0,0.0,0.0
2025/12/12,15:43:22,0,19.0,204.0,291.0,258.0,17.0,224.0,3.0,4.0,0.0,0.0,0.0,0.0
2025/12/12,15:43:27,0,17.0,204.0,292.0,258.0,17.0,225.0,4.0,4.0,0.0,0.0,0.0,0.0
2025/12/12,15:43:32,0,18.0,226.0,294.0,258.0,1.0,225.0,2.0,1.0,0.0,0.0,0.0,0.0
2025/12/12,15:43:37,0,19.0,212.0,293.0,258.0,2.0,224.0,1.0,1.0,0.0,0.0,0.0,0.0
2025/12/12,15:43:42,0,17.0,208.0,289.0,258.0,18.0,225.0,3.0,4.0,0.0,0.0,0.0,0.0
2025/12/12,15:43:47,0,17.0,205.0,291.0,258.0,18.0,223.0,4.0,4.0,0.0,0.0,0.0,0.0
2025/12/12,15:43:52,0,17.0,218.0,291.0,259.0,6.0,226.0,2.0,2.0,0.0,0.0,0.0,0.0
2025/12/12,15:43:57,0,15.0,217.0,295.0,258.0,1.0,225.0,1.0,1.0,0.0,0.0,0.0,0.0
2025/12/12,15:44:02,0,16.0,205.0,292.0,258.0,17.0,225.0,3.0,4.0,0.0,0.0,0.0,0.0
2025/12/12,15:44:07,0,17.0,202.0,292.0,258.0,18.0,223.0,5.0,4.0,0.0,0.0,0.0,0.0
2025/12/12,15:44:12,0,18.0,228.0,296.0,259.0,1.0,224.0,2.0,1.0,0.0,0.0,0.0,0.0
2025/12/12,15:44:17,0,17.0,207.0,294.0,257.0,15.0,224.0,3.0,3.0,0.0,0.0,0.0,0.0
2025/12/12,15:44:22,0,16.0,206.0,295.0,259.0,19.0,225.0,5.0,4.0,0.0,0.0,0.0,0.0
2025/12/12,15:44:27,0,18.0,219.0,297.0,258.0,1.0,225.0,1.0,1.0,0.0,0.0,0.0,0.0
2025/12/12,15:44:32,0,17.0,210.0,296.0,259.0,17.0,225.0,4.0,3.0,0.0,0.0,0.0,0.0
2025/12/12,15:44:37,0,17.0,214.0,296.0,259.0,10.0,225.0,3.0,3.0,0.0,0.0,0.0,0.0
2025/12/12,15:44:42,0,17.0,218.0,296.0,257.0,0.0,225.0,1.0,1.0,0.0,0.0,0.0,-0.0008
2025/12/12,15:44:47,0,19.0,207.0,295.0,258.0,16.0,225.0,2.0,3.0,0.0,0.0,0.0,0.0
2025/12/12,15:44:52,0,17.0,205.0,294.0,258.0,18.0,223.0,4.0,3.0,0.0,0.0,0.0,0.0
2025/12/12,15:44:57,0,18.0,221.0,297.0,258.0,2.0,226.0,2.0,1.0,0.0,0.0,0.0,0.0
2025/12/12,15:45:02,0,14.0,211.0,298.0,258.0,0.0,223.0,1.0,1.0,0.0,0.0,0.0,0.0
2025/12/12,15:45:07,0,17.0,205.0,296.0,258.0,19.0,224.0,4.0,3.0,0.0,0.0,0.0,0.0
2025/12/12,15:45:12,0,16.0,225.0,300.0,259.0,1.0,226.0,2.0,1.0,0.0,0.0,0.0,0.0
2025/12/12,15:45:17,0,20.0,211.0,296.0,258.0,18.0,225.0,3.0,4.0,0.0,0.0,0.0,0.0
2025/12/12,15:45:22,0,17.0,222.0,298.0,259.0,2.0,224.0,1.0,1.0,0.0,0.0,0.0,0.0
2025/12/12,15:45:27,0,15.0,210.0,296.0,259.0,13.0,225.0,2.0,3.0,0.0,0.0,0.0,0.0
2025/12/12,15:45:32,0,16.0,203.0,296.0,257.0,18.0,224.0,5.0,3.0,0.0,0.0,0.0,0.0
2025/12/12,15:45:37,0,13.0,226.0,299.0,259.0,2.0,225.0,1.0,1.0,0.0,0.0,0.0,0.0
2025/12/12,15:45:42,0,14.0,205.0,298.0,258.0,16.0,225.0,2.0,4.0,0.0,0.0,-0.0008,0.0
2025/12/12,15:46:13,0,13.0,211.0,299.0,259.0,17.0,224.0,4.0,3.0,0.0,0.0,0.0,0.0
2025/12/12,15:46:16,0,13.0,221.0,301.0,258.0,0.0,225.0,2.0,1.0,0.0,0.0,0.0,0.0
2025/12/12,15:46:21,0,13.0,204.0,299.0,258.0,17.0,224.0,3.0,4.0,0.0,0.0,0.0,0.0
2025/12/12,15:46:26,0,13.0,218.0,302.0,257.0,0.0,226.0,1.0,1.0,0.0,0.0,0.0,0.0
2025/12/12,15:46:31,0,13.0,239.0,301.0,258.0,13.0,232.0,3.0,3.0,0.0,0.0,0.0,0.0
2025/12/12,15:46:36,0,18.0,226.0,301.0,258.0,12.0,231.0,3.0,2.0,0.0,0.0,0.0,0.0
2025/12/12,15:46:41,0,9.0,238.0,300.0,259.0,3.0,231.0,0.0,0.0,0.0,0.0,0.0,0.0
2025/12/12,15:46:46,0,11.0,261.0,301.0,258.0,18.0,231.0,4.0,3.0,0.0,0.0,0.0,0.0
2025/12/12,15:46:51,0,11.0,251.0,304.0,259.0,2.0,233.0,2.0,1.0,0.0,0.0,0.0,0.0
2025/12/12,15:46:56,0,12.0,245.0,301.0,258.0,20.0,232.0,5.0,4.0,0.0,0.0,0.0,0.0
2025/12/12,15:47:01,0,12.0,242.0,305.0,259.0,0.0,232.0,1.0,1.0,0.0,0.0,0.0,0.0
2025/12/12,15:47:06,0,12.0,239.0,301.0,258.0,20.0,232.0,5.0,4.0,0.0,0.0,0.0,0.0
2025/12/12,15:47:11,0,12.0,234.0,305.0,258.0,0.0,233.0,0.0,0.0,0.0,0.0,0.0,0.0
2025/12/12,15:47:16,0,11.0,241.0,303.0,258.0,10.0,234.0,3.0,2.0,0.0,0.0,0.0,0.0
2025/12/12,15:47:21,0,11.0,224.0,302.0,258.0,17.0,232.0,3.0,3.0,0.0,0.0,0.0,0.0
2025/12/12,15:47:26,0,13.0,262.0,305.0,257.0,2.0,233.0,2.0,1.0,0.0,0.0,0.0,0.0
2025/12/12,15:47:31,0,12.0,254.0,305.0,259.0,17.0,231.0,4.0,3.0,0.0,0.0,0.0,0.0
2025/12/12,15:47:36,0,11.0,254.0,307.0,258.0,2.0,233.0,2.0,1.0,0.0,0.0,0.0,0.0
2025/12/12,15:47:41,0,11.0,254.0,303.0,258.0,20.0,233.0,4.0,3.0,0.0,0.0,0.0,0.0
2025/12/12,15:47:46,0,12.0,253.0,308.0,257.0,0.0,233.0,2.0,1.0,0.0,0.0,0.0,0.0
2025/12/12,15:47:51,0,11.0,248.0,304.0,258.0,20.0,233.0,4.0,4.0,0.0,0.0,0.0,0.0
2025/12/12,15:47:56,0,11.0,262.0,308.0,259.0,3.0,231.0,2.0,1.0,0.0,0.0,0.0,0.0
2025/12/12,15:48:01,0,9.0,224.0,305.0,258.0,16.0,232.0,3.0,3.0,0.0,0.0,0.0,0.0
2025/12/12,15:48:06,0,12.0,234.0,306.0,259.0,18.0,231.0,5.0,4.0,0.0,0.0,0.0,0.0
2025/12/12,15:48:11,0,12.0,261.0,308.0,258.0,1.0,231.0,2.0,1.0,0.0,0.0,0.0,0.0
2025/12/12,15:48:16,0,11.0,234.0,308.0,257.0,2.0,230.0,0.0,1.0,0.0,0.0,0.0,0.0
2025/12/12,15:48:21,0,12.0,229.0,306.0,258.0,5.0,232.0,1.0,2.0,0.0,0.0,0.0,0.0
2025/12/12,15:48:26,0,17.0,229.0,306.0,258.0,9.0,233.0,1.0,2.0,0.0,0.0,0.0,0.0
2025/12/12,15:48:31,0,14.0,227.0,307.0,258.0,12.0,231.0,2.0,3.0,0.0,0.0,0.0,0.0
2025/12/12,15:48:36,0,11.0,225.0,305.0,258.0,15.0,232.0,3.0,3.0,0.0,0.0,0.0,0.0
2025/12/12,15:48:41,0,13.0,224.0,307.0,258.0,21.0,232.0,3.0,3.0,0.0,0.0,0.0,0.0
2025/12/12,15:48:46,0,11.0,249.0,305.0,258.0,21.0,232.0,4.0,3.0,0.0,0.0,0.0,0.0
2025/12/12,15:48:51,0,11.0,251.0,308.0,259.0,18.0,231.0,5.0,3.0,0.0,0.0,0.0,0.0
2025/12/12,15:48:56,0,11.0,238.0,305.0,258.0,21.0,233.0,5.0,4.0,0.0,0.0,0.0,0.0
2025/12/12,15:49:01,0,11.0,241.0,308.0,258.0,14.0,231.0,4.0,3.0,0.0,0.0,0.0,0.0
2025/12/12,15:49:06,0,14.0,240.0,310.0,259.0,2.0,231.0,1.0,1.0,0.0,0.0,0.0,0.0
2025/12/12,15:49:11,0,10.0,235.0,307.0,258.0,19.0,232.0,4.0,4.0,0.0,0.0,0.0,0.0
2025/12/12,15:49:16,0,6.0,236.0,309.0,259.0,7.0,232.0,2.0,1.0,0.0,0.0,0.0,-0.0008
2025/12/12,15:49:21,0,10.0,259.0,312.0,258.0,0.0,231.0,1.0,0.0,0.0,0.0,0.0,0.0
2025/12/12,15:49:26,0,10.0,259.0,307.0,258.0,21.0,233.0,4.0,3.0,0.0,0.0,0.0,0.0
2025/12/12,15:49:31,0,12.0,250.0,310.0,258.0,19.0,232.0,4.0,3.0,0.0,0.0,0.0,0.0
2025/12/12,15:49:36,0,10.0,240.0,309.0,258.0,20.0,232.0,4.0,4.0,0.0,0.0,0.0,0.0
2025/12/12,15:49:41,0,13.0,240.0,312.0,256.0,14.0,231.0,4.0,2.0,0.0,0.0,0.0,0.0
2025/12/12,15:49:46,0,20.0,265.0,312.0,258.0,3.0,232.0,2.0,1.0,0.0,0.0,0.0,0.0
2025/12/12,15:49:51,0,12.0,231.0,311.0,258.0,3.0,232.0,1.0,1.0,0.0,0.0,0.0,-0.0008
2025/12/12,15:49:56,0,9.0,238.0,308.0,258.0,21.0,232.0,4.0,3.0,0.0,0.0,0.0,0.0
2025/12/12,15:50:01,0,11.0,262.0,312.0,258.0,3.0,232.0,2.0,1.0,0.0,0.0,0.0,0.0
2025/12/12,15:50:06,0,11.0,227.0,311.0,258.0,12.0,232.0,3.0,3.0,0.0,0.0,0.0,0.0
2025/12/12,15:50:11,0,10.0,240.0,311.0,259.0,21.0,233.0,3.0,4.0,0.0,0.0,0.0,0.0
2025/12/12,15:50:16,0,10.0,263.0,314.0,258.0,2.0,233.0,1.0,1.0,0.0,0.0,0.0,0.0
2025/12/12,15:50:21,0,10.0,225.0,311.0,258.0,17.0,231.0,4.0,2.0,0.0,0.0,0.0,0.0
2025/12/12,15:50:26,0,9.0,238.0,313.0,258.0,5.0,232.0,2.0,2.0,0.0,0.0,0.0,0.0
2025/12/12,15:50:31,0,12.0,226.0,313.0,258.0,12.0,230.0,3.0,3.0,0.0,0.0,0.0,0.0
2025/12/12,15:50:36,0,9.0,240.0,314.0,258.0,12.0,232.0,3.0,3.0,0.0,0.0,0.0,0.0
2025/12/12,15:50:41,0,8.0,231.0,312.0,258.0,4.0,232.0,2.0,1.0,0.0,0.0,0.0,0.0
2025/12/12,15:50:46,0,9.0,233.0,313.0,258.0,19.0,233.0,4.0,4.0,0.0,0.0,0.0,0.0
2025/12/12,15:50:51,0,10.0,243.0,313.0,258.0,1.0,233.0,1.0,1.0,0.0,0.0,0.0,0.0
2025/12/12,15:50:56,0,8.0,244.0,314.0,259.0,19.0,232.0,4.0,3.0,0.0,0.0,0.0,0.0
2025/12/12,15:51:01,0,10.0,245.0,315.0,258.0,0.0,232.0,1.0,1.0,0.0,0.0,0.0,0.0
2025/12/12,15:51:06,0,10.0,238.0,312.0,258.0,17.0,233.0,5.0,3.0,0.0,0.0,0.0,0.0
2025/12/12,15:51:11,0,22.0,238.0,314.0,258.0,17.0,232.0,4.0,3.0,0.0,0.0,0.0,0.0
2025/12/12,15:51:16,0,7.0,236.0,316.0,258.0,1.0,231.0,1.0,0.0,0.0,0.0,0.0,0.0
2025/12/12,15:51:21,0,8.0,237.0,315.0,258.0,4.0,231.0,2.0,0.0,0.0,0.0,0.0,0.0
2025/12/12,15:51:26,0,9.0,236.0,312.0,258.0,20.0,233.0,4.0,3.0,0.0,0.0,0.0,0.0
2025/12/12,15:51:31,0,12.0,261.0,314.0,262.0,20.0,231.0,4.0,2.0,0.0,0.0,0.0,0.0
2025/12/12,15:51:36,0,11.0,232.0,316.0,257.0,3.0,230.0,0.0,0.0,0.0,0.0,0.0,0.0
2025/12/12,15:51:41,0,13.0,256.0,318.0,259.0,6.0,230.0,2.0,1.0,0.0,0.0,0.0,0.0
2025/12/12,15:51:46,0,9.0,240.0,314.0,258.0,21.0,230.0,4.0,4.0,0.0,0.0,0.0,0.0
2025/12/12,15:51:51,0,11.0,227.0,314.0,258.0,13.0,231.0,3.0,3.0,0.0,0.0,0.0,0.0
2025/12/12,15:51:56,0,10.0,237.0,318.0,258.0,0.0,230.0,1.0,1.0,0.0,0.0,0.0,0.0
2025/12/12,15:52:01,0,10.0,259.0,318.0,258.0,2.0,233.0,2.0,1.0,0.0,0.0,0.0,0.0
2025/12/12,15:52:06,0,8.0,236.0,315.0,258.0,8.0,231.0,2.0,2.0,0.0,0.0,0.0,0.0
2025/12/12,15:52:11,0,10.0,238.0,317.0,257.0,21.0,231.0,5.0,3.0,0.0,0.0,0.0,0.0
2025/12/12,15:52:16,0,10.0,262.0,317.0,259.0,18.0,231.0,4.0,3.0,0.0,0.0,0.0,0.0
2025/12/12,15:52:21,0,11.0,227.0,317.0,258.0,13.0,232.0,3.0,3.0,0.0,0.0,0.0,0.0
2025/12/12,15:52:26,0,9.0,241.0,319.0,256.0,0.0,232.0,1.0,1.0,0.0,0.0,0.0,0.0
2025/12/12,15:52:31,0,10.0,262.0,317.0,258.0,4.0,233.0,2.0,1.0,0.0,0.0,0.0,0.0
2025/12/12,15:52:36,0,12.0,247.0,319.0,258.0,7.0,233.0,1.0,0.0,0.0,0.0,0.0,0.0
2025/12/12,15:52:41,0,8.0,239.0,319.0,258.0,8.0,232.0,2.0,2.0,0.0,0.0,0.0,0.0
2025/12/12,15:52:46,0,8.0,235.0,318.0,260.0,20.0,231.0,6.0,3.0,0.0,0.0,0.0,0.0
2025/12/12,15:52:51,0,2.0,259.0,318.0,258.0,17.0,232.0,4.0,4.0,0.0,0.0,0.0,0.0
2025/12/12,15:52:56,0,10.0,232.0,320.0,257.0,2.0,231.0,0.0,1.0,0.0,0.0,0.0,-0.0008
2025/12/12,15:53:01,0,8.0,259.0,319.0,258.0,3.0,232.0,2.0,1.0,0.0,0.0,0.0,0.0
2025/12/12,15:53:06,0,11.0,236.0,317.0,259.0,8.0,231.0,3.0,1.0,0.0,0.0,0.0,0.0
2025/12/12,15:53:11,0,10.0,230.0,317.0,258.0,19.0,232.0,5.0,3.0,0.0,0.0,0.0,0.0
2025/12/12,15:53:16,0,9.0,248.0,318.0,258.0,19.0,233.0,4.0,4.0,0.0,0.0,0.0,0.0
2025/12/12,15:53:21,0,0.0,251.0,320.0,258.0,16.0,230.0,4.0,3.0,0.0,0.0,0.0,0.0
2025/12/12,15:53:26,0,8.0,223.0,319.0,258.0,15.0,230.0,2.0,3.0,0.0,0.0,0.0,0.0
2025/12/12,15:53:31,0,7.0,232.0,319.0,258.0,3.0,232.0,1.0,1.0,0.0,0.0,0.0,0.0
2025/12/12,15:53:36,0,8.0,244.0,322.0,258.0,2.0,232.0,1.0,0.0,0.0,0.0,0.0,0.0
2025/12/12,15:53:41,0,5.0,265.0,322.0,258.0,3.0,231.0,3.0,1.0,0.0,0.0,0.0,0.0
2025/12/12,15:53:46,0,8.0,236.0,321.0,258.0,6.0,232.0,2.0,2.0,0.0,0.0,0.0,0.0
2025/12/12,15:53:51,0,9.0,236.0,320.0,259.0,19.0,233.0,3.0,4.0,0.0,0.0,0.0,0.0
2025/12/12,15:53:56,0,3.0,261.0,320.0,258.0,17.0,231.0,4.0,4.0,0.0,0.0,0.0,0.0
2025/12/12,15:54:01,0,5.0,227.0,319.0,258.0,13.0,230.0,3.0,3.0,0.0,0.0,0.0,0.0
2025/12/12,15:54:06,0,9.0,227.0,322.0,259.0,9.0,232.0,2.0,2.0,0.0,0.0,0.0,0.0
2025/12/12,15:54:11,0,10.0,230.0,322.0,259.0,10.0,231.0,3.0,2.0,0.0,0.0,0.0,0.0
2025/12/12,15:54:16,0,5.0,230.0,319.0,259.0,8.0,232.0,1.0,1.0,0.0,0.0,0.0,0.0
2025/12/12,15:54:21,0,9.0,243.0,323.0,258.0,2.0,232.0,1.0,0.0,0.0,0.0,0.0,0.0
2025/12/12,15:54:26,0,8.0,258.0,323.0,259.0,1.0,232.0,1.0,1.0,0.0,0.0,0.0,0.0
2025/12/12,15:54:31,0,8.0,240.0,322.0,258.0,3.0,232.0,1.0,2.0,0.0,0.0,0.0,0.0
2025/12/12,15:54:36,0,11.0,236.0,322.0,259.0,5.0,232.0,1.0,1.0,0.0,0.0,0.0,0.0
2025/12/12,15:54:41,0,8.0,239.0,323.0,258.0,6.0,233.0,2.0,1.0,-0.0008,0.0,0.0,0.0
2025/12/12,15:54:46,0,10.0,237.0,321.0,258.0,13.0,231.0,3.0,3.0,0.0,0.0,0.0,0.0
2025/12/12,15:54:51,0,13.0,238.0,320.0,258.0,22.0,232.0,5.0,3.0,0.0,0.0,0.0,0.0
2025/12/12,15:54:56,0,10.0,235.0,322.0,258.0,18.0,232.0,4.0,4.0,0.0,0.0,0.0,0.0
2025/12/12,15:55:01,0,11.0,237.0,321.0,258.0,20.0,233.0,4.0,3.0,0.0,0.0,0.0,0.0
2025/12/12,15:55:06,0,11.0,246.0,322.0,258.0,19.0,232.0,4.0,3.0,0.0,0.0,0.0,0.0
2025/12/12,15:55:11,0,11.0,251.0,320.0,258.0,18.0,231.0,4.0,3.0,0.0,0.0,0.0,0.0
2025/12/12,15:55:16,0,14.0,250.0,324.0,260.0,18.0,231.0,6.0,3.0,0.0,0.0,0.0,0.0
2025/12/12,15:55:21,0,10.0,224.0,323.0,257.0,15.0,233.0,3.0,3.0,0.0,0.0,0.0,0.0
2025/12/12,15:55:26,0,11.0,229.0,324.0,257.0,10.0,233.0,2.0,2.0,0.0,0.0,0.0,0.0
2025/12/12,15:55:31,0,10.0,231.0,325.0,257.0,4.0,231.0,1.0,1.0,0.0,0.0,0.0,0.0
2025/12/12,15:55:36,0,7.0,231.0,323.0,257.0,6.0,231.0,1.0,1.0,0.0,0.0,0.0,0.0
2025/12/12,15:55:41,0,12.0,228.0,324.0,257.0,12.0,231.0,2.0,2.0,0.0,0.0,0.0,0.0
2025/12/12,15:55:46,0,9.0,226.0,322.0,258.0,15.0,231.0,3.0,3.0,0.0,0.0,0.0,0.0
2025/12/12,15:55:51,0,8.0,228.0,323.0,258.0,14.0,231.0,3.0,3.0,0.0,0.0,0.0,0.0
2025/12/12,15:56:42,0,8.0,245.0,324.0,258.0,20.0,232.0,4.0,3.0,0.0,0.0,0.0,0.0
2025/12/12,15:56:46,0,8.0,239.0,324.0,258.0,23.0,232.0,4.0,3.0,0.0,0.0,0.0,0.0
2025/12/12,15:56:51,0,5.0,220.0,328.0,258.0,8.0,224.0,3.0,1.0,0.0,0.0,0.0,0.0
2025/12/12,15:56:56,0,8.0,223.0,328.0,257.0,1.0,226.0,2.0,1.0,0.0,0.0,0.0,0.0
2025/12/12,15:57:01,0,9.0,212.0,327.0,258.0,8.0,225.0,1.0,1.0,0.0,0.0,0.0,0.0
2025/12/12,15:57:06,0,10.0,206.0,325.0,258.0,21.0,225.0,3.0,3.0,0.0,0.0,0.0,0.0
2025/12/12,15:57:11,0,8.0,206.0,328.0,258.0,19.0,224.0,4.0,4.0,0.0,0.0,0.0,0.0
2025/12/12,15:57:16,0,15.0,201.0,327.0,258.0,22.0,224.0,4.0,4.0,0.0,0.0,0.0,0.0
2025/12/12,15:57:21,0,8.0,220.0,328.0,258.0,8.0,225.0,3.0,2.0,0.0,0.0,0.0,0.0
2025/12/12,15:57:26,0,15.0,226.0,329.0,259.0,2.0,226.0,3.0,1.0,0.0,0.0,0.0,0.0
2025/12/12,15:57:31,0,8.0,229.0,330.0,259.0,2.0,225.0,1.0,1.0,0.0,0.0,0.0,0.0
2025/12/12,15:57:36,0,9.0,220.0,330.0,258.0,2.0,226.0,1.0,1.0,0.0,0.0,0.0,0.0
2025/12/12,15:57:41,0,6.0,211.0,330.0,258.0,0.0,225.0,0.0,0.0,0.0,0.0,0.0,0.0
2025/12/12,15:57:46,0,10.0,210.0,329.0,258.0,16.0,226.0,3.0,3.0,0.0,0.0,0.0,0.0
2025/12/12,15:57:51,0,10.0,205.0,328.0,258.0,22.0,226.0,4.0,4.0,0.0,0.0,0.0,0.0
2025/12/12,15:57:56,0,8.0,208.0,330.0,257.0,9.0,225.0,1.0,2.0,0.0,0.0,0.0,0.0
2025/12/12,15:58:01,0,10.0,217.0,332.0,258.0,1.0,226.0,1.0,0.0,0.0,0.0,0.0,0.0
2025/12/12,15:58:06,0,12.0,223.0,333.0,258.0,1.0,225.0,3.0,0.0,0.0,0.0,0.0,0.0
2025/12/12,15:58:11,0,12.0,211.0,331.0,258.0,16.0,223.0,4.0,3.0,0.0,0.0,0.0,0.0
2025/12/12,15:58:16,0,9.0,205.0,331.0,257.0,20.0,225.0,4.0,3.0,0.0,0.0,0.0,0.0
2025/12/12,15:58:21,0,8.0,208.0,332.0,258.0,16.0,224.0,3.0,3.0,0.0,0.0,0.0,0.0
2025/12/12,15:58:26,0,7.0,222.0,333.0,259.0,2.0,226.0,2.0,1.0,0.0,0.0,0.0,0.0
2025/12/12,15:58:31,0,9.0,201.0,330.0,258.0,19.0,225.0,3.0,4.0,0.0,0.0,0.0,0.0
2025/12/12,15:58:36,0,9.0,215.0,331.0,258.0,1.0,225.0,1.0,1.0,0.0,0.0,0.0,0.0
2025/12/12,15:58:41,0,6.0,206.0,331.0,258.0,21.0,226.0,4.0,3.0,0.0,0.0,0.0,0.0
2025/12/12,15:58:46,0,9.0,224.0,332.0,256.0,1.0,224.0,1.0,1.0,0.0,0.0,0.0,0.0
2025/12/12,15:58:51,0,8.0,209.0,328.0,258.0,20.0,226.0,4.0,3.0,0.0,0.0,0.0,0.0
2025/12/12,15:58:56,0,6.0,217.0,332.0,258.0,2.0,226.0,1.0,1.0,0.0,0.0,0.0,0.0
2025/12/12,15:59:01,0,8.0,207.0,328.0,258.0,20.0,226.0,4.0,3.0,0.0,0.0,0.0,0.0
2025/12/12,15:59:06,0,8.0,228.0,332.0,258.0,2.0,225.0,1.0,1.0,0.0,0.0,0.0,0.0
2025/12/12,15:59:11,0,7.0,208.0,330.0,257.0,15.0,225.0,2.0,3.0,0.0,0.0,0.0,0.0
2025/12/12,15:59:16,0,4.0,213.0,330.0,258.0,14.0,224.0,3.0,4.0,0.0,0.0,0.0,0.0
2025/12/12,15:59:21,0,8.0,222.0,333.0,258.0,0.0,224.0,1.0,0.0,0.0,0.0,0.0,0.0
2025/12/12,15:59:26,0,7.0,222.0,330.0,258.0,4.0,225.0,1.0,1.0,0.0,0.0,0.0,0.0
2025/12/12,15:59:31,0,6.0,212.0,329.0,258.0,19.0,227.0,4.0,3.0,0.0,0.0,0.0,0.0
2025/12/12,15:59:36,0,3.0,229.0,333.0,258.0,3.0,226.0,2.0,1.0,0.0,0.0,0.0,0.0
2025/12/12,15:59:41,0,7.0,205.0,331.0,259.0,19.0,225.0,3.0,4.0,0.0,0.0,0.0,0.0
2025/12/12,15:59:46,0,9.0,219.0,333.0,258.0,3.0,226.0,2.0,1.0,0.0,0.0,0.0,0.0
2025/12/12,15:59:51,0,4.0,206.0,331.0,258.0,18.0,224.0,4.0,3.0,0.0,0.0,0.0,0.0
2025/12/12,15:59:56,0,8.0,227.0,335.0,258.0,3.0,225.0,1.0,1.0,0.0,0.0,0.0,0.0
2025/12/12,16:00:32,0,6.0,224.0,336.0,257.0,0.0,225.0,1.0,0.0,0.0,0.0,0.0,0.0
2025/12/12,16:00:36,0,5.0,215.0,335.0,258.0,2.0,225.0,0.0,1.0,0.0,0.0,0.0,0.0
2025/12/12,16:00:41,0,5.0,204.0,334.0,258.0,20.0,223.0,5.0,4.0,0.0,0.0,0.0,0.0
2025/12/12,16:00:46,0,7.0,214.0,337.0,258.0,1.0,224.0,1.0,0.0,0.0,0.0,0.0,0.0
2025/12/12,16:00:51,0,5.0,206.0,335.0,258.0,20.0,225.0,4.0,4.0,0.0,0.0,0.0,0.0
2025/12/12,16:00:56,0,5.0,206.0,335.0,258.0,15.0,224.0,3.0,3.0,0.0,0.0,0.0,0.0
2025/12/12,16:01:01,0,7.0,221.0,339.0,259.0,1.0,225.0,1.0,1.0,0.0,0.0,0.0,0.0
2025/12/12,16:01:06,0,8.0,215.0,338.0,257.0,10.0,224.0,2.0,2.0,0.0,0.0,0.0,0.0
2025/12/12,16:01:11,0,8.0,211.0,335.0,258.0,20.0,225.0,4.0,3.0,0.0,0.0,0.0,0.0
2025/12/12,16:01:16,0,10.0,211.0,338.0,258.0,2.0,225.0,0.0,1.0,0.0,0.0,0.0,0.0
2025/12/12,16:01:21,0,7.0,225.0,339.0,257.0,4.0,225.0,2.0,0.0,0.0,0.0,0.0,0.0
2025/12/12,16:01:26,0,9.0,207.0,337.0,258.0,20.0,225.0,4.0,4.0,0.0,0.0,0.0,0.0
2025/12/12,16:01:31,0,5.0,211.0,339.0,258.0,8.0,224.0,1.0,1.0,0.0,0.0,0.0,0.0
2025/12/12,16:01:36,0,7.0,221.0,339.0,258.0,6.0,225.0,1.0,1.0,0.0,0.0,0.0,0.0
2025/12/12,16:01:41,0,11.0,208.0,338.0,259.0,20.0,224.0,4.0,3.0,0.0,0.0,0.0,0.0
2025/12/12,16:01:46,0,11.0,231.0,341.0,259.0,2.0,225.0,2.0,1.0,0.0,0.0,0.0,0.0
2025/12/12,16:01:51,0,8.0,211.0,338.0,258.0,20.0,226.0,4.0,4.0,0.0,0.0,0.0,0.0
2025/12/12,16:01:56,0,7.0,219.0,341.0,258.0,1.0,225.0,2.0,1.0,0.0,0.0,0.0,0.0
2025/12/12,16:02:01,0,8.0,203.0,339.0,258.0,21.0,225.0,4.0,3.0,0.0,0.0,0.0,0.0
2025/12/12,16:02:06,0,8.0,209.0,341.0,258.0,6.0,224.0,1.0,1.0,0.0,0.0,0.0,0.0
2025/12/12,16:02:11,0,6.0,221.0,343.0,256.0,4.0,224.0,1.0,1.0,0.0,0.0,0.0,0.0
2025/12/12,16:02:16,0,7.0,206.0,340.0,258.0,20.0,225.0,4.0,3.0,0.0,0.0,0.0,0.0
2025/12/12,16:02:21,0,6.0,210.0,342.0,258.0,9.0,224.0,2.0,2.0,0.0,0.0,0.0,0.0
2025/12/12,16:02:26,0,6.0,229.0,344.0,259.0,2.0,224.0,2.0,1.0,0.0,0.0,0.0,0.0
2025/12/12,16:02:31,0,8.0,204.0,340.0,258.0,21.0,226.0,4.0,4.0,0.0,0.0,0.0,0.0
2025/12/12,16:02:36,0,6.0,208.0,342.0,259.0,12.0,225.0,2.0,2.0,0.0,0.0,0.0,0.0
2025/12/12,16:02:41,0,7.0,225.0,344.0,259.0,2.0,223.0,2.0,1.0,0.0,0.0,0.0,0.0
2025/12/12,16:02:46,0,9.0,216.0,343.0,258.0,11.0,225.0,3.0,3.0,0.0,0.0,0.0,0.0
2025/12/12,16:02:51,0,7.0,206.0,342.0,256.0,20.0,224.0,4.0,3.0,0.0,0.0,0.0,0.0
2025/12/12,16:02:56,0,8.0,209.0,342.0,258.0,12.0,226.0,3.0,3.0,0.0,0.0,0.0,0.0
2025/12/12,16:03:01,0,7.0,227.0,344.0,258.0,3.0,225.0,2.0,1.0,0.0,0.0,0.0,-0.0008
2025/12/12,16:03:06,0,7.0,212.0,342.0,256.0,20.0,224.0,4.0,3.0,0.0,0.0,0.0,0.0
2025/12/12,16:03:11,0,7.0,226.0,345.0,257.0,2.0,224.0,1.0,1.0,0.0,0.0,0.0,0.0
2025/12/12,16:03:16,0,9.0,204.0,342.0,258.0,20.0,225.0,4.0,3.0,0.0,0.0,0.0,0.0
2025/12/12,16:03:21,0,8.0,207.0,343.0,258.0,16.0,225.0,3.0,4.0,0.0,0.0,0.0,0.0
2025/12/12,16:03:26,0,8.0,217.0,344.0,258.0,2.0,225.0,0.0,1.0,0.0,0.0,0.0,0.0
2025/12/12,16:03:31,0,10.0,208.0,344.0,258.0,16.0,226.0,4.0,3.0,0.0,0.0,0.0,0.0
2025/12/12,16:03:36,0,10.0,206.0,342.0,258.0,16.0,224.0,3.0,3.0,0.0,0.0,0.0,0.0
2025/12/12,16:03:41,0,9.0,225.0,347.0,258.0,1.0,224.0,2.0,1.0,0.0,0.0,0.0,0.0
2025/12/12,16:03:46,0,10.0,215.0,345.0,258.0,13.0,226.0,4.0,2.0,0.0,0.0,0.0,0.0
2025/12/12,16:03:51,0,9.0,209.0,343.0,258.0,21.0,224.0,4.0,3.0,0.0,0.0,0.0,0.0
2025/12/12,16:03:56,0,8.0,210.0,346.0,258.0,7.0,225.0,1.0,1.0,0.0,0.0,0.0,0.0
2025/12/12,16:04:01,0,11.0,224.0,349.0,256.0,2.0,225.0,1.0,0.0,0.0,0.0,0.0,0.0
2025/12/12,16:04:06,0,10.0,212.0,346.0,258.0,20.0,225.0,3.0,4.0,0.0,0.0,0.0,0.0
2025/12/12,16:04:11,0,9.0,218.0,348.0,257.0,2.0,226.0,2.0,1.0,0.0,0.0,0.0,0.0
2025/12/12,16:04:16,0,13.0,212.0,348.0,258.0,13.0,225.0,3.0,3.0,0.0,0.0,0.0,0.0
2025/12/12,16:04:21,0,9.0,211.0,346.0,258.0,20.0,226.0,4.0,3.0,0.0,0.0,0.0,0.0
2025/12/12,16:04:26,0,8.0,204.0,345.0,258.0,21.0,226.0,4.0,3.0,0.0,0.0,0.0,0.0
2025/12/12,16:04:31,0,11.0,209.0,348.0,258.0,7.0,226.0,1.0,2.0,0.0,0.0,0.0,0.0
2025/12/12,16:04:36,0,10.0,226.0,349.0,258.0,3.0,224.0,2.0,1.0,0.0,0.0,0.0,0.0
2025/12/12,16:04:41,0,9.0,204.0,348.0,258.0,19.0,226.0,4.0,4.0,0.0,0.0,0.0,0.0
2025/12/12,16:04:46,0,6.0,210.0,350.0,256.0,0.0,223.0,1.0,1.0,0.0,0.0,0.0,0.0
2025/12/12,16:04:51,0,9.0,220.0,349.0,258.0,1.0,226.0,2.0,1.0,0.0,0.0,0.0,0.0
2025/12/12,16:04:56,0,11.0,203.0,347.0,258.0,20.0,224.0,4.0,3.0,0.0,0.0,0.0,0.0
2025/12/12,16:05:01,0,9.0,211.0,348.0,258.0,20.0,225.0,4.0,3.0,0.0,0.0,0.0,0.0
2025/12/12,16:05:06,0,10.0,209.0,349.0,258.0,7.0,224.0,2.0,2.0,0.0,0.0,0.0,0.0
2025/12/12,16:05:11,0,10.0,219.0,351.0,259.0,1.0,224.0,1.0,1.0,0.0,0.0,0.0,0.0
2025/12/12,16:05:16,0,11.0,222.0,351.0,258.0,5.0,226.0,1.0,1.0,0.0,0.0,0.0,0.0
2025/12/12,16:05:21,0,10.0,205.0,347.0,258.0,21.0,226.0,3.0,4.0,0.0,0.0,0.0,0.0
2025/12/12,16:05:26,0,10.0,209.0,351.0,256.0,10.0,225.0,2.0,2.0,0.0,0.0,0.0,0.0
2025/12/12,16:05:31,0,10.0,218.0,352.0,258.0,0.0,225.0,1.0,1.0,0.0,0.0,0.0,-0.0008
2025/12/12,16:05:36,0,10.0,222.0,351.0,257.0,2.0,224.0,1.0,1.0,0.0,0.0,0.0,0.0
2025/12/12,16:05:41,0,7.0,203.0,347.0,258.0,20.0,226.0,5.0,4.0,0.0,0.0,0.0,0.0
2025/12/12,16:05:46,0,9.0,209.0,351.0,258.0,20.0,227.0,5.0,3.0,0.0,0.0,0.0,0.0
2025/12/12,16:05:51,0,10.0,205.0,347.0,258.0,17.0,226.0,4.0,4.0,0.0,0.0,0.0,0.0
2025/12/12,16:05:56,0,10.0,209.0,351.0,258.0,6.0,226.0,1.0,1.0,0.0,0.0,0.0,0.0
2025/12/12,16:06:43,0,11.0,213.0,357.0,258.0,6.0,225.0,2.0,1.0,0.0,0.0,0.0,0.0
2025/12/12,16:06:45,0,9.0,225.0,355.0,258.0,1.0,226.0,2.0,1.0,0.0,0.0,0.0,0.0
2025/12/12,16:06:50,0,15.0,213.0,355.0,258.0,16.0,225.0,4.0,3.0,0.0,0.0,0.0,0.0
2025/12/12,16:06:55,0,10.0,205.0,354.0,258.0,21.0,226.0,4.0,4.0,0.0,0.0,0.0,0.0
2025/12/12,16:07:00,0,6.0,207.0,355.0,257.0,18.0,224.0,4.0,3.0,0.0,0.0,0.0,0.0
2025/12/12,16:07:05,0,10.0,211.0,357.0,258.0,0.0,225.0,1.0,2.0,0.0,0.0,0.0,0.0
2025/12/12,16:07:10,0,9.0,228.0,357.0,258.0,5.0,225.0,1.0,1.0,0.0,0.0,0.0,0.0
2025/12/12,16:07:15,0,10.0,214.0,357.0,258.0,11.0,226.0,3.0,3.0,0.0,0.0,0.0,0.0
2025/12/12,16:07:20,0,9.0,203.0,356.0,258.0,19.0,224.0,4.0,3.0,0.0,0.0,0.0,0.0
2025/12/12,16:07:25,0,9.0,208.0,356.0,258.0,17.0,225.0,3.0,4.0,0.0,0.0,0.0,0.0
2025/12/12,16:07:30,0,9.0,210.0,358.0,259.0,7.0,224.0,1.0,1.0,0.0,0.0,0.0,0.0
2025/12/12,16:07:35,0,9.0,220.0,360.0,259.0,2.0,227.0,2.0,1.0,0.0,0.0,0.0,0.0
2025/12/12,16:07:40,0,7.0,220.0,357.0,258.0,2.0,225.0,1.0,1.0,0.0,0.0,0.0,0.0
2025/12/12,16:07:45,0,9.0,202.0,357.0,258.0,23.0,226.0,5.0,4.0,0.0,0.0,0.0,0.0
2025/12/12,16:07:50,0,9.0,211.0,357.0,257.0,20.0,225.0,4.0,3.0,0.0,0.0,0.0,0.0
2025/12/12,16:07:55,0,13.0,207.0,358.0,258.0,15.0,225.0,3.0,3.0,0.0,0.0,0.0,0.0
2025/12/12,16:08:00,0,10.0,211.0,360.0,256.0,19.0,224.0,4.0,3.0,0.0,0.0,0.0,0.0
2025/12/12,16:08:05,0,12.0,213.0,360.0,258.0,13.0,226.0,4.0,2.0,0.0,0.0,0.0,0.0
2025/12/12,16:08:10,0,8.0,220.0,360.0,258.0,2.0,225.0,1.0,1.0,0.0,0.0,0.0,0.0
2025/12/12,16:08:15,0,11.0,210.0,361.0,258.0,2.0,226.0,0.0,0.0,0.0,0.0,0.0,0.0
2025/12/12,16:08:20,0,10.0,209.0,360.0,258.0,6.0,224.0,2.0,1.0,0.0,0.0,0.0,0.0
2025/12/12,16:08:25,0,8.0,210.0,362.0,259.0,6.0,224.0,2.0,1.0,0.0,0.0,0.0,0.0
2025/12/12,16:08:30,0,14.0,209.0,362.0,258.0,9.0,224.0,2.0,2.0,0.0,0.0,0.0,0.0
2025/12/12,16:08:35,0,12.0,207.0,359.0,258.0,14.0,226.0,3.0,3.0,0.0,0.0,0.0,0.0
2025/12/12,16:08:40,0,11.0,209.0,357.0,258.0,19.0,225.0,4.0,3.0,0.0,0.0,0.0,0.0
2025/12/12,16:08:45,0,13.0,207.0,359.0,258.0,16.0,224.0,3.0,3.0,0.0,0.0,0.0,0.0
2025/12/12,16:08:50,0,12.0,209.0,361.0,258.0,12.0,224.0,1.0,2.0,0.0,0.0,0.0,0.0
2025/12/12,16:08:55,0,13.0,210.0,363.0,258.0,9.0,224.0,1.0,1.0,0.0,0.0,0.0,0.0
2025/12/12,16:09:00,0,9.0,209.0,363.0,259.0,14.0,223.0,3.0,2.0,0.0,0.0,0.0,0.0
2025/12/12,16:09:05,0,8.0,207.0,362.0,258.0,19.0,226.0,4.0,3.0,0.0,0.0,0.0,0.0
2025/12/12,16:09:10,0,12.0,213.0,362.0,257.0,21.0,225.0,4.0,3.0,0.0,0.0,0.0,0.0
2025/12/12,16:09:15,0,11.0,206.0,362.0,258.0,21.0,226.0,5.0,4.0,0.0,0.0,0.0,0.0
2025/12/12,16:09:20,0,8.0,212.0,365.0,258.0,12.0,225.0,2.0,3.0,0.0,0.0,0.0,0.0
2025/12/12,16:09:25,0,10.0,200.0,361.0,258.0,23.0,224.0,4.0,4.0,0.0,0.0,0.0,0.0
2025/12/12,16:09:30,0,6.0,212.0,366.0,258.0,16.0,226.0,4.0,3.0,0.0,0.0,0.0,0.0
2025/12/12,16:09:35,0,9.0,219.0,366.0,258.0,8.0,224.0,2.0,2.0,0.0,0.0,0.0,0.0
2025/12/12,16:09:40,0,7.0,223.0,367.0,258.0,4.0,225.0,2.0,2.0,0.0,0.0,0.0,0.0
2025/12/12,16:09:45,0,8.0,218.0,365.0,258.0,11.0,223.0,3.0,2.0,0.0,0.0,0.0,0.0
2025/12/12,16:09:50,0,8.0,202.0,367.0,256.0,23.0,225.0,5.0,4.0,0.0,0.0,0.0,0.0
2025/12/12,16:09:55,0,8.0,202.0,366.0,258.0,22.0,223.0,4.0,3.0,0.0,0.0,0.0,0.0
2025/12/12,16:10:00,0,10.0,205.0,368.0,257.0,22.0,224.0,5.0,4.0,0.0,0.0,0.0,0.0
2025/12/12,16:10:05,0,9.0,203.0,366.0,258.0,22.0,225.0,4.0,3.0,0.0,0.0,0.0,0.0
2025/12/12,16:10:10,0,9.0,204.0,369.0,258.0,21.0,225.0,4.0,3.0,0.0,0.0,0.0,0.0
2025/12/12,16:10:15,0,9.0,208.0,369.0,258.0,19.0,225.0,4.0,3.0,0.0,0.0,0.0,0.0
2025/12/12,16:10:20,0,10.0,210.0,370.0,258.0,15.0,224.0,3.0,2.0,0.0,0.0,0.0,0.0
2025/12/12,16:10:25,0,11.0,219.0,372.0,258.0,3.0,225.0,1.0,1.0,0.0,0.0,0.0,0.0
2025/12/12,16:10:30,0,7.0,217.0,370.0,258.0,10.0,225.0,2.0,1.0,0.0,0.0,0.0,-0.0008
2025/12/12,16:10:35,0,10.0,205.0,372.0,257.0,22.0,224.0,4.0,3.0,0.0,0.0,0.0,0.0
2025/12/12,16:10:40,0,8.0,210.0,373.0,259.0,21.0,224.0,4.0,4.0,0.0,0.0,0.0,0.0
2025/12/12,16:10:45,0,11.0,210.0,371.0,258.0,6.0,225.0,1.0,1.0,0.0,0.0,0.0,0.0
2025/12/12,16:10:50,0,10.0,218.0,374.0,258.0,4.0,224.0,1.0,1.0,0.0,0.0,0.0,0.0
2025/12/12,16:10:55,0,10.0,229.0,374.0,258.0,5.0,225.0,1.0,1.0,0.0,0.0,0.0,0.0
2025/12/12,16:11:00,0,9.0,217.0,374.0,258.0,11.0,224.0,3.0,2.0,0.0,0.0,0.0,0.0
2025/12/12,16:11:05,0,8.0,203.0,374.0,256.0,21.0,224.0,4.0,3.0,0.0,0.0,0.0,0.0
2025/12/12,16:11:10,0,10.0,210.0,374.0,258.0,20.0,224.0,4.0,3.0,0.0,0.0,0.0,0.0
2025/12/12,16:11:15,0,11.0,208.0,376.0,258.0,10.0,226.0,2.0,2.0,0.0,0.0,0.0,0.0
2025/12/12,16:11:20,0,8.0,215.0,377.0,257.0,2.0,225.0,1.0,1.0,0.0,0.0,0.0,0.0
2025/12/12,16:11:25,0,7.0,227.0,378.0,258.0,4.0,224.0,1.0,1.0,0.0,0.0,0.0,0.0
2025/12/12,16:11:30,0,9.0,219.0,378.0,257.0,8.0,225.0,1.0,1.0,0.0,0.0,0.0,0.0
2025/12/12,16:11:35,0,9.0,207.0,376.0,257.0,20.0,224.0,4.0,3.0,0.0,0.0,0.0,0.0
2025/12/12,16:11:40,0,6.0,203.0,374.0,258.0,20.0,225.0,4.0,4.0,0.0,0.0,0.0,0.0
2025/12/12,16:11:45,0,5.0,213.0,372.0,258.0,21.0,224.0,4.0,3.0,0.0,0.0,0.0,0.0
2025/12/12,16:11:50,0,7.0,209.0,372.0,257.0,8.0,225.0,1.0,1.0,0.0,0.0,0.0,0.0
2025/12/12,16:11:55,0,8.0,225.0,372.0,259.0,3.0,224.0,1.0,0.0,0.0,0.0,0.0,0.0
2025/12/12,16:12:00,0,7.0,220.0,370.0,257.0,6.0,224.0,1.0,1.0,0.0,0.0,0.0,0.0
2025/12/12,16:12:05,0,9.0,203.0,368.0,259.0,22.0,225.0,4.0,4.0,0.0,0.0,0.0,0.0
2025/12/12,16:12:10,0,6.0,212.0,367.0,259.0,19.0,223.0,4.0,3.0,0.0,0.0,0.0,0.0
