Date,Time,StatusCode,MCP_WQ_DO,MCP_WQ_EC,MCP_WQ_PH,MCP_WQ_TEMP,MCP_WQ_TURB,MCP_WQ_TDS,MCP_WQ_RSV1,MCP_WQ_RSV2,ADS_NO3_mA,ADS_NO2_mA,ADS_NH3_mA,ADS_RSV_mA
11/20/2025,0:00:13,0,50,200,307,252,23,207,8,2,0,0,0,0
11/20/2025,0:00:49,0,49,226,307,252,29,206,13,4,0,0,0,0
11/20/2025,0:00:53,0,52,203,304,252,20,206,6,0,0,0,0,0
11/20/2025,0:00:58,0,52,200,305,252,23,206,9,2,0,0,0,0
11/20/2025,0:01:03,0,53,223,307,252,38,206,13,4,0,0,0,0
11/20/2025,0:01:08,0,54,191,304,250,27,206,8,1,0,0,0,0
11/20/2025,0:01:13,0,54,200,307,252,25,207,9,2,0,0,0,0
11/20/2025,0:01:18,0,55,191,303,251,28,207,8,1,0,0,0,0
11/20/2025,0:01:23,0,52,216,306,251,35,207,13,4,0,0,0,0
11/20/2025,0:01:28,0,53,195,304,252,25,206,8,1,0,0,0,0
11/20/2025,0:01:33,0,52,193,302,252,26,206,7,1,0,0,0,0
11/20/2025,0:01:38,0,52,215,306,253,33,206,12,3,0,0,0,0
11/20/2025,0:01:43,0,51,200,306,252,26,207,10,2,0,0,0,0
11/20/2025,0:01:48,0,50,203,304,252,22,207,6,0,0,0,0,0
11/20/2025,0:01:53,0,53,190,303,252,27,207,8,1,0,0,0,0
11/20/2025,0:01:58,0,53,195,304,252,35,207,10,3,0,0,0,0
11/20/2025,0:02:03,0,51,210,303,253,32,207,11,3,0,0,0,0
11/20/2025,0:02:08,0,52,215,306,251,32,205,12,3,0,0,0,-0.0008
11/20/2025,0:02:13,0,50,222,307,253,35,206,13,4,0,0,0,0
11/20/2025,0:02:18,0,52,221,304,252,36,206,12,4,0,0,0,0
11/20/2025,0:02:23,0,54,213,306,253,31,207,11,3,0,0,0,0
11/20/2025,0:02:28,0,52,190,302,252,28,207,10,2,0,0,0,0
11/20/2025,0:02:33,0,53,205,302,251,21,206,7,0,0,0,0,0
11/20/2025,0:02:38,0,53,199,305,253,24,206,9,1,0,0,0,0
11/20/2025,0:02:43,0,53,207,305,252,34,205,12,3,0,0,0,0
11/20/2025,0:02:48,0,54,223,304,252,38,207,14,4,0,0,0,0
11/20/2025,0:02:53,0,55,215,305,251,31,206,11,4,0,0,0,0
11/20/2025,0:02:58,0,53,214,304,252,32,206,11,3,0,0,0,0
11/20/2025,0:03:03,0,54,215,305,252,35,207,10,3,0,0,0,0
11/20/2025,0:03:08,0,55,214,305,252,31,208,11,3,0,0,0,0
11/20/2025,0:03:13,0,54,211,303,252,27,206,12,3,0,0,0,0
11/20/2025,0:03:18,0,54,205,304,252,33,205,11,3,0,0,0,0
11/20/2025,0:03:23,0,53,212,304,252,33,207,11,3,0,0,0,-0.0008
11/20/2025,0:03:28,0,56,221,305,252,34,205,12,3,0,0,0,-0.0008
11/20/2025,0:03:33,0,53,216,303,252,38,207,13,4,0,0,0,0
11/20/2025,0:03:38,0,52,215,305,252,36,205,13,4,0,0,0,0
11/20/2025,0:03:43,0,52,209,304,252,32,208,11,3,0,0,0,0
11/20/2025,0:03:48,0,54,201,304,251,24,207,9,2,0,0,0,0
11/20/2025,0:03:53,0,53,202,303,250,23,206,6,1,0,0,0,0
11/20/2025,0:03:58,0,53,208,303,252,32,206,10,3,0,0,0,0
11/20/2025,0:04:03,0,53,204,306,253,27,206,10,3,0,0,0,-0.0008
11/20/2025,0:04:08,0,54,193,301,252,25,208,6,1,0,0,0,0
11/20/2025,0:04:13,0,53,221,305,252,37,207,13,4,0,0,0,0
11/20/2025,0:04:18,0,51,202,302,252,26,207,9,1,0,0,0,0
11/20/2025,0:04:23,0,53,192,302,252,29,206,8,1,0,0,0,0
11/20/2025,0:04:28,0,52,219,305,252,36,207,14,4,0,0,0,0
11/20/2025,0:04:33,0,53,197,301,252,24,206,8,1,0,0,0,0
11/20/2025,0:04:38,0,51,211,304,253,31,206,11,3,0,0,0,0
11/20/2025,0:04:43,0,54,201,306,252,25,208,9,2,0,0,0,-0.0008
11/20/2025,0:04:48,0,53,193,302,251,32,206,10,3,0,0,0,0
11/20/2025,0:04:53,0,50,202,304,251,24,206,10,2,0,0,0,-0.0008
11/20/2025,0:04:58,0,50,206,304,253,32,207,10,3,0,0,0,0
11/20/2025,0:05:03,0,53,200,302,252,24,205,7,1,0,0,0,0
11/20/2025,0:05:08,0,51,209,305,250,35,206,13,4,0,0,0,0
11/20/2025,0:05:13,0,52,205,303,252,32,207,10,3,0,0,0,0
11/20/2025,0:05:18,0,53,197,300,252,21,207,6,0,0,0,0,0
11/20/2025,0:05:23,0,53,198,303,252,26,206,9,2,0,0,0,0
11/20/2025,0:05:28,0,52,215,305,251,37,206,14,4,0,0,0,0
11/20/2025,0:05:33,0,54,206,304,250,34,208,10,3,0,0,0,0
11/20/2025,0:05:38,0,52,197,303,250,21,206,7,0,0,0,0,0
11/20/2025,0:05:43,0,51,199,303,252,23,206,8,1,0,0,0,0
11/20/2025,0:05:48,0,52,207,305,252,33,207,13,4,0,0,0,0
11/20/2025,0:05:53,0,51,214,305,252,36,207,12,3,0,0,0,0
11/20/2025,0:05:58,0,51,193,302,252,24,206,7,1,0,0,0,0
11/20/2025,0:06:03,0,53,200,301,251,26,207,9,2,0,0,0,0
11/20/2025,0:06:08,0,51,205,304,250,32,205,10,3,0,0,0,0
11/20/2025,0:06:13,0,50,193,300,252,26,207,8,1,0,0,0,0
11/20/2025,0:06:18,0,49,216,305,252,35,206,12,3,0,0,0,0
11/20/2025,0:06:23,0,51,199,300,252,21,207,7,1,0,0,0,0
11/20/2025,0:07:11,0,50,214,305,252,29,207,13,2,0,0,0,0
11/20/2025,0:07:13,0,52,215,303,252,28,207,12,4,0,0,0,-0.0008
11/20/2025,0:07:18,0,50,218,304,252,33,207,13,4,0,0,0,0
11/20/2025,0:07:23,0,49,219,301,252,38,207,14,5,0,0,0,0
11/20/2025,0:07:28,0,49,209,303,252,34,207,13,4,0,0,0,0
11/20/2025,0:07:33,0,49,196,301,252,24,207,9,1,0,0,0,0
11/20/2025,0:07:38,0,51,196,300,252,32,207,11,3,0,0,0,0
11/20/2025,0:07:43,0,52,203,303,252,30,207,11,3,0,0,0,0
11/20/2025,0:07:48,0,54,194,300,252,23,206,7,1,0,0,0,0
11/20/2025,0:07:53,0,54,217,304,252,38,206,13,4,0,0,0,0
11/20/2025,0:07:58,0,53,198,301,251,23,206,7,1,0,0,0,0
11/20/2025,0:08:03,0,50,214,302,252,33,207,13,3,0,0,0,0
11/20/2025,0:08:08,0,55,198,300,252,25,207,8,1,-0.0008,0,0,0
11/20/2025,0:08:13,0,48,214,303,252,31,208,11,3,0,0,0,0
11/20/2025,0:08:18,0,51,197,301,252,25,206,8,1,0,0,0,0
11/20/2025,0:08:23,0,50,206,302,252,35,207,12,4,0,0,0,0
11/20/2025,0:08:28,0,51,197,301,252,24,207,8,1,0,0,0,0
11/20/2025,0:08:33,0,53,221,304,251,38,205,13,4,0,0,0,0
11/20/2025,0:08:38,0,53,195,299,252,24,207,7,1,0,0,0,0
11/20/2025,0:08:43,0,56,202,303,252,24,208,10,2,0,0,0,0
11/20/2025,0:08:48,0,52,206,302,252,34,207,11,3,0,0,0,0
11/20/2025,0:08:53,0,53,195,300,252,22,208,7,1,0,0,0,0
11/20/2025,0:08:58,0,54,219,303,252,39,206,14,5,0,0,0,0
11/20/2025,0:09:03,0,54,196,300,252,21,205,6,1,0,0,0,0
11/20/2025,0:09:08,0,54,209,303,252,35,208,12,4,0,0,0,0
11/20/2025,0:09:13,0,56,194,301,251,32,206,11,3,0,0,0,-0.0008
11/20/2025,0:09:18,0,53,201,302,253,23,206,9,1,0,0,0,0
11/20/2025,0:09:23,0,53,211,304,253,33,206,12,3,0,0,0,0
11/20/2025,0:09:28,0,53,199,301,251,26,207,9,1,0,0,0,0
11/20/2025,0:09:33,0,54,188,301,251,32,204,10,2,0,0,0,0
11/20/2025,0:09:38,0,53,212,304,252,37,206,14,5,0,0,0,0
11/20/2025,0:09:43,0,53,194,301,251,24,207,8,1,0,0,0,0
11/20/2025,0:09:48,0,53,199,301,252,19,207,7,0,0,0,0,0
11/20/2025,0:09:53,0,54,210,303,252,38,206,14,4,0,0,0,0
11/20/2025,0:09:58,0,53,199,300,253,23,206,8,0,0,0,0,0
11/20/2025,0:10:03,0,53,206,302,252,34,207,12,3,0,0,0,0
11/20/2025,0:10:08,0,53,203,303,252,30,207,11,3,0,0,0,0
11/20/2025,0:10:13,0,54,202,300,252,20,207,7,0,0,0,0,0
11/20/2025,0:10:18,0,54,200,302,251,34,207,11,3,0,0,0,0
11/20/2025,0:10:23,0,54,219,302,251,39,206,14,4,0,0,0,0
11/20/2025,0:10:28,0,53,200,302,252,25,207,8,2,0,0,0,0
11/20/2025,0:10:33,0,55,195,300,249,24,207,8,0,0,0,0,0
11/20/2025,0:10:38,0,54,216,300,252,36,207,12,3,0,0,0,0
11/20/2025,0:10:43,0,51,201,302,252,26,208,10,2,0,0,0,-0.0008
11/20/2025,0:10:48,0,54,200,301,252,20,207,6,0,0,0,0,0
11/20/2025,0:10:53,0,53,189,301,250,34,205,10,2,0,0,0,0
11/20/2025,0:10:58,0,50,195,301,252,33,206,11,3,0,0,0,0
11/20/2025,0:11:03,0,52,195,301,252,23,207,8,1,0,0,0,0
11/20/2025,0:11:08,0,48,201,300,252,26,207,10,2,0,0,0,0
11/20/2025,0:11:13,0,48,209,302,252,33,206,12,3,0,0,0,0
11/20/2025,0:11:18,0,50,196,301,251,25,206,8,0,0,0,0,0
11/20/2025,0:11:23,0,50,221,303,251,40,206,14,4,0,0,0,0
11/20/2025,0:11:28,0,48,191,301,252,26,207,8,1,0,0,0,0
11/20/2025,0:11:33,0,50,198,299,252,25,207,9,1,0,0,0,-0.0008
11/20/2025,0:11:38,0,48,213,303,252,35,207,12,3,0,0,0,0
11/20/2025,0:11:43,0,43,202,301,252,22,205,7,1,0,0,0,0
11/20/2025,0:11:48,0,49,213,302,252,37,206,14,4,0,0,0,0
11/20/2025,0:11:53,0,48,189,300,252,33,206,9,2,0,0,0,0
11/20/2025,0:11:58,0,48,198,302,251,26,207,9,1,0,0,0,0
11/20/2025,0:12:03,0,51,219,303,252,36,207,13,3,0,0,0,0
11/20/2025,0:12:08,0,50,198,300,252,22,207,7,0,0,0,0,0
11/20/2025,0:12:13,0,51,213,303,252,38,207,13,4,0,0,0,0
11/20/2025,0:12:18,0,51,194,301,251,26,206,8,0,0,0,0,0
11/20/2025,0:12:23,0,52,204,302,252,32,205,12,3,0,0,0,0
11/20/2025,0:12:28,0,47,195,300,252,32,207,12,2,0,0,0,0
11/20/2025,0:12:33,0,52,198,302,251,24,206,9,1,0,0,0,0
11/20/2025,0:12:38,0,52,218,303,251,39,206,13,4,0,0,0,0
11/20/2025,0:12:43,0,53,196,300,251,23,207,7,1,0,0,0,0
11/20/2025,0:12:48,0,53,202,302,252,26,207,10,2,0,0,0,0
11/20/2025,0:12:53,0,57,203,302,251,33,206,11,3,0,0,0,0
11/20/2025,0:12:58,0,50,200,302,252,24,207,9,2,0,0,0,-0.0008
11/20/2025,0:13:03,0,53,200,302,251,34,207,11,3,0,0,0,0
11/20/2025,0:13:08,0,52,202,303,253,25,207,10,2,0,0,0,0
11/20/2025,0:13:13,0,53,191,299,252,28,207,9,1,0,0,0,0
11/20/2025,0:13:18,0,54,210,304,253,36,206,13,4,0,0,0,0
11/20/2025,0:13:23,0,52,197,301,252,21,206,7,0,0,0,0,0
11/20/2025,0:13:28,0,51,219,302,252,40,207,15,5,0,0,0,0
11/20/2025,0:13:33,0,53,201,300,251,21,206,7,0,0,0,0,0
11/20/2025,0:13:38,0,53,213,304,250,38,206,15,5,0,0,0,0
11/20/2025,0:13:43,0,52,193,301,251,23,207,7,1,0,0,0,0
11/20/2025,0:13:48,0,52,205,303,252,32,206,12,3,0,0,0,0
11/20/2025,0:13:53,0,50,204,303,252,33,207,12,3,0,0,0,0
11/20/2025,0:13:58,0,49,197,301,252,23,206,7,1,0,0,0,0
11/20/2025,0:14:03,0,50,195,301,252,24,207,8,1,0,0,0,0
11/20/2025,0:14:08,0,52,203,303,251,29,206,12,2,0,0,0,0
11/20/2025,0:14:13,0,51,216,304,252,40,207,14,5,0,0,0,0
11/20/2025,0:14:18,0,52,218,301,251,38,207,15,5,0,0,0,0
11/20/2025,0:14:23,0,52,209,304,251,33,207,12,3,0,0,0,-0.0008
11/20/2025,0:14:28,0,52,203,303,251,34,207,11,3,0,0,0,0
11/20/2025,0:14:33,0,50,206,304,252,32,206,12,3,0,0,0,-0.0008
11/20/2025,0:14:38,0,50,216,304,251,34,206,13,4,0,0,0,0
11/20/2025,0:14:43,0,51,209,305,252,34,207,13,4,0,0,0,0
11/20/2025,0:14:48,0,52,198,301,252,25,206,9,1,0,0,0,0
11/20/2025,0:14:53,0,50,192,302,251,27,207,8,1,0,0,0,0
11/20/2025,0:14:58,0,51,213,305,253,32,208,12,3,0,0,0,0
11/20/2025,0:15:03,0,49,217,305,252,38,206,14,5,0,0,0,-0.0008
11/20/2025,0:15:08,0,50,209,305,252,34,207,13,4,0,0,0,-0.0008
11/20/2025,0:15:13,0,49,202,305,252,24,206,10,3,0,0,0,0
11/20/2025,0:15:18,0,45,201,302,252,25,206,10,2,0,0,0,0
11/20/2025,0:15:23,0,50,199,304,250,26,206,10,1,0,0,0,-0.0008
11/20/2025,0:15:28,0,48,201,303,252,26,206,9,1,0,0,0,0
11/20/2025,0:15:33,0,48,202,306,252,26,208,11,3,0,0,0,0
11/20/2025,0:15:38,0,50,224,305,252,41,208,15,5,0,0,0,0
11/20/2025,0:15:43,0,50,198,303,250,37,205,11,3,0,0,0,-0.0008
11/20/2025,0:15:48,0,50,193,302,252,25,207,8,1,0,0,0,-0.0008
11/20/2025,0:15:53,0,51,198,303,252,21,206,7,0,0,0,0,-0.0008
11/20/2025,0:15:58,0,49,196,303,251,20,205,6,0,0,0,0,0
11/20/2025,0:16:03,0,50,191,302,251,30,207,9,1,0,0,0,0
11/20/2025,0:16:08,0,48,217,305,251,35,206,12,3,0,0,0,-0.0008
11/20/2025,0:16:13,0,48,203,305,252,33,207,12,4,0,0,0,0
11/20/2025,0:16:18,0,51,200,303,251,21,208,6,1,0,0,0,0
11/20/2025,0:16:23,0,50,194,303,251,38,205,11,2,0,0,0,0
11/20/2025,0:16:28,0,51,216,306,252,37,207,12,3,0,0,0,0
11/20/2025,0:16:33,0,49,217,306,251,34,206,11,4,0,0,0,0
11/20/2025,0:16:38,0,51,189,304,251,31,207,10,2,0,0,0,0
11/20/2025,0:17:10,0,51,195,300,252,26,206,11,2,0,0,0,0
11/20/2025,0:17:13,0,52,199,302,252,17,207,7,0,0,0,0,0
11/20/2025,0:17:18,0,53,209,305,252,36,206,13,4,0,0,0,0
11/20/2025,0:17:23,0,53,192,302,252,27,207,9,1,0,0,0,0
11/20/2025,0:17:28,0,53,200,306,250,23,207,10,2,0,0,0,0
11/20/2025,0:17:33,0,52,212,306,252,32,207,12,4,0,0,0,0
11/20/2025,0:17:38,0,56,202,303,251,20,205,6,0,0,0,0,0
11/20/2025,0:17:43,0,52,207,306,252,33,205,13,4,0,0,0,0
11/20/2025,0:17:48,0,53,212,306,251,34,206,12,3,0,0,0,0
11/20/2025,0:17:53,0,52,191,302,252,26,205,8,1,0,0,0,0
11/20/2025,0:17:58,0,51,202,303,252,19,206,6,0,0,0,0,0
11/20/2025,0:18:03,0,53,198,305,251,25,207,9,1,0,0,0,0
11/20/2025,0:18:08,0,53,215,304,252,39,207,15,5,0,0,0,0
11/20/2025,0:18:13,0,51,201,305,253,32,206,11,3,0,0,0,0
11/20/2025,0:18:18,0,55,201,303,252,18,207,6,0,0,0,0,0
11/20/2025,0:18:23,0,56,200,307,251,25,206,10,2,0,0,0,0
11/20/2025,0:18:28,0,52,219,304,252,37,207,13,4,0,0,0,0
11/20/2025,0:18:33,0,53,192,303,252,31,206,10,3,0,0,0,0
11/20/2025,0:18:38,0,54,203,304,250,19,205,5,0,0,0,0,0
11/20/2025,0:18:43,0,53,199,305,252,21,208,7,2,0,0,0,0
11/20/2025,0:18:48,0,55,199,306,251,23,205,9,2,0,0,0,0
11/20/2025,0:18:53,0,51,199,307,251,23,208,9,2,0,0,0,0
11/20/2025,0:18:58,0,53,199,304,252,25,207,10,2,0,0,0,0
11/20/2025,0:19:03,0,56,199,306,250,22,206,8,1,0,0,0,0
11/20/2025,0:19:08,0,53,203,304,252,19,206,6,0,0,0,0,0
11/20/2025,0:19:13,0,54,188,305,250,28,206,9,2,0,0,0,-0.0008
11/20/2025,0:19:18,0,54,218,308,251,37,207,13,5,0,0,0,0
11/20/2025,0:19:23,0,55,196,304,252,21,207,7,0,0,0,0,0
11/20/2025,0:19:28,0,53,200,305,251,33,207,11,3,0,0,0,0
11/20/2025,0:19:33,0,52,205,308,251,29,206,11,4,0,0,0,0
11/20/2025,0:19:38,0,53,201,305,252,17,206,6,0,0,0,0,0
11/20/2025,0:19:43,0,53,209,307,252,30,207,11,4,0,0,0,0
11/20/2025,0:19:48,0,52,204,307,250,31,205,12,4,0,0,0,0
11/20/2025,0:19:53,0,55,198,306,252,20,206,6,1,0,0,0,0
11/20/2025,0:19:58,0,50,198,307,252,19,206,8,0,0,0,0,0
11/20/2025,0:20:03,0,51,197,306,251,31,206,10,3,0,0,0,0
11/20/2025,0:20:08,0,47,223,309,252,35,206,13,5,0,0,0,-0.0008
11/20/2025,0:20:13,0,51,203,307,252,29,206,11,3,0,0,0,0
11/20/2025,0:20:18,0,55,198,305,252,21,207,7,1,0,0,0,0
11/20/2025,0:20:23,0,52,199,307,252,30,206,10,3,-0.0008,0,0,0
11/20/2025,0:20:28,0,50,209,308,252,34,207,12,4,0,0,0,0
11/20/2025,0:20:33,0,51,195,306,251,26,206,6,1,0,0,0,0
11/20/2025,0:20:38,0,50,195,305,252,35,206,10,3,0,0,0,0
11/20/2025,0:20:43,0,50,208,308,252,33,206,13,5,0,0,0,0
11/20/2025,0:20:48,0,45,202,306,252,17,206,6,0,0,0,0,0
11/20/2025,0:20:53,0,49,202,308,250,31,206,11,3,0,0,0,0
11/20/2025,0:20:58,0,48,206,311,252,32,207,12,4,0,0,0,0
11/20/2025,0:21:03,0,48,196,306,250,19,206,6,1,0,0,0,0
11/20/2025,0:21:08,0,48,188,303,252,31,207,10,3,0,0,0,0
11/20/2025,0:21:13,0,52,222,309,252,35,207,13,5,0,0,0,-0.0008
11/20/2025,0:21:18,0,53,201,307,252,23,206,9,2,0,0,0,-0.0008
11/20/2025,0:21:23,0,53,198,304,252,18,205,5,0,0,0,0,0
11/20/2025,0:21:28,0,54,207,306,252,30,207,10,3,0,0,0,0
11/20/2025,0:21:33,0,56,203,306,252,30,207,11,4,0,0,0,0
11/20/2025,0:21:38,0,56,204,303,252,16,206,6,0,0,0,0,0
11/20/2025,0:21:43,0,58,206,304,252,31,207,10,4,0,0,0,0
11/20/2025,0:21:48,0,59,207,305,250,32,206,12,5,0,0,0,0
11/20/2025,0:21:53,0,58,196,302,250,21,206,6,1,0,0,0,0
11/20/2025,0:21:58,0,55,190,302,252,25,207,7,2,0,0,0,0
11/20/2025,0:22:03,0,54,218,304,252,34,206,11,4,0,0,0,0
11/20/2025,0:22:08,0,54,200,304,252,24,207,9,3,0,0,0,-0.0008
11/20/2025,0:22:13,0,53,200,299,251,17,207,4,0,0,0,0,0
11/20/2025,0:22:18,0,54,211,300,252,32,206,11,4,0,0,0,0
11/20/2025,0:22:23,0,50,201,302,252,21,206,7,2,0,0,0,0
11/20/2025,0:22:28,0,52,197,301,251,33,205,10,3,0,0,0,0
11/20/2025,0:22:33,0,53,201,304,253,24,205,9,2,0,0,0,0
11/20/2025,0:22:38,0,53,197,301,251,16,206,5,0,0,0,0,0
11/20/2025,0:22:43,0,54,218,302,251,34,206,11,5,0,0,0,0
11/20/2025,0:22:48,0,57,196,300,251,18,207,6,1,0,0,0,0
11/20/2025,0:22:53,0,50,197,300,252,30,205,9,3,0,0,0,0
11/20/2025,0:22:58,0,53,204,302,251,30,206,11,4,0,0,0,0
11/20/2025,0:23:03,0,56,199,301,250,16,205,4,0,0,0,0,0
11/20/2025,0:23:08,0,55,211,302,252,29,206,11,4,0,0,0,0
11/20/2025,0:23:13,0,55,198,303,251,22,206,8,3,0,0,0,0
11/20/2025,0:23:18,0,55,199,298,252,15,207,5,0,0,0,0,0
11/20/2025,0:23:23,0,55,199,300,252,29,205,9,2,0,0,0,0
11/20/2025,0:23:28,0,54,217,301,252,35,207,12,5,0,0,0,0
11/20/2025,0:23:33,0,51,201,301,251,20,206,7,3,0,0,0,0
11/20/2025,0:23:38,0,52,192,300,252,18,206,4,0,0,0,0,0
11/20/2025,0:23:43,0,55,221,302,252,35,205,12,5,0,0,0,0
11/20/2025,0:23:48,0,51,200,300,251,19,206,7,2,0,0,0,0
11/20/2025,0:23:53,0,51,191,299,252,22,205,5,1,0,0,0,0
11/20/2025,0:23:58,0,51,221,303,251,35,207,11,5,0,0,0,0
11/20/2025,0:24:03,0,51,199,301,251,21,205,6,2,0,0,0,0
11/20/2025,0:24:08,0,52,189,299,251,24,206,7,2,0,0,0,0
11/20/2025,0:24:13,0,52,210,302,251,33,205,12,5,0,0,0,0
11/20/2025,0:24:18,0,52,204,299,252,15,206,4,0,0,0,0,0
11/20/2025,0:24:23,0,56,214,303,253,29,206,10,4,0,0,0,0
11/20/2025,0:24:28,0,54,202,303,252,19,208,7,3,0,0,0,0
11/20/2025,0:24:33,0,53,193,300,250,19,205,5,1,0,0,0,-0.0008
11/20/2025,0:24:38,0,57,216,300,252,32,207,11,4,0,0,0,0
11/20/2025,0:24:43,0,53,202,303,251,23,208,9,3,0,0,0,0
11/20/2025,0:24:48,0,53,200,297,252,17,206,5,0,0,0,0,0
11/20/2025,0:24:53,0,54,200,301,252,30,207,10,4,0,0,0,0
11/20/2025,0:24:58,0,54,205,302,252,29,205,10,4,0,0,0,0
11/20/2025,0:25:03,0,52,198,300,251,16,205,4,0,0,0,0,0
11/20/2025,0:25:08,0,54,222,302,251,35,206,12,5,0,0,0,0
11/20/2025,0:25:13,0,51,193,299,252,18,204,5,1,0,0,0,-0.0008
11/20/2025,0:25:18,0,50,203,300,252,31,206,10,4,0,0,0,0
11/20/2025,0:25:23,0,51,201,302,252,25,206,10,3,0,0,0,0
11/20/2025,0:25:28,0,50,198,298,252,15,206,4,0,0,0,0,0
11/20/2025,0:25:33,0,46,210,302,252,29,206,10,3,0,0,0,-0.0008
11/20/2025,0:25:38,0,48,203,302,251,25,206,9,3,0,0,0,0
11/20/2025,0:25:43,0,49,199,299,251,15,205,4,0,0,0,0,0
11/20/2025,0:25:48,0,46,211,302,252,30,207,10,5,0,0,0,0
11/20/2025,0:25:53,0,49,200,303,252,22,208,8,3,0,0,0,0
11/20/2025,0:25:58,0,49,196,300,250,17,205,4,0,0,0,0,0
11/20/2025,0:26:03,0,49,220,302,252,33,206,10,4,0,0,0,0
11/20/2025,0:26:08,0,52,199,300,252,19,206,6,1,0,0,0,0
11/20/2025,0:26:13,0,51,186,299,251,27,206,7,3,0,0,0,0
11/20/2025,0:26:18,0,52,211,303,254,34,206,12,5,0,0,0,0
11/20/2025,0:26:23,0,49,193,300,251,19,207,5,1,0,0,0,-0.0008
11/20/2025,0:26:28,0,51,195,300,251,28,207,8,3,0,0,0,0
11/20/2025,0:26:33,0,50,211,299,252,34,207,12,5,0,0,0,0
11/20/2025,0:26:38,0,50,194,299,252,18,207,5,1,0,0,0,0
11/20/2025,0:26:43,0,53,193,299,252,28,206,8,3,0,0,0,0
11/20/2025,0:27:28,0,50,214,299,252,28,206,11,4,0,0,0,0
11/20/2025,0:27:32,0,52,207,300,250,30,206,11,5,0,0,0,0
11/20/2025,0:27:37,0,53,193,296,252,16,207,4,0,0,0,0,0
11/20/2025,0:27:42,0,53,216,300,251,34,205,11,5,0,0,0,0
11/20/2025,0:27:47,0,51,193,293,251,24,207,5,1,0,0,0,0
11/20/2025,0:27:52,0,51,216,298,252,30,209,10,5,0,0,0,0
11/20/2025,0:27:57,0,50,203,296,251,15,207,4,0,0,0,0,0
11/20/2025,0:28:02,0,53,215,300,249,34,205,12,5,0,0,0,0
11/20/2025,0:28:07,0,52,193,295,251,16,206,4,0,0,0,0,0
11/20/2025,0:28:12,0,50,218,299,252,35,207,11,5,0,0,0,0
11/20/2025,0:28:17,0,52,196,297,250,19,205,4,1,0,0,0,0
11/20/2025,0:28:22,0,49,192,294,252,30,207,9,3,0,0,0,0
11/20/2025,0:28:27,0,51,205,297,252,30,207,11,5,0,0,0,0
11/20/2025,0:28:32,0,52,195,295,252,16,205,3,0,0,0,0,0
11/20/2025,0:28:37,0,52,217,299,251,31,207,10,4,0,0,0,0
11/20/2025,0:28:42,0,52,199,295,252,20,208,7,2,0,0,0,0
11/20/2025,0:28:47,0,53,189,295,251,26,205,6,2,0,0,0,-0.0008
11/20/2025,0:28:52,0,54,214,298,252,34,206,12,5,0,0,0,0
11/20/2025,0:28:57,0,51,197,297,252,13,207,3,0,0,0,0,0
11/20/2025,0:29:02,0,51,217,299,252,34,207,12,5,0,0,0,0
11/20/2025,0:29:07,0,53,197,295,252,15,205,3,0,0,0,0,-0.0008
11/20/2025,0:29:12,0,53,210,299,251,33,205,11,5,0,0,0,0
11/20/2025,0:29:17,0,51,197,296,252,14,207,4,0,0,0,0,0
11/20/2025,0:29:22,0,55,218,299,252,33,206,11,5,0,0,0,0
11/20/2025,0:29:27,0,52,196,298,251,19,206,5,2,0,0,0,0
11/20/2025,0:29:32,0,50,193,297,251,29,206,8,3,0,0,0,0
11/20/2025,0:29:37,0,53,206,300,251,29,206,11,5,0,0,0,0
11/20/2025,0:29:42,0,53,199,295,252,15,207,4,0,0,0,0,0
11/20/2025,0:29:47,0,53,223,300,252,35,207,12,5,0,0,0,-0.0008
11/20/2025,0:29:52,0,52,197,297,252,16,206,4,0,0,0,0,0
11/20/2025,0:29:57,0,52,195,297,252,36,206,13,6,0,0,0,0
11/20/2025,0:30:02,0,56,190,298,251,31,207,7,3,0,0,0,0
11/20/2025,0:30:07,0,52,200,298,252,22,207,7,3,0,0,0,0
11/20/2025,0:30:12,0,50,193,298,251,29,206,9,3,0,0,0,0
11/20/2025,0:30:17,0,53,202,300,251,24,206,9,4,0,0,0,0
11/20/2025,0:30:22,0,53,192,298,251,20,206,5,1,0,0,0,0
11/20/2025,0:30:27,0,52,212,301,251,33,206,11,5,0,0,0,0
11/20/2025,0:30:32,0,54,193,299,251,18,205,4,0,0,0,0,0
11/20/2025,0:30:37,0,54,202,300,252,27,207,9,3,0,0,0,0
11/20/2025,0:30:42,0,54,201,300,251,27,206,9,3,0,0,0,0
11/20/2025,0:30:47,0,55,197,300,251,18,206,6,2,0,0,0,0
11/20/2025,0:30:52,0,54,207,301,252,30,204,9,4,0,0,0,0
11/20/2025,0:30:57,0,52,196,299,251,19,206,6,2,0,0,0,0
11/20/2025,0:31:02,0,59,212,301,252,32,206,10,4,0,0,0,0
11/20/2025,0:31:07,0,53,197,297,251,19,206,6,2,0,0,0,0
11/20/2025,0:31:12,0,52,206,301,251,30,207,9,4,0,0,0,0
11/20/2025,0:31:17,0,55,199,300,251,19,206,7,2,0,0,0,0
11/20/2025,0:31:22,0,54,196,300,251,30,207,8,4,0,0,0,0
11/20/2025,0:31:27,0,53,200,302,250,21,206,7,2,0,0,0,0
11/20/2025,0:31:32,0,53,188,298,252,30,205,7,3,0,0,0,0
11/20/2025,0:31:37,0,54,210,302,252,32,207,11,5,0,0,0,0
11/20/2025,0:31:42,0,54,201,300,251,15,206,4,0,0,0,0,0
11/20/2025,0:31:47,0,54,215,301,252,31,205,11,4,0,0,0,0
11/20/2025,0:31:52,0,53,194,297,252,19,205,5,1,0,0,0,0
11/20/2025,0:31:57,0,54,213,300,252,30,207,10,4,0,0,0,0
11/20/2025,0:32:02,0,55,197,299,251,17,207,5,1,0,0,0,0
11/20/2025,0:32:07,0,54,216,302,252,34,206,10,4,0,0,0,-0.0008
11/20/2025,0:32:12,0,53,197,299,251,20,207,5,2,0,0,0,0
11/20/2025,0:32:17,0,53,210,302,252,30,206,10,4,0,0,0,0
11/20/2025,0:32:22,0,54,197,300,251,19,206,5,1,0,0,0,0
11/20/2025,0:32:27,0,53,216,302,251,35,205,11,5,0,0,0,0
11/20/2025,0:32:32,0,51,188,299,251,19,206,5,1,0,0,0,-0.0008
11/20/2025,0:32:37,0,51,204,303,253,28,205,10,5,0,0,0,0
11/20/2025,0:32:42,0,54,190,299,252,21,206,5,1,0,0,0,0
11/20/2025,0:32:47,0,53,205,302,252,28,207,10,5,0,0,0,0
11/20/2025,0:32:52,0,54,196,300,252,29,206,8,3,0,0,0,0
11/20/2025,0:32:57,0,55,195,299,251,18,206,4,1,0,0,0,0
11/20/2025,0:33:02,0,51,222,300,252,34,207,12,5,0,0,0,0
11/20/2025,0:33:07,0,53,196,298,250,14,206,3,0,0,0,0,-0.0008
11/20/2025,0:33:12,0,51,207,301,251,31,206,11,5,0,0,0,0
11/20/2025,0:33:17,0,51,192,299,252,26,206,7,3,0,0,0,0
11/20/2025,0:33:22,0,54,199,299,252,20,207,6,3,0,0,0,0
11/20/2025,0:33:27,0,49,206,301,253,29,206,10,4,0,0,0,-0.0008
11/20/2025,0:33:32,0,50,192,299,252,16,206,4,1,0,0,0,0
11/20/2025,0:33:37,0,52,221,300,252,35,206,11,5,0,0,0,0
11/20/2025,0:33:42,0,50,200,298,252,14,205,3,0,0,0,0,0
11/20/2025,0:33:47,0,51,217,302,252,36,207,12,6,0,0,0,0
11/20/2025,0:33:52,0,48,200,299,252,14,205,4,1,0,0,0,0
11/20/2025,0:33:57,0,50,204,298,251,30,207,9,3,0,0,0,0
11/20/2025,0:34:02,0,50,210,302,251,32,205,11,6,0,0,0,0
11/20/2025,0:34:07,0,49,193,300,251,17,207,5,2,0,0,0,0
11/20/2025,0:34:12,0,47,190,299,251,27,206,7,3,0,0,0,0
11/20/2025,0:34:17,0,49,208,303,252,32,206,11,5,0,0,0,0
11/20/2025,0:34:22,0,48,196,298,252,15,206,3,0,0,0,0,0
11/20/2025,0:34:27,0,50,202,301,252,27,207,10,4,0,0,0,0
11/20/2025,0:34:32,0,48,191,299,252,28,207,7,3,0,0,0,0
11/20/2025,0:34:37,0,49,200,302,250,20,205,7,3,0,0,0,0
11/20/2025,0:34:42,0,50,202,300,252,29,206,8,3,0,0,0,0
11/20/2025,0:34:47,0,50,197,299,252,17,207,5,2,0,0,0,0
11/20/2025,0:34:52,0,51,219,302,250,35,205,11,6,0,0,0,0
11/20/2025,0:34:57,0,51,193,297,252,14,206,4,0,0,0,0,-0.0008
11/20/2025,0:35:02,0,50,199,301,250,22,205,8,3,0,0,0,-0.0008
11/20/2025,0:35:07,0,51,206,300,251,30,206,9,4,0,0,0,0
11/20/2025,0:35:12,0,52,199,298,252,14,206,3,1,0,0,0,0
11/20/2025,0:35:17,0,52,211,300,252,34,205,11,5,0,0,0,0
11/20/2025,0:35:22,0,52,192,296,252,28,207,8,3,0,0,0,0
11/20/2025,0:35:27,0,50,196,297,252,17,207,4,1,0,0,0,0
11/20/2025,0:35:32,0,50,219,300,251,36,205,12,6,0,0,0,0
11/20/2025,0:35:37,0,52,194,298,252,16,207,4,1,0,0,0,0
11/20/2025,0:35:42,0,54,199,300,251,23,207,8,2,-0.0008,0,0,0
11/20/2025,0:35:47,0,54,212,300,252,32,205,10,5,0,0,0,-0.0008
11/20/2025,0:35:52,0,54,191,298,249,16,205,3,1,0,0,0,0
11/20/2025,0:35:57,0,55,198,297,251,17,205,4,1,0,0,0,0
11/20/2025,0:36:02,0,56,206,301,251,31,206,11,5,0,0,0,0
11/20/2025,0:36:07,0,55,213,300,252,30,205,9,4,0,0,0,0
11/20/2025,0:36:12,0,54,191,298,251,18,206,4,1,0,0,0,0
11/20/2025,0:36:17,0,52,195,298,252,17,205,4,1,0,0,0,0
11/20/2025,0:36:22,0,54,208,301,251,32,207,10,5,0,0,0,0
11/20/2025,0:36:27,0,52,207,299,252,30,207,9,4,0,0,0,0
11/20/2025,0:36:32,0,53,195,298,252,14,206,3,1,0,0,0,0
11/20/2025,0:36:37,0,52,197,299,252,17,207,4,2,0,0,0,0
11/20/2025,0:36:42,0,53,207,301,251,31,206,10,4,0,0,0,0
11/20/2025,0:36:47,0,53,214,302,252,30,206,10,4,0,0,0,-0.0008
11/20/2025,0:36:52,0,51,188,299,251,20,206,5,1,0,0,0,0
11/20/2025,0:37:28,0,48,201,301,252,26,207,10,4,0,0,0,0
11/20/2025,0:37:32,0,51,190,298,252,26,207,7,3,0,0,0,0
11/20/2025,0:37:37,0,51,200,300,250,14,206,3,0,0,0,0,0
11/20/2025,0:37:42,0,55,200,301,252,20,206,8,1,0,0,0,0
11/20/2025,0:37:47,0,53,220,299,251,36,206,12,6,0,0,0,0
11/20/2025,0:37:52,0,53,193,300,250,27,206,8,3,0,0,0,0
11/20/2025,0:37:57,0,50,197,299,252,12,206,4,0,0,0,0,0
11/20/2025,0:38:02,0,54,199,301,251,21,207,7,3,0,0,0,0
11/20/2025,0:38:07,0,55,220,302,252,32,205,10,5,0,0,0,0
11/20/2025,0:38:12,0,54,189,300,251,19,206,4,1,0,0,0,0
11/20/2025,0:38:17,0,53,197,300,253,18,206,4,2,0,0,0,0
11/20/2025,0:38:22,0,52,210,301,251,35,206,11,5,0,0,0,0
11/20/2025,0:38:27,0,51,210,299,252,30,207,9,4,0,0,0,0
11/20/2025,0:38:32,0,52,194,299,252,14,205,3,0,0,0,0,0
11/20/2025,0:38:37,0,51,200,298,257,21,207,6,2,0,0,0,0
11/20/2025,0:38:42,0,54,213,302,252,36,207,12,6,0,0,0,-0.0008
11/20/2025,0:38:47,0,49,205,302,252,29,206,10,4,0,0,0,0
11/20/2025,0:38:52,0,53,192,298,251,15,205,3,1,0,0,0,0
11/20/2025,0:38:57,0,52,198,299,252,17,205,4,1,0,0,0,0
11/20/2025,0:39:02,0,52,210,303,252,33,206,11,6,0,0,0,0
11/20/2025,0:39:07,0,51,194,298,252,31,206,8,3,0,0,0,0
11/20/2025,0:39:12,0,54,194,300,252,16,206,4,1,0,0,0,0
11/20/2025,0:39:17,0,56,216,302,252,37,206,12,6,0,0,0,0
11/20/2025,0:39:22,0,56,187,300,251,26,207,7,3,0,0,0,0
11/20/2025,0:39:27,0,53,194,300,252,14,207,4,1,0,0,0,0
11/20/2025,0:39:32,0,54,209,302,252,33,205,11,5,0,0,0,0
11/20/2025,0:39:37,0,53,200,301,252,29,206,8,3,0,0,0,0
11/20/2025,0:39:42,0,55,198,299,252,14,206,4,1,0,0,0,0
11/20/2025,0:39:47,0,53,204,302,252,31,206,10,5,0,0,0,0
11/20/2025,0:39:52,0,48,196,301,252,28,206,9,4,0,0,0,0
11/20/2025,0:39:57,0,52,198,301,251,17,206,5,2,0,0,0,0
11/20/2025,0:40:02,0,48,215,303,251,30,206,10,4,0,0,0,0
11/20/2025,0:40:07,0,52,213,303,252,31,205,10,4,0,0,0,0
11/20/2025,0:40:12,0,52,189,300,252,26,206,7,3,0,0,0,0
11/20/2025,0:40:17,0,53,198,302,251,14,206,4,0,0,0,0,0
11/20/2025,0:40:22,0,54,199,303,251,19,207,6,3,0,0,0,0
11/20/2025,0:40:27,0,49,218,304,252,30,206,10,6,0,0,0,0
11/20/2025,0:40:32,0,50,198,301,252,12,206,3,0,0,0,0,0
11/20/2025,0:40:37,0,52,208,303,252,32,206,11,6,0,0,0,0
11/20/2025,0:40:42,0,52,190,302,252,22,206,4,2,0,0,0,0
11/20/2025,0:40:47,0,53,199,303,251,21,206,6,3,0,0,0,0
11/20/2025,0:40:52,0,50,211,301,251,34,207,10,5,0,0,0,0
11/20/2025,0:40:57,0,50,195,301,252,17,206,5,0,0,0,0,-0.0008
11/20/2025,0:41:02,0,48,199,304,252,20,206,7,3,0,0,0,0
11/20/2025,0:41:07,0,50,213,304,251,31,206,10,4,0,0,0,0
11/20/2025,0:41:12,0,51,199,302,252,10,205,2,0,0,0,0,0
11/20/2025,0:41:17,0,52,207,305,252,30,206,11,5,0,0,0,0
11/20/2025,0:41:22,0,51,197,302,251,28,206,8,4,0,0,0,0
11/20/2025,0:41:27,0,51,201,301,251,12,207,3,0,0,0,0,0
11/20/2025,0:41:32,0,51,198,303,252,19,207,7,3,0,0,0,0
11/20/2025,0:41:37,0,51,217,305,251,36,207,11,6,0,0,0,0
11/20/2025,0:41:42,0,50,188,302,251,25,206,7,3,0,0,0,0
11/20/2025,0:41:47,0,48,196,301,251,16,206,4,1,0,0,0,0
11/20/2025,0:41:52,0,49,212,304,251,36,206,12,6,0,0,0,0
11/20/2025,0:41:57,0,47,205,302,251,29,206,8,4,0,0,0,0
11/20/2025,0:42:02,0,49,194,302,250,13,206,3,0,0,0,0,0
11/20/2025,0:42:07,0,47,197,302,251,19,204,4,2,0,0,0,0
11/20/2025,0:42:12,0,48,207,305,252,30,207,10,5,0,0,0,0
11/20/2025,0:42:17,0,46,210,304,251,31,207,10,4,0,0,0,0
11/20/2025,0:42:22,0,46,199,302,250,11,206,3,0,0,0,0,0
11/20/2025,0:42:27,0,48,204,302,252,29,206,10,5,0,0,0,-0.0008
11/20/2025,0:42:32,0,49,206,302,252,33,206,9,3,0,0,0,0
11/20/2025,0:42:37,0,48,194,300,252,15,206,4,1,0,0,0,0
11/20/2025,0:42:42,0,49,214,304,251,35,206,11,6,0,0,0,0
11/20/2025,0:42:47,0,48,188,298,251,22,206,6,2,0,0,0,-0.0008
11/20/2025,0:42:52,0,50,196,302,251,19,206,4,2,-0.0008,0,0,0
11/20/2025,0:42:57,0,48,215,305,251,36,206,11,5,0,0,0,-0.0008
11/20/2025,0:43:02,0,49,193,302,250,17,206,4,0,0,0,0,-0.0008
11/20/2025,0:43:07,0,47,202,302,252,27,207,9,5,0,0,0,0
11/20/2025,0:43:12,0,46,190,302,251,27,207,7,3,0,0,0,0
11/20/2025,0:43:17,0,49,199,304,250,20,206,6,3,0,0,0,0
11/20/2025,0:43:22,0,49,195,302,251,30,206,8,3,0,0,0,0
11/20/2025,0:43:27,0,47,200,305,252,23,207,8,4,0,0,0,0
11/20/2025,0:43:32,0,45,194,301,252,18,206,4,1,0,0,0,0
11/20/2025,0:43:37,0,47,210,304,251,32,205,11,6,0,0,0,0
11/20/2025,0:43:42,0,45,194,302,251,18,205,4,1,0,0,0,0
11/20/2025,0:43:47,0,47,205,304,251,29,205,10,6,0,0,0,0
11/20/2025,0:43:52,0,47,191,301,252,20,206,4,1,0,0,0,0
11/20/2025,0:43:57,0,49,205,305,249,28,205,9,4,0,0,0,0
11/20/2025,0:44:02,0,49,194,302,252,15,206,3,0,0,0,0,0
11/20/2025,0:44:07,0,48,218,302,252,37,207,11,6,0,0,0,0
11/20/2025,0:44:12,0,50,194,301,251,17,206,4,1,0,0,0,0
11/20/2025,0:44:17,0,51,214,305,253,34,206,10,4,0,0,0,-0.0008
11/20/2025,0:44:22,0,51,195,301,251,17,205,4,1,0,0,0,0
11/20/2025,0:44:27,0,50,205,305,251,30,207,9,3,0,0,0,-0.0008
11/20/2025,0:44:32,0,49,200,302,252,23,205,6,4,0,0,0,0
11/20/2025,0:44:37,0,50,195,299,251,15,204,3,0,0,0,0,0
11/20/2025,0:44:42,0,55,216,304,250,32,205,9,5,0,0,0,0
11/20/2025,0:44:47,0,47,198,304,251,18,206,6,3,0,0,0,0
11/20/2025,0:44:52,0,47,193,301,252,17,206,4,1,0,0,0,0
11/20/2025,0:44:57,0,49,219,303,252,36,207,11,6,0,0,0,0
11/20/2025,0:45:02,0,50,194,301,251,17,205,4,1,0,0,0,-0.0008
11/20/2025,0:45:07,0,51,192,302,252,26,205,7,3,0,0,0,0
11/20/2025,0:45:12,0,50,212,304,251,34,206,11,6,0,0,0,0
11/20/2025,0:45:17,0,47,200,301,251,14,205,2,0,0,0,0,0
11/20/2025,0:45:22,0,48,216,303,251,35,207,11,5,0,0,0,0
11/20/2025,0:45:27,0,49,196,303,249,18,205,5,1,0,0,0,0
11/20/2025,0:45:32,0,48,199,303,251,25,207,8,3,0,0,0,-0.0008
11/20/2025,0:45:37,0,50,201,303,252,24,206,7,3,0,0,0,0
11/20/2025,0:45:42,0,50,192,301,251,16,206,3,1,0,0,0,0
11/20/2025,0:45:47,0,50,210,305,252,35,206,11,6,0,0,0,0
11/20/2025,0:45:52,0,50,200,301,252,12,206,3,0,0,0,0,0
11/20/2025,0:45:57,0,52,216,303,250,33,206,10,5,0,0,0,-0.0008
11/20/2025,0:46:02,0,52,198,301,251,19,206,5,2,0,0,0,-0.0008
11/20/2025,0:46:07,0,51,195,300,251,26,206,8,3,-0.0008,0,0,0
11/20/2025,0:46:12,0,50,202,301,251,22,206,6,3,0,0,0,0
11/20/2025,0:46:17,0,54,191,301,251,28,207,7,3,0,0,0,-0.0008
11/20/2025,0:46:22,0,50,199,304,249,19,205,5,3,0,0,0,-0.0008
11/20/2025,0:46:27,0,54,195,302,252,28,207,8,3,0,0,0,0
11/20/2025,0:46:32,0,51,201,301,251,20,207,7,2,0,0,0,0
11/20/2025,0:46:37,0,51,201,301,251,29,205,8,3,0,0,0,0
11/20/2025,0:46:42,0,54,199,300,252,19,207,6,3,0,0,0,0
11/20/2025,0:46:47,0,52,187,301,250,24,206,5,4,0,0,0,0
11/20/2025,0:46:52,0,54,208,302,251,30,206,10,5,0,0,0,-0.0008
11/20/2025,0:46:57,0,53,199,300,249,11,205,2,0,0,0,0,0
11/20/2025,0:47:02,0,55,210,302,250,33,205,8,4,0,0,0,0
11/20/2025,0:47:47,0,49,217,304,251,25,205,9,4,0,0,0,0
11/20/2025,0:47:51,0,48,199,300,251,9,205,2,0,0,0,0,0
11/20/2025,0:47:56,0,46,209,301,251,28,207,8,4,0,0,0,0
11/20/2025,0:48:01,0,48,204,304,250,27,205,9,4,0,0,0,0
11/20/2025,0:48:06,0,47,202,298,252,12,208,2,1,0,0,0,0
11/20/2025,0:48:11,0,46,201,302,251,25,206,6,4,0,0,0,0
11/20/2025,0:48:16,0,47,212,304,251,35,206,11,6,0,0,0,0
11/20/2025,0:48:21,0,48,198,299,252,18,207,5,2,0,0,0,0
11/20/2025,0:48:26,0,49,192,301,252,17,207,3,1,0,0,0,0
11/20/2025,0:48:31,0,48,212,303,252,29,206,11,4,0,0,0,0
11/20/2025,0:48:36,0,48,204,303,251,29,205,9,5,0,0,0,0
11/20/2025,0:48:41,0,49,198,301,252,17,206,5,2,-0.0008,0,0,0
11/20/2025,0:48:46,0,48,202,302,249,13,205,2,0,0,0,0,0
11/20/2025,0:48:51,0,50,195,301,252,13,206,2,1,0,0,0,0
11/20/2025,0:48:56,0,49,193,301,251,20,207,4,1,0,0,0,-0.0008
11/20/2025,0:49:01,0,56,202,302,252,28,205,9,3,0,0,0,0
11/20/2025,0:49:06,0,51,218,304,251,34,207,11,6,0,0,0,0
11/20/2025,0:49:11,0,52,200,302,251,20,206,6,2,0,0,0,0
11/20/2025,0:49:16,0,52,188,302,252,21,205,5,1,0,0,0,0
11/20/2025,0:49:21,0,52,216,304,250,35,206,11,6,0,0,0,0
11/20/2025,0:49:26,0,52,196,302,252,16,206,4,2,0,0,0,0
11/20/2025,0:49:31,0,53,191,301,251,20,207,4,2,0,0,0,0
11/20/2025,0:49:36,0,50,215,304,250,31,205,10,5,0,0,0,0
11/20/2025,0:49:41,0,52,202,305,250,22,206,7,3,0,0,0,0
11/20/2025,0:49:46,0,51,202,301,251,12,206,3,0,0,0,0,0
11/20/2025,0:49:51,0,51,208,303,251,29,205,8,4,0,0,0,0
11/20/2025,0:49:56,0,50,197,303,251,21,204,7,3,0,0,0,-0.0008
11/20/2025,0:50:01,0,52,195,301,249,14,205,3,0,0,0,0,0
11/20/2025,0:50:06,0,51,220,305,250,35,206,10,5,0,0,0,0
11/20/2025,0:50:11,0,53,198,302,251,19,207,4,2,0,0,0,0
11/20/2025,0:50:16,0,51,200,303,251,13,207,2,1,0,0,0,0
11/20/2025,0:50:21,0,51,215,305,251,34,205,10,6,0,0,0,0
11/20/2025,0:50:26,0,52,193,302,251,17,206,4,2,0,0,0,0
11/20/2025,0:50:31,0,52,187,302,250,25,206,6,2,0,0,0,0
11/20/2025,0:50:36,0,52,218,305,251,35,206,11,6,0,0,0,0
11/20/2025,0:50:41,0,49,199,302,251,18,205,5,1,0,0,0,-0.0008
11/20/2025,0:50:46,0,51,191,300,251,21,206,4,1,0,0,0,0
11/20/2025,0:50:51,0,48,219,304,250,32,205,10,5,-0.0008,0,0,0
11/20/2025,0:50:56,0,51,199,303,251,20,205,6,3,0,0,0,0
11/20/2025,0:51:01,0,52,200,301,252,13,207,3,0,0,0,0,0
11/20/2025,0:51:06,0,50,203,301,252,28,206,8,4,0,0,0,-0.0008
11/20/2025,0:51:11,0,52,208,304,251,32,206,10,5,0,0,0,0
11/20/2025,0:51:16,0,49,196,302,251,17,205,4,2,0,0,0,0
11/20/2025,0:51:21,0,52,191,300,251,19,206,4,1,0,0,0,0
11/20/2025,0:51:26,0,53,214,302,251,27,207,9,4,0,0,0,0
11/20/2025,0:51:31,0,53,202,303,253,24,205,7,5,0,0,0,0
11/20/2025,0:51:36,0,51,192,302,252,15,205,3,1,0,0,0,0
11/20/2025,0:51:41,0,51,189,301,252,20,206,4,1,0,0,0,0
11/20/2025,0:51:46,0,53,219,303,251,32,206,10,5,0,0,0,-0.0008
11/20/2025,0:51:51,0,51,201,304,252,21,208,6,4,0,0,0,0
11/20/2025,0:51:56,0,50,203,301,251,14,205,3,1,0,0,0,0
11/20/2025,0:52:01,0,50,188,299,249,25,206,7,2,0,0,0,0
11/20/2025,0:52:06,0,51,212,303,251,28,205,9,4,0,0,0,0
11/20/2025,0:52:11,0,51,221,304,251,34,206,10,6,0,0,0,0
11/20/2025,0:52:16,0,51,214,304,251,35,206,11,6,0,0,0,0
11/20/2025,0:52:21,0,50,215,304,251,34,206,11,6,0,0,0,0
11/20/2025,0:52:26,0,49,213,305,250,32,205,10,5,0,0,0,0
11/20/2025,0:52:31,0,48,217,304,251,35,207,11,6,0,0,0,0
11/20/2025,0:52:36,0,48,217,304,251,34,207,10,5,0,0,0,0
11/20/2025,0:52:41,0,52,200,302,251,29,207,7,4,0,0,0,0
11/20/2025,0:52:46,0,50,194,301,251,13,204,2,0,0,0,0,0
11/20/2025,0:52:51,0,52,194,302,252,15,205,4,0,0,0,0,0
11/20/2025,0:52:56,0,51,199,304,252,20,206,6,3,0,0,0,0
11/20/2025,0:53:01,0,51,211,303,251,34,206,11,6,0,0,0,0
11/20/2025,0:53:06,0,57,203,302,252,28,206,8,3,0,0,0,0
11/20/2025,0:53:11,0,51,198,300,251,11,206,2,0,0,0,0,0
11/20/2025,0:53:16,0,55,199,303,251,21,206,6,3,0,0,0,0
11/20/2025,0:53:21,0,51,217,303,251,35,206,11,6,0,0,0,0
11/20/2025,0:53:26,0,51,188,300,251,23,206,6,2,0,0,0,-0.0008
11/20/2025,0:53:31,0,52,194,301,251,17,206,4,2,0,0,0,0
11/20/2025,0:53:36,0,49,208,304,251,31,206,10,6,0,0,0,0
11/20/2025,0:53:41,0,52,208,303,251,28,206,9,4,0,0,0,0
11/20/2025,0:53:46,0,52,189,300,251,24,206,5,3,0,0,0,0
11/20/2025,0:53:51,0,50,195,300,251,15,207,3,1,0,0,0,0
11/20/2025,0:53:56,0,50,197,299,251,12,205,2,0,0,0,0,0
11/20/2025,0:54:01,0,54,202,300,251,12,205,2,0,0,0,0,0
11/20/2025,0:54:06,0,48,196,300,251,17,206,4,1,0,0,0,0
11/20/2025,0:54:11,0,48,198,301,251,20,205,5,2,0,0,0,0
11/20/2025,0:54:16,0,51,200,302,248,19,206,7,3,0,0,0,0
11/20/2025,0:54:21,0,49,200,303,251,25,206,8,4,0,0,0,0
11/20/2025,0:54:26,0,50,199,303,251,28,206,8,4,0,0,0,0
11/20/2025,0:54:31,0,52,200,299,251,18,205,6,3,0,0,0,0
11/20/2025,0:54:36,0,49,196,299,251,15,206,3,1,0,0,0,0
11/20/2025,0:54:41,0,50,188,298,251,21,205,4,1,0,0,0,0
11/20/2025,0:54:46,0,51,218,303,251,33,206,11,5,0,0,0,0
11/20/2025,0:54:51,0,48,199,302,251,19,205,6,3,0,0,0,0
11/20/2025,0:54:56,0,50,193,300,252,14,205,2,0,0,0,0,0
11/20/2025,0:55:01,0,52,219,303,249,31,205,10,6,0,0,0,0
11/20/2025,0:55:06,0,50,198,301,251,21,207,6,2,0,0,0,0
11/20/2025,0:55:11,0,51,192,299,251,15,207,2,1,0,0,0,0
11/20/2025,0:55:16,0,50,210,299,251,28,206,9,4,0,0,0,0
11/20/2025,0:55:21,0,48,204,304,251,28,205,9,5,0,0,0,0
11/20/2025,0:55:26,0,52,201,300,252,13,207,3,1,0,0,0,0
11/20/2025,0:55:31,0,48,210,302,250,28,205,8,4,0,0,0,-0.0008
11/20/2025,0:55:36,0,52,201,302,251,19,206,6,3,0,0,0,0
11/20/2025,0:55:41,0,50,191,300,252,16,207,3,1,0,0,0,-0.0008
11/20/2025,0:55:46,0,50,216,303,251,35,206,10,6,0,0,0,0
11/20/2025,0:55:51,0,48,194,301,250,13,205,3,1,0,0,0,0
11/20/2025,0:55:56,0,50,206,301,250,22,205,8,4,0,0,0,0
11/20/2025,0:56:01,0,48,200,302,251,19,206,7,3,0,0,0,0
11/20/2025,0:56:06,0,49,192,300,251,16,205,2,1,0,0,0,0
11/20/2025,0:56:11,0,49,219,303,251,36,205,11,6,0,0,0,0
11/20/2025,0:56:16,0,48,193,301,250,14,205,3,2,0,0,0,0
11/20/2025,0:56:21,0,47,194,297,251,24,207,6,4,0,0,0,0
11/20/2025,0:56:26,0,48,217,302,252,33,207,11,6,0,0,0,0
11/20/2025,0:56:31,0,46,196,300,251,18,206,5,2,0,0,0,0
11/20/2025,0:56:36,0,49,192,300,250,16,205,2,1,0,0,0,0
11/20/2025,0:56:41,0,49,214,303,251,31,207,10,5,0,0,0,0
11/20/2025,0:56:46,0,49,200,302,252,17,206,6,3,0,0,0,0
11/20/2025,0:56:51,0,49,193,299,251,14,205,2,1,0,0,0,0
11/20/2025,0:56:56,0,50,215,302,251,30,207,10,5,0,0,0,0
11/20/2025,0:57:01,0,48,200,303,249,21,205,7,4,0,0,0,0
11/20/2025,0:57:06,0,48,201,300,251,12,205,2,0,0,0,0,0
11/20/2025,0:57:11,0,48,193,300,251,27,206,7,4,0,0,0,-0.0008
11/20/2025,0:57:16,0,49,217,303,252,33,206,11,6,0,0,0,0
11/20/2025,0:57:59,0,51,193,300,249,20,205,7,3,0,0,0,0
11/20/2025,0:58:01,0,51,199,303,250,16,205,6,3,0,0,0,0
11/20/2025,0:58:06,0,51,203,299,250,11,206,2,0,0,0,0,0
11/20/2025,0:58:11,0,50,202,302,251,27,206,7,4,0,0,0,0
11/20/2025,0:58:16,0,51,207,303,250,30,205,9,6,0,0,0,0
11/20/2025,0:58:21,0,53,200,299,251,14,206,3,1,-0.0008,0,0,0
11/20/2025,0:58:26,0,47,201,302,251,29,205,7,3,0,0,0,0
11/20/2025,0:58:31,0,51,208,303,251,33,205,10,6,0,0,0,0
11/20/2025,0:58:36,0,51,195,300,251,16,207,3,2,0,0,0,0
11/20/2025,0:58:41,0,50,191,300,252,17,206,3,1,0,0,0,0
11/20/2025,0:58:46,0,52,212,302,251,30,206,9,4,0,0,0,0
11/20/2025,0:58:51,0,51,205,303,250,28,205,9,5,0,0,0,0
11/20/2025,0:58:56,0,52,197,301,250,17,205,4,2,0,0,0,0
11/20/2025,0:59:01,0,52,199,299,251,11,205,2,0,0,0,0,0
11/20/2025,0:59:06,0,51,196,299,250,12,207,2,0,0,0,0,0
11/20/2025,0:59:11,0,50,194,299,250,14,205,2,1,0,0,0,-0.0008
11/20/2025,0:59:16,0,53,190,300,250,16,206,3,1,0,0,0,0
11/20/2025,0:59:21,0,52,192,299,250,17,207,3,1,0,0,0,0
11/20/2025,0:59:26,0,50,192,300,251,16,205,3,2,0,0,0,-0.0008
11/20/2025,0:59:31,0,50,187,300,251,17,206,3,2,0,0,0,0
11/20/2025,0:59:36,0,52,191,300,251,20,206,4,2,0,0,0,0
11/20/2025,0:59:41,0,51,190,300,251,20,207,5,1,0,0,0,0
11/20/2025,0:59:46,0,51,187,299,251,20,205,5,2,0,0,0,0
11/20/2025,0:59:51,0,52,193,299,251,14,207,3,1,0,0,0,0
11/20/2025,0:59:56,0,52,202,298,251,12,205,2,1,0,0,0,-0.0008
11/20/2025,1:00:01,0,50,199,302,252,19,205,5,3,0,0,0,0
11/20/2025,1:00:06,0,53,221,302,250,36,204,10,6,0,0,0,-0.0008
11/20/2025,1:00:11,0,51,190,299,251,18,204,3,2,0,0,-0.0008,0
11/20/2025,1:00:16,0,55,199,301,251,17,205,4,2,0,0,0,0
11/20/2025,1:00:21,0,54,223,302,250,36,205,11,6,0,0,0,0
11/20/2025,1:00:26,0,51,191,300,253,14,204,3,1,0,0,0,0
11/20/2025,1:00:31,0,54,200,300,251,18,204,5,2,0,0,0,0
11/20/2025,1:00:36,0,54,222,302,251,36,205,11,6,0,0,0,0
11/20/2025,1:00:41,0,54,189,300,251,18,206,4,2,0,0,0,0
11/20/2025,1:00:46,0,54,200,301,250,19,206,5,2,0,0,0,0
11/20/2025,1:00:51,0,51,199,299,251,14,207,3,1,0,0,0,0
11/20/2025,1:00:56,0,52,205,301,251,24,206,7,4,0,0,0,0
11/20/2025,1:01:01,0,51,209,300,251,30,206,10,6,0,0,0,0
11/20/2025,1:01:06,0,54,190,300,251,18,205,3,2,0,0,0,0
11/20/2025,1:01:11,0,53,204,302,251,27,206,9,5,0,0,0,-0.0008
11/20/2025,1:01:16,0,53,193,296,251,17,205,2,1,0,0,0,0
11/20/2025,1:01:21,0,53,206,301,251,30,205,9,5,0,0,0,0
11/20/2025,1:01:26,0,55,189,300,249,23,205,4,3,0,0,0,0
11/20/2025,1:01:31,0,54,199,301,251,19,207,5,2,0,0,0,0
11/20/2025,1:01:36,0,53,219,302,251,32,207,11,5,0,0,0,0
11/20/2025,1:01:41,0,55,196,299,251,11,206,2,0,0,0,0,0
11/20/2025,1:01:46,0,53,198,301,251,19,204,5,3,0,0,0,0
11/20/2025,1:01:51,0,54,209,299,251,35,207,11,6,0,0,0,0
11/20/2025,1:01:56,0,52,215,301,250,33,205,9,5,0,0,0,0
11/20/2025,1:02:01,0,50,197,299,251,27,205,6,4,0,0,0,0
11/20/2025,1:02:06,0,55,192,298,251,13,206,3,1,0,0,0,0
11/20/2025,1:02:11,0,55,197,300,251,13,205,2,1,0,0,0,0
11/20/2025,1:02:16,0,53,199,301,251,18,206,5,3,0,0,0,0
11/20/2025,1:02:21,0,55,207,302,251,32,206,10,5,0,0,0,0
11/20/2025,1:02:26,0,55,219,300,251,35,206,11,6,0,0,0,0
11/20/2025,1:02:31,0,55,216,302,251,34,204,9,4,0,0,0,0
11/20/2025,1:02:36,0,55,212,303,251,30,206,8,5,0,0,0,0
11/20/2025,1:02:41,0,53,220,301,251,29,206,10,5,0,0,0,0
11/20/2025,1:02:46,0,52,221,303,251,32,206,9,6,0,0,0,0
11/20/2025,1:02:51,0,54,221,303,251,34,205,10,6,0,0,0,0
11/20/2025,1:02:56,0,53,218,302,251,36,204,10,6,0,0,0,0
11/20/2025,1:03:01,0,54,210,304,252,32,207,10,6,-0.0008,0,0,-0.0008
11/20/2025,1:03:06,0,54,201,303,252,19,206,6,3,0,0,0,0
11/20/2025,1:03:11,0,51,200,300,249,10,204,2,0,0,0,0,0
11/20/2025,1:03:16,0,52,199,300,251,27,206,7,4,0,0,0,0
11/20/2025,1:03:21,0,54,209,303,251,31,204,10,5,0,0,0,0
11/20/2025,1:03:26,0,50,201,300,251,11,205,2,1,0,0,0,-0.0008
11/20/2025,1:03:31,0,55,201,302,252,26,206,7,3,0,0,0,0
11/20/2025,1:03:36,0,53,208,303,251,29,207,10,6,0,0,0,0
11/20/2025,1:03:41,0,55,195,298,251,14,204,3,2,0,0,0,-0.0008
11/20/2025,1:03:46,0,53,191,298,251,26,206,6,3,0,0,0,0
11/20/2025,1:03:51,0,54,211,303,251,33,206,11,6,0,0,0,0
11/20/2025,1:03:56,0,54,201,300,251,12,205,2,0,0,0,0,0
11/20/2025,1:04:01,0,50,207,303,251,27,206,8,4,0,0,0,0
11/20/2025,1:04:06,0,52,205,304,253,26,205,9,3,0,0,0,0
11/20/2025,1:04:11,0,51,197,301,251,10,205,1,0,0,0,0,0
11/20/2025,1:04:16,0,51,216,303,251,34,206,11,5,0,0,0,0
11/20/2025,1:04:21,0,50,199,301,250,19,205,5,2,0,0,0,0
11/20/2025,1:04:26,0,52,190,300,251,20,206,4,2,-0.0008,0,0,0
11/20/2025,1:04:31,0,52,212,303,251,35,205,10,6,0,0,0,0
11/20/2025,1:04:36,0,56,201,300,251,11,207,2,1,0,0,0,0
11/20/2025,1:04:41,0,50,208,303,251,28,206,8,5,0,0,0,-0.0008
11/20/2025,1:04:46,0,53,199,302,251,20,207,6,3,0,0,0,0
11/20/2025,1:04:51,0,50,193,300,251,17,205,3,1,0,0,0,0
11/20/2025,1:04:56,0,48,219,303,251,34,205,9,5,0,0,0,0
11/20/2025,1:05:01,0,51,200,303,251,22,206,7,4,0,0,0,0
11/20/2025,1:05:06,0,49,199,300,252,8,205,1,0,0,0,0,0
11/20/2025,1:05:11,0,51,213,303,250,32,205,10,5,0,0,0,0
11/20/2025,1:05:16,0,48,198,303,251,21,206,7,3,0,0,0,0
11/20/2025,1:05:21,0,52,202,301,251,10,207,1,0,0,0,0,0
11/20/2025,1:05:26,0,52,195,301,251,29,206,8,4,0,0,0,0
11/20/2025,1:05:31,0,53,219,303,250,31,205,10,6,0,0,0,0
11/20/2025,1:05:36,0,52,203,304,252,25,206,8,5,0,0,0,0
11/20/2025,1:05:41,0,51,194,300,250,15,207,3,2,0,0,0,0
11/20/2025,1:05:46,0,52,192,297,251,15,206,3,1,0,0,0,0
11/20/2025,1:05:51,0,54,197,302,249,26,205,6,3,0,0,0,0
11/20/2025,1:05:56,0,50,204,303,251,28,205,7,4,0,0,0,0
11/20/2025,1:06:01,0,53,194,301,253,24,204,6,3,0,0,0,0
11/20/2025,1:06:06,0,54,191,300,251,16,205,3,1,0,0,0,0
11/20/2025,1:06:11,0,52,197,300,251,9,206,2,0,0,0,0,0
11/20/2025,1:06:16,0,52,193,301,252,15,206,3,1,0,0,0,0
11/20/2025,1:06:21,0,53,196,302,251,18,206,5,2,0,0,0,0
11/20/2025,1:06:26,0,53,199,303,251,20,205,6,3,0,0,0,-0.0008
11/20/2025,1:06:31,0,53,198,303,251,22,205,6,3,0,0,0,0
11/20/2025,1:06:36,0,51,198,301,251,21,206,6,2,0,0,0,0
11/20/2025,1:06:41,0,49,197,300,251,18,206,5,2,0,0,0,0
11/20/2025,1:06:46,0,52,200,302,251,22,206,6,3,0,0,0,0
11/20/2025,1:06:51,0,51,213,304,251,36,205,11,7,0,0,0,0
11/20/2025,1:06:56,0,52,187,300,251,22,204,6,4,0,0,0,0
11/20/2025,1:07:01,0,52,197,300,251,19,206,5,2,0,0,0,0
11/20/2025,1:07:06,0,58,216,304,252,34,205,10,5,0,0,0,0
11/20/2025,1:07:11,0,52,201,299,251,11,205,1,0,0,0,0,0
11/20/2025,1:07:16,0,53,210,303,251,38,206,12,6,0,0,0,0
11/20/2025,1:07:21,0,52,185,300,250,20,206,4,2,0,0,0,0
11/20/2025,1:07:57,0,50,202,300,251,17,205,5,3,0,0,0,0
11/20/2025,1:08:00,0,50,212,302,251,33,207,11,6,0,0,0,0
11/20/2025,1:08:05,0,51,196,301,249,27,205,7,3,0,0,0,0
11/20/2025,1:08:10,0,52,195,299,251,14,206,4,2,0,0,0,0
11/20/2025,1:08:15,0,51,213,304,251,35,206,11,6,0,0,0,0
11/20/2025,1:08:20,0,50,196,301,250,27,205,6,3,0,0,0,0
11/20/2025,1:08:25,0,51,195,297,251,15,206,3,1,0,0,0,0
11/20/2025,1:08:30,0,51,214,302,251,34,204,10,6,0,0,0,0
11/20/2025,1:08:35,0,49,188,297,251,24,206,5,2,0,0,0,0
11/20/2025,1:08:40,0,51,199,300,251,17,206,5,2,0,0,0,0
11/20/2025,1:08:45,0,54,214,302,252,31,206,8,5,0,0,0,0
11/20/2025,1:08:50,0,53,198,297,251,11,205,1,0,0,0,0,0
11/20/2025,1:08:55,0,53,206,302,251,31,206,11,5,0,0,0,0
11/20/2025,1:09:00,0,51,207,300,251,29,206,7,4,0,0,0,0
11/20/2025,1:09:05,0,53,200,299,250,11,204,2,0,0,0,0,0
11/20/2025,1:09:10,0,52,205,303,251,29,205,8,5,0,0,0,0
11/20/2025,1:09:15,0,52,211,303,249,28,207,9,4,0,0,0,0
11/20/2025,1:09:20,0,52,193,298,251,18,206,3,1,0,0,0,0
11/20/2025,1:09:25,0,51,200,300,251,9,205,1,0,0,0,0,-0.0008
11/20/2025,1:09:30,0,50,194,300,251,18,205,5,2,0,0,0,0
11/20/2025,1:09:35,0,51,198,302,251,23,205,6,4,0,0,0,0
11/20/2025,1:09:40,0,51,215,302,251,35,206,10,6,0,0,0,0
11/20/2025,1:09:45,0,49,209,301,251,29,206,8,4,0,0,0,-0.0008
11/20/2025,1:09:50,0,49,190,300,251,18,206,4,1,0,0,0,0
11/20/2025,1:09:55,0,50,201,300,249,9,206,2,0,0,0,0,0
11/20/2025,1:10:00,0,51,197,302,251,18,205,5,2,0,0,0,0
11/20/2025,1:10:05,0,49,202,300,251,30,205,9,5,0,0,0,0
11/20/2025,1:10:10,0,51,223,302,250,36,205,11,6,0,0,0,0
11/20/2025,1:10:15,0,49,200,300,251,29,204,6,4,0,0,0,0
11/20/2025,1:10:20,0,51,198,301,249,9,205,1,0,0,0,0,0
11/20/2025,1:10:25,0,50,199,301,251,22,205,6,3,0,0,0,0
11/20/2025,1:10:30,0,50,214,303,251,36,206,11,7,0,0,0,0
11/20/2025,1:10:35,0,51,208,302,251,29,206,9,4,0,0,0,0
11/20/2025,1:10:40,0,52,196,299,251,25,205,6,3,0,0,0,0
11/20/2025,1:10:45,0,52,189,301,249,21,205,4,2,0,0,0,0
11/20/2025,1:10:50,0,51,188,297,251,20,205,4,2,0,0,0,0
11/20/2025,1:10:55,0,54,190,301,252,23,205,5,3,0,0,0,0
11/20/2025,1:11:00,0,49,209,301,251,28,206,8,5,0,0,0,0
11/20/2025,1:11:05,0,51,220,304,251,34,204,11,6,0,0,0,0
11/20/2025,1:11:10,0,53,198,303,251,19,203,6,4,0,0,0,0
11/20/2025,1:11:15,0,53,201,299,251,9,206,2,0,0,0,0,-0.0008
11/20/2025,1:11:20,0,48,196,302,251,26,206,7,3,0,0,0,0
11/20/2025,1:11:25,0,48,214,303,251,37,205,11,6,0,0,0,0
11/20/2025,1:11:30,0,50,197,302,252,16,205,4,2,0,0,0,0
11/20/2025,1:11:35,0,49,192,301,249,13,204,2,0,0,0,0,0
11/20/2025,1:11:40,0,48,200,301,250,28,205,7,4,0,0,0,0
11/20/2025,1:11:45,0,48,210,302,251,29,204,8,4,0,0,0,0
11/20/2025,1:11:50,0,53,201,302,251,25,205,7,3,0,0,0,0
11/20/2025,1:11:55,0,50,195,300,251,11,205,1,1,0,0,0,0
11/20/2025,1:12:00,0,51,199,302,250,19,206,6,3,0,0,0,0
11/20/2025,1:12:05,0,49,211,304,250,29,205,8,5,0,0,0,0
11/20/2025,1:12:10,0,49,196,302,251,16,206,3,2,0,0,0,0
11/20/2025,1:12:15,0,47,206,300,252,30,206,9,4,0,0,0,0
11/20/2025,1:12:20,0,49,200,301,249,16,204,4,2,0,0,0,0
11/20/2025,1:12:25,0,50,203,303,251,22,206,8,4,0,0,0,0
11/20/2025,1:12:30,0,49,196,301,250,15,206,3,2,0,0,0,0
11/20/2025,1:12:35,0,48,219,303,252,34,205,10,5,0,0,0,0
11/20/2025,1:12:40,0,48,200,301,250,10,206,1,0,0,0,0,0
11/20/2025,1:12:45,0,50,213,304,251,38,206,12,7,0,0,0,0
11/20/2025,1:12:50,0,51,189,300,251,17,204,2,1,0,0,0,0
11/20/2025,1:12:55,0,50,203,303,250,25,205,8,4,0,0,0,0
11/20/2025,1:13:00,0,49,190,301,251,17,206,3,1,0,0,0,0
11/20/2025,1:13:05,0,49,209,301,251,34,206,10,6,0,0,0,0
11/20/2025,1:13:10,0,50,197,300,251,10,205,1,0,0,0,0,0
11/20/2025,1:13:15,0,48,214,302,251,32,206,11,5,0,0,0,0
11/20/2025,1:13:20,0,51,200,302,251,18,207,4,2,0,0,0,0
11/20/2025,1:13:25,0,51,197,302,251,25,206,5,3,0,0,0,0
11/20/2025,1:13:30,0,47,199,300,251,20,206,6,3,0,0,0,0
11/20/2025,1:13:35,0,48,202,302,250,23,206,7,4,0,0,0,-0.0008
11/20/2025,1:13:40,0,46,198,299,251,20,206,5,2,0,0,0,0
11/20/2025,1:13:45,0,53,200,300,251,29,206,7,4,0,0,0,0
11/20/2025,1:13:50,0,48,202,302,251,26,206,8,4,0,0,0,0
11/20/2025,1:13:55,0,49,192,300,251,13,205,2,1,0,0,0,0
11/20/2025,1:14:00,0,49,215,303,251,36,205,11,6,0,0,0,0
11/20/2025,1:14:05,0,50,195,301,251,14,205,3,1,0,0,0,0
11/20/2025,1:14:10,0,49,199,301,251,27,206,7,3,0,0,0,0
11/20/2025,1:14:15,0,48,204,303,251,27,206,9,5,0,0,0,-0.0008
11/20/2025,1:14:20,0,50,196,300,251,11,206,2,1,0,0,0,0
11/20/2025,1:14:25,0,49,220,303,251,36,207,11,6,0,0,0,0
11/20/2025,1:14:30,0,52,195,300,251,16,205,3,2,0,0,0,0
11/20/2025,1:14:35,0,49,206,299,251,30,205,7,4,0,0,0,0
11/20/2025,1:14:40,0,51,199,302,249,20,205,6,3,0,0,0,0
11/20/2025,1:14:45,0,51,187,297,251,20,206,4,1,0,0,0,0
11/20/2025,1:14:50,0,51,207,301,251,31,206,10,6,0,0,0,0
11/20/2025,1:14:55,0,50,197,297,251,11,205,2,0,0,0,0,0
11/20/2025,1:15:00,0,49,221,301,251,35,204,10,6,0,0,0,0
11/20/2025,1:15:05,0,53,197,298,251,13,206,3,1,0,0,0,0
11/20/2025,1:15:10,0,52,205,298,251,28,206,7,4,0,0,0,0
11/20/2025,1:15:15,0,54,199,298,251,19,206,6,3,0,0,0,0
11/20/2025,1:15:20,0,53,189,298,250,25,206,5,3,0,0,0,0
11/20/2025,1:15:25,0,52,198,298,250,21,205,5,2,0,0,0,0
11/20/2025,1:15:30,0,51,203,298,250,27,206,7,4,0,0,0,0
11/20/2025,1:15:35,0,48,198,297,250,16,205,3,2,0,0,0,0
11/20/2025,1:15:40,0,52,224,299,250,35,205,11,6,0,0,0,0
11/20/2025,1:15:45,0,54,192,297,251,14,205,1,1,-0.0008,0,0,0
11/20/2025,1:15:50,0,53,196,298,250,20,205,6,3,0,0,0,0
11/20/2025,1:15:55,0,53,220,298,251,36,206,11,6,0,0,0,0
11/20/2025,1:16:00,0,54,188,295,251,22,206,4,2,0,0,0,0
11/20/2025,1:16:05,0,53,196,297,251,17,206,4,2,0,0,0,0
11/20/2025,1:16:10,0,55,216,300,250,35,206,11,6,0,0,0,0
11/20/2025,1:16:15,0,57,200,298,251,26,205,6,3,0,0,0,0
11/20/2025,1:16:20,0,52,194,296,251,12,204,2,1,0,0,0,-0.0008
11/20/2025,1:16:25,0,50,192,295,251,19,206,3,2,0,0,0,-0.0008
11/20/2025,1:16:30,0,53,199,299,251,20,205,6,2,0,0,0,0
11/20/2025,1:16:35,0,52,213,300,249,34,204,10,6,0,0,0,0
11/20/2025,1:16:40,0,51,210,299,251,28,205,8,4,0,0,0,0
11/20/2025,1:16:45,0,53,189,297,249,17,204,3,1,0,0,0,-0.0008
11/20/2025,1:16:50,0,50,199,297,250,11,206,2,1,0,0,0,0
11/20/2025,1:16:55,0,47,200,299,251,18,206,6,3,0,0,0,0
11/20/2025,1:17:00,0,52,217,300,250,34,206,10,6,0,0,0,0
11/20/2025,1:17:05,0,52,190,297,251,20,205,3,2,0,0,0,0
11/20/2025,1:17:10,0,49,199,299,251,18,207,5,3,0,0,0,0
11/20/2025,1:17:15,0,50,221,300,251,36,206,11,6,0,0,0,0
11/20/2025,1:17:20,0,52,194,297,250,26,204,5,3,0,0,0,0
11/20/2025,1:17:25,0,52,197,298,249,9,205,1,0,0,0,0,0
11/20/2025,1:17:30,0,50,196,297,251,19,204,5,1,0,0,0,0
11/20/2025,1:17:35,0,49,197,299,250,19,205,5,3,0,0,0,0
11/20/2025,1:18:26,0,51,202,297,251,17,205,5,3,0,0,0,0
11/20/2025,1:18:30,0,51,191,299,251,19,206,4,3,0,0,0,0
11/20/2025,1:18:35,0,51,197,300,249,18,205,4,1,0,0,0,0
11/20/2025,1:18:40,0,52,215,302,249,35,205,10,6,0,0,0,0
11/20/2025,1:18:45,0,49,200,299,251,26,205,7,3,0,0,0,0
11/20/2025,1:18:50,0,51,199,298,250,10,206,2,1,0,0,0,0
11/20/2025,1:18:55,0,49,208,300,251,30,205,9,5,0,0,0,0
11/20/2025,1:19:00,0,50,200,299,251,25,206,7,4,0,0,0,0
11/20/2025,1:19:05,0,52,197,296,251,8,204,1,0,0,0,0,-0.0008
11/20/2025,1:19:10,0,52,202,298,251,25,206,8,3,0,0,0,0
11/20/2025,1:19:15,0,50,215,301,250,32,206,9,5,0,0,0,0
11/20/2025,1:19:20,0,52,195,299,252,13,206,3,1,0,0,0,0
11/20/2025,1:19:25,0,52,197,300,249,16,205,4,1,0,0,0,0
11/20/2025,1:19:30,0,51,209,298,251,34,206,11,6,0,0,0,0
11/20/2025,1:19:35,0,47,205,300,250,26,206,7,4,0,0,0,-0.0008
11/20/2025,1:19:40,0,52,200,299,251,9,205,1,0,0,0,0,0
11/20/2025,1:19:45,0,52,200,300,251,21,205,7,3,0,0,0,0
11/20/2025,1:19:50,0,52,221,302,250,34,204,10,6,0,0,0,-0.0008
11/20/2025,1:19:55,0,52,190,299,251,18,207,4,2,0,0,0,0
11/20/2025,1:20:00,0,51,198,301,251,17,204,5,2,0,0,0,-0.0008
11/20/2025,1:20:05,0,51,215,298,250,31,206,9,5,0,0,0,0
11/20/2025,1:20:10,0,49,198,298,250,14,205,2,1,0,0,0,0
11/20/2025,1:20:15,0,51,221,301,251,34,206,11,6,0,0,0,0
11/20/2025,1:20:20,0,53,198,299,251,11,204,1,0,0,0,0,0
11/20/2025,1:20:25,0,52,202,304,251,31,205,10,5,0,0,0,0
11/20/2025,1:20:30,0,47,204,298,251,27,206,7,4,0,0,0,0
11/20/2025,1:20:35,0,54,197,299,251,12,205,2,1,0,0,0,0
11/20/2025,1:20:40,0,52,189,300,250,28,206,9,4,0,0,0,0
11/20/2025,1:20:45,0,51,189,299,251,19,204,2,1,0,0,0,0
11/20/2025,1:20:50,0,53,200,300,250,19,204,5,3,-0.0008,0,0,0
11/20/2025,1:20:55,0,53,220,301,251,31,206,9,5,0,0,0,0
11/20/2025,1:21:00,0,59,196,297,251,10,206,2,0,0,0,0,0
11/20/2025,1:21:05,0,65,210,299,251,33,205,11,6,0,0,0,0
11/20/2025,1:21:10,0,64,190,300,250,19,206,4,1,0,0,0,0
11/20/2025,1:21:15,0,64,200,302,251,24,206,7,3,0,0,0,0
11/20/2025,1:21:20,0,62,214,301,251,31,204,8,5,0,0,0,0
11/20/2025,1:21:25,0,61,193,300,251,12,205,2,0,0,0,0,0
11/20/2025,1:21:30,0,59,198,300,250,15,205,3,2,0,0,0,0
11/20/2025,1:21:35,0,59,204,303,251,30,205,10,5,0,0,0,0
11/20/2025,1:21:40,0,57,215,302,250,27,204,9,5,0,0,0,0
11/20/2025,1:21:45,0,55,195,300,251,25,207,6,3,0,0,0,0
11/20/2025,1:21:50,0,57,197,301,249,10,205,1,0,0,0,0,0
11/20/2025,1:21:55,0,57,200,303,251,21,206,7,3,0,0,0,0
11/20/2025,1:22:00,0,57,218,303,250,36,206,10,6,0,0,0,0
11/20/2025,1:22:05,0,57,188,300,251,21,204,4,2,0,0,0,0
11/20/2025,1:22:10,0,57,198,300,251,15,206,4,2,0,0,0,0
11/20/2025,1:22:15,0,58,215,304,249,36,205,11,7,0,0,0,0
11/20/2025,1:22:20,0,55,188,298,251,25,206,6,3,0,0,0,-0.0008
11/20/2025,1:22:25,0,58,194,301,251,14,206,2,2,0,0,0,0
11/20/2025,1:22:30,0,57,209,303,251,33,206,11,6,0,0,0,0
11/20/2025,1:22:35,0,57,195,301,251,27,204,6,4,0,0,0,0
11/20/2025,1:22:40,0,58,199,302,251,17,205,5,2,0,0,0,0
11/20/2025,1:22:45,0,55,203,303,249,25,205,7,4,0,0,0,0
11/20/2025,1:22:50,0,57,198,301,251,15,205,4,1,0,0,0,0
11/20/2025,1:22:55,0,59,216,304,252,35,205,9,5,0,0,0,0
11/20/2025,1:23:00,0,56,198,301,251,10,206,2,0,0,0,0,0
11/20/2025,1:23:05,0,57,211,304,249,34,205,10,6,0,0,0,-0.0008
11/20/2025,1:23:10,0,55,193,302,251,13,205,2,0,0,0,0,0
11/20/2025,1:23:15,0,55,205,304,251,31,206,10,6,0,0,0,0
11/20/2025,1:23:20,0,54,187,301,251,20,205,5,2,0,0,0,-0.0008
11/20/2025,1:23:25,0,51,198,302,251,18,206,6,3,0,0,0,-0.0008
11/20/2025,1:23:30,0,52,213,305,250,31,204,8,5,0,0,0,0
11/20/2025,1:23:35,0,53,200,302,250,11,206,1,0,0,0,0,0
11/20/2025,1:23:40,0,52,203,304,251,31,206,11,5,0,0,0,0
11/20/2025,1:23:45,0,53,192,304,251,23,205,6,2,0,0,0,0
11/20/2025,1:23:50,0,53,199,304,251,19,204,5,3,0,0,0,-0.0008
11/20/2025,1:23:55,0,52,203,304,250,27,205,6,4,0,0,0,0
11/20/2025,1:24:00,0,52,194,303,250,13,205,3,1,0,0,0,0
11/20/2025,1:24:05,0,52,211,303,251,35,206,11,6,0,0,0,0
11/20/2025,1:24:10,0,53,190,303,251,20,205,4,1,0,0,0,0
11/20/2025,1:24:15,0,61,200,305,250,19,205,4,3,0,0,0,0
11/20/2025,1:24:20,0,67,210,305,251,28,205,9,4,0,0,0,-0.0008
11/20/2025,1:24:25,0,63,195,302,250,15,205,2,1,0,0,0,0
11/20/2025,1:24:30,0,65,216,306,251,35,206,11,6,0,0,0,0
11/20/2025,1:24:35,0,63,190,302,250,15,206,2,1,0,0,0,0
11/20/2025,1:24:40,0,62,199,305,251,22,206,7,3,0,0,0,0
11/20/2025,1:24:45,0,58,202,304,251,26,206,7,4,0,0,0,0
11/20/2025,1:24:50,0,57,195,304,251,15,205,3,2,0,0,0,0
11/20/2025,1:24:55,0,58,213,306,251,29,205,9,5,0,0,0,0
11/20/2025,1:25:00,0,55,201,302,251,13,207,2,1,0,0,0,0
11/20/2025,1:25:05,0,57,217,305,250,36,206,11,6,0,0,0,-0.0008
11/20/2025,1:25:10,0,55,193,302,251,15,206,3,1,0,0,0,0
11/20/2025,1:25:15,0,55,199,305,250,19,207,5,3,0,0,0,0
11/20/2025,1:25:20,0,55,215,305,251,31,205,9,5,0,0,0,0
11/20/2025,1:25:25,0,54,196,303,250,10,206,2,0,0,0,0,0
11/20/2025,1:25:30,0,57,201,305,251,23,205,7,4,0,0,0,0
11/20/2025,1:25:35,0,57,208,305,250,28,203,8,4,0,0,0,-0.0008
11/20/2025,1:25:40,0,57,202,302,251,11,205,1,0,0,0,0,-0.0008
11/20/2025,1:25:45,0,56,203,305,250,30,206,10,5,0,0,0,0
11/20/2025,1:25:50,0,55,212,305,251,29,205,9,4,0,0,0,0
11/20/2025,1:25:55,0,56,194,302,250,11,206,2,1,0,0,0,0
11/20/2025,1:26:00,0,55,200,305,250,22,206,6,3,0,0,0,0
11/20/2025,1:26:05,0,55,213,305,248,29,205,8,4,0,0,0,0
11/20/2025,1:26:10,0,54,200,301,250,12,205,2,0,0,0,0,0
11/20/2025,1:26:15,0,54,219,305,250,36,206,11,6,0,0,0,-0.0008
11/20/2025,1:26:20,0,51,197,300,251,11,206,2,0,0,0,0,0
11/20/2025,1:26:25,0,53,213,305,251,36,206,12,6,-0.0008,0,0,0
11/20/2025,1:26:30,0,52,201,302,251,10,206,2,0,0,0,0,-0.0008
11/20/2025,1:26:35,0,51,215,306,249,29,205,8,3,0,0,0,0
11/20/2025,1:26:40,0,51,195,301,251,14,206,3,2,0,0,0,0
11/20/2025,1:26:45,0,52,208,304,250,28,206,8,4,0,0,0,0
11/20/2025,1:26:50,0,52,196,304,249,17,204,5,2,0,0,0,0
11/20/2025,1:26:55,0,50,201,303,251,29,205,7,4,0,0,0,0
11/20/2025,1:27:00,0,53,196,304,251,16,205,5,2,0,0,0,0
11/20/2025,1:27:05,0,51,212,305,249,30,205,9,5,0,0,0,0
11/20/2025,1:27:10,0,51,198,301,251,11,206,2,1,0,0,0,0
11/20/2025,1:27:15,0,52,220,304,251,39,205,11,6,0,0,0,0
11/20/2025,1:27:20,0,54,201,301,251,11,206,2,0,0,0,0,0
11/20/2025,1:27:25,0,50,211,304,250,29,206,9,5,0,0,0,0
11/20/2025,1:27:30,0,51,199,302,251,19,205,5,3,0,0,0,0
11/20/2025,1:27:35,0,52,189,302,251,18,204,4,2,0,0,0,0
11/20/2025,1:27:40,0,52,205,305,251,30,204,10,6,0,0,0,0
11/20/2025,1:28:25,0,51,189,300,251,27,205,9,5,0,0,0,0
11/20/2025,1:28:29,0,51,199,304,250,19,206,6,4,0,0,0,0
11/20/2025,1:28:34,0,55,206,300,251,29,206,8,3,0,0,0,0
11/20/2025,1:28:39,0,54,195,300,250,15,204,3,2,0,0,0,-0.0008
11/20/2025,1:28:44,0,53,217,303,250,34,204,10,5,0,0,0,0
11/20/2025,1:28:49,0,53,203,300,251,12,205,2,1,0,0,0,0
11/20/2025,1:28:54,0,53,222,304,249,35,205,11,7,0,0,0,0
11/20/2025,1:28:59,0,54,204,300,251,10,206,2,0,0,0,0,0
11/20/2025,1:29:04,0,52,219,303,251,37,204,10,6,0,0,0,0
11/20/2025,1:29:09,0,53,194,301,251,11,205,2,0,0,0,0,0
11/20/2025,1:29:14,0,53,201,303,250,28,205,9,5,0,0,0,0
11/20/2025,1:29:19,0,55,190,301,250,25,205,4,3,0,0,0,0
11/20/2025,1:29:24,0,54,200,303,250,20,205,5,3,0,0,0,0
11/20/2025,1:29:29,0,53,194,301,250,26,204,7,3,0,0,0,0
11/20/2025,1:29:34,0,56,198,301,251,19,205,5,3,0,0,0,0
11/20/2025,1:29:39,0,52,203,302,250,29,206,7,4,0,0,0,-0.0008
11/20/2025,1:29:44,0,55,196,300,250,15,206,3,1,0,0,0,0
11/20/2025,1:29:49,0,56,219,304,251,35,205,10,6,0,0,0,0
11/20/2025,1:29:54,0,53,196,300,251,10,205,2,1,0,0,-0.0008,0
11/20/2025,1:29:59,0,53,199,302,250,17,205,4,2,0,0,0,-0.0008
11/20/2025,1:30:04,0,54,214,303,249,35,205,11,6,0,0,0,0
11/20/2025,1:30:09,0,53,199,301,250,26,205,6,4,0,0,0,0
11/20/2025,1:30:14,0,53,200,300,250,9,206,1,0,0,0,0,0
11/20/2025,1:30:19,0,54,197,301,250,19,206,6,3,0,0,0,0
11/20/2025,1:30:24,0,55,202,302,250,21,205,6,3,0,0,0,0
11/20/2025,1:30:29,0,52,203,303,251,27,206,8,4,0,0,0,0
11/20/2025,1:30:34,0,54,207,304,251,31,205,10,6,0,0,0,0
11/20/2025,1:30:39,0,53,210,304,251,35,205,11,6,0,0,0,0
11/20/2025,1:30:44,0,52,222,304,251,35,205,11,6,0,0,0,0
11/20/2025,1:30:49,0,54,200,302,249,29,204,6,3,0,0,0,0
11/20/2025,1:30:54,0,53,201,301,248,8,206,1,0,0,0,0,0
11/20/2025,1:30:59,0,52,199,303,251,26,206,9,5,0,0,0,0
11/20/2025,1:31:04,0,51,195,301,250,11,205,1,0,0,0,0,0
11/20/2025,1:31:09,0,53,193,301,250,18,206,5,2,0,0,0,0
11/20/2025,1:31:14,0,52,218,302,250,37,206,11,7,0,0,0,0
11/20/2025,1:31:19,0,52,190,301,251,16,207,3,2,0,0,0,0
11/20/2025,1:31:24,0,54,196,301,250,18,205,3,2,0,0,0,0
11/20/2025,1:31:29,0,53,219,304,251,34,206,10,6,0,0,0,0
11/20/2025,1:31:34,0,53,191,300,250,16,205,2,2,0,0,0,0
11/20/2025,1:31:39,0,50,198,299,250,17,206,6,2,0,0,0,-0.0008
11/20/2025,1:31:44,0,49,222,304,249,34,206,10,6,0,0,0,0
11/20/2025,1:31:49,0,53,192,300,251,14,205,2,1,0,0,0,0
11/20/2025,1:31:54,0,54,198,303,251,20,205,7,3,0,0,0,0
11/20/2025,1:31:59,0,53,200,302,251,29,206,8,4,0,0,0,0
11/20/2025,1:32:04,0,53,192,300,251,16,206,3,2,0,0,0,0
11/20/2025,1:32:09,0,54,216,304,249,35,204,11,6,0,0,0,-0.0008
11/20/2025,1:32:14,0,54,188,300,250,22,206,5,2,0,0,0,0
11/20/2025,1:32:19,0,55,198,302,251,17,206,4,2,0,0,0,0
11/20/2025,1:32:24,0,58,219,302,251,31,207,10,5,0,0,0,0
11/20/2025,1:32:29,0,55,197,300,251,10,205,1,0,0,0,0,0
11/20/2025,1:32:34,0,56,206,301,251,31,206,11,6,0,0,0,0
11/20/2025,1:32:39,0,55,195,301,250,24,206,6,3,0,0,0,-0.0008
11/20/2025,1:32:44,0,56,194,300,250,14,205,2,2,0,0,0,0
11/20/2025,1:32:49,0,54,213,303,250,34,206,10,6,0,0,0,0
11/20/2025,1:32:54,0,55,186,300,250,24,202,6,3,0,0,0,0
11/20/2025,1:32:59,0,53,194,300,250,15,205,3,1,0,0,0,0
11/20/2025,1:33:04,0,54,203,301,251,26,206,8,4,0,0,0,0
11/20/2025,1:33:09,0,52,218,304,249,35,204,10,6,0,0,0,0
11/20/2025,1:33:14,0,48,209,303,251,27,206,8,5,0,0,0,0
11/20/2025,1:33:19,0,49,196,303,251,25,206,6,4,0,0,0,0
11/20/2025,1:33:24,0,53,191,301,248,17,205,3,2,0,0,0,0
11/20/2025,1:33:29,0,53,193,299,250,13,204,1,0,0,0,0,-0.0008
11/20/2025,1:33:34,0,53,193,300,250,16,206,4,1,0,0,0,0
11/20/2025,1:33:39,0,51,190,300,251,23,204,5,3,0,0,0,0
11/20/2025,1:33:44,0,53,212,302,250,29,205,9,4,0,0,0,0
11/20/2025,1:33:49,0,52,206,301,250,28,206,9,5,0,0,0,0
11/20/2025,1:33:54,0,51,200,299,250,13,205,2,0,0,0,0,-0.0008
11/20/2025,1:33:59,0,50,203,301,251,25,205,7,4,0,0,0,0
11/20/2025,1:34:04,0,50,201,303,251,24,204,7,3,0,0,0,0
11/20/2025,1:34:09,0,52,197,298,250,12,205,2,0,0,0,0,0
11/20/2025,1:34:14,0,54,216,302,250,29,206,8,5,0,0,0,0
11/20/2025,1:34:19,0,51,199,301,251,20,206,6,3,0,0,0,0
11/20/2025,1:34:24,0,52,201,299,252,11,205,2,0,0,0,0,0
11/20/2025,1:34:29,0,54,194,300,250,25,206,6,3,0,0,0,0
11/20/2025,1:34:34,0,52,218,301,250,34,205,10,6,0,0,0,0
11/20/2025,1:34:39,0,52,199,300,251,18,206,5,3,0,0,0,0
11/20/2025,1:34:44,0,53,194,298,250,15,204,2,0,0,0,0,0
11/20/2025,1:34:49,0,52,218,301,251,34,205,10,6,0,0,0,0
11/20/2025,1:34:54,0,52,194,298,251,13,204,3,2,0,0,0,0
11/20/2025,1:34:59,0,49,205,300,250,28,206,8,4,0,0,0,0
11/20/2025,1:35:04,0,52,197,297,250,19,207,6,3,0,0,0,-0.0008
11/20/2025,1:35:09,0,52,187,297,251,24,206,5,3,0,0,0,0
11/20/2025,1:35:14,0,52,199,301,250,21,204,6,4,0,0,0,0
11/20/2025,1:35:19,0,51,195,298,251,25,204,5,4,0,0,0,0
11/20/2025,1:35:24,0,51,198,299,250,16,205,4,2,0,0,0,0
11/20/2025,1:35:29,0,57,211,300,250,29,205,8,5,0,0,0,0
11/20/2025,1:35:34,0,50,201,298,249,11,205,2,0,0,0,0,0
11/20/2025,1:35:39,0,52,222,300,251,35,204,10,6,0,0,0,0
11/20/2025,1:35:44,0,52,199,298,250,12,205,2,1,0,0,0,0
11/20/2025,1:35:49,0,54,214,300,250,33,205,8,5,0,0,0,0
11/20/2025,1:35:54,0,54,198,300,250,16,205,5,2,0,0,0,0
11/20/2025,1:35:59,0,53,193,298,250,18,204,3,1,0,0,0,0
11/20/2025,1:36:04,0,46,219,301,249,38,204,9,5,0,0,0,0
11/20/2025,1:36:09,0,53,198,300,250,16,205,5,3,0,0,0,0
11/20/2025,1:36:14,0,54,196,298,250,12,205,2,1,0,0,0,0
11/20/2025,1:36:19,0,52,211,301,251,27,206,8,4,0,0,0,0
11/20/2025,1:36:24,0,53,204,301,250,28,206,9,5,0,0,0,0
11/20/2025,1:36:29,0,53,195,296,251,16,206,3,1,-0.0008,0,0,0
11/20/2025,1:36:34,0,53,190,298,251,18,206,4,1,0,0,0,0
11/20/2025,1:36:39,0,53,219,301,250,30,206,10,6,0,0,0,-0.0008
11/20/2025,1:36:44,0,52,201,299,251,22,206,7,3,0,0,0,-0.0008
11/20/2025,1:36:49,0,54,200,298,251,12,206,2,1,0,0,0,0
11/20/2025,1:36:54,0,51,194,299,251,24,205,5,4,0,0,0,0
11/20/2025,1:36:59,0,52,217,300,251,35,205,10,6,0,0,0,0
11/20/2025,1:37:04,0,52,202,301,250,18,206,6,3,0,0,0,-0.0008
11/20/2025,1:37:09,0,58,198,299,250,13,205,2,1,0,0,0,0
11/20/2025,1:37:14,0,55,190,298,251,17,206,3,1,0,0,0,0
11/20/2025,1:37:19,0,51,198,297,250,26,206,7,4,0,0,0,-0.0008
11/20/2025,1:37:24,0,54,214,300,251,28,205,8,4,0,0,0,0
11/20/2025,1:37:29,0,53,224,299,250,33,206,11,6,0,0,0,0
11/20/2025,1:37:34,0,53,216,301,250,33,206,12,6,0,0,0,-0.0008
11/20/2025,1:37:39,0,53,208,302,251,33,205,10,6,0,0,0,-0.0008
11/20/2025,1:37:44,0,52,201,301,251,25,205,8,5,0,0,0,0
11/20/2025,1:37:49,0,53,199,300,250,18,206,5,3,0,0,0,0
11/20/2025,1:37:54,0,53,193,298,251,14,205,3,1,0,0,0,0
11/20/2025,1:38:27,0,56,201,300,251,21,205,7,3,0,0,0,0
11/20/2025,1:38:29,0,55,218,301,249,35,205,11,6,0,0,0,0
11/20/2025,1:38:34,0,54,199,300,250,17,206,5,2,0,0,0,0
11/20/2025,1:38:39,0,55,199,298,250,9,206,2,0,0,0,0,0
11/20/2025,1:38:44,0,54,189,298,250,23,205,5,3,0,0,0,0
11/20/2025,1:38:49,0,53,213,301,250,28,205,8,5,0,0,0,0
11/20/2025,1:38:54,0,55,213,300,250,35,206,11,7,0,0,0,-0.0008
11/20/2025,1:38:59,0,53,205,302,250,27,205,8,5,0,0,0,0
11/20/2025,1:39:04,0,53,195,300,250,18,206,4,2,0,0,0,0
11/20/2025,1:39:09,0,53,195,298,250,14,206,2,1,0,0,0,0
11/20/2025,1:39:14,0,53,200,297,251,10,206,1,0,0,0,0,0
11/20/2025,1:39:19,0,50,199,299,251,12,205,2,1,0,0,0,0
11/20/2025,1:39:24,0,52,198,299,248,9,204,1,0,0,0,0,0
11/20/2025,1:39:29,0,51,201,298,249,11,204,2,0,0,0,0,0
11/20/2025,1:39:34,0,50,195,296,250,15,204,2,1,0,0,0,0
11/20/2025,1:39:39,0,53,197,300,249,17,205,3,2,0,0,0,0
11/20/2025,1:39:44,0,49,199,302,250,20,204,4,2,0,0,0,-0.0008
11/20/2025,1:39:49,0,51,197,297,250,19,206,5,2,0,0,0,0
11/20/2025,1:39:54,0,51,195,299,250,11,205,2,2,0,0,0,0
11/20/2025,1:39:59,0,54,194,299,248,13,204,1,0,0,0,0,0
11/20/2025,1:40:04,0,53,212,300,251,34,205,9,5,0,0,0,0
11/20/2025,1:40:09,0,53,204,301,251,26,205,8,5,0,0,0,0
11/20/2025,1:40:14,0,56,201,297,251,11,205,2,0,0,0,0,0
11/20/2025,1:40:19,0,55,200,299,251,26,205,5,4,0,0,0,0
11/20/2025,1:40:24,0,55,210,301,251,36,206,11,7,0,0,0,0
11/20/2025,1:40:29,0,56,194,299,249,13,204,2,1,0,0,0,0
11/20/2025,1:40:34,0,54,191,298,250,21,206,5,3,0,0,0,0
11/20/2025,1:40:39,0,54,216,301,250,38,206,11,6,0,0,0,0
11/20/2025,1:40:44,0,53,200,299,250,17,206,4,2,0,0,0,0
11/20/2025,1:40:49,0,52,197,299,251,8,205,1,0,0,0,0,-0.0008
11/20/2025,1:40:54,0,53,197,296,251,29,206,9,4,0,0,0,0
11/20/2025,1:40:59,0,50,222,301,250,37,206,11,7,0,0,0,0
11/20/2025,1:41:04,0,52,206,301,251,32,206,10,6,0,0,0,0
11/20/2025,1:41:09,0,55,199,300,251,22,206,6,4,0,0,0,0
11/20/2025,1:41:14,0,51,198,299,250,21,206,7,3,0,0,0,0
11/20/2025,1:41:19,0,52,201,300,251,25,205,7,4,0,0,0,0
11/20/2025,1:41:24,0,50,201,300,250,29,206,8,5,0,0,0,-0.0008
11/20/2025,1:41:29,0,48,197,300,251,18,206,6,3,0,0,0,0
11/20/2025,1:41:34,0,48,196,298,251,12,206,3,2,0,0,0,0
11/20/2025,1:41:39,0,51,193,298,249,11,204,1,0,0,0,0,0
11/20/2025,1:41:44,0,53,208,300,250,31,206,10,5,0,0,0,0
11/20/2025,1:41:49,0,49,209,301,251,34,206,11,7,0,0,0,0
11/20/2025,1:41:54,0,47,196,299,251,14,206,4,2,0,0,0,0
11/20/2025,1:41:59,0,50,196,299,248,8,205,1,0,0,0,0,0
11/20/2025,1:42:04,0,48,196,296,250,28,206,8,4,0,0,0,0
11/20/2025,1:42:09,0,49,213,301,251,30,205,10,5,0,0,0,-0.0008
11/20/2025,1:42:14,0,54,222,300,251,37,205,11,7,0,0,0,-0.0008
11/20/2025,1:42:19,0,48,221,302,251,37,206,12,7,0,0,0,0
11/20/2025,1:42:24,0,52,219,302,250,34,205,10,6,0,0,0,0
11/20/2025,1:42:29,0,52,213,303,251,33,206,10,5,0,0,0,0
11/20/2025,1:42:34,0,53,208,301,250,28,206,8,5,0,0,0,-0.0008
11/20/2025,1:42:39,0,51,202,300,250,25,204,7,4,0,0,0,-0.0008
11/20/2025,1:42:44,0,53,189,297,250,14,206,3,1,0,0,0,-0.0008
11/20/2025,1:42:49,0,53,195,299,250,10,206,2,1,0,0,0,0
11/20/2025,1:42:54,0,52,201,302,250,29,206,8,5,0,0,0,0
11/20/2025,1:42:59,0,53,215,301,251,29,205,10,5,0,0,0,0
11/20/2025,1:43:04,0,54,186,298,250,21,205,5,3,0,0,0,0
11/20/2025,1:43:09,0,53,200,299,250,8,206,1,0,0,0,0,0
11/20/2025,1:43:14,0,52,196,300,249,19,203,6,3,0,0,0,0
11/20/2025,1:43:19,0,53,209,302,250,37,204,11,7,0,0,0,0
11/20/2025,1:43:24,0,55,204,301,250,26,206,7,4,0,0,0,0
11/20/2025,1:43:29,0,54,197,299,250,7,205,1,0,0,0,0,0
11/20/2025,1:43:34,0,53,199,301,251,22,205,7,3,0,0,0,0
11/20/2025,1:43:39,0,54,222,302,250,36,205,10,6,0,0,0,0
11/20/2025,1:43:44,0,54,189,299,249,16,204,3,1,0,0,0,0
11/20/2025,1:43:49,0,54,201,299,250,8,206,1,0,0,0,0,0
11/20/2025,1:43:54,0,51,195,299,250,17,206,5,2,0,0,0,0
11/20/2025,1:43:59,0,52,196,300,249,17,204,4,1,0,0,0,0
11/20/2025,1:44:04,0,51,193,300,249,14,204,2,1,0,0,0,0
11/20/2025,1:44:09,0,53,196,300,248,8,204,1,0,0,0,0,-0.0008
11/20/2025,1:44:14,0,51,189,300,249,28,204,7,2,0,0,0,0
11/20/2025,1:44:19,0,53,211,299,250,30,206,9,5,0,0,0,-0.0008
11/20/2025,1:44:24,0,54,214,300,250,37,206,11,7,0,0,0,0
11/20/2025,1:44:29,0,53,201,302,251,22,206,8,4,0,0,0,0
11/20/2025,1:44:34,0,51,195,298,251,13,206,3,1,0,0,0,0
11/20/2025,1:44:39,0,54,193,299,251,11,205,2,0,0,0,0,0
11/20/2025,1:44:44,0,53,200,300,250,26,204,7,4,0,0,0,0
11/20/2025,1:44:49,0,53,221,301,251,35,206,11,6,0,0,0,0
11/20/2025,1:44:54,0,51,203,302,251,27,206,9,5,0,0,0,-0.0008
11/20/2025,1:44:59,0,52,196,299,250,13,206,2,1,0,0,0,0
11/20/2025,1:45:04,0,53,188,298,251,23,204,4,3,0,0,0,0
11/20/2025,1:45:09,0,54,221,300,250,37,206,11,7,0,0,0,0
11/20/2025,1:45:14,0,53,200,302,251,25,206,8,4,0,0,0,0
11/20/2025,1:45:19,0,53,197,298,249,15,205,4,1,0,0,0,0
11/20/2025,1:45:24,0,53,194,297,250,13,205,1,0,0,0,0,0
11/20/2025,1:45:29,0,58,209,300,249,30,205,10,5,0,0,0,0
11/20/2025,1:45:34,0,53,203,302,251,28,205,9,5,0,0,0,0
11/20/2025,1:45:39,0,53,202,298,250,7,205,2,0,0,0,0,0
11/20/2025,1:45:44,0,53,198,300,249,26,205,6,4,0,0,0,0
11/20/2025,1:45:49,0,51,207,301,250,34,205,11,6,0,0,0,0
11/20/2025,1:45:54,0,52,199,298,250,9,205,2,1,0,0,0,0
11/20/2025,1:45:59,0,52,206,297,250,29,206,8,4,0,0,0,0
11/20/2025,1:46:04,0,50,197,301,249,18,204,6,3,0,0,0,0
11/20/2025,1:46:09,0,52,189,298,251,18,205,3,2,0,0,0,-0.0008
11/20/2025,1:46:14,0,52,208,301,250,34,205,10,6,0,0,0,0
11/20/2025,1:46:19,0,51,192,299,251,12,205,2,0,0,0,0,-0.0008
11/20/2025,1:46:24,0,51,203,302,248,29,204,9,4,0,0,0,0
11/20/2025,1:46:29,0,50,188,297,251,21,206,6,3,0,0,0,0
11/20/2025,1:46:34,0,50,199,300,251,23,206,7,4,0,0,0,0
11/20/2025,1:46:39,0,49,195,298,250,24,205,6,4,0,0,0,0
11/20/2025,1:46:44,0,51,198,300,250,24,205,6,3,0,0,0,0
11/20/2025,1:46:49,0,52,188,298,250,22,205,5,3,0,0,0,0
11/20/2025,1:46:54,0,50,200,300,251,18,206,5,3,0,0,0,0
11/20/2025,1:46:59,0,51,210,301,253,30,205,9,4,0,0,0,0
11/20/2025,1:47:04,0,51,200,295,250,8,205,0,0,0,0,0,-0.0008
11/20/2025,1:47:09,0,51,202,301,251,29,204,9,5,0,0,0,0
11/20/2025,1:47:14,0,48,200,299,250,29,205,7,4,0,0,0,0
11/20/2025,1:47:19,0,53,201,299,251,7,204,1,0,0,0,0,-0.0008
11/20/2025,1:47:24,0,53,200,301,249,21,204,8,3,0,0,0,0
11/20/2025,1:47:29,0,53,213,301,250,39,205,11,7,0,0,0,0
11/20/2025,1:47:34,0,57,200,298,250,26,205,7,3,0,0,0,0
11/20/2025,1:47:39,0,53,197,298,250,7,204,1,0,0,0,0,0
11/20/2025,1:47:44,0,54,197,297,251,18,206,6,2,0,0,0,0
11/20/2025,1:47:49,0,54,207,300,250,36,203,11,7,0,0,0,-0.0008
11/20/2025,1:47:54,0,61,205,299,250,26,204,7,4,0,0,0,0
11/20/2025,1:47:59,0,55,197,297,249,7,203,1,0,0,0,0,0
11/20/2025,1:48:46,0,51,221,301,250,28,206,10,6,0,0,0,-0.0008
11/20/2025,1:48:48,0,54,203,300,249,21,205,7,4,0,0,0,-0.0008
11/20/2025,1:48:53,0,53,197,299,251,6,205,1,0,0,0,0,0
11/20/2025,1:48:58,0,52,200,300,250,19,205,6,3,0,0,0,0
11/20/2025,1:49:03,0,52,217,301,250,39,205,11,7,0,0,0,0
11/20/2025,1:49:08,0,53,190,299,250,24,205,5,3,0,0,0,0
11/20/2025,1:49:13,0,50,196,299,251,13,206,3,1,0,0,0,0
11/20/2025,1:49:18,0,53,213,301,250,37,206,11,7,0,0,0,0
11/20/2025,1:49:23,0,55,191,299,250,22,206,5,4,0,0,0,0
11/20/2025,1:49:28,0,55,195,298,250,12,205,2,2,0,0,0,-0.0008
11/20/2025,1:49:33,0,53,220,300,250,38,205,11,7,0,0,0,0
11/20/2025,1:49:38,0,55,192,297,250,11,205,1,0,0,0,0,0
11/20/2025,1:49:43,0,54,198,301,251,28,206,10,4,0,0,0,0
11/20/2025,1:49:48,0,54,194,298,250,25,203,6,3,0,0,0,0
11/20/2025,1:49:53,0,53,198,300,250,19,206,6,3,0,0,0,0
11/20/2025,1:49:58,0,54,201,300,250,27,204,7,4,0,0,0,0
11/20/2025,1:50:03,0,53,199,300,253,18,205,4,1,0,0,0,0
11/20/2025,1:50:08,0,55,199,299,250,25,205,7,4,0,0,0,0
11/20/2025,1:50:13,0,54,199,299,250,23,206,7,4,0,0,0,0
11/20/2025,1:50:18,0,54,191,298,250,16,205,3,1,0,0,0,0
11/20/2025,1:50:23,0,54,211,301,250,37,206,11,6,0,0,0,0
11/20/2025,1:50:28,0,53,201,298,249,7,205,0,0,0,0,0,0
11/20/2025,1:50:33,0,54,206,300,250,28,205,7,5,0,0,0,0
11/20/2025,1:50:38,0,52,206,301,250,34,206,11,6,0,0,0,0
11/20/2025,1:50:43,0,56,193,299,250,12,205,3,2,0,0,0,0
11/20/2025,1:50:48,0,54,191,299,248,12,204,2,0,0,0,0,0
11/20/2025,1:50:53,0,54,212,302,252,30,204,9,6,0,0,0,0
11/20/2025,1:50:58,0,54,203,301,250,28,205,9,6,0,0,0,0
11/20/2025,1:51:03,0,53,194,299,250,13,205,2,2,0,0,0,0
11/20/2025,1:51:08,0,53,191,299,250,14,204,2,1,0,0,0,0
11/20/2025,1:51:13,0,56,222,301,251,36,205,11,7,0,0,0,0
11/20/2025,1:51:18,0,54,197,300,250,17,206,5,2,0,0,0,0
11/20/2025,1:51:23,0,53,193,298,249,10,204,1,0,0,0,0,0
11/20/2025,1:51:28,0,48,212,301,250,34,206,11,6,0,0,0,0
11/20/2025,1:51:33,0,53,200,301,250,24,206,8,5,0,0,0,0
11/20/2025,1:51:38,0,52,200,299,250,6,204,0,0,0,0,0,0
11/20/2025,1:51:43,0,52,189,296,250,24,206,5,4,0,0,0,0
11/20/2025,1:51:48,0,57,210,301,250,30,203,9,5,0,0,0,0
11/20/2025,1:51:53,0,55,219,301,250,38,206,12,7,0,0,0,-0.0008
11/20/2025,1:51:58,0,55,204,303,250,33,205,10,7,0,0,0,0
11/20/2025,1:52:03,0,55,198,302,248,20,204,7,4,0,0,0,0
11/20/2025,1:52:08,0,53,198,300,250,16,206,5,2,0,0,0,0
11/20/2025,1:52:13,0,54,195,299,250,14,205,3,1,0,0,0,0
11/20/2025,1:52:18,0,52,199,298,250,9,206,2,0,0,0,0,0
11/20/2025,1:52:23,0,54,198,299,250,7,206,1,0,0,0,0,0
11/20/2025,1:52:28,0,55,191,298,249,14,205,3,1,0,0,0,0
11/20/2025,1:52:33,0,55,186,299,250,19,205,3,2,0,0,0,0
11/20/2025,1:52:38,0,54,196,300,250,25,206,6,4,0,0,0,-0.0008
11/20/2025,1:52:43,0,58,207,302,251,24,204,8,4,0,0,0,0
11/20/2025,1:52:48,0,54,214,302,248,31,205,10,6,0,0,0,0
11/20/2025,1:52:53,0,54,206,302,249,32,204,11,7,0,0,0,0
11/20/2025,1:52:58,0,54,196,299,250,14,205,3,2,0,0,0,0
11/20/2025,1:53:03,0,54,188,296,251,15,206,2,1,0,0,0,0
11/20/2025,1:53:08,0,55,220,301,248,33,204,10,6,0,0,0,0
11/20/2025,1:53:13,0,56,197,298,250,21,206,6,4,0,0,0,0
11/20/2025,1:53:18,0,55,201,299,251,7,204,0,0,0,0,0,0
11/20/2025,1:53:23,0,56,192,299,250,11,205,1,0,0,0,0,0
11/20/2025,1:53:28,0,57,195,297,251,28,206,9,4,0,0,0,0
11/20/2025,1:53:33,0,55,221,301,250,31,204,10,6,0,0,0,0
11/20/2025,1:53:38,0,54,200,301,250,19,206,7,4,0,0,0,0
11/20/2025,1:53:43,0,56,197,298,250,6,204,0,0,0,0,0,0
11/20/2025,1:53:48,0,50,204,300,250,27,205,8,4,0,0,0,0
11/20/2025,1:53:53,0,55,208,299,250,34,204,11,7,0,0,0,0
11/20/2025,1:53:58,0,55,197,301,249,18,204,5,1,0,0,0,0
11/20/2025,1:54:03,0,56,194,299,250,11,205,2,1,0,0,0,0
11/20/2025,1:54:08,0,54,200,298,250,6,205,0,0,0,0,0,0
11/20/2025,1:54:13,0,54,193,299,251,11,206,1,0,0,0,0,0
11/20/2025,1:54:18,0,56,201,300,249,28,210,9,4,0,0,0,-0.0008
11/20/2025,1:54:23,0,55,214,301,250,36,206,11,7,0,0,0,0
11/20/2025,1:54:28,0,56,197,300,249,14,205,3,2,0,0,0,0
11/20/2025,1:54:33,0,55,189,299,251,13,205,2,1,0,0,0,0
11/20/2025,1:54:38,0,55,217,301,250,36,204,11,7,0,0,0,0
11/20/2025,1:54:43,0,58,197,299,250,20,205,6,4,0,0,0,0
11/20/2025,1:54:48,0,56,200,295,250,6,205,0,0,0,0,0,0
11/20/2025,1:54:53,0,55,185,298,250,18,205,4,3,0,0,0,0
11/20/2025,1:54:58,0,48,222,301,251,35,205,11,7,0,0,0,0
11/20/2025,1:55:03,0,53,197,298,250,19,205,4,3,0,0,0,0
11/20/2025,1:55:08,0,57,192,298,250,11,204,1,0,0,0,0,0
11/20/2025,1:55:13,0,57,220,300,250,38,205,12,7,0,0,0,-0.0008
11/20/2025,1:55:18,0,54,197,299,250,13,206,3,2,0,0,0,0
11/20/2025,1:55:23,0,53,196,299,250,24,205,5,4,0,0,0,0
11/20/2025,1:55:28,0,54,200,300,250,20,204,7,4,0,0,0,0
11/20/2025,1:55:33,0,55,191,299,249,16,205,3,1,0,0,0,0
11/20/2025,1:55:38,0,52,203,302,249,27,204,9,5,0,0,0,0
11/20/2025,1:55:43,0,54,189,298,250,11,205,1,1,0,0,0,0
11/20/2025,1:55:48,0,54,204,301,250,35,206,12,6,0,0,0,0
11/20/2025,1:55:53,0,54,193,297,250,12,206,2,1,0,0,0,0
11/20/2025,1:55:58,0,54,206,302,249,31,204,10,7,0,0,0,0
11/20/2025,1:56:03,0,54,194,297,250,6,205,0,0,0,0,0,0
11/20/2025,1:56:08,0,53,221,301,250,35,206,11,7,0,0,0,0
11/20/2025,1:56:13,0,53,192,297,250,10,206,2,1,0,0,0,0
11/20/2025,1:56:18,0,57,208,300,250,27,204,8,5,0,0,0,0
11/20/2025,1:56:23,0,54,199,296,250,17,204,4,3,0,0,0,0
11/20/2025,1:56:28,0,56,195,299,250,22,205,5,3,0,0,0,0
11/20/2025,1:56:33,0,54,200,301,248,25,205,8,5,0,0,0,0
11/20/2025,1:56:38,0,54,189,296,251,16,206,3,2,0,0,0,0
11/20/2025,1:56:43,0,54,200,300,250,24,205,7,5,0,0,0,0
11/20/2025,1:56:48,0,53,198,296,250,26,206,8,3,0,0,0,0
11/20/2025,1:56:53,0,53,198,298,249,15,205,3,2,0,0,0,0
11/20/2025,1:56:58,0,56,214,301,251,29,205,9,5,0,0,0,0
11/20/2025,1:57:03,0,54,195,297,250,11,206,3,1,0,0,0,0
11/20/2025,1:57:08,0,55,203,298,250,28,205,7,5,0,0,0,0
11/20/2025,1:57:13,0,53,197,300,249,16,205,5,3,0,0,0,0
11/20/2025,1:57:18,0,54,190,297,250,17,205,2,2,0,0,0,0
11/20/2025,1:57:23,0,55,211,300,250,34,206,11,7,0,0,0,0
11/20/2025,1:57:28,0,55,199,296,250,7,205,1,0,0,0,0,0
11/20/2025,1:57:33,0,59,214,298,250,37,206,11,6,0,0,0,0
11/20/2025,1:57:38,0,56,196,298,250,13,206,2,2,0,0,0,0
11/20/2025,1:57:43,0,58,202,297,250,23,206,7,5,0,0,0,0
11/20/2025,1:57:48,0,53,201,299,250,22,206,6,4,0,0,0,0
11/20/2025,1:57:53,0,54,192,297,250,12,204,2,1,0,0,0,0
11/20/2025,1:57:58,0,54,221,301,250,34,205,10,7,0,0,0,0
11/20/2025,1:58:03,0,55,196,297,249,12,205,2,1,0,0,0,0
11/20/2025,1:58:08,0,52,199,299,249,25,204,6,4,0,0,0,0
11/20/2025,1:58:54,0,61,216,298,250,27,205,9,5,0,0,0,0
11/20/2025,1:58:58,0,61,193,297,249,6,205,1,1,0,0,0,0
11/20/2025,1:59:03,0,61,203,298,250,29,205,8,4,0,0,0,0
11/20/2025,1:59:08,0,58,202,301,249,25,205,7,5,0,0,0,0
11/20/2025,1:59:13,0,58,191,296,250,11,204,2,1,0,0,0,0
11/20/2025,1:59:18,0,58,207,300,250,31,205,10,7,0,0,0,0
11/20/2025,1:59:23,0,57,191,297,249,10,205,1,1,0,0,0,0
11/20/2025,1:59:28,0,57,206,300,250,35,205,11,7,0,0,0,0
11/20/2025,1:59:33,0,54,193,295,250,5,205,0,0,0,0,0,0
11/20/2025,1:59:38,0,56,216,300,250,36,206,11,7,0,0,0,0
11/20/2025,1:59:43,0,57,200,298,248,3,204,0,0,0,0,0,0
11/20/2025,1:59:48,0,53,215,300,250,37,205,11,8,0,0,0,0
11/20/2025,1:59:53,0,55,193,297,249,5,204,0,0,0,0,0,0
11/20/2025,1:59:58,0,55,204,300,250,32,206,10,7,0,0,0,0
11/20/2025,2:00:03,0,56,186,298,250,12,205,1,1,0,0,0,0
11/20/2025,2:00:08,0,55,204,300,250,33,203,11,7,0,0,0,0
11/20/2025,2:00:13,0,56,191,295,250,12,206,3,1,0,0,0,0
11/20/2025,2:00:18,0,57,199,298,250,20,206,6,4,0,0,0,0
11/20/2025,2:00:23,0,57,204,297,250,32,206,8,4,0,0,0,0
11/20/2025,2:00:28,0,52,193,297,250,9,205,1,1,0,0,0,0
11/20/2025,2:00:33,0,53,219,300,250,40,205,13,7,0,0,0,0
11/20/2025,2:00:38,0,54,189,299,251,13,204,2,1,0,0,0,0
11/20/2025,2:00:43,0,52,197,297,250,14,206,4,2,0,0,0,0
11/20/2025,2:00:48,0,53,220,301,250,37,205,11,7,0,0,0,-0.0008
11/20/2025,2:00:53,0,54,191,298,250,10,205,0,0,0,0,0,-0.0008
11/20/2025,2:00:58,0,54,199,299,250,17,204,4,3,0,0,0,0
11/20/2025,2:01:03,0,55,221,300,251,38,204,11,7,0,0,0,0
11/20/2025,2:01:08,0,54,201,300,250,23,205,7,4,0,0,0,0
11/20/2025,2:01:13,0,53,192,299,251,7,204,1,0,0,0,0,0
11/20/2025,2:01:18,0,51,195,298,250,13,205,3,2,0,0,0,-0.0008
11/20/2025,2:01:23,0,52,201,302,248,28,205,8,5,0,0,0,0
11/20/2025,2:01:28,0,55,218,301,250,34,204,10,6,0,0,0,0
11/20/2025,2:01:33,0,52,188,298,249,17,204,4,3,0,0,0,0
11/20/2025,2:01:38,0,51,202,299,249,5,205,1,0,0,0,0,0
11/20/2025,2:01:43,0,52,199,302,251,23,205,8,5,0,0,0,0
11/20/2025,2:01:48,0,50,215,302,250,31,205,8,7,0,0,0,0
11/20/2025,2:01:53,0,51,189,297,250,13,204,2,2,0,0,0,0
11/20/2025,2:01:58,0,51,192,299,249,9,206,2,1,0,0,0,0
11/20/2025,2:02:03,0,48,206,301,249,32,205,10,7,0,0,0,0
11/20/2025,2:02:08,0,47,190,298,250,21,205,5,3,0,0,0,0
11/20/2025,2:02:13,0,49,197,300,249,16,205,3,3,0,0,0,0
11/20/2025,2:02:18,0,48,214,303,251,28,204,8,5,0,0,0,0
11/20/2025,2:02:23,0,48,194,297,250,5,205,0,0,0,0,0,-0.0008
11/20/2025,2:02:28,0,47,198,301,250,16,205,4,3,0,0,0,-0.0008
11/20/2025,2:02:33,0,48,220,301,250,37,205,10,7,0,0,0,0
11/20/2025,2:02:38,0,44,189,300,250,19,204,5,3,0,0,0,0
11/20/2025,2:02:43,0,50,192,299,248,9,206,2,1,0,0,0,-0.0008
11/20/2025,2:02:48,0,51,213,302,248,36,205,11,7,0,0,0,0
11/20/2025,2:02:53,0,51,188,298,250,16,205,2,2,0,0,0,0
11/20/2025,2:02:58,0,52,198,299,250,12,205,4,2,0,0,0,0
11/20/2025,2:03:03,0,51,214,302,250,31,205,9,6,0,0,0,-0.0008
11/20/2025,2:03:08,0,49,198,299,251,3,204,0,0,0,0,0,0
11/20/2025,2:03:13,0,51,215,301,250,36,205,11,7,0,0,0,0
11/20/2025,2:03:18,0,53,193,299,250,5,206,0,0,0,0,0,0
11/20/2025,2:03:23,0,50,215,302,249,35,204,11,7,0,0,0,0
11/20/2025,2:03:28,0,50,199,299,250,5,204,0,0,0,0,0,0
11/20/2025,2:03:33,0,52,217,301,250,35,204,11,7,0,0,0,0
11/20/2025,2:03:38,0,51,195,295,250,7,205,1,1,0,0,0,-0.0008
11/20/2025,2:03:43,0,51,202,299,250,26,205,7,5,0,0,0,0
11/20/2025,2:03:48,0,52,206,299,250,32,205,10,7,0,0,0,0
11/20/2025,2:03:53,0,52,196,298,250,8,206,1,1,0,0,0,0
11/20/2025,2:03:58,0,52,187,299,251,20,206,5,3,0,0,0,0
11/20/2025,2:04:03,0,49,220,301,250,33,203,10,6,0,0,0,-0.0008
11/20/2025,2:04:08,0,51,197,300,250,18,204,6,4,0,0,0,0
11/20/2025,2:04:13,0,52,195,298,249,3,205,0,0,0,0,0,0
11/20/2025,2:04:18,0,48,219,301,250,34,205,10,7,0,0,0,0
11/20/2025,2:04:23,0,51,199,299,250,16,204,4,3,0,0,0,0
11/20/2025,2:04:28,0,51,195,298,249,5,204,0,0,0,0,0,0
11/20/2025,2:04:33,0,52,208,300,250,31,206,8,5,0,0,0,0
11/20/2025,2:04:38,0,52,208,300,250,32,203,10,6,0,0,0,-0.0008
11/20/2025,2:04:43,0,49,195,296,250,10,204,1,2,0,0,0,0
11/20/2025,2:04:48,0,51,189,298,250,13,204,2,1,0,0,0,-0.0008
11/20/2025,2:04:53,0,51,209,298,250,29,206,9,5,0,0,0,0
11/20/2025,2:04:58,0,51,203,300,249,28,204,9,6,0,0,0,0
11/20/2025,2:05:03,0,53,191,296,250,10,205,2,2,0,0,0,0
11/20/2025,2:05:08,0,51,193,297,250,5,205,0,0,0,0,0,0
11/20/2025,2:05:13,0,52,188,298,250,13,206,3,1,0,0,0,0
11/20/2025,2:05:18,0,52,188,298,250,14,204,3,2,0,0,0,0
11/20/2025,2:05:23,0,54,196,298,250,4,204,0,0,0,0,0,0
11/20/2025,2:05:28,0,54,196,299,250,13,205,3,2,0,0,0,0
11/20/2025,2:05:33,0,53,209,299,250,35,206,11,7,0,0,0,0
11/20/2025,2:05:38,0,54,208,301,250,25,205,7,5,0,0,0,0
11/20/2025,2:05:43,0,53,190,298,250,12,206,2,2,0,0,0,-0.0008
11/20/2025,2:05:48,0,54,197,297,250,4,205,0,0,0,0,0,0
11/20/2025,2:05:53,0,53,198,299,251,3,204,0,0,0,0,0,0
11/20/2025,2:05:58,0,52,199,299,249,4,205,0,0,0,0,0,0
11/20/2025,2:06:03,0,53,196,298,250,3,205,0,0,0,0,0,0
11/20/2025,2:06:08,0,52,195,299,250,4,206,0,0,0,0,0,0
11/20/2025,2:06:13,0,54,197,300,249,5,205,0,0,0,0,0,0
11/20/2025,2:06:18,0,54,198,296,250,3,205,0,0,0,0,0,0
11/20/2025,2:06:23,0,55,193,300,249,8,204,1,1,0,0,0,0
11/20/2025,2:06:28,0,52,200,302,249,23,205,7,5,0,0,0,0
11/20/2025,2:06:33,0,53,213,301,249,35,204,9,6,0,0,0,0
11/20/2025,2:06:38,0,52,198,298,250,4,205,0,0,0,0,0,0
11/20/2025,2:06:43,0,54,205,301,250,34,206,11,7,0,0,0,0
11/20/2025,2:06:48,0,53,190,300,249,12,205,2,1,0,0,0,0
11/20/2025,2:06:53,0,56,194,302,250,20,206,6,4,0,0,0,0
11/20/2025,2:06:58,0,53,207,301,250,25,205,7,5,0,0,0,0
11/20/2025,2:07:03,0,50,192,300,250,6,205,1,1,0,0,0,0
11/20/2025,2:07:08,0,53,217,302,250,37,204,11,7,0,0,0,0
11/20/2025,2:07:13,0,53,200,300,250,5,204,0,0,0,0,0,0
11/20/2025,2:07:18,0,53,215,302,250,35,205,10,7,0,0,0,0
11/20/2025,2:07:23,0,51,191,299,250,7,205,1,0,0,0,0,0
11/20/2025,2:07:28,0,51,198,302,249,24,205,7,5,0,0,0,0
11/20/2025,2:07:33,0,50,204,301,250,23,205,7,5,0,0,0,0
11/20/2025,2:07:38,0,52,190,299,250,10,206,2,1,0,0,0,-0.0008
11/20/2025,2:07:43,0,54,215,303,249,36,204,11,7,0,0,0,0
11/20/2025,2:07:48,0,55,189,299,249,12,205,2,2,0,0,0,0
11/20/2025,2:07:53,0,55,194,301,250,13,205,3,3,0,0,0,0
11/20/2025,2:07:58,0,53,210,299,250,29,206,9,5,0,0,0,0
11/20/2025,2:08:03,0,52,202,299,250,3,205,0,0,0,0,0,0
11/20/2025,2:08:08,0,53,207,302,250,34,204,10,7,0,0,0,0
11/20/2025,2:08:13,0,53,187,298,250,14,204,2,2,0,0,0,0
11/20/2025,2:08:18,0,54,199,301,250,16,206,5,3,0,0,0,0
11/20/2025,2:09:03,0,52,217,300,250,28,206,10,6,0,0,0,0
11/20/2025,2:09:07,0,53,196,298,250,1,204,0,0,0,0,0,-0.0008
11/20/2025,2:09:12,0,52,206,302,248,32,206,11,7,0,0,0,0
11/20/2025,2:09:17,0,52,188,299,250,18,205,4,3,0,0,0,0
11/20/2025,2:09:22,0,53,196,299,250,10,205,1,1,0,0,0,0
11/20/2025,2:09:27,0,55,209,302,248,38,204,12,8,0,0,0,0
11/20/2025,2:09:32,0,54,199,300,250,22,204,6,4,0,0,0,0
11/20/2025,2:09:37,0,51,198,296,250,4,205,0,0,0,0,0,0
11/20/2025,2:09:42,0,54,210,300,250,36,205,11,7,0,0,0,0
11/20/2025,2:09:47,0,51,186,298,249,10,205,2,2,0,0,0,0
11/20/2025,2:09:52,0,52,197,299,249,16,204,4,3,0,0,0,0
11/20/2025,2:09:57,0,52,209,297,250,30,206,9,5,0,0,0,-0.0008
11/20/2025,2:10:02,0,53,197,297,249,2,203,0,0,0,0,0,0
11/20/2025,2:10:07,0,53,208,300,249,33,205,10,7,0,0,0,0
11/20/2025,2:10:12,0,54,189,297,249,11,204,2,1,0,0,0,0
11/20/2025,2:10:17,0,54,199,300,250,19,206,6,4,0,0,0,0
11/20/2025,2:10:22,0,55,206,300,249,27,204,7,5,0,0,0,0
11/20/2025,2:10:27,0,57,202,297,249,2,205,0,0,0,0,0,0
11/20/2025,2:10:32,0,56,202,300,250,26,204,8,5,0,0,0,0
11/20/2025,2:10:37,0,57,209,300,249,27,203,8,5,0,0,0,0
11/20/2025,2:10:42,0,57,194,297,249,4,205,0,0,0,0,0,0
11/20/2025,2:10:47,0,56,196,297,250,10,206,4,2,0,0,0,0
11/20/2025,2:10:52,0,57,210,300,250,36,205,11,7,0,0,0,0
11/20/2025,2:10:57,0,56,204,299,249,23,204,7,5,0,0,0,0
11/20/2025,2:11:02,0,56,191,298,251,7,204,1,0,0,0,0,0
11/20/2025,2:11:07,0,55,199,298,250,9,204,2,1,0,0,0,0
11/20/2025,2:11:12,0,55,198,299,250,15,205,3,3,0,0,0,0
11/20/2025,2:11:17,0,54,200,300,250,27,206,8,5,0,0,0,0
11/20/2025,2:11:22,0,53,213,300,249,35,204,10,7,0,0,0,0
11/20/2025,2:11:27,0,54,217,301,250,32,204,10,7,0,0,0,0
11/20/2025,2:11:32,0,55,208,300,250,29,205,8,5,0,0,0,0
11/20/2025,2:11:37,0,54,205,299,249,24,205,7,5,0,0,0,-0.0008
11/20/2025,2:11:42,0,55,202,300,250,25,204,7,5,0,0,0,0
11/20/2025,2:11:47,0,52,212,300,249,31,205,9,5,0,0,0,0
11/20/2025,2:11:52,0,55,213,301,250,34,204,11,7,0,0,0,-0.0008
11/20/2025,2:11:57,0,54,214,301,250,38,204,13,8,0,0,0,0
11/20/2025,2:12:02,0,57,187,298,250,14,205,2,2,0,0,0,0
11/20/2025,2:12:07,0,58,206,301,249,32,204,10,7,0,0,0,0
11/20/2025,2:12:12,0,57,201,297,250,4,205,0,0,0,0,0,0
11/20/2025,2:12:17,0,59,203,299,250,26,205,7,4,0,0,0,0
11/20/2025,2:12:22,0,57,206,298,250,32,206,10,7,0,0,0,0
11/20/2025,2:12:27,0,59,199,298,250,6,206,1,0,0,0,0,0
11/20/2025,2:12:32,0,56,195,299,250,24,205,6,3,0,0,0,0
11/20/2025,2:12:37,0,55,214,300,250,36,203,11,7,0,0,0,0
11/20/2025,2:12:42,0,53,198,299,250,11,206,3,2,0,0,0,0
11/20/2025,2:12:47,0,55,193,299,251,5,204,0,0,0,0,0,0
11/20/2025,2:12:52,0,56,193,299,250,22,205,5,3,0,0,0,0
11/20/2025,2:12:57,0,61,212,300,250,30,205,8,5,0,0,0,0
11/20/2025,2:13:02,0,61,215,298,250,35,205,11,7,0,0,0,0
11/20/2025,2:13:07,0,64,201,299,250,25,205,8,5,0,0,0,-0.0008
11/20/2025,2:13:12,0,64,199,300,248,12,206,3,3,0,0,0,0
11/20/2025,2:13:17,0,64,200,299,248,3,204,0,0,0,0,0,0
11/20/2025,2:13:22,0,63,208,301,250,27,204,7,5,0,0,0,0
11/20/2025,2:13:27,0,58,198,301,250,16,205,6,2,0,0,0,0
11/20/2025,2:13:32,0,61,192,296,250,8,205,0,1,0,0,0,0
11/20/2025,2:13:37,0,59,217,301,250,35,203,11,7,0,0,0,0
11/20/2025,2:13:42,0,59,200,300,249,2,204,0,0,0,0,0,0
11/20/2025,2:13:47,0,56,211,302,250,35,204,10,7,0,0,0,0
11/20/2025,2:13:52,0,58,196,299,250,3,205,0,0,0,0,0,0
11/20/2025,2:13:57,0,58,213,302,249,35,205,10,7,0,0,0,0
11/20/2025,2:14:02,0,58,196,300,249,2,204,0,0,0,0,0,0
11/20/2025,2:14:07,0,59,219,302,250,34,204,10,7,0,0,0,0
11/20/2025,2:14:12,0,64,200,299,247,4,204,0,0,0,0,0,0
11/20/2025,2:14:17,0,57,213,302,250,29,204,9,6,0,0,0,-0.0008
11/20/2025,2:14:22,0,57,197,297,250,13,204,3,2,0,0,0,0
11/20/2025,2:14:27,0,55,198,301,250,23,203,7,4,0,0,0,0
11/20/2025,2:14:32,0,56,198,303,248,20,204,7,4,0,0,0,0
11/20/2025,2:14:37,0,56,192,299,250,7,205,0,0,0,0,0,-0.0008
11/20/2025,2:14:42,0,55,211,303,249,35,205,10,7,0,0,0,-0.0008
11/20/2025,2:14:47,0,55,190,297,250,8,204,0,0,0,0,0,0
11/20/2025,2:14:52,0,55,203,303,250,30,206,10,7,0,0,0,0
11/20/2025,2:14:57,0,54,195,300,248,2,204,0,0,0,0,0,0
11/20/2025,2:15:02,0,53,216,303,250,32,205,9,7,0,0,0,0
11/20/2025,2:15:07,0,56,195,301,250,14,205,3,2,0,0,0,0
11/20/2025,2:15:12,0,53,187,300,248,13,204,3,1,0,0,0,0
11/20/2025,2:15:17,0,52,215,303,250,35,205,11,8,0,0,0,0
11/20/2025,2:15:22,0,52,196,300,250,6,204,1,1,0,0,0,0
11/20/2025,2:15:27,0,49,211,302,250,32,204,9,6,0,0,0,0
11/20/2025,2:15:32,0,53,195,300,251,11,205,3,2,0,0,0,0
11/20/2025,2:15:37,0,52,197,301,249,22,204,6,3,0,0,0,0
11/20/2025,2:15:42,0,51,203,302,250,27,206,9,6,0,0,0,0
11/20/2025,2:15:47,0,51,198,299,250,7,206,1,0,0,0,0,0
11/20/2025,2:15:52,0,53,190,300,249,24,204,5,3,0,0,0,0
11/20/2025,2:15:57,0,50,213,303,250,34,204,11,8,0,0,0,0
11/20/2025,2:16:02,0,50,196,299,250,4,206,0,0,0,0,0,0
11/20/2025,2:16:07,0,50,205,302,250,31,204,9,7,0,0,0,-0.0008
11/20/2025,2:16:12,0,51,190,300,250,20,204,4,3,0,0,0,0
11/20/2025,2:16:17,0,49,197,301,250,14,205,3,3,0,0,0,0
11/20/2025,2:16:22,0,50,193,301,248,24,204,5,3,0,0,0,0
11/20/2025,2:16:27,0,51,202,302,249,27,204,9,6,0,0,0,0
11/20/2025,2:16:32,0,52,194,298,249,3,206,0,0,0,0,0,0
11/20/2025,2:16:37,0,54,213,299,250,36,205,11,7,0,0,0,0
11/20/2025,2:16:42,0,53,194,298,249,3,204,0,0,0,0,0,-0.0008
11/20/2025,2:16:47,0,54,202,303,250,28,205,9,6,0,0,0,0
11/20/2025,2:16:52,0,53,189,298,250,14,204,5,2,0,0,0,0
11/20/2025,2:16:57,0,53,202,302,249,28,204,9,6,0,0,0,-0.0008
11/20/2025,2:17:02,0,52,190,299,248,9,204,1,1,0,0,0,0
11/20/2025,2:17:07,0,51,205,302,249,31,205,10,7,0,0,0,0
11/20/2025,2:17:12,0,53,190,299,248,11,204,2,1,0,0,0,0
11/20/2025,2:17:17,0,49,198,301,249,19,206,6,4,0,0,0,0
11/20/2025,2:17:22,0,57,205,301,250,24,205,6,5,0,0,0,0
11/20/2025,2:17:27,0,51,199,297,250,5,205,0,0,0,0,0,0
11/20/2025,2:17:32,0,51,209,302,250,35,204,11,8,0,0,0,0
11/20/2025,2:17:37,0,51,189,298,249,10,204,1,0,0,0,0,0
11/20/2025,2:17:42,0,50,199,301,249,26,205,9,6,0,0,0,0
11/20/2025,2:17:47,0,52,186,299,250,17,204,4,3,0,0,0,0
11/20/2025,2:17:52,0,52,197,301,250,16,205,5,3,0,0,0,0
11/20/2025,2:17:57,0,57,204,300,248,25,206,7,4,0,0,0,0
11/20/2025,2:18:02,0,50,192,297,250,7,206,1,1,0,0,0,0
11/20/2025,2:18:07,0,51,217,300,250,39,205,12,8,0,0,0,0
11/20/2025,2:18:12,0,51,192,297,250,2,204,0,0,0,0,0,0
11/20/2025,2:18:17,0,51,208,301,248,30,205,9,7,0,0,0,0
11/20/2025,2:18:22,0,51,195,297,250,2,205,0,0,0,0,0,0
11/20/2025,2:18:27,0,46,202,296,249,24,206,7,4,0,0,0,0
11/20/2025,2:19:13,0,49,197,298,249,23,204,7,5,0,0,0,0
11/20/2025,2:19:17,0,49,189,298,251,10,204,2,1,0,0,0,0
11/20/2025,2:19:22,0,49,216,301,249,35,205,10,7,0,0,0,0
11/20/2025,2:19:27,0,51,196,299,250,11,205,3,2,0,0,0,0
11/20/2025,2:19:32,0,51,188,299,251,9,204,1,1,0,0,0,-0.0008
11/20/2025,2:19:37,0,48,220,301,249,38,204,12,7,0,0,0,0
11/20/2025,2:19:42,0,52,196,299,250,12,205,3,3,0,0,0,0
11/20/2025,2:19:47,0,53,188,298,250,13,204,3,2,0,0,0,0
11/20/2025,2:19:52,0,52,212,300,250,36,205,11,7,0,0,0,0
11/20/2025,2:19:57,0,52,196,299,250,12,205,3,2,0,0,0,0
11/20/2025,2:20:02,0,51,192,298,249,5,205,0,0,0,0,0,0
11/20/2025,2:20:07,0,58,210,300,254,27,205,8,5,0,0,0,-0.0008
11/20/2025,2:20:12,0,54,205,301,250,29,204,9,6,0,0,0,0
11/20/2025,2:20:17,0,56,199,298,250,4,204,0,0,0,0,0,0
11/20/2025,2:20:22,0,53,205,299,250,25,205,7,5,0,0,0,-0.0008
11/20/2025,2:20:27,0,53,198,301,248,20,204,6,4,0,0,0,-0.0008
11/20/2025,2:20:32,0,53,190,299,250,7,204,1,1,0,0,0,0
11/20/2025,2:20:37,0,52,206,301,249,34,205,10,7,0,0,0,0
11/20/2025,2:20:42,0,52,191,297,249,8,205,0,1,0,0,0,-0.0008
11/20/2025,2:20:47,0,54,201,302,248,27,204,9,6,0,0,0,-0.0008
11/20/2025,2:20:52,0,54,189,298,250,13,205,1,2,0,0,0,0
11/20/2025,2:20:57,0,55,203,302,248,32,206,10,7,0,0,0,-0.0008
11/20/2025,2:21:02,0,54,193,297,250,5,205,0,0,0,0,0,0
11/20/2025,2:21:07,0,54,216,302,248,34,205,10,8,0,0,0,-0.0008
11/20/2025,2:21:12,0,54,195,298,250,10,205,1,1,0,0,0,-0.0008
11/20/2025,2:21:17,0,55,199,301,250,25,204,6,5,0,0,0,0
11/20/2025,2:21:22,0,55,198,301,250,22,205,6,5,0,0,0,0
11/20/2025,2:21:27,0,53,191,297,250,9,205,0,0,0,0,0,0
11/20/2025,2:21:32,0,54,210,302,248,32,204,10,7,0,0,0,-0.0008
11/20/2025,2:21:37,0,53,194,298,250,2,203,0,0,0,0,0,0
11/20/2025,2:21:42,0,52,214,301,250,37,204,11,7,0,0,0,0
11/20/2025,2:21:47,0,53,196,298,248,1,204,0,0,0,0,0,0
11/20/2025,2:21:52,0,55,213,302,249,34,204,10,7,0,0,0,0
11/20/2025,2:21:57,0,53,200,297,250,4,205,0,0,0,0,0,0
11/20/2025,2:22:02,0,56,222,302,249,34,204,11,7,0,0,0,0
11/20/2025,2:22:07,0,54,194,299,250,5,205,1,1,0,0,0,0
11/20/2025,2:22:12,0,54,207,300,250,30,204,9,5,0,0,0,0
11/20/2025,2:22:17,0,55,198,303,250,19,203,6,4,0,0,0,0
11/20/2025,2:22:22,0,54,193,298,249,4,205,0,0,0,0,0,0
11/20/2025,2:22:27,0,58,214,298,250,32,204,9,6,0,0,0,0
11/20/2025,2:22:32,0,53,195,300,250,11,205,3,3,0,0,0,0
11/20/2025,2:22:37,0,55,193,299,250,22,204,5,3,0,0,0,-0.0008
11/20/2025,2:22:42,0,55,203,302,249,27,204,9,6,0,0,0,0
11/20/2025,2:22:47,0,54,195,299,249,2,204,0,0,0,0,0,0
11/20/2025,2:22:52,0,55,211,302,249,28,205,8,5,0,0,0,0
11/20/2025,2:22:57,0,55,200,300,249,14,204,4,3,0,0,0,0
11/20/2025,2:23:02,0,53,189,298,249,11,204,1,0,0,0,0,0
11/20/2025,2:23:07,0,53,216,302,250,38,205,12,8,0,0,0,0
11/20/2025,2:23:12,0,53,193,299,250,5,204,1,0,0,0,0,-0.0008
11/20/2025,2:23:17,0,53,212,303,251,33,204,10,6,0,0,0,0
11/20/2025,2:23:22,0,52,193,300,249,11,204,1,1,0,0,0,0
11/20/2025,2:23:27,0,52,212,303,250,30,204,11,6,0,0,0,0
11/20/2025,2:23:32,0,54,198,300,250,13,203,4,2,0,0,0,0
11/20/2025,2:23:37,0,54,187,298,249,11,204,2,2,0,0,0,0
11/20/2025,2:23:42,0,56,221,302,249,34,204,11,7,0,0,0,0
11/20/2025,2:23:47,0,52,198,302,250,23,205,6,5,0,0,0,0
11/20/2025,2:23:52,0,54,191,300,248,8,203,1,1,0,0,0,0
11/20/2025,2:23:57,0,53,186,300,250,18,205,3,3,0,0,0,-0.0008
11/20/2025,2:24:02,0,54,217,300,250,37,205,10,7,0,0,0,0
11/20/2025,2:24:07,0,53,195,301,251,13,203,4,2,0,0,0,0
11/20/2025,2:24:12,0,52,194,299,249,3,205,0,0,0,0,0,0
11/20/2025,2:24:17,0,57,205,301,250,23,206,7,5,0,0,0,0
11/20/2025,2:24:22,0,51,209,299,249,33,204,11,7,0,0,0,0
11/20/2025,2:24:27,0,52,192,299,249,8,206,1,1,0,0,0,0
11/20/2025,2:24:32,0,54,206,301,250,27,202,9,5,0,0,0,0
11/20/2025,2:24:37,0,56,198,300,249,14,205,4,4,0,0,0,0
11/20/2025,2:24:42,0,53,191,299,249,6,205,0,0,0,0,0,-0.0008
11/20/2025,2:24:47,0,53,205,301,250,26,205,7,5,0,0,0,0
11/20/2025,2:24:52,0,54,213,301,250,36,205,11,8,0,0,0,0
11/20/2025,2:24:57,0,50,198,301,250,18,205,6,4,0,0,0,0
11/20/2025,2:25:02,0,54,198,299,249,5,206,1,0,0,0,0,0
11/20/2025,2:25:07,0,53,199,300,249,24,204,6,4,0,0,0,0
11/20/2025,2:25:12,0,54,204,302,249,32,204,9,7,0,0,0,0
11/20/2025,2:25:17,0,56,199,297,250,4,204,0,0,0,0,0,0
11/20/2025,2:25:22,0,50,194,299,250,24,204,6,4,0,0,0,0
11/20/2025,2:25:27,0,54,214,301,249,36,203,11,7,0,0,0,0
11/20/2025,2:25:32,0,55,196,301,249,19,205,6,5,0,0,0,0
11/20/2025,2:25:37,0,54,193,298,250,8,204,0,1,0,0,0,0
11/20/2025,2:25:42,0,52,188,299,250,10,204,1,0,0,0,0,0
11/20/2025,2:25:47,0,51,207,301,248,27,204,9,4,0,0,0,0
11/20/2025,2:25:52,0,53,216,301,249,36,203,12,7,0,0,0,0
11/20/2025,2:25:57,0,51,203,302,250,24,204,8,5,0,0,0,0
11/20/2025,2:26:02,0,50,195,300,249,18,205,5,3,0,0,0,0
11/20/2025,2:26:07,0,50,199,301,249,19,206,6,4,0,0,0,0
11/20/2025,2:26:12,0,51,206,302,251,33,204,10,7,0,0,0,0
11/20/2025,2:26:17,0,52,211,303,250,26,206,9,5,0,0,0,0
11/20/2025,2:26:22,0,52,194,299,248,1,203,0,0,0,0,0,0
11/20/2025,2:26:27,0,52,204,300,250,31,205,10,7,0,0,0,0
11/20/2025,2:26:32,0,52,188,299,250,10,203,2,1,0,0,0,0
11/20/2025,2:26:37,0,51,197,302,250,23,205,7,5,0,0,0,0
11/20/2025,2:26:42,0,53,187,300,248,18,204,4,2,0,0,0,0
11/20/2025,2:26:47,0,51,199,301,249,23,204,7,5,0,0,0,0
11/20/2025,2:26:52,0,53,187,296,250,12,205,2,1,0,0,0,0
11/20/2025,2:26:57,0,52,200,301,249,24,205,8,5,0,0,0,0
11/20/2025,2:27:02,0,53,185,298,250,15,203,4,2,0,0,0,0
11/20/2025,2:27:07,0,48,197,302,249,19,204,6,5,0,0,0,0
11/20/2025,2:27:12,0,55,191,299,250,19,204,5,3,0,0,0,0
11/20/2025,2:27:17,0,54,197,300,249,16,204,5,3,0,0,0,0
11/20/2025,2:27:22,0,54,204,300,249,24,204,7,5,0,0,0,0
11/20/2025,2:27:27,0,53,194,299,249,11,204,3,2,0,0,0,0
11/20/2025,2:27:32,0,53,208,302,248,30,204,8,5,0,0,0,0
11/20/2025,2:27:37,0,53,195,300,250,12,204,3,2,0,0,0,0
11/20/2025,2:27:42,0,54,197,299,249,21,203,6,4,0,0,0,0
11/20/2025,2:27:47,0,56,199,301,249,26,205,8,5,0,0,0,0
11/20/2025,2:27:52,0,56,190,299,250,6,204,0,0,0,0,0,0
11/20/2025,2:27:57,0,54,205,301,249,33,205,10,7,0,0,0,0
11/20/2025,2:28:02,0,54,191,299,249,3,206,0,0,0,0,0,0
11/20/2025,2:28:07,0,53,208,302,249,35,203,11,7,0,0,0,0
11/20/2025,2:28:12,0,52,192,299,249,0,204,0,0,0,0,0,0
11/20/2025,2:28:17,0,54,215,302,249,36,205,11,8,0,0,0,0
11/20/2025,2:28:22,0,53,193,300,248,6,204,1,1,0,0,0,-0.0008
11/20/2025,2:28:27,0,53,198,300,249,25,203,8,4,0,0,0,0
11/20/2025,2:28:32,0,54,208,303,249,31,205,9,7,0,0,0,0
11/20/2025,2:28:37,0,55,199,299,249,3,206,1,0,0,0,0,0
11/20/2025,2:28:42,0,51,193,302,250,23,206,6,4,0,0,0,0
11/20/2025,2:29:14,0,55,216,301,248,28,203,9,6,0,0,0,0
11/20/2025,2:29:16,0,57,194,302,249,4,204,1,1,0,0,0,0
11/20/2025,2:29:21,0,56,186,297,249,13,205,3,2,0,0,0,0
11/20/2025,2:29:26,0,55,209,305,249,28,205,8,5,0,0,0,0
11/20/2025,2:29:31,0,55,196,303,249,20,203,7,4,0,0,0,0
11/20/2025,2:29:36,0,55,194,300,249,3,205,0,0,0,0,0,-0.0008
11/20/2025,2:29:41,0,59,218,304,249,34,205,11,7,0,0,0,0
11/20/2025,2:29:46,0,55,194,300,249,7,204,0,1,0,0,0,0
11/20/2025,2:29:51,0,54,201,303,247,25,204,7,4,0,0,0,0
11/20/2025,2:29:56,0,55,198,304,250,17,204,7,5,0,0,0,0
11/20/2025,2:30:01,0,56,195,299,249,1,205,0,0,0,0,0,0
11/20/2025,2:30:06,0,56,206,303,251,24,205,7,5,0,0,0,-0.0008
11/20/2025,2:30:11,0,54,208,302,250,32,205,11,7,0,0,0,0
11/20/2025,2:30:16,0,54,193,298,249,7,205,1,1,0,0,0,0
11/20/2025,2:30:21,0,53,195,302,249,24,205,6,4,0,0,0,0
11/20/2025,2:30:26,0,54,198,301,249,22,203,7,5,0,0,0,0
11/20/2025,2:30:31,0,54,190,301,250,7,205,0,1,0,0,0,0
11/20/2025,2:30:36,0,55,209,304,248,32,204,10,7,0,0,0,0
11/20/2025,2:30:41,0,54,196,300,249,1,204,0,0,0,0,0,0
11/20/2025,2:30:46,0,54,210,304,250,27,205,8,6,0,0,0,0
11/20/2025,2:30:51,0,53,197,304,250,17,204,5,3,0,0,0,-0.0008
11/20/2025,2:30:56,0,53,188,300,249,12,204,2,1,0,0,0,0
11/20/2025,2:31:01,0,54,211,304,248,35,204,11,8,0,0,0,0
11/20/2025,2:31:06,0,54,193,301,249,7,204,1,1,0,0,0,0
11/20/2025,2:31:11,0,56,202,302,249,26,204,7,4,0,0,0,0
11/20/2025,2:31:16,0,50,197,304,250,14,204,5,2,0,0,0,0
11/20/2025,2:31:21,0,57,195,302,250,19,204,5,3,0,0,0,0
11/20/2025,2:31:26,0,52,195,301,249,12,205,2,2,0,0,0,0
11/20/2025,2:31:31,0,59,219,303,250,34,203,10,7,0,0,0,0
11/20/2025,2:31:36,0,53,190,300,249,5,205,0,0,0,0,0,0
11/20/2025,2:31:41,0,54,196,306,249,20,205,7,4,0,0,0,0
11/20/2025,2:31:46,0,53,198,302,250,27,205,6,4,0,0,0,0
11/20/2025,2:31:51,0,54,192,301,249,8,204,2,2,0,0,0,0
11/20/2025,2:31:56,0,58,217,303,249,31,205,10,7,0,0,0,0
11/20/2025,2:32:01,0,55,198,300,249,1,204,0,0,0,0,0,0
11/20/2025,2:32:06,0,55,209,304,249,34,205,10,7,0,0,0,0
11/20/2025,2:32:11,0,56,186,301,249,10,204,1,2,0,0,0,0
11/20/2025,2:32:16,0,57,199,303,249,19,205,5,4,0,0,0,0
11/20/2025,2:32:21,0,58,208,304,250,26,203,8,5,0,0,0,-0.0008
11/20/2025,2:32:26,0,56,200,300,249,3,204,0,0,0,0,0,0
11/20/2025,2:32:31,0,57,206,305,249,31,205,9,7,0,0,0,0
11/20/2025,2:32:36,0,51,192,300,250,19,205,5,4,0,0,0,0
11/20/2025,2:32:41,0,55,196,300,249,10,204,2,2,0,0,0,0
11/20/2025,2:32:46,0,53,220,304,249,33,205,9,7,0,0,0,0
11/20/2025,2:32:51,0,53,189,300,249,8,205,1,1,0,0,0,0
11/20/2025,2:32:56,0,55,194,301,250,13,205,3,2,0,0,0,-0.0008
11/20/2025,2:33:01,0,52,209,301,249,36,205,10,8,0,0,0,0
11/20/2025,2:33:06,0,49,199,301,249,21,204,6,4,0,0,0,0
11/20/2025,2:33:11,0,55,198,301,249,0,204,0,0,0,0,0,0
11/20/2025,2:33:16,0,58,197,303,248,13,204,3,2,0,0,0,0
11/20/2025,2:33:21,0,57,198,303,246,22,204,6,4,0,0,0,0
11/20/2025,2:33:26,0,55,205,303,249,32,203,10,7,0,0,0,0
11/20/2025,2:33:31,0,51,215,304,249,31,205,11,7,0,0,0,0
11/20/2025,2:33:36,0,54,186,301,249,17,204,3,2,0,0,0,0
11/20/2025,2:33:41,0,53,194,301,249,6,205,1,1,0,0,0,0
11/20/2025,2:33:46,0,56,198,304,249,28,203,9,6,0,0,0,0
11/20/2025,2:33:51,0,54,211,304,250,28,204,9,5,0,0,0,0
11/20/2025,2:33:56,0,54,198,301,249,1,205,0,0,0,0,0,0
11/20/2025,2:34:01,0,54,202,304,249,28,205,9,6,0,0,0,0
11/20/2025,2:34:06,0,55,197,299,249,22,205,5,4,0,0,0,0
11/20/2025,2:34:11,0,54,193,301,249,8,203,2,2,0,0,0,0
11/20/2025,2:34:16,0,55,211,303,249,35,203,11,7,0,0,0,0
11/20/2025,2:34:21,0,55,193,302,249,20,204,5,5,0,0,0,0
11/20/2025,2:34:26,0,53,201,300,249,4,205,0,0,0,0,0,0
11/20/2025,2:34:31,0,54,202,303,249,28,204,8,6,0,0,0,0
11/20/2025,2:34:36,0,56,208,304,249,25,205,7,5,0,0,0,0
11/20/2025,2:34:41,0,54,194,301,250,1,204,0,0,0,0,0,0
11/20/2025,2:34:46,0,56,197,304,249,18,204,6,4,0,0,0,0
11/20/2025,2:34:51,0,53,201,303,248,24,204,7,4,0,0,0,0
11/20/2025,2:34:56,0,55,194,301,249,10,205,2,2,0,0,0,0
11/20/2025,2:35:01,0,57,216,304,249,33,204,8,7,0,0,0,0
11/20/2025,2:35:06,0,55,192,301,249,4,204,0,0,0,0,0,0
11/20/2025,2:35:11,0,54,197,304,249,20,204,6,4,0,0,0,0
11/20/2025,2:35:16,0,54,203,303,248,24,204,6,5,0,0,0,0
11/20/2025,2:35:21,0,52,193,301,249,8,205,2,1,0,0,0,0
11/20/2025,2:35:26,0,54,218,301,249,35,204,10,7,0,0,0,0
11/20/2025,2:35:31,0,54,194,302,248,2,204,0,0,0,0,0,0
11/20/2025,2:35:36,0,53,203,305,248,31,203,10,7,0,0,0,0
11/20/2025,2:35:41,0,55,190,302,249,19,204,5,3,0,0,0,-0.0008
11/20/2025,2:35:46,0,51,196,301,249,12,205,2,2,0,0,0,0
11/20/2025,2:35:51,0,50,217,302,250,34,205,10,7,0,0,0,0
11/20/2025,2:35:56,0,52,192,302,249,1,205,0,0,0,0,0,0
11/20/2025,2:36:01,0,54,195,304,249,20,204,6,4,0,0,0,0
11/20/2025,2:36:06,0,52,220,304,250,33,204,10,6,0,0,0,0
11/20/2025,2:36:11,0,52,189,301,249,7,205,1,1,0,0,0,0
11/20/2025,2:36:16,0,54,197,301,249,15,205,4,3,0,0,0,0
11/20/2025,2:36:21,0,55,217,304,249,36,204,11,8,0,0,0,-0.0008
11/20/2025,2:36:26,0,55,191,302,249,20,206,4,3,0,0,0,0
11/20/2025,2:36:31,0,56,196,302,249,5,205,0,0,0,0,0,0
11/20/2025,2:36:36,0,53,199,304,249,16,205,6,4,0,0,0,0
11/20/2025,2:36:41,0,54,217,304,249,36,204,10,7,0,0,0,0
11/20/2025,2:36:46,0,54,207,303,249,27,204,7,5,0,0,0,0
11/20/2025,2:36:51,0,53,192,301,249,6,205,1,0,0,0,0,-0.0008
11/20/2025,2:36:56,0,55,192,302,249,12,205,2,2,0,0,0,0
11/20/2025,2:37:01,0,53,198,304,248,17,204,4,3,0,0,0,0
11/20/2025,2:37:06,0,52,210,304,249,34,205,10,7,0,0,0,0
11/20/2025,2:37:11,0,52,208,305,249,26,204,7,5,0,0,0,0
11/20/2025,2:37:16,0,54,191,302,249,4,204,0,0,0,0,0,0
11/20/2025,2:37:21,0,51,195,302,250,11,205,2,2,0,0,0,0
11/20/2025,2:37:26,0,52,198,305,249,20,205,5,4,0,0,0,0
11/20/2025,2:37:31,0,55,204,304,248,30,204,9,6,0,0,0,0
11/20/2025,2:37:36,0,54,208,305,249,34,205,11,8,0,0,0,0
11/20/2025,2:37:41,0,54,219,303,249,36,205,11,8,0,0,0,0
11/20/2025,2:37:46,0,52,205,304,249,24,206,6,6,0,0,0,0
11/20/2025,2:37:51,0,54,196,302,249,1,205,0,0,0,0,0,0
11/20/2025,2:37:56,0,49,197,303,249,16,204,4,3,0,0,0,0
11/20/2025,2:38:01,0,54,203,305,249,30,204,9,7,0,0,0,0
11/20/2025,2:38:06,0,53,203,305,249,28,204,8,7,0,0,0,0
11/20/2025,2:38:11,0,53,198,302,249,14,204,3,3,0,0,0,0
11/20/2025,2:38:16,0,53,194,301,248,4,204,0,0,0,0,0,0
11/20/2025,2:38:21,0,51,213,303,249,30,205,9,5,0,0,0,0
11/20/2025,2:38:26,0,51,199,305,249,24,203,8,5,0,0,0,0
11/20/2025,2:38:31,0,54,192,303,249,7,204,2,1,0,0,0,-0.0008
11/20/2025,2:38:36,0,52,198,302,249,3,205,0,0,0,0,0,0
11/20/2025,2:38:41,0,51,191,301,249,5,204,0,0,0,0,0,-0.0008
11/20/2025,2:38:46,0,51,188,299,249,10,205,2,1,0,0,0,0
11/20/2025,2:38:51,0,53,193,304,250,20,204,5,3,0,0,0,-0.0008
11/20/2025,2:39:22,0,53,206,304,249,22,205,6,5,0,0,0,0
11/20/2025,2:39:26,0,52,210,306,250,33,205,11,8,0,0,0,0
11/20/2025,2:39:31,0,53,211,307,248,34,204,10,7,0,0,0,0
11/20/2025,2:39:36,0,53,215,306,248,35,204,11,7,0,0,0,0
11/20/2025,2:39:41,0,54,215,306,250,33,204,10,6,0,0,0,0
11/20/2025,2:39:46,0,54,205,305,249,23,204,7,5,0,0,0,0
11/20/2025,2:39:51,0,52,193,303,249,19,205,5,4,0,0,0,0
11/20/2025,2:39:56,0,53,196,302,249,2,205,0,0,0,0,0,0
11/20/2025,2:40:01,0,52,195,304,249,11,205,2,3,0,0,0,0
11/20/2025,2:40:06,0,52,219,306,249,34,205,9,7,0,0,0,0
11/20/2025,2:40:11,0,52,189,303,250,10,204,1,0,0,0,0,-0.0008
11/20/2025,2:40:16,0,55,194,303,249,15,204,4,3,0,0,0,-0.0008
11/20/2025,2:40:21,0,53,212,307,248,35,203,11,8,0,0,0,0
11/20/2025,2:40:26,0,52,201,302,249,23,205,7,4,0,0,0,0
11/20/2025,2:40:31,0,52,192,303,249,3,205,0,0,0,0,0,0
11/20/2025,2:40:36,0,54,193,303,249,3,205,1,1,0,0,0,0
11/20/2025,2:40:41,0,54,200,306,249,24,205,6,5,0,0,0,0
11/20/2025,2:40:46,0,54,216,305,249,34,204,10,7,0,0,0,0
11/20/2025,2:40:51,0,54,192,304,249,18,205,5,3,0,0,0,0
11/20/2025,2:40:56,0,54,197,303,250,1,204,0,0,0,0,0,-0.0008
11/20/2025,2:41:01,0,53,197,304,249,12,204,2,3,0,0,0,0
11/20/2025,2:41:06,0,52,209,305,249,34,205,10,7,0,0,0,0
11/20/2025,2:41:11,0,50,206,305,250,23,203,7,4,0,0,0,0
11/20/2025,2:41:16,0,51,186,304,251,9,204,1,1,0,0,0,0
11/20/2025,2:41:21,0,51,193,302,249,5,204,0,0,0,0,0,0
11/20/2025,2:41:26,0,51,197,304,249,1,204,0,0,0,0,0,0
11/20/2025,2:41:31,0,50,194,303,250,3,204,0,0,0,0,0,-0.0008
11/20/2025,2:41:36,0,52,193,303,249,4,204,0,0,0,0,0,0
11/20/2025,2:41:41,0,54,188,304,249,10,205,2,1,0,0,0,0
11/20/2025,2:41:46,0,51,189,303,249,11,204,2,1,0,0,0,0
11/20/2025,2:41:51,0,54,195,304,250,4,204,0,0,0,0,0,0
11/20/2025,2:41:56,0,51,193,303,248,7,203,2,1,0,0,0,0
11/20/2025,2:42:01,0,55,194,302,249,13,205,2,2,0,0,0,0
11/20/2025,2:42:06,0,54,192,300,247,4,204,0,0,0,0,0,0
11/20/2025,2:42:11,0,53,218,307,251,34,203,10,8,0,0,0,0
11/20/2025,2:42:16,0,55,199,303,249,3,203,0,0,0,0,0,0
11/20/2025,2:42:21,0,54,214,307,250,34,204,10,8,0,0,0,0
11/20/2025,2:42:26,0,54,195,303,249,1,202,0,0,0,0,0,0
11/20/2025,2:42:31,0,54,212,306,249,35,205,10,7,0,0,0,0
11/20/2025,2:42:36,0,56,199,304,249,3,204,0,0,0,0,0,0
11/20/2025,2:42:41,0,54,210,305,248,27,204,8,5,0,0,0,0
11/20/2025,2:42:46,0,53,198,304,249,13,205,3,4,0,0,0,-0.0008
11/20/2025,2:42:51,0,57,189,303,249,17,205,3,3,0,0,0,0
11/20/2025,2:42:56,0,52,201,306,249,25,204,8,6,0,0,0,0
11/20/2025,2:43:01,0,53,190,301,249,8,205,1,0,0,0,0,0
11/20/2025,2:43:06,0,53,207,306,249,33,205,10,7,0,0,0,0
11/20/2025,2:43:11,0,53,195,301,249,2,204,0,0,0,0,0,0
11/20/2025,2:43:16,0,56,218,306,249,31,204,9,6,0,0,0,0
11/20/2025,2:43:21,0,53,192,302,249,9,205,2,2,0,0,0,0
11/20/2025,2:43:26,0,55,198,304,248,21,205,6,4,0,0,0,0
11/20/2025,2:43:31,0,54,199,305,248,20,204,7,5,0,0,0,0
11/20/2025,2:43:36,0,53,191,302,249,6,204,0,0,0,0,0,0
11/20/2025,2:43:41,0,52,211,305,249,33,205,10,8,0,0,0,0
11/20/2025,2:43:46,0,54,200,302,249,4,205,0,0,0,0,0,0
11/20/2025,2:43:51,0,53,208,304,249,22,205,7,5,0,0,0,0
11/20/2025,2:43:56,0,53,203,305,249,24,204,8,6,0,0,0,0
11/20/2025,2:44:01,0,53,199,302,249,3,205,0,0,0,0,0,0
11/20/2025,2:44:06,0,54,203,304,248,23,204,6,5,0,0,0,-0.0008
11/20/2025,2:44:11,0,54,201,303,249,24,205,7,5,0,0,0,0
11/20/2025,2:44:16,0,53,196,301,249,3,205,0,0,0,0,0,0
11/20/2025,2:44:21,0,51,221,304,248,33,204,10,7,0,0,0,0
11/20/2025,2:44:26,0,52,194,302,249,4,205,0,1,0,0,0,0
11/20/2025,2:44:31,0,54,211,302,249,28,205,8,5,0,0,0,0
11/20/2025,2:44:36,0,53,196,300,249,12,205,3,2,0,0,0,0
11/20/2025,2:44:41,0,54,205,301,249,23,205,7,4,0,0,0,-0.0008
11/20/2025,2:44:46,0,55,197,304,251,16,203,5,3,0,0,0,0
11/20/2025,2:44:51,0,57,192,303,249,19,204,5,3,0,0,0,0
11/20/2025,2:44:56,0,52,199,302,249,23,205,8,5,0,0,0,0
11/20/2025,2:45:01,0,52,187,302,249,9,204,1,1,0,0,0,-0.0008
11/20/2025,2:45:06,0,52,204,306,249,31,204,9,7,0,0,0,0
11/20/2025,2:45:11,0,53,193,302,250,4,203,0,0,0,0,0,0
11/20/2025,2:45:16,0,54,204,304,249,26,204,8,6,0,0,0,0
11/20/2025,2:45:21,0,54,201,303,249,22,204,6,4,0,0,0,0
11/20/2025,2:45:26,0,52,195,302,249,6,204,2,1,0,0,0,0
11/20/2025,2:45:31,0,52,213,302,249,34,205,10,7,0,0,0,0
11/20/2025,2:45:36,0,54,192,301,249,6,205,1,0,0,0,0,0
11/20/2025,2:45:41,0,53,204,305,249,30,205,9,6,0,0,0,0
11/20/2025,2:45:46,0,53,190,303,248,10,204,1,1,0,0,0,0
11/20/2025,2:45:51,0,54,200,305,249,23,204,6,4,0,0,0,0
11/20/2025,2:45:56,0,55,197,303,248,22,204,5,3,0,0,0,-0.0008
11/20/2025,2:46:01,0,55,194,302,249,11,205,1,2,0,0,0,0
11/20/2025,2:46:06,0,54,219,304,249,37,204,11,7,0,0,0,-0.0008
11/20/2025,2:46:11,0,54,188,303,249,15,205,3,2,0,0,0,0
11/20/2025,2:46:16,0,54,195,304,252,9,204,2,2,0,0,0,0
11/20/2025,2:46:21,0,52,215,303,249,34,205,10,7,0,0,0,0
11/20/2025,2:46:26,0,53,188,301,249,12,204,2,1,0,0,0,-0.0008
11/20/2025,2:46:31,0,51,196,301,249,16,205,4,3,0,0,0,-0.0008
11/20/2025,2:46:36,0,55,214,304,249,29,204,9,5,0,0,0,0
11/20/2025,2:46:41,0,52,196,302,249,4,203,0,0,0,0,0,0
11/20/2025,2:46:46,0,53,196,303,249,12,204,3,3,0,0,0,0
11/20/2025,2:46:51,0,52,209,304,249,32,205,10,7,0,0,0,0
11/20/2025,2:46:56,0,54,203,303,249,23,203,7,4,0,0,0,0
11/20/2025,2:47:01,0,53,193,303,247,4,203,0,0,0,0,0,0
11/20/2025,2:47:06,0,50,197,303,249,13,204,3,2,0,0,0,-0.0008
11/20/2025,2:47:11,0,53,217,305,249,34,203,10,7,0,0,0,-0.0008
11/20/2025,2:47:16,0,54,188,302,248,12,204,2,2,0,0,0,-0.0008
11/20/2025,2:47:21,0,53,197,303,248,10,204,1,3,0,0,0,0
11/20/2025,2:47:26,0,55,209,306,249,33,204,10,7,0,0,0,0
11/20/2025,2:47:31,0,55,211,305,249,28,205,7,5,0,0,0,0
11/20/2025,2:47:36,0,54,188,301,247,14,203,3,2,0,0,0,0
11/20/2025,2:47:41,0,56,195,302,249,6,205,1,1,0,0,0,0
11/20/2025,2:47:46,0,52,199,303,249,17,203,5,3,0,0,0,0
11/20/2025,2:47:51,0,54,209,305,249,31,203,10,6,0,0,0,0
11/20/2025,2:47:56,0,56,214,306,247,26,204,8,5,0,0,0,0
11/20/2025,2:48:01,0,54,189,302,249,11,203,2,2,0,0,0,-0.0008
11/20/2025,2:48:06,0,54,197,303,249,0,203,0,0,0,0,0,0
11/20/2025,2:48:11,0,56,195,304,250,11,203,3,2,0,0,0,-0.0008
11/20/2025,2:48:16,0,55,200,303,249,24,203,8,5,0,0,0,0
11/20/2025,2:48:21,0,55,220,305,249,34,204,10,7,0,0,0,-0.0008
11/20/2025,2:48:26,0,55,199,304,251,21,205,5,4,0,0,0,-0.0008
11/20/2025,2:48:31,0,54,187,301,249,9,203,1,1,0,0,0,0
11/20/2025,2:48:36,0,55,196,301,249,7,204,0,0,0,0,0,0
11/20/2025,2:48:41,0,53,192,303,249,8,205,1,2,0,0,0,0
11/20/2025,2:48:46,0,53,199,303,249,27,204,7,6,0,0,0,0
11/20/2025,2:48:51,0,46,221,305,248,32,204,9,6,0,0,0,0
11/20/2025,2:48:56,0,54,208,304,248,23,202,7,4,0,0,0,0
11/20/2025,2:49:33,0,54,195,302,249,12,203,4,2,0,0,0,0
11/20/2025,2:49:36,0,52,198,304,250,11,204,2,2,0,0,0,0
11/20/2025,2:49:41,0,55,198,305,249,24,205,7,5,0,0,0,0
11/20/2025,2:49:46,0,56,222,304,249,33,203,10,7,0,0,0,0
11/20/2025,2:49:51,0,58,203,303,249,23,204,7,4,0,0,0,0
11/20/2025,2:49:56,0,55,189,303,249,8,204,1,1,0,0,0,0
11/20/2025,2:50:01,0,58,193,301,249,8,202,2,2,0,0,0,0
11/20/2025,2:50:06,0,56,200,304,249,20,205,5,5,0,0,0,0
11/20/2025,2:50:11,0,55,217,305,249,34,205,10,7,0,0,0,0
11/20/2025,2:50:16,0,55,206,304,248,24,204,6,5,0,0,0,0
11/20/2025,2:50:21,0,53,191,302,249,7,203,0,1,0,0,0,0
11/20/2025,2:50:26,0,52,196,303,248,11,203,2,2,0,0,0,0
11/20/2025,2:50:31,0,54,210,305,249,32,205,10,7,0,0,0,0
11/20/2025,2:50:36,0,52,198,303,249,22,204,6,4,0,0,0,0
11/20/2025,2:50:41,0,53,199,301,249,2,205,0,0,0,0,0,0
11/20/2025,2:50:46,0,52,198,303,249,16,203,6,4,0,0,0,0
11/20/2025,2:50:51,0,50,217,305,249,33,204,10,7,0,0,0,0
11/20/2025,2:50:56,0,54,200,303,249,20,204,5,4,0,0,0,0
11/20/2025,2:51:01,0,53,191,301,249,3,204,0,0,-0.0008,0,0,0
11/20/2025,2:51:06,0,53,195,303,247,11,204,4,2,0,0,0,0
11/20/2025,2:51:11,0,51,204,305,249,30,204,9,6,0,0,0,0
11/20/2025,2:51:16,0,51,217,304,249,30,205,10,6,0,0,0,0
11/20/2025,2:51:21,0,52,194,302,248,19,204,5,3,0,0,0,0
11/20/2025,2:51:26,0,52,193,301,247,2,205,0,0,0,0,0,0
11/20/2025,2:51:31,0,52,193,301,249,6,205,1,0,0,0,0,0
11/20/2025,2:51:36,0,50,196,302,249,14,205,3,3,0,0,0,0
11/20/2025,2:51:41,0,50,200,304,248,22,204,6,5,0,0,0,0
11/20/2025,2:51:46,0,52,214,304,249,33,205,10,7,0,0,0,0
11/20/2025,2:51:51,0,52,209,303,248,24,203,7,5,0,0,0,0
11/20/2025,2:51:56,0,51,189,299,248,10,205,2,2,0,0,0,0
11/20/2025,2:52:01,0,50,200,301,249,3,204,0,0,0,0,0,0
11/20/2025,2:52:06,0,52,196,302,248,14,204,3,3,0,0,0,-0.0008
11/20/2025,2:52:11,0,52,203,303,249,28,204,8,6,0,0,0,0
11/20/2025,2:52:16,0,56,221,304,248,32,204,10,7,0,0,0,-0.0008
11/20/2025,2:52:21,0,49,202,301,249,24,204,6,4,0,0,0,0
11/20/2025,2:52:26,0,50,192,301,249,4,203,0,0,0,0,0,0
11/20/2025,2:52:31,0,52,195,300,249,9,205,2,2,0,0,0,0
11/20/2025,2:52:36,0,52,201,303,249,25,205,8,6,0,0,0,0
11/20/2025,2:52:41,0,54,217,304,249,32,204,10,7,0,0,0,0
11/20/2025,2:52:46,0,51,207,302,249,23,203,7,5,0,0,0,0
11/20/2025,2:52:51,0,54,190,301,248,7,205,1,1,0,0,0,0
11/20/2025,2:52:56,0,52,194,301,249,10,205,2,1,0,0,0,0
11/20/2025,2:53:01,0,52,199,303,249,15,205,4,3,0,0,0,0
11/20/2025,2:53:06,0,53,204,304,249,28,204,9,6,0,0,0,0
11/20/2025,2:53:11,0,54,214,303,249,34,205,11,8,0,0,0,0
11/20/2025,2:53:16,0,50,212,304,249,25,205,7,5,0,0,0,0
11/20/2025,2:53:21,0,53,185,301,248,14,203,4,3,0,0,0,0
11/20/2025,2:53:26,0,53,199,300,249,4,204,0,0,0,0,0,0
11/20/2025,2:53:31,0,53,197,305,247,16,202,6,3,0,0,0,-0.0008
11/20/2025,2:53:36,0,55,209,304,248,32,204,10,7,0,0,0,0
11/20/2025,2:53:41,0,54,212,304,249,27,204,7,6,0,0,0,0
11/20/2025,2:53:46,0,54,188,301,249,13,204,2,3,0,0,0,0
11/20/2025,2:53:51,0,54,196,301,249,1,203,0,0,0,0,0,0
11/20/2025,2:53:56,0,51,197,300,249,11,205,3,2,0,0,0,0
11/20/2025,2:54:01,0,54,200,305,249,26,203,8,5,0,0,0,0
11/20/2025,2:54:06,0,53,220,303,249,34,203,10,7,0,0,0,0
11/20/2025,2:54:11,0,53,200,304,247,20,203,6,4,0,0,0,0
11/20/2025,2:54:16,0,56,192,302,250,6,203,0,0,0,0,0,0
11/20/2025,2:54:21,0,55,197,302,247,2,204,0,0,0,0,0,0
11/20/2025,2:54:26,0,54,193,302,250,9,203,2,1,0,0,0,0
11/20/2025,2:54:31,0,52,195,303,249,15,204,4,3,0,0,0,0
11/20/2025,2:54:36,0,57,197,304,248,19,204,5,3,0,0,0,-0.0008
11/20/2025,2:54:41,0,53,200,305,248,22,204,7,5,0,0,0,0
11/20/2025,2:54:46,0,54,211,305,249,34,204,9,7,0,0,0,-0.0008
11/20/2025,2:54:51,0,54,212,303,249,28,205,9,5,0,0,0,0
11/20/2025,2:54:56,0,54,190,302,248,16,204,4,3,0,0,0,0
11/20/2025,2:55:01,0,55,197,300,249,1,204,0,0,0,0,0,0
11/20/2025,2:55:06,0,54,198,304,249,14,205,4,3,0,0,0,-0.0008
11/20/2025,2:55:11,0,55,201,304,249,26,203,8,6,0,0,0,0
11/20/2025,2:55:16,0,55,207,305,250,30,204,9,6,0,0,0,0
11/20/2025,2:55:21,0,55,213,304,249,33,204,10,7,0,0,0,0
11/20/2025,2:55:26,0,57,209,304,248,27,204,7,5,0,0,0,0
11/20/2025,2:55:31,0,57,186,302,249,12,205,3,2,0,0,0,0
11/20/2025,2:55:36,0,57,200,299,249,5,204,0,0,0,0,0,-0.0008
11/20/2025,2:55:41,0,58,194,303,250,10,203,2,1,0,0,0,0
11/20/2025,2:55:46,0,58,198,304,249,15,203,4,1,0,0,0,0
11/20/2025,2:55:51,0,57,198,305,249,20,205,6,5,0,0,0,-0.0008
11/20/2025,2:55:56,0,57,214,304,249,35,205,10,7,0,0,0,0
11/20/2025,2:56:01,0,56,213,305,249,31,205,8,6,0,0,0,-0.0008
11/20/2025,2:56:06,0,58,203,304,249,22,204,6,5,0,0,0,0
11/20/2025,2:56:11,0,55,191,301,249,10,205,1,1,0,0,0,0
11/20/2025,2:56:16,0,54,193,302,249,9,204,2,1,0,0,0,0
11/20/2025,2:56:21,0,53,198,305,248,14,204,5,3,0,0,0,0
11/20/2025,2:56:26,0,54,205,306,247,27,204,9,6,0,0,0,0
11/20/2025,2:56:31,0,53,218,303,249,35,205,10,7,0,0,0,0
11/20/2025,2:56:36,0,54,213,303,249,27,204,8,5,0,0,0,0
11/20/2025,2:56:41,0,55,190,302,249,20,204,4,4,0,0,0,0
11/20/2025,2:56:46,0,53,195,302,249,4,205,0,0,0,0,0,0
11/20/2025,2:56:51,0,52,199,301,248,5,204,0,0,0,0,0,0
11/20/2025,2:56:56,0,51,194,302,249,12,204,2,2,0,0,0,0
11/20/2025,2:57:01,0,55,199,301,249,19,204,5,4,0,0,0,0
11/20/2025,2:57:06,0,54,206,306,249,34,203,11,7,0,0,0,0
11/20/2025,2:57:11,0,49,216,305,248,31,204,10,6,0,0,0,0
11/20/2025,2:57:16,0,54,206,305,248,21,203,7,5,0,0,0,0
11/20/2025,2:57:21,0,56,200,303,249,24,205,7,4,0,0,0,-0.0008
11/20/2025,2:57:26,0,53,191,303,249,18,204,3,4,0,0,0,0
11/20/2025,2:57:31,0,57,191,302,249,16,204,5,3,0,0,0,0
11/20/2025,2:57:36,0,53,189,302,248,12,204,2,2,0,0,0,0
11/20/2025,2:57:41,0,53,191,303,247,8,204,0,1,0,0,0,0
11/20/2025,2:57:46,0,54,196,301,249,1,205,0,0,0,0,0,0
11/20/2025,2:57:51,0,53,200,301,249,2,205,0,0,0,0,0,0
11/20/2025,2:57:56,0,54,192,302,249,8,203,1,1,0,0,0,0
11/20/2025,2:58:01,0,52,198,303,248,13,204,3,2,0,0,0,0
11/20/2025,2:58:06,0,53,196,302,249,14,205,4,3,0,0,0,-0.0008
11/20/2025,2:58:11,0,53,198,305,249,18,202,5,4,0,0,0,0
11/20/2025,2:58:16,0,53,202,305,249,24,205,8,6,0,0,0,0
11/20/2025,2:58:21,0,53,208,305,249,31,205,10,7,0,0,0,0
11/20/2025,2:58:26,0,53,212,305,249,35,203,11,7,0,0,0,0
11/20/2025,2:58:31,0,51,217,305,249,36,204,9,7,0,0,0,0
11/20/2025,2:58:36,0,50,219,305,249,32,203,10,7,0,0,0,0
11/20/2025,2:58:41,0,53,214,304,248,30,204,10,6,0,0,0,0
11/20/2025,2:58:46,0,52,210,305,248,25,204,7,6,0,0,0,0
11/20/2025,2:58:51,0,53,192,303,249,19,204,5,3,0,0,0,0
11/20/2025,2:58:56,0,52,192,303,247,4,203,0,0,0,0,0,0
11/20/2025,2:59:01,0,54,198,302,249,0,203,0,0,0,0,0,0
11/20/2025,2:59:06,0,56,194,303,249,5,204,0,1,0,0,0,0
11/20/2025,2:59:41,0,52,188,301,249,17,205,5,3,0,0,0,-0.0008
11/20/2025,2:59:45,0,54,203,304,247,23,204,7,4,0,0,0,0
11/20/2025,2:59:50,0,52,190,302,248,6,204,0,0,0,0,0,0
11/20/2025,2:59:55,0,53,198,302,249,1,203,0,0,0,0,0,0
11/20/2025,3:00:00,0,52,193,302,248,9,205,1,2,0,0,0,0
11/20/2025,3:00:05,0,54,201,305,249,25,205,7,5,0,0,0,0
11/20/2025,3:00:10,0,54,213,305,249,35,204,10,7,0,0,0,0
11/20/2025,3:00:15,0,50,208,305,249,23,203,7,5,0,0,0,0
11/20/2025,3:00:20,0,54,187,303,249,9,202,2,1,0,0,0,0
11/20/2025,3:00:25,0,53,199,303,247,1,204,0,0,0,0,0,0
11/20/2025,3:00:30,0,53,193,303,249,10,204,1,2,0,0,0,0
11/20/2025,3:00:35,0,51,198,303,249,21,205,5,4,0,0,0,0
11/20/2025,3:00:40,0,54,218,305,247,35,203,11,8,0,0,0,0
11/20/2025,3:00:45,0,54,203,303,249,23,203,6,4,0,0,0,0
11/20/2025,3:00:50,0,53,185,303,247,15,203,4,2,0,0,0,0
11/20/2025,3:00:55,0,53,189,303,248,11,204,2,1,0,0,0,0
11/20/2025,3:01:00,0,53,191,302,248,8,204,1,1,0,0,0,0
11/20/2025,3:01:05,0,54,195,301,247,5,203,0,0,0,0,0,0
11/20/2025,3:01:10,0,53,192,302,248,7,203,1,0,0,0,0,0
11/20/2025,3:01:15,0,49,201,304,249,20,205,6,4,0,0,0,0
11/20/2025,3:01:20,0,53,215,305,248,34,203,10,7,0,0,0,0
11/20/2025,3:01:25,0,48,205,303,249,22,204,6,5,0,0,0,0
11/20/2025,3:01:30,0,51,194,301,249,3,203,0,0,0,0,0,0
11/20/2025,3:01:35,0,54,194,302,248,7,202,0,0,0,0,0,0
11/20/2025,3:01:40,0,52,198,303,247,14,203,5,3,0,0,0,0
11/20/2025,3:01:45,0,52,209,304,249,32,204,10,7,0,0,0,-0.0008
11/20/2025,3:01:50,0,48,205,304,249,22,205,6,5,0,0,0,0
11/20/2025,3:01:55,0,53,193,301,248,3,204,0,0,0,0,0,0
11/20/2025,3:02:00,0,50,194,302,248,12,204,1,2,0,0,0,-0.0008
11/20/2025,3:02:05,0,53,202,304,250,23,203,8,5,0,0,0,0
11/20/2025,3:02:10,0,53,217,305,249,35,204,10,7,0,0,0,0
11/20/2025,3:02:15,0,53,196,301,249,19,204,5,4,0,0,0,0
11/20/2025,3:02:20,0,52,198,302,249,2,205,0,0,0,0,0,0
11/20/2025,3:02:25,0,54,198,304,249,22,204,6,5,0,0,0,0
11/20/2025,3:02:30,0,46,211,303,249,28,205,8,5,0,0,0,0
11/20/2025,3:02:35,0,53,194,299,249,3,204,0,0,0,0,0,0
11/20/2025,3:02:40,0,54,197,303,248,17,205,5,3,0,0,0,0
11/20/2025,3:02:45,0,46,221,305,248,33,204,10,7,0,0,0,0
11/20/2025,3:02:50,0,54,186,301,248,12,204,2,2,0,0,0,-0.0008
11/20/2025,3:02:55,0,51,193,300,249,7,204,1,1,0,0,0,0
11/20/2025,3:03:00,0,54,199,301,249,24,203,8,5,0,0,0,0
11/20/2025,3:03:05,0,59,220,303,249,35,202,10,7,0,0,0,0
11/20/2025,3:03:10,0,53,202,304,249,25,204,6,4,0,0,0,-0.0008
11/20/2025,3:03:15,0,53,195,299,249,2,204,0,0,0,0,0,-0.0008
11/20/2025,3:03:20,0,53,197,304,249,15,204,4,4,0,0,0,0
11/20/2025,3:03:25,0,57,221,304,251,32,204,9,6,0,0,0,0
11/20/2025,3:03:30,0,54,187,299,249,16,205,3,2,0,0,0,0
11/20/2025,3:03:35,0,51,194,302,249,4,204,1,0,0,0,0,0
11/20/2025,3:03:40,0,53,201,304,248,27,203,8,6,0,0,-0.0008,0
11/20/2025,3:03:45,0,52,207,303,248,24,204,7,5,0,0,0,0
11/20/2025,3:03:50,0,52,197,302,247,2,203,0,0,0,0,0,0
11/20/2025,3:03:55,0,51,199,303,249,21,205,6,4,0,0,0,0
11/20/2025,3:04:00,0,52,221,305,248,34,203,10,7,0,0,0,0
11/20/2025,3:04:05,0,51,187,302,248,18,203,3,2,0,0,0,0
11/20/2025,3:04:10,0,48,195,302,249,4,204,1,0,0,0,0,0
11/20/2025,3:04:15,0,49,201,305,249,29,204,8,6,0,0,0,0
11/20/2025,3:04:20,0,51,214,305,248,29,204,7,6,0,0,0,0
11/20/2025,3:04:25,0,52,192,302,248,8,204,0,0,0,0,0,0
11/20/2025,3:04:30,0,53,199,304,247,16,204,4,4,0,0,0,0
11/20/2025,3:04:35,0,53,213,305,249,28,204,8,6,0,0,0,0
11/20/2025,3:04:40,0,53,198,301,249,4,204,0,0,0,0,0,0
11/20/2025,3:04:45,0,54,214,304,249,37,205,11,8,0,0,0,0
11/20/2025,3:04:50,0,53,192,299,249,6,204,0,0,0,0,0,0
11/20/2025,3:04:55,0,54,196,303,249,15,202,5,4,0,0,0,0
11/20/2025,3:05:00,0,51,217,304,248,34,203,10,6,0,0,0,-0.0008
11/20/2025,3:05:05,0,53,195,301,248,2,203,0,0,0,0,0,0
11/20/2025,3:05:10,0,54,206,305,248,31,204,9,7,0,0,0,0
11/20/2025,3:05:15,0,53,186,300,249,12,204,3,3,0,0,0,0
11/20/2025,3:05:20,0,52,198,303,249,13,205,3,3,0,0,0,0
11/20/2025,3:05:25,0,55,217,305,248,34,204,9,6,0,0,0,0
11/20/2025,3:05:30,0,55,197,300,249,2,204,0,0,0,0,0,0
11/20/2025,3:05:35,0,54,207,303,249,31,203,11,7,0,0,0,0
11/20/2025,3:05:40,0,55,189,302,249,13,205,3,1,0,0,0,0
11/20/2025,3:05:45,0,53,196,303,248,13,204,3,3,0,0,0,0
11/20/2025,3:05:50,0,55,218,304,248,34,204,10,7,0,0,0,-0.0008
11/20/2025,3:05:55,0,55,190,301,249,1,204,0,0,0,0,0,0
11/20/2025,3:06:00,0,54,197,303,249,21,203,7,4,0,0,0,0
11/20/2025,3:06:05,0,54,206,304,247,25,204,8,5,0,0,0,0
11/20/2025,3:06:10,0,54,194,300,249,6,204,0,1,0,0,0,-0.0008
11/20/2025,3:06:15,0,55,214,304,249,37,204,11,8,0,0,0,0
11/20/2025,3:06:20,0,55,189,301,249,9,204,1,1,0,0,0,0
11/20/2025,3:06:25,0,56,197,304,247,20,203,7,5,0,0,0,0
11/20/2025,3:06:30,0,54,205,302,249,24,204,7,5,0,0,0,0
11/20/2025,3:06:35,0,54,196,299,249,7,204,0,1,0,0,0,0
11/20/2025,3:06:40,0,55,210,305,248,35,203,11,7,0,0,0,0
11/20/2025,3:06:45,0,57,190,302,248,10,204,1,1,0,0,0,0
11/20/2025,3:06:50,0,54,198,304,249,17,205,4,4,0,-0.0008,0,0
11/20/2025,3:06:55,0,55,208,304,248,26,204,8,5,0,0,0,0
11/20/2025,3:07:00,0,54,197,302,248,4,205,0,0,0,0,0,0
11/20/2025,3:07:05,0,56,210,305,249,34,202,11,7,0,0,0,0
11/20/2025,3:07:10,0,54,187,302,249,11,203,2,1,0,0,0,0
11/20/2025,3:07:15,0,53,194,304,248,14,204,3,3,0,0,0,0
11/20/2025,3:07:20,0,57,209,306,247,27,203,8,5,0,0,0,-0.0008
11/20/2025,3:07:25,0,57,198,303,248,4,203,0,0,0,0,0,0
11/20/2025,3:07:30,0,54,214,307,249,35,204,11,8,0,0,0,0
11/20/2025,3:07:35,0,53,190,301,249,8,204,0,1,0,0,0,-0.0008
11/20/2025,3:07:40,0,55,196,305,248,18,203,5,3,0,0,0,0
11/20/2025,3:07:45,0,55,213,305,249,29,204,8,5,0,0,0,0
11/20/2025,3:07:50,0,56,196,304,248,0,203,0,0,0,0,0,0
11/20/2025,3:07:55,0,55,203,305,249,27,203,9,6,0,0,0,0
11/20/2025,3:08:00,0,54,199,305,248,21,204,6,4,0,0,0,0
11/20/2025,3:08:05,0,55,196,304,248,11,203,2,2,0,0,0,-0.0008
11/20/2025,3:08:10,0,54,218,306,248,32,203,10,7,0,0,0,0
11/20/2025,3:08:15,0,56,197,304,247,0,204,0,0,0,0,0,0
11/20/2025,3:08:20,0,57,208,307,248,34,204,10,7,0,0,0,0
11/20/2025,3:08:25,0,54,189,304,248,7,204,0,0,0,0,0,0
11/20/2025,3:08:30,0,53,197,306,248,19,205,5,4,0,0,0,0
11/20/2025,3:08:35,0,54,213,305,249,29,204,9,6,0,0,0,0
11/20/2025,3:08:40,0,56,192,303,248,3,205,0,0,0,0,0,0
11/20/2025,3:08:45,0,54,197,305,248,14,204,4,4,0,0,0,0
11/20/2025,3:08:50,0,62,215,306,248,32,203,10,7,0,0,0,0
11/20/2025,3:08:55,0,54,192,303,249,4,205,0,0,0,0,0,0
11/20/2025,3:09:00,0,55,198,302,249,15,205,4,3,0,0,0,0
11/20/2025,3:09:05,0,54,219,306,249,35,204,10,7,0,0,0,0
11/20/2025,3:09:10,0,57,202,305,248,22,204,4,4,0,0,0,0
11/20/2025,3:09:15,0,55,189,302,249,8,204,0,0,0,0,0,0
11/20/2025,3:09:20,0,51,196,302,249,10,205,1,1,0,0,0,0
11/20/2025,3:10:21,0,54,192,302,248,20,204,6,4,0,0,0,0
11/20/2025,3:10:25,0,55,188,303,249,10,204,2,1,0,0,0,0
11/20/2025,3:10:30,0,54,194,303,248,9,203,2,2,0,0,0,0
11/20/2025,3:10:35,0,55,209,303,249,33,204,10,7,0,0,0,0
11/20/2025,3:10:40,0,54,200,304,247,22,204,6,4,0,0,0,0
11/20/2025,3:10:45,0,57,197,302,249,1,204,0,0,0,0,0,0
11/20/2025,3:10:50,0,54,201,302,249,14,205,3,3,0,0,0,0
11/20/2025,3:10:55,0,54,201,306,249,26,204,8,6,0,0,0,0
11/20/2025,3:11:00,0,55,212,305,247,33,203,11,7,0,0,0,0
11/20/2025,3:11:05,0,54,215,305,249,29,204,9,6,0,0,0,0
11/20/2025,3:11:10,0,53,189,302,249,17,203,5,3,0,0,0,0
11/20/2025,3:11:15,0,54,200,304,249,2,203,0,0,0,0,0,0
11/20/2025,3:11:20,0,55,196,303,249,13,203,3,3,0,0,0,0
11/20/2025,3:11:25,0,53,200,305,249,18,205,5,5,0,0,0,0
11/20/2025,3:11:30,0,56,213,306,249,32,204,10,7,0,0,0,0
11/20/2025,3:11:35,0,58,208,305,249,23,204,7,5,0,0,0,0
11/20/2025,3:11:40,0,54,189,302,248,9,204,1,1,0,0,0,0
11/20/2025,3:11:45,0,55,200,303,247,5,203,0,0,0,0,0,0
11/20/2025,3:11:50,0,51,195,304,249,11,204,2,3,0,0,0,-0.0008
11/20/2025,3:11:55,0,58,197,306,250,14,203,4,2,0,0,0,0
11/20/2025,3:12:00,0,53,198,306,247,15,202,6,4,0,0,0,0
11/20/2025,3:12:05,0,54,211,306,248,32,204,9,7,0,0,0,0
11/20/2025,3:12:10,0,53,211,306,249,25,203,8,5,0,0,0,0
11/20/2025,3:12:15,0,52,187,304,248,13,204,2,2,0,0,0,0
11/20/2025,3:12:20,0,55,201,303,249,5,204,0,0,0,0,-0.0008,0
11/20/2025,3:12:25,0,54,197,304,248,16,205,4,3,0,0,0,0
11/20/2025,3:12:30,0,53,208,303,249,33,205,9,6,0,0,0,0
11/20/2025,3:12:35,0,51,212,305,248,31,204,9,5,0,0,0,0
11/20/2025,3:12:40,0,53,185,303,248,16,204,3,3,0,0,0,0
11/20/2025,3:12:45,0,52,197,303,248,1,203,0,0,0,0,0,0
11/20/2025,3:12:50,0,53,194,303,248,8,205,1,2,0,0,0,0
11/20/2025,3:12:55,0,53,197,304,249,15,204,3,3,0,0,0,0
11/20/2025,3:13:00,0,55,197,306,248,18,205,6,5,0,0,0,0
11/20/2025,3:13:05,0,53,216,307,249,34,204,10,8,0,0,0,0
11/20/2025,3:13:10,0,54,193,304,249,19,203,5,4,0,0,0,0
11/20/2025,3:13:15,0,57,198,304,250,4,203,1,0,0,0,0,0
11/20/2025,3:13:20,0,54,199,306,249,23,204,6,4,0,0,0,-0.0008
11/20/2025,3:13:25,0,53,212,306,248,33,204,10,7,0,0,0,-0.0008
11/20/2025,3:13:30,0,54,213,306,249,25,205,8,5,0,0,0,0
11/20/2025,3:13:35,0,54,187,302,249,13,203,3,2,0,0,0,0
11/20/2025,3:13:40,0,52,199,303,248,1,204,0,0,0,0,0,0
11/20/2025,3:13:45,0,52,196,303,248,13,203,3,3,0,0,0,0
11/20/2025,3:13:50,0,54,204,307,249,31,204,10,7,0,0,0,0
11/20/2025,3:13:55,0,54,216,305,247,33,203,9,6,0,0,0,0
11/20/2025,3:14:00,0,54,201,305,249,21,204,6,4,0,0,0,0
11/20/2025,3:14:05,0,55,189,303,248,8,204,1,1,0,0,0,0
11/20/2025,3:14:10,0,57,197,303,248,6,204,0,1,0,0,0,-0.0008
11/20/2025,3:14:15,0,54,197,306,247,14,203,5,3,0,0,0,0
11/20/2025,3:14:20,0,54,207,306,248,32,204,9,7,0,0,0,0
11/20/2025,3:14:25,0,52,222,307,248,33,204,10,7,0,0,0,0
11/20/2025,3:14:30,0,57,196,305,247,21,203,5,4,0,0,0,0
11/20/2025,3:14:35,0,53,199,304,248,0,204,0,0,0,0,0,0
11/20/2025,3:14:40,0,54,197,306,248,19,205,6,4,0,0,0,0
11/20/2025,3:14:45,0,54,219,306,249,34,205,10,7,0,0,0,0
11/20/2025,3:14:50,0,54,194,304,249,18,204,5,3,0,0,0,0
11/20/2025,3:14:55,0,54,196,303,248,0,204,0,0,0,0,0,0
11/20/2025,3:15:00,0,54,195,303,247,11,203,2,2,0,0,0,0
11/20/2025,3:15:05,0,58,198,306,247,16,203,5,3,0,0,0,0
11/20/2025,3:15:10,0,54,206,307,249,33,204,10,7,0,0,0,0
11/20/2025,3:15:15,0,54,213,306,248,30,202,10,6,0,0,0,0
11/20/2025,3:15:20,0,55,190,303,248,18,205,4,3,0,0,0,0
11/20/2025,3:15:25,0,54,200,304,248,2,204,0,0,0,0,0,0
11/20/2025,3:15:30,0,55,195,306,250,14,204,4,3,0,0,0,0
11/20/2025,3:15:35,0,54,203,306,248,29,203,10,6,0,0,0,0
11/20/2025,3:15:40,0,54,218,306,248,35,203,11,7,0,0,0,0
11/20/2025,3:15:45,0,54,203,305,247,20,203,6,5,0,0,0,0
11/20/2025,3:15:50,0,55,196,302,249,2,204,0,0,0,0,0,0
11/20/2025,3:15:55,0,54,195,304,248,9,204,2,2,0,0,0,0
11/20/2025,3:16:00,0,56,206,308,248,32,204,9,7,0,0,0,0
11/20/2025,3:16:05,0,55,200,304,248,23,203,6,4,0,0,0,0
11/20/2025,3:16:10,0,55,192,304,248,7,205,0,0,0,0,0,0
11/20/2025,3:16:15,0,56,217,306,248,35,203,10,7,0,0,0,0
11/20/2025,3:16:20,0,56,193,300,249,4,204,0,0,0,0,0,0
11/20/2025,3:16:25,0,56,203,306,249,26,203,9,6,0,0,0,0
11/20/2025,3:16:30,0,55,193,305,247,19,202,5,3,0,0,0,0
11/20/2025,3:16:35,0,56,193,303,249,6,203,0,1,0,0,0,-0.0008
11/20/2025,3:16:40,0,55,205,304,249,32,204,9,7,0,0,0,0
11/20/2025,3:16:45,0,55,198,305,249,20,205,5,4,0,0,0,0
11/20/2025,3:16:50,0,56,200,303,249,5,204,0,0,0,0,0,0
11/20/2025,3:16:55,0,56,198,304,249,22,205,7,5,0,0,0,0
11/20/2025,3:17:00,0,56,214,303,249,32,204,9,6,0,0,0,0
11/20/2025,3:17:05,0,56,186,303,248,13,204,2,3,0,0,0,0
11/20/2025,3:17:10,0,55,192,303,248,6,205,0,1,0,0,0,0
11/20/2025,3:17:15,0,56,201,307,248,27,203,9,6,0,0,0,0
11/20/2025,3:17:20,0,56,211,306,249,20,205,7,5,0,0,0,0
11/20/2025,3:17:25,0,56,198,304,247,2,204,0,0,0,0,0,-0.0008
11/20/2025,3:17:30,0,56,205,307,249,28,204,9,6,0,0,0,0
11/20/2025,3:17:35,0,51,189,301,249,20,204,4,2,0,0,0,-0.0008
11/20/2025,3:17:40,0,53,194,305,248,13,203,4,3,0,0,0,0
11/20/2025,3:17:45,0,54,204,306,248,25,204,6,5,0,0,0,0
11/20/2025,3:17:50,0,55,198,304,249,3,204,0,1,0,0,0,0
11/20/2025,3:17:55,0,53,203,306,249,25,204,7,5,0,0,0,0
11/20/2025,3:18:00,0,56,218,307,248,29,204,8,6,0,0,0,0
11/20/2025,3:18:05,0,56,189,304,246,13,204,2,0,0,0,0,0
11/20/2025,3:18:10,0,55,193,303,248,6,203,1,1,0,0,0,0
11/20/2025,3:18:15,0,54,197,306,248,20,204,6,4,0,0,0,0
11/20/2025,3:18:20,0,56,214,306,248,36,205,11,8,0,0,0,0
11/20/2025,3:18:25,0,55,197,304,248,20,204,6,4,0,0,0,0
11/20/2025,3:18:30,0,54,199,301,249,3,204,0,0,0,0,0,0
11/20/2025,3:18:35,0,56,197,304,248,17,203,5,4,0,0,0,0
11/20/2025,3:18:40,0,55,217,307,247,34,203,10,7,0,0,0,0
11/20/2025,3:18:45,0,55,196,304,248,20,204,5,4,0,0,0,0
11/20/2025,3:18:50,0,55,196,303,247,2,205,0,0,0,0,0,0
11/20/2025,3:18:55,0,57,197,305,249,13,204,3,3,0,0,0,0
11/20/2025,3:19:00,0,55,212,306,247,35,203,11,7,0,0,0,0
11/20/2025,3:19:05,0,59,200,302,249,23,203,6,4,0,0,0,-0.0008
11/20/2025,3:19:10,0,53,190,300,249,8,204,0,0,0,0,0,0
11/20/2025,3:19:15,0,57,193,302,248,9,204,2,1,0,0,0,0
11/20/2025,3:19:20,0,56,204,305,248,30,203,10,6,0,0,0,0
11/20/2025,3:19:25,0,55,192,303,248,20,204,5,3,0,0,0,0
11/20/2025,3:19:30,0,58,194,304,248,10,204,3,2,0,0,0,0
11/20/2025,3:20:10,0,56,207,305,249,25,205,7,6,0,0,0,0
11/20/2025,3:20:14,0,55,208,307,248,29,204,7,6,0,0,0,0
11/20/2025,3:20:19,0,53,187,303,248,7,204,1,1,0,0,0,0
11/20/2025,3:20:24,0,52,194,303,249,6,205,3,1,0,0,0,0
11/20/2025,3:20:29,0,56,198,305,248,17,204,5,3,0,0,0,0
11/20/2025,3:20:34,0,55,207,306,248,32,204,9,7,0,0,0,0
11/20/2025,3:20:39,0,59,218,305,248,32,203,9,6,0,0,0,0
11/20/2025,3:20:44,0,56,190,302,248,19,203,5,3,0,0,0,0
11/20/2025,3:20:49,0,52,196,302,249,1,204,0,0,0,0,0,0
11/20/2025,3:20:54,0,53,194,303,248,5,204,0,0,0,0,0,0
11/20/2025,3:20:59,0,54,196,303,248,16,203,4,3,0,0,0,0
11/20/2025,3:21:04,0,53,207,305,248,32,204,10,7,0,0,0,0
11/20/2025,3:21:09,0,50,210,302,249,26,204,8,4,0,0,0,0
11/20/2025,3:21:14,0,53,187,303,248,12,204,4,2,0,0,-0.0008,-0.0008
11/20/2025,3:21:19,0,53,198,303,248,0,202,0,0,0,0,0,0
11/20/2025,3:21:24,0,56,198,304,249,12,203,3,3,0,0,0,0
11/20/2025,3:21:29,0,54,207,307,247,30,203,10,6,0,0,0,0
11/20/2025,3:21:34,0,53,216,305,249,36,204,10,7,-0.0008,0,0,0
11/20/2025,3:21:39,0,53,208,305,248,25,204,7,5,0,0,0,0
11/20/2025,3:21:44,0,52,185,303,248,10,204,1,1,0,0,0,0
11/20/2025,3:21:49,0,50,200,303,249,6,203,0,0,0,0,0,0
11/20/2025,3:21:54,0,51,195,303,249,13,204,3,3,0,0,0,0
11/20/2025,3:21:59,0,53,201,306,248,25,203,8,5,0,0,0,0
11/20/2025,3:22:04,0,55,211,306,248,34,203,11,7,0,0,0,-0.0008
11/20/2025,3:22:09,0,50,216,305,248,28,204,10,6,0,0,0,0
11/20/2025,3:22:14,0,55,205,306,248,22,210,7,5,0,0,0,0
11/20/2025,3:22:19,0,55,187,301,248,13,203,2,2,0,0,0,0
11/20/2025,3:22:24,0,54,193,302,248,2,205,0,0,0,0,0,0
11/20/2025,3:22:29,0,54,193,304,246,6,205,1,1,0,0,0,0
11/20/2025,3:22:34,0,54,197,304,249,18,205,4,3,0,0,0,0
11/20/2025,3:22:39,0,52,203,306,248,28,204,9,6,0,0,0,0
11/20/2025,3:22:44,0,54,214,307,249,35,203,11,8,0,0,0,0
11/20/2025,3:22:49,0,52,194,301,248,7,204,1,1,0,0,0,0
11/20/2025,3:22:54,0,52,193,304,249,9,202,2,2,0,0,0,0
11/20/2025,3:22:59,0,54,220,305,248,33,203,11,5,0,0,0,0
11/20/2025,3:23:04,0,54,217,304,248,32,204,10,6,0,0,0,0
11/20/2025,3:23:09,0,54,212,305,248,26,203,8,6,0,0,0,0
11/20/2025,3:23:14,0,56,209,305,247,25,204,7,5,0,0,0,0
11/20/2025,3:23:19,0,56,210,305,249,26,205,7,5,0,0,0,0
11/20/2025,3:23:24,0,55,214,302,249,26,202,10,6,0,0,0,0
11/20/2025,3:23:29,0,52,210,305,248,27,204,8,6,0,0,0,-0.0008
11/20/2025,3:23:34,0,56,211,305,248,27,203,8,6,0,0,0,0
11/20/2025,3:23:39,0,56,213,306,248,26,203,8,5,0,0,0,0
11/20/2025,3:23:44,0,54,210,305,249,24,204,7,5,0,0,0,0
11/20/2025,3:23:49,0,55,196,303,248,20,205,6,4,0,0,0,-0.0008
11/20/2025,3:23:54,0,54,190,302,248,8,204,1,1,0,0,0,0
11/20/2025,3:23:59,0,53,196,300,248,3,204,0,0,0,0,0,0
11/20/2025,3:24:04,0,56,193,303,248,8,202,1,1,0,0,0,0
11/20/2025,3:24:09,0,55,197,305,248,20,203,7,5,0,0,0,0
11/20/2025,3:24:14,0,55,210,304,248,37,203,12,8,0,0,0,0
11/20/2025,3:24:19,0,54,215,304,249,35,204,12,7,0,0,0,0
11/20/2025,3:24:24,0,56,208,305,249,24,204,7,5,0,0,0,0
11/20/2025,3:24:29,0,49,192,302,248,19,204,5,5,0,0,0,-0.0008
11/20/2025,3:24:34,0,53,191,302,248,6,205,0,0,0,0,0,0
11/20/2025,3:24:39,0,54,193,301,248,0,203,0,0,0,0,0,0
11/20/2025,3:24:44,0,52,193,303,248,4,204,1,1,0,0,0,0
11/20/2025,3:24:49,0,51,195,304,248,20,204,5,4,0,0,0,-0.0008
11/20/2025,3:24:54,0,53,211,306,249,37,204,10,8,0,0,0,0
11/20/2025,3:24:59,0,56,207,303,249,30,204,7,5,0,0,0,0
11/20/2025,3:25:04,0,53,186,300,249,13,205,2,2,0,0,0,0
11/20/2025,3:25:09,0,53,195,303,248,0,203,0,0,0,0,0,0
11/20/2025,3:25:14,0,49,194,302,247,3,202,1,1,0,0,0,0
11/20/2025,3:25:19,0,52,196,303,248,20,204,4,3,0,0,0,0
11/20/2025,3:25:24,0,54,210,306,249,37,203,11,8,0,0,0,0
11/20/2025,3:25:29,0,56,207,305,247,25,203,9,5,0,0,0,0
11/20/2025,3:25:34,0,56,185,304,247,13,202,3,1,0,0,0,0
11/20/2025,3:25:39,0,56,198,303,246,1,202,0,0,0,0,0,0
11/20/2025,3:25:44,0,58,195,304,248,13,204,3,3,0,0,0,-0.0008
11/20/2025,3:25:49,0,55,201,303,248,26,205,8,6,0,0,0,0
11/20/2025,3:25:54,0,55,211,303,249,39,205,12,8,0,0,0,0
11/20/2025,3:25:59,0,56,213,305,248,32,203,10,6,0,0,0,0
11/20/2025,3:26:04,0,55,202,302,249,23,203,6,4,0,0,0,0
11/20/2025,3:26:09,0,55,191,303,248,4,204,0,0,0,0,0,0
11/20/2025,3:26:14,0,57,192,302,247,5,203,2,1,0,0,0,-0.0008
11/20/2025,3:26:19,0,58,198,305,248,16,203,6,4,0,0,0,-0.0008
11/20/2025,3:26:24,0,55,211,306,249,36,204,10,8,0,0,0,0
11/20/2025,3:26:29,0,56,210,306,249,27,204,8,5,0,0,0,0
11/20/2025,3:26:34,0,53,186,304,247,16,204,3,3,0,0,0,0
11/20/2025,3:26:39,0,55,196,303,248,1,202,0,0,0,0,0,0
11/20/2025,3:26:44,0,55,198,303,248,8,204,0,1,0,0,0,0
11/20/2025,3:26:49,0,52,196,305,248,17,204,5,3,0,0,0,0
11/20/2025,3:26:54,0,54,211,307,248,35,203,11,8,0,0,0,0
11/20/2025,3:26:59,0,52,210,303,248,28,203,8,5,0,0,0,0
11/20/2025,3:27:04,0,57,189,304,249,15,204,3,3,0,0,0,0
11/20/2025,3:27:09,0,53,194,303,248,2,204,0,0,-0.0008,0,0,0
11/20/2025,3:27:14,0,53,191,303,248,9,203,1,2,0,0,0,0
11/20/2025,3:27:19,0,54,199,309,248,27,203,8,6,0,0,0,0
11/20/2025,3:27:24,0,53,215,307,247,36,203,11,8,0,0,0,0
11/20/2025,3:27:29,0,55,213,307,247,29,204,9,5,0,0,0,-0.0008
11/20/2025,3:27:34,0,53,200,306,249,24,203,6,4,0,0,0,0
11/20/2025,3:27:39,0,52,189,303,248,6,205,0,0,0,0,0,0
11/20/2025,3:27:44,0,53,201,304,248,3,203,0,0,0,0,0,-0.0008
11/20/2025,3:27:49,0,55,196,305,248,13,204,4,2,0,0,0,0
11/20/2025,3:27:54,0,53,209,306,248,32,204,9,7,0,0,0,0
11/20/2025,3:27:59,0,53,212,306,248,27,203,9,6,0,0,0,0
11/20/2025,3:28:04,0,55,193,303,248,20,204,5,4,0,0,0,-0.0008
11/20/2025,3:28:09,0,54,190,303,249,6,203,0,0,0,0,0,0
11/20/2025,3:28:14,0,50,199,304,248,4,203,0,0,0,0,0,0
11/20/2025,3:28:19,0,51,197,304,248,15,204,4,3,0,0,0,0
11/20/2025,3:28:24,0,53,210,306,247,34,203,10,7,0,0,0,0
11/20/2025,3:28:29,0,53,213,307,247,30,202,9,5,0,0,0,0
11/20/2025,3:28:34,0,51,204,305,248,21,202,7,5,0,0,0,0
11/20/2025,3:28:39,0,53,188,303,247,14,203,4,1,0,0,0,0
11/20/2025,3:28:44,0,53,194,303,248,1,205,0,0,0,0,0,0
11/20/2025,3:28:49,0,52,195,303,247,10,204,2,2,0,0,0,0
11/20/2025,3:28:54,0,54,198,302,248,22,204,6,5,0,0,0,0
11/20/2025,3:28:59,0,54,216,305,247,35,203,10,7,0,0,0,-0.0008
11/20/2025,3:29:04,0,52,203,303,248,23,202,6,5,0,0,0,0
11/20/2025,3:29:09,0,54,192,301,248,4,203,0,0,0,0,0,0
11/20/2025,3:29:14,0,54,194,301,249,5,202,1,1,0,0,0,0
11/20/2025,3:29:19,0,48,200,302,249,18,205,5,3,0,0,0,0
11/20/2025,3:29:24,0,53,207,303,248,29,205,9,6,0,0,0,0
11/20/2025,3:29:29,0,52,213,304,248,30,204,8,6,0,0,0,0
11/20/2025,3:29:34,0,54,190,302,248,16,203,5,4,0,0,0,0
11/20/2025,3:30:10,0,54,219,303,248,25,205,8,6,0,0,0,0
11/20/2025,3:30:14,0,52,213,303,248,31,202,9,6,0,0,0,0
11/20/2025,3:30:19,0,53,191,301,248,17,203,5,4,0,0,0,0
11/20/2025,3:30:24,0,54,194,300,248,2,202,0,0,0,0,0,-0.0008
11/20/2025,3:30:29,0,54,190,300,248,7,204,1,1,0,0,0,0
11/20/2025,3:30:34,0,52,196,301,248,18,203,4,3,0,0,0,0
11/20/2025,3:30:39,0,54,200,303,248,25,204,7,5,0,0,0,0
11/20/2025,3:30:44,0,53,211,302,248,35,204,10,7,0,0,0,0
11/20/2025,3:30:49,0,54,216,301,248,31,202,9,6,0,0,0,0
11/20/2025,3:30:54,0,53,197,302,248,20,204,5,4,0,0,0,0
11/20/2025,3:30:59,0,55,190,300,248,8,204,0,1,0,0,0,0
11/20/2025,3:31:04,0,56,200,300,248,4,203,1,0,0,0,0,0
11/20/2025,3:31:09,0,54,198,303,248,18,204,4,3,0,0,0,0
11/20/2025,3:31:14,0,54,206,303,249,30,203,10,7,0,0,0,0
11/20/2025,3:31:19,0,55,215,303,248,34,203,10,7,0,0,0,-0.0008
11/20/2025,3:31:24,0,55,212,303,247,26,202,8,5,0,0,0,0
11/20/2025,3:31:29,0,55,190,300,246,21,204,5,3,0,0,0,0
11/20/2025,3:31:34,0,53,192,301,248,2,203,0,0,0,0,0,0
11/20/2025,3:31:39,0,54,195,298,248,10,205,2,2,0,0,0,0
11/20/2025,3:31:44,0,55,202,301,248,27,202,9,6,0,0,0,0
11/20/2025,3:31:49,0,52,221,303,248,34,202,10,7,0,0,0,0
11/20/2025,3:31:54,0,56,204,302,248,23,203,7,5,0,0,0,0
11/20/2025,3:31:59,0,55,188,301,248,9,203,2,1,0,0,0,0
11/20/2025,3:32:04,0,52,199,301,248,6,204,0,1,0,0,0,-0.0008
11/20/2025,3:32:09,0,52,199,302,248,15,204,4,3,0,0,0,0
11/20/2025,3:32:14,0,55,215,303,248,33,203,10,7,0,0,0,-0.0008
11/20/2025,3:32:19,0,55,208,304,250,24,204,7,5,0,0,0,0
11/20/2025,3:32:24,0,56,188,302,248,13,204,2,1,0,0,0,-0.0008
11/20/2025,3:32:29,0,58,191,298,248,5,204,0,0,0,0,0,0
11/20/2025,3:32:34,0,54,196,301,248,0,204,0,0,0,0,0,-0.0008
11/20/2025,3:32:39,0,56,200,301,248,4,203,0,0,0,0,0,0
11/20/2025,3:32:44,0,57,199,301,248,7,204,0,0,0,0,0,-0.0008
11/20/2025,3:32:49,0,57,211,302,248,33,204,10,7,0,0,0,0
11/20/2025,3:32:54,0,56,196,303,246,11,203,3,2,0,0,0,0
11/20/2025,3:32:59,0,56,200,305,248,26,203,8,6,0,0,0,0
11/20/2025,3:33:04,0,55,218,304,248,29,203,9,7,0,0,0,0
11/20/2025,3:33:09,0,54,201,303,247,22,203,6,4,0,0,0,0
11/20/2025,3:33:14,0,54,184,302,249,17,204,4,3,0,0,0,0
11/20/2025,3:33:19,0,56,194,299,248,4,203,0,0,0,0,0,0
11/20/2025,3:33:24,0,56,195,299,248,7,203,1,1,0,0,0,0
11/20/2025,3:33:29,0,55,196,303,248,16,202,4,3,0,0,0,0
11/20/2025,3:33:34,0,56,205,305,249,28,204,9,7,0,0,0,0
11/20/2025,3:33:39,0,57,221,304,248,33,204,10,7,0,0,0,0
11/20/2025,3:33:44,0,57,209,304,248,24,202,7,5,0,0,0,0
11/20/2025,3:33:49,0,57,188,302,247,11,203,2,2,0,0,0,0
11/20/2025,3:33:54,0,56,197,302,247,6,204,1,1,0,0,0,0
11/20/2025,3:33:59,0,55,197,304,248,19,203,5,3,0,0,0,0
11/20/2025,3:34:04,0,55,201,303,248,26,204,8,6,0,0,0,0
11/20/2025,3:34:09,0,55,216,306,249,32,204,10,7,0,0,0,-0.0008
11/20/2025,3:34:14,0,55,213,305,247,29,203,9,5,0,0,0,0
11/20/2025,3:34:19,0,58,200,305,246,21,203,6,4,0,0,0,0
11/20/2025,3:34:24,0,55,190,303,248,9,204,1,1,0,0,0,0
11/20/2025,3:34:29,0,56,203,303,248,4,203,1,0,0,0,0,-0.0008
11/20/2025,3:34:34,0,57,196,304,246,17,203,4,3,0,0,0,0
11/20/2025,3:34:39,0,57,204,305,248,28,203,9,6,0,0,0,0
11/20/2025,3:34:44,0,55,218,303,248,30,204,9,6,0,0,0,0
11/20/2025,3:34:49,0,56,196,303,248,20,204,5,3,0,0,0,-0.0008
11/20/2025,3:34:54,0,56,194,302,248,5,204,0,0,0,0,0,0
11/20/2025,3:34:59,0,55,198,303,248,3,204,0,0,0,0,0,0
11/20/2025,3:35:04,0,54,193,304,248,8,202,2,2,0,0,0,0
11/20/2025,3:35:09,0,57,198,305,248,19,203,5,4,0,0,0,0
11/20/2025,3:35:14,0,56,207,306,248,31,205,10,7,0,0,0,0
11/20/2025,3:35:19,0,57,215,306,248,30,203,9,7,0,0,0,0
11/20/2025,3:35:24,0,56,198,303,248,25,203,5,4,0,0,0,0
11/20/2025,3:35:29,0,55,190,303,248,3,204,0,0,0,0,0,0
11/20/2025,3:35:34,0,56,193,303,248,9,204,1,1,0,0,0,0
11/20/2025,3:35:39,0,55,198,306,248,23,204,6,5,0,0,0,0
11/20/2025,3:35:44,0,54,215,307,249,34,204,10,8,0,0,0,0
11/20/2025,3:35:49,0,54,209,307,246,24,202,8,4,0,0,0,-0.0008
11/20/2025,3:35:54,0,56,190,303,248,16,203,4,2,0,0,0,0
11/20/2025,3:35:59,0,56,193,303,248,3,204,0,0,0,0,0,0
11/20/2025,3:36:04,0,59,197,304,249,6,204,0,1,0,0,0,0
11/20/2025,3:36:09,0,56,196,305,248,16,203,4,3,0,0,0,0
11/20/2025,3:36:14,0,53,211,303,248,34,205,10,7,0,0,0,0
11/20/2025,3:36:19,0,54,209,304,248,26,203,8,5,0,0,0,0
11/20/2025,3:36:24,0,53,183,304,248,13,204,4,3,0,0,0,0
11/20/2025,3:36:29,0,53,196,301,248,1,203,0,0,0,0,-0.0008,0
11/20/2025,3:36:34,0,56,194,304,248,10,204,2,2,0,0,0,0
11/20/2025,3:36:39,0,53,203,306,248,28,204,9,6,0,0,0,0
11/20/2025,3:36:44,0,56,219,306,247,30,203,10,6,0,0,0,0
11/20/2025,3:36:49,0,54,203,304,248,22,203,6,4,0,0,0,0
11/20/2025,3:36:54,0,54,188,303,248,14,202,4,3,0,0,0,0
11/20/2025,3:36:59,0,55,192,303,247,5,203,0,0,0,0,0,0
11/20/2025,3:37:04,0,52,198,302,248,4,203,0,0,0,0,0,0
11/20/2025,3:37:09,0,56,195,303,248,11,204,2,2,0,0,0,0
11/20/2025,3:37:14,0,53,197,306,248,19,204,6,4,0,0,0,0
11/20/2025,3:37:19,0,56,211,305,248,35,203,11,7,0,0,0,-0.0008
11/20/2025,3:37:24,0,57,213,306,247,28,203,9,5,0,0,0,0
11/20/2025,3:37:29,0,57,190,303,248,20,204,4,3,0,0,0,0
11/20/2025,3:37:34,0,55,196,301,248,1,204,0,0,0,0,0,0
11/20/2025,3:37:39,0,55,192,303,248,8,203,1,2,0,0,0,0
11/20/2025,3:37:44,0,55,199,305,248,21,204,6,4,0,0,0,-0.0008
11/20/2025,3:37:49,0,53,211,305,249,34,204,11,7,0,0,0,0
11/20/2025,3:37:54,0,55,211,305,248,27,204,8,6,0,0,0,0
11/20/2025,3:37:59,0,53,187,302,248,15,203,4,3,0,0,0,0
11/20/2025,3:38:04,0,55,197,302,247,0,203,0,0,-0.0008,0,0,0
11/20/2025,3:38:09,0,55,195,303,248,9,202,3,2,0,0,0,0
11/20/2025,3:38:14,0,55,199,304,247,23,202,7,4,0,0,0,0
11/20/2025,3:38:19,0,55,212,304,247,37,203,11,8,0,0,0,0
11/20/2025,3:38:24,0,56,211,304,248,28,204,8,6,0,0,0,0
11/20/2025,3:38:29,0,56,195,300,249,20,204,5,3,0,0,0,0
11/20/2025,3:38:34,0,54,195,300,248,2,204,0,0,0,0,0,0
11/20/2025,3:38:39,0,56,192,302,248,9,204,1,1,0,0,0,0
11/20/2025,3:38:44,0,55,199,305,248,26,204,8,5,0,0,0,0
11/20/2025,3:38:49,0,53,216,303,248,37,204,11,8,0,0,0,0
11/20/2025,3:38:54,0,55,219,304,248,31,203,10,6,0,0,0,0
11/20/2025,3:38:59,0,54,202,304,248,23,204,7,5,0,0,0,0
11/20/2025,3:39:04,0,52,186,299,248,11,203,3,1,0,0,0,0
11/20/2025,3:39:09,0,54,196,303,250,0,204,0,0,0,0,0,0
11/20/2025,3:39:14,0,56,191,302,247,9,204,1,1,0,0,0,0
11/20/2025,3:39:19,0,53,196,305,248,21,205,6,4,0,0,0,0
11/20/2025,3:39:24,0,54,209,305,247,36,203,11,7,0,0,0,0
11/20/2025,3:39:29,0,57,210,305,247,25,204,8,5,0,0,0,0
11/20/2025,3:39:34,0,54,186,300,248,15,204,3,2,0,0,0,0
11/20/2025,3:39:39,0,55,193,301,247,1,203,0,0,0,0,0,0
11/20/2025,3:39:44,0,55,195,303,249,3,203,0,0,0,0,0,-0.0008
11/20/2025,3:40:21,0,51,208,305,246,25,205,8,5,0,0,0,0
11/20/2025,3:40:23,0,55,194,303,248,17,203,5,4,0,0,0,0
11/20/2025,3:40:28,0,53,188,302,248,5,203,1,0,0,0,0,0
11/20/2025,3:40:33,0,52,199,302,248,5,203,1,1,0,0,0,-0.0008
11/20/2025,3:40:38,0,58,195,304,248,19,204,5,4,0,0,0,0
11/20/2025,3:40:43,0,55,212,304,248,36,203,11,8,0,0,0,0
11/20/2025,3:40:48,0,51,220,302,248,34,204,11,7,0,0,0,0
11/20/2025,3:40:53,0,55,212,304,248,28,203,9,5,0,0,0,0
11/20/2025,3:40:58,0,57,209,304,248,24,204,7,5,0,0,0,-0.0008
11/20/2025,3:41:03,0,57,199,302,249,20,202,6,4,0,0,0,0
11/20/2025,3:41:08,0,56,188,302,245,15,202,4,2,0,0,0,0
11/20/2025,3:41:13,0,56,190,301,248,6,204,0,0,0,0,0,0
11/20/2025,3:41:18,0,55,200,301,248,0,203,0,0,0,0,0,0
11/20/2025,3:41:23,0,58,195,302,248,8,203,1,1,0,0,0,0
11/20/2025,3:41:28,0,54,195,302,248,12,204,2,2,0,0,0,0
11/20/2025,3:41:33,0,51,195,302,248,10,203,2,2,0,0,0,0
11/20/2025,3:41:38,0,55,198,304,248,20,204,6,4,0,0,0,0
11/20/2025,3:41:43,0,54,212,304,248,36,203,11,7,0,0,0,0
11/20/2025,3:41:48,0,54,210,304,248,29,205,9,5,0,0,0,0
11/20/2025,3:41:53,0,55,195,302,248,21,204,5,4,0,0,0,0
11/20/2025,3:41:58,0,52,189,301,248,3,202,1,0,0,0,0,0
11/20/2025,3:42:03,0,50,201,300,248,5,204,1,0,0,0,0,0
11/20/2025,3:42:08,0,53,197,301,248,16,204,4,3,0,0,0,0
11/20/2025,3:42:13,0,54,202,304,246,28,204,8,6,0,0,0,-0.0008
11/20/2025,3:42:18,0,53,220,303,249,34,203,11,7,0,0,0,0
11/20/2025,3:42:23,0,52,201,302,247,22,202,6,4,0,0,0,0
11/20/2025,3:42:28,0,54,193,301,246,2,203,0,0,0,0,0,0
11/20/2025,3:42:33,0,51,192,300,248,8,204,1,1,0,0,0,0
11/20/2025,3:42:38,0,52,197,302,248,20,205,6,4,0,0,0,0
11/20/2025,3:42:43,0,54,207,303,248,33,203,10,7,0,0,0,0
11/20/2025,3:42:48,0,49,218,304,247,30,203,11,7,0,0,0,0
11/20/2025,3:42:53,0,55,201,302,248,24,204,6,4,0,0,0,0
11/20/2025,3:42:58,0,54,189,297,248,8,204,1,1,0,0,0,0
11/20/2025,3:43:03,0,52,197,301,248,6,204,1,0,0,0,0,0
11/20/2025,3:43:08,0,52,205,299,248,39,203,13,8,0,0,0,0
11/20/2025,3:43:13,0,54,210,303,248,33,203,10,7,0,0,0,0
11/20/2025,3:43:18,0,54,219,303,248,31,203,10,7,0,0,0,0
11/20/2025,3:43:23,0,52,209,302,247,25,202,8,5,0,0,0,0
11/20/2025,3:43:28,0,53,187,301,250,12,203,3,1,0,0,0,0
11/20/2025,3:43:33,0,53,198,300,248,0,203,0,0,0,0,0,0
11/20/2025,3:43:38,0,54,196,299,248,11,204,3,3,0,0,0,0
11/20/2025,3:43:43,0,54,204,302,248,29,203,9,6,0,0,0,0
11/20/2025,3:43:48,0,53,218,304,249,31,204,10,7,0,0,0,0
11/20/2025,3:43:53,0,53,206,301,248,23,203,7,5,0,0,0,0
11/20/2025,3:43:58,0,53,187,299,248,11,204,2,2,0,0,0,0
11/20/2025,3:44:03,0,53,197,300,248,1,204,0,0,0,0,0,0
11/20/2025,3:44:08,0,55,192,301,246,7,203,0,1,0,0,0,0
11/20/2025,3:44:13,0,56,196,301,248,15,203,4,3,0,0,0,0
11/20/2025,3:44:18,0,55,199,303,248,27,204,8,6,0,0,0,-0.0008
11/20/2025,3:44:23,0,55,220,301,248,36,204,11,7,0,0,0,0
11/20/2025,3:44:28,0,55,213,304,247,26,203,9,5,0,0,0,-0.0008
11/20/2025,3:44:33,0,59,209,303,248,26,203,8,5,0,0,0,0
11/20/2025,3:44:38,0,55,211,303,247,27,203,8,5,0,0,0,0
11/20/2025,3:44:43,0,58,211,304,248,26,204,8,5,0,0,0,0
11/20/2025,3:44:48,0,55,212,303,248,27,204,7,6,0,0,0,0
11/20/2025,3:44:53,0,54,206,302,248,23,203,7,4,0,0,0,0
11/20/2025,3:44:58,0,53,191,301,248,24,204,4,4,0,0,0,0
11/20/2025,3:45:03,0,52,187,299,248,11,204,2,2,0,0,0,0
11/20/2025,3:45:08,0,54,191,301,249,4,203,1,0,0,0,0,0
11/20/2025,3:45:13,0,57,198,300,248,3,202,0,0,0,0,0,0
11/20/2025,3:45:18,0,56,191,300,248,6,202,0,1,0,0,0,0
11/20/2025,3:45:23,0,55,194,301,247,9,203,1,1,0,0,0,0
11/20/2025,3:45:28,0,54,195,301,248,13,204,2,2,0,0,0,0
11/20/2025,3:45:33,0,55,196,301,248,12,204,2,3,0,0,0,0
11/20/2025,3:45:38,0,56,199,302,248,16,203,5,4,0,0,0,0
11/20/2025,3:45:43,0,54,202,301,248,27,204,8,6,0,0,0,0
11/20/2025,3:45:48,0,55,212,303,247,34,203,10,7,0,0,0,0
11/20/2025,3:45:53,0,56,216,303,248,31,203,9,6,0,0,0,-0.0008
11/20/2025,3:45:58,0,54,200,302,247,22,203,6,4,0,0,0,0
11/20/2025,3:46:03,0,54,189,302,249,19,204,4,3,0,0,0,0
11/20/2025,3:46:08,0,55,189,301,247,8,202,2,1,0,0,0,0
11/20/2025,3:46:13,0,53,192,300,248,1,203,0,0,0,0,0,0
11/20/2025,3:46:18,0,55,198,300,248,5,203,1,0,0,0,0,0
11/20/2025,3:46:23,0,51,195,302,248,19,204,4,4,0,0,0,0
11/20/2025,3:46:28,0,54,214,301,248,36,204,11,8,0,0,0,0
11/20/2025,3:46:33,0,54,206,302,247,23,204,7,4,0,0,0,0
11/20/2025,3:46:38,0,54,189,300,248,9,204,1,1,0,0,0,0
11/20/2025,3:46:43,0,56,198,301,247,2,204,0,0,0,0,0,-0.0008
11/20/2025,3:46:48,0,54,197,301,248,13,203,3,3,0,0,0,-0.0008
11/20/2025,3:46:53,0,53,198,301,248,23,204,6,4,0,0,0,0
11/20/2025,3:46:58,0,55,204,304,248,29,203,9,7,0,0,0,0
11/20/2025,3:47:03,0,54,217,301,248,36,204,10,7,0,0,0,0
11/20/2025,3:47:08,0,55,208,303,247,26,203,7,5,0,0,0,0
11/20/2025,3:47:13,0,55,190,302,249,16,204,4,3,0,0,0,0
11/20/2025,3:47:18,0,54,195,299,248,0,204,0,0,0,0,0,0
11/20/2025,3:47:23,0,55,195,301,249,12,202,3,2,0,0,0,0
11/20/2025,3:47:28,0,55,201,303,248,25,203,8,5,0,0,0,0
11/20/2025,3:47:33,0,54,208,301,248,32,202,10,7,0,0,0,0
11/20/2025,3:47:38,0,54,214,303,248,35,203,10,7,0,0,0,0
11/20/2025,3:47:43,0,53,211,303,248,29,203,8,6,0,0,0,0
11/20/2025,3:47:48,0,55,198,303,248,19,204,5,4,0,0,0,0
11/20/2025,3:47:53,0,55,189,300,248,13,204,2,2,0,0,0,0
11/20/2025,3:47:58,0,54,191,300,248,4,204,0,0,0,0,0,0
11/20/2025,3:48:03,0,55,198,301,248,1,204,0,0,0,0,0,0
11/20/2025,3:48:08,0,54,195,301,248,10,203,3,2,0,0,0,0
11/20/2025,3:48:13,0,54,198,304,248,20,204,7,5,0,0,0,0
11/20/2025,3:48:18,0,54,212,304,246,34,204,10,7,0,0,0,0
11/20/2025,3:48:23,0,54,213,303,248,26,204,8,6,0,0,0,-0.0008
11/20/2025,3:48:28,0,56,198,303,249,19,203,7,3,0,0,0,0
11/20/2025,3:48:33,0,52,190,301,248,7,203,0,0,0,0,0,0
11/20/2025,3:48:38,0,53,200,301,248,5,204,0,0,0,0,0,0
11/20/2025,3:48:43,0,55,196,302,246,15,203,5,3,0,0,0,0
11/20/2025,3:48:48,0,54,207,303,247,31,203,10,7,0,0,0,0
11/20/2025,3:48:53,0,58,219,304,248,30,203,9,6,0,0,0,0
11/20/2025,3:48:58,0,50,196,301,247,20,203,5,4,0,0,0,0
11/20/2025,3:49:03,0,53,193,301,248,3,203,0,0,0,0,0,0
11/20/2025,3:49:08,0,53,195,301,247,11,202,2,2,0,0,0,0
11/20/2025,3:49:13,0,55,198,303,247,22,203,6,5,0,0,0,0
11/20/2025,3:49:18,0,53,204,301,248,29,205,9,6,0,0,0,0
11/20/2025,3:49:23,0,55,212,304,249,32,204,10,8,0,0,0,-0.0008
11/20/2025,3:49:28,0,51,213,302,248,30,204,8,5,0,0,0,0
11/20/2025,3:49:33,0,51,199,302,247,19,203,5,2,0,0,0,0
11/20/2025,3:49:38,0,54,191,300,248,3,204,0,0,0,0,0,0
11/20/2025,3:49:43,0,53,196,297,248,9,204,2,2,0,0,0,0
11/20/2025,3:49:48,0,54,199,303,248,24,205,7,5,0,0,0,0
11/20/2025,3:49:53,0,54,210,303,248,33,204,10,7,0,0,0,0
11/20/2025,3:49:58,0,54,220,303,249,33,203,10,7,0,0,0,0
11/20/2025,3:50:29,0,52,204,301,248,24,203,6,5,0,0,0,0
11/20/2025,3:50:33,0,52,197,302,248,16,204,4,4,0,0,0,0
11/20/2025,3:50:38,0,54,207,300,248,30,204,9,7,0,0,0,0
11/20/2025,3:50:43,0,54,218,302,246,32,204,10,7,0,0,0,0
11/20/2025,3:50:48,0,51,209,302,246,23,202,8,5,0,0,0,0
11/20/2025,3:50:53,0,52,188,298,248,10,203,1,1,0,0,0,-0.0008
11/20/2025,3:50:58,0,54,196,299,247,9,204,1,1,0,0,0,0
11/20/2025,3:51:03,0,56,197,299,247,15,203,4,3,0,0,0,0
11/20/2025,3:51:08,0,53,198,301,247,19,203,6,5,-0.0008,0,0,0
11/20/2025,3:51:13,0,53,207,301,248,30,204,9,7,0,0,0,0
11/20/2025,3:51:18,0,53,218,301,248,29,202,9,6,0,0,0,0
11/20/2025,3:51:23,0,53,192,298,248,20,204,5,3,0,0,0,0
11/20/2025,3:51:28,0,53,197,298,248,0,204,0,0,0,0,0,0
11/20/2025,3:51:33,0,53,196,300,246,13,204,3,2,0,0,0,-0.0008
11/20/2025,3:51:38,0,57,199,300,246,15,203,5,3,0,0,0,0
11/20/2025,3:51:43,0,55,195,301,248,19,203,5,4,0,0,0,0
11/20/2025,3:51:48,0,54,199,301,248,24,204,7,5,0,0,0,0
11/20/2025,3:51:53,0,53,204,300,248,27,203,9,6,0,0,0,-0.0008
11/20/2025,3:51:58,0,53,204,300,248,28,204,9,6,0,0,0,0
11/20/2025,3:52:03,0,54,207,301,247,31,203,10,6,0,0,0,0
11/20/2025,3:52:08,0,55,219,301,248,31,204,9,7,0,0,0,0
11/20/2025,3:52:13,0,57,204,299,248,23,204,6,5,0,0,0,0
11/20/2025,3:52:18,0,55,191,297,248,5,204,0,0,0,0,0,0
11/20/2025,3:52:23,0,52,196,298,248,4,204,0,0,0,0,0,0
11/20/2025,3:52:28,0,54,194,297,248,11,202,2,2,0,0,0,0
11/20/2025,3:52:33,0,52,198,300,248,18,202,7,4,0,0,0,0
11/20/2025,3:52:38,0,54,217,301,248,33,204,10,7,0,0,0,0
11/20/2025,3:52:43,0,54,204,298,248,21,204,6,5,0,0,0,0
11/20/2025,3:52:48,0,53,186,297,247,17,203,3,3,0,0,0,0
11/20/2025,3:52:53,0,51,191,298,248,6,204,0,1,0,0,0,0
11/20/2025,3:52:58,0,51,192,298,248,6,203,0,0,0,0,0,0
11/20/2025,3:53:03,0,52,195,298,248,2,204,0,0,0,0,0,0
11/20/2025,3:53:08,0,51,198,297,248,2,203,0,0,0,0,0,0
11/20/2025,3:53:13,0,51,215,301,248,33,204,10,7,0,0,0,0
11/20/2025,3:53:18,0,49,194,297,248,16,203,5,3,0,0,0,-0.0008
11/20/2025,3:53:23,0,51,202,301,248,27,204,9,6,0,0,0,0
11/20/2025,3:53:28,0,50,216,301,248,34,204,10,7,0,0,0,0
11/20/2025,3:53:33,0,52,204,300,247,22,203,8,4,0,0,0,0
11/20/2025,3:53:38,0,53,186,298,247,12,204,1,1,0,0,0,0
11/20/2025,3:53:43,0,52,195,295,248,6,204,0,0,0,0,0,0
11/20/2025,3:53:48,0,53,192,296,248,9,203,1,1,0,0,0,0
11/20/2025,3:53:53,0,50,197,300,248,17,204,5,4,0,0,0,0
11/20/2025,3:53:58,0,53,205,300,248,29,203,9,7,0,0,0,0
11/20/2025,3:54:03,0,51,211,300,247,27,204,8,5,0,0,0,0
11/20/2025,3:54:08,0,53,191,298,246,3,203,0,0,0,0,0,0
11/20/2025,3:54:13,0,53,196,300,246,14,202,5,3,0,0,0,0
11/20/2025,3:54:18,0,53,209,301,248,33,204,10,7,0,0,0,0
11/20/2025,3:54:23,0,51,220,299,248,32,204,10,7,0,0,0,0
11/20/2025,3:54:28,0,55,211,301,247,27,204,7,5,0,0,0,0
11/20/2025,3:54:33,0,56,191,299,248,18,204,5,3,0,0,0,0
11/20/2025,3:54:38,0,51,194,297,248,1,202,0,0,0,0,0,0
11/20/2025,3:54:43,0,53,194,298,246,8,205,2,2,0,0,0,0
11/20/2025,3:54:48,0,55,199,300,248,16,204,4,4,0,0,0,0
11/20/2025,3:54:53,0,54,197,299,248,20,204,6,4,0,0,0,0
11/20/2025,3:54:58,0,53,200,301,248,23,204,8,6,0,0,0,0
11/20/2025,3:55:03,0,55,204,301,248,28,204,8,6,0,0,0,0
11/20/2025,3:55:08,0,53,208,301,248,32,204,9,7,0,0,0,0
11/20/2025,3:55:13,0,59,219,300,248,28,204,9,6,0,0,0,0
11/20/2025,3:55:18,0,55,202,301,249,23,204,6,5,0,0,0,0
11/20/2025,3:55:23,0,58,195,298,248,20,204,5,3,0,0,0,0
11/20/2025,3:55:28,0,53,191,299,249,18,204,5,3,0,0,0,0
11/20/2025,3:55:33,0,55,190,298,247,10,203,2,1,0,0,0,0
11/20/2025,3:55:38,0,53,197,298,248,2,203,0,0,0,0,0,0
11/20/2025,3:55:43,0,53,193,298,248,10,203,2,2,0,0,0,0
11/20/2025,3:55:48,0,55,195,299,247,14,204,3,2,0,0,0,0
11/20/2025,3:55:53,0,54,198,302,246,18,204,5,4,0,0,0,0
11/20/2025,3:55:58,0,55,204,301,247,30,204,8,6,0,0,0,0
11/20/2025,3:56:03,0,56,212,301,248,33,202,10,7,0,0,0,0
11/20/2025,3:56:08,0,55,206,300,248,28,203,9,6,0,0,0,0
11/20/2025,3:56:13,0,53,195,300,247,14,201,4,3,0,0,0,0
11/20/2025,3:56:18,0,56,190,298,248,8,204,2,1,0,0,0,0
11/20/2025,3:56:23,0,58,196,298,247,5,204,0,0,0,0,0,0
11/20/2025,3:56:28,0,55,194,300,246,12,203,3,2,0,0,0,0
11/20/2025,3:56:33,0,56,201,302,249,25,203,8,5,0,0,0,0
11/20/2025,3:56:38,0,58,216,302,248,30,204,8,6,0,0,0,0
11/20/2025,3:56:43,0,57,196,301,246,22,202,6,3,0,0,0,0
11/20/2025,3:56:48,0,56,187,299,247,11,203,2,2,0,0,0,0
11/20/2025,3:56:53,0,55,190,299,248,4,204,0,0,0,0,0,-0.0008
11/20/2025,3:56:58,0,57,195,300,246,1,203,0,0,0,0,0,0
11/20/2025,3:57:03,0,57,197,299,248,5,204,0,0,0,0,0,0
11/20/2025,3:57:08,0,56,197,300,247,18,203,5,3,0,0,0,0
11/20/2025,3:57:13,0,57,214,303,247,34,204,10,7,0,0,0,0
11/20/2025,3:57:18,0,57,205,302,246,22,202,7,4,0,0,0,0
11/20/2025,3:57:23,0,56,189,301,248,11,203,2,1,0,0,0,0
11/20/2025,3:57:28,0,55,195,299,247,1,204,0,0,0,0,0,0
11/20/2025,3:57:33,0,57,196,301,246,12,203,2,2,0,0,0,0
11/20/2025,3:57:38,0,56,200,303,248,24,202,8,5,0,0,0,0
11/20/2025,3:57:43,0,57,220,302,247,34,204,10,7,0,0,0,0
11/20/2025,3:57:48,0,59,202,298,247,22,203,6,3,0,0,0,0
11/20/2025,3:57:53,0,56,188,299,247,8,203,2,1,0,0,0,-0.0008
11/20/2025,3:57:58,0,55,199,300,247,2,203,0,0,0,0,0,0
11/20/2025,3:58:03,0,56,196,301,248,14,204,3,3,0,0,0,0
11/20/2025,3:58:08,0,55,204,302,248,26,204,7,5,0,0,0,0
11/20/2025,3:58:13,0,58,220,302,248,34,203,10,7,0,0,0,-0.0008
11/20/2025,3:58:18,0,56,192,300,248,18,204,5,3,0,0,0,0
11/20/2025,3:58:23,0,56,191,300,248,4,203,0,0,0,0,0,0
11/20/2025,3:58:28,0,55,196,300,248,0,203,0,0,0,0,0,0
11/20/2025,3:58:33,0,56,195,300,248,16,202,4,3,0,0,0,0
11/20/2025,3:58:38,0,56,201,303,248,28,204,8,6,0,0,0,0
11/20/2025,3:58:43,0,58,218,302,248,33,203,10,7,0,0,0,0
11/20/2025,3:58:48,0,56,208,300,248,22,203,7,5,0,0,0,0
11/20/2025,3:58:53,0,50,188,300,247,19,203,4,3,0,0,0,-0.0008
11/20/2025,3:58:58,0,56,192,300,247,4,204,0,0,0,0,0,0
11/20/2025,3:59:03,0,54,192,298,248,10,204,0,3,0,0,0,0
11/20/2025,3:59:08,0,54,198,304,249,18,204,4,3,0,0,0,0
11/20/2025,3:59:13,0,54,206,304,248,32,204,10,7,0,0,0,0
11/20/2025,3:59:18,0,55,217,302,248,35,204,10,7,0,0,0,0
11/20/2025,3:59:23,0,53,209,303,248,27,202,7,5,0,0,0,0
11/20/2025,3:59:28,0,54,202,303,247,23,203,6,4,0,0,0,0
11/20/2025,3:59:33,0,50,201,304,249,21,203,8,4,0,0,0,0
11/20/2025,3:59:38,0,52,201,303,248,20,203,6,5,0,0,0,0
11/20/2025,3:59:43,0,53,188,302,248,18,204,4,3,0,0,0,0
11/20/2025,3:59:48,0,54,192,301,247,3,203,0,0,0,0,0,0
11/20/2025,3:59:53,0,57,193,301,247,13,203,2,2,0,0,0,0
11/20/2025,3:59:58,0,64,197,302,248,22,204,7,4,0,0,0,-0.0008
11/20/2025,4:00:03,0,68,202,304,248,27,204,8,6,0,0,0,0
11/20/2025,4:00:08,0,65,201,305,248,28,203,8,6,0,0,0,0
11/20/2025,4:00:58,0,56,191,302,247,14,202,5,2,0,0,0,0
11/20/2025,4:01:02,0,54,196,303,248,0,203,0,0,0,0,0,0
11/20/2025,4:01:07,0,54,192,303,247,3,203,0,0,0,0,0,0
11/20/2025,4:01:12,0,53,187,302,248,12,204,2,2,0,0,0,0
11/20/2025,4:01:17,0,58,192,305,248,19,205,4,3,0,0,0,0
11/20/2025,4:01:22,0,52,184,303,247,16,203,4,3,0,0,0,0
11/20/2025,4:01:27,0,53,191,303,248,7,203,0,0,0,0,0,0
11/20/2025,4:01:32,0,53,188,304,248,7,203,1,1,0,0,0,0
11/20/2025,4:01:37,0,54,190,301,248,12,204,2,1,0,0,0,0
11/20/2025,4:01:42,0,53,187,304,248,8,202,1,1,0,0,0,0
11/20/2025,4:01:47,0,52,193,303,247,3,202,0,0,0,0,0,0
11/20/2025,4:01:52,0,52,193,302,248,11,204,2,2,0,0,0,0
11/20/2025,4:01:57,0,51,201,304,248,26,204,8,6,0,0,0,0
11/20/2025,4:02:02,0,52,210,307,247,33,203,10,7,0,0,0,0
11/20/2025,4:02:07,0,52,221,307,249,32,203,10,7,0,0,0,0
11/20/2025,4:02:12,0,50,216,307,247,28,204,10,6,0,0,0,0
11/20/2025,4:02:17,0,51,219,304,248,30,204,9,6,0,0,0,0
11/20/2025,4:02:22,0,49,220,307,248,31,204,10,7,0,0,0,0
11/20/2025,4:02:27,0,52,214,307,246,35,202,11,7,0,0,0,0
11/20/2025,4:02:32,0,51,207,308,248,32,203,10,7,0,0,0,0
11/20/2025,4:02:37,0,50,200,307,247,24,202,8,5,0,0,0,0
11/20/2025,4:02:42,0,50,197,306,248,20,205,5,4,0,0,0,0
11/20/2025,4:02:47,0,51,199,306,248,23,203,7,5,0,0,0,0
11/20/2025,4:02:52,0,52,202,304,248,28,204,8,6,0,0,0,0
11/20/2025,4:02:57,0,54,203,307,247,27,203,8,6,0,0,0,0
11/20/2025,4:03:02,0,54,203,307,248,28,202,9,6,0,0,0,0
11/20/2025,4:03:07,0,53,214,306,248,33,204,10,7,0,0,0,0
11/20/2025,4:03:12,0,55,209,307,246,25,202,8,4,0,0,0,0
11/20/2025,4:03:17,0,54,190,304,247,7,204,0,1,0,0,0,-0.0008
11/20/2025,4:03:22,0,54,209,308,247,26,202,9,5,0,0,0,0
11/20/2025,4:03:27,0,52,197,305,248,14,203,5,3,0,0,0,-0.0008
11/20/2025,4:03:32,0,54,205,308,246,31,202,10,7,0,0,0,0
11/20/2025,4:03:37,0,54,213,306,247,35,203,11,7,0,0,0,0
11/20/2025,4:03:42,0,55,222,306,248,31,203,10,7,0,0,0,0
11/20/2025,4:03:47,0,54,215,307,247,27,204,8,6,0,0,0,0
11/20/2025,4:03:52,0,53,217,306,247,34,203,10,7,0,0,0,0
11/20/2025,4:03:57,0,54,207,305,248,32,204,10,7,0,0,0,0
11/20/2025,4:04:02,0,54,205,306,248,28,204,9,6,0,0,0,0
11/20/2025,4:04:07,0,54,211,307,248,34,203,11,7,0,0,0,-0.0008
11/20/2025,4:04:12,0,54,216,307,248,29,204,9,6,0,0,0,0
11/20/2025,4:04:17,0,57,203,305,247,22,203,6,4,0,0,0,0
11/20/2025,4:04:22,0,54,187,304,246,11,204,1,2,0,0,0,0
11/20/2025,4:04:27,0,53,196,303,248,5,204,0,0,0,0,0,0
11/20/2025,4:04:32,0,54,198,303,249,3,202,0,0,0,0,0,0
11/20/2025,4:04:37,0,54,193,305,245,9,203,2,2,0,0,0,0
11/20/2025,4:04:42,0,53,194,305,248,13,204,3,3,0,0,0,0
11/20/2025,4:04:47,0,52,197,305,248,18,203,5,4,0,0,0,0
11/20/2025,4:04:52,0,53,206,306,247,30,204,9,7,0,0,0,0
11/20/2025,4:04:57,0,53,218,307,247,34,204,9,7,0,0,0,0
11/20/2025,4:05:02,0,54,215,307,247,31,202,10,6,0,0,0,0
11/20/2025,4:05:07,0,55,204,305,248,23,204,6,5,0,0,0,0
11/20/2025,4:05:12,0,52,188,304,247,9,202,1,1,0,0,0,0
11/20/2025,4:05:17,0,46,194,304,248,10,204,1,2,0,0,0,0
11/20/2025,4:05:22,0,49,198,306,248,19,204,5,4,0,0,0,0
11/20/2025,4:05:27,0,52,212,306,247,35,204,11,8,0,0,0,0
11/20/2025,4:05:32,0,53,201,305,247,24,204,6,6,0,0,0,0
11/20/2025,4:05:37,0,50,184,304,249,13,204,2,3,0,0,0,0
11/20/2025,4:05:42,0,53,192,303,248,1,203,0,0,0,0,0,-0.0008
11/20/2025,4:05:47,0,51,196,305,248,12,203,3,2,0,0,0,0
11/20/2025,4:05:52,0,52,212,305,247,38,203,11,7,0,0,0,0
11/20/2025,4:05:57,0,55,200,303,252,21,204,6,4,0,0,0,0
11/20/2025,4:06:02,0,53,192,303,247,4,204,0,0,0,0,0,0
11/20/2025,4:06:07,0,49,199,300,248,2,203,0,0,0,0,0,0
11/20/2025,4:06:12,0,53,195,305,248,9,202,3,2,0,0,0,0
11/20/2025,4:06:17,0,53,198,305,247,18,203,6,4,0,0,0,0
11/20/2025,4:06:22,0,54,207,307,247,33,203,10,8,0,0,0,0
11/20/2025,4:06:27,0,52,202,303,248,23,203,7,5,0,0,0,0
11/20/2025,4:06:32,0,52,193,302,247,1,203,0,0,0,0,0,0
11/20/2025,4:06:37,0,54,194,303,248,3,202,1,0,-0.0008,0,0,0
11/20/2025,4:06:42,0,50,195,304,246,12,204,3,3,0,0,0,0
11/20/2025,4:06:47,0,53,203,305,247,26,203,9,6,0,0,0,0
11/20/2025,4:06:52,0,54,218,305,248,35,203,11,8,-0.0008,0,0,-0.0008
11/20/2025,4:06:57,0,52,210,305,248,26,204,9,5,0,0,0,0
11/20/2025,4:07:02,0,55,194,304,250,19,202,6,3,0,0,0,0
11/20/2025,4:07:07,0,52,187,303,248,12,202,3,2,0,0,0,-0.0008
11/20/2025,4:07:12,0,55,191,303,246,2,202,0,0,0,0,0,0
11/20/2025,4:07:17,0,54,192,303,247,6,202,1,1,0,0,0,0
11/20/2025,4:07:22,0,54,198,305,248,16,204,5,4,0,0,0,0
11/20/2025,4:07:27,0,55,212,307,248,34,204,11,8,0,0,0,0
11/20/2025,4:07:32,0,54,208,304,248,24,204,7,5,0,0,0,0
11/20/2025,4:07:37,0,53,190,303,247,17,204,5,3,0,0,0,0
11/20/2025,4:07:42,0,55,191,303,246,5,203,0,0,0,0,0,0
11/20/2025,4:07:47,0,55,197,303,246,1,202,0,0,0,0,0,-0.0008
11/20/2025,4:07:52,0,50,197,303,247,6,203,1,0,0,0,0,-0.0008
11/20/2025,4:07:57,0,56,195,304,246,12,202,3,2,0,0,0,0
11/20/2025,4:08:02,0,58,199,306,245,17,202,6,4,0,0,0,0
11/20/2025,4:08:07,0,55,211,304,247,34,203,10,7,0,0,0,0
11/20/2025,4:08:12,0,60,216,306,247,27,203,9,6,0,0,0,0
11/20/2025,4:08:17,0,55,192,304,247,18,203,5,3,0,0,0,-0.0008
11/20/2025,4:08:22,0,56,197,303,247,0,204,0,0,0,0,0,0
11/20/2025,4:08:27,0,54,193,303,248,10,203,1,3,0,0,0,0
11/20/2025,4:08:32,0,56,202,305,248,30,203,9,6,0,0,0,0
11/20/2025,4:08:37,0,56,217,305,247,31,203,9,6,0,0,0,0
11/20/2025,4:08:42,0,57,202,305,247,20,204,5,4,0,0,0,0
11/20/2025,4:08:47,0,56,187,302,247,12,201,2,2,0,0,0,0
11/20/2025,4:08:52,0,55,198,302,248,0,203,0,0,0,0,0,0
11/20/2025,4:08:57,0,56,195,304,249,8,203,2,2,0,0,0,0
11/20/2025,4:09:02,0,55,202,306,248,28,203,9,6,0,0,0,0
11/20/2025,4:09:07,0,57,217,306,247,33,204,9,6,0,0,0,0
11/20/2025,4:09:12,0,52,208,304,247,23,202,7,6,0,0,0,0
11/20/2025,4:09:17,0,56,195,304,248,17,203,4,3,0,0,0,0
11/20/2025,4:09:22,0,54,192,302,247,4,204,0,0,0,0,0,0
11/20/2025,4:09:27,0,53,202,300,248,2,203,0,0,0,0,0,0
11/20/2025,4:09:32,0,55,194,304,248,8,203,2,2,0,0,0,0
11/20/2025,4:09:37,0,52,199,306,248,17,204,5,4,0,0,0,0
11/20/2025,4:09:42,0,54,210,305,246,34,202,10,7,0,0,0,0
11/20/2025,4:09:47,0,53,210,305,247,28,202,8,5,0,0,0,0
11/20/2025,4:09:52,0,54,191,303,247,7,204,0,1,0,0,0,0
11/20/2025,4:09:57,0,54,198,302,247,4,203,0,0,0,0,0,0
11/20/2025,4:10:02,0,56,197,305,248,16,204,4,4,0,0,-0.0008,0
11/20/2025,4:10:07,0,54,211,307,246,33,202,11,7,0,0,0,0
11/20/2025,4:10:12,0,53,213,306,247,28,204,8,6,0,0,0,0
11/20/2025,4:11:18,0,54,215,305,248,25,204,9,6,0,0,0,0
11/20/2025,4:11:22,0,54,198,302,248,1,203,0,0,0,0,0,0
11/20/2025,4:11:27,0,56,198,304,249,10,203,3,2,0,0,0,0
11/20/2025,4:11:32,0,54,202,303,247,27,202,9,6,0,0,0,0
11/20/2025,4:11:37,0,51,215,304,247,28,204,9,6,0,0,0,0
11/20/2025,4:11:42,0,52,187,301,247,14,203,4,3,0,0,0,0
11/20/2025,4:11:47,0,54,199,301,248,0,203,0,0,0,0,0,0
11/20/2025,4:11:52,0,55,197,302,247,13,204,3,3,0,0,0,0
11/20/2025,4:11:57,0,54,201,304,246,24,203,8,5,0,0,0,0
11/20/2025,4:12:02,0,53,212,303,248,33,203,11,8,0,0,0,0
11/20/2025,4:12:07,0,53,205,303,246,22,203,7,5,0,0,0,0
11/20/2025,4:12:12,0,53,185,300,247,13,204,3,3,0,0,0,0
11/20/2025,4:12:17,0,54,192,300,247,4,202,0,0,0,0,0,0
11/20/2025,4:12:22,0,53,199,299,246,1,201,0,0,0,0,0,0
11/20/2025,4:12:27,0,51,190,300,248,7,202,1,1,0,0,0,0
11/20/2025,4:12:32,0,58,194,301,248,14,204,3,3,0,0,0,0
11/20/2025,4:12:37,0,53,198,302,248,18,202,6,4,0,0,0,0
11/20/2025,4:12:42,0,52,209,300,248,39,203,16,7,0,0,0,0
11/20/2025,4:12:47,0,54,219,302,247,32,203,13,7,0,0,0,-0.0008
11/20/2025,4:12:52,0,50,208,302,247,24,203,7,6,0,0,0,0
11/20/2025,4:12:57,0,54,189,300,248,7,203,1,1,0,0,0,0
11/20/2025,4:13:02,0,54,197,299,248,1,204,0,0,0,0,0,0
11/20/2025,4:13:07,0,51,198,301,246,12,203,3,3,0,0,0,0
11/20/2025,4:13:12,0,54,210,303,246,31,202,10,7,0,0,0,-0.0008
11/20/2025,4:13:17,0,51,207,302,248,22,204,7,5,0,0,0,-0.0008
11/20/2025,4:13:22,0,53,186,299,247,10,203,2,2,0,0,0,0
11/20/2025,4:13:27,0,53,203,302,247,19,204,5,4,0,0,0,0
11/20/2025,4:13:32,0,51,195,300,247,10,203,2,3,0,0,0,-0.0008
11/20/2025,4:13:37,0,53,208,302,248,31,203,10,7,0,0,0,0
11/20/2025,4:13:42,0,50,215,303,246,30,203,9,6,0,0,0,0
11/20/2025,4:13:47,0,52,206,302,247,22,204,6,5,0,0,0,0
11/20/2025,4:13:52,0,49,198,301,247,18,204,4,4,0,0,0,0
11/20/2025,4:13:57,0,52,186,299,248,14,202,3,3,0,0,0,0
11/20/2025,4:14:02,0,52,187,300,247,6,204,0,1,0,0,0,0
11/20/2025,4:14:07,0,52,195,300,247,0,202,0,0,0,0,0,0
11/20/2025,4:14:12,0,52,194,301,246,9,202,2,2,0,0,0,0
11/20/2025,4:14:17,0,53,201,303,248,26,203,9,6,0,0,0,0
11/20/2025,4:14:22,0,55,212,303,248,25,203,9,6,0,0,0,0
11/20/2025,4:14:27,0,50,197,300,247,21,203,5,4,0,0,0,0
11/20/2025,4:14:32,0,52,190,299,247,7,203,1,1,0,0,0,0
11/20/2025,4:14:37,0,53,202,300,247,5,203,0,0,0,0,0,-0.0008
11/20/2025,4:14:42,0,52,200,302,248,15,203,5,4,0,0,0,0
11/20/2025,4:14:47,0,53,216,303,246,34,202,10,7,0,0,0,0
11/20/2025,4:14:52,0,53,196,301,248,20,204,5,4,0,0,0,0
11/20/2025,4:14:57,0,52,195,300,247,2,201,0,0,0,0,0,0
11/20/2025,4:15:02,0,54,193,301,247,8,202,2,2,0,0,0,-0.0008
11/20/2025,4:15:07,0,54,204,303,248,25,203,9,6,0,0,0,-0.0008
11/20/2025,4:15:12,0,54,210,303,248,27,203,9,6,0,0,0,0
11/20/2025,4:15:17,0,53,187,299,248,14,202,4,2,0,0,0,0
11/20/2025,4:15:22,0,52,196,299,248,0,204,0,0,0,0,0,0
11/20/2025,4:15:27,0,50,190,301,248,7,203,1,2,0,0,0,0
11/20/2025,4:15:32,0,50,198,303,245,18,202,5,4,0,0,0,0
11/20/2025,4:15:37,0,52,211,303,248,32,204,10,7,0,0,0,0
11/20/2025,4:15:42,0,52,217,304,248,29,203,9,6,0,0,0,0
11/20/2025,4:15:47,0,51,209,303,247,23,204,6,5,0,0,0,0
11/20/2025,4:15:52,0,51,185,301,248,16,204,3,4,0,0,0,0
11/20/2025,4:15:57,0,53,197,300,247,0,202,0,0,0,0,0,0
11/20/2025,4:16:02,0,50,196,302,248,12,203,3,3,0,0,0,-0.0008
11/20/2025,4:16:07,0,53,207,304,247,30,203,9,7,0,0,0,0
11/20/2025,4:16:12,0,51,214,304,248,24,204,8,6,0,0,0,0
11/20/2025,4:16:17,0,54,191,302,247,16,203,4,3,0,0,0,0
11/20/2025,4:16:22,0,51,194,300,247,1,204,0,0,0,0,0,-0.0008
11/20/2025,4:16:27,0,54,196,301,247,12,204,2,3,0,0,0,-0.0008
11/20/2025,4:16:32,0,52,203,301,247,28,204,8,6,0,0,0,0
11/20/2025,4:16:37,0,54,215,303,247,31,203,9,6,0,0,0,0
11/20/2025,4:16:42,0,55,194,299,248,20,204,5,3,0,0,0,0
11/20/2025,4:16:47,0,51,196,301,246,0,203,0,0,0,0,0,-0.0008
11/20/2025,4:16:52,0,51,199,302,247,11,203,3,3,0,0,0,0
11/20/2025,4:16:57,0,53,204,303,247,27,204,8,6,0,0,0,0
11/20/2025,4:17:02,0,53,217,304,248,33,203,10,7,0,0,0,-0.0008
11/20/2025,4:17:07,0,53,213,303,247,29,203,9,7,0,0,0,0
11/20/2025,4:17:12,0,54,204,301,247,22,203,7,4,0,0,0,0
11/20/2025,4:17:17,0,54,187,300,247,11,203,2,2,0,0,0,0
11/20/2025,4:17:22,0,53,197,300,249,0,201,0,0,0,0,0,0
11/20/2025,4:17:27,0,55,194,301,248,11,204,2,3,0,0,0,0
11/20/2025,4:17:32,0,53,211,303,246,32,203,10,7,0,0,0,0
11/20/2025,4:17:37,0,54,195,301,247,17,203,5,3,0,0,0,0
11/20/2025,4:17:42,0,57,199,299,247,1,203,0,0,0,0,0,0
11/20/2025,4:17:47,0,55,197,303,247,13,202,5,3,0,0,0,0
11/20/2025,4:17:52,0,58,215,302,246,34,203,11,7,0,0,0,0
11/20/2025,4:17:57,0,56,206,302,248,23,203,6,4,0,0,0,0
11/20/2025,4:18:02,0,57,188,299,247,5,203,0,0,0,0,0,0
11/20/2025,4:18:07,0,56,191,300,246,7,202,1,1,0,0,0,0
11/20/2025,4:18:12,0,58,203,301,247,29,202,9,7,0,0,0,0
11/20/2025,4:18:17,0,56,202,302,248,21,203,6,5,0,0,0,0
11/20/2025,4:18:22,0,58,196,298,247,3,203,0,1,0,0,0,0
11/20/2025,4:18:27,0,58,211,303,248,32,203,10,7,0,0,0,-0.0008
11/20/2025,4:18:32,0,56,191,298,248,6,203,0,1,0,0,0,-0.0008
11/20/2025,4:18:37,0,57,200,302,247,21,203,7,3,0,0,0,0
11/20/2025,4:18:42,0,56,192,300,247,17,202,5,3,0,0,0,0
11/20/2025,4:18:47,0,55,194,299,247,7,202,2,2,0,0,0,0
11/20/2025,4:18:52,0,56,209,303,246,30,202,10,7,0,0,0,-0.0008
11/20/2025,4:18:57,0,57,200,302,246,19,203,5,4,0,0,0,0
11/20/2025,4:19:02,0,50,198,299,247,3,201,0,1,0,0,0,0
11/20/2025,4:19:07,0,55,208,302,247,32,203,10,7,0,0,0,0
11/20/2025,4:19:12,0,55,190,297,248,17,202,4,3,0,0,0,0
11/20/2025,4:19:17,0,57,195,300,248,8,203,1,2,0,0,0,0
11/20/2025,4:19:22,0,56,211,302,247,36,203,11,7,0,0,0,0
11/20/2025,4:19:27,0,55,187,299,246,11,203,2,2,0,0,0,0
11/20/2025,4:19:32,0,52,197,301,247,12,203,3,3,0,0,0,0
11/20/2025,4:19:37,0,56,212,303,249,26,203,9,5,0,0,0,0
11/20/2025,4:19:42,0,56,195,297,248,0,203,0,0,0,0,0,0
11/20/2025,4:19:47,0,57,207,303,249,29,203,10,7,0,0,0,-0.0008
11/20/2025,4:19:52,0,60,186,297,247,15,204,3,2,0,0,0,0
11/20/2025,4:19:57,0,57,197,299,248,9,203,4,2,0,0,0,0
11/20/2025,4:20:02,0,59,215,302,247,27,202,9,6,0,0,0,0
11/20/2025,4:20:07,0,58,199,300,246,0,204,0,0,0,0,0,0
11/20/2025,4:20:12,0,57,208,301,247,32,203,10,7,0,0,0,0
11/20/2025,4:20:17,0,55,184,300,247,13,204,2,3,0,0,0,0
11/20/2025,4:20:22,0,56,196,300,247,9,201,2,2,0,0,0,0
11/20/2025,4:21:27,0,56,222,304,247,24,202,9,5,0,0,0,0
11/20/2025,4:21:31,0,54,210,302,247,24,202,8,5,0,0,0,0
11/20/2025,4:21:36,0,52,196,303,246,11,202,4,3,0,0,0,0
11/20/2025,4:21:41,0,52,187,300,247,11,204,2,3,0,0,0,0
11/20/2025,4:21:46,0,54,206,304,246,28,204,10,7,0,0,0,0
11/20/2025,4:21:51,0,53,198,298,247,4,203,0,1,0,0,0,0
11/20/2025,4:21:56,0,52,201,303,248,22,201,6,4,0,0,0,0
11/20/2025,4:22:01,0,54,199,302,248,19,204,5,4,0,0,0,0
11/20/2025,4:22:06,0,52,194,301,247,2,203,0,0,0,0,0,0
11/20/2025,4:22:11,0,54,214,303,246,29,203,9,6,0,0,0,0
11/20/2025,4:22:16,0,52,194,302,246,10,202,3,3,0,0,0,0
11/20/2025,4:22:21,0,52,188,302,247,16,204,3,3,0,0,0,0
11/20/2025,4:22:26,0,52,203,304,248,27,204,9,7,0,0,0,-0.0008
11/20/2025,4:22:31,0,51,197,302,247,0,203,0,0,0,0,0,0
11/20/2025,4:22:36,0,59,211,304,247,25,203,9,6,0,0,0,-0.0008
11/20/2025,4:22:41,0,53,195,302,246,9,204,2,2,0,0,0,-0.0008
11/20/2025,4:22:46,0,51,199,300,248,20,203,5,4,0,0,0,0
11/20/2025,4:22:51,0,54,198,303,247,19,201,6,4,0,0,0,0
11/20/2025,4:22:56,0,54,188,301,247,6,203,0,0,0,0,0,0
11/20/2025,4:23:01,0,54,209,304,247,31,203,10,8,0,0,0,0
11/20/2025,4:23:06,0,53,192,301,248,0,204,0,0,0,0,0,0
11/20/2025,4:23:11,0,53,214,302,248,33,203,10,7,0,0,0,0
11/20/2025,4:23:16,0,56,195,302,249,0,203,0,0,0,0,0,0
11/20/2025,4:23:21,0,56,217,305,249,31,202,10,7,0,0,0,0
11/20/2025,4:23:26,0,56,212,304,249,30,202,9,7,0,0,0,0
11/20/2025,4:23:31,0,53,203,304,248,21,203,6,4,0,0,0,0
11/20/2025,4:23:36,0,56,201,305,246,22,202,8,5,0,0,0,0
11/20/2025,4:23:41,0,57,195,301,248,0,202,0,0,0,0,0,-0.0008
11/20/2025,4:23:46,0,54,215,303,248,28,203,8,6,0,0,0,0
11/20/2025,4:23:51,0,57,195,300,248,11,202,4,3,0,0,0,0
11/20/2025,4:23:56,0,60,188,301,246,13,202,4,2,0,0,0,0
11/20/2025,4:24:01,0,61,207,302,247,30,202,10,7,0,0,0,0
11/20/2025,4:24:06,0,60,196,301,249,0,201,0,0,0,0,0,-0.0008
11/20/2025,4:24:11,0,58,213,302,246,30,202,9,6,0,0,0,0
11/20/2025,4:24:16,0,57,195,301,247,8,204,1,2,0,0,0,0
11/20/2025,4:24:21,0,61,203,302,247,23,203,6,4,0,0,0,0
11/20/2025,4:24:26,0,60,196,302,247,11,203,4,3,0,0,0,0
11/20/2025,4:24:31,0,60,187,300,248,13,203,2,2,0,0,0,0
11/20/2025,4:24:36,0,58,201,302,247,29,203,8,6,0,0,0,0
11/20/2025,4:24:41,0,58,192,300,248,3,203,0,0,0,0,0,0
11/20/2025,4:24:46,0,57,206,302,248,31,203,10,7,0,0,0,0
11/20/2025,4:24:51,0,57,191,300,246,1,201,0,0,0,0,0,0
11/20/2025,4:24:56,0,56,211,299,247,33,203,10,7,0,0,0,0
11/20/2025,4:25:01,0,57,195,298,248,0,203,0,0,0,0,0,0
11/20/2025,4:25:06,0,57,205,302,246,30,203,10,6,0,0,0,0
11/20/2025,4:25:11,0,57,191,299,247,3,203,1,0,0,0,0,0
11/20/2025,4:25:16,0,57,210,302,247,33,204,10,8,0,0,0,0
11/20/2025,4:25:21,0,55,198,299,247,1,204,0,0,0,0,0,0
11/20/2025,4:25:26,0,55,211,302,248,25,204,5,6,0,0,0,0
11/20/2025,4:25:31,0,54,196,301,246,15,203,4,4,0,0,0,0
11/20/2025,4:25:36,0,56,190,298,247,7,204,0,1,0,0,0,0
11/20/2025,4:25:41,0,54,209,303,246,32,202,10,7,0,0,0,0
11/20/2025,4:25:46,0,54,195,299,247,1,204,0,0,0,0,0,0
11/20/2025,4:25:51,0,53,201,303,246,22,202,8,5,0,0,0,0
11/20/2025,4:25:56,0,56,209,302,245,23,202,8,5,0,0,0,0
11/20/2025,4:26:01,0,55,188,300,246,7,203,1,1,0,0,0,0
11/20/2025,4:26:06,0,57,201,296,245,4,203,0,1,0,0,0,0
11/20/2025,4:26:11,0,55,194,301,247,16,203,4,4,0,0,0,0
11/20/2025,4:26:16,0,54,213,302,247,35,203,10,7,0,0,0,0
11/20/2025,4:26:21,0,56,200,301,247,20,203,6,4,0,0,0,-0.0008
11/20/2025,4:26:26,0,55,193,297,248,1,203,0,0,0,0,0,0
11/20/2025,4:26:31,0,53,194,299,248,10,204,2,2,0,0,0,-0.0008
11/20/2025,4:26:36,0,55,198,302,248,23,203,7,5,0,0,0,0
11/20/2025,4:26:41,0,55,217,301,248,31,203,10,7,0,0,0,0
11/20/2025,4:26:46,0,54,187,299,247,16,203,4,3,0,0,0,0
11/20/2025,4:26:51,0,53,201,300,245,1,202,0,0,0,0,0,0
11/20/2025,4:26:56,0,55,197,302,247,18,203,6,4,0,0,0,0
11/20/2025,4:27:01,0,58,217,303,247,33,203,10,7,0,0,0,0
11/20/2025,4:27:06,0,49,203,299,248,22,203,6,4,0,0,0,0
11/20/2025,4:27:11,0,54,187,299,247,14,203,2,2,0,0,0,0
11/20/2025,4:27:16,0,56,199,298,247,2,201,0,0,0,0,0,0
11/20/2025,4:27:21,0,54,198,300,248,15,204,5,4,0,0,0,0
11/20/2025,4:27:26,0,54,216,302,246,33,203,11,7,0,0,0,0
11/20/2025,4:27:31,0,55,203,300,247,21,202,7,4,0,0,0,0
11/20/2025,4:27:36,0,54,191,299,247,3,202,1,0,0,0,0,0
11/20/2025,4:27:41,0,55,192,297,247,9,203,1,2,0,0,0,0
11/20/2025,4:27:46,0,55,198,302,247,23,203,7,6,0,0,0,0
11/20/2025,4:27:51,0,53,220,299,247,30,204,10,7,0,0,0,0
11/20/2025,4:27:56,0,55,193,300,247,17,203,5,4,0,0,0,0
11/20/2025,4:28:01,0,55,197,300,247,0,204,0,0,0,0,0,0
11/20/2025,4:28:06,0,51,194,299,248,10,203,1,2,0,0,0,0
11/20/2025,4:28:11,0,53,200,301,248,22,203,7,5,0,0,0,-0.0008
11/20/2025,4:28:16,0,55,216,303,247,33,204,10,7,0,0,0,-0.0008
11/20/2025,4:28:21,0,57,201,298,247,20,204,6,4,0,0,0,0
11/20/2025,4:28:26,0,54,195,299,247,0,202,0,0,0,0,0,0
11/20/2025,4:28:31,0,52,194,300,247,8,202,1,2,0,0,0,0
11/20/2025,4:28:36,0,55,200,302,247,26,203,8,6,0,0,0,-0.0008
11/20/2025,4:28:41,0,55,212,302,246,26,204,8,6,0,0,0,-0.0008
11/20/2025,4:28:46,0,55,188,298,247,9,204,1,1,0,0,0,0
11/20/2025,4:28:51,0,54,197,298,248,4,203,0,1,0,0,0,0
11/20/2025,4:28:56,0,53,197,300,248,11,203,3,3,0,0,0,0
11/20/2025,4:29:01,0,55,203,302,247,28,201,9,7,0,0,0,0
11/20/2025,4:29:06,0,54,218,303,247,31,204,9,7,0,0,0,0
11/20/2025,4:29:11,0,51,198,301,248,19,203,5,4,0,0,0,0
11/20/2025,4:29:16,0,53,192,300,248,1,202,0,0,0,0,0,0
11/20/2025,4:29:21,0,55,193,299,247,6,204,1,1,0,0,0,-0.0008
11/20/2025,4:29:26,0,52,197,301,247,18,202,4,3,0,0,0,0
11/20/2025,4:29:31,0,54,203,303,248,27,203,9,6,0,0,0,0
11/20/2025,4:29:36,0,54,221,302,247,32,202,10,7,0,0,0,-0.0008
11/20/2025,4:29:41,0,55,197,302,248,17,203,5,4,0,0,0,0
11/20/2025,4:29:46,0,52,195,300,247,0,203,0,0,0,0,0,0
11/20/2025,4:29:51,0,54,191,300,247,6,202,1,1,0,0,0,0
11/20/2025,4:29:56,0,53,198,300,247,15,203,5,4,0,0,0,0
11/20/2025,4:30:01,0,53,207,304,248,31,203,10,7,0,0,0,0
11/20/2025,4:30:06,0,52,213,302,247,28,201,9,6,0,0,0,0
11/20/2025,4:30:11,0,53,194,301,247,18,203,5,4,0,0,0,0
11/20/2025,4:30:16,0,53,187,300,247,9,202,2,1,0,0,0,0
11/20/2025,4:30:21,0,54,192,297,247,2,204,0,0,0,0,0,0
11/20/2025,4:30:26,0,53,193,300,247,7,204,1,2,0,0,0,0
11/20/2025,4:30:31,0,54,199,302,248,23,203,7,5,0,0,0,0
11/20/2025,4:30:36,0,55,210,304,248,31,204,10,7,0,0,0,0
11/20/2025,4:31:08,0,51,199,298,248,11,203,4,3,0,-0.0008,0,0
11/20/2025,4:31:11,0,52,196,301,247,19,203,5,4,0,0,0,0
11/20/2025,4:31:16,0,53,190,300,246,7,203,1,1,0,0,0,0
11/20/2025,4:31:21,0,54,193,300,247,2,204,0,0,0,0,0,0
11/20/2025,4:31:26,0,53,197,299,247,3,203,0,0,0,0,0,0
11/20/2025,4:31:31,0,51,196,301,248,7,202,3,2,0,0,0,0
11/20/2025,4:31:36,0,51,198,301,248,15,204,5,4,0,0,0,0
11/20/2025,4:31:41,0,52,205,303,247,29,203,10,7,0,0,0,0
11/20/2025,4:31:46,0,50,212,304,246,32,204,10,8,0,0,0,0
11/20/2025,4:31:51,0,54,210,303,248,24,202,9,5,0,0,0,-0.0008
11/20/2025,4:31:56,0,52,192,301,247,18,201,4,3,0,0,0,-0.0008
11/20/2025,4:32:01,0,51,192,300,247,2,202,0,0,0,0,0,-0.0008
11/20/2025,4:32:06,0,52,198,299,247,1,204,0,0,0,0,0,0
11/20/2025,4:32:11,0,52,194,302,245,7,204,1,2,0,0,0,0
11/20/2025,4:32:16,0,55,195,303,247,18,204,5,4,0,0,0,0
11/20/2025,4:32:21,0,51,205,303,247,28,202,9,7,0,0,0,0
11/20/2025,4:32:26,0,52,216,304,247,34,204,10,7,0,0,0,0
11/20/2025,4:32:31,0,51,212,303,247,28,203,10,6,0,0,0,0
11/20/2025,4:32:36,0,51,205,303,247,22,202,7,5,0,0,0,0
11/20/2025,4:32:41,0,50,190,301,247,20,205,4,3,0,0,0,0
11/20/2025,4:32:46,0,52,189,301,247,2,203,0,0,0,0,0,-0.0008
11/20/2025,4:32:51,0,52,198,300,247,0,203,0,0,0,0,0,0
11/20/2025,4:32:56,0,54,193,302,247,6,203,1,2,0,0,0,0
11/20/2025,4:33:01,0,55,197,301,248,15,204,4,3,0,0,0,0
11/20/2025,4:33:06,0,53,210,304,248,31,203,10,7,0,0,0,0
11/20/2025,4:33:11,0,53,203,301,247,22,203,6,5,0,0,0,0
11/20/2025,4:33:16,0,53,186,301,247,11,203,3,3,0,0,0,0
11/20/2025,4:33:21,0,53,188,301,247,5,204,0,0,0,0,0,0
11/20/2025,4:33:26,0,54,197,302,247,0,203,0,0,0,0,0,-0.0008
11/20/2025,4:33:31,0,52,196,300,247,4,203,1,0,0,0,0,0
11/20/2025,4:33:36,0,52,194,302,246,11,201,2,2,0,0,0,0
11/20/2025,4:33:41,0,53,196,303,247,15,204,4,3,0,0,0,0
11/20/2025,4:33:46,0,52,203,304,247,25,204,8,6,0,0,0,0
11/20/2025,4:33:51,0,53,188,301,248,16,204,4,4,0,0,0,0
11/20/2025,4:33:56,0,52,208,304,248,22,203,7,5,0,0,0,0
11/20/2025,4:34:01,0,54,189,301,247,8,202,1,1,0,0,0,0
11/20/2025,4:34:06,0,53,199,301,247,3,203,0,0,0,0,0,0
11/20/2025,4:34:11,0,53,197,304,247,13,204,3,3,0,0,0,0
11/20/2025,4:34:16,0,54,204,304,247,30,202,10,7,0,0,0,0
11/20/2025,4:34:21,0,51,219,303,248,31,204,9,7,0,0,0,0
11/20/2025,4:34:26,0,53,200,304,247,19,204,5,4,0,0,0,0
11/20/2025,4:34:31,0,52,190,299,247,3,203,0,0,0,0,0,0
11/20/2025,4:34:36,0,53,192,302,245,4,202,1,1,0,0,0,-0.0008
11/20/2025,4:34:41,0,52,200,305,246,24,203,7,6,0,0,0,0
11/20/2025,4:34:46,0,55,218,304,247,32,203,9,6,0,0,0,0
11/20/2025,4:34:51,0,55,199,303,248,14,204,5,4,0,0,0,0
11/20/2025,4:34:56,0,53,192,301,247,3,203,0,0,0,0,0,0
11/20/2025,4:35:01,0,51,193,302,246,6,202,1,2,0,0,0,0
11/20/2025,4:35:06,0,53,202,306,247,29,203,9,7,0,0,0,0
11/20/2025,4:35:11,0,51,211,305,247,24,204,8,6,0,0,0,0
11/20/2025,4:35:16,0,52,189,301,247,6,203,1,1,0,0,0,0
11/20/2025,4:35:21,0,51,192,301,247,9,204,1,2,0,0,0,0
11/20/2025,4:35:26,0,52,205,302,247,31,204,9,6,0,0,0,0
11/20/2025,4:35:31,0,57,207,305,247,22,198,7,5,0,0,0,0
11/20/2025,4:35:36,0,53,188,302,247,7,202,1,1,0,0,0,0
11/20/2025,4:35:41,0,53,200,301,247,2,203,0,0,0,0,0,0
11/20/2025,4:35:46,0,53,197,304,247,12,204,3,3,0,0,0,-0.0008
11/20/2025,4:35:51,0,55,212,305,248,33,202,11,7,0,0,0,0
11/20/2025,4:35:56,0,53,198,303,247,19,204,5,4,0,0,0,0
11/20/2025,4:36:01,0,54,197,302,247,0,202,0,0,0,0,0,0
11/20/2025,4:36:06,0,55,197,304,247,12,203,4,3,0,0,0,0
11/20/2025,4:36:11,0,52,209,303,248,35,203,10,7,0,0,0,-0.0008
11/20/2025,4:36:16,0,55,213,305,247,27,203,10,6,0,0,0,0
11/20/2025,4:36:21,0,53,198,304,247,19,203,6,4,0,0,0,0
11/20/2025,4:36:26,0,55,190,300,247,4,203,0,0,0,0,0,0
11/20/2025,4:36:31,0,57,194,302,246,6,202,1,1,0,0,0,0
11/20/2025,4:36:36,0,57,197,305,246,18,203,6,5,0,0,0,0
11/20/2025,4:36:41,0,54,220,305,247,32,202,10,7,0,0,0,0
11/20/2025,4:36:46,0,55,204,304,247,19,204,6,4,0,0,0,0
11/20/2025,4:36:51,0,54,188,302,246,8,203,1,1,0,0,0,0
11/20/2025,4:36:56,0,54,195,303,247,2,203,0,0,0,0,0,0
11/20/2025,4:37:01,0,56,194,303,246,7,202,1,2,0,0,0,0
11/20/2025,4:37:06,0,54,197,305,246,18,203,5,5,0,0,0,0
11/20/2025,4:37:11,0,53,217,305,247,33,203,10,7,0,0,0,0
11/20/2025,4:37:16,0,53,208,305,247,23,202,7,5,0,0,0,0
11/20/2025,4:37:21,0,52,187,303,247,7,202,2,1,0,0,0,0
11/20/2025,4:37:26,0,54,196,301,247,4,203,0,1,0,0,0,0
11/20/2025,4:37:31,0,52,197,304,247,15,204,4,4,0,0,0,0
11/20/2025,4:37:36,0,53,209,305,247,31,203,9,7,0,0,0,0
11/20/2025,4:37:41,0,55,206,304,247,23,202,7,5,0,0,0,0
11/20/2025,4:37:46,0,51,186,303,247,9,202,2,2,0,0,0,0
11/20/2025,4:37:51,0,53,202,302,247,0,203,0,0,0,0,0,0
11/20/2025,4:37:56,0,54,195,303,248,10,203,4,3,0,0,0,0
11/20/2025,4:38:01,0,54,202,304,247,25,203,8,6,0,0,0,0
11/20/2025,4:38:06,0,54,219,304,247,33,203,10,7,0,0,0,0
11/20/2025,4:38:11,0,56,192,302,247,17,203,4,3,0,0,0,0
11/20/2025,4:38:16,0,54,195,302,248,1,203,0,0,0,0,0,0
11/20/2025,4:38:21,0,56,194,304,247,15,203,5,4,0,0,0,-0.0008
11/20/2025,4:38:26,0,56,216,305,247,33,204,10,8,0,0,0,0
11/20/2025,4:38:31,0,56,208,304,247,23,204,7,5,0,0,0,0
11/20/2025,4:38:36,0,55,189,301,247,5,204,0,0,0,0,0,0
11/20/2025,4:38:41,0,54,193,303,247,7,201,1,2,0,0,0,-0.0008
11/20/2025,4:38:46,0,53,209,304,247,35,203,10,8,0,0,0,0
11/20/2025,4:38:51,0,54,204,304,247,23,204,6,5,0,0,0,0
11/20/2025,4:38:56,0,53,187,301,247,7,203,1,1,0,0,0,0
11/20/2025,4:39:01,0,55,199,301,246,2,201,0,0,0,0,0,0
11/20/2025,4:39:06,0,53,195,302,247,11,202,3,3,0,0,0,0
11/20/2025,4:39:11,0,54,212,302,247,32,204,10,7,0,0,0,-0.0008
11/20/2025,4:39:16,0,54,193,303,247,17,203,5,4,0,0,0,-0.0008
11/20/2025,4:39:21,0,58,200,304,245,0,203,0,0,0,0,0,0
11/20/2025,4:39:26,0,54,198,304,247,17,203,6,5,0,0,0,0
11/20/2025,4:39:31,0,51,220,302,247,33,204,10,7,0,0,0,0
11/20/2025,4:39:36,0,52,200,300,247,20,204,6,4,0,0,0,0
11/20/2025,4:39:41,0,53,192,303,246,0,203,0,0,0,0,0,0
11/20/2025,4:39:46,0,52,195,302,246,8,203,2,2,0,0,0,0
11/20/2025,4:39:51,0,52,199,303,247,25,202,9,6,0,0,0,0
11/20/2025,4:39:56,0,57,217,305,247,29,203,8,5,0,0,0,0
11/20/2025,4:40:01,0,52,183,300,248,14,204,3,3,0,0,0,0
11/20/2025,4:40:06,0,51,195,303,246,2,203,0,0,0,0,0,0
11/20/2025,4:40:11,0,52,201,306,247,19,205,7,6,0,0,0,0
11/20/2025,4:40:16,0,54,211,305,247,25,202,8,5,0,0,0,0
11/20/2025,4:40:21,0,51,193,303,247,0,202,0,0,0,0,0,0
11/20/2025,4:40:26,0,56,198,305,245,11,203,4,2,0,0,0,0
11/20/2025,4:40:31,0,53,209,306,247,31,203,10,7,0,0,0,0
11/20/2025,4:40:36,0,52,210,305,248,25,203,8,4,0,0,0,0
11/20/2025,4:40:41,0,52,189,301,247,9,203,1,1,0,0,0,0
11/20/2025,4:40:46,0,52,192,302,247,8,203,1,1,0,0,0,0
11/20/2025,4:41:26,0,50,208,306,247,20,203,6,5,0,0,0,0
11/20/2025,4:41:30,0,52,193,303,247,0,202,0,0,0,0,0,0
11/20/2025,4:41:35,0,53,191,303,246,6,203,1,2,0,0,0,0
11/20/2025,4:41:40,0,53,204,306,247,27,204,9,7,0,0,0,-0.0008
11/20/2025,4:41:45,0,56,212,304,248,26,204,8,6,0,0,0,0
11/20/2025,4:41:50,0,53,189,303,247,14,204,4,3,0,0,0,0
11/20/2025,4:41:55,0,53,194,301,247,0,203,0,0,0,0,0,0
11/20/2025,4:42:00,0,53,194,303,247,3,201,0,1,0,0,0,0
11/20/2025,4:42:05,0,56,194,303,246,10,201,1,2,0,0,0,0
11/20/2025,4:42:10,0,54,198,306,247,22,203,6,5,0,0,0,0
11/20/2025,4:42:15,0,55,217,306,247,31,203,9,7,0,0,0,-0.0008
11/20/2025,4:42:20,0,55,193,304,247,17,204,4,3,0,0,0,0
11/20/2025,4:42:25,0,54,196,302,247,0,203,0,0,0,0,0,0
11/20/2025,4:42:30,0,54,197,305,246,11,202,3,3,0,0,0,0
11/20/2025,4:42:35,0,54,208,308,247,32,203,10,7,0,0,0,0
11/20/2025,4:42:40,0,51,206,304,247,23,201,6,5,0,0,0,0
11/20/2025,4:42:45,0,55,190,300,247,3,203,0,0,0,0,0,0
11/20/2025,4:42:50,0,54,193,302,246,7,202,1,1,0,0,0,0
11/20/2025,4:42:55,0,54,197,303,247,11,203,3,3,0,0,0,0
11/20/2025,4:43:00,0,54,196,305,246,15,203,5,4,0,0,0,0
11/20/2025,4:43:05,0,56,213,306,247,31,202,9,7,0,0,0,0
11/20/2025,4:43:10,0,54,195,301,247,20,202,5,4,0,0,0,0
11/20/2025,4:43:15,0,55,196,303,247,1,204,0,0,0,0,0,0
11/20/2025,4:43:20,0,56,190,303,247,5,202,1,1,0,0,0,0
11/20/2025,4:43:25,0,56,198,305,247,19,203,6,4,0,0,0,0
11/20/2025,4:43:30,0,53,217,303,247,30,203,9,6,0,0,0,0
11/20/2025,4:43:35,0,49,204,305,246,20,202,6,4,0,0,0,0
11/20/2025,4:43:40,0,53,187,302,247,10,202,2,2,0,0,0,0
11/20/2025,4:43:45,0,53,198,303,247,3,202,0,1,0,0,0,0
11/20/2025,4:43:50,0,53,198,306,247,16,203,5,4,0,0,0,0
11/20/2025,4:43:55,0,53,218,306,247,29,203,9,6,0,0,0,0
11/20/2025,4:44:00,0,52,186,303,247,13,203,2,2,0,0,0,-0.0008
11/20/2025,4:44:05,0,51,192,302,246,6,202,1,1,0,0,0,-0.0008
11/20/2025,4:44:10,0,51,206,306,247,32,204,9,7,0,0,0,0
11/20/2025,4:44:15,0,51,200,305,247,19,204,6,4,0,0,0,0
11/20/2025,4:44:20,0,53,197,304,248,0,203,0,0,0,0,0,0
11/20/2025,4:44:25,0,50,195,305,246,10,203,2,2,0,0,0,0
11/20/2025,4:44:30,0,54,205,306,247,28,201,9,6,0,0,0,0
11/20/2025,4:44:35,0,50,209,306,245,23,202,7,4,0,0,0,0
11/20/2025,4:44:40,0,51,189,304,248,7,202,1,1,0,0,0,-0.0008
11/20/2025,4:44:45,0,51,194,302,247,8,203,1,1,0,0,0,0
11/20/2025,4:44:50,0,52,196,305,247,14,203,3,4,0,0,0,0
11/20/2025,4:44:55,0,52,206,307,247,28,203,9,6,0,0,0,0
11/20/2025,4:45:00,0,53,209,306,247,22,202,6,5,0,0,0,0
11/20/2025,4:45:05,0,54,192,304,247,5,203,0,0,0,0,0,0
11/20/2025,4:45:10,0,54,193,304,246,6,203,1,1,0,0,0,0
11/20/2025,4:45:15,0,53,197,306,247,19,203,6,5,0,0,0,0
11/20/2025,4:45:20,0,55,217,306,247,28,204,9,7,0,0,0,0
11/20/2025,4:45:25,0,55,187,304,247,14,203,4,3,0,0,0,0
11/20/2025,4:45:30,0,55,192,304,245,9,202,1,1,0,0,0,0
11/20/2025,4:45:35,0,57,208,307,246,30,204,9,7,0,0,0,0
11/20/2025,4:45:40,0,58,195,303,247,18,204,5,3,0,0,0,0
11/20/2025,4:45:45,0,59,194,304,247,5,201,0,1,0,0,0,0
11/20/2025,4:45:50,0,58,198,307,247,18,203,7,5,0,0,0,0
11/20/2025,4:45:55,0,57,212,305,247,31,201,9,7,0,0,0,0
11/20/2025,4:46:00,0,58,207,306,247,20,204,6,5,0,0,0,0
11/20/2025,4:46:05,0,55,186,305,247,12,202,3,3,0,0,0,0
11/20/2025,4:46:10,0,57,195,303,245,3,202,0,1,0,0,0,0
11/20/2025,4:46:15,0,54,197,305,246,12,203,3,3,0,0,0,0
11/20/2025,4:46:20,0,56,200,304,247,25,204,8,6,0,0,0,-0.0008
11/20/2025,4:46:25,0,52,222,307,247,28,203,9,7,0,0,0,0
11/20/2025,4:46:30,0,53,196,306,247,18,204,5,4,0,0,0,0
11/20/2025,4:46:35,0,54,194,304,247,3,202,0,0,0,0,0,0
11/20/2025,4:46:40,0,52,191,303,247,8,203,1,1,0,0,0,0
11/20/2025,4:46:45,0,53,200,307,247,23,204,7,5,0,0,0,0
11/20/2025,4:46:50,0,52,217,307,246,26,204,9,6,0,0,0,0
11/20/2025,4:46:55,0,53,196,306,247,18,204,4,4,0,0,0,0
11/20/2025,4:47:00,0,53,192,305,245,0,202,0,0,0,0,0,0
11/20/2025,4:47:05,0,54,193,305,246,9,203,3,3,0,0,0,0
11/20/2025,4:47:10,0,54,206,307,246,30,201,9,6,0,0,0,0
11/20/2025,4:47:15,0,55,208,306,247,21,203,7,4,0,0,0,0
11/20/2025,4:47:20,0,52,188,304,246,7,204,1,1,0,0,0,0
11/20/2025,4:47:25,0,53,194,305,247,6,203,1,2,0,0,0,0
11/20/2025,4:47:30,0,53,198,307,247,16,203,5,4,0,0,0,0
11/20/2025,4:47:35,0,58,218,306,247,28,202,9,6,0,0,0,-0.0008
11/20/2025,4:47:40,0,52,185,304,247,15,204,3,3,0,0,0,-0.0008
11/20/2025,4:47:45,0,54,197,303,247,6,203,0,0,0,0,0,0
11/20/2025,4:47:50,0,54,198,308,245,17,202,6,4,0,0,0,0
11/20/2025,4:47:55,0,53,213,306,247,26,201,8,6,0,0,0,0
11/20/2025,4:48:00,0,54,184,304,246,8,202,1,1,0,0,0,0
11/20/2025,4:48:05,0,55,191,303,246,8,201,1,2,0,0,0,0
11/20/2025,4:48:10,0,55,202,305,247,28,201,8,6,0,0,0,0
11/20/2025,4:48:15,0,56,204,306,247,20,203,6,4,-0.0008,0,0,0
11/20/2025,4:48:20,0,58,198,303,247,2,203,0,0,0,0,0,0
11/20/2025,4:48:25,0,55,206,307,247,27,203,9,7,0,0,0,0
11/20/2025,4:48:30,0,56,186,304,247,11,204,2,2,0,0,0,0
11/20/2025,4:48:35,0,56,196,304,247,12,204,4,3,0,0,0,0
11/20/2025,4:48:40,0,58,206,307,246,22,204,6,5,0,0,0,0
11/20/2025,4:48:45,0,54,198,303,247,1,203,0,0,0,0,0,0
11/20/2025,4:48:50,0,55,200,307,247,23,204,7,6,0,0,0,0
11/20/2025,4:48:55,0,54,211,306,246,23,203,8,5,0,0,0,0
11/20/2025,4:49:00,0,54,187,303,247,9,202,2,2,0,0,0,0
11/20/2025,4:49:05,0,53,199,304,246,3,203,0,0,0,0,0,0
11/20/2025,4:49:10,0,53,196,306,247,13,203,4,3,0,0,0,0
11/20/2025,4:49:15,0,54,208,307,247,31,203,9,7,0,0,0,0
11/20/2025,4:49:20,0,53,206,306,247,22,202,7,4,0,0,0,0
11/20/2025,4:49:25,0,54,191,304,247,2,202,0,0,0,0,0,-0.0008
11/20/2025,4:49:30,0,53,197,305,246,11,201,3,3,0,0,0,0
11/20/2025,4:49:35,0,54,214,307,247,25,203,9,6,0,0,0,0
11/20/2025,4:49:40,0,53,196,303,246,0,204,0,0,0,0,0,0
11/20/2025,4:49:45,0,54,199,307,247,14,203,5,4,0,0,0,0
11/20/2025,4:49:50,0,54,206,306,247,23,204,6,4,0,0,0,0
11/20/2025,4:49:55,0,53,197,303,247,0,204,0,0,0,0,0,0
11/20/2025,4:50:00,0,53,196,305,246,17,202,6,4,0,0,0,0
11/20/2025,4:50:05,0,54,208,305,249,21,203,7,5,0,0,0,0
11/20/2025,4:50:10,0,52,195,304,246,0,204,0,0,0,0,0,0
11/20/2025,4:50:15,0,52,196,304,247,13,203,5,3,0,0,0,0
11/20/2025,4:50:20,0,52,212,308,247,31,202,10,7,0,0,0,0
11/20/2025,4:50:25,0,53,209,307,247,25,202,7,4,0,0,0,0
11/20/2025,4:50:30,0,54,187,304,247,11,204,3,3,0,0,0,0
11/20/2025,4:50:35,0,53,198,304,245,0,203,0,0,0,0,0,0
11/20/2025,4:50:40,0,52,196,305,246,13,203,3,3,0,0,0,0
11/20/2025,4:50:45,0,54,214,304,247,32,203,10,7,0,0,0,0
11/20/2025,4:50:50,0,53,192,303,247,16,203,4,3,0,0,0,0
11/20/2025,4:50:55,0,51,193,304,245,4,202,1,2,0,0,0,0
11/20/2025,4:51:26,0,53,189,304,247,11,202,3,3,0,0,0,0
11/20/2025,4:51:30,0,54,204,307,246,25,203,8,6,0,0,0,0
11/20/2025,4:51:35,0,54,187,303,246,9,203,3,2,0,0,0,0
11/20/2025,4:51:40,0,53,192,304,246,7,202,1,1,0,0,0,0
11/20/2025,4:51:45,0,53,200,307,247,24,203,7,6,0,0,0,-0.0008
11/20/2025,4:51:50,0,54,210,306,247,30,203,10,7,0,0,0,0
11/20/2025,4:51:55,0,54,211,306,247,22,203,7,5,0,0,0,0
11/20/2025,4:52:00,0,55,188,304,247,6,202,1,1,0,0,0,0
11/20/2025,4:52:05,0,51,194,305,246,11,203,3,3,0,0,0,0
11/20/2025,4:52:10,0,57,214,307,247,27,204,7,6,0,0,0,0
11/20/2025,4:52:15,0,54,197,305,245,2,201,0,0,0,0,0,0
11/20/2025,4:52:20,0,57,213,307,248,27,202,7,6,0,0,0,0
11/20/2025,4:52:25,0,53,189,304,247,4,202,1,1,0,0,0,0
11/20/2025,4:52:30,0,51,215,307,246,30,202,9,6,0,0,0,0
11/20/2025,4:52:35,0,54,195,304,247,0,202,0,0,0,0,0,0
11/20/2025,4:52:40,0,54,203,308,247,27,203,9,6,0,0,0,0
11/20/2025,4:52:45,0,54,186,303,246,8,202,2,1,0,0,0,0
11/20/2025,4:52:50,0,53,198,306,247,21,202,7,4,0,0,0,0
11/20/2025,4:52:55,0,55,191,305,247,17,204,3,3,0,0,0,0
11/20/2025,4:53:00,0,52,194,306,247,8,201,2,2,0,0,0,0
11/20/2025,4:53:05,0,52,218,307,247,28,204,9,6,0,0,0,-0.0008
11/20/2025,4:53:10,0,52,191,304,247,1,202,0,0,0,0,0,0
11/20/2025,4:53:15,0,53,201,308,246,25,203,8,6,0,0,0,0
11/20/2025,4:53:20,0,52,191,304,246,5,203,0,0,0,0,0,0
11/20/2025,4:53:25,0,53,216,308,247,31,204,10,7,0,0,0,0
11/20/2025,4:53:30,0,53,193,304,247,7,202,1,2,0,0,0,0
11/20/2025,4:53:35,0,55,188,304,247,19,202,4,3,0,0,0,-0.0008
11/20/2025,4:53:40,0,52,210,306,247,31,203,9,7,0,0,0,0
11/20/2025,4:53:45,0,51,198,304,247,2,202,0,0,0,0,0,-0.0008
11/20/2025,4:53:50,0,52,212,307,246,25,202,8,5,0,0,0,0
11/20/2025,4:53:55,0,54,193,305,247,8,201,2,3,0,0,0,-0.0008
11/20/2025,4:54:00,0,52,207,307,246,22,204,6,5,0,0,0,0
11/20/2025,4:54:05,0,50,196,306,247,11,203,4,2,0,0,0,0
11/20/2025,4:54:10,0,53,207,307,247,22,203,6,5,0,0,0,0
11/20/2025,4:54:15,0,51,192,304,247,6,203,1,1,0,0,0,0
11/20/2025,4:54:20,0,51,214,308,246,30,203,10,7,0,0,0,0
11/20/2025,4:54:25,0,51,198,304,247,2,202,0,0,0,0,0,0
11/20/2025,4:54:30,0,51,210,307,247,31,202,10,7,0,0,0,-0.0008
11/20/2025,4:54:35,0,52,189,304,246,4,201,0,0,-0.0008,0,0,0
11/20/2025,4:54:40,0,52,204,308,247,25,203,9,6,0,0,0,0
11/20/2025,4:54:45,0,52,189,305,249,3,202,0,0,0,0,0,0
11/20/2025,4:54:50,0,52,205,307,247,29,201,9,7,0,0,0,0
11/20/2025,4:54:55,0,51,189,303,247,3,202,0,0,0,0,0,0
11/20/2025,4:55:00,0,52,207,308,245,29,203,10,7,0,0,0,0
11/20/2025,4:55:05,0,52,192,304,247,1,202,0,0,0,0,0,0
11/20/2025,4:55:10,0,55,203,307,246,28,202,9,6,0,0,0,-0.0008
11/20/2025,4:55:15,0,57,186,303,245,12,202,3,2,0,0,0,0
11/20/2025,4:55:20,0,55,195,304,247,11,203,3,2,0,0,0,0
11/20/2025,4:55:25,0,60,213,306,247,26,203,8,6,0,0,0,-0.0008
11/20/2025,4:55:30,0,58,192,303,247,0,202,0,0,0,0,0,0
11/20/2025,4:55:35,0,58,197,305,247,19,202,6,4,-0.0008,0,0,0
11/20/2025,4:55:40,0,58,206,306,245,21,202,7,4,0,0,0,0
11/20/2025,4:55:45,0,57,197,303,246,1,203,0,0,0,0,0,0
11/20/2025,4:55:50,0,57,197,305,246,17,202,6,4,0,0,0,0
11/20/2025,4:55:55,0,57,215,305,247,28,203,9,6,0,0,0,0
11/20/2025,4:56:00,0,56,187,302,246,9,201,1,1,0,0,0,0
11/20/2025,4:56:05,0,57,192,300,247,8,203,1,2,0,0,0,0
11/20/2025,4:56:10,0,55,202,306,247,26,203,8,6,0,0,0,0
11/20/2025,4:56:15,0,56,212,305,247,29,204,8,6,0,0,0,-0.0008
11/20/2025,4:56:20,0,58,189,303,247,4,202,0,0,0,0,0,0
11/20/2025,4:56:25,0,60,194,304,247,12,203,4,3,0,0,0,0
11/20/2025,4:56:30,0,57,205,305,247,21,204,6,5,0,0,0,0
11/20/2025,4:56:35,0,59,192,303,246,5,203,1,1,0,0,0,0
11/20/2025,4:56:40,0,59,211,307,245,33,202,10,7,0,0,0,0
11/20/2025,4:56:45,0,60,189,303,247,17,202,3,4,0,0,0,0
11/20/2025,4:56:50,0,58,191,303,247,7,203,2,1,0,0,0,0
11/20/2025,4:56:55,0,57,206,306,247,29,203,10,7,0,0,0,0
11/20/2025,4:57:00,0,60,199,304,247,16,204,5,4,0,0,0,0
11/20/2025,4:57:05,0,61,197,302,246,3,204,0,0,0,0,0,0
11/20/2025,4:57:10,0,57,201,306,246,26,203,8,6,0,0,0,0
11/20/2025,4:57:15,0,57,205,305,247,20,203,6,4,0,0,0,0
11/20/2025,4:57:20,0,57,199,304,248,0,202,0,0,0,0,0,0
11/20/2025,4:57:25,0,56,203,305,247,25,203,8,6,0,0,0,0
11/20/2025,4:57:30,0,57,194,303,247,18,203,4,3,0,0,0,0
11/20/2025,4:57:35,0,56,195,303,247,11,202,3,3,0,0,0,0
11/20/2025,4:57:40,0,56,207,306,247,22,204,6,5,0,0,0,0
11/20/2025,4:57:45,0,58,192,302,246,6,201,2,1,0,0,0,0
11/20/2025,4:57:50,0,60,216,307,247,28,203,9,6,0,0,0,0
11/20/2025,4:57:55,0,58,197,303,247,0,203,0,0,0,0,0,0
11/20/2025,4:58:00,0,58,206,306,246,30,203,9,7,0,0,0,0
11/20/2025,4:58:05,0,57,193,300,247,2,203,0,0,0,0,0,0
11/20/2025,4:58:10,0,56,219,306,245,31,202,10,7,0,0,0,0
11/20/2025,4:58:15,0,58,192,304,247,6,202,1,1,0,0,0,-0.0008
11/20/2025,4:58:20,0,56,201,305,247,20,202,6,5,0,0,0,0
11/20/2025,4:58:25,0,57,195,301,246,10,202,2,3,0,0,0,0
11/20/2025,4:58:30,0,54,213,306,247,31,204,10,7,0,0,0,0
11/20/2025,4:58:35,0,56,203,302,247,21,203,6,4,0,0,0,0
11/20/2025,4:58:40,0,55,190,303,245,3,202,0,0,0,0,0,0
11/20/2025,4:58:45,0,54,194,303,247,9,203,2,2,0,0,0,0
11/20/2025,4:58:50,0,54,207,306,247,31,201,9,7,0,0,0,0
11/20/2025,4:58:55,0,58,205,306,247,21,203,7,4,0,0,0,-0.0008
11/20/2025,4:59:00,0,57,189,303,246,8,203,1,1,0,0,0,0
11/20/2025,4:59:05,0,55,192,304,247,8,202,2,2,0,0,0,0
11/20/2025,4:59:10,0,57,203,304,247,28,203,9,6,0,0,0,0
11/20/2025,4:59:15,0,56,200,304,247,20,204,5,4,0,0,0,0
11/20/2025,4:59:20,0,61,195,304,245,1,202,0,0,-0.0008,0,0,0
11/20/2025,4:59:25,0,57,212,303,247,33,203,10,7,0,0,0,0
11/20/2025,4:59:30,0,56,189,304,247,4,202,0,0,0,0,0,0
11/20/2025,4:59:35,0,55,198,306,247,17,204,5,5,0,0,0,0
11/20/2025,4:59:40,0,53,196,304,246,20,203,5,4,0,0,0,0
11/20/2025,4:59:45,0,53,193,303,247,11,201,3,3,0,0,0,0
11/20/2025,4:59:50,0,57,206,305,246,22,203,7,4,0,0,0,0
11/20/2025,4:59:55,0,55,196,303,246,10,204,3,3,0,0,0,-0.0008
11/20/2025,5:00:00,0,53,207,306,247,24,203,7,5,0,0,0,0
11/20/2025,5:00:05,0,55,197,303,246,2,202,0,1,0,0,0,0
11/20/2025,5:00:10,0,55,203,305,247,30,203,10,7,0,0,0,-0.0008
11/20/2025,5:00:15,0,54,194,303,247,19,201,4,3,0,0,0,0
11/20/2025,5:00:20,0,51,193,303,247,7,203,2,2,0,0,0,0
11/20/2025,5:00:25,0,51,219,305,247,31,203,10,6,0,0,0,0
11/20/2025,5:00:30,0,54,198,301,247,0,203,0,0,0,0,0,-0.0008
11/20/2025,5:00:35,0,55,206,306,247,31,201,9,7,0,0,0,0
11/20/2025,5:00:40,0,57,190,304,246,19,203,5,3,0,0,0,0
11/20/2025,5:00:45,0,52,197,301,247,3,203,0,1,0,0,0,0
11/20/2025,5:00:50,0,55,196,304,247,13,203,4,3,0,0,0,-0.0008
11/20/2025,5:00:55,0,55,198,306,245,17,202,7,4,0,0,0,0
11/20/2025,5:01:00,0,55,204,306,246,29,203,10,7,0,0,0,0
11/20/2025,5:01:46,0,57,216,306,247,24,203,8,6,0,0,0,0
11/20/2025,5:01:50,0,54,184,303,248,11,201,2,2,0,0,0,0
11/20/2025,5:01:55,0,54,198,306,247,16,204,6,5,0,0,0,0
11/20/2025,5:02:00,0,56,187,303,248,9,202,2,1,0,0,0,0
11/20/2025,5:02:05,0,55,198,305,247,24,203,8,6,0,0,0,0
11/20/2025,5:02:10,0,56,185,302,246,11,202,2,2,0,0,0,0
11/20/2025,5:02:15,0,56,198,306,247,18,204,6,5,0,0,0,0
11/20/2025,5:02:20,0,55,186,303,247,12,204,2,2,0,0,0,0
11/20/2025,5:02:25,0,55,199,305,247,19,202,7,5,0,0,0,0
11/20/2025,5:02:30,0,55,184,302,247,10,202,2,2,0,0,0,0
11/20/2025,5:02:35,0,54,202,304,246,24,202,8,5,0,0,0,0
11/20/2025,5:02:40,0,54,195,301,247,0,203,0,0,0,0,0,-0.0008
11/20/2025,5:02:45,0,53,217,305,247,30,203,10,7,0,0,0,0
11/20/2025,5:02:50,0,54,194,302,247,4,203,0,0,0,0,0,0
11/20/2025,5:02:55,0,53,217,304,246,26,203,9,6,0,0,0,0
11/20/2025,5:03:00,0,55,197,302,246,0,201,0,0,0,0,0,0
11/20/2025,5:03:05,0,53,217,305,247,32,203,10,7,0,0,0,0
11/20/2025,5:03:10,0,53,196,302,246,0,201,0,0,0,0,0,0
11/20/2025,5:03:15,0,53,221,305,246,29,203,10,7,0,0,0,0
11/20/2025,5:03:20,0,53,197,299,247,3,203,0,1,0,0,0,-0.0008
11/20/2025,5:03:25,0,48,213,304,246,30,203,9,6,0,0,0,0
11/20/2025,5:03:30,0,55,194,302,246,4,202,0,0,0,0,0,0
11/20/2025,5:03:35,0,58,214,303,248,26,202,8,6,0,0,0,0
11/20/2025,5:03:40,0,56,194,303,247,11,203,3,3,0,0,0,0
11/20/2025,5:03:45,0,56,186,301,247,9,203,1,1,0,0,0,0
11/20/2025,5:03:50,0,56,213,304,245,34,202,11,8,0,0,0,0
11/20/2025,5:03:55,0,55,192,301,247,6,199,0,2,0,0,0,0
11/20/2025,5:04:00,0,56,202,301,247,24,203,5,4,0,0,0,0
11/20/2025,5:04:05,0,55,194,302,246,15,201,5,4,0,0,0,0
11/20/2025,5:04:10,0,53,192,301,246,17,202,4,4,0,0,0,0
11/20/2025,5:04:15,0,56,193,299,246,9,203,1,2,0,0,0,0
11/20/2025,5:04:20,0,55,215,304,247,34,202,11,7,0,0,0,0
11/20/2025,5:04:25,0,55,188,302,244,5,201,0,1,0,0,0,0
11/20/2025,5:04:30,0,59,193,301,247,13,203,5,3,0,0,0,0
11/20/2025,5:04:35,0,56,211,304,247,24,203,8,5,0,0,0,0
11/20/2025,5:04:40,0,58,188,301,247,3,202,0,0,0,0,0,0
11/20/2025,5:04:45,0,60,192,301,247,9,203,1,2,0,0,0,0
11/20/2025,5:04:50,0,58,202,303,247,27,202,8,6,0,0,0,0
11/20/2025,5:04:55,0,59,209,304,247,24,203,7,6,0,0,0,0
11/20/2025,5:05:00,0,57,191,301,246,0,201,0,0,0,0,0,-0.0008
11/20/2025,5:05:05,0,56,197,302,246,12,202,4,3,0,0,0,0
11/20/2025,5:05:10,0,53,213,304,247,31,203,8,6,0,0,0,0
11/20/2025,5:05:15,0,55,196,302,247,0,203,0,0,0,0,0,0
11/20/2025,5:05:20,0,53,203,305,247,29,204,9,7,0,0,0,0
11/20/2025,5:05:25,0,55,186,301,247,7,201,1,1,0,0,0,0
11/20/2025,5:05:30,0,54,199,305,247,23,203,7,5,0,0,0,0
11/20/2025,5:05:35,0,55,184,300,246,12,202,4,2,0,0,0,0
11/20/2025,5:05:40,0,53,195,304,246,15,202,4,4,0,0,0,0
11/20/2025,5:05:45,0,55,204,303,247,21,202,7,4,0,0,0,0
11/20/2025,5:05:50,0,54,193,302,246,6,203,1,2,0,0,0,0
11/20/2025,5:05:55,0,52,211,304,247,28,202,8,6,0,0,0,0
11/20/2025,5:06:00,0,52,196,302,246,0,204,0,1,0,0,0,0
11/20/2025,5:06:05,0,49,217,305,246,29,202,10,7,0,0,0,0
11/20/2025,5:06:10,0,54,199,299,247,0,203,0,0,0,0,0,0
11/20/2025,5:06:15,0,50,218,304,246,31,203,10,7,0,0,0,0
11/20/2025,5:06:20,0,51,189,302,247,3,202,1,1,0,0,0,0
11/20/2025,5:06:25,0,51,209,303,247,25,203,7,6,0,0,0,0
11/20/2025,5:06:30,0,52,194,301,247,8,203,2,3,0,0,0,0
11/20/2025,5:06:35,0,54,202,301,246,21,202,7,5,0,0,0,0
11/20/2025,5:06:40,0,52,195,304,245,15,201,5,4,0,0,0,0
11/20/2025,5:06:45,0,53,190,301,247,7,204,1,1,0,0,0,0
11/20/2025,5:06:50,0,52,207,303,247,34,203,10,8,0,0,0,0
11/20/2025,5:06:55,0,52,193,300,247,0,203,0,0,0,0,0,0
11/20/2025,5:07:00,0,54,208,304,245,33,203,10,8,0,0,0,0
11/20/2025,5:07:05,0,54,193,301,245,1,202,0,0,0,0,0,0
11/20/2025,5:07:10,0,53,203,303,247,27,202,9,6,0,0,0,0
11/20/2025,5:07:15,0,52,186,301,247,14,203,3,2,0,0,0,0
11/20/2025,5:07:20,0,50,196,303,247,12,204,4,4,0,0,0,0
11/20/2025,5:07:25,0,56,192,301,246,18,202,5,3,0,0,0,0
11/20/2025,5:07:30,0,53,197,303,245,19,204,6,5,0,0,0,0
11/20/2025,5:07:35,0,54,189,298,247,4,203,0,0,0,0,0,0
11/20/2025,5:07:40,0,53,206,303,247,32,201,10,7,0,0,0,0
11/20/2025,5:07:45,0,54,192,299,247,2,203,0,0,0,0,0,0
11/20/2025,5:07:50,0,54,203,300,247,28,203,9,7,0,0,0,-0.0008
11/20/2025,5:07:55,0,54,186,300,247,13,203,3,3,0,0,0,0
11/20/2025,5:08:00,0,57,196,301,246,9,203,3,2,0,0,0,0
11/20/2025,5:08:05,0,51,211,302,247,26,203,9,5,0,0,0,0
11/20/2025,5:08:10,0,54,196,301,244,0,201,0,0,0,0,0,0
11/20/2025,5:08:15,0,54,200,301,247,24,201,8,6,0,0,0,0
11/20/2025,5:08:20,0,51,208,302,245,21,203,6,5,0,0,0,0
11/20/2025,5:08:25,0,54,192,299,248,1,203,0,0,0,0,0,-0.0008
11/20/2025,5:08:30,0,55,193,301,247,9,203,3,3,0,0,0,0
11/20/2025,5:08:35,0,56,202,303,246,27,203,8,6,0,0,0,0
11/20/2025,5:08:40,0,58,211,303,246,28,203,10,6,0,0,0,-0.0008
11/20/2025,5:08:45,0,56,186,300,246,8,201,1,1,0,0,0,0
11/20/2025,5:08:50,0,54,195,301,246,11,202,4,3,0,0,0,0
11/20/2025,5:08:55,0,59,199,302,247,25,203,6,5,0,0,0,0
11/20/2025,5:09:00,0,56,201,303,246,22,202,8,5,0,0,0,0
11/20/2025,5:09:05,0,57,198,300,248,0,202,0,0,0,0,0,0
11/20/2025,5:09:10,0,56,204,301,246,21,203,6,5,0,0,0,0
11/20/2025,5:09:15,0,57,196,301,247,15,203,5,4,0,0,0,-0.0008
11/20/2025,5:09:20,0,53,188,299,246,18,201,4,3,0,0,0,0
11/20/2025,5:09:25,0,55,194,301,247,11,203,3,3,0,0,0,-0.0008
11/20/2025,5:09:30,0,57,207,303,246,22,203,8,5,0,0,0,0
11/20/2025,5:09:35,0,56,194,299,247,4,202,0,0,0,0,0,0
11/20/2025,5:09:40,0,56,219,303,246,32,202,10,7,0,0,0,0
11/20/2025,5:09:45,0,56,195,300,246,0,202,0,0,0,0,0,0
11/20/2025,5:09:50,0,58,213,304,246,34,202,10,7,0,0,0,0
11/20/2025,5:09:55,0,56,197,298,246,0,203,0,0,0,0,0,0
11/20/2025,5:10:00,0,58,218,303,246,31,203,10,7,0,0,0,0
11/20/2025,5:10:05,0,55,192,301,247,4,201,0,1,0,0,0,0
11/20/2025,5:10:10,0,59,204,302,246,22,201,7,4,0,0,0,0
11/20/2025,5:10:15,0,52,196,302,247,12,201,4,3,0,0,0,0
11/20/2025,5:10:20,0,61,200,301,247,21,204,6,4,0,0,0,0
11/20/2025,5:10:25,0,55,195,302,246,12,202,3,2,0,0,0,0
11/20/2025,5:10:30,0,54,195,302,247,20,203,5,4,0,0,0,0
11/20/2025,5:10:35,0,58,197,302,247,14,202,5,4,0,0,0,0
11/20/2025,5:10:40,0,56,184,301,246,13,203,2,3,0,0,0,0
11/20/2025,5:10:45,0,54,199,303,245,22,202,8,5,0,0,0,0
11/20/2025,5:10:50,0,56,184,301,247,12,201,3,2,0,0,0,0
11/20/2025,5:10:55,0,56,196,303,247,11,203,3,3,0,0,0,0
11/20/2025,5:11:00,0,55,211,304,248,25,201,8,5,0,0,0,-0.0008
11/20/2025,5:11:05,0,55,195,300,246,0,202,0,0,0,0,0,0
11/20/2025,5:11:10,0,55,197,305,244,20,201,7,5,0,0,0,0
11/20/2025,5:11:55,0,64,189,301,247,15,201,6,4,0,0,0,0
11/20/2025,5:11:59,0,58,198,301,246,1,202,0,0,0,0,0,0
11/20/2025,5:12:04,0,61,217,303,247,31,202,9,6,0,0,0,0
11/20/2025,5:12:09,0,59,196,300,246,4,203,0,1,0,0,0,0
11/20/2025,5:12:14,0,57,211,305,245,26,202,9,5,0,0,0,0
11/20/2025,5:12:19,0,57,189,301,246,4,202,0,1,0,0,0,0
11/20/2025,5:12:24,0,57,216,305,246,28,203,9,6,0,0,0,0
11/20/2025,5:12:29,0,56,198,299,246,0,203,0,0,0,0,0,0
11/20/2025,5:12:34,0,54,209,304,247,32,203,10,7,0,0,0,0
11/20/2025,5:12:39,0,55,195,301,246,0,203,0,0,0,0,0,0
11/20/2025,5:12:44,0,54,207,303,247,30,203,10,7,0,0,0,0
11/20/2025,5:12:49,0,55,187,300,247,8,203,1,0,0,0,0,0
11/20/2025,5:12:54,0,52,195,302,245,16,201,3,4,0,0,0,0
11/20/2025,5:12:59,0,57,213,305,245,26,201,8,5,0,0,0,0
11/20/2025,5:13:04,0,54,189,300,246,2,204,0,0,0,0,0,0
11/20/2025,5:13:09,0,54,196,303,246,12,202,4,3,0,0,0,0
11/20/2025,5:13:14,0,53,208,301,247,26,203,8,5,0,0,0,-0.0008
11/20/2025,5:13:19,0,54,195,301,245,0,203,0,0,0,0,0,0
11/20/2025,5:13:24,0,54,198,301,246,17,201,5,4,0,0,0,-0.0008
11/20/2025,5:13:29,0,55,202,303,247,22,202,6,5,0,0,0,0
11/20/2025,5:13:34,0,53,194,300,247,6,203,1,2,0,0,0,0
11/20/2025,5:13:39,0,55,210,303,246,27,202,8,5,0,0,0,0
11/20/2025,5:13:44,0,53,195,302,245,8,202,2,2,0,0,0,0
11/20/2025,5:13:49,0,55,208,303,247,21,203,8,4,0,0,0,0
11/20/2025,5:13:54,0,52,194,302,246,8,204,3,2,0,0,0,0
11/20/2025,5:13:59,0,53,219,305,244,30,201,10,6,0,0,0,0
11/20/2025,5:14:04,0,55,189,301,246,3,201,0,0,0,0,0,0
11/20/2025,5:14:09,0,58,196,302,246,10,203,4,3,0,0,0,0
11/20/2025,5:14:14,0,54,210,303,246,28,202,9,6,0,0,0,0
11/20/2025,5:14:19,0,55,193,302,247,0,201,0,0,0,0,0,0
11/20/2025,5:14:24,0,55,204,305,247,28,204,9,7,0,0,0,0
11/20/2025,5:14:29,0,53,184,301,246,6,201,1,1,0,0,0,0
11/20/2025,5:14:34,0,55,201,303,246,26,202,8,6,0,0,0,0
11/20/2025,5:14:39,0,55,187,299,246,3,203,0,0,0,-0.0008,0,0
11/20/2025,5:14:44,0,54,200,305,246,26,202,8,6,0,0,0,0
11/20/2025,5:14:49,0,56,186,302,246,12,201,3,3,0,0,0,0
11/20/2025,5:14:54,0,58,193,302,247,8,203,3,3,0,0,0,0
11/20/2025,5:14:59,0,53,219,304,247,34,203,10,7,0,0,0,0
11/20/2025,5:15:04,0,54,187,301,246,6,202,1,0,0,0,0,0
11/20/2025,5:15:09,0,59,195,303,247,15,203,3,3,0,0,0,0
11/20/2025,5:15:14,0,56,208,305,244,25,203,9,5,0,0,0,-0.0008
11/20/2025,5:15:19,0,54,197,299,246,0,203,0,0,0,0,0,0
11/20/2025,5:15:24,0,55,196,305,245,19,201,6,5,0,0,0,0
11/20/2025,5:15:29,0,57,208,303,245,24,202,7,5,0,0,0,0
11/20/2025,5:15:34,0,55,185,301,247,7,203,1,1,0,0,0,-0.0008
11/20/2025,5:15:39,0,51,197,301,247,4,203,0,1,0,0,0,0
11/20/2025,5:15:44,0,55,195,305,246,18,203,6,4,0,0,0,0
11/20/2025,5:15:49,0,56,214,304,247,34,203,11,7,0,0,0,0
11/20/2025,5:15:54,0,54,201,304,247,19,202,6,4,0,0,0,0
11/20/2025,5:15:59,0,56,193,301,246,0,202,0,0,0,0,0,0
11/20/2025,5:16:04,0,53,193,303,246,11,203,3,3,0,0,0,0
11/20/2025,5:16:09,0,58,206,302,246,33,203,11,7,0,0,0,0
11/20/2025,5:16:14,0,59,207,302,247,25,203,8,5,0,0,0,0
11/20/2025,5:16:19,0,57,188,301,246,5,203,0,1,0,0,0,0
11/20/2025,5:16:24,0,55,194,302,246,7,202,3,2,0,0,0,0
11/20/2025,5:16:29,0,58,206,304,246,32,202,10,7,0,0,0,0
11/20/2025,5:16:34,0,59,192,302,246,17,201,5,4,0,0,0,0
11/20/2025,5:16:39,0,58,192,302,247,3,202,0,2,0,0,0,-0.0008
11/20/2025,5:16:44,0,54,210,305,247,33,203,10,8,0,0,0,0
11/20/2025,5:16:49,0,56,186,301,246,6,202,1,1,0,0,0,0
11/20/2025,5:16:54,0,55,195,303,244,15,202,4,3,0,0,0,0
11/20/2025,5:16:59,0,56,204,303,246,23,201,6,5,0,0,0,0
11/20/2025,5:17:04,0,56,194,302,246,3,202,1,1,0,0,0,0
11/20/2025,5:17:09,0,56,217,301,247,35,203,11,8,0,0,0,-0.0008
11/20/2025,5:17:14,0,55,194,301,246,0,202,0,0,0,0,0,0
11/20/2025,5:17:19,0,55,199,304,247,24,203,8,6,0,0,0,0
11/20/2025,5:17:24,0,55,187,300,246,7,203,2,2,0,0,0,0
11/20/2025,5:17:29,0,55,203,305,245,25,202,9,6,0,0,0,0
11/20/2025,5:17:34,0,56,192,303,246,0,203,0,0,0,0,0,0
11/20/2025,5:17:39,0,55,213,304,246,32,202,10,7,0,0,0,-0.0008
11/20/2025,5:17:44,0,55,193,302,245,0,203,0,0,0,0,0,0
11/20/2025,5:17:49,0,56,203,305,247,29,203,10,7,0,0,0,0
11/20/2025,5:17:54,0,57,186,299,246,7,203,1,1,0,0,0,0
11/20/2025,5:17:59,0,55,197,304,246,15,203,5,4,0,0,0,0
11/20/2025,5:18:04,0,56,206,304,245,22,202,7,4,0,0,0,0
11/20/2025,5:18:09,0,57,195,302,249,0,201,0,0,0,0,0,0
11/20/2025,5:18:14,0,56,208,304,247,31,202,10,7,0,0,0,0
11/20/2025,5:18:19,0,57,184,302,245,7,202,1,1,0,0,0,0
11/20/2025,5:18:24,0,60,197,304,246,17,204,5,5,0,0,0,-0.0008
11/20/2025,5:18:29,0,57,184,302,246,22,204,3,3,0,0,0,0
11/20/2025,5:18:34,0,57,196,304,246,16,203,5,4,0,0,0,0
11/20/2025,5:18:39,0,57,192,302,246,19,203,4,3,0,0,0,0
11/20/2025,5:18:44,0,56,194,301,246,9,203,2,3,0,0,0,0
11/20/2025,5:18:49,0,56,215,302,247,31,203,10,7,0,0,0,0
11/20/2025,5:18:54,0,58,186,301,246,8,202,2,2,0,0,0,0
11/20/2025,5:18:59,0,57,192,300,246,6,202,2,2,0,0,0,0
11/20/2025,5:19:04,0,59,201,303,246,26,202,8,6,0,0,0,0
11/20/2025,5:19:09,0,56,217,304,244,29,201,10,6,0,0,0,0
11/20/2025,5:19:14,0,57,192,301,247,17,203,4,4,0,0,0,0
11/20/2025,5:19:19,0,58,195,299,246,0,202,0,0,0,0,0,-0.0008
11/20/2025,5:19:24,0,58,197,301,247,14,202,4,3,0,0,-0.0008,0
11/20/2025,5:19:29,0,58,214,301,246,33,203,10,7,0,0,0,0
11/20/2025,5:19:34,0,57,185,299,246,12,202,2,2,0,-0.0008,0,0
11/20/2025,5:19:39,0,59,196,301,246,14,203,3,3,0,0,0,0
11/20/2025,5:19:44,0,58,206,302,246,23,201,7,5,0,0,0,0
11/20/2025,5:19:49,0,57,190,299,246,4,202,2,2,0,0,0,-0.0008
11/20/2025,5:19:54,0,55,217,301,246,31,203,10,7,0,0,0,0
11/20/2025,5:19:59,0,56,194,299,246,0,202,0,0,0,0,0,-0.0008
11/20/2025,5:20:04,0,56,195,302,247,17,203,5,5,0,0,0,0
11/20/2025,5:20:09,0,55,207,302,246,27,201,7,6,0,0,0,0
11/20/2025,5:20:14,0,56,192,300,244,0,202,0,0,0,0,0,0
11/20/2025,5:20:19,0,55,194,302,246,17,203,6,4,0,0,0,0
11/20/2025,5:20:24,0,55,204,302,246,22,199,6,4,0,0,0,0
11/20/2025,5:20:29,0,56,198,299,246,1,203,0,0,0,0,0,0
11/20/2025,5:20:34,0,55,206,300,247,31,203,10,7,0,0,0,-0.0008
11/20/2025,5:20:39,0,56,196,300,246,17,202,5,3,0,0,0,0
11/20/2025,5:20:44,0,60,192,300,245,5,203,2,2,-0.0008,0,0,0
11/20/2025,5:20:49,0,56,213,303,246,32,203,9,7,0,0,0,0
11/20/2025,5:20:54,0,58,187,299,246,4,201,0,0,0,0,0,0
11/20/2025,5:20:59,0,57,198,300,246,14,203,4,3,0,0,0,0
11/20/2025,5:21:04,0,56,211,303,245,26,202,9,6,0,0,0,0
11/20/2025,5:21:09,0,57,198,300,246,0,202,0,0,0,0,0,0
11/20/2025,5:21:14,0,57,207,303,246,31,202,10,7,0,0,0,0
11/20/2025,5:21:19,0,56,187,297,246,6,202,0,0,0,0,0,0
11/20/2025,5:21:24,0,57,197,303,245,13,202,5,3,0,0,0,0
11/20/2025,5:21:55,0,59,201,301,246,9,202,3,2,0,0,0,0
11/20/2025,5:21:59,0,57,192,300,246,1,203,0,0,0,0,0,0
11/20/2025,5:22:04,0,55,191,301,246,6,203,1,1,0,0,0,0
11/20/2025,5:22:09,0,57,195,300,246,19,203,5,4,0,0,0,0
11/20/2025,5:22:14,0,57,207,303,246,31,201,10,7,0,0,0,0
11/20/2025,5:22:19,0,55,206,303,245,22,201,7,5,0,0,0,0
11/20/2025,5:22:24,0,56,186,302,248,5,202,1,1,0,0,0,0
11/20/2025,5:22:29,0,57,192,301,247,5,198,1,1,0,0,0,0
11/20/2025,5:22:34,0,55,196,304,244,19,201,5,4,0,0,0,0
11/20/2025,5:22:39,0,56,204,304,246,31,203,10,7,0,0,0,0
11/20/2025,5:22:44,0,57,209,304,246,31,203,10,7,0,0,0,0
11/20/2025,5:22:49,0,56,214,304,246,32,202,11,7,0,0,0,0
11/20/2025,5:22:54,0,59,212,304,246,25,202,9,6,0,0,0,0
11/20/2025,5:22:59,0,56,202,304,247,20,201,7,4,0,0,0,0
11/20/2025,5:23:04,0,56,188,302,247,7,202,2,1,0,0,0,0
11/20/2025,5:23:09,0,56,199,302,245,1,201,0,0,0,0,0,0
11/20/2025,5:23:14,0,56,194,303,246,12,201,3,3,0,0,0,0
11/20/2025,5:23:19,0,55,208,305,246,32,202,10,7,0,0,0,0
11/20/2025,5:23:24,0,56,201,304,246,20,202,6,4,0,0,0,0
11/20/2025,5:23:29,0,57,188,302,246,2,202,0,0,0,0,0,0
11/20/2025,5:23:34,0,60,197,301,246,3,203,0,0,0,0,0,0
11/20/2025,5:23:39,0,56,193,304,246,17,202,6,4,0,0,0,0
11/20/2025,5:23:44,0,55,214,305,246,33,201,9,7,0,0,0,0
11/20/2025,5:23:49,0,58,198,304,246,20,201,7,4,0,0,0,0
11/20/2025,5:23:54,0,55,189,301,246,3,202,0,0,0,0,0,0
11/20/2025,5:23:59,0,56,191,303,246,8,201,1,1,0,0,0,0
11/20/2025,5:24:04,0,56,202,305,246,26,203,8,6,0,0,0,0
11/20/2025,5:24:09,0,56,215,305,246,31,201,9,6,0,0,0,0
11/20/2025,5:24:14,0,54,182,302,246,11,202,3,3,0,0,0,0
11/20/2025,5:24:19,0,51,196,301,246,3,203,0,1,0,0,0,0
11/20/2025,5:24:24,0,58,194,303,246,12,202,4,3,0,0,0,0
11/20/2025,5:24:29,0,56,204,303,247,31,203,10,7,0,0,0,0
11/20/2025,5:24:34,0,57,206,305,246,21,203,8,5,0,0,0,0
11/20/2025,5:24:39,0,56,187,303,247,3,203,0,0,0,0,0,-0.0008
11/20/2025,5:24:44,0,57,192,303,247,8,201,2,2,0,0,0,0
11/20/2025,5:24:49,0,55,210,304,246,32,203,10,7,0,0,0,-0.0008
11/20/2025,5:24:54,0,57,194,302,246,18,201,4,4,0,0,0,-0.0008
11/20/2025,5:24:59,0,57,193,302,245,0,202,0,0,0,0,0,0
11/20/2025,5:25:04,0,56,196,303,246,14,203,3,3,0,0,0,0
11/20/2025,5:25:09,0,57,219,304,246,32,202,10,5,0,0,0,0
11/20/2025,5:25:14,0,56,186,301,246,9,202,1,1,0,0,0,0
11/20/2025,5:25:19,0,57,195,303,246,7,201,1,1,0,0,0,0
11/20/2025,5:25:24,0,58,196,304,245,16,202,6,4,0,0,0,0
11/20/2025,5:25:29,0,55,212,306,246,33,203,10,7,0,0,0,0
11/20/2025,5:25:34,0,56,211,306,246,24,202,8,5,0,0,0,0
11/20/2025,5:25:39,0,55,194,304,246,15,203,5,4,0,0,0,0
11/20/2025,5:25:44,0,53,193,300,247,0,202,0,0,0,0,0,0
11/20/2025,5:25:49,0,55,192,303,246,7,202,1,1,0,0,0,0
11/20/2025,5:25:54,0,56,195,304,246,16,201,5,4,0,0,0,0
11/20/2025,5:25:59,0,54,202,306,247,25,203,8,6,0,0,0,0
11/20/2025,5:26:04,0,56,214,306,246,31,202,10,7,0,0,0,-0.0008
11/20/2025,5:26:09,0,57,202,304,246,19,202,7,3,0,0,0,0
11/20/2025,5:26:14,0,56,186,302,246,5,203,0,0,0,0,0,-0.0008
11/20/2025,5:26:19,0,55,193,303,246,4,203,1,1,0,0,0,0
11/20/2025,5:26:24,0,56,195,306,246,17,201,6,5,0,0,0,0
11/20/2025,5:26:29,0,54,211,304,246,33,203,10,7,0,0,0,0
11/20/2025,5:26:34,0,56,205,306,246,21,202,6,5,0,0,0,0
11/20/2025,5:26:39,0,57,190,303,246,3,202,0,0,0,0,0,0
11/20/2025,5:26:44,0,56,192,304,246,8,202,1,2,0,0,0,0
11/20/2025,5:26:49,0,55,198,307,246,19,203,7,5,0,0,0,0
11/20/2025,5:26:54,0,56,209,307,246,32,201,9,7,0,0,0,0
11/20/2025,5:26:59,0,56,214,307,245,26,202,9,6,0,0,0,-0.0008
11/20/2025,5:27:04,0,58,204,307,244,19,201,6,4,0,0,0,0
11/20/2025,5:27:09,0,55,183,304,246,12,201,3,2,0,0,0,0
11/20/2025,5:27:14,0,55,197,305,246,0,201,0,0,0,0,0,-0.0008
11/20/2025,5:27:19,0,55,196,307,247,12,202,4,3,0,0,0,0
11/20/2025,5:27:24,0,56,206,307,246,32,201,10,7,0,0,0,0
11/20/2025,5:27:29,0,54,199,307,247,24,202,6,4,0,0,0,0
11/20/2025,5:27:34,0,56,199,306,247,0,201,0,0,0,0,0,0
11/20/2025,5:27:39,0,56,198,307,246,17,201,6,5,0,0,0,0
11/20/2025,5:27:44,0,56,213,308,245,28,202,9,6,0,0,0,0
11/20/2025,5:27:49,0,55,183,305,246,12,198,3,3,0,0,0,0
11/20/2025,5:27:54,0,52,199,305,246,3,204,0,0,0,0,0,0
11/20/2025,5:27:59,0,57,195,306,246,16,203,5,3,-0.0008,0,0,0
11/20/2025,5:28:04,0,55,207,308,246,29,202,8,7,0,0,0,0
11/20/2025,5:28:09,0,56,209,308,246,23,202,7,5,0,0,0,0
11/20/2025,5:28:14,0,54,186,305,246,7,203,1,1,0,0,0,0
11/20/2025,5:28:19,0,55,195,303,246,1,203,0,0,0,0,0,0
11/20/2025,5:28:24,0,57,192,306,246,6,203,0,2,0,0,0,0
11/20/2025,5:28:29,0,54,196,307,246,10,202,3,3,0,0,0,0
11/20/2025,5:28:34,0,57,199,308,246,26,201,8,6,0,0,0,0
11/20/2025,5:28:39,0,57,211,309,245,32,202,10,7,0,0,0,0
11/20/2025,5:28:44,0,57,214,308,246,27,201,10,6,0,0,0,0
11/20/2025,5:28:49,0,55,203,308,247,20,201,6,5,0,0,0,0
11/20/2025,5:28:54,0,55,188,307,246,8,204,1,1,0,0,0,0
11/20/2025,5:28:59,0,56,190,305,246,7,203,1,1,0,0,0,-0.0008
11/20/2025,5:29:04,0,56,201,309,247,26,203,7,6,0,0,0,0
11/20/2025,5:29:09,0,56,217,309,246,28,203,8,6,0,0,0,0
11/20/2025,5:29:14,0,56,201,307,246,19,203,6,4,0,0,0,-0.0008
11/20/2025,5:29:19,0,56,183,305,246,12,200,2,2,0,0,0,0
11/20/2025,5:29:24,0,58,193,306,244,0,202,0,0,0,0,0,-0.0008
11/20/2025,5:29:29,0,58,194,307,247,8,202,3,3,0,0,0,0
11/20/2025,5:29:34,0,58,214,309,246,31,202,10,7,0,0,0,0
11/20/2025,5:29:39,0,56,184,306,247,14,201,3,3,0,0,0,0
11/20/2025,5:29:44,0,58,191,304,246,4,202,0,1,0,0,0,0
11/20/2025,5:29:49,0,57,195,310,246,21,203,7,6,0,0,0,0
11/20/2025,5:29:54,0,58,218,309,246,30,201,9,7,0,0,0,0
11/20/2025,5:29:59,0,61,198,308,246,16,202,5,4,0,0,0,0
11/20/2025,5:30:04,0,57,196,304,246,1,202,0,0,0,0,0,0
11/20/2025,5:30:09,0,58,193,308,247,9,201,3,3,0,0,0,0
11/20/2025,5:30:14,0,57,203,309,246,27,203,9,6,0,0,0,0
11/20/2025,5:30:19,0,58,212,310,246,27,201,8,6,0,0,0,0
11/20/2025,5:30:24,0,51,192,308,247,19,203,5,3,0,0,0,0
11/20/2025,5:30:29,0,56,193,307,246,0,202,0,0,0,0,0,0
11/20/2025,5:30:34,0,57,196,309,245,9,203,2,3,0,0,0,0
11/20/2025,5:30:39,0,56,207,311,245,29,202,11,7,0,0,0,0
11/20/2025,5:30:44,0,58,216,311,245,29,202,9,6,0,0,0,0
11/20/2025,5:30:49,0,56,198,309,246,20,200,6,4,0,0,0,0
11/20/2025,5:30:54,0,56,192,308,247,1,202,0,0,0,0,0,0
11/20/2025,5:30:59,0,54,194,309,246,11,203,3,3,0,0,0,0
11/20/2025,5:31:04,0,55,213,311,246,33,203,11,7,0,0,0,0
11/20/2025,5:31:09,0,54,186,308,246,5,203,1,1,0,0,0,0
11/20/2025,5:31:14,0,52,194,309,246,11,203,4,3,0,0,0,0
11/20/2025,5:31:19,0,55,216,311,244,32,202,10,7,0,0,0,0
11/20/2025,5:31:24,0,55,188,309,245,8,202,1,1,0,0,0,0
11/20/2025,5:31:29,0,55,195,308,246,11,202,3,3,0,0,0,0
11/20/2025,5:31:34,0,55,212,310,246,31,201,10,7,0,0,0,0
11/20/2025,5:32:24,0,55,201,308,246,23,203,8,5,0,0,0,0
11/20/2025,5:32:28,0,53,210,307,246,29,203,9,6,0,0,0,0
11/20/2025,5:32:33,0,59,193,308,246,5,202,1,2,0,0,0,0
11/20/2025,5:32:38,0,56,203,311,245,24,202,7,4,0,0,0,0
11/20/2025,5:32:43,0,49,195,310,247,11,203,3,3,0,0,0,0
11/20/2025,5:32:48,0,56,184,307,246,10,201,2,2,0,0,0,0
11/20/2025,5:32:53,0,54,206,308,246,31,202,11,7,0,0,0,0
11/20/2025,5:32:58,0,54,199,308,245,0,202,0,0,0,0,0,0
11/20/2025,5:33:03,0,55,206,309,246,26,201,7,5,0,0,0,0
11/20/2025,5:33:08,0,55,194,307,246,14,203,4,4,0,0,0,-0.0008
11/20/2025,5:33:13,0,55,190,308,246,0,202,0,0,0,0,0,0
11/20/2025,5:33:18,0,56,209,309,246,25,202,8,5,0,0,0,0
11/20/2025,5:33:23,0,55,203,311,246,29,202,10,7,0,0,0,0
11/20/2025,5:33:28,0,53,195,308,246,10,202,3,3,0,0,0,0
11/20/2025,5:33:33,0,56,195,307,246,0,203,0,0,0,0,0,-0.0008
11/20/2025,5:33:38,0,56,218,310,246,31,201,10,7,0,0,0,0
11/20/2025,5:33:43,0,54,196,307,246,0,203,0,0,0,0,0,0
11/20/2025,5:33:48,0,57,207,311,247,32,202,10,8,0,0,0,0
11/20/2025,5:33:53,0,56,187,307,246,6,203,1,1,0,0,0,0
11/20/2025,5:33:58,0,56,205,311,246,32,202,10,8,0,0,0,0
11/20/2025,5:34:03,0,57,196,307,246,3,202,0,1,0,0,0,0
11/20/2025,5:34:08,0,56,199,310,245,20,201,6,4,0,0,0,0
11/20/2025,5:34:13,0,56,194,311,246,22,202,7,6,0,0,0,0
11/20/2025,5:34:18,0,55,191,308,246,1,202,0,0,0,0,0,0
11/20/2025,5:34:23,0,56,218,311,246,30,203,10,7,0,0,0,0
11/20/2025,5:34:28,0,56,195,306,246,10,203,3,3,0,0,0,0
11/20/2025,5:34:33,0,54,186,308,246,20,203,3,3,0,0,0,0
11/20/2025,5:34:38,0,55,201,311,246,26,202,8,6,0,0,0,0
11/20/2025,5:34:43,0,55,193,307,246,0,203,0,0,0,0,0,0
11/20/2025,5:34:48,0,54,214,311,246,34,202,11,7,0,0,0,0
11/20/2025,5:34:53,0,52,192,308,246,6,201,1,1,0,0,0,0
11/20/2025,5:34:58,0,53,196,309,246,20,203,5,4,0,0,0,0
11/20/2025,5:35:03,0,56,197,310,247,28,202,10,7,0,0,0,0
11/20/2025,5:35:08,0,55,191,308,246,0,201,0,0,0,0,0,0
11/20/2025,5:35:13,0,55,213,310,246,28,202,9,6,0,0,0,0
11/20/2025,5:35:18,0,54,195,309,245,9,201,3,3,0,0,0,0
11/20/2025,5:35:23,0,56,187,309,244,9,201,1,3,0,0,0,0
11/20/2025,5:35:28,0,57,212,311,244,34,201,10,8,0,0,0,0
11/20/2025,5:35:33,0,55,194,309,246,8,202,2,3,0,0,0,0
11/20/2025,5:35:38,0,57,187,309,246,3,202,0,0,0,0,0,-0.0008
11/20/2025,5:35:43,0,55,211,312,246,22,202,8,6,0,0,0,0
11/20/2025,5:35:48,0,54,198,311,247,24,202,8,6,0,0,0,0
11/20/2025,5:35:53,0,55,196,309,247,1,201,0,0,0,0,0,0
11/20/2025,5:35:58,0,55,203,311,246,22,202,8,5,0,0,0,0
11/20/2025,5:36:03,0,55,195,311,247,15,201,4,4,0,0,0,0
11/20/2025,5:36:08,0,53,190,306,246,3,202,0,0,0,0,0,0
11/20/2025,5:36:13,0,49,216,309,247,29,201,9,6,0,0,0,0
11/20/2025,5:36:18,0,53,194,309,246,11,203,3,3,0,0,0,0
11/20/2025,5:36:23,0,54,187,309,246,6,202,0,1,0,0,0,0
11/20/2025,5:36:28,0,53,217,312,246,31,203,10,7,0,0,0,0
11/20/2025,5:36:33,0,53,193,311,244,10,202,4,3,0,0,0,0
11/20/2025,5:36:38,0,53,189,309,246,0,201,0,0,0,0,0,0
11/20/2025,5:36:43,0,53,201,311,244,21,202,7,4,0,0,0,0
11/20/2025,5:36:48,0,55,202,311,245,29,202,10,7,0,0,0,0
11/20/2025,5:36:53,0,57,196,309,246,0,202,0,0,0,0,0,0
11/20/2025,5:36:58,0,56,211,311,246,24,202,8,5,0,0,0,0
11/20/2025,5:37:03,0,55,192,309,246,7,201,2,2,0,0,0,0
11/20/2025,5:37:08,0,56,201,309,246,20,202,6,4,0,0,0,0
11/20/2025,5:37:13,0,55,195,311,245,15,202,5,4,0,0,0,0
11/20/2025,5:37:18,0,55,193,309,247,0,201,0,0,0,0,0,0
11/20/2025,5:37:23,0,56,208,312,246,22,202,7,5,0,0,0,0
11/20/2025,5:37:28,0,55,194,310,246,10,203,4,3,0,0,0,0
11/20/2025,5:37:33,0,54,207,311,246,23,202,7,5,0,0,0,0
11/20/2025,5:37:38,0,55,197,309,246,0,201,0,0,0,0,0,0
11/20/2025,5:37:43,0,55,207,312,244,29,201,10,7,0,0,0,0
11/20/2025,5:37:48,0,54,187,308,244,7,201,1,1,0,0,0,0
11/20/2025,5:37:53,0,56,196,310,246,16,203,5,4,0,0,0,0
11/20/2025,5:37:58,0,52,192,310,246,16,201,4,4,0,0,0,0
11/20/2025,5:38:03,0,57,193,309,246,10,202,3,3,0,0,0,-0.0008
11/20/2025,5:38:08,0,56,209,311,246,25,201,7,5,0,0,0,-0.0008
11/20/2025,5:38:13,0,52,195,307,246,2,202,0,1,0,0,0,0
11/20/2025,5:38:18,0,56,209,312,245,31,201,10,7,0,0,0,0
11/20/2025,5:38:23,0,56,191,307,246,2,203,0,0,0,0,0,0
11/20/2025,5:38:28,0,54,201,311,246,25,203,8,6,0,0,0,0
11/20/2025,5:38:33,0,55,190,308,246,0,202,0,0,0,0,0,0
11/20/2025,5:38:38,0,54,208,312,246,31,202,9,7,0,0,0,0
11/20/2025,5:38:43,0,54,194,307,246,3,203,0,1,0,0,0,0
11/20/2025,5:38:48,0,49,197,310,247,19,202,6,4,0,0,0,0
11/20/2025,5:38:53,0,54,202,311,246,26,203,9,6,0,0,0,0
11/20/2025,5:38:58,0,55,198,308,246,3,203,0,0,0,0,0,0
11/20/2025,5:39:03,0,56,204,311,247,19,202,6,4,0,0,0,0
11/20/2025,5:39:08,0,54,195,312,244,14,203,5,4,0,0,0,0
11/20/2025,5:39:13,0,54,188,309,246,2,203,0,0,0,0,0,0
11/20/2025,5:39:18,0,54,217,312,245,31,201,9,6,0,0,0,0
11/20/2025,5:39:23,0,54,191,308,246,8,202,2,2,0,0,0,0
11/20/2025,5:39:28,0,54,185,309,246,11,202,3,3,0,0,0,0
11/20/2025,5:39:33,0,55,204,310,246,29,201,9,7,0,0,0,0
11/20/2025,5:39:38,0,53,191,309,246,0,202,0,0,0,0,0,0
11/20/2025,5:39:43,0,52,208,312,246,32,202,11,7,0,0,0,0
11/20/2025,5:39:48,0,52,193,309,246,0,202,0,0,0,0,0,-0.0008
11/20/2025,5:39:53,0,53,215,309,246,32,203,11,7,0,0,0,0
11/20/2025,5:39:58,0,54,192,309,246,0,201,0,0,0,0,0,0
11/20/2025,5:40:03,0,51,210,312,247,31,202,10,7,0,0,0,0
11/20/2025,5:40:08,0,53,190,309,246,2,202,0,0,0,0,0,0
11/20/2025,5:40:13,0,53,197,312,246,23,202,7,6,0,0,0,0
11/20/2025,5:40:18,0,50,188,309,246,15,201,4,3,0,0,0,0
11/20/2025,5:40:23,0,52,196,310,245,15,203,4,4,0,0,0,0
11/20/2025,5:40:28,0,53,185,309,244,8,201,1,1,0,0,0,0
11/20/2025,5:40:33,0,54,206,312,246,31,202,10,7,0,0,0,0
11/20/2025,5:40:38,0,56,192,307,246,2,203,0,1,0,0,0,0
11/20/2025,5:40:43,0,58,202,311,247,21,201,6,5,0,0,0,0
11/20/2025,5:40:48,0,56,194,311,246,12,203,5,3,0,0,0,0
11/20/2025,5:40:53,0,57,183,309,246,12,203,2,2,0,0,0,0
11/20/2025,5:40:58,0,57,200,312,244,24,203,8,6,0,0,0,0
11/20/2025,5:41:03,0,57,189,310,244,2,201,0,0,0,0,0,0
11/20/2025,5:41:08,0,57,206,312,246,30,203,10,7,0,0,0,0
11/20/2025,5:41:13,0,56,196,309,246,0,201,0,0,0,0,0,0
11/20/2025,5:41:18,0,60,205,309,246,24,203,7,5,0,0,0,0
11/20/2025,5:41:23,0,55,196,311,246,22,202,7,5,0,0,0,0
11/20/2025,5:41:28,0,55,192,308,246,0,202,0,0,0,0,0,0
11/20/2025,5:41:33,0,54,210,311,245,27,201,8,6,0,0,0,-0.0008
11/20/2025,5:41:38,0,56,193,308,246,10,202,4,2,0,0,0,0
11/20/2025,5:42:14,0,57,214,312,246,25,201,8,6,0,0,0,0
11/20/2025,5:42:18,0,57,188,310,247,1,201,0,0,0,0,0,0
11/20/2025,5:42:23,0,54,219,313,244,29,201,9,6,0,0,0,0
11/20/2025,5:42:28,0,56,189,309,247,4,202,0,1,0,0,0,0
11/20/2025,5:42:33,0,55,209,309,246,26,203,7,4,0,0,0,0
11/20/2025,5:42:38,0,56,192,308,246,11,203,3,3,0,0,0,0
11/20/2025,5:42:43,0,55,197,312,246,17,203,6,4,0,0,0,-0.0008
11/20/2025,5:42:48,0,54,195,311,246,16,202,4,4,0,0,0,0
11/20/2025,5:42:53,0,55,185,309,247,8,201,1,1,0,0,0,0
11/20/2025,5:42:58,0,55,208,312,246,33,202,10,8,0,0,0,0
11/20/2025,5:43:03,0,54,194,308,246,2,202,0,0,0,0,0,0
11/20/2025,5:43:08,0,55,189,311,246,16,201,4,3,0,0,0,0
11/20/2025,5:43:13,0,54,203,309,246,31,203,10,7,0,0,0,0
11/20/2025,5:43:18,0,55,196,309,246,0,202,0,0,0,0,0,0
11/20/2025,5:43:23,0,54,210,313,246,34,203,11,8,0,0,0,0
11/20/2025,5:43:28,0,55,193,309,246,0,203,0,0,0,0,0,0
11/20/2025,5:43:33,0,54,203,312,246,28,203,9,7,0,0,0,0
11/20/2025,5:43:38,0,53,185,307,246,8,202,1,1,0,0,0,-0.0008
11/20/2025,5:43:43,0,54,199,313,246,26,202,8,6,0,0,0,0
11/20/2025,5:43:48,0,55,185,310,244,4,201,0,1,0,0,0,0
11/20/2025,5:43:53,0,55,200,313,246,28,203,9,7,0,0,0,0
11/20/2025,5:43:58,0,55,187,310,246,0,200,0,0,0,0,0,0
11/20/2025,5:44:03,0,57,203,313,246,29,203,9,7,0,0,0,0
11/20/2025,5:44:08,0,54,185,310,246,8,201,1,2,0,0,0,0
11/20/2025,5:44:13,0,54,195,313,246,18,203,5,4,0,0,0,0
11/20/2025,5:44:18,0,54,195,311,245,19,202,6,4,0,0,0,0
11/20/2025,5:44:23,0,54,191,308,246,6,202,0,2,0,0,0,0
11/20/2025,5:44:28,0,54,212,314,246,34,203,10,8,0,0,0,-0.0008
11/20/2025,5:44:33,0,54,182,310,246,11,201,3,3,0,0,0,0
11/20/2025,5:44:38,0,57,193,311,246,10,202,2,3,0,0,0,0
11/20/2025,5:44:43,0,52,216,313,244,30,202,10,6,0,0,0,0
11/20/2025,5:44:48,0,55,188,311,245,0,201,0,0,0,0,0,0
11/20/2025,5:44:53,0,54,200,314,246,27,203,9,6,0,0,0,-0.0008
11/20/2025,5:44:58,0,57,192,312,246,17,202,5,4,0,0,0,0
11/20/2025,5:45:03,0,55,196,311,245,1,202,0,0,0,0,0,0
11/20/2025,5:45:08,0,53,200,314,246,23,203,7,6,0,0,0,-0.0008
11/20/2025,5:45:13,0,52,209,314,246,29,203,8,5,0,0,0,-0.0008
11/20/2025,5:45:18,0,54,191,312,245,0,202,0,0,0,0,0,0
11/20/2025,5:45:23,0,55,197,314,245,18,202,6,6,0,0,0,0
11/20/2025,5:45:28,0,53,194,312,246,15,201,5,4,0,0,0,0
11/20/2025,5:45:33,0,52,190,309,246,8,203,1,1,0,0,0,0
11/20/2025,5:45:38,0,52,204,316,246,33,201,9,8,0,0,0,0
11/20/2025,5:45:43,0,54,200,311,246,20,206,7,5,0,0,0,0
11/20/2025,5:45:48,0,51,193,309,246,0,202,0,0,0,0,0,0
11/20/2025,5:45:53,0,50,195,313,247,15,202,4,3,0,0,0,0
11/20/2025,5:45:58,0,52,212,315,246,29,203,9,6,0,0,0,0
11/20/2025,5:46:03,0,52,189,311,245,1,201,0,0,0,0,0,0
11/20/2025,5:46:08,0,53,194,313,246,10,202,4,3,0,0,0,0
11/20/2025,5:46:13,0,54,206,314,246,25,201,7,5,0,0,0,0
11/20/2025,5:46:18,0,52,192,311,246,9,203,1,2,0,0,0,0
11/20/2025,5:46:23,0,53,202,313,246,24,202,7,5,0,0,0,0
11/20/2025,5:46:28,0,54,190,312,246,5,203,0,1,0,0,0,0
11/20/2025,5:46:33,0,52,207,314,246,33,200,10,7,0,0,0,0
11/20/2025,5:46:38,0,53,189,312,246,16,203,4,3,0,0,0,0
11/20/2025,5:46:43,0,52,191,312,246,8,203,2,3,0,0,0,0
11/20/2025,5:46:48,0,55,216,314,246,33,201,10,7,0,0,0,-0.0008
11/20/2025,5:46:53,0,52,187,309,246,1,203,0,0,0,0,0,0
11/20/2025,5:46:58,0,53,194,314,244,15,201,4,3,0,0,0,0
11/20/2025,5:47:03,0,52,203,313,246,23,201,6,5,0,0,0,-0.0008
11/20/2025,5:47:08,0,52,199,309,246,2,203,0,0,0,0,0,0
11/20/2025,5:47:13,0,52,205,315,246,31,202,10,7,0,0,0,0
11/20/2025,5:47:18,0,50,187,311,244,14,202,4,3,0,0,0,0
11/20/2025,5:47:23,0,51,194,310,246,10,203,3,3,0,0,0,0
11/20/2025,5:47:28,0,59,215,314,246,30,202,9,6,0,0,0,0
11/20/2025,5:47:33,0,54,186,312,244,3,201,0,1,0,0,0,0
11/20/2025,5:47:38,0,55,193,312,246,8,202,2,2,0,0,0,0
11/20/2025,5:47:43,0,54,211,315,246,32,202,10,7,0,0,0,0
11/20/2025,5:47:48,0,52,186,312,246,7,201,1,1,0,0,0,0
11/20/2025,5:47:53,0,54,193,312,246,13,202,3,3,0,0,0,0
11/20/2025,5:47:58,0,54,214,314,244,30,201,9,5,0,0,0,0
11/20/2025,5:48:03,0,54,192,310,245,0,203,0,0,0,0,0,0
11/20/2025,5:48:08,0,55,198,312,246,26,201,8,6,0,0,0,0
11/20/2025,5:48:13,0,54,187,312,246,19,203,3,3,0,0,0,0
11/20/2025,5:48:18,0,54,194,313,245,12,202,4,4,0,0,0,0
11/20/2025,5:48:23,0,55,197,312,246,18,202,5,4,0,0,0,0
11/20/2025,5:48:28,0,54,194,311,246,11,202,3,2,0,0,0,0
11/20/2025,5:48:33,0,54,209,313,246,27,200,8,5,0,0,0,-0.0008
11/20/2025,5:48:38,0,55,197,311,246,1,201,0,0,0,0,0,0
11/20/2025,5:48:43,0,54,207,313,246,33,201,9,7,0,0,0,0
11/20/2025,5:48:48,0,55,187,311,246,12,203,3,3,0,0,0,0
11/20/2025,5:48:53,0,55,192,311,246,7,201,1,1,0,0,0,0
11/20/2025,5:48:58,0,56,210,314,244,36,201,10,8,0,0,0,0
11/20/2025,5:49:03,0,54,189,311,246,0,202,0,0,0,0,0,0
11/20/2025,5:49:08,0,55,219,314,246,31,202,10,7,0,0,0,-0.0008
11/20/2025,5:49:13,0,54,197,313,244,13,201,4,3,0,0,0,-0.0008
11/20/2025,5:49:18,0,54,194,311,245,0,203,0,0,0,0,0,0
11/20/2025,5:49:23,0,54,204,313,246,24,202,7,5,0,0,0,0
11/20/2025,5:49:28,0,53,195,313,246,15,201,5,4,0,0,0,0
11/20/2025,5:49:33,0,53,184,311,246,11,202,2,2,0,0,0,0
11/20/2025,5:49:38,0,53,200,314,246,27,203,9,7,0,0,0,0
11/20/2025,5:49:43,0,54,189,311,246,0,203,0,0,0,0,0,0
11/20/2025,5:49:48,0,54,208,314,244,33,203,10,8,0,0,0,0
11/20/2025,5:49:53,0,51,188,310,246,5,203,1,1,0,0,0,0
11/20/2025,5:49:58,0,54,196,312,244,20,202,6,4,0,0,0,0
11/20/2025,5:50:03,0,52,197,313,246,17,203,6,5,0,0,0,0
11/20/2025,5:50:08,0,51,188,311,246,0,202,0,0,0,0,0,0
11/20/2025,5:50:13,0,51,210,314,246,33,203,10,8,0,0,0,0
11/20/2025,5:50:18,0,53,191,311,246,0,203,0,0,0,0,0,0
11/20/2025,5:50:23,0,53,200,312,245,27,201,9,6,0,0,0,0
11/20/2025,5:50:28,0,56,200,307,246,21,203,6,4,0,0,0,0
11/20/2025,5:50:33,0,53,195,307,246,0,202,0,0,0,0,0,0
11/20/2025,5:50:38,0,55,196,310,245,21,202,7,5,0,0,0,0
11/20/2025,5:50:43,0,53,203,307,246,20,202,6,4,0,0,0,0
11/20/2025,5:50:48,0,61,191,304,246,6,202,2,1,0,0,0,0
11/20/2025,5:50:53,0,60,216,307,245,32,201,10,7,0,0,0,0
11/20/2025,5:50:58,0,60,196,304,246,0,202,0,0,0,0,0,0
11/20/2025,5:51:03,0,62,212,307,244,34,201,9,7,0,0,0,0
11/20/2025,5:51:08,0,61,193,305,245,0,202,0,0,0,0,0,0
11/20/2025,5:51:13,0,60,206,307,247,32,203,10,7,0,0,0,0
11/20/2025,5:51:18,0,59,187,304,246,2,203,0,0,0,0,0,-0.0008
11/20/2025,5:51:23,0,58,196,307,245,17,201,5,5,0,0,0,0
11/20/2025,5:51:28,0,63,205,305,246,22,201,7,5,0,0,0,0
11/20/2025,5:51:33,0,56,191,303,246,3,203,2,1,0,0,0,0
11/20/2025,5:51:38,0,56,218,306,246,32,203,10,7,0,0,0,0
11/20/2025,5:51:43,0,55,192,301,246,0,202,0,0,0,0,0,0
11/20/2025,5:51:48,0,57,210,305,245,34,202,10,7,0,0,0,0
11/20/2025,5:51:53,0,55,192,302,246,0,203,0,0,0,0,0,0
11/20/2025,5:52:25,0,53,220,306,246,25,203,9,6,0,0,0,0
11/20/2025,5:52:27,0,54,194,301,246,0,202,0,0,0,0,0,0
11/20/2025,5:52:32,0,55,218,303,246,33,201,10,7,0,0,0,0
11/20/2025,5:52:37,0,55,191,303,247,4,200,1,1,0,0,0,0
11/20/2025,5:52:42,0,55,190,303,245,17,201,5,3,0,0,0,0
11/20/2025,5:52:47,0,54,210,306,246,32,202,10,8,0,0,0,0
11/20/2025,5:52:52,0,53,192,302,246,11,203,3,3,0,0,0,-0.0008
11/20/2025,5:52:57,0,54,192,303,246,0,203,0,0,0,0,0,0
11/20/2025,5:53:02,0,53,208,306,245,25,201,8,5,0,0,0,0
11/20/2025,5:53:07,0,56,194,302,246,16,202,5,4,0,0,0,0
11/20/2025,5:53:12,0,54,186,304,246,7,201,1,1,0,0,0,0
11/20/2025,5:53:17,0,55,209,304,246,35,203,11,8,0,0,0,0
11/20/2025,5:53:22,0,52,194,303,245,2,203,1,0,0,0,0,0
11/20/2025,5:53:27,0,52,201,303,246,21,202,7,5,0,0,0,0
11/20/2025,5:53:32,0,55,195,304,246,18,203,6,5,0,0,0,0
11/20/2025,5:53:37,0,54,187,303,246,3,202,0,0,0,0,0,0
11/20/2025,5:53:42,0,55,208,306,245,32,201,11,8,0,0,0,0
11/20/2025,5:53:47,0,55,196,303,246,0,202,0,0,0,0,0,-0.0008
11/20/2025,5:53:52,0,54,209,305,245,25,202,8,5,0,0,0,-0.0008
11/20/2025,5:53:57,0,54,194,305,245,15,201,4,4,0,0,0,0
11/20/2025,5:54:02,0,58,190,303,246,0,201,0,0,0,0,0,0
11/20/2025,5:54:07,0,60,211,306,246,34,202,9,8,0,0,0,0
11/20/2025,5:54:12,0,63,192,302,246,0,201,0,0,0,0,0,0
11/20/2025,5:54:17,0,62,204,306,246,31,203,10,7,0,0,0,0
11/20/2025,5:54:22,0,60,188,301,246,2,201,0,0,0,0,0,0
11/20/2025,5:54:27,0,60,203,304,246,33,202,10,8,0,0,0,-0.0008
11/20/2025,5:54:32,0,59,196,303,246,0,201,0,0,0,0,0,0
11/20/2025,5:54:37,0,58,215,306,246,31,201,9,7,0,0,0,0
11/20/2025,5:54:42,0,59,195,301,246,0,202,0,0,0,0,0,0
11/20/2025,5:54:47,0,59,209,307,245,33,202,10,8,0,0,0,0
11/20/2025,5:54:52,0,59,191,304,244,0,203,0,0,0,0,0,0
11/20/2025,5:54:57,0,59,194,307,246,15,202,5,4,0,0,0,-0.0008
11/20/2025,5:55:02,0,58,213,306,246,28,203,9,6,0,0,0,0
11/20/2025,5:55:07,0,58,190,303,245,0,202,0,0,0,0,0,0
11/20/2025,5:55:12,0,58,199,307,246,21,203,7,5,0,0,0,0
11/20/2025,5:55:17,0,52,197,305,246,19,203,6,4,0,0,0,0
11/20/2025,5:55:22,0,57,196,301,246,2,202,0,0,0,0,0,0
11/20/2025,5:55:27,0,54,199,307,246,30,202,9,6,0,0,0,0
11/20/2025,5:55:32,0,58,206,306,246,23,201,7,5,0,0,0,0
11/20/2025,5:55:37,0,56,190,304,246,2,201,0,0,0,0,0,0
11/20/2025,5:55:42,0,53,194,304,246,2,202,0,0,0,0,0,-0.0008
11/20/2025,5:55:47,0,55,194,305,245,12,202,3,3,0,0,0,0
11/20/2025,5:55:52,0,56,200,307,247,29,203,9,7,0,0,0,0
11/20/2025,5:55:57,0,59,210,308,244,27,202,8,6,0,0,0,0
11/20/2025,5:56:02,0,55,189,304,245,4,201,0,0,0,0,0,0
11/20/2025,5:56:07,0,54,189,304,246,4,201,1,1,0,0,0,0
11/20/2025,5:56:12,0,54,198,306,246,23,202,7,6,0,0,0,0
11/20/2025,5:56:17,0,53,214,305,246,34,202,11,8,0,0,0,0
11/20/2025,5:56:22,0,53,204,307,246,20,202,6,5,0,0,0,0
11/20/2025,5:56:27,0,53,189,302,246,3,202,0,0,0,0,0,0
11/20/2025,5:56:32,0,54,190,305,246,3,203,1,1,0,0,0,0
11/20/2025,5:56:37,0,55,202,307,246,29,202,9,6,0,0,0,0
11/20/2025,5:56:42,0,55,191,306,247,16,203,5,3,0,0,0,0
11/20/2025,5:56:47,0,53,194,303,246,12,203,3,3,0,0,0,-0.0008
11/20/2025,5:56:52,0,56,217,308,244,32,201,10,7,0,0,0,0
11/20/2025,5:56:57,0,55,190,306,248,2,201,0,0,0,0,0,0
11/20/2025,5:57:02,0,55,194,306,246,14,202,4,3,0,0,0,0
11/20/2025,5:57:07,0,63,216,310,246,32,202,10,7,0,0,0,0
11/20/2025,5:57:12,0,55,184,305,246,11,202,2,3,0,0,0,-0.0008
11/20/2025,5:57:17,0,56,196,305,245,0,201,0,0,0,0,0,0
11/20/2025,5:57:22,0,56,194,308,246,14,202,4,3,0,0,0,0
11/20/2025,5:57:27,0,54,214,308,246,27,203,10,7,0,0,0,0
11/20/2025,5:57:32,0,55,189,305,246,1,202,0,0,0,0,0,0
11/20/2025,5:57:37,0,52,195,306,246,13,203,3,3,0,0,0,0
11/20/2025,5:57:42,0,55,216,308,246,34,201,10,8,0,0,0,0
11/20/2025,5:57:47,0,56,192,307,244,16,201,5,3,0,0,0,0
11/20/2025,5:57:52,0,56,196,305,246,0,202,0,0,0,0,0,0
11/20/2025,5:57:57,0,53,195,308,245,14,202,4,4,0,0,0,0
11/20/2025,5:58:02,0,56,214,308,245,35,202,11,7,0,0,0,-0.0008
11/20/2025,5:58:07,0,57,193,306,245,16,202,4,3,0,0,0,0
11/20/2025,5:58:12,0,56,199,303,246,0,202,0,0,0,0,0,0
11/20/2025,5:58:17,0,56,195,308,246,15,203,5,5,0,0,0,-0.0008
11/20/2025,5:58:22,0,56,217,309,244,31,201,9,6,0,0,0,0
11/20/2025,5:58:27,0,57,188,306,246,3,202,0,0,0,0,0,0
11/20/2025,5:58:32,0,57,194,307,246,11,201,3,3,0,0,0,0
11/20/2025,5:58:37,0,57,210,309,246,27,203,8,6,0,0,0,0
11/20/2025,5:58:42,0,57,197,307,244,0,202,0,0,0,0,0,0
11/20/2025,5:58:47,0,57,218,308,246,34,201,11,8,0,0,0,0
11/20/2025,5:58:52,0,57,194,306,246,0,201,0,0,0,0,0,0
11/20/2025,5:58:57,0,56,202,309,246,27,202,9,6,0,0,0,-0.0008
11/20/2025,5:59:02,0,58,201,308,246,22,202,6,4,0,0,0,0
11/20/2025,5:59:07,0,56,197,306,246,1,201,0,0,0,0,0,0
11/20/2025,5:59:12,0,56,204,309,245,32,202,10,7,0,0,0,0
11/20/2025,5:59:17,0,54,197,308,244,19,200,5,2,0,0,0,0
11/20/2025,5:59:22,0,55,195,305,246,0,202,0,0,0,0,0,0
11/20/2025,5:59:27,0,54,194,307,246,8,202,3,2,0,0,0,0
11/20/2025,5:59:32,0,56,199,310,246,25,202,6,6,0,0,0,0
11/20/2025,5:59:37,0,56,213,310,247,28,201,8,6,0,0,0,0
11/20/2025,5:59:42,0,56,185,305,246,8,202,2,3,0,0,0,0
11/20/2025,5:59:47,0,61,198,306,246,0,202,0,0,0,0,0,0
11/20/2025,5:59:52,0,56,195,308,245,14,200,4,3,0,0,0,0
11/20/2025,5:59:57,0,55,209,309,245,34,202,10,7,0,0,0,0
11/20/2025,6:00:02,0,54,212,309,244,26,201,9,5,0,0,0,0
11/20/2025,6:00:07,0,57,190,306,245,18,201,4,4,0,0,0,0
11/20/2025,6:00:12,0,55,195,306,245,0,202,0,0,0,0,0,0
11/20/2025,6:00:17,0,54,194,308,246,9,203,3,3,0,0,0,0
11/20/2025,6:00:22,0,56,210,310,246,35,201,10,7,0,0,0,0
11/20/2025,6:00:27,0,56,185,307,246,9,201,2,1,0,0,0,0
11/20/2025,6:00:32,0,54,195,310,245,17,202,4,3,0,0,0,0
11/20/2025,6:00:37,0,55,186,307,245,6,202,0,0,0,0,0,0
11/20/2025,6:00:42,0,53,218,308,246,33,203,10,7,0,0,0,0
11/20/2025,6:00:47,0,56,198,311,244,22,201,7,5,0,0,0,0
11/20/2025,6:00:52,0,52,195,310,245,15,202,5,5,0,0,0,0
11/20/2025,6:00:57,0,54,198,311,246,24,202,8,6,0,0,0,0
11/20/2025,6:01:02,0,55,214,310,246,29,201,9,6,0,0,0,0
11/20/2025,6:01:07,0,53,194,307,246,0,202,0,0,0,0,0,0
11/20/2025,6:01:12,0,52,216,311,246,32,203,10,7,0,0,0,0
11/20/2025,6:01:17,0,55,192,308,246,6,201,1,1,0,0,0,0
11/20/2025,6:01:22,0,58,191,309,247,19,202,5,4,0,0,0,0
11/20/2025,6:01:27,0,55,203,311,245,27,201,8,7,0,0,0,-0.0008
11/20/2025,6:01:32,0,54,194,308,246,3,202,0,0,0,0,0,0
11/20/2025,6:01:37,0,55,185,309,245,15,202,3,3,-0.0008,0,0,0
11/20/2025,6:01:42,0,55,214,311,246,27,203,9,6,0,0,0,0
11/20/2025,6:01:47,0,54,199,310,246,22,201,7,6,0,0,0,0
11/20/2025,6:01:52,0,56,190,306,246,5,202,1,1,0,0,0,0
11/20/2025,6:01:57,0,54,184,309,247,15,201,3,2,0,0,0,-0.0008
11/20/2025,6:02:02,0,56,199,313,246,24,203,8,5,0,0,0,0
11/20/2025,6:02:33,0,56,199,310,246,20,203,6,5,0,0,0,0
11/20/2025,6:02:37,0,57,184,306,246,8,203,2,1,0,0,0,0
11/20/2025,6:02:42,0,58,198,308,246,0,202,0,0,0,0,0,0
11/20/2025,6:02:47,0,57,194,309,246,11,203,3,3,0,0,0,0
11/20/2025,6:02:52,0,60,211,312,246,31,203,10,7,0,0,0,0
11/20/2025,6:02:57,0,59,185,309,246,6,201,1,0,0,0,0,0
11/20/2025,6:03:02,0,59,196,311,245,14,203,4,4,0,0,0,0
11/20/2025,6:03:07,0,63,208,311,246,24,203,8,5,0,0,0,0
11/20/2025,6:03:12,0,58,187,308,245,7,202,1,1,0,0,0,0
11/20/2025,6:03:17,0,55,197,309,246,3,201,0,1,0,0,0,0
11/20/2025,6:03:22,0,56,196,310,246,14,201,4,4,0,0,0,0
11/20/2025,6:03:27,0,57,210,312,246,30,202,9,7,0,0,0,0
11/20/2025,6:03:32,0,62,202,308,246,23,202,6,4,0,0,0,0
11/20/2025,6:03:37,0,59,194,308,246,1,202,0,0,0,0,0,0
11/20/2025,6:03:42,0,57,195,308,246,15,201,3,4,0,0,0,0
11/20/2025,6:03:47,0,57,216,309,245,28,202,9,6,0,0,0,0
11/20/2025,6:03:52,0,58,190,310,246,1,203,0,0,0,0,0,0
11/20/2025,6:03:57,0,55,194,310,245,13,201,3,3,0,0,0,0
11/20/2025,6:04:02,0,57,216,312,244,30,202,10,7,0,0,0,0
11/20/2025,6:04:07,0,56,191,311,245,16,201,4,3,0,0,0,0
11/20/2025,6:04:12,0,55,197,310,244,0,202,0,0,0,0,0,0
11/20/2025,6:04:17,0,55,196,312,246,12,203,4,3,-0.0008,0,0,-0.0008
11/20/2025,6:04:22,0,51,207,311,246,21,203,7,5,0,0,0,0
11/20/2025,6:04:27,0,55,191,309,246,7,201,1,2,0,0,0,0
11/20/2025,6:04:32,0,56,215,313,247,29,202,8,6,0,0,0,0
11/20/2025,6:04:37,0,55,192,310,246,0,201,0,0,0,0,0,0
11/20/2025,6:04:42,0,56,201,313,246,24,203,8,6,0,0,0,0
11/20/2025,6:04:47,0,56,208,312,246,23,202,7,5,0,0,0,0
11/20/2025,6:04:52,0,56,188,308,246,5,203,0,1,0,0,0,0
11/20/2025,6:04:57,0,55,192,311,246,6,201,1,3,0,0,0,0
11/20/2025,6:05:02,0,52,203,313,246,31,202,9,7,0,0,0,0
11/20/2025,6:05:07,0,55,192,312,245,17,202,5,3,0,0,0,0
11/20/2025,6:05:12,0,54,190,311,246,7,202,2,2,0,0,0,0
11/20/2025,6:05:17,0,54,212,314,246,32,202,10,7,0,0,0,0
11/20/2025,6:05:22,0,57,208,314,245,23,202,7,5,0,0,0,0
11/20/2025,6:05:27,0,55,204,313,246,21,203,7,4,0,0,0,0
11/20/2025,6:05:32,0,52,200,311,245,18,201,6,4,0,0,0,0
11/20/2025,6:05:37,0,55,188,309,246,16,203,4,3,0,0,0,0
11/20/2025,6:05:42,0,54,191,311,245,0,201,0,0,0,0,0,0
11/20/2025,6:05:47,0,56,202,309,246,22,203,6,4,0,0,0,0
11/20/2025,6:05:52,0,55,211,311,246,25,202,8,5,0,0,0,0
11/20/2025,6:05:57,0,56,217,312,246,31,203,10,7,0,0,0,0
11/20/2025,6:06:02,0,54,206,309,246,32,202,10,8,0,0,0,0
11/20/2025,6:06:07,0,56,209,311,246,31,201,10,7,0,0,0,0
11/20/2025,6:06:12,0,56,218,310,245,31,202,9,7,0,0,0,0
11/20/2025,6:06:17,0,52,198,309,247,20,201,5,3,0,0,0,0
11/20/2025,6:06:22,0,55,196,307,246,0,202,0,0,0,0,0,0
11/20/2025,6:06:27,0,55,194,309,244,9,201,3,3,0,0,0,0
11/20/2025,6:06:32,0,55,194,310,246,14,203,5,4,0,0,0,0
11/20/2025,6:06:37,0,55,196,311,246,19,200,6,4,0,0,0,0
11/20/2025,6:06:42,0,56,204,310,246,27,201,9,7,0,0,0,0
11/20/2025,6:06:47,0,56,206,310,246,23,202,6,5,0,0,0,0
11/20/2025,6:06:52,0,59,198,307,246,1,202,0,0,0,0,0,0
11/20/2025,6:06:57,0,60,201,309,245,27,201,8,7,0,0,0,0
11/20/2025,6:07:02,0,63,204,309,246,22,202,7,4,0,0,0,0
11/20/2025,6:07:07,0,64,191,307,246,1,201,0,0,0,0,0,0
11/20/2025,6:07:12,0,64,191,307,244,6,201,1,1,0,0,0,0
11/20/2025,6:07:17,0,65,194,309,245,17,201,5,4,0,0,0,0
11/20/2025,6:07:22,0,61,212,309,246,31,202,10,7,0,0,0,0
11/20/2025,6:07:27,0,62,205,310,244,20,201,6,4,0,0,0,0
11/20/2025,6:07:32,0,56,198,308,245,18,202,6,4,0,0,0,0
11/20/2025,6:07:37,0,64,197,307,246,18,201,5,4,0,0,0,0
11/20/2025,6:07:42,0,60,184,306,246,12,203,3,2,0,0,0,0
11/20/2025,6:07:47,0,62,197,306,245,1,200,0,0,0,0,0,0
11/20/2025,6:07:52,0,58,196,310,248,14,202,5,4,0,0,0,0
11/20/2025,6:07:57,0,58,216,310,246,31,203,9,7,0,0,0,-0.0008
11/20/2025,6:08:02,0,59,200,308,245,20,202,6,4,0,0,0,0
11/20/2025,6:08:07,0,57,188,307,246,3,202,0,0,0,0,0,0
11/20/2025,6:08:12,0,55,191,308,246,7,203,1,2,0,0,0,0
11/20/2025,6:08:17,0,56,200,311,245,28,202,8,7,0,0,0,0
11/20/2025,6:08:22,0,56,207,309,246,23,202,7,5,0,0,0,0
11/20/2025,6:08:27,0,56,190,305,246,5,202,0,1,0,0,0,0
11/20/2025,6:08:32,0,59,191,308,246,5,202,1,1,0,0,0,0
11/20/2025,6:08:37,0,60,201,309,246,26,203,8,6,0,0,0,0
11/20/2025,6:08:42,0,59,211,310,246,23,203,8,5,0,0,0,0
11/20/2025,6:08:47,0,62,204,310,246,22,201,6,5,0,0,0,0
11/20/2025,6:08:52,0,61,212,311,245,30,201,8,6,0,0,0,-0.0008
11/20/2025,6:08:57,0,61,221,311,246,29,202,9,7,0,0,0,0
11/20/2025,6:09:02,0,61,211,311,246,25,203,8,6,0,0,0,0
11/20/2025,6:09:07,0,59,198,310,244,21,202,7,4,0,0,0,0
11/20/2025,6:09:12,0,57,185,308,246,8,202,1,1,0,0,0,0
11/20/2025,6:09:17,0,56,197,309,244,0,201,0,0,0,0,0,0
11/20/2025,6:09:22,0,59,195,310,246,13,201,3,3,0,0,0,0
11/20/2025,6:09:27,0,56,216,310,246,32,201,10,7,0,0,0,0
11/20/2025,6:09:32,0,55,192,308,246,16,202,5,3,0,0,0,0
11/20/2025,6:09:37,0,55,196,308,245,0,201,0,0,0,0,0,0
11/20/2025,6:09:42,0,56,197,312,247,18,203,5,4,0,0,0,0
11/20/2025,6:09:47,0,56,209,311,246,26,203,9,6,0,0,0,0
11/20/2025,6:09:52,0,55,189,309,245,1,201,0,0,0,0,0,0
11/20/2025,6:09:57,0,55,194,309,245,12,201,2,3,0,0,0,0
11/20/2025,6:10:02,0,56,216,311,246,32,202,11,7,0,0,0,0
11/20/2025,6:10:07,0,55,188,308,245,5,200,0,0,0,0,0,0
11/20/2025,6:10:12,0,54,194,310,245,14,201,3,3,0,0,0,0
11/20/2025,6:10:17,0,53,209,312,246,28,202,8,5,0,0,0,0
11/20/2025,6:10:22,0,52,186,308,246,6,202,1,1,0,0,0,0
11/20/2025,6:10:27,0,54,191,309,246,3,201,0,0,0,0,0,0
11/20/2025,6:10:32,0,54,195,308,246,0,201,0,0,0,0,0,0
11/20/2025,6:10:37,0,53,196,307,246,1,201,0,1,0,0,0,0
11/20/2025,6:10:42,0,56,190,307,246,7,202,1,1,0,0,0,0
11/20/2025,6:10:47,0,56,190,308,245,11,202,2,3,0,0,0,0
11/20/2025,6:10:52,0,54,195,308,246,14,202,4,3,0,0,0,0
11/20/2025,6:10:57,0,54,198,310,245,24,202,8,6,0,0,0,0
11/20/2025,6:11:02,0,53,210,309,246,30,202,10,7,0,0,0,0
11/20/2025,6:11:07,0,52,219,309,245,29,202,9,6,0,0,0,0
11/20/2025,6:11:12,0,54,203,309,246,22,201,6,4,0,0,0,0
11/20/2025,6:11:17,0,54,188,305,245,6,201,1,1,0,0,0,0
11/20/2025,6:11:22,0,58,193,307,244,6,202,3,1,0,0,0,0
11/20/2025,6:11:27,0,55,195,308,246,19,202,6,4,0,0,0,-0.0008
11/20/2025,6:11:32,0,54,209,308,246,32,202,11,7,0,0,0,0
11/20/2025,6:11:37,0,52,218,308,246,30,202,9,7,0,0,0,0
11/20/2025,6:11:42,0,56,200,306,246,18,202,7,4,0,0,0,0
11/20/2025,6:11:47,0,56,191,305,245,0,203,0,0,0,0,0,0
11/20/2025,6:11:52,0,56,189,304,246,6,202,0,1,0,0,0,0
11/20/2025,6:11:57,0,52,196,308,246,18,203,5,4,0,0,0,0
11/20/2025,6:12:02,0,54,207,307,246,32,201,10,7,0,0,0,0
11/20/2025,6:12:07,0,54,209,307,245,24,202,7,6,0,0,0,0
11/20/2025,6:12:43,0,54,191,304,246,12,203,4,3,0,0,0,0
11/20/2025,6:12:46,0,54,194,305,245,4,201,1,1,0,0,0,0
11/20/2025,6:12:51,0,54,198,308,246,25,202,7,6,0,0,0,0
11/20/2025,6:12:56,0,53,210,308,246,26,201,8,6,0,0,0,0
11/20/2025,6:13:01,0,54,186,304,246,10,203,2,1,0,0,0,0
11/20/2025,6:13:06,0,55,199,305,246,0,202,0,0,0,0,0,0
11/20/2025,6:13:11,0,54,193,306,245,9,203,3,2,0,0,0,0
11/20/2025,6:13:16,0,53,200,308,245,29,202,10,7,0,0,0,0
11/20/2025,6:13:21,0,53,202,308,246,22,202,7,5,0,0,0,0
11/20/2025,6:13:26,0,53,196,306,245,0,201,0,0,0,0,0,0
11/20/2025,6:13:31,0,53,201,309,244,27,200,8,6,0,0,0,0
11/20/2025,6:13:36,0,53,197,308,246,18,201,5,4,0,0,0,0
11/20/2025,6:13:41,0,56,196,305,245,2,202,0,0,0,0,0,0
11/20/2025,6:13:46,0,56,209,307,246,35,202,11,8,0,0,0,0
11/20/2025,6:13:51,0,56,193,307,244,0,202,0,0,0,0,0,0
11/20/2025,6:13:56,0,54,211,309,246,34,201,11,8,0,0,0,0
11/20/2025,6:14:01,0,55,191,305,245,1,202,0,0,0,0,0,0
11/20/2025,6:14:06,0,55,197,310,244,18,201,6,4,0,0,0,0
11/20/2025,6:14:11,0,54,197,307,246,18,202,6,4,0,0,0,0
11/20/2025,6:14:16,0,56,194,307,246,7,201,2,2,0,0,0,0
11/20/2025,6:14:21,0,55,209,308,245,26,202,9,6,0,0,0,0
11/20/2025,6:14:26,0,54,191,304,246,0,201,0,0,0,0,0,0
11/20/2025,6:14:31,0,54,196,310,244,21,201,7,5,0,0,0,0
11/20/2025,6:14:36,0,60,209,309,245,23,203,8,5,0,0,0,0
11/20/2025,6:14:41,0,55,192,307,245,0,202,0,0,0,0,0,0
11/20/2025,6:14:46,0,53,195,309,245,12,203,4,3,0,0,0,-0.0008
11/20/2025,6:14:51,0,56,215,310,245,33,201,10,7,0,0,0,0
11/20/2025,6:14:56,0,55,189,306,245,4,202,0,1,0,0,0,0
11/20/2025,6:15:01,0,55,196,310,245,17,201,5,4,0,0,0,0
11/20/2025,6:15:06,0,55,196,308,245,19,201,5,3,0,0,0,0
11/20/2025,6:15:11,0,55,191,307,246,6,203,1,1,0,0,0,0
11/20/2025,6:15:16,0,56,200,311,246,27,203,8,7,0,0,0,0
11/20/2025,6:15:21,0,54,210,311,246,23,202,9,6,0,0,0,-0.0008
11/20/2025,6:15:26,0,55,190,307,245,3,202,0,0,0,0,0,0
11/20/2025,6:15:31,0,53,193,309,245,10,201,3,3,0,0,0,0
11/20/2025,6:15:36,0,55,212,312,243,29,200,9,6,0,0,0,-0.0008
11/20/2025,6:15:41,0,54,197,308,246,0,201,0,0,0,0,0,0
11/20/2025,6:15:46,0,55,214,311,245,34,201,10,7,0,0,0,-0.0008
11/20/2025,6:15:51,0,54,194,308,245,0,200,0,0,0,0,0,0
11/20/2025,6:15:56,0,54,196,308,245,0,204,0,0,0,0,0,0
11/20/2025,6:16:01,0,56,217,312,243,36,201,12,8,0,0,0,0
11/20/2025,6:16:06,0,52,201,310,246,18,203,6,4,0,0,0,0
11/20/2025,6:16:11,0,56,196,310,245,13,202,5,4,0,0,0,0
11/20/2025,6:16:16,0,53,186,308,246,6,202,1,1,0,0,0,-0.0008
11/20/2025,6:16:21,0,53,199,311,245,27,202,9,7,0,0,0,0
11/20/2025,6:16:26,0,52,185,308,245,8,202,2,2,0,0,0,0
11/20/2025,6:16:31,0,54,198,310,245,17,202,5,4,0,0,0,-0.0008
11/20/2025,6:16:36,0,51,200,310,245,18,201,5,5,0,0,0,0
11/20/2025,6:16:41,0,53,190,308,246,3,201,0,1,0,0,0,0
11/20/2025,6:16:46,0,55,215,311,245,34,201,10,7,0,0,0,0
11/20/2025,6:16:51,0,54,192,308,246,0,201,0,0,0,0,0,0
11/20/2025,6:16:56,0,54,212,310,245,34,201,10,7,0,0,0,0
11/20/2025,6:17:01,0,54,194,308,245,2,200,0,1,0,0,0,0
11/20/2025,6:17:06,0,56,206,311,245,29,201,7,5,0,0,0,0
11/20/2025,6:17:11,0,57,194,308,246,10,202,3,2,0,0,0,-0.0008
11/20/2025,6:17:16,0,56,204,308,245,23,202,7,5,0,0,0,0
11/20/2025,6:17:21,0,58,193,310,247,7,201,2,2,0,0,0,0
11/20/2025,6:17:26,0,55,204,309,246,23,201,6,4,0,0,0,0
11/20/2025,6:17:31,0,53,196,310,244,12,201,4,3,0,0,0,0
11/20/2025,6:17:36,0,56,186,309,246,9,201,1,1,0,0,0,0
11/20/2025,6:17:41,0,55,211,312,245,35,202,11,8,0,0,0,0
11/20/2025,6:17:46,0,54,192,308,245,6,202,1,1,0,0,0,0
11/20/2025,6:17:51,0,55,199,311,246,21,202,6,5,0,0,0,0
11/20/2025,6:17:56,0,52,195,311,245,12,203,4,4,0,0,0,0
11/20/2025,6:18:01,0,56,187,309,245,5,202,1,1,0,0,0,0
11/20/2025,6:18:06,0,55,213,310,246,36,203,11,8,0,0,0,0
11/20/2025,6:18:11,0,57,195,309,245,2,202,1,2,0,0,0,0
11/20/2025,6:18:16,0,54,215,311,246,29,202,9,6,0,0,0,0
11/20/2025,6:18:21,0,56,196,310,243,2,201,0,0,0,0,0,0
11/20/2025,6:18:26,0,55,218,312,244,30,201,10,7,0,0,0,0
11/20/2025,6:18:31,0,58,193,310,245,2,201,0,2,0,0,0,0
11/20/2025,6:18:36,0,54,210,312,246,28,202,8,6,0,0,0,-0.0008
11/20/2025,6:18:41,0,54,193,309,246,5,202,1,2,0,0,0,0
11/20/2025,6:18:46,0,54,197,310,246,21,202,7,3,0,0,0,0
11/20/2025,6:18:51,0,55,200,313,243,22,201,7,6,0,0,0,0
11/20/2025,6:18:56,0,55,188,311,246,3,201,0,0,0,0,0,0
11/20/2025,6:19:01,0,53,203,314,246,27,203,9,6,0,0,0,0
11/20/2025,6:19:06,0,55,189,310,246,4,202,0,0,0,0,0,0
11/20/2025,6:19:11,0,55,199,312,246,25,201,8,6,0,0,0,0
11/20/2025,6:19:16,0,55,187,309,245,10,201,2,2,0,0,0,0
11/20/2025,6:19:21,0,54,200,313,244,22,202,8,5,0,0,0,-0.0008
11/20/2025,6:19:26,0,55,189,309,246,3,202,0,0,0,0,0,0
11/20/2025,6:19:31,0,52,208,314,245,27,202,8,6,0,0,0,0
11/20/2025,6:19:36,0,54,200,314,246,28,201,9,7,0,0,0,0
11/20/2025,6:19:41,0,53,190,311,245,4,202,1,1,0,0,0,0
11/20/2025,6:19:46,0,59,188,311,246,17,202,3,4,0,0,0,0
11/20/2025,6:19:51,0,52,211,314,245,30,202,9,7,0,0,0,0
11/20/2025,6:19:56,0,56,192,312,243,2,202,0,1,0,0,0,0
11/20/2025,6:20:01,0,59,201,314,244,21,201,6,4,0,0,0,0
11/20/2025,6:20:06,0,56,195,314,245,21,202,7,5,0,0,0,0
11/20/2025,6:20:11,0,55,190,312,246,1,201,0,0,0,0,0,0
11/20/2025,6:20:16,0,56,217,315,245,30,200,10,7,0,0,0,0
11/20/2025,6:20:21,0,53,192,309,246,3,201,0,1,0,0,0,0
11/20/2025,6:20:26,0,53,211,315,246,26,200,10,6,0,0,0,0
11/20/2025,6:20:31,0,57,198,310,245,0,202,0,0,0,0,0,0
11/20/2025,6:20:36,0,56,211,314,245,33,202,10,7,0,0,0,0
11/20/2025,6:20:41,0,55,191,312,245,0,200,0,0,0,0,0,0
11/20/2025,6:20:46,0,55,208,312,246,33,200,11,8,0,0,0,0
11/20/2025,6:20:51,0,55,199,312,243,0,202,0,0,0,0,0,0
11/20/2025,6:20:56,0,54,210,314,244,24,201,8,5,0,0,0,0
11/20/2025,6:21:01,0,56,193,312,245,10,202,2,3,0,0,0,-0.0008
11/20/2025,6:21:06,0,57,192,312,245,19,201,4,4,0,0,0,0
11/20/2025,6:21:11,0,54,202,314,246,25,202,8,6,0,0,0,0
11/20/2025,6:21:16,0,56,194,312,243,0,201,0,0,0,0,0,0
11/20/2025,6:21:21,0,56,203,312,246,20,202,6,5,0,0,0,0
11/20/2025,6:21:26,0,56,210,314,245,32,202,11,7,0,0,0,0
11/20/2025,6:21:31,0,54,197,313,244,15,202,4,3,0,0,0,0
11/20/2025,6:21:36,0,55,195,311,245,0,202,0,0,0,0,0,-0.0008
11/20/2025,6:21:41,0,53,208,314,246,23,202,8,5,0,0,0,-0.0008
11/20/2025,6:21:46,0,55,195,313,245,10,202,3,3,0,0,0,0
11/20/2025,6:21:51,0,55,197,312,246,19,202,6,5,0,0,0,0
11/20/2025,6:21:56,0,56,194,312,244,10,202,3,3,0,0,0,0
11/20/2025,6:22:01,0,56,200,313,245,21,201,6,5,0,0,0,0
11/20/2025,6:22:06,0,55,193,312,246,11,201,3,3,0,0,0,0
11/20/2025,6:22:11,0,58,201,313,245,19,202,6,4,0,0,0,0
11/20/2025,6:22:16,0,55,194,311,246,10,201,2,3,0,0,0,0
11/20/2025,6:22:21,0,55,198,313,246,22,202,6,5,0,0,0,0
11/20/2025,6:23:12,0,55,198,313,245,9,201,4,3,0,0,0,0
11/20/2025,6:23:16,0,56,205,314,245,23,203,7,5,0,0,0,0
11/20/2025,6:23:21,0,54,197,313,245,16,201,4,3,0,0,0,0
11/20/2025,6:23:26,0,55,187,311,246,6,201,1,1,0,0,0,0
11/20/2025,6:23:31,0,56,204,313,245,29,201,9,7,0,0,0,0
11/20/2025,6:23:36,0,56,190,312,246,1,201,0,0,0,0,0,0
11/20/2025,6:23:41,0,54,208,314,245,31,202,10,7,0,0,0,0
11/20/2025,6:23:46,0,56,197,309,246,0,201,0,0,0,0,0,0
11/20/2025,6:23:51,0,54,212,315,246,32,200,10,8,0,0,0,0
11/20/2025,6:23:56,0,55,196,312,244,0,202,0,0,0,0,0,0
11/20/2025,6:24:01,0,57,219,315,243,30,201,10,7,0,0,0,0
11/20/2025,6:24:06,0,55,190,309,246,5,202,2,1,0,0,0,-0.0008
11/20/2025,6:24:11,0,56,209,313,245,23,201,7,5,0,0,0,0
11/20/2025,6:24:16,0,54,194,313,245,9,201,3,3,0,0,0,-0.0008
11/20/2025,6:24:21,0,54,186,311,246,13,202,3,2,0,0,0,0
11/20/2025,6:24:26,0,53,214,314,245,33,201,10,7,0,0,0,0
11/20/2025,6:24:31,0,54,192,311,245,8,202,3,2,0,0,0,0
11/20/2025,6:24:36,0,54,185,311,245,10,201,2,2,0,0,0,0
11/20/2025,6:24:41,0,55,209,314,246,31,201,10,8,0,0,0,0
11/20/2025,6:24:46,0,55,198,311,245,0,200,0,0,0,0,0,0
11/20/2025,6:24:51,0,50,217,314,246,28,203,9,6,0,0,0,0
11/20/2025,6:24:56,0,56,192,312,246,6,201,2,2,0,0,0,0
11/20/2025,6:25:01,0,56,191,312,246,15,201,3,4,0,0,0,0
11/20/2025,6:25:06,0,54,203,314,246,29,201,9,7,0,0,0,0
11/20/2025,6:25:11,0,52,199,311,246,0,201,0,0,0,0,0,0
11/20/2025,6:25:16,0,49,205,314,245,22,202,7,5,0,0,0,0
11/20/2025,6:25:21,0,53,194,313,245,10,203,4,3,0,0,0,0
11/20/2025,6:25:26,0,53,194,312,246,17,203,5,3,0,0,0,0
11/20/2025,6:25:31,0,53,194,313,246,10,202,3,3,0,0,0,0
11/20/2025,6:25:36,0,53,208,314,244,21,201,7,5,0,0,0,0
11/20/2025,6:25:41,0,54,193,311,245,6,202,2,2,0,0,0,0
11/20/2025,6:25:46,0,53,191,310,244,0,202,0,0,0,0,0,0
11/20/2025,6:25:51,0,54,197,311,246,15,202,5,3,0,0,0,0
11/20/2025,6:25:56,0,55,187,311,246,9,202,1,1,0,0,0,0
11/20/2025,6:26:01,0,55,213,311,246,35,202,11,8,0,0,0,0
11/20/2025,6:26:06,0,56,194,312,244,7,200,2,2,0,0,0,0
11/20/2025,6:26:11,0,54,188,311,245,5,202,0,1,0,0,0,0
11/20/2025,6:26:16,0,54,217,314,245,31,201,9,7,0,0,0,0
11/20/2025,6:26:21,0,55,193,313,244,10,200,3,3,0,0,0,0
11/20/2025,6:26:26,0,56,185,311,245,10,202,2,2,0,0,0,0
11/20/2025,6:26:31,0,55,213,315,246,33,201,10,8,0,0,0,0
11/20/2025,6:26:36,0,57,194,312,245,9,201,3,3,0,0,0,0
11/20/2025,6:26:41,0,54,189,310,246,4,202,0,0,0,0,0,0
11/20/2025,6:26:46,0,55,208,313,246,24,201,7,5,0,0,0,0
11/20/2025,6:26:51,0,54,207,314,246,32,202,10,8,0,0,0,0
11/20/2025,6:26:56,0,53,196,315,244,13,200,5,4,0,0,0,0
11/20/2025,6:27:01,0,53,195,311,245,3,201,0,0,0,0,0,-0.0008
11/20/2025,6:27:06,0,53,195,313,244,19,201,5,3,0,0,0,0
11/20/2025,6:27:11,0,55,199,314,246,25,202,8,6,0,0,0,0
11/20/2025,6:27:16,0,54,191,312,245,0,201,0,0,0,0,-0.0008,0
11/20/2025,6:27:21,0,55,215,315,246,30,203,10,6,0,0,0,0
11/20/2025,6:27:26,0,55,196,313,245,13,202,4,3,0,0,0,0
11/20/2025,6:27:31,0,52,188,312,245,3,202,0,0,0,0,0,0
11/20/2025,6:27:36,0,55,212,314,246,27,201,8,5,0,0,0,0
11/20/2025,6:27:41,0,55,193,314,245,13,202,5,4,0,0,0,0
11/20/2025,6:27:46,0,53,194,311,245,0,203,0,0,0,0,0,0
11/20/2025,6:27:51,0,53,206,315,245,22,201,7,5,0,0,0,0
11/20/2025,6:27:56,0,52,202,312,246,29,201,9,7,0,0,0,0
11/20/2025,6:28:01,0,53,192,312,245,7,201,1,1,0,0,0,0
11/20/2025,6:28:06,0,52,187,313,246,8,201,0,1,0,0,0,0
11/20/2025,6:28:11,0,53,220,315,245,31,201,9,7,0,0,0,0
11/20/2025,6:28:16,0,54,195,313,246,12,201,4,3,0,0,0,0
11/20/2025,6:28:21,0,53,197,312,245,0,202,0,0,0,0,0,0
11/20/2025,6:28:26,0,54,189,312,246,1,201,0,0,0,0,0,0
11/20/2025,6:28:31,0,55,186,312,245,5,202,1,1,0,0,0,0
11/20/2025,6:28:36,0,54,188,310,246,3,201,0,0,0,0,0,0
11/20/2025,6:28:41,0,53,194,312,245,0,200,0,0,0,0,0,0
11/20/2025,6:28:46,0,55,193,310,246,3,202,0,0,0,0,0,0
11/20/2025,6:28:51,0,55,196,314,245,12,201,4,3,0,0,0,0
11/20/2025,6:28:56,0,54,203,315,245,30,201,10,7,0,0,0,0
11/20/2025,6:29:01,0,58,208,315,245,25,202,7,5,0,0,0,0
11/20/2025,6:29:06,0,56,193,313,245,0,200,0,0,0,0,0,0
11/20/2025,6:29:11,0,57,198,315,245,23,201,7,5,0,0,0,0
11/20/2025,6:29:16,0,60,209,315,246,24,201,8,5,0,0,0,0
11/20/2025,6:29:21,0,57,193,311,245,0,202,0,0,0,0,0,0
11/20/2025,6:29:26,0,57,197,315,245,23,202,7,5,0,0,0,-0.0008
11/20/2025,6:29:31,0,58,200,315,245,21,196,6,5,0,0,0,0
11/20/2025,6:29:36,0,52,195,314,246,1,201,0,0,0,0,0,0
11/20/2025,6:29:41,0,56,204,315,245,31,200,10,7,0,0,0,0
11/20/2025,6:29:46,0,57,197,314,245,19,201,5,4,0,0,0,0
11/20/2025,6:29:51,0,56,199,311,246,0,202,0,0,0,0,0,0
11/20/2025,6:29:56,0,55,194,315,246,16,203,6,4,0,0,0,0
11/20/2025,6:30:01,0,54,211,313,246,35,203,11,8,0,0,0,0
11/20/2025,6:30:06,0,53,208,315,246,24,202,8,6,0,0,0,0
11/20/2025,6:30:11,0,56,183,314,245,10,201,3,2,0,-0.0008,0,0
11/20/2025,6:30:16,0,55,196,312,244,0,202,0,0,0,0,0,0
11/20/2025,6:30:21,0,58,195,314,245,10,201,2,2,0,0,0,0
11/20/2025,6:30:26,0,55,210,316,245,34,201,10,8,0,0,0,0
11/20/2025,6:30:31,0,55,191,313,245,1,202,0,0,0,0,0,0
11/20/2025,6:30:36,0,55,211,315,246,34,202,11,8,0,0,0,0
11/20/2025,6:30:41,0,54,190,314,246,4,202,0,1,0,0,0,0
11/20/2025,6:30:46,0,56,194,315,245,20,202,5,4,0,0,0,-0.0008
11/20/2025,6:30:51,0,60,200,317,245,26,201,8,7,0,0,0,0
11/20/2025,6:30:56,0,61,195,314,246,1,202,0,0,0,0,0,0
11/20/2025,6:31:01,0,70,195,314,246,19,201,5,3,0,0,0,0
11/20/2025,6:31:06,0,68,201,315,245,27,200,9,6,0,0,0,0
11/20/2025,6:31:11,0,67,192,313,246,0,200,0,0,0,0,0,0
11/20/2025,6:31:16,0,63,217,316,246,30,201,8,7,0,0,0,0
11/20/2025,6:31:21,0,63,194,315,246,10,201,3,2,0,0,0,0
11/20/2025,6:31:26,0,63,187,314,246,14,202,3,3,0,0,0,0
11/20/2025,6:31:31,0,61,200,316,245,28,202,8,7,0,0,0,0
11/20/2025,6:31:36,0,61,199,314,246,0,201,0,0,0,0,0,0
11/20/2025,6:31:41,0,58,203,315,246,23,201,7,5,0,0,0,0
11/20/2025,6:31:46,0,57,197,316,246,17,202,6,5,0,0,0,0
11/20/2025,6:31:51,0,56,191,312,245,0,202,0,0,0,0,0,-0.0008
11/20/2025,6:31:56,0,59,210,315,245,27,200,8,6,0,0,0,0
11/20/2025,6:32:01,0,58,196,315,245,23,201,7,5,0,0,0,0
11/20/2025,6:32:06,0,56,197,312,246,6,202,0,0,0,0,0,0
11/20/2025,6:32:11,0,60,188,313,245,14,200,4,3,0,0,0,0
11/20/2025,6:32:16,0,55,218,316,244,32,202,10,7,0,0,0,0
11/20/2025,6:32:21,0,56,195,315,246,8,201,3,3,0,0,0,0
11/20/2025,6:32:26,0,55,187,313,246,10,202,1,1,0,0,0,0
11/20/2025,6:33:02,0,55,214,316,246,26,202,8,6,0,0,0,0
11/20/2025,6:33:05,0,54,197,315,245,18,201,5,5,0,0,0,0
11/20/2025,6:33:10,0,54,183,313,246,12,201,2,2,0,0,0,0
11/20/2025,6:33:15,0,55,194,313,246,14,201,4,3,0,0,0,0
11/20/2025,6:33:20,0,57,207,313,246,24,202,7,4,0,0,0,0
11/20/2025,6:33:25,0,56,191,311,246,6,202,0,2,0,0,0,0
11/20/2025,6:33:30,0,55,210,314,246,20,202,9,6,0,0,0,0
11/20/2025,6:33:35,0,54,191,313,244,5,202,0,0,0,0,0,0
11/20/2025,6:33:40,0,56,215,314,245,33,202,9,6,0,0,0,0
11/20/2025,6:33:45,0,55,194,312,244,0,202,0,0,0,0,0,-0.0008
11/20/2025,6:33:50,0,53,200,314,246,24,202,8,6,0,0,0,0
11/20/2025,6:33:55,0,55,199,313,246,17,202,6,4,0,0,0,0
11/20/2025,6:34:00,0,56,192,311,245,3,201,0,1,0,0,0,0
11/20/2025,6:34:05,0,54,213,313,246,34,201,10,8,0,0,0,0
11/20/2025,6:34:10,0,52,187,312,246,7,202,1,1,0,0,0,0
11/20/2025,6:34:15,0,53,200,312,246,27,202,8,6,0,0,0,0
11/20/2025,6:34:20,0,54,189,311,245,0,200,0,0,0,0,0,0
11/20/2025,6:34:25,0,54,208,313,246,32,201,10,8,0,0,0,0
11/20/2025,6:34:30,0,52,193,311,245,0,200,0,0,0,0,0,0
11/20/2025,6:34:35,0,53,197,314,246,20,202,7,6,0,0,0,0
11/20/2025,6:34:40,0,50,192,312,245,15,201,4,4,0,0,0,0
11/20/2025,6:34:45,0,54,192,311,245,9,201,2,3,0,0,0,-0.0008
11/20/2025,6:34:50,0,53,210,311,246,27,201,8,6,0,0,0,0
11/20/2025,6:34:55,0,54,198,311,245,0,201,0,0,0,0,0,-0.0008
11/20/2025,6:35:00,0,53,214,314,244,33,200,10,7,0,0,0,0
11/20/2025,6:35:05,0,53,196,311,245,0,202,0,0,0,0,0,0
11/20/2025,6:35:10,0,55,216,314,246,32,201,9,7,0,0,0,0
11/20/2025,6:35:15,0,54,200,311,246,11,202,0,0,0,0,0,-0.0008
11/20/2025,6:35:20,0,54,216,315,246,35,200,10,8,0,0,0,0
11/20/2025,6:35:25,0,56,194,310,244,0,201,0,0,0,0,0,0
11/20/2025,6:35:30,0,56,202,314,244,24,200,9,7,0,0,0,0
11/20/2025,6:35:35,0,53,190,312,244,21,201,4,3,0,0,0,0
11/20/2025,6:35:40,0,54,199,311,246,1,202,0,0,0,0,0,0
11/20/2025,6:35:45,0,58,209,314,246,35,202,12,8,0,0,0,0
11/20/2025,6:35:50,0,58,196,311,245,15,201,3,3,0,0,0,0
11/20/2025,6:35:55,0,61,196,310,246,14,203,4,3,0,0,0,0
11/20/2025,6:36:00,0,59,196,313,246,13,201,3,3,0,0,0,0
11/20/2025,6:36:05,0,55,195,313,245,16,200,4,4,0,0,0,0
11/20/2025,6:36:10,0,58,202,310,245,29,202,9,7,0,0,0,0
11/20/2025,6:36:15,0,61,216,313,246,29,202,9,7,0,0,0,0
11/20/2025,6:36:20,0,57,197,311,245,18,200,5,3,0,0,0,0
11/20/2025,6:36:25,0,56,198,311,246,0,201,0,0,0,0,0,0
11/20/2025,6:36:30,0,57,202,313,245,27,201,8,7,0,0,0,0
11/20/2025,6:36:35,0,56,196,311,246,17,202,5,4,0,0,0,0
11/20/2025,6:36:40,0,56,197,308,245,3,201,0,0,0,0,0,0
11/20/2025,6:36:45,0,57,199,313,245,22,201,7,6,0,0,0,0
11/20/2025,6:36:50,0,59,209,312,246,25,202,8,5,0,0,0,0
11/20/2025,6:36:55,0,57,192,310,245,0,201,0,0,0,0,0,0
11/20/2025,6:37:00,0,57,193,312,244,15,201,4,3,0,0,0,0
11/20/2025,6:37:05,0,57,204,313,246,21,202,7,6,0,0,0,0
11/20/2025,6:37:10,0,57,200,311,245,0,201,0,0,0,0,0,0
11/20/2025,6:37:15,0,58,203,312,245,26,201,9,6,0,0,0,0
11/20/2025,6:37:20,0,56,202,313,246,22,202,6,5,0,0,0,0
11/20/2025,6:37:25,0,57,188,310,245,3,201,0,0,0,0,0,0
11/20/2025,6:37:30,0,54,197,311,245,0,199,0,0,0,0,0,0
11/20/2025,6:37:35,0,54,194,311,245,9,200,2,2,0,0,0,0
11/20/2025,6:37:40,0,56,199,312,245,23,200,7,6,0,0,0,0
11/20/2025,6:37:45,0,56,214,312,246,34,202,11,8,0,0,0,0
11/20/2025,6:37:50,0,57,202,313,246,18,202,6,4,0,0,0,0
11/20/2025,6:37:55,0,55,192,311,245,4,201,1,0,0,0,0,0
11/20/2025,6:38:00,0,56,209,313,245,26,202,7,6,0,0,0,0
11/20/2025,6:38:05,0,55,193,311,245,7,202,1,0,0,0,0,0
11/20/2025,6:38:10,0,56,205,313,246,31,201,10,8,0,0,0,0
11/20/2025,6:38:15,0,54,194,311,245,17,201,5,4,-0.0008,0,0,0
11/20/2025,6:38:20,0,54,190,310,246,6,201,1,1,0,0,0,0
11/20/2025,6:38:25,0,54,212,314,245,33,201,10,8,0,0,0,0
11/20/2025,6:38:30,0,55,186,309,245,9,202,2,2,0,0,0,0
11/20/2025,6:38:35,0,56,196,311,245,12,201,3,3,0,0,0,0
11/20/2025,6:38:40,0,50,198,313,246,20,202,7,4,0,0,0,0
11/20/2025,6:38:45,0,53,195,310,246,12,201,4,3,0,0,0,0
11/20/2025,6:38:50,0,50,202,312,246,23,201,6,5,0,0,0,0
11/20/2025,6:38:55,0,54,193,310,245,5,200,0,1,0,0,0,0
11/20/2025,6:39:00,0,54,215,314,246,29,200,9,6,0,0,0,0
11/20/2025,6:39:05,0,56,195,308,246,0,201,0,0,0,0,0,0
11/20/2025,6:39:10,0,55,205,311,246,32,200,10,8,0,0,0,0
11/20/2025,6:39:15,0,56,191,307,246,2,201,0,0,0,0,0,0
11/20/2025,6:39:20,0,56,200,312,246,24,201,7,6,0,0,0,0
11/20/2025,6:39:25,0,54,192,313,245,18,202,3,4,0,0,0,0
11/20/2025,6:39:30,0,55,194,310,244,7,201,2,2,0,0,0,0
11/20/2025,6:39:35,0,55,210,310,245,27,200,9,6,0,0,0,0
11/20/2025,6:39:40,0,55,198,308,246,0,200,0,0,0,0,0,0
11/20/2025,6:39:45,0,52,204,311,245,31,201,10,8,0,0,0,0
11/20/2025,6:39:50,0,56,194,310,245,15,201,4,4,0,0,0,0
11/20/2025,6:39:55,0,55,197,306,245,0,201,0,0,0,0,0,0
11/20/2025,6:40:00,0,53,198,311,246,18,202,5,5,0,0,0,0
11/20/2025,6:40:05,0,54,207,310,245,22,199,7,5,0,0,0,0
11/20/2025,6:40:10,0,54,198,307,246,0,201,0,0,0,0,0,0
11/20/2025,6:40:15,0,54,197,309,246,20,201,7,5,0,0,0,0
11/20/2025,6:40:20,0,55,210,309,245,26,200,8,6,0,0,0,-0.0008
11/20/2025,6:40:25,0,55,188,305,246,6,201,0,1,0,0,0,0
11/20/2025,6:40:30,0,55,190,305,245,3,201,0,1,0,0,0,0
11/20/2025,6:40:35,0,55,202,311,246,29,202,10,7,0,0,0,0
11/20/2025,6:40:40,0,57,196,309,245,18,201,5,4,0,0,0,0
11/20/2025,6:40:45,0,55,195,309,245,6,202,2,2,0,0,0,0
11/20/2025,6:40:50,0,54,214,310,246,30,202,10,7,0,0,0,0
11/20/2025,6:40:55,0,54,196,308,245,0,201,0,0,0,0,0,0
11/20/2025,6:41:00,0,55,203,311,246,33,202,11,8,0,0,0,0
11/20/2025,6:41:05,0,59,191,308,246,15,202,5,4,0,0,0,0
11/20/2025,6:41:10,0,57,194,307,245,0,201,0,0,0,0,0,0
11/20/2025,6:41:15,0,57,198,311,245,23,202,8,6,0,0,0,0
11/20/2025,6:41:20,0,58,214,310,245,29,200,9,6,0,0,0,0
11/20/2025,6:41:25,0,56,190,307,246,0,200,0,0,0,0,0,0
11/20/2025,6:41:30,0,58,193,309,246,13,200,5,4,0,0,0,0
11/20/2025,6:41:35,0,56,210,309,246,32,201,9,6,0,0,0,0
11/20/2025,6:41:40,0,57,188,306,246,3,202,0,0,0,0,0,0
11/20/2025,6:41:45,0,60,191,306,244,1,199,0,0,0,0,0,0
11/20/2025,6:41:50,0,63,193,307,246,9,200,3,3,0,0,0,0
11/20/2025,6:41:55,0,62,202,308,246,29,200,9,7,0,0,0,0
11/20/2025,6:42:00,0,61,210,308,245,29,201,9,7,0,0,0,0
11/20/2025,6:42:05,0,59,186,307,246,4,201,0,1,0,0,0,0
11/20/2025,6:42:10,0,60,192,306,246,5,200,0,1,0,0,0,0
11/20/2025,6:42:15,0,58,204,309,245,29,201,9,7,0,0,0,0
11/20/2025,6:42:20,0,55,207,309,245,25,202,8,5,0,0,0,0
11/20/2025,6:42:25,0,55,191,307,245,17,201,4,5,0,0,0,0
11/20/2025,6:42:30,0,57,187,306,245,5,201,1,1,-0.0008,0,0,0
11/20/2025,6:42:35,0,57,195,305,245,0,201,0,0,0,0,0,0
11/20/2025,6:42:40,0,57,196,308,245,13,201,3,4,0,0,0,0
11/20/2025,6:43:31,0,56,221,310,246,25,200,9,6,0,0,0,0
11/20/2025,6:43:35,0,56,196,308,244,9,200,3,3,0,0,0,0
11/20/2025,6:43:40,0,54,205,309,245,24,201,7,6,0,0,0,-0.0008
11/20/2025,6:43:45,0,53,190,307,247,3,202,0,1,0,0,0,0
11/20/2025,6:43:50,0,55,216,310,244,29,201,9,6,0,0,0,0
11/20/2025,6:43:55,0,56,195,306,246,0,202,0,0,0,0,0,0
11/20/2025,6:44:00,0,56,200,310,245,22,200,8,4,0,0,0,0
11/20/2025,6:44:05,0,55,184,308,246,16,199,5,4,0,0,0,0
11/20/2025,6:44:10,0,55,196,308,245,9,200,3,3,0,0,0,-0.0008
11/20/2025,6:44:15,0,59,212,310,244,27,202,8,6,0,0,0,-0.0008
11/20/2025,6:44:20,0,55,198,308,247,0,201,0,0,0,0,0,0
11/20/2025,6:44:25,0,56,218,310,244,31,200,10,7,0,0,0,0
11/20/2025,6:44:30,0,55,192,307,245,1,201,0,0,0,0,0,0
11/20/2025,6:44:35,0,55,210,310,245,24,202,9,6,0,0,0,0
11/20/2025,6:44:40,0,55,192,307,245,5,201,0,2,0,0,0,0
11/20/2025,6:44:45,0,51,207,308,246,24,201,8,5,0,0,0,0
11/20/2025,6:44:50,0,55,194,307,245,6,201,1,2,0,0,0,0
11/20/2025,6:44:55,0,53,197,308,246,22,202,6,5,0,0,0,0
11/20/2025,6:45:00,0,53,197,309,245,16,200,5,4,0,0,0,0
11/20/2025,6:45:05,0,52,191,304,246,1,201,0,0,0,0,0,0
11/20/2025,6:45:10,0,56,214,310,246,31,200,10,8,0,0,0,0
11/20/2025,6:45:15,0,59,192,307,246,5,201,1,1,0,0,0,0
11/20/2025,6:45:20,0,63,195,306,246,21,202,6,4,0,0,0,0
11/20/2025,6:45:25,0,60,198,309,245,21,201,7,5,0,0,0,0
11/20/2025,6:45:30,0,62,196,309,245,1,201,0,0,0,0,0,0
11/20/2025,6:45:35,0,60,199,309,245,20,201,6,5,0,0,0,0
11/20/2025,6:45:40,0,56,208,310,245,25,200,7,6,0,0,0,0
11/20/2025,6:45:45,0,59,187,308,244,7,200,1,1,0,0,0,0
11/20/2025,6:45:50,0,58,197,308,246,0,200,0,0,0,0,0,0
11/20/2025,6:45:55,0,58,192,307,245,8,202,2,2,0,0,0,0
11/20/2025,6:46:00,0,55,197,309,245,11,202,2,2,0,0,0,0
11/20/2025,6:46:05,0,58,193,309,244,8,200,1,2,0,0,0,0
11/20/2025,6:46:10,0,55,197,308,244,3,199,0,0,0,0,0,-0.0008
11/20/2025,6:46:15,0,53,188,305,246,7,201,0,1,0,0,0,0
11/20/2025,6:46:20,0,53,211,310,246,23,200,7,5,0,0,0,0
11/20/2025,6:46:25,0,54,201,310,245,22,200,7,6,0,0,0,0
11/20/2025,6:46:30,0,54,188,306,245,4,201,0,0,0,0,0,0
11/20/2025,6:46:35,0,55,187,308,245,5,202,1,1,0,0,0,0
11/20/2025,6:46:40,0,53,215,311,245,24,201,8,6,0,0,0,0
11/20/2025,6:46:45,0,55,196,310,245,9,201,2,3,0,0,0,0
11/20/2025,6:46:50,0,54,184,308,245,12,201,3,2,0,0,0,0
11/20/2025,6:46:55,0,55,201,311,245,24,201,8,6,0,0,0,0
11/20/2025,6:47:00,0,55,193,309,244,1,201,0,0,0,0,0,0
11/20/2025,6:47:05,0,55,216,312,244,30,202,10,8,-0.0008,0,0,0
11/20/2025,6:47:10,0,51,193,308,246,3,202,1,1,0,0,0,0
11/20/2025,6:47:15,0,53,203,310,244,23,201,6,5,0,0,0,0
11/20/2025,6:47:20,0,54,195,311,245,11,201,3,3,0,0,0,0
11/20/2025,6:47:25,0,54,187,309,245,6,202,0,0,0,0,0,-0.0008
11/20/2025,6:47:30,0,55,217,311,246,30,200,9,7,0,0,0,0
11/20/2025,6:47:35,0,54,192,309,246,7,202,2,2,0,0,0,0
11/20/2025,6:47:40,0,50,198,311,246,17,201,4,4,0,0,0,-0.0008
11/20/2025,6:47:45,0,54,202,312,245,20,201,7,6,0,0,0,0
11/20/2025,6:47:50,0,53,197,309,246,0,200,0,0,0,0,0,0
11/20/2025,6:47:55,0,52,207,312,246,19,202,7,5,0,0,0,0
11/20/2025,6:48:00,0,55,196,313,246,14,200,5,4,0,0,0,0
11/20/2025,6:48:05,0,55,192,308,246,1,201,0,0,0,0,0,0
11/20/2025,6:48:10,0,55,213,312,246,27,201,8,7,0,0,0,0
11/20/2025,6:48:15,0,54,199,309,245,1,200,0,0,0,0,0,0
11/20/2025,6:48:20,0,57,218,310,246,31,200,9,6,0,0,0,0
11/20/2025,6:48:25,0,56,198,310,246,2,200,0,0,0,0,0,0
11/20/2025,6:48:30,0,55,216,313,246,29,202,9,6,0,0,0,0
11/20/2025,6:48:35,0,55,195,309,245,6,202,1,1,0,0,0,0
11/20/2025,6:48:40,0,57,202,311,245,20,201,4,4,0,0,0,0
11/20/2025,6:48:45,0,56,193,311,245,8,200,2,2,0,0,0,0
11/20/2025,6:48:50,0,58,198,312,247,18,200,6,5,0,0,0,0
11/20/2025,6:48:55,0,57,197,311,245,9,199,4,3,0,0,0,0
11/20/2025,6:49:00,0,56,190,309,246,2,201,0,0,0,0,0,0
11/20/2025,6:49:05,0,58,215,312,244,28,200,8,7,0,0,0,0
11/20/2025,6:49:10,0,54,195,310,245,5,202,1,1,0,0,0,0
11/20/2025,6:49:15,0,57,203,311,245,21,201,5,4,0,0,0,0
11/20/2025,6:49:20,0,57,196,312,246,9,201,2,3,0,0,0,0
11/20/2025,6:49:25,0,56,199,311,246,18,202,5,4,0,0,0,-0.0008
11/20/2025,6:49:30,0,58,192,311,243,6,200,1,2,0,0,0,0
11/20/2025,6:49:35,0,54,218,312,246,27,200,9,6,0,0,0,0
11/20/2025,6:49:40,0,57,196,309,245,0,201,0,0,0,0,0,0
11/20/2025,6:49:45,0,56,218,313,244,26,200,8,6,0,0,0,0
11/20/2025,6:49:50,0,54,193,311,246,5,200,1,1,0,0,0,0
11/20/2025,6:49:55,0,56,218,313,245,28,201,8,7,0,0,0,0
11/20/2025,6:50:00,0,57,193,309,245,3,201,0,1,0,0,0,0
11/20/2025,6:50:05,0,58,203,313,245,22,202,8,6,0,0,0,0
11/20/2025,6:50:10,0,56,190,310,246,16,200,4,3,0,0,0,0
11/20/2025,6:50:15,0,54,194,311,246,8,202,2,2,0,0,0,0
11/20/2025,6:50:20,0,57,215,312,246,28,201,8,6,0,0,0,0
11/20/2025,6:50:25,0,55,193,309,246,20,201,5,4,0,0,0,0
11/20/2025,6:50:30,0,54,197,310,246,1,201,0,0,0,0,0,0
11/20/2025,6:50:35,0,57,196,312,246,9,200,2,2,0,0,0,0
11/20/2025,6:50:40,0,53,206,312,245,23,200,7,6,0,0,0,0
11/20/2025,6:50:45,0,53,209,313,246,20,201,6,5,0,0,0,0
11/20/2025,6:50:50,0,54,189,312,245,15,200,4,3,0,0,0,-0.0008
11/20/2025,6:50:55,0,53,195,308,246,2,201,0,0,0,0,0,0
11/20/2025,6:51:00,0,53,195,309,246,9,201,2,2,0,0,0,0
11/20/2025,6:51:05,0,54,199,313,246,18,201,6,4,0,0,0,-0.0008
11/20/2025,6:51:10,0,55,212,313,246,27,201,9,6,0,0,0,0
11/20/2025,6:51:15,0,55,195,310,245,17,201,5,4,0,0,0,0
11/20/2025,6:51:20,0,56,197,308,246,3,201,0,1,0,0,0,0
11/20/2025,6:51:25,0,56,201,314,243,18,201,5,4,0,0,0,0
11/20/2025,6:51:30,0,54,209,312,245,21,200,6,5,0,0,0,0
11/20/2025,6:51:35,0,55,188,310,246,4,201,0,0,0,0,0,0
11/20/2025,6:51:40,0,56,195,312,246,6,201,2,2,0,0,0,0
11/20/2025,6:51:45,0,55,215,313,246,28,201,8,6,0,0,0,0
11/20/2025,6:51:50,0,54,182,310,246,15,201,4,3,0,0,0,0
11/20/2025,6:51:55,0,56,192,310,245,7,200,1,2,0,0,0,0
11/20/2025,6:52:00,0,56,213,313,245,29,200,8,6,0,0,0,0
11/20/2025,6:52:05,0,56,195,310,246,2,202,0,0,0,0,0,0
11/20/2025,6:52:10,0,56,208,314,247,23,200,8,6,0,0,0,0
11/20/2025,6:52:15,0,55,188,309,246,8,201,1,2,0,0,0,0
11/20/2025,6:52:20,0,54,196,313,246,12,201,3,2,0,0,0,0
11/20/2025,6:52:25,0,58,208,314,246,19,201,7,4,0,0,0,0
11/20/2025,6:52:30,0,58,200,310,246,2,202,0,0,0,0,0,0
11/20/2025,6:52:35,0,59,204,313,246,24,201,7,6,0,0,0,0
11/20/2025,6:52:40,0,59,190,310,246,18,200,4,4,0,0,0,0
11/20/2025,6:52:45,0,62,194,308,246,9,201,1,2,0,0,0,0
11/20/2025,6:53:30,0,56,204,314,246,16,202,6,4,0,0,0,0
11/20/2025,6:53:34,0,58,194,312,246,9,201,1,2,0,0,0,0
11/20/2025,6:53:39,0,56,208,313,245,25,202,8,6,0,0,0,0
11/20/2025,6:53:44,0,55,194,311,245,17,201,4,4,0,0,0,0
11/20/2025,6:53:49,0,56,192,310,245,7,202,0,1,0,0,0,0
11/20/2025,6:53:54,0,56,212,312,246,23,201,8,6,0,0,0,0
11/20/2025,6:53:59,0,56,186,310,246,9,200,2,2,0,0,0,0
11/20/2025,6:54:04,0,54,194,311,246,7,201,2,2,0,0,0,0
11/20/2025,6:54:09,0,56,206,312,245,22,202,8,6,0,0,0,0
11/20/2025,6:54:14,0,56,208,311,245,18,202,6,4,0,0,0,0
11/20/2025,6:54:19,0,55,188,310,244,9,201,1,2,0,0,0,-0.0008
11/20/2025,6:54:24,0,54,191,310,244,9,200,1,2,0,0,0,0
11/20/2025,6:54:29,0,56,200,312,246,15,202,4,5,0,0,0,0
11/20/2025,6:54:34,0,56,210,312,246,17,200,5,4,0,0,0,0
11/20/2025,6:54:39,0,55,184,308,246,14,200,2,3,0,0,0,0
11/20/2025,6:54:44,0,55,196,308,246,3,200,0,1,0,0,0,0
11/20/2025,6:54:49,0,54,194,309,246,7,202,2,2,0,0,0,0
11/20/2025,6:54:54,0,53,201,310,246,15,201,5,4,0,0,0,0
11/20/2025,6:54:59,0,53,215,309,246,22,200,7,6,0,0,0,0
11/20/2025,6:55:04,0,54,204,309,246,16,200,5,4,0,0,0,0
11/20/2025,6:55:09,0,53,191,305,246,7,201,0,1,0,0,0,0
11/20/2025,6:55:14,0,54,196,308,245,8,201,1,2,0,0,0,0
11/20/2025,6:55:19,0,54,199,309,245,17,200,5,4,0,0,0,0
11/20/2025,6:55:24,0,56,218,308,245,20,202,6,5,0,0,0,0
11/20/2025,6:55:29,0,58,191,307,246,16,200,5,3,0,0,0,0
11/20/2025,6:55:34,0,56,195,303,246,4,200,0,1,0,0,0,0
11/20/2025,6:55:39,0,56,195,306,246,8,199,3,2,0,0,0,0
11/20/2025,6:55:44,0,55,210,307,245,20,200,7,6,0,0,0,0
11/20/2025,6:55:49,0,56,198,306,243,17,201,5,4,0,0,0,0
11/20/2025,6:55:54,0,55,197,303,246,6,201,1,1,0,0,0,0
11/20/2025,6:55:59,0,56,195,306,246,10,201,3,3,0,0,0,0
11/20/2025,6:56:04,0,59,212,307,245,15,201,5,4,0,0,0,0
11/20/2025,6:56:09,0,59,184,305,246,15,201,4,3,0,0,0,0
11/20/2025,6:56:14,0,59,208,307,246,16,201,6,4,0,0,0,0
11/20/2025,6:56:19,0,59,203,307,246,13,201,5,5,0,0,0,0
11/20/2025,6:56:24,0,62,195,305,246,17,200,5,3,0,0,0,0
11/20/2025,6:56:29,0,60,191,303,246,9,201,0,2,0,0,0,0
11/20/2025,6:56:34,0,62,212,306,246,19,199,6,5,0,0,0,0
11/20/2025,6:56:39,0,62,187,304,246,13,201,3,3,0,0,0,0
11/20/2025,6:56:44,0,62,195,305,245,5,200,2,2,0,0,0,0
11/20/2025,6:56:49,0,59,203,307,246,17,201,5,4,0,0,0,0
11/20/2025,6:56:54,0,60,194,304,245,9,201,1,2,0,0,0,0
11/20/2025,6:56:59,0,60,214,307,245,17,200,4,4,0,0,0,-0.0008
11/20/2025,6:57:04,0,60,198,301,245,6,201,1,1,0,0,0,0
11/20/2025,6:57:09,0,58,206,306,246,18,199,6,5,0,0,0,0
11/20/2025,6:57:14,0,61,198,305,246,19,199,4,4,0,0,0,0
11/20/2025,6:57:19,0,59,195,303,247,6,200,1,2,0,0,0,0
11/20/2025,6:57:24,0,59,194,306,244,8,199,2,3,0,0,0,0
11/20/2025,6:57:29,0,59,218,305,246,17,199,6,4,0,0,0,0
11/20/2025,6:57:34,0,56,184,303,246,18,201,2,4,0,0,0,0
11/20/2025,6:57:39,0,58,193,303,245,10,200,1,3,0,0,0,0
11/20/2025,6:57:44,0,56,209,307,245,17,200,5,4,0,0,0,0
11/20/2025,6:57:49,0,58,197,304,245,16,201,4,3,0,0,0,0
11/20/2025,6:57:54,0,57,190,304,244,12,201,1,2,0,0,0,0
11/20/2025,6:57:59,0,56,206,307,246,14,202,4,4,0,0,0,0
11/20/2025,6:58:04,0,56,206,307,245,14,200,4,4,0,0,0,0
11/20/2025,6:58:09,0,57,186,303,245,17,201,4,4,0,0,0,0
11/20/2025,6:58:14,0,55,196,301,246,9,200,1,2,0,0,0,0
11/20/2025,6:58:19,0,53,194,305,244,11,200,3,3,0,0,0,0
11/20/2025,6:58:24,0,55,195,305,245,9,201,2,2,0,0,0,0
11/20/2025,6:58:29,0,54,204,307,244,11,201,4,4,0,0,0,0
11/20/2025,6:58:34,0,55,211,307,245,13,200,5,4,0,0,0,0
11/20/2025,6:58:39,0,56,196,305,245,18,201,4,3,0,0,0,0
11/20/2025,6:58:44,0,53,188,301,246,13,201,2,2,0,0,0,0
11/20/2025,6:58:49,0,54,195,302,246,9,201,1,2,0,0,0,0
11/20/2025,6:58:54,0,53,191,304,245,12,201,1,3,0,0,0,0
11/20/2025,6:58:59,0,52,197,308,247,5,200,0,2,0,0,0,0
11/20/2025,6:59:04,0,54,207,308,245,14,201,4,4,0,0,0,0
11/20/2025,6:59:09,0,60,207,308,244,13,200,4,3,0,0,0,0
11/20/2025,6:59:14,0,52,190,304,246,12,200,2,2,0,0,0,0
11/20/2025,6:59:19,0,51,195,306,243,8,201,2,2,0,0,0,0
11/20/2025,6:59:24,0,52,198,307,245,5,201,1,2,0,0,0,0
11/20/2025,6:59:29,0,52,203,308,246,12,201,3,3,0,0,0,0
11/20/2025,6:59:34,0,52,214,306,246,15,200,5,4,0,0,0,0
11/20/2025,6:59:39,0,48,217,308,246,14,201,4,4,0,0,0,0
11/20/2025,6:59:44,0,52,213,308,244,13,200,4,3,0,0,0,0
11/20/2025,6:59:49,0,51,207,307,245,13,201,4,3,0,0,0,0
11/20/2025,6:59:54,0,52,193,306,246,18,200,5,4,0,0,0,0
11/20/2025,6:59:59,0,53,195,304,246,9,201,1,2,0,0,0,0
11/20/2025,7:00:04,0,56,197,306,245,9,202,2,3,0,0,0,0
11/20/2025,7:00:09,0,52,201,308,245,8,200,3,3,0,0,0,0
11/20/2025,7:00:14,0,50,205,309,246,11,201,4,3,0,0,0,0
11/20/2025,7:00:19,0,53,216,308,245,14,200,5,4,0,0,0,0
11/20/2025,7:00:24,0,53,208,308,245,14,201,4,4,0,0,0,0
11/20/2025,7:00:29,0,53,195,307,245,19,201,4,4,0,0,0,-0.0008
11/20/2025,7:00:34,0,56,187,306,246,17,200,4,4,0,0,0,0
11/20/2025,7:00:39,0,55,190,305,246,13,200,3,3,0,0,0,0
11/20/2025,7:00:44,0,56,200,305,246,10,201,2,2,0,0,0,0
11/20/2025,7:00:49,0,55,195,306,245,11,201,1,2,0,0,0,0
11/20/2025,7:00:54,0,55,199,308,246,10,201,3,2,0,0,0,0
11/20/2025,7:00:59,0,57,218,308,246,13,200,5,4,0,0,0,0
11/20/2025,7:01:04,0,52,197,307,245,18,201,4,4,0,0,0,0
11/20/2025,7:01:09,0,58,190,305,245,13,200,2,3,0,0,0,0
11/20/2025,7:01:14,0,58,195,304,246,12,201,2,2,0,0,0,-0.0008
11/20/2025,7:01:19,0,57,196,305,246,11,201,1,2,0,0,0,0
11/20/2025,7:01:24,0,57,191,305,246,14,201,3,3,0,0,0,0
11/20/2025,7:01:29,0,58,198,306,246,6,201,1,2,0,0,0,0
11/20/2025,7:01:34,0,59,218,309,246,14,201,5,4,0,0,0,-0.0008
11/20/2025,7:01:39,0,56,204,307,245,14,200,4,3,0,0,0,0
11/20/2025,7:01:44,0,58,191,306,246,13,200,2,3,0,0,0,0
11/20/2025,7:01:49,0,60,195,306,246,10,200,2,3,0,0,0,0
11/20/2025,7:01:54,0,62,196,307,246,9,202,2,2,0,0,0,0
11/20/2025,7:01:59,0,58,196,308,246,6,201,1,2,0,0,0,0
11/20/2025,7:02:04,0,60,212,309,246,16,201,5,4,0,0,0,0
11/20/2025,7:02:09,0,60,199,308,246,14,201,4,4,0,0,0,0
11/20/2025,7:02:14,0,58,187,304,246,16,201,3,3,0,0,0,0
11/20/2025,7:02:19,0,58,192,306,246,11,199,2,3,0,0,0,0
11/20/2025,7:02:24,0,57,196,306,245,12,200,2,3,-0.0008,0,0,-0.0008
11/20/2025,7:02:29,0,56,197,306,246,9,201,2,2,0,0,0,0
11/20/2025,7:02:34,0,58,198,310,244,4,201,2,2,0,0,0,0
11/20/2025,7:02:39,0,55,213,310,245,14,199,6,4,0,0,0,0
11/20/2025,7:02:44,0,55,202,308,246,16,199,5,3,0,0,0,0
11/20/2025,7:02:49,0,56,188,305,246,16,201,3,3,0,0,0,0
11/20/2025,7:02:54,0,56,198,304,246,12,201,2,2,0,0,0,0
11/20/2025,7:02:59,0,56,194,308,246,8,200,1,2,0,0,0,0
11/20/2025,7:03:31,0,55,222,310,247,12,200,5,3,0,0,0,-0.0008
11/20/2025,7:03:34,0,55,215,310,244,9,201,4,3,0,0,0,-0.0008
11/20/2025,7:03:39,0,54,189,307,247,15,201,3,3,0,0,0,0
11/20/2025,7:03:44,0,55,195,307,246,8,200,2,2,0,0,0,0
11/20/2025,7:03:49,0,54,211,309,246,12,201,4,3,0,0,0,0
11/20/2025,7:03:54,0,54,198,306,245,11,201,2,2,0,0,0,0
11/20/2025,7:03:59,0,55,199,309,244,8,199,3,2,0,0,0,0
11/20/2025,7:04:04,0,56,214,311,247,10,201,4,4,0,0,0,0
11/20/2025,7:04:09,0,55,190,307,246,15,201,2,3,0,0,0,0
11/20/2025,7:04:14,0,53,198,308,246,6,201,2,2,0,0,0,-0.0008
11/20/2025,7:04:19,0,62,203,309,245,13,201,4,4,0,0,0,0
11/20/2025,7:04:24,0,54,192,306,245,11,199,3,3,0,0,0,0
11/20/2025,7:04:29,0,55,214,309,244,12,200,5,3,0,0,0,0
11/20/2025,7:04:34,0,55,188,307,244,16,199,4,3,0,0,0,0
11/20/2025,7:04:39,0,56,195,308,245,8,202,2,3,0,0,0,0
11/20/2025,7:04:44,0,54,217,309,246,13,199,5,3,0,0,0,0
11/20/2025,7:04:49,0,54,187,306,246,17,199,4,3,0,0,0,0
11/20/2025,7:04:54,0,54,194,307,245,9,201,2,2,0,0,0,0
11/20/2025,7:04:59,0,55,217,307,246,13,201,4,3,0,0,0,0
11/20/2025,7:05:04,0,53,192,306,246,15,200,2,3,0,0,0,-0.0008
11/20/2025,7:05:09,0,53,197,309,246,1,200,1,2,0,0,0,0
11/20/2025,7:05:14,0,58,208,309,245,14,201,3,4,0,0,0,0
11/20/2025,7:05:19,0,54,196,307,244,13,199,2,2,0,0,0,0
11/20/2025,7:05:24,0,54,213,310,246,11,201,4,3,0,0,0,0
11/20/2025,7:05:29,0,54,189,306,246,14,200,3,3,0,0,0,0
11/20/2025,7:05:34,0,54,198,309,246,8,200,2,2,0,0,0,0
11/20/2025,7:05:39,0,53,212,309,246,10,200,3,3,0,0,0,0
11/20/2025,7:05:44,0,52,192,305,246,15,201,2,3,0,0,0,0
11/20/2025,7:05:49,0,53,196,306,244,11,199,3,2,0,0,0,0
11/20/2025,7:05:54,0,54,204,309,246,10,201,3,3,0,0,0,0
11/20/2025,7:05:59,0,57,220,310,247,12,200,4,3,0,0,0,0
11/20/2025,7:06:04,0,52,204,307,246,15,201,4,4,0,0,0,0
11/20/2025,7:06:09,0,55,192,306,246,11,200,0,3,0,0,0,0
11/20/2025,7:06:14,0,55,196,307,246,8,201,1,2,0,0,0,0
11/20/2025,7:06:19,0,52,221,309,245,13,199,5,3,0,0,0,0
11/20/2025,7:06:24,0,53,189,306,246,16,201,3,3,0,0,0,0
11/20/2025,7:06:29,0,53,218,310,246,9,201,3,3,0,0,0,0
11/20/2025,7:06:34,0,58,190,304,245,22,201,5,5,0,0,0,0
11/20/2025,7:06:39,0,55,208,308,246,11,201,3,3,0,0,0,0
11/20/2025,7:06:44,0,54,186,305,244,18,200,4,4,0,0,0,0
11/20/2025,7:06:49,0,54,200,306,245,12,201,3,2,0,0,0,0
11/20/2025,7:06:54,0,53,195,307,246,5,200,1,2,0,0,0,0
11/20/2025,7:06:59,0,53,209,308,246,12,200,4,4,0,0,0,0
11/20/2025,7:07:04,0,54,210,307,247,11,200,3,3,0,0,0,0
11/20/2025,7:07:09,0,52,189,305,245,16,200,3,4,0,0,0,0
11/20/2025,7:07:14,0,54,195,305,242,12,200,2,3,0,0,0,0
11/20/2025,7:07:19,0,53,200,307,246,7,201,2,2,0,0,0,0
11/20/2025,7:07:24,0,53,217,308,246,10,201,4,3,0,0,0,0
11/20/2025,7:07:29,0,56,211,307,246,11,201,3,3,0,0,0,-0.0008
11/20/2025,7:07:34,0,53,190,305,246,19,201,4,5,0,0,0,0
11/20/2025,7:07:39,0,57,198,305,246,12,201,2,3,0,0,0,0
11/20/2025,7:07:44,0,56,196,307,247,2,200,1,2,0,0,0,0
11/20/2025,7:07:49,0,57,207,306,246,13,201,3,3,0,0,0,0
11/20/2025,7:07:54,0,58,211,307,246,9,200,3,3,0,0,0,0
11/20/2025,7:07:59,0,57,188,304,246,18,200,3,4,0,0,0,0
11/20/2025,7:08:04,0,56,200,305,244,13,200,2,2,-0.0008,0,0,0
11/20/2025,7:08:09,0,55,192,305,246,12,202,2,3,0,0,0,0
11/20/2025,7:08:14,0,56,205,308,246,8,200,3,3,0,0,0,-0.0008
11/20/2025,7:08:19,0,56,202,307,244,15,199,5,3,0,0,0,0
11/20/2025,7:08:24,0,54,192,305,246,12,200,2,3,0,0,0,0
11/20/2025,7:08:29,0,57,193,305,246,13,200,2,3,0,0,0,0
11/20/2025,7:08:34,0,56,197,306,246,3,201,1,2,0,0,0,0
11/20/2025,7:08:39,0,57,210,308,246,12,201,3,4,0,0,0,0
11/20/2025,7:08:44,0,56,216,307,246,11,201,4,3,0,0,0,0
11/20/2025,7:08:49,0,60,193,306,246,17,201,4,4,0,0,0,0
11/20/2025,7:08:54,0,56,197,302,246,14,201,2,3,-0.0008,0,0,0
11/20/2025,7:08:59,0,56,194,306,246,12,200,2,3,0,0,0,0
11/20/2025,7:09:04,0,55,194,306,246,10,200,2,3,0,0,0,-0.0008
11/20/2025,7:09:09,0,55,198,305,246,3,201,1,2,0,0,0,0
11/20/2025,7:09:14,0,56,207,307,246,12,200,3,3,0,0,0,0
11/20/2025,7:09:19,0,54,213,308,246,10,200,3,3,0,0,0,0
11/20/2025,7:09:24,0,56,185,305,245,18,199,4,4,0,0,0,0
11/20/2025,7:09:29,0,53,194,304,246,16,201,2,4,0,0,0,0
11/20/2025,7:09:34,0,55,198,309,246,3,201,1,2,0,0,0,0
11/20/2025,7:09:39,0,54,217,308,246,13,201,4,4,0,0,0,0
11/20/2025,7:09:44,0,57,200,306,246,15,199,4,3,0,0,0,0
11/20/2025,7:09:49,0,54,194,305,246,15,201,3,3,0,0,0,0
11/20/2025,7:09:54,0,53,198,306,245,9,199,2,2,0,0,0,0
11/20/2025,7:09:59,0,53,216,308,245,11,200,4,3,0,0,0,0
11/20/2025,7:10:04,0,54,201,307,246,15,200,5,4,0,0,0,0
11/20/2025,7:10:09,0,54,198,306,246,15,201,3,3,0,0,0,0
11/20/2025,7:10:14,0,53,199,306,246,6,201,1,2,0,0,0,0
11/20/2025,7:10:19,0,53,217,306,246,11,200,3,3,0,0,0,0
11/20/2025,7:10:24,0,55,191,306,245,16,199,3,3,0,0,0,0
11/20/2025,7:10:29,0,55,197,308,246,7,199,2,2,0,0,0,0
11/20/2025,7:10:34,0,54,217,307,246,12,200,4,3,0,0,0,0
11/20/2025,7:10:39,0,55,193,307,246,19,200,4,4,0,0,0,0
11/20/2025,7:10:44,0,55,200,306,246,13,200,3,3,0,0,0,0
11/20/2025,7:10:49,0,53,198,306,246,5,201,1,3,0,0,0,0
11/20/2025,7:10:54,0,54,207,309,246,11,199,3,3,0,0,0,-0.0008
11/20/2025,7:10:59,0,54,207,309,246,12,200,2,4,0,0,0,0
11/20/2025,7:11:04,0,55,195,305,244,13,200,3,3,0,0,0,0
11/20/2025,7:11:09,0,53,196,308,245,4,199,2,2,0,0,0,0
11/20/2025,7:11:14,0,54,218,308,246,11,200,4,3,0,0,0,0
11/20/2025,7:11:19,0,52,193,307,244,20,199,5,4,0,0,0,-0.0008
11/20/2025,7:11:24,0,52,195,303,246,15,201,4,3,0,0,0,0
11/20/2025,7:11:29,0,54,204,309,245,8,201,3,3,0,0,0,0
11/20/2025,7:11:34,0,54,206,309,246,12,198,4,3,0,0,0,0
11/20/2025,7:11:39,0,56,187,306,246,22,200,4,4,0,0,0,0
11/20/2025,7:11:44,0,58,191,306,246,15,200,2,3,0,0,0,0
11/20/2025,7:11:49,0,58,199,307,247,14,200,3,3,0,0,0,0
11/20/2025,7:11:54,0,55,197,308,245,6,199,2,2,0,0,0,0
11/20/2025,7:11:59,0,56,208,310,244,8,199,3,3,0,0,0,0
11/20/2025,7:12:04,0,55,211,308,246,9,200,3,2,0,0,0,0
11/20/2025,7:12:09,0,55,187,304,246,18,201,4,4,0,0,0,0
11/20/2025,7:12:14,0,56,197,306,246,14,200,3,2,0,0,0,0
11/20/2025,7:12:19,0,55,201,305,246,15,200,3,3,0,0,0,-0.0008
11/20/2025,7:12:24,0,57,193,306,246,13,197,2,3,0,0,0,0
11/20/2025,7:12:29,0,55,198,307,246,10,198,2,2,0,0,0,0
11/20/2025,7:12:34,0,54,202,309,246,6,201,2,3,0,0,0,0
11/20/2025,7:12:39,0,54,212,308,246,7,200,3,3,0,0,0,0
11/20/2025,7:12:44,0,56,186,305,246,21,198,4,4,0,0,0,0
11/20/2025,7:12:49,0,59,198,306,247,13,200,2,3,0,0,0,0
11/20/2025,7:12:54,0,61,197,307,246,7,202,2,3,0,0,0,0
11/20/2025,7:12:59,0,61,203,307,246,7,201,3,3,0,0,0,0
11/20/2025,7:13:04,0,56,221,309,245,10,200,4,3,0,0,0,0
11/20/2025,7:13:09,0,59,207,307,246,11,200,4,3,0,0,0,0
11/20/2025,7:13:50,0,57,221,308,246,10,199,4,1,0,0,0,0
11/20/2025,7:13:54,0,57,197,308,247,5,200,1,2,0,0,0,0
11/20/2025,7:13:59,0,57,211,308,246,10,201,3,3,0,0,0,0
11/20/2025,7:14:04,0,57,206,307,242,11,200,3,3,0,0,0,0
11/20/2025,7:14:09,0,57,191,305,245,16,200,3,4,0,0,0,0
11/20/2025,7:14:14,0,57,199,305,246,14,201,3,3,0,0,0,0
11/20/2025,7:14:19,0,58,193,305,245,12,199,3,3,0,0,0,0
11/20/2025,7:14:24,0,58,199,308,247,5,200,1,2,0,0,0,0
11/20/2025,7:14:29,0,55,213,308,246,10,200,3,3,0,0,0,-0.0008
11/20/2025,7:14:34,0,56,206,308,245,12,200,3,4,0,0,0,0
11/20/2025,7:14:39,0,55,187,305,246,18,201,3,4,0,0,-0.0008,0
11/20/2025,7:14:44,0,55,201,303,246,15,200,3,3,0,0,0,0
11/20/2025,7:14:49,0,56,196,306,246,6,200,1,2,0,0,0,0
11/20/2025,7:14:54,0,55,208,308,246,9,201,2,3,0,0,0,-0.0008
11/20/2025,7:14:59,0,55,218,308,244,7,200,3,3,0,0,0,0
11/20/2025,7:15:04,0,58,200,305,246,15,201,5,3,0,0,0,0
11/20/2025,7:15:09,0,55,191,304,246,17,200,2,4,0,0,0,-0.0008
11/20/2025,7:15:14,0,53,200,304,246,14,202,3,3,0,0,0,0
11/20/2025,7:15:19,0,55,200,306,246,3,201,1,2,0,0,0,0
11/20/2025,7:15:24,0,55,216,307,246,11,201,3,3,0,0,0,0
11/20/2025,7:15:29,0,54,214,306,246,7,201,5,3,0,0,0,0
11/20/2025,7:15:34,0,55,198,303,246,17,200,4,4,0,0,0,0
11/20/2025,7:15:39,0,55,191,304,245,16,200,3,3,0,0,0,-0.0008
11/20/2025,7:15:44,0,54,194,303,246,14,200,3,4,0,0,0,0
11/20/2025,7:15:49,0,53,197,306,246,1,200,1,2,0,0,0,0
11/20/2025,7:15:54,0,55,209,306,246,11,200,4,3,0,0,0,0
11/20/2025,7:15:59,0,56,210,306,245,12,199,3,2,0,0,0,0
11/20/2025,7:16:04,0,56,188,303,246,20,200,3,5,0,0,0,0
11/20/2025,7:16:09,0,56,196,304,244,14,198,3,3,0,0,0,0
11/20/2025,7:16:14,0,56,194,303,246,11,201,3,4,0,0,0,0
11/20/2025,7:16:19,0,56,195,304,246,13,200,4,3,0,0,0,0
11/20/2025,7:16:24,0,56,212,305,246,10,200,3,3,0,0,0,0
11/20/2025,7:16:29,0,57,187,303,246,18,200,3,3,0,0,0,0
11/20/2025,7:16:34,0,56,197,302,246,15,199,3,3,0,0,0,0
11/20/2025,7:16:39,0,57,203,306,246,6,200,2,3,0,0,0,0
11/20/2025,7:16:44,0,54,208,304,246,12,200,3,3,0,0,0,0
11/20/2025,7:16:49,0,57,193,302,245,16,199,4,3,0,0,0,0
11/20/2025,7:16:54,0,56,193,302,246,16,199,3,3,0,0,0,0
11/20/2025,7:16:59,0,57,197,306,246,2,201,1,2,0,0,0,0
11/20/2025,7:17:04,0,61,215,305,246,10,201,3,3,0,0,0,0
11/20/2025,7:17:09,0,57,189,301,246,17,200,3,4,0,0,0,0
11/20/2025,7:17:14,0,56,197,303,246,6,201,2,2,0,0,0,0
11/20/2025,7:17:19,0,65,219,305,247,6,200,3,4,0,0,0,0
11/20/2025,7:17:24,0,58,194,302,244,15,199,3,3,0,0,0,0
11/20/2025,7:17:29,0,57,198,302,246,4,201,2,2,0,0,0,0
11/20/2025,7:17:34,0,54,208,304,246,9,201,2,3,0,0,0,0
11/20/2025,7:17:39,0,57,196,302,246,14,200,3,3,0,0,0,0
11/20/2025,7:17:44,0,57,199,304,246,1,199,1,1,0,0,0,-0.0008
11/20/2025,7:17:49,0,55,212,305,247,11,201,2,3,0,0,0,0
11/20/2025,7:17:54,0,57,194,302,246,14,200,3,4,0,0,0,0
11/20/2025,7:17:59,0,57,199,301,246,6,201,3,2,0,0,0,0
11/20/2025,7:18:04,0,56,183,302,246,18,201,4,4,0,0,0,0
11/20/2025,7:18:09,0,57,198,303,246,1,199,2,3,0,0,0,0
11/20/2025,7:18:14,0,61,194,301,246,18,201,4,4,0,0,0,0
11/20/2025,7:18:19,0,54,196,304,246,3,199,2,1,0,0,0,0
11/20/2025,7:18:24,0,56,196,301,246,15,200,3,4,0,0,0,0
11/20/2025,7:18:29,0,55,201,304,247,11,199,2,4,0,0,0,-0.0008
11/20/2025,7:18:34,0,57,221,304,246,8,200,4,3,0,0,0,0
11/20/2025,7:18:39,0,55,212,303,246,7,201,3,3,0,0,0,0
11/20/2025,7:18:44,0,57,200,304,244,3,200,2,2,0,0,0,-0.0008
11/20/2025,7:18:49,0,57,195,302,244,11,201,2,3,0,0,0,0
11/20/2025,7:18:54,0,57,192,300,247,15,200,3,3,0,0,0,0
11/20/2025,7:18:59,0,55,211,303,245,9,201,3,3,0,0,0,0
11/20/2025,7:19:04,0,56,201,303,246,5,199,3,2,0,0,0,0
11/20/2025,7:19:09,0,58,194,300,246,12,200,3,4,0,0,0,0
11/20/2025,7:19:14,0,56,187,300,245,17,199,4,3,0,0,0,-0.0008
11/20/2025,7:19:19,0,58,209,303,245,9,199,3,3,0,0,0,0
11/20/2025,7:19:24,0,59,216,303,246,9,200,3,3,0,0,0,0
11/20/2025,7:19:29,0,63,203,302,246,4,199,3,2,0,0,0,0
11/20/2025,7:19:34,0,62,202,302,246,6,201,2,2,0,0,0,0
11/20/2025,7:19:39,0,62,206,301,246,7,200,2,3,0,0,0,0
11/20/2025,7:19:44,0,60,215,302,246,8,201,3,3,0,0,0,0
11/20/2025,7:19:49,0,65,221,302,245,8,201,4,3,0,0,0,0
11/20/2025,7:19:54,0,62,213,300,246,7,201,4,3,0,0,0,0
11/20/2025,7:19:59,0,58,202,298,246,15,200,3,4,0,0,0,0
11/20/2025,7:20:04,0,59,199,296,246,18,200,4,4,0,0,0,0
11/20/2025,7:20:09,0,55,197,298,246,15,201,4,4,0,0,0,0
11/20/2025,7:20:14,0,55,200,300,245,14,201,4,4,0,0,0,0
11/20/2025,7:20:19,0,59,203,300,245,11,200,4,3,0,0,0,-0.0008
11/20/2025,7:20:24,0,63,212,298,247,8,200,2,3,0,0,0,0
11/20/2025,7:20:29,0,59,220,301,246,8,200,3,3,0,0,0,0
11/20/2025,7:20:34,0,60,214,301,247,7,200,3,3,0,0,0,0
11/20/2025,7:20:39,0,64,212,301,246,7,199,4,2,0,0,0,0
11/20/2025,7:20:44,0,66,220,300,246,8,201,4,3,0,0,0,0
11/20/2025,7:20:49,0,66,208,299,246,10,200,3,3,0,0,0,0
11/20/2025,7:20:54,0,64,188,298,247,16,200,3,3,0,0,0,0
11/20/2025,7:20:59,0,65,193,297,246,13,199,3,3,0,0,0,0
11/20/2025,7:21:04,0,64,207,301,246,7,201,3,3,0,0,0,0
11/20/2025,7:21:09,0,65,194,297,246,20,201,4,4,0,0,0,0
11/20/2025,7:21:14,0,61,192,298,247,12,200,3,3,0,0,0,0
11/20/2025,7:21:19,0,59,210,300,246,7,201,3,3,0,0,0,0
11/20/2025,7:21:24,0,62,188,298,246,21,199,5,4,0,0,0,0
11/20/2025,7:21:29,0,56,194,298,247,10,200,2,3,0,0,0,0
11/20/2025,7:21:34,0,59,211,301,246,7,201,3,3,0,0,0,0
11/20/2025,7:21:39,0,58,194,297,246,18,201,4,4,0,0,0,0
11/20/2025,7:21:44,0,56,198,298,246,13,200,2,3,0,0,0,0
11/20/2025,7:21:49,0,59,198,299,246,3,200,1,2,0,0,0,0
11/20/2025,7:21:54,0,56,210,300,246,7,201,2,3,0,0,0,0
11/20/2025,7:21:59,0,58,212,301,247,4,198,3,3,0,0,0,0
11/20/2025,7:22:04,0,58,186,298,246,18,199,5,4,0,0,0,-0.0008
11/20/2025,7:22:09,0,56,194,297,246,14,200,3,4,0,0,0,0
11/20/2025,7:22:14,0,56,193,297,247,13,201,3,4,0,0,0,0
11/20/2025,7:22:19,0,53,197,298,246,3,200,1,2,0,0,0,0
11/20/2025,7:22:24,0,56,219,301,246,9,200,4,2,0,0,0,0
11/20/2025,7:22:29,0,56,189,299,246,18,199,6,4,0,0,0,0
11/20/2025,7:22:34,0,58,200,295,246,12,201,3,3,0,0,0,0
11/20/2025,7:22:39,0,56,196,300,246,4,199,2,2,0,0,0,0
11/20/2025,7:22:44,0,58,210,301,246,6,201,3,3,0,0,0,0
11/20/2025,7:22:49,0,56,203,300,245,13,199,4,3,0,0,0,0
11/20/2025,7:22:54,0,58,195,298,246,11,199,3,3,0,0,0,0
11/20/2025,7:22:59,0,56,210,300,246,6,200,3,3,0,0,0,0
11/20/2025,7:23:04,0,58,191,295,246,14,200,3,3,0,0,0,0
11/20/2025,7:23:09,0,57,219,300,246,6,201,3,3,0,0,0,0
11/20/2025,7:23:14,0,56,188,297,246,14,199,3,4,0,0,0,0
11/20/2025,7:24:04,0,54,200,300,245,3,199,3,3,0,0,0,0
11/20/2025,7:24:09,0,54,199,297,246,13,199,4,4,0,0,0,0
11/20/2025,7:24:14,0,56,196,298,245,9,199,2,3,0,0,0,0
11/20/2025,7:24:19,0,53,221,301,246,6,200,4,3,0,0,0,0
11/20/2025,7:24:24,0,55,189,298,247,14,200,3,3,0,0,0,0
11/20/2025,7:24:29,0,57,197,299,246,5,200,1,2,0,0,0,0
11/20/2025,7:24:34,0,59,212,300,246,6,199,3,3,0,0,0,0
11/20/2025,7:24:39,0,60,211,298,247,8,200,3,3,0,0,0,0
11/20/2025,7:24:44,0,62,187,297,246,15,199,4,3,0,0,0,0
11/20/2025,7:24:49,0,64,196,299,245,10,199,2,3,0,0,0,0
11/20/2025,7:24:54,0,61,218,300,246,5,201,3,3,0,0,0,0
11/20/2025,7:24:59,0,62,198,297,247,12,201,2,3,0,0,0,0
11/20/2025,7:25:04,0,60,213,301,245,6,199,3,3,0,0,0,0
11/20/2025,7:25:09,0,60,187,298,246,14,199,4,4,0,0,0,0
11/20/2025,7:25:14,0,57,197,298,247,10,201,2,3,0,0,0,0
11/20/2025,7:25:19,0,58,212,301,246,6,200,3,3,0,0,0,0
11/20/2025,7:25:24,0,55,188,299,245,19,199,6,4,0,0,0,0
11/20/2025,7:25:29,0,56,197,300,246,5,200,1,2,0,0,0,0
11/20/2025,7:25:34,0,56,221,301,246,8,201,3,3,0,0,0,-0.0008
11/20/2025,7:25:39,0,57,186,299,246,15,199,3,4,0,0,0,0
11/20/2025,7:25:44,0,56,195,298,247,12,201,2,3,0,0,0,0
11/20/2025,7:25:49,0,55,209,302,246,5,201,3,3,0,0,0,0
11/20/2025,7:25:54,0,56,196,299,245,13,199,4,3,0,0,0,0
11/20/2025,7:25:59,0,53,194,299,244,10,200,4,4,-0.0008,0,0,0
11/20/2025,7:26:04,0,54,207,300,246,4,200,3,3,0,0,0,0
11/20/2025,7:26:09,0,57,206,301,246,11,199,4,3,0,0,0,0
11/20/2025,7:26:14,0,55,196,298,246,14,200,3,3,0,0,0,0
11/20/2025,7:26:19,0,55,197,301,246,3,200,1,1,0,0,0,0
11/20/2025,7:26:24,0,55,214,301,246,7,198,3,4,0,0,0,0
11/20/2025,7:26:29,0,55,193,298,246,14,199,3,3,0,0,0,-0.0008
11/20/2025,7:26:34,0,53,198,300,246,4,200,2,2,0,0,0,0
11/20/2025,7:26:39,0,55,202,299,247,4,200,2,2,0,0,0,0
11/20/2025,7:26:44,0,54,208,301,245,5,199,3,3,0,0,0,0
11/20/2025,7:26:49,0,56,210,301,246,5,199,4,2,0,0,0,0
11/20/2025,7:26:54,0,56,210,302,246,4,200,3,3,0,0,0,0
11/20/2025,7:26:59,0,56,217,301,246,6,200,3,3,0,0,0,-0.0008
11/20/2025,7:27:04,0,56,212,301,247,7,201,4,2,0,0,0,-0.0008
11/20/2025,7:27:09,0,56,193,298,247,17,201,4,4,0,0,0,0
11/20/2025,7:27:14,0,56,200,298,246,13,199,4,4,0,0,0,0
11/20/2025,7:27:19,0,55,206,300,247,5,200,2,3,0,0,0,0
11/20/2025,7:27:24,0,57,193,299,246,17,199,5,4,0,0,0,0
11/20/2025,7:27:29,0,56,193,297,246,10,200,2,3,0,0,0,0
11/20/2025,7:27:34,0,54,213,301,246,6,200,4,3,0,0,0,0
11/20/2025,7:27:39,0,59,192,298,247,14,200,2,3,0,0,0,0
11/20/2025,7:27:44,0,57,215,301,246,9,200,3,3,0,0,0,0
11/20/2025,7:27:49,0,57,188,299,247,15,200,3,3,0,0,0,0
11/20/2025,7:27:54,0,59,197,301,246,5,200,1,2,0,0,0,0
11/20/2025,7:27:59,0,59,210,301,247,10,199,5,2,0,0,0,0
11/20/2025,7:28:04,0,58,193,297,247,12,201,3,3,0,0,0,0
11/20/2025,7:28:09,0,59,215,302,247,7,200,3,3,0,0,0,0
11/20/2025,7:28:14,0,60,188,300,246,15,199,3,4,0,0,0,0
11/20/2025,7:28:19,0,63,198,301,245,4,199,2,2,0,0,0,0
11/20/2025,7:28:24,0,58,209,302,246,7,201,2,3,0,0,0,0
11/20/2025,7:28:29,0,61,198,300,244,11,199,3,3,0,0,0,0
11/20/2025,7:28:34,0,60,200,302,246,3,199,3,2,0,0,0,0
11/20/2025,7:28:39,0,58,208,301,246,10,199,4,3,0,0,0,0
11/20/2025,7:28:44,0,61,199,299,246,11,198,2,3,0,0,0,0
11/20/2025,7:28:49,0,59,206,304,245,4,199,3,3,0,0,0,0
11/20/2025,7:28:54,0,60,189,300,246,17,200,4,4,0,0,0,0
11/20/2025,7:28:59,0,61,193,299,246,11,198,3,3,0,0,0,-0.0008
11/20/2025,7:29:04,0,61,208,303,247,5,201,3,3,0,0,0,0
11/20/2025,7:29:09,0,61,219,303,246,8,201,3,3,0,0,0,0
11/20/2025,7:29:14,0,60,212,303,246,6,200,3,2,0,0,0,0
11/20/2025,7:29:19,0,60,206,300,247,11,201,3,3,0,0,0,0
11/20/2025,7:29:24,0,55,195,300,246,16,199,3,4,0,0,0,-0.0008
11/20/2025,7:29:29,0,58,191,300,246,15,200,3,4,0,0,0,0
11/20/2025,7:29:34,0,56,197,299,247,15,201,3,3,0,0,0,0
11/20/2025,7:29:39,0,58,197,302,246,3,200,1,2,0,0,0,0
11/20/2025,7:29:44,0,60,221,304,247,9,200,3,3,-0.0008,0,0,0
11/20/2025,7:29:49,0,59,191,299,246,14,200,3,3,0,0,0,0
11/20/2025,7:29:54,0,60,200,303,246,3,200,2,3,0,0,0,0
11/20/2025,7:29:59,0,59,190,301,247,15,199,3,3,0,0,0,0
11/20/2025,7:30:04,0,59,204,304,246,6,200,2,3,0,0,0,0
11/20/2025,7:30:09,0,59,191,300,247,15,200,3,4,0,0,0,0
11/20/2025,7:30:14,0,61,201,305,245,3,199,2,2,0,0,0,0
11/20/2025,7:30:19,0,60,200,303,247,13,201,4,4,0,0,0,0
11/20/2025,7:30:24,0,60,193,302,246,11,200,2,3,0,0,0,0
11/20/2025,7:30:29,0,61,218,304,246,8,200,4,3,0,0,0,0
11/20/2025,7:30:34,0,62,192,302,246,13,199,3,4,0,0,0,0
11/20/2025,7:30:39,0,61,200,305,246,2,201,1,2,0,0,0,0
11/20/2025,7:30:44,0,60,202,302,246,14,201,2,4,0,0,0,0
11/20/2025,7:30:49,0,62,193,302,246,12,200,2,4,0,0,0,0
11/20/2025,7:30:54,0,59,211,303,247,7,200,3,3,0,0,0,0
11/20/2025,7:30:59,0,59,187,302,246,17,200,4,4,0,0,0,0
11/20/2025,7:31:04,0,57,196,304,246,2,200,1,2,0,0,0,0
11/20/2025,7:31:09,0,58,209,302,247,16,200,3,3,0,0,0,0
11/20/2025,7:31:14,0,57,199,302,246,12,200,2,3,0,0,0,-0.0008
11/20/2025,7:31:19,0,57,205,305,247,5,201,3,3,0,0,0,0
11/20/2025,7:31:24,0,58,203,303,246,9,199,4,2,0,0,0,0
11/20/2025,7:31:29,0,58,197,302,246,13,201,3,3,0,0,0,0
11/20/2025,7:31:34,0,57,197,305,246,2,199,1,2,0,0,0,0
11/20/2025,7:31:39,0,59,216,306,245,9,201,2,3,0,0,0,0
11/20/2025,7:31:44,0,62,200,303,247,10,199,3,3,0,0,0,0
11/20/2025,7:31:49,0,58,220,304,247,5,200,3,3,0,0,0,0
11/20/2025,7:31:54,0,60,191,303,247,13,199,3,2,0,0,0,0
11/20/2025,7:31:59,0,66,210,306,247,7,200,3,3,0,0,0,0
11/20/2025,7:32:04,0,65,215,305,246,4,200,2,2,0,0,0,0
11/20/2025,7:32:09,0,62,196,302,247,14,200,3,4,0,0,0,0
11/20/2025,7:32:14,0,67,199,303,246,3,199,1,2,0,0,0,0
11/20/2025,7:32:19,0,66,194,303,247,19,199,5,4,0,0,0,0
11/20/2025,7:32:24,0,62,197,301,247,8,200,1,2,0,0,0,0
11/20/2025,7:32:29,0,64,209,306,247,9,200,2,3,0,0,0,0
11/20/2025,7:32:34,0,60,198,305,246,0,200,0,1,0,0,0,0
11/20/2025,7:32:39,0,63,196,304,248,13,199,3,3,0,0,0,0
11/20/2025,7:32:44,0,61,213,306,247,8,200,3,3,0,0,0,0
11/20/2025,7:32:49,0,60,196,301,247,8,200,1,2,0,0,0,0
11/20/2025,7:32:54,0,64,193,304,247,18,201,3,5,0,0,0,0
11/20/2025,7:32:59,0,59,207,305,247,6,200,2,3,0,0,0,0
11/20/2025,7:33:04,0,59,197,304,247,12,199,3,3,0,0,0,0
11/20/2025,7:33:09,0,57,220,306,247,7,200,3,3,0,0,0,0
11/20/2025,7:33:14,0,56,196,302,247,11,199,3,3,0,0,0,0
11/20/2025,7:33:19,0,58,202,306,247,3,199,3,2,0,0,0,0
11/20/2025,7:33:24,0,60,197,304,246,15,199,5,4,0,0,0,0
11/20/2025,7:34:28,0,60,214,307,247,8,199,4,3,0,0,0,0
11/20/2025,7:34:32,0,60,197,306,246,5,201,1,3,0,0,0,-0.0008
11/20/2025,7:34:37,0,59,189,305,245,14,199,3,3,0,0,0,0
11/20/2025,7:34:42,0,57,219,308,247,6,201,3,3,0,0,0,0
11/20/2025,7:34:47,0,56,196,306,244,10,199,3,3,0,0,0,0
11/20/2025,7:34:52,0,59,187,305,247,18,198,5,4,0,0,0,0
11/20/2025,7:34:57,0,60,220,308,246,6,200,3,3,0,0,0,0
11/20/2025,7:35:02,0,63,198,308,245,0,201,1,2,0,0,0,0
11/20/2025,7:35:07,0,65,196,305,245,14,199,3,3,0,0,0,-0.0008
11/20/2025,7:35:12,0,65,210,308,247,7,200,3,3,0,0,0,0
11/20/2025,7:35:17,0,63,204,308,246,3,200,3,2,0,0,0,0
11/20/2025,7:35:22,0,63,192,305,247,12,199,3,3,0,0,0,0
11/20/2025,7:35:27,0,59,193,306,246,17,200,4,4,0,0,0,0
11/20/2025,7:35:32,0,60,212,308,246,5,199,3,3,0,0,0,0
11/20/2025,7:35:37,0,62,196,306,246,7,200,2,3,0,0,0,0
11/20/2025,7:35:42,0,58,199,303,247,13,200,3,3,0,0,0,0
11/20/2025,7:35:47,0,57,206,308,246,8,199,4,3,0,0,0,0
11/20/2025,7:35:52,0,57,197,308,247,1,200,1,2,0,0,0,0
11/20/2025,7:35:57,0,57,194,305,247,14,199,3,3,0,0,0,0
11/20/2025,7:36:02,0,57,209,305,247,10,200,3,3,0,0,0,0
11/20/2025,7:36:07,0,56,207,307,247,5,200,3,3,0,0,0,0
11/20/2025,7:36:12,0,56,221,308,246,2,201,2,2,0,0,0,0
11/20/2025,7:36:17,0,56,196,307,247,8,199,2,3,0,0,0,0
11/20/2025,7:36:22,0,57,217,308,246,7,200,3,3,0,0,0,0
11/20/2025,7:36:27,0,56,196,307,246,6,198,2,2,0,0,0,0
11/20/2025,7:36:32,0,55,192,305,246,14,200,3,4,0,0,0,0
11/20/2025,7:36:37,0,56,219,307,246,8,200,1,3,0,0,0,0
11/20/2025,7:36:42,0,56,196,305,246,10,200,2,3,0,0,0,0
11/20/2025,7:36:47,0,55,194,303,247,17,201,4,4,0,0,0,0
11/20/2025,7:36:52,0,57,213,309,246,4,201,3,3,-0.0008,0,0,0
11/20/2025,7:36:57,0,55,195,307,247,6,199,2,2,-0.0008,0,0,0
11/20/2025,7:37:02,0,56,193,306,245,14,199,3,3,0,0,0,0
11/20/2025,7:37:07,0,55,210,308,245,8,199,4,3,0,0,0,0
11/20/2025,7:37:12,0,58,207,309,247,4,199,3,2,0,0,0,0
11/20/2025,7:37:17,0,56,193,304,247,14,201,2,3,0,0,0,0
11/20/2025,7:37:22,0,58,196,304,247,16,199,4,3,0,0,0,0
11/20/2025,7:37:27,0,56,210,308,247,5,200,3,3,0,0,0,0
11/20/2025,7:37:32,0,58,194,305,247,13,199,3,3,0,0,0,0
11/20/2025,7:37:37,0,56,205,307,247,11,200,3,3,0,0,0,0
11/20/2025,7:37:42,0,60,199,308,246,1,200,1,2,0,0,0,0
11/20/2025,7:37:47,0,58,195,305,247,15,200,2,4,0,0,0,0
11/20/2025,7:37:52,0,60,221,308,246,7,199,3,3,0,0,0,0
11/20/2025,7:37:57,0,58,200,306,246,12,200,3,3,0,0,0,0
11/20/2025,7:38:02,0,60,217,309,246,7,200,4,3,0,0,0,0
11/20/2025,7:38:07,0,59,197,306,246,14,200,2,4,0,0,0,0
11/20/2025,7:38:12,0,60,219,308,246,8,200,3,3,0,0,0,0
11/20/2025,7:38:17,0,60,198,307,247,3,201,1,2,0,0,0,0
11/20/2025,7:38:22,0,60,195,306,246,12,200,2,4,0,0,0,-0.0008
11/20/2025,7:38:27,0,59,195,305,246,14,199,2,3,0,0,0,0
11/20/2025,7:38:32,0,60,210,307,247,9,201,3,3,0,0,0,0
11/20/2025,7:38:37,0,61,199,309,246,0,201,1,2,0,0,0,0
11/20/2025,7:38:42,0,58,193,306,246,14,200,2,4,0,0,0,0
11/20/2025,7:38:47,0,60,217,309,246,7,199,3,3,0,0,0,0
11/20/2025,7:38:52,0,59,200,305,247,13,198,3,3,0,0,0,0
11/20/2025,7:38:57,0,58,219,309,246,6,200,3,3,0,0,0,0
11/20/2025,7:39:02,0,58,195,303,247,13,200,3,3,0,0,0,0
11/20/2025,7:39:07,0,57,200,305,247,13,199,4,4,0,0,0,0
11/20/2025,7:39:12,0,57,206,307,247,5,200,2,2,0,0,0,0
11/20/2025,7:39:17,0,57,194,305,247,14,199,4,3,0,0,0,0
11/20/2025,7:39:22,0,55,187,306,246,18,200,5,4,0,0,0,0
11/20/2025,7:39:27,0,57,212,308,247,5,201,3,3,0,0,0,0
11/20/2025,7:39:32,0,56,199,305,246,12,200,3,3,0,0,0,0
11/20/2025,7:39:37,0,60,208,305,247,11,199,3,3,0,0,0,0
11/20/2025,7:39:42,0,58,200,307,247,4,200,2,2,0,0,0,0
11/20/2025,7:39:47,0,57,199,305,246,11,199,2,3,0,0,0,0
11/20/2025,7:39:52,0,58,204,307,246,12,201,4,3,0,0,0,0
11/20/2025,7:39:57,0,56,209,308,247,5,199,3,2,0,0,0,0
11/20/2025,7:40:02,0,59,195,306,247,9,199,2,3,0,0,0,0
11/20/2025,7:40:07,0,59,187,306,247,19,199,5,4,0,0,0,0
11/20/2025,7:40:12,0,57,206,306,247,4,200,2,3,0,0,0,0
11/20/2025,7:40:17,0,58,197,304,247,13,200,3,3,0,0,0,0
11/20/2025,7:40:22,0,58,204,307,247,14,200,3,3,0,0,0,-0.0008
11/20/2025,7:40:27,0,58,209,307,246,5,199,3,2,0,0,0,0
11/20/2025,7:40:32,0,56,195,304,247,12,200,2,3,0,0,0,0
11/20/2025,7:40:37,0,58,192,304,246,15,199,3,3,0,0,0,0
11/20/2025,7:40:42,0,57,209,304,247,9,200,3,3,0,0,0,-0.0008
11/20/2025,7:40:47,0,58,211,307,247,4,201,3,3,0,0,0,0
11/20/2025,7:40:52,0,59,197,306,246,6,199,2,2,0,0,0,-0.0008
11/20/2025,7:40:57,0,57,188,305,246,16,199,4,3,0,0,0,0
11/20/2025,7:41:02,0,56,220,307,247,6,199,3,3,0,0,0,0
11/20/2025,7:41:07,0,56,197,305,244,7,199,2,3,0,0,0,0
11/20/2025,7:41:12,0,56,193,304,247,14,200,2,4,0,0,0,-0.0008
11/20/2025,7:41:17,0,59,217,306,247,7,200,3,3,0,0,0,-0.0008
11/20/2025,7:41:22,0,55,196,306,247,3,200,1,2,0,0,0,0
11/20/2025,7:41:27,0,57,191,304,247,15,198,3,3,0,0,0,0
11/20/2025,7:41:32,0,56,221,306,246,6,199,3,3,0,0,0,0
11/20/2025,7:41:37,0,56,195,303,247,13,200,3,3,0,0,0,0
11/20/2025,7:41:42,0,55,201,305,247,12,200,4,4,0,0,0,0
11/20/2025,7:41:47,0,57,206,307,247,3,199,2,2,0,0,0,0
11/20/2025,7:41:52,0,56,201,302,247,13,200,3,3,0,0,0,0
11/20/2025,7:41:57,0,56,195,304,247,17,200,3,4,0,0,0,0
11/20/2025,7:42:02,0,56,214,306,247,7,200,3,3,0,0,0,0
11/20/2025,7:42:07,0,57,195,303,246,11,199,2,3,0,0,0,0
11/20/2025,7:42:12,0,58,200,303,247,15,201,5,4,0,0,0,0
11/20/2025,7:42:17,0,57,200,305,247,2,200,2,2,0,0,0,0
11/20/2025,7:42:22,0,57,189,304,247,15,200,3,4,0,0,0,0
11/20/2025,7:42:27,0,57,207,304,247,4,199,3,3,0,0,0,0
11/20/2025,7:42:32,0,56,197,304,246,12,199,3,4,0,0,0,-0.0008
11/20/2025,7:42:37,0,58,211,306,247,5,200,3,3,0,0,0,0
11/20/2025,7:42:42,0,57,198,306,245,5,199,2,2,0,0,0,0
11/20/2025,7:42:47,0,61,194,304,247,18,199,5,4,0,0,0,0
11/20/2025,7:42:52,0,58,199,306,246,0,200,1,1,0,0,0,0
11/20/2025,7:42:57,0,58,200,305,246,16,200,3,4,0,0,0,0
11/20/2025,7:43:02,0,59,195,304,247,7,199,2,2,0,0,0,0
11/20/2025,7:43:07,0,57,202,305,246,14,199,3,3,0,0,0,0
11/20/2025,7:43:12,0,60,196,305,246,8,200,2,2,0,0,0,0
11/20/2025,7:43:17,0,59,199,305,247,12,200,5,2,0,0,0,0
11/20/2025,7:43:22,0,59,199,305,247,2,200,1,1,0,0,0,0
11/20/2025,7:43:27,0,57,190,304,246,13,199,3,4,0,0,0,0
11/20/2025,7:43:32,0,56,219,304,247,7,200,3,3,0,0,0,0
11/20/2025,7:43:37,0,60,193,304,246,17,199,3,3,0,0,0,0
11/20/2025,7:44:08,0,57,195,304,249,12,199,3,3,0,0,0,0
11/20/2025,7:44:12,0,56,200,304,247,3,199,2,2,0,0,0,0
11/20/2025,7:44:17,0,57,200,306,245,12,200,3,4,0,0,0,0
11/20/2025,7:44:22,0,57,194,304,246,10,198,2,3,0,0,0,-0.0008
11/20/2025,7:44:27,0,58,218,304,247,5,199,3,3,0,0,0,0
11/20/2025,7:44:32,0,58,195,304,246,10,199,3,4,0,0,0,0
11/20/2025,7:44:37,0,55,218,307,247,6,199,4,2,0,0,0,0
11/20/2025,7:44:42,0,59,199,304,248,10,200,3,3,0,0,0,0
11/20/2025,7:44:47,0,59,209,305,247,5,199,3,3,0,0,0,0
11/20/2025,7:44:52,0,62,200,305,247,15,200,4,4,0,0,0,0
11/20/2025,7:44:57,0,59,192,303,247,14,199,3,3,0,0,0,0
11/20/2025,7:45:02,0,58,200,303,247,11,199,2,3,0,0,0,0
11/20/2025,7:45:07,0,58,195,303,247,10,199,3,3,0,0,0,0
11/20/2025,7:45:12,0,56,199,305,247,3,199,1,1,0,0,0,0
11/20/2025,7:45:17,0,56,200,307,247,2,198,2,2,0,0,0,0
11/20/2025,7:45:22,0,56,216,307,246,6,199,3,3,0,0,0,0
11/20/2025,7:45:27,0,57,201,305,247,13,198,4,3,0,0,0,0
11/20/2025,7:45:32,0,55,198,303,246,11,199,3,3,0,0,0,-0.0008
11/20/2025,7:45:37,0,55,208,306,247,4,199,4,2,0,0,0,0
11/20/2025,7:45:42,0,58,201,306,245,10,198,4,3,0,0,-0.0008,0
11/20/2025,7:45:47,0,56,192,304,247,13,200,2,4,0,0,0,0
11/20/2025,7:45:52,0,55,197,304,247,15,199,3,3,0,0,0,-0.0008
11/20/2025,7:45:57,0,56,192,304,246,13,198,3,4,0,0,0,-0.0008
11/20/2025,7:46:02,0,56,197,304,247,11,199,4,4,0,0,0,0
11/20/2025,7:46:07,0,55,194,304,247,12,199,3,4,0,0,0,0
11/20/2025,7:46:12,0,57,206,306,247,11,200,3,3,0,0,0,-0.0008
11/20/2025,7:46:17,0,56,204,307,247,2,200,2,2,0,0,0,0
11/20/2025,7:46:22,0,56,200,303,247,12,200,3,4,0,0,0,0
11/20/2025,7:46:27,0,56,217,308,247,3,199,3,3,0,0,0,0
11/20/2025,7:46:32,0,56,197,303,247,10,199,2,3,0,0,0,0
11/20/2025,7:46:37,0,55,194,305,247,14,198,5,4,0,0,0,0
11/20/2025,7:46:42,0,55,203,307,247,1,199,2,3,0,0,0,0
11/20/2025,7:46:47,0,56,191,302,247,13,199,3,4,0,0,0,0
11/20/2025,7:46:52,0,56,185,305,247,12,198,4,4,0,0,0,0
11/20/2025,7:46:57,0,56,192,304,247,13,199,2,4,0,0,0,0
11/20/2025,7:47:02,0,57,221,307,247,5,198,3,3,0,0,0,0
11/20/2025,7:47:07,0,57,197,306,245,6,198,2,2,0,0,0,0
11/20/2025,7:47:12,0,56,189,304,247,15,198,5,4,0,0,0,0
11/20/2025,7:47:17,0,56,205,307,247,2,198,2,3,0,0,0,0
11/20/2025,7:47:22,0,56,195,305,246,12,198,3,4,0,0,0,0
11/20/2025,7:47:27,0,57,212,308,246,3,198,3,3,0,0,0,0
11/20/2025,7:47:32,0,55,193,305,247,13,198,3,4,0,0,0,0
11/20/2025,7:47:37,0,56,201,308,247,1,198,2,2,0,0,0,0
11/20/2025,7:47:42,0,60,195,306,247,15,199,4,4,0,0,0,0
11/20/2025,7:47:47,0,53,194,306,247,8,198,3,4,0,0,0,0
11/20/2025,7:47:52,0,56,218,308,247,5,198,4,3,0,0,0,0
11/20/2025,7:47:57,0,56,199,304,247,11,199,3,3,0,0,0,0
11/20/2025,7:48:02,0,54,217,308,247,4,199,3,3,0,0,0,0
11/20/2025,7:48:07,0,55,198,308,248,1,198,1,2,0,0,0,0
11/20/2025,7:48:12,0,54,191,305,247,13,199,2,4,0,0,0,0
11/20/2025,7:48:17,0,56,212,308,248,4,199,3,3,0,0,0,0
11/20/2025,7:48:22,0,56,207,309,248,3,198,3,3,0,0,0,0
11/20/2025,7:48:27,0,54,196,305,248,8,199,2,3,0,0,0,0
11/20/2025,7:48:32,0,55,194,303,247,13,200,2,3,0,0,0,0
11/20/2025,7:48:37,0,58,201,307,247,11,204,3,3,0,0,0,0
11/20/2025,7:48:42,0,55,218,308,247,4,198,3,2,0,0,0,0
11/20/2025,7:48:47,0,55,216,309,247,3,198,3,2,0,0,0,0
11/20/2025,7:48:52,0,60,213,308,247,0,198,3,4,0,0,0,0
11/20/2025,7:48:57,0,59,204,306,247,11,198,5,3,0,0,0,0
11/20/2025,7:49:02,0,57,195,305,247,12,199,3,3,0,0,0,0
11/20/2025,7:49:07,0,58,199,309,247,0,200,1,1,0,0,0,0
11/20/2025,7:49:12,0,58,189,305,247,15,197,3,4,0,0,0,0
11/20/2025,7:49:17,0,57,214,308,247,4,198,3,3,0,0,0,0
11/20/2025,7:49:22,0,58,193,306,246,10,198,3,3,0,0,0,0
11/20/2025,7:49:27,0,61,207,307,247,8,199,3,4,0,0,0,0
11/20/2025,7:49:32,0,56,198,307,247,0,199,1,2,0,0,0,0
11/20/2025,7:49:37,0,57,189,306,248,11,199,2,4,0,0,0,0
11/20/2025,7:49:42,0,55,212,308,247,4,200,3,3,0,0,0,-0.0008
11/20/2025,7:49:47,0,57,198,305,247,10,199,3,3,0,0,0,0
11/20/2025,7:49:52,0,64,219,308,246,4,199,3,3,0,0,0,0
11/20/2025,7:49:57,0,57,195,305,247,9,197,2,3,0,0,0,0
11/20/2025,7:50:02,0,61,199,307,246,14,198,5,3,0,0,0,0
11/20/2025,7:50:07,0,56,200,307,247,0,198,1,2,0,0,0,0
11/20/2025,7:50:12,0,57,189,305,247,15,198,3,4,0,0,0,0
11/20/2025,7:50:17,0,57,210,307,247,3,199,3,3,0,0,0,0
11/20/2025,7:50:22,0,56,196,305,247,11,199,3,3,0,0,0,0
11/20/2025,7:50:27,0,57,198,306,247,12,199,5,3,0,0,0,0
11/20/2025,7:50:32,0,57,213,308,247,3,198,3,1,0,0,0,0
11/20/2025,7:50:37,0,56,196,306,247,6,198,3,3,0,0,0,0
11/20/2025,7:50:42,0,58,191,305,247,13,200,3,3,0,0,0,0
11/20/2025,7:50:47,0,59,217,307,247,2,199,3,3,0,0,0,0
11/20/2025,7:50:52,0,57,199,306,247,1,199,0,2,0,0,0,0
11/20/2025,7:50:57,0,58,192,305,247,11,198,3,4,0,0,0,0
11/20/2025,7:51:02,0,56,191,304,247,13,199,3,4,0,0,0,0
11/20/2025,7:51:07,0,58,204,305,248,10,199,4,3,0,0,0,0
11/20/2025,7:51:12,0,58,222,308,247,4,198,3,2,0,0,0,0
11/20/2025,7:51:17,0,57,212,305,247,3,200,3,3,0,0,0,0
11/20/2025,7:51:22,0,58,201,309,245,1,198,3,2,0,0,0,0
11/20/2025,7:51:27,0,60,197,307,247,1,200,1,2,0,0,0,0
11/20/2025,7:51:32,0,58,192,305,247,11,198,2,3,0,0,0,0
11/20/2025,7:51:37,0,61,195,305,247,12,199,3,4,0,0,0,0
11/20/2025,7:51:42,0,60,188,304,248,16,199,3,4,0,0,0,-0.0008
11/20/2025,7:51:47,0,61,196,307,247,13,198,5,3,0,0,0,0
11/20/2025,7:51:52,0,61,215,307,247,5,197,3,3,0,0,0,0
11/20/2025,7:51:57,0,63,209,309,247,3,198,3,3,0,0,0,0
11/20/2025,7:52:02,0,61,200,308,245,1,198,1,2,0,0,0,0
11/20/2025,7:52:07,0,60,197,305,247,8,199,2,3,0,0,0,0
11/20/2025,7:52:12,0,56,197,305,247,9,199,3,4,0,0,0,0
11/20/2025,7:52:17,0,60,194,306,247,11,198,2,3,0,0,0,0
11/20/2025,7:52:22,0,60,187,306,245,16,197,5,4,0,0,0,0
11/20/2025,7:52:27,0,59,211,308,247,0,197,3,3,0,0,0,0
11/20/2025,7:52:32,0,61,214,308,246,4,197,3,3,0,0,0,0
11/20/2025,7:52:37,0,60,199,307,247,3,197,1,3,0,0,0,0
11/20/2025,7:52:42,0,60,200,305,247,11,198,3,3,0,0,0,0
11/20/2025,7:52:47,0,60,189,304,247,13,198,3,3,-0.0008,0,0,0
11/20/2025,7:52:52,0,61,201,307,247,15,198,4,4,0,0,0,0
11/20/2025,7:52:57,0,59,218,308,247,4,197,3,2,0,0,0,0
11/20/2025,7:53:02,0,63,197,306,248,2,196,0,2,0,0,0,0
11/20/2025,7:53:07,0,60,195,306,247,9,198,2,3,0,0,0,0
11/20/2025,7:53:12,0,57,193,305,247,11,198,3,3,0,0,0,0
11/20/2025,7:53:17,0,57,201,306,247,11,198,4,3,0,0,0,-0.0008
11/20/2025,7:53:22,0,59,210,307,247,3,199,3,3,0,0,0,0
11/20/2025,7:53:27,0,58,199,306,247,5,199,2,3,0,0,0,0
11/20/2025,7:53:32,0,59,194,305,247,11,198,3,4,0,0,0,0
11/20/2025,7:53:37,0,57,210,307,246,4,197,3,3,0,0,0,0
11/20/2025,7:53:42,0,58,203,309,247,0,198,2,2,0,0,0,0
11/20/2025,7:53:47,0,55,202,306,247,12,197,2,3,0,0,0,0
11/20/2025,7:54:19,0,59,197,305,247,11,198,3,3,0,0,0,0
11/20/2025,7:54:21,0,58,193,306,247,12,197,3,3,0,0,0,0
11/20/2025,7:54:26,0,60,191,306,247,14,198,5,4,0,0,0,0
11/20/2025,7:54:31,0,58,208,308,247,3,198,3,3,0,0,0,0
11/20/2025,7:54:36,0,59,197,304,247,11,197,2,3,0,0,0,0
11/20/2025,7:54:41,0,59,217,308,247,3,197,3,3,0,0,0,0
11/20/2025,7:54:46,0,58,202,305,247,10,198,2,3,0,0,0,-0.0008
11/20/2025,7:54:51,0,58,213,307,247,3,198,3,3,0,0,0,0
11/20/2025,7:54:56,0,58,190,306,245,13,197,3,4,0,0,0,0
11/20/2025,7:55:01,0,57,198,307,247,0,197,1,1,0,0,0,0
11/20/2025,7:55:06,0,58,204,306,247,9,199,3,3,0,0,0,0
11/20/2025,7:55:11,0,58,202,302,248,11,199,3,4,0,0,0,0
11/20/2025,7:55:16,0,57,200,306,248,2,198,1,2,0,0,0,0
11/20/2025,7:55:21,0,57,200,307,247,1,199,2,2,0,0,0,0
11/20/2025,7:55:26,0,59,210,307,246,3,197,2,3,0,0,0,-0.0008
11/20/2025,7:55:31,0,59,209,307,247,3,198,3,2,0,0,0,0
11/20/2025,7:55:36,0,59,202,307,247,1,198,2,2,0,0,0,0
11/20/2025,7:55:41,0,59,197,305,248,5,198,2,2,0,0,0,0
11/20/2025,7:55:46,0,59,200,304,247,11,197,3,3,0,0,0,0
11/20/2025,7:55:51,0,60,190,303,247,15,197,4,5,0,0,0,0
11/20/2025,7:55:56,0,59,207,307,247,2,199,2,2,0,0,0,0
11/20/2025,7:56:01,0,58,192,305,247,11,197,2,3,0,0,0,0
11/20/2025,7:56:06,0,59,213,307,247,4,199,3,3,0,0,0,0
11/20/2025,7:56:11,0,59,192,305,246,12,197,3,3,0,0,0,0
11/20/2025,7:56:16,0,60,200,307,247,0,197,1,1,0,0,0,0
11/20/2025,7:56:21,0,59,213,307,247,4,197,2,2,0,0,0,0
11/20/2025,7:56:26,0,58,195,303,248,9,198,2,3,0,0,0,0
11/20/2025,7:56:31,0,60,198,307,247,0,198,2,2,0,0,0,0
11/20/2025,7:56:36,0,59,218,307,247,4,196,3,3,0,0,0,0
11/20/2025,7:56:41,0,58,201,306,248,10,197,4,3,0,0,0,0
11/20/2025,7:56:46,0,58,197,304,247,10,198,3,3,0,0,0,0
11/20/2025,7:56:51,0,61,196,306,248,8,198,3,3,0,0,0,0
11/20/2025,7:56:56,0,58,197,305,247,3,198,1,2,0,0,0,0
11/20/2025,7:57:01,0,56,198,307,247,0,199,1,2,0,0,0,0
11/20/2025,7:57:06,0,58,204,307,247,1,198,2,2,0,0,0,0
11/20/2025,7:57:11,0,58,216,308,246,3,198,4,3,0,0,0,0
11/20/2025,7:57:16,0,57,216,307,246,4,199,4,2,0,0,0,0
11/20/2025,7:57:21,0,58,196,303,247,12,198,4,4,0,0,0,0
11/20/2025,7:57:26,0,58,200,308,247,2,197,1,2,0,0,0,0
11/20/2025,7:57:31,0,57,193,305,247,11,196,2,4,0,0,0,0
11/20/2025,7:57:36,0,57,198,307,247,0,197,1,2,0,0,0,0
11/20/2025,7:57:41,0,56,210,307,248,3,198,2,3,0,0,0,0
11/20/2025,7:57:46,0,58,211,307,247,3,197,3,2,0,0,0,0
11/20/2025,7:57:51,0,57,190,305,247,12,198,4,4,0,0,0,0
11/20/2025,7:57:56,0,57,199,304,247,11,196,2,4,0,0,0,0
11/20/2025,7:58:01,0,56,192,305,247,10,198,3,4,0,0,0,0
11/20/2025,7:58:06,0,54,195,306,247,4,198,2,2,0,0,0,0
11/20/2025,7:58:11,0,56,204,307,247,1,199,2,2,0,0,0,-0.0008
11/20/2025,7:58:16,0,58,218,307,247,4,197,4,3,0,0,0,0
11/20/2025,7:58:21,0,58,214,307,247,6,197,3,2,0,0,0,0
11/20/2025,7:58:26,0,59,198,306,247,11,197,4,4,0,0,0,0
11/20/2025,7:58:31,0,56,192,304,248,10,197,3,4,0,0,0,0
11/20/2025,7:58:36,0,55,199,304,247,10,197,2,3,0,0,0,0
11/20/2025,7:58:41,0,60,198,307,248,0,197,1,2,0,0,0,0
11/20/2025,7:58:46,0,59,219,307,247,5,196,3,3,0,0,0,0
11/20/2025,7:58:51,0,59,203,306,248,9,199,4,3,0,0,0,-0.0008
11/20/2025,7:58:56,0,59,190,304,247,12,197,3,4,0,0,0,0
11/20/2025,7:59:01,0,60,203,305,247,9,198,3,3,0,0,0,0
11/20/2025,7:59:06,0,60,198,306,247,3,197,1,2,0,0,0,0
11/20/2025,7:59:11,0,59,217,306,247,4,198,3,3,0,0,0,-0.0008
11/20/2025,7:59:16,0,57,203,304,248,7,197,3,4,0,0,0,0
11/20/2025,7:59:21,0,58,196,304,247,9,197,2,3,0,0,0,0
11/20/2025,7:59:26,0,56,196,306,248,3,198,2,3,0,0,0,0
11/20/2025,7:59:31,0,57,215,306,248,3,198,3,3,0,0,0,0
11/20/2025,7:59:36,0,58,206,307,247,6,198,4,2,0,0,0,0
11/20/2025,7:59:41,0,56,192,305,247,13,197,3,4,0,0,0,0
11/20/2025,7:59:46,0,57,198,305,249,9,197,2,3,0,0,0,0
11/20/2025,7:59:51,0,57,194,305,246,9,196,3,4,0,0,0,0
11/20/2025,7:59:56,0,58,200,306,248,4,198,2,2,0,0,0,0
11/20/2025,8:00:01,0,57,203,307,247,2,198,3,2,0,0,0,0
11/20/2025,8:00:06,0,58,214,307,248,3,198,4,3,0,0,0,0
11/20/2025,8:00:11,0,58,210,307,248,6,197,3,1,0,0,0,0
11/20/2025,8:00:16,0,59,191,304,247,11,197,2,4,0,0,0,0
11/20/2025,8:00:21,0,56,201,305,246,9,196,2,3,0,0,0,0
11/20/2025,8:00:26,0,59,198,305,247,2,197,2,3,0,-0.0008,0,0
11/20/2025,8:00:31,0,58,215,307,247,4,198,3,3,0,0,0,0
11/20/2025,8:00:36,0,63,205,305,248,8,198,4,3,0,0,0,0
11/20/2025,8:00:41,0,61,189,304,248,12,197,4,4,0,0,0,0
11/20/2025,8:00:46,0,60,197,304,247,12,197,2,3,0,0,0,0
11/20/2025,8:01:14,0,60,195,304,247,11,198,4,3,0,0,0,-0.0008
11/20/2025,8:01:16,0,59,200,304,248,10,197,2,3,0,0,0,0
11/20/2025,8:01:21,0,60,197,306,248,3,197,2,2,0,0,0,0
11/20/2025,8:01:26,0,58,208,307,247,3,198,2,2,0,0,0,0
11/20/2025,8:01:31,0,60,213,307,248,6,197,3,3,0,0,0,0
11/20/2025,8:01:36,0,59,196,306,249,11,197,3,3,0,0,0,0
11/20/2025,8:01:41,0,54,199,306,248,1,198,3,2,0,0,0,0
11/20/2025,8:01:46,0,62,218,306,248,5,198,3,3,0,0,0,0
11/20/2025,8:01:51,0,59,193,306,248,12,196,3,3,0,0,0,0
11/20/2025,8:01:56,0,57,203,309,247,3,197,2,2,0,0,0,0
11/20/2025,8:02:01,0,59,196,305,246,12,196,3,3,0,0,0,0
11/20/2025,8:02:06,0,58,227,307,248,5,197,3,3,0,0,0,0
11/20/2025,8:02:11,0,57,201,306,248,10,197,2,3,0,0,0,0
11/20/2025,8:02:16,0,59,222,308,247,6,197,4,3,0,0,0,0
11/20/2025,8:02:21,0,59,197,305,247,11,196,2,3,0,0,0,0
11/20/2025,8:02:26,0,60,210,307,248,4,197,2,2,0,0,0,-0.0008
11/20/2025,8:02:31,0,58,191,306,248,12,197,3,3,0,0,0,0
11/20/2025,8:02:36,0,59,210,307,248,4,197,2,2,0,0,0,0
11/20/2025,8:02:41,0,59,203,306,247,11,196,2,3,0,0,0,0
11/20/2025,8:02:46,0,58,212,308,248,11,196,3,2,0,0,0,0
11/20/2025,8:02:51,0,59,202,308,247,2,196,2,2,0,0,0,0
11/20/2025,8:02:56,0,59,195,307,247,9,197,3,3,0,0,0,0
11/20/2025,8:03:01,0,58,198,305,248,11,197,2,3,0,0,0,0
11/20/2025,8:03:06,0,58,192,306,248,14,198,4,3,0,0,0,0
11/20/2025,8:03:11,0,57,186,307,248,13,197,4,4,0,0,0,0
11/20/2025,8:03:16,0,57,196,308,246,13,196,4,4,0,0,0,0
11/20/2025,8:03:21,0,56,219,309,248,2,197,3,2,0,0,0,0
11/20/2025,8:03:26,0,57,199,308,248,2,197,1,2,0,0,0,0
11/20/2025,8:03:31,0,58,193,307,248,14,197,4,4,0,0,0,0
11/20/2025,8:03:36,0,56,199,308,248,2,197,1,2,0,0,0,-0.0008
11/20/2025,8:03:41,0,57,207,308,248,8,197,3,3,0,0,0,0
11/20/2025,8:03:46,0,57,199,309,247,1,197,1,1,0,0,0,0
11/20/2025,8:03:51,0,57,190,308,247,14,197,2,3,0,0,0,0
11/20/2025,8:03:56,0,57,220,310,248,5,197,2,3,0,0,0,0
11/20/2025,8:04:37,0,59,206,310,249,6,196,3,3,0,0,0,0
11/20/2025,8:04:41,0,58,197,307,247,10,197,2,3,0,0,0,0
11/20/2025,8:04:46,0,56,204,308,248,3,196,2,2,0,0,0,0
11/20/2025,8:04:51,0,54,195,308,248,16,197,5,4,0,0,0,0
11/20/2025,8:04:56,0,61,198,309,248,2,196,2,2,0,0,0,0
11/20/2025,8:05:01,0,57,197,309,246,15,196,5,3,0,0,0,0
11/20/2025,8:05:06,0,57,200,309,248,2,198,2,2,0,0,0,0
11/20/2025,8:05:11,0,62,204,310,246,11,197,4,3,0,0,0,0
11/20/2025,8:05:16,0,57,197,308,248,7,196,2,3,0,0,0,0
11/20/2025,8:05:21,0,54,211,309,249,9,198,4,3,0,0,0,0
11/20/2025,8:05:26,0,59,197,309,248,6,196,2,2,0,0,0,0
11/20/2025,8:05:31,0,58,198,309,248,15,196,5,4,0,0,0,0
11/20/2025,8:05:36,0,60,200,310,247,0,196,1,1,0,0,0,0
11/20/2025,8:05:41,0,59,194,307,248,14,198,4,3,0,0,0,0
11/20/2025,8:05:46,0,60,205,311,249,2,198,2,2,0,0,0,0
11/20/2025,8:05:51,0,59,193,308,248,12,196,3,3,0,0,0,0
11/20/2025,8:05:56,0,59,209,309,248,4,198,2,2,0,0,0,0
11/20/2025,8:06:01,0,59,189,307,248,14,198,4,4,0,0,0,0
11/20/2025,8:06:06,0,58,198,310,248,1,198,1,2,0,0,0,0
11/20/2025,8:06:11,0,59,213,310,248,4,196,2,2,0,0,0,0
11/20/2025,8:06:16,0,58,201,308,247,9,196,2,3,0,0,0,0
11/20/2025,8:06:21,0,59,206,310,247,3,198,3,2,0,0,0,0
11/20/2025,8:06:26,0,60,204,308,248,14,196,4,3,0,0,0,0
11/20/2025,8:06:31,0,59,187,308,248,16,197,4,3,0,0,0,0
11/20/2025,8:06:36,0,59,207,310,246,8,198,4,3,0,0,0,0
11/20/2025,8:06:41,0,59,212,310,248,3,196,3,2,0,0,0,0
11/20/2025,8:06:46,0,64,197,308,246,8,198,2,3,0,0,0,0
11/20/2025,8:06:51,0,66,212,309,248,1,198,2,2,0,0,0,0
11/20/2025,8:06:56,0,66,199,306,247,10,198,2,3,0,0,0,0
11/20/2025,8:07:01,0,65,201,306,248,10,197,2,3,0,0,0,-0.0008
11/20/2025,8:07:06,0,64,203,306,248,10,197,2,3,0,0,0,0
11/20/2025,8:07:11,0,64,203,305,244,11,198,2,3,0,0,0,0
11/20/2025,8:07:16,0,64,200,305,247,11,196,3,3,0,0,0,0
11/20/2025,8:07:21,0,62,194,304,248,12,198,3,3,0,0,0,0
11/20/2025,8:07:26,0,63,188,303,248,15,198,4,3,0,0,0,0
11/20/2025,8:07:31,0,62,199,306,248,13,197,4,4,0,0,0,0
11/20/2025,8:07:36,0,63,215,308,248,4,199,5,2,0,0,0,0
11/20/2025,8:07:41,0,61,212,308,247,3,197,3,2,0,0,0,0
11/20/2025,8:07:46,0,60,201,308,248,0,197,0,1,0,0,0,0
11/20/2025,8:07:51,0,60,194,304,248,9,197,2,3,0,0,0,-0.0008
11/20/2025,8:07:56,0,61,199,305,248,10,197,3,3,0,0,0,0
11/20/2025,8:08:01,0,60,202,305,248,10,197,2,3,0,0,0,0
11/20/2025,8:08:06,0,57,196,304,248,10,197,2,3,0,0,0,0
11/20/2025,8:08:11,0,59,205,307,248,1,198,2,2,0,0,0,0
11/20/2025,8:08:16,0,60,212,310,248,7,199,3,3,0,0,0,0
11/20/2025,8:08:21,0,58,195,305,247,11,197,2,3,0,0,0,0
11/20/2025,8:08:26,0,60,199,308,248,1,198,1,1,-0.0008,0,0,0
11/20/2025,8:08:31,0,57,209,307,248,8,198,4,2,0,0,0,-0.0008
11/20/2025,8:08:36,0,58,195,305,248,11,197,3,3,0,0,0,0
11/20/2025,8:08:41,0,59,223,308,248,4,197,3,3,0,0,0,0
11/20/2025,8:08:46,0,58,193,305,247,13,197,4,3,0,0,0,0
11/20/2025,8:08:51,0,63,195,306,248,7,198,2,3,0,0,0,0
11/20/2025,8:08:56,0,61,209,307,248,3,198,2,2,0,0,0,0
11/20/2025,8:09:01,0,59,209,307,247,7,197,3,3,0,0,0,0
11/20/2025,8:09:06,0,59,203,301,248,10,199,3,3,0,0,0,0
11/20/2025,8:09:11,0,60,206,307,248,2,198,3,2,0,0,0,0
11/20/2025,8:09:16,0,62,198,305,249,14,197,4,4,0,0,0,0
11/20/2025,8:09:21,0,63,197,304,248,11,198,3,3,0,0,0,0
11/20/2025,8:09:26,0,60,207,307,246,1,196,2,2,0,0,0,0
11/20/2025,8:09:31,0,61,210,306,248,7,198,3,3,0,0,0,0
11/20/2025,8:09:36,0,58,198,304,248,12,198,3,3,0,0,0,0
11/20/2025,8:09:41,0,59,199,305,248,0,197,1,2,0,0,0,0
11/20/2025,8:09:46,0,60,213,307,247,6,197,2,3,0,0,0,0
11/20/2025,8:09:51,0,60,195,303,248,13,198,4,3,0,0,0,0
11/20/2025,8:09:56,0,58,221,304,248,6,197,2,3,0,0,0,0
11/20/2025,8:10:01,0,59,195,303,249,11,198,3,4,0,0,0,0
11/20/2025,8:10:06,0,60,215,306,248,6,198,3,2,0,0,0,0
11/20/2025,8:10:11,0,58,200,301,248,11,198,3,3,0,0,0,0
11/20/2025,8:10:16,0,60,211,305,248,6,198,3,3,0,0,0,0
11/20/2025,8:10:21,0,59,198,305,247,2,196,1,2,0,0,0,0
11/20/2025,8:10:26,0,59,190,304,248,17,198,4,3,0,0,0,0
11/20/2025,8:10:31,0,59,199,307,248,0,197,1,1,0,0,0,0
11/20/2025,8:10:36,0,59,190,304,248,15,198,3,3,0,0,0,0
11/20/2025,8:10:41,0,56,212,306,248,4,198,3,3,0,0,0,0
11/20/2025,8:10:46,0,60,196,304,248,12,196,3,4,0,0,0,0
11/20/2025,8:10:51,0,59,202,305,248,9,198,4,3,0,0,0,0
11/20/2025,8:10:56,0,59,202,306,248,1,197,2,2,0,0,0,0
11/20/2025,8:11:01,0,58,197,305,248,10,196,3,3,0,0,0,0
11/20/2025,8:11:06,0,61,216,306,248,4,198,3,3,0,0,0,0
11/20/2025,8:11:11,0,59,203,307,248,3,198,2,2,0,0,0,0
11/20/2025,8:11:16,0,59,197,306,248,6,197,2,3,0,0,0,0
11/20/2025,8:11:21,0,59,199,304,248,11,196,2,3,0,0,0,0
11/20/2025,8:11:26,0,60,203,306,248,11,197,4,3,0,0,0,0
11/20/2025,8:11:31,0,60,213,307,248,5,198,3,2,0,0,0,0
11/20/2025,8:11:36,0,60,198,306,248,5,197,2,2,0,0,0,0
11/20/2025,8:11:41,0,60,202,305,248,10,198,2,3,0,0,0,0
11/20/2025,8:11:46,0,61,192,306,248,16,197,2,4,0,0,0,0
11/20/2025,8:11:51,0,59,221,308,248,5,198,3,2,0,0,0,0
11/20/2025,8:11:56,0,58,202,307,248,1,198,2,2,0,0,0,0
11/20/2025,8:12:01,0,60,194,306,247,12,197,3,3,0,0,0,0
11/20/2025,8:12:06,0,59,187,305,248,12,198,3,4,0,0,0,0
11/20/2025,8:12:11,0,60,219,308,248,4,197,3,2,0,0,0,0
11/20/2025,8:12:16,0,59,205,308,248,2,198,3,2,0,0,0,0
11/20/2025,8:12:21,0,57,197,306,248,7,196,3,2,0,0,0,0
11/20/2025,8:12:26,0,60,196,305,248,12,196,2,3,0,0,0,0
11/20/2025,8:12:31,0,56,197,307,248,13,197,4,3,0,0,0,0
11/20/2025,8:12:36,0,61,221,309,246,5,197,3,2,0,0,0,0
11/20/2025,8:12:41,0,58,208,309,248,3,196,3,2,0,0,0,0
11/20/2025,8:12:46,0,58,199,306,248,4,198,2,3,0,0,0,0
11/20/2025,8:12:51,0,58,197,307,248,11,197,2,3,0,0,0,0
11/20/2025,8:12:56,0,62,212,308,248,6,198,3,3,0,0,0,0
11/20/2025,8:13:01,0,60,214,309,248,4,198,3,2,0,0,0,0
11/20/2025,8:13:06,0,61,202,310,248,2,197,1,1,0,0,0,0
11/20/2025,8:13:11,0,62,195,308,248,9,198,2,3,0,0,0,0
11/20/2025,8:13:16,0,62,188,308,247,13,197,3,3,0,0,0,0
11/20/2025,8:13:21,0,58,224,312,248,6,197,3,3,0,0,0,0
11/20/2025,8:13:26,0,63,194,306,248,8,197,2,3,0,0,0,0
11/20/2025,8:13:31,0,62,202,313,246,12,197,4,3,0,0,0,0
11/20/2025,8:13:36,0,60,201,309,248,0,199,0,1,0,0,0,0
11/20/2025,8:13:41,0,61,192,307,248,13,197,3,3,0,0,0,0
11/20/2025,8:13:46,0,59,224,310,248,6,196,3,3,0,0,0,0
11/20/2025,8:13:51,0,62,198,306,248,5,199,2,3,0,0,0,0
11/20/2025,8:13:56,0,61,191,309,249,13,197,3,3,0,0,0,0
11/20/2025,8:14:01,0,60,217,312,250,3,197,2,2,0,0,0,-0.0008
11/20/2025,8:14:06,0,60,200,309,248,0,198,1,1,0,0,0,0
11/20/2025,8:14:38,0,61,199,308,248,11,197,3,3,0,0,0,0
11/20/2025,8:14:40,0,63,212,309,248,4,198,3,2,0,0,0,0
11/20/2025,8:14:45,0,57,199,310,248,3,197,2,2,0,0,0,0
11/20/2025,8:14:50,0,59,190,309,248,16,198,3,4,0,0,0,0
11/20/2025,8:14:55,0,59,203,311,248,2,198,3,2,0,0,0,0
11/20/2025,8:15:00,0,59,190,308,248,14,197,3,3,0,0,0,0
11/20/2025,8:15:05,0,59,202,310,248,1,197,1,2,0,0,0,0
11/20/2025,8:15:10,0,62,202,309,247,11,197,3,3,0,0,0,-0.0008
11/20/2025,8:15:15,0,57,194,308,249,13,198,3,3,0,0,0,0
11/20/2025,8:15:20,0,59,213,312,248,4,198,3,2,0,0,0,0
11/20/2025,8:15:25,0,59,194,310,246,15,196,4,3,0,0,0,0
11/20/2025,8:15:30,0,58,196,308,248,10,196,2,2,0,0,0,0
11/20/2025,8:15:35,0,59,219,311,248,4,196,3,3,0,0,0,-0.0008
11/20/2025,8:15:40,0,60,190,308,248,12,197,3,3,0,0,0,0
11/20/2025,8:15:45,0,63,197,311,247,3,196,1,2,0,0,0,0
11/20/2025,8:15:50,0,61,214,311,248,5,198,2,2,0,0,0,0
11/20/2025,8:15:55,0,63,205,307,248,10,198,3,3,0,0,0,0
11/20/2025,8:16:00,0,61,219,311,248,4,197,3,2,0,0,0,0
11/20/2025,8:16:05,0,62,204,308,248,10,196,2,3,0,0,0,0
11/20/2025,8:16:10,0,59,216,311,248,4,198,4,2,0,0,0,0
11/20/2025,8:16:15,0,62,197,309,248,6,196,1,2,0,0,0,0
11/20/2025,8:16:20,0,60,195,310,250,14,196,3,3,0,0,0,0
11/20/2025,8:16:25,0,61,201,311,248,1,198,2,1,0,0,0,0
11/20/2025,8:16:30,0,60,189,309,247,14,197,3,4,0,0,0,0
11/20/2025,8:16:35,0,61,204,312,247,3,198,2,2,0,0,0,0
11/20/2025,8:16:40,0,62,192,309,248,15,198,5,3,0,0,0,0
11/20/2025,8:16:45,0,57,197,309,248,5,197,2,2,0,0,0,0
11/20/2025,8:16:50,0,59,215,312,248,4,198,3,3,0,0,0,0
11/20/2025,8:16:55,0,58,203,309,247,10,197,2,3,0,0,0,0
11/20/2025,8:17:00,0,59,216,311,248,5,198,3,2,0,0,0,0
11/20/2025,8:17:05,0,59,193,309,247,13,196,3,3,0,0,0,0
11/20/2025,8:17:10,0,58,201,310,248,1,197,1,1,0,0,0,0
11/20/2025,8:17:15,0,61,199,310,248,12,197,3,4,0,0,0,0
11/20/2025,8:17:20,0,60,198,309,247,7,198,2,3,0,0,0,0
11/20/2025,8:17:25,0,59,223,312,247,3,198,4,2,0,0,0,0
11/20/2025,8:17:30,0,60,195,309,249,12,197,3,3,0,0,0,0
11/20/2025,8:17:35,0,59,217,312,248,2,198,3,2,0,0,0,0
11/20/2025,8:17:40,0,59,219,311,248,4,199,3,3,0,0,0,0
11/20/2025,8:17:45,0,56,194,307,248,15,198,5,4,0,0,0,0
11/20/2025,8:17:50,0,58,196,309,248,10,197,3,3,0,0,0,0
11/20/2025,8:17:55,0,58,212,311,248,3,197,3,2,0,0,0,0
11/20/2025,8:18:00,0,59,206,309,249,9,198,4,2,0,0,0,0
11/20/2025,8:18:05,0,58,192,308,248,13,197,3,3,0,0,0,0
11/20/2025,8:18:10,0,57,201,308,248,10,198,2,3,0,0,0,0
11/20/2025,8:18:15,0,58,201,307,248,11,197,3,3,0,0,0,0
11/20/2025,8:18:20,0,57,190,308,247,14,198,3,3,0,0,0,0
11/20/2025,8:18:25,0,57,215,310,248,4,198,3,3,0,0,0,0
11/20/2025,8:18:30,0,56,200,310,248,0,197,1,1,0,0,0,0
11/20/2025,8:18:35,0,57,190,308,248,15,197,3,3,0,0,0,0
11/20/2025,8:18:40,0,57,206,311,248,2,197,2,2,0,0,0,0
11/20/2025,8:18:45,0,58,193,309,247,14,197,4,3,0,0,0,0
11/20/2025,8:18:50,0,58,198,308,248,8,197,2,3,0,0,0,0
11/20/2025,8:18:55,0,58,220,310,247,5,196,3,3,0,0,0,0
11/20/2025,8:19:00,0,58,188,309,249,15,197,4,4,0,0,0,0
11/20/2025,8:19:05,0,58,195,307,248,9,197,2,3,0,0,0,0
11/20/2025,8:19:10,0,59,214,310,248,4,197,3,2,0,0,0,0
11/20/2025,8:19:15,0,57,206,310,248,9,198,4,3,0,0,0,0
11/20/2025,8:19:20,0,58,193,307,248,11,197,3,3,0,0,0,0
11/20/2025,8:19:25,0,54,192,308,249,11,198,3,3,0,0,0,0
11/20/2025,8:19:30,0,57,200,310,248,2,197,1,2,0,0,0,0
11/20/2025,8:19:35,0,58,206,311,247,3,197,2,2,0,0,0,0
11/20/2025,8:19:40,0,57,219,308,248,5,198,3,2,0,0,0,0
11/20/2025,8:19:45,0,60,217,310,248,3,198,3,3,0,0,0,0
11/20/2025,8:19:50,0,57,212,310,248,7,197,3,3,0,0,0,0
11/20/2025,8:19:55,0,58,200,307,248,14,198,5,4,0,0,0,0
11/20/2025,8:20:00,0,57,189,307,248,13,198,4,3,0,0,0,0
11/20/2025,8:20:05,0,56,202,308,248,10,198,2,3,0,0,0,0
11/20/2025,8:20:10,0,57,196,309,249,5,197,2,2,0,0,0,0
11/20/2025,8:20:15,0,60,198,309,248,3,198,1,1,0,0,0,0
11/20/2025,8:20:20,0,56,201,309,248,0,198,1,1,0,0,0,0
11/20/2025,8:20:25,0,56,207,311,248,1,198,1,2,0,0,0,0
11/20/2025,8:20:30,0,56,214,310,248,3,197,2,2,0,0,0,0
11/20/2025,8:20:35,0,57,224,311,248,5,198,3,3,0,0,0,0
11/20/2025,8:20:40,0,57,223,309,248,2,198,3,2,0,0,0,0
11/20/2025,8:20:45,0,63,217,308,249,6,197,2,2,0,0,0,0
11/20/2025,8:20:50,0,61,211,311,248,5,197,3,2,0,0,0,0
11/20/2025,8:20:55,0,60,203,310,248,9,198,4,3,0,0,0,-0.0008
11/20/2025,8:21:00,0,59,201,307,249,14,198,5,3,0,0,0,0
11/20/2025,8:21:05,0,60,205,310,247,11,197,4,3,0,0,0,0
11/20/2025,8:21:10,0,60,211,311,248,8,198,4,2,0,0,0,0
11/20/2025,8:21:15,0,59,221,311,248,4,198,3,2,0,0,0,0
11/20/2025,8:21:20,0,60,216,309,248,6,198,4,2,0,0,0,0
11/20/2025,8:21:25,0,59,209,311,248,3,198,4,2,0,0,0,0
11/20/2025,8:21:30,0,60,211,312,248,3,196,3,3,0,0,0,0
11/20/2025,8:21:35,0,60,210,311,248,4,197,3,2,0,0,0,0
11/20/2025,8:21:40,0,59,209,312,249,4,197,3,2,0,0,0,0
11/20/2025,8:21:45,0,59,205,313,247,2,197,2,2,0,0,0,0
11/20/2025,8:21:50,0,57,204,313,248,0,197,2,1,0,0,0,0
11/20/2025,8:21:55,0,57,198,312,248,2,198,1,1,0,0,0,0
11/20/2025,8:22:00,0,58,200,311,248,2,198,1,1,0,0,0,0
11/20/2025,8:22:05,0,58,197,310,248,8,199,2,2,0,0,0,0
11/20/2025,8:22:10,0,56,199,310,248,10,198,2,3,0,0,0,0
11/20/2025,8:22:15,0,58,199,309,248,9,198,3,3,0,0,0,0
11/20/2025,8:22:20,0,58,192,310,248,11,196,3,3,0,0,0,0
11/20/2025,8:22:25,0,57,194,310,248,15,198,4,4,0,0,0,0
11/20/2025,8:22:30,0,65,208,312,249,7,197,4,2,0,0,0,0
11/20/2025,8:22:35,0,60,219,313,247,5,197,3,2,0,0,0,0
11/20/2025,8:22:40,0,59,215,312,248,4,198,3,2,0,0,0,0
11/20/2025,8:22:45,0,60,204,312,248,2,197,1,2,0,0,0,0
11/20/2025,8:22:50,0,60,199,311,248,3,198,1,2,0,0,0,0
11/20/2025,8:22:55,0,63,197,309,248,15,197,2,3,0,0,0,0
11/20/2025,8:23:00,0,59,196,310,248,11,197,2,3,0,0,0,0
11/20/2025,8:23:05,0,58,193,310,248,13,198,3,3,0,0,0,0
11/20/2025,8:23:10,0,59,199,311,249,9,197,2,2,0,0,0,0
11/20/2025,8:23:15,0,58,198,312,249,5,197,2,2,0,0,0,0
11/20/2025,8:23:20,0,59,211,313,249,4,198,3,3,0,0,0,0
11/20/2025,8:23:25,0,63,220,312,248,3,198,3,2,0,0,0,0
11/20/2025,8:23:30,0,61,215,311,249,6,197,3,2,0,0,0,0
11/20/2025,8:23:35,0,60,204,311,248,9,197,4,3,0,0,0,0
11/20/2025,8:23:40,0,61,189,312,249,16,197,4,4,0,0,0,0
11/20/2025,8:23:45,0,59,194,311,246,11,196,3,3,0,0,0,0
11/20/2025,8:23:50,0,60,201,311,249,9,196,2,3,0,0,0,0
11/20/2025,8:23:55,0,60,196,312,247,8,196,2,3,0,0,0,0
11/20/2025,8:24:00,0,61,204,313,249,2,197,2,1,0,0,0,0
11/20/2025,8:24:05,0,61,220,313,248,5,197,3,3,0,0,0,0
11/20/2025,8:24:10,0,59,208,312,249,6,197,3,3,0,0,0,0
11/20/2025,8:24:15,0,60,189,309,248,12,196,3,3,0,0,0,0
11/20/2025,8:24:48,0,59,196,309,248,10,197,3,3,0,0,0,0
11/20/2025,8:24:50,0,59,194,306,248,12,198,4,3,0,0,0,0
11/20/2025,8:24:55,0,59,203,309,248,10,197,2,3,0,0,0,0
11/20/2025,8:25:00,0,60,193,308,249,10,198,3,3,0,0,0,0
11/20/2025,8:25:05,0,59,194,309,249,9,197,2,3,0,0,0,0
11/20/2025,8:25:10,0,59,193,308,248,9,198,3,3,0,0,0,0
11/20/2025,8:25:15,0,59,199,309,249,9,198,3,3,0,0,0,0
11/20/2025,8:25:20,0,62,199,308,248,11,197,3,3,0,0,0,0
11/20/2025,8:25:25,0,59,202,309,248,10,198,3,3,0,0,0,0
11/20/2025,8:25:30,0,59,204,308,248,10,196,2,3,0,0,0,0
11/20/2025,8:25:35,0,58,197,307,248,10,197,3,3,0,0,0,0
11/20/2025,8:25:40,0,59,193,309,248,12,197,3,3,0,0,0,0
11/20/2025,8:25:45,0,59,193,309,249,11,198,3,3,0,0,0,0
11/20/2025,8:25:50,0,58,201,309,248,9,197,3,3,0,0,0,0
11/20/2025,8:25:55,0,58,202,310,247,10,196,2,2,0,0,0,0
11/20/2025,8:26:00,0,60,202,309,249,10,198,3,3,0,0,0,0
11/20/2025,8:26:05,0,60,204,308,248,8,197,2,2,0,0,0,0
11/20/2025,8:26:10,0,58,205,308,248,9,196,2,3,0,0,0,0
11/20/2025,8:26:15,0,62,196,309,247,9,198,3,3,0,0,0,0
11/20/2025,8:26:20,0,60,199,307,248,1,198,1,1,0,0,0,0
11/20/2025,8:26:25,0,58,206,310,249,3,197,2,2,0,0,0,0
11/20/2025,8:26:30,0,57,222,311,248,5,197,3,3,0,0,0,0
11/20/2025,8:26:35,0,60,207,308,249,15,198,4,3,0,0,0,0
11/20/2025,8:26:40,0,59,189,308,248,13,198,3,4,0,0,0,0
11/20/2025,8:26:45,0,59,203,308,249,8,197,2,3,0,0,0,0
11/20/2025,8:26:50,0,58,199,309,249,4,198,2,2,0,0,0,0
11/20/2025,8:26:55,0,59,207,310,248,3,198,3,2,0,0,0,0
11/20/2025,8:27:00,0,59,221,309,249,4,197,2,3,0,0,0,0
11/20/2025,8:27:05,0,62,203,308,248,11,198,4,3,0,0,0,0
11/20/2025,8:27:10,0,59,192,307,249,13,198,4,3,0,0,0,0
11/20/2025,8:27:15,0,59,207,312,247,2,198,2,2,0,0,0,0
11/20/2025,8:27:20,0,61,198,308,249,7,197,2,2,0,0,0,0
11/20/2025,8:27:25,0,61,207,310,248,3,196,2,2,0,0,0,0
11/20/2025,8:27:30,0,58,223,310,248,3,198,3,2,0,0,0,0
11/20/2025,8:27:35,0,61,197,309,248,13,197,4,3,0,0,0,0
11/20/2025,8:27:40,0,63,201,308,249,9,198,3,3,0,0,0,0
11/20/2025,8:27:45,0,61,201,310,248,1,198,2,2,0,0,0,0
11/20/2025,8:27:50,0,59,215,309,249,6,198,3,3,0,0,0,0
11/20/2025,8:27:55,0,60,218,311,248,5,197,2,2,0,0,0,0
11/20/2025,8:28:00,0,61,198,309,249,16,197,4,4,0,0,0,0
11/20/2025,8:28:05,0,60,198,308,249,11,197,2,3,0,0,0,0
11/20/2025,8:28:10,0,60,197,309,248,5,197,2,2,0,0,0,0
11/20/2025,8:28:15,0,60,218,311,248,4,198,4,2,0,0,0,0
11/20/2025,8:28:20,0,59,203,311,248,10,197,4,3,0,0,0,0
11/20/2025,8:28:25,0,60,193,309,249,12,197,3,3,0,0,0,0
11/20/2025,8:28:30,0,61,199,309,248,10,198,3,3,0,0,0,0
11/20/2025,8:28:35,0,61,200,309,249,3,198,1,2,0,0,0,0
11/20/2025,8:28:40,0,59,211,311,249,3,199,2,2,0,0,0,0
11/20/2025,8:28:45,0,62,219,313,247,5,197,2,2,0,0,0,0
11/20/2025,8:28:50,0,61,193,311,247,14,197,4,4,0,0,0,0
11/20/2025,8:28:55,0,60,197,311,249,8,197,2,3,0,0,0,0
11/20/2025,8:29:00,0,61,226,313,247,4,197,3,3,0,0,0,0
11/20/2025,8:29:05,0,59,190,311,249,12,198,3,3,0,0,0,0
11/20/2025,8:29:10,0,58,192,311,249,9,198,3,3,0,0,0,0
11/20/2025,8:29:15,0,59,202,313,249,0,199,2,2,0,0,0,0
11/20/2025,8:29:20,0,59,217,310,249,5,197,2,3,0,0,0,0
11/20/2025,8:29:25,0,60,216,313,249,5,198,4,2,0,0,0,0
11/20/2025,8:29:30,0,60,190,309,249,15,197,3,4,0,0,0,0
11/20/2025,8:29:35,0,58,198,311,248,9,197,2,2,0,0,0,0
11/20/2025,8:29:40,0,58,195,310,248,10,197,4,2,0,0,0,0
11/20/2025,8:29:45,0,59,198,313,249,1,197,1,1,0,0,0,0
11/20/2025,8:29:50,0,60,214,312,249,6,198,2,2,0,0,0,0
11/20/2025,8:29:55,0,61,210,312,249,7,199,3,3,0,0,0,0
11/20/2025,8:30:00,0,62,197,312,248,14,199,5,3,0,0,0,0
11/20/2025,8:30:05,0,62,191,311,248,13,198,3,3,0,0,0,0
11/20/2025,8:30:10,0,61,197,311,248,11,198,3,3,0,0,0,0
11/20/2025,8:30:15,0,62,194,311,249,10,198,3,3,0,0,0,0
11/20/2025,8:30:20,0,60,200,313,249,4,199,2,2,0,0,0,0
11/20/2025,8:30:25,0,60,208,313,247,3,198,3,2,0,0,0,0
11/20/2025,8:30:30,0,60,223,314,249,6,199,4,2,0,0,0,0
11/20/2025,8:30:35,0,61,212,314,249,7,198,3,2,0,0,0,0
11/20/2025,8:30:40,0,65,187,312,248,13,197,4,4,0,0,0,0
11/20/2025,8:30:45,0,70,204,312,249,9,197,2,3,0,0,0,0
11/20/2025,8:30:50,0,71,200,313,248,2,197,1,2,0,0,0,0
11/20/2025,8:30:55,0,68,216,314,248,4,198,3,2,0,0,0,0
11/20/2025,8:31:00,0,67,213,315,247,4,198,3,2,0,0,0,0
11/20/2025,8:31:05,0,65,195,312,249,10,198,3,3,0,0,0,0
11/20/2025,8:31:10,0,62,197,312,248,5,196,2,2,0,0,0,0
11/20/2025,8:31:15,0,65,218,313,248,5,198,3,2,0,0,0,0
11/20/2025,8:31:20,0,62,208,312,249,10,199,3,2,0,0,0,0
11/20/2025,8:31:25,0,63,192,311,248,13,197,3,3,0,0,0,0
11/20/2025,8:31:30,0,63,193,311,249,9,199,3,2,0,0,0,0
11/20/2025,8:31:35,0,63,204,315,248,2,198,2,2,0,0,0,0
11/20/2025,8:31:40,0,66,216,312,249,7,198,5,2,0,0,0,0
11/20/2025,8:31:45,0,62,189,312,248,14,198,4,4,0,0,0,0
11/20/2025,8:31:50,0,60,198,312,249,10,199,3,3,0,0,0,0
11/20/2025,8:31:55,0,59,194,312,248,9,199,2,3,0,0,0,-0.0008
11/20/2025,8:32:00,0,60,200,313,248,1,197,2,2,0,0,0,0
11/20/2025,8:32:05,0,60,208,314,249,3,199,3,2,0,0,0,0
11/20/2025,8:32:10,0,59,220,315,248,6,198,3,2,0,0,0,0
11/20/2025,8:32:15,0,62,206,314,249,9,198,4,3,0,0,0,0
11/20/2025,8:32:20,0,60,200,312,248,11,199,3,3,0,0,0,0
11/20/2025,8:32:25,0,57,195,313,249,8,198,3,2,0,0,0,0
11/20/2025,8:32:30,0,63,200,314,248,0,198,1,2,0,0,0,0
11/20/2025,8:32:35,0,61,217,315,249,4,198,3,2,0,0,0,0
11/20/2025,8:32:40,0,64,216,312,249,5,198,2,3,0,0,0,0
11/20/2025,8:32:45,0,60,189,313,249,15,198,3,3,0,0,0,0
11/20/2025,8:32:50,0,62,204,312,249,9,197,2,3,0,0,0,0
11/20/2025,8:32:55,0,61,197,314,247,5,197,2,2,0,0,0,0
11/20/2025,8:33:00,0,61,221,316,249,5,197,4,2,0,0,0,0
11/20/2025,8:33:05,0,62,189,312,249,14,198,4,3,0,0,0,0
11/20/2025,8:33:10,0,61,199,314,249,3,199,2,2,0,0,0,0
11/20/2025,8:33:15,0,59,220,314,249,4,198,3,2,0,0,0,0
11/20/2025,8:33:20,0,63,194,313,249,10,198,3,3,0,0,0,0
11/20/2025,8:33:25,0,65,197,313,249,6,199,2,2,0,0,0,0
11/20/2025,8:33:30,0,65,212,315,247,3,197,2,2,0,0,0,0
11/20/2025,8:33:35,0,66,203,314,249,11,199,4,4,0,0,0,0
11/20/2025,8:33:40,0,65,195,313,249,10,198,3,3,0,0,0,0
11/20/2025,8:33:45,0,65,220,315,249,6,199,3,3,0,0,0,0
11/20/2025,8:33:50,0,64,190,312,249,13,198,3,3,0,0,0,0
11/20/2025,8:33:55,0,63,199,314,248,6,199,2,2,0,0,0,0
11/20/2025,8:34:00,0,69,219,316,249,6,198,3,2,0,0,0,0
11/20/2025,8:34:05,0,62,198,311,249,11,199,3,2,0,0,0,0
11/20/2025,8:34:10,0,63,200,314,249,0,198,2,2,0,0,0,0
11/20/2025,8:34:15,0,61,218,315,249,3,197,3,2,0,0,0,0
11/20/2025,8:34:20,0,61,198,313,249,10,198,3,2,0,0,0,0
11/20/2025,8:34:25,0,61,202,316,247,0,199,3,2,0,0,0,0
11/20/2025,8:34:57,0,61,198,314,247,11,197,3,3,0,0,0,0
11/20/2025,8:34:59,0,61,189,314,249,16,199,4,4,0,0,0,0
11/20/2025,8:35:04,0,60,199,315,249,3,197,1,1,0,0,0,0
11/20/2025,8:35:09,0,61,202,312,249,12,199,4,3,0,0,0,0
11/20/2025,8:35:14,0,60,200,314,249,3,199,2,1,0,0,0,0
11/20/2025,8:35:19,0,60,208,314,244,7,197,3,3,0,0,0,0
11/20/2025,8:35:24,0,60,200,313,248,8,199,3,3,0,0,0,0
11/20/2025,8:35:29,0,61,216,315,249,5,199,3,2,0,0,0,0
11/20/2025,8:35:34,0,61,197,313,249,11,199,3,3,0,0,0,0
11/20/2025,8:35:39,0,62,215,316,247,4,198,3,2,0,0,0,0
11/20/2025,8:35:44,0,59,200,314,247,10,198,3,3,0,0,0,0
11/20/2025,8:35:49,0,61,222,316,249,4,199,3,3,0,0,0,0
11/20/2025,8:35:54,0,62,201,313,248,9,198,2,3,0,0,0,0
11/20/2025,8:35:59,0,58,222,314,249,6,199,3,3,0,0,0,0
11/20/2025,8:36:04,0,64,197,314,249,8,198,3,2,0,0,0,0
11/20/2025,8:36:09,0,59,205,313,249,12,199,5,3,0,0,0,-0.0008
11/20/2025,8:36:14,0,61,200,316,249,0,197,1,2,0,0,0,0
11/20/2025,8:36:19,0,62,196,313,249,12,197,2,3,0,0,0,0
11/20/2025,8:36:24,0,64,221,316,248,5,198,4,3,0,0,0,0
11/20/2025,8:36:29,0,68,202,313,248,10,197,2,2,0,0,0,0
11/20/2025,8:36:34,0,69,218,316,248,5,199,3,2,0,0,0,0
11/20/2025,8:36:39,0,68,201,313,249,9,198,2,2,0,0,0,0
11/20/2025,8:36:44,0,67,218,316,249,3,199,4,2,0,0,0,0
11/20/2025,8:36:49,0,70,198,312,249,6,198,2,3,0,0,0,0
11/20/2025,8:36:54,0,70,189,312,249,17,199,4,4,0,0,0,0
11/20/2025,8:36:59,0,65,210,315,247,3,200,3,2,0,0,0,0
11/20/2025,8:37:04,0,65,202,313,251,8,198,2,2,0,0,0,0
11/20/2025,8:37:09,0,66,214,315,248,5,198,3,1,0,0,0,0
11/20/2025,8:37:14,0,63,199,314,249,4,198,1,2,0,0,0,0
11/20/2025,8:37:19,0,65,188,313,249,13,199,3,3,0,0,0,0
11/20/2025,8:37:24,0,65,219,315,249,5,198,3,2,0,0,0,0
11/20/2025,8:37:29,0,63,201,310,249,11,198,3,3,0,0,0,0
11/20/2025,8:37:34,0,63,225,315,248,5,198,3,2,0,0,0,0
11/20/2025,8:37:39,0,66,199,311,249,9,198,2,3,0,0,0,0
11/20/2025,8:37:44,0,67,218,315,249,3,199,3,2,0,0,0,-0.0008
11/20/2025,8:37:49,0,65,194,313,248,11,198,3,3,0,0,0,0
11/20/2025,8:37:54,0,67,206,315,247,2,198,3,2,0,0,0,0
11/20/2025,8:37:59,0,66,189,313,248,14,198,3,4,0,0,0,0
11/20/2025,8:38:04,0,66,200,315,249,0,197,1,1,0,0,0,0
11/20/2025,8:38:09,0,65,193,313,249,15,198,4,3,0,0,0,0
11/20/2025,8:38:14,0,64,201,315,248,0,197,2,1,0,0,0,0
11/20/2025,8:38:19,0,65,190,311,249,15,198,3,3,0,0,0,0
11/20/2025,8:38:24,0,63,213,315,249,3,198,3,2,0,0,0,0
11/20/2025,8:38:29,0,66,204,313,249,8,198,3,2,0,0,0,0
11/20/2025,8:38:34,0,65,214,315,249,4,198,4,2,0,0,0,0
11/20/2025,8:38:39,0,64,198,313,249,2,200,2,2,0,0,0,0
11/20/2025,8:38:44,0,63,190,313,248,12,199,3,4,0,0,0,0
11/20/2025,8:38:49,0,62,216,315,248,3,198,3,2,0,0,0,0
11/20/2025,8:38:54,0,63,197,313,249,7,199,3,3,0,0,0,0
11/20/2025,8:38:59,0,62,191,311,249,13,199,3,3,0,0,0,0
11/20/2025,8:39:04,0,58,225,313,249,5,199,3,3,0,0,0,0
11/20/2025,8:39:09,0,63,198,313,249,5,199,2,2,0,0,0,0
11/20/2025,8:39:14,0,65,189,313,246,13,199,4,4,0,0,0,0
11/20/2025,8:39:19,0,62,208,313,249,3,199,2,2,0,0,0,0
11/20/2025,8:39:24,0,61,197,313,248,10,198,2,3,0,0,0,0
11/20/2025,8:39:29,0,61,218,312,249,6,199,3,2,0,0,0,0
11/20/2025,8:39:34,0,61,198,312,249,9,199,2,3,0,0,0,0
11/20/2025,8:39:39,0,61,222,315,249,6,200,3,2,0,0,0,0
11/20/2025,8:39:44,0,62,199,310,249,10,199,3,3,0,0,0,0
11/20/2025,8:39:49,0,61,223,314,249,6,199,3,2,0,0,0,0
11/20/2025,8:39:54,0,63,195,313,249,9,198,3,2,0,0,0,0
11/20/2025,8:39:59,0,62,188,313,249,16,199,4,4,0,0,0,0
11/20/2025,8:40:04,0,62,221,316,249,4,199,3,3,0,0,0,0
11/20/2025,8:40:09,0,63,196,312,248,10,197,2,3,0,0,0,0
11/20/2025,8:40:14,0,63,205,315,249,10,199,3,3,0,0,0,0
11/20/2025,8:40:19,0,64,198,313,249,2,199,2,2,0,0,0,0
11/20/2025,8:40:24,0,62,203,314,249,10,199,4,3,0,0,0,0
11/20/2025,8:40:29,0,61,195,314,247,10,197,3,3,0,0,0,0
11/20/2025,8:40:34,0,61,219,315,249,6,199,3,3,0,0,0,0
11/20/2025,8:40:39,0,62,193,314,249,13,199,3,4,0,0,0,0
11/20/2025,8:40:44,0,62,194,314,249,9,198,3,2,0,0,0,0
11/20/2025,8:40:49,0,60,216,316,249,4,199,3,2,0,0,0,0
11/20/2025,8:40:54,0,56,194,314,248,14,198,4,3,0,0,0,0
11/20/2025,8:40:59,0,61,196,313,249,7,198,2,2,0,0,0,0
11/20/2025,8:41:04,0,61,225,316,248,6,199,3,2,0,0,0,0
11/20/2025,8:41:09,0,62,194,313,248,12,198,3,3,0,0,0,0
11/20/2025,8:41:14,0,62,200,316,248,2,199,2,1,0,0,0,0
11/20/2025,8:41:19,0,61,201,315,248,12,198,4,3,0,0,0,0
11/20/2025,8:41:24,0,63,196,315,249,7,199,2,3,0,0,0,0
11/20/2025,8:41:29,0,63,219,317,249,6,200,2,2,0,0,0,0
11/20/2025,8:41:34,0,61,195,315,249,10,198,3,2,0,0,0,0
11/20/2025,8:41:39,0,63,198,316,249,1,200,2,2,0,0,0,0
11/20/2025,8:41:44,0,60,212,317,249,5,199,3,3,0,0,0,0
11/20/2025,8:41:49,0,60,194,316,247,9,193,3,3,0,0,0,0
11/20/2025,8:41:54,0,64,223,317,249,5,198,3,2,0,0,0,0
11/20/2025,8:41:59,0,61,194,315,249,12,198,2,3,0,0,0,-0.0008
11/20/2025,8:42:04,0,61,200,318,248,2,198,1,1,0,0,0,0
11/20/2025,8:42:09,0,62,201,316,249,11,197,3,3,0,0,0,0
11/20/2025,8:42:14,0,61,199,315,248,9,199,3,3,0,0,0,0
11/20/2025,8:42:19,0,58,218,317,248,6,198,3,1,0,0,0,0
11/20/2025,8:42:24,0,60,195,316,247,6,198,3,3,0,0,0,0
11/20/2025,8:42:29,0,63,215,318,249,5,198,4,2,0,0,0,0
11/20/2025,8:42:34,0,62,198,316,247,8,198,3,3,0,0,0,0
11/20/2025,8:42:39,0,61,209,317,249,9,199,4,3,0,0,0,0
11/20/2025,8:42:44,0,63,199,317,249,3,198,2,1,0,0,0,0
11/20/2025,8:42:49,0,67,206,317,248,12,198,4,3,0,0,0,0
11/20/2025,8:42:54,0,63,194,315,248,10,197,2,3,0,0,0,0
11/20/2025,8:42:59,0,62,220,317,248,5,199,4,3,0,0,0,0
11/20/2025,8:43:04,0,60,194,314,249,13,199,3,3,0,0,0,0
11/20/2025,8:43:09,0,61,210,317,248,4,199,3,2,0,0,0,0
11/20/2025,8:43:14,0,62,192,315,249,12,200,3,3,0,0,0,0
11/20/2025,8:43:19,0,61,200,318,248,0,198,1,1,0,0,0,0
11/20/2025,8:43:24,0,64,194,315,249,16,200,3,4,0,0,0,0
11/20/2025,8:43:29,0,61,200,318,249,2,200,0,1,0,0,0,0
11/20/2025,8:43:34,0,61,193,315,249,12,199,3,3,0,0,0,-0.0008
11/20/2025,8:43:39,0,62,222,319,249,5,199,3,2,0,0,0,0
11/20/2025,8:43:44,0,62,196,313,249,8,198,2,3,0,0,0,0
11/20/2025,8:43:49,0,61,207,316,247,3,197,3,3,0,0,0,0
11/20/2025,8:43:54,0,61,200,316,249,4,198,2,2,0,0,0,0
11/20/2025,8:43:59,0,58,200,315,249,11,198,4,3,0,0,0,0
11/20/2025,8:44:04,0,60,195,314,249,8,199,3,3,0,0,0,0
11/20/2025,8:44:09,0,60,211,316,249,3,198,3,2,0,0,0,0
11/20/2025,8:44:14,0,62,215,316,248,6,197,3,2,0,0,0,0
11/20/2025,8:44:19,0,59,193,313,248,12,199,3,3,0,0,0,0
11/20/2025,8:44:24,0,60,200,313,249,13,199,2,3,0,0,0,0
11/20/2025,8:44:29,0,59,197,314,249,4,199,2,2,0,0,0,0
11/20/2025,8:45:05,0,60,218,316,249,6,198,4,2,0,0,0,0
11/20/2025,8:45:09,0,59,195,314,247,8,200,2,3,0,0,0,0
11/20/2025,8:45:14,0,62,193,312,249,11,197,3,3,0,0,0,0
11/20/2025,8:45:19,0,63,198,314,249,7,198,3,2,0,0,0,0
11/20/2025,8:45:24,0,59,201,315,249,1,200,1,1,0,0,0,0
11/20/2025,8:45:29,0,62,200,315,248,1,199,1,1,0,0,0,0
11/20/2025,8:45:34,0,62,200,316,247,1,198,1,1,0,0,0,0
11/20/2025,8:45:39,0,62,200,315,249,0,198,0,1,0,0,0,0
11/20/2025,8:45:44,0,62,203,316,248,1,198,2,2,0,0,0,0
11/20/2025,8:45:49,0,61,206,317,248,2,198,3,2,0,0,0,0
11/20/2025,8:45:54,0,61,210,317,250,3,198,2,2,0,0,0,0
11/20/2025,8:45:59,0,61,223,317,248,5,200,3,2,0,0,0,0
11/20/2025,8:46:04,0,60,212,315,249,7,199,4,2,0,0,0,0
11/20/2025,8:46:09,0,62,198,315,249,13,199,4,3,0,0,0,0
11/20/2025,8:46:14,0,62,202,315,248,12,199,4,3,0,0,0,-0.0008
11/20/2025,8:46:19,0,60,211,314,249,8,199,4,2,0,0,0,0
11/20/2025,8:46:24,0,62,216,317,249,4,198,3,2,0,0,0,0
11/20/2025,8:46:29,0,57,220,316,250,5,200,2,2,0,0,0,0
11/20/2025,8:46:34,0,60,221,318,248,3,200,3,1,0,0,0,0
11/20/2025,8:46:39,0,60,220,316,247,8,200,2,2,0,0,0,0
11/20/2025,8:46:44,0,63,221,318,247,5,200,4,3,0,0,0,0
11/20/2025,8:46:49,0,62,217,316,249,5,199,3,2,0,0,0,0
11/20/2025,8:46:54,0,64,210,316,249,4,199,3,2,0,0,0,0
11/20/2025,8:46:59,0,63,204,317,249,2,200,2,2,0,0,0,0
11/20/2025,8:47:04,0,63,200,318,249,2,200,1,1,0,0,0,0
11/20/2025,8:47:09,0,65,199,316,249,4,199,2,2,0,0,0,0
11/20/2025,8:47:14,0,62,196,316,249,6,200,1,2,0,0,0,0
11/20/2025,8:47:19,0,62,196,315,249,2,198,1,2,0,0,0,0
11/20/2025,8:47:24,0,61,200,316,249,0,198,0,1,0,0,0,0
11/20/2025,8:47:29,0,62,203,318,249,0,198,2,2,0,0,0,0
11/20/2025,8:47:34,0,62,201,317,249,1,200,0,1,0,0,0,0
11/20/2025,8:47:39,0,63,199,317,248,2,199,2,1,0,0,0,0
11/20/2025,8:47:44,0,63,193,315,249,12,200,3,3,0,0,0,0
11/20/2025,8:47:49,0,63,204,317,249,3,199,2,2,0,0,0,0
11/20/2025,8:47:54,0,61,190,317,250,13,198,3,2,0,0,0,0
11/20/2025,8:47:59,0,61,198,317,248,13,199,5,3,0,0,0,0
11/20/2025,8:48:04,0,62,212,319,249,4,200,2,2,0,0,0,0
11/20/2025,8:48:09,0,61,222,320,248,4,199,3,2,0,0,0,0
11/20/2025,8:48:14,0,61,215,318,249,4,199,3,2,0,0,0,0
11/20/2025,8:48:19,0,59,213,320,248,5,200,2,2,0,0,0,0
11/20/2025,8:48:24,0,61,215,319,249,4,200,3,2,0,0,0,-0.0008
11/20/2025,8:48:29,0,61,217,319,249,6,200,3,2,0,0,0,0
11/20/2025,8:48:34,0,60,221,319,249,6,200,3,3,0,0,0,0
11/20/2025,8:48:39,0,61,216,318,248,5,199,2,3,0,0,0,0
11/20/2025,8:48:44,0,61,217,321,249,4,198,3,2,0,0,0,0
11/20/2025,8:48:49,0,60,221,320,249,5,200,3,2,0,0,0,0
11/20/2025,8:48:54,0,58,218,321,248,4,199,3,2,0,0,0,0
11/20/2025,8:48:59,0,57,211,320,248,6,198,3,2,0,0,0,0
11/20/2025,8:49:04,0,61,201,319,249,11,199,4,3,0,0,0,0
11/20/2025,8:49:09,0,58,189,318,248,12,199,3,3,0,0,0,0
11/20/2025,8:49:14,0,58,195,315,249,13,200,3,3,0,0,0,0
11/20/2025,8:49:19,0,60,194,318,247,13,199,3,3,-0.0008,0,0,0
11/20/2025,8:49:24,0,59,193,318,249,14,199,3,3,0,0,0,0
11/20/2025,8:49:29,0,61,195,318,248,19,198,4,3,0,0,0,0
11/20/2025,8:49:34,0,60,216,320,249,7,199,1,2,0,0,0,0
11/20/2025,8:49:39,0,60,217,320,249,5,199,2,2,0,0,-0.0008,0
11/20/2025,8:49:44,0,60,205,320,249,2,200,2,2,0,0,0,0
11/20/2025,8:49:49,0,60,200,320,249,0,199,1,1,0,0,0,0
11/20/2025,8:49:54,0,61,201,320,249,0,199,0,1,0,0,0,0
11/20/2025,8:49:59,0,61,205,321,249,1,198,2,2,-0.0008,0,0,0
11/20/2025,8:50:04,0,60,214,321,249,6,198,3,2,0,0,0,0
11/20/2025,8:50:09,0,61,219,320,249,6,199,2,2,0,0,0,0
11/20/2025,8:50:14,0,61,218,320,249,6,200,4,2,0,0,0,0
11/20/2025,8:50:19,0,61,214,320,249,5,200,2,2,0,0,0,0
11/20/2025,8:50:24,0,59,217,320,249,5,199,3,3,0,0,0,0
11/20/2025,8:50:29,0,64,223,320,249,6,198,3,2,0,0,0,0
11/20/2025,8:50:34,0,60,225,321,249,4,199,4,2,0,0,0,0
11/20/2025,8:50:39,0,60,216,321,249,4,200,2,2,0,0,0,0
11/20/2025,8:50:44,0,59,209,321,248,3,198,3,2,0,0,0,0
11/20/2025,8:50:49,0,59,208,320,248,2,200,2,2,0,0,0,0
11/20/2025,8:50:54,0,59,208,321,248,2,198,3,2,0,0,0,0
11/20/2025,8:50:59,0,59,208,319,249,4,200,2,2,0,0,0,0
11/20/2025,8:51:04,0,60,208,320,249,4,199,2,2,0,0,0,0
11/20/2025,8:51:09,0,61,202,320,249,1,199,2,1,0,0,0,0
11/20/2025,8:51:14,0,63,199,320,248,0,198,1,1,0,0,0,-0.0008
11/20/2025,8:51:19,0,60,197,316,249,6,199,2,2,0,0,0,0
11/20/2025,8:51:24,0,61,197,316,249,9,199,3,3,0,0,0,0
11/20/2025,8:51:29,0,62,194,316,249,9,199,3,3,0,0,0,0
11/20/2025,8:51:34,0,62,200,319,249,9,199,2,2,0,0,0,0
11/20/2025,8:51:39,0,62,198,318,249,6,199,3,2,0,0,0,0
11/20/2025,8:51:44,0,62,196,316,249,8,199,2,2,0,0,0,0
11/20/2025,8:51:49,0,62,195,318,249,9,200,3,3,0,0,0,0
11/20/2025,8:51:54,0,62,202,319,248,10,200,2,3,0,0,0,0
11/20/2025,8:51:59,0,61,196,318,249,11,198,3,3,0,0,0,0
11/20/2025,8:52:04,0,61,192,319,249,11,199,3,3,0,0,0,0
11/20/2025,8:52:09,0,62,189,319,249,15,199,4,4,0,0,0,0
11/20/2025,8:52:14,0,61,201,317,249,12,200,4,3,0,0,0,0
11/20/2025,8:52:19,0,63,213,320,248,7,199,3,2,0,0,0,0
11/20/2025,8:52:24,0,61,224,321,249,4,198,4,2,0,0,0,0
11/20/2025,8:52:29,0,60,209,320,249,5,199,3,3,0,0,0,0
11/20/2025,8:52:34,0,62,199,319,249,1,199,1,1,0,0,0,0
11/20/2025,8:52:39,0,58,199,318,249,11,200,2,3,0,0,0,0
11/20/2025,8:52:44,0,60,195,319,249,13,200,3,3,0,0,0,0
11/20/2025,8:52:49,0,62,187,318,249,15,199,4,4,0,0,0,0
11/20/2025,8:52:54,0,62,196,317,249,14,200,4,3,0,0,0,0
11/20/2025,8:52:59,0,67,210,320,249,8,200,3,2,0,0,0,0
11/20/2025,8:53:04,0,65,221,318,249,5,199,3,2,0,0,0,0
11/20/2025,8:53:09,0,65,221,320,249,6,199,3,2,0,0,0,0
11/20/2025,8:53:14,0,65,216,321,249,4,199,3,2,0,0,0,0
11/20/2025,8:53:19,0,63,213,321,249,6,200,2,2,0,0,0,0
11/20/2025,8:53:24,0,64,212,321,247,3,199,3,2,0,0,0,0
11/20/2025,8:53:29,0,65,206,321,248,2,199,3,2,-0.0008,0,0,0
11/20/2025,8:53:34,0,65,199,318,249,1,199,1,1,0,0,0,0
11/20/2025,8:53:39,0,63,192,318,249,12,200,2,3,0,0,0,0
11/20/2025,8:53:44,0,63,196,318,249,12,200,3,3,0,0,0,0
11/20/2025,8:53:49,0,65,189,318,249,15,199,3,3,0,0,0,0
11/20/2025,8:53:54,0,63,194,318,249,16,198,4,3,0,0,0,0
11/20/2025,8:53:59,0,68,192,318,248,15,199,4,3,0,0,0,0
11/20/2025,8:54:04,0,64,190,317,249,16,199,5,3,0,0,0,0
11/20/2025,8:54:09,0,63,190,315,249,16,200,4,4,0,0,0,0
11/20/2025,8:54:14,0,65,197,316,248,13,200,2,3,0,0,0,0
11/20/2025,8:54:19,0,64,198,316,247,9,200,2,2,0,0,0,0
11/20/2025,8:54:24,0,65,210,317,249,4,200,2,2,0,0,0,0
11/20/2025,8:54:29,0,66,206,317,249,9,200,3,3,0,0,0,0
11/20/2025,8:54:34,0,65,204,312,249,12,199,3,3,0,0,0,0
11/20/2025,8:54:39,0,68,216,318,247,4,199,3,2,0,0,0,0
11/20/2025,8:54:44,0,69,192,312,249,13,200,3,3,0,0,0,0
11/20/2025,8:55:15,0,69,226,315,249,6,200,1,2,0,0,0,0
11/20/2025,8:55:18,0,65,212,315,249,5,200,2,2,0,0,0,0
11/20/2025,8:55:23,0,65,223,315,249,5,200,3,2,0,0,0,0
11/20/2025,8:55:28,0,67,222,314,249,5,200,3,2,0,0,0,0
11/20/2025,8:55:33,0,63,210,315,252,7,199,3,3,0,0,0,0
11/20/2025,8:55:38,0,64,196,312,250,12,199,3,3,0,0,0,0
11/20/2025,8:55:43,0,65,203,315,247,1,199,2,2,0,0,0,0
11/20/2025,8:55:48,0,64,196,312,248,12,199,3,3,0,0,0,0
11/20/2025,8:55:53,0,63,211,313,249,7,199,4,2,0,0,0,0
11/20/2025,8:55:58,0,62,212,315,249,3,199,3,2,0,0,0,0
11/20/2025,8:56:03,0,63,198,313,249,2,199,2,1,0,0,0,0
11/20/2025,8:56:08,0,62,203,312,249,10,199,2,3,0,0,0,0
11/20/2025,8:56:13,0,63,189,313,247,14,199,4,3,0,0,0,0
11/20/2025,8:56:18,0,63,215,314,248,5,201,2,3,0,0,0,0
11/20/2025,8:56:23,0,64,204,314,249,2,200,2,2,0,0,0,0
11/20/2025,8:56:28,0,63,197,312,249,10,200,2,3,0,0,0,0
11/20/2025,8:56:33,0,65,198,311,249,12,200,2,3,0,0,0,0
11/20/2025,8:56:38,0,63,188,312,249,13,201,4,3,0,0,0,0
11/20/2025,8:56:43,0,68,203,312,249,9,200,4,2,0,0,0,0
11/20/2025,8:56:48,0,68,223,314,249,5,199,4,2,0,0,0,0
11/20/2025,8:56:53,0,65,202,312,249,3,200,1,2,0,0,0,0
11/20/2025,8:56:58,0,63,194,311,249,11,201,2,3,0,0,0,0
11/20/2025,8:57:03,0,64,189,312,249,16,199,4,3,0,0,0,0
11/20/2025,8:57:08,0,67,223,314,249,5,199,4,2,0,0,0,0
11/20/2025,8:57:13,0,64,202,314,249,0,201,1,1,0,0,0,0
11/20/2025,8:57:18,0,61,204,311,249,10,199,2,3,0,0,0,-0.0008
11/20/2025,8:57:23,0,65,211,313,249,8,200,3,3,0,0,0,0
11/20/2025,8:57:28,0,61,203,314,249,4,200,1,2,0,0,0,0
11/20/2025,8:57:33,0,71,197,310,248,9,200,2,2,0,0,0,0
11/20/2025,8:57:38,0,74,188,309,249,16,201,4,3,0,0,0,0
11/20/2025,8:57:43,0,73,220,312,249,7,200,3,3,0,0,0,0
11/20/2025,8:57:48,0,74,200,310,249,11,199,3,3,0,0,0,0
11/20/2025,8:57:53,0,71,218,311,249,5,200,2,2,0,0,0,0
11/20/2025,8:57:58,0,70,191,310,249,14,200,3,3,0,0,0,0
11/20/2025,8:58:03,0,70,195,311,250,11,201,2,3,0,0,0,0
11/20/2025,8:58:08,0,68,195,312,249,11,199,3,3,0,0,0,0
11/20/2025,8:58:13,0,68,198,310,247,12,199,3,3,0,0,0,0
11/20/2025,8:58:18,0,66,191,309,249,7,201,3,2,0,0,0,0
11/20/2025,8:58:23,0,66,196,311,248,5,201,0,2,0,0,0,0
11/20/2025,8:58:28,0,66,194,311,248,6,201,1,2,0,0,0,0
11/20/2025,8:58:33,0,62,196,308,249,13,201,2,3,0,0,0,0
11/20/2025,8:58:38,0,64,196,312,249,12,200,3,3,0,0,0,0
11/20/2025,8:58:43,0,64,195,310,249,8,201,2,3,0,0,0,0
11/20/2025,8:58:48,0,62,219,313,248,8,200,4,2,0,0,0,0
11/20/2025,8:58:53,0,61,200,310,249,12,201,2,3,0,0,0,0
11/20/2025,8:58:58,0,62,217,314,249,5,199,3,2,0,0,0,0
11/20/2025,8:59:03,0,61,193,312,247,13,199,3,3,0,0,0,0
11/20/2025,8:59:08,0,59,200,314,249,0,199,1,1,0,0,0,0
11/20/2025,8:59:13,0,58,198,313,249,13,201,3,3,0,0,0,0
11/20/2025,8:59:18,0,58,199,314,250,2,200,1,1,0,0,0,0
11/20/2025,8:59:23,0,64,190,311,249,13,199,2,3,0,0,0,0
11/20/2025,8:59:28,0,66,216,315,249,6,201,4,3,0,0,0,0
11/20/2025,8:59:33,0,64,194,311,249,7,201,2,3,0,0,0,0
11/20/2025,8:59:38,0,68,202,313,249,12,200,4,3,0,0,0,0
11/20/2025,8:59:43,0,73,209,315,249,6,201,2,3,0,0,0,0
11/20/2025,8:59:48,0,76,199,311,249,8,201,2,3,0,0,0,0
11/20/2025,8:59:53,0,76,189,312,249,13,201,4,3,0,0,0,0
11/20/2025,8:59:58,0,70,222,315,250,3,200,3,2,0,0,0,0
11/20/2025,9:00:03,0,72,201,315,249,0,200,1,1,0,0,0,0
11/20/2025,9:00:08,0,68,205,313,249,12,201,2,3,0,0,0,0
11/20/2025,9:00:13,0,65,196,315,247,15,200,3,3,0,0,0,0
11/20/2025,9:00:18,0,66,213,316,249,3,200,2,2,0,0,0,0
11/20/2025,9:00:23,0,64,199,313,249,14,200,3,3,0,0,0,0
11/20/2025,9:00:28,0,63,201,314,249,15,201,3,3,0,0,0,0
11/20/2025,9:00:33,0,61,224,315,249,6,200,3,3,0,0,0,-0.0008
11/20/2025,9:00:38,0,62,202,318,249,3,201,2,2,0,0,0,0
11/20/2025,9:00:43,0,59,197,316,249,9,200,2,3,0,0,0,0
11/20/2025,9:00:48,0,57,204,316,248,9,201,2,3,0,0,0,0
11/20/2025,9:00:53,0,60,197,313,249,13,201,3,3,0,0,0,0
11/20/2025,9:00:58,0,59,200,318,249,14,200,4,3,0,0,0,0
11/20/2025,9:01:03,0,60,222,320,249,4,199,3,2,0,0,0,0
11/20/2025,9:01:08,0,59,201,317,246,2,201,1,1,0,0,0,0
11/20/2025,9:01:13,0,59,202,317,249,10,200,1,2,0,0,0,0
11/20/2025,9:01:18,0,64,192,316,249,17,202,5,3,0,0,0,0
11/20/2025,9:01:23,0,62,216,319,249,2,201,1,2,0,0,0,0
11/20/2025,9:01:28,0,66,220,319,249,2,201,1,1,0,0,0,0
11/20/2025,9:01:33,0,67,215,319,249,3,201,1,1,0,0,0,0
11/20/2025,9:01:38,0,70,212,320,248,2,200,1,1,0,0,0,0
11/20/2025,9:01:43,0,71,213,319,249,0,201,1,1,0,0,0,0
11/20/2025,9:01:48,0,72,211,321,251,0,201,1,1,0,0,0,0
11/20/2025,9:01:53,0,73,208,319,249,1,200,0,1,0,0,0,-0.0008
11/20/2025,9:01:58,0,74,201,322,249,0,199,0,1,0,0,0,0
11/20/2025,9:02:03,0,74,198,319,249,12,201,3,3,0,0,0,0
11/20/2025,9:02:08,0,73,194,319,249,14,200,3,3,0,0,0,0
11/20/2025,9:02:13,0,74,209,322,247,9,199,3,3,0,0,0,0
11/20/2025,9:02:18,0,72,212,323,249,3,200,2,2,0,0,0,0
11/20/2025,9:02:23,0,72,197,320,248,13,200,3,3,0,0,0,0
11/20/2025,9:02:28,0,72,205,322,250,9,201,2,2,0,0,0,0
11/20/2025,9:02:33,0,72,202,323,249,4,201,1,1,0,0,0,0
11/20/2025,9:02:38,0,72,196,321,249,16,201,2,3,0,0,0,0
11/20/2025,9:02:43,0,73,217,323,249,0,201,2,1,0,0,0,0
11/20/2025,9:02:48,0,71,198,322,249,6,201,2,2,0,0,0,0
11/20/2025,9:02:53,0,72,191,322,249,16,201,4,3,0,0,0,0
11/20/2025,9:02:58,0,72,209,325,249,1,201,2,1,0,0,0,0
11/20/2025,9:03:03,0,71,203,322,249,14,199,3,3,0,0,0,0
11/20/2025,9:03:08,0,72,212,326,249,7,200,2,2,0,0,0,0
11/20/2025,9:03:13,0,72,202,325,249,1,200,0,1,0,0,0,0
11/20/2025,9:03:18,0,73,193,323,249,15,201,4,3,0,0,0,0
11/20/2025,9:03:23,0,71,213,327,249,3,201,2,2,0,0,0,0
11/20/2025,9:03:28,0,73,200,324,247,15,200,3,3,0,0,0,0
11/20/2025,9:03:33,0,73,227,327,249,3,201,2,2,0,0,0,0
11/20/2025,9:03:38,0,74,197,324,248,13,200,3,3,0,0,0,0
11/20/2025,9:03:43,0,73,213,327,248,5,199,3,2,0,0,0,-0.0008
11/20/2025,9:03:48,0,67,198,327,249,9,201,2,3,0,0,0,0
11/20/2025,9:03:53,0,69,207,325,249,11,201,3,3,0,0,0,0
11/20/2025,9:03:58,0,71,200,327,249,5,201,1,2,0,0,0,-0.0008
11/20/2025,9:04:03,0,69,194,324,249,16,201,3,3,0,0,0,0
11/20/2025,9:04:08,0,70,204,329,249,0,200,1,2,0,0,0,0
11/20/2025,9:04:13,0,70,199,327,249,14,200,2,3,0,0,0,0
11/20/2025,9:04:18,0,71,210,329,248,7,200,3,2,0,0,0,-0.0008
11/20/2025,9:04:23,0,69,208,330,249,3,201,2,2,0,0,0,0
11/20/2025,9:04:28,0,70,196,327,248,13,200,3,3,0,0,0,0
11/20/2025,9:04:33,0,70,191,328,248,16,199,4,3,0,0,0,0
11/20/2025,9:04:38,0,70,224,330,249,4,200,3,2,0,0,0,0
11/20/2025,9:04:43,0,72,198,330,248,7,200,1,2,0,0,0,0
11/20/2025,9:04:48,0,69,193,328,249,17,199,3,3,0,0,0,0
11/20/2025,9:04:53,0,70,225,332,248,4,200,3,2,0,0,0,0
11/20/2025,9:05:24,0,70,217,333,249,8,200,3,2,0,0,0,0
11/20/2025,9:05:28,0,72,202,331,249,13,200,3,3,0,0,0,0
11/20/2025,9:05:33,0,69,218,333,249,4,199,3,2,0,0,0,0
11/20/2025,9:05:38,0,69,190,331,249,16,201,3,4,0,0,0,0
11/20/2025,9:05:43,0,69,195,331,249,13,199,3,3,0,0,0,0
11/20/2025,9:05:48,0,71,209,334,250,3,200,2,2,0,0,0,0
11/20/2025,9:05:53,0,69,211,334,248,8,200,2,3,0,0,0,0
11/20/2025,9:05:58,0,71,204,332,249,14,201,3,3,0,0,0,0
11/20/2025,9:06:03,0,71,201,333,249,0,201,0,0,0,0,0,0
11/20/2025,9:06:08,0,68,215,335,250,5,200,3,2,0,0,0,0
11/20/2025,9:06:13,0,71,190,332,249,16,200,4,3,0,0,0,0
11/20/2025,9:06:18,0,71,196,333,250,15,200,3,3,0,0,0,0
11/20/2025,9:06:23,0,70,192,334,247,17,199,4,3,0,0,-0.0008,0
11/20/2025,9:06:28,0,68,213,334,248,6,200,1,2,0,0,0,0
11/20/2025,9:06:33,0,69,211,335,249,4,201,1,1,0,0,0,0
11/20/2025,9:06:38,0,72,196,333,249,13,199,2,3,0,0,0,0
11/20/2025,9:06:43,0,70,190,332,249,19,199,4,4,0,0,0,0
11/20/2025,9:06:48,0,70,216,335,249,4,201,2,2,0,0,0,0
11/20/2025,9:06:53,0,69,195,333,249,14,200,3,4,0,0,0,0
11/20/2025,9:06:58,0,69,191,334,249,17,200,4,3,0,0,0,0
11/20/2025,9:07:03,0,66,209,336,249,7,201,2,2,0,0,0,0
11/20/2025,9:07:08,0,68,219,337,249,5,201,3,2,0,0,0,0
11/20/2025,9:07:13,0,68,199,335,249,3,201,1,1,0,0,0,-0.0008
11/20/2025,9:07:18,0,69,205,336,250,15,199,3,3,0,0,0,0
11/20/2025,9:07:23,0,66,193,335,249,16,200,4,4,0,0,0,-0.0008
11/20/2025,9:07:28,0,69,221,338,249,5,199,3,2,0,0,0,0
11/20/2025,9:07:33,0,66,202,339,249,2,201,1,1,0,0,0,0
11/20/2025,9:07:38,0,69,197,335,249,11,202,3,2,0,0,0,0
11/20/2025,9:07:43,0,67,194,336,249,12,202,3,4,0,0,0,0
11/20/2025,9:07:48,0,66,196,334,249,13,201,3,3,0,0,0,0
11/20/2025,9:07:53,0,70,198,334,249,16,200,4,3,0,0,0,0
11/20/2025,9:07:58,0,71,209,338,249,9,201,3,3,0,0,0,0
11/20/2025,9:08:03,0,71,201,338,249,3,201,1,1,0,0,0,0
11/20/2025,9:08:08,0,69,203,337,249,9,201,2,3,0,0,0,0
11/20/2025,9:08:13,0,70,198,338,250,11,200,3,3,0,0,0,0
11/20/2025,9:08:18,0,68,223,341,250,3,199,3,2,0,0,0,0
11/20/2025,9:08:23,0,69,202,337,249,14,200,3,3,0,0,0,0
11/20/2025,9:08:28,0,68,213,340,249,3,201,2,2,0,0,0,0
11/20/2025,9:08:33,0,70,192,338,249,18,201,3,4,0,0,0,0
11/20/2025,9:08:38,0,68,202,341,249,0,199,1,1,0,0,0,0
11/20/2025,9:08:43,0,70,190,338,248,17,199,3,3,0,0,0,0
11/20/2025,9:08:48,0,70,204,341,249,1,201,2,2,0,0,0,0
11/20/2025,9:08:53,0,69,201,339,249,14,201,4,3,0,0,0,0
11/20/2025,9:08:58,0,75,200,338,249,15,200,3,3,0,0,0,0
11/20/2025,9:09:03,0,69,203,343,247,1,199,1,1,0,0,0,0
11/20/2025,9:09:08,0,72,223,342,249,7,201,2,2,0,0,0,0
11/20/2025,9:09:13,0,71,196,340,249,16,199,4,4,0,0,0,0
11/20/2025,9:09:18,0,70,198,340,249,17,201,3,3,0,0,0,0
11/20/2025,9:09:23,0,71,215,342,249,5,201,2,2,0,0,0,0
11/20/2025,9:09:28,0,72,193,341,249,17,201,3,3,0,0,0,0
11/20/2025,9:09:33,0,73,201,342,249,6,200,1,2,0,0,0,0
11/20/2025,9:09:38,0,70,216,343,248,5,201,1,1,0,0,0,0
11/20/2025,9:09:43,0,71,200,341,248,17,200,2,3,0,0,0,0
11/20/2025,9:09:48,0,70,199,343,249,5,200,2,1,0,0,0,0
11/20/2025,9:09:53,0,71,212,343,248,7,200,3,2,0,0,0,0
11/20/2025,9:09:58,0,71,194,341,249,12,200,3,3,0,0,0,0
11/20/2025,9:10:03,0,77,224,344,249,6,200,2,2,0,0,0,0
11/20/2025,9:10:08,0,70,196,340,250,16,199,4,3,0,0,0,0
11/20/2025,9:10:13,0,71,204,342,249,3,200,1,2,0,0,0,0
11/20/2025,9:10:18,0,70,193,342,249,17,200,3,3,0,0,0,0
11/20/2025,9:10:23,0,70,200,343,249,5,201,1,2,0,0,0,0
11/20/2025,9:10:28,0,68,215,343,250,3,201,1,2,0,0,0,0
11/20/2025,9:10:33,0,71,193,342,249,17,200,3,4,0,0,0,0
11/20/2025,9:10:38,0,71,195,342,249,13,201,4,3,0,0,0,0
11/20/2025,9:10:43,0,70,205,344,249,3,200,2,2,0,0,0,0
11/20/2025,9:10:48,0,69,211,343,249,8,201,2,2,0,0,0,0
11/20/2025,9:10:53,0,70,206,343,249,14,201,3,3,0,0,0,0
11/20/2025,9:10:58,0,70,206,345,249,1,200,2,2,0,0,0,0
11/20/2025,9:11:03,0,70,205,345,247,10,200,2,3,0,0,0,0
11/20/2025,9:11:08,0,67,194,343,249,15,200,2,3,0,0,0,0
11/20/2025,9:11:13,0,71,224,346,247,6,200,3,3,0,0,0,-0.0008
11/20/2025,9:11:18,0,69,197,341,249,16,201,4,3,0,0,0,0
11/20/2025,9:11:23,0,71,200,345,249,1,200,1,1,0,0,0,0
11/20/2025,9:11:28,0,70,227,345,249,6,201,1,2,0,0,0,0
11/20/2025,9:11:33,0,72,209,343,249,10,199,2,2,0,0,0,0
11/20/2025,9:11:38,0,67,202,342,248,10,200,3,3,0,0,0,0
11/20/2025,9:11:43,0,67,201,343,248,14,201,3,3,0,0,0,0
11/20/2025,9:11:48,0,70,194,342,249,18,201,4,4,0,0,0,-0.0008
11/20/2025,9:11:53,0,69,191,341,249,17,201,3,3,0,0,0,0
11/20/2025,9:11:58,0,72,204,341,248,12,200,3,3,0,0,0,0
11/20/2025,9:12:03,0,69,203,343,251,0,201,0,1,0,0,0,0
11/20/2025,9:12:08,0,68,224,344,249,5,201,2,2,0,0,0,0
11/20/2025,9:12:13,0,70,214,344,249,7,201,2,1,0,0,0,0
11/20/2025,9:12:18,0,70,198,341,250,14,199,4,3,0,0,0,0
11/20/2025,9:12:23,0,70,196,341,249,15,199,4,3,0,0,0,0
11/20/2025,9:12:28,0,68,197,342,249,11,200,3,3,0,0,0,0
11/20/2025,9:12:33,0,70,212,345,250,3,200,2,2,0,0,0,0
11/20/2025,9:12:38,0,69,211,344,248,7,199,3,2,0,0,0,0
11/20/2025,9:12:43,0,69,196,343,249,17,200,3,3,0,0,0,-0.0008
11/20/2025,9:12:48,0,69,197,342,249,16,200,3,4,0,0,0,0
11/20/2025,9:12:53,0,68,200,343,248,8,199,2,2,0,0,0,0
11/20/2025,9:12:58,0,69,220,345,249,5,200,2,2,0,0,0,0
11/20/2025,9:13:03,0,69,190,342,249,18,201,3,4,0,0,0,0
11/20/2025,9:13:08,0,67,196,343,249,11,201,4,3,0,0,0,0
11/20/2025,9:13:13,0,67,220,346,249,6,200,2,2,0,0,0,0
11/20/2025,9:13:18,0,67,191,344,249,15,201,3,3,0,0,0,0
11/20/2025,9:13:23,0,67,201,347,249,4,200,1,1,0,0,0,0
11/20/2025,9:13:28,0,68,208,346,250,13,201,2,3,0,0,0,0
11/20/2025,9:13:33,0,68,195,345,250,11,200,3,2,0,0,0,0
11/20/2025,9:13:38,0,69,226,347,249,6,201,3,2,0,0,0,0
11/20/2025,9:13:43,0,68,192,344,249,17,201,3,4,0,0,0,0
11/20/2025,9:13:48,0,70,201,346,250,3,201,1,1,0,0,0,0
11/20/2025,9:13:53,0,73,203,346,249,12,198,3,3,0,0,0,0
11/20/2025,9:13:58,0,72,200,347,248,4,200,1,2,0,0,0,0
11/20/2025,9:14:03,0,69,191,345,249,16,200,2,3,0,0,0,0
11/20/2025,9:14:08,0,69,219,347,249,4,201,2,2,0,0,0,0
11/20/2025,9:14:13,0,69,194,346,251,13,200,3,3,0,0,0,0
11/20/2025,9:14:18,0,70,208,346,250,11,199,3,2,0,0,0,0
11/20/2025,9:14:23,0,67,204,347,249,4,199,2,1,0,0,0,0
11/20/2025,9:14:28,0,68,200,345,244,11,201,4,3,0,0,0,0
11/20/2025,9:14:33,0,67,195,345,249,13,201,3,3,0,0,0,0
11/20/2025,9:14:38,0,67,189,345,250,18,199,3,4,0,0,0,0
11/20/2025,9:14:43,0,66,190,346,249,18,200,2,3,0,0,0,0
11/20/2025,9:14:48,0,68,199,345,249,15,200,3,3,0,0,0,-0.0008
11/20/2025,9:14:53,0,67,198,346,251,8,200,2,2,0,0,0,0
11/20/2025,9:14:58,0,68,214,349,249,4,200,2,2,0,0,0,0
11/20/2025,9:15:03,0,67,204,347,249,8,199,3,2,0,0,0,0
11/20/2025,9:15:33,0,66,227,349,249,7,200,2,2,0,0,0,0
11/20/2025,9:15:37,0,66,195,347,249,15,200,2,3,0,0,0,0
11/20/2025,9:15:42,0,67,199,346,249,7,201,2,2,0,0,0,0
11/20/2025,9:15:47,0,65,210,350,250,3,201,2,1,0,0,0,0
11/20/2025,9:15:52,0,66,207,349,249,4,200,2,1,0,0,0,0
11/20/2025,9:15:57,0,68,202,347,250,14,200,3,3,0,0,0,0
11/20/2025,9:16:02,0,66,210,350,249,4,200,2,2,0,0,0,0
11/20/2025,9:16:07,0,69,201,348,249,14,201,3,4,0,0,0,0
11/20/2025,9:16:12,0,68,195,347,249,15,200,3,3,0,0,0,0
11/20/2025,9:16:17,0,68,221,350,249,4,200,2,2,0,0,0,0
11/20/2025,9:16:22,0,68,204,347,249,15,200,3,3,0,0,0,0
11/20/2025,9:16:27,0,67,210,351,249,3,199,2,1,0,0,0,0
11/20/2025,9:16:32,0,71,192,349,250,20,202,4,3,0,0,0,0
11/20/2025,9:16:37,0,66,197,347,249,12,200,2,3,0,0,0,0
11/20/2025,9:16:42,0,69,220,352,249,5,201,3,2,0,0,0,0
11/20/2025,9:16:47,0,69,201,350,249,12,200,3,2,0,0,0,0
11/20/2025,9:16:52,0,69,197,349,249,15,201,3,3,0,0,0,0
11/20/2025,9:16:57,0,70,199,351,249,4,201,1,2,0,0,0,0
11/20/2025,9:17:02,0,69,214,351,249,6,199,3,1,0,0,0,0
11/20/2025,9:17:07,0,69,204,351,249,15,199,3,3,0,0,0,0
11/20/2025,9:17:12,0,68,225,352,249,6,200,3,2,0,0,0,0
11/20/2025,9:17:17,0,69,197,351,248,14,199,4,3,0,0,0,0
11/20/2025,9:17:22,0,73,206,352,249,9,200,3,2,0,0,0,0
11/20/2025,9:17:27,0,68,205,352,250,3,199,2,2,0,0,0,0
11/20/2025,9:17:32,0,65,200,351,250,14,200,2,3,0,0,0,-0.0008
11/20/2025,9:17:37,0,69,203,352,249,12,200,3,3,0,0,0,0
11/20/2025,9:17:42,0,67,215,353,248,4,199,2,2,0,0,0,0
11/20/2025,9:17:47,0,68,198,351,250,7,200,2,2,0,0,0,0
11/20/2025,9:17:52,0,69,199,351,248,13,198,3,3,0,0,0,0
11/20/2025,9:17:57,0,66,211,354,250,6,200,2,2,0,0,0,0
11/20/2025,9:18:02,0,68,199,354,249,2,199,1,1,0,0,0,0
11/20/2025,9:18:07,0,68,201,352,249,12,199,2,3,0,0,0,0
11/20/2025,9:18:12,0,67,205,353,249,11,200,3,3,0,0,0,0
11/20/2025,9:18:17,0,67,210,354,249,3,200,2,1,0,0,0,0
11/20/2025,9:18:22,0,68,196,352,249,17,199,2,3,0,0,0,0
11/20/2025,9:18:27,0,67,209,354,250,13,200,4,3,0,0,0,0
11/20/2025,9:18:32,0,67,201,354,249,0,200,0,1,0,0,0,-0.0008
11/20/2025,9:18:37,0,67,196,353,250,16,199,3,3,0,0,0,0
11/20/2025,9:18:42,0,68,217,353,250,6,199,2,2,0,0,0,0
11/20/2025,9:18:47,0,67,199,354,248,9,199,4,2,0,0,0,0
11/20/2025,9:18:52,0,65,207,353,250,11,200,3,3,0,0,0,0
11/20/2025,9:18:57,0,68,198,353,250,3,200,0,0,0,0,0,0
11/20/2025,9:19:02,0,67,192,354,250,17,200,3,3,0,0,0,0
11/20/2025,9:19:07,0,66,214,354,250,5,200,2,2,0,0,0,0
11/20/2025,9:19:12,0,68,202,354,249,15,200,3,3,0,0,0,0
11/20/2025,9:19:17,0,64,207,356,249,9,200,3,2,0,0,0,0
11/20/2025,9:19:22,0,65,204,357,250,5,200,2,2,0,0,0,0
11/20/2025,9:19:27,0,66,202,351,250,15,200,3,3,0,0,0,0
11/20/2025,9:19:32,0,68,207,357,251,11,199,4,2,0,0,0,0
11/20/2025,9:19:37,0,66,204,357,249,2,200,1,1,-0.0008,0,0,-0.0008
11/20/2025,9:19:42,0,66,199,355,250,16,198,3,3,0,0,0,0
11/20/2025,9:19:47,0,64,208,356,249,10,199,3,3,0,0,0,0
11/20/2025,9:19:52,0,65,216,357,250,6,200,2,2,0,0,0,0
11/20/2025,9:19:57,0,66,200,357,249,4,200,1,2,0,0,0,0
11/20/2025,9:20:02,0,66,202,355,249,13,199,3,3,0,0,0,-0.0008
11/20/2025,9:20:07,0,67,189,354,249,17,199,4,4,0,0,0,0
11/20/2025,9:20:12,0,70,209,357,249,10,199,3,2,0,0,0,0
11/20/2025,9:20:17,0,67,214,357,248,6,197,2,2,0,0,0,0
11/20/2025,9:20:22,0,66,212,357,250,10,200,2,2,0,0,0,0
11/20/2025,9:20:27,0,67,197,354,249,13,199,5,3,0,0,0,-0.0008
11/20/2025,9:20:32,0,65,194,353,250,16,201,3,3,0,0,0,0
11/20/2025,9:20:37,0,65,201,356,250,14,200,3,3,0,0,0,0
11/20/2025,9:20:42,0,63,197,358,248,6,199,2,2,0,0,0,0
11/20/2025,9:20:47,0,65,204,359,250,3,200,1,2,0,0,0,0
11/20/2025,9:20:52,0,65,210,359,250,4,200,2,1,0,0,0,0
11/20/2025,9:20:57,0,66,215,359,249,6,201,2,2,0,0,0,-0.0008
11/20/2025,9:21:02,0,65,214,358,250,5,200,2,2,0,0,0,0
11/20/2025,9:21:07,0,65,208,359,250,4,200,2,2,0,0,0,0
11/20/2025,9:21:12,0,66,206,360,248,4,199,2,2,0,0,0,0
11/20/2025,9:21:17,0,68,200,360,249,3,198,1,1,0,0,0,0
11/20/2025,9:21:22,0,68,197,357,250,9,200,1,2,0,0,0,0
11/20/2025,9:21:27,0,66,194,359,248,13,199,2,3,0,0,0,0
11/20/2025,9:21:32,0,64,197,359,250,11,200,3,2,0,0,0,0
11/20/2025,9:21:37,0,65,202,360,249,2,199,1,1,0,0,0,0
11/20/2025,9:21:42,0,64,213,360,250,5,201,1,2,0,0,0,0
11/20/2025,9:21:47,0,65,224,361,250,7,200,2,2,0,0,0,0
11/20/2025,9:21:52,0,65,215,361,249,6,200,2,2,0,0,0,-0.0008
11/20/2025,9:21:57,0,64,206,360,251,12,201,2,3,0,0,0,0
11/20/2025,9:22:02,0,66,192,357,250,18,200,4,4,0,0,0,0
11/20/2025,9:22:07,0,66,197,359,251,17,199,3,2,0,0,0,0
11/20/2025,9:22:12,0,66,196,358,250,13,201,3,3,0,0,0,0
11/20/2025,9:22:17,0,65,199,360,248,9,199,3,2,0,0,0,0
11/20/2025,9:22:22,0,65,201,361,248,0,200,0,1,0,0,0,0
11/20/2025,9:22:27,0,64,205,359,250,3,201,2,2,0,0,0,0
11/20/2025,9:22:32,0,65,213,361,250,5,200,2,2,0,0,0,0
11/20/2025,9:22:37,0,66,211,358,250,5,200,2,2,0,0,0,0
11/20/2025,9:22:42,0,64,203,360,250,4,201,1,1,0,0,0,0
11/20/2025,9:22:47,0,65,195,359,249,14,200,2,4,0,0,0,0
11/20/2025,9:22:52,0,66,193,359,250,17,200,3,4,0,0,0,0
11/20/2025,9:22:57,0,64,208,361,249,10,200,2,3,0,0,0,0
11/20/2025,9:23:02,0,65,215,361,250,3,201,2,2,0,0,0,0
11/20/2025,9:23:07,0,65,198,359,248,9,198,3,3,0,0,0,0
11/20/2025,9:23:12,0,64,194,359,250,18,200,3,4,0,0,0,0
11/20/2025,9:23:17,0,68,201,358,250,15,200,4,3,0,0,0,0
11/20/2025,9:23:22,0,64,212,361,250,8,201,2,2,0,0,0,0
11/20/2025,9:23:27,0,65,221,362,250,4,201,2,1,0,0,0,0
11/20/2025,9:23:32,0,66,224,360,250,7,200,2,2,0,0,0,0
11/20/2025,9:23:37,0,64,220,361,250,6,200,2,2,0,0,0,0
11/20/2025,9:23:42,0,59,222,363,250,3,200,2,2,0,0,0,0
11/20/2025,9:23:47,0,61,196,359,250,19,200,4,4,0,0,0,0
11/20/2025,9:23:52,0,67,198,362,250,12,199,2,2,0,0,0,0
11/20/2025,9:23:57,0,61,206,363,249,11,199,4,3,0,0,0,0
11/20/2025,9:24:02,0,64,202,363,250,1,200,0,1,0,0,0,0
11/20/2025,9:24:07,0,64,198,360,250,17,200,3,3,0,0,0,0
11/20/2025,9:24:12,0,60,215,363,250,3,199,3,2,0,0,0,0
11/20/2025,9:24:17,0,63,199,362,250,6,201,1,2,0,0,0,0
11/20/2025,9:24:22,0,63,192,362,250,19,201,3,4,0,0,0,0
11/20/2025,9:24:27,0,62,210,363,250,5,199,2,2,0,0,0,0
11/20/2025,9:24:32,0,60,203,361,250,14,201,3,3,0,0,0,0
11/20/2025,9:24:37,0,63,213,364,250,9,200,2,2,0,0,0,0
11/20/2025,9:24:42,0,64,199,363,248,7,199,2,2,0,0,0,0
11/20/2025,9:24:47,0,62,201,364,251,15,200,3,3,0,0,0,0
11/20/2025,9:24:52,0,62,199,365,250,2,200,1,0,0,0,0,0
11/20/2025,9:24:57,0,62,199,363,250,17,199,4,3,0,0,0,0
11/20/2025,9:25:02,0,63,199,361,250,8,200,1,2,0,0,0,0
11/20/2025,9:25:07,0,62,222,363,250,9,200,1,1,0,0,0,0
11/20/2025,9:25:12,0,62,197,363,250,18,200,3,3,0,0,0,0
11/20/2025,9:25:20,0,64,197,365,250,14,200,3,3,0,0,0,0
11/20/2025,9:25:24,0,65,221,366,249,3,200,2,2,0,0,0,-0.0008
11/20/2025,9:25:29,0,64,195,365,250,17,200,3,4,0,0,0,0
11/20/2025,9:25:34,0,64,202,366,250,4,200,1,1,0,0,0,0
11/20/2025,9:25:39,0,61,187,365,249,16,200,2,4,0,0,0,0
11/20/2025,9:25:44,0,64,206,367,251,3,201,1,1,0,0,0,0
11/20/2025,9:25:49,0,61,193,366,250,16,198,3,3,0,0,0,0
11/20/2025,9:25:54,0,63,211,367,250,4,200,2,2,0,0,0,0
11/20/2025,9:25:59,0,61,198,365,249,15,200,3,3,0,0,0,0
11/20/2025,9:26:04,0,61,206,368,250,3,199,3,2,0,0,0,0
11/20/2025,9:26:09,0,61,190,363,250,17,200,4,4,0,0,0,0
11/20/2025,9:26:14,0,61,198,366,250,10,200,2,2,0,0,0,0
11/20/2025,9:26:19,0,61,218,369,250,5,199,3,2,0,0,0,0
11/20/2025,9:26:24,0,62,190,365,250,16,200,4,3,0,0,0,0
11/20/2025,9:26:29,0,61,195,365,250,13,200,2,3,0,0,0,0
11/20/2025,9:26:34,0,61,204,369,250,5,199,2,1,0,0,0,0
11/20/2025,9:26:39,0,60,211,369,250,4,199,3,2,0,0,0,0
11/20/2025,9:26:44,0,62,203,368,250,4,200,1,2,0,0,0,0
11/20/2025,9:26:49,0,62,197,367,250,13,200,2,3,0,0,0,0
11/20/2025,9:26:54,0,62,192,366,250,17,200,3,3,0,0,0,0
11/20/2025,9:26:59,0,62,222,369,250,6,199,3,2,0,0,0,0
11/20/2025,9:27:04,0,67,200,367,250,4,199,0,1,0,0,0,0
11/20/2025,9:27:09,0,63,202,368,250,16,200,3,3,0,0,0,0
11/20/2025,9:27:14,0,65,188,368,248,19,198,5,4,0,0,0,0
11/20/2025,9:27:19,0,70,196,368,251,16,199,4,3,0,0,0,0
11/20/2025,9:27:24,0,65,195,367,249,17,199,4,3,0,0,0,0
11/20/2025,9:27:29,0,66,198,369,250,9,200,1,3,0,0,0,0
11/20/2025,9:27:34,0,64,223,370,250,6,199,2,2,-0.0008,0,0,0
11/20/2025,9:27:39,0,63,195,368,250,16,199,3,3,0,0,0,0
11/20/2025,9:27:44,0,63,203,371,249,0,200,1,2,0,0,0,0
11/20/2025,9:27:49,0,62,189,367,250,23,200,3,4,0,0,0,0
11/20/2025,9:27:54,0,63,205,370,250,2,198,2,2,0,0,0,0
11/20/2025,9:27:59,0,63,191,368,250,15,199,4,3,0,0,0,0
11/20/2025,9:28:04,0,63,209,367,250,5,200,2,2,0,0,0,0
11/20/2025,9:28:09,0,63,189,369,250,16,199,3,3,0,0,0,0
11/20/2025,9:28:14,0,64,202,370,250,4,200,1,1,0,0,0,0
11/20/2025,9:28:19,0,63,190,369,251,19,200,3,2,0,0,0,0
11/20/2025,9:28:24,0,62,206,371,248,3,200,2,2,0,0,0,0
11/20/2025,9:28:29,0,64,190,366,250,18,200,3,3,0,0,0,0
11/20/2025,9:28:34,0,63,201,371,250,2,200,1,1,0,0,0,0
11/20/2025,9:28:39,0,61,189,370,251,24,199,4,3,0,0,0,0
11/20/2025,9:28:44,0,63,203,372,251,4,199,2,2,0,0,0,-0.0008
11/20/2025,9:28:49,0,62,195,369,250,14,200,3,3,0,0,0,0
11/20/2025,9:28:54,0,62,219,373,251,6,199,2,2,0,0,0,0
11/20/2025,9:28:59,0,61,196,370,250,15,200,3,3,0,0,0,0
11/20/2025,9:29:04,0,62,202,373,250,4,199,2,1,0,0,0,0
11/20/2025,9:29:09,0,62,204,371,248,12,199,4,2,0,0,0,0
11/20/2025,9:29:14,0,66,198,370,251,16,199,4,3,0,0,0,0
11/20/2025,9:29:19,0,60,207,373,250,4,200,2,2,0,0,0,0
11/20/2025,9:29:24,0,59,218,372,250,6,200,3,1,0,0,0,0
11/20/2025,9:29:29,0,61,213,372,246,8,199,3,2,0,0,0,0
11/20/2025,9:29:34,0,59,214,374,251,6,199,4,1,0,0,0,0
11/20/2025,9:29:39,0,62,218,373,249,6,200,2,2,0,0,0,0
11/20/2025,9:29:44,0,61,199,370,250,7,200,1,2,0,0,0,0
11/20/2025,9:29:49,0,61,193,372,251,15,200,2,3,0,0,0,0
11/20/2025,9:29:54,0,62,218,374,251,4,200,2,0,0,0,0,0
11/20/2025,9:29:59,0,63,199,371,250,5,200,0,1,0,0,0,0
11/20/2025,9:30:04,0,62,198,371,250,16,200,3,3,0,0,0,0
11/20/2025,9:30:09,0,62,212,374,250,6,200,2,2,0,0,0,0
11/20/2025,9:30:14,0,62,209,374,250,5,200,2,2,0,0,0,0
11/20/2025,9:30:19,0,61,201,373,250,3,201,1,1,0,0,0,0
11/20/2025,9:30:24,0,62,197,373,249,13,200,2,3,0,0,0,0
11/20/2025,9:30:29,0,63,193,373,251,15,200,3,3,0,0,0,0
11/20/2025,9:30:34,0,60,208,375,251,10,201,3,3,0,0,0,0
11/20/2025,9:30:39,0,61,222,375,251,5,201,3,2,0,0,0,0
11/20/2025,9:30:44,0,64,215,376,249,6,199,3,2,0,0,0,0
11/20/2025,9:30:49,0,63,203,375,250,4,200,2,2,0,0,0,0
11/20/2025,9:30:54,0,63,200,376,249,0,201,1,1,0,0,0,0
11/20/2025,9:30:59,0,58,198,374,250,8,200,0,1,0,0,0,0
11/20/2025,9:31:04,0,59,194,374,251,15,200,3,2,0,0,0,0
11/20/2025,9:31:09,0,62,193,372,251,16,200,3,3,0,0,0,0
11/20/2025,9:31:14,0,61,215,376,250,6,200,2,2,0,0,0,0
11/20/2025,9:31:19,0,59,201,375,251,4,200,1,2,0,0,0,0
11/20/2025,9:31:24,0,62,199,373,250,14,200,3,3,0,0,0,0
11/20/2025,9:31:29,0,59,199,376,250,14,200,3,3,0,0,0,0
11/20/2025,9:31:34,0,60,193,374,250,15,199,3,3,0,0,0,0
11/20/2025,9:31:39,0,59,191,375,250,16,201,3,3,0,0,0,0
11/20/2025,9:31:44,0,59,193,374,250,16,200,3,3,0,0,0,0
11/20/2025,9:31:49,0,59,202,375,250,14,200,1,3,0,0,0,0
11/20/2025,9:31:54,0,61,198,375,249,9,201,1,2,0,0,0,0
11/20/2025,9:31:59,0,61,211,377,250,6,201,2,2,0,0,0,0
11/20/2025,9:32:04,0,60,206,377,251,11,200,3,3,0,0,0,0
11/20/2025,9:32:09,0,59,194,376,250,12,201,3,4,0,0,0,0
11/20/2025,9:32:14,0,60,224,375,251,7,201,2,2,0,0,0,0
11/20/2025,9:32:19,0,59,201,374,250,15,201,3,3,0,0,0,0
11/20/2025,9:32:24,0,61,205,376,251,5,200,2,2,0,0,0,0
11/20/2025,9:32:29,0,60,215,377,250,8,200,2,2,0,0,0,-0.0008
11/20/2025,9:32:34,0,61,189,377,251,16,200,4,2,0,0,0,0
11/20/2025,9:32:39,0,61,194,376,250,15,200,3,3,0,0,0,0
11/20/2025,9:32:44,0,61,189,376,250,17,201,3,3,0,0,0,0
11/20/2025,9:32:49,0,61,223,379,251,6,200,3,2,0,0,0,0
11/20/2025,9:32:54,0,59,201,377,250,14,200,2,3,0,0,0,0
11/20/2025,9:32:59,0,60,199,378,251,2,200,1,1,0,0,0,0
11/20/2025,9:33:04,0,61,222,380,248,7,201,2,2,0,0,0,0
11/20/2025,9:33:09,0,63,206,379,250,10,200,3,3,0,0,0,0
11/20/2025,9:33:14,0,59,191,377,250,14,200,2,3,0,0,0,0
11/20/2025,9:33:19,0,61,203,377,249,15,199,4,3,0,0,0,0
11/20/2025,9:33:24,0,59,201,379,250,3,200,1,2,0,0,0,0
11/20/2025,9:33:29,0,60,212,380,250,8,200,2,2,0,0,0,0
11/20/2025,9:33:34,0,60,212,380,250,7,201,2,2,0,0,0,0
11/20/2025,9:33:39,0,61,193,377,250,17,200,3,3,0,0,0,0
11/20/2025,9:33:44,0,60,198,379,249,12,201,3,3,0,0,0,0
11/20/2025,9:33:49,0,61,212,380,250,5,199,2,3,0,0,0,0
11/20/2025,9:33:54,0,64,202,379,250,16,198,4,3,0,0,0,0
11/20/2025,9:33:59,0,61,204,380,251,14,199,3,2,-0.0008,0,0,0
11/20/2025,9:34:04,0,58,197,380,250,9,200,2,2,0,0,0,0
11/20/2025,9:34:09,0,59,205,381,250,5,201,2,2,0,0,0,0
11/20/2025,9:34:14,0,59,219,381,249,6,199,3,2,0,0,0,0
11/20/2025,9:34:19,0,56,192,379,250,20,199,5,4,0,0,0,0
11/20/2025,9:34:24,0,59,197,380,251,14,199,3,3,0,0,0,0
11/20/2025,9:34:29,0,59,204,378,250,15,201,3,4,0,0,0,0
11/20/2025,9:34:34,0,60,199,379,251,8,200,2,2,0,0,0,0
11/20/2025,9:34:39,0,58,211,380,251,6,200,2,2,0,0,0,0
11/20/2025,9:34:44,0,60,218,382,250,4,200,3,1,0,0,0,0
11/20/2025,9:34:49,0,59,193,378,250,17,201,4,3,0,0,0,0
11/20/2025,9:34:54,0,59,198,379,250,15,201,3,3,0,0,0,0
11/20/2025,9:34:59,0,62,203,381,252,14,199,4,3,0,0,0,0
11/20/2025,9:35:04,0,62,197,380,250,11,200,3,3,0,0,0,0
11/20/2025,9:35:09,0,62,201,382,250,0,199,1,0,0,0,0,0
11/20/2025,9:35:14,0,61,215,382,251,6,201,2,2,0,0,0,0
11/20/2025,9:35:19,0,61,224,383,251,7,199,3,2,0,0,0,0
11/20/2025,9:35:29,0,61,198,382,250,9,199,2,2,0,0,0,0
11/20/2025,9:35:33,0,60,204,383,251,4,200,1,1,0,0,0,0
11/20/2025,9:35:38,0,61,219,381,250,8,200,2,2,0,0,0,0
11/20/2025,9:35:43,0,65,218,383,250,4,199,2,1,0,0,0,0
11/20/2025,9:35:48,0,64,220,380,249,7,202,3,2,0,0,0,0
11/20/2025,9:35:53,0,59,222,382,250,7,201,3,2,0,0,0,-0.0008
11/20/2025,9:35:58,0,62,220,381,251,7,201,3,2,0,0,0,-0.0008
11/20/2025,9:36:03,0,58,210,383,250,7,200,3,2,0,0,0,0
11/20/2025,9:36:08,0,55,203,382,250,15,200,4,3,0,0,0,0
11/20/2025,9:36:13,0,57,191,381,250,17,200,3,3,0,0,0,0
11/20/2025,9:36:18,0,58,199,381,251,14,200,3,3,0,0,0,0
11/20/2025,9:36:23,0,58,204,382,250,15,200,3,3,0,0,0,0
11/20/2025,9:36:28,0,59,196,382,250,11,200,2,3,0,0,0,0
11/20/2025,9:36:33,0,56,199,381,250,7,200,1,2,0,0,0,0
11/20/2025,9:36:38,0,60,202,383,250,5,201,0,1,0,0,0,0
11/20/2025,9:36:43,0,56,203,382,250,4,201,1,1,0,0,0,0
11/20/2025,9:36:48,0,55,212,384,251,6,200,1,2,0,0,0,0
11/20/2025,9:36:53,0,51,223,384,250,7,199,2,2,0,0,0,0
11/20/2025,9:36:58,0,59,203,381,250,13,200,3,3,0,0,0,0
11/20/2025,9:37:03,0,55,196,382,249,15,200,3,3,0,0,0,0
11/20/2025,9:37:08,0,61,203,381,251,13,201,3,3,0,0,0,0
11/20/2025,9:37:13,0,58,198,382,250,11,199,3,2,0,0,0,0
11/20/2025,9:37:18,0,51,201,384,250,3,201,1,1,0,0,0,0
11/20/2025,9:37:23,0,56,211,384,248,6,200,1,2,0,0,0,0
11/20/2025,9:37:28,0,56,220,384,249,8,199,3,2,0,0,0,0
11/20/2025,9:37:33,0,54,215,383,249,8,200,3,3,0,0,0,0
11/20/2025,9:37:38,0,55,194,382,250,18,201,2,4,0,0,0,0
11/20/2025,9:37:43,0,56,200,382,251,14,199,2,2,0,0,0,0
11/20/2025,9:37:48,0,54,197,383,250,10,201,2,3,0,0,0,0
11/20/2025,9:37:53,0,57,199,384,251,2,201,0,1,0,0,0,0
11/20/2025,9:37:58,0,56,210,385,251,5,200,2,2,0,0,0,0
11/20/2025,9:38:03,0,56,213,384,250,6,201,2,2,0,0,0,0
11/20/2025,9:38:08,0,56,190,383,249,16,199,4,3,0,0,0,0
11/20/2025,9:38:13,0,59,200,382,249,13,200,3,3,0,0,0,0
11/20/2025,9:38:18,0,58,202,383,250,16,200,3,3,0,0,0,0
11/20/2025,9:38:23,0,56,196,380,251,11,201,1,2,0,0,0,-0.0008
11/20/2025,9:38:28,0,56,203,385,251,5,199,2,1,0,0,0,0
11/20/2025,9:38:33,0,56,214,383,251,6,200,3,3,0,0,0,0
11/20/2025,9:38:38,0,58,195,382,250,15,201,3,3,0,0,0,0
11/20/2025,9:38:43,0,59,194,384,250,11,201,2,3,0,0,0,0
11/20/2025,9:38:48,0,56,204,384,250,5,200,1,2,0,0,0,0
11/20/2025,9:38:53,0,53,217,385,251,8,200,3,1,0,0,0,0
11/20/2025,9:38:58,0,55,194,383,250,16,200,2,3,0,0,0,0
11/20/2025,9:39:03,0,55,201,385,250,3,206,2,1,0,0,0,0
11/20/2025,9:39:08,0,54,189,384,249,20,199,5,3,0,0,0,0
11/20/2025,9:39:13,0,55,216,385,250,6,200,3,2,0,0,0,0
11/20/2025,9:39:18,0,56,200,383,249,7,199,1,2,0,0,0,0
11/20/2025,9:39:23,0,57,203,383,249,13,200,2,3,0,0,0,0
11/20/2025,9:39:28,0,54,190,383,250,13,200,3,3,0,0,0,0
11/20/2025,9:39:33,0,60,201,385,249,14,199,4,2,0,0,0,0
11/20/2025,9:39:38,0,54,198,384,251,14,199,4,3,0,0,0,0
11/20/2025,9:39:43,0,56,198,381,251,15,201,3,3,-0.0008,0,0,0
11/20/2025,9:39:48,0,56,201,384,251,4,200,1,1,0,0,0,0
11/20/2025,9:39:53,0,58,202,385,251,15,200,3,2,0,0,0,0
11/20/2025,9:39:58,0,56,195,384,250,13,200,2,3,0,0,0,0
11/20/2025,9:40:03,0,57,224,386,250,9,201,3,2,0,0,0,0
11/20/2025,9:40:08,0,56,198,384,251,14,201,2,3,0,0,0,0
11/20/2025,9:40:13,0,57,207,384,250,6,201,2,2,0,0,0,0
11/20/2025,9:40:18,0,56,191,384,250,17,201,4,3,0,0,0,0
11/20/2025,9:40:23,0,58,200,385,251,7,201,1,1,0,0,0,0
11/20/2025,9:40:28,0,54,198,384,251,17,201,4,3,0,0,0,0
11/20/2025,9:40:33,0,56,201,386,249,3,200,2,1,0,0,0,0
11/20/2025,9:40:38,0,61,195,384,250,17,201,4,3,0,0,0,0
11/20/2025,9:40:43,0,57,200,386,251,3,199,2,2,0,0,0,0
11/20/2025,9:40:48,0,54,191,384,251,14,200,3,3,0,0,0,0
11/20/2025,9:40:53,0,53,207,386,250,5,200,2,2,0,0,0,0
11/20/2025,9:40:58,0,55,192,384,251,14,200,3,2,0,0,0,0
11/20/2025,9:41:03,0,56,215,384,251,8,201,2,2,0,0,0,0
11/20/2025,9:41:08,0,52,201,384,250,12,201,3,3,0,0,0,0
11/20/2025,9:41:13,0,54,208,384,251,11,199,3,3,0,0,0,0
11/20/2025,9:41:18,0,53,199,386,250,4,200,2,1,0,0,0,0
11/20/2025,9:41:23,0,56,201,385,249,13,200,4,3,0,0,0,0
11/20/2025,9:41:28,0,55,198,385,251,9,200,2,2,0,0,0,0
11/20/2025,9:41:33,0,57,218,387,251,6,201,3,2,0,0,0,0
11/20/2025,9:41:38,0,57,195,385,251,15,201,3,3,0,0,0,0
11/20/2025,9:41:43,0,57,197,385,251,13,200,3,2,0,0,0,0
11/20/2025,9:41:48,0,57,210,387,250,5,200,2,2,0,0,0,0
11/20/2025,9:41:53,0,57,192,389,251,17,200,4,3,0,0,0,0
11/20/2025,9:41:58,0,58,195,386,251,13,200,4,2,0,0,0,0
11/20/2025,9:42:03,0,57,201,387,251,5,200,2,2,0,0,0,0
11/20/2025,9:42:08,0,60,222,385,251,8,201,3,2,0,0,0,0
11/20/2025,9:42:13,0,59,202,385,251,15,201,4,3,0,0,0,0
11/20/2025,9:42:18,0,57,192,386,251,16,199,3,3,0,0,0,0
11/20/2025,9:42:23,0,55,196,383,250,14,201,2,3,0,0,0,-0.0008
11/20/2025,9:42:28,0,56,198,386,251,14,199,2,3,0,0,0,0
11/20/2025,9:42:33,0,55,198,387,251,16,201,4,3,0,0,0,0
11/20/2025,9:42:38,0,56,210,388,250,6,202,3,2,0,0,0,0
11/20/2025,9:42:43,0,55,194,386,251,14,200,3,3,0,0,0,0
11/20/2025,9:42:48,0,55,208,388,251,7,201,3,2,0,0,0,0
11/20/2025,9:42:53,0,54,197,387,251,14,200,3,2,0,0,0,0
11/20/2025,9:42:58,0,54,220,389,250,7,200,3,2,0,0,0,0
11/20/2025,9:43:03,0,52,203,387,250,14,200,2,3,0,0,0,0
11/20/2025,9:43:08,0,56,220,389,250,8,201,2,2,0,0,0,0
11/20/2025,9:43:13,0,56,192,388,250,15,200,3,3,0,0,0,0
11/20/2025,9:43:18,0,56,195,388,250,10,200,2,2,0,0,0,0
11/20/2025,9:43:23,0,56,210,390,251,6,199,3,3,0,0,0,0
11/20/2025,9:43:28,0,55,212,389,249,12,200,3,2,0,0,0,0
11/20/2025,9:43:33,0,56,196,388,250,15,200,2,3,0,0,0,0
11/20/2025,9:43:38,0,56,200,387,251,4,200,1,1,0,0,0,0
11/20/2025,9:43:43,0,55,208,389,250,11,201,2,2,0,0,0,0
11/20/2025,9:43:48,0,55,198,387,251,13,200,2,3,0,0,0,0
11/20/2025,9:43:53,0,54,199,390,251,6,199,1,1,0,0,0,0
11/20/2025,9:43:58,0,54,224,391,250,8,199,3,2,-0.0008,0,0,0
11/20/2025,9:44:03,0,55,191,388,251,17,200,3,4,0,0,0,0
11/20/2025,9:44:08,0,57,204,388,250,12,200,2,3,0,0,0,0
11/20/2025,9:44:13,0,53,199,390,250,7,201,1,1,0,0,0,0
11/20/2025,9:44:18,0,56,210,389,251,7,200,1,2,0,0,0,0
11/20/2025,9:44:23,0,56,222,389,251,8,201,2,2,0,0,0,0
11/20/2025,9:44:28,0,54,191,389,251,18,201,5,3,0,0,0,0
11/20/2025,9:44:33,0,56,201,389,251,12,199,2,2,0,0,0,0
11/20/2025,9:44:38,0,58,198,390,251,7,200,2,1,0,0,0,0
11/20/2025,9:44:43,0,56,214,390,251,8,200,2,3,0,0,0,0
11/20/2025,9:44:48,0,48,200,391,249,15,199,4,3,0,0,0,0
11/20/2025,9:44:53,0,54,198,389,250,13,200,3,3,0,0,0,0
11/20/2025,9:44:58,0,51,225,392,252,7,199,3,2,0,0,0,0
11/20/2025,9:45:03,0,52,193,388,251,13,200,2,3,0,0,0,0
11/20/2025,9:45:08,0,48,209,390,251,12,200,4,2,0,0,0,0
11/20/2025,9:45:13,0,54,198,389,250,9,200,2,2,0,0,0,0
11/20/2025,9:45:18,0,52,215,392,250,7,201,3,2,0,0,0,0
11/20/2025,9:45:23,0,54,203,389,251,13,200,2,3,0,0,0,0
11/20/2025,9:45:59,0,54,219,392,251,11,201,4,3,0,0,0,0
11/20/2025,9:46:03,0,54,197,391,251,13,201,2,3,0,0,0,0
11/20/2025,9:46:08,0,54,204,389,251,12,200,2,3,0,0,0,0
11/20/2025,9:46:13,0,52,195,391,251,10,201,2,2,0,0,0,0
11/20/2025,9:46:18,0,56,203,393,251,5,202,3,1,0,0,0,0
11/20/2025,9:46:23,0,56,223,393,251,10,201,4,2,0,0,0,0
11/20/2025,9:46:28,0,55,199,390,251,16,201,4,3,0,0,0,0
11/20/2025,9:46:33,0,54,197,391,251,13,199,2,2,0,0,0,0
11/20/2025,9:46:38,0,51,199,391,251,10,200,3,3,0,0,0,0
11/20/2025,9:46:43,0,57,197,390,251,8,201,2,2,0,0,0,0
11/20/2025,9:46:48,0,53,210,391,251,8,200,2,3,0,0,0,0
11/20/2025,9:46:53,0,49,222,393,251,11,201,3,3,0,0,0,0
11/20/2025,9:46:58,0,54,225,393,250,10,200,4,3,0,0,0,0
11/20/2025,9:47:03,0,59,225,394,251,10,200,3,2,0,0,0,0
11/20/2025,9:47:08,0,55,216,391,251,9,200,3,3,0,0,0,0
11/20/2025,9:47:13,0,53,213,393,252,11,201,4,2,0,0,0,0
11/20/2025,9:47:18,0,56,194,391,251,18,201,4,3,0,0,0,0
11/20/2025,9:47:23,0,55,195,390,250,11,199,3,2,0,0,0,0
11/20/2025,9:47:28,0,52,196,392,251,9,200,2,3,0,0,0,0
11/20/2025,9:47:33,0,54,204,393,250,6,199,3,1,0,0,0,0
11/20/2025,9:47:38,0,57,222,393,251,10,199,4,2,0,0,0,0
11/20/2025,9:47:43,0,54,215,393,251,10,201,4,2,0,0,0,0
11/20/2025,9:47:48,0,54,210,394,251,11,200,4,2,0,0,0,0
11/20/2025,9:47:53,0,52,205,391,252,14,200,4,3,0,0,0,0
11/20/2025,9:47:58,0,55,197,391,251,13,201,4,3,0,0,0,0
11/20/2025,9:48:03,0,54,192,393,249,14,199,4,2,0,0,0,0
11/20/2025,9:48:08,0,54,195,392,251,11,201,1,2,0,0,0,0
11/20/2025,9:48:13,0,52,203,394,251,11,200,1,2,0,0,0,-0.0008
11/20/2025,9:48:18,0,58,204,393,250,10,200,1,1,0,0,0,-0.0008
11/20/2025,9:48:23,0,51,201,393,250,10,200,1,1,0,0,0,0
11/20/2025,9:48:28,0,52,196,392,251,10,200,1,2,0,0,0,0
11/20/2025,9:48:33,0,53,189,393,250,14,201,3,3,0,0,0,0
11/20/2025,9:48:38,0,53,214,393,251,10,201,3,3,0,0,0,0
11/20/2025,9:48:43,0,52,192,393,251,15,201,4,3,0,0,0,0
11/20/2025,9:48:48,0,52,210,396,251,9,200,3,3,0,0,0,0
11/20/2025,9:48:53,0,52,203,396,252,5,200,1,1,0,0,0,0
11/20/2025,9:48:58,0,51,201,395,251,2,200,1,2,0,0,0,0
11/20/2025,9:49:03,0,53,206,396,250,9,201,3,2,0,0,0,0
11/20/2025,9:49:08,0,52,216,396,251,12,200,4,3,0,0,0,0
11/20/2025,9:49:13,0,47,223,396,251,10,201,4,2,0,0,0,0
11/20/2025,9:49:18,0,52,208,396,249,12,200,3,3,0,0,0,0
11/20/2025,9:49:23,0,52,191,391,251,14,201,2,4,0,0,0,0
11/20/2025,9:49:28,0,51,201,395,252,9,200,1,2,0,0,0,0
11/20/2025,9:49:33,0,53,198,395,250,8,199,1,1,0,0,0,0
11/20/2025,9:49:38,0,51,207,396,251,10,199,3,3,0,0,0,0
11/20/2025,9:49:43,0,49,223,396,251,11,200,4,3,0,0,0,0
11/20/2025,9:49:48,0,51,207,396,251,12,200,4,3,0,0,0,0
11/20/2025,9:49:53,0,50,189,395,251,15,201,3,3,0,0,0,0
11/20/2025,9:49:58,0,51,197,394,251,9,200,1,2,0,0,0,0
11/20/2025,9:50:03,0,46,196,395,250,13,200,1,1,0,0,0,0
11/20/2025,9:50:08,0,51,196,396,251,8,201,1,2,0,0,0,0
11/20/2025,9:50:13,0,51,198,397,251,6,200,1,1,0,0,0,0
11/20/2025,9:50:18,0,48,200,397,251,5,201,1,1,0,0,0,0
11/20/2025,9:50:23,0,50,200,398,249,5,199,1,1,0,0,0,0
11/20/2025,9:50:28,0,52,217,397,251,13,201,4,3,0,0,0,0
11/20/2025,9:50:33,0,52,212,398,250,10,200,3,3,0,0,0,0
11/20/2025,9:50:38,0,52,191,396,251,15,199,3,3,0,0,0,0
11/20/2025,9:50:43,0,51,193,395,251,10,201,1,2,0,0,0,0
11/20/2025,9:50:48,0,51,200,397,250,9,201,0,1,0,0,0,0
11/20/2025,9:50:53,0,51,203,395,251,9,201,1,2,0,0,0,0
11/20/2025,9:50:58,0,50,196,397,250,10,200,1,2,0,0,0,0
11/20/2025,9:51:03,0,48,197,396,251,10,199,1,2,0,0,-0.0008,0
11/20/2025,9:51:08,0,53,200,396,250,9,200,1,2,0,0,0,0
11/20/2025,9:51:13,0,50,200,396,250,9,200,1,2,0,0,0,0
11/20/2025,9:51:18,0,52,202,397,251,9,200,1,1,0,0,0,-0.0008
11/20/2025,9:51:23,0,50,205,396,251,9,201,0,2,0,0,0,0
11/20/2025,9:51:28,0,52,198,396,250,6,201,1,1,0,0,0,0
11/20/2025,9:51:33,0,49,188,396,251,12,201,2,3,0,0,0,0
11/20/2025,9:51:38,0,49,200,397,251,18,200,3,3,0,0,0,0
11/20/2025,9:51:43,0,50,211,398,251,12,201,4,3,0,0,0,0
11/20/2025,9:51:48,0,46,214,398,251,9,200,3,3,0,0,0,0
11/20/2025,9:51:53,0,51,216,398,250,11,199,4,2,0,0,0,0
11/20/2025,9:51:58,0,54,217,400,251,10,201,3,3,0,0,0,0
11/20/2025,9:52:03,0,54,217,398,251,9,199,4,2,0,0,0,0
11/20/2025,9:52:08,0,55,220,399,250,8,199,4,3,0,0,0,0
11/20/2025,9:52:13,0,51,223,398,251,12,201,4,3,0,0,0,0
11/20/2025,9:52:18,0,51,217,397,251,14,201,5,3,0,0,0,0
11/20/2025,9:52:23,0,53,212,398,251,14,201,5,3,0,0,0,0
11/20/2025,9:52:28,0,50,202,398,250,7,199,3,2,0,0,0,0
11/20/2025,9:52:33,0,49,198,395,251,7,201,1,2,0,0,0,0
11/20/2025,9:52:38,0,54,203,396,251,6,201,0,1,0,0,0,0
11/20/2025,9:52:43,0,53,188,396,251,14,200,3,3,0,0,0,0
11/20/2025,9:52:48,0,53,218,398,251,11,200,4,3,0,0,0,0
11/20/2025,9:52:53,0,55,194,396,251,10,199,2,2,0,0,0,0
11/20/2025,9:52:58,0,52,193,397,251,16,199,4,3,0,0,0,0
11/20/2025,9:53:03,0,53,210,400,249,9,199,3,2,0,0,0,0
11/20/2025,9:53:08,0,53,200,395,251,11,201,1,2,0,0,0,0
11/20/2025,9:53:13,0,51,213,397,251,11,200,3,3,0,0,0,-0.0008
11/20/2025,9:53:18,0,51,195,397,251,6,200,1,2,0,0,0,0
11/20/2025,9:53:23,0,51,217,398,250,14,199,4,3,0,0,0,0
11/20/2025,9:53:28,0,53,205,395,251,7,200,0,1,0,0,0,0
11/20/2025,9:53:33,0,52,214,399,251,11,200,4,2,0,0,0,0
11/20/2025,9:53:38,0,51,193,396,251,11,201,2,2,0,0,0,-0.0008
11/20/2025,9:53:43,0,50,207,399,251,12,200,4,2,0,0,0,0
11/20/2025,9:53:48,0,52,201,398,251,5,201,2,2,0,0,0,0
11/20/2025,9:53:53,0,51,195,398,250,14,200,3,2,0,0,0,0
11/20/2025,9:53:58,0,56,201,400,251,9,200,2,2,0,0,0,0
11/20/2025,9:54:03,0,50,196,399,252,4,199,0,1,0,0,0,0
11/20/2025,9:54:08,0,50,208,398,251,12,201,4,3,0,0,0,0
11/20/2025,9:54:13,0,58,225,400,251,15,200,5,4,0,0,0,0
11/20/2025,9:54:18,0,52,209,401,249,17,199,6,4,0,0,0,0
11/20/2025,9:54:23,0,53,199,397,251,10,201,2,2,0,0,0,0
11/20/2025,9:54:28,0,51,194,399,252,7,200,1,1,0,0,0,0
11/20/2025,9:54:33,0,50,200,399,252,6,199,0,1,0,0,0,0
11/20/2025,9:54:38,0,51,188,399,251,8,200,1,0,0,0,0,0
11/20/2025,9:54:43,0,52,190,396,251,6,201,0,1,0,0,0,0
11/20/2025,9:54:48,0,56,198,400,250,7,199,2,2,0,0,0,0
11/20/2025,9:54:53,0,48,208,400,251,12,199,4,3,0,0,0,0
11/20/2025,9:54:58,0,52,211,401,251,13,201,4,3,0,0,0,0
11/20/2025,9:55:03,0,49,207,401,250,12,201,4,3,0,0,0,0
11/20/2025,9:55:08,0,51,192,399,251,0,200,0,0,0,0,0,0
11/20/2025,9:55:13,0,53,194,400,250,12,201,2,3,0,0,0,0
11/20/2025,9:55:18,0,51,209,401,252,23,201,7,6,0,0,0,0
11/20/2025,9:55:23,0,52,211,400,252,12,201,4,3,0,0,0,0
11/20/2025,9:55:28,0,51,196,400,251,0,200,0,0,0,0,0,0
11/20/2025,9:55:33,0,54,194,398,251,12,201,1,3,0,0,0,0
11/20/2025,9:56:18,0,50,204,401,251,9,200,2,2,0,0,0,0
11/20/2025,9:56:22,0,48,199,401,251,20,201,5,4,0,0,0,0
11/20/2025,9:56:27,0,50,222,403,250,16,200,5,4,0,0,0,0
11/20/2025,9:56:32,0,50,200,403,251,11,200,3,2,0,0,0,0
11/20/2025,9:56:37,0,51,200,401,251,3,199,0,0,0,0,0,0
11/20/2025,9:56:42,0,50,198,401,251,14,200,4,3,0,0,0,0
11/20/2025,9:56:47,0,50,218,401,252,15,199,5,4,0,0,0,0
11/20/2025,9:56:52,0,51,201,401,251,5,199,1,1,0,0,0,0
11/20/2025,9:56:57,0,50,220,403,251,20,200,6,4,0,0,0,0
11/20/2025,9:57:02,0,50,195,401,252,11,201,1,2,0,0,0,0
11/20/2025,9:57:07,0,50,207,403,253,10,199,3,2,0,0,0,0
11/20/2025,9:57:12,0,52,199,403,251,18,200,4,4,0,0,0,0
11/20/2025,9:57:17,0,49,192,400,252,0,200,0,0,0,0,0,0
11/20/2025,9:57:22,0,50,213,404,251,22,200,7,5,0,0,0,0
11/20/2025,9:57:27,0,50,203,401,251,7,200,0,1,0,0,0,0
11/20/2025,9:57:32,0,51,222,401,251,15,200,5,3,0,0,0,0
11/20/2025,9:57:37,0,50,196,399,251,12,201,2,2,0,0,0,0
11/20/2025,9:57:42,0,49,214,404,249,12,200,4,3,0,0,0,0
11/20/2025,9:57:47,0,49,196,403,251,12,200,2,3,0,0,0,0
11/20/2025,9:57:52,0,47,203,403,251,11,198,3,2,0,0,0,0
11/20/2025,9:57:57,0,50,199,404,251,16,200,4,4,0,0,0,0
11/20/2025,9:58:02,0,48,191,400,252,2,200,0,0,-0.0008,0,0,0
11/20/2025,9:58:07,0,48,217,405,253,19,200,7,4,0,0,0,0
11/20/2025,9:58:12,0,47,195,403,251,11,199,2,3,0,0,0,0
11/20/2025,9:58:17,0,48,193,402,251,1,200,0,0,0,0,0,0
11/20/2025,9:58:22,0,47,196,404,251,10,199,3,2,0,0,0,0
11/20/2025,9:58:27,0,49,187,403,252,5,200,2,2,0,0,0,0
11/20/2025,9:58:32,0,47,198,402,251,5,200,0,1,0,0,0,0
11/20/2025,9:58:37,0,47,197,404,252,14,198,3,3,0,0,0,0
11/20/2025,9:58:42,0,49,221,405,251,12,200,4,4,0,0,0,0
11/20/2025,9:58:47,0,49,199,403,252,12,200,1,2,0,0,0,0
11/20/2025,9:58:52,0,47,215,406,251,20,200,5,4,0,0,0,0
11/20/2025,9:58:57,0,50,201,403,252,6,198,1,1,0,0,0,0
11/20/2025,9:59:02,0,49,212,405,251,9,199,3,2,0,0,0,0
11/20/2025,9:59:07,0,47,199,404,252,14,200,4,3,0,0,0,0
11/20/2025,9:59:12,0,49,189,402,252,1,200,0,0,0,0,0,0
11/20/2025,9:59:17,0,49,218,405,251,12,198,4,3,0,0,0,0
11/20/2025,9:59:22,0,48,192,403,251,4,200,0,1,0,0,0,0
11/20/2025,9:59:27,0,46,202,404,250,10,199,2,2,0,0,0,0
11/20/2025,9:59:32,0,49,206,406,252,15,200,5,4,0,0,0,0
11/20/2025,9:59:37,0,47,202,403,251,11,199,2,2,0,0,0,0
11/20/2025,9:59:42,0,46,205,406,250,10,199,3,3,0,0,0,0
11/20/2025,9:59:47,0,48,213,405,252,13,200,4,3,0,0,0,0
11/20/2025,9:59:52,0,47,198,405,251,11,199,2,3,0,0,0,0
11/20/2025,9:59:57,0,49,195,405,251,3,198,0,1,0,0,0,0
11/20/2025,10:00:02,0,47,218,406,250,16,198,3,3,0,0,0,0
11/20/2025,10:00:07,0,48,197,405,252,12,198,3,3,0,0,0,0
11/20/2025,10:00:12,0,47,188,405,252,10,198,2,3,0,0,0,0
11/20/2025,10:00:17,0,45,212,407,251,17,200,5,4,0,0,0,0
11/20/2025,10:00:22,0,46,199,404,252,11,199,2,1,0,0,0,0
11/20/2025,10:00:27,0,49,222,407,251,13,199,5,3,0,0,0,0
11/20/2025,10:00:32,0,46,193,406,251,10,199,2,2,0,0,0,0
11/20/2025,10:00:37,0,46,197,406,251,12,199,2,3,0,0,0,0
11/20/2025,10:00:42,0,48,213,407,251,17,198,5,4,0,0,0,0
11/20/2025,10:00:47,0,48,195,406,251,8,199,2,2,0,0,0,0
11/20/2025,10:00:52,0,47,192,403,252,12,200,2,2,0,0,0,0
11/20/2025,10:00:57,0,50,211,407,251,11,198,3,3,0,0,0,0
11/20/2025,10:01:02,0,45,210,408,252,16,200,4,4,0,0,0,0
11/20/2025,10:01:07,0,45,194,405,252,8,200,1,2,0,0,0,0
11/20/2025,10:01:12,0,48,191,403,251,12,200,1,3,0,0,0,0
11/20/2025,10:01:17,0,47,223,408,252,13,200,3,3,0,0,0,0
11/20/2025,10:01:22,0,46,202,405,252,11,200,3,3,0,0,0,0
11/20/2025,10:01:27,0,47,196,408,252,12,200,1,2,0,0,0,0
11/20/2025,10:01:32,0,46,195,405,252,12,199,1,2,0,0,0,0
11/20/2025,10:01:37,0,43,204,407,252,16,199,4,3,0,0,0,-0.0008
11/20/2025,10:01:42,0,47,216,409,251,9,198,3,2,0,0,0,0
11/20/2025,10:01:47,0,48,213,409,252,12,199,3,3,0,0,0,0
11/20/2025,10:01:52,0,51,201,408,252,9,198,2,1,0,0,0,0
11/20/2025,10:01:57,0,48,198,406,251,13,198,2,2,0,0,0,0
11/20/2025,10:02:02,0,47,191,407,252,12,198,2,2,0,0,0,0
11/20/2025,10:02:07,0,43,214,409,252,15,200,3,3,0,0,0,0
11/20/2025,10:02:12,0,48,208,409,252,16,199,5,4,0,0,0,0
11/20/2025,10:02:17,0,49,195,407,252,12,199,2,2,0,0,0,0
11/20/2025,10:02:22,0,48,192,407,252,11,200,1,2,0,0,0,0
11/20/2025,10:02:27,0,48,211,409,252,17,200,4,3,0,0,0,0
11/20/2025,10:02:32,0,47,222,407,252,12,198,4,3,0,0,0,0
11/20/2025,10:02:37,0,48,206,409,252,13,199,3,3,0,0,0,0
11/20/2025,10:02:42,0,48,196,407,252,9,199,2,2,0,0,0,0
11/20/2025,10:02:47,0,47,198,407,252,13,197,1,2,0,0,0,0
11/20/2025,10:02:52,0,49,202,407,252,16,199,3,3,0,0,0,0
11/20/2025,10:02:57,0,44,227,409,252,11,200,3,2,0,0,0,0
11/20/2025,10:03:02,0,46,206,409,252,13,198,4,3,0,0,0,0
11/20/2025,10:03:07,0,44,199,409,252,11,200,2,2,0,0,0,0
11/20/2025,10:03:12,0,47,196,407,252,9,200,1,2,0,0,0,0
11/20/2025,10:03:17,0,45,199,407,252,12,199,1,2,0,0,0,0
11/20/2025,10:03:22,0,44,203,409,250,14,199,4,3,0,0,0,0
11/20/2025,10:03:27,0,46,219,409,252,12,199,4,3,0,0,0,0
11/20/2025,10:03:32,0,44,201,408,252,12,197,2,1,0,0,0,0
11/20/2025,10:03:37,0,48,195,407,252,12,199,1,2,0,0,0,0
11/20/2025,10:03:42,0,47,195,407,251,12,199,1,1,0,0,0,0
11/20/2025,10:03:47,0,47,208,409,251,18,198,3,3,0,0,0,-0.0008
11/20/2025,10:03:52,0,47,210,409,252,13,200,4,4,0,0,0,0
11/20/2025,10:03:57,0,46,194,405,252,11,199,2,2,0,0,0,0
11/20/2025,10:04:02,0,47,195,406,251,12,198,2,2,0,0,0,0
11/20/2025,10:04:07,0,48,207,408,252,15,199,4,3,0,0,0,0
11/20/2025,10:04:12,0,47,206,409,253,12,199,4,3,0,0,0,0
11/20/2025,10:04:17,0,47,198,407,252,11,200,1,2,0,0,0,0
11/20/2025,10:04:22,0,47,200,408,252,10,199,1,1,0,0,0,0
11/20/2025,10:04:27,0,47,214,408,251,13,198,3,3,0,0,0,0
11/20/2025,10:04:32,0,48,213,409,251,13,198,4,3,0,0,0,0
11/20/2025,10:04:37,0,48,200,408,251,11,198,2,2,0,0,0,0
11/20/2025,10:04:42,0,49,199,406,252,15,198,2,1,0,0,0,0
11/20/2025,10:04:47,0,47,216,409,252,12,198,2,3,0,0,0,0
11/20/2025,10:04:52,0,49,197,408,252,9,200,1,2,0,0,0,0
11/20/2025,10:04:57,0,48,196,406,252,22,199,3,3,0,0,0,0
11/20/2025,10:05:02,0,47,213,409,252,11,200,3,3,0,0,0,0
11/20/2025,10:05:07,0,46,195,408,252,8,198,2,2,0,0,0,0
11/20/2025,10:05:12,0,47,199,405,252,13,198,1,2,0,0,0,0
11/20/2025,10:05:17,0,48,190,407,252,13,197,1,2,0,0,0,0
11/20/2025,10:05:22,0,48,205,407,252,17,197,3,3,0,0,0,0
11/20/2025,10:05:27,0,46,223,408,252,14,197,4,3,0,0,0,0
11/20/2025,10:05:32,0,46,201,407,252,14,200,3,3,0,0,0,0
11/20/2025,10:05:37,0,47,196,408,250,11,199,2,2,0,0,0,0
11/20/2025,10:05:42,0,47,191,406,252,13,198,2,2,0,0,0,0
11/20/2025,10:06:18,0,45,203,407,252,16,198,4,2,0,0,0,0
11/20/2025,10:06:22,0,45,213,408,252,13,198,4,3,0,0,0,0
11/20/2025,10:06:27,0,49,200,406,252,13,199,3,2,0,0,0,0
11/20/2025,10:06:32,0,44,216,407,252,11,200,3,3,0,0,0,0
11/20/2025,10:06:37,0,47,195,406,251,12,198,3,2,0,0,0,0
11/20/2025,10:06:42,0,48,221,408,252,13,198,4,2,0,0,0,0
11/20/2025,10:06:47,0,44,202,406,252,14,200,2,2,0,0,0,0
11/20/2025,10:06:52,0,47,223,408,252,12,200,4,2,0,0,0,0
11/20/2025,10:06:57,0,46,195,403,252,12,200,1,2,0,0,0,0
11/20/2025,10:07:02,0,46,208,408,252,17,199,3,3,0,0,0,0
11/20/2025,10:07:07,0,45,197,405,252,8,199,1,2,0,0,0,0
11/20/2025,10:07:12,0,50,207,407,253,18,200,3,3,0,0,0,0
11/20/2025,10:07:17,0,44,198,407,252,7,198,2,2,0,0,0,0
11/20/2025,10:07:22,0,46,214,408,252,15,200,4,3,0,0,0,0
11/20/2025,10:07:27,0,45,202,404,252,14,200,2,2,0,0,0,0
11/20/2025,10:07:32,0,45,221,408,252,11,199,4,3,0,0,0,0
11/20/2025,10:07:37,0,45,197,406,252,12,199,2,2,0,0,0,0
11/20/2025,10:07:42,0,45,204,409,252,13,199,3,3,0,0,0,0
11/20/2025,10:07:47,0,41,206,408,252,15,199,5,3,0,0,0,0
11/20/2025,10:07:52,0,45,195,407,252,11,199,2,2,0,0,0,0
11/20/2025,10:07:57,0,46,218,409,253,12,198,4,2,0,0,0,0
11/20/2025,10:08:02,0,45,192,406,252,11,199,2,2,0,0,0,0
11/20/2025,10:08:07,0,48,199,409,252,10,200,1,2,0,0,0,0
11/20/2025,10:08:12,0,46,214,409,252,17,199,4,3,0,0,0,0
11/20/2025,10:08:17,0,45,201,407,252,12,200,2,2,0,0,0,0
11/20/2025,10:08:22,0,47,206,411,251,13,200,4,3,0,0,0,0
11/20/2025,10:08:27,0,43,206,410,250,19,197,4,4,0,0,0,-0.0008
11/20/2025,10:08:32,0,46,203,408,251,14,198,3,2,0,0,0,0
11/20/2025,10:08:37,0,45,204,410,252,13,198,3,3,0,0,0,0
11/20/2025,10:08:42,0,46,219,410,252,11,199,3,3,0,0,0,0
11/20/2025,10:08:47,0,45,190,408,252,13,197,2,2,0,0,0,0
11/20/2025,10:08:52,0,43,205,407,252,14,198,2,2,0,0,0,0
11/20/2025,10:08:57,0,44,195,408,252,10,199,2,2,0,0,0,0
11/20/2025,10:09:02,0,43,192,408,252,12,199,1,2,0,0,0,0
11/20/2025,10:09:07,0,44,199,408,252,13,198,1,2,0,0,0,0
11/20/2025,10:09:12,0,46,197,409,252,16,198,3,3,0,0,0,0
11/20/2025,10:09:17,0,44,212,410,252,12,199,3,3,0,0,0,-0.0008
11/20/2025,10:09:22,0,45,194,407,252,7,199,2,2,0,0,0,0
11/20/2025,10:09:27,0,44,199,408,253,18,199,3,3,0,0,0,0
11/20/2025,10:09:32,0,43,191,406,252,15,199,3,3,0,0,0,0
11/20/2025,10:09:37,0,46,199,408,253,8,198,2,1,0,0,0,0
11/20/2025,10:09:42,0,46,197,407,252,13,199,2,2,0,0,0,0
11/20/2025,10:09:47,0,45,208,408,251,15,198,5,3,0,0,0,0
11/20/2025,10:09:52,0,46,219,407,252,13,198,4,3,0,0,0,0
11/20/2025,10:09:57,0,45,204,409,252,12,199,4,3,0,0,0,0
11/20/2025,10:10:02,0,48,201,409,253,10,198,2,2,0,0,0,0
11/20/2025,10:10:07,0,45,203,409,251,11,198,4,2,0,0,0,0
11/20/2025,10:10:12,0,45,211,408,252,12,199,4,3,0,0,0,0
11/20/2025,10:10:17,0,44,214,408,252,15,198,4,3,0,0,0,0
11/20/2025,10:10:22,0,45,202,408,252,12,199,2,2,0,0,0,0
11/20/2025,10:10:27,0,45,225,408,252,11,198,4,3,0,0,0,0
11/20/2025,10:10:32,0,47,194,407,253,10,198,2,2,0,0,0,0
11/20/2025,10:10:37,0,43,189,406,252,12,199,1,2,0,0,0,0
11/20/2025,10:10:42,0,44,214,408,252,16,199,4,3,0,0,0,0
11/20/2025,10:10:47,0,46,214,407,252,12,199,4,3,0,0,0,0
11/20/2025,10:10:52,0,46,200,408,252,7,199,2,2,0,0,0,0
11/20/2025,10:10:57,0,46,195,407,252,13,199,2,2,0,0,0,0
11/20/2025,10:11:02,0,46,203,407,252,13,197,2,2,0,0,0,0
11/20/2025,10:11:07,0,44,195,406,252,13,198,2,2,0,0,0,0
11/20/2025,10:11:12,0,46,191,406,252,15,198,3,3,0,0,0,0
11/20/2025,10:11:17,0,50,212,406,253,15,199,5,3,0,0,0,0
11/20/2025,10:11:22,0,46,222,407,252,13,198,4,2,0,0,0,0
11/20/2025,10:11:27,0,43,220,407,254,11,198,4,2,0,0,0,0
11/20/2025,10:11:32,0,45,210,406,252,12,199,3,3,0,0,0,0
11/20/2025,10:11:37,0,46,210,406,252,12,198,3,3,0,0,0,0
11/20/2025,10:11:42,0,46,204,406,251,14,199,4,3,0,0,0,0
11/20/2025,10:11:47,0,46,201,406,251,10,198,2,2,0,0,0,0
11/20/2025,10:11:52,0,45,196,405,252,10,198,2,2,0,0,0,0
11/20/2025,10:11:57,0,46,192,404,252,11,197,1,2,0,0,0,0
11/20/2025,10:12:02,0,40,205,404,252,13,199,2,2,0,0,0,0
11/20/2025,10:12:07,0,45,198,405,252,11,198,1,2,0,0,0,0
11/20/2025,10:12:12,0,45,195,404,253,13,199,1,1,0,0,0,0
11/20/2025,10:12:17,0,44,191,405,252,15,199,1,2,0,0,0,0
11/20/2025,10:12:22,0,44,207,406,252,15,199,3,3,0,0,0,0
11/20/2025,10:12:27,0,42,225,408,253,10,198,4,2,0,0,0,0
11/20/2025,10:12:32,0,46,198,406,252,7,198,2,1,0,0,0,0
11/20/2025,10:12:37,0,44,198,405,252,13,199,2,2,0,0,0,0
11/20/2025,10:12:42,0,48,204,406,253,14,198,3,2,0,0,0,0
11/20/2025,10:12:47,0,43,198,405,252,13,198,2,2,0,0,0,0
11/20/2025,10:12:52,0,43,189,406,253,13,198,2,3,0,0,0,0
11/20/2025,10:12:57,0,45,216,407,252,14,198,4,3,0,0,0,0
11/20/2025,10:13:02,0,42,221,408,253,12,198,3,3,0,0,0,0
11/20/2025,10:13:07,0,42,209,409,253,13,198,4,3,0,0,0,0
11/20/2025,10:13:12,0,43,200,410,253,8,199,2,2,0,0,0,0
11/20/2025,10:13:17,0,44,200,406,252,13,197,2,2,0,0,0,0
11/20/2025,10:13:22,0,43,202,407,252,13,199,2,2,0,0,0,0
11/20/2025,10:13:27,0,44,195,404,253,12,199,2,2,0,0,0,0
11/20/2025,10:13:32,0,42,199,408,253,18,199,3,3,0,0,0,0
11/20/2025,10:13:37,0,42,222,409,252,7,199,4,2,0,0,0,0
11/20/2025,10:13:42,0,42,203,409,253,13,198,3,3,0,0,0,0
11/20/2025,10:13:47,0,44,193,407,253,10,198,2,2,0,0,0,0
11/20/2025,10:13:52,0,42,196,407,252,13,198,2,2,0,0,0,0
11/20/2025,10:13:57,0,44,196,406,252,14,199,3,3,0,0,0,0
11/20/2025,10:14:02,0,42,214,409,253,12,198,3,3,0,0,0,0
11/20/2025,10:14:07,0,42,216,409,253,13,198,3,3,-0.0008,0,0,0
11/20/2025,10:14:12,0,41,202,408,253,8,199,2,2,0,0,0,0
11/20/2025,10:14:17,0,42,193,408,254,12,197,2,2,0,0,0,0
11/20/2025,10:14:22,0,43,195,407,252,12,198,2,2,0,0,0,0
11/20/2025,10:14:27,0,43,209,408,252,16,198,5,3,0,0,0,0
11/20/2025,10:14:32,0,45,224,410,253,11,199,4,3,0,0,0,0
11/20/2025,10:14:37,0,42,209,409,253,13,198,4,3,0,0,0,0
11/20/2025,10:14:42,0,42,198,408,253,10,199,2,2,0,0,0,0
11/20/2025,10:14:47,0,41,198,407,253,12,197,1,2,0,0,0,0
11/20/2025,10:14:52,0,43,207,409,252,16,196,3,3,0,0,0,0
11/20/2025,10:14:57,0,42,216,409,253,12,199,3,3,0,0,0,0
11/20/2025,10:15:02,0,42,199,409,253,8,198,2,1,0,0,0,0
11/20/2025,10:15:07,0,41,200,408,252,14,198,2,2,0,0,0,0
11/20/2025,10:15:12,0,40,207,407,253,18,199,4,3,0,0,0,0
11/20/2025,10:15:17,0,41,214,410,253,11,199,4,3,0,0,0,0
11/20/2025,10:15:22,0,39,198,409,253,9,197,2,1,0,0,0,0
11/20/2025,10:15:27,0,41,204,408,252,13,199,2,3,0,0,0,0
11/20/2025,10:15:32,0,40,191,408,253,11,199,1,2,0,0,0,0
11/20/2025,10:15:37,0,41,213,410,252,14,199,3,3,0,0,0,0
11/20/2025,10:15:42,0,43,207,410,253,11,199,4,3,0,0,0,0
11/20/2025,10:15:47,0,43,194,409,252,13,198,1,2,0,0,0,0
11/20/2025,10:15:52,0,43,192,409,254,13,198,1,1,0,0,0,0
11/20/2025,10:16:04,0,41,194,407,253,15,198,3,3,0,0,0,0
11/20/2025,10:16:08,0,43,210,410,253,16,198,5,3,0,0,0,0
11/20/2025,10:16:13,0,42,214,412,252,13,197,4,3,0,0,0,0
11/20/2025,10:16:18,0,41,197,409,253,9,198,2,2,0,0,0,0
11/20/2025,10:16:23,0,42,199,408,253,13,198,2,2,0,0,0,0
11/20/2025,10:16:28,0,45,206,410,253,17,198,4,3,0,0,0,0
11/20/2025,10:16:33,0,42,207,411,251,13,198,4,3,0,0,0,0
11/20/2025,10:16:38,0,41,199,407,253,14,199,3,2,0,0,0,0
11/20/2025,10:16:43,0,38,222,410,252,13,198,3,2,0,0,0,0
11/20/2025,10:16:48,0,42,200,409,253,9,199,2,2,0,0,0,0
11/20/2025,10:16:53,0,41,196,408,253,13,196,1,2,0,0,0,0
11/20/2025,10:16:58,0,41,215,411,253,12,198,3,3,0,0,0,0
11/20/2025,10:17:03,0,36,197,411,253,8,199,3,2,0,0,0,0
11/20/2025,10:17:08,0,41,200,409,253,14,198,2,2,0,0,0,0
11/20/2025,10:17:13,0,44,213,411,253,14,199,4,3,0,0,0,0
11/20/2025,10:17:18,0,40,202,409,252,13,196,3,3,0,0,0,0
11/20/2025,10:17:23,0,40,204,410,253,14,199,3,2,0,0,0,0
11/20/2025,10:17:28,0,43,199,411,252,18,198,4,2,0,0,0,0
11/20/2025,10:17:33,0,41,224,412,253,13,200,3,2,0,0,0,0
11/20/2025,10:17:38,0,41,204,413,252,11,198,3,2,0,0,0,0
11/20/2025,10:17:43,0,41,203,410,253,14,198,2,2,0,0,0,0
11/20/2025,10:17:48,0,46,221,413,253,13,198,5,2,0,0,0,0
11/20/2025,10:17:53,0,41,199,409,253,10,199,2,1,0,0,0,0
11/20/2025,10:17:58,0,40,193,409,253,13,198,2,2,0,0,0,0
11/20/2025,10:18:03,0,42,226,413,253,13,198,4,2,0,0,0,0
11/20/2025,10:18:08,0,44,199,413,253,9,198,1,2,0,0,0,0
11/20/2025,10:18:13,0,41,199,411,253,14,198,1,2,0,0,0,0
11/20/2025,10:18:18,0,42,195,411,253,13,198,1,2,0,0,0,0
11/20/2025,10:18:23,0,38,206,411,253,19,199,4,3,0,0,0,0
11/20/2025,10:18:28,0,35,226,414,252,11,198,2,3,0,0,0,0
11/20/2025,10:18:33,0,41,208,414,253,13,197,4,3,0,0,0,0
11/20/2025,10:18:38,0,42,198,410,253,10,198,1,2,0,0,0,0
11/20/2025,10:18:43,0,42,203,412,253,15,199,2,2,0,0,0,0
11/20/2025,10:18:48,0,40,190,412,252,15,198,3,2,0,0,0,0
11/20/2025,10:18:53,0,40,212,412,253,15,198,4,3,0,0,0,0
11/20/2025,10:18:58,0,41,218,414,253,13,199,3,3,0,0,0,0
11/20/2025,10:19:03,0,41,199,413,253,11,198,2,2,0,0,0,0
11/20/2025,10:19:08,0,40,202,410,253,14,198,2,2,0,0,0,0
11/20/2025,10:19:13,0,42,215,414,253,14,198,5,3,0,0,0,0
11/20/2025,10:19:18,0,39,199,413,253,10,198,3,2,0,0,0,0
11/20/2025,10:19:23,0,42,192,413,253,13,198,1,1,0,0,0,0
11/20/2025,10:19:28,0,42,224,416,251,12,197,2,2,0,0,0,0
11/20/2025,10:19:33,0,46,214,413,254,13,199,4,3,0,0,0,0
11/20/2025,10:19:38,0,41,203,410,253,14,199,2,2,0,0,0,0
11/20/2025,10:19:43,0,41,211,412,253,16,199,3,3,0,0,0,0
11/20/2025,10:19:48,0,44,198,415,254,9,198,2,2,0,0,0,0
11/20/2025,10:19:53,0,42,196,414,253,12,198,2,2,0,0,0,0
11/20/2025,10:19:58,0,41,212,415,253,17,199,4,3,0,0,0,0
11/20/2025,10:20:03,0,41,214,416,252,12,198,4,3,0,0,0,0
11/20/2025,10:20:08,0,42,197,415,253,9,198,2,2,0,0,0,0
11/20/2025,10:20:13,0,40,193,411,253,14,199,2,2,0,0,0,0
11/20/2025,10:20:18,0,39,220,417,253,11,199,3,3,0,0,0,0
11/20/2025,10:20:23,0,38,194,415,253,11,197,2,2,0,0,0,0
11/20/2025,10:20:28,0,42,199,415,253,14,198,4,3,0,0,0,0
11/20/2025,10:20:33,0,39,215,415,253,12,198,4,3,0,0,0,0
11/20/2025,10:20:38,0,42,194,415,254,6,197,1,2,0,0,0,0
11/20/2025,10:20:43,0,40,211,416,253,15,198,3,3,0,0,0,0
11/20/2025,10:20:48,0,36,197,413,253,10,198,2,2,0,0,0,0
11/20/2025,10:20:53,0,40,215,415,253,16,198,4,2,0,0,0,0
11/20/2025,10:20:58,0,40,204,414,251,14,197,2,2,0,0,0,0
11/20/2025,10:21:03,0,40,201,416,253,11,197,2,3,0,0,0,0
11/20/2025,10:21:08,0,40,212,414,253,16,198,4,3,0,0,0,0
11/20/2025,10:21:13,0,41,200,415,253,14,197,2,2,0,0,0,0
11/20/2025,10:21:18,0,41,200,416,253,12,198,4,3,0,0,0,0
11/20/2025,10:21:23,0,42,209,416,251,15,197,4,3,0,0,0,0
11/20/2025,10:21:28,0,41,196,415,253,18,198,2,3,0,0,0,0
11/20/2025,10:21:33,0,40,221,417,252,12,197,3,2,0,0,0,0
11/20/2025,10:21:38,0,40,195,414,252,15,197,3,2,0,0,0,0
11/20/2025,10:21:43,0,38,210,415,254,14,199,5,3,0,0,0,0
11/20/2025,10:21:48,0,39,203,415,253,10,198,3,3,0,0,0,0
11/20/2025,10:21:53,0,41,202,411,254,15,199,3,2,0,0,0,0
11/20/2025,10:21:58,0,41,213,415,253,15,197,3,3,0,0,0,0
11/20/2025,10:22:03,0,43,201,416,254,11,198,3,2,0,0,0,0
11/20/2025,10:22:08,0,40,191,413,254,12,198,2,2,0,0,0,0
11/20/2025,10:22:13,0,39,214,415,253,12,198,4,3,0,0,0,0
11/20/2025,10:22:18,0,40,203,410,253,14,199,2,2,0,0,0,0
11/20/2025,10:22:23,0,42,224,416,254,11,197,4,3,0,0,0,0
11/20/2025,10:22:28,0,39,196,412,253,11,198,3,2,0,0,0,0
11/20/2025,10:22:33,0,38,203,414,254,15,199,4,4,0,0,0,0
11/20/2025,10:22:38,0,40,206,415,253,13,197,4,3,0,0,0,0
11/20/2025,10:22:43,0,39,205,411,253,14,198,3,2,0,0,0,0
11/20/2025,10:22:48,0,41,214,415,253,14,198,4,2,0,0,0,0
11/20/2025,10:22:53,0,38,200,412,253,11,199,2,2,0,0,0,0
11/20/2025,10:22:58,0,38,200,411,254,14,199,3,2,0,0,0,0
11/20/2025,10:23:03,0,39,211,415,253,14,198,5,3,0,0,0,0
11/20/2025,10:23:08,0,39,224,413,253,12,197,3,3,0,0,0,0
11/20/2025,10:23:13,0,37,204,416,252,12,198,3,2,0,0,0,0
11/20/2025,10:23:18,0,39,195,413,253,12,197,2,2,0,0,0,0
11/20/2025,10:23:23,0,39,193,414,253,12,197,1,2,0,0,0,0
11/20/2025,10:23:28,0,39,203,414,253,17,198,3,3,0,0,0,0
11/20/2025,10:23:33,0,39,215,414,253,13,199,4,2,0,0,0,0
11/20/2025,10:23:38,0,40,219,416,253,11,198,3,3,0,0,0,0
11/20/2025,10:23:43,0,40,198,415,253,7,199,2,1,0,0,0,0
11/20/2025,10:23:48,0,42,204,414,253,13,199,2,2,0,0,0,0
11/20/2025,10:23:53,0,40,190,414,253,12,198,2,2,0,0,0,0
11/20/2025,10:23:58,0,39,206,413,253,16,196,4,3,0,0,0,0
11/20/2025,10:24:03,0,41,216,416,253,13,197,4,3,0,0,0,0
11/20/2025,10:24:08,0,40,227,417,253,11,198,3,2,0,0,0,0
11/20/2025,10:24:13,0,40,223,416,253,13,198,4,2,0,0,0,0
11/20/2025,10:24:18,0,40,212,418,253,12,199,4,3,0,0,0,0
11/20/2025,10:24:23,0,39,203,418,252,11,197,3,2,0,0,0,0
11/20/2025,10:24:28,0,38,200,415,254,9,198,1,2,0,0,0,0
11/20/2025,10:24:33,0,38,200,417,254,11,199,1,1,0,0,0,0
11/20/2025,10:24:38,0,41,194,414,254,11,199,1,1,0,0,0,0
11/20/2025,10:24:43,0,38,205,416,254,14,198,1,2,0,0,0,0
11/20/2025,10:24:48,0,40,200,415,253,13,197,1,2,0,0,0,0
11/20/2025,10:24:53,0,40,196,414,254,12,198,1,2,0,0,0,0
11/20/2025,10:24:58,0,40,190,415,253,12,197,1,2,0,0,0,-0.0008
11/20/2025,10:25:03,0,39,210,417,253,14,197,3,3,0,0,0,0
11/20/2025,10:25:08,0,39,222,418,253,10,198,4,2,0,0,0,0
11/20/2025,10:25:13,0,37,207,417,253,12,199,4,3,0,0,0,0
11/20/2025,10:25:18,0,38,199,416,254,8,199,2,2,0,0,0,0
11/20/2025,10:25:23,0,37,202,416,254,11,199,2,2,0,0,0,0
11/20/2025,10:25:28,0,38,193,416,252,12,198,2,2,0,0,0,0
11/20/2025,10:25:33,0,37,214,418,254,13,199,4,3,0,0,0,0
11/20/2025,10:25:38,0,39,210,418,253,12,197,4,3,0,0,0,0
11/20/2025,10:25:43,0,38,198,417,254,8,198,2,1,0,0,0,0
11/20/2025,10:25:48,0,40,202,416,254,11,198,2,2,0,0,0,0
11/20/2025,10:25:53,0,41,206,417,250,16,198,4,3,0,0,0,0
11/20/2025,10:25:58,0,39,224,418,254,12,199,4,2,0,0,0,0
11/20/2025,10:26:03,0,39,205,418,254,13,197,3,3,0,0,0,0
11/20/2025,10:26:34,0,38,213,417,254,15,198,3,3,0,0,0,0
11/20/2025,10:26:38,0,40,225,419,254,14,198,4,3,0,0,0,0
11/20/2025,10:26:43,0,40,200,417,254,9,198,1,2,0,0,0,0
11/20/2025,10:26:48,0,43,202,419,253,15,198,4,3,0,0,0,0
11/20/2025,10:26:53,0,40,199,419,253,7,199,1,2,0,0,0,0
11/20/2025,10:26:58,0,41,217,420,252,15,197,3,2,0,0,0,0
11/20/2025,10:27:03,0,38,203,419,254,8,198,1,2,0,0,0,0
11/20/2025,10:27:08,0,39,205,421,253,13,197,2,3,0,0,0,0
11/20/2025,10:27:13,0,44,204,420,254,14,197,3,3,0,0,0,0
11/20/2025,10:27:18,0,39,199,419,254,12,198,2,2,0,0,0,0
11/20/2025,10:27:23,0,38,216,421,254,16,197,4,3,0,0,0,0
11/20/2025,10:27:28,0,41,199,421,254,16,197,3,3,0,0,0,0
11/20/2025,10:27:33,0,39,203,420,254,10,198,1,1,0,0,0,0
11/20/2025,10:27:38,0,39,197,421,253,9,198,1,1,0,0,0,0
11/20/2025,10:27:43,0,38,218,421,254,18,199,4,3,0,0,0,0
11/20/2025,10:27:48,0,43,193,421,254,13,199,3,3,0,0,0,0
11/20/2025,10:27:53,0,40,199,423,252,9,199,2,2,0,0,0,0
11/20/2025,10:27:58,0,38,217,423,253,13,198,4,4,0,0,0,0
11/20/2025,10:28:03,0,39,201,421,254,8,197,1,1,0,0,0,0
11/20/2025,10:28:08,0,39,204,423,254,13,198,3,2,0,0,0,0
11/20/2025,10:28:13,0,40,207,422,254,15,197,3,3,-0.0008,0,0,-0.0008
11/20/2025,10:28:18,0,39,194,422,253,10,197,1,2,0,0,0,0
11/20/2025,10:28:23,0,40,217,423,254,17,198,4,3,0,0,0,0
11/20/2025,10:28:28,0,39,196,422,254,9,198,1,1,0,0,0,0
11/20/2025,10:28:33,0,37,208,424,254,15,197,2,3,0,0,0,0
11/20/2025,10:28:38,0,37,196,420,254,9,198,2,2,0,0,0,0
11/20/2025,10:28:43,0,40,213,423,254,14,198,4,3,0,0,0,0
11/20/2025,10:28:48,0,41,202,422,254,10,199,2,2,0,0,0,0
11/20/2025,10:28:53,0,38,218,424,254,15,197,5,4,0,0,0,0
11/20/2025,10:28:58,0,40,190,421,254,11,199,2,2,0,0,0,0
11/20/2025,10:29:03,0,38,199,423,254,9,198,2,2,0,0,0,0
11/20/2025,10:29:08,0,39,217,424,254,15,197,5,3,0,0,0,0
11/20/2025,10:29:13,0,37,200,423,254,10,197,1,2,0,0,0,0
11/20/2025,10:29:18,0,41,218,424,254,14,198,4,3,0,0,0,0
11/20/2025,10:29:23,0,38,198,422,254,10,198,1,2,0,0,0,0
11/20/2025,10:29:28,0,38,223,425,254,17,197,3,3,0,0,0,0
11/20/2025,10:29:33,0,36,206,420,254,9,198,1,1,0,0,0,0
11/20/2025,10:29:38,0,38,190,424,252,13,197,1,2,0,0,0,0
11/20/2025,10:29:43,0,38,193,423,254,9,199,1,1,0,0,0,0
11/20/2025,10:29:48,0,36,199,424,253,8,198,1,1,0,0,0,0
11/20/2025,10:29:53,0,38,225,423,254,15,198,4,3,0,0,0,0
11/20/2025,10:29:58,0,37,198,422,254,7,198,1,1,0,0,0,0
11/20/2025,10:30:03,0,37,213,424,254,17,196,4,4,0,0,0,0
11/20/2025,10:30:08,0,38,200,423,254,7,198,1,1,0,0,0,0
11/20/2025,10:30:13,0,37,228,424,254,15,199,4,3,0,0,0,0
11/20/2025,10:30:18,0,39,196,424,254,8,198,2,2,0,0,0,0
11/20/2025,10:30:23,0,38,198,423,253,14,197,3,3,0,0,0,0
11/20/2025,10:30:28,0,38,211,425,254,15,199,5,4,0,0,0,0
11/20/2025,10:30:33,0,39,194,423,254,10,199,1,1,0,0,0,0
11/20/2025,10:30:38,0,37,192,421,254,11,198,1,1,0,0,0,0
11/20/2025,10:30:43,0,38,216,425,256,14,197,4,2,0,0,0,0
11/20/2025,10:30:48,0,36,211,424,254,14,198,5,4,0,0,0,0
11/20/2025,10:30:53,0,38,195,419,254,10,199,2,2,0,0,0,0
11/20/2025,10:30:58,0,34,194,420,254,12,199,3,3,0,0,0,0
11/20/2025,10:31:03,0,38,221,425,255,16,197,4,3,0,0,0,0
11/20/2025,10:31:08,0,38,199,424,254,8,198,3,2,0,0,0,0
11/20/2025,10:31:13,0,36,199,423,253,8,198,0,1,0,0,0,0
11/20/2025,10:31:18,0,41,218,424,254,15,198,5,3,0,0,0,0
11/20/2025,10:31:23,0,38,203,425,255,14,198,4,3,0,0,0,0
11/20/2025,10:31:28,0,37,194,423,253,8,197,0,1,0,0,0,0
11/20/2025,10:31:33,0,38,194,422,254,9,198,1,1,0,0,0,0
11/20/2025,10:31:38,0,36,224,424,254,17,198,4,3,0,0,0,0
11/20/2025,10:31:43,0,36,201,424,254,9,198,2,2,0,0,0,-0.0008
11/20/2025,10:31:48,0,38,194,423,254,7,198,1,1,0,0,0,0
11/20/2025,10:31:53,0,37,214,423,254,18,199,4,3,0,0,0,0
11/20/2025,10:31:58,0,38,200,423,254,6,198,0,1,0,0,0,0
11/20/2025,10:32:03,0,36,214,425,254,17,196,5,4,0,0,0,0
11/20/2025,10:32:08,0,36,199,424,254,6,199,0,0,0,0,0,0
11/20/2025,10:32:13,0,37,217,425,254,16,198,5,4,0,0,0,0
11/20/2025,10:32:18,0,37,202,424,252,6,197,0,1,0,0,0,0
11/20/2025,10:32:23,0,37,228,425,254,17,199,6,4,0,0,0,0
11/20/2025,10:32:28,0,38,205,424,253,7,199,2,1,0,0,0,0
11/20/2025,10:32:33,0,38,220,426,254,17,198,5,3,0,0,0,0
11/20/2025,10:32:38,0,38,191,424,254,8,199,2,2,0,0,0,0
11/20/2025,10:32:43,0,38,196,425,253,8,198,1,1,0,0,0,0
11/20/2025,10:32:48,0,40,218,426,253,19,198,4,3,0,0,0,0
11/20/2025,10:32:53,0,39,196,425,254,15,199,4,2,0,0,0,0
11/20/2025,10:32:58,0,37,194,424,254,10,197,1,2,0,0,0,0
11/20/2025,10:33:03,0,38,205,426,254,15,199,4,3,0,0,0,0
11/20/2025,10:33:08,0,39,225,427,254,14,198,5,3,0,0,0,0
11/20/2025,10:33:13,0,35,209,427,253,15,198,5,3,0,0,0,0
11/20/2025,10:33:18,0,40,190,425,254,10,197,2,2,0,0,0,0
11/20/2025,10:33:23,0,38,197,423,254,7,198,1,1,0,0,0,0
11/20/2025,10:33:28,0,39,198,426,254,6,198,0,1,0,0,0,0
11/20/2025,10:33:33,0,38,189,426,252,10,193,2,2,0,0,0,0
11/20/2025,10:33:38,0,40,213,426,254,15,199,5,3,0,0,0,0
11/20/2025,10:33:43,0,38,218,428,254,17,198,5,4,0,0,0,0
11/20/2025,10:33:48,0,38,202,426,253,15,199,4,3,0,0,0,0
11/20/2025,10:33:53,0,38,199,427,253,7,197,1,2,0,0,0,0
11/20/2025,10:33:58,0,35,194,425,254,10,197,0,1,0,0,0,0
11/20/2025,10:34:03,0,38,198,426,253,8,197,1,1,0,0,0,0
11/20/2025,10:34:08,0,33,199,424,254,8,198,1,1,0,0,0,0
11/20/2025,10:34:13,0,36,196,425,254,7,198,1,1,0,0,0,0
11/20/2025,10:34:18,0,35,195,424,254,8,199,0,1,0,0,0,0
11/20/2025,10:34:23,0,35,194,424,254,8,198,1,2,0,0,0,0
11/20/2025,10:34:28,0,35,200,425,254,11,198,1,1,0,0,0,0
11/20/2025,10:34:33,0,40,198,423,254,8,199,1,1,0,0,0,0
11/20/2025,10:34:38,0,34,207,425,254,7,201,0,1,0,0,0,0
11/20/2025,10:34:43,0,36,198,425,254,6,199,1,0,0,0,0,0
11/20/2025,10:34:48,0,37,201,426,254,14,199,3,3,0,0,0,0
11/20/2025,10:34:53,0,39,222,427,254,14,198,5,4,0,0,0,0
11/20/2025,10:34:58,0,36,207,426,254,16,198,5,3,0,0,0,0
11/20/2025,10:35:03,0,36,195,425,254,8,200,1,1,0,0,0,0
11/20/2025,10:35:08,0,34,196,424,254,8,198,0,0,0,0,0,0
11/20/2025,10:35:13,0,34,207,424,254,14,199,4,3,0,0,0,0
11/20/2025,10:35:18,0,33,224,425,254,17,198,4,4,0,0,0,0
11/20/2025,10:35:23,0,37,207,423,254,17,198,5,4,0,0,0,0
11/20/2025,10:35:28,0,38,198,422,253,5,198,1,1,0,0,0,0
11/20/2025,10:35:33,0,38,200,422,254,14,198,2,3,0,0,0,0
11/20/2025,10:35:38,0,35,207,423,254,15,199,5,4,0,0,0,0
11/20/2025,10:35:43,0,36,197,419,254,6,198,0,0,0,0,0,0
11/20/2025,10:35:48,0,36,221,423,252,19,199,7,4,0,0,0,0
11/20/2025,10:35:53,0,35,204,420,254,4,198,0,0,0,0,0,0
11/20/2025,10:35:58,0,36,203,421,255,11,198,4,3,0,0,0,0
11/20/2025,10:36:03,0,34,228,422,254,18,199,6,4,0,0,0,0
11/20/2025,10:36:08,0,38,202,420,254,11,198,3,3,0,0,0,0
11/20/2025,10:36:13,0,37,201,419,254,4,198,0,0,0,0,0,0
11/20/2025,10:37:03,0,35,230,422,254,16,199,5,3,0,0,0,0
11/20/2025,10:37:07,0,36,204,420,254,6,198,1,1,0,0,0,0
11/20/2025,10:37:12,0,32,210,420,254,16,199,4,3,0,0,-0.0008,0
11/20/2025,10:37:17,0,36,205,421,254,14,199,5,4,0,0,0,0
11/20/2025,10:37:22,0,35,206,422,254,6,198,1,1,0,0,0,0
11/20/2025,10:37:27,0,35,199,420,252,14,197,3,3,0,0,0,0
11/20/2025,10:37:32,0,37,213,423,255,20,200,6,4,0,0,0,0
11/20/2025,10:37:37,0,38,201,423,253,5,199,1,1,0,0,0,0
11/20/2025,10:37:42,0,36,204,422,254,15,199,3,3,0,0,0,0
11/20/2025,10:37:47,0,37,214,424,254,19,198,6,5,0,0,0,0
11/20/2025,10:37:52,0,35,194,423,255,7,198,2,1,0,0,0,0
11/20/2025,10:37:57,0,34,193,424,254,6,197,1,1,0,0,0,0
11/20/2025,10:38:02,0,35,214,425,254,15,198,4,3,0,0,0,0
11/20/2025,10:38:07,0,36,210,425,254,19,199,5,4,0,0,0,0
11/20/2025,10:38:12,0,34,199,424,254,5,199,1,1,0,0,0,0
11/20/2025,10:38:17,0,35,199,424,254,17,198,3,2,0,0,0,0
11/20/2025,10:38:22,0,35,211,423,254,19,200,5,4,0,0,0,0
11/20/2025,10:38:27,0,35,206,424,254,2,198,0,0,0,0,0,0
11/20/2025,10:38:32,0,34,222,426,255,17,197,5,2,0,0,0,0
11/20/2025,10:38:37,0,35,194,423,255,7,199,1,1,0,0,0,0
11/20/2025,10:38:42,0,42,216,425,254,15,199,3,4,0,0,0,0
11/20/2025,10:38:47,0,37,194,424,256,5,199,1,0,0,0,0,0
11/20/2025,10:38:52,0,34,205,423,254,15,199,4,3,0,0,0,0
11/20/2025,10:38:57,0,34,218,424,255,19,199,6,4,0,0,0,0
11/20/2025,10:39:02,0,34,203,426,254,14,199,4,3,0,0,0,0
11/20/2025,10:39:07,0,36,198,425,254,9,199,2,2,0,0,0,0
11/20/2025,10:39:12,0,33,198,424,254,6,199,2,1,0,0,0,0
11/20/2025,10:39:17,0,34,200,424,255,4,199,0,1,0,0,0,0
11/20/2025,10:39:22,0,36,201,426,253,16,198,3,4,0,0,0,0
11/20/2025,10:39:27,0,34,212,425,255,17,199,6,4,0,0,0,0
11/20/2025,10:39:32,0,33,194,422,255,7,198,0,1,0,0,0,0
11/20/2025,10:39:37,0,34,199,426,255,8,198,2,2,0,0,0,0
11/20/2025,10:39:42,0,33,224,426,254,19,198,5,4,0,0,0,0
11/20/2025,10:39:47,0,37,202,427,254,6,198,1,1,0,0,0,0
11/20/2025,10:39:52,0,34,210,426,254,19,197,4,4,0,0,0,0
11/20/2025,10:39:57,0,34,196,426,254,4,197,0,1,0,0,0,0
11/20/2025,10:40:02,0,34,216,426,255,19,199,6,5,0,0,0,0
11/20/2025,10:40:07,0,34,202,426,255,4,198,1,0,0,0,0,0
11/20/2025,10:40:12,0,33,223,427,255,19,198,5,4,0,0,0,0
11/20/2025,10:40:17,0,35,206,423,255,6,199,1,0,0,0,0,0
11/20/2025,10:40:22,0,40,227,428,255,17,199,5,4,0,0,0,0
11/20/2025,10:40:27,0,35,202,426,254,9,199,1,1,0,0,0,0
11/20/2025,10:40:32,0,35,216,425,255,17,198,5,3,0,0,0,0
11/20/2025,10:40:37,0,35,197,426,255,7,198,1,1,0,0,0,0
11/20/2025,10:40:42,0,34,219,428,255,15,199,4,3,0,0,0,0
11/20/2025,10:40:47,0,37,200,427,254,9,200,2,2,0,0,0,0
11/20/2025,10:40:52,0,35,197,425,255,4,199,0,0,0,0,0,0
11/20/2025,10:40:57,0,36,211,427,255,15,198,5,4,0,0,0,0
11/20/2025,10:41:02,0,35,210,429,254,18,199,5,4,0,0,0,0
11/20/2025,10:41:07,0,32,196,427,256,6,198,1,1,0,0,0,0
11/20/2025,10:41:12,0,38,198,425,255,15,199,3,3,0,0,0,0
11/20/2025,10:41:17,0,35,208,428,254,17,199,5,4,0,0,0,0
11/20/2025,10:41:22,0,36,203,427,255,3,198,0,1,0,0,0,-0.0008
11/20/2025,10:41:27,0,37,226,428,255,19,200,6,4,0,0,0,0
11/20/2025,10:41:32,0,35,205,427,254,3,199,0,0,0,0,0,0
11/20/2025,10:41:37,0,35,206,426,255,17,200,5,4,0,0,0,0
11/20/2025,10:41:42,0,36,218,425,255,16,200,5,3,0,0,0,0
11/20/2025,10:41:47,0,33,202,427,255,13,198,3,3,0,0,0,0
11/20/2025,10:41:52,0,36,191,426,255,8,200,2,2,0,0,0,-0.0008
11/20/2025,10:41:57,0,35,191,425,254,8,199,1,1,0,0,0,0
11/20/2025,10:42:02,0,35,191,426,253,9,199,2,1,0,0,0,-0.0008
11/20/2025,10:42:07,0,37,200,426,255,11,199,4,2,0,0,0,0
11/20/2025,10:42:12,0,33,207,423,255,15,200,5,3,0,0,0,0
11/20/2025,10:42:17,0,34,211,423,254,14,200,4,3,0,0,0,0
11/20/2025,10:42:22,0,37,209,424,255,15,199,4,3,0,0,0,0
11/20/2025,10:42:27,0,34,215,426,254,10,199,5,3,0,0,0,0
11/20/2025,10:42:32,0,34,222,426,255,16,198,6,3,0,0,0,0
11/20/2025,10:42:37,0,29,227,424,255,18,198,6,4,0,0,0,0
11/20/2025,10:42:42,0,32,222,426,253,19,199,6,4,0,0,0,0
11/20/2025,10:42:47,0,33,219,425,255,19,198,6,4,0,0,0,0
11/20/2025,10:42:52,0,35,226,426,254,19,198,6,4,0,0,0,0
11/20/2025,10:42:57,0,36,221,427,254,19,200,5,4,0,0,0,0
11/20/2025,10:43:02,0,36,218,426,254,19,199,6,4,0,0,0,0
11/20/2025,10:43:07,0,37,210,427,254,18,199,6,4,0,0,0,0
11/20/2025,10:43:12,0,37,202,427,255,13,200,3,3,0,0,0,0
11/20/2025,10:43:17,0,37,200,426,253,8,198,2,2,0,0,0,0
11/20/2025,10:43:22,0,36,195,426,255,8,199,0,2,0,0,0,0
11/20/2025,10:43:27,0,36,202,426,254,5,198,1,1,0,0,0,0
11/20/2025,10:43:32,0,34,202,427,254,6,198,0,0,0,0,0,0
11/20/2025,10:43:37,0,34,194,427,255,6,198,0,1,0,0,0,0
11/20/2025,10:43:42,0,36,200,428,255,9,199,2,2,0,0,0,0
11/20/2025,10:43:47,0,35,213,429,254,19,198,6,5,0,0,0,0
11/20/2025,10:43:52,0,35,221,429,255,15,199,5,3,0,0,0,0
11/20/2025,10:43:57,0,32,208,428,255,14,198,3,4,0,0,0,0
11/20/2025,10:44:02,0,31,192,427,255,10,198,2,3,0,0,0,0
11/20/2025,10:44:07,0,33,201,429,255,5,199,0,1,0,0,0,0
11/20/2025,10:44:12,0,35,195,425,255,8,199,1,1,0,0,0,0
11/20/2025,10:44:17,0,33,201,428,254,10,199,1,2,0,0,0,0
11/20/2025,10:44:22,0,33,210,427,255,19,200,4,4,0,0,0,0
11/20/2025,10:44:27,0,34,221,428,254,14,198,5,5,0,0,0,0
11/20/2025,10:44:32,0,34,196,428,255,13,198,4,3,0,0,0,0
11/20/2025,10:44:37,0,32,202,428,254,4,199,0,0,0,0,0,0
11/20/2025,10:44:42,0,33,199,429,254,9,198,2,2,0,0,0,0
11/20/2025,10:44:47,0,33,222,429,255,21,199,6,4,0,0,0,0
11/20/2025,10:44:52,0,33,210,428,255,15,199,4,3,0,0,0,0
11/20/2025,10:44:57,0,33,193,429,255,13,199,1,3,0,0,0,0
11/20/2025,10:45:02,0,33,197,429,254,5,199,0,0,0,0,0,0
11/20/2025,10:45:07,0,32,198,429,255,8,200,1,1,0,0,0,0
11/20/2025,10:45:12,0,31,215,431,255,20,198,5,4,0,0,0,0
11/20/2025,10:45:17,0,34,209,430,255,16,198,5,3,0,0,0,0
11/20/2025,10:45:22,0,34,196,427,255,4,199,0,1,0,0,0,0
11/20/2025,10:45:27,0,32,200,430,254,9,198,2,2,0,0,0,0
11/20/2025,10:45:32,0,34,224,430,255,19,197,5,4,0,0,0,0
11/20/2025,10:45:37,0,34,198,429,255,5,198,1,1,0,0,0,0
11/20/2025,10:45:42,0,33,209,430,255,18,199,4,3,0,0,0,0
11/20/2025,10:45:47,0,38,196,430,255,13,199,3,3,0,0,0,0
11/20/2025,10:45:52,0,37,193,429,255,7,198,1,1,0,0,0,0
11/20/2025,10:45:57,0,35,216,431,254,19,198,5,4,0,0,0,0
11/20/2025,10:46:02,0,36,192,429,254,9,199,2,2,0,0,0,0
11/20/2025,10:46:07,0,41,200,430,255,9,200,2,2,0,0,0,0
11/20/2025,10:46:12,0,36,215,430,255,14,199,7,3,0,0,0,0
11/20/2025,10:46:17,0,35,206,429,254,5,199,0,0,0,0,0,0
11/20/2025,10:46:53,0,35,192,429,255,8,198,3,2,0,0,0,0
11/20/2025,10:46:57,0,35,205,429,255,4,198,1,0,0,0,0,0
11/20/2025,10:47:02,0,34,211,430,255,17,199,4,3,0,0,0,0
11/20/2025,10:47:07,0,35,189,428,255,9,199,2,2,0,0,0,0
11/20/2025,10:47:12,0,33,201,430,253,8,199,1,1,0,0,0,0
11/20/2025,10:47:17,0,35,212,429,255,14,198,4,4,0,0,0,0
11/20/2025,10:47:22,0,34,192,429,255,6,200,0,1,0,0,0,0
11/20/2025,10:47:27,0,36,217,432,254,13,198,6,3,0,0,0,0
11/20/2025,10:47:32,0,37,197,430,255,11,200,1,1,0,0,0,0
11/20/2025,10:47:37,0,36,227,428,255,18,197,4,3,0,0,0,0
11/20/2025,10:47:42,0,37,205,430,255,6,199,1,1,0,0,0,0
11/20/2025,10:47:47,0,32,218,432,255,15,199,4,3,0,0,0,0
11/20/2025,10:47:52,0,35,197,430,253,9,199,1,2,0,0,0,0
11/20/2025,10:47:57,0,34,207,431,255,15,198,4,3,0,0,0,0
11/20/2025,10:48:02,0,36,201,431,254,9,198,2,2,0,0,0,0
11/20/2025,10:48:07,0,32,203,431,255,13,199,3,3,0,0,0,0
11/20/2025,10:48:12,0,33,197,430,255,8,198,2,1,0,0,0,0
11/20/2025,10:48:17,0,37,216,431,255,14,199,4,3,0,0,0,0
11/20/2025,10:48:22,0,35,204,430,255,5,200,0,0,0,0,0,0
11/20/2025,10:48:27,0,35,217,432,254,19,198,6,4,0,0,0,0
11/20/2025,10:48:32,0,35,197,429,255,6,199,0,1,0,0,0,0
11/20/2025,10:48:37,0,34,205,431,255,15,200,4,3,0,0,0,0
11/20/2025,10:48:42,0,36,198,432,255,11,198,2,4,0,0,0,0
11/20/2025,10:48:47,0,32,198,431,255,7,198,2,2,0,0,0,0
11/20/2025,10:48:52,0,35,210,432,254,18,199,3,3,0,0,0,0
11/20/2025,10:48:57,0,33,196,432,255,7,198,1,1,0,0,0,0
11/20/2025,10:49:02,0,34,212,433,255,17,199,4,3,0,0,0,0
11/20/2025,10:49:07,0,33,199,432,255,9,199,2,2,0,0,0,0
11/20/2025,10:49:12,0,34,195,433,257,13,198,4,2,0,0,0,0
11/20/2025,10:49:17,0,33,203,433,253,10,199,2,3,0,0,0,0
11/20/2025,10:49:22,0,32,196,433,253,14,198,3,2,0,0,0,0
11/20/2025,10:49:27,0,29,201,432,255,8,198,2,2,0,0,0,0
11/20/2025,10:49:32,0,31,215,434,254,14,198,5,3,0,0,0,0
11/20/2025,10:49:37,0,30,201,431,255,8,198,1,0,0,0,0,0
11/20/2025,10:49:42,0,33,224,435,255,19,198,5,4,0,0,0,0
11/20/2025,10:49:47,0,31,207,435,254,13,198,4,3,0,0,0,0
11/20/2025,10:49:52,0,32,222,435,254,20,199,6,4,0,0,0,0
11/20/2025,10:49:57,0,30,203,434,255,6,199,1,1,0,0,0,0
11/20/2025,10:50:02,0,31,215,435,255,16,199,6,3,0,0,0,0
11/20/2025,10:50:07,0,29,199,434,255,6,200,0,1,0,0,0,0
11/20/2025,10:50:12,0,31,206,436,253,14,199,4,3,0,0,0,0
11/20/2025,10:50:17,0,32,200,434,255,8,198,1,2,0,0,0,0
11/20/2025,10:50:22,0,32,200,434,254,14,199,4,2,0,0,0,0
11/20/2025,10:50:27,0,34,198,435,255,8,199,2,1,0,0,0,0
11/20/2025,10:50:32,0,34,195,435,255,13,200,4,3,0,0,0,0
11/20/2025,10:50:37,0,32,201,435,255,13,199,4,2,0,0,0,0
11/20/2025,10:50:42,0,33,198,433,255,5,199,0,0,0,0,0,0
11/20/2025,10:50:47,0,28,220,435,255,14,199,4,3,0,0,0,0
11/20/2025,10:50:52,0,33,203,434,255,13,199,4,3,0,0,0,0
11/20/2025,10:50:57,0,35,194,433,255,8,199,1,1,0,0,0,0
11/20/2025,10:51:02,0,34,197,432,255,7,199,0,1,0,0,0,0
11/20/2025,10:51:07,0,35,209,435,254,15,199,4,3,0,0,0,0
11/20/2025,10:51:12,0,34,217,435,255,19,198,6,4,0,0,0,0
11/20/2025,10:51:17,0,34,200,434,255,7,197,1,2,0,0,0,0
11/20/2025,10:51:22,0,33,196,432,255,9,199,0,1,0,0,0,0
11/20/2025,10:51:27,0,34,225,435,257,13,199,5,3,0,0,0,0
11/20/2025,10:51:32,0,35,200,433,255,9,199,2,2,0,0,0,0
11/20/2025,10:51:37,0,33,194,430,255,7,199,1,1,0,0,0,0
11/20/2025,10:51:42,0,35,217,435,255,19,199,5,4,0,0,0,0
11/20/2025,10:51:47,0,34,199,431,255,6,200,0,1,0,0,0,0
11/20/2025,10:51:52,0,35,207,434,255,15,200,4,3,0,0,0,0
11/20/2025,10:51:57,0,33,201,435,255,9,199,3,2,0,0,0,0
11/20/2025,10:52:02,0,32,193,434,255,13,199,2,3,0,0,0,0
11/20/2025,10:52:07,0,33,199,435,256,7,198,1,1,0,0,0,0
11/20/2025,10:52:12,0,32,227,435,255,17,199,5,3,0,0,0,0
11/20/2025,10:52:17,0,33,200,432,255,6,198,0,0,0,0,0,0
11/20/2025,10:52:22,0,32,204,436,253,9,198,4,2,0,0,0,0
11/20/2025,10:52:27,0,32,204,436,254,15,199,4,1,0,0,0,0
11/20/2025,10:52:32,0,34,198,431,255,8,199,1,1,0,0,0,0
11/20/2025,10:52:37,0,32,223,435,256,19,198,5,3,0,0,0,0
11/20/2025,10:52:42,0,34,191,433,255,9,199,1,1,0,0,0,0
11/20/2025,10:52:47,0,33,197,433,255,5,199,0,1,0,0,0,0
11/20/2025,10:52:52,0,33,213,434,255,19,199,6,4,0,0,0,0
11/20/2025,10:52:57,0,32,209,433,255,15,198,5,3,0,0,0,0
11/20/2025,10:53:02,0,31,201,432,255,6,200,0,1,0,0,0,0
11/20/2025,10:53:07,0,30,200,434,254,8,200,2,2,0,0,0,0
11/20/2025,10:53:12,0,31,220,434,255,19,199,6,4,0,0,0,0
11/20/2025,10:53:17,0,30,209,433,255,14,199,4,3,0,0,0,0
11/20/2025,10:53:22,0,30,193,431,255,8,199,1,1,0,0,0,0
11/20/2025,10:53:27,0,30,203,432,255,6,198,0,0,0,0,0,0
11/20/2025,10:53:32,0,29,197,433,255,8,198,2,1,0,0,0,0
11/20/2025,10:53:37,0,32,202,434,255,10,196,2,2,0,0,0,0
11/20/2025,10:53:42,0,29,207,433,255,16,199,4,4,0,0,0,0
11/20/2025,10:53:47,0,30,210,433,255,19,199,6,4,0,0,0,0
11/20/2025,10:53:52,0,30,214,432,255,19,200,5,4,0,0,0,0
11/20/2025,10:53:57,0,31,208,434,255,17,200,4,4,0,0,0,0
11/20/2025,10:54:02,0,31,203,432,255,15,199,5,3,0,0,0,0
11/20/2025,10:54:07,0,32,207,431,256,16,200,4,3,0,0,0,0
11/20/2025,10:54:12,0,30,209,434,255,17,199,5,4,0,0,0,0
11/20/2025,10:54:17,0,32,206,433,255,16,198,5,3,0,0,0,0
11/20/2025,10:54:22,0,31,204,433,254,15,199,4,4,0,0,0,0
11/20/2025,10:54:27,0,32,205,432,254,15,199,5,3,0,0,0,0
11/20/2025,10:54:32,0,33,206,432,255,17,199,5,4,0,0,0,0
11/20/2025,10:54:37,0,31,224,432,255,18,199,5,4,0,0,0,0
11/20/2025,10:54:42,0,32,208,432,253,14,199,4,3,0,0,0,0
11/20/2025,10:54:47,0,30,201,430,255,4,198,1,0,0,0,0,0
11/20/2025,10:54:52,0,35,198,431,255,10,199,1,1,0,0,0,0
11/20/2025,10:54:57,0,32,220,430,255,19,198,4,4,0,0,0,0
11/20/2025,10:55:02,0,33,193,431,255,13,199,3,2,0,0,0,0
11/20/2025,10:55:07,0,33,200,430,255,8,200,1,1,0,0,0,0
11/20/2025,10:55:12,0,33,217,432,255,17,199,4,3,0,0,0,0
11/20/2025,10:55:17,0,32,206,428,255,6,198,0,1,0,0,0,0
11/20/2025,10:55:22,0,32,225,433,253,18,199,6,3,0,0,0,0
11/20/2025,10:55:27,0,32,205,431,255,6,199,0,0,0,0,0,0
11/20/2025,10:55:32,0,33,216,433,253,19,198,6,4,0,0,0,0
11/20/2025,10:55:37,0,32,193,431,255,11,199,2,3,0,0,0,0
11/20/2025,10:55:42,0,31,197,429,256,9,199,0,1,0,0,0,0
11/20/2025,10:55:47,0,32,220,431,255,19,199,6,4,0,0,0,0
11/20/2025,10:55:52,0,32,202,431,254,17,198,6,3,0,0,0,0
11/20/2025,10:55:57,0,35,202,429,255,8,199,2,1,0,0,0,0
11/20/2025,10:56:02,0,32,217,433,257,19,198,5,3,0,0,0,0
11/20/2025,10:56:07,0,32,193,430,255,9,200,1,2,0,0,0,0
11/20/2025,10:56:12,0,34,201,428,255,10,199,1,1,0,0,0,0
11/20/2025,10:56:17,0,33,217,432,255,19,199,4,2,0,0,0,0
11/20/2025,10:56:22,0,33,198,430,255,5,198,1,0,0,0,0,0
11/20/2025,10:56:27,0,34,199,431,256,9,197,0,1,0,0,0,0
11/20/2025,10:57:32,0,32,211,429,254,19,198,6,3,0,0,0,0
11/20/2025,10:57:36,0,31,211,430,255,18,199,5,4,0,0,0,0
11/20/2025,10:57:41,0,30,200,430,256,12,199,3,3,0,0,0,0
11/20/2025,10:57:46,0,29,200,430,255,9,198,3,2,0,0,0,0
11/20/2025,10:57:51,0,30,201,430,255,9,199,2,2,0,0,0,0
11/20/2025,10:57:56,0,31,200,430,255,9,198,2,2,0,0,0,0
11/20/2025,10:58:01,0,29,198,430,255,10,198,1,1,0,0,0,0
11/20/2025,10:58:06,0,31,197,430,254,8,198,1,1,0,0,0,0
11/20/2025,10:58:11,0,30,198,430,255,8,198,1,1,0,0,0,0
11/20/2025,10:58:16,0,29,197,429,255,9,200,0,1,0,0,0,0
11/20/2025,10:58:21,0,34,199,430,255,6,199,0,1,0,0,0,0
11/20/2025,10:58:26,0,32,205,429,255,7,199,1,1,0,0,0,0
11/20/2025,10:58:31,0,30,201,430,255,7,200,0,0,0,0,0,0
11/20/2025,10:58:36,0,30,192,429,255,10,198,2,2,0,0,0,0
11/20/2025,10:58:41,0,32,205,431,256,13,199,4,3,0,0,0,0
11/20/2025,10:58:46,0,33,217,431,255,15,199,5,4,0,0,0,0
11/20/2025,10:58:51,0,32,222,432,255,19,199,5,4,0,0,0,0
11/20/2025,10:58:56,0,32,212,431,255,19,200,5,4,0,0,0,0
11/20/2025,10:59:01,0,31,202,431,256,11,200,3,2,0,0,0,0
11/20/2025,10:59:06,0,31,199,429,255,10,200,2,2,0,0,0,0
11/20/2025,10:59:11,0,31,195,427,255,8,199,1,2,0,0,0,0
11/20/2025,10:59:16,0,33,208,429,256,7,198,0,1,0,0,0,0
11/20/2025,10:59:21,0,31,205,428,255,4,197,0,1,0,0,0,0
11/20/2025,10:59:26,0,26,206,429,256,8,198,1,1,0,0,0,0
11/20/2025,10:59:31,0,32,203,429,254,8,199,0,1,0,0,0,0
11/20/2025,10:59:36,0,30,195,429,257,6,198,2,1,0,0,0,0
11/20/2025,10:59:41,0,30,199,429,255,10,199,2,2,0,0,0,0
11/20/2025,10:59:46,0,31,211,430,256,17,198,5,4,0,0,0,0
11/20/2025,10:59:51,0,24,222,431,255,16,199,5,3,0,0,0,0
11/20/2025,10:59:56,0,29,202,427,256,14,197,4,3,0,0,0,0
11/20/2025,11:00:01,0,29,201,430,256,5,198,1,0,0,0,0,0
11/20/2025,11:00:06,0,29,197,429,256,8,198,0,1,0,0,0,0
11/20/2025,11:00:11,0,29,204,431,255,14,199,2,3,0,0,0,0
11/20/2025,11:00:16,0,29,210,431,254,17,197,5,4,0,0,0,0
11/20/2025,11:00:21,0,29,221,432,256,17,199,5,4,0,0,0,0
11/20/2025,11:00:26,0,30,219,430,255,14,199,7,3,0,0,0,0
11/20/2025,11:00:31,0,28,203,432,256,14,198,4,3,0,0,0,0
11/20/2025,11:00:36,0,29,190,427,255,11,199,3,2,0,0,0,0
11/20/2025,11:00:41,0,30,195,430,256,7,199,1,1,0,0,0,0
11/20/2025,11:00:46,0,25,206,429,255,8,198,0,1,0,0,0,0
11/20/2025,11:00:51,0,27,199,430,255,9,199,2,2,0,0,0,0
11/20/2025,11:00:56,0,29,203,431,255,12,198,4,2,0,0,0,0
11/20/2025,11:01:01,0,30,214,430,255,18,198,6,4,0,0,0,0
11/20/2025,11:01:06,0,27,221,432,254,15,197,4,3,0,0,0,0
11/20/2025,11:01:11,0,31,201,431,255,14,198,4,3,0,0,0,0
11/20/2025,11:01:16,0,31,201,430,256,6,199,1,1,0,0,0,0
11/20/2025,11:01:21,0,31,194,428,256,9,199,1,1,0,0,0,0
11/20/2025,11:01:26,0,31,203,432,255,10,199,1,2,0,0,0,0
11/20/2025,11:01:31,0,30,223,432,255,19,198,5,3,0,0,0,0
11/20/2025,11:01:36,0,28,205,431,255,14,197,3,2,0,0,0,0
11/20/2025,11:01:41,0,31,194,431,256,8,198,1,1,0,0,0,0
11/20/2025,11:01:46,0,31,195,429,256,9,199,0,1,0,0,0,0
11/20/2025,11:01:51,0,31,194,431,255,7,198,1,1,0,0,0,0
11/20/2025,11:01:56,0,31,191,431,256,9,198,1,1,0,0,0,0
11/20/2025,11:02:01,0,29,193,429,256,10,199,0,1,0,0,0,0
11/20/2025,11:02:06,0,29,195,430,255,6,198,1,1,0,0,0,0
11/20/2025,11:02:11,0,31,192,430,255,10,198,1,1,0,0,0,0
11/20/2025,11:02:16,0,30,204,430,256,16,200,3,1,0,0,0,0
11/20/2025,11:02:21,0,28,213,431,255,14,199,4,3,0,0,0,0
11/20/2025,11:02:26,0,30,227,432,254,16,198,6,4,0,0,0,0
11/20/2025,11:02:31,0,30,204,432,255,13,199,3,2,0,0,0,0
11/20/2025,11:02:36,0,29,202,430,256,7,198,1,1,0,0,0,0
11/20/2025,11:02:41,0,27,195,430,255,14,197,2,2,0,0,0,0
11/20/2025,11:02:46,0,29,227,431,256,18,198,6,4,0,0,0,0
11/20/2025,11:02:51,0,27,200,430,256,9,199,1,2,0,0,0,0
11/20/2025,11:02:56,0,29,197,430,255,7,198,0,0,0,0,0,0
11/20/2025,11:03:01,0,29,223,431,255,17,197,4,3,0,0,0,0
11/20/2025,11:03:06,0,28,201,432,256,8,198,2,2,0,0,0,0
11/20/2025,11:03:11,0,28,202,430,256,5,198,1,0,0,0,0,0
11/20/2025,11:03:16,0,29,216,432,255,16,199,4,3,0,0,0,0
11/20/2025,11:03:21,0,29,203,431,256,10,200,1,2,0,0,0,0
11/20/2025,11:03:26,0,29,208,430,254,6,197,0,0,0,0,0,0
11/20/2025,11:03:31,0,27,191,430,255,10,199,1,2,0,0,0,0
11/20/2025,11:03:36,0,33,213,431,255,16,198,4,3,0,0,0,0
11/20/2025,11:03:41,0,30,221,432,255,19,199,6,4,0,0,0,0
11/20/2025,11:03:46,0,29,206,431,256,16,197,3,3,0,0,0,0
11/20/2025,11:03:51,0,33,203,432,256,9,198,3,2,0,0,0,0
11/20/2025,11:03:56,0,25,200,429,256,8,199,2,2,0,0,0,0
11/20/2025,11:04:01,0,31,198,429,255,11,200,1,1,0,0,0,0
11/20/2025,11:04:06,0,29,207,431,254,7,198,0,0,0,0,0,0
11/20/2025,11:04:11,0,29,207,430,256,5,198,1,1,0,0,0,0
11/20/2025,11:04:16,0,28,202,431,256,7,198,0,1,0,0,0,0
11/20/2025,11:04:21,0,29,199,427,255,6,199,1,1,0,0,0,0
11/20/2025,11:04:26,0,29,193,430,255,11,199,2,2,0,0,0,0
11/20/2025,11:04:31,0,29,217,431,255,17,198,4,3,0,0,0,0
11/20/2025,11:04:36,0,30,211,431,256,17,199,5,4,0,0,0,0
11/20/2025,11:04:41,0,31,199,426,255,8,198,2,1,0,0,0,0
11/20/2025,11:04:46,0,31,207,429,256,6,199,1,1,0,0,0,0
11/20/2025,11:04:51,0,29,194,429,256,7,199,0,0,0,0,0,0
11/20/2025,11:04:56,0,30,196,430,256,11,199,3,2,0,0,0,0
11/20/2025,11:05:01,0,29,205,431,256,16,198,4,3,0,0,0,0
11/20/2025,11:05:06,0,30,201,431,255,15,199,3,3,0,0,0,0
11/20/2025,11:05:11,0,29,195,430,256,7,198,1,1,0,0,0,0
11/20/2025,11:05:16,0,27,202,430,256,7,198,0,0,0,0,0,0
11/20/2025,11:05:21,0,29,207,429,256,7,199,1,1,0,0,0,0
11/20/2025,11:05:26,0,29,208,429,256,8,199,0,1,0,0,0,0
11/20/2025,11:05:31,0,27,205,430,256,5,199,0,0,0,0,0,0
11/20/2025,11:05:36,0,29,203,429,256,7,199,0,0,0,0,0,0
11/20/2025,11:05:41,0,23,205,427,256,8,199,1,1,0,0,0,0
11/20/2025,11:05:46,0,29,199,428,256,9,199,0,1,0,0,0,0
11/20/2025,11:05:51,0,30,206,429,256,16,200,4,3,0,0,0,0
11/20/2025,11:05:56,0,29,220,431,255,19,198,6,4,0,0,0,0
11/20/2025,11:06:01,0,32,219,431,255,17,199,4,3,0,0,0,0
11/20/2025,11:06:06,0,25,211,432,255,13,198,5,3,0,0,0,-0.0008
11/20/2025,11:06:11,0,27,206,431,256,15,197,4,3,0,0,0,0
11/20/2025,11:06:16,0,30,192,428,256,10,199,2,2,0,0,0,0
11/20/2025,11:06:21,0,31,203,430,254,6,198,0,1,0,0,0,0
11/20/2025,11:06:26,0,32,195,429,256,9,198,1,1,0,0,0,0
11/20/2025,11:06:31,0,31,202,430,256,11,198,1,1,0,0,0,0
11/20/2025,11:06:36,0,30,221,432,256,19,198,5,3,0,0,0,0
11/20/2025,11:07:12,0,27,195,429,256,13,199,3,3,0,0,0,0
11/20/2025,11:07:16,0,27,195,430,256,9,199,2,1,0,0,0,0
11/20/2025,11:07:21,0,29,216,432,256,19,199,5,4,0,0,0,0
11/20/2025,11:07:26,0,23,208,431,256,15,199,4,3,0,0,0,0
11/20/2025,11:07:31,0,27,205,431,256,5,197,0,1,0,0,0,0
11/20/2025,11:07:36,0,29,205,432,255,9,198,4,2,0,0,0,0
11/20/2025,11:07:41,0,28,215,433,256,16,199,4,3,0,0,0,0
11/20/2025,11:07:46,0,33,203,431,255,7,197,1,1,0,0,0,0
11/20/2025,11:07:51,0,28,221,433,256,20,200,5,4,0,0,0,0
11/20/2025,11:07:56,0,28,190,432,255,8,198,2,1,0,0,0,0
11/20/2025,11:08:01,0,28,197,431,256,8,199,1,1,0,0,0,0
11/20/2025,11:08:06,0,27,217,434,255,20,199,4,4,0,0,0,0
11/20/2025,11:08:11,0,34,205,433,256,14,199,3,3,0,0,0,0
11/20/2025,11:08:16,0,24,206,431,256,7,199,1,1,0,0,0,0
11/20/2025,11:08:21,0,28,212,433,256,18,198,4,4,0,0,0,0
11/20/2025,11:08:26,0,27,205,433,254,14,198,4,3,0,0,0,0
11/20/2025,11:08:31,0,25,198,432,257,9,199,1,1,-0.0008,0,0,0
11/20/2025,11:08:36,0,28,219,435,255,14,198,4,3,0,0,0,0
11/20/2025,11:08:41,0,29,209,432,255,7,198,1,1,0,0,0,0
11/20/2025,11:08:46,0,26,211,435,256,17,199,4,3,0,0,0,0
11/20/2025,11:08:51,0,25,211,433,256,16,199,5,3,0,0,0,0
11/20/2025,11:08:56,0,26,204,433,256,3,198,0,0,0,0,0,0
11/20/2025,11:09:01,0,23,205,434,255,11,199,2,3,0,0,0,0
11/20/2025,11:09:06,0,25,228,434,256,15,199,5,4,0,0,0,0
11/20/2025,11:09:11,0,26,195,433,256,12,199,3,3,0,0,0,0
11/20/2025,11:09:16,0,27,208,431,254,8,199,1,1,0,0,0,0
11/20/2025,11:09:21,0,26,204,433,255,15,199,2,3,0,0,0,0
11/20/2025,11:09:26,0,25,216,433,256,13,198,4,3,0,0,0,0
11/20/2025,11:09:31,0,26,200,431,254,7,200,1,1,0,0,0,0
11/20/2025,11:09:36,0,28,201,433,256,10,199,1,2,0,0,0,0
11/20/2025,11:09:41,0,27,217,431,256,16,200,3,1,0,0,0,0
11/20/2025,11:09:46,0,27,205,431,256,10,199,1,1,0,0,0,0
11/20/2025,11:09:51,0,27,215,432,255,17,199,4,3,0,0,0,0
11/20/2025,11:09:56,0,26,197,432,256,11,198,3,3,0,0,0,0
11/20/2025,11:10:01,0,28,199,429,256,11,200,1,2,0,0,0,0
11/20/2025,11:10:06,0,26,212,433,256,15,198,3,3,0,0,0,0
11/20/2025,11:10:11,0,27,197,432,255,8,198,1,1,0,0,0,0
11/20/2025,11:10:16,0,26,225,434,256,18,198,4,4,0,0,0,0
11/20/2025,11:10:21,0,28,194,432,256,8,198,1,1,0,0,0,0
11/20/2025,11:10:26,0,32,226,434,256,19,199,5,4,0,0,0,0
11/20/2025,11:10:31,0,26,194,432,256,10,198,3,2,0,0,0,0
11/20/2025,11:10:36,0,27,192,432,256,13,199,2,2,0,0,0,0
11/20/2025,11:10:41,0,26,196,430,256,9,199,2,2,0,0,0,0
11/20/2025,11:10:46,0,29,216,434,255,18,198,6,4,0,0,0,0
11/20/2025,11:10:51,0,30,209,435,256,14,199,5,3,0,0,0,0
11/20/2025,11:10:56,0,28,204,433,256,6,198,1,1,0,0,0,0
11/20/2025,11:11:01,0,29,226,435,254,18,198,5,3,0,0,0,0
11/20/2025,11:11:06,0,29,204,432,256,5,198,0,0,0,0,0,0
11/20/2025,11:11:11,0,28,213,433,256,18,197,5,4,0,0,0,0
11/20/2025,11:11:16,0,28,195,432,256,7,198,1,1,0,0,0,0
11/20/2025,11:11:21,0,29,208,434,256,15,199,3,3,0,0,0,0
11/20/2025,11:11:26,0,30,198,434,256,6,198,1,0,0,0,0,0
11/20/2025,11:11:31,0,30,225,435,255,20,198,5,4,0,0,0,0
11/20/2025,11:11:36,0,30,197,433,255,8,198,2,2,0,0,0,0
11/20/2025,11:11:41,0,29,191,431,257,10,198,2,2,0,0,0,0
11/20/2025,11:11:46,0,29,226,435,256,19,198,6,4,-0.0008,0,0,0
11/20/2025,11:11:51,0,28,201,434,256,8,199,2,1,0,0,0,0
11/20/2025,11:11:56,0,29,203,433,255,6,198,1,0,0,0,0,0
11/20/2025,11:12:01,0,29,211,435,256,12,199,3,3,0,0,0,0
11/20/2025,11:12:06,0,29,225,435,256,17,199,5,4,0,0,0,0
11/20/2025,11:12:11,0,28,207,435,254,15,198,4,3,0,0,0,0
11/20/2025,11:12:16,0,27,198,434,256,8,198,1,1,0,0,0,0
11/20/2025,11:12:21,0,28,195,432,256,8,199,1,1,0,0,0,0
11/20/2025,11:12:26,0,27,221,434,256,15,198,5,3,0,0,0,0
11/20/2025,11:12:31,0,28,204,435,256,14,198,4,3,0,0,0,0
11/20/2025,11:12:36,0,27,197,433,256,8,198,1,1,0,0,0,0
11/20/2025,11:12:41,0,28,193,432,256,9,199,1,1,0,0,0,0
11/20/2025,11:12:46,0,30,228,434,256,17,198,5,3,0,0,0,0
11/20/2025,11:12:51,0,31,199,433,256,8,199,2,2,0,0,0,0
11/20/2025,11:12:56,0,29,196,433,255,7,198,1,1,0,0,0,0
11/20/2025,11:13:01,0,29,215,435,256,14,199,4,3,0,0,0,0
11/20/2025,11:13:06,0,29,225,435,255,17,198,6,4,0,0,0,0
11/20/2025,11:13:11,0,28,212,435,256,17,199,4,4,0,0,0,0
11/20/2025,11:13:16,0,30,203,435,256,11,198,2,2,0,0,0,0
11/20/2025,11:13:21,0,28,194,432,256,7,199,2,1,0,0,0,0
11/20/2025,11:13:26,0,28,197,431,256,8,199,1,1,0,0,0,0
11/20/2025,11:13:31,0,28,215,433,256,16,198,2,3,0,0,0,0
11/20/2025,11:13:36,0,26,211,433,256,17,199,5,4,0,0,0,0
11/20/2025,11:13:41,0,27,200,432,256,9,199,2,2,0,0,0,0
11/20/2025,11:13:46,0,31,207,432,256,7,198,1,1,0,0,0,0
11/20/2025,11:13:51,0,27,198,432,256,6,199,0,0,0,0,0,0
11/20/2025,11:13:56,0,24,206,432,256,15,199,4,3,0,0,0,0
11/20/2025,11:14:01,0,26,227,433,256,16,200,5,3,0,0,0,0
11/20/2025,11:14:06,0,26,210,434,257,16,199,5,3,0,0,0,0
11/20/2025,11:14:11,0,27,200,433,256,7,198,2,1,0,0,0,0
11/20/2025,11:14:16,0,29,203,432,256,7,199,1,1,0,0,0,0
11/20/2025,11:14:21,0,27,202,433,255,6,198,0,1,0,0,0,0
11/20/2025,11:14:26,0,27,196,431,256,8,199,1,1,0,0,0,0
11/20/2025,11:14:31,0,27,193,431,256,10,199,1,1,0,0,0,0
11/20/2025,11:14:36,0,26,192,432,256,12,199,2,1,0,0,0,0
11/20/2025,11:14:41,0,26,196,433,256,6,198,1,1,0,0,0,0
11/20/2025,11:14:46,0,28,202,433,256,10,198,0,1,0,0,0,0
11/20/2025,11:14:51,0,28,208,435,256,16,199,4,4,0,0,0,0
11/20/2025,11:14:56,0,25,205,435,255,13,198,4,2,0,0,0,0
11/20/2025,11:15:01,0,26,195,433,255,8,199,1,1,0,0,0,0
11/20/2025,11:15:06,0,30,224,433,256,12,200,4,3,0,0,0,0
11/20/2025,11:15:11,0,25,206,434,256,6,199,0,0,0,0,0,0
11/20/2025,11:15:16,0,26,215,434,256,16,199,5,4,0,0,0,0
11/20/2025,11:15:21,0,26,195,433,256,8,199,2,1,0,0,0,0
11/20/2025,11:15:26,0,26,208,434,256,15,198,4,3,0,0,0,0
11/20/2025,11:15:31,0,26,198,432,256,8,197,0,1,0,0,0,0
11/20/2025,11:15:36,0,26,224,434,254,18,198,6,4,0,0,0,0
11/20/2025,11:15:41,0,26,195,432,256,10,198,1,1,0,0,0,0
11/20/2025,11:15:46,0,23,209,433,255,17,198,4,3,0,0,0,0
11/20/2025,11:15:51,0,25,202,434,256,11,199,3,2,0,0,0,0
11/20/2025,11:15:56,0,26,197,431,256,8,198,1,1,0,0,0,0
11/20/2025,11:16:01,0,26,216,434,257,18,198,4,3,0,0,0,0
11/20/2025,11:16:06,0,25,202,433,257,6,198,1,0,0,0,0,0
11/20/2025,11:16:11,0,27,226,435,255,18,198,5,3,0,0,0,0
11/20/2025,11:16:16,0,28,204,434,254,7,198,1,1,0,0,0,0
11/20/2025,11:16:21,0,26,217,434,255,16,199,3,3,0,0,0,0
11/20/2025,11:16:26,0,29,200,433,256,8,199,2,2,0,0,0,0
11/20/2025,11:16:31,0,27,195,433,256,8,198,1,1,0,0,0,0
11/20/2025,11:16:36,0,27,223,435,255,19,198,4,3,0,0,0,0
11/20/2025,11:16:41,0,26,197,433,256,7,199,1,1,0,0,0,0
11/20/2025,11:16:46,0,27,195,432,256,10,199,1,1,0,0,0,0
11/20/2025,11:17:21,0,27,199,434,256,10,198,0,1,0,0,0,0
11/20/2025,11:17:25,0,27,207,436,257,14,198,4,3,0,0,0,0
11/20/2025,11:17:30,0,26,197,434,254,7,198,1,1,0,0,0,0
11/20/2025,11:17:35,0,26,226,434,256,18,199,5,4,0,0,0,0
11/20/2025,11:17:40,0,26,196,434,254,9,197,1,2,0,0,0,0
11/20/2025,11:17:45,0,26,205,433,256,15,198,4,3,0,0,0,0
11/20/2025,11:17:50,0,26,200,433,256,12,199,2,2,0,0,0,0
11/20/2025,11:17:55,0,25,204,434,256,15,197,4,2,0,0,0,0
11/20/2025,11:18:00,0,26,199,433,256,10,198,2,2,0,0,0,0
11/20/2025,11:18:05,0,22,219,435,256,16,198,4,3,0,0,0,0
11/20/2025,11:18:10,0,29,208,433,256,7,198,1,1,0,0,0,0
11/20/2025,11:18:15,0,26,226,435,255,18,198,5,3,0,0,0,0
11/20/2025,11:18:20,0,26,202,433,256,6,199,1,1,0,0,0,0
11/20/2025,11:18:25,0,26,207,434,256,15,199,3,3,0,0,0,0
11/20/2025,11:18:30,0,25,216,434,256,12,198,4,3,0,0,0,0
11/20/2025,11:18:35,0,25,199,432,256,5,199,1,1,0,0,0,0
11/20/2025,11:18:40,0,28,195,432,256,6,198,0,1,0,0,0,0
11/20/2025,11:18:45,0,27,202,431,256,10,199,2,2,0,0,0,0
11/20/2025,11:18:50,0,26,207,434,256,15,199,4,3,0,0,0,0
11/20/2025,11:18:55,0,25,223,435,255,19,198,6,4,0,0,0,0
11/20/2025,11:19:00,0,26,212,435,256,14,198,4,3,0,0,0,0
11/20/2025,11:19:05,0,24,202,431,256,7,199,1,1,0,0,0,0
11/20/2025,11:19:10,0,25,205,434,255,10,199,2,2,0,0,0,0
11/20/2025,11:19:15,0,27,214,433,256,17,199,4,3,0,0,0,0
11/20/2025,11:19:20,0,25,205,431,256,4,199,1,1,0,0,0,0
11/20/2025,11:19:25,0,26,205,433,256,12,198,1,2,0,0,0,0
11/20/2025,11:19:30,0,24,223,432,256,16,198,4,3,0,0,0,0
11/20/2025,11:19:35,0,26,193,431,256,8,198,2,1,0,0,0,0
11/20/2025,11:19:40,0,24,200,431,256,5,197,1,1,0,0,0,0
11/20/2025,11:19:45,0,27,200,431,256,10,199,0,1,0,0,0,0
11/20/2025,11:19:50,0,25,200,432,256,7,197,2,1,0,0,0,0
11/20/2025,11:19:55,0,24,197,432,256,8,198,0,1,0,0,0,0
11/20/2025,11:20:00,0,27,194,431,256,10,199,2,2,0,0,0,0
11/20/2025,11:20:05,0,26,199,432,256,10,199,2,2,0,0,0,0
11/20/2025,11:20:10,0,27,199,433,256,8,199,2,2,0,0,0,0
11/20/2025,11:20:15,0,28,202,432,256,6,199,1,1,0,0,0,0
11/20/2025,11:20:20,0,26,191,431,256,9,199,1,1,0,0,0,0
11/20/2025,11:20:25,0,27,194,432,256,9,199,0,1,0,0,0,0
11/20/2025,11:20:30,0,27,205,432,256,9,199,1,1,0,0,0,0
11/20/2025,11:20:35,0,26,218,433,255,18,199,4,3,0,0,0,0
11/20/2025,11:20:40,0,27,197,432,256,8,199,1,1,0,0,0,0
11/20/2025,11:20:45,0,25,207,434,256,15,198,3,3,0,0,0,0
11/20/2025,11:20:50,0,24,202,433,257,14,198,4,3,0,0,0,0
11/20/2025,11:20:55,0,27,198,433,256,7,199,2,2,0,0,0,0
11/20/2025,11:21:00,0,30,219,435,255,20,198,4,3,0,0,0,0
11/20/2025,11:21:05,0,26,204,432,256,10,197,1,1,0,0,0,0
11/20/2025,11:21:10,0,31,230,434,256,16,199,4,3,0,0,0,0
11/20/2025,11:21:15,0,24,208,432,256,6,199,0,1,0,0,0,0
11/20/2025,11:21:20,0,28,224,434,256,17,198,5,3,0,0,0,0
11/20/2025,11:21:25,0,27,201,432,256,7,199,1,1,0,0,0,0
11/20/2025,11:21:30,0,28,210,434,256,16,198,3,3,0,0,0,0
11/20/2025,11:21:35,0,33,198,433,256,13,199,4,3,0,0,0,0
11/20/2025,11:21:40,0,29,201,433,256,7,198,1,2,0,0,0,0
11/20/2025,11:21:45,0,24,216,434,256,14,199,3,3,0,0,0,0
11/20/2025,11:21:50,0,27,208,431,256,6,199,1,1,0,0,0,0
11/20/2025,11:21:55,0,27,215,435,255,17,198,4,3,0,0,0,0
11/20/2025,11:22:00,0,28,192,432,256,13,198,3,3,0,0,0,0
11/20/2025,11:22:05,0,28,203,434,257,9,198,2,2,0,0,0,0
11/20/2025,11:22:10,0,28,197,432,256,16,199,3,2,0,0,0,0
11/20/2025,11:22:15,0,25,206,434,254,15,198,4,2,0,0,0,0
11/20/2025,11:22:20,0,26,194,432,256,8,198,1,1,0,0,0,0
11/20/2025,11:22:25,0,28,210,434,256,15,198,3,3,0,0,0,0
11/20/2025,11:22:30,0,28,205,429,256,6,199,0,1,0,0,0,0
11/20/2025,11:22:35,0,27,218,434,257,13,199,5,3,0,0,0,0
11/20/2025,11:22:40,0,27,204,433,257,8,198,2,2,0,0,0,0
11/20/2025,11:22:45,0,27,199,432,257,6,198,1,0,0,0,0,0
11/20/2025,11:22:50,0,28,230,434,256,16,199,4,3,0,0,0,0
11/20/2025,11:22:55,0,26,196,432,256,7,199,1,1,0,0,0,0
11/20/2025,11:23:00,0,26,210,433,256,17,198,3,3,0,0,0,0
11/20/2025,11:23:05,0,26,203,433,255,9,200,2,2,0,0,0,0
11/20/2025,11:23:10,0,29,194,432,256,12,198,3,2,0,0,0,0
11/20/2025,11:23:15,0,29,203,434,256,8,198,4,1,0,0,0,0
11/20/2025,11:23:20,0,28,205,433,256,14,197,3,3,0,0,0,0
11/20/2025,11:23:25,0,28,199,432,256,8,198,1,1,0,0,0,0
11/20/2025,11:23:30,0,24,225,433,256,17,199,5,3,0,0,0,0
11/20/2025,11:23:35,0,27,206,432,256,5,198,1,0,0,0,0,0
11/20/2025,11:23:40,0,28,225,434,257,17,200,4,3,0,0,0,0
11/20/2025,11:23:45,0,27,205,433,256,4,200,0,1,0,0,0,0
11/20/2025,11:23:50,0,29,218,434,256,17,198,5,4,0,0,0,0
11/20/2025,11:23:55,0,29,199,433,256,5,198,1,1,0,0,0,0
11/20/2025,11:24:00,0,29,212,434,255,16,198,4,3,0,0,0,0
11/20/2025,11:24:05,0,28,193,432,257,9,198,3,3,0,0,0,0
11/20/2025,11:24:10,0,27,200,434,257,10,199,2,2,0,0,0,0
11/20/2025,11:24:15,0,28,225,435,256,13,198,5,3,0,0,0,0
11/20/2025,11:24:20,0,26,201,432,256,6,199,1,1,0,0,0,0
11/20/2025,11:24:25,0,27,211,433,256,17,199,3,3,0,0,0,0
11/20/2025,11:24:30,0,29,196,434,256,9,200,1,1,0,0,0,0
11/20/2025,11:24:35,0,28,216,436,254,17,198,4,3,0,0,0,0
11/20/2025,11:24:40,0,26,205,433,256,11,199,0,1,0,0,0,0
11/20/2025,11:24:45,0,26,197,431,256,15,199,3,2,0,0,0,0
11/20/2025,11:24:50,0,24,227,436,255,15,198,5,3,0,0,0,0
11/20/2025,11:24:55,0,27,211,435,256,16,200,4,3,0,0,0,0
11/20/2025,11:25:00,0,23,200,435,257,8,199,2,2,0,0,0,0
11/20/2025,11:25:05,0,25,201,434,257,8,199,1,1,0,0,0,-0.0008
11/20/2025,11:25:10,0,27,197,433,256,8,200,0,1,0,0,0,0
11/20/2025,11:25:15,0,26,211,433,257,15,199,4,3,0,0,0,0
11/20/2025,11:25:20,0,27,225,434,256,17,199,5,3,0,0,0,0
11/20/2025,11:25:25,0,27,208,434,258,15,198,4,3,0,0,0,0
11/20/2025,11:25:30,0,26,203,433,256,9,198,2,2,0,0,0,0
11/20/2025,11:25:35,0,26,201,432,256,7,198,0,1,0,0,0,0
11/20/2025,11:25:40,0,27,192,432,256,11,200,3,2,0,0,0,0
11/20/2025,11:25:45,0,26,223,433,256,14,199,5,3,0,0,0,0
11/20/2025,11:25:50,0,27,210,432,257,15,200,4,3,0,0,0,0
11/20/2025,11:25:55,0,26,201,432,256,11,198,2,1,0,0,0,0
11/20/2025,11:26:00,0,27,204,432,256,6,198,1,1,0,0,0,0
11/20/2025,11:26:05,0,26,204,433,255,7,198,0,0,0,0,0,0
11/20/2025,11:26:10,0,26,197,433,258,5,198,1,1,0,0,0,0
11/20/2025,11:26:15,0,22,200,433,256,12,199,3,2,0,0,0,0
11/20/2025,11:26:20,0,22,213,433,255,14,199,5,3,0,0,0,0
11/20/2025,11:26:25,0,26,224,435,256,15,200,4,4,0,0,0,0
11/20/2025,11:26:30,0,26,223,435,257,17,198,6,4,0,0,0,0
11/20/2025,11:26:35,0,26,210,434,256,15,198,5,4,0,0,0,0
11/20/2025,11:26:40,0,26,203,433,256,10,200,2,2,0,0,0,0
11/20/2025,11:26:45,0,27,199,432,256,7,199,1,2,0,0,0,0
11/20/2025,11:26:50,0,28,195,433,257,7,198,0,1,0,0,0,0
11/20/2025,11:26:55,0,29,203,432,256,9,199,1,1,0,0,0,0
11/20/2025,11:27:00,0,27,203,430,256,7,199,0,1,0,0,0,0
11/20/2025,11:27:41,0,25,215,434,256,17,199,5,3,0,0,0,0
11/20/2025,11:27:45,0,24,219,435,257,16,198,5,4,0,0,0,0
11/20/2025,11:27:50,0,28,209,435,256,13,199,4,3,0,0,0,0
11/20/2025,11:27:55,0,26,201,434,257,6,198,1,1,0,0,0,0
11/20/2025,11:28:00,0,28,206,433,257,10,199,0,1,0,0,0,0
11/20/2025,11:28:05,0,27,207,434,257,5,198,1,1,0,0,0,0
11/20/2025,11:28:10,0,28,200,434,255,7,199,0,0,0,0,0,0
11/20/2025,11:28:15,0,27,198,433,257,10,197,3,3,0,0,0,0
11/20/2025,11:28:20,0,25,218,433,256,11,199,4,3,0,0,0,0
11/20/2025,11:28:25,0,26,220,432,256,15,199,5,4,0,0,0,0
11/20/2025,11:28:30,0,28,203,431,256,9,200,1,2,0,0,0,0
11/20/2025,11:28:35,0,36,206,429,256,8,200,0,1,0,0,0,0
11/20/2025,11:28:40,0,28,195,429,256,11,199,3,2,0,0,0,0
11/20/2025,11:28:45,0,27,226,430,255,16,198,5,3,0,0,0,0
11/20/2025,11:28:50,0,28,214,429,256,15,198,5,3,0,0,0,0
11/20/2025,11:28:55,0,27,204,429,257,9,199,2,2,0,0,0,0
11/20/2025,11:29:00,0,26,195,426,256,9,199,1,1,0,0,0,0
11/20/2025,11:29:05,0,25,208,428,257,7,198,0,0,0,0,0,0
11/20/2025,11:29:10,0,26,196,427,257,8,198,1,1,0,0,0,0
11/20/2025,11:29:15,0,28,204,426,256,16,199,3,3,0,0,0,0
11/20/2025,11:29:20,0,25,225,428,255,13,199,4,3,0,0,0,0
11/20/2025,11:29:25,0,27,210,427,257,13,198,4,3,0,0,0,0
11/20/2025,11:29:30,0,23,198,426,256,7,199,1,1,0,0,0,0
11/20/2025,11:29:35,0,26,209,426,257,6,198,0,1,0,0,0,0
11/20/2025,11:29:40,0,27,195,426,256,9,198,2,1,0,0,0,0
11/20/2025,11:29:45,0,28,215,427,256,13,199,4,3,0,0,0,0
11/20/2025,11:29:50,0,25,229,428,256,16,197,5,3,0,0,0,0
11/20/2025,11:29:55,0,27,220,428,257,16,198,5,4,0,0,0,0
11/20/2025,11:30:00,0,26,212,429,255,15,198,5,3,0,0,0,0
11/20/2025,11:30:05,0,27,208,428,257,13,200,3,3,0,0,0,0
11/20/2025,11:30:10,0,29,203,428,256,7,199,1,1,0,0,0,0
11/20/2025,11:30:15,0,26,198,428,257,7,198,1,1,-0.0008,0,0,0
11/20/2025,11:30:20,0,26,196,428,254,7,199,0,1,0,0,0,0
11/20/2025,11:30:25,0,26,213,429,257,15,199,4,3,0,0,0,0
11/20/2025,11:30:30,0,26,202,428,256,4,199,1,0,0,0,0,0
11/20/2025,11:30:35,0,27,198,428,256,7,199,0,1,0,0,0,0
11/20/2025,11:30:40,0,27,198,430,256,5,198,1,0,0,0,0,0
11/20/2025,11:30:45,0,27,193,429,257,8,198,1,1,0,0,0,0
11/20/2025,11:30:50,0,27,204,430,257,14,198,3,3,0,0,0,0
11/20/2025,11:30:55,0,26,215,431,257,18,199,5,3,0,0,0,0
11/20/2025,11:31:00,0,24,218,431,257,13,199,5,3,0,0,0,0
11/20/2025,11:31:05,0,25,222,432,256,22,200,4,4,0,0,0,0
11/20/2025,11:31:10,0,26,232,431,257,17,199,5,3,0,0,0,0
11/20/2025,11:31:15,0,26,227,433,256,19,199,6,4,0,0,0,0
11/20/2025,11:31:20,0,25,228,433,257,18,199,5,4,0,0,0,0
11/20/2025,11:31:25,0,26,230,434,255,18,198,6,3,0,0,0,0
11/20/2025,11:31:30,0,25,226,431,257,19,200,5,3,0,0,0,0
11/20/2025,11:31:35,0,26,226,433,257,19,199,6,4,0,0,0,0
11/20/2025,11:31:40,0,25,225,434,256,17,199,5,4,0,0,0,0
11/20/2025,11:31:45,0,25,220,434,256,18,200,5,4,0,0,0,0
11/20/2025,11:31:50,0,25,210,433,256,15,198,4,3,0,0,0,0
11/20/2025,11:31:55,0,24,200,433,257,9,199,2,2,0,0,0,0
11/20/2025,11:32:00,0,24,202,433,257,10,199,2,2,0,0,0,0
11/20/2025,11:32:05,0,28,204,434,257,8,199,3,2,0,0,0,0
11/20/2025,11:32:10,0,23,204,433,257,9,199,2,2,0,0,0,0
11/20/2025,11:32:15,0,27,202,434,257,9,199,2,2,0,0,0,0
11/20/2025,11:32:20,0,21,201,433,257,8,198,2,1,0,0,0,0
11/20/2025,11:32:25,0,27,200,433,257,10,198,2,2,0,0,0,0
11/20/2025,11:32:30,0,24,200,433,257,10,200,1,1,0,0,0,0
11/20/2025,11:32:35,0,25,199,433,257,8,200,0,1,0,0,0,0
11/20/2025,11:32:40,0,27,198,431,256,8,197,1,1,0,0,0,0
11/20/2025,11:32:45,0,26,198,432,257,9,200,0,1,0,0,0,0
11/20/2025,11:32:50,0,27,197,431,256,7,200,0,1,0,0,0,0
11/20/2025,11:32:55,0,27,197,432,255,7,199,1,1,0,0,0,0
11/20/2025,11:33:00,0,25,202,431,256,9,199,0,1,0,0,0,0
11/20/2025,11:33:05,0,26,210,432,256,5,200,1,1,0,0,0,0
11/20/2025,11:33:10,0,26,201,432,257,5,198,0,0,0,0,0,0
11/20/2025,11:33:15,0,27,195,429,257,8,200,1,1,0,0,0,0
11/20/2025,11:33:20,0,28,199,431,256,14,199,3,2,0,0,0,0
11/20/2025,11:33:25,0,29,213,431,257,13,200,4,3,0,0,0,0
11/20/2025,11:33:30,0,23,225,430,257,15,199,5,3,0,0,0,0
11/20/2025,11:33:35,0,26,219,430,256,17,198,6,4,0,0,0,0
11/20/2025,11:33:40,0,27,209,430,256,15,199,4,3,0,0,0,0
11/20/2025,11:33:45,0,25,203,430,257,7,198,2,1,0,0,0,0
11/20/2025,11:33:50,0,26,200,430,256,7,199,2,1,0,0,0,0
11/20/2025,11:33:55,0,27,199,429,256,7,200,1,1,0,0,0,0
11/20/2025,11:34:00,0,25,201,429,256,5,200,0,0,0,0,0,0
11/20/2025,11:34:05,0,26,195,430,255,12,198,3,2,0,0,0,0
11/20/2025,11:34:10,0,23,212,432,255,10,199,4,3,0,0,0,0
11/20/2025,11:34:15,0,23,218,431,257,15,200,6,3,0,0,0,0
11/20/2025,11:34:20,0,27,232,431,257,16,198,5,3,0,0,0,0
11/20/2025,11:34:25,0,27,215,431,257,17,199,5,3,0,0,0,0
11/20/2025,11:34:30,0,24,200,431,256,8,197,1,1,0,0,0,0
11/20/2025,11:34:35,0,28,196,430,256,8,199,0,1,0,0,0,0
11/20/2025,11:34:40,0,26,209,428,257,4,199,0,1,0,0,0,0
11/20/2025,11:34:45,0,25,197,428,257,4,199,1,1,0,0,0,0
11/20/2025,11:34:50,0,25,197,431,255,12,199,3,3,0,0,0,0
11/20/2025,11:34:55,0,27,218,431,256,13,199,4,3,0,0,0,0
11/20/2025,11:35:00,0,26,224,431,257,17,199,6,4,0,0,0,0
11/20/2025,11:35:05,0,27,213,431,256,15,199,5,3,0,0,0,0
11/20/2025,11:35:10,0,27,205,431,257,11,198,3,2,0,0,0,0
11/20/2025,11:35:15,0,26,199,430,257,5,200,1,1,0,0,0,0
11/20/2025,11:35:20,0,26,207,429,257,8,199,0,1,0,0,0,0
11/20/2025,11:35:25,0,28,203,430,256,2,200,0,0,0,0,-0.0008,0
11/20/2025,11:35:30,0,28,196,430,257,8,199,2,1,0,0,0,0
11/20/2025,11:35:35,0,26,210,432,255,16,200,4,3,0,0,0,0
11/20/2025,11:35:40,0,27,232,431,257,17,200,5,3,0,0,0,0
11/20/2025,11:35:45,0,27,211,433,257,14,199,5,3,0,0,0,0
11/20/2025,11:35:50,0,28,201,431,256,8,200,1,1,0,0,0,0
11/20/2025,11:35:55,0,28,207,431,256,5,199,0,0,0,0,0,0
11/20/2025,11:36:00,0,25,194,432,256,8,200,2,1,0,0,0,0
11/20/2025,11:36:05,0,25,210,432,257,12,198,4,3,0,0,0,0
11/20/2025,11:36:10,0,26,225,433,257,16,199,5,3,0,0,0,0
11/20/2025,11:36:15,0,25,203,430,257,10,200,1,2,0,0,0,0
11/20/2025,11:36:20,0,25,196,432,255,8,198,1,1,0,0,0,0
11/20/2025,11:36:25,0,27,206,432,255,5,198,0,1,0,0,0,0
11/20/2025,11:36:30,0,26,194,431,256,7,200,1,1,0,0,0,0
11/20/2025,11:36:35,0,27,207,431,256,12,200,3,3,0,0,0,0
11/20/2025,11:36:40,0,24,218,431,257,14,200,4,3,0,0,0,0
11/20/2025,11:36:45,0,25,229,432,257,16,200,5,4,0,0,0,0
11/20/2025,11:36:50,0,25,214,431,257,16,200,5,4,0,0,0,0
11/20/2025,11:36:55,0,26,202,432,255,11,200,3,2,0,0,0,0
11/20/2025,11:37:00,0,25,198,430,257,6,199,1,1,0,0,0,0
11/20/2025,11:37:05,0,26,206,427,257,5,200,0,0,0,0,0,0
11/20/2025,11:37:10,0,26,203,431,257,5,199,0,1,0,0,0,0
11/20/2025,11:37:40,0,24,199,429,257,9,200,1,1,0,0,0,0
11/20/2025,11:37:44,0,25,212,433,257,16,200,3,3,0,0,0,0
11/20/2025,11:37:49,0,25,208,433,257,14,200,3,3,0,0,0,0
11/20/2025,11:37:54,0,26,208,432,257,15,200,4,3,0,0,0,0
11/20/2025,11:37:59,0,25,205,431,257,13,200,4,3,0,0,0,0
11/20/2025,11:38:04,0,26,204,431,256,12,200,3,3,0,0,0,0
11/20/2025,11:38:09,0,25,202,431,257,10,198,2,2,0,0,0,0
11/20/2025,11:38:14,0,22,202,431,257,7,200,1,2,0,0,0,0
11/20/2025,11:38:19,0,25,200,431,256,7,200,0,1,0,0,0,0
11/20/2025,11:38:24,0,28,201,432,256,9,200,1,2,0,0,0,0
11/20/2025,11:38:29,0,24,203,432,256,8,199,2,2,0,0,0,0
11/20/2025,11:38:34,0,26,202,432,256,7,200,1,2,0,0,0,0
11/20/2025,11:38:39,0,25,200,431,256,6,199,1,1,0,0,0,0
11/20/2025,11:38:44,0,26,198,431,257,9,199,0,1,0,0,0,0
11/20/2025,11:38:49,0,25,202,430,257,8,199,1,1,0,0,0,0
11/20/2025,11:38:54,0,23,201,431,256,10,200,0,1,0,0,0,0
11/20/2025,11:38:59,0,25,203,431,257,12,199,3,2,0,0,0,0
11/20/2025,11:39:04,0,25,200,432,257,8,200,2,1,0,0,0,0
11/20/2025,11:39:09,0,27,195,431,257,9,200,0,0,0,0,0,0
11/20/2025,11:39:14,0,26,208,431,256,5,200,1,0,0,0,0,0
11/20/2025,11:39:19,0,25,201,431,257,5,200,0,0,0,0,0,0
11/20/2025,11:39:24,0,26,199,430,256,5,200,0,1,0,0,0,0
11/20/2025,11:39:29,0,26,199,431,257,5,200,0,0,0,0,0,0
11/20/2025,11:39:34,0,26,197,428,257,7,200,1,1,0,0,0,0
11/20/2025,11:39:39,0,26,194,433,257,8,199,1,1,0,0,0,0
11/20/2025,11:39:44,0,27,193,431,257,8,199,2,1,0,0,0,0
11/20/2025,11:39:49,0,24,198,432,257,10,200,2,3,0,0,0,0
11/20/2025,11:39:54,0,32,206,431,256,14,201,4,3,0,0,0,0
11/20/2025,11:39:59,0,27,217,433,257,15,199,5,4,0,0,0,0
11/20/2025,11:40:04,0,27,230,434,257,16,199,5,3,0,0,0,0
11/20/2025,11:40:09,0,25,219,431,257,16,200,5,4,0,0,0,0
11/20/2025,11:40:14,0,27,211,433,256,16,199,4,3,0,0,0,0
11/20/2025,11:40:19,0,25,202,432,257,10,198,2,1,0,0,0,0
11/20/2025,11:40:24,0,25,197,430,257,8,200,1,2,0,0,0,0
11/20/2025,11:40:29,0,26,194,431,256,6,199,0,1,0,0,0,0
11/20/2025,11:40:34,0,23,201,432,257,8,200,0,1,0,0,0,0
11/20/2025,11:40:39,0,25,215,434,257,14,200,4,3,0,0,0,0
11/20/2025,11:40:44,0,23,209,432,256,4,201,0,1,0,0,0,0
11/20/2025,11:40:49,0,26,209,431,257,5,199,1,1,0,0,0,0
11/20/2025,11:40:54,0,25,203,430,257,6,201,0,0,0,0,0,0
11/20/2025,11:40:59,0,23,209,432,257,5,201,0,1,0,0,0,0
11/20/2025,11:41:04,0,27,207,433,257,5,199,1,1,0,0,0,0
11/20/2025,11:41:09,0,24,210,430,257,7,200,0,0,0,0,0,0
11/20/2025,11:41:14,0,27,206,432,256,4,198,0,0,0,0,0,0
11/20/2025,11:41:19,0,27,207,432,256,4,200,0,1,0,0,0,0
11/20/2025,11:41:24,0,27,207,433,256,5,200,0,0,0,0,0,0
11/20/2025,11:41:29,0,26,207,432,256,5,199,1,1,0,0,0,0
11/20/2025,11:41:34,0,26,199,432,257,6,199,0,0,0,0,0,0
11/20/2025,11:41:39,0,26,193,433,256,12,200,2,2,0,0,0,0
11/20/2025,11:41:44,0,25,209,433,257,14,200,3,3,0,0,0,0
11/20/2025,11:41:49,0,27,216,434,256,14,200,5,3,0,0,0,0
11/20/2025,11:41:54,0,26,224,433,257,18,199,5,3,0,0,0,0
11/20/2025,11:41:59,0,26,223,435,257,17,200,6,4,0,0,0,0
11/20/2025,11:42:04,0,25,209,434,257,15,201,4,3,0,0,0,0
11/20/2025,11:42:09,0,27,204,434,257,12,200,2,2,0,0,0,0
11/20/2025,11:42:14,0,27,201,433,256,7,201,1,1,0,0,0,0
11/20/2025,11:42:19,0,25,197,433,257,7,199,0,1,0,0,0,0
11/20/2025,11:42:24,0,26,209,433,256,5,201,1,1,0,0,0,0
11/20/2025,11:42:29,0,27,206,432,256,5,201,0,0,0,0,0,0
11/20/2025,11:42:34,0,26,196,433,257,7,199,1,1,0,0,0,0
11/20/2025,11:42:39,0,24,210,433,257,14,201,3,3,0,0,0,0
11/20/2025,11:42:44,0,26,227,435,257,14,200,4,3,0,0,0,0
11/20/2025,11:42:49,0,25,219,435,256,17,200,5,4,0,0,0,0
11/20/2025,11:42:54,0,26,204,432,257,11,201,3,3,0,0,0,0
11/20/2025,11:42:59,0,24,196,433,256,9,200,1,2,0,0,0,0
11/20/2025,11:43:04,0,26,198,433,257,6,200,0,0,0,0,0,0
11/20/2025,11:43:09,0,26,206,434,257,15,201,3,3,0,0,0,0
11/20/2025,11:43:14,0,26,225,434,257,19,201,5,3,0,0,0,0
11/20/2025,11:43:19,0,25,218,435,256,16,201,5,4,0,0,0,0
11/20/2025,11:43:24,0,26,206,435,257,13,200,3,3,0,0,0,0
11/20/2025,11:43:29,0,25,202,435,257,8,200,1,1,0,0,0,0
11/20/2025,11:43:34,0,27,198,434,256,7,201,0,1,0,0,0,0
11/20/2025,11:43:39,0,26,200,433,256,7,201,0,2,0,0,0,0
11/20/2025,11:43:44,0,27,202,433,257,5,200,0,1,0,0,0,0
11/20/2025,11:43:49,0,27,201,434,255,13,200,3,2,0,0,0,0
11/20/2025,11:43:54,0,23,224,435,257,21,201,5,3,0,0,0,0
11/20/2025,11:43:59,0,27,215,433,257,17,201,5,3,0,0,0,0
11/20/2025,11:44:04,0,26,203,435,257,11,201,2,2,0,0,0,0
11/20/2025,11:44:09,0,26,200,433,256,7,201,1,1,0,0,0,0
11/20/2025,11:44:14,0,26,209,433,257,6,201,0,0,0,0,0,0
11/20/2025,11:44:19,0,26,204,433,256,4,200,0,0,0,0,0,0
11/20/2025,11:44:24,0,25,198,433,256,5,201,0,0,0,0,0,0
11/20/2025,11:44:29,0,27,194,434,257,7,200,1,1,0,0,0,0
11/20/2025,11:44:34,0,34,200,435,257,14,200,3,3,0,0,0,0
11/20/2025,11:44:39,0,32,210,434,257,14,201,4,3,0,0,0,0
11/20/2025,11:44:44,0,30,218,436,256,14,201,4,3,0,0,0,0
11/20/2025,11:44:49,0,30,226,435,256,13,201,5,3,0,0,0,0
11/20/2025,11:44:54,0,28,229,435,257,16,199,6,4,0,0,0,0
11/20/2025,11:44:59,0,29,229,436,257,17,201,5,4,0,0,0,0
11/20/2025,11:45:04,0,29,226,437,257,17,200,6,3,0,0,0,0
11/20/2025,11:45:09,0,28,218,436,257,17,199,6,4,0,0,0,0
11/20/2025,11:45:14,0,28,205,436,257,13,200,3,3,0,0,0,0
11/20/2025,11:45:19,0,26,201,433,257,7,201,1,1,0,0,0,0
11/20/2025,11:45:24,0,27,201,435,257,6,200,1,0,0,0,0,0
11/20/2025,11:45:29,0,29,200,434,257,6,201,0,0,0,0,0,0
11/20/2025,11:45:34,0,28,203,433,257,12,202,4,3,0,0,0,0
11/20/2025,11:45:39,0,30,228,436,257,15,201,5,3,0,0,0,0
11/20/2025,11:45:44,0,28,209,437,257,13,202,4,3,0,0,0,0
11/20/2025,11:45:49,0,29,201,435,257,9,201,1,2,0,0,0,0
11/20/2025,11:45:54,0,30,196,434,257,5,202,0,1,0,0,0,0
11/20/2025,11:45:59,0,28,205,435,257,3,202,0,0,0,0,0,0
11/20/2025,11:46:04,0,28,201,434,257,13,201,3,3,0,0,0,0
11/20/2025,11:46:09,0,26,228,435,257,15,200,5,4,0,0,0,0
11/20/2025,11:46:14,0,28,206,435,257,11,202,3,3,0,0,0,0
11/20/2025,11:46:19,0,28,198,431,257,8,200,1,1,0,0,0,0
11/20/2025,11:46:24,0,28,202,433,257,5,200,0,1,0,0,0,0
11/20/2025,11:46:29,0,25,205,435,255,13,201,3,3,0,0,0,0
11/20/2025,11:46:34,0,25,226,436,257,15,201,5,4,0,0,0,0
11/20/2025,11:46:39,0,26,202,434,257,9,202,2,2,0,0,0,0
11/20/2025,11:46:44,0,26,207,433,257,4,200,0,1,0,0,0,0
11/20/2025,11:46:49,0,20,204,434,257,13,201,3,3,0,0,0,0
11/20/2025,11:46:54,0,26,229,436,257,16,201,5,4,0,0,0,0
11/20/2025,11:46:59,0,26,203,434,257,8,202,2,2,0,0,0,0
11/20/2025,11:47:04,0,26,198,434,257,6,201,1,1,0,0,0,0
11/20/2025,11:47:09,0,26,231,435,257,16,201,4,3,0,0,0,0
11/20/2025,11:47:14,0,26,200,434,257,7,201,1,1,0,0,0,0
11/20/2025,11:47:19,0,21,196,433,257,12,202,2,2,0,0,0,0
11/20/2025,11:47:52,0,25,204,433,257,10,201,1,1,0,0,0,0
11/20/2025,11:47:54,0,27,215,433,257,16,201,4,3,0,0,0,0
11/20/2025,11:47:59,0,25,204,434,258,6,200,0,1,0,0,0,0
11/20/2025,11:48:04,0,27,198,434,257,13,202,4,3,0,0,0,0
11/20/2025,11:48:09,0,26,224,436,257,16,202,5,4,0,0,0,0
11/20/2025,11:48:14,0,26,200,435,256,8,203,1,1,0,0,0,0
11/20/2025,11:48:19,0,25,200,434,256,6,200,0,1,0,0,0,0
11/20/2025,11:48:24,0,25,210,436,257,11,200,3,3,0,0,0,0
11/20/2025,11:48:29,0,26,227,436,256,14,201,5,4,0,0,0,0
11/20/2025,11:48:34,0,28,203,433,257,8,202,1,1,0,0,0,0
11/20/2025,11:48:39,0,26,204,434,257,4,202,0,0,0,0,0,0
11/20/2025,11:48:44,0,27,207,434,257,12,201,4,3,0,0,0,0
11/20/2025,11:48:49,0,27,222,433,257,15,201,5,4,0,0,0,0
11/20/2025,11:48:54,0,26,200,434,257,6,201,1,1,0,0,0,0
11/20/2025,11:48:59,0,27,195,432,257,8,201,0,1,0,0,0,0
11/20/2025,11:49:04,0,26,224,434,256,12,201,5,3,0,0,0,0
11/20/2025,11:49:09,0,26,209,434,257,13,200,3,3,0,0,0,0
11/20/2025,11:49:14,0,26,197,433,256,7,202,1,1,0,0,0,0
11/20/2025,11:49:19,0,27,201,433,256,6,201,0,0,0,0,0,0
11/20/2025,11:49:24,0,26,212,435,258,12,202,4,3,0,0,0,0
11/20/2025,11:49:29,0,26,220,435,256,15,201,4,4,0,0,0,0
11/20/2025,11:49:34,0,27,198,434,257,6,202,1,1,0,0,0,0
11/20/2025,11:49:39,0,26,201,434,256,5,203,0,0,0,0,0,0
11/20/2025,11:49:44,0,28,222,434,256,14,201,4,3,0,0,0,0
11/20/2025,11:49:49,0,26,202,435,256,7,200,1,1,0,0,0,0
11/20/2025,11:49:54,0,26,203,433,256,5,200,0,0,0,0,0,0
11/20/2025,11:49:59,0,27,222,432,257,13,201,5,3,0,0,0,0
11/20/2025,11:50:04,0,24,198,433,256,6,200,0,1,0,0,0,0
11/20/2025,11:50:09,0,25,223,433,257,15,202,5,3,0,0,0,0
11/20/2025,11:50:14,0,25,193,433,257,8,201,1,2,0,0,0,0
11/20/2025,11:50:19,0,24,203,433,257,8,201,0,1,0,0,0,0
11/20/2025,11:50:24,0,27,210,431,257,13,200,4,3,0,0,0,0
11/20/2025,11:50:29,0,25,199,433,257,7,201,1,1,0,0,0,0
11/20/2025,11:50:34,0,25,217,435,255,13,201,3,2,0,0,0,0
11/20/2025,11:50:39,0,25,198,433,256,4,200,0,1,0,0,0,0
11/20/2025,11:50:44,0,25,228,435,256,14,200,5,4,0,0,0,0
11/20/2025,11:50:49,0,25,196,433,256,7,202,1,1,0,0,0,0
11/20/2025,11:50:54,0,26,201,434,257,7,201,0,1,0,0,0,0
11/20/2025,11:50:59,0,26,230,435,257,12,201,5,3,0,0,0,0
11/20/2025,11:51:04,0,24,203,435,256,3,202,1,1,0,0,0,0
11/20/2025,11:51:09,0,26,224,435,256,14,201,4,3,0,0,0,0
11/20/2025,11:51:14,0,25,216,435,256,13,201,4,4,0,0,0,0
11/20/2025,11:51:19,0,26,208,435,257,13,200,4,3,0,0,0,0
11/20/2025,11:51:24,0,25,202,432,257,5,202,1,1,0,0,0,0
11/20/2025,11:51:29,0,24,200,434,257,7,202,1,1,0,0,0,0
11/20/2025,11:51:34,0,25,215,434,257,14,202,4,3,0,0,0,0
11/20/2025,11:51:39,0,28,223,436,256,11,202,5,3,0,0,0,0
11/20/2025,11:51:44,0,26,202,435,258,15,202,4,2,0,0,0,0
11/20/2025,11:51:49,0,23,197,432,257,6,201,0,1,0,0,0,0
11/20/2025,11:51:54,0,25,204,434,257,4,201,0,1,0,0,0,0
11/20/2025,11:51:59,0,24,199,433,257,5,202,1,1,0,0,0,0
11/20/2025,11:52:04,0,21,204,435,257,13,201,3,1,0,0,0,0
11/20/2025,11:52:09,0,24,227,434,257,13,202,4,3,0,0,0,0
11/20/2025,11:52:14,0,24,202,435,257,5,201,1,1,0,0,0,0
11/20/2025,11:52:19,0,25,202,433,257,5,200,0,1,0,0,0,0
11/20/2025,11:52:24,0,24,196,434,257,11,200,3,3,0,0,0,0
11/20/2025,11:52:29,0,27,212,435,256,15,201,3,3,0,0,0,0
11/20/2025,11:52:34,0,28,219,435,257,14,201,4,3,0,0,0,0
11/20/2025,11:52:39,0,26,227,435,257,13,201,5,3,0,0,0,0
11/20/2025,11:52:44,0,25,222,435,257,14,201,5,4,0,0,0,0
11/20/2025,11:52:49,0,25,209,436,257,13,202,4,3,0,0,0,0
11/20/2025,11:52:54,0,25,204,435,257,6,202,1,1,0,0,0,0
11/20/2025,11:52:59,0,23,197,434,257,6,201,0,1,0,0,0,0
11/20/2025,11:53:04,0,25,195,435,256,6,202,1,1,0,0,0,0
11/20/2025,11:53:09,0,27,221,436,257,13,201,3,2,0,0,0,0
11/20/2025,11:53:14,0,25,204,436,257,7,202,2,2,0,0,0,0
11/20/2025,11:53:19,0,25,207,434,257,5,202,1,1,0,0,0,0
11/20/2025,11:53:24,0,22,209,436,257,13,201,3,2,0,0,0,0
11/20/2025,11:53:29,0,26,216,435,257,15,202,5,3,0,0,0,0
11/20/2025,11:53:34,0,25,197,435,256,9,200,1,1,0,0,0,0
11/20/2025,11:53:39,0,21,191,433,257,14,203,3,2,0,0,0,0
11/20/2025,11:53:44,0,26,213,436,256,14,201,4,3,0,0,0,0
11/20/2025,11:53:49,0,24,202,434,257,5,202,1,1,0,0,0,0
11/20/2025,11:53:54,0,28,227,434,257,16,202,5,3,0,0,0,0
11/20/2025,11:53:59,0,25,196,435,257,9,202,1,1,0,0,0,0
11/20/2025,11:54:04,0,28,212,436,257,14,202,4,3,0,0,0,0
11/20/2025,11:54:09,0,24,205,437,256,6,202,2,2,0,0,0,0
11/20/2025,11:54:14,0,26,197,436,257,6,201,1,1,0,0,0,0
11/20/2025,11:54:19,0,25,212,437,257,14,201,3,3,0,0,0,0
11/20/2025,11:54:24,0,25,192,435,257,9,202,2,2,0,0,0,0
11/20/2025,11:54:29,0,24,203,436,257,5,202,2,1,0,0,0,0
11/20/2025,11:54:34,0,28,227,437,257,13,201,4,3,0,0,0,0
11/20/2025,11:54:39,0,25,196,433,257,9,202,1,1,0,0,0,0
11/20/2025,11:54:44,0,25,195,436,257,7,201,0,0,0,0,0,0
11/20/2025,11:54:49,0,26,206,437,257,9,201,3,3,0,0,0,0
11/20/2025,11:54:54,0,24,228,438,257,16,202,5,3,0,0,0,0
11/20/2025,11:54:59,0,28,203,436,257,13,202,4,3,0,0,0,0
11/20/2025,11:55:04,0,27,203,436,258,5,201,0,1,0,0,0,0
11/20/2025,11:55:09,0,25,198,436,257,8,200,2,1,0,0,0,0
11/20/2025,11:55:14,0,25,202,437,257,8,201,1,1,0,0,0,0
11/20/2025,11:55:19,0,22,197,436,257,7,202,1,1,0,0,0,0
11/20/2025,11:55:24,0,21,200,436,257,11,203,0,1,0,0,0,0
11/20/2025,11:55:29,0,25,204,436,256,6,202,0,1,0,0,0,0
11/20/2025,11:55:34,0,24,198,435,257,6,202,1,1,0,0,0,0
11/20/2025,11:55:39,0,24,194,436,257,9,203,1,3,0,0,0,0
11/20/2025,11:55:44,0,26,208,437,256,13,202,4,2,0,0,0,0
11/20/2025,11:55:49,0,25,219,438,257,13,203,5,3,0,0,0,0
11/20/2025,11:55:54,0,24,227,436,257,16,203,5,3,0,0,0,0
11/20/2025,11:55:59,0,25,209,437,257,14,202,4,3,0,0,0,0
11/20/2025,11:56:04,0,24,202,437,257,7,202,2,2,0,0,0,0
11/20/2025,11:56:09,0,24,198,436,257,8,203,1,1,0,0,0,0
11/20/2025,11:56:14,0,25,199,435,255,7,202,0,1,0,0,0,0
11/20/2025,11:56:19,0,27,209,436,257,13,202,4,3,0,0,0,0
11/20/2025,11:56:24,0,25,220,436,257,12,202,4,1,0,0,0,0
11/20/2025,11:56:29,0,25,225,436,257,13,200,5,2,0,0,0,0
11/20/2025,11:56:34,0,24,229,433,257,15,202,5,3,0,0,0,0
11/20/2025,11:56:39,0,25,229,435,257,14,201,5,3,0,0,0,0
11/20/2025,11:56:44,0,22,222,434,257,14,202,5,3,0,0,0,0
11/20/2025,11:56:49,0,25,214,434,257,14,201,4,3,0,0,0,0
11/20/2025,11:56:54,0,25,205,433,257,7,202,2,2,0,0,0,0
11/20/2025,11:56:59,0,24,196,431,257,6,201,2,1,0,0,0,0
11/20/2025,11:57:04,0,25,206,432,257,8,202,1,1,0,0,0,0
11/20/2025,11:57:09,0,27,206,431,256,5,202,0,0,0,0,0,0
11/20/2025,11:57:14,0,26,205,431,257,4,202,1,1,0,0,0,0
11/20/2025,11:57:19,0,25,206,431,257,6,203,0,0,0,0,0,0
11/20/2025,11:57:24,0,23,209,430,256,6,201,1,1,0,0,0,0
11/20/2025,11:57:59,0,24,225,433,257,12,200,4,4,0,0,0,0
11/20/2025,11:58:03,0,27,198,432,257,11,201,2,2,0,0,0,0
11/20/2025,11:58:08,0,24,197,431,257,5,202,1,1,0,0,0,0
11/20/2025,11:58:13,0,25,206,432,255,6,201,0,1,0,0,0,0
11/20/2025,11:58:18,0,25,196,431,257,7,203,1,1,0,0,0,0
11/20/2025,11:58:23,0,24,204,431,257,7,202,0,1,0,0,0,0
11/20/2025,11:58:28,0,26,215,433,256,14,201,4,3,0,0,0,0
11/20/2025,11:58:33,0,25,227,432,256,15,201,5,3,0,0,0,0
11/20/2025,11:58:38,0,27,204,431,257,13,202,4,2,0,0,0,0
11/20/2025,11:58:43,0,23,201,431,256,5,202,1,1,0,0,0,0
11/20/2025,11:58:48,0,22,200,430,259,6,203,0,1,0,0,0,0
11/20/2025,11:58:53,0,24,210,432,257,12,203,4,3,0,0,0,0
11/20/2025,11:58:58,0,28,227,432,257,12,200,5,3,0,0,0,0
11/20/2025,11:59:03,0,26,208,430,259,13,201,4,2,0,0,0,0
11/20/2025,11:59:08,0,24,195,430,257,7,203,2,1,0,0,0,0
11/20/2025,11:59:13,0,25,206,431,257,3,201,0,1,0,0,0,0
11/20/2025,11:59:18,0,27,197,430,257,8,201,1,1,0,0,0,0
11/20/2025,11:59:23,0,25,215,431,257,16,202,4,3,0,0,0,0
11/20/2025,11:59:28,0,29,224,431,257,13,199,4,3,0,0,0,0
11/20/2025,11:59:33,0,25,205,431,257,8,202,3,3,0,0,0,0
11/20/2025,11:59:38,0,26,202,431,257,5,202,1,1,0,0,0,0
11/20/2025,11:59:43,0,25,203,434,257,6,202,1,1,0,0,0,0
11/20/2025,11:59:48,0,28,216,432,257,14,202,4,3,0,0,0,0
11/20/2025,11:59:53,0,21,197,430,257,7,201,1,1,0,0,0,0
11/20/2025,11:59:58,0,25,228,435,256,14,201,4,3,0,0,0,0
11/20/2025,12:00:03,0,25,201,433,257,5,201,0,1,0,0,0,0
11/20/2025,12:00:08,0,26,208,435,256,12,201,4,3,0,0,0,0
11/20/2025,12:00:13,0,24,206,434,257,14,201,3,3,0,0,0,0
11/20/2025,12:00:18,0,26,197,433,257,9,202,1,1,0,0,0,0
11/20/2025,12:00:23,0,25,212,435,257,14,201,3,3,0,0,0,0
11/20/2025,12:00:28,0,23,229,435,257,15,201,4,3,0,0,0,0
11/20/2025,12:00:33,0,24,213,435,257,15,202,4,3,0,0,0,0
11/20/2025,12:00:38,0,23,192,434,257,11,203,2,3,0,0,0,0
11/20/2025,12:00:43,0,22,204,434,257,4,201,1,1,0,0,0,0
11/20/2025,12:00:48,0,22,204,433,257,12,202,1,1,0,0,0,0
11/20/2025,12:00:53,0,25,218,434,257,16,202,5,3,0,0,0,0
11/20/2025,12:00:58,0,24,219,437,257,16,202,5,4,0,0,0,0
11/20/2025,12:01:39,0,23,220,437,257,14,202,4,3,0,0,0,0
11/20/2025,12:01:43,0,25,210,436,257,13,201,4,3,0,0,0,0
11/20/2025,12:01:48,0,24,227,435,257,16,201,5,3,0,0,0,0
11/20/2025,12:01:53,0,23,210,433,257,13,201,5,3,0,0,0,0
11/20/2025,12:01:58,0,23,200,433,258,5,201,1,1,0,0,0,0
11/20/2025,12:02:03,0,21,198,432,257,7,201,0,1,0,0,0,0
11/20/2025,12:02:08,0,23,211,431,257,12,201,3,3,0,0,0,0
11/20/2025,12:02:13,0,23,222,433,257,12,201,5,3,0,0,0,0
11/20/2025,12:02:18,0,22,201,433,256,14,201,3,3,0,0,0,0
11/20/2025,12:02:23,0,23,207,431,257,5,202,1,1,0,0,0,0
11/20/2025,12:02:28,0,25,206,433,257,8,202,2,1,0,0,0,0
11/20/2025,12:02:33,0,24,207,433,257,14,202,4,2,0,0,0,0
11/20/2025,12:02:38,0,20,202,433,257,6,202,2,2,0,0,0,0
11/20/2025,12:02:43,0,23,198,433,258,14,201,4,3,0,0,0,0
11/20/2025,12:02:48,0,25,210,434,256,11,200,4,3,0,0,0,0
11/20/2025,12:02:53,0,24,210,434,258,5,201,1,1,0,0,0,0
11/20/2025,12:02:58,0,28,203,434,257,12,202,3,3,0,0,0,0
11/20/2025,12:03:03,0,25,230,435,257,13,202,5,3,0,0,0,0
11/20/2025,12:03:08,0,24,210,436,258,11,202,4,3,0,0,0,0
11/20/2025,12:03:13,0,27,202,434,258,9,201,1,1,0,0,0,0
11/20/2025,12:03:18,0,26,215,435,258,13,201,4,3,0,0,0,0
11/20/2025,12:03:23,0,25,198,435,258,7,201,1,1,0,0,0,0
11/20/2025,12:03:28,0,33,228,436,258,14,201,4,3,0,0,0,0
11/20/2025,12:03:33,0,26,203,435,257,4,203,1,1,0,0,0,0
11/20/2025,12:03:38,0,26,209,436,257,11,202,2,3,0,0,0,0
11/20/2025,12:03:43,0,25,201,432,257,11,202,4,3,0,0,0,0
11/20/2025,12:03:48,0,23,199,436,257,5,202,1,1,0,0,0,0
11/20/2025,12:03:53,0,20,229,436,257,13,201,3,3,0,0,0,0
11/20/2025,12:03:58,0,25,193,435,257,8,202,2,2,0,0,0,0
11/20/2025,12:04:03,0,26,199,433,257,7,203,1,1,0,0,0,0
11/20/2025,12:04:08,0,25,222,437,258,16,201,4,3,0,0,0,0
11/20/2025,12:04:13,0,24,194,435,258,16,202,2,2,0,0,0,0
11/20/2025,12:04:18,0,25,200,436,258,6,200,1,1,0,0,0,0
11/20/2025,12:04:23,0,24,220,437,258,11,201,4,2,0,0,0,0
11/20/2025,12:04:28,0,24,204,433,253,9,201,1,1,0,0,0,0
11/20/2025,12:04:33,0,24,223,435,257,15,202,4,3,0,0,0,0
11/20/2025,12:04:38,0,22,196,432,257,7,202,0,1,0,0,0,0
11/20/2025,12:04:43,0,24,204,435,257,11,201,3,2,0,0,0,0
11/20/2025,12:04:48,0,25,197,435,258,13,201,3,3,0,0,0,0
11/20/2025,12:04:53,0,26,205,436,257,9,201,2,2,0,0,0,0
11/20/2025,12:04:58,0,24,194,434,257,8,202,2,2,0,0,0,0
11/20/2025,12:05:03,0,25,220,435,256,15,201,5,3,0,0,0,0
11/20/2025,12:05:08,0,22,201,434,257,7,201,1,1,0,0,0,0
11/20/2025,12:05:13,0,22,218,434,256,14,201,4,2,0,0,0,0
11/20/2025,12:05:18,0,23,199,435,257,4,201,1,1,0,0,0,0
11/20/2025,12:05:23,0,20,221,437,258,12,201,3,3,0,0,0,0
11/20/2025,12:05:28,0,26,208,434,256,5,200,1,1,0,0,0,0
11/20/2025,12:05:33,0,24,206,436,259,7,200,1,1,0,0,0,0
11/20/2025,12:05:38,0,24,227,436,257,15,201,4,3,0,0,0,0
11/20/2025,12:05:43,0,26,211,435,257,13,201,4,3,0,0,0,0
11/20/2025,12:05:48,0,24,194,432,257,8,201,1,1,0,0,0,0
11/20/2025,12:05:53,0,26,207,434,256,6,202,0,1,0,0,0,0
11/20/2025,12:05:58,0,25,201,435,257,6,201,1,1,0,0,0,0
11/20/2025,12:06:03,0,25,213,435,258,15,202,3,3,0,0,0,0
11/20/2025,12:06:08,0,25,228,436,256,14,201,5,3,0,0,0,0
11/20/2025,12:06:13,0,27,212,435,256,13,201,4,3,0,0,0,0
11/20/2025,12:06:18,0,24,195,434,257,8,202,2,1,0,0,0,0
11/20/2025,12:06:23,0,22,207,434,258,7,201,0,1,0,0,0,0
11/20/2025,12:06:28,0,25,200,435,258,6,202,2,2,0,0,0,0
11/20/2025,12:06:33,0,26,218,436,257,15,200,5,4,0,0,0,0
11/20/2025,12:06:38,0,26,216,437,256,13,201,4,3,0,0,0,0
11/20/2025,12:06:43,0,25,194,435,257,9,202,2,1,0,0,0,0
11/20/2025,12:06:48,0,22,202,434,258,7,202,1,1,0,0,0,0
11/20/2025,12:06:53,0,26,206,437,256,10,201,2,2,0,0,0,0
11/20/2025,12:06:58,0,25,228,438,257,15,201,4,3,0,0,0,0
11/20/2025,12:07:03,0,25,193,435,258,9,202,2,1,0,0,0,0
11/20/2025,12:07:08,0,27,202,436,256,5,200,1,1,0,0,0,0
11/20/2025,12:07:13,0,25,220,437,257,13,201,5,2,0,0,0,0
11/20/2025,12:07:18,0,24,200,435,257,6,202,1,1,0,0,0,0
11/20/2025,12:07:23,0,27,203,436,257,6,202,1,1,0,0,0,0
11/20/2025,12:07:28,0,22,225,437,257,17,201,3,2,0,0,0,0
11/20/2025,12:07:33,0,24,198,435,258,7,202,1,1,0,0,0,0
11/20/2025,12:07:38,0,23,200,435,257,7,202,1,1,0,0,0,0
11/20/2025,12:08:09,0,24,227,436,257,14,202,5,3,0,0,0,0
11/20/2025,12:08:13,0,23,192,435,258,8,200,2,2,0,0,0,0
11/20/2025,12:08:18,0,22,198,435,258,7,200,2,2,0,0,0,0
11/20/2025,12:08:23,0,23,226,437,258,16,201,5,3,0,0,0,0
11/20/2025,12:08:28,0,23,197,435,258,6,200,1,1,0,0,0,0
11/20/2025,12:08:33,0,23,207,436,258,12,202,3,2,0,0,0,0
11/20/2025,12:08:38,0,24,200,436,257,13,201,3,3,0,0,0,0
11/20/2025,12:08:43,0,23,199,435,258,6,202,1,1,0,0,0,0
11/20/2025,12:08:48,0,26,229,437,258,15,200,3,3,0,0,0,0
11/20/2025,12:08:53,0,24,199,435,257,6,201,1,1,0,0,0,0
11/20/2025,12:08:58,0,24,203,436,258,5,200,0,1,0,0,0,0
11/20/2025,12:09:03,0,22,218,434,258,15,199,5,3,0,0,0,0
11/20/2025,12:09:08,0,25,204,432,258,8,199,1,1,0,0,0,0
11/20/2025,12:09:13,0,25,228,436,257,17,201,4,3,0,0,0,0
11/20/2025,12:09:18,0,24,207,435,257,6,202,1,1,0,0,0,0
11/20/2025,12:09:23,0,23,223,436,258,16,202,5,3,0,0,0,0
11/20/2025,12:09:28,0,22,202,436,258,5,201,0,1,0,0,0,0
11/20/2025,12:09:33,0,24,215,435,258,16,202,5,3,0,0,0,0
11/20/2025,12:09:38,0,22,197,435,257,7,201,1,1,0,0,0,0
11/20/2025,12:09:43,0,23,213,436,256,15,200,3,3,0,0,0,0
11/20/2025,12:09:48,0,24,200,434,258,7,202,1,1,0,0,0,0
11/20/2025,12:09:53,0,22,219,437,258,15,200,4,3,0,0,0,0
11/20/2025,12:09:58,0,23,203,435,256,8,202,1,1,0,0,0,0
11/20/2025,12:10:03,0,24,198,435,257,14,200,2,2,0,0,0,0
11/20/2025,12:10:08,0,21,222,434,258,12,201,4,3,0,0,0,0
11/20/2025,12:10:13,0,24,217,436,258,15,200,5,3,0,0,0,0
11/20/2025,12:10:18,0,26,203,434,258,10,200,1,2,0,0,0,0
11/20/2025,12:10:23,0,24,208,434,257,7,201,0,1,0,0,0,0
11/20/2025,12:10:28,0,29,209,435,258,14,201,4,3,0,0,0,0
11/20/2025,12:10:33,0,26,210,436,258,14,202,4,3,0,0,0,0
11/20/2025,12:10:38,0,25,206,434,258,10,200,1,1,0,0,0,0
11/20/2025,12:10:43,0,25,200,435,258,12,202,3,2,0,0,0,0
11/20/2025,12:10:48,0,24,219,436,257,16,201,4,4,0,0,0,0
11/20/2025,12:10:53,0,24,223,436,257,18,200,5,3,0,0,0,0
11/20/2025,12:10:58,0,26,202,433,258,8,201,1,1,0,0,0,0
11/20/2025,12:11:03,0,24,219,436,258,13,202,4,2,0,0,0,0
11/20/2025,12:11:08,0,23,200,436,258,9,200,2,1,0,0,0,0
11/20/2025,12:11:13,0,24,194,434,258,8,201,1,1,0,0,0,0
11/20/2025,12:11:18,0,25,218,436,258,16,201,3,3,0,0,0,0
11/20/2025,12:11:23,0,24,202,433,258,6,201,0,1,0,0,0,0
11/20/2025,12:11:28,0,28,230,435,258,14,201,4,3,0,0,0,0
11/20/2025,12:11:33,0,24,198,434,258,7,200,1,1,0,0,0,0
11/20/2025,12:11:38,0,20,218,437,259,13,200,5,3,0,0,0,0
11/20/2025,12:11:43,0,24,195,434,258,6,201,1,1,0,0,0,0
11/20/2025,12:11:48,0,25,230,434,258,16,202,5,3,0,0,0,0
11/20/2025,12:11:53,0,26,204,435,258,5,201,0,1,0,0,0,0
11/20/2025,12:11:58,0,26,217,436,258,17,200,5,4,0,0,0,0
11/20/2025,12:12:03,0,23,193,435,258,8,201,2,1,0,0,0,0
11/20/2025,12:12:08,0,26,197,435,256,7,200,1,1,0,0,0,0
11/20/2025,12:12:13,0,25,212,438,258,17,201,4,3,0,0,0,0
11/20/2025,12:12:18,0,25,216,436,258,16,201,5,3,0,0,0,0
11/20/2025,12:12:23,0,25,194,434,258,8,202,2,1,0,0,0,0
11/20/2025,12:12:28,0,25,203,435,258,4,202,0,0,0,0,0,0
11/20/2025,12:12:33,0,25,197,434,258,8,202,2,2,0,0,0,0
11/20/2025,12:12:38,0,25,202,435,256,7,201,2,2,0,0,0,0
11/20/2025,12:12:43,0,26,210,433,258,16,201,4,3,-0.0008,0,0,0
11/20/2025,12:12:48,0,25,222,434,258,19,200,6,4,0,0,0,0
11/20/2025,12:12:53,0,24,219,432,258,13,200,4,3,0,0,0,0
11/20/2025,12:12:58,0,24,202,428,256,14,203,4,3,0,0,0,0
11/20/2025,12:13:03,0,26,198,428,258,8,201,1,1,0,0,0,0
11/20/2025,12:13:08,0,21,208,430,257,5,199,0,1,0,0,0,0
11/20/2025,12:13:13,0,24,199,431,258,6,200,1,1,0,0,0,0
11/20/2025,12:13:18,0,24,206,431,258,14,200,2,3,0,0,0,0
11/20/2025,12:13:23,0,25,224,431,257,16,200,5,4,0,0,0,0
11/20/2025,12:13:28,0,25,219,431,258,16,200,4,3,0,0,0,0
11/20/2025,12:13:33,0,24,196,430,258,16,201,3,3,0,0,0,0
11/20/2025,12:13:38,0,26,206,427,258,5,202,1,0,0,0,0,0
11/20/2025,12:13:43,0,25,200,429,258,8,200,0,1,0,0,0,0
11/20/2025,12:13:48,0,27,206,431,258,9,201,2,3,0,0,0,0
11/20/2025,12:13:53,0,27,220,431,258,17,200,5,3,0,0,0,0
11/20/2025,12:13:58,0,26,219,432,258,14,201,4,2,0,0,0,0
11/20/2025,12:14:03,0,24,193,430,258,13,201,1,2,0,0,0,0
11/20/2025,12:14:08,0,27,206,430,257,6,201,0,0,0,0,0,0
11/20/2025,12:14:13,0,25,202,431,258,8,200,2,1,0,0,0,0
11/20/2025,12:14:18,0,26,219,432,256,16,200,5,3,0,0,0,0
11/20/2025,12:14:23,0,24,217,429,258,15,201,4,3,0,0,0,0
11/20/2025,12:14:28,0,32,204,428,257,15,201,4,2,0,0,0,0
11/20/2025,12:14:33,0,26,194,426,258,7,201,1,1,0,0,0,0
11/20/2025,12:14:38,0,27,205,426,259,4,200,0,0,0,0,0,0
11/20/2025,12:14:43,0,26,198,425,258,6,200,1,1,0,0,0,0
11/20/2025,12:14:48,0,27,212,426,258,15,202,4,3,0,0,0,0
11/20/2025,12:14:53,0,24,225,428,257,12,200,4,3,0,0,0,0
11/20/2025,12:14:58,0,30,197,426,258,11,200,3,3,0,0,0,0
11/20/2025,12:15:03,0,27,206,426,258,7,201,0,1,0,0,0,0
11/20/2025,12:15:08,0,27,207,428,256,12,200,3,3,0,0,0,0
11/20/2025,12:15:13,0,25,216,427,258,14,200,4,3,0,0,0,0
11/20/2025,12:15:18,0,30,205,426,258,11,202,2,1,-0.0008,0,0,0
11/20/2025,12:15:23,0,27,227,429,258,17,201,6,4,0,0,0,0
11/20/2025,12:15:28,0,27,203,425,258,4,200,0,1,0,0,0,0
11/20/2025,12:15:33,0,25,213,430,256,14,200,4,3,0,0,0,0
11/20/2025,12:15:38,0,28,196,428,258,9,201,1,1,0,0,0,0
11/20/2025,12:15:43,0,27,206,430,257,13,200,2,3,0,0,0,0
11/20/2025,12:15:48,0,21,197,428,259,14,201,3,3,0,0,0,0
11/20/2025,12:15:53,0,28,198,430,257,7,200,1,1,0,0,0,0
11/20/2025,12:15:58,0,26,216,432,257,15,200,4,3,0,0,0,0
11/20/2025,12:16:03,0,27,210,432,258,14,200,4,3,0,0,0,0
11/20/2025,12:16:08,0,26,206,430,258,6,201,0,0,0,0,0,0
11/20/2025,12:16:13,0,26,204,432,258,12,200,2,2,0,0,0,0
11/20/2025,12:16:18,0,24,221,433,257,14,201,4,3,0,0,0,0
11/20/2025,12:16:23,0,27,193,431,258,7,201,1,1,0,0,0,0
11/20/2025,12:16:28,0,27,196,432,257,8,199,0,1,0,0,0,0
11/20/2025,12:16:33,0,25,206,434,258,8,201,3,2,0,0,0,0
11/20/2025,12:16:38,0,27,231,434,258,15,201,4,3,0,0,0,0
11/20/2025,12:16:43,0,26,193,432,258,9,200,2,2,0,0,0,0
11/20/2025,12:16:48,0,27,198,434,258,8,200,1,1,0,0,0,0
11/20/2025,12:16:53,0,25,203,434,258,5,200,1,1,0,0,0,0
11/20/2025,12:16:58,0,24,215,434,258,16,201,4,3,0,0,0,0
11/20/2025,12:17:03,0,26,221,435,259,14,200,4,3,0,0,0,0
11/20/2025,12:17:08,0,27,191,434,259,11,202,2,2,0,0,0,0
11/20/2025,12:17:13,0,28,203,434,258,5,200,0,1,0,0,0,0
11/20/2025,12:17:18,0,26,198,434,259,7,201,1,1,0,0,0,0
11/20/2025,12:17:23,0,25,202,436,258,8,201,1,2,0,0,0,0
11/20/2025,12:17:28,0,28,226,436,258,17,200,4,3,0,0,0,0
11/20/2025,12:17:33,0,29,213,436,258,16,202,4,3,0,0,0,0
11/20/2025,12:17:38,0,27,192,435,258,8,200,1,1,0,0,0,0
11/20/2025,12:17:43,0,26,207,435,257,6,202,0,0,0,0,0,0
11/20/2025,12:18:39,0,28,199,433,259,10,201,0,1,0,0,0,0
11/20/2025,12:18:43,0,26,226,434,258,17,200,5,4,0,0,0,0
11/20/2025,12:18:48,0,25,202,434,258,8,201,2,1,0,0,0,0
11/20/2025,12:18:53,0,26,194,433,259,7,202,1,2,0,0,0,0
11/20/2025,12:18:58,0,28,207,433,258,7,200,0,1,0,0,0,0
11/20/2025,12:19:03,0,27,208,433,259,7,201,1,1,0,0,0,0
11/20/2025,12:19:08,0,24,207,432,259,7,200,0,0,0,0,0,0
11/20/2025,12:19:13,0,27,206,432,258,5,201,0,1,0,0,0,0
11/20/2025,12:19:18,0,27,199,433,258,6,202,1,1,0,0,0,0
11/20/2025,12:19:23,0,25,193,434,259,11,200,2,2,0,0,0,0
11/20/2025,12:19:28,0,24,206,435,259,14,200,3,3,0,0,0,0
11/20/2025,12:19:33,0,27,227,436,259,15,201,4,3,0,0,0,0
11/20/2025,12:19:38,0,26,203,434,259,8,202,2,2,0,0,0,0
11/20/2025,12:19:43,0,25,194,431,259,11,201,1,1,0,0,0,0
11/20/2025,12:19:48,0,23,216,436,258,16,201,3,4,0,0,0,0
11/20/2025,12:19:53,0,25,205,434,258,4,200,1,1,0,0,0,0
11/20/2025,12:19:58,0,25,211,435,259,15,201,3,3,0,0,0,0
11/20/2025,12:20:03,0,22,215,436,259,15,201,4,4,0,0,0,0
11/20/2025,12:20:08,0,24,197,435,258,8,200,1,1,0,0,0,0
11/20/2025,12:20:13,0,25,197,433,259,7,201,0,0,0,0,0,0
11/20/2025,12:20:18,0,22,222,437,257,14,200,4,3,0,0,0,0
11/20/2025,12:20:23,0,25,204,434,256,7,202,2,1,0,0,0,0
11/20/2025,12:20:28,0,24,206,434,258,6,200,1,1,0,0,0,0
11/20/2025,12:20:33,0,26,192,434,258,10,200,0,1,0,0,0,0
11/20/2025,12:20:38,0,26,206,433,259,12,201,4,3,0,0,0,0
11/20/2025,12:20:43,0,25,213,434,259,15,202,4,3,0,0,0,0
11/20/2025,12:20:48,0,20,215,436,259,14,201,4,3,0,0,0,0
11/20/2025,12:20:53,0,26,218,435,259,15,202,5,3,0,0,0,0
11/20/2025,12:20:58,0,25,216,437,259,14,198,4,3,0,0,0,0
11/20/2025,12:21:03,0,25,219,437,259,11,200,5,3,0,0,0,0
11/20/2025,12:21:08,0,29,228,434,259,17,202,5,3,0,0,0,0
11/20/2025,12:21:13,0,26,213,437,257,14,200,4,3,0,0,0,0
11/20/2025,12:21:18,0,25,198,435,257,8,203,1,1,0,0,0,0
11/20/2025,12:21:23,0,26,205,435,257,5,200,0,0,0,0,0,0
11/20/2025,12:21:28,0,23,198,431,259,15,201,3,3,0,0,0,0
11/20/2025,12:21:33,0,25,224,436,258,12,201,5,3,0,0,0,0
11/20/2025,12:21:38,0,25,210,437,259,15,202,4,3,0,0,0,0
11/20/2025,12:21:43,0,27,200,435,258,7,200,1,1,0,0,0,0
11/20/2025,12:21:48,0,26,208,435,259,7,201,0,1,0,0,0,0
11/20/2025,12:21:53,0,24,194,435,259,15,202,3,3,0,0,0,0
11/20/2025,12:21:58,0,26,226,436,259,15,200,5,3,0,0,0,0
11/20/2025,12:22:03,0,26,206,437,258,13,201,3,3,0,0,0,0
11/20/2025,12:22:08,0,26,198,436,258,8,201,1,1,0,0,0,0
11/20/2025,12:22:13,0,26,198,436,259,6,200,0,1,0,0,0,0
11/20/2025,12:22:18,0,26,208,435,258,14,200,4,3,0,0,0,0
11/20/2025,12:22:23,0,27,229,436,259,15,200,5,3,0,0,0,0
11/20/2025,12:22:28,0,25,209,435,259,15,201,4,3,0,0,0,0
11/20/2025,12:22:33,0,24,198,434,259,8,201,1,1,0,0,0,0
11/20/2025,12:22:38,0,24,200,435,257,5,202,0,1,0,0,0,0
11/20/2025,12:22:43,0,25,196,436,257,12,200,4,3,0,0,0,0
11/20/2025,12:22:48,0,25,216,436,259,14,200,5,3,0,0,0,0
11/20/2025,12:22:53,0,27,229,437,258,16,201,5,3,0,0,0,0
11/20/2025,12:22:58,0,25,217,436,259,18,201,5,4,0,0,0,0
11/20/2025,12:23:03,0,26,217,437,258,16,201,5,4,0,0,0,0
11/20/2025,12:23:08,0,27,227,437,259,16,201,4,3,0,0,0,0
11/20/2025,12:23:13,0,29,205,433,259,16,202,5,3,0,0,0,0
11/20/2025,12:23:18,0,26,204,434,258,5,200,0,0,0,0,0,0
11/20/2025,12:23:23,0,27,201,436,258,8,202,2,2,0,0,0,0
11/20/2025,12:23:28,0,23,219,436,259,15,202,5,3,0,0,0,0
11/20/2025,12:23:33,0,27,203,434,259,6,202,1,1,0,0,0,0
11/20/2025,12:23:38,0,27,206,436,259,9,201,1,1,0,0,0,0
11/20/2025,12:23:43,0,27,229,436,258,15,201,4,3,0,0,0,0
11/20/2025,12:23:48,0,26,205,435,258,13,200,4,3,0,0,0,0
11/20/2025,12:23:53,0,25,196,435,257,7,202,1,1,0,0,0,0
11/20/2025,12:23:58,0,25,204,435,258,6,201,0,0,0,0,0,0
11/20/2025,12:24:03,0,25,203,434,259,6,201,0,1,0,0,0,0
11/20/2025,12:24:08,0,25,199,434,257,6,200,1,1,0,0,0,0
11/20/2025,12:24:13,0,22,200,436,258,15,201,2,3,0,0,0,0
11/20/2025,12:24:18,0,25,224,436,258,12,202,5,3,0,0,0,0
11/20/2025,12:24:23,0,25,215,436,258,16,201,4,3,0,0,0,0
11/20/2025,12:24:28,0,25,201,433,259,8,201,1,2,0,0,0,0
11/20/2025,12:24:33,0,24,197,433,259,10,202,1,1,0,0,0,0
11/20/2025,12:24:38,0,24,203,434,259,5,201,0,0,0,0,0,0
11/20/2025,12:24:43,0,24,195,435,259,9,202,2,1,0,0,0,0
11/20/2025,12:24:48,0,25,205,436,258,13,201,4,3,0,0,0,0
11/20/2025,12:24:53,0,22,219,437,259,13,202,4,3,0,0,0,0
11/20/2025,12:24:58,0,24,227,437,259,15,201,5,3,0,0,0,0
11/20/2025,12:25:03,0,22,229,437,258,15,201,5,3,0,0,0,0
11/20/2025,12:25:08,0,24,217,439,259,16,202,5,3,0,0,0,0
11/20/2025,12:25:13,0,23,191,436,258,10,201,3,2,0,0,0,0
11/20/2025,12:25:18,0,25,201,435,259,5,202,1,1,0,0,0,0
11/20/2025,12:25:23,0,27,209,433,259,8,201,0,0,0,0,0,0
11/20/2025,12:25:28,0,27,204,435,258,6,201,1,1,0,0,0,0
11/20/2025,12:25:33,0,23,204,436,259,5,200,0,0,0,0,0,0
11/20/2025,12:25:38,0,25,201,436,258,13,201,3,3,0,0,0,0
11/20/2025,12:25:43,0,25,209,438,257,13,200,3,3,0,0,0,0
11/20/2025,12:25:48,0,28,196,434,259,12,202,3,3,0,0,0,0
11/20/2025,12:25:53,0,26,201,436,257,6,201,2,1,0,0,0,0
11/20/2025,12:25:58,0,24,219,436,259,13,201,4,3,0,0,0,0
11/20/2025,12:26:03,0,23,200,435,258,8,201,1,0,0,0,0,0
11/20/2025,12:26:08,0,25,229,435,257,17,201,4,3,0,0,0,0
11/20/2025,12:26:13,0,25,207,434,258,5,200,0,0,0,0,0,0
11/20/2025,12:26:18,0,23,224,434,259,17,202,6,4,0,0,0,0
11/20/2025,12:26:23,0,25,203,433,259,5,201,1,1,0,0,0,0
11/20/2025,12:26:28,0,23,221,435,259,16,202,4,4,0,0,0,0
11/20/2025,12:26:33,0,24,200,434,259,5,201,0,0,0,0,0,0
11/20/2025,12:26:38,0,26,208,435,257,14,201,4,2,0,0,0,0
11/20/2025,12:26:43,0,23,195,433,259,12,201,3,2,0,0,0,0
11/20/2025,12:26:48,0,24,205,435,259,11,202,3,2,0,0,0,0
11/20/2025,12:26:53,0,26,199,433,259,9,201,1,1,0,0,0,0
11/20/2025,12:26:58,0,25,204,434,259,4,201,0,1,0,0,0,0
11/20/2025,12:27:03,0,26,196,434,259,5,202,1,1,0,0,0,0
11/20/2025,12:27:08,0,25,191,434,259,10,201,2,1,0,0,0,0
11/20/2025,12:27:13,0,28,216,435,259,13,202,4,3,0,0,0,0
11/20/2025,12:27:18,0,26,221,435,259,17,201,5,4,0,0,0,0
11/20/2025,12:27:23,0,25,202,434,259,7,201,1,1,0,0,0,0
11/20/2025,12:27:28,0,26,197,434,259,7,201,0,1,0,0,0,0
11/20/2025,12:27:33,0,26,229,436,259,15,202,5,3,0,0,0,0
11/20/2025,12:27:38,0,24,199,435,259,9,202,1,1,0,0,0,0
11/20/2025,12:27:43,0,26,199,434,259,6,201,0,0,0,0,0,0
11/20/2025,12:27:48,0,24,218,435,259,14,202,5,3,0,0,0,0
11/20/2025,12:27:53,0,26,206,435,258,10,200,4,2,0,0,0,0
11/20/2025,12:28:38,0,26,210,432,259,9,201,2,1,0,0,0,0
11/20/2025,12:28:42,0,27,200,428,259,8,202,2,1,0,0,0,0
11/20/2025,12:28:47,0,27,197,428,258,6,201,1,1,0,0,0,0
11/20/2025,12:28:52,0,27,228,429,258,16,201,4,4,0,0,0,0
11/20/2025,12:28:57,0,27,197,428,258,7,200,1,1,0,0,0,0
11/20/2025,12:29:02,0,26,200,428,259,15,201,3,3,0,0,0,0
11/20/2025,12:29:07,0,26,211,429,259,13,202,4,3,0,0,0,0
11/20/2025,12:29:12,0,28,205,428,259,5,200,0,1,0,0,0,0
11/20/2025,12:29:17,0,29,215,429,259,15,201,4,3,0,0,0,0
11/20/2025,12:29:22,0,30,204,430,259,8,201,2,2,0,0,0,0
11/20/2025,12:29:27,0,28,192,428,259,9,202,3,2,0,0,0,0
11/20/2025,12:29:32,0,28,206,429,259,14,202,4,3,-0.0008,0,0,0
11/20/2025,12:29:37,0,28,198,428,259,5,201,1,1,0,0,0,0
11/20/2025,12:29:42,0,28,210,429,257,15,201,3,3,0,0,0,0
11/20/2025,12:29:47,0,29,198,426,259,13,200,3,3,0,0,0,0
11/20/2025,12:29:52,0,27,200,427,259,4,200,1,1,0,0,0,0
11/20/2025,12:29:57,0,29,223,428,259,18,201,4,3,0,0,0,0
11/20/2025,12:30:02,0,31,191,426,259,9,202,2,2,0,0,0,0
11/20/2025,12:30:07,0,31,201,427,259,8,202,2,1,0,0,0,0
11/20/2025,12:30:12,0,29,225,430,258,17,201,5,4,0,0,0,0
11/20/2025,12:30:17,0,29,192,427,259,9,200,1,2,0,0,0,0
11/20/2025,12:30:22,0,27,201,428,258,7,200,0,1,0,0,0,0
11/20/2025,12:30:27,0,31,221,431,257,16,200,5,3,0,0,0,0
11/20/2025,12:30:32,0,25,207,429,258,6,202,1,1,0,0,0,0
11/20/2025,12:30:37,0,28,227,430,259,17,202,5,3,0,0,0,0
11/20/2025,12:30:42,0,26,207,429,258,5,201,1,0,0,0,0,0
11/20/2025,12:30:47,0,28,228,429,259,16,201,4,3,0,0,0,0
11/20/2025,12:30:52,0,26,195,425,259,4,201,1,1,0,0,0,0
11/20/2025,12:30:57,0,30,201,425,257,13,201,3,2,0,0,0,0
11/20/2025,12:31:02,0,28,193,424,258,10,201,3,2,0,0,0,0
11/20/2025,12:31:07,0,26,205,421,259,11,201,3,2,0,0,0,0
11/20/2025,12:31:12,0,31,199,423,259,7,202,1,1,0,0,0,0
11/20/2025,12:31:17,0,29,200,424,259,8,201,0,1,0,0,0,0
11/20/2025,12:31:22,0,27,203,423,259,6,201,1,0,0,0,0,0
11/20/2025,12:31:27,0,23,204,423,259,7,201,0,1,0,0,0,0
11/20/2025,12:31:32,0,31,206,423,259,6,202,1,0,0,0,0,0
11/20/2025,12:31:37,0,28,205,424,258,6,202,0,0,0,0,0,0
11/20/2025,12:31:42,0,28,206,424,259,5,201,1,1,0,0,0,0
11/20/2025,12:31:47,0,26,204,425,257,5,201,0,0,0,0,0,0
11/20/2025,12:31:52,0,28,195,423,259,7,201,1,1,0,0,0,0
11/20/2025,12:31:57,0,27,202,426,259,19,202,3,3,0,0,0,0
11/20/2025,12:32:02,0,27,209,427,259,14,202,4,3,0,0,0,0
11/20/2025,12:32:07,0,27,210,427,259,12,201,4,3,0,0,0,0
11/20/2025,12:32:12,0,28,213,428,259,15,202,4,3,0,0,0,0
11/20/2025,12:32:17,0,27,213,428,258,15,202,5,3,0,0,0,0
11/20/2025,12:32:22,0,24,209,428,259,14,201,4,3,0,0,0,0
11/20/2025,12:32:27,0,27,195,428,260,10,202,3,2,0,0,0,0
11/20/2025,12:32:32,0,27,200,428,259,5,201,0,1,0,0,0,0
11/20/2025,12:32:37,0,32,206,428,259,6,202,0,0,0,0,0,-0.0008
11/20/2025,12:32:42,0,22,201,428,259,6,202,1,1,0,0,0,0
11/20/2025,12:32:47,0,27,204,429,260,6,201,0,1,0,0,0,0
11/20/2025,12:32:52,0,27,206,429,260,4,201,0,0,0,0,0,0
11/20/2025,12:32:57,0,28,195,428,259,8,202,2,1,0,0,0,0
11/20/2025,12:33:02,0,29,217,430,259,14,201,4,3,0,0,0,0
11/20/2025,12:33:07,0,27,212,431,259,16,202,4,4,0,0,0,0
11/20/2025,12:33:12,0,27,199,429,258,9,201,1,1,0,0,0,0
11/20/2025,12:33:17,0,26,198,429,259,7,202,1,1,0,0,0,0
11/20/2025,12:33:22,0,26,216,430,259,14,202,4,3,0,0,0,0
11/20/2025,12:33:27,0,27,217,430,260,16,201,5,3,0,0,0,0
11/20/2025,12:33:32,0,28,205,428,259,6,202,2,2,0,0,0,0
11/20/2025,12:33:37,0,26,205,427,259,8,202,1,1,0,0,0,0
11/20/2025,12:33:42,0,27,193,428,259,8,200,1,1,0,0,0,0
11/20/2025,12:33:47,0,24,225,427,259,16,202,4,3,0,0,0,0
11/20/2025,12:33:52,0,24,204,429,259,9,202,3,2,0,0,0,0
11/20/2025,12:33:57,0,24,209,428,257,5,202,1,1,0,0,0,0
11/20/2025,12:34:02,0,22,208,429,259,10,201,3,3,0,0,0,0
11/20/2025,12:34:07,0,26,216,427,259,16,202,5,4,0,0,0,0
11/20/2025,12:34:12,0,26,196,428,259,7,202,2,2,0,0,0,0
11/20/2025,12:34:17,0,23,205,430,260,14,203,4,3,0,0,0,0
11/20/2025,12:34:22,0,26,212,431,259,15,202,5,3,0,0,0,0
11/20/2025,12:34:27,0,26,209,429,259,5,201,0,1,0,0,0,0
11/20/2025,12:34:32,0,23,217,430,259,13,202,5,3,0,0,0,0
11/20/2025,12:34:37,0,26,204,431,259,10,201,2,3,0,0,0,0
11/20/2025,12:34:42,0,26,200,430,259,4,201,0,1,0,0,0,0
11/20/2025,12:34:47,0,26,229,431,259,16,201,5,3,0,0,0,0
11/20/2025,12:34:52,0,27,196,430,259,7,202,2,2,0,0,0,0
11/20/2025,12:34:57,0,25,212,430,259,14,200,4,3,0,0,0,0
11/20/2025,12:35:02,0,25,203,431,259,9,203,2,1,0,0,0,0
11/20/2025,12:35:07,0,27,192,431,259,13,201,2,2,0,0,0,0
11/20/2025,12:35:12,0,27,210,433,259,15,202,4,3,0,0,0,0
11/20/2025,12:35:17,0,27,207,428,259,4,202,0,1,0,0,0,0
11/20/2025,12:35:22,0,26,214,433,259,14,203,4,3,0,0,0,0
11/20/2025,12:35:27,0,27,204,433,257,7,201,3,2,0,0,0,0
11/20/2025,12:35:32,0,25,202,431,259,4,202,1,1,0,0,0,0
11/20/2025,12:35:37,0,20,210,432,258,13,202,3,3,0,0,0,0
11/20/2025,12:35:42,0,26,215,433,259,16,203,5,3,0,0,0,0
11/20/2025,12:35:47,0,25,209,432,260,5,201,1,0,0,0,0,0
11/20/2025,12:35:52,0,24,228,432,260,16,203,4,3,0,0,0,0
11/20/2025,12:35:57,0,24,196,432,259,6,202,1,1,0,0,0,0
11/20/2025,12:36:02,0,26,201,432,259,7,201,3,3,0,0,0,0
11/20/2025,12:36:07,0,24,219,434,258,16,201,5,3,0,0,0,0
11/20/2025,12:36:12,0,24,200,432,259,8,202,2,1,0,0,0,0
11/20/2025,12:36:17,0,25,199,432,259,4,202,0,0,0,0,0,0
11/20/2025,12:36:22,0,25,208,433,259,11,202,4,3,0,0,0,0
11/20/2025,12:36:27,0,25,228,431,259,19,203,5,3,0,0,0,0
11/20/2025,12:36:32,0,26,213,434,259,16,203,5,4,0,0,0,0
11/20/2025,12:36:37,0,27,203,430,259,7,202,1,2,0,0,0,0
11/20/2025,12:36:42,0,25,197,431,259,7,203,1,1,0,0,0,0
11/20/2025,12:36:47,0,22,209,431,259,7,202,0,0,0,0,0,0
11/20/2025,12:36:52,0,28,200,430,259,8,201,1,1,0,0,0,0
11/20/2025,12:36:57,0,28,199,433,258,8,201,0,1,0,0,0,0
11/20/2025,12:37:02,0,25,201,432,259,4,202,1,1,0,0,0,0
11/20/2025,12:37:07,0,24,217,435,261,19,202,4,2,0,0,0,0
11/20/2025,12:37:12,0,24,202,433,259,8,203,2,1,0,0,0,0
11/20/2025,12:37:17,0,25,211,435,259,15,201,4,3,0,0,0,0
11/20/2025,12:37:22,0,25,197,433,260,5,201,1,1,0,0,0,0
11/20/2025,12:37:27,0,25,229,435,259,17,203,5,3,0,0,0,0
11/20/2025,12:37:32,0,24,194,433,260,8,202,2,2,0,0,0,0
11/20/2025,12:37:37,0,27,197,434,258,14,201,3,3,0,0,0,0
11/20/2025,12:37:42,0,26,214,435,260,14,203,5,3,0,0,0,0
11/20/2025,12:37:47,0,26,225,434,259,14,201,5,3,0,0,0,0
11/20/2025,12:37:52,0,26,228,434,259,17,200,6,4,0,0,0,0
11/20/2025,12:37:57,0,26,225,431,259,18,203,6,4,0,0,0,0
11/20/2025,12:38:02,0,25,222,432,259,16,203,5,4,0,0,0,0
11/20/2025,12:38:07,0,25,222,431,259,16,201,5,4,0,0,0,0
11/20/2025,12:38:50,0,25,221,425,259,15,203,5,4,0,0,0,0
11/20/2025,12:38:52,0,24,226,425,259,13,203,5,4,0,0,0,0
11/20/2025,12:38:57,0,25,211,425,259,13,201,4,3,0,0,0,0
11/20/2025,12:39:02,0,26,193,423,259,8,202,2,1,0,0,0,0
11/20/2025,12:39:07,0,25,207,424,259,3,201,0,1,0,0,0,0
11/20/2025,12:39:12,0,28,199,425,259,5,202,1,1,0,0,0,0
11/20/2025,12:39:17,0,27,211,427,260,15,201,4,3,0,0,0,0
11/20/2025,12:39:22,0,26,226,425,259,16,202,5,3,0,0,0,0
11/20/2025,12:39:27,0,25,215,426,259,13,208,5,3,0,0,0,0
11/20/2025,12:39:32,0,26,205,426,259,15,201,3,3,0,0,0,0
11/20/2025,12:39:37,0,27,194,427,258,9,203,2,2,0,0,0,0
11/20/2025,12:39:42,0,27,201,426,259,6,202,1,1,0,0,0,0
11/20/2025,12:39:47,0,25,201,427,260,8,202,0,1,0,0,0,0
11/20/2025,12:39:52,0,27,206,429,259,8,202,3,2,0,0,0,0
11/20/2025,12:39:57,0,28,229,430,258,14,200,5,3,0,0,0,0
11/20/2025,12:40:02,0,28,199,428,259,12,202,3,2,0,0,0,0
11/20/2025,12:40:07,0,21,207,429,260,7,201,1,1,0,0,0,0
11/20/2025,12:40:12,0,27,205,430,260,9,202,1,1,0,0,0,0
11/20/2025,12:40:17,0,27,230,429,259,15,203,4,3,0,0,0,0
11/20/2025,12:40:22,0,29,199,429,260,16,201,3,2,0,0,0,0
11/20/2025,12:40:27,0,27,205,430,260,6,203,1,1,0,0,0,0
11/20/2025,12:40:32,0,26,207,431,260,9,201,2,2,0,0,0,0
11/20/2025,12:40:37,0,25,222,432,260,13,203,5,3,0,0,0,0
11/20/2025,12:40:42,0,26,196,429,259,9,203,2,1,0,0,0,0
11/20/2025,12:40:47,0,26,201,431,258,8,203,1,2,0,0,0,0
11/20/2025,12:40:52,0,27,225,431,259,17,200,4,3,0,0,0,0
11/20/2025,12:40:57,0,26,196,432,259,7,203,2,1,0,0,0,0
11/20/2025,12:41:02,0,25,202,431,258,4,203,2,2,0,0,0,0
11/20/2025,12:41:07,0,29,230,433,259,15,201,5,3,0,0,0,0
11/20/2025,12:41:12,0,27,198,430,259,6,202,1,1,0,0,0,0
11/20/2025,12:41:17,0,27,205,433,260,9,202,2,3,0,0,0,0
11/20/2025,12:41:22,0,27,206,433,259,11,203,4,3,0,0,0,0
11/20/2025,12:41:27,0,28,200,432,260,7,202,1,1,0,0,0,0
11/20/2025,12:41:32,0,28,221,434,258,13,201,3,2,0,0,0,0
11/20/2025,12:41:37,0,26,202,432,258,11,201,0,1,0,0,0,0
11/20/2025,12:41:42,0,25,225,434,260,19,202,5,3,0,0,0,0
11/20/2025,12:41:47,0,26,197,432,259,7,202,1,2,0,0,0,0
11/20/2025,12:41:52,0,25,216,433,260,11,201,3,3,0,0,0,0
11/20/2025,12:41:57,0,25,203,434,260,7,202,1,1,0,0,0,0
11/20/2025,12:42:02,0,23,197,433,260,12,203,2,2,0,0,0,0
11/20/2025,12:42:07,0,27,208,436,258,13,202,3,2,0,0,0,0
11/20/2025,12:42:12,0,26,199,433,260,7,203,1,1,0,0,0,0
11/20/2025,12:42:17,0,26,217,435,259,16,201,3,3,0,0,0,0
11/20/2025,12:42:22,0,28,206,434,260,7,203,2,1,0,0,0,0
11/20/2025,12:42:27,0,23,212,434,260,12,202,4,3,0,0,0,0
11/20/2025,12:42:32,0,25,205,436,260,7,203,3,2,0,0,0,0
11/20/2025,12:42:37,0,26,200,435,260,6,202,1,1,0,0,0,0
11/20/2025,12:42:42,0,27,229,436,260,16,201,4,3,0,0,0,0
11/20/2025,12:42:47,0,24,201,435,260,6,203,1,1,0,0,0,0
11/20/2025,12:42:52,0,26,194,435,260,11,201,2,2,0,0,0,0
11/20/2025,12:42:57,0,25,223,437,260,15,202,5,3,0,0,0,0
11/20/2025,12:43:02,0,26,203,435,260,7,203,1,2,0,0,0,0
11/20/2025,12:43:07,0,26,200,436,259,8,202,1,0,0,0,0,0
11/20/2025,12:43:12,0,26,198,436,260,7,202,0,1,0,0,0,0
11/20/2025,12:43:17,0,25,203,436,260,12,201,3,3,0,0,0,0
11/20/2025,12:43:22,0,21,219,438,259,13,202,4,3,0,0,0,0
11/20/2025,12:43:27,0,26,226,438,260,15,201,5,3,0,0,0,0
11/20/2025,12:43:32,0,26,214,437,260,15,203,4,3,0,0,0,0
11/20/2025,12:43:37,0,27,211,438,260,14,202,4,3,0,0,0,0
11/20/2025,12:43:42,0,25,207,438,260,11,203,4,3,0,0,0,0
11/20/2025,12:43:47,0,26,207,439,260,11,202,3,2,0,0,0,0
11/20/2025,12:43:52,0,26,206,438,259,11,202,3,2,0,0,0,0
11/20/2025,12:43:57,0,26,204,438,260,4,203,2,1,0,0,0,0
11/20/2025,12:44:02,0,27,201,438,260,6,202,1,1,0,0,0,0
11/20/2025,12:44:07,0,26,203,438,261,7,202,0,1,0,0,0,0
11/20/2025,12:44:12,0,25,199,436,260,7,202,1,1,0,0,0,0
11/20/2025,12:44:17,0,25,208,438,259,19,202,3,3,0,0,0,0
11/20/2025,12:44:22,0,25,227,440,258,15,202,5,3,0,0,0,0
11/20/2025,12:44:27,0,27,204,440,260,7,202,2,2,0,0,0,0
11/20/2025,12:44:32,0,28,198,437,260,8,203,1,1,0,0,0,0
11/20/2025,12:44:37,0,28,201,437,260,7,203,0,1,0,0,0,0
11/20/2025,12:44:42,0,28,211,438,260,14,202,4,3,0,0,0,0
11/20/2025,12:44:47,0,28,214,438,260,15,203,5,3,-0.0008,0,0,0
11/20/2025,12:44:52,0,27,208,438,260,6,202,1,1,0,0,0,0
11/20/2025,12:44:57,0,27,225,439,260,15,202,4,3,0,0,0,0
11/20/2025,12:45:02,0,28,202,436,260,7,202,1,1,0,0,0,0
11/20/2025,12:45:07,0,27,214,439,260,14,203,4,3,0,0,0,0
11/20/2025,12:45:12,0,25,194,437,260,14,202,3,4,0,0,0,0
11/20/2025,12:45:17,0,27,201,438,260,7,201,1,1,0,0,0,0
11/20/2025,12:45:22,0,28,229,438,260,15,200,4,3,-0.0008,0,0,0
11/20/2025,12:45:27,0,28,199,437,258,7,202,1,1,0,0,0,0
11/20/2025,12:45:32,0,27,204,438,261,8,203,1,1,0,0,0,0
11/20/2025,12:45:37,0,28,229,439,260,15,203,4,3,0,0,0,0
11/20/2025,12:45:42,0,29,206,438,260,15,203,4,3,0,0,0,0
11/20/2025,12:45:47,0,27,192,439,260,9,202,1,2,0,0,0,0
11/20/2025,12:45:52,0,27,205,438,261,7,201,0,1,0,0,0,0
11/20/2025,12:45:57,0,25,198,434,260,8,203,1,1,0,0,0,0
11/20/2025,12:46:02,0,24,204,438,260,8,203,2,2,0,0,0,0
11/20/2025,12:46:07,0,26,217,440,259,16,202,5,3,0,0,0,0
11/20/2025,12:46:12,0,25,226,439,260,15,202,5,3,0,0,0,0
11/20/2025,12:46:17,0,26,227,440,258,14,203,4,3,0,0,0,0
11/20/2025,12:46:22,0,23,225,439,260,13,203,5,3,0,0,0,0
11/20/2025,12:46:27,0,27,223,439,260,12,202,3,3,0,0,0,0
11/20/2025,12:46:32,0,24,218,439,260,13,203,5,2,0,0,0,0
11/20/2025,12:46:37,0,27,218,438,260,14,203,4,3,0,0,0,0
11/20/2025,12:46:42,0,27,198,438,259,16,202,4,2,0,0,0,0
11/20/2025,12:46:47,0,26,200,437,260,7,203,1,1,0,0,0,0
11/20/2025,12:46:52,0,27,208,438,260,7,202,0,0,0,0,0,0
11/20/2025,12:46:57,0,26,196,437,260,8,202,1,0,0,0,0,0
11/20/2025,12:47:02,0,26,204,438,260,7,203,0,1,0,0,0,0
11/20/2025,12:47:07,0,27,217,439,258,16,202,5,3,0,0,0,0
11/20/2025,12:47:12,0,26,219,439,259,15,202,5,2,0,0,0,0
11/20/2025,12:47:17,0,27,209,437,260,13,203,4,3,0,0,0,0
11/20/2025,12:47:22,0,27,192,436,260,9,203,3,2,0,0,0,0
11/20/2025,12:47:27,0,26,198,436,260,6,202,1,1,0,0,0,0
11/20/2025,12:47:32,0,26,202,436,260,8,201,0,1,0,0,0,0
11/20/2025,12:47:37,0,25,202,437,260,5,201,1,1,0,0,0,0
11/20/2025,12:47:42,0,27,212,436,260,17,203,4,3,0,0,0,0
11/20/2025,12:47:47,0,28,227,439,259,15,202,5,3,0,0,0,0
11/20/2025,12:47:52,0,27,218,437,260,13,201,4,3,0,0,0,0
11/20/2025,12:47:57,0,27,193,435,260,11,201,2,2,0,0,0,0
11/20/2025,12:48:02,0,30,209,435,259,7,201,1,1,0,0,0,0
11/20/2025,12:48:07,0,27,201,434,260,7,203,0,1,0,0,0,0
11/20/2025,12:48:12,0,28,212,435,260,14,203,4,3,0,0,0,0
11/20/2025,12:48:17,0,24,220,433,261,15,203,5,3,0,0,0,0
11/20/2025,12:48:57,0,27,200,435,260,12,202,1,1,-0.0008,0,0,0
11/20/2025,12:49:01,0,25,213,434,260,15,203,3,3,0,0,0,0
11/20/2025,12:49:06,0,26,222,437,259,15,202,5,2,0,0,0,0
11/20/2025,12:49:11,0,25,196,436,260,8,202,1,1,0,0,0,0
11/20/2025,12:49:16,0,24,197,436,260,10,202,0,2,0,0,0,0
11/20/2025,12:49:21,0,26,210,438,260,14,203,4,3,0,0,0,0
11/20/2025,12:49:26,0,26,218,437,260,13,202,4,3,0,0,0,0
11/20/2025,12:49:31,0,25,193,436,259,11,201,2,2,0,0,0,0
11/20/2025,12:49:36,0,27,205,434,260,8,201,1,1,0,0,0,0
11/20/2025,12:49:41,0,26,200,432,260,8,203,1,1,0,0,0,0
11/20/2025,12:49:46,0,27,212,434,261,14,202,3,3,0,0,0,0
11/20/2025,12:49:51,0,26,225,434,260,16,202,5,3,0,0,0,0
11/20/2025,12:49:56,0,30,206,432,261,15,202,4,3,0,0,0,0
11/20/2025,12:50:01,0,28,196,433,260,8,202,2,1,0,0,0,0
11/20/2025,12:50:06,0,26,205,433,259,7,202,1,1,0,0,0,0
11/20/2025,12:50:11,0,26,205,432,260,9,202,1,1,0,0,0,0
11/20/2025,12:50:16,0,29,197,430,261,9,202,1,1,0,0,0,0
11/20/2025,12:50:21,0,26,200,432,260,7,203,0,1,0,0,0,0
11/20/2025,12:50:26,0,28,206,432,260,6,203,1,1,0,0,0,0
11/20/2025,12:50:31,0,27,197,431,260,10,203,0,1,0,0,0,0
11/20/2025,12:50:36,0,28,199,434,256,15,202,4,3,0,0,0,0
11/20/2025,12:50:41,0,28,210,433,261,15,203,4,3,0,0,0,0
11/20/2025,12:50:46,0,29,217,435,260,13,202,4,3,0,0,0,0
11/20/2025,12:50:51,0,31,226,434,261,14,203,4,3,0,0,0,0
11/20/2025,12:50:56,0,27,212,434,260,15,203,5,3,0,0,0,0
11/20/2025,12:51:01,0,26,200,435,260,9,202,1,1,0,0,0,0
11/20/2025,12:51:06,0,24,197,434,260,9,202,0,1,0,0,0,0
11/20/2025,12:51:11,0,25,203,435,260,6,202,1,0,0,0,0,0
11/20/2025,12:51:16,0,26,193,436,259,13,202,2,2,0,0,0,0
11/20/2025,12:51:21,0,25,208,436,260,15,202,4,2,0,0,0,0
11/20/2025,12:51:26,0,25,205,435,260,8,203,1,1,0,0,0,0
11/20/2025,12:51:31,0,26,224,438,260,16,202,4,3,0,0,0,0
11/20/2025,12:51:36,0,25,209,437,260,13,203,4,3,0,0,0,0
11/20/2025,12:51:41,0,26,200,436,261,9,203,1,1,0,0,0,0
11/20/2025,12:51:46,0,24,205,435,260,8,203,0,1,0,0,0,0
11/20/2025,12:51:51,0,27,200,436,261,5,202,1,1,0,0,0,0
11/20/2025,12:51:56,0,27,197,437,262,13,202,3,2,0,0,0,0
11/20/2025,12:52:01,0,27,217,437,260,12,203,4,3,0,0,0,0
11/20/2025,12:52:06,0,27,224,437,261,16,202,6,3,0,0,0,0
11/20/2025,12:52:11,0,26,211,437,261,15,203,5,3,0,0,0,0
11/20/2025,12:52:16,0,27,205,438,261,6,202,2,2,0,0,0,0
11/20/2025,12:52:21,0,22,201,437,260,7,203,1,1,0,0,0,0
11/20/2025,12:52:26,0,25,200,435,261,8,203,1,1,0,0,0,0
11/20/2025,12:52:31,0,26,197,436,261,9,203,0,2,0,0,0,0
11/20/2025,12:52:36,0,28,200,435,261,11,202,1,1,0,0,0,0
11/20/2025,12:52:41,0,27,209,436,260,6,202,0,0,0,0,0,0
11/20/2025,12:52:46,0,27,204,437,259,5,202,1,1,0,0,0,0
11/20/2025,12:52:51,0,27,199,436,260,6,202,0,0,0,0,0,0
11/20/2025,12:52:56,0,26,193,436,260,10,201,2,2,0,0,0,0
11/20/2025,12:53:01,0,25,211,437,261,14,203,4,3,0,0,0,0
11/20/2025,12:53:06,0,26,226,438,261,16,203,5,3,0,0,0,0
11/20/2025,12:53:11,0,27,205,437,261,10,202,2,2,0,0,0,0
11/20/2025,12:53:16,0,25,207,436,259,6,202,1,1,0,0,0,0
11/20/2025,12:53:21,0,28,213,438,259,15,202,4,3,0,0,0,0
11/20/2025,12:53:26,0,28,211,438,261,14,203,4,3,0,0,0,0
11/20/2025,12:53:31,0,29,199,437,259,8,202,2,1,0,0,0,0
11/20/2025,12:53:36,0,27,200,437,261,7,201,1,1,0,0,0,0
11/20/2025,12:53:41,0,26,200,438,261,13,203,3,1,0,0,0,0
11/20/2025,12:53:46,0,30,213,438,262,14,202,4,2,0,0,0,0
11/20/2025,12:53:51,0,29,220,438,262,14,202,6,3,0,0,0,0
11/20/2025,12:53:56,0,28,223,438,261,15,202,4,3,0,0,0,0
11/20/2025,12:54:01,0,27,206,435,261,13,201,3,3,0,0,0,0
11/20/2025,12:54:06,0,27,202,437,260,7,202,2,1,0,0,0,0
11/20/2025,12:54:11,0,28,202,437,263,7,203,2,1,0,0,0,0
11/20/2025,12:54:16,0,28,208,437,261,7,204,1,1,0,0,0,0
11/20/2025,12:54:21,0,27,195,438,261,8,202,0,1,0,0,0,0
11/20/2025,12:54:26,0,27,202,437,261,7,203,1,1,0,0,0,0
11/20/2025,12:54:31,0,26,208,438,261,13,203,3,2,0,0,0,0
11/20/2025,12:54:36,0,26,223,437,261,16,203,5,3,0,0,0,0
11/20/2025,12:54:41,0,26,216,437,261,14,202,4,3,0,0,0,0
11/20/2025,12:54:46,0,26,195,435,261,12,203,3,2,0,0,0,0
11/20/2025,12:54:51,0,27,198,436,259,6,203,1,1,0,0,0,0
11/20/2025,12:54:56,0,28,210,438,261,14,202,3,3,0,0,0,0
11/20/2025,12:55:01,0,35,218,436,261,14,204,4,2,0,0,0,0
11/20/2025,12:55:06,0,29,195,437,259,8,202,2,1,0,0,0,0
11/20/2025,12:55:11,0,29,197,435,261,7,203,1,1,0,0,0,0
11/20/2025,12:55:16,0,29,230,438,260,17,203,4,3,0,0,0,0
11/20/2025,12:55:21,0,26,208,437,261,6,201,1,1,0,0,0,0
11/20/2025,12:55:26,0,28,225,438,261,16,201,4,3,0,0,0,0
11/20/2025,12:55:31,0,21,199,437,259,7,202,1,1,0,0,0,0
11/20/2025,12:55:36,0,27,212,437,261,17,202,3,3,0,0,0,0
11/20/2025,12:55:41,0,28,203,437,261,8,203,2,2,0,0,0,0
11/20/2025,12:55:46,0,27,194,437,261,10,202,2,1,0,0,0,0
11/20/2025,12:55:51,0,26,215,437,261,17,203,5,3,0,0,0,0
11/20/2025,12:55:56,0,27,209,436,261,6,202,1,0,0,0,0,0
11/20/2025,12:56:01,0,31,217,437,260,14,202,4,3,0,0,0,0
11/20/2025,12:56:06,0,28,208,438,261,12,202,4,3,0,0,0,0
11/20/2025,12:56:11,0,25,209,435,261,7,203,1,1,0,0,0,0
11/20/2025,12:56:16,0,29,200,437,261,14,201,2,3,0,0,0,0
11/20/2025,12:56:21,0,27,217,438,259,15,202,5,3,0,0,0,0
11/20/2025,12:56:26,0,26,203,436,260,8,202,1,1,0,0,0,0
11/20/2025,12:56:31,0,32,206,437,260,16,203,2,3,0,0,0,0
11/20/2025,12:56:36,0,27,209,436,261,15,203,4,3,0,0,0,0
11/20/2025,12:56:41,0,27,203,437,262,5,202,1,0,0,0,0,0
11/20/2025,12:56:46,0,27,222,438,260,17,203,4,3,0,0,0,0
11/20/2025,12:56:51,0,28,203,434,261,8,203,1,2,0,0,0,0
11/20/2025,12:56:56,0,28,192,436,261,9,202,1,1,0,0,0,0
11/20/2025,12:57:01,0,28,219,436,261,16,202,4,3,0,0,0,0
11/20/2025,12:57:06,0,28,199,437,259,6,203,0,1,0,0,0,0
11/20/2025,12:57:11,0,30,193,436,260,12,203,2,2,0,0,0,0
11/20/2025,12:57:16,0,28,216,438,260,15,203,5,4,0,0,0,0
11/20/2025,12:57:21,0,31,206,436,261,7,202,1,1,0,0,0,0
11/20/2025,12:57:26,0,25,216,437,261,19,203,4,2,0,0,0,0
11/20/2025,12:57:31,0,28,200,436,259,7,202,1,1,0,0,0,0
11/20/2025,12:57:36,0,28,212,436,261,15,203,3,3,0,0,0,0
11/20/2025,12:57:41,0,27,200,436,261,8,203,1,1,0,0,0,0
11/20/2025,12:57:46,0,27,214,437,261,13,203,3,3,0,0,0,0
11/20/2025,12:57:51,0,27,201,435,261,8,203,0,1,0,0,0,0
11/20/2025,12:57:56,0,27,205,436,261,17,203,4,3,0,0,0,0
11/20/2025,12:58:01,0,28,204,437,261,11,203,2,2,0,0,0,0
11/20/2025,12:58:06,0,28,204,436,261,6,202,1,0,0,0,0,0
11/20/2025,12:58:11,0,26,209,436,261,15,204,3,3,0,0,0,0
11/20/2025,12:58:16,0,27,225,437,261,16,204,5,3,0,0,0,0
11/20/2025,12:58:21,0,28,224,438,261,16,203,5,4,0,0,0,0
11/20/2025,12:58:26,0,28,224,438,260,17,202,5,3,0,0,0,0
11/20/2025,12:59:17,0,28,201,436,261,12,203,1,1,0,0,0,0
11/20/2025,12:59:21,0,26,203,436,261,9,203,1,1,0,0,0,0
11/20/2025,12:59:26,0,28,196,436,261,8,204,0,1,0,0,0,0
11/20/2025,12:59:31,0,26,227,438,261,15,203,5,3,0,0,0,0
11/20/2025,12:59:36,0,28,201,437,260,8,203,1,1,0,0,0,0
11/20/2025,12:59:41,0,27,198,436,261,7,203,0,1,0,0,0,0
11/20/2025,12:59:46,0,28,214,436,261,14,202,4,3,0,0,0,0
11/20/2025,12:59:51,0,26,228,438,261,15,203,5,3,0,0,0,0
11/20/2025,12:59:56,0,27,211,436,261,14,203,4,3,0,0,0,0
11/20/2025,13:00:01,0,28,201,436,259,8,203,1,1,0,0,0,0
11/20/2025,13:00:06,0,27,211,435,261,8,204,1,1,0,0,0,0
11/20/2025,13:00:11,0,27,203,436,261,5,202,0,0,0,0,0,0
11/20/2025,13:00:16,0,27,196,433,261,8,203,1,1,0,0,0,0
11/20/2025,13:00:21,0,29,206,437,260,14,204,2,3,0,0,0,0
11/20/2025,13:00:26,0,26,218,436,261,13,203,4,3,0,0,0,0
11/20/2025,13:00:31,0,25,228,438,261,16,203,5,3,0,0,0,0
11/20/2025,13:00:36,0,25,216,438,261,15,203,4,3,-0.0008,0,0,0
11/20/2025,13:00:41,0,27,210,436,261,14,204,4,3,0,0,0,0
11/20/2025,13:00:46,0,24,204,438,261,8,204,2,2,0,0,0,0
11/20/2025,13:00:51,0,27,202,437,261,8,204,0,1,0,0,0,0
11/20/2025,13:00:56,0,27,197,435,261,9,204,1,1,0,0,0,0
11/20/2025,13:01:01,0,26,207,436,261,7,203,0,0,0,0,0,0
11/20/2025,13:01:06,0,26,206,437,261,6,203,1,1,0,0,0,0
11/20/2025,13:01:11,0,27,199,437,261,8,204,0,1,0,0,0,0
11/20/2025,13:01:16,0,26,195,437,262,13,204,2,2,0,0,0,0
11/20/2025,13:01:21,0,25,207,439,260,16,203,3,3,0,0,0,0
11/20/2025,13:01:26,0,24,223,439,261,11,203,4,3,0,0,0,0
11/20/2025,13:01:31,0,25,212,440,259,14,202,4,3,0,0,0,0
11/20/2025,13:01:36,0,26,197,438,259,8,204,0,1,0,0,0,0
11/20/2025,13:01:41,0,26,196,438,260,11,203,2,1,0,0,0,0
11/20/2025,13:01:46,0,24,213,435,261,15,204,4,3,0,0,0,0
11/20/2025,13:01:51,0,26,220,437,261,17,202,5,3,0,0,0,0
11/20/2025,13:01:56,0,27,202,437,261,9,203,1,2,0,0,0,0
11/20/2025,13:02:01,0,25,195,437,261,8,203,1,1,0,0,0,0
11/20/2025,13:02:06,0,27,214,437,261,16,202,4,3,0,0,0,0
11/20/2025,13:02:11,0,24,198,435,261,12,204,3,3,0,0,0,0
11/20/2025,13:02:16,0,32,203,435,261,11,203,2,2,0,0,0,0
11/20/2025,13:02:21,0,25,205,435,261,10,204,2,2,0,0,0,0
11/20/2025,13:02:26,0,27,220,438,262,16,204,5,3,0,0,0,0
11/20/2025,13:02:31,0,28,216,436,260,11,203,4,2,0,0,0,0
11/20/2025,13:02:36,0,27,195,434,262,9,203,2,1,0,0,0,0
11/20/2025,13:02:41,0,30,206,434,261,8,204,1,1,0,0,0,0
11/20/2025,13:02:46,0,26,202,435,261,9,204,1,1,0,0,0,0
11/20/2025,13:02:51,0,27,207,436,261,13,202,3,3,0,0,0,0
11/20/2025,13:02:56,0,28,218,437,259,15,203,5,3,0,0,0,0
11/20/2025,13:03:01,0,28,225,436,261,16,203,6,3,0,0,0,0
11/20/2025,13:03:06,0,26,229,433,261,16,202,5,3,0,0,0,0
11/20/2025,13:03:11,0,20,226,433,261,15,204,5,3,0,0,0,0
11/20/2025,13:03:16,0,29,215,435,261,14,204,3,3,0,0,0,0
11/20/2025,13:03:21,0,26,197,435,261,9,204,1,1,0,0,0,0
11/20/2025,13:03:26,0,25,204,435,261,8,204,0,1,0,0,0,0
11/20/2025,13:03:31,0,30,213,436,261,12,202,4,3,0,0,0,0
11/20/2025,13:03:36,0,27,207,435,261,7,203,2,1,0,0,0,0
11/20/2025,13:03:41,0,26,226,437,261,19,204,4,3,0,0,0,0
11/20/2025,13:03:46,0,25,201,436,261,8,204,1,1,0,0,0,0
11/20/2025,13:03:51,0,25,195,435,261,12,204,1,2,0,0,0,0
11/20/2025,13:03:56,0,27,221,434,261,16,204,4,3,0,0,0,0
11/20/2025,13:04:01,0,24,201,436,259,8,203,1,1,0,0,0,0
11/20/2025,13:04:06,0,25,197,435,261,7,204,0,1,0,0,0,0
11/20/2025,13:04:11,0,25,217,436,261,14,204,5,2,0,0,0,0
11/20/2025,13:04:16,0,25,214,438,261,14,203,5,3,0,0,0,0
11/20/2025,13:04:21,0,27,201,437,260,6,205,1,2,0,0,0,0
11/20/2025,13:04:26,0,25,206,437,261,8,204,0,0,0,0,0,0
11/20/2025,13:04:31,0,28,207,438,262,13,205,3,3,0,0,0,0
11/20/2025,13:04:36,0,25,222,438,261,15,204,5,4,0,0,0,0
11/20/2025,13:04:41,0,26,204,437,261,9,205,1,1,0,0,0,0
11/20/2025,13:04:46,0,29,200,438,261,7,203,0,1,0,0,0,0
11/20/2025,13:04:51,0,24,207,438,262,7,203,1,1,0,0,0,0
11/20/2025,13:04:56,0,26,196,437,261,9,204,0,1,0,0,0,0
11/20/2025,13:05:01,0,23,214,438,261,14,203,4,3,0,0,0,0
11/20/2025,13:05:06,0,27,226,440,260,16,202,5,3,0,0,0,0
11/20/2025,13:05:11,0,27,210,439,261,14,203,4,3,0,0,0,0
11/20/2025,13:05:16,0,25,201,438,261,8,205,1,1,0,0,0,0
11/20/2025,13:05:21,0,28,207,437,261,9,204,0,1,0,0,0,0
11/20/2025,13:05:26,0,25,195,438,261,12,204,2,2,0,0,0,0
11/20/2025,13:05:31,0,25,227,439,261,14,203,5,3,0,0,0,0
11/20/2025,13:05:36,0,26,210,437,261,14,203,4,3,0,0,0,0
11/20/2025,13:05:41,0,25,203,438,261,6,204,1,2,0,0,0,0
11/20/2025,13:05:46,0,28,210,438,261,9,205,1,1,0,0,0,0
11/20/2025,13:05:51,0,25,202,439,261,14,204,2,3,0,0,0,0
11/20/2025,13:05:56,0,27,229,439,261,14,204,4,3,0,0,0,0
11/20/2025,13:06:01,0,27,211,439,261,13,205,4,3,0,0,0,0
11/20/2025,13:06:06,0,28,202,439,261,7,205,1,1,0,0,0,0
11/20/2025,13:06:11,0,25,202,438,261,9,204,0,1,0,0,0,0
11/20/2025,13:06:16,0,25,196,438,261,8,205,1,1,0,0,0,0
11/20/2025,13:06:21,0,25,212,436,261,15,204,3,3,0,0,0,0
11/20/2025,13:06:26,0,26,223,440,261,14,204,5,3,0,0,0,0
11/20/2025,13:06:31,0,27,203,439,261,6,203,1,1,0,0,0,0
11/20/2025,13:06:36,0,24,206,438,261,9,204,0,1,0,0,0,0
11/20/2025,13:06:41,0,27,198,437,262,8,204,0,1,0,0,0,0
11/20/2025,13:06:46,0,28,205,440,261,13,204,3,3,0,0,0,0
11/20/2025,13:06:51,0,30,228,439,262,16,204,5,3,0,0,0,0
11/20/2025,13:06:56,0,28,205,441,262,8,203,3,2,0,0,0,0
11/20/2025,13:07:01,0,27,206,438,261,8,203,2,1,0,0,0,0
11/20/2025,13:07:06,0,26,192,438,261,10,203,2,2,0,0,0,0
11/20/2025,13:07:11,0,27,215,439,261,17,204,4,3,0,0,0,0
11/20/2025,13:07:16,0,27,223,440,261,15,204,4,4,0,0,0,0
11/20/2025,13:07:21,0,24,204,439,261,8,204,2,2,0,0,0,0
11/20/2025,13:07:26,0,28,206,438,261,7,204,0,1,0,0,0,0
11/20/2025,13:07:31,0,25,213,439,261,15,204,4,3,0,0,0,0
11/20/2025,13:07:36,0,25,215,440,261,14,204,4,4,0,0,0,0
11/20/2025,13:07:41,0,27,202,439,261,4,204,1,1,0,0,0,0
11/20/2025,13:07:46,0,27,207,435,261,7,204,0,0,0,0,0,0
11/20/2025,13:07:51,0,28,213,440,260,13,203,4,3,0,0,0,0
11/20/2025,13:07:56,0,24,212,437,261,14,205,4,3,0,0,0,0
11/20/2025,13:08:01,0,27,197,437,262,10,204,1,1,0,0,0,0
11/20/2025,13:08:06,0,26,199,435,261,8,205,0,1,0,0,0,0
11/20/2025,13:08:11,0,26,218,440,261,13,203,5,3,0,0,0,0
11/20/2025,13:08:16,0,24,204,438,262,8,204,2,2,0,0,0,0
11/20/2025,13:08:21,0,26,203,438,260,7,202,1,1,0,0,0,0
11/20/2025,13:08:26,0,26,193,437,261,10,205,1,1,0,0,0,0
11/20/2025,13:08:31,0,24,226,436,262,16,204,4,3,0,0,0,0
11/20/2025,13:09:18,0,23,201,433,261,8,203,2,2,0,0,0,0
11/20/2025,13:09:20,0,27,207,435,262,11,204,3,3,0,0,0,0
11/20/2025,13:09:25,0,30,198,432,261,9,204,1,1,0,0,0,0
11/20/2025,13:09:30,0,26,196,433,261,7,203,0,1,0,0,0,0
11/20/2025,13:09:35,0,25,214,435,261,12,204,4,3,0,0,0,0
11/20/2025,13:09:40,0,26,214,434,261,13,204,4,3,0,0,0,0
11/20/2025,13:09:45,0,26,200,431,261,6,205,1,1,0,0,0,0
11/20/2025,13:09:50,0,27,207,432,261,7,204,0,1,0,0,0,0
11/20/2025,13:09:55,0,27,194,434,262,9,203,2,1,0,0,0,0
11/20/2025,13:10:00,0,26,221,436,262,17,203,5,3,0,0,0,0
11/20/2025,13:10:05,0,25,214,436,261,14,205,4,3,0,0,0,0
11/20/2025,13:10:10,0,26,204,436,261,6,205,1,2,0,0,0,0
11/20/2025,13:10:15,0,25,204,435,261,6,205,0,1,0,0,0,0
11/20/2025,13:10:20,0,26,194,435,261,9,204,2,2,0,0,0,0
11/20/2025,13:10:25,0,26,227,435,261,13,204,4,3,0,0,0,0
11/20/2025,13:10:30,0,26,205,437,260,9,204,1,2,0,0,0,0
11/20/2025,13:10:35,0,25,200,434,262,7,204,0,1,0,0,0,0
11/20/2025,13:10:40,0,26,195,435,261,8,203,2,1,0,0,0,0
11/20/2025,13:10:45,0,25,221,435,262,10,205,4,3,0,0,0,0
11/20/2025,13:10:50,0,25,205,437,261,8,204,2,2,0,0,0,0
11/20/2025,13:10:55,0,26,206,434,261,7,204,1,1,0,0,0,0
11/20/2025,13:11:00,0,23,212,436,261,14,204,3,2,0,0,0,0
11/20/2025,13:11:05,0,24,207,436,261,10,203,3,2,0,0,0,0
11/20/2025,13:11:10,0,26,202,435,261,7,204,1,1,0,0,0,0
11/20/2025,13:11:15,0,25,228,437,261,15,204,3,3,0,0,0,0
11/20/2025,13:11:20,0,26,197,433,261,5,205,1,1,0,0,0,0
11/20/2025,13:11:25,0,27,218,431,260,14,204,3,3,0,0,0,0
11/20/2025,13:11:30,0,24,199,430,261,7,203,2,2,0,0,0,0
11/20/2025,13:11:35,0,25,217,431,261,15,204,4,2,0,0,0,0
11/20/2025,13:11:40,0,26,204,429,260,5,205,1,1,0,0,0,0
11/20/2025,13:11:45,0,26,205,429,261,6,205,1,1,0,0,0,0
11/20/2025,13:11:50,0,25,224,427,261,13,204,3,3,0,0,0,0
11/20/2025,13:11:55,0,23,199,429,261,13,204,2,2,0,0,0,0
11/20/2025,13:12:00,0,27,207,426,262,7,204,0,1,0,0,0,0
11/20/2025,13:12:05,0,25,204,428,262,8,204,1,1,0,0,0,0
11/20/2025,13:12:10,0,27,200,428,261,9,204,1,1,0,0,0,0
11/20/2025,13:12:15,0,26,200,430,262,6,204,0,0,0,0,0,0
11/20/2025,13:12:20,0,25,216,431,261,13,205,4,3,0,0,0,0
11/20/2025,13:12:25,0,24,204,432,261,7,204,1,1,0,0,0,0
11/20/2025,13:12:30,0,25,217,430,261,16,205,4,3,0,0,0,0
11/20/2025,13:12:35,0,26,209,431,262,13,205,3,3,0,0,0,0
11/20/2025,13:12:40,0,26,198,431,262,6,205,1,1,0,0,0,0
11/20/2025,13:12:45,0,26,224,431,261,14,204,3,3,0,0,0,0
11/20/2025,13:12:50,0,26,202,429,261,6,205,1,1,0,0,0,0
11/20/2025,13:12:55,0,27,204,432,260,9,203,2,1,0,0,0,0
11/20/2025,13:13:00,0,28,225,433,262,14,204,4,1,0,0,0,0
11/20/2025,13:13:05,0,27,192,432,262,11,205,3,2,0,0,0,0
11/20/2025,13:13:10,0,27,208,431,261,6,205,0,1,0,0,0,0
11/20/2025,13:13:15,0,28,200,433,262,7,204,1,1,0,0,0,0
11/20/2025,13:13:20,0,27,221,434,262,17,205,4,3,0,0,0,0
11/20/2025,13:13:25,0,24,193,433,261,8,204,2,2,0,0,0,0
11/20/2025,13:13:30,0,27,198,433,261,8,205,1,1,0,0,0,0
11/20/2025,13:13:35,0,25,227,432,262,17,205,4,3,0,0,0,0
11/20/2025,13:13:40,0,27,196,433,261,8,204,1,1,0,0,0,0
11/20/2025,13:13:45,0,26,202,434,261,5,204,0,1,0,0,0,0
11/20/2025,13:13:50,0,26,223,435,259,14,203,5,3,0,0,0,0
11/20/2025,13:13:55,0,26,205,434,261,14,205,2,3,0,0,0,0
11/20/2025,13:14:00,0,27,205,432,261,5,204,1,1,0,0,0,0
11/20/2025,13:14:05,0,26,199,433,261,7,204,0,1,0,0,0,0
11/20/2025,13:14:10,0,26,212,436,259,12,205,4,3,0,0,0,0
11/20/2025,13:14:15,0,26,215,434,261,14,205,4,3,0,0,0,0
11/20/2025,13:14:20,0,27,202,434,261,6,203,1,1,0,0,0,0
11/20/2025,13:14:25,0,27,201,435,259,7,203,1,1,0,0,0,0
11/20/2025,13:14:30,0,28,206,434,262,11,205,2,2,0,0,0,0
11/20/2025,13:14:35,0,29,216,435,260,15,204,4,3,0,0,0,0
11/20/2025,13:14:40,0,27,219,435,261,14,204,4,3,0,0,0,0
11/20/2025,13:14:45,0,28,215,434,262,15,205,4,3,0,0,0,0
11/20/2025,13:14:50,0,27,205,436,260,7,204,2,2,0,0,0,0
11/20/2025,13:14:55,0,26,200,436,260,7,203,2,1,0,0,0,0
11/20/2025,13:15:00,0,32,210,436,262,8,203,2,0,0,0,0,0
11/20/2025,13:15:05,0,32,202,435,262,6,203,1,1,0,0,0,0
11/20/2025,13:15:10,0,32,204,435,261,6,204,0,0,0,0,0,0
11/20/2025,13:15:15,0,31,200,436,262,8,203,2,1,0,0,0,0
11/20/2025,13:15:20,0,30,214,437,261,15,203,4,3,0,0,0,0
11/20/2025,13:15:25,0,31,205,436,261,14,204,4,2,0,0,0,0
11/20/2025,13:15:30,0,33,202,436,262,7,205,1,1,0,0,0,0
11/20/2025,13:15:35,0,31,218,436,262,15,205,4,3,0,0,0,0
11/20/2025,13:15:40,0,29,194,436,262,12,204,3,2,0,0,0,0
11/20/2025,13:15:45,0,28,200,436,261,7,205,1,1,0,0,0,0
11/20/2025,13:15:50,0,27,223,437,261,17,204,4,3,0,0,0,0
11/20/2025,13:15:55,0,28,196,435,262,8,204,1,1,0,0,0,0
11/20/2025,13:16:00,0,30,201,436,261,6,204,0,1,0,0,0,0
11/20/2025,13:16:05,0,30,222,438,261,14,205,5,3,0,0,0,0
11/20/2025,13:16:10,0,28,206,436,261,5,203,1,1,0,0,0,0
11/20/2025,13:16:15,0,28,218,437,261,18,203,4,3,0,0,0,0
11/20/2025,13:16:20,0,26,198,437,260,5,204,1,1,0,0,0,0
11/20/2025,13:16:25,0,28,212,438,261,17,204,3,4,0,0,0,0
11/20/2025,13:16:30,0,27,204,436,261,4,205,0,0,0,0,0,0
11/20/2025,13:16:35,0,24,221,437,261,14,205,6,3,0,0,0,0
11/20/2025,13:16:40,0,27,203,436,261,7,204,2,1,0,0,0,0
11/20/2025,13:16:45,0,27,201,436,262,5,203,0,0,0,0,0,0
11/20/2025,13:16:50,0,29,216,435,261,14,203,5,3,0,0,0,0
11/20/2025,13:16:55,0,26,211,437,262,15,205,4,3,0,0,0,0
11/20/2025,13:17:00,0,26,198,435,261,8,205,1,1,0,0,0,0
11/20/2025,13:17:05,0,26,194,435,262,8,204,1,0,0,0,0,0
11/20/2025,13:17:10,0,26,229,436,262,16,204,4,3,0,0,0,0
11/20/2025,13:17:15,0,24,202,433,262,8,204,1,1,0,0,0,0
11/20/2025,13:17:20,0,23,204,435,261,15,205,4,2,0,0,0,0
11/20/2025,13:17:25,0,26,206,436,261,8,204,3,2,0,0,0,0
11/20/2025,13:17:30,0,24,197,434,262,8,205,1,1,0,0,0,0
11/20/2025,13:17:35,0,25,221,437,262,16,205,4,3,0,0,0,0
11/20/2025,13:17:40,0,25,208,436,260,7,204,1,1,0,0,0,0
11/20/2025,13:17:45,0,26,217,437,262,15,204,4,2,0,0,0,0
11/20/2025,13:17:50,0,23,198,435,261,7,204,1,2,0,0,0,0
11/20/2025,13:17:55,0,24,226,437,263,15,203,5,3,0,0,0,0
11/20/2025,13:18:00,0,23,205,435,261,3,205,0,0,0,0,0,0
11/20/2025,13:18:05,0,25,212,437,262,15,205,4,3,0,0,0,0
11/20/2025,13:18:10,0,24,199,436,262,13,206,3,3,0,0,0,0
11/20/2025,13:18:15,0,25,198,436,261,6,204,2,2,0,0,0,0
11/20/2025,13:18:20,0,23,209,437,261,14,203,4,3,0,0,0,0
11/20/2025,13:18:25,0,26,216,438,261,12,204,4,3,0,0,0,0
11/20/2025,13:18:30,0,25,197,435,261,8,205,1,1,0,0,0,0
11/20/2025,13:18:35,0,23,202,436,262,7,205,0,1,0,0,0,0
11/20/2025,13:18:40,0,24,209,436,262,15,205,4,3,0,0,0,0
11/20/2025,13:19:26,0,25,203,436,262,10,203,1,1,0,0,0,0
11/20/2025,13:19:30,0,25,198,436,261,8,203,0,0,0,0,0,0
11/20/2025,13:19:35,0,23,196,436,262,6,205,2,1,0,0,0,0
11/20/2025,13:19:40,0,25,206,436,261,7,205,1,1,0,0,0,0
11/20/2025,13:19:45,0,25,202,436,262,5,204,0,0,0,0,0,0
11/20/2025,13:19:50,0,22,197,437,260,12,204,3,2,0,0,0,0
11/20/2025,13:19:55,0,25,215,435,262,13,205,4,3,0,0,0,0
11/20/2025,13:20:00,0,24,217,438,262,15,205,4,4,0,0,0,0
11/20/2025,13:20:05,0,24,202,438,262,8,204,2,2,0,0,0,0
11/20/2025,13:20:10,0,28,203,436,262,7,204,1,1,0,0,0,0
11/20/2025,13:20:15,0,24,193,436,261,9,204,2,3,0,0,0,0
11/20/2025,13:20:20,0,25,221,438,262,17,204,5,4,0,0,0,0
11/20/2025,13:20:25,0,25,199,436,261,6,204,1,2,0,0,0,0
11/20/2025,13:20:30,0,25,211,435,262,14,205,3,3,0,0,0,0
11/20/2025,13:20:35,0,25,208,436,261,12,204,4,2,0,0,0,0
11/20/2025,13:20:40,0,28,209,434,262,4,204,1,1,0,0,0,0
11/20/2025,13:20:45,0,25,193,435,262,10,205,1,2,0,0,0,0
11/20/2025,13:20:50,0,28,211,436,259,14,204,3,2,0,0,0,0
11/20/2025,13:20:55,0,25,215,435,262,13,203,4,3,0,0,0,0
11/20/2025,13:21:00,0,26,208,435,262,16,205,4,3,0,0,0,0
11/20/2025,13:21:05,0,26,197,434,261,7,205,1,1,0,0,0,0
11/20/2025,13:21:10,0,25,197,433,262,5,205,1,1,0,0,0,0
11/20/2025,13:21:15,0,26,221,436,262,15,204,4,3,0,0,0,0
11/20/2025,13:21:20,0,25,201,434,262,5,204,1,1,0,0,0,0
11/20/2025,13:21:25,0,24,212,436,261,15,204,3,3,0,0,0,0
11/20/2025,13:21:30,0,24,198,435,262,7,204,1,1,0,0,0,0
11/20/2025,13:21:35,0,25,207,435,262,14,205,3,3,0,0,0,0
11/20/2025,13:21:40,0,25,197,434,262,12,205,3,2,0,0,0,0
11/20/2025,13:21:45,0,24,201,435,262,7,204,1,1,0,0,0,0
11/20/2025,13:21:50,0,25,218,434,261,17,204,3,3,0,0,0,0
11/20/2025,13:21:55,0,26,208,435,261,6,204,1,1,0,0,0,0
11/20/2025,13:22:00,0,24,221,436,260,15,203,4,3,0,0,0,0
11/20/2025,13:22:05,0,25,200,435,262,7,204,0,1,0,0,0,0
11/20/2025,13:22:10,0,25,217,437,260,16,204,4,3,0,0,0,0
11/20/2025,13:22:15,0,24,205,435,261,5,205,1,0,0,0,0,0
11/20/2025,13:22:20,0,25,218,436,261,14,204,4,2,0,0,0,0
11/20/2025,13:22:25,0,26,205,436,262,8,204,2,2,0,0,0,0
11/20/2025,13:22:30,0,25,198,435,262,7,205,0,0,0,0,0,0
11/20/2025,13:22:35,0,26,225,436,262,17,203,5,3,0,0,0,0
11/20/2025,13:22:40,0,27,198,436,262,8,205,1,1,0,0,0,0
11/20/2025,13:22:45,0,23,196,437,263,13,204,2,2,0,0,0,0
11/20/2025,13:22:50,0,25,219,438,261,16,204,5,3,0,0,0,0
11/20/2025,13:22:55,0,25,198,436,262,8,204,1,1,0,0,0,0
11/20/2025,13:23:00,0,25,201,437,262,15,205,2,3,0,0,0,0
11/20/2025,13:23:05,0,26,221,438,263,17,205,5,3,0,0,0,0
11/20/2025,13:23:10,0,25,201,438,261,7,204,1,1,0,0,0,0
11/20/2025,13:23:15,0,26,207,437,261,6,203,0,0,0,0,0,0
11/20/2025,13:23:20,0,28,206,437,261,14,204,3,2,0,0,0,0
11/20/2025,13:23:25,0,26,225,439,262,16,204,5,3,0,0,0,0
11/20/2025,13:23:30,0,29,203,438,262,7,204,2,1,0,0,0,0
11/20/2025,13:23:35,0,25,203,438,260,7,204,0,2,0,0,0,0
11/20/2025,13:23:40,0,26,196,437,262,8,205,1,1,0,0,0,0
11/20/2025,13:23:45,0,19,203,438,261,14,205,2,3,0,0,0,0
11/20/2025,13:23:50,0,28,230,438,263,14,204,5,3,0,0,0,0
11/20/2025,13:23:55,0,27,206,438,262,11,204,3,2,0,0,0,0
11/20/2025,13:24:00,0,26,205,435,262,6,205,1,1,0,0,0,0
11/20/2025,13:24:05,0,27,197,436,262,8,205,0,1,0,0,0,0
11/20/2025,13:24:10,0,26,208,437,262,14,204,3,3,0,0,0,0
11/20/2025,13:24:15,0,27,218,438,262,13,205,4,3,0,0,0,0
11/20/2025,13:24:20,0,26,228,437,262,16,204,4,4,0,0,0,0
11/20/2025,13:24:25,0,27,213,436,262,15,205,4,3,0,0,0,0
11/20/2025,13:24:30,0,26,205,437,262,10,205,2,2,0,0,0,0
11/20/2025,13:24:35,0,23,203,437,263,7,203,1,1,0,0,0,0
11/20/2025,13:24:40,0,25,201,436,263,7,203,0,1,0,0,0,0
11/20/2025,13:24:45,0,24,196,435,262,10,205,1,1,0,0,0,0
11/20/2025,13:24:50,0,26,208,436,262,6,203,1,1,0,0,0,0
11/20/2025,13:24:55,0,26,202,436,262,6,205,0,1,0,0,0,0
11/20/2025,13:25:00,0,26,195,436,262,8,205,1,2,0,0,0,0
11/20/2025,13:25:05,0,24,197,436,262,11,204,2,2,0,0,0,0
11/20/2025,13:25:10,0,26,203,437,262,12,205,4,3,0,0,0,0
11/20/2025,13:25:15,0,25,212,437,262,14,204,4,3,0,0,0,0
11/20/2025,13:25:20,0,26,215,437,260,13,204,4,3,0,0,0,0
11/20/2025,13:25:25,0,27,218,438,262,14,204,4,3,0,0,0,0
11/20/2025,13:25:30,0,27,227,437,262,17,203,5,3,0,0,0,0
11/20/2025,13:25:35,0,24,214,438,262,16,205,5,3,0,0,0,0
11/20/2025,13:25:40,0,25,208,438,263,11,204,4,1,0,0,0,0
11/20/2025,13:25:45,0,26,205,438,262,7,204,2,2,0,0,0,0
11/20/2025,13:25:50,0,28,199,437,262,7,204,1,1,0,0,0,0
11/20/2025,13:25:55,0,31,208,437,262,7,205,0,1,0,0,0,0
11/20/2025,13:26:00,0,30,201,438,262,7,204,1,1,0,0,0,0
11/20/2025,13:26:05,0,28,201,438,262,6,204,0,1,0,0,0,0
11/20/2025,13:26:10,0,29,197,438,260,8,204,1,1,0,0,0,0
11/20/2025,13:26:15,0,30,210,439,262,13,204,3,3,0,0,0,0
11/20/2025,13:26:20,0,28,228,440,260,16,203,6,3,0,0,0,0
11/20/2025,13:26:25,0,27,208,439,262,12,204,3,3,0,0,0,0
11/20/2025,13:26:30,0,30,198,439,262,7,203,2,1,0,0,0,0
11/20/2025,13:26:35,0,28,202,438,263,5,204,0,1,0,0,0,0
11/20/2025,13:26:40,0,26,201,437,262,14,204,4,4,0,0,0,0
11/20/2025,13:26:45,0,26,225,437,262,15,205,5,3,0,0,0,0
11/20/2025,13:26:50,0,29,203,439,261,7,204,2,1,0,0,0,0
11/20/2025,13:26:55,0,25,198,437,262,10,205,0,1,0,0,0,0
11/20/2025,13:27:00,0,26,202,438,262,7,204,0,1,0,0,0,0
11/20/2025,13:27:05,0,26,215,440,262,14,204,4,3,0,0,0,0
11/20/2025,13:27:10,0,24,204,440,261,8,203,2,2,0,0,0,0
11/20/2025,13:27:15,0,25,197,438,262,7,205,1,1,0,0,0,0
11/20/2025,13:27:20,0,28,228,440,262,15,205,4,3,0,0,0,0
11/20/2025,13:27:25,0,27,204,439,262,7,204,1,1,0,0,0,0
11/20/2025,13:27:30,0,26,197,438,262,7,204,0,1,0,0,0,0
11/20/2025,13:27:35,0,26,222,438,262,16,203,5,3,0,0,0,0
11/20/2025,13:27:40,0,24,197,438,262,8,205,2,1,0,0,0,0
11/20/2025,13:27:45,0,27,210,437,263,15,205,4,3,0,0,0,0
11/20/2025,13:27:50,0,30,203,439,261,7,204,1,1,0,0,0,0
11/20/2025,13:27:55,0,26,211,437,263,18,205,3,3,0,0,0,0
11/20/2025,13:28:00,0,25,198,438,262,7,204,2,1,0,0,0,0
11/20/2025,13:28:05,0,26,224,437,262,17,205,5,4,0,0,0,0
11/20/2025,13:28:10,0,25,195,438,261,8,203,1,1,0,0,0,0
11/20/2025,13:28:15,0,24,204,438,262,8,205,0,1,0,0,0,0
11/20/2025,13:28:20,0,26,201,439,261,7,203,2,1,0,0,0,0
11/20/2025,13:28:25,0,26,201,438,262,7,202,2,0,0,0,0,0
11/20/2025,13:28:30,0,24,200,436,262,8,205,1,1,0,0,0,0
11/20/2025,13:28:35,0,24,198,438,262,8,205,0,1,0,0,0,0
11/20/2025,13:28:40,0,25,198,438,261,5,205,1,0,0,0,0,0
11/20/2025,13:28:45,0,22,204,438,262,7,204,1,0,0,0,0,0
11/20/2025,13:28:50,0,26,203,438,263,6,205,0,1,0,0,0,0
11/20/2025,13:29:25,0,25,208,436,262,19,205,4,3,0,0,0,0
11/20/2025,13:29:29,0,24,195,435,262,8,205,1,1,0,0,0,0
11/20/2025,13:29:34,0,27,201,435,262,7,205,1,1,0,0,0,0
11/20/2025,13:29:39,0,24,218,437,262,15,205,4,3,0,0,0,0
11/20/2025,13:29:44,0,28,204,436,262,8,203,1,1,0,0,0,0
11/20/2025,13:29:49,0,24,225,438,263,13,203,4,3,0,0,0,0
11/20/2025,13:29:54,0,26,207,434,262,7,204,0,0,0,0,0,0
11/20/2025,13:29:59,0,25,209,438,262,13,205,3,3,-0.0008,0,0,0
11/20/2025,13:30:04,0,25,216,437,262,13,205,3,3,0,0,0,0
11/20/2025,13:30:09,0,25,194,433,262,12,205,2,2,0,0,0,0
11/20/2025,13:30:14,0,23,206,433,262,6,205,0,1,0,0,0,0
11/20/2025,13:30:19,0,25,202,434,262,6,204,1,1,0,0,0,0
11/20/2025,13:30:24,0,22,217,434,262,17,206,4,3,0,0,0,0
11/20/2025,13:30:29,0,27,213,431,261,14,205,4,3,0,0,0,0
11/20/2025,13:30:34,0,24,199,433,262,6,205,0,1,0,0,0,0
11/20/2025,13:30:39,0,23,196,433,262,6,204,1,1,0,0,0,0
11/20/2025,13:30:44,0,25,210,434,263,14,204,3,3,0,0,0,0
11/20/2025,13:30:49,0,19,217,434,262,13,204,4,3,0,0,0,-0.0008
11/20/2025,13:30:54,0,25,194,434,261,9,205,1,1,0,0,0,0
11/20/2025,13:30:59,0,25,207,434,261,7,203,1,1,0,0,0,0
11/20/2025,13:31:04,0,23,199,434,263,7,204,0,1,0,0,0,0
11/20/2025,13:31:09,0,24,204,434,262,11,205,3,3,0,0,0,0
11/20/2025,13:31:14,0,24,214,433,262,16,206,5,3,0,0,0,0
11/20/2025,13:31:19,0,24,219,435,262,15,205,5,4,0,0,0,0
11/20/2025,13:31:24,0,25,224,435,263,17,206,5,4,0,0,0,0
11/20/2025,13:31:29,0,24,216,436,262,16,205,5,4,0,0,0,0
11/20/2025,13:31:34,0,26,208,435,261,13,204,4,3,0,0,0,0
11/20/2025,13:31:39,0,23,199,435,263,7,205,1,1,0,0,0,0
11/20/2025,13:31:44,0,25,202,434,263,6,205,0,0,0,0,0,0
11/20/2025,13:31:49,0,23,216,435,262,15,205,4,2,0,0,0,0
11/20/2025,13:31:54,0,25,209,436,261,14,204,3,3,0,0,0,0
11/20/2025,13:31:59,0,26,200,434,262,7,204,1,1,0,0,0,0
11/20/2025,13:32:04,0,25,198,435,262,7,204,0,1,0,0,0,0
11/20/2025,13:32:09,0,26,202,436,262,4,204,0,1,0,0,0,0
11/20/2025,13:32:14,0,26,224,436,261,16,204,5,3,0,0,0,0
11/20/2025,13:32:19,0,25,206,437,262,12,205,3,3,0,0,0,0
11/20/2025,13:32:24,0,25,200,436,262,7,203,1,1,0,0,0,0
11/20/2025,13:32:29,0,26,201,433,263,7,205,0,1,0,0,0,0
11/20/2025,13:32:34,0,27,227,437,262,15,205,4,3,0,0,0,0
11/20/2025,13:32:39,0,25,207,435,262,6,205,2,1,0,0,0,0
11/20/2025,13:32:44,0,24,222,437,263,16,205,4,3,0,0,0,0
11/20/2025,13:32:49,0,25,201,435,261,5,205,0,0,0,0,0,0
11/20/2025,13:32:54,0,25,206,437,262,12,205,3,2,0,0,0,0
11/20/2025,13:32:59,0,30,201,436,262,14,203,4,2,0,0,0,0
11/20/2025,13:33:04,0,28,203,436,262,7,203,2,2,0,0,0,0
11/20/2025,13:33:09,0,27,214,435,262,13,204,4,3,0,0,0,0
11/20/2025,13:33:14,0,26,207,436,262,5,205,0,1,0,0,0,0
11/20/2025,13:33:19,0,25,208,438,262,12,206,4,3,0,0,0,0
11/20/2025,13:33:24,0,23,222,438,263,11,206,5,3,0,0,0,0
11/20/2025,13:33:29,0,26,200,437,263,12,204,3,3,0,0,0,0
11/20/2025,13:33:34,0,26,201,436,262,5,204,0,0,0,0,0,0
11/20/2025,13:33:39,0,27,199,437,262,7,204,2,1,0,0,0,0
11/20/2025,13:33:44,0,26,202,435,262,9,205,1,1,0,0,0,-0.0008
11/20/2025,13:33:49,0,26,206,438,263,13,205,3,3,0,0,0,0
11/20/2025,13:33:54,0,26,224,436,262,16,205,5,4,0,0,0,0
11/20/2025,13:33:59,0,28,212,438,263,14,204,4,3,0,0,0,0
11/20/2025,13:34:04,0,26,199,435,263,6,205,1,1,0,0,0,0
11/20/2025,13:34:09,0,28,198,438,262,8,206,1,0,0,0,0,0
11/20/2025,13:34:14,0,28,204,438,263,10,205,1,2,0,0,0,0
11/20/2025,13:34:19,0,25,222,440,263,16,205,4,3,0,0,0,0
11/20/2025,13:34:24,0,27,210,439,262,13,205,4,3,0,0,0,0
11/20/2025,13:34:29,0,27,196,439,261,7,206,1,1,0,0,0,0
11/20/2025,13:34:34,0,25,208,437,262,7,205,0,1,0,0,0,0
11/20/2025,13:34:39,0,27,201,437,262,6,205,1,1,0,0,0,0
11/20/2025,13:34:44,0,25,220,439,261,16,204,4,3,0,0,0,0
11/20/2025,13:34:49,0,25,215,439,262,15,205,4,3,0,0,0,0
11/20/2025,13:34:54,0,26,195,436,263,14,205,3,2,0,0,0,0
11/20/2025,13:34:59,0,25,197,437,262,6,205,0,1,0,0,0,0
11/20/2025,13:35:04,0,27,208,437,263,6,205,0,1,0,0,0,0
11/20/2025,13:35:09,0,27,200,438,262,7,204,1,0,0,0,0,0
11/20/2025,13:35:14,0,24,197,438,262,8,206,1,1,0,0,0,0
11/20/2025,13:35:19,0,26,198,438,262,5,205,1,1,0,0,0,0
11/20/2025,13:35:24,0,22,204,439,261,7,204,0,1,0,0,0,0
11/20/2025,13:35:29,0,20,207,438,262,4,206,1,1,0,0,0,0
11/20/2025,13:35:34,0,25,207,438,262,7,205,0,1,0,0,0,0
11/20/2025,13:35:39,0,26,210,438,263,5,204,0,1,0,0,0,0
11/20/2025,13:35:44,0,24,210,437,262,6,205,1,1,0,0,0,0
11/20/2025,13:35:49,0,27,208,439,262,5,204,0,0,0,0,0,0
11/20/2025,13:35:54,0,25,203,437,263,4,205,0,1,0,0,0,0
11/20/2025,13:35:59,0,24,198,439,263,6,204,0,1,0,0,0,0
11/20/2025,13:36:04,0,24,195,437,263,10,205,2,2,0,0,0,0
11/20/2025,13:36:09,0,29,214,439,261,13,204,4,3,0,0,0,0
11/20/2025,13:36:14,0,26,227,439,260,15,204,5,3,0,0,0,0
11/20/2025,13:36:19,0,25,214,440,262,15,204,4,3,0,0,0,0
11/20/2025,13:36:24,0,25,203,440,263,7,204,2,2,0,0,0,0
11/20/2025,13:36:29,0,25,201,439,263,8,205,1,1,0,0,0,0
11/20/2025,13:36:34,0,25,194,438,263,10,206,1,1,0,0,0,0
11/20/2025,13:36:39,0,26,225,441,263,16,205,4,3,0,0,0,0
11/20/2025,13:36:44,0,23,199,439,263,7,205,1,1,0,0,0,0
11/20/2025,13:36:49,0,25,194,439,263,8,204,2,2,0,0,0,0
11/20/2025,13:36:54,0,21,230,441,263,15,204,4,3,0,0,0,0
11/20/2025,13:36:59,0,24,203,440,262,8,205,2,2,0,0,0,0
11/20/2025,13:37:04,0,26,207,439,262,5,205,0,0,0,0,0,0
11/20/2025,13:37:09,0,30,209,440,263,12,205,4,3,0,0,0,0
11/20/2025,13:37:14,0,26,220,439,263,17,206,6,4,0,0,0,0
11/20/2025,13:37:19,0,23,203,439,263,6,205,2,1,0,0,0,0
11/20/2025,13:37:24,0,25,194,439,262,11,205,3,3,0,0,0,0
11/20/2025,13:37:29,0,26,213,441,262,14,205,4,3,0,0,0,0
11/20/2025,13:37:34,0,25,206,437,263,5,205,0,1,0,0,0,0
11/20/2025,13:37:39,0,26,219,442,263,15,204,4,3,0,0,0,0
11/20/2025,13:37:44,0,29,201,438,262,8,205,1,1,0,0,0,0
11/20/2025,13:37:49,0,30,207,440,263,14,205,3,3,0,0,0,0
11/20/2025,13:37:54,0,25,210,441,262,12,205,4,3,0,0,0,0
11/20/2025,13:37:59,0,23,206,437,263,8,205,0,1,0,0,0,0
11/20/2025,13:38:04,0,31,201,441,261,13,204,3,2,0,0,0,0
11/20/2025,13:38:09,0,25,218,442,262,12,206,4,3,0,0,0,0
11/20/2025,13:38:14,0,25,225,441,263,16,204,4,3,0,0,0,0
11/20/2025,13:38:19,0,25,217,440,263,17,205,4,3,0,0,0,0
11/20/2025,13:38:24,0,24,207,443,262,11,205,3,3,0,0,0,0
11/20/2025,13:38:29,0,24,210,443,263,13,204,4,3,0,0,0,0
11/20/2025,13:38:34,0,25,222,442,262,16,204,5,3,0,0,0,0
11/20/2025,13:38:39,0,19,227,442,263,14,205,5,3,0,0,0,0
11/20/2025,13:38:44,0,24,221,443,263,15,204,4,3,0,0,0,0
11/20/2025,13:38:49,0,30,216,442,263,14,205,4,3,0,0,0,0
11/20/2025,13:38:54,0,26,199,439,263,13,204,3,3,0,0,0,0
11/20/2025,13:38:59,0,24,206,441,263,6,205,0,1,0,0,0,0
11/20/2025,13:39:04,0,25,201,443,262,9,205,1,1,0,0,0,0
11/20/2025,13:39:45,0,26,219,444,263,15,205,3,3,0,0,0,0
11/20/2025,13:39:49,0,26,201,442,263,6,204,0,1,0,0,0,0
11/20/2025,13:39:54,0,23,203,443,263,8,206,2,2,0,0,0,0
11/20/2025,13:39:59,0,24,216,444,264,13,204,4,3,0,0,0,0
11/20/2025,13:40:04,0,27,204,442,261,10,204,1,1,0,0,0,0
11/20/2025,13:40:09,0,25,226,443,263,16,204,4,3,0,0,0,0
11/20/2025,13:40:14,0,25,210,439,263,7,206,1,0,0,0,0,0
11/20/2025,13:40:19,0,25,224,442,263,17,205,4,3,0,0,0,0
11/20/2025,13:40:24,0,25,204,443,263,4,204,0,1,-0.0008,0,0,0
11/20/2025,13:40:29,0,25,218,441,263,16,204,5,4,0,0,0,0
11/20/2025,13:40:34,0,24,206,442,263,6,206,1,0,-0.0008,0,0,0
11/20/2025,13:40:39,0,21,232,444,263,16,203,4,3,0,0,0,0
11/20/2025,13:40:44,0,22,201,442,263,7,204,1,1,0,0,0,0
11/20/2025,13:40:49,0,23,198,442,262,12,204,2,2,0,0,0,0
11/20/2025,13:40:54,0,25,213,444,262,15,204,5,3,0,0,0,0
11/20/2025,13:40:59,0,27,207,442,262,9,205,1,1,0,0,0,0
11/20/2025,13:41:04,0,25,208,443,263,13,205,3,3,0,0,0,0
11/20/2025,13:41:09,0,25,215,444,263,15,206,4,3,0,0,0,0
11/20/2025,13:41:14,0,28,199,442,263,7,206,1,2,0,0,0,0
11/20/2025,13:41:19,0,25,196,443,263,8,205,0,1,0,0,0,0
11/20/2025,13:41:24,0,25,223,441,263,12,206,5,3,0,0,0,0
11/20/2025,13:41:29,0,26,205,444,262,8,205,3,2,0,0,0,0
11/20/2025,13:41:34,0,25,209,442,263,6,205,0,1,0,0,0,0
11/20/2025,13:41:39,0,29,215,441,263,15,206,4,3,0,0,0,0
11/20/2025,13:41:44,0,27,208,444,263,12,205,3,3,0,0,0,0
11/20/2025,13:41:49,0,27,203,442,263,6,206,1,1,0,0,0,0
11/20/2025,13:41:54,0,24,218,444,263,14,204,3,3,0,0,0,0
11/20/2025,13:41:59,0,26,206,444,263,13,205,3,3,0,0,0,0
11/20/2025,13:42:04,0,26,210,442,263,6,204,0,1,0,0,0,0
11/20/2025,13:42:09,0,29,212,444,262,14,204,4,3,0,0,0,0
11/20/2025,13:42:14,0,25,210,444,263,14,206,4,3,0,0,0,0
11/20/2025,13:42:19,0,27,198,442,263,9,205,1,1,0,0,0,0
11/20/2025,13:42:24,0,25,197,441,263,7,205,0,0,0,0,0,0
11/20/2025,13:42:29,0,27,209,444,262,17,205,4,3,0,0,0,0
11/20/2025,13:42:34,0,27,229,444,263,14,205,4,3,0,0,0,0
11/20/2025,13:42:39,0,25,205,444,262,12,206,2,2,0,0,0,0
11/20/2025,13:42:44,0,24,207,444,261,7,204,1,1,0,0,0,0
11/20/2025,13:42:49,0,24,200,443,263,12,205,2,3,0,0,0,0
11/20/2025,13:42:54,0,25,223,445,263,17,205,5,3,0,0,0,0
11/20/2025,13:42:59,0,22,200,443,263,8,205,1,1,0,0,0,0
11/20/2025,13:43:04,0,23,201,444,261,14,204,3,2,0,0,0,0
11/20/2025,13:43:09,0,26,225,444,263,16,204,5,3,0,0,0,0
11/20/2025,13:43:14,0,25,205,444,263,10,204,2,3,0,0,0,0
11/20/2025,13:43:19,0,28,201,444,263,7,205,1,1,0,0,0,0
11/20/2025,13:43:24,0,26,205,444,262,7,204,1,1,0,0,0,0
11/20/2025,13:43:29,0,27,219,445,262,16,204,4,3,0,0,0,0
11/20/2025,13:43:34,0,24,198,441,263,15,206,3,3,0,0,0,0
11/20/2025,13:43:39,0,29,202,444,263,8,205,1,1,0,0,0,0
11/20/2025,13:43:44,0,22,207,443,262,16,204,3,3,0,0,0,0
11/20/2025,13:43:49,0,24,203,444,263,6,204,2,1,0,0,0,0
11/20/2025,13:43:54,0,26,199,441,263,7,205,1,1,0,0,0,0
11/20/2025,13:43:59,0,26,225,444,263,15,205,4,3,0,0,0,0
11/20/2025,13:44:04,0,26,204,443,262,6,205,1,1,0,0,0,0
11/20/2025,13:44:09,0,25,207,442,262,6,203,0,0,0,0,0,0
11/20/2025,13:44:14,0,30,210,444,263,14,205,4,2,0,0,0,0
11/20/2025,13:44:19,0,26,218,444,262,16,204,5,3,0,0,0,0
11/20/2025,13:44:24,0,27,201,442,263,7,206,1,1,0,0,0,0
11/20/2025,13:44:29,0,28,201,442,263,6,204,0,0,0,0,0,0
11/20/2025,13:44:34,0,26,215,443,263,14,205,4,3,0,0,0,0
11/20/2025,13:44:39,0,27,211,443,263,14,206,4,3,0,0,0,0
11/20/2025,13:44:44,0,26,199,443,263,7,204,1,1,0,0,0,0
11/20/2025,13:44:49,0,26,202,443,263,6,205,0,0,-0.0008,0,0,0
11/20/2025,13:44:54,0,23,216,443,263,14,203,5,3,0,0,0,0
11/20/2025,13:44:59,0,26,215,444,263,15,204,5,3,0,0,0,0
11/20/2025,13:45:04,0,26,201,443,262,7,204,1,1,0,0,0,0
11/20/2025,13:45:09,0,26,202,442,263,7,205,0,1,0,0,0,0
11/20/2025,13:45:14,0,25,214,444,263,13,206,4,3,0,0,0,0
11/20/2025,13:45:19,0,26,220,444,263,16,204,5,4,0,0,0,0
11/20/2025,13:45:24,0,26,203,443,263,6,205,1,1,0,0,0,0
11/20/2025,13:45:29,0,26,204,442,261,7,205,0,1,0,0,0,0
11/20/2025,13:45:34,0,25,226,442,263,15,205,4,3,0,0,0,0
11/20/2025,13:45:39,0,25,200,443,263,6,205,1,1,0,0,0,0
11/20/2025,13:45:44,0,28,219,444,262,16,204,3,3,0,0,0,0
11/20/2025,13:45:49,0,28,209,441,263,7,205,1,1,0,0,0,0
11/20/2025,13:45:54,0,26,220,443,262,15,204,3,3,0,0,0,0
11/20/2025,13:45:59,0,26,194,443,262,10,206,3,3,0,0,0,0
11/20/2025,13:46:04,0,24,196,442,263,8,205,1,2,0,0,0,0
11/20/2025,13:46:09,0,24,217,444,263,15,206,3,3,0,0,0,0
11/20/2025,13:46:14,0,27,206,443,263,14,204,3,3,0,0,0,0
11/20/2025,13:46:19,0,28,198,443,263,11,205,0,1,0,0,0,0
11/20/2025,13:46:24,0,28,223,444,263,16,205,4,3,-0.0008,0,0,0
11/20/2025,13:46:29,0,27,196,443,261,9,206,2,1,0,0,0,0
11/20/2025,13:46:34,0,28,204,443,263,5,206,1,1,0,0,0,0
11/20/2025,13:46:39,0,25,225,444,263,14,205,3,2,0,0,0,0
11/20/2025,13:46:44,0,26,206,440,263,7,206,1,1,0,0,0,0
11/20/2025,13:46:49,0,27,216,444,263,15,205,3,3,0,0,0,0
11/20/2025,13:46:54,0,27,196,443,263,10,205,1,1,0,0,0,0
11/20/2025,13:46:59,0,26,206,443,261,9,204,0,1,0,0,0,0
11/20/2025,13:47:04,0,28,210,443,263,14,205,3,2,0,0,0,0
11/20/2025,13:47:09,0,28,201,442,263,8,205,1,1,0,0,0,0
11/20/2025,13:47:14,0,28,221,444,263,12,204,4,2,0,0,0,0
11/20/2025,13:47:19,0,24,208,442,263,8,204,1,1,0,0,0,0
11/20/2025,13:47:24,0,25,219,444,263,16,205,3,3,0,0,0,0
11/20/2025,13:47:29,0,21,199,440,263,16,205,3,3,0,0,0,0
11/20/2025,13:47:34,0,26,205,442,263,8,206,2,1,0,0,0,0
11/20/2025,13:47:39,0,24,204,443,263,8,204,2,2,0,0,0,0
11/20/2025,13:47:44,0,26,223,444,263,14,205,5,3,0,0,0,0
11/20/2025,13:47:49,0,22,219,441,263,14,205,5,2,0,0,0,0
11/20/2025,13:47:54,0,25,207,443,263,15,206,4,3,0,0,0,0
11/20/2025,13:47:59,0,24,194,441,263,7,206,3,2,0,0,0,0
11/20/2025,13:48:04,0,25,195,441,263,10,205,2,2,0,0,0,0
11/20/2025,13:48:09,0,25,194,441,263,13,205,2,2,0,0,0,0
11/20/2025,13:48:14,0,27,211,441,263,15,205,4,3,0,0,0,0
11/20/2025,13:48:19,0,25,223,443,263,14,206,5,3,0,0,0,0
11/20/2025,13:48:24,0,25,203,442,263,7,205,1,1,0,0,0,0
11/20/2025,13:48:29,0,24,202,443,261,7,204,0,1,0,0,0,0
11/20/2025,13:48:34,0,25,217,444,263,13,205,4,2,0,0,0,0
11/20/2025,13:48:39,0,26,207,444,263,13,205,3,3,0,0,0,0
11/20/2025,13:48:44,0,25,206,442,263,8,205,1,1,0,0,0,0
11/20/2025,13:48:49,0,24,200,442,263,15,204,3,3,0,0,0,0
11/20/2025,13:48:54,0,23,220,443,263,15,204,5,3,0,0,0,0
11/20/2025,13:48:59,0,24,199,443,263,9,205,2,0,0,0,0,0
11/20/2025,13:49:04,0,25,196,442,263,11,205,4,3,0,0,0,0
11/20/2025,13:49:09,0,24,223,441,263,15,206,5,3,0,0,0,0
11/20/2025,13:49:14,0,24,200,443,263,9,206,1,1,0,0,0,0
11/20/2025,13:49:54,0,26,223,443,263,15,205,3,3,0,0,0,0
11/20/2025,13:49:58,0,29,210,441,263,7,205,1,1,0,0,0,0
11/20/2025,13:50:03,0,26,201,441,263,8,206,1,1,0,0,0,0
11/20/2025,13:50:08,0,25,217,442,263,15,206,4,3,0,0,0,0
11/20/2025,13:50:13,0,25,195,442,263,19,206,3,2,0,0,0,0
11/20/2025,13:50:18,0,26,203,443,261,5,206,1,1,0,0,0,0
11/20/2025,13:50:23,0,25,213,442,263,14,205,3,2,0,0,0,0
11/20/2025,13:50:28,0,25,201,442,263,8,205,1,1,0,0,0,0
11/20/2025,13:50:33,0,25,223,443,263,15,205,4,3,0,0,0,-0.0008
11/20/2025,13:50:38,0,25,198,440,263,8,206,1,1,0,0,0,0
11/20/2025,13:50:43,0,25,204,443,263,7,204,1,1,0,0,0,0
11/20/2025,13:50:48,0,24,220,443,263,13,206,4,2,0,0,0,0
11/20/2025,13:50:53,0,25,203,441,263,8,206,2,2,0,0,0,0
11/20/2025,13:50:58,0,24,222,443,263,11,205,3,3,0,0,0,0
11/20/2025,13:51:03,0,25,199,441,263,9,205,0,1,0,0,0,0
11/20/2025,13:51:08,0,26,218,442,261,16,204,5,2,0,0,0,0
11/20/2025,13:51:13,0,30,203,440,265,7,206,2,1,0,0,0,0
11/20/2025,13:51:18,0,28,224,442,263,15,205,5,3,0,0,0,0
11/20/2025,13:51:23,0,26,198,440,262,7,204,1,1,0,0,0,0
11/20/2025,13:51:28,0,27,205,441,263,8,204,1,2,0,0,0,0
11/20/2025,13:51:33,0,30,207,440,264,14,206,3,3,0,0,0,0
11/20/2025,13:51:38,0,28,201,439,261,7,205,1,1,0,0,0,0
11/20/2025,13:51:43,0,26,221,440,263,15,205,4,3,0,0,0,0
11/20/2025,13:51:48,0,25,198,440,263,8,204,1,1,0,0,0,0
11/20/2025,13:51:53,0,28,205,440,263,8,204,0,1,0,0,0,0
11/20/2025,13:51:58,0,25,218,441,263,14,206,5,2,0,0,0,0
11/20/2025,13:52:03,0,24,207,439,262,8,205,1,1,0,0,0,0
11/20/2025,13:52:08,0,25,225,441,264,14,206,4,3,0,0,0,0
11/20/2025,13:52:13,0,24,204,439,263,7,206,1,1,0,0,0,0
11/20/2025,13:52:18,0,24,221,438,263,15,205,3,3,0,0,0,0
11/20/2025,13:52:23,0,25,206,439,263,7,205,1,1,0,0,0,0
11/20/2025,13:52:28,0,25,227,441,263,15,205,3,3,0,0,0,0
11/20/2025,13:52:33,0,25,210,440,263,9,204,1,1,0,0,0,0
11/20/2025,13:52:38,0,25,198,439,261,11,204,1,1,0,0,0,0
11/20/2025,13:52:43,0,26,203,439,263,7,206,0,1,0,0,0,0
11/20/2025,13:52:48,0,25,211,441,263,12,206,4,3,0,0,0,0
11/20/2025,13:52:53,0,25,194,438,263,12,206,3,2,0,0,0,0
11/20/2025,13:52:58,0,27,203,440,263,8,206,2,2,0,0,0,0
11/20/2025,13:53:03,0,26,207,438,263,16,206,4,2,0,0,0,0
11/20/2025,13:53:08,0,25,201,438,263,7,206,2,2,0,0,0,0
11/20/2025,13:53:13,0,26,220,441,263,11,206,5,2,0,0,0,0
11/20/2025,13:53:18,0,26,203,440,263,7,204,0,1,0,0,0,0
11/20/2025,13:53:23,0,27,202,440,263,7,206,2,2,0,0,0,0
11/20/2025,13:53:28,0,29,227,438,263,14,205,5,3,0,0,0,0
11/20/2025,13:53:33,0,25,205,439,263,6,205,1,1,0,0,0,0
11/20/2025,13:53:38,0,26,210,440,262,13,205,3,2,0,0,0,0
11/20/2025,13:53:43,0,27,199,438,263,16,205,3,3,0,0,0,0
11/20/2025,13:53:48,0,25,205,439,263,7,206,2,1,0,0,0,0
11/20/2025,13:53:53,0,26,216,440,261,11,206,4,3,0,0,0,0
11/20/2025,13:53:58,0,26,199,439,263,8,204,1,1,0,0,0,0
11/20/2025,13:54:03,0,20,225,440,264,15,206,3,3,0,0,0,0
11/20/2025,13:54:08,0,27,202,439,262,7,206,1,1,0,0,0,0
11/20/2025,13:54:13,0,25,220,441,262,11,204,4,0,0,0,0,0
11/20/2025,13:54:18,0,28,202,440,261,7,205,1,1,0,0,0,0
11/20/2025,13:54:23,0,24,206,439,263,13,204,3,4,0,0,0,0
11/20/2025,13:54:28,0,26,215,439,263,14,206,4,3,0,0,0,0
11/20/2025,13:54:33,0,25,202,438,263,7,205,1,1,0,0,0,0
11/20/2025,13:54:38,0,26,205,438,261,6,205,0,1,0,0,0,0
11/20/2025,13:54:43,0,25,202,438,263,13,205,3,3,0,0,0,0
11/20/2025,13:54:48,0,26,229,439,263,13,205,4,3,0,0,0,0
11/20/2025,13:54:53,0,26,205,439,263,8,204,2,1,0,0,0,0
11/20/2025,13:54:58,0,26,199,435,263,9,206,2,2,0,0,0,0
11/20/2025,13:55:03,0,25,205,436,263,7,205,0,1,0,0,0,0
11/20/2025,13:55:08,0,23,196,437,263,15,199,3,3,0,0,0,0
11/20/2025,13:55:13,0,27,219,439,263,13,206,4,3,0,0,0,0
11/20/2025,13:55:18,0,24,228,439,263,15,205,4,3,0,0,0,0
11/20/2025,13:55:23,0,25,222,437,263,16,204,5,3,0,0,0,0
11/20/2025,13:55:28,0,25,210,440,263,12,206,4,3,0,0,0,0
11/20/2025,13:55:33,0,25,204,439,263,6,206,2,2,0,0,0,0
11/20/2025,13:55:38,0,24,202,435,263,7,206,0,1,0,0,0,0
11/20/2025,13:55:43,0,24,204,438,262,9,206,1,1,0,0,0,0
11/20/2025,13:55:48,0,26,209,438,262,7,203,1,1,0,0,0,0
11/20/2025,13:55:53,0,25,203,439,261,7,204,0,1,0,0,0,0
11/20/2025,13:55:58,0,25,194,435,264,9,206,1,2,0,0,0,0
11/20/2025,13:56:03,0,22,198,439,263,15,205,3,2,0,0,0,0
11/20/2025,13:56:08,0,22,208,439,262,15,205,4,3,0,0,0,0
11/20/2025,13:56:13,0,25,214,439,263,13,205,4,3,0,0,0,0
11/20/2025,13:56:18,0,26,224,440,262,13,205,4,2,0,0,0,0
11/20/2025,13:56:23,0,24,224,440,262,15,205,5,3,0,0,0,0
11/20/2025,13:56:28,0,25,219,440,262,14,205,4,3,0,0,0,0
11/20/2025,13:56:33,0,25,211,439,263,13,206,4,3,0,0,0,0
11/20/2025,13:56:38,0,25,204,440,263,8,205,1,1,0,0,0,0
11/20/2025,13:56:43,0,25,198,438,263,7,206,0,1,0,0,0,0
11/20/2025,13:56:48,0,25,204,438,261,7,204,1,1,0,0,0,0
11/20/2025,13:56:53,0,23,211,440,265,13,205,3,3,0,0,0,0
11/20/2025,13:56:58,0,25,229,439,263,13,205,4,3,0,0,0,0
11/20/2025,13:57:03,0,24,219,440,263,13,206,5,3,0,0,0,0
11/20/2025,13:57:08,0,26,208,440,262,8,204,3,2,0,0,0,0
11/20/2025,13:57:13,0,27,198,437,263,7,205,1,1,0,0,0,0
11/20/2025,13:57:18,0,25,194,438,263,10,204,1,1,0,0,0,0
11/20/2025,13:57:23,0,27,219,439,263,15,206,3,2,0,0,0,0
11/20/2025,13:57:28,0,26,213,438,263,13,205,4,3,0,0,0,0
11/20/2025,13:57:33,0,26,205,435,263,7,206,1,1,0,0,0,0
11/20/2025,13:57:38,0,25,207,433,263,12,204,0,1,0,0,0,0
11/20/2025,13:57:43,0,25,194,431,263,12,206,3,2,0,0,0,0
11/20/2025,13:57:48,0,27,229,433,263,14,204,5,3,0,0,0,0
11/20/2025,13:57:53,0,24,204,433,263,3,204,2,1,0,0,0,0
11/20/2025,13:57:58,0,25,208,432,263,7,204,1,1,0,0,0,0
11/20/2025,13:58:03,0,25,216,433,262,12,205,3,1,0,0,0,0
11/20/2025,13:58:08,0,26,208,431,263,8,206,2,2,0,0,0,0
11/20/2025,13:58:13,0,24,201,432,262,5,204,1,1,0,0,0,0
11/20/2025,13:58:18,0,24,224,434,262,14,206,3,3,0,0,0,0
11/20/2025,13:58:23,0,25,208,430,263,7,206,2,1,0,0,0,0
11/20/2025,13:58:28,0,27,226,434,263,15,206,5,3,0,0,0,0
11/20/2025,13:58:33,0,26,201,433,263,6,206,1,1,0,0,0,0
11/20/2025,13:58:38,0,27,207,432,263,10,206,2,2,0,0,0,0
11/20/2025,13:58:43,0,25,217,432,263,14,206,4,3,0,0,0,0
11/20/2025,13:58:48,0,25,203,433,263,6,205,1,0,0,0,0,0
11/20/2025,13:58:53,0,27,201,434,263,7,206,1,1,0,0,0,0
11/20/2025,13:58:58,0,25,213,434,263,13,206,3,3,0,0,0,0
11/20/2025,13:59:03,0,24,221,434,263,10,205,4,2,0,0,0,0
11/20/2025,13:59:08,0,25,194,432,263,9,205,1,1,0,0,0,0
11/20/2025,13:59:13,0,26,200,434,263,7,205,0,1,0,0,0,0
11/20/2025,13:59:18,0,26,219,434,263,13,205,4,3,0,0,0,0
11/20/2025,13:59:23,0,27,203,432,263,13,207,4,3,0,0,0,0
11/20/2025,14:00:04,0,26,212,434,264,9,204,1,1,0,0,0,0
11/20/2025,14:00:08,0,25,202,436,262,8,204,1,1,0,0,0,0
11/20/2025,14:00:13,0,23,219,437,263,13,206,4,2,0,0,0,0
11/20/2025,14:00:18,0,28,202,437,264,6,205,1,1,0,0,0,0
11/20/2025,14:00:23,0,29,209,436,263,15,206,4,2,0,0,0,0
11/20/2025,14:00:28,0,25,202,436,263,5,205,1,1,0,0,0,0
11/20/2025,14:00:33,0,30,225,438,262,12,205,3,3,0,0,0,0
11/20/2025,14:00:38,0,26,205,434,263,5,205,0,1,0,0,0,0
11/20/2025,14:00:43,0,27,215,436,263,15,206,4,3,0,0,0,0
11/20/2025,14:00:48,0,26,201,437,263,5,204,0,1,0,0,0,0
11/20/2025,14:00:53,0,25,220,439,262,15,204,5,3,0,0,0,0
11/20/2025,14:00:58,0,27,208,437,263,7,206,2,1,0,0,0,0
11/20/2025,14:01:03,0,25,221,440,261,13,207,5,2,0,0,0,0
11/20/2025,14:01:08,0,25,200,438,263,7,206,2,1,0,0,0,0
11/20/2025,14:01:13,0,23,205,438,263,13,206,4,3,0,0,0,0
11/20/2025,14:01:18,0,27,207,439,263,12,206,3,2,0,0,0,0
11/20/2025,14:01:23,0,26,203,437,263,7,205,0,1,0,0,0,0
11/20/2025,14:01:28,0,27,219,438,263,12,205,3,2,0,0,0,0
11/20/2025,14:01:33,0,25,205,439,263,9,205,2,1,0,0,0,0
11/20/2025,14:01:38,0,31,210,438,263,8,205,1,1,0,0,0,0
11/20/2025,14:01:43,0,26,197,438,263,9,204,1,0,0,0,0,0
11/20/2025,14:01:48,0,25,208,438,264,15,205,2,2,0,0,0,0
11/20/2025,14:01:53,0,27,219,439,263,13,206,4,4,0,0,0,0
11/20/2025,14:01:58,0,26,222,439,263,14,205,4,3,0,0,0,0
11/20/2025,14:02:03,0,26,207,440,262,10,205,3,2,0,0,0,0
11/20/2025,14:02:08,0,26,203,439,263,6,204,1,1,0,0,0,0
11/20/2025,14:02:13,0,27,207,438,263,5,205,0,1,0,0,0,0
11/20/2025,14:02:18,0,21,200,439,264,13,207,3,2,0,0,0,0
11/20/2025,14:02:23,0,28,222,439,264,12,206,5,3,0,0,0,0
11/20/2025,14:02:28,0,26,215,437,263,15,206,5,3,0,0,0,0
11/20/2025,14:02:33,0,28,216,441,264,15,205,6,3,0,0,0,0
11/20/2025,14:02:38,0,26,199,440,262,6,206,1,1,0,0,0,0
11/20/2025,14:02:43,0,26,207,439,263,5,205,0,1,0,0,0,0
11/20/2025,14:02:48,0,25,198,437,263,8,206,2,1,0,0,0,0
11/20/2025,14:02:53,0,29,217,441,262,14,205,4,3,0,0,0,0
11/20/2025,14:02:58,0,26,217,440,263,15,205,4,3,0,0,0,0
11/20/2025,14:03:03,0,24,199,438,263,7,205,1,1,0,0,0,0
11/20/2025,14:03:08,0,26,197,439,263,9,205,0,1,0,0,0,0
11/20/2025,14:03:13,0,26,219,440,262,13,205,4,3,0,0,0,0
11/20/2025,14:03:18,0,27,207,440,263,12,206,3,2,0,0,0,0
11/20/2025,14:03:23,0,24,211,438,264,7,206,1,1,0,0,0,0
11/20/2025,14:03:28,0,25,221,438,264,14,207,4,2,0,0,0,0
11/20/2025,14:03:33,0,25,200,439,263,5,205,1,1,0,0,0,0
11/20/2025,14:03:38,0,25,220,440,263,15,205,4,3,0,0,0,0
11/20/2025,14:03:43,0,24,204,437,263,5,206,0,0,0,0,0,0
11/20/2025,14:03:48,0,24,205,440,264,8,206,2,1,0,0,0,0
11/20/2025,14:03:53,0,25,222,440,262,12,207,5,3,0,0,0,0
11/20/2025,14:03:58,0,24,199,439,263,7,206,2,1,0,0,0,0
11/20/2025,14:04:03,0,24,202,439,263,7,206,1,1,0,0,0,0
11/20/2025,14:04:08,0,23,229,439,263,14,206,5,3,0,0,0,0
11/20/2025,14:04:13,0,24,194,439,263,12,206,3,2,0,0,0,0
11/20/2025,14:04:18,0,23,209,438,263,8,206,1,1,0,0,0,0
11/20/2025,14:04:23,0,24,202,439,263,2,205,0,1,0,0,0,0
11/20/2025,14:04:28,0,25,205,441,262,13,205,2,1,0,0,0,0
11/20/2025,14:04:33,0,25,210,439,263,14,206,4,3,0,0,0,0
11/20/2025,14:04:38,0,24,211,441,263,13,206,4,3,0,0,0,0
11/20/2025,14:04:43,0,25,208,440,263,8,205,1,1,0,0,0,0
11/20/2025,14:04:48,0,23,201,438,264,9,206,1,1,0,0,0,0
11/20/2025,14:04:53,0,25,201,440,261,6,205,0,1,0,0,0,0
11/20/2025,14:04:58,0,23,220,441,263,13,206,4,3,0,0,0,0
11/20/2025,14:05:03,0,24,204,441,262,7,204,1,2,0,0,0,0
11/20/2025,14:05:08,0,24,196,439,263,9,205,1,1,0,0,0,0
11/20/2025,14:05:13,0,24,213,440,263,14,205,3,3,0,0,0,0
11/20/2025,14:05:18,0,23,200,439,263,6,205,1,1,0,0,0,0
11/20/2025,14:05:23,0,25,211,441,263,13,205,3,2,0,0,0,0
11/20/2025,14:05:28,0,25,195,437,263,10,205,1,1,0,0,0,0
11/20/2025,14:05:33,0,24,206,440,263,9,206,2,2,0,0,0,0
11/20/2025,14:05:38,0,24,204,438,264,15,206,4,3,0,0,0,0
11/20/2025,14:05:43,0,23,202,440,263,5,206,1,1,0,0,0,0
11/20/2025,14:05:48,0,23,223,439,263,15,206,4,3,0,0,0,0
11/20/2025,14:05:53,0,23,206,440,263,12,205,5,3,0,0,0,0
11/20/2025,14:05:58,0,24,202,439,263,6,205,0,0,0,0,0,0
11/20/2025,14:06:03,0,24,200,438,264,6,205,1,1,0,0,0,0
11/20/2025,14:06:08,0,25,204,440,262,7,204,1,1,0,0,0,0
11/20/2025,14:06:13,0,24,211,438,264,13,207,3,3,0,0,0,0
11/20/2025,14:06:18,0,25,215,440,263,13,206,4,3,0,0,0,0
11/20/2025,14:06:23,0,24,213,439,263,14,206,5,3,0,0,0,0
11/20/2025,14:06:28,0,21,206,437,263,9,206,2,2,0,0,0,0
11/20/2025,14:06:33,0,24,202,438,263,8,206,1,1,0,0,0,0
11/20/2025,14:06:38,0,24,206,436,263,6,206,0,1,0,0,0,0
11/20/2025,14:06:43,0,23,205,438,263,15,206,4,3,0,0,0,0
11/20/2025,14:06:48,0,25,226,437,263,14,207,5,3,0,0,0,0
11/20/2025,14:06:53,0,25,205,437,263,7,206,1,1,0,0,0,0
11/20/2025,14:06:58,0,25,209,437,263,8,206,1,0,0,0,0,0
11/20/2025,14:07:03,0,24,204,438,263,5,206,0,0,0,0,0,0
11/20/2025,14:07:08,0,24,197,436,263,10,207,2,1,0,0,0,0
11/20/2025,14:07:13,0,24,208,439,261,13,205,3,4,0,0,0,0
11/20/2025,14:07:18,0,24,225,436,263,13,206,5,2,0,0,0,0
11/20/2025,14:07:23,0,25,212,439,263,13,206,5,3,0,0,0,0
11/20/2025,14:07:28,0,27,203,438,263,5,206,2,1,0,0,0,0
11/20/2025,14:07:33,0,26,205,435,263,8,206,0,1,0,0,0,0
11/20/2025,14:07:38,0,25,208,438,263,7,206,1,1,0,0,0,0
11/20/2025,14:07:43,0,24,208,438,263,5,206,0,0,0,0,0,0
11/20/2025,14:07:48,0,25,201,438,263,6,205,1,0,0,0,0,0
11/20/2025,14:07:53,0,24,197,437,263,9,205,0,1,0,0,0,0
11/20/2025,14:07:58,0,25,203,437,263,6,206,1,1,0,0,0,0
11/20/2025,14:08:03,0,24,205,438,263,5,206,0,0,0,0,0,0
11/20/2025,14:08:08,0,24,209,437,263,5,206,1,1,0,0,0,0
11/20/2025,14:08:13,0,25,211,437,263,5,206,0,0,0,0,0,0
11/20/2025,14:08:18,0,25,204,439,263,7,206,1,2,0,0,0,0
11/20/2025,14:08:23,0,24,203,439,263,8,206,0,1,0,0,0,0
11/20/2025,14:08:28,0,24,216,441,263,14,205,4,3,0,0,0,0
11/20/2025,14:08:33,0,23,220,439,263,17,206,5,2,0,0,0,0
11/20/2025,14:08:38,0,28,198,440,263,12,206,2,3,0,0,0,0
11/20/2025,14:08:43,0,23,204,438,263,5,206,1,1,0,0,0,0
11/20/2025,14:08:48,0,23,197,439,263,6,205,0,1,0,0,0,0
11/20/2025,14:08:53,0,25,207,440,263,8,205,2,1,0,0,0,0
11/20/2025,14:08:58,0,25,232,440,263,14,206,5,3,0,0,0,0
11/20/2025,14:09:03,0,28,200,440,262,11,205,3,3,0,0,0,0
11/20/2025,14:09:08,0,26,207,439,263,5,205,1,0,0,0,0,0
11/20/2025,14:09:13,0,23,204,440,262,5,205,1,2,0,0,0,0
11/20/2025,14:09:18,0,24,228,441,263,16,206,4,3,0,0,0,0
11/20/2025,14:09:23,0,24,201,440,263,13,206,4,2,0,0,0,0
11/20/2025,14:09:28,0,24,203,439,263,6,205,1,1,0,0,0,0
11/20/2025,14:10:23,0,25,205,439,263,10,206,2,1,0,0,0,0
11/20/2025,14:10:27,0,24,198,438,263,7,206,1,1,0,0,0,0
11/20/2025,14:10:32,0,25,225,441,263,17,206,5,3,0,0,0,0
11/20/2025,14:10:37,0,25,202,439,263,7,205,0,1,0,0,0,0
11/20/2025,14:10:42,0,27,205,441,263,5,205,1,1,0,0,0,0
11/20/2025,14:10:47,0,25,226,441,262,11,205,5,2,0,0,0,0
11/20/2025,14:10:52,0,23,196,437,263,9,207,1,1,0,0,0,0
11/20/2025,14:10:57,0,23,197,439,263,5,205,0,1,0,0,0,0
11/20/2025,14:11:02,0,23,212,440,262,12,206,4,3,0,0,0,0
11/20/2025,14:11:07,0,27,215,439,263,13,207,4,3,0,0,0,0
11/20/2025,14:11:12,0,24,203,439,263,6,206,1,1,0,0,0,0
11/20/2025,14:11:17,0,27,206,439,263,7,207,2,1,0,0,0,0
11/20/2025,14:11:22,0,24,216,440,263,14,205,4,3,0,0,0,0
11/20/2025,14:11:27,0,23,200,440,263,8,206,1,1,0,0,0,0
11/20/2025,14:11:32,0,24,208,441,263,15,205,3,2,0,0,0,0
11/20/2025,14:11:37,0,26,205,441,263,8,206,3,2,0,0,0,0
11/20/2025,14:11:42,0,23,195,440,263,8,205,2,1,0,0,0,0
11/20/2025,14:11:47,0,23,207,441,263,12,207,3,2,0,0,0,0
11/20/2025,14:11:52,0,24,196,440,261,9,207,2,2,0,0,0,0
11/20/2025,14:11:57,0,24,213,440,263,14,206,5,3,0,0,0,0
11/20/2025,14:12:02,0,23,206,439,263,5,205,0,0,-0.0008,0,0,0
11/20/2025,14:12:07,0,24,223,440,261,15,205,4,2,0,0,0,0
11/20/2025,14:12:12,0,23,202,437,263,6,206,0,0,0,0,0,0
11/20/2025,14:12:17,0,22,191,437,263,11,205,3,2,0,0,0,0
11/20/2025,14:12:22,0,21,214,439,263,13,207,4,3,0,0,0,0
11/20/2025,14:12:27,0,24,205,436,263,6,207,1,1,0,0,0,0
11/20/2025,14:12:32,0,22,225,438,263,14,207,4,3,0,0,0,0
11/20/2025,14:12:37,0,23,199,437,263,6,205,1,1,0,0,0,0
11/20/2025,14:12:42,0,24,217,438,262,13,206,3,3,0,0,0,0
11/20/2025,14:12:47,0,27,230,438,262,14,206,5,3,0,0,0,0
11/20/2025,14:12:52,0,24,206,437,263,6,206,1,1,0,0,0,0
11/20/2025,14:12:57,0,25,209,436,263,7,206,1,0,0,0,0,0
11/20/2025,14:13:02,0,24,216,439,262,13,206,3,3,0,0,0,0
11/20/2025,14:13:07,0,23,203,437,263,12,206,3,3,0,0,0,0
11/20/2025,14:13:12,0,19,200,437,262,7,205,1,1,0,0,0,0
11/20/2025,14:13:17,0,23,228,439,263,14,207,4,3,0,0,0,0
11/20/2025,14:13:22,0,23,208,436,262,6,205,0,1,0,0,0,0
11/20/2025,14:13:27,0,24,217,436,263,16,207,5,3,0,0,0,0
11/20/2025,14:13:32,0,22,214,438,263,13,205,4,3,0,0,0,0
11/20/2025,14:13:37,0,24,206,436,263,5,207,1,0,0,0,0,0
11/20/2025,14:13:42,0,22,206,438,263,8,206,2,2,0,0,0,0
11/20/2025,14:13:47,0,22,207,436,263,16,205,4,3,0,0,0,0
11/20/2025,14:13:52,0,23,206,436,263,7,206,2,1,0,0,0,0
11/20/2025,14:13:57,0,24,195,436,263,9,206,2,2,0,0,0,0
11/20/2025,14:14:02,0,22,217,438,263,14,206,4,3,0,0,0,0
11/20/2025,14:14:07,0,23,204,436,262,6,207,1,1,0,0,0,0
11/20/2025,14:14:12,0,22,203,437,263,15,206,3,3,0,0,0,0
11/20/2025,14:14:17,0,24,207,438,262,10,207,3,2,0,0,0,0
11/20/2025,14:14:22,0,25,209,438,262,15,205,4,3,0,0,0,0
11/20/2025,14:14:27,0,25,204,437,263,6,206,1,1,0,0,0,0
11/20/2025,14:14:32,0,23,222,440,261,15,205,4,3,0,0,0,0
11/20/2025,14:14:37,0,23,197,438,262,8,206,2,1,0,0,0,0
11/20/2025,14:14:42,0,23,203,439,263,7,206,2,1,0,0,0,0
11/20/2025,14:14:47,0,25,225,438,263,13,205,4,3,0,0,0,0
11/20/2025,14:14:52,0,24,198,437,263,7,205,1,1,0,0,0,0
11/20/2025,14:14:57,0,24,201,437,263,7,207,0,1,0,0,0,0
11/20/2025,14:15:02,0,23,213,439,263,13,206,4,3,0,0,0,0
11/20/2025,14:15:07,0,24,213,440,263,14,207,4,3,0,0,0,0
11/20/2025,14:15:12,0,24,204,438,263,6,206,0,0,0,0,0,0
11/20/2025,14:15:17,0,19,205,438,263,6,206,1,1,0,0,0,0
11/20/2025,14:15:22,0,24,216,440,263,15,206,4,3,0,0,0,0
11/20/2025,14:15:27,0,24,221,441,264,14,206,5,2,0,0,0,0
11/20/2025,14:15:32,0,26,203,439,263,13,205,4,3,0,0,0,0
11/20/2025,14:15:37,0,24,202,439,264,5,206,1,1,0,0,0,0
11/20/2025,14:15:42,0,24,200,439,263,8,207,1,1,0,0,0,0
11/20/2025,14:15:47,0,24,207,440,263,10,207,3,2,0,0,0,0
11/20/2025,14:15:52,0,23,223,440,263,15,205,4,3,0,0,0,0
11/20/2025,14:15:57,0,22,219,440,262,13,206,4,2,0,0,0,0
11/20/2025,14:16:02,0,24,195,439,263,8,206,1,1,0,0,0,0
11/20/2025,14:16:07,0,25,199,439,263,8,205,1,1,-0.0008,0,0,0
11/20/2025,14:16:12,0,22,212,442,263,13,205,3,3,0,0,0,0
11/20/2025,14:16:17,0,24,216,441,263,16,207,4,3,0,0,0,0
11/20/2025,14:16:22,0,25,200,440,261,7,206,1,1,0,0,0,0
11/20/2025,14:16:27,0,26,199,440,263,8,206,0,1,0,0,0,0
11/20/2025,14:16:32,0,25,211,440,263,13,207,4,3,0,0,0,0
11/20/2025,14:16:37,0,23,214,441,263,13,207,4,3,0,0,0,0
11/20/2025,14:16:42,0,24,202,439,263,6,207,2,0,0,0,0,0
11/20/2025,14:16:47,0,25,223,442,263,15,206,5,3,0,0,0,0
11/20/2025,14:16:52,0,24,197,440,263,8,206,1,1,0,0,0,0
11/20/2025,14:16:57,0,21,204,441,263,10,207,1,1,0,0,0,0
11/20/2025,14:17:02,0,23,213,442,263,13,206,3,3,0,0,0,0
11/20/2025,14:17:07,0,24,201,440,263,7,207,2,1,0,0,0,0
11/20/2025,14:17:12,0,24,225,442,263,12,208,5,3,0,0,0,0
11/20/2025,14:17:17,0,25,209,441,263,8,206,2,1,0,0,0,0
11/20/2025,14:17:22,0,23,229,442,263,15,207,5,3,0,0,0,0
11/20/2025,14:17:27,0,26,207,441,263,6,206,1,0,0,0,0,0
11/20/2025,14:17:32,0,24,218,442,263,16,205,3,3,0,0,0,0
11/20/2025,14:17:37,0,24,198,439,263,7,206,1,1,0,0,0,0
11/20/2025,14:17:42,0,24,213,443,263,14,206,3,3,0,0,0,0
11/20/2025,14:17:47,0,23,203,440,263,6,206,1,1,0,0,0,0
11/20/2025,14:17:52,0,25,225,442,261,15,206,5,3,0,0,0,0
11/20/2025,14:17:57,0,24,207,441,263,6,205,0,1,0,0,0,0
11/20/2025,14:18:02,0,24,226,442,263,15,206,5,3,0,0,0,0
11/20/2025,14:18:07,0,23,211,442,263,6,205,1,1,0,0,0,0
11/20/2025,14:18:12,0,21,231,443,264,15,202,4,3,0,0,0,0
11/20/2025,14:18:17,0,20,200,440,263,7,207,1,1,0,0,0,0
11/20/2025,14:18:22,0,24,221,443,263,13,207,4,2,0,0,0,0
11/20/2025,14:18:27,0,21,198,439,263,9,207,1,1,0,0,0,0
11/20/2025,14:18:32,0,16,227,443,263,13,206,3,3,0,0,0,0
11/20/2025,14:18:37,0,23,207,440,263,6,206,1,1,0,0,0,0
11/20/2025,14:18:42,0,22,218,442,263,16,206,4,3,0,0,0,0
11/20/2025,14:18:47,0,22,198,441,263,8,207,1,1,0,0,0,0
11/20/2025,14:18:52,0,24,210,442,263,13,207,3,3,0,0,0,0
11/20/2025,14:18:57,0,21,201,441,263,6,207,1,1,0,0,0,0
11/20/2025,14:19:02,0,22,226,440,263,14,207,4,3,0,0,0,0
11/20/2025,14:19:07,0,22,200,441,263,6,206,1,1,0,0,0,0
11/20/2025,14:19:12,0,20,213,442,263,14,205,3,3,0,0,0,0
11/20/2025,14:19:17,0,24,204,441,263,6,206,1,1,0,0,0,0
11/20/2025,14:19:22,0,20,203,442,262,15,205,3,2,0,0,0,0
11/20/2025,14:19:27,0,25,205,442,263,6,207,2,2,0,0,0,0
11/20/2025,14:19:32,0,25,205,442,263,14,206,4,1,0,0,0,0
11/20/2025,14:19:37,0,21,204,442,262,4,206,2,1,0,0,0,0
11/20/2025,14:20:43,0,24,207,443,262,10,204,3,2,0,0,0,0
11/20/2025,14:20:47,0,23,228,441,263,15,207,4,3,0,0,0,0
11/20/2025,14:20:52,0,21,206,442,263,5,207,0,1,0,0,0,0
11/20/2025,14:20:57,0,21,209,441,263,14,207,4,3,0,0,0,0
11/20/2025,14:21:02,0,29,204,443,263,14,207,3,3,0,0,0,0
11/20/2025,14:21:07,0,24,202,442,263,9,206,2,1,0,0,0,0
11/20/2025,14:21:12,0,25,215,441,263,15,207,4,3,0,0,0,0
11/20/2025,14:21:17,0,20,208,440,263,8,207,2,1,0,0,0,0
11/20/2025,14:21:22,0,23,213,444,263,14,206,5,3,0,0,0,0
11/20/2025,14:21:27,0,23,196,442,263,15,206,3,2,0,0,0,0
11/20/2025,14:21:32,0,22,205,444,263,9,207,2,1,0,0,0,0
11/20/2025,14:21:37,0,25,212,443,262,16,207,4,3,0,0,0,0
11/20/2025,14:21:42,0,22,200,442,263,2,207,1,1,0,0,0,0
11/20/2025,14:21:47,0,22,228,444,263,14,206,4,3,0,0,0,0
11/20/2025,14:21:52,0,21,208,441,264,6,206,0,1,0,0,0,0
11/20/2025,14:21:57,0,17,229,444,263,13,207,5,3,0,0,0,0
11/20/2025,14:22:02,0,22,200,441,263,7,207,1,1,0,0,0,0
11/20/2025,14:22:07,0,21,204,444,263,13,208,3,3,0,0,0,0
11/20/2025,14:22:12,0,22,215,444,263,15,206,5,3,0,0,0,0
11/20/2025,14:22:17,0,19,194,441,263,8,207,1,1,0,0,0,0
11/20/2025,14:22:22,0,23,194,443,262,9,207,2,2,0,0,0,0
11/20/2025,14:22:27,0,22,222,444,263,15,206,6,3,0,0,0,0
11/20/2025,14:22:32,0,22,207,445,262,12,206,4,2,0,0,0,0
11/20/2025,14:22:37,0,20,205,441,263,7,207,0,0,0,0,0,0
11/20/2025,14:22:42,0,23,219,444,263,13,207,4,3,0,0,0,0
11/20/2025,14:22:47,0,21,206,443,263,7,206,2,1,0,0,0,0
11/20/2025,14:22:52,0,22,208,443,263,6,205,1,1,0,0,0,0
11/20/2025,14:22:57,0,21,198,443,262,17,206,2,2,0,0,0,0
11/20/2025,14:23:02,0,27,225,443,263,13,206,5,3,0,0,0,0
11/20/2025,14:23:07,0,23,207,443,263,12,206,3,3,0,0,0,0
11/20/2025,14:23:12,0,23,200,439,263,7,206,1,1,0,0,0,0
11/20/2025,14:23:17,0,22,201,442,263,7,207,0,1,0,0,0,0
11/20/2025,14:23:22,0,18,204,442,262,15,206,4,3,0,0,0,0
11/20/2025,14:23:27,0,23,220,443,263,14,206,5,3,0,0,0,0
11/20/2025,14:23:32,0,21,229,443,262,13,206,5,3,0,0,0,0
11/20/2025,14:23:37,0,23,226,442,263,16,207,5,3,0,0,0,0
11/20/2025,14:23:42,0,22,230,443,263,14,205,4,3,0,0,0,0
11/20/2025,14:23:47,0,24,219,444,263,12,206,3,1,0,0,0,0
11/20/2025,14:23:52,0,29,199,441,263,19,205,3,3,0,0,0,0
11/20/2025,14:23:57,0,23,203,442,261,9,205,1,1,-0.0008,0,0,0
11/20/2025,14:24:02,0,24,217,441,263,17,207,4,3,0,0,0,0
11/20/2025,14:24:07,0,21,200,442,262,8,207,1,1,0,0,0,0
11/20/2025,14:24:12,0,22,212,443,263,13,205,3,3,0,0,0,0
11/20/2025,14:24:17,0,22,196,441,263,9,207,2,1,0,0,0,0
11/20/2025,14:24:22,0,21,212,443,263,14,207,4,3,0,0,0,0
11/20/2025,14:24:27,0,23,199,440,263,7,206,1,1,0,0,0,0
11/20/2025,14:24:32,0,23,226,443,263,15,207,4,3,0,0,0,0
11/20/2025,14:24:37,0,21,198,441,263,7,206,1,1,0,0,0,0
11/20/2025,14:24:42,0,23,208,442,263,15,207,3,3,0,0,0,0
11/20/2025,14:24:47,0,22,205,442,263,9,207,3,3,0,0,0,0
11/20/2025,14:24:52,0,22,199,442,263,8,206,1,1,0,0,0,0
11/20/2025,14:24:57,0,22,221,443,262,15,206,4,3,0,0,0,0
11/20/2025,14:25:02,0,21,210,442,263,7,206,1,1,0,0,0,0
11/20/2025,14:25:07,0,21,221,444,262,7,207,4,2,0,0,0,0
11/20/2025,14:25:12,0,22,200,443,262,6,206,2,1,0,0,0,0
11/20/2025,14:25:17,0,20,197,442,263,13,208,3,2,0,0,0,0
11/20/2025,14:25:22,0,21,213,444,263,13,207,4,3,0,0,0,0
11/20/2025,14:25:27,0,21,204,441,263,7,206,1,1,0,0,0,0
11/20/2025,14:25:32,0,21,226,443,262,15,206,4,3,0,0,0,0
11/20/2025,14:25:37,0,25,201,442,263,10,207,1,1,0,0,0,0
11/20/2025,14:25:42,0,18,211,444,261,13,206,5,2,0,0,0,0
11/20/2025,14:25:47,0,20,214,444,262,12,208,4,3,0,0,0,0
11/20/2025,14:25:52,0,21,202,443,263,6,208,0,1,0,0,0,0
11/20/2025,14:25:57,0,22,198,442,262,12,206,3,3,0,0,0,0
11/20/2025,14:26:02,0,21,218,445,262,15,206,5,3,0,0,0,0
11/20/2025,14:26:07,0,22,207,442,263,7,208,1,1,0,0,0,0
11/20/2025,14:26:12,0,22,225,444,263,18,208,3,3,0,0,0,0
11/20/2025,14:26:17,0,19,198,443,263,6,208,0,0,0,0,0,0
11/20/2025,14:26:22,0,21,205,444,263,15,205,3,3,0,0,0,0
11/20/2025,14:26:27,0,22,210,444,263,12,206,3,3,0,0,0,0
11/20/2025,14:26:32,0,21,204,444,263,6,206,1,1,0,0,0,0
11/20/2025,14:26:37,0,22,228,445,262,14,207,4,3,0,0,0,0
11/20/2025,14:26:42,0,21,200,444,263,8,206,1,2,0,0,0,0
11/20/2025,14:26:47,0,20,216,445,263,14,206,3,3,0,0,0,0
11/20/2025,14:26:52,0,20,203,445,263,6,208,0,1,0,0,0,0
11/20/2025,14:26:57,0,20,198,444,263,13,206,3,3,0,0,0,0
11/20/2025,14:27:02,0,22,215,446,262,15,206,4,3,0,0,0,0
11/20/2025,14:27:07,0,20,207,445,263,7,206,2,2,0,0,0,0
11/20/2025,14:27:12,0,18,216,446,263,14,207,5,3,0,0,0,0
11/20/2025,14:27:17,0,22,205,446,263,6,207,2,2,0,0,0,0
11/20/2025,14:27:22,0,22,199,444,263,7,207,1,1,0,0,0,0
11/20/2025,14:27:27,0,20,228,446,263,14,207,3,3,0,0,0,0
11/20/2025,14:27:32,0,19,202,445,263,7,206,1,1,0,0,0,0
11/20/2025,14:27:37,0,21,203,445,262,6,207,0,1,0,0,0,0
11/20/2025,14:27:42,0,20,217,445,262,16,206,4,4,0,0,0,0
11/20/2025,14:27:47,0,20,211,446,263,11,206,3,3,0,0,0,0
11/20/2025,14:27:52,0,20,207,445,262,7,208,0,1,0,0,0,0
11/20/2025,14:27:57,0,21,212,444,264,13,207,3,3,0,0,0,0
11/20/2025,14:28:02,0,20,212,447,262,14,207,4,3,0,0,0,0
11/20/2025,14:28:07,0,18,204,445,263,10,206,3,1,0,0,0,0
11/20/2025,14:28:12,0,20,195,445,263,10,206,2,1,0,0,0,0
11/20/2025,14:28:17,0,22,214,447,263,15,207,5,2,0,0,0,0
11/20/2025,14:28:22,0,19,226,447,263,16,206,5,3,0,0,0,0
11/20/2025,14:28:27,0,21,208,447,263,11,208,3,2,0,0,0,0
11/20/2025,14:28:32,0,24,200,446,262,9,206,2,1,0,0,0,0
11/20/2025,14:28:37,0,21,196,445,263,11,207,2,1,0,0,0,0
11/20/2025,14:28:42,0,19,217,447,263,15,207,4,2,0,0,0,0
11/20/2025,14:28:47,0,20,219,446,263,16,207,5,3,0,0,0,0
11/20/2025,14:28:52,0,23,204,444,263,7,207,1,1,0,0,0,0
11/20/2025,14:28:57,0,18,206,445,262,10,208,0,1,0,0,0,0
11/20/2025,14:29:02,0,21,198,444,263,9,206,1,1,0,0,0,0
11/20/2025,14:29:07,0,26,213,446,262,15,207,3,3,0,0,0,0
11/20/2025,14:29:12,0,20,219,445,263,17,207,5,3,0,0,0,0
11/20/2025,14:29:17,0,17,202,446,263,6,206,1,1,0,0,0,0
11/20/2025,14:29:22,0,19,199,445,263,8,206,0,1,0,0,0,0
11/20/2025,14:29:27,0,18,207,445,262,15,206,5,3,0,0,0,0
11/20/2025,14:29:32,0,17,229,446,262,16,207,4,3,0,0,0,0
11/20/2025,14:29:37,0,20,206,445,263,9,206,2,2,0,0,0,0
11/20/2025,14:29:42,0,18,203,443,263,9,207,1,1,0,0,0,0
11/20/2025,14:29:47,0,18,197,444,263,11,206,1,1,0,0,0,0
11/20/2025,14:29:52,0,20,218,446,263,13,207,3,3,0,0,0,0
11/20/2025,14:30:32,0,21,229,444,263,14,206,3,2,0,0,0,0
11/20/2025,14:30:36,0,19,230,445,263,15,207,5,3,0,0,0,0
11/20/2025,14:30:41,0,23,216,445,263,13,208,4,3,0,0,0,0
11/20/2025,14:30:46,0,22,217,444,263,14,206,4,3,0,0,0,0
11/20/2025,14:30:51,0,19,217,442,263,15,207,4,3,0,0,0,0
11/20/2025,14:30:56,0,22,225,445,264,15,206,4,3,0,0,0,0
11/20/2025,14:31:01,0,21,209,444,262,12,207,4,3,0,0,0,0
11/20/2025,14:31:06,0,22,203,444,262,8,206,1,1,0,0,0,0
11/20/2025,14:31:11,0,20,204,443,262,6,206,0,0,0,0,0,0
11/20/2025,14:31:16,0,22,216,444,263,15,208,4,3,0,0,0,0
11/20/2025,14:31:21,0,19,204,444,262,5,206,2,1,0,0,0,0
11/20/2025,14:31:26,0,21,201,444,261,14,206,4,3,0,0,0,0
11/20/2025,14:31:31,0,21,202,443,262,6,208,1,1,0,0,0,0
11/20/2025,14:31:36,0,19,226,444,263,15,207,4,3,0,0,0,0
11/20/2025,14:31:41,0,20,196,442,263,11,208,2,2,0,0,0,0
11/20/2025,14:31:46,0,22,204,440,263,6,207,1,1,0,0,0,0
11/20/2025,14:31:51,0,22,207,444,263,8,207,2,2,0,0,0,0
11/20/2025,14:31:56,0,21,220,442,263,10,207,5,2,0,0,0,0
11/20/2025,14:32:01,0,20,202,443,262,7,206,1,0,0,0,0,0
11/20/2025,14:32:06,0,21,204,443,263,6,208,0,1,0,0,0,0
11/20/2025,14:32:11,0,20,228,444,263,13,206,4,3,0,0,0,0
11/20/2025,14:32:16,0,22,201,442,262,7,207,1,0,0,0,0,0
11/20/2025,14:32:21,0,20,209,443,263,13,207,3,2,0,0,0,0
11/20/2025,14:32:26,0,24,203,443,262,14,207,3,3,0,0,0,0
11/20/2025,14:32:31,0,19,203,441,263,7,207,1,1,0,0,0,0
11/20/2025,14:32:36,0,22,223,444,262,12,208,3,3,0,0,0,0
11/20/2025,14:32:41,0,20,203,442,263,8,208,0,1,0,0,0,0
11/20/2025,14:32:46,0,21,210,443,262,12,207,4,3,0,0,0,0
11/20/2025,14:32:51,0,20,195,444,263,12,206,3,2,0,0,0,0
11/20/2025,14:32:56,0,20,205,444,262,7,205,1,1,0,0,0,0
11/20/2025,14:33:01,0,19,217,444,263,14,207,3,3,0,0,0,0
11/20/2025,14:33:06,0,19,197,443,263,6,206,1,1,0,0,0,0
11/20/2025,14:33:11,0,22,219,445,263,13,207,3,2,0,0,0,0
11/20/2025,14:33:16,0,18,201,443,263,9,208,0,1,0,0,0,0
11/20/2025,14:33:21,0,16,215,442,263,16,207,5,2,0,0,0,0
11/20/2025,14:33:26,0,19,205,445,262,5,208,0,1,0,0,0,0
11/20/2025,14:33:31,0,19,203,445,262,6,206,1,1,0,0,0,0
11/20/2025,14:33:36,0,19,218,446,263,15,208,3,3,0,0,0,0
11/20/2025,14:33:41,0,16,208,444,263,7,207,1,1,0,0,0,0
11/20/2025,14:33:46,0,22,218,445,262,14,207,4,2,0,0,0,0
11/20/2025,14:33:51,0,23,204,445,262,6,207,2,1,0,0,0,0
11/20/2025,14:33:56,0,18,197,444,263,9,207,2,1,0,0,0,0
11/20/2025,14:34:01,0,20,229,445,262,15,208,4,3,0,0,0,0
11/20/2025,14:34:06,0,20,201,444,262,6,206,1,1,0,0,0,0
11/20/2025,14:34:11,0,18,198,443,262,9,208,0,1,0,0,0,0
11/20/2025,14:34:16,0,19,219,445,263,14,207,5,1,0,0,0,0
11/20/2025,14:34:21,0,19,212,445,262,12,208,4,3,0,0,0,0
11/20/2025,14:34:26,0,19,204,444,263,6,208,0,1,0,0,0,0
11/20/2025,14:34:31,0,20,209,444,264,7,207,1,1,0,0,0,0
11/20/2025,14:34:36,0,24,213,444,262,14,208,3,3,0,0,0,0
11/20/2025,14:34:41,0,23,203,444,262,6,207,1,1,0,0,0,0
11/20/2025,14:34:46,0,17,197,443,262,13,208,1,3,0,0,0,0
11/20/2025,14:34:51,0,20,218,444,263,14,207,4,3,0,0,0,0
11/20/2025,14:34:56,0,21,198,443,263,9,207,1,1,0,0,0,0
11/20/2025,14:35:01,0,19,194,443,262,14,207,3,2,0,0,0,0
11/20/2025,14:35:06,0,17,228,444,263,13,207,4,3,0,0,0,0
11/20/2025,14:35:11,0,18,204,443,262,7,207,2,2,0,0,0,0
11/20/2025,14:35:16,0,20,210,441,262,8,208,1,1,0,0,0,0
11/20/2025,14:35:21,0,21,195,442,261,11,206,2,1,0,0,0,0
11/20/2025,14:35:26,0,22,221,443,263,13,206,4,2,0,0,0,0
11/20/2025,14:35:31,0,21,214,442,261,14,207,4,3,0,0,0,0
11/20/2025,14:35:36,0,22,200,441,262,8,207,2,1,0,0,0,0
11/20/2025,14:35:41,0,21,197,439,263,9,207,1,1,0,0,0,0
11/20/2025,14:35:46,0,20,224,442,263,12,208,3,2,0,0,0,0
11/20/2025,14:35:51,0,23,204,442,262,6,207,2,2,0,0,0,0
11/20/2025,14:35:56,0,21,204,441,262,7,206,1,1,0,0,0,0
11/20/2025,14:36:01,0,18,208,442,264,14,207,3,3,0,0,0,0
11/20/2025,14:36:06,0,21,224,442,263,14,206,5,3,0,0,0,0
11/20/2025,14:36:11,0,19,205,442,262,7,208,1,1,0,0,0,0
11/20/2025,14:36:16,0,20,200,441,262,9,207,0,1,0,0,0,0
11/20/2025,14:36:21,0,18,227,442,262,14,207,4,2,0,0,0,0
11/20/2025,14:36:26,0,21,203,443,263,7,207,1,1,0,0,0,0
11/20/2025,14:36:31,0,19,206,444,263,15,207,4,2,0,0,0,0
11/20/2025,14:36:36,0,21,204,442,262,6,208,0,1,0,0,0,0
11/20/2025,14:36:41,0,16,200,443,263,15,208,3,3,0,0,0,0
11/20/2025,14:36:46,0,20,206,441,263,8,209,2,2,0,0,0,0
11/20/2025,14:36:51,0,23,201,443,262,16,207,3,3,-0.0008,0,0,0
11/20/2025,14:36:56,0,19,203,444,262,7,207,2,1,0,0,0,0
11/20/2025,14:37:01,0,18,207,444,262,15,207,4,3,0,0,0,0
11/20/2025,14:37:06,0,21,203,444,262,7,207,2,1,0,0,0,0
11/20/2025,14:37:11,0,25,220,442,263,14,207,5,2,0,0,0,0
11/20/2025,14:37:16,0,19,208,443,263,9,208,0,1,0,0,0,0
11/20/2025,14:37:21,0,18,221,446,262,14,207,5,3,0,0,0,0
11/20/2025,14:37:26,0,19,200,443,263,9,207,1,1,0,0,0,0
11/20/2025,14:37:31,0,19,209,445,263,13,208,3,3,0,0,0,0
11/20/2025,14:37:36,0,22,197,444,262,14,208,2,3,0,0,0,0
11/20/2025,14:37:41,0,18,204,445,263,8,208,2,1,0,0,0,0
11/20/2025,14:37:46,0,16,209,445,263,14,208,3,3,0,0,0,0
11/20/2025,14:37:51,0,20,203,445,261,6,208,1,1,0,0,0,0
11/20/2025,14:37:56,0,19,209,445,263,15,208,3,3,0,0,0,0
11/20/2025,14:38:01,0,18,204,446,260,5,206,1,1,0,0,0,0
11/20/2025,14:38:06,0,19,199,445,263,15,208,2,3,0,0,0,0
11/20/2025,14:38:11,0,19,205,445,262,7,207,2,1,0,0,0,0
11/20/2025,14:38:16,0,18,203,445,263,14,207,3,3,0,0,0,0
11/20/2025,14:38:21,0,21,204,444,262,7,206,1,2,0,0,0,0
11/20/2025,14:38:26,0,16,206,445,262,16,207,3,3,0,0,0,0
11/20/2025,14:38:31,0,21,202,443,262,8,208,1,1,0,0,0,0
11/20/2025,14:38:36,0,15,214,445,263,16,207,4,2,0,0,0,0
11/20/2025,14:38:41,0,15,202,444,262,9,208,1,1,0,0,0,0
11/20/2025,14:38:46,0,19,218,446,263,15,208,3,3,0,0,0,0
11/20/2025,14:38:51,0,22,197,445,263,16,208,3,3,0,0,0,0
11/20/2025,14:38:56,0,19,197,444,262,8,206,1,2,0,0,0,0
11/20/2025,14:39:01,0,17,222,446,262,15,208,3,3,0,0,0,0
11/20/2025,14:39:06,0,20,198,443,262,9,206,1,1,0,0,0,0
11/20/2025,14:39:11,0,17,204,444,263,8,207,1,1,0,0,0,0
11/20/2025,14:39:16,0,20,216,444,261,13,207,4,2,0,0,0,0
11/20/2025,14:39:21,0,25,202,442,263,3,208,0,1,0,0,0,0
11/20/2025,14:39:26,0,16,228,446,261,14,208,5,3,0,0,0,0
11/20/2025,14:39:31,0,14,205,444,263,9,207,2,1,0,0,0,0
11/20/2025,14:39:36,0,18,222,446,262,13,207,4,2,0,0,0,0
11/20/2025,14:39:41,0,20,199,444,262,10,208,2,2,0,0,0,0
11/20/2025,14:39:46,0,21,223,446,262,12,207,4,3,0,0,0,0
11/20/2025,14:39:51,0,16,209,444,262,9,207,1,1,0,0,0,0
11/20/2025,14:39:56,0,20,224,443,262,16,208,4,3,0,0,0,0
11/20/2025,14:40:42,0,23,218,445,262,15,208,4,3,0,0,0,0
11/20/2025,14:40:46,0,20,198,443,262,6,208,0,1,0,0,0,0
11/20/2025,14:40:51,0,20,198,445,263,15,208,3,3,0,0,0,0
11/20/2025,14:40:56,0,21,225,446,263,14,208,5,3,0,0,0,0
11/20/2025,14:41:01,0,19,199,445,262,8,207,1,1,0,0,0,0
11/20/2025,14:41:06,0,24,199,444,262,15,208,2,3,0,0,0,0
11/20/2025,14:41:11,0,20,213,446,263,12,206,4,3,0,0,0,0
11/20/2025,14:41:16,0,19,207,441,262,8,208,0,1,0,0,0,0
11/20/2025,14:41:21,0,17,213,444,262,15,208,4,3,0,0,0,0
11/20/2025,14:41:26,0,19,214,445,262,14,207,4,3,0,0,0,0
11/20/2025,14:41:31,0,18,199,444,262,11,208,1,1,0,0,0,0
11/20/2025,14:41:36,0,19,201,443,262,16,208,3,3,0,0,0,0
11/20/2025,14:41:41,0,20,214,446,262,14,208,4,3,0,0,0,0
11/20/2025,14:41:46,0,20,203,442,262,5,208,0,1,0,0,0,0
11/20/2025,14:41:51,0,19,223,444,262,13,208,4,3,0,0,0,0
11/20/2025,14:41:56,0,19,201,442,263,6,207,1,1,0,0,0,0
11/20/2025,14:42:01,0,20,198,441,263,10,207,1,1,0,0,0,0
11/20/2025,14:42:06,0,18,216,445,263,14,207,3,3,0,0,0,0
11/20/2025,14:42:11,0,20,211,445,262,14,206,4,3,0,0,0,0
11/20/2025,14:42:16,0,23,204,444,262,8,202,2,1,0,0,0,0
11/20/2025,14:42:21,0,19,200,443,263,14,209,4,3,0,0,0,0
11/20/2025,14:42:26,0,21,210,445,262,16,208,3,3,0,0,0,0
11/20/2025,14:42:31,0,19,194,443,263,13,208,2,3,0,0,0,0
11/20/2025,14:42:36,0,28,207,443,262,6,208,1,1,0,0,0,0
11/20/2025,14:42:41,0,19,207,445,262,13,207,3,3,0,0,0,0
11/20/2025,14:42:46,0,17,217,442,263,15,207,4,3,0,0,0,0
11/20/2025,14:42:51,0,21,205,443,262,6,208,0,1,0,0,0,0
11/20/2025,14:42:56,0,23,205,444,262,8,207,2,2,0,0,0,0
11/20/2025,14:43:01,0,19,224,446,262,13,208,3,3,0,0,0,0
11/20/2025,14:43:06,0,20,197,444,262,8,207,1,1,0,0,0,0
11/20/2025,14:43:11,0,21,204,444,262,7,208,0,1,0,0,0,0
11/20/2025,14:43:16,0,17,220,446,262,13,208,2,3,0,0,0,0
11/20/2025,14:43:21,0,20,203,443,262,7,207,1,1,0,0,0,0
11/20/2025,14:43:26,0,19,204,444,261,7,207,2,1,0,0,0,0
11/20/2025,14:43:31,0,15,225,445,263,14,207,5,3,0,0,0,0
11/20/2025,14:43:36,0,21,197,443,263,14,208,3,3,0,0,0,0
11/20/2025,14:43:41,0,20,202,444,262,7,208,0,0,0,0,0,0
11/20/2025,14:43:46,0,20,199,442,262,8,209,2,1,0,0,0,0
11/20/2025,14:43:51,0,20,205,445,262,9,207,2,2,0,0,0,0
11/20/2025,14:43:56,0,19,225,445,263,16,208,4,3,0,0,0,0
11/20/2025,14:44:01,0,22,207,444,263,16,208,4,3,0,0,0,0
11/20/2025,14:44:06,0,20,204,443,262,6,209,1,0,0,0,0,0
11/20/2025,14:44:11,0,19,203,445,262,7,208,1,1,0,0,0,0
11/20/2025,14:44:16,0,20,226,444,263,16,208,4,3,0,0,0,0
11/20/2025,14:44:21,0,19,193,443,262,12,207,2,2,0,0,0,0
11/20/2025,14:44:26,0,19,197,443,262,9,208,0,1,0,-0.0008,0,0
11/20/2025,14:44:31,0,20,214,445,261,13,208,4,3,0,0,0,0
11/20/2025,14:44:36,0,20,214,445,261,14,208,4,3,0,0,0,0
11/20/2025,14:44:41,0,19,204,444,262,8,208,0,1,0,0,0,0
11/20/2025,14:44:46,0,21,204,444,262,7,209,2,2,0,0,0,0
11/20/2025,14:44:51,0,18,223,446,261,14,207,5,3,0,0,0,0
11/20/2025,14:44:56,0,24,210,444,262,16,207,4,3,0,0,0,0
11/20/2025,14:45:01,0,19,199,442,262,9,209,1,1,0,0,0,0
11/20/2025,14:45:06,0,21,204,443,263,9,208,0,1,0,0,0,0
11/20/2025,14:45:11,0,19,205,445,263,5,207,1,1,0,0,0,0
11/20/2025,14:45:16,0,17,225,445,262,14,209,4,3,0,0,0,0
11/20/2025,14:45:21,0,19,194,444,262,10,207,2,2,0,0,0,0
11/20/2025,14:45:26,0,22,203,445,262,6,207,2,1,0,0,0,0
11/20/2025,14:45:31,0,17,213,444,262,16,207,4,3,0,0,0,0
11/20/2025,14:45:36,0,21,201,444,262,8,208,0,1,0,0,0,0
11/20/2025,14:45:41,0,20,219,445,263,13,208,5,2,0,0,0,0
11/20/2025,14:45:46,0,17,205,444,262,7,207,1,0,0,0,0,0
11/20/2025,14:45:51,0,19,208,446,262,14,208,3,3,0,0,0,0
11/20/2025,14:45:56,0,20,211,445,262,14,208,3,3,0,0,0,0
11/20/2025,14:46:01,0,19,206,441,262,8,208,0,1,0,0,0,0
11/20/2025,14:46:06,0,18,205,446,262,8,208,2,2,0,0,0,0
11/20/2025,14:46:11,0,18,218,445,262,12,208,4,3,0,0,0,0
11/20/2025,14:46:16,0,18,198,444,262,8,208,1,1,0,0,0,0
11/20/2025,14:46:21,0,18,202,445,262,6,207,0,1,0,0,0,0
11/20/2025,14:46:26,0,20,224,445,262,15,208,5,3,0,0,0,0
11/20/2025,14:46:31,0,15,202,445,262,14,208,3,3,0,0,0,0
11/20/2025,14:46:36,0,19,201,444,262,8,208,1,1,0,0,0,0
11/20/2025,14:46:41,0,20,197,444,262,11,208,0,1,0,0,0,0
11/20/2025,14:46:46,0,20,202,445,262,5,207,1,2,0,0,0,0
11/20/2025,14:46:51,0,20,203,445,262,10,207,1,1,0,0,0,0
11/20/2025,14:46:56,0,20,206,446,263,12,208,3,3,0,0,0,0
11/20/2025,14:47:01,0,20,211,443,263,15,208,4,3,0,0,0,0
11/20/2025,14:47:06,0,19,215,445,262,15,208,4,3,0,0,0,0
11/20/2025,14:47:11,0,19,207,446,262,12,208,3,2,0,0,0,0
11/20/2025,14:47:16,0,17,200,444,262,9,207,2,1,0,0,0,0
11/20/2025,14:47:21,0,19,199,444,263,9,208,1,1,0,0,0,0
11/20/2025,14:47:26,0,17,217,444,262,15,208,3,3,0,0,0,0
11/20/2025,14:47:31,0,19,200,443,262,7,208,1,1,0,0,0,0
11/20/2025,14:47:36,0,16,200,444,262,15,207,3,2,0,0,0,0
11/20/2025,14:47:41,0,17,211,446,262,15,208,4,3,0,0,0,0
11/20/2025,14:47:46,0,18,207,444,262,8,207,1,1,0,0,0,0
11/20/2025,14:47:51,0,19,215,446,261,15,207,4,2,0,0,0,0
11/20/2025,14:47:56,0,21,200,445,262,5,208,0,2,0,0,0,0
11/20/2025,14:48:01,0,24,210,445,261,15,208,3,3,0,0,0,0
11/20/2025,14:48:06,0,17,203,445,262,6,209,0,1,0,0,0,0
11/20/2025,14:48:11,0,19,212,443,262,16,208,4,3,0,0,0,0
11/20/2025,14:48:16,0,21,202,444,262,6,208,1,1,0,0,0,0
11/20/2025,14:48:21,0,18,207,445,262,17,207,4,3,0,0,0,0
11/20/2025,14:48:26,0,15,204,446,262,7,207,1,1,0,0,0,0
11/20/2025,14:48:31,0,17,211,446,260,15,207,4,2,0,0,0,0
11/20/2025,14:48:36,0,16,207,444,262,8,207,1,1,0,0,0,0
11/20/2025,14:48:41,0,19,209,445,262,14,207,3,3,0,0,0,0
11/20/2025,14:48:46,0,22,214,445,262,14,209,3,3,0,0,0,0
11/20/2025,14:48:51,0,19,203,445,261,9,207,2,1,0,0,0,0
11/20/2025,14:48:56,0,19,224,447,262,16,208,4,3,0,0,0,0
11/20/2025,14:49:01,0,19,196,444,262,9,207,2,1,0,0,0,0
11/20/2025,14:49:06,0,16,204,443,262,8,209,2,2,0,0,0,0
11/20/2025,14:49:11,0,20,213,445,263,17,208,4,3,0,0,0,0
11/20/2025,14:49:16,0,13,202,445,262,12,209,1,0,0,0,0,0
11/20/2025,14:49:21,0,20,225,445,262,16,208,4,3,0,0,0,0
11/20/2025,14:49:26,0,19,199,444,262,8,208,1,1,0,0,0,0
11/20/2025,14:49:31,0,17,203,445,262,10,208,2,1,0,0,0,0
11/20/2025,14:49:36,0,20,211,446,263,15,207,4,2,0,0,0,0
11/20/2025,14:49:41,0,19,200,444,262,6,208,0,1,0,0,0,0
11/20/2025,14:49:46,0,20,226,447,263,15,207,4,3,0,0,0,0
11/20/2025,14:49:51,0,20,205,446,261,7,207,1,1,0,0,0,0
11/20/2025,14:49:56,0,19,214,447,262,14,208,3,3,0,0,0,0
11/20/2025,14:50:01,0,19,194,446,263,14,207,3,3,0,0,0,0
11/20/2025,14:50:06,0,20,205,446,262,7,208,1,1,0,0,0,0
11/20/2025,14:50:43,0,19,208,446,261,17,207,5,3,0,0,0,0
11/20/2025,14:50:45,0,19,214,448,260,14,208,4,3,0,0,0,0
11/20/2025,14:50:50,0,15,208,445,262,8,209,2,1,0,0,0,0
11/20/2025,14:50:55,0,19,215,448,262,14,208,4,3,0,0,0,0
11/20/2025,14:51:00,0,16,199,445,263,16,207,4,3,0,0,0,0
11/20/2025,14:51:05,0,19,198,447,262,6,207,1,1,0,0,0,0
11/20/2025,14:51:10,0,19,215,446,262,17,209,4,3,0,0,0,0
11/20/2025,14:51:15,0,19,211,447,262,16,208,3,3,0,0,0,0
11/20/2025,14:51:20,0,19,202,447,262,8,207,1,1,0,0,0,0
11/20/2025,14:51:25,0,20,202,447,262,7,207,0,1,0,0,0,0
11/20/2025,14:51:30,0,19,213,446,262,14,209,4,3,0,0,0,0
11/20/2025,14:51:35,0,18,207,447,262,17,209,4,3,0,0,0,0
11/20/2025,14:51:40,0,20,204,446,262,9,208,2,1,0,0,0,0
11/20/2025,14:51:45,0,19,215,447,262,13,209,4,3,0,0,0,0
11/20/2025,14:51:50,0,17,196,444,261,14,207,3,2,0,0,0,0
11/20/2025,14:51:55,0,18,201,446,263,7,207,1,1,0,0,0,0
11/20/2025,14:52:00,0,19,229,447,262,17,208,4,3,0,0,0,0
11/20/2025,14:52:05,0,18,198,446,262,8,207,1,2,0,0,0,0
11/20/2025,14:52:10,0,15,204,446,262,8,209,0,1,0,0,0,0
11/20/2025,14:52:15,0,16,219,447,262,16,208,4,3,0,0,0,0
11/20/2025,14:52:20,0,18,205,445,262,7,208,1,1,0,0,0,0
11/20/2025,14:52:25,0,15,214,447,262,16,208,3,3,0,0,0,0
11/20/2025,14:52:30,0,18,193,445,262,13,207,4,3,0,0,0,0
11/20/2025,14:52:35,0,19,202,446,262,6,209,0,1,0,0,0,0
11/20/2025,14:52:40,0,17,228,447,261,14,207,5,3,0,0,0,0
11/20/2025,14:52:45,0,19,195,445,262,9,208,0,0,0,0,0,0
11/20/2025,14:52:50,0,17,205,447,263,8,207,3,2,0,0,0,0
11/20/2025,14:52:55,0,18,214,447,262,17,208,4,3,0,0,0,0
11/20/2025,14:53:00,0,20,203,444,262,10,209,2,2,0,0,0,0
11/20/2025,14:53:05,0,19,219,448,263,16,207,5,3,0,0,0,0
11/20/2025,14:53:10,0,18,194,444,262,12,208,2,2,0,0,0,0
11/20/2025,14:53:15,0,18,202,446,262,8,209,3,1,0,0,0,0
11/20/2025,14:53:20,0,18,223,446,262,15,207,4,2,0,0,0,0
11/20/2025,14:53:25,0,18,205,446,262,8,208,0,1,0,0,0,0
11/20/2025,14:53:30,0,18,212,447,262,13,208,3,3,0,0,0,0
11/20/2025,14:53:35,0,17,199,446,262,15,209,3,2,0,0,0,0
11/20/2025,14:53:40,0,19,201,445,262,8,207,2,1,0,0,0,0
11/20/2025,14:53:45,0,21,219,447,263,13,208,4,2,0,0,0,0
11/20/2025,14:53:50,0,19,198,445,262,10,207,2,0,0,0,0,0
11/20/2025,14:53:55,0,17,219,447,262,12,208,4,2,0,0,0,0
11/20/2025,14:54:00,0,19,194,443,262,9,208,1,1,0,0,0,0
11/20/2025,14:54:05,0,17,217,448,262,16,208,4,3,0,0,0,0
11/20/2025,14:54:10,0,19,207,445,262,8,207,1,0,0,0,0,0
11/20/2025,14:54:15,0,18,215,447,263,15,208,4,3,0,0,0,0
11/20/2025,14:54:20,0,19,197,446,262,10,207,2,1,0,0,0,0
11/20/2025,14:54:25,0,19,210,447,264,12,207,4,3,0,0,0,0
11/20/2025,14:54:30,0,18,197,446,262,11,207,2,1,0,0,0,0
11/20/2025,14:54:35,0,18,213,448,262,14,208,4,3,0,0,0,0
11/20/2025,14:54:40,0,19,199,443,262,8,208,1,1,0,0,0,0
11/20/2025,14:54:45,0,20,205,448,262,8,207,2,1,0,0,0,0
11/20/2025,14:54:50,0,19,220,447,263,14,207,5,2,0,0,0,0
11/20/2025,14:54:55,0,19,199,446,261,9,208,1,1,0,0,0,0
11/20/2025,14:55:00,0,18,208,448,262,6,209,0,1,0,0,0,0
11/20/2025,14:55:05,0,18,206,447,262,14,208,3,3,0,0,0,0
11/20/2025,14:55:10,0,19,200,444,262,9,208,1,1,0,0,0,0
11/20/2025,14:55:15,0,21,216,448,262,15,209,3,3,0,0,0,0
11/20/2025,14:55:20,0,17,201,447,262,7,209,1,1,0,0,0,0
11/20/2025,14:55:25,0,18,210,448,262,18,209,3,3,0,0,0,0
11/20/2025,14:55:30,0,20,205,448,262,7,207,2,1,0,0,0,0
11/20/2025,14:55:35,0,21,199,447,262,15,209,3,3,0,0,0,0
11/20/2025,14:55:40,0,19,208,448,262,12,207,3,2,-0.0008,0,0,0
11/20/2025,14:55:45,0,19,194,447,262,11,208,1,1,0,0,0,0
11/20/2025,14:55:50,0,18,211,449,261,14,208,3,3,0,0,0,0
11/20/2025,14:55:55,0,19,201,447,261,7,207,1,1,0,0,0,0
11/20/2025,14:56:00,0,19,215,449,262,15,209,3,3,0,0,0,0
11/20/2025,14:56:05,0,17,203,447,262,7,207,1,1,0,0,0,0
11/20/2025,14:56:10,0,18,227,449,262,16,209,4,3,0,0,0,0
11/20/2025,14:56:15,0,17,198,447,261,9,207,1,1,0,0,0,0
11/20/2025,14:56:20,0,22,215,447,262,16,207,4,3,0,0,0,0
11/20/2025,14:56:25,0,19,203,447,262,7,209,1,1,0,0,0,0
11/20/2025,14:56:30,0,18,195,446,262,13,208,2,3,0,0,0,0
11/20/2025,14:56:35,0,19,205,448,262,9,208,2,2,0,0,0,0
11/20/2025,14:56:40,0,20,198,446,261,15,207,3,3,0,0,0,0
11/20/2025,14:56:45,0,18,205,445,262,7,208,2,1,0,0,0,0
11/20/2025,14:56:50,0,21,202,445,261,15,208,3,2,0,0,0,0
11/20/2025,14:56:55,0,17,203,447,263,9,209,1,1,0,0,0,0
11/20/2025,14:57:00,0,21,217,447,261,15,208,3,3,0,0,0,0
11/20/2025,14:57:05,0,18,208,445,262,8,207,1,1,0,0,0,0
11/20/2025,14:57:10,0,19,211,447,262,16,208,3,3,0,0,0,0
11/20/2025,14:57:15,0,18,207,446,260,18,208,4,3,0,0,0,0
11/20/2025,14:57:20,0,17,207,445,262,9,209,2,1,0,0,0,0
11/20/2025,14:57:25,0,18,206,447,262,9,209,2,2,0,0,0,0
11/20/2025,14:57:30,0,20,217,448,262,15,208,4,2,0,0,0,0
11/20/2025,14:57:35,0,19,200,445,261,8,208,1,1,0,0,0,0
11/20/2025,14:57:40,0,19,205,446,262,8,209,1,1,0,0,0,0
11/20/2025,14:57:45,0,18,224,447,261,13,207,4,2,0,0,0,0
11/20/2025,14:57:50,0,19,198,445,261,9,207,1,1,0,0,0,0
11/20/2025,14:57:55,0,18,201,446,263,8,208,0,1,0,0,0,0
11/20/2025,14:58:00,0,17,219,445,262,15,208,4,3,0,0,0,0
11/20/2025,14:58:05,0,19,199,446,263,16,208,3,3,0,0,0,0
11/20/2025,14:58:10,0,20,200,443,262,9,209,2,1,0,0,0,0
11/20/2025,14:58:15,0,18,227,447,261,16,208,4,3,0,0,0,0
11/20/2025,14:58:20,0,19,199,445,262,10,207,1,1,0,0,0,0
11/20/2025,14:58:25,0,15,204,447,262,9,208,1,1,0,0,0,0
11/20/2025,14:58:30,0,19,214,445,262,15,208,3,3,0,0,0,0
11/20/2025,14:58:35,0,17,197,446,262,11,208,2,1,0,0,0,0
11/20/2025,14:58:40,0,17,227,448,260,15,208,5,3,0,0,0,0
11/20/2025,14:58:45,0,17,201,445,262,8,208,0,1,0,0,0,0
11/20/2025,14:58:50,0,16,203,447,263,10,208,2,2,0,0,0,0
11/20/2025,14:58:55,0,13,209,446,262,17,209,4,3,0,0,0,0
11/20/2025,14:59:00,0,21,198,445,262,7,209,0,1,0,0,0,-0.0008
11/20/2025,14:59:05,0,19,222,446,260,14,208,4,3,0,0,0,0
11/20/2025,14:59:10,0,19,207,444,262,11,209,2,1,0,0,0,0
11/20/2025,14:59:15,0,18,226,447,262,16,209,4,3,0,0,0,0
11/20/2025,14:59:20,0,18,205,446,263,7,207,1,1,0,0,0,0
11/20/2025,14:59:25,0,19,222,447,261,17,208,4,3,0,0,0,0
11/20/2025,14:59:30,0,19,198,445,262,10,206,1,1,0,0,0,0
11/20/2025,14:59:35,0,22,204,447,262,9,208,0,1,0,0,0,0
11/20/2025,14:59:40,0,23,226,447,263,15,208,4,3,0,0,0,0
11/20/2025,14:59:45,0,19,199,445,261,8,208,1,1,0,0,0,0
11/20/2025,14:59:50,0,20,211,447,261,14,208,3,3,0,0,0,0
11/20/2025,14:59:55,0,16,205,445,262,15,209,4,3,0,0,0,0
11/20/2025,15:00:00,0,19,198,446,262,9,208,1,1,0,0,0,0
11/20/2025,15:00:05,0,19,217,446,262,17,208,4,3,0,0,0,0
11/20/2025,15:00:10,0,19,204,445,262,17,207,4,3,0,0,0,0
11/20/2025,15:00:15,0,19,208,445,262,9,209,1,1,0,0,0,0
11/20/2025,15:00:51,0,19,202,443,262,12,208,0,1,0,0,0,0
11/20/2025,15:00:55,0,18,223,446,262,13,208,4,3,0,0,0,0
11/20/2025,15:01:00,0,18,201,445,262,17,208,3,3,0,0,0,0
11/20/2025,15:01:05,0,18,203,446,260,7,207,1,1,0,0,0,0
11/20/2025,15:01:10,0,23,200,442,262,9,208,0,1,0,0,0,0
11/20/2025,15:01:15,0,19,207,445,262,11,207,2,2,0,0,0,0
11/20/2025,15:01:20,0,19,224,447,262,15,209,4,3,0,0,0,0
11/20/2025,15:01:25,0,18,207,443,262,17,209,4,3,0,0,0,0
11/20/2025,15:01:30,0,18,203,444,262,7,208,0,1,0,0,0,0
11/20/2025,15:01:35,0,19,200,446,262,8,208,1,1,0,0,0,0
11/20/2025,15:01:40,0,18,210,448,260,14,209,3,3,0,0,0,0
11/20/2025,15:01:45,0,18,219,450,262,16,210,5,2,0,0,0,0
11/20/2025,15:01:50,0,19,193,446,262,11,207,3,2,0,0,0,0
11/20/2025,15:01:55,0,20,206,446,262,6,208,1,1,0,0,0,0
11/20/2025,15:02:00,0,18,205,445,262,7,208,0,1,0,0,0,0
11/20/2025,15:02:05,0,17,207,447,262,14,209,4,3,0,0,0,0
11/20/2025,15:02:10,0,19,222,448,262,16,209,5,3,0,0,0,0
11/20/2025,15:02:15,0,16,220,448,262,16,209,4,3,0,0,0,0
11/20/2025,15:02:20,0,15,198,446,263,17,208,3,1,0,0,0,0
11/20/2025,15:02:25,0,18,200,443,262,9,209,1,1,0,0,0,0
11/20/2025,15:02:30,0,18,208,445,262,8,208,1,0,0,0,0,0
11/20/2025,15:02:35,0,17,199,445,262,7,208,0,1,0,0,0,0
11/20/2025,15:02:40,0,17,204,445,262,8,208,1,1,0,0,0,0
11/20/2025,15:02:45,0,21,203,446,262,9,210,1,1,0,0,0,0
11/20/2025,15:02:50,0,18,206,445,262,12,210,2,2,0,0,0,0
11/20/2025,15:02:55,0,18,211,447,263,13,207,5,3,0,0,0,0
11/20/2025,15:03:00,0,19,215,447,262,16,207,4,3,0,0,0,0
11/20/2025,15:03:05,0,19,225,446,262,17,209,5,3,0,0,0,0
11/20/2025,15:03:10,0,19,219,446,262,17,209,4,2,0,0,0,0
11/20/2025,15:03:15,0,18,203,446,263,11,207,1,1,0,0,0,0
11/20/2025,15:03:20,0,17,208,445,262,18,209,3,3,0,0,0,0
11/20/2025,15:03:25,0,18,200,445,261,15,208,3,3,0,0,0,0
11/20/2025,15:03:30,0,19,193,445,262,12,209,3,2,0,0,0,0
11/20/2025,15:03:35,0,18,195,445,262,13,208,1,1,0,0,0,0
11/20/2025,15:03:40,0,16,198,445,262,12,209,1,1,0,0,0,0
11/20/2025,15:03:45,0,17,195,445,262,12,209,1,2,0,0,0,0
11/20/2025,15:03:50,0,19,197,445,262,17,207,3,3,0,0,0,0
11/20/2025,15:03:55,0,19,210,446,263,18,209,4,3,0,0,0,0
11/20/2025,15:04:00,0,17,216,446,262,17,208,4,3,0,0,0,0
11/20/2025,15:04:05,0,20,214,446,262,15,208,3,4,0,0,0,0
11/20/2025,15:04:10,0,19,211,446,262,16,210,4,3,0,0,0,0
11/20/2025,15:04:15,0,20,208,446,261,18,208,4,4,0,0,0,0
11/20/2025,15:04:20,0,22,204,446,262,15,209,3,3,0,0,0,0
11/20/2025,15:04:25,0,19,197,446,262,15,209,3,3,0,0,0,0
11/20/2025,15:04:30,0,19,193,445,262,11,207,2,2,0,0,0,0
11/20/2025,15:04:35,0,19,201,446,263,8,208,0,1,0,0,0,0
11/20/2025,15:04:40,0,18,202,445,262,7,208,1,1,0,0,0,0
11/20/2025,15:04:45,0,18,220,447,262,16,209,4,3,0,0,0,0
11/20/2025,15:04:50,0,19,196,443,262,10,209,1,1,0,0,0,0
11/20/2025,15:04:55,0,17,203,445,262,8,208,0,1,0,0,0,0
11/20/2025,15:05:00,0,18,226,446,262,16,207,5,3,0,0,0,0
11/20/2025,15:05:05,0,18,194,445,262,12,209,1,2,0,0,0,0
11/20/2025,15:05:10,0,19,201,445,262,7,209,0,1,0,0,0,0
11/20/2025,15:05:15,0,17,222,446,263,17,209,4,3,0,0,0,0
11/20/2025,15:05:20,0,18,202,444,262,6,209,0,1,-0.0008,0,0,0
11/20/2025,15:05:25,0,17,206,444,262,13,209,3,2,0,0,0,0
11/20/2025,15:05:30,0,17,200,446,263,16,209,3,4,0,0,0,0
11/20/2025,15:05:35,0,18,203,445,262,7,208,1,1,0,0,0,0
11/20/2025,15:05:40,0,18,196,446,262,17,208,3,2,0,0,0,0
11/20/2025,15:05:45,0,17,218,448,262,15,208,4,3,0,0,0,0
11/20/2025,15:05:50,0,19,202,446,262,8,209,1,1,0,0,0,0
11/20/2025,15:05:55,0,15,202,446,262,17,209,3,2,0,0,0,0
11/20/2025,15:06:00,0,18,215,448,262,14,208,4,3,0,0,0,0
11/20/2025,15:06:05,0,18,197,445,263,10,209,1,1,0,0,0,0
11/20/2025,15:06:10,0,17,194,446,262,13,208,2,2,0,0,0,0
11/20/2025,15:06:15,0,18,225,445,262,17,208,4,3,0,0,0,0
11/20/2025,15:06:20,0,19,204,448,262,9,208,2,2,0,0,0,0
11/20/2025,15:06:25,0,14,201,445,262,9,208,0,1,0,0,0,0
11/20/2025,15:06:30,0,24,204,446,262,12,209,2,2,0,0,0,0
11/20/2025,15:06:35,0,21,204,446,262,10,209,2,2,0,0,0,0
11/20/2025,15:06:40,0,18,203,446,260,11,208,1,1,0,0,0,0
11/20/2025,15:06:45,0,19,203,446,262,11,209,0,1,0,0,0,0
11/20/2025,15:06:50,0,18,209,443,262,9,208,0,1,0,0,0,0
11/20/2025,15:06:55,0,16,201,445,261,9,208,1,1,0,0,0,0
11/20/2025,15:07:00,0,18,196,445,262,13,208,1,1,0,0,0,0
11/20/2025,15:07:05,0,14,208,447,261,17,208,3,3,0,0,0,0
11/20/2025,15:07:10,0,23,224,447,262,14,209,4,3,0,0,0,0
11/20/2025,15:07:15,0,16,210,446,262,13,208,4,3,0,0,0,0
11/20/2025,15:07:20,0,17,199,446,262,9,208,0,1,0,0,0,0
11/20/2025,15:07:25,0,17,199,444,262,11,208,1,1,0,0,0,0
11/20/2025,15:07:30,0,18,213,447,262,16,209,3,3,0,0,0,0
11/20/2025,15:07:35,0,18,226,446,262,15,207,5,3,0,0,0,0
11/20/2025,15:07:40,0,18,213,447,263,13,208,4,3,0,0,0,0
11/20/2025,15:07:45,0,16,203,443,262,6,209,1,2,0,0,0,0
11/20/2025,15:07:50,0,18,201,445,262,10,207,1,1,0,0,0,0
11/20/2025,15:07:55,0,16,198,445,262,11,208,1,1,0,0,0,0
11/20/2025,15:08:00,0,19,199,445,261,13,209,1,1,0,0,0,0
11/20/2025,15:08:05,0,17,201,442,262,11,210,1,1,0,0,0,0
11/20/2025,15:08:10,0,19,202,445,260,11,207,1,2,0,0,0,0
11/20/2025,15:08:15,0,18,206,444,262,10,207,1,1,0,0,0,0
11/20/2025,15:08:20,0,18,209,443,262,10,208,0,1,0,0,0,0
11/20/2025,15:08:25,0,18,206,446,261,10,209,0,1,0,0,0,0
11/20/2025,15:08:30,0,19,198,445,262,9,208,1,0,0,0,0,0
11/20/2025,15:08:35,0,19,196,445,262,12,209,1,1,0,0,0,0
11/20/2025,15:08:40,0,15,200,446,262,19,208,2,3,0,0,0,0
11/20/2025,15:08:45,0,17,203,446,261,17,208,3,3,0,0,0,0
11/20/2025,15:08:50,0,16,200,446,262,18,209,3,3,0,0,0,0
11/20/2025,15:08:55,0,18,193,446,263,16,208,3,3,0,0,0,0
11/20/2025,15:09:00,0,19,194,446,262,15,207,4,2,0,0,0,0
11/20/2025,15:09:05,0,20,197,446,262,18,208,2,3,0,0,0,0
11/20/2025,15:09:10,0,18,201,445,262,16,208,4,3,0,0,0,0
11/20/2025,15:09:15,0,17,202,445,262,17,209,4,3,0,0,0,0
11/20/2025,15:09:20,0,18,209,446,261,18,208,4,2,0,0,0,0
11/20/2025,15:09:25,0,19,217,446,261,15,208,4,3,0,0,0,0
11/20/2025,15:09:30,0,18,228,447,261,15,208,4,3,0,0,0,0
11/20/2025,15:09:35,0,17,207,447,262,13,209,2,3,0,0,0,0
11/20/2025,15:09:40,0,16,206,445,261,10,209,2,1,0,0,0,0
11/20/2025,15:09:45,0,19,207,446,262,15,209,5,3,0,0,0,0
11/20/2025,15:09:50,0,19,214,447,262,13,209,4,3,0,0,0,0
11/20/2025,15:09:55,0,18,209,444,262,10,209,1,1,0,0,0,0
11/20/2025,15:10:00,0,17,220,446,262,18,208,3,2,0,0,0,0
11/20/2025,15:10:05,0,18,205,446,262,9,209,1,1,0,0,0,0
11/20/2025,15:10:10,0,19,196,446,262,12,208,0,1,0,0,0,0
11/20/2025,15:10:15,0,19,214,447,262,15,208,4,3,0,0,0,0
11/20/2025,15:10:20,0,17,201,445,262,11,210,1,1,0,0,0,0
11/20/2025,15:10:25,0,19,214,447,261,16,209,3,3,0,0,0,0
11/20/2025,15:11:02,0,15,198,447,262,19,210,4,3,0,0,0,0
11/20/2025,15:11:05,0,16,224,447,260,14,207,5,2,0,0,0,0
11/20/2025,15:11:10,0,18,207,447,261,9,209,1,1,0,0,0,0
11/20/2025,15:11:15,0,18,228,448,262,17,208,3,3,0,0,0,0
11/20/2025,15:11:20,0,16,205,446,261,8,207,1,1,0,0,0,0
11/20/2025,15:11:25,0,16,218,447,261,17,208,3,3,0,0,0,0
11/20/2025,15:11:30,0,18,193,446,263,13,208,2,3,0,0,0,0
11/20/2025,15:11:35,0,14,201,447,264,8,208,1,1,0,0,0,0
11/20/2025,15:11:40,0,13,224,448,263,16,208,3,3,0,0,0,0
11/20/2025,15:11:45,0,18,204,446,261,9,209,1,1,0,0,0,0
11/20/2025,15:11:50,0,19,206,445,262,14,209,2,3,0,0,0,0
11/20/2025,15:11:55,0,17,215,447,263,16,209,4,3,0,0,0,0
11/20/2025,15:12:00,0,19,209,446,261,9,209,1,1,0,0,0,0
11/20/2025,15:12:05,0,18,208,447,262,15,209,3,3,0,0,0,0
11/20/2025,15:12:10,0,18,217,448,262,15,207,5,2,0,0,0,0
11/20/2025,15:12:15,0,19,202,446,262,9,208,0,1,0,0,0,0
11/20/2025,15:12:20,0,19,207,447,261,8,208,2,2,0,0,0,0
11/20/2025,15:12:25,0,18,220,447,262,16,209,4,3,0,0,0,0
11/20/2025,15:12:30,0,18,199,445,262,11,209,1,1,0,0,0,0
11/20/2025,15:12:35,0,18,202,446,261,9,210,1,1,0,0,0,0
11/20/2025,15:12:40,0,18,218,448,262,16,209,4,3,0,0,0,0
11/20/2025,15:12:45,0,18,216,447,262,16,209,4,3,0,0,0,0
11/20/2025,15:12:50,0,17,199,444,262,10,209,1,1,0,0,0,0
11/20/2025,15:12:55,0,17,198,446,262,8,209,1,1,0,0,0,0
11/20/2025,15:13:00,0,20,205,446,262,8,209,1,2,0,0,0,0
11/20/2025,15:13:05,0,19,221,447,262,17,207,4,3,0,0,0,0
11/20/2025,15:13:10,0,15,211,447,262,16,209,4,3,0,0,0,0
11/20/2025,15:13:15,0,19,200,446,261,9,208,1,1,0,0,0,0
11/20/2025,15:13:20,0,16,200,446,262,10,207,1,1,0,0,0,0
11/20/2025,15:13:25,0,18,206,448,261,10,209,1,1,0,0,0,0
11/20/2025,15:13:30,0,18,224,448,262,16,209,4,3,0,0,0,0
11/20/2025,15:13:35,0,18,213,446,262,14,209,4,3,0,0,0,0
11/20/2025,15:13:40,0,17,196,446,261,15,208,3,3,0,0,0,0
11/20/2025,15:13:45,0,18,201,445,261,10,209,1,1,0,0,0,0
11/20/2025,15:13:50,0,18,206,446,262,9,209,0,1,0,0,0,-0.0008
11/20/2025,15:13:55,0,18,199,446,262,10,210,1,1,0,0,0,0
11/20/2025,15:14:00,0,18,203,445,262,9,209,0,2,0,0,0,0
11/20/2025,15:14:05,0,18,212,447,261,13,208,4,3,0,0,0,0
11/20/2025,15:14:10,0,18,227,447,262,15,208,4,3,0,0,0,0
11/20/2025,15:14:15,0,16,210,446,263,16,208,4,3,0,0,0,0
11/20/2025,15:14:20,0,19,199,445,262,9,210,1,1,0,0,0,0
11/20/2025,15:14:25,0,17,200,447,262,9,208,1,0,0,0,0,0
11/20/2025,15:14:30,0,18,214,447,260,16,208,3,3,0,0,0,0
11/20/2025,15:14:35,0,19,211,446,262,16,209,4,3,0,0,0,0
11/20/2025,15:14:40,0,18,203,445,262,9,209,1,1,0,0,0,0
11/20/2025,15:14:45,0,20,201,446,262,8,209,1,1,0,0,0,0
11/20/2025,15:14:50,0,16,220,448,262,17,209,4,3,0,0,0,0
11/20/2025,15:14:55,0,19,196,446,260,11,208,1,0,0,0,0,0
11/20/2025,15:15:00,0,18,206,446,262,12,210,2,2,0,0,0,0
11/20/2025,15:15:05,0,18,195,446,262,10,209,1,1,0,0,0,0
11/20/2025,15:15:10,0,18,218,447,261,17,208,4,3,0,0,0,0
11/20/2025,15:15:15,0,16,203,445,262,11,208,1,1,0,0,0,0
11/20/2025,15:15:20,0,15,210,446,263,16,208,4,2,0,0,0,0
11/20/2025,15:15:25,0,18,204,447,262,10,207,3,2,0,0,0,0
11/20/2025,15:15:30,0,16,198,446,260,11,208,1,1,0,0,0,0
11/20/2025,15:15:35,0,19,225,448,261,17,207,4,3,0,0,0,0
11/20/2025,15:15:40,0,22,204,447,260,7,210,1,1,0,0,0,0
11/20/2025,15:15:45,0,17,207,446,261,12,208,1,1,0,0,0,0
11/20/2025,15:15:50,0,17,203,446,262,9,209,0,1,0,0,0,0
11/20/2025,15:15:55,0,17,200,446,261,10,208,1,1,0,0,0,0
11/20/2025,15:16:00,0,18,199,446,261,12,209,0,1,0,0,0,0
11/20/2025,15:16:05,0,17,196,446,262,11,208,1,1,0,0,0,0
11/20/2025,15:16:10,0,17,201,447,261,19,209,3,3,0,0,0,0
11/20/2025,15:16:15,0,17,218,448,262,14,209,4,3,0,0,0,0
11/20/2025,15:16:20,0,15,224,448,262,15,209,4,3,0,0,0,0
11/20/2025,15:16:25,0,16,211,447,262,14,209,4,3,0,0,0,0
11/20/2025,15:16:30,0,17,202,447,262,8,209,1,1,0,0,0,0
11/20/2025,15:16:35,0,20,205,446,262,12,210,1,1,0,0,0,0
11/20/2025,15:16:40,0,16,196,446,261,10,209,0,1,0,0,0,0
11/20/2025,15:16:45,0,18,206,447,263,18,209,4,3,0,0,0,0
11/20/2025,15:16:50,0,17,216,448,262,13,208,4,3,0,0,0,0
11/20/2025,15:16:55,0,18,220,448,262,16,209,4,3,0,0,0,0
11/20/2025,15:17:00,0,20,205,447,262,8,209,3,1,0,0,0,0
11/20/2025,15:17:05,0,16,204,446,262,10,210,1,1,0,0,0,0
11/20/2025,15:17:10,0,18,195,446,262,16,208,2,2,0,0,0,0
11/20/2025,15:17:15,0,16,226,448,262,15,209,4,3,0,0,0,0
11/20/2025,15:17:20,0,17,203,448,261,8,210,2,2,0,0,0,0
11/20/2025,15:17:25,0,18,207,445,262,10,209,1,1,0,0,0,0
11/20/2025,15:17:30,0,21,198,446,262,18,209,2,3,0,0,0,0
11/20/2025,15:17:35,0,17,220,448,263,17,208,4,3,0,0,0,0
11/20/2025,15:17:40,0,18,199,446,262,11,208,1,1,0,0,0,0
11/20/2025,15:17:45,0,18,200,446,262,22,208,3,3,0,0,0,0
11/20/2025,15:17:50,0,17,216,449,260,16,208,5,3,0,0,0,0
11/20/2025,15:17:55,0,20,208,446,260,9,209,1,1,0,0,0,0
11/20/2025,15:18:00,0,18,221,447,261,16,207,4,2,0,0,0,0
11/20/2025,15:18:05,0,16,202,447,262,8,208,1,1,-0.0008,0,0,0
11/20/2025,15:18:10,0,24,198,445,262,19,207,2,3,0,0,0,0
11/20/2025,15:18:15,0,17,224,448,261,17,209,4,3,0,0,0,0
11/20/2025,15:18:20,0,18,206,448,262,10,209,3,2,0,0,0,0
11/20/2025,15:18:25,0,19,202,447,261,6,208,1,1,0,0,0,0
11/20/2025,15:18:30,0,16,200,447,262,10,210,1,1,0,0,0,0
11/20/2025,15:18:35,0,17,199,448,262,11,209,0,1,0,0,0,0
11/20/2025,15:18:40,0,18,201,447,261,7,209,1,1,0,0,0,0
11/20/2025,15:18:45,0,16,206,448,261,10,209,1,1,0,0,0,0
11/20/2025,15:18:50,0,18,208,447,262,14,208,3,3,0,0,0,0
11/20/2025,15:18:55,0,17,208,448,263,14,209,4,3,0,0,0,0
11/20/2025,15:19:00,0,16,203,446,262,11,209,3,2,0,0,0,0
11/20/2025,15:19:05,0,21,204,448,262,8,209,1,1,0,0,0,0
11/20/2025,15:19:10,0,16,201,445,262,9,209,0,1,0,0,0,0
11/20/2025,15:19:15,0,16,204,447,262,8,207,2,1,0,0,0,0
11/20/2025,15:19:20,0,16,203,447,262,7,208,1,1,0,0,0,0
11/20/2025,15:19:25,0,16,205,447,261,16,209,1,2,0,0,0,0
11/20/2025,15:19:30,0,18,213,447,262,16,209,4,3,0,0,0,0
11/20/2025,15:19:35,0,17,216,446,261,17,208,5,3,0,0,0,0
11/20/2025,15:19:40,0,18,211,447,261,15,208,4,3,0,0,0,0
11/20/2025,15:19:45,0,15,202,446,262,7,209,1,1,0,0,0,0
11/20/2025,15:19:50,0,19,207,445,263,10,208,0,0,0,0,0,0
11/20/2025,15:19:55,0,13,200,445,262,18,209,4,3,0,0,0,0
11/20/2025,15:20:00,0,18,220,446,260,16,208,5,3,0,0,0,0
11/20/2025,15:20:05,0,17,196,446,261,9,210,2,1,0,0,0,0
11/20/2025,15:20:10,0,15,210,446,262,19,209,4,3,0,0,0,0
11/20/2025,15:20:15,0,17,205,447,262,10,209,3,2,0,0,0,0
11/20/2025,15:20:20,0,18,201,445,262,10,209,0,1,0,0,0,0
11/20/2025,15:20:25,0,17,218,446,261,15,208,4,2,0,0,0,0
11/20/2025,15:20:30,0,19,204,446,261,7,208,1,1,0,0,0,0
11/20/2025,15:20:35,0,16,196,446,261,12,208,0,1,0,0,0,0
11/20/2025,15:20:40,0,18,216,447,262,16,209,4,3,0,0,0,0
11/20/2025,15:21:20,0,17,212,447,261,16,208,3,3,0,0,0,0
11/20/2025,15:21:24,0,18,194,446,261,14,209,2,3,0,0,0,0
11/20/2025,15:21:29,0,18,222,448,262,17,209,5,3,0,0,0,0
11/20/2025,15:21:34,0,18,199,446,262,9,208,1,1,0,0,0,0
11/20/2025,15:21:39,0,13,205,446,262,19,209,3,3,0,0,0,0
11/20/2025,15:21:44,0,17,211,446,262,15,209,4,3,0,0,0,0
11/20/2025,15:21:49,0,18,207,446,262,11,207,1,1,0,0,0,0
11/20/2025,15:21:54,0,15,210,447,261,18,209,3,3,0,0,0,0
11/20/2025,15:21:59,0,16,205,447,262,9,209,2,2,0,0,0,0
11/20/2025,15:22:04,0,17,201,446,261,9,209,1,1,0,0,0,0
11/20/2025,15:22:09,0,16,221,447,263,19,209,4,2,0,0,0,0
11/20/2025,15:22:14,0,17,203,447,262,7,207,2,1,0,0,0,0
11/20/2025,15:22:19,0,18,199,445,262,10,209,0,1,0,0,0,0
11/20/2025,15:22:24,0,16,221,448,262,12,209,4,3,0,0,0,0
11/20/2025,15:22:29,0,18,203,447,264,6,208,1,1,0,0,0,0
11/20/2025,15:22:34,0,17,200,444,262,11,210,1,1,0,0,0,0
11/20/2025,15:22:39,0,14,215,448,262,16,210,3,3,0,0,0,0
11/20/2025,15:22:44,0,16,204,448,262,9,208,3,1,0,0,0,0
11/20/2025,15:22:49,0,17,205,446,262,10,209,0,1,0,0,0,0
11/20/2025,15:22:54,0,14,214,447,262,16,208,4,3,0,0,0,0
11/20/2025,15:22:59,0,16,210,445,262,16,209,4,3,0,0,0,0
11/20/2025,15:23:04,0,16,199,446,259,9,208,1,1,0,0,0,0
11/20/2025,15:23:09,0,16,208,448,262,19,209,3,4,0,0,0,0
11/20/2025,15:23:14,0,15,204,448,261,8,209,1,1,0,0,0,0
11/20/2025,15:23:19,0,15,193,447,262,12,209,1,2,0,0,0,0
11/20/2025,15:23:24,0,16,206,448,262,11,207,2,2,0,0,0,0
11/20/2025,15:23:29,0,17,197,446,262,15,208,3,3,0,0,0,0
11/20/2025,15:23:34,0,17,204,447,260,8,208,2,1,0,0,0,0
11/20/2025,15:23:39,0,18,210,447,261,18,210,4,3,0,0,0,0
11/20/2025,15:23:44,0,18,198,445,262,12,209,1,2,0,0,0,0
11/20/2025,15:23:49,0,16,226,448,262,17,208,3,3,0,0,0,0
11/20/2025,15:23:54,0,18,201,446,262,10,210,1,1,0,0,0,0
11/20/2025,15:23:59,0,19,212,447,262,17,209,3,3,0,0,0,0
11/20/2025,15:24:04,0,23,197,446,262,16,208,3,3,0,0,0,0
11/20/2025,15:24:09,0,17,202,447,261,10,210,1,1,0,0,0,0
11/20/2025,15:24:14,0,17,221,447,262,18,208,4,3,0,0,0,0
11/20/2025,15:24:19,0,17,195,447,260,12,208,2,2,0,0,0,0
11/20/2025,15:24:24,0,17,203,447,261,6,209,0,1,-0.0008,0,0,0
11/20/2025,15:24:29,0,16,216,448,261,17,208,4,2,0,0,0,0
11/20/2025,15:24:34,0,18,207,444,262,11,210,1,1,0,0,0,0
11/20/2025,15:24:39,0,15,214,449,260,18,209,4,3,0,0,0,0
11/20/2025,15:24:44,0,17,194,447,261,13,209,2,2,0,0,0,0
11/20/2025,15:24:49,0,16,203,445,262,8,209,2,1,0,0,0,0
11/20/2025,15:24:54,0,17,215,447,261,18,208,4,3,0,0,0,0
11/20/2025,15:24:59,0,17,201,446,262,10,209,1,1,0,0,0,0
11/20/2025,15:25:04,0,18,222,447,262,20,209,4,3,0,0,0,0
11/20/2025,15:25:09,0,18,194,446,262,13,209,2,2,0,0,0,0
11/20/2025,15:25:14,0,18,200,446,262,10,209,1,1,0,0,0,0
11/20/2025,15:25:19,0,17,204,448,261,10,208,0,1,0,0,0,0
11/20/2025,15:25:24,0,16,219,448,262,16,208,5,3,0,0,0,0
11/20/2025,15:25:29,0,18,207,448,261,17,209,4,2,0,0,0,0
11/20/2025,15:25:34,0,17,209,446,262,9,208,1,1,0,0,0,0
11/20/2025,15:25:39,0,16,209,450,262,17,210,4,3,0,0,0,0
11/20/2025,15:25:44,0,21,211,448,262,20,210,4,3,0,0,0,0
11/20/2025,15:25:49,0,15,210,447,262,8,208,1,1,0,0,0,0
11/20/2025,15:25:54,0,16,208,448,262,14,209,3,3,0,0,0,0
11/20/2025,15:25:59,0,16,211,447,262,16,209,4,3,0,0,0,0
11/20/2025,15:26:04,0,17,204,447,260,10,208,1,1,0,0,0,0
11/20/2025,15:26:09,0,15,220,448,261,18,208,4,3,-0.0008,0,0,0
11/20/2025,15:26:14,0,17,201,446,261,10,208,1,1,0,0,0,0
11/20/2025,15:26:19,0,16,214,448,261,18,209,3,3,0,0,0,0
11/20/2025,15:26:24,0,18,198,444,262,12,208,1,1,0,0,0,0
11/20/2025,15:26:29,0,17,211,448,262,16,209,3,3,0,0,0,0
11/20/2025,15:26:34,0,18,196,446,262,10,208,1,1,0,0,0,0
11/20/2025,15:26:39,0,16,210,447,261,17,208,3,3,0,0,0,0
11/20/2025,15:26:44,0,18,195,447,262,12,210,2,1,0,0,0,0
11/20/2025,15:26:49,0,16,210,448,262,14,208,4,3,0,0,0,0
11/20/2025,15:26:54,0,16,197,447,262,11,209,1,1,0,0,0,0
11/20/2025,15:26:59,0,17,213,446,262,19,209,4,3,0,0,0,0
11/20/2025,15:27:04,0,18,198,447,261,9,207,1,1,0,0,0,0
11/20/2025,15:27:09,0,17,218,448,261,17,208,4,2,0,0,0,0
11/20/2025,15:27:14,0,15,205,446,262,12,209,1,1,0,0,0,0
11/20/2025,15:27:19,0,16,211,446,261,18,210,3,3,0,0,0,0
11/20/2025,15:27:24,0,17,207,447,262,15,209,4,3,0,0,0,0
11/20/2025,15:27:29,0,18,207,447,261,11,209,1,1,0,0,0,0
11/20/2025,15:27:34,0,17,198,448,262,18,209,3,3,0,0,0,0
11/20/2025,15:27:39,0,12,226,449,262,16,211,5,3,0,0,0,0
11/20/2025,15:27:44,0,17,206,449,261,12,208,3,2,0,0,0,0
11/20/2025,15:27:49,0,15,199,447,262,8,208,1,1,0,0,0,0
11/20/2025,15:27:54,0,16,201,447,262,11,208,0,1,0,0,0,0
11/20/2025,15:27:59,0,14,205,449,263,17,208,4,2,0,0,0,0
11/20/2025,15:28:04,0,11,226,449,262,16,209,4,3,0,0,0,0
11/20/2025,15:28:09,0,15,207,449,261,14,209,3,3,0,0,0,0
11/20/2025,15:28:14,0,15,198,448,262,10,209,0,1,0,0,0,0
11/20/2025,15:28:19,0,17,196,446,262,12,209,1,1,0,0,0,0
11/20/2025,15:28:24,0,14,207,446,262,19,210,4,3,0,0,0,0
11/20/2025,15:28:29,0,16,216,448,262,15,208,4,3,0,0,0,0
11/20/2025,15:28:34,0,17,225,449,262,16,208,4,3,0,0,0,0
11/20/2025,15:28:39,0,16,216,450,260,17,208,5,3,0,0,0,0
11/20/2025,15:28:44,0,18,204,447,263,10,208,1,1,0,0,0,0
11/20/2025,15:28:49,0,16,199,448,261,11,209,1,1,0,0,0,0
11/20/2025,15:28:54,0,15,202,447,261,10,208,0,0,0,0,0,0
11/20/2025,15:28:59,0,15,194,447,262,17,208,3,2,0,0,0,0
11/20/2025,15:29:04,0,16,211,448,261,17,208,4,3,0,0,0,0
11/20/2025,15:29:09,0,17,219,450,262,14,209,5,2,0,0,0,0
11/20/2025,15:29:14,0,17,220,450,262,17,209,4,3,0,0,0,0
11/20/2025,15:29:19,0,17,208,450,261,14,208,3,3,0,0,0,0
11/20/2025,15:29:24,0,14,202,449,260,10,208,2,1,0,0,0,0
11/20/2025,15:29:29,0,17,201,449,262,9,210,1,1,0,0,0,0
11/20/2025,15:29:34,0,14,200,449,262,11,207,0,1,0,0,0,0
11/20/2025,15:29:39,0,15,201,450,262,8,208,1,0,0,0,0,0
11/20/2025,15:29:44,0,16,208,450,262,16,209,3,2,0,0,0,0
11/20/2025,15:29:49,0,16,218,450,262,18,209,5,3,0,0,0,0
11/20/2025,15:29:54,0,16,224,450,262,15,210,4,3,0,0,0,0
11/20/2025,15:29:59,0,14,214,449,261,15,209,4,3,0,0,0,0
11/20/2025,15:30:04,0,18,200,447,262,18,208,3,3,0,0,0,0
11/20/2025,15:30:09,0,16,197,447,261,11,208,1,1,0,0,0,0
11/20/2025,15:30:14,0,15,202,448,261,13,209,0,1,0,0,0,0
11/20/2025,15:30:19,0,16,210,449,261,14,208,4,3,0,0,0,0
11/20/2025,15:30:24,0,17,206,447,262,18,209,4,3,0,0,0,0
11/20/2025,15:30:29,0,17,197,448,262,10,209,0,1,0,0,0,0
11/20/2025,15:30:34,0,16,218,450,262,17,209,4,3,0,0,0,0
11/20/2025,15:30:39,0,17,196,449,260,16,208,2,2,0,0,0,0
11/20/2025,15:30:44,0,19,198,447,260,9,208,1,2,0,0,0,0
11/20/2025,15:30:49,0,18,216,449,262,19,208,4,3,0,0,0,0
11/20/2025,15:31:20,0,18,206,449,262,12,209,2,1,0,0,0,0
11/20/2025,15:31:24,0,17,205,449,262,9,208,1,1,0,0,0,0
11/20/2025,15:31:29,0,17,220,450,262,18,209,4,3,0,0,0,0
11/20/2025,15:31:34,0,17,205,448,262,9,210,1,1,0,0,0,0
11/20/2025,15:31:39,0,17,223,450,262,17,209,3,3,0,0,0,0
11/20/2025,15:31:44,0,15,202,449,262,10,209,1,1,0,0,0,0
11/20/2025,15:31:49,0,16,194,449,261,13,210,2,2,0,0,0,0
11/20/2025,15:31:54,0,17,219,451,261,17,209,4,4,0,0,0,0
11/20/2025,15:31:59,0,18,198,449,261,9,209,1,1,0,0,0,0
11/20/2025,15:32:04,0,17,196,448,261,17,209,3,3,0,0,0,0
11/20/2025,15:32:09,0,17,220,448,262,19,209,5,3,0,0,0,0
11/20/2025,15:32:14,0,18,200,448,262,9,208,0,1,0,0,0,0
11/20/2025,15:32:19,0,18,196,446,262,16,209,3,3,0,0,0,0
11/20/2025,15:32:24,0,16,213,449,262,17,209,5,3,0,0,0,0
11/20/2025,15:32:29,0,17,207,447,262,9,209,0,0,0,0,0,0
11/20/2025,15:32:34,0,17,219,447,262,17,210,5,2,0,0,0,0
11/20/2025,15:32:39,0,16,204,448,261,8,208,1,1,0,0,0,0
11/20/2025,15:32:44,0,17,197,448,262,11,209,0,1,0,0,0,0
11/20/2025,15:32:49,0,17,220,449,262,17,210,5,3,0,0,0,0
11/20/2025,15:32:54,0,17,209,448,262,9,209,1,1,0,0,0,0
11/20/2025,15:32:59,0,15,221,449,262,19,209,3,3,0,0,0,0
11/20/2025,15:33:04,0,18,200,447,261,9,209,1,1,0,0,0,0
11/20/2025,15:33:09,0,15,202,448,262,20,208,2,3,0,0,0,0
11/20/2025,15:33:14,0,16,211,450,260,16,208,5,3,0,0,0,0
11/20/2025,15:33:19,0,17,205,447,261,9,209,0,1,0,0,0,0
11/20/2025,15:33:24,0,16,213,449,262,16,209,4,3,0,0,0,0
11/20/2025,15:33:29,0,16,202,449,262,10,210,2,2,0,0,0,-0.0008
11/20/2025,15:33:34,0,16,201,448,261,10,208,0,0,0,0,0,0
11/20/2025,15:33:39,0,12,216,448,262,17,208,3,3,0,0,0,0
11/20/2025,15:33:44,0,17,207,448,262,15,209,3,3,0,0,0,0
11/20/2025,15:33:49,0,15,208,447,260,11,208,1,0,0,0,0,0
11/20/2025,15:33:54,0,17,206,448,262,20,209,3,3,0,0,0,0
11/20/2025,15:33:59,0,19,215,447,262,18,209,5,3,0,0,0,0
11/20/2025,15:34:04,0,17,197,448,259,10,205,1,1,0,0,0,0
11/20/2025,15:34:09,0,18,199,448,261,19,210,3,3,0,0,0,0
11/20/2025,15:34:14,0,18,217,449,261,18,209,4,4,0,0,0,0
11/20/2025,15:34:19,0,18,220,448,260,16,208,4,3,0,0,0,0
11/20/2025,15:34:24,0,16,205,447,261,11,209,1,1,0,0,0,0
11/20/2025,15:34:29,0,17,197,448,262,12,209,1,0,0,0,0,0
11/20/2025,15:34:34,0,16,224,447,261,18,208,4,3,0,0,0,-0.0008
11/20/2025,15:34:39,0,17,198,445,262,12,207,1,1,0,0,0,0
11/20/2025,15:34:44,0,17,204,446,262,7,210,1,1,0,0,0,0
11/20/2025,15:34:49,0,16,217,448,261,17,209,4,3,0,0,0,0
11/20/2025,15:34:54,0,15,207,445,262,10,208,1,1,0,0,0,0
11/20/2025,15:34:59,0,17,225,447,262,18,208,4,3,0,0,0,0
11/20/2025,15:35:04,0,17,204,445,261,10,208,0,1,0,0,0,0
11/20/2025,15:35:09,0,17,216,448,260,18,208,5,2,0,0,0,0
11/20/2025,15:35:14,0,16,195,446,261,12,210,1,1,0,0,0,0
11/20/2025,15:35:19,0,17,206,448,262,12,209,2,2,0,0,0,0
11/20/2025,15:35:24,0,18,204,446,262,18,209,4,3,0,0,0,0
11/20/2025,15:35:29,0,17,203,446,262,8,210,1,1,0,0,0,0
11/20/2025,15:35:34,0,16,216,447,261,17,209,3,3,0,0,0,0
11/20/2025,15:35:39,0,16,199,446,262,12,210,2,1,0,0,0,0
11/20/2025,15:35:44,0,18,225,445,262,19,210,5,3,0,0,0,0
11/20/2025,15:35:49,0,16,201,443,262,12,210,1,1,0,0,0,0
11/20/2025,15:35:54,0,17,211,449,262,16,209,3,3,0,0,0,0
11/20/2025,15:35:59,0,17,198,446,259,19,208,2,3,0,0,0,0
11/20/2025,15:36:04,0,16,203,447,262,9,209,1,1,0,0,0,0
11/20/2025,15:36:09,0,19,206,448,261,20,210,4,3,0,0,0,0
11/20/2025,15:36:14,0,17,197,447,262,9,209,2,1,0,0,0,0
11/20/2025,15:36:19,0,17,217,448,262,17,208,4,3,0,0,0,0
11/20/2025,15:36:24,0,16,204,448,259,14,208,4,3,0,0,0,0
11/20/2025,15:36:29,0,17,200,448,261,9,210,1,1,0,0,0,0
11/20/2025,15:36:34,0,16,226,449,262,19,208,3,3,0,0,0,0
11/20/2025,15:36:39,0,17,202,447,260,10,209,1,1,0,0,0,0
11/20/2025,15:36:44,0,17,213,449,261,17,208,3,3,0,0,0,0
11/20/2025,15:36:49,0,18,198,448,262,20,209,4,3,0,0,0,0
11/20/2025,15:36:54,0,19,200,448,261,12,210,2,1,0,0,0,0
11/20/2025,15:36:59,0,18,214,450,261,17,208,4,3,0,0,0,0
11/20/2025,15:37:04,0,18,213,449,262,19,209,4,3,0,0,0,0
11/20/2025,15:37:09,0,17,195,447,260,13,208,2,1,0,0,0,0
11/20/2025,15:37:14,0,17,205,447,262,12,207,1,1,0,0,0,0
11/20/2025,15:37:19,0,20,198,447,261,13,208,0,2,0,0,0,0
11/20/2025,15:37:24,0,16,203,449,261,8,210,1,1,0,0,0,0
11/20/2025,15:37:29,0,19,213,450,260,17,208,3,3,0,0,0,0
11/20/2025,15:37:34,0,16,221,449,262,15,210,4,3,0,0,0,0
11/20/2025,15:37:39,0,19,201,448,262,20,209,3,3,0,0,0,0
11/20/2025,15:37:44,0,18,201,444,262,12,210,1,1,0,0,0,0
11/20/2025,15:37:49,0,19,200,448,262,10,209,0,1,0,0,0,0
11/20/2025,15:37:54,0,16,207,448,262,16,210,4,3,0,0,0,0
11/20/2025,15:37:59,0,20,225,449,261,15,209,4,3,0,0,0,0
11/20/2025,15:38:04,0,17,202,448,262,22,209,4,3,0,0,0,0
11/20/2025,15:38:09,0,18,204,448,263,10,210,1,1,0,0,0,0
11/20/2025,15:38:14,0,15,202,447,263,10,207,1,1,0,0,0,0
11/20/2025,15:38:19,0,17,210,449,261,17,210,4,3,0,0,0,0
11/20/2025,15:38:24,0,21,224,448,262,14,208,4,3,0,0,0,0
11/20/2025,15:38:29,0,13,207,447,262,21,210,4,3,0,0,0,0
11/20/2025,15:38:34,0,18,198,448,260,12,210,2,2,0,0,0,0
11/20/2025,15:38:39,0,15,202,445,262,12,209,1,1,0,0,0,0
11/20/2025,15:38:44,0,17,203,448,261,9,210,1,1,0,0,0,0
11/20/2025,15:38:49,0,15,211,449,261,16,208,3,3,0,0,0,0
11/20/2025,15:38:54,0,18,228,450,260,17,209,4,2,0,0,0,0
11/20/2025,15:38:59,0,17,215,449,260,17,209,4,2,0,0,0,0
11/20/2025,15:39:04,0,16,200,447,261,17,209,4,3,0,0,0,0
11/20/2025,15:39:09,0,17,201,445,262,12,210,1,1,0,0,0,0
11/20/2025,15:39:14,0,18,199,448,261,11,210,1,2,0,0,0,0
11/20/2025,15:39:19,0,16,208,449,262,14,209,2,2,0,0,0,0
11/20/2025,15:39:24,0,16,219,446,261,14,210,5,3,0,0,0,0
11/20/2025,15:39:29,0,15,195,448,263,14,209,1,1,0,0,0,0
11/20/2025,15:39:34,0,16,197,446,262,13,209,1,1,0,0,0,0
11/20/2025,15:39:39,0,16,209,448,261,16,208,3,3,0,0,0,0
11/20/2025,15:39:44,0,18,222,446,262,14,209,4,2,0,0,0,0
11/20/2025,15:39:49,0,16,209,448,261,23,210,4,3,0,0,0,0
11/20/2025,15:39:54,0,16,196,447,262,14,208,1,2,0,0,0,0
11/20/2025,15:39:59,0,20,204,446,260,14,207,1,1,0,0,0,0
11/20/2025,15:40:04,0,17,205,450,260,14,208,3,2,0,0,0,0
11/20/2025,15:40:09,0,16,218,450,260,16,208,4,2,0,0,0,-0.0008
11/20/2025,15:40:14,0,16,196,448,262,12,209,1,1,0,0,0,0
11/20/2025,15:40:19,0,18,202,447,259,9,209,1,1,0,0,0,0
11/20/2025,15:40:24,0,16,226,449,261,18,208,4,3,0,0,0,0
11/20/2025,15:40:29,0,16,197,447,261,12,208,0,1,0,0,0,0
11/20/2025,15:40:34,0,15,203,448,262,10,208,2,2,0,0,0,0
11/20/2025,15:40:39,0,18,218,448,262,15,209,3,3,0,0,0,0
11/20/2025,15:40:44,0,17,200,444,262,12,209,1,1,0,0,0,0
11/20/2025,15:40:49,0,15,202,447,261,11,209,1,1,0,0,0,0
11/20/2025,15:40:54,0,15,223,445,262,20,209,4,3,0,0,0,0
11/20/2025,15:40:59,0,16,200,448,263,18,209,4,3,0,0,0,0
11/20/2025,15:41:41,0,16,210,446,261,16,209,1,2,0,0,0,0
11/20/2025,15:41:43,0,16,214,447,262,17,209,4,3,0,0,0,0
11/20/2025,15:41:48,0,16,197,446,260,14,208,1,1,0,0,0,0
11/20/2025,15:41:53,0,15,205,447,261,10,208,0,1,0,0,0,0
11/20/2025,15:41:58,0,18,205,444,262,20,210,4,3,0,0,0,0
11/20/2025,15:42:03,0,15,203,445,262,10,209,2,1,0,0,0,0
11/20/2025,15:42:08,0,15,201,447,260,20,209,5,2,0,0,0,0
11/20/2025,15:42:13,0,20,204,445,262,9,210,1,1,0,0,0,0
11/20/2025,15:42:18,0,17,218,445,262,19,209,4,3,0,0,0,0
11/20/2025,15:42:23,0,15,198,446,260,9,210,1,1,0,0,0,0
11/20/2025,15:42:28,0,15,216,448,262,17,209,4,2,0,0,0,0
11/20/2025,15:42:33,0,15,203,447,261,8,208,0,1,0,0,0,0
11/20/2025,15:42:38,0,21,194,446,262,16,210,3,2,0,0,0,0
11/20/2025,15:42:43,0,16,215,448,261,17,209,4,3,0,0,0,0
11/20/2025,15:42:48,0,17,207,447,262,11,209,1,1,0,0,0,0
11/20/2025,15:42:53,0,15,214,447,261,18,210,4,2,0,0,0,0
11/20/2025,15:42:58,0,18,205,448,261,9,209,2,3,0,0,0,0
11/20/2025,15:43:03,0,17,207,447,261,11,207,1,1,0,0,0,0
11/20/2025,15:43:08,0,17,208,448,262,21,209,3,2,0,0,0,0
11/20/2025,15:43:13,0,17,214,447,261,17,208,4,3,0,0,0,0
11/20/2025,15:43:18,0,18,198,447,261,9,209,1,1,0,0,0,0
11/20/2025,15:43:23,0,17,198,448,259,12,208,0,2,0,0,0,0
11/20/2025,15:43:28,0,17,216,447,262,16,210,4,3,0,0,0,0
11/20/2025,15:43:33,0,16,204,449,262,9,210,3,2,0,0,0,0
11/20/2025,15:43:38,0,16,208,447,261,10,209,0,1,0,0,0,0
11/20/2025,15:43:43,0,15,201,447,261,19,209,4,3,0,0,0,0
11/20/2025,15:43:48,0,18,224,446,262,17,210,4,3,0,0,0,0
11/20/2025,15:43:53,0,13,203,444,261,8,210,2,1,0,0,0,0
11/20/2025,15:43:58,0,17,202,444,261,11,210,0,1,0,0,0,0
11/20/2025,15:44:03,0,16,215,443,262,18,209,4,2,0,0,0,0
11/20/2025,15:44:08,0,20,204,444,262,10,208,2,2,0,0,0,0
11/20/2025,15:44:13,0,16,204,443,261,10,210,1,1,0,0,0,0
11/20/2025,15:44:18,0,15,213,444,261,18,210,4,2,0,0,0,0
11/20/2025,15:44:23,0,16,204,446,262,11,207,4,2,0,0,0,0
11/20/2025,15:44:28,0,17,202,441,262,10,209,1,1,0,0,0,0
11/20/2025,15:44:33,0,18,223,444,262,18,208,4,3,0,0,0,0
11/20/2025,15:44:38,0,17,203,445,259,10,209,1,1,0,0,0,0
11/20/2025,15:44:43,0,16,203,445,262,20,210,3,3,0,0,0,0
11/20/2025,15:44:48,0,15,207,445,261,15,209,3,3,0,0,0,0
11/20/2025,15:44:53,0,16,205,443,261,10,209,0,1,0,0,0,0
11/20/2025,15:44:58,0,21,209,445,262,15,209,4,3,0,0,0,0
11/20/2025,15:45:03,0,18,212,446,261,16,209,4,3,0,0,0,0
11/20/2025,15:45:08,0,17,198,444,262,11,209,1,1,0,0,0,0
11/20/2025,15:45:13,0,17,193,445,261,19,210,2,2,0,0,0,0
11/20/2025,15:45:18,0,16,225,445,262,17,210,5,3,0,0,0,0
11/20/2025,15:45:23,0,15,202,446,261,8,208,1,0,0,0,0,0
11/20/2025,15:45:28,0,14,195,444,262,17,209,1,1,0,0,0,0
11/20/2025,15:45:33,0,17,220,448,261,19,210,4,3,0,0,0,0
11/20/2025,15:45:38,0,16,199,443,261,9,210,1,1,0,0,0,0
11/20/2025,15:45:43,0,17,205,446,261,22,208,3,3,0,0,0,0
11/20/2025,15:45:48,0,15,214,446,261,17,208,4,3,0,0,0,0
11/20/2025,15:45:53,0,15,206,445,262,9,209,1,1,0,0,0,0
11/20/2025,15:45:58,0,15,213,446,261,20,209,3,3,0,0,0,0
11/20/2025,15:46:03,0,15,207,447,261,13,208,4,2,0,0,0,0
11/20/2025,15:46:08,0,17,202,446,262,10,210,2,1,0,0,0,0
11/20/2025,15:46:13,0,17,222,448,261,19,210,5,3,0,0,0,0
11/20/2025,15:46:18,0,15,204,445,262,11,209,0,1,0,0,0,0
11/20/2025,15:46:23,0,17,227,447,261,16,209,3,3,0,0,0,0
11/20/2025,15:46:28,0,16,199,445,262,11,210,1,2,0,0,0,0
11/20/2025,15:46:33,0,21,213,447,261,20,208,4,3,0,0,0,0
11/20/2025,15:46:38,0,15,204,445,262,7,209,1,1,0,0,0,0
11/20/2025,15:46:43,0,17,197,445,262,14,207,1,1,0,0,0,0
11/20/2025,15:46:48,0,17,225,446,262,19,210,5,3,0,0,0,0
11/20/2025,15:46:53,0,16,199,446,261,15,208,1,2,0,0,0,0
11/20/2025,15:46:58,0,19,214,448,261,20,209,3,3,0,0,0,0
11/20/2025,15:47:03,0,16,203,447,262,7,208,1,1,0,0,0,0
11/20/2025,15:47:08,0,15,213,447,261,19,210,4,3,0,0,0,0
11/20/2025,15:47:13,0,18,199,445,261,10,209,1,1,0,0,0,0
11/20/2025,15:47:18,0,19,226,448,262,17,209,3,3,0,0,0,0
11/20/2025,15:47:23,0,18,205,446,262,9,208,1,1,0,0,0,0
11/20/2025,15:47:28,0,16,216,448,261,17,209,4,3,0,0,0,0
11/20/2025,15:47:33,0,18,198,446,262,10,209,1,1,0,0,0,0
11/20/2025,15:47:38,0,16,207,448,262,15,210,3,3,0,0,0,0
11/20/2025,15:47:43,0,17,205,447,261,18,209,4,3,0,0,0,0
11/20/2025,15:47:48,0,15,202,446,262,11,209,1,1,0,0,0,0
11/20/2025,15:47:53,0,16,216,448,261,18,209,4,3,0,0,0,0
11/20/2025,15:47:58,0,19,194,446,261,15,209,3,3,0,0,0,0
11/20/2025,15:48:03,0,16,201,446,262,9,208,1,1,0,0,0,0
11/20/2025,15:48:08,0,18,228,448,262,18,210,4,3,0,0,0,0
11/20/2025,15:48:13,0,16,198,445,261,12,209,1,1,0,0,0,0
11/20/2025,15:48:18,0,19,204,447,261,10,210,1,1,0,0,0,0
11/20/2025,15:48:23,0,18,222,448,261,18,210,4,2,0,0,0,0
11/20/2025,15:48:28,0,18,202,445,261,9,209,1,1,0,0,0,0
11/20/2025,15:48:33,0,14,206,447,261,13,207,2,1,0,0,0,0
11/20/2025,15:48:38,0,16,213,447,262,18,210,5,3,0,0,0,0
11/20/2025,15:48:43,0,18,204,445,260,8,208,0,1,0,0,0,0
11/20/2025,15:48:48,0,19,203,447,261,10,209,2,2,0,0,0,0
11/20/2025,15:48:53,0,17,217,448,262,16,210,3,3,0,0,0,0
11/20/2025,15:48:58,0,18,207,447,260,11,208,1,1,0,0,0,0
11/20/2025,15:49:03,0,18,215,448,261,19,210,4,3,0,0,0,0
11/20/2025,15:49:08,0,16,195,447,262,13,210,2,2,0,0,0,0
11/20/2025,15:49:13,0,19,204,447,260,8,209,1,1,0,0,0,0
11/20/2025,15:49:18,0,18,216,447,261,19,209,4,3,-0.0008,0,0,0
11/20/2025,15:49:23,0,18,207,447,262,10,208,1,0,0,0,0,0
11/20/2025,15:49:28,0,18,209,446,262,17,210,4,3,0,0,0,0
11/20/2025,15:49:33,0,18,212,446,261,18,209,4,3,0,0,0,0
11/20/2025,15:49:38,0,17,202,445,261,9,209,0,1,0,0,0,0
11/20/2025,15:49:43,0,18,203,445,261,9,209,1,1,0,0,0,0
11/20/2025,15:49:48,0,17,225,447,262,20,209,4,3,0,0,0,0
11/20/2025,15:49:53,0,17,206,446,261,19,210,5,3,0,0,0,0
11/20/2025,15:49:58,0,18,206,444,261,9,209,0,1,0,0,0,0
11/20/2025,15:50:03,0,17,205,443,262,9,209,1,2,0,0,0,0
11/20/2025,15:50:08,0,16,219,447,261,19,209,4,2,0,0,0,0
11/20/2025,15:50:13,0,17,203,445,261,9,209,0,1,0,0,0,0
11/20/2025,15:50:18,0,16,205,446,261,11,210,3,2,0,0,0,0
11/20/2025,15:50:23,0,16,211,443,262,19,210,4,3,0,0,0,0
11/20/2025,15:50:28,0,19,204,446,262,12,210,1,1,0,0,0,0
11/20/2025,15:50:33,0,17,213,446,261,18,209,3,3,0,0,0,0
11/20/2025,15:50:38,0,18,207,446,262,20,210,4,4,0,0,0,0
11/20/2025,15:50:43,0,16,201,444,261,11,209,2,1,0,0,0,0
11/20/2025,15:50:48,0,16,224,447,261,21,210,6,4,0,0,0,0
11/20/2025,15:50:53,0,17,200,444,261,10,208,0,0,0,0,0,0
11/20/2025,15:50:58,0,17,209,446,261,17,209,4,3,0,0,0,0
11/20/2025,15:51:03,0,16,197,445,261,18,208,3,3,0,0,0,0
11/20/2025,15:51:29,0,18,218,447,262,17,210,4,3,0,0,0,0
11/20/2025,15:51:33,0,17,194,444,261,15,209,2,2,0,0,0,0
11/20/2025,15:51:38,0,17,202,446,262,8,210,1,1,0,0,0,0
11/20/2025,15:51:43,0,18,220,447,261,20,208,4,2,0,0,0,0
11/20/2025,15:51:48,0,19,202,445,261,18,209,3,4,0,0,0,0
11/20/2025,15:51:53,0,17,206,444,261,10,210,1,1,0,0,0,0
11/20/2025,15:51:58,0,18,204,445,262,12,208,1,3,0,0,0,0
11/20/2025,15:52:03,0,17,227,445,261,21,209,5,3,0,0,0,0
11/20/2025,15:52:08,0,18,210,445,261,17,209,4,3,0,0,0,0
11/20/2025,15:52:13,0,18,201,444,261,9,209,0,1,0,0,0,0
11/20/2025,15:52:18,0,21,203,445,262,11,210,2,1,0,0,0,0
11/20/2025,15:52:23,0,16,215,445,262,18,210,5,3,0,0,0,0
11/20/2025,15:52:28,0,17,203,444,261,9,209,0,1,0,0,0,0
11/20/2025,15:52:33,0,15,204,446,262,11,209,2,1,0,0,0,0
11/20/2025,15:52:38,0,16,222,447,261,19,209,4,3,0,0,0,0
11/20/2025,15:52:43,0,20,205,446,261,20,209,4,3,0,0,0,0
11/20/2025,15:52:48,0,18,204,443,261,9,209,0,1,0,0,0,0
11/20/2025,15:52:53,0,17,201,446,259,9,208,1,1,0,0,0,0
11/20/2025,15:52:58,0,16,209,444,261,19,209,4,3,0,0,0,0
11/20/2025,15:53:03,0,18,224,447,261,16,209,4,3,0,0,0,0
11/20/2025,15:53:08,0,18,196,445,261,16,209,3,3,0,0,0,0
11/20/2025,15:53:13,0,17,206,445,261,9,209,0,1,0,0,0,0
11/20/2025,15:53:18,0,18,202,446,261,10,210,1,1,0,0,0,0
11/20/2025,15:53:23,0,15,203,443,262,12,209,1,1,0,0,0,0
11/20/2025,15:53:28,0,21,205,447,262,12,208,2,2,0,0,0,0
11/20/2025,15:53:33,0,17,206,448,259,10,209,2,1,0,0,0,0
11/20/2025,15:53:38,0,17,202,446,262,8,208,1,1,0,0,0,0
11/20/2025,15:53:43,0,16,200,446,262,13,209,0,1,0,0,0,0
11/20/2025,15:53:48,0,17,204,444,262,10,210,1,1,0,0,0,0
11/20/2025,15:53:53,0,17,197,444,262,13,209,0,1,0,0,0,0
11/20/2025,15:53:58,0,17,193,446,261,15,209,2,2,0,0,0,0
11/20/2025,15:54:03,0,20,195,443,261,16,209,3,3,0,0,0,0
11/20/2025,15:54:08,0,17,199,447,262,18,208,4,3,0,0,0,0
11/20/2025,15:54:13,0,15,203,447,261,19,208,4,3,0,0,0,0
11/20/2025,15:54:18,0,16,211,445,261,20,210,5,3,0,0,0,0
11/20/2025,15:54:23,0,17,217,448,261,18,210,4,3,0,0,0,0
11/20/2025,15:54:28,0,16,224,448,261,19,209,5,3,0,0,0,0
11/20/2025,15:54:33,0,17,217,448,261,20,209,5,4,0,0,0,0
11/20/2025,15:54:38,0,18,209,449,261,16,208,4,3,0,0,0,0
11/20/2025,15:54:43,0,17,214,449,262,19,208,6,4,0,0,0,0
11/20/2025,15:54:48,0,17,201,448,261,8,209,1,1,0,0,0,0
11/20/2025,15:54:53,0,17,204,447,262,12,209,0,1,0,0,0,0
11/20/2025,15:54:58,0,17,200,448,261,9,209,1,1,0,0,0,0
11/20/2025,15:55:03,0,15,203,447,261,19,210,3,3,0,0,0,0
11/20/2025,15:55:08,0,15,220,449,261,17,209,5,3,0,0,0,-0.0008
11/20/2025,15:55:13,0,16,213,450,261,18,209,4,4,0,0,0,0
11/20/2025,15:55:18,0,16,204,446,261,11,208,2,1,0,0,0,0
11/20/2025,15:55:23,0,17,198,448,261,12,210,1,1,0,0,0,0
11/20/2025,15:55:28,0,15,207,448,261,10,209,0,1,0,0,0,0
11/20/2025,15:55:33,0,16,199,447,261,11,209,1,1,0,0,0,0
11/20/2025,15:55:38,0,17,195,448,260,14,210,1,1,0,0,0,0
11/20/2025,15:55:43,0,16,194,448,261,14,209,2,3,0,0,0,0
11/20/2025,15:55:48,0,17,194,449,261,12,208,2,1,0,0,0,0
11/20/2025,15:55:53,0,16,198,447,261,12,210,1,1,0,0,0,0
11/20/2025,15:55:58,0,17,204,448,260,10,208,0,1,0,0,0,0
11/20/2025,15:56:03,0,18,202,448,260,12,210,3,2,0,0,0,0
11/20/2025,15:56:08,0,17,203,449,261,8,210,2,1,0,0,0,0
11/20/2025,15:56:13,0,17,209,449,261,16,210,4,3,0,0,0,0
11/20/2025,15:56:18,0,18,223,449,259,20,209,5,4,0,0,0,0
11/20/2025,15:56:23,0,18,219,449,262,18,210,4,3,0,0,0,0
11/20/2025,15:56:28,0,19,204,448,262,20,209,4,3,0,0,0,0
11/20/2025,15:56:33,0,18,196,447,260,17,209,3,3,0,0,0,0
11/20/2025,15:56:38,0,17,196,445,261,19,209,3,3,0,0,0,0
11/20/2025,15:56:43,0,16,198,447,262,17,210,5,2,0,0,0,0
11/20/2025,15:56:48,0,19,206,446,261,18,206,5,3,0,0,0,0
11/20/2025,15:56:53,0,16,214,448,261,19,209,5,4,0,0,0,0
11/20/2025,15:56:58,0,17,219,447,261,19,208,5,4,0,0,0,0
11/20/2025,15:57:03,0,13,224,449,262,22,209,5,4,0,0,0,0
11/20/2025,15:57:08,0,17,224,448,260,20,208,5,4,0,0,0,0
11/20/2025,15:57:13,0,17,219,446,262,23,209,6,4,0,0,0,0
11/20/2025,15:57:18,0,18,207,447,261,20,209,5,4,0,0,0,0
11/20/2025,15:57:23,0,20,205,445,261,12,210,2,2,0,0,0,0
11/20/2025,15:57:28,0,19,201,444,259,9,209,0,0,0,0,0,0
11/20/2025,15:57:33,0,20,207,443,261,9,208,0,0,0,0,0,0
11/20/2025,15:57:38,0,18,196,443,261,10,209,0,1,0,0,0,0
11/20/2025,15:57:43,0,19,203,444,262,18,209,4,3,0,0,0,0
11/20/2025,15:57:48,0,20,209,444,262,19,209,4,3,0,0,0,0
11/20/2025,15:57:53,0,22,209,444,260,20,209,4,3,0,0,0,0
11/20/2025,15:57:58,0,18,195,440,262,15,210,3,3,0,0,0,0
11/20/2025,15:58:03,0,17,202,442,261,6,210,1,0,0,0,0,0
11/20/2025,15:58:08,0,20,198,442,261,9,209,0,0,0,0,0,0
11/20/2025,15:58:13,0,18,209,444,261,19,208,5,4,0,0,0,0
11/20/2025,15:58:18,0,17,219,444,261,20,207,5,4,0,0,0,0
11/20/2025,15:58:23,0,17,195,442,262,16,208,3,2,0,0,0,0
11/20/2025,15:58:28,0,17,204,440,261,8,210,1,0,0,0,0,0
11/20/2025,15:58:33,0,18,197,440,261,11,210,0,2,0,0,0,0
11/20/2025,15:58:38,0,17,204,441,261,8,210,1,1,0,0,0,0
11/20/2025,15:58:43,0,16,204,437,261,13,208,2,2,0,0,0,0
11/20/2025,15:58:48,0,16,204,441,261,12,210,2,2,0,0,0,0
11/20/2025,15:58:53,0,15,204,443,262,11,209,1,1,0,0,0,0
11/20/2025,15:58:58,0,17,199,443,261,11,209,0,1,0,0,0,0
11/20/2025,15:59:03,0,17,201,441,261,10,209,1,2,0,0,0,0
11/20/2025,15:59:08,0,18,208,442,261,12,210,0,1,0,0,0,0
11/20/2025,15:59:13,0,17,201,443,261,10,208,0,1,0,0,0,0
11/20/2025,15:59:18,0,17,197,443,261,11,210,0,0,0,0,0,0
11/20/2025,15:59:23,0,17,197,444,261,18,209,3,3,0,0,0,0
11/20/2025,15:59:28,0,19,211,445,262,20,209,4,3,0,0,0,0
11/20/2025,15:59:33,0,17,216,445,262,17,210,5,3,0,0,0,0
11/20/2025,15:59:38,0,18,227,446,261,19,209,5,3,0,0,0,0
11/20/2025,15:59:43,0,17,214,446,261,19,209,5,3,0,0,0,0
11/20/2025,15:59:48,0,18,204,444,261,10,210,2,1,0,0,0,0
11/20/2025,15:59:53,0,15,200,442,261,11,209,1,1,0,0,0,0
11/20/2025,15:59:58,0,17,208,442,261,11,210,0,1,0,0,0,0
11/20/2025,16:00:03,0,17,200,444,260,9,208,0,1,0,0,0,0
11/20/2025,16:00:08,0,17,197,444,261,13,208,1,1,0,0,0,0
11/20/2025,16:00:13,0,16,200,444,260,18,209,2,2,0,0,0,0
11/20/2025,16:00:18,0,16,205,445,261,16,209,4,3,0,0,0,0
11/20/2025,16:00:23,0,16,216,446,261,18,210,4,3,0,0,0,0
11/20/2025,16:00:28,0,15,222,444,262,21,210,5,3,0,0,0,0
11/20/2025,16:00:33,0,17,222,445,261,19,209,5,3,0,0,0,0
11/20/2025,16:00:38,0,17,216,447,262,19,210,5,4,0,0,0,0
11/20/2025,16:00:43,0,17,207,446,261,16,210,3,3,0,0,0,0
11/20/2025,16:00:48,0,16,199,445,262,11,210,1,1,0,0,0,0
11/20/2025,16:00:53,0,16,198,445,261,19,209,2,3,0,0,0,0
11/20/2025,16:00:58,0,16,205,444,261,13,210,3,3,0,0,0,0
11/20/2025,16:01:03,0,16,193,445,261,18,209,3,2,0,0,0,0
11/20/2025,16:01:08,0,17,207,447,260,15,209,3,3,0,0,0,0
11/20/2025,16:01:13,0,16,195,445,261,14,210,1,1,0,0,0,0
11/20/2025,16:01:48,0,13,209,445,261,9,210,1,1,0,0,0,0
11/20/2025,16:01:52,0,13,219,447,261,18,210,3,3,0,0,0,0
11/20/2025,16:01:57,0,16,205,445,261,8,209,0,0,0,0,0,0
11/20/2025,16:02:02,0,15,203,448,261,16,210,3,3,0,0,0,0
11/20/2025,16:02:07,0,18,211,447,261,20,210,5,3,0,0,0,0
11/20/2025,16:02:12,0,21,200,447,261,11,209,1,2,0,0,0,0
11/20/2025,16:02:17,0,16,216,448,261,21,209,5,3,0,0,0,0
11/20/2025,16:02:22,0,16,197,447,261,16,209,3,3,0,0,0,0
11/20/2025,16:02:27,0,16,204,448,260,10,209,1,1,0,0,0,0
11/20/2025,16:02:32,0,16,228,449,261,20,209,4,3,0,0,0,0
11/20/2025,16:02:37,0,14,199,448,261,10,210,0,0,0,0,0,0
11/20/2025,16:02:42,0,18,205,449,259,12,209,2,1,0,0,0,0
11/20/2025,16:02:47,0,15,220,448,261,18,209,5,3,0,0,0,0
11/20/2025,16:02:52,0,16,206,445,261,10,208,0,0,0,0,0,0
11/20/2025,16:02:57,0,16,212,449,261,20,209,5,3,0,0,0,0
11/20/2025,16:03:02,0,16,197,448,260,11,208,0,1,0,0,0,0
11/20/2025,16:03:07,0,17,215,448,261,20,208,5,4,0,0,0,0
11/20/2025,16:03:12,0,17,201,448,261,8,210,0,0,0,0,0,0
11/20/2025,16:03:17,0,15,225,449,261,21,208,5,3,0,0,0,0
11/20/2025,16:03:22,0,21,201,448,261,11,209,0,1,0,0,0,0
11/20/2025,16:03:27,0,17,205,448,261,21,210,4,4,0,0,0,0
11/20/2025,16:03:32,0,17,211,449,261,18,209,4,3,0,0,0,0
11/20/2025,16:03:37,0,16,202,448,262,10,209,0,0,0,0,0,0
11/20/2025,16:03:42,0,15,217,449,261,20,209,5,4,0,0,0,0
11/20/2025,16:03:47,0,17,196,447,261,13,210,2,1,0,0,0,0
11/20/2025,16:03:52,0,18,204,450,261,11,210,2,1,0,0,0,0
11/20/2025,16:03:57,0,16,204,448,261,20,208,4,3,0,0,0,0
11/20/2025,16:04:02,0,18,203,450,261,10,209,1,1,0,0,0,0
11/20/2025,16:04:07,0,17,196,448,261,14,208,1,1,0,0,0,0
11/20/2025,16:04:12,0,16,219,447,261,22,210,5,4,0,0,0,0
11/20/2025,16:04:17,0,14,210,449,261,12,208,1,1,0,0,0,0
11/20/2025,16:04:22,0,16,217,450,260,18,209,4,2,0,0,0,0
11/20/2025,16:04:27,0,15,206,449,261,11,208,1,1,0,0,0,0
11/20/2025,16:04:32,0,16,196,447,261,15,210,1,1,0,0,0,0
11/20/2025,16:04:37,0,15,218,450,261,21,209,4,4,0,0,0,0
11/20/2025,16:04:42,0,16,198,448,259,14,208,1,1,0,0,0,0
11/20/2025,16:04:47,0,19,202,446,261,20,209,3,3,0,0,0,0
11/20/2025,16:04:52,0,14,221,449,261,20,209,5,4,0,0,0,0
11/20/2025,16:04:57,0,16,202,448,261,11,209,1,1,0,0,0,0
11/20/2025,16:05:02,0,14,204,449,261,10,209,0,0,0,0,0,0
11/20/2025,16:05:07,0,12,227,450,259,19,209,4,3,0,0,0,0
11/20/2025,16:05:12,0,18,204,449,262,8,209,1,2,0,0,0,0
11/20/2025,16:05:17,0,19,206,447,261,14,208,1,1,0,0,0,0
11/20/2025,16:05:22,0,14,195,445,261,16,210,2,1,0,0,0,0
11/20/2025,16:05:27,0,16,216,447,261,19,208,4,3,0,0,0,0
11/20/2025,16:05:32,0,17,211,449,262,18,210,4,3,0,0,0,0
11/20/2025,16:05:37,0,15,199,448,259,11,210,2,2,0,0,0,0
11/20/2025,16:05:42,0,17,202,447,261,24,208,4,3,0,0,0,0
11/20/2025,16:05:47,0,17,214,450,260,19,209,4,3,0,0,0,0
11/20/2025,16:05:52,0,17,206,447,260,12,209,2,2,0,0,0,0
11/20/2025,16:05:57,0,13,211,447,261,24,210,5,3,0,0,0,0
11/20/2025,16:06:02,0,15,209,447,261,19,208,4,3,0,0,0,0
11/20/2025,16:06:07,0,17,204,447,261,12,208,1,1,0,0,0,0
11/20/2025,16:06:12,0,18,219,449,261,20,207,4,3,0,0,0,0
11/20/2025,16:06:17,0,16,205,449,261,10,209,1,1,0,0,0,0
11/20/2025,16:06:22,0,15,203,448,261,11,209,0,1,0,0,0,0
11/20/2025,16:06:27,0,17,214,449,261,18,210,4,3,0,0,0,0
11/20/2025,16:06:32,0,16,208,448,261,16,211,5,2,0,0,0,0
11/20/2025,16:06:37,0,14,204,447,261,11,210,1,1,0,0,0,0
11/20/2025,16:06:42,0,16,218,449,261,19,210,4,2,0,0,0,0
11/20/2025,16:06:47,0,15,203,449,262,10,208,1,0,0,0,0,0
11/20/2025,16:06:52,0,14,194,446,262,18,210,2,2,0,0,0,0
11/20/2025,16:06:57,0,13,217,450,260,19,208,5,3,0,0,0,0
11/20/2025,16:07:02,0,16,198,447,261,12,207,1,2,0,0,0,0
11/20/2025,16:07:07,0,19,203,449,261,21,209,3,3,0,0,0,0
11/20/2025,16:07:12,0,14,216,449,261,19,209,5,4,0,0,0,0
11/20/2025,16:07:17,0,14,199,447,261,12,209,1,1,-0.0008,0,0,0
11/20/2025,16:07:22,0,15,200,447,261,22,208,3,3,0,0,0,0
11/20/2025,16:07:27,0,15,216,449,261,16,208,4,3,0,0,0,0
11/20/2025,16:07:32,0,16,207,447,261,16,207,2,2,0,0,0,0
11/20/2025,16:07:37,0,12,207,448,261,19,209,3,3,0,0,0,0
11/20/2025,16:07:42,0,16,215,447,261,17,209,4,3,0,0,0,0
11/20/2025,16:07:47,0,16,199,448,262,15,209,0,0,0,0,0,0
11/20/2025,16:07:52,0,11,201,448,261,22,209,4,3,0,0,0,0
11/20/2025,16:07:57,0,16,220,447,261,18,208,4,3,0,0,0,0
11/20/2025,16:08:02,0,16,200,448,261,14,210,1,2,0,0,0,0
11/20/2025,16:08:07,0,16,196,447,261,16,209,1,1,0,0,0,0
11/20/2025,16:08:12,0,11,216,450,260,19,209,4,2,0,0,0,0
11/20/2025,16:08:17,0,15,216,450,262,17,209,4,3,0,0,0,0
11/20/2025,16:08:22,0,12,201,445,261,12,210,2,2,0,0,0,0
11/20/2025,16:08:27,0,16,198,448,261,15,210,2,1,0,0,0,0
11/20/2025,16:08:32,0,16,219,449,261,19,209,4,2,0,0,0,0
11/20/2025,16:08:37,0,16,208,450,261,13,209,3,2,0,0,0,0
11/20/2025,16:08:42,0,18,208,448,261,13,208,1,1,0,0,0,0
11/20/2025,16:08:47,0,14,215,447,261,20,210,4,3,0,0,0,0
11/20/2025,16:08:52,0,16,211,450,261,14,209,3,1,0,0,0,0
11/20/2025,16:08:57,0,14,203,447,261,16,209,3,2,0,0,0,0
11/20/2025,16:09:02,0,15,196,448,261,23,208,3,3,0,0,0,0
11/20/2025,16:09:07,0,16,229,449,261,17,209,4,2,0,0,0,0
11/20/2025,16:09:12,0,13,205,449,261,10,209,1,1,0,0,0,0
11/20/2025,16:09:17,0,14,205,448,261,14,209,0,1,0,0,0,0
11/20/2025,16:09:22,0,16,195,449,259,16,209,2,2,0,0,0,0
11/20/2025,16:09:27,0,12,206,448,262,22,209,4,3,0,0,0,0
11/20/2025,16:09:32,0,12,212,448,262,22,210,4,3,0,0,0,0
11/20/2025,16:09:37,0,16,202,448,260,21,208,4,3,0,0,0,0
11/20/2025,16:09:42,0,15,201,447,261,15,210,2,1,-0.0008,0,0,0
11/20/2025,16:09:47,0,13,205,449,261,13,209,2,2,0,0,0,0
11/20/2025,16:09:52,0,18,206,450,260,11,208,1,0,0,0,0,0
11/20/2025,16:09:57,0,15,227,447,261,20,210,4,2,0,0,0,0
11/20/2025,16:10:02,0,13,197,450,262,21,210,3,3,0,0,0,0
11/20/2025,16:10:07,0,14,206,448,261,13,209,1,2,0,0,0,0
11/20/2025,16:10:12,0,12,206,450,262,12,208,1,0,0,0,0,0
11/20/2025,16:10:17,0,15,228,449,261,23,208,3,3,0,0,0,0
11/20/2025,16:10:22,0,16,204,448,261,21,210,4,3,0,0,0,0
11/20/2025,16:10:27,0,15,202,445,261,14,208,1,1,0,0,0,0
11/20/2025,16:10:32,0,16,202,447,261,13,208,1,1,0,0,0,0
11/20/2025,16:10:37,0,16,213,449,261,17,209,3,3,0,0,0,0
11/20/2025,16:10:42,0,16,217,450,260,20,209,4,2,0,0,0,0
11/20/2025,16:10:47,0,15,200,447,261,14,208,1,2,0,0,0,0
11/20/2025,16:10:52,0,14,207,447,261,11,210,1,1,0,0,0,0
11/20/2025,16:10:57,0,13,223,449,260,16,209,3,3,0,0,0,0
11/20/2025,16:11:02,0,15,203,447,261,13,209,1,1,0,0,0,0
11/20/2025,16:11:07,0,16,209,448,260,17,208,3,2,0,0,0,0
11/20/2025,16:11:12,0,10,209,446,261,18,210,4,3,0,0,0,0
11/20/2025,16:11:17,0,17,207,447,261,11,209,0,1,0,0,0,0
11/20/2025,16:11:22,0,16,207,449,261,12,208,2,2,0,0,0,0
11/20/2025,16:11:58,0,18,202,447,261,21,210,5,3,0,0,0,0
11/20/2025,16:12:02,0,16,203,445,261,11,209,1,1,0,0,0,0
11/20/2025,16:12:07,0,15,208,449,261,15,209,2,3,0,0,0,0
11/20/2025,16:12:12,0,14,217,449,261,17,210,5,3,0,0,0,0
11/20/2025,16:12:17,0,14,221,448,261,19,209,4,3,0,0,0,0
11/20/2025,16:12:22,0,15,228,449,261,18,210,4,3,0,0,0,0
11/20/2025,16:12:27,0,17,218,448,261,19,210,4,3,0,0,0,0
11/20/2025,16:12:32,0,13,197,447,261,16,208,2,3,0,0,0,0
11/20/2025,16:12:37,0,16,204,447,259,13,210,1,1,0,0,0,0
11/20/2025,16:12:42,0,17,204,447,261,13,210,1,1,0,0,0,0
11/20/2025,16:12:47,0,14,220,449,261,18,208,4,2,0,0,0,0
11/20/2025,16:12:52,0,16,202,445,261,13,209,1,1,0,0,0,0
11/20/2025,16:12:57,0,13,204,448,261,11,210,1,1,0,0,0,0
11/20/2025,16:13:02,0,15,216,447,261,20,209,4,4,0,0,0,0
11/20/2025,16:13:07,0,16,203,447,261,12,209,1,1,0,0,0,0
11/20/2025,16:13:12,0,16,207,448,261,13,208,2,2,0,0,0,0
11/20/2025,16:13:17,0,17,215,448,261,18,208,4,3,0,0,0,0
11/20/2025,16:13:22,0,15,204,447,261,12,209,1,1,0,0,0,0
11/20/2025,16:13:27,0,13,205,448,261,11,210,1,1,0,0,0,0
11/20/2025,16:13:32,0,17,224,447,261,17,210,4,2,0,0,0,0
11/20/2025,16:13:37,0,13,196,447,261,18,209,3,2,0,0,0,0
11/20/2025,16:13:42,0,17,207,447,261,13,208,1,2,0,0,0,0
11/20/2025,16:13:47,0,14,210,448,261,18,209,3,2,0,0,0,0
11/20/2025,16:13:52,0,17,212,448,260,20,210,4,3,0,0,0,0
11/20/2025,16:13:57,0,16,199,447,262,12,208,2,2,0,0,0,0
11/20/2025,16:14:02,0,16,224,448,261,19,210,5,3,0,0,0,0
11/20/2025,16:14:07,0,17,198,448,261,12,210,1,1,0,0,0,0
11/20/2025,16:14:12,0,16,212,449,261,18,209,3,3,0,0,0,0
11/20/2025,16:14:17,0,17,194,447,261,15,208,2,2,0,0,0,0
11/20/2025,16:14:22,0,17,207,448,261,13,208,2,2,0,0,0,0
11/20/2025,16:14:27,0,16,195,448,261,19,210,3,3,0,0,0,0
11/20/2025,16:14:32,0,17,205,446,261,14,210,2,1,0,0,0,0
11/20/2025,16:14:37,0,16,199,448,260,20,210,4,3,0,0,0,0
11/20/2025,16:14:42,0,16,204,446,261,11,209,1,1,0,0,0,0
11/20/2025,16:14:47,0,16,197,447,261,23,210,4,3,0,0,0,0
11/20/2025,16:14:52,0,17,211,450,260,17,209,4,3,0,0,0,0
11/20/2025,16:14:57,0,15,202,448,261,11,210,0,1,0,0,0,0
11/20/2025,16:15:02,0,15,224,449,261,18,209,4,3,0,0,0,0
11/20/2025,16:15:07,0,14,203,448,261,11,210,1,1,0,0,0,0
11/20/2025,16:15:12,0,13,200,447,259,16,209,0,1,0,0,0,0
11/20/2025,16:15:17,0,19,213,449,261,20,209,5,3,0,0,0,0
11/20/2025,16:15:22,0,16,195,448,261,19,209,3,3,0,0,0,0
11/20/2025,16:15:27,0,15,206,449,261,17,210,4,2,0,0,0,0
11/20/2025,16:15:32,0,16,196,447,261,15,209,2,2,0,0,0,0
11/20/2025,16:15:37,0,16,210,449,261,16,209,4,3,0,0,0,0
11/20/2025,16:15:42,0,15,198,447,261,15,210,2,2,0,0,0,0
11/20/2025,16:15:47,0,17,221,450,259,18,208,5,3,0,0,0,0
11/20/2025,16:15:52,0,17,204,447,262,14,209,3,0,0,0,0,0
11/20/2025,16:15:57,0,10,210,449,261,19,209,4,3,0,0,0,0
11/20/2025,16:16:02,0,17,209,450,260,17,209,4,3,0,0,0,0
11/20/2025,16:16:07,0,13,207,447,261,13,210,1,1,0,0,0,0
11/20/2025,16:16:12,0,15,211,449,261,22,209,3,3,0,0,0,0
11/20/2025,16:16:17,0,17,205,449,261,13,210,3,2,0,0,0,0
11/20/2025,16:16:22,0,16,199,448,260,15,209,1,1,0,0,0,0
11/20/2025,16:16:27,0,17,226,447,261,21,210,4,2,0,0,0,0
11/20/2025,16:16:32,0,16,199,447,261,13,208,1,1,0,0,0,0
11/20/2025,16:16:37,0,17,204,449,261,22,209,3,4,0,0,0,0
11/20/2025,16:16:42,0,15,212,450,260,16,209,4,3,0,0,0,0
11/20/2025,16:16:47,0,17,207,448,261,14,208,1,1,0,0,0,0
11/20/2025,16:16:52,0,16,218,449,261,18,209,2,2,0,0,0,0
11/20/2025,16:16:57,0,15,202,447,261,10,209,1,0,0,0,0,0
11/20/2025,16:17:02,0,16,216,447,261,21,209,4,2,0,0,0,0
11/20/2025,16:17:07,0,16,201,446,261,11,209,1,2,0,0,0,0
11/20/2025,16:17:12,0,9,218,448,260,17,208,3,2,0,0,0,0
11/20/2025,16:17:17,0,20,203,446,261,15,210,1,2,0,0,0,0
11/20/2025,16:17:22,0,15,228,446,261,20,210,4,3,0,0,0,0
11/20/2025,16:17:27,0,15,208,446,261,14,210,1,1,0,0,0,0
11/20/2025,16:17:32,0,17,221,448,262,20,209,4,2,0,0,0,0
11/20/2025,16:17:37,0,16,200,447,261,9,210,2,2,0,0,0,0
11/20/2025,16:17:42,0,15,199,447,261,20,209,3,3,0,0,0,0
11/20/2025,16:17:47,0,16,211,448,261,17,209,3,3,0,0,0,0
11/20/2025,16:17:52,0,15,201,448,261,13,209,1,0,0,0,0,0
11/20/2025,16:17:57,0,16,224,448,261,17,209,3,2,0,0,0,0
11/20/2025,16:18:02,0,17,203,447,261,11,209,1,1,0,0,0,0
11/20/2025,16:18:07,0,16,196,447,259,17,208,1,1,0,0,0,0
11/20/2025,16:18:12,0,14,226,448,261,19,210,4,3,0,0,0,0
11/20/2025,16:18:17,0,16,200,445,261,12,208,1,2,0,0,0,0
11/20/2025,16:18:22,0,16,198,447,259,22,209,2,2,0,0,0,0
11/20/2025,16:18:27,0,17,223,448,261,21,209,5,4,0,0,0,0
11/20/2025,16:18:32,0,16,201,448,262,13,210,1,1,0,0,0,0
11/20/2025,16:18:37,0,16,196,447,261,16,210,0,1,0,0,0,0
11/20/2025,16:18:42,0,12,224,449,262,19,209,4,2,0,0,0,0
11/20/2025,16:18:47,0,17,203,448,261,9,209,1,2,0,0,0,0
11/20/2025,16:18:52,0,17,201,447,259,13,208,0,1,0,0,0,0
11/20/2025,16:18:57,0,18,222,449,261,16,209,4,3,0,0,0,0
11/20/2025,16:19:02,0,18,203,448,261,13,209,0,1,0,0,0,0
11/20/2025,16:19:07,0,15,198,446,260,5,210,2,1,0,0,0,0
11/20/2025,16:19:12,0,16,218,447,261,16,208,4,3,0,0,0,0
11/20/2025,16:19:17,0,16,205,448,261,5,209,3,2,0,0,0,0
11/20/2025,16:19:22,0,14,206,446,261,13,208,0,1,0,0,0,0
11/20/2025,16:19:27,0,16,210,448,261,22,209,4,3,0,0,0,0
11/20/2025,16:19:32,0,16,214,449,261,18,209,4,3,0,0,0,0
11/20/2025,16:19:37,0,15,199,447,261,14,207,2,2,0,0,0,0
11/20/2025,16:19:42,0,15,198,448,261,56,209,2,3,0,0,0,0
11/20/2025,16:19:47,0,17,225,449,261,54,209,4,3,0,0,0,0
11/20/2025,16:19:52,0,18,204,447,261,34,209,1,1,0,0,0,0
11/20/2025,16:19:57,0,16,204,447,259,27,208,0,1,0,0,0,0
11/20/2025,16:20:02,0,18,202,449,260,27,209,3,3,0,0,0,0
11/20/2025,16:20:07,0,16,218,449,260,24,209,5,3,0,0,0,0
11/20/2025,16:20:12,0,13,201,448,261,16,209,1,1,0,0,0,0
11/20/2025,16:20:17,0,15,195,448,261,18,209,1,2,0,0,0,0
11/20/2025,16:20:22,0,16,219,447,261,22,210,4,2,-0.0008,0,0,0
11/20/2025,16:20:27,0,14,210,449,261,16,210,4,3,0,0,0,0
11/20/2025,16:20:32,0,18,201,448,261,13,209,1,1,0,0,0,0
11/20/2025,16:20:37,0,16,198,446,261,16,208,0,1,0,0,0,0
11/20/2025,16:20:42,0,17,214,449,262,20,209,2,3,0,0,0,0
11/20/2025,16:20:47,0,17,222,448,261,20,207,5,3,0,0,0,0
11/20/2025,16:20:52,0,14,202,448,260,11,209,1,1,0,0,0,0
11/20/2025,16:20:57,0,17,202,446,260,14,208,1,1,0,0,0,0
11/20/2025,16:21:02,0,15,214,448,261,18,209,3,3,0,0,0,0
11/20/2025,16:21:07,0,17,214,448,259,17,210,5,3,0,0,0,0
11/20/2025,16:21:12,0,16,200,445,261,9,209,1,1,0,0,0,0
11/20/2025,16:21:17,0,16,201,443,261,16,210,1,1,0,0,0,0
11/20/2025,16:21:22,0,15,210,444,262,19,210,4,1,0,0,0,0
11/20/2025,16:21:27,0,17,222,448,261,17,210,5,3,0,0,0,0
11/20/2025,16:21:32,0,14,204,447,261,13,209,1,1,0,0,0,0
11/20/2025,16:21:37,0,16,204,443,261,18,207,1,2,0,0,0,0
11/20/2025,16:22:17,0,16,221,448,261,18,210,4,3,0,0,0,0
11/20/2025,16:22:21,0,17,207,446,261,12,209,0,1,0,0,0,0
11/20/2025,16:22:26,0,18,194,445,261,19,209,3,3,0,0,0,0
11/20/2025,16:22:31,0,15,216,448,260,18,208,4,3,0,0,0,0
11/20/2025,16:22:36,0,16,218,447,259,19,208,5,3,0,0,0,0
11/20/2025,16:22:41,0,18,203,446,261,12,209,1,1,0,0,0,0
11/20/2025,16:22:46,0,16,205,446,261,13,209,0,1,0,0,0,0
11/20/2025,16:22:51,0,20,209,447,261,19,209,4,2,0,0,0,0
11/20/2025,16:22:56,0,18,203,447,260,9,210,1,1,0,0,0,0
11/20/2025,16:23:01,0,16,195,447,261,16,210,1,1,0,0,0,0
11/20/2025,16:23:06,0,16,218,447,261,20,208,4,3,0,0,0,-0.0008
11/20/2025,16:23:11,0,17,200,446,261,13,210,2,2,0,0,0,0
11/20/2025,16:23:16,0,17,194,446,261,16,210,2,2,0,0,0,0
11/20/2025,16:23:21,0,17,228,447,261,17,210,5,3,0,0,0,0
11/20/2025,16:23:26,0,18,204,446,259,10,209,1,1,0,0,0,0
11/20/2025,16:23:31,0,17,212,446,260,23,209,3,2,0,0,0,0
11/20/2025,16:23:36,0,14,197,445,260,8,210,2,2,0,0,0,0
11/20/2025,16:23:41,0,16,220,445,261,18,208,4,3,0,0,0,0
11/20/2025,16:23:46,0,16,201,445,261,13,209,1,1,0,0,0,0
11/20/2025,16:23:51,0,16,210,445,261,21,208,4,4,0,0,0,0
11/20/2025,16:23:56,0,18,201,446,261,11,210,1,1,0,0,0,0
11/20/2025,16:24:01,0,16,219,447,261,24,209,4,3,0,0,0,0
11/20/2025,16:24:06,0,17,208,445,261,11,209,1,1,0,0,0,0
11/20/2025,16:24:11,0,17,223,447,261,21,209,4,3,0,0,0,0
11/20/2025,16:24:16,0,17,199,445,261,12,209,1,1,0,0,0,0
11/20/2025,16:24:21,0,17,204,447,261,17,210,2,1,0,0,0,0
11/20/2025,16:24:26,0,12,207,447,261,19,208,4,3,0,0,0,0
11/20/2025,16:24:31,0,15,200,447,259,9,210,1,1,0,0,0,0
11/20/2025,16:24:36,0,14,215,448,260,20,207,4,2,0,0,0,0
11/20/2025,16:24:41,0,14,205,445,261,13,208,1,2,0,0,0,0
11/20/2025,16:24:46,0,17,220,448,261,22,209,4,3,0,0,0,0
11/20/2025,16:24:51,0,17,196,446,260,13,208,1,1,0,0,0,0
11/20/2025,16:24:56,0,13,204,447,262,11,208,1,1,0,0,0,0
11/20/2025,16:25:01,0,16,206,447,261,22,209,3,3,0,0,0,0
11/20/2025,16:25:06,0,17,203,447,259,10,209,1,1,0,0,0,0
11/20/2025,16:25:11,0,16,203,445,261,16,209,1,1,0,0,0,0
11/20/2025,16:25:16,0,17,206,447,260,13,210,0,1,0,0,0,0
11/20/2025,16:25:21,0,17,218,449,259,20,210,5,3,0,0,0,0
11/20/2025,16:25:26,0,15,194,447,261,14,209,0,2,0,0,0,0
11/20/2025,16:25:31,0,16,203,448,261,9,210,1,1,0,0,0,0
11/20/2025,16:25:36,0,16,222,448,260,17,209,3,3,0,0,0,0
11/20/2025,16:25:41,0,17,202,446,260,10,209,1,1,0,0,0,0
11/20/2025,16:25:46,0,17,209,447,261,19,210,4,3,0,0,0,0
11/20/2025,16:25:51,0,18,204,447,261,20,209,4,3,0,0,0,0
11/20/2025,16:25:56,0,14,199,445,261,13,208,1,2,0,0,0,0
11/20/2025,16:26:01,0,17,225,449,260,21,209,4,3,0,0,0,0
11/20/2025,16:26:06,0,17,200,447,260,12,209,1,1,0,0,0,0
11/20/2025,16:26:11,0,16,204,448,260,13,209,1,0,0,0,0,0
11/20/2025,16:26:16,0,17,219,449,261,17,210,4,3,0,0,0,0
11/20/2025,16:26:21,0,18,199,448,261,12,210,1,1,0,0,0,0
11/20/2025,16:26:26,0,18,202,448,261,13,210,1,0,0,0,0,0
11/20/2025,16:26:31,0,18,218,448,261,20,208,4,3,0,0,0,0
11/20/2025,16:26:36,0,17,209,448,260,20,210,4,3,0,0,0,0
11/20/2025,16:26:41,0,17,203,448,261,11,209,1,1,0,0,0,0
11/20/2025,16:26:46,0,17,202,448,260,12,210,0,1,0,0,0,0
11/20/2025,16:26:51,0,18,209,446,261,19,210,5,3,0,0,0,0
11/20/2025,16:26:56,0,17,216,447,261,19,210,4,3,0,0,0,0
11/20/2025,16:27:01,0,18,205,448,259,12,209,1,1,0,0,0,0
11/20/2025,16:27:06,0,16,206,449,260,18,210,3,2,0,0,0,0
11/20/2025,16:27:11,0,17,216,448,261,18,209,4,2,0,0,0,0
11/20/2025,16:27:16,0,18,204,448,261,11,209,1,1,0,0,0,0
11/20/2025,16:27:21,0,13,203,449,261,12,209,0,1,0,0,0,0
11/20/2025,16:27:26,0,17,223,449,261,19,208,5,3,0,0,0,0
11/20/2025,16:27:31,0,15,209,450,261,22,210,5,3,0,0,0,0
11/20/2025,16:27:36,0,17,194,445,261,16,210,2,1,0,0,0,0
11/20/2025,16:27:41,0,16,198,448,261,13,209,0,1,0,0,0,0
11/20/2025,16:27:46,0,16,201,446,261,12,209,1,1,0,0,0,0
11/20/2025,16:27:51,0,15,201,448,259,13,208,0,0,0,0,0,0
11/20/2025,16:27:56,0,16,199,447,260,12,210,0,1,0,0,0,0
11/20/2025,16:28:01,0,15,207,448,259,17,209,4,3,0,0,0,0
11/20/2025,16:28:06,0,16,216,449,261,20,208,5,3,0,0,0,0
11/20/2025,16:28:11,0,17,201,446,261,14,209,1,2,0,0,0,0
11/20/2025,16:28:16,0,15,207,447,260,22,208,3,3,0,0,0,0
11/20/2025,16:28:21,0,15,214,448,261,19,209,4,3,0,0,0,0
11/20/2025,16:28:26,0,16,203,446,261,12,210,1,1,0,0,0,0
11/20/2025,16:28:31,0,16,203,444,261,14,210,1,1,0,0,0,0
11/20/2025,16:28:36,0,16,196,447,261,17,210,1,1,0,0,0,0
11/20/2025,16:28:41,0,20,204,447,261,21,209,3,3,0,0,0,0
11/20/2025,16:28:46,0,18,219,449,261,16,210,4,3,0,0,0,0
11/20/2025,16:28:51,0,18,223,445,261,20,210,5,3,0,0,0,0
11/20/2025,16:28:56,0,17,215,449,259,19,208,5,3,0,0,0,0
11/20/2025,16:29:01,0,16,210,448,261,18,209,4,3,0,0,0,0
11/20/2025,16:29:06,0,16,209,448,261,19,209,4,3,0,0,0,0
11/20/2025,16:29:11,0,18,222,449,261,20,210,5,3,0,0,0,0
11/20/2025,16:29:16,0,10,219,449,259,18,209,4,2,0,0,0,0
11/20/2025,16:29:21,0,16,193,448,261,16,209,2,2,0,0,0,0
11/20/2025,16:29:26,0,16,200,446,261,14,208,2,2,0,0,0,0
11/20/2025,16:29:31,0,16,208,449,260,16,209,4,3,0,0,0,0
11/20/2025,16:29:36,0,17,219,448,260,18,208,4,2,0,0,0,0
11/20/2025,16:29:41,0,13,195,447,261,21,210,2,3,0,0,0,0
11/20/2025,16:29:46,0,17,202,445,261,13,207,1,1,0,0,0,0
11/20/2025,16:29:51,0,23,204,447,259,15,208,1,1,0,0,0,0
11/20/2025,16:29:56,0,18,206,447,259,12,209,1,2,0,0,0,0
11/20/2025,16:30:01,0,18,223,448,261,17,209,2,3,0,0,0,0
11/20/2025,16:30:06,0,19,198,447,261,14,209,1,1,0,0,0,0
11/20/2025,16:30:11,0,16,204,448,260,11,209,1,1,0,0,0,0
11/20/2025,16:30:16,0,20,222,449,261,18,210,4,2,0,0,0,0
11/20/2025,16:30:21,0,17,197,446,261,13,210,1,1,0,0,0,0
11/20/2025,16:30:26,0,18,199,447,261,13,210,1,1,0,0,0,0
11/20/2025,16:30:31,0,17,209,448,260,18,209,3,2,0,0,0,0
11/20/2025,16:30:36,0,12,228,448,260,18,209,4,3,0,0,0,0
11/20/2025,16:30:41,0,17,197,447,261,19,208,3,4,0,0,0,0
11/20/2025,16:30:46,0,16,197,444,261,15,210,2,2,0,0,0,0
11/20/2025,16:30:51,0,17,215,447,261,19,210,5,3,0,0,0,0
11/20/2025,16:30:56,0,18,202,448,261,21,210,4,3,0,0,0,0
11/20/2025,16:31:01,0,16,198,446,260,13,209,2,1,0,0,0,0
11/20/2025,16:31:06,0,17,215,448,261,19,210,5,3,0,0,0,0
11/20/2025,16:31:11,0,16,211,448,260,20,209,4,3,0,0,0,0
11/20/2025,16:31:16,0,17,202,447,261,12,210,1,1,0,0,0,0
11/20/2025,16:31:21,0,18,202,446,260,13,208,1,1,0,0,0,0
11/20/2025,16:31:26,0,17,204,448,260,11,209,1,1,0,0,0,0
11/20/2025,16:31:31,0,16,217,448,260,20,209,4,3,0,0,0,0
11/20/2025,16:31:36,0,17,223,448,260,19,209,5,3,0,0,0,0
11/20/2025,16:31:41,0,17,223,448,259,20,207,5,3,0,0,0,0
11/20/2025,16:32:17,0,18,217,446,261,20,208,5,3,0,0,0,0
11/20/2025,16:32:21,0,18,204,444,261,12,210,2,2,0,0,0,0
11/20/2025,16:32:26,0,16,207,444,261,15,208,1,1,0,0,0,0
11/20/2025,16:32:31,0,18,195,443,260,21,208,3,2,0,0,0,0
11/20/2025,16:32:36,0,17,219,446,262,18,210,5,3,0,0,0,0
11/20/2025,16:32:41,0,16,207,446,261,17,210,4,3,0,0,0,0
11/20/2025,16:32:46,0,17,204,443,260,15,208,2,1,0,0,0,0
11/20/2025,16:32:51,0,18,208,446,261,20,209,4,3,0,0,0,0
11/20/2025,16:32:56,0,17,212,446,260,17,208,4,3,0,0,0,0
11/20/2025,16:33:01,0,18,203,444,261,13,210,1,2,0,0,0,0
11/20/2025,16:33:06,0,14,199,442,261,20,210,4,3,0,0,0,0
11/20/2025,16:33:11,0,17,229,446,260,20,209,5,3,0,0,0,0
11/20/2025,16:33:16,0,17,205,446,261,15,208,2,2,0,0,0,0
11/20/2025,16:33:21,0,16,202,444,260,14,208,2,2,0,0,0,0
11/20/2025,16:33:26,0,18,193,443,260,23,209,3,2,0,0,0,0
11/20/2025,16:33:31,0,20,219,449,261,16,209,4,2,0,0,0,0
11/20/2025,16:33:36,0,18,217,444,261,22,209,5,3,0,0,0,0
11/20/2025,16:33:41,0,18,214,446,260,19,209,5,3,0,0,0,0
11/20/2025,16:33:46,0,18,214,446,261,21,209,5,3,0,0,-0.0008,0
11/20/2025,16:33:51,0,18,216,445,260,21,208,5,3,0,0,0,0
11/20/2025,16:33:56,0,18,221,445,260,20,209,4,3,0,0,0,0
11/20/2025,16:34:01,0,16,216,444,261,21,208,5,3,0,0,0,0
11/20/2025,16:34:06,0,17,213,445,260,18,209,4,3,0,0,0,0
11/20/2025,16:34:11,0,16,205,444,261,15,210,3,2,0,0,0,0
11/20/2025,16:34:16,0,17,202,444,261,13,209,1,1,0,0,0,0
11/20/2025,16:34:21,0,13,202,443,261,20,210,1,1,0,0,0,0
11/20/2025,16:34:26,0,17,201,444,260,15,209,0,1,0,0,0,0
11/20/2025,16:34:31,0,17,195,444,260,21,209,4,3,0,0,0,0
11/20/2025,16:34:36,0,15,218,445,260,19,209,3,3,0,0,0,0
11/20/2025,16:34:41,0,17,218,444,260,20,209,5,3,0,0,0,0
11/20/2025,16:34:46,0,17,206,446,261,16,208,3,2,0,0,0,0
11/20/2025,16:34:51,0,17,202,445,260,13,208,1,1,0,0,0,0
11/20/2025,16:34:56,0,17,206,445,261,15,208,0,1,0,0,0,0
11/20/2025,16:35:01,0,19,214,445,260,21,209,5,4,0,0,0,0
11/20/2025,16:35:06,0,17,211,445,260,18,209,4,3,0,0,0,0
11/20/2025,16:35:11,0,17,220,446,261,19,209,4,3,0,0,0,0
11/20/2025,16:35:16,0,15,219,446,259,20,210,5,3,0,0,0,0
11/20/2025,16:35:21,0,23,208,445,260,23,209,4,3,0,0,0,0
11/20/2025,16:35:26,0,18,200,444,259,22,210,4,3,0,0,0,0
11/20/2025,16:35:31,0,19,205,443,261,21,210,4,3,0,0,0,0
11/20/2025,16:35:36,0,15,218,444,259,19,210,4,3,0,0,0,0
11/20/2025,16:35:41,0,17,226,444,261,20,208,4,3,0,0,0,0
11/20/2025,16:35:46,0,17,212,442,261,19,208,4,3,0,0,0,0
11/20/2025,16:35:51,0,17,202,442,260,11,210,1,1,0,0,0,0
11/20/2025,16:35:56,0,18,208,441,261,18,209,1,1,0,0,0,0
11/20/2025,16:36:01,0,18,198,441,261,16,210,1,1,0,0,0,0
11/20/2025,16:36:06,0,19,201,441,260,23,209,3,3,0,0,0,0
11/20/2025,16:36:11,0,16,217,443,262,18,210,4,3,0,0,0,0
11/20/2025,16:36:16,0,17,224,443,260,20,209,5,3,0,0,0,0
11/20/2025,16:36:21,0,18,206,443,261,17,209,3,3,0,0,0,0
11/20/2025,16:36:26,0,16,203,442,261,12,208,1,1,0,0,0,0
11/20/2025,16:36:31,0,20,201,440,261,16,210,1,2,0,0,0,0
11/20/2025,16:36:36,0,17,207,439,261,16,210,1,1,0,0,0,0
11/20/2025,16:36:41,0,17,193,442,261,20,209,2,2,0,0,0,0
11/20/2025,16:36:46,0,14,213,443,261,19,210,4,3,0,0,0,0
11/20/2025,16:36:51,0,17,222,444,261,20,209,4,4,0,0,0,0
11/20/2025,16:36:56,0,17,203,443,260,10,209,1,1,0,0,0,0
11/20/2025,16:37:01,0,17,202,442,261,13,209,0,0,0,0,0,0
11/20/2025,16:37:06,0,22,224,441,261,18,209,4,3,0,0,0,0
11/20/2025,16:37:11,0,17,199,442,260,13,209,2,1,0,0,0,0
11/20/2025,16:37:16,0,19,216,444,260,20,208,4,3,0,0,0,0
11/20/2025,16:37:21,0,18,201,441,261,12,210,2,1,0,0,0,0
11/20/2025,16:37:26,0,19,196,443,264,21,208,3,3,0,0,0,0
11/20/2025,16:37:31,0,17,213,445,260,20,209,4,3,0,0,0,0
11/20/2025,16:37:36,0,17,202,443,260,14,209,0,1,0,0,0,0
11/20/2025,16:37:41,0,14,220,444,260,21,209,2,3,0,0,0,0
11/20/2025,16:37:46,0,18,207,445,261,13,210,3,3,0,0,0,0
11/20/2025,16:37:51,0,18,198,444,261,15,209,1,2,0,0,0,0
11/20/2025,16:37:56,0,18,199,443,263,17,208,1,0,0,0,0,0
11/20/2025,16:38:01,0,19,204,444,261,23,210,4,4,0,0,0,0
11/20/2025,16:38:06,0,19,227,445,261,20,208,4,3,0,0,0,0
11/20/2025,16:38:11,0,13,204,445,260,13,208,3,1,0,0,0,0
11/20/2025,16:38:16,0,17,198,442,261,15,209,1,2,0,0,0,0
11/20/2025,16:38:21,0,16,198,442,261,16,208,1,1,0,0,0,0
11/20/2025,16:38:26,0,18,209,443,261,23,209,4,3,0,0,0,0
11/20/2025,16:38:31,0,20,227,444,261,17,209,4,2,0,0,0,0
11/20/2025,16:38:36,0,18,212,445,261,19,210,5,3,0,0,0,0
11/20/2025,16:38:41,0,18,201,444,260,14,209,1,2,0,0,0,0
11/20/2025,16:38:46,0,17,196,444,260,18,209,1,1,0,0,0,0
11/20/2025,16:38:51,0,21,224,446,261,19,210,4,2,0,0,0,0
11/20/2025,16:38:56,0,15,206,446,260,11,209,1,1,0,0,0,0
11/20/2025,16:39:01,0,18,201,443,260,16,208,1,1,0,0,-0.0008,0
11/20/2025,16:39:06,0,17,219,445,260,20,208,3,3,0,0,0,0
11/20/2025,16:39:11,0,18,205,442,261,11,209,2,1,0,0,0,0
11/20/2025,16:39:16,0,17,195,443,261,18,209,2,2,0,0,0,0
11/20/2025,16:39:21,0,17,222,446,261,19,210,5,3,0,0,0,0
11/20/2025,16:39:26,0,17,201,445,261,14,209,2,1,0,0,0,0
11/20/2025,16:39:31,0,20,206,445,261,23,210,4,3,0,0,0,0
11/20/2025,16:39:36,0,16,211,444,261,18,210,4,3,0,0,0,0
11/20/2025,16:39:41,0,17,206,444,261,15,209,1,1,0,0,0,0
11/20/2025,16:39:46,0,19,220,447,261,19,208,3,2,0,0,0,0
11/20/2025,16:39:51,0,16,204,445,262,10,209,1,1,0,0,0,0
11/20/2025,16:39:56,0,17,197,444,261,18,209,1,2,0,0,0,0
11/20/2025,16:40:01,0,19,222,445,261,19,208,3,2,0,0,0,0
11/20/2025,16:40:06,0,16,207,446,261,13,210,3,2,0,0,0,0
11/20/2025,16:40:11,0,19,206,444,260,15,209,2,2,0,0,0,0
11/20/2025,16:40:16,0,15,199,444,261,25,210,4,3,0,0,0,0
11/20/2025,16:40:21,0,17,226,447,259,19,208,4,3,0,0,0,0
11/20/2025,16:40:26,0,18,203,445,261,11,210,2,1,0,0,0,0
11/20/2025,16:40:31,0,17,200,442,261,17,210,2,2,0,0,0,0
11/20/2025,16:40:36,0,16,228,445,261,20,210,5,2,0,0,0,0
11/20/2025,16:40:41,0,19,203,443,261,14,210,1,1,0,0,0,0
11/20/2025,16:40:46,0,17,195,443,261,20,210,2,1,0,0,0,0
11/20/2025,16:40:51,0,18,225,445,261,18,209,3,3,0,0,0,0
11/20/2025,16:40:56,0,12,203,445,260,12,209,2,1,0,0,0,0
11/20/2025,16:41:01,0,18,204,444,259,15,210,1,1,0,0,0,0
11/20/2025,16:41:06,0,20,215,445,261,22,209,4,3,0,0,0,0
11/20/2025,16:41:11,0,18,210,446,260,16,209,3,3,0,0,0,0
11/20/2025,16:41:16,0,18,207,443,260,13,209,1,2,0,0,0,0
11/20/2025,16:41:21,0,15,201,444,261,23,210,4,3,0,0,0,0
11/20/2025,16:41:26,0,18,225,448,261,20,209,5,3,0,0,0,0
11/20/2025,16:41:31,0,17,202,443,261,13,209,1,1,0,0,0,0
11/20/2025,16:41:36,0,18,194,444,261,18,209,1,1,0,0,0,0
11/20/2025,16:41:41,0,17,226,446,260,22,209,3,3,0,0,0,0
11/20/2025,16:41:46,0,15,203,444,261,10,210,1,1,0,0,0,0
11/20/2025,16:41:51,0,17,195,444,261,22,209,2,3,0,0,0,0
11/20/2025,16:41:56,0,16,216,446,260,19,208,4,3,0,0,0,0
11/20/2025,16:42:16,0,20,232,445,261,21,209,2,2,0,0,0,0
11/20/2025,16:42:20,0,19,207,445,261,11,210,2,1,0,0,0,0
11/20/2025,16:42:25,0,18,205,443,260,15,209,1,1,0,0,0,0
11/20/2025,16:42:30,0,15,215,446,260,19,209,2,3,0,0,0,0
11/20/2025,16:42:35,0,15,204,446,261,12,209,1,0,0,0,0,0
11/20/2025,16:42:40,0,18,199,444,260,16,209,0,1,0,0,0,0
11/20/2025,16:42:45,0,16,216,443,261,20,209,4,3,0,0,0,0
11/20/2025,16:42:50,0,17,210,447,260,18,210,4,3,0,0,0,0
11/20/2025,16:42:55,0,16,204,444,260,16,208,3,1,0,0,0,0
11/20/2025,16:43:00,0,16,205,445,260,22,209,4,3,0,0,0,0
11/20/2025,16:43:05,0,17,214,445,261,18,208,4,3,0,0,0,0
11/20/2025,16:43:10,0,16,199,444,260,13,209,1,1,0,0,0,0
11/20/2025,16:43:15,0,17,200,441,261,18,209,1,1,0,0,0,0
11/20/2025,16:43:20,0,16,212,445,261,21,210,4,3,0,0,0,0
11/20/2025,16:43:25,0,17,216,444,260,19,208,5,3,0,0,0,0
11/20/2025,16:43:30,0,16,202,444,260,13,209,1,1,0,0,0,0
11/20/2025,16:43:35,0,16,205,444,260,15,209,0,1,0,0,0,0
11/20/2025,16:43:40,0,17,198,443,261,17,210,2,2,0,0,0,0
11/20/2025,16:43:45,0,18,194,443,261,17,209,2,2,0,0,0,0
11/20/2025,16:43:50,0,18,199,444,260,26,209,4,3,0,0,0,0
11/20/2025,16:43:55,0,20,210,444,260,23,209,4,3,0,0,0,0
11/20/2025,16:44:00,0,17,218,446,261,19,209,5,3,0,0,0,0
11/20/2025,16:44:05,0,15,223,446,259,20,209,5,3,0,0,0,0
11/20/2025,16:44:10,0,16,204,444,261,12,209,1,1,0,0,0,0
11/20/2025,16:44:15,0,18,200,444,261,16,209,0,1,0,0,0,0
11/20/2025,16:44:20,0,20,227,445,259,22,209,4,3,0,0,0,0
11/20/2025,16:44:25,0,16,204,445,261,13,210,1,1,0,0,0,0
11/20/2025,16:44:30,0,17,199,442,261,17,209,0,1,0,0,0,0
11/20/2025,16:44:35,0,16,221,445,260,17,209,4,2,0,0,0,0
11/20/2025,16:44:40,0,16,206,444,260,10,208,1,2,0,0,0,0
11/20/2025,16:44:45,0,17,204,442,259,17,207,1,1,0,0,0,0
11/20/2025,16:44:50,0,14,216,443,261,22,209,4,2,0,0,0,0
11/20/2025,16:44:55,0,16,209,444,260,17,210,4,3,0,0,0,0
11/20/2025,16:45:00,0,17,203,442,261,16,209,3,2,0,0,0,0
11/20/2025,16:45:05,0,16,195,443,261,17,210,3,2,0,0,0,0
11/20/2025,16:45:10,0,17,219,443,261,16,210,4,2,0,0,0,0
11/20/2025,16:45:15,0,16,207,442,261,20,210,4,3,0,0,0,0
11/20/2025,16:45:20,0,18,200,444,260,23,210,2,2,0,0,0,0
11/20/2025,16:45:25,0,16,203,444,260,12,209,1,1,0,0,0,0
11/20/2025,16:45:30,0,18,201,442,261,19,210,3,2,0,0,0,0
11/20/2025,16:45:35,0,19,207,445,261,11,209,2,2,0,0,0,0
11/20/2025,16:45:40,0,17,203,442,261,15,209,0,1,0,0,0,0
11/20/2025,16:45:45,0,15,228,446,259,20,209,4,3,0,0,0,0
11/20/2025,16:45:50,0,17,205,443,262,15,209,1,1,0,0,0,0
11/20/2025,16:45:55,0,17,222,446,261,22,210,4,3,0,0,0,0
11/20/2025,16:46:00,0,18,206,442,261,16,208,1,1,0,0,0,0
11/20/2025,16:46:05,0,13,225,445,260,21,209,4,2,0,0,0,0
11/20/2025,16:46:10,0,17,200,444,260,14,210,2,2,0,0,0,-0.0008
11/20/2025,16:46:15,0,16,219,446,259,19,208,4,2,0,0,0,0
11/20/2025,16:46:20,0,17,206,444,261,15,210,1,2,0,0,0,0
11/20/2025,16:46:25,0,15,220,446,261,22,210,5,3,0,0,0,0
11/20/2025,16:46:30,0,17,195,443,261,19,208,1,2,0,0,0,0
11/20/2025,16:46:35,0,18,203,445,262,14,208,1,0,0,0,0,0
11/20/2025,16:46:40,0,18,229,443,261,22,208,4,3,0,0,0,0
11/20/2025,16:46:45,0,17,198,443,260,14,209,0,1,0,0,0,0
11/20/2025,16:46:50,0,17,204,443,260,13,210,1,1,0,0,0,0
11/20/2025,16:46:55,0,19,224,445,260,21,209,4,4,0,0,0,0
11/20/2025,16:47:00,0,15,199,444,260,14,209,1,1,0,0,0,0
11/20/2025,16:47:05,0,17,206,445,261,16,209,2,1,0,0,0,0
11/20/2025,16:47:10,0,19,205,446,259,23,209,4,3,0,0,0,0
11/20/2025,16:47:15,0,17,200,445,260,12,210,1,1,0,0,0,0
11/20/2025,16:47:20,0,15,227,443,260,22,208,4,3,0,0,0,0
11/20/2025,16:47:25,0,16,198,444,261,16,209,1,1,0,0,0,0
11/20/2025,16:47:30,0,15,203,445,260,15,208,0,1,0,0,0,0
11/20/2025,16:47:35,0,17,223,447,260,19,209,4,3,0,0,0,0
11/20/2025,16:47:40,0,18,199,445,260,23,209,4,4,0,0,0,0
11/20/2025,16:47:45,0,13,208,445,261,13,209,1,2,0,0,0,0
11/20/2025,16:47:50,0,20,206,446,261,13,210,1,1,0,0,0,0
11/20/2025,16:47:55,0,18,219,445,261,23,209,4,3,0,0,0,0
11/20/2025,16:48:00,0,16,217,447,259,19,208,4,3,0,0,0,0
11/20/2025,16:48:05,0,18,195,445,259,18,210,2,2,0,0,0,0
11/20/2025,16:48:10,0,16,206,445,260,14,210,1,1,0,0,0,0
11/20/2025,16:48:15,0,18,202,443,260,15,209,1,1,0,0,0,0
11/20/2025,16:48:20,0,17,206,447,261,16,209,1,1,0,0,0,0
11/20/2025,16:48:25,0,17,224,446,261,23,209,5,3,0,0,0,0
11/20/2025,16:48:30,0,15,211,445,260,20,209,4,3,0,0,0,0
11/20/2025,16:48:35,0,17,201,445,260,14,209,0,1,0,0,0,0
11/20/2025,16:48:40,0,17,205,446,259,11,209,1,1,0,0,0,0
11/20/2025,16:48:45,0,18,224,445,261,24,209,5,3,0,0,0,0
11/20/2025,16:48:50,0,22,203,445,260,23,208,5,3,0,0,0,0
11/20/2025,16:48:55,0,16,209,445,261,14,208,1,1,0,0,0,0
11/20/2025,16:49:00,0,15,204,445,261,12,210,1,1,0,0,0,0
11/20/2025,16:49:05,0,18,222,446,260,23,208,4,3,0,0,0,0
11/20/2025,16:49:10,0,24,210,444,261,21,209,4,3,0,0,0,0
11/20/2025,16:49:15,0,16,204,445,261,13,209,0,1,0,0,0,0
11/20/2025,16:49:20,0,17,205,448,260,13,208,1,1,0,0,0,0
11/20/2025,16:49:25,0,17,226,447,259,22,209,5,3,0,0,0,0
11/20/2025,16:49:30,0,15,208,445,260,23,209,4,3,0,0,0,0
11/20/2025,16:49:35,0,16,201,445,261,13,209,0,1,0,0,0,0
11/20/2025,16:49:40,0,16,199,445,262,14,210,2,2,0,0,0,0
11/20/2025,16:49:45,0,16,207,446,261,15,210,2,1,0,0,0,0
11/20/2025,16:49:50,0,17,227,446,259,21,208,5,3,0,0,0,0
11/20/2025,16:49:55,0,15,205,445,261,22,209,4,3,0,0,0,0
11/20/2025,16:50:00,0,17,201,444,258,14,208,1,1,0,0,0,0
11/20/2025,16:50:05,0,15,202,444,260,13,210,1,1,0,0,0,0
11/20/2025,16:50:10,0,18,226,446,261,22,209,5,3,0,0,0,0
11/20/2025,16:50:15,0,18,193,444,262,19,208,3,2,0,0,0,0
11/20/2025,16:50:20,0,17,198,443,259,13,208,3,1,0,0,0,0
11/20/2025,16:50:25,0,17,209,444,260,18,208,4,3,0,0,0,0
11/20/2025,16:50:30,0,12,226,442,261,19,210,5,3,0,0,0,0
11/20/2025,16:50:35,0,20,203,444,260,22,209,4,3,0,0,0,0
11/20/2025,16:50:40,0,16,205,443,260,14,208,1,1,0,0,0,0
11/20/2025,16:50:45,0,13,204,444,260,14,210,1,1,0,0,0,0
11/20/2025,16:50:50,0,15,222,444,261,23,208,4,3,0,0,0,0
11/20/2025,16:50:55,0,16,216,445,260,21,209,4,2,0,0,0,0
11/20/2025,16:51:00,0,15,194,444,261,18,209,2,1,0,0,0,0
11/20/2025,16:51:05,0,19,208,444,261,15,209,1,1,0,0,0,0
11/20/2025,16:51:10,0,18,204,443,261,14,210,1,1,0,0,0,0
11/20/2025,16:51:15,0,17,225,445,261,22,209,4,3,0,0,0,0
11/20/2025,16:51:20,0,20,211,444,261,22,209,4,4,0,0,0,0
11/20/2025,16:51:25,0,15,195,444,262,16,209,2,2,0,0,0,0
11/20/2025,16:51:30,0,15,208,444,261,13,209,1,2,0,0,0,0
11/20/2025,16:51:35,0,15,204,445,259,12,210,2,1,0,0,0,0
11/20/2025,16:51:40,0,16,215,445,260,19,209,4,3,0,0,0,0
11/20/2025,16:51:45,0,16,228,445,260,20,209,4,3,0,0,0,0
11/20/2025,16:51:50,0,16,199,443,261,21,210,5,3,0,0,0,0
11/20/2025,16:51:55,0,16,205,443,260,11,210,1,1,0,0,0,0
11/20/2025,16:52:00,0,17,213,444,261,22,208,3,3,0,0,0,0
11/20/2025,16:52:26,0,18,199,442,260,21,209,4,4,0,0,0,0
11/20/2025,16:52:30,0,18,227,443,261,20,210,5,3,0,0,0,0
11/20/2025,16:52:35,0,20,206,444,262,22,208,5,3,0,0,0,0
11/20/2025,16:52:40,0,18,198,439,260,15,209,1,1,0,0,0,0
11/20/2025,16:52:45,0,17,209,441,260,13,210,0,1,0,0,0,0
11/20/2025,16:52:50,0,18,202,440,260,9,209,1,1,0,0,0,0
11/20/2025,16:52:55,0,18,211,442,259,21,208,4,3,0,0,0,0
11/20/2025,16:53:00,0,19,228,441,260,19,208,5,3,0,0,0,0
11/20/2025,16:53:05,0,18,205,438,261,23,210,5,3,0,0,0,0
11/20/2025,16:53:10,0,18,197,440,261,13,209,1,1,0,0,0,0
11/20/2025,16:53:15,0,17,200,439,260,15,209,1,2,0,0,0,0
11/20/2025,16:53:20,0,18,211,442,259,19,209,3,2,0,0,0,0
11/20/2025,16:53:25,0,18,228,442,260,19,209,4,3,0,0,0,0
11/20/2025,16:53:30,0,12,210,441,260,21,209,4,3,0,0,0,0
11/20/2025,16:53:35,0,17,198,440,261,13,209,0,1,0,0,0,0
11/20/2025,16:53:40,0,16,197,437,261,13,210,2,1,0,0,0,0
11/20/2025,16:53:45,0,18,207,440,261,17,210,3,3,0,0,0,0
11/20/2025,16:53:50,0,17,227,442,261,22,210,5,3,0,0,0,0
11/20/2025,16:53:55,0,22,210,442,261,24,210,5,2,0,0,0,0
11/20/2025,16:54:00,0,18,193,441,260,21,210,3,3,0,0,0,0
11/20/2025,16:54:05,0,18,197,440,261,15,210,1,1,0,0,0,0
11/20/2025,16:54:10,0,18,207,441,261,15,210,1,1,0,0,0,0
11/20/2025,16:54:15,0,15,202,442,261,14,210,1,1,0,0,0,0
11/20/2025,16:54:20,0,17,212,441,260,20,209,3,3,0,0,0,0
11/20/2025,16:54:25,0,19,227,444,260,19,210,5,3,0,0,0,0
11/20/2025,16:54:30,0,18,219,444,260,20,209,4,3,0,0,0,0
11/20/2025,16:54:35,0,12,213,443,260,21,208,5,3,0,0,0,0
11/20/2025,16:54:40,0,18,198,442,259,15,208,1,1,0,0,0,0
11/20/2025,16:54:45,0,17,199,441,261,16,208,3,1,0,0,0,0
11/20/2025,16:54:50,0,19,204,444,259,11,210,1,1,0,0,0,0
11/20/2025,16:54:55,0,16,209,445,260,19,209,3,3,0,0,0,0
11/20/2025,16:55:00,0,17,213,444,261,21,209,4,3,0,0,0,0
11/20/2025,16:55:05,0,15,199,442,259,13,208,2,1,0,0,0,0
11/20/2025,16:55:10,0,18,221,446,261,19,208,4,3,0,0,0,0
11/20/2025,16:55:15,0,18,201,444,260,14,210,1,1,0,0,0,0
11/20/2025,16:55:20,0,17,213,444,260,22,209,4,3,0,0,0,0
11/20/2025,16:55:25,0,17,203,445,260,12,209,0,1,0,0,0,0
11/20/2025,16:55:30,0,17,199,444,260,16,210,1,1,0,0,0,0
11/20/2025,16:55:35,0,17,218,446,261,21,210,5,3,0,0,0,0
11/20/2025,16:55:40,0,13,205,444,261,15,209,1,1,0,0,0,0
11/20/2025,16:55:45,0,17,210,445,261,22,210,4,3,0,0,0,0
11/20/2025,16:55:50,0,17,206,445,260,14,209,3,2,0,0,0,0
11/20/2025,16:55:55,0,17,197,444,261,17,210,2,2,0,0,0,0
11/20/2025,16:56:00,0,17,215,446,261,20,210,5,3,0,0,0,0
11/20/2025,16:56:05,0,17,207,444,260,13,210,1,1,0,0,0,0
11/20/2025,16:56:10,0,23,218,443,261,22,210,4,3,0,0,0,0
11/20/2025,16:56:15,0,17,204,445,260,14,210,3,2,0,0,0,0
11/20/2025,16:56:20,0,17,202,444,260,14,209,1,1,0,0,0,0
11/20/2025,16:56:25,0,19,230,446,261,20,208,4,2,0,0,0,0
11/20/2025,16:56:30,0,16,200,445,261,14,210,1,1,0,0,0,0
11/20/2025,16:56:35,0,16,196,444,260,21,209,2,3,0,0,0,0
11/20/2025,16:56:40,0,19,221,446,260,21,209,5,3,0,0,0,0
11/20/2025,16:56:45,0,17,200,444,260,14,209,2,2,0,0,0,0
11/20/2025,16:56:50,0,17,196,444,261,22,209,4,3,0,0,0,0
11/20/2025,16:56:55,0,17,221,446,260,22,210,6,4,0,0,0,0
11/20/2025,16:57:00,0,17,203,445,261,11,209,1,1,0,0,0,0
11/20/2025,16:57:05,0,17,205,444,260,15,210,0,0,0,0,0,0
11/20/2025,16:57:10,0,18,193,444,260,21,209,3,2,0,0,0,0
11/20/2025,16:57:15,0,23,225,446,261,18,209,5,2,0,0,0,0
11/20/2025,16:57:20,0,16,202,443,260,14,209,1,2,0,0,0,0
11/20/2025,16:57:25,0,16,204,444,261,14,210,0,0,0,0,0,0
11/20/2025,16:57:30,0,16,218,444,260,19,209,4,2,0,0,0,0
11/20/2025,16:57:35,0,15,204,445,260,11,208,1,1,0,0,0,0
11/20/2025,16:57:40,0,16,196,443,260,17,208,1,1,0,0,0,0
11/20/2025,16:57:45,0,16,219,445,260,22,209,5,3,0,0,0,0
11/20/2025,16:57:50,0,16,203,444,261,15,208,2,1,-0.0008,0,0,0
11/20/2025,16:57:55,0,16,216,444,260,20,209,4,3,0,0,0,0
11/20/2025,16:58:00,0,16,205,444,260,10,208,2,1,0,0,0,0
11/20/2025,16:58:05,0,17,199,444,260,14,208,1,1,0,0,0,0
11/20/2025,16:58:10,0,17,217,444,260,21,207,4,3,0,0,0,0
11/20/2025,16:58:15,0,16,212,445,260,19,210,5,3,0,0,0,0
11/20/2025,16:58:20,0,20,200,441,260,15,210,2,1,0,0,0,0
11/20/2025,16:58:25,0,17,203,443,261,12,209,1,0,0,0,0,0
11/20/2025,16:58:30,0,18,204,445,262,25,208,4,2,0,0,0,0
11/20/2025,16:58:35,0,18,224,444,261,21,208,5,4,0,0,0,0
11/20/2025,16:58:40,0,16,205,443,260,14,210,1,1,0,0,0,0
11/20/2025,16:58:45,0,22,200,443,259,23,209,3,3,0,0,0,0
11/20/2025,16:58:50,0,18,207,444,260,17,209,4,3,0,0,0,0
11/20/2025,16:58:55,0,18,199,443,260,15,209,0,1,0,0,0,0
11/20/2025,16:59:00,0,18,218,444,260,20,209,5,3,0,0,0,0
11/20/2025,16:59:05,0,18,203,442,260,13,208,0,1,0,0,0,0
11/20/2025,16:59:10,0,17,222,444,260,21,209,5,2,0,0,0,-0.0008
11/20/2025,16:59:15,0,16,207,443,259,13,208,1,0,0,0,0,0
11/20/2025,16:59:20,0,17,221,444,260,22,208,3,3,0,0,0,0
11/20/2025,16:59:25,0,15,203,443,261,12,208,1,1,0,0,0,0
11/20/2025,16:59:30,0,17,193,442,260,19,209,2,3,0,0,0,-0.0008
11/20/2025,16:59:35,0,16,216,444,260,20,210,5,4,0,0,0,0
11/20/2025,16:59:40,0,18,203,440,260,14,210,2,2,0,0,0,0
11/20/2025,16:59:45,0,19,217,443,260,20,210,5,2,0,0,0,0
11/20/2025,16:59:50,0,16,202,443,260,13,209,1,1,0,0,0,0
11/20/2025,16:59:55,0,16,214,444,260,21,209,4,3,0,0,0,0
11/20/2025,17:00:00,0,16,202,443,260,14,210,1,2,0,0,0,0
11/20/2025,17:00:05,0,13,216,443,260,20,209,4,3,0,0,0,0
11/20/2025,17:00:10,0,13,200,442,260,12,209,1,1,0,0,0,0
11/20/2025,17:00:15,0,18,215,444,262,22,209,4,3,0,0,0,0
11/20/2025,17:00:20,0,15,206,442,260,12,210,1,1,0,0,0,0
11/20/2025,17:00:25,0,18,213,443,259,22,209,4,2,0,0,0,0
11/20/2025,17:00:30,0,16,199,440,260,13,209,1,1,0,0,0,0
11/20/2025,17:00:35,0,16,219,444,261,19,208,3,3,0,0,0,0
11/20/2025,17:00:40,0,16,200,441,261,15,210,2,2,0,0,0,0
11/20/2025,17:00:45,0,16,227,444,261,18,210,5,3,0,0,0,0
11/20/2025,17:00:50,0,18,201,441,260,12,208,0,1,0,0,0,0
11/20/2025,17:00:55,0,18,209,444,261,18,209,5,3,0,0,0,0
11/20/2025,17:01:00,0,18,205,440,261,24,210,4,3,0,0,0,0
11/20/2025,17:01:05,0,18,200,442,260,14,209,1,1,0,0,0,0
11/20/2025,17:01:10,0,17,226,441,260,23,210,5,3,0,0,0,0
11/20/2025,17:01:15,0,19,207,442,260,14,210,1,1,0,0,0,0
11/20/2025,17:01:20,0,17,224,443,260,23,209,4,3,0,0,0,0
11/20/2025,17:01:25,0,17,199,442,261,11,210,1,1,0,0,0,-0.0008
11/20/2025,17:01:30,0,17,216,443,260,22,209,4,3,0,0,0,0
11/20/2025,17:01:35,0,17,197,442,260,16,209,1,1,0,0,0,0
11/20/2025,17:01:40,0,17,206,441,261,15,208,2,1,0,0,0,0
11/20/2025,17:01:45,0,16,204,442,258,21,209,5,3,0,0,0,0
11/20/2025,17:01:50,0,18,205,444,260,12,210,1,1,0,0,0,0
11/20/2025,17:01:55,0,18,199,443,260,24,210,4,3,0,0,0,0
11/20/2025,17:02:00,0,14,206,443,260,11,209,1,1,0,0,0,0
11/20/2025,17:02:05,0,18,209,441,260,19,210,4,3,0,0,0,0
11/20/2025,17:02:10,0,17,201,443,261,13,210,2,2,0,0,0,0
11/20/2025,17:02:35,0,18,209,443,260,23,210,4,3,0,0,0,0
11/20/2025,17:02:39,0,17,200,443,260,14,208,1,2,0,0,0,0
11/20/2025,17:02:44,0,17,206,445,259,14,210,3,2,0,0,0,0
11/20/2025,17:02:49,0,18,204,443,260,21,208,4,3,0,0,0,0
11/20/2025,17:02:54,0,19,201,444,259,12,208,1,1,0,0,0,0
11/20/2025,17:02:59,0,14,217,444,261,21,209,2,3,0,0,0,0
11/20/2025,17:03:04,0,17,206,443,261,16,211,3,2,0,0,0,0
11/20/2025,17:03:09,0,15,226,444,260,20,209,4,3,0,0,0,0
11/20/2025,17:03:14,0,18,205,442,260,13,208,1,1,0,0,0,0
11/20/2025,17:03:19,0,16,219,443,261,23,209,4,3,0,0,0,0
11/20/2025,17:03:24,0,16,199,444,260,14,210,1,1,0,0,0,0
11/20/2025,17:03:29,0,17,211,445,259,20,209,4,2,0,0,0,0
11/20/2025,17:03:34,0,17,195,442,259,19,209,2,2,0,0,0,0
11/20/2025,17:03:39,0,18,203,445,260,12,210,2,2,0,0,0,0
11/20/2025,17:03:44,0,15,208,447,259,22,209,4,3,0,0,0,0
11/20/2025,17:03:49,0,18,200,444,260,14,210,1,2,0,0,0,0
11/20/2025,17:03:54,0,17,224,444,260,19,209,4,2,0,0,0,0
11/20/2025,17:03:59,0,16,207,444,260,15,210,1,1,0,0,0,0
11/20/2025,17:04:04,0,14,219,444,260,23,210,5,3,0,0,0,0
11/20/2025,17:04:09,0,18,199,443,259,15,209,1,1,0,0,0,0
11/20/2025,17:04:14,0,16,215,444,261,22,210,5,3,0,0,0,0
11/20/2025,17:04:19,0,17,203,444,259,14,209,1,1,0,0,0,0
11/20/2025,17:04:24,0,16,222,445,260,21,209,4,3,0,0,0,0
11/20/2025,17:04:29,0,17,210,443,260,15,209,1,1,0,0,0,0
11/20/2025,17:04:34,0,18,227,446,261,20,209,3,3,0,0,0,0
11/20/2025,17:04:39,0,16,200,445,261,14,210,3,3,0,0,0,0
11/20/2025,17:04:44,0,15,212,445,259,20,209,4,2,0,0,0,0
11/20/2025,17:04:49,0,16,204,444,261,12,209,1,1,0,0,0,0
11/20/2025,17:04:54,0,16,196,444,260,22,209,3,3,0,0,0,0
11/20/2025,17:04:59,0,16,215,446,260,19,209,4,3,0,0,0,0
11/20/2025,17:05:04,0,16,206,445,261,16,210,2,2,0,0,0,0
11/20/2025,17:05:09,0,13,216,446,259,21,209,4,3,0,0,0,0
11/20/2025,17:05:14,0,16,205,446,260,11,210,1,1,0,0,0,0
11/20/2025,17:05:19,0,17,196,444,260,22,210,3,3,0,0,0,0
11/20/2025,17:05:24,0,18,212,446,258,19,208,5,2,0,0,0,0
11/20/2025,17:05:29,0,18,206,444,260,14,210,1,1,0,0,0,0
11/20/2025,17:05:34,0,24,224,446,260,20,210,3,2,0,0,0,0
11/20/2025,17:05:39,0,18,204,445,260,12,209,1,1,0,0,0,0
11/20/2025,17:05:44,0,16,200,442,260,14,209,0,1,0,0,0,0
11/20/2025,17:05:49,0,16,213,447,258,18,208,4,2,0,0,0,0
11/20/2025,17:05:54,0,18,202,445,261,16,209,1,1,0,0,0,0
11/20/2025,17:05:59,0,19,224,447,260,21,210,3,3,0,0,0,0
11/20/2025,17:06:04,0,18,203,445,260,12,209,1,1,0,0,0,0
11/20/2025,17:06:09,0,18,200,443,259,24,208,3,3,0,0,0,0
11/20/2025,17:06:14,0,17,206,444,260,14,209,3,2,0,0,0,0
11/20/2025,17:06:19,0,18,203,444,260,14,209,1,1,0,0,0,0
11/20/2025,17:06:24,0,18,215,444,260,22,209,4,2,0,0,0,0
11/20/2025,17:06:29,0,19,208,446,260,11,210,2,2,0,0,0,0
11/20/2025,17:06:34,0,16,200,443,260,16,210,2,1,0,0,0,0
11/20/2025,17:06:39,0,18,222,447,260,22,208,5,3,0,0,0,0
11/20/2025,17:06:44,0,19,206,443,260,16,209,1,2,0,0,0,0
11/20/2025,17:06:49,0,20,224,445,259,18,209,3,3,0,0,0,-0.0008
11/20/2025,17:06:54,0,18,204,442,259,15,208,2,2,0,0,0,0
11/20/2025,17:06:59,0,16,226,443,260,18,210,5,3,0,0,0,0
11/20/2025,17:07:04,0,21,207,442,260,15,209,1,2,0,0,0,0
11/20/2025,17:07:09,0,18,225,443,260,21,209,4,3,-0.0008,0,0,0
11/20/2025,17:07:14,0,17,205,442,261,14,209,1,1,0,0,0,0
11/20/2025,17:07:19,0,17,221,444,260,22,208,4,3,0,0,0,0
11/20/2025,17:07:24,0,18,200,442,260,15,210,1,1,0,0,0,0
11/20/2025,17:07:29,0,18,212,444,259,20,209,4,3,0,0,0,0
11/20/2025,17:07:34,0,18,200,443,260,14,208,1,2,0,0,0,0
11/20/2025,17:07:39,0,18,222,444,260,22,209,4,3,0,0,0,0
11/20/2025,17:07:44,0,18,205,442,259,14,208,1,2,0,0,0,0
11/20/2025,17:07:49,0,20,227,443,260,23,208,4,3,0,0,0,0
11/20/2025,17:07:54,0,18,201,443,259,13,209,1,1,0,0,0,0
11/20/2025,17:07:59,0,19,212,443,260,23,209,3,3,0,0,0,0
11/20/2025,17:08:04,0,22,205,443,260,14,208,2,1,0,0,0,0
11/20/2025,17:08:09,0,20,195,442,258,17,208,2,2,0,0,0,0
11/20/2025,17:08:14,0,19,216,444,261,19,209,4,3,0,0,0,0
11/20/2025,17:08:19,0,20,205,441,260,15,208,1,1,0,0,0,0
11/20/2025,17:08:24,0,18,215,444,260,19,209,3,3,0,0,0,0
11/20/2025,17:08:29,0,18,204,443,260,11,210,2,1,0,0,0,0
11/20/2025,17:08:34,0,19,196,442,259,18,209,2,1,0,0,0,-0.0008
11/20/2025,17:08:39,0,19,227,441,260,22,210,6,3,0,0,0,0
11/20/2025,17:08:44,0,18,202,442,261,12,208,1,1,0,0,0,0
11/20/2025,17:08:49,0,20,193,442,260,18,209,1,2,0,0,0,0
11/20/2025,17:08:54,0,19,216,443,260,22,209,4,3,0,0,0,0
11/20/2025,17:08:59,0,19,201,442,261,14,208,1,1,0,0,0,0
11/20/2025,17:09:04,0,19,227,441,260,22,209,4,3,0,0,0,0
11/20/2025,17:09:09,0,19,199,442,260,15,209,2,2,0,0,0,-0.0008
11/20/2025,17:09:14,0,15,211,443,260,20,209,3,3,0,0,0,0
11/20/2025,17:09:19,0,19,205,443,261,13,209,1,1,0,0,0,-0.0008
11/20/2025,17:09:24,0,19,197,441,261,17,209,1,1,0,0,0,0
11/20/2025,17:09:29,0,17,224,442,260,19,209,3,3,0,0,0,0
11/20/2025,17:09:34,0,21,199,440,260,14,209,1,1,0,0,0,-0.0008
11/20/2025,17:09:39,0,20,214,442,261,22,209,4,3,0,0,0,-0.0008
11/20/2025,17:09:44,0,18,207,441,260,13,210,3,2,0,0,0,0
11/20/2025,17:09:49,0,17,205,439,260,14,210,2,1,0,0,0,0
11/20/2025,17:09:54,0,16,209,440,261,23,210,5,3,0,0,0,0
11/20/2025,17:09:59,0,19,214,442,258,19,208,4,2,0,0,0,0
11/20/2025,17:10:04,0,20,202,439,260,14,208,1,2,0,0,0,0
11/20/2025,17:10:09,0,19,196,440,260,18,207,2,2,0,0,0,0
11/20/2025,17:10:14,0,17,222,442,260,19,210,5,3,0,0,0,0
11/20/2025,17:10:19,0,17,199,440,260,14,210,2,2,0,0,0,0
11/20/2025,17:10:24,0,22,204,441,261,22,209,4,2,0,0,0,0
11/20/2025,17:10:29,0,18,216,441,261,20,209,5,3,0,0,0,0
11/20/2025,17:10:34,0,21,199,441,259,14,210,2,2,0,0,0,0
11/20/2025,17:10:39,0,19,195,440,260,19,210,4,2,0,0,0,0
11/20/2025,17:10:44,0,17,221,440,260,20,210,5,3,0,0,0,0
11/20/2025,17:10:49,0,22,201,441,259,14,209,2,1,0,0,0,0
11/20/2025,17:10:54,0,18,196,441,259,17,208,2,1,0,0,0,0
11/20/2025,17:10:59,0,17,223,443,261,17,208,4,2,0,0,0,0
11/20/2025,17:11:04,0,18,207,441,260,13,210,3,2,-0.0008,0,0,0
11/20/2025,17:11:09,0,20,208,439,260,15,208,1,2,0,0,0,0
11/20/2025,17:11:14,0,16,198,442,260,25,210,4,3,0,0,0,0
11/20/2025,17:11:19,0,17,227,443,260,20,210,5,3,0,0,0,0
11/20/2025,17:11:24,0,19,202,440,261,12,209,2,1,0,0,0,0
11/20/2025,17:11:29,0,20,194,441,260,20,209,4,2,0,0,0,0
11/20/2025,17:11:34,0,19,221,444,259,21,209,5,3,0,0,0,0
11/20/2025,17:11:39,0,19,200,440,260,15,209,2,2,0,0,0,0
11/20/2025,17:11:44,0,21,197,442,260,23,209,4,3,0,0,0,0
11/20/2025,17:11:49,0,19,217,442,259,21,209,5,3,0,0,0,0
11/20/2025,17:11:54,0,19,202,442,260,13,210,1,1,0,0,0,0
11/20/2025,17:11:59,0,18,197,441,260,16,209,1,1,0,0,0,0
11/20/2025,17:12:04,0,18,219,441,260,21,207,5,3,0,0,0,0
11/20/2025,17:12:09,0,19,207,442,260,16,210,2,2,0,0,0,0
11/20/2025,17:12:14,0,20,208,440,260,15,209,1,2,0,0,0,0
11/20/2025,17:12:19,0,18,199,440,260,23,209,3,3,0,0,0,0
11/20/2025,17:13:15,0,16,211,440,260,22,209,5,2,0,0,0,0
11/20/2025,17:13:19,0,17,205,439,260,12,209,0,1,0,0,0,-0.0008
11/20/2025,17:14:10,0,19,199,440,261,21,211,5,3,0,0,0,0
11/20/2025,17:14:14,0,18,192,441,260,18,210,3,2,0,0,0,0
11/20/2025,17:14:19,0,18,204,441,260,15,210,2,1,0,0,0,0
11/20/2025,17:14:24,0,22,201,441,260,22,210,5,4,0,0,0,0
11/20/2025,17:14:29,0,12,204,442,261,11,209,1,0,0,0,0,0
11/20/2025,17:14:34,0,14,213,442,260,21,209,3,3,0,0,0,0
11/20/2025,17:14:39,0,14,205,441,260,14,208,1,2,0,0,0,0
11/20/2025,17:14:44,0,16,206,441,260,11,210,2,1,0,0,0,0
11/20/2025,17:14:49,0,16,209,441,260,19,209,4,3,0,0,0,0
11/20/2025,17:14:54,0,15,225,443,260,21,210,5,3,0,0,0,0
11/20/2025,17:14:59,0,20,206,439,260,22,209,4,4,0,0,0,0
11/20/2025,17:15:04,0,15,208,439,260,15,210,2,1,0,0,0,0
11/20/2025,17:15:09,0,16,210,442,260,18,208,4,3,0,0,0,0
11/20/2025,17:15:14,0,14,198,441,260,25,208,4,3,0,0,0,0
11/20/2025,17:15:19,0,17,224,442,260,20,209,4,3,0,0,0,0
11/20/2025,17:15:24,0,17,226,442,260,19,209,4,3,0,0,0,0
11/20/2025,17:15:29,0,18,198,440,260,14,209,1,1,0,0,0,0
11/20/2025,17:15:34,0,18,208,442,260,20,209,3,3,0,0,0,0
11/20/2025,17:15:39,0,16,193,439,260,17,209,2,2,0,0,0,0
11/20/2025,17:15:44,0,16,209,442,261,17,209,3,2,-0.0008,0,0,0
11/20/2025,17:15:49,0,16,193,440,258,19,209,3,2,0,0,0,0
11/20/2025,17:15:54,0,15,203,440,260,10,210,2,2,0,0,0,0
11/20/2025,17:15:59,0,16,223,441,260,18,209,4,2,0,0,0,-0.0008
11/20/2025,17:16:04,0,18,200,438,260,14,208,1,1,0,0,0,0
11/20/2025,17:16:09,0,18,206,442,260,15,210,1,2,0,0,0,0
11/20/2025,17:16:14,0,15,214,441,260,24,210,4,3,0,0,0,0
11/20/2025,17:16:19,0,17,200,440,259,12,210,2,2,0,0,0,0
11/20/2025,17:16:24,0,18,225,442,260,20,209,4,3,0,0,0,0
11/20/2025,17:16:29,0,16,198,439,260,14,209,1,1,0,0,0,0
11/20/2025,17:16:34,0,17,209,442,260,19,209,3,2,0,0,0,0
11/20/2025,17:16:39,0,20,199,440,260,22,209,4,3,0,0,0,0
11/20/2025,17:16:44,0,19,196,437,260,14,210,2,2,0,0,0,0
11/20/2025,17:16:49,0,17,215,441,260,20,209,5,3,0,0,0,0
11/20/2025,17:16:54,0,19,207,442,258,23,209,4,3,0,0,0,0
11/20/2025,17:16:59,0,18,199,440,261,11,209,1,0,0,0,0,0
11/20/2025,17:17:04,0,17,198,440,261,26,209,3,4,0,0,0,0
11/20/2025,17:17:09,0,19,213,442,260,20,209,4,3,0,0,0,0
11/20/2025,17:17:14,0,18,202,437,260,17,209,1,2,0,0,0,0
11/20/2025,17:17:19,0,17,207,441,260,24,210,4,3,0,0,0,0
11/20/2025,17:17:24,0,17,212,441,259,19,209,5,3,0,0,0,0
11/20/2025,17:17:29,0,18,198,438,260,14,210,2,2,0,0,0,0
11/20/2025,17:17:34,0,20,198,438,260,21,209,4,3,0,0,0,0
11/20/2025,17:17:39,0,17,212,441,260,20,209,5,3,0,0,0,0
11/20/2025,17:17:44,0,21,203,437,260,16,210,2,2,0,0,0,0
11/20/2025,17:17:49,0,21,204,440,260,24,209,4,3,0,0,0,0
11/20/2025,17:17:54,0,17,219,441,260,20,209,5,3,0,0,0,0
11/20/2025,17:17:59,0,16,202,439,260,13,208,1,2,0,0,0,0
11/20/2025,17:18:04,0,18,198,440,260,18,210,0,1,0,0,0,0
11/20/2025,17:18:09,0,19,218,443,260,19,209,4,2,0,0,0,0
11/20/2025,17:18:14,0,17,209,443,260,17,210,4,3,0,0,0,0
11/20/2025,17:18:19,0,18,199,440,259,16,209,2,1,0,0,0,0
11/20/2025,17:18:24,0,19,198,439,260,15,208,1,1,0,0,0,0
11/20/2025,17:18:29,0,18,206,440,260,24,210,5,3,0,0,0,0
11/20/2025,17:18:34,0,17,223,442,260,18,209,5,3,0,0,0,0
11/20/2025,17:18:39,0,17,204,441,260,10,209,1,1,0,0,0,0
11/20/2025,17:18:44,0,17,203,437,260,17,210,1,1,0,0,0,0
11/20/2025,17:18:49,0,18,198,439,260,23,208,4,3,0,0,0,0
11/20/2025,17:18:54,0,17,218,441,260,17,210,4,2,0,0,0,0
11/20/2025,17:18:59,0,18,214,442,260,20,210,6,4,0,0,0,0
11/20/2025,17:19:04,0,19,202,438,260,12,210,2,2,0,0,0,0
11/20/2025,17:19:09,0,19,203,439,260,12,210,0,0,0,0,0,0
11/20/2025,17:19:14,0,17,201,440,260,22,208,3,3,0,0,0,0
11/20/2025,17:19:19,0,18,224,442,260,21,209,5,3,0,0,0,0
11/20/2025,17:19:24,0,19,208,441,259,17,210,3,2,0,0,0,0
11/20/2025,17:19:29,0,17,198,440,260,13,210,2,1,0,0,0,0
11/20/2025,17:19:34,0,18,197,441,260,13,210,1,1,0,0,0,0
11/20/2025,17:19:39,0,19,200,441,260,22,210,3,3,0,0,0,0
11/20/2025,17:19:44,0,20,226,443,260,21,208,5,3,0,0,0,0
11/20/2025,17:19:49,0,18,206,443,260,17,209,4,3,0,0,0,0
11/20/2025,17:19:54,0,19,199,441,260,16,209,1,2,0,0,0,0
11/20/2025,17:19:59,0,18,196,441,259,16,208,0,1,0,0,0,0
11/20/2025,17:20:04,0,19,191,442,258,21,208,2,3,0,0,0,0
11/20/2025,17:20:09,0,17,202,442,261,22,209,6,2,0,0,0,0
11/20/2025,17:20:14,0,22,217,443,259,21,210,4,3,0,0,0,0
11/20/2025,17:20:19,0,18,219,442,260,21,208,5,3,0,0,0,0
11/20/2025,17:20:24,0,18,206,442,261,17,208,3,2,0,0,0,0
11/20/2025,17:20:29,0,16,201,441,260,15,210,2,1,0,0,0,0
11/20/2025,17:20:34,0,18,207,440,259,14,208,1,1,0,0,0,0
11/20/2025,17:20:39,0,18,193,441,260,17,210,1,1,0,0,0,0
11/20/2025,17:20:44,0,17,215,440,260,19,210,4,3,0,0,0,0
11/20/2025,17:20:49,0,17,220,443,260,20,210,5,3,0,0,0,0
11/20/2025,17:20:54,0,17,209,441,260,19,209,4,3,0,0,0,0
11/20/2025,17:20:59,0,14,201,441,260,11,211,1,1,0,0,0,0
11/20/2025,17:21:04,0,20,206,440,260,15,210,1,1,0,0,0,0
11/20/2025,17:21:09,0,17,199,440,260,15,209,0,1,0,0,0,0
11/20/2025,17:21:14,0,17,207,440,260,22,208,5,3,0,0,0,0
11/20/2025,17:21:19,0,19,226,441,260,20,208,4,3,0,0,0,0
11/20/2025,17:21:24,0,18,206,442,261,17,209,4,1,0,0,0,0
11/20/2025,17:21:29,0,17,197,440,260,14,209,1,1,0,0,0,-0.0008
11/20/2025,17:21:34,0,18,196,440,259,16,209,0,1,0,0,0,0
11/20/2025,17:21:39,0,23,209,443,260,22,210,5,3,0,0,0,0
11/20/2025,17:21:44,0,21,227,443,260,19,209,5,3,0,0,0,0
11/20/2025,17:21:49,0,19,209,442,260,17,210,4,3,0,0,0,0
11/20/2025,17:21:54,0,19,202,440,260,14,210,1,2,0,0,0,0
11/20/2025,17:21:59,0,20,205,441,260,15,209,1,1,0,0,0,0
11/20/2025,17:22:04,0,19,195,440,260,18,209,1,1,0,0,0,0
11/20/2025,17:22:09,0,19,213,442,259,23,210,5,3,0,0,0,-0.0008
11/20/2025,17:22:14,0,18,219,442,259,20,208,5,3,0,0,0,0
11/20/2025,17:22:19,0,17,205,442,260,14,210,2,2,0,0,0,0
11/20/2025,17:22:24,0,19,202,439,260,13,210,2,2,0,0,0,0
11/20/2025,17:22:29,0,18,203,441,259,13,209,0,1,0,0,0,0
11/20/2025,17:22:58,0,19,209,441,260,19,210,3,3,0,0,0,0
11/20/2025,17:23:01,0,19,216,442,261,19,209,4,3,0,0,0,0
11/20/2025,17:23:06,0,19,207,443,260,16,211,3,2,0,0,0,0
11/20/2025,17:23:11,0,17,204,442,260,14,210,2,1,0,0,0,0
11/20/2025,17:23:16,0,19,202,441,260,15,210,2,1,0,0,0,0
11/20/2025,17:23:21,0,18,196,440,260,12,210,2,2,0,0,0,0
11/20/2025,17:23:26,0,17,205,440,260,13,210,0,1,0,0,0,0
11/20/2025,17:23:31,0,18,198,438,260,17,211,1,1,0,0,0,0
11/20/2025,17:23:36,0,15,198,440,260,26,210,4,4,0,0,0,0
11/20/2025,17:23:41,0,14,209,442,260,23,208,5,3,0,0,0,0
11/20/2025,17:23:46,0,18,217,443,260,19,211,4,3,0,0,0,0
11/20/2025,17:23:51,0,17,225,443,261,20,208,5,1,0,0,0,0
11/20/2025,17:23:56,0,17,221,443,260,19,210,5,3,0,0,0,0
11/20/2025,17:24:01,0,18,213,442,260,21,209,4,3,0,0,0,0
11/20/2025,17:24:06,0,18,206,441,260,17,210,4,2,0,0,0,0
11/20/2025,17:24:11,0,17,204,441,260,12,209,2,1,0,0,0,0
11/20/2025,17:24:16,0,17,200,441,259,13,209,1,1,0,0,0,0
11/20/2025,17:24:21,0,16,200,441,260,20,209,1,2,0,0,0,0
11/20/2025,17:24:26,0,16,202,440,259,16,211,1,1,0,0,0,0
11/20/2025,17:24:31,0,16,198,441,259,17,210,1,1,0,0,0,0
11/20/2025,17:24:36,0,18,196,441,259,17,209,1,1,0,0,0,0
11/20/2025,17:24:41,0,18,191,441,260,17,209,2,2,0,0,0,0
11/20/2025,17:24:46,0,19,203,441,260,23,209,4,3,0,0,0,0
11/20/2025,17:24:51,0,18,211,440,260,22,210,5,3,0,0,0,0
11/20/2025,17:24:56,0,18,219,443,259,19,209,4,3,0,0,0,0
11/20/2025,17:25:01,0,17,224,443,260,20,208,4,3,0,0,0,0
11/20/2025,17:25:06,0,17,218,442,261,21,208,5,3,0,0,0,0
11/20/2025,17:25:11,0,16,211,443,258,19,209,4,3,0,0,0,0
11/20/2025,17:25:16,0,18,207,443,260,17,211,3,2,0,0,0,0
11/20/2025,17:25:21,0,18,206,442,259,15,211,3,2,0,0,0,0
11/20/2025,17:25:26,0,18,204,442,258,14,208,2,1,0,0,0,0
11/20/2025,17:25:31,0,18,202,442,260,12,208,2,1,0,0,0,0
11/20/2025,17:25:36,0,18,197,441,260,16,210,3,1,0,0,0,0
11/20/2025,17:25:41,0,18,199,439,260,17,210,1,1,0,0,0,0
11/20/2025,17:25:46,0,19,198,441,260,17,210,1,1,0,0,0,0
11/20/2025,17:25:51,0,17,197,441,260,16,210,1,1,0,0,0,0
11/20/2025,17:25:56,0,17,193,441,259,21,209,2,2,0,0,0,0
11/20/2025,17:26:01,0,18,218,443,259,22,210,4,2,0,0,0,0
11/20/2025,17:26:06,0,18,195,441,260,25,208,5,3,0,0,0,0
11/20/2025,17:26:11,0,18,209,442,259,18,209,4,3,0,0,0,0
11/20/2025,17:26:16,0,17,205,441,260,17,209,3,2,0,0,0,0
11/20/2025,17:26:21,0,18,198,441,259,15,211,2,2,0,0,0,0
11/20/2025,17:26:26,0,17,194,439,260,19,210,2,2,0,0,0,0
11/20/2025,17:26:31,0,16,223,440,260,21,210,5,3,0,0,0,0
11/20/2025,17:26:36,0,19,209,443,260,19,208,4,3,0,0,0,0
11/20/2025,17:26:41,0,18,202,442,260,11,210,2,1,0,0,0,0
11/20/2025,17:26:46,0,18,200,441,260,15,207,1,1,0,0,0,0
11/20/2025,17:26:51,0,19,226,443,260,22,210,4,3,0,0,0,0
11/20/2025,17:26:56,0,18,201,441,259,12,211,2,1,0,0,0,0
11/20/2025,17:27:01,0,18,197,442,258,15,209,1,1,0,0,0,0
11/20/2025,17:27:06,0,17,218,444,260,20,209,4,2,0,0,0,0
11/20/2025,17:27:11,0,17,205,443,260,16,208,3,2,0,0,0,0
11/20/2025,17:27:16,0,17,201,439,260,15,210,1,1,0,0,0,0
11/20/2025,17:27:21,0,16,215,443,260,23,210,4,2,0,-0.0008,0,0
11/20/2025,17:27:26,0,18,204,440,260,9,210,2,1,0,0,0,0
11/20/2025,17:27:31,0,16,196,439,260,17,210,1,1,0,0,0,0
11/20/2025,17:27:36,0,19,222,443,260,23,209,4,3,0,0,0,0
11/20/2025,17:27:41,0,17,200,442,259,17,210,2,2,0,0,0,0
11/20/2025,17:27:46,0,18,213,443,259,19,209,4,3,0,0,0,0
11/20/2025,17:27:51,0,20,203,443,259,11,210,2,2,0,0,0,0
11/20/2025,17:27:56,0,18,195,441,260,19,208,2,2,0,0,0,0
11/20/2025,17:28:01,0,17,209,440,260,20,210,5,3,0,0,0,0
11/20/2025,17:28:06,0,17,197,441,260,17,209,2,1,0,0,0,0
11/20/2025,17:28:11,0,18,207,442,259,17,209,3,2,0,0,0,0
11/20/2025,17:28:16,0,20,200,440,260,24,210,4,3,0,0,0,0
11/20/2025,17:28:21,0,19,206,442,260,14,211,2,1,0,0,0,0
11/20/2025,17:28:26,0,17,200,442,259,25,209,4,4,0,0,0,0
11/20/2025,17:28:31,0,18,205,443,259,16,209,2,2,0,0,0,0
11/20/2025,17:28:36,0,18,194,440,260,19,211,2,2,0,0,0,0
11/20/2025,17:28:41,0,18,205,441,260,17,210,3,2,0,0,0,0
11/20/2025,17:28:46,0,17,192,442,260,19,211,3,3,0,0,0,0
11/20/2025,17:28:51,0,18,207,441,260,19,211,4,3,0,0,0,0
11/20/2025,17:28:56,0,18,199,442,260,14,210,1,1,0,0,0,0
11/20/2025,17:29:01,0,19,225,444,259,22,210,5,3,0,0,0,0
11/20/2025,17:29:06,0,18,201,441,259,14,209,2,1,0,0,0,0
11/20/2025,17:29:11,0,19,206,442,259,26,210,5,3,0,0,0,0
11/20/2025,17:29:16,0,16,204,442,259,12,209,2,1,0,0,0,0
11/20/2025,17:29:21,0,16,192,440,260,21,210,3,3,0,0,0,0
11/20/2025,17:29:26,0,18,213,442,260,20,210,5,3,0,0,0,0
11/20/2025,17:29:31,0,18,207,436,260,15,211,1,1,0,0,0,0
11/20/2025,17:29:36,0,22,209,440,259,24,209,4,4,0,0,0,0
11/20/2025,17:29:41,0,18,212,440,259,19,210,5,3,0,0,0,0
11/20/2025,17:29:46,0,19,199,438,261,16,209,2,1,0,0,0,0
11/20/2025,17:29:51,0,17,204,439,259,25,210,4,3,0,0,0,0
11/20/2025,17:29:56,0,18,211,440,259,19,211,6,4,0,0,0,0
11/20/2025,17:30:01,0,16,207,438,259,16,208,1,2,0,0,0,0
11/20/2025,17:30:06,0,16,206,439,258,24,209,5,2,0,0,0,0
11/20/2025,17:30:11,0,17,216,441,260,20,210,5,3,0,0,0,0
11/20/2025,17:30:16,0,18,199,437,260,16,211,2,1,0,0,0,-0.0008
11/20/2025,17:30:21,0,18,193,440,258,20,208,2,2,0,0,0,0
11/20/2025,17:30:26,0,17,219,441,260,21,210,5,3,0,0,0,0
11/20/2025,17:30:31,0,16,196,439,260,15,210,2,2,0,0,0,0
11/20/2025,17:30:36,0,18,202,440,260,23,211,5,3,0,0,0,0
11/20/2025,17:30:41,0,16,215,441,260,21,210,4,3,0,0,0,0
11/20/2025,17:30:46,0,17,204,437,257,18,209,1,1,0,0,0,0
11/20/2025,17:30:51,0,20,212,440,259,25,210,5,2,0,0,0,0
11/20/2025,17:30:56,0,16,201,440,260,13,210,2,1,0,0,0,0
11/20/2025,17:31:01,0,18,191,440,260,18,210,2,2,0,0,0,0
11/20/2025,17:31:06,0,17,207,442,260,19,210,4,3,0,0,0,0
11/20/2025,17:31:11,0,18,196,439,260,16,209,1,1,0,0,0,0
11/20/2025,17:31:16,0,17,215,441,260,24,210,5,3,0,0,0,0
11/20/2025,17:31:21,0,18,198,440,259,13,210,1,1,0,0,0,0
11/20/2025,17:31:26,0,17,212,442,259,22,209,4,3,0,0,0,0
11/20/2025,17:31:31,0,17,192,438,260,18,210,3,2,0,0,0,0
11/20/2025,17:31:36,0,16,200,442,260,14,210,2,1,0,0,0,0
11/20/2025,17:31:41,0,16,223,441,260,24,211,6,3,0,0,0,0
11/20/2025,17:31:46,0,17,193,438,260,23,210,3,3,0,0,0,0
11/20/2025,17:31:51,0,19,199,441,260,15,209,1,1,0,0,0,0
11/20/2025,17:31:56,0,18,205,443,260,20,209,3,2,0,0,0,0
11/20/2025,17:32:01,0,17,219,443,260,21,210,4,2,0,0,0,0
11/20/2025,17:32:06,0,17,195,442,260,16,211,1,1,0,0,0,0
11/20/2025,17:32:11,0,17,201,442,259,14,209,0,1,0,0,0,0
11/20/2025,17:32:16,0,18,216,444,259,24,210,6,4,0,0,0,0
11/20/2025,17:32:21,0,19,210,442,259,23,209,4,3,0,0,0,0
11/20/2025,17:32:26,0,18,198,442,260,14,209,0,1,0,0,0,0
11/20/2025,17:32:31,0,17,198,440,260,16,210,2,2,0,0,0,0
11/20/2025,17:32:36,0,18,206,443,259,20,209,4,3,0,0,0,0
11/20/2025,17:32:41,0,18,212,443,259,21,210,4,3,0,0,0,0
11/20/2025,17:33:30,0,18,200,441,260,19,210,4,2,0,0,0,0
11/20/2025,17:33:32,0,21,200,441,260,11,210,2,2,0,0,0,0
11/20/2025,17:33:37,0,16,215,443,259,22,208,5,3,0,0,0,0
11/20/2025,17:33:42,0,17,188,441,259,20,210,4,2,0,0,0,0
11/20/2025,17:33:47,0,19,201,441,260,16,209,2,1,0,0,0,0
11/20/2025,17:33:52,0,19,217,440,260,23,209,5,3,0,0,0,0
11/20/2025,17:33:57,0,18,194,441,260,18,211,2,2,0,0,0,0
11/20/2025,17:34:02,0,17,203,443,260,14,209,3,2,0,0,0,0
11/20/2025,17:34:07,0,16,211,439,260,23,210,6,3,0,0,0,0
11/20/2025,17:34:12,0,18,203,440,259,15,210,2,1,0,0,0,0
11/20/2025,17:34:17,0,18,214,442,258,21,209,5,3,0,0,0,0
11/20/2025,17:34:22,0,18,192,441,259,19,209,3,3,0,0,0,0
11/20/2025,17:34:27,0,19,202,441,259,13,211,2,1,0,0,0,0
11/20/2025,17:34:32,0,19,201,442,259,24,210,5,3,0,0,0,0
11/20/2025,17:34:37,0,15,203,442,259,11,209,3,1,0,0,0,-0.0008
11/20/2025,17:34:42,0,17,215,441,260,22,210,5,3,0,0,0,0
11/20/2025,17:34:47,0,19,205,442,259,16,209,1,2,0,0,0,0
11/20/2025,17:34:52,0,18,214,442,259,25,210,5,3,-0.0008,0,0,0
11/20/2025,17:34:57,0,18,195,442,260,17,209,1,1,0,0,0,0
11/20/2025,17:35:02,0,19,204,443,260,16,209,2,2,0,0,0,0
11/20/2025,17:35:07,0,17,193,442,259,24,209,3,3,0,0,0,0
11/20/2025,17:35:12,0,17,202,443,259,14,209,2,1,0,0,0,0
11/20/2025,17:35:17,0,20,197,443,258,23,210,4,3,0,0,0,0
11/20/2025,17:35:22,0,17,203,443,260,17,210,4,2,0,0,0,0
11/20/2025,17:35:27,0,18,193,441,259,17,210,1,1,0,0,0,0
11/20/2025,17:35:32,0,17,224,442,260,25,209,5,3,0,0,0,0
11/20/2025,17:35:37,0,16,201,442,259,14,210,1,1,0,0,0,0
11/20/2025,17:35:42,0,17,197,441,259,21,209,4,3,0,0,0,0
11/20/2025,17:35:47,0,18,216,443,259,23,210,6,4,0,0,0,0
11/20/2025,17:35:52,0,18,203,441,260,17,211,2,2,0,0,0,0
11/20/2025,17:35:57,0,20,209,443,259,23,209,4,4,0,0,0,0
11/20/2025,17:36:02,0,18,205,441,260,17,209,2,2,0,0,0,0
11/20/2025,17:36:07,0,18,198,442,260,14,209,1,1,0,0,0,0
11/20/2025,17:36:12,0,16,220,443,259,25,210,4,3,0,0,0,0
11/20/2025,17:36:17,0,17,201,441,259,14,210,0,0,0,0,0,0
11/20/2025,17:36:22,0,17,217,443,259,24,210,5,3,0,0,0,0
11/20/2025,17:36:27,0,17,197,443,257,16,209,1,0,0,0,0,0
11/20/2025,17:36:32,0,17,207,444,260,20,211,4,2,0,0,0,0
11/20/2025,17:36:37,0,18,200,441,259,27,209,4,3,0,0,0,0
11/20/2025,17:36:42,0,17,199,441,259,14,209,1,1,0,0,0,0
11/20/2025,17:36:47,0,18,224,445,260,24,209,5,3,0,0,0,0
11/20/2025,17:36:52,0,16,195,441,259,18,210,2,1,0,0,0,0
11/20/2025,17:36:57,0,13,204,442,259,17,209,1,1,0,0,0,0
11/20/2025,17:37:02,0,18,201,442,259,17,209,1,1,0,0,0,0
11/20/2025,17:37:07,0,14,202,442,259,17,209,1,1,0,0,0,0
11/20/2025,17:37:12,0,16,197,442,259,18,208,1,1,0,0,0,0
11/20/2025,17:37:17,0,15,203,440,259,18,211,1,1,0,0,0,0
11/20/2025,17:37:22,0,17,196,442,259,17,210,1,1,0,0,0,0
11/20/2025,17:37:27,0,13,204,443,259,26,209,3,3,0,0,0,0
11/20/2025,17:37:32,0,15,220,444,257,20,210,5,3,0,0,0,0
11/20/2025,17:37:37,0,16,210,443,259,20,209,4,3,0,0,0,0
11/20/2025,17:37:42,0,16,197,442,258,15,209,2,2,0,0,0,0
11/20/2025,17:37:47,0,14,204,442,260,24,211,5,3,0,0,0,0
11/20/2025,17:37:52,0,16,208,444,258,21,209,5,2,0,0,0,0
11/20/2025,17:37:57,0,17,202,441,259,15,208,0,1,0,0,0,0
11/20/2025,17:38:02,0,16,216,443,258,21,210,4,3,0,0,0,0
11/20/2025,17:38:07,0,13,201,442,259,16,210,2,1,0,0,0,0
11/20/2025,17:38:12,0,17,197,441,260,17,210,1,1,0,0,0,0
11/20/2025,17:38:17,0,16,226,441,260,24,210,5,3,0,0,0,0
11/20/2025,17:38:22,0,17,201,442,260,12,210,2,1,0,0,0,0
11/20/2025,17:38:27,0,17,196,441,259,16,210,1,1,0,0,0,0
11/20/2025,17:38:32,0,19,221,441,259,24,209,5,2,0,0,0,0
11/20/2025,17:38:37,0,19,203,442,261,13,209,2,1,0,0,0,0
11/20/2025,17:38:42,0,17,196,441,259,16,211,1,1,0,0,0,0
11/20/2025,17:38:47,0,20,210,442,259,25,209,3,3,0,0,0,0
11/20/2025,17:38:52,0,16,218,443,259,22,210,5,3,0,0,0,-0.0008
11/20/2025,17:38:57,0,16,204,443,259,15,210,3,2,0,0,0,0
11/20/2025,17:39:02,0,17,202,442,259,13,209,2,1,0,0,0,0
11/20/2025,17:39:07,0,16,198,442,260,16,210,2,2,0,0,0,0
11/20/2025,17:39:12,0,21,202,442,260,17,210,2,2,0,0,0,0
11/20/2025,17:39:17,0,16,202,439,259,16,209,1,1,0,0,0,0
11/20/2025,17:39:22,0,17,201,442,258,18,209,0,1,0,0,0,0
11/20/2025,17:39:27,0,16,201,442,261,16,209,0,1,0,0,0,0
11/20/2025,17:39:32,0,16,194,442,259,18,208,1,2,0,0,0,0
11/20/2025,17:39:37,0,17,207,444,258,25,209,4,3,0,0,0,0
11/20/2025,17:39:42,0,16,220,444,259,22,209,5,3,0,0,0,0
11/20/2025,17:39:47,0,14,202,441,260,15,211,2,1,0,0,0,0
11/20/2025,17:39:52,0,17,207,443,259,18,211,2,2,0,0,0,0
11/20/2025,17:39:57,0,17,192,443,259,19,209,2,2,0,0,0,0
11/20/2025,17:40:02,0,16,209,444,260,23,210,5,3,0,0,0,0
11/20/2025,17:40:07,0,17,223,444,259,23,210,5,3,0,0,0,0
11/20/2025,17:40:12,0,16,207,445,260,18,209,3,2,0,0,0,0
11/20/2025,17:40:17,0,16,202,443,259,17,210,2,1,0,0,0,0
11/20/2025,17:40:22,0,16,204,442,258,17,209,2,1,0,0,0,0
11/20/2025,17:40:27,0,16,205,443,259,19,210,2,2,0,0,0,0
11/20/2025,17:40:32,0,15,195,444,259,18,211,2,2,0,0,0,0
11/20/2025,17:40:37,0,17,202,444,259,16,209,3,2,0,0,0,0
11/20/2025,17:40:42,0,16,224,445,259,22,210,4,3,0,0,0,0
11/20/2025,17:40:47,0,17,191,443,259,22,209,3,3,0,0,0,-0.0008
11/20/2025,17:40:52,0,17,203,441,260,17,210,1,1,0,0,0,0
11/20/2025,17:40:57,0,16,199,443,259,18,210,1,1,0,0,0,0
11/20/2025,17:41:02,0,18,205,443,260,18,208,1,1,0,0,0,0
11/20/2025,17:41:07,0,16,198,443,259,17,210,0,1,0,0,0,0
11/20/2025,17:41:12,0,18,209,443,260,25,210,5,3,0,0,0,0
11/20/2025,17:41:17,0,17,207,444,259,20,210,5,3,0,0,0,0
11/20/2025,17:41:22,0,18,204,444,261,16,210,1,1,0,0,0,0
11/20/2025,17:41:27,0,14,209,443,259,27,210,4,3,0,0,0,0
11/20/2025,17:41:32,0,17,210,445,260,20,210,5,3,0,0,0,0
11/20/2025,17:41:37,0,14,206,443,259,18,209,2,2,0,0,0,0
11/20/2025,17:41:42,0,16,207,445,259,24,209,5,2,0,0,0,0
11/20/2025,17:41:47,0,16,216,443,259,23,208,5,3,0,0,0,0
11/20/2025,17:41:52,0,17,201,444,259,13,208,2,1,0,0,0,0
11/20/2025,17:41:57,0,18,199,443,259,17,209,1,2,0,0,0,0
11/20/2025,17:42:02,0,17,194,443,259,20,208,1,1,0,0,0,0
11/20/2025,17:42:07,0,18,213,446,258,26,209,4,3,0,0,0,0
11/20/2025,17:42:12,0,17,213,445,259,22,210,5,3,0,0,0,0
11/20/2025,17:42:17,0,14,198,443,259,16,210,2,2,0,0,0,0
11/20/2025,17:42:22,0,17,194,441,259,19,211,2,1,0,0,0,0
11/20/2025,17:42:27,0,17,219,445,259,21,209,5,2,0,0,0,-0.0008
11/20/2025,17:42:32,0,17,202,446,259,13,210,2,2,0,0,0,0
11/20/2025,17:42:37,0,16,202,444,259,19,210,1,1,0,0,0,0
11/20/2025,17:42:42,0,16,217,445,259,21,210,4,2,0,0,0,0
11/20/2025,17:42:47,0,13,201,445,259,14,211,2,1,0,0,0,-0.0008
11/20/2025,17:42:52,0,17,196,444,259,19,210,2,2,0,0,0,0
11/20/2025,17:43:37,0,17,200,444,259,19,210,3,2,0,0,0,0
11/20/2025,17:43:41,0,19,202,444,258,17,209,1,1,0,0,0,0
11/20/2025,17:43:46,0,18,218,445,259,24,210,4,2,0,0,0,0
11/20/2025,17:43:51,0,17,203,444,259,15,210,2,1,0,0,0,0
11/20/2025,17:43:56,0,17,196,442,259,18,210,1,1,0,0,0,0
11/20/2025,17:44:01,0,18,210,444,259,27,208,4,3,0,0,0,0
11/20/2025,17:44:06,0,18,218,443,259,24,210,5,3,0,0,0,0
11/20/2025,17:44:11,0,20,202,444,259,15,210,2,1,0,0,0,0
11/20/2025,17:44:16,0,18,199,443,259,17,209,1,1,0,0,0,-0.0008
11/20/2025,17:44:21,0,17,195,444,258,19,208,1,1,0,0,0,0
11/20/2025,17:44:26,0,16,198,444,258,26,208,5,2,0,0,0,0
11/20/2025,17:44:31,0,16,213,443,259,24,209,4,3,0,0,0,0
11/20/2025,17:44:36,0,18,223,445,259,23,210,5,3,0,0,0,0
11/20/2025,17:44:41,0,17,206,445,260,20,209,4,3,0,0,0,-0.0008
11/20/2025,17:44:46,0,16,202,444,259,16,209,2,1,0,0,0,0
11/20/2025,17:44:51,0,17,201,443,259,16,210,2,2,0,0,0,0
11/20/2025,17:44:56,0,16,198,442,259,18,211,2,2,0,0,0,0
11/20/2025,17:45:01,0,17,203,441,259,18,209,2,2,0,0,0,0
11/20/2025,17:45:06,0,19,199,443,259,19,209,1,2,0,0,0,0
11/20/2025,17:45:11,0,17,198,440,259,19,209,1,1,0,0,0,0
11/20/2025,17:45:16,0,15,200,442,259,17,209,2,1,0,0,0,0
11/20/2025,17:45:21,0,18,200,442,258,17,209,2,1,0,0,0,0
11/20/2025,17:45:26,0,14,204,439,260,19,210,2,2,0,0,0,0
11/20/2025,17:45:31,0,18,195,440,260,18,211,2,1,0,0,0,0
11/20/2025,17:45:36,0,18,216,443,259,23,210,5,3,0,0,0,0
11/20/2025,17:45:41,0,18,206,441,260,21,209,4,3,0,0,0,0
11/20/2025,17:45:46,0,19,206,441,259,20,210,2,2,0,0,0,0
11/20/2025,17:45:51,0,18,210,442,259,22,209,4,3,0,0,0,0
11/20/2025,17:45:56,0,16,208,442,259,21,210,4,3,0,0,0,0
11/20/2025,17:46:01,0,19,199,439,259,21,208,3,2,0,0,0,0
11/20/2025,17:46:06,0,18,194,440,259,20,209,2,2,0,0,0,0
11/20/2025,17:46:11,0,17,219,442,259,22,210,4,3,0,0,0,0
11/20/2025,17:46:16,0,15,212,441,259,26,210,6,3,0,0,0,0
11/20/2025,17:46:21,0,19,201,440,259,18,210,1,1,0,0,0,0
11/20/2025,17:46:26,0,23,215,442,258,26,209,4,2,0,0,0,0
11/20/2025,17:46:31,0,18,204,441,259,18,209,3,2,0,0,0,0
11/20/2025,17:46:36,0,18,202,440,258,17,209,0,1,0,0,0,0
11/20/2025,17:46:41,0,19,207,441,260,24,210,5,3,0,0,0,0
11/20/2025,17:46:46,0,18,213,441,260,21,210,5,3,0,0,0,0
11/20/2025,17:46:51,0,18,196,440,258,19,209,2,2,0,0,0,0
11/20/2025,17:46:56,0,18,200,440,258,26,209,4,3,0,0,0,0
11/20/2025,17:47:01,0,18,219,441,258,23,209,5,3,0,0,0,0
11/20/2025,17:47:06,0,17,199,439,259,15,209,1,1,0,0,0,0
11/20/2025,17:47:11,0,17,197,439,259,21,209,1,1,0,0,0,0
11/20/2025,17:47:16,0,19,217,441,259,27,209,4,2,0,0,0,0
11/20/2025,17:47:21,0,18,203,440,259,17,209,3,2,0,0,0,0
11/20/2025,17:47:26,0,18,202,439,259,16,210,1,1,0,0,0,-0.0008
11/20/2025,17:47:31,0,18,212,441,259,26,210,4,2,0,0,0,0
11/20/2025,17:47:36,0,17,204,442,259,16,210,3,2,0,0,0,0
11/20/2025,17:47:41,0,16,201,440,259,17,209,0,1,0,0,0,0
11/20/2025,17:47:46,0,21,209,441,260,24,210,5,3,0,0,0,0
11/20/2025,17:47:51,0,17,209,442,259,23,210,5,3,0,0,0,0
11/20/2025,17:47:56,0,17,206,439,259,19,208,1,1,0,0,0,0
11/20/2025,17:48:01,0,19,212,441,260,24,210,5,3,0,0,0,0
11/20/2025,17:48:06,0,18,205,441,257,17,209,2,2,0,0,0,0
11/20/2025,17:48:11,0,16,200,438,259,17,211,2,2,0,0,0,0
11/20/2025,17:48:16,0,17,194,439,259,20,209,1,1,0,0,0,0
11/20/2025,17:48:21,0,22,215,440,259,23,210,4,3,0,0,0,0
11/20/2025,17:48:26,0,19,210,440,258,21,209,4,3,0,0,0,0
11/20/2025,17:48:31,0,17,205,440,258,19,209,2,2,0,0,0,0
11/20/2025,17:48:36,0,15,209,442,258,25,209,5,3,0,0,0,0
11/20/2025,17:48:41,0,16,207,441,260,20,210,4,2,0,0,0,0
11/20/2025,17:48:46,0,18,203,441,259,17,210,1,1,0,0,0,0
11/20/2025,17:48:51,0,16,213,442,259,26,209,4,3,0,0,0,0
11/20/2025,17:48:56,0,17,203,442,259,17,209,3,2,0,0,0,0
11/20/2025,17:49:01,0,18,204,439,259,17,208,1,1,0,0,0,0
11/20/2025,17:49:06,0,19,207,441,260,28,210,4,3,0,0,0,0
11/20/2025,17:49:11,0,16,212,443,258,23,208,5,3,0,0,0,0
11/20/2025,17:49:16,0,15,197,441,259,18,209,2,1,0,0,0,0
11/20/2025,17:49:21,0,17,190,441,259,23,208,3,3,0,0,0,0
11/20/2025,17:49:26,0,17,223,443,260,24,209,5,3,0,0,0,0
11/20/2025,17:49:31,0,19,202,441,259,16,209,2,1,0,0,0,0
11/20/2025,17:49:36,0,18,197,439,259,18,211,1,1,0,0,-0.0008,0
11/20/2025,17:49:41,0,15,224,443,259,25,209,4,3,0,0,0,0
11/20/2025,17:49:46,0,16,201,442,258,16,209,1,1,0,0,0,0
11/20/2025,17:49:51,0,18,193,441,259,22,209,1,1,0,0,0,0
11/20/2025,17:49:56,0,18,220,443,258,26,209,5,3,0,0,0,0
11/20/2025,17:50:01,0,16,196,441,259,18,210,2,2,0,0,0,0
11/20/2025,17:50:06,0,20,205,442,259,26,209,4,3,0,0,0,0
11/20/2025,17:50:11,0,17,208,443,259,21,210,4,3,0,0,0,0
11/20/2025,17:50:16,0,18,204,443,260,17,209,0,1,0,0,0,0
11/20/2025,17:50:21,0,19,206,443,259,26,210,5,3,0,0,0,0
11/20/2025,17:50:26,0,19,213,443,259,25,210,5,3,0,0,0,0
11/20/2025,17:50:31,0,16,199,441,259,18,210,2,1,0,0,0,0
11/20/2025,17:50:36,0,18,205,443,259,27,209,5,3,0,0,0,0
11/20/2025,17:50:41,0,19,206,444,259,22,209,4,3,0,0,0,0
11/20/2025,17:50:46,0,19,200,442,257,17,209,1,1,0,0,0,0
11/20/2025,17:50:51,0,18,215,444,259,24,210,4,2,0,0,0,0
11/20/2025,17:50:56,0,18,205,445,257,19,208,3,2,0,0,0,0
11/20/2025,17:51:01,0,17,205,443,259,18,211,2,1,0,0,0,0
11/20/2025,17:51:06,0,15,202,443,258,28,209,5,3,0,0,0,0
11/20/2025,17:51:11,0,17,218,445,259,25,210,6,3,0,0,0,0
11/20/2025,17:51:16,0,17,200,443,259,18,210,2,1,0,0,0,0
11/20/2025,17:51:21,0,17,194,443,259,21,209,1,1,0,0,0,0
11/20/2025,17:51:26,0,18,214,444,259,25,209,5,3,0,0,0,0
11/20/2025,17:51:31,0,17,197,440,259,19,210,1,1,0,0,0,0
11/20/2025,17:52:21,0,19,203,444,259,28,210,3,2,0,0,0,0
11/20/2025,17:52:25,0,15,211,446,259,27,208,5,3,0,0,0,0
11/20/2025,17:52:30,0,15,207,446,259,23,209,5,3,0,0,0,-0.0008
11/20/2025,17:52:35,0,16,202,444,259,19,209,2,2,0,0,0,0
11/20/2025,17:52:40,0,15,191,445,259,23,210,2,2,0,0,0,0
11/20/2025,17:52:45,0,16,216,446,259,24,208,4,3,0,0,0,0
11/20/2025,17:52:50,0,15,211,447,259,24,211,5,3,0,-0.0008,0,0
11/20/2025,17:52:55,0,16,199,445,259,19,209,2,2,0,0,0,0
11/20/2025,17:53:00,0,15,193,442,259,22,210,3,2,0,0,0,0
11/20/2025,17:53:05,0,15,217,448,259,25,210,5,3,0,0,0,0
11/20/2025,17:53:10,0,15,198,444,259,20,209,2,1,0,0,0,0
11/20/2025,17:53:15,0,15,209,446,259,24,210,4,3,0,0,0,0
11/20/2025,17:53:20,0,14,204,444,259,19,211,3,1,0,0,0,0
11/20/2025,17:53:25,0,15,198,441,259,19,209,1,1,0,0,0,0
11/20/2025,17:53:30,0,13,217,446,259,27,210,6,3,0,0,0,0
11/20/2025,17:53:35,0,18,205,444,259,17,210,1,1,0,0,0,0
11/20/2025,17:53:40,0,20,224,446,259,24,209,4,3,0,0,0,0
11/20/2025,17:53:45,0,16,198,444,259,17,209,2,1,0,0,0,0
11/20/2025,17:53:50,0,15,208,445,259,23,210,5,3,0,0,0,0
11/20/2025,17:53:55,0,17,203,445,259,16,209,2,1,0,0,0,0
11/20/2025,17:54:00,0,17,195,444,257,20,209,2,2,0,0,0,0
11/20/2025,17:54:05,0,18,210,445,259,22,210,5,3,0,0,0,0
11/20/2025,17:54:10,0,16,196,442,259,21,210,2,1,0,0,0,0
11/20/2025,17:54:15,0,17,206,444,259,23,209,4,3,0,0,0,0
11/20/2025,17:54:20,0,18,194,443,259,24,209,4,3,0,0,0,0
11/20/2025,17:54:25,0,15,205,444,259,17,209,2,1,0,0,0,0
11/20/2025,17:54:30,0,18,203,444,259,25,209,4,3,0,0,0,0
11/20/2025,17:54:35,0,18,202,443,258,16,209,2,1,0,0,0,0
11/20/2025,17:54:40,0,18,218,445,259,25,209,5,3,0,0,0,0
11/20/2025,17:54:45,0,15,199,444,257,18,209,2,1,0,0,0,0
11/20/2025,17:54:50,0,17,225,445,259,24,209,5,3,0,0,0,0
11/20/2025,17:54:55,0,17,207,443,259,18,211,2,1,0,0,0,0
11/20/2025,17:55:00,0,22,225,445,259,26,210,5,3,0,0,0,0
11/20/2025,17:55:05,0,17,207,442,257,19,210,2,2,0,0,0,0
11/20/2025,17:55:10,0,21,226,444,259,24,208,5,3,0,0,0,0
11/20/2025,17:55:15,0,17,205,442,259,18,209,1,1,0,0,0,0
11/20/2025,17:55:20,0,18,220,444,259,29,210,5,3,0,0,0,0
11/20/2025,17:55:25,0,16,199,443,257,17,209,1,1,0,0,0,0
11/20/2025,17:55:30,0,17,209,445,259,25,209,4,3,0,0,0,0
11/20/2025,17:55:35,0,16,194,443,259,21,208,1,1,0,0,0,0
11/20/2025,17:55:40,0,17,210,442,259,26,210,5,3,0,0,0,0
11/20/2025,17:55:45,0,17,195,442,259,17,210,2,1,0,0,0,0
11/20/2025,17:55:50,0,18,209,445,259,22,210,5,3,0,0,0,0
11/20/2025,17:55:55,0,17,190,443,259,25,209,2,3,0,0,0,0
11/20/2025,17:56:00,0,18,210,444,259,28,211,6,4,0,0,0,0
11/20/2025,17:56:05,0,23,197,444,259,25,210,4,3,0,0,0,0
11/20/2025,17:56:10,0,20,201,444,259,16,210,2,1,0,0,0,0
11/20/2025,17:56:15,0,13,211,444,259,25,209,5,3,0,0,0,0
11/20/2025,17:56:20,0,18,203,443,258,17,209,1,0,0,0,0,0
11/20/2025,17:56:25,0,18,202,444,259,18,209,3,2,0,0,0,0
11/20/2025,17:56:30,0,20,215,444,259,24,209,5,3,0,0,0,0
11/20/2025,17:56:35,0,15,200,442,259,16,210,1,1,0,0,0,0
11/20/2025,17:56:40,0,18,210,443,259,25,209,5,3,0,0,0,0
11/20/2025,17:56:45,0,16,197,444,261,25,209,4,2,0,0,0,0
11/20/2025,17:56:50,0,18,203,443,259,15,211,2,1,0,0,0,0
11/20/2025,17:56:55,0,17,216,442,259,25,210,5,3,0,0,0,0
11/20/2025,17:57:00,0,19,199,442,259,21,210,2,2,0,0,0,0
11/20/2025,17:57:05,0,15,220,443,261,24,209,4,2,0,0,0,0
11/20/2025,17:57:10,0,17,197,442,259,16,210,2,2,0,0,0,0
11/20/2025,17:57:15,0,15,218,444,259,24,210,5,3,0,0,0,0
11/20/2025,17:57:20,0,17,205,440,259,18,210,1,1,0,0,0,0
11/20/2025,17:57:25,0,18,215,444,259,27,209,5,3,0,0,0,0
11/20/2025,17:57:30,0,17,192,441,259,22,208,1,2,0,0,0,0
11/20/2025,17:57:35,0,16,200,443,259,17,210,2,1,0,0,0,0
11/20/2025,17:57:40,0,13,221,444,259,22,210,4,2,0,0,0,0
11/20/2025,17:57:45,0,18,199,441,259,18,210,1,0,0,0,0,0
11/20/2025,17:57:50,0,20,204,444,259,17,209,2,2,0,0,0,0
11/20/2025,17:57:55,0,16,221,441,259,26,210,6,3,0,0,0,0
11/20/2025,17:58:00,0,14,203,440,259,25,211,5,3,0,0,0,-0.0008
11/20/2025,17:58:05,0,19,196,442,259,20,209,1,1,0,0,0,0
11/20/2025,17:58:10,0,18,201,442,259,18,209,1,0,0,0,0,0
11/20/2025,17:58:15,0,18,200,441,258,20,209,2,1,0,0,0,0
11/20/2025,17:58:20,0,20,199,440,259,16,209,2,1,0,0,0,0
11/20/2025,17:58:25,0,16,206,443,259,18,209,1,1,0,0,0,0
11/20/2025,17:58:30,0,15,206,444,258,25,209,4,3,0,0,0,0
11/20/2025,17:58:35,0,18,218,442,259,26,210,6,3,0,0,0,-0.0008
11/20/2025,17:58:40,0,14,214,444,258,23,210,5,3,0,0,0,0
11/20/2025,17:58:45,0,19,205,443,259,26,210,5,3,-0.0008,0,0,0
11/20/2025,17:58:50,0,16,192,440,259,25,210,4,2,0,0,0,0
11/20/2025,17:58:55,0,18,195,444,257,20,209,1,1,0,0,0,0
11/20/2025,17:59:00,0,16,196,440,259,21,210,2,1,0,0,0,0
11/20/2025,17:59:05,0,17,203,443,259,17,210,1,1,0,0,0,0
11/20/2025,17:59:10,0,18,206,442,258,20,209,1,1,0,0,0,0
11/20/2025,17:59:15,0,17,200,443,259,18,209,0,0,0,0,0,0
11/20/2025,17:59:20,0,16,195,443,259,17,210,1,1,0,0,0,0
11/20/2025,17:59:25,0,18,196,444,258,20,209,1,1,0,0,0,0
11/20/2025,17:59:30,0,17,197,443,259,20,209,1,1,0,0,0,0
11/20/2025,17:59:35,0,19,195,443,259,21,210,1,1,0,0,0,0
11/20/2025,17:59:40,0,18,192,443,259,21,208,1,1,0,0,0,-0.0008
11/20/2025,17:59:45,0,17,198,443,258,26,209,4,3,0,0,0,0
11/20/2025,17:59:50,0,19,210,442,259,25,209,5,3,0,0,0,0
11/20/2025,17:59:55,0,15,213,445,259,23,209,4,3,0,0,0,0
11/20/2025,18:00:00,0,16,199,443,259,27,210,5,3,0,0,0,0
11/20/2025,18:00:05,0,18,201,443,259,18,209,1,1,0,0,0,0
11/20/2025,18:00:10,0,19,197,443,258,20,210,1,2,0,0,0,0
11/20/2025,18:00:15,0,18,201,444,259,19,211,1,1,0,0,0,0
11/20/2025,18:00:20,0,18,205,444,258,21,209,3,2,0,0,0,0
11/20/2025,18:00:25,0,20,216,444,259,25,210,5,3,0,0,0,0
11/20/2025,18:00:30,0,19,205,441,259,19,210,1,1,0,0,0,0
11/20/2025,18:00:35,0,18,212,445,259,28,210,6,3,0,0,0,0
11/20/2025,18:00:40,0,17,206,444,258,27,210,4,3,0,0,0,0
11/20/2025,18:00:45,0,18,191,443,259,20,210,2,2,0,0,0,0
11/20/2025,18:00:50,0,17,202,443,259,17,210,2,1,0,0,0,0
11/20/2025,18:00:55,0,18,207,444,259,23,209,4,3,0,0,0,0
11/20/2025,18:01:00,0,20,194,441,261,25,210,4,2,0,0,0,0
11/20/2025,18:01:05,0,21,198,443,258,17,209,2,1,0,0,0,0
11/20/2025,18:01:10,0,20,218,444,258,26,210,5,3,0,0,0,0
11/20/2025,18:01:15,0,20,199,443,259,29,209,4,3,0,-0.0008,0,0
11/20/2025,18:01:20,0,19,199,444,257,18,210,1,2,0,0,0,0
11/20/2025,18:01:25,0,18,221,445,257,25,209,5,2,0,0,0,-0.0008
11/20/2025,18:01:30,0,18,200,442,259,19,209,1,1,0,0,0,0
11/20/2025,18:01:35,0,19,206,444,259,23,209,4,2,0,0,0,0
11/20/2025,18:01:40,0,21,212,443,258,27,209,5,3,0,0,0,0
11/20/2025,18:01:45,0,17,201,441,259,22,210,2,2,0,0,0,0
11/20/2025,18:01:50,0,18,224,445,260,26,210,6,3,0,0,0,0
11/20/2025,18:01:55,0,16,200,442,258,17,209,0,1,0,0,0,0
11/20/2025,18:02:00,0,18,217,444,258,26,208,5,3,0,0,0,0
11/20/2025,18:02:05,0,18,200,442,258,19,209,1,1,0,0,0,0
11/20/2025,18:02:10,0,17,211,444,258,27,209,5,3,0,0,0,0
11/20/2025,18:02:15,0,16,191,440,259,22,210,2,2,0,0,0,0
11/20/2025,18:02:52,0,18,227,444,259,22,210,4,3,0,0,0,0
11/20/2025,18:02:56,0,18,202,443,259,20,210,3,2,0,0,0,0
11/20/2025,18:03:01,0,21,223,443,258,23,209,5,4,0,0,0,0
11/20/2025,18:03:06,0,12,198,441,259,26,210,5,2,0,0,0,0
11/20/2025,18:03:11,0,16,201,439,259,20,211,1,1,0,0,0,0
11/20/2025,18:03:16,0,17,204,442,259,17,210,2,1,0,0,0,0
11/20/2025,18:03:21,0,19,225,441,259,24,208,4,3,0,0,0,0
11/20/2025,18:03:26,0,18,195,439,259,20,209,1,1,0,0,0,0
11/20/2025,18:03:31,0,18,201,442,258,19,210,1,1,0,0,0,0
11/20/2025,18:03:36,0,20,215,441,259,27,211,5,2,0,0,0,0
11/20/2025,18:03:41,0,16,201,439,259,18,210,1,1,0,0,0,0
11/20/2025,18:03:46,0,16,204,443,259,20,209,2,1,0,0,0,0
11/20/2025,18:03:51,0,18,215,442,259,26,210,5,3,0,0,0,0
11/20/2025,18:03:56,0,18,203,439,259,18,210,1,1,0,0,0,0
11/20/2025,18:04:01,0,18,218,442,259,27,210,5,3,0,0,0,0
11/20/2025,18:04:06,0,17,200,440,259,18,210,1,1,0,0,0,0
11/20/2025,18:04:11,0,16,225,440,259,26,209,5,3,0,0,0,0
11/20/2025,18:04:16,0,17,198,440,259,20,209,2,2,0,0,0,0
11/20/2025,18:04:21,0,18,224,444,259,25,211,5,3,0,0,0,0
11/20/2025,18:04:26,0,21,206,441,259,18,209,0,1,0,0,0,0
11/20/2025,18:04:31,0,18,222,443,257,26,209,6,3,0,0,0,0
11/20/2025,18:04:36,0,17,202,442,259,16,210,1,1,0,0,0,0
11/20/2025,18:04:41,0,18,221,443,259,28,209,5,3,0,0,0,0
11/20/2025,18:04:46,0,19,203,441,259,19,208,1,1,0,0,0,0
11/20/2025,18:04:51,0,18,223,443,259,28,211,5,3,0,0,0,0
11/20/2025,18:04:56,0,18,201,441,259,19,209,1,1,0,0,0,0
11/20/2025,18:05:01,0,19,210,443,259,25,209,5,2,0,0,0,0
11/20/2025,18:05:06,0,17,193,442,258,22,210,2,2,0,0,0,0
11/20/2025,18:05:11,0,16,203,443,258,17,209,2,2,0,0,0,0
11/20/2025,18:05:16,0,19,205,443,258,27,210,5,3,0,0,0,0
11/20/2025,18:05:21,0,18,197,440,259,22,209,3,2,0,0,0,-0.0008
11/20/2025,18:05:26,0,19,216,443,257,26,208,5,3,0,0,0,0
11/20/2025,18:05:31,0,19,192,443,259,25,209,4,2,0,0,0,0
11/20/2025,18:05:36,0,20,199,444,257,19,209,1,1,0,0,0,0
11/20/2025,18:05:41,0,18,224,444,258,27,209,5,3,0,0,0,-0.0008
11/20/2025,18:05:46,0,19,194,442,259,22,209,1,1,0,0,0,0
11/20/2025,18:05:51,0,18,203,443,259,20,211,1,1,0,0,0,0
11/20/2025,18:05:56,0,16,216,444,258,27,210,4,2,0,0,0,0
11/20/2025,18:06:01,0,18,197,442,259,19,210,1,1,0,0,0,0
11/20/2025,18:06:06,0,18,200,444,257,21,210,1,1,0,0,0,0
11/20/2025,18:06:11,0,17,220,444,259,29,209,5,3,0,0,0,0
11/20/2025,18:06:16,0,22,201,442,259,29,211,4,3,0,0,0,0
11/20/2025,18:06:21,0,17,206,442,258,20,209,1,1,0,0,0,0
11/20/2025,18:06:26,0,19,203,443,259,21,209,3,2,0,0,0,0
11/20/2025,18:06:31,0,23,221,444,258,24,209,4,3,0,0,0,0
11/20/2025,18:06:36,0,19,191,443,260,23,208,2,2,0,0,0,0
11/20/2025,18:06:41,0,19,196,443,258,21,210,2,1,0,0,0,0
11/20/2025,18:06:46,0,18,211,444,259,26,209,5,3,0,0,0,-0.0008
11/20/2025,18:06:51,0,18,212,444,259,27,211,5,3,0,0,0,0
11/20/2025,18:06:56,0,16,199,443,258,18,209,0,1,0,0,0,0
11/20/2025,18:07:01,0,17,202,444,259,18,210,3,1,0,0,0,0
11/20/2025,18:07:06,0,17,224,445,259,26,209,4,3,0,0,0,0
11/20/2025,18:07:11,0,19,193,441,258,24,209,2,2,0,0,0,0
11/20/2025,18:07:16,0,19,196,442,259,22,209,2,2,0,0,0,0
11/20/2025,18:07:21,0,19,207,442,259,26,210,5,3,0,0,0,0
11/20/2025,18:07:26,0,17,221,444,259,25,209,5,2,0,0,0,0
11/20/2025,18:07:31,0,19,193,441,259,25,210,3,2,0,0,0,0
11/20/2025,18:07:36,0,21,200,442,259,20,207,2,2,0,0,0,0
11/20/2025,18:07:41,0,19,202,444,258,20,209,3,2,0,0,0,0
11/20/2025,18:07:46,0,19,222,444,259,25,209,5,2,0,0,0,0
11/20/2025,18:07:51,0,18,193,443,258,23,209,3,3,0,0,0,0
11/20/2025,18:07:56,0,18,198,443,259,19,211,2,2,0,0,0,0
11/20/2025,18:08:01,0,19,206,445,259,23,210,4,3,0,0,0,0
11/20/2025,18:08:06,0,23,224,444,259,27,208,5,3,0,0,0,0
11/20/2025,18:08:11,0,16,206,444,258,22,209,5,2,0,0,0,0
11/20/2025,18:08:16,0,18,199,441,259,21,208,1,1,0,0,0,0
11/20/2025,18:08:21,0,20,199,443,259,19,210,2,1,0,0,0,0
11/20/2025,18:08:26,0,19,211,444,259,26,210,5,3,0,0,0,0
11/20/2025,18:08:31,0,18,216,444,258,26,209,5,2,0,0,0,-0.0008
11/20/2025,18:08:36,0,17,194,443,258,22,210,2,2,0,0,0,0
11/20/2025,18:08:41,0,20,202,443,258,23,209,2,2,0,0,0,0
11/20/2025,18:08:46,0,20,202,443,259,21,211,3,1,0,0,0,0
11/20/2025,18:08:51,0,19,205,444,258,24,210,5,2,0,0,0,0
11/20/2025,18:08:56,0,19,219,445,259,27,210,6,3,0,0,0,0
11/20/2025,18:09:01,0,21,209,444,258,27,209,4,3,0,0,0,0
11/20/2025,18:09:06,0,18,198,443,258,20,209,1,1,0,0,0,0
11/20/2025,18:09:11,0,18,205,442,259,23,210,2,1,0,0,0,0
11/20/2025,18:09:16,0,19,197,444,259,18,209,2,1,0,0,0,0
11/20/2025,18:09:21,0,17,202,444,259,18,209,0,1,0,0,0,0
11/20/2025,18:09:26,0,20,211,444,259,25,210,5,3,0,0,0,0
11/20/2025,18:09:31,0,19,219,445,260,26,210,6,3,0,0,0,0
11/20/2025,18:09:36,0,19,224,445,259,25,211,6,3,0,0,0,0
11/20/2025,18:09:41,0,19,221,445,259,24,208,5,2,0,0,0,0
11/20/2025,18:09:46,0,19,207,443,259,29,210,5,3,-0.0008,0,0,0
11/20/2025,18:09:51,0,18,193,442,259,21,209,1,2,0,0,0,0
11/20/2025,18:09:56,0,17,205,439,259,22,210,2,1,0,0,0,0
11/20/2025,18:10:01,0,14,199,442,258,18,210,1,2,0,0,0,0
11/20/2025,18:10:06,0,19,203,441,259,25,211,4,2,0,0,0,0
11/20/2025,18:10:11,0,19,217,444,259,27,208,5,4,0,0,0,0
11/20/2025,18:10:16,0,18,225,444,257,24,209,5,3,0,0,0,0
11/20/2025,18:10:21,0,19,210,443,259,26,210,5,3,0,0,0,0
11/20/2025,18:10:26,0,18,193,442,258,25,210,2,3,0,0,0,0
11/20/2025,18:10:31,0,18,200,442,260,17,208,1,1,0,0,0,-0.0008
11/20/2025,18:10:36,0,19,197,441,259,21,211,3,1,0,0,0,0
11/20/2025,18:10:41,0,21,201,441,258,19,209,1,1,0,0,0,0
11/20/2025,18:10:46,0,19,203,443,259,21,210,3,2,0,0,0,0
11/20/2025,18:10:51,0,18,211,443,259,26,208,5,3,0,0,-0.0008,0
11/20/2025,18:10:56,0,19,216,442,258,28,209,5,3,0,0,0,0
11/20/2025,18:11:01,0,19,224,443,258,27,209,5,4,0,0,0,0
11/20/2025,18:11:06,0,14,200,443,259,27,209,4,3,0,0,0,0
11/20/2025,18:11:11,0,17,200,442,259,20,210,3,1,0,0,0,0
11/20/2025,18:11:16,0,19,213,442,258,28,209,5,3,0,0,0,0
11/20/2025,18:11:21,0,21,199,441,258,21,209,2,2,0,0,0,0
11/20/2025,18:11:26,0,18,211,443,259,25,210,5,3,0,0,0,0
11/20/2025,18:11:31,0,18,214,442,259,26,209,5,3,0,0,0,0
11/20/2025,18:11:36,0,19,194,442,259,22,209,2,1,0,0,0,0
11/20/2025,18:11:41,0,19,196,441,259,24,209,2,2,0,0,0,0
11/20/2025,18:11:46,0,19,205,443,259,23,209,4,2,0,0,0,0
11/20/2025,18:11:51,0,18,220,443,258,27,209,5,2,0,0,0,0
11/20/2025,18:11:56,0,19,193,441,259,23,209,2,1,0,0,0,0
11/20/2025,18:12:01,0,18,199,441,259,20,210,2,1,0,0,0,0
11/20/2025,18:12:06,0,18,216,443,259,28,209,6,3,0,0,0,0
11/20/2025,18:12:11,0,17,193,442,258,25,210,4,2,0,0,0,0
11/20/2025,18:12:16,0,20,202,441,259,21,209,2,1,0,0,0,0
11/20/2025,18:12:21,0,20,224,442,258,26,209,5,3,0,0,0,0
11/20/2025,18:12:26,0,20,195,440,259,22,207,2,1,0,0,0,0
11/20/2025,18:13:03,0,16,200,442,258,26,209,5,3,0,0,0,0
11/20/2025,18:13:05,0,18,208,443,258,20,209,5,3,0,0,0,0
11/20/2025,18:13:10,0,21,203,443,259,27,209,5,3,0,0,0,0
11/20/2025,18:13:15,0,18,198,441,259,20,210,2,2,0,0,0,-0.0008
11/20/2025,18:13:20,0,18,218,444,259,26,209,5,3,0,0,0,0
11/20/2025,18:13:25,0,19,194,441,258,23,209,2,2,0,0,0,0
11/20/2025,18:13:30,0,16,201,443,257,19,209,1,1,0,0,0,0
11/20/2025,18:13:35,0,19,224,444,261,28,209,5,3,0,0,0,0
11/20/2025,18:13:40,0,19,195,441,258,21,209,1,1,0,0,0,0
11/20/2025,18:13:45,0,18,204,444,259,23,211,4,1,0,0,0,0
11/20/2025,18:13:50,0,18,208,443,259,27,210,5,3,0,0,0,0
11/20/2025,18:13:55,0,19,205,440,259,22,210,2,1,0,0,0,0
11/20/2025,18:14:00,0,19,206,444,258,25,209,4,3,0,0,0,0
11/20/2025,18:14:05,0,16,206,444,259,27,208,4,3,0,0,0,0
11/20/2025,18:14:10,0,19,205,442,259,19,208,1,1,0,0,0,0
11/20/2025,18:14:15,0,18,203,441,259,27,211,5,2,0,0,0,0
11/20/2025,18:14:20,0,22,205,443,258,28,209,5,3,0,0,0,0
11/20/2025,18:14:25,0,21,208,442,259,20,210,1,1,0,0,0,0
11/20/2025,18:14:30,0,17,207,443,258,25,210,4,3,0,0,0,0
11/20/2025,18:14:35,0,17,214,444,256,26,208,5,2,0,0,0,0
11/20/2025,18:14:40,0,19,200,441,258,20,210,1,1,0,0,0,0
11/20/2025,18:14:45,0,19,204,443,258,20,209,1,1,0,0,0,0
11/20/2025,18:14:50,0,17,224,443,259,28,210,5,3,0,0,0,0
11/20/2025,18:14:55,0,19,192,440,258,24,211,1,2,0,0,0,0
11/20/2025,18:15:00,0,19,198,441,257,22,209,1,2,0,0,0,0
11/20/2025,18:15:05,0,18,209,443,259,28,210,5,3,0,0,0,0
11/20/2025,18:15:10,0,19,220,443,258,28,209,4,3,0,0,0,0
11/20/2025,18:15:15,0,20,207,441,258,27,209,4,3,0,0,0,0
11/20/2025,18:15:20,0,17,192,437,258,29,210,5,3,0,0,0,0
11/20/2025,18:15:25,0,18,198,440,258,20,211,2,1,0,0,0,-0.0008
11/20/2025,18:15:30,0,17,198,439,259,21,210,2,1,0,0,0,0
11/20/2025,18:15:35,0,14,201,441,258,17,208,3,1,0,0,0,0
11/20/2025,18:15:40,0,18,211,442,259,27,209,5,3,0,0,0,0
11/20/2025,18:15:45,0,18,227,442,259,26,209,5,3,0,0,0,0
11/20/2025,18:15:50,0,18,212,441,258,27,208,4,3,0,0,0,0
11/20/2025,18:15:55,0,18,195,441,259,29,210,5,4,0,0,0,0
11/20/2025,18:16:00,0,18,200,441,257,19,210,1,1,0,0,0,0
11/20/2025,18:16:05,0,16,199,441,259,22,209,2,1,0,0,0,0
11/20/2025,18:16:10,0,17,209,440,259,25,210,5,3,0,0,0,0
11/20/2025,18:16:15,0,17,224,443,258,26,209,5,3,0,0,0,0
11/20/2025,18:16:20,0,18,195,441,258,28,209,4,2,0,0,0,0
11/20/2025,18:16:25,0,17,202,441,259,20,209,1,1,0,0,0,0
11/20/2025,18:16:30,0,20,197,439,259,23,210,2,2,0,0,0,0
11/20/2025,18:16:35,0,16,203,442,259,22,211,2,2,0,0,0,0
11/20/2025,18:16:40,0,18,213,443,259,29,209,6,3,-0.0008,0,0,0
11/20/2025,18:16:45,0,18,212,443,259,28,210,5,3,0,0,0,-0.0008
11/20/2025,18:16:50,0,17,195,441,259,21,210,2,1,0,0,0,0
11/20/2025,18:16:55,0,17,205,438,259,20,210,2,1,0,0,0,0
11/20/2025,18:17:00,0,19,195,441,258,22,209,2,2,0,0,0,0
11/20/2025,18:17:05,0,17,201,442,259,20,209,2,0,0,0,0,0
11/20/2025,18:17:10,0,16,205,442,258,25,209,3,3,0,0,0,0
11/20/2025,18:17:15,0,17,222,442,258,28,210,6,3,0,0,0,0
11/20/2025,18:17:20,0,17,205,440,259,29,209,5,3,0,0,0,0
11/20/2025,18:18:10,0,20,223,442,259,31,209,4,2,0,0,0,0
11/20/2025,18:18:14,0,18,212,439,259,32,209,4,3,0,0,0,0
11/20/2025,18:18:19,0,18,189,439,259,24,210,4,2,0,0,0,0
11/20/2025,18:18:24,0,20,203,437,259,22,210,2,1,0,0,0,0
11/20/2025,18:18:29,0,18,203,441,259,19,210,3,1,0,0,0,-0.0008
11/20/2025,18:18:34,0,19,213,442,258,30,207,6,4,0,0,0,0
11/20/2025,18:18:39,0,18,217,441,259,26,209,4,3,0,0,0,0
11/20/2025,18:18:44,0,18,193,441,260,25,209,4,1,0,0,0,0
11/20/2025,18:18:49,0,17,202,440,258,20,210,1,1,0,0,0,0
11/20/2025,18:18:54,0,19,199,439,259,22,209,2,1,0,0,0,0
11/20/2025,18:18:59,0,19,205,441,258,26,210,5,3,0,0,0,0
11/20/2025,18:19:04,0,19,220,440,259,29,209,6,4,0,0,0,0
11/20/2025,18:19:09,0,17,214,441,258,31,209,4,3,0,0,0,0
11/20/2025,18:19:14,0,18,192,440,259,25,209,4,2,0,0,0,0
11/20/2025,18:19:19,0,18,201,441,259,19,208,1,0,0,0,0,0
11/20/2025,18:19:24,0,18,200,440,258,23,209,2,2,0,0,0,0
11/20/2025,18:19:29,0,14,203,440,258,19,209,1,1,0,0,0,0
11/20/2025,18:19:34,0,18,207,442,258,28,209,4,3,0,0,0,0
11/20/2025,18:19:39,0,18,214,442,259,29,210,6,3,0,0,-0.0008,0
11/20/2025,18:19:44,0,18,220,442,258,28,210,6,4,0,0,0,0
11/20/2025,18:19:49,0,15,224,443,258,29,210,6,3,0,0,0,0
11/20/2025,18:19:54,0,21,209,442,258,27,210,4,3,0,0,0,0
11/20/2025,18:19:59,0,19,192,440,258,27,209,4,2,0,0,0,0
11/20/2025,18:20:04,0,18,197,439,258,21,210,2,1,0,0,0,0
11/20/2025,18:20:09,0,21,206,441,257,22,209,1,1,0,0,0,0
11/20/2025,18:20:14,0,19,200,442,258,22,209,2,1,0,0,0,0
11/20/2025,18:20:19,0,19,209,443,257,27,208,5,3,0,0,0,0
11/20/2025,18:20:24,0,19,225,442,259,28,210,6,3,0,0,0,0
11/20/2025,18:20:29,0,20,212,442,258,28,210,4,3,0,0,0,0
11/20/2025,18:20:34,0,18,196,438,258,29,210,5,3,0,0,0,0
11/20/2025,18:20:39,0,19,196,440,258,19,210,1,1,0,0,0,0
11/20/2025,18:20:44,0,18,196,440,258,22,210,3,1,0,0,0,0
11/20/2025,18:20:49,0,18,206,441,258,26,209,4,2,0,0,0,0
11/20/2025,18:20:54,0,20,224,442,258,28,209,5,3,0,0,0,0
11/20/2025,18:20:59,0,19,201,441,259,30,209,4,3,0,0,0,0
11/20/2025,18:21:04,0,19,201,439,258,20,210,2,1,0,0,0,0
11/20/2025,18:21:09,0,19,198,438,258,22,210,2,2,0,0,0,0
11/20/2025,18:21:14,0,17,205,441,258,24,209,3,2,0,0,0,0
11/20/2025,18:21:19,0,18,224,442,258,28,209,5,3,0,0,0,0
11/20/2025,18:21:24,0,15,194,441,258,27,209,4,3,0,0,0,0
11/20/2025,18:21:29,0,18,200,439,259,20,210,1,1,0,0,0,-0.0008
11/20/2025,18:21:34,0,14,198,441,258,22,210,2,1,0,0,0,0
11/20/2025,18:21:39,0,17,208,442,259,26,210,5,3,0,0,0,0
11/20/2025,18:21:44,0,19,225,442,257,28,207,6,3,0,0,0,0
11/20/2025,18:21:49,0,18,208,441,258,28,210,5,3,0,0,0,0
11/20/2025,18:21:54,0,16,190,440,258,26,209,3,2,0,0,0,0
11/20/2025,18:21:59,0,16,204,440,258,20,210,1,1,0,0,0,0
11/20/2025,18:22:04,0,19,202,441,258,24,208,4,1,0,0,0,0
11/20/2025,18:22:09,0,20,224,439,258,28,208,5,3,0,0,0,0
11/20/2025,18:22:14,0,19,204,441,259,31,210,5,3,0,0,0,0
11/20/2025,18:22:19,0,18,197,440,258,19,209,1,1,0,0,0,0
11/20/2025,18:22:24,0,19,197,441,256,22,208,2,0,0,0,0,0
11/20/2025,18:22:29,0,18,206,442,256,25,209,5,3,0,0,0,0
11/20/2025,18:22:34,0,19,217,442,258,26,210,5,3,0,0,0,0
11/20/2025,18:22:39,0,19,194,440,257,22,209,1,1,0,0,0,0
11/20/2025,18:22:44,0,18,198,440,257,21,210,2,2,0,0,0,0
11/20/2025,18:22:49,0,20,212,442,258,28,209,5,3,0,0,0,0
11/20/2025,18:22:54,0,22,206,440,258,29,208,5,2,0,0,0,0
11/20/2025,18:22:59,0,20,204,439,258,20,208,1,1,0,0,0,0
11/20/2025,18:23:04,0,19,209,442,259,30,208,5,3,0,0,0,0
11/20/2025,18:23:09,0,20,200,440,258,30,208,5,3,0,0,0,0
11/20/2025,18:23:14,0,21,197,440,258,20,209,0,2,0,0,0,0
11/20/2025,18:23:19,0,20,218,440,259,31,208,6,4,0,0,0,0
11/20/2025,18:23:24,0,19,194,441,259,22,208,2,1,0,-0.0008,0,0
11/20/2025,18:23:29,0,18,204,442,258,25,209,4,2,0,0,0,0
11/20/2025,18:23:34,0,20,196,441,259,28,209,3,3,0,0,0,0
11/20/2025,18:23:39,0,18,203,442,258,20,209,2,1,0,0,0,0
11/20/2025,18:23:44,0,20,201,441,258,30,209,5,3,0,0,0,0
11/20/2025,18:23:49,0,19,202,442,258,19,210,1,1,0,0,0,0
11/20/2025,18:23:54,0,16,216,443,259,31,210,5,3,0,0,0,0
11/20/2025,18:23:59,0,18,197,441,258,21,209,1,2,0,0,0,0
11/20/2025,18:24:04,0,19,217,442,258,30,209,6,2,0,0,0,0
11/20/2025,18:24:09,0,18,199,440,259,21,210,3,1,0,0,0,0
11/20/2025,18:24:14,0,20,218,442,258,28,209,5,3,0,0,0,0
11/20/2025,18:24:19,0,18,199,440,259,22,210,2,1,0,0,0,0
11/20/2025,18:24:24,0,19,207,442,258,29,210,5,3,0,0,0,0
11/20/2025,18:24:29,0,21,202,441,257,19,208,2,1,0,0,0,0
11/20/2025,18:24:34,0,20,201,442,257,32,208,5,3,0,0,0,0
11/20/2025,18:24:39,0,18,208,443,259,22,211,3,2,0,0,0,0
11/20/2025,18:24:44,0,19,196,441,260,22,210,2,1,0,0,0,0
11/20/2025,18:24:49,0,18,220,442,258,29,209,6,3,0,0,0,-0.0008
11/20/2025,18:24:54,0,18,196,440,258,22,209,1,2,0,0,0,0
11/20/2025,18:24:59,0,19,209,438,259,28,210,6,3,0,0,0,0
11/20/2025,18:25:04,0,19,201,441,259,19,209,2,1,0,0,0,0
11/20/2025,18:25:09,0,17,191,439,258,25,210,3,2,0,0,0,0
11/20/2025,18:25:14,0,15,208,441,258,27,209,6,3,0,0,0,0
11/20/2025,18:25:19,0,16,191,439,258,24,209,2,1,0,0,0,0
11/20/2025,18:25:24,0,17,208,441,258,27,209,6,3,0,0,0,0
11/20/2025,18:25:29,0,17,195,439,258,21,209,1,1,0,0,0,0
11/20/2025,18:25:34,0,17,217,441,259,31,210,6,4,0,0,0,0
11/20/2025,18:25:39,0,17,205,439,258,21,208,1,1,0,0,0,0
11/20/2025,18:25:44,0,18,226,441,258,30,210,6,3,0,0,0,0
11/20/2025,18:25:49,0,19,203,439,258,23,209,3,2,0,0,0,0
11/20/2025,18:25:54,0,15,214,441,258,26,209,4,3,0,0,0,0
11/20/2025,18:25:59,0,18,197,440,258,21,209,1,2,0,0,0,0
11/20/2025,18:26:04,0,18,214,441,257,30,210,5,3,0,0,0,-0.0008
11/20/2025,18:26:09,0,17,201,440,258,18,210,2,2,0,0,0,0
11/20/2025,18:26:14,0,19,210,441,258,28,210,5,3,0,0,0,0
11/20/2025,18:26:19,0,17,203,440,258,19,209,1,1,0,0,0,0
11/20/2025,18:26:24,0,13,209,440,256,30,208,5,3,0,0,0,0
11/20/2025,18:26:29,0,20,202,441,259,19,210,2,2,0,0,0,0
11/20/2025,18:26:34,0,18,194,439,258,30,208,5,3,0,0,0,0
11/20/2025,18:26:39,0,17,203,442,257,20,209,3,2,0,0,0,0
11/20/2025,18:26:44,0,18,190,436,258,27,210,4,2,0,0,0,0
11/20/2025,18:26:49,0,18,207,438,258,27,211,5,2,0,0,0,0
11/20/2025,18:26:54,0,19,193,437,258,24,209,2,1,0,0,0,-0.0008
11/20/2025,18:26:59,0,16,211,441,259,28,210,5,3,0,0,0,0
11/20/2025,18:27:04,0,18,198,438,258,21,209,1,0,0,0,0,0
11/20/2025,18:27:09,0,18,220,440,258,30,209,6,2,0,0,0,0
11/20/2025,18:27:14,0,16,201,439,258,20,210,2,1,0,0,0,0
11/20/2025,18:27:19,0,17,198,438,258,23,209,2,1,0,0,0,0
11/20/2025,18:27:24,0,16,218,440,258,31,210,6,4,0,0,0,0
11/20/2025,18:27:29,0,17,194,437,258,22,210,3,1,0,0,0,0
11/20/2025,18:27:34,0,15,206,440,258,28,208,5,3,0,0,0,0
11/20/2025,18:27:39,0,18,207,440,258,25,209,4,2,0,0,0,0
11/20/2025,18:27:44,0,17,202,440,256,20,208,1,0,0,0,0,0
11/20/2025,18:27:49,0,19,207,441,259,31,209,5,3,0,0,0,0
11/20/2025,18:27:54,0,19,212,439,258,29,208,6,4,0,0,0,0
11/20/2025,18:27:59,0,19,200,439,257,20,209,2,1,0,0,0,0
11/20/2025,18:28:04,0,18,198,439,259,24,210,2,1,0,0,0,0
11/20/2025,18:28:41,0,19,204,439,259,28,210,5,3,0,0,0,0
11/20/2025,18:28:45,0,17,195,439,258,22,210,1,1,0,0,0,0
11/20/2025,18:28:50,0,15,202,438,258,36,209,4,3,0,0,0,0
11/20/2025,18:28:55,0,19,213,440,258,27,208,6,4,0,0,0,0
11/20/2025,18:29:00,0,17,197,438,258,27,209,2,2,0,0,0,0
11/20/2025,18:29:05,0,16,196,438,258,31,210,6,3,0,0,0,0
11/20/2025,18:29:10,0,19,210,439,258,27,209,6,3,0,0,0,0
11/20/2025,18:29:15,0,15,202,438,256,19,208,1,0,0,0,0,0
11/20/2025,18:29:20,0,16,221,439,258,30,209,5,2,0,0,0,0
11/20/2025,18:29:25,0,17,200,439,257,18,209,1,1,0,0,0,0
11/20/2025,18:29:30,0,18,200,438,258,31,208,4,3,0,0,0,0
11/20/2025,18:29:35,0,17,203,439,258,17,210,2,1,0,0,0,0
11/20/2025,18:29:40,0,17,202,438,258,31,210,6,3,0,0,0,0
11/20/2025,18:29:45,0,18,200,438,258,19,210,2,1,0,0,0,0
11/20/2025,18:29:50,0,20,215,439,258,28,210,5,3,0,0,0,0
11/20/2025,18:29:55,0,19,200,436,258,20,210,2,1,0,0,0,0
11/20/2025,18:30:00,0,19,203,436,258,31,210,5,3,0,0,0,0
11/20/2025,18:30:05,0,17,202,438,258,20,210,2,1,0,0,0,0
11/20/2025,18:30:10,0,21,201,438,258,30,209,5,4,0,0,0,0
11/20/2025,18:30:15,0,19,203,437,257,19,209,2,1,0,0,0,0
11/20/2025,18:30:20,0,18,205,438,258,29,210,5,3,0,0,0,0
11/20/2025,18:30:25,0,18,199,437,258,19,209,2,1,0,0,0,0
11/20/2025,18:30:30,0,21,214,439,258,27,209,4,3,0,0,0,0
11/20/2025,18:30:35,0,18,197,438,258,23,211,2,2,0,0,0,-0.0008
11/20/2025,18:30:40,0,19,214,439,258,27,209,5,3,0,0,0,0
11/20/2025,18:30:45,0,19,198,435,258,21,208,2,1,0,0,0,0
11/20/2025,18:30:50,0,19,211,437,259,30,210,5,3,0,0,0,0
11/20/2025,18:30:55,0,19,201,439,258,19,208,2,2,0,0,0,0
11/20/2025,18:31:00,0,20,204,439,258,29,208,4,3,0,0,0,0
11/20/2025,18:31:05,0,18,201,439,258,19,210,2,1,0,0,0,0
11/20/2025,18:31:10,0,18,203,439,258,29,210,5,3,0,0,0,0
11/20/2025,18:31:15,0,17,202,438,256,19,209,2,1,0,0,0,0
11/20/2025,18:31:20,0,20,197,438,258,20,209,1,0,0,0,0,0
11/20/2025,18:31:25,0,20,203,439,258,24,209,2,2,0,0,0,0
11/20/2025,18:31:30,0,20,193,437,257,24,209,2,2,0,0,0,0
11/20/2025,18:31:35,0,20,207,439,258,27,210,6,3,0,0,0,0
11/20/2025,18:31:40,0,20,194,437,258,23,209,1,1,0,0,0,0
11/20/2025,18:31:45,0,19,208,440,258,28,209,5,3,0,0,0,0
11/20/2025,18:31:50,0,20,194,437,258,21,209,2,1,0,0,0,0
11/20/2025,18:31:55,0,19,202,438,259,22,209,4,2,0,0,0,0
11/20/2025,18:32:00,0,19,203,438,259,32,210,5,3,0,0,0,0
11/20/2025,18:32:05,0,20,196,438,256,19,208,2,1,0,0,0,0
11/20/2025,18:32:10,0,20,221,438,259,28,209,6,3,0,0,0,0
11/20/2025,18:32:15,0,20,200,436,258,21,210,2,1,0,0,0,0
11/20/2025,18:32:20,0,19,215,439,258,30,209,6,4,0,0,0,0
11/20/2025,18:32:25,0,20,195,437,259,20,209,2,1,0,0,0,0
11/20/2025,18:32:30,0,16,203,440,258,21,210,4,2,0,0,0,0
11/20/2025,18:32:35,0,19,208,440,259,32,210,5,3,0,0,0,0
11/20/2025,18:32:40,0,18,198,439,259,20,209,2,2,0,0,0,0
11/20/2025,18:32:45,0,16,217,441,256,32,208,6,4,0,0,0,0
11/20/2025,18:32:50,0,18,196,439,258,20,209,1,1,0,0,0,0
11/20/2025,18:32:55,0,18,210,439,258,33,208,6,4,0,0,0,0
11/20/2025,18:33:00,0,19,196,438,257,18,209,1,1,0,0,0,0
11/20/2025,18:33:05,0,19,212,441,256,32,209,5,4,0,0,0,0
11/20/2025,18:33:10,0,18,191,439,257,22,208,3,1,0,0,0,0
11/20/2025,18:33:15,0,17,201,439,258,21,209,2,2,0,0,0,-0.0008
11/20/2025,18:33:20,0,17,213,440,259,29,209,5,1,0,0,0,0
11/20/2025,18:33:25,0,20,201,437,259,16,210,2,1,0,0,0,0
11/20/2025,18:33:30,0,20,203,440,259,24,208,3,2,0,0,0,0
11/20/2025,18:33:35,0,21,213,439,258,28,209,5,3,0,0,0,0
11/20/2025,18:33:40,0,19,200,437,257,14,208,1,0,0,0,0,0
11/20/2025,18:33:45,0,19,211,439,258,34,209,6,4,0,0,0,0
11/20/2025,18:33:50,0,20,195,437,258,27,209,5,2,0,0,0,0
11/20/2025,18:33:55,0,20,198,438,259,19,209,1,1,0,0,0,0
11/20/2025,18:34:00,0,20,216,439,259,29,210,6,3,0,0,0,0
11/20/2025,18:34:05,0,20,201,437,258,18,210,1,1,0,0,0,0
11/20/2025,18:34:10,0,19,208,440,256,30,209,5,2,0,0,0,0
11/20/2025,18:34:15,0,14,203,438,257,33,209,4,2,0,0,0,0
11/20/2025,18:34:20,0,19,200,437,257,22,208,2,2,0,0,0,0
11/20/2025,18:34:25,0,18,210,438,257,28,209,6,3,0,0,0,0
11/20/2025,18:34:30,0,20,208,438,258,27,210,5,3,0,0,0,0
11/20/2025,18:34:35,0,19,201,437,258,21,210,1,1,0,0,0,0
11/20/2025,18:34:40,0,16,202,438,258,20,209,2,1,0,0,0,0
11/20/2025,18:34:45,0,18,225,438,258,28,209,6,3,0,0,0,0
11/20/2025,18:34:50,0,18,195,438,259,21,209,2,1,0,0,0,0
11/20/2025,18:34:55,0,19,201,436,258,20,210,2,1,0,0,0,0
11/20/2025,18:35:00,0,18,223,440,257,29,208,6,3,0,0,0,0
11/20/2025,18:35:05,0,19,194,438,258,24,209,2,2,0,0,0,0
11/20/2025,18:35:10,0,18,197,438,258,21,209,2,1,0,0,0,0
11/20/2025,18:35:15,0,22,221,439,258,28,210,4,3,0,0,0,0
11/20/2025,18:35:20,0,20,196,438,258,20,210,2,1,0,0,0,0
11/20/2025,18:35:25,0,20,202,438,258,20,209,2,1,0,0,0,0
11/20/2025,18:35:30,0,18,227,440,258,29,210,5,3,0,0,0,0
11/20/2025,18:35:35,0,20,191,437,258,24,208,2,2,0,0,0,0
11/20/2025,18:35:40,0,21,195,439,258,21,210,3,1,0,0,0,0
11/20/2025,18:35:45,0,21,213,440,258,30,209,6,4,0,0,0,0
11/20/2025,18:35:50,0,19,209,439,258,29,210,5,3,0,0,0,0
11/20/2025,18:35:55,0,19,196,439,257,21,209,2,1,0,0,0,0
11/20/2025,18:36:00,0,21,204,440,258,21,209,1,1,0,0,0,0
11/20/2025,18:36:05,0,20,201,438,258,23,210,3,1,0,0,0,0
11/20/2025,18:36:10,0,19,211,439,258,29,208,6,4,0,0,0,0
11/20/2025,18:36:15,0,20,212,440,257,28,208,6,3,0,0,0,0
11/20/2025,18:36:20,0,19,198,438,258,20,209,1,1,0,0,0,0
11/20/2025,18:36:25,0,22,197,440,259,22,208,2,1,0,0,0,0
11/20/2025,18:36:30,0,19,203,441,258,23,210,4,2,0,0,0,0
11/20/2025,18:36:35,0,19,218,442,258,29,209,4,3,0,0,0,-0.0008
11/20/2025,18:36:40,0,18,196,439,258,19,209,1,1,0,0,0,0
11/20/2025,18:36:45,0,21,201,440,257,23,209,3,1,0,0,0,0
11/20/2025,18:36:50,0,19,223,441,257,28,208,5,3,0,0,0,0
11/20/2025,18:36:55,0,20,196,439,257,27,209,4,2,0,0,0,0
11/20/2025,18:37:00,0,22,202,439,258,21,209,1,1,0,0,0,0
11/20/2025,18:37:05,0,22,203,441,258,22,209,2,2,0,0,0,0
11/20/2025,18:37:10,0,21,216,439,258,30,210,7,4,0,0,0,0
11/20/2025,18:37:15,0,20,213,441,258,32,209,4,3,0,0,0,0
11/20/2025,18:37:20,0,22,195,437,258,22,209,2,1,0,0,0,0
11/20/2025,18:37:25,0,18,196,439,258,21,210,2,1,0,0,0,0
11/20/2025,18:37:30,0,21,207,441,258,26,210,5,3,0,0,0,0
11/20/2025,18:37:35,0,17,223,440,258,30,209,6,3,0,0,0,0
11/20/2025,18:37:40,0,21,208,441,257,28,210,5,3,0,0,0,0
11/20/2025,18:37:45,0,20,192,440,258,25,210,3,2,0,0,0,0
11/20/2025,18:37:50,0,20,204,440,259,19,209,1,1,0,0,0,0
11/20/2025,18:37:55,0,19,200,439,256,20,208,3,1,0,0,0,0
11/20/2025,18:38:00,0,20,206,442,258,27,210,5,3,0,0,0,0
11/20/2025,18:38:05,0,19,222,439,258,30,209,6,4,0,0,0,0
11/20/2025,18:38:10,0,19,206,439,258,31,208,5,3,0,0,0,0
11/20/2025,18:38:15,0,19,197,440,257,20,209,1,1,0,0,0,0
11/20/2025,18:38:20,0,17,197,440,258,25,210,2,1,0,0,0,0
11/20/2025,18:38:52,0,19,204,441,258,23,209,3,2,0,0,0,0
11/20/2025,18:38:54,0,18,203,442,256,17,209,2,1,0,0,0,-0.0008
11/20/2025,18:38:59,0,18,215,439,258,30,210,6,4,0,0,0,0
11/20/2025,18:39:04,0,19,216,441,258,27,209,5,2,0,0,0,0
11/20/2025,18:39:09,0,21,200,440,258,30,207,5,3,0,0,0,0
11/20/2025,18:39:14,0,20,200,439,257,18,208,1,1,0,0,0,0
11/20/2025,18:39:19,0,21,198,437,258,23,209,3,1,0,0,0,0
11/20/2025,18:39:24,0,20,201,441,257,22,208,4,1,0,0,0,0
11/20/2025,18:39:29,0,20,211,442,259,29,208,6,3,0,0,0,0
11/20/2025,18:39:34,0,20,221,441,258,30,208,6,4,0,0,0,0
11/20/2025,18:39:39,0,24,214,438,258,28,210,6,3,0,0,0,0
11/20/2025,18:39:44,0,21,198,439,258,30,210,5,3,0,0,0,0
11/20/2025,18:39:49,0,19,198,439,258,19,210,2,1,0,0,0,0
11/20/2025,18:39:54,0,20,198,438,259,24,209,3,2,0,0,0,0
11/20/2025,18:39:59,0,17,201,438,258,21,210,2,1,0,0,0,0
11/20/2025,18:40:04,0,20,215,441,258,29,210,6,4,0,0,0,0
11/20/2025,18:40:09,0,23,205,438,259,31,210,6,3,0,0,0,0
11/20/2025,18:40:14,0,19,195,439,259,21,209,1,1,0,0,0,0
11/20/2025,18:40:19,0,19,195,437,257,23,208,2,1,0,0,0,0
11/20/2025,18:40:24,0,18,197,438,258,21,208,1,1,0,0,0,0
11/20/2025,18:40:29,0,20,198,438,258,22,209,1,1,0,0,0,0
11/20/2025,18:40:34,0,20,201,438,258,21,209,1,0,0,0,0,0
11/20/2025,18:40:39,0,20,194,438,258,24,209,2,1,0,0,0,0
11/20/2025,18:40:44,0,21,203,439,258,17,209,2,1,0,0,0,0
11/20/2025,18:40:49,0,20,206,441,258,27,209,5,3,0,0,0,0
11/20/2025,18:40:54,0,19,215,440,258,29,208,6,3,0,0,0,0
11/20/2025,18:40:59,0,18,223,440,258,27,209,5,3,0,0,0,0
11/20/2025,18:41:04,0,20,211,439,258,29,210,5,3,0,0,0,0
11/20/2025,18:41:09,0,18,196,439,257,29,209,4,3,0,0,0,0
11/20/2025,18:41:14,0,18,194,440,258,21,210,3,1,0,0,0,0
11/20/2025,18:41:19,0,18,200,438,256,20,208,1,0,0,0,0,0
11/20/2025,18:41:24,0,21,197,439,258,22,209,2,2,0,0,0,0
11/20/2025,18:41:29,0,19,203,441,256,21,209,4,2,0,0,0,0
11/20/2025,18:41:34,0,20,220,440,258,29,210,6,4,0,0,0,0
11/20/2025,18:41:39,0,21,209,439,258,28,208,4,3,0,0,0,0
11/20/2025,18:41:44,0,19,191,438,258,25,208,3,2,0,0,0,0
11/20/2025,18:41:49,0,19,201,440,258,20,208,3,1,0,0,0,0
11/20/2025,18:41:54,0,19,201,438,258,22,209,2,1,0,0,0,0
11/20/2025,18:41:59,0,19,200,438,257,19,208,2,1,0,0,0,0
11/20/2025,18:42:04,0,20,209,441,259,27,209,6,3,0,0,0,0
11/20/2025,18:42:09,0,20,220,441,259,30,210,6,4,0,0,0,0
11/20/2025,18:42:14,0,24,219,440,257,28,209,5,3,0,0,0,0
11/20/2025,18:42:19,0,18,207,439,258,29,209,5,3,0,0,0,0
11/20/2025,18:42:24,0,20,192,437,258,23,210,3,1,0,0,0,0
11/20/2025,18:42:29,0,18,197,435,258,21,210,1,1,0,0,0,0
11/20/2025,18:42:34,0,18,200,437,258,27,210,3,2,0,0,0,0
11/20/2025,18:42:39,0,20,202,438,259,18,209,2,1,0,0,0,0
11/20/2025,18:42:44,0,20,203,436,258,24,210,4,2,0,0,0,0
11/20/2025,18:42:49,0,18,221,437,258,30,209,6,3,0,0,0,0
11/20/2025,18:42:54,0,22,203,437,257,29,208,5,3,0,0,0,0
11/20/2025,18:42:59,0,20,196,436,257,21,209,1,2,0,0,0,0
11/20/2025,18:43:04,0,19,202,436,257,23,210,3,1,0,0,0,0
11/20/2025,18:43:09,0,18,197,433,258,21,210,2,1,0,0,0,-0.0008
11/20/2025,18:43:14,0,22,202,436,258,17,209,2,1,0,0,0,0
11/20/2025,18:43:19,0,19,207,438,258,26,210,6,3,-0.0008,0,0,0
11/20/2025,18:43:24,0,21,214,435,258,29,211,7,4,0,0,0,0
11/20/2025,18:43:29,0,20,223,438,258,27,209,5,3,0,0,0,0
11/20/2025,18:43:34,0,21,210,437,257,27,209,5,3,0,0,0,0
11/20/2025,18:43:39,0,21,192,435,258,28,210,4,3,0,0,0,0
11/20/2025,18:43:44,0,19,199,435,258,19,210,2,1,0,0,0,0
11/20/2025,18:43:49,0,19,197,435,258,22,210,3,2,0,0,0,0
11/20/2025,18:43:54,0,21,200,435,258,18,209,2,1,0,0,0,-0.0008
11/20/2025,18:43:59,0,20,201,436,258,24,208,3,2,0,0,0,0
11/20/2025,18:44:04,0,21,219,437,258,28,209,6,3,0,0,0,0
11/20/2025,18:44:09,0,17,204,436,258,29,209,5,3,0,0,0,0
11/20/2025,18:44:14,0,20,192,432,258,23,209,2,1,0,0,0,0
11/20/2025,18:44:19,0,20,201,434,258,21,208,2,1,0,0,0,0
11/20/2025,18:44:24,0,19,201,435,258,19,208,2,1,0,0,0,0
11/20/2025,18:44:29,0,21,211,436,257,28,209,6,3,0,0,0,0
11/20/2025,18:44:34,0,18,221,436,258,24,209,5,2,0,0,0,0
11/20/2025,18:44:39,0,22,207,435,258,31,210,5,3,0,0,0,-0.0008
11/20/2025,18:44:44,0,20,195,434,256,21,208,2,1,0,0,0,0
11/20/2025,18:44:49,0,21,201,434,258,23,209,2,2,0,0,0,0
11/20/2025,18:44:54,0,22,201,435,258,18,210,2,1,0,0,0,0
11/20/2025,18:44:59,0,21,212,436,258,29,210,6,3,0,0,0,0
11/20/2025,18:45:04,0,19,215,436,257,26,209,5,3,0,0,0,0
11/20/2025,18:45:09,0,21,193,432,258,25,210,4,2,0,0,0,0
11/20/2025,18:45:14,0,21,204,435,257,20,210,1,1,0,0,0,0
11/20/2025,18:45:19,0,21,198,434,256,23,208,3,1,0,0,0,0
11/20/2025,18:45:24,0,21,202,437,256,21,209,2,2,0,0,0,0
11/20/2025,18:45:29,0,22,225,436,258,27,209,5,3,0,0,0,0
11/20/2025,18:45:34,0,22,193,434,257,27,209,4,2,0,0,0,0
11/20/2025,18:45:39,0,21,203,434,258,20,208,1,1,0,0,0,0
11/20/2025,18:45:44,0,21,201,436,256,20,208,3,1,0,0,0,0
11/20/2025,18:45:49,0,22,212,436,257,27,209,6,3,0,0,0,0
11/20/2025,18:45:54,0,18,218,436,258,26,209,5,2,0,0,0,0
11/20/2025,18:45:59,0,22,193,435,260,22,208,2,1,0,0,0,0
11/20/2025,18:46:04,0,22,199,435,258,18,210,2,1,0,0,0,0
11/20/2025,18:46:09,0,22,216,435,256,28,208,6,3,0,0,0,0
11/20/2025,18:46:14,0,20,203,436,258,29,209,5,2,0,0,0,0
11/20/2025,18:46:19,0,21,196,434,256,21,208,1,0,0,0,0,0
11/20/2025,18:46:24,0,19,196,433,258,23,209,3,1,0,0,0,0
11/20/2025,18:46:29,0,21,202,435,257,17,209,2,1,0,0,0,0
11/20/2025,18:46:34,0,21,217,433,258,30,210,6,4,0,0,0,0
11/20/2025,18:46:39,0,22,199,435,258,31,209,5,3,0,0,0,0
11/20/2025,18:46:44,0,22,204,434,256,21,208,2,1,0,0,0,0
11/20/2025,18:46:49,0,22,203,437,259,20,209,3,1,0,0,0,0
11/20/2025,18:46:54,0,23,223,436,256,28,208,6,3,0,0,0,0
11/20/2025,18:46:59,0,19,195,434,257,30,208,5,3,0,0,0,0
11/20/2025,18:47:04,0,21,200,433,257,20,207,3,2,0,0,0,0
11/20/2025,18:47:09,0,20,211,435,258,27,210,6,4,0,0,0,0
11/20/2025,18:47:14,0,20,202,434,257,28,209,5,3,0,0,0,0
11/20/2025,18:47:19,0,23,205,433,258,21,210,3,1,0,0,0,0
11/20/2025,18:47:24,0,22,202,434,257,20,209,3,1,0,0,0,0
11/20/2025,18:47:29,0,21,225,435,257,27,209,5,3,0,0,0,0
11/20/2025,18:47:34,0,23,201,431,258,31,209,5,3,0,0,0,0
11/20/2025,18:47:39,0,20,204,431,258,22,209,2,1,0,0,0,0
11/20/2025,18:47:44,0,21,200,434,256,22,208,3,1,0,0,0,0
11/20/2025,18:47:49,0,23,213,435,258,27,209,6,2,0,0,0,0
11/20/2025,18:47:54,0,21,197,432,258,22,209,2,1,0,0,0,0
11/20/2025,18:47:59,0,20,197,432,257,22,209,3,2,0,0,0,0
11/20/2025,18:48:04,0,21,201,435,257,19,209,2,1,0,0,0,0
11/20/2025,18:48:09,0,21,216,436,256,28,210,7,4,0,0,0,0
11/20/2025,18:48:14,0,22,208,434,258,33,209,6,3,0,0,0,0
11/20/2025,18:48:19,0,21,195,433,258,21,210,3,1,0,0,0,0
11/20/2025,18:48:24,0,23,199,433,257,18,209,1,1,0,0,0,0
11/20/2025,18:49:10,0,21,219,436,258,24,210,6,3,0,0,0,0
11/20/2025,18:49:14,0,22,196,434,259,21,208,2,0,0,0,0,0
11/20/2025,18:49:19,0,22,194,432,258,21,210,2,1,0,0,0,0
11/20/2025,18:49:24,0,22,195,434,258,21,210,2,1,0,0,0,0
11/20/2025,18:49:29,0,21,192,433,258,23,209,2,1,0,0,0,0
11/20/2025,18:49:34,0,21,199,434,258,20,210,1,1,0,0,0,0
11/20/2025,18:49:39,0,21,200,434,258,22,209,1,1,0,0,0,0
11/20/2025,18:49:44,0,21,200,435,258,22,210,2,1,0,0,0,0
11/20/2025,18:49:49,0,19,197,435,258,21,209,1,1,0,0,0,0
11/20/2025,18:49:54,0,21,195,435,258,23,208,2,1,0,-0.0008,0,0
11/20/2025,18:49:59,0,20,191,435,258,24,209,2,2,0,0,0,0
11/20/2025,18:50:04,0,21,205,436,256,29,208,4,3,0,0,0,0
11/20/2025,18:50:09,0,17,212,434,257,29,209,5,3,0,0,0,0
11/20/2025,18:50:14,0,21,213,437,257,26,209,4,3,0,0,0,0
11/20/2025,18:50:19,0,24,214,436,258,27,209,5,2,0,0,0,0
11/20/2025,18:50:24,0,24,195,435,258,31,208,5,3,0,0,0,0
11/20/2025,18:50:29,0,21,199,434,256,19,208,2,1,0,0,0,0
11/20/2025,18:50:34,0,20,200,436,257,18,210,3,1,0,0,0,0
11/20/2025,18:50:39,0,21,201,437,256,21,209,3,2,0,0,0,0
11/20/2025,18:50:44,0,20,208,438,257,27,208,5,3,0,0,0,0
11/20/2025,18:50:49,0,20,213,435,258,30,209,6,4,0,0,0,0
11/20/2025,18:50:54,0,21,219,437,258,28,208,6,4,0,0,0,0
11/20/2025,18:50:59,0,21,222,436,258,28,209,6,3,0,0,0,0
11/20/2025,18:51:04,0,22,213,437,258,28,209,5,2,0,0,0,0
11/20/2025,18:51:09,0,23,209,437,258,30,210,5,3,0,0,0,-0.0008
11/20/2025,18:51:14,0,21,203,437,259,29,208,5,3,0,0,0,0
11/20/2025,18:51:19,0,20,201,434,258,27,209,5,3,0,0,0,0
11/20/2025,18:51:24,0,19,195,435,258,28,210,5,2,0,0,0,0
11/20/2025,18:51:29,0,21,198,435,257,19,209,1,1,0,0,0,-0.0008
11/20/2025,18:51:34,0,22,222,437,258,28,209,5,3,0,0,0,0
11/20/2025,18:51:39,0,18,203,435,258,19,208,2,1,0,0,0,0
11/20/2025,18:51:44,0,22,205,435,258,25,209,5,2,0,0,0,0
11/20/2025,18:51:49,0,21,215,435,258,30,210,7,4,0,0,0,0
11/20/2025,18:51:54,0,22,212,437,257,28,210,5,3,0,0,0,0
11/20/2025,18:51:59,0,21,190,433,258,28,208,4,3,0,0,0,0
11/20/2025,18:52:04,0,22,201,436,256,19,207,2,1,0,0,0,0
11/20/2025,18:52:09,0,17,200,434,258,20,208,2,2,0,0,0,0
11/20/2025,18:52:14,0,21,206,437,258,27,208,5,3,0,0,0,0
11/20/2025,18:52:19,0,22,223,436,258,28,208,5,3,0,0,0,0
11/20/2025,18:52:24,0,21,203,436,257,28,209,5,4,0,0,0,0
11/20/2025,18:52:29,0,22,192,435,258,22,208,1,1,0,0,0,0
11/20/2025,18:52:34,0,22,198,434,258,23,209,2,1,0,0,0,0
11/20/2025,18:52:39,0,21,201,433,258,21,210,2,1,0,0,0,0
11/20/2025,18:52:44,0,21,199,436,258,22,209,1,1,0,0,0,0
11/20/2025,18:52:49,0,22,208,437,256,28,210,6,3,0,0,0,0
11/20/2025,18:52:54,0,20,222,436,257,27,210,6,3,0,0,0,0
11/20/2025,18:52:59,0,23,212,436,257,28,209,4,3,0,0,0,0
11/20/2025,18:53:04,0,19,196,434,258,20,209,1,1,0,0,0,0
11/20/2025,18:53:09,0,19,200,436,257,21,209,2,1,0,0,0,0
11/20/2025,18:53:14,0,21,209,438,256,26,208,5,3,0,0,0,0
11/20/2025,18:53:19,0,21,218,437,258,29,209,6,4,0,0,0,0
11/20/2025,18:53:24,0,21,216,437,256,26,208,5,2,0,0,0,0
11/20/2025,18:53:29,0,17,198,435,257,29,208,5,3,0,0,0,0
11/20/2025,18:53:34,0,20,195,435,258,20,209,1,1,0,0,0,0
11/20/2025,18:53:39,0,19,204,435,258,25,210,2,2,0,0,0,0
11/20/2025,18:53:44,0,22,202,435,257,19,208,2,1,0,0,0,0
11/20/2025,18:53:49,0,22,207,436,258,27,210,6,3,0,0,0,0
11/20/2025,18:53:54,0,21,220,436,258,30,209,6,3,0,0,0,0
11/20/2025,18:53:59,0,20,216,437,258,27,210,5,4,0,0,0,0
11/20/2025,18:54:04,0,22,195,435,257,29,209,5,3,0,0,0,0
11/20/2025,18:54:09,0,21,196,435,258,20,209,2,1,0,0,0,0
11/20/2025,18:54:14,0,22,202,435,258,20,210,1,1,0,0,0,0
11/20/2025,18:54:19,0,18,197,436,256,22,208,2,1,0,0,0,0
11/20/2025,18:54:24,0,21,201,435,258,19,209,3,1,0,0,0,0
11/20/2025,18:54:29,0,21,208,437,259,27,210,6,3,0,0,0,0
11/20/2025,18:54:34,0,21,220,436,258,30,209,6,4,0,0,0,0
11/20/2025,18:54:39,0,25,221,436,258,27,209,5,3,0,0,0,0
11/20/2025,18:54:44,0,21,219,435,258,27,210,5,3,0,0,0,0
11/20/2025,18:54:49,0,23,214,436,258,29,208,5,3,0,0,0,0
11/20/2025,18:54:54,0,23,214,436,257,28,209,5,2,0,0,0,0
11/20/2025,18:54:59,0,19,216,436,257,27,209,6,2,0,0,0,0
11/20/2025,18:55:04,0,24,213,436,257,27,210,5,3,0,0,0,0
11/20/2025,18:55:09,0,22,206,433,258,30,206,6,3,0,0,0,0
11/20/2025,18:55:14,0,21,202,436,257,31,210,6,3,0,0,0,-0.0008
11/20/2025,18:55:19,0,22,206,436,258,28,209,5,3,0,0,0,0
11/20/2025,18:55:24,0,21,213,436,257,26,209,5,3,0,0,0,0
11/20/2025,18:55:29,0,26,219,436,258,26,207,5,3,0,0,0,0
11/20/2025,18:55:34,0,21,218,434,258,26,209,5,3,0,0,0,0
11/20/2025,18:55:39,0,27,222,437,258,25,208,5,2,0,0,0,0
11/20/2025,18:55:44,0,22,213,437,256,28,209,6,4,0,0,0,0
11/20/2025,18:55:49,0,21,208,437,258,27,210,6,3,0,0,0,-0.0008
11/20/2025,18:55:54,0,21,219,435,258,30,209,6,4,0,0,0,0
11/20/2025,18:55:59,0,20,217,437,258,31,210,5,3,0,0,0,0
11/20/2025,18:56:04,0,23,211,437,258,28,210,6,3,0,0,0,0
11/20/2025,18:56:09,0,21,202,436,258,32,210,5,3,0,0,0,0
11/20/2025,18:56:14,0,21,202,435,256,28,208,5,2,0,0,0,0
11/20/2025,18:56:19,0,16,198,433,258,30,210,5,3,0,0,0,0
11/20/2025,18:56:24,0,21,191,435,258,24,210,3,3,0,0,0,0
11/20/2025,18:56:29,0,23,193,434,257,23,208,2,1,0,0,0,0
11/20/2025,18:56:34,0,21,189,434,258,23,209,3,2,0,0,0,-0.0008
11/20/2025,18:56:39,0,20,200,435,258,29,209,5,3,0,0,0,0
11/20/2025,18:56:44,0,21,206,434,258,28,207,5,3,0,0,0,0
11/20/2025,18:56:49,0,22,215,436,257,27,209,5,3,0,0,0,0
11/20/2025,18:56:54,0,22,221,435,258,30,209,6,4,0,0,0,0
11/20/2025,18:56:59,0,22,218,436,258,29,209,6,3,0,0,0,0
11/20/2025,18:57:04,0,21,214,436,257,29,208,6,3,0,0,0,0
11/20/2025,18:57:09,0,22,220,436,258,29,209,6,4,0,0,0,0
11/20/2025,18:57:14,0,22,214,436,258,26,210,5,3,0,0,0,0
11/20/2025,18:57:19,0,21,191,435,257,24,209,3,3,0,0,0,0
11/20/2025,18:57:24,0,22,202,434,257,20,208,1,1,0,0,0,0
11/20/2025,18:57:29,0,19,199,436,257,21,210,3,1,0,0,0,0
11/20/2025,18:57:34,0,22,211,437,257,28,208,6,3,0,0,0,0
11/20/2025,18:57:39,0,20,218,436,257,26,210,5,3,0,0,0,0
11/20/2025,18:57:44,0,21,192,435,257,27,208,3,2,0,0,0,0
11/20/2025,18:57:49,0,20,202,433,258,23,208,3,2,0,0,0,0
11/20/2025,18:57:54,0,21,204,436,257,25,210,4,2,0,0,0,0
11/20/2025,18:57:59,0,21,224,436,258,29,208,6,4,0,0,0,-0.0008
11/20/2025,18:58:04,0,16,210,434,257,31,210,6,3,0,0,0,0
11/20/2025,18:58:09,0,21,192,434,257,24,209,3,1,0,0,0,0
11/20/2025,18:58:14,0,18,203,434,257,20,209,2,1,0,0,0,0
11/20/2025,18:58:19,0,20,202,436,258,19,210,2,1,0,0,0,0
11/20/2025,18:58:24,0,21,213,436,258,28,209,6,4,0,0,0,0
11/20/2025,18:58:29,0,21,215,436,257,26,209,5,3,0,0,0,0
11/20/2025,18:58:34,0,21,192,434,257,23,208,2,2,0,0,0,0
11/20/2025,18:58:39,0,20,195,434,257,20,209,2,2,0,0,0,0
11/20/2025,18:59:09,0,22,213,436,258,25,208,6,3,0,0,0,0
11/20/2025,18:59:13,0,19,201,433,258,17,210,1,1,0,0,0,0
11/20/2025,18:59:18,0,20,201,435,258,22,208,3,1,0,0,0,0
11/20/2025,18:59:23,0,20,218,437,256,29,208,7,3,0,0,0,0
11/20/2025,18:59:28,0,20,204,436,257,30,209,5,3,0,0,0,0
11/20/2025,18:59:33,0,22,203,435,258,19,209,1,1,0,0,0,0
11/20/2025,18:59:38,0,22,201,434,258,22,210,3,1,0,0,0,0
11/20/2025,18:59:43,0,23,225,436,257,29,209,5,3,0,0,0,0
11/20/2025,18:59:48,0,21,191,434,258,25,208,4,3,0,0,0,0
11/20/2025,18:59:53,0,23,198,434,257,20,208,2,2,0,0,0,0
11/20/2025,18:59:58,0,21,205,434,258,26,209,5,3,0,0,0,0
11/20/2025,19:00:03,0,22,216,434,257,28,210,5,2,0,0,0,0
11/20/2025,19:00:08,0,21,195,435,258,19,209,1,1,0,0,0,0
11/20/2025,19:00:13,0,24,202,436,257,20,209,3,1,0,0,0,0
11/20/2025,19:00:18,0,22,221,436,257,27,208,5,2,0,0,0,0
11/20/2025,19:00:23,0,21,194,432,258,21,209,1,1,0,0,0,0
11/20/2025,19:00:28,0,25,201,435,257,21,208,2,1,0,0,0,0
11/20/2025,19:00:33,0,20,221,437,256,25,208,5,3,0,0,0,0
11/20/2025,19:00:38,0,22,195,434,257,21,208,1,1,0,0,0,0
11/20/2025,19:00:43,0,18,198,435,258,21,209,2,1,0,0,0,0
11/20/2025,19:00:48,0,20,222,433,258,30,209,6,4,0,0,0,0
11/20/2025,19:00:53,0,20,195,434,257,22,209,2,1,0,0,0,0
11/20/2025,19:00:58,0,20,201,436,258,20,209,2,1,0,0,0,0
11/20/2025,19:01:03,0,21,213,435,258,28,211,5,3,0,0,0,0
11/20/2025,19:01:08,0,22,203,434,258,21,209,2,1,0,0,0,0
11/20/2025,19:01:13,0,19,211,435,257,28,209,6,4,0,0,0,0
11/20/2025,19:01:18,0,20,195,434,258,23,209,2,1,0,0,0,0
11/20/2025,19:01:23,0,21,205,436,256,21,208,4,2,0,0,0,0
11/20/2025,19:01:28,0,20,195,434,258,30,210,5,3,0,0,0,0
11/20/2025,19:01:33,0,19,198,434,258,21,209,2,1,0,0,0,0
11/20/2025,19:01:38,0,22,217,436,257,26,209,4,2,0,0,0,0
11/20/2025,19:01:43,0,17,203,433,257,21,210,2,1,0,0,0,0
11/20/2025,19:01:48,0,21,220,435,259,28,208,6,3,0,0,0,0
11/20/2025,19:01:53,0,20,207,435,257,23,209,4,2,0,0,0,0
11/20/2025,19:01:58,0,21,221,435,258,30,208,6,4,0,0,0,0
11/20/2025,19:02:03,0,21,202,433,257,20,209,2,0,0,0,0,0
11/20/2025,19:02:08,0,21,225,436,257,29,209,6,3,0,0,0,0
11/20/2025,19:02:13,0,21,199,435,258,22,209,2,2,0,0,0,0
11/20/2025,19:02:18,0,22,206,435,258,27,209,5,3,0,0,0,0
11/20/2025,19:02:23,0,22,202,434,257,19,207,3,1,0,0,0,0
11/20/2025,19:02:28,0,21,190,434,258,25,208,3,2,0,0,0,0
11/20/2025,19:02:33,0,21,203,436,257,22,210,4,2,0,0,0,-0.0008
11/20/2025,19:02:38,0,21,193,434,258,25,208,4,1,0,0,0,0
11/20/2025,19:02:43,0,21,204,437,258,25,208,4,2,0,0,0,0
11/20/2025,19:02:48,0,20,196,434,258,27,209,5,3,0,0,0,0
11/20/2025,19:02:53,0,22,202,435,257,20,208,2,1,0,0,0,0
11/20/2025,19:02:58,0,21,212,436,258,29,210,5,3,0,0,0,0
11/20/2025,19:03:03,0,22,199,436,256,20,208,2,1,0,0,0,0
11/20/2025,19:03:08,0,21,213,436,258,28,207,6,3,0,0,0,0
11/20/2025,19:03:13,0,21,201,435,258,20,210,3,2,0,0,0,0
11/20/2025,19:03:18,0,22,198,435,257,33,208,4,3,0,0,0,0
11/20/2025,19:03:23,0,21,206,436,257,27,209,6,3,0,0,0,0
11/20/2025,19:03:28,0,21,202,432,257,20,208,1,0,0,0,0,0
11/20/2025,19:03:33,0,20,205,436,258,29,209,5,3,0,0,0,0
11/20/2025,19:03:38,0,21,215,436,257,28,208,5,3,0,0,0,0
11/20/2025,19:03:43,0,22,198,435,258,20,210,3,1,0,0,0,0
11/20/2025,19:03:48,0,22,191,434,257,28,209,4,2,0,0,0,0
11/20/2025,19:03:53,0,23,221,437,257,30,208,6,4,0,0,0,0
11/20/2025,19:03:58,0,22,200,432,258,21,209,2,2,0,0,0,0
11/20/2025,19:04:03,0,20,191,435,258,24,209,2,1,0,0,0,0
11/20/2025,19:04:08,0,19,224,437,256,28,209,6,3,0,0,0,0
11/20/2025,19:04:13,0,20,203,436,256,20,208,3,1,0,0,0,0
11/20/2025,19:04:18,0,21,198,434,257,21,209,1,1,0,0,0,0
11/20/2025,19:04:23,0,21,211,435,257,31,208,5,3,0,0,0,0
11/20/2025,19:04:28,0,20,211,434,258,28,210,7,3,0,0,0,0
11/20/2025,19:04:33,0,23,202,435,257,22,208,3,2,0,0,0,0
11/20/2025,19:04:38,0,21,207,436,257,28,209,5,3,0,0,0,0
11/20/2025,19:04:43,0,21,211,436,258,28,211,6,4,0,0,0,0
11/20/2025,19:04:48,0,23,195,435,257,22,209,3,1,0,0,0,0
11/20/2025,19:04:53,0,20,191,432,257,27,209,3,2,0,0,0,0
11/20/2025,19:04:58,0,20,218,437,257,30,210,7,4,0,0,0,0
11/20/2025,19:05:03,0,20,198,436,256,21,208,2,2,0,0,0,0
11/20/2025,19:05:08,0,24,197,436,258,30,209,4,3,0,0,0,0
11/20/2025,19:05:13,0,21,218,437,257,29,208,7,3,0,0,0,0
11/20/2025,19:05:18,0,20,201,436,258,19,209,2,2,0,0,0,0
11/20/2025,19:05:23,0,21,203,435,258,20,208,1,0,0,0,0,0
11/20/2025,19:05:28,0,22,207,437,256,31,208,6,3,0,0,0,0
11/20/2025,19:05:33,0,20,203,437,258,20,209,3,2,0,0,0,0
11/20/2025,19:05:38,0,21,191,435,257,24,209,2,2,0,0,0,0
11/20/2025,19:05:43,0,21,206,437,257,28,210,6,3,0,0,0,0
11/20/2025,19:05:48,0,22,192,433,257,22,209,2,1,0,0,0,0
11/20/2025,19:05:53,0,19,207,436,257,28,209,5,3,0,0,0,0
11/20/2025,19:05:58,0,22,194,434,257,23,209,2,1,0,0,0,0
11/20/2025,19:06:03,0,20,204,436,257,22,209,3,2,0,0,0,0
11/20/2025,19:06:08,0,22,214,434,257,31,209,5,3,0,0,0,0
11/20/2025,19:06:13,0,22,195,434,256,21,208,1,1,0,0,0,0
11/20/2025,19:06:18,0,21,197,435,258,23,209,2,1,0,0,0,0
11/20/2025,19:06:23,0,21,204,437,258,23,210,4,2,0,0,0,0
11/20/2025,19:06:28,0,19,221,437,256,26,208,5,2,0,0,0,0
11/20/2025,19:06:33,0,20,191,435,257,25,208,3,3,0,0,0,0
11/20/2025,19:06:38,0,19,202,435,258,24,210,3,2,0,0,0,0
11/20/2025,19:06:43,0,22,203,437,257,18,209,3,2,0,0,0,0
11/20/2025,19:06:48,0,25,225,436,257,28,208,6,3,0,0,0,0
11/20/2025,19:06:53,0,22,190,433,257,25,208,2,1,0,0,0,-0.0008
11/20/2025,19:06:58,0,20,199,436,257,18,209,2,1,0,0,0,0
11/20/2025,19:07:03,0,21,213,436,258,31,210,7,4,0,0,0,-0.0008
11/20/2025,19:07:08,0,21,217,435,258,29,210,5,3,0,0,0,0
11/20/2025,19:07:13,0,20,191,435,257,27,208,4,3,0,0,0,0
11/20/2025,19:07:18,0,22,203,434,258,19,209,2,1,0,0,0,0
11/20/2025,19:07:23,0,22,201,435,257,21,210,2,1,0,0,0,0
11/20/2025,19:07:28,0,24,200,436,257,18,209,2,1,0,0,0,0
11/20/2025,19:07:33,0,20,207,435,258,29,209,6,3,0,0,0,0
11/20/2025,19:07:38,0,22,221,438,258,29,210,7,4,0,0,0,0
11/20/2025,19:07:43,0,19,218,437,257,26,209,5,2,0,0,0,0
11/20/2025,19:07:48,0,19,208,434,257,30,207,6,3,0,0,0,0
11/20/2025,19:07:53,0,24,193,436,257,28,208,4,2,0,0,0,0
11/20/2025,19:07:58,0,22,199,435,257,21,209,1,1,0,0,0,0
11/20/2025,19:08:03,0,21,200,435,256,24,209,3,2,0,0,0,0
11/20/2025,19:08:08,0,18,201,436,257,19,209,2,1,0,0,0,0
11/20/2025,19:08:13,0,20,203,437,257,23,210,4,2,0,0,0,0
11/20/2025,19:08:18,0,21,207,437,257,27,209,5,3,0,0,0,0
11/20/2025,19:08:23,0,22,213,438,256,29,208,7,3,0,0,0,0
11/20/2025,19:08:28,0,21,220,437,257,30,210,6,4,0,0,0,0
11/20/2025,19:08:33,0,25,226,436,257,28,209,5,3,0,0,0,0
11/20/2025,19:08:38,0,20,222,438,257,23,210,5,3,0,0,0,0
11/20/2025,19:08:43,0,21,222,438,257,26,208,5,3,0,0,0,-0.0008
11/20/2025,19:08:48,0,23,224,438,259,28,207,6,3,0,0,0,0
11/20/2025,19:09:44,0,26,206,435,257,16,208,4,2,0,0,0,0
11/20/2025,19:09:49,0,23,203,435,257,21,208,2,1,0,0,0,0
11/20/2025,19:09:54,0,17,200,435,257,22,209,3,3,0,0,0,0
11/20/2025,19:09:59,0,20,197,435,257,21,208,2,2,0,0,0,0
11/20/2025,19:10:04,0,20,199,435,257,23,209,2,2,0,0,0,0
11/20/2025,19:10:09,0,19,195,435,257,20,209,2,2,0,0,0,0
11/20/2025,19:10:14,0,21,197,435,257,23,208,3,1,0,0,0,0
11/20/2025,19:10:19,0,21,203,434,257,21,208,2,2,0,0,0,0
11/20/2025,19:10:24,0,20,202,437,257,20,208,1,1,0,0,0,0
11/20/2025,19:10:29,0,22,200,435,256,22,208,2,0,0,0,0,0
11/20/2025,19:10:34,0,21,202,436,256,19,208,1,0,0,0,0,0
11/20/2025,19:10:39,0,21,195,434,257,24,209,2,1,0,0,0,0
11/20/2025,19:10:44,0,21,202,437,258,18,210,2,2,0,0,0,-0.0008
11/20/2025,19:10:49,0,22,212,436,257,30,208,6,4,0,0,0,0
11/20/2025,19:10:54,0,21,217,437,258,26,209,4,3,0,0,0,0
11/20/2025,19:10:59,0,23,210,437,256,29,208,5,2,0,0,0,0
11/20/2025,19:11:04,0,23,206,436,257,28,209,4,3,0,0,0,0
11/20/2025,19:11:09,0,22,208,436,257,27,209,5,3,0,0,0,0
11/20/2025,19:11:14,0,21,214,436,257,28,210,6,3,0,0,0,0
11/20/2025,19:11:19,0,20,219,434,258,26,209,6,3,0,0,0,0
11/20/2025,19:11:24,0,25,222,436,257,27,208,5,3,0,0,0,0
11/20/2025,19:11:29,0,21,217,436,257,26,210,5,3,0,0,0,0
11/20/2025,19:11:34,0,22,214,434,257,28,209,6,3,0,0,0,0
11/20/2025,19:11:39,0,22,214,435,257,28,207,5,2,0,0,0,0
11/20/2025,19:11:44,0,19,218,436,257,26,209,6,1,0,0,0,0
11/20/2025,19:11:49,0,19,220,437,256,26,209,5,3,0,0,0,0
11/20/2025,19:11:54,0,20,219,436,257,26,210,5,3,0,0,0,0
11/20/2025,19:11:59,0,25,212,436,256,28,210,5,3,0,0,0,0
11/20/2025,19:12:04,0,23,192,434,256,29,208,4,3,0,0,0,0
11/20/2025,19:12:09,0,22,197,435,259,20,207,2,1,0,0,0,0
11/20/2025,19:12:14,0,22,203,434,257,22,208,2,2,0,0,0,0
11/20/2025,19:12:19,0,20,198,434,257,21,208,2,2,0,0,0,0
11/20/2025,19:12:24,0,23,198,434,256,20,208,2,1,0,0,-0.0008,0
11/20/2025,19:12:29,0,22,199,435,258,21,210,3,1,0,0,0,0
11/20/2025,19:12:34,0,23,196,435,256,21,208,2,0,0,0,0,0
11/20/2025,19:12:39,0,23,198,434,257,24,209,3,2,0,0,0,0
11/20/2025,19:12:44,0,22,202,432,257,21,208,1,1,0,0,0,0
11/20/2025,19:12:49,0,22,197,434,256,23,208,2,1,0,0,0,0
11/20/2025,19:12:54,0,21,195,434,257,24,210,2,1,0,0,0,0
11/20/2025,19:12:59,0,21,193,434,257,27,209,4,3,0,0,0,0
11/20/2025,19:13:04,0,25,202,434,256,29,207,6,4,0,0,0,0
11/20/2025,19:13:09,0,25,207,435,256,29,208,6,3,0,0,0,0
11/20/2025,19:13:14,0,21,215,435,256,27,209,5,3,0,0,0,0
11/20/2025,19:13:19,0,20,217,434,257,25,209,5,3,0,0,0,0
11/20/2025,19:13:24,0,23,223,435,257,28,209,6,3,0,0,0,0
11/20/2025,19:13:29,0,22,215,433,257,29,208,6,4,0,0,0,0
11/20/2025,19:13:34,0,22,208,436,256,28,208,6,3,0,0,0,0
11/20/2025,19:13:39,0,23,202,434,258,24,210,3,2,0,0,0,0
11/20/2025,19:13:44,0,22,201,435,257,22,209,2,2,0,0,0,0
11/20/2025,19:13:49,0,22,203,435,257,20,209,2,1,0,0,0,0
11/20/2025,19:13:54,0,20,200,434,257,21,209,2,1,0,0,0,0
11/20/2025,19:13:59,0,23,202,434,257,22,209,2,1,0,0,0,0
11/20/2025,19:14:04,0,22,195,434,256,20,208,2,1,0,0,0,0
11/20/2025,19:14:09,0,21,200,435,258,30,209,5,3,0,0,0,0
11/20/2025,19:14:14,0,22,213,432,257,28,209,5,3,0,0,0,0
11/20/2025,19:14:19,0,23,224,436,256,27,208,6,3,0,0,0,0
11/20/2025,19:14:24,0,22,216,435,258,29,208,6,3,0,0,0,0
11/20/2025,19:14:29,0,20,203,433,257,27,209,5,2,0,0,0,0
11/20/2025,19:14:34,0,21,198,434,257,20,209,2,2,0,0,0,0
11/20/2025,19:14:39,0,21,200,432,258,22,210,3,1,0,0,0,0
11/20/2025,19:14:44,0,21,202,433,257,22,208,2,1,0,0,0,0
11/20/2025,19:14:49,0,20,202,431,257,20,209,2,1,0,0,0,0
11/20/2025,19:14:54,0,21,202,432,256,20,208,1,0,0,0,0,0
11/20/2025,19:14:59,0,21,205,432,257,24,209,3,1,0,0,0,0
11/20/2025,19:15:04,0,21,197,432,257,21,210,3,1,0,0,0,0
11/20/2025,19:15:09,0,21,203,434,257,22,208,3,2,0,0,0,0
11/20/2025,19:15:14,0,22,220,434,257,29,208,6,3,0,0,0,0
11/20/2025,19:15:19,0,20,198,433,257,33,208,4,3,0,0,0,0
11/20/2025,19:15:24,0,21,212,435,258,24,208,4,2,0,0,0,0
11/20/2025,19:15:29,0,21,202,433,256,20,209,3,0,0,0,0,0
11/20/2025,19:15:34,0,21,218,432,257,30,208,7,4,0,0,0,0
11/20/2025,19:15:39,0,21,215,433,257,30,210,6,3,0,0,0,0
11/20/2025,19:15:44,0,21,192,433,258,24,210,3,2,0,0,0,0
11/20/2025,19:15:49,0,21,198,432,257,21,207,3,2,0,0,0,0
11/20/2025,19:15:54,0,18,204,435,257,26,209,5,3,0,0,0,0
11/20/2025,19:15:59,0,20,209,433,257,31,208,5,3,0,0,0,0
11/20/2025,19:16:04,0,21,206,433,257,21,209,2,1,0,0,0,0
11/20/2025,19:16:09,0,21,207,432,257,27,209,5,3,0,0,0,0
11/20/2025,19:16:14,0,20,211,434,257,29,209,5,3,0,0,0,0
11/20/2025,19:16:19,0,21,198,432,257,22,208,1,1,0,0,0,0
11/20/2025,19:16:24,0,20,204,435,256,22,208,3,1,0,0,0,-0.0008
11/20/2025,19:16:29,0,19,220,434,256,27,208,5,2,0,0,0,0
11/20/2025,19:16:34,0,21,192,433,257,25,210,3,3,0,0,0,0
11/20/2025,19:16:39,0,22,195,433,256,23,209,2,1,0,0,0,0
11/20/2025,19:16:44,0,20,220,435,257,29,209,6,4,0,0,0,0
11/20/2025,19:16:49,0,21,197,433,257,21,209,2,1,0,0,0,0
11/20/2025,19:16:54,0,22,205,435,256,27,209,5,3,0,0,0,0
11/20/2025,19:16:59,0,18,198,434,257,30,209,5,3,0,0,0,0
11/20/2025,19:17:04,0,22,202,434,256,19,209,3,1,0,0,0,0
11/20/2025,19:17:09,0,21,204,434,257,31,210,6,3,0,0,0,0
11/20/2025,19:17:14,0,19,202,434,257,20,210,3,1,0,0,0,0
11/20/2025,19:17:19,0,20,190,434,257,28,210,4,2,0,0,0,0
11/20/2025,19:17:24,0,22,209,436,256,28,208,6,3,0,0,0,0
11/20/2025,19:17:29,0,20,203,433,257,20,209,1,1,0,0,0,0
11/20/2025,19:17:34,0,21,211,434,257,31,209,6,4,0,0,0,0
11/20/2025,19:17:39,0,21,203,435,258,21,209,2,2,0,0,0,0
11/20/2025,19:17:44,0,21,192,430,257,26,209,3,2,0,0,0,0
11/20/2025,19:17:49,0,21,208,435,257,28,210,6,3,0,0,0,0
11/20/2025,19:17:54,0,22,194,433,257,24,208,2,1,0,0,0,0
11/20/2025,19:17:59,0,20,206,436,257,27,210,5,3,0,0,0,0
11/20/2025,19:18:04,0,20,198,434,257,29,207,5,3,0,0,0,0
11/20/2025,19:18:09,0,23,201,433,257,21,208,3,1,0,0,0,0
11/20/2025,19:18:14,0,20,206,434,256,31,208,6,3,0,0,0,0
11/20/2025,19:18:19,0,20,203,432,257,22,209,3,1,0,0,0,0
11/20/2025,19:18:24,0,23,190,433,256,24,209,2,2,0,0,0,0
11/20/2025,19:18:29,0,22,209,435,257,28,208,5,3,0,0,0,0
11/20/2025,19:18:34,0,22,194,433,257,24,209,2,2,0,0,0,0
11/20/2025,19:18:39,0,22,210,434,258,28,209,5,3,0,0,0,0
11/20/2025,19:18:44,0,23,193,434,256,24,207,2,1,0,0,0,0
11/20/2025,19:18:49,0,22,205,435,258,27,208,5,2,0,0,0,0
11/20/2025,19:18:54,0,23,190,434,256,28,209,3,2,0,0,0,0
11/20/2025,19:19:38,0,23,202,432,256,24,208,4,2,0,0,0,0
11/20/2025,19:19:42,0,22,218,435,257,31,209,6,3,0,0,0,0
11/20/2025,19:19:47,0,21,197,433,257,24,210,2,1,0,0,0,0
11/20/2025,19:19:52,0,21,210,433,257,30,206,6,4,0,0,0,0
11/20/2025,19:19:57,0,21,193,433,256,25,209,2,1,0,0,0,0
11/20/2025,19:20:02,0,24,202,435,257,25,209,3,3,0,0,0,0
11/20/2025,19:20:07,0,22,206,434,257,33,208,5,3,0,0,0,0
11/20/2025,19:20:12,0,22,197,434,257,24,208,2,1,0,0,0,0
11/20/2025,19:20:17,0,20,212,435,256,31,209,6,4,0,0,0,0
11/20/2025,19:20:22,0,21,203,432,257,37,210,6,3,0,0,0,0
11/20/2025,19:20:27,0,24,205,434,257,24,209,2,2,0,0,0,0
11/20/2025,19:20:32,0,22,207,435,257,29,209,5,2,0,0,0,0
11/20/2025,19:20:37,0,22,213,436,256,28,208,6,3,0,0,0,0
11/20/2025,19:20:42,0,22,200,433,257,22,207,3,1,0,0,0,0
11/20/2025,19:20:47,0,21,204,435,255,27,209,4,2,0,0,0,0
11/20/2025,19:20:52,0,24,211,435,257,30,210,5,3,0,0,0,0
11/20/2025,19:20:57,0,23,199,432,257,23,209,1,1,0,0,0,0
11/20/2025,19:21:02,0,22,203,435,257,22,209,4,1,0,0,0,0
11/20/2025,19:21:07,0,20,214,434,257,29,208,5,3,0,0,0,0
11/20/2025,19:21:12,0,21,202,433,257,23,208,1,0,0,0,0,0
11/20/2025,19:21:17,0,22,202,435,257,26,209,3,2,0,0,0,0
11/20/2025,19:21:22,0,22,220,435,257,28,208,5,2,0,0,0,0
11/20/2025,19:21:27,0,21,193,433,256,26,209,2,2,0,0,0,0
11/20/2025,19:21:32,0,21,198,434,256,24,209,2,2,0,0,0,0
11/20/2025,19:21:37,0,21,213,436,257,30,209,5,3,0,0,0,0
11/20/2025,19:21:42,0,23,202,434,258,34,210,5,3,0,0,0,0
11/20/2025,19:21:47,0,22,195,433,257,24,208,3,2,0,0,0,0
11/20/2025,19:21:52,0,22,221,433,257,31,210,6,3,0,0,0,0
11/20/2025,19:21:57,0,22,194,432,257,25,208,2,1,0,0,0,0
11/20/2025,19:22:02,0,24,201,434,257,22,209,3,1,0,0,0,0
11/20/2025,19:22:07,0,22,197,433,257,27,207,3,2,0,0,0,0
11/20/2025,19:22:12,0,24,197,434,256,23,208,2,1,0,0,0,0
11/20/2025,19:22:17,0,23,200,434,257,22,209,2,1,0,0,0,0
11/20/2025,19:22:22,0,21,217,432,257,31,210,6,4,0,0,0,0
11/20/2025,19:22:27,0,21,200,434,257,34,210,5,3,0,0,0,0
11/20/2025,19:22:32,0,23,205,432,257,25,208,2,1,0,0,0,0
11/20/2025,19:22:37,0,22,205,435,257,27,207,5,3,0,0,0,0
11/20/2025,19:22:42,0,21,206,432,257,28,207,6,3,0,0,0,0
11/20/2025,19:22:47,0,19,204,434,257,25,209,3,1,0,0,0,0
11/20/2025,19:22:52,0,22,206,433,257,29,211,6,3,0,0,0,0
11/20/2025,19:22:57,0,22,212,435,255,30,208,6,3,0,0,0,0
11/20/2025,19:23:02,0,22,200,434,257,24,209,1,1,0,0,0,0
11/20/2025,19:23:07,0,20,200,434,257,24,209,3,1,0,0,0,0
11/20/2025,19:23:12,0,23,217,435,257,31,207,7,4,0,0,0,0
11/20/2025,19:23:17,0,22,208,435,257,31,209,6,3,0,0,0,0
11/20/2025,19:23:22,0,21,196,433,257,24,209,1,1,0,0,0,0
11/20/2025,19:23:27,0,24,199,433,257,25,209,3,1,0,0,0,0
11/20/2025,19:23:32,0,21,211,436,258,29,209,5,3,0,0,0,0
11/20/2025,19:23:37,0,23,208,434,257,31,209,6,3,0,0,0,0
11/20/2025,19:23:42,0,21,202,432,257,22,208,1,0,0,0,0,0
11/20/2025,19:23:47,0,21,203,434,257,24,210,4,1,-0.0008,0,0,0
11/20/2025,19:23:52,0,20,222,435,257,30,209,6,3,0,0,0,0
11/20/2025,19:23:57,0,18,204,434,257,31,209,5,3,0,0,0,0
11/20/2025,19:24:02,0,21,201,433,256,23,208,1,1,0,0,0,0
11/20/2025,19:24:07,0,21,198,432,257,26,208,3,1,0,0,0,-0.0008
11/20/2025,19:24:12,0,21,205,435,256,28,208,5,2,0,0,0,0
11/20/2025,19:24:17,0,19,215,435,257,29,209,5,3,0,0,0,0
11/20/2025,19:24:22,0,21,192,430,257,27,210,3,2,0,0,0,0
11/20/2025,19:24:27,0,22,205,433,257,24,210,3,2,0,0,0,0
11/20/2025,19:24:32,0,20,202,435,257,21,209,3,1,0,0,0,0
11/20/2025,19:24:37,0,22,218,435,255,32,208,6,3,0,0,0,0
11/20/2025,19:24:42,0,21,212,434,257,33,209,6,3,0,0,0,0
11/20/2025,19:24:47,0,20,191,433,257,24,209,2,1,0,0,0,0
11/20/2025,19:24:52,0,22,204,433,256,24,208,2,1,0,0,0,0
11/20/2025,19:24:57,0,20,202,434,256,23,209,2,2,0,0,0,0
11/20/2025,19:25:02,0,22,215,435,257,30,208,6,3,0,0,0,0
11/20/2025,19:25:07,0,20,220,435,257,29,208,4,2,0,0,0,0
11/20/2025,19:25:12,0,22,206,434,257,33,209,6,3,0,0,0,0
11/20/2025,19:25:17,0,21,193,433,257,27,208,3,1,0,0,0,0
11/20/2025,19:25:22,0,21,202,432,257,24,208,2,1,0,0,0,0
11/20/2025,19:25:27,0,20,199,434,257,23,208,3,1,0,0,0,0
11/20/2025,19:25:32,0,21,203,435,257,26,209,4,2,0,0,0,-0.0008
11/20/2025,19:25:37,0,19,226,434,257,32,209,7,3,0,0,0,0
11/20/2025,19:25:42,0,23,203,435,255,34,212,5,3,0,0,0,0
11/20/2025,19:25:47,0,23,194,434,256,23,209,2,1,0,0,0,0
11/20/2025,19:25:52,0,27,206,433,256,24,209,2,1,0,0,0,-0.0008
11/20/2025,19:25:57,0,22,197,432,257,24,209,3,2,0,0,0,0
11/20/2025,19:26:02,0,21,204,435,256,28,209,5,3,0,0,0,0
11/20/2025,19:26:07,0,24,220,435,257,29,209,5,3,0,0,0,0
11/20/2025,19:26:12,0,20,193,434,256,32,208,5,2,0,0,0,0
11/20/2025,19:26:17,0,22,201,433,257,23,209,2,1,0,0,0,-0.0008
11/20/2025,19:26:22,0,24,199,433,256,22,208,3,0,0,0,0,0
11/20/2025,19:26:27,0,22,210,436,255,30,210,6,3,0,0,0,-0.0008
11/20/2025,19:26:32,0,25,215,435,256,29,209,5,3,0,0,0,0
11/20/2025,19:26:37,0,20,194,433,257,28,209,3,2,0,0,0,0
11/20/2025,19:26:42,0,20,202,431,257,24,208,2,1,0,0,0,0
11/20/2025,19:26:47,0,21,201,434,256,24,209,3,1,0,0,0,0
11/20/2025,19:26:52,0,21,208,436,257,30,209,6,3,0,0,0,0
11/20/2025,19:26:57,0,22,220,436,255,29,208,5,2,0,0,0,0
11/20/2025,19:27:02,0,20,209,435,257,34,207,6,3,0,0,0,0
11/20/2025,19:27:07,0,19,195,432,257,32,208,5,3,0,0,0,0
11/20/2025,19:27:12,0,21,198,431,257,24,207,2,1,0,0,0,0
11/20/2025,19:27:17,0,22,197,434,257,24,207,4,1,0,0,0,0
11/20/2025,19:27:22,0,21,203,434,257,28,209,5,2,0,0,0,0
11/20/2025,19:27:27,0,21,217,434,257,32,210,6,3,0,0,0,-0.0008
11/20/2025,19:27:32,0,28,216,437,258,29,208,5,3,0,0,0,0
11/20/2025,19:27:37,0,24,196,434,257,32,208,6,3,0,0,0,0
11/20/2025,19:27:42,0,21,202,435,258,24,207,2,0,0,0,0,0
11/20/2025,19:27:47,0,20,199,435,257,22,210,3,1,0,0,0,-0.0008
11/20/2025,19:27:52,0,21,207,437,257,27,210,5,3,0,0,0,0
11/20/2025,19:27:57,0,21,219,436,256,31,209,6,4,0,0,0,0
11/20/2025,19:28:02,0,20,214,434,256,32,210,6,3,0,0,0,0
11/20/2025,19:28:07,0,20,191,434,257,32,208,4,3,0,0,0,0
11/20/2025,19:28:12,0,22,198,435,257,24,208,1,1,0,0,0,0
11/20/2025,19:28:17,0,21,197,431,257,29,210,4,1,0,0,0,0
11/20/2025,19:28:22,0,21,201,435,257,23,207,3,1,0,0,0,0
11/20/2025,19:28:27,0,20,212,435,257,31,208,5,3,0,0,0,0
11/20/2025,19:28:32,0,20,221,434,257,31,210,7,3,0,0,0,0
11/20/2025,19:28:37,0,17,204,436,259,34,210,5,4,0,0,0,0
11/20/2025,19:28:42,0,21,199,434,256,22,208,2,1,0,0,0,0
11/20/2025,19:28:47,0,20,199,435,257,22,209,3,1,0,0,0,-0.0008
11/20/2025,19:28:52,0,19,200,435,257,26,209,3,1,0,0,0,0
11/20/2025,19:28:57,0,20,216,435,257,32,208,6,3,0,0,0,0
11/20/2025,19:29:02,0,23,204,435,256,35,209,5,3,0,0,0,0
11/20/2025,19:29:47,0,21,205,433,256,26,207,5,2,0,0,0,0
11/20/2025,19:29:51,0,21,221,436,257,31,209,7,3,0,0,0,-0.0008
11/20/2025,19:29:56,0,19,206,435,257,35,210,5,3,0,0,0,0
11/20/2025,19:30:01,0,22,192,434,257,28,210,4,2,0,0,0,0
11/20/2025,19:30:06,0,20,202,432,257,24,207,2,1,0,0,0,0
11/20/2025,19:30:11,0,21,199,434,257,22,210,3,1,0,0,0,0
11/20/2025,19:30:16,0,21,202,436,257,23,210,4,1,0,0,0,-0.0008
11/20/2025,19:30:21,0,20,208,435,256,29,208,5,3,0,0,0,0
11/20/2025,19:30:26,0,21,222,434,257,32,208,6,3,0,0,0,0
11/20/2025,19:30:31,0,21,207,435,256,33,208,5,3,0,0,0,0
11/20/2025,19:30:36,0,21,193,435,256,27,208,3,1,0,0,0,0
11/20/2025,19:30:41,0,22,204,433,257,27,208,2,1,0,0,0,0
11/20/2025,19:30:46,0,20,203,432,257,22,209,3,1,0,0,0,0
11/20/2025,19:30:51,0,20,203,435,257,22,209,4,2,0,0,0,0
11/20/2025,19:30:56,0,20,212,435,258,31,209,6,3,0,0,0,0
11/20/2025,19:31:01,0,22,221,435,257,33,209,6,2,0,0,0,0
11/20/2025,19:31:06,0,21,209,432,257,32,209,6,3,0,0,0,0
11/20/2025,19:31:11,0,21,196,434,256,34,209,5,3,0,0,0,0
11/20/2025,19:31:16,0,21,194,433,256,28,208,2,2,0,0,0,0
11/20/2025,19:31:21,0,22,197,433,256,26,208,2,1,0,0,0,0
11/20/2025,19:31:26,0,20,203,433,257,24,208,3,1,0,0,0,0
11/20/2025,19:31:31,0,22,195,433,256,25,208,3,2,0,0,0,0
11/20/2025,19:31:36,0,21,200,430,256,25,208,3,1,0,0,0,0
11/20/2025,19:31:41,0,22,203,434,257,23,209,3,2,0,0,0,0
11/20/2025,19:31:46,0,22,214,434,257,31,209,6,3,0,0,0,0
11/20/2025,19:31:51,0,22,217,434,257,32,208,6,3,0,0,0,0
11/20/2025,19:31:56,0,22,203,431,257,33,210,6,3,0,0,0,0
11/20/2025,19:32:01,0,21,194,432,256,26,209,2,2,0,0,0,0
11/20/2025,19:32:06,0,18,202,432,256,25,207,3,1,0,0,0,0
11/20/2025,19:32:11,0,20,201,433,257,23,209,3,1,0,0,0,0
11/20/2025,19:32:16,0,21,220,434,256,32,208,6,4,0,0,0,0
11/20/2025,19:32:21,0,26,208,432,256,34,208,6,4,0,0,0,0
11/20/2025,19:32:26,0,20,199,432,256,22,210,2,1,0,0,0,0
11/20/2025,19:32:31,0,22,192,429,257,33,209,5,3,0,0,0,0
11/20/2025,19:32:36,0,22,192,432,257,26,209,3,2,0,0,0,0
11/20/2025,19:32:41,0,23,198,432,257,24,209,2,1,0,0,0,0
11/20/2025,19:32:46,0,23,199,433,257,23,208,3,1,0,-0.0008,0,0
11/20/2025,19:32:51,0,21,203,435,257,24,210,3,1,0,0,0,0
11/20/2025,19:32:56,0,22,209,434,256,30,208,6,3,0,0,0,0
11/20/2025,19:33:01,0,24,223,434,257,30,209,6,3,0,0,0,0
11/20/2025,19:33:06,0,18,198,432,256,36,208,4,3,0,0,0,0
11/20/2025,19:33:11,0,22,196,433,256,24,208,3,1,0,0,0,0
11/20/2025,19:33:16,0,22,202,432,256,23,209,2,1,0,0,0,0
11/20/2025,19:33:21,0,22,201,432,256,19,209,3,2,0,0,0,0
11/20/2025,19:33:26,0,24,203,432,256,23,208,3,1,0,0,0,0
11/20/2025,19:33:31,0,22,209,435,255,30,208,6,3,0,0,0,0
11/20/2025,19:33:36,0,21,214,434,257,34,209,7,3,0,0,0,0
11/20/2025,19:33:41,0,17,221,434,256,31,209,4,3,0,0,0,0
11/20/2025,19:33:46,0,21,213,433,257,32,207,6,3,0,0,0,0
11/20/2025,19:33:51,0,24,198,432,257,33,208,5,3,0,0,0,0
11/20/2025,19:33:56,0,23,195,432,257,26,209,2,1,0,0,0,-0.0008
11/20/2025,19:34:01,0,23,201,431,257,25,209,2,1,0,0,0,-0.0008
11/20/2025,19:34:06,0,19,198,432,257,26,208,2,2,0,0,0,0
11/20/2025,19:34:11,0,23,201,433,257,23,208,3,2,0,0,0,-0.0008
11/20/2025,19:34:16,0,23,204,433,256,26,207,5,2,0,0,0,0
11/20/2025,19:34:21,0,23,210,434,256,31,208,6,3,0,0,0,0
11/20/2025,19:34:26,0,21,220,431,256,31,208,7,3,0,0,0,0
11/20/2025,19:34:31,0,21,221,434,255,30,203,7,2,-0.0008,0,0,0
11/20/2025,19:34:36,0,21,214,432,258,32,209,6,2,0,0,0,0
11/20/2025,19:34:41,0,21,203,433,257,32,209,5,3,0,0,0,0
11/20/2025,19:34:46,0,18,199,433,256,34,208,5,3,0,0,0,0
11/20/2025,19:34:51,0,24,198,433,257,32,209,6,3,0,0,0,0
11/20/2025,19:34:56,0,22,194,433,255,31,208,5,3,0,0,0,0
11/20/2025,19:35:01,0,21,191,431,257,32,210,6,3,0,0,0,-0.0008
11/20/2025,19:35:06,0,20,192,432,257,33,209,4,3,0,0,0,0
11/20/2025,19:35:11,0,22,200,433,257,38,209,6,3,0,0,0,0
11/20/2025,19:35:16,0,20,207,434,257,33,207,6,3,0,0,0,0
11/20/2025,19:35:21,0,24,208,434,256,30,208,5,3,0,0,0,0
11/20/2025,19:35:26,0,21,197,434,256,33,208,6,3,0,0,0,0
11/20/2025,19:35:31,0,21,195,432,257,24,208,2,1,0,0,0,0
11/20/2025,19:35:36,0,21,196,432,257,25,207,3,2,0,0,0,0
11/20/2025,19:35:41,0,20,201,434,256,22,209,2,1,0,0,0,0
11/20/2025,19:35:46,0,22,210,432,257,31,209,6,3,0,0,0,0
11/20/2025,19:35:51,0,25,220,435,257,28,208,5,3,0,0,0,0
11/20/2025,19:35:56,0,21,200,433,257,33,208,6,3,0,0,0,0
11/20/2025,19:36:01,0,22,199,433,257,25,208,2,1,0,0,0,0
11/20/2025,19:36:06,0,21,197,435,258,24,208,3,1,0,0,0,0
11/20/2025,19:36:11,0,22,202,435,257,23,208,3,1,0,0,0,0
11/20/2025,19:36:16,0,21,209,433,257,32,209,6,3,0,0,0,0
11/20/2025,19:36:21,0,22,224,433,257,31,207,6,3,0,0,0,0
11/20/2025,19:36:26,0,21,214,435,256,31,208,6,2,0,0,0,0
11/20/2025,19:36:31,0,20,212,433,257,33,208,7,3,0,0,0,0
11/20/2025,19:36:36,0,24,211,435,256,30,208,5,3,0,0,0,-0.0008
11/20/2025,19:36:41,0,21,207,435,256,32,208,5,2,0,0,0,0
11/20/2025,19:36:46,0,22,192,433,257,28,209,3,2,0,0,0,0
11/20/2025,19:36:51,0,22,201,433,257,23,209,2,1,0,0,0,-0.0008
11/20/2025,19:36:56,0,25,198,434,256,25,209,3,2,0,0,0,-0.0008
11/20/2025,19:37:01,0,21,198,433,256,24,209,3,1,0,0,0,0
11/20/2025,19:37:06,0,19,201,435,254,22,207,3,0,0,0,0,0
11/20/2025,19:37:11,0,23,205,433,257,28,209,5,2,0,0,0,0
11/20/2025,19:37:16,0,23,220,435,256,32,208,7,3,0,0,0,0
11/20/2025,19:37:21,0,23,214,434,257,31,208,5,2,0,0,0,0
11/20/2025,19:37:26,0,20,205,433,257,34,209,6,4,0,0,0,0
11/20/2025,19:37:31,0,19,189,431,257,35,209,6,2,0,0,0,0
11/20/2025,19:37:36,0,22,195,433,256,24,209,3,1,0,0,0,0
11/20/2025,19:37:41,0,22,205,430,257,25,209,2,1,0,0,0,0
11/20/2025,19:37:46,0,22,193,433,257,27,209,3,2,0,0,0,0
11/20/2025,19:37:51,0,19,198,434,257,24,207,3,1,0,0,0,0
11/20/2025,19:37:56,0,23,200,434,256,24,209,2,1,0,0,0,0
11/20/2025,19:38:01,0,21,197,433,257,24,209,3,2,0,0,0,0
11/20/2025,19:38:06,0,21,195,433,257,26,209,3,1,0,0,0,0
11/20/2025,19:38:11,0,15,199,434,257,28,209,3,1,0,0,0,0
11/20/2025,19:38:16,0,22,201,434,257,25,208,2,1,0,0,0,-0.0008
11/20/2025,19:38:21,0,22,193,433,257,26,209,3,2,0,0,0,0
11/20/2025,19:38:26,0,23,196,434,257,32,208,5,3,0,0,0,0
11/20/2025,19:38:31,0,23,201,434,256,33,209,6,3,0,0,0,0
11/20/2025,19:38:36,0,23,208,435,257,32,209,7,4,0,0,0,0
11/20/2025,19:38:41,0,19,215,436,256,29,208,6,4,0,0,0,0
11/20/2025,19:38:46,0,22,212,435,256,31,208,6,3,0,0,0,0
11/20/2025,19:38:51,0,21,201,435,257,24,209,3,1,0,0,0,0
11/20/2025,19:38:56,0,19,199,434,257,24,209,2,1,0,0,0,0
11/20/2025,19:39:01,0,22,196,434,256,25,209,3,1,0,0,0,0
11/20/2025,19:39:06,0,21,203,434,257,25,209,2,1,0,0,0,0
11/20/2025,19:39:11,0,22,189,433,256,29,209,4,2,0,0,0,0
11/20/2025,19:39:57,0,20,217,436,257,26,208,7,3,0,0,0,0
11/20/2025,19:40:01,0,20,200,434,256,24,208,3,1,0,0,0,0
11/20/2025,19:40:06,0,22,199,436,256,25,209,2,1,0,0,0,0
11/20/2025,19:40:11,0,23,192,433,256,28,208,3,2,0,0,0,0
11/20/2025,19:40:16,0,20,208,435,256,32,208,5,3,0,0,0,0
11/20/2025,19:40:21,0,22,222,436,255,30,209,6,3,0,0,0,0
11/20/2025,19:40:26,0,22,209,436,256,30,208,6,3,0,0,0,0
11/20/2025,19:40:31,0,20,200,434,255,24,208,3,1,0,0,0,-0.0008
11/20/2025,19:40:36,0,23,195,434,256,25,209,3,2,0,0,0,0
11/20/2025,19:40:41,0,22,198,434,257,28,209,4,1,0,0,0,0
11/20/2025,19:40:46,0,20,197,434,257,26,209,3,2,0,0,0,0
11/20/2025,19:40:51,0,21,195,434,256,23,208,3,1,0,0,0,0
11/20/2025,19:40:56,0,22,196,433,256,25,207,3,2,0,0,0,0
11/20/2025,19:41:01,0,22,197,434,256,27,207,3,1,0,0,0,0
11/20/2025,19:41:06,0,24,198,434,257,24,209,2,2,0,0,0,0
11/20/2025,19:41:11,0,25,195,431,257,26,208,3,1,0,0,0,0
11/20/2025,19:41:16,0,19,196,434,256,28,209,3,2,0,0,0,0
11/20/2025,19:41:21,0,22,199,433,257,26,208,3,1,0,0,0,0
11/20/2025,19:41:26,0,23,202,435,256,21,209,3,1,0,0,0,0
11/20/2025,19:41:31,0,22,206,436,257,31,208,6,3,0,0,0,0
11/20/2025,19:41:36,0,23,224,435,257,32,208,6,3,0,0,0,0
11/20/2025,19:41:41,0,23,200,435,255,35,207,6,3,0,0,0,0
11/20/2025,19:41:46,0,22,195,434,257,26,209,2,1,0,0,0,0
11/20/2025,19:41:51,0,22,198,434,256,25,208,2,1,0,0,0,0
11/20/2025,19:41:56,0,23,198,434,256,24,208,2,1,0,0,0,0
11/20/2025,19:42:01,0,23,202,433,256,26,208,2,1,0,0,0,0
11/20/2025,19:42:06,0,22,197,434,256,25,209,3,2,0,0,0,0
11/20/2025,19:42:11,0,22,201,433,257,25,209,3,2,0,0,0,0
11/20/2025,19:42:16,0,23,213,433,256,32,209,7,3,0,0,0,0
11/20/2025,19:42:21,0,22,223,435,256,31,209,6,3,0,0,0,0
11/20/2025,19:42:26,0,28,212,436,257,33,208,6,3,0,0,0,0
11/20/2025,19:42:31,0,22,189,433,256,29,209,3,2,0,0,0,0
11/20/2025,19:42:36,0,23,205,433,256,26,209,3,1,0,0,0,0
11/20/2025,19:42:41,0,23,201,435,255,22,207,3,1,0,0,0,0
11/20/2025,19:42:46,0,22,207,435,256,29,208,6,3,0,0,0,0
11/20/2025,19:42:51,0,23,195,433,257,31,209,4,3,0,0,0,0
11/20/2025,19:42:56,0,22,199,434,256,34,209,6,3,0,0,0,0
11/20/2025,19:43:01,0,22,195,434,257,24,208,4,1,0,0,0,0
11/20/2025,19:43:06,0,21,212,435,256,30,208,6,4,0,0,0,0
11/20/2025,19:43:11,0,25,206,436,258,35,207,6,3,0,0,0,0
11/20/2025,19:43:16,0,23,197,433,256,27,208,3,1,0,0,0,0
11/20/2025,19:43:21,0,22,199,433,256,26,210,3,2,0,0,0,-0.0008
11/20/2025,19:43:26,0,20,201,435,256,21,208,2,1,0,0,0,0
11/20/2025,19:43:31,0,22,216,435,256,33,208,7,3,0,0,0,-0.0008
11/20/2025,19:43:36,0,22,211,435,258,33,209,6,3,0,0,0,0
11/20/2025,19:43:41,0,25,194,434,256,32,209,5,3,0,0,0,0
11/20/2025,19:43:46,0,21,193,433,256,26,207,2,1,0,0,0,0
11/20/2025,19:43:51,0,27,202,434,257,27,207,4,1,0,0,0,0
11/20/2025,19:43:56,0,21,203,432,257,25,209,3,1,0,0,0,0
11/20/2025,19:44:01,0,22,201,435,256,26,207,5,2,0,0,0,0
11/20/2025,19:44:06,0,21,214,435,256,32,208,7,3,0,0,0,0
11/20/2025,19:44:11,0,22,216,435,254,31,207,6,3,0,0,0,0
11/20/2025,19:44:16,0,23,201,433,257,35,208,7,3,0,0,0,0
11/20/2025,19:44:21,0,22,194,434,256,29,209,3,2,0,0,0,0
11/20/2025,19:44:26,0,19,200,434,256,26,208,2,1,0,0,0,0
11/20/2025,19:44:31,0,22,205,436,256,28,209,5,2,0,0,0,0
11/20/2025,19:44:36,0,23,223,436,257,29,208,6,3,0,0,0,0
11/20/2025,19:44:41,0,22,211,435,256,33,207,6,3,0,0,0,0
11/20/2025,19:44:46,0,19,200,433,256,36,208,4,3,0,0,0,-0.0008
11/20/2025,19:44:51,0,21,195,434,256,27,208,3,2,0,0,0,0
11/20/2025,19:44:56,0,20,198,433,257,31,208,3,2,0,0,0,-0.0008
11/20/2025,19:45:01,0,22,199,435,256,24,209,3,1,0,0,0,0
11/20/2025,19:45:06,0,21,204,436,256,25,208,3,1,0,0,0,0
11/20/2025,19:45:11,0,20,212,436,257,32,208,7,3,0,0,0,0
11/20/2025,19:45:16,0,17,219,436,256,31,209,6,3,0,0,0,0
11/20/2025,19:45:21,0,21,201,436,258,34,208,6,2,0,0,0,0
11/20/2025,19:45:26,0,21,196,435,255,26,208,3,1,0,0,0,-0.0008
11/20/2025,19:45:31,0,23,199,434,257,28,208,3,2,0,0,0,0
11/20/2025,19:45:36,0,21,200,434,256,22,208,3,1,0,0,0,0
11/20/2025,19:45:41,0,19,212,436,256,32,209,7,3,0,0,0,0
11/20/2025,19:45:46,0,22,207,435,256,33,209,6,3,0,0,0,0
11/20/2025,19:45:51,0,22,195,432,257,27,209,3,1,0,0,0,0
11/20/2025,19:45:56,0,21,198,433,257,26,207,4,1,0,0,0,0
11/20/2025,19:46:01,0,19,203,435,256,23,207,3,1,0,0,0,0
11/20/2025,19:46:06,0,20,211,436,256,31,208,6,3,0,0,0,0
11/20/2025,19:46:11,0,25,214,436,256,33,209,6,3,0,0,0,0
11/20/2025,19:46:16,0,18,193,435,256,35,208,5,4,0,0,0,0
11/20/2025,19:46:21,0,20,192,434,256,27,208,2,2,0,0,0,0
11/20/2025,19:46:26,0,22,203,434,256,27,208,3,1,0,0,0,0
11/20/2025,19:46:31,0,21,203,436,256,23,209,4,2,0,0,0,0
11/20/2025,19:46:36,0,21,223,436,256,31,209,6,3,0,0,0,0
11/20/2025,19:46:41,0,22,213,435,256,32,208,5,3,0,0,0,0
11/20/2025,19:46:46,0,20,207,435,256,34,208,6,4,0,0,0,0
11/20/2025,19:46:51,0,20,190,432,256,28,207,4,1,0,0,0,0
11/20/2025,19:46:56,0,22,203,435,255,26,208,3,1,0,0,0,0
11/20/2025,19:47:01,0,21,199,434,256,24,209,3,1,-0.0008,0,0,0
11/20/2025,19:47:06,0,22,204,436,257,24,210,4,1,0,0,0,0
11/20/2025,19:47:11,0,21,210,435,256,32,208,7,3,0,0,0,0
11/20/2025,19:47:16,0,23,225,434,256,33,209,7,3,0,0,0,0
11/20/2025,19:47:21,0,20,206,435,256,33,209,6,3,0,0,0,0
11/20/2025,19:47:26,0,23,195,433,256,26,208,3,1,0,0,0,-0.0008
11/20/2025,19:47:31,0,23,198,435,254,25,207,4,1,0,0,0,0
11/20/2025,19:47:36,0,25,204,434,256,22,208,3,1,0,0,0,0
11/20/2025,19:47:41,0,22,205,435,256,29,209,5,3,0,0,0,0
11/20/2025,19:47:46,0,21,213,435,256,32,208,7,3,0,0,0,0
11/20/2025,19:47:51,0,20,220,435,256,30,209,7,2,0,-0.0008,0,0
11/20/2025,19:47:56,0,20,208,435,256,33,209,5,3,0,0,0,0
11/20/2025,19:48:01,0,21,192,431,257,32,208,4,2,0,0,0,0
11/20/2025,19:48:06,0,22,199,434,257,25,209,2,1,0,0,0,0
11/20/2025,19:48:11,0,21,195,434,256,26,209,4,2,0,0,0,0
11/20/2025,19:48:16,0,23,200,433,254,22,207,4,1,0,0,0,0
11/20/2025,19:48:21,0,23,210,436,256,31,209,7,3,0,0,0,0
11/20/2025,19:48:26,0,22,220,436,254,33,209,6,3,0,0,0,0
11/20/2025,19:48:31,0,22,215,435,257,33,209,7,3,0,0,0,-0.0008
11/20/2025,19:48:36,0,22,203,435,255,34,208,6,4,0,0,0,0
11/20/2025,19:48:41,0,22,190,432,256,31,207,4,2,0,0,0,0
11/20/2025,19:48:46,0,22,198,433,257,26,207,3,1,0,0,0,0
11/20/2025,19:48:51,0,22,196,432,256,27,207,4,1,0,0,0,0
11/20/2025,19:48:56,0,22,202,435,256,30,208,5,2,0,0,0,0
11/20/2025,19:49:01,0,21,219,435,256,34,207,7,3,0,0,0,0
11/20/2025,19:49:06,0,18,213,435,257,31,209,6,3,0,0,0,-0.0008
11/20/2025,19:49:11,0,22,189,433,256,29,208,4,2,0,0,0,0
11/20/2025,19:49:16,0,21,201,434,256,25,207,3,1,0,0,0,0
11/20/2025,19:49:21,0,24,195,434,257,26,208,2,2,0,0,0,0
11/20/2025,19:49:26,0,21,204,435,256,24,209,3,1,0,0,0,0
11/20/2025,19:49:58,0,22,208,436,255,29,207,6,2,0,0,0,0
11/20/2025,19:50:01,0,22,193,434,255,26,207,3,1,0,0,0,0
11/20/2025,19:50:06,0,23,202,434,257,23,208,2,1,0,0,0,0
11/20/2025,19:50:11,0,22,194,433,256,26,207,4,2,0,0,0,0
11/20/2025,19:50:16,0,22,198,434,256,26,208,3,1,0,0,0,0
11/20/2025,19:50:21,0,23,197,434,255,26,208,2,1,0,0,0,0
11/20/2025,19:50:26,0,24,203,434,256,23,208,3,1,0,0,0,0
11/20/2025,19:50:31,0,23,206,435,256,31,206,7,3,0,0,0,-0.0008
11/20/2025,19:50:36,0,23,218,435,256,33,208,7,4,0,0,0,0
11/20/2025,19:50:41,0,23,217,435,256,32,208,5,2,0,0,0,0
11/20/2025,19:50:46,0,23,205,433,256,34,207,7,3,0,0,0,0
11/20/2025,19:50:51,0,22,192,434,257,29,209,3,2,0,0,0,0
11/20/2025,19:50:56,0,23,196,433,256,26,207,2,1,0,0,0,0
11/20/2025,19:51:01,0,19,204,434,256,26,208,3,1,0,0,0,0
11/20/2025,19:51:06,0,23,197,434,256,26,209,3,2,0,0,0,0
11/20/2025,19:51:11,0,19,203,436,257,24,208,3,1,0,0,0,0
11/20/2025,19:51:16,0,23,212,435,256,31,209,6,3,0,0,0,0
11/20/2025,19:51:21,0,24,220,435,256,32,209,6,3,0,0,0,0
11/20/2025,19:51:26,0,22,191,433,255,33,207,6,3,0,0,0,-0.0008
11/20/2025,19:51:31,0,21,200,433,256,26,208,2,1,0,0,0,0
11/20/2025,19:51:36,0,21,199,434,256,24,208,3,1,0,0,0,0
11/20/2025,19:51:41,0,22,207,434,256,31,208,6,3,0,0,0,0
11/20/2025,19:51:46,0,21,223,434,256,32,207,7,3,0,0,0,0
11/20/2025,19:51:51,0,20,207,435,256,34,209,6,3,0,0,0,0
11/20/2025,19:51:56,0,20,193,433,256,28,208,3,1,0,0,0,0
11/20/2025,19:52:01,0,21,205,433,256,27,209,3,2,0,0,0,0
11/20/2025,19:52:06,0,23,202,434,256,23,208,3,1,0,0,0,0
11/20/2025,19:52:11,0,21,214,435,256,33,208,7,4,0,0,0,0
11/20/2025,19:52:16,0,22,212,435,256,37,208,6,3,0,0,0,0
11/20/2025,19:52:21,0,20,190,433,256,29,208,3,3,0,0,0,0
11/20/2025,19:52:26,0,23,202,432,256,27,207,3,1,0,0,0,0
11/20/2025,19:52:31,0,24,199,435,258,24,207,4,1,0,0,0,0
11/20/2025,19:52:36,0,22,211,435,255,31,208,6,3,0,0,0,0
11/20/2025,19:52:41,0,22,196,431,256,31,209,5,2,0,0,0,-0.0008
11/20/2025,19:52:46,0,24,202,434,256,35,209,7,3,0,0,0,0
11/20/2025,19:52:51,0,21,196,434,255,25,207,2,1,0,0,0,0
11/20/2025,19:52:56,0,22,197,433,256,27,209,3,2,0,0,0,0
11/20/2025,19:53:01,0,20,202,435,256,28,208,5,3,0,0,0,0
11/20/2025,19:53:06,0,24,221,435,256,34,209,5,3,0,0,0,0
11/20/2025,19:53:11,0,23,200,434,258,35,208,7,3,0,0,0,0
11/20/2025,19:53:16,0,22,197,433,257,25,208,3,1,0,0,0,0
11/20/2025,19:53:21,0,24,196,433,256,29,209,4,2,0,0,0,0
11/20/2025,19:53:26,0,20,202,433,256,24,209,3,2,0,0,0,0
11/20/2025,19:53:31,0,21,213,433,256,32,208,6,3,0,0,0,0
11/20/2025,19:53:36,0,22,204,433,257,35,209,6,3,0,0,0,0
11/20/2025,19:53:41,0,21,199,432,256,25,208,2,1,0,0,0,0
11/20/2025,19:53:46,0,22,201,433,256,23,209,3,1,0,0,0,0
11/20/2025,19:53:51,0,21,222,433,257,33,208,7,3,0,0,0,0
11/20/2025,19:53:56,0,21,200,432,256,38,208,6,3,0,0,0,0
11/20/2025,19:54:01,0,23,199,429,256,27,209,3,1,0,0,0,0
11/20/2025,19:54:06,0,21,200,432,256,22,209,3,1,0,0,0,0
11/20/2025,19:54:11,0,22,213,434,256,32,209,6,3,0,0,-0.0008,0
11/20/2025,19:54:16,0,22,207,433,256,32,208,6,3,0,0,0,0
11/20/2025,19:54:21,0,24,195,431,255,28,207,3,1,0,0,0,0
11/20/2025,19:54:26,0,24,202,432,256,30,208,3,2,0,0,0,0
11/20/2025,19:54:31,0,22,199,431,256,23,207,3,0,0,0,0,0
11/20/2025,19:54:36,0,24,205,433,256,31,209,6,3,0,0,0,0
11/20/2025,19:54:41,0,26,224,434,256,32,208,6,3,0,0,0,0
11/20/2025,19:54:46,0,21,199,433,257,35,207,6,3,0,0,0,0
11/20/2025,19:54:51,0,23,194,431,256,27,209,2,1,0,0,0,0
11/20/2025,19:54:56,0,21,202,431,256,27,208,4,1,0,0,0,0
11/20/2025,19:55:01,0,23,203,433,255,26,208,3,1,0,0,0,0
11/20/2025,19:55:06,0,21,221,432,257,33,209,7,3,0,0,0,0
11/20/2025,19:55:11,0,23,208,433,257,34,209,6,3,0,0,0,0
11/20/2025,19:55:16,0,23,196,429,256,37,207,7,2,0,0,0,0
11/20/2025,19:55:21,0,21,194,429,256,28,209,3,1,0,0,0,0
11/20/2025,19:55:26,0,21,203,431,256,25,209,2,1,0,0,0,0
11/20/2025,19:55:31,0,21,199,432,256,25,208,3,2,0,0,0,0
11/20/2025,19:55:36,0,22,205,430,256,31,208,6,3,0,0,0,-0.0008
11/20/2025,19:55:41,0,20,221,432,257,33,209,7,3,0,0,0,0
11/20/2025,19:55:46,0,22,213,433,257,31,209,6,3,0,0,0,0
11/20/2025,19:55:51,0,21,189,429,257,35,209,5,3,0,0,0,0
11/20/2025,19:55:56,0,21,200,431,256,26,209,2,1,0,0,0,0
11/20/2025,19:56:01,0,23,199,432,256,25,209,3,2,0,0,0,0
11/20/2025,19:56:06,0,22,203,430,256,28,208,5,2,0,0,0,0
11/20/2025,19:56:11,0,22,219,433,256,34,208,7,4,0,0,0,0
11/20/2025,19:56:16,0,22,211,433,257,32,208,6,3,0,0,0,0
11/20/2025,19:56:21,0,22,197,431,256,35,208,6,3,0,0,0,0
11/20/2025,19:56:26,0,22,192,430,256,27,207,3,1,0,0,0,0
11/20/2025,19:56:31,0,20,204,431,256,26,209,3,1,0,0,0,0
11/20/2025,19:56:36,0,21,200,432,255,23,209,3,1,0,0,0,0
11/20/2025,19:56:41,0,22,213,434,257,32,208,6,3,0,0,0,0
11/20/2025,19:56:46,0,23,215,434,256,32,208,6,3,0,0,0,0
11/20/2025,19:56:51,0,22,191,432,254,29,207,4,1,0,0,0,0
11/20/2025,19:56:56,0,20,202,429,256,28,208,3,1,0,0,0,0
11/20/2025,19:57:01,0,24,199,432,256,25,209,3,1,0,0,0,0
11/20/2025,19:57:06,0,21,204,433,256,28,207,5,1,0,0,0,0
11/20/2025,19:57:11,0,17,220,434,257,30,208,6,2,0,0,0,0
11/20/2025,19:57:16,0,24,197,432,256,36,209,6,3,0,0,0,0
11/20/2025,19:57:21,0,21,195,430,254,26,208,2,1,0,0,0,0
11/20/2025,19:57:26,0,23,203,431,256,27,208,3,1,0,0,0,0
11/20/2025,19:57:31,0,22,203,432,257,24,209,4,1,0,0,0,0
11/20/2025,19:57:36,0,22,213,433,256,33,208,7,4,0,0,0,0
11/20/2025,19:57:41,0,21,215,433,257,35,208,6,3,0,0,0,-0.0008
11/20/2025,19:57:46,0,19,206,433,256,35,208,6,3,0,0,0,0
11/20/2025,19:57:51,0,22,190,432,259,35,209,6,4,0,0,0,0
11/20/2025,19:57:56,0,23,199,429,256,26,208,2,1,0,0,0,0
11/20/2025,19:58:01,0,25,197,432,254,29,208,4,1,0,0,0,0
11/20/2025,19:58:06,0,23,200,432,257,24,209,4,1,0,0,0,0
11/20/2025,19:58:11,0,21,203,433,256,27,208,5,1,0,0,0,0
11/20/2025,19:58:16,0,23,209,433,256,33,209,7,3,0,0,0,0
11/20/2025,19:58:21,0,22,217,433,256,34,207,8,3,0,0,0,0
11/20/2025,19:58:26,0,22,220,433,256,34,207,7,2,0,0,0,0
11/20/2025,19:58:31,0,19,208,432,255,35,210,7,3,0,0,0,0
11/20/2025,19:58:36,0,23,191,431,256,30,208,3,2,0,0,0,0
11/20/2025,19:58:41,0,22,199,431,256,26,207,3,1,0,0,0,0
11/20/2025,19:58:46,0,22,195,432,257,26,209,4,2,0,0,0,0
11/20/2025,19:58:51,0,21,200,432,256,25,208,3,1,0,0,0,0
11/20/2025,19:58:56,0,22,214,431,256,34,208,7,3,0,0,0,0
11/20/2025,19:59:01,0,22,211,432,255,34,207,7,3,0,0,0,0
11/20/2025,19:59:06,0,22,193,431,256,33,209,6,3,0,0,0,0
11/20/2025,19:59:11,0,22,192,430,256,29,208,3,1,0,0,0,0
11/20/2025,19:59:16,0,21,196,429,256,26,208,3,1,0,0,0,0
11/20/2025,19:59:21,0,17,198,430,256,30,209,3,2,0,0,0,0
11/20/2025,19:59:26,0,21,201,431,257,23,208,4,1,0,0,0,0
11/20/2025,19:59:31,0,21,204,431,256,31,208,6,3,0,0,0,0
11/20/2025,20:00:26,0,21,211,429,256,27,209,7,3,0,0,0,0
11/20/2025,20:00:30,0,21,200,427,257,23,207,4,1,0,0,0,-0.0008
11/20/2025,20:00:35,0,21,203,428,256,29,208,5,2,0,0,0,0
11/20/2025,20:00:40,0,21,218,429,256,33,208,7,3,0,0,0,0
11/20/2025,20:00:45,0,21,201,426,256,38,208,6,3,0,0,0,-0.0008
11/20/2025,20:00:50,0,21,199,428,256,25,207,4,1,0,0,0,0
11/20/2025,20:00:55,0,18,211,427,256,36,209,7,3,0,0,0,0
11/20/2025,20:01:00,0,19,199,426,256,28,208,4,1,0,0,0,0
11/20/2025,20:01:05,0,21,217,430,256,34,209,6,3,0,0,0,0
11/20/2025,20:01:10,0,21,201,430,256,31,209,6,2,0,0,0,0
11/20/2025,20:01:15,0,21,198,426,256,27,208,4,1,0,0,0,0
11/20/2025,20:01:20,0,22,197,428,256,27,209,3,2,0,0,0,0
11/20/2025,20:01:25,0,22,208,430,256,32,209,7,3,0,0,0,0
11/20/2025,20:01:30,0,21,206,429,256,37,209,6,3,0,0,0,-0.0008
11/20/2025,20:01:35,0,18,198,429,256,25,209,3,1,0,0,0,0
11/20/2025,20:01:40,0,20,200,427,256,37,207,7,3,0,0,0,0
11/20/2025,20:01:45,0,22,207,430,257,31,209,6,3,0,0,0,0
11/20/2025,20:01:50,0,23,203,426,256,29,209,4,1,0,0,0,-0.0008
11/20/2025,20:01:55,0,21,194,428,256,28,208,3,1,0,0,0,0
11/20/2025,20:02:00,0,21,205,430,256,36,207,7,3,0,0,0,0
11/20/2025,20:02:05,0,22,221,430,256,35,207,8,3,0,0,0,0
11/20/2025,20:02:10,0,20,201,430,256,26,208,4,2,0,0,0,0
11/20/2025,20:02:15,0,23,196,429,256,27,208,4,1,0,0,0,0
11/20/2025,20:02:20,0,22,193,428,256,29,207,4,1,0,0,0,0
11/20/2025,20:02:25,0,23,212,430,255,33,208,6,3,0,0,0,0
11/20/2025,20:02:30,0,22,209,431,255,34,208,7,3,0,0,0,0
11/20/2025,20:02:35,0,23,198,429,256,25,209,3,2,0,0,0,0
11/20/2025,20:02:40,0,23,204,430,256,27,209,4,1,0,0,0,0
11/20/2025,20:02:45,0,24,199,428,256,36,208,5,3,0,0,0,0
11/20/2025,20:02:50,0,22,225,430,255,33,208,7,3,0,0,0,-0.0008
11/20/2025,20:02:55,0,23,203,429,257,25,209,5,1,0,0,0,0
11/20/2025,20:03:00,0,22,202,428,255,27,208,3,0,0,0,0,0
11/20/2025,20:03:05,0,22,214,430,256,32,209,7,3,0,0,0,0
11/20/2025,20:03:10,0,24,201,429,256,25,209,3,1,0,0,0,0
11/20/2025,20:03:15,0,23,194,428,257,28,208,3,0,0,0,0,0
11/20/2025,20:03:20,0,24,225,430,256,33,209,7,3,0,0,0,0
11/20/2025,20:03:25,0,23,199,428,256,28,208,3,1,0,0,0,0
11/20/2025,20:03:30,0,24,192,427,256,35,207,6,2,0,0,0,0
11/20/2025,20:03:35,0,24,213,429,256,33,207,7,3,0,0,0,0
11/20/2025,20:03:40,0,23,200,427,256,28,208,3,1,0,0,0,0
11/20/2025,20:03:45,0,24,222,428,256,32,208,7,3,0,0,0,0
11/20/2025,20:03:50,0,22,195,426,257,28,208,4,1,0,0,0,0
11/20/2025,20:03:55,0,27,208,428,256,35,209,7,3,0,0,0,-0.0008
11/20/2025,20:04:00,0,25,201,428,257,25,208,3,1,0,0,0,0
11/20/2025,20:04:05,0,22,194,426,256,29,207,4,1,0,0,0,0
11/20/2025,20:04:10,0,23,218,428,256,33,207,7,3,0,0,0,0
11/20/2025,20:04:15,0,23,204,426,255,29,207,4,1,0,0,0,-0.0008
11/20/2025,20:04:20,0,23,219,429,256,35,208,7,3,0,0,0,0
11/20/2025,20:04:25,0,20,195,427,256,28,209,3,1,0,0,0,0
11/20/2025,20:04:30,0,22,208,429,256,30,209,6,3,0,0,0,0
11/20/2025,20:04:35,0,24,200,428,257,36,209,6,3,0,0,0,0
11/20/2025,20:04:40,0,20,198,427,256,27,209,4,1,0,0,0,0
11/20/2025,20:04:45,0,25,212,427,254,32,207,7,3,0,0,0,0
11/20/2025,20:04:50,0,25,202,425,256,29,208,4,2,0,0,0,0
11/20/2025,20:04:55,0,21,213,428,256,33,209,7,3,0,0,0,0
11/20/2025,20:05:00,0,22,190,424,256,31,209,4,2,0,0,0,0
11/20/2025,20:05:05,0,22,203,427,256,24,208,4,1,0,0,0,0
11/20/2025,20:05:10,0,20,204,428,257,36,209,7,3,0,0,0,0
11/20/2025,20:05:15,0,19,199,425,255,27,207,4,1,0,0,0,0
11/20/2025,20:05:20,0,21,226,428,256,33,207,7,3,0,0,0,0
11/20/2025,20:05:25,0,20,203,426,256,28,208,3,1,0,0,0,0
11/20/2025,20:05:30,0,20,224,426,256,34,206,8,3,0,0,0,0
11/20/2025,20:05:35,0,23,194,428,254,27,207,4,1,0,0,0,0
11/20/2025,20:05:40,0,21,205,427,255,36,208,6,3,0,0,0,0
11/20/2025,20:05:45,0,21,206,428,256,30,207,7,2,0,0,0,0
11/20/2025,20:05:50,0,22,201,427,256,28,209,3,1,0,0,0,0
11/20/2025,20:05:55,0,21,220,429,257,35,208,6,3,0,0,0,0
11/20/2025,20:06:00,0,21,199,425,256,25,209,3,1,0,0,0,-0.0008
11/20/2025,20:06:05,0,22,193,427,256,30,208,3,1,0,0,0,0
11/20/2025,20:06:10,0,19,219,428,256,38,209,7,2,0,0,0,0
11/20/2025,20:06:15,0,23,203,427,256,26,207,4,1,0,0,0,0
11/20/2025,20:06:20,0,23,196,427,254,27,207,4,0,0,0,0,0
11/20/2025,20:06:25,0,22,219,428,255,32,207,7,3,0,0,0,0
11/20/2025,20:06:30,0,21,198,426,257,28,209,3,1,0,0,0,0
11/20/2025,20:06:35,0,22,206,429,257,30,209,6,3,0,0,0,0
11/20/2025,20:06:40,0,21,189,426,256,32,208,6,3,0,0,0,0
11/20/2025,20:06:45,0,21,204,428,255,30,207,6,2,0,0,0,0
11/20/2025,20:06:50,0,22,194,427,254,29,207,4,1,0,0,0,0
11/20/2025,20:06:55,0,22,216,428,256,34,207,8,3,0,0,0,0
11/20/2025,20:07:00,0,22,196,425,256,29,208,3,2,0,0,0,0
11/20/2025,20:07:05,0,22,208,428,257,34,208,7,3,0,0,0,0
11/20/2025,20:07:10,0,22,204,425,256,25,209,4,1,-0.0008,0,0,0
11/20/2025,20:07:15,0,23,195,426,256,29,207,4,1,0,0,0,0
11/20/2025,20:07:20,0,22,215,427,256,32,209,7,3,0,0,0,0
11/20/2025,20:07:25,0,22,198,426,256,28,207,3,1,0,0,0,0
11/20/2025,20:07:30,0,21,216,428,256,33,208,7,3,0,0,0,0
11/20/2025,20:07:35,0,22,195,425,256,28,207,4,1,0,0,0,0
11/20/2025,20:07:40,0,20,204,429,256,26,208,5,1,0,0,0,0
11/20/2025,20:07:45,0,23,200,427,256,36,208,5,3,0,0,0,0
11/20/2025,20:07:50,0,22,198,426,254,26,208,4,1,0,0,0,0
11/20/2025,20:07:55,0,18,218,429,254,35,207,7,2,0,0,0,0
11/20/2025,20:08:00,0,22,202,426,255,28,207,4,1,0,0,0,0
11/20/2025,20:08:05,0,20,207,427,256,32,207,7,3,0,0,0,0
11/20/2025,20:08:10,0,22,199,427,256,35,208,6,3,0,0,0,0
11/20/2025,20:08:15,0,23,198,426,256,27,208,4,1,0,0,0,0
11/20/2025,20:08:20,0,22,219,430,256,34,208,8,3,0,0,0,0
11/20/2025,20:08:25,0,21,192,426,256,35,208,6,2,0,0,0,0
11/20/2025,20:08:30,0,23,195,426,256,28,207,4,1,0,0,0,0
11/20/2025,20:08:35,0,23,206,428,256,31,208,7,3,0,0,0,0
11/20/2025,20:08:40,0,22,222,428,254,33,208,7,3,0,0,0,0
11/20/2025,20:08:45,0,25,226,428,256,34,209,6,2,0,0,0,0
11/20/2025,20:08:50,0,21,224,427,256,33,207,7,3,0,0,0,0
11/20/2025,20:08:55,0,24,215,427,256,33,208,7,3,0,0,0,0
11/20/2025,20:09:00,0,22,202,428,255,30,208,5,2,0,0,0,0
11/20/2025,20:09:05,0,24,200,425,256,26,209,3,1,0,0,0,0
11/20/2025,20:09:10,0,24,194,425,255,30,210,5,1,0,0,0,0
11/20/2025,20:09:15,0,24,200,426,256,27,210,3,1,0,0,0,0
11/20/2025,20:09:20,0,24,193,427,254,29,207,4,1,0,0,0,0
11/20/2025,20:09:25,0,24,194,426,255,38,209,6,4,0,0,0,0
11/20/2025,20:09:30,0,25,218,428,256,29,207,6,3,0,0,0,0
11/20/2025,20:09:35,0,22,201,428,256,24,207,5,0,0,0,0,0
11/20/2025,20:09:40,0,23,200,427,256,28,206,4,1,0,0,0,0
11/20/2025,20:10:35,0,22,204,429,256,26,208,6,3,0,0,0,0
11/20/2025,20:10:39,0,22,192,426,256,29,208,4,1,0,0,0,0
11/20/2025,20:10:44,0,22,198,427,254,36,208,6,3,0,0,0,-0.0008
11/20/2025,20:10:49,0,22,214,428,256,34,208,7,3,0,0,0,0
11/20/2025,20:10:54,0,23,219,427,256,34,208,8,3,0,0,0,0
11/20/2025,20:10:59,0,24,201,427,256,24,209,3,1,0,0,0,-0.0008
11/20/2025,20:11:04,0,23,190,427,255,28,207,4,1,0,0,0,0
11/20/2025,20:11:09,0,21,221,429,257,30,207,7,2,0,0,0,0
11/20/2025,20:11:14,0,23,199,428,256,22,208,3,1,0,0,0,0
11/20/2025,20:11:19,0,23,199,426,255,28,207,3,1,0,0,0,0
11/20/2025,20:11:24,0,22,203,427,255,34,207,7,3,0,0,0,0
11/20/2025,20:11:29,0,21,217,427,255,32,208,7,3,0,0,0,0
11/20/2025,20:11:34,0,22,202,425,256,23,208,4,1,0,0,0,0
11/20/2025,20:11:39,0,22,198,422,256,29,207,4,1,0,0,0,0
11/20/2025,20:11:44,0,21,205,425,257,35,208,6,3,0,0,0,0
11/20/2025,20:11:49,0,21,218,426,256,32,208,7,3,0,0,0,0
11/20/2025,20:11:54,0,20,202,426,257,24,208,4,1,0,0,0,0
11/20/2025,20:11:59,0,23,195,425,254,28,207,4,1,0,0,0,0
11/20/2025,20:12:04,0,21,197,424,256,29,209,3,1,0,0,0,0
11/20/2025,20:12:09,0,20,199,425,257,38,207,7,3,0,0,0,0
11/20/2025,20:12:14,0,22,221,426,254,32,208,7,3,0,0,0,0
11/20/2025,20:12:19,0,22,204,427,256,30,209,6,2,0,0,0,0
11/20/2025,20:12:24,0,20,192,426,255,30,208,4,2,0,0,0,0
11/20/2025,20:12:29,0,23,191,425,256,32,208,5,2,0,0,0,0
11/20/2025,20:12:34,0,19,223,428,257,31,207,7,2,0,0,0,0
11/20/2025,20:12:39,0,23,201,426,256,24,209,3,1,0,0,0,0
11/20/2025,20:12:44,0,22,197,425,256,29,208,3,1,0,0,0,0
11/20/2025,20:12:49,0,22,203,427,256,35,208,6,3,0,0,0,0
11/20/2025,20:12:54,0,24,215,427,256,32,208,7,3,0,0,0,0
11/20/2025,20:12:59,0,23,199,424,256,25,209,3,1,0,0,0,0
11/20/2025,20:13:04,0,23,203,428,256,22,208,3,1,0,0,0,-0.0008
11/20/2025,20:13:09,0,24,205,426,256,35,208,6,3,0,0,0,0
11/20/2025,20:13:14,0,24,217,426,255,33,207,7,4,0,0,0,0
11/20/2025,20:13:19,0,24,203,425,256,25,209,4,1,0,0,0,0
11/20/2025,20:13:24,0,23,199,425,258,28,207,4,0,0,0,0,0
11/20/2025,20:13:29,0,24,202,426,256,38,206,7,3,0,0,0,0
11/20/2025,20:13:34,0,23,214,426,255,32,208,7,3,0,0,0,0
11/20/2025,20:13:39,0,22,197,425,256,25,207,4,1,0,0,0,0
11/20/2025,20:13:44,0,23,193,425,256,29,208,3,2,0,0,0,0
11/20/2025,20:13:49,0,22,216,426,256,32,207,7,3,0,0,0,0
11/20/2025,20:13:54,0,24,206,427,256,30,208,6,3,0,0,0,0
11/20/2025,20:13:59,0,26,197,425,256,28,208,4,1,0,0,0,0
11/20/2025,20:14:04,0,25,190,426,256,33,208,5,3,0,0,0,0
11/20/2025,20:14:09,0,23,219,428,256,31,209,7,3,0,0,0,0
11/20/2025,20:14:14,0,24,199,426,255,26,207,3,2,0,0,0,0
11/20/2025,20:14:19,0,22,191,426,255,30,207,4,1,0,0,0,-0.0008
11/20/2025,20:14:24,0,25,220,425,256,31,209,6,3,0,0,0,0
11/20/2025,20:14:29,0,24,202,427,255,24,208,3,1,0,0,0,-0.0008
11/20/2025,20:14:34,0,23,196,424,255,27,208,3,1,0,0,0,0
11/20/2025,20:14:39,0,23,217,425,256,31,209,6,3,0,0,0,0
11/20/2025,20:14:44,0,20,202,426,256,24,207,4,1,0,0,0,0
11/20/2025,20:14:49,0,24,196,424,256,28,209,3,1,0,0,0,0
11/20/2025,20:14:54,0,22,222,423,256,32,209,6,3,0,0,0,0
11/20/2025,20:14:59,0,23,196,423,256,27,207,4,1,0,0,0,0
11/20/2025,20:15:04,0,23,212,423,256,34,208,7,3,0,0,0,0
11/20/2025,20:15:09,0,26,199,423,256,24,208,3,1,0,0,0,-0.0008
11/20/2025,20:15:14,0,22,197,424,256,36,209,6,3,0,0,0,-0.0008
11/20/2025,20:15:19,0,21,204,425,254,28,208,6,2,0,0,0,0
11/20/2025,20:15:24,0,24,197,422,256,28,206,3,1,0,0,0,0
11/20/2025,20:15:29,0,23,221,425,256,32,208,7,3,0,0,0,-0.0008
11/20/2025,20:15:34,0,24,194,422,255,29,208,3,2,0,0,0,0
11/20/2025,20:15:39,0,23,202,422,255,36,207,7,3,0,0,0,-0.0008
11/20/2025,20:15:44,0,22,206,424,256,30,208,6,3,0,0,0,0
11/20/2025,20:15:49,0,22,199,422,256,27,207,4,1,0,0,0,0
11/20/2025,20:15:54,0,24,219,425,254,32,207,7,3,0,0,0,0
11/20/2025,20:16:45,0,26,197,426,254,44,207,9,3,0,0,0,0
11/20/2025,20:16:49,0,23,198,425,256,27,207,3,1,0,0,0,0
11/20/2025,20:16:54,0,24,208,426,256,34,209,6,3,0,0,0,0
11/20/2025,20:16:59,0,24,201,426,255,22,207,4,1,0,0,0,0
11/20/2025,20:17:04,0,23,192,422,256,35,209,5,2,0,0,0,0
11/20/2025,20:17:09,0,24,207,427,256,32,208,6,3,0,0,0,0
11/20/2025,20:17:14,0,23,192,424,255,28,208,3,1,0,0,0,0
11/20/2025,20:17:19,0,23,213,427,256,31,209,7,3,0,0,0,0
11/20/2025,20:17:24,0,23,192,425,256,28,207,3,2,0,0,0,0
11/20/2025,20:17:29,0,23,212,427,256,32,209,6,3,0,0,0,0
11/20/2025,20:17:34,0,21,203,425,255,27,209,3,2,0,0,0,0
11/20/2025,20:17:39,0,19,210,427,254,35,207,7,3,0,0,0,0
11/20/2025,20:17:44,0,22,202,428,254,29,207,6,2,0,0,0,0
11/20/2025,20:17:49,0,23,199,424,255,29,207,3,1,0,0,0,0
11/20/2025,20:17:54,0,22,215,424,256,31,208,6,3,0,0,0,0
11/20/2025,20:17:59,0,24,200,425,255,27,209,3,2,0,0,0,0
11/20/2025,20:18:04,0,21,203,426,255,39,208,6,3,0,0,0,0
11/20/2025,20:18:09,0,23,202,427,255,25,205,4,1,0,0,0,0
11/20/2025,20:18:14,0,23,195,425,256,28,207,3,1,0,0,0,0
11/20/2025,20:18:19,0,21,217,427,255,33,208,6,3,0,0,0,0
11/20/2025,20:18:24,0,22,203,426,256,25,208,5,1,0,0,0,0
11/20/2025,20:18:29,0,21,201,425,256,30,209,4,2,0,0,0,0
11/20/2025,20:18:34,0,24,191,425,255,30,207,4,1,0,0,0,0
11/20/2025,20:18:39,0,22,217,424,256,30,209,7,2,0,0,0,0
11/20/2025,20:18:44,0,24,201,425,256,25,208,4,0,0,0,0,0
11/20/2025,20:18:49,0,23,191,424,256,33,209,6,3,0,0,0,0
11/20/2025,20:19:43,0,23,202,425,256,39,208,6,3,0,0,0,0
11/20/2025,20:19:47,0,26,215,426,256,34,207,7,3,0,0,0,-0.0008
11/20/2025,20:19:52,0,22,202,425,256,25,207,3,1,0,0,0,0
11/20/2025,20:19:57,0,24,202,425,255,28,207,4,1,0,0,0,0
11/20/2025,20:20:02,0,23,190,425,256,30,208,4,2,0,0,0,0
11/20/2025,20:20:07,0,23,215,427,256,31,208,7,3,0,0,0,0
11/20/2025,20:20:12,0,24,210,428,254,32,207,7,3,0,0,0,0
11/20/2025,20:20:17,0,24,199,425,256,25,209,3,1,0,0,0,0
11/20/2025,20:20:22,0,24,197,425,256,27,207,3,1,0,0,0,0
11/20/2025,20:20:27,0,21,199,426,256,37,208,7,3,0,0,0,0
11/20/2025,20:20:32,0,25,219,426,256,33,207,7,3,0,0,0,0
11/20/2025,20:20:37,0,24,200,425,256,25,209,3,2,0,0,0,0
11/20/2025,20:20:42,0,24,189,425,255,31,208,3,2,0,0,0,0
11/20/2025,20:20:47,0,24,217,427,256,33,208,8,3,0,0,0,0
11/20/2025,20:20:52,0,23,198,425,256,27,208,4,1,0,0,0,0
11/20/2025,20:20:57,0,24,190,423,256,33,208,4,2,0,0,0,0
11/20/2025,20:21:02,0,25,220,427,255,32,208,7,4,0,0,0,0
11/20/2025,20:21:07,0,24,198,426,256,25,208,4,1,0,0,0,0
11/20/2025,20:21:12,0,23,190,425,256,30,208,4,2,0,0,0,0
11/20/2025,20:21:17,0,23,221,427,256,33,209,7,3,0,0,0,0
11/20/2025,20:21:22,0,26,200,426,255,25,207,3,1,0,0,0,0
11/20/2025,20:21:27,0,22,192,426,254,29,207,4,1,0,0,0,0
11/20/2025,20:21:32,0,25,218,427,255,33,207,7,3,0,0,0,-0.0008
11/20/2025,20:21:37,0,23,194,425,255,27,208,3,2,0,0,0,0
11/20/2025,20:21:42,0,24,205,425,256,35,208,7,3,0,0,0,0
11/20/2025,20:21:47,0,24,204,427,256,28,208,5,2,0,0,0,0
11/20/2025,20:21:52,0,24,201,425,257,27,208,2,1,0,0,0,0
11/20/2025,20:21:57,0,26,214,426,255,33,208,6,3,0,0,0,0
11/20/2025,20:22:02,0,28,199,426,256,23,209,3,1,0,0,0,0
11/20/2025,20:22:07,0,24,195,425,256,29,208,3,2,0,0,0,0
11/20/2025,20:22:12,0,26,226,427,256,32,206,7,3,0,0,0,0
11/20/2025,20:22:17,0,26,200,425,256,26,207,4,1,0,0,0,0
11/20/2025,20:22:22,0,23,191,424,255,32,207,5,2,0,0,0,0
11/20/2025,20:22:27,0,24,219,427,255,32,208,7,3,0,0,0,0
11/20/2025,20:22:32,0,21,201,424,256,24,208,4,1,0,0,0,0
11/20/2025,20:22:37,0,24,202,425,256,27,207,3,1,0,0,0,0
11/20/2025,20:22:42,0,24,199,426,256,36,207,7,3,0,0,0,0
11/20/2025,20:22:47,0,23,214,425,256,33,208,7,3,0,0,0,0
11/20/2025,20:22:52,0,24,223,426,256,32,208,6,3,0,0,0,0
11/20/2025,20:22:57,0,24,190,424,255,30,208,4,2,0,0,0,0
11/20/2025,20:23:02,0,24,222,425,256,32,207,8,3,0,0,0,0
11/20/2025,20:23:07,0,23,199,423,256,25,209,4,1,0,0,0,0
11/20/2025,20:23:12,0,23,190,425,255,33,209,5,3,0,0,0,0
11/20/2025,20:23:17,0,23,216,426,256,33,208,7,3,0,0,0,0
11/20/2025,20:23:22,0,26,200,425,256,25,207,3,1,0,0,0,0
11/20/2025,20:23:27,0,24,195,425,255,27,208,2,1,0,0,0,0
11/20/2025,20:23:32,0,22,217,426,255,34,208,7,4,0,0,0,0
11/20/2025,20:23:37,0,24,205,426,256,30,207,6,3,0,0,0,0
11/20/2025,20:23:42,0,24,194,425,254,29,207,4,1,0,0,0,0
11/20/2025,20:23:47,0,21,193,425,256,33,208,6,3,0,0,0,0
11/20/2025,20:23:52,0,24,220,426,256,34,208,7,3,0,0,0,0
11/20/2025,20:23:57,0,25,202,426,256,23,208,3,1,0,0,0,0
11/20/2025,20:24:02,0,24,204,423,256,27,207,4,1,0,0,0,-0.0008
11/20/2025,20:24:07,0,23,195,425,256,36,208,7,3,0,0,0,-0.0008
11/20/2025,20:24:12,0,23,221,427,256,32,208,7,3,0,0,0,0
11/20/2025,20:24:17,0,25,202,425,256,23,208,4,1,0,0,0,0
11/20/2025,20:24:22,0,24,203,425,256,27,209,3,1,0,0,0,0
11/20/2025,20:24:27,0,25,192,426,254,28,207,4,1,0,0,0,0
11/20/2025,20:24:32,0,24,192,425,255,28,207,4,1,0,0,0,0
11/20/2025,20:24:37,0,23,198,426,254,25,207,3,1,0,0,0,0
11/20/2025,20:24:42,0,18,202,426,255,25,209,3,2,0,0,0,0
11/20/2025,20:24:47,0,25,196,425,256,26,208,3,1,0,0,0,0
11/20/2025,20:24:52,0,24,199,426,256,26,208,3,1,0,0,0,0
11/20/2025,20:24:57,0,23,202,425,256,24,208,4,2,0,0,0,0
11/20/2025,20:25:02,0,25,203,428,256,23,208,5,1,0,0,0,0
11/20/2025,20:25:07,0,25,203,428,256,30,207,6,2,0,0,0,0
11/20/2025,20:25:12,0,25,210,428,256,31,208,6,3,0,0,0,0
11/20/2025,20:25:17,0,25,212,428,255,32,208,7,3,0,0,0,0
11/20/2025,20:25:22,0,23,207,428,254,32,207,7,2,0,0,0,0
11/20/2025,20:25:27,0,24,201,426,256,24,209,4,1,0,0,0,0
11/20/2025,20:25:32,0,25,202,426,255,25,207,4,1,0,0,0,0
11/20/2025,20:25:37,0,24,199,425,256,28,209,4,2,0,0,0,0
11/20/2025,20:25:42,0,23,202,426,255,27,208,3,2,0,0,0,0
11/20/2025,20:25:47,0,23,197,426,255,30,208,3,2,0,0,0,0
11/20/2025,20:25:52,0,25,197,426,254,27,207,4,1,0,0,0,0
11/20/2025,20:25:57,0,25,199,426,256,22,208,4,1,0,0,0,0
11/20/2025,20:26:02,0,25,199,427,255,24,208,3,1,0,0,0,0
11/20/2025,20:26:07,0,27,199,424,256,27,209,3,1,0,0,0,0
11/20/2025,20:26:12,0,27,199,426,255,28,207,4,1,0,0,0,0
11/20/2025,20:26:17,0,25,190,425,255,30,207,4,1,0,0,0,0
11/20/2025,20:26:22,0,25,215,428,256,32,207,7,3,0,0,0,0
11/20/2025,20:26:27,0,22,196,426,255,29,208,5,2,0,0,0,0
11/20/2025,20:26:32,0,26,206,427,254,32,208,6,3,0,0,0,0
11/20/2025,20:26:37,0,24,199,426,256,27,209,5,1,0,0,0,0
11/20/2025,20:26:42,0,24,198,426,256,26,209,2,1,0,0,0,0
11/20/2025,20:26:47,0,25,215,427,256,31,208,6,2,0,0,0,0
11/20/2025,20:26:52,0,26,199,425,256,25,209,3,1,0,0,0,0
11/20/2025,20:26:57,0,25,194,427,255,27,207,3,1,0,0,0,0
11/20/2025,20:27:02,0,24,215,428,256,30,207,7,3,0,0,0,0
11/20/2025,20:27:07,0,25,205,427,255,31,208,6,3,0,0,0,0
11/20/2025,20:27:12,0,27,195,426,256,26,207,4,2,0,0,0,0
11/20/2025,20:27:17,0,24,193,426,255,27,207,4,1,0,0,0,0
11/20/2025,20:27:22,0,29,223,425,256,33,209,7,3,0,0,0,0
11/20/2025,20:27:27,0,26,198,427,255,24,209,4,2,0,0,0,0
11/20/2025,20:27:32,0,25,191,425,256,32,208,4,2,0,0,0,0
11/20/2025,20:27:37,0,25,213,426,256,33,208,7,3,0,0,0,0
11/20/2025,20:27:42,0,22,197,424,254,28,207,4,2,0,0,0,0
11/20/2025,20:27:47,0,24,207,427,255,35,208,6,3,0,0,0,0
11/20/2025,20:27:52,0,24,206,428,257,28,207,6,2,0,0,0,-0.0008
11/20/2025,20:27:57,0,24,200,426,256,26,208,2,1,0,0,0,0
11/20/2025,20:28:02,0,23,210,428,255,36,207,7,3,0,0,0,0
11/20/2025,20:28:07,0,25,206,425,256,31,209,7,3,0,0,0,0
11/20/2025,20:28:12,0,24,197,425,256,28,209,4,2,0,0,0,0
11/20/2025,20:28:17,0,23,196,427,256,36,208,6,3,0,0,0,0
11/20/2025,20:28:22,0,24,211,428,256,30,209,6,3,0,0,0,0
11/20/2025,20:28:27,0,23,197,425,255,28,209,4,1,0,0,0,0
11/20/2025,20:28:32,0,23,192,425,255,36,207,6,3,0,0,0,0
11/20/2025,20:28:37,0,22,220,428,255,32,208,7,3,0,0,0,0
11/20/2025,20:28:42,0,23,198,426,255,23,208,3,1,0,0,0,0
11/20/2025,20:28:47,0,24,192,425,256,28,207,3,1,0,0,0,0
11/20/2025,20:28:52,0,24,213,428,255,32,209,6,3,0,0,0,0
11/20/2025,20:28:57,0,24,206,428,255,31,208,6,3,0,0,0,0
11/20/2025,20:29:02,0,23,204,426,255,27,208,3,2,0,0,0,0
11/20/2025,20:29:07,0,22,209,427,255,32,203,6,3,0,0,0,0
11/20/2025,20:29:12,0,24,200,427,255,23,208,4,1,0,0,0,0
11/20/2025,20:29:17,0,23,196,424,255,28,209,3,1,0,0,0,0
11/20/2025,20:29:22,0,25,217,427,255,31,209,6,2,0,0,0,0
11/20/2025,20:29:27,0,23,203,428,258,28,207,6,2,0,0,0,0
11/20/2025,20:29:32,0,23,202,425,256,28,207,3,1,0,0,0,0
11/20/2025,20:29:37,0,25,205,427,255,35,208,7,3,0,0,0,0
11/20/2025,20:30:23,0,25,204,427,255,23,207,5,2,0,0,0,0
11/20/2025,20:30:27,0,24,198,426,256,25,208,4,1,0,0,0,0
11/20/2025,20:30:32,0,25,199,424,256,25,209,3,1,0,0,0,0
11/20/2025,20:30:37,0,25,201,426,256,27,207,4,1,0,0,0,0
11/20/2025,20:30:42,0,25,198,426,255,26,208,3,1,0,0,0,-0.0008
11/20/2025,20:30:47,0,24,199,425,255,26,208,3,1,0,0,0,0
11/20/2025,20:30:52,0,28,206,427,257,34,208,7,3,0,0,0,0
11/20/2025,20:30:57,0,26,204,427,256,30,208,6,3,0,0,0,0
11/20/2025,20:31:02,0,26,203,426,253,26,206,4,1,0,0,0,0
11/20/2025,20:31:07,0,22,201,425,256,34,208,7,3,0,0,0,0
11/20/2025,20:31:12,0,26,214,427,255,31,208,6,4,0,0,0,0
11/20/2025,20:31:17,0,22,199,425,255,23,208,3,1,0,0,0,0
11/20/2025,20:31:22,0,24,201,425,255,27,208,3,2,0,0,0,0
11/20/2025,20:31:27,0,25,193,423,255,28,208,3,1,0,0,0,0
11/20/2025,20:31:32,0,27,202,424,256,35,209,6,3,0,0,0,0
11/20/2025,20:31:37,0,23,224,425,256,31,208,6,3,0,0,0,0
11/20/2025,20:31:42,0,25,204,427,255,30,208,5,3,0,0,0,0
11/20/2025,20:31:47,0,23,197,426,254,25,207,4,1,0,0,0,0
11/20/2025,20:31:52,0,24,191,425,255,30,208,5,2,0,0,0,0
11/20/2025,20:31:57,0,22,216,425,256,30,209,6,2,0,0,0,0
11/20/2025,20:32:02,0,24,206,427,256,30,208,6,3,0,0,0,0
11/20/2025,20:32:07,0,24,198,427,256,24,207,4,1,0,0,0,0
11/20/2025,20:32:12,0,27,198,423,256,29,207,3,2,0,0,0,0
11/20/2025,20:32:17,0,25,196,426,256,26,207,4,1,0,0,0,0
11/20/2025,20:32:22,0,25,195,425,256,34,208,6,3,0,0,0,0
11/20/2025,20:32:27,0,23,214,428,256,32,207,7,2,0,0,0,0
11/20/2025,20:32:32,0,25,217,428,253,31,207,7,3,0,0,0,0
11/20/2025,20:32:37,0,26,201,428,257,25,207,4,1,0,0,0,0
11/20/2025,20:32:42,0,24,197,426,256,29,208,4,2,0,0,0,0
11/20/2025,20:32:47,0,24,191,426,254,32,207,7,2,0,0,0,0
11/20/2025,20:32:52,0,26,219,427,256,36,206,6,3,0,0,0,0
11/20/2025,20:32:57,0,22,207,427,255,30,206,7,3,0,0,0,0
11/20/2025,20:33:02,0,23,199,426,256,25,208,3,1,0,0,0,0
11/20/2025,20:33:07,0,24,197,425,254,27,207,3,1,0,0,0,0
11/20/2025,20:33:12,0,22,215,427,256,30,207,7,3,0,0,0,-0.0008
11/20/2025,20:33:17,0,21,202,423,256,24,207,5,1,0,0,0,0
11/20/2025,20:33:22,0,24,194,425,256,26,207,3,1,0,0,0,0
11/20/2025,20:33:27,0,25,211,424,256,32,208,6,3,0,0,0,0
11/20/2025,20:33:32,0,24,201,427,256,21,208,4,2,0,0,0,0
11/20/2025,20:33:37,0,24,197,423,256,27,208,3,1,0,0,0,0
11/20/2025,20:33:42,0,22,214,424,256,33,208,6,3,0,0,0,0
11/20/2025,20:33:47,0,23,203,426,256,24,206,4,2,0,0,0,0
11/20/2025,20:33:52,0,24,197,425,256,26,208,2,1,0,0,0,0
11/20/2025,20:33:57,0,24,216,426,256,31,207,6,3,0,0,0,0
11/20/2025,20:34:02,0,24,201,426,255,22,208,4,1,0,0,0,0
11/20/2025,20:34:07,0,24,198,424,256,25,208,3,1,0,0,0,0
11/20/2025,20:34:12,0,23,208,425,256,34,206,7,3,0,0,0,0
11/20/2025,20:34:17,0,23,220,426,256,31,207,7,3,0,0,0,0
11/20/2025,20:34:22,0,25,204,426,256,29,209,6,3,0,0,0,0
11/20/2025,20:34:27,0,24,199,422,256,27,208,3,1,0,0,0,0
11/20/2025,20:34:32,0,24,192,421,256,30,208,4,1,0,0,0,0
11/20/2025,20:34:37,0,25,211,425,256,32,207,7,3,0,0,0,0
11/20/2025,20:34:42,0,23,196,422,256,27,208,3,1,0,0,0,-0.0008
11/20/2025,20:34:47,0,24,208,424,255,29,207,6,2,0,0,0,0
11/20/2025,20:34:52,0,26,191,423,255,28,208,4,3,0,0,0,0
11/20/2025,20:34:57,0,25,203,426,253,26,206,5,1,0,0,0,0
11/20/2025,20:35:02,0,23,188,423,255,34,208,4,3,0,0,0,0
11/20/2025,20:35:07,0,25,201,424,256,24,208,4,2,0,0,0,0
11/20/2025,20:35:12,0,24,193,423,256,37,209,6,3,0,0,0,0
11/20/2025,20:35:17,0,24,202,425,255,25,208,3,1,0,0,0,0
11/20/2025,20:35:22,0,25,199,424,255,35,208,6,3,0,0,0,0
11/20/2025,20:35:27,0,26,201,425,255,24,208,3,2,0,0,0,0
11/20/2025,20:35:32,0,21,211,424,255,31,208,6,3,0,0,0,0
11/20/2025,20:35:37,0,23,194,424,255,26,208,4,1,0,0,0,0
11/20/2025,20:35:42,0,25,217,426,256,32,209,6,3,0,0,0,0
11/20/2025,20:35:47,0,25,197,423,255,26,207,3,2,0,0,0,0
11/20/2025,20:35:52,0,25,209,425,255,34,209,6,3,0,0,0,0
11/20/2025,20:35:57,0,23,200,425,256,23,208,4,1,0,0,0,0
11/20/2025,20:36:02,0,26,205,425,255,36,207,7,3,0,0,0,0
11/20/2025,20:36:07,0,23,197,425,256,24,208,3,1,0,0,0,0
11/20/2025,20:36:12,0,25,223,425,256,32,207,7,3,0,0,0,0
11/20/2025,20:36:17,0,25,201,423,255,26,207,3,1,0,0,0,0
11/20/2025,20:36:22,0,23,215,426,256,32,207,7,4,0,0,0,0
11/20/2025,20:36:27,0,24,193,423,254,28,207,3,1,0,0,0,0
11/20/2025,20:36:32,0,22,199,426,256,23,209,4,1,0,0,0,-0.0008
11/20/2025,20:36:37,0,23,213,424,256,32,208,6,3,0,0,0,0
11/20/2025,20:36:42,0,26,203,421,256,27,209,4,1,0,0,0,0
11/20/2025,20:36:47,0,24,214,423,256,33,208,7,3,0,0,0,0
11/20/2025,20:36:52,0,24,195,424,255,26,208,3,2,0,0,0,0
11/20/2025,20:36:57,0,24,206,426,256,29,207,6,3,0,0,0,0
11/20/2025,20:37:02,0,22,205,425,255,35,207,7,3,0,0,0,0
11/20/2025,20:37:07,0,22,198,424,254,27,208,3,2,0,0,0,0
11/20/2025,20:37:12,0,24,214,427,254,31,207,7,3,0,0,0,0
11/20/2025,20:37:17,0,23,193,423,255,29,207,4,1,0,0,0,0
11/20/2025,20:37:22,0,24,202,426,255,23,207,5,1,0,0,0,0
11/20/2025,20:37:27,0,24,201,422,256,37,208,7,3,0,0,0,0
11/20/2025,20:37:32,0,26,200,425,255,23,208,4,1,0,0,0,0
11/20/2025,20:37:37,0,22,205,421,256,33,209,7,3,0,0,0,0
11/20/2025,20:37:42,0,24,199,423,255,24,208,3,1,0,0,0,0
11/20/2025,20:37:47,0,24,200,425,254,35,207,7,3,0,0,0,0
11/20/2025,20:37:52,0,23,201,424,255,26,207,4,2,0,0,0,0
11/20/2025,20:37:57,0,23,193,423,256,28,208,3,2,0,0,0,0
11/20/2025,20:38:02,0,24,213,425,256,29,208,6,3,0,0,0,0
11/20/2025,20:38:07,0,24,201,423,255,26,207,3,1,0,0,0,0
11/20/2025,20:38:12,0,23,222,424,255,33,207,7,3,0,0,0,0
11/20/2025,20:38:17,0,23,201,423,255,26,208,3,2,0,0,0,0
11/20/2025,20:38:22,0,24,218,425,256,30,207,7,2,0,0,0,0
11/20/2025,20:38:27,0,23,196,423,255,25,207,3,2,0,0,0,0
11/20/2025,20:38:32,0,25,214,423,256,32,207,6,3,0,0,0,0
11/20/2025,20:38:37,0,24,195,421,255,27,208,4,2,0,0,0,0
11/20/2025,20:38:42,0,24,219,424,256,32,207,7,3,0,0,0,0
11/20/2025,20:38:47,0,25,190,419,256,34,207,5,2,0,0,0,0
11/20/2025,20:38:52,0,22,196,422,256,24,208,4,1,0,0,0,0
11/20/2025,20:38:57,0,25,216,423,256,33,206,7,3,0,0,0,0
11/20/2025,20:39:02,0,23,190,422,255,31,206,4,2,0,0,0,0
11/20/2025,20:39:07,0,23,202,424,256,22,209,4,1,0,0,0,0
11/20/2025,20:39:12,0,25,208,424,256,35,208,6,3,0,0,0,0
11/20/2025,20:39:17,0,23,194,421,255,26,207,4,1,0,0,0,0
11/20/2025,20:39:22,0,24,222,424,255,32,208,6,3,0,0,0,0
11/20/2025,20:39:27,0,24,196,421,256,25,209,2,1,0,0,0,-0.0008
11/20/2025,20:39:32,0,25,209,424,256,31,208,6,3,0,0,0,0
11/20/2025,20:39:37,0,24,191,422,256,29,208,4,3,0,0,0,0
11/20/2025,20:39:42,0,27,201,421,256,22,208,4,1,0,0,0,-0.0008
11/20/2025,20:39:47,0,28,195,422,254,37,206,6,3,0,0,0,0
11/20/2025,20:39:52,0,25,201,421,256,25,208,4,2,0,0,0,0
11/20/2025,20:40:22,0,27,211,422,256,26,208,5,3,0,0,0,0
11/20/2025,20:40:26,0,26,187,420,255,34,208,6,2,0,0,0,0
11/20/2025,20:40:31,0,24,203,420,256,26,209,4,1,0,0,0,-0.0008
11/20/2025,20:40:36,0,25,191,421,254,32,207,6,3,0,0,0,0
11/20/2025,20:40:41,0,23,203,422,255,25,208,5,2,0,0,0,0
11/20/2025,20:40:46,0,25,193,420,255,26,208,3,1,0,0,0,0
11/20/2025,20:40:51,0,25,216,422,254,32,207,7,3,0,0,0,0
11/20/2025,20:40:56,0,23,199,419,256,27,208,3,2,0,0,0,0
11/20/2025,20:41:01,0,23,204,420,255,36,207,7,3,0,0,0,0
11/20/2025,20:41:06,0,24,206,420,256,31,208,6,3,0,0,0,-0.0008
11/20/2025,20:41:11,0,25,198,419,256,26,208,3,1,0,0,0,0
11/20/2025,20:41:16,0,25,212,423,256,31,207,6,3,0,0,0,0
11/20/2025,20:41:21,0,25,204,422,254,29,207,5,2,0,0,0,0
11/20/2025,20:41:26,0,23,201,421,255,27,208,3,2,0,0,0,0
11/20/2025,20:41:31,0,27,200,422,256,36,208,6,3,0,0,0,0
11/20/2025,20:41:36,0,25,209,423,255,31,207,6,3,0,0,0,0
11/20/2025,20:41:41,0,24,199,420,256,26,209,3,1,0,0,0,0
11/20/2025,20:41:46,0,25,214,423,255,33,208,7,3,0,0,0,0
11/20/2025,20:41:51,0,24,197,421,255,26,208,3,1,0,0,0,0
11/20/2025,20:41:56,0,24,219,422,256,32,207,7,3,0,0,0,0
11/20/2025,20:42:01,0,26,202,421,255,27,207,3,2,0,0,0,0
11/20/2025,20:42:06,0,26,218,421,255,29,207,6,2,0,0,0,0
11/20/2025,20:42:11,0,24,200,419,256,24,208,3,1,0,0,0,0
11/20/2025,20:42:16,0,24,194,419,256,34,209,6,3,0,0,0,0
11/20/2025,20:42:21,0,25,214,423,255,32,208,6,4,0,0,0,0
11/20/2025,20:42:26,0,23,195,421,255,24,208,3,2,0,0,0,0
11/20/2025,20:42:31,0,24,190,419,255,29,208,4,2,0,0,0,0
11/20/2025,20:42:36,0,25,221,421,255,32,209,7,3,0,0,0,0
11/20/2025,20:42:41,0,25,198,419,254,23,207,4,1,0,0,0,0
11/20/2025,20:42:46,0,25,202,420,255,41,208,6,3,0,0,0,0
11/20/2025,20:42:51,0,25,204,421,256,30,208,5,3,0,0,0,0
11/20/2025,20:42:56,0,25,199,418,256,24,206,3,1,0,0,0,-0.0008
11/20/2025,20:43:01,0,23,216,421,254,31,206,7,2,0,0,0,0
11/20/2025,20:43:06,0,23,212,421,256,32,208,7,3,0,0,0,0
11/20/2025,20:43:11,0,23,194,420,255,25,207,3,1,0,0,0,0
11/20/2025,20:43:16,0,24,217,421,255,31,207,6,3,0,0,0,0
11/20/2025,20:43:21,0,22,198,420,255,24,207,3,2,0,0,0,0
11/20/2025,20:43:26,0,24,194,420,255,33,208,6,3,0,0,0,0
11/20/2025,20:43:31,0,25,205,421,255,29,207,6,3,-0.0008,0,0,0
11/20/2025,20:43:36,0,25,197,420,256,26,208,2,2,0,0,0,0
11/20/2025,20:43:41,0,26,212,422,255,30,208,6,3,0,0,0,0
11/20/2025,20:43:46,0,25,197,421,254,27,207,3,1,0,0,0,0
11/20/2025,20:43:51,0,24,212,422,255,31,208,6,4,0,0,0,0
11/20/2025,20:43:56,0,25,197,418,256,27,208,2,1,0,0,0,0
11/20/2025,20:44:01,0,23,224,422,255,30,208,6,3,0,0,0,0
11/20/2025,20:44:06,0,25,196,420,255,24,207,3,2,0,0,0,0
11/20/2025,20:44:11,0,25,192,421,254,28,207,5,1,0,0,0,0
11/20/2025,20:44:16,0,25,224,421,255,31,206,7,3,0,0,0,0
11/20/2025,20:44:21,0,26,202,422,255,21,209,3,1,0,0,0,0
11/20/2025,20:44:26,0,24,194,421,255,26,208,2,1,0,0,0,0
11/20/2025,20:44:31,0,25,220,423,255,32,208,7,3,0,0,0,0
11/20/2025,20:44:36,0,25,199,419,255,24,206,3,2,0,0,0,0
11/20/2025,20:44:41,0,26,198,421,255,25,207,3,1,0,0,0,0
11/20/2025,20:44:46,0,25,197,422,254,35,207,7,4,0,0,0,0
11/20/2025,20:44:51,0,25,223,422,255,32,209,7,3,0,0,0,0
11/20/2025,20:44:56,0,25,197,421,255,23,208,3,1,0,0,0,0
11/20/2025,20:45:01,0,25,194,421,255,29,208,3,2,0,0,0,0
11/20/2025,20:45:06,0,23,222,422,255,31,207,7,3,0,0,0,0
11/20/2025,20:45:11,0,25,196,422,255,22,207,3,2,0,0,0,0
11/20/2025,20:45:16,0,25,192,421,255,33,205,6,3,0,0,0,0
11/20/2025,20:45:21,0,25,211,422,255,31,207,6,3,0,0,0,0
11/20/2025,20:45:26,0,26,204,420,255,26,207,3,1,0,0,0,0
11/20/2025,20:45:31,0,22,212,420,256,27,207,6,3,0,0,0,0
11/20/2025,20:45:36,0,25,198,423,253,23,207,4,0,0,0,0,0
11/20/2025,20:45:41,0,25,195,420,256,28,208,3,1,0,0,0,0
11/20/2025,20:45:46,0,25,214,422,254,31,206,6,2,0,0,0,0
11/20/2025,20:45:51,0,24,205,423,255,30,208,6,3,0,0,0,0
11/20/2025,20:45:56,0,24,196,422,256,25,207,3,1,0,0,0,0
11/20/2025,20:46:01,0,26,197,422,254,26,207,3,1,0,0,0,0
11/20/2025,20:46:06,0,26,193,421,255,35,208,6,3,0,0,0,0
11/20/2025,20:46:11,0,24,220,422,255,30,207,6,3,0,0,0,0
11/20/2025,20:46:16,0,26,204,419,255,28,208,5,3,0,0,0,0
11/20/2025,20:46:21,0,26,196,420,255,24,208,3,2,0,0,0,0
11/20/2025,20:46:26,0,25,194,420,255,29,206,4,1,0,0,0,0
11/20/2025,20:46:31,0,26,214,419,255,36,209,5,3,0,0,0,0
11/20/2025,20:46:36,0,25,205,422,255,27,208,5,3,0,0,0,0
11/20/2025,20:46:41,0,24,194,420,255,25,208,3,2,0,0,0,0
11/20/2025,20:46:46,0,25,196,419,255,26,207,3,1,0,0,0,0
11/20/2025,20:46:51,0,25,192,420,255,31,208,5,3,0,0,0,0
11/20/2025,20:46:56,0,25,210,421,253,32,207,7,3,0,0,0,0
11/20/2025,20:47:01,0,22,222,421,255,31,207,6,3,0,0,0,0
11/20/2025,20:47:06,0,25,209,423,256,28,208,6,3,0,0,0,0
11/20/2025,20:47:11,0,25,199,422,256,22,208,3,1,0,0,0,0
11/20/2025,20:47:16,0,24,200,420,255,25,207,3,1,0,0,0,0
11/20/2025,20:47:21,0,24,194,419,256,34,208,5,3,0,0,0,0
11/20/2025,20:47:26,0,25,214,423,255,31,206,6,3,0,0,0,0
11/20/2025,20:47:31,0,24,209,422,255,28,207,6,3,0,0,0,0
11/20/2025,20:47:36,0,25,200,422,255,22,205,2,1,0,0,0,0
11/20/2025,20:47:41,0,25,196,421,256,30,209,5,2,0,0,0,0
11/20/2025,20:47:46,0,24,200,418,256,26,208,3,1,0,0,0,0
11/20/2025,20:47:51,0,25,199,419,255,26,208,3,2,0,0,0,0
11/20/2025,20:47:56,0,25,195,420,255,26,208,3,1,0,0,0,0
11/20/2025,20:48:01,0,25,193,420,256,29,208,4,2,0,0,0,-0.0008
11/20/2025,20:48:06,0,25,188,420,255,32,207,6,3,0,0,0,0
11/20/2025,20:48:11,0,25,196,420,255,32,207,6,3,0,0,0,0
11/20/2025,20:48:16,0,25,197,422,256,32,207,7,3,0,0,0,0
11/20/2025,20:48:21,0,26,189,421,255,31,207,6,3,0,0,0,0
11/20/2025,20:48:26,0,25,196,421,257,24,206,3,1,0,0,0,0
11/20/2025,20:48:31,0,23,203,419,255,27,208,3,2,0,0,0,0
11/20/2025,20:48:36,0,23,201,421,255,22,207,3,1,0,0,0,0
11/20/2025,20:48:41,0,26,205,424,254,28,206,6,3,0,0,0,0
11/20/2025,20:48:46,0,24,211,423,255,32,207,6,3,0,0,0,0
11/20/2025,20:48:51,0,24,195,422,255,26,207,3,2,0,0,0,0
11/20/2025,20:48:56,0,25,199,421,255,22,208,3,1,0,0,0,0
11/20/2025,20:49:01,0,24,216,423,255,31,206,7,3,0,0,0,0
11/20/2025,20:49:06,0,25,212,423,254,32,207,6,3,0,0,0,0
11/20/2025,20:49:11,0,26,192,422,255,28,207,4,1,0,0,0,0
11/20/2025,20:49:16,0,22,195,421,256,26,208,4,1,0,0,0,0
11/20/2025,20:49:21,0,26,208,423,255,29,206,7,2,0,0,0,0
11/20/2025,20:49:26,0,25,206,421,255,32,208,6,3,0,0,0,0
11/20/2025,20:49:31,0,26,201,422,254,24,207,3,1,0,0,0,-0.0008
11/20/2025,20:49:36,0,27,202,423,255,22,208,3,2,0,0,0,0
11/20/2025,20:49:41,0,26,216,424,256,31,207,6,3,0,0,0,0
11/20/2025,20:49:46,0,26,209,423,256,32,206,6,3,0,0,0,0
11/20/2025,20:49:51,0,24,195,421,256,32,208,5,3,0,0,0,0
11/20/2025,20:49:56,0,26,191,422,255,30,206,4,3,0,0,0,0
11/20/2025,20:50:33,0,26,190,422,255,32,207,6,3,0,0,0,0
11/20/2025,20:50:36,0,25,188,422,255,29,207,6,3,0,0,0,0
11/20/2025,20:50:41,0,26,212,424,256,28,207,6,3,0,0,0,0
11/20/2025,20:50:46,0,27,214,422,255,31,208,7,3,0,0,0,0
11/20/2025,20:50:51,0,25,205,423,255,28,208,5,2,0,0,0,0
11/20/2025,20:50:56,0,28,199,423,255,22,206,3,2,0,0,0,0
11/20/2025,20:51:01,0,25,199,423,255,23,207,3,1,0,0,0,0
11/20/2025,20:51:06,0,27,199,422,255,22,207,3,1,0,0,0,0
11/20/2025,20:51:11,0,27,201,424,254,25,207,4,1,0,0,0,0
11/20/2025,20:51:16,0,26,215,421,256,32,208,7,3,0,0,0,0
11/20/2025,20:51:21,0,25,209,423,255,33,206,6,3,0,0,0,0
11/20/2025,20:51:26,0,26,198,421,253,23,206,2,1,0,0,0,0
11/20/2025,20:51:31,0,25,200,423,255,23,208,4,2,0,0,0,0
11/20/2025,20:51:36,0,26,214,424,255,30,207,6,3,0,0,0,0
11/20/2025,20:51:41,0,24,190,421,255,29,206,4,2,0,0,0,0
11/20/2025,20:51:46,0,23,199,421,255,25,206,4,2,0,0,0,0
11/20/2025,20:51:51,0,26,200,423,255,24,208,3,1,0,0,0,0
11/20/2025,20:51:56,0,25,219,423,255,29,208,5,3,0,0,0,0
11/20/2025,20:52:01,0,25,190,421,254,29,207,5,2,0,0,0,0
11/20/2025,20:52:06,0,23,199,420,256,23,208,3,1,0,0,0,0
11/20/2025,20:52:11,0,27,221,423,254,30,207,7,3,0,0,0,0
11/20/2025,20:52:16,0,26,197,421,254,25,207,3,1,0,0,0,0
11/20/2025,20:52:21,0,25,202,423,254,27,206,6,2,0,0,0,0
11/20/2025,20:52:26,0,26,204,421,255,34,209,6,3,0,0,0,0
11/20/2025,20:52:31,0,31,199,422,256,24,207,4,2,0,0,0,0
11/20/2025,20:52:36,0,25,213,422,255,30,207,7,4,0,0,0,0
11/20/2025,20:52:41,0,26,190,421,254,31,207,4,2,0,0,0,-0.0008
11/20/2025,20:52:46,0,26,194,421,255,24,208,3,2,0,0,0,0
11/20/2025,20:52:51,0,26,206,423,255,28,208,6,3,0,0,0,0
11/20/2025,20:52:56,0,26,210,423,256,29,207,6,3,0,0,0,0
11/20/2025,20:53:01,0,25,199,422,256,23,206,3,1,0,0,0,0
11/20/2025,20:53:06,0,26,199,421,255,23,207,4,1,0,0,0,0
11/20/2025,20:53:11,0,27,214,423,255,28,209,6,3,0,0,0,0
11/20/2025,20:53:16,0,25,196,419,255,26,208,2,2,0,0,0,0
11/20/2025,20:53:21,0,23,200,423,255,20,207,3,1,0,0,0,0
11/20/2025,20:53:26,0,26,197,422,255,29,206,5,2,0,0,0,0
11/20/2025,20:53:31,0,22,194,419,256,33,208,5,3,0,0,0,0
11/20/2025,20:53:36,0,26,196,422,255,24,208,2,1,0,0,0,0
11/20/2025,20:53:41,0,25,200,421,255,23,206,3,1,0,0,0,0
11/20/2025,20:53:46,0,25,193,421,255,23,207,3,2,0,0,0,0
11/20/2025,20:53:51,0,24,199,422,255,21,208,3,2,0,0,0,0
11/20/2025,20:53:56,0,26,215,425,253,31,206,7,3,0,0,0,0
11/20/2025,20:54:01,0,27,204,423,255,33,208,6,3,0,0,0,0
11/20/2025,20:54:06,0,26,198,421,254,23,207,3,1,0,0,0,0
11/20/2025,20:54:11,0,25,198,422,255,22,207,3,1,0,0,0,0
11/20/2025,20:54:16,0,25,220,425,254,30,207,7,3,0,0,0,0
11/20/2025,20:54:21,0,31,200,423,255,34,208,6,4,0,0,0,0
11/20/2025,20:54:26,0,26,198,422,254,22,207,2,1,0,0,0,0
11/20/2025,20:54:31,0,27,197,423,254,21,207,3,1,0,0,0,0
11/20/2025,20:54:36,0,25,201,423,255,28,208,5,2,0,0,0,0
11/20/2025,20:54:41,0,25,215,422,255,30,207,7,3,0,0,0,0
11/20/2025,20:54:46,0,20,224,424,255,31,207,7,3,0,0,0,0
11/20/2025,20:54:51,0,19,215,422,255,31,208,6,4,0,0,0,0
11/20/2025,20:54:56,0,25,217,421,255,29,208,6,3,-0.0008,0,0,0
11/20/2025,20:55:01,0,26,214,424,255,30,207,7,3,0,0,0,0
11/20/2025,20:55:06,0,26,201,424,255,28,208,5,3,0,0,0,0
11/20/2025,20:55:11,0,25,198,423,256,19,208,2,1,0,0,0,0
11/20/2025,20:55:16,0,26,199,421,255,23,207,1,1,0,0,0,0
11/20/2025,20:55:21,0,26,197,422,256,37,209,7,3,0,0,0,0
11/20/2025,20:55:26,0,24,211,424,254,30,208,6,4,0,0,0,0
11/20/2025,20:55:31,0,26,194,422,256,21,208,3,2,0,0,0,0
11/20/2025,20:55:36,0,29,194,421,255,31,208,5,3,0,0,0,0
11/20/2025,20:55:41,0,26,218,423,255,30,206,6,3,0,0,0,0
11/20/2025,20:55:46,0,27,204,424,255,27,206,5,3,0,0,0,0
11/20/2025,20:55:51,0,25,200,423,255,20,208,2,1,0,0,0,0
11/20/2025,20:55:56,0,27,200,423,254,22,206,3,0,0,0,0,0
11/20/2025,20:56:01,0,26,196,422,255,22,207,3,1,0,0,0,0
11/20/2025,20:56:06,0,26,197,423,256,23,208,2,1,0,0,0,0
11/20/2025,20:56:11,0,25,199,423,255,20,207,3,1,0,0,0,0
11/20/2025,20:56:16,0,24,198,428,255,23,207,3,1,0,0,0,0
11/20/2025,20:56:21,0,26,205,423,255,29,208,6,3,0,0,0,0
11/20/2025,20:56:26,0,26,216,424,255,31,208,7,4,0,0,0,0
11/20/2025,20:56:31,0,21,215,425,255,26,208,6,3,0,0,0,0
11/20/2025,20:56:36,0,24,209,423,256,29,208,6,3,0,0,0,0
11/20/2025,20:56:41,0,27,192,423,255,33,208,5,4,0,0,0,0
11/20/2025,20:56:46,0,26,190,421,255,26,207,3,3,0,0,0,0
11/20/2025,20:56:51,0,25,193,422,255,26,207,3,2,0,0,0,0
11/20/2025,20:56:56,0,25,194,422,255,24,206,3,1,0,0,0,0
11/20/2025,20:57:01,0,26,199,423,255,21,207,2,1,0,0,0,0
11/20/2025,20:57:06,0,23,199,424,256,21,208,3,1,0,0,0,-0.0008
11/20/2025,20:57:11,0,24,211,422,255,28,207,7,3,0,0,0,0
11/20/2025,20:57:16,0,27,207,423,255,32,207,6,3,0,0,0,-0.0008
11/20/2025,20:57:21,0,25,199,423,255,20,208,2,2,0,0,0,0
11/20/2025,20:57:26,0,25,200,424,253,18,207,2,1,0,0,0,0
11/20/2025,20:57:31,0,26,221,423,255,30,208,7,4,0,0,0,0
11/20/2025,20:57:36,0,25,201,423,255,32,208,6,3,0,0,0,0
11/20/2025,20:57:41,0,24,194,422,255,24,207,3,2,0,0,0,0
11/20/2025,20:57:46,0,26,203,422,255,24,207,3,1,0,0,0,0
11/20/2025,20:57:51,0,23,200,421,255,24,206,4,2,0,0,0,0
11/20/2025,20:57:56,0,25,195,420,255,24,205,3,2,0,0,0,0
11/20/2025,20:58:01,0,24,198,422,255,20,208,2,1,0,0,0,0
11/20/2025,20:58:06,0,26,200,421,255,19,209,2,2,0,0,0,0
11/20/2025,20:58:11,0,24,201,421,255,23,207,5,2,0,0,0,0
11/20/2025,20:58:16,0,25,206,423,255,28,207,6,3,0,0,0,0
11/20/2025,20:58:21,0,23,214,424,255,31,207,7,4,0,0,0,0
11/20/2025,20:58:26,0,26,213,423,255,31,207,6,3,0,0,0,0
11/20/2025,20:58:31,0,24,191,423,255,28,207,4,2,0,0,0,0
11/20/2025,20:58:36,0,26,202,422,253,24,206,2,1,0,0,0,0
11/20/2025,20:58:41,0,25,199,422,256,22,208,3,1,0,0,0,0
11/20/2025,20:58:46,0,25,200,421,255,22,211,3,1,0,0,0,-0.0008
11/20/2025,20:58:51,0,25,202,423,255,23,207,3,2,0,0,0,0
11/20/2025,20:58:56,0,25,201,421,255,20,208,3,1,0,0,0,0
11/20/2025,20:59:01,0,24,196,422,255,24,207,3,2,0,0,0,0
11/20/2025,20:59:06,0,25,192,422,255,22,207,2,2,0,0,0,0
11/20/2025,20:59:11,0,29,209,424,254,30,207,6,3,0,0,0,0
11/20/2025,20:59:16,0,24,216,422,256,30,208,6,3,0,0,0,0
11/20/2025,20:59:21,0,29,200,424,256,18,208,3,1,0,0,0,0
11/20/2025,20:59:26,0,24,196,421,255,26,206,3,2,0,0,0,0
11/20/2025,20:59:31,0,25,192,422,255,24,208,3,2,0,0,0,0
11/20/2025,20:59:36,0,31,215,423,255,28,207,6,3,0,0,0,0
11/20/2025,20:59:41,0,25,197,421,255,20,208,2,1,0,0,0,0
11/20/2025,20:59:46,0,25,188,420,255,29,208,4,2,0,0,0,0
11/20/2025,20:59:51,0,25,207,424,255,27,205,6,3,0,0,0,0
11/20/2025,20:59:56,0,26,195,422,255,23,207,2,1,0,0,0,-0.0008
11/20/2025,21:00:01,0,26,217,424,255,30,207,6,3,0,0,0,0
11/20/2025,21:00:06,0,23,197,422,255,25,208,3,2,0,0,0,0
11/20/2025,21:00:11,0,26,211,422,255,31,208,5,3,0,0,0,0
11/20/2025,21:00:51,0,26,203,424,255,22,208,5,2,0,0,0,0
11/20/2025,21:00:55,0,25,206,426,255,27,208,5,3,0,0,0,0
11/20/2025,21:01:00,0,26,219,423,255,30,208,5,3,0,0,0,0
11/20/2025,21:01:05,0,25,202,424,255,31,208,6,3,0,0,0,0
11/20/2025,21:01:10,0,27,199,423,255,32,208,6,3,0,0,0,0
11/20/2025,21:01:15,0,26,195,421,255,32,207,6,3,0,0,0,0
11/20/2025,21:01:20,0,26,191,424,256,25,207,3,2,-0.0008,0,0,0
11/20/2025,21:01:25,0,26,196,423,255,22,206,2,1,0,0,0,0
11/20/2025,21:01:30,0,26,199,421,255,26,208,3,2,0,0,0,0
11/20/2025,21:01:35,0,26,197,425,255,22,208,3,1,0,0,0,0
11/20/2025,21:01:40,0,25,203,425,255,26,208,5,3,0,0,0,0
11/20/2025,21:01:45,0,25,208,425,255,29,207,6,3,0,0,0,0
11/20/2025,21:01:50,0,25,214,426,255,30,206,7,4,0,0,0,0
11/20/2025,21:01:55,0,26,210,426,255,30,207,6,4,0,0,0,0
11/20/2025,21:02:00,0,26,213,427,257,30,209,6,3,0,0,0,0
11/20/2025,21:02:05,0,23,214,426,255,30,207,7,3,0,0,0,0
11/20/2025,21:02:10,0,26,219,426,255,30,208,7,4,0,0,0,0
11/20/2025,21:02:15,0,26,208,426,254,28,207,6,3,0,0,0,0
11/20/2025,21:02:20,0,24,200,424,255,23,208,2,1,0,0,0,0
11/20/2025,21:02:25,0,26,200,424,255,28,206,4,1,0,0,0,0
11/20/2025,21:02:30,0,25,203,424,255,23,207,3,2,0,0,0,0
11/20/2025,21:02:35,0,26,195,423,255,24,208,3,2,0,0,0,0
11/20/2025,21:02:40,0,23,201,426,255,19,206,2,2,0,0,0,-0.0008
11/20/2025,21:02:45,0,23,208,427,255,29,206,6,4,0,0,0,0
11/20/2025,21:02:50,0,24,210,427,255,28,207,5,3,0,0,0,0
11/20/2025,21:02:55,0,24,192,423,255,26,208,4,3,0,0,0,0
11/20/2025,21:03:00,0,24,200,425,254,22,206,2,1,0,0,0,0
11/20/2025,21:03:05,0,24,200,427,256,20,207,3,1,0,0,0,0
11/20/2025,21:03:10,0,25,206,427,255,27,208,6,3,0,0,0,0
11/20/2025,21:03:15,0,23,217,428,255,30,206,7,4,0,0,0,0
11/20/2025,21:03:20,0,26,207,426,255,31,205,6,4,0,0,0,0
11/20/2025,21:03:25,0,26,192,424,255,24,208,2,1,0,0,0,0
11/20/2025,21:03:30,0,23,199,425,253,23,205,3,2,0,0,0,0
11/20/2025,21:03:35,0,23,201,427,255,19,208,3,1,0,0,0,0
11/20/2025,21:03:40,0,25,210,428,255,29,208,5,3,0,0,0,0
11/20/2025,21:03:45,0,25,210,428,255,28,207,6,3,0,0,0,0
11/20/2025,21:03:50,0,26,188,427,253,29,206,5,3,0,0,0,0
11/20/2025,21:03:55,0,26,197,427,253,21,207,3,1,0,0,0,0
11/20/2025,21:04:00,0,25,194,426,255,23,207,4,1,0,0,0,0
11/20/2025,21:04:05,0,27,200,427,255,20,208,2,1,0,0,0,0
11/20/2025,21:04:10,0,26,212,428,255,29,208,6,4,0,0,0,0
11/20/2025,21:04:15,0,26,211,428,255,30,207,6,2,0,0,0,0
11/20/2025,21:04:20,0,26,190,426,255,29,207,4,2,0,0,0,0
11/20/2025,21:04:25,0,26,198,423,255,22,207,2,1,0,0,0,0
11/20/2025,21:04:30,0,26,199,426,254,22,208,3,1,0,0,0,-0.0008
11/20/2025,21:04:35,0,26,207,427,255,28,205,6,3,0,0,0,0
11/20/2025,21:04:40,0,23,211,428,255,30,208,6,3,0,0,0,0
11/20/2025,21:04:45,0,26,201,425,254,21,207,2,2,-0.0008,0,0,0
11/20/2025,21:04:50,0,26,204,428,254,25,207,6,3,0,0,0,0
11/20/2025,21:04:55,0,25,207,427,255,30,207,6,3,0,0,0,0
11/20/2025,21:05:00,0,27,197,426,255,24,206,3,2,0,0,0,0
11/20/2025,21:05:05,0,25,220,427,254,31,207,7,3,0,0,0,-0.0008
11/20/2025,21:05:10,0,25,193,426,254,24,207,2,2,0,0,0,0
11/20/2025,21:05:15,0,27,202,426,255,24,206,5,2,0,0,0,0
11/20/2025,21:05:20,0,26,195,425,255,30,207,5,3,0,0,0,0
11/20/2025,21:05:25,0,26,202,428,256,22,207,4,2,0,0,0,0
11/20/2025,21:05:30,0,25,195,425,255,24,208,2,1,0,0,0,-0.0008
11/20/2025,21:05:35,0,26,209,427,256,28,208,5,3,0,0,0,0
11/20/2025,21:05:40,0,25,214,428,253,29,207,6,3,0,0,0,0
11/20/2025,21:05:45,0,24,201,427,255,23,207,3,2,0,0,0,0
11/20/2025,21:05:50,0,28,199,427,255,20,207,2,2,0,0,0,0
11/20/2025,21:05:55,0,26,198,426,255,20,206,3,1,0,0,0,0
11/20/2025,21:06:00,0,25,205,428,255,26,208,5,3,0,0,0,-0.0008
11/20/2025,21:06:05,0,25,223,427,254,30,208,6,4,0,0,0,0
11/20/2025,21:06:10,0,24,192,426,256,25,208,2,2,0,0,0,0
11/20/2025,21:06:15,0,26,200,427,255,19,208,3,1,0,0,0,0
11/20/2025,21:06:20,0,27,195,426,256,30,206,6,3,0,0,0,0
11/20/2025,21:06:25,0,26,201,426,255,18,208,2,2,0,0,0,0
11/20/2025,21:06:30,0,25,208,427,255,31,207,6,3,0,0,0,0
11/20/2025,21:06:35,0,25,199,426,255,23,208,3,2,0,0,0,0
11/20/2025,21:06:40,0,27,214,427,255,30,207,6,4,0,0,0,0
11/20/2025,21:06:45,0,25,192,424,255,24,207,2,1,0,0,0,0
11/20/2025,21:06:50,0,25,204,427,254,27,207,5,3,0,0,0,0
11/20/2025,21:06:55,0,24,190,422,254,26,206,4,2,0,0,0,0
11/20/2025,21:07:00,0,26,203,428,253,22,207,5,2,0,0,0,-0.0008
11/20/2025,21:07:05,0,25,191,426,257,25,206,3,2,0,0,0,0
11/20/2025,21:07:10,0,24,205,428,255,27,207,6,3,0,0,0,0
11/20/2025,21:07:15,0,27,194,424,255,22,206,2,1,0,0,0,0
11/20/2025,21:07:20,0,25,214,427,254,29,207,6,4,0,0,0,0
11/20/2025,21:07:25,0,26,198,426,255,22,208,2,2,0,0,0,0
11/20/2025,21:07:30,0,26,213,425,255,29,207,6,4,0,0,0,0
11/20/2025,21:07:35,0,24,193,426,253,23,206,2,1,0,0,0,0
11/20/2025,21:07:40,0,26,207,428,253,27,206,6,3,0,0,0,0
11/20/2025,21:07:45,0,25,194,425,255,23,208,2,1,0,0,0,0
11/20/2025,21:07:50,0,27,223,427,255,29,207,6,3,0,0,0,0
11/20/2025,21:07:55,0,26,192,424,255,22,207,3,2,0,0,0,0
11/20/2025,21:08:00,0,23,198,425,255,32,206,5,4,0,0,0,0
11/20/2025,21:08:05,0,26,211,428,254,28,206,7,3,0,0,0,0
11/20/2025,21:08:10,0,24,195,423,255,23,208,3,2,0,0,0,0
11/20/2025,21:08:15,0,27,203,427,255,31,207,6,3,0,0,0,0
11/20/2025,21:08:20,0,26,199,427,254,19,205,1,1,0,0,0,0
11/20/2025,21:08:25,0,26,204,427,255,33,208,5,3,0,0,0,0
11/20/2025,21:08:30,0,25,197,426,255,19,207,3,1,0,0,0,0
11/20/2025,21:08:35,0,25,220,427,255,26,208,6,3,0,0,0,0
11/20/2025,21:08:40,0,27,202,425,255,22,207,2,2,0,0,0,0
11/20/2025,21:08:45,0,25,216,427,255,29,208,6,4,0,0,0,0
11/20/2025,21:08:50,0,26,192,423,255,23,207,3,2,0,0,0,0
11/20/2025,21:08:55,0,28,201,426,255,20,207,4,2,0,0,0,0
11/20/2025,21:09:00,0,27,212,426,254,29,207,6,4,0,0,0,0
11/20/2025,21:09:05,0,25,198,425,255,20,207,1,1,0,0,0,0
11/20/2025,21:09:10,0,27,205,428,253,29,206,7,3,0,0,0,0
11/20/2025,21:09:15,0,26,188,424,254,28,206,5,3,0,0,0,0
11/20/2025,21:09:20,0,24,200,425,255,21,208,2,1,0,0,0,-0.0008
11/20/2025,21:09:25,0,27,211,426,254,31,207,6,3,0,0,0,0
11/20/2025,21:09:30,0,30,200,424,255,23,206,3,2,0,0,0,-0.0008
11/20/2025,21:09:35,0,27,218,427,256,29,208,6,4,0,0,0,0
11/20/2025,21:09:40,0,26,197,424,255,23,208,2,1,0,0,0,0
11/20/2025,21:09:45,0,26,205,426,255,27,206,6,3,0,0,0,0
11/20/2025,21:09:50,0,24,196,424,255,32,206,5,3,0,0,0,0
11/20/2025,21:09:55,0,26,196,425,253,21,206,3,2,0,0,0,0
11/20/2025,21:10:00,0,26,213,426,255,28,208,6,4,0,0,0,0
11/20/2025,21:10:05,0,25,189,423,255,27,207,4,3,0,0,0,0
11/20/2025,21:10:10,0,25,199,425,255,19,208,2,1,0,0,0,0
11/20/2025,21:10:15,0,28,212,425,255,29,208,6,3,0,0,0,0
11/20/2025,21:10:20,0,26,196,424,254,22,206,2,1,0,0,0,0
11/20/2025,21:11:11,0,26,200,424,255,25,207,5,1,0,0,0,0
11/20/2025,21:11:15,0,25,193,422,255,23,207,2,1,0,0,0,-0.0008
11/20/2025,21:11:20,0,23,220,427,255,28,207,6,3,0,0,0,0
11/20/2025,21:11:25,0,24,196,424,255,21,207,3,1,0,0,0,0
11/20/2025,21:11:30,0,25,188,425,255,30,206,6,2,0,0,0,0
11/20/2025,21:11:35,0,25,205,427,254,24,207,5,3,0,0,0,0
11/20/2025,21:11:40,0,26,191,425,254,24,207,2,2,0,0,0,0
11/20/2025,21:11:45,0,25,204,427,256,23,207,5,2,0,0,0,0
11/20/2025,21:11:50,0,26,198,425,254,32,207,6,3,0,0,0,0
11/20/2025,21:11:55,0,26,198,424,255,21,206,3,1,0,0,0,0
11/20/2025,21:12:00,0,23,211,426,255,32,208,5,3,0,0,0,0
11/20/2025,21:12:05,0,26,200,425,255,21,207,3,2,0,0,0,0
11/20/2025,21:12:10,0,27,206,424,255,29,206,6,3,0,0,0,0
11/20/2025,21:12:15,0,27,200,424,255,18,207,2,1,0,0,0,0
11/20/2025,21:12:20,0,26,205,425,253,31,207,6,3,0,0,0,0
11/20/2025,21:12:25,0,25,196,423,254,20,208,2,2,0,0,0,0
11/20/2025,21:12:30,0,23,222,425,256,26,207,6,3,0,0,0,0
11/20/2025,21:12:35,0,26,199,422,253,21,206,2,1,0,0,0,0
11/20/2025,21:12:40,0,26,212,425,253,27,208,5,3,0,0,0,-0.0008
11/20/2025,21:12:45,0,24,192,421,255,23,208,3,2,0,0,0,0
11/20/2025,21:12:50,0,24,202,424,254,25,207,5,3,0,0,0,0
11/20/2025,21:12:55,0,25,190,420,255,26,206,4,3,0,0,0,0
11/20/2025,21:13:00,0,26,203,424,255,20,207,5,1,0,0,0,0
11/20/2025,21:13:05,0,25,189,422,254,30,206,5,3,0,0,0,0
11/20/2025,21:13:10,0,26,200,424,255,22,208,4,2,0,0,0,0
11/20/2025,21:13:15,0,26,191,419,255,25,207,3,2,0,0,0,0
11/20/2025,21:13:20,0,25,215,424,255,27,207,6,3,0,0,0,0
11/20/2025,21:13:25,0,25,205,425,257,22,206,4,2,0,0,0,0
11/20/2025,21:13:30,0,25,221,424,255,26,207,5,3,0,0,0,-0.0008
11/20/2025,21:13:35,0,26,203,422,255,23,207,3,2,0,0,0,0
11/20/2025,21:13:40,0,28,225,423,253,27,207,6,3,0,0,0,0
11/20/2025,21:13:45,0,26,201,422,255,23,206,2,1,0,0,0,0
11/20/2025,21:13:50,0,27,216,423,255,28,206,6,3,0,0,0,0
11/20/2025,21:13:55,0,26,195,421,255,24,208,2,2,0,0,0,0
11/20/2025,21:14:00,0,26,203,424,255,21,207,4,2,0,0,0,0
11/20/2025,21:14:05,0,24,211,424,255,27,206,6,3,0,0,0,0
11/20/2025,21:14:10,0,25,197,421,255,23,208,2,1,0,0,0,0
11/20/2025,21:14:15,0,26,201,424,254,18,208,2,1,0,0,0,0
11/20/2025,21:14:20,0,27,223,425,255,27,207,5,3,0,0,0,0
11/20/2025,21:14:25,0,24,193,420,255,26,208,3,2,0,0,0,0
11/20/2025,21:14:30,0,27,199,423,255,19,206,2,1,0,0,0,0
11/20/2025,21:14:35,0,24,218,425,254,29,207,6,4,0,0,0,0
11/20/2025,21:14:40,0,27,198,424,255,32,207,6,4,0,0,0,0
11/20/2025,21:14:45,0,26,201,422,255,23,205,2,1,0,0,0,0
11/20/2025,21:14:50,0,29,201,425,253,18,206,4,1,0,0,0,0
11/20/2025,21:14:55,0,26,218,425,256,24,206,5,3,0,0,0,0
11/20/2025,21:15:00,0,27,188,422,255,30,206,5,3,0,0,0,0
11/20/2025,21:15:05,0,28,198,421,255,22,207,4,2,0,0,0,0
11/20/2025,21:15:10,0,26,204,425,253,24,208,5,3,0,0,0,0
11/20/2025,21:15:15,0,25,220,424,255,25,206,6,3,0,0,0,0
11/20/2025,21:15:20,0,23,202,424,255,31,207,6,3,0,0,0,0
11/20/2025,21:15:25,0,25,197,423,255,22,208,2,1,0,0,0,0
11/20/2025,21:15:30,0,26,200,423,255,17,206,2,1,0,0,0,0
11/20/2025,21:15:35,0,26,223,426,255,27,208,5,3,0,0,0,0
11/20/2025,21:15:40,0,30,194,423,254,33,207,5,4,0,0,0,0
11/20/2025,21:15:45,0,26,194,422,254,23,207,2,1,0,0,0,0
11/20/2025,21:15:50,0,25,201,423,255,23,206,3,2,0,0,0,0
11/20/2025,21:15:55,0,25,196,423,254,21,206,2,1,0,0,0,-0.0008
11/20/2025,21:16:00,0,27,199,423,255,22,206,2,1,0,0,0,0
11/20/2025,21:16:05,0,26,200,424,254,21,207,2,1,0,0,0,0
11/20/2025,21:16:10,0,27,199,425,254,20,206,3,1,0,0,0,0
11/20/2025,21:16:15,0,25,197,423,256,20,206,3,1,0,0,0,0
11/20/2025,21:16:20,0,23,196,424,254,22,207,2,2,0,0,0,0
11/20/2025,21:16:25,0,24,196,424,254,21,207,2,2,0,0,0,0
11/20/2025,21:16:30,0,29,199,425,253,21,208,1,2,0,0,0,0
11/20/2025,21:16:35,0,23,201,425,255,21,208,3,1,0,0,0,0
11/20/2025,21:16:40,0,24,222,424,255,29,208,6,3,0,0,0,0
11/20/2025,21:16:45,0,24,190,424,253,25,206,4,3,0,0,0,0
11/20/2025,21:16:50,0,25,200,424,254,19,207,3,1,0,0,0,0
11/20/2025,21:16:55,0,28,220,425,255,27,208,4,3,0,0,0,-0.0008
11/20/2025,21:17:00,0,26,196,422,255,22,208,2,2,0,0,0,0
11/20/2025,21:17:05,0,25,202,425,255,20,207,4,2,0,0,0,0
11/20/2025,21:17:10,0,26,207,424,255,28,207,6,3,0,0,0,0
11/20/2025,21:17:15,0,25,198,423,253,21,207,2,1,0,0,0,0
11/20/2025,21:17:20,0,24,199,423,255,18,207,2,1,0,0,0,0
11/20/2025,21:17:25,0,25,224,423,255,27,206,6,3,0,0,0,0
11/20/2025,21:17:30,0,26,190,421,255,26,206,3,3,0,0,0,0
11/20/2025,21:17:35,0,26,195,421,253,24,206,3,2,0,0,0,0
11/20/2025,21:17:40,0,27,200,423,254,18,206,3,1,0,0,0,0
11/20/2025,21:17:45,0,26,209,423,255,27,207,6,3,0,0,0,0
11/20/2025,21:17:50,0,26,213,424,254,29,206,7,3,0,0,0,0
11/20/2025,21:17:55,0,27,215,423,255,27,207,6,4,0,0,0,0
11/20/2025,21:18:00,0,27,204,423,255,26,208,5,3,0,0,0,0
11/20/2025,21:18:05,0,25,202,423,254,20,207,2,1,0,0,0,0
11/20/2025,21:18:10,0,26,201,422,255,24,206,2,2,0,0,0,0
11/20/2025,21:18:15,0,28,201,423,255,32,208,6,3,0,0,0,0
11/20/2025,21:18:20,0,27,211,423,255,28,205,6,4,0,0,0,0
11/20/2025,21:18:25,0,22,203,422,255,22,207,2,2,0,0,0,-0.0008
11/20/2025,21:18:30,0,26,215,424,254,28,206,6,3,0,0,0,0
11/20/2025,21:18:35,0,26,196,422,254,20,207,3,1,0,0,0,0
11/20/2025,21:18:40,0,26,209,423,255,32,207,6,3,0,0,0,0
11/20/2025,21:18:45,0,28,199,422,253,19,206,2,1,0,0,0,0
11/20/2025,21:18:50,0,29,208,423,254,30,207,6,3,0,0,0,0
11/20/2025,21:18:55,0,27,198,423,254,19,207,2,1,0,0,0,0
11/20/2025,21:19:00,0,23,200,422,255,33,207,6,3,0,0,0,0
11/20/2025,21:19:05,0,26,206,421,255,26,207,6,3,0,0,0,0
11/20/2025,21:19:10,0,24,200,422,255,21,206,2,1,0,0,0,0
11/20/2025,21:19:15,0,27,220,423,254,27,207,5,2,0,0,0,0
11/20/2025,21:19:20,0,27,196,424,253,22,206,3,2,0,0,0,-0.0008
11/20/2025,21:19:25,0,27,208,423,255,30,206,6,3,0,0,0,0
11/20/2025,21:19:30,0,24,199,423,255,20,208,2,1,0,0,0,0
11/20/2025,21:19:35,0,24,188,423,254,27,207,4,3,0,0,0,0
11/20/2025,21:19:40,0,26,204,424,255,26,208,5,3,0,0,0,0
11/20/2025,21:19:45,0,26,193,423,254,30,206,4,3,0,0,0,0
11/20/2025,21:19:50,0,23,198,423,255,20,205,3,1,0,0,0,0
11/20/2025,21:19:55,0,23,222,423,255,30,207,6,3,0,0,0,0
11/20/2025,21:20:00,0,25,193,424,255,24,206,3,1,0,0,0,0
11/20/2025,21:20:05,0,25,201,425,255,20,207,4,2,0,0,0,0
11/20/2025,21:20:10,0,26,195,424,252,30,207,5,3,0,0,0,0
11/20/2025,21:20:15,0,25,199,425,255,21,207,2,2,0,0,0,0
11/20/2025,21:20:20,0,24,213,426,256,28,207,6,3,0,0,0,0
11/20/2025,21:20:25,0,25,200,424,256,24,208,2,2,0,0,0,0
11/20/2025,21:21:11,0,26,206,424,255,20,207,4,2,0,0,0,-0.0008
11/20/2025,21:21:15,0,25,192,423,255,24,205,2,1,0,0,0,0
11/20/2025,21:21:20,0,25,204,424,254,25,207,5,3,0,0,-0.0008,0
11/20/2025,21:21:25,0,25,193,422,255,31,207,4,3,0,0,0,0
11/20/2025,21:21:30,0,27,199,424,255,22,207,2,1,-0.0008,0,0,0
11/20/2025,21:21:35,0,28,194,423,255,32,207,6,3,0,0,0,0
11/20/2025,21:21:40,0,26,202,421,255,21,206,4,1,0,0,0,0
11/20/2025,21:21:45,0,24,192,422,255,26,205,2,2,0,0,0,0
11/20/2025,21:21:50,0,26,207,424,254,28,206,6,3,-0.0008,0,0,0
11/20/2025,21:21:55,0,26,193,422,254,23,206,2,1,0,0,0,0
11/20/2025,21:22:00,0,26,213,425,255,29,208,6,4,0,0,0,0
11/20/2025,21:22:05,0,27,198,423,255,21,207,2,1,0,0,0,0
11/20/2025,21:22:10,0,25,216,424,254,30,208,7,4,0,0,0,0
11/20/2025,21:22:15,0,24,195,422,255,22,207,2,1,0,0,0,0
11/20/2025,21:22:20,0,25,211,423,255,29,206,6,4,0,0,0,0
11/20/2025,21:22:25,0,24,196,422,254,21,208,1,1,0,0,0,0
11/20/2025,21:22:30,0,26,212,424,254,31,207,8,3,0,0,0,-0.0008
11/20/2025,21:22:35,0,25,196,421,255,22,207,2,1,0,0,0,0
11/20/2025,21:22:40,0,25,216,421,255,30,206,6,4,0,0,0,0
11/20/2025,21:22:45,0,25,201,419,255,21,207,2,1,0,0,0,0
11/20/2025,21:22:50,0,24,218,421,255,29,207,6,3,0,0,0,0
11/20/2025,21:22:55,0,25,200,421,254,21,207,2,1,0,0,0,0
11/20/2025,21:23:00,0,27,224,422,253,28,206,6,3,0,0,0,0
11/20/2025,21:23:05,0,27,198,420,254,25,206,3,2,0,0,0,-0.0008
11/20/2025,21:23:10,0,31,219,421,255,29,207,6,3,0,0,0,0
11/20/2025,21:23:15,0,27,195,421,254,20,207,2,2,0,0,0,0
11/20/2025,21:23:20,0,27,213,423,254,28,207,5,3,0,0,0,0
11/20/2025,21:23:25,0,24,198,420,254,22,207,3,2,0,0,0,0
11/20/2025,21:23:30,0,23,208,422,255,29,207,6,3,0,0,0,-0.0008
11/20/2025,21:23:35,0,27,199,419,254,21,208,3,1,0,0,0,-0.0008
11/20/2025,21:23:40,0,24,207,422,255,29,207,5,3,0,0,0,0
11/20/2025,21:23:45,0,25,198,421,254,21,206,2,2,0,0,0,0
11/20/2025,21:23:50,0,22,217,423,255,29,207,5,1,0,0,0,0
11/20/2025,21:23:55,0,26,201,421,254,20,207,2,1,0,0,0,0
11/20/2025,21:24:00,0,24,195,422,254,33,207,7,4,-0.0008,0,0,0
11/20/2025,21:24:05,0,26,198,421,254,17,206,1,1,0,0,0,0
11/20/2025,21:24:10,0,27,213,424,255,32,206,7,4,0,0,0,0
11/20/2025,21:24:15,0,28,193,420,254,23,207,1,1,0,0,0,0
11/20/2025,21:24:20,0,26,199,422,254,21,208,3,2,0,0,0,0
11/20/2025,21:24:25,0,26,223,423,255,29,206,6,3,0,0,0,0
11/20/2025,21:24:30,0,28,195,421,255,21,206,2,1,0,0,0,0
11/20/2025,21:24:35,0,25,201,423,254,21,207,3,2,0,0,0,0
11/20/2025,21:24:40,0,28,203,422,254,32,207,5,3,0,0,0,0
11/20/2025,21:24:45,0,28,198,423,255,18,207,2,1,0,0,0,0
11/20/2025,21:24:50,0,27,204,422,253,32,205,5,3,0,0,0,0
11/20/2025,21:24:55,0,28,200,422,255,19,206,3,1,0,0,0,0
11/20/2025,21:25:00,0,27,198,422,253,31,206,5,3,0,0,0,0
11/20/2025,21:25:05,0,27,205,423,254,27,207,6,3,0,0,0,0
11/20/2025,21:25:10,0,26,200,421,254,20,207,2,1,0,0,0,0
11/20/2025,21:25:15,0,26,222,424,254,29,207,6,3,0,0,0,0
11/20/2025,21:25:20,0,29,195,422,253,22,206,2,1,0,0,0,0
11/20/2025,21:25:25,0,27,208,423,254,30,207,6,3,-0.0008,0,0,0
11/20/2025,21:25:30,0,28,202,420,255,21,207,3,2,0,0,0,0
11/20/2025,21:25:35,0,27,194,422,254,23,207,2,2,0,0,0,0
11/20/2025,21:25:40,0,26,214,423,254,29,208,6,4,0,0,0,0
11/20/2025,21:25:45,0,26,198,422,254,21,206,2,1,0,0,0,0
11/20/2025,21:25:50,0,26,215,423,254,30,207,7,4,0,0,0,0
11/20/2025,21:25:55,0,26,197,422,254,21,207,2,1,0,0,0,0
11/20/2025,21:26:00,0,25,206,423,255,27,207,5,3,0,0,0,0
11/20/2025,21:26:05,0,27,189,421,254,28,206,4,3,0,0,0,0
11/20/2025,21:26:10,0,22,201,424,254,19,206,4,1,0,0,0,0
11/20/2025,21:26:15,0,32,203,422,254,31,207,6,4,0,0,0,0
11/20/2025,21:26:20,0,29,196,423,256,20,206,3,0,0,0,0,0
11/20/2025,21:26:25,0,27,217,423,254,29,206,5,3,0,0,0,0
11/20/2025,21:26:30,0,27,199,420,255,25,206,3,2,0,0,0,0
11/20/2025,21:26:35,0,26,223,423,255,27,207,6,3,0,0,0,0
11/20/2025,21:26:40,0,26,199,421,255,21,206,2,1,0,0,0,0
11/20/2025,21:26:45,0,25,210,424,255,28,208,5,3,0,0,0,0
11/20/2025,21:26:50,0,27,189,421,255,25,207,3,3,0,0,0,0
11/20/2025,21:26:55,0,23,201,420,254,21,207,3,2,0,0,0,0
11/20/2025,21:27:00,0,31,211,423,254,30,207,6,3,0,0,0,0
11/20/2025,21:27:05,0,26,193,421,255,23,208,2,2,0,0,0,0
11/20/2025,21:27:10,0,24,221,424,255,29,207,7,4,0,0,0,0
11/20/2025,21:27:15,0,25,198,422,254,23,207,1,1,0,0,0,0
11/20/2025,21:27:20,0,27,206,424,255,30,207,7,4,0,0,0,0
11/20/2025,21:27:25,0,27,193,421,254,24,208,2,2,0,0,0,0
11/20/2025,21:27:30,0,26,207,423,254,27,206,6,3,0,0,0,0
11/20/2025,21:27:35,0,26,198,422,255,22,208,2,1,0,0,0,0
11/20/2025,21:27:40,0,26,216,422,254,27,207,6,3,0,0,0,0
11/20/2025,21:27:45,0,24,206,424,254,28,207,7,4,0,0,0,0
11/20/2025,21:27:50,0,25,199,421,254,21,206,2,1,0,0,0,0
11/20/2025,21:27:55,0,25,196,419,255,21,207,1,1,0,0,0,0
11/20/2025,21:28:00,0,29,206,420,255,35,207,6,3,0,0,0,0
11/20/2025,21:28:05,0,24,213,422,254,30,206,6,4,0,0,0,0
11/20/2025,21:28:10,0,24,198,421,255,22,207,3,2,0,0,0,-0.0008
11/20/2025,21:28:15,0,23,193,419,254,25,207,2,2,0,0,0,0
11/20/2025,21:28:20,0,27,199,419,254,20,206,2,1,0,0,0,0
11/20/2025,21:28:25,0,26,189,420,252,23,206,4,2,0,0,0,0
11/20/2025,21:28:30,0,27,204,419,254,30,207,6,3,0,0,0,0
11/20/2025,21:28:35,0,27,217,423,255,25,208,5,2,0,0,0,0
11/20/2025,21:28:40,0,27,211,420,255,29,208,6,4,0,0,0,0
11/20/2025,21:28:45,0,30,198,419,254,21,206,2,1,0,0,0,0
11/20/2025,21:28:50,0,27,198,418,254,21,207,2,1,0,0,0,0
11/20/2025,21:28:55,0,27,189,420,255,30,206,5,3,0,0,0,0
11/20/2025,21:29:00,0,26,207,421,254,29,207,5,3,0,0,0,0
11/20/2025,21:29:05,0,25,214,422,255,28,208,5,3,-0.0008,0,0,0
11/20/2025,21:29:10,0,26,216,419,255,27,207,6,2,0,0,0,0
11/20/2025,21:29:15,0,26,214,422,256,29,207,6,3,0,0,0,0
11/20/2025,21:29:20,0,24,215,422,254,29,207,5,2,0,0,0,0
11/20/2025,21:29:25,0,26,212,421,254,29,207,6,3,0,0,0,-0.0008
11/20/2025,21:29:30,0,29,204,419,255,30,207,6,3,0,0,0,0
11/20/2025,21:29:35,0,29,193,420,255,28,208,4,3,0,0,0,0
11/20/2025,21:29:40,0,28,196,419,254,21,206,2,1,0,0,0,0
11/20/2025,21:29:45,0,26,194,418,255,21,208,2,2,0,0,0,0
11/20/2025,21:29:50,0,27,214,422,254,30,208,6,4,0,0,0,0
11/20/2025,21:29:55,0,28,200,419,254,32,208,6,3,0,0,0,0
11/20/2025,21:30:00,0,28,203,419,254,21,206,3,2,0,0,0,0
11/20/2025,21:30:05,0,25,200,421,254,19,207,3,1,0,0,0,0
11/20/2025,21:30:10,0,27,210,421,254,29,206,6,3,0,0,0,0
11/20/2025,21:30:15,0,27,222,419,255,30,206,7,4,0,0,0,0
11/20/2025,21:30:20,0,29,216,421,255,30,207,5,3,0,0,0,0
11/20/2025,21:30:25,0,29,209,420,254,30,206,6,4,0,0,0,0
11/20/2025,21:30:30,0,28,205,421,253,28,206,6,3,0,0,0,0
11/20/2025,21:30:35,0,28,213,419,255,28,206,7,3,0,0,0,0
11/20/2025,21:31:10,0,28,202,419,255,23,207,3,2,0,0,0,0
11/20/2025,21:31:14,0,28,192,418,254,24,208,2,2,0,0,0,0
11/20/2025,21:31:19,0,27,205,421,254,28,207,5,3,0,0,0,0
11/20/2025,21:31:24,0,27,224,422,254,28,207,6,3,0,0,0,0
11/20/2025,21:31:29,0,28,207,421,254,29,207,6,4,0,0,0,0
11/20/2025,21:31:34,0,29,195,421,255,21,206,3,1,0,0,0,0
11/20/2025,21:31:39,0,27,187,420,254,24,206,3,3,0,0,0,0
11/20/2025,21:31:44,0,28,223,423,255,30,206,7,3,0,0,0,0
11/20/2025,21:31:49,0,26,200,420,255,23,208,3,2,0,0,0,0
11/20/2025,21:31:54,0,25,199,421,255,22,206,3,1,0,0,0,0
11/20/2025,21:31:59,0,26,192,420,254,23,205,2,2,0,0,0,0
11/20/2025,21:32:04,0,25,204,421,254,30,207,6,3,0,0,0,0
11/20/2025,21:32:09,0,27,220,424,252,27,206,6,3,0,0,0,0
11/20/2025,21:32:14,0,27,213,423,254,31,205,6,4,0,0,0,0
11/20/2025,21:32:19,0,28,207,422,254,28,208,5,3,0,0,0,0
11/20/2025,21:32:24,0,28,202,423,253,21,206,4,2,0,0,0,0
11/20/2025,21:32:29,0,26,199,423,253,20,206,3,1,0,0,0,0
11/20/2025,21:32:34,0,27,197,421,254,22,206,2,2,0,0,0,0
11/20/2025,21:32:39,0,28,199,421,254,25,208,2,2,0,0,0,0
11/20/2025,21:32:44,0,26,201,421,254,22,205,1,1,0,0,0,0
11/20/2025,21:32:49,0,31,201,422,255,24,206,3,1,0,0,0,0
11/20/2025,21:32:54,0,27,195,421,253,21,206,2,2,0,0,0,0
11/20/2025,21:32:59,0,28,200,423,254,23,207,4,2,0,0,0,0
11/20/2025,21:33:04,0,27,222,423,254,31,207,7,3,0,0,0,0
11/20/2025,21:33:09,0,28,201,423,254,31,206,5,3,0,0,0,0
11/20/2025,21:33:14,0,28,200,422,255,20,205,1,0,0,0,0,0
11/20/2025,21:33:19,0,24,200,424,254,21,207,3,2,0,0,0,0
11/20/2025,21:33:24,0,28,213,424,254,31,206,7,4,0,0,0,0
11/20/2025,21:33:29,0,27,216,422,254,31,207,7,3,0,0,0,0
11/20/2025,21:33:34,0,28,194,423,254,30,206,4,3,0,0,0,0
11/20/2025,21:33:39,0,26,199,423,254,20,206,1,1,0,0,0,-0.0008
11/20/2025,21:33:44,0,27,201,425,253,20,207,4,1,0,0,0,0
11/20/2025,21:33:49,0,30,208,425,254,30,206,6,4,0,0,0,0
11/20/2025,21:33:54,0,26,219,426,254,30,206,5,3,0,0,0,0
11/20/2025,21:33:59,0,29,211,426,253,29,205,6,3,0,0,0,0
11/20/2025,21:34:04,0,26,202,424,254,32,206,5,3,0,0,0,0
11/20/2025,21:34:09,0,27,190,424,253,29,208,4,3,0,0,0,0
11/20/2025,21:34:14,0,29,191,424,255,25,206,3,1,0,0,0,0
11/20/2025,21:34:19,0,27,192,424,255,22,206,2,1,0,0,0,0
11/20/2025,21:34:24,0,29,191,425,253,24,206,3,1,0,0,0,0
11/20/2025,21:34:29,0,33,200,425,254,30,206,6,4,0,0,0,0
11/20/2025,21:34:34,0,28,218,426,254,30,208,7,3,0,0,0,0
11/20/2025,21:34:39,0,29,205,426,254,27,207,6,3,0,0,0,0
11/20/2025,21:34:44,0,27,195,425,254,23,206,3,1,0,0,0,0
11/20/2025,21:34:49,0,27,197,423,254,22,207,1,1,0,0,0,0
11/20/2025,21:34:54,0,29,188,426,254,29,206,4,2,0,0,0,0
11/20/2025,21:34:59,0,29,211,428,255,29,206,5,3,0,0,0,0
11/20/2025,21:35:04,0,28,213,427,255,30,207,7,4,0,0,0,0
11/20/2025,21:35:09,0,29,199,427,254,21,207,3,1,0,0,0,0
11/20/2025,21:35:14,0,28,194,424,254,25,207,3,1,0,0,0,0
11/20/2025,21:35:19,0,29,210,430,254,28,208,5,3,0,0,0,0
11/20/2025,21:35:24,0,29,213,429,255,30,205,6,4,0,0,0,0
11/20/2025,21:35:29,0,31,200,428,254,20,207,3,1,0,0,0,0
11/20/2025,21:35:34,0,29,196,429,255,22,207,2,1,0,0,0,0
11/20/2025,21:35:39,0,27,211,430,254,29,207,5,3,0,0,0,0
11/20/2025,21:35:44,0,28,206,430,254,29,207,6,3,0,0,0,0
11/20/2025,21:35:49,0,27,196,428,254,21,207,2,2,0,0,0,-0.0008
11/20/2025,21:35:54,0,28,193,429,254,22,207,2,1,0,0,0,0
11/20/2025,21:35:59,0,28,211,430,254,28,206,5,3,0,0,0,0
11/20/2025,21:36:04,0,28,202,429,254,24,207,4,3,0,0,0,0
11/20/2025,21:36:09,0,29,198,427,254,22,205,1,1,0,0,0,0
11/20/2025,21:36:14,0,29,211,429,255,31,207,7,3,0,0,0,0
11/20/2025,21:36:19,0,29,208,429,254,28,207,6,3,0,0,0,0
11/20/2025,21:36:24,0,29,196,427,254,22,207,2,1,0,0,0,0
11/20/2025,21:36:29,0,29,191,426,254,24,207,2,2,0,0,0,0
11/20/2025,21:36:34,0,32,220,428,254,29,206,6,3,0,0,0,0
11/20/2025,21:36:39,0,29,201,426,255,19,207,3,2,0,0,0,0
11/20/2025,21:36:44,0,29,197,426,253,22,206,2,1,0,0,0,0
11/20/2025,21:36:49,0,30,210,431,254,31,206,6,3,0,0,0,0
11/20/2025,21:36:54,0,30,209,426,255,30,207,6,4,0,0,0,0
11/20/2025,21:36:59,0,27,196,426,254,22,207,2,2,0,0,0,0
11/20/2025,21:37:04,0,29,188,424,254,29,208,4,2,0,0,0,0
11/20/2025,21:37:09,0,30,221,428,253,28,206,6,3,0,0,0,0
11/20/2025,21:37:14,0,32,199,426,254,22,208,3,2,0,0,0,0
11/20/2025,21:37:19,0,29,204,425,255,23,208,1,1,0,0,0,0
11/20/2025,21:37:24,0,29,193,425,254,29,207,6,3,0,0,0,0
11/20/2025,21:37:29,0,28,223,427,254,30,207,6,4,0,0,0,0
11/20/2025,21:37:34,0,28,200,426,253,20,207,3,1,0,0,0,0
11/20/2025,21:37:39,0,27,190,424,254,25,207,3,2,0,0,0,0
11/20/2025,21:37:44,0,29,217,427,253,32,206,7,4,0,0,0,0
11/20/2025,21:37:49,0,30,198,425,253,22,206,3,1,0,0,0,0
11/20/2025,21:37:54,0,27,188,422,254,28,208,4,2,0,0,0,0
11/20/2025,21:37:59,0,28,218,426,254,30,206,7,4,0,0,0,0
11/20/2025,21:38:04,0,27,196,425,254,22,205,2,2,0,0,0,0
11/20/2025,21:38:09,0,28,192,424,254,29,206,5,3,0,0,0,0
11/20/2025,21:38:14,0,28,211,426,255,31,208,6,4,0,0,0,0
11/20/2025,21:38:19,0,28,194,424,254,23,207,3,2,0,0,0,0
11/20/2025,21:38:24,0,26,200,425,255,31,207,5,3,0,0,0,0
11/20/2025,21:38:29,0,29,207,425,254,30,208,6,4,0,0,0,-0.0008
11/20/2025,21:38:34,0,24,200,424,255,22,207,3,2,0,0,0,0
11/20/2025,21:38:39,0,28,209,423,254,30,207,6,3,0,0,0,0
11/20/2025,21:38:44,0,30,200,424,254,19,205,3,0,0,0,0,0
11/20/2025,21:38:49,0,27,190,423,254,30,208,3,2,0,0,0,0
11/20/2025,21:38:54,0,28,209,425,254,30,207,6,4,0,0,0,0
11/20/2025,21:38:59,0,27,200,423,255,20,207,2,1,0,0,0,0
11/20/2025,21:39:04,0,29,217,423,255,28,207,6,3,0,0,0,0
11/20/2025,21:39:09,0,26,196,420,254,22,207,3,2,0,0,0,0
11/20/2025,21:39:14,0,25,214,424,256,28,206,6,3,0,0,0,0
11/20/2025,21:39:19,0,29,197,422,254,20,207,2,2,0,0,0,0
11/20/2025,21:39:24,0,27,208,420,254,30,207,6,4,0,0,0,0
11/20/2025,21:39:29,0,26,201,421,254,22,207,3,2,0,0,0,0
11/20/2025,21:39:34,0,23,198,423,254,31,207,4,3,0,0,0,0
11/20/2025,21:39:39,0,26,201,421,254,25,208,4,2,0,0,0,0
11/20/2025,21:39:44,0,28,188,422,253,27,206,4,2,0,0,0,0
11/20/2025,21:39:49,0,28,204,423,254,28,206,6,3,0,0,0,0
11/20/2025,21:39:54,0,29,195,422,255,23,207,3,0,0,0,0,0
11/20/2025,21:39:59,0,28,210,424,255,29,207,7,3,0,0,0,0
11/20/2025,21:40:04,0,29,191,420,254,24,205,3,2,0,0,0,0
11/20/2025,21:40:09,0,28,203,423,254,24,206,4,3,0,0,0,0
11/20/2025,21:40:14,0,29,190,419,255,29,207,5,3,0,0,0,-0.0008
11/20/2025,21:40:19,0,29,203,424,253,25,206,5,2,0,0,0,0
11/20/2025,21:40:24,0,29,189,420,254,25,206,4,2,0,0,0,0
11/20/2025,21:40:29,0,29,200,423,254,26,207,4,2,0,0,0,0
11/20/2025,21:40:34,0,27,188,421,254,26,211,3,4,0,0,0,0
11/20/2025,21:40:39,0,28,201,422,254,21,206,3,1,0,0,0,0
11/20/2025,21:40:44,0,31,201,421,253,34,206,6,4,0,0,0,-0.0008
11/20/2025,21:40:49,0,28,201,420,255,20,207,2,1,0,0,0,0
11/20/2025,21:41:30,0,28,212,422,254,26,207,6,3,0,0,0,0
11/20/2025,21:41:34,0,26,199,420,254,19,208,2,1,0,0,0,-0.0008
11/20/2025,21:41:39,0,24,213,422,254,30,207,5,3,0,0,0,0
11/20/2025,21:41:44,0,27,196,421,254,21,207,2,2,0,0,0,0
11/20/2025,21:41:49,0,30,212,422,254,28,207,6,3,0,0,0,0
11/20/2025,21:41:54,0,28,197,421,252,22,206,3,1,0,0,0,0
11/20/2025,21:41:59,0,29,209,421,254,32,207,6,4,0,0,0,0
11/20/2025,21:42:04,0,27,200,420,254,19,208,2,1,0,0,0,0
11/20/2025,21:42:09,0,26,191,418,254,32,207,6,3,0,0,0,0
11/20/2025,21:42:14,0,29,204,422,254,26,207,6,3,0,0,0,0
11/20/2025,21:42:19,0,28,199,419,254,22,206,2,1,0,0,0,0
11/20/2025,21:42:24,0,28,222,420,254,30,206,6,4,0,0,0,0
11/20/2025,21:42:29,0,28,193,419,254,22,207,3,2,0,0,0,0
11/20/2025,21:42:34,0,29,209,421,253,29,206,6,3,0,0,0,0
11/20/2025,21:42:39,0,26,199,419,254,21,205,2,2,0,0,0,0
11/20/2025,21:42:44,0,30,215,419,254,30,207,5,3,0,0,0,0
11/20/2025,21:42:49,0,25,199,418,253,25,206,3,3,0,0,0,0
11/20/2025,21:42:54,0,22,219,420,254,28,205,5,3,0,0,0,0
11/20/2025,21:42:59,0,29,194,419,253,22,206,4,1,0,0,0,0
11/20/2025,21:43:04,0,28,210,417,254,31,208,5,3,0,0,0,0
11/20/2025,21:43:09,0,27,198,418,254,20,207,2,1,0,0,0,0
11/20/2025,21:43:14,0,25,205,417,254,32,207,6,3,0,0,0,0
11/20/2025,21:43:19,0,29,200,420,255,21,208,2,2,0,0,0,0
11/20/2025,21:43:24,0,28,215,420,253,29,206,5,3,0,0,0,0
11/20/2025,21:43:29,0,24,203,418,254,25,206,2,2,0,0,0,0
11/20/2025,21:43:34,0,28,212,421,254,30,206,6,3,0,0,0,0
11/20/2025,21:43:39,0,31,196,419,254,33,206,5,3,0,0,0,0
11/20/2025,21:43:44,0,31,195,420,255,22,207,2,2,0,0,0,0
11/20/2025,21:43:49,0,28,208,421,254,28,207,6,4,0,0,0,0
11/20/2025,21:43:54,0,30,203,418,253,30,207,5,3,0,0,0,0
11/20/2025,21:43:59,0,28,202,419,253,24,207,2,2,0,0,0,0
11/20/2025,21:44:04,0,29,203,419,254,27,207,5,3,0,0,0,0
11/20/2025,21:44:09,0,28,208,419,254,31,208,5,3,0,0,0,0
11/20/2025,21:44:14,0,27,202,419,254,21,206,2,1,0,0,0,0
11/20/2025,21:44:19,0,28,206,420,254,27,207,6,3,0,0,0,0
11/20/2025,21:44:24,0,28,217,420,254,27,207,5,3,0,0,0,0
11/20/2025,21:44:29,0,28,191,418,254,25,207,3,2,0,0,0,0
11/20/2025,21:44:34,0,28,202,418,254,22,206,2,1,0,0,0,0
11/20/2025,21:44:39,0,25,199,420,256,20,205,3,2,0,0,0,0
11/20/2025,21:44:44,0,29,223,420,254,29,205,6,3,0,0,0,0
11/20/2025,21:44:49,0,27,191,418,254,29,206,5,2,0,0,0,-0.0008
11/20/2025,21:44:54,0,30,200,418,254,23,206,4,1,0,0,0,0
11/20/2025,21:44:59,0,28,205,420,254,28,206,6,4,0,0,0,0
11/20/2025,21:45:04,0,28,214,419,254,29,206,5,3,0,0,0,0
11/20/2025,21:45:09,0,28,192,418,253,25,206,3,3,0,0,0,0
11/20/2025,21:45:14,0,28,203,418,255,22,207,2,1,0,0,0,0
11/20/2025,21:45:19,0,28,200,420,253,22,206,3,2,0,0,0,0
11/20/2025,21:45:24,0,28,221,420,254,31,206,7,4,0,0,0,0
11/20/2025,21:45:29,0,25,204,419,255,30,208,5,3,0,0,0,0
11/20/2025,21:45:34,0,29,198,418,254,20,207,2,1,0,0,0,0
11/20/2025,21:45:39,0,26,200,419,252,19,206,3,1,0,0,0,0
11/20/2025,21:45:44,0,28,212,419,254,31,206,7,4,0,0,0,-0.0008
11/20/2025,21:45:49,0,29,212,419,254,31,205,5,3,0,0,0,0
11/20/2025,21:45:54,0,28,194,417,254,24,206,2,1,0,0,0,0
11/20/2025,21:45:59,0,28,195,417,254,29,207,3,2,0,0,0,0
11/20/2025,21:46:04,0,28,206,419,254,29,207,6,4,0,0,0,0
11/20/2025,21:46:09,0,27,205,418,254,34,207,5,3,0,0,0,-0.0008
11/20/2025,21:46:14,0,25,201,417,254,25,206,3,2,0,0,0,-0.0008
11/20/2025,21:46:19,0,28,210,418,254,29,206,7,4,0,0,0,0
11/20/2025,21:46:24,0,29,202,417,254,34,207,6,4,0,0,0,0
11/20/2025,21:46:29,0,29,205,417,254,21,207,2,1,0,0,0,0
11/20/2025,21:46:34,0,27,199,418,254,23,207,4,2,0,0,0,-0.0008
11/20/2025,21:46:39,0,29,224,417,254,29,206,6,3,0,0,0,0
11/20/2025,21:46:44,0,29,195,417,254,33,207,6,3,0,0,0,0
11/20/2025,21:46:49,0,31,195,415,254,25,207,3,1,-0.0008,0,0,0
11/20/2025,21:46:54,0,29,210,417,254,31,206,7,4,0,0,0,0
11/20/2025,21:46:59,0,28,205,416,255,33,207,6,3,0,0,0,0
11/20/2025,21:47:04,0,28,202,414,254,21,207,2,1,0,0,0,0
11/20/2025,21:47:09,0,30,201,416,254,22,208,4,2,0,0,0,0
11/20/2025,21:47:14,0,29,222,420,252,31,206,6,4,0,0,0,0
11/20/2025,21:47:19,0,28,200,418,254,31,206,6,3,0,0,0,0
11/20/2025,21:47:24,0,28,201,417,254,21,207,2,1,0,0,0,0
11/20/2025,21:47:29,0,29,202,419,254,27,206,4,3,0,0,0,0
11/20/2025,21:47:34,0,29,209,418,254,31,205,5,3,0,0,0,0
11/20/2025,21:47:39,0,27,202,418,254,22,207,1,1,0,0,0,0
11/20/2025,21:47:44,0,29,200,419,254,25,207,5,2,0,0,0,0
11/20/2025,21:47:49,0,27,219,417,254,32,208,7,4,0,0,0,0
11/20/2025,21:47:54,0,25,206,416,253,31,206,6,4,0,0,0,0
11/20/2025,21:47:59,0,27,195,418,254,24,206,2,1,0,0,0,0
11/20/2025,21:48:04,0,28,197,419,254,25,207,3,1,0,0,0,0
11/20/2025,21:48:09,0,28,203,421,254,27,207,6,3,0,0,0,0
11/20/2025,21:48:14,0,28,222,419,254,30,206,6,3,0,0,0,0
11/20/2025,21:48:19,0,29,200,420,255,34,205,5,3,0,0,0,-0.0008
11/20/2025,21:48:24,0,27,198,419,255,22,206,2,1,0,0,0,0
11/20/2025,21:48:29,0,27,198,418,253,22,206,2,1,0,0,0,0
11/20/2025,21:48:34,0,28,203,419,254,28,207,6,3,0,0,0,0
11/20/2025,21:48:39,0,31,225,420,254,32,207,7,3,0,0,0,0
11/20/2025,21:48:44,0,28,205,417,254,32,208,6,3,0,0,0,0
11/20/2025,21:48:49,0,28,194,418,253,23,206,3,1,0,0,0,0
11/20/2025,21:48:54,0,28,197,416,254,23,208,2,2,0,0,0,0
11/20/2025,21:48:59,0,29,203,417,254,28,208,6,3,0,0,0,-0.0008
11/20/2025,21:49:04,0,28,225,419,254,31,208,6,3,0,0,0,0
11/20/2025,21:49:09,0,30,203,418,254,33,205,6,3,0,0,0,0
11/20/2025,21:49:14,0,30,197,418,252,21,205,2,1,0,0,0,0
11/20/2025,21:49:19,0,30,200,419,252,20,205,2,2,0,0,0,-0.0008
11/20/2025,21:49:24,0,29,213,419,254,33,206,7,4,0,0,0,0
11/20/2025,21:49:29,0,32,204,419,254,31,206,7,3,0,0,0,-0.0008
11/20/2025,21:49:34,0,30,197,418,254,21,206,2,0,0,0,0,0
11/20/2025,21:49:39,0,31,200,418,254,20,206,3,2,0,0,0,0
11/20/2025,21:49:44,0,29,213,422,254,32,207,7,4,0,0,0,0
11/20/2025,21:49:49,0,24,217,419,254,29,206,5,3,0,0,0,0
11/20/2025,21:49:54,0,30,204,419,255,31,207,7,4,0,0,0,0
11/20/2025,21:49:59,0,30,194,418,253,22,206,2,1,0,0,0,-0.0008
11/20/2025,21:50:04,0,27,197,415,254,23,208,3,2,0,0,0,0
11/20/2025,21:50:09,0,29,202,417,254,25,207,4,2,0,0,0,0
11/20/2025,21:50:14,0,27,213,419,254,31,206,7,4,0,0,0,0
11/20/2025,21:50:19,0,32,219,419,254,31,205,6,3,0,0,0,0
11/20/2025,21:50:24,0,26,199,419,254,32,207,6,4,0,0,0,0
11/20/2025,21:50:29,0,26,193,415,254,23,207,2,1,0,0,0,0
11/20/2025,21:50:34,0,31,195,417,253,22,206,3,1,0,0,0,0
11/20/2025,21:50:39,0,29,201,419,253,22,206,4,1,0,0,0,0
11/20/2025,21:50:44,0,28,218,419,254,32,206,7,4,0,0,0,-0.0008
11/20/2025,21:50:49,0,28,208,418,254,30,206,6,3,0,0,0,0
11/20/2025,21:50:54,0,29,192,418,254,25,206,3,1,0,0,0,0
11/20/2025,21:51:30,0,30,211,421,253,27,206,6,3,0,0,0,0
11/20/2025,21:51:33,0,30,205,418,254,21,207,2,1,0,0,0,-0.0008
11/20/2025,21:51:38,0,27,201,418,254,22,208,2,2,0,0,0,0
11/20/2025,21:51:43,0,30,207,420,254,29,207,6,4,0,0,0,0
11/20/2025,21:51:48,0,29,216,420,255,31,207,6,3,0,0,0,0
11/20/2025,21:51:53,0,29,190,418,254,30,205,4,3,0,0,0,0
11/20/2025,21:51:58,0,28,204,416,254,23,207,2,1,0,0,0,0
11/20/2025,21:52:03,0,29,201,419,252,20,206,3,1,0,0,0,0
11/20/2025,21:52:08,0,27,211,421,254,31,207,7,4,0,0,0,0
11/20/2025,21:52:13,0,28,215,417,255,31,208,5,2,0,0,0,0
11/20/2025,21:52:18,0,30,190,416,254,27,207,4,2,0,0,0,0
11/20/2025,21:52:23,0,29,201,418,253,24,207,3,2,0,0,0,0
11/20/2025,21:52:28,0,27,200,418,253,21,206,3,1,0,0,0,0
11/20/2025,21:52:33,0,28,206,419,254,30,206,7,3,0,0,0,0
11/20/2025,21:52:38,0,27,224,419,253,31,207,7,4,0,0,0,0
11/20/2025,21:52:43,0,28,195,417,254,33,205,6,3,0,0,0,0
11/20/2025,21:52:48,0,29,199,416,253,24,206,3,2,0,0,0,0
11/20/2025,21:52:53,0,28,204,418,253,28,207,6,3,0,0,0,0
11/20/2025,21:52:58,0,30,212,418,254,28,206,5,3,0,0,0,0
11/20/2025,21:53:03,0,30,196,416,254,23,207,2,1,0,0,0,0
11/20/2025,21:53:08,0,28,200,417,254,21,206,3,1,0,0,0,0
11/20/2025,21:53:13,0,29,213,417,254,32,208,7,4,0,0,0,0
11/20/2025,21:53:18,0,32,223,418,253,29,205,6,3,0,0,0,0
11/20/2025,21:53:23,0,32,204,418,254,33,207,6,3,0,0,0,0
11/20/2025,21:53:28,0,30,197,416,254,22,207,2,1,0,0,0,0
11/20/2025,21:53:33,0,30,198,416,254,21,206,3,1,0,0,0,-0.0008
11/20/2025,21:53:38,0,29,206,419,253,28,206,6,3,0,0,0,0
11/20/2025,21:53:43,0,28,217,418,254,28,206,6,3,0,0,0,0
11/20/2025,21:53:48,0,30,190,417,253,27,206,4,3,0,0,0,0
11/20/2025,21:53:53,0,28,202,416,253,23,206,2,1,0,0,0,0
11/20/2025,21:53:58,0,27,200,416,254,21,207,3,1,0,0,0,0
11/20/2025,21:54:03,0,29,205,418,253,30,206,6,3,0,0,0,0
11/20/2025,21:54:08,0,29,217,419,254,29,207,6,3,0,0,0,0
11/20/2025,21:54:13,0,26,194,415,254,25,207,3,2,0,0,0,0
11/20/2025,21:54:18,0,28,191,414,254,28,207,5,2,0,0,0,0
11/20/2025,21:54:23,0,28,203,415,254,23,206,2,1,0,0,0,0
11/20/2025,21:54:28,0,26,201,417,254,22,207,3,1,0,0,0,0
11/20/2025,21:54:33,0,29,209,417,253,30,205,7,4,0,0,0,0
11/20/2025,21:54:38,0,31,214,418,254,29,206,5,2,0,0,0,0
11/20/2025,21:54:43,0,30,192,416,255,25,206,3,1,0,0,0,0
11/20/2025,21:54:48,0,30,196,416,252,22,206,3,1,0,0,0,0
11/20/2025,21:54:53,0,29,211,419,255,31,206,7,3,0,0,0,-0.0008
11/20/2025,21:54:58,0,28,211,417,254,29,207,6,3,0,0,0,0
11/20/2025,21:55:03,0,30,190,416,255,32,207,5,3,0,0,0,0
11/20/2025,21:55:08,0,29,203,415,254,22,207,2,1,0,0,0,0
11/20/2025,21:55:13,0,30,199,416,254,21,205,2,1,0,0,0,0
11/20/2025,21:55:18,0,30,208,417,253,30,206,7,3,0,0,0,0
11/20/2025,21:55:23,0,29,220,418,254,31,207,7,3,0,0,0,0
11/20/2025,21:55:28,0,30,217,417,253,28,207,6,3,0,0,0,0
11/20/2025,21:55:33,0,28,192,416,255,28,206,5,3,0,0,0,0
11/20/2025,21:55:38,0,29,200,415,254,23,206,3,1,0,0,0,-0.0008
11/20/2025,21:55:43,0,28,196,416,254,22,206,3,1,0,0,0,0
11/20/2025,21:55:48,0,27,200,416,253,21,206,4,1,0,0,0,0
11/20/2025,21:55:53,0,29,209,416,253,31,207,7,4,0,0,0,0
11/20/2025,21:55:58,0,28,215,415,254,32,208,6,3,0,0,0,0
11/20/2025,21:56:03,0,27,191,415,254,26,207,3,2,0,0,0,0
11/20/2025,21:56:08,0,27,204,413,254,25,207,3,1,0,0,0,0
11/20/2025,21:56:13,0,27,202,416,254,20,207,3,1,0,0,0,0
11/20/2025,21:56:18,0,28,216,417,254,33,207,8,4,0,0,0,0
11/20/2025,21:56:23,0,28,213,415,254,30,207,7,3,0,0,0,0
11/20/2025,21:56:28,0,26,189,413,254,28,207,5,2,0,0,0,0
11/20/2025,21:56:33,0,29,201,414,254,22,207,3,1,0,0,0,0
11/20/2025,21:56:38,0,30,198,413,254,21,206,3,1,0,0,0,0
11/20/2025,21:56:43,0,28,204,413,254,29,207,6,3,0,0,0,0
11/20/2025,21:56:48,0,28,216,416,254,31,207,7,4,0,0,0,0
11/20/2025,21:56:53,0,27,204,415,254,26,207,6,3,0,0,0,0
11/20/2025,21:56:58,0,28,197,414,254,22,208,1,1,0,0,0,0
11/20/2025,21:57:03,0,31,197,414,254,24,207,4,1,0,0,0,0
11/20/2025,21:57:08,0,29,206,416,254,29,206,6,4,0,0,0,0
11/20/2025,21:57:13,0,28,219,415,254,28,207,6,3,0,0,0,0
11/20/2025,21:57:18,0,32,191,413,254,32,206,5,3,0,0,0,-0.0008
11/20/2025,21:57:23,0,29,202,413,254,21,207,3,1,0,0,0,0
11/20/2025,21:57:28,0,30,202,413,254,20,206,3,1,0,0,0,0
11/20/2025,21:57:33,0,29,217,416,253,32,207,7,4,0,0,0,-0.0008
11/20/2025,21:57:38,0,29,204,414,255,37,206,6,2,0,0,0,0
11/20/2025,21:57:43,0,29,194,412,254,23,207,2,1,0,0,0,0
11/20/2025,21:57:48,0,29,195,412,254,25,206,4,2,0,0,0,0
11/20/2025,21:57:53,0,28,200,416,254,25,207,4,1,0,0,0,0
11/20/2025,21:57:58,0,29,221,414,254,33,206,7,3,0,0,0,0
11/20/2025,21:58:03,0,30,204,415,254,32,207,6,4,0,0,0,-0.0008
11/20/2025,21:58:08,0,30,192,413,252,25,206,3,2,0,0,0,0
11/20/2025,21:58:13,0,29,199,412,253,22,206,2,1,0,0,0,0
11/20/2025,21:58:18,0,28,199,412,254,22,206,3,2,0,0,0,0
11/20/2025,21:58:23,0,28,201,415,253,22,206,4,2,0,0,0,0
11/20/2025,21:58:28,0,29,220,414,256,31,206,7,3,0,0,0,0
11/20/2025,21:58:33,0,28,204,411,254,36,207,6,3,0,0,0,0
11/20/2025,21:58:38,0,29,192,413,256,25,205,3,1,0,0,0,0
11/20/2025,21:58:43,0,30,201,412,253,22,207,2,1,0,0,0,0
11/20/2025,21:58:48,0,32,197,413,254,22,206,3,2,0,0,-0.0008,0
11/20/2025,21:58:53,0,28,205,414,254,28,206,6,3,0,0,0,0
11/20/2025,21:58:58,0,28,212,415,255,35,207,6,3,0,0,0,0
11/20/2025,21:59:03,0,29,193,412,254,25,205,3,2,0,0,0,0
11/20/2025,21:59:08,0,31,197,413,254,24,205,3,2,0,0,0,0
11/20/2025,21:59:13,0,29,200,415,254,23,208,3,1,0,0,0,0
11/20/2025,21:59:18,0,28,219,416,254,32,207,7,4,0,0,0,0
11/20/2025,21:59:23,0,28,194,414,254,33,206,6,4,0,0,0,0
11/20/2025,21:59:28,0,28,196,412,254,24,207,2,2,0,0,0,0
11/20/2025,21:59:33,0,28,208,413,254,30,207,7,3,0,0,0,0
11/20/2025,21:59:38,0,31,208,416,254,30,206,7,3,0,0,0,0
11/20/2025,21:59:43,0,26,202,414,254,24,207,3,2,0,0,0,0
11/20/2025,21:59:48,0,28,204,417,254,29,206,7,3,0,0,0,0
11/20/2025,21:59:53,0,28,213,416,253,30,207,6,3,0,0,0,0
11/20/2025,21:59:58,0,28,190,415,254,28,207,5,3,0,0,0,0
11/20/2025,22:00:03,0,30,199,413,254,22,205,2,1,0,0,0,-0.0008
11/20/2025,22:00:08,0,28,200,415,254,20,205,2,1,0,0,0,0
11/20/2025,22:00:13,0,28,215,417,254,33,207,7,4,0,0,0,-0.0008
11/20/2025,22:00:18,0,26,199,415,254,34,205,6,4,0,0,0,0
11/20/2025,22:00:23,0,29,197,413,254,25,207,3,2,0,0,0,0
11/20/2025,22:00:28,0,28,210,417,253,32,206,7,4,0,0,0,0
11/20/2025,22:00:33,0,28,198,415,253,33,206,6,3,0,0,0,0
11/20/2025,22:00:38,0,26,199,416,252,23,206,4,2,0,0,0,0
11/20/2025,22:00:43,0,29,203,416,253,24,206,4,2,0,0,0,0
11/20/2025,22:00:48,0,29,211,417,254,32,206,7,4,0,0,0,-0.0008
11/20/2025,22:00:53,0,28,212,418,252,30,207,6,3,0,0,0,0
11/20/2025,22:00:58,0,26,189,412,254,32,207,5,2,0,0,0,-0.0008
11/20/2025,22:01:03,0,29,201,415,254,22,206,2,1,0,0,0,0
11/20/2025,22:01:40,0,29,213,416,252,30,206,7,3,0,0,0,0
11/20/2025,22:01:43,0,29,192,415,253,21,206,2,2,0,0,0,0
11/20/2025,22:01:48,0,29,200,414,255,21,206,2,1,0,0,0,0
11/20/2025,22:01:53,0,28,195,415,254,22,205,3,2,0,0,0,0
11/20/2025,22:01:58,0,25,202,416,254,22,206,3,1,0,0,0,0
11/20/2025,22:02:03,0,30,209,416,253,31,206,7,4,0,0,0,0
11/20/2025,22:02:08,0,27,216,417,254,29,207,6,3,0,0,0,0
11/20/2025,22:02:13,0,29,190,415,253,31,207,5,4,0,0,0,0
11/20/2025,22:02:18,0,29,198,414,254,22,205,2,1,0,0,0,-0.0008
11/20/2025,22:02:23,0,30,196,414,254,23,206,3,2,0,0,0,0
11/20/2025,22:02:28,0,30,198,414,254,22,205,2,1,0,0,0,0
11/20/2025,22:02:33,0,30,198,415,254,21,207,2,1,0,0,0,0
11/20/2025,22:02:38,0,30,199,415,253,22,207,3,1,0,0,0,0
11/20/2025,22:02:43,0,30,200,413,254,22,207,3,1,0,0,0,0
11/20/2025,22:02:48,0,31,207,416,255,29,206,6,2,0,0,0,0
11/20/2025,22:02:53,0,30,224,416,255,31,207,7,3,0,0,0,0
11/20/2025,22:02:58,0,27,203,414,254,32,206,6,4,0,0,0,0
11/20/2025,22:03:03,0,30,197,414,252,22,205,2,0,0,0,0,0
11/20/2025,22:03:08,0,30,197,413,253,23,206,3,1,0,0,0,0
11/20/2025,22:03:13,0,29,201,411,254,24,207,4,2,0,0,0,0
11/20/2025,22:03:18,0,30,212,416,251,32,208,6,4,0,0,0,0
11/20/2025,22:03:23,0,29,214,415,254,30,207,6,3,0,0,0,0
11/20/2025,22:03:28,0,29,192,410,254,23,207,2,1,0,0,0,0
11/20/2025,22:03:33,0,30,198,413,252,21,206,3,1,0,0,0,0
11/20/2025,22:03:38,0,30,217,415,252,33,206,8,3,0,0,0,0
11/20/2025,22:03:43,0,27,202,413,254,38,207,6,3,0,0,0,0
11/20/2025,22:03:48,0,29,201,413,253,22,205,2,0,0,0,0,0
11/20/2025,22:03:53,0,30,199,414,253,20,207,3,1,0,0,0,0
11/20/2025,22:03:58,0,30,209,415,254,30,206,7,3,0,0,0,0
11/20/2025,22:04:03,0,29,220,413,253,32,206,7,3,0,0,0,0
11/20/2025,22:04:08,0,28,211,413,254,31,207,6,3,0,0,0,0
11/20/2025,22:04:13,0,29,189,412,253,27,206,3,2,0,0,0,0
11/20/2025,22:04:18,0,31,199,411,254,22,208,2,1,0,0,0,0
11/20/2025,22:04:23,0,31,196,412,254,22,206,3,1,0,0,0,0
11/20/2025,22:04:28,0,28,201,412,254,22,207,3,2,0,0,0,0
11/20/2025,22:04:33,0,30,204,414,253,28,205,6,3,0,0,0,0
11/20/2025,22:04:38,0,31,192,410,254,31,207,5,3,0,0,0,0
11/20/2025,22:04:43,0,27,207,411,254,33,206,6,3,0,0,0,0
11/20/2025,22:04:48,0,30,194,412,255,24,205,3,0,0,0,0,0
11/20/2025,22:04:53,0,30,199,412,254,26,206,4,1,0,0,0,0
11/20/2025,22:04:58,0,29,200,412,253,20,206,3,1,0,0,0,0
11/20/2025,22:05:03,0,30,214,412,253,32,206,7,4,0,0,0,0
11/20/2025,22:05:08,0,33,209,412,253,31,207,6,3,0,0,0,0
11/20/2025,22:05:13,0,28,189,411,254,29,206,4,2,0,0,0,0
11/20/2025,22:05:18,0,30,195,411,254,21,206,2,1,0,0,0,0
11/20/2025,22:05:23,0,30,196,411,252,25,206,4,2,0,0,0,0
11/20/2025,22:05:28,0,28,201,412,254,21,208,4,1,0,0,0,0
11/20/2025,22:05:33,0,29,220,414,253,33,207,7,4,0,0,0,0
11/20/2025,22:05:38,0,28,204,410,254,33,208,6,4,0,0,0,0
11/20/2025,22:05:43,0,31,194,409,254,24,207,2,1,0,0,0,0
11/20/2025,22:05:48,0,30,197,411,253,24,208,2,2,0,0,0,0
11/20/2025,22:05:53,0,31,221,413,254,32,207,7,4,0,0,0,0
11/20/2025,22:05:58,0,31,197,411,254,22,208,2,1,0,0,0,0
11/20/2025,22:06:03,0,31,205,413,253,28,208,6,3,0,0,0,0
11/20/2025,22:06:08,0,31,198,411,253,36,207,5,3,0,0,0,0
11/20/2025,22:06:13,0,30,200,411,254,22,207,3,1,0,0,0,0
11/20/2025,22:06:18,0,32,207,410,253,32,206,7,3,0,0,0,0
11/20/2025,22:06:23,0,29,200,411,253,23,206,3,1,0,0,0,0
11/20/2025,22:06:28,0,30,195,412,254,23,208,2,1,0,0,0,0
11/20/2025,22:06:33,0,30,204,412,253,32,206,6,4,0,0,0,0
11/20/2025,22:06:38,0,27,216,413,254,33,207,7,4,0,0,0,0
11/20/2025,22:06:43,0,28,196,412,254,22,208,3,1,0,0,0,0
11/20/2025,22:06:48,0,31,194,412,254,30,206,5,3,0,0,0,0
11/20/2025,22:06:53,0,30,210,414,254,30,205,7,4,0,0,0,0
11/20/2025,22:06:58,0,26,200,410,254,24,205,3,1,0,0,0,0
11/20/2025,22:07:03,0,31,202,412,252,33,208,6,3,0,0,0,0
11/20/2025,22:07:08,0,28,208,414,253,31,206,6,4,0,0,0,0
11/20/2025,22:07:13,0,25,199,411,253,25,207,3,1,0,0,0,0
11/20/2025,22:07:18,0,30,208,413,254,30,207,6,3,0,0,0,0
11/20/2025,22:07:23,0,30,198,412,254,21,206,3,1,0,0,0,0
11/20/2025,22:07:28,0,32,190,411,253,29,205,5,3,0,0,0,0
11/20/2025,22:07:33,0,29,214,413,254,32,207,8,4,0,0,0,0
11/20/2025,22:07:38,0,30,195,410,254,25,205,3,1,0,0,0,0
11/20/2025,22:07:43,0,34,204,413,254,32,208,6,4,0,0,0,0
11/20/2025,22:07:48,0,31,202,411,254,28,206,7,4,0,0,0,0
11/20/2025,22:07:53,0,31,200,411,254,22,204,2,1,0,0,0,0
11/20/2025,22:07:58,0,24,205,413,254,33,206,7,3,0,0,0,0
11/20/2025,22:08:03,0,31,215,414,253,32,206,8,4,0,0,0,0
11/20/2025,22:08:08,0,31,200,414,253,22,207,3,2,0,0,0,0
11/20/2025,22:08:13,0,31,202,411,254,22,206,2,1,0,0,0,0
11/20/2025,22:08:18,0,28,193,411,254,34,207,6,3,0,0,0,0
11/20/2025,22:08:23,0,30,220,414,253,30,208,6,3,0,0,0,0
11/20/2025,22:08:28,0,30,204,414,254,28,208,6,3,0,0,0,0
11/20/2025,22:08:33,0,30,197,409,254,24,207,3,1,0,0,0,0
11/20/2025,22:08:38,0,30,199,412,253,21,207,1,1,0,0,0,0
11/20/2025,22:08:43,0,32,190,412,253,27,207,5,2,0,0,0,0
11/20/2025,22:08:48,0,31,203,412,253,32,206,6,3,0,0,0,0
11/20/2025,22:08:53,0,32,215,412,253,29,206,7,3,0,0,0,0
11/20/2025,22:08:58,0,31,208,413,254,32,207,8,4,0,0,0,0
11/20/2025,22:09:03,0,31,194,410,253,25,207,3,2,0,0,0,0
11/20/2025,22:09:08,0,27,197,412,254,32,207,5,3,0,0,0,-0.0008
11/20/2025,22:09:13,0,29,215,414,254,33,207,7,4,0,0,0,0
11/20/2025,22:09:18,0,30,198,414,254,20,207,3,1,0,0,0,0
11/20/2025,22:09:23,0,30,199,413,254,21,207,2,1,0,0,0,0
11/20/2025,22:09:28,0,32,195,413,254,32,208,5,3,0,0,0,0
11/20/2025,22:09:33,0,29,215,414,253,28,206,6,3,0,0,0,-0.0008
11/20/2025,22:09:38,0,29,213,415,251,33,206,8,4,0,0,0,0
11/20/2025,22:09:43,0,31,201,414,253,22,206,4,1,0,0,0,0
11/20/2025,22:09:48,0,30,204,412,253,22,206,2,1,0,0,0,0
11/20/2025,22:09:53,0,28,202,415,253,32,206,6,3,0,0,0,0
11/20/2025,22:09:58,0,27,200,414,254,29,207,7,3,0,0,0,0
11/20/2025,22:10:03,0,28,198,410,254,23,207,2,1,0,0,0,0
11/20/2025,22:10:08,0,32,222,415,254,32,207,7,3,0,0,0,0
11/20/2025,22:10:13,0,30,198,412,253,26,207,3,2,0,0,0,0
11/20/2025,22:10:18,0,29,223,413,254,33,207,7,4,0,0,0,0
11/20/2025,22:10:23,0,29,196,411,254,23,207,3,1,0,0,0,0
11/20/2025,22:10:28,0,30,211,415,255,32,207,8,4,0,0,0,0
11/20/2025,22:10:33,0,30,192,412,254,23,207,3,1,0,0,0,0
11/20/2025,22:10:38,0,31,203,411,254,30,207,6,3,0,0,0,0
11/20/2025,22:10:43,0,29,193,412,253,22,207,2,1,0,0,0,0
11/20/2025,22:10:48,0,30,215,413,254,32,207,7,4,0,0,0,0
11/20/2025,22:10:53,0,27,203,412,254,23,206,3,1,0,0,0,-0.0008
11/20/2025,22:10:58,0,30,220,414,253,30,206,6,3,0,0,0,0
11/20/2025,22:11:03,0,29,202,412,254,22,207,2,1,0,0,0,0
11/20/2025,22:11:08,0,31,208,413,253,32,206,8,4,0,0,0,0
11/20/2025,22:11:13,0,28,190,413,253,32,206,5,3,0,0,0,-0.0008
11/20/2025,22:11:58,0,31,224,415,253,27,207,7,3,0,0,0,0
11/20/2025,22:12:02,0,30,215,414,254,29,205,6,3,0,0,0,0
11/20/2025,22:12:07,0,30,202,412,254,37,207,6,4,0,0,0,0
11/20/2025,22:12:12,0,30,194,412,254,23,205,2,1,0,0,0,0
11/20/2025,22:12:17,0,30,194,412,253,23,206,3,2,0,0,0,0
11/20/2025,22:12:22,0,31,198,414,253,22,207,4,1,0,0,0,0
11/20/2025,22:12:27,0,31,216,414,253,33,206,7,4,0,0,0,0
11/20/2025,22:12:32,0,31,211,415,254,30,207,7,3,0,0,0,0
11/20/2025,22:12:37,0,30,191,413,253,31,206,5,3,0,0,0,-0.0008
11/20/2025,22:12:42,0,29,192,413,253,24,206,3,1,0,0,0,0
11/20/2025,22:12:47,0,28,202,413,253,23,208,2,1,0,0,0,0
11/20/2025,22:12:52,0,30,195,414,254,23,206,3,1,0,0,0,-0.0008
11/20/2025,22:12:57,0,30,203,415,253,28,206,5,3,0,0,0,0
11/20/2025,22:13:02,0,29,223,413,254,32,207,7,3,0,0,0,0
11/20/2025,22:13:07,0,31,207,416,254,32,206,6,3,0,0,0,0
11/20/2025,22:13:12,0,30,191,414,253,26,206,4,2,0,0,0,0
11/20/2025,22:13:17,0,28,199,413,255,23,205,2,1,0,0,0,0
11/20/2025,22:13:22,0,30,200,414,253,22,207,3,1,0,0,0,0
11/20/2025,22:13:27,0,30,203,415,253,30,206,6,3,0,0,0,0
11/20/2025,22:13:32,0,28,222,416,252,30,206,7,3,0,0,0,0
11/20/2025,22:13:37,0,31,201,415,253,32,207,6,3,0,0,0,0
11/20/2025,22:13:42,0,30,190,414,254,30,207,5,2,0,0,0,0
11/20/2025,22:13:47,0,30,192,413,253,24,206,2,1,0,0,0,0
11/20/2025,22:13:52,0,30,200,413,251,24,206,3,1,0,0,0,0
11/20/2025,22:13:57,0,31,197,414,254,23,206,3,2,0,0,0,0
11/20/2025,22:14:02,0,28,200,417,252,23,205,4,1,0,0,0,0
11/20/2025,22:14:07,0,30,213,417,251,31,206,7,3,0,0,0,0
11/20/2025,22:14:12,0,30,208,416,254,30,207,7,4,0,0,0,0
11/20/2025,22:14:17,0,31,191,412,254,25,207,3,1,0,0,0,0
11/20/2025,22:14:22,0,28,195,415,255,24,205,3,1,0,0,0,0
11/20/2025,22:14:27,0,29,203,416,253,23,204,3,2,0,0,0,0
11/20/2025,22:14:32,0,29,218,414,253,31,206,6,3,0,0,0,0
11/20/2025,22:14:37,0,30,194,413,254,24,207,3,2,0,0,0,0
11/20/2025,22:14:42,0,28,199,415,253,19,208,2,1,0,0,0,0
11/20/2025,22:14:47,0,29,197,414,253,28,205,4,2,0,0,0,0
11/20/2025,22:14:52,0,30,189,414,253,35,206,7,4,0,0,0,0
11/20/2025,22:14:57,0,32,200,415,254,23,206,5,1,0,0,0,0
11/20/2025,22:15:02,0,28,196,413,253,26,205,4,2,0,0,0,0
11/20/2025,22:15:07,0,30,189,411,254,33,208,5,2,0,0,0,0
11/20/2025,22:15:12,0,31,223,416,254,29,206,6,3,0,0,0,0
11/20/2025,22:15:17,0,31,201,415,254,21,208,3,2,0,0,0,0
11/20/2025,22:15:22,0,29,195,413,251,26,205,2,1,0,0,0,0
11/20/2025,22:15:27,0,30,219,416,254,31,207,7,3,0,0,0,0
11/20/2025,22:15:32,0,28,195,413,254,25,206,3,2,0,0,0,0
11/20/2025,22:15:37,0,31,207,415,253,32,207,6,3,0,0,0,0
11/20/2025,22:15:42,0,29,197,414,253,23,206,3,1,0,0,0,0
11/20/2025,22:15:47,0,28,211,413,254,31,207,6,3,0,0,0,0
11/20/2025,22:15:52,0,28,196,414,254,24,206,3,1,0,0,0,0
11/20/2025,22:15:57,0,28,209,415,253,31,207,6,3,0,0,0,0
11/20/2025,22:16:02,0,32,199,415,252,21,206,3,0,0,0,0,0
11/20/2025,22:16:07,0,29,192,412,253,27,205,3,2,0,0,0,0
11/20/2025,22:16:12,0,27,214,415,254,29,206,7,3,0,0,0,0
11/20/2025,22:16:17,0,30,209,415,252,31,205,6,3,0,0,0,0
11/20/2025,22:16:22,0,30,200,414,254,23,206,4,1,0,0,0,0
11/20/2025,22:16:27,0,30,197,412,254,29,207,3,2,0,0,0,0
11/20/2025,22:16:32,0,29,199,413,254,34,207,6,3,0,0,0,0
11/20/2025,22:16:37,0,29,205,417,254,29,206,6,3,0,0,0,-0.0008
11/20/2025,22:16:42,0,28,201,412,254,25,207,3,1,0,0,0,0
11/20/2025,22:16:47,0,30,208,414,253,31,207,6,3,0,0,0,0
11/20/2025,22:16:52,0,30,201,414,253,20,206,4,1,0,0,0,0
11/20/2025,22:16:57,0,28,193,412,252,26,205,3,1,0,0,0,0
11/20/2025,22:17:02,0,32,216,414,254,33,207,6,3,0,0,0,0
11/20/2025,22:17:07,0,29,202,415,254,26,207,5,2,0,0,0,0
11/20/2025,22:17:12,0,29,195,413,255,25,205,4,1,0,0,0,-0.0008
11/20/2025,22:17:17,0,29,189,412,253,28,205,3,2,0,0,0,0
11/20/2025,22:17:22,0,29,211,414,252,31,207,6,4,0,0,0,0
11/20/2025,22:17:27,0,28,209,415,254,31,206,7,3,0,0,0,-0.0008
11/20/2025,22:17:32,0,25,200,413,254,24,206,3,1,0,0,0,0
11/20/2025,22:17:37,0,27,203,413,253,26,207,2,1,0,0,0,0
11/20/2025,22:17:42,0,29,188,413,253,30,208,4,3,0,0,0,0
11/20/2025,22:17:47,0,30,216,415,254,28,206,6,4,0,0,0,0
11/20/2025,22:17:52,0,29,200,415,253,27,208,5,2,0,0,0,0
11/20/2025,22:17:57,0,30,195,411,254,27,207,4,2,0,0,0,0
11/20/2025,22:18:02,0,28,195,413,253,24,206,2,1,0,0,0,0
11/20/2025,22:18:07,0,28,193,412,253,34,207,6,3,0,0,0,0
11/20/2025,22:18:12,0,29,213,416,254,29,207,7,3,0,0,0,0
11/20/2025,22:18:17,0,30,204,415,253,30,207,6,3,0,0,0,0
11/20/2025,22:18:22,0,28,197,413,252,26,206,4,2,0,0,0,0
11/20/2025,22:18:27,0,30,195,414,254,35,207,6,4,0,0,0,0
11/20/2025,22:18:32,0,29,207,415,253,29,206,6,4,0,0,0,0
11/20/2025,22:18:37,0,27,201,413,253,26,206,3,2,0,0,0,0
11/20/2025,22:18:42,0,32,202,415,254,33,207,6,4,0,-0.0008,0,0
11/20/2025,22:18:47,0,29,216,414,251,32,205,7,3,0,0,0,0
11/20/2025,22:18:52,0,30,196,413,254,22,207,4,1,0,0,0,0
11/20/2025,22:18:57,0,28,201,412,252,25,206,3,1,0,0,0,0
11/20/2025,22:19:02,0,29,203,414,253,33,205,6,3,0,0,0,0
11/20/2025,22:19:07,0,29,205,415,254,28,207,6,3,0,0,0,0
11/20/2025,22:19:12,0,28,201,410,253,25,207,3,1,0,0,0,0
11/20/2025,22:19:17,0,25,201,413,252,32,207,7,3,0,0,0,0
11/20/2025,22:19:22,0,29,205,414,253,29,207,6,3,0,0,0,0
11/20/2025,22:19:27,0,30,195,410,253,26,206,4,1,0,0,0,0
11/20/2025,22:19:32,0,28,190,413,253,27,206,3,1,0,0,0,0
11/20/2025,22:19:37,0,30,213,415,253,29,207,6,3,0,0,0,0
11/20/2025,22:19:42,0,29,200,415,254,26,207,5,2,0,0,0,0
11/20/2025,22:19:47,0,32,199,413,253,27,206,4,2,0,0,0,0
11/20/2025,22:19:52,0,31,189,413,253,31,205,5,3,0,0,0,0
11/20/2025,22:19:57,0,29,221,415,253,30,207,7,3,0,0,0,0
11/20/2025,22:20:02,0,30,198,411,254,24,206,4,1,0,0,0,0
11/20/2025,22:20:07,0,29,193,412,253,27,206,3,1,0,0,0,0
11/20/2025,22:20:12,0,27,220,416,253,28,207,6,3,0,0,0,0
11/20/2025,22:20:17,0,29,199,413,253,23,208,4,1,0,0,0,0
11/20/2025,22:20:22,0,29,199,413,253,25,207,2,1,0,0,0,0
11/20/2025,22:20:27,0,30,213,415,253,29,207,6,3,0,0,0,0
11/20/2025,22:20:32,0,30,199,414,253,21,208,3,2,0,0,0,0
11/20/2025,22:20:37,0,30,189,413,253,30,207,4,2,0,0,0,0
11/20/2025,22:20:42,0,29,207,416,253,30,207,7,3,0,0,0,0
11/20/2025,22:20:47,0,30,203,413,253,26,206,3,2,0,0,0,0
11/20/2025,22:20:52,0,30,214,415,252,29,205,6,3,0,0,0,0
11/20/2025,22:20:57,0,30,199,415,252,23,207,3,1,0,0,0,0
11/20/2025,22:21:02,0,30,189,413,253,28,206,4,1,0,0,0,0
11/20/2025,22:21:07,0,30,223,415,253,32,207,7,3,0,0,0,0
11/20/2025,22:21:12,0,30,198,414,254,23,206,3,2,0,0,0,-0.0008
11/20/2025,22:21:17,0,31,189,413,253,28,206,3,2,0,0,0,-0.0008
11/20/2025,22:21:22,0,30,221,415,253,31,207,7,3,0,0,0,0
11/20/2025,22:21:27,0,29,207,416,253,31,207,6,3,0,0,0,0
11/20/2025,22:21:58,0,29,194,412,253,28,206,6,3,0,0,0,0
11/20/2025,22:22:02,0,29,216,416,251,30,205,7,3,0,0,0,0
11/20/2025,22:22:07,0,32,200,414,253,23,207,4,1,0,0,0,0
11/20/2025,22:22:12,0,31,198,413,253,23,206,3,0,0,0,0,0
11/20/2025,22:22:17,0,29,195,412,253,25,206,4,1,0,0,0,0
11/20/2025,22:22:22,0,28,196,413,253,24,208,3,2,0,0,0,0
11/20/2025,22:22:27,0,30,195,412,252,26,205,3,1,0,0,0,0
11/20/2025,22:22:32,0,28,197,412,254,23,204,3,2,0,0,0,-0.0008
11/20/2025,22:22:37,0,29,198,413,253,24,207,4,1,0,0,0,0
11/20/2025,22:22:42,0,31,199,413,253,22,206,3,1,0,0,0,0
11/20/2025,22:22:47,0,30,206,415,251,30,206,7,3,0,0,0,0
11/20/2025,22:22:52,0,29,220,414,253,33,207,8,3,0,0,0,0
11/20/2025,22:22:57,0,31,215,415,252,30,205,7,3,0,0,0,0
11/20/2025,22:23:02,0,30,211,414,253,31,205,6,3,0,0,0,0
11/20/2025,22:23:07,0,32,216,411,253,31,207,6,3,0,0,0,0
11/20/2025,22:23:12,0,30,215,413,253,26,207,6,3,0,0,0,0
11/20/2025,22:23:17,0,29,223,413,253,32,207,7,3,0,0,0,0
11/20/2025,22:23:22,0,31,212,414,254,30,206,7,3,0,0,0,0
11/20/2025,22:23:27,0,31,198,414,253,22,206,4,2,0,0,0,0
11/20/2025,22:23:32,0,30,195,413,254,26,206,3,2,0,0,0,0
11/20/2025,22:23:37,0,30,194,411,253,26,206,3,1,0,0,0,0
11/20/2025,22:23:42,0,30,198,413,254,35,206,6,3,0,0,0,0
11/20/2025,22:23:47,0,30,218,413,253,32,207,6,3,0,0,0,0
11/20/2025,22:23:52,0,29,208,414,251,30,206,7,3,0,0,0,0
11/20/2025,22:23:57,0,30,193,411,253,27,206,4,2,0,0,0,0
11/20/2025,22:24:02,0,29,208,414,253,30,207,6,3,0,0,0,0
11/20/2025,22:24:07,0,28,200,414,252,22,205,3,1,0,0,0,0
11/20/2025,22:24:12,0,30,193,410,255,35,207,6,3,0,0,0,0
11/20/2025,22:24:17,0,29,206,414,253,29,207,7,3,0,0,0,0
11/20/2025,22:24:22,0,30,201,411,253,24,207,3,1,0,0,0,-0.0008
11/20/2025,22:24:27,0,31,215,415,253,31,206,6,3,0,0,0,0
11/20/2025,22:24:32,0,30,198,413,253,23,207,4,1,0,0,0,0
11/20/2025,22:24:37,0,30,200,413,253,36,207,7,4,0,0,0,0
11/20/2025,22:24:42,0,29,200,415,253,26,207,5,2,0,0,0,0
11/20/2025,22:24:47,0,30,190,410,253,28,207,4,1,0,0,0,0
11/20/2025,22:24:52,0,35,195,414,253,40,206,8,4,0,0,0,0
11/20/2025,22:24:57,0,29,192,413,253,25,207,3,1,0,0,0,0
11/20/2025,22:25:02,0,29,209,416,253,31,206,7,3,0,0,0,0
11/20/2025,22:25:07,0,29,200,414,253,24,207,2,1,0,0,0,0
11/20/2025,22:25:12,0,29,222,415,253,32,206,7,3,0,0,0,0
11/20/2025,22:25:17,0,30,200,411,253,25,204,2,1,0,0,0,0
11/20/2025,22:25:22,0,30,215,415,252,33,206,7,3,0,0,0,0
11/20/2025,22:25:27,0,30,195,412,253,25,207,3,1,0,0,0,0
11/20/2025,22:25:32,0,29,208,415,253,31,207,7,3,0,0,0,0
11/20/2025,22:25:37,0,30,190,413,253,27,206,3,2,0,0,0,0
11/20/2025,22:25:42,0,29,198,414,254,23,207,4,1,0,0,0,0
11/20/2025,22:25:47,0,29,204,413,251,33,206,7,3,0,0,0,-0.0008
11/20/2025,22:25:52,0,30,197,414,253,24,207,4,1,0,0,0,0
11/20/2025,22:25:57,0,29,213,414,253,31,206,7,3,0,0,0,0
11/20/2025,22:26:02,0,28,194,410,253,25,205,3,2,0,0,0,0
11/20/2025,22:26:07,0,28,212,413,253,31,206,8,3,0,0,0,0
11/20/2025,22:26:12,0,28,199,413,251,24,206,4,1,0,0,0,0
11/20/2025,22:26:17,0,28,199,412,253,37,206,6,4,0,0,0,0
11/20/2025,22:27:28,0,31,201,411,252,17,204,4,2,0,0,0,0
11/20/2025,22:27:33,0,30,204,412,253,38,207,6,3,0,0,0,0
11/20/2025,22:27:38,0,29,200,410,253,22,206,4,1,0,0,0,0
11/20/2025,22:27:43,0,30,189,409,253,30,207,4,1,0,0,0,0
11/20/2025,22:27:48,0,30,207,414,252,32,206,7,3,0,0,0,0
11/20/2025,22:27:53,0,28,192,411,253,26,207,3,2,0,0,0,0
11/20/2025,22:27:58,0,30,207,410,253,34,206,8,3,0,0,0,0
11/20/2025,22:28:03,0,30,194,411,253,25,206,3,1,0,0,0,-0.0008
11/20/2025,22:28:08,0,30,211,411,253,33,206,8,3,0,0,0,0
11/20/2025,22:28:13,0,31,188,408,253,28,207,4,1,0,0,0,0
11/20/2025,22:28:18,0,30,202,413,253,23,205,3,2,0,0,0,0
11/20/2025,22:28:23,0,29,211,413,253,32,206,6,3,0,0,0,0
11/20/2025,22:28:28,0,28,201,412,254,25,206,3,1,0,0,0,0
11/20/2025,22:28:33,0,31,211,411,253,34,207,8,4,0,0,0,-0.0008
11/20/2025,22:28:38,0,30,194,411,253,35,206,6,3,0,0,0,0
11/20/2025,22:28:43,0,30,213,412,253,30,205,7,3,0,0,0,0
11/20/2025,22:28:48,0,29,203,412,253,30,205,6,3,0,0,0,0
11/20/2025,22:28:53,0,32,215,412,253,31,207,6,4,0,0,0,0
11/20/2025,22:28:58,0,31,190,409,252,27,206,4,1,0,0,0,0
11/20/2025,22:29:03,0,31,194,409,253,24,205,3,2,0,0,0,0
11/20/2025,22:29:08,0,30,216,412,251,34,207,8,4,0,0,0,0
11/20/2025,22:29:13,0,31,192,409,253,26,205,3,1,0,0,0,0
11/20/2025,22:29:18,0,30,202,411,253,27,207,6,2,0,0,0,0
11/20/2025,22:29:23,0,25,196,409,253,34,206,6,3,0,0,0,0
11/20/2025,22:29:28,0,31,199,409,253,24,206,4,1,0,0,0,0
11/20/2025,22:29:33,0,31,206,408,253,34,206,7,3,0,0,0,0
11/20/2025,22:29:38,0,34,200,408,252,25,205,3,1,0,0,0,0
11/20/2025,22:29:43,0,31,213,412,251,33,205,8,3,0,0,0,0
11/20/2025,22:29:48,0,30,194,407,253,25,207,3,1,0,0,0,0
11/20/2025,22:29:53,0,31,200,410,254,24,206,5,1,0,0,0,-0.0008
11/20/2025,22:29:58,0,35,210,410,252,31,205,6,3,0,0,0,0
11/20/2025,22:30:03,0,31,195,408,253,23,205,3,1,0,0,0,0
11/20/2025,22:30:08,0,30,201,409,252,23,206,3,1,0,0,0,0
11/20/2025,22:30:13,0,31,219,411,253,34,207,8,4,0,0,0,0
11/20/2025,22:30:18,0,30,191,407,253,32,207,6,3,0,0,0,0
11/20/2025,22:30:23,0,31,195,407,253,25,206,3,2,0,0,0,0
11/20/2025,22:30:28,0,31,207,410,253,31,206,6,3,0,0,0,0
11/20/2025,22:30:33,0,31,211,410,253,32,206,6,3,0,0,0,0
11/20/2025,22:30:38,0,30,190,408,253,26,206,3,1,0,0,0,0
11/20/2025,22:30:43,0,33,196,408,253,22,206,3,1,0,0,0,0
11/20/2025,22:30:48,0,30,210,410,253,32,206,8,3,0,0,0,0
11/20/2025,22:30:53,0,32,210,409,253,32,206,6,3,0,0,0,-0.0008
11/20/2025,22:30:58,0,31,193,407,253,26,206,3,1,0,0,0,0
11/20/2025,22:31:03,0,29,199,407,254,24,207,4,1,0,0,0,0
11/20/2025,22:31:08,0,31,213,411,252,34,205,8,3,0,0,0,0
11/20/2025,22:31:13,0,31,200,407,253,35,205,6,3,0,0,0,0
11/20/2025,22:31:18,0,31,196,408,251,28,206,4,2,0,0,0,0
11/20/2025,22:31:23,0,31,203,409,253,31,206,7,3,0,0,0,0
11/20/2025,22:31:28,0,29,204,409,253,35,207,7,3,0,0,0,0
11/20/2025,22:31:33,0,31,203,408,253,23,206,2,1,0,0,0,0
11/20/2025,22:32:20,0,31,202,409,253,22,208,5,2,0,0,0,0
11/20/2025,22:32:24,0,31,209,408,253,33,206,6,3,0,0,0,-0.0008
11/20/2025,22:32:29,0,31,194,407,253,24,207,3,1,0,0,0,0
11/20/2025,22:32:34,0,33,198,409,251,21,205,4,1,0,0,0,0
11/20/2025,22:32:39,0,32,217,410,253,34,207,8,3,0,0,0,0
11/20/2025,22:32:44,0,35,191,407,253,32,205,6,3,0,0,0,0
11/20/2025,22:32:49,0,31,198,408,253,26,207,5,2,0,0,0,0
11/20/2025,22:32:54,0,31,203,410,253,31,207,7,3,0,0,0,0
11/20/2025,22:32:59,0,33,199,408,253,36,206,6,3,0,0,0,0
11/20/2025,22:33:04,0,31,196,408,254,24,205,4,1,0,0,0,0
11/20/2025,22:33:09,0,30,220,408,253,32,206,7,3,0,0,0,0
11/20/2025,22:33:14,0,32,195,405,253,25,205,2,1,0,0,0,0
11/20/2025,22:33:19,0,32,199,409,253,24,205,4,2,0,0,0,0
11/20/2025,22:33:24,0,35,209,410,254,32,207,6,3,0,0,0,0
11/20/2025,22:33:29,0,33,202,407,253,25,206,3,1,0,0,0,-0.0008
11/20/2025,22:33:34,0,31,206,409,252,32,206,7,3,0,0,0,0
11/20/2025,22:33:39,0,32,205,408,253,34,206,7,3,0,0,0,0
11/20/2025,22:33:44,0,31,195,406,253,25,207,3,1,0,0,0,0
11/20/2025,22:33:49,0,30,198,408,253,23,206,4,1,0,0,0,0
11/20/2025,22:33:54,0,32,207,410,253,32,207,7,3,0,0,0,0
11/20/2025,22:33:59,0,27,209,408,254,33,206,7,3,0,0,0,0
11/20/2025,22:34:04,0,31,193,408,253,26,206,3,1,0,0,0,0
11/20/2025,22:34:09,0,31,196,408,252,25,206,2,1,0,0,0,0
11/20/2025,22:34:14,0,31,204,409,254,29,206,7,3,0,0,0,0
11/20/2025,22:34:19,0,32,221,410,253,32,206,7,3,0,0,0,0
11/20/2025,22:34:24,0,28,196,408,253,35,206,6,3,0,0,0,0
11/20/2025,22:34:29,0,31,195,407,253,23,207,3,1,0,0,0,0
11/20/2025,22:34:34,0,34,198,407,252,23,204,3,1,0,0,0,0
11/20/2025,22:34:39,0,32,209,408,253,34,206,8,3,0,0,0,0
11/20/2025,22:34:44,0,31,210,409,254,32,207,6,3,0,0,0,0
11/20/2025,22:34:49,0,29,192,408,252,26,206,4,1,0,0,0,0
11/20/2025,22:34:54,0,33,195,406,253,28,206,4,1,0,0,0,0
11/20/2025,22:34:59,0,33,200,408,253,22,205,3,2,0,0,0,0
11/20/2025,22:35:04,0,30,190,408,252,32,205,6,3,0,0,0,0
11/20/2025,22:35:09,0,28,210,408,253,35,207,6,3,0,0,0,0
11/20/2025,22:35:14,0,28,192,407,252,34,207,6,3,0,0,0,0
11/20/2025,22:35:19,0,31,199,407,253,24,206,2,1,0,0,0,0
11/20/2025,22:35:24,0,31,199,407,253,22,206,4,1,0,0,0,0
11/20/2025,22:35:29,0,30,209,409,253,33,206,8,3,0,0,0,0
11/20/2025,22:35:34,0,31,217,409,253,31,207,7,3,0,0,0,0
11/20/2025,22:35:39,0,31,193,405,253,33,206,6,3,0,0,0,0
11/20/2025,22:35:44,0,31,202,406,252,25,205,3,1,0,0,0,0
11/20/2025,22:35:49,0,33,199,407,253,22,206,5,2,0,0,0,0
11/20/2025,22:35:54,0,30,218,408,253,35,206,8,3,0,0,0,0
11/20/2025,22:35:59,0,31,201,406,253,34,205,7,3,0,0,0,0
11/20/2025,22:36:04,0,31,196,405,253,24,205,2,1,0,0,0,0
11/20/2025,22:36:09,0,30,199,406,252,23,206,3,1,0,0,0,0
11/20/2025,22:36:14,0,32,215,408,253,35,206,8,4,0,0,0,0
11/20/2025,22:36:19,0,31,198,407,252,34,207,7,3,0,0,0,0
11/20/2025,22:36:24,0,31,201,405,253,23,206,3,1,0,0,0,0
11/20/2025,22:36:29,0,32,201,407,253,28,207,5,2,0,0,0,0
11/20/2025,22:36:34,0,33,210,406,253,33,205,6,3,0,0,0,0
11/20/2025,22:36:39,0,30,195,405,253,24,206,2,1,0,0,0,-0.0008
11/20/2025,22:36:44,0,33,198,406,253,23,205,3,2,0,0,0,0
11/20/2025,22:36:49,0,30,207,408,254,32,206,8,3,0,0,0,0
11/20/2025,22:36:54,0,35,216,408,251,33,206,7,3,0,0,0,0
11/20/2025,22:36:59,0,33,190,403,253,31,207,6,3,0,0,0,0
11/20/2025,22:37:04,0,31,202,404,253,26,207,5,2,0,0,0,0
11/20/2025,22:37:09,0,31,200,406,253,23,207,4,1,0,0,0,0
11/20/2025,22:37:14,0,32,216,405,253,34,206,9,3,0,0,0,0
11/20/2025,22:37:19,0,32,195,405,253,35,206,6,3,0,0,0,0
11/20/2025,22:37:24,0,31,202,404,253,24,205,3,1,0,0,0,0
11/20/2025,22:37:29,0,32,195,406,253,22,206,3,2,0,0,0,0
11/20/2025,22:37:34,0,32,205,407,253,33,206,7,4,0,0,0,0
11/20/2025,22:37:39,0,30,217,407,253,32,206,7,3,0,0,0,0
11/20/2025,22:37:44,0,30,196,405,253,37,206,6,4,0,0,0,0
11/20/2025,22:37:49,0,30,194,404,253,24,207,3,1,0,0,0,0
11/20/2025,22:37:54,0,34,195,404,253,25,206,4,1,0,0,0,0
11/20/2025,22:37:59,0,32,201,405,254,23,206,4,1,0,0,0,0
11/20/2025,22:38:04,0,30,209,407,252,35,206,8,4,0,0,0,-0.0008
11/20/2025,22:38:09,0,33,212,407,252,31,205,6,2,0,0,0,0
11/20/2025,22:38:14,0,31,192,405,251,28,206,4,1,0,0,0,0
11/20/2025,22:38:19,0,29,197,401,253,27,207,4,2,0,0,0,0
11/20/2025,22:38:24,0,32,197,404,253,24,207,4,1,0,0,0,0
11/20/2025,22:38:29,0,31,209,406,252,33,206,8,4,0,0,0,0
11/20/2025,22:38:34,0,32,217,407,251,32,206,7,3,0,0,0,0
11/20/2025,22:38:39,0,33,194,404,253,33,205,6,4,0,0,0,0
11/20/2025,22:38:44,0,28,197,404,253,24,206,3,1,0,0,0,0
11/20/2025,22:38:49,0,31,196,405,252,25,206,4,1,0,0,0,0
11/20/2025,22:38:54,0,30,201,406,252,30,207,7,2,0,0,0,0
11/20/2025,22:38:59,0,35,220,406,253,33,207,8,3,0,0,0,0
11/20/2025,22:39:04,0,31,204,405,253,35,205,6,4,0,0,0,0
11/20/2025,22:39:09,0,31,193,403,253,23,205,3,1,0,0,0,0
11/20/2025,22:39:14,0,32,195,403,253,25,206,4,2,0,0,0,0
11/20/2025,22:39:19,0,30,200,405,254,25,205,4,1,0,0,0,0
11/20/2025,22:39:24,0,32,213,405,253,35,206,8,3,0,0,0,0
11/20/2025,22:39:29,0,31,208,406,251,33,206,7,3,0,0,0,0
11/20/2025,22:39:34,0,32,195,404,253,37,207,7,4,0,0,0,0
11/20/2025,22:39:39,0,32,189,404,253,26,205,4,1,0,0,0,0
11/20/2025,22:39:44,0,32,198,401,253,23,206,3,1,0,0,0,0
11/20/2025,22:39:49,0,32,194,405,251,24,205,4,2,0,0,0,0
11/20/2025,22:39:54,0,33,197,405,253,22,207,4,1,0,0,0,0
11/20/2025,22:39:59,0,32,204,404,253,32,206,8,3,-0.0008,0,0,0
11/20/2025,22:40:04,0,32,222,404,253,31,206,8,3,0,0,0,0
11/20/2025,22:40:09,0,30,205,404,253,33,205,6,3,0,0,0,0
11/20/2025,22:40:14,0,31,190,404,253,27,207,4,1,0,0,0,0
11/20/2025,22:40:19,0,32,197,404,254,27,206,5,1,0,0,0,0
11/20/2025,22:40:24,0,33,197,404,253,24,207,3,1,0,0,0,0
11/20/2025,22:40:29,0,32,203,405,254,31,207,7,3,0,0,0,0
11/20/2025,22:40:34,0,31,218,406,253,32,207,8,4,0,0,0,0
11/20/2025,22:40:39,0,28,202,404,253,34,206,7,4,0,0,0,-0.0008
11/20/2025,22:40:44,0,32,193,401,253,24,206,3,1,0,0,0,0
11/20/2025,22:40:49,0,32,202,403,253,26,206,4,2,0,0,0,0
11/20/2025,22:40:54,0,32,199,404,252,23,207,4,1,0,0,0,0
11/20/2025,22:40:59,0,32,203,403,253,32,206,7,3,0,0,0,0
11/20/2025,22:41:04,0,30,222,405,253,34,206,7,4,0,0,0,0
11/20/2025,22:41:09,0,34,202,401,254,34,207,7,3,0,0,0,0
11/20/2025,22:41:14,0,32,195,401,253,25,205,2,1,0,0,0,0
11/20/2025,22:41:19,0,32,198,402,253,26,207,4,2,0,0,0,0
11/20/2025,22:41:24,0,35,198,404,253,21,206,4,1,0,0,0,0
11/20/2025,22:41:29,0,31,211,405,252,33,206,8,3,0,0,0,0
11/20/2025,22:41:34,0,29,210,404,252,31,206,7,3,0,0,0,0
11/20/2025,22:41:39,0,31,191,402,252,32,205,5,3,0,0,0,0
11/20/2025,22:41:44,0,29,193,403,253,25,206,3,1,0,0,0,0
11/20/2025,22:41:49,0,31,196,402,253,31,207,5,2,0,0,0,0
11/20/2025,22:42:21,0,32,209,403,253,33,206,8,3,0,0,0,0
11/20/2025,22:42:23,0,32,193,402,253,20,205,3,2,0,0,0,0
11/20/2025,22:42:28,0,30,200,404,253,22,206,5,1,0,0,0,0
11/20/2025,22:42:33,0,32,207,405,253,33,206,7,4,0,0,0,0
11/20/2025,22:42:38,0,32,218,404,253,34,205,8,4,0,0,0,0
11/20/2025,22:42:43,0,29,209,405,251,33,205,7,3,0,0,0,0
11/20/2025,22:42:48,0,32,189,401,253,30,204,4,2,0,0,0,0
11/20/2025,22:42:53,0,32,200,401,252,23,206,2,0,0,0,0,0
11/20/2025,22:42:58,0,34,194,402,254,25,206,4,1,0,0,0,0
11/20/2025,22:43:03,0,33,200,402,252,23,206,4,1,0,0,0,0
11/20/2025,22:43:08,0,30,209,404,253,32,207,8,3,0,0,0,0
11/20/2025,22:43:13,0,32,218,404,251,32,207,7,3,0,0,0,0
11/20/2025,22:43:18,0,31,197,402,253,36,205,6,3,0,0,0,-0.0008
11/20/2025,22:43:23,0,31,195,402,253,25,207,3,1,0,0,0,0
11/20/2025,22:43:28,0,32,193,402,253,25,206,4,1,0,0,0,0
11/20/2025,22:43:33,0,32,199,404,251,24,206,4,1,0,0,0,0
11/20/2025,22:43:38,0,32,213,404,252,34,207,8,4,0,0,0,0
11/20/2025,22:43:43,0,32,211,404,251,31,204,7,3,0,0,0,0
11/20/2025,22:43:48,0,34,197,403,253,34,206,7,3,0,0,0,0
11/20/2025,22:43:53,0,33,192,402,251,26,205,3,1,0,0,0,0
11/20/2025,22:43:58,0,31,202,401,255,28,206,4,2,0,0,0,0
11/20/2025,22:44:03,0,29,199,403,252,23,207,4,1,0,0,0,0
11/20/2025,22:44:08,0,31,208,404,253,35,207,9,3,0,0,0,0
11/20/2025,22:44:13,0,29,218,403,253,31,206,7,3,0,0,0,0
11/20/2025,22:44:18,0,32,207,403,252,36,206,6,3,0,0,0,0
11/20/2025,22:44:23,0,32,189,401,253,28,207,4,2,0,0,0,0
11/20/2025,22:44:28,0,33,197,402,252,23,206,2,1,0,0,0,0
11/20/2025,22:44:33,0,34,201,402,252,25,206,4,2,0,0,0,0
11/20/2025,22:44:38,0,32,197,399,253,27,207,4,1,0,0,0,0
11/20/2025,22:44:43,0,31,199,402,251,23,205,4,1,0,0,0,0
11/20/2025,22:44:48,0,32,200,403,251,23,206,4,0,0,0,0,0
11/20/2025,22:44:53,0,32,199,402,252,23,205,3,1,0,0,0,0
11/20/2025,22:44:58,0,31,193,401,252,28,206,4,2,0,0,0,0
11/20/2025,22:45:03,0,32,200,402,253,26,206,3,2,0,0,0,0
11/20/2025,22:45:08,0,31,200,402,252,26,205,4,1,0,0,0,0
11/20/2025,22:45:13,0,32,196,402,252,25,206,4,1,0,0,0,0
11/20/2025,22:45:18,0,31,198,402,251,24,206,4,1,0,0,0,0
11/20/2025,22:45:23,0,35,199,403,253,24,207,4,1,0,0,0,0
11/20/2025,22:45:28,0,31,201,403,253,25,207,5,2,0,0,0,0
11/20/2025,22:45:33,0,32,208,403,253,34,206,8,3,0,0,0,0
11/20/2025,22:45:38,0,32,213,404,252,33,206,8,3,0,0,0,-0.0008
11/20/2025,22:45:43,0,32,216,405,253,34,207,8,3,0,0,0,0
11/20/2025,22:45:48,0,30,218,405,254,33,206,7,3,0,0,0,0
11/20/2025,22:45:53,0,28,201,403,254,34,206,7,3,0,0,0,0
11/20/2025,22:45:58,0,32,193,402,252,26,205,3,1,0,0,0,0
11/20/2025,22:46:03,0,31,195,403,253,29,206,4,2,0,0,0,0
11/20/2025,22:46:08,0,30,199,403,253,25,205,4,1,0,0,0,0
11/20/2025,22:46:13,0,31,216,404,253,35,206,9,3,0,0,0,0
11/20/2025,22:46:18,0,30,209,402,253,31,207,7,3,0,0,0,0
11/20/2025,22:46:23,0,29,187,404,251,29,207,6,3,0,0,0,0
11/20/2025,22:46:28,0,31,195,402,253,24,207,3,1,0,0,0,0
11/20/2025,22:46:33,0,31,196,403,252,23,205,3,1,0,0,0,0
11/20/2025,22:46:38,0,31,203,405,253,29,207,6,3,0,0,0,0
11/20/2025,22:46:43,0,30,217,402,253,35,207,8,3,0,0,0,0
11/20/2025,22:46:48,0,30,201,404,252,36,205,7,3,0,0,0,-0.0008
11/20/2025,22:46:53,0,31,191,403,253,26,205,3,1,0,0,0,0
11/20/2025,22:46:58,0,30,196,404,251,25,205,5,2,0,0,0,-0.0008
11/20/2025,22:47:03,0,31,201,403,253,28,206,6,2,0,0,0,0
11/20/2025,22:47:08,0,30,216,405,252,33,206,7,4,0,0,0,0
11/20/2025,22:47:13,0,31,209,403,253,34,207,8,3,0,0,0,0
11/20/2025,22:47:18,0,30,187,403,253,31,206,6,3,0,0,0,0
11/20/2025,22:47:23,0,32,196,402,253,22,205,2,1,0,0,0,0
11/20/2025,22:47:28,0,34,199,404,251,22,206,4,1,0,0,0,0
11/20/2025,22:47:33,0,31,209,403,253,34,207,8,4,0,0,0,0
11/20/2025,22:47:38,0,31,216,405,253,34,206,8,4,0,0,0,0
11/20/2025,22:47:43,0,31,211,405,252,33,206,6,3,0,0,0,0
11/20/2025,22:47:48,0,32,197,402,253,36,207,7,3,0,0,0,-0.0008
11/20/2025,22:47:53,0,32,191,402,253,25,205,3,1,0,0,0,0
11/20/2025,22:47:58,0,32,198,402,253,22,206,3,1,0,0,0,0
11/20/2025,22:48:03,0,33,196,403,253,23,206,4,1,0,0,0,0
11/20/2025,22:48:08,0,31,201,404,253,32,206,8,3,0,0,0,0
11/20/2025,22:48:13,0,35,215,405,252,33,207,7,4,0,0,0,0
11/20/2025,22:48:18,0,30,198,404,251,36,206,7,3,0,0,0,0
11/20/2025,22:48:23,0,32,194,403,253,24,205,2,1,0,0,0,0
11/20/2025,22:48:28,0,32,194,404,251,25,204,4,1,0,0,0,0
11/20/2025,22:48:33,0,32,200,405,253,29,205,7,3,0,0,0,0
11/20/2025,22:48:38,0,30,217,405,253,34,206,8,4,0,0,0,0
11/20/2025,22:48:43,0,31,203,405,253,34,205,7,3,0,0,0,0
11/20/2025,22:48:48,0,31,190,403,252,26,206,3,1,0,0,0,0
11/20/2025,22:48:53,0,31,194,403,252,26,206,5,1,0,0,0,-0.0008
11/20/2025,22:48:58,0,32,198,406,253,26,207,4,1,0,0,0,0
11/20/2025,22:49:03,0,32,204,406,253,32,206,7,3,0,0,0,0
11/20/2025,22:49:08,0,32,215,407,254,35,205,8,2,0,0,0,0
11/20/2025,22:49:13,0,31,212,406,253,33,207,7,3,0,0,0,0
11/20/2025,22:49:18,0,31,191,404,252,28,206,4,1,0,0,0,0
11/20/2025,22:49:23,0,29,199,405,253,25,207,4,2,0,0,0,0
11/20/2025,22:49:28,0,31,196,404,252,25,206,4,1,0,0,0,0
11/20/2025,22:49:33,0,28,200,403,252,24,207,5,1,0,0,0,0
11/20/2025,22:49:38,0,28,211,407,253,35,207,8,4,0,0,0,0
11/20/2025,22:49:43,0,29,212,406,252,36,205,7,3,0,0,0,0
11/20/2025,22:49:48,0,30,190,406,253,31,206,6,3,0,0,0,0
11/20/2025,22:49:53,0,30,196,404,253,23,206,3,1,0,0,0,-0.0008
11/20/2025,22:49:58,0,31,196,404,252,24,206,4,1,0,0,0,0
11/20/2025,22:50:03,0,30,207,406,253,34,207,8,3,0,0,0,0
11/20/2025,22:50:08,0,29,214,406,252,34,205,7,3,0,0,0,0
11/20/2025,22:50:13,0,29,196,405,252,35,206,7,3,0,0,0,0
11/20/2025,22:50:18,0,29,195,404,253,24,207,3,1,0,0,0,0
11/20/2025,22:50:23,0,30,193,404,253,25,206,4,1,0,0,0,0
11/20/2025,22:50:28,0,30,200,404,253,24,206,4,2,0,0,0,0
11/20/2025,22:50:33,0,31,207,406,252,33,204,8,3,0,0,0,0
11/20/2025,22:50:38,0,31,214,402,253,35,204,8,4,0,0,0,0
11/20/2025,22:50:43,0,31,216,405,252,35,207,7,2,0,0,0,0
11/20/2025,22:50:48,0,29,203,404,253,35,206,7,4,0,0,0,0
11/20/2025,22:50:53,0,30,186,403,252,31,206,5,2,0,0,0,0
11/20/2025,22:50:58,0,31,192,403,252,23,206,3,1,0,0,0,0
11/20/2025,22:51:03,0,32,200,403,253,25,206,2,1,0,0,0,0
11/20/2025,22:51:08,0,34,198,401,253,26,207,4,1,0,0,0,0
11/20/2025,22:51:13,0,31,201,404,253,30,206,6,2,0,0,0,0
11/20/2025,22:51:18,0,32,221,405,253,32,207,8,3,0,0,0,0
11/20/2025,22:51:23,0,31,198,404,253,34,207,7,3,0,0,0,0
11/20/2025,22:51:28,0,31,190,401,252,28,205,4,2,0,0,0,0
11/20/2025,22:51:33,0,30,195,403,253,24,207,3,1,-0.0008,0,0,-0.0008
11/20/2025,22:51:38,0,34,202,403,251,25,205,3,2,0,0,0,0
11/20/2025,22:51:43,0,30,199,404,252,24,206,4,1,0,0,0,0
11/20/2025,22:51:48,0,30,208,404,252,34,205,7,3,0,0,0,0
11/20/2025,22:51:53,0,31,214,405,251,33,205,6,3,0,0,0,0
11/20/2025,22:51:58,0,37,192,403,252,32,206,6,5,0,0,0,0
11/20/2025,22:52:50,0,34,219,405,252,30,207,8,3,0,0,0,0
11/20/2025,22:52:53,0,32,198,405,252,19,205,4,1,0,0,0,0
11/20/2025,22:52:58,0,33,222,405,253,34,206,8,3,0,0,0,0
11/20/2025,22:53:03,0,32,196,404,252,34,205,7,3,0,0,0,0
11/20/2025,22:53:08,0,31,197,403,253,23,207,3,1,0,0,0,0
11/20/2025,22:53:13,0,30,198,402,253,24,206,4,1,0,0,0,0
11/20/2025,22:53:18,0,32,208,404,253,34,206,9,3,0,0,0,0
11/20/2025,22:53:23,0,33,201,403,253,36,207,7,3,0,0,0,0
11/20/2025,22:53:28,0,31,198,401,253,25,207,3,1,0,0,0,0
11/20/2025,22:53:33,0,29,200,404,253,23,205,4,1,0,0,0,0
11/20/2025,22:53:38,0,33,215,405,253,34,206,8,4,0,0,0,0
11/20/2025,22:53:43,0,35,210,404,252,34,207,7,3,0,0,0,0
11/20/2025,22:53:48,0,32,191,401,252,27,206,4,1,0,0,0,0
11/20/2025,22:53:53,0,32,194,403,253,24,205,4,1,0,0,0,0
11/20/2025,22:53:58,0,30,206,405,252,33,206,7,4,0,0,0,0
11/20/2025,22:54:03,0,31,211,402,253,33,207,7,3,0,0,0,0
11/20/2025,22:54:08,0,34,190,403,251,28,206,5,1,0,0,0,0
11/20/2025,22:54:13,0,32,196,402,253,25,206,5,2,0,0,0,0
11/20/2025,22:54:18,0,33,200,404,252,28,206,6,3,0,0,0,0
11/20/2025,22:54:23,0,37,221,403,253,32,206,8,3,0,0,0,0
11/20/2025,22:54:28,0,34,202,404,253,36,206,7,4,0,0,0,0
11/20/2025,22:54:33,0,33,191,403,253,25,207,3,1,0,0,0,0
11/20/2025,22:54:38,0,31,191,403,252,23,206,5,1,0,0,0,0
11/20/2025,22:54:43,0,32,198,402,253,22,207,4,1,0,0,0,0
11/20/2025,22:54:48,0,32,211,405,252,35,206,8,4,0,0,0,0
11/20/2025,22:54:53,0,31,210,405,252,34,207,7,3,0,0,0,0
11/20/2025,22:54:58,0,33,189,403,252,27,207,5,2,0,0,0,0
11/20/2025,22:55:03,0,33,204,405,253,27,206,5,2,0,0,0,0
11/20/2025,22:55:08,0,32,194,404,251,23,206,4,1,0,0,0,0
11/20/2025,22:55:13,0,33,198,404,252,25,207,4,1,0,0,0,0
11/20/2025,22:55:18,0,32,207,405,253,34,205,8,4,0,0,0,0
11/20/2025,22:55:23,0,30,212,406,252,32,206,7,3,0,0,0,0
11/20/2025,22:55:28,0,32,189,403,253,28,206,4,2,0,0,0,0
11/20/2025,22:55:33,0,33,198,402,252,23,206,3,1,0,0,0,0
11/20/2025,22:55:38,0,31,197,403,252,24,207,4,1,0,0,0,0
11/20/2025,22:55:43,0,33,206,406,253,33,207,8,3,0,0,0,0
11/20/2025,22:55:48,0,32,211,404,253,36,207,7,3,0,0,0,0
11/20/2025,22:55:53,0,29,192,404,253,35,206,7,3,0,0,0,0
11/20/2025,22:55:58,0,33,198,403,253,23,206,3,1,0,0,0,0
11/20/2025,22:56:03,0,32,200,406,253,24,207,4,1,0,0,0,0
11/20/2025,22:56:08,0,32,207,407,253,32,207,8,3,0,0,0,-0.0008
11/20/2025,22:56:13,0,32,217,405,253,34,206,6,3,0,0,0,0
11/20/2025,22:56:18,0,31,189,405,252,39,206,5,3,0,0,0,0
11/20/2025,22:56:23,0,31,202,404,252,25,206,3,1,0,0,0,0
11/20/2025,22:56:28,0,32,199,407,251,21,207,5,1,0,0,0,0
11/20/2025,22:56:33,0,29,204,407,252,31,206,7,3,0,0,0,0
11/20/2025,22:56:38,0,31,214,406,252,35,206,9,4,0,0,0,0
11/20/2025,22:56:43,0,33,206,407,252,36,206,7,3,0,0,0,0
11/20/2025,22:56:48,0,31,193,405,253,24,205,3,1,0,0,0,0
11/20/2025,22:56:53,0,31,198,403,253,24,206,4,1,0,0,0,0
11/20/2025,22:56:58,0,30,203,407,253,32,206,8,3,0,0,0,0
11/20/2025,22:57:03,0,29,220,406,252,34,206,7,3,0,0,0,-0.0008
11/20/2025,22:57:08,0,32,192,403,253,27,207,4,1,0,0,-0.0008,0
11/20/2025,22:57:13,0,32,196,403,253,23,207,4,1,0,0,0,0
11/20/2025,22:57:18,0,32,212,407,252,35,205,8,4,0,0,0,0
11/20/2025,22:57:23,0,30,204,406,252,37,206,7,3,0,0,0,0
11/20/2025,22:57:28,0,32,194,405,252,23,205,2,1,0,0,0,0
11/20/2025,22:57:33,0,32,196,406,253,25,207,4,1,0,0,0,0
11/20/2025,22:57:38,0,33,198,407,253,24,206,4,1,0,0,0,0
11/20/2025,22:57:43,0,32,213,407,253,35,205,9,4,0,0,0,0
11/20/2025,22:57:48,0,32,207,407,252,34,205,7,3,-0.0008,0,0,0
11/20/2025,22:57:53,0,31,191,405,252,27,206,4,1,0,0,0,0
11/20/2025,22:57:58,0,32,198,405,252,26,206,5,1,0,0,0,0
11/20/2025,22:58:03,0,30,200,405,251,24,206,4,2,0,0,0,0
11/20/2025,22:58:08,0,32,204,408,254,32,205,7,3,0,0,0,0
11/20/2025,22:58:13,0,33,217,407,251,31,205,7,3,0,0,0,0
11/20/2025,22:58:18,0,30,192,404,253,34,205,6,3,0,0,0,0
11/20/2025,22:58:23,0,31,194,404,253,25,205,3,1,0,0,0,0
11/20/2025,22:58:28,0,37,201,403,253,25,207,3,1,0,0,0,0
11/20/2025,22:58:33,0,31,200,405,252,23,206,4,1,0,0,0,0
11/20/2025,22:58:38,0,32,203,405,252,27,206,6,2,0,0,0,0
11/20/2025,22:58:43,0,29,213,407,250,34,205,8,4,0,0,0,0
11/20/2025,22:58:48,0,32,210,403,253,32,205,7,3,0,0,0,0
11/20/2025,22:58:53,0,32,185,404,252,32,206,6,3,0,0,0,0
11/20/2025,22:58:58,0,32,198,403,253,24,205,3,1,0,0,0,0
11/20/2025,22:59:03,0,33,199,402,253,24,207,3,1,0,0,0,0
11/20/2025,22:59:08,0,31,212,406,253,36,206,9,4,0,0,0,0
11/20/2025,22:59:13,0,30,211,405,253,33,207,7,4,0,0,0,0
11/20/2025,22:59:18,0,30,193,403,253,34,206,7,3,0,0,0,0
11/20/2025,22:59:23,0,32,190,404,252,26,205,3,2,0,0,0,0
11/20/2025,22:59:28,0,32,195,404,252,25,206,3,1,0,0,0,0
11/20/2025,22:59:33,0,32,201,404,253,26,206,3,1,0,0,0,0
11/20/2025,22:59:38,0,31,195,404,252,26,206,4,1,0,0,0,0
11/20/2025,22:59:43,0,32,199,406,253,25,207,4,1,0,0,0,0
11/20/2025,22:59:48,0,33,199,405,253,23,205,4,2,0,0,0,0
11/20/2025,22:59:53,0,32,199,406,250,25,205,5,1,0,0,0,0
11/20/2025,22:59:58,0,31,199,406,253,26,207,5,2,0,0,0,0
11/20/2025,23:00:03,0,34,198,405,252,25,206,5,1,0,0,0,0
11/20/2025,23:00:08,0,32,200,407,253,29,207,5,2,0,0,0,0
11/20/2025,23:00:13,0,32,207,407,253,33,206,8,3,0,0,0,0
11/20/2025,23:00:18,0,33,214,407,253,34,207,9,4,0,0,0,0
11/20/2025,23:00:23,0,31,219,407,253,34,207,8,4,0,0,0,0
11/20/2025,23:00:28,0,32,220,406,251,34,206,8,3,0,0,0,0
11/20/2025,23:00:33,0,29,206,406,252,35,205,7,4,0,0,0,-0.0008
11/20/2025,23:00:38,0,30,192,404,252,27,206,4,1,0,0,0,0
11/20/2025,23:00:43,0,28,194,402,253,28,207,5,2,0,0,0,0
11/20/2025,23:00:48,0,31,200,406,252,26,205,4,1,0,0,0,0
11/20/2025,23:00:53,0,31,212,406,253,35,206,9,4,0,0,0,0
11/20/2025,23:00:58,0,29,212,406,253,27,206,7,3,0,0,0,0
11/20/2025,23:01:03,0,28,189,403,252,35,205,6,3,0,0,0,0
11/20/2025,23:01:08,0,33,200,403,252,27,205,3,1,0,0,0,0
11/20/2025,23:01:13,0,30,200,404,252,25,205,4,1,0,0,0,0
11/20/2025,23:01:18,0,32,208,405,252,35,205,8,3,0,0,0,0
11/20/2025,23:01:23,0,32,219,406,253,32,206,7,3,0,0,0,0
11/20/2025,23:01:28,0,32,204,404,251,35,206,7,3,0,0,0,0
11/20/2025,23:01:33,0,31,191,403,253,27,207,4,1,0,0,0,0
11/20/2025,23:01:38,0,33,199,403,252,28,207,4,1,0,0,0,0
11/20/2025,23:01:43,0,32,199,404,252,24,205,4,1,0,0,0,0
11/20/2025,23:01:48,0,32,216,405,251,35,205,8,4,0,0,0,0
11/20/2025,23:01:53,0,31,191,404,251,33,205,6,3,0,0,0,0
11/20/2025,23:01:58,0,28,194,401,253,25,206,4,1,0,0,0,-0.0008
11/20/2025,23:02:03,0,32,209,405,252,34,207,9,4,0,0,0,-0.0008
11/20/2025,23:02:42,0,31,202,405,253,24,205,6,2,0,0,0,-0.0008
11/20/2025,23:02:46,0,33,200,404,252,29,207,6,2,0,0,0,0
11/20/2025,23:02:51,0,31,220,405,251,34,205,8,3,0,0,0,0
11/20/2025,23:02:56,0,31,192,403,252,35,205,6,3,0,0,0,0
11/20/2025,23:03:01,0,31,196,402,252,23,205,2,1,0,0,0,0
11/20/2025,23:03:06,0,31,196,403,252,25,207,4,1,0,0,0,0
11/20/2025,23:03:11,0,30,205,403,252,33,207,8,3,0,0,0,0
11/20/2025,23:03:16,0,31,217,405,253,33,207,7,3,0,0,0,0
11/20/2025,23:03:21,0,32,189,403,252,31,207,5,3,0,0,0,0
11/20/2025,23:03:26,0,32,198,400,253,24,205,3,1,0,0,0,0
11/20/2025,23:03:31,0,33,195,401,252,24,206,4,1,0,0,0,0
11/20/2025,23:03:36,0,35,199,402,252,28,201,5,2,0,0,0,-0.0008
11/20/2025,23:03:41,0,32,214,405,252,36,205,9,4,0,0,0,0
11/20/2025,23:03:46,0,32,211,404,252,28,205,7,3,0,0,0,0
11/20/2025,23:03:51,0,28,191,404,252,35,206,7,3,0,0,0,0
11/20/2025,23:03:56,0,31,194,405,252,25,207,3,1,0,0,0,0
11/20/2025,23:04:01,0,32,197,403,252,24,206,4,2,0,0,0,0
11/20/2025,23:04:06,0,31,204,406,253,32,207,7,3,0,0,0,0
11/20/2025,23:04:11,0,31,216,404,253,36,204,8,4,0,0,0,0
11/20/2025,23:04:16,0,33,209,404,252,34,205,7,3,0,0,0,0
11/20/2025,23:04:21,0,33,188,401,253,33,206,6,3,0,0,0,0
11/20/2025,23:04:26,0,32,195,403,252,24,206,3,1,0,0,0,0
11/20/2025,23:04:31,0,33,193,403,253,25,207,6,1,0,0,0,0
11/20/2025,23:04:36,0,33,197,404,253,29,207,7,2,0,0,0,0
11/20/2025,23:04:41,0,32,218,405,252,33,206,7,3,0,0,0,0
11/20/2025,23:04:46,0,31,189,402,252,33,206,6,4,0,0,0,0
11/20/2025,23:04:51,0,31,194,403,252,25,205,4,2,0,0,0,0
11/20/2025,23:04:56,0,33,196,400,253,25,206,3,1,0,0,0,0
11/20/2025,23:05:01,0,32,195,403,252,24,206,4,1,0,0,0,0
11/20/2025,23:05:06,0,34,205,405,253,34,206,9,4,0,0,0,0
11/20/2025,23:05:11,0,35,218,404,252,30,207,7,3,0,0,0,0
11/20/2025,23:05:16,0,34,200,403,252,35,205,7,3,0,0,0,-0.0008
11/20/2025,23:05:21,0,34,191,402,253,26,205,3,1,0,0,0,0
11/20/2025,23:05:26,0,33,194,402,253,25,205,4,2,0,0,0,0
11/20/2025,23:05:31,0,34,203,404,253,32,205,8,4,0,0,0,0
11/20/2025,23:05:36,0,33,209,403,253,33,207,7,3,0,0,0,0
11/20/2025,23:05:41,0,33,205,403,252,28,206,5,2,0,0,0,0
11/20/2025,23:05:46,0,36,201,404,253,23,205,4,1,0,0,0,0
11/20/2025,23:05:51,0,35,219,403,252,33,206,7,3,0,0,0,0
11/20/2025,23:05:56,0,33,187,400,252,29,206,4,2,0,0,0,0
11/20/2025,23:06:01,0,32,195,401,252,25,205,4,1,0,0,0,0
11/20/2025,23:06:06,0,34,202,403,252,33,206,7,3,0,0,0,0
11/20/2025,23:06:11,0,31,216,403,253,32,205,7,3,0,0,0,0
11/20/2025,23:06:16,0,33,194,401,251,36,205,7,3,0,0,0,0
11/20/2025,23:06:21,0,33,201,400,252,24,206,3,1,0,0,0,0
11/20/2025,23:06:26,0,35,199,401,253,24,205,4,1,0,0,0,0
11/20/2025,23:06:31,0,33,210,402,253,34,206,9,4,0,0,0,0
11/20/2025,23:06:36,0,32,208,401,252,33,205,7,3,0,0,0,0
11/20/2025,23:06:41,0,33,189,399,252,28,204,4,2,0,0,0,0
11/20/2025,23:06:46,0,34,200,399,252,27,205,4,1,0,0,0,0
11/20/2025,23:06:51,0,31,200,401,252,23,207,5,2,0,0,0,0
11/20/2025,23:06:56,0,33,213,402,252,35,205,8,3,0,0,0,0
11/20/2025,23:07:01,0,32,214,402,253,33,206,7,3,0,0,0,0
11/20/2025,23:07:06,0,29,193,399,253,36,203,7,3,0,0,0,0
11/20/2025,23:07:11,0,33,195,400,253,24,204,3,1,0,0,0,0
11/20/2025,23:07:16,0,34,198,399,252,24,205,4,2,0,0,0,-0.0008
11/20/2025,23:07:21,0,33,205,401,250,32,205,7,3,0,0,0,0
11/20/2025,23:07:26,0,35,219,401,253,34,205,8,3,0,0,0,0
11/20/2025,23:07:31,0,36,210,401,252,34,205,7,3,0,0,0,0
11/20/2025,23:07:36,0,34,190,400,252,35,206,7,4,0,0,0,0
11/20/2025,23:07:41,0,33,196,398,251,25,205,2,1,0,0,0,-0.0008
11/20/2025,23:07:46,0,31,194,399,253,28,206,5,2,0,0,0,0
11/20/2025,23:07:51,0,33,199,401,252,25,206,5,2,0,0,0,-0.0008
11/20/2025,23:07:56,0,35,220,400,253,33,205,7,3,0,0,0,0
11/20/2025,23:08:01,0,31,203,401,251,36,204,8,3,0,0,0,0
11/20/2025,23:08:06,0,34,187,399,250,32,205,6,2,0,0,0,0
11/20/2025,23:08:11,0,33,195,398,252,24,207,3,1,0,0,0,0
11/20/2025,23:08:16,0,34,193,399,253,27,205,5,1,0,0,0,0
11/20/2025,23:08:21,0,34,199,399,252,24,207,5,1,0,0,0,0
11/20/2025,23:08:26,0,34,203,400,252,31,206,7,3,0,0,0,0
11/20/2025,23:08:31,0,35,221,400,254,32,205,8,3,0,0,0,0
11/20/2025,23:08:36,0,29,195,398,253,37,206,7,4,0,0,0,0
11/20/2025,23:08:41,0,34,195,397,253,25,205,3,1,0,0,0,-0.0008
11/20/2025,23:08:46,0,33,193,397,252,25,204,3,2,0,0,0,0
11/20/2025,23:08:51,0,35,202,399,252,30,205,7,3,0,0,0,0
11/20/2025,23:08:56,0,38,214,400,251,28,206,8,3,0,0,0,0
11/20/2025,23:09:01,0,33,196,398,252,34,205,6,3,0,0,0,0
11/20/2025,23:09:06,0,32,192,395,252,26,206,4,1,0,0,0,0
11/20/2025,23:09:11,0,34,201,396,252,27,205,4,2,0,0,0,0
11/20/2025,23:09:16,0,36,196,397,252,27,206,3,1,0,0,0,0
11/20/2025,23:09:21,0,34,203,399,252,31,204,7,3,0,0,0,0
11/20/2025,23:09:26,0,33,219,399,250,34,204,8,3,0,0,0,0
11/20/2025,23:09:31,0,31,200,398,252,36,205,7,3,0,0,0,-0.0008
11/20/2025,23:09:36,0,33,194,398,252,26,206,4,1,0,0,0,0
11/20/2025,23:09:41,0,33,193,397,250,26,205,4,1,0,0,0,0
11/20/2025,23:09:46,0,31,200,400,254,27,205,5,2,0,0,0,0
11/20/2025,23:09:51,0,34,217,397,252,36,206,9,4,0,0,0,0
11/20/2025,23:09:56,0,33,208,400,251,34,205,7,3,0,0,0,0
11/20/2025,23:10:01,0,32,189,398,253,31,205,5,2,0,0,0,0
11/20/2025,23:10:06,0,34,202,397,252,24,206,3,1,0,0,0,0
11/20/2025,23:10:11,0,34,198,397,252,24,206,5,1,0,0,0,0
11/20/2025,23:10:16,0,32,198,400,252,27,206,6,2,0,0,0,0
11/20/2025,23:10:21,0,32,215,400,252,36,206,9,4,0,0,0,0
11/20/2025,23:10:26,0,32,213,397,252,33,207,7,3,0,0,0,0
11/20/2025,23:10:31,0,30,197,396,253,35,207,8,3,0,0,0,0
11/20/2025,23:10:36,0,33,189,398,252,26,205,4,1,0,0,0,0
11/20/2025,23:10:41,0,33,201,399,252,26,204,4,1,0,0,0,0
11/20/2025,23:10:46,0,31,199,398,253,25,205,4,1,0,0,0,0
11/20/2025,23:10:51,0,34,208,401,252,34,206,8,3,0,0,0,0
11/20/2025,23:10:56,0,36,221,401,252,32,205,7,3,0,0,0,0
11/20/2025,23:11:01,0,36,195,399,252,35,206,8,3,0,0,0,0
11/20/2025,23:11:06,0,32,198,398,252,24,206,3,1,-0.0008,0,0,0
11/20/2025,23:11:11,0,30,198,400,250,24,205,4,1,0,0,0,0
11/20/2025,23:11:16,0,33,208,400,253,36,205,8,3,0,0,0,0
11/20/2025,23:11:21,0,33,220,401,251,33,205,8,3,0,0,0,0
11/20/2025,23:11:26,0,32,195,399,252,35,206,7,3,0,0,0,0
11/20/2025,23:11:31,0,33,195,398,253,22,205,2,1,0,0,0,0
11/20/2025,23:11:36,0,32,196,399,252,26,206,5,1,0,0,0,0
11/20/2025,23:11:41,0,33,201,399,252,33,204,7,3,0,0,0,0
11/20/2025,23:11:46,0,33,221,400,252,36,205,8,4,0,0,0,0
11/20/2025,23:11:51,0,29,202,400,250,36,204,7,3,0,0,0,0
11/20/2025,23:11:56,0,34,187,395,252,28,206,5,1,0,0,0,0
11/20/2025,23:12:01,0,33,194,398,253,22,206,3,1,0,0,0,0
11/20/2025,23:12:06,0,33,201,399,252,23,205,3,0,0,0,0,0
11/20/2025,23:12:11,0,31,192,398,252,26,206,6,1,0,0,0,0
11/20/2025,23:12:16,0,36,198,399,252,24,204,5,1,0,0,0,0
11/20/2025,23:12:52,0,33,189,399,252,27,204,7,2,0,0,0,0
11/20/2025,23:12:55,0,34,198,401,252,22,206,6,2,0,0,0,-0.0008
11/20/2025,23:13:00,0,33,214,400,252,36,207,9,4,0,0,0,0
11/20/2025,23:13:05,0,35,211,400,252,35,206,8,3,0,0,0,0
11/20/2025,23:13:10,0,34,189,398,252,34,205,6,3,0,0,0,0
11/20/2025,23:13:15,0,32,197,399,251,24,205,3,1,-0.0008,0,0,0
11/20/2025,23:13:20,0,36,195,397,252,26,206,5,1,0,0,0,0
11/20/2025,23:13:25,0,34,206,402,251,35,205,8,3,0,0,0,0
11/20/2025,23:13:30,0,33,217,400,252,33,205,8,3,0,0,0,0
11/20/2025,23:13:35,0,34,193,399,252,34,205,6,3,0,0,0,0
11/20/2025,23:13:40,0,33,196,397,252,24,206,4,1,0,0,0,0
11/20/2025,23:13:45,0,32,193,400,251,26,205,4,1,0,0,0,0
11/20/2025,23:13:50,0,34,197,399,252,26,205,4,2,0,0,0,0
11/20/2025,23:13:55,0,33,205,401,251,36,206,9,3,0,0,0,0
11/20/2025,23:14:00,0,30,219,399,253,37,206,9,3,0,0,0,0
11/20/2025,23:14:05,0,32,213,400,252,34,206,7,3,0,0,0,0
11/20/2025,23:14:10,0,34,204,400,250,35,206,7,3,0,0,0,0
11/20/2025,23:14:15,0,33,189,398,251,30,206,5,2,0,0,0,0
11/20/2025,23:14:20,0,31,194,397,252,24,206,3,1,0,0,0,0
11/20/2025,23:14:25,0,34,196,399,252,25,206,5,1,0,0,0,0
11/20/2025,23:14:30,0,35,198,400,253,27,205,6,2,0,0,0,0
11/20/2025,23:14:35,0,33,214,400,251,38,204,9,4,0,0,0,0
11/20/2025,23:14:40,0,32,209,400,253,34,206,8,3,0,0,0,0
11/20/2025,23:14:45,0,31,191,398,252,26,205,4,1,0,0,0,0
11/20/2025,23:14:50,0,33,197,398,252,24,205,3,1,0,0,0,0
11/20/2025,23:14:55,0,30,200,398,252,26,205,5,1,0,0,0,0
11/20/2025,23:15:00,0,35,194,398,252,26,206,5,1,0,0,0,0
11/20/2025,23:15:05,0,33,199,398,252,25,206,5,1,0,0,0,0
11/20/2025,23:15:10,0,32,200,400,253,33,206,7,3,0,0,0,0
11/20/2025,23:15:15,0,33,206,400,250,36,205,9,3,0,0,0,0
11/20/2025,23:15:20,0,33,216,400,253,36,205,9,4,0,0,0,0
11/20/2025,23:15:25,0,34,215,401,250,32,205,8,2,0,0,0,0
11/20/2025,23:15:30,0,30,206,400,251,35,205,7,3,0,0,0,0
11/20/2025,23:15:35,0,31,201,399,252,32,206,8,3,0,0,0,0
11/20/2025,23:15:40,0,33,196,396,252,40,206,7,3,0,0,0,0
11/20/2025,23:15:45,0,35,198,398,252,21,207,3,1,0,0,0,0
11/20/2025,23:15:50,0,34,200,398,251,25,205,3,1,0,0,0,0
11/20/2025,23:15:55,0,32,195,397,252,27,206,5,1,0,0,0,0
11/20/2025,23:16:00,0,32,197,398,251,27,206,5,1,0,0,0,0
11/20/2025,23:16:05,0,35,200,399,252,26,205,5,2,0,0,0,0
11/20/2025,23:16:10,0,33,204,399,252,35,204,8,4,0,0,0,0
11/20/2025,23:16:15,0,35,214,400,252,36,206,9,4,0,0,0,0
11/20/2025,23:16:20,0,34,213,399,252,34,205,7,4,0,0,0,0
11/20/2025,23:16:25,0,35,200,400,250,36,205,7,4,0,0,0,0
11/20/2025,23:16:30,0,34,192,398,252,26,205,4,1,0,0,0,0
11/20/2025,23:16:35,0,34,201,395,252,26,206,4,1,0,0,0,0
11/20/2025,23:16:40,0,33,197,399,252,23,206,5,1,0,0,0,0
11/20/2025,23:16:45,0,32,206,400,253,35,204,8,3,0,0,0,0
11/20/2025,23:16:50,0,34,215,400,253,32,206,8,3,0,0,0,0
11/20/2025,23:16:55,0,31,186,398,252,31,206,6,2,0,0,0,0
11/20/2025,23:17:00,0,34,196,397,252,24,206,3,0,0,0,0,0
11/20/2025,23:17:05,0,33,191,398,252,31,206,5,1,0,0,0,0
11/20/2025,23:17:10,0,34,201,401,250,33,205,8,3,0,0,0,0
11/20/2025,23:17:15,0,34,214,400,252,34,205,7,3,0,0,0,0
11/20/2025,23:17:20,0,33,190,398,252,28,206,4,1,0,0,0,0
11/20/2025,23:17:25,0,27,201,397,252,28,205,4,1,0,0,0,0
11/20/2025,23:17:30,0,30,200,399,252,25,207,5,1,0,0,0,0
11/20/2025,23:17:35,0,33,208,398,252,36,207,9,4,0,0,0,0
11/20/2025,23:17:40,0,27,223,399,252,35,205,8,3,0,0,0,0
11/20/2025,23:17:45,0,33,204,398,252,36,206,7,3,0,0,0,0
11/20/2025,23:17:50,0,34,194,398,252,26,207,4,1,0,0,0,0
11/20/2025,23:17:55,0,37,195,398,252,25,207,5,1,0,0,0,0
11/20/2025,23:18:00,0,34,201,400,252,32,206,8,3,0,0,0,0
11/20/2025,23:18:05,0,33,217,399,252,39,207,9,4,0,0,0,0
11/20/2025,23:18:10,0,34,215,399,252,33,206,8,3,0,0,0,0
11/20/2025,23:18:15,0,33,204,398,252,37,206,8,3,0,0,0,0
11/20/2025,23:18:20,0,35,187,397,252,32,206,7,3,0,0,0,0
11/20/2025,23:18:25,0,34,196,397,252,25,205,4,0,0,0,0,0
11/20/2025,23:18:30,0,35,194,397,252,26,204,4,1,0,0,0,0
11/20/2025,23:18:35,0,33,200,400,250,29,205,6,2,0,0,0,0
11/20/2025,23:18:40,0,35,211,400,250,36,205,9,4,0,0,0,0
11/20/2025,23:18:45,0,34,218,398,252,33,207,8,3,0,0,0,0
11/20/2025,23:18:50,0,34,199,398,253,36,207,8,3,0,0,0,0
11/20/2025,23:18:55,0,35,192,396,252,25,206,5,1,0,0,0,0
11/20/2025,23:19:00,0,34,200,397,253,25,204,4,1,0,0,0,0
11/20/2025,23:19:05,0,34,196,395,252,25,207,4,1,0,0,0,0
11/20/2025,23:19:10,0,34,204,399,252,35,204,8,4,0,0,0,0
11/20/2025,23:19:15,0,34,213,398,253,34,206,8,3,0,0,0,0
11/20/2025,23:19:20,0,34,190,397,254,26,205,4,1,0,0,0,0
11/20/2025,23:19:25,0,28,194,397,252,26,205,4,1,0,0,0,0
11/20/2025,23:19:30,0,34,201,398,251,30,205,7,3,0,0,0,0
11/20/2025,23:19:35,0,35,213,400,251,38,205,9,4,0,0,0,0
11/20/2025,23:19:40,0,31,212,399,250,34,206,7,3,0,0,0,0
11/20/2025,23:19:45,0,33,193,396,252,36,206,7,3,0,0,0,0
11/20/2025,23:19:50,0,34,198,395,252,24,204,3,1,0,0,0,0
11/20/2025,23:19:55,0,35,198,397,252,25,206,4,1,0,0,0,0
11/20/2025,23:20:00,0,33,202,398,252,31,207,9,2,0,0,0,0
11/20/2025,23:20:05,0,35,217,398,251,37,206,10,4,0,0,0,0
11/20/2025,23:20:10,0,35,211,397,253,35,206,8,3,0,0,0,0
11/20/2025,23:20:15,0,35,189,392,252,27,206,5,1,0,0,0,-0.0008
11/20/2025,23:20:20,0,36,197,395,252,26,205,4,1,0,0,0,0
11/20/2025,23:20:25,0,35,200,397,252,24,206,6,1,0,0,0,-0.0008
11/20/2025,23:20:30,0,36,215,398,253,37,206,10,4,0,0,0,0
11/20/2025,23:20:35,0,37,203,397,252,34,207,8,3,0,0,0,0
11/20/2025,23:20:40,0,34,190,395,252,29,206,4,1,0,0,0,0
11/20/2025,23:20:45,0,34,196,394,252,25,206,3,0,0,0,0,0
11/20/2025,23:20:50,0,34,195,394,251,26,205,5,2,0,0,0,0
11/20/2025,23:20:55,0,33,201,397,252,31,206,7,3,0,0,0,0
11/20/2025,23:21:00,0,33,217,398,250,32,204,8,2,0,0,0,0
11/20/2025,23:21:05,0,33,188,394,252,30,206,5,1,0,0,0,0
11/20/2025,23:21:10,0,33,204,395,252,25,205,4,1,0,0,0,0
11/20/2025,23:21:15,0,35,199,396,252,26,205,5,1,0,0,0,0
11/20/2025,23:21:20,0,35,217,397,252,36,205,9,3,0,0,0,0
11/20/2025,23:21:25,0,37,187,394,252,36,206,7,3,-0.0008,0,0,0
11/20/2025,23:21:30,0,34,200,396,253,26,205,4,1,0,0,0,-0.0008
11/20/2025,23:21:35,0,32,198,396,252,25,206,5,1,0,0,0,0
11/20/2025,23:21:40,0,33,208,396,252,37,205,9,4,0,0,0,0
11/20/2025,23:21:45,0,35,208,398,251,34,206,8,3,0,0,0,-0.0008
11/20/2025,23:21:50,0,33,193,395,252,27,204,3,1,0,0,0,0
11/20/2025,23:21:55,0,33,195,396,253,26,205,5,1,0,0,0,0
11/20/2025,23:22:00,0,35,200,397,252,27,205,7,2,0,0,0,0
11/20/2025,23:22:05,0,34,209,397,252,35,206,9,4,0,0,0,0
11/20/2025,23:22:10,0,37,214,397,252,33,205,8,2,0,0,0,0
11/20/2025,23:22:15,0,33,193,395,252,35,207,7,4,0,0,0,0
11/20/2025,23:22:20,0,35,201,395,251,25,207,4,1,0,0,0,-0.0008
11/20/2025,23:22:25,0,34,197,397,253,27,206,5,1,0,0,0,0
11/20/2025,23:23:11,0,35,199,396,252,26,205,6,2,0,0,0,0
11/20/2025,23:23:15,0,31,196,394,252,26,206,5,1,0,0,0,-0.0008
11/20/2025,23:23:20,0,35,202,397,252,33,205,8,3,0,0,0,0
11/20/2025,23:23:25,0,34,221,397,252,33,206,9,3,0,0,0,0
11/20/2025,23:23:30,0,32,205,397,250,35,204,8,3,0,0,0,0
11/20/2025,23:23:35,0,34,192,394,252,29,204,5,1,0,0,0,0
11/20/2025,23:23:40,0,29,195,394,251,26,204,5,1,0,0,0,0
11/20/2025,23:23:45,0,33,198,397,250,25,205,5,1,0,-0.0008,0,0
11/20/2025,23:23:50,0,33,211,398,253,36,205,9,3,0,0,0,0
11/20/2025,23:23:55,0,35,217,397,252,34,206,8,2,0,0,0,0
11/20/2025,23:24:00,0,33,206,394,252,36,206,8,3,0,0,0,0
11/20/2025,23:24:05,0,33,188,394,252,33,205,6,3,0,0,0,0
11/20/2025,23:24:10,0,35,195,395,252,24,205,3,1,0,0,0,0
11/20/2025,23:24:15,0,37,198,396,252,23,206,5,1,0,0,0,0
11/20/2025,23:24:20,0,35,210,398,252,34,205,8,4,0,0,0,0
11/20/2025,23:24:25,0,30,211,397,252,33,205,8,3,0,0,0,0
11/20/2025,23:24:30,0,35,195,395,252,35,205,8,3,0,0,0,0
11/20/2025,23:24:35,0,34,194,393,252,28,206,5,1,0,0,0,-0.0008
11/20/2025,23:24:40,0,36,198,393,252,29,206,6,2,0,0,0,0
11/20/2025,23:24:45,0,35,198,396,251,25,206,5,1,0,0,0,0
11/20/2025,23:24:50,0,35,212,397,252,37,206,10,4,0,0,0,0
11/20/2025,23:24:55,0,36,214,398,252,32,206,8,3,0,0,0,0
11/20/2025,23:25:00,0,30,206,398,252,39,205,8,3,0,0,0,0
11/20/2025,23:25:05,0,35,191,395,252,29,205,4,1,0,0,0,0
11/20/2025,23:25:10,0,33,203,395,252,27,206,4,1,0,0,0,0
11/20/2025,23:25:15,0,33,195,393,252,25,207,6,1,0,0,0,0
11/20/2025,23:25:20,0,33,200,397,252,31,206,8,3,0,0,0,0
11/20/2025,23:25:25,0,36,217,396,252,37,207,9,4,0,0,0,0
11/20/2025,23:25:30,0,35,209,397,253,35,206,8,3,0,0,0,0
11/20/2025,23:25:35,0,35,192,396,254,36,204,8,3,0,0,0,0
11/20/2025,23:25:40,0,36,198,396,252,23,205,3,0,0,0,0,0
11/20/2025,23:25:45,0,35,191,395,253,29,205,4,1,0,0,0,0
11/20/2025,23:25:50,0,35,192,395,250,29,205,5,1,0,0,0,-0.0008
11/20/2025,23:25:55,0,35,195,392,252,26,205,4,1,0,0,0,0
11/20/2025,23:26:00,0,35,201,395,254,27,205,5,1,0,0,0,0
11/20/2025,23:26:05,0,35,193,394,252,33,206,5,2,0,0,0,0
11/20/2025,23:26:10,0,36,196,395,252,27,206,4,1,0,0,0,0
11/20/2025,23:26:15,0,34,198,396,252,28,206,6,2,0,0,0,0
11/20/2025,23:26:20,0,34,204,397,252,36,205,9,3,0,0,0,0
11/20/2025,23:26:25,0,36,221,396,252,36,206,9,3,0,0,0,0
11/20/2025,23:26:30,0,35,207,396,252,36,206,9,3,0,0,0,0
11/20/2025,23:26:35,0,35,189,395,252,32,207,6,3,0,0,0,0
11/20/2025,23:26:40,0,35,200,394,252,24,206,4,1,0,0,0,0
11/20/2025,23:26:45,0,35,197,395,252,25,206,5,1,0,0,0,0
11/20/2025,23:26:50,0,33,205,396,252,35,204,9,3,0,0,0,0
11/20/2025,23:26:55,0,35,218,396,252,35,205,9,3,0,0,0,0
11/20/2025,23:27:00,0,34,205,396,252,35,207,10,5,0,0,0,0
11/20/2025,23:27:05,0,34,189,394,252,29,207,5,1,0,0,0,-0.0008
11/20/2025,23:27:10,0,33,198,392,252,26,207,4,1,0,0,0,0
11/20/2025,23:27:15,0,31,195,394,252,28,206,6,2,0,0,0,0
11/20/2025,23:27:20,0,35,196,395,252,23,205,5,2,0,0,0,0
11/20/2025,23:27:25,0,34,206,396,251,35,206,10,4,0,0,0,0
11/20/2025,23:27:30,0,37,222,396,252,36,206,9,3,0,0,0,0
11/20/2025,23:27:35,0,33,213,396,252,32,206,8,3,0,0,0,0
11/20/2025,23:27:40,0,36,205,395,250,37,205,9,3,0,0,0,0
11/20/2025,23:27:45,0,33,203,395,252,36,205,8,3,0,0,0,0
11/20/2025,23:27:50,0,33,193,394,252,40,205,8,3,0,0,0,0
11/20/2025,23:27:55,0,34,190,394,252,33,207,7,3,0,0,0,0
11/20/2025,23:28:00,0,34,189,394,252,35,206,6,2,0,0,0,0
11/20/2025,23:28:05,0,34,190,394,251,29,205,5,1,0,0,0,0
11/20/2025,23:28:10,0,34,188,392,252,30,206,5,1,0,0,0,0
11/20/2025,23:28:15,0,33,191,394,252,28,206,4,1,0,0,0,0
11/20/2025,23:28:20,0,34,189,394,252,30,205,4,1,0,0,0,0
11/20/2025,23:28:25,0,32,188,394,252,29,205,5,1,0,0,0,0
11/20/2025,23:28:30,0,34,188,393,252,31,205,5,1,0,0,0,0
11/20/2025,23:28:35,0,34,187,394,252,30,206,5,1,0,0,0,0
11/20/2025,23:28:40,0,34,192,394,250,28,204,5,1,0,0,0,0
11/20/2025,23:28:45,0,35,193,391,252,28,206,5,1,0,0,0,0
11/20/2025,23:28:50,0,32,192,394,250,27,205,4,0,0,0,0,0
11/20/2025,23:28:55,0,34,194,394,253,25,206,4,0,0,0,0,0
11/20/2025,23:29:00,0,34,189,394,252,27,206,4,1,0,0,0,0
11/20/2025,23:29:05,0,34,189,394,251,33,206,6,1,0,0,0,0
11/20/2025,23:29:10,0,34,202,394,252,36,207,8,3,0,0,0,0
11/20/2025,23:29:15,0,36,212,395,252,35,205,8,3,0,0,0,0
11/20/2025,23:29:20,0,35,222,396,252,38,206,9,3,0,0,0,0
11/20/2025,23:29:25,0,35,215,396,251,36,205,9,4,0,0,0,0
11/20/2025,23:29:30,0,33,219,396,252,36,207,9,4,0,0,0,0
11/20/2025,23:29:35,0,34,233,395,252,39,205,10,4,0,0,0,0
11/20/2025,23:29:40,0,33,217,396,252,32,206,8,3,0,0,0,0
11/20/2025,23:29:45,0,34,211,396,252,35,205,8,3,0,0,0,0
11/20/2025,23:29:50,0,35,211,395,252,35,205,7,3,0,0,0,0
11/20/2025,23:29:55,0,36,200,395,252,39,207,9,3,0,0,0,0
11/20/2025,23:30:00,0,34,188,394,251,30,205,5,2,0,0,0,0
11/20/2025,23:30:05,0,33,197,392,252,26,206,4,0,0,0,0,0
11/20/2025,23:30:10,0,34,194,393,252,29,205,5,2,0,0,0,0
11/20/2025,23:30:15,0,37,197,395,251,26,206,6,2,0,0,0,0
11/20/2025,23:30:20,0,33,207,397,252,37,206,10,4,0,0,0,0
11/20/2025,23:30:25,0,34,216,396,251,35,205,8,2,0,0,0,0
11/20/2025,23:30:30,0,36,195,396,252,39,205,8,3,0,0,0,0
11/20/2025,23:30:35,0,33,193,394,252,26,206,4,1,0,0,0,0
11/20/2025,23:30:40,0,39,201,395,252,27,207,6,1,0,0,0,0
11/20/2025,23:30:45,0,34,195,396,251,26,205,5,1,0,0,0,0
11/20/2025,23:30:50,0,30,196,395,253,27,205,6,1,0,0,0,-0.0008
11/20/2025,23:30:55,0,33,200,398,252,33,206,7,3,0,0,0,0
11/20/2025,23:31:00,0,34,209,397,251,37,205,9,3,0,0,0,0
11/20/2025,23:31:05,0,35,214,397,251,36,204,10,4,0,0,0,0
11/20/2025,23:31:10,0,35,220,396,251,36,205,9,3,0,0,0,0
11/20/2025,23:31:15,0,32,214,398,252,34,207,9,3,0,0,0,0
11/20/2025,23:31:20,0,31,209,396,252,35,207,8,3,0,0,0,0
11/20/2025,23:31:25,0,31,202,393,252,37,206,8,3,0,0,0,0
11/20/2025,23:31:30,0,35,189,395,252,34,205,6,3,0,0,0,0
11/20/2025,23:31:35,0,34,188,395,252,28,205,3,1,0,0,0,0
11/20/2025,23:31:40,0,34,192,395,252,26,205,4,1,0,0,0,0
11/20/2025,23:31:45,0,34,198,394,252,29,205,6,1,0,0,0,0
11/20/2025,23:31:50,0,33,195,394,252,26,206,6,1,0,0,0,0
11/20/2025,23:31:55,0,37,198,396,253,25,205,6,1,0,0,0,0
11/20/2025,23:32:00,0,34,201,396,252,26,206,7,2,0,0,0,0
11/20/2025,23:32:05,0,35,207,397,252,37,205,9,3,0,0,0,0
11/20/2025,23:32:10,0,35,220,397,251,37,205,9,3,0,0,0,0
11/20/2025,23:32:15,0,35,215,396,252,34,205,9,3,0,0,0,0
11/20/2025,23:32:20,0,35,205,397,250,36,204,9,2,0,0,0,0
11/20/2025,23:32:25,0,34,188,395,252,28,206,5,1,0,0,0,0
11/20/2025,23:32:30,0,34,203,394,252,26,205,5,1,0,0,0,0
11/20/2025,23:32:35,0,32,199,396,252,25,205,5,1,0,0,0,0
11/20/2025,23:33:20,0,35,204,397,250,29,205,8,3,0,0,0,0
11/20/2025,23:33:24,0,34,193,394,252,26,204,5,2,0,0,0,0
11/20/2025,23:33:29,0,32,195,395,252,27,205,5,1,0,0,0,0
11/20/2025,23:33:34,0,36,198,394,252,27,207,6,2,0,0,0,-0.0008
11/20/2025,23:33:39,0,34,200,393,252,27,206,6,1,0,0,0,-0.0008
11/20/2025,23:33:44,0,34,207,396,252,36,205,9,4,0,0,0,0
11/20/2025,23:33:49,0,33,221,396,252,36,205,9,3,0,0,0,0
11/20/2025,23:33:54,0,35,211,396,252,35,207,8,3,0,0,0,0
11/20/2025,23:33:59,0,39,200,394,251,39,205,9,3,0,0,0,0
11/20/2025,23:34:04,0,35,192,395,253,26,204,5,1,0,0,0,0
11/20/2025,23:34:09,0,32,197,394,252,27,206,6,2,0,0,0,0
11/20/2025,23:34:14,0,35,201,396,250,26,205,6,1,0,0,0,0
11/20/2025,23:34:19,0,35,212,397,250,38,206,10,4,0,0,0,0
11/20/2025,23:34:24,0,36,217,396,252,36,205,9,3,0,0,0,0
11/20/2025,23:34:29,0,34,197,394,251,37,206,8,3,0,0,0,0
11/20/2025,23:34:34,0,35,196,393,252,25,205,4,1,0,0,0,0
11/20/2025,23:34:39,0,34,199,394,251,27,205,5,2,0,0,0,0
11/20/2025,23:34:44,0,35,205,396,252,34,205,9,3,0,0,0,0
11/20/2025,23:34:49,0,34,218,395,252,38,205,10,3,0,0,0,0
11/20/2025,23:34:54,0,37,214,395,252,34,206,9,2,0,0,0,0
11/20/2025,23:34:59,0,34,201,394,252,36,207,8,3,0,0,0,0
11/20/2025,23:35:04,0,33,190,393,252,26,206,5,1,0,0,0,-0.0008
11/20/2025,23:35:09,0,35,193,391,252,29,205,5,1,0,0,0,0
11/20/2025,23:35:14,0,35,200,394,252,28,205,6,1,0,0,0,0
11/20/2025,23:35:19,0,35,215,392,252,38,206,10,4,0,0,0,0
11/20/2025,23:35:24,0,35,215,394,252,34,205,8,3,0,0,0,0
11/20/2025,23:35:29,0,36,205,394,252,35,205,9,3,0,0,0,0
11/20/2025,23:35:34,0,34,190,389,252,30,205,5,1,0,0,0,-0.0008
11/20/2025,23:35:39,0,34,203,392,252,25,206,4,1,0,0,0,0
11/20/2025,23:35:44,0,35,200,394,252,26,206,6,1,-0.0008,0,0,0
11/20/2025,23:35:49,0,35,206,395,250,36,205,9,3,0,0,0,0
11/20/2025,23:35:54,0,31,219,394,251,36,204,9,3,0,0,0,0
11/20/2025,23:35:59,0,33,205,394,252,35,204,8,3,0,0,0,0
11/20/2025,23:36:04,0,34,190,392,252,35,206,8,3,0,0,0,0
11/20/2025,23:36:09,0,34,195,392,252,25,204,4,0,0,0,0,-0.0008
11/20/2025,23:36:14,0,35,191,391,252,28,205,6,2,0,0,0,0
11/20/2025,23:36:19,0,35,198,393,251,27,205,7,1,0,0,0,0
11/20/2025,23:36:24,0,35,221,394,252,36,206,10,3,0,0,0,0
11/20/2025,23:36:29,0,39,205,392,252,39,206,9,3,0,0,0,0
11/20/2025,23:36:34,0,33,191,390,252,31,206,6,1,0,0,0,0
11/20/2025,23:36:39,0,35,197,391,252,26,206,4,0,0,0,0,0
11/20/2025,23:36:44,0,34,193,391,252,28,204,6,1,0,0,0,0
11/20/2025,23:36:49,0,36,198,393,252,26,205,6,1,0,0,0,0
11/20/2025,23:36:54,0,34,217,394,252,37,206,10,4,0,0,0,0
11/20/2025,23:36:59,0,35,206,391,252,38,206,9,3,0,0,0,0
11/20/2025,23:37:04,0,34,191,391,252,29,205,5,1,0,0,0,0
11/20/2025,23:37:09,0,35,199,388,252,25,204,4,1,0,0,0,0
11/20/2025,23:37:14,0,34,199,389,252,27,206,5,1,0,0,0,0
11/20/2025,23:37:19,0,35,212,393,250,38,205,10,3,0,0,0,0
11/20/2025,23:37:24,0,36,204,393,252,35,206,9,3,0,0,0,0
11/20/2025,23:37:29,0,36,196,391,252,26,205,3,0,0,0,0,0
11/20/2025,23:37:34,0,36,198,391,251,25,205,6,1,0,0,0,0
11/20/2025,23:37:39,0,35,203,394,251,34,205,9,3,0,0,0,0
11/20/2025,23:37:44,0,35,221,394,252,37,206,9,3,0,0,0,0
11/20/2025,23:37:49,0,35,205,393,252,36,205,9,3,0,0,0,0
11/20/2025,23:37:54,0,36,196,392,251,27,205,4,1,0,0,0,0
11/20/2025,23:37:59,0,34,193,389,251,28,206,6,1,0,0,0,0
11/20/2025,23:38:04,0,35,202,391,252,34,207,10,3,0,0,0,0
11/20/2025,23:38:09,0,35,218,391,252,34,205,9,3,0,0,0,0
11/20/2025,23:38:14,0,33,194,392,251,37,206,9,3,0,0,0,0
11/20/2025,23:38:19,0,35,198,389,252,26,205,4,0,0,0,0,0
11/20/2025,23:38:24,0,36,196,392,252,25,206,6,1,0,0,0,0
11/20/2025,23:38:29,0,35,205,393,252,35,203,9,3,0,0,0,0
11/20/2025,23:38:34,0,36,219,394,250,41,206,9,3,0,0,0,0
11/20/2025,23:38:39,0,35,199,392,252,37,206,8,3,0,0,0,0
11/20/2025,23:38:44,0,36,194,391,252,31,206,5,1,0,0,0,0
11/20/2025,23:38:49,0,36,199,391,252,30,205,6,2,0,0,0,0
11/20/2025,23:38:54,0,34,199,392,252,24,206,6,1,0,0,0,0
11/20/2025,23:38:59,0,34,213,392,252,39,207,10,3,0,0,0,0
11/20/2025,23:39:04,0,30,208,392,253,35,204,9,2,0,0,0,0
11/20/2025,23:39:09,0,37,191,391,252,28,205,6,1,0,0,0,0
11/20/2025,23:39:14,0,35,203,388,252,28,206,6,1,0,0,0,0
11/20/2025,23:39:19,0,36,199,392,252,27,206,6,1,0,0,0,0
11/20/2025,23:39:24,0,36,210,393,251,36,206,10,4,0,0,0,0
11/20/2025,23:39:29,0,37,212,392,252,34,206,8,2,0,0,0,0
11/20/2025,23:39:34,0,33,194,391,252,39,206,8,3,0,0,0,0
11/20/2025,23:39:39,0,35,192,390,252,29,205,5,1,0,0,0,0
11/20/2025,23:39:44,0,38,199,390,251,28,205,5,2,0,0,0,0
11/20/2025,23:39:49,0,34,199,391,252,26,204,6,1,0,0,0,-0.0008
11/20/2025,23:39:54,0,37,214,392,252,37,205,10,4,0,0,0,0
11/20/2025,23:39:59,0,34,213,393,252,33,206,9,2,0,0,0,0
11/20/2025,23:40:04,0,34,188,390,251,30,206,5,1,0,0,0,-0.0008
11/20/2025,23:40:09,0,36,194,390,251,29,205,7,1,0,0,0,0
11/20/2025,23:40:14,0,34,201,393,252,34,205,9,3,0,0,0,0
11/20/2025,23:40:19,0,36,213,392,252,34,206,9,3,0,0,0,0
11/20/2025,23:40:24,0,36,188,390,252,31,206,7,2,0,0,0,0
11/20/2025,23:40:29,0,36,202,390,252,28,206,5,1,0,0,0,0
11/20/2025,23:40:34,0,38,198,392,252,26,206,6,1,0,0,0,0
11/20/2025,23:40:39,0,35,207,391,252,35,206,10,3,0,0,0,-0.0008
11/20/2025,23:40:44,0,39,220,390,252,36,206,10,3,0,0,0,0
11/20/2025,23:40:49,0,37,203,390,252,38,205,9,2,0,0,0,-0.0008
11/20/2025,23:40:54,0,35,195,388,252,30,207,5,1,0,0,0,0
11/20/2025,23:40:59,0,37,196,390,251,27,206,6,2,0,0,0,0
11/20/2025,23:41:04,0,37,201,392,253,28,205,7,2,0,0,0,-0.0008
11/20/2025,23:41:09,0,37,214,391,251,37,205,10,3,0,0,0,0
11/20/2025,23:41:14,0,41,209,392,251,36,205,9,2,0,0,0,0
11/20/2025,23:41:19,0,35,189,390,251,30,206,5,1,0,0,0,0
11/20/2025,23:41:24,0,35,193,387,252,30,206,6,1,0,0,0,0
11/20/2025,23:41:29,0,36,200,392,251,30,205,7,2,0,0,0,0
11/20/2025,23:41:34,0,38,222,392,251,36,205,9,3,0,0,0,0
11/20/2025,23:41:39,0,35,206,391,251,37,205,9,2,0,0,0,0
11/20/2025,23:41:44,0,36,192,390,252,30,204,6,1,0,0,0,0
11/20/2025,23:41:49,0,36,196,390,251,29,206,6,2,0,0,0,0
11/20/2025,23:41:54,0,36,202,392,252,26,206,7,1,0,0,0,0
11/20/2025,23:41:59,0,36,211,393,251,37,206,10,3,0,0,0,0
11/20/2025,23:42:04,0,40,214,392,251,33,205,9,2,0,0,0,0
11/20/2025,23:42:09,0,37,189,387,252,31,206,6,2,0,0,0,0
11/20/2025,23:42:14,0,35,196,390,251,29,205,7,2,0,0,0,0
11/20/2025,23:42:19,0,38,199,392,251,27,205,6,1,0,0,0,0
11/20/2025,23:42:24,0,36,212,392,252,37,206,11,4,-0.0008,0,0,0
11/20/2025,23:42:29,0,36,211,391,251,35,205,9,3,0,0,0,0
11/20/2025,23:42:34,0,38,188,389,252,35,204,7,3,0,0,0,0
11/20/2025,23:42:39,0,36,194,389,251,27,205,5,0,0,0,0,0
11/20/2025,23:42:44,0,38,197,390,252,25,205,4,0,0,0,0,0
11/20/2025,23:43:22,0,35,195,389,252,27,205,8,2,0,0,0,0
11/20/2025,23:43:24,0,36,217,393,252,33,206,9,2,0,0,0,0
11/20/2025,23:43:29,0,36,203,391,252,35,205,9,3,0,0,0,0
11/20/2025,23:43:34,0,36,190,389,252,36,206,8,2,0,0,0,0
11/20/2025,23:43:39,0,36,192,389,252,27,206,5,1,0,0,0,0
11/20/2025,23:43:44,0,35,202,388,252,27,204,5,1,0,0,0,0
11/20/2025,23:43:49,0,37,196,390,252,27,206,6,1,0,0,0,0
11/20/2025,23:43:54,0,37,198,389,252,26,206,7,1,0,0,0,0
11/20/2025,23:43:59,0,35,208,392,252,37,206,11,3,0,0,0,0
11/20/2025,23:44:04,0,34,213,391,251,33,205,8,2,0,0,0,0
11/20/2025,23:44:09,0,29,190,390,251,39,206,9,3,0,0,0,0
11/20/2025,23:44:14,0,35,196,388,252,27,205,5,1,0,0,0,0
11/20/2025,23:44:19,0,35,195,389,250,29,204,6,2,0,0,0,0
11/20/2025,23:44:24,0,36,197,389,252,26,205,6,1,0,0,0,0
11/20/2025,23:44:29,0,35,210,388,252,38,205,10,3,0,0,0,0
11/20/2025,23:44:34,0,36,216,392,252,33,206,9,3,0,0,0,0
11/20/2025,23:44:39,0,32,196,390,251,39,205,9,3,0,0,0,0
11/20/2025,23:44:44,0,36,194,388,252,26,206,5,1,0,0,0,0
11/20/2025,23:44:49,0,33,198,389,252,26,205,6,1,0,0,0,0
11/20/2025,23:44:54,0,35,198,391,252,27,206,7,1,0,0,0,0
11/20/2025,23:44:59,0,36,210,392,252,37,207,11,3,0,0,0,0
11/20/2025,23:45:04,0,36,210,391,250,36,205,9,2,0,0,0,0
11/20/2025,23:45:09,0,37,188,390,250,36,204,7,2,0,0,0,0
11/20/2025,23:45:14,0,37,199,389,252,26,206,5,1,0,0,0,0
11/20/2025,23:45:19,0,34,196,387,252,26,205,6,1,0,0,0,0
11/20/2025,23:45:24,0,37,206,391,252,34,206,11,3,0,0,0,0
11/20/2025,23:45:29,0,34,221,390,252,37,206,10,3,0,0,0,0
11/20/2025,23:45:34,0,36,205,391,250,37,205,9,3,0,0,0,0
11/20/2025,23:45:39,0,36,190,388,251,36,206,8,3,0,0,0,0
11/20/2025,23:45:44,0,37,193,389,251,27,206,6,1,0,0,0,0
11/20/2025,23:45:49,0,40,196,388,252,29,205,6,1,0,0,0,0
11/20/2025,23:45:54,0,38,202,392,250,35,205,9,3,0,0,0,0
11/20/2025,23:45:59,0,37,220,392,252,37,206,11,3,0,0,0,0
11/20/2025,23:46:04,0,38,202,391,251,37,206,9,3,0,0,0,0
11/20/2025,23:46:09,0,38,192,390,253,29,205,5,0,0,0,0,0
11/20/2025,23:46:14,0,36,197,389,252,31,204,6,1,0,0,0,0
11/20/2025,23:46:19,0,36,199,389,252,29,204,6,1,0,0,0,0
11/20/2025,23:46:24,0,37,212,393,252,38,206,11,4,0,0,0,0
11/20/2025,23:46:29,0,38,209,392,252,35,206,10,3,0,0,0,0
11/20/2025,23:46:34,0,35,197,392,250,25,205,5,0,0,0,0,0
11/20/2025,23:46:39,0,37,201,390,252,28,203,7,1,0,0,0,0
11/20/2025,23:46:44,0,36,199,391,252,26,206,6,1,0,0,0,0
11/20/2025,23:46:49,0,37,208,392,251,36,204,10,4,0,0,0,0
11/20/2025,23:46:54,0,37,217,391,252,33,205,9,3,0,0,0,0
11/20/2025,23:46:59,0,36,189,390,250,38,205,8,2,0,0,0,0
11/20/2025,23:47:04,0,34,199,390,250,26,205,5,0,0,0,0,0
11/20/2025,23:47:09,0,35,193,389,252,29,205,6,1,0,0,0,0
11/20/2025,23:47:14,0,35,199,392,251,31,206,8,2,0,0,0,0
11/20/2025,23:47:19,0,36,214,391,250,38,205,10,3,0,0,0,0
11/20/2025,23:47:24,0,36,212,390,252,36,206,10,3,0,0,0,0
11/20/2025,23:47:29,0,34,194,390,251,37,206,9,3,0,0,0,0
11/20/2025,23:47:34,0,35,194,389,252,29,207,5,1,0,0,0,0
11/20/2025,23:47:39,0,36,199,389,251,27,206,5,1,0,0,0,0
11/20/2025,23:47:44,0,35,199,389,251,29,205,7,1,0,0,0,0
11/20/2025,23:47:49,0,35,195,389,252,29,206,7,1,0,0,0,0
11/20/2025,23:47:54,0,34,198,391,251,26,206,6,1,0,0,0,0
11/20/2025,23:47:59,0,37,205,389,252,35,206,10,3,0,0,0,0
11/20/2025,23:48:04,0,36,222,391,252,36,207,10,2,0,0,0,0
11/20/2025,23:48:09,0,40,199,389,251,37,205,9,4,0,0,0,0
11/20/2025,23:48:14,0,35,189,387,252,30,206,6,1,0,0,0,0
11/20/2025,23:48:19,0,36,199,390,250,26,205,6,1,0,0,0,0
11/20/2025,23:48:24,0,38,197,391,251,27,206,6,1,0,0,0,0
11/20/2025,23:48:29,0,37,209,393,252,36,206,10,3,0,0,0,0
11/20/2025,23:48:34,0,33,220,390,252,35,206,9,2,0,0,0,0
11/20/2025,23:48:39,0,37,207,391,251,37,206,9,3,0,0,0,0
11/20/2025,23:48:44,0,36,189,389,252,30,206,6,1,0,0,0,0
11/20/2025,23:48:49,0,38,197,390,253,26,204,5,0,0,0,0,0
11/20/2025,23:48:54,0,38,194,389,252,29,204,6,0,0,0,0,0
11/20/2025,23:48:59,0,35,200,391,251,29,204,7,0,0,0,0,0
11/20/2025,23:49:04,0,35,207,392,252,36,206,10,3,0,0,0,0
11/20/2025,23:49:09,0,38,219,393,249,37,205,10,3,0,0,0,0
11/20/2025,23:49:14,0,36,215,392,251,34,208,10,3,0,0,0,0
11/20/2025,23:49:19,0,39,206,391,251,37,204,10,3,0,0,0,0
11/20/2025,23:49:24,0,37,187,390,250,32,205,7,2,0,0,0,-0.0008
11/20/2025,23:49:29,0,37,193,389,251,26,205,5,0,0,0,0,0
11/20/2025,23:49:34,0,38,194,389,252,29,204,7,1,0,0,0,0
11/20/2025,23:49:39,0,37,203,391,252,28,206,7,1,0,0,0,0
11/20/2025,23:49:44,0,35,207,393,251,38,204,11,4,0,0,0,0
11/20/2025,23:49:49,0,37,215,392,252,36,207,9,3,0,0,0,0
11/20/2025,23:49:54,0,37,203,392,250,31,204,9,3,0,0,0,0
11/20/2025,23:49:59,0,36,188,389,250,31,205,6,1,0,0,0,0
11/20/2025,23:50:04,0,37,197,390,250,28,205,5,0,0,0,0,0
11/20/2025,23:50:09,0,36,198,388,251,25,205,6,1,0,0,0,0
11/20/2025,23:50:14,0,37,197,390,252,27,205,6,1,0,0,0,0
11/20/2025,23:50:19,0,36,197,390,251,29,206,8,1,0,0,0,0
11/20/2025,23:50:24,0,38,207,392,251,37,205,10,4,0,0,0,0
11/20/2025,23:50:29,0,36,218,392,252,38,205,11,4,0,0,0,0
11/20/2025,23:50:34,0,33,208,391,251,35,207,9,3,0,0,0,0
11/20/2025,23:50:39,0,38,195,390,251,37,205,8,2,0,0,0,0
11/20/2025,23:50:44,0,36,190,390,252,27,206,6,1,0,0,0,0
11/20/2025,23:50:49,0,35,201,388,252,25,206,5,0,0,0,0,0
11/20/2025,23:50:54,0,38,195,391,252,27,206,7,1,0,0,0,-0.0008
11/20/2025,23:50:59,0,37,200,392,251,28,205,7,2,0,0,0,0
11/20/2025,23:51:04,0,34,214,390,252,40,206,12,4,0,0,0,0
11/20/2025,23:51:09,0,35,217,390,252,37,206,10,3,0,0,0,0
11/20/2025,23:51:14,0,34,205,391,251,38,206,10,3,0,0,0,0
11/20/2025,23:51:19,0,34,189,389,252,30,206,6,1,0,0,0,-0.0008
11/20/2025,23:51:24,0,33,201,387,252,28,206,6,1,0,0,0,0
11/20/2025,23:51:29,0,38,199,391,251,28,206,7,1,0,0,0,0
11/20/2025,23:51:34,0,37,209,391,251,39,206,11,3,0,0,0,0
11/20/2025,23:51:39,0,35,208,391,253,35,206,9,2,0,0,0,0
11/20/2025,23:51:44,0,35,194,389,251,27,204,5,0,0,0,0,-0.0008
11/20/2025,23:51:49,0,37,195,389,251,28,204,6,1,0,0,0,0
11/20/2025,23:51:54,0,36,201,391,252,27,206,7,1,0,0,0,0
11/20/2025,23:51:59,0,36,209,392,252,39,206,11,4,0,0,0,0
11/20/2025,23:52:04,0,36,210,391,251,37,206,10,3,0,0,0,0
11/20/2025,23:52:09,0,36,194,390,251,40,205,9,3,0,0,0,0
11/20/2025,23:52:14,0,37,191,390,251,28,204,6,1,0,0,0,0
11/20/2025,23:52:19,0,37,195,390,252,26,205,5,1,0,0,0,0
11/20/2025,23:52:24,0,40,202,388,252,27,205,6,0,0,0,0,0
11/20/2025,23:52:29,0,34,197,389,251,27,205,7,0,0,0,0,0
11/20/2025,23:52:34,0,37,207,392,250,38,205,11,4,0,0,0,0
11/20/2025,23:52:39,0,34,219,392,251,38,205,10,3,0,0,0,-0.0008
11/20/2025,23:52:44,0,34,211,391,251,33,205,9,3,0,0,0,0
11/20/2025,23:52:49,0,34,200,389,251,39,205,9,3,0,0,0,-0.0008
11/20/2025,23:52:54,0,35,192,389,251,25,204,4,0,0,0,0,0
11/20/2025,23:52:59,0,33,196,387,251,31,206,7,1,0,0,0,0
11/20/2025,23:53:29,0,35,215,392,252,31,205,11,3,0,0,0,0
11/20/2025,23:53:33,0,36,208,391,251,38,206,11,4,0,0,0,0
11/20/2025,23:53:38,0,36,220,390,252,35,206,10,3,0,0,0,0
11/20/2025,23:53:43,0,37,207,390,252,37,206,10,3,0,0,0,0
11/20/2025,23:53:48,0,35,197,389,252,38,204,9,3,0,0,0,0
11/20/2025,23:53:53,0,36,192,389,251,28,204,5,1,0,0,0,0
11/20/2025,23:53:58,0,37,200,388,251,27,205,5,1,0,0,0,0
11/20/2025,23:54:03,0,35,198,389,251,27,205,7,1,0,0,0,0
11/20/2025,23:54:08,0,36,215,391,251,39,206,11,4,0,0,0,0
11/20/2025,23:54:13,0,33,207,390,251,36,206,9,3,0,0,0,0
11/20/2025,23:54:18,0,36,186,387,251,38,203,9,2,0,0,0,0
11/20/2025,23:54:23,0,36,193,389,252,25,204,5,0,0,0,0,0
11/20/2025,23:54:28,0,35,194,385,252,31,205,7,1,0,0,0,0
11/20/2025,23:54:33,0,37,200,390,251,35,204,10,3,0,0,0,0
11/20/2025,23:54:38,0,37,221,390,252,36,206,11,3,0,0,0,-0.0008
11/20/2025,23:54:43,0,36,206,387,251,38,203,10,3,0,0,0,0
11/20/2025,23:54:48,0,36,187,387,252,32,209,7,2,0,0,0,0
11/20/2025,23:54:53,0,36,199,387,251,26,204,5,0,0,0,0,0
11/20/2025,23:54:58,0,33,195,388,251,28,205,7,1,0,0,0,0
11/20/2025,23:55:03,0,34,207,388,251,40,205,11,4,0,0,0,0
11/20/2025,23:55:08,0,35,215,386,247,35,206,10,3,0,0,0,0
11/20/2025,23:55:13,0,34,203,388,250,37,205,9,3,0,0,0,0
11/20/2025,23:55:18,0,36,188,385,251,33,206,8,2,0,0,0,-0.0008
11/20/2025,23:55:23,0,36,196,387,254,25,205,6,0,0,0,0,0
11/20/2025,23:55:28,0,35,194,387,252,28,206,7,1,0,0,0,0
11/20/2025,23:55:33,0,36,197,388,251,31,208,8,2,0,0,0,0
11/20/2025,23:55:38,0,36,218,387,251,38,206,11,3,0,0,0,0
11/20/2025,23:55:43,0,35,189,384,252,35,206,9,2,0,0,0,0
11/20/2025,23:55:48,0,35,196,386,251,26,205,5,0,0,0,0,0
11/20/2025,23:55:53,0,35,194,385,251,29,205,6,1,0,0,0,0
11/20/2025,23:55:58,0,37,201,388,250,29,205,8,2,0,0,0,0
11/20/2025,23:56:03,0,36,214,387,252,42,206,12,4,0,0,0,0
11/20/2025,23:56:08,0,39,216,388,251,38,206,10,3,0,0,0,0
11/20/2025,23:56:13,0,37,203,387,252,36,206,10,3,0,0,0,-0.0008
11/20/2025,23:56:18,0,36,189,386,251,29,204,6,1,0,0,0,-0.0008
11/20/2025,23:56:23,0,37,200,386,251,28,205,5,1,0,0,0,0
11/20/2025,23:56:28,0,37,195,386,250,28,205,6,2,0,0,0,0
11/20/2025,23:56:33,0,37,198,387,251,28,207,8,1,0,0,0,0
11/20/2025,23:56:38,0,37,191,386,251,44,205,12,4,-0.0008,0,0,0
11/20/2025,23:56:43,0,37,217,388,251,41,206,10,3,0,0,0,0
11/20/2025,23:56:48,0,40,197,386,251,40,206,10,3,0,0,0,0
11/20/2025,23:56:53,0,38,192,386,252,27,206,6,1,0,0,0,0
11/20/2025,23:56:58,0,35,196,386,251,30,206,7,2,0,0,0,-0.0008
11/20/2025,23:57:03,0,38,198,388,252,25,204,8,1,0,0,0,0
11/20/2025,23:57:08,0,35,207,387,251,39,206,11,4,0,0,0,0
11/20/2025,23:57:13,0,35,220,389,253,36,206,11,3,0,0,0,0
11/20/2025,23:57:18,0,32,199,387,251,39,206,10,3,0,0,0,0
11/20/2025,23:57:23,0,37,196,383,251,28,206,5,0,0,0,0,0
11/20/2025,23:57:28,0,35,195,387,250,28,205,6,0,0,0,0,0
11/20/2025,23:57:33,0,35,202,388,251,32,206,10,3,0,0,0,0
11/20/2025,23:57:38,0,37,219,389,251,38,206,11,4,0,0,0,0
11/20/2025,23:57:43,0,35,198,388,252,40,205,10,3,0,0,0,0
11/20/2025,23:57:48,0,34,192,386,251,27,205,6,1,0,0,0,0
11/20/2025,23:57:53,0,35,193,385,251,27,205,7,1,0,0,0,0
11/20/2025,23:57:58,0,36,198,388,250,28,206,8,2,0,0,0,0
11/20/2025,23:58:03,0,36,214,388,250,40,205,11,3,0,0,0,0
11/20/2025,23:58:08,0,36,214,389,252,36,206,9,3,0,0,0,0
11/20/2025,23:58:13,0,34,199,384,251,38,205,11,4,0,0,0,0
11/20/2025,23:58:18,0,36,192,385,251,28,205,5,0,0,0,0,0
11/20/2025,23:58:23,0,36,194,386,251,28,205,7,1,0,0,0,0
11/20/2025,23:58:28,0,36,198,388,251,30,206,9,2,0,0,0,0
11/20/2025,23:58:33,0,36,216,385,251,38,207,12,4,-0.0008,0,0,0
11/20/2025,23:58:38,0,37,210,387,251,35,205,10,1,0,0,0,0
11/20/2025,23:58:43,0,34,197,387,252,38,206,10,3,0,0,0,0
11/20/2025,23:58:48,0,38,191,387,251,30,204,6,1,0,0,0,0
11/20/2025,23:58:53,0,37,197,386,251,28,204,6,1,0,0,0,0
11/20/2025,23:58:58,0,36,195,386,251,28,206,7,1,0,0,0,0
11/20/2025,23:59:03,0,39,198,386,251,28,206,8,1,0,0,0,0
11/20/2025,23:59:08,0,36,202,389,252,35,206,11,3,0,0,0,0
11/20/2025,23:59:13,0,35,217,388,252,39,206,11,3,0,0,0,0
11/20/2025,23:59:18,0,37,204,387,251,38,205,11,3,0,0,0,0
11/20/2025,23:59:23,0,36,190,387,252,30,204,7,1,0,0,0,0
11/20/2025,23:59:28,0,40,199,386,251,30,205,7,2,0,0,0,0
11/20/2025,23:59:33,0,37,196,388,251,26,205,7,1,0,0,0,0
11/20/2025,23:59:38,0,36,209,389,252,38,205,11,4,0,0,0,0
11/20/2025,23:59:43,0,34,217,387,251,34,205,10,2,0,0,0,0
11/20/2025,23:59:48,0,35,193,386,252,38,204,9,3,0,0,0,0
11/20/2025,23:59:53,0,36,196,385,252,26,206,6,1,0,0,0,0
