Date,Time,StatusCode,MCP_WQ_DO,MCP_WQ_EC,MCP_WQ_PH,MCP_WQ_TEMP,MCP_WQ_TURB,MCP_WQ_TDS,MCP_WQ_RSV1,MCP_WQ_RSV2,ADS_NO3_mA,ADS_NO2_mA,ADS_NH3_mA,ADS_RSV_mA
2025/12/15,08:42:21,0,0.0,205.0,467.0,243.0,17.0,208.0,6.0,5.0,0.0,0.0,0.0,0.0
2025/12/15,08:42:26,0,0.0,195.0,466.0,243.0,8.0,207.0,2.0,2.0,0.0,0.0,0.0,0.0
2025/12/15,08:42:31,0,0.0,212.0,467.0,243.0,7.0,208.0,3.0,3.0,0.0,0.0,0.0,0.0
2025/12/15,08:42:36,0,0.0,195.0,466.0,243.0,5.0,208.0,1.0,1.0,0.0,0.0,0.0,0.0
2025/12/15,08:42:41,0,0.0,205.0,466.0,243.0,13.0,208.0,5.0,4.0,0.0,0.0,0.0,0.0
2025/12/15,08:42:46,0,0.0,189.0,465.0,243.0,0.0,208.0,0.0,0.0,0.0,0.0,0.0,0.0
2025/12/15,08:42:51,0,0.0,201.0,467.0,243.0,15.0,208.0,6.0,5.0,0.0,0.0,0.0,0.0
2025/12/15,08:42:56,0,0.0,187.0,466.0,243.0,0.0,207.0,0.0,0.0,0.0,0.0,0.0,0.0
2025/12/15,08:43:01,0,0.0,197.0,468.0,243.0,10.0,206.0,4.0,2.0,0.0,0.0,0.0,0.0
2025/12/15,08:43:06,0,0.0,201.0,468.0,243.0,9.0,207.0,5.0,2.0,0.0,0.0,0.0,0.0
2025/12/15,08:43:11,0,0.0,190.0,466.0,243.0,8.0,208.0,1.0,3.0,0.0,0.0,0.0,0.0
2025/12/15,08:43:16,0,0.0,210.0,467.0,243.0,7.0,208.0,3.0,3.0,0.0,0.0,0.0,0.0
2025/12/15,08:43:21,0,0.0,189.0,465.0,243.0,0.0,207.0,0.0,0.0,0.0,0.0,0.0,0.0
2025/12/15,08:43:26,0,0.0,195.0,467.0,243.0,10.0,206.0,4.0,3.0,0.0,0.0,0.0,0.0
2025/12/15,08:43:31,0,0.0,207.0,467.0,243.0,7.0,207.0,3.0,3.0,0.0,0.0,0.0,0.0
2025/12/15,08:43:36,0,0.0,192.0,466.0,242.0,0.0,207.0,0.0,0.0,0.0,0.0,0.0,0.0
2025/12/15,08:43:41,0,0.0,189.0,464.0,243.0,7.0,207.0,2.0,2.0,0.0,0.0,0.0,0.0
2025/12/15,08:43:46,0,0.0,198.0,467.0,243.0,14.0,208.0,4.0,5.0,0.0,0.0,0.0,0.0
2025/12/15,08:43:51,0,0.0,212.0,468.0,243.0,7.0,207.0,5.0,2.0,0.0,0.0,0.0,0.0
2025/12/15,08:43:56,0,0.0,186.0,466.0,243.0,0.0,206.0,1.0,0.0,0.0,0.0,0.0,0.0
2025/12/15,08:44:01,0,0.0,193.0,467.0,243.0,8.0,207.0,1.0,1.0,0.0,0.0,0.0,0.0
2025/12/15,08:44:06,0,0.0,199.0,466.0,243.0,16.0,207.0,5.0,5.0,0.0,0.0,0.0,0.0
2025/12/15,08:44:11,0,0.0,197.0,465.0,243.0,6.0,207.0,2.0,2.0,0.0,0.0,0.0,0.0
2025/12/15,08:44:16,0,0.0,192.0,465.0,243.0,9.0,208.0,1.0,2.0,0.0,0.0,0.0,0.0
2025/12/15,08:44:21,0,0.0,216.0,467.0,243.0,6.0,208.0,3.0,2.0,0.0,0.0,0.0,0.0
2025/12/15,08:44:26,0,0.0,194.0,467.0,243.0,4.0,207.0,0.0,1.0,0.0,0.0,0.0,0.0
2025/12/15,08:44:31,0,0.0,203.0,468.0,243.0,14.0,208.0,5.0,5.0,0.0,0.0,0.0,0.0
2025/12/15,08:44:36,0,0.0,188.0,466.0,242.0,0.0,208.0,0.0,0.0,0.0,0.0,0.0,0.0
2025/12/15,08:44:41,0,0.0,196.0,467.0,244.0,12.0,208.0,3.0,4.0,0.0,0.0,0.0,0.0
2025/12/15,08:44:46,0,0.0,193.0,465.0,243.0,4.0,207.0,2.0,2.0,0.0,0.0,0.0,0.0
2025/12/15,08:44:51,0,0.0,195.0,467.0,242.0,10.0,206.0,3.0,2.0,0.0,0.0,0.0,0.0
2025/12/15,08:44:56,0,0.0,202.0,468.0,243.0,5.0,207.0,3.0,2.0,0.0,0.0,0.0,0.0
2025/12/15,08:45:01,0,0.0,193.0,466.0,243.0,6.0,208.0,1.0,1.0,0.0,0.0,0.0,0.0
2025/12/15,08:45:06,0,0.0,207.0,467.0,243.0,10.0,207.0,3.0,2.0,0.0,0.0,0.0,0.0
2025/12/15,08:45:11,0,0.0,198.0,466.0,243.0,8.0,207.0,2.0,2.0,0.0,0.0,0.0,0.0
2025/12/15,08:45:16,0,0.0,205.0,467.0,243.0,13.0,208.0,6.0,4.0,0.0,0.0,0.0,0.0
2025/12/15,08:45:21,0,0.0,193.0,467.0,243.0,4.0,208.0,2.0,3.0,0.0,0.0,0.0,0.0
2025/12/15,08:45:26,0,0.0,194.0,466.0,243.0,12.0,207.0,2.0,3.0,0.0,0.0,0.0,0.0
2025/12/15,08:45:31,0,0.0,200.0,468.0,243.0,16.0,208.0,6.0,5.0,0.0,0.0,0.0,0.0
2025/12/15,08:45:36,0,0.0,216.0,467.0,242.0,8.0,206.0,4.0,3.0,0.0,0.0,0.0,0.0
2025/12/15,08:45:41,0,0.0,195.0,466.0,241.0,4.0,206.0,2.0,2.0,0.0,0.0,0.0,0.0
2025/12/15,08:45:46,0,0.0,193.0,466.0,243.0,5.0,207.0,0.0,0.0,0.0,0.0,0.0,0.0
2025/12/15,08:45:51,0,0.0,193.0,467.0,243.0,7.0,207.0,1.0,2.0,0.0,0.0,0.0,0.0
2025/12/15,08:45:56,0,0.0,198.0,468.0,243.0,15.0,208.0,4.0,5.0,0.0,0.0,0.0,0.0
2025/12/15,08:46:01,0,0.0,213.0,467.0,243.0,6.0,208.0,3.0,3.0,0.0,0.0,0.0,0.0
2025/12/15,08:46:06,0,1.0,202.0,467.0,243.0,5.0,206.0,3.0,2.0,0.0,0.0,0.0,0.0
2025/12/15,08:46:11,0,0.0,196.0,464.0,243.0,6.0,207.0,1.0,0.0,0.0,0.0,0.0,0.0
2025/12/15,08:46:16,0,0.0,202.0,468.0,243.0,13.0,208.0,4.0,4.0,0.0,0.0,0.0,0.0
2025/12/15,08:46:21,0,0.0,202.0,467.0,243.0,5.0,207.0,4.0,2.0,0.0,0.0,0.0,0.0
2025/12/15,08:46:26,0,0.0,194.0,466.0,243.0,8.0,206.0,2.0,2.0,0.0,0.0,0.0,0.0
2025/12/15,08:46:31,0,0.0,211.0,467.0,243.0,9.0,207.0,4.0,2.0,0.0,0.0,0.0,0.0
2025/12/15,08:46:36,0,0.0,195.0,466.0,243.0,8.0,207.0,2.0,2.0,0.0,0.0,0.0,0.0
2025/12/15,08:46:41,0,0.0,189.0,465.0,243.0,1.0,209.0,1.0,0.0,0.0,0.0,0.0,0.0
2025/12/15,08:46:46,0,0.0,204.0,467.0,243.0,15.0,208.0,5.0,5.0,0.0,0.0,0.0,0.0
2025/12/15,08:46:51,0,0.0,192.0,467.0,242.0,2.0,206.0,0.0,0.0,0.0,0.0,0.0,0.0
2025/12/15,08:46:56,0,0.0,201.0,467.0,243.0,16.0,207.0,6.0,5.0,0.0,0.0,0.0,0.0
2025/12/15,08:47:01,0,0.0,192.0,467.0,243.0,5.0,207.0,2.0,2.0,0.0,0.0,0.0,0.0
2025/12/15,08:47:06,0,0.0,191.0,465.0,243.0,7.0,208.0,2.0,1.0,0.0,0.0,0.0,0.0
2025/12/15,08:47:11,0,0.0,211.0,467.0,243.0,8.0,208.0,4.0,3.0,0.0,0.0,0.0,0.0
2025/12/15,08:47:16,0,0.0,188.0,467.0,244.0,1.0,206.0,2.0,0.0,0.0,0.0,0.0,0.0
2025/12/15,08:47:21,0,0.0,195.0,467.0,242.0,8.0,206.0,2.0,2.0,0.0,0.0,0.0,0.0
2025/12/15,08:47:26,0,0.0,197.0,466.0,243.0,14.0,208.0,5.0,4.0,0.0,0.0,0.0,0.0
2025/12/15,08:47:31,0,0.0,211.0,467.0,243.0,8.0,207.0,4.0,3.0,0.0,0.0,0.0,0.0
2025/12/15,08:47:36,0,0.0,195.0,465.0,243.0,4.0,208.0,1.0,1.0,0.0,0.0,0.0,0.0
2025/12/15,08:47:41,0,0.0,198.0,466.0,243.0,7.0,207.0,1.0,0.0,0.0,0.0,0.0,0.0
2025/12/15,08:47:46,0,0.0,196.0,467.0,243.0,10.0,207.0,2.0,3.0,0.0,0.0,0.0,0.0
2025/12/15,08:47:51,0,0.0,207.0,466.0,243.0,9.0,208.0,4.0,3.0,0.0,0.0,0.0,0.0
2025/12/15,08:47:56,0,0.0,197.0,467.0,243.0,3.0,208.0,3.0,2.0,0.0,0.0,0.0,0.0
2025/12/15,08:48:01,0,0.0,199.0,466.0,243.0,8.0,206.0,2.0,1.0,0.0,0.0,0.0,0.0
2025/12/15,08:48:06,0,0.0,201.0,468.0,241.0,16.0,206.0,6.0,5.0,0.0,0.0,0.0,0.0
2025/12/15,08:48:11,0,0.0,205.0,468.0,243.0,8.0,208.0,3.0,3.0,0.0,0.0,0.0,0.0
2025/12/15,08:48:16,0,0.0,196.0,466.0,242.0,5.0,206.0,0.0,1.0,0.0,0.0,0.0,0.0
2025/12/15,08:48:21,0,0.0,200.0,468.0,243.0,16.0,208.0,6.0,5.0,0.0,0.0,0.0,0.0
2025/12/15,08:48:26,0,0.0,203.0,467.0,243.0,6.0,207.0,4.0,3.0,0.0,0.0,0.0,0.0
2025/12/15,08:48:31,0,0.0,198.0,466.0,243.0,8.0,208.0,2.0,2.0,0.0,0.0,0.0,0.0
2025/12/15,08:48:36,0,0.0,207.0,467.0,243.0,14.0,207.0,5.0,4.0,0.0,0.0,0.0,0.0
2025/12/15,08:48:41,0,0.0,187.0,465.0,243.0,0.0,207.0,0.0,0.0,0.0,0.0,0.0,0.0
2025/12/15,08:48:46,0,0.0,197.0,467.0,243.0,11.0,207.0,4.0,3.0,0.0,0.0,0.0,0.0
2025/12/15,08:48:51,0,0.0,199.0,468.0,243.0,7.0,207.0,4.0,2.0,0.0,0.0,0.0,0.0
2025/12/15,08:48:56,0,0.0,196.0,467.0,243.0,10.0,207.0,3.0,3.0,0.0,0.0,0.0,0.0
2025/12/15,08:49:01,0,0.0,192.0,467.0,243.0,4.0,207.0,2.0,1.0,0.0,0.0,0.0,0.0
2025/12/15,08:49:06,0,0.0,196.0,467.0,243.0,7.0,207.0,3.0,2.0,0.0,0.0,0.0,0.0
2025/12/15,08:49:11,0,0.0,208.0,466.0,242.0,7.0,207.0,4.0,2.0,0.0,0.0,0.0,0.0
2025/12/15,08:49:16,0,0.0,198.0,466.0,243.0,7.0,207.0,1.0,1.0,0.0,0.0,0.0,0.0
2025/12/15,08:49:21,0,0.0,204.0,467.0,241.0,13.0,206.0,5.0,4.0,0.0,0.0,0.0,0.0
2025/12/15,08:49:26,0,0.0,187.0,466.0,243.0,0.0,208.0,0.0,0.0,0.0,0.0,0.0,0.0
2025/12/15,08:49:31,0,0.0,197.0,467.0,242.0,11.0,207.0,4.0,4.0,0.0,0.0,0.0,0.0
2025/12/15,08:49:36,0,0.0,190.0,467.0,243.0,1.0,208.0,0.0,1.0,0.0,0.0,0.0,0.0
2025/12/15,08:49:41,0,0.0,199.0,467.0,242.0,17.0,207.0,6.0,5.0,0.0,0.0,0.0,0.0
2025/12/15,08:49:46,0,0.0,190.0,466.0,243.0,1.0,207.0,0.0,0.0,0.0,0.0,0.0,0.0
2025/12/15,08:49:51,0,0.0,201.0,468.0,241.0,14.0,206.0,6.0,5.0,0.0,0.0,0.0,0.0
2025/12/15,08:49:56,0,0.0,190.0,466.0,243.0,2.0,208.0,0.0,0.0,0.0,0.0,0.0,0.0
2025/12/15,08:50:01,0,0.0,209.0,466.0,243.0,11.0,207.0,5.0,3.0,0.0,0.0,0.0,0.0
2025/12/15,08:50:06,0,0.0,199.0,466.0,243.0,7.0,208.0,1.0,2.0,0.0,0.0,0.0,0.0
2025/12/15,08:50:11,0,0.0,210.0,466.0,244.0,8.0,208.0,3.0,2.0,0.0,0.0,0.0,0.0
2025/12/15,08:50:16,0,0.0,193.0,467.0,243.0,8.0,207.0,2.0,2.0,0.0,0.0,0.0,0.0
2025/12/15,08:50:21,0,0.0,197.0,466.0,244.0,6.0,208.0,2.0,2.0,0.0,0.0,0.0,0.0
2025/12/15,08:50:26,0,0.0,197.0,468.0,241.0,14.0,207.0,5.0,4.0,0.0,0.0,0.0,0.0
2025/12/15,08:50:31,0,0.0,190.0,464.0,243.0,1.0,208.0,0.0,0.0,0.0,0.0,0.0,0.0
2025/12/15,08:50:36,0,0.0,213.0,467.0,243.0,7.0,207.0,4.0,2.0,0.0,0.0,0.0,0.0
2025/12/15,08:50:41,0,0.0,194.0,466.0,243.0,10.0,208.0,3.0,2.0,0.0,0.0,0.0,0.0
2025/12/15,08:50:46,0,0.0,198.0,466.0,242.0,6.0,208.0,1.0,1.0,0.0,0.0,0.0,0.0
2025/12/15,08:50:51,0,0.0,189.0,466.0,243.0,1.0,207.0,1.0,1.0,0.0,0.0,0.0,0.0
2025/12/15,08:50:56,0,0.0,208.0,466.0,243.0,6.0,208.0,3.0,2.0,0.0,0.0,0.0,0.0
2025/12/15,08:51:01,0,0.0,205.0,467.0,243.0,13.0,205.0,5.0,5.0,0.0,0.0,0.0,0.0
2025/12/15,08:51:06,0,0.0,195.0,467.0,243.0,9.0,207.0,3.0,2.0,0.0,0.0,0.0,0.0
2025/12/15,08:51:11,0,0.0,198.0,466.0,243.0,9.0,208.0,1.0,2.0,0.0,0.0,0.0,0.0
2025/12/15,08:51:16,0,0.0,186.0,463.0,243.0,0.0,208.0,0.0,0.0,0.0,0.0,0.0,0.0
2025/12/15,08:51:21,0,0.0,207.0,465.0,243.0,6.0,208.0,3.0,2.0,0.0,0.0,0.0,0.0
2025/12/15,08:51:52,0,0.0,207.0,467.0,243.0,15.0,207.0,6.0,4.0,0.0,0.0,0.0,0.0
2025/12/15,08:51:55,0,0.0,204.0,467.0,243.0,6.0,207.0,3.0,3.0,0.0,0.0,0.0,0.0
2025/12/15,08:52:00,0,0.0,186.0,467.0,244.0,0.0,207.0,0.0,0.0,0.0,0.0,0.0,0.0
2025/12/15,08:52:05,0,0.0,196.0,464.0,243.0,9.0,208.0,1.0,2.0,0.0,0.0,0.0,0.0
2025/12/15,08:52:10,0,0.0,195.0,465.0,243.0,10.0,208.0,1.0,2.0,0.0,0.0,0.0,0.0
2025/12/15,08:52:15,0,0.0,199.0,465.0,243.0,17.0,207.0,5.0,5.0,0.0,0.0,0.0,0.0
2025/12/15,08:52:20,0,0.0,213.0,467.0,243.0,10.0,206.0,4.0,3.0,0.0,0.0,0.0,0.0
2025/12/15,08:52:25,0,0.0,205.0,467.0,243.0,7.0,205.0,3.0,3.0,0.0,0.0,0.0,0.0
2025/12/15,08:52:30,0,0.0,188.0,465.0,243.0,3.0,208.0,1.0,2.0,0.0,0.0,0.0,0.0
2025/12/15,08:52:35,0,0.0,189.0,467.0,243.0,0.0,207.0,0.0,0.0,0.0,0.0,0.0,0.0
2025/12/15,08:52:40,0,0.0,195.0,467.0,243.0,4.0,207.0,0.0,1.0,0.0,0.0,0.0,0.0
2025/12/15,08:52:45,0,0.0,198.0,466.0,244.0,9.0,207.0,1.0,1.0,0.0,0.0,0.0,0.0
2025/12/15,08:52:50,0,0.0,198.0,466.0,243.0,8.0,207.0,1.0,1.0,0.0,0.0,0.0,0.0
2025/12/15,08:52:55,0,0.0,192.0,466.0,243.0,2.0,208.0,0.0,0.0,0.0,0.0,0.0,0.0
2025/12/15,08:53:00,0,0.0,199.0,468.0,243.0,6.0,207.0,3.0,2.0,0.0,0.0,0.0,0.0
2025/12/15,08:53:05,0,0.0,206.0,467.0,241.0,11.0,206.0,6.0,4.0,0.0,0.0,0.0,0.0
2025/12/15,08:53:10,0,0.0,190.0,466.0,243.0,9.0,207.0,2.0,2.0,0.0,0.0,0.0,0.0
2025/12/15,08:53:15,0,0.0,192.0,467.0,244.0,4.0,207.0,2.0,1.0,0.0,0.0,0.0,0.0
2025/12/15,08:53:20,0,0.0,209.0,467.0,243.0,10.0,208.0,4.0,4.0,0.0,0.0,0.0,0.0
2025/12/15,08:53:25,0,0.0,191.0,466.0,243.0,9.0,208.0,2.0,2.0,0.0,0.0,0.0,0.0
2025/12/15,08:53:30,0,0.0,195.0,465.0,244.0,8.0,207.0,3.0,2.0,0.0,0.0,0.0,0.0
2025/12/15,08:53:35,0,0.0,200.0,468.0,244.0,16.0,207.0,6.0,5.0,0.0,0.0,0.0,0.0
2025/12/15,08:53:40,0,0.0,191.0,466.0,244.0,1.0,207.0,0.0,0.0,0.0,0.0,0.0,0.0
2025/12/15,08:53:45,0,0.0,201.0,467.0,243.0,15.0,207.0,6.0,5.0,0.0,0.0,0.0,0.0
2025/12/15,08:53:50,0,0.0,191.0,466.0,241.0,0.0,208.0,0.0,0.0,0.0,0.0,0.0,0.0
2025/12/15,08:53:55,0,0.0,202.0,468.0,243.0,14.0,207.0,6.0,5.0,0.0,0.0,0.0,0.0
2025/12/15,08:54:00,0,0.0,197.0,464.0,244.0,8.0,207.0,1.0,1.0,0.0,0.0,0.0,0.0
2025/12/15,08:54:05,0,0.0,203.0,467.0,244.0,8.0,207.0,3.0,2.0,0.0,0.0,0.0,0.0
2025/12/15,08:54:10,0,0.0,201.0,467.0,243.0,15.0,207.0,6.0,5.0,0.0,0.0,0.0,0.0
2025/12/15,08:54:15,0,0.0,190.0,466.0,243.0,6.0,208.0,2.0,2.0,0.0,0.0,0.0,0.0
2025/12/15,08:54:20,0,0.0,189.0,465.0,243.0,0.0,208.0,0.0,0.0,0.0,0.0,0.0,0.0
2025/12/15,08:54:25,0,0.0,205.0,467.0,243.0,8.0,207.0,3.0,2.0,0.0,0.0,0.0,0.0
2025/12/15,08:54:30,0,0.0,201.0,467.0,243.0,16.0,207.0,6.0,5.0,0.0,0.0,0.0,0.0
2025/12/15,08:54:35,0,0.0,191.0,464.0,244.0,8.0,207.0,1.0,2.0,0.0,0.0,0.0,0.0
2025/12/15,08:54:40,0,0.0,190.0,465.0,243.0,2.0,208.0,0.0,0.0,0.0,0.0,0.0,0.0
2025/12/15,08:54:45,0,0.0,204.0,468.0,243.0,7.0,207.0,3.0,3.0,0.0,0.0,0.0,0.0
2025/12/15,08:54:50,0,0.0,205.0,465.0,243.0,15.0,208.0,6.0,4.0,0.0,0.0,0.0,0.0
2025/12/15,08:54:55,0,0.0,191.0,465.0,243.0,10.0,208.0,2.0,2.0,0.0,0.0,0.0,0.0
2025/12/15,08:55:00,0,0.0,186.0,466.0,243.0,0.0,208.0,0.0,0.0,0.0,0.0,0.0,0.0
2025/12/15,08:55:05,0,0.0,213.0,468.0,242.0,7.0,206.0,4.0,2.0,0.0,0.0,0.0,0.0
2025/12/15,08:55:10,0,0.0,200.0,468.0,244.0,17.0,208.0,6.0,5.0,0.0,0.0,0.0,0.0
2025/12/15,08:55:15,0,0.0,195.0,467.0,243.0,9.0,208.0,3.0,3.0,0.0,0.0,0.0,0.0
2025/12/15,08:55:20,0,0.0,197.0,468.0,243.0,13.0,207.0,5.0,4.0,0.0,0.0,0.0,0.0
2025/12/15,08:55:25,0,0.0,209.0,467.0,244.0,12.0,208.0,5.0,4.0,0.0,0.0,0.0,0.0
2025/12/15,08:55:30,0,0.0,198.0,467.0,243.0,6.0,207.0,3.0,2.0,0.0,0.0,0.0,0.0
2025/12/15,08:55:35,0,0.0,192.0,464.0,243.0,3.0,208.0,0.0,0.0,0.0,0.0,0.0,0.0
2025/12/15,08:55:40,0,0.0,195.0,466.0,244.0,9.0,207.0,2.0,2.0,0.0,0.0,0.0,0.0
2025/12/15,08:55:45,0,0.0,206.0,468.0,244.0,14.0,208.0,6.0,5.0,0.0,0.0,0.0,0.0
2025/12/15,08:55:50,0,0.0,204.0,467.0,242.0,8.0,207.0,3.0,3.0,0.0,0.0,0.0,0.0
2025/12/15,08:55:55,0,0.0,192.0,467.0,244.0,4.0,206.0,0.0,0.0,0.0,0.0,0.0,0.0
2025/12/15,08:56:00,0,0.0,194.0,467.0,243.0,7.0,208.0,2.0,3.0,0.0,0.0,0.0,0.0
2025/12/15,08:56:05,0,0.0,209.0,466.0,243.0,11.0,207.0,5.0,3.0,0.0,0.0,0.0,0.0
2025/12/15,08:56:10,0,0.0,199.0,467.0,243.0,8.0,208.0,3.0,2.0,0.0,0.0,0.0,0.0
2025/12/15,08:56:15,0,0.0,194.0,464.0,243.0,4.0,207.0,0.0,0.0,0.0,0.0,0.0,0.0
2025/12/15,08:56:20,0,0.0,193.0,466.0,244.0,7.0,207.0,1.0,2.0,0.0,0.0,0.0,0.0
2025/12/15,08:56:25,0,0.0,196.0,467.0,244.0,8.0,208.0,1.0,2.0,0.0,0.0,0.0,0.0
2025/12/15,08:56:30,0,0.0,196.0,467.0,242.0,10.0,207.0,2.0,2.0,0.0,0.0,0.0,0.0
2025/12/15,08:56:35,0,0.0,196.0,468.0,244.0,9.0,207.0,4.0,3.0,0.0,0.0,0.0,0.0
2025/12/15,08:56:40,0,0.0,197.0,467.0,243.0,14.0,208.0,3.0,4.0,0.0,0.0,0.0,0.0
2025/12/15,08:56:45,0,0.0,201.0,468.0,243.0,16.0,208.0,6.0,5.0,0.0,0.0,0.0,0.0
2025/12/15,08:56:50,0,0.0,203.0,465.0,243.0,13.0,206.0,6.0,4.0,0.0,0.0,0.0,0.0
2025/12/15,08:56:55,0,0.0,202.0,468.0,245.0,15.0,207.0,6.0,5.0,0.0,0.0,0.0,0.0
2025/12/15,08:57:00,0,0.0,198.0,467.0,244.0,12.0,208.0,3.0,4.0,0.0,0.0,0.0,0.0
2025/12/15,08:57:05,0,0.0,194.0,466.0,243.0,9.0,208.0,3.0,3.0,0.0,0.0,0.0,0.0
2025/12/15,08:57:10,0,0.0,194.0,467.0,243.0,7.0,208.0,2.0,3.0,0.0,0.0,0.0,0.0
2025/12/15,08:57:15,0,0.0,194.0,467.0,243.0,7.0,207.0,3.0,2.0,0.0,0.0,0.0,0.0
2025/12/15,08:57:20,0,0.0,196.0,467.0,243.0,7.0,208.0,2.0,3.0,0.0,0.0,0.0,0.0
2025/12/15,08:57:25,0,0.0,194.0,466.0,243.0,9.0,206.0,2.0,2.0,0.0,0.0,0.0,0.0
2025/12/15,08:57:30,0,0.0,191.0,466.0,243.0,8.0,208.0,2.0,2.0,0.0,0.0,0.0,0.0
2025/12/15,08:57:35,0,0.0,195.0,467.0,244.0,8.0,208.0,2.0,2.0,0.0,0.0,0.0,0.0
2025/12/15,08:57:40,0,0.0,195.0,467.0,243.0,7.0,208.0,1.0,2.0,0.0,0.0,0.0,0.0
2025/12/15,08:57:45,0,0.0,194.0,467.0,244.0,8.0,208.0,1.0,2.0,0.0,0.0,0.0,0.0
2025/12/15,08:57:50,0,0.0,198.0,465.0,244.0,11.0,207.0,3.0,3.0,0.0,0.0,0.0,0.0
2025/12/15,08:57:55,0,0.0,194.0,466.0,242.0,6.0,206.0,2.0,3.0,0.0,0.0,0.0,0.0
2025/12/15,08:58:00,0,0.0,198.0,465.0,244.0,6.0,208.0,3.0,2.0,0.0,0.0,0.0,0.0
2025/12/15,08:58:05,0,0.0,196.0,468.0,245.0,8.0,207.0,2.0,3.0,0.0,0.0,0.0,0.0
2025/12/15,08:58:10,0,0.0,197.0,467.0,243.0,6.0,208.0,3.0,2.0,0.0,0.0,0.0,0.0
2025/12/15,08:58:15,0,0.0,196.0,467.0,243.0,8.0,208.0,3.0,3.0,0.0,0.0,0.0,0.0
2025/12/15,08:58:20,0,0.0,190.0,465.0,243.0,1.0,208.0,0.0,0.0,0.0,0.0,0.0,0.0
2025/12/15,08:58:25,0,0.0,217.0,468.0,241.0,7.0,207.0,4.0,2.0,0.0,0.0,0.0,0.0
2025/12/15,08:58:30,0,0.0,196.0,466.0,244.0,9.0,207.0,1.0,2.0,0.0,0.0,0.0,0.0
2025/12/15,08:58:35,0,0.0,190.0,465.0,244.0,0.0,208.0,0.0,0.0,0.0,0.0,0.0,0.0
2025/12/15,08:58:40,0,0.0,212.0,468.0,243.0,8.0,208.0,4.0,3.0,0.0,0.0,0.0,0.0
2025/12/15,08:58:45,0,0.0,196.0,467.0,243.0,6.0,207.0,2.0,2.0,0.0,0.0,0.0,0.0
2025/12/15,08:58:50,0,0.0,190.0,464.0,243.0,4.0,206.0,1.0,0.0,0.0,0.0,0.0,0.0
2025/12/15,08:58:55,0,0.0,206.0,467.0,244.0,7.0,207.0,3.0,2.0,0.0,0.0,0.0,0.0
2025/12/15,08:59:00,0,0.0,196.0,468.0,243.0,11.0,208.0,3.0,4.0,0.0,0.0,0.0,0.0
2025/12/15,08:59:05,0,0.0,192.0,465.0,243.0,4.0,208.0,0.0,1.0,0.0,0.0,0.0,0.0
2025/12/15,08:59:10,0,0.0,210.0,467.0,244.0,8.0,207.0,3.0,2.0,0.0,0.0,0.0,0.0
2025/12/15,08:59:15,0,0.0,196.0,467.0,242.0,8.0,207.0,2.0,2.0,0.0,0.0,0.0,0.0
2025/12/15,08:59:20,0,0.0,190.0,467.0,243.0,1.0,208.0,1.0,1.0,0.0,0.0,0.0,0.0
2025/12/15,08:59:25,0,0.0,213.0,468.0,244.0,8.0,207.0,4.0,2.0,0.0,0.0,0.0,0.0
2025/12/15,08:59:30,0,0.0,202.0,469.0,244.0,13.0,207.0,6.0,4.0,0.0,0.0,0.0,0.0
2025/12/15,08:59:35,0,0.0,210.0,467.0,244.0,11.0,208.0,4.0,4.0,0.0,0.0,0.0,0.0
2025/12/15,08:59:40,0,0.0,202.0,468.0,244.0,8.0,207.0,4.0,2.0,0.0,0.0,0.0,0.0
2025/12/15,08:59:45,0,0.0,192.0,466.0,244.0,8.0,208.0,1.0,3.0,0.0,0.0,0.0,0.0
2025/12/15,08:59:50,0,0.0,212.0,466.0,243.0,10.0,207.0,4.0,3.0,0.0,0.0,0.0,0.0
2025/12/15,08:59:55,0,0.0,194.0,466.0,242.0,5.0,207.0,0.0,0.0,0.0,0.0,0.0,0.0
2025/12/15,09:00:00,0,0.0,206.0,467.0,243.0,11.0,208.0,5.0,4.0,0.0,0.0,0.0,0.0
2025/12/15,09:00:05,0,0.0,198.0,467.0,243.0,6.0,206.0,1.0,1.0,0.0,0.0,0.0,0.0
2025/12/15,09:00:10,0,0.0,211.0,467.0,244.0,8.0,208.0,3.0,2.0,0.0,0.0,0.0,0.0
2025/12/15,09:00:15,0,0.0,192.0,465.0,243.0,8.0,207.0,2.0,2.0,0.0,0.0,0.0,0.0
2025/12/15,09:00:20,0,0.0,209.0,467.0,244.0,5.0,207.0,4.0,2.0,0.0,0.0,0.0,0.0
2025/12/15,09:00:25,0,0.0,197.0,467.0,244.0,7.0,208.0,1.0,2.0,0.0,0.0,0.0,0.0
2025/12/15,09:00:30,0,0.0,206.0,467.0,243.0,12.0,207.0,4.0,4.0,0.0,0.0,0.0,0.0
2025/12/15,09:00:35,0,0.0,191.0,466.0,243.0,2.0,206.0,0.0,0.0,0.0,0.0,0.0,0.0
2025/12/15,09:00:40,0,0.0,203.0,467.0,244.0,14.0,208.0,6.0,5.0,0.0,0.0,0.0,0.0
2025/12/15,09:00:45,0,0.0,193.0,466.0,242.0,5.0,207.0,2.0,2.0,0.0,0.0,0.0,0.0
2025/12/15,09:00:50,0,0.0,190.0,466.0,244.0,1.0,208.0,0.0,0.0,0.0,0.0,0.0,0.0
2025/12/15,09:00:55,0,0.0,208.0,467.0,244.0,7.0,208.0,2.0,3.0,0.0,0.0,0.0,0.0
2025/12/15,09:01:00,0,0.0,192.0,465.0,243.0,8.0,208.0,1.0,1.0,0.0,0.0,0.0,0.0
2025/12/15,09:01:05,0,0.0,214.0,467.0,243.0,8.0,207.0,3.0,3.0,0.0,0.0,0.0,0.0
2025/12/15,09:01:10,0,0.0,198.0,466.0,243.0,8.0,207.0,1.0,1.0,0.0,0.0,0.0,0.0
2025/12/15,09:01:15,0,0.0,216.0,467.0,245.0,6.0,207.0,3.0,2.0,0.0,0.0,0.0,0.0
2025/12/15,09:01:20,0,0.0,193.0,467.0,243.0,6.0,207.0,1.0,1.0,0.0,0.0,0.0,0.0
2025/12/15,09:01:25,0,0.0,199.0,467.0,241.0,6.0,207.0,2.0,2.0,0.0,0.0,0.0,0.0
2025/12/15,09:01:30,0,0.0,195.0,467.0,243.0,8.0,206.0,2.0,2.0,0.0,0.0,0.0,0.0
2025/12/15,09:01:59,0,0.0,200.0,467.0,243.0,8.0,208.0,1.0,1.0,0.0,0.0,0.0,0.0
2025/12/15,09:02:04,0,0.0,192.0,467.0,244.0,4.0,207.0,0.0,0.0,0.0,0.0,0.0,0.0
2025/12/15,09:02:09,0,0.0,197.0,467.0,244.0,12.0,208.0,5.0,4.0,0.0,0.0,0.0,0.0
2025/12/15,09:02:14,0,0.0,205.0,467.0,244.0,7.0,208.0,3.0,2.0,0.0,0.0,0.0,0.0
2025/12/15,09:02:19,0,0.0,199.0,466.0,244.0,9.0,208.0,1.0,1.0,0.0,0.0,0.0,0.0
2025/12/15,09:02:24,0,0.0,197.0,466.0,244.0,15.0,208.0,4.0,4.0,0.0,0.0,0.0,0.0
2025/12/15,09:02:29,0,0.0,211.0,466.0,244.0,9.0,208.0,4.0,3.0,0.0,0.0,0.0,0.0
2025/12/15,09:02:34,0,0.0,216.0,467.0,244.0,7.0,208.0,3.0,3.0,0.0,0.0,0.0,0.0
2025/12/15,09:02:39,0,0.0,210.0,468.0,244.0,5.0,208.0,3.0,2.0,0.0,0.0,0.0,0.0
2025/12/15,09:02:44,0,0.0,201.0,467.0,243.0,7.0,207.0,3.0,3.0,0.0,0.0,0.0,0.0
2025/12/15,09:02:49,0,0.0,191.0,467.0,244.0,2.0,207.0,0.0,0.0,0.0,0.0,0.0,0.0
2025/12/15,09:02:54,0,0.0,192.0,465.0,244.0,7.0,207.0,1.0,2.0,0.0,0.0,0.0,0.0
2025/12/15,09:02:59,0,0.0,195.0,467.0,243.0,13.0,206.0,3.0,3.0,0.0,0.0,0.0,0.0
2025/12/15,09:03:04,0,0.0,204.0,467.0,243.0,13.0,207.0,6.0,5.0,0.0,0.0,0.0,0.0
2025/12/15,09:03:09,0,0.0,208.0,466.0,244.0,11.0,207.0,5.0,3.0,0.0,0.0,0.0,0.0
2025/12/15,09:03:14,0,0.0,208.0,468.0,243.0,11.0,207.0,5.0,4.0,0.0,0.0,0.0,0.0
2025/12/15,09:03:19,0,0.0,201.0,468.0,244.0,13.0,208.0,6.0,5.0,0.0,0.0,0.0,0.0
2025/12/15,09:03:24,0,0.0,195.0,467.0,244.0,9.0,208.0,1.0,2.0,0.0,0.0,0.0,0.0
2025/12/15,09:03:29,0,0.0,196.0,465.0,243.0,5.0,207.0,0.0,1.0,0.0,0.0,0.0,0.0
2025/12/15,09:03:34,0,0.0,206.0,467.0,241.0,8.0,207.0,4.0,3.0,0.0,0.0,0.0,0.0
2025/12/15,09:03:39,0,0.0,205.0,467.0,244.0,13.0,208.0,5.0,5.0,0.0,0.0,0.0,0.0
2025/12/15,09:03:44,0,0.0,193.0,465.0,244.0,8.0,208.0,1.0,2.0,0.0,0.0,0.0,0.0
2025/12/15,09:03:49,0,0.0,193.0,467.0,244.0,2.0,207.0,0.0,0.0,0.0,0.0,0.0,0.0
2025/12/15,09:03:54,0,0.0,198.0,467.0,244.0,7.0,208.0,2.0,2.0,0.0,0.0,0.0,0.0
2025/12/15,09:03:59,0,0.0,210.0,465.0,244.0,12.0,207.0,3.0,2.0,0.0,0.0,0.0,0.0
2025/12/15,09:04:04,0,0.0,204.0,466.0,243.0,14.0,207.0,6.0,4.0,0.0,0.0,0.0,0.0
2025/12/15,09:04:09,0,0.0,193.0,467.0,244.0,8.0,208.0,2.0,2.0,0.0,0.0,0.0,0.0
2025/12/15,09:04:14,0,0.0,192.0,466.0,244.0,2.0,208.0,0.0,0.0,0.0,0.0,0.0,0.0
2025/12/15,09:04:19,0,0.0,205.0,467.0,243.0,8.0,207.0,3.0,3.0,0.0,0.0,0.0,0.0
2025/12/15,09:04:24,0,0.0,208.0,467.0,244.0,11.0,208.0,5.0,4.0,0.0,0.0,0.0,0.0
2025/12/15,09:04:29,0,0.0,196.0,468.0,242.0,11.0,206.0,3.0,3.0,0.0,0.0,0.0,0.0
2025/12/15,09:04:34,0,0.0,198.0,466.0,243.0,7.0,207.0,1.0,1.0,0.0,0.0,0.0,0.0
2025/12/15,09:04:39,0,0.0,190.0,467.0,243.0,5.0,208.0,0.0,1.0,0.0,0.0,0.0,0.0
2025/12/15,09:04:44,0,1.0,212.0,467.0,244.0,7.0,208.0,3.0,3.0,0.0,0.0,0.0,0.0
2025/12/15,09:04:49,0,0.0,204.0,468.0,243.0,14.0,208.0,5.0,5.0,0.0,0.0,0.0,0.0
2025/12/15,09:04:54,0,0.0,197.0,467.0,244.0,12.0,209.0,2.0,3.0,0.0,0.0,0.0,0.0
2025/12/15,09:04:59,0,0.0,191.0,466.0,244.0,7.0,208.0,1.0,2.0,0.0,0.0,0.0,0.0
2025/12/15,09:05:04,0,0.0,200.0,467.0,244.0,10.0,208.0,1.0,2.0,0.0,0.0,0.0,0.0
2025/12/15,09:05:09,0,0.0,196.0,467.0,242.0,7.0,207.0,0.0,1.0,0.0,0.0,0.0,0.0
2025/12/15,09:05:14,0,0.0,192.0,466.0,244.0,3.0,208.0,0.0,0.0,0.0,0.0,0.0,0.0
2025/12/15,09:05:19,0,0.0,188.0,466.0,243.0,1.0,208.0,0.0,0.0,0.0,0.0,0.0,0.0
2025/12/15,09:05:24,0,0.0,201.0,467.0,242.0,4.0,206.0,3.0,3.0,0.0,0.0,0.0,0.0
2025/12/15,09:05:29,0,0.0,214.0,468.0,244.0,7.0,207.0,4.0,2.0,0.0,0.0,0.0,0.0
2025/12/15,09:05:34,0,0.0,205.0,467.0,243.0,13.0,207.0,6.0,5.0,0.0,0.0,0.0,0.0
2025/12/15,09:05:39,0,0.0,195.0,467.0,243.0,12.0,208.0,3.0,3.0,0.0,0.0,0.0,0.0
2025/12/15,09:05:44,0,0.0,194.0,464.0,244.0,8.0,208.0,1.0,2.0,0.0,0.0,0.0,0.0
2025/12/15,09:05:49,0,0.0,193.0,465.0,244.0,9.0,207.0,0.0,2.0,0.0,0.0,0.0,0.0
2025/12/15,09:05:54,0,0.0,198.0,467.0,243.0,8.0,208.0,1.0,2.0,0.0,0.0,0.0,0.0
2025/12/15,09:05:59,0,0.0,197.0,467.0,244.0,8.0,208.0,0.0,1.0,0.0,0.0,0.0,0.0
2025/12/15,09:06:04,0,0.0,199.0,466.0,243.0,7.0,209.0,1.0,1.0,0.0,0.0,0.0,0.0
2025/12/15,09:06:09,0,0.0,197.0,466.0,243.0,6.0,207.0,0.0,1.0,0.0,0.0,0.0,0.0
2025/12/15,09:06:14,0,0.0,192.0,463.0,243.0,4.0,209.0,0.0,0.0,0.0,0.0,0.0,0.0
2025/12/15,09:06:19,0,0.0,192.0,465.0,244.0,3.0,208.0,0.0,0.0,0.0,0.0,0.0,0.0
2025/12/15,09:06:24,0,0.0,194.0,467.0,243.0,6.0,207.0,0.0,0.0,0.0,0.0,0.0,0.0
2025/12/15,09:06:29,0,0.0,197.0,466.0,243.0,8.0,208.0,1.0,2.0,0.0,0.0,0.0,0.0
2025/12/15,09:06:34,0,0.0,196.0,466.0,243.0,9.0,208.0,1.0,2.0,0.0,0.0,0.0,0.0
2025/12/15,09:06:39,0,0.0,196.0,467.0,244.0,7.0,207.0,1.0,1.0,0.0,0.0,0.0,0.0
2025/12/15,09:06:44,0,0.0,196.0,466.0,243.0,8.0,208.0,0.0,1.0,0.0,0.0,0.0,0.0
2025/12/15,09:06:49,0,0.0,188.0,467.0,244.0,1.0,207.0,0.0,0.0,0.0,0.0,0.0,0.0
2025/12/15,09:06:54,0,0.0,195.0,466.0,243.0,6.0,209.0,2.0,2.0,0.0,0.0,0.0,0.0
2025/12/15,09:06:59,0,0.0,206.0,467.0,244.0,9.0,208.0,3.0,2.0,0.0,0.0,0.0,0.0
2025/12/15,09:07:04,0,0.0,207.0,465.0,244.0,10.0,207.0,3.0,3.0,0.0,0.0,0.0,0.0
2025/12/15,09:07:09,0,0.0,199.0,468.0,243.0,7.0,208.0,2.0,3.0,0.0,0.0,0.0,0.0
2025/12/15,09:07:14,0,0.0,190.0,466.0,243.0,0.0,207.0,0.0,0.0,0.0,0.0,0.0,0.0
2025/12/15,09:07:19,0,0.0,197.0,465.0,244.0,6.0,208.0,0.0,1.0,0.0,0.0,0.0,0.0
2025/12/15,09:07:24,0,0.0,200.0,466.0,244.0,9.0,208.0,2.0,2.0,0.0,0.0,0.0,0.0
2025/12/15,09:07:29,0,0.0,193.0,466.0,242.0,8.0,207.0,2.0,2.0,0.0,0.0,0.0,0.0
2025/12/15,09:07:34,0,0.0,199.0,467.0,244.0,18.0,209.0,6.0,4.0,0.0,0.0,0.0,0.0
2025/12/15,09:07:39,0,0.0,215.0,468.0,244.0,6.0,207.0,4.0,3.0,0.0,0.0,0.0,0.0
2025/12/15,09:07:44,0,0.0,193.0,466.0,242.0,3.0,206.0,2.0,1.0,0.0,0.0,0.0,0.0
2025/12/15,09:07:49,0,0.0,197.0,467.0,244.0,8.0,208.0,0.0,1.0,0.0,0.0,0.0,0.0
2025/12/15,09:07:54,0,0.0,194.0,467.0,244.0,9.0,208.0,1.0,2.0,0.0,0.0,0.0,0.0
2025/12/15,09:07:59,0,0.0,205.0,467.0,244.0,13.0,208.0,5.0,4.0,0.0,0.0,0.0,0.0
2025/12/15,09:08:04,0,0.0,207.0,466.0,244.0,7.0,208.0,3.0,3.0,0.0,0.0,0.0,0.0
2025/12/15,09:08:09,0,0.0,190.0,467.0,244.0,1.0,208.0,0.0,0.0,0.0,0.0,0.0,0.0
2025/12/15,09:08:14,0,0.0,194.0,467.0,244.0,10.0,208.0,1.0,2.0,0.0,0.0,0.0,0.0
2025/12/15,09:08:19,0,0.0,215.0,468.0,242.0,6.0,208.0,3.0,2.0,0.0,0.0,0.0,0.0
2025/12/15,09:08:24,0,0.0,190.0,465.0,244.0,2.0,207.0,0.0,0.0,0.0,0.0,0.0,0.0
2025/12/15,09:08:29,0,0.0,199.0,468.0,244.0,15.0,208.0,5.0,4.0,0.0,0.0,0.0,0.0
2025/12/15,09:08:34,0,0.0,188.0,466.0,242.0,2.0,208.0,0.0,1.0,0.0,0.0,0.0,0.0
2025/12/15,09:08:39,0,0.0,195.0,466.0,243.0,11.0,208.0,3.0,4.0,0.0,0.0,0.0,0.0
2025/12/15,09:08:44,0,0.0,207.0,466.0,243.0,11.0,208.0,3.0,2.0,0.0,0.0,0.0,0.0
2025/12/15,09:08:49,0,0.0,196.0,466.0,242.0,5.0,207.0,1.0,1.0,0.0,0.0,0.0,0.0
2025/12/15,09:08:54,0,0.0,196.0,467.0,244.0,10.0,209.0,2.0,3.0,0.0,0.0,0.0,0.0
2025/12/15,09:08:59,0,0.0,213.0,467.0,244.0,7.0,208.0,2.0,3.0,0.0,0.0,0.0,0.0
2025/12/15,09:09:04,0,0.0,188.0,466.0,243.0,0.0,208.0,0.0,1.0,0.0,0.0,0.0,0.0
2025/12/15,09:09:09,0,0.0,195.0,466.0,242.0,8.0,207.0,1.0,2.0,0.0,0.0,0.0,0.0
2025/12/15,09:09:14,0,0.0,210.0,468.0,244.0,12.0,208.0,4.0,3.0,0.0,0.0,0.0,0.0
2025/12/15,09:09:19,0,0.0,189.0,467.0,244.0,0.0,207.0,0.0,0.0,0.0,0.0,0.0,0.0
2025/12/15,09:09:24,0,0.0,196.0,467.0,243.0,10.0,207.0,3.0,2.0,0.0,0.0,0.0,0.0
2025/12/15,09:09:29,0,0.0,207.0,467.0,243.0,8.0,208.0,3.0,1.0,0.0,0.0,0.0,0.0
2025/12/15,09:09:34,0,0.0,192.0,466.0,244.0,8.0,208.0,2.0,2.0,0.0,0.0,0.0,0.0
2025/12/15,09:09:39,0,0.0,211.0,468.0,244.0,8.0,208.0,3.0,2.0,0.0,0.0,0.0,0.0
2025/12/15,09:09:44,0,0.0,198.0,467.0,243.0,9.0,207.0,2.0,1.0,0.0,0.0,0.0,0.0
2025/12/15,09:09:49,0,0.0,216.0,468.0,244.0,6.0,207.0,4.0,3.0,0.0,0.0,0.0,0.0
2025/12/15,09:09:54,0,0.0,200.0,466.0,244.0,8.0,206.0,2.0,2.0,0.0,0.0,0.0,0.0
2025/12/15,09:09:59,0,0.0,213.0,467.0,243.0,10.0,208.0,4.0,3.0,0.0,0.0,0.0,0.0
2025/12/15,09:10:04,0,0.0,198.0,466.0,244.0,8.0,209.0,1.0,1.0,0.0,0.0,0.0,0.0
2025/12/15,09:10:09,0,0.0,213.0,468.0,243.0,7.0,207.0,3.0,3.0,0.0,0.0,0.0,0.0
2025/12/15,09:10:14,0,0.0,197.0,465.0,244.0,8.0,209.0,1.0,1.0,0.0,0.0,0.0,0.0
2025/12/15,09:10:19,0,0.0,205.0,466.0,244.0,13.0,209.0,5.0,4.0,0.0,0.0,0.0,0.0
2025/12/15,09:10:24,0,0.0,191.0,466.0,244.0,0.0,207.0,0.0,0.0,0.0,0.0,0.0,0.0
2025/12/15,09:10:29,0,0.0,197.0,464.0,244.0,12.0,209.0,3.0,3.0,0.0,0.0,0.0,0.0
2025/12/15,09:10:34,0,0.0,202.0,467.0,244.0,7.0,209.0,3.0,3.0,0.0,0.0,0.0,0.0
2025/12/15,09:10:39,0,0.0,196.0,467.0,244.0,7.0,208.0,1.0,2.0,0.0,0.0,0.0,0.0
2025/12/15,09:10:44,0,0.0,201.0,465.0,244.0,16.0,207.0,5.0,4.0,0.0,0.0,0.0,0.0
2025/12/15,09:10:49,0,0.0,210.0,467.0,243.0,7.0,206.0,5.0,3.0,0.0,0.0,0.0,0.0
2025/12/15,09:10:54,0,0.0,198.0,467.0,244.0,7.0,208.0,3.0,2.0,0.0,0.0,0.0,0.0
2025/12/15,09:10:59,0,0.0,191.0,466.0,243.0,2.0,207.0,0.0,0.0,0.0,0.0,0.0,0.0
2025/12/15,09:11:04,0,0.0,198.0,467.0,244.0,7.0,207.0,1.0,1.0,0.0,0.0,0.0,0.0
2025/12/15,09:11:09,0,0.0,196.0,467.0,244.0,7.0,209.0,1.0,2.0,0.0,0.0,0.0,0.0
2025/12/15,09:11:14,0,0.0,201.0,467.0,244.0,15.0,207.0,5.0,5.0,0.0,0.0,0.0,0.0
2025/12/15,09:11:19,0,0.0,211.0,466.0,244.0,9.0,209.0,4.0,3.0,0.0,0.0,0.0,0.0
2025/12/15,09:11:24,0,0.0,207.0,468.0,244.0,5.0,208.0,3.0,2.0,0.0,0.0,0.0,0.0
2025/12/15,09:11:29,0,0.0,204.0,467.0,244.0,11.0,208.0,4.0,2.0,0.0,0.0,0.0,0.0
2025/12/15,09:11:34,0,0.0,202.0,468.0,244.0,5.0,208.0,3.0,3.0,0.0,0.0,0.0,0.0
2025/12/15,09:11:39,0,0.0,196.0,468.0,245.0,5.0,208.0,2.0,2.0,0.0,0.0,0.0,0.0
2025/12/15,09:12:11,0,0.0,210.0,467.0,243.0,10.0,209.0,5.0,4.0,0.0,0.0,0.0,0.0
2025/12/15,09:12:13,0,0.0,192.0,467.0,244.0,7.0,209.0,1.0,2.0,0.0,0.0,0.0,0.0
2025/12/15,09:12:18,0,0.0,193.0,466.0,244.0,10.0,207.0,1.0,2.0,0.0,0.0,0.0,0.0
2025/12/15,09:12:23,0,0.0,201.0,467.0,244.0,17.0,207.0,5.0,5.0,0.0,0.0,0.0,0.0
2025/12/15,09:12:28,0,0.0,213.0,467.0,243.0,8.0,206.0,4.0,2.0,0.0,0.0,0.0,0.0
2025/12/15,09:12:33,0,0.0,191.0,466.0,243.0,3.0,208.0,1.0,1.0,0.0,0.0,0.0,0.0
2025/12/15,09:12:38,0,0.0,194.0,466.0,243.0,8.0,207.0,1.0,1.0,0.0,0.0,0.0,0.0
2025/12/15,09:12:43,0,0.0,194.0,468.0,245.0,7.0,208.0,1.0,2.0,0.0,0.0,0.0,0.0
2025/12/15,09:12:48,0,0.0,201.0,467.0,244.0,13.0,207.0,5.0,4.0,0.0,0.0,0.0,0.0
2025/12/15,09:12:53,0,0.0,213.0,467.0,244.0,10.0,207.0,5.0,3.0,0.0,0.0,0.0,0.0
2025/12/15,09:12:58,0,0.0,211.0,466.0,244.0,8.0,208.0,3.0,2.0,0.0,0.0,0.0,0.0
2025/12/15,09:13:03,0,0.0,201.0,466.0,245.0,6.0,209.0,3.0,2.0,0.0,0.0,0.0,0.0
2025/12/15,09:13:08,0,0.0,188.0,467.0,244.0,0.0,207.0,1.0,0.0,0.0,0.0,0.0,0.0
2025/12/15,09:13:13,0,0.0,193.0,467.0,244.0,4.0,209.0,1.0,1.0,0.0,0.0,0.0,0.0
2025/12/15,09:13:18,0,0.0,206.0,467.0,244.0,7.0,209.0,2.0,3.0,0.0,0.0,0.0,0.0
2025/12/15,09:13:23,0,0.0,207.0,468.0,244.0,10.0,208.0,5.0,4.0,0.0,0.0,0.0,0.0
2025/12/15,09:13:28,0,0.0,194.0,467.0,244.0,7.0,208.0,1.0,2.0,0.0,0.0,0.0,0.0
2025/12/15,09:13:33,0,0.0,197.0,466.0,243.0,6.0,208.0,0.0,1.0,0.0,0.0,0.0,0.0
2025/12/15,09:13:38,0,0.0,198.0,467.0,244.0,6.0,209.0,2.0,3.0,0.0,0.0,0.0,0.0
2025/12/15,09:13:43,0,0.0,209.0,467.0,244.0,9.0,207.0,5.0,3.0,0.0,0.0,0.0,0.0
2025/12/15,09:13:48,0,0.0,195.0,467.0,244.0,7.0,208.0,1.0,2.0,0.0,0.0,0.0,0.0
2025/12/15,09:13:53,0,0.0,192.0,466.0,244.0,3.0,207.0,0.0,1.0,0.0,0.0,0.0,0.0
2025/12/15,09:13:58,0,0.0,206.0,468.0,244.0,14.0,208.0,5.0,4.0,0.0,0.0,0.0,0.0
2025/12/15,09:14:03,0,0.0,196.0,467.0,244.0,5.0,207.0,1.0,0.0,0.0,0.0,0.0,0.0
2025/12/15,09:14:08,0,0.0,202.0,467.0,243.0,15.0,208.0,5.0,4.0,0.0,0.0,0.0,0.0
2025/12/15,09:14:13,0,0.0,190.0,466.0,243.0,0.0,208.0,0.0,0.0,0.0,0.0,0.0,0.0
2025/12/15,09:14:18,0,0.0,205.0,468.0,244.0,13.0,209.0,5.0,4.0,0.0,0.0,0.0,0.0
2025/12/15,09:14:23,0,0.0,192.0,464.0,244.0,6.0,208.0,0.0,0.0,0.0,0.0,0.0,0.0
2025/12/15,09:14:28,0,0.0,204.0,467.0,242.0,14.0,207.0,6.0,4.0,0.0,0.0,0.0,0.0
2025/12/15,09:14:33,0,0.0,194.0,467.0,243.0,5.0,207.0,0.0,1.0,0.0,0.0,0.0,0.0
2025/12/15,09:14:38,0,0.0,215.0,467.0,244.0,7.0,208.0,4.0,3.0,0.0,0.0,0.0,0.0
2025/12/15,09:14:43,0,0.0,191.0,466.0,244.0,6.0,208.0,2.0,2.0,0.0,0.0,0.0,0.0
2025/12/15,09:14:48,0,0.0,203.0,467.0,244.0,7.0,207.0,4.0,2.0,0.0,0.0,0.0,0.0
2025/12/15,09:14:53,0,0.0,198.0,468.0,244.0,14.0,209.0,5.0,4.0,0.0,0.0,0.0,0.0
2025/12/15,09:14:58,0,0.0,195.0,466.0,244.0,10.0,209.0,2.0,2.0,0.0,0.0,0.0,0.0
2025/12/15,09:15:03,0,0.0,191.0,466.0,243.0,1.0,207.0,0.0,0.0,0.0,0.0,0.0,0.0
2025/12/15,09:15:08,0,0.0,202.0,468.0,244.0,6.0,208.0,3.0,2.0,0.0,0.0,0.0,0.0
2025/12/15,09:15:13,0,0.0,213.0,468.0,244.0,7.0,207.0,4.0,3.0,0.0,0.0,0.0,0.0
2025/12/15,09:15:18,0,0.0,197.0,467.0,244.0,14.0,208.0,5.0,3.0,0.0,0.0,0.0,0.0
2025/12/15,09:15:23,0,0.0,195.0,466.0,244.0,9.0,208.0,1.0,2.0,0.0,0.0,0.0,0.0
2025/12/15,09:15:28,0,0.0,188.0,466.0,243.0,0.0,208.0,0.0,0.0,0.0,0.0,0.0,0.0
2025/12/15,09:15:33,0,0.0,210.0,467.0,244.0,8.0,208.0,3.0,2.0,0.0,0.0,0.0,0.0
2025/12/15,09:15:38,0,0.0,204.0,466.0,244.0,16.0,208.0,6.0,5.0,0.0,0.0,0.0,0.0
2025/12/15,09:15:43,0,0.0,194.0,467.0,244.0,6.0,207.0,2.0,2.0,0.0,0.0,0.0,0.0
2025/12/15,09:15:48,0,0.0,195.0,466.0,244.0,5.0,209.0,0.0,0.0,0.0,0.0,0.0,0.0
2025/12/15,09:15:53,0,1.0,197.0,467.0,244.0,7.0,208.0,1.0,2.0,0.0,0.0,0.0,0.0
2025/12/15,09:15:58,0,0.0,214.0,467.0,243.0,8.0,209.0,3.0,2.0,0.0,0.0,0.0,0.0
2025/12/15,09:16:03,0,0.0,197.0,467.0,244.0,13.0,207.0,5.0,4.0,0.0,0.0,0.0,0.0
2025/12/15,09:16:08,0,0.0,198.0,464.0,244.0,8.0,208.0,1.0,2.0,0.0,0.0,0.0,0.0
2025/12/15,09:16:13,0,0.0,205.0,467.0,244.0,7.0,209.0,3.0,2.0,0.0,0.0,0.0,0.0
2025/12/15,09:16:18,0,0.0,194.0,467.0,244.0,11.0,208.0,3.0,3.0,0.0,0.0,0.0,0.0
2025/12/15,09:16:23,0,0.0,190.0,466.0,243.0,0.0,209.0,0.0,0.0,0.0,0.0,0.0,0.0
2025/12/15,09:16:28,0,0.0,200.0,468.0,244.0,17.0,209.0,6.0,5.0,0.0,0.0,0.0,0.0
2025/12/15,09:16:33,0,0.0,198.0,467.0,244.0,5.0,207.0,2.0,2.0,0.0,0.0,0.0,0.0
2025/12/15,09:16:38,0,0.0,193.0,467.0,244.0,7.0,209.0,1.0,2.0,0.0,0.0,0.0,0.0
2025/12/15,09:16:43,0,0.0,209.0,467.0,244.0,7.0,209.0,3.0,3.0,0.0,0.0,0.0,0.0
2025/12/15,09:16:48,0,0.0,192.0,467.0,244.0,7.0,209.0,2.0,3.0,0.0,0.0,0.0,0.0
2025/12/15,09:16:53,0,0.0,209.0,464.0,243.0,5.0,209.0,3.0,2.0,0.0,0.0,0.0,0.0
2025/12/15,09:16:58,0,0.0,193.0,467.0,244.0,11.0,208.0,2.0,2.0,0.0,0.0,0.0,0.0
2025/12/15,09:17:03,0,0.0,208.0,467.0,244.0,7.0,208.0,4.0,2.0,0.0,0.0,0.0,0.0
2025/12/15,09:17:08,0,0.0,197.0,468.0,245.0,13.0,208.0,4.0,4.0,0.0,0.0,0.0,0.0
2025/12/15,09:17:13,0,0.0,197.0,465.0,244.0,7.0,208.0,0.0,1.0,0.0,0.0,0.0,0.0
2025/12/15,09:17:18,0,0.0,203.0,467.0,244.0,7.0,208.0,3.0,1.0,0.0,0.0,0.0,0.0
2025/12/15,09:17:23,0,0.0,203.0,468.0,242.0,16.0,207.0,6.0,5.0,0.0,0.0,0.0,0.0
2025/12/15,09:17:28,0,0.0,191.0,467.0,245.0,11.0,207.0,2.0,3.0,0.0,0.0,0.0,0.0
2025/12/15,09:17:33,0,0.0,191.0,466.0,244.0,1.0,208.0,0.0,0.0,0.0,0.0,0.0,0.0
2025/12/15,09:17:38,0,0.0,206.0,466.0,243.0,8.0,207.0,4.0,2.0,0.0,0.0,0.0,0.0
2025/12/15,09:17:43,0,0.0,209.0,465.0,244.0,11.0,208.0,5.0,3.0,0.0,0.0,0.0,0.0
2025/12/15,09:17:48,0,0.0,196.0,466.0,243.0,9.0,207.0,2.0,2.0,0.0,0.0,0.0,0.0
2025/12/15,09:17:53,0,0.0,198.0,464.0,244.0,11.0,208.0,2.0,2.0,0.0,0.0,0.0,0.0
2025/12/15,09:17:58,0,0.0,191.0,467.0,244.0,1.0,207.0,0.0,0.0,0.0,0.0,0.0,0.0
2025/12/15,09:18:03,0,0.0,188.0,465.0,244.0,6.0,208.0,0.0,1.0,0.0,0.0,0.0,0.0
2025/12/15,09:18:08,0,0.0,201.0,467.0,244.0,7.0,207.0,3.0,2.0,0.0,0.0,0.0,0.0
2025/12/15,09:18:13,0,0.0,208.0,467.0,244.0,8.0,207.0,4.0,2.0,0.0,0.0,0.0,0.0
2025/12/15,09:18:18,0,0.0,209.0,466.0,244.0,12.0,209.0,5.0,3.0,0.0,0.0,0.0,0.0
2025/12/15,09:18:23,0,0.0,202.0,466.0,244.0,17.0,207.0,6.0,5.0,0.0,0.0,0.0,0.0
2025/12/15,09:18:28,0,0.0,195.0,467.0,244.0,8.0,208.0,2.0,3.0,0.0,0.0,0.0,0.0
2025/12/15,09:18:33,0,0.0,191.0,465.0,243.0,8.0,206.0,1.0,2.0,0.0,0.0,0.0,0.0
2025/12/15,09:18:38,0,0.0,190.0,466.0,242.0,8.0,207.0,2.0,1.0,0.0,0.0,0.0,0.0
2025/12/15,09:18:43,0,0.0,198.0,465.0,244.0,9.0,208.0,2.0,2.0,0.0,0.0,0.0,0.0
2025/12/15,09:18:48,0,0.0,200.0,465.0,244.0,8.0,208.0,1.0,2.0,0.0,0.0,0.0,0.0
2025/12/15,09:18:53,0,0.0,198.0,466.0,244.0,9.0,208.0,0.0,1.0,0.0,0.0,0.0,0.0
2025/12/15,09:18:58,0,0.0,198.0,466.0,244.0,7.0,207.0,1.0,2.0,0.0,0.0,0.0,0.0
2025/12/15,09:19:03,0,0.0,192.0,467.0,244.0,2.0,208.0,0.0,0.0,0.0,0.0,0.0,0.0
2025/12/15,09:19:08,0,0.0,194.0,466.0,243.0,3.0,207.0,2.0,2.0,0.0,0.0,0.0,0.0
2025/12/15,09:19:13,0,0.0,210.0,467.0,244.0,7.0,209.0,4.0,2.0,0.0,0.0,0.0,0.0
2025/12/15,09:19:18,0,0.0,208.0,466.0,244.0,12.0,207.0,5.0,4.0,0.0,0.0,0.0,0.0
2025/12/15,09:19:23,0,0.0,196.0,467.0,244.0,11.0,209.0,4.0,3.0,0.0,0.0,0.0,0.0
2025/12/15,09:19:28,0,0.0,194.0,463.0,244.0,8.0,209.0,2.0,2.0,0.0,0.0,0.0,0.0
2025/12/15,09:19:33,0,0.0,188.0,467.0,244.0,0.0,207.0,1.0,0.0,0.0,0.0,0.0,0.0
2025/12/15,09:19:38,0,0.0,207.0,466.0,244.0,13.0,208.0,5.0,4.0,0.0,0.0,0.0,0.0
2025/12/15,09:19:43,0,0.0,196.0,466.0,244.0,7.0,208.0,0.0,0.0,0.0,0.0,0.0,0.0
2025/12/15,09:19:48,0,0.0,212.0,466.0,244.0,10.0,207.0,5.0,4.0,0.0,0.0,0.0,0.0
2025/12/15,09:19:53,0,0.0,195.0,467.0,244.0,5.0,208.0,0.0,1.0,0.0,0.0,0.0,0.0
2025/12/15,09:19:58,0,0.0,214.0,464.0,244.0,9.0,208.0,4.0,3.0,0.0,0.0,0.0,0.0
2025/12/15,09:20:03,0,0.0,194.0,467.0,244.0,7.0,209.0,1.0,2.0,0.0,0.0,0.0,0.0
2025/12/15,09:20:08,0,0.0,208.0,468.0,245.0,7.0,207.0,3.0,2.0,0.0,0.0,0.0,0.0
2025/12/15,09:20:13,0,0.0,193.0,463.0,244.0,8.0,208.0,1.0,2.0,0.0,0.0,0.0,0.0
2025/12/15,09:20:18,0,0.0,208.0,468.0,244.0,5.0,208.0,3.0,3.0,0.0,0.0,0.0,0.0
2025/12/15,09:20:23,0,0.0,193.0,465.0,244.0,8.0,209.0,1.0,2.0,0.0,0.0,0.0,0.0
2025/12/15,09:20:28,0,0.0,198.0,467.0,244.0,8.0,208.0,3.0,2.0,0.0,0.0,0.0,0.0
2025/12/15,09:20:33,0,0.0,204.0,468.0,244.0,14.0,207.0,6.0,4.0,0.0,0.0,0.0,0.0
2025/12/15,09:20:38,0,0.0,192.0,467.0,244.0,7.0,207.0,1.0,2.0,0.0,0.0,0.0,0.0
2025/12/15,09:20:43,0,0.0,190.0,466.0,244.0,2.0,207.0,0.0,0.0,0.0,0.0,0.0,0.0
2025/12/15,09:20:48,0,0.0,215.0,468.0,245.0,7.0,207.0,4.0,2.0,0.0,0.0,0.0,0.0
2025/12/15,09:20:53,0,0.0,198.0,466.0,244.0,8.0,208.0,2.0,2.0,0.0,0.0,0.0,0.0
2025/12/15,09:20:58,0,0.0,208.0,468.0,244.0,11.0,208.0,4.0,4.0,0.0,0.0,0.0,0.0
2025/12/15,09:21:03,0,0.0,195.0,467.0,244.0,3.0,209.0,1.0,0.0,0.0,0.0,0.0,0.0
2025/12/15,09:21:08,0,0.0,208.0,467.0,244.0,12.0,207.0,5.0,3.0,0.0,0.0,0.0,0.0
2025/12/15,09:21:13,0,0.0,194.0,467.0,244.0,1.0,208.0,0.0,0.0,0.0,0.0,0.0,0.0
2025/12/15,09:21:18,0,0.0,209.0,467.0,244.0,11.0,208.0,5.0,4.0,0.0,0.0,0.0,0.0
2025/12/15,09:21:23,0,0.0,195.0,464.0,244.0,4.0,209.0,1.0,0.0,0.0,0.0,0.0,0.0
2025/12/15,09:21:28,0,0.0,208.0,467.0,244.0,10.0,208.0,4.0,4.0,0.0,0.0,0.0,0.0
2025/12/15,09:21:33,0,0.0,196.0,467.0,244.0,4.0,209.0,0.0,0.0,0.0,0.0,0.0,0.0
2025/12/15,09:21:38,0,0.0,208.0,467.0,244.0,10.0,208.0,5.0,4.0,0.0,0.0,0.0,0.0
2025/12/15,09:21:43,0,0.0,196.0,466.0,244.0,4.0,207.0,0.0,0.0,0.0,0.0,0.0,0.0
2025/12/15,09:21:48,0,0.0,211.0,465.0,244.0,5.0,208.0,3.0,2.0,0.0,0.0,0.0,0.0
2025/12/15,09:22:18,0,0.0,198.0,467.0,244.0,7.0,208.0,0.0,1.0,0.0,0.0,0.0,0.0
2025/12/15,09:22:23,0,0.0,195.0,467.0,244.0,8.0,207.0,3.0,2.0,0.0,0.0,0.0,0.0
2025/12/15,09:22:28,0,0.0,192.0,467.0,245.0,2.0,208.0,0.0,0.0,0.0,0.0,0.0,0.0
2025/12/15,09:22:33,0,0.0,208.0,467.0,246.0,7.0,208.0,3.0,2.0,0.0,0.0,0.0,0.0
2025/12/15,09:22:38,0,0.0,200.0,466.0,244.0,16.0,208.0,6.0,5.0,0.0,0.0,0.0,0.0
2025/12/15,09:22:43,0,0.0,193.0,466.0,244.0,7.0,209.0,1.0,2.0,0.0,0.0,0.0,0.0
2025/12/15,09:22:48,0,0.0,196.0,463.0,244.0,10.0,209.0,1.0,1.0,0.0,0.0,0.0,0.0
2025/12/15,09:22:53,0,0.0,191.0,467.0,244.0,1.0,208.0,0.0,0.0,0.0,0.0,0.0,0.0
2025/12/15,09:22:58,0,0.0,198.0,467.0,243.0,9.0,208.0,2.0,2.0,0.0,0.0,0.0,0.0
2025/12/15,09:23:03,0,0.0,212.0,468.0,244.0,4.0,209.0,4.0,3.0,0.0,0.0,0.0,0.0
2025/12/15,09:23:08,0,0.0,208.0,468.0,244.0,10.0,209.0,4.0,4.0,0.0,0.0,0.0,0.0
2025/12/15,09:23:13,0,0.0,204.0,467.0,243.0,14.0,208.0,6.0,4.0,0.0,0.0,0.0,0.0
2025/12/15,09:23:18,0,0.0,202.0,467.0,244.0,14.0,208.0,5.0,5.0,0.0,0.0,0.0,0.0
2025/12/15,09:23:23,0,0.0,207.0,466.0,244.0,12.0,208.0,5.0,4.0,0.0,0.0,0.0,0.0
2025/12/15,09:23:28,0,0.0,208.0,467.0,243.0,7.0,208.0,3.0,3.0,0.0,0.0,0.0,0.0
2025/12/15,09:23:33,0,0.0,193.0,467.0,244.0,3.0,208.0,0.0,0.0,0.0,0.0,0.0,0.0
2025/12/15,09:23:38,0,0.0,195.0,467.0,245.0,10.0,209.0,2.0,2.0,0.0,0.0,0.0,0.0
2025/12/15,09:23:43,0,0.0,206.0,468.0,244.0,13.0,208.0,5.0,4.0,0.0,0.0,0.0,0.0
2025/12/15,09:23:48,0,0.0,203.0,467.0,244.0,6.0,207.0,4.0,2.0,0.0,0.0,0.0,0.0
2025/12/15,09:23:53,0,0.0,193.0,467.0,244.0,3.0,207.0,0.0,0.0,0.0,0.0,0.0,0.0
2025/12/15,09:23:58,0,0.0,197.0,467.0,244.0,11.0,207.0,4.0,3.0,0.0,0.0,0.0,0.0
2025/12/15,09:24:03,0,0.0,210.0,467.0,245.0,6.0,208.0,3.0,2.0,0.0,0.0,0.0,0.0
2025/12/15,09:24:08,0,0.0,189.0,466.0,245.0,1.0,208.0,0.0,1.0,0.0,0.0,0.0,0.0
2025/12/15,09:24:13,0,0.0,198.0,467.0,244.0,9.0,208.0,1.0,1.0,0.0,0.0,0.0,0.0
2025/12/15,09:24:18,0,0.0,193.0,465.0,244.0,7.0,209.0,1.0,2.0,0.0,0.0,0.0,0.0
2025/12/15,09:24:23,0,0.0,196.0,467.0,245.0,10.0,208.0,2.0,3.0,0.0,0.0,0.0,0.0
2025/12/15,09:24:28,0,0.0,211.0,467.0,245.0,10.0,209.0,4.0,3.0,0.0,0.0,0.0,0.0
2025/12/15,09:24:33,0,0.0,204.0,469.0,243.0,7.0,209.0,3.0,3.0,0.0,0.0,0.0,0.0
2025/12/15,09:24:38,0,0.0,188.0,466.0,244.0,0.0,207.0,0.0,0.0,0.0,0.0,0.0,0.0
2025/12/15,09:24:43,0,0.0,192.0,467.0,245.0,6.0,207.0,2.0,2.0,0.0,0.0,0.0,0.0
2025/12/15,09:24:48,0,0.0,197.0,468.0,245.0,10.0,209.0,4.0,3.0,0.0,0.0,0.0,0.0
2025/12/15,09:24:53,0,0.0,208.0,468.0,245.0,11.0,207.0,5.0,4.0,0.0,0.0,0.0,0.0
2025/12/15,09:24:58,0,0.0,203.0,468.0,245.0,7.0,209.0,3.0,3.0,0.0,0.0,0.0,0.0
2025/12/15,09:25:03,0,0.0,193.0,465.0,244.0,4.0,208.0,0.0,0.0,0.0,0.0,0.0,0.0
2025/12/15,09:25:08,0,0.0,195.0,466.0,244.0,6.0,207.0,2.0,2.0,0.0,0.0,0.0,0.0
2025/12/15,09:25:13,0,0.0,206.0,468.0,244.0,13.0,209.0,5.0,4.0,0.0,0.0,0.0,0.0
2025/12/15,09:25:18,0,0.0,207.0,467.0,244.0,6.0,207.0,3.0,2.0,0.0,0.0,0.0,0.0
2025/12/15,09:25:23,0,0.0,189.0,466.0,245.0,0.0,209.0,0.0,0.0,0.0,0.0,0.0,0.0
2025/12/15,09:25:28,0,0.0,199.0,466.0,244.0,7.0,209.0,1.0,1.0,0.0,0.0,0.0,0.0
2025/12/15,09:25:33,0,0.0,195.0,467.0,244.0,9.0,208.0,1.0,2.0,0.0,0.0,0.0,0.0
2025/12/15,09:25:38,0,0.0,200.0,467.0,244.0,16.0,208.0,5.0,4.0,0.0,0.0,0.0,0.0
2025/12/15,09:25:43,0,0.0,212.0,468.0,244.0,9.0,209.0,4.0,3.0,0.0,0.0,0.0,0.0
2025/12/15,09:25:48,0,0.0,211.0,467.0,244.0,4.0,207.0,3.0,2.0,0.0,0.0,0.0,0.0
2025/12/15,09:25:53,0,0.0,207.0,468.0,244.0,6.0,209.0,3.0,2.0,0.0,0.0,0.0,0.0
2025/12/15,09:25:58,0,0.0,207.0,467.0,245.0,7.0,207.0,4.0,2.0,0.0,0.0,0.0,0.0
2025/12/15,09:26:03,0,0.0,208.0,468.0,244.0,7.0,208.0,3.0,2.0,0.0,0.0,0.0,0.0
2025/12/15,09:26:08,0,0.0,197.0,467.0,244.0,6.0,207.0,3.0,2.0,0.0,0.0,0.0,0.0
2025/12/15,09:26:13,0,0.0,187.0,466.0,244.0,0.0,208.0,0.0,0.0,0.0,0.0,0.0,0.0
2025/12/15,09:26:18,0,0.0,191.0,466.0,245.0,2.0,208.0,0.0,0.0,0.0,0.0,0.0,0.0
2025/12/15,09:26:23,0,0.0,198.0,466.0,244.0,7.0,208.0,0.0,1.0,0.0,0.0,0.0,0.0
2025/12/15,09:26:28,0,0.0,196.0,467.0,246.0,10.0,207.0,3.0,2.0,0.0,0.0,0.0,0.0
2025/12/15,09:26:33,0,0.0,216.0,467.0,245.0,7.0,208.0,3.0,3.0,0.0,0.0,0.0,0.0
2025/12/15,09:26:38,0,0.0,195.0,467.0,244.0,5.0,207.0,0.0,0.0,0.0,0.0,0.0,0.0
2025/12/15,09:26:43,0,0.0,204.0,468.0,244.0,14.0,208.0,6.0,5.0,0.0,0.0,0.0,0.0
2025/12/15,09:26:48,0,0.0,189.0,467.0,245.0,1.0,208.0,0.0,0.0,0.0,0.0,0.0,0.0
2025/12/15,09:26:53,0,0.0,197.0,468.0,245.0,13.0,207.0,4.0,3.0,0.0,0.0,0.0,0.0
2025/12/15,09:26:58,0,0.0,191.0,466.0,244.0,3.0,207.0,2.0,1.0,0.0,0.0,0.0,0.0
2025/12/15,09:27:03,0,0.0,197.0,467.0,245.0,14.0,207.0,5.0,3.0,0.0,0.0,0.0,0.0
2025/12/15,09:27:08,0,0.0,190.0,466.0,244.0,0.0,209.0,0.0,0.0,0.0,0.0,0.0,0.0
2025/12/15,09:27:13,0,0.0,197.0,468.0,242.0,14.0,205.0,4.0,3.0,0.0,0.0,0.0,0.0
2025/12/15,09:27:18,0,0.0,198.0,467.0,245.0,6.0,208.0,1.0,2.0,0.0,0.0,0.0,0.0
2025/12/15,09:27:23,0,0.0,195.0,467.0,242.0,11.0,208.0,1.0,2.0,0.0,0.0,0.0,0.0
2025/12/15,09:27:28,0,0.0,189.0,466.0,243.0,5.0,207.0,0.0,0.0,0.0,0.0,0.0,0.0
2025/12/15,09:27:33,0,0.0,204.0,466.0,245.0,14.0,209.0,5.0,4.0,0.0,0.0,0.0,0.0
2025/12/15,09:27:38,0,0.0,198.0,465.0,244.0,8.0,207.0,1.0,2.0,0.0,0.0,0.0,0.0
2025/12/15,09:27:43,0,0.0,204.0,467.0,244.0,6.0,208.0,2.0,2.0,0.0,0.0,0.0,0.0
2025/12/15,09:27:48,0,0.0,200.0,466.0,245.0,16.0,208.0,6.0,5.0,0.0,0.0,0.0,0.0
2025/12/15,09:27:53,0,0.0,198.0,465.0,245.0,10.0,209.0,2.0,3.0,0.0,0.0,0.0,0.0
2025/12/15,09:27:58,0,0.0,195.0,467.0,245.0,5.0,209.0,2.0,2.0,0.0,0.0,0.0,0.0
2025/12/15,09:28:03,0,0.0,209.0,468.0,243.0,10.0,207.0,5.0,3.0,0.0,0.0,0.0,0.0
2025/12/15,09:28:08,0,0.0,193.0,466.0,244.0,8.0,208.0,1.0,2.0,0.0,0.0,0.0,0.0
2025/12/15,09:28:13,0,0.0,188.0,465.0,243.0,0.0,208.0,0.0,0.0,0.0,0.0,0.0,0.0
2025/12/15,09:28:18,0,0.0,216.0,466.0,244.0,8.0,208.0,3.0,3.0,0.0,0.0,0.0,0.0
2025/12/15,09:28:23,0,0.0,197.0,467.0,244.0,13.0,208.0,3.0,4.0,0.0,0.0,0.0,0.0
2025/12/15,09:28:28,0,0.0,196.0,465.0,245.0,11.0,207.0,2.0,2.0,0.0,0.0,0.0,-0.0008
2025/12/15,09:28:33,0,0.0,190.0,466.0,243.0,3.0,207.0,2.0,1.0,0.0,0.0,0.0,0.0
2025/12/15,09:28:38,0,0.0,209.0,468.0,243.0,10.0,207.0,5.0,3.0,0.0,0.0,0.0,0.0
2025/12/15,09:28:43,0,0.0,192.0,466.0,245.0,9.0,208.0,2.0,3.0,0.0,0.0,0.0,0.0
2025/12/15,09:28:48,0,0.0,193.0,467.0,245.0,7.0,208.0,1.0,1.0,0.0,0.0,0.0,0.0
2025/12/15,09:28:53,0,0.0,210.0,468.0,244.0,9.0,207.0,4.0,3.0,0.0,0.0,0.0,0.0
2025/12/15,09:28:58,0,0.0,195.0,467.0,245.0,9.0,208.0,2.0,3.0,0.0,0.0,0.0,0.0
2025/12/15,09:29:03,0,0.0,193.0,466.0,244.0,4.0,207.0,0.0,0.0,0.0,0.0,0.0,0.0
2025/12/15,09:29:08,0,0.0,195.0,467.0,245.0,6.0,208.0,2.0,2.0,0.0,0.0,0.0,0.0
2025/12/15,09:29:13,0,0.0,198.0,466.0,244.0,7.0,212.0,3.0,2.0,0.0,0.0,0.0,0.0
2025/12/15,09:29:18,0,0.0,193.0,467.0,244.0,2.0,209.0,1.0,1.0,0.0,0.0,0.0,0.0
2025/12/15,09:29:23,0,0.0,194.0,466.0,244.0,3.0,208.0,0.0,0.0,0.0,0.0,0.0,0.0
2025/12/15,09:29:28,0,0.0,196.0,467.0,244.0,8.0,209.0,2.0,3.0,0.0,0.0,0.0,0.0
2025/12/15,09:29:33,0,0.0,213.0,467.0,245.0,10.0,208.0,4.0,3.0,0.0,0.0,0.0,0.0
2025/12/15,09:29:38,0,0.0,199.0,466.0,244.0,7.0,206.0,3.0,2.0,0.0,0.0,0.0,0.0
2025/12/15,09:29:43,0,0.0,190.0,465.0,245.0,0.0,208.0,0.0,0.0,0.0,0.0,0.0,0.0
2025/12/15,09:29:48,0,0.0,194.0,466.0,245.0,4.0,208.0,0.0,0.0,0.0,0.0,0.0,0.0
2025/12/15,09:29:53,0,0.0,192.0,466.0,244.0,2.0,208.0,0.0,0.0,0.0,0.0,0.0,0.0
2025/12/15,09:29:58,0,0.0,192.0,466.0,244.0,0.0,207.0,0.0,0.0,0.0,0.0,0.0,0.0
2025/12/15,09:30:03,0,0.0,195.0,466.0,244.0,3.0,208.0,0.0,0.0,0.0,0.0,0.0,0.0
2025/12/15,09:30:08,0,0.0,197.0,466.0,243.0,7.0,207.0,1.0,1.0,0.0,0.0,0.0,0.0
2025/12/15,09:30:13,0,0.0,193.0,467.0,245.0,10.0,208.0,1.0,2.0,0.0,0.0,0.0,0.0
2025/12/15,09:30:18,0,0.0,198.0,468.0,244.0,15.0,208.0,3.0,4.0,0.0,0.0,0.0,0.0
2025/12/15,09:30:23,0,0.0,215.0,468.0,245.0,8.0,208.0,4.0,2.0,0.0,0.0,0.0,0.0
2025/12/15,09:30:28,0,0.0,188.0,467.0,245.0,3.0,207.0,0.0,0.0,0.0,0.0,0.0,0.0
2025/12/15,09:30:33,0,0.0,195.0,467.0,245.0,7.0,209.0,1.0,2.0,0.0,0.0,0.0,0.0
2025/12/15,09:30:38,0,0.0,206.0,467.0,243.0,14.0,207.0,5.0,4.0,0.0,0.0,0.0,0.0
2025/12/15,09:30:43,0,0.0,209.0,468.0,243.0,6.0,207.0,4.0,2.0,0.0,0.0,0.0,0.0
2025/12/15,09:30:48,0,0.0,188.0,467.0,245.0,4.0,208.0,1.0,0.0,0.0,0.0,0.0,0.0
2025/12/15,09:30:53,0,0.0,197.0,466.0,245.0,7.0,209.0,0.0,1.0,0.0,0.0,0.0,0.0
2025/12/15,09:30:58,0,0.0,195.0,466.0,243.0,8.0,207.0,3.0,2.0,0.0,0.0,0.0,0.0
2025/12/15,09:31:03,0,0.0,208.0,468.0,245.0,12.0,208.0,5.0,4.0,0.0,0.0,0.0,0.0
2025/12/15,09:31:08,0,0.0,201.0,466.0,244.0,9.0,208.0,2.0,2.0,0.0,0.0,0.0,0.0
2025/12/15,09:31:13,0,0.0,198.0,465.0,245.0,9.0,208.0,1.0,2.0,0.0,0.0,0.0,0.0
2025/12/15,09:31:18,0,0.0,205.0,467.0,244.0,13.0,208.0,4.0,4.0,0.0,0.0,0.0,0.0
2025/12/15,09:31:23,0,0.0,192.0,464.0,245.0,6.0,208.0,1.0,1.0,0.0,0.0,0.0,0.0
2025/12/15,09:31:28,0,0.0,195.0,466.0,244.0,7.0,207.0,1.0,2.0,0.0,0.0,0.0,0.0
2025/12/15,09:31:33,0,0.0,211.0,467.0,245.0,9.0,208.0,3.0,2.0,0.0,0.0,0.0,0.0
2025/12/15,09:31:38,0,0.0,196.0,464.0,245.0,7.0,208.0,0.0,1.0,0.0,0.0,0.0,0.0
2025/12/15,09:31:43,0,0.0,198.0,466.0,245.0,10.0,207.0,4.0,3.0,0.0,0.0,0.0,0.0
2025/12/15,09:31:48,0,0.0,201.0,468.0,246.0,15.0,208.0,6.0,5.0,0.0,0.0,0.0,0.0
2025/12/15,09:31:53,0,0.0,196.0,467.0,244.0,14.0,208.0,3.0,4.0,0.0,0.0,0.0,0.0
2025/12/15,09:31:58,0,0.0,192.0,464.0,245.0,14.0,208.0,1.0,2.0,0.0,0.0,0.0,0.0
2025/12/15,09:32:47,0,0.0,209.0,467.0,245.0,11.0,208.0,3.0,4.0,0.0,0.0,0.0,0.0
2025/12/15,09:32:52,0,0.0,204.0,466.0,244.0,9.0,208.0,4.0,3.0,0.0,0.0,0.0,0.0
2025/12/15,09:32:57,0,0.0,203.0,468.0,246.0,15.0,207.0,6.0,5.0,0.0,0.0,0.0,0.0
2025/12/15,09:33:02,0,0.0,192.0,465.0,245.0,8.0,208.0,1.0,2.0,0.0,0.0,0.0,0.0
2025/12/15,09:33:07,0,0.0,191.0,467.0,245.0,0.0,207.0,0.0,0.0,0.0,0.0,0.0,0.0
2025/12/15,09:33:12,0,0.0,215.0,467.0,245.0,8.0,208.0,3.0,3.0,0.0,0.0,0.0,0.0
2025/12/15,09:33:17,0,0.0,196.0,467.0,244.0,13.0,208.0,3.0,3.0,0.0,0.0,0.0,0.0
2025/12/15,09:33:22,0,0.0,197.0,467.0,244.0,6.0,208.0,1.0,1.0,0.0,0.0,0.0,0.0
2025/12/15,09:33:27,0,0.0,201.0,467.0,244.0,10.0,208.0,2.0,3.0,0.0,0.0,0.0,0.0
2025/12/15,09:33:32,0,0.0,203.0,467.0,245.0,15.0,207.0,6.0,5.0,0.0,0.0,0.0,0.0
2025/12/15,09:33:37,0,0.0,192.0,467.0,243.0,7.0,207.0,3.0,3.0,0.0,0.0,0.0,0.0
2025/12/15,09:33:42,0,0.0,190.0,466.0,244.0,1.0,207.0,0.0,0.0,0.0,0.0,0.0,0.0
2025/12/15,09:33:47,0,0.0,200.0,466.0,245.0,6.0,208.0,2.0,2.0,0.0,0.0,0.0,0.0
2025/12/15,09:33:52,0,0.0,206.0,467.0,245.0,8.0,208.0,3.0,2.0,0.0,0.0,0.0,0.0
2025/12/15,09:33:57,0,0.0,205.0,463.0,245.0,8.0,208.0,2.0,3.0,0.0,0.0,0.0,0.0
2025/12/15,09:34:02,0,0.0,188.0,466.0,243.0,3.0,206.0,1.0,1.0,0.0,0.0,0.0,0.0
2025/12/15,09:34:07,0,0.0,196.0,463.0,245.0,8.0,208.0,0.0,1.0,0.0,0.0,0.0,0.0
2025/12/15,09:34:12,0,0.0,199.0,465.0,245.0,7.0,208.0,1.0,1.0,0.0,0.0,0.0,0.0
2025/12/15,09:34:17,0,0.0,192.0,467.0,243.0,2.0,207.0,0.0,0.0,0.0,0.0,0.0,0.0
2025/12/15,09:34:22,0,0.0,207.0,468.0,246.0,12.0,207.0,6.0,4.0,0.0,0.0,0.0,0.0
2025/12/15,09:34:27,0,0.0,199.0,467.0,245.0,8.0,207.0,1.0,1.0,0.0,0.0,0.0,0.0
2025/12/15,09:34:32,0,0.0,202.0,466.0,244.0,7.0,207.0,2.0,2.0,0.0,0.0,0.0,0.0
2025/12/15,09:34:37,0,0.0,210.0,467.0,245.0,11.0,208.0,4.0,3.0,0.0,0.0,0.0,0.0
2025/12/15,09:34:42,0,0.0,197.0,467.0,244.0,13.0,208.0,5.0,4.0,0.0,0.0,0.0,0.0
2025/12/15,09:34:47,0,0.0,195.0,466.0,244.0,8.0,208.0,1.0,2.0,0.0,0.0,0.0,0.0
2025/12/15,09:34:52,0,0.0,201.0,466.0,245.0,9.0,208.0,1.0,1.0,0.0,0.0,0.0,0.0
2025/12/15,09:34:57,0,0.0,190.0,466.0,245.0,1.0,208.0,0.0,0.0,0.0,0.0,0.0,0.0
2025/12/15,09:35:02,0,0.0,204.0,467.0,245.0,9.0,208.0,3.0,3.0,0.0,0.0,0.0,0.0
2025/12/15,09:35:07,0,0.0,203.0,467.0,244.0,14.0,208.0,5.0,5.0,0.0,0.0,0.0,0.0
2025/12/15,09:35:12,0,0.0,199.0,467.0,245.0,11.0,209.0,2.0,2.0,0.0,0.0,0.0,0.0
2025/12/15,09:35:17,0,0.0,199.0,465.0,245.0,7.0,208.0,3.0,2.0,0.0,0.0,0.0,0.0
2025/12/15,09:35:22,0,0.0,206.0,467.0,244.0,13.0,207.0,5.0,4.0,0.0,0.0,0.0,0.0
2025/12/15,09:35:27,0,0.0,195.0,465.0,245.0,10.0,207.0,2.0,2.0,0.0,0.0,0.0,0.0
2025/12/15,09:35:32,0,0.0,195.0,464.0,244.0,6.0,207.0,1.0,1.0,0.0,0.0,0.0,0.0
2025/12/15,09:35:37,0,0.0,197.0,467.0,245.0,5.0,208.0,1.0,2.0,0.0,0.0,0.0,0.0
2025/12/15,09:35:42,0,0.0,216.0,467.0,245.0,8.0,208.0,3.0,2.0,0.0,0.0,0.0,0.0
2025/12/15,09:35:47,0,0.0,197.0,468.0,245.0,11.0,208.0,3.0,3.0,0.0,0.0,0.0,0.0
2025/12/15,09:35:52,0,0.0,194.0,466.0,244.0,5.0,208.0,0.0,0.0,0.0,0.0,0.0,0.0
2025/12/15,09:35:57,0,0.0,201.0,467.0,245.0,6.0,208.0,3.0,3.0,0.0,0.0,0.0,0.0
2025/12/15,09:36:02,0,0.0,205.0,467.0,245.0,14.0,207.0,5.0,5.0,0.0,0.0,0.0,0.0
2025/12/15,09:36:07,0,0.0,200.0,467.0,244.0,9.0,207.0,2.0,2.0,0.0,0.0,0.0,0.0
2025/12/15,09:36:12,0,0.0,199.0,466.0,245.0,9.0,208.0,2.0,2.0,0.0,0.0,0.0,0.0
2025/12/15,09:36:17,0,0.0,206.0,466.0,245.0,13.0,208.0,5.0,4.0,0.0,0.0,0.0,0.0
2025/12/15,09:36:22,0,0.0,194.0,466.0,245.0,8.0,207.0,1.0,2.0,0.0,0.0,0.0,0.0
2025/12/15,09:36:27,0,0.0,195.0,466.0,244.0,5.0,207.0,0.0,0.0,0.0,0.0,0.0,0.0
2025/12/15,09:36:32,0,0.0,188.0,466.0,245.0,0.0,207.0,0.0,0.0,0.0,0.0,0.0,0.0
2025/12/15,09:36:37,0,0.0,197.0,464.0,245.0,6.0,209.0,2.0,2.0,0.0,0.0,0.0,0.0
2025/12/15,09:36:42,0,0.0,206.0,467.0,245.0,17.0,207.0,3.0,2.0,0.0,0.0,0.0,0.0
2025/12/15,09:36:47,0,0.0,210.0,650.0,243.0,48.0,207.0,4.0,3.0,0.0,0.0,0.0,0.0
2025/12/15,09:36:52,0,0.0,197.0,487.0,245.0,10.0,208.0,3.0,3.0,0.0,0.0,0.0,0.0
2025/12/15,09:36:57,0,0.0,200.0,478.0,243.0,9.0,206.0,1.0,1.0,0.0,0.0,0.0,0.0
2025/12/15,09:37:02,0,0.0,202.0,477.0,244.0,8.0,206.0,3.0,2.0,0.0,0.0,0.0,0.0
2025/12/15,09:37:07,0,0.0,206.0,473.0,245.0,14.0,207.0,6.0,4.0,0.0,0.0,0.0,0.0
2025/12/15,09:37:12,0,0.0,191.0,473.0,245.0,9.0,208.0,2.0,2.0,0.0,0.0,0.0,0.0
2025/12/15,09:37:17,0,0.0,190.0,471.0,245.0,1.0,208.0,0.0,0.0,0.0,0.0,0.0,0.0
2025/12/15,09:37:22,0,0.0,216.0,472.0,245.0,7.0,207.0,4.0,2.0,0.0,0.0,0.0,0.0
2025/12/15,09:37:27,0,0.0,197.0,468.0,245.0,12.0,208.0,3.0,3.0,0.0,0.0,0.0,0.0
2025/12/15,09:37:32,0,0.0,195.0,470.0,245.0,4.0,207.0,1.0,0.0,0.0,0.0,0.0,0.0
2025/12/15,09:37:37,0,0.0,207.0,470.0,245.0,29.0,208.0,3.0,2.0,0.0,0.0,0.0,0.0
2025/12/15,09:37:42,0,0.0,199.0,469.0,245.0,39.0,207.0,6.0,5.0,0.0,0.0,0.0,0.0
2025/12/15,09:37:47,0,0.0,199.0,468.0,244.0,21.0,207.0,1.0,1.0,0.0,0.0,0.0,0.0
2025/12/15,09:37:52,0,0.0,207.0,467.0,245.0,9.0,208.0,3.0,2.0,0.0,0.0,0.0,0.0
2025/12/15,09:37:57,0,0.0,196.0,466.0,245.0,9.0,209.0,3.0,3.0,0.0,0.0,0.0,0.0
2025/12/15,09:38:02,0,0.0,191.0,467.0,244.0,0.0,207.0,0.0,0.0,0.0,0.0,0.0,0.0
2025/12/15,09:38:07,0,0.0,208.0,465.0,245.0,10.0,207.0,5.0,3.0,0.0,0.0,0.0,0.0
2025/12/15,09:38:12,0,0.0,194.0,467.0,244.0,11.0,208.0,1.0,2.0,0.0,0.0,0.0,0.0
2025/12/15,09:38:17,0,0.0,203.0,467.0,245.0,7.0,207.0,3.0,3.0,0.0,0.0,0.0,0.0
2025/12/15,09:38:22,0,0.0,199.0,468.0,245.0,11.0,208.0,4.0,3.0,0.0,0.0,0.0,0.0
2025/12/15,09:38:27,0,0.0,196.0,467.0,245.0,4.0,208.0,1.0,1.0,0.0,0.0,0.0,0.0
2025/12/15,09:38:32,0,0.0,205.0,467.0,245.0,9.0,208.0,2.0,2.0,0.0,0.0,0.0,0.0
2025/12/15,09:38:37,0,0.0,201.0,468.0,244.0,15.0,207.0,6.0,5.0,0.0,0.0,0.0,0.0
2025/12/15,09:38:42,0,0.0,192.0,467.0,245.0,9.0,208.0,1.0,2.0,0.0,0.0,0.0,0.0
2025/12/15,09:38:47,0,0.0,188.0,467.0,245.0,0.0,209.0,0.0,0.0,0.0,0.0,0.0,0.0
2025/12/15,09:38:52,0,0.0,216.0,468.0,245.0,7.0,208.0,3.0,2.0,0.0,0.0,0.0,0.0
2025/12/15,09:38:57,0,0.0,198.0,468.0,246.0,13.0,208.0,4.0,4.0,0.0,0.0,0.0,0.0
2025/12/15,09:39:02,0,0.0,194.0,467.0,244.0,8.0,208.0,1.0,2.0,0.0,0.0,0.0,0.0
2025/12/15,09:39:07,0,0.0,195.0,466.0,245.0,11.0,207.0,1.0,2.0,0.0,0.0,0.0,0.0
2025/12/15,09:39:12,0,0.0,196.0,467.0,245.0,9.0,208.0,1.0,2.0,0.0,0.0,0.0,0.0
2025/12/15,09:39:17,0,0.0,196.0,467.0,244.0,10.0,207.0,2.0,2.0,0.0,0.0,0.0,0.0
2025/12/15,09:39:22,0,0.0,216.0,468.0,245.0,7.0,207.0,3.0,3.0,0.0,0.0,0.0,0.0
2025/12/15,09:39:27,0,0.0,193.0,467.0,245.0,2.0,207.0,0.0,0.0,0.0,0.0,0.0,0.0
2025/12/15,09:39:32,0,0.0,197.0,468.0,243.0,13.0,206.0,4.0,3.0,0.0,0.0,0.0,0.0
2025/12/15,09:39:37,0,0.0,201.0,468.0,245.0,8.0,208.0,2.0,3.0,0.0,0.0,0.0,0.0
2025/12/15,09:39:42,0,0.0,200.0,466.0,245.0,8.0,208.0,2.0,2.0,0.0,0.0,0.0,0.0
2025/12/15,09:39:47,0,0.0,201.0,467.0,245.0,17.0,207.0,6.0,5.0,0.0,0.0,0.0,0.0
2025/12/15,09:39:52,0,0.0,208.0,467.0,245.0,7.0,208.0,2.0,2.0,0.0,0.0,0.0,0.0
2025/12/15,09:39:57,0,0.0,190.0,464.0,244.0,0.0,208.0,0.0,0.0,0.0,0.0,0.0,0.0
2025/12/15,09:40:02,0,0.0,199.0,467.0,245.0,8.0,208.0,1.0,1.0,0.0,0.0,0.0,0.0
2025/12/15,09:40:07,0,0.0,191.0,466.0,244.0,8.0,206.0,1.0,2.0,0.0,0.0,0.0,0.0
2025/12/15,09:40:12,0,0.0,195.0,466.0,245.0,8.0,208.0,0.0,2.0,0.0,0.0,0.0,0.0
2025/12/15,09:40:17,0,0.0,191.0,466.0,245.0,8.0,209.0,1.0,2.0,0.0,0.0,0.0,0.0
2025/12/15,09:40:22,0,0.0,199.0,467.0,245.0,7.0,208.0,0.0,2.0,0.0,0.0,0.0,0.0
2025/12/15,09:40:27,0,0.0,197.0,464.0,245.0,6.0,208.0,0.0,1.0,0.0,0.0,0.0,0.0
2025/12/15,09:40:32,0,0.0,197.0,467.0,245.0,8.0,208.0,1.0,1.0,0.0,0.0,0.0,0.0
2025/12/15,09:40:37,0,0.0,192.0,465.0,245.0,8.0,207.0,1.0,1.0,0.0,0.0,0.0,0.0
2025/12/15,09:40:42,0,0.0,206.0,467.0,245.0,11.0,207.0,4.0,4.0,0.0,0.0,0.0,0.0
2025/12/15,09:40:47,0,0.0,190.0,467.0,244.0,3.0,208.0,0.0,1.0,0.0,0.0,0.0,0.0
2025/12/15,09:40:52,0,0.0,194.0,466.0,245.0,7.0,208.0,1.0,2.0,0.0,0.0,0.0,0.0
2025/12/15,09:40:57,0,0.0,211.0,466.0,245.0,10.0,206.0,3.0,3.0,0.0,0.0,0.0,0.0
2025/12/15,09:41:02,0,0.0,190.0,467.0,245.0,2.0,208.0,0.0,0.0,0.0,0.0,0.0,0.0
2025/12/15,09:41:07,0,0.0,197.0,467.0,245.0,8.0,209.0,3.0,3.0,0.0,0.0,0.0,0.0
2025/12/15,09:41:12,0,0.0,206.0,464.0,245.0,8.0,205.0,4.0,2.0,0.0,0.0,0.0,0.0
2025/12/15,09:41:17,0,0.0,194.0,467.0,245.0,6.0,208.0,1.0,1.0,0.0,0.0,0.0,0.0
2025/12/15,09:41:22,0,0.0,192.0,466.0,245.0,8.0,207.0,1.0,1.0,0.0,0.0,0.0,0.0
2025/12/15,09:41:27,0,0.0,191.0,463.0,245.0,10.0,209.0,1.0,2.0,0.0,0.0,0.0,0.0
2025/12/15,09:41:32,0,0.0,197.0,466.0,245.0,6.0,209.0,0.0,1.0,0.0,0.0,0.0,0.0
2025/12/15,09:41:37,0,0.0,189.0,466.0,243.0,5.0,207.0,0.0,0.0,0.0,0.0,0.0,0.0
2025/12/15,09:41:42,0,0.0,206.0,467.0,245.0,8.0,207.0,4.0,2.0,0.0,0.0,0.0,0.0
2025/12/15,09:41:47,0,0.0,212.0,466.0,245.0,10.0,208.0,5.0,3.0,0.0,0.0,0.0,0.0
2025/12/15,09:41:52,0,0.0,199.0,467.0,245.0,13.0,208.0,5.0,4.0,0.0,0.0,0.0,0.0
2025/12/15,09:41:57,0,0.0,194.0,466.0,245.0,6.0,208.0,1.0,1.0,0.0,0.0,0.0,0.0
2025/12/15,09:42:02,0,0.0,194.0,467.0,245.0,3.0,207.0,0.0,0.0,0.0,0.0,0.0,0.0
2025/12/15,09:42:07,0,0.0,206.0,467.0,244.0,7.0,207.0,4.0,2.0,0.0,0.0,0.0,0.0
2025/12/15,09:42:46,0,0.0,210.0,468.0,246.0,11.0,208.0,5.0,4.0,0.0,0.0,0.0,0.0
2025/12/15,09:42:51,0,0.0,208.0,467.0,245.0,8.0,209.0,3.0,3.0,0.0,0.0,0.0,0.0
2025/12/15,09:42:56,0,0.0,200.0,465.0,245.0,16.0,208.0,5.0,4.0,0.0,0.0,0.0,0.0
2025/12/15,09:43:01,0,0.0,199.0,465.0,245.0,7.0,208.0,2.0,2.0,0.0,0.0,0.0,0.0
2025/12/15,09:43:06,0,0.0,201.0,468.0,245.0,8.0,208.0,3.0,2.0,0.0,0.0,0.0,0.0
2025/12/15,09:43:11,0,0.0,198.0,468.0,245.0,12.0,209.0,4.0,3.0,0.0,0.0,0.0,0.0
2025/12/15,09:43:16,0,0.0,193.0,466.0,245.0,3.0,208.0,0.0,0.0,0.0,0.0,0.0,0.0
2025/12/15,09:43:21,0,0.0,212.0,466.0,245.0,6.0,208.0,3.0,2.0,0.0,0.0,0.0,0.0
2025/12/15,09:43:26,0,0.0,196.0,466.0,245.0,10.0,207.0,3.0,2.0,0.0,0.0,0.0,0.0
2025/12/15,09:43:31,0,0.0,194.0,466.0,245.0,7.0,209.0,2.0,2.0,0.0,0.0,0.0,0.0
2025/12/15,09:43:36,0,0.0,195.0,467.0,246.0,10.0,209.0,2.0,2.0,0.0,0.0,0.0,0.0
2025/12/15,09:43:41,0,0.0,208.0,467.0,245.0,10.0,209.0,3.0,2.0,0.0,0.0,0.0,0.0
2025/12/15,09:43:46,0,0.0,195.0,467.0,246.0,13.0,208.0,2.0,2.0,0.0,0.0,0.0,0.0
2025/12/15,09:43:51,0,0.0,208.0,467.0,244.0,6.0,210.0,3.0,2.0,0.0,0.0,0.0,0.0
2025/12/15,09:43:56,0,0.0,195.0,467.0,245.0,8.0,209.0,2.0,3.0,0.0,0.0,0.0,0.0
2025/12/15,09:44:01,0,0.0,204.0,467.0,244.0,6.0,208.0,3.0,2.0,0.0,0.0,0.0,0.0
2025/12/15,09:44:06,0,0.0,193.0,466.0,245.0,8.0,208.0,2.0,2.0,0.0,0.0,0.0,0.0
2025/12/15,09:44:11,0,0.0,206.0,467.0,245.0,13.0,209.0,5.0,4.0,0.0,0.0,0.0,0.0
2025/12/15,09:44:16,0,0.0,192.0,466.0,245.0,5.0,208.0,1.0,1.0,0.0,0.0,0.0,0.0
2025/12/15,09:44:21,0,0.0,192.0,464.0,245.0,8.0,209.0,0.0,2.0,0.0,0.0,0.0,0.0
2025/12/15,09:44:26,0,0.0,211.0,465.0,245.0,8.0,209.0,4.0,3.0,0.0,0.0,0.0,0.0
2025/12/15,09:44:31,0,0.0,189.0,466.0,245.0,0.0,207.0,0.0,0.0,0.0,0.0,0.0,0.0
2025/12/15,09:44:36,0,0.0,194.0,467.0,245.0,8.0,208.0,1.0,2.0,0.0,0.0,0.0,0.0
2025/12/15,09:44:41,0,0.0,214.0,467.0,245.0,9.0,208.0,3.0,3.0,0.0,0.0,0.0,0.0
2025/12/15,09:44:46,0,0.0,188.0,466.0,245.0,0.0,208.0,0.0,0.0,0.0,0.0,0.0,0.0
2025/12/15,09:44:51,0,0.0,195.0,464.0,246.0,9.0,209.0,2.0,2.0,0.0,0.0,0.0,0.0
2025/12/15,09:44:56,0,0.0,215.0,467.0,245.0,7.0,208.0,4.0,3.0,0.0,0.0,0.0,0.0
2025/12/15,09:45:01,0,0.0,210.0,467.0,245.0,8.0,208.0,3.0,3.0,0.0,0.0,0.0,0.0
2025/12/15,09:45:06,0,0.0,208.0,467.0,245.0,7.0,207.0,3.0,2.0,0.0,0.0,0.0,0.0
2025/12/15,09:45:11,0,0.0,203.0,467.0,246.0,8.0,208.0,3.0,2.0,0.0,0.0,0.0,0.0
2025/12/15,09:45:16,0,0.0,188.0,466.0,245.0,2.0,207.0,1.0,1.0,0.0,0.0,0.0,0.0
2025/12/15,09:45:21,0,0.0,193.0,466.0,245.0,6.0,208.0,0.0,1.0,0.0,0.0,0.0,0.0
2025/12/15,09:45:26,0,0.0,194.0,467.0,245.0,8.0,207.0,2.0,2.0,0.0,0.0,0.0,0.0
2025/12/15,09:45:31,0,0.0,212.0,466.0,245.0,10.0,209.0,4.0,3.0,0.0,0.0,0.0,0.0
2025/12/15,09:45:36,0,0.0,195.0,466.0,245.0,3.0,208.0,1.0,1.0,0.0,0.0,0.0,0.0
2025/12/15,09:45:41,0,0.0,192.0,464.0,245.0,10.0,209.0,1.0,2.0,0.0,0.0,0.0,0.0
2025/12/15,09:45:46,0,0.0,203.0,468.0,246.0,13.0,208.0,5.0,4.0,0.0,0.0,0.0,0.0
2025/12/15,09:45:51,0,0.0,197.0,467.0,244.0,5.0,207.0,2.0,2.0,0.0,0.0,0.0,0.0
2025/12/15,09:45:56,0,0.0,194.0,467.0,245.0,9.0,208.0,1.0,1.0,0.0,0.0,0.0,0.0
2025/12/15,09:46:01,0,0.0,207.0,467.0,245.0,12.0,208.0,4.0,3.0,0.0,0.0,0.0,0.0
2025/12/15,09:46:06,0,0.0,187.0,467.0,246.0,4.0,209.0,0.0,0.0,0.0,0.0,0.0,0.0
2025/12/15,09:46:11,0,0.0,197.0,466.0,245.0,9.0,208.0,2.0,2.0,0.0,0.0,0.0,0.0
2025/12/15,09:46:16,0,0.0,205.0,466.0,245.0,8.0,208.0,3.0,3.0,0.0,0.0,0.0,0.0
2025/12/15,09:46:21,0,0.0,193.0,465.0,245.0,11.0,209.0,2.0,3.0,0.0,0.0,0.0,0.0
2025/12/15,09:46:26,0,0.0,216.0,467.0,245.0,9.0,208.0,4.0,3.0,0.0,0.0,0.0,0.0
2025/12/15,09:46:31,0,0.0,199.0,465.0,245.0,10.0,210.0,2.0,2.0,0.0,0.0,0.0,0.0
2025/12/15,09:46:36,0,0.0,212.0,467.0,246.0,9.0,208.0,3.0,3.0,0.0,0.0,0.0,0.0
2025/12/15,09:46:41,0,0.0,190.0,465.0,245.0,3.0,209.0,0.0,0.0,0.0,0.0,0.0,0.0
2025/12/15,09:46:46,0,0.0,193.0,466.0,245.0,9.0,209.0,1.0,2.0,0.0,0.0,0.0,0.0
2025/12/15,09:46:51,0,0.0,203.0,468.0,246.0,14.0,208.0,4.0,4.0,0.0,0.0,0.0,0.0
2025/12/15,09:46:56,0,0.0,205.0,467.0,245.0,6.0,209.0,3.0,2.0,0.0,0.0,0.0,0.0
2025/12/15,09:47:01,0,0.0,190.0,466.0,245.0,0.0,207.0,0.0,0.0,0.0,0.0,0.0,0.0
2025/12/15,09:47:06,0,0.0,192.0,466.0,245.0,8.0,209.0,1.0,2.0,0.0,0.0,0.0,0.0
2025/12/15,09:47:11,0,0.0,205.0,467.0,245.0,14.0,207.0,5.0,4.0,0.0,0.0,0.0,0.0
2025/12/15,09:47:16,0,0.0,196.0,466.0,245.0,5.0,208.0,2.0,2.0,0.0,0.0,0.0,0.0
2025/12/15,09:47:21,0,0.0,191.0,466.0,246.0,9.0,207.0,3.0,2.0,0.0,0.0,0.0,0.0
2025/12/15,09:47:26,0,0.0,214.0,467.0,245.0,9.0,209.0,4.0,3.0,0.0,0.0,0.0,0.0
2025/12/15,09:47:31,0,0.0,193.0,466.0,245.0,1.0,208.0,0.0,0.0,0.0,0.0,0.0,0.0
2025/12/15,09:47:36,0,0.0,198.0,467.0,245.0,16.0,207.0,5.0,4.0,0.0,0.0,0.0,0.0
2025/12/15,09:47:41,0,0.0,188.0,466.0,245.0,8.0,208.0,0.0,0.0,0.0,0.0,0.0,0.0
2025/12/15,09:47:46,0,0.0,202.0,468.0,246.0,15.0,207.0,6.0,4.0,0.0,0.0,0.0,0.0
2025/12/15,09:47:51,0,0.0,192.0,466.0,245.0,2.0,207.0,0.0,0.0,0.0,0.0,0.0,0.0
2025/12/15,09:47:56,0,0.0,209.0,468.0,246.0,12.0,208.0,5.0,4.0,0.0,0.0,0.0,0.0
2025/12/15,09:48:01,0,0.0,199.0,466.0,245.0,7.0,209.0,1.0,1.0,0.0,0.0,0.0,0.0
2025/12/15,09:48:06,0,0.0,217.0,468.0,245.0,8.0,209.0,3.0,2.0,0.0,0.0,0.0,0.0
2025/12/15,09:48:11,0,0.0,193.0,465.0,245.0,9.0,209.0,2.0,2.0,0.0,0.0,0.0,0.0
2025/12/15,09:48:16,0,0.0,211.0,467.0,245.0,8.0,208.0,3.0,2.0,0.0,0.0,0.0,0.0
2025/12/15,09:48:21,0,0.0,195.0,466.0,245.0,8.0,209.0,2.0,2.0,0.0,0.0,0.0,0.0
2025/12/15,09:48:26,0,0.0,215.0,467.0,246.0,9.0,208.0,4.0,3.0,0.0,0.0,0.0,0.0
2025/12/15,09:48:31,0,0.0,193.0,467.0,246.0,3.0,208.0,0.0,0.0,0.0,0.0,0.0,0.0
2025/12/15,09:48:36,0,0.0,198.0,467.0,244.0,13.0,207.0,6.0,3.0,0.0,0.0,0.0,0.0
2025/12/15,09:48:41,0,0.0,198.0,466.0,245.0,7.0,207.0,3.0,3.0,0.0,0.0,0.0,0.0
2025/12/15,09:48:46,0,0.0,193.0,467.0,247.0,6.0,207.0,1.0,1.0,0.0,0.0,0.0,0.0
2025/12/15,09:48:51,0,0.0,209.0,466.0,244.0,8.0,209.0,2.0,3.0,0.0,0.0,0.0,0.0
2025/12/15,09:48:56,0,0.0,195.0,467.0,246.0,9.0,208.0,1.0,2.0,0.0,0.0,0.0,0.0
2025/12/15,09:49:01,0,0.0,198.0,466.0,244.0,11.0,208.0,1.0,1.0,0.0,0.0,0.0,0.0
2025/12/15,09:49:06,0,0.0,197.0,466.0,246.0,10.0,207.0,3.0,3.0,0.0,0.0,0.0,0.0
2025/12/15,09:49:11,0,0.0,191.0,467.0,245.0,2.0,209.0,1.0,1.0,0.0,0.0,0.0,0.0
2025/12/15,09:49:16,0,0.0,200.0,468.0,245.0,14.0,208.0,4.0,4.0,0.0,0.0,0.0,0.0
2025/12/15,09:49:21,0,0.0,192.0,466.0,246.0,3.0,208.0,0.0,0.0,0.0,0.0,0.0,0.0
2025/12/15,09:49:26,0,0.0,211.0,466.0,245.0,7.0,208.0,3.0,2.0,0.0,0.0,0.0,0.0
2025/12/15,09:49:31,0,0.0,200.0,467.0,245.0,13.0,208.0,5.0,4.0,0.0,0.0,0.0,0.0
2025/12/15,09:49:36,0,0.0,194.0,466.0,244.0,7.0,207.0,1.0,1.0,0.0,0.0,0.0,0.0
2025/12/15,09:49:41,0,0.0,192.0,466.0,246.0,8.0,208.0,0.0,2.0,0.0,0.0,0.0,0.0
2025/12/15,09:49:46,0,0.0,193.0,467.0,246.0,8.0,208.0,2.0,2.0,0.0,0.0,0.0,0.0
2025/12/15,09:49:51,0,0.0,210.0,467.0,246.0,12.0,209.0,4.0,3.0,0.0,0.0,0.0,0.0
2025/12/15,09:49:56,0,0.0,188.0,466.0,246.0,0.0,207.0,0.0,0.0,0.0,0.0,0.0,0.0
2025/12/15,09:50:01,0,0.0,196.0,466.0,244.0,10.0,208.0,3.0,3.0,0.0,0.0,0.0,0.0
2025/12/15,09:50:06,0,0.0,192.0,466.0,246.0,3.0,208.0,1.0,1.0,0.0,0.0,0.0,0.0
2025/12/15,09:50:11,0,0.0,204.0,467.0,245.0,14.0,207.0,5.0,4.0,0.0,0.0,0.0,0.0
2025/12/15,09:50:16,0,0.0,196.0,465.0,246.0,10.0,210.0,2.0,2.0,0.0,0.0,0.0,0.0
2025/12/15,09:50:21,0,0.0,211.0,467.0,245.0,4.0,209.0,3.0,3.0,0.0,0.0,0.0,0.0
2025/12/15,09:50:26,0,0.0,191.0,467.0,247.0,7.0,208.0,2.0,1.0,0.0,0.0,0.0,0.0
2025/12/15,09:50:31,0,0.0,212.0,468.0,245.0,8.0,208.0,3.0,2.0,0.0,0.0,0.0,0.0
2025/12/15,09:50:36,0,0.0,193.0,467.0,244.0,11.0,207.0,2.0,2.0,0.0,0.0,0.0,0.0
2025/12/15,09:50:41,0,1.0,212.0,467.0,245.0,6.0,208.0,3.0,1.0,0.0,0.0,0.0,0.0
2025/12/15,09:50:46,0,0.0,199.0,465.0,246.0,9.0,208.0,2.0,2.0,0.0,0.0,0.0,0.0
2025/12/15,09:50:51,0,0.0,208.0,467.0,246.0,10.0,209.0,4.0,2.0,0.0,0.0,0.0,0.0
2025/12/15,09:50:56,0,0.0,196.0,467.0,246.0,8.0,209.0,2.0,2.0,0.0,0.0,0.0,0.0
2025/12/15,09:51:01,0,0.0,188.0,466.0,245.0,4.0,209.0,0.0,0.0,0.0,0.0,0.0,0.0
2025/12/15,09:51:06,0,0.0,204.0,466.0,245.0,15.0,209.0,5.0,5.0,0.0,0.0,0.0,0.0
2025/12/15,09:51:11,0,0.0,196.0,464.0,246.0,7.0,208.0,0.0,1.0,0.0,0.0,0.0,0.0
2025/12/15,09:51:16,0,0.0,213.0,467.0,245.0,5.0,207.0,3.0,2.0,0.0,0.0,0.0,0.0
2025/12/15,09:51:21,0,0.0,193.0,466.0,245.0,9.0,209.0,1.0,2.0,0.0,0.0,0.0,0.0
2025/12/15,09:51:26,0,0.0,204.0,468.0,245.0,6.0,208.0,3.0,2.0,0.0,0.0,0.0,0.0
2025/12/15,09:51:31,0,0.0,195.0,467.0,246.0,9.0,209.0,1.0,2.0,0.0,0.0,0.0,0.0
2025/12/15,09:51:36,0,0.0,201.0,467.0,246.0,7.0,208.0,2.0,2.0,0.0,0.0,0.0,0.0
2025/12/15,09:51:41,0,0.0,196.0,467.0,245.0,9.0,208.0,2.0,2.0,0.0,0.0,0.0,0.0
2025/12/15,09:51:46,0,0.0,201.0,467.0,246.0,7.0,207.0,4.0,2.0,0.0,0.0,0.0,0.0
2025/12/15,09:51:51,0,0.0,197.0,466.0,246.0,10.0,207.0,3.0,3.0,0.0,0.0,0.0,0.0
2025/12/15,09:51:56,0,0.0,196.0,466.0,246.0,5.0,208.0,2.0,2.0,0.0,0.0,0.0,0.0
2025/12/15,09:52:01,0,0.0,192.0,466.0,245.0,6.0,208.0,1.0,2.0,0.0,0.0,0.0,0.0
2025/12/15,09:52:06,0,0.0,207.0,468.0,246.0,12.0,207.0,5.0,3.0,0.0,0.0,0.0,0.0
2025/12/15,09:52:11,0,0.0,207.0,467.0,246.0,9.0,209.0,3.0,2.0,0.0,0.0,0.0,0.0
2025/12/15,09:52:16,0,0.0,189.0,466.0,246.0,0.0,207.0,0.0,0.0,0.0,0.0,0.0,0.0
2025/12/15,09:52:46,0,0.0,199.0,466.0,244.0,7.0,208.0,2.0,2.0,0.0,0.0,0.0,0.0
2025/12/15,09:52:50,0,0.0,204.0,466.0,245.0,8.0,207.0,3.0,2.0,0.0,0.0,0.0,0.0
2025/12/15,09:52:55,0,0.0,199.0,467.0,246.0,11.0,208.0,5.0,4.0,0.0,0.0,0.0,0.0
2025/12/15,09:53:00,0,0.0,198.0,466.0,246.0,7.0,208.0,1.0,1.0,0.0,0.0,0.0,0.0
2025/12/15,09:53:05,0,0.0,201.0,467.0,245.0,9.0,209.0,2.0,3.0,0.0,0.0,0.0,0.0
2025/12/15,09:53:10,0,0.0,214.0,467.0,244.0,6.0,209.0,3.0,2.0,0.0,0.0,0.0,0.0
2025/12/15,09:53:15,0,0.0,209.0,467.0,246.0,10.0,208.0,4.0,3.0,0.0,0.0,0.0,0.0
2025/12/15,09:53:20,0,0.0,206.0,467.0,246.0,12.0,209.0,5.0,3.0,0.0,0.0,0.0,0.0
2025/12/15,09:53:25,0,0.0,207.0,465.0,246.0,12.0,209.0,5.0,4.0,0.0,0.0,0.0,0.0
2025/12/15,09:53:30,0,0.0,203.0,468.0,246.0,14.0,209.0,5.0,5.0,0.0,0.0,0.0,0.0
2025/12/15,09:53:35,0,0.0,200.0,465.0,246.0,17.0,209.0,6.0,5.0,0.0,0.0,0.0,0.0
2025/12/15,09:53:40,0,0.0,199.0,467.0,246.0,14.0,208.0,5.0,4.0,0.0,0.0,0.0,0.0
2025/12/15,09:53:45,0,0.0,195.0,465.0,246.0,10.0,207.0,3.0,3.0,0.0,0.0,0.0,0.0
2025/12/15,09:53:50,0,0.0,191.0,465.0,246.0,8.0,209.0,1.0,2.0,0.0,0.0,0.0,0.0
2025/12/15,09:53:55,0,0.0,191.0,466.0,245.0,3.0,207.0,0.0,0.0,0.0,0.0,0.0,0.0
2025/12/15,09:54:00,0,0.0,209.0,467.0,245.0,7.0,209.0,2.0,2.0,0.0,0.0,0.0,0.0
2025/12/15,09:54:05,0,0.0,196.0,466.0,246.0,11.0,207.0,5.0,4.0,0.0,0.0,0.0,0.0
2025/12/15,09:54:10,0,0.0,191.0,466.0,246.0,8.0,208.0,1.0,2.0,0.0,0.0,0.0,0.0
2025/12/15,09:54:15,0,0.0,195.0,466.0,245.0,6.0,208.0,0.0,1.0,0.0,0.0,0.0,0.0
2025/12/15,09:54:20,0,0.0,190.0,465.0,246.0,1.0,209.0,0.0,0.0,0.0,0.0,0.0,0.0
2025/12/15,09:54:25,0,0.0,193.0,466.0,246.0,5.0,207.0,2.0,1.0,0.0,0.0,0.0,0.0
2025/12/15,09:54:30,0,0.0,197.0,465.0,246.0,7.0,209.0,3.0,2.0,0.0,0.0,0.0,0.0
2025/12/15,09:54:35,0,0.0,199.0,467.0,246.0,8.0,209.0,2.0,2.0,0.0,0.0,0.0,0.0
2025/12/15,09:54:40,0,0.0,197.0,466.0,246.0,8.0,209.0,2.0,2.0,0.0,0.0,0.0,0.0
2025/12/15,09:54:45,0,0.0,188.0,466.0,246.0,2.0,209.0,0.0,0.0,0.0,0.0,0.0,0.0
2025/12/15,09:54:50,0,0.0,189.0,466.0,245.0,1.0,207.0,0.0,0.0,0.0,0.0,0.0,0.0
2025/12/15,09:54:55,0,0.0,198.0,466.0,245.0,7.0,208.0,3.0,2.0,0.0,0.0,0.0,0.0
2025/12/15,09:55:00,0,0.0,204.0,467.0,245.0,14.0,209.0,5.0,4.0,0.0,0.0,0.0,0.0
2025/12/15,09:55:05,0,0.0,199.0,465.0,246.0,9.0,208.0,1.0,2.0,0.0,0.0,0.0,0.0
2025/12/15,09:55:10,0,0.0,207.0,467.0,245.0,8.0,209.0,2.0,2.0,0.0,0.0,0.0,0.0
2025/12/15,09:55:15,0,0.0,197.0,467.0,246.0,10.0,208.0,4.0,3.0,0.0,0.0,0.0,0.0
2025/12/15,09:55:20,0,0.0,195.0,466.0,245.0,3.0,207.0,0.0,0.0,0.0,0.0,0.0,0.0
2025/12/15,09:55:25,0,0.0,209.0,467.0,244.0,7.0,207.0,4.0,3.0,0.0,0.0,0.0,0.0
2025/12/15,09:55:30,0,0.0,199.0,467.0,245.0,13.0,208.0,5.0,4.0,0.0,0.0,0.0,0.0
2025/12/15,09:55:35,0,0.0,197.0,466.0,246.0,8.0,208.0,1.0,2.0,0.0,0.0,0.0,0.0
2025/12/15,09:55:40,0,0.0,202.0,467.0,246.0,6.0,208.0,2.0,2.0,0.0,0.0,0.0,0.0
2025/12/15,09:55:45,0,0.0,205.0,468.0,246.0,13.0,209.0,5.0,4.0,0.0,0.0,0.0,0.0
2025/12/15,09:55:50,0,0.0,197.0,466.0,245.0,8.0,208.0,1.0,2.0,0.0,0.0,0.0,0.0
2025/12/15,09:55:55,0,0.0,206.0,467.0,245.0,6.0,208.0,3.0,2.0,0.0,0.0,0.0,0.0
2025/12/15,09:56:00,0,0.0,198.0,467.0,246.0,12.0,208.0,3.0,3.0,0.0,0.0,0.0,0.0
2025/12/15,09:56:05,0,0.0,193.0,464.0,246.0,5.0,208.0,0.0,0.0,0.0,0.0,0.0,0.0
2025/12/15,09:56:10,0,0.0,213.0,467.0,245.0,5.0,209.0,3.0,2.0,0.0,0.0,0.0,0.0
2025/12/15,09:56:15,0,0.0,197.0,464.0,245.0,10.0,207.0,3.0,2.0,0.0,0.0,0.0,0.0
2025/12/15,09:56:20,0,0.0,189.0,466.0,246.0,0.0,209.0,0.0,0.0,0.0,0.0,0.0,0.0
2025/12/15,09:56:25,0,0.0,204.0,467.0,246.0,14.0,209.0,5.0,5.0,0.0,0.0,0.0,0.0
2025/12/15,09:56:30,0,0.0,192.0,465.0,246.0,2.0,208.0,0.0,0.0,0.0,0.0,0.0,0.0
2025/12/15,09:56:35,0,0.0,206.0,464.0,246.0,13.0,208.0,5.0,4.0,0.0,0.0,0.0,0.0
2025/12/15,09:56:40,0,0.0,199.0,467.0,246.0,11.0,208.0,1.0,2.0,0.0,0.0,0.0,0.0
2025/12/15,09:56:45,0,0.0,201.0,467.0,246.0,6.0,209.0,1.0,2.0,0.0,0.0,0.0,0.0
2025/12/15,09:56:50,0,0.0,205.0,468.0,246.0,13.0,209.0,4.0,4.0,0.0,0.0,0.0,0.0
2025/12/15,09:56:55,0,0.0,199.0,466.0,245.0,8.0,207.0,2.0,2.0,0.0,0.0,0.0,0.0
2025/12/15,09:57:00,0,0.0,208.0,467.0,246.0,8.0,208.0,3.0,2.0,0.0,0.0,0.0,0.0
2025/12/15,09:57:05,0,0.0,198.0,467.0,246.0,11.0,208.0,2.0,3.0,0.0,0.0,0.0,0.0
2025/12/15,09:57:10,0,0.0,189.0,466.0,246.0,0.0,208.0,0.0,0.0,0.0,0.0,0.0,0.0
2025/12/15,09:57:15,0,0.0,207.0,466.0,245.0,12.0,208.0,5.0,4.0,0.0,0.0,0.0,0.0
2025/12/15,09:57:20,0,0.0,199.0,465.0,246.0,9.0,209.0,1.0,2.0,0.0,0.0,0.0,0.0
2025/12/15,09:57:25,0,0.0,208.0,468.0,245.0,7.0,208.0,3.0,2.0,0.0,0.0,0.0,0.0
2025/12/15,09:57:30,0,0.0,194.0,467.0,246.0,7.0,208.0,2.0,2.0,0.0,0.0,0.0,0.0
2025/12/15,09:57:35,0,0.0,208.0,467.0,246.0,8.0,208.0,3.0,3.0,0.0,0.0,0.0,0.0
2025/12/15,09:57:40,0,0.0,190.0,466.0,246.0,0.0,208.0,1.0,1.0,0.0,0.0,0.0,0.0
2025/12/15,09:57:45,0,0.0,191.0,466.0,246.0,0.0,208.0,0.0,0.0,0.0,0.0,0.0,0.0
2025/12/15,09:57:50,0,0.0,193.0,466.0,246.0,2.0,208.0,0.0,0.0,0.0,0.0,0.0,0.0
2025/12/15,09:57:55,0,0.0,196.0,466.0,246.0,15.0,208.0,2.0,2.0,0.0,0.0,0.0,0.0
2025/12/15,09:58:00,0,0.0,198.0,467.0,246.0,11.0,209.0,2.0,3.0,0.0,0.0,0.0,0.0
2025/12/15,09:58:05,0,0.0,207.0,467.0,245.0,13.0,208.0,5.0,4.0,0.0,0.0,0.0,0.0
2025/12/15,09:58:10,0,0.0,208.0,467.0,246.0,7.0,208.0,3.0,2.0,0.0,0.0,0.0,0.0
2025/12/15,09:58:15,0,0.0,191.0,464.0,246.0,2.0,209.0,0.0,0.0,0.0,0.0,0.0,0.0
2025/12/15,09:58:20,0,0.0,192.0,466.0,245.0,8.0,209.0,1.0,2.0,0.0,0.0,0.0,0.0
2025/12/15,09:58:25,0,0.0,203.0,465.0,246.0,14.0,209.0,5.0,4.0,0.0,0.0,0.0,0.0
2025/12/15,09:58:30,0,0.0,205.0,465.0,246.0,8.0,209.0,3.0,2.0,0.0,0.0,0.0,0.0
2025/12/15,09:58:35,0,0.0,199.0,466.0,246.0,8.0,208.0,1.0,2.0,0.0,0.0,0.0,0.0
2025/12/15,09:58:40,0,0.0,212.0,468.0,246.0,9.0,208.0,4.0,2.0,0.0,0.0,0.0,0.0
2025/12/15,09:58:45,0,0.0,192.0,467.0,246.0,9.0,208.0,1.0,3.0,0.0,0.0,0.0,0.0
2025/12/15,09:58:50,0,0.0,198.0,465.0,245.0,8.0,207.0,2.0,2.0,0.0,0.0,0.0,0.0
2025/12/15,09:58:55,0,0.0,202.0,467.0,246.0,14.0,209.0,5.0,4.0,0.0,0.0,0.0,0.0
2025/12/15,09:59:00,0,0.0,192.0,464.0,246.0,3.0,208.0,0.0,0.0,0.0,0.0,0.0,0.0
2025/12/15,09:59:05,0,0.0,211.0,467.0,245.0,10.0,208.0,4.0,3.0,0.0,0.0,0.0,0.0
2025/12/15,09:59:10,0,0.0,201.0,466.0,246.0,8.0,209.0,2.0,2.0,0.0,0.0,0.0,0.0
2025/12/15,09:59:15,0,0.0,213.0,466.0,244.0,9.0,208.0,4.0,3.0,0.0,0.0,0.0,0.0
2025/12/15,09:59:20,0,0.0,190.0,466.0,246.0,2.0,209.0,0.0,0.0,0.0,0.0,0.0,0.0
2025/12/15,09:59:25,0,0.0,196.0,466.0,245.0,8.0,207.0,2.0,2.0,0.0,0.0,0.0,0.0
2025/12/15,09:59:30,0,0.0,210.0,468.0,246.0,11.0,208.0,4.0,4.0,0.0,0.0,0.0,0.0
2025/12/15,09:59:35,0,0.0,206.0,467.0,246.0,6.0,207.0,3.0,2.0,0.0,0.0,0.0,0.0
2025/12/15,09:59:40,0,0.0,192.0,466.0,246.0,3.0,208.0,0.0,0.0,0.0,0.0,0.0,0.0
2025/12/15,09:59:45,0,0.0,195.0,466.0,245.0,11.0,207.0,2.0,1.0,0.0,0.0,0.0,0.0
2025/12/15,09:59:50,0,0.0,197.0,465.0,246.0,13.0,207.0,4.0,3.0,0.0,0.0,0.0,0.0
2025/12/15,09:59:55,0,0.0,206.0,466.0,246.0,12.0,208.0,5.0,4.0,0.0,0.0,0.0,0.0
2025/12/15,10:00:00,0,0.0,206.0,510.0,246.0,175.0,211.0,35.0,8.0,0.0,0.0,0.0,0.0
2025/12/15,10:00:05,0,0.0,190.0,467.0,246.0,26.0,209.0,0.0,0.0,0.0,0.0,0.0,-0.0008
2025/12/15,10:00:10,0,0.0,199.0,467.0,245.0,13.0,208.0,1.0,2.0,0.0,0.0,0.0,0.0
2025/12/15,10:00:15,0,0.0,198.0,465.0,246.0,13.0,207.0,2.0,2.0,0.0,0.0,0.0,0.0
2025/12/15,10:00:20,0,0.0,208.0,465.0,246.0,13.0,208.0,4.0,4.0,0.0,0.0,0.0,0.0
2025/12/15,10:00:25,0,0.0,206.0,467.0,243.0,9.0,208.0,3.0,2.0,0.0,0.0,0.0,0.0
2025/12/15,10:00:30,0,0.0,192.0,466.0,245.0,1.0,209.0,0.0,0.0,0.0,0.0,0.0,0.0
2025/12/15,10:00:35,0,0.0,192.0,465.0,246.0,22.0,207.0,1.0,2.0,0.0,0.0,0.0,0.0
2025/12/15,10:00:40,0,0.0,205.0,463.0,246.0,10.0,209.0,0.0,0.0,0.0,0.0,0.0,0.0
2025/12/15,10:00:45,0,0.0,199.0,464.0,247.0,21.0,208.0,4.0,3.0,0.0,0.0,0.0,0.0
2025/12/15,10:00:50,0,0.0,193.0,465.0,245.0,17.0,208.0,2.0,3.0,0.0,0.0,0.0,0.0
2025/12/15,10:00:55,0,0.0,217.0,466.0,246.0,1.0,208.0,0.0,1.0,0.0,0.0,0.0,0.0
2025/12/15,10:01:00,0,0.0,198.0,465.0,246.0,22.0,208.0,4.0,4.0,0.0,0.0,0.0,0.0
2025/12/15,10:01:05,0,0.0,214.0,466.0,245.0,0.0,208.0,1.0,1.0,0.0,0.0,0.0,0.0
2025/12/15,10:01:10,0,0.0,196.0,466.0,245.0,23.0,209.0,3.0,4.0,0.0,0.0,0.0,0.0
2025/12/15,10:01:15,0,0.0,214.0,467.0,246.0,0.0,209.0,1.0,0.0,0.0,0.0,0.0,0.0
2025/12/15,10:01:20,0,0.0,199.0,465.0,245.0,22.0,208.0,4.0,4.0,0.0,0.0,0.0,0.0
2025/12/15,10:01:25,0,0.0,211.0,467.0,245.0,0.0,208.0,1.0,0.0,0.0,0.0,0.0,0.0
2025/12/15,10:01:30,0,0.0,195.0,466.0,244.0,11.0,209.0,1.0,2.0,0.0,0.0,0.0,0.0
2025/12/15,10:01:35,0,0.0,201.0,467.0,246.0,17.0,209.0,3.0,3.0,0.0,0.0,0.0,0.0
2025/12/15,10:01:40,0,0.0,197.0,467.0,246.0,4.0,209.0,0.0,2.0,0.0,0.0,0.0,0.0
2025/12/15,10:01:45,0,0.0,201.0,467.0,246.0,17.0,208.0,4.0,3.0,0.0,0.0,0.0,0.0
2025/12/15,10:01:50,0,0.0,197.0,464.0,246.0,9.0,209.0,0.0,1.0,0.0,0.0,0.0,0.0
2025/12/15,10:01:55,0,0.0,197.0,465.0,245.0,19.0,208.0,4.0,4.0,0.0,0.0,0.0,0.0
2025/12/15,10:02:00,0,0.0,201.0,469.0,246.0,1.0,209.0,1.0,1.0,0.0,0.0,0.0,0.0
2025/12/15,10:02:05,0,0.0,193.0,466.0,244.0,24.0,208.0,4.0,3.0,0.0,0.0,0.0,0.0
2025/12/15,10:02:10,0,0.0,215.0,467.0,245.0,0.0,209.0,1.0,0.0,0.0,0.0,0.0,0.0
2025/12/15,10:02:15,0,0.0,195.0,466.0,246.0,15.0,209.0,2.0,2.0,0.0,0.0,0.0,0.0
2025/12/15,10:02:20,0,0.0,200.0,468.0,246.0,16.0,209.0,4.0,3.0,0.0,0.0,0.0,0.0
2025/12/15,10:02:25,0,0.0,199.0,465.0,246.0,1.0,208.0,0.0,0.0,0.0,0.0,0.0,0.0
2025/12/15,10:03:04,0,0.0,213.0,467.0,246.0,0.0,209.0,0.0,0.0,0.0,0.0,0.0,0.0
2025/12/15,10:03:09,0,0.0,209.0,465.0,246.0,0.0,210.0,2.0,1.0,0.0,0.0,0.0,0.0
2025/12/15,10:03:14,0,0.0,193.0,465.0,246.0,16.0,207.0,3.0,2.0,0.0,0.0,0.0,0.0
2025/12/15,10:03:19,0,0.0,191.0,467.0,246.0,20.0,208.0,5.0,4.0,0.0,0.0,0.0,0.0
2025/12/15,10:03:24,0,0.0,208.0,468.0,246.0,1.0,209.0,1.0,0.0,0.0,0.0,0.0,0.0
2025/12/15,10:03:29,0,0.0,200.0,467.0,246.0,22.0,209.0,4.0,3.0,0.0,0.0,0.0,0.0
2025/12/15,10:03:34,0,0.0,214.0,467.0,245.0,1.0,209.0,1.0,0.0,0.0,0.0,0.0,0.0
2025/12/15,10:03:39,0,0.0,199.0,467.0,246.0,21.0,210.0,3.0,4.0,0.0,0.0,0.0,0.0
2025/12/15,10:03:44,0,0.0,216.0,464.0,246.0,0.0,209.0,1.0,0.0,0.0,0.0,0.0,0.0
2025/12/15,10:03:49,0,0.0,193.0,466.0,245.0,19.0,208.0,4.0,3.0,0.0,0.0,0.0,0.0
2025/12/15,10:03:54,0,0.0,208.0,468.0,247.0,7.0,208.0,2.0,2.0,0.0,0.0,0.0,0.0
2025/12/15,10:03:59,0,0.0,194.0,467.0,246.0,9.0,208.0,1.0,2.0,0.0,0.0,0.0,0.0
2025/12/15,10:04:04,0,0.0,198.0,466.0,246.0,20.0,208.0,4.0,4.0,0.0,0.0,0.0,0.0
2025/12/15,10:04:09,0,0.0,198.0,467.0,245.0,0.0,209.0,0.0,0.0,0.0,0.0,0.0,0.0
2025/12/15,10:04:14,0,0.0,193.0,466.0,246.0,23.0,208.0,4.0,2.0,0.0,0.0,0.0,0.0
2025/12/15,10:04:19,0,0.0,215.0,467.0,246.0,0.0,207.0,2.0,1.0,0.0,0.0,0.0,0.0
2025/12/15,10:04:24,0,0.0,199.0,465.0,246.0,0.0,209.0,0.0,0.0,0.0,0.0,0.0,0.0
2025/12/15,10:04:29,0,0.0,198.0,466.0,246.0,21.0,209.0,4.0,3.0,0.0,0.0,0.0,0.0
2025/12/15,10:04:34,0,0.0,191.0,467.0,247.0,22.0,209.0,4.0,4.0,0.0,0.0,0.0,0.0
2025/12/15,10:04:39,0,0.0,205.0,468.0,244.0,10.0,208.0,2.0,2.0,0.0,0.0,0.0,0.0
2025/12/15,10:04:44,0,0.0,215.0,467.0,246.0,0.0,208.0,1.0,0.0,0.0,0.0,0.0,0.0
2025/12/15,10:04:49,0,0.0,201.0,464.0,244.0,0.0,209.0,0.0,0.0,0.0,0.0,0.0,0.0
2025/12/15,10:04:54,0,0.0,195.0,465.0,244.0,16.0,209.0,3.0,3.0,0.0,0.0,0.0,0.0
2025/12/15,10:04:59,0,0.0,189.0,464.0,246.0,24.0,209.0,4.0,4.0,0.0,0.0,0.0,0.0
2025/12/15,10:05:04,0,0.0,217.0,467.0,245.0,0.0,209.0,1.0,0.0,0.0,0.0,0.0,0.0
2025/12/15,10:05:09,0,0.0,200.0,467.0,244.0,0.0,210.0,0.0,0.0,0.0,0.0,0.0,0.0
2025/12/15,10:05:14,0,0.0,194.0,466.0,245.0,18.0,208.0,3.0,4.0,0.0,0.0,0.0,0.0
2025/12/15,10:05:19,0,0.0,199.0,466.0,246.0,25.0,209.0,4.0,4.0,0.0,0.0,0.0,0.0
2025/12/15,10:05:24,0,0.0,197.0,466.0,245.0,24.0,208.0,5.0,3.0,0.0,0.0,0.0,0.0
2025/12/15,10:05:29,0,0.0,189.0,466.0,245.0,27.0,207.0,5.0,4.0,0.0,0.0,0.0,0.0
2025/12/15,10:05:34,0,0.0,216.0,467.0,246.0,0.0,208.0,1.0,0.0,0.0,0.0,0.0,0.0
2025/12/15,10:05:39,0,0.0,193.0,466.0,247.0,23.0,209.0,4.0,4.0,0.0,0.0,0.0,0.0
2025/12/15,10:05:44,0,0.0,212.0,467.0,247.0,5.0,208.0,1.0,0.0,0.0,0.0,0.0,0.0
2025/12/15,10:05:49,0,0.0,194.0,466.0,246.0,20.0,208.0,3.0,3.0,0.0,0.0,0.0,0.0
2025/12/15,10:05:54,0,0.0,202.0,465.0,246.0,18.0,208.0,5.0,3.0,0.0,0.0,0.0,0.0
2025/12/15,10:05:59,0,0.0,203.0,467.0,246.0,0.0,208.0,0.0,1.0,0.0,0.0,0.0,0.0
2025/12/15,10:06:04,0,0.0,196.0,467.0,246.0,24.0,208.0,4.0,4.0,0.0,0.0,0.0,0.0
2025/12/15,10:06:09,0,0.0,209.0,467.0,246.0,0.0,208.0,0.0,0.0,0.0,0.0,0.0,0.0
2025/12/15,10:06:14,0,0.0,196.0,466.0,246.0,25.0,209.0,5.0,4.0,0.0,0.0,0.0,0.0
2025/12/15,10:06:19,0,0.0,216.0,467.0,246.0,0.0,208.0,1.0,0.0,0.0,0.0,0.0,0.0
2025/12/15,10:06:24,0,0.0,198.0,467.0,246.0,8.0,210.0,2.0,1.0,0.0,0.0,0.0,0.0
2025/12/15,10:06:29,0,0.0,193.0,466.0,246.0,25.0,208.0,4.0,4.0,0.0,0.0,0.0,0.0
2025/12/15,10:06:34,0,0.0,216.0,465.0,246.0,0.0,209.0,1.0,1.0,0.0,0.0,0.0,0.0
2025/12/15,10:06:39,0,0.0,197.0,467.0,246.0,9.0,208.0,1.0,2.0,0.0,0.0,0.0,0.0
2025/12/15,10:06:44,64,0.0,197.0,467.0,246.0,9.0,208.0,1.0,2.0,0.0,0.0,0.0,0.0
2025/12/15,10:06:49,0,0.0,193.0,466.0,246.0,22.0,209.0,3.0,2.0,0.0,0.0,0.0,0.0
2025/12/15,10:06:54,0,0.0,195.0,466.0,246.0,24.0,208.0,5.0,4.0,0.0,0.0,0.0,0.0
2025/12/15,10:06:59,0,0.0,203.0,464.0,246.0,14.0,210.0,3.0,3.0,0.0,0.0,0.0,0.0
2025/12/15,10:07:04,0,0.0,204.0,467.0,246.0,0.0,209.0,0.0,0.0,0.0,0.0,0.0,0.0
2025/12/15,10:07:09,0,0.0,192.0,466.0,246.0,21.0,208.0,3.0,4.0,0.0,0.0,0.0,0.0
2025/12/15,10:07:14,0,0.0,190.0,465.0,246.0,24.0,208.0,4.0,4.0,0.0,0.0,0.0,0.0
2025/12/15,10:07:19,0,0.0,214.0,467.0,245.0,1.0,207.0,0.0,1.0,0.0,0.0,0.0,0.0
2025/12/15,10:07:24,0,0.0,198.0,467.0,246.0,1.0,208.0,0.0,1.0,0.0,0.0,0.0,0.0
2025/12/15,10:07:29,0,0.0,199.0,467.0,246.0,25.0,209.0,5.0,4.0,0.0,0.0,0.0,0.0
2025/12/15,10:07:34,0,0.0,200.0,466.0,245.0,17.0,208.0,3.0,3.0,0.0,0.0,0.0,0.0
2025/12/15,10:07:39,0,0.0,208.0,467.0,246.0,0.0,208.0,0.0,0.0,0.0,0.0,0.0,0.0
2025/12/15,10:07:44,0,0.0,194.0,466.0,246.0,17.0,208.0,4.0,3.0,0.0,0.0,0.0,0.0
2025/12/15,10:07:49,0,0.0,193.0,466.0,246.0,25.0,209.0,4.0,4.0,0.0,0.0,0.0,0.0
2025/12/15,10:07:54,0,0.0,207.0,466.0,246.0,8.0,209.0,1.0,1.0,0.0,0.0,0.0,0.0
2025/12/15,10:07:59,0,0.0,209.0,468.0,246.0,0.0,208.0,0.0,0.0,0.0,0.0,0.0,0.0
2025/12/15,10:08:04,0,0.0,195.0,466.0,246.0,12.0,209.0,2.0,3.0,0.0,0.0,0.0,0.0
2025/12/15,10:08:09,0,0.0,195.0,466.0,244.0,26.0,209.0,4.0,4.0,0.0,0.0,0.0,0.0
2025/12/15,10:08:14,0,0.0,202.0,466.0,248.0,10.0,208.0,2.0,2.0,0.0,0.0,0.0,0.0
2025/12/15,10:08:19,0,0.0,209.0,468.0,246.0,0.0,210.0,1.0,0.0,0.0,0.0,0.0,0.0
2025/12/15,10:08:24,0,0.0,195.0,466.0,245.0,16.0,208.0,2.0,3.0,0.0,0.0,0.0,0.0
2025/12/15,10:08:29,0,0.0,192.0,466.0,246.0,26.0,209.0,5.0,4.0,0.0,0.0,0.0,0.0
2025/12/15,10:08:34,0,0.0,200.0,466.0,246.0,18.0,209.0,3.0,4.0,0.0,0.0,0.0,0.0
2025/12/15,10:08:39,0,0.0,210.0,467.0,246.0,3.0,209.0,1.0,0.0,0.0,0.0,0.0,0.0
2025/12/15,10:08:44,0,0.0,210.0,466.0,246.0,2.0,208.0,0.0,0.0,0.0,0.0,0.0,0.0
2025/12/15,10:08:49,0,0.0,197.0,466.0,246.0,17.0,209.0,3.0,3.0,0.0,0.0,0.0,0.0
2025/12/15,10:08:54,0,0.0,198.0,466.0,246.0,26.0,208.0,4.0,4.0,0.0,0.0,0.0,0.0
2025/12/15,10:08:59,0,0.0,199.0,467.0,246.0,0.0,208.0,0.0,0.0,0.0,0.0,0.0,0.0
2025/12/15,10:09:04,0,0.0,209.0,467.0,246.0,5.0,208.0,1.0,1.0,0.0,0.0,0.0,0.0
2025/12/15,10:09:09,0,0.0,196.0,464.0,246.0,26.0,208.0,4.0,4.0,0.0,0.0,0.0,0.0
2025/12/15,10:09:14,0,0.0,195.0,466.0,246.0,15.0,209.0,2.0,3.0,0.0,0.0,0.0,0.0
2025/12/15,10:09:19,0,0.0,192.0,464.0,246.0,21.0,208.0,3.0,4.0,0.0,0.0,0.0,0.0
2025/12/15,10:09:24,0,0.0,189.0,467.0,246.0,24.0,208.0,5.0,4.0,0.0,0.0,0.0,0.0
2025/12/15,10:09:29,0,0.0,209.0,467.0,245.0,0.0,209.0,1.0,1.0,0.0,0.0,0.0,0.0
2025/12/15,10:09:34,0,0.0,193.0,463.0,246.0,22.0,208.0,4.0,3.0,0.0,0.0,0.0,0.0
2025/12/15,10:09:39,0,0.0,189.0,466.0,246.0,26.0,209.0,5.0,4.0,0.0,0.0,0.0,0.0
2025/12/15,10:09:44,0,0.0,214.0,468.0,246.0,0.0,209.0,0.0,0.0,0.0,0.0,0.0,0.0
2025/12/15,10:09:49,0,0.0,195.0,466.0,245.0,12.0,208.0,2.0,2.0,0.0,0.0,0.0,0.0
2025/12/15,10:09:54,0,0.0,195.0,465.0,246.0,27.0,209.0,5.0,4.0,0.0,0.0,0.0,0.0
2025/12/15,10:09:59,0,0.0,199.0,466.0,245.0,14.0,208.0,3.0,2.0,0.0,0.0,0.0,0.0
2025/12/15,10:10:04,0,0.0,218.0,465.0,246.0,0.0,209.0,0.0,0.0,0.0,0.0,0.0,0.0
2025/12/15,10:10:09,0,0.0,200.0,467.0,246.0,0.0,209.0,0.0,1.0,0.0,0.0,0.0,0.0
2025/12/15,10:10:14,0,0.0,192.0,464.0,246.0,23.0,209.0,4.0,4.0,0.0,0.0,0.0,0.0
2025/12/15,10:10:19,0,0.0,191.0,467.0,246.0,25.0,208.0,5.0,4.0,0.0,0.0,0.0,0.0
2025/12/15,10:10:24,0,0.0,207.0,466.0,244.0,4.0,207.0,2.0,1.0,0.0,0.0,0.0,0.0
2025/12/15,10:10:29,0,0.0,211.0,466.0,246.0,0.0,208.0,0.0,0.0,0.0,0.0,0.0,0.0
2025/12/15,10:10:34,0,0.0,199.0,468.0,246.0,0.0,207.0,0.0,1.0,0.0,0.0,0.0,0.0
2025/12/15,10:10:39,0,0.0,192.0,466.0,246.0,20.0,209.0,4.0,4.0,0.0,0.0,0.0,0.0
2025/12/15,10:10:44,0,0.0,194.0,465.0,246.0,24.0,209.0,4.0,4.0,0.0,0.0,0.0,0.0
2025/12/15,10:10:49,0,0.0,204.0,467.0,246.0,9.0,208.0,2.0,2.0,0.0,0.0,0.0,0.0
2025/12/15,10:10:54,0,0.0,209.0,467.0,246.0,0.0,208.0,1.0,0.0,0.0,0.0,0.0,0.0
2025/12/15,10:10:59,0,0.0,195.0,467.0,246.0,15.0,209.0,2.0,3.0,0.0,0.0,0.0,0.0
2025/12/15,10:11:04,0,0.0,192.0,466.0,246.0,26.0,209.0,5.0,4.0,0.0,0.0,0.0,0.0
2025/12/15,10:11:09,0,0.0,217.0,467.0,246.0,0.0,208.0,1.0,0.0,0.0,0.0,0.0,0.0
2025/12/15,10:11:14,0,0.0,195.0,466.0,245.0,15.0,208.0,2.0,2.0,0.0,0.0,0.0,0.0
2025/12/15,10:11:19,0,0.0,190.0,467.0,246.0,26.0,208.0,4.0,4.0,0.0,0.0,0.0,0.0
2025/12/15,10:11:24,0,0.0,215.0,467.0,244.0,0.0,209.0,0.0,0.0,0.0,0.0,0.0,0.0
2025/12/15,10:11:29,0,0.0,196.0,466.0,245.0,14.0,209.0,2.0,3.0,0.0,0.0,0.0,0.0
2025/12/15,10:11:34,0,0.0,192.0,465.0,246.0,26.0,209.0,5.0,4.0,0.0,0.0,0.0,0.0
2025/12/15,10:11:39,0,0.0,205.0,464.0,246.0,13.0,209.0,2.0,2.0,0.0,0.0,0.0,0.0
2025/12/15,10:11:44,0,0.0,216.0,466.0,245.0,0.0,209.0,1.0,1.0,0.0,0.0,0.0,0.0
2025/12/15,10:11:49,0,0.0,208.0,467.0,246.0,0.0,207.0,0.0,0.0,0.0,0.0,0.0,0.0
2025/12/15,10:11:54,0,0.0,208.0,467.0,246.0,0.0,208.0,0.0,0.0,0.0,0.0,0.0,0.0
2025/12/15,10:11:59,0,0.0,216.0,466.0,246.0,0.0,208.0,0.0,0.0,0.0,0.0,0.0,0.0
2025/12/15,10:12:04,0,0.0,203.0,466.0,246.0,12.0,209.0,2.0,2.0,0.0,0.0,0.0,0.0
2025/12/15,10:12:09,0,0.0,193.0,467.0,246.0,25.0,208.0,4.0,4.0,0.0,0.0,0.0,0.0
2025/12/15,10:12:14,0,0.0,195.0,466.0,246.0,15.0,208.0,3.0,3.0,0.0,0.0,0.0,0.0
2025/12/15,10:12:19,0,0.0,209.0,467.0,246.0,0.0,209.0,0.0,1.0,0.0,0.0,0.0,0.0
2025/12/15,10:12:24,0,0.0,190.0,466.0,246.0,25.0,208.0,5.0,4.0,0.0,0.0,0.0,0.0
2025/12/15,10:12:29,0,0.0,195.0,467.0,246.0,13.0,209.0,3.0,3.0,0.0,0.0,0.0,0.0
2025/12/15,10:12:34,0,0.0,210.0,466.0,245.0,4.0,208.0,0.0,2.0,0.0,0.0,0.0,0.0
2025/12/15,10:13:04,0,0.0,199.0,465.0,246.0,32.0,209.0,6.0,5.0,0.0,0.0,0.0,0.0
2025/12/15,10:13:08,0,0.0,213.0,467.0,246.0,0.0,209.0,0.0,0.0,0.0,0.0,0.0,0.0
2025/12/15,10:13:13,0,0.0,194.0,466.0,246.0,24.0,206.0,5.0,4.0,0.0,0.0,0.0,0.0
2025/12/15,10:13:18,0,0.0,207.0,466.0,245.0,0.0,209.0,0.0,0.0,0.0,0.0,0.0,0.0
2025/12/15,10:13:23,0,0.0,192.0,466.0,246.0,27.0,209.0,5.0,4.0,0.0,0.0,0.0,0.0
2025/12/15,10:13:28,0,0.0,199.0,467.0,246.0,0.0,208.0,0.0,0.0,0.0,0.0,0.0,0.0
2025/12/15,10:13:33,0,0.0,187.0,465.0,246.0,25.0,207.0,5.0,4.0,0.0,0.0,0.0,0.0
2025/12/15,10:13:38,0,0.0,198.0,468.0,246.0,0.0,209.0,0.0,0.0,0.0,0.0,0.0,0.0
2025/12/15,10:13:43,0,0.0,192.0,466.0,246.0,23.0,209.0,4.0,4.0,0.0,0.0,0.0,0.0
2025/12/15,10:13:48,0,0.0,197.0,466.0,246.0,1.0,210.0,0.0,0.0,0.0,0.0,0.0,0.0
2025/12/15,10:13:53,0,0.0,189.0,466.0,246.0,25.0,209.0,4.0,4.0,0.0,0.0,0.0,0.0
2025/12/15,10:13:58,0,0.0,201.0,466.0,245.0,0.0,209.0,0.0,0.0,0.0,0.0,0.0,0.0
2025/12/15,10:14:03,0,0.0,193.0,466.0,246.0,26.0,209.0,5.0,4.0,0.0,0.0,0.0,0.0
2025/12/15,10:14:08,0,0.0,205.0,467.0,246.0,0.0,208.0,0.0,0.0,0.0,0.0,0.0,0.0
2025/12/15,10:14:13,0,0.0,191.0,466.0,246.0,27.0,209.0,4.0,4.0,0.0,0.0,0.0,0.0
2025/12/15,10:14:18,0,0.0,198.0,466.0,246.0,2.0,209.0,0.0,0.0,0.0,0.0,0.0,0.0
2025/12/15,10:14:23,0,0.0,202.0,466.0,244.0,13.0,209.0,3.0,1.0,0.0,0.0,0.0,0.0
2025/12/15,10:14:28,0,0.0,195.0,467.0,247.0,16.0,209.0,3.0,3.0,0.0,0.0,0.0,0.0
2025/12/15,10:14:33,0,0.0,208.0,463.0,246.0,3.0,209.0,1.0,1.0,0.0,0.0,0.0,0.0
2025/12/15,10:14:38,0,0.0,200.0,466.0,246.0,24.0,209.0,4.0,4.0,0.0,0.0,0.0,0.0
2025/12/15,10:14:43,0,0.0,198.0,467.0,247.0,0.0,208.0,0.0,1.0,0.0,0.0,0.0,0.0
2025/12/15,10:14:48,0,0.0,212.0,465.0,246.0,2.0,209.0,0.0,1.0,0.0,0.0,0.0,0.0
2025/12/15,10:14:53,0,0.0,189.0,463.0,246.0,27.0,207.0,5.0,4.0,0.0,0.0,0.0,0.0
2025/12/15,10:14:58,0,0.0,193.0,466.0,246.0,20.0,208.0,3.0,4.0,0.0,0.0,0.0,0.0
2025/12/15,10:15:03,0,0.0,207.0,467.0,246.0,0.0,207.0,1.0,0.0,0.0,0.0,0.0,0.0
2025/12/15,10:15:08,0,0.0,207.0,467.0,245.0,6.0,207.0,2.0,1.0,0.0,0.0,0.0,0.0
2025/12/15,10:15:13,0,0.0,190.0,464.0,246.0,26.0,207.0,5.0,4.0,0.0,0.0,0.0,0.0
2025/12/15,10:15:18,0,0.0,195.0,465.0,246.0,15.0,208.0,3.0,3.0,0.0,0.0,0.0,0.0
2025/12/15,10:15:23,0,0.0,210.0,464.0,246.0,0.0,208.0,0.0,0.0,0.0,0.0,0.0,0.0
2025/12/15,10:15:28,0,0.0,202.0,464.0,246.0,14.0,208.0,2.0,2.0,0.0,0.0,0.0,0.0
2025/12/15,10:15:33,0,0.0,191.0,466.0,246.0,27.0,208.0,5.0,4.0,0.0,0.0,0.0,0.0
2025/12/15,10:15:38,0,0.0,199.0,466.0,247.0,23.0,208.0,3.0,4.0,0.0,0.0,0.0,0.0
2025/12/15,10:15:43,0,0.0,200.0,466.0,246.0,24.0,208.0,4.0,4.0,0.0,0.0,0.0,0.0
2025/12/15,10:15:48,0,0.0,199.0,466.0,246.0,24.0,208.0,4.0,4.0,0.0,0.0,0.0,0.0
2025/12/15,10:15:53,0,0.0,198.0,465.0,244.0,24.0,209.0,5.0,4.0,0.0,0.0,0.0,0.0
2025/12/15,10:15:58,0,0.0,197.0,466.0,246.0,23.0,208.0,5.0,4.0,0.0,0.0,0.0,0.0
2025/12/15,10:16:03,0,0.0,195.0,466.0,247.0,16.0,208.0,2.0,2.0,0.0,0.0,0.0,0.0
2025/12/15,10:16:08,0,0.0,196.0,466.0,244.0,0.0,209.0,0.0,0.0,0.0,0.0,0.0,0.0
2025/12/15,10:16:13,0,0.0,206.0,467.0,246.0,0.0,209.0,0.0,0.0,0.0,0.0,0.0,0.0
2025/12/15,10:16:18,0,0.0,212.0,465.0,246.0,0.0,209.0,0.0,1.0,0.0,0.0,0.0,0.0
2025/12/15,10:16:23,0,0.0,189.0,465.0,246.0,27.0,209.0,5.0,4.0,0.0,0.0,0.0,0.0
2025/12/15,10:16:28,0,0.0,193.0,466.0,246.0,21.0,209.0,4.0,4.0,0.0,0.0,0.0,0.0
2025/12/15,10:16:33,0,0.0,198.0,466.0,244.0,0.0,209.0,0.0,0.0,0.0,0.0,0.0,0.0
2025/12/15,10:16:38,0,0.0,209.0,467.0,246.0,0.0,208.0,0.0,0.0,0.0,0.0,0.0,0.0
2025/12/15,10:16:43,0,0.0,215.0,466.0,245.0,0.0,208.0,0.0,0.0,0.0,0.0,0.0,0.0
2025/12/15,10:16:48,0,0.0,216.0,467.0,246.0,0.0,208.0,1.0,0.0,0.0,0.0,0.0,0.0
2025/12/15,10:16:53,0,0.0,214.0,466.0,246.0,0.0,209.0,0.0,0.0,0.0,0.0,0.0,0.0
2025/12/15,10:16:58,0,0.0,202.0,465.0,246.0,9.0,209.0,2.0,2.0,0.0,0.0,0.0,0.0
2025/12/15,10:17:03,0,0.0,192.0,466.0,246.0,25.0,208.0,4.0,3.0,0.0,0.0,0.0,0.0
2025/12/15,10:17:08,0,0.0,198.0,466.0,246.0,24.0,207.0,5.0,4.0,0.0,0.0,0.0,0.0
2025/12/15,10:17:13,0,0.0,196.0,466.0,247.0,9.0,209.0,1.0,2.0,0.0,0.0,0.0,0.0
2025/12/15,10:17:18,0,0.0,205.0,467.0,244.0,0.0,209.0,0.0,0.0,0.0,0.0,0.0,0.0
2025/12/15,10:17:23,0,0.0,207.0,467.0,244.0,4.0,209.0,1.0,1.0,0.0,0.0,0.0,0.0
2025/12/15,10:17:28,0,0.0,192.0,466.0,245.0,25.0,208.0,4.0,4.0,0.0,0.0,0.0,0.0
2025/12/15,10:17:33,0,0.0,194.0,466.0,247.0,15.0,208.0,3.0,2.0,0.0,0.0,0.0,0.0
2025/12/15,10:17:38,0,0.0,201.0,466.0,246.0,1.0,208.0,0.0,0.0,0.0,0.0,0.0,0.0
2025/12/15,10:17:43,0,0.0,216.0,467.0,246.0,1.0,208.0,0.0,0.0,0.0,0.0,0.0,0.0
2025/12/15,10:17:48,0,0.0,205.0,466.0,246.0,13.0,209.0,2.0,2.0,0.0,0.0,0.0,0.0
2025/12/15,10:17:53,0,0.0,190.0,465.0,245.0,25.0,207.0,5.0,4.0,0.0,0.0,0.0,0.0
2025/12/15,10:17:58,0,0.0,198.0,465.0,246.0,25.0,208.0,4.0,4.0,0.0,0.0,0.0,0.0
2025/12/15,10:18:03,0,0.0,195.0,466.0,246.0,7.0,208.0,1.0,1.0,0.0,0.0,0.0,0.0
2025/12/15,10:18:08,0,0.0,202.0,466.0,246.0,0.0,208.0,0.0,1.0,0.0,0.0,0.0,0.0
2025/12/15,10:18:13,0,0.0,206.0,467.0,246.0,0.0,207.0,0.0,0.0,0.0,0.0,0.0,0.0
2025/12/15,10:18:18,0,0.0,202.0,466.0,245.0,0.0,208.0,0.0,0.0,0.0,0.0,0.0,0.0
2025/12/15,10:18:23,0,0.0,195.0,465.0,245.0,9.0,206.0,2.0,2.0,0.0,0.0,0.0,0.0
2025/12/15,10:18:28,0,0.0,196.0,465.0,246.0,26.0,209.0,4.0,4.0,0.0,0.0,0.0,0.0
2025/12/15,10:18:33,0,0.0,211.0,466.0,246.0,1.0,209.0,1.0,0.0,0.0,0.0,0.0,0.0
2025/12/15,10:18:38,0,0.0,197.0,466.0,246.0,2.0,208.0,0.0,1.0,0.0,0.0,0.0,0.0
2025/12/15,10:18:43,0,0.0,198.0,466.0,247.0,25.0,207.0,4.0,4.0,0.0,0.0,0.0,0.0
2025/12/15,10:18:48,0,0.0,197.0,465.0,245.0,18.0,208.0,4.0,4.0,0.0,0.0,0.0,0.0
2025/12/15,10:18:53,0,0.0,216.0,466.0,244.0,1.0,207.0,1.0,0.0,0.0,0.0,0.0,0.0
2025/12/15,10:18:58,0,0.0,201.0,467.0,246.0,0.0,207.0,0.0,0.0,0.0,0.0,0.0,0.0
2025/12/15,10:19:03,0,0.0,198.0,466.0,245.0,10.0,207.0,1.0,1.0,0.0,0.0,0.0,0.0
2025/12/15,10:19:08,0,0.0,189.0,465.0,244.0,21.0,208.0,3.0,3.0,0.0,0.0,0.0,0.0
2025/12/15,10:19:13,0,0.0,200.0,466.0,246.0,23.0,208.0,4.0,4.0,0.0,0.0,0.0,0.0
2025/12/15,10:19:18,0,0.0,192.0,468.0,246.0,26.0,208.0,4.0,4.0,0.0,0.0,0.0,0.0
2025/12/15,10:19:23,0,0.0,190.0,465.0,245.0,24.0,209.0,5.0,4.0,0.0,0.0,0.0,0.0
2025/12/15,10:19:28,0,0.0,204.0,466.0,246.0,9.0,208.0,3.0,2.0,0.0,0.0,0.0,0.0
2025/12/15,10:19:33,0,0.0,214.0,466.0,244.0,0.0,208.0,1.0,1.0,0.0,0.0,0.0,0.0
2025/12/15,10:19:38,0,0.0,203.0,467.0,244.0,0.0,209.0,0.0,0.0,0.0,0.0,0.0,0.0
2025/12/15,10:19:43,0,0.0,191.0,465.0,245.0,22.0,208.0,4.0,3.0,0.0,0.0,0.0,0.0
2025/12/15,10:19:48,0,0.0,190.0,465.0,246.0,25.0,208.0,4.0,4.0,0.0,0.0,0.0,0.0
2025/12/15,10:19:53,0,0.0,211.0,466.0,245.0,0.0,208.0,0.0,0.0,0.0,0.0,0.0,0.0
2025/12/15,10:19:58,0,0.0,192.0,463.0,246.0,21.0,209.0,4.0,3.0,0.0,0.0,0.0,0.0
2025/12/15,10:20:03,0,0.0,190.0,465.0,246.0,25.0,209.0,5.0,4.0,0.0,0.0,0.0,0.0
2025/12/15,10:20:08,0,0.0,212.0,466.0,245.0,0.0,209.0,0.0,0.0,0.0,0.0,0.0,0.0
2025/12/15,10:20:13,0,0.0,193.0,464.0,246.0,19.0,207.0,4.0,3.0,0.0,0.0,0.0,0.0
2025/12/15,10:20:18,0,0.0,191.0,465.0,244.0,27.0,207.0,5.0,4.0,0.0,0.0,0.0,0.0
2025/12/15,10:20:23,0,0.0,218.0,466.0,246.0,3.0,209.0,0.0,0.0,0.0,0.0,0.0,0.0
2025/12/15,10:20:28,0,0.0,197.0,465.0,246.0,8.0,208.0,0.0,1.0,0.0,0.0,0.0,0.0
2025/12/15,10:20:33,0,0.0,197.0,466.0,246.0,24.0,208.0,4.0,4.0,0.0,0.0,0.0,0.0
2025/12/15,10:20:38,0,0.0,199.0,465.0,246.0,19.0,208.0,4.0,3.0,0.0,0.0,0.0,0.0
2025/12/15,10:20:43,0,0.0,212.0,466.0,246.0,4.0,209.0,0.0,1.0,0.0,0.0,0.0,0.0
2025/12/15,10:20:48,0,0.0,215.0,466.0,246.0,0.0,209.0,1.0,0.0,0.0,0.0,0.0,0.0
2025/12/15,10:20:53,0,0.0,215.0,466.0,247.0,0.0,207.0,0.0,0.0,0.0,0.0,0.0,0.0
2025/12/15,10:20:58,0,0.0,210.0,465.0,246.0,2.0,207.0,2.0,1.0,0.0,0.0,0.0,0.0
2025/12/15,10:21:03,0,0.0,194.0,466.0,246.0,22.0,209.0,5.0,4.0,0.0,0.0,0.0,0.0
2025/12/15,10:21:08,0,0.0,197.0,466.0,246.0,24.0,208.0,4.0,4.0,0.0,0.0,0.0,0.0
2025/12/15,10:21:13,0,0.0,205.0,467.0,247.0,0.0,208.0,0.0,1.0,0.0,0.0,0.0,0.0
2025/12/15,10:21:18,0,0.0,204.0,464.0,246.0,10.0,207.0,3.0,2.0,0.0,0.0,0.0,0.0
2025/12/15,10:21:23,0,0.0,193.0,465.0,246.0,25.0,208.0,4.0,4.0,0.0,0.0,0.0,0.0
2025/12/15,10:21:28,0,0.0,194.0,466.0,246.0,15.0,208.0,3.0,3.0,0.0,0.0,0.0,0.0
2025/12/15,10:21:33,0,0.0,205.0,466.0,246.0,0.0,208.0,0.0,0.0,0.0,0.0,0.0,0.0
2025/12/15,10:21:38,0,0.0,208.0,467.0,246.0,2.0,209.0,1.0,1.0,0.0,0.0,0.0,0.0
2025/12/15,10:21:43,0,0.0,191.0,464.0,246.0,26.0,208.0,4.0,4.0,0.0,0.0,0.0,0.0
2025/12/15,10:21:48,0,0.0,197.0,465.0,245.0,9.0,207.0,2.0,2.0,0.0,0.0,0.0,0.0
2025/12/15,10:21:53,0,0.0,216.0,466.0,246.0,0.0,208.0,0.0,0.0,0.0,0.0,0.0,0.0
2025/12/15,10:21:58,0,0.0,189.0,465.0,246.0,24.0,209.0,5.0,4.0,0.0,0.0,0.0,0.0
2025/12/15,10:22:03,0,0.0,195.0,464.0,246.0,9.0,209.0,1.0,2.0,0.0,0.0,0.0,0.0
2025/12/15,10:22:08,0,0.0,206.0,466.0,246.0,7.0,209.0,1.0,1.0,0.0,0.0,0.0,0.0
2025/12/15,10:22:13,0,0.0,194.0,466.0,246.0,20.0,209.0,3.0,3.0,0.0,0.0,0.0,0.0
2025/12/15,10:22:18,0,0.0,216.0,466.0,246.0,0.0,207.0,1.0,0.0,0.0,0.0,0.0,0.0
2025/12/15,10:22:23,0,0.0,193.0,465.0,246.0,26.0,208.0,4.0,4.0,0.0,0.0,0.0,0.0
2025/12/15,10:22:28,0,0.0,199.0,467.0,247.0,0.0,208.0,0.0,0.0,0.0,0.0,0.0,0.0
2025/12/15,10:22:33,0,0.0,209.0,465.0,244.0,2.0,207.0,2.0,1.0,0.0,0.0,0.0,0.0
2025/12/15,10:22:38,0,0.0,188.0,466.0,246.0,28.0,209.0,5.0,4.0,0.0,0.0,0.0,0.0
2025/12/15,10:22:43,0,0.0,192.0,465.0,247.0,26.0,209.0,4.0,4.0,0.0,0.0,0.0,0.0
2025/12/15,10:23:22,0,0.0,207.0,466.0,246.0,1.0,208.0,1.0,1.0,0.0,0.0,0.0,0.0
2025/12/15,10:23:27,0,0.0,199.0,465.0,246.0,16.0,207.0,3.0,3.0,0.0,0.0,0.0,0.0
2025/12/15,10:23:32,0,0.0,196.0,466.0,247.0,25.0,207.0,5.0,3.0,0.0,0.0,0.0,0.0
2025/12/15,10:23:37,0,0.0,194.0,466.0,246.0,18.0,209.0,3.0,3.0,0.0,0.0,0.0,0.0
2025/12/15,10:23:42,0,0.0,203.0,466.0,246.0,0.0,209.0,0.0,0.0,0.0,0.0,0.0,0.0
2025/12/15,10:23:47,0,0.0,208.0,464.0,246.0,5.0,209.0,1.0,1.0,0.0,0.0,0.0,0.0
2025/12/15,10:23:52,0,0.0,194.0,464.0,246.0,27.0,207.0,5.0,4.0,0.0,0.0,0.0,0.0
2025/12/15,10:23:57,0,0.0,196.0,466.0,246.0,8.0,207.0,2.0,2.0,0.0,0.0,0.0,0.0
2025/12/15,10:24:02,0,0.0,218.0,467.0,247.0,0.0,207.0,1.0,0.0,0.0,0.0,0.0,0.0
2025/12/15,10:24:07,0,0.0,189.0,465.0,244.0,25.0,208.0,4.0,3.0,0.0,0.0,0.0,0.0
2025/12/15,10:24:12,0,0.0,194.0,465.0,246.0,21.0,208.0,4.0,4.0,0.0,0.0,0.0,0.0
2025/12/15,10:24:17,0,0.0,204.0,466.0,246.0,0.0,207.0,0.0,0.0,0.0,0.0,0.0,0.0
2025/12/15,10:24:22,0,0.0,206.0,466.0,246.0,6.0,208.0,2.0,2.0,0.0,0.0,0.0,0.0
2025/12/15,10:24:27,0,0.0,199.0,464.0,244.0,24.0,207.0,5.0,4.0,0.0,0.0,0.0,0.0
2025/12/15,10:24:32,0,0.0,204.0,466.0,246.0,0.0,208.0,0.0,0.0,0.0,0.0,0.0,0.0
2025/12/15,10:24:37,0,0.0,190.0,466.0,244.0,23.0,208.0,5.0,4.0,0.0,0.0,0.0,0.0
2025/12/15,10:24:42,0,0.0,197.0,465.0,246.0,14.0,209.0,2.0,3.0,0.0,0.0,0.0,0.0
2025/12/15,10:24:47,0,0.0,218.0,463.0,246.0,1.0,209.0,1.0,1.0,0.0,0.0,0.0,0.0
2025/12/15,10:24:52,0,0.0,193.0,465.0,245.0,26.0,207.0,5.0,3.0,0.0,0.0,0.0,0.0
2025/12/15,10:24:57,0,0.0,199.0,465.0,247.0,3.0,209.0,0.0,1.0,0.0,0.0,0.0,0.0
2025/12/15,10:25:02,0,0.0,208.0,466.0,246.0,3.0,208.0,1.0,1.0,0.0,0.0,0.0,0.0
2025/12/15,10:25:07,0,0.0,198.0,465.0,244.0,23.0,209.0,4.0,4.0,0.0,0.0,0.0,0.0
2025/12/15,10:25:12,0,0.0,203.0,466.0,247.0,0.0,207.0,0.0,0.0,0.0,0.0,0.0,0.0
2025/12/15,10:25:17,0,0.0,204.0,465.0,247.0,10.0,208.0,2.0,1.0,0.0,0.0,0.0,0.0
2025/12/15,10:25:22,0,0.0,198.0,466.0,247.0,22.0,208.0,4.0,4.0,0.0,0.0,0.0,0.0
2025/12/15,10:25:27,0,0.0,211.0,466.0,246.0,0.0,207.0,1.0,0.0,0.0,0.0,0.0,0.0
2025/12/15,10:25:32,0,0.0,194.0,464.0,246.0,25.0,208.0,4.0,4.0,0.0,0.0,0.0,0.0
2025/12/15,10:25:37,0,0.0,200.0,466.0,246.0,0.0,207.0,0.0,0.0,0.0,0.0,0.0,0.0
2025/12/15,10:25:42,0,0.0,209.0,466.0,246.0,3.0,208.0,1.0,2.0,0.0,0.0,0.0,0.0
2025/12/15,10:25:47,0,0.0,194.0,463.0,246.0,20.0,209.0,3.0,4.0,0.0,0.0,0.0,0.0
2025/12/15,10:25:52,0,0.0,207.0,463.0,246.0,7.0,209.0,2.0,1.0,0.0,0.0,0.0,0.0
2025/12/15,10:25:57,0,0.0,211.0,466.0,246.0,0.0,208.0,0.0,0.0,0.0,0.0,0.0,0.0
2025/12/15,10:26:02,0,0.0,192.0,464.0,245.0,19.0,207.0,4.0,3.0,0.0,0.0,0.0,0.0
2025/12/15,10:26:07,0,0.0,200.0,465.0,245.0,13.0,207.0,3.0,2.0,0.0,0.0,0.0,0.0
2025/12/15,10:26:12,0,0.0,199.0,466.0,245.0,0.0,209.0,0.0,0.0,0.0,0.0,0.0,0.0
2025/12/15,10:26:17,0,0.0,192.0,465.0,246.0,26.0,208.0,4.0,4.0,0.0,0.0,0.0,0.0
2025/12/15,10:26:22,0,0.0,216.0,463.0,244.0,0.0,209.0,1.0,0.0,0.0,0.0,0.0,0.0
2025/12/15,10:26:27,0,0.0,200.0,465.0,245.0,0.0,209.0,0.0,0.0,0.0,0.0,0.0,0.0
2025/12/15,10:26:32,0,0.0,196.0,466.0,247.0,9.0,208.0,2.0,1.0,0.0,0.0,0.0,0.0
2025/12/15,10:26:37,0,0.0,196.0,465.0,246.0,14.0,209.0,2.0,3.0,0.0,0.0,0.0,0.0
2025/12/15,10:26:42,0,0.0,197.0,465.0,246.0,6.0,209.0,1.0,1.0,0.0,0.0,0.0,0.0
2025/12/15,10:26:47,0,0.0,204.0,466.0,246.0,0.0,208.0,0.0,0.0,0.0,0.0,0.0,0.0
2025/12/15,10:26:52,0,0.0,214.0,466.0,246.0,3.0,208.0,1.0,0.0,0.0,0.0,0.0,0.0
2025/12/15,10:26:57,0,0.0,194.0,466.0,246.0,24.0,209.0,4.0,4.0,0.0,0.0,0.0,0.0
2025/12/15,10:27:02,0,0.0,203.0,466.0,246.0,0.0,209.0,0.0,0.0,0.0,0.0,0.0,0.0
2025/12/15,10:27:07,0,0.0,189.0,465.0,247.0,26.0,209.0,5.0,4.0,0.0,0.0,0.0,0.0
2025/12/15,10:27:12,0,0.0,196.0,465.0,247.0,11.0,209.0,2.0,2.0,0.0,0.0,0.0,0.0
2025/12/15,10:27:17,0,0.0,211.0,466.0,246.0,0.0,208.0,0.0,0.0,-0.0008,0.0,0.0,0.0
2025/12/15,10:27:22,0,0.0,207.0,464.0,248.0,5.0,208.0,2.0,2.0,0.0,0.0,0.0,0.0
2025/12/15,10:27:27,0,0.0,187.0,463.0,246.0,25.0,208.0,5.0,4.0,0.0,0.0,0.0,0.0
2025/12/15,10:27:32,0,0.0,192.0,465.0,247.0,22.0,207.0,4.0,3.0,0.0,0.0,0.0,0.0
2025/12/15,10:27:37,0,0.0,205.0,466.0,247.0,0.0,208.0,0.0,0.0,0.0,0.0,0.0,0.0
2025/12/15,10:27:42,0,0.0,194.0,465.0,247.0,24.0,208.0,4.0,4.0,0.0,0.0,0.0,0.0
2025/12/15,10:27:47,0,0.0,191.0,465.0,245.0,21.0,207.0,5.0,4.0,0.0,0.0,0.0,0.0
2025/12/15,10:27:52,0,0.0,206.0,466.0,247.0,0.0,209.0,0.0,0.0,0.0,0.0,0.0,0.0
2025/12/15,10:27:57,0,0.0,200.0,463.0,246.0,15.0,208.0,3.0,4.0,0.0,0.0,0.0,0.0
2025/12/15,10:28:02,0,0.0,192.0,463.0,247.0,24.0,209.0,4.0,4.0,0.0,0.0,0.0,0.0
2025/12/15,10:28:07,0,0.0,216.0,465.0,247.0,1.0,209.0,1.0,1.0,0.0,0.0,0.0,0.0
2025/12/15,10:28:12,0,0.0,194.0,465.0,246.0,27.0,209.0,4.0,4.0,0.0,0.0,0.0,0.0
2025/12/15,10:28:17,0,0.0,198.0,466.0,245.0,5.0,209.0,1.0,1.0,0.0,0.0,0.0,0.0
2025/12/15,10:28:22,0,0.0,213.0,466.0,247.0,0.0,208.0,0.0,0.0,0.0,0.0,0.0,0.0
2025/12/15,10:28:27,0,0.0,198.0,465.0,246.0,26.0,209.0,4.0,4.0,0.0,0.0,0.0,0.0
2025/12/15,10:28:32,0,0.0,201.0,465.0,246.0,0.0,209.0,0.0,0.0,0.0,0.0,0.0,0.0
2025/12/15,10:28:37,0,0.0,201.0,465.0,247.0,16.0,208.0,3.0,3.0,0.0,0.0,0.0,0.0
2025/12/15,10:28:42,0,0.0,192.0,465.0,246.0,19.0,208.0,3.0,3.0,0.0,0.0,0.0,0.0
2025/12/15,10:28:47,0,0.0,216.0,466.0,246.0,0.0,209.0,0.0,0.0,0.0,0.0,0.0,0.0
2025/12/15,10:28:52,0,0.0,195.0,466.0,246.0,25.0,209.0,4.0,4.0,0.0,0.0,0.0,0.0
2025/12/15,10:28:57,0,0.0,201.0,466.0,247.0,0.0,209.0,0.0,0.0,0.0,0.0,0.0,0.0
2025/12/15,10:29:02,0,0.0,205.0,466.0,247.0,10.0,209.0,1.0,2.0,0.0,0.0,0.0,0.0
2025/12/15,10:29:07,0,0.0,193.0,463.0,247.0,27.0,209.0,4.0,4.0,0.0,0.0,0.0,0.0
2025/12/15,10:29:12,0,0.0,199.0,465.0,246.0,25.0,208.0,4.0,4.0,0.0,0.0,0.0,0.0
2025/12/15,10:29:17,0,0.0,198.0,465.0,246.0,25.0,208.0,4.0,4.0,0.0,0.0,0.0,0.0
2025/12/15,10:29:22,0,0.0,198.0,465.0,246.0,26.0,208.0,4.0,4.0,0.0,0.0,0.0,0.0
2025/12/15,10:29:27,0,0.0,195.0,464.0,247.0,25.0,209.0,5.0,4.0,0.0,0.0,0.0,0.0
2025/12/15,10:29:32,0,0.0,191.0,465.0,246.0,26.0,208.0,5.0,4.0,0.0,0.0,0.0,0.0
2025/12/15,10:29:37,0,0.0,199.0,465.0,245.0,14.0,208.0,3.0,1.0,0.0,0.0,0.0,0.0
2025/12/15,10:29:42,0,0.0,213.0,466.0,247.0,1.0,210.0,1.0,0.0,0.0,0.0,0.0,0.0
2025/12/15,10:29:47,0,0.0,213.0,465.0,247.0,0.0,208.0,0.0,0.0,0.0,0.0,0.0,0.0
2025/12/15,10:29:52,0,0.0,201.0,466.0,246.0,0.0,207.0,0.0,1.0,0.0,0.0,0.0,0.0
2025/12/15,10:29:57,0,0.0,196.0,466.0,246.0,13.0,209.0,2.0,3.0,0.0,0.0,0.0,0.0
2025/12/15,10:30:02,0,0.0,198.0,464.0,246.0,26.0,208.0,4.0,4.0,0.0,0.0,0.0,0.0
2025/12/15,10:30:07,0,0.0,208.0,463.0,247.0,1.0,210.0,1.0,0.0,0.0,0.0,0.0,0.0
2025/12/15,10:30:12,0,0.0,197.0,466.0,246.0,10.0,209.0,1.0,1.0,0.0,0.0,0.0,0.0
2025/12/15,10:30:17,0,0.0,189.0,465.0,243.0,24.0,207.0,4.0,4.0,0.0,0.0,0.0,0.0
2025/12/15,10:30:22,0,0.0,207.0,465.0,247.0,0.0,209.0,0.0,0.0,0.0,0.0,0.0,0.0
2025/12/15,10:30:27,0,0.0,197.0,464.0,247.0,25.0,207.0,5.0,4.0,0.0,0.0,0.0,0.0
2025/12/15,10:30:32,0,0.0,213.0,466.0,247.0,0.0,209.0,0.0,1.0,0.0,0.0,0.0,0.0
2025/12/15,10:30:37,0,0.0,194.0,465.0,246.0,11.0,208.0,2.0,2.0,0.0,0.0,0.0,0.0
2025/12/15,10:30:42,0,0.0,191.0,465.0,247.0,25.0,208.0,5.0,3.0,0.0,0.0,0.0,0.0
2025/12/15,10:30:47,0,0.0,217.0,466.0,246.0,1.0,208.0,1.0,0.0,0.0,0.0,0.0,0.0
2025/12/15,10:30:52,0,0.0,196.0,466.0,247.0,13.0,209.0,0.0,2.0,0.0,0.0,0.0,0.0
2025/12/15,10:30:57,0,0.0,188.0,465.0,246.0,28.0,209.0,4.0,4.0,0.0,0.0,0.0,0.0
2025/12/15,10:31:02,0,0.0,203.0,466.0,247.0,0.0,207.0,0.0,1.0,0.0,0.0,0.0,0.0
2025/12/15,10:31:07,0,0.0,193.0,465.0,246.0,26.0,209.0,4.0,4.0,0.0,0.0,0.0,0.0
2025/12/15,10:31:12,0,0.0,210.0,465.0,246.0,0.0,209.0,1.0,0.0,0.0,0.0,0.0,0.0
2025/12/15,10:31:17,0,0.0,193.0,463.0,247.0,19.0,209.0,3.0,3.0,0.0,0.0,0.0,0.0
2025/12/15,10:31:22,0,0.0,193.0,463.0,246.0,26.0,207.0,5.0,4.0,0.0,0.0,0.0,0.0
2025/12/15,10:31:27,0,0.0,206.0,466.0,246.0,5.0,209.0,1.0,1.0,0.0,0.0,0.0,0.0
2025/12/15,10:31:32,0,0.0,198.0,466.0,247.0,1.0,208.0,0.0,0.0,0.0,0.0,0.0,0.0
2025/12/15,10:31:37,0,0.0,194.0,463.0,246.0,25.0,208.0,4.0,4.0,0.0,0.0,0.0,0.0
2025/12/15,10:31:42,0,0.0,214.0,463.0,246.0,0.0,209.0,1.0,0.0,0.0,0.0,0.0,0.0
2025/12/15,10:31:47,0,0.0,192.0,462.0,246.0,23.0,210.0,4.0,3.0,0.0,0.0,0.0,0.0
2025/12/15,10:31:52,0,0.0,207.0,465.0,245.0,7.0,208.0,2.0,2.0,0.0,0.0,0.0,0.0
2025/12/15,10:31:57,0,0.0,197.0,463.0,247.0,14.0,210.0,3.0,3.0,0.0,0.0,0.0,0.0
2025/12/15,10:32:02,0,0.0,198.0,465.0,246.0,20.0,209.0,4.0,3.0,0.0,0.0,0.0,0.0
2025/12/15,10:32:07,0,0.0,202.0,465.0,245.0,0.0,209.0,0.0,1.0,0.0,0.0,0.0,0.0
2025/12/15,10:32:12,0,0.0,202.0,464.0,246.0,25.0,209.0,4.0,4.0,0.0,0.0,0.0,0.0
2025/12/15,10:32:17,0,0.0,201.0,465.0,246.0,15.0,208.0,3.0,2.0,0.0,0.0,0.0,0.0
2025/12/15,10:32:22,0,0.0,207.0,464.0,247.0,0.0,209.0,0.0,0.0,0.0,0.0,0.0,0.0
2025/12/15,10:32:27,0,0.0,195.0,463.0,247.0,14.0,209.0,2.0,3.0,0.0,0.0,0.0,0.0
2025/12/15,10:32:32,0,0.0,200.0,465.0,247.0,23.0,209.0,5.0,4.0,0.0,0.0,0.0,0.0
2025/12/15,10:32:37,0,0.0,196.0,463.0,246.0,26.0,208.0,5.0,4.0,0.0,0.0,0.0,0.0
2025/12/15,10:32:42,0,0.0,200.0,465.0,247.0,23.0,209.0,5.0,4.0,0.0,0.0,0.0,0.0
2025/12/15,10:32:47,0,0.0,198.0,463.0,246.0,1.0,209.0,1.0,1.0,0.0,0.0,0.0,0.0
2025/12/15,10:32:52,0,0.0,208.0,466.0,247.0,0.0,208.0,1.0,1.0,0.0,0.0,0.0,0.0
2025/12/15,10:33:41,0,0.0,199.0,466.0,247.0,13.0,209.0,2.0,2.0,0.0,0.0,0.0,0.0
2025/12/15,10:33:46,0,0.0,198.0,464.0,246.0,3.0,208.0,0.0,0.0,0.0,0.0,0.0,0.0
2025/12/15,10:33:51,0,0.0,211.0,466.0,246.0,0.0,208.0,0.0,0.0,0.0,0.0,0.0,0.0
2025/12/15,10:33:56,0,0.0,196.0,465.0,246.0,21.0,209.0,3.0,5.0,0.0,0.0,0.0,0.0
2025/12/15,10:34:01,0,0.0,193.0,462.0,247.0,22.0,207.0,4.0,5.0,0.0,0.0,0.0,0.0
2025/12/15,10:34:06,0,0.0,216.0,466.0,245.0,0.0,209.0,1.0,0.0,0.0,0.0,0.0,0.0
2025/12/15,10:34:11,0,0.0,196.0,465.0,247.0,25.0,209.0,4.0,4.0,0.0,0.0,0.0,0.0
2025/12/15,10:34:16,0,0.0,208.0,466.0,247.0,5.0,208.0,1.0,1.0,0.0,0.0,0.0,0.0
2025/12/15,10:34:21,0,0.0,198.0,466.0,247.0,6.0,208.0,0.0,1.0,0.0,0.0,0.0,0.0
2025/12/15,10:34:26,0,0.0,199.0,466.0,245.0,16.0,208.0,4.0,2.0,0.0,0.0,0.0,0.0
2025/12/15,10:34:31,0,0.0,192.0,462.0,247.0,19.0,207.0,4.0,3.0,0.0,0.0,0.0,0.0
2025/12/15,10:34:36,0,0.0,218.0,465.0,247.0,0.0,209.0,1.0,1.0,0.0,0.0,0.0,0.0
2025/12/15,10:34:41,0,0.0,197.0,464.0,245.0,26.0,208.0,4.0,3.0,0.0,0.0,0.0,0.0
2025/12/15,10:34:46,0,0.0,204.0,466.0,247.0,0.0,207.0,0.0,0.0,0.0,0.0,0.0,0.0
2025/12/15,10:34:51,0,0.0,188.0,466.0,247.0,28.0,209.0,4.0,5.0,0.0,0.0,0.0,0.0
2025/12/15,10:34:56,0,0.0,198.0,466.0,247.0,2.0,209.0,0.0,1.0,0.0,0.0,0.0,0.0
2025/12/15,10:35:01,0,0.0,194.0,465.0,246.0,19.0,209.0,4.0,4.0,0.0,0.0,0.0,0.0
2025/12/15,10:35:06,0,0.0,198.0,466.0,245.0,0.0,209.0,0.0,1.0,0.0,0.0,0.0,0.0
2025/12/15,10:35:11,0,0.0,190.0,465.0,247.0,25.0,208.0,4.0,4.0,0.0,0.0,0.0,0.0
2025/12/15,10:35:16,0,0.0,198.0,463.0,245.0,0.0,209.0,0.0,0.0,0.0,0.0,0.0,0.0
2025/12/15,10:35:21,0,0.0,206.0,465.0,245.0,10.0,209.0,1.0,1.0,0.0,0.0,0.0,0.0
2025/12/15,10:35:26,0,0.0,199.0,462.0,247.0,25.0,209.0,5.0,4.0,0.0,0.0,0.0,0.0
2025/12/15,10:35:31,0,0.0,216.0,465.0,245.0,0.0,209.0,0.0,0.0,0.0,0.0,0.0,0.0
2025/12/15,10:35:36,0,0.0,197.0,465.0,247.0,24.0,208.0,5.0,4.0,0.0,0.0,0.0,0.0
2025/12/15,10:35:41,0,0.0,205.0,465.0,246.0,10.0,209.0,2.0,2.0,0.0,0.0,0.0,0.0
2025/12/15,10:35:46,0,0.0,204.0,466.0,247.0,0.0,208.0,0.0,0.0,0.0,0.0,0.0,0.0
2025/12/15,10:35:51,0,0.0,193.0,464.0,246.0,24.0,208.0,4.0,3.0,0.0,0.0,0.0,0.0
2025/12/15,10:35:56,0,0.0,191.0,465.0,246.0,25.0,209.0,5.0,4.0,0.0,0.0,0.0,0.0
2025/12/15,10:36:01,0,0.0,215.0,466.0,246.0,0.0,209.0,0.0,0.0,0.0,0.0,0.0,0.0
2025/12/15,10:36:06,0,0.0,200.0,465.0,246.0,2.0,208.0,0.0,0.0,0.0,0.0,0.0,0.0
2025/12/15,10:36:11,0,0.0,199.0,464.0,247.0,26.0,207.0,5.0,4.0,0.0,0.0,0.0,0.0
2025/12/15,10:36:16,0,0.0,200.0,465.0,246.0,15.0,209.0,3.0,3.0,0.0,0.0,0.0,0.0
2025/12/15,10:36:21,0,0.0,203.0,465.0,246.0,0.0,209.0,0.0,0.0,0.0,0.0,0.0,0.0
2025/12/15,10:36:26,0,0.0,189.0,465.0,247.0,26.0,209.0,4.0,4.0,0.0,0.0,0.0,0.0
2025/12/15,10:36:31,0,0.0,197.0,465.0,244.0,17.0,208.0,3.0,2.0,0.0,0.0,0.0,0.0
2025/12/15,10:36:36,0,0.0,212.0,465.0,247.0,0.0,209.0,0.0,0.0,0.0,0.0,0.0,0.0
2025/12/15,10:36:41,0,0.0,200.0,465.0,247.0,17.0,208.0,3.0,3.0,0.0,0.0,0.0,0.0
2025/12/15,10:36:46,0,0.0,196.0,464.0,246.0,25.0,208.0,5.0,4.0,0.0,0.0,0.0,0.0
2025/12/15,10:36:51,0,0.0,194.0,465.0,247.0,20.0,208.0,3.0,3.0,0.0,0.0,0.0,0.0
2025/12/15,10:36:56,0,0.0,206.0,465.0,247.0,0.0,208.0,0.0,0.0,0.0,0.0,0.0,0.0
2025/12/15,10:37:01,0,0.0,197.0,464.0,246.0,18.0,208.0,3.0,3.0,0.0,0.0,0.0,0.0
2025/12/15,10:37:06,0,0.0,196.0,464.0,246.0,16.0,208.0,3.0,3.0,0.0,0.0,0.0,0.0
2025/12/15,10:37:11,0,0.0,211.0,465.0,247.0,0.0,209.0,0.0,0.0,0.0,0.0,0.0,0.0
2025/12/15,10:37:16,0,0.0,198.0,463.0,246.0,26.0,207.0,5.0,4.0,0.0,0.0,0.0,0.0
2025/12/15,10:37:21,0,0.0,203.0,465.0,245.0,0.0,209.0,0.0,0.0,0.0,0.0,0.0,0.0
2025/12/15,10:37:26,0,0.0,203.0,465.0,247.0,9.0,208.0,2.0,2.0,0.0,0.0,0.0,0.0
2025/12/15,10:37:31,0,0.0,196.0,464.0,246.0,26.0,209.0,4.0,4.0,0.0,0.0,0.0,0.0
2025/12/15,10:37:36,0,0.0,194.0,465.0,247.0,16.0,208.0,3.0,2.0,0.0,0.0,0.0,0.0
2025/12/15,10:37:41,0,0.0,196.0,463.0,247.0,0.0,207.0,0.0,0.0,0.0,0.0,0.0,0.0
2025/12/15,10:37:46,0,0.0,216.0,465.0,247.0,0.0,208.0,0.0,0.0,0.0,0.0,0.0,0.0
2025/12/15,10:37:51,0,0.0,190.0,464.0,247.0,25.0,208.0,4.0,4.0,0.0,0.0,0.0,0.0
2025/12/15,10:37:56,0,0.0,196.0,464.0,247.0,13.0,208.0,3.0,2.0,0.0,0.0,0.0,0.0
2025/12/15,10:38:01,0,0.0,208.0,465.0,247.0,1.0,208.0,1.0,1.0,0.0,0.0,0.0,0.0
2025/12/15,10:38:06,0,0.0,196.0,465.0,247.0,28.0,208.0,4.0,4.0,0.0,0.0,0.0,0.0
2025/12/15,10:38:11,0,0.0,217.0,465.0,246.0,0.0,209.0,0.0,0.0,0.0,0.0,0.0,0.0
2025/12/15,10:38:16,0,0.0,194.0,464.0,247.0,24.0,209.0,5.0,4.0,0.0,0.0,0.0,0.0
2025/12/15,10:38:21,0,0.0,209.0,465.0,247.0,3.0,208.0,1.0,1.0,0.0,0.0,0.0,0.0
2025/12/15,10:38:26,0,0.0,196.0,465.0,245.0,4.0,207.0,0.0,0.0,0.0,0.0,0.0,0.0
2025/12/15,10:38:31,0,0.0,193.0,462.0,247.0,26.0,207.0,5.0,4.0,0.0,0.0,0.0,0.0
2025/12/15,10:38:36,0,0.0,217.0,465.0,247.0,0.0,208.0,1.0,0.0,0.0,0.0,0.0,0.0
2025/12/15,10:38:41,0,0.0,193.0,463.0,247.0,20.0,207.0,4.0,3.0,0.0,0.0,0.0,0.0
2025/12/15,10:38:46,0,0.0,201.0,465.0,247.0,18.0,209.0,3.0,3.0,0.0,0.0,0.0,0.0
2025/12/15,10:38:51,0,0.0,202.0,465.0,246.0,0.0,209.0,0.0,0.0,0.0,0.0,0.0,0.0
2025/12/15,10:38:56,0,0.0,202.0,465.0,246.0,24.0,209.0,4.0,4.0,0.0,0.0,0.0,0.0
2025/12/15,10:39:01,0,0.0,188.0,465.0,247.0,25.0,208.0,4.0,5.0,0.0,0.0,0.0,0.0
2025/12/15,10:39:06,0,0.0,207.0,465.0,245.0,5.0,208.0,1.0,1.0,0.0,0.0,0.0,0.0
2025/12/15,10:39:11,0,0.0,210.0,465.0,247.0,0.0,209.0,0.0,0.0,0.0,0.0,0.0,0.0
2025/12/15,10:39:16,0,0.0,198.0,465.0,247.0,8.0,209.0,2.0,2.0,0.0,0.0,0.0,0.0
2025/12/15,10:39:21,0,0.0,198.0,465.0,247.0,23.0,209.0,4.0,4.0,0.0,0.0,0.0,0.0
2025/12/15,10:39:26,0,0.0,191.0,462.0,247.0,26.0,207.0,5.0,4.0,0.0,0.0,0.0,0.0
2025/12/15,10:39:31,0,0.0,204.0,463.0,247.0,8.0,209.0,2.0,3.0,0.0,0.0,0.0,0.0
2025/12/15,10:39:36,0,0.0,217.0,466.0,247.0,0.0,209.0,1.0,0.0,0.0,0.0,0.0,0.0
2025/12/15,10:39:41,0,0.0,208.0,465.0,247.0,0.0,208.0,0.0,0.0,0.0,0.0,0.0,0.0
2025/12/15,10:39:46,0,0.0,198.0,466.0,247.0,5.0,209.0,0.0,1.0,0.0,0.0,0.0,0.0
2025/12/15,10:39:51,0,0.0,200.0,465.0,247.0,23.0,209.0,5.0,4.0,0.0,0.0,0.0,0.0
2025/12/15,10:39:56,0,0.0,193.0,465.0,247.0,24.0,209.0,4.0,3.0,0.0,0.0,0.0,0.0
2025/12/15,10:40:01,0,0.0,213.0,465.0,247.0,3.0,209.0,1.0,0.0,0.0,0.0,0.0,0.0
2025/12/15,10:40:06,0,0.0,206.0,466.0,247.0,0.0,207.0,0.0,0.0,0.0,0.0,0.0,0.0
2025/12/15,10:40:11,0,0.0,197.0,465.0,247.0,3.0,209.0,0.0,2.0,0.0,0.0,0.0,0.0
2025/12/15,10:40:16,0,0.0,194.0,465.0,247.0,20.0,209.0,4.0,3.0,0.0,0.0,0.0,0.0
2025/12/15,10:40:21,0,0.0,200.0,465.0,245.0,23.0,209.0,4.0,4.0,0.0,0.0,0.0,0.0
2025/12/15,10:40:26,0,0.0,194.0,462.0,247.0,26.0,209.0,5.0,4.0,0.0,0.0,0.0,0.0
2025/12/15,10:40:31,0,0.0,209.0,465.0,247.0,5.0,209.0,1.0,0.0,0.0,0.0,0.0,0.0
2025/12/15,10:40:36,0,0.0,203.0,466.0,247.0,0.0,208.0,0.0,1.0,0.0,0.0,0.0,0.0
2025/12/15,10:40:41,0,0.0,192.0,463.0,247.0,22.0,208.0,4.0,4.0,0.0,0.0,0.0,0.0
2025/12/15,10:40:46,0,0.0,193.0,465.0,248.0,26.0,209.0,5.0,4.0,0.0,0.0,0.0,0.0
2025/12/15,10:40:51,0,0.0,198.0,465.0,247.0,20.0,209.0,3.0,4.0,0.0,0.0,0.0,0.0
2025/12/15,10:40:56,0,0.0,210.0,465.0,247.0,5.0,210.0,1.0,1.0,0.0,0.0,0.0,0.0
2025/12/15,10:41:01,0,0.0,217.0,465.0,247.0,1.0,210.0,0.0,0.0,0.0,0.0,0.0,0.0
2025/12/15,10:41:06,0,0.0,200.0,466.0,247.0,0.0,209.0,0.0,0.0,0.0,0.0,0.0,0.0
2025/12/15,10:41:11,0,0.0,198.0,465.0,247.0,20.0,209.0,5.0,4.0,0.0,0.0,0.0,0.0
2025/12/15,10:41:16,0,0.0,191.0,465.0,247.0,26.0,209.0,5.0,4.0,0.0,0.0,0.0,0.0
2025/12/15,10:41:21,0,0.0,206.0,465.0,247.0,9.0,207.0,3.0,2.0,0.0,0.0,0.0,0.0
2025/12/15,10:41:26,0,0.0,217.0,466.0,247.0,0.0,208.0,0.0,0.0,0.0,0.0,0.0,0.0
2025/12/15,10:41:31,0,0.0,204.0,465.0,247.0,0.0,209.0,0.0,0.0,0.0,0.0,0.0,0.0
2025/12/15,10:41:36,0,0.0,197.0,465.0,247.0,11.0,209.0,1.0,2.0,0.0,0.0,0.0,0.0
2025/12/15,10:41:41,0,0.0,199.0,464.0,247.0,20.0,208.0,4.0,4.0,0.0,0.0,0.0,0.0
2025/12/15,10:41:46,0,0.0,189.0,465.0,247.0,28.0,209.0,5.0,5.0,0.0,0.0,0.0,0.0
2025/12/15,10:41:51,0,0.0,218.0,466.0,247.0,0.0,209.0,1.0,0.0,0.0,0.0,0.0,0.0
2025/12/15,10:41:56,0,0.0,200.0,465.0,247.0,1.0,209.0,0.0,1.0,0.0,0.0,0.0,0.0
2025/12/15,10:42:01,0,0.0,193.0,464.0,248.0,22.0,209.0,4.0,4.0,0.0,0.0,0.0,0.0
2025/12/15,10:42:06,0,0.0,197.0,464.0,248.0,25.0,209.0,4.0,4.0,0.0,0.0,0.0,0.0
2025/12/15,10:42:11,0,0.0,195.0,465.0,247.0,18.0,209.0,4.0,4.0,0.0,0.0,0.0,0.0
2025/12/15,10:42:16,0,0.0,218.0,465.0,247.0,0.0,208.0,1.0,0.0,0.0,0.0,0.0,0.0
2025/12/15,10:42:21,0,0.0,197.0,466.0,247.0,6.0,209.0,1.0,1.0,0.0,0.0,0.0,0.0
2025/12/15,10:42:26,0,0.0,199.0,464.0,247.0,26.0,209.0,4.0,4.0,0.0,0.0,0.0,0.0
2025/12/15,10:42:31,0,0.0,205.0,464.0,247.0,7.0,210.0,2.0,2.0,0.0,0.0,0.0,0.0
2025/12/15,10:42:36,0,0.0,203.0,465.0,248.0,0.0,210.0,0.0,0.0,0.0,0.0,0.0,0.0
2025/12/15,10:42:41,0,0.0,195.0,464.0,245.0,25.0,208.0,5.0,4.0,0.0,0.0,0.0,0.0
2025/12/15,10:42:46,0,0.0,217.0,465.0,246.0,0.0,210.0,1.0,0.0,0.0,0.0,0.0,0.0
2025/12/15,10:42:51,0,0.0,195.0,465.0,247.0,24.0,209.0,4.0,4.0,0.0,0.0,0.0,0.0
2025/12/15,10:42:56,0,0.0,210.0,464.0,246.0,3.0,205.0,2.0,1.0,0.0,0.0,0.0,0.0
2025/12/15,10:43:01,0,0.0,198.0,464.0,245.0,10.0,209.0,2.0,2.0,0.0,0.0,0.0,0.0
2025/12/15,10:43:41,0,0.0,201.0,463.0,247.0,6.0,210.0,2.0,1.0,0.0,0.0,0.0,0.0
2025/12/15,10:43:46,0,0.0,197.0,464.0,247.0,25.0,209.0,4.0,4.0,0.0,0.0,0.0,0.0
2025/12/15,10:43:51,0,0.0,202.0,465.0,247.0,0.0,210.0,0.0,0.0,0.0,0.0,0.0,0.0
2025/12/15,10:43:56,0,0.0,211.0,464.0,245.0,1.0,207.0,2.0,1.0,0.0,0.0,0.0,0.0
2025/12/15,10:44:01,0,0.0,190.0,465.0,248.0,28.0,208.0,4.0,4.0,0.0,0.0,0.0,0.0
2025/12/15,10:44:06,0,0.0,200.0,464.0,247.0,26.0,210.0,5.0,4.0,0.0,0.0,0.0,0.0
2025/12/15,10:44:11,0,0.0,199.0,466.0,247.0,4.0,209.0,0.0,1.0,0.0,0.0,0.0,0.0
2025/12/15,10:44:16,0,0.0,206.0,465.0,248.0,0.0,208.0,0.0,0.0,0.0,0.0,0.0,0.0
2025/12/15,10:44:21,0,0.0,204.0,465.0,247.0,0.0,208.0,0.0,0.0,0.0,0.0,0.0,0.0
2025/12/15,10:44:26,0,0.0,206.0,464.0,248.0,0.0,208.0,0.0,0.0,0.0,0.0,0.0,0.0
2025/12/15,10:44:31,0,0.0,205.0,465.0,246.0,0.0,209.0,0.0,0.0,0.0,0.0,0.0,0.0
2025/12/15,10:44:36,0,0.0,202.0,463.0,247.0,0.0,209.0,0.0,0.0,0.0,0.0,0.0,0.0
2025/12/15,10:44:41,0,0.0,198.0,465.0,247.0,11.0,209.0,1.0,2.0,0.0,0.0,0.0,0.0
2025/12/15,10:44:46,0,0.0,201.0,464.0,248.0,24.0,208.0,4.0,4.0,0.0,0.0,0.0,0.0
2025/12/15,10:44:51,0,0.0,192.0,465.0,247.0,23.0,208.0,4.0,4.0,0.0,0.0,0.0,0.0
2025/12/15,10:44:56,0,0.0,216.0,465.0,247.0,6.0,208.0,1.0,0.0,0.0,0.0,0.0,0.0
2025/12/15,10:45:01,0,0.0,212.0,466.0,247.0,0.0,208.0,0.0,0.0,0.0,0.0,0.0,0.0
2025/12/15,10:45:06,0,0.0,214.0,466.0,247.0,0.0,208.0,0.0,0.0,0.0,0.0,0.0,0.0
2025/12/15,10:45:11,0,0.0,192.0,465.0,248.0,26.0,210.0,5.0,3.0,0.0,0.0,0.0,0.0
2025/12/15,10:45:16,0,0.0,194.0,464.0,246.0,24.0,208.0,4.0,3.0,0.0,0.0,0.0,0.0
2025/12/15,10:45:21,0,0.0,204.0,464.0,246.0,0.0,209.0,0.0,0.0,0.0,0.0,0.0,0.0
2025/12/15,10:45:26,0,0.0,204.0,465.0,247.0,0.0,209.0,0.0,0.0,0.0,0.0,0.0,0.0
2025/12/15,10:45:31,0,0.0,197.0,465.0,247.0,9.0,209.0,2.0,2.0,0.0,0.0,0.0,0.0
2025/12/15,10:45:36,0,0.0,197.0,465.0,247.0,25.0,209.0,5.0,4.0,0.0,0.0,0.0,0.0
2025/12/15,10:45:41,0,0.0,206.0,465.0,247.0,5.0,208.0,1.0,1.0,0.0,0.0,0.0,0.0
2025/12/15,10:45:46,0,0.0,202.0,463.0,247.0,0.0,208.0,0.0,0.0,0.0,0.0,0.0,0.0
2025/12/15,10:45:51,0,0.0,194.0,465.0,247.0,23.0,210.0,4.0,5.0,0.0,0.0,0.0,0.0
2025/12/15,10:45:56,0,0.0,199.0,464.0,246.0,24.0,208.0,5.0,4.0,0.0,0.0,0.0,0.0
2025/12/15,10:46:01,0,0.0,190.0,465.0,247.0,22.0,209.0,4.0,4.0,0.0,0.0,0.0,0.0
2025/12/15,10:46:06,0,0.0,202.0,463.0,245.0,13.0,207.0,3.0,3.0,0.0,0.0,0.0,0.0
2025/12/15,10:46:11,0,0.0,201.0,463.0,247.0,14.0,209.0,3.0,2.0,0.0,0.0,0.0,0.0
2025/12/15,10:46:16,0,0.0,193.0,462.0,247.0,23.0,210.0,5.0,4.0,0.0,0.0,0.0,0.0
2025/12/15,10:46:21,0,0.0,195.0,465.0,248.0,27.0,209.0,5.0,4.0,0.0,0.0,0.0,0.0
2025/12/15,10:46:26,0,0.0,199.0,464.0,247.0,25.0,208.0,5.0,4.0,0.0,0.0,0.0,0.0
2025/12/15,10:46:31,0,0.0,193.0,463.0,247.0,24.0,209.0,4.0,4.0,0.0,0.0,0.0,0.0
2025/12/15,10:46:36,0,0.0,197.0,465.0,247.0,15.0,210.0,3.0,3.0,0.0,0.0,0.0,0.0
2025/12/15,10:46:41,0,0.0,200.0,466.0,246.0,0.0,209.0,0.0,1.0,0.0,0.0,0.0,0.0
2025/12/15,10:46:46,0,0.0,213.0,464.0,247.0,0.0,208.0,0.0,0.0,0.0,0.0,0.0,0.0
2025/12/15,10:46:51,0,0.0,197.0,465.0,247.0,17.0,209.0,3.0,3.0,0.0,0.0,0.0,0.0
2025/12/15,10:46:56,0,0.0,195.0,464.0,247.0,26.0,209.0,3.0,4.0,0.0,0.0,0.0,0.0
2025/12/15,10:47:01,0,0.0,211.0,465.0,247.0,0.0,209.0,0.0,0.0,0.0,0.0,0.0,0.0
2025/12/15,10:47:06,0,0.0,190.0,461.0,247.0,27.0,207.0,5.0,4.0,0.0,0.0,0.0,0.0
2025/12/15,10:47:11,0,0.0,192.0,465.0,247.0,22.0,209.0,4.0,4.0,0.0,0.0,0.0,0.0
2025/12/15,10:47:16,0,0.0,216.0,466.0,247.0,0.0,209.0,1.0,0.0,0.0,0.0,0.0,0.0
2025/12/15,10:47:21,0,0.0,192.0,464.0,248.0,23.0,209.0,4.0,4.0,0.0,0.0,0.0,0.0
2025/12/15,10:47:26,0,0.0,198.0,464.0,246.0,18.0,208.0,3.0,3.0,0.0,0.0,0.0,0.0
2025/12/15,10:47:31,0,0.0,202.0,464.0,247.0,0.0,209.0,0.0,0.0,0.0,0.0,0.0,0.0
2025/12/15,10:47:36,0,0.0,193.0,464.0,247.0,26.0,209.0,5.0,4.0,0.0,0.0,0.0,0.0
2025/12/15,10:47:41,0,0.0,210.0,465.0,246.0,0.0,209.0,0.0,0.0,0.0,0.0,0.0,0.0
2025/12/15,10:47:46,0,0.0,197.0,464.0,247.0,25.0,209.0,4.0,4.0,0.0,0.0,0.0,0.0
2025/12/15,10:47:51,0,0.0,210.0,465.0,247.0,0.0,209.0,0.0,0.0,0.0,0.0,0.0,0.0
2025/12/15,10:47:56,0,0.0,192.0,464.0,247.0,27.0,208.0,5.0,4.0,0.0,0.0,0.0,0.0
2025/12/15,10:48:01,0,0.0,198.0,465.0,248.0,0.0,209.0,1.0,1.0,0.0,0.0,0.0,0.0
2025/12/15,10:48:06,0,0.0,205.0,465.0,246.0,8.0,207.0,1.0,1.0,0.0,0.0,0.0,0.0
2025/12/15,10:48:11,0,0.0,195.0,463.0,246.0,22.0,208.0,4.0,4.0,0.0,0.0,0.0,0.0
2025/12/15,10:48:16,0,0.0,210.0,466.0,245.0,0.0,209.0,0.0,0.0,0.0,0.0,0.0,0.0
2025/12/15,10:48:21,0,0.0,194.0,463.0,247.0,23.0,209.0,4.0,4.0,0.0,0.0,0.0,0.0
2025/12/15,10:48:26,0,0.0,194.0,464.0,247.0,26.0,208.0,4.0,4.0,0.0,0.0,0.0,0.0
2025/12/15,10:48:31,0,0.0,202.0,465.0,247.0,0.0,207.0,0.0,1.0,0.0,0.0,0.0,0.0
2025/12/15,10:48:36,0,0.0,211.0,465.0,246.0,1.0,207.0,1.0,1.0,0.0,0.0,0.0,0.0
2025/12/15,10:48:41,0,0.0,193.0,464.0,246.0,27.0,208.0,4.0,4.0,0.0,0.0,0.0,0.0
2025/12/15,10:48:46,0,0.0,194.0,464.0,247.0,15.0,208.0,2.0,3.0,0.0,0.0,0.0,0.0
2025/12/15,10:48:51,0,0.0,214.0,466.0,246.0,0.0,208.0,0.0,0.0,0.0,0.0,0.0,0.0
2025/12/15,10:48:56,0,0.0,193.0,465.0,247.0,24.0,209.0,5.0,4.0,0.0,0.0,0.0,0.0
2025/12/15,10:49:01,0,0.0,193.0,464.0,246.0,26.0,208.0,5.0,4.0,0.0,0.0,0.0,0.0
2025/12/15,10:49:06,0,0.0,209.0,464.0,247.0,0.0,209.0,0.0,0.0,0.0,0.0,0.0,0.0
2025/12/15,10:49:11,0,0.0,191.0,464.0,247.0,25.0,208.0,4.0,4.0,0.0,0.0,0.0,0.0
2025/12/15,10:49:16,0,0.0,195.0,462.0,247.0,6.0,209.0,1.0,1.0,0.0,0.0,0.0,0.0
2025/12/15,10:49:21,0,0.0,210.0,465.0,247.0,5.0,209.0,0.0,1.0,0.0,0.0,0.0,0.0
2025/12/15,10:49:26,0,0.0,197.0,463.0,247.0,26.0,209.0,5.0,4.0,0.0,0.0,0.0,0.0
2025/12/15,10:49:31,0,0.0,196.0,463.0,247.0,15.0,210.0,3.0,3.0,0.0,0.0,0.0,0.0
2025/12/15,10:49:36,0,0.0,200.0,465.0,247.0,0.0,209.0,0.0,0.0,0.0,0.0,0.0,0.0
2025/12/15,10:49:41,0,0.0,199.0,465.0,247.0,1.0,209.0,0.0,1.0,0.0,0.0,0.0,0.0
2025/12/15,10:49:46,0,0.0,199.0,464.0,246.0,25.0,208.0,4.0,4.0,0.0,0.0,0.0,0.0
2025/12/15,10:49:51,0,0.0,214.0,466.0,247.0,0.0,209.0,0.0,0.0,0.0,0.0,0.0,0.0
2025/12/15,10:49:56,0,0.0,192.0,464.0,247.0,26.0,208.0,4.0,4.0,0.0,0.0,0.0,0.0
2025/12/15,10:50:01,0,0.0,195.0,465.0,247.0,15.0,209.0,3.0,2.0,0.0,0.0,0.0,0.0
2025/12/15,10:50:06,0,0.0,208.0,464.0,247.0,3.0,209.0,1.0,1.0,0.0,0.0,0.0,0.0
2025/12/15,10:50:11,0,0.0,195.0,464.0,247.0,20.0,209.0,3.0,3.0,0.0,0.0,0.0,0.0
2025/12/15,10:50:16,0,0.0,201.0,465.0,247.0,15.0,208.0,3.0,3.0,0.0,0.0,0.0,0.0
2025/12/15,10:50:21,0,0.0,203.0,465.0,247.0,0.0,208.0,0.0,0.0,0.0,0.0,0.0,0.0
2025/12/15,10:50:26,0,0.0,196.0,464.0,247.0,25.0,209.0,4.0,4.0,0.0,0.0,0.0,0.0
2025/12/15,10:50:31,0,0.0,215.0,464.0,247.0,0.0,208.0,1.0,0.0,0.0,0.0,0.0,0.0
2025/12/15,10:50:36,0,0.0,196.0,464.0,248.0,19.0,210.0,3.0,3.0,0.0,0.0,0.0,0.0
2025/12/15,10:50:41,0,0.0,196.0,464.0,247.0,26.0,209.0,4.0,4.0,0.0,0.0,0.0,0.0
2025/12/15,10:50:46,0,0.0,191.0,461.0,247.0,27.0,208.0,5.0,4.0,0.0,0.0,0.0,0.0
2025/12/15,10:50:51,0,0.0,189.0,462.0,247.0,26.0,207.0,5.0,4.0,0.0,0.0,0.0,0.0
2025/12/15,10:50:56,0,0.0,195.0,464.0,248.0,20.0,208.0,4.0,4.0,0.0,0.0,0.0,0.0
2025/12/15,10:51:01,0,0.0,211.0,464.0,247.0,4.0,207.0,1.0,1.0,0.0,0.0,0.0,0.0
2025/12/15,10:51:06,0,0.0,199.0,465.0,247.0,4.0,209.0,0.0,0.0,0.0,0.0,0.0,0.0
2025/12/15,10:51:11,0,0.0,200.0,465.0,248.0,15.0,209.0,3.0,3.0,0.0,0.0,0.0,0.0
2025/12/15,10:51:16,0,0.0,198.0,464.0,245.0,13.0,210.0,2.0,2.0,0.0,0.0,0.0,0.0
2025/12/15,10:51:21,0,0.0,200.0,465.0,248.0,14.0,209.0,3.0,3.0,0.0,0.0,0.0,0.0
2025/12/15,10:51:26,0,0.0,199.0,464.0,247.0,0.0,208.0,0.0,1.0,0.0,0.0,0.0,0.0
2025/12/15,10:51:31,0,0.0,197.0,464.0,248.0,25.0,208.0,4.0,4.0,0.0,0.0,0.0,0.0
2025/12/15,10:51:36,0,0.0,207.0,466.0,247.0,6.0,207.0,3.0,1.0,0.0,0.0,0.0,0.0
2025/12/15,10:51:41,0,0.0,202.0,466.0,247.0,0.0,209.0,0.0,1.0,0.0,0.0,0.0,0.0
2025/12/15,10:51:46,0,0.0,202.0,464.0,248.0,22.0,208.0,4.0,4.0,0.0,0.0,0.0,0.0
2025/12/15,10:51:51,0,0.0,195.0,464.0,248.0,21.0,208.0,4.0,3.0,0.0,0.0,0.0,0.0
2025/12/15,10:51:56,0,0.0,208.0,464.0,246.0,5.0,207.0,1.0,1.0,0.0,0.0,0.0,0.0
2025/12/15,10:52:01,0,0.0,211.0,465.0,245.0,2.0,208.0,0.0,1.0,0.0,0.0,0.0,0.0
2025/12/15,10:52:06,0,0.0,209.0,465.0,248.0,1.0,208.0,0.0,0.0,0.0,0.0,0.0,0.0
2025/12/15,10:52:11,0,0.0,205.0,464.0,245.0,10.0,207.0,3.0,3.0,0.0,0.0,0.0,0.0
2025/12/15,10:52:16,0,0.0,189.0,464.0,247.0,25.0,209.0,5.0,5.0,-0.0008,0.0,0.0,0.0
2025/12/15,10:52:21,0,0.0,194.0,464.0,247.0,26.0,208.0,4.0,4.0,0.0,0.0,0.0,0.0
2025/12/15,10:52:26,0,0.0,197.0,464.0,248.0,25.0,209.0,4.0,4.0,0.0,0.0,0.0,0.0
2025/12/15,10:52:31,0,0.0,199.0,464.0,247.0,26.0,208.0,4.0,4.0,0.0,0.0,0.0,0.0
2025/12/15,10:52:36,0,0.0,191.0,463.0,247.0,23.0,208.0,3.0,4.0,0.0,0.0,0.0,0.0
2025/12/15,10:52:41,0,0.0,199.0,465.0,248.0,4.0,209.0,0.0,0.0,0.0,0.0,0.0,0.0
2025/12/15,10:52:46,0,0.0,211.0,463.0,247.0,0.0,209.0,0.0,0.0,0.0,0.0,0.0,0.0
2025/12/15,10:52:51,0,0.0,214.0,465.0,247.0,4.0,207.0,1.0,0.0,0.0,0.0,0.0,0.0
2025/12/15,10:52:56,0,0.0,207.0,465.0,247.0,7.0,207.0,1.0,1.0,0.0,0.0,0.0,0.0
2025/12/15,10:53:01,0,0.0,194.0,463.0,247.0,16.0,208.0,3.0,4.0,0.0,0.0,0.0,0.0
2025/12/15,10:53:06,0,0.0,188.0,463.0,247.0,25.0,209.0,4.0,4.0,0.0,0.0,0.0,0.0
2025/12/15,10:53:11,0,0.0,191.0,463.0,247.0,25.0,208.0,4.0,4.0,0.0,0.0,0.0,0.0
2025/12/15,10:53:40,0,1.0,220.0,464.0,246.0,0.0,209.0,0.0,0.0,0.0,0.0,0.0,0.0
2025/12/15,10:53:45,0,0.0,207.0,465.0,247.0,0.0,207.0,0.0,0.0,0.0,0.0,0.0,0.0
2025/12/15,10:53:50,0,0.0,197.0,461.0,247.0,24.0,209.0,5.0,4.0,0.0,0.0,0.0,0.0
2025/12/15,10:53:55,0,0.0,200.0,464.0,247.0,18.0,209.0,3.0,3.0,0.0,0.0,0.0,0.0
2025/12/15,10:54:00,0,0.0,207.0,465.0,247.0,0.0,209.0,0.0,0.0,0.0,0.0,0.0,0.0
2025/12/15,10:54:05,0,0.0,196.0,464.0,247.0,19.0,208.0,3.0,4.0,0.0,0.0,0.0,0.0
2025/12/15,10:54:10,0,0.0,192.0,464.0,248.0,24.0,209.0,4.0,4.0,0.0,0.0,0.0,0.0
2025/12/15,10:54:15,0,0.0,215.0,465.0,248.0,0.0,209.0,0.0,0.0,0.0,0.0,0.0,0.0
2025/12/15,10:54:20,0,0.0,193.0,463.0,247.0,22.0,208.0,4.0,4.0,0.0,0.0,0.0,0.0
2025/12/15,10:54:25,0,0.0,200.0,464.0,247.0,18.0,208.0,3.0,3.0,0.0,0.0,0.0,0.0
2025/12/15,10:54:30,0,0.0,198.0,462.0,247.0,0.0,209.0,0.0,0.0,0.0,0.0,0.0,0.0
2025/12/15,10:54:35,0,0.0,195.0,462.0,247.0,27.0,207.0,5.0,4.0,0.0,0.0,0.0,0.0
2025/12/15,10:54:40,0,0.0,214.0,465.0,247.0,0.0,207.0,1.0,0.0,0.0,0.0,0.0,0.0
2025/12/15,10:54:45,0,0.0,197.0,465.0,247.0,8.0,208.0,1.0,1.0,0.0,0.0,0.0,0.0
2025/12/15,10:54:50,0,0.0,190.0,465.0,249.0,25.0,208.0,4.0,3.0,0.0,0.0,0.0,0.0
2025/12/15,10:54:55,0,0.0,207.0,465.0,248.0,0.0,207.0,0.0,0.0,0.0,0.0,0.0,0.0
2025/12/15,10:55:00,0,0.0,198.0,463.0,246.0,26.0,208.0,5.0,4.0,0.0,0.0,0.0,0.0
2025/12/15,10:55:05,0,0.0,219.0,464.0,246.0,0.0,209.0,0.0,0.0,0.0,0.0,0.0,0.0
2025/12/15,10:55:10,0,0.0,197.0,464.0,248.0,24.0,209.0,5.0,4.0,0.0,0.0,0.0,0.0
2025/12/15,10:55:15,0,0.0,205.0,464.0,247.0,8.0,208.0,1.0,2.0,0.0,0.0,0.0,0.0
2025/12/15,10:55:20,0,0.0,208.0,465.0,247.0,0.0,208.0,0.0,0.0,0.0,0.0,0.0,0.0
2025/12/15,10:55:25,0,0.0,197.0,464.0,253.0,15.0,208.0,3.0,3.0,0.0,0.0,0.0,0.0
2025/12/15,10:55:30,0,0.0,200.0,464.0,248.0,25.0,208.0,5.0,4.0,0.0,0.0,0.0,0.0
2025/12/15,10:55:35,0,0.0,192.0,464.0,248.0,22.0,207.0,4.0,4.0,0.0,0.0,0.0,0.0
2025/12/15,10:55:40,0,0.0,204.0,464.0,246.0,0.0,209.0,0.0,0.0,0.0,0.0,0.0,0.0
2025/12/15,10:55:45,0,0.0,190.0,465.0,248.0,25.0,209.0,5.0,4.0,0.0,0.0,0.0,0.0
2025/12/15,10:55:50,0,0.0,199.0,466.0,248.0,0.0,208.0,0.0,0.0,0.0,0.0,0.0,0.0
2025/12/15,10:55:55,0,0.0,193.0,464.0,248.0,22.0,209.0,4.0,3.0,0.0,0.0,0.0,0.0
2025/12/15,10:56:00,0,0.0,195.0,463.0,246.0,7.0,208.0,2.0,2.0,0.0,0.0,0.0,0.0
2025/12/15,10:56:05,0,0.0,206.0,465.0,247.0,7.0,209.0,2.0,2.0,0.0,0.0,0.0,0.0
2025/12/15,10:56:10,0,0.0,195.0,465.0,248.0,17.0,209.0,3.0,3.0,0.0,0.0,0.0,0.0
2025/12/15,10:56:15,0,0.0,203.0,464.0,247.0,13.0,208.0,3.0,2.0,0.0,0.0,0.0,0.0
2025/12/15,10:56:20,0,0.0,198.0,463.0,247.0,0.0,209.0,0.0,0.0,0.0,0.0,0.0,0.0
2025/12/15,10:56:25,0,0.0,190.0,462.0,248.0,27.0,207.0,6.0,4.0,0.0,0.0,0.0,0.0
2025/12/15,10:56:30,0,0.0,201.0,465.0,248.0,0.0,209.0,0.0,0.0,0.0,0.0,0.0,0.0
2025/12/15,10:56:35,0,0.0,187.0,462.0,248.0,24.0,209.0,5.0,4.0,0.0,0.0,0.0,0.0
2025/12/15,10:56:40,0,0.0,198.0,464.0,247.0,1.0,207.0,0.0,1.0,0.0,0.0,0.0,0.0
2025/12/15,10:56:45,0,0.0,196.0,465.0,248.0,25.0,208.0,4.0,4.0,0.0,0.0,0.0,0.0
2025/12/15,10:56:50,0,0.0,198.0,462.0,248.0,5.0,208.0,0.0,2.0,0.0,0.0,0.0,0.0
2025/12/15,10:56:55,0,0.0,211.0,465.0,248.0,0.0,208.0,1.0,0.0,0.0,0.0,0.0,0.0
2025/12/15,10:57:00,0,0.0,195.0,464.0,248.0,26.0,209.0,4.0,4.0,0.0,0.0,0.0,0.0
2025/12/15,10:57:05,0,0.0,198.0,465.0,248.0,7.0,208.0,1.0,2.0,0.0,0.0,0.0,0.0
2025/12/15,10:57:10,0,0.0,218.0,465.0,248.0,0.0,208.0,0.0,0.0,0.0,0.0,0.0,0.0
2025/12/15,10:57:15,0,0.0,189.0,465.0,248.0,27.0,207.0,5.0,4.0,0.0,0.0,0.0,0.0
2025/12/15,10:57:20,0,0.0,196.0,464.0,248.0,25.0,209.0,4.0,4.0,0.0,0.0,0.0,0.0
2025/12/15,10:57:25,0,0.0,198.0,465.0,246.0,3.0,208.0,0.0,1.0,0.0,0.0,0.0,0.0
2025/12/15,10:57:30,0,0.0,207.0,465.0,248.0,0.0,207.0,0.0,0.0,0.0,0.0,0.0,0.0
2025/12/15,10:57:35,0,0.0,213.0,465.0,248.0,0.0,208.0,1.0,0.0,0.0,0.0,0.0,0.0
2025/12/15,10:57:40,0,0.0,196.0,464.0,248.0,26.0,208.0,4.0,4.0,0.0,0.0,0.0,0.0
2025/12/15,10:57:45,0,0.0,198.0,466.0,248.0,9.0,209.0,1.0,2.0,0.0,0.0,0.0,0.0
2025/12/15,10:57:50,0,0.0,207.0,465.0,248.0,0.0,207.0,0.0,0.0,0.0,0.0,0.0,0.0
2025/12/15,10:57:55,0,0.0,213.0,465.0,248.0,0.0,208.0,0.0,0.0,0.0,0.0,0.0,0.0
2025/12/15,10:58:00,0,0.0,209.0,463.0,248.0,0.0,209.0,0.0,1.0,0.0,0.0,0.0,0.0
2025/12/15,10:58:05,0,0.0,209.0,465.0,248.0,0.0,208.0,0.0,0.0,0.0,0.0,0.0,0.0
2025/12/15,10:58:10,0,0.0,208.0,465.0,247.0,0.0,209.0,0.0,0.0,0.0,0.0,0.0,0.0
2025/12/15,10:58:15,0,0.0,210.0,465.0,248.0,0.0,207.0,0.0,0.0,0.0,0.0,0.0,0.0
2025/12/15,10:58:20,0,0.0,217.0,466.0,248.0,0.0,209.0,0.0,0.0,0.0,0.0,0.0,0.0
2025/12/15,10:58:25,0,0.0,205.0,465.0,248.0,7.0,207.0,2.0,2.0,0.0,0.0,0.0,0.0
2025/12/15,10:58:30,0,0.0,189.0,462.0,248.0,26.0,208.0,4.0,4.0,0.0,0.0,0.0,0.0
2025/12/15,10:58:35,0,0.0,196.0,465.0,246.0,25.0,208.0,5.0,4.0,0.0,0.0,0.0,0.0
2025/12/15,10:58:40,0,0.0,202.0,464.0,248.0,0.0,209.0,0.0,1.0,0.0,0.0,0.0,0.0
2025/12/15,10:58:45,0,0.0,211.0,465.0,248.0,3.0,208.0,0.0,0.0,0.0,0.0,0.0,0.0
2025/12/15,10:58:50,0,0.0,189.0,462.0,248.0,26.0,208.0,5.0,4.0,0.0,0.0,0.0,0.0
2025/12/15,10:58:55,0,0.0,193.0,464.0,249.0,26.0,207.0,5.0,4.0,0.0,0.0,0.0,0.0
2025/12/15,10:59:00,0,0.0,191.0,464.0,248.0,25.0,208.0,4.0,4.0,0.0,0.0,0.0,0.0
2025/12/15,10:59:05,0,2.0,211.0,464.0,248.0,3.0,209.0,0.0,0.0,0.0,0.0,0.0,0.0
2025/12/15,10:59:10,0,0.0,203.0,465.0,248.0,0.0,207.0,1.0,0.0,0.0,0.0,0.0,0.0
2025/12/15,10:59:15,0,0.0,201.0,464.0,248.0,26.0,208.0,4.0,4.0,0.0,0.0,0.0,0.0
2025/12/15,10:59:20,0,0.0,198.0,464.0,248.0,18.0,207.0,4.0,2.0,0.0,0.0,0.0,0.0
2025/12/15,10:59:25,0,0.0,208.0,465.0,248.0,0.0,207.0,0.0,0.0,0.0,0.0,0.0,0.0
2025/12/15,10:59:30,0,0.0,195.0,463.0,247.0,23.0,207.0,6.0,4.0,0.0,0.0,0.0,0.0
2025/12/15,10:59:35,0,0.0,201.0,465.0,248.0,13.0,209.0,2.0,3.0,0.0,0.0,0.0,0.0
2025/12/15,10:59:40,0,0.0,202.0,463.0,246.0,0.0,209.0,0.0,0.0,0.0,0.0,0.0,0.0
2025/12/15,10:59:45,0,0.0,196.0,464.0,248.0,26.0,209.0,5.0,4.0,0.0,0.0,0.0,0.0
2025/12/15,10:59:50,0,0.0,219.0,463.0,248.0,0.0,209.0,1.0,0.0,0.0,0.0,0.0,0.0
2025/12/15,10:59:55,0,0.0,195.0,464.0,246.0,17.0,207.0,3.0,3.0,0.0,0.0,0.0,0.0
2025/12/15,11:00:00,0,0.0,192.0,464.0,246.0,26.0,207.0,5.0,4.0,0.0,0.0,0.0,0.0
2025/12/15,11:00:05,0,0.0,204.0,465.0,248.0,10.0,208.0,1.0,2.0,0.0,0.0,0.0,0.0
2025/12/15,11:00:10,0,0.0,212.0,464.0,248.0,0.0,209.0,0.0,0.0,0.0,0.0,0.0,0.0
2025/12/15,11:00:15,0,0.0,210.0,464.0,248.0,5.0,209.0,1.0,1.0,0.0,0.0,0.0,0.0
2025/12/15,11:00:20,0,0.0,191.0,462.0,248.0,27.0,207.0,4.0,3.0,0.0,0.0,0.0,0.0
2025/12/15,11:00:25,0,0.0,193.0,464.0,248.0,22.0,209.0,4.0,4.0,0.0,0.0,0.0,0.0
2025/12/15,11:00:30,0,0.0,213.0,463.0,248.0,0.0,208.0,0.0,0.0,0.0,0.0,0.0,0.0
2025/12/15,11:00:35,0,0.0,197.0,464.0,248.0,26.0,209.0,5.0,4.0,0.0,0.0,0.0,0.0
2025/12/15,11:00:40,0,0.0,217.0,463.0,248.0,1.0,209.0,1.0,0.0,0.0,0.0,0.0,0.0
2025/12/15,11:00:45,0,0.0,193.0,463.0,247.0,26.0,208.0,4.0,3.0,0.0,0.0,0.0,0.0
2025/12/15,11:00:50,0,0.0,216.0,462.0,248.0,0.0,209.0,0.0,0.0,0.0,0.0,0.0,0.0
2025/12/15,11:00:55,0,0.0,208.0,463.0,247.0,9.0,208.0,1.0,1.0,0.0,0.0,0.0,0.0
2025/12/15,11:01:00,0,0.0,193.0,462.0,247.0,20.0,207.0,3.0,3.0,0.0,0.0,0.0,0.0
2025/12/15,11:01:05,0,0.0,196.0,463.0,248.0,26.0,208.0,4.0,4.0,0.0,0.0,0.0,0.0
2025/12/15,11:01:10,0,0.0,198.0,463.0,248.0,7.0,208.0,1.0,2.0,0.0,0.0,0.0,0.0
2025/12/15,11:01:15,0,0.0,210.0,463.0,248.0,0.0,208.0,0.0,0.0,0.0,0.0,0.0,0.0
2025/12/15,11:01:20,0,0.0,200.0,462.0,248.0,26.0,207.0,5.0,3.0,0.0,0.0,0.0,0.0
2025/12/15,11:01:25,0,0.0,204.0,462.0,248.0,0.0,208.0,0.0,1.0,0.0,0.0,0.0,0.0
2025/12/15,11:01:30,0,0.0,204.0,462.0,248.0,11.0,208.0,2.0,2.0,0.0,0.0,0.0,0.0
2025/12/15,11:01:35,0,0.0,198.0,462.0,246.0,25.0,209.0,5.0,4.0,0.0,0.0,0.0,0.0
2025/12/15,11:01:40,0,0.0,199.0,463.0,248.0,2.0,209.0,1.0,1.0,0.0,0.0,0.0,0.0
2025/12/15,11:01:45,0,0.0,210.0,464.0,248.0,4.0,209.0,0.0,0.0,0.0,0.0,0.0,0.0
2025/12/15,11:01:50,0,0.0,197.0,462.0,246.0,24.0,208.0,5.0,4.0,0.0,0.0,0.0,0.0
2025/12/15,11:01:55,0,0.0,200.0,464.0,248.0,0.0,210.0,1.0,1.0,0.0,0.0,0.0,0.0
2025/12/15,11:02:00,0,0.0,195.0,464.0,248.0,23.0,209.0,3.0,3.0,0.0,0.0,0.0,0.0
2025/12/15,11:02:05,0,0.0,198.0,464.0,247.0,13.0,208.0,2.0,3.0,0.0,0.0,0.0,0.0
2025/12/15,11:02:10,0,0.0,214.0,464.0,248.0,0.0,208.0,0.0,1.0,0.0,0.0,0.0,0.0
2025/12/15,11:02:15,0,0.0,193.0,464.0,248.0,27.0,209.0,5.0,4.0,0.0,0.0,0.0,0.0
2025/12/15,11:02:20,0,0.0,196.0,463.0,247.0,18.0,208.0,2.0,4.0,0.0,0.0,0.0,0.0
2025/12/15,11:02:25,0,0.0,203.0,464.0,247.0,0.0,208.0,0.0,0.0,0.0,0.0,0.0,0.0
2025/12/15,11:02:30,0,0.0,212.0,464.0,247.0,3.0,207.0,2.0,0.0,0.0,0.0,0.0,0.0
2025/12/15,11:02:35,0,0.0,193.0,463.0,248.0,26.0,208.0,5.0,4.0,0.0,0.0,0.0,0.0
2025/12/15,11:02:40,0,0.0,200.0,461.0,248.0,4.0,209.0,0.0,1.0,0.0,0.0,0.0,0.0
2025/12/15,11:02:45,0,0.0,210.0,464.0,249.0,2.0,207.0,1.0,0.0,0.0,0.0,0.0,0.0
2025/12/15,11:02:50,0,0.0,195.0,463.0,248.0,27.0,208.0,4.0,4.0,0.0,0.0,0.0,0.0
2025/12/15,11:02:55,0,0.0,193.0,463.0,248.0,25.0,208.0,3.0,4.0,0.0,0.0,0.0,0.0
2025/12/15,11:03:00,0,0.0,199.0,464.0,248.0,6.0,208.0,1.0,1.0,0.0,0.0,0.0,0.0
2025/12/15,11:03:05,0,0.0,207.0,463.0,248.0,0.0,209.0,0.0,0.0,0.0,0.0,0.0,0.0
2025/12/15,11:03:10,0,0.0,218.0,464.0,248.0,0.0,208.0,0.0,0.0,0.0,0.0,0.0,0.0
2025/12/15,11:03:15,0,0.0,208.0,464.0,248.0,6.0,208.0,2.0,2.0,0.0,0.0,0.0,0.0
2025/12/15,11:03:20,0,0.0,192.0,464.0,249.0,23.0,209.0,5.0,3.0,0.0,0.0,0.0,0.0
2025/12/15,11:04:14,0,0.0,211.0,465.0,248.0,0.0,207.0,0.0,0.0,0.0,0.0,0.0,0.0
2025/12/15,11:04:19,0,0.0,202.0,464.0,248.0,26.0,209.0,5.0,4.0,0.0,0.0,0.0,0.0
2025/12/15,11:04:24,0,0.0,191.0,464.0,248.0,28.0,208.0,4.0,4.0,0.0,0.0,0.0,0.0
2025/12/15,11:04:29,0,2.0,211.0,465.0,248.0,3.0,208.0,3.0,0.0,0.0,0.0,0.0,0.0
2025/12/15,11:04:34,0,0.0,209.0,463.0,249.0,0.0,208.0,0.0,0.0,0.0,0.0,0.0,0.0
2025/12/15,11:04:39,0,0.0,199.0,465.0,249.0,0.0,209.0,1.0,0.0,0.0,0.0,0.0,0.0
2025/12/15,11:04:44,0,0.0,199.0,463.0,247.0,12.0,208.0,2.0,2.0,0.0,0.0,0.0,0.0
2025/12/15,11:04:49,0,0.0,195.0,464.0,248.0,20.0,207.0,4.0,4.0,0.0,0.0,0.0,0.0
2025/12/15,11:04:54,0,0.0,199.0,463.0,248.0,25.0,207.0,5.0,4.0,0.0,0.0,0.0,0.0
2025/12/15,11:04:59,0,0.0,198.0,464.0,248.0,26.0,208.0,5.0,4.0,0.0,0.0,0.0,0.0
2025/12/15,11:05:04,0,0.0,194.0,463.0,246.0,27.0,208.0,5.0,4.0,0.0,0.0,0.0,0.0
2025/12/15,11:05:09,0,0.0,201.0,462.0,248.0,15.0,207.0,3.0,2.0,0.0,0.0,0.0,0.0
2025/12/15,11:05:14,0,0.0,215.0,465.0,249.0,0.0,209.0,1.0,0.0,0.0,0.0,0.0,0.0
2025/12/15,11:05:19,0,0.0,198.0,463.0,247.0,10.0,208.0,2.0,2.0,0.0,0.0,0.0,0.0
2025/12/15,11:05:24,0,0.0,202.0,464.0,248.0,26.0,207.0,5.0,4.0,0.0,0.0,0.0,0.0
2025/12/15,11:05:29,0,0.0,191.0,463.0,248.0,25.0,209.0,5.0,4.0,0.0,0.0,0.0,0.0
2025/12/15,11:05:34,0,0.0,211.0,465.0,248.0,2.0,207.0,1.0,0.0,0.0,0.0,0.0,0.0
2025/12/15,11:05:39,0,0.0,202.0,464.0,248.0,1.0,208.0,0.0,0.0,0.0,0.0,0.0,0.0
2025/12/15,11:05:44,0,0.0,198.0,463.0,247.0,27.0,208.0,5.0,4.0,0.0,0.0,0.0,0.0
2025/12/15,11:05:49,0,0.0,214.0,465.0,248.0,0.0,207.0,0.0,0.0,0.0,0.0,0.0,0.0
2025/12/15,11:05:54,0,0.0,194.0,463.0,249.0,27.0,209.0,5.0,4.0,0.0,0.0,0.0,0.0
2025/12/15,11:05:59,0,0.0,197.0,463.0,248.0,18.0,207.0,3.0,3.0,0.0,0.0,0.0,0.0
2025/12/15,11:06:04,0,0.0,201.0,464.0,247.0,0.0,209.0,0.0,0.0,0.0,0.0,0.0,0.0
2025/12/15,11:06:09,0,0.0,202.0,463.0,248.0,0.0,208.0,0.0,1.0,0.0,0.0,0.0,0.0
2025/12/15,11:06:14,0,0.0,203.0,465.0,248.0,0.0,208.0,0.0,1.0,0.0,0.0,0.0,0.0
2025/12/15,11:06:19,0,0.0,200.0,464.0,247.0,0.0,209.0,0.0,1.0,0.0,0.0,0.0,0.0
2025/12/15,11:06:24,0,0.0,199.0,464.0,249.0,3.0,209.0,0.0,1.0,0.0,0.0,0.0,0.0
2025/12/15,11:06:29,0,0.0,204.0,464.0,248.0,0.0,208.0,0.0,1.0,0.0,0.0,0.0,0.0
2025/12/15,11:06:34,0,0.0,213.0,465.0,248.0,0.0,208.0,1.0,0.0,0.0,0.0,0.0,0.0
2025/12/15,11:06:39,0,0.0,198.0,463.0,247.0,28.0,207.0,5.0,4.0,0.0,0.0,0.0,0.0
2025/12/15,11:06:44,0,0.0,215.0,465.0,249.0,0.0,209.0,1.0,0.0,0.0,0.0,0.0,0.0
2025/12/15,11:06:49,0,0.0,192.0,464.0,248.0,23.0,208.0,3.0,4.0,0.0,0.0,0.0,0.0
2025/12/15,11:06:54,0,0.0,199.0,463.0,247.0,17.0,208.0,4.0,2.0,0.0,0.0,0.0,0.0
2025/12/15,11:06:59,0,0.0,201.0,463.0,249.0,1.0,208.0,0.0,0.0,0.0,0.0,0.0,0.0
2025/12/15,11:07:04,0,0.0,198.0,463.0,249.0,19.0,208.0,4.0,3.0,0.0,0.0,0.0,0.0
2025/12/15,11:07:09,0,0.0,200.0,464.0,248.0,26.0,208.0,5.0,4.0,0.0,0.0,0.0,0.0
2025/12/15,11:07:14,0,0.0,199.0,463.0,248.0,25.0,209.0,5.0,4.0,0.0,0.0,0.0,0.0
2025/12/15,11:07:19,0,0.0,200.0,463.0,247.0,24.0,208.0,5.0,4.0,0.0,0.0,0.0,0.0
2025/12/15,11:07:24,0,0.0,200.0,464.0,248.0,24.0,209.0,4.0,4.0,0.0,0.0,0.0,0.0
2025/12/15,11:07:29,0,0.0,196.0,464.0,248.0,26.0,208.0,4.0,4.0,0.0,0.0,0.0,0.0
2025/12/15,11:07:34,0,0.0,198.0,464.0,248.0,27.0,207.0,6.0,4.0,0.0,0.0,0.0,0.0
2025/12/15,11:07:39,0,0.0,202.0,463.0,248.0,26.0,207.0,5.0,4.0,0.0,0.0,0.0,0.0
2025/12/15,11:07:44,0,0.0,195.0,464.0,248.0,22.0,209.0,5.0,4.0,0.0,0.0,0.0,0.0
2025/12/15,11:07:49,0,0.0,199.0,464.0,248.0,3.0,209.0,0.0,1.0,0.0,0.0,0.0,0.0
2025/12/15,11:07:54,0,0.0,215.0,464.0,248.0,2.0,209.0,0.0,1.0,0.0,0.0,0.0,0.0
2025/12/15,11:07:59,0,0.0,196.0,464.0,248.0,27.0,209.0,4.0,4.0,0.0,0.0,0.0,0.0
2025/12/15,11:08:04,0,0.0,203.0,465.0,249.0,0.0,208.0,0.0,0.0,0.0,0.0,0.0,0.0
2025/12/15,11:08:09,0,0.0,192.0,463.0,249.0,24.0,209.0,4.0,4.0,0.0,0.0,0.0,0.0
2025/12/15,11:08:14,0,0.0,198.0,465.0,248.0,10.0,208.0,2.0,2.0,0.0,0.0,0.0,0.0
2025/12/15,11:08:19,0,0.0,205.0,464.0,248.0,12.0,208.0,1.0,2.0,0.0,0.0,0.0,0.0
2025/12/15,11:08:24,0,0.0,193.0,463.0,247.0,27.0,207.0,5.0,4.0,0.0,0.0,0.0,0.0
2025/12/15,11:08:29,0,0.0,220.0,464.0,249.0,0.0,208.0,1.0,0.0,0.0,0.0,0.0,0.0
2025/12/15,11:08:34,0,0.0,200.0,463.0,249.0,26.0,208.0,4.0,4.0,0.0,0.0,0.0,0.0
2025/12/15,11:08:39,0,0.0,217.0,464.0,249.0,1.0,208.0,0.0,0.0,0.0,0.0,0.0,0.0
2025/12/15,11:08:44,0,0.0,202.0,463.0,248.0,26.0,208.0,5.0,4.0,0.0,0.0,0.0,0.0
2025/12/15,11:08:49,0,0.0,217.0,464.0,249.0,0.0,207.0,0.0,0.0,0.0,0.0,0.0,0.0
2025/12/15,11:08:54,0,0.0,197.0,464.0,248.0,26.0,208.0,3.0,5.0,0.0,0.0,0.0,0.0
2025/12/15,11:08:59,0,0.0,198.0,462.0,249.0,3.0,209.0,1.0,1.0,0.0,0.0,0.0,0.0
2025/12/15,11:09:04,0,0.0,216.0,465.0,248.0,0.0,208.0,0.0,0.0,0.0,0.0,0.0,0.0
2025/12/15,11:09:09,0,0.0,205.0,464.0,249.0,10.0,209.0,2.0,2.0,0.0,0.0,0.0,0.0
2025/12/15,11:09:14,0,0.0,193.0,463.0,248.0,27.0,207.0,5.0,5.0,0.0,0.0,0.0,0.0
2025/12/15,11:09:19,0,0.0,196.0,464.0,248.0,29.0,208.0,4.0,4.0,0.0,0.0,0.0,0.0
2025/12/15,11:09:24,0,0.0,197.0,463.0,248.0,17.0,207.0,3.0,3.0,0.0,0.0,0.0,0.0
2025/12/15,11:09:29,0,0.0,196.0,464.0,249.0,16.0,208.0,3.0,4.0,0.0,0.0,0.0,0.0
2025/12/15,11:09:34,0,0.0,196.0,462.0,248.0,26.0,207.0,5.0,4.0,0.0,0.0,0.0,0.0
2025/12/15,11:09:39,0,0.0,202.0,464.0,248.0,25.0,209.0,4.0,4.0,0.0,0.0,0.0,0.0
2025/12/15,11:09:44,0,0.0,198.0,464.0,248.0,27.0,209.0,4.0,4.0,0.0,0.0,0.0,0.0
2025/12/15,11:09:49,0,0.0,194.0,463.0,248.0,26.0,208.0,5.0,4.0,0.0,0.0,0.0,0.0
2025/12/15,11:09:54,0,0.0,195.0,464.0,248.0,27.0,207.0,5.0,4.0,0.0,0.0,0.0,0.0
2025/12/15,11:09:59,0,0.0,199.0,461.0,249.0,27.0,209.0,5.0,4.0,0.0,0.0,0.0,0.0
2025/12/15,11:10:04,0,0.0,198.0,461.0,245.0,25.0,209.0,4.0,4.0,0.0,0.0,0.0,0.0
2025/12/15,11:10:09,0,0.0,195.0,462.0,249.0,25.0,209.0,5.0,4.0,0.0,0.0,0.0,0.0
2025/12/15,11:10:14,0,0.0,196.0,463.0,248.0,25.0,207.0,5.0,4.0,0.0,0.0,0.0,0.0
2025/12/15,11:10:19,0,0.0,191.0,463.0,248.0,25.0,209.0,4.0,4.0,0.0,0.0,0.0,0.0
2025/12/15,11:10:24,0,0.0,218.0,464.0,249.0,1.0,209.0,0.0,0.0,0.0,0.0,0.0,0.0
2025/12/15,11:10:29,0,0.0,196.0,464.0,249.0,17.0,208.0,3.0,3.0,0.0,0.0,0.0,0.0
2025/12/15,11:10:34,0,0.0,198.0,464.0,248.0,17.0,208.0,3.0,3.0,0.0,0.0,0.0,0.0
2025/12/15,11:10:39,0,0.0,203.0,463.0,247.0,0.0,209.0,0.0,1.0,0.0,0.0,0.0,0.0
2025/12/15,11:10:44,0,0.0,197.0,464.0,247.0,27.0,208.0,5.0,4.0,0.0,0.0,0.0,0.0
2025/12/15,11:10:49,0,0.0,214.0,465.0,249.0,0.0,208.0,0.0,0.0,0.0,0.0,0.0,0.0
2025/12/15,11:10:54,0,0.0,202.0,463.0,247.0,25.0,208.0,4.0,4.0,0.0,0.0,0.0,0.0
2025/12/15,11:10:59,0,0.0,216.0,461.0,247.0,1.0,208.0,0.0,0.0,0.0,0.0,0.0,0.0
2025/12/15,11:11:04,0,0.0,195.0,464.0,249.0,21.0,207.0,4.0,4.0,0.0,0.0,0.0,0.0
2025/12/15,11:11:09,0,0.0,190.0,464.0,249.0,26.0,208.0,5.0,4.0,0.0,0.0,0.0,0.0
2025/12/15,11:11:14,0,0.0,215.0,464.0,249.0,2.0,208.0,0.0,0.0,0.0,0.0,0.0,0.0
2025/12/15,11:11:19,0,0.0,200.0,464.0,249.0,4.0,208.0,0.0,0.0,0.0,0.0,0.0,0.0
2025/12/15,11:11:24,0,0.0,201.0,463.0,248.0,26.0,207.0,5.0,4.0,0.0,0.0,0.0,0.0
2025/12/15,11:11:29,0,3.0,202.0,464.0,249.0,15.0,209.0,2.0,2.0,0.0,0.0,0.0,0.0
2025/12/15,11:11:34,0,0.0,207.0,463.0,249.0,0.0,208.0,0.0,0.0,0.0,0.0,0.0,0.0
2025/12/15,11:11:39,0,0.0,200.0,460.0,248.0,24.0,207.0,5.0,4.0,0.0,0.0,0.0,0.0
2025/12/15,11:11:44,0,0.0,217.0,462.0,249.0,0.0,209.0,1.0,0.0,0.0,0.0,0.0,0.0
2025/12/15,11:11:49,0,0.0,196.0,463.0,249.0,23.0,207.0,4.0,4.0,0.0,0.0,0.0,0.0
2025/12/15,11:11:54,0,0.0,204.0,464.0,249.0,11.0,209.0,2.0,2.0,0.0,0.0,0.0,0.0
2025/12/15,11:11:59,0,0.0,201.0,464.0,249.0,1.0,208.0,0.0,0.0,0.0,0.0,0.0,0.0
2025/12/15,11:12:04,0,0.0,195.0,464.0,248.0,21.0,208.0,4.0,4.0,0.0,0.0,0.0,0.0
2025/12/15,11:12:09,0,0.0,202.0,463.0,249.0,25.0,207.0,5.0,4.0,0.0,0.0,0.0,0.0
2025/12/15,11:12:14,0,0.0,197.0,464.0,249.0,27.0,207.0,5.0,4.0,0.0,0.0,0.0,0.0
2025/12/15,11:12:19,0,0.0,199.0,464.0,249.0,19.0,209.0,3.0,3.0,0.0,0.0,0.0,0.0
2025/12/15,11:12:24,0,0.0,203.0,464.0,247.0,0.0,209.0,0.0,0.0,0.0,0.0,0.0,0.0
2025/12/15,11:12:29,0,0.0,192.0,462.0,249.0,26.0,206.0,5.0,4.0,0.0,0.0,0.0,0.0
2025/12/15,11:12:34,0,0.0,199.0,464.0,249.0,4.0,208.0,0.0,0.0,0.0,0.0,0.0,0.0
2025/12/15,11:12:39,0,0.0,206.0,463.0,248.0,11.0,207.0,2.0,1.0,0.0,0.0,0.0,0.0
2025/12/15,11:12:44,0,0.0,195.0,463.0,249.0,22.0,208.0,2.0,4.0,0.0,0.0,0.0,0.0
2025/12/15,11:12:49,0,1.0,218.0,465.0,249.0,0.0,207.0,1.0,0.0,0.0,0.0,0.0,0.0
2025/12/15,11:12:54,0,0.0,193.0,463.0,249.0,19.0,207.0,5.0,4.0,0.0,0.0,0.0,0.0
2025/12/15,11:12:59,0,0.0,200.0,464.0,248.0,19.0,208.0,2.0,3.0,0.0,0.0,0.0,0.0
2025/12/15,11:13:04,0,0.0,210.0,462.0,249.0,0.0,208.0,0.0,0.0,0.0,0.0,0.0,0.0
2025/12/15,11:13:09,0,0.0,198.0,463.0,249.0,16.0,207.0,4.0,3.0,0.0,0.0,0.0,0.0
2025/12/15,11:13:14,0,0.0,199.0,464.0,249.0,26.0,208.0,5.0,4.0,0.0,0.0,0.0,0.0
2025/12/15,11:13:19,0,0.0,196.0,463.0,250.0,22.0,208.0,3.0,3.0,0.0,0.0,0.0,0.0
2025/12/15,11:13:24,0,0.0,211.0,465.0,249.0,0.0,209.0,1.0,0.0,0.0,0.0,0.0,0.0
2025/12/15,11:13:29,0,0.0,217.0,464.0,248.0,0.0,208.0,0.0,0.0,0.0,0.0,0.0,0.0
2025/12/15,11:14:11,0,0.0,197.0,463.0,249.0,30.0,208.0,5.0,5.0,0.0,0.0,0.0,0.0
2025/12/15,11:14:13,0,0.0,195.0,463.0,249.0,27.0,209.0,5.0,4.0,0.0,0.0,0.0,0.0
2025/12/15,11:14:18,0,0.0,197.0,463.0,249.0,10.0,207.0,2.0,2.0,0.0,0.0,0.0,0.0
2025/12/15,11:14:23,0,0.0,212.0,463.0,249.0,0.0,209.0,0.0,0.0,0.0,0.0,0.0,0.0
2025/12/15,11:14:28,0,0.0,215.0,465.0,248.0,1.0,207.0,0.0,0.0,0.0,0.0,0.0,0.0
2025/12/15,11:14:33,0,0.0,220.0,464.0,248.0,0.0,209.0,1.0,0.0,0.0,0.0,0.0,0.0
2025/12/15,11:14:38,0,0.0,207.0,464.0,248.0,0.0,208.0,0.0,0.0,0.0,0.0,0.0,0.0
2025/12/15,11:14:43,0,0.0,196.0,463.0,249.0,6.0,208.0,1.0,1.0,0.0,0.0,0.0,0.0
2025/12/15,11:14:48,0,0.0,195.0,463.0,249.0,23.0,208.0,3.0,4.0,0.0,0.0,0.0,0.0
2025/12/15,11:14:53,0,0.0,196.0,463.0,249.0,26.0,208.0,5.0,4.0,0.0,0.0,0.0,0.0
2025/12/15,11:14:58,0,0.0,211.0,464.0,249.0,0.0,209.0,0.0,0.0,0.0,0.0,0.0,0.0
2025/12/15,11:15:03,0,0.0,197.0,463.0,249.0,28.0,209.0,5.0,4.0,0.0,0.0,0.0,0.0
2025/12/15,11:15:08,0,0.0,202.0,464.0,248.0,0.0,208.0,0.0,1.0,0.0,0.0,0.0,0.0
2025/12/15,11:15:13,0,0.0,193.0,464.0,248.0,26.0,207.0,5.0,3.0,0.0,0.0,0.0,0.0
2025/12/15,11:15:18,0,0.0,217.0,464.0,248.0,1.0,207.0,1.0,0.0,0.0,0.0,0.0,0.0
2025/12/15,11:15:23,0,0.0,198.0,464.0,249.0,3.0,207.0,0.0,1.0,0.0,0.0,0.0,0.0
2025/12/15,11:15:28,0,0.0,202.0,462.0,249.0,26.0,207.0,5.0,4.0,0.0,0.0,0.0,0.0
2025/12/15,11:15:33,0,0.0,191.0,462.0,249.0,26.0,207.0,5.0,4.0,0.0,0.0,0.0,0.0
2025/12/15,11:15:38,0,0.0,191.0,463.0,249.0,24.0,209.0,4.0,4.0,0.0,0.0,0.0,0.0
2025/12/15,11:15:43,0,0.0,197.0,463.0,248.0,20.0,208.0,4.0,3.0,0.0,0.0,0.0,0.0
2025/12/15,11:15:48,0,0.0,197.0,464.0,249.0,27.0,208.0,4.0,4.0,0.0,0.0,0.0,0.0
2025/12/15,11:15:53,0,0.0,199.0,464.0,249.0,4.0,209.0,0.0,1.0,0.0,0.0,0.0,0.0
2025/12/15,11:15:58,0,0.0,210.0,463.0,249.0,2.0,209.0,1.0,0.0,0.0,0.0,0.0,0.0
2025/12/15,11:16:03,0,0.0,191.0,463.0,249.0,26.0,207.0,4.0,4.0,0.0,0.0,0.0,0.0
2025/12/15,11:16:08,0,0.0,198.0,461.0,249.0,26.0,207.0,6.0,4.0,0.0,0.0,0.0,0.0
2025/12/15,11:16:13,0,0.0,197.0,463.0,249.0,12.0,208.0,2.0,2.0,0.0,0.0,0.0,0.0
2025/12/15,11:16:18,0,0.0,201.0,462.0,249.0,2.0,209.0,0.0,1.0,0.0,0.0,0.0,0.0
2025/12/15,11:16:23,0,0.0,206.0,464.0,249.0,0.0,209.0,0.0,0.0,0.0,0.0,0.0,0.0
2025/12/15,11:16:28,0,0.0,205.0,464.0,249.0,0.0,208.0,0.0,0.0,0.0,0.0,0.0,0.0
2025/12/15,11:16:33,0,0.0,202.0,464.0,249.0,0.0,209.0,0.0,0.0,0.0,0.0,0.0,0.0
2025/12/15,11:16:38,0,0.0,201.0,464.0,249.0,1.0,208.0,0.0,1.0,0.0,0.0,0.0,0.0
2025/12/15,11:16:43,0,0.0,203.0,464.0,249.0,0.0,208.0,0.0,1.0,0.0,0.0,0.0,0.0
2025/12/15,11:16:48,0,0.0,211.0,463.0,249.0,0.0,209.0,0.0,0.0,0.0,0.0,0.0,0.0
2025/12/15,11:16:53,0,0.0,205.0,464.0,249.0,0.0,208.0,0.0,1.0,0.0,0.0,0.0,0.0
2025/12/15,11:16:58,0,0.0,199.0,463.0,248.0,12.0,207.0,2.0,2.0,0.0,0.0,0.0,0.0
2025/12/15,11:17:03,0,0.0,196.0,463.0,248.0,24.0,208.0,3.0,4.0,0.0,0.0,0.0,0.0
2025/12/15,11:17:08,0,0.0,192.0,464.0,247.0,25.0,208.0,4.0,4.0,0.0,0.0,0.0,0.0
2025/12/15,11:17:13,0,0.0,209.0,464.0,249.0,5.0,209.0,1.0,1.0,0.0,0.0,0.0,0.0
2025/12/15,11:17:18,0,0.0,212.0,464.0,248.0,0.0,207.0,0.0,0.0,0.0,0.0,0.0,0.0
2025/12/15,11:17:23,0,0.0,202.0,464.0,249.0,1.0,209.0,0.0,0.0,0.0,0.0,0.0,0.0
2025/12/15,11:17:28,0,0.0,199.0,463.0,247.0,10.0,208.0,2.0,2.0,0.0,0.0,0.0,0.0
2025/12/15,11:17:33,0,0.0,195.0,463.0,247.0,19.0,208.0,4.0,3.0,0.0,0.0,0.0,0.0
2025/12/15,11:17:38,0,0.0,197.0,463.0,248.0,17.0,208.0,2.0,3.0,0.0,0.0,0.0,0.0
2025/12/15,11:17:43,0,0.0,202.0,463.0,249.0,1.0,209.0,0.0,1.0,0.0,0.0,0.0,0.0
2025/12/15,11:17:48,0,0.0,209.0,464.0,248.0,3.0,209.0,1.0,1.0,0.0,0.0,0.0,0.0
2025/12/15,11:17:53,0,0.0,199.0,464.0,249.0,25.0,209.0,5.0,4.0,0.0,0.0,0.0,0.0
2025/12/15,11:17:58,0,0.0,219.0,463.0,248.0,0.0,208.0,0.0,0.0,0.0,0.0,0.0,0.0
2025/12/15,11:18:03,0,0.0,197.0,461.0,249.0,27.0,207.0,5.0,4.0,0.0,0.0,0.0,0.0
2025/12/15,11:18:08,0,0.0,200.0,463.0,248.0,6.0,208.0,1.0,2.0,0.0,0.0,0.0,0.0
2025/12/15,11:18:13,0,0.0,207.0,465.0,249.0,0.0,207.0,0.0,0.0,0.0,0.0,0.0,0.0
2025/12/15,11:18:18,0,0.0,208.0,463.0,250.0,0.0,209.0,0.0,0.0,0.0,0.0,0.0,0.0
2025/12/15,11:18:23,0,0.0,200.0,461.0,249.0,0.0,209.0,0.0,1.0,0.0,0.0,0.0,0.0
2025/12/15,11:18:28,0,0.0,196.0,463.0,249.0,25.0,209.0,4.0,4.0,0.0,0.0,0.0,0.0
2025/12/15,11:18:33,0,0.0,200.0,464.0,249.0,16.0,209.0,2.0,4.0,0.0,0.0,0.0,0.0
2025/12/15,11:18:38,0,0.0,205.0,464.0,249.0,0.0,209.0,0.0,1.0,0.0,0.0,0.0,0.0
2025/12/15,11:18:43,0,0.0,195.0,464.0,249.0,26.0,209.0,5.0,4.0,0.0,0.0,0.0,0.0
2025/12/15,11:18:48,0,0.0,204.0,464.0,249.0,0.0,208.0,0.0,1.0,0.0,0.0,0.0,0.0
2025/12/15,11:18:53,0,0.0,193.0,461.0,249.0,22.0,208.0,4.0,4.0,0.0,0.0,0.0,0.0
2025/12/15,11:18:58,0,0.0,197.0,461.0,249.0,16.0,208.0,3.0,3.0,0.0,0.0,0.0,0.0
2025/12/15,11:19:03,0,0.0,208.0,463.0,248.0,7.0,208.0,1.0,3.0,0.0,0.0,0.0,0.0
2025/12/15,11:19:08,0,0.0,199.0,463.0,249.0,11.0,208.0,1.0,2.0,0.0,0.0,0.0,0.0
2025/12/15,11:19:13,0,0.0,196.0,463.0,248.0,27.0,208.0,4.0,4.0,0.0,0.0,0.0,0.0
2025/12/15,11:19:18,0,0.0,211.0,464.0,249.0,3.0,208.0,2.0,0.0,0.0,0.0,0.0,0.0
2025/12/15,11:19:23,0,0.0,203.0,464.0,247.0,1.0,209.0,0.0,0.0,0.0,0.0,0.0,0.0
2025/12/15,11:19:28,0,0.0,192.0,465.0,249.0,24.0,208.0,5.0,4.0,0.0,0.0,0.0,0.0
2025/12/15,11:19:33,0,0.0,200.0,463.0,247.0,26.0,208.0,5.0,4.0,0.0,0.0,0.0,0.0
2025/12/15,11:19:38,0,0.0,199.0,463.0,248.0,26.0,207.0,5.0,4.0,0.0,0.0,0.0,0.0
2025/12/15,11:19:43,0,0.0,202.0,464.0,247.0,0.0,209.0,1.0,1.0,0.0,0.0,0.0,0.0
2025/12/15,11:19:48,0,0.0,189.0,464.0,248.0,21.0,208.0,3.0,4.0,0.0,0.0,0.0,0.0
2025/12/15,11:19:53,0,0.0,197.0,464.0,249.0,6.0,209.0,1.0,1.0,0.0,0.0,0.0,0.0
2025/12/15,11:19:58,0,0.0,212.0,464.0,249.0,0.0,208.0,0.0,0.0,0.0,0.0,0.0,0.0
2025/12/15,11:20:03,0,0.0,199.0,463.0,249.0,15.0,209.0,3.0,3.0,0.0,0.0,0.0,0.0
2025/12/15,11:20:08,0,0.0,207.0,464.0,249.0,9.0,208.0,1.0,1.0,0.0,0.0,0.0,0.0
2025/12/15,11:20:13,0,0.0,211.0,464.0,249.0,0.0,207.0,0.0,0.0,0.0,0.0,0.0,0.0
2025/12/15,11:20:18,0,0.0,194.0,463.0,250.0,22.0,207.0,5.0,3.0,0.0,0.0,0.0,0.0
2025/12/15,11:20:23,0,0.0,189.0,464.0,250.0,25.0,208.0,5.0,4.0,0.0,0.0,0.0,0.0
2025/12/15,11:20:28,0,0.0,214.0,464.0,249.0,0.0,209.0,0.0,0.0,0.0,0.0,0.0,0.0
2025/12/15,11:20:33,0,0.0,219.0,465.0,249.0,0.0,209.0,0.0,0.0,0.0,0.0,0.0,0.0
2025/12/15,11:20:38,0,0.0,202.0,463.0,247.0,13.0,208.0,2.0,1.0,0.0,0.0,0.0,0.0
2025/12/15,11:20:43,0,0.0,197.0,464.0,249.0,25.0,209.0,4.0,4.0,0.0,0.0,0.0,0.0
2025/12/15,11:20:48,0,0.0,198.0,464.0,249.0,8.0,208.0,1.0,2.0,0.0,0.0,0.0,0.0
2025/12/15,11:20:53,0,0.0,215.0,464.0,247.0,0.0,209.0,0.0,0.0,0.0,0.0,0.0,0.0
2025/12/15,11:20:58,0,0.0,201.0,463.0,249.0,15.0,209.0,2.0,2.0,0.0,0.0,0.0,0.0
2025/12/15,11:21:03,0,0.0,198.0,464.0,249.0,26.0,208.0,4.0,4.0,0.0,0.0,0.0,0.0
2025/12/15,11:21:08,0,0.0,196.0,462.0,249.0,18.0,208.0,3.0,3.0,0.0,0.0,0.0,0.0
2025/12/15,11:21:13,0,0.0,210.0,464.0,249.0,0.0,209.0,0.0,0.0,0.0,0.0,0.0,0.0
2025/12/15,11:21:18,0,0.0,205.0,464.0,248.0,8.0,208.0,2.0,1.0,0.0,0.0,0.0,0.0
2025/12/15,11:21:23,0,0.0,194.0,463.0,248.0,27.0,208.0,4.0,4.0,0.0,0.0,0.0,0.0
2025/12/15,11:21:28,0,0.0,200.0,462.0,249.0,27.0,209.0,5.0,4.0,0.0,0.0,0.0,0.0
2025/12/15,11:21:33,0,0.0,199.0,460.0,249.0,25.0,208.0,5.0,4.0,0.0,0.0,0.0,0.0
2025/12/15,11:21:38,0,0.0,190.0,464.0,249.0,25.0,208.0,4.0,4.0,0.0,0.0,0.0,0.0
2025/12/15,11:21:43,0,0.0,218.0,464.0,249.0,0.0,207.0,1.0,0.0,0.0,0.0,0.0,0.0
2025/12/15,11:21:48,0,0.0,198.0,463.0,249.0,17.0,209.0,2.0,3.0,0.0,0.0,0.0,0.0
2025/12/15,11:21:53,0,0.0,190.0,464.0,249.0,24.0,209.0,4.0,4.0,0.0,0.0,0.0,0.0
2025/12/15,11:21:58,0,0.0,215.0,463.0,249.0,0.0,209.0,0.0,0.0,0.0,0.0,0.0,0.0
2025/12/15,11:22:03,0,0.0,195.0,463.0,248.0,21.0,208.0,4.0,3.0,0.0,0.0,0.0,0.0
2025/12/15,11:22:08,0,0.0,190.0,463.0,249.0,22.0,207.0,5.0,3.0,0.0,0.0,0.0,0.0
2025/12/15,11:22:13,0,0.0,212.0,464.0,249.0,0.0,208.0,0.0,0.0,0.0,0.0,0.0,0.0
2025/12/15,11:22:18,0,0.0,194.0,463.0,249.0,22.0,209.0,4.0,4.0,0.0,0.0,0.0,0.0
2025/12/15,11:22:23,0,0.0,190.0,463.0,248.0,25.0,209.0,5.0,4.0,0.0,0.0,0.0,0.0
2025/12/15,11:22:28,0,0.0,213.0,465.0,249.0,0.0,209.0,0.0,0.0,0.0,0.0,0.0,0.0
2025/12/15,11:22:33,0,0.0,194.0,462.0,249.0,22.0,208.0,4.0,4.0,0.0,0.0,0.0,0.0
2025/12/15,11:22:38,0,0.0,191.0,463.0,248.0,26.0,208.0,5.0,4.0,0.0,0.0,0.0,0.0
2025/12/15,11:22:43,0,0.0,212.0,464.0,249.0,5.0,208.0,1.0,0.0,0.0,0.0,0.0,0.0
2025/12/15,11:22:48,0,0.0,203.0,463.0,249.0,0.0,209.0,0.0,0.0,0.0,0.0,0.0,0.0
2025/12/15,11:22:53,0,0.0,196.0,464.0,250.0,18.0,208.0,3.0,3.0,0.0,0.0,0.0,0.0
2025/12/15,11:22:58,0,0.0,198.0,461.0,249.0,25.0,208.0,5.0,4.0,0.0,0.0,0.0,0.0
2025/12/15,11:23:03,0,0.0,199.0,463.0,249.0,28.0,209.0,5.0,4.0,0.0,0.0,0.0,0.0
2025/12/15,11:23:08,0,0.0,196.0,463.0,247.0,27.0,208.0,5.0,4.0,0.0,0.0,0.0,0.0
2025/12/15,11:23:13,0,0.0,194.0,465.0,249.0,26.0,209.0,5.0,4.0,0.0,0.0,0.0,0.0
2025/12/15,11:23:18,0,0.0,190.0,463.0,248.0,26.0,208.0,4.0,4.0,0.0,0.0,0.0,0.0
2025/12/15,11:23:23,0,0.0,209.0,462.0,249.0,6.0,209.0,1.0,1.0,0.0,0.0,0.0,0.0
2025/12/15,11:23:28,0,0.0,215.0,463.0,249.0,0.0,209.0,0.0,0.0,0.0,0.0,0.0,0.0
2025/12/15,11:23:33,0,0.0,207.0,465.0,249.0,0.0,209.0,0.0,1.0,0.0,0.0,0.0,0.0
2025/12/15,11:23:38,0,0.0,204.0,464.0,249.0,0.0,208.0,0.0,1.0,0.0,0.0,0.0,0.0
2025/12/15,11:24:27,0,0.0,209.0,464.0,249.0,4.0,209.0,1.0,1.0,0.0,0.0,0.0,0.0
2025/12/15,11:24:32,0,0.0,195.0,464.0,249.0,26.0,209.0,4.0,4.0,0.0,0.0,0.0,0.0
2025/12/15,11:24:37,0,0.0,199.0,465.0,250.0,2.0,208.0,1.0,1.0,0.0,0.0,0.0,0.0
2025/12/15,11:24:42,0,0.0,201.0,465.0,249.0,0.0,208.0,0.0,1.0,0.0,0.0,0.0,0.0
2025/12/15,11:24:47,0,0.0,198.0,463.0,248.0,9.0,209.0,2.0,2.0,0.0,0.0,0.0,0.0
2025/12/15,11:24:52,0,0.0,197.0,464.0,249.0,9.0,209.0,1.0,2.0,0.0,0.0,0.0,0.0
2025/12/15,11:24:57,0,0.0,208.0,465.0,249.0,0.0,208.0,0.0,0.0,0.0,0.0,0.0,0.0
2025/12/15,11:25:02,0,0.0,189.0,462.0,250.0,27.0,210.0,5.0,4.0,0.0,0.0,0.0,0.0
2025/12/15,11:25:07,0,0.0,206.0,464.0,249.0,0.0,208.0,0.0,1.0,0.0,0.0,0.0,0.0
2025/12/15,11:25:12,0,0.0,203.0,462.0,249.0,27.0,208.0,5.0,4.0,0.0,0.0,0.0,0.0
2025/12/15,11:25:17,0,0.0,211.0,464.0,249.0,0.0,208.0,0.0,0.0,0.0,0.0,0.0,0.0
2025/12/15,11:25:22,0,0.0,196.0,463.0,249.0,28.0,209.0,5.0,4.0,0.0,0.0,0.0,0.0
2025/12/15,11:25:27,0,0.0,192.0,464.0,250.0,23.0,209.0,4.0,4.0,0.0,0.0,0.0,0.0
2025/12/15,11:25:32,0,0.0,198.0,464.0,249.0,13.0,208.0,2.0,3.0,0.0,0.0,0.0,0.0
2025/12/15,11:25:37,0,0.0,202.0,462.0,249.0,0.0,210.0,0.0,1.0,0.0,0.0,0.0,0.0
2025/12/15,11:25:42,0,0.0,216.0,463.0,248.0,0.0,209.0,0.0,0.0,0.0,0.0,0.0,0.0
2025/12/15,11:25:47,0,0.0,207.0,465.0,249.0,8.0,208.0,1.0,1.0,0.0,0.0,0.0,0.0
2025/12/15,11:25:52,0,0.0,198.0,463.0,250.0,27.0,208.0,4.0,4.0,0.0,0.0,0.0,0.0
2025/12/15,11:25:57,0,0.0,201.0,464.0,249.0,2.0,207.0,0.0,1.0,0.0,0.0,0.0,0.0
2025/12/15,11:26:02,0,0.0,203.0,463.0,249.0,17.0,208.0,3.0,2.0,0.0,0.0,0.0,0.0
2025/12/15,11:26:07,0,0.0,197.0,464.0,249.0,20.0,208.0,3.0,3.0,0.0,0.0,0.0,0.0
2025/12/15,11:26:12,0,0.0,208.0,464.0,247.0,6.0,207.0,1.0,1.0,0.0,0.0,0.0,0.0
2025/12/15,11:26:17,0,0.0,195.0,463.0,249.0,23.0,208.0,4.0,4.0,0.0,0.0,0.0,0.0
2025/12/15,11:26:22,0,0.0,216.0,464.0,249.0,1.0,208.0,1.0,1.0,0.0,0.0,0.0,0.0
2025/12/15,11:26:27,0,0.0,196.0,460.0,249.0,27.0,208.0,4.0,4.0,0.0,0.0,0.0,0.0
2025/12/15,11:26:32,0,0.0,201.0,464.0,248.0,0.0,209.0,0.0,0.0,0.0,0.0,0.0,0.0
2025/12/15,11:26:37,0,0.0,211.0,464.0,249.0,1.0,209.0,1.0,0.0,0.0,0.0,0.0,0.0
2025/12/15,11:26:42,0,0.0,200.0,463.0,249.0,27.0,209.0,4.0,4.0,0.0,0.0,0.0,0.0
2025/12/15,11:26:47,0,0.0,199.0,463.0,248.0,2.0,207.0,1.0,1.0,0.0,0.0,0.0,0.0
2025/12/15,11:26:52,0,0.0,221.0,464.0,249.0,0.0,207.0,0.0,0.0,0.0,0.0,0.0,0.0
2025/12/15,11:26:57,0,0.0,195.0,464.0,249.0,25.0,209.0,4.0,5.0,0.0,0.0,0.0,0.0
2025/12/15,11:27:02,0,0.0,201.0,460.0,249.0,26.0,209.0,5.0,4.0,0.0,0.0,0.0,0.0
2025/12/15,11:27:07,0,0.0,198.0,464.0,249.0,10.0,208.0,1.0,2.0,0.0,0.0,0.0,0.0
2025/12/15,11:27:12,0,0.0,209.0,463.0,249.0,0.0,209.0,0.0,0.0,0.0,0.0,0.0,0.0
2025/12/15,11:27:17,0,0.0,212.0,463.0,249.0,1.0,210.0,1.0,0.0,0.0,0.0,0.0,0.0
2025/12/15,11:27:22,0,0.0,196.0,463.0,249.0,21.0,207.0,4.0,3.0,0.0,0.0,0.0,0.0
2025/12/15,11:27:27,0,0.0,192.0,463.0,249.0,27.0,207.0,5.0,4.0,0.0,0.0,0.0,0.0
2025/12/15,11:27:32,0,0.0,196.0,463.0,249.0,28.0,209.0,5.0,4.0,0.0,0.0,0.0,0.0
2025/12/15,11:27:37,0,0.0,202.0,464.0,249.0,24.0,209.0,4.0,4.0,0.0,0.0,0.0,0.0
2025/12/15,11:27:42,0,0.0,194.0,463.0,249.0,24.0,209.0,4.0,4.0,0.0,0.0,0.0,0.0
2025/12/15,11:27:47,0,0.0,196.0,464.0,249.0,19.0,209.0,3.0,4.0,0.0,0.0,0.0,0.0
2025/12/15,11:27:52,0,0.0,197.0,464.0,250.0,16.0,209.0,3.0,3.0,0.0,0.0,0.0,0.0
2025/12/15,11:27:57,0,0.0,194.0,464.0,250.0,23.0,209.0,4.0,4.0,0.0,0.0,0.0,0.0
2025/12/15,11:28:02,0,0.0,191.0,462.0,249.0,27.0,207.0,5.0,4.0,0.0,0.0,0.0,0.0
2025/12/15,11:28:07,0,0.0,214.0,465.0,249.0,0.0,207.0,1.0,0.0,0.0,0.0,0.0,0.0
2025/12/15,11:28:12,0,0.0,201.0,463.0,249.0,26.0,208.0,4.0,4.0,0.0,0.0,0.0,0.0
2025/12/15,11:28:17,0,0.0,205.0,464.0,249.0,0.0,207.0,1.0,1.0,0.0,0.0,0.0,0.0
2025/12/15,11:28:22,0,0.0,206.0,464.0,250.0,10.0,209.0,1.0,1.0,0.0,0.0,0.0,0.0
2025/12/15,11:28:27,0,0.0,199.0,461.0,249.0,27.0,209.0,4.0,4.0,0.0,0.0,0.0,0.0
2025/12/15,11:28:32,0,0.0,206.0,461.0,249.0,0.0,209.0,0.0,0.0,0.0,0.0,0.0,0.0
2025/12/15,11:28:37,0,0.0,193.0,463.0,250.0,26.0,209.0,4.0,4.0,0.0,0.0,0.0,0.0
2025/12/15,11:28:42,0,0.0,214.0,464.0,249.0,0.0,208.0,0.0,0.0,0.0,0.0,0.0,0.0
2025/12/15,11:28:47,0,0.0,197.0,463.0,249.0,20.0,209.0,3.0,4.0,0.0,0.0,0.0,0.0
2025/12/15,11:28:52,0,0.0,193.0,463.0,249.0,26.0,209.0,4.0,4.0,0.0,0.0,0.0,0.0
2025/12/15,11:28:57,0,0.0,220.0,464.0,249.0,0.0,208.0,1.0,0.0,0.0,0.0,0.0,0.0
2025/12/15,11:29:02,0,0.0,199.0,463.0,250.0,11.0,208.0,2.0,2.0,0.0,0.0,0.0,0.0
2025/12/15,11:29:07,0,0.0,196.0,463.0,248.0,26.0,208.0,4.0,4.0,0.0,0.0,0.0,0.0
2025/12/15,11:29:12,0,0.0,205.0,463.0,249.0,12.0,210.0,2.0,3.0,0.0,0.0,0.0,0.0
2025/12/15,11:29:17,0,0.0,218.0,463.0,250.0,0.0,209.0,1.0,0.0,0.0,0.0,0.0,0.0
2025/12/15,11:29:22,0,0.0,206.0,463.0,247.0,0.0,209.0,0.0,0.0,0.0,0.0,0.0,0.0
2025/12/15,11:29:27,0,0.0,200.0,463.0,247.0,6.0,207.0,2.0,1.0,0.0,0.0,0.0,0.0
2025/12/15,11:29:32,0,0.0,196.0,464.0,249.0,11.0,209.0,2.0,2.0,0.0,0.0,0.0,0.0
2025/12/15,11:29:37,0,0.0,198.0,464.0,248.0,5.0,207.0,1.0,2.0,0.0,0.0,0.0,0.0
2025/12/15,11:29:42,0,0.0,208.0,465.0,250.0,0.0,209.0,0.0,0.0,0.0,0.0,0.0,0.0
2025/12/15,11:29:47,0,0.0,208.0,461.0,249.0,11.0,209.0,2.0,2.0,0.0,0.0,0.0,0.0
2025/12/15,11:29:52,0,0.0,201.0,463.0,249.0,25.0,209.0,5.0,4.0,0.0,0.0,0.0,0.0
2025/12/15,11:29:57,0,0.0,205.0,464.0,249.0,0.0,209.0,0.0,0.0,0.0,0.0,0.0,0.0
2025/12/15,11:30:02,0,0.0,202.0,464.0,249.0,13.0,209.0,2.0,3.0,0.0,0.0,0.0,0.0
2025/12/15,11:30:07,0,0.0,195.0,462.0,249.0,23.0,209.0,4.0,4.0,0.0,0.0,0.0,0.0
2025/12/15,11:30:12,0,0.0,217.0,463.0,249.0,1.0,208.0,0.0,0.0,0.0,0.0,0.0,0.0
2025/12/15,11:30:17,0,0.0,203.0,461.0,249.0,27.0,209.0,5.0,4.0,0.0,0.0,0.0,0.0
2025/12/15,11:30:22,0,0.0,209.0,464.0,249.0,0.0,207.0,0.0,0.0,0.0,0.0,0.0,0.0
2025/12/15,11:30:27,0,0.0,201.0,464.0,249.0,15.0,209.0,2.0,3.0,0.0,0.0,0.0,0.0
2025/12/15,11:30:32,0,0.0,199.0,464.0,249.0,25.0,208.0,4.0,4.0,0.0,0.0,0.0,0.0
2025/12/15,11:30:37,0,0.0,194.0,462.0,249.0,23.0,207.0,4.0,3.0,0.0,0.0,0.0,0.0
2025/12/15,11:30:42,0,0.0,197.0,463.0,249.0,16.0,208.0,3.0,3.0,0.0,0.0,0.0,0.0
2025/12/15,11:30:47,0,0.0,194.0,463.0,249.0,23.0,208.0,4.0,4.0,0.0,0.0,0.0,0.0
2025/12/15,11:30:52,0,0.0,192.0,463.0,247.0,25.0,207.0,5.0,4.0,0.0,0.0,0.0,0.0
2025/12/15,11:30:57,0,0.0,217.0,464.0,249.0,0.0,207.0,1.0,0.0,0.0,0.0,0.0,0.0
2025/12/15,11:31:02,0,0.0,195.0,463.0,250.0,25.0,208.0,4.0,3.0,0.0,0.0,0.0,0.0
2025/12/15,11:31:07,0,0.0,203.0,463.0,249.0,13.0,208.0,1.0,1.0,0.0,0.0,0.0,0.0
2025/12/15,11:31:12,0,0.0,198.0,462.0,249.0,5.0,210.0,2.0,2.0,0.0,0.0,0.0,0.0
2025/12/15,11:31:17,0,0.0,193.0,463.0,249.0,21.0,208.0,3.0,4.0,0.0,0.0,0.0,0.0
2025/12/15,11:31:22,0,0.0,204.0,462.0,249.0,0.0,209.0,0.0,0.0,0.0,0.0,0.0,0.0
2025/12/15,11:31:27,0,0.0,200.0,463.0,249.0,26.0,209.0,5.0,4.0,0.0,0.0,0.0,0.0
2025/12/15,11:31:32,0,0.0,212.0,461.0,249.0,5.0,210.0,1.0,0.0,0.0,0.0,0.0,0.0
2025/12/15,11:31:37,0,0.0,195.0,462.0,249.0,18.0,209.0,2.0,3.0,0.0,0.0,0.0,0.0
2025/12/15,11:31:42,0,0.0,205.0,464.0,249.0,9.0,209.0,1.0,2.0,0.0,0.0,0.0,0.0
2025/12/15,11:31:47,0,0.0,197.0,464.0,249.0,17.0,209.0,2.0,3.0,0.0,0.0,0.0,0.0
2025/12/15,11:31:52,0,0.0,207.0,462.0,250.0,6.0,208.0,2.0,1.0,0.0,0.0,0.0,0.0
2025/12/15,11:31:57,0,0.0,196.0,463.0,249.0,16.0,209.0,3.0,3.0,0.0,0.0,0.0,0.0
2025/12/15,11:32:02,0,0.0,206.0,463.0,249.0,9.0,209.0,1.0,1.0,0.0,0.0,0.0,0.0
2025/12/15,11:32:07,0,0.0,199.0,464.0,249.0,13.0,209.0,2.0,2.0,0.0,0.0,0.0,0.0
2025/12/15,11:32:12,0,0.0,192.0,464.0,250.0,22.0,208.0,4.0,4.0,0.0,0.0,0.0,0.0
2025/12/15,11:32:17,0,0.0,206.0,463.0,249.0,0.0,209.0,0.0,0.0,0.0,0.0,0.0,0.0
2025/12/15,11:32:22,0,0.0,196.0,462.0,249.0,28.0,209.0,5.0,4.0,0.0,0.0,0.0,0.0
2025/12/15,11:32:27,0,0.0,210.0,464.0,250.0,2.0,208.0,1.0,0.0,0.0,0.0,0.0,0.0
2025/12/15,11:32:32,0,0.0,198.0,463.0,249.0,8.0,209.0,1.0,2.0,0.0,0.0,0.0,0.0
2025/12/15,11:32:37,0,0.0,195.0,462.0,250.0,28.0,209.0,4.0,4.0,0.0,0.0,0.0,0.0
2025/12/15,11:32:42,0,0.0,215.0,463.0,249.0,1.0,209.0,1.0,1.0,0.0,0.0,0.0,0.0
2025/12/15,11:32:47,0,0.0,199.0,464.0,249.0,2.0,210.0,0.0,0.0,0.0,0.0,0.0,0.0
2025/12/15,11:32:52,0,0.0,198.0,464.0,250.0,17.0,210.0,4.0,3.0,0.0,0.0,0.0,0.0
2025/12/15,11:32:57,0,0.0,197.0,462.0,250.0,15.0,209.0,3.0,2.0,0.0,0.0,0.0,0.0
2025/12/15,11:33:02,0,0.0,200.0,464.0,250.0,6.0,209.0,0.0,1.0,0.0,0.0,0.0,0.0
2025/12/15,11:33:07,0,0.0,215.0,463.0,248.0,0.0,209.0,0.0,0.0,0.0,0.0,0.0,0.0
2025/12/15,11:33:12,0,0.0,199.0,464.0,249.0,20.0,208.0,4.0,3.0,0.0,0.0,0.0,0.0
2025/12/15,11:33:17,0,0.0,202.0,460.0,248.0,25.0,208.0,5.0,5.0,0.0,0.0,0.0,0.0
2025/12/15,11:33:22,0,0.0,200.0,461.0,249.0,1.0,209.0,0.0,1.0,0.0,0.0,0.0,0.0
2025/12/15,11:33:27,0,0.0,213.0,465.0,250.0,0.0,210.0,1.0,0.0,0.0,0.0,0.0,0.0
2025/12/15,11:33:32,0,0.0,196.0,463.0,249.0,25.0,207.0,4.0,4.0,0.0,0.0,0.0,0.0
2025/12/15,11:33:37,0,0.0,199.0,464.0,250.0,8.0,209.0,1.0,2.0,0.0,0.0,0.0,0.0
2025/12/15,11:33:42,0,0.0,219.0,463.0,249.0,0.0,209.0,0.0,0.0,0.0,0.0,0.0,0.0
2025/12/15,11:33:47,0,0.0,192.0,460.0,249.0,26.0,208.0,4.0,4.0,0.0,0.0,0.0,0.0
2025/12/15,11:34:46,0,0.0,213.0,464.0,248.0,0.0,209.0,0.0,0.0,0.0,0.0,0.0,0.0
2025/12/15,11:34:51,0,0.0,208.0,463.0,250.0,5.0,208.0,1.0,1.0,0.0,0.0,0.0,0.0
2025/12/15,11:34:56,0,0.0,197.0,464.0,250.0,26.0,209.0,3.0,4.0,0.0,0.0,0.0,0.0
2025/12/15,11:35:01,0,0.0,196.0,463.0,249.0,20.0,208.0,3.0,3.0,0.0,0.0,0.0,0.0
2025/12/15,11:35:06,0,0.0,200.0,463.0,249.0,2.0,207.0,2.0,1.0,0.0,0.0,0.0,0.0
2025/12/15,11:35:11,0,0.0,207.0,463.0,249.0,0.0,208.0,0.0,0.0,0.0,0.0,0.0,0.0
2025/12/15,11:35:16,0,0.0,220.0,464.0,249.0,0.0,208.0,1.0,0.0,0.0,0.0,0.0,0.0
2025/12/15,11:35:21,0,0.0,201.0,464.0,248.0,14.0,208.0,3.0,2.0,0.0,0.0,0.0,0.0
2025/12/15,11:35:26,0,0.0,199.0,463.0,250.0,26.0,209.0,5.0,4.0,0.0,0.0,0.0,0.0
2025/12/15,11:35:31,0,0.0,198.0,464.0,250.0,9.0,208.0,2.0,2.0,0.0,0.0,0.0,0.0
2025/12/15,11:35:36,0,0.0,211.0,464.0,250.0,1.0,209.0,0.0,0.0,0.0,0.0,0.0,0.0
2025/12/15,11:35:41,0,0.0,211.0,463.0,250.0,3.0,209.0,0.0,0.0,0.0,0.0,0.0,0.0
2025/12/15,11:35:46,0,0.0,200.0,463.0,249.0,15.0,209.0,2.0,2.0,0.0,0.0,0.0,0.0
2025/12/15,11:35:51,0,0.0,189.0,463.0,249.0,26.0,209.0,3.0,4.0,0.0,0.0,0.0,0.0
2025/12/15,11:35:56,0,0.0,198.0,460.0,249.0,27.0,207.0,5.0,4.0,0.0,0.0,0.0,0.0
2025/12/15,11:36:01,0,0.0,194.0,463.0,249.0,17.0,209.0,3.0,3.0,0.0,0.0,0.0,0.0
2025/12/15,11:36:06,0,0.0,205.0,461.0,250.0,0.0,209.0,0.0,1.0,0.0,0.0,0.0,0.0
2025/12/15,11:36:11,0,0.0,217.0,464.0,249.0,0.0,208.0,1.0,0.0,0.0,0.0,0.0,0.0
2025/12/15,11:36:16,0,0.0,190.0,464.0,250.0,26.0,209.0,3.0,4.0,0.0,0.0,0.0,0.0
2025/12/15,11:36:21,0,0.0,195.0,462.0,250.0,21.0,209.0,4.0,5.0,0.0,0.0,0.0,0.0
2025/12/15,11:36:26,0,0.0,218.0,464.0,250.0,0.0,207.0,1.0,0.0,0.0,0.0,0.0,0.0
2025/12/15,11:36:31,0,0.0,196.0,460.0,250.0,27.0,209.0,4.0,4.0,0.0,0.0,0.0,0.0
2025/12/15,11:36:36,0,0.0,207.0,463.0,250.0,0.0,208.0,0.0,1.0,0.0,0.0,0.0,0.0
2025/12/15,11:36:41,0,0.0,197.0,461.0,249.0,28.0,208.0,5.0,4.0,0.0,0.0,0.0,0.0
2025/12/15,11:36:46,0,0.0,218.0,464.0,250.0,0.0,208.0,0.0,0.0,0.0,0.0,0.0,0.0
2025/12/15,11:36:51,0,0.0,198.0,463.0,248.0,13.0,208.0,2.0,2.0,0.0,0.0,0.0,0.0
2025/12/15,11:36:56,0,0.0,199.0,464.0,249.0,26.0,209.0,5.0,4.0,0.0,0.0,0.0,0.0
2025/12/15,11:37:01,0,0.0,196.0,464.0,250.0,22.0,210.0,4.0,4.0,0.0,0.0,0.0,0.0
2025/12/15,11:37:06,0,0.0,204.0,463.0,249.0,13.0,208.0,2.0,2.0,0.0,0.0,0.0,0.0
2025/12/15,11:37:11,0,0.0,194.0,463.0,250.0,27.0,207.0,5.0,4.0,0.0,0.0,0.0,0.0
2025/12/15,11:37:16,0,0.0,194.0,463.0,249.0,22.0,208.0,4.0,4.0,0.0,0.0,0.0,0.0
2025/12/15,11:37:21,0,0.0,212.0,463.0,250.0,0.0,208.0,0.0,0.0,0.0,0.0,0.0,0.0
2025/12/15,11:37:26,0,0.0,191.0,463.0,249.0,21.0,209.0,5.0,3.0,0.0,0.0,0.0,0.0
2025/12/15,11:37:31,0,0.0,194.0,463.0,250.0,25.0,209.0,4.0,4.0,0.0,0.0,0.0,0.0
2025/12/15,11:37:36,0,0.0,203.0,464.0,250.0,0.0,208.0,1.0,0.0,0.0,0.0,0.0,0.0
2025/12/15,11:37:41,0,0.0,215.0,463.0,250.0,0.0,208.0,0.0,0.0,0.0,0.0,0.0,0.0
2025/12/15,11:37:46,0,0.0,218.0,463.0,250.0,0.0,209.0,1.0,0.0,0.0,0.0,0.0,0.0
2025/12/15,11:37:51,0,0.0,210.0,463.0,250.0,0.0,209.0,0.0,0.0,0.0,0.0,0.0,0.0
2025/12/15,11:37:56,0,0.0,198.0,464.0,250.0,16.0,209.0,3.0,3.0,0.0,0.0,0.0,0.0
2025/12/15,11:38:01,0,0.0,192.0,463.0,249.0,26.0,208.0,4.0,4.0,0.0,0.0,0.0,0.0
2025/12/15,11:38:06,0,0.0,218.0,464.0,249.0,0.0,208.0,0.0,0.0,0.0,0.0,0.0,0.0
2025/12/15,11:38:11,0,0.0,192.0,462.0,250.0,25.0,208.0,6.0,3.0,0.0,0.0,0.0,0.0
2025/12/15,11:38:16,0,0.0,202.0,460.0,248.0,13.0,208.0,2.0,3.0,0.0,0.0,0.0,0.0
2025/12/15,11:38:21,0,0.0,200.0,464.0,250.0,0.0,208.0,1.0,0.0,0.0,0.0,0.0,0.0
2025/12/15,11:38:26,0,0.0,190.0,463.0,250.0,27.0,208.0,4.0,3.0,0.0,0.0,0.0,0.0
2025/12/15,11:38:31,0,0.0,202.0,463.0,251.0,1.0,208.0,0.0,0.0,0.0,0.0,0.0,0.0
2025/12/15,11:38:36,0,0.0,200.0,464.0,249.0,19.0,209.0,3.0,4.0,0.0,0.0,0.0,0.0
2025/12/15,11:38:41,0,0.0,194.0,462.0,250.0,22.0,208.0,4.0,3.0,0.0,0.0,0.0,0.0
2025/12/15,11:38:46,0,0.0,215.0,464.0,250.0,0.0,208.0,0.0,0.0,0.0,0.0,0.0,0.0
2025/12/15,11:38:51,0,0.0,193.0,463.0,249.0,26.0,208.0,5.0,4.0,0.0,0.0,0.0,0.0
2025/12/15,11:38:56,0,0.0,203.0,463.0,250.0,1.0,209.0,0.0,0.0,0.0,0.0,0.0,0.0
2025/12/15,11:39:01,0,0.0,192.0,461.0,250.0,26.0,210.0,6.0,4.0,0.0,0.0,0.0,0.0
2025/12/15,11:39:06,0,0.0,207.0,463.0,250.0,0.0,209.0,0.0,0.0,0.0,0.0,0.0,0.0
2025/12/15,11:39:11,0,0.0,196.0,463.0,249.0,26.0,208.0,5.0,4.0,0.0,0.0,0.0,0.0
2025/12/15,11:39:16,0,0.0,211.0,463.0,250.0,0.0,209.0,0.0,0.0,0.0,0.0,0.0,0.0
2025/12/15,11:39:21,0,0.0,201.0,463.0,250.0,27.0,209.0,5.0,4.0,0.0,0.0,0.0,0.0
2025/12/15,11:39:26,0,0.0,220.0,464.0,250.0,2.0,208.0,1.0,0.0,0.0,0.0,0.0,0.0
2025/12/15,11:39:31,0,0.0,192.0,463.0,250.0,26.0,207.0,4.0,4.0,0.0,0.0,0.0,0.0
2025/12/15,11:39:36,0,0.0,218.0,464.0,250.0,2.0,208.0,0.0,1.0,0.0,0.0,0.0,0.0
2025/12/15,11:39:41,0,0.0,200.0,462.0,249.0,26.0,208.0,5.0,4.0,0.0,0.0,0.0,0.0
2025/12/15,11:39:46,0,0.0,217.0,463.0,250.0,0.0,207.0,1.0,0.0,0.0,0.0,0.0,0.0
2025/12/15,11:39:51,0,0.0,195.0,463.0,250.0,31.0,210.0,5.0,4.0,0.0,0.0,0.0,0.0
2025/12/15,11:39:56,0,0.0,209.0,464.0,249.0,3.0,208.0,1.0,1.0,0.0,0.0,0.0,0.0
2025/12/15,11:40:01,0,0.0,198.0,461.0,250.0,12.0,211.0,1.0,2.0,0.0,0.0,0.0,0.0
2025/12/15,11:40:06,0,0.0,193.0,461.0,250.0,27.0,209.0,4.0,4.0,0.0,0.0,0.0,0.0
2025/12/15,11:40:11,0,0.0,217.0,464.0,250.0,0.0,209.0,0.0,0.0,0.0,0.0,0.0,0.0
2025/12/15,11:40:16,0,0.0,202.0,462.0,250.0,27.0,210.0,6.0,4.0,0.0,0.0,0.0,0.0
2025/12/15,11:40:21,0,0.0,216.0,463.0,250.0,0.0,209.0,0.0,0.0,0.0,0.0,0.0,0.0
2025/12/15,11:40:26,0,0.0,193.0,461.0,250.0,23.0,209.0,4.0,4.0,0.0,0.0,0.0,0.0
2025/12/15,11:40:31,0,0.0,219.0,462.0,250.0,0.0,209.0,0.0,0.0,0.0,0.0,0.0,0.0
2025/12/15,11:40:36,0,0.0,194.0,463.0,249.0,21.0,208.0,4.0,3.0,0.0,0.0,0.0,0.0
2025/12/15,11:40:41,0,0.0,200.0,464.0,249.0,26.0,208.0,5.0,4.0,0.0,0.0,0.0,0.0
2025/12/15,11:40:46,0,0.0,199.0,463.0,251.0,10.0,208.0,2.0,2.0,0.0,0.0,0.0,0.0
2025/12/15,11:40:51,0,0.0,218.0,461.0,250.0,0.0,208.0,1.0,0.0,0.0,0.0,0.0,0.0
2025/12/15,11:40:56,0,0.0,191.0,460.0,250.0,24.0,208.0,4.0,4.0,0.0,0.0,0.0,0.0
2025/12/15,11:41:01,0,0.0,197.0,463.0,250.0,20.0,209.0,4.0,4.0,0.0,0.0,0.0,0.0
2025/12/15,11:41:06,0,0.0,217.0,463.0,250.0,0.0,209.0,0.0,0.0,0.0,0.0,0.0,0.0
2025/12/15,11:41:11,0,0.0,197.0,463.0,250.0,27.0,208.0,5.0,4.0,0.0,0.0,0.0,0.0
2025/12/15,11:41:16,0,0.0,205.0,464.0,248.0,0.0,209.0,0.0,1.0,0.0,0.0,0.0,0.0
2025/12/15,11:41:21,0,0.0,199.0,464.0,250.0,16.0,208.0,3.0,2.0,0.0,0.0,0.0,0.0
2025/12/15,11:41:26,0,0.0,195.0,463.0,250.0,24.0,209.0,4.0,4.0,0.0,0.0,0.0,0.0
2025/12/15,11:41:31,0,0.0,205.0,464.0,250.0,0.0,208.0,1.0,1.0,0.0,0.0,0.0,0.0
2025/12/15,11:41:36,0,0.0,212.0,462.0,250.0,2.0,209.0,0.0,0.0,0.0,0.0,0.0,0.0
2025/12/15,11:41:41,0,0.0,194.0,464.0,248.0,27.0,208.0,5.0,3.0,0.0,0.0,0.0,0.0
2025/12/15,11:41:46,0,0.0,199.0,464.0,250.0,9.0,209.0,2.0,2.0,0.0,0.0,0.0,0.0
2025/12/15,11:41:51,0,0.0,210.0,464.0,250.0,3.0,208.0,1.0,0.0,0.0,0.0,0.0,0.0
2025/12/15,11:41:56,0,0.0,199.0,463.0,250.0,25.0,210.0,5.0,4.0,0.0,0.0,0.0,0.0
2025/12/15,11:42:01,0,0.0,215.0,464.0,249.0,0.0,209.0,0.0,0.0,0.0,0.0,0.0,0.0
2025/12/15,11:42:06,0,0.0,191.0,463.0,250.0,25.0,209.0,5.0,4.0,0.0,0.0,0.0,0.0
2025/12/15,11:42:11,0,0.0,197.0,464.0,249.0,16.0,209.0,2.0,3.0,0.0,0.0,0.0,0.0
2025/12/15,11:42:16,0,0.0,221.0,463.0,250.0,1.0,209.0,0.0,0.0,0.0,0.0,0.0,0.0
2025/12/15,11:42:21,0,0.0,193.0,460.0,250.0,27.0,209.0,5.0,4.0,0.0,0.0,0.0,0.0
2025/12/15,11:42:26,0,0.0,196.0,462.0,250.0,15.0,208.0,3.0,3.0,0.0,0.0,0.0,0.0
2025/12/15,11:42:31,0,0.0,212.0,464.0,250.0,3.0,209.0,0.0,0.0,0.0,0.0,0.0,0.0
2025/12/15,11:42:36,0,0.0,198.0,463.0,251.0,26.0,208.0,5.0,4.0,0.0,0.0,0.0,0.0
2025/12/15,11:42:41,0,0.0,213.0,463.0,250.0,0.0,208.0,0.0,0.0,0.0,0.0,0.0,0.0
2025/12/15,11:42:46,0,0.0,192.0,464.0,249.0,25.0,208.0,3.0,4.0,0.0,0.0,0.0,0.0
2025/12/15,11:42:51,0,0.0,196.0,463.0,250.0,20.0,209.0,4.0,4.0,0.0,0.0,0.0,0.0
2025/12/15,11:42:56,0,0.0,220.0,464.0,250.0,0.0,208.0,1.0,0.0,0.0,0.0,0.0,0.0
2025/12/15,11:43:01,0,0.0,193.0,463.0,250.0,26.0,209.0,3.0,4.0,0.0,0.0,0.0,0.0
2025/12/15,11:43:06,0,0.0,197.0,462.0,250.0,16.0,208.0,3.0,3.0,0.0,0.0,0.0,0.0
2025/12/15,11:43:11,0,0.0,212.0,463.0,251.0,0.0,209.0,0.0,0.0,0.0,0.0,0.0,0.0
2025/12/15,11:43:16,0,0.0,210.0,463.0,251.0,4.0,208.0,1.0,1.0,0.0,0.0,0.0,0.0
2025/12/15,11:43:21,0,0.0,191.0,463.0,248.0,19.0,209.0,3.0,4.0,0.0,0.0,0.0,0.0
2025/12/15,11:43:26,0,0.0,197.0,464.0,250.0,27.0,209.0,4.0,4.0,0.0,0.0,0.0,0.0
2025/12/15,11:43:31,0,0.0,195.0,463.0,250.0,25.0,210.0,6.0,4.0,0.0,0.0,0.0,0.0
2025/12/15,11:43:36,0,0.0,199.0,463.0,251.0,16.0,208.0,3.0,2.0,0.0,0.0,0.0,0.0
2025/12/15,11:43:41,0,0.0,203.0,463.0,250.0,0.0,209.0,0.0,0.0,0.0,0.0,0.0,0.0
2025/12/15,11:43:46,0,0.0,217.0,464.0,250.0,0.0,209.0,0.0,0.0,0.0,0.0,0.0,0.0
2025/12/15,11:43:51,0,0.0,208.0,464.0,249.0,5.0,208.0,1.0,1.0,0.0,0.0,0.0,0.0
2025/12/15,11:43:56,0,0.0,193.0,463.0,248.0,27.0,209.0,5.0,3.0,0.0,0.0,0.0,0.0
2025/12/15,11:44:45,0,0.0,204.0,462.0,250.0,33.0,209.0,5.0,5.0,0.0,0.0,0.0,0.0
2025/12/15,11:44:50,0,0.0,207.0,464.0,249.0,0.0,208.0,0.0,1.0,0.0,0.0,0.0,0.0
2025/12/15,11:44:55,0,0.0,218.0,463.0,249.0,0.0,209.0,0.0,0.0,0.0,0.0,0.0,0.0
2025/12/15,11:45:00,0,0.0,200.0,463.0,250.0,18.0,208.0,3.0,2.0,0.0,0.0,0.0,0.0
2025/12/15,11:45:05,0,0.0,194.0,463.0,250.0,26.0,210.0,5.0,4.0,0.0,0.0,0.0,0.0
2025/12/15,11:45:10,0,0.0,201.0,460.0,250.0,26.0,208.0,5.0,4.0,0.0,0.0,0.0,0.0
2025/12/15,11:45:15,0,0.0,198.0,464.0,250.0,19.0,209.0,3.0,3.0,0.0,0.0,0.0,0.0
2025/12/15,11:45:20,0,0.0,201.0,464.0,251.0,3.0,209.0,1.0,1.0,0.0,0.0,0.0,0.0
2025/12/15,11:45:25,0,0.0,204.0,464.0,250.0,0.0,207.0,0.0,0.0,0.0,0.0,0.0,0.0
2025/12/15,11:45:30,0,0.0,207.0,464.0,248.0,0.0,209.0,0.0,0.0,0.0,0.0,0.0,0.0
2025/12/15,11:45:35,0,0.0,205.0,462.0,250.0,0.0,208.0,0.0,1.0,0.0,0.0,0.0,0.0
2025/12/15,11:45:40,0,0.0,216.0,463.0,250.0,0.0,210.0,1.0,0.0,0.0,0.0,0.0,0.0
2025/12/15,11:45:45,0,0.0,202.0,463.0,250.0,15.0,208.0,2.0,3.0,0.0,0.0,0.0,0.0
2025/12/15,11:45:50,0,0.0,203.0,463.0,250.0,25.0,209.0,5.0,4.0,0.0,0.0,0.0,0.0
2025/12/15,11:45:55,0,0.0,200.0,463.0,250.0,1.0,209.0,0.0,0.0,0.0,0.0,0.0,0.0
2025/12/15,11:46:00,0,0.0,209.0,464.0,248.0,4.0,208.0,0.0,1.0,0.0,0.0,0.0,0.0
2025/12/15,11:46:05,0,0.0,203.0,464.0,250.0,25.0,209.0,5.0,4.0,0.0,0.0,0.0,0.0
2025/12/15,11:46:10,0,0.0,206.0,464.0,250.0,0.0,209.0,0.0,1.0,0.0,0.0,0.0,0.0
2025/12/15,11:46:15,0,0.0,189.0,462.0,251.0,25.0,209.0,5.0,4.0,0.0,0.0,0.0,0.0
2025/12/15,11:46:20,0,0.0,201.0,464.0,250.0,4.0,210.0,1.0,1.0,0.0,0.0,0.0,0.0
2025/12/15,11:46:25,0,0.0,192.0,460.0,250.0,27.0,208.0,4.0,4.0,0.0,0.0,0.0,0.0
2025/12/15,11:46:30,0,0.0,217.0,463.0,250.0,0.0,208.0,0.0,0.0,0.0,0.0,0.0,0.0
2025/12/15,11:46:35,0,0.0,194.0,463.0,250.0,22.0,209.0,3.0,4.0,0.0,0.0,0.0,0.0
2025/12/15,11:46:40,0,0.0,210.0,463.0,245.0,4.0,210.0,1.0,1.0,0.0,0.0,0.0,0.0
2025/12/15,11:46:45,0,0.0,194.0,462.0,250.0,24.0,211.0,4.0,3.0,0.0,0.0,0.0,0.0
2025/12/15,11:46:50,0,0.0,217.0,464.0,250.0,0.0,210.0,0.0,1.0,0.0,0.0,0.0,0.0
2025/12/15,11:46:55,0,0.0,199.0,461.0,250.0,25.0,210.0,6.0,4.0,0.0,0.0,0.0,0.0
2025/12/15,11:47:00,0,0.0,204.0,463.0,250.0,10.0,210.0,2.0,2.0,0.0,0.0,0.0,0.0
2025/12/15,11:47:05,0,0.0,207.0,463.0,250.0,0.0,208.0,0.0,0.0,0.0,0.0,0.0,0.0
2025/12/15,11:47:10,0,0.0,202.0,464.0,250.0,25.0,210.0,5.0,4.0,0.0,0.0,0.0,0.0
2025/12/15,11:47:15,0,0.0,206.0,463.0,250.0,10.0,208.0,2.0,1.0,0.0,0.0,0.0,0.0
2025/12/15,11:47:20,0,0.0,205.0,464.0,250.0,0.0,210.0,1.0,0.0,0.0,0.0,0.0,0.0
2025/12/15,11:47:25,0,0.0,195.0,463.0,250.0,22.0,209.0,4.0,4.0,0.0,0.0,0.0,0.0
2025/12/15,11:47:30,0,0.0,199.0,463.0,250.0,17.0,209.0,3.0,5.0,0.0,0.0,0.0,0.0
2025/12/15,11:47:35,0,0.0,198.0,464.0,250.0,16.0,209.0,2.0,3.0,0.0,0.0,0.0,0.0
2025/12/15,11:47:40,0,0.0,218.0,464.0,250.0,0.0,208.0,0.0,0.0,0.0,0.0,0.0,0.0
2025/12/15,11:47:45,0,0.0,190.0,463.0,250.0,27.0,209.0,5.0,4.0,0.0,0.0,0.0,0.0
2025/12/15,11:47:50,0,0.0,198.0,464.0,250.0,17.0,209.0,3.0,3.0,0.0,0.0,0.0,0.0
2025/12/15,11:47:55,0,0.0,218.0,462.0,250.0,0.0,208.0,1.0,0.0,0.0,0.0,0.0,0.0
2025/12/15,11:48:00,0,0.0,191.0,462.0,250.0,26.0,210.0,4.0,3.0,0.0,0.0,0.0,0.0
2025/12/15,11:48:05,0,0.0,194.0,464.0,250.0,24.0,208.0,4.0,4.0,0.0,0.0,0.0,0.0
2025/12/15,11:48:10,0,0.0,199.0,462.0,249.0,7.0,209.0,2.0,2.0,0.0,0.0,0.0,0.0
2025/12/15,11:48:15,0,0.0,202.0,464.0,250.0,0.0,209.0,0.0,0.0,0.0,0.0,0.0,0.0
2025/12/15,11:48:20,0,0.0,219.0,463.0,250.0,0.0,209.0,0.0,0.0,0.0,0.0,0.0,0.0
2025/12/15,11:48:25,0,0.0,195.0,461.0,250.0,23.0,210.0,4.0,3.0,0.0,0.0,0.0,0.0
2025/12/15,11:48:30,0,0.0,201.0,463.0,249.0,25.0,208.0,5.0,4.0,0.0,0.0,0.0,0.0
2025/12/15,11:48:35,0,0.0,200.0,463.0,250.0,12.0,208.0,3.0,2.0,0.0,0.0,0.0,0.0
2025/12/15,11:48:40,0,0.0,201.0,464.0,250.0,3.0,208.0,0.0,1.0,0.0,0.0,0.0,0.0
2025/12/15,11:48:45,0,0.0,207.0,463.0,250.0,1.0,209.0,0.0,0.0,0.0,0.0,0.0,0.0
2025/12/15,11:48:50,0,0.0,215.0,461.0,250.0,1.0,210.0,1.0,0.0,0.0,0.0,0.0,0.0
2025/12/15,11:48:55,0,0.0,201.0,463.0,250.0,19.0,210.0,3.0,3.0,0.0,0.0,0.0,0.0
2025/12/15,11:49:00,0,0.0,196.0,464.0,251.0,27.0,208.0,5.0,4.0,0.0,0.0,0.0,0.0
2025/12/15,11:49:05,0,0.0,200.0,463.0,249.0,25.0,208.0,5.0,4.0,0.0,0.0,0.0,0.0
2025/12/15,11:49:10,0,0.0,197.0,462.0,250.0,11.0,209.0,3.0,2.0,0.0,0.0,0.0,0.0
2025/12/15,11:49:15,0,0.0,206.0,462.0,250.0,0.0,210.0,0.0,0.0,0.0,0.0,0.0,0.0
2025/12/15,11:49:20,0,0.0,221.0,464.0,250.0,0.0,209.0,1.0,0.0,0.0,0.0,0.0,0.0
2025/12/15,11:49:25,0,0.0,206.0,464.0,250.0,7.0,209.0,0.0,1.0,0.0,0.0,0.0,0.0
2025/12/15,11:49:30,0,0.0,194.0,463.0,250.0,25.0,209.0,3.0,4.0,0.0,0.0,0.0,0.0
2025/12/15,11:49:35,0,0.0,195.0,462.0,250.0,27.0,209.0,4.0,4.0,0.0,0.0,0.0,0.0
2025/12/15,11:49:40,0,0.0,196.0,463.0,250.0,22.0,210.0,4.0,4.0,0.0,0.0,0.0,0.0
2025/12/15,11:49:45,0,0.0,202.0,463.0,249.0,0.0,209.0,0.0,0.0,0.0,0.0,0.0,0.0
2025/12/15,11:49:50,0,0.0,213.0,462.0,250.0,2.0,203.0,0.0,0.0,0.0,0.0,0.0,0.0
2025/12/15,11:49:55,0,0.0,193.0,463.0,250.0,26.0,210.0,4.0,4.0,0.0,0.0,0.0,0.0
2025/12/15,11:50:00,0,0.0,195.0,462.0,250.0,24.0,208.0,4.0,4.0,0.0,0.0,0.0,0.0
2025/12/15,11:50:05,0,0.0,208.0,463.0,250.0,0.0,208.0,0.0,1.0,0.0,0.0,0.0,0.0
2025/12/15,11:50:10,0,0.0,213.0,463.0,251.0,2.0,210.0,2.0,0.0,0.0,0.0,0.0,0.0
2025/12/15,11:50:15,0,0.0,194.0,462.0,249.0,23.0,209.0,4.0,3.0,0.0,0.0,0.0,0.0
2025/12/15,11:50:20,0,0.0,199.0,462.0,250.0,27.0,208.0,5.0,4.0,0.0,0.0,0.0,0.0
2025/12/15,11:50:25,0,0.0,197.0,461.0,250.0,12.0,210.0,3.0,2.0,0.0,0.0,0.0,0.0
2025/12/15,11:50:30,0,0.0,217.0,463.0,250.0,0.0,209.0,0.0,0.0,0.0,0.0,0.0,0.0
2025/12/15,11:50:35,0,0.0,197.0,461.0,250.0,23.0,210.0,5.0,4.0,0.0,0.0,0.0,0.0
2025/12/15,11:50:40,0,0.0,199.0,463.0,250.0,27.0,210.0,5.0,4.0,0.0,0.0,0.0,0.0
2025/12/15,11:50:45,0,0.0,204.0,463.0,248.0,25.0,208.0,5.0,3.0,0.0,0.0,0.0,0.0
2025/12/15,11:50:50,0,0.0,200.0,463.0,250.0,15.0,208.0,3.0,3.0,0.0,0.0,0.0,0.0
2025/12/15,11:50:55,0,0.0,209.0,464.0,250.0,0.0,209.0,0.0,0.0,0.0,0.0,0.0,0.0
2025/12/15,11:51:00,0,0.0,212.0,464.0,250.0,3.0,210.0,2.0,1.0,0.0,0.0,0.0,0.0
2025/12/15,11:51:05,0,0.0,200.0,462.0,249.0,26.0,208.0,5.0,4.0,0.0,0.0,0.0,0.0
2025/12/15,11:51:10,0,0.0,206.0,463.0,250.0,0.0,209.0,0.0,1.0,0.0,0.0,0.0,0.0
2025/12/15,11:51:15,0,0.0,192.0,463.0,250.0,25.0,208.0,4.0,3.0,0.0,0.0,0.0,0.0
2025/12/15,11:51:20,0,0.0,201.0,464.0,250.0,0.0,208.0,0.0,1.0,0.0,0.0,0.0,0.0
2025/12/15,11:51:25,0,0.0,192.0,463.0,250.0,26.0,209.0,4.0,4.0,0.0,0.0,0.0,0.0
2025/12/15,11:51:30,0,0.0,200.0,463.0,251.0,0.0,209.0,0.0,1.0,0.0,0.0,0.0,0.0
2025/12/15,11:51:35,0,0.0,193.0,463.0,250.0,26.0,209.0,4.0,3.0,0.0,0.0,0.0,0.0
2025/12/15,11:51:40,0,0.0,220.0,463.0,250.0,0.0,210.0,0.0,1.0,0.0,0.0,0.0,0.0
2025/12/15,11:51:45,0,0.0,197.0,462.0,250.0,6.0,210.0,1.0,1.0,0.0,0.0,0.0,0.0
2025/12/15,11:51:50,0,0.0,200.0,462.0,249.0,33.0,210.0,4.0,5.0,0.0,0.0,0.0,0.0
2025/12/15,11:51:55,0,0.0,191.0,460.0,250.0,27.0,208.0,4.0,4.0,0.0,0.0,0.0,0.0
2025/12/15,11:52:00,0,0.0,207.0,463.0,250.0,10.0,208.0,2.0,2.0,0.0,0.0,0.0,0.0
2025/12/15,11:52:05,0,0.0,207.0,464.0,248.0,9.0,208.0,3.0,1.0,0.0,0.0,0.0,0.0
2025/12/15,11:52:10,0,0.0,191.0,463.0,249.0,27.0,208.0,4.0,4.0,0.0,0.0,0.0,0.0
2025/12/15,11:52:15,0,0.0,202.0,461.0,250.0,25.0,210.0,5.0,4.0,0.0,0.0,0.0,0.0
2025/12/15,11:52:20,0,0.0,200.0,463.0,250.0,7.0,209.0,0.0,1.0,0.0,0.0,0.0,0.0
2025/12/15,11:52:25,0,0.0,206.0,463.0,250.0,0.0,208.0,0.0,1.0,0.0,0.0,0.0,0.0
2025/12/15,11:52:30,0,0.0,207.0,462.0,250.0,0.0,209.0,0.0,0.0,0.0,0.0,0.0,0.0
2025/12/15,11:52:35,0,0.0,211.0,461.0,250.0,0.0,210.0,0.0,0.0,0.0,0.0,0.0,0.0
2025/12/15,11:52:40,0,0.0,211.0,461.0,250.0,0.0,208.0,0.0,0.0,0.0,0.0,0.0,0.0
2025/12/15,11:52:45,0,0.0,212.0,464.0,250.0,0.0,208.0,0.0,0.0,0.0,0.0,0.0,0.0
2025/12/15,11:52:50,0,0.0,211.0,463.0,249.0,0.0,209.0,0.0,0.0,0.0,0.0,0.0,0.0
2025/12/15,11:52:55,0,0.0,208.0,464.0,251.0,0.0,209.0,0.0,1.0,0.0,0.0,0.0,0.0
2025/12/15,11:53:00,0,0.0,210.0,464.0,250.0,0.0,208.0,0.0,0.0,0.0,0.0,0.0,0.0
2025/12/15,11:53:05,0,0.0,220.0,464.0,250.0,0.0,209.0,0.0,0.0,0.0,0.0,0.0,0.0
2025/12/15,11:53:10,0,0.0,201.0,463.0,248.0,14.0,208.0,3.0,2.0,0.0,0.0,0.0,0.0
2025/12/15,11:53:15,0,0.0,195.0,462.0,250.0,25.0,210.0,5.0,4.0,0.0,0.0,0.0,0.0
2025/12/15,11:53:20,0,0.0,221.0,463.0,250.0,0.0,210.0,1.0,0.0,0.0,0.0,0.0,0.0
2025/12/15,11:53:25,0,0.0,199.0,462.0,250.0,27.0,208.0,4.0,4.0,0.0,0.0,0.0,0.0
2025/12/15,11:53:30,0,0.0,208.0,464.0,251.0,0.0,210.0,0.0,1.0,0.0,0.0,0.0,0.0
2025/12/15,11:53:35,0,0.0,203.0,460.0,250.0,13.0,208.0,3.0,2.0,0.0,0.0,0.0,0.0
2025/12/15,11:53:40,0,0.0,201.0,462.0,250.0,25.0,209.0,5.0,4.0,0.0,0.0,0.0,0.0
2025/12/15,11:53:45,0,0.0,203.0,463.0,250.0,1.0,209.0,0.0,1.0,0.0,0.0,0.0,0.0
2025/12/15,11:53:50,0,0.0,201.0,460.0,250.0,14.0,208.0,2.0,3.0,0.0,0.0,0.0,0.0
2025/12/15,11:53:55,0,0.0,203.0,462.0,250.0,26.0,209.0,5.0,4.0,0.0,0.0,0.0,0.0
2025/12/15,11:54:00,0,0.0,201.0,463.0,250.0,5.0,210.0,1.0,2.0,0.0,0.0,0.0,0.0
2025/12/15,11:54:05,0,0.0,220.0,463.0,250.0,0.0,210.0,1.0,0.0,0.0,0.0,0.0,0.0
2025/12/15,11:54:18,0,0.0,197.0,461.0,250.0,33.0,209.0,5.0,5.0,0.0,0.0,0.0,0.0
2025/12/15,11:54:18,0,0.0,200.0,463.0,250.0,6.0,210.0,2.0,1.0,0.0,0.0,0.0,0.0
2025/12/15,11:54:23,0,0.0,195.0,463.0,249.0,23.0,209.0,4.0,4.0,0.0,0.0,0.0,0.0
2025/12/15,11:54:28,0,0.0,205.0,463.0,250.0,0.0,210.0,0.0,0.0,0.0,0.0,0.0,0.0
2025/12/15,11:54:33,0,0.0,212.0,463.0,249.0,2.0,208.0,1.0,1.0,0.0,0.0,0.0,0.0
2025/12/15,11:54:38,0,0.0,192.0,463.0,252.0,26.0,209.0,4.0,4.0,0.0,0.0,0.0,0.0
2025/12/15,11:54:43,0,0.0,202.0,463.0,250.0,27.0,210.0,5.0,4.0,0.0,0.0,0.0,0.0
2025/12/15,11:54:48,0,0.0,198.0,463.0,249.0,10.0,208.0,2.0,2.0,0.0,0.0,0.0,0.0
2025/12/15,11:54:53,0,0.0,211.0,462.0,251.0,0.0,208.0,0.0,0.0,0.0,0.0,0.0,0.0
2025/12/15,11:54:58,0,0.0,213.0,463.0,250.0,2.0,209.0,1.0,0.0,0.0,0.0,0.0,0.0
2025/12/15,11:55:03,0,0.0,197.0,463.0,249.0,16.0,209.0,3.0,3.0,0.0,0.0,0.0,0.0
2025/12/15,11:55:08,0,0.0,198.0,463.0,250.0,27.0,210.0,5.0,4.0,0.0,0.0,0.0,0.0
2025/12/15,11:55:13,0,0.0,192.0,463.0,250.0,22.0,208.0,4.0,4.0,0.0,0.0,0.0,0.0
2025/12/15,11:55:18,0,0.0,203.0,461.0,250.0,1.0,209.0,0.0,0.0,0.0,0.0,0.0,0.0
2025/12/15,11:55:23,0,0.0,217.0,463.0,248.0,0.0,209.0,0.0,1.0,0.0,0.0,0.0,0.0
2025/12/15,11:55:28,0,0.0,197.0,462.0,249.0,27.0,209.0,5.0,4.0,0.0,0.0,0.0,0.0
2025/12/15,11:55:33,0,0.0,199.0,463.0,251.0,2.0,210.0,2.0,1.0,0.0,0.0,0.0,0.0
2025/12/15,11:55:38,0,0.0,211.0,463.0,251.0,1.0,209.0,0.0,1.0,0.0,0.0,0.0,0.0
2025/12/15,11:55:43,0,0.0,199.0,462.0,250.0,27.0,207.0,5.0,4.0,0.0,0.0,0.0,0.0
2025/12/15,11:55:48,0,0.0,205.0,463.0,250.0,0.0,210.0,0.0,0.0,0.0,0.0,0.0,0.0
2025/12/15,11:55:53,0,0.0,194.0,462.0,250.0,23.0,209.0,4.0,3.0,0.0,0.0,0.0,0.0
2025/12/15,11:55:58,0,0.0,201.0,463.0,250.0,9.0,210.0,3.0,2.0,0.0,0.0,0.0,0.0
2025/12/15,11:56:03,0,0.0,194.0,462.0,250.0,22.0,211.0,5.0,3.0,0.0,0.0,0.0,0.0
2025/12/15,11:56:08,0,0.0,202.0,463.0,248.0,0.0,209.0,1.0,1.0,0.0,0.0,0.0,0.0
2025/12/15,11:56:13,0,0.0,191.0,463.0,250.0,24.0,210.0,3.0,4.0,0.0,0.0,0.0,0.0
2025/12/15,11:56:18,0,0.0,201.0,464.0,251.0,2.0,209.0,1.0,1.0,0.0,0.0,0.0,0.0
2025/12/15,11:56:23,0,0.0,209.0,463.0,250.0,7.0,210.0,1.0,0.0,0.0,0.0,0.0,0.0
2025/12/15,11:56:28,0,0.0,203.0,462.0,250.0,26.0,208.0,4.0,4.0,0.0,0.0,0.0,0.0
2025/12/15,11:56:33,0,0.0,205.0,463.0,250.0,0.0,209.0,0.0,1.0,0.0,0.0,0.0,0.0
2025/12/15,11:56:38,0,0.0,202.0,462.0,250.0,16.0,208.0,3.0,2.0,0.0,0.0,0.0,0.0
2025/12/15,11:56:43,0,0.0,196.0,464.0,250.0,22.0,209.0,5.0,3.0,0.0,0.0,0.0,0.0
2025/12/15,11:56:48,0,0.0,213.0,463.0,250.0,0.0,211.0,0.0,0.0,0.0,0.0,0.0,0.0
2025/12/15,11:56:53,0,0.0,197.0,464.0,250.0,20.0,210.0,4.0,3.0,0.0,0.0,0.0,0.0
2025/12/15,11:56:58,0,0.0,201.0,464.0,251.0,27.0,208.0,5.0,4.0,0.0,0.0,0.0,0.0
2025/12/15,11:57:03,0,0.0,196.0,463.0,250.0,21.0,210.0,6.0,4.0,0.0,0.0,0.0,0.0
2025/12/15,11:57:08,0,0.0,201.0,463.0,250.0,0.0,210.0,1.0,1.0,0.0,0.0,0.0,0.0
2025/12/15,11:57:13,0,0.0,211.0,464.0,252.0,4.0,209.0,1.0,0.0,0.0,0.0,0.0,0.0
2025/12/15,11:57:18,0,0.0,196.0,462.0,251.0,28.0,210.0,4.0,5.0,0.0,0.0,0.0,0.0
2025/12/15,11:57:23,0,0.0,220.0,464.0,251.0,0.0,210.0,1.0,0.0,0.0,0.0,0.0,0.0
2025/12/15,11:57:28,0,0.0,195.0,462.0,251.0,28.0,210.0,4.0,4.0,0.0,0.0,0.0,0.0
2025/12/15,11:57:33,0,0.0,199.0,462.0,250.0,17.0,209.0,3.0,3.0,0.0,0.0,0.0,0.0
2025/12/15,11:57:38,0,0.0,205.0,464.0,251.0,0.0,210.0,1.0,1.0,0.0,0.0,0.0,0.0
2025/12/15,11:57:43,0,0.0,210.0,464.0,251.0,0.0,210.0,0.0,0.0,0.0,0.0,0.0,0.0
2025/12/15,11:57:48,0,0.0,204.0,462.0,251.0,1.0,209.0,0.0,0.0,0.0,0.0,0.0,0.0
2025/12/15,11:57:53,0,1.0,201.0,462.0,250.0,25.0,210.0,5.0,5.0,0.0,0.0,0.0,0.0
2025/12/15,11:57:58,0,0.0,226.0,464.0,249.0,0.0,210.0,0.0,0.0,0.0,0.0,0.0,0.0
2025/12/15,11:58:03,0,0.0,203.0,462.0,250.0,25.0,210.0,5.0,4.0,0.0,0.0,0.0,0.0
2025/12/15,11:58:08,0,0.0,208.0,462.0,251.0,0.0,209.0,0.0,1.0,0.0,0.0,0.0,0.0
2025/12/15,11:58:13,0,0.0,206.0,464.0,251.0,15.0,210.0,2.0,2.0,0.0,0.0,0.0,0.0
2025/12/15,11:58:18,0,0.0,200.0,462.0,251.0,25.0,210.0,5.0,4.0,0.0,0.0,0.0,0.0
2025/12/15,11:58:23,0,0.0,199.0,463.0,250.0,13.0,210.0,3.0,3.0,0.0,0.0,0.0,0.0
2025/12/15,11:58:28,0,0.0,214.0,463.0,251.0,0.0,210.0,0.0,0.0,0.0,0.0,0.0,0.0
2025/12/15,11:58:33,0,1.0,196.0,462.0,250.0,22.0,210.0,5.0,4.0,0.0,0.0,0.0,0.0
2025/12/15,11:58:38,0,0.0,195.0,460.0,250.0,16.0,208.0,3.0,3.0,0.0,0.0,0.0,0.0
2025/12/15,11:58:43,0,0.0,211.0,464.0,249.0,2.0,209.0,1.0,1.0,0.0,0.0,0.0,0.0
2025/12/15,11:58:48,0,0.0,201.0,462.0,250.0,26.0,210.0,5.0,4.0,0.0,0.0,0.0,0.0
2025/12/15,11:58:53,0,0.0,205.0,463.0,251.0,0.0,210.0,0.0,0.0,0.0,0.0,0.0,0.0
2025/12/15,11:58:58,0,0.0,210.0,464.0,250.0,5.0,209.0,1.0,1.0,0.0,0.0,0.0,0.0
2025/12/15,11:59:03,0,0.0,197.0,464.0,251.0,26.0,209.0,4.0,4.0,0.0,0.0,0.0,0.0
2025/12/15,11:59:08,0,0.0,197.0,462.0,251.0,26.0,210.0,4.0,4.0,0.0,0.0,0.0,0.0
2025/12/15,11:59:13,0,0.0,198.0,463.0,251.0,11.0,209.0,2.0,2.0,0.0,0.0,0.0,0.0
2025/12/15,11:59:18,0,0.0,204.0,464.0,251.0,0.0,210.0,1.0,0.0,0.0,0.0,0.0,0.0
2025/12/15,11:59:23,0,0.0,207.0,464.0,250.0,0.0,209.0,0.0,0.0,0.0,0.0,0.0,0.0
2025/12/15,11:59:28,0,0.0,202.0,461.0,251.0,0.0,210.0,0.0,1.0,0.0,0.0,0.0,0.0
2025/12/15,11:59:33,0,0.0,200.0,463.0,250.0,10.0,209.0,3.0,1.0,0.0,0.0,0.0,0.0
2025/12/15,11:59:38,0,0.0,195.0,462.0,251.0,23.0,210.0,6.0,4.0,0.0,0.0,0.0,0.0
2025/12/15,11:59:43,0,0.0,203.0,463.0,250.0,25.0,210.0,5.0,4.0,0.0,0.0,0.0,0.0
2025/12/15,11:59:48,0,0.0,200.0,463.0,251.0,25.0,210.0,5.0,4.0,0.0,0.0,0.0,0.0
2025/12/15,11:59:53,0,0.0,195.0,462.0,251.0,28.0,209.0,4.0,4.0,0.0,0.0,0.0,0.0
2025/12/15,11:59:58,0,0.0,219.0,463.0,250.0,0.0,209.0,0.0,0.0,0.0,0.0,0.0,0.0
2025/12/15,12:00:03,0,0.0,206.0,464.0,251.0,0.0,210.0,1.0,1.0,0.0,0.0,0.0,0.0
2025/12/15,12:00:08,0,0.0,199.0,461.0,251.0,16.0,209.0,2.0,3.0,0.0,0.0,0.0,0.0
2025/12/15,12:00:13,0,0.0,200.0,461.0,251.0,26.0,209.0,4.0,4.0,0.0,0.0,0.0,0.0
2025/12/15,12:00:18,0,0.0,199.0,463.0,249.0,18.0,208.0,3.0,3.0,0.0,0.0,0.0,0.0
2025/12/15,12:00:23,0,0.0,215.0,464.0,251.0,0.0,210.0,1.0,0.0,0.0,0.0,0.0,0.0
2025/12/15,12:00:28,0,0.0,198.0,464.0,251.0,9.0,211.0,1.0,2.0,0.0,0.0,0.0,0.0
2025/12/15,12:00:33,0,0.0,201.0,464.0,249.0,24.0,209.0,4.0,3.0,0.0,0.0,0.0,0.0
2025/12/15,12:00:38,0,0.0,193.0,460.0,252.0,24.0,210.0,5.0,3.0,0.0,0.0,0.0,0.0
2025/12/15,12:00:43,0,0.0,207.0,463.0,251.0,8.0,211.0,3.0,1.0,0.0,0.0,0.0,0.0
2025/12/15,12:00:48,0,0.0,213.0,464.0,251.0,0.0,209.0,0.0,1.0,0.0,0.0,0.0,0.0
2025/12/15,12:00:53,0,0.0,195.0,462.0,251.0,25.0,209.0,5.0,4.0,0.0,0.0,0.0,0.0
2025/12/15,12:00:58,0,0.0,196.0,463.0,251.0,25.0,209.0,5.0,3.0,0.0,0.0,0.0,0.0
2025/12/15,12:01:03,0,0.0,192.0,462.0,249.0,21.0,209.0,4.0,3.0,0.0,0.0,0.0,0.0
2025/12/15,12:01:08,0,0.0,216.0,464.0,250.0,0.0,209.0,0.0,0.0,0.0,0.0,0.0,0.0
2025/12/15,12:01:13,0,0.0,220.0,463.0,249.0,0.0,210.0,0.0,0.0,0.0,0.0,0.0,0.0
2025/12/15,12:01:18,0,0.0,209.0,464.0,251.0,5.0,209.0,1.0,1.0,0.0,0.0,0.0,0.0
2025/12/15,12:01:23,0,0.0,195.0,463.0,250.0,25.0,210.0,4.0,4.0,0.0,0.0,0.0,0.0
2025/12/15,12:01:28,0,0.0,200.0,463.0,251.0,9.0,210.0,3.0,2.0,0.0,0.0,0.0,0.0
2025/12/15,12:01:33,0,0.0,198.0,462.0,250.0,21.0,209.0,4.0,3.0,0.0,0.0,0.0,0.0
2025/12/15,12:01:38,0,0.0,211.0,464.0,249.0,0.0,211.0,0.0,0.0,0.0,0.0,0.0,0.0
2025/12/15,12:01:43,0,0.0,197.0,463.0,251.0,18.0,209.0,3.0,3.0,0.0,0.0,0.0,0.0
2025/12/15,12:01:48,0,0.0,199.0,462.0,251.0,26.0,209.0,4.0,4.0,0.0,0.0,0.0,0.0
2025/12/15,12:01:53,0,0.0,205.0,463.0,250.0,11.0,210.0,2.0,2.0,0.0,0.0,0.0,0.0
2025/12/15,12:01:58,0,0.0,212.0,464.0,250.0,0.0,208.0,0.0,0.0,0.0,0.0,0.0,0.0
2025/12/15,12:02:03,0,0.0,198.0,464.0,251.0,12.0,209.0,3.0,2.0,0.0,0.0,0.0,0.0
2025/12/15,12:02:08,0,0.0,203.0,463.0,251.0,25.0,209.0,5.0,3.0,0.0,0.0,0.0,0.0
2025/12/15,12:02:13,0,0.0,193.0,463.0,251.0,24.0,209.0,4.0,4.0,0.0,0.0,0.0,0.0
2025/12/15,12:02:18,0,0.0,202.0,463.0,251.0,13.0,209.0,2.0,2.0,0.0,0.0,0.0,0.0
2025/12/15,12:02:23,0,0.0,216.0,463.0,251.0,0.0,210.0,0.0,0.0,0.0,0.0,0.0,0.0
2025/12/15,12:02:28,0,0.0,209.0,463.0,250.0,0.0,210.0,0.0,0.0,0.0,0.0,0.0,0.0
2025/12/15,12:02:33,0,0.0,197.0,463.0,251.0,15.0,209.0,3.0,2.0,0.0,0.0,0.0,0.0
2025/12/15,12:02:38,0,0.0,196.0,463.0,250.0,25.0,209.0,5.0,4.0,0.0,0.0,0.0,0.0
2025/12/15,12:02:43,0,0.0,205.0,461.0,251.0,0.0,210.0,1.0,0.0,0.0,0.0,0.0,0.0
2025/12/15,12:02:48,0,0.0,200.0,463.0,249.0,15.0,209.0,2.0,2.0,0.0,0.0,0.0,0.0
2025/12/15,12:02:53,0,0.0,193.0,460.0,251.0,27.0,210.0,5.0,4.0,0.0,0.0,0.0,0.0
2025/12/15,12:02:58,0,0.0,219.0,463.0,251.0,0.0,210.0,0.0,0.0,0.0,0.0,0.0,0.0
2025/12/15,12:03:03,0,0.0,195.0,463.0,251.0,22.0,210.0,4.0,4.0,0.0,0.0,0.0,0.0
2025/12/15,12:03:08,0,0.0,213.0,462.0,251.0,2.0,210.0,0.0,0.0,0.0,0.0,0.0,0.0
2025/12/15,12:03:13,0,0.0,197.0,463.0,251.0,24.0,210.0,5.0,4.0,0.0,0.0,0.0,0.0
2025/12/15,12:03:18,0,0.0,213.0,463.0,251.0,0.0,209.0,0.0,0.0,0.0,0.0,0.0,0.0
2025/12/15,12:03:23,0,1.0,202.0,461.0,250.0,16.0,209.0,2.0,2.0,0.0,0.0,0.0,0.0
2025/12/15,12:03:28,0,0.0,198.0,463.0,250.0,26.0,210.0,5.0,4.0,0.0,0.0,0.0,0.0
2025/12/15,12:03:33,0,0.0,194.0,463.0,248.0,22.0,209.0,4.0,3.0,0.0,0.0,0.0,0.0
2025/12/15,12:03:38,0,0.0,205.0,461.0,251.0,0.0,210.0,1.0,0.0,0.0,0.0,0.0,0.0
2025/12/15,12:03:43,0,0.0,212.0,464.0,250.0,3.0,211.0,0.0,0.0,0.0,0.0,0.0,0.0
2025/12/15,12:03:48,0,0.0,191.0,463.0,250.0,25.0,209.0,4.0,3.0,0.0,0.0,0.0,0.0
2025/12/15,12:03:53,0,0.0,200.0,461.0,251.0,25.0,211.0,5.0,4.0,0.0,0.0,0.0,0.0
2025/12/15,12:03:58,0,0.0,200.0,463.0,250.0,2.0,210.0,1.0,1.0,0.0,0.0,0.0,0.0
2025/12/15,12:04:03,0,0.0,218.0,464.0,250.0,0.0,208.0,0.0,0.0,0.0,0.0,0.0,0.0
2025/12/15,12:04:08,0,0.0,202.0,463.0,251.0,11.0,210.0,3.0,2.0,0.0,0.0,0.0,0.0
2025/12/15,12:04:44,0,0.0,194.0,463.0,251.0,19.0,209.0,4.0,2.0,0.0,0.0,0.0,0.0
2025/12/15,12:04:46,0,0.0,213.0,463.0,252.0,2.0,208.0,2.0,0.0,0.0,0.0,0.0,0.0
2025/12/15,12:04:51,0,0.0,191.0,461.0,251.0,25.0,210.0,5.0,4.0,0.0,0.0,0.0,0.0
2025/12/15,12:04:56,0,0.0,197.0,463.0,251.0,24.0,210.0,5.0,4.0,0.0,0.0,0.0,0.0
2025/12/15,12:05:01,0,0.0,202.0,462.0,250.0,1.0,210.0,0.0,0.0,0.0,0.0,0.0,0.0
2025/12/15,12:05:06,0,0.0,204.0,463.0,251.0,12.0,208.0,2.0,2.0,0.0,0.0,0.0,0.0
2025/12/15,12:05:11,0,0.0,198.0,463.0,250.0,17.0,210.0,3.0,3.0,0.0,0.0,0.0,0.0
2025/12/15,12:05:16,0,0.0,207.0,461.0,251.0,9.0,210.0,2.0,2.0,0.0,0.0,0.0,0.0
2025/12/15,12:05:21,0,0.0,199.0,461.0,251.0,8.0,210.0,1.0,1.0,0.0,0.0,0.0,0.0
2025/12/15,12:05:26,0,0.0,193.0,463.0,251.0,25.0,209.0,4.0,3.0,0.0,0.0,0.0,0.0
2025/12/15,12:05:31,0,0.0,210.0,463.0,250.0,0.0,210.0,0.0,0.0,0.0,0.0,0.0,0.0
2025/12/15,12:05:36,0,0.0,204.0,463.0,251.0,25.0,210.0,5.0,4.0,0.0,0.0,0.0,0.0
2025/12/15,12:05:41,0,0.0,202.0,463.0,250.0,15.0,211.0,3.0,3.0,0.0,0.0,0.0,0.0
2025/12/15,12:05:46,0,0.0,216.0,463.0,251.0,0.0,210.0,1.0,0.0,0.0,0.0,0.0,0.0
2025/12/15,12:05:51,0,0.0,201.0,463.0,249.0,4.0,209.0,0.0,1.0,0.0,0.0,0.0,0.0
2025/12/15,12:05:56,0,0.0,196.0,464.0,250.0,22.0,210.0,4.0,4.0,0.0,0.0,0.0,0.0
2025/12/15,12:06:01,0,0.0,204.0,460.0,251.0,24.0,209.0,5.0,4.0,0.0,0.0,0.0,0.0
2025/12/15,12:06:06,0,0.0,196.0,463.0,251.0,21.0,210.0,5.0,4.0,0.0,0.0,0.0,0.0
2025/12/15,12:06:11,0,0.0,201.0,464.0,251.0,3.0,210.0,1.0,1.0,0.0,0.0,0.0,0.0
2025/12/15,12:06:16,0,0.0,221.0,464.0,251.0,0.0,209.0,0.0,0.0,0.0,0.0,0.0,0.0
2025/12/15,12:06:21,0,0.0,194.0,462.0,249.0,26.0,209.0,4.0,4.0,0.0,0.0,0.0,0.0
2025/12/15,12:06:26,0,0.0,197.0,463.0,251.0,16.0,208.0,3.0,3.0,0.0,0.0,0.0,0.0
2025/12/15,12:06:31,0,0.0,208.0,461.0,251.0,0.0,210.0,1.0,0.0,0.0,0.0,0.0,0.0
2025/12/15,12:06:36,0,0.0,211.0,463.0,251.0,4.0,211.0,0.0,1.0,0.0,0.0,0.0,0.0
2025/12/15,12:06:41,0,0.0,193.0,463.0,250.0,24.0,210.0,4.0,4.0,0.0,0.0,0.0,0.0
2025/12/15,12:06:46,0,0.0,205.0,462.0,249.0,24.0,209.0,4.0,4.0,0.0,0.0,0.0,0.0
2025/12/15,12:06:51,0,0.0,206.0,463.0,250.0,1.0,209.0,1.0,1.0,0.0,0.0,0.0,0.0
2025/12/15,12:06:56,0,0.0,207.0,464.0,251.0,9.0,210.0,1.0,1.0,0.0,0.0,0.0,0.0
2025/12/15,12:07:01,0,0.0,204.0,462.0,251.0,24.0,208.0,4.0,4.0,0.0,0.0,0.0,0.0
2025/12/15,12:07:06,0,0.0,217.0,463.0,251.0,0.0,210.0,0.0,0.0,0.0,0.0,0.0,0.0
2025/12/15,12:07:11,0,0.0,196.0,463.0,251.0,27.0,211.0,6.0,4.0,0.0,0.0,0.0,0.0
2025/12/15,12:07:16,0,0.0,196.0,463.0,250.0,26.0,210.0,4.0,3.0,0.0,0.0,0.0,0.0
2025/12/15,12:07:21,0,0.0,216.0,463.0,249.0,0.0,210.0,0.0,0.0,0.0,0.0,0.0,0.0
2025/12/15,12:07:26,0,0.0,200.0,463.0,250.0,24.0,211.0,5.0,4.0,0.0,0.0,0.0,0.0
2025/12/15,12:07:31,0,0.0,209.0,462.0,251.0,8.0,209.0,1.0,2.0,0.0,0.0,0.0,0.0
2025/12/15,12:07:36,0,0.0,206.0,463.0,251.0,0.0,209.0,0.0,0.0,0.0,0.0,0.0,0.0
2025/12/15,12:07:41,0,0.0,195.0,463.0,249.0,22.0,209.0,5.0,3.0,0.0,0.0,0.0,0.0
2025/12/15,12:07:46,0,0.0,195.0,463.0,251.0,24.0,210.0,5.0,4.0,0.0,0.0,0.0,0.0
2025/12/15,12:07:51,0,0.0,214.0,463.0,249.0,3.0,209.0,1.0,1.0,0.0,0.0,0.0,0.0
2025/12/15,12:07:56,0,0.0,210.0,461.0,251.0,0.0,210.0,0.0,0.0,0.0,0.0,0.0,0.0
2025/12/15,12:08:01,0,0.0,199.0,463.0,251.0,10.0,209.0,2.0,2.0,0.0,0.0,0.0,0.0
2025/12/15,12:08:06,0,0.0,204.0,464.0,251.0,25.0,209.0,5.0,4.0,0.0,0.0,0.0,0.0
2025/12/15,12:08:11,0,0.0,193.0,462.0,251.0,26.0,210.0,4.0,4.0,0.0,0.0,0.0,0.0
2025/12/15,12:08:16,0,0.0,205.0,461.0,251.0,12.0,209.0,2.0,2.0,0.0,0.0,0.0,0.0
2025/12/15,12:08:21,0,0.0,221.0,463.0,251.0,0.0,208.0,0.0,0.0,0.0,0.0,0.0,0.0
2025/12/15,12:08:26,0,0.0,206.0,463.0,251.0,0.0,210.0,1.0,0.0,0.0,0.0,0.0,0.0
2025/12/15,12:08:31,0,0.0,196.0,464.0,251.0,20.0,210.0,3.0,3.0,0.0,0.0,0.0,0.0
2025/12/15,12:08:36,0,0.0,196.0,462.0,251.0,25.0,209.0,4.0,3.0,0.0,0.0,0.0,0.0
2025/12/15,12:08:41,0,0.0,208.0,463.0,249.0,6.0,209.0,3.0,1.0,0.0,0.0,0.0,0.0
2025/12/15,12:08:46,0,0.0,216.0,464.0,252.0,0.0,209.0,1.0,0.0,0.0,0.0,0.0,0.0
2025/12/15,12:08:51,0,0.0,219.0,461.0,251.0,0.0,210.0,0.0,0.0,0.0,0.0,0.0,0.0
2025/12/15,12:08:56,0,0.0,216.0,463.0,251.0,0.0,210.0,1.0,0.0,0.0,0.0,0.0,0.0
2025/12/15,12:09:01,0,0.0,209.0,464.0,250.0,0.0,210.0,0.0,0.0,0.0,0.0,0.0,0.0
2025/12/15,12:09:06,0,0.0,204.0,460.0,250.0,1.0,209.0,0.0,1.0,0.0,0.0,0.0,0.0
2025/12/15,12:09:11,0,0.0,198.0,461.0,251.0,22.0,209.0,4.0,3.0,0.0,0.0,0.0,0.0
2025/12/15,12:09:16,0,0.0,192.0,462.0,250.0,27.0,209.0,5.0,4.0,0.0,0.0,0.0,0.0
2025/12/15,12:09:21,0,0.0,210.0,462.0,249.0,5.0,209.0,2.0,1.0,0.0,0.0,0.0,0.0
2025/12/15,12:09:26,0,0.0,204.0,463.0,251.0,0.0,211.0,1.0,0.0,0.0,0.0,0.0,0.0
2025/12/15,12:09:31,0,0.0,199.0,462.0,250.0,26.0,210.0,4.0,4.0,0.0,0.0,0.0,0.0
2025/12/15,12:09:36,0,0.0,221.0,463.0,249.0,0.0,211.0,1.0,0.0,0.0,0.0,0.0,0.0
2025/12/15,12:09:41,0,0.0,199.0,461.0,251.0,11.0,210.0,2.0,3.0,0.0,0.0,0.0,0.0
2025/12/15,12:09:46,0,0.0,196.0,460.0,251.0,27.0,210.0,5.0,4.0,0.0,0.0,0.0,0.0
2025/12/15,12:09:51,0,0.0,215.0,463.0,250.0,0.0,210.0,0.0,0.0,0.0,0.0,0.0,0.0
2025/12/15,12:09:56,0,0.0,203.0,462.0,251.0,26.0,209.0,5.0,4.0,0.0,0.0,0.0,0.0
2025/12/15,12:10:01,0,0.0,212.0,463.0,250.0,0.0,210.0,0.0,0.0,0.0,0.0,0.0,0.0
2025/12/15,12:10:06,0,0.0,197.0,464.0,251.0,20.0,210.0,4.0,3.0,0.0,0.0,0.0,0.0
2025/12/15,12:10:11,0,0.0,199.0,462.0,251.0,25.0,210.0,5.0,4.0,0.0,0.0,0.0,0.0
2025/12/15,12:10:16,0,0.0,202.0,463.0,251.0,25.0,210.0,5.0,4.0,0.0,0.0,0.0,0.0
2025/12/15,12:10:21,0,0.0,194.0,463.0,251.0,25.0,209.0,4.0,4.0,0.0,0.0,0.0,0.0
2025/12/15,12:10:26,0,0.0,206.0,463.0,251.0,0.0,209.0,0.0,0.0,0.0,0.0,0.0,0.0
2025/12/15,12:10:31,0,0.0,202.0,464.0,251.0,15.0,210.0,3.0,2.0,0.0,0.0,0.0,0.0
2025/12/15,12:10:36,0,0.0,205.0,462.0,249.0,25.0,209.0,5.0,4.0,0.0,0.0,0.0,0.0
2025/12/15,12:10:41,0,0.0,205.0,463.0,251.0,0.0,209.0,0.0,0.0,0.0,0.0,0.0,0.0
2025/12/15,12:10:46,0,0.0,198.0,460.0,251.0,19.0,210.0,4.0,3.0,0.0,0.0,0.0,0.0
2025/12/15,12:10:51,0,0.0,201.0,463.0,251.0,0.0,209.0,0.0,1.0,0.0,0.0,0.0,0.0
2025/12/15,12:10:56,0,0.0,198.0,463.0,251.0,26.0,211.0,5.0,4.0,0.0,0.0,0.0,0.0
2025/12/15,12:11:01,0,0.0,214.0,463.0,252.0,3.0,210.0,1.0,0.0,0.0,0.0,0.0,0.0
2025/12/15,12:11:06,0,0.0,210.0,463.0,251.0,0.0,210.0,0.0,0.0,0.0,0.0,0.0,0.0
2025/12/15,12:11:11,0,0.0,202.0,461.0,251.0,0.0,210.0,0.0,0.0,0.0,0.0,0.0,0.0
2025/12/15,12:11:16,0,0.0,206.0,464.0,251.0,0.0,209.0,0.0,1.0,0.0,0.0,0.0,0.0
2025/12/15,12:11:21,0,1.0,219.0,464.0,250.0,0.0,210.0,1.0,0.0,0.0,0.0,0.0,0.0
2025/12/15,12:11:26,0,0.0,196.0,463.0,252.0,22.0,210.0,3.0,3.0,0.0,0.0,0.0,0.0
2025/12/15,12:11:31,0,0.0,202.0,462.0,251.0,26.0,211.0,5.0,4.0,0.0,0.0,0.0,0.0
2025/12/15,12:11:36,0,0.0,208.0,463.0,251.0,0.0,208.0,0.0,0.0,0.0,0.0,0.0,0.0
2025/12/15,12:11:41,0,0.0,204.0,464.0,251.0,13.0,210.0,2.0,2.0,0.0,0.0,0.0,0.0
2025/12/15,12:11:46,0,0.0,198.0,461.0,251.0,26.0,209.0,5.0,3.0,0.0,0.0,0.0,0.0
2025/12/15,12:11:51,0,0.0,200.0,462.0,252.0,11.0,209.0,3.0,2.0,0.0,0.0,0.0,0.0
2025/12/15,12:11:56,0,0.0,203.0,463.0,251.0,13.0,210.0,3.0,2.0,0.0,0.0,0.0,0.0
2025/12/15,12:12:01,0,0.0,205.0,464.0,249.0,0.0,210.0,1.0,1.0,0.0,0.0,0.0,0.0
2025/12/15,12:12:06,0,0.0,195.0,462.0,253.0,23.0,211.0,5.0,4.0,0.0,0.0,0.0,0.0
2025/12/15,12:12:11,0,0.0,194.0,462.0,251.0,25.0,210.0,4.0,4.0,0.0,0.0,0.0,0.0
2025/12/15,12:12:16,0,0.0,213.0,464.0,252.0,1.0,209.0,1.0,0.0,0.0,0.0,0.0,0.0
2025/12/15,12:12:21,0,0.0,199.0,463.0,251.0,15.0,211.0,2.0,3.0,0.0,0.0,0.0,0.0
2025/12/15,12:12:26,0,0.0,206.0,463.0,247.0,10.0,210.0,3.0,2.0,0.0,0.0,0.0,0.0
2025/12/15,12:12:31,0,0.0,198.0,463.0,251.0,18.0,210.0,4.0,3.0,0.0,0.0,0.0,0.0
2025/12/15,12:12:36,0,0.0,213.0,463.0,252.0,7.0,209.0,0.0,0.0,0.0,0.0,0.0,0.0
2025/12/15,12:12:41,0,0.0,203.0,463.0,252.0,25.0,208.0,5.0,4.0,0.0,0.0,0.0,0.0
2025/12/15,12:12:46,0,2.0,221.0,463.0,250.0,0.0,210.0,1.0,0.0,0.0,0.0,0.0,0.0
2025/12/15,12:12:51,0,0.0,204.0,461.0,251.0,25.0,209.0,4.0,4.0,0.0,0.0,0.0,0.0
2025/12/15,12:12:56,0,0.0,221.0,463.0,252.0,0.0,210.0,0.0,0.0,0.0,0.0,0.0,0.0
2025/12/15,12:13:01,0,0.0,202.0,462.0,249.0,25.0,209.0,5.0,4.0,0.0,0.0,0.0,0.0
2025/12/15,12:13:06,0,0.0,217.0,463.0,251.0,0.0,208.0,0.0,0.0,0.0,0.0,0.0,0.0
2025/12/15,12:13:11,0,0.0,198.0,463.0,251.0,18.0,209.0,3.0,3.0,0.0,0.0,0.0,0.0
2025/12/15,12:13:16,0,0.0,192.0,460.0,251.0,26.0,210.0,5.0,4.0,0.0,0.0,0.0,0.0
2025/12/15,12:13:21,0,0.0,218.0,464.0,251.0,3.0,209.0,1.0,0.0,0.0,0.0,0.0,0.0
2025/12/15,12:13:26,0,0.0,200.0,462.0,250.0,8.0,209.0,1.0,1.0,0.0,0.0,0.0,0.0
2025/12/15,12:13:31,0,0.0,192.0,462.0,251.0,25.0,210.0,3.0,4.0,0.0,0.0,0.0,0.0
2025/12/15,12:13:36,0,0.0,214.0,463.0,250.0,0.0,210.0,0.0,0.0,0.0,0.0,0.0,0.0
2025/12/15,12:13:41,0,0.0,204.0,464.0,251.0,26.0,209.0,5.0,4.0,0.0,0.0,0.0,0.0
2025/12/15,12:13:46,0,0.0,211.0,463.0,250.0,3.0,208.0,1.0,1.0,0.0,0.0,0.0,0.0
2025/12/15,12:13:51,0,0.0,202.0,463.0,251.0,6.0,209.0,1.0,1.0,0.0,0.0,0.0,0.0
2025/12/15,12:13:56,0,0.0,202.0,463.0,251.0,26.0,210.0,4.0,4.0,0.0,0.0,0.0,0.0
2025/12/15,12:14:01,0,0.0,203.0,463.0,250.0,14.0,209.0,2.0,2.0,0.0,0.0,0.0,0.0
2025/12/15,12:14:06,0,0.0,221.0,463.0,251.0,0.0,209.0,0.0,0.0,0.0,0.0,0.0,0.0
2025/12/15,12:14:11,0,0.0,200.0,463.0,251.0,11.0,210.0,2.0,2.0,0.0,0.0,0.0,0.0
2025/12/15,12:14:16,0,0.0,193.0,462.0,251.0,26.0,210.0,5.0,4.0,0.0,0.0,0.0,0.0
2025/12/15,12:14:21,0,0.0,218.0,463.0,252.0,0.0,209.0,0.0,0.0,0.0,0.0,0.0,0.0
2025/12/15,12:15:00,0,0.0,198.0,462.0,252.0,33.0,210.0,5.0,4.0,0.0,0.0,0.0,0.0
2025/12/15,12:15:05,0,0.0,203.0,461.0,251.0,26.0,208.0,5.0,4.0,0.0,0.0,0.0,0.0
2025/12/15,12:15:10,0,0.0,194.0,462.0,251.0,26.0,210.0,4.0,4.0,0.0,0.0,0.0,0.0
2025/12/15,12:15:15,0,0.0,207.0,463.0,251.0,12.0,209.0,2.0,2.0,0.0,0.0,0.0,0.0
2025/12/15,12:15:20,0,0.0,205.0,463.0,251.0,0.0,209.0,0.0,0.0,0.0,0.0,0.0,0.0
2025/12/15,12:15:25,0,0.0,195.0,464.0,251.0,22.0,210.0,4.0,4.0,0.0,0.0,0.0,0.0
2025/12/15,12:15:30,0,0.0,195.0,462.0,252.0,27.0,211.0,5.0,4.0,0.0,0.0,0.0,0.0
2025/12/15,12:15:35,0,0.0,211.0,461.0,251.0,8.0,210.0,2.0,1.0,0.0,0.0,0.0,0.0
2025/12/15,12:15:40,0,0.0,215.0,463.0,251.0,0.0,211.0,0.0,0.0,0.0,0.0,0.0,0.0
2025/12/15,12:15:45,0,0.0,196.0,461.0,252.0,15.0,210.0,3.0,3.0,0.0,0.0,0.0,0.0
2025/12/15,12:15:50,0,0.0,194.0,462.0,251.0,26.0,211.0,5.0,4.0,0.0,0.0,0.0,0.0
2025/12/15,12:15:55,0,0.0,217.0,464.0,250.0,1.0,211.0,0.0,0.0,0.0,0.0,0.0,0.0
2025/12/15,12:16:00,0,0.0,199.0,462.0,251.0,7.0,208.0,1.0,2.0,0.0,0.0,0.0,0.0
2025/12/15,12:16:05,0,0.0,199.0,464.0,251.0,25.0,211.0,4.0,4.0,0.0,0.0,0.0,0.0
2025/12/15,12:16:10,0,0.0,211.0,462.0,251.0,5.0,209.0,1.0,1.0,0.0,0.0,0.0,0.0
2025/12/15,12:16:15,0,0.0,208.0,463.0,252.0,0.0,211.0,0.0,0.0,0.0,0.0,0.0,0.0
2025/12/15,12:16:20,0,0.0,197.0,462.0,251.0,22.0,210.0,4.0,4.0,0.0,0.0,0.0,0.0
2025/12/15,12:16:25,0,0.0,193.0,462.0,251.0,26.0,210.0,4.0,4.0,0.0,0.0,0.0,0.0
2025/12/15,12:16:30,0,0.0,219.0,463.0,251.0,0.0,211.0,0.0,0.0,0.0,0.0,0.0,0.0
2025/12/15,12:16:35,0,0.0,195.0,460.0,250.0,24.0,209.0,4.0,4.0,0.0,0.0,0.0,0.0
2025/12/15,12:16:40,0,0.0,207.0,461.0,251.0,11.0,210.0,3.0,1.0,0.0,0.0,0.0,0.0
2025/12/15,12:16:45,0,0.0,206.0,463.0,251.0,0.0,210.0,0.0,0.0,0.0,0.0,0.0,0.0
2025/12/15,12:16:50,0,0.0,205.0,462.0,252.0,25.0,210.0,5.0,4.0,0.0,0.0,0.0,0.0
2025/12/15,12:16:55,0,0.0,205.0,463.0,251.0,10.0,211.0,3.0,3.0,0.0,0.0,0.0,0.0
2025/12/15,12:17:00,0,0.0,210.0,464.0,251.0,0.0,209.0,0.0,0.0,0.0,0.0,0.0,0.0
2025/12/15,12:17:05,0,1.0,200.0,462.0,251.0,23.0,209.0,5.0,5.0,0.0,0.0,0.0,0.0
2025/12/15,12:17:10,0,0.0,210.0,463.0,252.0,6.0,210.0,2.0,1.0,0.0,0.0,0.0,0.0
2025/12/15,12:17:15,0,0.0,196.0,462.0,252.0,24.0,211.0,4.0,4.0,0.0,0.0,0.0,0.0
2025/12/15,12:17:20,0,0.0,218.0,463.0,251.0,0.0,211.0,0.0,0.0,0.0,0.0,0.0,0.0
2025/12/15,12:17:25,0,0.0,191.0,463.0,252.0,27.0,210.0,4.0,5.0,0.0,0.0,0.0,0.0
2025/12/15,12:17:30,0,0.0,197.0,462.0,252.0,21.0,210.0,4.0,3.0,0.0,0.0,0.0,0.0
2025/12/15,12:17:35,0,0.0,219.0,464.0,251.0,0.0,210.0,0.0,0.0,0.0,0.0,0.0,0.0
2025/12/15,12:17:40,0,0.0,189.0,462.0,252.0,27.0,209.0,4.0,4.0,0.0,0.0,0.0,0.0
2025/12/15,12:17:45,0,0.0,199.0,462.0,250.0,16.0,210.0,3.0,3.0,0.0,0.0,0.0,0.0
2025/12/15,12:17:50,0,0.0,214.0,464.0,251.0,0.0,209.0,1.0,1.0,0.0,0.0,0.0,0.0
2025/12/15,12:17:55,0,1.0,205.0,462.0,251.0,25.0,209.0,4.0,4.0,-0.0008,0.0,0.0,0.0
2025/12/15,12:18:00,0,0.0,208.0,463.0,251.0,0.0,210.0,0.0,0.0,0.0,0.0,0.0,0.0
2025/12/15,12:18:05,0,0.0,199.0,463.0,251.0,16.0,209.0,4.0,3.0,0.0,0.0,0.0,0.0
2025/12/15,12:18:10,0,0.0,198.0,463.0,252.0,21.0,211.0,3.0,3.0,0.0,0.0,0.0,0.0
2025/12/15,12:18:15,0,0.0,210.0,463.0,251.0,5.0,211.0,1.0,1.0,0.0,0.0,0.0,0.0
2025/12/15,12:18:20,0,0.0,199.0,463.0,251.0,13.0,210.0,1.0,2.0,0.0,0.0,0.0,0.0
2025/12/15,12:18:25,0,0.0,192.0,462.0,252.0,25.0,211.0,4.0,4.0,0.0,0.0,0.0,0.0
2025/12/15,12:18:30,0,0.0,205.0,464.0,251.0,0.0,210.0,1.0,0.0,0.0,0.0,0.0,0.0
2025/12/15,12:18:35,0,0.0,193.0,463.0,252.0,25.0,211.0,4.0,3.0,0.0,0.0,0.0,0.0
2025/12/15,12:18:40,0,0.0,202.0,463.0,251.0,0.0,211.0,1.0,1.0,0.0,0.0,0.0,0.0
2025/12/15,12:18:45,0,0.0,199.0,461.0,252.0,26.0,211.0,4.0,3.0,0.0,0.0,0.0,0.0
2025/12/15,12:18:50,0,0.0,217.0,463.0,251.0,1.0,211.0,1.0,0.0,0.0,0.0,0.0,0.0
2025/12/15,12:18:55,0,0.0,202.0,463.0,252.0,1.0,212.0,0.0,1.0,0.0,0.0,0.0,0.0
2025/12/15,12:19:00,0,0.0,203.0,461.0,251.0,24.0,209.0,5.0,4.0,0.0,0.0,0.0,0.0
2025/12/15,12:19:05,0,0.0,202.0,463.0,251.0,17.0,211.0,3.0,3.0,0.0,0.0,0.0,0.0
2025/12/15,12:19:10,0,0.0,207.0,463.0,250.0,0.0,211.0,0.0,0.0,0.0,0.0,0.0,0.0
2025/12/15,12:19:15,0,0.0,203.0,462.0,250.0,26.0,210.0,5.0,4.0,0.0,0.0,0.0,0.0
2025/12/15,12:19:20,0,0.0,212.0,463.0,252.0,2.0,211.0,1.0,0.0,0.0,0.0,0.0,0.0
2025/12/15,12:19:25,0,0.0,198.0,463.0,252.0,14.0,211.0,2.0,2.0,0.0,0.0,0.0,0.0
2025/12/15,12:19:30,0,0.0,196.0,462.0,252.0,23.0,210.0,3.0,4.0,0.0,0.0,0.0,0.0
2025/12/15,12:19:35,0,0.0,204.0,463.0,251.0,0.0,210.0,1.0,0.0,0.0,0.0,0.0,0.0
2025/12/15,12:19:40,0,0.0,192.0,462.0,250.0,26.0,210.0,4.0,3.0,0.0,0.0,0.0,0.0
2025/12/15,12:19:45,0,0.0,206.0,464.0,252.0,0.0,210.0,1.0,0.0,0.0,0.0,0.0,0.0
2025/12/15,12:19:50,0,0.0,195.0,463.0,252.0,23.0,211.0,4.0,3.0,0.0,0.0,0.0,0.0
2025/12/15,12:19:55,0,0.0,199.0,463.0,251.0,16.0,210.0,3.0,3.0,0.0,0.0,0.0,0.0
2025/12/15,12:20:00,0,0.0,208.0,461.0,251.0,9.0,211.0,2.0,1.0,0.0,0.0,0.0,0.0
2025/12/15,12:20:05,0,0.0,199.0,463.0,252.0,6.0,210.0,1.0,2.0,0.0,0.0,0.0,0.0
2025/12/15,12:20:10,0,0.0,194.0,463.0,253.0,24.0,210.0,4.0,3.0,0.0,0.0,0.0,0.0
2025/12/15,12:20:15,0,0.0,212.0,463.0,251.0,0.0,211.0,0.0,0.0,0.0,0.0,0.0,0.0
2025/12/15,12:20:20,0,0.0,202.0,462.0,251.0,24.0,211.0,4.0,4.0,0.0,0.0,0.0,0.0
2025/12/15,12:20:25,0,0.0,217.0,463.0,252.0,1.0,209.0,0.0,0.0,0.0,0.0,0.0,0.0
2025/12/15,12:20:30,0,0.0,201.0,462.0,251.0,27.0,211.0,5.0,4.0,0.0,0.0,0.0,0.0
2025/12/15,12:20:35,0,0.0,210.0,462.0,252.0,2.0,215.0,1.0,0.0,0.0,0.0,0.0,0.0
2025/12/15,12:20:40,0,0.0,200.0,463.0,252.0,4.0,210.0,0.0,1.0,0.0,0.0,0.0,0.0
2025/12/15,12:20:45,0,0.0,202.0,462.0,252.0,26.0,211.0,5.0,4.0,0.0,0.0,0.0,0.0
2025/12/15,12:20:50,0,0.0,201.0,463.0,251.0,18.0,211.0,3.0,3.0,0.0,0.0,0.0,0.0
2025/12/15,12:20:55,0,0.0,218.0,462.0,251.0,0.0,211.0,1.0,0.0,0.0,0.0,0.0,0.0
2025/12/15,12:21:00,0,0.0,202.0,463.0,252.0,3.0,211.0,0.0,0.0,0.0,0.0,0.0,0.0
2025/12/15,12:21:05,0,0.0,199.0,462.0,252.0,14.0,209.0,2.0,3.0,0.0,0.0,0.0,0.0
2025/12/15,12:21:10,0,0.0,197.0,462.0,251.0,21.0,211.0,4.0,4.0,0.0,0.0,0.0,0.0
2025/12/15,12:21:15,0,0.0,201.0,462.0,252.0,23.0,210.0,4.0,4.0,0.0,0.0,0.0,0.0
2025/12/15,12:21:20,0,0.0,199.0,461.0,251.0,25.0,210.0,5.0,4.0,0.0,0.0,0.0,0.0
2025/12/15,12:21:25,0,0.0,201.0,462.0,251.0,24.0,211.0,5.0,4.0,0.0,0.0,0.0,0.0
2025/12/15,12:21:30,0,0.0,204.0,462.0,251.0,23.0,211.0,5.0,4.0,0.0,0.0,0.0,0.0
2025/12/15,12:21:35,0,0.0,204.0,462.0,251.0,24.0,210.0,5.0,4.0,0.0,0.0,0.0,0.0
2025/12/15,12:21:40,0,0.0,204.0,462.0,252.0,25.0,211.0,5.0,4.0,0.0,0.0,0.0,0.0
2025/12/15,12:21:45,0,0.0,204.0,462.0,251.0,27.0,211.0,5.0,4.0,0.0,0.0,0.0,0.0
2025/12/15,12:21:50,0,0.0,202.0,463.0,252.0,26.0,210.0,5.0,4.0,0.0,0.0,0.0,0.0
2025/12/15,12:21:55,0,0.0,204.0,462.0,252.0,24.0,209.0,5.0,4.0,0.0,0.0,0.0,0.0
2025/12/15,12:22:00,0,0.0,201.0,462.0,253.0,24.0,210.0,5.0,4.0,0.0,0.0,0.0,0.0
2025/12/15,12:22:05,0,0.0,198.0,463.0,252.0,27.0,210.0,4.0,4.0,0.0,0.0,0.0,0.0
2025/12/15,12:22:10,0,0.0,204.0,462.0,251.0,26.0,211.0,5.0,4.0,0.0,0.0,0.0,0.0
2025/12/15,12:22:15,0,0.0,200.0,462.0,252.0,26.0,211.0,5.0,4.0,0.0,0.0,0.0,0.0
2025/12/15,12:22:20,0,0.0,201.0,461.0,252.0,26.0,209.0,4.0,4.0,0.0,0.0,0.0,0.0
2025/12/15,12:22:25,0,0.0,193.0,463.0,252.0,25.0,211.0,4.0,4.0,0.0,0.0,0.0,0.0
2025/12/15,12:22:30,0,0.0,192.0,463.0,252.0,25.0,212.0,5.0,4.0,0.0,0.0,0.0,0.0
2025/12/15,12:22:35,0,0.0,205.0,463.0,252.0,11.0,211.0,3.0,2.0,0.0,0.0,0.0,0.0
2025/12/15,12:22:40,0,0.0,218.0,462.0,252.0,0.0,210.0,0.0,0.0,0.0,0.0,0.0,0.0
2025/12/15,12:22:45,0,0.0,204.0,463.0,252.0,0.0,211.0,1.0,1.0,0.0,0.0,0.0,0.0
2025/12/15,12:22:50,0,0.0,197.0,462.0,251.0,22.0,211.0,4.0,3.0,0.0,0.0,0.0,0.0
2025/12/15,12:22:55,0,0.0,199.0,462.0,252.0,26.0,211.0,5.0,4.0,0.0,0.0,0.0,0.0
2025/12/15,12:23:00,0,1.0,197.0,463.0,252.0,20.0,210.0,4.0,3.0,0.0,0.0,0.0,0.0
2025/12/15,12:23:05,0,0.0,213.0,464.0,252.0,0.0,211.0,1.0,0.0,0.0,0.0,0.0,0.0
2025/12/15,12:23:10,0,0.0,208.0,464.0,252.0,0.0,210.0,0.0,0.0,0.0,0.0,0.0,0.0
2025/12/15,12:23:15,0,0.0,195.0,462.0,252.0,22.0,210.0,5.0,4.0,0.0,0.0,0.0,0.0
2025/12/15,12:23:20,0,0.0,198.0,463.0,252.0,20.0,210.0,4.0,3.0,0.0,0.0,0.0,0.0
2025/12/15,12:23:25,0,0.0,209.0,461.0,252.0,0.0,211.0,0.0,0.0,0.0,0.0,0.0,0.0
2025/12/15,12:23:30,0,0.0,196.0,463.0,252.0,22.0,211.0,4.0,4.0,0.0,0.0,0.0,0.0
2025/12/15,12:23:35,0,0.0,193.0,463.0,252.0,23.0,211.0,4.0,3.0,0.0,0.0,0.0,0.0
2025/12/15,12:23:40,0,0.0,210.0,463.0,251.0,0.0,211.0,0.0,0.0,0.0,0.0,0.0,0.0
2025/12/15,12:23:45,0,0.0,196.0,462.0,252.0,25.0,209.0,4.0,4.0,0.0,0.0,0.0,0.0
2025/12/15,12:23:50,0,0.0,200.0,463.0,252.0,15.0,211.0,3.0,3.0,0.0,0.0,0.0,0.0
2025/12/15,12:23:55,0,0.0,198.0,463.0,252.0,19.0,211.0,3.0,4.0,0.0,0.0,0.0,0.0
2025/12/15,12:24:00,0,0.0,197.0,463.0,252.0,22.0,212.0,4.0,4.0,0.0,0.0,0.0,0.0
2025/12/15,12:24:05,0,0.0,198.0,463.0,252.0,17.0,211.0,4.0,3.0,0.0,0.0,0.0,0.0
2025/12/15,12:24:10,0,0.0,213.0,463.0,252.0,0.0,210.0,0.0,0.0,0.0,0.0,0.0,0.0
2025/12/15,12:24:15,0,0.0,208.0,461.0,251.0,7.0,211.0,2.0,1.0,0.0,0.0,0.0,0.0
2025/12/15,12:24:20,0,0.0,197.0,463.0,251.0,25.0,211.0,5.0,4.0,0.0,0.0,0.0,0.0
2025/12/15,12:24:25,0,0.0,199.0,460.0,251.0,3.0,210.0,1.0,1.0,0.0,0.0,0.0,0.0
2025/12/15,12:24:30,0,0.0,211.0,463.0,251.0,2.0,210.0,0.0,0.0,0.0,0.0,0.0,0.0
2025/12/15,12:24:59,0,0.0,212.0,463.0,252.0,0.0,210.0,0.0,0.0,0.0,0.0,0.0,0.0
2025/12/15,12:25:04,0,0.0,193.0,461.0,252.0,25.0,209.0,3.0,4.0,0.0,0.0,0.0,0.0
2025/12/15,12:25:09,0,0.0,199.0,462.0,251.0,10.0,210.0,2.0,2.0,0.0,0.0,0.0,0.0
2025/12/15,12:25:14,0,1.0,202.0,461.0,252.0,19.0,212.0,3.0,4.0,0.0,0.0,0.0,0.0
2025/12/15,12:25:19,0,0.0,203.0,460.0,252.0,0.0,210.0,0.0,0.0,0.0,0.0,0.0,0.0
2025/12/15,12:25:24,0,0.0,196.0,463.0,252.0,21.0,211.0,5.0,3.0,0.0,0.0,0.0,0.0
2025/12/15,12:25:29,0,0.0,198.0,462.0,252.0,12.0,210.0,3.0,2.0,0.0,0.0,0.0,0.0
2025/12/15,12:25:34,0,0.0,207.0,463.0,252.0,10.0,204.0,2.0,2.0,0.0,0.0,0.0,0.0
2025/12/15,12:25:39,0,0.0,198.0,463.0,252.0,13.0,212.0,3.0,2.0,0.0,0.0,0.0,0.0
2025/12/15,12:25:44,0,0.0,196.0,462.0,251.0,25.0,209.0,4.0,3.0,0.0,0.0,0.0,0.0
2025/12/15,12:25:49,0,0.0,205.0,463.0,251.0,1.0,209.0,0.0,1.0,0.0,0.0,0.0,0.0
2025/12/15,12:25:54,0,0.0,196.0,460.0,252.0,25.0,210.0,5.0,4.0,0.0,0.0,0.0,0.0
2025/12/15,12:25:59,0,0.0,210.0,463.0,251.0,0.0,211.0,0.0,0.0,0.0,0.0,0.0,0.0
2025/12/15,12:26:04,0,0.0,200.0,462.0,252.0,25.0,211.0,4.0,4.0,0.0,0.0,0.0,0.0
2025/12/15,12:26:09,0,0.0,209.0,463.0,252.0,0.0,210.0,0.0,0.0,0.0,0.0,0.0,0.0
2025/12/15,12:26:14,0,0.0,198.0,462.0,251.0,27.0,211.0,5.0,4.0,0.0,0.0,0.0,0.0
2025/12/15,12:26:19,0,0.0,213.0,464.0,252.0,0.0,210.0,0.0,0.0,0.0,0.0,0.0,0.0
2025/12/15,12:26:24,0,0.0,200.0,462.0,251.0,25.0,210.0,5.0,3.0,0.0,0.0,0.0,0.0
2025/12/15,12:26:29,0,0.0,219.0,463.0,252.0,0.0,211.0,0.0,0.0,0.0,0.0,0.0,0.0
2025/12/15,12:26:34,0,0.0,201.0,462.0,250.0,25.0,210.0,5.0,4.0,0.0,0.0,0.0,0.0
2025/12/15,12:26:39,0,0.0,213.0,464.0,250.0,1.0,210.0,1.0,0.0,0.0,0.0,0.0,0.0
2025/12/15,12:26:44,0,0.0,197.0,462.0,252.0,10.0,211.0,2.0,2.0,0.0,0.0,0.0,0.0
2025/12/15,12:26:49,0,0.0,200.0,460.0,251.0,26.0,210.0,5.0,4.0,0.0,0.0,0.0,0.0
2025/12/15,12:26:54,0,0.0,200.0,460.0,247.0,18.0,210.0,3.0,4.0,0.0,0.0,0.0,0.0
2025/12/15,12:26:59,0,0.0,221.0,463.0,251.0,0.0,211.0,1.0,0.0,0.0,0.0,0.0,0.0
2025/12/15,12:27:04,0,0.0,206.0,464.0,252.0,0.0,210.0,0.0,0.0,0.0,0.0,0.0,0.0
2025/12/15,12:27:09,0,0.0,196.0,462.0,251.0,20.0,210.0,4.0,3.0,0.0,0.0,0.0,0.0
2025/12/15,12:27:14,0,0.0,196.0,462.0,251.0,26.0,210.0,5.0,4.0,0.0,0.0,0.0,0.0
2025/12/15,12:27:19,0,1.0,209.0,462.0,252.0,10.0,210.0,2.0,2.0,0.0,0.0,0.0,0.0
2025/12/15,12:27:24,0,0.0,213.0,460.0,252.0,0.0,211.0,0.0,0.0,0.0,0.0,0.0,0.0
2025/12/15,12:27:29,0,0.0,201.0,461.0,252.0,4.0,212.0,0.0,1.0,0.0,0.0,0.0,0.0
2025/12/15,12:27:34,0,0.0,199.0,464.0,251.0,19.0,210.0,4.0,3.0,0.0,0.0,0.0,0.0
2025/12/15,12:27:39,0,0.0,199.0,462.0,252.0,25.0,209.0,5.0,4.0,0.0,0.0,0.0,0.0
2025/12/15,12:27:44,0,0.0,203.0,462.0,252.0,25.0,211.0,5.0,4.0,0.0,0.0,0.0,0.0
2025/12/15,12:27:49,0,0.0,195.0,463.0,252.0,26.0,211.0,5.0,4.0,0.0,0.0,0.0,0.0
2025/12/15,12:27:54,0,0.0,195.0,462.0,251.0,23.0,210.0,4.0,4.0,0.0,0.0,0.0,0.0
2025/12/15,12:27:59,0,0.0,207.0,464.0,250.0,8.0,212.0,2.0,1.0,0.0,0.0,0.0,0.0
2025/12/15,12:28:04,0,0.0,224.0,463.0,253.0,0.0,212.0,1.0,0.0,0.0,0.0,0.0,0.0
2025/12/15,12:28:09,0,0.0,205.0,463.0,252.0,0.0,211.0,0.0,0.0,0.0,0.0,0.0,0.0
2025/12/15,12:28:14,0,0.0,200.0,463.0,252.0,14.0,210.0,3.0,2.0,0.0,0.0,0.0,0.0
2025/12/15,12:28:19,0,0.0,201.0,463.0,252.0,24.0,211.0,5.0,4.0,0.0,0.0,0.0,0.0
2025/12/15,12:28:24,0,0.0,200.0,462.0,252.0,24.0,211.0,5.0,4.0,0.0,0.0,0.0,0.0
2025/12/15,12:28:29,0,0.0,193.0,462.0,252.0,27.0,211.0,4.0,4.0,0.0,0.0,0.0,0.0
2025/12/15,12:28:34,0,0.0,202.0,462.0,252.0,19.0,209.0,3.0,3.0,0.0,0.0,0.0,0.0
2025/12/15,12:28:39,0,0.0,209.0,461.0,252.0,6.0,212.0,1.0,1.0,0.0,0.0,0.0,0.0
2025/12/15,12:28:44,0,0.0,217.0,463.0,250.0,1.0,209.0,0.0,0.0,0.0,0.0,0.0,0.0
2025/12/15,12:28:49,0,0.0,213.0,463.0,252.0,0.0,212.0,0.0,0.0,0.0,0.0,0.0,0.0
2025/12/15,12:28:54,0,0.0,202.0,463.0,252.0,0.0,211.0,0.0,0.0,0.0,0.0,0.0,0.0
2025/12/15,12:28:59,0,0.0,198.0,462.0,252.0,17.0,211.0,4.0,3.0,0.0,0.0,0.0,0.0
2025/12/15,12:29:04,0,0.0,206.0,463.0,252.0,25.0,211.0,5.0,4.0,0.0,0.0,0.0,0.0
2025/12/15,12:29:09,0,0.0,198.0,463.0,252.0,27.0,212.0,5.0,4.0,0.0,0.0,0.0,0.0
2025/12/15,12:29:14,0,0.0,192.0,462.0,252.0,23.0,211.0,4.0,4.0,0.0,0.0,0.0,0.0
2025/12/15,12:29:19,0,0.0,202.0,462.0,252.0,14.0,211.0,3.0,3.0,0.0,0.0,0.0,0.0
2025/12/15,12:29:24,0,0.0,217.0,464.0,253.0,0.0,212.0,0.0,0.0,0.0,0.0,0.0,0.0
2025/12/15,12:29:29,0,0.0,209.0,463.0,252.0,0.0,210.0,0.0,0.0,0.0,0.0,0.0,0.0
2025/12/15,12:29:34,0,0.0,202.0,463.0,252.0,10.0,211.0,3.0,2.0,0.0,0.0,0.0,0.0
2025/12/15,12:29:39,0,0.0,195.0,459.0,251.0,22.0,210.0,5.0,4.0,0.0,0.0,0.0,0.0
2025/12/15,12:29:44,0,0.0,202.0,462.0,252.0,26.0,211.0,5.0,4.0,0.0,0.0,0.0,0.0
2025/12/15,12:29:49,0,0.0,194.0,463.0,252.0,25.0,211.0,5.0,4.0,0.0,0.0,0.0,0.0
2025/12/15,12:29:54,0,0.0,199.0,462.0,251.0,17.0,211.0,4.0,3.0,0.0,0.0,0.0,0.0
2025/12/15,12:29:59,0,0.0,208.0,463.0,252.0,8.0,210.0,3.0,1.0,0.0,0.0,0.0,0.0
2025/12/15,12:30:04,0,0.0,214.0,463.0,252.0,1.0,212.0,1.0,1.0,0.0,0.0,0.0,0.0
2025/12/15,12:30:09,0,0.0,222.0,463.0,252.0,0.0,210.0,0.0,0.0,0.0,0.0,0.0,0.0
2025/12/15,12:30:14,0,0.0,212.0,463.0,252.0,0.0,211.0,1.0,0.0,0.0,0.0,0.0,0.0
2025/12/15,12:30:19,0,0.0,204.0,463.0,252.0,0.0,212.0,0.0,0.0,0.0,0.0,0.0,0.0
2025/12/15,12:30:24,0,0.0,206.0,463.0,253.0,0.0,212.0,0.0,1.0,0.0,0.0,0.0,0.0
2025/12/15,12:30:29,0,0.0,206.0,463.0,252.0,0.0,211.0,1.0,1.0,0.0,0.0,0.0,0.0
2025/12/15,12:30:34,0,0.0,203.0,464.0,251.0,0.0,211.0,0.0,0.0,0.0,0.0,0.0,0.0
2025/12/15,12:30:39,0,0.0,203.0,462.0,252.0,1.0,211.0,0.0,0.0,0.0,0.0,0.0,0.0
2025/12/15,12:30:44,0,0.0,202.0,463.0,251.0,5.0,210.0,1.0,1.0,0.0,0.0,0.0,0.0
2025/12/15,12:30:49,0,0.0,202.0,462.0,254.0,0.0,212.0,0.0,0.0,0.0,0.0,0.0,0.0
2025/12/15,12:30:54,0,0.0,202.0,464.0,252.0,0.0,210.0,0.0,0.0,0.0,0.0,0.0,0.0
2025/12/15,12:30:59,0,0.0,203.0,464.0,253.0,0.0,211.0,0.0,0.0,0.0,0.0,0.0,0.0
2025/12/15,12:31:04,0,0.0,205.0,463.0,252.0,0.0,210.0,1.0,0.0,0.0,0.0,0.0,0.0
2025/12/15,12:31:09,0,0.0,206.0,462.0,252.0,0.0,212.0,0.0,0.0,0.0,0.0,0.0,0.0
2025/12/15,12:31:14,0,0.0,203.0,464.0,252.0,1.0,210.0,0.0,0.0,0.0,0.0,0.0,0.0
2025/12/15,12:31:19,0,0.0,202.0,463.0,252.0,2.0,212.0,0.0,0.0,0.0,0.0,0.0,0.0
2025/12/15,12:31:24,0,0.0,202.0,463.0,252.0,4.0,211.0,1.0,1.0,0.0,0.0,0.0,0.0
2025/12/15,12:31:29,0,0.0,202.0,463.0,252.0,5.0,211.0,1.0,0.0,0.0,0.0,0.0,0.0
2025/12/15,12:31:34,0,0.0,202.0,463.0,252.0,1.0,211.0,0.0,1.0,0.0,0.0,0.0,0.0
2025/12/15,12:31:39,0,0.0,200.0,461.0,252.0,8.0,211.0,1.0,2.0,0.0,0.0,0.0,0.0
2025/12/15,12:31:44,0,0.0,198.0,462.0,252.0,16.0,211.0,3.0,3.0,0.0,0.0,0.0,0.0
2025/12/15,12:31:49,0,0.0,196.0,462.0,252.0,23.0,210.0,5.0,4.0,0.0,0.0,0.0,0.0
2025/12/15,12:31:54,0,0.0,197.0,462.0,252.0,25.0,211.0,5.0,4.0,0.0,0.0,0.0,0.0
2025/12/15,12:31:59,0,0.0,210.0,460.0,251.0,6.0,210.0,2.0,1.0,0.0,0.0,0.0,0.0
2025/12/15,12:32:04,0,0.0,219.0,463.0,252.0,0.0,210.0,0.0,0.0,0.0,0.0,0.0,0.0
2025/12/15,12:32:09,0,0.0,204.0,462.0,252.0,0.0,211.0,0.0,0.0,0.0,0.0,0.0,0.0
2025/12/15,12:32:14,0,0.0,198.0,459.0,252.0,15.0,210.0,3.0,3.0,0.0,0.0,0.0,0.0
2025/12/15,12:32:19,0,0.0,203.0,461.0,252.0,23.0,210.0,5.0,4.0,0.0,0.0,0.0,0.0
2025/12/15,12:32:24,0,0.0,201.0,462.0,252.0,25.0,210.0,5.0,3.0,0.0,0.0,0.0,0.0
2025/12/15,12:32:29,0,0.0,194.0,462.0,252.0,25.0,212.0,4.0,4.0,0.0,0.0,0.0,0.0
2025/12/15,12:32:34,0,0.0,195.0,462.0,250.0,20.0,210.0,4.0,4.0,0.0,0.0,0.0,0.0
2025/12/15,12:32:39,0,0.0,206.0,464.0,252.0,12.0,211.0,2.0,2.0,0.0,0.0,0.0,0.0
2025/12/15,12:32:44,0,0.0,213.0,463.0,252.0,1.0,211.0,1.0,0.0,0.0,0.0,0.0,0.0
2025/12/15,12:32:49,0,0.0,221.0,462.0,251.0,0.0,211.0,0.0,0.0,0.0,0.0,0.0,0.0
2025/12/15,12:32:54,0,0.0,205.0,463.0,252.0,0.0,212.0,1.0,0.0,0.0,0.0,0.0,0.0
2025/12/15,12:32:59,0,0.0,199.0,462.0,252.0,12.0,211.0,2.0,2.0,0.0,0.0,0.0,0.0
2025/12/15,12:33:04,0,0.0,204.0,459.0,252.0,24.0,210.0,5.0,4.0,0.0,0.0,0.0,0.0
2025/12/15,12:33:09,0,0.0,198.0,460.0,252.0,22.0,210.0,4.0,4.0,0.0,0.0,0.0,0.0
2025/12/15,12:33:14,0,1.0,202.0,462.0,251.0,14.0,210.0,3.0,1.0,0.0,0.0,0.0,0.0
2025/12/15,12:33:19,0,0.0,202.0,462.0,252.0,16.0,211.0,2.0,3.0,0.0,0.0,0.0,0.0
2025/12/15,12:33:24,0,0.0,207.0,462.0,250.0,10.0,210.0,2.0,2.0,0.0,0.0,0.0,0.0
2025/12/15,12:33:29,0,0.0,208.0,462.0,252.0,7.0,210.0,1.0,2.0,0.0,0.0,0.0,0.0
2025/12/15,12:33:34,0,0.0,211.0,460.0,252.0,6.0,211.0,1.0,1.0,0.0,0.0,0.0,0.0
2025/12/15,12:33:39,0,0.0,210.0,462.0,252.0,2.0,210.0,1.0,0.0,0.0,0.0,0.0,0.0
2025/12/15,12:33:44,0,0.0,218.0,460.0,251.0,0.0,211.0,0.0,0.0,0.0,0.0,0.0,0.0
2025/12/15,12:33:49,0,0.0,218.0,463.0,252.0,0.0,210.0,0.0,0.0,0.0,0.0,0.0,0.0
2025/12/15,12:33:54,0,0.0,209.0,463.0,252.0,0.0,210.0,1.0,0.0,0.0,0.0,0.0,0.0
2025/12/15,12:33:59,0,0.0,201.0,463.0,252.0,2.0,211.0,0.0,1.0,0.0,0.0,0.0,0.0
2025/12/15,12:34:04,0,0.0,198.0,461.0,252.0,13.0,211.0,3.0,2.0,0.0,0.0,0.0,0.0
2025/12/15,12:34:09,0,0.0,204.0,463.0,252.0,24.0,210.0,5.0,3.0,0.0,0.0,0.0,0.0
2025/12/15,12:34:14,0,0.0,197.0,462.0,252.0,25.0,211.0,5.0,4.0,0.0,0.0,0.0,0.0
2025/12/15,12:34:19,0,0.0,206.0,463.0,252.0,11.0,211.0,2.0,2.0,0.0,0.0,0.0,0.0
2025/12/15,12:34:24,0,0.0,212.0,463.0,252.0,0.0,211.0,0.0,0.0,0.0,0.0,0.0,0.0
2025/12/15,12:34:29,0,0.0,197.0,462.0,251.0,17.0,210.0,4.0,3.0,0.0,0.0,0.0,0.0
2025/12/15,12:34:34,0,0.0,200.0,461.0,252.0,26.0,211.0,5.0,4.0,0.0,0.0,0.0,0.0
2025/12/15,12:34:39,0,0.0,197.0,462.0,253.0,22.0,210.0,4.0,3.0,0.0,0.0,0.0,0.0
2025/12/15,12:35:09,0,0.0,203.0,462.0,252.0,32.0,210.0,6.0,5.0,0.0,0.0,0.0,0.0
2025/12/15,12:35:13,0,0.0,207.0,463.0,252.0,7.0,210.0,3.0,1.0,0.0,0.0,0.0,0.0
2025/12/15,12:35:18,0,0.0,208.0,463.0,252.0,0.0,210.0,1.0,0.0,0.0,0.0,0.0,0.0
2025/12/15,12:35:23,0,0.0,200.0,462.0,252.0,18.0,211.0,3.0,2.0,0.0,0.0,0.0,0.0
2025/12/15,12:35:28,0,0.0,200.0,460.0,252.0,27.0,210.0,5.0,4.0,0.0,0.0,0.0,0.0
2025/12/15,12:35:33,0,0.0,199.0,463.0,253.0,21.0,212.0,3.0,3.0,0.0,0.0,0.0,0.0
2025/12/15,12:35:38,0,0.0,217.0,461.0,253.0,0.0,211.0,1.0,0.0,0.0,0.0,0.0,0.0
2025/12/15,12:35:43,0,0.0,200.0,463.0,252.0,7.0,211.0,2.0,1.0,0.0,0.0,0.0,0.0
2025/12/15,12:35:48,0,0.0,199.0,461.0,253.0,26.0,212.0,4.0,4.0,0.0,0.0,0.0,0.0
2025/12/15,12:35:53,0,0.0,201.0,462.0,252.0,25.0,212.0,4.0,4.0,0.0,0.0,0.0,0.0
2025/12/15,12:35:58,0,0.0,198.0,461.0,252.0,26.0,210.0,5.0,4.0,0.0,0.0,0.0,0.0
2025/12/15,12:36:03,0,0.0,192.0,462.0,252.0,24.0,211.0,4.0,4.0,0.0,0.0,0.0,0.0
2025/12/15,12:36:08,0,1.0,214.0,461.0,253.0,0.0,212.0,0.0,0.0,0.0,0.0,0.0,0.0
2025/12/15,12:36:13,0,0.0,196.0,462.0,252.0,25.0,211.0,5.0,4.0,0.0,0.0,0.0,0.0
2025/12/15,12:36:18,0,0.0,205.0,463.0,252.0,0.0,211.0,1.0,1.0,0.0,0.0,0.0,0.0
2025/12/15,12:36:23,0,0.0,195.0,462.0,252.0,25.0,212.0,3.0,4.0,0.0,0.0,0.0,0.0
2025/12/15,12:36:28,0,0.0,219.0,463.0,253.0,0.0,211.0,0.0,0.0,0.0,0.0,0.0,0.0
2025/12/15,12:36:33,0,0.0,206.0,462.0,252.0,0.0,211.0,1.0,1.0,0.0,0.0,0.0,0.0
2025/12/15,12:36:38,0,0.0,196.0,462.0,251.0,18.0,211.0,3.0,3.0,0.0,0.0,0.0,0.0
2025/12/15,12:36:43,0,0.0,200.0,462.0,251.0,25.0,210.0,5.0,4.0,0.0,0.0,0.0,0.0
2025/12/15,12:36:48,0,0.0,206.0,461.0,252.0,11.0,209.0,2.0,2.0,0.0,0.0,0.0,0.0
2025/12/15,12:36:53,0,0.0,203.0,463.0,251.0,0.0,212.0,0.0,1.0,0.0,0.0,0.0,0.0
2025/12/15,12:36:58,0,0.0,197.0,462.0,251.0,26.0,210.0,5.0,4.0,0.0,0.0,0.0,0.0
2025/12/15,12:37:03,0,0.0,220.0,462.0,251.0,0.0,212.0,0.0,0.0,0.0,0.0,0.0,0.0
2025/12/15,12:37:08,0,0.0,196.0,462.0,252.0,20.0,211.0,3.0,4.0,0.0,0.0,0.0,0.0
2025/12/15,12:37:13,0,1.0,201.0,462.0,252.0,21.0,211.0,3.0,3.0,0.0,0.0,0.0,0.0
2025/12/15,12:37:18,0,0.0,212.0,463.0,252.0,0.0,211.0,0.0,0.0,0.0,0.0,0.0,0.0
2025/12/15,12:37:23,0,0.0,198.0,463.0,252.0,13.0,211.0,3.0,3.0,0.0,0.0,0.0,0.0
2025/12/15,12:37:28,0,0.0,198.0,462.0,254.0,25.0,211.0,4.0,4.0,0.0,0.0,0.0,0.0
2025/12/15,12:37:33,0,0.0,207.0,461.0,252.0,9.0,211.0,2.0,1.0,0.0,0.0,0.0,0.0
2025/12/15,12:37:38,0,0.0,212.0,462.0,251.0,0.0,212.0,0.0,0.0,0.0,0.0,0.0,0.0
2025/12/15,12:37:43,0,0.0,199.0,462.0,253.0,10.0,211.0,3.0,2.0,0.0,0.0,0.0,0.0
2025/12/15,12:37:48,0,0.0,203.0,462.0,252.0,24.0,211.0,5.0,4.0,0.0,0.0,0.0,0.0
2025/12/15,12:37:53,0,0.0,193.0,462.0,252.0,23.0,212.0,4.0,4.0,0.0,0.0,0.0,0.0
2025/12/15,12:37:58,0,0.0,210.0,462.0,251.0,6.0,211.0,2.0,1.0,0.0,0.0,0.0,0.0
2025/12/15,12:38:03,0,0.0,216.0,462.0,251.0,0.0,212.0,0.0,0.0,0.0,0.0,0.0,0.0
2025/12/15,12:38:08,0,0.0,203.0,463.0,251.0,0.0,211.0,1.0,1.0,0.0,0.0,0.0,0.0
2025/12/15,12:38:13,0,0.0,198.0,462.0,253.0,16.0,211.0,2.0,3.0,0.0,0.0,0.0,0.0
2025/12/15,12:38:18,0,0.0,203.0,461.0,252.0,24.0,211.0,5.0,4.0,0.0,0.0,0.0,0.0
2025/12/15,12:38:23,0,0.0,192.0,462.0,252.0,25.0,212.0,4.0,4.0,0.0,0.0,0.0,0.0
2025/12/15,12:38:28,0,0.0,216.0,462.0,252.0,0.0,212.0,0.0,0.0,0.0,0.0,0.0,0.0
2025/12/15,12:38:33,0,0.0,207.0,464.0,253.0,0.0,212.0,0.0,1.0,0.0,0.0,0.0,0.0
2025/12/15,12:38:38,0,0.0,198.0,463.0,253.0,16.0,212.0,2.0,3.0,0.0,0.0,0.0,0.0
2025/12/15,12:38:43,0,0.0,203.0,461.0,252.0,26.0,210.0,5.0,4.0,0.0,0.0,0.0,0.0
2025/12/15,12:38:48,0,0.0,198.0,462.0,251.0,20.0,211.0,4.0,3.0,0.0,0.0,0.0,0.0
2025/12/15,12:38:53,0,0.0,216.0,463.0,253.0,0.0,211.0,1.0,0.0,0.0,0.0,0.0,0.0
2025/12/15,12:38:58,0,0.0,207.0,461.0,252.0,0.0,212.0,0.0,0.0,0.0,0.0,0.0,0.0
2025/12/15,12:39:03,0,0.0,200.0,463.0,253.0,5.0,212.0,0.0,1.0,0.0,0.0,0.0,0.0
2025/12/15,12:39:08,0,0.0,195.0,461.0,253.0,21.0,212.0,6.0,3.0,0.0,0.0,0.0,0.0
2025/12/15,12:39:13,0,0.0,198.0,463.0,252.0,25.0,211.0,5.0,4.0,0.0,0.0,0.0,0.0
2025/12/15,12:39:18,0,0.0,205.0,463.0,253.0,10.0,212.0,3.0,2.0,0.0,0.0,0.0,0.0
2025/12/15,12:39:23,0,0.0,215.0,463.0,253.0,0.0,211.0,1.0,0.0,0.0,0.0,0.0,0.0
2025/12/15,12:39:28,0,0.0,198.0,462.0,252.0,13.0,212.0,2.0,3.0,0.0,0.0,0.0,0.0
2025/12/15,12:39:33,0,0.0,199.0,462.0,252.0,24.0,212.0,5.0,4.0,0.0,0.0,0.0,0.0
2025/12/15,12:39:38,0,0.0,204.0,462.0,253.0,12.0,210.0,3.0,3.0,0.0,0.0,0.0,0.0
2025/12/15,12:39:43,0,2.0,221.0,463.0,253.0,0.0,211.0,1.0,0.0,0.0,0.0,0.0,0.0
2025/12/15,12:39:48,0,0.0,207.0,463.0,252.0,0.0,211.0,0.0,0.0,0.0,0.0,0.0,0.0
2025/12/15,12:39:53,0,0.0,195.0,462.0,252.0,22.0,211.0,4.0,4.0,0.0,0.0,0.0,0.0
2025/12/15,12:39:58,0,0.0,197.0,462.0,253.0,22.0,212.0,4.0,4.0,0.0,0.0,0.0,0.0
2025/12/15,12:40:03,0,0.0,216.0,463.0,253.0,0.0,211.0,0.0,0.0,0.0,0.0,0.0,0.0
2025/12/15,12:40:08,0,0.0,200.0,463.0,252.0,13.0,212.0,2.0,3.0,0.0,0.0,0.0,0.0
2025/12/15,12:40:13,0,0.0,195.0,461.0,253.0,25.0,212.0,5.0,4.0,0.0,0.0,0.0,0.0
2025/12/15,12:40:18,0,0.0,221.0,462.0,252.0,0.0,211.0,1.0,0.0,0.0,0.0,0.0,0.0
2025/12/15,12:40:23,0,0.0,198.0,461.0,253.0,17.0,210.0,2.0,3.0,0.0,0.0,0.0,0.0
2025/12/15,12:40:28,0,0.0,194.0,462.0,253.0,21.0,211.0,4.0,4.0,0.0,0.0,0.0,0.0
2025/12/15,12:40:33,0,0.0,218.0,463.0,252.0,0.0,211.0,0.0,0.0,0.0,0.0,0.0,0.0
2025/12/15,12:40:38,0,0.0,197.0,460.0,252.0,16.0,209.0,3.0,3.0,0.0,0.0,0.0,0.0
2025/12/15,12:40:43,0,0.0,195.0,461.0,254.0,25.0,211.0,5.0,4.0,0.0,0.0,0.0,0.0
2025/12/15,12:40:48,0,0.0,216.0,463.0,253.0,0.0,212.0,0.0,1.0,0.0,0.0,0.0,0.0
2025/12/15,12:40:53,0,0.0,200.0,462.0,252.0,8.0,212.0,1.0,2.0,0.0,0.0,0.0,0.0
2025/12/15,12:40:58,0,0.0,193.0,461.0,253.0,26.0,212.0,4.0,4.0,0.0,0.0,0.0,0.0
2025/12/15,12:41:03,0,0.0,218.0,463.0,253.0,0.0,211.0,1.0,0.0,0.0,0.0,0.0,0.0
2025/12/15,12:41:08,0,0.0,202.0,462.0,252.0,25.0,211.0,4.0,4.0,0.0,0.0,0.0,0.0
2025/12/15,12:41:13,0,0.0,220.0,460.0,253.0,0.0,212.0,0.0,0.0,0.0,0.0,0.0,0.0
2025/12/15,12:41:18,0,0.0,205.0,459.0,252.0,24.0,211.0,5.0,4.0,0.0,0.0,0.0,0.0
2025/12/15,12:41:23,0,0.0,218.0,463.0,252.0,0.0,211.0,1.0,0.0,0.0,0.0,0.0,0.0
2025/12/15,12:41:28,0,0.0,199.0,462.0,252.0,24.0,212.0,4.0,3.0,0.0,0.0,0.0,0.0
2025/12/15,12:41:33,0,0.0,209.0,462.0,251.0,0.0,212.0,0.0,0.0,0.0,0.0,0.0,0.0
2025/12/15,12:41:38,0,0.0,193.0,459.0,253.0,25.0,212.0,4.0,4.0,0.0,0.0,0.0,0.0
2025/12/15,12:41:43,0,0.0,201.0,463.0,252.0,1.0,212.0,0.0,0.0,0.0,0.0,0.0,0.0
2025/12/15,12:41:48,0,0.0,192.0,462.0,253.0,27.0,210.0,5.0,3.0,0.0,0.0,0.0,0.0
2025/12/15,12:41:53,0,0.0,208.0,463.0,252.0,0.0,212.0,0.0,0.0,0.0,0.0,0.0,0.0
2025/12/15,12:41:58,0,0.0,200.0,462.0,253.0,25.0,211.0,5.0,4.0,0.0,0.0,0.0,0.0
2025/12/15,12:42:03,0,0.0,219.0,464.0,253.0,0.0,212.0,0.0,0.0,0.0,0.0,0.0,0.0
2025/12/15,12:42:08,0,0.0,197.0,461.0,253.0,17.0,211.0,4.0,3.0,0.0,0.0,0.0,0.0
2025/12/15,12:42:13,0,0.0,202.0,462.0,252.0,10.0,211.0,3.0,3.0,0.0,0.0,0.0,0.0
2025/12/15,12:42:18,0,0.0,197.0,462.0,252.0,20.0,211.0,4.0,4.0,0.0,0.0,0.0,0.0
2025/12/15,12:42:23,0,0.0,211.0,463.0,252.0,0.0,211.0,1.0,0.0,0.0,0.0,0.0,0.0
2025/12/15,12:42:28,0,1.0,205.0,462.0,252.0,14.0,211.0,2.0,2.0,0.0,0.0,0.0,0.0
2025/12/15,12:42:33,0,0.0,198.0,462.0,252.0,25.0,212.0,5.0,4.0,0.0,0.0,0.0,0.0
2025/12/15,12:42:38,0,0.0,213.0,462.0,253.0,0.0,212.0,0.0,0.0,0.0,0.0,0.0,0.0
2025/12/15,12:42:43,0,0.0,196.0,462.0,252.0,23.0,211.0,5.0,3.0,0.0,0.0,0.0,0.0
2025/12/15,12:42:48,0,0.0,196.0,462.0,252.0,21.0,211.0,3.0,4.0,0.0,0.0,0.0,0.0
2025/12/15,12:42:53,0,0.0,212.0,461.0,253.0,0.0,211.0,0.0,0.0,0.0,0.0,0.0,0.0
2025/12/15,12:42:58,0,0.0,193.0,462.0,252.0,25.0,210.0,5.0,5.0,0.0,0.0,0.0,0.0
2025/12/15,12:43:03,0,0.0,199.0,462.0,253.0,12.0,212.0,2.0,3.0,0.0,0.0,0.0,0.0
2025/12/15,12:43:08,0,0.0,213.0,461.0,253.0,2.0,212.0,1.0,0.0,0.0,0.0,0.0,0.0
2025/12/15,12:43:13,0,0.0,198.0,462.0,253.0,26.0,212.0,4.0,4.0,0.0,0.0,0.0,0.0
2025/12/15,12:43:18,0,0.0,199.0,462.0,252.0,14.0,212.0,2.0,3.0,0.0,0.0,0.0,0.0
2025/12/15,12:43:23,0,0.0,215.0,462.0,253.0,0.0,211.0,1.0,0.0,0.0,0.0,0.0,0.0
2025/12/15,12:43:28,0,0.0,203.0,462.0,253.0,14.0,212.0,2.0,3.0,0.0,0.0,0.0,0.0
2025/12/15,12:43:33,0,0.0,201.0,461.0,252.0,25.0,211.0,5.0,4.0,0.0,0.0,0.0,0.0
2025/12/15,12:43:38,0,0.0,200.0,460.0,251.0,2.0,212.0,0.0,1.0,0.0,0.0,0.0,0.0
2025/12/15,12:43:43,0,0.0,215.0,462.0,251.0,1.0,211.0,1.0,0.0,0.0,0.0,0.0,0.0
2025/12/15,12:43:48,0,0.0,196.0,462.0,253.0,26.0,213.0,4.0,4.0,0.0,0.0,0.0,0.0
2025/12/15,12:43:53,0,0.0,196.0,461.0,253.0,20.0,211.0,4.0,3.0,0.0,0.0,0.0,0.0
2025/12/15,12:43:58,0,0.0,213.0,464.0,253.0,0.0,212.0,0.0,0.0,0.0,0.0,0.0,0.0
2025/12/15,12:44:03,0,0.0,191.0,462.0,253.0,27.0,213.0,4.0,4.0,0.0,0.0,0.0,0.0
2025/12/15,12:44:08,0,0.0,199.0,462.0,252.0,9.0,212.0,2.0,2.0,0.0,0.0,0.0,0.0
2025/12/15,12:44:13,0,0.0,208.0,460.0,253.0,8.0,212.0,2.0,2.0,0.0,0.0,0.0,0.0
2025/12/15,12:44:18,0,0.0,196.0,461.0,253.0,20.0,212.0,4.0,4.0,0.0,0.0,0.0,0.0
2025/12/15,12:44:23,0,0.0,221.0,462.0,252.0,0.0,211.0,0.0,0.0,0.0,0.0,0.0,0.0
2025/12/15,12:44:28,0,0.0,200.0,459.0,252.0,25.0,211.0,5.0,4.0,0.0,0.0,0.0,0.0
2025/12/15,12:44:33,0,0.0,206.0,462.0,252.0,0.0,211.0,1.0,0.0,0.0,0.0,0.0,0.0
2025/12/15,12:44:38,0,0.0,199.0,460.0,251.0,20.0,211.0,4.0,3.0,0.0,0.0,0.0,0.0
2025/12/15,12:44:43,0,0.0,198.0,462.0,252.0,15.0,210.0,2.0,3.0,0.0,0.0,0.0,0.0
2025/12/15,12:44:48,0,0.0,214.0,462.0,252.0,2.0,212.0,2.0,1.0,0.0,0.0,0.0,0.0
2025/12/15,12:45:08,0,0.0,205.0,461.0,253.0,7.0,212.0,1.0,1.0,0.0,0.0,0.0,0.0
2025/12/15,12:45:12,0,0.0,209.0,462.0,253.0,0.0,212.0,0.0,0.0,0.0,0.0,0.0,0.0
2025/12/15,12:45:17,0,0.0,202.0,462.0,251.0,18.0,212.0,3.0,3.0,0.0,0.0,0.0,0.0
2025/12/15,12:45:22,0,0.0,202.0,462.0,252.0,24.0,211.0,5.0,3.0,0.0,0.0,0.0,0.0
2025/12/15,12:45:27,0,0.0,204.0,464.0,252.0,0.0,211.0,0.0,0.0,0.0,0.0,0.0,0.0
2025/12/15,12:45:32,0,0.0,211.0,462.0,253.0,5.0,212.0,1.0,1.0,0.0,0.0,0.0,0.0
2025/12/15,12:45:37,0,0.0,200.0,462.0,253.0,25.0,212.0,4.0,4.0,0.0,0.0,0.0,0.0
2025/12/15,12:45:42,0,0.0,219.0,462.0,253.0,0.0,211.0,2.0,0.0,0.0,0.0,0.0,0.0
2025/12/15,12:45:47,0,0.0,198.0,462.0,252.0,23.0,211.0,6.0,4.0,0.0,0.0,0.0,0.0
2025/12/15,12:45:52,0,0.0,215.0,462.0,252.0,0.0,212.0,0.0,0.0,0.0,0.0,0.0,0.0
2025/12/15,12:45:57,0,0.0,191.0,462.0,253.0,24.0,212.0,4.0,3.0,0.0,0.0,0.0,0.0
2025/12/15,12:46:02,0,0.0,199.0,462.0,253.0,16.0,211.0,3.0,3.0,0.0,0.0,0.0,0.0
2025/12/15,12:46:07,0,0.0,213.0,463.0,253.0,0.0,211.0,1.0,0.0,0.0,0.0,0.0,0.0
2025/12/15,12:46:12,0,0.0,199.0,462.0,252.0,26.0,212.0,4.0,4.0,0.0,0.0,0.0,0.0
2025/12/15,12:46:17,0,0.0,200.0,461.0,252.0,0.0,212.0,0.0,0.0,0.0,0.0,0.0,0.0
2025/12/15,12:46:22,0,0.0,212.0,461.0,253.0,2.0,212.0,0.0,2.0,0.0,0.0,0.0,0.0
2025/12/15,12:46:27,0,0.0,194.0,460.0,253.0,26.0,211.0,5.0,4.0,0.0,0.0,0.0,0.0
2025/12/15,12:46:32,0,0.0,204.0,462.0,253.0,24.0,212.0,5.0,4.0,0.0,0.0,0.0,0.0
2025/12/15,12:46:37,0,0.0,202.0,462.0,252.0,1.0,211.0,1.0,1.0,0.0,0.0,0.0,0.0
2025/12/15,12:46:42,0,0.0,213.0,463.0,253.0,0.0,211.0,0.0,0.0,0.0,0.0,0.0,0.0
2025/12/15,12:46:47,0,0.0,200.0,461.0,252.0,26.0,211.0,5.0,4.0,0.0,0.0,0.0,0.0
2025/12/15,12:46:52,0,0.0,206.0,462.0,253.0,0.0,212.0,0.0,0.0,0.0,0.0,0.0,0.0
2025/12/15,12:46:57,0,1.0,195.0,461.0,253.0,23.0,211.0,5.0,4.0,0.0,0.0,0.0,0.0
2025/12/15,12:47:02,0,0.0,198.0,461.0,253.0,15.0,211.0,3.0,3.0,0.0,0.0,0.0,0.0
2025/12/15,12:47:07,0,0.0,218.0,462.0,252.0,0.0,210.0,1.0,0.0,0.0,0.0,0.0,0.0
2025/12/15,12:47:12,0,0.0,199.0,461.0,252.0,25.0,212.0,3.0,4.0,0.0,0.0,0.0,0.0
2025/12/15,12:47:17,0,0.0,217.0,462.0,252.0,0.0,211.0,0.0,0.0,0.0,0.0,0.0,0.0
2025/12/15,12:47:22,0,0.0,196.0,461.0,251.0,22.0,211.0,4.0,3.0,0.0,0.0,0.0,0.0
2025/12/15,12:47:27,0,1.0,196.0,460.0,253.0,20.0,212.0,4.0,4.0,0.0,0.0,0.0,0.0
2025/12/15,12:47:32,0,0.0,202.0,462.0,252.0,2.0,213.0,0.0,1.0,0.0,0.0,0.0,0.0
2025/12/15,12:47:37,0,0.0,206.0,461.0,253.0,13.0,211.0,2.0,3.0,0.0,0.0,0.0,0.0
2025/12/15,12:47:42,0,0.0,196.0,461.0,253.0,18.0,213.0,5.0,3.0,0.0,0.0,0.0,0.0
2025/12/15,12:47:47,0,0.0,218.0,461.0,253.0,0.0,212.0,1.0,0.0,0.0,0.0,0.0,0.0
2025/12/15,12:47:52,0,0.0,198.0,461.0,253.0,24.0,211.0,4.0,3.0,0.0,0.0,0.0,0.0
2025/12/15,12:47:57,0,0.0,211.0,462.0,253.0,0.0,211.0,2.0,1.0,0.0,0.0,0.0,0.0
2025/12/15,12:48:02,0,0.0,199.0,462.0,253.0,11.0,212.0,1.0,2.0,0.0,0.0,0.0,0.0
2025/12/15,12:48:07,0,0.0,190.0,461.0,253.0,27.0,212.0,4.0,4.0,0.0,0.0,0.0,0.0
2025/12/15,12:48:12,0,0.0,208.0,463.0,253.0,0.0,211.0,0.0,0.0,0.0,0.0,0.0,0.0
2025/12/15,12:48:17,0,0.0,196.0,460.0,253.0,26.0,212.0,5.0,4.0,0.0,0.0,0.0,0.0
2025/12/15,12:48:22,0,0.0,208.0,463.0,253.0,0.0,213.0,0.0,0.0,0.0,0.0,0.0,0.0
2025/12/15,12:48:27,0,0.0,198.0,461.0,253.0,25.0,211.0,5.0,4.0,0.0,0.0,0.0,0.0
2025/12/15,12:48:32,0,0.0,212.0,462.0,252.0,0.0,211.0,0.0,0.0,0.0,0.0,0.0,0.0
2025/12/15,12:48:37,0,0.0,198.0,462.0,253.0,24.0,212.0,4.0,4.0,0.0,0.0,0.0,0.0
2025/12/15,12:48:42,0,0.0,213.0,462.0,253.0,1.0,210.0,1.0,1.0,0.0,0.0,0.0,0.0
2025/12/15,12:48:47,0,0.0,199.0,462.0,253.0,9.0,212.0,1.0,2.0,0.0,0.0,0.0,0.0
2025/12/15,12:48:52,0,0.0,193.0,460.0,253.0,25.0,211.0,4.0,4.0,0.0,0.0,0.0,0.0
2025/12/15,12:48:57,0,0.0,207.0,462.0,253.0,0.0,211.0,0.0,0.0,0.0,0.0,0.0,0.0
2025/12/15,12:49:02,0,0.0,199.0,462.0,251.0,18.0,212.0,3.0,3.0,0.0,0.0,0.0,0.0
2025/12/15,12:49:07,0,0.0,195.0,459.0,253.0,24.0,211.0,5.0,4.0,0.0,0.0,0.0,0.0
2025/12/15,12:49:12,0,0.0,218.0,462.0,252.0,0.0,212.0,1.0,0.0,0.0,0.0,0.0,0.0
2025/12/15,12:49:17,0,0.0,201.0,460.0,253.0,25.0,211.0,4.0,4.0,0.0,0.0,0.0,0.0
2025/12/15,12:49:22,0,0.0,215.0,459.0,253.0,0.0,212.0,1.0,0.0,0.0,0.0,0.0,0.0
2025/12/15,12:49:27,0,0.0,197.0,461.0,252.0,26.0,211.0,4.0,3.0,0.0,0.0,0.0,0.0
2025/12/15,12:49:32,0,0.0,199.0,462.0,253.0,13.0,213.0,2.0,2.0,0.0,0.0,0.0,0.0
2025/12/15,12:49:37,0,0.0,215.0,463.0,253.0,0.0,211.0,0.0,0.0,0.0,0.0,0.0,0.0
2025/12/15,12:49:42,0,0.0,193.0,461.0,253.0,23.0,211.0,4.0,3.0,0.0,0.0,0.0,0.0
2025/12/15,12:49:47,0,0.0,197.0,460.0,253.0,18.0,213.0,4.0,3.0,0.0,0.0,0.0,0.0
2025/12/15,12:49:52,0,0.0,214.0,463.0,253.0,0.0,212.0,1.0,0.0,0.0,0.0,0.0,0.0
2025/12/15,12:49:57,0,0.0,206.0,463.0,252.0,24.0,211.0,4.0,4.0,0.0,0.0,0.0,0.0
2025/12/15,12:50:02,0,0.0,216.0,462.0,251.0,0.0,213.0,0.0,0.0,0.0,0.0,0.0,0.0
2025/12/15,12:50:07,0,0.0,204.0,461.0,251.0,25.0,212.0,5.0,4.0,0.0,0.0,0.0,0.0
2025/12/15,12:50:12,0,0.0,221.0,462.0,252.0,1.0,212.0,0.0,0.0,0.0,0.0,0.0,0.0
2025/12/15,12:50:17,0,0.0,195.0,462.0,251.0,21.0,211.0,4.0,2.0,0.0,0.0,0.0,0.0
2025/12/15,12:50:22,0,0.0,197.0,462.0,252.0,20.0,212.0,3.0,4.0,0.0,0.0,0.0,0.0
2025/12/15,12:50:27,0,0.0,209.0,462.0,251.0,0.0,212.0,0.0,0.0,0.0,0.0,0.0,0.0
2025/12/15,12:50:32,0,0.0,197.0,462.0,252.0,25.0,212.0,4.0,3.0,0.0,0.0,0.0,0.0
2025/12/15,12:50:37,0,0.0,196.0,463.0,253.0,23.0,211.0,5.0,2.0,0.0,0.0,0.0,0.0
2025/12/15,12:50:42,0,0.0,195.0,462.0,253.0,23.0,212.0,4.0,4.0,0.0,0.0,0.0,0.0
2025/12/15,12:50:47,0,0.0,198.0,461.0,253.0,27.0,212.0,4.0,4.0,0.0,0.0,0.0,0.0
2025/12/15,12:50:52,0,0.0,192.0,460.0,253.0,29.0,212.0,5.0,4.0,0.0,0.0,0.0,0.0
2025/12/15,12:50:57,0,2.0,193.0,461.0,253.0,23.0,212.0,4.0,4.0,0.0,0.0,0.0,0.0
2025/12/15,12:51:02,0,0.0,199.0,462.0,253.0,26.0,212.0,4.0,4.0,0.0,0.0,0.0,0.0
2025/12/15,12:51:07,0,0.0,203.0,464.0,253.0,0.0,212.0,0.0,0.0,0.0,0.0,0.0,0.0
2025/12/15,12:51:12,0,0.0,198.0,459.0,253.0,27.0,212.0,4.0,4.0,0.0,0.0,0.0,0.0
2025/12/15,12:51:17,0,0.0,214.0,462.0,253.0,0.0,212.0,0.0,0.0,0.0,0.0,0.0,0.0
2025/12/15,12:51:22,0,0.0,192.0,462.0,252.0,22.0,212.0,4.0,4.0,0.0,0.0,0.0,0.0
2025/12/15,12:51:27,0,0.0,198.0,460.0,251.0,26.0,212.0,5.0,4.0,0.0,0.0,0.0,0.0
2025/12/15,12:51:32,0,0.0,200.0,460.0,252.0,19.0,212.0,4.0,4.0,0.0,0.0,0.0,0.0
2025/12/15,12:51:37,0,0.0,221.0,462.0,253.0,0.0,211.0,1.0,0.0,0.0,0.0,0.0,0.0
2025/12/15,12:51:42,0,0.0,208.0,462.0,252.0,0.0,211.0,0.0,0.0,0.0,0.0,0.0,0.0
2025/12/15,12:51:47,0,0.0,208.0,462.0,253.0,0.0,212.0,0.0,0.0,0.0,0.0,0.0,0.0
2025/12/15,12:51:52,0,0.0,217.0,462.0,253.0,0.0,212.0,0.0,0.0,0.0,0.0,0.0,0.0
2025/12/15,12:51:57,0,0.0,205.0,462.0,253.0,15.0,212.0,2.0,2.0,0.0,0.0,0.0,0.0
2025/12/15,12:52:02,0,0.0,200.0,461.0,253.0,24.0,212.0,4.0,4.0,0.0,0.0,0.0,0.0
2025/12/15,12:52:07,0,0.0,209.0,460.0,253.0,0.0,213.0,0.0,0.0,0.0,0.0,0.0,0.0
2025/12/15,12:52:12,0,0.0,210.0,462.0,253.0,3.0,213.0,1.0,1.0,0.0,0.0,0.0,0.0
2025/12/15,12:52:17,0,0.0,197.0,461.0,253.0,25.0,212.0,3.0,4.0,0.0,0.0,0.0,0.0
2025/12/15,12:52:22,0,0.0,199.0,462.0,253.0,9.0,213.0,1.0,2.0,0.0,0.0,0.0,0.0
2025/12/15,12:52:27,0,0.0,215.0,462.0,251.0,0.0,213.0,0.0,1.0,0.0,0.0,0.0,0.0
2025/12/15,12:52:32,0,0.0,197.0,460.0,253.0,27.0,212.0,4.0,4.0,0.0,0.0,0.0,0.0
2025/12/15,12:52:37,0,0.0,200.0,461.0,253.0,14.0,212.0,2.0,2.0,0.0,0.0,0.0,0.0
2025/12/15,12:52:42,0,0.0,205.0,463.0,253.0,0.0,212.0,0.0,1.0,0.0,0.0,0.0,0.0
2025/12/15,12:52:47,0,0.0,218.0,462.0,253.0,0.0,213.0,1.0,0.0,0.0,0.0,0.0,0.0
2025/12/15,12:52:52,0,0.0,219.0,462.0,253.0,0.0,213.0,0.0,0.0,0.0,0.0,0.0,0.0
2025/12/15,12:52:57,0,0.0,219.0,461.0,253.0,0.0,212.0,0.0,0.0,0.0,0.0,0.0,0.0
2025/12/15,12:53:02,0,0.0,212.0,462.0,253.0,0.0,211.0,1.0,0.0,0.0,0.0,0.0,0.0
2025/12/15,12:53:07,0,0.0,201.0,462.0,253.0,3.0,212.0,0.0,1.0,0.0,0.0,0.0,0.0
2025/12/15,12:53:12,0,0.0,199.0,462.0,253.0,9.0,213.0,1.0,2.0,0.0,0.0,0.0,0.0
2025/12/15,12:53:17,0,0.0,207.0,460.0,253.0,0.0,212.0,0.0,0.0,0.0,0.0,0.0,0.0
2025/12/15,12:53:22,0,0.0,219.0,462.0,253.0,1.0,213.0,0.0,0.0,0.0,0.0,0.0,0.0
2025/12/15,12:53:27,0,0.0,196.0,460.0,252.0,23.0,212.0,4.0,4.0,0.0,0.0,0.0,0.0
2025/12/15,12:53:32,0,0.0,198.0,459.0,253.0,21.0,211.0,4.0,3.0,0.0,0.0,0.0,0.0
2025/12/15,12:53:37,0,0.0,215.0,462.0,252.0,0.0,211.0,1.0,0.0,0.0,0.0,0.0,0.0
2025/12/15,12:53:42,0,0.0,203.0,462.0,253.0,14.0,213.0,2.0,2.0,0.0,0.0,0.0,0.0
2025/12/15,12:53:47,0,0.0,202.0,461.0,252.0,26.0,212.0,5.0,4.0,0.0,0.0,0.0,0.0
2025/12/15,12:53:52,0,0.0,199.0,462.0,253.0,15.0,213.0,3.0,2.0,0.0,0.0,0.0,0.0
2025/12/15,12:53:57,0,0.0,220.0,462.0,253.0,0.0,213.0,0.0,0.0,0.0,0.0,0.0,0.0
2025/12/15,12:54:02,0,0.0,198.0,462.0,253.0,25.0,213.0,4.0,4.0,0.0,0.0,0.0,0.0
2025/12/15,12:54:07,0,0.0,201.0,461.0,253.0,5.0,212.0,1.0,1.0,0.0,0.0,0.0,0.0
2025/12/15,12:54:12,0,0.0,211.0,462.0,253.0,4.0,212.0,0.0,1.0,0.0,0.0,0.0,0.0
2025/12/15,12:54:17,0,0.0,195.0,462.0,254.0,24.0,214.0,4.0,4.0,0.0,0.0,0.0,0.0
2025/12/15,12:54:22,0,0.0,217.0,461.0,253.0,2.0,213.0,0.0,0.0,0.0,0.0,0.0,0.0
2025/12/15,12:54:27,0,0.0,198.0,461.0,253.0,25.0,212.0,4.0,4.0,0.0,0.0,0.0,0.0
2025/12/15,12:54:32,0,0.0,202.0,462.0,253.0,6.0,213.0,2.0,2.0,0.0,0.0,0.0,0.0
2025/12/15,12:54:37,0,0.0,212.0,462.0,251.0,0.0,212.0,0.0,0.0,0.0,0.0,0.0,0.0
2025/12/15,12:54:42,0,0.0,215.0,461.0,253.0,2.0,213.0,1.0,0.0,0.0,0.0,0.0,0.0
2025/12/15,12:54:47,0,0.0,201.0,459.0,253.0,17.0,211.0,3.0,3.0,0.0,0.0,0.0,0.0
2025/12/15,12:54:52,0,0.0,196.0,461.0,253.0,26.0,211.0,4.0,4.0,0.0,0.0,0.0,0.0
2025/12/15,12:54:57,0,0.0,202.0,461.0,251.0,24.0,213.0,5.0,4.0,0.0,0.0,0.0,0.0
2025/12/15,12:55:48,0,0.0,203.0,461.0,253.0,13.0,213.0,2.0,2.0,0.0,0.0,0.0,0.0
2025/12/15,12:55:51,0,0.0,201.0,460.0,253.0,26.0,212.0,5.0,4.0,0.0,0.0,0.0,0.0
2025/12/15,12:55:56,0,0.0,213.0,462.0,253.0,0.0,213.0,0.0,0.0,0.0,0.0,0.0,0.0
2025/12/15,12:56:01,0,0.0,199.0,461.0,252.0,25.0,212.0,5.0,4.0,0.0,0.0,0.0,0.0
2025/12/15,12:56:06,0,0.0,204.0,462.0,253.0,1.0,213.0,0.0,0.0,0.0,0.0,0.0,0.0
2025/12/15,12:56:11,0,0.0,216.0,463.0,253.0,2.0,212.0,0.0,0.0,0.0,0.0,0.0,0.0
2025/12/15,12:56:16,0,0.0,192.0,462.0,253.0,26.0,212.0,4.0,4.0,0.0,0.0,0.0,0.0
2025/12/15,12:56:21,0,0.0,202.0,463.0,253.0,0.0,213.0,1.0,1.0,0.0,0.0,0.0,0.0
2025/12/15,12:56:26,0,0.0,191.0,462.0,254.0,26.0,213.0,4.0,3.0,0.0,0.0,0.0,0.0
2025/12/15,12:56:31,0,0.0,206.0,463.0,253.0,0.0,213.0,0.0,0.0,0.0,0.0,0.0,0.0
2025/12/15,12:56:36,0,0.0,191.0,461.0,254.0,26.0,212.0,4.0,4.0,0.0,0.0,0.0,0.0
2025/12/15,12:56:41,0,0.0,200.0,462.0,253.0,3.0,208.0,0.0,1.0,0.0,0.0,0.0,0.0
2025/12/15,12:56:46,0,0.0,204.0,462.0,251.0,13.0,213.0,2.0,2.0,0.0,0.0,0.0,0.0
2025/12/15,12:56:51,0,0.0,199.0,460.0,253.0,18.0,212.0,3.0,3.0,0.0,0.0,0.0,0.0
2025/12/15,12:56:56,0,0.0,210.0,462.0,253.0,4.0,213.0,1.0,1.0,0.0,0.0,0.0,0.0
2025/12/15,12:57:01,0,0.0,198.0,461.0,254.0,26.0,212.0,4.0,4.0,0.0,0.0,0.0,0.0
2025/12/15,12:57:06,0,0.0,196.0,462.0,253.0,21.0,213.0,4.0,4.0,0.0,0.0,0.0,0.0
2025/12/15,12:57:11,0,0.0,203.0,462.0,252.0,0.0,214.0,0.0,1.0,0.0,0.0,0.0,0.0
2025/12/15,12:57:16,0,0.0,216.0,463.0,253.0,0.0,212.0,1.0,0.0,0.0,0.0,0.0,0.0
2025/12/15,12:57:21,0,0.0,196.0,462.0,253.0,25.0,213.0,3.0,4.0,0.0,0.0,0.0,0.0
2025/12/15,12:57:26,0,0.0,199.0,462.0,253.0,10.0,213.0,2.0,3.0,0.0,0.0,0.0,0.0
2025/12/15,12:57:31,0,0.0,218.0,462.0,252.0,0.0,213.0,0.0,0.0,0.0,0.0,0.0,0.0
2025/12/15,12:57:36,0,0.0,201.0,461.0,251.0,17.0,212.0,3.0,3.0,0.0,0.0,0.0,0.0
2025/12/15,12:57:41,0,0.0,200.0,461.0,253.0,25.0,213.0,4.0,4.0,0.0,0.0,0.0,0.0
2025/12/15,12:57:46,0,0.0,201.0,463.0,253.0,7.0,214.0,2.0,1.0,0.0,0.0,0.0,0.0
2025/12/15,12:57:51,0,0.0,213.0,460.0,253.0,2.0,214.0,1.0,1.0,0.0,0.0,0.0,0.0
2025/12/15,12:57:56,0,0.0,201.0,462.0,253.0,22.0,213.0,4.0,4.0,0.0,0.0,0.0,0.0
2025/12/15,12:58:01,0,0.0,218.0,463.0,253.0,0.0,213.0,0.0,0.0,0.0,0.0,0.0,0.0
2025/12/15,12:58:06,0,0.0,197.0,462.0,253.0,22.0,213.0,3.0,5.0,0.0,0.0,0.0,0.0
2025/12/15,12:58:11,0,0.0,215.0,463.0,253.0,0.0,212.0,0.0,0.0,0.0,0.0,0.0,0.0
2025/12/15,12:58:16,0,0.0,195.0,462.0,253.0,25.0,213.0,4.0,5.0,0.0,0.0,0.0,0.0
2025/12/15,12:58:21,0,1.0,211.0,462.0,253.0,6.0,212.0,1.0,1.0,0.0,0.0,0.0,0.0
2025/12/15,12:58:26,0,0.0,201.0,461.0,253.0,7.0,213.0,0.0,1.0,0.0,0.0,0.0,0.0
2025/12/15,12:58:31,0,0.0,193.0,461.0,252.0,25.0,213.0,4.0,4.0,0.0,0.0,0.0,0.0
2025/12/15,12:58:36,0,0.0,216.0,462.0,252.0,0.0,213.0,0.0,0.0,0.0,0.0,0.0,0.0
2025/12/15,12:58:41,0,0.0,203.0,461.0,252.0,24.0,212.0,4.0,4.0,0.0,0.0,0.0,0.0
2025/12/15,12:58:46,0,0.0,210.0,461.0,253.0,0.0,214.0,0.0,0.0,0.0,0.0,0.0,0.0
2025/12/15,12:58:51,0,0.0,212.0,463.0,253.0,0.0,213.0,0.0,0.0,0.0,0.0,0.0,0.0
2025/12/15,12:58:56,0,0.0,217.0,463.0,253.0,0.0,212.0,0.0,0.0,0.0,0.0,0.0,0.0
2025/12/15,12:59:01,0,0.0,203.0,462.0,253.0,24.0,213.0,4.0,4.0,0.0,0.0,0.0,0.0
2025/12/15,12:59:06,0,0.0,200.0,460.0,253.0,0.0,213.0,0.0,0.0,0.0,0.0,0.0,0.0
2025/12/15,12:59:11,0,0.0,217.0,463.0,253.0,0.0,212.0,0.0,0.0,0.0,0.0,0.0,0.0
2025/12/15,12:59:16,0,0.0,192.0,461.0,253.0,26.0,214.0,5.0,4.0,0.0,0.0,0.0,0.0
2025/12/15,12:59:21,0,0.0,197.0,461.0,253.0,25.0,214.0,5.0,4.0,0.0,0.0,0.0,0.0
2025/12/15,12:59:26,0,0.0,203.0,462.0,252.0,2.0,212.0,0.0,1.0,0.0,0.0,0.0,0.0
2025/12/15,12:59:31,0,0.0,207.0,460.0,253.0,0.0,213.0,0.0,0.0,0.0,0.0,0.0,0.0
2025/12/15,12:59:36,0,0.0,219.0,463.0,253.0,0.0,211.0,0.0,0.0,0.0,0.0,0.0,0.0
2025/12/15,12:59:41,0,0.0,198.0,462.0,253.0,26.0,214.0,5.0,4.0,0.0,0.0,0.0,0.0
2025/12/15,12:59:46,0,0.0,214.0,464.0,253.0,0.0,213.0,0.0,0.0,0.0,0.0,0.0,0.0
2025/12/15,12:59:51,0,0.0,203.0,462.0,253.0,25.0,214.0,5.0,4.0,0.0,0.0,0.0,0.0
2025/12/15,12:59:56,0,0.0,215.0,463.0,252.0,0.0,214.0,1.0,0.0,0.0,0.0,0.0,0.0
2025/12/15,13:00:01,0,0.0,198.0,462.0,253.0,27.0,213.0,4.0,4.0,0.0,0.0,0.0,0.0
2025/12/15,13:00:06,0,0.0,217.0,463.0,253.0,1.0,214.0,1.0,0.0,0.0,0.0,0.0,0.0
2025/12/15,13:00:11,0,0.0,206.0,464.0,253.0,0.0,213.0,0.0,0.0,0.0,0.0,0.0,0.0
2025/12/15,13:00:16,0,0.0,199.0,462.0,253.0,26.0,214.0,5.0,4.0,0.0,0.0,0.0,0.0
2025/12/15,13:00:21,0,0.0,202.0,462.0,253.0,13.0,214.0,3.0,3.0,0.0,0.0,0.0,0.0
2025/12/15,13:00:26,0,0.0,208.0,463.0,253.0,0.0,214.0,0.0,0.0,0.0,0.0,0.0,0.0
2025/12/15,13:00:31,0,0.0,195.0,462.0,253.0,22.0,214.0,4.0,4.0,0.0,0.0,0.0,0.0
2025/12/15,13:00:36,0,0.0,194.0,463.0,253.0,24.0,213.0,4.0,4.0,0.0,0.0,0.0,0.0
2025/12/15,13:00:41,0,0.0,216.0,464.0,253.0,0.0,213.0,0.0,0.0,0.0,0.0,0.0,0.0
2025/12/15,13:00:46,0,0.0,207.0,462.0,252.0,0.0,214.0,0.0,0.0,0.0,0.0,0.0,0.0
2025/12/15,13:00:51,0,0.0,201.0,463.0,252.0,5.0,213.0,1.0,1.0,0.0,0.0,0.0,0.0
2025/12/15,13:00:56,0,0.0,200.0,463.0,253.0,3.0,213.0,0.0,1.0,0.0,0.0,0.0,0.0
2025/12/15,13:01:01,0,0.0,205.0,463.0,252.0,0.0,214.0,1.0,0.0,0.0,0.0,0.0,0.0
2025/12/15,13:01:06,0,0.0,211.0,462.0,253.0,3.0,214.0,0.0,1.0,0.0,0.0,0.0,0.0
2025/12/15,13:01:11,0,0.0,197.0,462.0,253.0,24.0,213.0,4.0,4.0,0.0,0.0,0.0,0.0
2025/12/15,13:01:16,0,0.0,214.0,462.0,252.0,0.0,214.0,1.0,1.0,0.0,0.0,0.0,0.0
2025/12/15,13:01:21,0,0.0,199.0,462.0,252.0,19.0,214.0,3.0,3.0,0.0,0.0,0.0,0.0
2025/12/15,13:01:26,0,0.0,204.0,461.0,253.0,15.0,213.0,2.0,3.0,0.0,0.0,0.0,0.0
2025/12/15,13:01:31,0,0.0,202.0,463.0,253.0,4.0,214.0,0.0,1.0,0.0,0.0,0.0,0.0
2025/12/15,13:01:36,0,2.0,200.0,462.0,253.0,16.0,214.0,3.0,3.0,0.0,0.0,0.0,0.0
2025/12/15,13:01:41,0,0.0,198.0,461.0,253.0,14.0,213.0,3.0,3.0,0.0,0.0,0.0,0.0
2025/12/15,13:01:46,0,0.0,213.0,464.0,253.0,0.0,214.0,0.0,1.0,0.0,0.0,0.0,0.0
2025/12/15,13:01:51,0,0.0,199.0,460.0,252.0,26.0,213.0,5.0,4.0,0.0,0.0,0.0,0.0
2025/12/15,13:01:56,0,0.0,208.0,462.0,252.0,0.0,214.0,0.0,0.0,0.0,0.0,0.0,0.0
2025/12/15,13:02:01,0,0.0,196.0,462.0,254.0,27.0,215.0,5.0,4.0,0.0,0.0,0.0,0.0
2025/12/15,13:02:06,0,0.0,210.0,462.0,252.0,0.0,214.0,0.0,0.0,0.0,0.0,0.0,0.0
2025/12/15,13:02:11,0,0.0,196.0,462.0,253.0,23.0,212.0,5.0,4.0,0.0,0.0,0.0,0.0
2025/12/15,13:02:16,0,0.0,204.0,462.0,252.0,24.0,214.0,5.0,4.0,0.0,0.0,0.0,0.0
2025/12/15,13:02:21,0,0.0,202.0,462.0,253.0,1.0,215.0,0.0,0.0,0.0,0.0,0.0,0.0
2025/12/15,13:02:26,0,0.0,211.0,462.0,253.0,2.0,214.0,2.0,1.0,0.0,0.0,0.0,0.0
2025/12/15,13:02:31,0,0.0,200.0,462.0,253.0,24.0,212.0,6.0,4.0,0.0,0.0,0.0,0.0
2025/12/15,13:02:36,0,0.0,204.0,462.0,253.0,13.0,213.0,3.0,3.0,0.0,0.0,0.0,0.0
2025/12/15,13:02:41,0,0.0,202.0,462.0,253.0,0.0,214.0,0.0,0.0,0.0,0.0,0.0,0.0
2025/12/15,13:02:46,0,0.0,204.0,461.0,253.0,14.0,213.0,3.0,3.0,0.0,0.0,0.0,0.0
2025/12/15,13:02:51,0,0.0,201.0,462.0,252.0,11.0,213.0,2.0,2.0,0.0,0.0,0.0,0.0
2025/12/15,13:02:56,0,0.0,197.0,460.0,253.0,26.0,212.0,5.0,4.0,0.0,0.0,0.0,0.0
2025/12/15,13:03:01,0,1.0,220.0,462.0,253.0,0.0,215.0,1.0,0.0,0.0,0.0,0.0,0.0
2025/12/15,13:03:06,0,0.0,197.0,461.0,253.0,23.0,212.0,4.0,4.0,0.0,0.0,0.0,0.0
2025/12/15,13:03:11,0,0.0,208.0,463.0,253.0,8.0,214.0,2.0,2.0,0.0,0.0,0.0,0.0
2025/12/15,13:03:16,0,0.0,205.0,463.0,253.0,0.0,215.0,0.0,0.0,0.0,0.0,0.0,0.0
2025/12/15,13:03:21,0,0.0,202.0,462.0,253.0,25.0,214.0,4.0,4.0,0.0,0.0,0.0,0.0
2025/12/15,13:03:26,0,0.0,200.0,462.0,252.0,18.0,213.0,3.0,3.0,0.0,0.0,0.0,0.0
2025/12/15,13:03:31,0,0.0,211.0,463.0,253.0,4.0,213.0,1.0,1.0,0.0,0.0,0.0,0.0
2025/12/15,13:03:36,0,0.0,213.0,460.0,253.0,0.0,214.0,0.0,0.0,0.0,0.0,0.0,0.0
2025/12/15,13:03:41,0,0.0,218.0,463.0,253.0,0.0,215.0,0.0,0.0,0.0,0.0,0.0,0.0
2025/12/15,13:03:46,0,0.0,209.0,461.0,253.0,0.0,214.0,0.0,0.0,0.0,0.0,0.0,0.0
2025/12/15,13:03:51,0,0.0,208.0,463.0,253.0,0.0,213.0,0.0,0.0,0.0,0.0,0.0,0.0
2025/12/15,13:03:56,0,0.0,203.0,461.0,253.0,0.0,214.0,0.0,0.0,0.0,0.0,0.0,0.0
2025/12/15,13:04:01,0,0.0,199.0,461.0,253.0,9.0,214.0,2.0,2.0,0.0,0.0,0.0,0.0
2025/12/15,13:04:06,0,0.0,198.0,462.0,253.0,17.0,214.0,3.0,3.0,0.0,0.0,0.0,0.0
2025/12/15,13:04:11,0,0.0,204.0,462.0,253.0,23.0,214.0,5.0,4.0,0.0,0.0,0.0,0.0
2025/12/15,13:04:16,0,0.0,197.0,462.0,253.0,24.0,215.0,5.0,4.0,0.0,0.0,0.0,0.0
2025/12/15,13:04:21,0,0.0,194.0,462.0,253.0,27.0,213.0,4.0,5.0,0.0,0.0,0.0,0.0
2025/12/15,13:04:26,0,0.0,213.0,462.0,252.0,0.0,214.0,0.0,1.0,0.0,0.0,0.0,0.0
2025/12/15,13:04:31,0,0.0,204.0,463.0,253.0,0.0,213.0,0.0,1.0,0.0,0.0,0.0,0.0
2025/12/15,13:04:36,0,0.0,199.0,462.0,253.0,23.0,213.0,3.0,4.0,0.0,0.0,0.0,0.0
2025/12/15,13:04:41,0,0.0,195.0,461.0,252.0,25.0,214.0,5.0,4.0,0.0,0.0,0.0,0.0
2025/12/15,13:04:46,0,0.0,196.0,459.0,253.0,22.0,215.0,4.0,4.0,0.0,0.0,0.0,0.0
2025/12/15,13:04:51,0,0.0,206.0,462.0,253.0,10.0,215.0,2.0,2.0,0.0,0.0,0.0,0.0
2025/12/15,13:04:56,0,0.0,220.0,463.0,253.0,0.0,214.0,0.0,0.0,0.0,0.0,0.0,0.0
2025/12/15,13:05:01,0,0.0,205.0,462.0,254.0,0.0,215.0,1.0,0.0,0.0,0.0,0.0,0.0
2025/12/15,13:05:06,0,0.0,195.0,463.0,253.0,20.0,214.0,3.0,4.0,0.0,0.0,0.0,0.0
2025/12/15,13:05:45,0,0.0,206.0,462.0,254.0,7.0,214.0,2.0,1.0,0.0,0.0,0.0,0.0
2025/12/15,13:05:50,0,0.0,197.0,462.0,253.0,24.0,214.0,4.0,4.0,0.0,0.0,0.0,0.0
2025/12/15,13:05:55,0,0.0,214.0,463.0,253.0,0.0,214.0,1.0,0.0,0.0,0.0,0.0,0.0
2025/12/15,13:06:00,0,0.0,198.0,462.0,253.0,12.0,214.0,2.0,2.0,0.0,0.0,0.0,0.0
2025/12/15,13:06:05,0,0.0,192.0,462.0,252.0,26.0,213.0,4.0,4.0,0.0,0.0,0.0,0.0
2025/12/15,13:06:10,0,0.0,220.0,463.0,254.0,0.0,214.0,0.0,0.0,0.0,0.0,0.0,0.0
2025/12/15,13:06:15,0,0.0,200.0,462.0,253.0,4.0,214.0,1.0,1.0,0.0,0.0,0.0,0.0
2025/12/15,13:06:20,0,0.0,201.0,462.0,251.0,25.0,214.0,4.0,3.0,0.0,0.0,0.0,0.0
2025/12/15,13:06:25,0,0.0,209.0,461.0,253.0,7.0,215.0,2.0,1.0,0.0,0.0,0.0,0.0
2025/12/15,13:06:30,0,0.0,201.0,463.0,251.0,3.0,213.0,1.0,1.0,0.0,0.0,0.0,0.0
2025/12/15,13:06:35,0,0.0,192.0,462.0,253.0,23.0,214.0,4.0,4.0,0.0,0.0,0.0,0.0
2025/12/15,13:06:40,0,0.0,204.0,462.0,253.0,0.0,214.0,0.0,0.0,0.0,0.0,0.0,0.0
2025/12/15,13:06:45,0,0.0,198.0,462.0,251.0,25.0,213.0,4.0,4.0,0.0,0.0,0.0,0.0
2025/12/15,13:06:50,0,0.0,218.0,461.0,253.0,0.0,214.0,0.0,0.0,0.0,0.0,0.0,0.0
2025/12/15,13:06:55,0,0.0,196.0,461.0,252.0,19.0,213.0,4.0,3.0,0.0,0.0,0.0,0.0
2025/12/15,13:07:00,0,0.0,192.0,462.0,253.0,25.0,214.0,5.0,4.0,0.0,0.0,0.0,0.0
2025/12/15,13:07:05,0,0.0,219.0,462.0,253.0,1.0,214.0,0.0,0.0,0.0,0.0,0.0,0.0
2025/12/15,13:07:10,0,0.0,200.0,462.0,253.0,7.0,214.0,2.0,2.0,0.0,0.0,0.0,0.0
2025/12/15,13:07:15,0,0.0,196.0,459.0,253.0,26.0,215.0,5.0,4.0,0.0,0.0,0.0,0.0
2025/12/15,13:07:20,0,0.0,211.0,462.0,253.0,3.0,215.0,2.0,1.0,0.0,0.0,0.0,0.0
2025/12/15,13:07:25,0,0.0,208.0,461.0,253.0,0.0,214.0,0.0,0.0,0.0,0.0,0.0,0.0
2025/12/15,13:07:30,0,0.0,198.0,461.0,252.0,9.0,213.0,2.0,2.0,0.0,0.0,0.0,0.0
2025/12/15,13:07:35,0,0.0,198.0,461.0,253.0,28.0,214.0,5.0,4.0,0.0,0.0,0.0,0.0
2025/12/15,13:07:40,0,0.0,196.0,461.0,252.0,25.0,214.0,5.0,4.0,0.0,0.0,0.0,0.0
2025/12/15,13:07:45,0,0.0,197.0,462.0,254.0,17.0,215.0,4.0,3.0,0.0,0.0,0.0,0.0
2025/12/15,13:07:50,0,1.0,215.0,461.0,253.0,0.0,215.0,0.0,0.0,0.0,0.0,0.0,0.0
2025/12/15,13:07:55,0,0.0,214.0,461.0,253.0,0.0,214.0,0.0,0.0,0.0,0.0,0.0,0.0
2025/12/15,13:08:00,0,0.0,209.0,463.0,253.0,0.0,214.0,1.0,0.0,0.0,0.0,0.0,0.0
2025/12/15,13:08:05,0,0.0,203.0,462.0,253.0,0.0,214.0,0.0,0.0,0.0,0.0,0.0,0.0
2025/12/15,13:08:10,0,0.0,200.0,463.0,253.0,2.0,214.0,1.0,0.0,0.0,0.0,0.0,0.0
2025/12/15,13:08:15,0,0.0,197.0,461.0,253.0,15.0,211.0,2.0,3.0,0.0,0.0,0.0,0.0
2025/12/15,13:08:20,0,0.0,196.0,461.0,253.0,22.0,214.0,5.0,4.0,0.0,0.0,0.0,0.0
2025/12/15,13:08:25,0,0.0,202.0,462.0,255.0,25.0,214.0,5.0,4.0,0.0,0.0,0.0,0.0
2025/12/15,13:08:30,0,0.0,197.0,462.0,253.0,28.0,215.0,5.0,4.0,0.0,0.0,0.0,0.0
2025/12/15,13:08:35,0,0.0,197.0,460.0,251.0,18.0,213.0,3.0,3.0,0.0,0.0,0.0,0.0
2025/12/15,13:08:40,0,0.0,209.0,462.0,254.0,5.0,215.0,1.0,1.0,0.0,0.0,0.0,0.0
2025/12/15,13:08:45,0,0.0,214.0,462.0,253.0,2.0,215.0,0.0,0.0,0.0,0.0,0.0,0.0
2025/12/15,13:08:50,0,0.0,214.0,462.0,252.0,0.0,214.0,0.0,0.0,0.0,0.0,0.0,0.0
2025/12/15,13:08:55,0,0.0,218.0,462.0,253.0,0.0,213.0,0.0,0.0,0.0,0.0,0.0,0.0
2025/12/15,13:09:00,0,0.0,214.0,462.0,253.0,0.0,215.0,0.0,0.0,0.0,0.0,0.0,0.0
2025/12/15,13:09:05,0,0.0,214.0,463.0,253.0,0.0,214.0,1.0,0.0,0.0,0.0,0.0,0.0
2025/12/15,13:09:10,0,0.0,214.0,463.0,253.0,0.0,213.0,0.0,0.0,0.0,0.0,0.0,0.0
2025/12/15,13:09:15,0,0.0,213.0,462.0,253.0,0.0,213.0,0.0,0.0,0.0,0.0,0.0,0.0
2025/12/15,13:09:20,0,0.0,210.0,462.0,253.0,0.0,215.0,0.0,0.0,0.0,0.0,0.0,0.0
2025/12/15,13:09:25,0,0.0,203.0,463.0,253.0,0.0,214.0,0.0,0.0,0.0,0.0,0.0,0.0
2025/12/15,13:09:30,0,0.0,202.0,463.0,253.0,0.0,213.0,0.0,0.0,0.0,0.0,0.0,0.0
2025/12/15,13:09:35,0,5.0,200.0,462.0,253.0,1.0,213.0,0.0,1.0,0.0,0.0,0.0,0.0
2025/12/15,13:09:40,0,0.0,199.0,463.0,253.0,6.0,215.0,1.0,1.0,0.0,0.0,0.0,0.0
2025/12/15,13:09:45,0,0.0,198.0,463.0,253.0,12.0,215.0,2.0,3.0,0.0,0.0,0.0,0.0
2025/12/15,13:09:50,0,0.0,196.0,462.0,253.0,20.0,215.0,4.0,3.0,0.0,0.0,0.0,0.0
2025/12/15,13:09:55,0,0.0,201.0,462.0,253.0,22.0,215.0,5.0,4.0,0.0,0.0,0.0,0.0
2025/12/15,13:10:00,0,1.0,202.0,461.0,253.0,24.0,214.0,5.0,4.0,0.0,0.0,0.0,0.0
2025/12/15,13:10:05,0,0.0,202.0,462.0,251.0,25.0,215.0,5.0,4.0,0.0,0.0,0.0,0.0
2025/12/15,13:10:10,0,0.0,199.0,461.0,253.0,25.0,214.0,5.0,4.0,0.0,0.0,0.0,0.0
2025/12/15,13:10:15,0,0.0,200.0,461.0,253.0,25.0,213.0,5.0,4.0,0.0,0.0,0.0,0.0
2025/12/15,13:10:20,0,0.0,199.0,462.0,253.0,24.0,215.0,5.0,5.0,0.0,0.0,0.0,0.0
2025/12/15,13:10:25,0,0.0,193.0,461.0,253.0,26.0,213.0,4.0,4.0,0.0,0.0,0.0,0.0
2025/12/15,13:10:30,0,0.0,215.0,463.0,252.0,0.0,215.0,1.0,0.0,0.0,0.0,0.0,0.0
2025/12/15,13:10:35,0,0.0,196.0,462.0,253.0,19.0,215.0,3.0,3.0,0.0,0.0,0.0,0.0
2025/12/15,13:10:40,0,0.0,192.0,461.0,253.0,23.0,215.0,5.0,4.0,0.0,0.0,0.0,0.0
2025/12/15,13:10:45,0,0.0,207.0,463.0,252.0,5.0,213.0,1.0,1.0,0.0,0.0,0.0,0.0
2025/12/15,13:10:50,0,0.0,218.0,463.0,253.0,1.0,215.0,0.0,0.0,0.0,0.0,0.0,0.0
2025/12/15,13:10:55,0,0.0,207.0,462.0,253.0,0.0,214.0,0.0,0.0,0.0,0.0,0.0,0.0
2025/12/15,13:11:00,0,0.0,200.0,463.0,253.0,0.0,213.0,0.0,0.0,0.0,0.0,0.0,0.0
2025/12/15,13:11:05,0,0.0,196.0,461.0,251.0,22.0,214.0,4.0,4.0,0.0,0.0,0.0,0.0
2025/12/15,13:11:10,0,0.0,191.0,462.0,253.0,27.0,215.0,5.0,4.0,0.0,0.0,0.0,0.0
2025/12/15,13:11:15,0,0.0,216.0,463.0,252.0,0.0,214.0,0.0,0.0,0.0,0.0,0.0,0.0
2025/12/15,13:11:20,0,0.0,201.0,462.0,251.0,2.0,214.0,1.0,1.0,0.0,0.0,0.0,0.0
2025/12/15,13:11:25,0,0.0,198.0,462.0,253.0,27.0,214.0,4.0,4.0,0.0,0.0,0.0,0.0
2025/12/15,13:11:30,0,0.0,216.0,462.0,253.0,0.0,215.0,0.0,0.0,0.0,0.0,0.0,0.0
2025/12/15,13:11:35,0,0.0,197.0,462.0,253.0,23.0,215.0,5.0,4.0,0.0,0.0,0.0,0.0
2025/12/15,13:11:40,0,0.0,205.0,463.0,253.0,13.0,215.0,3.0,2.0,0.0,0.0,0.0,0.0
2025/12/15,13:11:45,0,0.0,204.0,463.0,253.0,0.0,216.0,0.0,1.0,0.0,0.0,0.0,0.0
2025/12/15,13:11:50,0,0.0,201.0,462.0,253.0,24.0,215.0,5.0,4.0,0.0,0.0,0.0,0.0
2025/12/15,13:11:55,0,0.0,210.0,461.0,253.0,3.0,215.0,1.0,1.0,0.0,0.0,0.0,0.0
2025/12/15,13:12:00,0,0.0,200.0,462.0,253.0,11.0,214.0,2.0,2.0,0.0,0.0,0.0,0.0
2025/12/15,13:12:05,0,0.0,194.0,462.0,252.0,21.0,214.0,5.0,4.0,0.0,0.0,0.0,0.0
2025/12/15,13:12:10,0,0.0,210.0,461.0,253.0,0.0,215.0,0.0,0.0,0.0,0.0,0.0,0.0
2025/12/15,13:12:15,0,0.0,198.0,461.0,253.0,23.0,213.0,4.0,4.0,0.0,0.0,0.0,0.0
2025/12/15,13:12:20,0,0.0,207.0,463.0,253.0,10.0,216.0,2.0,2.0,0.0,0.0,0.0,0.0
2025/12/15,13:12:25,0,0.0,200.0,463.0,253.0,10.0,215.0,2.0,2.0,0.0,0.0,0.0,0.0
2025/12/15,13:12:30,0,0.0,211.0,462.0,254.0,5.0,214.0,2.0,1.0,0.0,0.0,0.0,0.0
2025/12/15,13:12:35,0,0.0,201.0,462.0,252.0,24.0,214.0,5.0,3.0,0.0,0.0,0.0,0.0
2025/12/15,13:12:40,0,0.0,203.0,461.0,253.0,0.0,215.0,0.0,0.0,0.0,0.0,0.0,0.0
2025/12/15,13:12:45,0,0.0,201.0,462.0,253.0,16.0,216.0,3.0,3.0,0.0,0.0,0.0,0.0
2025/12/15,13:12:50,0,0.0,199.0,459.0,253.0,9.0,214.0,2.0,2.0,0.0,0.0,0.0,0.0
2025/12/15,13:12:55,0,0.0,206.0,463.0,253.0,6.0,214.0,3.0,2.0,0.0,0.0,0.0,0.0
2025/12/15,13:13:00,0,0.0,196.0,462.0,253.0,23.0,215.0,5.0,4.0,0.0,0.0,0.0,0.0
2025/12/15,13:13:05,0,0.0,209.0,463.0,253.0,0.0,215.0,1.0,0.0,0.0,0.0,0.0,0.0
2025/12/15,13:13:10,0,0.0,200.0,462.0,254.0,18.0,215.0,2.0,3.0,0.0,0.0,0.0,0.0
2025/12/15,13:13:15,0,0.0,202.0,462.0,253.0,26.0,215.0,5.0,4.0,0.0,0.0,0.0,0.0
2025/12/15,13:13:20,0,0.0,199.0,462.0,253.0,5.0,215.0,1.0,1.0,0.0,0.0,0.0,0.0
2025/12/15,13:13:25,0,0.0,212.0,463.0,254.0,0.0,215.0,0.0,0.0,0.0,0.0,0.0,0.0
2025/12/15,13:13:30,0,0.0,203.0,462.0,252.0,14.0,214.0,4.0,2.0,0.0,0.0,0.0,0.0
2025/12/15,13:13:35,0,0.0,201.0,462.0,253.0,24.0,215.0,5.0,4.0,0.0,0.0,0.0,0.0
2025/12/15,13:13:40,0,1.0,200.0,463.0,253.0,10.0,213.0,1.0,2.0,0.0,0.0,0.0,0.0
2025/12/15,13:13:45,0,0.0,204.0,462.0,252.0,0.0,215.0,0.0,0.0,0.0,0.0,0.0,0.0
2025/12/15,13:13:50,0,0.0,207.0,462.0,253.0,0.0,215.0,0.0,0.0,0.0,0.0,0.0,0.0
2025/12/15,13:13:55,0,0.0,204.0,463.0,252.0,1.0,216.0,0.0,0.0,0.0,0.0,0.0,0.0
2025/12/15,13:14:00,0,0.0,199.0,462.0,254.0,11.0,214.0,2.0,2.0,0.0,0.0,0.0,0.0
2025/12/15,13:14:05,0,0.0,196.0,462.0,253.0,21.0,215.0,4.0,3.0,-0.0008,0.0,0.0,0.0
2025/12/15,13:14:10,0,0.0,196.0,462.0,253.0,21.0,215.0,4.0,3.0,0.0,0.0,0.0,0.0
2025/12/15,13:14:15,0,0.0,200.0,461.0,253.0,3.0,215.0,1.0,1.0,0.0,0.0,0.0,0.0
2025/12/15,13:14:20,0,0.0,214.0,464.0,253.0,2.0,216.0,0.0,0.0,0.0,0.0,0.0,0.0
2025/12/15,13:14:25,0,0.0,199.0,461.0,251.0,25.0,215.0,5.0,4.0,0.0,0.0,0.0,0.0
2025/12/15,13:14:30,0,0.0,209.0,463.0,253.0,0.0,214.0,0.0,0.0,0.0,0.0,0.0,0.0
2025/12/15,13:14:35,0,0.0,194.0,462.0,252.0,25.0,214.0,5.0,4.0,0.0,0.0,0.0,0.0
2025/12/15,13:14:40,0,0.0,203.0,464.0,253.0,0.0,216.0,0.0,0.0,0.0,0.0,0.0,0.0
2025/12/15,13:14:45,0,1.0,197.0,462.0,253.0,23.0,214.0,4.0,4.0,0.0,0.0,0.0,0.0
2025/12/15,13:14:50,0,0.0,200.0,463.0,252.0,5.0,214.0,1.0,1.0,0.0,0.0,0.0,0.0
2025/12/15,13:14:55,0,0.0,205.0,462.0,251.0,14.0,214.0,2.0,2.0,0.0,0.0,0.0,0.0
2025/12/15,13:15:00,0,0.0,197.0,461.0,254.0,19.0,214.0,3.0,3.0,0.0,0.0,0.0,0.0
2025/12/15,13:15:05,0,0.0,209.0,463.0,253.0,2.0,214.0,1.0,0.0,0.0,0.0,0.0,0.0
2025/12/15,13:15:10,0,0.0,198.0,462.0,252.0,14.0,215.0,2.0,2.0,0.0,0.0,0.0,0.0
2025/12/15,13:15:15,0,0.0,198.0,462.0,253.0,21.0,216.0,4.0,3.0,0.0,0.0,0.0,0.0
2025/12/15,13:16:42,0,0.0,212.0,463.0,253.0,0.0,214.0,1.0,0.0,0.0,0.0,0.0,0.0
2025/12/15,13:16:47,0,0.0,206.0,464.0,252.0,0.0,215.0,0.0,0.0,0.0,0.0,0.0,0.0
2025/12/15,13:16:52,0,0.0,200.0,462.0,252.0,21.0,214.0,4.0,2.0,0.0,0.0,0.0,0.0
2025/12/15,13:16:57,0,0.0,202.0,463.0,252.0,0.0,214.0,0.0,0.0,0.0,0.0,0.0,0.0
2025/12/15,13:17:02,0,0.0,198.0,460.0,253.0,27.0,214.0,5.0,4.0,0.0,0.0,0.0,0.0
2025/12/15,13:17:07,0,0.0,216.0,462.0,253.0,0.0,216.0,0.0,0.0,0.0,0.0,0.0,0.0
2025/12/15,13:17:12,0,0.0,202.0,461.0,253.0,26.0,214.0,5.0,3.0,0.0,0.0,0.0,0.0
2025/12/15,13:17:17,0,0.0,214.0,462.0,253.0,0.0,215.0,0.0,0.0,0.0,0.0,0.0,0.0
2025/12/15,13:17:22,0,0.0,197.0,459.0,253.0,27.0,215.0,5.0,4.0,0.0,0.0,0.0,0.0
2025/12/15,13:17:27,0,0.0,214.0,463.0,252.0,0.0,214.0,0.0,0.0,0.0,0.0,0.0,0.0
2025/12/15,13:17:32,0,0.0,201.0,462.0,254.0,26.0,216.0,4.0,4.0,0.0,0.0,0.0,0.0
2025/12/15,13:17:37,0,0.0,213.0,463.0,251.0,0.0,215.0,1.0,0.0,0.0,0.0,0.0,0.0
2025/12/15,13:17:42,0,0.0,202.0,462.0,253.0,24.0,216.0,4.0,4.0,0.0,0.0,0.0,0.0
2025/12/15,13:17:47,0,0.0,208.0,462.0,252.0,2.0,215.0,1.0,1.0,0.0,0.0,0.0,0.0
2025/12/15,13:17:52,0,0.0,198.0,460.0,253.0,10.0,215.0,1.0,1.0,0.0,0.0,0.0,0.0
2025/12/15,13:17:57,0,0.0,192.0,461.0,253.0,27.0,215.0,5.0,4.0,0.0,0.0,0.0,0.0
2025/12/15,13:18:02,0,0.0,204.0,460.0,253.0,0.0,216.0,0.0,1.0,0.0,0.0,0.0,0.0
2025/12/15,13:18:07,0,0.0,194.0,459.0,253.0,27.0,215.0,5.0,4.0,0.0,0.0,0.0,0.0
2025/12/15,13:18:12,0,0.0,206.0,463.0,253.0,0.0,216.0,0.0,0.0,0.0,0.0,0.0,0.0
2025/12/15,13:18:17,0,0.0,194.0,462.0,253.0,25.0,215.0,4.0,4.0,0.0,0.0,0.0,0.0
2025/12/15,13:18:22,0,0.0,206.0,464.0,252.0,0.0,215.0,0.0,0.0,0.0,0.0,0.0,0.0
2025/12/15,13:18:27,0,0.0,194.0,462.0,252.0,23.0,215.0,4.0,5.0,0.0,0.0,0.0,0.0
2025/12/15,13:18:32,0,0.0,196.0,462.0,253.0,22.0,216.0,4.0,4.0,0.0,0.0,0.0,0.0
2025/12/15,13:18:37,0,0.0,211.0,462.0,252.0,0.0,215.0,0.0,0.0,0.0,0.0,0.0,0.0
2025/12/15,13:18:42,0,0.0,196.0,462.0,253.0,27.0,215.0,5.0,4.0,0.0,0.0,0.0,0.0
2025/12/15,13:18:47,0,0.0,198.0,461.0,252.0,18.0,215.0,3.0,3.0,0.0,0.0,0.0,0.0
2025/12/15,13:18:52,0,0.0,206.0,460.0,252.0,6.0,215.0,2.0,2.0,0.0,0.0,0.0,0.0
2025/12/15,13:18:57,0,0.0,199.0,463.0,253.0,7.0,216.0,1.0,1.0,0.0,0.0,0.0,0.0
2025/12/15,13:19:02,0,0.0,194.0,461.0,253.0,25.0,215.0,4.0,4.0,0.0,0.0,0.0,0.0
2025/12/15,13:19:07,0,0.0,200.0,461.0,253.0,1.0,213.0,0.0,0.0,0.0,0.0,0.0,0.0
2025/12/15,13:19:12,0,0.0,208.0,462.0,252.0,7.0,214.0,3.0,1.0,0.0,0.0,0.0,0.0
2025/12/15,13:19:17,0,0.0,200.0,462.0,253.0,25.0,216.0,5.0,4.0,0.0,0.0,0.0,0.0
2025/12/15,13:19:22,0,0.0,204.0,462.0,253.0,0.0,216.0,0.0,0.0,0.0,0.0,0.0,0.0
2025/12/15,13:19:27,0,0.0,200.0,462.0,252.0,15.0,215.0,3.0,3.0,0.0,0.0,0.0,0.0
2025/12/15,13:19:32,0,0.0,196.0,459.0,253.0,23.0,215.0,5.0,4.0,0.0,0.0,0.0,0.0
2025/12/15,13:19:37,0,0.0,209.0,460.0,253.0,0.0,216.0,0.0,0.0,0.0,0.0,0.0,0.0
2025/12/15,13:19:42,0,0.0,210.0,463.0,253.0,0.0,214.0,1.0,0.0,0.0,0.0,0.0,0.0
2025/12/15,13:19:47,0,0.0,197.0,462.0,253.0,12.0,215.0,2.0,2.0,0.0,0.0,0.0,0.0
2025/12/15,13:19:52,0,0.0,196.0,461.0,253.0,26.0,215.0,5.0,3.0,0.0,0.0,0.0,0.0
2025/12/15,13:19:57,0,0.0,204.0,461.0,253.0,13.0,214.0,3.0,2.0,0.0,0.0,0.0,0.0
2025/12/15,13:20:02,0,0.0,213.0,462.0,252.0,0.0,216.0,1.0,1.0,0.0,0.0,0.0,0.0
2025/12/15,13:20:07,0,0.0,217.0,462.0,252.0,0.0,215.0,0.0,0.0,0.0,0.0,0.0,0.0
2025/12/15,13:20:12,0,0.0,214.0,462.0,252.0,0.0,215.0,0.0,0.0,0.0,0.0,0.0,0.0
2025/12/15,13:20:17,0,0.0,212.0,462.0,253.0,1.0,216.0,0.0,0.0,0.0,0.0,0.0,0.0
2025/12/15,13:20:22,0,0.0,192.0,461.0,252.0,25.0,214.0,5.0,4.0,0.0,0.0,0.0,0.0
2025/12/15,13:20:27,0,0.0,197.0,461.0,252.0,19.0,215.0,4.0,3.0,0.0,0.0,0.0,0.0
2025/12/15,13:20:32,0,0.0,215.0,461.0,252.0,0.0,215.0,0.0,0.0,0.0,0.0,0.0,0.0
2025/12/15,13:20:37,0,0.0,198.0,462.0,253.0,17.0,215.0,3.0,3.0,0.0,0.0,0.0,0.0
2025/12/15,13:20:42,0,0.0,192.0,460.0,252.0,25.0,215.0,5.0,3.0,0.0,0.0,0.0,0.0
2025/12/15,13:20:47,0,0.0,213.0,462.0,253.0,0.0,215.0,1.0,0.0,0.0,0.0,0.0,0.0
2025/12/15,13:20:52,0,0.0,198.0,462.0,253.0,25.0,216.0,4.0,4.0,0.0,0.0,0.0,0.0
2025/12/15,13:20:57,0,0.0,206.0,462.0,253.0,0.0,216.0,0.0,0.0,0.0,0.0,0.0,0.0
2025/12/15,13:21:02,0,0.0,195.0,461.0,252.0,25.0,215.0,5.0,4.0,0.0,0.0,0.0,0.0
2025/12/15,13:21:07,0,0.0,210.0,462.0,253.0,0.0,214.0,1.0,0.0,0.0,0.0,0.0,0.0
2025/12/15,13:21:12,0,0.0,198.0,459.0,252.0,26.0,215.0,4.0,4.0,0.0,0.0,0.0,0.0
2025/12/15,13:21:17,0,0.0,208.0,462.0,253.0,0.0,216.0,0.0,0.0,0.0,0.0,0.0,0.0
2025/12/15,13:21:22,0,0.0,191.0,458.0,253.0,30.0,216.0,5.0,4.0,0.0,0.0,0.0,0.0
2025/12/15,13:21:27,0,0.0,202.0,462.0,253.0,0.0,215.0,0.0,0.0,0.0,0.0,0.0,0.0
2025/12/15,13:21:32,0,0.0,194.0,460.0,251.0,26.0,214.0,5.0,4.0,0.0,0.0,0.0,0.0
2025/12/15,13:21:37,0,0.0,217.0,462.0,253.0,0.0,216.0,0.0,0.0,0.0,0.0,0.0,0.0
2025/12/15,13:21:42,0,0.0,197.0,461.0,252.0,15.0,215.0,3.0,2.0,0.0,0.0,0.0,0.0
2025/12/15,13:21:47,0,0.0,192.0,461.0,253.0,23.0,215.0,5.0,4.0,0.0,0.0,0.0,0.0
2025/12/15,13:21:52,0,0.0,212.0,462.0,251.0,0.0,216.0,1.0,0.0,0.0,0.0,0.0,0.0
2025/12/15,13:21:57,0,0.0,197.0,461.0,251.0,26.0,214.0,4.0,3.0,0.0,0.0,0.0,0.0
2025/12/15,13:22:02,0,0.0,211.0,462.0,253.0,1.0,214.0,1.0,1.0,0.0,0.0,0.0,0.0
2025/12/15,13:22:07,0,0.0,198.0,462.0,253.0,12.0,215.0,1.0,2.0,0.0,0.0,0.0,0.0
2025/12/15,13:22:12,0,0.0,200.0,462.0,252.0,15.0,216.0,2.0,3.0,0.0,0.0,0.0,0.0
2025/12/15,13:22:17,0,1.0,198.0,462.0,253.0,13.0,214.0,2.0,2.0,0.0,0.0,0.0,0.0
2025/12/15,13:22:22,0,1.0,210.0,462.0,252.0,3.0,217.0,1.0,1.0,0.0,0.0,0.0,0.0
2025/12/15,13:22:27,0,0.0,198.0,461.0,253.0,27.0,215.0,4.0,4.0,0.0,0.0,0.0,0.0
2025/12/15,13:22:32,0,0.0,203.0,462.0,253.0,1.0,215.0,0.0,1.0,0.0,0.0,0.0,0.0
2025/12/15,13:22:37,0,0.0,204.0,463.0,251.0,11.0,214.0,3.0,3.0,0.0,0.0,0.0,0.0
2025/12/15,13:22:42,0,0.0,195.0,461.0,254.0,21.0,215.0,4.0,4.0,0.0,0.0,0.0,0.0
2025/12/15,13:22:47,0,0.0,218.0,459.0,253.0,0.0,215.0,1.0,0.0,0.0,0.0,0.0,0.0
2025/12/15,13:22:52,0,0.0,197.0,459.0,253.0,26.0,215.0,4.0,4.0,0.0,0.0,0.0,0.0
2025/12/15,13:22:57,0,0.0,201.0,461.0,251.0,0.0,216.0,0.0,0.0,0.0,0.0,0.0,0.0
2025/12/15,13:23:02,0,0.0,210.0,462.0,250.0,1.0,216.0,1.0,0.0,0.0,0.0,0.0,0.0
2025/12/15,13:23:07,0,0.0,202.0,462.0,253.0,25.0,215.0,4.0,4.0,0.0,0.0,0.0,0.0
2025/12/15,13:23:12,0,0.0,209.0,463.0,252.0,0.0,215.0,0.0,0.0,0.0,0.0,0.0,0.0
2025/12/15,13:23:17,0,0.0,196.0,461.0,251.0,25.0,215.0,4.0,4.0,0.0,0.0,0.0,0.0
2025/12/15,13:23:22,0,0.0,208.0,461.0,253.0,0.0,215.0,0.0,0.0,0.0,0.0,0.0,0.0
2025/12/15,13:23:27,0,0.0,190.0,459.0,253.0,26.0,216.0,5.0,5.0,0.0,0.0,0.0,0.0
2025/12/15,13:23:32,0,0.0,199.0,461.0,251.0,10.0,215.0,3.0,1.0,0.0,0.0,0.0,0.0
2025/12/15,13:23:37,0,0.0,204.0,462.0,251.0,0.0,215.0,1.0,0.0,0.0,0.0,0.0,0.0
2025/12/15,13:23:42,0,0.0,201.0,462.0,253.0,0.0,216.0,0.0,0.0,0.0,0.0,0.0,0.0
2025/12/15,13:23:47,0,0.0,199.0,461.0,253.0,12.0,215.0,2.0,2.0,0.0,0.0,0.0,0.0
2025/12/15,13:23:52,0,0.0,195.0,461.0,253.0,24.0,216.0,5.0,3.0,0.0,0.0,0.0,0.0
2025/12/15,13:23:57,0,0.0,203.0,461.0,253.0,25.0,216.0,4.0,4.0,0.0,0.0,0.0,0.0
2025/12/15,13:24:02,0,0.0,197.0,461.0,252.0,25.0,214.0,5.0,4.0,0.0,0.0,0.0,0.0
2025/12/15,13:24:07,0,0.0,198.0,462.0,251.0,14.0,216.0,3.0,3.0,0.0,0.0,0.0,0.0
2025/12/15,13:24:12,0,1.0,194.0,459.0,253.0,21.0,216.0,6.0,4.0,0.0,0.0,0.0,0.0
2025/12/15,13:24:17,0,0.0,207.0,462.0,251.0,5.0,214.0,2.0,2.0,0.0,0.0,0.0,0.0
2025/12/15,13:24:22,0,0.0,217.0,461.0,253.0,0.0,216.0,0.0,0.0,0.0,0.0,0.0,0.0
2025/12/15,13:24:27,0,0.0,208.0,462.0,253.0,0.0,216.0,0.0,0.0,0.0,0.0,0.0,0.0
2025/12/15,13:24:32,0,0.0,198.0,460.0,251.0,9.0,215.0,2.0,2.0,0.0,0.0,0.0,0.0
2025/12/15,13:24:37,0,0.0,203.0,461.0,251.0,25.0,215.0,5.0,4.0,0.0,0.0,0.0,0.0
2025/12/15,13:24:42,0,1.0,191.0,461.0,253.0,24.0,216.0,6.0,4.0,0.0,0.0,0.0,0.0
2025/12/15,13:24:47,0,0.0,212.0,461.0,252.0,2.0,215.0,2.0,0.0,0.0,0.0,0.0,0.0
2025/12/15,13:24:52,0,0.0,205.0,463.0,253.0,0.0,215.0,0.0,0.0,0.0,0.0,0.0,0.0
2025/12/15,13:24:57,0,0.0,203.0,462.0,253.0,24.0,215.0,5.0,3.0,0.0,0.0,0.0,0.0
2025/12/15,13:25:02,0,0.0,206.0,462.0,253.0,13.0,215.0,3.0,2.0,0.0,0.0,0.0,0.0
2025/12/15,13:25:07,0,0.0,206.0,463.0,253.0,0.0,214.0,0.0,0.0,0.0,0.0,0.0,0.0
2025/12/15,13:25:12,0,0.0,204.0,461.0,252.0,25.0,215.0,5.0,3.0,0.0,0.0,0.0,0.0
2025/12/15,13:25:17,0,0.0,206.0,461.0,253.0,6.0,215.0,2.0,2.0,0.0,0.0,0.0,0.0
2025/12/15,13:25:22,0,0.0,201.0,462.0,251.0,1.0,217.0,0.0,0.0,0.0,0.0,0.0,0.0
2025/12/15,13:26:06,0,0.0,205.0,461.0,252.0,32.0,216.0,6.0,5.0,0.0,0.0,0.0,0.0
2025/12/15,13:26:08,0,0.0,205.0,461.0,253.0,0.0,216.0,0.0,0.0,0.0,0.0,0.0,0.0
2025/12/15,13:26:13,0,0.0,211.0,462.0,253.0,1.0,216.0,1.0,0.0,0.0,0.0,0.0,0.0
2025/12/15,13:26:18,0,0.0,196.0,461.0,253.0,25.0,216.0,4.0,4.0,0.0,0.0,0.0,0.0
2025/12/15,13:26:23,0,0.0,203.0,459.0,253.0,0.0,216.0,0.0,0.0,0.0,0.0,0.0,0.0
2025/12/15,13:26:28,0,0.0,196.0,461.0,253.0,22.0,215.0,4.0,3.0,0.0,0.0,0.0,0.0
2025/12/15,13:26:33,0,0.0,196.0,462.0,252.0,20.0,216.0,3.0,4.0,0.0,0.0,0.0,0.0
2025/12/15,13:26:38,0,0.0,215.0,460.0,253.0,0.0,216.0,0.0,1.0,0.0,0.0,0.0,0.0
2025/12/15,13:26:43,0,0.0,202.0,462.0,251.0,12.0,215.0,3.0,3.0,0.0,0.0,0.0,0.0
2025/12/15,13:26:48,0,0.0,191.0,461.0,253.0,26.0,215.0,5.0,4.0,0.0,0.0,0.0,0.0
2025/12/15,13:26:53,0,1.0,207.0,462.0,253.0,9.0,215.0,2.0,2.0,0.0,0.0,0.0,0.0
2025/12/15,13:26:58,0,0.0,209.0,462.0,253.0,0.0,215.0,1.0,0.0,0.0,0.0,0.0,0.0
2025/12/15,13:27:03,0,0.0,197.0,461.0,253.0,22.0,216.0,3.0,3.0,0.0,0.0,0.0,0.0
2025/12/15,13:27:08,0,0.0,193.0,462.0,253.0,26.0,216.0,4.0,4.0,0.0,0.0,0.0,0.0
2025/12/15,13:27:13,0,0.0,212.0,463.0,253.0,0.0,214.0,0.0,0.0,0.0,0.0,0.0,0.0
2025/12/15,13:27:18,0,0.0,199.0,462.0,253.0,1.0,215.0,0.0,0.0,0.0,0.0,0.0,0.0
2025/12/15,13:27:23,0,0.0,201.0,458.0,253.0,25.0,216.0,4.0,4.0,0.0,0.0,0.0,0.0
2025/12/15,13:27:28,0,0.0,192.0,461.0,252.0,26.0,215.0,5.0,4.0,0.0,0.0,0.0,0.0
2025/12/15,13:27:33,0,0.0,210.0,462.0,253.0,2.0,216.0,1.0,1.0,0.0,0.0,0.0,0.0
2025/12/15,13:27:38,0,0.0,209.0,463.0,253.0,0.0,215.0,0.0,0.0,0.0,0.0,0.0,0.0
2025/12/15,13:27:43,0,1.0,200.0,462.0,251.0,11.0,217.0,2.0,2.0,0.0,0.0,0.0,0.0
2025/12/15,13:27:48,0,0.0,202.0,461.0,252.0,24.0,215.0,5.0,4.0,0.0,0.0,0.0,0.0
2025/12/15,13:27:53,0,0.0,195.0,462.0,253.0,26.0,214.0,5.0,4.0,0.0,0.0,0.0,0.0
2025/12/15,13:27:58,0,0.0,192.0,461.0,253.0,24.0,215.0,5.0,4.0,0.0,0.0,0.0,0.0
2025/12/15,13:28:03,0,0.0,191.0,461.0,253.0,25.0,215.0,5.0,4.0,0.0,0.0,0.0,0.0
2025/12/15,13:28:08,0,0.0,196.0,461.0,253.0,26.0,214.0,5.0,4.0,0.0,0.0,0.0,0.0
2025/12/15,13:28:13,0,0.0,195.0,461.0,253.0,14.0,215.0,3.0,3.0,0.0,0.0,0.0,0.0
2025/12/15,13:28:18,0,0.0,217.0,460.0,253.0,0.0,216.0,0.0,0.0,0.0,0.0,0.0,0.0
2025/12/15,13:28:23,0,0.0,194.0,462.0,253.0,27.0,216.0,5.0,4.0,0.0,0.0,0.0,0.0
2025/12/15,13:28:28,0,5.0,200.0,462.0,252.0,2.0,216.0,1.0,1.0,0.0,0.0,0.0,0.0
2025/12/15,13:28:33,0,0.0,204.0,461.0,253.0,10.0,215.0,2.0,2.0,0.0,0.0,0.0,0.0
2025/12/15,13:28:38,0,0.0,196.0,461.0,253.0,21.0,215.0,4.0,3.0,0.0,0.0,0.0,0.0
2025/12/15,13:28:43,0,0.0,212.0,462.0,253.0,0.0,216.0,0.0,0.0,0.0,0.0,0.0,0.0
2025/12/15,13:28:48,0,1.0,200.0,460.0,251.0,24.0,215.0,5.0,4.0,0.0,0.0,0.0,0.0
2025/12/15,13:28:53,0,0.0,209.0,460.0,252.0,0.0,216.0,0.0,0.0,0.0,0.0,0.0,0.0
2025/12/15,13:28:58,0,0.0,199.0,461.0,253.0,16.0,215.0,3.0,3.0,0.0,0.0,0.0,0.0
2025/12/15,13:29:03,0,0.0,199.0,461.0,252.0,27.0,215.0,5.0,4.0,0.0,0.0,0.0,0.0
2025/12/15,13:29:08,0,0.0,201.0,462.0,252.0,6.0,216.0,0.0,1.0,0.0,0.0,0.0,0.0
2025/12/15,13:29:13,0,0.0,217.0,462.0,253.0,0.0,216.0,1.0,0.0,0.0,0.0,0.0,0.0
2025/12/15,13:29:18,0,0.0,194.0,462.0,253.0,26.0,216.0,4.0,4.0,0.0,0.0,0.0,0.0
2025/12/15,13:29:23,0,0.0,202.0,462.0,253.0,0.0,215.0,1.0,0.0,0.0,0.0,0.0,0.0
2025/12/15,13:29:28,0,1.0,198.0,461.0,253.0,22.0,215.0,4.0,3.0,0.0,0.0,0.0,0.0
2025/12/15,13:29:33,0,0.0,200.0,462.0,253.0,8.0,215.0,2.0,2.0,0.0,0.0,0.0,0.0
2025/12/15,13:29:38,0,0.0,203.0,461.0,253.0,12.0,216.0,2.0,3.0,0.0,0.0,0.0,0.0
2025/12/15,13:29:43,0,0.0,197.0,462.0,253.0,16.0,216.0,3.0,3.0,0.0,0.0,0.0,0.0
2025/12/15,13:29:48,0,0.0,210.0,462.0,252.0,4.0,214.0,1.0,1.0,0.0,0.0,0.0,0.0
2025/12/15,13:29:53,0,0.0,195.0,461.0,253.0,27.0,215.0,4.0,4.0,0.0,0.0,0.0,0.0
2025/12/15,13:29:58,0,0.0,210.0,462.0,252.0,2.0,216.0,0.0,0.0,0.0,0.0,0.0,0.0
2025/12/15,13:30:03,0,1.0,199.0,462.0,253.0,1.0,216.0,0.0,0.0,0.0,0.0,0.0,0.0
2025/12/15,13:30:08,0,0.0,193.0,458.0,253.0,27.0,213.0,5.0,4.0,0.0,0.0,0.0,0.0
2025/12/15,13:30:13,0,0.0,196.0,461.0,252.0,14.0,216.0,2.0,3.0,0.0,0.0,0.0,0.0
2025/12/15,13:30:18,0,0.0,198.0,461.0,253.0,1.0,215.0,0.0,1.0,0.0,0.0,0.0,0.0
2025/12/15,13:30:23,0,0.0,200.0,461.0,252.0,0.0,215.0,0.0,1.0,0.0,0.0,0.0,0.0
2025/12/15,13:30:28,0,0.0,200.0,459.0,253.0,3.0,216.0,0.0,1.0,0.0,0.0,0.0,0.0
2025/12/15,13:30:33,0,0.0,201.0,462.0,253.0,0.0,216.0,0.0,0.0,0.0,0.0,0.0,0.0
2025/12/15,13:30:38,0,0.0,210.0,462.0,253.0,2.0,216.0,0.0,0.0,0.0,0.0,0.0,0.0
2025/12/15,13:30:43,0,0.0,196.0,459.0,253.0,21.0,215.0,4.0,3.0,0.0,0.0,0.0,0.0
2025/12/15,13:30:48,0,0.0,200.0,461.0,252.0,15.0,215.0,4.0,3.0,0.0,0.0,0.0,0.0
2025/12/15,13:30:53,0,0.0,200.0,462.0,253.0,3.0,216.0,1.0,1.0,0.0,0.0,0.0,0.0
2025/12/15,13:30:58,0,0.0,205.0,461.0,252.0,11.0,215.0,2.0,1.0,0.0,0.0,0.0,0.0
2025/12/15,13:31:03,0,0.0,194.0,461.0,253.0,26.0,216.0,4.0,4.0,0.0,0.0,0.0,0.0
2025/12/15,13:31:08,0,0.0,211.0,461.0,253.0,0.0,216.0,0.0,0.0,0.0,0.0,0.0,0.0
2025/12/15,13:31:13,0,0.0,200.0,461.0,252.0,16.0,215.0,4.0,3.0,0.0,0.0,0.0,0.0
2025/12/15,13:31:18,0,0.0,200.0,461.0,253.0,24.0,215.0,5.0,4.0,0.0,0.0,0.0,0.0
2025/12/15,13:31:23,0,0.0,200.0,463.0,252.0,0.0,214.0,0.0,0.0,0.0,0.0,0.0,0.0
2025/12/15,13:31:28,0,0.0,221.0,462.0,252.0,1.0,216.0,1.0,0.0,0.0,0.0,0.0,0.0
2025/12/15,13:31:33,0,0.0,191.0,461.0,252.0,24.0,215.0,5.0,4.0,0.0,0.0,0.0,0.0
2025/12/15,13:31:38,0,0.0,199.0,460.0,253.0,25.0,215.0,5.0,3.0,0.0,0.0,0.0,0.0
2025/12/15,13:31:43,0,0.0,202.0,459.0,253.0,0.0,215.0,0.0,0.0,0.0,0.0,0.0,0.0
2025/12/15,13:31:48,0,0.0,207.0,461.0,253.0,6.0,216.0,3.0,2.0,0.0,0.0,0.0,0.0
2025/12/15,13:31:53,0,0.0,202.0,460.0,252.0,24.0,215.0,5.0,4.0,0.0,0.0,0.0,0.0
2025/12/15,13:31:58,0,0.0,202.0,462.0,253.0,1.0,216.0,0.0,0.0,0.0,0.0,0.0,0.0
2025/12/15,13:32:03,0,0.0,210.0,461.0,253.0,2.0,214.0,1.0,0.0,0.0,0.0,0.0,0.0
2025/12/15,13:32:08,0,0.0,195.0,460.0,252.0,26.0,215.0,5.0,4.0,0.0,0.0,0.0,0.0
2025/12/15,13:32:13,0,0.0,197.0,460.0,253.0,19.0,215.0,3.0,3.0,0.0,0.0,0.0,0.0
2025/12/15,13:32:18,0,0.0,211.0,462.0,253.0,0.0,215.0,0.0,0.0,0.0,0.0,0.0,0.0
2025/12/15,13:32:23,0,0.0,205.0,461.0,253.0,13.0,216.0,3.0,3.0,0.0,0.0,0.0,0.0
2025/12/15,13:32:28,0,0.0,196.0,458.0,253.0,28.0,215.0,5.0,4.0,0.0,0.0,0.0,0.0
2025/12/15,13:32:33,0,0.0,199.0,461.0,252.0,15.0,215.0,3.0,2.0,0.0,0.0,0.0,0.0
2025/12/15,13:32:38,0,0.0,206.0,459.0,252.0,0.0,215.0,0.0,0.0,0.0,0.0,0.0,0.0
2025/12/15,13:32:43,0,0.0,209.0,461.0,252.0,3.0,214.0,1.0,1.0,0.0,0.0,0.0,0.0
2025/12/15,13:32:48,0,0.0,193.0,460.0,253.0,27.0,215.0,5.0,4.0,0.0,0.0,0.0,0.0
2025/12/15,13:32:53,0,0.0,196.0,461.0,253.0,23.0,216.0,4.0,4.0,0.0,0.0,0.0,0.0
2025/12/15,13:32:58,0,0.0,204.0,462.0,253.0,0.0,216.0,0.0,1.0,0.0,0.0,0.0,0.0
2025/12/15,13:33:03,0,0.0,211.0,460.0,253.0,3.0,215.0,1.0,1.0,0.0,0.0,0.0,0.0
2025/12/15,13:33:08,0,0.0,191.0,461.0,252.0,27.0,214.0,6.0,4.0,0.0,0.0,0.0,0.0
2025/12/15,13:33:13,0,0.0,201.0,460.0,253.0,24.0,214.0,5.0,4.0,0.0,0.0,0.0,0.0
2025/12/15,13:33:18,0,0.0,201.0,462.0,253.0,2.0,215.0,1.0,1.0,0.0,0.0,0.0,0.0
2025/12/15,13:33:23,0,0.0,216.0,462.0,253.0,0.0,213.0,0.0,0.0,0.0,0.0,0.0,0.0
2025/12/15,13:33:28,0,0.0,195.0,461.0,253.0,26.0,214.0,5.0,4.0,0.0,0.0,0.0,0.0
2025/12/15,13:33:33,0,0.0,200.0,459.0,253.0,11.0,216.0,3.0,3.0,0.0,0.0,0.0,0.0
2025/12/15,13:33:38,0,0.0,218.0,462.0,253.0,0.0,215.0,0.0,0.0,0.0,0.0,0.0,0.0
2025/12/15,13:33:43,0,0.0,194.0,462.0,253.0,25.0,216.0,4.0,4.0,0.0,0.0,0.0,0.0
2025/12/15,13:33:48,0,0.0,198.0,461.0,252.0,17.0,215.0,3.0,3.0,0.0,0.0,0.0,0.0
2025/12/15,13:33:53,0,0.0,211.0,462.0,253.0,0.0,216.0,0.0,0.0,0.0,0.0,0.0,0.0
2025/12/15,13:33:58,0,0.0,191.0,461.0,253.0,23.0,216.0,4.0,4.0,0.0,0.0,0.0,0.0
2025/12/15,13:34:03,0,0.0,196.0,461.0,253.0,18.0,214.0,3.0,3.0,0.0,0.0,0.0,0.0
2025/12/15,13:34:08,0,0.0,214.0,462.0,252.0,0.0,215.0,1.0,0.0,0.0,0.0,0.0,0.0
2025/12/15,13:34:13,0,0.0,201.0,461.0,253.0,26.0,216.0,4.0,4.0,0.0,0.0,0.0,0.0
2025/12/15,13:34:18,0,0.0,210.0,462.0,253.0,0.0,216.0,0.0,0.0,0.0,0.0,0.0,0.0
2025/12/15,13:34:23,0,0.0,193.0,458.0,253.0,26.0,215.0,5.0,4.0,0.0,0.0,0.0,0.0
2025/12/15,13:34:28,0,0.0,199.0,461.0,252.0,5.0,214.0,0.0,1.0,0.0,0.0,0.0,0.0
2025/12/15,13:34:33,0,0.0,206.0,462.0,253.0,8.0,214.0,2.0,2.0,0.0,0.0,0.0,0.0
2025/12/15,13:34:38,0,0.0,199.0,462.0,253.0,25.0,216.0,4.0,4.0,0.0,0.0,0.0,0.0
2025/12/15,13:34:43,0,0.0,212.0,461.0,254.0,0.0,214.0,1.0,0.0,0.0,0.0,0.0,0.0
2025/12/15,13:34:48,0,0.0,193.0,457.0,253.0,29.0,215.0,5.0,4.0,0.0,0.0,0.0,0.0
2025/12/15,13:34:53,0,0.0,199.0,461.0,253.0,17.0,216.0,3.0,3.0,0.0,0.0,0.0,0.0
2025/12/15,13:34:58,0,0.0,217.0,463.0,251.0,0.0,216.0,0.0,0.0,0.0,0.0,0.0,0.0
2025/12/15,13:35:03,0,0.0,191.0,461.0,253.0,27.0,216.0,4.0,5.0,0.0,0.0,0.0,0.0
2025/12/15,13:35:08,0,0.0,201.0,459.0,253.0,25.0,216.0,5.0,4.0,0.0,0.0,0.0,0.0
2025/12/15,13:35:13,0,0.0,198.0,462.0,253.0,15.0,216.0,3.0,3.0,0.0,0.0,0.0,0.0
2025/12/15,13:35:18,0,0.0,200.0,462.0,253.0,0.0,216.0,0.0,1.0,0.0,0.0,0.0,0.0
2025/12/15,13:35:23,0,0.0,204.0,462.0,253.0,0.0,215.0,1.0,1.0,0.0,0.0,0.0,0.0
2025/12/15,13:35:28,0,0.0,214.0,462.0,253.0,0.0,215.0,0.0,0.0,0.0,0.0,0.0,0.0
2025/12/15,13:35:33,0,0.0,202.0,461.0,253.0,19.0,216.0,3.0,3.0,0.0,0.0,0.0,0.0
2025/12/15,13:36:03,0,0.0,202.0,461.0,254.0,7.0,215.0,2.0,1.0,0.0,0.0,0.0,0.0
2025/12/15,13:36:08,0,0.0,196.0,461.0,253.0,28.0,215.0,5.0,4.0,0.0,0.0,0.0,0.0
2025/12/15,13:36:13,0,0.0,206.0,462.0,253.0,0.0,215.0,0.0,0.0,0.0,0.0,0.0,0.0
2025/12/15,13:36:18,0,0.0,192.0,461.0,253.0,25.0,216.0,5.0,4.0,0.0,0.0,0.0,0.0
2025/12/15,13:36:23,0,0.0,199.0,460.0,252.0,2.0,215.0,1.0,1.0,0.0,0.0,0.0,0.0
2025/12/15,13:36:28,0,0.0,193.0,461.0,253.0,29.0,217.0,4.0,4.0,0.0,0.0,0.0,0.0
2025/12/15,13:36:33,0,0.0,211.0,462.0,253.0,0.0,214.0,1.0,0.0,0.0,0.0,0.0,0.0
2025/12/15,13:36:38,0,0.0,198.0,460.0,252.0,20.0,215.0,3.0,3.0,0.0,0.0,0.0,0.0
2025/12/15,13:36:43,0,0.0,202.0,461.0,253.0,13.0,215.0,3.0,2.0,0.0,0.0,0.0,0.0
2025/12/15,13:36:48,0,0.0,199.0,461.0,253.0,14.0,216.0,2.0,2.0,0.0,0.0,0.0,0.0
2025/12/15,13:36:53,0,0.0,199.0,461.0,253.0,16.0,216.0,3.0,3.0,0.0,0.0,0.0,0.0
2025/12/15,13:36:58,0,0.0,202.0,460.0,253.0,0.0,215.0,0.0,1.0,0.0,0.0,0.0,0.0
2025/12/15,13:37:03,0,0.0,198.0,460.0,253.0,24.0,214.0,5.0,4.0,0.0,0.0,0.0,0.0
2025/12/15,13:37:08,0,0.0,191.0,460.0,252.0,25.0,214.0,5.0,4.0,-0.0008,0.0,0.0,0.0
2025/12/15,13:37:13,0,0.0,210.0,460.0,254.0,2.0,215.0,2.0,1.0,0.0,0.0,0.0,0.0
2025/12/15,13:37:18,0,0.0,205.0,462.0,253.0,0.0,214.0,0.0,0.0,0.0,0.0,0.0,0.0
2025/12/15,13:37:23,0,0.0,198.0,460.0,253.0,15.0,215.0,3.0,2.0,0.0,0.0,0.0,0.0
2025/12/15,13:37:28,0,0.0,198.0,461.0,253.0,25.0,215.0,4.0,4.0,0.0,0.0,0.0,0.0
2025/12/15,13:37:33,0,0.0,207.0,461.0,253.0,12.0,216.0,2.0,2.0,0.0,0.0,0.0,0.0
2025/12/15,13:37:38,0,1.0,209.0,462.0,254.0,0.0,214.0,0.0,0.0,0.0,0.0,0.0,0.0
2025/12/15,13:37:43,0,0.0,202.0,462.0,253.0,0.0,214.0,0.0,0.0,0.0,0.0,0.0,0.0
2025/12/15,13:37:48,0,0.0,200.0,462.0,253.0,7.0,215.0,1.0,2.0,0.0,0.0,0.0,0.0
2025/12/15,13:37:53,0,0.0,200.0,461.0,254.0,26.0,216.0,5.0,4.0,0.0,0.0,0.0,0.0
2025/12/15,13:37:58,0,0.0,196.0,460.0,253.0,22.0,216.0,4.0,4.0,0.0,0.0,0.0,0.0
2025/12/15,13:38:03,0,0.0,217.0,461.0,252.0,0.0,215.0,0.0,0.0,0.0,0.0,0.0,0.0
2025/12/15,13:38:08,0,0.0,202.0,461.0,253.0,2.0,216.0,0.0,0.0,0.0,0.0,0.0,0.0
2025/12/15,13:38:13,0,0.0,200.0,458.0,253.0,24.0,214.0,5.0,4.0,0.0,0.0,0.0,0.0
2025/12/15,13:38:18,0,0.0,205.0,459.0,253.0,11.0,215.0,4.0,2.0,0.0,0.0,0.0,0.0
2025/12/15,13:38:23,0,0.0,202.0,460.0,252.0,0.0,215.0,0.0,0.0,0.0,0.0,0.0,0.0
2025/12/15,13:38:28,0,0.0,199.0,460.0,253.0,26.0,215.0,5.0,4.0,0.0,0.0,0.0,0.0
2025/12/15,13:38:33,0,0.0,200.0,461.0,253.0,21.0,216.0,4.0,3.0,0.0,0.0,0.0,0.0
2025/12/15,13:38:38,0,0.0,218.0,462.0,253.0,1.0,215.0,0.0,0.0,0.0,0.0,0.0,0.0
2025/12/15,13:38:43,0,0.0,199.0,460.0,253.0,4.0,214.0,1.0,1.0,0.0,0.0,0.0,0.0
2025/12/15,13:38:48,0,0.0,197.0,460.0,253.0,27.0,215.0,4.0,4.0,0.0,0.0,0.0,0.0
2025/12/15,13:38:53,0,0.0,207.0,460.0,252.0,11.0,215.0,3.0,2.0,0.0,0.0,0.0,0.0
2025/12/15,13:38:58,0,0.0,212.0,462.0,253.0,0.0,214.0,0.0,0.0,0.0,0.0,0.0,0.0
2025/12/15,13:39:03,0,0.0,198.0,460.0,254.0,17.0,215.0,3.0,2.0,0.0,0.0,0.0,0.0
2025/12/15,13:39:08,0,0.0,195.0,460.0,253.0,25.0,215.0,5.0,4.0,0.0,0.0,0.0,0.0
2025/12/15,13:39:13,0,0.0,209.0,462.0,253.0,1.0,215.0,2.0,1.0,0.0,0.0,0.0,0.0
2025/12/15,13:39:18,0,0.0,206.0,461.0,253.0,0.0,215.0,0.0,0.0,0.0,0.0,0.0,0.0
2025/12/15,13:39:23,0,0.0,197.0,460.0,253.0,22.0,215.0,4.0,4.0,0.0,0.0,0.0,0.0
2025/12/15,13:39:28,0,0.0,191.0,460.0,253.0,25.0,215.0,5.0,4.0,0.0,0.0,0.0,0.0
2025/12/15,13:39:33,0,0.0,208.0,461.0,253.0,0.0,215.0,0.0,0.0,0.0,0.0,0.0,0.0
2025/12/15,13:39:38,0,0.0,194.0,460.0,253.0,21.0,216.0,4.0,4.0,0.0,0.0,0.0,0.0
2025/12/15,13:39:43,0,1.0,203.0,458.0,253.0,13.0,216.0,3.0,2.0,0.0,0.0,0.0,0.0
2025/12/15,13:39:48,0,0.0,200.0,461.0,251.0,0.0,216.0,0.0,1.0,0.0,0.0,0.0,0.0
2025/12/15,13:39:53,0,0.0,195.0,459.0,253.0,28.0,215.0,6.0,4.0,0.0,0.0,0.0,0.0
2025/12/15,13:39:58,0,0.0,217.0,461.0,253.0,0.0,215.0,1.0,0.0,0.0,0.0,0.0,0.0
2025/12/15,13:40:03,0,0.0,199.0,461.0,253.0,13.0,215.0,2.0,2.0,0.0,0.0,0.0,0.0
2025/12/15,13:40:08,0,0.0,192.0,460.0,252.0,26.0,214.0,5.0,4.0,0.0,0.0,0.0,0.0
2025/12/15,13:40:13,0,0.0,218.0,462.0,253.0,0.0,215.0,0.0,0.0,0.0,0.0,0.0,0.0
2025/12/15,13:40:18,0,0.0,198.0,460.0,253.0,18.0,215.0,3.0,3.0,0.0,0.0,0.0,0.0
2025/12/15,13:40:23,0,0.0,191.0,460.0,253.0,27.0,214.0,6.0,4.0,0.0,0.0,0.0,0.0
2025/12/15,13:40:28,0,0.0,211.0,461.0,253.0,0.0,215.0,0.0,0.0,0.0,0.0,0.0,0.0
2025/12/15,13:40:33,0,0.0,197.0,461.0,253.0,18.0,215.0,3.0,3.0,0.0,0.0,0.0,0.0
2025/12/15,13:40:38,0,0.0,194.0,461.0,253.0,25.0,216.0,4.0,4.0,0.0,0.0,0.0,0.0
2025/12/15,13:40:43,0,0.0,218.0,461.0,254.0,1.0,215.0,1.0,0.0,0.0,0.0,0.0,0.0
2025/12/15,13:40:48,0,0.0,199.0,461.0,251.0,16.0,216.0,2.0,3.0,0.0,0.0,0.0,0.0
2025/12/15,13:40:53,0,0.0,199.0,461.0,253.0,21.0,216.0,4.0,3.0,0.0,0.0,0.0,0.0
2025/12/15,13:40:58,0,0.0,203.0,461.0,253.0,0.0,216.0,0.0,0.0,0.0,0.0,0.0,0.0
2025/12/15,13:41:03,0,0.0,193.0,460.0,253.0,27.0,214.0,5.0,4.0,0.0,0.0,0.0,0.0
2025/12/15,13:41:08,0,0.0,209.0,461.0,251.0,0.0,216.0,0.0,0.0,0.0,0.0,0.0,0.0
2025/12/15,13:41:13,0,0.0,202.0,457.0,253.0,25.0,214.0,5.0,4.0,0.0,0.0,0.0,0.0
2025/12/15,13:41:18,0,0.0,207.0,461.0,255.0,7.0,215.0,2.0,2.0,0.0,0.0,0.0,0.0
2025/12/15,13:41:23,0,0.0,201.0,460.0,254.0,3.0,216.0,0.0,1.0,0.0,0.0,0.0,0.0
2025/12/15,13:41:28,0,0.0,194.0,461.0,254.0,25.0,216.0,5.0,4.0,0.0,0.0,0.0,0.0
2025/12/15,13:41:33,0,0.0,211.0,462.0,253.0,0.0,214.0,1.0,0.0,0.0,0.0,0.0,0.0
2025/12/15,13:41:38,0,0.0,199.0,461.0,254.0,29.0,216.0,4.0,4.0,0.0,0.0,0.0,0.0
2025/12/15,13:41:43,0,0.0,212.0,462.0,254.0,0.0,215.0,0.0,0.0,0.0,0.0,0.0,0.0
2025/12/15,13:41:48,0,0.0,200.0,460.0,253.0,25.0,215.0,4.0,4.0,0.0,0.0,0.0,0.0
2025/12/15,13:41:53,0,0.0,219.0,461.0,253.0,0.0,214.0,0.0,0.0,0.0,0.0,0.0,0.0
2025/12/15,13:41:58,0,0.0,197.0,461.0,254.0,24.0,216.0,4.0,4.0,0.0,0.0,0.0,0.0
2025/12/15,13:42:03,0,0.0,212.0,461.0,253.0,0.0,215.0,1.0,1.0,0.0,0.0,0.0,0.0
2025/12/15,13:42:08,0,0.0,197.0,461.0,254.0,21.0,216.0,3.0,3.0,0.0,0.0,0.0,0.0
2025/12/15,13:42:13,0,0.0,203.0,461.0,254.0,13.0,216.0,3.0,3.0,0.0,0.0,0.0,0.0
2025/12/15,13:42:18,0,0.0,202.0,462.0,253.0,0.0,215.0,0.0,0.0,0.0,0.0,0.0,0.0
2025/12/15,13:42:23,0,0.0,196.0,461.0,251.0,26.0,215.0,5.0,4.0,0.0,0.0,0.0,0.0
2025/12/15,13:42:28,0,0.0,212.0,461.0,253.0,3.0,216.0,0.0,0.0,0.0,0.0,0.0,0.0
2025/12/15,13:42:33,0,0.0,198.0,461.0,253.0,10.0,216.0,1.0,2.0,0.0,0.0,0.0,0.0
2025/12/15,13:42:38,0,0.0,203.0,459.0,253.0,13.0,215.0,3.0,3.0,0.0,0.0,0.0,0.0
2025/12/15,13:42:43,0,0.0,200.0,461.0,253.0,9.0,214.0,2.0,2.0,0.0,0.0,0.0,0.0
2025/12/15,13:42:48,0,0.0,196.0,461.0,253.0,21.0,216.0,4.0,4.0,0.0,0.0,0.0,0.0
2025/12/15,13:42:53,0,0.0,199.0,461.0,253.0,5.0,215.0,0.0,0.0,0.0,0.0,0.0,0.0
2025/12/15,13:42:58,0,0.0,199.0,458.0,253.0,19.0,216.0,3.0,4.0,0.0,0.0,0.0,0.0
2025/12/15,13:43:03,0,0.0,200.0,461.0,254.0,13.0,216.0,2.0,2.0,0.0,0.0,0.0,0.0
2025/12/15,13:43:08,0,0.0,210.0,462.0,254.0,6.0,215.0,1.0,1.0,0.0,0.0,0.0,0.0
2025/12/15,13:43:13,0,0.0,199.0,460.0,253.0,24.0,214.0,5.0,4.0,0.0,0.0,0.0,0.0
2025/12/15,13:43:18,0,0.0,192.0,459.0,254.0,28.0,215.0,4.0,4.0,0.0,0.0,0.0,0.0
2025/12/15,13:43:23,0,0.0,200.0,461.0,252.0,26.0,215.0,4.0,4.0,0.0,0.0,0.0,0.0
2025/12/15,13:43:28,0,0.0,204.0,462.0,254.0,11.0,216.0,2.0,3.0,0.0,0.0,0.0,0.0
2025/12/15,13:43:33,0,0.0,203.0,462.0,254.0,0.0,215.0,0.0,0.0,0.0,0.0,0.0,0.0
2025/12/15,13:43:38,0,0.0,197.0,461.0,254.0,26.0,216.0,4.0,4.0,0.0,0.0,0.0,0.0
2025/12/15,13:43:43,0,1.0,215.0,461.0,254.0,2.0,216.0,0.0,0.0,0.0,0.0,0.0,0.0
2025/12/15,13:43:48,0,0.0,199.0,461.0,254.0,10.0,215.0,2.0,2.0,0.0,0.0,0.0,0.0
2025/12/15,13:43:53,0,0.0,195.0,461.0,253.0,26.0,216.0,5.0,4.0,0.0,0.0,0.0,0.0
2025/12/15,13:43:58,0,0.0,216.0,460.0,253.0,1.0,214.0,1.0,0.0,0.0,0.0,0.0,0.0
2025/12/15,13:44:03,0,0.0,200.0,462.0,253.0,4.0,215.0,0.0,0.0,0.0,0.0,0.0,0.0
2025/12/15,13:44:08,0,0.0,202.0,460.0,254.0,25.0,216.0,5.0,4.0,0.0,0.0,0.0,0.0
2025/12/15,13:44:13,0,0.0,201.0,460.0,254.0,20.0,214.0,5.0,4.0,0.0,0.0,0.0,0.0
2025/12/15,13:44:18,0,0.0,213.0,461.0,254.0,0.0,214.0,1.0,0.0,0.0,0.0,0.0,0.0
2025/12/15,13:44:23,0,0.0,198.0,461.0,253.0,13.0,216.0,2.0,2.0,0.0,0.0,0.0,0.0
2025/12/15,13:44:28,0,0.0,193.0,461.0,254.0,26.0,216.0,4.0,4.0,0.0,0.0,0.0,0.0
2025/12/15,13:44:33,0,0.0,217.0,458.0,254.0,1.0,216.0,1.0,0.0,0.0,0.0,0.0,0.0
2025/12/15,13:44:38,0,0.0,201.0,460.0,253.0,11.0,216.0,1.0,2.0,0.0,0.0,0.0,0.0
2025/12/15,13:44:43,0,0.0,194.0,460.0,254.0,27.0,216.0,4.0,4.0,0.0,0.0,0.0,0.0
2025/12/15,13:44:48,0,0.0,211.0,460.0,254.0,4.0,215.0,1.0,0.0,0.0,0.0,0.0,0.0
2025/12/15,13:44:53,0,0.0,209.0,462.0,254.0,0.0,214.0,0.0,0.0,0.0,0.0,0.0,0.0
2025/12/15,13:44:58,0,0.0,197.0,461.0,252.0,8.0,214.0,1.0,2.0,0.0,0.0,0.0,0.0
2025/12/15,13:45:03,0,0.0,198.0,459.0,253.0,21.0,215.0,4.0,3.0,0.0,0.0,0.0,0.0
2025/12/15,13:45:08,0,0.0,201.0,459.0,254.0,25.0,215.0,5.0,4.0,0.0,0.0,0.0,0.0
2025/12/15,13:45:13,0,0.0,193.0,460.0,255.0,26.0,215.0,5.0,3.0,0.0,0.0,0.0,0.0
2025/12/15,13:45:18,0,0.0,217.0,461.0,254.0,6.0,215.0,1.0,0.0,0.0,0.0,0.0,0.0
2025/12/15,13:45:23,0,0.0,199.0,460.0,253.0,7.0,215.0,2.0,1.0,0.0,0.0,0.0,0.0
2025/12/15,13:45:28,0,0.0,195.0,461.0,252.0,25.0,214.0,5.0,4.0,0.0,0.0,0.0,0.0
2025/12/15,13:45:33,0,0.0,212.0,461.0,254.0,0.0,216.0,0.0,0.0,0.0,0.0,0.0,0.0
2025/12/15,13:45:38,0,0.0,199.0,460.0,254.0,12.0,216.0,2.0,3.0,0.0,0.0,0.0,0.0
2025/12/15,13:45:43,0,0.0,197.0,460.0,254.0,25.0,215.0,5.0,4.0,0.0,0.0,0.0,0.0
2025/12/15,13:46:32,0,0.0,202.0,461.0,254.0,13.0,216.0,2.0,3.0,0.0,0.0,0.0,0.0
2025/12/15,13:46:37,0,0.0,190.0,460.0,254.0,26.0,214.0,5.0,5.0,0.0,0.0,0.0,0.0
2025/12/15,13:46:42,0,0.0,195.0,460.0,253.0,26.0,214.0,5.0,4.0,0.0,0.0,0.0,0.0
2025/12/15,13:46:47,0,0.0,200.0,461.0,254.0,26.0,215.0,5.0,4.0,0.0,0.0,0.0,0.0
2025/12/15,13:46:52,0,0.0,202.0,460.0,253.0,24.0,216.0,4.0,4.0,0.0,0.0,0.0,0.0
2025/12/15,13:46:57,0,0.0,202.0,461.0,254.0,24.0,216.0,5.0,4.0,0.0,0.0,0.0,0.0
2025/12/15,13:47:02,0,0.0,200.0,460.0,254.0,26.0,216.0,5.0,4.0,0.0,0.0,0.0,0.0
2025/12/15,13:47:07,0,0.0,198.0,461.0,252.0,15.0,213.0,3.0,3.0,0.0,0.0,0.0,0.0
2025/12/15,13:47:12,0,0.0,207.0,461.0,253.0,0.0,215.0,0.0,0.0,0.0,0.0,0.0,0.0
2025/12/15,13:47:17,0,0.0,204.0,460.0,254.0,10.0,214.0,3.0,2.0,0.0,0.0,0.0,0.0
2025/12/15,13:47:22,0,0.0,199.0,460.0,254.0,25.0,215.0,5.0,4.0,0.0,0.0,0.0,0.0
2025/12/15,13:47:27,0,0.0,214.0,461.0,256.0,0.0,214.0,1.0,0.0,0.0,0.0,0.0,0.0
2025/12/15,13:47:32,0,0.0,196.0,460.0,254.0,27.0,214.0,4.0,3.0,0.0,0.0,0.0,0.0
2025/12/15,13:47:37,0,0.0,200.0,461.0,254.0,1.0,215.0,0.0,1.0,0.0,0.0,0.0,0.0
2025/12/15,13:47:42,0,0.0,210.0,461.0,254.0,3.0,214.0,1.0,0.0,0.0,0.0,0.0,0.0
2025/12/15,13:47:47,0,0.0,195.0,460.0,253.0,28.0,215.0,3.0,4.0,0.0,0.0,0.0,0.0
2025/12/15,13:47:52,0,0.0,193.0,459.0,254.0,24.0,215.0,5.0,4.0,0.0,0.0,0.0,0.0
2025/12/15,13:47:57,0,0.0,201.0,461.0,254.0,1.0,216.0,0.0,1.0,0.0,0.0,0.0,0.0
2025/12/15,13:48:02,0,0.0,216.0,461.0,254.0,0.0,216.0,0.0,0.0,0.0,0.0,0.0,0.0
2025/12/15,13:48:07,0,0.0,196.0,460.0,253.0,27.0,214.0,5.0,4.0,0.0,0.0,0.0,0.0
2025/12/15,13:48:12,0,0.0,201.0,462.0,254.0,0.0,214.0,0.0,0.0,0.0,0.0,0.0,0.0
2025/12/15,13:48:17,0,0.0,200.0,458.0,254.0,16.0,216.0,3.0,3.0,0.0,0.0,0.0,0.0
2025/12/15,13:48:22,0,0.0,195.0,460.0,254.0,21.0,215.0,4.0,3.0,0.0,0.0,0.0,0.0
2025/12/15,13:48:27,0,0.0,210.0,462.0,254.0,0.0,215.0,0.0,0.0,0.0,0.0,0.0,0.0
2025/12/15,13:48:32,0,0.0,208.0,461.0,253.0,4.0,214.0,1.0,0.0,0.0,0.0,0.0,0.0
2025/12/15,13:48:37,0,0.0,193.0,459.0,254.0,26.0,216.0,4.0,5.0,0.0,0.0,0.0,0.0
2025/12/15,13:48:42,0,0.0,204.0,460.0,254.0,25.0,216.0,4.0,4.0,0.0,0.0,0.0,0.0
2025/12/15,13:48:47,0,0.0,200.0,461.0,254.0,8.0,214.0,2.0,1.0,0.0,0.0,0.0,0.0
2025/12/15,13:48:52,0,0.0,208.0,462.0,254.0,0.0,214.0,0.0,0.0,0.0,0.0,0.0,0.0
2025/12/15,13:48:57,0,0.0,212.0,460.0,255.0,0.0,216.0,1.0,1.0,0.0,0.0,0.0,0.0
2025/12/15,13:49:02,0,0.0,194.0,461.0,254.0,25.0,215.0,5.0,3.0,0.0,0.0,0.0,0.0
2025/12/15,13:49:07,0,0.0,203.0,461.0,254.0,25.0,215.0,4.0,4.0,0.0,0.0,0.0,0.0
2025/12/15,13:49:12,0,0.0,201.0,461.0,254.0,2.0,215.0,0.0,0.0,0.0,0.0,0.0,0.0
2025/12/15,13:49:17,0,0.0,213.0,462.0,255.0,2.0,214.0,1.0,1.0,0.0,0.0,0.0,0.0
2025/12/15,13:49:22,0,0.0,196.0,460.0,254.0,25.0,215.0,3.0,4.0,0.0,0.0,0.0,0.0
2025/12/15,13:49:27,0,0.0,198.0,461.0,253.0,16.0,215.0,3.0,3.0,0.0,0.0,0.0,0.0
2025/12/15,13:49:32,0,0.0,211.0,459.0,254.0,0.0,216.0,0.0,0.0,0.0,0.0,0.0,0.0
2025/12/15,13:49:37,0,0.0,204.0,461.0,254.0,15.0,215.0,3.0,3.0,0.0,0.0,0.0,0.0
2025/12/15,13:49:42,0,0.0,201.0,461.0,254.0,24.0,214.0,5.0,4.0,0.0,0.0,0.0,0.0
2025/12/15,13:49:47,0,0.0,201.0,462.0,254.0,1.0,214.0,0.0,0.0,0.0,0.0,0.0,0.0
2025/12/15,13:49:52,0,0.0,212.0,461.0,253.0,1.0,214.0,1.0,0.0,0.0,0.0,0.0,0.0
2025/12/15,13:49:57,0,0.0,199.0,460.0,254.0,28.0,216.0,4.0,4.0,0.0,0.0,0.0,0.0
2025/12/15,13:50:02,0,0.0,207.0,461.0,254.0,0.0,215.0,0.0,0.0,0.0,0.0,0.0,0.0
2025/12/15,13:50:07,0,0.0,199.0,460.0,254.0,26.0,215.0,5.0,4.0,0.0,0.0,0.0,0.0
2025/12/15,13:50:12,0,0.0,217.0,461.0,254.0,0.0,215.0,0.0,0.0,0.0,0.0,0.0,0.0
2025/12/15,13:50:17,0,0.0,201.0,460.0,254.0,25.0,214.0,5.0,3.0,0.0,0.0,0.0,0.0
2025/12/15,13:50:22,0,0.0,213.0,461.0,254.0,0.0,214.0,1.0,0.0,0.0,0.0,0.0,0.0
2025/12/15,13:50:27,0,0.0,198.0,461.0,254.0,27.0,216.0,4.0,4.0,0.0,0.0,0.0,0.0
2025/12/15,13:50:32,0,0.0,210.0,461.0,254.0,0.0,214.0,0.0,0.0,0.0,0.0,0.0,0.0
2025/12/15,13:50:37,0,0.0,193.0,460.0,254.0,28.0,216.0,5.0,4.0,0.0,0.0,0.0,0.0
2025/12/15,13:50:42,0,0.0,203.0,460.0,254.0,0.0,216.0,0.0,0.0,0.0,0.0,0.0,0.0
2025/12/15,13:50:47,0,0.0,193.0,460.0,252.0,24.0,214.0,5.0,4.0,0.0,0.0,0.0,0.0
2025/12/15,13:50:52,0,0.0,199.0,461.0,253.0,7.0,215.0,1.0,2.0,0.0,0.0,0.0,0.0
2025/12/15,13:50:57,0,0.0,202.0,462.0,254.0,19.0,214.0,3.0,3.0,0.0,0.0,0.0,0.0
2025/12/15,13:51:02,0,0.0,201.0,462.0,255.0,0.0,214.0,0.0,0.0,0.0,0.0,0.0,0.0
2025/12/15,13:51:07,0,0.0,197.0,459.0,254.0,28.0,213.0,5.0,4.0,0.0,0.0,0.0,0.0
2025/12/15,13:51:12,0,0.0,214.0,462.0,254.0,1.0,214.0,0.0,0.0,0.0,0.0,0.0,0.0
2025/12/15,13:51:17,0,0.0,199.0,460.0,254.0,16.0,215.0,3.0,3.0,0.0,0.0,0.0,0.0
2025/12/15,13:51:22,0,0.0,205.0,461.0,254.0,9.0,214.0,2.0,2.0,0.0,0.0,0.0,0.0
2025/12/15,13:51:27,0,0.0,197.0,461.0,254.0,19.0,215.0,4.0,3.0,0.0,0.0,0.0,0.0
2025/12/15,13:51:32,0,0.0,213.0,460.0,254.0,3.0,215.0,1.0,0.0,0.0,0.0,0.0,0.0
2025/12/15,13:51:37,0,0.0,198.0,461.0,252.0,26.0,214.0,4.0,3.0,0.0,0.0,0.0,0.0
2025/12/15,13:51:42,0,0.0,215.0,461.0,254.0,0.0,215.0,0.0,0.0,0.0,0.0,0.0,0.0
2025/12/15,13:51:47,0,0.0,199.0,461.0,255.0,30.0,216.0,6.0,5.0,0.0,0.0,0.0,0.0
2025/12/15,13:51:52,0,0.0,210.0,461.0,254.0,3.0,215.0,1.0,1.0,0.0,0.0,0.0,0.0
2025/12/15,13:51:57,0,0.0,200.0,460.0,254.0,9.0,216.0,1.0,1.0,0.0,0.0,0.0,0.0
2025/12/15,13:52:02,0,0.0,193.0,461.0,254.0,26.0,215.0,4.0,4.0,0.0,0.0,0.0,0.0
2025/12/15,13:52:07,0,0.0,210.0,461.0,254.0,0.0,216.0,0.0,0.0,0.0,0.0,0.0,0.0
2025/12/15,13:52:12,0,0.0,200.0,460.0,255.0,26.0,214.0,5.0,4.0,0.0,0.0,0.0,0.0
2025/12/15,13:52:17,0,0.0,216.0,461.0,255.0,0.0,214.0,1.0,1.0,0.0,0.0,0.0,0.0
2025/12/15,13:52:22,0,0.0,199.0,461.0,254.0,17.0,214.0,3.0,3.0,0.0,0.0,0.0,0.0
2025/12/15,13:52:27,0,0.0,196.0,461.0,253.0,25.0,216.0,4.0,3.0,0.0,0.0,0.0,0.0
2025/12/15,13:52:32,0,0.0,205.0,461.0,254.0,0.0,215.0,0.0,0.0,0.0,0.0,0.0,0.0
2025/12/15,13:52:37,0,0.0,199.0,461.0,254.0,28.0,215.0,5.0,4.0,0.0,0.0,0.0,0.0
2025/12/15,13:52:42,0,0.0,218.0,462.0,254.0,0.0,214.0,1.0,0.0,0.0,0.0,0.0,0.0
2025/12/15,13:52:47,0,0.0,200.0,458.0,254.0,25.0,215.0,4.0,4.0,0.0,0.0,0.0,0.0
2025/12/15,13:52:52,0,0.0,209.0,462.0,254.0,5.0,214.0,1.0,1.0,0.0,0.0,0.0,0.0
2025/12/15,13:52:57,0,0.0,203.0,461.0,253.0,0.0,215.0,0.0,1.0,0.0,0.0,0.0,0.0
2025/12/15,13:53:02,0,0.0,199.0,460.0,254.0,27.0,213.0,5.0,4.0,0.0,0.0,0.0,0.0
2025/12/15,13:53:07,0,0.0,214.0,461.0,254.0,2.0,215.0,1.0,1.0,0.0,0.0,0.0,0.0
2025/12/15,13:53:12,0,0.0,200.0,459.0,254.0,12.0,215.0,1.0,2.0,0.0,0.0,0.0,0.0
2025/12/15,13:53:17,0,4.0,199.0,460.0,254.0,20.0,214.0,3.0,3.0,0.0,0.0,0.0,0.0
2025/12/15,13:53:22,0,0.0,201.0,461.0,254.0,7.0,216.0,1.0,2.0,0.0,0.0,0.0,0.0
2025/12/15,13:53:27,0,0.0,199.0,459.0,253.0,20.0,214.0,4.0,3.0,0.0,0.0,0.0,0.0
2025/12/15,13:53:32,0,0.0,198.0,461.0,255.0,8.0,216.0,1.0,1.0,0.0,0.0,0.0,0.0
2025/12/15,13:53:37,0,0.0,193.0,460.0,254.0,26.0,215.0,4.0,4.0,0.0,0.0,0.0,0.0
2025/12/15,13:53:42,0,0.0,205.0,460.0,254.0,0.0,216.0,0.0,0.0,0.0,0.0,0.0,0.0
2025/12/15,13:53:47,0,0.0,199.0,460.0,255.0,26.0,215.0,5.0,4.0,0.0,0.0,0.0,0.0
2025/12/15,13:53:52,0,0.0,218.0,460.0,254.0,0.0,215.0,0.0,0.0,0.0,0.0,0.0,0.0
2025/12/15,13:53:57,0,0.0,201.0,460.0,254.0,25.0,216.0,5.0,4.0,0.0,0.0,0.0,0.0
2025/12/15,13:54:02,0,0.0,213.0,459.0,255.0,3.0,215.0,0.0,0.0,0.0,0.0,0.0,0.0
2025/12/15,13:54:07,0,0.0,199.0,460.0,254.0,16.0,215.0,3.0,3.0,0.0,0.0,0.0,0.0
2025/12/15,13:54:12,0,0.0,192.0,461.0,254.0,27.0,216.0,4.0,5.0,0.0,0.0,0.0,0.0
2025/12/15,13:54:17,0,0.0,210.0,462.0,255.0,0.0,215.0,0.0,0.0,0.0,0.0,0.0,0.0
2025/12/15,13:54:22,0,0.0,200.0,460.0,252.0,27.0,214.0,5.0,4.0,0.0,0.0,0.0,0.0
2025/12/15,13:54:27,0,0.0,220.0,459.0,254.0,2.0,216.0,1.0,0.0,0.0,0.0,0.0,0.0
2025/12/15,13:54:32,0,0.0,204.0,461.0,254.0,26.0,216.0,4.0,4.0,0.0,0.0,0.0,0.0
2025/12/15,13:54:37,0,0.0,216.0,462.0,254.0,0.0,215.0,0.0,0.0,0.0,0.0,0.0,0.0
2025/12/15,13:54:42,0,0.0,202.0,461.0,254.0,26.0,214.0,5.0,4.0,0.0,0.0,0.0,0.0
2025/12/15,13:54:47,0,0.0,211.0,460.0,254.0,0.0,216.0,0.0,0.0,0.0,0.0,0.0,0.0
2025/12/15,13:54:52,0,0.0,193.0,459.0,254.0,27.0,215.0,5.0,4.0,0.0,0.0,0.0,0.0
2025/12/15,13:54:57,0,0.0,196.0,460.0,255.0,23.0,214.0,4.0,4.0,0.0,0.0,0.0,0.0
2025/12/15,13:55:02,0,0.0,201.0,459.0,254.0,0.0,216.0,0.0,0.0,0.0,0.0,0.0,0.0
2025/12/15,13:55:07,0,0.0,211.0,461.0,254.0,0.0,214.0,1.0,0.0,0.0,0.0,0.0,0.0
2025/12/15,13:55:12,0,0.0,213.0,462.0,255.0,3.0,214.0,0.0,0.0,0.0,0.0,0.0,0.0
2025/12/15,13:55:17,0,0.0,190.0,460.0,254.0,28.0,215.0,5.0,4.0,0.0,0.0,0.0,0.0
2025/12/15,13:55:22,0,0.0,203.0,460.0,254.0,25.0,216.0,4.0,4.0,0.0,0.0,0.0,0.0
2025/12/15,13:55:27,0,0.0,205.0,461.0,254.0,0.0,214.0,1.0,0.0,0.0,0.0,0.0,0.0
2025/12/15,13:55:32,0,0.0,209.0,459.0,255.0,8.0,216.0,1.0,2.0,0.0,0.0,0.0,0.0
2025/12/15,13:55:37,0,0.0,200.0,460.0,254.0,27.0,216.0,4.0,4.0,0.0,0.0,0.0,0.0
2025/12/15,13:55:42,0,0.0,199.0,459.0,254.0,9.0,214.0,2.0,2.0,0.0,0.0,0.0,0.0
2025/12/15,13:55:47,0,0.0,215.0,460.0,254.0,0.0,215.0,0.0,0.0,0.0,0.0,0.0,0.0
2025/12/15,13:55:52,0,0.0,202.0,461.0,254.0,17.0,215.0,4.0,2.0,0.0,0.0,0.0,0.0
2025/12/15,13:56:22,0,0.0,209.0,460.0,253.0,3.0,216.0,1.0,1.0,0.0,0.0,0.0,0.0
2025/12/15,13:56:26,0,0.0,205.0,461.0,254.0,20.0,215.0,3.0,2.0,0.0,0.0,0.0,0.0
2025/12/15,13:56:31,0,0.0,199.0,460.0,254.0,27.0,214.0,5.0,4.0,0.0,0.0,0.0,0.0
2025/12/15,13:56:36,0,0.0,197.0,461.0,254.0,18.0,216.0,3.0,3.0,0.0,0.0,0.0,0.0
2025/12/15,13:56:41,0,0.0,205.0,461.0,252.0,0.0,216.0,0.0,1.0,0.0,0.0,0.0,0.0
2025/12/15,13:56:46,0,0.0,207.0,459.0,254.0,10.0,214.0,3.0,2.0,0.0,0.0,0.0,0.0
2025/12/15,13:56:51,0,1.0,199.0,461.0,253.0,25.0,216.0,4.0,4.0,0.0,0.0,0.0,0.0
2025/12/15,13:56:56,0,0.0,220.0,462.0,256.0,1.0,214.0,1.0,0.0,0.0,0.0,0.0,0.0
2025/12/15,13:57:01,0,0.0,203.0,460.0,253.0,25.0,216.0,4.0,4.0,0.0,0.0,0.0,0.0
2025/12/15,13:57:06,0,0.0,216.0,462.0,254.0,0.0,216.0,0.0,1.0,0.0,0.0,0.0,0.0
2025/12/15,13:57:11,0,0.0,199.0,460.0,254.0,27.0,216.0,4.0,4.0,0.0,0.0,0.0,0.0
2025/12/15,13:57:16,0,0.0,220.0,460.0,254.0,0.0,216.0,0.0,0.0,0.0,0.0,0.0,0.0
2025/12/15,13:57:21,0,0.0,197.0,460.0,254.0,27.0,215.0,5.0,4.0,0.0,0.0,0.0,0.0
2025/12/15,13:57:26,0,0.0,205.0,461.0,254.0,0.0,216.0,0.0,0.0,0.0,0.0,0.0,0.0
2025/12/15,13:57:31,0,3.0,207.0,461.0,252.0,17.0,214.0,3.0,1.0,0.0,0.0,0.0,0.0
2025/12/15,13:57:36,0,0.0,201.0,459.0,254.0,26.0,214.0,5.0,4.0,0.0,0.0,0.0,0.0
2025/12/15,13:57:41,0,0.0,209.0,459.0,254.0,0.0,216.0,0.0,0.0,0.0,0.0,0.0,0.0
2025/12/15,13:57:46,0,0.0,206.0,461.0,253.0,10.0,214.0,3.0,2.0,0.0,0.0,0.0,0.0
2025/12/15,13:57:51,0,0.0,204.0,461.0,255.0,26.0,216.0,4.0,4.0,0.0,0.0,0.0,0.0
2025/12/15,13:57:56,0,0.0,205.0,461.0,255.0,0.0,216.0,0.0,1.0,0.0,0.0,0.0,0.0
2025/12/15,13:58:01,0,0.0,210.0,461.0,254.0,5.0,214.0,1.0,2.0,0.0,0.0,0.0,0.0
2025/12/15,13:58:06,0,1.0,199.0,461.0,254.0,29.0,215.0,5.0,4.0,0.0,0.0,0.0,0.0
2025/12/15,13:58:11,0,0.0,202.0,461.0,254.0,1.0,215.0,0.0,1.0,0.0,0.0,0.0,0.0
2025/12/15,13:58:16,0,0.0,210.0,462.0,254.0,6.0,214.0,2.0,0.0,0.0,0.0,0.0,0.0
2025/12/15,13:58:21,0,1.0,200.0,458.0,254.0,24.0,214.0,5.0,4.0,0.0,0.0,0.0,0.0
2025/12/15,13:58:26,0,0.0,213.0,462.0,254.0,0.0,214.0,1.0,0.0,0.0,0.0,0.0,0.0
2025/12/15,13:58:31,0,0.0,194.0,461.0,254.0,26.0,215.0,5.0,4.0,0.0,0.0,0.0,0.0
2025/12/15,13:58:36,0,0.0,202.0,459.0,254.0,4.0,216.0,0.0,1.0,0.0,0.0,0.0,0.0
2025/12/15,13:58:41,0,0.0,199.0,461.0,253.0,19.0,216.0,4.0,3.0,0.0,0.0,0.0,0.0
2025/12/15,13:58:46,0,0.0,201.0,460.0,254.0,14.0,215.0,2.0,2.0,0.0,0.0,0.0,0.0
2025/12/15,13:58:51,0,0.0,207.0,461.0,255.0,13.0,214.0,3.0,2.0,0.0,0.0,0.0,0.0
2025/12/15,13:58:56,0,0.0,199.0,461.0,254.0,12.0,216.0,1.0,2.0,0.0,0.0,0.0,0.0
2025/12/15,13:59:01,0,2.0,199.0,460.0,255.0,22.0,216.0,4.0,3.0,0.0,0.0,0.0,0.0
2025/12/15,13:59:06,0,2.0,201.0,462.0,252.0,2.0,214.0,0.0,0.0,0.0,0.0,0.0,0.0
2025/12/15,13:59:11,0,0.0,202.0,460.0,254.0,17.0,215.0,4.0,3.0,0.0,0.0,0.0,0.0
2025/12/15,13:59:16,0,0.0,199.0,461.0,254.0,14.0,216.0,3.0,3.0,0.0,0.0,0.0,0.0
2025/12/15,13:59:21,0,0.0,206.0,462.0,253.0,10.0,214.0,2.0,2.0,0.0,0.0,0.0,0.0
2025/12/15,13:59:26,0,0.0,198.0,460.0,255.0,15.0,214.0,3.0,2.0,0.0,0.0,0.0,0.0
2025/12/15,13:59:31,0,0.0,198.0,460.0,255.0,25.0,215.0,5.0,4.0,0.0,0.0,0.0,0.0
2025/12/15,13:59:36,0,0.0,209.0,461.0,255.0,0.0,214.0,0.0,0.0,0.0,0.0,0.0,0.0
2025/12/15,13:59:41,0,0.0,204.0,459.0,254.0,26.0,215.0,5.0,4.0,0.0,0.0,0.0,0.0
2025/12/15,13:59:46,0,0.0,215.0,461.0,254.0,0.0,215.0,1.0,0.0,0.0,0.0,0.0,0.0
2025/12/15,13:59:51,0,0.0,203.0,460.0,255.0,25.0,214.0,5.0,4.0,0.0,0.0,0.0,0.0
2025/12/15,13:59:56,0,0.0,217.0,461.0,254.0,0.0,215.0,1.0,0.0,0.0,0.0,0.0,0.0
2025/12/15,14:00:01,0,0.0,199.0,460.0,255.0,26.0,215.0,4.0,3.0,0.0,0.0,0.0,0.0
2025/12/15,14:00:06,0,0.0,206.0,460.0,254.0,7.0,216.0,2.0,2.0,0.0,0.0,0.0,0.0
2025/12/15,14:00:11,0,0.0,201.0,459.0,254.0,1.0,216.0,0.0,0.0,0.0,0.0,0.0,0.0
2025/12/15,14:00:16,0,0.0,195.0,460.0,254.0,27.0,215.0,4.0,4.0,0.0,0.0,0.0,0.0
2025/12/15,14:00:21,0,0.0,215.0,461.0,254.0,0.0,214.0,1.0,0.0,0.0,0.0,0.0,0.0
2025/12/15,14:00:26,0,0.0,196.0,461.0,254.0,23.0,215.0,4.0,4.0,0.0,0.0,0.0,0.0
2025/12/15,14:00:31,0,0.0,195.0,460.0,254.0,26.0,216.0,4.0,4.0,0.0,0.0,0.0,0.0
2025/12/15,14:00:36,0,4.0,220.0,461.0,254.0,1.0,216.0,0.0,1.0,0.0,0.0,0.0,0.0
2025/12/15,14:00:41,0,0.0,200.0,460.0,254.0,8.0,214.0,3.0,2.0,0.0,0.0,0.0,0.0
2025/12/15,14:00:46,0,0.0,197.0,458.0,254.0,27.0,213.0,5.0,4.0,0.0,0.0,0.0,0.0
2025/12/15,14:00:51,0,0.0,215.0,461.0,254.0,2.0,214.0,0.0,0.0,0.0,0.0,0.0,0.0
2025/12/15,14:00:56,0,1.0,201.0,461.0,254.0,3.0,214.0,1.0,1.0,0.0,0.0,0.0,0.0
2025/12/15,14:01:01,0,0.0,195.0,460.0,253.0,24.0,213.0,4.0,3.0,0.0,0.0,0.0,0.0
2025/12/15,14:01:06,0,0.0,200.0,460.0,254.0,25.0,215.0,5.0,4.0,0.0,0.0,0.0,0.0
2025/12/15,14:01:11,0,4.0,195.0,457.0,255.0,26.0,215.0,5.0,4.0,0.0,0.0,0.0,0.0
2025/12/15,14:01:16,0,0.0,218.0,461.0,254.0,0.0,214.0,0.0,0.0,0.0,0.0,0.0,0.0
2025/12/15,14:01:21,0,0.0,203.0,460.0,254.0,8.0,213.0,1.0,1.0,0.0,0.0,0.0,0.0
2025/12/15,14:01:26,0,0.0,199.0,460.0,255.0,27.0,214.0,5.0,4.0,0.0,0.0,0.0,0.0
2025/12/15,14:01:31,0,0.0,213.0,461.0,256.0,0.0,216.0,0.0,0.0,0.0,0.0,0.0,0.0
2025/12/15,14:01:36,0,1.0,202.0,459.0,255.0,4.0,215.0,1.0,1.0,0.0,0.0,0.0,0.0
2025/12/15,14:01:41,0,1.0,201.0,461.0,255.0,27.0,214.0,5.0,4.0,0.0,0.0,0.0,0.0
2025/12/15,14:01:46,0,0.0,206.0,461.0,254.0,15.0,215.0,3.0,3.0,0.0,0.0,0.0,0.0
2025/12/15,14:01:51,0,1.0,219.0,461.0,255.0,0.0,214.0,0.0,0.0,0.0,0.0,0.0,0.0
2025/12/15,14:01:56,0,1.0,202.0,462.0,254.0,0.0,215.0,0.0,0.0,0.0,0.0,0.0,0.0
2025/12/15,14:02:01,0,0.0,197.0,460.0,254.0,24.0,213.0,4.0,4.0,0.0,0.0,0.0,0.0
2025/12/15,14:02:06,0,0.0,193.0,459.0,255.0,25.0,216.0,5.0,4.0,0.0,0.0,0.0,0.0
2025/12/15,14:02:11,0,0.0,218.0,461.0,253.0,0.0,216.0,0.0,0.0,0.0,0.0,0.0,0.0
2025/12/15,14:02:16,0,0.0,203.0,461.0,254.0,0.0,215.0,0.0,0.0,0.0,0.0,0.0,0.0
2025/12/15,14:02:21,0,0.0,198.0,460.0,254.0,22.0,215.0,4.0,4.0,0.0,0.0,0.0,0.0
2025/12/15,14:02:26,0,0.0,198.0,458.0,254.0,28.0,215.0,5.0,5.0,0.0,0.0,0.0,0.0
2025/12/15,14:02:31,0,0.0,197.0,460.0,253.0,18.0,214.0,4.0,3.0,0.0,0.0,0.0,0.0
2025/12/15,14:02:36,0,1.0,216.0,461.0,255.0,1.0,214.0,1.0,1.0,0.0,0.0,0.0,0.0
2025/12/15,14:02:41,0,2.0,206.0,461.0,254.0,0.0,215.0,0.0,0.0,0.0,0.0,0.0,0.0
2025/12/15,14:02:46,0,0.0,200.0,461.0,255.0,10.0,214.0,2.0,3.0,0.0,0.0,0.0,0.0
2025/12/15,14:02:51,0,1.0,196.0,460.0,254.0,21.0,215.0,4.0,4.0,0.0,0.0,0.0,0.0
2025/12/15,14:02:56,0,0.0,202.0,461.0,255.0,25.0,216.0,4.0,4.0,0.0,0.0,0.0,0.0
2025/12/15,14:03:01,0,0.0,195.0,461.0,253.0,26.0,215.0,5.0,4.0,0.0,0.0,0.0,0.0
2025/12/15,14:03:06,0,0.0,192.0,461.0,253.0,27.0,215.0,5.0,4.0,0.0,0.0,0.0,0.0
2025/12/15,14:03:11,0,0.0,196.0,460.0,253.0,16.0,214.0,5.0,3.0,0.0,0.0,0.0,0.0
2025/12/15,14:03:16,0,0.0,209.0,462.0,254.0,8.0,215.0,2.0,2.0,0.0,0.0,0.0,0.0
2025/12/15,14:03:21,0,0.0,215.0,462.0,255.0,1.0,214.0,0.0,0.0,0.0,0.0,0.0,0.0
2025/12/15,14:03:26,0,2.0,210.0,461.0,254.0,0.0,215.0,0.0,0.0,0.0,0.0,0.0,0.0
2025/12/15,14:03:31,0,0.0,202.0,460.0,253.0,8.0,214.0,1.0,2.0,0.0,0.0,0.0,0.0
2025/12/15,14:03:36,0,0.0,203.0,461.0,254.0,25.0,216.0,4.0,4.0,0.0,0.0,0.0,0.0
2025/12/15,14:03:41,0,0.0,191.0,460.0,253.0,28.0,214.0,5.0,4.0,0.0,0.0,0.0,0.0
2025/12/15,14:03:46,0,1.0,214.0,461.0,254.0,0.0,215.0,1.0,0.0,0.0,0.0,0.0,0.0
2025/12/15,14:03:51,0,0.0,199.0,459.0,254.0,6.0,216.0,1.0,1.0,0.0,0.0,0.0,0.0
2025/12/15,14:03:56,0,1.0,193.0,460.0,254.0,27.0,214.0,4.0,4.0,0.0,0.0,0.0,0.0
2025/12/15,14:04:01,0,0.0,220.0,461.0,254.0,0.0,214.0,0.0,0.0,0.0,0.0,0.0,0.0
2025/12/15,14:04:06,0,0.0,201.0,461.0,252.0,8.0,216.0,2.0,2.0,0.0,0.0,0.0,0.0
2025/12/15,14:04:11,0,0.0,201.0,459.0,254.0,26.0,215.0,5.0,4.0,0.0,0.0,0.0,0.0
2025/12/15,14:04:16,0,1.0,193.0,460.0,254.0,24.0,215.0,5.0,4.0,0.0,0.0,0.0,0.0
2025/12/15,14:04:21,0,0.0,211.0,460.0,254.0,5.0,215.0,1.0,1.0,0.0,0.0,0.0,0.0
2025/12/15,14:04:26,0,1.0,210.0,461.0,254.0,0.0,215.0,0.0,0.0,0.0,0.0,0.0,0.0
2025/12/15,14:04:31,0,1.0,200.0,460.0,253.0,8.0,215.0,2.0,2.0,0.0,0.0,0.0,0.0
2025/12/15,14:04:36,0,0.0,204.0,460.0,254.0,26.0,216.0,5.0,4.0,0.0,0.0,0.0,0.0
2025/12/15,14:04:41,0,0.0,196.0,460.0,254.0,24.0,214.0,4.0,3.0,0.0,0.0,0.0,0.0
2025/12/15,14:04:46,0,0.0,214.0,462.0,255.0,0.0,214.0,1.0,0.0,0.0,0.0,0.0,0.0
2025/12/15,14:04:51,0,1.0,202.0,460.0,252.0,3.0,215.0,0.0,0.0,0.0,0.0,0.0,0.0
2025/12/15,14:04:56,0,0.0,199.0,460.0,255.0,19.0,215.0,4.0,3.0,0.0,0.0,0.0,0.0
2025/12/15,14:05:01,0,0.0,203.0,461.0,254.0,26.0,216.0,5.0,4.0,0.0,0.0,0.0,0.0
2025/12/15,14:05:06,0,0.0,194.0,461.0,254.0,26.0,216.0,5.0,4.0,0.0,0.0,0.0,0.0
2025/12/15,14:05:11,0,1.0,201.0,459.0,254.0,21.0,215.0,4.0,3.0,0.0,0.0,0.0,0.0
2025/12/15,14:05:16,0,0.0,212.0,462.0,254.0,3.0,215.0,1.0,0.0,0.0,0.0,0.0,0.0
2025/12/15,14:05:21,0,0.0,206.0,460.0,252.0,0.0,216.0,0.0,0.0,0.0,0.0,0.0,0.0
2025/12/15,14:05:26,0,0.0,200.0,460.0,255.0,24.0,216.0,4.0,4.0,0.0,0.0,0.0,0.0
2025/12/15,14:05:31,0,1.0,194.0,460.0,254.0,26.0,215.0,5.0,4.0,0.0,0.0,0.0,0.0
2025/12/15,14:05:36,0,2.0,214.0,460.0,254.0,0.0,214.0,0.0,1.0,0.0,0.0,0.0,0.0
2025/12/15,14:05:41,0,0.0,203.0,460.0,255.0,0.0,216.0,0.0,0.0,0.0,0.0,0.0,0.0
2025/12/15,14:05:46,0,1.0,199.0,460.0,254.0,24.0,216.0,5.0,4.0,0.0,0.0,0.0,0.0
2025/12/15,14:05:51,0,0.0,192.0,459.0,254.0,28.0,215.0,5.0,5.0,0.0,0.0,0.0,0.0
2025/12/15,14:05:56,0,0.0,218.0,461.0,254.0,2.0,216.0,0.0,0.0,0.0,0.0,0.0,0.0
2025/12/15,14:06:01,0,2.0,203.0,463.0,254.0,0.0,217.0,0.0,0.0,0.0,0.0,0.0,0.0
2025/12/15,14:06:40,0,1.0,203.0,459.0,255.0,33.0,216.0,6.0,5.0,0.0,0.0,0.0,0.0
2025/12/15,14:06:45,0,1.0,202.0,460.0,252.0,0.0,215.0,1.0,1.0,0.0,0.0,0.0,0.0
2025/12/15,14:06:50,0,1.0,198.0,460.0,255.0,19.0,216.0,3.0,3.0,0.0,0.0,0.0,0.0
2025/12/15,14:06:55,0,1.0,199.0,459.0,254.0,28.0,215.0,5.0,4.0,0.0,0.0,0.0,0.0
2025/12/15,14:07:00,0,0.0,197.0,460.0,253.0,21.0,215.0,5.0,3.0,0.0,0.0,0.0,0.0
2025/12/15,14:07:05,0,2.0,212.0,461.0,254.0,3.0,216.0,0.0,0.0,0.0,0.0,0.0,0.0
2025/12/15,14:07:10,0,0.0,213.0,461.0,253.0,0.0,215.0,0.0,0.0,0.0,0.0,0.0,0.0
2025/12/15,14:07:15,0,0.0,200.0,461.0,255.0,11.0,216.0,1.0,2.0,0.0,0.0,0.0,0.0
2025/12/15,14:07:20,0,0.0,201.0,460.0,254.0,27.0,215.0,4.0,4.0,0.0,0.0,0.0,0.0
2025/12/15,14:07:25,0,0.0,200.0,461.0,254.0,17.0,215.0,5.0,3.0,0.0,0.0,0.0,0.0
2025/12/15,14:07:30,0,0.0,219.0,461.0,254.0,0.0,215.0,1.0,0.0,0.0,0.0,0.0,0.0
2025/12/15,14:07:35,0,0.0,202.0,459.0,254.0,3.0,216.0,0.0,1.0,0.0,0.0,0.0,0.0
2025/12/15,14:07:40,0,0.0,197.0,460.0,254.0,18.0,216.0,3.0,3.0,0.0,0.0,0.0,0.0
2025/12/15,14:07:45,0,0.0,201.0,460.0,254.0,25.0,216.0,5.0,4.0,0.0,0.0,0.0,0.0
2025/12/15,14:07:50,0,1.0,196.0,460.0,254.0,26.0,215.0,5.0,4.0,0.0,0.0,0.0,0.0
2025/12/15,14:07:55,0,0.0,214.0,460.0,253.0,1.0,214.0,1.0,1.0,0.0,0.0,0.0,0.0
2025/12/15,14:08:00,0,4.0,201.0,461.0,253.0,4.0,215.0,0.0,0.0,0.0,0.0,0.0,0.0
2025/12/15,14:08:05,0,0.0,202.0,460.0,254.0,25.0,215.0,5.0,4.0,0.0,0.0,0.0,0.0
2025/12/15,14:08:10,0,0.0,209.0,461.0,254.0,6.0,216.0,1.0,2.0,0.0,0.0,0.0,0.0
2025/12/15,14:08:15,0,0.0,204.0,461.0,254.0,0.0,215.0,0.0,0.0,0.0,0.0,0.0,0.0
2025/12/15,14:08:20,0,0.0,195.0,460.0,254.0,26.0,215.0,5.0,4.0,0.0,0.0,0.0,0.0
2025/12/15,14:08:25,0,1.0,203.0,460.0,253.0,0.0,217.0,0.0,1.0,0.0,0.0,0.0,0.0
2025/12/15,14:08:30,0,0.0,203.0,459.0,254.0,15.0,214.0,3.0,3.0,0.0,0.0,0.0,0.0
2025/12/15,14:08:35,0,0.0,198.0,461.0,254.0,16.0,216.0,3.0,3.0,0.0,0.0,0.0,0.0
2025/12/15,14:08:40,0,0.0,207.0,461.0,254.0,9.0,216.0,2.0,1.0,0.0,0.0,0.0,0.0
2025/12/15,14:08:45,0,0.0,199.0,461.0,254.0,18.0,217.0,3.0,3.0,0.0,0.0,0.0,0.0
2025/12/15,14:08:50,0,0.0,214.0,461.0,253.0,0.0,214.0,1.0,0.0,0.0,0.0,0.0,0.0
2025/12/15,14:08:55,0,0.0,201.0,461.0,254.0,26.0,216.0,4.0,4.0,0.0,0.0,0.0,0.0
2025/12/15,14:09:00,0,1.0,204.0,460.0,255.0,0.0,214.0,0.0,0.0,0.0,0.0,0.0,0.0
2025/12/15,14:09:05,0,3.0,207.0,460.0,254.0,12.0,214.0,3.0,3.0,0.0,0.0,0.0,0.0
2025/12/15,14:09:10,0,0.0,200.0,459.0,254.0,21.0,215.0,4.0,3.0,0.0,0.0,0.0,0.0
2025/12/15,14:09:15,0,0.0,217.0,459.0,254.0,0.0,216.0,0.0,0.0,0.0,0.0,0.0,0.0
2025/12/15,14:09:20,0,0.0,203.0,459.0,254.0,25.0,215.0,5.0,4.0,0.0,0.0,0.0,0.0
2025/12/15,14:09:25,0,0.0,217.0,461.0,254.0,0.0,215.0,1.0,0.0,0.0,0.0,0.0,0.0
2025/12/15,14:09:30,0,0.0,201.0,460.0,254.0,25.0,215.0,4.0,4.0,0.0,0.0,0.0,0.0
2025/12/15,14:09:35,0,0.0,206.0,461.0,254.0,0.0,214.0,0.0,0.0,0.0,0.0,0.0,0.0
2025/12/15,14:09:40,0,0.0,206.0,459.0,253.0,11.0,213.0,1.0,1.0,0.0,0.0,0.0,0.0
2025/12/15,14:09:45,0,0.0,201.0,457.0,254.0,25.0,216.0,4.0,4.0,0.0,0.0,0.0,0.0
2025/12/15,14:09:50,0,1.0,205.0,459.0,254.0,0.0,216.0,0.0,0.0,0.0,0.0,0.0,0.0
2025/12/15,14:09:55,0,1.0,213.0,457.0,254.0,0.0,216.0,0.0,1.0,0.0,0.0,0.0,0.0
2025/12/15,14:10:00,0,0.0,209.0,460.0,254.0,2.0,216.0,1.0,1.0,0.0,0.0,0.0,0.0
2025/12/15,14:10:05,0,1.0,217.0,460.0,254.0,1.0,215.0,0.0,0.0,0.0,0.0,0.0,0.0
2025/12/15,14:10:10,0,0.0,203.0,460.0,254.0,10.0,215.0,1.0,2.0,0.0,0.0,0.0,0.0
2025/12/15,14:10:15,0,0.0,195.0,459.0,255.0,27.0,214.0,4.0,4.0,0.0,0.0,0.0,0.0
2025/12/15,14:10:20,0,1.0,216.0,460.0,253.0,0.0,216.0,0.0,0.0,0.0,0.0,0.0,0.0
2025/12/15,14:10:25,0,3.0,197.0,459.0,254.0,19.0,214.0,4.0,3.0,0.0,0.0,0.0,0.0
2025/12/15,14:10:30,0,0.0,196.0,459.0,254.0,27.0,216.0,5.0,4.0,0.0,0.0,0.0,0.0
2025/12/15,14:10:35,0,1.0,206.0,458.0,255.0,11.0,214.0,2.0,2.0,0.0,0.0,0.0,0.0
2025/12/15,14:10:40,0,0.0,216.0,461.0,254.0,0.0,216.0,0.0,0.0,0.0,0.0,0.0,0.0
2025/12/15,14:10:45,0,1.0,202.0,459.0,255.0,0.0,215.0,0.0,0.0,0.0,0.0,0.0,0.0
2025/12/15,14:10:50,0,1.0,197.0,457.0,254.0,21.0,216.0,4.0,3.0,0.0,0.0,0.0,0.0
2025/12/15,14:10:55,0,0.0,200.0,459.0,256.0,25.0,214.0,5.0,4.0,0.0,0.0,0.0,0.0
2025/12/15,14:11:00,0,1.0,196.0,459.0,254.0,23.0,216.0,5.0,3.0,0.0,0.0,0.0,0.0
2025/12/15,14:11:05,0,0.0,201.0,458.0,254.0,4.0,216.0,0.0,1.0,0.0,0.0,0.0,0.0
2025/12/15,14:11:10,0,0.0,217.0,461.0,254.0,1.0,215.0,1.0,1.0,0.0,0.0,0.0,0.0
2025/12/15,14:11:15,0,0.0,196.0,459.0,254.0,25.0,215.0,4.0,4.0,0.0,0.0,0.0,0.0
2025/12/15,14:11:20,0,0.0,201.0,459.0,255.0,6.0,216.0,0.0,1.0,0.0,0.0,0.0,0.0
2025/12/15,14:11:25,0,1.0,213.0,458.0,254.0,5.0,215.0,1.0,1.0,0.0,0.0,0.0,0.0
2025/12/15,14:11:30,0,1.0,203.0,460.0,254.0,25.0,215.0,4.0,4.0,0.0,0.0,0.0,0.0
2025/12/15,14:11:35,0,0.0,210.0,461.0,254.0,0.0,215.0,0.0,0.0,0.0,0.0,0.0,0.0
2025/12/15,14:11:40,0,0.0,193.0,457.0,254.0,25.0,215.0,5.0,4.0,0.0,0.0,0.0,0.0
2025/12/15,14:11:45,0,0.0,201.0,457.0,254.0,3.0,215.0,0.0,1.0,0.0,0.0,0.0,0.0
2025/12/15,14:11:50,0,0.0,205.0,460.0,255.0,9.0,215.0,4.0,2.0,0.0,0.0,0.0,0.0
2025/12/15,14:11:55,0,0.0,204.0,460.0,254.0,25.0,216.0,4.0,4.0,0.0,0.0,0.0,0.0
2025/12/15,14:12:00,0,0.0,206.0,459.0,254.0,0.0,216.0,0.0,0.0,0.0,0.0,0.0,0.0
2025/12/15,14:12:05,0,0.0,208.0,461.0,254.0,12.0,216.0,2.0,2.0,0.0,0.0,0.0,0.0
2025/12/15,14:12:10,0,1.0,203.0,461.0,254.0,26.0,215.0,5.0,4.0,0.0,0.0,0.0,0.0
2025/12/15,14:12:15,0,0.0,204.0,458.0,254.0,0.0,215.0,0.0,0.0,0.0,0.0,0.0,0.0
2025/12/15,14:12:20,0,0.0,209.0,460.0,255.0,7.0,215.0,3.0,1.0,0.0,0.0,0.0,0.0
2025/12/15,14:12:25,0,0.0,198.0,459.0,254.0,24.0,215.0,5.0,4.0,0.0,0.0,0.0,0.0
2025/12/15,14:12:30,0,0.0,219.0,460.0,254.0,1.0,215.0,1.0,0.0,0.0,0.0,0.0,0.0
2025/12/15,14:12:35,0,0.0,201.0,459.0,254.0,27.0,214.0,4.0,3.0,0.0,0.0,0.0,0.0
2025/12/15,14:12:40,0,0.0,206.0,460.0,254.0,0.0,215.0,0.0,1.0,0.0,0.0,0.0,0.0
2025/12/15,14:12:45,0,0.0,210.0,460.0,254.0,6.0,216.0,1.0,1.0,0.0,0.0,0.0,0.0
2025/12/15,14:12:50,0,0.0,197.0,459.0,254.0,27.0,215.0,4.0,4.0,0.0,0.0,0.0,0.0
2025/12/15,14:12:55,0,0.0,205.0,459.0,254.0,26.0,216.0,5.0,4.0,0.0,0.0,0.0,0.0
2025/12/15,14:13:00,0,0.0,199.0,460.0,254.0,21.0,216.0,4.0,4.0,0.0,0.0,0.0,0.0
2025/12/15,14:13:05,0,0.0,199.0,459.0,254.0,3.0,216.0,1.0,0.0,0.0,0.0,0.0,0.0
2025/12/15,14:13:10,0,0.0,214.0,460.0,253.0,0.0,215.0,0.0,0.0,0.0,0.0,0.0,0.0
2025/12/15,14:13:15,0,1.0,210.0,460.0,254.0,9.0,216.0,1.0,1.0,0.0,0.0,0.0,0.0
2025/12/15,14:13:20,0,0.0,199.0,457.0,254.0,27.0,215.0,4.0,4.0,0.0,0.0,0.0,0.0
2025/12/15,14:13:25,0,0.0,202.0,459.0,254.0,6.0,214.0,1.0,1.0,0.0,0.0,0.0,0.0
2025/12/15,14:13:30,0,0.0,215.0,460.0,253.0,0.0,215.0,0.0,1.0,0.0,0.0,0.0,0.0
2025/12/15,14:13:35,0,0.0,196.0,460.0,255.0,27.0,216.0,5.0,4.0,0.0,0.0,0.0,0.0
2025/12/15,14:13:40,0,0.0,199.0,460.0,254.0,9.0,216.0,1.0,2.0,0.0,0.0,0.0,0.0
2025/12/15,14:13:45,0,0.0,210.0,461.0,254.0,1.0,214.0,1.0,0.0,0.0,0.0,0.0,0.0
2025/12/15,14:13:50,0,0.0,199.0,459.0,253.0,20.0,214.0,3.0,3.0,0.0,0.0,0.0,0.0
2025/12/15,14:13:55,0,0.0,207.0,460.0,254.0,5.0,216.0,2.0,1.0,0.0,0.0,0.0,0.0
2025/12/15,14:14:00,0,0.0,202.0,460.0,254.0,12.0,216.0,2.0,2.0,0.0,0.0,0.0,0.0
2025/12/15,14:14:05,0,0.0,202.0,460.0,254.0,17.0,215.0,4.0,3.0,0.0,0.0,0.0,0.0
2025/12/15,14:14:10,0,0.0,201.0,460.0,252.0,7.0,215.0,1.0,1.0,0.0,0.0,0.0,0.0
2025/12/15,14:14:15,0,0.0,203.0,461.0,253.0,19.0,215.0,4.0,2.0,0.0,0.0,0.0,0.0
2025/12/15,14:14:20,0,0.0,200.0,460.0,254.0,5.0,216.0,1.0,1.0,0.0,0.0,0.0,0.0
2025/12/15,14:14:25,0,0.0,198.0,460.0,254.0,22.0,216.0,4.0,4.0,0.0,0.0,0.0,0.0
2025/12/15,14:14:30,0,4.0,201.0,460.0,253.0,0.0,216.0,0.0,1.0,0.0,0.0,0.0,0.0
2025/12/15,14:14:35,0,5.0,197.0,460.0,253.0,21.0,215.0,4.0,4.0,0.0,0.0,0.0,0.0
2025/12/15,14:14:40,0,0.0,201.0,460.0,254.0,2.0,215.0,1.0,1.0,0.0,0.0,0.0,0.0
2025/12/15,14:14:45,0,0.0,191.0,459.0,254.0,26.0,215.0,5.0,4.0,0.0,0.0,0.0,0.0
2025/12/15,14:14:50,0,0.0,210.0,460.0,255.0,0.0,216.0,1.0,0.0,0.0,0.0,0.0,0.0
2025/12/15,14:14:55,0,0.0,199.0,459.0,254.0,26.0,214.0,5.0,4.0,0.0,0.0,0.0,0.0
2025/12/15,14:15:00,0,0.0,217.0,461.0,254.0,0.0,216.0,0.0,0.0,0.0,0.0,0.0,0.0
2025/12/15,14:15:05,0,0.0,197.0,460.0,254.0,27.0,216.0,5.0,4.0,0.0,0.0,0.0,0.0
2025/12/15,14:15:10,0,0.0,200.0,460.0,254.0,5.0,214.0,1.0,1.0,0.0,0.0,0.0,0.0
2025/12/15,14:15:15,0,0.0,214.0,459.0,253.0,2.0,214.0,1.0,0.0,0.0,0.0,0.0,0.0
2025/12/15,14:15:20,0,0.0,200.0,459.0,254.0,27.0,215.0,5.0,4.0,0.0,0.0,0.0,0.0
2025/12/15,14:15:25,0,0.0,203.0,460.0,254.0,0.0,214.0,0.0,0.0,0.0,0.0,0.0,0.0
2025/12/15,14:15:30,0,0.0,206.0,461.0,255.0,12.0,216.0,2.0,3.0,0.0,0.0,0.0,0.0
2025/12/15,14:15:35,0,0.0,198.0,459.0,254.0,24.0,215.0,4.0,4.0,0.0,0.0,0.0,0.0
2025/12/15,14:15:40,0,0.0,214.0,460.0,254.0,0.0,215.0,1.0,0.0,0.0,0.0,0.0,0.0
2025/12/15,14:15:45,0,1.0,191.0,460.0,254.0,25.0,216.0,4.0,5.0,0.0,0.0,0.0,0.0
2025/12/15,14:15:50,0,0.0,198.0,460.0,254.0,8.0,216.0,2.0,2.0,0.0,0.0,0.0,0.0
2025/12/15,14:15:55,0,0.0,208.0,457.0,254.0,9.0,217.0,1.0,1.0,0.0,0.0,0.0,0.0
2025/12/15,14:16:00,0,0.0,201.0,459.0,254.0,25.0,215.0,4.0,4.0,0.0,0.0,0.0,0.0
2025/12/15,14:16:05,0,0.0,209.0,460.0,255.0,0.0,216.0,0.0,1.0,0.0,0.0,0.0,0.0
2025/12/15,14:16:10,0,0.0,206.0,460.0,254.0,12.0,216.0,2.0,2.0,0.0,0.0,0.0,0.0
2025/12/15,14:17:09,0,0.0,203.0,460.0,256.0,34.0,215.0,7.0,6.0,0.0,0.0,0.0,0.0
2025/12/15,14:17:14,0,1.0,203.0,459.0,253.0,16.0,215.0,4.0,3.0,0.0,0.0,0.0,0.0
2025/12/15,14:17:19,0,0.0,199.0,459.0,254.0,18.0,216.0,4.0,3.0,0.0,0.0,0.0,0.0
2025/12/15,14:17:24,0,0.0,211.0,460.0,254.0,0.0,215.0,1.0,0.0,0.0,0.0,0.0,0.0
2025/12/15,14:17:29,0,0.0,197.0,460.0,255.0,19.0,216.0,3.0,3.0,0.0,0.0,0.0,0.0
2025/12/15,14:17:34,0,0.0,202.0,460.0,254.0,15.0,216.0,4.0,3.0,0.0,0.0,0.0,0.0
2025/12/15,14:17:39,0,0.0,201.0,460.0,254.0,0.0,216.0,0.0,0.0,0.0,0.0,0.0,0.0
2025/12/15,14:17:44,0,0.0,193.0,459.0,254.0,24.0,215.0,5.0,4.0,0.0,0.0,0.0,0.0
2025/12/15,14:17:49,0,0.0,200.0,460.0,254.0,7.0,215.0,1.0,1.0,0.0,0.0,0.0,0.0
2025/12/15,14:17:54,0,0.0,209.0,460.0,254.0,9.0,216.0,1.0,1.0,0.0,0.0,0.0,0.0
2025/12/15,14:17:59,0,0.0,198.0,460.0,254.0,19.0,215.0,3.0,3.0,0.0,0.0,0.0,0.0
2025/12/15,14:18:04,0,0.0,202.0,458.0,254.0,17.0,216.0,3.0,3.0,0.0,0.0,0.0,0.0
2025/12/15,14:18:09,0,0.0,206.0,460.0,254.0,0.0,214.0,1.0,0.0,0.0,0.0,0.0,0.0
2025/12/15,14:18:14,0,1.0,200.0,460.0,254.0,25.0,216.0,4.0,4.0,0.0,0.0,0.0,0.0
2025/12/15,14:18:19,0,0.0,211.0,460.0,255.0,5.0,216.0,1.0,2.0,0.0,0.0,0.0,0.0
2025/12/15,14:18:24,0,0.0,201.0,459.0,254.0,1.0,215.0,0.0,0.0,0.0,0.0,0.0,0.0
2025/12/15,14:18:29,0,0.0,197.0,459.0,254.0,26.0,215.0,5.0,3.0,0.0,0.0,0.0,0.0
2025/12/15,14:18:34,0,0.0,216.0,460.0,254.0,1.0,216.0,0.0,0.0,0.0,0.0,0.0,0.0
2025/12/15,14:18:39,0,0.0,199.0,459.0,253.0,15.0,215.0,3.0,3.0,0.0,0.0,0.0,0.0
2025/12/15,14:18:44,0,0.0,193.0,459.0,253.0,24.0,215.0,5.0,4.0,0.0,0.0,0.0,0.0
2025/12/15,14:18:49,0,1.0,209.0,461.0,253.0,0.0,215.0,0.0,0.0,0.0,0.0,0.0,0.0
2025/12/15,14:18:54,0,0.0,200.0,458.0,254.0,27.0,216.0,5.0,4.0,0.0,0.0,0.0,0.0
2025/12/15,14:18:59,0,0.0,217.0,461.0,253.0,1.0,216.0,0.0,0.0,0.0,0.0,0.0,0.0
2025/12/15,14:19:04,0,0.0,199.0,459.0,253.0,18.0,215.0,4.0,2.0,0.0,0.0,0.0,0.0
2025/12/15,14:19:09,0,0.0,197.0,457.0,254.0,26.0,214.0,5.0,4.0,0.0,0.0,0.0,0.0
2025/12/15,14:19:14,0,0.0,206.0,460.0,254.0,12.0,216.0,2.0,2.0,0.0,0.0,0.0,0.0
2025/12/15,14:19:19,0,2.0,219.0,461.0,252.0,0.0,214.0,1.0,1.0,0.0,0.0,0.0,0.0
2025/12/15,14:19:24,0,1.0,202.0,460.0,254.0,0.0,216.0,0.0,0.0,0.0,0.0,0.0,0.0
2025/12/15,14:19:29,0,1.0,197.0,459.0,254.0,23.0,214.0,5.0,4.0,0.0,0.0,0.0,0.0
2025/12/15,14:19:34,0,5.0,196.0,460.0,254.0,26.0,216.0,4.0,3.0,0.0,0.0,0.0,0.0
2025/12/15,14:19:39,0,1.0,216.0,461.0,254.0,0.0,215.0,0.0,0.0,0.0,0.0,0.0,0.0
2025/12/15,14:19:44,0,0.0,200.0,461.0,254.0,7.0,214.0,2.0,1.0,0.0,0.0,0.0,0.0
2025/12/15,14:19:49,0,0.0,203.0,460.0,254.0,26.0,215.0,4.0,4.0,0.0,0.0,0.0,0.0
2025/12/15,14:19:54,0,0.0,200.0,461.0,253.0,20.0,215.0,4.0,3.0,0.0,0.0,0.0,0.0
2025/12/15,14:19:59,0,0.0,205.0,460.0,254.0,0.0,215.0,1.0,0.0,0.0,0.0,0.0,0.0
2025/12/15,14:20:04,0,0.0,208.0,461.0,254.0,9.0,215.0,2.0,2.0,0.0,0.0,0.0,0.0
2025/12/15,14:20:09,0,1.0,191.0,459.0,254.0,27.0,215.0,5.0,4.0,0.0,0.0,0.0,0.0
2025/12/15,14:20:14,0,1.0,195.0,459.0,254.0,27.0,215.0,4.0,4.0,0.0,0.0,0.0,0.0
2025/12/15,14:20:19,0,1.0,195.0,459.0,252.0,26.0,215.0,6.0,4.0,0.0,0.0,0.0,0.0
2025/12/15,14:20:24,0,0.0,197.0,460.0,254.0,25.0,216.0,5.0,4.0,0.0,0.0,0.0,0.0
2025/12/15,14:20:29,0,0.0,197.0,459.0,254.0,23.0,215.0,4.0,4.0,0.0,0.0,0.0,0.0
2025/12/15,14:20:34,0,1.0,201.0,459.0,254.0,2.0,215.0,0.0,0.0,0.0,0.0,0.0,0.0
2025/12/15,14:20:39,0,0.0,214.0,460.0,254.0,0.0,215.0,0.0,0.0,0.0,0.0,0.0,0.0
2025/12/15,14:20:44,0,0.0,211.0,460.0,252.0,0.0,216.0,1.0,0.0,0.0,0.0,0.0,0.0
2025/12/15,14:20:49,0,0.0,198.0,460.0,254.0,23.0,216.0,4.0,3.0,0.0,0.0,0.0,0.0
2025/12/15,14:20:54,0,1.0,197.0,460.0,254.0,26.0,215.0,5.0,4.0,0.0,0.0,0.0,0.0
2025/12/15,14:20:59,0,0.0,198.0,458.0,254.0,14.0,215.0,3.0,3.0,0.0,0.0,0.0,0.0
2025/12/15,14:21:04,0,0.0,210.0,460.0,254.0,0.0,214.0,1.0,0.0,0.0,0.0,0.0,0.0
2025/12/15,14:21:09,0,0.0,210.0,460.0,254.0,4.0,219.0,1.0,1.0,0.0,0.0,0.0,0.0
2025/12/15,14:21:14,0,0.0,194.0,457.0,254.0,26.0,214.0,4.0,4.0,0.0,0.0,0.0,0.0
2025/12/15,14:21:19,0,0.0,197.0,459.0,254.0,22.0,216.0,4.0,3.0,0.0,0.0,0.0,0.0
2025/12/15,14:21:24,0,0.0,204.0,460.0,254.0,0.0,216.0,0.0,0.0,0.0,0.0,0.0,0.0
2025/12/15,14:21:29,0,0.0,212.0,459.0,254.0,0.0,215.0,0.0,0.0,0.0,0.0,0.0,0.0
2025/12/15,14:21:34,0,0.0,196.0,460.0,254.0,22.0,216.0,4.0,4.0,0.0,0.0,0.0,0.0
2025/12/15,14:21:39,0,1.0,202.0,459.0,254.0,26.0,215.0,5.0,4.0,0.0,0.0,0.0,0.0
2025/12/15,14:21:44,0,0.0,200.0,460.0,254.0,7.0,217.0,1.0,0.0,0.0,0.0,0.0,0.0
2025/12/15,14:21:49,0,1.0,214.0,461.0,254.0,0.0,216.0,0.0,0.0,0.0,0.0,0.0,0.0
2025/12/15,14:21:54,0,1.0,212.0,460.0,254.0,5.0,216.0,1.0,1.0,0.0,0.0,0.0,0.0
2025/12/15,14:21:59,0,2.0,201.0,460.0,254.0,17.0,216.0,3.0,3.0,0.0,0.0,0.0,0.0
2025/12/15,14:22:04,0,0.0,197.0,460.0,253.0,27.0,216.0,4.0,4.0,0.0,0.0,0.0,0.0
2025/12/15,14:22:09,0,1.0,202.0,459.0,254.0,24.0,215.0,5.0,4.0,0.0,0.0,0.0,0.0
2025/12/15,14:22:14,0,0.0,201.0,460.0,254.0,6.0,216.0,1.0,1.0,0.0,0.0,0.0,0.0
2025/12/15,14:22:19,0,0.0,213.0,460.0,253.0,0.0,216.0,0.0,0.0,0.0,0.0,0.0,0.0
2025/12/15,14:22:24,0,0.0,204.0,460.0,255.0,9.0,215.0,2.0,1.0,0.0,0.0,0.0,0.0
2025/12/15,14:22:29,0,0.0,201.0,458.0,254.0,27.0,216.0,5.0,4.0,0.0,0.0,0.0,0.0
2025/12/15,14:22:34,0,0.0,199.0,458.0,254.0,13.0,216.0,2.0,2.0,0.0,0.0,0.0,0.0
2025/12/15,14:22:39,0,0.0,206.0,461.0,255.0,0.0,214.0,0.0,0.0,0.0,0.0,0.0,0.0
2025/12/15,14:22:44,0,0.0,206.0,461.0,254.0,0.0,215.0,0.0,0.0,0.0,0.0,0.0,0.0
2025/12/15,14:22:49,0,0.0,204.0,460.0,254.0,0.0,216.0,0.0,0.0,0.0,0.0,0.0,0.0
2025/12/15,14:22:54,0,1.0,201.0,460.0,254.0,5.0,216.0,1.0,1.0,0.0,0.0,0.0,0.0
2025/12/15,14:22:59,0,0.0,201.0,461.0,255.0,0.0,216.0,0.0,0.0,0.0,0.0,0.0,0.0
2025/12/15,14:23:04,0,0.0,211.0,461.0,254.0,0.0,216.0,0.0,0.0,0.0,0.0,0.0,0.0
2025/12/15,14:23:09,0,0.0,212.0,460.0,253.0,0.0,216.0,0.0,0.0,0.0,0.0,0.0,0.0
2025/12/15,14:23:14,0,0.0,195.0,460.0,254.0,26.0,216.0,4.0,4.0,0.0,0.0,0.0,0.0
2025/12/15,14:23:19,0,0.0,201.0,458.0,254.0,12.0,216.0,2.0,2.0,0.0,0.0,0.0,0.0
2025/12/15,14:23:24,0,0.0,224.0,461.0,254.0,2.0,216.0,1.0,0.0,0.0,0.0,0.0,0.0
2025/12/15,14:23:29,0,0.0,194.0,459.0,254.0,27.0,215.0,4.0,4.0,0.0,0.0,0.0,0.0
2025/12/15,14:23:34,0,0.0,200.0,460.0,254.0,10.0,216.0,2.0,2.0,0.0,0.0,0.0,0.0
2025/12/15,14:23:39,0,2.0,216.0,460.0,254.0,0.0,215.0,0.0,0.0,0.0,0.0,0.0,0.0
2025/12/15,14:23:44,0,0.0,198.0,460.0,254.0,28.0,215.0,5.0,4.0,0.0,0.0,0.0,0.0
2025/12/15,14:23:49,0,0.0,202.0,461.0,254.0,0.0,215.0,0.0,0.0,0.0,0.0,0.0,0.0
2025/12/15,14:23:54,0,0.0,220.0,460.0,254.0,0.0,214.0,1.0,0.0,0.0,0.0,0.0,0.0
2025/12/15,14:23:59,0,0.0,217.0,460.0,253.0,0.0,216.0,0.0,0.0,0.0,0.0,0.0,0.0
2025/12/15,14:24:04,0,0.0,206.0,461.0,254.0,0.0,215.0,0.0,0.0,0.0,0.0,0.0,0.0
2025/12/15,14:24:09,0,1.0,204.0,459.0,252.0,24.0,215.0,5.0,4.0,0.0,0.0,0.0,0.0
2025/12/15,14:24:14,0,0.0,217.0,460.0,254.0,0.0,216.0,1.0,0.0,0.0,0.0,0.0,0.0
2025/12/15,14:24:19,0,0.0,198.0,459.0,255.0,24.0,215.0,4.0,3.0,0.0,0.0,0.0,0.0
2025/12/15,14:24:24,0,0.0,212.0,460.0,256.0,6.0,214.0,2.0,1.0,0.0,0.0,0.0,0.0
2025/12/15,14:24:29,0,0.0,200.0,460.0,254.0,9.0,216.0,1.0,2.0,0.0,0.0,0.0,0.0
2025/12/15,14:24:34,0,0.0,198.0,460.0,254.0,29.0,217.0,4.0,4.0,0.0,0.0,0.0,0.0
2025/12/15,14:24:39,0,0.0,219.0,461.0,254.0,0.0,215.0,1.0,0.0,0.0,0.0,0.0,0.0
2025/12/15,14:24:44,0,3.0,199.0,460.0,254.0,20.0,215.0,3.0,3.0,0.0,0.0,0.0,0.0
2025/12/15,14:24:49,0,4.0,203.0,457.0,254.0,18.0,216.0,2.0,3.0,0.0,0.0,0.0,0.0
2025/12/15,14:24:54,0,1.0,199.0,459.0,254.0,6.0,215.0,1.0,1.0,0.0,0.0,0.0,0.0
2025/12/15,14:24:59,0,0.0,200.0,460.0,255.0,17.0,216.0,3.0,3.0,0.0,0.0,0.0,0.0
2025/12/15,14:25:04,0,2.0,202.0,460.0,253.0,4.0,215.0,1.0,1.0,0.0,0.0,0.0,0.0
2025/12/15,14:25:09,0,0.0,192.0,460.0,254.0,29.0,216.0,4.0,4.0,0.0,0.0,0.0,0.0
2025/12/15,14:25:14,0,0.0,204.0,461.0,255.0,0.0,217.0,0.0,0.0,0.0,0.0,0.0,0.0
2025/12/15,14:25:19,0,0.0,194.0,459.0,254.0,27.0,215.0,5.0,4.0,0.0,0.0,0.0,0.0
2025/12/15,14:25:24,0,0.0,202.0,461.0,254.0,0.0,215.0,0.0,0.0,0.0,0.0,0.0,0.0
2025/12/15,14:25:29,0,0.0,194.0,459.0,254.0,27.0,215.0,6.0,4.0,0.0,0.0,0.0,0.0
2025/12/15,14:25:34,0,0.0,213.0,461.0,254.0,0.0,216.0,0.0,0.0,0.0,0.0,0.0,0.0
2025/12/15,14:25:39,0,0.0,199.0,459.0,254.0,27.0,215.0,5.0,4.0,0.0,0.0,0.0,0.0
2025/12/15,14:25:44,0,0.0,215.0,461.0,253.0,0.0,216.0,0.0,0.0,0.0,0.0,0.0,0.0
2025/12/15,14:25:49,0,0.0,203.0,460.0,254.0,27.0,216.0,5.0,4.0,0.0,0.0,0.0,0.0
2025/12/15,14:25:54,0,1.0,215.0,460.0,253.0,3.0,215.0,1.0,1.0,0.0,0.0,0.0,0.0
2025/12/15,14:25:59,0,0.0,198.0,459.0,254.0,17.0,215.0,3.0,2.0,0.0,0.0,0.0,0.0
2025/12/15,14:26:04,0,0.0,196.0,459.0,254.0,22.0,215.0,4.0,3.0,0.0,0.0,0.0,0.0
2025/12/15,14:26:09,0,1.0,205.0,458.0,254.0,0.0,216.0,0.0,0.0,0.0,0.0,0.0,0.0
2025/12/15,14:26:14,0,0.0,197.0,457.0,254.0,24.0,215.0,5.0,5.0,0.0,0.0,0.0,0.0
2025/12/15,14:26:19,0,0.0,197.0,460.0,254.0,23.0,216.0,5.0,4.0,0.0,0.0,0.0,0.0
2025/12/15,14:26:58,0,0.0,213.0,461.0,255.0,0.0,216.0,0.0,0.0,0.0,0.0,0.0,0.0
2025/12/15,14:27:03,0,1.0,216.0,460.0,254.0,0.0,214.0,1.0,0.0,0.0,0.0,0.0,0.0
2025/12/15,14:27:08,0,0.0,198.0,460.0,254.0,26.0,215.0,4.0,4.0,0.0,0.0,0.0,0.0
2025/12/15,14:27:13,0,1.0,206.0,460.0,254.0,13.0,216.0,3.0,3.0,0.0,0.0,0.0,0.0
2025/12/15,14:27:18,0,0.0,207.0,460.0,254.0,0.0,216.0,0.0,0.0,0.0,0.0,0.0,0.0
2025/12/15,14:27:23,0,0.0,204.0,460.0,255.0,26.0,216.0,5.0,4.0,0.0,0.0,0.0,0.0
2025/12/15,14:27:28,0,0.0,208.0,460.0,255.0,8.0,215.0,3.0,2.0,0.0,0.0,0.0,0.0
2025/12/15,14:27:33,0,0.0,204.0,460.0,253.0,0.0,216.0,0.0,0.0,0.0,0.0,0.0,0.0
2025/12/15,14:27:38,0,0.0,202.0,459.0,254.0,26.0,215.0,5.0,4.0,0.0,0.0,0.0,0.0
2025/12/15,14:27:43,0,0.0,211.0,461.0,254.0,4.0,215.0,2.0,1.0,0.0,0.0,0.0,0.0
2025/12/15,14:27:48,0,0.0,205.0,461.0,254.0,0.0,216.0,0.0,0.0,0.0,0.0,0.0,0.0
2025/12/15,14:27:53,0,0.0,203.0,460.0,254.0,24.0,216.0,4.0,4.0,0.0,0.0,0.0,0.0
2025/12/15,14:27:58,0,0.0,194.0,460.0,254.0,24.0,216.0,4.0,5.0,0.0,0.0,0.0,0.0
2025/12/15,14:28:03,0,0.0,210.0,460.0,256.0,3.0,215.0,2.0,1.0,0.0,0.0,0.0,0.0
2025/12/15,14:28:08,0,0.0,217.0,460.0,254.0,2.0,216.0,1.0,0.0,0.0,0.0,0.0,0.0
2025/12/15,14:28:13,0,0.0,209.0,461.0,254.0,0.0,216.0,0.0,0.0,0.0,0.0,0.0,0.0
2025/12/15,14:28:18,0,1.0,205.0,462.0,254.0,0.0,216.0,0.0,0.0,0.0,0.0,0.0,0.0
2025/12/15,14:28:23,0,0.0,200.0,461.0,253.0,0.0,216.0,0.0,0.0,0.0,0.0,0.0,0.0
2025/12/15,14:28:28,0,0.0,201.0,461.0,254.0,11.0,215.0,2.0,2.0,0.0,0.0,0.0,0.0
2025/12/15,14:28:33,0,0.0,199.0,459.0,253.0,14.0,215.0,3.0,2.0,0.0,0.0,0.0,0.0
2025/12/15,14:28:38,0,0.0,202.0,460.0,254.0,0.0,214.0,0.0,0.0,0.0,0.0,0.0,0.0
2025/12/15,14:28:43,0,0.0,221.0,461.0,254.0,0.0,215.0,1.0,0.0,0.0,0.0,0.0,0.0
2025/12/15,14:28:48,0,0.0,192.0,460.0,254.0,26.0,216.0,5.0,4.0,0.0,0.0,0.0,0.0
2025/12/15,14:28:53,0,0.0,198.0,458.0,254.0,28.0,215.0,5.0,4.0,0.0,0.0,0.0,0.0
2025/12/15,14:28:58,0,0.0,200.0,460.0,254.0,26.0,216.0,5.0,4.0,0.0,0.0,0.0,0.0
2025/12/15,14:29:03,0,0.0,194.0,459.0,254.0,27.0,215.0,5.0,4.0,0.0,0.0,0.0,0.0
2025/12/15,14:29:08,0,0.0,207.0,460.0,256.0,6.0,215.0,2.0,1.0,0.0,0.0,0.0,0.0
2025/12/15,14:29:13,0,0.0,209.0,459.0,254.0,0.0,216.0,0.0,0.0,0.0,0.0,0.0,0.0
2025/12/15,14:29:18,0,0.0,199.0,459.0,253.0,14.0,215.0,3.0,2.0,0.0,0.0,0.0,0.0
2025/12/15,14:29:23,0,0.0,201.0,459.0,253.0,24.0,215.0,5.0,4.0,0.0,0.0,0.0,0.0
2025/12/15,14:29:28,0,0.0,201.0,459.0,254.0,18.0,214.0,4.0,3.0,0.0,0.0,0.0,0.0
2025/12/15,14:29:33,0,0.0,213.0,461.0,254.0,0.0,214.0,0.0,0.0,0.0,0.0,0.0,0.0
2025/12/15,14:29:38,0,0.0,199.0,461.0,254.0,17.0,216.0,2.0,3.0,0.0,0.0,0.0,0.0
2025/12/15,14:29:43,0,0.0,194.0,460.0,254.0,25.0,216.0,4.0,4.0,0.0,0.0,0.0,0.0
2025/12/15,14:29:48,0,0.0,214.0,461.0,254.0,0.0,215.0,0.0,0.0,0.0,0.0,0.0,0.0
2025/12/15,14:29:53,0,0.0,196.0,458.0,254.0,23.0,216.0,4.0,4.0,0.0,0.0,0.0,0.0
2025/12/15,14:29:58,0,0.0,193.0,460.0,253.0,25.0,216.0,5.0,4.0,0.0,0.0,0.0,0.0
2025/12/15,14:30:03,0,0.0,210.0,461.0,254.0,2.0,215.0,1.0,1.0,0.0,0.0,0.0,0.0
2025/12/15,14:30:08,0,0.0,210.0,459.0,254.0,0.0,216.0,0.0,0.0,0.0,0.0,0.0,0.0
2025/12/15,14:30:13,0,2.0,200.0,460.0,253.0,4.0,215.0,1.0,1.0,0.0,0.0,0.0,0.0
2025/12/15,14:30:18,0,0.0,196.0,460.0,254.0,24.0,216.0,4.0,4.0,0.0,0.0,0.0,0.0
2025/12/15,14:30:23,0,0.0,196.0,460.0,254.0,28.0,216.0,4.0,4.0,0.0,0.0,0.0,0.0
2025/12/15,14:30:28,0,0.0,212.0,461.0,254.0,0.0,215.0,1.0,0.0,0.0,0.0,0.0,0.0
2025/12/15,14:30:33,0,0.0,199.0,461.0,252.0,4.0,214.0,0.0,1.0,0.0,0.0,0.0,0.0
2025/12/15,14:30:38,0,0.0,197.0,460.0,254.0,26.0,216.0,3.0,4.0,0.0,0.0,0.0,0.0
2025/12/15,14:30:43,0,0.0,216.0,460.0,254.0,0.0,214.0,1.0,0.0,0.0,0.0,0.0,0.0
2025/12/15,14:30:48,0,0.0,202.0,459.0,253.0,4.0,214.0,0.0,1.0,0.0,0.0,0.0,0.0
2025/12/15,14:30:53,0,0.0,199.0,459.0,253.0,26.0,215.0,5.0,4.0,0.0,0.0,0.0,0.0
2025/12/15,14:30:58,0,0.0,213.0,459.0,254.0,3.0,214.0,1.0,0.0,0.0,0.0,0.0,0.0
2025/12/15,14:31:03,0,0.0,202.0,459.0,255.0,0.0,216.0,0.0,0.0,0.0,0.0,0.0,0.0
2025/12/15,14:31:08,0,0.0,202.0,458.0,254.0,25.0,215.0,5.0,4.0,0.0,0.0,0.0,0.0
2025/12/15,14:31:13,0,0.0,200.0,459.0,254.0,18.0,216.0,4.0,3.0,0.0,0.0,0.0,0.0
2025/12/15,14:31:18,0,1.0,219.0,457.0,254.0,0.0,216.0,0.0,0.0,0.0,0.0,0.0,0.0
2025/12/15,14:31:23,0,0.0,205.0,459.0,254.0,0.0,214.0,0.0,0.0,0.0,0.0,0.0,0.0
2025/12/15,14:31:28,0,0.0,199.0,459.0,254.0,13.0,217.0,2.0,2.0,0.0,0.0,0.0,0.0
2025/12/15,14:31:33,0,2.0,200.0,459.0,253.0,30.0,214.0,5.0,4.0,0.0,0.0,0.0,0.0
2025/12/15,14:31:38,0,1.0,198.0,459.0,253.0,26.0,216.0,4.0,4.0,-0.0008,0.0,0.0,0.0
2025/12/15,14:31:43,0,0.0,197.0,459.0,254.0,22.0,216.0,4.0,3.0,0.0,0.0,0.0,0.0
2025/12/15,14:31:48,0,0.0,209.0,459.0,254.0,2.0,215.0,0.0,1.0,0.0,0.0,0.0,0.0
2025/12/15,14:31:53,0,1.0,212.0,460.0,254.0,0.0,216.0,1.0,0.0,0.0,0.0,0.0,0.0
2025/12/15,14:31:58,0,0.0,202.0,460.0,254.0,5.0,215.0,1.0,1.0,0.0,0.0,0.0,0.0
2025/12/15,14:32:03,0,0.0,201.0,459.0,254.0,26.0,215.0,4.0,4.0,0.0,0.0,0.0,0.0
2025/12/15,14:32:08,0,0.0,192.0,459.0,253.0,25.0,212.0,4.0,5.0,0.0,0.0,0.0,0.0
2025/12/15,14:32:13,0,1.0,216.0,461.0,252.0,0.0,215.0,1.0,0.0,0.0,0.0,0.0,0.0
2025/12/15,14:32:18,0,0.0,201.0,459.0,254.0,24.0,214.0,4.0,4.0,0.0,0.0,0.0,0.0
2025/12/15,14:32:23,0,0.0,216.0,461.0,254.0,1.0,216.0,0.0,0.0,0.0,0.0,0.0,0.0
2025/12/15,14:32:28,0,0.0,199.0,458.0,254.0,26.0,216.0,5.0,4.0,0.0,0.0,0.0,0.0
2025/12/15,14:32:33,0,1.0,216.0,461.0,252.0,0.0,215.0,0.0,0.0,0.0,0.0,0.0,0.0
2025/12/15,14:32:38,0,2.0,202.0,459.0,254.0,26.0,215.0,4.0,4.0,0.0,0.0,0.0,0.0
2025/12/15,14:32:43,0,0.0,212.0,460.0,254.0,1.0,216.0,0.0,0.0,0.0,0.0,0.0,0.0
2025/12/15,14:32:48,0,0.0,197.0,458.0,254.0,26.0,215.0,5.0,4.0,0.0,0.0,0.0,0.0
2025/12/15,14:32:53,0,1.0,215.0,460.0,254.0,0.0,216.0,0.0,0.0,0.0,0.0,0.0,0.0
2025/12/15,14:32:58,0,0.0,200.0,459.0,254.0,27.0,215.0,5.0,4.0,0.0,0.0,0.0,0.0
2025/12/15,14:33:03,0,0.0,212.0,460.0,253.0,0.0,215.0,1.0,0.0,0.0,0.0,0.0,0.0
2025/12/15,14:33:08,0,0.0,202.0,459.0,254.0,26.0,214.0,4.0,4.0,0.0,0.0,0.0,0.0
2025/12/15,14:33:13,0,0.0,208.0,460.0,254.0,0.0,215.0,0.0,0.0,0.0,0.0,0.0,0.0
2025/12/15,14:33:18,0,0.0,192.0,460.0,252.0,24.0,215.0,5.0,4.0,0.0,0.0,0.0,0.0
2025/12/15,14:33:23,0,0.0,197.0,459.0,254.0,22.0,216.0,4.0,3.0,0.0,0.0,0.0,0.0
2025/12/15,14:33:28,0,1.0,212.0,460.0,254.0,0.0,216.0,0.0,0.0,0.0,0.0,0.0,0.0
2025/12/15,14:33:33,0,0.0,193.0,459.0,254.0,26.0,215.0,4.0,4.0,0.0,0.0,0.0,0.0
2025/12/15,14:33:38,0,2.0,200.0,460.0,253.0,15.0,215.0,3.0,2.0,0.0,0.0,0.0,0.0
2025/12/15,14:33:43,0,0.0,216.0,461.0,254.0,1.0,217.0,0.0,0.0,0.0,0.0,0.0,0.0
2025/12/15,14:33:48,0,0.0,199.0,460.0,254.0,27.0,216.0,5.0,4.0,0.0,0.0,0.0,0.0
2025/12/15,14:33:53,0,0.0,203.0,461.0,254.0,0.0,215.0,0.0,0.0,0.0,0.0,0.0,0.0
2025/12/15,14:33:58,0,2.0,207.0,461.0,254.0,7.0,216.0,2.0,1.0,0.0,0.0,0.0,0.0
2025/12/15,14:34:03,0,0.0,200.0,459.0,252.0,27.0,215.0,5.0,4.0,0.0,0.0,0.0,0.0
2025/12/15,14:34:08,0,0.0,200.0,460.0,254.0,5.0,217.0,1.0,1.0,0.0,0.0,0.0,0.0
2025/12/15,14:34:13,0,1.0,218.0,459.0,254.0,1.0,216.0,0.0,1.0,0.0,0.0,0.0,0.0
2025/12/15,14:34:18,0,0.0,199.0,459.0,254.0,21.0,217.0,4.0,3.0,0.0,0.0,0.0,0.0
2025/12/15,14:34:23,0,0.0,200.0,457.0,254.0,26.0,216.0,4.0,4.0,0.0,0.0,0.0,0.0
2025/12/15,14:34:28,0,2.0,200.0,459.0,254.0,4.0,216.0,0.0,0.0,0.0,0.0,0.0,0.0
2025/12/15,14:34:33,0,0.0,210.0,458.0,254.0,0.0,215.0,1.0,0.0,0.0,0.0,0.0,0.0
2025/12/15,14:34:38,0,0.0,211.0,460.0,254.0,6.0,216.0,0.0,1.0,0.0,0.0,0.0,0.0
2025/12/15,14:34:43,0,1.0,191.0,457.0,254.0,27.0,215.0,6.0,4.0,0.0,0.0,0.0,0.0
2025/12/15,14:34:48,0,0.0,197.0,460.0,254.0,23.0,216.0,5.0,4.0,0.0,0.0,0.0,0.0
2025/12/15,14:34:53,0,0.0,205.0,462.0,254.0,0.0,217.0,0.0,0.0,0.0,0.0,0.0,0.0
2025/12/15,14:34:58,0,0.0,215.0,460.0,254.0,1.0,216.0,1.0,0.0,0.0,0.0,0.0,0.0
2025/12/15,14:35:03,0,2.0,195.0,458.0,254.0,24.0,217.0,5.0,3.0,0.0,0.0,0.0,0.0
2025/12/15,14:35:08,0,0.0,199.0,459.0,254.0,28.0,216.0,4.0,4.0,0.0,0.0,0.0,0.0
2025/12/15,14:35:13,0,0.0,195.0,458.0,254.0,25.0,216.0,4.0,4.0,0.0,0.0,0.0,0.0
2025/12/15,14:35:18,0,0.0,197.0,460.0,254.0,14.0,217.0,3.0,2.0,0.0,0.0,0.0,0.0
2025/12/15,14:35:23,0,0.0,201.0,460.0,252.0,0.0,217.0,0.0,1.0,0.0,0.0,0.0,0.0
2025/12/15,14:35:28,0,0.0,212.0,461.0,254.0,0.0,215.0,1.0,0.0,0.0,0.0,0.0,0.0
2025/12/15,14:35:33,0,0.0,213.0,461.0,254.0,1.0,215.0,1.0,1.0,0.0,0.0,0.0,0.0
2025/12/15,14:35:38,0,0.0,195.0,459.0,254.0,24.0,216.0,5.0,4.0,0.0,0.0,0.0,0.0
2025/12/15,14:35:43,0,0.0,195.0,461.0,254.0,27.0,215.0,6.0,4.0,0.0,0.0,0.0,0.0
2025/12/15,14:35:48,0,0.0,199.0,460.0,254.0,15.0,217.0,3.0,2.0,0.0,0.0,0.0,0.0
2025/12/15,14:35:53,0,0.0,213.0,461.0,254.0,0.0,216.0,0.0,0.0,0.0,0.0,0.0,0.0
2025/12/15,14:35:58,0,0.0,207.0,461.0,254.0,5.0,216.0,1.0,1.0,0.0,0.0,0.0,0.0
2025/12/15,14:36:03,0,0.0,193.0,459.0,256.0,27.0,215.0,5.0,4.0,0.0,0.0,0.0,0.0
2025/12/15,14:36:08,0,0.0,199.0,460.0,254.0,27.0,216.0,4.0,4.0,0.0,0.0,0.0,0.0
2025/12/15,14:36:13,0,0.0,204.0,460.0,254.0,25.0,216.0,4.0,4.0,0.0,0.0,0.0,0.0
2025/12/15,14:36:18,0,0.0,198.0,459.0,255.0,17.0,216.0,3.0,3.0,0.0,0.0,0.0,0.0
2025/12/15,14:36:23,0,0.0,203.0,461.0,253.0,0.0,216.0,0.0,0.0,0.0,0.0,0.0,0.0
2025/12/15,14:36:28,0,0.0,219.0,461.0,254.0,1.0,217.0,1.0,0.0,0.0,0.0,0.0,0.0
2025/12/15,14:37:07,0,0.0,203.0,459.0,254.0,35.0,217.0,7.0,5.0,0.0,0.0,0.0,0.0
2025/12/15,14:37:12,0,0.0,212.0,460.0,252.0,0.0,216.0,1.0,1.0,0.0,0.0,0.0,0.0
2025/12/15,14:37:17,0,0.0,201.0,457.0,254.0,18.0,216.0,2.0,3.0,0.0,0.0,0.0,0.0
2025/12/15,14:37:22,0,0.0,193.0,460.0,254.0,26.0,217.0,5.0,5.0,0.0,0.0,0.0,0.0
2025/12/15,14:37:27,0,0.0,195.0,459.0,254.0,28.0,217.0,5.0,4.0,0.0,0.0,0.0,0.0
2025/12/15,14:37:32,0,0.0,201.0,459.0,254.0,26.0,216.0,4.0,4.0,0.0,0.0,0.0,0.0
2025/12/15,14:37:37,0,1.0,198.0,459.0,254.0,23.0,216.0,4.0,5.0,0.0,0.0,0.0,0.0
2025/12/15,14:37:42,0,0.0,199.0,460.0,254.0,13.0,217.0,2.0,2.0,0.0,0.0,0.0,0.0
2025/12/15,14:37:47,0,1.0,200.0,460.0,254.0,5.0,216.0,0.0,1.0,0.0,0.0,0.0,0.0
2025/12/15,14:37:52,0,0.0,204.0,461.0,253.0,0.0,216.0,0.0,0.0,0.0,0.0,0.0,0.0
2025/12/15,14:37:57,0,0.0,210.0,460.0,254.0,0.0,215.0,0.0,0.0,0.0,0.0,0.0,0.0
2025/12/15,14:38:02,0,0.0,218.0,460.0,254.0,1.0,215.0,1.0,0.0,0.0,0.0,0.0,0.0
2025/12/15,14:38:07,0,0.0,212.0,457.0,254.0,6.0,216.0,1.0,1.0,0.0,0.0,0.0,0.0
2025/12/15,14:38:12,0,0.0,203.0,460.0,254.0,14.0,214.0,3.0,2.0,0.0,0.0,0.0,0.0
2025/12/15,14:38:17,0,0.0,213.0,461.0,253.0,0.0,216.0,1.0,0.0,0.0,0.0,0.0,0.0
2025/12/15,14:38:22,0,0.0,213.0,461.0,254.0,0.0,216.0,0.0,0.0,0.0,0.0,0.0,0.0
2025/12/15,14:38:27,0,0.0,210.0,460.0,254.0,0.0,214.0,1.0,0.0,0.0,0.0,0.0,0.0
2025/12/15,14:38:32,0,0.0,206.0,457.0,254.0,0.0,217.0,0.0,0.0,0.0,0.0,0.0,0.0
2025/12/15,14:38:37,0,0.0,202.0,459.0,253.0,5.0,216.0,0.0,1.0,0.0,0.0,0.0,0.0
2025/12/15,14:38:42,0,0.0,196.0,458.0,253.0,22.0,215.0,5.0,3.0,0.0,0.0,0.0,0.0
2025/12/15,14:38:47,0,0.0,202.0,457.0,254.0,25.0,214.0,5.0,4.0,0.0,0.0,0.0,0.0
2025/12/15,14:38:52,0,0.0,195.0,459.0,254.0,27.0,214.0,5.0,4.0,0.0,0.0,0.0,0.0
2025/12/15,14:38:57,0,0.0,202.0,458.0,254.0,14.0,217.0,3.0,3.0,0.0,0.0,0.0,0.0
2025/12/15,14:39:02,0,0.0,212.0,462.0,254.0,2.0,216.0,0.0,1.0,0.0,0.0,0.0,0.0
2025/12/15,14:39:07,0,0.0,210.0,460.0,254.0,0.0,217.0,0.0,0.0,0.0,0.0,0.0,0.0
2025/12/15,14:39:12,0,0.0,202.0,460.0,254.0,8.0,217.0,1.0,1.0,0.0,0.0,0.0,0.0
2025/12/15,14:39:17,0,0.0,205.0,460.0,254.0,25.0,215.0,5.0,4.0,0.0,0.0,0.0,0.0
2025/12/15,14:39:22,0,0.0,193.0,459.0,254.0,26.0,216.0,6.0,5.0,0.0,0.0,0.0,0.0
2025/12/15,14:39:27,0,0.0,206.0,458.0,254.0,10.0,216.0,2.0,2.0,0.0,0.0,0.0,0.0
2025/12/15,14:39:32,0,2.0,214.0,460.0,254.0,0.0,215.0,0.0,0.0,0.0,0.0,0.0,0.0
2025/12/15,14:39:37,0,0.0,216.0,460.0,253.0,0.0,215.0,1.0,0.0,0.0,0.0,0.0,0.0
2025/12/15,14:39:42,0,0.0,202.0,459.0,254.0,0.0,217.0,0.0,0.0,0.0,0.0,0.0,0.0
2025/12/15,14:39:47,0,0.0,198.0,459.0,253.0,12.0,216.0,2.0,2.0,0.0,0.0,0.0,0.0
2025/12/15,14:39:52,0,0.0,198.0,460.0,254.0,21.0,217.0,3.0,3.0,0.0,0.0,0.0,0.0
2025/12/15,14:39:57,0,0.0,195.0,460.0,254.0,23.0,215.0,5.0,3.0,0.0,0.0,0.0,0.0
2025/12/15,14:40:02,0,0.0,199.0,459.0,254.0,26.0,218.0,5.0,4.0,0.0,0.0,0.0,0.0
2025/12/15,14:40:07,0,0.0,199.0,460.0,253.0,24.0,216.0,4.0,4.0,0.0,0.0,0.0,0.0
2025/12/15,14:40:12,0,0.0,199.0,459.0,252.0,26.0,215.0,5.0,4.0,0.0,0.0,0.0,0.0
2025/12/15,14:40:17,0,0.0,198.0,457.0,254.0,23.0,215.0,4.0,3.0,0.0,0.0,0.0,0.0
2025/12/15,14:40:22,0,2.0,200.0,460.0,254.0,12.0,217.0,2.0,2.0,0.0,0.0,0.0,0.0
2025/12/15,14:40:27,0,0.0,200.0,459.0,254.0,2.0,217.0,0.0,1.0,0.0,0.0,0.0,0.0
2025/12/15,14:40:32,0,0.0,205.0,461.0,254.0,0.0,215.0,1.0,0.0,0.0,0.0,0.0,0.0
2025/12/15,14:40:37,0,0.0,209.0,460.0,252.0,0.0,217.0,0.0,0.0,0.0,0.0,0.0,0.0
2025/12/15,14:40:42,0,0.0,212.0,461.0,254.0,0.0,216.0,0.0,0.0,0.0,0.0,0.0,0.0
2025/12/15,14:40:47,0,0.0,214.0,461.0,254.0,3.0,217.0,0.0,0.0,0.0,0.0,0.0,0.0
2025/12/15,14:40:52,0,0.0,208.0,460.0,254.0,11.0,216.0,2.0,2.0,0.0,0.0,0.0,0.0
2025/12/15,14:40:57,0,0.0,191.0,460.0,254.0,27.0,217.0,5.0,5.0,0.0,0.0,0.0,0.0
2025/12/15,14:41:02,0,0.0,198.0,460.0,255.0,24.0,217.0,4.0,4.0,0.0,0.0,0.0,0.0
2025/12/15,14:41:07,0,0.0,201.0,461.0,254.0,0.0,216.0,0.0,0.0,0.0,0.0,0.0,0.0
2025/12/15,14:41:12,0,1.0,211.0,461.0,253.0,0.0,217.0,1.0,0.0,0.0,0.0,0.0,0.0
2025/12/15,14:41:17,0,0.0,211.0,460.0,253.0,3.0,217.0,0.0,1.0,0.0,0.0,0.0,0.0
2025/12/15,14:41:22,0,0.0,193.0,459.0,254.0,26.0,215.0,5.0,4.0,0.0,0.0,0.0,0.0
2025/12/15,14:41:27,0,0.0,197.0,459.0,254.0,26.0,216.0,5.0,4.0,0.0,0.0,0.0,0.0
2025/12/15,14:41:32,0,0.0,202.0,459.0,253.0,0.0,216.0,0.0,0.0,0.0,0.0,0.0,0.0
2025/12/15,14:41:37,0,0.0,217.0,461.0,254.0,0.0,216.0,0.0,0.0,0.0,0.0,0.0,0.0
2025/12/15,14:41:42,0,0.0,192.0,459.0,254.0,26.0,215.0,5.0,4.0,0.0,0.0,0.0,0.0
2025/12/15,14:41:47,0,0.0,200.0,460.0,254.0,17.0,217.0,2.0,3.0,0.0,0.0,0.0,0.0
2025/12/15,14:41:52,0,0.0,216.0,460.0,254.0,0.0,215.0,1.0,1.0,0.0,0.0,0.0,0.0
2025/12/15,14:41:57,0,0.0,196.0,460.0,254.0,26.0,216.0,4.0,4.0,0.0,0.0,0.0,0.0
2025/12/15,14:42:02,0,0.0,199.0,460.0,254.0,11.0,215.0,3.0,2.0,0.0,0.0,0.0,0.0
2025/12/15,14:42:07,0,0.0,218.0,460.0,254.0,0.0,215.0,1.0,1.0,0.0,0.0,0.0,0.0
2025/12/15,14:42:12,0,0.0,192.0,459.0,254.0,27.0,216.0,4.0,4.0,0.0,0.0,0.0,0.0
2025/12/15,14:42:17,0,0.0,199.0,459.0,254.0,19.0,216.0,4.0,3.0,0.0,0.0,0.0,0.0
2025/12/15,14:42:22,0,0.0,217.0,460.0,254.0,1.0,217.0,0.0,0.0,0.0,0.0,0.0,0.0
2025/12/15,14:42:27,0,0.0,194.0,459.0,254.0,26.0,217.0,5.0,4.0,0.0,0.0,0.0,0.0
2025/12/15,14:42:32,0,0.0,200.0,460.0,254.0,15.0,216.0,3.0,2.0,0.0,0.0,0.0,0.0
2025/12/15,14:42:37,0,0.0,210.0,461.0,253.0,0.0,217.0,0.0,0.0,0.0,0.0,0.0,0.0
2025/12/15,14:42:42,0,0.0,202.0,460.0,254.0,20.0,217.0,3.0,3.0,0.0,0.0,0.0,0.0
2025/12/15,14:42:47,0,0.0,197.0,460.0,254.0,26.0,216.0,4.0,4.0,0.0,0.0,0.0,0.0
2025/12/15,14:42:52,0,8.0,218.0,461.0,254.0,0.0,215.0,1.0,0.0,0.0,0.0,0.0,0.0
2025/12/15,14:42:57,0,0.0,200.0,460.0,254.0,25.0,216.0,4.0,4.0,0.0,0.0,0.0,0.0
2025/12/15,14:43:02,0,0.0,206.0,461.0,254.0,0.0,216.0,0.0,0.0,0.0,0.0,0.0,0.0
2025/12/15,14:43:07,0,0.0,194.0,458.0,254.0,28.0,217.0,5.0,4.0,0.0,0.0,0.0,0.0
2025/12/15,14:43:12,0,0.0,208.0,461.0,254.0,0.0,215.0,0.0,0.0,0.0,0.0,0.0,0.0
2025/12/15,14:43:17,0,0.0,201.0,459.0,254.0,26.0,215.0,5.0,4.0,0.0,0.0,0.0,0.0
2025/12/15,14:43:22,0,0.0,217.0,461.0,254.0,0.0,217.0,0.0,0.0,0.0,0.0,0.0,0.0
2025/12/15,14:43:27,0,0.0,197.0,460.0,254.0,27.0,216.0,4.0,4.0,0.0,0.0,0.0,0.0
2025/12/15,14:43:32,0,0.0,207.0,461.0,254.0,0.0,216.0,0.0,0.0,0.0,0.0,0.0,0.0
2025/12/15,14:43:37,0,0.0,195.0,459.0,253.0,27.0,216.0,5.0,4.0,0.0,0.0,0.0,0.0
2025/12/15,14:43:42,0,0.0,213.0,461.0,254.0,0.0,215.0,1.0,0.0,0.0,0.0,0.0,0.0
2025/12/15,14:43:47,0,0.0,198.0,460.0,254.0,24.0,216.0,4.0,4.0,0.0,0.0,0.0,0.0
2025/12/15,14:43:52,0,0.0,194.0,460.0,254.0,26.0,216.0,4.0,5.0,0.0,0.0,0.0,0.0
2025/12/15,14:43:57,0,0.0,210.0,461.0,254.0,5.0,216.0,1.0,1.0,0.0,0.0,0.0,0.0
2025/12/15,14:44:02,0,0.0,214.0,461.0,254.0,2.0,215.0,0.0,0.0,0.0,0.0,0.0,0.0
2025/12/15,14:44:07,0,2.0,201.0,461.0,253.0,4.0,217.0,0.0,1.0,0.0,0.0,0.0,0.0
2025/12/15,14:44:12,0,0.0,201.0,457.0,254.0,26.0,217.0,4.0,4.0,0.0,0.0,0.0,0.0
2025/12/15,14:44:17,0,0.0,207.0,460.0,253.0,8.0,216.0,1.0,2.0,0.0,0.0,0.0,0.0
2025/12/15,14:44:22,0,0.0,208.0,461.0,254.0,0.0,215.0,0.0,0.0,0.0,0.0,0.0,0.0
2025/12/15,14:44:27,0,1.0,200.0,459.0,254.0,13.0,215.0,3.0,2.0,0.0,0.0,0.0,0.0
2025/12/15,14:44:32,0,0.0,196.0,457.0,254.0,23.0,214.0,5.0,3.0,0.0,0.0,0.0,0.0
2025/12/15,14:44:37,0,0.0,196.0,459.0,254.0,22.0,215.0,4.0,3.0,0.0,0.0,0.0,0.0
2025/12/15,14:44:42,0,0.0,197.0,460.0,254.0,20.0,216.0,3.0,3.0,0.0,0.0,0.0,0.0
2025/12/15,14:44:47,0,0.0,198.0,460.0,253.0,18.0,216.0,3.0,3.0,0.0,0.0,0.0,0.0
2025/12/15,14:44:52,0,0.0,201.0,460.0,253.0,11.0,216.0,1.0,2.0,0.0,0.0,0.0,0.0
2025/12/15,14:44:57,0,0.0,203.0,458.0,254.0,7.0,216.0,1.0,1.0,0.0,0.0,0.0,0.0
2025/12/15,14:45:02,0,0.0,200.0,460.0,253.0,8.0,215.0,1.0,1.0,0.0,0.0,0.0,0.0
2025/12/15,14:45:07,0,0.0,202.0,460.0,253.0,3.0,216.0,0.0,0.0,0.0,0.0,0.0,0.0
2025/12/15,14:45:12,0,0.0,209.0,461.0,254.0,0.0,216.0,0.0,0.0,0.0,0.0,0.0,0.0
2025/12/15,14:45:17,0,0.0,213.0,461.0,254.0,1.0,216.0,0.0,1.0,0.0,0.0,0.0,0.0
2025/12/15,14:45:22,0,0.0,195.0,457.0,254.0,28.0,215.0,5.0,4.0,0.0,0.0,0.0,0.0
2025/12/15,14:45:27,0,0.0,201.0,461.0,254.0,9.0,215.0,2.0,1.0,0.0,0.0,0.0,0.0
2025/12/15,14:45:32,0,0.0,213.0,461.0,254.0,2.0,217.0,0.0,0.0,0.0,0.0,0.0,0.0
2025/12/15,14:45:37,0,0.0,199.0,459.0,252.0,27.0,216.0,5.0,4.0,0.0,0.0,0.0,0.0
2025/12/15,14:45:42,0,0.0,202.0,460.0,254.0,8.0,217.0,1.0,2.0,0.0,0.0,0.0,0.0
2025/12/15,14:45:47,0,0.0,217.0,461.0,253.0,2.0,216.0,0.0,0.0,0.0,0.0,0.0,0.0
2025/12/15,14:45:52,0,0.0,196.0,459.0,254.0,28.0,216.0,5.0,4.0,0.0,0.0,0.0,0.0
2025/12/15,14:45:57,0,0.0,201.0,460.0,254.0,6.0,216.0,0.0,1.0,0.0,0.0,0.0,0.0
2025/12/15,14:46:02,0,0.0,210.0,458.0,254.0,5.0,217.0,2.0,1.0,0.0,0.0,0.0,0.0
2025/12/15,14:46:07,0,0.0,202.0,460.0,254.0,24.0,216.0,5.0,4.0,0.0,0.0,0.0,0.0
2025/12/15,14:46:12,0,0.0,211.0,458.0,254.0,0.0,217.0,0.0,0.0,0.0,0.0,0.0,0.0
2025/12/15,14:46:17,0,0.0,196.0,456.0,254.0,25.0,215.0,5.0,4.0,0.0,0.0,0.0,0.0
2025/12/15,14:46:22,0,0.0,207.0,459.0,254.0,0.0,216.0,0.0,0.0,0.0,0.0,0.0,0.0
2025/12/15,14:46:27,0,0.0,200.0,460.0,253.0,20.0,216.0,3.0,4.0,-0.0008,0.0,0.0,0.0
2025/12/15,14:46:32,0,0.0,199.0,459.0,254.0,26.0,216.0,5.0,4.0,0.0,0.0,0.0,0.0
2025/12/15,14:46:37,0,0.0,199.0,459.0,252.0,20.0,216.0,4.0,3.0,0.0,0.0,0.0,0.0
2025/12/15,14:47:09,0,1.0,203.0,460.0,252.0,14.0,215.0,2.0,2.0,0.0,0.0,0.0,0.0
2025/12/15,14:47:11,0,0.0,193.0,460.0,254.0,24.0,216.0,5.0,5.0,0.0,0.0,0.0,0.0
2025/12/15,14:47:16,0,0.0,203.0,459.0,253.0,25.0,216.0,5.0,3.0,0.0,0.0,0.0,0.0
2025/12/15,14:47:21,0,0.0,201.0,458.0,254.0,0.0,217.0,0.0,0.0,0.0,0.0,0.0,0.0
2025/12/15,14:47:26,0,0.0,218.0,460.0,254.0,2.0,216.0,1.0,0.0,0.0,0.0,0.0,0.0
2025/12/15,14:47:31,0,0.0,194.0,460.0,254.0,23.0,216.0,3.0,4.0,0.0,0.0,0.0,0.0
2025/12/15,14:47:36,0,0.0,202.0,459.0,254.0,26.0,216.0,5.0,4.0,0.0,0.0,0.0,0.0
2025/12/15,14:47:41,0,0.0,201.0,460.0,254.0,12.0,216.0,1.0,2.0,0.0,0.0,0.0,0.0
2025/12/15,14:47:46,0,0.0,213.0,460.0,254.0,0.0,217.0,0.0,0.0,0.0,0.0,0.0,0.0
2025/12/15,14:47:51,0,0.0,203.0,460.0,254.0,15.0,217.0,2.0,3.0,0.0,0.0,0.0,0.0
2025/12/15,14:47:56,0,0.0,201.0,457.0,254.0,27.0,215.0,5.0,4.0,0.0,0.0,0.0,0.0
2025/12/15,14:48:01,0,0.0,201.0,460.0,255.0,6.0,216.0,0.0,1.0,0.0,0.0,0.0,0.0
2025/12/15,14:48:06,0,0.0,218.0,461.0,254.0,1.0,217.0,1.0,1.0,0.0,0.0,0.0,0.0
2025/12/15,14:48:11,0,0.0,195.0,460.0,253.0,25.0,216.0,3.0,4.0,0.0,0.0,0.0,0.0
2025/12/15,14:48:16,0,0.0,200.0,459.0,254.0,26.0,216.0,5.0,4.0,0.0,0.0,0.0,0.0
2025/12/15,14:48:21,0,0.0,203.0,460.0,252.0,0.0,217.0,0.0,0.0,0.0,0.0,0.0,0.0
2025/12/15,14:48:26,0,0.0,216.0,460.0,254.0,0.0,217.0,0.0,0.0,0.0,0.0,0.0,0.0
2025/12/15,14:48:31,0,0.0,193.0,456.0,254.0,27.0,216.0,6.0,5.0,0.0,0.0,0.0,0.0
2025/12/15,14:48:36,0,0.0,199.0,457.0,254.0,19.0,216.0,3.0,3.0,0.0,0.0,0.0,0.0
2025/12/15,14:48:41,0,0.0,219.0,461.0,254.0,0.0,215.0,1.0,0.0,0.0,0.0,0.0,0.0
2025/12/15,14:48:46,0,0.0,195.0,458.0,254.0,27.0,215.0,4.0,4.0,0.0,0.0,0.0,0.0
2025/12/15,14:48:51,0,0.0,199.0,460.0,254.0,3.0,216.0,0.0,1.0,0.0,0.0,0.0,0.0
2025/12/15,14:48:56,0,0.0,195.0,457.0,254.0,24.0,215.0,4.0,4.0,0.0,0.0,0.0,0.0
2025/12/15,14:49:01,0,0.0,202.0,461.0,254.0,0.0,215.0,0.0,1.0,0.0,0.0,0.0,0.0
2025/12/15,14:49:06,0,0.0,194.0,459.0,254.0,29.0,216.0,6.0,5.0,0.0,0.0,0.0,0.0
2025/12/15,14:49:11,0,0.0,201.0,460.0,254.0,1.0,216.0,0.0,1.0,0.0,0.0,0.0,0.0
2025/12/15,14:49:16,0,0.0,206.0,460.0,253.0,10.0,217.0,2.0,2.0,0.0,0.0,0.0,0.0
2025/12/15,14:49:21,0,0.0,196.0,460.0,254.0,24.0,215.0,5.0,4.0,0.0,0.0,0.0,0.0
2025/12/15,14:49:26,0,0.0,217.0,460.0,254.0,1.0,216.0,0.0,0.0,0.0,0.0,0.0,0.0
2025/12/15,14:49:31,0,0.0,197.0,459.0,254.0,27.0,216.0,5.0,4.0,0.0,0.0,0.0,0.0
2025/12/15,14:49:36,0,0.0,204.0,460.0,254.0,0.0,215.0,0.0,0.0,0.0,0.0,0.0,0.0
2025/12/15,14:49:41,0,0.0,205.0,461.0,254.0,12.0,215.0,3.0,2.0,0.0,0.0,0.0,0.0
2025/12/15,14:49:46,0,0.0,201.0,459.0,253.0,26.0,216.0,3.0,4.0,0.0,0.0,0.0,0.0
2025/12/15,14:49:51,0,0.0,202.0,460.0,254.0,0.0,216.0,0.0,0.0,0.0,0.0,0.0,0.0
2025/12/15,14:49:56,0,0.0,216.0,460.0,253.0,0.0,215.0,1.0,1.0,0.0,0.0,0.0,0.0
2025/12/15,14:50:01,0,0.0,201.0,460.0,254.0,21.0,217.0,3.0,4.0,0.0,0.0,0.0,0.0
2025/12/15,14:50:06,0,1.0,196.0,459.0,254.0,28.0,215.0,5.0,4.0,0.0,0.0,0.0,0.0
2025/12/15,14:50:11,0,0.0,200.0,459.0,253.0,15.0,215.0,3.0,3.0,0.0,0.0,0.0,0.0
2025/12/15,14:50:16,0,1.0,214.0,458.0,254.0,1.0,216.0,0.0,0.0,0.0,0.0,0.0,0.0
2025/12/15,14:50:21,0,0.0,193.0,459.0,253.0,27.0,216.0,5.0,4.0,0.0,0.0,0.0,0.0
2025/12/15,14:50:26,0,0.0,200.0,460.0,254.0,14.0,217.0,2.0,2.0,0.0,0.0,0.0,0.0
2025/12/15,14:50:31,0,0.0,217.0,460.0,252.0,2.0,216.0,0.0,0.0,0.0,0.0,0.0,0.0
2025/12/15,14:50:36,0,0.0,195.0,459.0,254.0,28.0,215.0,5.0,4.0,0.0,0.0,0.0,0.0
2025/12/15,14:50:41,0,0.0,198.0,459.0,253.0,11.0,216.0,1.0,1.0,0.0,0.0,0.0,0.0
2025/12/15,14:50:46,0,0.0,218.0,460.0,254.0,1.0,216.0,0.0,0.0,0.0,0.0,0.0,0.0
2025/12/15,14:50:51,0,0.0,192.0,460.0,254.0,27.0,217.0,4.0,4.0,0.0,0.0,0.0,0.0
2025/12/15,14:50:56,0,1.0,201.0,459.0,254.0,24.0,217.0,4.0,4.0,0.0,0.0,0.0,0.0
2025/12/15,14:51:01,0,2.0,201.0,460.0,253.0,6.0,216.0,0.0,0.0,0.0,0.0,0.0,0.0
2025/12/15,14:51:06,0,1.0,212.0,460.0,254.0,0.0,215.0,1.0,0.0,0.0,0.0,0.0,0.0
2025/12/15,14:51:11,0,0.0,211.0,460.0,254.0,5.0,217.0,1.0,1.0,0.0,0.0,0.0,0.0
2025/12/15,14:51:16,0,0.0,194.0,458.0,254.0,25.0,215.0,5.0,4.0,0.0,0.0,0.0,0.0
2025/12/15,14:51:21,0,0.0,199.0,459.0,254.0,28.0,217.0,5.0,4.0,0.0,0.0,0.0,0.0
2025/12/15,14:51:26,0,0.0,197.0,459.0,254.0,24.0,216.0,4.0,5.0,0.0,0.0,0.0,0.0
2025/12/15,14:51:31,0,1.0,206.0,461.0,252.0,0.0,217.0,0.0,0.0,0.0,0.0,0.0,0.0
2025/12/15,14:51:36,0,1.0,210.0,459.0,254.0,11.0,215.0,2.0,1.0,0.0,0.0,0.0,0.0
2025/12/15,14:51:41,0,0.0,197.0,457.0,254.0,27.0,215.0,5.0,4.0,0.0,0.0,0.0,0.0
2025/12/15,14:51:46,0,0.0,197.0,459.0,254.0,14.0,215.0,3.0,3.0,0.0,0.0,0.0,0.0
2025/12/15,14:51:51,0,0.0,206.0,461.0,254.0,0.0,217.0,0.0,0.0,0.0,0.0,0.0,0.0
2025/12/15,14:51:56,0,1.0,218.0,461.0,256.0,0.0,215.0,1.0,0.0,0.0,0.0,0.0,0.0
2025/12/15,14:52:01,0,0.0,213.0,460.0,253.0,3.0,218.0,1.0,1.0,0.0,0.0,0.0,0.0
2025/12/15,14:52:06,0,0.0,212.0,460.0,252.0,1.0,215.0,0.0,0.0,0.0,0.0,0.0,0.0
2025/12/15,14:52:11,0,0.0,215.0,458.0,254.0,0.0,216.0,0.0,0.0,0.0,0.0,0.0,0.0
2025/12/15,14:52:16,0,0.0,204.0,461.0,254.0,0.0,217.0,0.0,0.0,0.0,0.0,0.0,0.0
2025/12/15,14:52:21,0,1.0,199.0,459.0,253.0,21.0,216.0,4.0,3.0,0.0,0.0,0.0,0.0
2025/12/15,14:52:26,0,0.0,196.0,458.0,252.0,28.0,215.0,5.0,4.0,0.0,0.0,0.0,0.0
2025/12/15,14:52:31,0,0.0,201.0,459.0,254.0,20.0,215.0,4.0,3.0,0.0,0.0,0.0,0.0
2025/12/15,14:52:36,0,0.0,215.0,459.0,253.0,3.0,217.0,0.0,0.0,0.0,0.0,0.0,0.0
2025/12/15,14:52:41,0,0.0,212.0,460.0,253.0,0.0,215.0,0.0,0.0,0.0,0.0,0.0,0.0
2025/12/15,14:52:46,0,0.0,202.0,460.0,254.0,0.0,215.0,0.0,1.0,0.0,0.0,0.0,0.0
2025/12/15,14:52:51,0,0.0,198.0,459.0,254.0,21.0,217.0,4.0,3.0,0.0,0.0,0.0,0.0
2025/12/15,14:52:56,0,0.0,202.0,459.0,254.0,27.0,217.0,5.0,4.0,0.0,0.0,0.0,0.0
2025/12/15,14:53:01,0,0.0,195.0,459.0,254.0,27.0,217.0,5.0,4.0,0.0,0.0,0.0,0.0
2025/12/15,14:53:06,0,0.0,193.0,458.0,254.0,28.0,217.0,6.0,4.0,0.0,0.0,0.0,0.0
2025/12/15,14:53:11,0,0.0,195.0,457.0,254.0,27.0,215.0,5.0,4.0,0.0,0.0,0.0,0.0
2025/12/15,14:53:16,0,0.0,199.0,459.0,254.0,28.0,215.0,5.0,4.0,0.0,0.0,0.0,0.0
2025/12/15,14:53:21,0,0.0,202.0,458.0,252.0,25.0,215.0,5.0,4.0,0.0,0.0,0.0,0.0
2025/12/15,14:53:26,0,0.0,197.0,459.0,254.0,22.0,215.0,5.0,4.0,0.0,0.0,0.0,0.0
2025/12/15,14:53:31,0,0.0,202.0,460.0,254.0,4.0,217.0,1.0,1.0,0.0,0.0,0.0,0.0
2025/12/15,14:53:36,0,0.0,211.0,459.0,254.0,0.0,217.0,0.0,0.0,0.0,0.0,0.0,0.0
2025/12/15,14:53:41,0,0.0,210.0,459.0,254.0,5.0,216.0,1.0,1.0,0.0,0.0,0.0,0.0
2025/12/15,14:53:46,0,0.0,199.0,457.0,254.0,28.0,215.0,4.0,4.0,0.0,0.0,0.0,0.0
2025/12/15,14:53:51,0,0.0,202.0,460.0,254.0,6.0,216.0,0.0,0.0,0.0,0.0,0.0,0.0
2025/12/15,14:53:56,0,0.0,218.0,459.0,253.0,2.0,217.0,1.0,0.0,0.0,0.0,0.0,0.0
2025/12/15,14:54:01,0,2.0,192.0,458.0,254.0,27.0,215.0,4.0,4.0,0.0,0.0,0.0,0.0
2025/12/15,14:54:06,0,0.0,202.0,458.0,253.0,26.0,217.0,5.0,4.0,0.0,0.0,0.0,0.0
2025/12/15,14:54:11,0,0.0,199.0,459.0,254.0,9.0,216.0,1.0,2.0,0.0,0.0,0.0,0.0
2025/12/15,14:54:16,0,0.0,211.0,459.0,254.0,0.0,216.0,0.0,0.0,0.0,0.0,0.0,0.0
2025/12/15,14:54:21,0,0.0,208.0,459.0,254.0,9.0,216.0,2.0,1.0,0.0,0.0,0.0,0.0
2025/12/15,14:54:26,0,0.0,198.0,457.0,254.0,27.0,217.0,5.0,4.0,0.0,0.0,0.0,0.0
2025/12/15,14:54:31,0,0.0,200.0,459.0,254.0,4.0,216.0,0.0,1.0,0.0,0.0,0.0,0.0
2025/12/15,14:54:36,0,0.0,211.0,458.0,253.0,3.0,217.0,1.0,1.0,0.0,0.0,0.0,0.0
2025/12/15,14:54:41,0,0.0,200.0,458.0,254.0,27.0,216.0,4.0,4.0,0.0,0.0,0.0,0.0
2025/12/15,14:54:46,0,0.0,201.0,459.0,254.0,4.0,216.0,0.0,1.0,0.0,0.0,0.0,0.0
2025/12/15,14:54:51,0,0.0,211.0,459.0,254.0,9.0,215.0,2.0,2.0,0.0,0.0,0.0,0.0
2025/12/15,14:54:56,0,0.0,196.0,457.0,254.0,24.0,216.0,4.0,4.0,0.0,0.0,0.0,0.0
2025/12/15,14:55:01,0,0.0,212.0,459.0,254.0,3.0,216.0,1.0,0.0,0.0,0.0,0.0,0.0
2025/12/15,14:55:06,0,0.0,203.0,456.0,254.0,27.0,216.0,4.0,4.0,0.0,0.0,0.0,0.0
2025/12/15,14:55:11,0,0.0,202.0,459.0,254.0,0.0,217.0,0.0,0.0,0.0,0.0,0.0,0.0
2025/12/15,14:55:16,0,1.0,217.0,460.0,254.0,0.0,215.0,1.0,1.0,0.0,0.0,0.0,0.0
2025/12/15,14:55:21,0,0.0,194.0,459.0,254.0,26.0,217.0,5.0,5.0,0.0,0.0,0.0,0.0
2025/12/15,14:55:26,0,0.0,201.0,459.0,254.0,10.0,215.0,2.0,2.0,0.0,0.0,0.0,0.0
2025/12/15,14:55:31,0,1.0,211.0,457.0,254.0,3.0,216.0,1.0,1.0,0.0,0.0,0.0,0.0
2025/12/15,14:55:36,0,0.0,199.0,458.0,254.0,28.0,215.0,5.0,4.0,0.0,0.0,0.0,0.0
2025/12/15,14:55:41,0,0.0,200.0,458.0,253.0,7.0,216.0,1.0,1.0,0.0,0.0,0.0,0.0
2025/12/15,14:55:46,0,1.0,218.0,460.0,254.0,0.0,215.0,1.0,0.0,0.0,0.0,0.0,0.0
2025/12/15,14:55:51,0,0.0,193.0,458.0,252.0,27.0,215.0,5.0,4.0,0.0,0.0,0.0,0.0
2025/12/15,14:55:56,0,0.0,198.0,458.0,254.0,17.0,216.0,4.0,3.0,0.0,0.0,0.0,0.0
2025/12/15,14:56:01,0,1.0,213.0,459.0,253.0,0.0,217.0,0.0,0.0,0.0,0.0,0.0,0.0
2025/12/15,14:56:06,0,0.0,199.0,459.0,254.0,21.0,217.0,4.0,4.0,0.0,0.0,0.0,0.0
2025/12/15,14:56:11,0,2.0,199.0,457.0,254.0,26.0,217.0,4.0,4.0,0.0,0.0,0.0,0.0
2025/12/15,14:56:16,0,0.0,201.0,456.0,253.0,0.0,217.0,0.0,1.0,0.0,0.0,0.0,0.0
2025/12/15,14:56:21,0,0.0,219.0,459.0,254.0,0.0,216.0,0.0,0.0,0.0,0.0,0.0,0.0
2025/12/15,14:56:26,0,0.0,193.0,460.0,253.0,26.0,215.0,5.0,4.0,0.0,0.0,0.0,0.0
2025/12/15,14:56:31,0,0.0,200.0,459.0,252.0,17.0,215.0,4.0,2.0,0.0,0.0,0.0,0.0
2025/12/15,14:56:36,0,0.0,218.0,458.0,254.0,2.0,216.0,1.0,0.0,0.0,0.0,0.0,0.0
2025/12/15,14:56:41,0,0.0,193.0,456.0,254.0,28.0,215.0,5.0,4.0,0.0,0.0,0.0,0.0
2025/12/15,14:56:46,0,1.0,197.0,458.0,254.0,24.0,216.0,4.0,3.0,0.0,0.0,0.0,0.0
2025/12/15,14:57:36,0,0.0,195.0,458.0,253.0,27.0,215.0,5.0,3.0,0.0,0.0,0.0,0.0
2025/12/15,14:57:41,0,0.0,196.0,456.0,254.0,23.0,217.0,4.0,4.0,0.0,0.0,0.0,0.0
2025/12/15,14:57:46,0,0.0,200.0,458.0,254.0,14.0,215.0,3.0,2.0,0.0,0.0,0.0,0.0
2025/12/15,14:57:51,0,0.0,206.0,459.0,253.0,0.0,215.0,0.0,0.0,0.0,0.0,0.0,0.0
2025/12/15,14:57:56,0,0.0,211.0,458.0,254.0,5.0,217.0,1.0,1.0,0.0,0.0,0.0,0.0
2025/12/15,14:58:01,0,0.0,198.0,458.0,252.0,28.0,215.0,5.0,2.0,0.0,0.0,0.0,0.0
2025/12/15,14:58:06,0,0.0,203.0,460.0,254.0,0.0,216.0,0.0,0.0,0.0,0.0,0.0,0.0
2025/12/15,14:58:11,0,0.0,208.0,459.0,254.0,8.0,216.0,3.0,2.0,0.0,0.0,0.0,0.0
2025/12/15,14:58:16,0,0.0,203.0,458.0,254.0,26.0,216.0,4.0,4.0,0.0,0.0,0.0,0.0
2025/12/15,14:58:21,0,0.0,205.0,457.0,254.0,0.0,216.0,0.0,0.0,0.0,0.0,0.0,0.0
2025/12/15,14:58:26,0,0.0,211.0,457.0,253.0,7.0,216.0,1.0,1.0,0.0,0.0,0.0,0.0
2025/12/15,14:58:31,0,0.0,200.0,458.0,252.0,27.0,215.0,5.0,3.0,0.0,0.0,0.0,0.0
2025/12/15,14:58:36,0,0.0,200.0,459.0,254.0,8.0,216.0,1.0,1.0,0.0,0.0,0.0,0.0
2025/12/15,14:58:41,0,0.0,217.0,459.0,253.0,1.0,216.0,0.0,0.0,0.0,0.0,0.0,0.0
2025/12/15,14:58:46,0,0.0,194.0,458.0,254.0,28.0,217.0,5.0,4.0,0.0,0.0,0.0,0.0
2025/12/15,14:58:51,0,0.0,202.0,458.0,254.0,24.0,217.0,5.0,4.0,0.0,0.0,0.0,0.0
2025/12/15,14:58:56,0,0.0,199.0,458.0,254.0,27.0,216.0,5.0,4.0,0.0,0.0,0.0,0.0
2025/12/15,14:59:01,0,0.0,209.0,459.0,254.0,6.0,217.0,1.0,1.0,0.0,0.0,0.0,0.0
2025/12/15,14:59:06,0,0.0,200.0,459.0,254.0,11.0,216.0,1.0,2.0,0.0,0.0,0.0,0.0
2025/12/15,14:59:11,0,0.0,197.0,458.0,253.0,27.0,216.0,5.0,3.0,0.0,0.0,0.0,0.0
2025/12/15,14:59:16,0,0.0,207.0,460.0,254.0,0.0,215.0,0.0,0.0,0.0,0.0,0.0,0.0
2025/12/15,14:59:21,0,0.0,195.0,458.0,254.0,26.0,216.0,5.0,4.0,0.0,0.0,0.0,0.0
2025/12/15,14:59:26,0,0.0,211.0,457.0,254.0,0.0,217.0,0.0,0.0,0.0,0.0,0.0,0.0
2025/12/15,14:59:31,0,0.0,203.0,459.0,254.0,28.0,217.0,5.0,4.0,0.0,0.0,0.0,0.0
2025/12/15,14:59:36,0,0.0,215.0,459.0,253.0,2.0,215.0,2.0,1.0,0.0,0.0,0.0,0.0
2025/12/15,14:59:41,0,0.0,199.0,459.0,254.0,15.0,216.0,3.0,3.0,0.0,0.0,0.0,0.0
2025/12/15,14:59:46,0,0.0,199.0,460.0,253.0,18.0,216.0,3.0,4.0,0.0,0.0,0.0,0.0
2025/12/15,14:59:51,0,0.0,200.0,461.0,254.0,3.0,216.0,0.0,1.0,0.0,0.0,0.0,0.0
2025/12/15,14:59:56,0,0.0,195.0,459.0,253.0,24.0,217.0,4.0,4.0,0.0,0.0,0.0,0.0
2025/12/15,15:00:01,0,0.0,200.0,459.0,254.0,9.0,216.0,1.0,1.0,0.0,0.0,0.0,0.0
2025/12/15,15:00:06,0,0.0,208.0,459.0,253.0,10.0,216.0,2.0,1.0,0.0,0.0,0.0,0.0
2025/12/15,15:00:11,0,0.0,198.0,458.0,254.0,26.0,216.0,5.0,4.0,0.0,0.0,0.0,0.0
2025/12/15,15:00:16,0,0.0,210.0,460.0,254.0,0.0,216.0,0.0,0.0,0.0,0.0,0.0,0.0
2025/12/15,15:00:21,0,0.0,207.0,456.0,254.0,10.0,216.0,2.0,2.0,0.0,0.0,0.0,0.0
2025/12/15,15:00:26,0,0.0,195.0,459.0,254.0,27.0,216.0,5.0,4.0,0.0,0.0,0.0,0.0
2025/12/15,15:00:31,0,1.0,197.0,457.0,254.0,25.0,217.0,4.0,3.0,0.0,0.0,0.0,0.0
2025/12/15,15:00:36,0,0.0,206.0,458.0,254.0,0.0,216.0,0.0,0.0,0.0,0.0,0.0,0.0
2025/12/15,15:00:41,0,0.0,207.0,460.0,254.0,10.0,217.0,3.0,2.0,0.0,0.0,0.0,0.0
2025/12/15,15:00:46,0,0.0,199.0,460.0,254.0,26.0,216.0,5.0,4.0,0.0,0.0,0.0,0.0
2025/12/15,15:00:51,0,0.0,201.0,459.0,253.0,8.0,215.0,1.0,2.0,0.0,0.0,0.0,0.0
2025/12/15,15:00:56,0,0.0,214.0,460.0,254.0,1.0,217.0,0.0,0.0,0.0,0.0,0.0,0.0
2025/12/15,15:01:01,0,0.0,209.0,459.0,253.0,12.0,217.0,2.0,1.0,0.0,0.0,0.0,0.0
2025/12/15,15:01:06,0,0.0,198.0,460.0,254.0,27.0,216.0,5.0,4.0,0.0,0.0,0.0,0.0
2025/12/15,15:01:11,0,0.0,200.0,458.0,254.0,26.0,215.0,5.0,4.0,0.0,0.0,0.0,0.0
2025/12/15,15:01:16,0,0.0,203.0,457.0,254.0,6.0,217.0,0.0,1.0,0.0,0.0,0.0,0.0
2025/12/15,15:01:21,0,0.0,212.0,458.0,254.0,3.0,217.0,0.0,1.0,0.0,0.0,0.0,0.0
2025/12/15,15:01:26,0,1.0,201.0,459.0,254.0,25.0,215.0,5.0,4.0,0.0,0.0,0.0,0.0
2025/12/15,15:01:31,0,0.0,216.0,459.0,253.0,0.0,216.0,1.0,1.0,0.0,0.0,0.0,0.0
2025/12/15,15:01:36,0,0.0,194.0,458.0,254.0,28.0,217.0,4.0,4.0,0.0,0.0,0.0,0.0
2025/12/15,15:01:41,0,0.0,198.0,458.0,253.0,19.0,216.0,3.0,3.0,0.0,0.0,0.0,0.0
2025/12/15,15:01:46,0,0.0,215.0,460.0,254.0,1.0,216.0,0.0,0.0,0.0,0.0,0.0,0.0
2025/12/15,15:01:51,0,0.0,197.0,457.0,254.0,27.0,216.0,5.0,4.0,0.0,0.0,0.0,0.0
2025/12/15,15:01:56,0,0.0,206.0,459.0,256.0,0.0,217.0,0.0,1.0,0.0,0.0,0.0,0.0
2025/12/15,15:02:01,0,0.0,196.0,456.0,253.0,28.0,217.0,5.0,4.0,0.0,0.0,0.0,0.0
2025/12/15,15:02:06,0,0.0,207.0,459.0,254.0,0.0,217.0,0.0,0.0,0.0,0.0,0.0,0.0
2025/12/15,15:02:11,0,0.0,194.0,458.0,254.0,26.0,215.0,6.0,5.0,0.0,0.0,0.0,0.0
2025/12/15,15:02:16,0,0.0,201.0,459.0,253.0,2.0,215.0,1.0,1.0,0.0,0.0,0.0,0.0
2025/12/15,15:02:21,0,0.0,192.0,459.0,255.0,26.0,217.0,4.0,3.0,0.0,0.0,0.0,0.0
2025/12/15,15:02:26,0,0.0,204.0,460.0,254.0,0.0,217.0,0.0,0.0,0.0,0.0,0.0,0.0
2025/12/15,15:02:31,0,0.0,194.0,457.0,254.0,28.0,215.0,6.0,4.0,0.0,0.0,0.0,0.0
2025/12/15,15:02:36,0,0.0,203.0,460.0,253.0,0.0,216.0,0.0,0.0,0.0,0.0,0.0,0.0
2025/12/15,15:02:41,0,0.0,204.0,459.0,252.0,19.0,215.0,4.0,2.0,0.0,0.0,0.0,0.0
2025/12/15,15:02:46,0,0.0,197.0,460.0,254.0,22.0,217.0,4.0,4.0,0.0,0.0,0.0,0.0
2025/12/15,15:02:51,0,0.0,211.0,460.0,255.0,6.0,216.0,1.0,1.0,0.0,0.0,0.0,0.0
2025/12/15,15:02:56,0,0.0,202.0,460.0,254.0,2.0,216.0,0.0,1.0,0.0,0.0,0.0,0.0
2025/12/15,15:03:01,0,0.0,194.0,459.0,253.0,25.0,216.0,3.0,4.0,0.0,0.0,0.0,0.0
2025/12/15,15:03:06,0,0.0,204.0,459.0,254.0,0.0,216.0,0.0,0.0,0.0,0.0,0.0,0.0
2025/12/15,15:03:11,0,0.0,194.0,459.0,254.0,28.0,217.0,5.0,4.0,0.0,0.0,0.0,0.0
2025/12/15,15:03:16,0,0.0,200.0,459.0,253.0,0.0,217.0,0.0,1.0,0.0,0.0,0.0,0.0
2025/12/15,15:03:21,0,2.0,200.0,458.0,254.0,18.0,215.0,5.0,3.0,0.0,0.0,0.0,0.0
2025/12/15,15:03:26,0,0.0,201.0,458.0,254.0,5.0,217.0,0.0,1.0,0.0,0.0,0.0,0.0
2025/12/15,15:03:31,0,0.0,194.0,458.0,254.0,28.0,217.0,4.0,4.0,0.0,0.0,0.0,0.0
2025/12/15,15:03:36,0,0.0,210.0,460.0,254.0,0.0,217.0,0.0,0.0,0.0,0.0,0.0,0.0
2025/12/15,15:03:41,0,0.0,200.0,459.0,253.0,26.0,215.0,6.0,5.0,0.0,0.0,0.0,0.0
2025/12/15,15:03:46,0,0.0,206.0,456.0,253.0,11.0,216.0,3.0,1.0,0.0,0.0,0.0,0.0
2025/12/15,15:03:51,0,0.0,201.0,459.0,254.0,6.0,216.0,1.0,1.0,0.0,0.0,0.0,0.0
2025/12/15,15:03:56,0,0.0,193.0,458.0,253.0,27.0,216.0,4.0,4.0,0.0,0.0,0.0,0.0
2025/12/15,15:04:01,0,0.0,219.0,459.0,254.0,1.0,216.0,1.0,0.0,0.0,0.0,0.0,0.0
2025/12/15,15:04:06,0,0.0,200.0,459.0,254.0,16.0,216.0,2.0,3.0,0.0,0.0,0.0,0.0
2025/12/15,15:04:11,0,0.0,196.0,458.0,254.0,25.0,216.0,5.0,4.0,0.0,0.0,0.0,0.0
2025/12/15,15:04:16,0,0.0,209.0,460.0,254.0,0.0,215.0,0.0,0.0,0.0,0.0,0.0,0.0
2025/12/15,15:04:21,0,0.0,198.0,458.0,252.0,26.0,215.0,5.0,4.0,0.0,0.0,0.0,0.0
2025/12/15,15:04:26,0,0.0,202.0,459.0,254.0,15.0,216.0,3.0,3.0,0.0,0.0,0.0,0.0
2025/12/15,15:04:31,0,0.0,208.0,459.0,254.0,0.0,215.0,0.0,0.0,0.0,0.0,0.0,0.0
2025/12/15,15:04:36,0,0.0,203.0,458.0,253.0,25.0,217.0,5.0,4.0,0.0,0.0,0.0,0.0
2025/12/15,15:04:41,0,0.0,216.0,459.0,254.0,0.0,215.0,1.0,0.0,0.0,0.0,0.0,0.0
2025/12/15,15:04:46,0,0.0,201.0,457.0,254.0,26.0,214.0,4.0,4.0,0.0,0.0,0.0,0.0
2025/12/15,15:04:51,0,0.0,218.0,459.0,254.0,2.0,216.0,0.0,0.0,0.0,0.0,0.0,0.0
2025/12/15,15:04:56,0,0.0,204.0,458.0,254.0,26.0,216.0,5.0,4.0,0.0,0.0,0.0,0.0
2025/12/15,15:05:01,0,0.0,218.0,459.0,254.0,1.0,216.0,1.0,0.0,0.0,0.0,0.0,0.0
2025/12/15,15:05:06,0,0.0,198.0,459.0,254.0,25.0,216.0,4.0,3.0,0.0,0.0,0.0,0.0
2025/12/15,15:05:11,0,0.0,198.0,459.0,253.0,21.0,216.0,4.0,4.0,0.0,0.0,0.0,0.0
2025/12/15,15:05:16,0,0.0,206.0,460.0,254.0,0.0,215.0,0.0,0.0,0.0,0.0,0.0,0.0
2025/12/15,15:05:21,0,0.0,202.0,459.0,254.0,16.0,216.0,2.0,3.0,0.0,0.0,0.0,0.0
2025/12/15,15:05:26,0,0.0,196.0,457.0,252.0,27.0,215.0,5.0,4.0,0.0,0.0,0.0,0.0
2025/12/15,15:05:31,0,2.0,196.0,458.0,254.0,25.0,215.0,5.0,4.0,0.0,0.0,0.0,0.0
2025/12/15,15:05:36,0,1.0,203.0,459.0,254.0,1.0,216.0,0.0,0.0,0.0,0.0,0.0,0.0
2025/12/15,15:05:41,0,0.0,217.0,459.0,254.0,1.0,216.0,0.0,0.0,0.0,0.0,0.0,0.0
2025/12/15,15:05:46,0,0.0,197.0,459.0,254.0,25.0,217.0,5.0,4.0,0.0,0.0,0.0,0.0
2025/12/15,15:05:51,0,0.0,201.0,458.0,252.0,25.0,215.0,5.0,4.0,0.0,0.0,0.0,0.0
2025/12/15,15:05:56,0,0.0,201.0,458.0,253.0,12.0,216.0,1.0,1.0,0.0,0.0,0.0,0.0
2025/12/15,15:06:01,0,0.0,206.0,459.0,253.0,0.0,216.0,0.0,0.0,0.0,0.0,0.0,0.0
2025/12/15,15:06:06,0,0.0,216.0,459.0,252.0,0.0,217.0,1.0,0.0,0.0,0.0,0.0,0.0
2025/12/15,15:06:11,0,0.0,212.0,459.0,253.0,2.0,215.0,1.0,0.0,0.0,0.0,0.0,0.0
2025/12/15,15:06:16,0,2.0,201.0,456.0,254.0,17.0,217.0,4.0,3.0,0.0,0.0,0.0,0.0
2025/12/15,15:06:21,0,0.0,197.0,459.0,254.0,27.0,217.0,5.0,4.0,0.0,0.0,0.0,0.0
2025/12/15,15:06:26,0,0.0,196.0,459.0,253.0,23.0,215.0,5.0,3.0,0.0,0.0,0.0,0.0
2025/12/15,15:06:31,0,0.0,200.0,460.0,253.0,2.0,217.0,0.0,0.0,0.0,0.0,0.0,0.0
2025/12/15,15:06:36,0,0.0,211.0,460.0,254.0,0.0,215.0,0.0,0.0,0.0,0.0,0.0,0.0
2025/12/15,15:06:41,0,0.0,212.0,460.0,254.0,5.0,216.0,1.0,1.0,0.0,0.0,0.0,0.0
2025/12/15,15:06:46,0,0.0,192.0,456.0,254.0,28.0,216.0,4.0,4.0,0.0,0.0,0.0,0.0
2025/12/15,15:06:51,0,0.0,203.0,458.0,254.0,25.0,215.0,5.0,4.0,0.0,0.0,0.0,0.0
2025/12/15,15:06:56,0,0.0,200.0,456.0,254.0,12.0,216.0,2.0,2.0,0.0,0.0,0.0,0.0
2025/12/15,15:07:45,0,0.0,208.0,460.0,254.0,2.0,215.0,0.0,1.0,0.0,0.0,0.0,0.0
2025/12/15,15:07:50,0,0.0,201.0,458.0,252.0,25.0,215.0,5.0,4.0,0.0,0.0,0.0,0.0
2025/12/15,15:07:55,0,0.0,210.0,459.0,254.0,0.0,215.0,0.0,0.0,0.0,0.0,0.0,0.0
2025/12/15,15:08:00,0,1.0,196.0,458.0,254.0,28.0,216.0,5.0,4.0,0.0,0.0,0.0,0.0
2025/12/15,15:08:05,0,0.0,209.0,459.0,254.0,0.0,216.0,0.0,0.0,0.0,0.0,0.0,0.0
2025/12/15,15:08:10,0,0.0,196.0,456.0,254.0,28.0,216.0,5.0,4.0,0.0,0.0,0.0,0.0
2025/12/15,15:08:15,0,0.0,202.0,460.0,254.0,3.0,217.0,0.0,0.0,0.0,0.0,0.0,0.0
2025/12/15,15:08:20,0,0.0,206.0,459.0,254.0,12.0,216.0,2.0,3.0,0.0,0.0,0.0,0.0
2025/12/15,15:08:25,0,0.0,195.0,459.0,254.0,26.0,216.0,4.0,4.0,0.0,0.0,0.0,0.0
2025/12/15,15:08:30,0,0.0,215.0,459.0,254.0,0.0,216.0,1.0,0.0,0.0,0.0,0.0,0.0
2025/12/15,15:08:35,0,0.0,197.0,459.0,254.0,24.0,217.0,4.0,4.0,0.0,0.0,0.0,0.0
2025/12/15,15:08:40,0,0.0,216.0,459.0,254.0,0.0,216.0,0.0,0.0,0.0,0.0,0.0,0.0
2025/12/15,15:08:45,0,0.0,194.0,459.0,254.0,26.0,216.0,5.0,4.0,0.0,0.0,0.0,0.0
2025/12/15,15:08:50,0,0.0,202.0,460.0,254.0,9.0,216.0,1.0,1.0,0.0,0.0,0.0,0.0
2025/12/15,15:08:55,0,0.0,207.0,459.0,253.0,5.0,217.0,1.0,1.0,0.0,0.0,0.0,0.0
2025/12/15,15:09:00,0,0.0,195.0,459.0,253.0,26.0,215.0,4.0,4.0,0.0,0.0,0.0,0.0
2025/12/15,15:09:05,0,0.0,218.0,460.0,254.0,0.0,215.0,1.0,0.0,0.0,0.0,0.0,0.0
2025/12/15,15:09:10,0,0.0,199.0,459.0,253.0,28.0,216.0,3.0,4.0,0.0,0.0,0.0,0.0
2025/12/15,15:09:15,0,1.0,207.0,460.0,254.0,0.0,217.0,0.0,0.0,0.0,0.0,0.0,0.0
2025/12/15,15:09:20,0,0.0,199.0,459.0,254.0,21.0,216.0,4.0,4.0,0.0,0.0,0.0,0.0
2025/12/15,15:09:25,0,0.0,198.0,459.0,254.0,19.0,216.0,4.0,3.0,0.0,0.0,0.0,0.0
2025/12/15,15:09:30,0,0.0,215.0,460.0,252.0,0.0,217.0,0.0,0.0,0.0,0.0,0.0,0.0
2025/12/15,15:09:35,0,0.0,201.0,459.0,255.0,25.0,215.0,5.0,4.0,0.0,0.0,0.0,0.0
2025/12/15,15:09:40,0,0.0,219.0,459.0,254.0,2.0,217.0,0.0,1.0,0.0,0.0,0.0,0.0
2025/12/15,15:09:45,0,0.0,201.0,459.0,254.0,27.0,217.0,5.0,4.0,0.0,0.0,0.0,0.0
2025/12/15,15:09:50,0,0.0,209.0,457.0,254.0,0.0,217.0,0.0,0.0,0.0,0.0,0.0,0.0
2025/12/15,15:09:55,0,0.0,194.0,458.0,254.0,27.0,216.0,5.0,4.0,0.0,0.0,0.0,0.0
2025/12/15,15:10:00,0,0.0,201.0,459.0,254.0,0.0,216.0,0.0,0.0,0.0,0.0,0.0,0.0
2025/12/15,15:10:05,0,0.0,192.0,458.0,252.0,25.0,216.0,5.0,5.0,0.0,0.0,0.0,0.0
2025/12/15,15:10:10,0,1.0,202.0,459.0,253.0,3.0,216.0,1.0,1.0,0.0,0.0,0.0,0.0
2025/12/15,15:10:15,0,0.0,201.0,457.0,254.0,18.0,214.0,3.0,3.0,0.0,0.0,0.0,0.0
2025/12/15,15:10:20,0,0.0,202.0,459.0,254.0,15.0,216.0,2.0,3.0,0.0,0.0,0.0,0.0
2025/12/15,15:10:25,0,0.0,209.0,459.0,254.0,5.0,216.0,2.0,1.0,0.0,0.0,0.0,0.0
2025/12/15,15:10:30,0,0.0,196.0,459.0,254.0,19.0,217.0,3.0,4.0,0.0,0.0,0.0,0.0
2025/12/15,15:10:35,0,0.0,212.0,457.0,254.0,4.0,216.0,0.0,1.0,0.0,0.0,0.0,0.0
2025/12/15,15:10:40,0,0.0,201.0,456.0,254.0,27.0,217.0,5.0,4.0,0.0,0.0,0.0,0.0
2025/12/15,15:10:45,0,0.0,202.0,459.0,254.0,0.0,216.0,0.0,0.0,0.0,0.0,0.0,0.0
2025/12/15,15:10:50,0,0.0,211.0,459.0,254.0,0.0,215.0,0.0,0.0,0.0,0.0,0.0,0.0
2025/12/15,15:10:55,0,0.0,210.0,459.0,254.0,3.0,217.0,2.0,1.0,0.0,0.0,0.0,0.0
2025/12/15,15:11:00,0,0.0,198.0,459.0,254.0,27.0,217.0,5.0,4.0,0.0,0.0,0.0,-0.0008
2025/12/15,15:11:05,0,0.0,199.0,459.0,254.0,15.0,217.0,2.0,2.0,0.0,0.0,0.0,0.0
2025/12/15,15:11:10,0,0.0,203.0,459.0,254.0,1.0,217.0,0.0,0.0,0.0,0.0,0.0,0.0
2025/12/15,15:11:15,0,0.0,211.0,457.0,254.0,0.0,217.0,0.0,0.0,0.0,0.0,0.0,0.0
2025/12/15,15:11:20,0,0.0,216.0,459.0,254.0,0.0,216.0,0.0,0.0,0.0,0.0,0.0,0.0
2025/12/15,15:11:25,0,0.0,200.0,458.0,253.0,21.0,217.0,4.0,4.0,0.0,0.0,0.0,0.0
2025/12/15,15:11:30,0,0.0,194.0,459.0,255.0,27.0,217.0,5.0,4.0,0.0,0.0,0.0,0.0
2025/12/15,15:11:35,0,0.0,195.0,455.0,254.0,28.0,217.0,5.0,5.0,0.0,0.0,0.0,0.0
2025/12/15,15:11:40,0,0.0,196.0,459.0,254.0,27.0,217.0,5.0,4.0,0.0,0.0,0.0,0.0
2025/12/15,15:11:45,0,0.0,199.0,458.0,254.0,27.0,217.0,5.0,4.0,0.0,0.0,0.0,0.0
2025/12/15,15:11:50,0,0.0,199.0,458.0,254.0,25.0,216.0,4.0,4.0,0.0,0.0,0.0,0.0
2025/12/15,15:11:55,0,0.0,201.0,458.0,253.0,16.0,216.0,3.0,2.0,0.0,0.0,0.0,0.0
2025/12/15,15:12:00,0,0.0,200.0,459.0,254.0,2.0,216.0,0.0,0.0,-0.0008,0.0,0.0,0.0
2025/12/15,15:12:05,0,0.0,210.0,460.0,254.0,0.0,216.0,0.0,0.0,0.0,0.0,0.0,0.0
2025/12/15,15:12:10,0,0.0,210.0,458.0,254.0,4.0,216.0,2.0,1.0,0.0,0.0,0.0,0.0
2025/12/15,15:12:15,0,0.0,193.0,458.0,253.0,26.0,216.0,5.0,4.0,0.0,0.0,0.0,0.0
2025/12/15,15:12:20,0,0.0,198.0,458.0,254.0,23.0,217.0,4.0,4.0,0.0,0.0,0.0,0.0
2025/12/15,15:12:25,0,2.0,201.0,458.0,254.0,2.0,217.0,0.0,1.0,0.0,0.0,0.0,0.0
2025/12/15,15:12:30,0,0.0,213.0,459.0,254.0,0.0,215.0,1.0,0.0,0.0,0.0,0.0,0.0
2025/12/15,15:12:35,0,0.0,209.0,458.0,253.0,9.0,218.0,1.0,1.0,0.0,0.0,0.0,0.0
2025/12/15,15:12:40,0,1.0,199.0,456.0,254.0,28.0,215.0,5.0,4.0,0.0,0.0,0.0,0.0
2025/12/15,15:12:45,0,0.0,200.0,458.0,253.0,23.0,216.0,4.0,4.0,0.0,0.0,0.0,0.0
2025/12/15,15:12:50,0,0.0,200.0,458.0,254.0,4.0,217.0,0.0,1.0,0.0,0.0,0.0,0.0
2025/12/15,15:12:55,0,0.0,215.0,457.0,254.0,1.0,216.0,0.0,0.0,0.0,0.0,0.0,0.0
2025/12/15,15:13:00,0,0.0,203.0,456.0,254.0,13.0,216.0,3.0,2.0,0.0,0.0,0.0,0.0
2025/12/15,15:13:05,0,0.0,196.0,458.0,254.0,26.0,216.0,4.0,4.0,0.0,0.0,0.0,0.0
2025/12/15,15:13:10,0,0.0,199.0,459.0,253.0,14.0,216.0,2.0,3.0,0.0,0.0,0.0,0.0
2025/12/15,15:13:15,0,0.0,218.0,458.0,252.0,0.0,216.0,1.0,0.0,0.0,0.0,0.0,0.0
2025/12/15,15:13:20,0,0.0,194.0,458.0,253.0,28.0,216.0,4.0,4.0,0.0,0.0,0.0,0.0
2025/12/15,15:13:25,0,1.0,200.0,459.0,254.0,6.0,217.0,1.0,1.0,0.0,0.0,0.0,0.0
2025/12/15,15:13:30,0,0.0,212.0,458.0,253.0,1.0,216.0,0.0,0.0,0.0,0.0,0.0,0.0
2025/12/15,15:13:35,0,0.0,196.0,458.0,254.0,27.0,215.0,5.0,4.0,0.0,0.0,0.0,0.0
2025/12/15,15:13:40,0,0.0,199.0,459.0,253.0,13.0,216.0,2.0,2.0,0.0,0.0,0.0,0.0
2025/12/15,15:13:45,0,0.0,212.0,460.0,254.0,0.0,215.0,0.0,0.0,0.0,0.0,0.0,0.0
2025/12/15,15:13:50,0,0.0,207.0,460.0,253.0,9.0,215.0,2.0,2.0,0.0,0.0,0.0,0.0
2025/12/15,15:13:55,0,0.0,197.0,456.0,254.0,28.0,216.0,5.0,4.0,0.0,0.0,0.0,0.0
2025/12/15,15:14:00,0,1.0,200.0,459.0,252.0,9.0,216.0,1.0,2.0,0.0,0.0,0.0,0.0
2025/12/15,15:14:05,0,0.0,217.0,456.0,254.0,0.0,217.0,0.0,0.0,0.0,0.0,0.0,0.0
2025/12/15,15:14:10,0,0.0,197.0,457.0,254.0,24.0,217.0,5.0,4.0,0.0,0.0,0.0,0.0
2025/12/15,15:14:15,0,1.0,201.0,459.0,252.0,25.0,215.0,5.0,4.0,0.0,0.0,0.0,0.0
2025/12/15,15:14:20,0,0.0,200.0,459.0,254.0,3.0,215.0,1.0,1.0,0.0,0.0,0.0,0.0
2025/12/15,15:14:25,0,0.0,215.0,458.0,253.0,0.0,217.0,0.0,0.0,0.0,0.0,0.0,0.0
2025/12/15,15:14:30,0,0.0,195.0,458.0,254.0,26.0,217.0,5.0,4.0,0.0,0.0,0.0,0.0
2025/12/15,15:14:35,0,0.0,199.0,457.0,254.0,20.0,215.0,4.0,3.0,0.0,0.0,0.0,0.0
2025/12/15,15:14:40,0,0.0,213.0,459.0,254.0,0.0,216.0,1.0,0.0,0.0,0.0,0.0,0.0
2025/12/15,15:14:45,0,0.0,193.0,458.0,254.0,26.0,217.0,3.0,5.0,0.0,0.0,0.0,0.0
2025/12/15,15:14:50,0,0.0,203.0,459.0,254.0,4.0,216.0,0.0,1.0,0.0,0.0,0.0,0.0
2025/12/15,15:14:55,0,0.0,198.0,458.0,254.0,24.0,216.0,4.0,4.0,0.0,0.0,0.0,-0.0008
2025/12/15,15:15:00,0,0.0,204.0,460.0,254.0,0.0,216.0,0.0,1.0,0.0,0.0,0.0,0.0
2025/12/15,15:15:05,0,0.0,197.0,456.0,254.0,27.0,215.0,5.0,4.0,0.0,0.0,0.0,0.0
2025/12/15,15:15:10,0,0.0,218.0,459.0,252.0,0.0,217.0,1.0,0.0,0.0,0.0,0.0,0.0
2025/12/15,15:15:15,0,0.0,199.0,459.0,253.0,14.0,216.0,2.0,2.0,-0.0008,0.0,0.0,0.0
2025/12/15,15:15:20,0,0.0,196.0,458.0,253.0,26.0,215.0,5.0,4.0,0.0,0.0,0.0,0.0
2025/12/15,15:15:25,0,0.0,208.0,460.0,254.0,9.0,217.0,2.0,2.0,0.0,0.0,0.0,0.0
2025/12/15,15:15:30,0,0.0,203.0,459.0,254.0,0.0,215.0,0.0,0.0,0.0,0.0,0.0,0.0
2025/12/15,15:15:35,0,0.0,200.0,457.0,254.0,26.0,215.0,5.0,4.0,0.0,0.0,0.0,0.0
2025/12/15,15:15:40,0,1.0,211.0,459.0,253.0,4.0,216.0,1.0,1.0,0.0,0.0,0.0,0.0
2025/12/15,15:15:45,0,0.0,199.0,457.0,254.0,3.0,216.0,0.0,0.0,0.0,0.0,0.0,0.0
2025/12/15,15:15:50,0,0.0,195.0,455.0,254.0,27.0,215.0,5.0,4.0,0.0,0.0,0.0,0.0
2025/12/15,15:15:55,0,0.0,210.0,460.0,253.0,0.0,215.0,1.0,0.0,0.0,0.0,0.0,0.0
2025/12/15,15:16:00,0,0.0,200.0,459.0,254.0,27.0,217.0,5.0,4.0,0.0,0.0,0.0,0.0
2025/12/15,15:16:05,0,0.0,211.0,459.0,254.0,0.0,216.0,0.0,0.0,0.0,0.0,0.0,0.0
2025/12/15,15:16:10,0,0.0,200.0,459.0,254.0,15.0,216.0,2.0,2.0,0.0,0.0,0.0,0.0
2025/12/15,15:16:15,0,0.0,193.0,458.0,253.0,27.0,216.0,4.0,4.0,0.0,0.0,0.0,0.0
2025/12/15,15:16:20,0,0.0,214.0,459.0,252.0,0.0,216.0,1.0,0.0,0.0,0.0,0.0,0.0
2025/12/15,15:16:25,0,0.0,197.0,459.0,253.0,22.0,215.0,4.0,3.0,0.0,0.0,0.0,0.0
2025/12/15,15:16:30,0,0.0,193.0,457.0,253.0,28.0,217.0,4.0,4.0,0.0,0.0,0.0,0.0
2025/12/15,15:16:35,0,0.0,216.0,457.0,254.0,0.0,217.0,1.0,1.0,0.0,0.0,0.0,0.0
2025/12/15,15:16:40,0,0.0,203.0,459.0,254.0,0.0,216.0,0.0,0.0,0.0,0.0,0.0,0.0
2025/12/15,15:16:45,0,0.0,198.0,459.0,253.0,26.0,217.0,3.0,4.0,0.0,0.0,0.0,0.0
2025/12/15,15:16:50,0,0.0,196.0,459.0,255.0,27.0,216.0,5.0,4.0,0.0,0.0,0.0,0.0
2025/12/15,15:16:55,0,0.0,202.0,459.0,254.0,16.0,215.0,3.0,3.0,0.0,0.0,0.0,0.0
2025/12/15,15:17:00,0,0.0,212.0,459.0,254.0,0.0,216.0,1.0,0.0,0.0,0.0,0.0,0.0
2025/12/15,15:17:05,0,0.0,213.0,460.0,253.0,0.0,215.0,0.0,0.0,0.0,0.0,0.0,0.0
2025/12/15,15:18:04,0,1.0,216.0,460.0,254.0,0.0,217.0,0.0,0.0,0.0,0.0,0.0,0.0
2025/12/15,15:18:09,0,0.0,196.0,459.0,254.0,22.0,217.0,4.0,4.0,0.0,0.0,0.0,0.0
2025/12/15,15:18:14,0,0.0,194.0,457.0,254.0,26.0,216.0,5.0,5.0,0.0,0.0,0.0,0.0
2025/12/15,15:18:19,0,0.0,191.0,457.0,254.0,27.0,216.0,5.0,4.0,0.0,0.0,0.0,0.0
2025/12/15,15:18:24,0,0.0,197.0,459.0,254.0,22.0,217.0,4.0,3.0,0.0,0.0,0.0,0.0
2025/12/15,15:18:29,0,0.0,209.0,457.0,252.0,3.0,215.0,1.0,1.0,0.0,0.0,0.0,0.0
2025/12/15,15:18:34,0,0.0,218.0,460.0,254.0,0.0,216.0,0.0,0.0,0.0,0.0,0.0,0.0
2025/12/15,15:18:39,0,0.0,208.0,459.0,254.0,0.0,215.0,0.0,0.0,0.0,0.0,0.0,0.0
2025/12/15,15:18:44,0,0.0,200.0,459.0,252.0,0.0,216.0,0.0,0.0,0.0,0.0,0.0,0.0
2025/12/15,15:18:49,0,0.0,198.0,459.0,252.0,20.0,215.0,4.0,3.0,0.0,0.0,0.0,0.0
2025/12/15,15:18:54,0,0.0,199.0,459.0,253.0,26.0,216.0,5.0,4.0,0.0,0.0,0.0,0.0
2025/12/15,15:18:59,0,0.0,194.0,458.0,253.0,25.0,216.0,5.0,5.0,0.0,0.0,0.0,0.0
2025/12/15,15:19:04,0,0.0,211.0,460.0,254.0,3.0,217.0,0.0,1.0,0.0,0.0,0.0,0.0
2025/12/15,15:19:09,0,0.0,213.0,460.0,253.0,0.0,215.0,1.0,0.0,0.0,0.0,0.0,0.0
2025/12/15,15:19:14,0,0.0,199.0,459.0,256.0,4.0,216.0,0.0,0.0,0.0,0.0,0.0,0.0
2025/12/15,15:19:19,0,0.0,203.0,459.0,254.0,25.0,217.0,4.0,4.0,0.0,0.0,0.0,0.0
2025/12/15,15:19:24,0,0.0,204.0,459.0,252.0,13.0,215.0,3.0,3.0,0.0,0.0,0.0,0.0
2025/12/15,15:19:29,0,0.0,211.0,459.0,252.0,0.0,217.0,0.0,0.0,0.0,0.0,0.0,0.0
2025/12/15,15:19:34,0,0.0,198.0,460.0,252.0,11.0,216.0,1.0,1.0,0.0,0.0,0.0,0.0
2025/12/15,15:19:39,0,0.0,202.0,457.0,254.0,25.0,215.0,5.0,4.0,0.0,0.0,0.0,0.0
2025/12/15,15:19:44,0,0.0,197.0,458.0,254.0,27.0,217.0,5.0,4.0,0.0,0.0,0.0,0.0
2025/12/15,15:19:49,0,0.0,195.0,459.0,253.0,27.0,216.0,5.0,4.0,0.0,0.0,0.0,0.0
2025/12/15,15:19:54,0,0.0,197.0,459.0,253.0,27.0,216.0,5.0,4.0,0.0,0.0,0.0,0.0
2025/12/15,15:19:59,0,0.0,196.0,458.0,253.0,23.0,217.0,5.0,4.0,0.0,0.0,0.0,0.0
2025/12/15,15:20:04,0,0.0,206.0,460.0,254.0,0.0,216.0,0.0,0.0,0.0,0.0,0.0,0.0
2025/12/15,15:20:09,0,0.0,207.0,459.0,253.0,7.0,217.0,1.0,1.0,0.0,0.0,0.0,0.0
2025/12/15,15:20:14,0,1.0,200.0,459.0,254.0,27.0,217.0,4.0,4.0,0.0,0.0,0.0,0.0
2025/12/15,15:20:19,0,0.0,201.0,459.0,254.0,3.0,216.0,0.0,1.0,0.0,0.0,0.0,0.0
2025/12/15,15:20:24,0,0.0,215.0,460.0,254.0,0.0,218.0,0.0,0.0,0.0,0.0,0.0,0.0
2025/12/15,15:20:29,0,0.0,196.0,458.0,253.0,26.0,216.0,5.0,4.0,0.0,0.0,0.0,0.0
2025/12/15,15:20:34,0,0.0,201.0,459.0,254.0,11.0,217.0,2.0,2.0,0.0,0.0,0.0,0.0
2025/12/15,15:20:39,0,0.0,215.0,459.0,254.0,2.0,216.0,0.0,0.0,0.0,0.0,0.0,0.0
2025/12/15,15:20:44,0,0.0,199.0,458.0,254.0,29.0,217.0,5.0,4.0,0.0,0.0,0.0,0.0
2025/12/15,15:20:49,0,0.0,202.0,459.0,254.0,0.0,216.0,0.0,0.0,0.0,0.0,0.0,0.0
2025/12/15,15:20:54,0,0.0,210.0,459.0,254.0,6.0,215.0,2.0,1.0,0.0,0.0,0.0,0.0
2025/12/15,15:20:59,0,0.0,201.0,456.0,254.0,27.0,215.0,5.0,4.0,0.0,0.0,0.0,0.0
2025/12/15,15:21:04,0,0.0,206.0,460.0,254.0,0.0,216.0,0.0,0.0,0.0,0.0,0.0,0.0
2025/12/15,15:21:09,0,0.0,203.0,460.0,254.0,17.0,217.0,3.0,4.0,0.0,0.0,0.0,0.0
2025/12/15,15:21:14,0,0.0,200.0,455.0,253.0,27.0,216.0,5.0,4.0,0.0,0.0,0.0,0.0
2025/12/15,15:21:19,0,0.0,201.0,459.0,254.0,12.0,217.0,2.0,2.0,0.0,0.0,0.0,0.0
2025/12/15,15:21:24,0,0.0,211.0,460.0,256.0,0.0,217.0,0.0,0.0,0.0,0.0,0.0,0.0
2025/12/15,15:21:29,0,0.0,212.0,459.0,254.0,4.0,216.0,1.0,1.0,0.0,0.0,0.0,0.0
2025/12/15,15:21:34,0,0.0,192.0,458.0,253.0,27.0,216.0,4.0,4.0,0.0,0.0,0.0,0.0
2025/12/15,15:21:39,0,0.0,197.0,459.0,254.0,21.0,217.0,4.0,4.0,0.0,0.0,0.0,0.0
2025/12/15,15:21:44,0,0.0,211.0,459.0,253.0,0.0,216.0,0.0,0.0,0.0,0.0,0.0,0.0
2025/12/15,15:21:49,0,0.0,204.0,457.0,254.0,15.0,215.0,4.0,3.0,0.0,0.0,0.0,0.0
2025/12/15,15:21:54,0,0.0,200.0,458.0,254.0,26.0,217.0,5.0,4.0,0.0,0.0,0.0,0.0
2025/12/15,15:21:59,0,1.0,200.0,459.0,254.0,2.0,217.0,0.0,1.0,0.0,0.0,0.0,0.0
2025/12/15,15:22:04,0,0.0,212.0,458.0,253.0,0.0,218.0,1.0,0.0,0.0,0.0,0.0,0.0
2025/12/15,15:22:09,0,0.0,201.0,455.0,253.0,26.0,214.0,5.0,4.0,0.0,0.0,0.0,0.0
2025/12/15,15:22:14,0,0.0,210.0,458.0,252.0,0.0,217.0,0.0,0.0,0.0,0.0,0.0,0.0
2025/12/15,15:22:19,0,0.0,200.0,456.0,254.0,26.0,216.0,5.0,4.0,0.0,0.0,0.0,0.0
2025/12/15,15:22:24,0,0.0,218.0,460.0,254.0,1.0,216.0,1.0,0.0,0.0,0.0,0.0,0.0
2025/12/15,15:22:29,0,0.0,200.0,458.0,253.0,26.0,216.0,4.0,4.0,0.0,0.0,0.0,0.0
2025/12/15,15:22:34,0,0.0,216.0,460.0,253.0,0.0,216.0,0.0,0.0,0.0,0.0,0.0,0.0
2025/12/15,15:22:39,0,1.0,196.0,458.0,254.0,25.0,215.0,5.0,4.0,0.0,0.0,0.0,0.0
2025/12/15,15:22:44,0,0.0,220.0,459.0,252.0,1.0,217.0,1.0,1.0,0.0,0.0,0.0,0.0
2025/12/15,15:22:49,0,0.0,198.0,458.0,253.0,27.0,217.0,4.0,4.0,0.0,0.0,0.0,0.0
2025/12/15,15:22:54,0,0.0,209.0,460.0,253.0,0.0,216.0,0.0,0.0,0.0,0.0,0.0,0.0
2025/12/15,15:22:59,0,0.0,195.0,458.0,253.0,26.0,216.0,5.0,4.0,0.0,0.0,0.0,0.0
2025/12/15,15:23:04,0,0.0,206.0,459.0,254.0,0.0,216.0,0.0,0.0,0.0,0.0,0.0,0.0
2025/12/15,15:23:09,0,0.0,193.0,458.0,252.0,26.0,215.0,5.0,3.0,0.0,0.0,0.0,0.0
2025/12/15,15:23:14,0,0.0,200.0,459.0,254.0,1.0,217.0,0.0,0.0,0.0,0.0,0.0,0.0
2025/12/15,15:23:19,0,0.0,207.0,459.0,254.0,8.0,217.0,2.0,2.0,0.0,0.0,0.0,0.0
2025/12/15,15:23:24,0,0.0,201.0,457.0,253.0,25.0,215.0,5.0,4.0,0.0,0.0,0.0,0.0
2025/12/15,15:23:29,0,0.0,214.0,460.0,254.0,0.0,216.0,1.0,0.0,0.0,0.0,0.0,0.0
2025/12/15,15:23:34,0,0.0,195.0,457.0,253.0,27.0,217.0,5.0,4.0,0.0,0.0,0.0,0.0
2025/12/15,15:23:39,0,0.0,200.0,458.0,254.0,0.0,215.0,0.0,0.0,0.0,0.0,0.0,0.0
2025/12/15,15:23:44,0,0.0,201.0,459.0,255.0,15.0,216.0,3.0,3.0,0.0,0.0,0.0,0.0
2025/12/15,15:23:49,0,1.0,200.0,458.0,254.0,27.0,217.0,5.0,4.0,0.0,0.0,0.0,0.0
2025/12/15,15:23:54,0,0.0,208.0,457.0,254.0,0.0,217.0,0.0,0.0,0.0,0.0,0.0,0.0
2025/12/15,15:23:59,0,0.0,201.0,458.0,254.0,17.0,217.0,3.0,3.0,0.0,0.0,0.0,0.0
2025/12/15,15:24:04,0,0.0,197.0,458.0,254.0,26.0,216.0,4.0,4.0,0.0,0.0,0.0,0.0
2025/12/15,15:24:09,0,0.0,210.0,459.0,254.0,0.0,216.0,0.0,0.0,0.0,0.0,0.0,0.0
2025/12/15,15:24:14,0,0.0,204.0,459.0,254.0,7.0,216.0,2.0,3.0,0.0,0.0,0.0,0.0
2025/12/15,15:24:19,0,0.0,198.0,458.0,254.0,27.0,216.0,5.0,4.0,0.0,0.0,0.0,0.0
2025/12/15,15:24:24,0,0.0,199.0,457.0,254.0,18.0,216.0,3.0,3.0,0.0,0.0,0.0,0.0
2025/12/15,15:24:29,0,0.0,213.0,459.0,253.0,0.0,216.0,0.0,0.0,0.0,0.0,0.0,0.0
2025/12/15,15:24:34,0,0.0,197.0,458.0,255.0,22.0,217.0,5.0,5.0,0.0,0.0,0.0,0.0
2025/12/15,15:24:39,0,0.0,197.0,458.0,254.0,23.0,217.0,3.0,4.0,0.0,0.0,0.0,0.0
2025/12/15,15:24:44,0,0.0,206.0,459.0,253.0,0.0,217.0,0.0,1.0,0.0,0.0,0.0,0.0
2025/12/15,15:24:49,0,0.0,208.0,459.0,254.0,7.0,216.0,2.0,2.0,0.0,0.0,0.0,0.0
2025/12/15,15:24:54,0,0.0,198.0,457.0,254.0,27.0,216.0,5.0,4.0,0.0,0.0,0.0,0.0
2025/12/15,15:24:59,0,0.0,202.0,458.0,254.0,1.0,217.0,0.0,1.0,0.0,0.0,0.0,0.0
2025/12/15,15:25:04,0,0.0,210.0,458.0,254.0,3.0,217.0,1.0,1.0,0.0,0.0,0.0,0.0
2025/12/15,15:25:09,0,0.0,196.0,458.0,255.0,27.0,215.0,5.0,4.0,0.0,0.0,0.0,0.0
2025/12/15,15:25:14,0,0.0,199.0,457.0,253.0,10.0,215.0,2.0,2.0,0.0,0.0,0.0,0.0
2025/12/15,15:25:19,0,0.0,217.0,458.0,252.0,0.0,217.0,0.0,0.0,0.0,0.0,0.0,0.0
2025/12/15,15:25:24,0,0.0,191.0,459.0,254.0,27.0,215.0,6.0,4.0,0.0,0.0,0.0,0.0
2025/12/15,15:25:29,0,1.0,197.0,457.0,254.0,25.0,216.0,5.0,4.0,0.0,0.0,0.0,0.0
2025/12/15,15:25:34,0,0.0,204.0,459.0,254.0,0.0,216.0,0.0,0.0,0.0,0.0,0.0,0.0
2025/12/15,15:25:39,0,0.0,201.0,457.0,254.0,18.0,217.0,3.0,3.0,0.0,0.0,0.0,0.0
2025/12/15,15:25:44,0,0.0,197.0,457.0,255.0,26.0,216.0,5.0,5.0,0.0,0.0,0.0,0.0
2025/12/15,15:25:49,0,0.0,208.0,456.0,254.0,0.0,217.0,0.0,0.0,0.0,0.0,0.0,-0.0008
2025/12/15,15:25:54,0,0.0,198.0,459.0,254.0,20.0,216.0,4.0,4.0,0.0,0.0,0.0,0.0
2025/12/15,15:25:59,0,0.0,196.0,457.0,253.0,24.0,216.0,5.0,4.0,0.0,0.0,0.0,0.0
2025/12/15,15:26:04,0,0.0,211.0,460.0,254.0,0.0,215.0,0.0,0.0,0.0,0.0,0.0,0.0
2025/12/15,15:26:09,0,0.0,196.0,458.0,254.0,25.0,216.0,5.0,4.0,0.0,0.0,0.0,0.0
2025/12/15,15:26:14,0,0.0,196.0,458.0,254.0,22.0,215.0,4.0,4.0,0.0,0.0,0.0,0.0
2025/12/15,15:26:19,0,0.0,212.0,459.0,254.0,0.0,217.0,0.0,0.0,0.0,0.0,0.0,0.0
2025/12/15,15:26:24,0,0.0,193.0,458.0,254.0,27.0,215.0,6.0,5.0,0.0,0.0,0.0,0.0
2025/12/15,15:26:29,0,0.0,200.0,458.0,253.0,8.0,216.0,1.0,1.0,0.0,0.0,0.0,0.0
2025/12/15,15:26:34,0,0.0,205.0,457.0,253.0,10.0,217.0,1.0,2.0,0.0,0.0,0.0,0.0
2025/12/15,15:26:39,0,0.0,198.0,459.0,253.0,22.0,216.0,4.0,4.0,0.0,0.0,0.0,0.0
2025/12/15,15:26:44,0,0.0,212.0,458.0,253.0,0.0,216.0,0.0,0.0,0.0,0.0,0.0,0.0
2025/12/15,15:26:49,0,0.0,194.0,458.0,253.0,27.0,216.0,5.0,5.0,0.0,0.0,0.0,0.0
2025/12/15,15:26:54,0,0.0,206.0,460.0,253.0,0.0,216.0,0.0,0.0,0.0,0.0,0.0,0.0
2025/12/15,15:26:59,0,0.0,194.0,458.0,253.0,26.0,216.0,5.0,4.0,0.0,0.0,0.0,0.0
2025/12/15,15:27:04,0,0.0,203.0,460.0,254.0,0.0,216.0,0.0,0.0,0.0,0.0,0.0,0.0
2025/12/15,15:27:09,0,0.0,204.0,458.0,251.0,12.0,216.0,2.0,2.0,0.0,0.0,0.0,0.0
2025/12/15,15:27:14,0,0.0,200.0,458.0,254.0,27.0,216.0,5.0,4.0,0.0,0.0,0.0,0.0
2025/12/15,15:27:45,0,0.0,198.0,459.0,254.0,29.0,217.0,5.0,4.0,0.0,0.0,0.0,0.0
2025/12/15,15:27:48,0,0.0,207.0,459.0,254.0,7.0,216.0,1.0,2.0,0.0,0.0,0.0,0.0
2025/12/15,15:27:53,0,0.0,202.0,459.0,253.0,25.0,217.0,5.0,4.0,0.0,0.0,0.0,0.0
2025/12/15,15:27:58,0,0.0,205.0,460.0,254.0,0.0,216.0,0.0,0.0,0.0,0.0,0.0,0.0
2025/12/15,15:28:03,0,0.0,193.0,459.0,254.0,25.0,215.0,6.0,4.0,0.0,0.0,0.0,0.0
2025/12/15,15:28:08,0,1.0,204.0,458.0,254.0,1.0,216.0,0.0,0.0,0.0,0.0,0.0,0.0
2025/12/15,15:28:13,0,0.0,193.0,458.0,254.0,26.0,216.0,4.0,4.0,0.0,0.0,0.0,0.0
2025/12/15,15:28:18,0,0.0,202.0,458.0,254.0,1.0,216.0,0.0,0.0,0.0,0.0,0.0,0.0
2025/12/15,15:28:23,0,0.0,196.0,458.0,253.0,27.0,217.0,4.0,4.0,0.0,0.0,0.0,0.0
2025/12/15,15:28:28,0,0.0,210.0,460.0,254.0,0.0,216.0,0.0,0.0,0.0,0.0,0.0,0.0
2025/12/15,15:28:33,0,0.0,201.0,459.0,253.0,25.0,217.0,4.0,4.0,0.0,0.0,0.0,0.0
2025/12/15,15:28:38,0,0.0,211.0,458.0,254.0,4.0,217.0,1.0,1.0,0.0,0.0,0.0,0.0
2025/12/15,15:28:43,0,0.0,198.0,459.0,253.0,16.0,215.0,2.0,2.0,0.0,0.0,0.0,0.0
2025/12/15,15:28:48,0,0.0,202.0,459.0,254.0,14.0,217.0,3.0,3.0,0.0,0.0,0.0,0.0
2025/12/15,15:28:53,0,1.0,199.0,458.0,253.0,5.0,216.0,0.0,2.0,0.0,0.0,0.0,0.0
2025/12/15,15:28:58,0,0.0,193.0,456.0,254.0,26.0,216.0,5.0,5.0,0.0,0.0,0.0,0.0
2025/12/15,15:29:03,0,0.0,218.0,459.0,254.0,1.0,216.0,0.0,0.0,0.0,0.0,0.0,0.0
2025/12/15,15:29:08,0,0.0,200.0,458.0,254.0,2.0,216.0,0.0,0.0,0.0,0.0,0.0,0.0
2025/12/15,15:29:13,0,0.0,202.0,458.0,255.0,25.0,217.0,5.0,4.0,0.0,0.0,0.0,0.0
2025/12/15,15:29:18,0,0.0,203.0,459.0,253.0,14.0,217.0,3.0,3.0,0.0,0.0,0.0,0.0
2025/12/15,15:29:23,0,0.0,209.0,459.0,252.0,0.0,217.0,0.0,0.0,0.0,0.0,0.0,0.0
2025/12/15,15:29:28,0,0.0,194.0,458.0,252.0,24.0,216.0,4.0,3.0,0.0,0.0,0.0,0.0
2025/12/15,15:29:33,0,0.0,201.0,458.0,253.0,15.0,216.0,3.0,4.0,0.0,0.0,0.0,0.0
2025/12/15,15:29:38,0,0.0,205.0,458.0,252.0,0.0,216.0,0.0,0.0,0.0,0.0,0.0,0.0
2025/12/15,15:29:43,0,0.0,202.0,458.0,253.0,24.0,216.0,5.0,3.0,0.0,0.0,0.0,0.0
2025/12/15,15:29:48,0,0.0,201.0,458.0,254.0,21.0,216.0,4.0,3.0,0.0,0.0,0.0,0.0
2025/12/15,15:29:53,0,0.0,215.0,459.0,253.0,0.0,215.0,1.0,0.0,0.0,0.0,0.0,0.0
2025/12/15,15:29:58,0,2.0,200.0,458.0,254.0,8.0,217.0,0.0,1.0,0.0,0.0,0.0,0.0
2025/12/15,15:30:03,0,1.0,201.0,458.0,253.0,27.0,215.0,5.0,4.0,0.0,0.0,0.0,0.0
2025/12/15,15:30:08,0,0.0,213.0,457.0,253.0,1.0,217.0,1.0,0.0,0.0,0.0,0.0,0.0
2025/12/15,15:30:13,0,0.0,199.0,458.0,253.0,27.0,216.0,5.0,4.0,0.0,0.0,0.0,0.0
2025/12/15,15:30:18,0,0.0,217.0,459.0,254.0,1.0,217.0,1.0,0.0,0.0,0.0,0.0,0.0
2025/12/15,15:30:23,0,0.0,198.0,458.0,254.0,19.0,216.0,2.0,3.0,0.0,0.0,0.0,0.0
2025/12/15,15:30:28,0,0.0,193.0,459.0,254.0,27.0,217.0,5.0,4.0,0.0,0.0,0.0,0.0
2025/12/15,15:30:33,0,0.0,218.0,459.0,254.0,2.0,216.0,0.0,0.0,0.0,0.0,0.0,0.0
2025/12/15,15:30:38,0,0.0,200.0,458.0,252.0,12.0,216.0,2.0,2.0,0.0,0.0,0.0,0.0
2025/12/15,15:30:43,0,0.0,195.0,458.0,252.0,28.0,216.0,5.0,4.0,0.0,0.0,0.0,0.0
2025/12/15,15:30:48,0,0.0,219.0,458.0,254.0,1.0,217.0,1.0,1.0,0.0,0.0,0.0,0.0
2025/12/15,15:30:53,0,0.0,200.0,459.0,253.0,8.0,216.0,1.0,2.0,0.0,0.0,0.0,0.0
2025/12/15,15:30:58,0,0.0,193.0,457.0,254.0,29.0,216.0,5.0,4.0,0.0,0.0,0.0,0.0
2025/12/15,15:31:03,0,0.0,217.0,459.0,254.0,0.0,215.0,1.0,0.0,0.0,0.0,0.0,0.0
2025/12/15,15:31:08,0,0.0,199.0,458.0,253.0,13.0,216.0,1.0,2.0,0.0,0.0,0.0,0.0
2025/12/15,15:31:13,0,0.0,193.0,458.0,253.0,27.0,218.0,6.0,4.0,0.0,0.0,0.0,0.0
2025/12/15,15:31:18,0,1.0,207.0,459.0,254.0,0.0,217.0,0.0,0.0,0.0,0.0,0.0,0.0
2025/12/15,15:31:23,0,0.0,202.0,457.0,254.0,25.0,217.0,5.0,4.0,0.0,0.0,0.0,0.0
2025/12/15,15:31:28,0,0.0,205.0,459.0,254.0,11.0,217.0,3.0,2.0,0.0,0.0,0.0,0.0
2025/12/15,15:31:33,0,0.0,212.0,460.0,254.0,0.0,216.0,0.0,0.0,0.0,0.0,0.0,0.0
2025/12/15,15:31:38,0,0.0,200.0,455.0,253.0,14.0,216.0,2.0,3.0,0.0,0.0,0.0,0.0
2025/12/15,15:31:43,0,0.0,197.0,457.0,254.0,28.0,215.0,5.0,4.0,0.0,0.0,0.0,0.0
2025/12/15,15:31:48,0,0.0,204.0,460.0,254.0,13.0,217.0,3.0,2.0,0.0,0.0,0.0,0.0
2025/12/15,15:31:53,0,0.0,212.0,459.0,254.0,0.0,217.0,0.0,0.0,0.0,0.0,0.0,0.0
2025/12/15,15:31:58,0,0.0,200.0,459.0,254.0,13.0,217.0,2.0,2.0,0.0,0.0,0.0,0.0
2025/12/15,15:32:03,0,0.0,200.0,459.0,254.0,27.0,215.0,5.0,4.0,0.0,0.0,0.0,0.0
2025/12/15,15:32:08,0,0.0,208.0,459.0,254.0,10.0,217.0,2.0,2.0,0.0,0.0,0.0,0.0
2025/12/15,15:32:13,0,0.0,200.0,459.0,254.0,0.0,217.0,0.0,0.0,0.0,0.0,0.0,0.0
2025/12/15,15:32:18,0,0.0,194.0,457.0,254.0,28.0,216.0,5.0,4.0,0.0,0.0,0.0,0.0
2025/12/15,15:32:23,0,0.0,215.0,456.0,253.0,1.0,217.0,1.0,0.0,0.0,0.0,0.0,0.0
2025/12/15,15:32:28,0,0.0,199.0,458.0,253.0,19.0,217.0,3.0,3.0,0.0,0.0,0.0,0.0
2025/12/15,15:32:33,0,0.0,193.0,455.0,253.0,28.0,217.0,5.0,4.0,0.0,0.0,0.0,0.0
2025/12/15,15:32:38,0,0.0,215.0,460.0,254.0,0.0,216.0,0.0,0.0,0.0,0.0,0.0,0.0
2025/12/15,15:32:43,0,0.0,197.0,457.0,253.0,22.0,216.0,3.0,4.0,0.0,0.0,0.0,0.0
2025/12/15,15:32:48,0,1.0,198.0,458.0,254.0,23.0,218.0,5.0,4.0,0.0,0.0,0.0,0.0
2025/12/15,15:32:53,0,0.0,209.0,459.0,253.0,0.0,215.0,0.0,0.0,0.0,0.0,0.0,0.0
2025/12/15,15:32:58,0,0.0,196.0,458.0,253.0,24.0,217.0,4.0,4.0,0.0,0.0,0.0,0.0
2025/12/15,15:33:03,0,0.0,193.0,458.0,252.0,27.0,215.0,6.0,4.0,0.0,0.0,0.0,0.0
2025/12/15,15:33:08,0,0.0,213.0,458.0,253.0,3.0,215.0,1.0,1.0,0.0,0.0,0.0,0.0
2025/12/15,15:33:13,0,0.0,204.0,460.0,253.0,0.0,215.0,0.0,0.0,0.0,0.0,0.0,0.0
2025/12/15,15:33:18,0,0.0,202.0,457.0,254.0,26.0,216.0,5.0,4.0,0.0,0.0,0.0,0.0
2025/12/15,15:33:23,0,1.0,208.0,459.0,254.0,8.0,215.0,3.0,2.0,0.0,0.0,0.0,0.0
2025/12/15,15:33:28,0,0.0,202.0,457.0,254.0,13.0,218.0,2.0,3.0,0.0,0.0,0.0,0.0
2025/12/15,15:33:33,0,0.0,204.0,458.0,253.0,14.0,217.0,3.0,3.0,0.0,0.0,0.0,0.0
2025/12/15,15:33:38,0,0.0,199.0,458.0,252.0,8.0,215.0,2.0,1.0,0.0,0.0,0.0,0.0
2025/12/15,15:33:43,0,0.0,195.0,457.0,254.0,27.0,217.0,5.0,4.0,0.0,0.0,0.0,0.0
2025/12/15,15:33:48,0,0.0,203.0,459.0,254.0,0.0,216.0,0.0,0.0,0.0,0.0,0.0,0.0
2025/12/15,15:33:53,0,0.0,194.0,458.0,254.0,26.0,217.0,5.0,4.0,0.0,0.0,0.0,0.0
2025/12/15,15:33:58,0,0.0,206.0,459.0,253.0,0.0,217.0,0.0,0.0,0.0,0.0,0.0,0.0
2025/12/15,15:34:03,0,0.0,193.0,458.0,254.0,26.0,217.0,6.0,5.0,0.0,0.0,0.0,0.0
2025/12/15,15:34:08,0,0.0,202.0,459.0,253.0,2.0,216.0,0.0,0.0,0.0,0.0,0.0,0.0
2025/12/15,15:34:13,0,0.0,191.0,457.0,253.0,27.0,217.0,6.0,4.0,0.0,0.0,0.0,0.0
2025/12/15,15:34:18,0,0.0,202.0,457.0,253.0,1.0,217.0,0.0,0.0,0.0,0.0,0.0,0.0
2025/12/15,15:34:23,0,0.0,196.0,457.0,254.0,28.0,216.0,5.0,4.0,0.0,0.0,0.0,0.0
2025/12/15,15:34:28,0,0.0,207.0,459.0,253.0,0.0,217.0,0.0,0.0,0.0,0.0,0.0,0.0
2025/12/15,15:34:33,0,0.0,194.0,457.0,254.0,28.0,215.0,6.0,4.0,0.0,0.0,0.0,0.0
2025/12/15,15:34:38,0,0.0,204.0,459.0,254.0,0.0,216.0,0.0,0.0,0.0,0.0,0.0,0.0
2025/12/15,15:34:43,0,0.0,195.0,458.0,253.0,28.0,215.0,5.0,4.0,0.0,0.0,0.0,0.0
2025/12/15,15:34:48,0,0.0,207.0,459.0,254.0,0.0,216.0,0.0,0.0,0.0,0.0,0.0,0.0
2025/12/15,15:34:53,0,0.0,196.0,457.0,253.0,26.0,216.0,5.0,4.0,0.0,0.0,0.0,0.0
2025/12/15,15:34:58,0,0.0,213.0,457.0,254.0,0.0,216.0,0.0,0.0,0.0,0.0,0.0,0.0
2025/12/15,15:35:03,0,0.0,198.0,458.0,252.0,24.0,217.0,6.0,4.0,0.0,0.0,0.0,0.0
2025/12/15,15:35:08,0,1.0,209.0,459.0,253.0,4.0,217.0,1.0,1.0,0.0,0.0,0.0,0.0
2025/12/15,15:35:13,0,1.0,196.0,457.0,254.0,23.0,217.0,4.0,3.0,0.0,0.0,0.0,0.0
2025/12/15,15:35:18,0,0.0,215.0,458.0,254.0,1.0,216.0,1.0,0.0,0.0,0.0,0.0,0.0
2025/12/15,15:35:23,0,2.0,203.0,457.0,253.0,25.0,215.0,5.0,4.0,0.0,0.0,0.0,0.0
2025/12/15,15:35:28,0,0.0,219.0,459.0,253.0,0.0,217.0,0.0,0.0,0.0,0.0,0.0,0.0
2025/12/15,15:35:33,0,0.0,207.0,457.0,254.0,26.0,215.0,5.0,4.0,0.0,0.0,0.0,0.0
2025/12/15,15:35:38,0,0.0,212.0,456.0,253.0,0.0,217.0,0.0,0.0,0.0,0.0,0.0,0.0
2025/12/15,15:35:43,0,0.0,199.0,458.0,253.0,27.0,217.0,5.0,4.0,0.0,0.0,0.0,0.0
2025/12/15,15:35:48,0,0.0,209.0,458.0,253.0,0.0,216.0,0.0,0.0,0.0,0.0,0.0,0.0
2025/12/15,15:35:53,0,0.0,197.0,457.0,253.0,28.0,216.0,5.0,4.0,0.0,0.0,0.0,0.0
2025/12/15,15:35:58,0,0.0,212.0,458.0,253.0,0.0,216.0,0.0,0.0,0.0,0.0,0.0,0.0
2025/12/15,15:36:03,0,0.0,205.0,457.0,253.0,26.0,216.0,5.0,5.0,0.0,0.0,0.0,0.0
2025/12/15,15:36:08,0,0.0,208.0,459.0,253.0,5.0,216.0,2.0,2.0,0.0,0.0,0.0,0.0
2025/12/15,15:36:13,0,0.0,202.0,458.0,254.0,0.0,217.0,0.0,0.0,0.0,0.0,0.0,0.0
2025/12/15,15:36:18,0,2.0,201.0,458.0,252.0,25.0,216.0,5.0,4.0,0.0,0.0,0.0,0.0
2025/12/15,15:36:23,0,0.0,196.0,458.0,254.0,23.0,218.0,6.0,4.0,0.0,0.0,0.0,0.0
2025/12/15,15:36:28,0,0.0,219.0,457.0,253.0,1.0,217.0,1.0,0.0,0.0,0.0,0.0,0.0
2025/12/15,15:36:33,0,0.0,201.0,458.0,253.0,10.0,217.0,2.0,2.0,0.0,0.0,0.0,0.0
2025/12/15,15:36:38,0,0.0,194.0,458.0,254.0,25.0,216.0,5.0,4.0,0.0,0.0,0.0,0.0
2025/12/15,15:36:43,0,0.0,213.0,459.0,254.0,0.0,216.0,0.0,0.0,0.0,0.0,0.0,0.0
2025/12/15,15:36:48,0,0.0,194.0,456.0,253.0,24.0,216.0,4.0,4.0,0.0,0.0,0.0,0.0
2025/12/15,15:36:53,0,0.0,204.0,459.0,253.0,11.0,217.0,3.0,3.0,0.0,0.0,0.0,0.0
2025/12/15,15:36:58,0,0.0,205.0,459.0,255.0,0.0,217.0,0.0,0.0,0.0,0.0,0.0,0.0
2025/12/15,15:37:03,0,0.0,200.0,457.0,253.0,25.0,217.0,5.0,4.0,0.0,0.0,0.0,0.0
2025/12/15,15:37:08,0,0.0,191.0,455.0,254.0,28.0,215.0,5.0,4.0,0.0,0.0,0.0,0.0
2025/12/15,15:37:13,0,0.0,217.0,458.0,251.0,1.0,216.0,0.0,0.0,0.0,0.0,0.0,0.0
2025/12/15,15:37:18,0,0.0,197.0,458.0,254.0,24.0,216.0,4.0,4.0,0.0,0.0,0.0,0.0
2025/12/15,15:37:23,0,0.0,211.0,459.0,254.0,4.0,216.0,1.0,0.0,0.0,0.0,0.0,0.0
2025/12/15,15:37:52,0,0.0,203.0,459.0,253.0,4.0,217.0,1.0,1.0,0.0,0.0,0.0,0.0
2025/12/15,15:37:57,0,0.0,205.0,457.0,254.0,0.0,217.0,0.0,0.0,0.0,0.0,0.0,0.0
2025/12/15,15:38:02,0,0.0,202.0,457.0,253.0,24.0,216.0,4.0,4.0,0.0,0.0,0.0,0.0
2025/12/15,15:38:07,0,0.0,201.0,458.0,253.0,17.0,216.0,3.0,4.0,0.0,0.0,0.0,0.0
2025/12/15,15:38:12,0,0.0,213.0,457.0,254.0,0.0,216.0,1.0,0.0,0.0,0.0,0.0,0.0
2025/12/15,15:38:17,0,0.0,202.0,457.0,253.0,9.0,216.0,0.0,1.0,0.0,0.0,0.0,0.0
2025/12/15,15:38:22,0,0.0,200.0,457.0,253.0,26.0,216.0,5.0,4.0,0.0,0.0,0.0,0.0
2025/12/15,15:38:27,0,0.0,202.0,457.0,254.0,13.0,216.0,4.0,3.0,0.0,0.0,0.0,0.0
2025/12/15,15:38:32,0,0.0,209.0,459.0,253.0,0.0,216.0,0.0,0.0,0.0,0.0,0.0,0.0
2025/12/15,15:38:37,0,0.0,196.0,457.0,253.0,23.0,216.0,4.0,4.0,0.0,0.0,0.0,0.0
2025/12/15,15:38:42,0,0.0,199.0,458.0,254.0,19.0,217.0,4.0,4.0,0.0,0.0,0.0,0.0
2025/12/15,15:38:47,0,0.0,211.0,456.0,254.0,0.0,217.0,0.0,0.0,0.0,0.0,0.0,0.0
2025/12/15,15:38:52,0,0.0,198.0,458.0,253.0,12.0,216.0,2.0,2.0,0.0,0.0,0.0,0.0
2025/12/15,15:38:57,0,0.0,201.0,458.0,251.0,26.0,215.0,5.0,4.0,0.0,0.0,0.0,0.0
2025/12/15,15:39:02,0,0.0,202.0,457.0,253.0,19.0,216.0,4.0,3.0,0.0,0.0,0.0,0.0
2025/12/15,15:39:07,0,0.0,210.0,459.0,254.0,0.0,217.0,1.0,0.0,0.0,0.0,0.0,0.0
2025/12/15,15:39:12,0,0.0,196.0,458.0,253.0,25.0,216.0,4.0,3.0,0.0,0.0,0.0,0.0
2025/12/15,15:39:17,0,0.0,201.0,457.0,253.0,20.0,215.0,4.0,3.0,0.0,0.0,0.0,0.0
2025/12/15,15:39:22,0,0.0,206.0,458.0,253.0,0.0,217.0,0.0,0.0,0.0,0.0,0.0,0.0
2025/12/15,15:39:27,0,0.0,198.0,457.0,252.0,27.0,216.0,5.0,4.0,0.0,0.0,0.0,0.0
2025/12/15,15:39:32,0,0.0,216.0,458.0,253.0,1.0,216.0,0.0,0.0,0.0,0.0,0.0,0.0
2025/12/15,15:39:37,0,0.0,202.0,456.0,251.0,25.0,216.0,5.0,4.0,0.0,0.0,0.0,0.0
2025/12/15,15:39:42,0,1.0,217.0,458.0,253.0,0.0,217.0,1.0,0.0,0.0,0.0,0.0,0.0
2025/12/15,15:39:47,0,0.0,200.0,457.0,253.0,26.0,216.0,5.0,4.0,0.0,0.0,0.0,0.0
2025/12/15,15:39:52,0,0.0,205.0,458.0,253.0,0.0,216.0,0.0,0.0,0.0,0.0,0.0,0.0
2025/12/15,15:39:57,0,0.0,207.0,457.0,251.0,9.0,215.0,2.0,2.0,0.0,0.0,0.0,0.0
2025/12/15,15:40:02,0,0.0,196.0,456.0,252.0,27.0,216.0,5.0,4.0,0.0,0.0,0.0,0.0
2025/12/15,15:40:07,0,0.0,203.0,457.0,253.0,25.0,217.0,4.0,4.0,0.0,0.0,0.0,0.0
2025/12/15,15:40:12,0,0.0,197.0,457.0,252.0,23.0,217.0,4.0,4.0,0.0,0.0,0.0,0.0
2025/12/15,15:40:17,0,0.0,202.0,458.0,254.0,5.0,216.0,0.0,0.0,0.0,0.0,0.0,0.0
2025/12/15,15:40:22,0,0.0,212.0,458.0,253.0,0.0,217.0,1.0,0.0,0.0,0.0,0.0,0.0
2025/12/15,15:40:27,0,0.0,209.0,458.0,253.0,7.0,216.0,1.0,1.0,0.0,0.0,0.0,0.0
2025/12/15,15:40:32,0,0.0,197.0,456.0,254.0,27.0,217.0,5.0,4.0,0.0,0.0,0.0,0.0
2025/12/15,15:40:37,0,0.0,199.0,457.0,253.0,21.0,217.0,4.0,3.0,0.0,0.0,0.0,0.0
2025/12/15,15:40:42,0,0.0,202.0,459.0,253.0,6.0,216.0,1.0,1.0,0.0,0.0,0.0,0.0
2025/12/15,15:40:47,0,0.0,201.0,458.0,253.0,11.0,217.0,2.0,2.0,0.0,0.0,0.0,0.0
2025/12/15,15:40:52,0,0.0,201.0,458.0,252.0,25.0,215.0,5.0,4.0,0.0,0.0,0.0,0.0
2025/12/15,15:40:57,0,0.0,203.0,457.0,254.0,13.0,217.0,3.0,3.0,0.0,0.0,0.0,0.0
2025/12/15,15:41:02,0,0.0,203.0,457.0,254.0,0.0,217.0,0.0,0.0,0.0,0.0,0.0,0.0
2025/12/15,15:41:07,0,0.0,196.0,454.0,254.0,27.0,215.0,5.0,4.0,0.0,0.0,0.0,0.0
2025/12/15,15:41:12,0,0.0,218.0,458.0,254.0,1.0,216.0,1.0,1.0,0.0,0.0,0.0,0.0
2025/12/15,15:41:17,0,0.0,198.0,458.0,254.0,22.0,217.0,2.0,4.0,0.0,0.0,0.0,0.0
2025/12/15,15:41:22,0,0.0,211.0,458.0,251.0,5.0,217.0,2.0,1.0,0.0,0.0,0.0,0.0
2025/12/15,15:41:27,0,0.0,201.0,458.0,251.0,13.0,217.0,2.0,3.0,0.0,0.0,0.0,0.0
2025/12/15,15:41:32,0,0.0,203.0,457.0,253.0,16.0,216.0,3.0,3.0,0.0,0.0,0.0,0.0
2025/12/15,15:41:37,0,0.0,200.0,459.0,253.0,7.0,216.0,1.0,1.0,0.0,0.0,0.0,0.0
2025/12/15,15:41:42,0,0.0,198.0,457.0,251.0,22.0,217.0,4.0,3.0,0.0,0.0,0.0,0.0
2025/12/15,15:41:47,0,0.0,203.0,458.0,254.0,0.0,217.0,0.0,0.0,0.0,0.0,0.0,0.0
2025/12/15,15:41:52,0,0.0,196.0,458.0,253.0,25.0,217.0,4.0,4.0,0.0,0.0,0.0,0.0
2025/12/15,15:41:57,0,0.0,195.0,457.0,252.0,27.0,216.0,5.0,4.0,0.0,0.0,0.0,0.0
2025/12/15,15:42:02,0,0.0,211.0,458.0,252.0,4.0,215.0,2.0,1.0,0.0,0.0,0.0,0.0
2025/12/15,15:42:07,0,0.0,202.0,458.0,254.0,0.0,216.0,0.0,0.0,0.0,0.0,0.0,0.0
2025/12/15,15:42:12,0,0.0,201.0,457.0,253.0,27.0,215.0,5.0,4.0,0.0,0.0,0.0,0.0
2025/12/15,15:42:17,0,0.0,208.0,456.0,253.0,5.0,216.0,1.0,1.0,0.0,0.0,0.0,0.0
2025/12/15,15:42:22,0,0.0,200.0,459.0,253.0,0.0,216.0,0.0,0.0,0.0,0.0,0.0,0.0
2025/12/15,15:42:27,0,0.0,197.0,457.0,253.0,26.0,216.0,5.0,4.0,0.0,0.0,0.0,0.0
2025/12/15,15:42:32,0,0.0,218.0,459.0,253.0,0.0,215.0,1.0,1.0,0.0,0.0,0.0,0.0
2025/12/15,15:42:37,0,0.0,197.0,458.0,253.0,23.0,217.0,3.0,4.0,0.0,0.0,0.0,0.0
2025/12/15,15:42:42,0,0.0,207.0,459.0,253.0,10.0,217.0,1.0,2.0,0.0,0.0,0.0,0.0
2025/12/15,15:42:47,0,0.0,200.0,459.0,253.0,16.0,217.0,2.0,3.0,0.0,0.0,0.0,0.0
2025/12/15,15:42:52,0,0.0,202.0,458.0,254.0,18.0,217.0,4.0,3.0,0.0,0.0,0.0,0.0
2025/12/15,15:42:57,0,0.0,205.0,460.0,254.0,0.0,216.0,0.0,0.0,0.0,0.0,0.0,0.0
2025/12/15,15:43:02,0,0.0,201.0,459.0,254.0,24.0,217.0,4.0,4.0,0.0,0.0,0.0,0.0
2025/12/15,15:43:07,0,0.0,204.0,456.0,253.0,18.0,215.0,4.0,2.0,0.0,0.0,0.0,0.0
2025/12/15,15:43:12,0,0.0,203.0,459.0,253.0,0.0,216.0,0.0,1.0,0.0,0.0,0.0,0.0
2025/12/15,15:43:17,0,0.0,195.0,458.0,254.0,29.0,217.0,5.0,4.0,0.0,0.0,0.0,0.0
2025/12/15,15:43:22,0,0.0,208.0,456.0,253.0,0.0,217.0,0.0,0.0,0.0,0.0,0.0,0.0
2025/12/15,15:43:27,0,0.0,200.0,458.0,252.0,26.0,216.0,5.0,4.0,0.0,0.0,0.0,0.0
2025/12/15,15:43:32,0,0.0,212.0,459.0,252.0,2.0,218.0,1.0,1.0,0.0,0.0,0.0,0.0
2025/12/15,15:43:37,0,0.0,200.0,456.0,253.0,2.0,217.0,0.0,0.0,0.0,0.0,0.0,0.0
2025/12/15,15:43:42,0,0.0,199.0,457.0,253.0,25.0,214.0,5.0,4.0,0.0,0.0,0.0,0.0
2025/12/15,15:43:47,0,0.0,204.0,457.0,253.0,19.0,215.0,3.0,3.0,0.0,0.0,0.0,0.0
2025/12/15,15:43:52,0,0.0,206.0,459.0,254.0,0.0,216.0,0.0,0.0,0.0,0.0,0.0,0.0
2025/12/15,15:43:57,0,0.0,203.0,458.0,253.0,26.0,216.0,5.0,4.0,0.0,0.0,0.0,0.0
2025/12/15,15:44:02,0,0.0,204.0,459.0,254.0,10.0,217.0,2.0,2.0,0.0,0.0,0.0,0.0
2025/12/15,15:44:07,0,0.0,203.0,459.0,253.0,0.0,216.0,0.0,0.0,0.0,0.0,0.0,0.0
2025/12/15,15:44:12,0,0.0,202.0,458.0,252.0,25.0,216.0,5.0,4.0,0.0,0.0,0.0,0.0
2025/12/15,15:44:17,0,1.0,204.0,457.0,254.0,20.0,217.0,3.0,3.0,0.0,0.0,0.0,0.0
2025/12/15,15:44:22,0,0.0,212.0,459.0,253.0,0.0,216.0,0.0,0.0,0.0,0.0,0.0,0.0
2025/12/15,15:44:27,0,0.0,199.0,459.0,253.0,17.0,217.0,2.0,3.0,0.0,0.0,0.0,0.0
2025/12/15,15:44:32,0,0.0,194.0,458.0,252.0,27.0,215.0,5.0,4.0,0.0,0.0,0.0,0.0
2025/12/15,15:44:37,0,0.0,216.0,459.0,252.0,1.0,217.0,0.0,0.0,0.0,0.0,0.0,0.0
2025/12/15,15:44:42,0,0.0,199.0,458.0,253.0,15.0,216.0,2.0,2.0,0.0,0.0,0.0,0.0
2025/12/15,15:44:47,0,0.0,193.0,458.0,253.0,28.0,215.0,5.0,3.0,0.0,0.0,0.0,0.0
2025/12/15,15:44:52,0,0.0,211.0,457.0,253.0,0.0,215.0,1.0,0.0,0.0,0.0,0.0,0.0
2025/12/15,15:44:57,0,0.0,196.0,457.0,253.0,23.0,217.0,4.0,3.0,0.0,0.0,0.0,0.0
2025/12/15,15:45:02,0,0.0,195.0,455.0,253.0,26.0,215.0,5.0,4.0,0.0,0.0,0.0,0.0
2025/12/15,15:45:07,0,0.0,200.0,458.0,253.0,16.0,216.0,4.0,3.0,0.0,0.0,0.0,0.0
2025/12/15,15:45:12,0,0.0,216.0,460.0,253.0,0.0,216.0,0.0,0.0,0.0,0.0,0.0,0.0
2025/12/15,15:45:17,0,0.0,204.0,459.0,253.0,0.0,217.0,0.0,0.0,0.0,0.0,0.0,0.0
2025/12/15,15:45:22,0,0.0,198.0,458.0,254.0,15.0,216.0,2.0,2.0,0.0,0.0,0.0,0.0
2025/12/15,15:45:27,0,0.0,200.0,459.0,253.0,17.0,216.0,3.0,3.0,0.0,0.0,0.0,0.0
2025/12/15,15:45:32,0,0.0,200.0,458.0,253.0,14.0,216.0,3.0,3.0,0.0,0.0,0.0,0.0
2025/12/15,15:45:37,0,0.0,199.0,457.0,253.0,10.0,218.0,2.0,2.0,0.0,0.0,0.0,0.0
2025/12/15,15:45:42,0,0.0,199.0,458.0,251.0,12.0,217.0,1.0,2.0,0.0,0.0,0.0,0.0
2025/12/15,15:45:47,0,0.0,200.0,459.0,253.0,9.0,217.0,1.0,1.0,0.0,0.0,0.0,0.0
2025/12/15,15:45:52,0,0.0,205.0,459.0,253.0,0.0,216.0,0.0,0.0,0.0,0.0,0.0,0.0
2025/12/15,15:45:57,0,0.0,218.0,458.0,254.0,1.0,216.0,1.0,0.0,0.0,0.0,0.0,0.0
2025/12/15,15:46:02,0,0.0,198.0,459.0,253.0,20.0,217.0,3.0,4.0,0.0,0.0,0.0,0.0
2025/12/15,15:46:07,0,1.0,202.0,458.0,252.0,25.0,216.0,5.0,4.0,0.0,0.0,0.0,0.0
2025/12/15,15:46:12,0,0.0,211.0,459.0,252.0,0.0,217.0,0.0,0.0,0.0,0.0,0.0,0.0
2025/12/15,15:46:17,0,0.0,192.0,458.0,253.0,27.0,216.0,5.0,4.0,0.0,0.0,0.0,0.0
2025/12/15,15:46:22,0,0.0,197.0,457.0,253.0,16.0,217.0,2.0,3.0,0.0,0.0,0.0,0.0
2025/12/15,15:46:27,0,0.0,212.0,459.0,253.0,0.0,217.0,0.0,0.0,0.0,0.0,0.0,0.0
2025/12/15,15:46:32,0,0.0,208.0,459.0,253.0,6.0,215.0,3.0,2.0,0.0,0.0,0.0,0.0
2025/12/15,15:46:37,0,0.0,196.0,458.0,254.0,28.0,217.0,5.0,4.0,0.0,0.0,0.0,0.0
2025/12/15,15:46:42,0,0.0,199.0,459.0,253.0,18.0,217.0,4.0,3.0,0.0,0.0,0.0,0.0
2025/12/15,15:46:47,0,0.0,211.0,460.0,253.0,0.0,217.0,0.0,1.0,0.0,0.0,0.0,0.0
2025/12/15,15:46:52,0,0.0,198.0,458.0,253.0,19.0,216.0,4.0,3.0,0.0,0.0,0.0,0.0
2025/12/15,15:46:57,0,0.0,202.0,458.0,253.0,27.0,217.0,4.0,4.0,0.0,0.0,0.0,0.0
2025/12/15,15:47:02,0,0.0,201.0,459.0,254.0,1.0,216.0,0.0,0.0,0.0,0.0,0.0,0.0
2025/12/15,15:47:07,0,0.0,212.0,458.0,251.0,0.0,216.0,0.0,0.0,0.0,0.0,0.0,0.0
2025/12/15,15:47:12,0,0.0,195.0,458.0,254.0,26.0,217.0,5.0,4.0,0.0,0.0,0.0,0.0
2025/12/15,15:47:17,0,0.0,196.0,458.0,254.0,25.0,217.0,5.0,4.0,0.0,0.0,0.0,0.0
2025/12/15,15:47:22,0,0.0,201.0,459.0,253.0,9.0,218.0,2.0,2.0,0.0,0.0,0.0,0.0
2025/12/15,15:47:27,0,0.0,204.0,459.0,253.0,1.0,217.0,0.0,0.0,0.0,0.0,0.0,0.0
2025/12/15,15:47:32,0,0.0,208.0,459.0,253.0,0.0,216.0,0.0,0.0,0.0,0.0,0.0,0.0
2025/12/15,15:48:03,0,0.0,208.0,459.0,252.0,6.0,216.0,2.0,1.0,0.0,0.0,0.0,0.0
2025/12/15,15:48:06,0,0.0,199.0,459.0,254.0,25.0,217.0,5.0,4.0,0.0,0.0,0.0,0.0
2025/12/15,15:48:11,0,0.0,193.0,458.0,253.0,26.0,217.0,4.0,4.0,0.0,0.0,0.0,0.0
2025/12/15,15:48:16,0,0.0,213.0,459.0,253.0,2.0,217.0,2.0,1.0,0.0,0.0,0.0,0.0
2025/12/15,15:48:21,0,0.0,208.0,460.0,253.0,0.0,215.0,0.0,0.0,0.0,0.0,0.0,0.0
2025/12/15,15:48:26,0,0.0,201.0,458.0,253.0,14.0,216.0,3.0,3.0,0.0,0.0,0.0,0.0
2025/12/15,15:48:31,0,0.0,197.0,458.0,251.0,24.0,216.0,4.0,4.0,0.0,0.0,0.0,0.0
2025/12/15,15:48:36,0,0.0,198.0,458.0,253.0,19.0,217.0,3.0,3.0,0.0,0.0,0.0,0.0
2025/12/15,15:48:41,0,0.0,203.0,459.0,253.0,0.0,215.0,0.0,0.0,0.0,0.0,0.0,0.0
2025/12/15,15:48:46,0,2.0,210.0,459.0,253.0,5.0,217.0,0.0,0.0,0.0,0.0,0.0,0.0
2025/12/15,15:48:51,0,1.0,198.0,457.0,253.0,27.0,216.0,5.0,4.0,0.0,0.0,0.0,0.0
2025/12/15,15:48:56,0,0.0,199.0,459.0,253.0,8.0,215.0,2.0,2.0,0.0,0.0,0.0,0.0
2025/12/15,15:49:01,0,0.0,213.0,458.0,253.0,0.0,217.0,1.0,0.0,0.0,0.0,0.0,0.0
2025/12/15,15:49:06,0,0.0,196.0,457.0,253.0,28.0,217.0,4.0,4.0,0.0,0.0,0.0,0.0
2025/12/15,15:49:11,0,0.0,199.0,456.0,253.0,9.0,215.0,2.0,2.0,0.0,0.0,0.0,0.0
2025/12/15,15:49:16,0,6.0,218.0,459.0,254.0,0.0,216.0,0.0,0.0,0.0,0.0,0.0,0.0
2025/12/15,15:49:21,0,0.0,193.0,456.0,253.0,27.0,215.0,5.0,4.0,0.0,0.0,0.0,0.0
2025/12/15,15:49:26,0,0.0,198.0,456.0,255.0,22.0,216.0,4.0,3.0,0.0,0.0,0.0,0.0
2025/12/15,15:49:31,0,1.0,209.0,459.0,255.0,0.0,216.0,0.0,0.0,0.0,0.0,0.0,0.0
2025/12/15,15:49:36,0,1.0,195.0,457.0,253.0,27.0,216.0,6.0,4.0,0.0,0.0,0.0,0.0
2025/12/15,15:49:41,0,2.0,198.0,457.0,253.0,17.0,216.0,3.0,3.0,0.0,0.0,0.0,0.0
2025/12/15,15:49:46,0,0.0,211.0,458.0,252.0,3.0,218.0,0.0,0.0,0.0,0.0,0.0,0.0
2025/12/15,15:49:51,0,0.0,202.0,456.0,252.0,26.0,216.0,5.0,4.0,0.0,0.0,0.0,0.0
2025/12/15,15:49:56,0,0.0,217.0,458.0,253.0,2.0,216.0,1.0,1.0,0.0,0.0,0.0,0.0
2025/12/15,15:50:01,0,0.0,201.0,458.0,254.0,27.0,217.0,4.0,4.0,0.0,0.0,0.0,0.0
2025/12/15,15:50:06,0,0.0,210.0,457.0,253.0,0.0,217.0,0.0,0.0,0.0,0.0,0.0,0.0
2025/12/15,15:50:11,0,0.0,192.0,457.0,253.0,27.0,217.0,6.0,5.0,0.0,0.0,0.0,0.0
2025/12/15,15:50:16,0,0.0,198.0,458.0,252.0,24.0,215.0,4.0,3.0,0.0,0.0,0.0,0.0
2025/12/15,15:50:21,0,0.0,212.0,458.0,253.0,0.0,216.0,0.0,0.0,0.0,0.0,0.0,0.0
2025/12/15,15:50:26,0,0.0,194.0,456.0,253.0,27.0,215.0,5.0,4.0,0.0,0.0,0.0,0.0
2025/12/15,15:50:31,0,1.0,199.0,455.0,253.0,9.0,217.0,1.0,2.0,0.0,0.0,0.0,0.0
2025/12/15,15:50:36,0,1.0,207.0,459.0,251.0,7.0,216.0,1.0,1.0,0.0,0.0,0.0,0.0
2025/12/15,15:50:41,0,1.0,201.0,459.0,254.0,27.0,217.0,5.0,4.0,0.0,0.0,0.0,0.0
2025/12/15,15:50:46,0,0.0,212.0,459.0,253.0,0.0,216.0,0.0,0.0,0.0,0.0,0.0,0.0
2025/12/15,15:50:51,0,0.0,192.0,457.0,253.0,26.0,216.0,4.0,5.0,0.0,0.0,0.0,0.0
2025/12/15,15:50:56,0,0.0,200.0,458.0,255.0,16.0,217.0,2.0,3.0,0.0,0.0,0.0,0.0
2025/12/15,15:51:01,0,0.0,219.0,459.0,254.0,0.0,215.0,1.0,0.0,0.0,0.0,0.0,0.0
2025/12/15,15:51:06,0,1.0,198.0,454.0,253.0,30.0,215.0,5.0,4.0,0.0,0.0,0.0,0.0
2025/12/15,15:51:11,0,0.0,207.0,458.0,252.0,0.0,217.0,0.0,0.0,0.0,0.0,0.0,0.0
2025/12/15,15:51:16,0,2.0,199.0,458.0,253.0,28.0,216.0,5.0,4.0,0.0,0.0,0.0,0.0
2025/12/15,15:51:21,0,1.0,216.0,459.0,253.0,0.0,216.0,0.0,0.0,0.0,0.0,0.0,0.0
2025/12/15,15:51:26,0,0.0,199.0,456.0,253.0,25.0,217.0,5.0,4.0,0.0,0.0,0.0,0.0
2025/12/15,15:51:31,0,0.0,207.0,458.0,254.0,6.0,215.0,2.0,1.0,0.0,0.0,0.0,0.0
2025/12/15,15:51:36,0,0.0,201.0,457.0,253.0,1.0,218.0,0.0,0.0,0.0,0.0,0.0,0.0
2025/12/15,15:51:41,0,0.0,193.0,457.0,253.0,27.0,216.0,5.0,4.0,0.0,0.0,0.0,0.0
2025/12/15,15:51:46,0,0.0,206.0,458.0,253.0,0.0,216.0,0.0,0.0,0.0,0.0,0.0,0.0
2025/12/15,15:51:51,0,0.0,196.0,457.0,254.0,28.0,217.0,5.0,5.0,0.0,0.0,0.0,0.0
2025/12/15,15:51:56,0,1.0,213.0,458.0,254.0,0.0,215.0,1.0,0.0,0.0,0.0,0.0,0.0
2025/12/15,15:52:01,0,0.0,197.0,456.0,254.0,25.0,218.0,5.0,4.0,0.0,0.0,0.0,0.0
2025/12/15,15:52:06,0,0.0,216.0,459.0,253.0,0.0,215.0,1.0,0.0,0.0,0.0,0.0,0.0
2025/12/15,15:52:11,0,1.0,196.0,457.0,253.0,24.0,217.0,4.0,4.0,0.0,0.0,0.0,0.0
2025/12/15,15:52:16,0,0.0,200.0,455.0,253.0,16.0,215.0,4.0,3.0,0.0,0.0,0.0,0.0
2025/12/15,15:52:21,0,0.0,199.0,455.0,253.0,11.0,216.0,1.0,2.0,0.0,0.0,0.0,0.0
2025/12/15,15:52:26,0,0.0,207.0,458.0,253.0,7.0,217.0,2.0,2.0,0.0,0.0,0.0,0.0
2025/12/15,15:52:31,0,1.0,196.0,455.0,254.0,26.0,213.0,5.0,4.0,0.0,0.0,0.0,0.0
2025/12/15,15:52:36,0,0.0,207.0,457.0,253.0,9.0,217.0,2.0,1.0,0.0,0.0,0.0,0.0
2025/12/15,15:52:41,0,0.0,205.0,459.0,253.0,1.0,217.0,0.0,0.0,0.0,0.0,0.0,0.0
2025/12/15,15:52:46,0,0.0,201.0,457.0,253.0,27.0,217.0,5.0,4.0,0.0,0.0,0.0,0.0
2025/12/15,15:52:51,0,0.0,208.0,458.0,253.0,5.0,217.0,2.0,2.0,0.0,0.0,0.0,0.0
2025/12/15,15:52:56,0,0.0,201.0,457.0,252.0,0.0,218.0,0.0,0.0,0.0,0.0,0.0,0.0
2025/12/15,15:53:01,0,0.0,202.0,457.0,253.0,26.0,216.0,5.0,4.0,0.0,0.0,0.0,0.0
2025/12/15,15:53:06,0,0.0,204.0,455.0,253.0,11.0,215.0,3.0,2.0,0.0,0.0,0.0,0.0
2025/12/15,15:53:11,0,1.0,205.0,458.0,253.0,0.0,217.0,0.0,0.0,0.0,0.0,0.0,0.0
2025/12/15,15:53:16,0,1.0,200.0,455.0,253.0,27.0,215.0,5.0,4.0,0.0,0.0,0.0,0.0
2025/12/15,15:53:21,0,1.0,203.0,457.0,254.0,11.0,216.0,2.0,2.0,0.0,0.0,0.0,0.0
2025/12/15,15:53:26,0,0.0,202.0,459.0,253.0,0.0,216.0,0.0,0.0,0.0,0.0,0.0,0.0
2025/12/15,15:53:31,0,1.0,196.0,457.0,253.0,28.0,217.0,5.0,4.0,0.0,0.0,0.0,0.0
2025/12/15,15:53:36,0,1.0,206.0,457.0,253.0,0.0,217.0,0.0,0.0,0.0,0.0,0.0,0.0
2025/12/15,15:53:41,0,0.0,193.0,458.0,253.0,25.0,217.0,4.0,5.0,0.0,0.0,0.0,0.0
2025/12/15,15:53:46,0,1.0,199.0,457.0,253.0,0.0,217.0,0.0,0.0,0.0,0.0,0.0,0.0
2025/12/15,15:53:51,0,0.0,197.0,458.0,251.0,27.0,215.0,6.0,4.0,0.0,0.0,0.0,0.0
2025/12/15,15:53:56,0,1.0,213.0,458.0,253.0,2.0,217.0,1.0,0.0,0.0,0.0,0.0,0.0
2025/12/15,15:54:01,0,0.0,197.0,458.0,253.0,22.0,217.0,3.0,4.0,0.0,0.0,0.0,0.0
2025/12/15,15:54:06,0,0.0,218.0,459.0,253.0,0.0,216.0,0.0,0.0,0.0,0.0,0.0,0.0
2025/12/15,15:54:11,0,2.0,198.0,458.0,253.0,23.0,215.0,5.0,4.0,0.0,0.0,0.0,0.0
2025/12/15,15:54:16,0,0.0,192.0,458.0,253.0,26.0,217.0,5.0,5.0,0.0,0.0,0.0,0.0
2025/12/15,15:54:21,0,1.0,196.0,455.0,253.0,27.0,218.0,6.0,4.0,0.0,0.0,0.0,0.0
2025/12/15,15:54:26,0,0.0,202.0,458.0,251.0,25.0,217.0,4.0,4.0,0.0,0.0,0.0,0.0
2025/12/15,15:54:31,0,1.0,205.0,460.0,255.0,0.0,217.0,0.0,1.0,0.0,0.0,0.0,0.0
2025/12/15,15:54:36,0,1.0,212.0,459.0,253.0,3.0,216.0,1.0,1.0,0.0,0.0,0.0,0.0
2025/12/15,15:54:41,0,0.0,199.0,458.0,254.0,28.0,216.0,4.0,4.0,0.0,0.0,0.0,0.0
2025/12/15,15:54:46,0,1.0,204.0,457.0,253.0,0.0,216.0,0.0,0.0,0.0,0.0,0.0,0.0
2025/12/15,15:54:51,0,0.0,191.0,458.0,253.0,26.0,215.0,5.0,4.0,0.0,0.0,0.0,0.0
2025/12/15,15:54:56,0,1.0,200.0,458.0,253.0,8.0,217.0,1.0,1.0,0.0,0.0,0.0,0.0
2025/12/15,15:55:01,0,1.0,201.0,459.0,253.0,17.0,216.0,2.0,3.0,0.0,0.0,0.0,0.0
2025/12/15,15:55:06,0,1.0,200.0,459.0,253.0,10.0,217.0,1.0,2.0,0.0,0.0,0.0,0.0
2025/12/15,15:55:11,0,0.0,206.0,456.0,253.0,7.0,217.0,1.0,1.0,0.0,0.0,0.0,0.0
2025/12/15,15:55:16,0,1.0,200.0,459.0,253.0,25.0,216.0,4.0,4.0,0.0,0.0,0.0,0.0
2025/12/15,15:55:21,0,2.0,203.0,459.0,253.0,7.0,216.0,1.0,1.0,0.0,0.0,0.0,0.0
2025/12/15,15:55:26,0,0.0,220.0,458.0,253.0,1.0,217.0,0.0,1.0,0.0,0.0,0.0,0.0
2025/12/15,15:55:31,0,1.0,191.0,457.0,253.0,27.0,216.0,6.0,5.0,0.0,0.0,0.0,0.0
2025/12/15,15:55:36,0,0.0,200.0,459.0,253.0,16.0,217.0,3.0,2.0,0.0,0.0,0.0,0.0
2025/12/15,15:55:41,0,2.0,213.0,458.0,253.0,3.0,217.0,0.0,0.0,0.0,0.0,0.0,0.0
2025/12/15,15:55:46,0,2.0,199.0,458.0,253.0,27.0,217.0,5.0,4.0,0.0,0.0,0.0,0.0
2025/12/15,15:55:51,0,1.0,202.0,460.0,253.0,0.0,215.0,0.0,0.0,0.0,0.0,0.0,0.0
2025/12/15,15:55:56,0,2.0,198.0,457.0,253.0,21.0,215.0,5.0,4.0,0.0,0.0,0.0,0.0
2025/12/15,15:56:01,0,1.0,198.0,457.0,252.0,18.0,216.0,3.0,3.0,0.0,0.0,0.0,0.0
2025/12/15,15:56:06,0,4.0,218.0,459.0,253.0,2.0,217.0,0.0,0.0,0.0,0.0,0.0,0.0
2025/12/15,15:56:11,0,1.0,198.0,458.0,253.0,28.0,217.0,5.0,4.0,0.0,0.0,0.0,0.0
2025/12/15,15:56:16,0,1.0,209.0,459.0,253.0,0.0,216.0,0.0,0.0,0.0,0.0,0.0,0.0
2025/12/15,15:56:21,0,1.0,199.0,456.0,253.0,26.0,215.0,5.0,4.0,0.0,0.0,0.0,0.0
2025/12/15,15:56:26,0,2.0,205.0,458.0,253.0,12.0,217.0,2.0,2.0,0.0,0.0,0.0,0.0
2025/12/15,15:56:31,0,1.0,203.0,459.0,253.0,0.0,216.0,0.0,0.0,0.0,0.0,0.0,0.0
2025/12/15,15:56:36,0,0.0,199.0,457.0,253.0,27.0,216.0,5.0,3.0,0.0,0.0,0.0,0.0
2025/12/15,15:56:41,0,1.0,213.0,459.0,253.0,0.0,216.0,1.0,0.0,0.0,0.0,0.0,0.0
2025/12/15,15:56:46,0,0.0,195.0,457.0,253.0,29.0,217.0,5.0,4.0,0.0,0.0,0.0,0.0
2025/12/15,15:56:51,0,0.0,205.0,458.0,253.0,0.0,216.0,0.0,0.0,0.0,0.0,0.0,0.0
2025/12/15,15:56:56,0,1.0,199.0,457.0,252.0,27.0,216.0,5.0,4.0,0.0,0.0,0.0,0.0
2025/12/15,15:57:01,0,2.0,205.0,457.0,253.0,8.0,217.0,2.0,2.0,0.0,0.0,0.0,0.0
2025/12/15,15:57:06,0,1.0,209.0,458.0,253.0,0.0,217.0,0.0,0.0,0.0,0.0,0.0,0.0
2025/12/15,15:57:11,0,1.0,196.0,455.0,253.0,23.0,217.0,4.0,4.0,0.0,0.0,0.0,0.0
2025/12/15,15:57:16,0,0.0,202.0,456.0,252.0,19.0,216.0,4.0,3.0,0.0,0.0,0.0,0.0
2025/12/15,15:57:21,0,0.0,199.0,457.0,253.0,8.0,215.0,2.0,2.0,0.0,0.0,0.0,0.0
2025/12/15,15:57:26,0,1.0,197.0,457.0,252.0,25.0,216.0,5.0,4.0,0.0,0.0,0.0,0.0
2025/12/15,15:57:31,0,0.0,208.0,458.0,253.0,11.0,216.0,3.0,1.0,0.0,0.0,0.0,0.0
2025/12/15,15:57:36,0,0.0,211.0,458.0,253.0,0.0,216.0,0.0,0.0,0.0,0.0,0.0,0.0
2025/12/15,15:57:41,0,0.0,200.0,457.0,253.0,18.0,216.0,3.0,3.0,0.0,0.0,0.0,0.0
2025/12/15,15:58:10,0,1.0,202.0,458.0,253.0,24.0,217.0,4.0,4.0,0.0,0.0,0.0,0.0
2025/12/15,15:58:15,0,0.0,204.0,459.0,253.0,1.0,216.0,0.0,0.0,0.0,0.0,0.0,0.0
2025/12/15,15:58:20,0,0.0,201.0,458.0,253.0,9.0,217.0,1.0,2.0,0.0,0.0,0.0,0.0
2025/12/15,15:58:25,0,2.0,200.0,458.0,252.0,18.0,216.0,3.0,3.0,0.0,0.0,0.0,0.0
2025/12/15,15:58:30,0,0.0,197.0,458.0,253.0,25.0,217.0,5.0,4.0,0.0,0.0,0.0,0.0
2025/12/15,15:58:35,0,0.0,197.0,457.0,252.0,27.0,216.0,5.0,4.0,0.0,0.0,0.0,0.0
2025/12/15,15:58:40,0,0.0,199.0,457.0,253.0,26.0,215.0,4.0,4.0,0.0,0.0,0.0,0.0
2025/12/15,15:58:45,0,1.0,215.0,459.0,251.0,3.0,216.0,1.0,1.0,0.0,0.0,0.0,0.0
2025/12/15,15:58:50,0,0.0,205.0,459.0,254.0,0.0,217.0,0.0,0.0,0.0,0.0,0.0,0.0
2025/12/15,15:58:55,0,1.0,195.0,458.0,253.0,19.0,217.0,4.0,3.0,0.0,0.0,0.0,0.0
2025/12/15,15:59:00,0,2.0,201.0,457.0,253.0,24.0,216.0,5.0,4.0,0.0,0.0,0.0,0.0
2025/12/15,15:59:05,0,2.0,198.0,456.0,253.0,28.0,216.0,5.0,4.0,0.0,0.0,0.0,0.0
2025/12/15,15:59:10,0,0.0,194.0,457.0,252.0,27.0,216.0,5.0,4.0,0.0,0.0,0.0,0.0
2025/12/15,15:59:15,0,0.0,205.0,458.0,253.0,13.0,217.0,3.0,2.0,0.0,0.0,0.0,0.0
2025/12/15,15:59:20,0,0.0,212.0,459.0,254.0,2.0,217.0,1.0,0.0,0.0,0.0,0.0,0.0
2025/12/15,15:59:25,0,1.0,215.0,459.0,253.0,1.0,215.0,1.0,1.0,0.0,0.0,0.0,0.0
2025/12/15,15:59:30,0,0.0,206.0,459.0,253.0,0.0,216.0,0.0,0.0,0.0,0.0,0.0,0.0
2025/12/15,15:59:35,0,0.0,197.0,455.0,253.0,23.0,217.0,4.0,4.0,0.0,0.0,0.0,0.0
2025/12/15,15:59:40,0,2.0,200.0,458.0,252.0,19.0,216.0,4.0,3.0,0.0,0.0,0.0,0.0
2025/12/15,15:59:45,0,1.0,207.0,459.0,252.0,0.0,217.0,0.0,0.0,0.0,0.0,0.0,0.0
2025/12/15,15:59:50,0,0.0,196.0,455.0,253.0,21.0,216.0,4.0,3.0,0.0,0.0,0.0,0.0
2025/12/15,15:59:55,0,0.0,195.0,458.0,253.0,28.0,217.0,5.0,4.0,0.0,0.0,0.0,0.0
2025/12/15,16:00:00,0,0.0,206.0,459.0,253.0,9.0,217.0,2.0,2.0,0.0,0.0,0.0,0.0
2025/12/15,16:00:05,0,1.0,212.0,457.0,253.0,1.0,217.0,1.0,0.0,0.0,0.0,0.0,0.0
2025/12/15,16:00:10,0,4.0,199.0,458.0,253.0,13.0,217.0,0.0,2.0,0.0,0.0,0.0,0.0
2025/12/15,16:00:15,0,0.0,193.0,458.0,252.0,27.0,216.0,5.0,4.0,0.0,0.0,0.0,0.0
2025/12/15,16:00:20,0,1.0,206.0,458.0,253.0,0.0,216.0,0.0,0.0,0.0,0.0,0.0,0.0
2025/12/15,16:00:25,0,0.0,192.0,457.0,253.0,26.0,217.0,5.0,5.0,0.0,0.0,0.0,0.0
2025/12/15,16:00:30,0,3.0,201.0,458.0,251.0,13.0,216.0,3.0,2.0,0.0,0.0,0.0,0.0
2025/12/15,16:00:35,0,1.0,214.0,458.0,253.0,1.0,216.0,0.0,0.0,0.0,0.0,0.0,0.0
2025/12/15,16:00:40,0,0.0,198.0,458.0,253.0,25.0,215.0,6.0,4.0,0.0,0.0,0.0,0.0
2025/12/15,16:00:45,0,0.0,201.0,457.0,252.0,25.0,216.0,5.0,3.0,0.0,0.0,0.0,0.0
2025/12/15,16:00:50,0,1.0,199.0,457.0,253.0,2.0,217.0,0.0,1.0,0.0,0.0,0.0,0.0
2025/12/15,16:00:55,0,1.0,219.0,458.0,253.0,2.0,217.0,1.0,1.0,0.0,0.0,0.0,0.0
2025/12/15,16:01:00,0,0.0,195.0,455.0,253.0,25.0,217.0,4.0,4.0,0.0,0.0,0.0,0.0
2025/12/15,16:01:05,0,1.0,201.0,458.0,252.0,25.0,216.0,5.0,4.0,0.0,0.0,0.0,0.0
2025/12/15,16:01:10,0,1.0,201.0,458.0,253.0,6.0,216.0,1.0,1.0,0.0,0.0,0.0,0.0
2025/12/15,16:01:15,0,2.0,208.0,460.0,253.0,0.0,215.0,0.0,0.0,0.0,0.0,0.0,0.0
2025/12/15,16:01:20,0,3.0,215.0,457.0,253.0,1.0,217.0,0.0,1.0,0.0,0.0,0.0,0.0
2025/12/15,16:01:25,0,0.0,205.0,458.0,252.0,10.0,217.0,2.0,2.0,0.0,0.0,0.0,0.0
2025/12/15,16:01:30,0,3.0,198.0,458.0,253.0,22.0,216.0,5.0,4.0,0.0,0.0,0.0,0.0
2025/12/15,16:01:35,0,1.0,200.0,456.0,253.0,24.0,215.0,5.0,4.0,0.0,0.0,0.0,0.0
2025/12/15,16:01:40,0,1.0,207.0,458.0,253.0,9.0,218.0,3.0,1.0,0.0,0.0,0.0,0.0
2025/12/15,16:01:45,0,0.0,214.0,459.0,253.0,0.0,215.0,1.0,0.0,0.0,0.0,0.0,0.0
2025/12/15,16:01:50,0,3.0,201.0,460.0,253.0,12.0,217.0,1.0,2.0,0.0,0.0,0.0,0.0
2025/12/15,16:01:55,0,1.0,194.0,457.0,253.0,28.0,215.0,5.0,4.0,0.0,0.0,0.0,0.0
2025/12/15,16:02:00,0,1.0,216.0,459.0,253.0,0.0,216.0,0.0,0.0,0.0,0.0,0.0,0.0
2025/12/15,16:02:05,0,2.0,198.0,458.0,254.0,22.0,217.0,3.0,4.0,0.0,0.0,0.0,0.0
2025/12/15,16:02:10,0,3.0,208.0,457.0,253.0,8.0,217.0,2.0,1.0,0.0,0.0,0.0,0.0
2025/12/15,16:02:15,0,0.0,198.0,458.0,251.0,19.0,217.0,3.0,3.0,0.0,0.0,0.0,0.0
2025/12/15,16:02:20,0,0.0,210.0,459.0,253.0,5.0,217.0,1.0,1.0,0.0,0.0,0.0,0.0
2025/12/15,16:02:25,0,0.0,199.0,459.0,252.0,14.0,216.0,1.0,2.0,0.0,0.0,0.0,0.0
2025/12/15,16:02:30,0,0.0,195.0,457.0,253.0,25.0,215.0,5.0,4.0,0.0,0.0,0.0,0.0
2025/12/15,16:02:35,0,1.0,204.0,459.0,253.0,0.0,216.0,0.0,0.0,0.0,0.0,0.0,0.0
2025/12/15,16:02:40,0,1.0,193.0,458.0,252.0,27.0,216.0,5.0,4.0,0.0,0.0,0.0,0.0
2025/12/15,16:02:45,0,1.0,210.0,458.0,252.0,0.0,218.0,0.0,0.0,0.0,0.0,0.0,0.0
2025/12/15,16:02:50,0,0.0,198.0,458.0,252.0,20.0,215.0,4.0,3.0,0.0,0.0,0.0,0.0
2025/12/15,16:02:55,0,0.0,199.0,457.0,254.0,26.0,216.0,5.0,4.0,0.0,0.0,0.0,0.0
2025/12/15,16:03:00,0,1.0,194.0,458.0,253.0,27.0,217.0,5.0,4.0,0.0,0.0,0.0,0.0
2025/12/15,16:03:05,0,0.0,211.0,458.0,253.0,2.0,218.0,1.0,1.0,0.0,0.0,0.0,0.0
2025/12/15,16:03:10,0,0.0,201.0,459.0,253.0,2.0,217.0,0.0,0.0,0.0,0.0,0.0,0.0
2025/12/15,16:03:15,0,1.0,199.0,458.0,251.0,24.0,216.0,5.0,4.0,0.0,0.0,0.0,0.0
2025/12/15,16:03:20,0,3.0,213.0,459.0,252.0,1.0,216.0,0.0,0.0,0.0,0.0,0.0,0.0
2025/12/15,16:03:25,0,0.0,201.0,458.0,252.0,14.0,216.0,2.0,3.0,0.0,0.0,0.0,0.0
2025/12/15,16:03:30,0,0.0,201.0,458.0,253.0,18.0,216.0,4.0,3.0,0.0,0.0,0.0,0.0
2025/12/15,16:03:35,0,3.0,200.0,458.0,253.0,11.0,216.0,1.0,3.0,0.0,0.0,0.0,0.0
2025/12/15,16:03:40,0,0.0,203.0,459.0,252.0,13.0,217.0,3.0,3.0,0.0,0.0,0.0,0.0
2025/12/15,16:03:45,0,0.0,200.0,458.0,253.0,19.0,216.0,3.0,3.0,0.0,0.0,0.0,0.0
2025/12/15,16:03:50,0,1.0,209.0,456.0,253.0,8.0,217.0,1.0,2.0,0.0,0.0,0.0,0.0
2025/12/15,16:03:55,0,1.0,198.0,458.0,253.0,22.0,217.0,3.0,3.0,0.0,0.0,0.0,0.0
2025/12/15,16:04:00,0,1.0,209.0,459.0,253.0,3.0,216.0,1.0,1.0,0.0,0.0,0.0,0.0
2025/12/15,16:04:05,0,0.0,203.0,457.0,251.0,25.0,216.0,4.0,4.0,0.0,0.0,0.0,0.0
2025/12/15,16:04:10,0,0.0,208.0,459.0,253.0,0.0,216.0,0.0,0.0,0.0,0.0,0.0,0.0
2025/12/15,16:04:15,0,0.0,197.0,457.0,253.0,22.0,217.0,5.0,4.0,0.0,0.0,0.0,0.0
2025/12/15,16:04:20,0,0.0,197.0,457.0,253.0,24.0,217.0,4.0,4.0,0.0,0.0,0.0,0.0
2025/12/15,16:04:25,0,0.0,209.0,458.0,251.0,0.0,217.0,0.0,0.0,0.0,0.0,0.0,0.0
2025/12/15,16:04:30,0,0.0,208.0,458.0,254.0,9.0,216.0,3.0,2.0,0.0,0.0,0.0,0.0
2025/12/15,16:05:05,0,0.0,210.0,458.0,253.0,1.0,217.0,1.0,1.0,0.0,0.0,0.0,0.0
2025/12/15,16:05:10,0,0.0,198.0,455.0,251.0,12.0,216.0,2.0,2.0,0.0,0.0,0.0,0.0
2025/12/15,16:05:15,0,1.0,203.0,458.0,253.0,0.0,217.0,0.0,0.0,0.0,0.0,0.0,0.0
2025/12/15,16:05:20,0,0.0,213.0,459.0,253.0,1.0,217.0,0.0,0.0,0.0,0.0,0.0,0.0
2025/12/15,16:05:25,0,0.0,208.0,459.0,253.0,9.0,217.0,3.0,2.0,0.0,0.0,0.0,0.0
2025/12/15,16:05:30,0,0.0,194.0,457.0,251.0,28.0,218.0,5.0,4.0,0.0,0.0,0.0,0.0
2025/12/15,16:05:35,0,0.0,197.0,458.0,253.0,20.0,217.0,4.0,3.0,0.0,0.0,0.0,0.0
2025/12/15,16:05:40,0,0.0,205.0,458.0,251.0,0.0,217.0,0.0,0.0,0.0,0.0,0.0,0.0
2025/12/15,16:05:45,0,0.0,215.0,459.0,252.0,1.0,216.0,0.0,0.0,0.0,0.0,0.0,0.0
2025/12/15,16:05:50,0,0.0,196.0,458.0,253.0,27.0,217.0,5.0,4.0,0.0,0.0,0.0,0.0
2025/12/15,16:05:55,0,0.0,202.0,458.0,253.0,27.0,217.0,4.0,4.0,0.0,0.0,0.0,0.0
2025/12/15,16:06:00,0,1.0,200.0,458.0,253.0,7.0,216.0,1.0,2.0,0.0,0.0,0.0,0.0
2025/12/15,16:06:05,0,0.0,211.0,459.0,253.0,0.0,215.0,0.0,0.0,0.0,0.0,0.0,0.0
2025/12/15,16:06:10,0,2.0,206.0,459.0,253.0,13.0,216.0,2.0,3.0,0.0,0.0,0.0,0.0
2025/12/15,16:06:15,0,0.0,197.0,458.0,253.0,27.0,216.0,5.0,4.0,0.0,0.0,0.0,0.0
2025/12/15,16:06:20,0,0.0,199.0,457.0,253.0,6.0,217.0,1.0,1.0,0.0,0.0,0.0,0.0
2025/12/15,16:06:25,0,1.0,211.0,458.0,251.0,6.0,215.0,1.0,1.0,0.0,0.0,0.0,0.0
2025/12/15,16:06:30,0,1.0,199.0,459.0,253.0,26.0,217.0,4.0,3.0,0.0,0.0,0.0,0.0
2025/12/15,16:06:35,0,0.0,201.0,459.0,253.0,0.0,215.0,0.0,0.0,0.0,0.0,0.0,0.0
2025/12/15,16:06:40,0,1.0,212.0,457.0,253.0,3.0,216.0,0.0,2.0,0.0,0.0,0.0,0.0
2025/12/15,16:06:45,0,1.0,199.0,457.0,251.0,27.0,217.0,5.0,4.0,0.0,0.0,0.0,0.0
2025/12/15,16:06:50,0,1.0,202.0,458.0,252.0,0.0,217.0,0.0,0.0,0.0,0.0,0.0,0.0
2025/12/15,16:06:55,0,1.0,204.0,458.0,253.0,14.0,216.0,3.0,2.0,0.0,0.0,0.0,0.0
2025/12/15,16:07:00,0,3.0,196.0,457.0,253.0,23.0,214.0,5.0,4.0,0.0,0.0,0.0,0.0
2025/12/15,16:07:05,0,4.0,214.0,456.0,253.0,0.0,217.0,0.0,0.0,0.0,0.0,0.0,0.0
2025/12/15,16:07:10,0,1.0,200.0,456.0,253.0,28.0,216.0,4.0,4.0,0.0,0.0,0.0,0.0
2025/12/15,16:07:15,0,2.0,208.0,458.0,251.0,0.0,217.0,0.0,0.0,0.0,0.0,0.0,0.0
2025/12/15,16:07:20,0,2.0,196.0,454.0,254.0,28.0,217.0,6.0,4.0,0.0,0.0,0.0,0.0
2025/12/15,16:07:25,0,5.0,196.0,456.0,253.0,20.0,216.0,4.0,3.0,0.0,0.0,0.0,0.0
2025/12/15,16:07:30,0,2.0,216.0,457.0,252.0,1.0,217.0,0.0,0.0,0.0,0.0,0.0,0.0
2025/12/15,16:07:35,0,1.0,203.0,456.0,253.0,25.0,217.0,5.0,4.0,0.0,0.0,0.0,0.0
2025/12/15,16:07:40,0,1.0,213.0,458.0,251.0,0.0,217.0,1.0,0.0,0.0,0.0,0.0,0.0
2025/12/15,16:07:45,0,6.0,198.0,456.0,252.0,22.0,216.0,4.0,3.0,0.0,0.0,0.0,0.0
2025/12/15,16:07:50,0,2.0,209.0,457.0,253.0,6.0,216.0,2.0,1.0,0.0,0.0,0.0,0.0
2025/12/15,16:08:30,0,0.0,207.0,458.0,253.0,5.0,217.0,1.0,1.0,0.0,0.0,0.0,0.0
2025/12/15,16:08:34,0,3.0,213.0,457.0,252.0,7.0,218.0,1.0,1.0,0.0,0.0,0.0,0.0
2025/12/15,16:08:39,0,1.0,201.0,457.0,253.0,27.0,216.0,4.0,4.0,0.0,0.0,0.0,0.0
2025/12/15,16:08:44,0,1.0,209.0,458.0,253.0,0.0,216.0,0.0,0.0,0.0,0.0,0.0,0.0
2025/12/15,16:08:49,0,0.0,194.0,457.0,253.0,26.0,216.0,5.0,5.0,0.0,0.0,0.0,0.0
2025/12/15,16:08:54,0,1.0,200.0,458.0,251.0,2.0,216.0,0.0,1.0,0.0,0.0,0.0,0.0
2025/12/15,16:08:59,0,0.0,206.0,457.0,252.0,9.0,215.0,2.0,3.0,0.0,0.0,0.0,0.0
2025/12/15,16:09:04,0,3.0,198.0,454.0,253.0,27.0,216.0,5.0,5.0,0.0,0.0,0.0,0.0
2025/12/15,16:09:09,0,1.0,213.0,457.0,253.0,0.0,215.0,1.0,0.0,0.0,0.0,0.0,0.0
2025/12/15,16:09:14,0,1.0,194.0,455.0,253.0,28.0,216.0,4.0,3.0,0.0,0.0,0.0,0.0
2025/12/15,16:09:19,0,1.0,202.0,456.0,253.0,0.0,215.0,0.0,0.0,0.0,0.0,0.0,0.0
2025/12/15,16:09:24,0,1.0,204.0,454.0,253.0,13.0,215.0,4.0,2.0,0.0,0.0,0.0,0.0
2025/12/15,16:09:29,0,1.0,198.0,454.0,253.0,21.0,217.0,4.0,3.0,0.0,0.0,0.0,0.0
2025/12/15,16:09:34,0,0.0,209.0,455.0,253.0,4.0,216.0,1.0,1.0,0.0,0.0,0.0,0.0
2025/12/15,16:09:39,0,2.0,199.0,454.0,253.0,13.0,216.0,2.0,2.0,0.0,0.0,0.0,0.0
2025/12/15,16:09:44,0,1.0,192.0,454.0,253.0,28.0,216.0,6.0,5.0,0.0,0.0,0.0,0.0
2025/12/15,16:09:49,0,0.0,210.0,455.0,251.0,0.0,217.0,0.0,0.0,0.0,0.0,0.0,0.0
2025/12/15,16:09:54,0,1.0,201.0,454.0,253.0,28.0,215.0,5.0,4.0,0.0,0.0,0.0,0.0
2025/12/15,16:09:59,0,0.0,212.0,455.0,251.0,1.0,217.0,0.0,0.0,0.0,0.0,0.0,0.0
2025/12/15,16:10:04,0,0.0,199.0,455.0,253.0,11.0,216.0,2.0,2.0,0.0,0.0,0.0,0.0
2025/12/15,16:10:09,0,0.0,192.0,454.0,252.0,28.0,216.0,5.0,4.0,0.0,0.0,0.0,0.0
2025/12/15,16:10:14,0,1.0,209.0,455.0,253.0,0.0,216.0,0.0,0.0,0.0,0.0,0.0,0.0
2025/12/15,16:10:19,0,3.0,202.0,454.0,253.0,27.0,217.0,4.0,4.0,0.0,0.0,0.0,0.0
2025/12/15,16:10:24,0,0.0,207.0,455.0,253.0,9.0,217.0,2.0,2.0,0.0,0.0,0.0,0.0
2025/12/15,16:10:29,0,1.0,202.0,456.0,252.0,0.0,216.0,0.0,1.0,0.0,0.0,0.0,0.0
2025/12/15,16:10:34,0,0.0,201.0,455.0,253.0,26.0,216.0,5.0,4.0,0.0,0.0,0.0,0.0
2025/12/15,16:10:39,0,1.0,206.0,456.0,253.0,15.0,216.0,2.0,3.0,0.0,0.0,0.0,0.0
2025/12/15,16:10:44,0,1.0,212.0,456.0,252.0,0.0,216.0,0.0,0.0,0.0,0.0,0.0,0.0
2025/12/15,16:10:49,0,0.0,201.0,455.0,252.0,17.0,216.0,3.0,3.0,0.0,0.0,0.0,0.0
2025/12/15,16:10:54,0,1.0,198.0,455.0,252.0,28.0,216.0,5.0,4.0,0.0,0.0,0.0,0.0
2025/12/15,16:10:59,0,0.0,201.0,457.0,253.0,20.0,217.0,4.0,4.0,0.0,0.0,0.0,0.0
2025/12/15,16:11:04,0,1.0,212.0,457.0,252.0,0.0,217.0,0.0,0.0,0.0,0.0,0.0,0.0
2025/12/15,16:11:09,0,1.0,210.0,457.0,253.0,0.0,217.0,0.0,0.0,0.0,0.0,0.0,0.0
2025/12/15,16:11:14,0,0.0,204.0,457.0,252.0,0.0,216.0,0.0,0.0,0.0,0.0,0.0,0.0
2025/12/15,16:11:19,0,0.0,201.0,457.0,254.0,10.0,215.0,2.0,2.0,0.0,0.0,0.0,0.0
2025/12/15,16:11:24,0,0.0,194.0,457.0,253.0,24.0,218.0,5.0,4.0,0.0,0.0,0.0,0.0
2025/12/15,16:11:29,0,0.0,200.0,455.0,254.0,27.0,216.0,5.0,4.0,0.0,0.0,0.0,0.0
2025/12/15,16:11:34,0,0.0,197.0,456.0,253.0,24.0,216.0,5.0,5.0,0.0,0.0,0.0,0.0
2025/12/15,16:11:39,0,0.0,217.0,455.0,253.0,1.0,216.0,1.0,1.0,0.0,0.0,0.0,0.0
2025/12/15,16:11:44,0,0.0,201.0,457.0,253.0,7.0,217.0,0.0,1.0,0.0,0.0,0.0,0.0
2025/12/15,16:11:49,0,0.0,198.0,454.0,253.0,28.0,214.0,5.0,4.0,0.0,0.0,0.0,0.0
2025/12/15,16:11:54,0,0.0,206.0,457.0,253.0,8.0,215.0,3.0,2.0,0.0,0.0,0.0,0.0
2025/12/15,16:11:59,0,0.0,205.0,458.0,253.0,0.0,215.0,0.0,0.0,0.0,0.0,0.0,0.0
2025/12/15,16:12:04,0,0.0,201.0,456.0,251.0,26.0,215.0,6.0,4.0,0.0,0.0,0.0,0.0
2025/12/15,16:12:09,0,0.0,195.0,456.0,252.0,25.0,217.0,6.0,5.0,0.0,0.0,0.0,0.0
2025/12/15,16:12:14,0,0.0,214.0,458.0,253.0,2.0,217.0,0.0,0.0,0.0,0.0,0.0,0.0
2025/12/15,16:12:19,0,0.0,201.0,457.0,253.0,15.0,217.0,2.0,3.0,0.0,0.0,0.0,0.0
2025/12/15,16:12:24,0,0.0,200.0,457.0,253.0,28.0,217.0,5.0,4.0,0.0,0.0,0.0,0.0
2025/12/15,16:12:29,0,2.0,201.0,457.0,253.0,18.0,215.0,4.0,3.0,0.0,0.0,0.0,0.0
2025/12/15,16:12:34,0,0.0,210.0,458.0,253.0,0.0,216.0,0.0,0.0,0.0,0.0,0.0,0.0
2025/12/15,16:12:39,0,0.0,197.0,456.0,253.0,26.0,217.0,5.0,5.0,0.0,0.0,0.0,0.0
2025/12/15,16:12:44,0,0.0,215.0,458.0,252.0,1.0,217.0,0.0,0.0,0.0,0.0,0.0,0.0
2025/12/15,16:12:49,0,0.0,192.0,456.0,252.0,29.0,216.0,5.0,5.0,0.0,0.0,0.0,0.0
2025/12/15,16:12:54,0,0.0,199.0,458.0,253.0,15.0,217.0,2.0,3.0,0.0,0.0,0.0,0.0
2025/12/15,16:12:59,0,0.0,211.0,458.0,253.0,3.0,217.0,1.0,1.0,0.0,0.0,0.0,0.0
2025/12/15,16:13:04,0,0.0,202.0,457.0,253.0,27.0,216.0,4.0,4.0,0.0,0.0,0.0,0.0
2025/12/15,16:13:09,0,0.0,207.0,458.0,252.0,0.0,217.0,0.0,0.0,0.0,0.0,0.0,0.0
2025/12/15,16:13:14,0,0.0,193.0,457.0,253.0,31.0,218.0,6.0,4.0,0.0,0.0,0.0,0.0
2025/12/15,16:13:19,0,0.0,200.0,457.0,255.0,8.0,216.0,1.0,1.0,0.0,0.0,0.0,0.0
2025/12/15,16:13:24,0,0.0,208.0,458.0,252.0,8.0,216.0,2.0,3.0,0.0,0.0,0.0,0.0
2025/12/15,16:13:29,0,0.0,195.0,457.0,253.0,23.0,217.0,4.0,4.0,0.0,0.0,0.0,0.0
2025/12/15,16:13:34,0,0.0,219.0,457.0,252.0,2.0,215.0,1.0,1.0,0.0,0.0,0.0,0.0
2025/12/15,16:13:39,0,0.0,199.0,456.0,253.0,24.0,216.0,4.0,4.0,0.0,0.0,0.0,0.0
2025/12/15,16:13:44,0,0.0,173.0,456.0,253.0,3.0,217.0,1.0,0.0,0.0,0.0,0.0,0.0
2025/12/15,16:13:49,0,0.0,173.0,455.0,252.0,26.0,218.0,4.0,3.0,0.0,0.0,0.0,0.0
2025/12/15,16:13:54,0,0.0,173.0,454.0,251.0,0.0,218.0,0.0,0.0,0.0,0.0,0.0,0.0
2025/12/15,16:13:59,0,0.0,200.0,458.0,251.0,49.0,217.0,2.0,3.0,0.0,0.0,0.0,0.0
2025/12/15,16:14:04,0,3.0,220.0,456.0,253.0,8.0,216.0,0.0,0.0,0.0,0.0,0.0,0.0
2025/12/15,16:14:09,0,0.0,199.0,453.0,253.0,26.0,218.0,4.0,4.0,0.0,0.0,0.0,0.0
2025/12/15,16:14:14,0,1.0,216.0,455.0,253.0,4.0,217.0,1.0,1.0,0.0,0.0,0.0,0.0
2025/12/15,16:14:19,0,0.0,203.0,454.0,252.0,27.0,217.0,4.0,4.0,0.0,0.0,0.0,0.0
2025/12/15,16:14:24,0,0.0,215.0,455.0,253.0,1.0,216.0,1.0,0.0,0.0,0.0,0.0,0.0
2025/12/15,16:14:29,0,0.0,199.0,453.0,252.0,28.0,217.0,5.0,4.0,0.0,0.0,0.0,0.0
2025/12/15,16:14:34,0,0.0,205.0,454.0,251.0,0.0,217.0,0.0,0.0,0.0,0.0,0.0,0.0
2025/12/15,16:14:39,0,1.0,199.0,453.0,252.0,23.0,217.0,5.0,4.0,0.0,0.0,0.0,0.0
2025/12/15,16:14:44,0,0.0,199.0,454.0,253.0,16.0,215.0,4.0,2.0,0.0,0.0,0.0,0.0
2025/12/15,16:14:49,0,0.0,213.0,454.0,253.0,3.0,216.0,1.0,1.0,0.0,0.0,0.0,0.0
2025/12/15,16:14:54,0,0.0,201.0,454.0,253.0,13.0,217.0,2.0,2.0,0.0,0.0,0.0,0.0
2025/12/15,16:14:59,0,0.0,194.0,454.0,253.0,28.0,217.0,5.0,4.0,0.0,0.0,0.0,0.0
2025/12/15,16:15:04,0,0.0,219.0,452.0,253.0,2.0,217.0,0.0,0.0,0.0,0.0,0.0,0.0
2025/12/15,16:15:09,0,0.0,201.0,456.0,253.0,12.0,217.0,2.0,2.0,0.0,0.0,0.0,0.0
2025/12/15,16:15:14,0,0.0,200.0,454.0,253.0,27.0,217.0,5.0,4.0,0.0,0.0,0.0,0.0
2025/12/15,16:15:19,0,0.0,192.0,455.0,253.0,28.0,217.0,5.0,5.0,0.0,0.0,0.0,0.0
2025/12/15,16:15:24,0,0.0,199.0,454.0,253.0,28.0,216.0,5.0,4.0,0.0,0.0,0.0,0.0
2025/12/15,16:15:29,0,1.0,204.0,455.0,251.0,0.0,217.0,0.0,0.0,0.0,0.0,0.0,0.0
2025/12/15,16:15:34,0,0.0,211.0,455.0,251.0,5.0,216.0,1.0,1.0,0.0,0.0,0.0,0.0
2025/12/15,16:15:39,0,0.0,200.0,455.0,252.0,29.0,216.0,5.0,4.0,0.0,0.0,0.0,0.0
2025/12/15,16:15:44,0,0.0,205.0,456.0,254.0,0.0,217.0,0.0,0.0,0.0,0.0,0.0,0.0
2025/12/15,16:15:49,0,0.0,202.0,455.0,253.0,15.0,217.0,3.0,3.0,0.0,0.0,0.0,0.0
2025/12/15,16:15:54,0,0.0,200.0,455.0,253.0,28.0,217.0,5.0,4.0,0.0,0.0,0.0,0.0
2025/12/15,16:15:59,0,0.0,199.0,456.0,252.0,23.0,217.0,3.0,4.0,0.0,0.0,0.0,0.0
2025/12/15,16:16:04,0,0.0,203.0,457.0,253.0,0.0,216.0,0.0,0.0,0.0,0.0,0.0,0.0
2025/12/15,16:16:09,0,0.0,219.0,457.0,252.0,1.0,217.0,1.0,0.0,0.0,0.0,0.0,0.0
2025/12/15,16:16:14,0,1.0,209.0,454.0,253.0,8.0,217.0,1.0,1.0,0.0,0.0,0.0,0.0
2025/12/15,16:16:19,0,0.0,205.0,455.0,253.0,16.0,216.0,3.0,2.0,0.0,0.0,0.0,0.0
2025/12/15,16:16:24,0,0.0,209.0,456.0,253.0,11.0,216.0,2.0,2.0,0.0,0.0,0.0,0.0
2025/12/15,16:16:29,0,0.0,217.0,457.0,252.0,0.0,216.0,0.0,0.0,0.0,0.0,0.0,0.0
2025/12/15,16:16:34,0,1.0,205.0,457.0,253.0,0.0,216.0,0.0,0.0,0.0,0.0,0.0,0.0
2025/12/15,16:16:39,0,0.0,198.0,456.0,253.0,26.0,217.0,4.0,4.0,0.0,0.0,0.0,0.0
2025/12/15,16:16:44,0,0.0,198.0,457.0,252.0,20.0,216.0,4.0,4.0,0.0,0.0,0.0,0.0
2025/12/15,16:16:49,0,0.0,209.0,457.0,253.0,0.0,217.0,0.0,0.0,0.0,0.0,0.0,0.0
2025/12/15,16:16:54,0,1.0,200.0,456.0,252.0,26.0,217.0,5.0,4.0,0.0,0.0,0.0,0.0
2025/12/15,16:16:59,0,0.0,194.0,456.0,251.0,27.0,215.0,6.0,4.0,0.0,0.0,0.0,0.0
2025/12/15,16:17:04,0,0.0,193.0,456.0,253.0,26.0,216.0,5.0,5.0,0.0,0.0,0.0,0.0
2025/12/15,16:17:09,0,0.0,194.0,457.0,253.0,28.0,217.0,4.0,5.0,0.0,0.0,0.0,0.0
2025/12/15,16:17:14,0,0.0,194.0,456.0,253.0,28.0,217.0,5.0,4.0,0.0,0.0,0.0,0.0
2025/12/15,16:17:19,0,0.0,200.0,456.0,252.0,27.0,216.0,5.0,4.0,0.0,0.0,0.0,0.0
2025/12/15,16:17:24,0,0.0,204.0,456.0,253.0,26.0,218.0,5.0,4.0,0.0,0.0,0.0,0.0
2025/12/15,16:17:29,0,0.0,198.0,457.0,253.0,29.0,217.0,5.0,4.0,0.0,0.0,0.0,0.0
2025/12/15,16:17:34,0,0.0,206.0,458.0,253.0,11.0,216.0,3.0,2.0,0.0,0.0,0.0,0.0
2025/12/15,16:17:39,0,0.0,208.0,458.0,253.0,0.0,217.0,0.0,0.0,0.0,0.0,0.0,0.0
2025/12/15,16:17:44,0,0.0,198.0,457.0,253.0,25.0,217.0,4.0,5.0,0.0,0.0,0.0,0.0
2025/12/15,16:17:49,0,0.0,193.0,455.0,253.0,28.0,217.0,6.0,5.0,0.0,0.0,0.0,0.0
2025/12/15,16:17:54,0,0.0,215.0,455.0,253.0,2.0,217.0,1.0,0.0,0.0,0.0,0.0,0.0
2025/12/15,16:17:59,0,0.0,205.0,458.0,251.0,0.0,217.0,0.0,0.0,0.0,0.0,0.0,0.0
2025/12/15,16:18:30,0,0.0,204.0,457.0,252.0,21.0,217.0,4.0,3.0,0.0,0.0,0.0,0.0
2025/12/15,16:18:34,0,0.0,212.0,457.0,253.0,0.0,217.0,0.0,0.0,0.0,0.0,0.0,0.0
2025/12/15,16:18:39,0,0.0,205.0,458.0,253.0,0.0,215.0,0.0,0.0,0.0,0.0,0.0,0.0
2025/12/15,16:18:44,0,0.0,202.0,459.0,253.0,2.0,216.0,0.0,0.0,0.0,0.0,0.0,0.0
2025/12/15,16:18:49,0,0.0,199.0,457.0,252.0,20.0,216.0,3.0,3.0,0.0,0.0,0.0,0.0
2025/12/15,16:18:54,0,0.0,201.0,455.0,253.0,27.0,217.0,5.0,4.0,0.0,0.0,0.0,0.0
2025/12/15,16:18:59,0,0.0,197.0,455.0,253.0,28.0,217.0,5.0,4.0,0.0,0.0,0.0,0.0
2025/12/15,16:19:04,0,0.0,195.0,458.0,253.0,29.0,218.0,6.0,5.0,0.0,0.0,0.0,0.0
2025/12/15,16:19:09,0,0.0,196.0,457.0,252.0,28.0,217.0,5.0,5.0,0.0,0.0,0.0,0.0
2025/12/15,16:19:14,0,0.0,198.0,458.0,253.0,21.0,217.0,4.0,4.0,0.0,0.0,0.0,0.0
2025/12/15,16:19:19,0,0.0,214.0,458.0,253.0,4.0,216.0,1.0,1.0,0.0,0.0,0.0,0.0
2025/12/15,16:19:24,0,0.0,217.0,457.0,253.0,1.0,218.0,1.0,0.0,0.0,0.0,0.0,0.0
2025/12/15,16:19:29,0,0.0,201.0,457.0,253.0,2.0,217.0,0.0,0.0,0.0,0.0,0.0,0.0
2025/12/15,16:19:34,0,0.0,199.0,458.0,252.0,14.0,217.0,3.0,3.0,0.0,0.0,0.0,0.0
2025/12/15,16:19:39,0,0.0,198.0,457.0,253.0,27.0,217.0,5.0,4.0,0.0,0.0,0.0,0.0
2025/12/15,16:19:44,0,0.0,201.0,457.0,253.0,27.0,215.0,5.0,4.0,0.0,0.0,0.0,0.0
2025/12/15,16:19:49,0,0.0,201.0,458.0,253.0,27.0,218.0,5.0,4.0,0.0,0.0,0.0,0.0
2025/12/15,16:19:54,0,0.0,197.0,457.0,252.0,24.0,217.0,5.0,4.0,0.0,0.0,0.0,0.0
2025/12/15,16:19:59,0,0.0,207.0,457.0,253.0,0.0,216.0,0.0,0.0,0.0,0.0,0.0,0.0
2025/12/15,16:20:04,0,0.0,204.0,458.0,253.0,16.0,217.0,3.0,3.0,0.0,0.0,0.0,0.0
2025/12/15,16:20:09,0,0.0,196.0,455.0,253.0,26.0,216.0,5.0,4.0,0.0,0.0,0.0,0.0
2025/12/15,16:20:14,0,0.0,210.0,456.0,253.0,0.0,217.0,0.0,0.0,0.0,0.0,0.0,0.0
2025/12/15,16:20:19,0,0.0,202.0,458.0,253.0,14.0,217.0,3.0,3.0,0.0,0.0,0.0,0.0
2025/12/15,16:20:24,0,0.0,201.0,457.0,253.0,29.0,217.0,5.0,4.0,0.0,0.0,0.0,0.0
2025/12/15,16:20:29,0,0.0,200.0,458.0,253.0,17.0,217.0,3.0,2.0,0.0,0.0,0.0,0.0
2025/12/15,16:20:34,0,0.0,206.0,459.0,253.0,0.0,217.0,0.0,0.0,0.0,0.0,0.0,0.0
2025/12/15,16:20:39,0,0.0,215.0,458.0,252.0,1.0,216.0,1.0,0.0,0.0,0.0,0.0,0.0
2025/12/15,16:20:44,0,0.0,220.0,459.0,252.0,2.0,217.0,0.0,0.0,0.0,0.0,0.0,0.0
2025/12/15,16:20:49,0,2.0,220.0,459.0,252.0,1.0,216.0,1.0,0.0,0.0,0.0,0.0,0.0
2025/12/15,16:20:54,0,0.0,209.0,458.0,253.0,12.0,217.0,2.0,2.0,0.0,0.0,0.0,0.0
2025/12/15,16:20:59,0,1.0,196.0,457.0,253.0,29.0,217.0,5.0,4.0,0.0,0.0,0.0,0.0
2025/12/15,16:21:04,0,0.0,199.0,458.0,252.0,15.0,217.0,2.0,2.0,0.0,0.0,0.0,0.0
2025/12/15,16:21:09,0,0.0,211.0,458.0,252.0,3.0,216.0,1.0,0.0,0.0,0.0,0.0,0.0
2025/12/15,16:21:14,0,1.0,204.0,457.0,253.0,28.0,215.0,5.0,4.0,0.0,0.0,0.0,0.0
2025/12/15,16:21:19,0,0.0,212.0,459.0,253.0,0.0,218.0,0.0,0.0,0.0,0.0,0.0,0.0
2025/12/15,16:21:24,0,1.0,193.0,456.0,253.0,28.0,218.0,6.0,5.0,0.0,0.0,0.0,0.0
2025/12/15,16:21:29,0,0.0,200.0,458.0,251.0,18.0,216.0,3.0,3.0,0.0,0.0,0.0,0.0
2025/12/15,16:21:34,0,1.0,208.0,459.0,253.0,0.0,217.0,0.0,0.0,0.0,0.0,0.0,0.0
2025/12/15,16:21:39,0,3.0,218.0,458.0,252.0,1.0,217.0,0.0,0.0,0.0,0.0,0.0,0.0
2025/12/15,16:21:44,0,0.0,203.0,458.0,251.0,14.0,216.0,4.0,3.0,0.0,0.0,0.0,0.0
2025/12/15,16:21:49,0,0.0,199.0,457.0,252.0,28.0,217.0,5.0,4.0,0.0,0.0,0.0,0.0
2025/12/15,16:21:54,0,0.0,201.0,459.0,253.0,11.0,217.0,1.0,2.0,0.0,0.0,0.0,0.0
2025/12/15,16:21:59,0,0.0,214.0,458.0,252.0,0.0,217.0,0.0,0.0,0.0,0.0,0.0,0.0
2025/12/15,16:22:04,0,0.0,203.0,458.0,252.0,12.0,216.0,3.0,3.0,0.0,0.0,0.0,0.0
2025/12/15,16:22:09,0,0.0,203.0,457.0,252.0,26.0,216.0,4.0,3.0,0.0,0.0,0.0,0.0
2025/12/15,16:22:14,0,0.0,215.0,460.0,253.0,0.0,218.0,1.0,0.0,0.0,0.0,0.0,0.0
2025/12/15,16:22:19,0,0.0,198.0,456.0,253.0,28.0,216.0,5.0,4.0,0.0,0.0,0.0,0.0
2025/12/15,16:22:24,0,0.0,213.0,458.0,252.0,0.0,217.0,0.0,0.0,0.0,0.0,0.0,0.0
2025/12/15,16:22:29,0,0.0,195.0,456.0,253.0,29.0,215.0,6.0,5.0,0.0,0.0,0.0,0.0
2025/12/15,16:22:34,0,0.0,199.0,459.0,253.0,8.0,216.0,2.0,1.0,0.0,0.0,0.0,0.0
2025/12/15,16:22:39,0,0.0,211.0,459.0,253.0,3.0,216.0,0.0,1.0,0.0,0.0,0.0,0.0
2025/12/15,16:22:44,0,0.0,199.0,457.0,253.0,29.0,215.0,6.0,4.0,0.0,0.0,0.0,0.0
2025/12/15,16:22:49,0,0.0,201.0,456.0,253.0,4.0,217.0,0.0,1.0,0.0,0.0,0.0,0.0
2025/12/15,16:22:54,0,0.0,215.0,460.0,253.0,0.0,217.0,0.0,0.0,0.0,0.0,0.0,0.0
2025/12/15,16:22:59,0,0.0,195.0,457.0,251.0,30.0,218.0,6.0,5.0,0.0,0.0,0.0,0.0
2025/12/15,16:23:04,0,0.0,201.0,457.0,253.0,13.0,217.0,2.0,2.0,0.0,0.0,0.0,0.0
2025/12/15,16:23:09,0,0.0,220.0,460.0,252.0,1.0,217.0,0.0,0.0,0.0,0.0,0.0,0.0
2025/12/15,16:23:14,0,0.0,196.0,458.0,252.0,28.0,217.0,5.0,4.0,0.0,0.0,0.0,0.0
2025/12/15,16:23:19,0,0.0,207.0,459.0,252.0,0.0,216.0,0.0,0.0,0.0,0.0,0.0,0.0
2025/12/15,16:23:24,0,1.0,192.0,456.0,253.0,27.0,217.0,5.0,5.0,0.0,0.0,0.0,0.0
2025/12/15,16:23:29,0,1.0,200.0,456.0,252.0,12.0,215.0,3.0,2.0,0.0,0.0,0.0,0.0
2025/12/15,16:23:34,0,1.0,210.0,458.0,253.0,6.0,217.0,2.0,1.0,0.0,0.0,0.0,0.0
2025/12/15,16:23:39,0,3.0,199.0,458.0,252.0,18.0,217.0,3.0,3.0,0.0,0.0,0.0,0.0
2025/12/15,16:23:44,0,1.0,201.0,459.0,251.0,20.0,216.0,4.0,3.0,0.0,0.0,0.0,0.0
2025/12/15,16:23:49,0,0.0,205.0,459.0,252.0,0.0,216.0,0.0,0.0,0.0,0.0,0.0,0.0
2025/12/15,16:23:54,0,0.0,194.0,458.0,254.0,29.0,217.0,5.0,4.0,0.0,0.0,0.0,0.0
2025/12/15,16:23:59,0,0.0,201.0,460.0,253.0,0.0,216.0,0.0,0.0,0.0,0.0,0.0,0.0
2025/12/15,16:24:04,0,1.0,194.0,457.0,252.0,29.0,216.0,5.0,4.0,0.0,0.0,0.0,0.0
2025/12/15,16:24:09,0,0.0,207.0,456.0,253.0,0.0,217.0,0.0,0.0,0.0,0.0,0.0,0.0
2025/12/15,16:24:14,0,1.0,202.0,458.0,253.0,27.0,218.0,5.0,4.0,0.0,0.0,0.0,0.0
2025/12/15,16:24:19,0,3.0,212.0,459.0,253.0,3.0,216.0,1.0,1.0,0.0,0.0,0.0,0.0
2025/12/15,16:24:24,0,0.0,209.0,458.0,252.0,1.0,216.0,0.0,0.0,0.0,0.0,0.0,0.0
2025/12/15,16:24:29,0,0.0,197.0,457.0,253.0,22.0,216.0,4.0,4.0,0.0,0.0,0.0,0.0
2025/12/15,16:24:34,0,0.0,199.0,457.0,252.0,24.0,216.0,5.0,4.0,0.0,0.0,0.0,0.0
2025/12/15,16:24:39,0,0.0,200.0,459.0,252.0,11.0,217.0,1.0,1.0,0.0,0.0,0.0,0.0
2025/12/15,16:24:44,0,0.0,211.0,457.0,253.0,4.0,217.0,0.0,1.0,0.0,0.0,0.0,0.0
2025/12/15,16:24:49,0,1.0,202.0,457.0,253.0,27.0,216.0,6.0,4.0,0.0,0.0,0.0,0.0
2025/12/15,16:24:54,0,0.0,205.0,459.0,253.0,0.0,217.0,0.0,0.0,0.0,0.0,0.0,0.0
2025/12/15,16:24:59,0,0.0,193.0,457.0,253.0,27.0,217.0,5.0,4.0,0.0,0.0,0.0,0.0
2025/12/15,16:25:04,0,1.0,210.0,457.0,253.0,0.0,218.0,0.0,0.0,0.0,0.0,0.0,0.0
2025/12/15,16:25:09,0,0.0,202.0,457.0,253.0,28.0,217.0,5.0,4.0,0.0,0.0,0.0,0.0
2025/12/15,16:25:14,0,1.0,211.0,458.0,253.0,3.0,218.0,1.0,1.0,0.0,0.0,0.0,0.0
2025/12/15,16:25:19,0,1.0,197.0,457.0,253.0,21.0,217.0,3.0,3.0,0.0,0.0,0.0,0.0
2025/12/15,16:25:24,0,0.0,213.0,458.0,253.0,1.0,216.0,1.0,0.0,0.0,0.0,0.0,0.0
2025/12/15,16:25:29,0,1.0,205.0,457.0,253.0,26.0,217.0,4.0,4.0,0.0,0.0,0.0,0.0
2025/12/15,16:25:34,0,0.0,214.0,457.0,253.0,0.0,217.0,0.0,0.0,0.0,0.0,0.0,0.0
2025/12/15,16:25:39,0,0.0,201.0,456.0,251.0,29.0,216.0,5.0,4.0,0.0,0.0,0.0,0.0
2025/12/15,16:25:44,0,0.0,216.0,458.0,253.0,0.0,216.0,0.0,0.0,0.0,0.0,0.0,0.0
2025/12/15,16:25:49,0,0.0,203.0,457.0,253.0,27.0,217.0,5.0,4.0,0.0,0.0,0.0,0.0
2025/12/15,16:25:54,0,0.0,216.0,456.0,252.0,0.0,217.0,0.0,0.0,0.0,0.0,0.0,0.0
2025/12/15,16:25:59,0,0.0,198.0,456.0,253.0,30.0,217.0,5.0,4.0,0.0,0.0,0.0,0.0
2025/12/15,16:26:04,0,0.0,204.0,457.0,252.0,0.0,217.0,0.0,0.0,0.0,0.0,0.0,0.0
2025/12/15,16:26:09,0,0.0,198.0,457.0,253.0,28.0,218.0,6.0,4.0,0.0,0.0,0.0,0.0
2025/12/15,16:26:14,0,0.0,199.0,455.0,253.0,11.0,217.0,2.0,2.0,0.0,0.0,0.0,0.0
2025/12/15,16:26:19,0,1.0,203.0,456.0,253.0,25.0,216.0,4.0,4.0,0.0,0.0,0.0,0.0
2025/12/15,16:26:24,0,0.0,203.0,457.0,253.0,0.0,218.0,0.0,0.0,0.0,0.0,0.0,0.0
2025/12/15,16:26:29,0,0.0,195.0,453.0,252.0,29.0,217.0,5.0,4.0,0.0,0.0,0.0,0.0
2025/12/15,16:26:34,0,0.0,213.0,456.0,253.0,0.0,217.0,0.0,0.0,0.0,0.0,0.0,0.0
2025/12/15,16:26:39,0,0.0,199.0,457.0,253.0,25.0,217.0,5.0,4.0,0.0,0.0,0.0,0.0
2025/12/15,16:26:44,0,0.0,214.0,458.0,251.0,2.0,216.0,0.0,1.0,0.0,0.0,0.0,0.0
2025/12/15,16:26:49,0,0.0,200.0,456.0,253.0,27.0,218.0,5.0,4.0,0.0,0.0,0.0,0.0
2025/12/15,16:26:54,0,0.0,221.0,454.0,253.0,2.0,218.0,1.0,0.0,0.0,0.0,0.0,0.0
2025/12/15,16:26:59,0,0.0,198.0,455.0,253.0,26.0,217.0,4.0,4.0,0.0,0.0,0.0,0.0
2025/12/15,16:27:04,0,0.0,194.0,456.0,252.0,25.0,217.0,5.0,4.0,0.0,0.0,0.0,0.0
2025/12/15,16:27:09,0,0.0,220.0,456.0,252.0,0.0,216.0,0.0,1.0,0.0,0.0,0.0,0.0
2025/12/15,16:27:14,0,0.0,204.0,456.0,251.0,0.0,217.0,0.0,0.0,0.0,0.0,0.0,0.0
2025/12/15,16:27:19,0,0.0,201.0,456.0,253.0,31.0,217.0,5.0,4.0,0.0,0.0,0.0,0.0
2025/12/15,16:27:24,0,1.0,195.0,455.0,252.0,27.0,216.0,5.0,3.0,0.0,0.0,0.0,0.0
2025/12/15,16:27:29,0,0.0,220.0,456.0,253.0,1.0,217.0,0.0,0.0,0.0,0.0,0.0,0.0
2025/12/15,16:27:34,0,0.0,202.0,456.0,252.0,9.0,216.0,1.0,1.0,0.0,0.0,0.0,0.0
2025/12/15,16:27:39,0,0.0,200.0,455.0,251.0,29.0,216.0,5.0,4.0,0.0,0.0,0.0,0.0
2025/12/15,16:27:44,0,0.0,203.0,455.0,253.0,16.0,218.0,3.0,2.0,0.0,0.0,0.0,0.0
2025/12/15,16:27:49,0,0.0,204.0,456.0,252.0,0.0,217.0,0.0,0.0,0.0,0.0,0.0,0.0
2025/12/15,16:27:54,0,1.0,198.0,456.0,253.0,29.0,217.0,6.0,4.0,0.0,0.0,0.0,0.0
2025/12/15,16:27:59,0,0.0,215.0,457.0,253.0,0.0,217.0,1.0,0.0,0.0,0.0,0.0,0.0
2025/12/15,16:28:04,0,1.0,200.0,456.0,252.0,13.0,218.0,2.0,2.0,0.0,0.0,0.0,0.0
2025/12/15,16:28:09,0,0.0,198.0,455.0,253.0,29.0,217.0,5.0,4.0,0.0,0.0,0.0,0.0
2025/12/15,16:28:48,0,0.0,193.0,456.0,250.0,24.0,215.0,4.0,3.0,0.0,0.0,0.0,0.0
2025/12/15,16:28:53,0,0.0,202.0,457.0,252.0,3.0,218.0,0.0,0.0,0.0,0.0,0.0,0.0
2025/12/15,16:28:58,0,1.0,203.0,457.0,252.0,27.0,216.0,5.0,4.0,0.0,0.0,0.0,0.0
2025/12/15,16:29:03,0,0.0,200.0,456.0,252.0,20.0,217.0,3.0,3.0,0.0,0.0,0.0,0.0
2025/12/15,16:29:08,0,0.0,208.0,457.0,253.0,0.0,217.0,0.0,0.0,0.0,0.0,0.0,0.0
2025/12/15,16:29:13,0,0.0,203.0,456.0,254.0,27.0,216.0,5.0,4.0,0.0,0.0,0.0,0.0
2025/12/15,16:29:18,0,2.0,214.0,454.0,253.0,2.0,217.0,0.0,0.0,0.0,0.0,0.0,0.0
2025/12/15,16:29:23,0,0.0,200.0,456.0,251.0,10.0,216.0,2.0,3.0,0.0,0.0,0.0,0.0
2025/12/15,16:29:28,0,0.0,197.0,456.0,253.0,27.0,217.0,5.0,5.0,0.0,0.0,0.0,0.0
2025/12/15,16:29:33,0,0.0,214.0,458.0,255.0,0.0,217.0,3.0,0.0,0.0,0.0,0.0,0.0
2025/12/15,16:29:38,0,1.0,202.0,454.0,253.0,2.0,217.0,0.0,0.0,0.0,0.0,0.0,0.0
2025/12/15,16:29:43,0,0.0,199.0,455.0,251.0,28.0,216.0,6.0,4.0,0.0,0.0,0.0,0.0
2025/12/15,16:29:48,0,1.0,218.0,457.0,252.0,1.0,218.0,1.0,0.0,0.0,0.0,0.0,0.0
2025/12/15,16:29:53,0,0.0,197.0,457.0,253.0,26.0,217.0,4.0,4.0,0.0,0.0,0.0,0.0
2025/12/15,16:29:58,0,0.0,218.0,457.0,252.0,0.0,216.0,1.0,0.0,0.0,0.0,0.0,0.0
2025/12/15,16:30:03,0,0.0,200.0,454.0,252.0,25.0,217.0,4.0,4.0,0.0,0.0,0.0,0.0
2025/12/15,16:30:08,0,0.0,202.0,457.0,253.0,21.0,217.0,5.0,3.0,0.0,0.0,0.0,0.0
2025/12/15,16:30:13,0,1.0,207.0,457.0,252.0,0.0,217.0,0.0,0.0,0.0,0.0,0.0,0.0
2025/12/15,16:30:18,0,1.0,199.0,456.0,252.0,29.0,217.0,5.0,4.0,0.0,0.0,0.0,0.0
2025/12/15,16:30:23,0,0.0,214.0,458.0,253.0,0.0,216.0,0.0,1.0,0.0,0.0,0.0,0.0
2025/12/15,16:30:28,0,0.0,199.0,456.0,253.0,21.0,217.0,4.0,3.0,0.0,0.0,0.0,0.0
2025/12/15,16:30:33,0,0.0,205.0,457.0,253.0,16.0,217.0,3.0,3.0,0.0,0.0,0.0,0.0
2025/12/15,16:30:38,0,0.0,202.0,457.0,253.0,9.0,217.0,1.0,1.0,0.0,0.0,0.0,0.0
2025/12/15,16:30:43,0,0.0,200.0,457.0,254.0,21.0,217.0,3.0,4.0,0.0,0.0,0.0,0.0
2025/12/15,16:30:48,0,0.0,204.0,457.0,253.0,0.0,215.0,0.0,0.0,0.0,0.0,0.0,0.0
2025/12/15,16:30:53,0,0.0,196.0,456.0,253.0,29.0,216.0,5.0,5.0,0.0,0.0,0.0,0.0
2025/12/15,16:30:58,0,0.0,218.0,457.0,253.0,1.0,216.0,1.0,0.0,0.0,0.0,0.0,0.0
2025/12/15,16:31:03,0,0.0,197.0,457.0,253.0,25.0,217.0,4.0,3.0,0.0,0.0,0.0,0.0
2025/12/15,16:31:08,0,3.0,217.0,458.0,252.0,0.0,216.0,0.0,0.0,0.0,0.0,0.0,0.0
2025/12/15,16:31:13,0,0.0,197.0,456.0,251.0,28.0,216.0,5.0,2.0,0.0,0.0,0.0,0.0
2025/12/15,16:31:18,0,0.0,204.0,458.0,252.0,1.0,217.0,0.0,0.0,0.0,0.0,0.0,0.0
2025/12/15,16:31:23,0,0.0,201.0,457.0,252.0,18.0,217.0,3.0,4.0,0.0,0.0,0.0,0.0
2025/12/15,16:31:28,0,0.0,200.0,457.0,252.0,18.0,218.0,3.0,3.0,0.0,0.0,0.0,0.0
2025/12/15,16:31:33,0,0.0,214.0,457.0,253.0,3.0,217.0,1.0,0.0,0.0,0.0,0.0,0.0
2025/12/15,16:31:38,0,0.0,200.0,456.0,252.0,30.0,215.0,5.0,4.0,0.0,0.0,0.0,0.0
2025/12/15,16:31:43,0,1.0,202.0,457.0,252.0,3.0,217.0,0.0,0.0,0.0,0.0,0.0,0.0
2025/12/15,16:31:48,0,0.0,215.0,455.0,253.0,2.0,217.0,1.0,0.0,0.0,0.0,0.0,0.0
2025/12/15,16:31:53,0,0.0,193.0,456.0,252.0,29.0,216.0,5.0,4.0,0.0,0.0,0.0,0.0
2025/12/15,16:31:58,0,0.0,198.0,456.0,253.0,26.0,217.0,4.0,4.0,0.0,0.0,0.0,0.0
2025/12/15,16:32:03,0,0.0,205.0,457.0,254.0,0.0,218.0,0.0,0.0,0.0,0.0,0.0,0.0
2025/12/15,16:32:08,0,0.0,211.0,456.0,252.0,2.0,217.0,0.0,0.0,0.0,0.0,0.0,-0.0008
2025/12/15,16:32:13,0,0.0,195.0,456.0,253.0,30.0,218.0,6.0,6.0,0.0,0.0,0.0,0.0
2025/12/15,16:32:18,0,1.0,202.0,456.0,253.0,27.0,217.0,5.0,4.0,0.0,0.0,0.0,0.0
2025/12/15,16:32:23,0,0.0,203.0,456.0,252.0,0.0,217.0,0.0,0.0,0.0,0.0,0.0,0.0
2025/12/15,16:32:28,0,0.0,214.0,457.0,252.0,0.0,216.0,1.0,1.0,0.0,0.0,0.0,0.0
2025/12/15,16:32:33,0,0.0,197.0,456.0,252.0,29.0,217.0,5.0,4.0,0.0,0.0,0.0,0.0
2025/12/15,16:32:38,0,1.0,197.0,455.0,252.0,23.0,216.0,4.0,3.0,0.0,0.0,0.0,0.0
2025/12/15,16:32:43,0,0.0,203.0,457.0,253.0,0.0,217.0,0.0,0.0,0.0,0.0,0.0,0.0
2025/12/15,16:32:48,0,1.0,216.0,457.0,253.0,0.0,217.0,0.0,0.0,0.0,0.0,0.0,0.0
2025/12/15,16:32:53,0,0.0,214.0,457.0,252.0,0.0,216.0,1.0,0.0,0.0,0.0,0.0,0.0
2025/12/15,16:32:58,0,0.0,212.0,457.0,251.0,4.0,216.0,1.0,0.0,0.0,0.0,0.0,0.0
2025/12/15,16:33:03,0,0.0,214.0,456.0,252.0,2.0,215.0,0.0,0.0,0.0,0.0,0.0,0.0
2025/12/15,16:33:08,0,0.0,217.0,457.0,253.0,1.0,217.0,0.0,0.0,0.0,0.0,0.0,0.0
2025/12/15,16:33:13,0,0.0,218.0,458.0,252.0,0.0,216.0,0.0,0.0,0.0,0.0,0.0,0.0
2025/12/15,16:33:18,0,0.0,219.0,458.0,253.0,1.0,216.0,1.0,0.0,0.0,0.0,0.0,0.0
2025/12/15,16:33:23,0,0.0,215.0,458.0,252.0,0.0,215.0,1.0,0.0,0.0,0.0,0.0,0.0
2025/12/15,16:33:28,0,0.0,210.0,458.0,252.0,0.0,216.0,0.0,0.0,0.0,0.0,0.0,0.0
2025/12/15,16:33:33,0,0.0,205.0,456.0,253.0,0.0,216.0,0.0,0.0,0.0,0.0,0.0,0.0
2025/12/15,16:33:38,0,0.0,203.0,459.0,253.0,2.0,216.0,0.0,0.0,0.0,0.0,0.0,0.0
2025/12/15,16:33:43,0,0.0,201.0,457.0,252.0,15.0,217.0,1.0,2.0,0.0,0.0,0.0,0.0
2025/12/15,16:33:48,0,0.0,199.0,457.0,252.0,19.0,216.0,3.0,3.0,0.0,0.0,0.0,0.0
2025/12/15,16:33:53,0,0.0,199.0,458.0,253.0,12.0,217.0,2.0,2.0,0.0,0.0,0.0,0.0
2025/12/15,16:33:58,0,0.0,206.0,457.0,253.0,0.0,217.0,0.0,0.0,0.0,0.0,0.0,0.0
2025/12/15,16:34:03,0,0.0,213.0,458.0,251.0,1.0,216.0,0.0,1.0,0.0,0.0,0.0,0.0
2025/12/15,16:34:08,0,0.0,195.0,456.0,253.0,28.0,216.0,6.0,4.0,0.0,0.0,0.0,0.0
2025/12/15,16:34:13,0,0.0,203.0,458.0,252.0,26.0,217.0,5.0,5.0,0.0,0.0,0.0,0.0
2025/12/15,16:34:18,0,0.0,198.0,454.0,252.0,19.0,216.0,3.0,3.0,0.0,0.0,0.0,0.0
2025/12/15,16:34:23,0,0.0,201.0,457.0,252.0,10.0,217.0,1.0,2.0,0.0,0.0,0.0,0.0
2025/12/15,16:34:28,0,0.0,200.0,458.0,252.0,11.0,218.0,2.0,2.0,0.0,0.0,0.0,0.0
2025/12/15,16:34:33,0,0.0,200.0,457.0,251.0,20.0,216.0,3.0,3.0,0.0,0.0,0.0,0.0
2025/12/15,16:34:38,0,0.0,200.0,458.0,252.0,25.0,217.0,5.0,5.0,0.0,0.0,0.0,0.0
2025/12/15,16:34:43,0,1.0,201.0,457.0,252.0,30.0,217.0,5.0,4.0,0.0,0.0,0.0,0.0
2025/12/15,16:34:48,0,0.0,192.0,456.0,252.0,29.0,215.0,6.0,5.0,0.0,0.0,0.0,0.0
2025/12/15,16:34:53,0,0.0,214.0,459.0,252.0,2.0,218.0,0.0,0.0,0.0,0.0,0.0,0.0
2025/12/15,16:34:58,0,0.0,206.0,459.0,252.0,0.0,216.0,0.0,0.0,0.0,0.0,0.0,0.0
2025/12/15,16:35:03,0,0.0,200.0,457.0,252.0,19.0,216.0,3.0,3.0,0.0,0.0,0.0,0.0
2025/12/15,16:35:08,0,0.0,199.0,457.0,252.0,28.0,216.0,6.0,4.0,0.0,0.0,0.0,0.0
2025/12/15,16:35:13,0,0.0,205.0,457.0,252.0,15.0,216.0,4.0,3.0,0.0,0.0,0.0,0.0
2025/12/15,16:35:18,0,0.0,216.0,458.0,253.0,0.0,216.0,0.0,0.0,0.0,0.0,0.0,0.0
2025/12/15,16:35:23,0,0.0,204.0,459.0,252.0,2.0,217.0,0.0,0.0,0.0,0.0,0.0,0.0
2025/12/15,16:35:28,0,0.0,198.0,456.0,252.0,26.0,216.0,4.0,4.0,0.0,0.0,0.0,0.0
2025/12/15,16:35:33,0,0.0,196.0,457.0,252.0,30.0,217.0,5.0,4.0,0.0,0.0,0.0,0.0
2025/12/15,16:35:38,0,1.0,202.0,457.0,252.0,20.0,217.0,5.0,4.0,0.0,0.0,0.0,0.0
2025/12/15,16:35:43,0,0.0,212.0,458.0,252.0,0.0,217.0,1.0,0.0,0.0,0.0,0.0,0.0
2025/12/15,16:35:48,0,0.0,215.0,458.0,253.0,0.0,218.0,0.0,0.0,0.0,0.0,0.0,0.0
2025/12/15,16:35:53,0,0.0,203.0,458.0,251.0,0.0,217.0,0.0,0.0,0.0,0.0,0.0,0.0
2025/12/15,16:35:58,0,0.0,201.0,458.0,252.0,8.0,217.0,1.0,1.0,0.0,0.0,0.0,0.0
2025/12/15,16:36:03,0,0.0,201.0,457.0,253.0,13.0,217.0,2.0,2.0,0.0,0.0,0.0,0.0
2025/12/15,16:36:08,0,0.0,199.0,459.0,251.0,17.0,216.0,3.0,3.0,0.0,0.0,0.0,0.0
2025/12/15,16:36:13,0,0.0,196.0,457.0,252.0,23.0,217.0,4.0,4.0,0.0,0.0,0.0,0.0
2025/12/15,16:36:18,0,0.0,202.0,457.0,252.0,26.0,219.0,5.0,4.0,0.0,0.0,0.0,0.0
2025/12/15,16:36:23,0,0.0,198.0,458.0,252.0,29.0,217.0,5.0,4.0,0.0,0.0,0.0,0.0
2025/12/15,16:36:28,0,0.0,197.0,457.0,253.0,29.0,217.0,6.0,4.0,0.0,0.0,0.0,0.0
2025/12/15,16:36:33,0,0.0,196.0,457.0,251.0,30.0,216.0,5.0,4.0,0.0,0.0,0.0,0.0
2025/12/15,16:36:38,0,0.0,192.0,457.0,253.0,28.0,218.0,4.0,4.0,0.0,0.0,0.0,0.0
2025/12/15,16:36:43,0,0.0,200.0,458.0,253.0,21.0,217.0,5.0,3.0,0.0,0.0,0.0,0.0
2025/12/15,16:36:48,0,0.0,212.0,457.0,252.0,5.0,217.0,1.0,1.0,0.0,0.0,0.0,0.0
2025/12/15,16:36:53,0,0.0,218.0,458.0,252.0,2.0,217.0,0.0,0.0,0.0,0.0,0.0,0.0
2025/12/15,16:36:58,0,0.0,212.0,458.0,252.0,0.0,217.0,0.0,0.0,0.0,0.0,0.0,0.0
2025/12/15,16:37:03,0,0.0,207.0,458.0,252.0,0.0,217.0,0.0,0.0,0.0,0.0,0.0,0.0
2025/12/15,16:37:08,0,0.0,203.0,458.0,250.0,8.0,216.0,1.0,2.0,0.0,0.0,0.0,0.0
2025/12/15,16:37:13,0,0.0,199.0,457.0,250.0,28.0,217.0,5.0,4.0,0.0,0.0,0.0,0.0
2025/12/15,16:37:18,0,0.0,196.0,458.0,252.0,28.0,217.0,5.0,4.0,0.0,0.0,0.0,0.0
2025/12/15,16:37:23,0,0.0,212.0,458.0,252.0,1.0,216.0,1.0,0.0,0.0,0.0,0.0,0.0
2025/12/15,16:37:28,0,0.0,204.0,459.0,252.0,0.0,215.0,0.0,0.0,0.0,0.0,0.0,0.0
2025/12/15,16:37:33,0,0.0,202.0,457.0,251.0,26.0,217.0,5.0,4.0,0.0,0.0,0.0,0.0
2025/12/15,16:37:38,0,1.0,203.0,457.0,252.0,13.0,215.0,3.0,2.0,0.0,0.0,0.0,0.0
2025/12/15,16:37:43,0,0.0,213.0,459.0,251.0,0.0,217.0,0.0,0.0,0.0,0.0,0.0,0.0
2025/12/15,16:37:48,0,2.0,204.0,457.0,252.0,13.0,216.0,2.0,2.0,0.0,0.0,0.0,0.0
2025/12/15,16:37:53,0,0.0,201.0,457.0,252.0,27.0,217.0,4.0,4.0,0.0,0.0,0.0,0.0
2025/12/15,16:37:58,0,0.0,203.0,458.0,253.0,18.0,217.0,4.0,3.0,0.0,0.0,0.0,0.0
2025/12/15,16:38:03,0,0.0,215.0,458.0,252.0,2.0,217.0,1.0,0.0,0.0,0.0,0.0,0.0
2025/12/15,16:38:08,0,0.0,203.0,458.0,252.0,6.0,216.0,0.0,1.0,0.0,0.0,0.0,0.0
2025/12/15,16:38:13,0,0.0,199.0,458.0,253.0,22.0,217.0,4.0,3.0,0.0,0.0,0.0,0.0
2025/12/15,16:38:18,0,0.0,201.0,456.0,251.0,27.0,216.0,5.0,3.0,0.0,0.0,0.0,0.0
2025/12/15,16:39:17,0,0.0,200.0,456.0,252.0,30.0,217.0,5.0,4.0,0.0,0.0,0.0,0.0
2025/12/15,16:39:22,0,0.0,210.0,457.0,252.0,6.0,216.0,0.0,0.0,0.0,0.0,0.0,0.0
2025/12/15,16:39:27,0,0.0,206.0,458.0,252.0,10.0,217.0,2.0,2.0,0.0,0.0,0.0,0.0
2025/12/15,16:39:32,0,0.0,199.0,458.0,252.0,22.0,216.0,4.0,4.0,0.0,0.0,0.0,0.0
2025/12/15,16:39:37,0,0.0,194.0,456.0,251.0,28.0,216.0,5.0,4.0,0.0,0.0,0.0,0.0
2025/12/15,16:39:42,0,0.0,195.0,457.0,252.0,30.0,217.0,5.0,5.0,0.0,0.0,0.0,0.0
2025/12/15,16:39:47,0,0.0,199.0,457.0,252.0,28.0,217.0,5.0,4.0,0.0,0.0,0.0,0.0
2025/12/15,16:39:52,0,0.0,196.0,457.0,252.0,26.0,216.0,4.0,4.0,0.0,0.0,0.0,0.0
2025/12/15,16:39:57,0,0.0,200.0,455.0,252.0,13.0,216.0,2.0,2.0,0.0,0.0,0.0,0.0
2025/12/15,16:40:02,0,0.0,204.0,459.0,252.0,1.0,217.0,0.0,0.0,0.0,0.0,0.0,0.0
2025/12/15,16:40:07,0,0.0,213.0,458.0,252.0,0.0,217.0,0.0,0.0,0.0,0.0,0.0,0.0
2025/12/15,16:40:12,0,1.0,219.0,458.0,252.0,2.0,216.0,1.0,0.0,0.0,0.0,0.0,0.0
2025/12/15,16:40:17,0,1.0,215.0,458.0,252.0,5.0,217.0,0.0,0.0,0.0,0.0,0.0,0.0
2025/12/15,16:40:22,0,3.0,212.0,458.0,252.0,4.0,216.0,1.0,2.0,0.0,0.0,0.0,0.0
2025/12/15,16:40:27,0,0.0,212.0,458.0,252.0,4.0,215.0,1.0,0.0,0.0,0.0,0.0,0.0
2025/12/15,16:40:32,0,0.0,216.0,458.0,253.0,3.0,215.0,0.0,0.0,0.0,0.0,0.0,0.0
2025/12/15,16:40:37,0,0.0,220.0,457.0,252.0,1.0,216.0,1.0,0.0,0.0,0.0,0.0,0.0
2025/12/15,16:40:42,0,0.0,220.0,457.0,252.0,2.0,216.0,0.0,0.0,0.0,0.0,0.0,0.0
2025/12/15,16:40:47,0,0.0,217.0,457.0,253.0,1.0,217.0,0.0,0.0,0.0,0.0,0.0,0.0
2025/12/15,16:40:52,0,0.0,213.0,457.0,252.0,0.0,216.0,0.0,0.0,0.0,0.0,0.0,0.0
2025/12/15,16:40:57,0,0.0,214.0,455.0,252.0,1.0,216.0,1.0,0.0,0.0,0.0,0.0,0.0
2025/12/15,16:41:02,0,0.0,213.0,455.0,253.0,2.0,217.0,0.0,0.0,0.0,0.0,0.0,0.0
2025/12/15,16:41:07,0,0.0,217.0,455.0,252.0,0.0,216.0,1.0,0.0,0.0,0.0,0.0,0.0
2025/12/15,16:41:12,0,0.0,212.0,454.0,252.0,1.0,215.0,0.0,0.0,0.0,0.0,0.0,0.0
2025/12/15,16:41:17,0,0.0,200.0,453.0,251.0,6.0,216.0,1.0,1.0,0.0,0.0,0.0,0.0
2025/12/15,16:41:22,0,1.0,201.0,452.0,252.0,27.0,216.0,4.0,3.0,0.0,0.0,0.0,0.0
2025/12/15,16:41:27,0,1.0,198.0,454.0,253.0,26.0,217.0,5.0,5.0,0.0,0.0,0.0,0.0
2025/12/15,16:41:32,0,0.0,212.0,454.0,251.0,2.0,216.0,1.0,0.0,0.0,0.0,0.0,0.0
2025/12/15,16:41:37,0,0.0,208.0,455.0,253.0,0.0,217.0,0.0,0.0,0.0,0.0,0.0,0.0
2025/12/15,16:41:42,0,2.0,199.0,454.0,252.0,20.0,217.0,4.0,3.0,0.0,0.0,0.0,0.0
2025/12/15,16:41:47,0,0.0,197.0,454.0,251.0,29.0,216.0,5.0,4.0,0.0,0.0,0.0,0.0
2025/12/15,16:41:52,0,0.0,215.0,453.0,252.0,2.0,217.0,0.0,1.0,0.0,0.0,0.0,0.0
2025/12/15,16:41:57,0,0.0,203.0,455.0,252.0,6.0,217.0,0.0,1.0,0.0,0.0,0.0,0.0
2025/12/15,16:42:02,0,1.0,196.0,454.0,252.0,29.0,217.0,5.0,5.0,0.0,0.0,0.0,0.0
2025/12/15,16:42:07,0,0.0,217.0,455.0,252.0,1.0,217.0,1.0,0.0,0.0,0.0,0.0,0.0
2025/12/15,16:42:12,0,2.0,197.0,455.0,252.0,23.0,217.0,4.0,4.0,0.0,0.0,0.0,0.0
2025/12/15,16:42:17,0,0.0,204.0,455.0,253.0,18.0,217.0,4.0,3.0,0.0,0.0,0.0,0.0
2025/12/15,16:42:22,0,0.0,208.0,457.0,252.0,0.0,216.0,0.0,0.0,0.0,0.0,0.0,0.0
2025/12/15,16:42:27,0,0.0,204.0,454.0,252.0,25.0,215.0,5.0,4.0,0.0,0.0,0.0,0.0
2025/12/15,16:42:32,0,0.0,213.0,457.0,252.0,1.0,216.0,1.0,1.0,0.0,0.0,0.0,0.0
2025/12/15,16:42:37,0,0.0,201.0,456.0,252.0,23.0,217.0,3.0,4.0,0.0,0.0,0.0,0.0
2025/12/15,16:42:42,0,0.0,210.0,454.0,252.0,5.0,217.0,1.0,1.0,0.0,0.0,0.0,0.0
2025/12/15,16:42:47,0,0.0,201.0,456.0,252.0,18.0,216.0,3.0,3.0,0.0,0.0,0.0,0.0
2025/12/15,16:42:52,0,0.0,194.0,455.0,252.0,27.0,215.0,6.0,5.0,0.0,0.0,0.0,0.0
2025/12/15,16:42:57,0,0.0,216.0,457.0,253.0,1.0,216.0,1.0,0.0,0.0,0.0,0.0,0.0
2025/12/15,16:43:02,0,0.0,200.0,456.0,251.0,17.0,215.0,3.0,2.0,0.0,0.0,0.0,0.0
2025/12/15,16:43:07,0,0.0,198.0,456.0,252.0,29.0,217.0,5.0,4.0,0.0,0.0,0.0,0.0
2025/12/15,16:43:12,0,0.0,208.0,457.0,252.0,12.0,217.0,1.0,2.0,0.0,0.0,0.0,0.0
2025/12/15,16:43:17,0,0.0,212.0,457.0,252.0,2.0,218.0,0.0,0.0,0.0,0.0,0.0,0.0
2025/12/15,16:43:22,0,0.0,201.0,456.0,251.0,13.0,216.0,2.0,1.0,0.0,0.0,0.0,0.0
2025/12/15,16:43:27,0,0.0,201.0,457.0,252.0,29.0,217.0,5.0,4.0,0.0,0.0,0.0,0.0
2025/12/15,16:43:32,0,0.0,212.0,458.0,252.0,0.0,217.0,1.0,0.0,0.0,0.0,0.0,0.0
2025/12/15,16:43:37,0,0.0,203.0,455.0,252.0,4.0,218.0,1.0,0.0,0.0,0.0,0.0,0.0
2025/12/15,16:43:42,0,0.0,204.0,456.0,252.0,28.0,217.0,4.0,4.0,0.0,0.0,0.0,0.0
2025/12/15,16:43:47,0,1.0,205.0,458.0,250.0,14.0,216.0,3.0,3.0,0.0,0.0,0.0,0.0
2025/12/15,16:43:52,0,0.0,207.0,458.0,253.0,0.0,217.0,0.0,0.0,0.0,0.0,0.0,0.0
2025/12/15,16:43:57,0,0.0,194.0,457.0,253.0,27.0,218.0,6.0,5.0,0.0,0.0,0.0,0.0
2025/12/15,16:44:02,0,0.0,202.0,458.0,253.0,6.0,216.0,0.0,1.0,0.0,0.0,0.0,0.0
2025/12/15,16:44:07,0,0.0,206.0,458.0,250.0,9.0,215.0,3.0,2.0,0.0,0.0,0.0,0.0
2025/12/15,16:44:12,0,0.0,199.0,457.0,252.0,19.0,217.0,2.0,3.0,0.0,0.0,0.0,0.0
2025/12/15,16:44:17,0,0.0,199.0,457.0,252.0,20.0,216.0,4.0,3.0,0.0,0.0,0.0,0.0
2025/12/15,16:44:22,0,0.0,205.0,458.0,252.0,3.0,216.0,1.0,0.0,0.0,0.0,0.0,0.0
2025/12/15,16:44:27,0,0.0,196.0,456.0,251.0,29.0,216.0,5.0,4.0,0.0,0.0,0.0,0.0
2025/12/15,16:44:32,0,0.0,213.0,458.0,252.0,0.0,217.0,0.0,0.0,0.0,0.0,0.0,0.0
2025/12/15,16:44:37,0,0.0,201.0,456.0,252.0,28.0,217.0,5.0,4.0,0.0,0.0,0.0,0.0
2025/12/15,16:44:42,0,0.0,214.0,457.0,252.0,1.0,217.0,0.0,0.0,0.0,0.0,0.0,0.0
2025/12/15,16:44:47,0,0.0,200.0,456.0,251.0,28.0,216.0,6.0,4.0,0.0,0.0,0.0,0.0
2025/12/15,16:44:52,0,0.0,213.0,457.0,253.0,0.0,216.0,0.0,0.0,0.0,0.0,0.0,0.0
2025/12/15,16:44:57,0,0.0,196.0,457.0,252.0,29.0,216.0,5.0,5.0,0.0,0.0,0.0,0.0
2025/12/15,16:45:02,0,0.0,207.0,458.0,252.0,1.0,217.0,0.0,0.0,0.0,0.0,0.0,0.0
2025/12/15,16:45:07,0,0.0,193.0,456.0,253.0,26.0,217.0,6.0,5.0,0.0,0.0,0.0,0.0
2025/12/15,16:45:12,0,0.0,202.0,457.0,251.0,4.0,216.0,1.0,1.0,0.0,0.0,0.0,0.0
2025/12/15,16:45:17,0,0.0,200.0,457.0,252.0,22.0,217.0,4.0,3.0,0.0,0.0,0.0,0.0
2025/12/15,16:45:22,0,0.0,200.0,456.0,250.0,12.0,216.0,2.0,2.0,0.0,0.0,0.0,0.0
2025/12/15,16:45:27,0,0.0,207.0,457.0,252.0,12.0,217.0,3.0,2.0,0.0,0.0,0.0,0.0
2025/12/15,16:45:32,0,0.0,200.0,457.0,253.0,18.0,215.0,3.0,3.0,0.0,0.0,0.0,0.0
2025/12/15,16:45:37,0,0.0,206.0,457.0,253.0,14.0,216.0,3.0,3.0,0.0,0.0,0.0,0.0
2025/12/15,16:45:42,0,0.0,200.0,456.0,252.0,10.0,216.0,2.0,2.0,0.0,0.0,0.0,0.0
2025/12/15,16:45:47,0,0.0,205.0,458.0,252.0,12.0,217.0,3.0,3.0,0.0,0.0,0.0,0.0
2025/12/15,16:45:52,0,0.0,199.0,455.0,251.0,17.0,216.0,3.0,2.0,0.0,0.0,0.0,0.0
2025/12/15,16:45:57,0,0.0,212.0,457.0,253.0,4.0,217.0,1.0,0.0,0.0,0.0,0.0,0.0
2025/12/15,16:46:02,0,0.0,198.0,456.0,252.0,27.0,217.0,4.0,4.0,0.0,0.0,0.0,0.0
2025/12/15,16:46:07,0,0.0,212.0,456.0,254.0,1.0,217.0,0.0,1.0,0.0,0.0,0.0,0.0
2025/12/15,16:46:12,0,0.0,198.0,455.0,251.0,27.0,216.0,5.0,4.0,0.0,0.0,0.0,0.0
2025/12/15,16:46:17,0,0.0,218.0,457.0,252.0,1.0,217.0,1.0,0.0,0.0,0.0,0.0,0.0
2025/12/15,16:46:22,0,0.0,201.0,455.0,252.0,29.0,216.0,4.0,4.0,0.0,0.0,0.0,0.0
2025/12/15,16:46:27,0,0.0,217.0,458.0,253.0,2.0,217.0,1.0,0.0,0.0,0.0,0.0,0.0
2025/12/15,16:46:32,0,0.0,201.0,455.0,252.0,29.0,217.0,5.0,4.0,0.0,0.0,0.0,0.0
2025/12/15,16:46:37,0,0.0,213.0,458.0,253.0,3.0,217.0,1.0,0.0,0.0,0.0,0.0,0.0
2025/12/15,16:46:42,0,0.0,198.0,456.0,253.0,26.0,216.0,4.0,3.0,0.0,0.0,0.0,0.0
2025/12/15,16:46:47,0,1.0,212.0,457.0,248.0,6.0,217.0,1.0,1.0,0.0,0.0,0.0,0.0
2025/12/15,16:46:52,0,0.0,200.0,457.0,252.0,16.0,218.0,2.0,2.0,0.0,0.0,0.0,0.0
2025/12/15,16:46:57,0,0.0,202.0,458.0,252.0,20.0,217.0,4.0,3.0,0.0,0.0,0.0,0.0
2025/12/15,16:47:02,0,0.0,202.0,457.0,252.0,1.0,218.0,0.0,1.0,0.0,0.0,0.0,0.0
2025/12/15,16:47:07,0,0.0,195.0,457.0,252.0,28.0,217.0,6.0,4.0,0.0,0.0,0.0,0.0
2025/12/15,16:47:12,0,0.0,212.0,457.0,252.0,1.0,216.0,0.0,0.0,0.0,0.0,0.0,0.0
2025/12/15,16:47:17,0,0.0,202.0,457.0,250.0,27.0,215.0,5.0,4.0,0.0,0.0,0.0,0.0
2025/12/15,16:47:22,0,0.0,216.0,458.0,252.0,2.0,216.0,0.0,0.0,0.0,0.0,0.0,0.0
2025/12/15,16:47:27,0,0.0,196.0,456.0,252.0,25.0,216.0,5.0,4.0,0.0,0.0,0.0,0.0
2025/12/15,16:47:32,0,0.0,218.0,455.0,252.0,2.0,215.0,1.0,0.0,0.0,0.0,0.0,0.0
2025/12/15,16:47:37,0,0.0,197.0,454.0,252.0,30.0,216.0,5.0,4.0,0.0,0.0,0.0,0.0
2025/12/15,16:47:42,0,0.0,202.0,457.0,252.0,1.0,216.0,0.0,0.0,0.0,0.0,0.0,0.0
2025/12/15,16:47:47,0,0.0,212.0,457.0,251.0,5.0,216.0,1.0,1.0,0.0,0.0,0.0,0.0
2025/12/15,16:47:52,0,0.0,197.0,455.0,252.0,30.0,217.0,5.0,4.0,0.0,0.0,0.0,0.0
2025/12/15,16:47:57,0,0.0,199.0,456.0,252.0,16.0,216.0,3.0,3.0,0.0,0.0,0.0,0.0
2025/12/15,16:48:02,0,0.0,207.0,458.0,252.0,0.0,218.0,0.0,0.0,0.0,0.0,0.0,0.0
2025/12/15,16:48:07,0,0.0,217.0,457.0,252.0,0.0,217.0,0.0,0.0,0.0,0.0,0.0,0.0
2025/12/15,16:48:12,0,0.0,197.0,456.0,252.0,27.0,216.0,5.0,4.0,0.0,0.0,0.0,0.0
2025/12/15,16:48:17,0,3.0,202.0,456.0,252.0,28.0,217.0,4.0,4.0,0.0,0.0,0.0,0.0
2025/12/15,16:48:22,0,0.0,205.0,456.0,252.0,1.0,217.0,0.0,1.0,0.0,0.0,0.0,0.0
2025/12/15,16:48:27,0,0.0,203.0,456.0,252.0,13.0,216.0,3.0,2.0,0.0,0.0,0.0,0.0
2025/12/15,16:49:06,0,1.0,207.0,456.0,252.0,37.0,215.0,8.0,6.0,0.0,0.0,0.0,0.0
2025/12/15,16:49:11,0,0.0,204.0,457.0,252.0,18.0,217.0,4.0,3.0,0.0,0.0,0.0,0.0
2025/12/15,16:49:16,0,0.0,198.0,456.0,252.0,24.0,216.0,5.0,4.0,0.0,0.0,0.0,0.0
2025/12/15,16:49:21,0,0.0,213.0,457.0,252.0,0.0,216.0,0.0,0.0,0.0,0.0,0.0,0.0
2025/12/15,16:49:26,0,0.0,193.0,456.0,251.0,29.0,216.0,6.0,5.0,0.0,0.0,0.0,0.0
2025/12/15,16:49:31,0,0.0,198.0,456.0,252.0,21.0,218.0,3.0,4.0,0.0,0.0,0.0,0.0
2025/12/15,16:49:36,0,0.0,213.0,457.0,252.0,1.0,217.0,0.0,0.0,0.0,0.0,0.0,0.0
2025/12/15,16:49:41,0,0.0,198.0,456.0,252.0,20.0,218.0,4.0,5.0,0.0,0.0,0.0,0.0
2025/12/15,16:49:46,0,0.0,202.0,456.0,252.0,26.0,217.0,5.0,4.0,0.0,0.0,0.0,0.0
2025/12/15,16:49:51,0,0.0,202.0,456.0,252.0,5.0,216.0,0.0,0.0,0.0,0.0,0.0,0.0
2025/12/15,16:49:56,0,0.0,216.0,455.0,252.0,2.0,218.0,1.0,0.0,0.0,0.0,0.0,0.0
2025/12/15,16:50:01,0,0.0,200.0,456.0,252.0,22.0,217.0,4.0,3.0,0.0,0.0,0.0,0.0
2025/12/15,16:50:06,0,1.0,199.0,454.0,252.0,30.0,217.0,5.0,4.0,0.0,0.0,0.0,0.0
2025/12/15,16:50:11,0,0.0,201.0,456.0,252.0,10.0,216.0,1.0,1.0,0.0,0.0,0.0,0.0
2025/12/15,16:50:16,0,0.0,215.0,454.0,252.0,2.0,218.0,1.0,0.0,0.0,0.0,0.0,0.0
2025/12/15,16:50:21,0,0.0,202.0,457.0,253.0,21.0,217.0,2.0,3.0,0.0,0.0,0.0,0.0
2025/12/15,16:50:26,0,0.0,201.0,455.0,251.0,28.0,217.0,4.0,4.0,0.0,0.0,0.0,0.0
2025/12/15,16:50:31,0,0.0,203.0,457.0,252.0,3.0,217.0,0.0,0.0,0.0,0.0,0.0,0.0
2025/12/15,16:50:36,0,0.0,209.0,456.0,252.0,7.0,217.0,2.0,1.0,0.0,0.0,0.0,0.0
2025/12/15,16:50:41,0,0.0,204.0,457.0,252.0,28.0,215.0,5.0,4.0,0.0,0.0,0.0,0.0
2025/12/15,16:50:46,0,0.0,207.0,456.0,252.0,1.0,217.0,0.0,0.0,0.0,0.0,0.0,0.0
2025/12/15,16:50:51,0,1.0,214.0,458.0,252.0,1.0,216.0,1.0,0.0,0.0,0.0,0.0,0.0
2025/12/15,16:50:56,0,0.0,196.0,457.0,251.0,31.0,216.0,5.0,4.0,0.0,0.0,0.0,0.0
2025/12/15,16:51:01,0,0.0,199.0,457.0,252.0,21.0,217.0,4.0,3.0,0.0,0.0,0.0,0.0
2025/12/15,16:51:06,0,0.0,212.0,457.0,251.0,0.0,216.0,0.0,0.0,0.0,0.0,0.0,0.0
2025/12/15,16:51:11,0,0.0,196.0,457.0,252.0,28.0,217.0,6.0,4.0,0.0,0.0,0.0,0.0
2025/12/15,16:51:16,0,0.0,197.0,456.0,252.0,26.0,217.0,4.0,4.0,0.0,0.0,0.0,0.0
2025/12/15,16:51:21,0,0.0,214.0,457.0,252.0,0.0,216.0,1.0,0.0,0.0,0.0,0.0,0.0
2025/12/15,16:51:26,0,0.0,201.0,456.0,250.0,25.0,216.0,4.0,2.0,0.0,0.0,0.0,0.0
2025/12/15,16:51:31,0,0.0,200.0,453.0,252.0,29.0,217.0,4.0,4.0,0.0,0.0,0.0,0.0
2025/12/15,16:51:36,0,0.0,209.0,457.0,252.0,0.0,217.0,0.0,0.0,0.0,0.0,0.0,0.0
2025/12/15,16:51:41,0,1.0,200.0,456.0,252.0,24.0,218.0,6.0,5.0,0.0,0.0,0.0,0.0
2025/12/15,16:51:46,0,0.0,201.0,454.0,252.0,19.0,217.0,3.0,3.0,0.0,0.0,0.0,0.0
2025/12/15,16:51:51,0,0.0,215.0,456.0,252.0,0.0,216.0,1.0,0.0,0.0,0.0,0.0,0.0
2025/12/15,16:51:56,0,0.0,202.0,455.0,252.0,28.0,217.0,4.0,4.0,0.0,0.0,0.0,0.0
2025/12/15,16:52:01,0,0.0,214.0,457.0,252.0,2.0,216.0,0.0,1.0,0.0,0.0,0.0,0.0
2025/12/15,16:52:06,0,0.0,198.0,456.0,253.0,29.0,216.0,5.0,4.0,0.0,0.0,0.0,0.0
2025/12/15,16:52:11,0,0.0,208.0,457.0,252.0,0.0,216.0,0.0,0.0,0.0,0.0,0.0,0.0
2025/12/15,16:52:16,0,0.0,196.0,457.0,253.0,30.0,216.0,6.0,4.0,0.0,0.0,0.0,0.0
2025/12/15,16:52:21,0,0.0,209.0,456.0,252.0,1.0,217.0,0.0,0.0,0.0,0.0,0.0,0.0
2025/12/15,16:52:26,0,0.0,201.0,455.0,252.0,30.0,217.0,5.0,4.0,0.0,0.0,0.0,0.0
2025/12/15,16:52:31,0,0.0,211.0,455.0,252.0,0.0,218.0,0.0,0.0,0.0,0.0,0.0,0.0
2025/12/15,16:52:36,0,0.0,197.0,454.0,252.0,31.0,216.0,6.0,5.0,0.0,0.0,0.0,0.0
2025/12/15,16:52:41,0,0.0,207.0,455.0,252.0,1.0,218.0,1.0,0.0,0.0,0.0,0.0,0.0
2025/12/15,16:52:46,0,0.0,193.0,456.0,253.0,29.0,217.0,6.0,5.0,0.0,0.0,0.0,0.0
2025/12/15,16:52:51,0,0.0,200.0,456.0,252.0,7.0,216.0,1.0,1.0,0.0,0.0,0.0,0.0
2025/12/15,16:52:56,0,0.0,213.0,458.0,252.0,4.0,217.0,0.0,1.0,0.0,0.0,0.0,0.0
2025/12/15,16:53:01,0,0.0,203.0,458.0,252.0,27.0,217.0,6.0,4.0,0.0,0.0,0.0,0.0
2025/12/15,16:53:06,0,0.0,207.0,458.0,252.0,0.0,217.0,0.0,0.0,0.0,0.0,0.0,0.0
2025/12/15,16:53:11,0,0.0,198.0,456.0,252.0,24.0,215.0,5.0,4.0,0.0,0.0,0.0,0.0
2025/12/15,16:53:16,0,0.0,202.0,455.0,252.0,14.0,216.0,3.0,2.0,-0.0008,0.0,0.0,0.0
2025/12/15,16:53:21,0,0.0,214.0,458.0,252.0,4.0,216.0,1.0,0.0,0.0,0.0,0.0,0.0
2025/12/15,16:53:26,0,0.0,203.0,456.0,251.0,28.0,216.0,5.0,4.0,0.0,0.0,0.0,0.0
2025/12/15,16:53:31,0,0.0,213.0,457.0,252.0,0.0,217.0,0.0,0.0,0.0,0.0,0.0,0.0
2025/12/15,16:53:36,0,0.0,195.0,457.0,252.0,30.0,218.0,6.0,4.0,0.0,0.0,0.0,0.0
2025/12/15,16:53:41,0,0.0,202.0,458.0,252.0,14.0,216.0,2.0,2.0,0.0,0.0,0.0,0.0
2025/12/15,16:53:46,0,0.0,211.0,458.0,252.0,6.0,218.0,2.0,3.0,0.0,0.0,0.0,0.0
2025/12/15,16:53:51,0,0.0,197.0,457.0,252.0,26.0,217.0,4.0,4.0,0.0,0.0,0.0,0.0
2025/12/15,16:53:56,0,0.0,214.0,458.0,252.0,1.0,217.0,0.0,0.0,0.0,0.0,0.0,0.0
2025/12/15,16:54:01,0,0.0,199.0,455.0,252.0,25.0,217.0,5.0,4.0,0.0,0.0,0.0,0.0
2025/12/15,16:54:06,0,0.0,209.0,458.0,252.0,9.0,218.0,2.0,1.0,0.0,0.0,0.0,0.0
2025/12/15,16:54:11,0,0.0,201.0,458.0,252.0,7.0,217.0,1.0,1.0,0.0,0.0,0.0,0.0
2025/12/15,16:54:16,0,0.0,194.0,456.0,252.0,30.0,218.0,5.0,5.0,0.0,0.0,0.0,0.0
2025/12/15,16:54:21,0,0.0,210.0,458.0,252.0,0.0,218.0,0.0,0.0,0.0,0.0,0.0,0.0
2025/12/15,16:54:26,0,0.0,196.0,458.0,252.0,30.0,217.0,5.0,5.0,0.0,0.0,0.0,0.0
2025/12/15,16:54:31,0,0.0,204.0,458.0,250.0,0.0,217.0,0.0,0.0,0.0,0.0,0.0,0.0
2025/12/15,16:54:36,0,0.0,204.0,457.0,252.0,21.0,217.0,4.0,3.0,0.0,0.0,0.0,0.0
2025/12/15,16:54:41,0,0.0,197.0,457.0,252.0,28.0,218.0,5.0,4.0,0.0,0.0,0.0,0.0
2025/12/15,16:54:46,0,0.0,213.0,458.0,252.0,1.0,218.0,0.0,1.0,0.0,0.0,0.0,0.0
2025/12/15,16:54:51,0,0.0,193.0,456.0,251.0,29.0,216.0,6.0,4.0,0.0,0.0,0.0,0.0
2025/12/15,16:54:56,0,0.0,208.0,458.0,252.0,2.0,218.0,0.0,0.0,0.0,0.0,0.0,0.0
2025/12/15,16:55:01,0,0.0,197.0,456.0,252.0,29.0,217.0,6.0,5.0,0.0,0.0,0.0,0.0
2025/12/15,16:55:06,0,0.0,207.0,457.0,252.0,1.0,217.0,0.0,0.0,0.0,0.0,0.0,0.0
2025/12/15,16:55:11,0,0.0,197.0,456.0,250.0,21.0,217.0,4.0,3.0,0.0,0.0,0.0,0.0
2025/12/15,16:55:16,0,0.0,199.0,457.0,252.0,28.0,217.0,7.0,3.0,0.0,0.0,0.0,0.0
2025/12/15,16:55:21,0,0.0,214.0,458.0,253.0,0.0,216.0,0.0,0.0,0.0,0.0,0.0,0.0
2025/12/15,16:55:26,0,0.0,193.0,457.0,250.0,25.0,217.0,5.0,5.0,0.0,0.0,0.0,0.0
2025/12/15,16:55:31,0,0.0,200.0,458.0,252.0,23.0,217.0,4.0,3.0,0.0,0.0,0.0,0.0
2025/12/15,16:55:36,0,0.0,216.0,459.0,252.0,1.0,217.0,1.0,0.0,0.0,0.0,0.0,0.0
2025/12/15,16:55:41,0,0.0,193.0,456.0,252.0,29.0,215.0,5.0,5.0,0.0,0.0,0.0,0.0
2025/12/15,16:55:46,0,0.0,202.0,456.0,250.0,16.0,217.0,3.0,3.0,0.0,0.0,0.0,0.0
2025/12/15,16:55:51,0,0.0,213.0,457.0,250.0,2.0,218.0,1.0,1.0,0.0,0.0,0.0,0.0
2025/12/15,16:55:56,0,0.0,202.0,459.0,251.0,31.0,217.0,5.0,4.0,0.0,0.0,0.0,0.0
2025/12/15,16:56:01,0,0.0,221.0,458.0,252.0,2.0,217.0,0.0,0.0,0.0,0.0,0.0,0.0
2025/12/15,16:56:06,0,0.0,202.0,454.0,252.0,26.0,217.0,5.0,4.0,0.0,0.0,0.0,0.0
2025/12/15,16:56:11,0,0.0,221.0,458.0,251.0,2.0,216.0,1.0,0.0,0.0,0.0,0.0,0.0
2025/12/15,16:56:16,0,0.0,198.0,457.0,252.0,28.0,216.0,5.0,4.0,0.0,0.0,0.0,0.0
2025/12/15,16:56:21,0,0.0,214.0,458.0,251.0,4.0,218.0,1.0,1.0,0.0,0.0,0.0,0.0
2025/12/15,16:56:26,0,0.0,203.0,458.0,252.0,13.0,218.0,1.0,2.0,0.0,0.0,0.0,0.0
2025/12/15,16:56:31,0,0.0,196.0,458.0,253.0,29.0,218.0,5.0,4.0,0.0,0.0,0.0,0.0
2025/12/15,16:56:36,0,0.0,218.0,458.0,251.0,2.0,218.0,1.0,0.0,0.0,0.0,0.0,0.0
2025/12/15,16:56:41,0,0.0,202.0,455.0,252.0,15.0,217.0,2.0,2.0,0.0,0.0,0.0,0.0
2025/12/15,16:56:46,0,0.0,200.0,457.0,252.0,30.0,218.0,5.0,4.0,0.0,0.0,0.0,0.0
2025/12/15,16:56:51,0,0.0,208.0,457.0,252.0,12.0,218.0,4.0,2.0,0.0,0.0,0.0,0.0
2025/12/15,16:56:56,0,0.0,212.0,458.0,252.0,0.0,217.0,0.0,0.0,0.0,0.0,0.0,0.0
2025/12/15,16:57:01,0,0.0,203.0,457.0,253.0,15.0,216.0,3.0,2.0,0.0,0.0,0.0,0.0
2025/12/15,16:57:06,0,0.0,196.0,457.0,252.0,28.0,218.0,6.0,4.0,0.0,0.0,0.0,0.0
2025/12/15,16:57:11,0,0.0,220.0,455.0,252.0,2.0,217.0,0.0,0.0,0.0,0.0,0.0,0.0
2025/12/15,16:57:16,0,0.0,200.0,456.0,252.0,21.0,218.0,4.0,3.0,0.0,0.0,0.0,0.0
2025/12/15,16:57:21,0,0.0,193.0,455.0,253.0,28.0,216.0,5.0,6.0,0.0,0.0,0.0,0.0
2025/12/15,16:57:26,0,0.0,218.0,457.0,253.0,1.0,216.0,1.0,0.0,0.0,0.0,0.0,0.0
2025/12/15,16:57:31,0,0.0,200.0,457.0,252.0,21.0,218.0,3.0,3.0,0.0,0.0,0.0,0.0
2025/12/15,16:57:36,0,0.0,198.0,456.0,252.0,30.0,217.0,5.0,4.0,0.0,0.0,0.0,0.0
2025/12/15,16:57:41,0,0.0,219.0,457.0,251.0,2.0,216.0,0.0,0.0,0.0,0.0,0.0,0.0
2025/12/15,16:57:46,0,0.0,202.0,457.0,252.0,22.0,217.0,3.0,3.0,0.0,0.0,0.0,0.0
2025/12/15,16:57:51,0,0.0,204.0,455.0,252.0,15.0,218.0,3.0,3.0,0.0,0.0,0.0,0.0
2025/12/15,16:57:56,0,0.0,201.0,454.0,252.0,18.0,217.0,3.0,3.0,0.0,0.0,0.0,0.0
2025/12/15,16:58:01,0,0.0,205.0,457.0,252.0,19.0,218.0,4.0,4.0,0.0,0.0,0.0,0.0
2025/12/15,16:58:06,0,0.0,202.0,458.0,253.0,0.0,216.0,0.0,0.0,0.0,0.0,0.0,0.0
2025/12/15,16:58:11,0,0.0,197.0,456.0,252.0,30.0,216.0,5.0,4.0,0.0,0.0,0.0,0.0
2025/12/15,16:58:16,0,0.0,214.0,457.0,251.0,2.0,217.0,0.0,0.0,0.0,0.0,0.0,0.0
2025/12/15,16:58:21,0,0.0,202.0,456.0,252.0,28.0,218.0,6.0,4.0,0.0,0.0,0.0,0.0
2025/12/15,16:58:26,0,0.0,205.0,456.0,251.0,17.0,218.0,4.0,2.0,0.0,0.0,0.0,0.0
2025/12/15,16:58:31,0,0.0,206.0,457.0,252.0,2.0,217.0,0.0,0.0,0.0,0.0,0.0,0.0
2025/12/15,16:58:36,0,0.0,201.0,455.0,251.0,29.0,218.0,5.0,4.0,0.0,0.0,0.0,0.0
2025/12/15,16:59:06,0,0.0,205.0,457.0,252.0,15.0,215.0,2.0,2.0,0.0,0.0,0.0,0.0
2025/12/15,16:59:10,0,0.0,209.0,456.0,251.0,8.0,216.0,2.0,2.0,0.0,0.0,0.0,0.0
2025/12/15,16:59:15,0,0.0,204.0,457.0,252.0,7.0,217.0,0.0,1.0,0.0,0.0,0.0,0.0
2025/12/15,16:59:20,0,0.0,197.0,456.0,252.0,29.0,217.0,6.0,4.0,0.0,0.0,0.0,0.0
2025/12/15,16:59:25,0,0.0,213.0,457.0,252.0,1.0,217.0,0.0,0.0,-0.0008,0.0,0.0,0.0
2025/12/15,16:59:30,0,0.0,200.0,455.0,252.0,31.0,217.0,5.0,4.0,0.0,0.0,0.0,0.0
2025/12/15,16:59:35,0,0.0,220.0,455.0,252.0,2.0,217.0,0.0,0.0,0.0,0.0,0.0,0.0
2025/12/15,16:59:40,0,0.0,200.0,456.0,252.0,26.0,217.0,5.0,4.0,0.0,0.0,0.0,0.0
2025/12/15,16:59:45,0,0.0,212.0,457.0,252.0,8.0,218.0,1.0,1.0,0.0,0.0,0.0,0.0
2025/12/15,16:59:50,0,0.0,202.0,456.0,254.0,13.0,217.0,1.0,1.0,0.0,0.0,0.0,0.0
2025/12/15,16:59:55,0,0.0,194.0,455.0,252.0,30.0,217.0,5.0,4.0,0.0,0.0,0.0,0.0
2025/12/15,17:00:00,0,0.0,218.0,455.0,251.0,1.0,218.0,1.0,0.0,0.0,0.0,0.0,0.0
2025/12/15,17:00:05,0,2.0,199.0,454.0,250.0,23.0,216.0,3.0,3.0,0.0,0.0,0.0,0.0
2025/12/15,17:00:10,0,0.0,192.0,454.0,253.0,29.0,217.0,6.0,5.0,0.0,0.0,0.0,0.0
2025/12/15,17:00:15,0,0.0,211.0,456.0,252.0,0.0,217.0,0.0,0.0,0.0,0.0,0.0,0.0
2025/12/15,17:00:20,0,0.0,202.0,455.0,252.0,27.0,217.0,5.0,4.0,0.0,0.0,0.0,0.0
2025/12/15,17:00:25,0,0.0,213.0,455.0,250.0,3.0,216.0,0.0,1.0,0.0,0.0,0.0,0.0
2025/12/15,17:00:30,0,0.0,201.0,452.0,252.0,20.0,216.0,3.0,3.0,0.0,0.0,0.0,0.0
2025/12/15,17:00:35,0,0.0,204.0,454.0,252.0,16.0,217.0,3.0,2.0,0.0,0.0,0.0,0.0
2025/12/15,17:00:40,0,0.0,200.0,454.0,252.0,17.0,219.0,3.0,3.0,0.0,0.0,0.0,0.0
2025/12/15,17:00:45,0,0.0,211.0,456.0,252.0,6.0,218.0,2.0,1.0,0.0,0.0,0.0,0.0
2025/12/15,17:00:50,0,0.0,204.0,455.0,251.0,28.0,216.0,5.0,4.0,0.0,0.0,0.0,0.0
2025/12/15,17:00:55,0,0.0,209.0,457.0,252.0,0.0,217.0,0.0,0.0,0.0,0.0,0.0,0.0
2025/12/15,17:01:00,0,0.0,198.0,455.0,251.0,21.0,217.0,4.0,3.0,0.0,0.0,0.0,0.0
2025/12/15,17:01:05,0,0.0,199.0,454.0,252.0,24.0,216.0,4.0,3.0,0.0,0.0,0.0,0.0
2025/12/15,17:01:10,0,0.0,219.0,457.0,252.0,1.0,216.0,1.0,0.0,0.0,0.0,0.0,0.0
2025/12/15,17:01:15,0,0.0,198.0,454.0,252.0,32.0,218.0,5.0,5.0,0.0,0.0,0.0,0.0
2025/12/15,17:01:20,0,0.0,203.0,455.0,251.0,7.0,218.0,1.0,1.0,0.0,0.0,0.0,0.0
2025/12/15,17:01:25,0,0.0,216.0,456.0,252.0,5.0,217.0,1.0,0.0,0.0,0.0,0.0,0.0
2025/12/15,17:01:30,0,0.0,197.0,455.0,252.0,32.0,218.0,5.0,4.0,0.0,0.0,0.0,0.0
2025/12/15,17:01:35,0,0.0,202.0,455.0,253.0,7.0,217.0,1.0,1.0,0.0,0.0,0.0,0.0
2025/12/15,17:01:40,0,0.0,217.0,456.0,252.0,0.0,218.0,0.0,0.0,0.0,0.0,0.0,0.0
2025/12/15,17:01:45,0,0.0,221.0,456.0,252.0,0.0,217.0,1.0,0.0,0.0,0.0,0.0,0.0
2025/12/15,17:01:50,0,0.0,221.0,456.0,251.0,4.0,218.0,1.0,0.0,0.0,0.0,0.0,0.0
2025/12/15,17:01:55,0,0.0,214.0,455.0,251.0,3.0,218.0,0.0,0.0,0.0,0.0,0.0,0.0
2025/12/15,17:02:00,0,0.0,209.0,455.0,251.0,11.0,217.0,3.0,2.0,0.0,0.0,0.0,0.0
2025/12/15,17:02:05,0,0.0,197.0,455.0,253.0,30.0,218.0,6.0,4.0,0.0,0.0,0.0,0.0
2025/12/15,17:02:10,0,0.0,199.0,456.0,252.0,24.0,216.0,4.0,4.0,0.0,0.0,0.0,0.0
2025/12/15,17:02:15,0,0.0,217.0,454.0,252.0,0.0,218.0,0.0,0.0,0.0,0.0,0.0,0.0
2025/12/15,17:02:20,0,0.0,194.0,455.0,252.0,27.0,217.0,5.0,5.0,0.0,0.0,0.0,0.0
2025/12/15,17:02:25,0,0.0,203.0,455.0,250.0,28.0,217.0,5.0,4.0,0.0,0.0,0.0,0.0
2025/12/15,17:02:30,0,0.0,202.0,455.0,252.0,8.0,218.0,1.0,1.0,0.0,0.0,0.0,0.0
2025/12/15,17:02:35,0,0.0,206.0,456.0,252.0,1.0,217.0,0.0,0.0,0.0,0.0,0.0,0.0
2025/12/15,17:02:40,0,0.0,210.0,456.0,251.0,0.0,216.0,0.0,0.0,0.0,0.0,0.0,0.0
2025/12/15,17:02:45,0,0.0,216.0,456.0,251.0,0.0,218.0,0.0,0.0,0.0,0.0,0.0,0.0
2025/12/15,17:02:50,0,0.0,213.0,456.0,252.0,6.0,219.0,2.0,1.0,0.0,0.0,0.0,0.0
2025/12/15,17:02:55,0,0.0,197.0,456.0,252.0,30.0,219.0,6.0,5.0,0.0,0.0,0.0,0.0
2025/12/15,17:03:00,0,0.0,201.0,456.0,252.0,29.0,219.0,5.0,4.0,0.0,0.0,0.0,0.0
2025/12/15,17:03:05,0,0.0,203.0,453.0,252.0,11.0,219.0,2.0,2.0,0.0,0.0,0.0,0.0
2025/12/15,17:03:10,0,0.0,210.0,457.0,252.0,0.0,217.0,0.0,0.0,0.0,0.0,0.0,0.0
2025/12/15,17:03:15,0,0.0,211.0,456.0,252.0,4.0,218.0,2.0,1.0,0.0,0.0,0.0,0.0
2025/12/15,17:03:20,0,0.0,194.0,455.0,252.0,30.0,217.0,5.0,4.0,0.0,0.0,0.0,0.0
2025/12/15,17:03:25,0,0.0,204.0,455.0,252.0,28.0,218.0,5.0,4.0,0.0,0.0,0.0,0.0
2025/12/15,17:03:30,0,0.0,199.0,455.0,252.0,25.0,218.0,4.0,3.0,0.0,0.0,0.0,0.0
2025/12/15,17:03:35,0,0.0,201.0,455.0,252.0,26.0,219.0,5.0,3.0,0.0,0.0,0.0,0.0
2025/12/15,17:03:40,0,0.0,200.0,455.0,251.0,25.0,217.0,4.0,4.0,0.0,0.0,0.0,0.0
2025/12/15,17:03:45,0,0.0,203.0,453.0,252.0,22.0,216.0,3.0,4.0,0.0,0.0,0.0,0.0
2025/12/15,17:03:50,0,0.0,204.0,457.0,253.0,6.0,217.0,1.0,1.0,0.0,0.0,0.0,0.0
2025/12/15,17:03:55,0,1.0,202.0,455.0,252.0,4.0,218.0,0.0,1.0,0.0,0.0,0.0,0.0
2025/12/15,17:04:00,0,1.0,209.0,456.0,252.0,1.0,218.0,0.0,0.0,0.0,0.0,0.0,0.0
2025/12/15,17:04:05,0,0.0,217.0,455.0,252.0,2.0,217.0,0.0,0.0,0.0,0.0,0.0,0.0
2025/12/15,17:04:10,0,0.0,195.0,455.0,251.0,28.0,217.0,5.0,5.0,0.0,0.0,0.0,0.0
2025/12/15,17:04:15,0,0.0,205.0,455.0,251.0,29.0,218.0,5.0,4.0,0.0,0.0,0.0,0.0
2025/12/15,17:04:20,0,0.0,203.0,455.0,252.0,11.0,218.0,2.0,1.0,0.0,0.0,0.0,0.0
2025/12/15,17:04:25,0,0.0,215.0,456.0,252.0,0.0,218.0,1.0,0.0,0.0,0.0,0.0,0.0
2025/12/15,17:04:30,0,0.0,205.0,456.0,252.0,16.0,219.0,3.0,2.0,0.0,0.0,0.0,0.0
2025/12/15,17:04:35,0,0.0,203.0,455.0,252.0,28.0,218.0,6.0,4.0,0.0,0.0,0.0,0.0
2025/12/15,17:04:40,0,0.0,205.0,455.0,252.0,1.0,218.0,1.0,0.0,0.0,0.0,0.0,0.0
2025/12/15,17:04:45,0,0.0,195.0,455.0,252.0,27.0,218.0,6.0,5.0,0.0,0.0,0.0,0.0
2025/12/15,17:04:50,0,0.0,204.0,457.0,252.0,2.0,218.0,1.0,0.0,0.0,0.0,0.0,0.0
2025/12/15,17:04:55,0,0.0,193.0,455.0,252.0,31.0,218.0,5.0,5.0,0.0,0.0,0.0,0.0
2025/12/15,17:05:00,0,0.0,205.0,456.0,252.0,0.0,218.0,0.0,0.0,0.0,0.0,0.0,0.0
2025/12/15,17:05:05,0,0.0,201.0,455.0,252.0,29.0,218.0,6.0,4.0,0.0,0.0,0.0,0.0
2025/12/15,17:05:10,0,0.0,213.0,455.0,252.0,5.0,217.0,1.0,1.0,0.0,0.0,0.0,0.0
2025/12/15,17:05:15,0,0.0,207.0,456.0,252.0,2.0,218.0,0.0,0.0,0.0,0.0,0.0,0.0
2025/12/15,17:05:20,0,0.0,201.0,455.0,252.0,27.0,218.0,6.0,4.0,0.0,0.0,0.0,0.0
2025/12/15,17:05:25,0,0.0,197.0,455.0,252.0,27.0,218.0,4.0,4.0,0.0,0.0,0.0,0.0
2025/12/15,17:05:30,0,0.0,221.0,455.0,252.0,2.0,217.0,1.0,0.0,0.0,0.0,0.0,0.0
2025/12/15,17:05:35,0,0.0,209.0,456.0,252.0,2.0,218.0,0.0,0.0,0.0,0.0,0.0,0.0
2025/12/15,17:05:40,0,0.0,204.0,455.0,250.0,5.0,218.0,1.0,1.0,0.0,0.0,0.0,0.0
2025/12/15,17:05:45,0,0.0,204.0,456.0,252.0,9.0,218.0,2.0,1.0,0.0,0.0,0.0,0.0
2025/12/15,17:05:50,0,0.0,204.0,455.0,252.0,0.0,217.0,0.0,0.0,0.0,0.0,0.0,0.0
2025/12/15,17:05:55,0,0.0,215.0,455.0,252.0,0.0,218.0,0.0,0.0,0.0,0.0,0.0,0.0
2025/12/15,17:06:00,0,0.0,199.0,453.0,252.0,24.0,217.0,5.0,3.0,0.0,0.0,0.0,0.0
2025/12/15,17:06:05,0,0.0,202.0,452.0,252.0,27.0,216.0,5.0,4.0,0.0,0.0,0.0,0.0
2025/12/15,17:06:10,0,0.0,198.0,456.0,253.0,27.0,219.0,5.0,4.0,0.0,0.0,0.0,0.0
2025/12/15,17:06:15,0,0.0,200.0,455.0,252.0,32.0,219.0,5.0,4.0,0.0,0.0,0.0,0.0
2025/12/15,17:06:20,0,0.0,201.0,454.0,251.0,30.0,217.0,5.0,4.0,0.0,0.0,0.0,0.0
2025/12/15,17:06:25,0,0.0,200.0,454.0,252.0,30.0,219.0,5.0,4.0,0.0,0.0,0.0,0.0
2025/12/15,17:06:30,0,0.0,200.0,453.0,252.0,29.0,218.0,6.0,4.0,0.0,0.0,0.0,0.0
2025/12/15,17:06:35,0,0.0,193.0,453.0,252.0,28.0,217.0,6.0,5.0,0.0,0.0,0.0,0.0
2025/12/15,17:06:40,0,0.0,220.0,455.0,252.0,2.0,218.0,1.0,0.0,0.0,0.0,0.0,0.0
2025/12/15,17:06:45,0,0.0,202.0,455.0,252.0,19.0,216.0,3.0,3.0,0.0,0.0,0.0,0.0
2025/12/15,17:06:50,0,0.0,200.0,454.0,252.0,30.0,217.0,5.0,4.0,0.0,0.0,0.0,0.0
2025/12/15,17:06:55,0,0.0,213.0,456.0,253.0,4.0,217.0,1.0,0.0,0.0,0.0,0.0,0.0
2025/12/15,17:07:00,0,0.0,201.0,455.0,252.0,14.0,217.0,2.0,2.0,0.0,0.0,0.0,0.0
2025/12/15,17:07:05,0,0.0,212.0,455.0,250.0,5.0,217.0,1.0,1.0,0.0,0.0,0.0,0.0
2025/12/15,17:07:10,0,0.0,196.0,454.0,250.0,30.0,218.0,6.0,5.0,0.0,0.0,0.0,0.0
2025/12/15,17:07:15,0,0.0,199.0,455.0,252.0,30.0,219.0,5.0,4.0,0.0,0.0,0.0,0.0
2025/12/15,17:07:20,0,0.0,204.0,455.0,252.0,27.0,219.0,6.0,4.0,0.0,0.0,0.0,0.0
2025/12/15,17:07:25,0,0.0,203.0,456.0,252.0,11.0,219.0,2.0,2.0,0.0,0.0,0.0,0.0
2025/12/15,17:07:30,0,0.0,214.0,454.0,252.0,0.0,218.0,0.0,0.0,0.0,0.0,0.0,0.0
2025/12/15,17:07:35,0,0.0,209.0,456.0,252.0,13.0,218.0,2.0,2.0,0.0,0.0,0.0,0.0
2025/12/15,17:07:40,0,0.0,198.0,455.0,252.0,31.0,218.0,5.0,4.0,0.0,0.0,0.0,0.0
2025/12/15,17:07:45,0,0.0,203.0,456.0,252.0,12.0,219.0,2.0,2.0,0.0,0.0,0.0,0.0
2025/12/15,17:07:50,0,0.0,220.0,455.0,252.0,2.0,218.0,1.0,0.0,0.0,0.0,0.0,0.0
2025/12/15,17:07:55,0,0.0,196.0,456.0,253.0,31.0,218.0,5.0,4.0,0.0,0.0,0.0,0.0
2025/12/15,17:08:00,0,0.0,205.0,455.0,252.0,9.0,219.0,1.0,2.0,0.0,0.0,0.0,0.0
2025/12/15,17:08:05,0,0.0,212.0,455.0,252.0,9.0,218.0,1.0,1.0,0.0,0.0,0.0,0.0
2025/12/15,17:08:10,0,0.0,202.0,454.0,252.0,29.0,218.0,4.0,4.0,0.0,0.0,0.0,0.0
2025/12/15,17:08:15,0,0.0,204.0,454.0,252.0,12.0,219.0,2.0,1.0,0.0,0.0,0.0,0.0
2025/12/15,17:08:20,0,0.0,220.0,456.0,253.0,2.0,218.0,1.0,0.0,0.0,0.0,0.0,0.0
2025/12/15,17:08:25,0,0.0,199.0,455.0,252.0,32.0,218.0,5.0,4.0,0.0,0.0,0.0,0.0
2025/12/15,17:08:30,0,0.0,207.0,456.0,252.0,2.0,218.0,0.0,0.0,0.0,0.0,0.0,0.0
2025/12/15,17:08:35,0,0.0,211.0,455.0,250.0,7.0,217.0,1.0,1.0,0.0,0.0,0.0,0.0
2025/12/15,17:08:40,0,0.0,195.0,454.0,252.0,30.0,219.0,5.0,4.0,0.0,0.0,0.0,0.0
2025/12/15,17:08:45,0,0.0,204.0,453.0,252.0,28.0,217.0,5.0,4.0,0.0,0.0,0.0,0.0
2025/12/15,17:09:24,0,0.0,200.0,455.0,252.0,32.0,219.0,6.0,5.0,0.0,0.0,0.0,0.0
2025/12/15,17:09:29,0,0.0,215.0,455.0,251.0,2.0,219.0,2.0,0.0,0.0,0.0,0.0,0.0
2025/12/15,17:09:34,0,0.0,194.0,451.0,252.0,31.0,217.0,6.0,4.0,0.0,0.0,0.0,0.0
2025/12/15,17:09:39,0,0.0,202.0,455.0,252.0,30.0,217.0,5.0,4.0,0.0,0.0,0.0,0.0
2025/12/15,17:09:44,0,0.0,203.0,455.0,252.0,19.0,219.0,3.0,3.0,0.0,0.0,0.0,0.0
2025/12/15,17:09:49,0,0.0,209.0,455.0,252.0,0.0,219.0,0.0,0.0,0.0,0.0,0.0,0.0
2025/12/15,17:09:54,0,0.0,204.0,454.0,252.0,17.0,218.0,4.0,3.0,0.0,0.0,0.0,0.0
2025/12/15,17:09:59,0,0.0,200.0,454.0,252.0,27.0,218.0,5.0,4.0,0.0,0.0,0.0,0.0
2025/12/15,17:10:04,0,0.0,219.0,456.0,252.0,2.0,217.0,1.0,0.0,0.0,0.0,0.0,0.0
2025/12/15,17:10:09,0,0.0,195.0,453.0,252.0,32.0,217.0,5.0,4.0,0.0,0.0,0.0,0.0
2025/12/15,17:10:14,0,0.0,203.0,455.0,252.0,15.0,219.0,3.0,2.0,0.0,0.0,0.0,0.0
2025/12/15,17:10:19,0,0.0,218.0,456.0,252.0,0.0,218.0,1.0,0.0,0.0,0.0,0.0,0.0
2025/12/15,17:10:24,0,0.0,200.0,454.0,251.0,23.0,219.0,4.0,4.0,0.0,0.0,0.0,0.0
2025/12/15,17:10:29,0,0.0,203.0,454.0,252.0,27.0,218.0,5.0,4.0,0.0,0.0,0.0,0.0
2025/12/15,17:10:34,0,0.0,213.0,456.0,251.0,0.0,217.0,0.0,0.0,0.0,0.0,0.0,0.0
2025/12/15,17:10:39,0,0.0,197.0,454.0,252.0,27.0,219.0,5.0,5.0,0.0,0.0,0.0,0.0
2025/12/15,17:10:44,0,0.0,201.0,454.0,252.0,24.0,218.0,4.0,3.0,0.0,0.0,0.0,0.0
2025/12/15,17:10:49,0,0.0,216.0,455.0,251.0,1.0,218.0,0.0,0.0,0.0,0.0,0.0,0.0
2025/12/15,17:10:54,0,0.0,206.0,454.0,247.0,14.0,218.0,3.0,3.0,0.0,0.0,0.0,0.0
2025/12/15,17:10:59,0,0.0,201.0,453.0,252.0,29.0,219.0,6.0,4.0,0.0,0.0,0.0,0.0
2025/12/15,17:11:04,0,0.0,208.0,456.0,251.0,0.0,218.0,0.0,0.0,0.0,0.0,0.0,0.0
2025/12/15,17:11:09,0,1.0,199.0,453.0,251.0,26.0,218.0,5.0,4.0,0.0,0.0,0.0,0.0
2025/12/15,17:11:14,0,0.0,203.0,455.0,252.0,14.0,219.0,3.0,2.0,0.0,0.0,0.0,0.0
2025/12/15,17:11:19,0,0.0,212.0,455.0,251.0,7.0,219.0,2.0,1.0,0.0,0.0,0.0,0.0
2025/12/15,17:11:24,0,0.0,200.0,455.0,252.0,28.0,218.0,5.0,4.0,0.0,0.0,0.0,0.0
2025/12/15,17:11:29,0,0.0,220.0,454.0,252.0,6.0,219.0,1.0,0.0,0.0,0.0,0.0,0.0
2025/12/15,17:11:34,0,0.0,205.0,453.0,250.0,30.0,218.0,5.0,4.0,0.0,0.0,0.0,0.0
2025/12/15,17:11:39,0,0.0,208.0,456.0,251.0,1.0,218.0,0.0,0.0,0.0,0.0,0.0,0.0
2025/12/15,17:11:44,0,0.0,207.0,454.0,252.0,10.0,217.0,3.0,2.0,0.0,0.0,0.0,0.0
2025/12/15,17:11:49,0,0.0,201.0,454.0,252.0,29.0,219.0,5.0,4.0,0.0,0.0,0.0,0.0
2025/12/15,17:11:54,0,0.0,202.0,454.0,251.0,13.0,219.0,2.0,2.0,0.0,0.0,0.0,0.0
2025/12/15,17:11:59,0,0.0,215.0,455.0,249.0,0.0,219.0,1.0,0.0,0.0,0.0,0.0,0.0
2025/12/15,17:12:04,0,0.0,200.0,453.0,252.0,27.0,217.0,4.0,4.0,0.0,0.0,0.0,0.0
2025/12/15,17:12:09,0,0.0,200.0,453.0,251.0,26.0,216.0,5.0,3.0,0.0,0.0,0.0,0.0
2025/12/15,17:12:14,0,0.0,218.0,456.0,252.0,1.0,218.0,0.0,0.0,0.0,0.0,0.0,0.0
2025/12/15,17:12:19,0,0.0,196.0,453.0,251.0,30.0,217.0,6.0,5.0,0.0,0.0,0.0,0.0
2025/12/15,17:12:24,0,0.0,200.0,451.0,252.0,29.0,216.0,5.0,4.0,0.0,0.0,0.0,0.0
2025/12/15,17:12:29,0,0.0,204.0,454.0,251.0,2.0,217.0,0.0,0.0,0.0,0.0,0.0,0.0
2025/12/15,17:12:34,0,0.0,216.0,453.0,250.0,3.0,216.0,0.0,0.0,0.0,0.0,0.0,0.0
2025/12/15,17:12:39,0,0.0,200.0,455.0,252.0,29.0,219.0,5.0,5.0,0.0,0.0,0.0,0.0
2025/12/15,17:12:44,0,0.0,201.0,454.0,252.0,18.0,218.0,3.0,3.0,0.0,0.0,0.0,0.0
2025/12/15,17:12:49,0,0.0,213.0,455.0,252.0,0.0,217.0,0.0,0.0,0.0,0.0,0.0,0.0
2025/12/15,17:12:54,0,0.0,201.0,455.0,251.0,20.0,217.0,4.0,4.0,0.0,0.0,0.0,0.0
2025/12/15,17:12:59,0,0.0,200.0,454.0,252.0,27.0,219.0,5.0,4.0,0.0,0.0,0.0,0.0
2025/12/15,17:13:04,0,0.0,210.0,455.0,250.0,0.0,219.0,0.0,0.0,0.0,0.0,0.0,0.0
2025/12/15,17:13:09,0,0.0,201.0,455.0,252.0,19.0,219.0,4.0,3.0,0.0,0.0,0.0,0.0
2025/12/15,17:13:14,0,0.0,199.0,454.0,250.0,28.0,219.0,5.0,4.0,0.0,0.0,0.0,0.0
2025/12/15,17:13:19,0,0.0,215.0,456.0,252.0,0.0,219.0,0.0,0.0,0.0,0.0,0.0,0.0
2025/12/15,17:13:24,0,0.0,197.0,454.0,252.0,25.0,219.0,7.0,4.0,0.0,0.0,0.0,0.0
2025/12/15,17:13:29,0,0.0,202.0,453.0,252.0,23.0,220.0,4.0,3.0,0.0,0.0,0.0,0.0
2025/12/15,17:13:34,0,0.0,220.0,453.0,252.0,2.0,218.0,0.0,0.0,0.0,0.0,0.0,0.0
2025/12/15,17:13:39,0,0.0,196.0,454.0,252.0,30.0,219.0,6.0,4.0,0.0,0.0,0.0,0.0
2025/12/15,17:13:44,0,0.0,204.0,455.0,252.0,4.0,218.0,1.0,0.0,0.0,0.0,0.0,0.0
2025/12/15,17:13:49,0,0.0,214.0,454.0,252.0,9.0,218.0,2.0,1.0,0.0,0.0,0.0,0.0
2025/12/15,17:13:54,0,0.0,202.0,454.0,252.0,29.0,219.0,5.0,4.0,0.0,0.0,0.0,0.0
2025/12/15,17:13:59,0,0.0,208.0,454.0,252.0,1.0,218.0,0.0,0.0,0.0,0.0,0.0,0.0
2025/12/15,17:14:04,0,0.0,211.0,454.0,252.0,7.0,218.0,2.0,1.0,0.0,0.0,0.0,0.0
2025/12/15,17:14:09,0,0.0,205.0,453.0,252.0,27.0,220.0,5.0,4.0,0.0,0.0,0.0,0.0
2025/12/15,17:14:14,0,0.0,212.0,454.0,252.0,0.0,219.0,0.0,0.0,0.0,0.0,0.0,0.0
2025/12/15,17:14:19,0,0.0,197.0,453.0,252.0,27.0,219.0,5.0,4.0,0.0,0.0,0.0,0.0
2025/12/15,17:14:24,0,0.0,200.0,453.0,252.0,23.0,219.0,4.0,4.0,0.0,0.0,0.0,0.0
2025/12/15,17:14:29,0,0.0,220.0,455.0,252.0,3.0,219.0,1.0,0.0,0.0,0.0,0.0,0.0
2025/12/15,17:14:34,0,0.0,200.0,451.0,252.0,31.0,217.0,4.0,4.0,0.0,0.0,0.0,0.0
2025/12/15,17:14:39,0,0.0,206.0,455.0,252.0,1.0,218.0,0.0,0.0,0.0,0.0,0.0,0.0
2025/12/15,17:14:44,0,0.0,197.0,454.0,253.0,26.0,218.0,6.0,4.0,0.0,0.0,0.0,0.0
2025/12/15,17:14:49,0,0.0,202.0,455.0,252.0,3.0,217.0,1.0,0.0,0.0,0.0,0.0,0.0
2025/12/15,17:14:54,0,0.0,209.0,454.0,252.0,14.0,218.0,2.0,2.0,0.0,0.0,0.0,0.0
2025/12/15,17:14:59,0,0.0,201.0,453.0,251.0,24.0,218.0,5.0,4.0,0.0,0.0,0.0,0.0
2025/12/15,17:15:04,0,0.0,219.0,454.0,252.0,1.0,218.0,0.0,0.0,0.0,0.0,0.0,0.0
2025/12/15,17:15:09,0,0.0,204.0,453.0,252.0,28.0,218.0,5.0,4.0,0.0,0.0,0.0,0.0
2025/12/15,17:15:14,0,0.0,220.0,452.0,253.0,1.0,219.0,1.0,0.0,0.0,0.0,0.0,0.0
2025/12/15,17:15:19,0,0.0,201.0,454.0,251.0,31.0,219.0,5.0,4.0,0.0,0.0,0.0,0.0
2025/12/15,17:15:24,0,0.0,215.0,452.0,252.0,0.0,218.0,0.0,0.0,0.0,0.0,0.0,0.0
2025/12/15,17:15:29,0,0.0,200.0,453.0,253.0,29.0,219.0,6.0,5.0,0.0,0.0,0.0,0.0
2025/12/15,17:15:34,0,0.0,220.0,455.0,251.0,2.0,218.0,1.0,0.0,0.0,0.0,0.0,0.0
2025/12/15,17:15:39,0,0.0,205.0,454.0,250.0,13.0,219.0,1.0,2.0,0.0,0.0,0.0,0.0
2025/12/15,17:15:44,0,0.0,200.0,453.0,252.0,30.0,218.0,6.0,4.0,0.0,0.0,0.0,0.0
2025/12/15,17:15:49,0,0.0,206.0,453.0,250.0,19.0,218.0,4.0,3.0,0.0,0.0,0.0,0.0
2025/12/15,17:15:54,0,0.0,213.0,455.0,252.0,0.0,217.0,0.0,0.0,0.0,0.0,0.0,0.0
2025/12/15,17:15:59,0,0.0,199.0,453.0,251.0,25.0,219.0,4.0,4.0,0.0,0.0,0.0,0.0
2025/12/15,17:16:04,0,0.0,195.0,453.0,249.0,30.0,217.0,5.0,5.0,0.0,0.0,0.0,0.0
2025/12/15,17:16:09,0,0.0,219.0,454.0,253.0,1.0,217.0,0.0,0.0,0.0,0.0,0.0,0.0
2025/12/15,17:16:14,0,0.0,200.0,453.0,252.0,24.0,217.0,4.0,3.0,0.0,0.0,0.0,0.0
2025/12/15,17:16:19,0,0.0,196.0,453.0,252.0,26.0,218.0,5.0,5.0,0.0,0.0,0.0,0.0
2025/12/15,17:16:24,0,0.0,217.0,455.0,252.0,3.0,218.0,0.0,0.0,0.0,0.0,0.0,0.0
2025/12/15,17:16:29,0,0.0,202.0,454.0,252.0,24.0,219.0,4.0,4.0,0.0,0.0,0.0,0.0
2025/12/15,17:16:34,0,1.0,199.0,451.0,252.0,22.0,218.0,5.0,4.0,0.0,0.0,0.0,0.0
2025/12/15,17:16:39,0,0.0,203.0,455.0,249.0,6.0,218.0,1.0,1.0,0.0,0.0,0.0,0.0
2025/12/15,17:16:44,0,0.0,200.0,452.0,251.0,27.0,218.0,5.0,5.0,0.0,0.0,0.0,0.0
2025/12/15,17:16:49,0,0.0,206.0,454.0,252.0,1.0,217.0,0.0,0.0,0.0,0.0,0.0,0.0
2025/12/15,17:16:54,0,0.0,197.0,453.0,251.0,29.0,218.0,5.0,4.0,0.0,0.0,0.0,0.0
2025/12/15,17:16:59,0,0.0,208.0,454.0,252.0,1.0,219.0,0.0,0.0,0.0,0.0,0.0,0.0
2025/12/15,17:17:04,0,0.0,200.0,453.0,252.0,31.0,217.0,6.0,4.0,0.0,0.0,0.0,0.0
2025/12/15,17:17:09,0,0.0,210.0,454.0,252.0,0.0,219.0,0.0,0.0,0.0,0.0,0.0,0.0
2025/12/15,17:17:14,0,0.0,199.0,453.0,251.0,30.0,218.0,6.0,5.0,0.0,0.0,0.0,0.0
2025/12/15,17:17:19,0,0.0,210.0,454.0,252.0,1.0,219.0,0.0,0.0,0.0,0.0,0.0,0.0
2025/12/15,17:17:24,0,0.0,196.0,454.0,252.0,31.0,219.0,6.0,4.0,0.0,0.0,0.0,0.0
2025/12/15,17:17:29,0,0.0,206.0,454.0,252.0,1.0,218.0,0.0,0.0,0.0,0.0,0.0,0.0
2025/12/15,17:17:34,0,0.0,206.0,454.0,252.0,12.0,218.0,3.0,2.0,0.0,0.0,0.0,0.0
2025/12/15,17:17:39,0,0.0,200.0,454.0,252.0,27.0,219.0,6.0,4.0,0.0,0.0,0.0,0.0
2025/12/15,17:17:44,0,0.0,215.0,454.0,252.0,3.0,218.0,1.0,1.0,0.0,0.0,0.0,0.0
2025/12/15,17:17:49,0,0.0,201.0,453.0,250.0,24.0,218.0,4.0,3.0,0.0,0.0,0.0,0.0
2025/12/15,17:17:54,0,0.0,212.0,454.0,252.0,5.0,219.0,1.0,1.0,0.0,0.0,0.0,0.0
2025/12/15,17:17:59,0,0.0,201.0,454.0,252.0,22.0,219.0,3.0,3.0,0.0,0.0,0.0,0.0
2025/12/15,17:18:04,0,0.0,205.0,453.0,252.0,18.0,217.0,4.0,3.0,0.0,0.0,0.0,0.0
2025/12/15,17:18:09,0,0.0,202.0,454.0,252.0,13.0,218.0,2.0,2.0,0.0,0.0,0.0,0.0
2025/12/15,17:18:14,0,0.0,205.0,453.0,252.0,17.0,218.0,4.0,3.0,0.0,0.0,0.0,0.0
2025/12/15,17:18:19,0,0.0,202.0,453.0,252.0,18.0,218.0,4.0,3.0,0.0,0.0,0.0,0.0
2025/12/15,17:18:24,0,0.0,215.0,454.0,252.0,4.0,219.0,0.0,0.0,0.0,0.0,0.0,0.0
2025/12/15,17:18:29,0,0.0,203.0,453.0,250.0,28.0,218.0,5.0,4.0,0.0,0.0,0.0,0.0
2025/12/15,17:18:34,0,0.0,220.0,454.0,251.0,2.0,218.0,1.0,0.0,0.0,0.0,0.0,0.0
2025/12/15,17:18:39,0,0.0,198.0,453.0,252.0,31.0,219.0,4.0,4.0,0.0,0.0,0.0,0.0
2025/12/15,17:18:44,0,0.0,212.0,452.0,252.0,1.0,219.0,1.0,0.0,0.0,0.0,0.0,0.0
2025/12/15,17:18:49,0,0.0,201.0,453.0,252.0,24.0,219.0,4.0,3.0,0.0,0.0,0.0,0.0
2025/12/15,17:18:54,0,0.0,212.0,452.0,252.0,7.0,218.0,2.0,1.0,0.0,0.0,0.0,0.0
2025/12/15,17:19:24,0,0.0,218.0,454.0,252.0,0.0,218.0,0.0,0.0,0.0,0.0,0.0,0.0
2025/12/15,17:19:28,0,0.0,200.0,453.0,252.0,24.0,218.0,7.0,4.0,0.0,0.0,0.0,0.0
2025/12/15,17:19:33,0,0.0,212.0,454.0,252.0,0.0,219.0,0.0,0.0,0.0,0.0,0.0,0.0
2025/12/15,17:19:38,0,0.0,201.0,453.0,252.0,29.0,219.0,6.0,4.0,0.0,0.0,0.0,0.0
2025/12/15,17:19:43,0,0.0,204.0,454.0,252.0,15.0,219.0,3.0,3.0,0.0,0.0,0.0,0.0
2025/12/15,17:19:48,0,0.0,212.0,454.0,252.0,0.0,218.0,0.0,0.0,0.0,0.0,0.0,0.0
2025/12/15,17:19:53,0,0.0,199.0,453.0,252.0,31.0,219.0,6.0,4.0,0.0,0.0,0.0,0.0
2025/12/15,17:19:58,0,0.0,203.0,453.0,251.0,21.0,219.0,4.0,3.0,0.0,0.0,0.0,0.0
2025/12/15,17:20:03,0,0.0,212.0,454.0,252.0,0.0,218.0,1.0,0.0,0.0,0.0,0.0,0.0
2025/12/15,17:20:08,0,0.0,198.0,452.0,251.0,27.0,219.0,4.0,4.0,0.0,0.0,0.0,0.0
2025/12/15,17:20:13,0,0.0,194.0,451.0,251.0,30.0,219.0,6.0,5.0,0.0,0.0,0.0,0.0
2025/12/15,17:20:18,0,0.0,220.0,453.0,252.0,2.0,219.0,1.0,1.0,0.0,0.0,0.0,0.0
2025/12/15,17:20:23,0,0.0,204.0,453.0,251.0,6.0,219.0,1.0,1.0,0.0,0.0,0.0,0.0
2025/12/15,17:20:28,0,0.0,202.0,450.0,251.0,30.0,219.0,5.0,4.0,0.0,0.0,0.0,0.0
2025/12/15,17:20:33,0,0.0,197.0,452.0,251.0,29.0,219.0,6.0,4.0,0.0,0.0,0.0,0.0
2025/12/15,17:20:38,0,1.0,209.0,453.0,251.0,12.0,219.0,3.0,2.0,0.0,0.0,0.0,0.0
2025/12/15,17:20:43,0,0.0,221.0,454.0,251.0,5.0,219.0,1.0,0.0,0.0,0.0,0.0,0.0
2025/12/15,17:20:48,0,0.0,208.0,454.0,252.0,4.0,219.0,1.0,0.0,0.0,0.0,0.0,0.0
2025/12/15,17:20:53,0,0.0,200.0,453.0,252.0,28.0,218.0,5.0,4.0,0.0,0.0,0.0,0.0
2025/12/15,17:20:58,0,0.0,198.0,452.0,253.0,27.0,219.0,5.0,4.0,0.0,0.0,0.0,0.0
2025/12/15,17:21:03,0,0.0,218.0,455.0,251.0,1.0,219.0,1.0,0.0,0.0,0.0,0.0,0.0
2025/12/15,17:21:08,0,0.0,202.0,453.0,251.0,24.0,219.0,4.0,3.0,0.0,0.0,0.0,0.0
2025/12/15,17:21:13,0,0.0,196.0,453.0,251.0,27.0,219.0,6.0,4.0,0.0,0.0,0.0,0.0
2025/12/15,17:21:18,0,0.0,215.0,455.0,252.0,0.0,217.0,0.0,0.0,0.0,0.0,0.0,0.0
2025/12/15,17:21:23,0,0.0,198.0,451.0,252.0,27.0,218.0,5.0,4.0,0.0,0.0,0.0,0.0
2025/12/15,17:21:28,0,2.0,218.0,454.0,253.0,2.0,218.0,2.0,0.0,0.0,0.0,0.0,0.0
2025/12/15,17:21:33,0,0.0,200.0,453.0,252.0,30.0,219.0,5.0,5.0,0.0,0.0,0.0,0.0
2025/12/15,17:21:38,0,0.0,205.0,454.0,251.0,5.0,218.0,1.0,0.0,0.0,0.0,0.0,0.0
2025/12/15,17:21:43,0,0.0,218.0,454.0,251.0,4.0,218.0,1.0,0.0,0.0,0.0,0.0,0.0
2025/12/15,17:21:48,0,0.0,194.0,453.0,251.0,31.0,220.0,5.0,5.0,0.0,0.0,0.0,0.0
2025/12/15,17:21:53,0,0.0,198.0,451.0,251.0,28.0,217.0,5.0,4.0,0.0,0.0,0.0,0.0
2025/12/15,17:21:58,0,0.0,207.0,454.0,251.0,2.0,219.0,1.0,0.0,0.0,0.0,0.0,0.0
2025/12/15,17:22:03,0,2.0,211.0,453.0,252.0,13.0,220.0,2.0,3.0,0.0,0.0,0.0,0.0
2025/12/15,17:22:08,0,0.0,199.0,451.0,252.0,29.0,218.0,5.0,4.0,0.0,0.0,0.0,0.0
2025/12/15,17:22:13,0,0.0,211.0,455.0,252.0,0.0,219.0,0.0,0.0,0.0,0.0,0.0,0.0
2025/12/15,17:22:18,0,0.0,206.0,452.0,252.0,11.0,218.0,2.0,2.0,0.0,0.0,0.0,0.0
2025/12/15,17:22:23,0,0.0,196.0,451.0,252.0,32.0,219.0,6.0,5.0,0.0,0.0,0.0,0.0
2025/12/15,17:22:28,0,0.0,199.0,453.0,252.0,24.0,219.0,4.0,4.0,0.0,0.0,0.0,0.0
2025/12/15,17:22:33,0,0.0,212.0,453.0,251.0,1.0,219.0,0.0,0.0,0.0,0.0,0.0,0.0
2025/12/15,17:22:38,0,0.0,194.0,453.0,251.0,29.0,219.0,8.0,5.0,0.0,0.0,0.0,0.0
2025/12/15,17:22:43,0,0.0,203.0,455.0,250.0,15.0,218.0,2.0,2.0,0.0,0.0,0.0,0.0
2025/12/15,17:22:48,0,0.0,221.0,454.0,252.0,2.0,218.0,1.0,0.0,0.0,0.0,0.0,0.0
2025/12/15,17:22:53,0,0.0,200.0,453.0,252.0,26.0,219.0,6.0,4.0,0.0,0.0,0.0,0.0
2025/12/15,17:22:58,0,0.0,202.0,452.0,252.0,30.0,220.0,5.0,4.0,0.0,0.0,0.0,0.0
2025/12/15,17:23:03,0,0.0,204.0,454.0,253.0,1.0,218.0,1.0,0.0,0.0,0.0,0.0,0.0
2025/12/15,17:23:08,0,0.0,206.0,453.0,252.0,16.0,220.0,2.0,3.0,0.0,0.0,0.0,0.0
2025/12/15,17:23:13,0,0.0,204.0,453.0,252.0,22.0,220.0,3.0,3.0,0.0,0.0,0.0,0.0
2025/12/15,17:23:18,0,0.0,216.0,453.0,252.0,9.0,218.0,1.0,0.0,0.0,0.0,0.0,0.0
2025/12/15,17:23:23,0,0.0,200.0,451.0,249.0,32.0,219.0,6.0,4.0,0.0,0.0,0.0,0.0
2025/12/15,17:23:28,0,0.0,203.0,453.0,251.0,7.0,218.0,1.0,1.0,0.0,0.0,0.0,0.0
2025/12/15,17:23:33,0,0.0,218.0,453.0,252.0,6.0,220.0,1.0,0.0,0.0,0.0,0.0,0.0
2025/12/15,17:23:38,0,0.0,205.0,452.0,252.0,30.0,218.0,5.0,4.0,0.0,0.0,0.0,0.0
2025/12/15,17:23:43,0,0.0,212.0,454.0,252.0,0.0,218.0,0.0,0.0,0.0,0.0,0.0,0.0
2025/12/15,17:23:48,0,0.0,197.0,453.0,252.0,30.0,220.0,5.0,4.0,0.0,0.0,0.0,0.0
2025/12/15,17:23:53,0,0.0,211.0,451.0,251.0,0.0,220.0,0.0,0.0,0.0,0.0,0.0,0.0
2025/12/15,17:23:58,0,0.0,198.0,452.0,249.0,30.0,218.0,6.0,4.0,0.0,0.0,0.0,0.0
2025/12/15,17:24:03,0,0.0,219.0,452.0,251.0,2.0,218.0,1.0,0.0,0.0,0.0,0.0,0.0
2025/12/15,17:24:08,0,0.0,204.0,451.0,252.0,29.0,219.0,5.0,4.0,0.0,0.0,0.0,0.0
2025/12/15,17:24:13,0,0.0,220.0,451.0,251.0,3.0,220.0,1.0,0.0,0.0,0.0,0.0,0.0
2025/12/15,17:24:18,0,0.0,198.0,452.0,252.0,30.0,220.0,3.0,4.0,0.0,0.0,0.0,0.0
2025/12/15,17:24:23,0,0.0,212.0,450.0,252.0,5.0,219.0,1.0,0.0,0.0,0.0,0.0,0.0
2025/12/15,17:24:28,0,0.0,203.0,453.0,251.0,17.0,216.0,2.0,2.0,0.0,0.0,0.0,0.0
2025/12/15,17:24:33,0,0.0,195.0,449.0,251.0,28.0,218.0,6.0,5.0,0.0,0.0,0.0,0.0
2025/12/15,17:24:38,0,0.0,210.0,453.0,252.0,1.0,219.0,0.0,0.0,0.0,0.0,0.0,0.0
2025/12/15,17:24:43,0,0.0,203.0,452.0,251.0,28.0,219.0,5.0,4.0,0.0,0.0,0.0,0.0
2025/12/15,17:24:48,0,0.0,213.0,453.0,251.0,4.0,218.0,1.0,0.0,0.0,0.0,0.0,0.0
2025/12/15,17:24:53,0,0.0,204.0,453.0,252.0,14.0,220.0,1.0,1.0,0.0,0.0,0.0,0.0
2025/12/15,17:24:58,0,0.0,195.0,449.0,251.0,31.0,218.0,6.0,5.0,0.0,0.0,0.0,0.0
2025/12/15,17:25:03,0,0.0,220.0,453.0,252.0,3.0,219.0,1.0,0.0,0.0,0.0,0.0,0.0
2025/12/15,17:25:08,0,0.0,202.0,453.0,251.0,17.0,219.0,3.0,2.0,0.0,0.0,0.0,0.0
2025/12/15,17:25:13,0,0.0,200.0,452.0,250.0,30.0,218.0,6.0,4.0,0.0,0.0,0.0,0.0
2025/12/15,17:25:18,0,0.0,206.0,453.0,252.0,18.0,220.0,2.0,3.0,0.0,0.0,0.0,0.0
2025/12/15,17:25:23,0,0.0,216.0,454.0,249.0,1.0,219.0,1.0,0.0,0.0,0.0,0.0,0.0
2025/12/15,17:25:28,0,0.0,204.0,453.0,251.0,14.0,219.0,2.0,2.0,0.0,0.0,0.0,0.0
2025/12/15,17:25:33,0,0.0,195.0,452.0,251.0,29.0,219.0,6.0,5.0,0.0,0.0,0.0,0.0
2025/12/15,17:25:38,0,0.0,208.0,451.0,252.0,1.0,219.0,0.0,0.0,0.0,0.0,0.0,0.0
2025/12/15,17:25:43,0,0.0,196.0,452.0,252.0,31.0,220.0,6.0,5.0,0.0,0.0,0.0,0.0
2025/12/15,17:25:48,0,0.0,206.0,450.0,252.0,2.0,219.0,0.0,0.0,0.0,0.0,0.0,0.0
2025/12/15,17:25:53,0,0.0,197.0,449.0,252.0,31.0,218.0,5.0,5.0,0.0,0.0,0.0,0.0
2025/12/15,17:25:58,0,0.0,204.0,454.0,252.0,0.0,218.0,1.0,0.0,0.0,0.0,0.0,0.0
2025/12/15,17:26:03,0,0.0,195.0,452.0,252.0,30.0,219.0,6.0,5.0,0.0,0.0,0.0,0.0
2025/12/15,17:26:08,0,0.0,209.0,453.0,251.0,2.0,219.0,0.0,0.0,0.0,0.0,0.0,0.0
2025/12/15,17:26:13,0,0.0,201.0,452.0,252.0,31.0,220.0,6.0,4.0,0.0,0.0,0.0,0.0
2025/12/15,17:26:18,0,0.0,219.0,453.0,250.0,1.0,218.0,0.0,0.0,0.0,0.0,0.0,0.0
2025/12/15,17:26:23,0,0.0,201.0,453.0,251.0,30.0,220.0,5.0,5.0,0.0,0.0,0.0,0.0
2025/12/15,17:26:28,0,0.0,205.0,453.0,250.0,0.0,219.0,0.0,0.0,0.0,0.0,0.0,0.0
2025/12/15,17:26:33,0,0.0,212.0,453.0,251.0,8.0,220.0,2.0,1.0,0.0,0.0,0.0,0.0
2025/12/15,17:26:38,0,0.0,205.0,452.0,251.0,29.0,219.0,4.0,4.0,0.0,0.0,0.0,0.0
2025/12/15,17:26:43,0,0.0,213.0,453.0,251.0,0.0,217.0,0.0,0.0,0.0,0.0,0.0,0.0
2025/12/15,17:26:48,0,0.0,201.0,452.0,251.0,30.0,218.0,5.0,5.0,0.0,0.0,0.0,0.0
2025/12/15,17:26:53,0,0.0,218.0,454.0,251.0,1.0,220.0,0.0,0.0,0.0,0.0,0.0,0.0
2025/12/15,17:26:58,0,0.0,202.0,452.0,252.0,19.0,218.0,4.0,2.0,0.0,0.0,0.0,0.0
2025/12/15,17:27:03,0,0.0,209.0,453.0,251.0,19.0,219.0,3.0,2.0,0.0,0.0,0.0,0.0
2025/12/15,17:27:08,0,0.0,201.0,451.0,251.0,29.0,219.0,5.0,4.0,0.0,0.0,0.0,0.0
2025/12/15,17:27:13,0,0.0,214.0,453.0,251.0,0.0,218.0,0.0,0.0,0.0,0.0,0.0,0.0
2025/12/15,17:27:18,0,0.0,198.0,452.0,252.0,30.0,219.0,5.0,4.0,0.0,0.0,0.0,0.0
2025/12/15,17:27:23,0,0.0,214.0,454.0,252.0,1.0,218.0,0.0,0.0,0.0,0.0,0.0,0.0
2025/12/15,17:27:28,0,0.0,202.0,452.0,251.0,28.0,218.0,6.0,5.0,0.0,0.0,0.0,0.0
2025/12/15,17:27:33,0,0.0,211.0,452.0,250.0,8.0,217.0,2.0,1.0,0.0,0.0,0.0,0.0
2025/12/15,17:27:38,0,0.0,200.0,452.0,252.0,22.0,219.0,4.0,3.0,0.0,0.0,0.0,0.0
2025/12/15,17:27:43,0,0.0,218.0,453.0,249.0,2.0,219.0,1.0,0.0,0.0,0.0,0.0,0.0
2025/12/15,17:27:48,0,0.0,197.0,449.0,251.0,33.0,217.0,5.0,4.0,0.0,0.0,0.0,0.0
2025/12/15,17:27:53,0,0.0,213.0,454.0,252.0,1.0,219.0,0.0,0.0,0.0,0.0,0.0,0.0
2025/12/15,17:27:58,0,0.0,201.0,449.0,251.0,30.0,220.0,5.0,5.0,0.0,0.0,0.0,0.0
2025/12/15,17:28:03,0,0.0,196.0,453.0,252.0,28.0,220.0,6.0,4.0,0.0,0.0,0.0,0.0
2025/12/15,17:28:08,0,0.0,214.0,453.0,252.0,1.0,219.0,0.0,0.0,0.0,0.0,0.0,0.0
2025/12/15,17:28:13,0,0.0,203.0,452.0,251.0,29.0,219.0,5.0,4.0,0.0,0.0,0.0,0.0
2025/12/15,17:28:18,0,0.0,212.0,454.0,252.0,6.0,218.0,2.0,1.0,0.0,0.0,0.0,0.0
2025/12/15,17:28:23,0,0.0,202.0,452.0,252.0,9.0,218.0,1.0,1.0,0.0,0.0,0.0,0.0
2025/12/15,17:28:28,0,0.0,195.0,452.0,251.0,33.0,219.0,5.0,4.0,0.0,0.0,0.0,0.0
2025/12/15,17:28:33,0,0.0,220.0,453.0,250.0,2.0,219.0,1.0,0.0,0.0,0.0,0.0,0.0
2025/12/15,17:28:38,0,0.0,203.0,454.0,251.0,10.0,219.0,1.0,1.0,0.0,0.0,0.0,0.0
2025/12/15,17:28:43,0,0.0,199.0,452.0,249.0,30.0,218.0,6.0,4.0,0.0,0.0,0.0,0.0
2025/12/15,17:28:48,0,0.0,199.0,451.0,252.0,30.0,218.0,6.0,4.0,0.0,0.0,0.0,0.0
2025/12/15,17:28:53,0,0.0,205.0,453.0,251.0,18.0,220.0,4.0,3.0,0.0,0.0,0.0,0.0
2025/12/15,17:28:58,0,0.0,213.0,453.0,252.0,1.0,219.0,0.0,0.0,0.0,0.0,0.0,0.0
2025/12/15,17:29:03,0,0.0,199.0,449.0,251.0,30.0,219.0,5.0,4.0,0.0,0.0,0.0,0.0
2025/12/15,17:29:43,0,0.0,200.0,451.0,251.0,35.0,220.0,6.0,5.0,0.0,0.0,0.0,0.0
2025/12/15,17:29:47,0,0.0,196.0,451.0,251.0,28.0,220.0,5.0,4.0,0.0,0.0,0.0,0.0
2025/12/15,17:29:52,0,0.0,222.0,452.0,251.0,3.0,219.0,1.0,0.0,0.0,0.0,0.0,0.0
2025/12/15,17:29:57,0,0.0,201.0,451.0,251.0,19.0,218.0,3.0,2.0,0.0,0.0,0.0,0.0
2025/12/15,17:30:02,0,0.0,196.0,452.0,252.0,28.0,220.0,6.0,4.0,0.0,0.0,0.0,0.0
2025/12/15,17:30:07,0,0.0,221.0,452.0,251.0,3.0,220.0,1.0,0.0,0.0,0.0,0.0,0.0
2025/12/15,17:30:12,0,0.0,204.0,453.0,251.0,2.0,219.0,0.0,0.0,0.0,0.0,0.0,0.0
2025/12/15,17:30:17,0,0.0,199.0,452.0,251.0,29.0,219.0,6.0,4.0,0.0,0.0,0.0,0.0
2025/12/15,17:30:22,0,0.0,198.0,452.0,251.0,30.0,220.0,5.0,5.0,0.0,0.0,0.0,0.0
2025/12/15,17:30:27,0,0.0,219.0,452.0,251.0,1.0,219.0,1.0,0.0,0.0,0.0,0.0,0.0
2025/12/15,17:30:32,0,0.0,202.0,452.0,252.0,30.0,219.0,5.0,4.0,0.0,0.0,0.0,0.0
2025/12/15,17:30:37,0,0.0,217.0,452.0,251.0,1.0,218.0,1.0,0.0,0.0,0.0,0.0,0.0
2025/12/15,17:30:42,0,0.0,197.0,452.0,249.0,31.0,219.0,6.0,4.0,0.0,0.0,0.0,0.0
2025/12/15,17:30:47,0,0.0,203.0,452.0,251.0,15.0,220.0,1.0,2.0,0.0,0.0,0.0,0.0
2025/12/15,17:30:52,0,0.0,217.0,452.0,251.0,2.0,220.0,0.0,0.0,0.0,0.0,0.0,0.0
2025/12/15,17:30:57,0,0.0,202.0,451.0,251.0,18.0,219.0,4.0,3.0,0.0,0.0,0.0,0.0
2025/12/15,17:31:02,0,0.0,205.0,452.0,252.0,27.0,220.0,5.0,4.0,0.0,0.0,0.0,0.0
2025/12/15,17:31:07,0,0.0,207.0,452.0,251.0,2.0,219.0,0.0,0.0,0.0,0.0,0.0,0.0
2025/12/15,17:31:12,0,0.0,216.0,453.0,249.0,6.0,220.0,3.0,1.0,0.0,0.0,0.0,0.0
2025/12/15,17:31:17,0,0.0,199.0,451.0,250.0,31.0,219.0,6.0,4.0,0.0,0.0,0.0,0.0
2025/12/15,17:31:22,0,0.0,204.0,451.0,251.0,18.0,219.0,2.0,2.0,0.0,0.0,0.0,0.0
2025/12/15,17:31:27,0,0.0,217.0,454.0,252.0,0.0,220.0,0.0,0.0,0.0,0.0,0.0,0.0
2025/12/15,17:31:32,0,0.0,205.0,451.0,252.0,17.0,213.0,3.0,3.0,0.0,0.0,0.0,0.0
2025/12/15,17:31:37,0,0.0,200.0,450.0,251.0,30.0,218.0,6.0,5.0,0.0,0.0,0.0,0.0
2025/12/15,17:31:42,0,0.0,201.0,453.0,251.0,19.0,219.0,4.0,3.0,0.0,0.0,0.0,0.0
2025/12/15,17:31:47,0,0.0,210.0,454.0,252.0,1.0,218.0,0.0,0.0,0.0,0.0,0.0,0.0
2025/12/15,17:31:52,0,0.0,222.0,454.0,252.0,2.0,219.0,1.0,0.0,0.0,0.0,0.0,0.0
2025/12/15,17:31:57,0,0.0,201.0,452.0,251.0,24.0,219.0,3.0,3.0,0.0,0.0,0.0,0.0
2025/12/15,17:32:02,0,0.0,201.0,449.0,251.0,31.0,218.0,5.0,5.0,0.0,0.0,0.0,0.0
2025/12/15,17:32:07,0,0.0,202.0,452.0,252.0,24.0,220.0,4.0,4.0,0.0,0.0,0.0,0.0
2025/12/15,17:32:12,0,0.0,207.0,454.0,251.0,1.0,219.0,0.0,0.0,0.0,0.0,0.0,0.0
2025/12/15,17:32:17,0,0.0,222.0,452.0,251.0,3.0,220.0,1.0,0.0,0.0,0.0,0.0,0.0
2025/12/15,17:32:22,0,0.0,208.0,452.0,252.0,12.0,219.0,2.0,2.0,0.0,0.0,0.0,0.0
2025/12/15,17:32:27,0,0.0,197.0,449.0,251.0,30.0,220.0,5.0,4.0,0.0,0.0,0.0,0.0
2025/12/15,17:32:32,0,0.0,205.0,451.0,250.0,29.0,219.0,5.0,4.0,0.0,0.0,0.0,0.0
2025/12/15,17:32:37,0,0.0,205.0,452.0,251.0,15.0,219.0,2.0,2.0,0.0,0.0,0.0,0.0
2025/12/15,17:32:42,0,0.0,211.0,452.0,251.0,0.0,220.0,0.0,0.0,0.0,0.0,0.0,0.0
2025/12/15,17:32:47,0,0.0,210.0,453.0,251.0,10.0,220.0,1.0,2.0,0.0,0.0,0.0,0.0
2025/12/15,17:32:52,0,0.0,203.0,449.0,251.0,31.0,218.0,5.0,4.0,0.0,0.0,0.0,0.0
2025/12/15,17:32:57,0,0.0,204.0,453.0,251.0,5.0,221.0,0.0,1.0,0.0,0.0,0.0,0.0
2025/12/15,17:33:02,0,0.0,215.0,453.0,251.0,2.0,220.0,1.0,1.0,0.0,0.0,0.0,0.0
2025/12/15,17:33:07,0,0.0,204.0,451.0,251.0,31.0,218.0,5.0,4.0,0.0,0.0,0.0,0.0
2025/12/15,17:33:12,0,0.0,214.0,452.0,250.0,1.0,218.0,1.0,0.0,0.0,0.0,0.0,0.0
2025/12/15,17:33:17,0,0.0,199.0,449.0,251.0,32.0,218.0,6.0,4.0,0.0,0.0,0.0,0.0
2025/12/15,17:33:22,0,0.0,216.0,454.0,251.0,1.0,220.0,0.0,0.0,0.0,0.0,0.0,0.0
2025/12/15,17:33:27,0,0.0,203.0,451.0,251.0,30.0,219.0,6.0,4.0,0.0,0.0,0.0,0.0
2025/12/15,17:33:32,0,0.0,217.0,453.0,252.0,2.0,220.0,0.0,0.0,0.0,0.0,0.0,0.0
2025/12/15,17:33:37,0,0.0,203.0,452.0,251.0,29.0,220.0,5.0,4.0,0.0,0.0,0.0,0.0
2025/12/15,17:33:42,0,0.0,217.0,452.0,251.0,4.0,219.0,1.0,1.0,0.0,0.0,0.0,0.0
2025/12/15,17:33:47,0,0.0,207.0,453.0,251.0,3.0,219.0,0.0,0.0,0.0,0.0,0.0,0.0
2025/12/15,17:33:52,0,0.0,202.0,451.0,250.0,23.0,219.0,4.0,4.0,0.0,0.0,0.0,0.0
2025/12/15,17:33:57,0,0.0,202.0,452.0,251.0,30.0,220.0,5.0,5.0,0.0,0.0,0.0,0.0
2025/12/15,17:34:02,0,0.0,199.0,451.0,250.0,24.0,217.0,6.0,4.0,0.0,0.0,0.0,0.0
2025/12/15,17:34:07,0,0.0,215.0,453.0,252.0,3.0,218.0,1.0,0.0,0.0,0.0,0.0,0.0
2025/12/15,17:34:12,0,0.0,214.0,452.0,252.0,1.0,219.0,0.0,0.0,0.0,0.0,0.0,0.0
2025/12/15,17:34:17,0,0.0,202.0,452.0,249.0,4.0,219.0,1.0,0.0,0.0,0.0,0.0,0.0
2025/12/15,17:34:22,0,0.0,200.0,450.0,252.0,23.0,218.0,3.0,3.0,0.0,0.0,0.0,0.0
2025/12/15,17:34:27,0,0.0,201.0,451.0,250.0,28.0,219.0,5.0,4.0,0.0,0.0,0.0,0.0
2025/12/15,17:34:32,0,0.0,197.0,451.0,250.0,30.0,219.0,6.0,5.0,0.0,0.0,0.0,0.0
2025/12/15,17:34:37,0,0.0,203.0,451.0,251.0,22.0,220.0,4.0,3.0,0.0,0.0,0.0,0.0
2025/12/15,17:34:42,0,0.0,211.0,451.0,251.0,5.0,220.0,1.0,1.0,0.0,0.0,0.0,0.0
2025/12/15,17:34:47,0,0.0,219.0,452.0,252.0,2.0,218.0,0.0,0.0,0.0,0.0,0.0,0.0
2025/12/15,17:34:52,0,0.0,222.0,453.0,251.0,3.0,219.0,1.0,0.0,0.0,0.0,0.0,0.0
2025/12/15,17:34:57,0,0.0,218.0,452.0,251.0,4.0,219.0,0.0,0.0,0.0,0.0,0.0,0.0
2025/12/15,17:35:02,0,0.0,222.0,452.0,252.0,2.0,219.0,1.0,0.0,0.0,0.0,0.0,0.0
2025/12/15,17:35:07,0,0.0,206.0,450.0,252.0,14.0,218.0,2.0,2.0,0.0,0.0,0.0,0.0
2025/12/15,17:35:12,0,0.0,205.0,452.0,251.0,29.0,219.0,5.0,4.0,0.0,0.0,0.0,0.0
2025/12/15,17:35:17,0,0.0,213.0,453.0,251.0,0.0,219.0,0.0,0.0,0.0,0.0,0.0,0.0
2025/12/15,17:35:22,0,0.0,196.0,452.0,251.0,27.0,220.0,6.0,5.0,0.0,0.0,0.0,0.0
2025/12/15,17:35:27,0,0.0,198.0,452.0,250.0,27.0,220.0,5.0,4.0,0.0,0.0,0.0,0.0
2025/12/15,17:35:32,0,0.0,209.0,453.0,251.0,1.0,220.0,0.0,0.0,0.0,0.0,0.0,0.0
2025/12/15,17:35:37,0,0.0,213.0,451.0,251.0,5.0,221.0,1.0,2.0,0.0,0.0,0.0,0.0
2025/12/15,17:35:42,0,0.0,201.0,451.0,251.0,32.0,220.0,5.0,5.0,0.0,0.0,0.0,0.0
2025/12/15,17:35:47,0,0.0,202.0,453.0,251.0,9.0,220.0,1.0,1.0,0.0,0.0,0.0,0.0
2025/12/15,17:35:52,0,0.0,220.0,453.0,252.0,3.0,219.0,1.0,0.0,0.0,0.0,0.0,0.0
2025/12/15,17:35:57,0,0.0,212.0,452.0,252.0,13.0,220.0,1.0,1.0,0.0,0.0,0.0,0.0
2025/12/15,17:36:02,0,0.0,196.0,452.0,251.0,28.0,220.0,6.0,5.0,0.0,0.0,0.0,0.0
2025/12/15,17:36:07,0,0.0,196.0,450.0,251.0,31.0,218.0,6.0,5.0,0.0,0.0,0.0,0.0
2025/12/15,17:36:12,0,0.0,197.0,451.0,249.0,30.0,218.0,6.0,4.0,0.0,0.0,0.0,0.0
2025/12/15,17:36:17,0,0.0,196.0,452.0,251.0,29.0,220.0,5.0,5.0,0.0,0.0,0.0,0.0
2025/12/15,17:36:22,0,0.0,202.0,448.0,251.0,30.0,219.0,6.0,5.0,0.0,0.0,0.0,0.0
2025/12/15,17:36:27,0,0.0,203.0,450.0,252.0,29.0,220.0,5.0,4.0,0.0,0.0,0.0,0.0
2025/12/15,17:36:32,0,0.0,200.0,449.0,251.0,26.0,219.0,5.0,4.0,0.0,0.0,0.0,0.0
2025/12/15,17:36:37,0,0.0,204.0,453.0,251.0,16.0,219.0,3.0,2.0,0.0,0.0,0.0,0.0
2025/12/15,17:36:42,0,0.0,204.0,452.0,251.0,1.0,221.0,0.0,0.0,0.0,0.0,0.0,0.0
2025/12/15,17:36:47,0,0.0,216.0,452.0,252.0,0.0,220.0,0.0,0.0,0.0,0.0,0.0,0.0
2025/12/15,17:36:52,0,0.0,214.0,452.0,249.0,5.0,219.0,1.0,0.0,0.0,0.0,0.0,0.0
2025/12/15,17:36:57,0,0.0,194.0,452.0,252.0,32.0,220.0,6.0,5.0,0.0,0.0,0.0,0.0
2025/12/15,17:37:02,0,0.0,200.0,451.0,252.0,24.0,220.0,3.0,3.0,0.0,0.0,0.0,0.0
2025/12/15,17:37:07,0,0.0,219.0,453.0,252.0,6.0,219.0,1.0,0.0,0.0,0.0,0.0,0.0
2025/12/15,17:37:12,0,0.0,205.0,451.0,251.0,30.0,220.0,4.0,4.0,0.0,0.0,0.0,0.0
2025/12/15,17:37:17,0,0.0,221.0,453.0,251.0,2.0,219.0,1.0,0.0,0.0,0.0,0.0,0.0
2025/12/15,17:37:22,0,0.0,198.0,452.0,252.0,31.0,221.0,5.0,4.0,-0.0008,0.0,0.0,0.0
2025/12/15,17:37:27,0,0.0,202.0,451.0,251.0,21.0,219.0,3.0,3.0,0.0,0.0,0.0,0.0
2025/12/15,17:37:32,0,0.0,206.0,453.0,250.0,4.0,219.0,0.0,0.0,0.0,0.0,0.0,0.0
2025/12/15,17:37:37,0,0.0,207.0,453.0,251.0,1.0,220.0,0.0,0.0,0.0,0.0,0.0,0.0
2025/12/15,17:37:42,0,0.0,206.0,453.0,251.0,1.0,219.0,0.0,0.0,0.0,0.0,0.0,0.0
2025/12/15,17:37:47,0,0.0,205.0,453.0,250.0,3.0,219.0,1.0,0.0,0.0,0.0,0.0,0.0
2025/12/15,17:37:52,0,0.0,201.0,451.0,251.0,25.0,220.0,4.0,3.0,0.0,0.0,0.0,0.0
2025/12/15,17:37:57,0,0.0,204.0,451.0,249.0,29.0,219.0,6.0,4.0,-0.0008,0.0,0.0,0.0
2025/12/15,17:38:02,0,0.0,202.0,451.0,252.0,28.0,219.0,6.0,4.0,0.0,0.0,0.0,0.0
2025/12/15,17:38:07,0,0.0,201.0,452.0,252.0,19.0,220.0,3.0,3.0,0.0,0.0,0.0,0.0
2025/12/15,17:38:12,0,0.0,218.0,452.0,251.0,3.0,221.0,1.0,0.0,0.0,0.0,0.0,0.0
2025/12/15,17:38:17,0,0.0,200.0,452.0,249.0,30.0,220.0,6.0,4.0,0.0,0.0,0.0,0.0
2025/12/15,17:38:22,0,0.0,219.0,453.0,251.0,1.0,219.0,0.0,0.0,0.0,0.0,0.0,0.0
2025/12/15,17:38:27,0,0.0,203.0,452.0,252.0,31.0,220.0,5.0,4.0,0.0,0.0,0.0,0.0
2025/12/15,17:38:32,0,0.0,215.0,453.0,251.0,1.0,219.0,1.0,0.0,0.0,0.0,0.0,0.0
2025/12/15,17:38:37,0,0.0,194.0,451.0,251.0,30.0,220.0,5.0,4.0,0.0,0.0,0.0,0.0
2025/12/15,17:38:42,0,0.0,199.0,452.0,251.0,25.0,220.0,4.0,4.0,0.0,0.0,0.0,0.0
2025/12/15,17:38:47,0,0.0,208.0,453.0,251.0,0.0,219.0,0.0,0.0,0.0,0.0,0.0,0.0
2025/12/15,17:38:52,0,0.0,221.0,452.0,251.0,3.0,220.0,1.0,0.0,0.0,0.0,0.0,0.0
2025/12/15,17:38:57,0,0.0,203.0,451.0,252.0,21.0,219.0,4.0,3.0,0.0,0.0,0.0,0.0
2025/12/15,17:39:02,0,0.0,206.0,451.0,251.0,28.0,219.0,5.0,4.0,0.0,0.0,0.0,0.0
2025/12/15,17:39:07,0,0.0,208.0,453.0,251.0,1.0,220.0,0.0,0.0,0.0,0.0,0.0,0.0
2025/12/15,17:39:12,0,0.0,210.0,452.0,251.0,11.0,218.0,2.0,2.0,0.0,0.0,0.0,0.0
2025/12/15,17:40:42,0,1.0,208.0,451.0,251.0,38.0,218.0,8.0,6.0,0.0,0.0,0.0,0.0
2025/12/15,17:40:47,0,0.0,194.0,451.0,251.0,30.0,220.0,6.0,5.0,0.0,0.0,0.0,0.0
2025/12/15,17:40:52,0,0.0,203.0,452.0,250.0,6.0,218.0,1.0,1.0,0.0,0.0,0.0,0.0
2025/12/15,17:40:57,0,0.0,205.0,451.0,250.0,18.0,219.0,4.0,2.0,0.0,0.0,0.0,0.0
2025/12/15,17:41:02,0,0.0,202.0,450.0,251.0,24.0,220.0,3.0,3.0,0.0,0.0,0.0,0.0
2025/12/15,17:41:07,0,0.0,218.0,452.0,252.0,2.0,219.0,1.0,0.0,0.0,0.0,0.0,0.0
2025/12/15,17:41:12,0,0.0,199.0,451.0,251.0,29.0,218.0,5.0,4.0,0.0,0.0,0.0,0.0
2025/12/15,17:41:17,0,0.0,215.0,451.0,251.0,0.0,220.0,0.0,1.0,0.0,0.0,0.0,0.0
2025/12/15,17:41:22,0,0.0,199.0,451.0,251.0,26.0,218.0,4.0,4.0,-0.0008,0.0,0.0,0.0
2025/12/15,17:41:27,0,0.0,221.0,452.0,250.0,4.0,219.0,1.0,1.0,0.0,0.0,0.0,0.0
2025/12/15,17:41:32,0,0.0,201.0,451.0,251.0,32.0,220.0,6.0,4.0,0.0,0.0,0.0,0.0
2025/12/15,17:41:37,0,0.0,210.0,452.0,251.0,1.0,219.0,0.0,0.0,0.0,0.0,0.0,0.0
2025/12/15,17:41:42,0,0.0,198.0,448.0,251.0,31.0,219.0,6.0,5.0,0.0,0.0,0.0,0.0
2025/12/15,17:41:47,0,0.0,220.0,452.0,251.0,2.0,220.0,0.0,0.0,0.0,0.0,0.0,0.0
2025/12/15,17:41:52,0,0.0,204.0,453.0,251.0,29.0,218.0,6.0,4.0,0.0,0.0,0.0,0.0
2025/12/15,17:41:57,0,0.0,212.0,451.0,251.0,1.0,219.0,1.0,0.0,0.0,0.0,0.0,0.0
2025/12/15,17:42:02,0,0.0,194.0,451.0,250.0,31.0,219.0,5.0,5.0,0.0,0.0,0.0,0.0
2025/12/15,17:42:07,0,0.0,202.0,452.0,251.0,23.0,219.0,3.0,3.0,0.0,0.0,0.0,0.0
2025/12/15,17:42:12,0,0.0,217.0,453.0,251.0,1.0,218.0,1.0,0.0,0.0,0.0,0.0,0.0
2025/12/15,17:42:17,0,0.0,199.0,451.0,251.0,32.0,218.0,5.0,4.0,0.0,0.0,0.0,0.0
2025/12/15,17:42:22,0,0.0,202.0,452.0,251.0,6.0,220.0,0.0,1.0,0.0,0.0,0.0,0.0
2025/12/15,17:42:27,0,0.0,206.0,452.0,251.0,14.0,220.0,3.0,3.0,0.0,0.0,0.0,0.0
2025/12/15,17:42:32,0,0.0,205.0,451.0,251.0,14.0,219.0,3.0,2.0,0.0,0.0,0.0,0.0
2025/12/15,17:42:37,0,0.0,203.0,451.0,250.0,18.0,218.0,4.0,2.0,0.0,0.0,0.0,0.0
2025/12/15,17:42:42,0,0.0,203.0,452.0,251.0,3.0,220.0,0.0,0.0,0.0,0.0,0.0,0.0
2025/12/15,17:42:47,0,0.0,198.0,451.0,251.0,31.0,220.0,6.0,4.0,0.0,0.0,0.0,0.0
2025/12/15,17:42:52,0,0.0,218.0,452.0,251.0,3.0,220.0,1.0,0.0,0.0,0.0,0.0,0.0
2025/12/15,17:42:57,0,0.0,203.0,451.0,251.0,14.0,220.0,2.0,2.0,0.0,0.0,0.0,0.0
2025/12/15,17:43:02,0,0.0,195.0,451.0,251.0,30.0,219.0,6.0,5.0,0.0,0.0,0.0,0.0
2025/12/15,17:43:07,0,0.0,212.0,452.0,251.0,2.0,219.0,1.0,0.0,0.0,0.0,0.0,0.0
2025/12/15,17:43:12,0,0.0,196.0,451.0,251.0,32.0,220.0,5.0,4.0,0.0,0.0,0.0,0.0
2025/12/15,17:43:17,0,0.0,206.0,451.0,251.0,1.0,220.0,0.0,0.0,0.0,0.0,0.0,0.0
2025/12/15,17:43:22,0,0.0,194.0,450.0,251.0,29.0,219.0,7.0,4.0,0.0,0.0,0.0,0.0
2025/12/15,17:43:27,0,0.0,204.0,451.0,251.0,5.0,219.0,1.0,0.0,0.0,0.0,0.0,0.0
2025/12/15,17:43:32,0,0.0,195.0,450.0,249.0,30.0,219.0,5.0,4.0,0.0,0.0,0.0,0.0
2025/12/15,17:43:37,0,0.0,217.0,452.0,249.0,1.0,219.0,1.0,0.0,0.0,0.0,0.0,0.0
2025/12/15,17:43:42,0,0.0,203.0,451.0,251.0,15.0,220.0,1.0,2.0,0.0,0.0,0.0,0.0
2025/12/15,17:43:47,0,0.0,202.0,448.0,251.0,32.0,220.0,5.0,5.0,0.0,0.0,0.0,0.0
2025/12/15,17:43:52,0,0.0,215.0,451.0,251.0,3.0,220.0,1.0,0.0,0.0,0.0,0.0,-0.0008
2025/12/15,17:43:57,0,0.0,200.0,452.0,251.0,21.0,220.0,2.0,3.0,0.0,0.0,0.0,0.0
2025/12/15,17:44:02,0,1.0,202.0,450.0,251.0,19.0,220.0,4.0,3.0,0.0,0.0,0.0,0.0
2025/12/15,17:44:07,0,0.0,207.0,452.0,250.0,3.0,219.0,0.0,0.0,0.0,0.0,0.0,0.0
2025/12/15,17:44:12,0,0.0,204.0,451.0,251.0,30.0,219.0,5.0,4.0,0.0,0.0,0.0,0.0
2025/12/15,17:44:17,0,0.0,201.0,452.0,252.0,23.0,220.0,5.0,3.0,0.0,0.0,0.0,0.0
2025/12/15,17:44:22,0,0.0,217.0,452.0,250.0,2.0,218.0,0.0,0.0,0.0,0.0,0.0,0.0
2025/12/15,17:44:27,0,0.0,204.0,452.0,251.0,15.0,220.0,4.0,3.0,0.0,0.0,0.0,0.0
2025/12/15,17:44:32,0,0.0,201.0,449.0,250.0,32.0,220.0,5.0,5.0,0.0,0.0,0.0,0.0
2025/12/15,17:44:37,0,0.0,209.0,452.0,250.0,11.0,219.0,3.0,2.0,0.0,0.0,0.0,0.0
2025/12/15,17:44:42,0,0.0,215.0,452.0,251.0,1.0,219.0,1.0,0.0,0.0,0.0,0.0,0.0
2025/12/15,17:44:47,0,0.0,202.0,452.0,251.0,22.0,219.0,3.0,3.0,0.0,0.0,0.0,0.0
2025/12/15,17:44:52,0,0.0,197.0,451.0,251.0,32.0,220.0,5.0,4.0,0.0,0.0,0.0,0.0
2025/12/15,17:44:57,0,0.0,210.0,451.0,250.0,9.0,218.0,1.0,2.0,0.0,0.0,0.0,0.0
2025/12/15,17:45:02,0,0.0,209.0,452.0,251.0,4.0,219.0,0.0,0.0,0.0,0.0,0.0,0.0
2025/12/15,17:45:07,0,0.0,200.0,450.0,250.0,31.0,219.0,6.0,4.0,0.0,0.0,0.0,0.0
2025/12/15,17:45:12,0,0.0,218.0,451.0,252.0,2.0,219.0,1.0,0.0,0.0,0.0,0.0,0.0
2025/12/15,17:45:17,0,0.0,200.0,452.0,251.0,32.0,219.0,5.0,4.0,0.0,0.0,0.0,0.0
2025/12/15,17:45:22,0,0.0,204.0,452.0,251.0,2.0,220.0,0.0,0.0,0.0,0.0,0.0,0.0
2025/12/15,17:45:27,0,0.0,213.0,451.0,250.0,7.0,218.0,2.0,1.0,0.0,0.0,0.0,0.0
2025/12/15,17:45:32,0,0.0,200.0,450.0,251.0,32.0,219.0,6.0,4.0,0.0,0.0,0.0,0.0
2025/12/15,17:45:37,0,0.0,208.0,453.0,251.0,1.0,219.0,1.0,0.0,0.0,0.0,0.0,0.0
2025/12/15,17:45:42,0,0.0,197.0,451.0,250.0,32.0,220.0,4.0,4.0,0.0,0.0,0.0,0.0
2025/12/15,17:45:47,0,0.0,216.0,452.0,251.0,0.0,220.0,0.0,0.0,0.0,0.0,0.0,0.0
2025/12/15,17:45:52,0,0.0,204.0,450.0,250.0,29.0,219.0,5.0,4.0,0.0,0.0,0.0,0.0
2025/12/15,17:45:57,0,0.0,215.0,451.0,251.0,1.0,220.0,0.0,0.0,0.0,0.0,0.0,0.0
2025/12/15,17:46:02,0,0.0,196.0,450.0,251.0,30.0,220.0,5.0,4.0,0.0,0.0,0.0,0.0
2025/12/15,17:46:07,0,0.0,201.0,451.0,250.0,29.0,219.0,6.0,4.0,0.0,0.0,0.0,0.0
2025/12/15,17:46:12,0,0.0,215.0,452.0,250.0,1.0,218.0,0.0,0.0,0.0,0.0,0.0,0.0
2025/12/15,17:46:17,0,0.0,201.0,451.0,251.0,24.0,220.0,3.0,4.0,0.0,0.0,0.0,0.0
2025/12/15,17:46:22,0,0.0,202.0,450.0,251.0,30.0,220.0,6.0,4.0,0.0,0.0,0.0,0.0
2025/12/15,17:46:27,0,0.0,194.0,451.0,251.0,30.0,220.0,5.0,4.0,0.0,0.0,0.0,0.0
2025/12/15,17:46:32,0,0.0,223.0,451.0,251.0,3.0,220.0,1.0,0.0,0.0,0.0,0.0,0.0
2025/12/15,17:46:37,0,0.0,202.0,452.0,251.0,21.0,220.0,3.0,3.0,0.0,0.0,0.0,0.0
2025/12/15,17:46:42,0,0.0,195.0,450.0,250.0,29.0,219.0,7.0,4.0,0.0,0.0,0.0,0.0
2025/12/15,17:46:47,0,0.0,221.0,452.0,251.0,2.0,219.0,1.0,0.0,0.0,0.0,0.0,0.0
2025/12/15,17:46:52,0,0.0,205.0,451.0,250.0,10.0,219.0,1.0,1.0,0.0,0.0,0.0,0.0
2025/12/15,17:46:57,0,0.0,201.0,450.0,251.0,30.0,219.0,5.0,4.0,0.0,0.0,0.0,0.0
2025/12/15,17:47:02,0,0.0,204.0,451.0,251.0,17.0,219.0,4.0,3.0,0.0,0.0,0.0,0.0
2025/12/15,17:47:07,0,0.0,213.0,449.0,251.0,1.0,220.0,0.0,0.0,0.0,0.0,0.0,-0.0008
2025/12/15,17:47:12,0,0.0,197.0,448.0,251.0,26.0,219.0,5.0,4.0,0.0,0.0,0.0,0.0
2025/12/15,17:47:17,0,0.0,194.0,450.0,250.0,29.0,219.0,7.0,4.0,0.0,0.0,0.0,0.0
2025/12/15,17:47:22,0,0.0,215.0,452.0,250.0,6.0,218.0,1.0,1.0,0.0,0.0,0.0,0.0
2025/12/15,17:47:27,0,0.0,212.0,451.0,251.0,2.0,221.0,0.0,0.0,0.0,0.0,0.0,0.0
2025/12/15,17:47:32,0,0.0,203.0,448.0,251.0,21.0,220.0,3.0,3.0,0.0,0.0,0.0,0.0
2025/12/15,17:47:37,0,0.0,195.0,450.0,251.0,29.0,219.0,6.0,5.0,0.0,0.0,0.0,0.0
2025/12/15,17:47:42,0,0.0,218.0,452.0,251.0,0.0,220.0,0.0,0.0,0.0,0.0,0.0,0.0
2025/12/15,17:47:47,0,0.0,198.0,448.0,251.0,26.0,219.0,5.0,4.0,0.0,0.0,0.0,0.0
2025/12/15,17:47:52,0,0.0,197.0,450.0,250.0,27.0,219.0,5.0,5.0,0.0,0.0,0.0,0.0
2025/12/15,17:47:57,0,0.0,217.0,450.0,251.0,3.0,220.0,1.0,0.0,0.0,0.0,0.0,0.0
2025/12/15,17:48:02,0,0.0,203.0,450.0,251.0,11.0,221.0,1.0,0.0,0.0,0.0,0.0,0.0
2025/12/15,17:48:07,0,0.0,206.0,451.0,251.0,29.0,221.0,5.0,4.0,0.0,0.0,0.0,0.0
2025/12/15,17:48:12,0,0.0,194.0,451.0,250.0,27.0,219.0,6.0,5.0,0.0,0.0,0.0,0.0
2025/12/15,17:48:17,0,0.0,220.0,452.0,251.0,4.0,220.0,1.0,0.0,0.0,0.0,0.0,0.0
2025/12/15,17:48:22,0,0.0,202.0,452.0,252.0,11.0,220.0,0.0,1.0,0.0,0.0,0.0,0.0
2025/12/15,17:48:27,0,0.0,200.0,451.0,250.0,31.0,219.0,6.0,4.0,0.0,0.0,0.0,0.0
2025/12/15,17:48:32,0,0.0,213.0,450.0,250.0,5.0,219.0,3.0,0.0,0.0,0.0,0.0,0.0
2025/12/15,17:48:37,0,0.0,206.0,451.0,251.0,2.0,220.0,0.0,0.0,0.0,0.0,0.0,-0.0008
2025/12/15,17:48:42,0,0.0,202.0,449.0,251.0,29.0,219.0,6.0,4.0,0.0,0.0,0.0,0.0
2025/12/15,17:48:47,0,0.0,197.0,450.0,252.0,31.0,219.0,6.0,4.0,0.0,0.0,0.0,0.0
2025/12/15,17:48:52,0,0.0,194.0,450.0,252.0,27.0,220.0,5.0,5.0,0.0,0.0,0.0,0.0
2025/12/15,17:48:57,0,0.0,214.0,450.0,251.0,5.0,221.0,1.0,1.0,0.0,0.0,0.0,0.0
2025/12/15,17:49:02,0,0.0,208.0,450.0,251.0,3.0,220.0,0.0,0.0,0.0,0.0,0.0,0.0
2025/12/15,17:49:07,0,0.0,201.0,448.0,251.0,29.0,220.0,5.0,5.0,0.0,0.0,0.0,0.0
2025/12/15,17:49:12,0,0.0,197.0,449.0,251.0,30.0,220.0,5.0,4.0,0.0,0.0,0.0,0.0
2025/12/15,17:49:17,0,0.0,211.0,448.0,251.0,11.0,221.0,1.0,1.0,0.0,0.0,0.0,0.0
2025/12/15,17:49:22,0,0.0,212.0,449.0,251.0,3.0,218.0,0.0,0.0,0.0,0.0,0.0,0.0
2025/12/15,17:50:01,0,0.0,205.0,447.0,251.0,34.0,219.0,6.0,5.0,0.0,0.0,0.0,0.0
2025/12/15,17:50:06,0,0.0,197.0,448.0,251.0,29.0,220.0,5.0,5.0,0.0,0.0,0.0,0.0
2025/12/15,17:50:11,0,0.0,214.0,448.0,251.0,6.0,220.0,2.0,1.0,0.0,0.0,0.0,0.0
2025/12/15,17:50:16,0,0.0,206.0,448.0,251.0,2.0,220.0,0.0,0.0,0.0,0.0,0.0,0.0
2025/12/15,17:50:21,0,0.0,202.0,446.0,251.0,22.0,219.0,4.0,3.0,0.0,0.0,0.0,0.0
2025/12/15,17:50:26,0,0.0,203.0,448.0,251.0,28.0,219.0,5.0,4.0,0.0,0.0,0.0,0.0
2025/12/15,17:50:31,0,0.0,197.0,448.0,251.0,29.0,220.0,6.0,4.0,0.0,0.0,0.0,0.0
2025/12/15,17:50:36,0,0.0,195.0,444.0,251.0,29.0,218.0,6.0,5.0,0.0,0.0,0.0,0.0
2025/12/15,17:50:41,0,0.0,207.0,447.0,251.0,13.0,219.0,4.0,2.0,0.0,0.0,0.0,0.0
2025/12/15,17:50:46,0,0.0,223.0,449.0,251.0,3.0,220.0,1.0,1.0,0.0,0.0,0.0,0.0
2025/12/15,17:50:51,0,0.0,202.0,448.0,250.0,4.0,220.0,0.0,0.0,0.0,0.0,0.0,0.0
2025/12/15,17:50:56,0,0.0,199.0,447.0,249.0,31.0,219.0,6.0,4.0,0.0,0.0,0.0,0.0
2025/12/15,17:51:01,0,0.0,214.0,449.0,251.0,4.0,219.0,1.0,0.0,0.0,0.0,0.0,0.0
2025/12/15,17:51:06,0,0.0,209.0,449.0,250.0,2.0,218.0,0.0,0.0,0.0,0.0,0.0,0.0
2025/12/15,17:51:11,0,0.0,203.0,449.0,251.0,18.0,220.0,2.0,3.0,0.0,0.0,0.0,0.0
2025/12/15,17:51:16,0,0.0,198.0,447.0,249.0,31.0,218.0,6.0,4.0,0.0,0.0,0.0,0.0
2025/12/15,17:51:21,0,0.0,212.0,448.0,251.0,7.0,220.0,1.0,1.0,0.0,0.0,0.0,0.0
2025/12/15,17:51:26,0,0.0,205.0,449.0,249.0,2.0,219.0,0.0,0.0,0.0,0.0,0.0,0.0
2025/12/15,17:51:31,0,0.0,201.0,448.0,249.0,30.0,218.0,6.0,4.0,0.0,0.0,0.0,0.0
2025/12/15,17:51:36,0,0.0,213.0,448.0,252.0,6.0,218.0,2.0,1.0,0.0,0.0,0.0,0.0
2025/12/15,17:51:41,0,0.0,209.0,450.0,251.0,2.0,220.0,0.0,0.0,0.0,0.0,0.0,0.0
2025/12/15,17:51:46,0,0.0,202.0,449.0,250.0,22.0,219.0,4.0,2.0,0.0,0.0,0.0,0.0
2025/12/15,17:51:51,0,0.0,201.0,449.0,251.0,30.0,219.0,5.0,5.0,0.0,0.0,0.0,0.0
2025/12/15,17:51:56,0,0.0,210.0,450.0,251.0,11.0,219.0,2.0,2.0,0.0,0.0,0.0,0.0
2025/12/15,17:52:01,0,0.0,203.0,450.0,251.0,8.0,220.0,1.0,1.0,0.0,0.0,0.0,0.0
2025/12/15,17:52:06,0,0.0,195.0,446.0,251.0,30.0,218.0,5.0,4.0,0.0,0.0,0.0,0.0
2025/12/15,17:52:11,0,0.0,207.0,450.0,251.0,1.0,220.0,0.0,0.0,0.0,0.0,0.0,0.0
2025/12/15,17:52:16,0,0.0,200.0,446.0,251.0,31.0,218.0,6.0,5.0,0.0,0.0,0.0,0.0
2025/12/15,17:52:21,0,0.0,216.0,450.0,251.0,1.0,220.0,0.0,0.0,0.0,0.0,0.0,0.0
2025/12/15,17:52:26,0,0.0,202.0,449.0,249.0,28.0,219.0,5.0,4.0,0.0,0.0,0.0,0.0
2025/12/15,17:52:31,0,0.0,219.0,450.0,251.0,4.0,220.0,1.0,0.0,0.0,0.0,0.0,0.0
2025/12/15,17:52:36,0,0.0,196.0,448.0,251.0,32.0,219.0,5.0,4.0,0.0,0.0,0.0,0.0
2025/12/15,17:52:41,0,0.0,204.0,450.0,251.0,19.0,220.0,3.0,2.0,0.0,0.0,0.0,0.0
2025/12/15,17:52:46,0,0.0,211.0,451.0,251.0,2.0,219.0,0.0,0.0,0.0,0.0,0.0,0.0
2025/12/15,17:52:51,0,0.0,200.0,450.0,250.0,22.0,220.0,3.0,4.0,0.0,0.0,0.0,0.0
2025/12/15,17:52:56,0,0.0,196.0,449.0,251.0,30.0,219.0,6.0,5.0,0.0,0.0,0.0,0.0
2025/12/15,17:53:01,0,0.0,212.0,451.0,251.0,4.0,220.0,1.0,1.0,0.0,0.0,0.0,0.0
2025/12/15,17:53:06,0,0.0,204.0,452.0,251.0,4.0,220.0,0.0,0.0,0.0,0.0,0.0,0.0
2025/12/15,17:53:11,0,0.0,196.0,450.0,251.0,31.0,220.0,6.0,5.0,0.0,0.0,0.0,0.0
2025/12/15,17:53:16,0,0.0,198.0,447.0,250.0,29.0,219.0,6.0,4.0,0.0,0.0,0.0,0.0
2025/12/15,17:53:21,0,0.0,205.0,452.0,251.0,1.0,218.0,0.0,0.0,0.0,0.0,0.0,0.0
2025/12/15,17:53:26,0,0.0,214.0,451.0,249.0,6.0,218.0,1.0,0.0,0.0,0.0,0.0,0.0
2025/12/15,17:53:31,0,0.0,198.0,449.0,250.0,32.0,219.0,5.0,4.0,0.0,0.0,0.0,0.0
2025/12/15,17:53:36,0,0.0,210.0,450.0,249.0,0.0,220.0,0.0,0.0,0.0,0.0,0.0,0.0
2025/12/15,17:53:41,0,0.0,193.0,449.0,250.0,31.0,219.0,6.0,5.0,0.0,0.0,0.0,0.0
2025/12/15,17:53:46,0,0.0,203.0,451.0,252.0,7.0,219.0,1.0,0.0,0.0,0.0,0.0,0.0
2025/12/15,17:53:51,0,0.0,205.0,450.0,251.0,21.0,220.0,3.0,3.0,0.0,0.0,0.0,0.0
2025/12/15,17:53:56,0,0.0,198.0,450.0,251.0,28.0,221.0,5.0,4.0,0.0,0.0,0.0,0.0
2025/12/15,17:54:01,0,0.0,217.0,451.0,250.0,1.0,219.0,1.0,0.0,0.0,0.0,0.0,0.0
2025/12/15,17:54:06,0,0.0,197.0,447.0,251.0,31.0,220.0,6.0,5.0,0.0,0.0,0.0,0.0
2025/12/15,17:54:11,0,0.0,201.0,448.0,251.0,16.0,220.0,3.0,2.0,0.0,0.0,0.0,0.0
2025/12/15,17:54:16,0,0.0,218.0,450.0,250.0,4.0,218.0,1.0,0.0,0.0,0.0,0.0,0.0
2025/12/15,17:54:21,0,0.0,197.0,449.0,250.0,33.0,220.0,5.0,4.0,0.0,0.0,0.0,0.0
2025/12/15,17:54:26,0,0.0,204.0,450.0,250.0,12.0,220.0,2.0,2.0,0.0,0.0,0.0,0.0
2025/12/15,17:54:31,0,0.0,219.0,448.0,251.0,3.0,220.0,1.0,0.0,0.0,0.0,0.0,0.0
2025/12/15,17:54:36,0,0.0,197.0,450.0,251.0,32.0,220.0,5.0,4.0,0.0,0.0,0.0,0.0
2025/12/15,17:54:41,0,0.0,201.0,449.0,251.0,11.0,219.0,2.0,1.0,0.0,0.0,0.0,0.0
2025/12/15,17:54:46,0,0.0,214.0,451.0,250.0,6.0,219.0,1.0,1.0,0.0,0.0,0.0,0.0
2025/12/15,17:54:51,0,0.0,202.0,450.0,251.0,31.0,218.0,5.0,4.0,0.0,0.0,0.0,0.0
2025/12/15,17:54:56,0,0.0,205.0,449.0,251.0,3.0,220.0,0.0,0.0,0.0,0.0,0.0,0.0
2025/12/15,17:55:01,0,0.0,199.0,451.0,250.0,26.0,220.0,4.0,4.0,0.0,0.0,0.0,0.0
2025/12/15,17:55:06,0,0.0,198.0,449.0,251.0,28.0,218.0,5.0,4.0,0.0,0.0,0.0,0.0
2025/12/15,17:55:11,0,0.0,208.0,451.0,251.0,1.0,219.0,0.0,0.0,0.0,0.0,0.0,0.0
2025/12/15,17:55:16,0,0.0,207.0,451.0,251.0,12.0,219.0,3.0,1.0,0.0,0.0,0.0,-0.0008
2025/12/15,17:55:21,0,0.0,203.0,450.0,251.0,30.0,220.0,5.0,4.0,0.0,0.0,0.0,0.0
2025/12/15,17:55:26,0,0.0,205.0,451.0,251.0,2.0,219.0,0.0,0.0,0.0,0.0,0.0,0.0
2025/12/15,17:55:31,0,0.0,210.0,450.0,251.0,7.0,218.0,2.0,2.0,0.0,0.0,0.0,0.0
2025/12/15,17:55:36,0,0.0,200.0,451.0,251.0,30.0,221.0,5.0,5.0,0.0,0.0,0.0,0.0
2025/12/15,17:55:41,0,0.0,201.0,451.0,250.0,7.0,219.0,1.0,0.0,0.0,0.0,0.0,0.0
2025/12/15,17:55:46,0,0.0,219.0,449.0,251.0,5.0,220.0,1.0,0.0,0.0,0.0,0.0,0.0
2025/12/15,17:55:51,0,0.0,193.0,447.0,251.0,35.0,220.0,6.0,5.0,0.0,0.0,0.0,0.0
2025/12/15,17:55:56,0,0.0,205.0,449.0,251.0,28.0,219.0,5.0,4.0,0.0,0.0,0.0,0.0
2025/12/15,17:56:01,0,0.0,204.0,452.0,251.0,7.0,219.0,1.0,1.0,0.0,0.0,0.0,0.0
2025/12/15,17:56:06,0,0.0,219.0,451.0,251.0,5.0,220.0,1.0,0.0,0.0,0.0,0.0,0.0
2025/12/15,17:56:11,0,0.0,196.0,449.0,250.0,32.0,219.0,5.0,4.0,0.0,0.0,0.0,0.0
2025/12/15,17:56:16,0,0.0,204.0,451.0,250.0,6.0,219.0,1.0,0.0,0.0,0.0,0.0,0.0
2025/12/15,17:56:21,0,0.0,216.0,451.0,251.0,3.0,219.0,1.0,0.0,0.0,0.0,0.0,0.0
2025/12/15,17:56:26,0,0.0,198.0,449.0,251.0,32.0,220.0,5.0,4.0,0.0,0.0,0.0,0.0
2025/12/15,17:56:31,0,0.0,202.0,451.0,251.0,16.0,220.0,2.0,3.0,0.0,0.0,0.0,0.0
2025/12/15,17:56:36,0,0.0,216.0,452.0,251.0,1.0,219.0,1.0,0.0,0.0,0.0,0.0,0.0
2025/12/15,17:56:41,0,0.0,194.0,451.0,251.0,33.0,219.0,6.0,4.0,0.0,0.0,0.0,0.0
2025/12/15,17:56:46,0,0.0,204.0,452.0,251.0,7.0,219.0,1.0,1.0,0.0,0.0,0.0,0.0
2025/12/15,17:56:51,0,0.0,202.0,450.0,249.0,21.0,218.0,5.0,2.0,0.0,0.0,0.0,0.0
2025/12/15,17:56:56,0,0.0,201.0,451.0,251.0,19.0,220.0,3.0,3.0,0.0,0.0,0.0,0.0
2025/12/15,17:57:01,0,0.0,216.0,451.0,250.0,4.0,220.0,1.0,1.0,0.0,0.0,0.0,0.0
2025/12/15,17:57:06,0,0.0,202.0,449.0,251.0,31.0,219.0,5.0,4.0,0.0,0.0,0.0,0.0
2025/12/15,17:57:11,0,0.0,219.0,451.0,251.0,3.0,219.0,1.0,0.0,0.0,0.0,0.0,0.0
2025/12/15,17:57:16,0,0.0,201.0,450.0,251.0,31.0,219.0,5.0,4.0,0.0,0.0,0.0,0.0
2025/12/15,17:57:21,0,0.0,218.0,451.0,251.0,2.0,220.0,0.0,0.0,0.0,0.0,0.0,0.0
2025/12/15,17:57:26,0,0.0,202.0,450.0,250.0,29.0,220.0,5.0,4.0,0.0,0.0,0.0,-0.0008
2025/12/15,17:57:31,0,0.0,213.0,451.0,251.0,1.0,219.0,1.0,0.0,0.0,0.0,0.0,0.0
2025/12/15,17:57:36,0,0.0,195.0,449.0,251.0,34.0,220.0,5.0,4.0,0.0,0.0,0.0,0.0
2025/12/15,17:57:41,0,0.0,203.0,451.0,250.0,8.0,221.0,1.0,1.0,0.0,0.0,0.0,0.0
2025/12/15,17:57:46,0,0.0,211.0,451.0,249.0,7.0,219.0,2.0,1.0,0.0,0.0,0.0,0.0
2025/12/15,17:57:51,0,0.0,198.0,451.0,251.0,28.0,220.0,5.0,5.0,0.0,0.0,0.0,0.0
2025/12/15,17:57:56,0,0.0,216.0,451.0,250.0,1.0,221.0,1.0,1.0,0.0,0.0,0.0,0.0
2025/12/15,17:58:01,0,0.0,197.0,450.0,251.0,31.0,222.0,5.0,5.0,0.0,0.0,0.0,0.0
2025/12/15,17:58:06,0,0.0,214.0,452.0,250.0,2.0,220.0,1.0,1.0,0.0,0.0,0.0,0.0
2025/12/15,17:58:11,0,0.0,199.0,451.0,250.0,31.0,220.0,4.0,4.0,0.0,0.0,0.0,-0.0008
2025/12/15,17:58:16,0,0.0,220.0,452.0,251.0,2.0,220.0,1.0,1.0,0.0,0.0,0.0,0.0
2025/12/15,17:58:21,0,0.0,201.0,451.0,250.0,33.0,220.0,5.0,4.0,0.0,0.0,0.0,0.0
2025/12/15,17:58:26,0,0.0,202.0,452.0,251.0,3.0,219.0,1.0,0.0,0.0,0.0,0.0,0.0
2025/12/15,17:58:31,0,0.0,217.0,451.0,251.0,7.0,221.0,1.0,0.0,0.0,0.0,0.0,0.0
2025/12/15,17:58:36,0,0.0,200.0,451.0,251.0,32.0,220.0,5.0,4.0,0.0,0.0,0.0,0.0
2025/12/15,17:58:41,0,0.0,208.0,452.0,251.0,3.0,220.0,0.0,0.0,0.0,0.0,0.0,0.0
2025/12/15,17:58:46,0,0.0,195.0,449.0,251.0,29.0,220.0,6.0,4.0,0.0,0.0,0.0,0.0
2025/12/15,17:58:51,0,0.0,203.0,451.0,250.0,17.0,220.0,2.0,3.0,0.0,0.0,0.0,0.0
2025/12/15,17:58:56,0,0.0,213.0,451.0,251.0,7.0,219.0,2.0,1.0,0.0,0.0,0.0,0.0
2025/12/15,17:59:01,0,0.0,197.0,451.0,251.0,27.0,220.0,4.0,4.0,0.0,0.0,0.0,0.0
2025/12/15,17:59:06,0,0.0,221.0,450.0,251.0,2.0,220.0,1.0,0.0,0.0,0.0,0.0,0.0
2025/12/15,17:59:11,0,0.0,199.0,450.0,250.0,33.0,219.0,6.0,4.0,0.0,0.0,0.0,0.0
2025/12/15,17:59:16,0,0.0,202.0,449.0,251.0,10.0,219.0,2.0,1.0,0.0,0.0,0.0,0.0
2025/12/15,17:59:21,0,0.0,221.0,450.0,251.0,5.0,220.0,0.0,0.0,0.0,0.0,0.0,0.0
2025/12/15,17:59:26,0,0.0,197.0,451.0,251.0,31.0,219.0,6.0,4.0,0.0,0.0,0.0,0.0
2025/12/15,17:59:31,0,0.0,204.0,451.0,249.0,15.0,220.0,2.0,2.0,0.0,0.0,0.0,0.0
2025/12/15,18:00:00,0,0.0,201.0,450.0,251.0,33.0,219.0,7.0,5.0,0.0,0.0,0.0,0.0
2025/12/15,18:00:05,0,0.0,215.0,452.0,249.0,0.0,221.0,0.0,0.0,0.0,0.0,0.0,0.0
2025/12/15,18:00:10,0,0.0,193.0,450.0,251.0,28.0,220.0,5.0,4.0,0.0,0.0,0.0,0.0
2025/12/15,18:00:15,0,0.0,205.0,448.0,251.0,4.0,220.0,0.0,0.0,0.0,0.0,0.0,0.0
2025/12/15,18:00:20,0,0.0,194.0,450.0,251.0,32.0,219.0,6.0,5.0,0.0,0.0,0.0,0.0
2025/12/15,18:00:25,0,0.0,204.0,452.0,250.0,4.0,219.0,0.0,0.0,0.0,0.0,0.0,0.0
2025/12/15,18:00:30,0,0.0,197.0,450.0,251.0,30.0,220.0,6.0,4.0,0.0,0.0,0.0,0.0
2025/12/15,18:00:35,0,0.0,212.0,451.0,250.0,1.0,219.0,0.0,0.0,0.0,0.0,0.0,0.0
2025/12/15,18:00:40,0,0.0,200.0,450.0,251.0,31.0,220.0,5.0,5.0,0.0,0.0,0.0,0.0
2025/12/15,18:00:45,0,0.0,223.0,452.0,249.0,3.0,219.0,1.0,1.0,0.0,0.0,0.0,0.0
2025/12/15,18:00:50,0,0.0,199.0,449.0,251.0,32.0,219.0,5.0,4.0,0.0,0.0,0.0,0.0
2025/12/15,18:00:55,0,0.0,219.0,451.0,250.0,5.0,219.0,1.0,0.0,0.0,0.0,0.0,0.0
2025/12/15,18:01:00,0,0.0,202.0,450.0,250.0,30.0,219.0,5.0,4.0,0.0,0.0,0.0,0.0
2025/12/15,18:01:05,0,0.0,218.0,450.0,251.0,4.0,220.0,0.0,0.0,0.0,0.0,0.0,0.0
2025/12/15,18:01:10,0,0.0,197.0,448.0,251.0,31.0,219.0,5.0,4.0,0.0,0.0,0.0,0.0
2025/12/15,18:01:15,0,0.0,198.0,450.0,250.0,24.0,219.0,4.0,3.0,0.0,0.0,0.0,0.0
2025/12/15,18:01:20,0,0.0,206.0,451.0,250.0,2.0,218.0,0.0,0.0,0.0,0.0,0.0,0.0
2025/12/15,18:01:25,0,0.0,215.0,451.0,251.0,1.0,220.0,0.0,0.0,0.0,0.0,0.0,0.0
2025/12/15,18:01:30,0,0.0,217.0,451.0,251.0,3.0,220.0,1.0,0.0,0.0,0.0,0.0,0.0
2025/12/15,18:01:35,0,0.0,214.0,451.0,251.0,4.0,219.0,0.0,0.0,0.0,0.0,0.0,0.0
2025/12/15,18:01:40,0,0.0,208.0,452.0,251.0,1.0,220.0,0.0,0.0,0.0,0.0,0.0,0.0
2025/12/15,18:01:45,0,0.0,203.0,452.0,251.0,18.0,220.0,2.0,2.0,0.0,0.0,0.0,0.0
2025/12/15,18:01:50,0,0.0,204.0,449.0,251.0,28.0,219.0,6.0,4.0,0.0,0.0,0.0,0.0
2025/12/15,18:01:55,0,0.0,204.0,449.0,249.0,30.0,218.0,5.0,4.0,0.0,0.0,0.0,0.0
2025/12/15,18:02:00,0,0.0,203.0,451.0,251.0,16.0,220.0,2.0,2.0,0.0,0.0,0.0,0.0
2025/12/15,18:02:05,0,0.0,218.0,451.0,251.0,1.0,219.0,1.0,1.0,0.0,0.0,0.0,0.0
2025/12/15,18:02:10,0,0.0,202.0,450.0,250.0,32.0,218.0,5.0,4.0,0.0,0.0,0.0,0.0
2025/12/15,18:02:15,0,0.0,220.0,452.0,250.0,2.0,218.0,1.0,0.0,0.0,0.0,0.0,0.0
2025/12/15,18:02:20,0,0.0,204.0,450.0,250.0,32.0,219.0,6.0,3.0,0.0,0.0,0.0,0.0
2025/12/15,18:02:25,0,0.0,219.0,450.0,251.0,3.0,220.0,1.0,1.0,0.0,0.0,0.0,0.0
2025/12/15,18:02:30,0,0.0,199.0,450.0,251.0,30.0,219.0,4.0,4.0,0.0,0.0,0.0,0.0
2025/12/15,18:02:35,0,0.0,213.0,452.0,252.0,8.0,219.0,2.0,1.0,0.0,0.0,0.0,0.0
2025/12/15,18:02:40,0,0.0,201.0,451.0,251.0,23.0,220.0,4.0,3.0,0.0,0.0,0.0,0.0
2025/12/15,18:02:45,0,0.0,220.0,452.0,251.0,3.0,220.0,1.0,1.0,0.0,0.0,0.0,0.0
2025/12/15,18:02:50,0,0.0,198.0,451.0,251.0,33.0,219.0,6.0,5.0,0.0,0.0,0.0,0.0
2025/12/15,18:02:55,0,0.0,203.0,452.0,250.0,3.0,218.0,0.0,0.0,0.0,0.0,0.0,0.0
2025/12/15,18:03:00,0,0.0,195.0,450.0,251.0,30.0,219.0,6.0,5.0,0.0,0.0,0.0,0.0
2025/12/15,18:03:05,0,0.0,214.0,451.0,249.0,1.0,219.0,1.0,0.0,0.0,0.0,0.0,0.0
2025/12/15,18:03:10,0,0.0,204.0,450.0,251.0,31.0,219.0,5.0,4.0,0.0,0.0,0.0,0.0
2025/12/15,18:03:15,0,0.0,214.0,450.0,250.0,7.0,220.0,1.0,1.0,0.0,0.0,0.0,0.0
2025/12/15,18:03:20,0,0.0,205.0,451.0,251.0,6.0,220.0,1.0,1.0,0.0,0.0,0.0,0.0
2025/12/15,18:03:25,0,0.0,195.0,450.0,251.0,32.0,220.0,5.0,4.0,0.0,0.0,0.0,0.0
2025/12/15,18:03:30,0,0.0,204.0,451.0,251.0,2.0,220.0,0.0,0.0,0.0,0.0,0.0,0.0
2025/12/15,18:03:35,0,0.0,195.0,449.0,251.0,31.0,220.0,5.0,4.0,0.0,0.0,0.0,0.0
2025/12/15,18:03:40,0,0.0,211.0,450.0,251.0,1.0,220.0,0.0,0.0,0.0,0.0,0.0,0.0
2025/12/15,18:03:45,0,0.0,204.0,450.0,251.0,29.0,219.0,5.0,4.0,0.0,0.0,0.0,0.0
2025/12/15,18:03:50,0,0.0,212.0,451.0,251.0,7.0,219.0,1.0,1.0,0.0,0.0,0.0,0.0
2025/12/15,18:03:55,0,0.0,205.0,452.0,250.0,8.0,220.0,0.0,0.0,0.0,0.0,0.0,0.0
2025/12/15,18:04:00,0,0.0,201.0,450.0,251.0,32.0,221.0,6.0,5.0,0.0,0.0,0.0,0.0
2025/12/15,18:04:05,0,0.0,221.0,451.0,251.0,2.0,220.0,1.0,0.0,0.0,0.0,0.0,0.0
2025/12/15,18:04:10,0,0.0,203.0,450.0,251.0,17.0,220.0,2.0,2.0,0.0,0.0,0.0,0.0
2025/12/15,18:04:15,0,0.0,199.0,450.0,251.0,30.0,219.0,6.0,5.0,0.0,0.0,0.0,0.0
2025/12/15,18:04:20,0,0.0,217.0,450.0,252.0,4.0,219.0,2.0,0.0,0.0,0.0,0.0,0.0
2025/12/15,18:04:25,0,0.0,206.0,451.0,251.0,2.0,220.0,0.0,0.0,0.0,0.0,0.0,0.0
2025/12/15,18:04:30,0,0.0,201.0,449.0,251.0,28.0,219.0,6.0,4.0,0.0,0.0,0.0,0.0
2025/12/15,18:04:35,0,0.0,197.0,450.0,251.0,32.0,220.0,5.0,4.0,0.0,0.0,0.0,0.0
2025/12/15,18:04:40,0,0.0,213.0,451.0,251.0,5.0,220.0,1.0,1.0,0.0,0.0,0.0,0.0
2025/12/15,18:04:45,0,0.0,209.0,451.0,250.0,3.0,220.0,0.0,0.0,0.0,0.0,0.0,0.0
2025/12/15,18:04:50,0,0.0,201.0,450.0,250.0,25.0,219.0,5.0,4.0,0.0,0.0,0.0,0.0
2025/12/15,18:04:55,0,0.0,198.0,451.0,250.0,31.0,220.0,6.0,5.0,0.0,0.0,0.0,0.0
2025/12/15,18:05:00,0,0.0,216.0,451.0,251.0,3.0,219.0,1.0,0.0,0.0,0.0,0.0,0.0
2025/12/15,18:05:05,0,0.0,208.0,451.0,251.0,3.0,220.0,0.0,0.0,0.0,0.0,0.0,0.0
2025/12/15,18:05:10,0,0.0,201.0,450.0,253.0,24.0,218.0,4.0,3.0,0.0,0.0,0.0,0.0
2025/12/15,18:05:15,0,0.0,198.0,450.0,250.0,31.0,220.0,5.0,5.0,0.0,0.0,0.0,0.0
2025/12/15,18:05:20,0,0.0,198.0,450.0,251.0,25.0,221.0,5.0,4.0,0.0,0.0,0.0,0.0
2025/12/15,18:05:25,0,0.0,222.0,452.0,251.0,4.0,219.0,1.0,0.0,0.0,0.0,0.0,0.0
2025/12/15,18:05:30,0,0.0,205.0,450.0,251.0,16.0,220.0,2.0,2.0,0.0,0.0,0.0,0.0
2025/12/15,18:05:35,0,0.0,196.0,450.0,250.0,29.0,220.0,5.0,5.0,0.0,0.0,0.0,0.0
2025/12/15,18:05:40,0,0.0,218.0,451.0,251.0,3.0,220.0,1.0,0.0,0.0,0.0,0.0,0.0
2025/12/15,18:05:45,0,0.0,203.0,451.0,250.0,8.0,219.0,1.0,1.0,0.0,0.0,0.0,0.0
2025/12/15,18:05:50,0,0.0,202.0,450.0,251.0,23.0,220.0,3.0,3.0,0.0,0.0,0.0,0.0
2025/12/15,18:05:55,0,0.0,199.0,450.0,250.0,27.0,219.0,5.0,4.0,0.0,0.0,0.0,0.0
2025/12/15,18:06:00,0,0.0,200.0,450.0,249.0,33.0,220.0,6.0,4.0,0.0,0.0,0.0,0.0
2025/12/15,18:06:05,0,0.0,214.0,449.0,251.0,8.0,217.0,1.0,1.0,0.0,0.0,0.0,0.0
2025/12/15,18:06:10,0,0.0,213.0,451.0,251.0,3.0,220.0,0.0,0.0,0.0,0.0,0.0,0.0
2025/12/15,18:06:15,0,0.0,205.0,452.0,251.0,2.0,219.0,0.0,0.0,0.0,0.0,0.0,0.0
2025/12/15,18:06:20,0,0.0,204.0,449.0,250.0,11.0,220.0,2.0,1.0,0.0,0.0,0.0,0.0
2025/12/15,18:06:25,0,0.0,202.0,450.0,251.0,17.0,220.0,2.0,2.0,0.0,0.0,0.0,0.0
2025/12/15,18:06:30,0,0.0,201.0,451.0,249.0,23.0,219.0,4.0,3.0,0.0,0.0,0.0,0.0
2025/12/15,18:06:35,0,0.0,204.0,450.0,251.0,29.0,218.0,6.0,4.0,0.0,0.0,0.0,0.0
2025/12/15,18:06:40,0,0.0,194.0,450.0,250.0,31.0,219.0,6.0,5.0,0.0,0.0,0.0,0.0
2025/12/15,18:06:45,0,0.0,209.0,448.0,250.0,11.0,218.0,2.0,2.0,0.0,0.0,0.0,0.0
2025/12/15,18:06:50,0,0.0,215.0,451.0,250.0,1.0,219.0,0.0,0.0,0.0,0.0,0.0,0.0
2025/12/15,18:06:55,0,0.0,202.0,451.0,250.0,19.0,220.0,3.0,2.0,0.0,0.0,0.0,0.0
2025/12/15,18:07:00,0,0.0,201.0,450.0,251.0,30.0,219.0,6.0,4.0,0.0,0.0,0.0,0.0
2025/12/15,18:07:05,0,0.0,201.0,450.0,251.0,24.0,219.0,5.0,3.0,0.0,0.0,0.0,0.0
2025/12/15,18:07:10,0,0.0,211.0,451.0,251.0,9.0,220.0,1.0,1.0,0.0,0.0,0.0,0.0
2025/12/15,18:07:15,0,0.0,215.0,452.0,251.0,6.0,219.0,1.0,0.0,0.0,0.0,0.0,0.0
2025/12/15,18:07:20,0,0.0,218.0,450.0,251.0,5.0,220.0,1.0,0.0,0.0,0.0,0.0,0.0
2025/12/15,18:07:25,0,0.0,208.0,450.0,250.0,5.0,220.0,0.0,0.0,0.0,0.0,0.0,0.0
2025/12/15,18:07:30,0,0.0,200.0,450.0,250.0,26.0,220.0,4.0,4.0,0.0,0.0,0.0,0.0
2025/12/15,18:07:35,0,0.0,198.0,449.0,249.0,31.0,219.0,6.0,4.0,0.0,0.0,0.0,0.0
2025/12/15,18:07:40,0,0.0,210.0,450.0,251.0,14.0,220.0,1.0,2.0,0.0,0.0,0.0,0.0
2025/12/15,18:07:45,0,0.0,215.0,451.0,251.0,5.0,219.0,1.0,0.0,0.0,0.0,0.0,-0.0008
2025/12/15,18:07:50,0,0.0,204.0,450.0,250.0,13.0,219.0,2.0,1.0,0.0,0.0,0.0,0.0
2025/12/15,18:07:55,0,0.0,202.0,450.0,248.0,28.0,220.0,5.0,4.0,0.0,0.0,0.0,0.0
2025/12/15,18:08:00,0,0.0,201.0,449.0,251.0,31.0,218.0,6.0,5.0,0.0,0.0,0.0,0.0
2025/12/15,18:08:05,0,0.0,196.0,450.0,250.0,30.0,220.0,5.0,5.0,0.0,0.0,0.0,0.0
2025/12/15,18:08:10,0,0.0,199.0,449.0,249.0,26.0,218.0,6.0,4.0,0.0,0.0,0.0,0.0
2025/12/15,18:08:15,0,0.0,214.0,451.0,250.0,5.0,220.0,1.0,1.0,0.0,0.0,0.0,0.0
2025/12/15,18:08:20,0,0.0,213.0,452.0,249.0,3.0,219.0,0.0,0.0,0.0,0.0,0.0,0.0
2025/12/15,18:08:25,0,0.0,205.0,451.0,250.0,5.0,220.0,0.0,1.0,0.0,0.0,0.0,0.0
2025/12/15,18:08:30,0,0.0,200.0,450.0,251.0,29.0,219.0,6.0,4.0,0.0,0.0,0.0,0.0
2025/12/15,18:08:35,0,0.0,200.0,450.0,251.0,28.0,219.0,6.0,5.0,0.0,0.0,0.0,0.0
2025/12/15,18:08:40,0,0.0,220.0,450.0,251.0,4.0,220.0,1.0,0.0,0.0,0.0,0.0,0.0
2025/12/15,18:08:45,0,0.0,206.0,451.0,250.0,1.0,219.0,0.0,0.0,0.0,0.0,0.0,0.0
2025/12/15,18:08:50,0,0.0,200.0,450.0,250.0,25.0,220.0,4.0,3.0,0.0,0.0,0.0,0.0
2025/12/15,18:08:55,0,0.0,197.0,450.0,251.0,32.0,219.0,6.0,4.0,0.0,0.0,0.0,0.0
2025/12/15,18:09:00,0,0.0,214.0,451.0,251.0,6.0,220.0,1.0,0.0,0.0,0.0,0.0,0.0
2025/12/15,18:09:05,0,0.0,209.0,451.0,251.0,4.0,219.0,1.0,0.0,0.0,0.0,0.0,0.0
2025/12/15,18:09:10,0,0.0,200.0,449.0,249.0,28.0,220.0,5.0,4.0,0.0,0.0,0.0,0.0
2025/12/15,18:09:15,0,0.0,194.0,449.0,250.0,32.0,219.0,6.0,5.0,0.0,0.0,0.0,0.0
2025/12/15,18:09:20,0,0.0,217.0,450.0,251.0,3.0,220.0,0.0,0.0,0.0,0.0,0.0,0.0
2025/12/15,18:09:25,0,0.0,201.0,448.0,251.0,30.0,220.0,5.0,4.0,0.0,0.0,0.0,0.0
2025/12/15,18:09:30,0,0.0,213.0,452.0,251.0,6.0,220.0,1.0,1.0,0.0,0.0,0.0,0.0
2025/12/15,18:09:35,0,0.0,204.0,451.0,250.0,3.0,220.0,0.0,0.0,0.0,0.0,0.0,0.0
2025/12/15,18:09:40,0,0.0,203.0,450.0,250.0,30.0,219.0,5.0,4.0,0.0,0.0,0.0,0.0
2025/12/15,18:10:29,0,0.0,208.0,451.0,250.0,5.0,219.0,2.0,1.0,0.0,0.0,0.0,0.0
2025/12/15,18:10:34,0,0.0,214.0,451.0,251.0,1.0,220.0,0.0,0.0,0.0,0.0,0.0,0.0
2025/12/15,18:10:39,0,0.0,203.0,449.0,251.0,29.0,218.0,6.0,4.0,0.0,0.0,0.0,0.0
2025/12/15,18:10:44,0,0.0,217.0,450.0,251.0,6.0,219.0,0.0,0.0,0.0,0.0,0.0,0.0
2025/12/15,18:10:49,0,0.0,201.0,449.0,251.0,26.0,221.0,4.0,4.0,0.0,0.0,0.0,0.0
2025/12/15,18:10:54,0,0.0,201.0,447.0,251.0,21.0,220.0,4.0,3.0,0.0,0.0,0.0,0.0
2025/12/15,18:10:59,0,0.0,215.0,451.0,251.0,1.0,220.0,0.0,0.0,0.0,0.0,0.0,0.0
2025/12/15,18:11:04,0,0.0,203.0,450.0,251.0,13.0,221.0,1.0,1.0,0.0,0.0,0.0,0.0
2025/12/15,18:11:09,0,0.0,204.0,450.0,251.0,31.0,219.0,5.0,4.0,0.0,0.0,0.0,0.0
2025/12/15,18:11:14,0,0.0,208.0,451.0,251.0,9.0,219.0,2.0,1.0,0.0,0.0,0.0,0.0
2025/12/15,18:11:19,0,0.0,204.0,449.0,251.0,7.0,220.0,0.0,1.0,0.0,0.0,0.0,0.0
2025/12/15,18:11:24,0,0.0,196.0,450.0,250.0,31.0,219.0,5.0,5.0,0.0,0.0,0.0,0.0
2025/12/15,18:11:29,0,0.0,217.0,451.0,250.0,4.0,220.0,1.0,0.0,0.0,0.0,0.0,0.0
2025/12/15,18:11:34,0,0.0,206.0,451.0,250.0,4.0,219.0,1.0,0.0,0.0,0.0,0.0,0.0
2025/12/15,18:11:39,0,0.0,201.0,450.0,251.0,26.0,221.0,4.0,3.0,0.0,0.0,0.0,0.0
2025/12/15,18:11:44,0,0.0,197.0,449.0,251.0,31.0,219.0,6.0,4.0,0.0,0.0,0.0,0.0
2025/12/15,18:11:49,0,0.0,208.0,450.0,251.0,15.0,220.0,2.0,2.0,0.0,0.0,0.0,-0.0008
2025/12/15,18:11:54,0,0.0,214.0,452.0,251.0,2.0,219.0,1.0,0.0,0.0,0.0,0.0,0.0
2025/12/15,18:11:59,0,0.0,204.0,452.0,250.0,8.0,220.0,1.0,1.0,0.0,0.0,0.0,0.0
2025/12/15,18:12:04,0,0.0,202.0,451.0,250.0,31.0,220.0,5.0,4.0,0.0,0.0,0.0,0.0
2025/12/15,18:12:09,0,0.0,217.0,451.0,251.0,4.0,220.0,1.0,0.0,0.0,0.0,0.0,0.0
2025/12/15,18:12:14,0,0.0,202.0,450.0,250.0,26.0,220.0,3.0,3.0,0.0,0.0,0.0,0.0
2025/12/15,18:12:19,0,0.0,213.0,451.0,250.0,7.0,220.0,1.0,1.0,0.0,0.0,0.0,0.0
2025/12/15,18:12:24,0,0.0,199.0,447.0,251.0,30.0,220.0,6.0,4.0,0.0,0.0,0.0,0.0
2025/12/15,18:12:29,0,0.0,220.0,450.0,250.0,2.0,220.0,1.0,0.0,0.0,0.0,0.0,0.0
2025/12/15,18:12:34,0,0.0,198.0,450.0,250.0,30.0,220.0,5.0,4.0,0.0,0.0,0.0,0.0
2025/12/15,18:12:39,0,0.0,210.0,452.0,250.0,9.0,220.0,2.0,1.0,0.0,0.0,0.0,0.0
2025/12/15,18:12:44,0,0.0,203.0,451.0,250.0,8.0,219.0,1.0,0.0,0.0,0.0,0.0,0.0
2025/12/15,18:12:49,0,0.0,197.0,451.0,251.0,31.0,220.0,5.0,5.0,0.0,0.0,0.0,0.0
2025/12/15,18:12:54,0,0.0,223.0,451.0,250.0,2.0,218.0,1.0,0.0,0.0,0.0,0.0,0.0
2025/12/15,18:12:59,0,0.0,203.0,449.0,250.0,16.0,220.0,2.0,2.0,0.0,0.0,0.0,0.0
2025/12/15,18:13:04,0,0.0,195.0,450.0,250.0,31.0,219.0,6.0,5.0,0.0,0.0,0.0,0.0
2025/12/15,18:13:09,0,0.0,220.0,452.0,251.0,3.0,219.0,0.0,0.0,0.0,0.0,0.0,0.0
2025/12/15,18:13:14,0,0.0,202.0,450.0,250.0,23.0,219.0,4.0,3.0,0.0,0.0,0.0,0.0
2025/12/15,18:13:19,0,0.0,211.0,450.0,250.0,10.0,221.0,1.0,1.0,0.0,0.0,0.0,0.0
2025/12/15,18:13:24,0,0.0,198.0,450.0,251.0,28.0,220.0,4.0,4.0,0.0,0.0,0.0,0.0
2025/12/15,18:13:29,0,0.0,220.0,449.0,251.0,3.0,220.0,0.0,0.0,0.0,0.0,0.0,0.0
2025/12/15,18:13:34,0,0.0,195.0,449.0,250.0,34.0,219.0,6.0,4.0,0.0,0.0,0.0,0.0
2025/12/15,18:13:39,0,0.0,200.0,449.0,251.0,27.0,219.0,5.0,4.0,0.0,0.0,0.0,0.0
2025/12/15,18:13:44,0,0.0,214.0,451.0,251.0,2.0,220.0,0.0,0.0,0.0,0.0,0.0,0.0
2025/12/15,18:13:49,0,0.0,197.0,450.0,251.0,31.0,220.0,6.0,5.0,0.0,0.0,0.0,0.0
2025/12/15,18:13:54,0,0.0,207.0,450.0,251.0,3.0,220.0,0.0,0.0,0.0,0.0,0.0,0.0
2025/12/15,18:13:59,0,0.0,196.0,448.0,250.0,32.0,220.0,6.0,5.0,0.0,0.0,0.0,0.0
2025/12/15,18:14:04,0,0.0,206.0,449.0,251.0,4.0,218.0,0.0,0.0,0.0,0.0,0.0,0.0
2025/12/15,18:14:09,0,0.0,204.0,451.0,250.0,19.0,219.0,3.0,3.0,0.0,0.0,0.0,-0.0008
2025/12/15,18:14:14,0,0.0,202.0,450.0,250.0,32.0,220.0,5.0,4.0,0.0,0.0,0.0,0.0
2025/12/15,18:14:19,0,0.0,207.0,451.0,250.0,3.0,219.0,1.0,0.0,0.0,0.0,0.0,0.0
2025/12/15,18:14:24,0,0.0,219.0,450.0,249.0,7.0,219.0,1.0,0.0,0.0,0.0,0.0,0.0
2025/12/15,18:14:29,0,0.0,196.0,448.0,251.0,34.0,220.0,5.0,4.0,0.0,0.0,0.0,0.0
2025/12/15,18:14:34,0,0.0,203.0,450.0,250.0,11.0,219.0,2.0,2.0,0.0,0.0,0.0,0.0
2025/12/15,18:14:39,0,0.0,213.0,450.0,251.0,5.0,219.0,2.0,1.0,0.0,0.0,0.0,0.0
2025/12/15,18:14:44,0,0.0,205.0,449.0,250.0,30.0,218.0,5.0,4.0,0.0,0.0,0.0,0.0
2025/12/15,18:14:49,0,0.0,211.0,452.0,248.0,1.0,219.0,1.0,0.0,0.0,0.0,0.0,0.0
2025/12/15,18:14:54,0,0.0,196.0,450.0,249.0,33.0,218.0,6.0,4.0,0.0,0.0,0.0,0.0
2025/12/15,18:14:59,0,0.0,198.0,448.0,251.0,30.0,219.0,5.0,5.0,0.0,0.0,0.0,0.0
2025/12/15,18:15:04,0,0.0,204.0,450.0,249.0,9.0,219.0,1.0,0.0,0.0,0.0,0.0,0.0
2025/12/15,18:15:09,0,0.0,205.0,451.0,250.0,5.0,220.0,0.0,0.0,0.0,0.0,0.0,0.0
2025/12/15,18:15:14,0,0.0,217.0,451.0,250.0,1.0,220.0,0.0,0.0,0.0,0.0,0.0,0.0
2025/12/15,18:15:19,0,0.0,195.0,450.0,250.0,27.0,220.0,6.0,3.0,0.0,0.0,0.0,0.0
2025/12/15,18:15:24,0,0.0,205.0,450.0,250.0,14.0,219.0,2.0,1.0,0.0,0.0,0.0,0.0
2025/12/15,18:15:29,0,0.0,206.0,450.0,250.0,18.0,218.0,4.0,3.0,0.0,0.0,0.0,0.0
2025/12/15,18:15:34,0,0.0,204.0,447.0,251.0,14.0,218.0,2.0,2.0,0.0,0.0,0.0,0.0
2025/12/15,18:15:39,0,0.0,202.0,448.0,251.0,23.0,219.0,4.0,3.0,0.0,0.0,0.0,0.0
2025/12/15,18:15:44,0,0.0,204.0,451.0,251.0,13.0,220.0,2.0,2.0,0.0,0.0,0.0,0.0
2025/12/15,18:15:49,0,0.0,202.0,451.0,251.0,18.0,219.0,4.0,3.0,0.0,0.0,0.0,0.0
2025/12/15,18:15:54,0,0.0,203.0,450.0,251.0,14.0,220.0,2.0,2.0,0.0,0.0,0.0,0.0
2025/12/15,18:15:59,0,0.0,199.0,449.0,250.0,24.0,220.0,4.0,4.0,0.0,0.0,0.0,0.0
2025/12/15,18:16:04,0,0.0,207.0,451.0,250.0,2.0,220.0,0.0,0.0,0.0,0.0,0.0,0.0
2025/12/15,18:16:09,0,0.0,195.0,450.0,250.0,30.0,220.0,5.0,5.0,0.0,0.0,0.0,0.0
2025/12/15,18:16:14,0,0.0,208.0,452.0,251.0,2.0,219.0,1.0,0.0,0.0,0.0,0.0,0.0
2025/12/15,18:16:19,0,0.0,198.0,450.0,250.0,32.0,220.0,6.0,5.0,0.0,0.0,0.0,0.0
2025/12/15,18:16:24,0,0.0,212.0,451.0,249.0,6.0,219.0,1.0,1.0,0.0,0.0,0.0,0.0
2025/12/15,18:16:29,0,0.0,212.0,450.0,250.0,4.0,220.0,0.0,0.0,0.0,0.0,0.0,0.0
2025/12/15,18:16:34,0,0.0,204.0,449.0,250.0,16.0,221.0,2.0,3.0,0.0,0.0,0.0,0.0
2025/12/15,18:16:39,0,0.0,202.0,449.0,251.0,30.0,219.0,6.0,4.0,0.0,0.0,0.0,0.0
2025/12/15,18:16:44,0,0.0,205.0,450.0,251.0,15.0,219.0,3.0,2.0,0.0,0.0,0.0,0.0
2025/12/15,18:16:49,0,0.0,215.0,450.0,251.0,3.0,220.0,0.0,0.0,0.0,0.0,0.0,0.0
2025/12/15,18:16:54,0,0.0,203.0,449.0,250.0,6.0,220.0,1.0,0.0,0.0,0.0,0.0,0.0
2025/12/15,18:16:59,0,0.0,201.0,447.0,250.0,21.0,219.0,3.0,2.0,0.0,0.0,0.0,0.0
2025/12/15,18:17:04,0,0.0,201.0,449.0,251.0,30.0,219.0,5.0,4.0,0.0,0.0,0.0,0.0
2025/12/15,18:17:09,0,0.0,195.0,448.0,251.0,31.0,217.0,5.0,4.0,0.0,0.0,0.0,0.0
2025/12/15,18:17:14,0,0.0,215.0,451.0,250.0,7.0,220.0,1.0,2.0,0.0,0.0,0.0,0.0
2025/12/15,18:17:19,0,0.0,215.0,450.0,250.0,4.0,220.0,0.0,0.0,0.0,0.0,0.0,0.0
2025/12/15,18:17:24,0,0.0,202.0,450.0,251.0,18.0,220.0,2.0,2.0,0.0,0.0,0.0,0.0
2025/12/15,18:17:29,0,0.0,201.0,450.0,250.0,31.0,220.0,5.0,5.0,0.0,0.0,0.0,0.0
2025/12/15,18:17:34,0,0.0,206.0,450.0,250.0,19.0,219.0,4.0,2.0,0.0,0.0,0.0,0.0
2025/12/15,18:17:39,0,0.0,222.0,451.0,250.0,3.0,218.0,1.0,0.0,0.0,0.0,0.0,0.0
2025/12/15,18:17:44,0,0.0,213.0,451.0,251.0,3.0,219.0,0.0,0.0,0.0,0.0,0.0,0.0
2025/12/15,18:17:49,0,0.0,205.0,450.0,250.0,2.0,220.0,0.0,1.0,0.0,0.0,0.0,0.0
2025/12/15,18:17:54,0,0.0,203.0,449.0,251.0,16.0,220.0,3.0,2.0,0.0,0.0,0.0,0.0
2025/12/15,18:17:59,0,0.0,205.0,449.0,250.0,27.0,221.0,5.0,4.0,0.0,0.0,0.0,0.0
2025/12/15,18:18:04,0,0.0,195.0,452.0,251.0,31.0,220.0,6.0,5.0,0.0,0.0,0.0,0.0
2025/12/15,18:18:09,0,0.0,215.0,449.0,250.0,6.0,220.0,1.0,0.0,0.0,0.0,0.0,0.0
2025/12/15,18:18:14,0,0.0,210.0,451.0,250.0,4.0,218.0,0.0,0.0,0.0,0.0,0.0,0.0
2025/12/15,18:18:19,0,0.0,203.0,451.0,251.0,15.0,220.0,1.0,2.0,0.0,0.0,0.0,0.0
2025/12/15,18:18:24,0,0.0,200.0,447.0,249.0,30.0,219.0,6.0,4.0,0.0,0.0,0.0,0.0
2025/12/15,18:18:29,0,0.0,202.0,448.0,250.0,32.0,220.0,6.0,4.0,0.0,0.0,0.0,0.0
2025/12/15,18:18:34,0,0.0,207.0,450.0,251.0,18.0,218.0,4.0,3.0,0.0,0.0,0.0,0.0
2025/12/15,18:18:39,0,0.0,215.0,450.0,250.0,2.0,220.0,0.0,0.0,0.0,0.0,0.0,0.0
2025/12/15,18:18:44,0,0.0,206.0,450.0,251.0,0.0,220.0,0.0,0.0,0.0,0.0,0.0,0.0
2025/12/15,18:18:49,0,0.0,200.0,450.0,251.0,27.0,220.0,4.0,4.0,0.0,0.0,0.0,0.0
2025/12/15,18:18:54,0,0.0,200.0,449.0,250.0,32.0,219.0,6.0,5.0,0.0,0.0,0.0,0.0
2025/12/15,18:18:59,0,0.0,198.0,449.0,250.0,31.0,220.0,6.0,5.0,0.0,0.0,0.0,0.0
2025/12/15,18:19:04,0,0.0,204.0,451.0,250.0,21.0,219.0,4.0,3.0,0.0,0.0,0.0,0.0
2025/12/15,18:19:09,0,0.0,220.0,450.0,250.0,2.0,220.0,1.0,0.0,0.0,0.0,0.0,0.0
2025/12/15,18:19:14,0,0.0,204.0,448.0,251.0,8.0,218.0,1.0,1.0,0.0,0.0,0.0,0.0
2025/12/15,18:19:19,0,0.0,203.0,449.0,250.0,30.0,220.0,5.0,4.0,0.0,0.0,0.0,0.0
2025/12/15,18:19:24,0,0.0,195.0,449.0,250.0,31.0,219.0,6.0,5.0,0.0,0.0,0.0,0.0
2025/12/15,18:19:29,0,0.0,221.0,450.0,251.0,4.0,219.0,1.0,0.0,0.0,0.0,0.0,0.0
2025/12/15,18:19:34,0,0.0,203.0,450.0,250.0,3.0,220.0,0.0,0.0,0.0,0.0,0.0,0.0
2025/12/15,18:19:39,0,0.0,201.0,450.0,251.0,31.0,220.0,5.0,4.0,0.0,0.0,0.0,0.0
2025/12/15,18:19:44,0,0.0,199.0,449.0,249.0,32.0,219.0,6.0,4.0,0.0,0.0,0.0,0.0
2025/12/15,18:19:49,0,0.0,196.0,446.0,250.0,33.0,220.0,7.0,5.0,0.0,0.0,0.0,0.0
2025/12/15,18:20:28,0,0.0,205.0,449.0,251.0,41.0,220.0,8.0,6.0,0.0,0.0,0.0,-0.0008
2025/12/15,18:20:33,0,0.0,203.0,450.0,249.0,6.0,219.0,0.0,0.0,0.0,0.0,0.0,0.0
2025/12/15,18:20:38,0,0.0,202.0,449.0,251.0,27.0,219.0,5.0,4.0,0.0,0.0,0.0,0.0
2025/12/15,18:20:43,0,0.0,200.0,450.0,250.0,32.0,219.0,6.0,5.0,0.0,0.0,0.0,0.0
2025/12/15,18:20:48,0,0.0,210.0,450.0,251.0,13.0,219.0,2.0,1.0,0.0,0.0,0.0,0.0
2025/12/15,18:20:53,0,0.0,209.0,450.0,249.0,2.0,219.0,1.0,0.0,0.0,0.0,0.0,0.0
2025/12/15,18:20:58,0,0.0,201.0,451.0,250.0,25.0,219.0,3.0,3.0,0.0,0.0,0.0,0.0
2025/12/15,18:21:03,0,0.0,205.0,449.0,249.0,29.0,219.0,6.0,4.0,0.0,0.0,0.0,0.0
2025/12/15,18:21:08,0,0.0,202.0,450.0,250.0,31.0,220.0,5.0,5.0,0.0,0.0,0.0,0.0
2025/12/15,18:21:13,0,0.0,196.0,450.0,251.0,32.0,219.0,5.0,4.0,0.0,0.0,0.0,0.0
2025/12/15,18:21:18,0,0.0,199.0,450.0,250.0,26.0,221.0,4.0,4.0,0.0,0.0,0.0,0.0
2025/12/15,18:21:23,0,0.0,216.0,451.0,251.0,6.0,219.0,1.0,0.0,0.0,0.0,0.0,0.0
2025/12/15,18:21:28,0,0.0,212.0,452.0,251.0,3.0,219.0,0.0,0.0,0.0,0.0,0.0,0.0
2025/12/15,18:21:33,0,0.0,201.0,450.0,252.0,16.0,220.0,2.0,2.0,0.0,0.0,0.0,0.0
2025/12/15,18:21:38,0,0.0,203.0,447.0,250.0,32.0,218.0,6.0,4.0,0.0,0.0,0.0,0.0
2025/12/15,18:21:43,0,0.0,196.0,450.0,250.0,30.0,220.0,6.0,4.0,0.0,0.0,0.0,0.0
2025/12/15,18:21:48,0,0.0,215.0,451.0,251.0,4.0,221.0,1.0,0.0,0.0,0.0,0.0,0.0
2025/12/15,18:21:53,0,0.0,212.0,450.0,250.0,4.0,220.0,0.0,0.0,0.0,0.0,0.0,0.0
2025/12/15,18:21:58,0,0.0,204.0,447.0,250.0,12.0,220.0,2.0,1.0,0.0,0.0,0.0,0.0
2025/12/15,18:22:03,0,0.0,204.0,450.0,251.0,30.0,220.0,5.0,4.0,0.0,0.0,0.0,0.0
2025/12/15,18:22:08,0,0.0,195.0,450.0,250.0,31.0,220.0,5.0,4.0,0.0,0.0,0.0,0.0
2025/12/15,18:22:13,0,0.0,209.0,451.0,249.0,12.0,220.0,3.0,2.0,0.0,0.0,0.0,0.0
2025/12/15,18:22:18,0,0.0,223.0,449.0,250.0,5.0,220.0,1.0,0.0,0.0,0.0,0.0,0.0
2025/12/15,18:22:23,0,0.0,204.0,451.0,250.0,3.0,219.0,0.0,0.0,0.0,0.0,0.0,0.0
2025/12/15,18:22:28,0,0.0,200.0,450.0,250.0,27.0,220.0,6.0,4.0,0.0,0.0,0.0,0.0
2025/12/15,18:22:33,0,0.0,197.0,448.0,251.0,32.0,220.0,6.0,4.0,0.0,0.0,0.0,0.0
2025/12/15,18:22:38,0,0.0,206.0,450.0,250.0,16.0,220.0,3.0,2.0,0.0,0.0,0.0,0.0
2025/12/15,18:22:43,0,0.0,221.0,451.0,251.0,5.0,220.0,1.0,0.0,0.0,0.0,0.0,0.0
2025/12/15,18:22:48,0,0.0,207.0,450.0,250.0,5.0,220.0,0.0,0.0,0.0,0.0,0.0,0.0
2025/12/15,18:22:53,0,0.0,200.0,450.0,251.0,27.0,218.0,5.0,4.0,0.0,0.0,0.0,0.0
2025/12/15,18:22:58,0,0.0,195.0,450.0,248.0,29.0,219.0,6.0,4.0,0.0,0.0,0.0,0.0
2025/12/15,18:23:03,0,0.0,215.0,451.0,250.0,6.0,220.0,1.0,1.0,0.0,0.0,0.0,0.0
2025/12/15,18:23:08,0,0.0,212.0,450.0,250.0,4.0,220.0,0.0,0.0,0.0,0.0,0.0,0.0
2025/12/15,18:23:13,0,0.0,203.0,450.0,250.0,3.0,219.0,0.0,0.0,0.0,0.0,0.0,0.0
2025/12/15,18:23:18,0,0.0,204.0,450.0,248.0,15.0,219.0,2.0,2.0,0.0,0.0,0.0,0.0
2025/12/15,18:23:23,0,0.0,200.0,450.0,251.0,31.0,220.0,5.0,4.0,0.0,0.0,0.0,0.0
2025/12/15,18:23:28,0,0.0,204.0,448.0,250.0,24.0,220.0,4.0,3.0,0.0,0.0,0.0,0.0
2025/12/15,18:23:33,0,0.0,213.0,450.0,250.0,2.0,219.0,1.0,0.0,0.0,0.0,0.0,0.0
2025/12/15,18:23:38,0,0.0,202.0,450.0,250.0,24.0,220.0,2.0,2.0,0.0,0.0,0.0,0.0
2025/12/15,18:23:43,0,0.0,200.0,449.0,250.0,32.0,219.0,6.0,4.0,0.0,0.0,0.0,0.0
2025/12/15,18:23:48,0,0.0,205.0,449.0,250.0,19.0,219.0,5.0,3.0,0.0,0.0,0.0,0.0
2025/12/15,18:23:53,0,0.0,225.0,451.0,249.0,3.0,219.0,1.0,0.0,0.0,0.0,0.0,0.0
2025/12/15,18:23:58,0,0.0,216.0,448.0,250.0,5.0,220.0,0.0,0.0,0.0,0.0,0.0,0.0
2025/12/15,18:24:03,0,0.0,213.0,452.0,251.0,1.0,219.0,0.0,0.0,0.0,0.0,0.0,0.0
2025/12/15,18:24:08,0,0.0,206.0,451.0,250.0,2.0,219.0,0.0,0.0,0.0,0.0,0.0,0.0
2025/12/15,18:24:13,0,0.0,202.0,449.0,250.0,23.0,219.0,4.0,3.0,0.0,0.0,0.0,0.0
2025/12/15,18:24:18,0,0.0,201.0,448.0,249.0,30.0,218.0,6.0,4.0,0.0,0.0,0.0,0.0
2025/12/15,18:24:23,0,0.0,196.0,450.0,249.0,29.0,218.0,7.0,4.0,0.0,0.0,0.0,0.0
2025/12/15,18:24:28,0,0.0,217.0,450.0,249.0,6.0,219.0,1.0,0.0,0.0,0.0,0.0,0.0
2025/12/15,18:24:33,0,0.0,210.0,451.0,250.0,4.0,219.0,0.0,0.0,0.0,0.0,0.0,0.0
2025/12/15,18:24:38,0,0.0,204.0,448.0,251.0,22.0,220.0,3.0,3.0,0.0,0.0,0.0,0.0
2025/12/15,18:24:43,0,0.0,200.0,450.0,250.0,31.0,220.0,5.0,5.0,0.0,0.0,0.0,0.0
2025/12/15,18:24:48,0,0.0,203.0,450.0,250.0,20.0,219.0,4.0,3.0,0.0,0.0,0.0,0.0
2025/12/15,18:24:53,0,0.0,222.0,448.0,250.0,5.0,221.0,1.0,0.0,0.0,0.0,0.0,0.0
2025/12/15,18:24:58,0,0.0,204.0,451.0,251.0,3.0,219.0,0.0,0.0,0.0,0.0,0.0,0.0
2025/12/15,18:25:03,0,0.0,198.0,449.0,249.0,27.0,219.0,5.0,4.0,0.0,0.0,0.0,0.0
2025/12/15,18:25:08,0,0.0,198.0,450.0,251.0,32.0,220.0,6.0,5.0,0.0,0.0,0.0,0.0
2025/12/15,18:25:13,0,0.0,207.0,451.0,251.0,16.0,221.0,3.0,2.0,0.0,0.0,0.0,0.0
2025/12/15,18:25:18,0,0.0,218.0,452.0,250.0,3.0,219.0,1.0,0.0,0.0,0.0,0.0,0.0
2025/12/15,18:25:23,0,0.0,202.0,450.0,250.0,12.0,219.0,2.0,1.0,0.0,0.0,0.0,0.0
2025/12/15,18:25:28,0,0.0,205.0,450.0,252.0,28.0,219.0,6.0,4.0,0.0,0.0,0.0,0.0
2025/12/15,18:25:33,0,0.0,194.0,450.0,250.0,31.0,220.0,6.0,5.0,0.0,0.0,0.0,0.0
2025/12/15,18:25:38,0,0.0,219.0,448.0,250.0,4.0,220.0,1.0,0.0,0.0,0.0,0.0,0.0
2025/12/15,18:25:43,0,0.0,207.0,452.0,251.0,5.0,219.0,0.0,0.0,0.0,0.0,0.0,0.0
2025/12/15,18:25:48,0,0.0,200.0,448.0,250.0,31.0,221.0,5.0,4.0,0.0,0.0,0.0,0.0
2025/12/15,18:25:53,0,0.0,212.0,450.0,250.0,7.0,220.0,1.0,1.0,0.0,0.0,0.0,0.0
2025/12/15,18:25:58,0,0.0,201.0,450.0,250.0,19.0,219.0,3.0,3.0,0.0,0.0,0.0,0.0
2025/12/15,18:26:03,0,0.0,194.0,449.0,251.0,29.0,219.0,5.0,5.0,0.0,0.0,0.0,0.0
2025/12/15,18:26:08,0,0.0,215.0,450.0,249.0,1.0,218.0,1.0,0.0,0.0,0.0,0.0,0.0
2025/12/15,18:26:13,0,0.0,197.0,449.0,251.0,31.0,220.0,4.0,4.0,0.0,0.0,0.0,0.0
2025/12/15,18:26:18,0,0.0,200.0,450.0,250.0,22.0,220.0,4.0,4.0,0.0,0.0,0.0,0.0
2025/12/15,18:26:23,0,0.0,211.0,451.0,250.0,2.0,219.0,1.0,0.0,0.0,0.0,0.0,0.0
2025/12/15,18:26:28,0,0.0,202.0,449.0,250.0,30.0,221.0,5.0,4.0,0.0,0.0,0.0,0.0
2025/12/15,18:26:33,0,0.0,215.0,449.0,250.0,2.0,221.0,1.0,0.0,0.0,0.0,0.0,0.0
2025/12/15,18:26:38,0,0.0,201.0,449.0,250.0,33.0,220.0,5.0,4.0,0.0,0.0,0.0,0.0
2025/12/15,18:26:43,0,0.0,213.0,450.0,250.0,2.0,220.0,0.0,0.0,0.0,0.0,0.0,0.0
2025/12/15,18:26:48,0,0.0,196.0,448.0,250.0,29.0,221.0,5.0,4.0,0.0,0.0,0.0,0.0
2025/12/15,18:26:53,0,0.0,204.0,452.0,250.0,3.0,220.0,0.0,0.0,0.0,0.0,0.0,0.0
2025/12/15,18:26:58,0,0.0,195.0,449.0,250.0,31.0,219.0,6.0,4.0,0.0,0.0,0.0,0.0
2025/12/15,18:27:03,0,0.0,205.0,451.0,250.0,2.0,220.0,0.0,0.0,0.0,0.0,0.0,0.0
2025/12/15,18:27:08,0,0.0,200.0,450.0,250.0,27.0,220.0,6.0,3.0,0.0,0.0,0.0,0.0
2025/12/15,18:27:13,0,0.0,202.0,450.0,251.0,25.0,220.0,3.0,3.0,0.0,0.0,0.0,0.0
2025/12/15,18:27:18,0,0.0,216.0,450.0,250.0,3.0,220.0,0.0,0.0,0.0,0.0,0.0,0.0
2025/12/15,18:27:23,0,0.0,211.0,450.0,250.0,10.0,219.0,2.0,2.0,0.0,0.0,0.0,0.0
2025/12/15,18:27:28,0,0.0,199.0,449.0,251.0,24.0,220.0,4.0,3.0,0.0,0.0,0.0,0.0
2025/12/15,18:27:33,0,0.0,196.0,449.0,250.0,27.0,220.0,6.0,4.0,0.0,0.0,0.0,0.0
2025/12/15,18:27:38,0,0.0,198.0,447.0,250.0,26.0,219.0,5.0,4.0,0.0,0.0,0.0,0.0
2025/12/15,18:27:43,0,0.0,201.0,448.0,250.0,23.0,220.0,5.0,4.0,0.0,0.0,0.0,0.0
2025/12/15,18:27:48,0,0.0,198.0,450.0,251.0,29.0,220.0,5.0,3.0,0.0,0.0,0.0,0.0
2025/12/15,18:27:53,0,0.0,196.0,449.0,251.0,32.0,220.0,6.0,5.0,0.0,0.0,0.0,0.0
2025/12/15,18:27:58,0,0.0,204.0,449.0,250.0,29.0,220.0,4.0,4.0,0.0,0.0,0.0,0.0
2025/12/15,18:28:03,0,0.0,206.0,450.0,250.0,2.0,219.0,0.0,0.0,0.0,0.0,0.0,0.0
2025/12/15,18:28:08,0,0.0,208.0,450.0,250.0,15.0,218.0,3.0,3.0,0.0,0.0,0.0,0.0
2025/12/15,18:28:13,0,0.0,201.0,449.0,251.0,29.0,218.0,7.0,4.0,0.0,0.0,0.0,0.0
2025/12/15,18:28:18,0,0.0,213.0,450.0,250.0,2.0,220.0,0.0,0.0,0.0,0.0,0.0,0.0
2025/12/15,18:28:23,0,0.0,194.0,450.0,251.0,32.0,221.0,5.0,5.0,0.0,0.0,0.0,0.0
2025/12/15,18:28:28,0,0.0,200.0,449.0,249.0,23.0,219.0,4.0,1.0,0.0,0.0,0.0,0.0
2025/12/15,18:28:33,0,0.0,219.0,451.0,250.0,2.0,219.0,2.0,0.0,0.0,0.0,0.0,0.0
2025/12/15,18:28:38,0,0.0,196.0,449.0,251.0,32.0,219.0,6.0,4.0,0.0,0.0,0.0,0.0
2025/12/15,18:28:43,0,0.0,201.0,449.0,250.0,19.0,219.0,3.0,2.0,0.0,0.0,0.0,0.0
2025/12/15,18:28:48,0,0.0,216.0,451.0,251.0,3.0,220.0,0.0,0.0,0.0,0.0,0.0,0.0
2025/12/15,18:28:53,0,0.0,199.0,449.0,250.0,27.0,219.0,6.0,4.0,0.0,0.0,0.0,0.0
2025/12/15,18:28:58,0,0.0,200.0,449.0,250.0,31.0,219.0,5.0,4.0,0.0,0.0,0.0,0.0
2025/12/15,18:29:03,0,0.0,205.0,449.0,250.0,4.0,220.0,1.0,0.0,0.0,0.0,0.0,0.0
2025/12/15,18:29:08,0,0.0,213.0,448.0,250.0,8.0,220.0,1.0,0.0,0.0,0.0,0.0,0.0
2025/12/15,18:29:13,0,0.0,198.0,449.0,249.0,33.0,220.0,5.0,4.0,0.0,0.0,0.0,0.0
2025/12/15,18:29:18,0,0.0,201.0,449.0,250.0,15.0,219.0,3.0,2.0,0.0,0.0,0.0,0.0
2025/12/15,18:29:23,0,0.0,218.0,450.0,251.0,3.0,220.0,1.0,0.0,0.0,0.0,0.0,0.0
2025/12/15,18:29:28,0,0.0,199.0,450.0,251.0,32.0,220.0,5.0,4.0,0.0,0.0,0.0,0.0
2025/12/15,18:29:33,0,0.0,198.0,447.0,250.0,29.0,219.0,5.0,4.0,0.0,0.0,0.0,0.0
2025/12/15,18:29:38,0,0.0,209.0,448.0,250.0,3.0,220.0,0.0,0.0,0.0,0.0,0.0,0.0
2025/12/15,18:29:43,0,0.0,208.0,449.0,250.0,13.0,218.0,3.0,2.0,0.0,0.0,0.0,0.0
2025/12/15,18:29:48,0,0.0,200.0,450.0,248.0,30.0,220.0,5.0,4.0,0.0,0.0,0.0,0.0
2025/12/15,18:29:53,0,0.0,202.0,449.0,250.0,18.0,220.0,2.0,3.0,0.0,0.0,0.0,-0.0008
2025/12/15,18:29:58,0,0.0,211.0,451.0,250.0,2.0,221.0,0.0,0.0,0.0,0.0,0.0,0.0
2025/12/15,18:30:17,0,0.0,201.0,450.0,250.0,40.0,220.0,6.0,5.0,0.0,0.0,0.0,0.0
2025/12/15,18:30:17,0,0.0,203.0,450.0,249.0,0.0,220.0,0.0,0.0,0.0,0.0,0.0,0.0
2025/12/15,18:30:22,0,0.0,215.0,450.0,250.0,1.0,221.0,0.0,0.0,0.0,0.0,0.0,0.0
2025/12/15,18:30:27,0,0.0,202.0,448.0,249.0,31.0,218.0,6.0,4.0,0.0,0.0,0.0,0.0
2025/12/15,18:30:32,0,1.0,211.0,449.0,250.0,7.0,221.0,2.0,2.0,0.0,0.0,0.0,0.0
2025/12/15,18:30:37,0,0.0,221.0,451.0,251.0,4.0,219.0,1.0,0.0,0.0,0.0,0.0,0.0
2025/12/15,18:30:42,0,0.0,218.0,451.0,250.0,7.0,220.0,0.0,1.0,0.0,0.0,0.0,0.0
2025/12/15,18:30:47,0,0.0,199.0,446.0,251.0,24.0,220.0,4.0,3.0,0.0,0.0,0.0,0.0
2025/12/15,18:30:52,0,0.0,200.0,450.0,248.0,32.0,219.0,6.0,5.0,0.0,0.0,0.0,0.0
2025/12/15,18:30:57,0,0.0,204.0,449.0,250.0,29.0,219.0,6.0,4.0,0.0,0.0,0.0,0.0
2025/12/15,18:31:02,0,0.0,203.0,449.0,252.0,27.0,220.0,5.0,4.0,0.0,0.0,0.0,0.0
2025/12/15,18:31:07,0,0.0,200.0,448.0,250.0,30.0,219.0,6.0,4.0,0.0,0.0,0.0,0.0
2025/12/15,18:31:12,0,0.0,199.0,448.0,250.0,28.0,219.0,5.0,4.0,0.0,0.0,0.0,0.0
2025/12/15,18:31:17,0,0.0,212.0,450.0,250.0,8.0,220.0,1.0,1.0,0.0,0.0,0.0,0.0
2025/12/15,18:31:22,0,0.0,216.0,450.0,250.0,10.0,219.0,1.0,0.0,0.0,0.0,0.0,0.0
2025/12/15,18:31:27,0,0.0,214.0,450.0,250.0,8.0,220.0,0.0,1.0,0.0,0.0,0.0,0.0
2025/12/15,18:31:32,0,0.0,213.0,450.0,250.0,9.0,220.0,0.0,1.0,0.0,0.0,0.0,0.0
2025/12/15,18:31:37,0,0.0,213.0,450.0,250.0,11.0,221.0,1.0,1.0,0.0,0.0,0.0,0.0
2025/12/15,18:31:42,0,0.0,218.0,450.0,250.0,6.0,220.0,1.0,0.0,0.0,0.0,0.0,0.0
2025/12/15,18:31:47,0,0.0,202.0,450.0,250.0,19.0,220.0,2.0,2.0,0.0,0.0,0.0,0.0
2025/12/15,18:31:52,0,0.0,204.0,450.0,250.0,21.0,219.0,5.0,3.0,0.0,0.0,0.0,0.0
2025/12/15,18:31:57,0,0.0,203.0,449.0,250.0,16.0,220.0,2.0,2.0,0.0,0.0,0.0,0.0
2025/12/15,18:32:02,0,0.0,205.0,450.0,250.0,17.0,220.0,3.0,3.0,0.0,0.0,0.0,0.0
2025/12/15,18:32:07,0,0.0,207.0,450.0,250.0,4.0,220.0,1.0,0.0,0.0,0.0,0.0,0.0
2025/12/15,18:32:12,0,0.0,204.0,449.0,250.0,6.0,220.0,0.0,0.0,0.0,0.0,0.0,0.0
2025/12/15,18:32:17,0,0.0,213.0,450.0,250.0,7.0,220.0,1.0,1.0,0.0,0.0,0.0,0.0
2025/12/15,18:32:22,0,0.0,201.0,449.0,249.0,24.0,219.0,4.0,3.0,0.0,0.0,0.0,0.0
2025/12/15,18:32:27,0,0.0,198.0,450.0,251.0,27.0,221.0,5.0,4.0,0.0,0.0,0.0,-0.0008
2025/12/15,18:32:32,0,0.0,204.0,450.0,250.0,3.0,219.0,1.0,0.0,0.0,0.0,0.0,0.0
2025/12/15,18:32:37,0,0.0,200.0,448.0,249.0,27.0,219.0,4.0,4.0,0.0,0.0,0.0,0.0
2025/12/15,18:32:42,0,0.0,205.0,449.0,251.0,29.0,217.0,5.0,4.0,0.0,0.0,0.0,0.0
2025/12/15,18:32:47,0,0.0,203.0,450.0,250.0,2.0,219.0,0.0,0.0,0.0,0.0,0.0,0.0
2025/12/15,18:32:52,0,0.0,214.0,450.0,250.0,6.0,220.0,1.0,1.0,0.0,0.0,0.0,0.0
2025/12/15,18:32:57,0,0.0,203.0,449.0,251.0,31.0,219.0,5.0,3.0,0.0,0.0,0.0,0.0
2025/12/15,18:33:02,0,0.0,221.0,450.0,250.0,3.0,221.0,1.0,0.0,0.0,0.0,0.0,0.0
2025/12/15,18:33:07,0,0.0,205.0,449.0,250.0,31.0,220.0,5.0,4.0,0.0,0.0,0.0,0.0
2025/12/15,18:33:12,0,0.0,215.0,449.0,250.0,3.0,221.0,0.0,0.0,0.0,0.0,0.0,0.0
2025/12/15,18:33:17,0,0.0,197.0,449.0,250.0,31.0,220.0,6.0,4.0,0.0,0.0,0.0,0.0
2025/12/15,18:33:22,0,0.0,203.0,450.0,250.0,5.0,220.0,0.0,0.0,0.0,0.0,0.0,0.0
2025/12/15,18:33:27,0,0.0,217.0,448.0,250.0,3.0,220.0,1.0,0.0,0.0,0.0,0.0,0.0
2025/12/15,18:33:32,0,0.0,204.0,450.0,250.0,22.0,219.0,4.0,3.0,0.0,0.0,0.0,0.0
2025/12/15,18:33:37,0,0.0,198.0,447.0,250.0,32.0,218.0,6.0,5.0,0.0,0.0,0.0,0.0
2025/12/15,18:33:42,0,0.0,201.0,449.0,250.0,32.0,219.0,6.0,5.0,0.0,0.0,0.0,0.0
2025/12/15,18:33:47,0,0.0,205.0,446.0,250.0,30.0,221.0,5.0,4.0,0.0,0.0,0.0,0.0
2025/12/15,18:33:52,0,0.0,201.0,450.0,250.0,20.0,219.0,4.0,3.0,0.0,0.0,0.0,0.0
2025/12/15,18:33:57,0,0.0,213.0,451.0,249.0,3.0,219.0,0.0,0.0,0.0,0.0,0.0,0.0
2025/12/15,18:34:02,0,0.0,194.0,450.0,251.0,32.0,220.0,5.0,5.0,0.0,0.0,0.0,0.0
2025/12/15,18:34:07,0,0.0,204.0,450.0,251.0,16.0,220.0,2.0,2.0,0.0,0.0,0.0,0.0
2025/12/15,18:34:12,0,0.0,217.0,451.0,251.0,5.0,219.0,1.0,1.0,0.0,0.0,0.0,0.0
2025/12/15,18:34:17,0,0.0,202.0,450.0,248.0,32.0,220.0,5.0,4.0,0.0,0.0,0.0,0.0
2025/12/15,18:34:22,0,0.0,209.0,450.0,250.0,1.0,220.0,0.0,0.0,0.0,0.0,0.0,0.0
2025/12/15,18:34:27,0,0.0,202.0,450.0,250.0,21.0,220.0,4.0,4.0,0.0,0.0,0.0,0.0
2025/12/15,18:34:32,0,0.0,202.0,449.0,250.0,31.0,220.0,5.0,4.0,0.0,0.0,0.0,0.0
2025/12/15,18:34:37,0,0.0,202.0,449.0,249.0,19.0,219.0,3.0,2.0,0.0,0.0,0.0,0.0
2025/12/15,18:34:42,0,0.0,209.0,450.0,249.0,2.0,219.0,0.0,0.0,0.0,0.0,0.0,0.0
2025/12/15,18:34:47,0,0.0,216.0,449.0,250.0,5.0,220.0,1.0,0.0,0.0,0.0,0.0,0.0
2025/12/15,18:34:52,0,0.0,196.0,449.0,250.0,34.0,219.0,6.0,4.0,0.0,0.0,0.0,0.0
2025/12/15,18:34:57,0,0.0,205.0,448.0,248.0,29.0,219.0,6.0,4.0,0.0,0.0,0.0,0.0
2025/12/15,18:35:02,0,0.0,200.0,447.0,250.0,19.0,219.0,4.0,3.0,0.0,0.0,0.0,0.0
2025/12/15,18:35:07,0,0.0,208.0,451.0,251.0,1.0,219.0,0.0,0.0,0.0,0.0,0.0,0.0
2025/12/15,18:35:12,0,0.0,219.0,451.0,248.0,5.0,220.0,1.0,1.0,0.0,0.0,0.0,0.0
2025/12/15,18:35:17,0,0.0,204.0,449.0,251.0,21.0,220.0,3.0,2.0,0.0,0.0,0.0,0.0
2025/12/15,18:35:22,0,0.0,196.0,447.0,250.0,33.0,220.0,5.0,4.0,0.0,0.0,0.0,0.0
2025/12/15,18:35:27,0,0.0,205.0,450.0,251.0,29.0,219.0,6.0,4.0,0.0,0.0,0.0,0.0
2025/12/15,18:35:32,0,0.0,200.0,450.0,249.0,27.0,218.0,6.0,4.0,0.0,0.0,0.0,0.0
2025/12/15,18:35:37,0,0.0,198.0,447.0,250.0,32.0,221.0,6.0,5.0,0.0,0.0,0.0,0.0
2025/12/15,18:35:42,0,0.0,217.0,450.0,250.0,2.0,221.0,1.0,0.0,0.0,0.0,0.0,0.0
2025/12/15,18:35:47,0,0.0,201.0,449.0,250.0,32.0,220.0,5.0,4.0,0.0,0.0,0.0,0.0
2025/12/15,18:35:52,0,0.0,222.0,450.0,250.0,4.0,219.0,1.0,0.0,0.0,0.0,0.0,0.0
2025/12/15,18:35:57,0,0.0,203.0,449.0,250.0,18.0,220.0,2.0,2.0,0.0,0.0,0.0,0.0
2025/12/15,18:36:02,0,0.0,207.0,448.0,250.0,29.0,219.0,5.0,4.0,0.0,0.0,0.0,0.0
2025/12/15,18:36:07,0,0.0,199.0,447.0,250.0,31.0,220.0,6.0,5.0,0.0,0.0,0.0,0.0
2025/12/15,18:36:12,0,0.0,198.0,449.0,250.0,31.0,220.0,6.0,5.0,0.0,0.0,0.0,0.0
2025/12/15,18:36:17,0,0.0,197.0,449.0,250.0,33.0,220.0,6.0,4.0,0.0,0.0,0.0,0.0
2025/12/15,18:36:22,0,0.0,199.0,449.0,250.0,26.0,219.0,5.0,4.0,0.0,0.0,0.0,0.0
2025/12/15,18:36:27,0,0.0,217.0,450.0,250.0,5.0,220.0,1.0,0.0,0.0,0.0,0.0,0.0
2025/12/15,18:36:32,0,0.0,206.0,451.0,249.0,5.0,219.0,0.0,0.0,0.0,0.0,0.0,0.0
2025/12/15,18:36:37,0,0.0,202.0,448.0,251.0,30.0,221.0,5.0,4.0,0.0,0.0,0.0,0.0
2025/12/15,18:36:42,0,0.0,210.0,450.0,250.0,9.0,219.0,2.0,1.0,0.0,0.0,0.0,0.0
2025/12/15,18:36:47,0,0.0,207.0,450.0,250.0,3.0,220.0,0.0,0.0,0.0,0.0,0.0,0.0
2025/12/15,18:36:52,0,0.0,202.0,448.0,249.0,31.0,219.0,5.0,4.0,0.0,0.0,0.0,0.0
2025/12/15,18:36:57,0,0.0,208.0,449.0,250.0,14.0,220.0,2.0,2.0,0.0,0.0,0.0,0.0
2025/12/15,18:37:02,0,0.0,210.0,450.0,250.0,4.0,220.0,0.0,0.0,0.0,0.0,0.0,0.0
2025/12/15,18:37:07,0,0.0,200.0,447.0,249.0,24.0,219.0,5.0,4.0,0.0,0.0,0.0,0.0
2025/12/15,18:37:12,0,0.0,196.0,449.0,250.0,30.0,220.0,5.0,4.0,0.0,0.0,0.0,0.0
2025/12/15,18:37:17,0,0.0,219.0,450.0,249.0,5.0,220.0,1.0,0.0,0.0,0.0,0.0,0.0
2025/12/15,18:37:22,0,0.0,203.0,450.0,250.0,18.0,220.0,3.0,2.0,0.0,0.0,0.0,0.0
2025/12/15,18:37:27,0,0.0,196.0,446.0,250.0,31.0,221.0,6.0,5.0,0.0,0.0,0.0,0.0
2025/12/15,18:37:32,0,0.0,217.0,449.0,249.0,7.0,219.0,1.0,1.0,0.0,0.0,0.0,0.0
2025/12/15,18:37:37,0,0.0,203.0,450.0,250.0,5.0,221.0,0.0,0.0,0.0,0.0,0.0,0.0
2025/12/15,18:37:42,0,0.0,197.0,448.0,249.0,28.0,220.0,6.0,4.0,0.0,0.0,0.0,0.0
2025/12/15,18:37:47,0,0.0,202.0,449.0,251.0,31.0,221.0,5.0,5.0,0.0,0.0,0.0,0.0
2025/12/15,18:37:52,0,0.0,194.0,449.0,251.0,31.0,220.0,5.0,4.0,0.0,0.0,0.0,0.0
2025/12/15,18:37:57,0,0.0,198.0,448.0,250.0,31.0,220.0,5.0,4.0,0.0,0.0,0.0,0.0
2025/12/15,18:38:02,0,0.0,196.0,446.0,250.0,32.0,220.0,5.0,4.0,0.0,0.0,0.0,0.0
2025/12/15,18:38:07,0,0.0,197.0,449.0,250.0,31.0,220.0,6.0,5.0,0.0,0.0,0.0,0.0
2025/12/15,18:38:12,0,0.0,201.0,448.0,251.0,30.0,220.0,6.0,4.0,0.0,0.0,0.0,0.0
2025/12/15,18:38:17,0,0.0,201.0,449.0,251.0,28.0,220.0,4.0,5.0,0.0,0.0,0.0,0.0
2025/12/15,18:38:22,0,0.0,200.0,448.0,249.0,26.0,219.0,5.0,4.0,0.0,0.0,0.0,0.0
2025/12/15,18:38:27,0,0.0,198.0,448.0,246.0,28.0,219.0,5.0,3.0,0.0,0.0,0.0,0.0
2025/12/15,18:38:32,0,0.0,203.0,448.0,250.0,30.0,220.0,5.0,4.0,0.0,0.0,0.0,0.0
2025/12/15,18:38:37,0,1.0,201.0,449.0,250.0,25.0,220.0,5.0,3.0,0.0,0.0,0.0,0.0
2025/12/15,18:38:42,0,0.0,211.0,449.0,250.0,1.0,219.0,0.0,0.0,0.0,0.0,0.0,0.0
2025/12/15,18:38:47,0,0.0,202.0,448.0,252.0,31.0,220.0,5.0,4.0,0.0,0.0,0.0,0.0
2025/12/15,18:38:52,0,0.0,196.0,448.0,250.0,31.0,220.0,6.0,5.0,0.0,0.0,0.0,0.0
2025/12/15,18:38:57,0,0.0,217.0,450.0,250.0,3.0,221.0,2.0,0.0,0.0,0.0,0.0,0.0
2025/12/15,18:39:02,0,0.0,210.0,450.0,250.0,2.0,219.0,1.0,0.0,0.0,0.0,0.0,0.0
2025/12/15,18:39:07,0,0.0,204.0,448.0,250.0,21.0,221.0,2.0,2.0,0.0,0.0,0.0,0.0
2025/12/15,18:39:12,0,0.0,204.0,446.0,250.0,30.0,219.0,6.0,4.0,0.0,0.0,0.0,0.0
2025/12/15,18:39:17,0,0.0,195.0,448.0,250.0,30.0,221.0,6.0,4.0,0.0,0.0,0.0,0.0
2025/12/15,18:39:22,0,0.0,218.0,450.0,250.0,3.0,219.0,2.0,0.0,0.0,0.0,0.0,0.0
2025/12/15,18:39:27,0,0.0,207.0,448.0,249.0,2.0,219.0,0.0,0.0,0.0,0.0,0.0,0.0
2025/12/15,18:39:32,0,0.0,203.0,446.0,250.0,30.0,220.0,5.0,4.0,0.0,0.0,0.0,0.0
2025/12/15,18:39:37,0,0.0,210.0,450.0,251.0,12.0,221.0,3.0,2.0,0.0,0.0,0.0,0.0
2025/12/15,18:39:42,0,0.0,210.0,450.0,250.0,1.0,220.0,0.0,0.0,0.0,0.0,0.0,0.0
2025/12/15,18:39:47,0,0.0,202.0,449.0,251.0,24.0,220.0,3.0,3.0,0.0,0.0,0.0,0.0
2025/12/15,18:39:52,0,0.0,201.0,447.0,250.0,32.0,220.0,5.0,4.0,0.0,0.0,0.0,0.0
2025/12/15,18:39:57,0,0.0,191.0,448.0,250.0,31.0,220.0,5.0,4.0,0.0,0.0,0.0,0.0
2025/12/15,18:40:02,0,0.0,214.0,449.0,250.0,7.0,221.0,2.0,0.0,0.0,0.0,0.0,0.0
2025/12/15,18:40:07,0,0.0,211.0,450.0,250.0,2.0,221.0,0.0,1.0,0.0,0.0,0.0,0.0
2025/12/15,18:40:59,0,0.0,213.0,448.0,250.0,0.0,219.0,0.0,0.0,0.0,0.0,0.0,0.0
2025/12/15,18:41:01,0,0.0,201.0,446.0,250.0,30.0,219.0,5.0,4.0,0.0,0.0,0.0,0.0
2025/12/15,18:41:06,0,0.0,214.0,449.0,250.0,6.0,220.0,1.0,1.0,0.0,0.0,0.0,0.0
2025/12/15,18:41:11,0,0.0,202.0,447.0,250.0,20.0,220.0,3.0,3.0,0.0,0.0,0.0,0.0
2025/12/15,18:41:16,0,0.0,204.0,449.0,250.0,23.0,220.0,4.0,3.0,0.0,0.0,0.0,0.0
2025/12/15,18:41:21,0,0.0,206.0,450.0,250.0,3.0,221.0,0.0,0.0,0.0,0.0,0.0,0.0
2025/12/15,18:41:26,0,0.0,203.0,448.0,249.0,30.0,219.0,6.0,4.0,0.0,0.0,0.0,0.0
2025/12/15,18:41:31,0,0.0,210.0,450.0,250.0,12.0,220.0,2.0,2.0,0.0,0.0,0.0,0.0
2025/12/15,18:41:36,0,0.0,206.0,450.0,250.0,3.0,221.0,0.0,0.0,0.0,0.0,0.0,0.0
2025/12/15,18:41:41,0,0.0,203.0,449.0,250.0,29.0,219.0,5.0,4.0,0.0,0.0,0.0,0.0
2025/12/15,18:41:46,0,0.0,202.0,449.0,251.0,20.0,221.0,4.0,3.0,0.0,0.0,0.0,0.0
2025/12/15,18:41:51,0,0.0,209.0,450.0,251.0,2.0,219.0,0.0,0.0,0.0,0.0,0.0,0.0
2025/12/15,18:41:56,0,0.0,202.0,449.0,249.0,32.0,220.0,5.0,4.0,0.0,0.0,0.0,0.0
2025/12/15,18:42:01,0,0.0,200.0,449.0,250.0,27.0,220.0,5.0,4.0,0.0,0.0,0.0,0.0
2025/12/15,18:42:06,0,0.0,214.0,450.0,250.0,3.0,220.0,1.0,0.0,0.0,0.0,0.0,0.0
2025/12/15,18:42:11,0,0.0,203.0,450.0,250.0,31.0,221.0,5.0,4.0,0.0,0.0,0.0,0.0
2025/12/15,18:42:16,0,0.0,219.0,450.0,249.0,2.0,220.0,2.0,1.0,0.0,0.0,0.0,0.0
2025/12/15,18:42:21,0,0.0,206.0,450.0,250.0,31.0,220.0,5.0,4.0,0.0,0.0,0.0,0.0
2025/12/15,18:42:26,0,0.0,215.0,450.0,249.0,3.0,219.0,1.0,1.0,0.0,0.0,0.0,0.0
2025/12/15,18:42:31,0,0.0,203.0,448.0,249.0,25.0,220.0,3.0,3.0,0.0,0.0,0.0,0.0
2025/12/15,18:42:36,0,0.0,199.0,449.0,249.0,22.0,219.0,4.0,3.0,0.0,0.0,0.0,0.0
2025/12/15,18:42:41,0,0.0,207.0,450.0,250.0,4.0,220.0,1.0,0.0,0.0,0.0,0.0,0.0
2025/12/15,18:42:46,0,0.0,196.0,450.0,250.0,33.0,220.0,6.0,4.0,0.0,0.0,0.0,0.0
2025/12/15,18:42:51,0,0.0,212.0,449.0,250.0,2.0,220.0,0.0,0.0,0.0,0.0,0.0,0.0
2025/12/15,18:42:56,0,0.0,195.0,448.0,249.0,31.0,219.0,6.0,4.0,0.0,0.0,0.0,0.0
2025/12/15,18:43:01,0,0.0,203.0,450.0,248.0,4.0,218.0,1.0,0.0,0.0,0.0,0.0,0.0
2025/12/15,18:43:06,0,0.0,196.0,448.0,249.0,33.0,218.0,6.0,4.0,0.0,0.0,0.0,0.0
2025/12/15,18:43:11,0,0.0,220.0,451.0,250.0,4.0,219.0,1.0,0.0,0.0,0.0,0.0,0.0
2025/12/15,18:43:16,0,0.0,203.0,450.0,250.0,19.0,219.0,2.0,2.0,0.0,0.0,0.0,0.0
2025/12/15,18:43:21,0,0.0,196.0,448.0,250.0,31.0,220.0,6.0,5.0,0.0,0.0,0.0,0.0
2025/12/15,18:43:26,0,0.0,208.0,450.0,249.0,2.0,218.0,0.0,0.0,0.0,0.0,0.0,0.0
2025/12/15,18:43:31,0,0.0,195.0,449.0,250.0,32.0,221.0,5.0,5.0,0.0,0.0,0.0,0.0
2025/12/15,18:43:36,0,0.0,207.0,450.0,250.0,2.0,219.0,1.0,0.0,0.0,0.0,0.0,0.0
2025/12/15,18:43:41,0,0.0,197.0,449.0,250.0,32.0,220.0,5.0,4.0,0.0,0.0,0.0,0.0
2025/12/15,18:43:46,0,0.0,209.0,449.0,250.0,2.0,220.0,0.0,0.0,0.0,0.0,0.0,0.0
2025/12/15,18:43:51,0,0.0,200.0,449.0,250.0,32.0,219.0,6.0,4.0,0.0,0.0,0.0,0.0
2025/12/15,18:43:56,0,0.0,217.0,449.0,250.0,3.0,219.0,0.0,0.0,0.0,0.0,0.0,0.0
2025/12/15,18:44:01,0,0.0,200.0,448.0,249.0,32.0,218.0,6.0,4.0,0.0,0.0,0.0,0.0
2025/12/15,18:44:06,0,0.0,211.0,450.0,250.0,3.0,220.0,0.0,0.0,0.0,0.0,0.0,0.0
2025/12/15,18:44:11,0,0.0,196.0,449.0,250.0,32.0,219.0,6.0,4.0,0.0,0.0,0.0,0.0
2025/12/15,18:44:16,0,0.0,209.0,450.0,251.0,2.0,218.0,0.0,0.0,0.0,0.0,0.0,0.0
2025/12/15,18:44:21,0,0.0,197.0,448.0,250.0,33.0,220.0,6.0,4.0,0.0,0.0,0.0,0.0
2025/12/15,18:44:26,0,0.0,213.0,450.0,249.0,1.0,221.0,1.0,0.0,0.0,0.0,0.0,0.0
2025/12/15,18:44:31,0,0.0,198.0,449.0,250.0,34.0,219.0,6.0,4.0,0.0,0.0,0.0,0.0
2025/12/15,18:44:36,0,0.0,212.0,450.0,250.0,2.0,220.0,0.0,0.0,0.0,0.0,0.0,0.0
2025/12/15,18:44:41,0,0.0,200.0,449.0,250.0,25.0,220.0,4.0,4.0,0.0,0.0,0.0,0.0
2025/12/15,18:44:46,0,0.0,201.0,450.0,251.0,27.0,220.0,4.0,4.0,0.0,0.0,0.0,0.0
2025/12/15,18:44:51,0,0.0,218.0,449.0,248.0,3.0,219.0,2.0,0.0,0.0,0.0,0.0,0.0
2025/12/15,18:44:56,0,0.0,198.0,446.0,250.0,30.0,220.0,5.0,4.0,0.0,0.0,0.0,0.0
2025/12/15,18:45:01,0,0.0,215.0,447.0,250.0,8.0,220.0,1.0,1.0,0.0,0.0,0.0,0.0
2025/12/15,18:45:06,0,0.0,200.0,449.0,250.0,27.0,220.0,5.0,3.0,0.0,0.0,0.0,0.0
2025/12/15,18:45:11,0,0.0,220.0,449.0,248.0,3.0,218.0,1.0,0.0,0.0,0.0,0.0,0.0
2025/12/15,18:45:16,0,0.0,194.0,448.0,250.0,32.0,220.0,5.0,4.0,0.0,0.0,0.0,0.0
2025/12/15,18:45:21,0,0.0,200.0,449.0,250.0,27.0,220.0,5.0,4.0,0.0,0.0,0.0,0.0
2025/12/15,18:45:26,0,0.0,213.0,449.0,250.0,2.0,220.0,1.0,0.0,0.0,0.0,0.0,0.0
2025/12/15,18:45:31,0,0.0,207.0,448.0,249.0,16.0,219.0,3.0,2.0,0.0,0.0,0.0,0.0
2025/12/15,18:45:36,0,0.0,201.0,449.0,250.0,33.0,221.0,5.0,4.0,0.0,0.0,0.0,0.0
2025/12/15,18:45:41,0,0.0,215.0,449.0,249.0,2.0,220.0,0.0,0.0,0.0,0.0,0.0,0.0
2025/12/15,18:45:46,0,0.0,196.0,449.0,250.0,32.0,220.0,5.0,4.0,0.0,0.0,0.0,0.0
2025/12/15,18:45:51,0,0.0,203.0,449.0,250.0,23.0,219.0,4.0,2.0,0.0,0.0,0.0,0.0
2025/12/15,18:45:56,0,0.0,208.0,450.0,250.0,1.0,220.0,0.0,0.0,0.0,0.0,0.0,0.0
2025/12/15,18:46:01,0,1.0,217.0,449.0,250.0,5.0,220.0,0.0,0.0,0.0,0.0,0.0,0.0
2025/12/15,18:46:06,0,0.0,196.0,448.0,248.0,32.0,219.0,6.0,4.0,0.0,0.0,0.0,0.0
2025/12/15,18:46:11,0,0.0,204.0,449.0,250.0,20.0,218.0,3.0,2.0,0.0,0.0,0.0,0.0
2025/12/15,18:46:16,0,0.0,223.0,450.0,249.0,4.0,221.0,1.0,0.0,0.0,0.0,0.0,0.0
2025/12/15,18:46:21,0,0.0,194.0,448.0,250.0,36.0,221.0,6.0,4.0,0.0,0.0,0.0,0.0
2025/12/15,18:46:26,0,0.0,198.0,449.0,250.0,28.0,219.0,5.0,4.0,0.0,0.0,0.0,0.0
2025/12/15,18:46:31,0,0.0,205.0,450.0,250.0,3.0,220.0,1.0,0.0,0.0,0.0,0.0,0.0
2025/12/15,18:46:36,0,0.0,220.0,449.0,250.0,5.0,220.0,0.0,1.0,0.0,0.0,0.0,0.0
2025/12/15,18:46:41,0,0.0,195.0,448.0,248.0,29.0,220.0,6.0,5.0,0.0,0.0,0.0,0.0
2025/12/15,18:46:46,0,0.0,203.0,449.0,249.0,23.0,220.0,3.0,3.0,0.0,0.0,0.0,0.0
2025/12/15,18:46:51,0,0.0,219.0,450.0,250.0,2.0,220.0,1.0,0.0,0.0,0.0,0.0,0.0
2025/12/15,18:46:56,0,0.0,203.0,449.0,255.0,23.0,220.0,3.0,3.0,0.0,0.0,0.0,0.0
2025/12/15,18:47:01,0,0.0,199.0,449.0,250.0,32.0,218.0,6.0,4.0,0.0,0.0,0.0,0.0
2025/12/15,18:47:06,0,0.0,199.0,446.0,249.0,28.0,219.0,5.0,4.0,0.0,0.0,0.0,0.0
2025/12/15,18:47:11,0,0.0,204.0,450.0,249.0,3.0,220.0,0.0,0.0,0.0,0.0,0.0,0.0
2025/12/15,18:47:16,0,0.0,211.0,448.0,250.0,10.0,220.0,2.0,1.0,0.0,0.0,0.0,0.0
2025/12/15,18:47:21,0,0.0,205.0,448.0,250.0,29.0,219.0,5.0,4.0,0.0,0.0,0.0,0.0
2025/12/15,18:47:26,0,0.0,218.0,448.0,250.0,3.0,220.0,0.0,0.0,0.0,0.0,0.0,0.0
2025/12/15,18:47:31,0,0.0,199.0,449.0,250.0,32.0,220.0,5.0,4.0,0.0,0.0,0.0,0.0
2025/12/15,18:47:36,0,0.0,203.0,447.0,250.0,7.0,220.0,0.0,0.0,0.0,0.0,0.0,0.0
2025/12/15,18:47:41,0,0.0,211.0,447.0,250.0,10.0,220.0,2.0,1.0,0.0,0.0,0.0,0.0
2025/12/15,18:47:46,0,0.0,198.0,449.0,250.0,32.0,219.0,6.0,5.0,0.0,0.0,0.0,0.0
2025/12/15,18:47:51,0,1.0,213.0,450.0,251.0,9.0,219.0,2.0,1.0,0.0,0.0,0.0,0.0
2025/12/15,18:47:56,0,0.0,205.0,450.0,250.0,9.0,221.0,1.0,1.0,0.0,0.0,0.0,0.0
2025/12/15,18:48:01,0,0.0,200.0,448.0,249.0,34.0,219.0,6.0,4.0,0.0,0.0,0.0,0.0
2025/12/15,18:48:06,0,0.0,212.0,449.0,250.0,7.0,220.0,1.0,1.0,0.0,0.0,0.0,0.0
2025/12/15,18:48:11,0,0.0,211.0,450.0,250.0,4.0,221.0,0.0,0.0,0.0,0.0,0.0,0.0
2025/12/15,18:48:16,0,0.0,201.0,450.0,251.0,17.0,220.0,3.0,3.0,0.0,0.0,0.0,0.0
2025/12/15,18:48:21,0,0.0,206.0,449.0,251.0,29.0,220.0,5.0,4.0,0.0,0.0,0.0,0.0
2025/12/15,18:48:26,0,0.0,196.0,448.0,248.0,32.0,218.0,6.0,4.0,0.0,0.0,0.0,0.0
2025/12/15,18:48:31,0,0.0,195.0,448.0,250.0,30.0,220.0,6.0,5.0,0.0,0.0,0.0,0.0
2025/12/15,18:48:36,0,0.0,195.0,448.0,250.0,30.0,220.0,6.0,5.0,0.0,0.0,0.0,0.0
2025/12/15,18:48:41,0,0.0,201.0,449.0,250.0,32.0,220.0,6.0,5.0,0.0,0.0,0.0,0.0
2025/12/15,18:48:46,0,0.0,201.0,449.0,250.0,24.0,220.0,4.0,4.0,0.0,0.0,0.0,0.0
2025/12/15,18:48:51,0,0.0,208.0,450.0,249.0,3.0,220.0,0.0,0.0,0.0,0.0,0.0,0.0
2025/12/15,18:48:56,0,0.0,217.0,449.0,249.0,3.0,221.0,1.0,0.0,0.0,0.0,0.0,0.0
2025/12/15,18:49:01,0,0.0,216.0,448.0,250.0,4.0,219.0,1.0,0.0,0.0,0.0,0.0,0.0
2025/12/15,18:49:06,0,0.0,213.0,447.0,250.0,11.0,218.0,2.0,1.0,0.0,0.0,0.0,0.0
2025/12/15,18:49:11,0,0.0,204.0,449.0,250.0,24.0,219.0,5.0,3.0,0.0,0.0,0.0,0.0
2025/12/15,18:49:16,0,0.0,201.0,448.0,248.0,32.0,219.0,6.0,4.0,0.0,0.0,0.0,0.0
2025/12/15,18:49:21,0,0.0,199.0,449.0,251.0,27.0,221.0,5.0,4.0,0.0,0.0,0.0,0.0
2025/12/15,18:49:26,0,0.0,203.0,450.0,250.0,8.0,219.0,1.0,1.0,0.0,0.0,0.0,0.0
2025/12/15,18:49:31,0,0.0,209.0,450.0,250.0,3.0,221.0,0.0,0.0,0.0,0.0,0.0,0.0
2025/12/15,18:49:36,0,0.0,212.0,448.0,250.0,2.0,221.0,0.0,0.0,0.0,0.0,0.0,0.0
2025/12/15,18:49:41,0,0.0,210.0,450.0,249.0,1.0,219.0,0.0,0.0,0.0,0.0,0.0,0.0
2025/12/15,18:49:46,0,0.0,202.0,449.0,250.0,12.0,219.0,2.0,1.0,0.0,0.0,0.0,0.0
2025/12/15,18:49:51,0,0.0,201.0,449.0,248.0,32.0,219.0,6.0,4.0,0.0,0.0,0.0,0.0
2025/12/15,18:49:56,0,0.0,213.0,447.0,250.0,8.0,220.0,1.0,1.0,0.0,0.0,0.0,0.0
2025/12/15,18:50:01,0,0.0,204.0,450.0,250.0,12.0,221.0,1.0,1.0,0.0,0.0,0.0,0.0
2025/12/15,18:50:06,0,0.0,196.0,449.0,250.0,33.0,220.0,5.0,4.0,0.0,0.0,0.0,0.0
2025/12/15,18:50:11,0,0.0,222.0,449.0,248.0,4.0,219.0,2.0,0.0,0.0,0.0,0.0,0.0
2025/12/15,18:50:16,0,0.0,202.0,450.0,251.0,14.0,220.0,2.0,2.0,0.0,0.0,0.0,0.0
2025/12/15,18:51:06,0,0.0,205.0,449.0,251.0,12.0,222.0,3.0,1.0,0.0,0.0,0.0,0.0
2025/12/15,18:51:10,0,0.0,193.0,447.0,250.0,34.0,219.0,7.0,5.0,0.0,0.0,0.0,0.0
2025/12/15,18:51:15,0,0.0,212.0,449.0,249.0,9.0,219.0,2.0,1.0,0.0,0.0,0.0,0.0
2025/12/15,18:51:20,0,0.0,211.0,450.0,249.0,2.0,221.0,0.0,0.0,0.0,0.0,0.0,0.0
2025/12/15,18:51:25,0,0.0,202.0,448.0,249.0,21.0,219.0,4.0,2.0,0.0,0.0,0.0,0.0
2025/12/15,18:51:30,0,0.0,202.0,448.0,248.0,31.0,220.0,5.0,4.0,0.0,0.0,0.0,0.0
2025/12/15,18:51:35,0,0.0,196.0,448.0,248.0,29.0,220.0,6.0,5.0,0.0,0.0,0.0,0.0
2025/12/15,18:51:40,0,0.0,215.0,450.0,251.0,6.0,221.0,1.0,0.0,0.0,0.0,0.0,0.0
2025/12/15,18:51:45,0,0.0,211.0,450.0,251.0,4.0,219.0,0.0,0.0,0.0,0.0,0.0,0.0
2025/12/15,18:51:50,0,0.0,203.0,449.0,249.0,13.0,220.0,2.0,2.0,0.0,0.0,0.0,0.0
2025/12/15,18:51:55,0,0.0,199.0,448.0,250.0,29.0,221.0,5.0,4.0,0.0,0.0,0.0,0.0
2025/12/15,18:52:00,0,0.0,204.0,445.0,250.0,31.0,220.0,5.0,4.0,0.0,0.0,0.0,0.0
2025/12/15,18:52:05,0,0.0,204.0,447.0,250.0,30.0,218.0,6.0,5.0,0.0,0.0,0.0,0.0
2025/12/15,18:52:10,0,0.0,202.0,448.0,249.0,31.0,219.0,5.0,4.0,0.0,0.0,0.0,0.0
2025/12/15,18:52:15,0,0.0,204.0,448.0,250.0,29.0,220.0,6.0,4.0,0.0,0.0,0.0,0.0
2025/12/15,18:52:20,0,0.0,199.0,448.0,249.0,28.0,219.0,6.0,4.0,0.0,0.0,0.0,0.0
2025/12/15,18:52:25,0,0.0,200.0,447.0,249.0,22.0,219.0,4.0,3.0,0.0,0.0,0.0,0.0
2025/12/15,18:52:30,0,0.0,202.0,449.0,250.0,19.0,219.0,3.0,2.0,0.0,0.0,0.0,0.0
2025/12/15,18:52:35,0,0.0,201.0,449.0,250.0,20.0,220.0,4.0,2.0,0.0,0.0,0.0,0.0
2025/12/15,18:52:40,0,0.0,200.0,448.0,249.0,30.0,219.0,6.0,3.0,0.0,0.0,0.0,0.0
2025/12/15,18:52:45,0,0.0,205.0,449.0,249.0,31.0,220.0,5.0,4.0,0.0,0.0,0.0,0.0
2025/12/15,18:52:50,0,0.0,202.0,449.0,250.0,34.0,220.0,6.0,4.0,0.0,0.0,0.0,0.0
2025/12/15,18:52:55,0,0.0,199.0,448.0,249.0,32.0,220.0,6.0,4.0,0.0,0.0,0.0,0.0
2025/12/15,18:53:00,0,0.0,202.0,449.0,249.0,29.0,220.0,5.0,4.0,0.0,0.0,0.0,0.0
2025/12/15,18:53:05,0,0.0,200.0,448.0,249.0,24.0,220.0,4.0,4.0,0.0,0.0,0.0,0.0
2025/12/15,18:53:10,0,0.0,205.0,450.0,250.0,3.0,221.0,0.0,0.0,0.0,0.0,0.0,0.0
2025/12/15,18:53:15,0,0.0,216.0,450.0,250.0,2.0,220.0,0.0,0.0,0.0,0.0,0.0,0.0
2025/12/15,18:53:20,0,0.0,214.0,450.0,249.0,8.0,219.0,2.0,0.0,0.0,0.0,0.0,0.0
2025/12/15,18:53:25,0,0.0,205.0,449.0,248.0,18.0,219.0,4.0,2.0,0.0,0.0,0.0,0.0
2025/12/15,18:53:30,0,0.0,208.0,448.0,251.0,16.0,220.0,3.0,3.0,0.0,0.0,0.0,0.0
2025/12/15,18:53:35,0,0.0,216.0,449.0,249.0,7.0,220.0,1.0,0.0,0.0,0.0,0.0,0.0
2025/12/15,18:53:40,0,0.0,220.0,450.0,250.0,8.0,220.0,1.0,0.0,0.0,0.0,0.0,0.0
2025/12/15,18:53:45,0,0.0,211.0,450.0,250.0,3.0,220.0,0.0,0.0,0.0,0.0,0.0,0.0
2025/12/15,18:53:50,0,0.0,205.0,450.0,250.0,3.0,220.0,0.0,0.0,0.0,0.0,0.0,0.0
2025/12/15,18:53:55,0,0.0,203.0,450.0,250.0,12.0,220.0,1.0,2.0,0.0,0.0,0.0,0.0
2025/12/15,18:54:00,0,0.0,201.0,449.0,250.0,23.0,220.0,4.0,3.0,0.0,0.0,0.0,0.0
2025/12/15,18:54:05,0,0.0,202.0,448.0,250.0,32.0,219.0,6.0,5.0,0.0,0.0,0.0,0.0
2025/12/15,18:54:10,0,0.0,220.0,450.0,248.0,13.0,220.0,0.0,1.0,0.0,0.0,0.0,0.0
2025/12/15,18:54:15,0,0.0,197.0,448.0,249.0,32.0,220.0,5.0,4.0,0.0,0.0,0.0,0.0
2025/12/15,18:54:20,0,0.0,199.0,449.0,250.0,27.0,220.0,5.0,4.0,0.0,0.0,0.0,0.0
2025/12/15,18:54:25,0,0.0,203.0,449.0,249.0,4.0,221.0,0.0,0.0,0.0,0.0,0.0,0.0
2025/12/15,18:54:30,0,0.0,220.0,450.0,250.0,4.0,219.0,2.0,0.0,0.0,0.0,0.0,0.0
2025/12/15,18:54:35,0,0.0,194.0,448.0,250.0,35.0,220.0,6.0,3.0,0.0,0.0,0.0,0.0
2025/12/15,18:54:40,0,0.0,200.0,448.0,249.0,28.0,219.0,5.0,3.0,0.0,0.0,0.0,0.0
2025/12/15,18:54:45,0,0.0,208.0,450.0,250.0,2.0,220.0,0.0,0.0,0.0,0.0,0.0,0.0
2025/12/15,18:54:50,0,0.0,213.0,449.0,250.0,7.0,220.0,1.0,1.0,0.0,0.0,0.0,0.0
2025/12/15,18:54:55,0,0.0,200.0,448.0,250.0,35.0,221.0,6.0,5.0,0.0,0.0,0.0,0.0
2025/12/15,18:55:00,0,0.0,215.0,450.0,251.0,3.0,219.0,0.0,0.0,0.0,0.0,0.0,0.0
2025/12/15,18:55:05,0,0.0,201.0,448.0,249.0,27.0,220.0,5.0,4.0,0.0,0.0,0.0,0.0
2025/12/15,18:55:10,0,0.0,195.0,448.0,250.0,29.0,221.0,6.0,5.0,0.0,0.0,0.0,0.0
2025/12/15,18:55:15,0,0.0,213.0,450.0,250.0,2.0,220.0,0.0,0.0,0.0,0.0,0.0,0.0
2025/12/15,18:55:20,0,0.0,200.0,449.0,250.0,31.0,221.0,5.0,5.0,0.0,0.0,0.0,0.0
2025/12/15,18:55:25,0,0.0,216.0,450.0,250.0,1.0,220.0,1.0,0.0,0.0,0.0,0.0,0.0
2025/12/15,18:55:30,0,0.0,197.0,449.0,249.0,34.0,220.0,6.0,5.0,0.0,0.0,0.0,0.0
2025/12/15,18:55:35,0,0.0,209.0,450.0,250.0,2.0,219.0,0.0,0.0,0.0,0.0,0.0,0.0
2025/12/15,18:55:40,0,0.0,194.0,449.0,250.0,31.0,220.0,5.0,4.0,0.0,0.0,0.0,0.0
2025/12/15,18:55:45,0,0.0,209.0,449.0,251.0,3.0,220.0,0.0,0.0,0.0,0.0,0.0,0.0
2025/12/15,18:55:50,0,0.0,196.0,449.0,250.0,28.0,220.0,5.0,4.0,0.0,0.0,0.0,0.0
2025/12/15,18:55:55,0,0.0,204.0,449.0,250.0,13.0,220.0,2.0,1.0,0.0,0.0,0.0,0.0
2025/12/15,18:56:00,0,0.0,205.0,449.0,249.0,20.0,219.0,4.0,2.0,0.0,0.0,0.0,0.0
2025/12/15,18:56:05,0,0.0,201.0,449.0,249.0,24.0,219.0,4.0,3.0,0.0,0.0,0.0,0.0
2025/12/15,18:56:10,0,0.0,218.0,450.0,250.0,3.0,219.0,1.0,0.0,0.0,0.0,0.0,0.0
2025/12/15,18:56:15,0,0.0,201.0,448.0,249.0,34.0,219.0,5.0,4.0,0.0,0.0,0.0,0.0
2025/12/15,18:56:20,0,0.0,209.0,449.0,249.0,2.0,219.0,0.0,0.0,0.0,0.0,0.0,0.0
2025/12/15,18:56:25,0,0.0,194.0,449.0,248.0,33.0,219.0,7.0,4.0,0.0,0.0,0.0,0.0
2025/12/15,18:56:30,0,0.0,205.0,449.0,249.0,3.0,220.0,0.0,0.0,0.0,0.0,0.0,0.0
2025/12/15,18:56:35,0,0.0,195.0,445.0,250.0,32.0,219.0,6.0,5.0,0.0,0.0,0.0,0.0
2025/12/15,18:56:40,0,0.0,212.0,450.0,249.0,1.0,220.0,0.0,0.0,0.0,0.0,0.0,0.0
2025/12/15,18:56:45,0,0.0,199.0,448.0,249.0,32.0,220.0,5.0,4.0,0.0,0.0,0.0,0.0
2025/12/15,18:56:50,0,0.0,218.0,451.0,250.0,3.0,220.0,1.0,0.0,0.0,0.0,0.0,-0.0008
2025/12/15,18:56:55,0,0.0,201.0,449.0,250.0,20.0,220.0,2.0,2.0,0.0,0.0,0.0,0.0
2025/12/15,18:57:00,0,0.0,197.0,448.0,248.0,32.0,218.0,6.0,4.0,0.0,0.0,0.0,0.0
2025/12/15,18:57:05,0,0.0,222.0,450.0,249.0,4.0,220.0,1.0,1.0,0.0,0.0,0.0,0.0
2025/12/15,18:57:10,0,0.0,203.0,447.0,250.0,32.0,221.0,5.0,4.0,0.0,0.0,0.0,0.0
2025/12/15,18:57:15,0,0.0,215.0,450.0,250.0,2.0,221.0,0.0,0.0,0.0,0.0,0.0,0.0
2025/12/15,18:57:20,0,0.0,201.0,449.0,250.0,24.0,219.0,5.0,2.0,0.0,0.0,0.0,0.0
2025/12/15,18:57:25,0,0.0,195.0,448.0,249.0,32.0,220.0,6.0,5.0,0.0,0.0,0.0,0.0
2025/12/15,18:57:30,0,0.0,201.0,448.0,250.0,30.0,220.0,5.0,4.0,0.0,0.0,0.0,0.0
2025/12/15,18:57:35,0,0.0,201.0,449.0,250.0,23.0,220.0,4.0,3.0,0.0,0.0,0.0,0.0
2025/12/15,18:57:40,0,0.0,206.0,450.0,249.0,3.0,221.0,0.0,0.0,0.0,0.0,0.0,0.0
2025/12/15,18:57:45,0,0.0,221.0,450.0,250.0,6.0,220.0,1.0,0.0,0.0,0.0,0.0,0.0
2025/12/15,18:57:50,0,0.0,202.0,449.0,249.0,24.0,219.0,4.0,3.0,0.0,0.0,0.0,0.0
2025/12/15,18:57:55,0,0.0,196.0,448.0,248.0,33.0,219.0,6.0,4.0,0.0,0.0,0.0,0.0
2025/12/15,18:58:00,0,0.0,203.0,448.0,249.0,30.0,220.0,5.0,5.0,0.0,0.0,0.0,0.0
2025/12/15,18:58:05,0,0.0,199.0,447.0,248.0,26.0,219.0,5.0,3.0,0.0,0.0,0.0,0.0
2025/12/15,18:58:10,0,0.0,206.0,449.0,250.0,0.0,219.0,0.0,0.0,0.0,0.0,0.0,0.0
2025/12/15,18:58:15,0,0.0,218.0,449.0,248.0,4.0,219.0,2.0,0.0,0.0,0.0,0.0,0.0
2025/12/15,18:58:20,0,0.0,203.0,449.0,250.0,19.0,220.0,3.0,2.0,0.0,0.0,0.0,0.0
2025/12/15,18:58:25,0,0.0,197.0,449.0,250.0,32.0,221.0,6.0,5.0,0.0,0.0,0.0,0.0
2025/12/15,18:58:30,0,0.0,203.0,446.0,250.0,31.0,220.0,5.0,4.0,0.0,0.0,0.0,0.0
2025/12/15,18:58:35,0,0.0,202.0,449.0,250.0,21.0,220.0,4.0,3.0,0.0,0.0,0.0,0.0
2025/12/15,18:58:40,0,0.0,206.0,450.0,250.0,4.0,220.0,0.0,0.0,0.0,0.0,0.0,0.0
2025/12/15,18:58:45,0,0.0,221.0,450.0,249.0,6.0,219.0,2.0,1.0,0.0,0.0,0.0,0.0
2025/12/15,18:58:50,0,0.0,198.0,449.0,249.0,28.0,220.0,5.0,4.0,0.0,0.0,0.0,0.0
2025/12/15,18:58:55,0,0.0,202.0,448.0,248.0,32.0,220.0,5.0,5.0,0.0,0.0,0.0,0.0
2025/12/15,18:59:00,0,0.0,202.0,449.0,250.0,19.0,220.0,3.0,3.0,0.0,0.0,0.0,0.0
2025/12/15,18:59:05,0,0.0,210.0,450.0,250.0,2.0,219.0,0.0,0.0,0.0,0.0,0.0,0.0
2025/12/15,18:59:10,0,0.0,213.0,447.0,249.0,9.0,221.0,2.0,1.0,0.0,0.0,0.0,0.0
2025/12/15,18:59:15,0,0.0,198.0,448.0,249.0,34.0,219.0,7.0,4.0,0.0,0.0,0.0,0.0
2025/12/15,18:59:20,0,0.0,203.0,449.0,250.0,17.0,221.0,2.0,2.0,0.0,0.0,0.0,0.0
2025/12/15,18:59:25,0,0.0,215.0,450.0,250.0,6.0,220.0,1.0,1.0,0.0,0.0,0.0,0.0
2025/12/15,18:59:30,0,0.0,202.0,447.0,250.0,34.0,221.0,6.0,4.0,0.0,0.0,0.0,0.0
2025/12/15,18:59:35,0,0.0,212.0,449.0,250.0,3.0,220.0,0.0,0.0,0.0,0.0,0.0,0.0
2025/12/15,18:59:40,0,0.0,193.0,448.0,248.0,32.0,219.0,6.0,4.0,0.0,0.0,0.0,0.0
2025/12/15,18:59:45,0,0.0,203.0,450.0,251.0,10.0,220.0,2.0,1.0,0.0,0.0,0.0,0.0
2025/12/15,18:59:50,0,0.0,213.0,450.0,249.0,8.0,219.0,2.0,1.0,0.0,0.0,0.0,0.0
2025/12/15,18:59:55,0,0.0,204.0,448.0,250.0,32.0,218.0,6.0,4.0,0.0,0.0,0.0,0.0
2025/12/15,19:00:00,0,0.0,212.0,450.0,249.0,2.0,219.0,0.0,0.0,0.0,0.0,0.0,0.0
2025/12/15,19:00:05,0,0.0,196.0,449.0,250.0,32.0,220.0,5.0,4.0,0.0,0.0,0.0,0.0
2025/12/15,19:00:10,0,0.0,207.0,450.0,250.0,0.0,220.0,0.0,0.0,0.0,0.0,0.0,0.0
2025/12/15,19:00:15,0,0.0,194.0,449.0,251.0,31.0,219.0,7.0,4.0,0.0,0.0,0.0,0.0
2025/12/15,19:00:20,0,0.0,206.0,450.0,250.0,4.0,219.0,1.0,0.0,0.0,0.0,0.0,0.0
2025/12/15,19:00:25,0,0.0,198.0,448.0,247.0,34.0,220.0,5.0,5.0,0.0,0.0,0.0,0.0
2025/12/15,19:00:55,0,0.0,204.0,449.0,250.0,40.0,219.0,8.0,6.0,0.0,0.0,0.0,0.0
2025/12/15,19:01:00,0,0.0,202.0,450.0,249.0,24.0,219.0,4.0,3.0,0.0,0.0,0.0,0.0
2025/12/15,19:01:05,0,0.0,204.0,449.0,250.0,5.0,219.0,1.0,0.0,0.0,0.0,0.0,0.0
2025/12/15,19:01:10,0,0.0,217.0,449.0,250.0,5.0,220.0,1.0,0.0,0.0,0.0,0.0,0.0
2025/12/15,19:01:15,0,0.0,202.0,448.0,248.0,26.0,219.0,4.0,2.0,0.0,0.0,0.0,0.0
2025/12/15,19:01:20,0,0.0,202.0,448.0,249.0,31.0,220.0,5.0,4.0,0.0,0.0,0.0,0.0
2025/12/15,19:01:25,0,0.0,205.0,448.0,250.0,9.0,220.0,0.0,1.0,0.0,0.0,0.0,0.0
2025/12/15,19:01:30,0,0.0,217.0,450.0,250.0,3.0,220.0,2.0,0.0,0.0,0.0,0.0,0.0
2025/12/15,19:01:35,0,0.0,196.0,447.0,250.0,30.0,221.0,6.0,4.0,0.0,0.0,0.0,0.0
2025/12/15,19:01:40,0,0.0,199.0,447.0,249.0,30.0,219.0,5.0,4.0,0.0,0.0,0.0,0.0
2025/12/15,19:01:45,0,0.0,210.0,449.0,248.0,2.0,219.0,0.0,0.0,0.0,0.0,0.0,0.0
2025/12/15,19:01:50,0,0.0,216.0,450.0,250.0,4.0,218.0,2.0,1.0,0.0,0.0,0.0,0.0
2025/12/15,19:01:55,0,0.0,196.0,451.0,249.0,32.0,219.0,6.0,5.0,0.0,0.0,0.0,0.0
2025/12/15,19:02:00,0,0.0,204.0,449.0,250.0,31.0,221.0,5.0,4.0,0.0,0.0,0.0,0.0
2025/12/15,19:02:05,0,0.0,201.0,448.0,250.0,8.0,219.0,1.0,1.0,0.0,0.0,0.0,0.0
2025/12/15,19:02:10,0,0.0,221.0,450.0,250.0,6.0,220.0,0.0,0.0,0.0,0.0,0.0,0.0
2025/12/15,19:02:15,0,0.0,197.0,448.0,248.0,28.0,219.0,6.0,3.0,0.0,0.0,0.0,0.0
2025/12/15,19:02:20,0,0.0,204.0,449.0,250.0,30.0,218.0,5.0,3.0,0.0,0.0,0.0,0.0
2025/12/15,19:02:25,0,0.0,203.0,450.0,248.0,3.0,219.0,0.0,0.0,0.0,0.0,0.0,0.0
2025/12/15,19:02:30,0,0.0,220.0,449.0,250.0,5.0,220.0,1.0,0.0,0.0,0.0,0.0,0.0
2025/12/15,19:02:35,0,0.0,214.0,449.0,249.0,9.0,220.0,2.0,1.0,0.0,0.0,0.0,0.0
2025/12/15,19:02:40,0,0.0,213.0,449.0,249.0,8.0,221.0,1.0,1.0,0.0,0.0,0.0,0.0
2025/12/15,19:02:45,0,0.0,219.0,450.0,250.0,7.0,218.0,1.0,0.0,0.0,0.0,0.0,0.0
2025/12/15,19:02:50,0,0.0,215.0,450.0,248.0,6.0,220.0,1.0,0.0,0.0,0.0,0.0,0.0
2025/12/15,19:02:55,0,0.0,209.0,450.0,250.0,4.0,219.0,0.0,0.0,0.0,0.0,0.0,0.0
2025/12/15,19:03:00,0,0.0,205.0,449.0,249.0,11.0,219.0,1.0,1.0,0.0,0.0,0.0,0.0
2025/12/15,19:03:05,0,0.0,199.0,449.0,250.0,29.0,219.0,5.0,4.0,0.0,0.0,0.0,0.0
2025/12/15,19:03:10,0,0.0,198.0,449.0,249.0,30.0,220.0,5.0,4.0,0.0,0.0,0.0,0.0
2025/12/15,19:03:15,0,0.0,208.0,447.0,250.0,10.0,220.0,2.0,1.0,0.0,0.0,0.0,0.0
2025/12/15,19:03:20,0,0.0,206.0,450.0,249.0,6.0,220.0,0.0,0.0,0.0,0.0,0.0,0.0
2025/12/15,19:03:25,0,0.0,200.0,448.0,249.0,32.0,219.0,6.0,4.0,0.0,0.0,0.0,0.0
2025/12/15,19:03:30,0,0.0,217.0,448.0,249.0,6.0,220.0,1.0,0.0,0.0,0.0,0.0,0.0
2025/12/15,19:03:35,0,0.0,200.0,447.0,250.0,28.0,219.0,5.0,3.0,0.0,0.0,0.0,0.0
2025/12/15,19:03:40,0,0.0,209.0,450.0,249.0,11.0,220.0,3.0,2.0,0.0,0.0,0.0,0.0
2025/12/15,19:03:45,0,0.0,199.0,446.0,250.0,22.0,219.0,4.0,3.0,0.0,0.0,0.0,0.0
2025/12/15,19:03:50,0,1.0,209.0,450.0,249.0,15.0,219.0,3.0,2.0,0.0,0.0,0.0,0.0
2025/12/15,19:03:55,0,0.0,204.0,450.0,248.0,9.0,218.0,1.0,1.0,0.0,0.0,0.0,0.0
2025/12/15,19:04:00,0,0.0,195.0,448.0,249.0,32.0,219.0,6.0,5.0,0.0,0.0,0.0,0.0
2025/12/15,19:04:05,0,0.0,211.0,449.0,248.0,2.0,217.0,0.0,0.0,0.0,0.0,0.0,0.0
2025/12/15,19:04:10,0,0.0,200.0,448.0,249.0,31.0,219.0,6.0,5.0,0.0,0.0,0.0,0.0
2025/12/15,19:04:15,0,0.0,222.0,450.0,250.0,5.0,219.0,2.0,0.0,0.0,0.0,0.0,0.0
2025/12/15,19:04:20,0,0.0,202.0,448.0,249.0,20.0,218.0,3.0,2.0,0.0,0.0,0.0,0.0
2025/12/15,19:04:25,0,0.0,198.0,449.0,250.0,32.0,221.0,6.0,4.0,0.0,0.0,0.0,0.0
2025/12/15,19:04:30,0,0.0,210.0,450.0,248.0,9.0,218.0,3.0,1.0,0.0,0.0,0.0,0.0
2025/12/15,19:04:35,0,0.0,216.0,449.0,250.0,5.0,220.0,1.0,0.0,0.0,0.0,0.0,0.0
2025/12/15,19:04:40,0,0.0,207.0,449.0,248.0,5.0,219.0,0.0,0.0,0.0,0.0,0.0,0.0
2025/12/15,19:04:45,0,0.0,204.0,450.0,249.0,6.0,218.0,0.0,1.0,0.0,0.0,0.0,0.0
2025/12/15,19:04:50,0,0.0,199.0,447.0,250.0,21.0,219.0,4.0,2.0,0.0,0.0,0.0,0.0
2025/12/15,19:04:55,0,0.0,204.0,447.0,248.0,29.0,219.0,5.0,4.0,0.0,0.0,0.0,0.0
2025/12/15,19:05:00,0,0.0,197.0,447.0,249.0,31.0,219.0,5.0,4.0,0.0,0.0,0.0,0.0
2025/12/15,19:05:05,0,0.0,218.0,449.0,249.0,5.0,220.0,1.0,0.0,0.0,0.0,0.0,0.0
2025/12/15,19:05:10,0,0.0,200.0,447.0,249.0,23.0,219.0,3.0,2.0,0.0,0.0,0.0,0.0
2025/12/15,19:05:15,0,0.0,196.0,445.0,250.0,29.0,220.0,5.0,4.0,0.0,0.0,0.0,0.0
2025/12/15,19:05:20,0,0.0,208.0,449.0,249.0,4.0,220.0,0.0,0.0,0.0,0.0,0.0,0.0
2025/12/15,19:05:25,0,0.0,196.0,447.0,250.0,33.0,220.0,6.0,4.0,0.0,0.0,0.0,0.0
2025/12/15,19:05:30,0,0.0,211.0,448.0,248.0,2.0,219.0,0.0,0.0,0.0,0.0,0.0,0.0
2025/12/15,19:05:35,0,0.0,200.0,445.0,249.0,31.0,218.0,5.0,4.0,0.0,0.0,0.0,0.0
2025/12/15,19:05:40,0,0.0,215.0,449.0,249.0,7.0,221.0,1.0,1.0,0.0,0.0,0.0,0.0
2025/12/15,19:05:45,0,0.0,204.0,449.0,250.0,11.0,221.0,0.0,1.0,0.0,0.0,0.0,0.0
2025/12/15,19:05:50,0,0.0,200.0,447.0,248.0,30.0,219.0,6.0,5.0,0.0,0.0,0.0,0.0
2025/12/15,19:05:55,0,0.0,207.0,449.0,249.0,18.0,220.0,3.0,3.0,0.0,0.0,0.0,0.0
2025/12/15,19:06:00,0,0.0,215.0,448.0,248.0,5.0,218.0,1.0,0.0,0.0,0.0,0.0,0.0
2025/12/15,19:06:05,0,0.0,215.0,447.0,249.0,7.0,220.0,1.0,0.0,0.0,0.0,0.0,0.0
2025/12/15,19:06:10,0,0.0,212.0,449.0,249.0,6.0,220.0,0.0,0.0,0.0,0.0,0.0,-0.0008
2025/12/15,19:06:15,0,0.0,202.0,449.0,249.0,3.0,220.0,0.0,0.0,0.0,0.0,0.0,0.0
2025/12/15,19:06:20,0,0.0,204.0,446.0,249.0,14.0,219.0,2.0,2.0,0.0,0.0,0.0,0.0
2025/12/15,19:06:25,0,0.0,199.0,446.0,249.0,25.0,218.0,4.0,3.0,0.0,0.0,0.0,0.0
2025/12/15,19:06:30,0,0.0,204.0,449.0,250.0,31.0,219.0,5.0,4.0,0.0,0.0,0.0,0.0
2025/12/15,19:06:35,0,0.0,196.0,447.0,250.0,33.0,220.0,6.0,5.0,0.0,0.0,0.0,0.0
2025/12/15,19:06:40,0,0.0,203.0,448.0,249.0,27.0,219.0,5.0,3.0,0.0,0.0,0.0,0.0
2025/12/15,19:06:45,0,0.0,209.0,450.0,250.0,16.0,220.0,2.0,2.0,0.0,0.0,0.0,0.0
2025/12/15,19:06:50,0,0.0,208.0,448.0,248.0,15.0,220.0,3.0,2.0,0.0,0.0,0.0,0.0
2025/12/15,19:06:55,0,0.0,196.0,447.0,249.0,34.0,218.0,6.0,4.0,0.0,0.0,0.0,0.0
2025/12/15,19:07:00,0,0.0,201.0,448.0,248.0,21.0,218.0,4.0,2.0,0.0,0.0,0.0,0.0
2025/12/15,19:07:05,0,0.0,221.0,450.0,249.0,4.0,220.0,0.0,0.0,0.0,0.0,0.0,0.0
2025/12/15,19:07:10,0,0.0,197.0,448.0,248.0,35.0,219.0,6.0,5.0,0.0,0.0,0.0,0.0
2025/12/15,19:07:15,0,0.0,204.0,450.0,249.0,13.0,221.0,2.0,2.0,0.0,0.0,0.0,0.0
2025/12/15,19:07:20,0,0.0,217.0,450.0,250.0,5.0,220.0,1.0,0.0,0.0,0.0,0.0,0.0
2025/12/15,19:07:25,0,0.0,203.0,448.0,249.0,23.0,218.0,5.0,2.0,0.0,0.0,0.0,0.0
2025/12/15,19:07:30,0,0.0,202.0,449.0,250.0,31.0,220.0,6.0,4.0,0.0,0.0,0.0,0.0
2025/12/15,19:07:35,0,0.0,201.0,450.0,251.0,8.0,219.0,1.0,1.0,0.0,0.0,0.0,0.0
2025/12/15,19:07:40,0,0.0,215.0,450.0,249.0,7.0,221.0,2.0,0.0,0.0,0.0,0.0,0.0
2025/12/15,19:07:45,0,0.0,200.0,449.0,249.0,33.0,220.0,6.0,5.0,0.0,0.0,0.0,0.0
2025/12/15,19:07:50,0,0.0,203.0,449.0,248.0,7.0,221.0,0.0,1.0,0.0,0.0,0.0,0.0
2025/12/15,19:07:55,0,0.0,215.0,449.0,250.0,6.0,221.0,1.0,0.0,0.0,0.0,0.0,0.0
2025/12/15,19:08:00,0,0.0,197.0,447.0,248.0,35.0,219.0,6.0,4.0,0.0,0.0,0.0,0.0
2025/12/15,19:08:05,0,0.0,200.0,449.0,250.0,24.0,220.0,3.0,3.0,0.0,0.0,0.0,0.0
2025/12/15,19:08:10,0,0.0,205.0,449.0,249.0,3.0,220.0,1.0,0.0,0.0,0.0,0.0,0.0
2025/12/15,19:08:15,0,0.0,219.0,449.0,249.0,7.0,219.0,1.0,0.0,0.0,0.0,0.0,0.0
2025/12/15,19:08:20,0,0.0,195.0,448.0,250.0,33.0,221.0,6.0,4.0,0.0,0.0,0.0,0.0
2025/12/15,19:08:25,0,0.0,201.0,449.0,249.0,23.0,220.0,3.0,4.0,0.0,0.0,0.0,0.0
2025/12/15,19:08:30,0,0.0,216.0,449.0,249.0,2.0,218.0,1.0,0.0,0.0,0.0,0.0,0.0
2025/12/15,19:08:35,0,0.0,208.0,450.0,248.0,15.0,220.0,3.0,1.0,0.0,0.0,0.0,0.0
2025/12/15,19:08:40,0,0.0,195.0,448.0,249.0,33.0,220.0,5.0,4.0,0.0,0.0,0.0,0.0
2025/12/15,19:08:45,0,0.0,198.0,447.0,250.0,33.0,218.0,6.0,5.0,0.0,0.0,0.0,0.0
2025/12/15,19:08:50,0,0.0,203.0,449.0,249.0,31.0,219.0,6.0,4.0,0.0,0.0,0.0,0.0
2025/12/15,19:08:55,0,0.0,198.0,449.0,249.0,33.0,220.0,6.0,5.0,0.0,0.0,0.0,0.0
2025/12/15,19:09:00,0,0.0,201.0,449.0,250.0,25.0,220.0,4.0,3.0,0.0,0.0,0.0,0.0
2025/12/15,19:09:05,0,0.0,220.0,448.0,250.0,6.0,220.0,1.0,0.0,0.0,0.0,0.0,0.0
2025/12/15,19:09:10,0,0.0,205.0,450.0,249.0,5.0,220.0,1.0,0.0,0.0,0.0,0.0,0.0
2025/12/15,19:09:15,0,0.0,202.0,448.0,250.0,31.0,220.0,5.0,4.0,0.0,0.0,0.0,0.0
2025/12/15,19:09:20,0,0.0,195.0,448.0,249.0,31.0,220.0,6.0,5.0,0.0,0.0,0.0,0.0
2025/12/15,19:09:25,0,0.0,207.0,450.0,248.0,14.0,219.0,4.0,2.0,0.0,0.0,0.0,0.0
2025/12/15,19:09:30,0,0.0,214.0,449.0,249.0,6.0,220.0,1.0,0.0,0.0,0.0,0.0,0.0
2025/12/15,19:09:35,0,0.0,215.0,449.0,250.0,11.0,219.0,1.0,0.0,0.0,0.0,0.0,-0.0008
2025/12/15,19:09:40,0,0.0,219.0,448.0,249.0,5.0,220.0,1.0,0.0,0.0,0.0,0.0,0.0
2025/12/15,19:09:45,0,0.0,217.0,451.0,249.0,6.0,221.0,0.0,0.0,0.0,0.0,0.0,0.0
2025/12/15,19:09:50,0,0.0,208.0,449.0,249.0,6.0,220.0,0.0,0.0,0.0,0.0,0.0,0.0
2025/12/15,19:09:55,0,0.0,202.0,448.0,247.0,19.0,220.0,3.0,2.0,0.0,0.0,0.0,0.0
2025/12/15,19:10:00,0,0.0,202.0,448.0,248.0,30.0,219.0,5.0,4.0,0.0,0.0,0.0,0.0
2025/12/15,19:10:05,0,0.0,194.0,448.0,249.0,31.0,220.0,5.0,5.0,0.0,0.0,0.0,0.0
2025/12/15,19:10:10,0,0.0,217.0,449.0,249.0,4.0,220.0,1.0,0.0,0.0,0.0,0.0,0.0
2025/12/15,19:10:15,0,0.0,209.0,449.0,249.0,6.0,221.0,0.0,0.0,0.0,0.0,0.0,0.0
2025/12/15,19:10:20,0,0.0,203.0,448.0,249.0,31.0,220.0,6.0,4.0,0.0,0.0,0.0,0.0
2025/12/15,19:10:25,0,0.0,214.0,449.0,249.0,6.0,220.0,1.0,1.0,0.0,0.0,0.0,0.0
2025/12/15,19:10:30,0,0.0,202.0,449.0,249.0,25.0,220.0,1.0,3.0,0.0,0.0,0.0,0.0
2025/12/15,19:10:35,0,0.0,195.0,449.0,249.0,34.0,220.0,5.0,4.0,0.0,0.0,0.0,0.0
2025/12/15,19:11:06,0,0.0,208.0,447.0,249.0,40.0,220.0,8.0,6.0,0.0,0.0,0.0,0.0
2025/12/15,19:11:09,0,0.0,211.0,449.0,248.0,9.0,219.0,1.0,2.0,0.0,0.0,0.0,0.0
2025/12/15,19:11:14,0,0.0,213.0,447.0,249.0,4.0,221.0,0.0,0.0,0.0,0.0,0.0,0.0
2025/12/15,19:11:19,0,0.0,203.0,448.0,249.0,19.0,221.0,3.0,2.0,0.0,0.0,0.0,0.0
2025/12/15,19:11:24,0,0.0,196.0,448.0,248.0,32.0,220.0,5.0,4.0,0.0,0.0,0.0,0.0
2025/12/15,19:11:29,0,0.0,215.0,448.0,249.0,4.0,220.0,0.0,0.0,0.0,0.0,0.0,0.0
2025/12/15,19:11:34,0,0.0,201.0,449.0,249.0,32.0,218.0,5.0,4.0,0.0,0.0,0.0,0.0
2025/12/15,19:11:39,0,0.0,216.0,450.0,248.0,2.0,219.0,1.0,0.0,0.0,0.0,0.0,0.0
2025/12/15,19:11:44,0,0.0,198.0,447.0,249.0,31.0,221.0,5.0,5.0,0.0,0.0,0.0,0.0
2025/12/15,19:11:49,0,0.0,218.0,448.0,249.0,4.0,221.0,1.0,0.0,0.0,0.0,0.0,0.0
2025/12/15,19:11:54,0,0.0,197.0,449.0,249.0,33.0,220.0,5.0,4.0,0.0,0.0,0.0,0.0
2025/12/15,19:11:59,0,0.0,213.0,449.0,249.0,5.0,219.0,2.0,1.0,0.0,0.0,0.0,0.0
2025/12/15,19:12:04,0,0.0,204.0,449.0,249.0,23.0,220.0,4.0,3.0,0.0,0.0,0.0,0.0
2025/12/15,19:12:09,0,0.0,204.0,448.0,249.0,23.0,220.0,4.0,2.0,0.0,0.0,0.0,0.0
2025/12/15,19:12:14,0,0.0,204.0,449.0,250.0,3.0,219.0,0.0,1.0,0.0,0.0,0.0,0.0
2025/12/15,19:12:19,0,0.0,197.0,448.0,250.0,32.0,220.0,6.0,5.0,0.0,0.0,0.0,0.0
2025/12/15,19:12:24,0,0.0,215.0,450.0,248.0,3.0,219.0,1.0,0.0,0.0,0.0,0.0,0.0
2025/12/15,19:12:29,0,0.0,205.0,447.0,249.0,31.0,219.0,6.0,4.0,0.0,0.0,0.0,0.0
2025/12/15,19:12:34,0,0.0,221.0,448.0,249.0,4.0,221.0,2.0,0.0,0.0,0.0,0.0,0.0
2025/12/15,19:12:39,0,0.0,205.0,447.0,249.0,33.0,220.0,6.0,4.0,0.0,0.0,0.0,0.0
2025/12/15,19:12:44,0,0.0,221.0,450.0,249.0,4.0,220.0,1.0,0.0,0.0,0.0,0.0,0.0
2025/12/15,19:12:49,0,0.0,202.0,448.0,250.0,32.0,221.0,6.0,4.0,0.0,0.0,0.0,0.0
2025/12/15,19:12:54,0,0.0,215.0,449.0,248.0,6.0,219.0,1.0,1.0,0.0,0.0,0.0,0.0
2025/12/15,19:12:59,0,0.0,199.0,448.0,249.0,28.0,220.0,5.0,3.0,0.0,0.0,0.0,0.0
2025/12/15,19:13:04,0,0.0,217.0,450.0,250.0,6.0,221.0,2.0,1.0,0.0,0.0,0.0,0.0
2025/12/15,19:13:09,0,0.0,204.0,448.0,249.0,31.0,220.0,5.0,4.0,0.0,0.0,0.0,0.0
2025/12/15,19:13:14,0,0.0,220.0,450.0,249.0,4.0,220.0,0.0,1.0,0.0,0.0,0.0,0.0
2025/12/15,19:13:19,0,0.0,202.0,448.0,249.0,33.0,220.0,6.0,4.0,0.0,0.0,0.0,0.0
2025/12/15,19:13:24,0,0.0,212.0,450.0,247.0,2.0,219.0,0.0,0.0,0.0,0.0,0.0,0.0
2025/12/15,19:13:29,0,0.0,195.0,449.0,250.0,32.0,220.0,5.0,4.0,0.0,0.0,0.0,0.0
2025/12/15,19:13:34,0,0.0,204.0,449.0,249.0,6.0,221.0,0.0,0.0,0.0,0.0,0.0,0.0
2025/12/15,19:13:39,0,0.0,208.0,450.0,250.0,17.0,219.0,3.0,2.0,0.0,0.0,0.0,0.0
2025/12/15,19:13:44,0,0.0,198.0,449.0,249.0,29.0,220.0,4.0,4.0,0.0,0.0,0.0,0.0
2025/12/15,19:13:49,0,0.0,220.0,450.0,249.0,4.0,219.0,1.0,0.0,0.0,0.0,0.0,0.0
2025/12/15,19:13:54,0,0.0,201.0,449.0,250.0,34.0,219.0,6.0,5.0,0.0,0.0,0.0,0.0
2025/12/15,19:13:59,0,0.0,208.0,450.0,249.0,3.0,219.0,1.0,0.0,0.0,0.0,0.0,0.0
2025/12/15,19:14:04,0,0.0,197.0,448.0,247.0,33.0,219.0,7.0,4.0,0.0,0.0,0.0,0.0
2025/12/15,19:14:09,0,0.0,203.0,449.0,249.0,19.0,219.0,3.0,2.0,0.0,0.0,0.0,-0.0008
2025/12/15,19:14:14,0,0.0,214.0,450.0,249.0,3.0,220.0,1.0,0.0,0.0,0.0,0.0,0.0
2025/12/15,19:14:19,0,0.0,198.0,446.0,249.0,32.0,219.0,6.0,5.0,0.0,0.0,0.0,0.0
2025/12/15,19:14:24,0,0.0,222.0,450.0,250.0,5.0,221.0,1.0,0.0,0.0,0.0,0.0,0.0
2025/12/15,19:14:29,0,0.0,202.0,449.0,249.0,33.0,219.0,6.0,5.0,0.0,0.0,0.0,0.0
2025/12/15,19:14:34,0,0.0,213.0,450.0,249.0,3.0,220.0,0.0,0.0,0.0,0.0,0.0,0.0
2025/12/15,19:14:39,0,0.0,197.0,448.0,249.0,30.0,220.0,5.0,4.0,0.0,0.0,0.0,0.0
2025/12/15,19:14:44,0,0.0,201.0,449.0,250.0,21.0,220.0,4.0,3.0,0.0,0.0,0.0,0.0
2025/12/15,19:14:49,0,0.0,220.0,450.0,248.0,4.0,219.0,2.0,0.0,0.0,0.0,0.0,0.0
2025/12/15,19:14:54,0,0.0,198.0,448.0,250.0,33.0,221.0,6.0,5.0,0.0,0.0,0.0,0.0
2025/12/15,19:14:59,0,0.0,205.0,449.0,249.0,9.0,221.0,1.0,1.0,0.0,0.0,0.0,0.0
2025/12/15,19:15:04,0,1.0,212.0,448.0,250.0,14.0,221.0,2.0,1.0,0.0,0.0,0.0,0.0
2025/12/15,19:15:09,0,0.0,201.0,448.0,249.0,32.0,220.0,6.0,4.0,0.0,0.0,0.0,0.0
2025/12/15,19:15:14,0,0.0,217.0,450.0,247.0,4.0,219.0,1.0,0.0,0.0,0.0,0.0,0.0
2025/12/15,19:15:19,0,0.0,197.0,447.0,249.0,36.0,218.0,6.0,5.0,0.0,0.0,0.0,0.0
2025/12/15,19:15:24,0,0.0,206.0,449.0,249.0,3.0,220.0,0.0,1.0,0.0,0.0,0.0,0.0
2025/12/15,19:15:29,0,0.0,199.0,449.0,250.0,27.0,220.0,6.0,4.0,0.0,0.0,0.0,0.0
2025/12/15,19:15:34,0,0.0,203.0,450.0,249.0,9.0,219.0,2.0,1.0,0.0,0.0,0.0,0.0
2025/12/15,19:15:39,0,0.0,203.0,449.0,249.0,24.0,221.0,4.0,3.0,0.0,0.0,0.0,0.0
2025/12/15,19:15:44,0,0.0,203.0,449.0,249.0,17.0,220.0,2.0,2.0,0.0,0.0,0.0,0.0
2025/12/15,19:15:49,0,0.0,201.0,449.0,249.0,25.0,220.0,5.0,4.0,0.0,0.0,0.0,0.0
2025/12/15,19:15:54,0,0.0,206.0,447.0,249.0,2.0,221.0,0.0,0.0,0.0,0.0,0.0,0.0
2025/12/15,19:15:59,0,0.0,195.0,450.0,249.0,33.0,218.0,6.0,5.0,0.0,0.0,0.0,0.0
2025/12/15,19:16:04,0,0.0,212.0,447.0,249.0,3.0,220.0,0.0,0.0,0.0,0.0,0.0,0.0
2025/12/15,19:16:09,0,0.0,202.0,448.0,249.0,31.0,220.0,5.0,4.0,0.0,0.0,0.0,0.0
2025/12/15,19:16:14,0,0.0,220.0,447.0,249.0,5.0,221.0,1.0,0.0,0.0,0.0,0.0,0.0
2025/12/15,19:16:19,0,0.0,198.0,449.0,250.0,35.0,218.0,6.0,4.0,0.0,0.0,0.0,0.0
2025/12/15,19:16:24,0,0.0,200.0,448.0,247.0,28.0,219.0,4.0,3.0,0.0,0.0,0.0,0.0
2025/12/15,19:16:29,0,0.0,207.0,450.0,250.0,2.0,219.0,0.0,0.0,0.0,0.0,0.0,0.0
2025/12/15,19:16:34,0,0.0,221.0,447.0,249.0,6.0,219.0,1.0,0.0,0.0,0.0,0.0,-0.0008
2025/12/15,19:16:39,0,0.0,199.0,449.0,248.0,29.0,220.0,5.0,3.0,0.0,0.0,0.0,0.0
2025/12/15,19:16:44,0,0.0,204.0,447.0,248.0,32.0,219.0,6.0,4.0,0.0,0.0,0.0,0.0
2025/12/15,19:16:49,0,0.0,202.0,449.0,249.0,22.0,220.0,3.0,3.0,0.0,0.0,0.0,0.0
2025/12/15,19:16:54,0,0.0,210.0,448.0,250.0,4.0,220.0,0.0,0.0,0.0,0.0,0.0,0.0
2025/12/15,19:16:59,0,0.0,215.0,449.0,248.0,7.0,219.0,2.0,0.0,0.0,0.0,0.0,0.0
2025/12/15,19:17:04,0,2.0,205.0,449.0,249.0,20.0,219.0,4.0,3.0,0.0,0.0,0.0,0.0
2025/12/15,19:17:09,0,0.0,195.0,448.0,250.0,35.0,221.0,7.0,5.0,0.0,0.0,0.0,0.0
2025/12/15,19:17:14,0,0.0,199.0,448.0,249.0,34.0,219.0,7.0,4.0,0.0,0.0,0.0,0.0
2025/12/15,19:17:19,0,0.0,202.0,447.0,250.0,30.0,219.0,5.0,4.0,0.0,0.0,0.0,0.0
2025/12/15,19:17:24,0,0.0,200.0,447.0,248.0,28.0,218.0,5.0,3.0,0.0,0.0,0.0,0.0
2025/12/15,19:17:29,0,0.0,204.0,448.0,249.0,8.0,221.0,1.0,1.0,0.0,0.0,0.0,0.0
2025/12/15,19:17:34,0,0.0,214.0,449.0,249.0,4.0,220.0,0.0,0.0,0.0,0.0,0.0,0.0
2025/12/15,19:17:39,0,0.0,215.0,449.0,249.0,7.0,219.0,4.0,0.0,0.0,0.0,0.0,0.0
2025/12/15,19:17:44,0,0.0,197.0,449.0,250.0,32.0,220.0,5.0,4.0,0.0,0.0,0.0,0.0
2025/12/15,19:17:49,0,0.0,198.0,449.0,248.0,28.0,220.0,5.0,4.0,0.0,0.0,0.0,0.0
2025/12/15,19:17:54,0,0.0,203.0,448.0,250.0,12.0,219.0,2.0,1.0,0.0,0.0,0.0,0.0
2025/12/15,19:17:59,0,0.0,207.0,450.0,250.0,4.0,219.0,0.0,0.0,0.0,0.0,0.0,0.0
2025/12/15,19:18:04,0,0.0,212.0,448.0,249.0,3.0,220.0,0.0,0.0,0.0,0.0,0.0,0.0
2025/12/15,19:18:09,0,0.0,218.0,449.0,248.0,3.0,219.0,1.0,0.0,0.0,0.0,0.0,0.0
2025/12/15,19:18:14,0,0.0,221.0,449.0,249.0,7.0,220.0,1.0,0.0,0.0,0.0,0.0,0.0
2025/12/15,19:18:19,0,0.0,212.0,448.0,249.0,14.0,220.0,2.0,1.0,0.0,0.0,0.0,0.0
2025/12/15,19:18:24,0,0.0,194.0,447.0,249.0,28.0,219.0,6.0,5.0,0.0,0.0,0.0,0.0
2025/12/15,19:18:29,0,0.0,201.0,448.0,249.0,34.0,219.0,6.0,5.0,0.0,0.0,0.0,0.0
2025/12/15,19:18:34,0,0.0,199.0,448.0,249.0,30.0,221.0,5.0,4.0,0.0,0.0,0.0,0.0
2025/12/15,19:18:39,0,0.0,203.0,450.0,247.0,8.0,219.0,0.0,1.0,0.0,0.0,0.0,0.0
2025/12/15,19:18:44,0,0.0,217.0,449.0,249.0,2.0,220.0,1.0,0.0,0.0,0.0,0.0,0.0
2025/12/15,19:18:49,0,0.0,206.0,446.0,249.0,18.0,220.0,3.0,2.0,0.0,0.0,0.0,0.0
2025/12/15,19:18:54,0,0.0,196.0,447.0,249.0,32.0,218.0,6.0,5.0,0.0,0.0,0.0,0.0
2025/12/15,19:18:59,0,0.0,201.0,446.0,249.0,26.0,218.0,5.0,4.0,0.0,0.0,0.0,0.0
2025/12/15,19:19:04,0,0.0,218.0,450.0,250.0,3.0,219.0,2.0,0.0,0.0,0.0,0.0,0.0
2025/12/15,19:19:09,0,0.0,193.0,448.0,247.0,33.0,219.0,6.0,4.0,0.0,0.0,0.0,0.0
2025/12/15,19:19:14,0,0.0,201.0,449.0,249.0,21.0,220.0,3.0,2.0,0.0,0.0,0.0,0.0
2025/12/15,19:19:19,0,0.0,212.0,449.0,249.0,4.0,220.0,0.0,0.0,0.0,0.0,0.0,0.0
2025/12/15,19:19:24,0,0.0,210.0,449.0,249.0,14.0,220.0,3.0,2.0,0.0,0.0,0.0,0.0
2025/12/15,19:19:29,0,0.0,202.0,447.0,249.0,32.0,219.0,6.0,5.0,0.0,0.0,0.0,0.0
2025/12/15,19:19:34,0,0.0,204.0,449.0,249.0,0.0,219.0,0.0,0.0,0.0,0.0,0.0,0.0
2025/12/15,19:19:39,0,0.0,211.0,449.0,249.0,7.0,221.0,2.0,1.0,0.0,0.0,0.0,0.0
2025/12/15,19:19:44,0,0.0,203.0,448.0,249.0,31.0,220.0,6.0,4.0,0.0,0.0,0.0,0.0
2025/12/15,19:19:49,0,0.0,212.0,449.0,247.0,3.0,218.0,0.0,0.0,0.0,0.0,0.0,0.0
2025/12/15,19:19:54,0,0.0,204.0,448.0,251.0,25.0,221.0,4.0,4.0,0.0,0.0,0.0,0.0
2025/12/15,19:19:59,0,0.0,203.0,448.0,250.0,32.0,220.0,5.0,4.0,0.0,0.0,0.0,0.0
2025/12/15,19:20:04,0,0.0,206.0,449.0,249.0,3.0,221.0,0.0,0.0,0.0,0.0,0.0,0.0
2025/12/15,19:20:09,0,0.0,210.0,448.0,248.0,13.0,220.0,1.0,1.0,0.0,0.0,0.0,0.0
2025/12/15,19:20:14,0,0.0,201.0,445.0,249.0,35.0,219.0,6.0,4.0,0.0,0.0,0.0,0.0
2025/12/15,19:20:19,0,0.0,203.0,449.0,248.0,21.0,218.0,4.0,2.0,0.0,0.0,0.0,-0.0008
2025/12/15,19:20:24,0,0.0,209.0,446.0,249.0,3.0,220.0,0.0,0.0,0.0,0.0,0.0,0.0
2025/12/15,19:20:29,0,0.0,216.0,449.0,249.0,6.0,219.0,3.0,0.0,0.0,0.0,0.0,0.0
2025/12/15,19:20:34,0,0.0,192.0,447.0,249.0,34.0,218.0,6.0,5.0,0.0,0.0,0.0,0.0
2025/12/15,19:20:39,0,0.0,202.0,447.0,249.0,33.0,218.0,6.0,5.0,0.0,0.0,0.0,0.0
2025/12/15,19:20:44,0,0.0,201.0,447.0,249.0,24.0,219.0,4.0,3.0,0.0,0.0,0.0,0.0
2025/12/15,19:21:36,0,0.0,198.0,448.0,248.0,32.0,219.0,6.0,5.0,0.0,0.0,0.0,0.0
2025/12/15,19:21:38,0,0.0,198.0,445.0,249.0,31.0,220.0,6.0,4.0,0.0,0.0,0.0,0.0
2025/12/15,19:21:43,0,0.0,208.0,449.0,249.0,3.0,220.0,0.0,0.0,0.0,0.0,0.0,0.0
2025/12/15,19:21:48,0,0.0,198.0,449.0,249.0,30.0,220.0,7.0,4.0,0.0,0.0,0.0,0.0
2025/12/15,19:21:53,0,0.0,203.0,448.0,249.0,15.0,220.0,2.0,2.0,0.0,0.0,0.0,0.0
2025/12/15,19:21:58,0,0.0,211.0,449.0,249.0,11.0,221.0,3.0,1.0,0.0,0.0,0.0,0.0
2025/12/15,19:22:03,0,0.0,200.0,448.0,249.0,32.0,219.0,6.0,4.0,0.0,0.0,0.0,0.0
2025/12/15,19:22:08,0,0.0,215.0,449.0,249.0,2.0,221.0,0.0,0.0,0.0,0.0,0.0,0.0
2025/12/15,19:22:13,0,0.0,195.0,447.0,249.0,34.0,220.0,6.0,5.0,0.0,0.0,0.0,0.0
2025/12/15,19:22:18,0,0.0,202.0,449.0,249.0,6.0,219.0,1.0,0.0,0.0,0.0,0.0,0.0
2025/12/15,19:22:23,0,0.0,206.0,448.0,248.0,16.0,220.0,3.0,2.0,0.0,0.0,0.0,0.0
2025/12/15,19:22:28,0,0.0,201.0,449.0,249.0,31.0,219.0,5.0,4.0,0.0,0.0,0.0,0.0
2025/12/15,19:22:33,0,0.0,215.0,449.0,248.0,2.0,219.0,1.0,0.0,0.0,0.0,0.0,0.0
2025/12/15,19:22:38,0,0.0,197.0,448.0,248.0,36.0,219.0,7.0,4.0,0.0,0.0,0.0,0.0
2025/12/15,19:22:43,0,0.0,203.0,450.0,249.0,4.0,220.0,0.0,0.0,0.0,0.0,0.0,0.0
2025/12/15,19:22:48,0,0.0,197.0,449.0,250.0,29.0,220.0,5.0,4.0,0.0,0.0,0.0,0.0
2025/12/15,19:22:53,0,0.0,204.0,450.0,249.0,5.0,220.0,0.0,0.0,0.0,0.0,0.0,0.0
2025/12/15,19:22:58,0,0.0,194.0,448.0,249.0,32.0,220.0,6.0,5.0,0.0,0.0,0.0,0.0
2025/12/15,19:23:03,0,0.0,205.0,450.0,248.0,3.0,220.0,0.0,0.0,0.0,0.0,0.0,0.0
2025/12/15,19:23:08,0,0.0,199.0,448.0,249.0,33.0,221.0,6.0,4.0,0.0,0.0,0.0,0.0
2025/12/15,19:23:13,0,0.0,217.0,449.0,249.0,2.0,221.0,0.0,0.0,0.0,0.0,0.0,0.0
2025/12/15,19:23:18,0,0.0,204.0,448.0,249.0,31.0,220.0,5.0,4.0,0.0,0.0,0.0,0.0
2025/12/15,19:23:23,0,0.0,222.0,449.0,249.0,4.0,220.0,2.0,1.0,0.0,0.0,0.0,0.0
2025/12/15,19:23:28,0,0.0,198.0,449.0,250.0,31.0,220.0,5.0,4.0,0.0,0.0,0.0,0.0
2025/12/15,19:23:33,0,0.0,214.0,449.0,250.0,5.0,220.0,1.0,1.0,0.0,0.0,0.0,0.0
2025/12/15,19:23:38,0,0.0,198.0,448.0,251.0,33.0,220.0,6.0,5.0,0.0,0.0,0.0,0.0
2025/12/15,19:23:43,0,0.0,219.0,446.0,249.0,5.0,220.0,1.0,1.0,0.0,0.0,0.0,0.0
2025/12/15,19:23:48,0,0.0,199.0,448.0,249.0,36.0,219.0,7.0,4.0,0.0,0.0,0.0,0.0
2025/12/15,19:23:53,0,0.0,202.0,448.0,249.0,8.0,220.0,2.0,1.0,0.0,0.0,0.0,0.0
2025/12/15,19:23:58,0,0.0,213.0,449.0,249.0,7.0,219.0,2.0,1.0,0.0,0.0,0.0,0.0
2025/12/15,19:24:03,0,0.0,204.0,448.0,249.0,31.0,221.0,5.0,4.0,0.0,0.0,0.0,0.0
2025/12/15,19:24:08,0,0.0,212.0,447.0,249.0,4.0,220.0,1.0,0.0,0.0,0.0,0.0,0.0
2025/12/15,19:24:13,0,0.0,196.0,448.0,249.0,33.0,220.0,5.0,4.0,0.0,0.0,0.0,0.0
2025/12/15,19:24:18,0,0.0,202.0,449.0,251.0,13.0,220.0,1.0,1.0,0.0,0.0,0.0,0.0
2025/12/15,19:24:23,0,0.0,212.0,449.0,249.0,7.0,220.0,2.0,1.0,0.0,0.0,0.0,0.0
2025/12/15,19:24:28,0,0.0,202.0,445.0,249.0,31.0,220.0,5.0,4.0,0.0,0.0,0.0,0.0
2025/12/15,19:24:33,0,0.0,209.0,449.0,249.0,2.0,220.0,0.0,0.0,0.0,0.0,0.0,0.0
2025/12/15,19:24:38,0,0.0,213.0,449.0,249.0,8.0,220.0,2.0,1.0,0.0,0.0,0.0,0.0
2025/12/15,19:24:43,0,0.0,196.0,448.0,249.0,34.0,221.0,7.0,5.0,0.0,0.0,0.0,0.0
2025/12/15,19:24:48,0,0.0,203.0,447.0,249.0,31.0,221.0,5.0,4.0,0.0,0.0,0.0,0.0
2025/12/15,19:24:53,0,0.0,203.0,448.0,248.0,7.0,219.0,1.0,1.0,0.0,0.0,0.0,0.0
2025/12/15,19:24:58,0,0.0,217.0,450.0,249.0,6.0,219.0,1.0,1.0,0.0,0.0,0.0,0.0
2025/12/15,19:25:03,0,0.0,205.0,449.0,249.0,21.0,220.0,3.0,2.0,0.0,0.0,0.0,0.0
2025/12/15,19:25:08,0,0.0,198.0,447.0,250.0,33.0,219.0,6.0,4.0,0.0,0.0,0.0,0.0
2025/12/15,19:25:13,0,0.0,201.0,447.0,248.0,20.0,219.0,4.0,3.0,0.0,0.0,0.0,0.0
2025/12/15,19:25:18,0,0.0,214.0,449.0,249.0,2.0,220.0,0.0,0.0,0.0,0.0,0.0,0.0
2025/12/15,19:25:23,0,0.0,204.0,448.0,249.0,16.0,221.0,3.0,2.0,0.0,0.0,0.0,0.0
2025/12/15,19:25:28,0,0.0,200.0,447.0,249.0,34.0,219.0,6.0,4.0,0.0,0.0,0.0,0.0
2025/12/15,19:25:33,0,0.0,202.0,447.0,251.0,20.0,219.0,4.0,2.0,0.0,0.0,0.0,0.0
2025/12/15,19:25:38,0,0.0,215.0,449.0,248.0,3.0,220.0,0.0,0.0,0.0,0.0,0.0,0.0
2025/12/15,19:25:43,0,0.0,208.0,449.0,249.0,19.0,220.0,4.0,2.0,0.0,0.0,0.0,0.0
2025/12/15,19:25:48,0,0.0,204.0,447.0,249.0,31.0,221.0,5.0,4.0,0.0,0.0,0.0,0.0
2025/12/15,19:25:53,0,0.0,211.0,449.0,249.0,3.0,219.0,1.0,0.0,0.0,0.0,0.0,-0.0008
2025/12/15,19:25:58,0,0.0,198.0,448.0,249.0,32.0,218.0,6.0,4.0,0.0,0.0,0.0,0.0
2025/12/15,19:26:03,0,0.0,204.0,448.0,249.0,16.0,219.0,3.0,1.0,0.0,0.0,0.0,0.0
2025/12/15,19:26:08,0,0.0,211.0,446.0,249.0,11.0,218.0,3.0,1.0,0.0,0.0,0.0,0.0
2025/12/15,19:26:13,0,0.0,200.0,448.0,247.0,32.0,219.0,6.0,4.0,0.0,0.0,0.0,0.0
2025/12/15,19:26:18,0,0.0,210.0,446.0,249.0,4.0,220.0,0.0,0.0,0.0,0.0,0.0,0.0
2025/12/15,19:26:23,0,0.0,208.0,448.0,249.0,18.0,219.0,4.0,2.0,0.0,0.0,0.0,0.0
2025/12/15,19:26:28,0,0.0,203.0,445.0,249.0,32.0,219.0,5.0,4.0,0.0,0.0,0.0,0.0
2025/12/15,19:26:33,0,0.0,204.0,449.0,249.0,9.0,220.0,2.0,1.0,0.0,0.0,0.0,0.0
2025/12/15,19:26:38,0,0.0,221.0,448.0,249.0,7.0,220.0,1.0,0.0,0.0,0.0,0.0,0.0
2025/12/15,19:26:43,0,0.0,200.0,447.0,247.0,35.0,218.0,6.0,4.0,0.0,0.0,0.0,0.0
2025/12/15,19:26:48,0,0.0,210.0,448.0,249.0,3.0,220.0,0.0,0.0,0.0,0.0,0.0,0.0
2025/12/15,19:26:53,0,0.0,201.0,448.0,248.0,29.0,219.0,5.0,4.0,0.0,0.0,0.0,0.0
2025/12/15,19:26:58,0,0.0,201.0,448.0,249.0,30.0,220.0,6.0,4.0,0.0,0.0,0.0,0.0
2025/12/15,19:27:03,0,0.0,201.0,448.0,249.0,15.0,219.0,2.0,2.0,0.0,0.0,0.0,0.0
2025/12/15,19:27:08,0,0.0,210.0,449.0,248.0,2.0,219.0,1.0,0.0,0.0,0.0,0.0,0.0
2025/12/15,19:27:13,0,0.0,214.0,449.0,249.0,2.0,220.0,1.0,0.0,0.0,0.0,0.0,0.0
2025/12/15,19:27:18,0,0.0,196.0,446.0,249.0,35.0,218.0,6.0,5.0,0.0,0.0,0.0,0.0
2025/12/15,19:27:23,0,0.0,202.0,448.0,249.0,15.0,218.0,3.0,2.0,0.0,0.0,0.0,-0.0008
2025/12/15,19:27:28,0,0.0,216.0,448.0,248.0,5.0,219.0,1.0,1.0,0.0,0.0,0.0,0.0
2025/12/15,19:27:33,0,0.0,201.0,448.0,248.0,34.0,220.0,5.0,4.0,0.0,0.0,0.0,0.0
2025/12/15,19:27:38,0,0.0,205.0,450.0,247.0,2.0,219.0,1.0,0.0,0.0,0.0,0.0,0.0
2025/12/15,19:27:43,0,0.0,214.0,447.0,249.0,9.0,220.0,1.0,0.0,0.0,0.0,0.0,0.0
2025/12/15,19:27:48,0,0.0,197.0,449.0,249.0,33.0,219.0,6.0,4.0,0.0,0.0,0.0,0.0
2025/12/15,19:27:53,0,0.0,202.0,448.0,249.0,26.0,219.0,5.0,3.0,0.0,0.0,0.0,0.0
2025/12/15,19:27:58,0,0.0,207.0,449.0,249.0,5.0,220.0,0.0,0.0,0.0,0.0,0.0,0.0
2025/12/15,19:28:03,0,0.0,219.0,449.0,249.0,5.0,218.0,2.0,1.0,0.0,0.0,0.0,0.0
2025/12/15,19:28:08,0,0.0,205.0,447.0,249.0,21.0,220.0,4.0,3.0,0.0,0.0,0.0,0.0
2025/12/15,19:28:13,0,0.0,199.0,447.0,248.0,34.0,219.0,6.0,4.0,0.0,0.0,0.0,0.0
2025/12/15,19:28:18,0,0.0,201.0,449.0,249.0,29.0,221.0,5.0,3.0,0.0,0.0,0.0,0.0
2025/12/15,19:28:23,0,0.0,206.0,449.0,249.0,4.0,220.0,0.0,0.0,0.0,0.0,0.0,0.0
2025/12/15,19:28:28,0,0.0,216.0,449.0,248.0,8.0,220.0,0.0,0.0,0.0,0.0,0.0,0.0
2025/12/15,19:28:33,0,0.0,195.0,448.0,249.0,34.0,220.0,7.0,5.0,0.0,0.0,0.0,0.0
2025/12/15,19:28:38,0,0.0,204.0,448.0,249.0,30.0,221.0,5.0,4.0,0.0,0.0,0.0,0.0
2025/12/15,19:28:43,0,0.0,202.0,448.0,249.0,19.0,220.0,3.0,3.0,0.0,0.0,0.0,0.0
2025/12/15,19:28:48,0,0.0,203.0,448.0,249.0,7.0,221.0,0.0,1.0,0.0,0.0,0.0,0.0
2025/12/15,19:28:53,0,0.0,205.0,449.0,249.0,3.0,220.0,1.0,1.0,0.0,0.0,0.0,0.0
2025/12/15,19:28:58,0,0.0,202.0,449.0,249.0,11.0,220.0,1.0,1.0,0.0,0.0,0.0,0.0
2025/12/15,19:29:03,0,0.0,204.0,449.0,249.0,5.0,220.0,0.0,0.0,0.0,0.0,0.0,0.0
2025/12/15,19:29:08,0,0.0,209.0,448.0,249.0,2.0,219.0,1.0,0.0,0.0,0.0,0.0,0.0
2025/12/15,19:29:13,0,0.0,214.0,449.0,249.0,7.0,220.0,0.0,0.0,0.0,0.0,0.0,0.0
2025/12/15,19:29:18,0,0.0,220.0,447.0,249.0,4.0,221.0,1.0,0.0,0.0,0.0,0.0,0.0
2025/12/15,19:29:23,0,0.0,222.0,450.0,249.0,7.0,220.0,1.0,0.0,0.0,0.0,0.0,0.0
2025/12/15,19:29:28,0,0.0,217.0,450.0,248.0,9.0,220.0,2.0,0.0,0.0,0.0,0.0,0.0
2025/12/15,19:29:33,0,0.0,208.0,449.0,249.0,19.0,220.0,3.0,3.0,0.0,0.0,0.0,0.0
2025/12/15,19:29:38,0,0.0,195.0,448.0,249.0,33.0,220.0,5.0,5.0,0.0,0.0,0.0,0.0
2025/12/15,19:29:43,0,0.0,200.0,448.0,249.0,32.0,219.0,5.0,4.0,0.0,0.0,0.0,0.0
2025/12/15,19:29:48,0,0.0,200.0,447.0,248.0,22.0,220.0,4.0,3.0,0.0,0.0,0.0,0.0
2025/12/15,19:29:53,0,0.0,210.0,450.0,248.0,2.0,220.0,0.0,0.0,0.0,0.0,0.0,0.0
2025/12/15,19:29:58,0,0.0,215.0,446.0,249.0,4.0,220.0,1.0,1.0,0.0,0.0,0.0,0.0
2025/12/15,19:30:03,0,0.0,209.0,448.0,249.0,17.0,221.0,3.0,2.0,0.0,0.0,0.0,0.0
2025/12/15,19:30:08,0,0.0,205.0,448.0,249.0,20.0,221.0,3.0,3.0,0.0,0.0,0.0,0.0
2025/12/15,19:30:13,0,0.0,194.0,445.0,249.0,35.0,218.0,6.0,5.0,0.0,0.0,0.0,0.0
2025/12/15,19:30:18,0,0.0,202.0,444.0,249.0,32.0,221.0,5.0,4.0,0.0,0.0,0.0,0.0
2025/12/15,19:30:23,0,0.0,202.0,447.0,248.0,16.0,218.0,2.0,1.0,0.0,0.0,0.0,0.0
2025/12/15,19:30:28,0,0.0,210.0,448.0,249.0,3.0,220.0,0.0,0.0,0.0,0.0,0.0,0.0
2025/12/15,19:30:33,0,0.0,204.0,448.0,249.0,17.0,220.0,4.0,2.0,0.0,0.0,0.0,0.0
2025/12/15,19:30:38,0,0.0,201.0,448.0,249.0,32.0,220.0,6.0,5.0,0.0,0.0,0.0,0.0
2025/12/15,19:30:43,0,0.0,202.0,446.0,249.0,21.0,219.0,3.0,2.0,0.0,0.0,0.0,0.0
2025/12/15,19:30:48,0,0.0,208.0,448.0,249.0,3.0,218.0,0.0,0.0,0.0,0.0,0.0,0.0
2025/12/15,19:30:53,0,0.0,214.0,447.0,249.0,8.0,220.0,2.0,1.0,0.0,0.0,0.0,0.0
2025/12/15,19:31:52,0,0.0,204.0,447.0,249.0,36.0,220.0,7.0,5.0,0.0,0.0,0.0,0.0
2025/12/15,19:31:57,0,0.0,195.0,448.0,249.0,31.0,219.0,7.0,5.0,0.0,0.0,0.0,0.0
2025/12/15,19:32:02,0,0.0,204.0,448.0,248.0,11.0,219.0,2.0,1.0,0.0,0.0,0.0,0.0
2025/12/15,19:32:07,0,0.0,205.0,447.0,249.0,13.0,220.0,2.0,2.0,0.0,0.0,0.0,0.0
2025/12/15,19:32:12,0,0.0,199.0,449.0,249.0,31.0,221.0,5.0,4.0,0.0,0.0,0.0,0.0
2025/12/15,19:32:17,0,0.0,218.0,449.0,249.0,5.0,219.0,2.0,0.0,0.0,0.0,0.0,0.0
2025/12/15,19:32:22,0,0.0,205.0,449.0,250.0,32.0,220.0,5.0,4.0,0.0,0.0,0.0,0.0
2025/12/15,19:32:27,0,0.0,215.0,450.0,247.0,3.0,218.0,1.0,1.0,0.0,0.0,0.0,0.0
2025/12/15,19:32:32,0,0.0,201.0,448.0,249.0,35.0,221.0,6.0,5.0,0.0,0.0,0.0,0.0
2025/12/15,19:32:37,0,0.0,212.0,449.0,249.0,3.0,220.0,0.0,0.0,0.0,0.0,0.0,0.0
2025/12/15,19:32:42,0,0.0,199.0,448.0,249.0,32.0,220.0,6.0,5.0,0.0,0.0,0.0,0.0
2025/12/15,19:32:47,0,0.0,211.0,450.0,249.0,2.0,221.0,0.0,0.0,0.0,0.0,0.0,0.0
2025/12/15,19:32:52,0,0.0,193.0,449.0,249.0,34.0,219.0,6.0,5.0,0.0,0.0,0.0,-0.0008
2025/12/15,19:32:57,0,0.0,206.0,448.0,249.0,3.0,219.0,0.0,0.0,0.0,0.0,0.0,0.0
2025/12/15,19:33:02,0,0.0,195.0,448.0,248.0,29.0,219.0,6.0,4.0,0.0,0.0,0.0,0.0
2025/12/15,19:33:07,0,0.0,203.0,449.0,249.0,5.0,221.0,1.0,0.0,0.0,0.0,0.0,0.0
2025/12/15,19:33:12,0,0.0,194.0,448.0,249.0,33.0,220.0,7.0,4.0,0.0,0.0,0.0,0.0
2025/12/15,19:33:17,0,0.0,209.0,449.0,249.0,4.0,220.0,0.0,0.0,0.0,0.0,0.0,0.0
2025/12/15,19:33:22,0,0.0,197.0,449.0,249.0,34.0,220.0,6.0,5.0,0.0,0.0,0.0,0.0
2025/12/15,19:33:27,0,0.0,206.0,449.0,248.0,3.0,219.0,0.0,0.0,-0.0008,0.0,0.0,0.0
2025/12/15,19:33:32,0,0.0,202.0,449.0,249.0,23.0,220.0,4.0,4.0,0.0,0.0,0.0,0.0
2025/12/15,19:33:37,0,0.0,200.0,447.0,249.0,25.0,221.0,3.0,3.0,0.0,0.0,0.0,0.0
2025/12/15,19:33:42,0,0.0,217.0,449.0,249.0,5.0,220.0,1.0,0.0,0.0,0.0,0.0,0.0
2025/12/15,19:33:47,0,0.0,201.0,448.0,249.0,35.0,220.0,5.0,4.0,0.0,0.0,0.0,0.0
2025/12/15,19:33:52,0,0.0,210.0,449.0,248.0,3.0,221.0,1.0,0.0,0.0,0.0,0.0,0.0
2025/12/15,19:33:57,0,0.0,197.0,446.0,249.0,35.0,220.0,6.0,4.0,0.0,0.0,0.0,0.0
2025/12/15,19:34:02,0,0.0,207.0,448.0,249.0,4.0,221.0,1.0,0.0,0.0,0.0,0.0,0.0
2025/12/15,19:34:07,0,0.0,199.0,446.0,249.0,29.0,219.0,6.0,4.0,0.0,0.0,0.0,0.0
2025/12/15,19:34:12,0,0.0,203.0,449.0,249.0,18.0,221.0,2.0,2.0,0.0,0.0,0.0,0.0
2025/12/15,19:34:17,0,0.0,208.0,449.0,249.0,18.0,221.0,3.0,2.0,0.0,0.0,0.0,0.0
2025/12/15,19:34:22,0,0.0,202.0,449.0,248.0,16.0,221.0,2.0,2.0,0.0,0.0,0.0,0.0
2025/12/15,19:34:27,0,0.0,202.0,448.0,248.0,27.0,220.0,5.0,3.0,0.0,0.0,0.0,0.0
2025/12/15,19:34:32,0,0.0,202.0,449.0,249.0,23.0,221.0,4.0,3.0,0.0,0.0,0.0,0.0
2025/12/15,19:34:37,0,0.0,222.0,449.0,248.0,5.0,220.0,1.0,0.0,0.0,0.0,0.0,0.0
2025/12/15,19:34:42,0,0.0,195.0,448.0,248.0,35.0,219.0,7.0,4.0,0.0,0.0,0.0,0.0
2025/12/15,19:34:47,0,0.0,204.0,450.0,249.0,1.0,220.0,0.0,0.0,0.0,0.0,0.0,0.0
2025/12/15,19:34:52,0,0.0,206.0,449.0,249.0,20.0,218.0,4.0,3.0,0.0,0.0,0.0,0.0
2025/12/15,19:34:57,0,0.0,202.0,449.0,251.0,26.0,221.0,4.0,4.0,0.0,0.0,0.0,0.0
2025/12/15,19:35:02,0,0.0,219.0,449.0,248.0,4.0,219.0,2.0,1.0,0.0,0.0,0.0,0.0
2025/12/15,19:35:07,0,0.0,199.0,448.0,249.0,35.0,219.0,6.0,5.0,0.0,0.0,0.0,0.0
2025/12/15,19:35:12,0,0.0,211.0,449.0,249.0,2.0,219.0,1.0,0.0,0.0,0.0,0.0,0.0
2025/12/15,19:35:17,0,0.0,194.0,448.0,249.0,38.0,220.0,6.0,5.0,0.0,0.0,0.0,0.0
2025/12/15,19:35:22,0,0.0,202.0,448.0,249.0,16.0,220.0,2.0,3.0,0.0,0.0,0.0,0.0
2025/12/15,19:35:27,0,0.0,216.0,450.0,251.0,3.0,220.0,1.0,0.0,0.0,0.0,0.0,0.0
2025/12/15,19:35:32,0,0.0,200.0,448.0,249.0,42.0,221.0,5.0,4.0,0.0,0.0,0.0,0.0
2025/12/15,19:35:37,0,0.0,207.0,449.0,248.0,4.0,221.0,0.0,1.0,-0.0008,0.0,0.0,0.0
2025/12/15,19:35:42,0,0.0,211.0,449.0,249.0,9.0,219.0,3.0,1.0,0.0,0.0,0.0,0.0
2025/12/15,19:35:47,0,0.0,199.0,448.0,249.0,34.0,220.0,6.0,5.0,0.0,0.0,0.0,0.0
2025/12/15,19:35:52,0,0.0,201.0,448.0,249.0,27.0,219.0,4.0,3.0,0.0,0.0,0.0,0.0
2025/12/15,19:35:57,0,0.0,211.0,449.0,249.0,3.0,220.0,0.0,0.0,0.0,0.0,0.0,0.0
2025/12/15,19:36:02,0,0.0,207.0,449.0,249.0,14.0,221.0,3.0,2.0,0.0,0.0,0.0,0.0
2025/12/15,19:36:07,0,0.0,201.0,448.0,251.0,34.0,219.0,7.0,4.0,0.0,0.0,0.0,-0.0008
2025/12/15,19:36:12,0,0.0,203.0,449.0,249.0,5.0,221.0,0.0,0.0,0.0,0.0,0.0,0.0
2025/12/15,19:36:17,0,0.0,221.0,449.0,248.0,6.0,220.0,1.0,0.0,0.0,0.0,0.0,0.0
2025/12/15,19:36:22,0,0.0,193.0,447.0,249.0,33.0,220.0,7.0,5.0,0.0,0.0,0.0,0.0
2025/12/15,19:36:27,0,0.0,198.0,447.0,248.0,31.0,219.0,5.0,4.0,0.0,0.0,0.0,0.0
2025/12/15,19:36:32,0,0.0,211.0,447.0,249.0,3.0,220.0,0.0,0.0,0.0,0.0,0.0,0.0
2025/12/15,19:36:37,0,0.0,196.0,448.0,249.0,34.0,221.0,6.0,4.0,0.0,0.0,0.0,0.0
2025/12/15,19:36:42,0,0.0,206.0,449.0,249.0,4.0,219.0,0.0,0.0,0.0,0.0,0.0,0.0
2025/12/15,19:36:47,0,0.0,200.0,445.0,249.0,28.0,219.0,6.0,4.0,0.0,0.0,0.0,0.0
2025/12/15,19:36:52,0,0.0,202.0,448.0,249.0,23.0,220.0,3.0,3.0,0.0,0.0,0.0,0.0
2025/12/15,19:36:57,0,0.0,211.0,449.0,248.0,7.0,219.0,2.0,1.0,0.0,0.0,0.0,0.0
2025/12/15,19:37:02,0,0.0,199.0,448.0,249.0,31.0,220.0,4.0,4.0,0.0,0.0,0.0,0.0
2025/12/15,19:37:07,0,0.0,221.0,448.0,249.0,6.0,220.0,1.0,0.0,0.0,0.0,0.0,0.0
2025/12/15,19:37:12,0,0.0,203.0,448.0,247.0,35.0,219.0,6.0,4.0,0.0,0.0,0.0,0.0
2025/12/15,19:37:17,0,0.0,217.0,447.0,249.0,4.0,220.0,0.0,0.0,0.0,0.0,0.0,0.0
2025/12/15,19:37:22,0,0.0,199.0,447.0,247.0,34.0,219.0,7.0,4.0,0.0,0.0,0.0,0.0
2025/12/15,19:37:27,0,0.0,204.0,450.0,247.0,4.0,219.0,1.0,0.0,0.0,0.0,0.0,0.0
2025/12/15,19:37:32,0,0.0,211.0,450.0,250.0,9.0,220.0,1.0,1.0,0.0,0.0,0.0,0.0
2025/12/15,19:37:37,0,0.0,206.0,448.0,249.0,36.0,219.0,6.0,4.0,0.0,0.0,0.0,0.0
2025/12/15,19:37:42,0,0.0,206.0,449.0,249.0,2.0,220.0,0.0,0.0,0.0,0.0,0.0,0.0
2025/12/15,19:37:47,0,0.0,212.0,448.0,249.0,13.0,221.0,2.0,1.0,0.0,0.0,0.0,0.0
2025/12/15,19:37:52,0,0.0,204.0,448.0,249.0,31.0,220.0,5.0,4.0,0.0,0.0,0.0,0.0
2025/12/15,19:37:57,0,0.0,216.0,450.0,247.0,2.0,219.0,1.0,0.0,0.0,0.0,0.0,0.0
2025/12/15,19:38:02,0,0.0,197.0,447.0,249.0,36.0,219.0,6.0,5.0,0.0,0.0,0.0,0.0
2025/12/15,19:38:07,0,0.0,205.0,448.0,248.0,4.0,219.0,1.0,0.0,0.0,0.0,0.0,0.0
2025/12/15,19:38:12,0,1.0,207.0,447.0,249.0,19.0,220.0,3.0,2.0,0.0,0.0,0.0,-0.0008
2025/12/15,19:38:17,0,4.0,202.0,448.0,249.0,30.0,220.0,5.0,4.0,0.0,0.0,0.0,0.0
2025/12/15,19:38:22,0,0.0,210.0,448.0,248.0,3.0,219.0,0.0,0.0,0.0,0.0,0.0,0.0
2025/12/15,19:38:27,0,0.0,198.0,446.0,249.0,29.0,218.0,5.0,4.0,0.0,0.0,0.0,0.0
2025/12/15,19:38:32,0,0.0,202.0,449.0,249.0,24.0,220.0,4.0,3.0,0.0,0.0,0.0,0.0
2025/12/15,19:38:37,0,0.0,216.0,446.0,249.0,4.0,220.0,1.0,0.0,0.0,0.0,0.0,0.0
2025/12/15,19:38:42,0,0.0,213.0,449.0,248.0,12.0,219.0,2.0,2.0,0.0,0.0,0.0,0.0
2025/12/15,19:38:47,0,0.0,193.0,446.0,249.0,35.0,219.0,6.0,5.0,0.0,0.0,0.0,0.0
2025/12/15,19:38:52,0,0.0,200.0,449.0,249.0,33.0,219.0,6.0,5.0,0.0,0.0,0.0,0.0
2025/12/15,19:38:57,0,0.0,199.0,449.0,250.0,32.0,220.0,5.0,5.0,0.0,0.0,0.0,0.0
2025/12/15,19:39:02,0,0.0,202.0,449.0,249.0,14.0,218.0,3.0,1.0,0.0,0.0,0.0,0.0
2025/12/15,19:39:07,0,0.0,210.0,449.0,249.0,4.0,220.0,0.0,0.0,0.0,0.0,0.0,0.0
2025/12/15,19:39:12,0,1.0,219.0,449.0,247.0,5.0,220.0,1.0,0.0,0.0,0.0,0.0,0.0
2025/12/15,19:39:17,0,0.0,205.0,448.0,249.0,28.0,221.0,5.0,4.0,0.0,0.0,0.0,0.0
2025/12/15,19:39:22,0,0.0,201.0,448.0,248.0,33.0,220.0,5.0,4.0,0.0,0.0,0.0,0.0
2025/12/15,19:39:27,0,0.0,203.0,449.0,249.0,21.0,220.0,3.0,3.0,0.0,0.0,0.0,0.0
2025/12/15,19:39:32,0,0.0,208.0,449.0,249.0,3.0,219.0,0.0,0.0,0.0,0.0,0.0,0.0
2025/12/15,19:39:37,0,1.0,222.0,449.0,249.0,6.0,220.0,2.0,0.0,0.0,0.0,0.0,0.0
2025/12/15,19:39:42,0,0.0,195.0,448.0,249.0,33.0,220.0,5.0,4.0,0.0,0.0,0.0,0.0
2025/12/15,19:39:47,0,0.0,205.0,448.0,249.0,31.0,220.0,6.0,4.0,0.0,0.0,0.0,0.0
2025/12/15,19:39:52,0,0.0,203.0,446.0,248.0,22.0,218.0,3.0,2.0,0.0,0.0,0.0,0.0
2025/12/15,19:39:57,0,0.0,210.0,449.0,248.0,3.0,219.0,0.0,0.0,0.0,0.0,0.0,0.0
2025/12/15,19:40:02,0,0.0,218.0,449.0,249.0,12.0,219.0,2.0,1.0,0.0,0.0,0.0,0.0
2025/12/15,19:40:07,0,0.0,196.0,448.0,249.0,38.0,220.0,6.0,5.0,0.0,0.0,0.0,0.0
2025/12/15,19:40:12,0,0.0,205.0,448.0,249.0,30.0,220.0,5.0,4.0,0.0,0.0,0.0,0.0
2025/12/15,19:40:17,0,0.0,205.0,449.0,249.0,9.0,220.0,0.0,1.0,0.0,0.0,0.0,0.0
2025/12/15,19:40:22,0,0.0,217.0,448.0,249.0,4.0,220.0,1.0,0.0,0.0,0.0,0.0,0.0
2025/12/15,19:40:27,0,0.0,206.0,449.0,249.0,23.0,220.0,4.0,2.0,0.0,0.0,0.0,0.0
2025/12/15,19:40:32,0,0.0,203.0,449.0,249.0,31.0,220.0,5.0,4.0,0.0,0.0,0.0,0.0
2025/12/15,19:40:37,0,0.0,220.0,449.0,249.0,3.0,220.0,1.0,1.0,0.0,0.0,0.0,0.0
2025/12/15,19:40:42,0,0.0,202.0,448.0,249.0,36.0,220.0,6.0,4.0,0.0,0.0,0.0,0.0
2025/12/15,19:40:47,0,0.0,217.0,450.0,249.0,2.0,219.0,1.0,0.0,0.0,0.0,0.0,0.0
2025/12/15,19:40:52,0,0.0,201.0,445.0,249.0,36.0,218.0,6.0,5.0,0.0,0.0,0.0,0.0
2025/12/15,19:40:57,0,0.0,212.0,449.0,247.0,2.0,219.0,0.0,0.0,0.0,0.0,0.0,0.0
2025/12/15,19:41:02,0,0.0,196.0,449.0,249.0,32.0,220.0,5.0,5.0,0.0,0.0,0.0,0.0
2025/12/15,19:41:31,0,0.0,207.0,449.0,249.0,12.0,220.0,3.0,2.0,0.0,0.0,0.0,0.0
2025/12/15,19:41:36,0,0.0,199.0,448.0,249.0,32.0,220.0,6.0,5.0,0.0,0.0,0.0,0.0
2025/12/15,19:41:41,0,0.0,207.0,450.0,247.0,4.0,219.0,1.0,0.0,0.0,0.0,0.0,0.0
2025/12/15,19:41:46,0,0.0,205.0,447.0,248.0,24.0,220.0,4.0,3.0,0.0,0.0,0.0,0.0
2025/12/15,19:41:51,0,0.0,203.0,449.0,249.0,22.0,220.0,4.0,3.0,0.0,0.0,0.0,0.0
2025/12/15,19:41:56,0,0.0,213.0,449.0,249.0,12.0,219.0,3.0,2.0,0.0,0.0,0.0,0.0
2025/12/15,19:42:01,0,0.0,203.0,448.0,249.0,19.0,220.0,4.0,3.0,0.0,0.0,0.0,0.0
2025/12/15,19:42:06,0,0.0,200.0,447.0,249.0,25.0,220.0,4.0,3.0,0.0,0.0,0.0,0.0
2025/12/15,19:42:11,0,0.0,200.0,450.0,250.0,3.0,219.0,1.0,0.0,0.0,0.0,0.0,0.0
2025/12/15,19:42:16,0,0.0,195.0,445.0,249.0,34.0,219.0,7.0,5.0,0.0,0.0,0.0,0.0
2025/12/15,19:42:21,0,0.0,211.0,449.0,248.0,2.0,218.0,0.0,0.0,0.0,0.0,0.0,0.0
2025/12/15,19:42:26,0,0.0,202.0,448.0,248.0,34.0,220.0,6.0,5.0,0.0,0.0,0.0,0.0
2025/12/15,19:42:31,0,0.0,218.0,449.0,249.0,5.0,220.0,1.0,0.0,0.0,0.0,0.0,0.0
2025/12/15,19:42:36,0,0.0,201.0,449.0,249.0,25.0,221.0,3.0,3.0,0.0,0.0,0.0,0.0
2025/12/15,19:42:41,0,0.0,199.0,449.0,248.0,27.0,220.0,6.0,4.0,0.0,0.0,0.0,0.0
2025/12/15,19:42:46,0,0.0,209.0,449.0,248.0,4.0,218.0,1.0,0.0,0.0,0.0,0.0,0.0
2025/12/15,19:42:51,0,0.0,202.0,448.0,249.0,34.0,219.0,6.0,4.0,0.0,0.0,0.0,0.0
2025/12/15,19:42:56,0,0.0,221.0,449.0,247.0,5.0,219.0,2.0,1.0,0.0,0.0,0.0,0.0
2025/12/15,19:43:01,0,0.0,200.0,449.0,249.0,30.0,220.0,5.0,5.0,0.0,0.0,0.0,0.0
2025/12/15,19:43:06,0,1.0,224.0,447.0,249.0,5.0,220.0,2.0,1.0,0.0,0.0,0.0,0.0
2025/12/15,19:43:11,0,0.0,205.0,447.0,248.0,32.0,219.0,6.0,4.0,0.0,0.0,0.0,0.0
2025/12/15,19:43:16,0,0.0,220.0,449.0,249.0,5.0,220.0,1.0,0.0,0.0,0.0,0.0,0.0
2025/12/15,19:43:21,0,0.0,205.0,449.0,249.0,33.0,221.0,5.0,4.0,0.0,0.0,0.0,0.0
2025/12/15,19:43:26,0,0.0,218.0,449.0,249.0,7.0,220.0,1.0,1.0,0.0,0.0,0.0,0.0
2025/12/15,19:43:31,0,0.0,199.0,447.0,248.0,31.0,219.0,5.0,3.0,0.0,0.0,0.0,0.0
2025/12/15,19:43:36,0,0.0,212.0,449.0,249.0,9.0,220.0,2.0,2.0,0.0,0.0,0.0,0.0
2025/12/15,19:43:41,0,0.0,205.0,448.0,249.0,16.0,219.0,2.0,2.0,0.0,0.0,0.0,0.0
2025/12/15,19:43:46,0,0.0,197.0,445.0,249.0,32.0,218.0,6.0,4.0,0.0,0.0,0.0,0.0
2025/12/15,19:43:51,0,0.0,208.0,449.0,249.0,3.0,219.0,0.0,0.0,0.0,0.0,0.0,0.0
2025/12/15,19:43:56,0,0.0,196.0,447.0,248.0,33.0,219.0,6.0,5.0,0.0,0.0,0.0,0.0
2025/12/15,19:44:01,0,0.0,211.0,449.0,249.0,3.0,220.0,0.0,0.0,0.0,0.0,0.0,0.0
2025/12/15,19:44:06,0,0.0,200.0,448.0,249.0,31.0,220.0,5.0,4.0,0.0,0.0,0.0,0.0
2025/12/15,19:44:11,0,0.0,208.0,449.0,250.0,18.0,220.0,3.0,2.0,0.0,0.0,0.0,0.0
2025/12/15,19:44:16,0,0.0,211.0,450.0,249.0,2.0,220.0,0.0,0.0,0.0,0.0,0.0,0.0
2025/12/15,19:44:21,0,0.0,200.0,449.0,249.0,30.0,220.0,5.0,4.0,0.0,0.0,0.0,0.0
2025/12/15,19:44:26,0,0.0,209.0,448.0,248.0,11.0,219.0,3.0,2.0,0.0,0.0,0.0,0.0
2025/12/15,19:44:31,0,0.0,203.0,447.0,249.0,19.0,219.0,4.0,2.0,0.0,0.0,0.0,0.0
2025/12/15,19:44:36,0,0.0,216.0,449.0,248.0,9.0,219.0,1.0,0.0,0.0,0.0,0.0,0.0
2025/12/15,19:44:41,0,0.0,202.0,447.0,248.0,35.0,220.0,5.0,4.0,0.0,0.0,0.0,0.0
2025/12/15,19:44:46,0,0.0,215.0,449.0,248.0,3.0,219.0,1.0,0.0,0.0,0.0,0.0,0.0
2025/12/15,19:44:51,0,0.0,199.0,448.0,249.0,36.0,221.0,6.0,5.0,0.0,0.0,0.0,0.0
2025/12/15,19:44:56,0,0.0,211.0,450.0,251.0,4.0,219.0,1.0,0.0,0.0,0.0,0.0,0.0
2025/12/15,19:45:01,0,0.0,197.0,447.0,249.0,36.0,221.0,6.0,4.0,0.0,0.0,0.0,0.0
2025/12/15,19:45:06,0,0.0,214.0,450.0,249.0,2.0,219.0,1.0,0.0,0.0,0.0,0.0,0.0
2025/12/15,19:45:11,0,0.0,201.0,448.0,249.0,33.0,220.0,6.0,5.0,0.0,0.0,0.0,0.0
2025/12/15,19:45:16,0,0.0,223.0,450.0,249.0,6.0,221.0,1.0,1.0,0.0,0.0,0.0,0.0
2025/12/15,19:45:21,0,0.0,199.0,448.0,248.0,31.0,220.0,5.0,3.0,0.0,0.0,0.0,0.0
2025/12/15,19:45:26,0,0.0,202.0,447.0,249.0,22.0,219.0,5.0,3.0,0.0,0.0,0.0,0.0
2025/12/15,19:45:31,0,0.0,204.0,449.0,248.0,5.0,220.0,0.0,0.0,0.0,0.0,0.0,0.0
2025/12/15,19:45:36,0,0.0,194.0,448.0,248.0,32.0,220.0,6.0,5.0,0.0,0.0,0.0,0.0
2025/12/15,19:45:41,0,0.0,208.0,448.0,249.0,4.0,220.0,0.0,0.0,0.0,0.0,0.0,0.0
2025/12/15,19:45:46,0,0.0,202.0,448.0,249.0,33.0,219.0,7.0,4.0,0.0,0.0,0.0,0.0
2025/12/15,19:45:51,0,0.0,221.0,449.0,247.0,5.0,221.0,1.0,0.0,0.0,0.0,0.0,0.0
2025/12/15,19:45:56,0,2.0,201.0,447.0,249.0,34.0,220.0,5.0,4.0,0.0,0.0,0.0,0.0
2025/12/15,19:46:01,0,0.0,214.0,449.0,249.0,6.0,219.0,2.0,1.0,0.0,0.0,0.0,0.0
2025/12/15,19:46:06,0,0.0,203.0,449.0,248.0,23.0,221.0,3.0,3.0,0.0,0.0,0.0,0.0
2025/12/15,19:46:11,0,0.0,200.0,448.0,249.0,26.0,219.0,5.0,3.0,0.0,0.0,0.0,0.0
2025/12/15,19:46:16,0,0.0,207.0,449.0,249.0,5.0,220.0,0.0,0.0,0.0,0.0,0.0,-0.0008
2025/12/15,19:46:21,0,0.0,205.0,447.0,249.0,32.0,218.0,5.0,4.0,0.0,0.0,0.0,0.0
2025/12/15,19:46:26,0,0.0,206.0,448.0,249.0,18.0,219.0,4.0,2.0,0.0,0.0,0.0,0.0
2025/12/15,19:46:31,0,0.0,212.0,450.0,249.0,4.0,219.0,1.0,0.0,0.0,0.0,0.0,0.0
2025/12/15,19:46:36,0,0.0,198.0,448.0,248.0,25.0,220.0,4.0,3.0,0.0,0.0,0.0,0.0
2025/12/15,19:46:41,0,0.0,201.0,446.0,249.0,34.0,219.0,6.0,5.0,0.0,0.0,0.0,0.0
2025/12/15,19:46:46,0,0.0,195.0,448.0,249.0,31.0,219.0,6.0,4.0,0.0,0.0,0.0,0.0
2025/12/15,19:46:51,0,0.0,216.0,449.0,249.0,6.0,219.0,1.0,0.0,0.0,0.0,0.0,0.0
2025/12/15,19:46:56,0,0.0,204.0,449.0,248.0,8.0,219.0,0.0,0.0,0.0,0.0,0.0,0.0
2025/12/15,19:47:01,0,0.0,200.0,449.0,249.0,33.0,220.0,5.0,4.0,0.0,0.0,0.0,0.0
2025/12/15,19:47:06,0,0.0,220.0,449.0,249.0,5.0,220.0,1.0,0.0,0.0,0.0,0.0,0.0
2025/12/15,19:47:11,0,0.0,202.0,448.0,248.0,28.0,220.0,3.0,3.0,0.0,0.0,0.0,0.0
2025/12/15,19:47:16,0,0.0,195.0,445.0,249.0,34.0,219.0,6.0,5.0,0.0,0.0,0.0,0.0
2025/12/15,19:47:21,0,0.0,215.0,450.0,249.0,4.0,218.0,1.0,0.0,0.0,0.0,0.0,0.0
2025/12/15,19:47:26,0,0.0,200.0,448.0,249.0,29.0,220.0,4.0,3.0,0.0,0.0,0.0,0.0
2025/12/15,19:47:31,0,0.0,197.0,447.0,248.0,33.0,218.0,6.0,5.0,0.0,0.0,0.0,0.0
2025/12/15,19:47:36,0,0.0,210.0,449.0,248.0,8.0,219.0,3.0,0.0,0.0,0.0,0.0,0.0
2025/12/15,19:47:41,0,0.0,204.0,448.0,249.0,6.0,220.0,0.0,0.0,0.0,0.0,0.0,0.0
2025/12/15,19:47:46,0,0.0,201.0,448.0,249.0,33.0,220.0,6.0,4.0,0.0,0.0,0.0,0.0
2025/12/15,19:47:51,0,0.0,216.0,448.0,246.0,5.0,219.0,1.0,0.0,0.0,0.0,0.0,0.0
2025/12/15,19:47:56,0,0.0,202.0,448.0,247.0,26.0,218.0,4.0,3.0,0.0,0.0,0.0,0.0
2025/12/15,19:48:01,0,0.0,205.0,448.0,249.0,23.0,220.0,4.0,4.0,0.0,0.0,0.0,0.0
2025/12/15,19:48:06,0,0.0,208.0,449.0,249.0,4.0,220.0,0.0,0.0,0.0,0.0,0.0,0.0
2025/12/15,19:48:11,0,0.0,199.0,447.0,247.0,32.0,219.0,5.0,4.0,0.0,0.0,0.0,0.0
2025/12/15,19:48:16,0,0.0,216.0,450.0,249.0,5.0,219.0,1.0,0.0,0.0,0.0,0.0,0.0
2025/12/15,19:48:21,0,0.0,202.0,447.0,249.0,13.0,219.0,2.0,1.0,0.0,0.0,0.0,0.0
2025/12/15,19:48:26,0,0.0,198.0,448.0,248.0,33.0,220.0,6.0,4.0,0.0,0.0,0.0,-0.0008
2025/12/15,19:48:31,0,0.0,212.0,449.0,248.0,11.0,220.0,2.0,2.0,0.0,0.0,0.0,0.0
2025/12/15,19:48:36,0,0.0,209.0,449.0,249.0,5.0,220.0,1.0,0.0,0.0,0.0,0.0,0.0
2025/12/15,19:48:41,0,0.0,198.0,448.0,248.0,32.0,220.0,5.0,4.0,0.0,0.0,0.0,0.0
2025/12/15,19:48:46,0,0.0,193.0,448.0,249.0,32.0,220.0,7.0,4.0,0.0,0.0,0.0,0.0
2025/12/15,19:48:51,0,0.0,219.0,449.0,248.0,6.0,219.0,2.0,0.0,0.0,0.0,0.0,0.0
2025/12/15,19:48:56,0,0.0,202.0,448.0,248.0,12.0,219.0,2.0,1.0,0.0,0.0,0.0,0.0
2025/12/15,19:49:01,0,0.0,205.0,447.0,248.0,30.0,219.0,5.0,4.0,0.0,0.0,0.0,0.0
2025/12/15,19:49:06,0,0.0,196.0,448.0,249.0,33.0,220.0,6.0,5.0,0.0,0.0,0.0,0.0
2025/12/15,19:49:11,0,0.0,213.0,448.0,247.0,9.0,219.0,3.0,1.0,0.0,0.0,0.0,0.0
2025/12/15,19:49:16,0,0.0,208.0,448.0,249.0,5.0,220.0,1.0,0.0,0.0,0.0,0.0,0.0
2025/12/15,19:49:21,0,0.0,201.0,449.0,249.0,32.0,220.0,6.0,4.0,0.0,0.0,0.0,0.0
2025/12/15,19:49:26,0,0.0,206.0,448.0,247.0,17.0,219.0,4.0,2.0,0.0,0.0,0.0,0.0
2025/12/15,19:49:31,0,0.0,206.0,449.0,248.0,6.0,220.0,0.0,0.0,0.0,0.0,0.0,0.0
2025/12/15,19:49:36,0,0.0,200.0,448.0,248.0,33.0,220.0,6.0,5.0,0.0,0.0,0.0,0.0
2025/12/15,19:49:41,0,0.0,214.0,449.0,247.0,5.0,219.0,2.0,0.0,0.0,0.0,0.0,0.0
2025/12/15,19:49:46,0,0.0,200.0,449.0,249.0,17.0,220.0,1.0,2.0,0.0,0.0,0.0,0.0
2025/12/15,19:49:51,0,0.0,195.0,449.0,249.0,34.0,220.0,5.0,4.0,0.0,0.0,0.0,0.0
2025/12/15,19:49:56,0,0.0,215.0,449.0,247.0,3.0,219.0,1.0,0.0,0.0,0.0,0.0,0.0
2025/12/15,19:50:01,0,0.0,201.0,448.0,249.0,36.0,219.0,6.0,4.0,0.0,0.0,0.0,0.0
2025/12/15,19:50:06,0,0.0,210.0,449.0,249.0,3.0,218.0,1.0,0.0,0.0,0.0,0.0,0.0
2025/12/15,19:50:11,0,0.0,196.0,448.0,248.0,34.0,220.0,5.0,5.0,0.0,0.0,0.0,0.0
2025/12/15,19:50:16,0,0.0,202.0,446.0,248.0,13.0,219.0,1.0,1.0,0.0,0.0,0.0,0.0
2025/12/15,19:50:21,0,0.0,218.0,449.0,248.0,8.0,219.0,1.0,0.0,0.0,0.0,0.0,0.0
2025/12/15,19:50:26,0,0.0,197.0,448.0,249.0,33.0,219.0,6.0,3.0,0.0,0.0,0.0,0.0
2025/12/15,19:50:31,0,0.0,205.0,448.0,248.0,30.0,219.0,5.0,4.0,0.0,0.0,0.0,0.0
2025/12/15,19:50:36,0,0.0,203.0,449.0,248.0,10.0,219.0,1.0,2.0,0.0,0.0,0.0,0.0
2025/12/15,19:50:41,0,0.0,214.0,449.0,249.0,5.0,219.0,1.0,0.0,0.0,0.0,0.0,0.0
2025/12/15,19:50:46,0,0.0,215.0,449.0,249.0,12.0,220.0,1.0,1.0,0.0,0.0,0.0,0.0
2025/12/15,19:50:51,0,2.0,199.0,448.0,249.0,31.0,219.0,5.0,4.0,0.0,0.0,0.0,0.0
2025/12/15,19:50:56,0,0.0,201.0,447.0,248.0,32.0,218.0,6.0,5.0,0.0,0.0,0.0,0.0
2025/12/15,19:51:01,0,0.0,200.0,448.0,249.0,28.0,217.0,4.0,4.0,0.0,0.0,0.0,0.0
2025/12/15,19:51:06,0,0.0,207.0,449.0,249.0,5.0,219.0,0.0,0.0,0.0,0.0,0.0,0.0
2025/12/15,19:51:11,0,0.0,220.0,449.0,248.0,6.0,219.0,1.0,0.0,0.0,0.0,0.0,0.0
2025/12/15,19:51:42,0,0.0,203.0,448.0,248.0,42.0,220.0,7.0,6.0,0.0,0.0,0.0,0.0
2025/12/15,19:51:45,0,0.0,204.0,448.0,249.0,18.0,219.0,4.0,2.0,0.0,0.0,0.0,0.0
2025/12/15,19:51:50,0,0.0,214.0,449.0,248.0,5.0,219.0,0.0,0.0,0.0,0.0,0.0,0.0
2025/12/15,19:51:55,0,0.0,199.0,449.0,245.0,23.0,219.0,6.0,3.0,0.0,0.0,0.0,0.0
2025/12/15,19:52:00,0,0.0,202.0,447.0,249.0,32.0,219.0,5.0,4.0,0.0,0.0,0.0,0.0
2025/12/15,19:52:05,0,0.0,207.0,450.0,248.0,5.0,218.0,0.0,0.0,0.0,0.0,0.0,0.0
2025/12/15,19:52:10,0,0.0,219.0,448.0,248.0,4.0,218.0,1.0,0.0,0.0,0.0,0.0,0.0
2025/12/15,19:52:15,0,0.0,196.0,448.0,248.0,35.0,219.0,6.0,5.0,0.0,0.0,0.0,0.0
2025/12/15,19:52:20,0,0.0,203.0,448.0,248.0,32.0,219.0,5.0,4.0,0.0,0.0,0.0,0.0
2025/12/15,19:52:25,0,0.0,203.0,449.0,249.0,17.0,220.0,2.0,2.0,0.0,0.0,0.0,0.0
2025/12/15,19:52:30,0,0.0,216.0,449.0,249.0,3.0,220.0,0.0,0.0,0.0,0.0,0.0,0.0
2025/12/15,19:52:35,0,0.0,212.0,448.0,247.0,10.0,219.0,4.0,0.0,0.0,0.0,0.0,0.0
2025/12/15,19:52:40,0,0.0,193.0,449.0,249.0,33.0,220.0,6.0,5.0,0.0,0.0,0.0,0.0
2025/12/15,19:52:45,0,0.0,203.0,449.0,248.0,33.0,219.0,5.0,4.0,0.0,0.0,0.0,0.0
2025/12/15,19:52:50,0,0.0,203.0,449.0,248.0,5.0,220.0,0.0,0.0,0.0,0.0,0.0,0.0
2025/12/15,19:52:55,0,0.0,217.0,449.0,248.0,5.0,219.0,1.0,0.0,0.0,0.0,0.0,0.0
2025/12/15,19:53:00,0,0.0,197.0,448.0,247.0,32.0,219.0,6.0,4.0,0.0,0.0,0.0,0.0
2025/12/15,19:53:05,0,0.0,203.0,448.0,249.0,34.0,219.0,6.0,4.0,0.0,0.0,0.0,0.0
2025/12/15,19:53:10,0,0.0,202.0,448.0,247.0,15.0,218.0,2.0,2.0,0.0,0.0,0.0,0.0
2025/12/15,19:53:15,0,0.0,217.0,449.0,248.0,5.0,219.0,1.0,0.0,0.0,0.0,0.0,0.0
2025/12/15,19:53:20,0,0.0,200.0,448.0,247.0,29.0,219.0,5.0,3.0,0.0,0.0,0.0,0.0
2025/12/15,19:53:25,0,0.0,204.0,448.0,249.0,32.0,220.0,6.0,4.0,0.0,0.0,0.0,0.0
2025/12/15,19:53:30,0,0.0,202.0,447.0,248.0,15.0,218.0,2.0,2.0,0.0,0.0,0.0,0.0
2025/12/15,19:53:35,0,0.0,214.0,449.0,248.0,5.0,219.0,0.0,0.0,0.0,0.0,0.0,0.0
2025/12/15,19:53:40,0,0.0,210.0,448.0,247.0,10.0,218.0,2.0,1.0,0.0,0.0,0.0,0.0
2025/12/15,19:53:45,0,0.0,197.0,449.0,248.0,35.0,219.0,6.0,5.0,0.0,0.0,0.0,0.0
2025/12/15,19:53:50,0,0.0,200.0,448.0,249.0,28.0,219.0,5.0,4.0,0.0,0.0,0.0,0.0
2025/12/15,19:53:55,0,0.0,210.0,450.0,249.0,3.0,219.0,1.0,0.0,0.0,0.0,0.0,0.0
2025/12/15,19:54:00,0,0.0,216.0,449.0,249.0,10.0,218.0,2.0,1.0,0.0,0.0,0.0,0.0
2025/12/15,19:54:05,0,0.0,198.0,448.0,249.0,35.0,219.0,6.0,5.0,0.0,0.0,0.0,0.0
2025/12/15,19:54:10,0,0.0,205.0,448.0,247.0,15.0,218.0,2.0,1.0,0.0,0.0,0.0,0.0
2025/12/15,19:54:15,0,0.0,213.0,448.0,249.0,6.0,219.0,2.0,1.0,0.0,0.0,0.0,0.0
2025/12/15,19:54:20,0,0.0,202.0,447.0,249.0,34.0,219.0,6.0,5.0,0.0,0.0,0.0,0.0
2025/12/15,19:54:25,0,0.0,201.0,447.0,249.0,9.0,219.0,1.0,0.0,0.0,0.0,0.0,0.0
2025/12/15,19:54:30,0,0.0,219.0,450.0,247.0,6.0,219.0,2.0,1.0,0.0,0.0,0.0,0.0
2025/12/15,19:54:35,0,0.0,208.0,449.0,249.0,15.0,220.0,2.0,2.0,0.0,0.0,0.0,0.0
2025/12/15,19:54:40,0,0.0,196.0,448.0,248.0,33.0,218.0,6.0,4.0,0.0,0.0,0.0,0.0
2025/12/15,19:54:45,0,0.0,201.0,448.0,249.0,33.0,220.0,5.0,4.0,0.0,0.0,0.0,0.0
2025/12/15,19:54:50,0,0.0,202.0,449.0,249.0,2.0,218.0,0.0,0.0,0.0,0.0,0.0,0.0
2025/12/15,19:54:55,0,0.0,221.0,449.0,248.0,6.0,219.0,1.0,0.0,0.0,0.0,0.0,0.0
2025/12/15,19:55:00,0,0.0,192.0,447.0,248.0,36.0,219.0,7.0,4.0,0.0,0.0,0.0,0.0
2025/12/15,19:55:05,0,0.0,197.0,449.0,249.0,31.0,220.0,4.0,4.0,0.0,0.0,0.0,0.0
2025/12/15,19:55:10,0,0.0,208.0,449.0,249.0,5.0,219.0,0.0,0.0,0.0,0.0,0.0,0.0
2025/12/15,19:55:15,0,0.0,208.0,448.0,249.0,19.0,220.0,3.0,2.0,0.0,0.0,0.0,0.0
2025/12/15,19:55:20,0,0.0,201.0,449.0,249.0,33.0,220.0,5.0,4.0,0.0,0.0,0.0,0.0
2025/12/15,19:55:25,0,0.0,218.0,448.0,248.0,4.0,219.0,1.0,1.0,0.0,0.0,0.0,0.0
2025/12/15,19:55:30,0,0.0,198.0,448.0,249.0,37.0,220.0,6.0,4.0,0.0,0.0,0.0,0.0
2025/12/15,19:55:35,0,0.0,204.0,448.0,249.0,13.0,220.0,2.0,2.0,0.0,0.0,0.0,0.0
2025/12/15,19:55:40,0,0.0,215.0,448.0,252.0,4.0,219.0,1.0,0.0,0.0,0.0,0.0,0.0
2025/12/15,19:55:45,0,0.0,199.0,447.0,249.0,36.0,219.0,6.0,5.0,0.0,0.0,0.0,0.0
2025/12/15,19:55:50,0,0.0,203.0,449.0,248.0,5.0,220.0,0.0,0.0,0.0,0.0,0.0,0.0
2025/12/15,19:55:55,0,0.0,212.0,449.0,249.0,10.0,220.0,1.0,1.0,0.0,0.0,0.0,0.0
2025/12/15,19:56:00,0,0.0,204.0,448.0,249.0,35.0,219.0,6.0,4.0,0.0,0.0,0.0,0.0
2025/12/15,19:56:05,0,0.0,212.0,448.0,250.0,2.0,217.0,0.0,0.0,0.0,0.0,0.0,0.0
2025/12/15,19:56:10,0,0.0,195.0,449.0,249.0,31.0,221.0,6.0,5.0,0.0,0.0,0.0,0.0
2025/12/15,19:56:15,0,0.0,203.0,448.0,248.0,25.0,220.0,4.0,3.0,0.0,0.0,0.0,0.0
2025/12/15,19:56:20,0,1.0,221.0,449.0,249.0,5.0,219.0,2.0,0.0,0.0,0.0,0.0,0.0
2025/12/15,19:56:25,0,0.0,198.0,448.0,249.0,34.0,219.0,6.0,5.0,0.0,0.0,0.0,0.0
2025/12/15,19:56:30,0,0.0,206.0,450.0,249.0,4.0,219.0,0.0,0.0,0.0,0.0,0.0,0.0
2025/12/15,19:56:35,0,0.0,206.0,448.0,249.0,19.0,219.0,6.0,2.0,0.0,0.0,0.0,0.0
2025/12/15,19:56:40,0,0.0,199.0,447.0,247.0,29.0,218.0,5.0,3.0,0.0,0.0,0.0,0.0
2025/12/15,19:56:45,0,0.0,216.0,448.0,248.0,5.0,219.0,2.0,0.0,0.0,0.0,0.0,0.0
2025/12/15,19:56:50,0,0.0,204.0,448.0,247.0,31.0,218.0,6.0,4.0,0.0,0.0,0.0,0.0
2025/12/15,19:56:55,0,0.0,216.0,450.0,249.0,7.0,219.0,2.0,0.0,0.0,0.0,0.0,0.0
2025/12/15,19:57:00,0,0.0,200.0,445.0,248.0,30.0,219.0,5.0,3.0,0.0,0.0,0.0,0.0
2025/12/15,19:57:05,0,0.0,213.0,448.0,248.0,9.0,218.0,2.0,1.0,0.0,0.0,0.0,0.0
2025/12/15,19:57:10,0,0.0,196.0,448.0,248.0,31.0,219.0,6.0,5.0,0.0,0.0,0.0,0.0
2025/12/15,19:57:15,0,1.0,222.0,449.0,249.0,6.0,220.0,1.0,1.0,0.0,0.0,0.0,0.0
2025/12/15,19:57:20,0,0.0,201.0,448.0,249.0,36.0,220.0,6.0,4.0,0.0,0.0,0.0,0.0
2025/12/15,19:57:25,0,0.0,216.0,449.0,249.0,3.0,218.0,1.0,0.0,0.0,0.0,0.0,0.0
2025/12/15,19:57:30,0,0.0,200.0,448.0,247.0,37.0,218.0,6.0,4.0,0.0,0.0,0.0,0.0
2025/12/15,19:57:35,0,0.0,211.0,448.0,249.0,4.0,220.0,0.0,0.0,0.0,0.0,0.0,0.0
2025/12/15,19:57:40,0,0.0,198.0,447.0,248.0,34.0,219.0,7.0,4.0,0.0,0.0,0.0,0.0
2025/12/15,19:57:45,0,0.0,207.0,449.0,248.0,4.0,220.0,0.0,0.0,0.0,0.0,0.0,0.0
2025/12/15,19:57:50,0,0.0,203.0,449.0,249.0,27.0,220.0,5.0,3.0,0.0,0.0,0.0,0.0
2025/12/15,19:57:55,0,0.0,203.0,448.0,247.0,23.0,218.0,4.0,2.0,0.0,0.0,0.0,0.0
2025/12/15,19:58:00,0,0.0,214.0,448.0,247.0,9.0,219.0,2.0,1.0,0.0,0.0,0.0,0.0
2025/12/15,19:58:05,0,0.0,200.0,448.0,248.0,28.0,220.0,5.0,4.0,0.0,0.0,0.0,0.0
2025/12/15,19:58:10,0,0.0,211.0,449.0,248.0,12.0,219.0,2.0,2.0,0.0,0.0,0.0,0.0
2025/12/15,19:58:15,0,0.0,199.0,445.0,249.0,32.0,219.0,6.0,4.0,0.0,0.0,0.0,0.0
2025/12/15,19:58:20,0,0.0,221.0,448.0,247.0,6.0,220.0,2.0,1.0,0.0,0.0,0.0,0.0
2025/12/15,19:58:25,0,0.0,202.0,446.0,249.0,34.0,218.0,6.0,5.0,0.0,0.0,0.0,0.0
2025/12/15,19:58:30,0,0.0,211.0,449.0,249.0,2.0,218.0,1.0,0.0,0.0,0.0,0.0,0.0
2025/12/15,19:58:35,0,0.0,195.0,448.0,249.0,32.0,219.0,6.0,5.0,0.0,0.0,0.0,0.0
2025/12/15,19:58:40,0,0.0,204.0,449.0,248.0,16.0,219.0,2.0,2.0,0.0,0.0,0.0,0.0
2025/12/15,19:58:45,0,0.0,216.0,450.0,250.0,8.0,219.0,1.0,0.0,0.0,0.0,0.0,0.0
2025/12/15,19:58:50,0,0.0,195.0,448.0,249.0,33.0,219.0,8.0,5.0,0.0,0.0,0.0,0.0
2025/12/15,19:58:55,0,0.0,199.0,448.0,248.0,34.0,219.0,6.0,5.0,0.0,0.0,0.0,0.0
2025/12/15,19:59:00,0,0.0,198.0,445.0,248.0,34.0,217.0,5.0,4.0,0.0,0.0,0.0,0.0
2025/12/15,19:59:05,0,0.0,204.0,449.0,249.0,11.0,220.0,1.0,1.0,0.0,0.0,0.0,0.0
2025/12/15,19:59:10,0,0.0,214.0,449.0,249.0,5.0,220.0,1.0,0.0,0.0,0.0,0.0,0.0
2025/12/15,19:59:15,0,1.0,219.0,449.0,248.0,5.0,221.0,1.0,0.0,0.0,0.0,0.0,0.0
2025/12/15,19:59:20,0,0.0,204.0,448.0,248.0,24.0,219.0,4.0,3.0,0.0,0.0,0.0,0.0
2025/12/15,19:59:25,0,0.0,199.0,447.0,249.0,34.0,220.0,6.0,5.0,0.0,0.0,0.0,0.0
2025/12/15,19:59:30,0,0.0,202.0,446.0,248.0,28.0,220.0,5.0,4.0,0.0,0.0,0.0,0.0
2025/12/15,19:59:35,0,0.0,207.0,449.0,248.0,3.0,218.0,1.0,0.0,0.0,0.0,0.0,0.0
2025/12/15,19:59:40,0,0.0,222.0,448.0,247.0,7.0,218.0,2.0,0.0,0.0,0.0,0.0,0.0
2025/12/15,19:59:45,0,0.0,207.0,448.0,249.0,19.0,220.0,3.0,3.0,0.0,0.0,0.0,0.0
2025/12/15,19:59:50,0,0.0,198.0,448.0,249.0,37.0,220.0,7.0,5.0,0.0,0.0,0.0,0.0
2025/12/15,19:59:55,0,0.0,201.0,448.0,249.0,33.0,220.0,5.0,4.0,0.0,0.0,0.0,0.0
2025/12/15,20:00:00,0,0.0,203.0,448.0,248.0,23.0,219.0,3.0,2.0,0.0,0.0,0.0,0.0
2025/12/15,20:00:05,0,0.0,209.0,447.0,249.0,5.0,220.0,1.0,0.0,0.0,0.0,0.0,0.0
2025/12/15,20:00:10,0,0.0,214.0,446.0,248.0,7.0,218.0,2.0,0.0,0.0,0.0,0.0,0.0
2025/12/15,20:00:15,0,2.0,202.0,449.0,251.0,28.0,220.0,4.0,5.0,0.0,0.0,0.0,0.0
2025/12/15,20:00:20,0,0.0,196.0,447.0,249.0,34.0,219.0,6.0,5.0,0.0,0.0,0.0,0.0
2025/12/15,20:00:25,0,0.0,203.0,448.0,248.0,25.0,219.0,4.0,3.0,0.0,0.0,0.0,0.0
2025/12/15,20:00:30,0,0.0,214.0,449.0,249.0,4.0,220.0,0.0,0.0,0.0,0.0,0.0,0.0
2025/12/15,20:00:35,0,0.0,214.0,450.0,247.0,10.0,219.0,2.0,1.0,0.0,0.0,0.0,0.0
2025/12/15,20:00:40,0,0.0,197.0,447.0,249.0,35.0,219.0,6.0,5.0,0.0,0.0,0.0,0.0
2025/12/15,20:00:45,0,0.0,203.0,449.0,249.0,23.0,219.0,4.0,3.0,0.0,0.0,0.0,0.0
2025/12/15,20:00:50,0,0.0,218.0,449.0,247.0,4.0,219.0,2.0,0.0,0.0,0.0,0.0,0.0
2025/12/15,20:00:55,0,0.0,198.0,448.0,249.0,29.0,220.0,5.0,4.0,0.0,0.0,0.0,0.0
2025/12/15,20:01:00,0,0.0,202.0,448.0,248.0,31.0,220.0,5.0,4.0,0.0,0.0,0.0,0.0
2025/12/15,20:01:05,0,0.0,204.0,448.0,251.0,4.0,218.0,1.0,0.0,0.0,0.0,0.0,0.0
2025/12/15,20:01:10,0,0.0,219.0,448.0,247.0,7.0,219.0,1.0,0.0,0.0,0.0,0.0,0.0
2025/12/15,20:01:15,0,0.0,197.0,449.0,249.0,35.0,220.0,6.0,4.0,0.0,0.0,0.0,0.0
2025/12/15,20:01:20,0,0.0,201.0,448.0,249.0,26.0,220.0,4.0,3.0,0.0,0.0,0.0,0.0
2025/12/15,20:02:00,0,0.0,203.0,447.0,249.0,44.0,220.0,9.0,6.0,0.0,0.0,0.0,0.0
2025/12/15,20:02:04,0,0.0,212.0,449.0,249.0,7.0,219.0,1.0,1.0,0.0,0.0,0.0,0.0
2025/12/15,20:02:09,0,0.0,205.0,446.0,249.0,35.0,219.0,6.0,4.0,0.0,0.0,0.0,0.0
2025/12/15,20:02:14,0,0.0,216.0,448.0,249.0,5.0,219.0,1.0,0.0,0.0,0.0,0.0,0.0
2025/12/15,20:02:19,0,0.0,201.0,448.0,248.0,35.0,219.0,6.0,4.0,0.0,0.0,0.0,0.0
2025/12/15,20:02:24,0,0.0,215.0,448.0,249.0,3.0,220.0,1.0,0.0,0.0,0.0,0.0,0.0
2025/12/15,20:02:29,0,0.0,200.0,447.0,248.0,36.0,219.0,6.0,4.0,0.0,0.0,0.0,0.0
2025/12/15,20:02:34,0,0.0,214.0,447.0,248.0,4.0,218.0,1.0,0.0,0.0,0.0,0.0,0.0
2025/12/15,20:02:39,0,0.0,198.0,448.0,249.0,37.0,220.0,6.0,5.0,0.0,0.0,0.0,0.0
2025/12/15,20:02:44,0,0.0,206.0,449.0,248.0,6.0,220.0,1.0,0.0,0.0,0.0,0.0,0.0
2025/12/15,20:02:49,0,0.0,201.0,448.0,247.0,26.0,219.0,5.0,3.0,0.0,0.0,0.0,0.0
2025/12/15,20:02:54,0,0.0,201.0,447.0,249.0,29.0,220.0,5.0,3.0,0.0,0.0,0.0,0.0
2025/12/15,20:02:59,0,0.0,218.0,448.0,249.0,6.0,220.0,2.0,0.0,0.0,0.0,0.0,0.0
2025/12/15,20:03:04,0,0.0,205.0,448.0,248.0,32.0,220.0,5.0,4.0,0.0,0.0,0.0,0.0
2025/12/15,20:03:09,0,0.0,220.0,449.0,248.0,4.0,219.0,1.0,0.0,0.0,0.0,0.0,0.0
2025/12/15,20:03:14,0,0.0,203.0,448.0,249.0,35.0,218.0,6.0,4.0,0.0,0.0,0.0,0.0
2025/12/15,20:03:19,0,0.0,219.0,450.0,249.0,4.0,219.0,1.0,0.0,0.0,0.0,0.0,0.0
2025/12/15,20:03:24,0,0.0,200.0,448.0,249.0,35.0,220.0,6.0,5.0,0.0,0.0,0.0,0.0
2025/12/15,20:03:29,0,0.0,211.0,449.0,249.0,5.0,219.0,0.0,0.0,0.0,0.0,0.0,0.0
2025/12/15,20:03:34,0,0.0,200.0,448.0,250.0,34.0,220.0,6.0,5.0,0.0,0.0,0.0,0.0
2025/12/15,20:03:39,0,0.0,213.0,450.0,248.0,3.0,218.0,1.0,0.0,0.0,0.0,0.0,0.0
2025/12/15,20:03:44,0,0.0,197.0,448.0,247.0,36.0,219.0,7.0,5.0,0.0,0.0,0.0,0.0
2025/12/15,20:03:49,0,0.0,205.0,447.0,249.0,11.0,220.0,1.0,1.0,0.0,0.0,0.0,0.0
2025/12/15,20:03:54,0,0.0,207.0,448.0,248.0,23.0,220.0,5.0,2.0,0.0,0.0,0.0,0.0
2025/12/15,20:03:59,0,0.0,202.0,448.0,249.0,26.0,220.0,4.0,3.0,0.0,0.0,0.0,0.0
2025/12/15,20:04:04,0,0.0,214.0,446.0,248.0,8.0,219.0,2.0,1.0,0.0,0.0,0.0,0.0
2025/12/15,20:04:09,0,0.0,204.0,448.0,248.0,33.0,220.0,5.0,4.0,0.0,0.0,0.0,0.0
2025/12/15,20:04:14,0,0.0,213.0,447.0,249.0,5.0,220.0,0.0,0.0,0.0,0.0,0.0,0.0
2025/12/15,20:04:19,0,0.0,198.0,447.0,246.0,34.0,219.0,6.0,4.0,0.0,0.0,0.0,0.0
2025/12/15,20:04:24,0,0.0,205.0,447.0,249.0,10.0,218.0,1.0,1.0,0.0,0.0,0.0,0.0
2025/12/15,20:04:29,0,0.0,211.0,449.0,248.0,15.0,221.0,2.0,2.0,0.0,0.0,0.0,-0.0008
2025/12/15,20:04:34,0,0.0,200.0,448.0,249.0,34.0,219.0,6.0,4.0,0.0,0.0,0.0,-0.0008
2025/12/15,20:04:39,0,0.0,217.0,449.0,249.0,5.0,218.0,1.0,1.0,0.0,0.0,0.0,0.0
2025/12/15,20:04:44,0,0.0,200.0,448.0,248.0,39.0,220.0,6.0,4.0,0.0,0.0,0.0,0.0
2025/12/15,20:05:19,0,0.0,210.0,450.0,248.0,9.0,219.0,2.0,2.0,0.0,0.0,0.0,0.0
2025/12/15,20:05:24,0,0.0,205.0,449.0,249.0,29.0,220.0,5.0,4.0,0.0,0.0,0.0,0.0
2025/12/15,20:05:29,0,0.0,203.0,449.0,249.0,19.0,221.0,2.0,2.0,0.0,0.0,0.0,0.0
2025/12/15,20:05:34,0,0.0,215.0,449.0,248.0,10.0,220.0,2.0,1.0,0.0,0.0,0.0,0.0
2025/12/15,20:05:39,0,0.0,202.0,447.0,247.0,33.0,219.0,6.0,4.0,0.0,0.0,0.0,0.0
2025/12/15,20:05:44,0,0.0,215.0,449.0,249.0,6.0,219.0,1.0,0.0,0.0,0.0,0.0,0.0
2025/12/15,20:05:49,0,0.0,198.0,447.0,249.0,38.0,219.0,7.0,5.0,0.0,0.0,0.0,0.0
2025/12/15,20:05:54,0,0.0,208.0,449.0,249.0,4.0,220.0,0.0,0.0,0.0,0.0,0.0,0.0
2025/12/15,20:05:59,0,0.0,195.0,448.0,249.0,37.0,221.0,6.0,5.0,0.0,0.0,0.0,0.0
2025/12/15,20:06:04,0,0.0,203.0,449.0,248.0,6.0,220.0,0.0,1.0,0.0,0.0,0.0,0.0
2025/12/15,20:06:09,0,0.0,207.0,445.0,248.0,22.0,220.0,4.0,3.0,0.0,0.0,0.0,0.0
2025/12/15,20:06:14,0,0.0,201.0,446.0,248.0,29.0,220.0,5.0,4.0,0.0,0.0,0.0,0.0
2025/12/15,20:06:19,0,0.0,223.0,449.0,248.0,6.0,219.0,2.0,0.0,0.0,0.0,0.0,0.0
2025/12/15,20:06:24,0,0.0,201.0,448.0,248.0,36.0,220.0,5.0,4.0,0.0,0.0,0.0,0.0
2025/12/15,20:06:29,0,0.0,210.0,446.0,249.0,4.0,221.0,1.0,0.0,0.0,0.0,0.0,0.0
2025/12/15,20:06:34,0,0.0,196.0,449.0,248.0,37.0,220.0,6.0,5.0,0.0,0.0,0.0,-0.0008
2025/12/15,20:06:39,0,0.0,204.0,447.0,248.0,14.0,219.0,2.0,2.0,0.0,0.0,0.0,0.0
2025/12/15,20:06:44,0,0.0,209.0,448.0,247.0,12.0,219.0,3.0,1.0,0.0,0.0,0.0,0.0
2025/12/15,20:06:49,0,0.0,202.0,449.0,249.0,27.0,220.0,4.0,3.0,0.0,0.0,0.0,0.0
2025/12/15,20:06:54,0,0.0,208.0,449.0,248.0,19.0,220.0,4.0,2.0,0.0,0.0,0.0,0.0
2025/12/15,20:06:59,0,0.0,204.0,448.0,249.0,11.0,219.0,1.0,0.0,0.0,0.0,0.0,0.0
2025/12/15,20:07:04,0,0.0,198.0,448.0,249.0,36.0,219.0,6.0,4.0,0.0,0.0,0.0,-0.0008
2025/12/15,20:07:09,0,0.0,216.0,449.0,249.0,5.0,219.0,2.0,0.0,0.0,0.0,0.0,0.0
2025/12/15,20:07:14,0,0.0,205.0,448.0,248.0,33.0,219.0,6.0,4.0,0.0,0.0,0.0,0.0
2025/12/15,20:07:19,0,0.0,220.0,449.0,248.0,7.0,218.0,1.0,1.0,0.0,0.0,0.0,0.0
2025/12/15,20:07:24,0,0.0,202.0,448.0,248.0,31.0,219.0,5.0,3.0,0.0,0.0,0.0,0.0
2025/12/15,20:07:29,0,0.0,203.0,448.0,247.0,27.0,218.0,6.0,4.0,0.0,0.0,0.0,0.0
2025/12/15,20:07:34,0,0.0,214.0,450.0,249.0,3.0,219.0,1.0,0.0,0.0,0.0,0.0,0.0
2025/12/15,20:07:39,0,0.0,204.0,448.0,249.0,26.0,221.0,3.0,3.0,-0.0008,0.0,0.0,0.0
2025/12/15,20:07:44,0,0.0,197.0,448.0,249.0,34.0,221.0,6.0,4.0,0.0,0.0,0.0,0.0
2025/12/15,20:07:49,0,0.0,213.0,449.0,247.0,4.0,219.0,1.0,0.0,0.0,0.0,0.0,0.0
2025/12/15,20:07:54,0,0.0,198.0,447.0,249.0,33.0,219.0,6.0,4.0,0.0,0.0,0.0,0.0
2025/12/15,20:07:59,0,0.0,202.0,449.0,249.0,24.0,219.0,5.0,4.0,0.0,0.0,0.0,0.0
2025/12/15,20:08:04,0,0.0,211.0,449.0,248.0,4.0,220.0,0.0,0.0,0.0,0.0,0.0,0.0
2025/12/15,20:08:09,0,0.0,198.0,447.0,248.0,33.0,219.0,6.0,4.0,0.0,0.0,0.0,0.0
2025/12/15,20:08:14,0,0.0,206.0,448.0,249.0,24.0,219.0,5.0,3.0,0.0,0.0,0.0,0.0
2025/12/15,20:08:19,0,0.0,214.0,450.0,246.0,4.0,219.0,0.0,0.0,0.0,0.0,0.0,0.0
2025/12/15,20:08:24,0,0.0,200.0,446.0,248.0,29.0,219.0,5.0,3.0,0.0,0.0,0.0,0.0
2025/12/15,20:08:29,0,0.0,196.0,447.0,248.0,33.0,219.0,6.0,5.0,0.0,0.0,0.0,0.0
2025/12/15,20:08:34,0,0.0,216.0,449.0,249.0,5.0,220.0,0.0,0.0,0.0,0.0,0.0,0.0
2025/12/15,20:08:39,0,0.0,205.0,448.0,248.0,33.0,220.0,5.0,4.0,0.0,0.0,0.0,0.0
2025/12/15,20:08:44,0,0.0,213.0,450.0,250.0,9.0,219.0,2.0,1.0,0.0,0.0,0.0,0.0
2025/12/15,20:08:49,0,0.0,205.0,448.0,247.0,15.0,219.0,2.0,2.0,0.0,0.0,0.0,0.0
2025/12/15,20:08:54,0,0.0,196.0,448.0,248.0,33.0,220.0,6.0,5.0,0.0,0.0,0.0,0.0
2025/12/15,20:08:59,0,0.0,214.0,448.0,248.0,6.0,220.0,1.0,0.0,0.0,0.0,0.0,0.0
2025/12/15,20:09:04,0,0.0,202.0,447.0,248.0,35.0,219.0,6.0,4.0,0.0,0.0,0.0,0.0
2025/12/15,20:09:09,0,0.0,218.0,449.0,247.0,4.0,220.0,1.0,0.0,0.0,0.0,0.0,0.0
2025/12/15,20:09:14,0,0.0,204.0,448.0,249.0,34.0,220.0,5.0,4.0,0.0,0.0,0.0,0.0
2025/12/15,20:09:19,0,0.0,218.0,450.0,249.0,13.0,220.0,1.0,0.0,0.0,0.0,0.0,0.0
2025/12/15,20:09:24,0,0.0,201.0,447.0,248.0,36.0,219.0,6.0,5.0,0.0,0.0,0.0,0.0
2025/12/15,20:09:29,0,0.0,214.0,449.0,248.0,4.0,220.0,1.0,0.0,0.0,0.0,0.0,0.0
2025/12/15,20:09:34,0,0.0,204.0,449.0,249.0,19.0,220.0,2.0,2.0,0.0,0.0,0.0,0.0
2025/12/15,20:09:39,0,0.0,198.0,448.0,249.0,32.0,220.0,7.0,5.0,0.0,0.0,0.0,0.0
2025/12/15,20:09:44,0,0.0,220.0,447.0,248.0,7.0,221.0,1.0,0.0,0.0,0.0,0.0,0.0
2025/12/15,20:09:49,0,0.0,199.0,448.0,248.0,34.0,220.0,5.0,4.0,0.0,0.0,0.0,0.0
2025/12/15,20:09:54,0,0.0,210.0,448.0,248.0,16.0,220.0,4.0,2.0,0.0,0.0,0.0,0.0
2025/12/15,20:09:59,0,0.0,203.0,446.0,249.0,9.0,220.0,0.0,1.0,0.0,0.0,0.0,0.0
2025/12/15,20:10:04,0,0.0,195.0,447.0,247.0,34.0,219.0,6.0,4.0,0.0,0.0,0.0,0.0
2025/12/15,20:10:09,0,0.0,216.0,449.0,249.0,4.0,220.0,1.0,0.0,0.0,0.0,0.0,0.0
2025/12/15,20:10:14,0,0.0,199.0,447.0,247.0,34.0,219.0,6.0,4.0,0.0,0.0,0.0,0.0
2025/12/15,20:10:19,0,0.0,208.0,448.0,248.0,17.0,219.0,4.0,2.0,0.0,0.0,0.0,0.0
2025/12/15,20:10:24,0,0.0,202.0,447.0,249.0,15.0,220.0,2.0,2.0,0.0,0.0,0.0,0.0
2025/12/15,20:10:29,0,0.0,200.0,447.0,247.0,28.0,219.0,5.0,3.0,0.0,0.0,0.0,0.0
2025/12/15,20:10:34,0,0.0,203.0,448.0,249.0,17.0,220.0,2.0,2.0,0.0,0.0,0.0,0.0
2025/12/15,20:10:39,0,0.0,208.0,450.0,248.0,15.0,219.0,3.0,2.0,0.0,0.0,0.0,0.0
2025/12/15,20:10:44,0,0.0,200.0,447.0,247.0,30.0,219.0,5.0,3.0,0.0,0.0,0.0,0.0
2025/12/15,20:10:49,0,0.0,220.0,448.0,248.0,6.0,219.0,1.0,0.0,0.0,0.0,0.0,0.0
2025/12/15,20:10:54,0,0.0,201.0,447.0,248.0,36.0,219.0,6.0,4.0,0.0,0.0,0.0,0.0
2025/12/15,20:10:59,0,0.0,222.0,449.0,248.0,7.0,220.0,1.0,0.0,0.0,0.0,0.0,0.0
2025/12/15,20:11:04,0,0.0,200.0,448.0,249.0,39.0,220.0,6.0,4.0,0.0,0.0,0.0,0.0
2025/12/15,20:11:09,0,0.0,212.0,449.0,249.0,11.0,221.0,2.0,1.0,0.0,0.0,0.0,0.0
2025/12/15,20:11:14,0,0.0,202.0,448.0,248.0,21.0,220.0,3.0,2.0,0.0,0.0,0.0,0.0
2025/12/15,20:11:19,0,0.0,203.0,448.0,248.0,26.0,220.0,3.0,4.0,0.0,0.0,0.0,0.0
2025/12/15,20:11:24,0,0.0,206.0,447.0,248.0,5.0,220.0,0.0,0.0,0.0,0.0,0.0,0.0
2025/12/15,20:11:29,0,0.0,195.0,447.0,247.0,34.0,219.0,6.0,4.0,0.0,0.0,0.0,0.0
2025/12/15,20:11:59,0,0.0,218.0,449.0,248.0,1.0,219.0,1.0,0.0,0.0,0.0,0.0,0.0
2025/12/15,20:12:03,0,0.0,203.0,447.0,247.0,34.0,219.0,6.0,4.0,0.0,0.0,0.0,0.0
2025/12/15,20:12:08,0,0.0,218.0,450.0,248.0,7.0,219.0,1.0,0.0,0.0,0.0,0.0,-0.0008
2025/12/15,20:12:13,0,0.0,202.0,447.0,247.0,28.0,219.0,4.0,2.0,0.0,0.0,0.0,0.0
2025/12/15,20:12:18,0,0.0,196.0,448.0,249.0,32.0,220.0,6.0,4.0,0.0,0.0,0.0,0.0
2025/12/15,20:12:23,0,0.0,215.0,447.0,249.0,5.0,219.0,1.0,0.0,0.0,0.0,0.0,-0.0008
2025/12/15,20:12:28,0,0.0,199.0,448.0,248.0,29.0,220.0,4.0,3.0,0.0,0.0,0.0,0.0
2025/12/15,20:12:33,0,0.0,196.0,447.0,248.0,34.0,220.0,6.0,5.0,0.0,0.0,0.0,0.0
2025/12/15,20:12:38,0,0.0,215.0,449.0,248.0,9.0,220.0,1.0,1.0,0.0,0.0,0.0,0.0
2025/12/15,20:12:43,0,0.0,206.0,449.0,248.0,8.0,219.0,1.0,0.0,0.0,0.0,0.0,0.0
2025/12/15,20:12:48,0,0.0,204.0,448.0,248.0,34.0,220.0,5.0,4.0,0.0,0.0,0.0,0.0
2025/12/15,20:12:53,0,0.0,203.0,447.0,248.0,24.0,220.0,4.0,3.0,0.0,0.0,0.0,0.0
2025/12/15,20:12:58,0,0.0,209.0,446.0,248.0,4.0,220.0,0.0,0.0,0.0,0.0,0.0,0.0
2025/12/15,20:13:03,0,0.0,201.0,448.0,248.0,33.0,220.0,5.0,4.0,0.0,0.0,0.0,0.0
2025/12/15,20:13:08,0,0.0,204.0,448.0,248.0,22.0,219.0,4.0,2.0,0.0,0.0,0.0,0.0
2025/12/15,20:13:13,0,0.0,217.0,449.0,248.0,5.0,220.0,0.0,0.0,0.0,0.0,0.0,0.0
2025/12/15,20:13:18,0,0.0,202.0,448.0,248.0,17.0,221.0,2.0,2.0,0.0,0.0,0.0,0.0
2025/12/15,20:13:23,0,0.0,204.0,448.0,248.0,32.0,220.0,5.0,4.0,0.0,0.0,0.0,0.0
2025/12/15,20:13:28,0,0.0,205.0,448.0,248.0,20.0,221.0,3.0,2.0,0.0,0.0,0.0,0.0
2025/12/15,20:13:33,0,0.0,206.0,449.0,249.0,6.0,220.0,0.0,0.0,0.0,0.0,0.0,0.0
2025/12/15,20:13:38,0,0.0,199.0,448.0,248.0,37.0,220.0,6.0,5.0,0.0,0.0,0.0,0.0
2025/12/15,20:13:43,0,0.0,222.0,449.0,248.0,7.0,220.0,1.0,1.0,0.0,0.0,0.0,0.0
2025/12/15,20:13:48,0,0.0,199.0,448.0,249.0,36.0,221.0,5.0,4.0,0.0,0.0,0.0,0.0
2025/12/15,20:13:53,0,0.0,210.0,448.0,248.0,14.0,219.0,3.0,2.0,0.0,0.0,0.0,0.0
2025/12/15,20:13:58,0,0.0,205.0,449.0,248.0,5.0,221.0,0.0,0.0,0.0,0.0,0.0,0.0
2025/12/15,20:14:03,0,0.0,200.0,447.0,249.0,34.0,220.0,6.0,5.0,0.0,0.0,0.0,0.0
2025/12/15,20:14:08,0,0.0,213.0,448.0,248.0,9.0,219.0,2.0,1.0,0.0,0.0,0.0,-0.0008
2025/12/15,20:14:13,0,0.0,204.0,449.0,251.0,12.0,221.0,1.0,1.0,0.0,0.0,0.0,0.0
2025/12/15,20:14:18,0,0.0,200.0,445.0,248.0,36.0,219.0,6.0,4.0,0.0,0.0,0.0,0.0
2025/12/15,20:14:23,0,0.0,212.0,447.0,248.0,8.0,221.0,1.0,0.0,0.0,0.0,0.0,0.0
2025/12/15,20:14:28,0,0.0,204.0,449.0,248.0,8.0,221.0,0.0,0.0,0.0,0.0,0.0,0.0
2025/12/15,20:14:33,0,0.0,201.0,448.0,249.0,35.0,220.0,6.0,5.0,0.0,0.0,0.0,0.0
2025/12/15,20:14:38,0,0.0,214.0,449.0,249.0,8.0,219.0,3.0,1.0,0.0,0.0,0.0,0.0
2025/12/15,20:14:43,0,0.0,204.0,445.0,248.0,11.0,220.0,1.0,0.0,0.0,0.0,0.0,0.0
2025/12/15,20:14:48,0,0.0,202.0,448.0,249.0,36.0,221.0,6.0,5.0,0.0,0.0,0.0,0.0
2025/12/15,20:14:53,0,0.0,213.0,449.0,249.0,13.0,221.0,1.0,1.0,0.0,0.0,0.0,0.0
2025/12/15,20:14:58,0,0.0,209.0,448.0,248.0,8.0,220.0,0.0,0.0,0.0,0.0,0.0,0.0
2025/12/15,20:15:03,0,0.0,199.0,447.0,248.0,31.0,219.0,6.0,4.0,0.0,0.0,0.0,0.0
2025/12/15,20:15:08,0,0.0,202.0,447.0,248.0,23.0,219.0,5.0,4.0,0.0,0.0,0.0,0.0
2025/12/15,20:15:13,0,0.0,204.0,448.0,249.0,10.0,221.0,1.0,1.0,0.0,0.0,0.0,0.0
2025/12/15,20:15:18,0,0.0,193.0,448.0,248.0,36.0,221.0,6.0,5.0,0.0,0.0,0.0,0.0
2025/12/15,20:15:23,0,0.0,214.0,448.0,248.0,5.0,220.0,0.0,0.0,0.0,0.0,0.0,0.0
2025/12/15,20:15:28,0,0.0,199.0,444.0,248.0,31.0,220.0,5.0,4.0,0.0,0.0,0.0,0.0
2025/12/15,20:15:33,0,0.0,205.0,448.0,248.0,16.0,220.0,4.0,2.0,0.0,0.0,0.0,0.0
2025/12/15,20:15:38,0,0.0,202.0,449.0,248.0,10.0,220.0,1.0,1.0,0.0,0.0,0.0,0.0
2025/12/15,20:15:43,0,0.0,194.0,447.0,248.0,35.0,220.0,6.0,5.0,0.0,0.0,0.0,0.0
2025/12/15,20:15:48,0,0.0,210.0,449.0,248.0,3.0,220.0,0.0,0.0,0.0,0.0,0.0,0.0
2025/12/15,20:15:53,0,0.0,199.0,446.0,248.0,34.0,221.0,6.0,4.0,0.0,0.0,0.0,0.0
2025/12/15,20:15:58,0,0.0,220.0,448.0,248.0,7.0,220.0,1.0,0.0,0.0,0.0,0.0,0.0
2025/12/15,20:16:03,0,0.0,200.0,447.0,248.0,30.0,221.0,5.0,4.0,0.0,0.0,0.0,0.0
2025/12/15,20:16:08,0,0.0,194.0,447.0,248.0,33.0,221.0,6.0,5.0,0.0,0.0,0.0,0.0
2025/12/15,20:16:13,0,0.0,216.0,448.0,249.0,6.0,220.0,0.0,0.0,0.0,0.0,0.0,0.0
2025/12/15,20:16:18,0,0.0,201.0,448.0,249.0,30.0,219.0,5.0,3.0,0.0,0.0,0.0,0.0
2025/12/15,20:16:23,0,1.0,212.0,449.0,247.0,9.0,219.0,2.0,1.0,0.0,0.0,0.0,0.0
2025/12/15,20:16:28,0,0.0,201.0,447.0,248.0,25.0,220.0,3.0,3.0,0.0,0.0,0.0,0.0
2025/12/15,20:16:33,0,0.0,198.0,448.0,249.0,28.0,220.0,5.0,4.0,0.0,0.0,0.0,0.0
2025/12/15,20:16:38,0,0.0,211.0,448.0,247.0,5.0,219.0,1.0,0.0,0.0,0.0,0.0,0.0
2025/12/15,20:16:43,0,1.0,203.0,448.0,247.0,36.0,219.0,6.0,4.0,0.0,0.0,0.0,0.0
2025/12/15,20:16:48,0,0.0,216.0,449.0,249.0,6.0,219.0,2.0,0.0,0.0,0.0,0.0,0.0
2025/12/15,20:16:53,0,0.0,202.0,448.0,249.0,23.0,220.0,3.0,3.0,0.0,0.0,0.0,0.0
2025/12/15,20:16:58,0,0.0,203.0,448.0,248.0,22.0,221.0,5.0,3.0,0.0,0.0,0.0,0.0
2025/12/15,20:17:03,0,0.0,207.0,448.0,249.0,5.0,220.0,0.0,0.0,0.0,0.0,0.0,0.0
2025/12/15,20:17:08,0,0.0,198.0,445.0,248.0,34.0,219.0,6.0,5.0,0.0,0.0,0.0,0.0
2025/12/15,20:17:13,0,0.0,213.0,447.0,248.0,9.0,221.0,1.0,1.0,0.0,0.0,0.0,0.0
2025/12/15,20:17:18,0,0.0,204.0,448.0,248.0,15.0,220.0,1.0,1.0,0.0,0.0,0.0,0.0
2025/12/15,20:17:23,0,0.0,194.0,444.0,248.0,36.0,218.0,6.0,5.0,0.0,0.0,0.0,0.0
2025/12/15,20:17:28,0,0.0,220.0,446.0,248.0,6.0,220.0,1.0,0.0,0.0,0.0,0.0,0.0
2025/12/15,20:17:33,0,0.0,204.0,448.0,248.0,19.0,220.0,2.0,2.0,0.0,0.0,0.0,0.0
2025/12/15,20:17:38,0,0.0,198.0,448.0,249.0,34.0,220.0,6.0,5.0,0.0,0.0,0.0,0.0
2025/12/15,20:17:43,0,0.0,220.0,449.0,248.0,5.0,220.0,1.0,0.0,0.0,0.0,0.0,0.0
2025/12/15,20:17:48,0,0.0,200.0,447.0,248.0,37.0,219.0,6.0,4.0,0.0,0.0,0.0,0.0
2025/12/15,20:17:53,0,0.0,217.0,449.0,248.0,4.0,219.0,1.0,0.0,0.0,0.0,0.0,0.0
2025/12/15,20:17:58,0,0.0,195.0,448.0,249.0,36.0,220.0,6.0,4.0,0.0,0.0,0.0,0.0
2025/12/15,20:18:03,0,1.0,203.0,448.0,248.0,22.0,220.0,3.0,2.0,0.0,0.0,0.0,0.0
2025/12/15,20:18:08,0,0.0,212.0,447.0,249.0,9.0,219.0,3.0,1.0,0.0,0.0,0.0,0.0
2025/12/15,20:18:13,0,0.0,199.0,448.0,248.0,31.0,220.0,4.0,3.0,0.0,0.0,0.0,0.0
2025/12/15,20:18:18,0,0.0,214.0,447.0,248.0,5.0,218.0,1.0,0.0,0.0,0.0,0.0,0.0
2025/12/15,20:18:23,0,0.0,208.0,451.0,249.0,18.0,220.0,2.0,2.0,0.0,0.0,0.0,0.0
2025/12/15,20:18:28,0,0.0,197.0,448.0,249.0,35.0,219.0,6.0,4.0,0.0,0.0,0.0,0.0
2025/12/15,20:18:33,0,0.0,200.0,448.0,248.0,32.0,219.0,6.0,5.0,0.0,0.0,0.0,0.0
2025/12/15,20:18:38,0,0.0,204.0,448.0,247.0,5.0,219.0,0.0,0.0,0.0,0.0,0.0,0.0
2025/12/15,20:18:43,0,0.0,220.0,446.0,248.0,6.0,220.0,1.0,0.0,0.0,0.0,0.0,0.0
2025/12/15,20:18:48,0,0.0,203.0,448.0,248.0,23.0,219.0,4.0,3.0,0.0,0.0,0.0,0.0
2025/12/15,20:18:53,0,0.0,197.0,446.0,247.0,35.0,219.0,6.0,5.0,0.0,0.0,0.0,0.0
2025/12/15,20:18:58,0,0.0,201.0,447.0,248.0,24.0,218.0,3.0,3.0,0.0,0.0,0.0,0.0
2025/12/15,20:19:03,0,0.0,215.0,448.0,249.0,4.0,219.0,0.0,0.0,0.0,0.0,0.0,0.0
2025/12/15,20:19:08,0,0.0,198.0,448.0,248.0,31.0,219.0,6.0,4.0,0.0,0.0,0.0,0.0
2025/12/15,20:19:13,0,0.0,199.0,448.0,249.0,30.0,219.0,5.0,4.0,0.0,0.0,0.0,0.0
2025/12/15,20:19:18,0,0.0,214.0,449.0,249.0,4.0,218.0,0.0,0.0,0.0,0.0,0.0,0.0
2025/12/15,20:19:23,0,0.0,197.0,448.0,248.0,29.0,219.0,6.0,5.0,0.0,0.0,0.0,0.0
2025/12/15,20:19:28,0,0.0,200.0,447.0,246.0,36.0,217.0,5.0,4.0,0.0,0.0,0.0,0.0
2025/12/15,20:19:33,0,0.0,215.0,449.0,249.0,3.0,217.0,0.0,0.0,0.0,0.0,0.0,0.0
2025/12/15,20:19:38,0,0.0,197.0,445.0,248.0,36.0,216.0,6.0,5.0,0.0,0.0,0.0,0.0
2025/12/15,20:19:43,0,0.0,208.0,450.0,247.0,4.0,219.0,1.0,0.0,0.0,0.0,0.0,0.0
2025/12/15,20:19:48,0,0.0,194.0,448.0,248.0,36.0,218.0,6.0,5.0,0.0,0.0,0.0,0.0
2025/12/15,20:19:53,0,0.0,203.0,447.0,247.0,13.0,218.0,2.0,1.0,0.0,0.0,0.0,0.0
2025/12/15,20:19:58,0,0.0,214.0,449.0,249.0,8.0,218.0,2.0,1.0,0.0,0.0,0.0,0.0
2025/12/15,20:20:03,0,0.0,205.0,447.0,248.0,34.0,218.0,5.0,4.0,0.0,0.0,0.0,0.0
2025/12/15,20:20:08,0,0.0,217.0,449.0,249.0,4.0,218.0,2.0,0.0,0.0,0.0,0.0,0.0
2025/12/15,20:20:13,0,0.0,201.0,447.0,247.0,32.0,217.0,5.0,3.0,0.0,0.0,0.0,0.0
2025/12/15,20:20:18,0,0.0,217.0,449.0,248.0,3.0,219.0,1.0,0.0,0.0,0.0,0.0,0.0
2025/12/15,20:20:23,0,0.0,198.0,448.0,248.0,36.0,219.0,6.0,5.0,0.0,0.0,0.0,0.0
2025/12/15,20:20:28,0,0.0,207.0,450.0,249.0,4.0,218.0,1.0,0.0,0.0,0.0,0.0,0.0
2025/12/15,20:20:33,0,0.0,195.0,447.0,246.0,35.0,218.0,7.0,5.0,0.0,0.0,0.0,0.0
2025/12/15,20:20:38,0,0.0,206.0,448.0,247.0,5.0,218.0,1.0,0.0,0.0,0.0,0.0,0.0
2025/12/15,20:20:43,0,0.0,195.0,447.0,247.0,36.0,218.0,7.0,5.0,0.0,0.0,0.0,0.0
2025/12/15,20:20:48,0,0.0,204.0,449.0,248.0,5.0,220.0,0.0,0.0,0.0,0.0,0.0,0.0
2025/12/15,20:20:53,0,0.0,199.0,448.0,248.0,33.0,219.0,5.0,3.0,0.0,0.0,0.0,0.0
2025/12/15,20:20:58,0,0.0,202.0,449.0,249.0,15.0,220.0,1.0,1.0,0.0,0.0,0.0,0.0
2025/12/15,20:21:03,0,0.0,204.0,448.0,248.0,20.0,219.0,4.0,3.0,0.0,0.0,0.0,0.0
2025/12/15,20:21:08,0,0.0,202.0,448.0,248.0,23.0,218.0,4.0,2.0,0.0,0.0,0.0,0.0
2025/12/15,20:21:13,0,0.0,212.0,449.0,249.0,10.0,218.0,3.0,1.0,0.0,0.0,0.0,0.0
2025/12/15,20:21:18,0,0.0,202.0,448.0,246.0,21.0,220.0,3.0,3.0,0.0,0.0,0.0,0.0
2025/12/15,20:21:23,0,0.0,200.0,445.0,249.0,31.0,218.0,6.0,5.0,0.0,0.0,0.0,0.0
2025/12/15,20:21:28,0,0.0,211.0,448.0,247.0,3.0,219.0,1.0,0.0,0.0,0.0,0.0,0.0
2025/12/15,20:21:33,0,0.0,202.0,448.0,249.0,34.0,218.0,6.0,5.0,0.0,0.0,0.0,0.0
2025/12/15,20:21:38,0,0.0,206.0,448.0,248.0,25.0,220.0,4.0,3.0,0.0,0.0,0.0,0.0
2025/12/15,20:22:11,0,0.0,200.0,448.0,248.0,39.0,220.0,7.0,5.0,0.0,0.0,0.0,0.0
2025/12/15,20:22:13,0,0.0,217.0,449.0,248.0,3.0,220.0,1.0,0.0,0.0,0.0,0.0,0.0
2025/12/15,20:22:18,0,0.0,206.0,449.0,248.0,6.0,219.0,0.0,0.0,0.0,0.0,0.0,0.0
2025/12/15,20:22:23,0,0.0,201.0,448.0,249.0,24.0,220.0,3.0,3.0,0.0,0.0,0.0,0.0
2025/12/15,20:22:28,0,0.0,200.0,447.0,248.0,35.0,219.0,6.0,5.0,0.0,0.0,0.0,0.0
2025/12/15,20:22:33,0,0.0,209.0,447.0,249.0,19.0,220.0,3.0,2.0,0.0,0.0,0.0,0.0
2025/12/15,20:22:38,0,0.0,211.0,449.0,248.0,3.0,220.0,0.0,0.0,0.0,0.0,0.0,0.0
2025/12/15,20:22:43,0,0.0,199.0,449.0,249.0,31.0,220.0,5.0,4.0,0.0,0.0,0.0,0.0
2025/12/15,20:22:48,0,0.0,201.0,448.0,249.0,29.0,220.0,5.0,4.0,0.0,0.0,0.0,0.0
2025/12/15,20:22:53,0,0.0,211.0,446.0,248.0,5.0,220.0,0.0,0.0,0.0,0.0,0.0,0.0
2025/12/15,20:22:58,0,0.0,202.0,447.0,247.0,27.0,219.0,5.0,3.0,0.0,0.0,0.0,0.0
2025/12/15,20:23:03,0,0.0,195.0,447.0,249.0,33.0,220.0,6.0,5.0,0.0,0.0,0.0,0.0
2025/12/15,20:23:08,0,0.0,220.0,448.0,248.0,5.0,219.0,1.0,0.0,0.0,0.0,0.0,0.0
2025/12/15,20:23:13,0,0.0,202.0,449.0,249.0,19.0,220.0,2.0,2.0,0.0,0.0,0.0,0.0
2025/12/15,20:23:18,0,0.0,198.0,447.0,249.0,34.0,220.0,6.0,5.0,0.0,0.0,0.0,0.0
2025/12/15,20:23:23,0,0.0,207.0,449.0,249.0,18.0,221.0,4.0,3.0,0.0,0.0,0.0,0.0
2025/12/15,20:23:28,0,0.0,216.0,449.0,248.0,6.0,219.0,1.0,0.0,0.0,0.0,0.0,0.0
2025/12/15,20:23:33,0,0.0,204.0,449.0,248.0,9.0,220.0,0.0,0.0,0.0,0.0,0.0,0.0
2025/12/15,20:23:38,0,0.0,202.0,447.0,249.0,32.0,219.0,6.0,4.0,0.0,0.0,0.0,0.0
2025/12/15,20:23:43,0,0.0,207.0,448.0,249.0,20.0,219.0,4.0,2.0,0.0,0.0,0.0,0.0
2025/12/15,20:23:48,0,0.0,207.0,449.0,248.0,4.0,220.0,0.0,0.0,0.0,0.0,0.0,0.0
2025/12/15,20:23:53,0,0.0,199.0,448.0,246.0,31.0,221.0,6.0,5.0,0.0,0.0,0.0,0.0
2025/12/15,20:23:58,0,0.0,197.0,448.0,248.0,33.0,221.0,6.0,5.0,0.0,0.0,0.0,0.0
2025/12/15,20:24:03,0,0.0,207.0,448.0,248.0,18.0,220.0,4.0,2.0,0.0,0.0,0.0,0.0
2025/12/15,20:24:08,0,0.0,217.0,449.0,249.0,6.0,219.0,1.0,0.0,0.0,0.0,0.0,0.0
2025/12/15,20:24:13,0,0.0,206.0,448.0,248.0,5.0,220.0,0.0,0.0,0.0,0.0,0.0,0.0
2025/12/15,20:24:18,0,0.0,201.0,447.0,248.0,27.0,220.0,4.0,3.0,0.0,0.0,0.0,0.0
2025/12/15,20:24:23,0,0.0,203.0,445.0,248.0,33.0,220.0,6.0,4.0,0.0,0.0,0.0,0.0
2025/12/15,20:24:28,0,0.0,202.0,448.0,248.0,35.0,219.0,7.0,5.0,0.0,0.0,0.0,0.0
2025/12/15,20:24:33,0,0.0,202.0,447.0,246.0,33.0,219.0,7.0,4.0,0.0,0.0,0.0,0.0
2025/12/15,20:24:38,0,0.0,200.0,448.0,248.0,34.0,220.0,6.0,5.0,0.0,0.0,0.0,0.0
2025/12/15,20:24:43,0,0.0,200.0,448.0,248.0,35.0,219.0,7.0,4.0,0.0,0.0,0.0,0.0
2025/12/15,20:24:48,0,0.0,200.0,449.0,249.0,24.0,220.0,4.0,3.0,0.0,0.0,0.0,0.0
2025/12/15,20:24:53,0,0.0,220.0,448.0,247.0,7.0,219.0,2.0,0.0,0.0,0.0,0.0,0.0
2025/12/15,20:24:58,0,0.0,202.0,449.0,249.0,7.0,220.0,0.0,0.0,0.0,0.0,0.0,0.0
2025/12/15,20:25:03,0,0.0,201.0,447.0,247.0,32.0,220.0,5.0,4.0,0.0,0.0,0.0,0.0
2025/12/15,20:25:08,0,0.0,198.0,447.0,248.0,35.0,219.0,7.0,5.0,0.0,0.0,0.0,0.0
2025/12/15,20:25:13,0,0.0,203.0,448.0,248.0,22.0,219.0,4.0,3.0,0.0,0.0,0.0,0.0
2025/12/15,20:25:18,0,0.0,219.0,449.0,246.0,7.0,219.0,1.0,1.0,0.0,0.0,0.0,0.0
2025/12/15,20:25:23,0,0.0,212.0,449.0,248.0,6.0,221.0,1.0,0.0,0.0,0.0,0.0,0.0
2025/12/15,20:25:28,0,0.0,203.0,447.0,248.0,22.0,219.0,3.0,2.0,0.0,0.0,0.0,0.0
2025/12/15,20:25:33,0,0.0,204.0,448.0,248.0,32.0,220.0,5.0,4.0,0.0,0.0,0.0,0.0
2025/12/15,20:25:38,0,0.0,199.0,449.0,248.0,28.0,220.0,5.0,4.0,0.0,0.0,0.0,0.0
2025/12/15,20:25:43,0,0.0,221.0,449.0,246.0,6.0,220.0,1.0,0.0,0.0,0.0,0.0,0.0
2025/12/15,20:25:48,0,0.0,201.0,448.0,248.0,11.0,219.0,1.0,1.0,0.0,0.0,0.0,0.0
2025/12/15,20:25:53,0,0.0,202.0,448.0,248.0,32.0,220.0,5.0,4.0,0.0,0.0,0.0,0.0
2025/12/15,20:25:58,0,0.0,194.0,445.0,248.0,34.0,220.0,6.0,4.0,0.0,0.0,0.0,0.0
2025/12/15,20:26:03,0,0.0,214.0,449.0,248.0,9.0,220.0,2.0,1.0,0.0,0.0,0.0,0.0
2025/12/15,20:26:08,0,0.0,208.0,447.0,248.0,5.0,221.0,1.0,0.0,0.0,0.0,0.0,0.0
2025/12/15,20:26:13,0,0.0,199.0,447.0,248.0,37.0,219.0,6.0,4.0,0.0,0.0,0.0,0.0
2025/12/15,20:26:18,0,0.0,194.0,446.0,248.0,34.0,221.0,6.0,5.0,0.0,0.0,0.0,0.0
2025/12/15,20:26:23,0,0.0,214.0,447.0,248.0,4.0,220.0,1.0,0.0,0.0,0.0,0.0,0.0
2025/12/15,20:26:28,0,0.0,203.0,444.0,248.0,34.0,219.0,5.0,4.0,0.0,0.0,0.0,0.0
2025/12/15,20:26:33,0,0.0,208.0,448.0,248.0,16.0,220.0,3.0,3.0,0.0,0.0,0.0,0.0
2025/12/15,20:26:38,0,0.0,215.0,449.0,248.0,3.0,220.0,0.0,0.0,0.0,0.0,0.0,0.0
2025/12/15,20:26:43,0,0.0,202.0,446.0,248.0,24.0,220.0,4.0,3.0,0.0,0.0,0.0,0.0
2025/12/15,20:26:48,0,0.0,194.0,447.0,248.0,34.0,219.0,6.0,5.0,0.0,0.0,0.0,0.0
2025/12/15,20:26:53,0,0.0,220.0,449.0,248.0,7.0,220.0,1.0,1.0,0.0,0.0,0.0,0.0
2025/12/15,20:26:58,0,0.0,203.0,449.0,249.0,26.0,221.0,3.0,3.0,0.0,0.0,0.0,0.0
2025/12/15,20:27:03,0,0.0,199.0,448.0,248.0,35.0,221.0,6.0,5.0,0.0,0.0,0.0,0.0
2025/12/15,20:27:08,0,2.0,221.0,449.0,249.0,4.0,219.0,2.0,0.0,0.0,0.0,0.0,0.0
2025/12/15,20:27:13,0,0.0,205.0,449.0,249.0,11.0,221.0,1.0,1.0,0.0,0.0,0.0,0.0
2025/12/15,20:27:18,0,0.0,201.0,448.0,249.0,35.0,220.0,5.0,4.0,0.0,0.0,0.0,0.0
2025/12/15,20:27:23,0,0.0,210.0,449.0,248.0,18.0,219.0,3.0,2.0,0.0,0.0,0.0,0.0
2025/12/15,20:27:28,0,0.0,207.0,449.0,247.0,4.0,220.0,0.0,0.0,0.0,0.0,0.0,0.0
2025/12/15,20:27:33,0,0.0,203.0,446.0,248.0,33.0,220.0,5.0,4.0,0.0,0.0,0.0,0.0
2025/12/15,20:27:38,0,0.0,204.0,448.0,248.0,20.0,219.0,5.0,3.0,0.0,0.0,0.0,0.0
2025/12/15,20:27:43,0,0.0,216.0,449.0,248.0,4.0,220.0,1.0,0.0,0.0,0.0,0.0,0.0
2025/12/15,20:27:48,0,0.0,201.0,448.0,248.0,31.0,220.0,5.0,3.0,0.0,0.0,0.0,0.0
2025/12/15,20:27:53,0,0.0,194.0,445.0,248.0,35.0,220.0,8.0,4.0,0.0,0.0,0.0,0.0
2025/12/15,20:27:58,0,0.0,216.0,450.0,248.0,3.0,221.0,1.0,0.0,0.0,0.0,0.0,0.0
2025/12/15,20:28:03,0,0.0,202.0,448.0,248.0,27.0,219.0,4.0,3.0,0.0,0.0,0.0,0.0
2025/12/15,20:28:08,0,0.0,197.0,448.0,248.0,34.0,221.0,6.0,5.0,0.0,0.0,0.0,0.0
2025/12/15,20:28:13,0,0.0,210.0,448.0,248.0,9.0,221.0,2.0,1.0,0.0,0.0,0.0,0.0
2025/12/15,20:28:18,0,0.0,204.0,450.0,248.0,4.0,219.0,1.0,0.0,0.0,0.0,0.0,0.0
2025/12/15,20:28:23,0,0.0,199.0,448.0,246.0,37.0,220.0,6.0,5.0,0.0,0.0,0.0,0.0
2025/12/15,20:28:28,0,0.0,220.0,449.0,247.0,6.0,221.0,1.0,0.0,0.0,0.0,0.0,0.0
2025/12/15,20:28:33,0,0.0,201.0,448.0,247.0,27.0,219.0,4.0,3.0,0.0,0.0,0.0,0.0
2025/12/15,20:28:38,0,0.0,195.0,448.0,248.0,32.0,220.0,6.0,5.0,0.0,0.0,0.0,0.0
2025/12/15,20:28:43,0,0.0,216.0,450.0,247.0,3.0,219.0,1.0,0.0,0.0,0.0,0.0,0.0
2025/12/15,20:28:48,0,0.0,203.0,448.0,248.0,29.0,219.0,5.0,3.0,0.0,0.0,0.0,0.0
2025/12/15,20:28:53,0,0.0,198.0,447.0,246.0,34.0,219.0,7.0,4.0,0.0,0.0,0.0,0.0
2025/12/15,20:28:58,0,0.0,213.0,450.0,247.0,10.0,219.0,3.0,1.0,0.0,0.0,0.0,0.0
2025/12/15,20:29:03,0,0.0,210.0,449.0,246.0,5.0,219.0,1.0,0.0,0.0,0.0,0.0,0.0
2025/12/15,20:29:08,0,0.0,200.0,448.0,248.0,28.0,220.0,4.0,3.0,0.0,0.0,0.0,0.0
2025/12/15,20:29:13,0,0.0,204.0,447.0,248.0,33.0,220.0,6.0,4.0,0.0,0.0,0.0,0.0
2025/12/15,20:29:18,0,0.0,203.0,447.0,248.0,34.0,221.0,6.0,4.0,0.0,0.0,0.0,0.0
2025/12/15,20:29:23,0,0.0,198.0,449.0,249.0,34.0,221.0,6.0,5.0,0.0,0.0,0.0,0.0
2025/12/15,20:29:28,0,0.0,198.0,447.0,249.0,35.0,221.0,6.0,5.0,0.0,0.0,0.0,0.0
2025/12/15,20:29:33,0,0.0,195.0,449.0,248.0,34.0,220.0,6.0,5.0,0.0,0.0,0.0,0.0
2025/12/15,20:29:38,0,0.0,219.0,447.0,248.0,5.0,221.0,1.0,0.0,0.0,0.0,0.0,0.0
2025/12/15,20:29:43,0,0.0,200.0,448.0,248.0,32.0,220.0,5.0,4.0,0.0,0.0,0.0,0.0
2025/12/15,20:29:48,0,1.0,222.0,450.0,247.0,4.0,220.0,1.0,0.0,0.0,0.0,0.0,0.0
2025/12/15,20:29:53,0,0.0,206.0,448.0,248.0,36.0,220.0,6.0,4.0,0.0,0.0,0.0,0.0
2025/12/15,20:29:58,0,0.0,221.0,449.0,247.0,5.0,218.0,1.0,0.0,0.0,0.0,0.0,0.0
2025/12/15,20:30:03,0,0.0,202.0,447.0,248.0,31.0,222.0,5.0,4.0,0.0,0.0,0.0,0.0
2025/12/15,20:30:08,0,0.0,196.0,447.0,246.0,34.0,219.0,6.0,4.0,0.0,0.0,0.0,0.0
2025/12/15,20:30:13,0,0.0,210.0,451.0,248.0,12.0,219.0,3.0,2.0,0.0,0.0,0.0,0.0
2025/12/15,20:30:18,0,0.0,217.0,449.0,248.0,9.0,220.0,1.0,0.0,0.0,0.0,0.0,0.0
2025/12/15,20:30:23,0,0.0,219.0,448.0,249.0,10.0,219.0,1.0,0.0,0.0,0.0,0.0,0.0
2025/12/15,20:30:28,0,0.0,220.0,449.0,247.0,10.0,220.0,0.0,0.0,0.0,0.0,0.0,0.0
2025/12/15,20:30:33,0,0.0,221.0,449.0,247.0,7.0,219.0,2.0,0.0,0.0,0.0,0.0,0.0
2025/12/15,20:30:38,0,0.0,219.0,449.0,248.0,6.0,219.0,1.0,0.0,0.0,0.0,0.0,0.0
2025/12/15,20:30:43,0,0.0,214.0,449.0,248.0,8.0,219.0,1.0,0.0,0.0,0.0,0.0,0.0
2025/12/15,20:30:48,0,0.0,207.0,450.0,248.0,7.0,219.0,0.0,0.0,0.0,0.0,0.0,0.0
2025/12/15,20:30:53,0,0.0,204.0,446.0,248.0,11.0,219.0,1.0,1.0,0.0,0.0,0.0,0.0
2025/12/15,20:30:58,0,0.0,204.0,449.0,248.0,9.0,220.0,0.0,1.0,0.0,0.0,0.0,0.0
2025/12/15,20:31:03,0,0.0,212.0,449.0,248.0,2.0,219.0,0.0,0.0,0.0,0.0,0.0,0.0
2025/12/15,20:31:08,0,0.0,210.0,448.0,248.0,12.0,220.0,2.0,1.0,0.0,0.0,0.0,0.0
2025/12/15,20:31:13,0,0.0,203.0,447.0,248.0,35.0,219.0,6.0,5.0,0.0,0.0,0.0,0.0
2025/12/15,20:31:18,0,0.0,202.0,446.0,248.0,7.0,220.0,1.0,0.0,0.0,0.0,0.0,0.0
2025/12/15,20:31:23,0,0.0,216.0,449.0,248.0,11.0,218.0,1.0,0.0,0.0,0.0,0.0,0.0
2025/12/15,20:31:28,0,0.0,195.0,448.0,248.0,40.0,219.0,6.0,5.0,0.0,0.0,0.0,0.0
2025/12/15,20:31:33,0,0.0,204.0,446.0,248.0,32.0,218.0,5.0,4.0,0.0,0.0,0.0,0.0
2025/12/15,20:31:38,0,0.0,204.0,449.0,248.0,17.0,220.0,2.0,2.0,0.0,0.0,0.0,0.0
2025/12/15,20:31:43,0,0.0,209.0,448.0,248.0,4.0,220.0,0.0,0.0,0.0,0.0,0.0,0.0
2025/12/15,20:31:48,0,0.0,223.0,448.0,248.0,6.0,219.0,2.0,1.0,0.0,0.0,0.0,0.0
2025/12/15,20:32:55,0,0.0,200.0,447.0,247.0,27.0,218.0,6.0,4.0,0.0,0.0,0.0,0.0
2025/12/15,20:33:00,0,0.0,213.0,450.0,248.0,3.0,221.0,0.0,0.0,0.0,0.0,0.0,0.0
2025/12/15,20:33:05,0,0.0,202.0,447.0,248.0,28.0,220.0,5.0,3.0,0.0,0.0,0.0,0.0
2025/12/15,20:33:10,0,0.0,197.0,447.0,247.0,33.0,219.0,6.0,5.0,0.0,0.0,0.0,0.0
2025/12/15,20:33:15,0,0.0,218.0,449.0,248.0,4.0,218.0,1.0,0.0,0.0,0.0,0.0,0.0
2025/12/15,20:33:20,0,0.0,205.0,448.0,248.0,15.0,220.0,1.0,1.0,0.0,0.0,0.0,0.0
2025/12/15,20:33:25,0,0.0,200.0,448.0,248.0,35.0,220.0,6.0,5.0,0.0,0.0,0.0,0.0
2025/12/15,20:33:30,0,0.0,219.0,449.0,248.0,3.0,220.0,1.0,0.0,0.0,0.0,0.0,0.0
2025/12/15,20:33:35,0,0.0,203.0,449.0,248.0,20.0,220.0,2.0,2.0,0.0,0.0,0.0,0.0
2025/12/15,20:33:40,0,0.0,199.0,447.0,246.0,34.0,219.0,6.0,4.0,0.0,0.0,0.0,0.0
2025/12/15,20:33:45,0,0.0,217.0,450.0,249.0,4.0,219.0,1.0,1.0,0.0,0.0,0.0,0.0
2025/12/15,20:33:50,0,0.0,206.0,448.0,248.0,10.0,218.0,0.0,0.0,0.0,0.0,0.0,0.0
2025/12/15,20:33:55,0,0.0,199.0,447.0,248.0,31.0,218.0,6.0,5.0,0.0,0.0,0.0,0.0
2025/12/15,20:34:00,0,0.0,195.0,447.0,249.0,33.0,219.0,6.0,5.0,0.0,0.0,0.0,0.0
2025/12/15,20:34:05,0,0.0,212.0,449.0,249.0,11.0,220.0,1.0,1.0,0.0,0.0,0.0,0.0
2025/12/15,20:34:10,0,0.0,208.0,449.0,248.0,9.0,221.0,0.0,0.0,0.0,0.0,0.0,0.0
2025/12/15,20:34:15,0,0.0,206.0,447.0,248.0,32.0,221.0,5.0,4.0,0.0,0.0,0.0,0.0
2025/12/15,20:34:20,0,0.0,213.0,449.0,248.0,10.0,220.0,2.0,1.0,0.0,0.0,0.0,0.0
2025/12/15,20:34:25,0,0.0,205.0,449.0,248.0,14.0,220.0,2.0,1.0,0.0,0.0,0.0,0.0
2025/12/15,20:34:30,0,0.0,198.0,447.0,248.0,33.0,220.0,7.0,5.0,0.0,0.0,0.0,0.0
2025/12/15,20:34:35,0,0.0,222.0,449.0,247.0,7.0,220.0,1.0,0.0,0.0,0.0,0.0,0.0
2025/12/15,20:34:40,0,0.0,205.0,448.0,247.0,19.0,220.0,2.0,1.0,0.0,0.0,0.0,0.0
2025/12/15,20:34:45,0,0.0,206.0,447.0,246.0,32.0,219.0,6.0,4.0,0.0,0.0,0.0,0.0
2025/12/15,20:34:50,0,0.0,197.0,447.0,248.0,34.0,221.0,6.0,5.0,0.0,0.0,0.0,0.0
2025/12/15,20:34:55,0,0.0,207.0,448.0,248.0,16.0,219.0,3.0,2.0,0.0,0.0,0.0,0.0
2025/12/15,20:35:00,0,0.0,213.0,447.0,248.0,5.0,220.0,0.0,0.0,0.0,0.0,0.0,0.0
2025/12/15,20:35:05,0,0.0,201.0,448.0,247.0,29.0,220.0,5.0,3.0,0.0,0.0,0.0,0.0
2025/12/15,20:35:10,0,0.0,194.0,448.0,248.0,36.0,221.0,6.0,5.0,0.0,0.0,0.0,0.0
2025/12/15,20:35:15,0,0.0,210.0,446.0,248.0,11.0,219.0,3.0,1.0,0.0,0.0,0.0,0.0
2025/12/15,20:35:20,0,0.0,221.0,448.0,248.0,9.0,220.0,2.0,1.0,0.0,0.0,0.0,0.0
2025/12/15,20:35:25,0,0.0,222.0,449.0,246.0,7.0,220.0,1.0,0.0,0.0,0.0,0.0,0.0
2025/12/15,20:35:30,0,0.0,222.0,450.0,249.0,8.0,220.0,1.0,0.0,0.0,0.0,0.0,0.0
2025/12/15,20:35:35,0,0.0,217.0,448.0,247.0,9.0,219.0,1.0,0.0,0.0,0.0,0.0,0.0
2025/12/15,20:35:40,0,0.0,203.0,445.0,248.0,31.0,219.0,5.0,4.0,0.0,0.0,0.0,0.0
2025/12/15,20:35:45,0,0.0,200.0,448.0,248.0,34.0,219.0,6.0,5.0,0.0,0.0,0.0,0.0
2025/12/15,20:35:50,0,0.0,202.0,446.0,248.0,18.0,220.0,3.0,2.0,0.0,0.0,0.0,0.0
2025/12/15,20:35:55,0,0.0,221.0,450.0,249.0,5.0,219.0,1.0,0.0,0.0,0.0,0.0,0.0
2025/12/15,20:36:00,0,0.0,197.0,448.0,248.0,36.0,221.0,6.0,5.0,0.0,0.0,0.0,-0.0008
2025/12/15,20:36:05,0,0.0,205.0,447.0,248.0,14.0,221.0,2.0,2.0,0.0,0.0,0.0,0.0
2025/12/15,20:36:10,0,0.0,221.0,446.0,248.0,7.0,221.0,2.0,1.0,0.0,0.0,0.0,0.0
2025/12/15,20:36:15,0,0.0,198.0,449.0,248.0,34.0,221.0,6.0,5.0,0.0,0.0,0.0,0.0
2025/12/15,20:36:20,0,0.0,204.0,448.0,248.0,33.0,218.0,6.0,4.0,0.0,0.0,0.0,0.0
2025/12/15,20:36:25,0,0.0,203.0,449.0,247.0,19.0,221.0,2.0,2.0,0.0,0.0,0.0,0.0
2025/12/15,20:36:30,0,0.0,214.0,450.0,246.0,3.0,219.0,1.0,0.0,0.0,0.0,0.0,0.0
2025/12/15,20:36:35,0,0.0,217.0,446.0,248.0,9.0,220.0,3.0,0.0,0.0,0.0,0.0,0.0
2025/12/15,20:36:40,0,0.0,199.0,448.0,248.0,30.0,220.0,5.0,3.0,0.0,0.0,0.0,0.0
2025/12/15,20:36:45,0,0.0,194.0,448.0,248.0,33.0,220.0,5.0,4.0,0.0,0.0,0.0,0.0
2025/12/15,20:36:50,0,0.0,199.0,447.0,248.0,34.0,221.0,6.0,5.0,0.0,0.0,0.0,0.0
2025/12/15,20:36:55,0,0.0,204.0,447.0,248.0,33.0,219.0,6.0,5.0,0.0,0.0,0.0,0.0
2025/12/15,20:37:00,0,0.0,201.0,448.0,248.0,32.0,221.0,5.0,5.0,0.0,0.0,0.0,0.0
2025/12/15,20:37:05,0,0.0,205.0,448.0,248.0,13.0,219.0,2.0,2.0,0.0,0.0,0.0,0.0
2025/12/15,20:37:10,0,0.0,224.0,449.0,248.0,6.0,221.0,1.0,0.0,0.0,0.0,0.0,0.0
2025/12/15,20:37:15,0,0.0,197.0,448.0,248.0,36.0,220.0,5.0,4.0,0.0,0.0,0.0,0.0
2025/12/15,20:37:20,0,0.0,201.0,447.0,248.0,21.0,221.0,2.0,2.0,0.0,0.0,0.0,0.0
2025/12/15,20:37:25,0,0.0,216.0,450.0,247.0,7.0,221.0,1.0,0.0,0.0,0.0,0.0,0.0
2025/12/15,20:37:30,0,0.0,202.0,448.0,248.0,36.0,219.0,6.0,4.0,0.0,0.0,0.0,0.0
2025/12/15,20:37:35,0,0.0,212.0,448.0,248.0,5.0,221.0,1.0,0.0,0.0,0.0,0.0,0.0
2025/12/15,20:37:40,0,0.0,196.0,447.0,248.0,37.0,221.0,6.0,5.0,0.0,0.0,0.0,0.0
2025/12/15,20:37:45,0,0.0,203.0,447.0,248.0,16.0,219.0,3.0,2.0,0.0,0.0,0.0,0.0
2025/12/15,20:37:50,0,0.0,220.0,449.0,246.0,4.0,220.0,1.0,0.0,0.0,0.0,0.0,0.0
2025/12/15,20:37:55,0,0.0,208.0,449.0,249.0,22.0,221.0,3.0,2.0,0.0,0.0,0.0,0.0
2025/12/15,20:38:00,0,0.0,196.0,448.0,248.0,37.0,220.0,6.0,5.0,0.0,0.0,0.0,0.0
2025/12/15,20:38:05,0,0.0,200.0,448.0,247.0,30.0,219.0,5.0,3.0,0.0,0.0,0.0,0.0
2025/12/15,20:38:10,0,0.0,210.0,448.0,247.0,4.0,219.0,1.0,0.0,0.0,0.0,0.0,0.0
2025/12/15,20:38:15,0,0.0,198.0,451.0,247.0,26.0,219.0,6.0,3.0,0.0,0.0,0.0,0.0
2025/12/15,20:38:20,0,0.0,201.0,447.0,248.0,32.0,218.0,5.0,4.0,0.0,0.0,0.0,0.0
2025/12/15,20:38:25,0,0.0,220.0,449.0,248.0,5.0,219.0,1.0,0.0,0.0,0.0,0.0,-0.0008
2025/12/15,20:38:30,0,0.0,199.0,448.0,248.0,36.0,221.0,6.0,5.0,0.0,0.0,0.0,0.0
2025/12/15,20:38:35,0,0.0,206.0,447.0,248.0,5.0,220.0,0.0,0.0,0.0,0.0,0.0,0.0
2025/12/15,20:38:40,0,0.0,213.0,450.0,249.0,10.0,221.0,3.0,1.0,0.0,0.0,0.0,0.0
2025/12/15,20:38:45,0,0.0,203.0,447.0,248.0,36.0,221.0,6.0,5.0,0.0,0.0,0.0,0.0
2025/12/15,20:38:50,0,0.0,205.0,449.0,248.0,6.0,221.0,1.0,0.0,0.0,0.0,0.0,0.0
2025/12/15,20:38:55,0,5.0,217.0,450.0,248.0,8.0,220.0,2.0,0.0,0.0,0.0,0.0,0.0
2025/12/15,20:39:00,0,0.0,199.0,449.0,248.0,34.0,221.0,6.0,5.0,0.0,0.0,0.0,0.0
2025/12/15,20:39:05,0,0.0,203.0,449.0,248.0,12.0,220.0,2.0,1.0,0.0,0.0,0.0,0.0
2025/12/15,20:39:10,0,0.0,224.0,449.0,248.0,6.0,221.0,1.0,1.0,0.0,0.0,0.0,0.0
2025/12/15,20:39:15,0,0.0,194.0,448.0,247.0,37.0,220.0,6.0,5.0,0.0,0.0,0.0,0.0
2025/12/15,20:39:20,0,0.0,201.0,448.0,248.0,30.0,221.0,4.0,3.0,0.0,0.0,0.0,-0.0008
2025/12/15,20:39:25,0,0.0,213.0,449.0,248.0,2.0,221.0,0.0,0.0,0.0,0.0,0.0,0.0
2025/12/15,20:39:30,0,0.0,214.0,449.0,246.0,9.0,219.0,2.0,1.0,0.0,0.0,0.0,0.0
2025/12/15,20:39:35,0,0.0,200.0,449.0,248.0,34.0,220.0,6.0,5.0,0.0,0.0,0.0,0.0
2025/12/15,20:39:40,0,0.0,201.0,446.0,248.0,30.0,220.0,5.0,3.0,0.0,0.0,0.0,0.0
2025/12/15,20:39:45,0,0.0,209.0,450.0,248.0,3.0,221.0,0.0,0.0,0.0,0.0,0.0,0.0
2025/12/15,20:39:50,0,0.0,207.0,449.0,248.0,16.0,221.0,2.0,3.0,0.0,0.0,0.0,0.0
2025/12/15,20:39:55,0,0.0,200.0,449.0,246.0,32.0,221.0,5.0,4.0,0.0,0.0,0.0,0.0
2025/12/15,20:40:00,0,0.0,220.0,449.0,248.0,5.0,219.0,1.0,0.0,0.0,0.0,0.0,0.0
2025/12/15,20:40:05,0,0.0,201.0,448.0,248.0,37.0,221.0,6.0,5.0,0.0,0.0,0.0,0.0
2025/12/15,20:40:10,0,0.0,211.0,450.0,248.0,3.0,221.0,0.0,0.0,0.0,0.0,0.0,0.0
2025/12/15,20:40:15,0,0.0,196.0,448.0,248.0,33.0,220.0,6.0,5.0,0.0,0.0,0.0,0.0
2025/12/15,20:40:20,0,1.0,202.0,448.0,247.0,23.0,220.0,3.0,3.0,0.0,0.0,0.0,0.0
2025/12/15,20:40:25,0,0.0,222.0,450.0,246.0,6.0,219.0,1.0,0.0,0.0,0.0,0.0,0.0
2025/12/15,20:40:30,0,0.0,201.0,448.0,247.0,37.0,219.0,7.0,4.0,0.0,0.0,0.0,0.0
2025/12/15,20:40:35,0,0.0,204.0,449.0,246.0,11.0,220.0,1.0,1.0,0.0,0.0,0.0,0.0
2025/12/15,20:40:40,0,0.0,216.0,448.0,248.0,7.0,220.0,1.0,0.0,0.0,0.0,0.0,0.0
2025/12/15,20:40:45,0,0.0,199.0,447.0,247.0,37.0,219.0,6.0,5.0,0.0,0.0,0.0,0.0
2025/12/15,20:40:50,0,0.0,206.0,450.0,248.0,4.0,221.0,0.0,0.0,0.0,0.0,0.0,0.0
2025/12/15,20:40:55,0,0.0,202.0,446.0,248.0,26.0,221.0,4.0,4.0,0.0,0.0,0.0,0.0
2025/12/15,20:41:00,0,0.0,201.0,447.0,248.0,28.0,218.0,5.0,4.0,0.0,0.0,0.0,0.0
2025/12/15,20:41:05,0,0.0,218.0,450.0,248.0,6.0,220.0,1.0,0.0,0.0,0.0,0.0,0.0
2025/12/15,20:41:10,0,0.0,205.0,448.0,248.0,35.0,221.0,6.0,4.0,0.0,0.0,0.0,0.0
2025/12/15,20:41:15,0,0.0,215.0,448.0,248.0,4.0,219.0,1.0,0.0,0.0,0.0,0.0,0.0
2025/12/15,20:41:20,0,0.0,198.0,448.0,247.0,37.0,220.0,6.0,5.0,0.0,0.0,0.0,0.0
2025/12/15,20:41:25,0,0.0,208.0,450.0,248.0,4.0,219.0,1.0,0.0,0.0,0.0,0.0,0.0
2025/12/15,20:41:30,0,0.0,195.0,448.0,248.0,36.0,220.0,6.0,4.0,0.0,0.0,0.0,0.0
2025/12/15,20:41:35,0,0.0,204.0,446.0,247.0,14.0,219.0,2.0,1.0,0.0,0.0,0.0,0.0
2025/12/15,20:41:40,0,0.0,205.0,449.0,248.0,24.0,220.0,3.0,3.0,0.0,0.0,0.0,0.0
2025/12/15,20:41:45,0,0.0,202.0,449.0,248.0,21.0,221.0,3.0,2.0,0.0,0.0,0.0,0.0
2025/12/15,20:41:50,0,0.0,209.0,449.0,248.0,18.0,221.0,3.0,3.0,0.0,0.0,0.0,0.0
2025/12/15,20:41:55,0,0.0,204.0,450.0,248.0,36.0,219.0,6.0,4.0,0.0,0.0,0.0,0.0
2025/12/15,20:42:28,0,0.0,205.0,447.0,248.0,39.0,220.0,6.0,5.0,0.0,0.0,0.0,0.0
2025/12/15,20:42:31,0,0.0,199.0,449.0,249.0,29.0,220.0,4.0,4.0,0.0,0.0,0.0,0.0
2025/12/15,20:42:36,0,0.0,207.0,448.0,246.0,16.0,219.0,4.0,2.0,0.0,0.0,0.0,0.0
2025/12/15,20:42:41,0,0.0,202.0,447.0,248.0,8.0,220.0,0.0,0.0,0.0,0.0,0.0,0.0
2025/12/15,20:42:46,0,0.0,199.0,447.0,249.0,35.0,219.0,6.0,4.0,0.0,0.0,0.0,0.0
2025/12/15,20:42:51,0,0.0,219.0,449.0,248.0,8.0,220.0,1.0,0.0,0.0,0.0,0.0,0.0
2025/12/15,20:42:56,0,0.0,200.0,448.0,248.0,37.0,220.0,6.0,4.0,0.0,0.0,0.0,0.0
2025/12/15,20:43:01,0,0.0,211.0,449.0,248.0,3.0,219.0,0.0,0.0,0.0,0.0,0.0,0.0
2025/12/15,20:43:06,0,0.0,207.0,449.0,247.0,13.0,219.0,3.0,1.0,0.0,0.0,0.0,0.0
2025/12/15,20:43:11,0,0.0,201.0,447.0,248.0,34.0,220.0,6.0,5.0,0.0,0.0,0.0,0.0
2025/12/15,20:43:16,0,0.0,205.0,449.0,247.0,5.0,219.0,1.0,0.0,0.0,0.0,0.0,0.0
2025/12/15,20:43:21,0,1.0,211.0,449.0,249.0,19.0,220.0,2.0,2.0,0.0,0.0,0.0,0.0
2025/12/15,20:43:26,0,0.0,200.0,447.0,247.0,31.0,219.0,5.0,4.0,0.0,0.0,0.0,0.0
2025/12/15,20:43:31,0,0.0,222.0,450.0,248.0,5.0,220.0,1.0,0.0,0.0,0.0,0.0,0.0
2025/12/15,20:43:36,0,0.0,201.0,449.0,249.0,37.0,221.0,6.0,5.0,0.0,0.0,0.0,0.0
2025/12/15,20:43:41,0,0.0,211.0,447.0,248.0,5.0,220.0,0.0,0.0,0.0,0.0,0.0,0.0
2025/12/15,20:43:46,0,0.0,196.0,448.0,248.0,35.0,218.0,6.0,4.0,0.0,0.0,0.0,0.0
2025/12/15,20:43:51,0,0.0,205.0,450.0,248.0,7.0,220.0,0.0,0.0,0.0,0.0,0.0,0.0
2025/12/15,20:43:56,0,0.0,200.0,448.0,248.0,31.0,219.0,6.0,4.0,0.0,0.0,0.0,0.0
2025/12/15,20:44:01,0,0.0,203.0,449.0,248.0,11.0,218.0,1.0,1.0,0.0,0.0,0.0,0.0
2025/12/15,20:44:06,0,0.0,205.0,448.0,246.0,24.0,219.0,4.0,3.0,0.0,0.0,0.0,0.0
2025/12/15,20:44:11,0,0.0,200.0,448.0,248.0,28.0,219.0,5.0,4.0,0.0,0.0,0.0,0.0
2025/12/15,20:44:16,0,0.0,218.0,449.0,248.0,4.0,218.0,1.0,0.0,0.0,0.0,0.0,0.0
2025/12/15,20:44:21,0,0.0,198.0,448.0,247.0,36.0,220.0,6.0,5.0,0.0,0.0,0.0,0.0
2025/12/15,20:44:26,0,1.0,204.0,449.0,249.0,17.0,219.0,3.0,2.0,0.0,0.0,0.0,0.0
2025/12/15,20:44:31,0,0.0,217.0,449.0,247.0,5.0,221.0,1.0,1.0,0.0,0.0,0.0,0.0
2025/12/15,20:44:36,0,0.0,202.0,447.0,246.0,36.0,218.0,7.0,4.0,0.0,0.0,0.0,0.0
2025/12/15,20:44:41,0,0.0,211.0,450.0,248.0,5.0,220.0,0.0,0.0,0.0,0.0,0.0,0.0
2025/12/15,20:44:46,0,0.0,198.0,446.0,248.0,34.0,222.0,6.0,4.0,0.0,0.0,0.0,0.0
2025/12/15,20:44:51,0,0.0,222.0,449.0,247.0,7.0,219.0,2.0,0.0,0.0,0.0,0.0,0.0
2025/12/15,20:44:56,0,0.0,202.0,448.0,246.0,24.0,220.0,5.0,3.0,0.0,0.0,0.0,0.0
2025/12/15,20:45:01,0,0.0,195.0,448.0,248.0,33.0,218.0,6.0,4.0,0.0,0.0,0.0,0.0
2025/12/15,20:45:06,0,0.0,217.0,449.0,246.0,5.0,219.0,1.0,0.0,0.0,0.0,0.0,0.0
2025/12/15,20:45:11,0,0.0,200.0,449.0,248.0,31.0,220.0,4.0,4.0,0.0,0.0,0.0,0.0
2025/12/15,20:45:16,0,1.0,194.0,448.0,248.0,33.0,218.0,6.0,4.0,0.0,0.0,0.0,0.0
2025/12/15,20:45:21,0,0.0,216.0,450.0,248.0,3.0,219.0,1.0,0.0,0.0,0.0,0.0,0.0
2025/12/15,20:45:26,0,0.0,202.0,448.0,248.0,36.0,220.0,6.0,4.0,0.0,0.0,0.0,0.0
2025/12/15,20:45:31,0,0.0,209.0,448.0,248.0,15.0,220.0,3.0,1.0,0.0,0.0,0.0,0.0
2025/12/15,20:45:36,0,0.0,205.0,449.0,247.0,14.0,220.0,1.0,1.0,0.0,0.0,0.0,0.0
2025/12/15,20:45:41,0,0.0,195.0,448.0,248.0,34.0,219.0,8.0,5.0,0.0,0.0,0.0,0.0
2025/12/15,20:45:46,0,0.0,216.0,448.0,247.0,5.0,218.0,1.0,0.0,0.0,0.0,0.0,0.0
2025/12/15,20:45:51,0,0.0,201.0,446.0,248.0,32.0,218.0,5.0,3.0,0.0,0.0,0.0,0.0
2025/12/15,20:45:56,0,0.0,193.0,449.0,248.0,34.0,220.0,6.0,5.0,0.0,0.0,0.0,0.0
2025/12/15,20:46:01,0,0.0,220.0,450.0,248.0,7.0,219.0,1.0,0.0,0.0,0.0,0.0,0.0
2025/12/15,20:46:06,0,0.0,207.0,446.0,248.0,7.0,220.0,0.0,0.0,0.0,0.0,0.0,0.0
2025/12/15,20:46:11,0,0.0,202.0,447.0,247.0,31.0,219.0,5.0,4.0,0.0,0.0,0.0,0.0
2025/12/15,20:46:16,0,0.0,206.0,447.0,247.0,21.0,219.0,4.0,3.0,0.0,0.0,0.0,0.0
2025/12/15,20:46:21,0,0.0,209.0,449.0,248.0,4.0,221.0,0.0,0.0,0.0,0.0,0.0,0.0
2025/12/15,20:46:26,0,0.0,200.0,448.0,248.0,33.0,218.0,6.0,4.0,0.0,0.0,0.0,0.0
2025/12/15,20:46:31,0,0.0,195.0,448.0,246.0,32.0,217.0,7.0,5.0,0.0,0.0,0.0,0.0
2025/12/15,20:46:36,0,0.0,217.0,450.0,247.0,4.0,221.0,1.0,0.0,0.0,0.0,0.0,0.0
2025/12/15,20:46:41,0,0.0,204.0,449.0,246.0,7.0,219.0,1.0,0.0,0.0,0.0,0.0,0.0
2025/12/15,20:46:46,0,0.0,202.0,448.0,247.0,34.0,220.0,6.0,4.0,0.0,0.0,0.0,0.0
2025/12/15,20:46:51,0,0.0,196.0,448.0,247.0,35.0,220.0,6.0,5.0,0.0,0.0,0.0,0.0
2025/12/15,20:46:56,0,0.0,216.0,447.0,248.0,8.0,220.0,2.0,0.0,0.0,0.0,0.0,0.0
2025/12/15,20:47:01,0,0.0,210.0,449.0,248.0,5.0,219.0,0.0,0.0,0.0,0.0,0.0,0.0
2025/12/15,20:47:06,0,0.0,202.0,448.0,247.0,28.0,220.0,5.0,3.0,0.0,0.0,0.0,0.0
2025/12/15,20:47:11,0,0.0,194.0,446.0,248.0,35.0,220.0,6.0,5.0,0.0,0.0,0.0,0.0
2025/12/15,20:47:16,0,0.0,215.0,449.0,248.0,10.0,220.0,2.0,1.0,0.0,0.0,0.0,0.0
2025/12/15,20:47:21,0,0.0,214.0,447.0,248.0,6.0,220.0,0.0,0.0,0.0,0.0,0.0,0.0
2025/12/15,20:47:26,0,0.0,202.0,448.0,246.0,23.0,220.0,4.0,2.0,0.0,0.0,0.0,0.0
2025/12/15,20:47:31,0,0.0,200.0,447.0,247.0,34.0,219.0,6.0,5.0,0.0,0.0,0.0,0.0
2025/12/15,20:47:36,0,0.0,208.0,449.0,248.0,14.0,220.0,2.0,2.0,0.0,0.0,0.0,0.0
2025/12/15,20:47:41,0,0.0,216.0,449.0,248.0,5.0,220.0,1.0,0.0,0.0,0.0,0.0,0.0
2025/12/15,20:47:46,0,0.0,206.0,446.0,248.0,15.0,220.0,1.0,1.0,0.0,0.0,0.0,0.0
2025/12/15,20:47:51,0,0.0,205.0,448.0,247.0,33.0,220.0,5.0,4.0,0.0,0.0,0.0,0.0
2025/12/15,20:47:56,0,0.0,195.0,445.0,248.0,32.0,219.0,6.0,4.0,0.0,0.0,0.0,0.0
2025/12/15,20:48:01,0,0.0,220.0,448.0,246.0,6.0,220.0,1.0,1.0,0.0,0.0,0.0,0.0
2025/12/15,20:48:06,0,0.0,205.0,450.0,248.0,8.0,219.0,1.0,0.0,0.0,0.0,0.0,0.0
2025/12/15,20:48:11,0,0.0,199.0,448.0,248.0,29.0,220.0,5.0,4.0,0.0,0.0,0.0,0.0
2025/12/15,20:48:16,0,0.0,195.0,445.0,248.0,34.0,219.0,6.0,5.0,0.0,0.0,0.0,0.0
2025/12/15,20:48:21,0,0.0,210.0,449.0,248.0,13.0,220.0,3.0,2.0,0.0,0.0,0.0,0.0
2025/12/15,20:48:26,0,0.0,212.0,448.0,248.0,4.0,219.0,0.0,0.0,0.0,0.0,0.0,0.0
2025/12/15,20:48:31,0,0.0,201.0,448.0,248.0,21.0,220.0,3.0,3.0,0.0,0.0,0.0,0.0
2025/12/15,20:48:36,0,0.0,200.0,447.0,248.0,34.0,221.0,6.0,5.0,0.0,0.0,0.0,0.0
2025/12/15,20:48:41,0,0.0,195.0,448.0,248.0,31.0,219.0,6.0,4.0,0.0,0.0,0.0,0.0
2025/12/15,20:48:46,0,0.0,217.0,450.0,249.0,5.0,220.0,1.0,0.0,0.0,0.0,0.0,0.0
2025/12/15,20:48:51,0,0.0,203.0,449.0,247.0,22.0,220.0,3.0,3.0,0.0,0.0,0.0,0.0
2025/12/15,20:48:56,0,0.0,206.0,445.0,248.0,33.0,220.0,5.0,4.0,0.0,0.0,0.0,0.0
2025/12/15,20:49:01,0,0.0,198.0,448.0,248.0,33.0,219.0,6.0,5.0,0.0,0.0,0.0,0.0
2025/12/15,20:49:06,0,0.0,213.0,449.0,248.0,12.0,220.0,2.0,2.0,0.0,0.0,0.0,0.0
2025/12/15,20:49:11,0,0.0,210.0,449.0,247.0,5.0,220.0,0.0,0.0,0.0,0.0,0.0,0.0
2025/12/15,20:49:16,0,0.0,203.0,447.0,247.0,26.0,220.0,4.0,3.0,0.0,0.0,0.0,0.0
2025/12/15,20:49:21,0,0.0,200.0,447.0,248.0,35.0,219.0,7.0,5.0,0.0,0.0,0.0,0.0
2025/12/15,20:49:26,0,0.0,204.0,448.0,248.0,19.0,220.0,3.0,3.0,0.0,0.0,0.0,0.0
2025/12/15,20:49:31,0,0.0,214.0,448.0,248.0,5.0,220.0,0.0,0.0,0.0,0.0,0.0,0.0
2025/12/15,20:49:36,0,0.0,197.0,447.0,248.0,31.0,219.0,6.0,4.0,0.0,0.0,0.0,0.0
2025/12/15,20:49:41,0,0.0,205.0,448.0,248.0,19.0,220.0,3.0,3.0,0.0,0.0,0.0,0.0
2025/12/15,20:49:46,0,0.0,209.0,450.0,249.0,4.0,218.0,1.0,0.0,0.0,0.0,0.0,0.0
2025/12/15,20:49:51,0,0.0,199.0,448.0,248.0,36.0,221.0,6.0,4.0,0.0,0.0,0.0,0.0
2025/12/15,20:49:56,0,0.0,200.0,447.0,248.0,24.0,220.0,5.0,3.0,0.0,0.0,0.0,0.0
2025/12/15,20:50:01,0,0.0,213.0,450.0,248.0,3.0,219.0,1.0,0.0,0.0,0.0,0.0,0.0
2025/12/15,20:50:06,0,0.0,201.0,448.0,248.0,32.0,221.0,5.0,4.0,0.0,0.0,0.0,0.0
2025/12/15,20:50:11,0,0.0,198.0,449.0,249.0,34.0,221.0,6.0,5.0,0.0,0.0,0.0,0.0
2025/12/15,20:50:16,0,1.0,214.0,447.0,248.0,12.0,220.0,2.0,1.0,0.0,0.0,0.0,0.0
2025/12/15,20:50:21,0,0.0,210.0,450.0,246.0,4.0,219.0,1.0,1.0,0.0,0.0,0.0,0.0
2025/12/15,20:50:26,0,0.0,201.0,448.0,247.0,25.0,219.0,3.0,3.0,0.0,0.0,0.0,0.0
2025/12/15,20:50:31,0,0.0,198.0,448.0,248.0,35.0,219.0,6.0,5.0,0.0,0.0,0.0,0.0
2025/12/15,20:50:36,0,2.0,212.0,448.0,247.0,17.0,219.0,4.0,1.0,0.0,0.0,0.0,0.0
2025/12/15,20:50:41,0,0.0,213.0,448.0,247.0,5.0,219.0,1.0,0.0,0.0,0.0,0.0,0.0
2025/12/15,20:50:46,0,0.0,201.0,448.0,248.0,26.0,220.0,4.0,3.0,0.0,0.0,0.0,0.0
2025/12/15,20:50:51,0,0.0,198.0,449.0,248.0,35.0,220.0,6.0,5.0,0.0,0.0,0.0,0.0
2025/12/15,20:50:56,0,7.0,214.0,449.0,246.0,9.0,219.0,3.0,1.0,0.0,0.0,0.0,-0.0008
2025/12/15,20:51:01,0,0.0,210.0,450.0,248.0,4.0,220.0,0.0,1.0,0.0,0.0,0.0,0.0
2025/12/15,20:51:06,0,0.0,198.0,448.0,247.0,31.0,220.0,5.0,4.0,0.0,0.0,0.0,0.0
2025/12/15,20:51:11,0,0.0,198.0,447.0,246.0,33.0,219.0,6.0,5.0,0.0,0.0,0.0,0.0
2025/12/15,20:51:16,0,0.0,214.0,449.0,247.0,4.0,219.0,1.0,0.0,0.0,0.0,0.0,0.0
2025/12/15,20:51:21,0,0.0,199.0,448.0,248.0,32.0,220.0,5.0,5.0,0.0,0.0,0.0,-0.0008
2025/12/15,20:51:26,0,0.0,200.0,445.0,248.0,28.0,219.0,6.0,4.0,0.0,0.0,0.0,0.0
2025/12/15,20:51:31,0,0.0,209.0,448.0,248.0,6.0,220.0,0.0,0.0,0.0,0.0,0.0,0.0
2025/12/15,20:51:36,0,0.0,203.0,447.0,248.0,34.0,219.0,6.0,5.0,0.0,0.0,0.0,-0.0008
2025/12/15,20:51:41,0,0.0,219.0,449.0,248.0,6.0,220.0,1.0,1.0,0.0,0.0,0.0,0.0
2025/12/15,20:51:46,0,0.0,204.0,448.0,247.0,34.0,220.0,5.0,4.0,0.0,0.0,0.0,0.0
2025/12/15,20:51:51,0,0.0,216.0,449.0,248.0,6.0,218.0,1.0,1.0,0.0,0.0,0.0,0.0
2025/12/15,20:51:56,0,0.0,197.0,448.0,247.0,32.0,219.0,5.0,3.0,0.0,0.0,0.0,0.0
2025/12/15,20:52:01,0,0.0,206.0,449.0,247.0,19.0,218.0,3.0,2.0,0.0,0.0,0.0,0.0
2025/12/15,20:52:06,0,0.0,207.0,449.0,248.0,4.0,220.0,0.0,0.0,0.0,0.0,0.0,0.0
2025/12/15,20:52:35,0,0.0,209.0,449.0,248.0,7.0,219.0,3.0,1.0,0.0,0.0,0.0,0.0
2025/12/15,20:52:40,0,0.0,211.0,450.0,248.0,3.0,219.0,1.0,0.0,0.0,0.0,0.0,0.0
2025/12/15,20:52:45,0,0.0,202.0,447.0,248.0,35.0,219.0,6.0,4.0,0.0,0.0,0.0,0.0
2025/12/15,20:52:50,0,0.0,220.0,449.0,249.0,5.0,219.0,2.0,1.0,0.0,0.0,0.0,0.0
2025/12/15,20:52:55,0,0.0,204.0,448.0,248.0,33.0,220.0,6.0,4.0,0.0,0.0,0.0,0.0
2025/12/15,20:53:00,0,0.0,218.0,450.0,248.0,4.0,220.0,1.0,1.0,0.0,0.0,0.0,0.0
2025/12/15,20:53:05,0,0.0,202.0,448.0,246.0,37.0,219.0,6.0,4.0,0.0,0.0,0.0,0.0
2025/12/15,20:53:10,0,0.0,216.0,450.0,246.0,4.0,219.0,1.0,0.0,0.0,0.0,0.0,0.0
2025/12/15,20:53:15,0,0.0,200.0,448.0,248.0,35.0,220.0,6.0,5.0,0.0,0.0,0.0,0.0
2025/12/15,20:53:20,0,0.0,215.0,450.0,249.0,3.0,219.0,0.0,0.0,0.0,0.0,0.0,0.0
2025/12/15,20:53:25,0,0.0,199.0,449.0,248.0,34.0,221.0,7.0,5.0,0.0,0.0,0.0,0.0
2025/12/15,20:53:30,0,0.0,212.0,449.0,248.0,4.0,220.0,0.0,0.0,0.0,0.0,0.0,0.0
2025/12/15,20:53:35,0,0.0,198.0,447.0,248.0,35.0,220.0,6.0,5.0,0.0,0.0,0.0,0.0
2025/12/15,20:53:40,0,0.0,212.0,449.0,247.0,3.0,218.0,1.0,0.0,0.0,0.0,0.0,0.0
2025/12/15,20:53:45,0,0.0,199.0,448.0,248.0,37.0,218.0,7.0,5.0,0.0,0.0,0.0,0.0
2025/12/15,20:53:50,0,0.0,208.0,450.0,248.0,5.0,220.0,0.0,0.0,-0.0008,0.0,0.0,0.0
2025/12/15,20:53:55,0,0.0,196.0,448.0,248.0,35.0,220.0,6.0,5.0,0.0,0.0,0.0,0.0
2025/12/15,20:54:00,0,0.0,214.0,450.0,248.0,3.0,220.0,0.0,0.0,0.0,0.0,0.0,0.0
2025/12/15,20:54:05,0,0.0,205.0,447.0,248.0,31.0,219.0,6.0,4.0,0.0,0.0,0.0,0.0
2025/12/15,20:54:10,0,0.0,215.0,449.0,247.0,8.0,221.0,2.0,1.0,0.0,0.0,0.0,0.0
2025/12/15,20:54:15,0,0.0,203.0,449.0,248.0,25.0,220.0,4.0,3.0,0.0,0.0,0.0,0.0
2025/12/15,20:54:20,0,0.0,207.0,449.0,247.0,19.0,219.0,4.0,2.0,0.0,0.0,0.0,0.0
2025/12/15,20:54:25,0,0.0,203.0,450.0,248.0,8.0,219.0,1.0,1.0,0.0,0.0,0.0,0.0
2025/12/15,20:54:30,0,0.0,193.0,445.0,248.0,37.0,219.0,7.0,5.0,0.0,0.0,0.0,0.0
2025/12/15,20:54:35,0,0.0,207.0,449.0,248.0,4.0,219.0,1.0,0.0,0.0,0.0,0.0,0.0
2025/12/15,20:54:40,0,0.0,198.0,448.0,248.0,36.0,220.0,6.0,5.0,0.0,0.0,0.0,0.0
2025/12/15,20:54:45,0,0.0,212.0,449.0,248.0,3.0,219.0,1.0,0.0,0.0,0.0,0.0,0.0
2025/12/15,20:54:50,0,0.0,198.0,448.0,247.0,37.0,220.0,6.0,5.0,0.0,0.0,0.0,0.0
2025/12/15,20:54:55,0,0.0,205.0,450.0,247.0,3.0,218.0,0.0,0.0,0.0,0.0,0.0,0.0
2025/12/15,20:55:00,0,0.0,195.0,449.0,247.0,33.0,220.0,5.0,5.0,0.0,0.0,0.0,0.0
2025/12/15,20:55:05,0,0.0,206.0,449.0,246.0,2.0,219.0,0.0,0.0,0.0,0.0,0.0,0.0
2025/12/15,20:55:10,0,0.0,196.0,449.0,247.0,35.0,219.0,7.0,4.0,0.0,0.0,0.0,0.0
2025/12/15,20:55:15,0,0.0,211.0,450.0,246.0,3.0,218.0,1.0,0.0,0.0,0.0,0.0,0.0
2025/12/15,20:55:20,0,0.0,202.0,448.0,248.0,36.0,220.0,6.0,4.0,0.0,0.0,0.0,0.0
2025/12/15,20:55:25,0,0.0,218.0,448.0,248.0,4.0,220.0,1.0,0.0,0.0,0.0,0.0,0.0
2025/12/15,20:55:30,0,0.0,200.0,448.0,248.0,37.0,220.0,6.0,4.0,0.0,0.0,0.0,0.0
2025/12/15,20:55:35,0,0.0,211.0,447.0,247.0,4.0,221.0,0.0,0.0,0.0,0.0,0.0,0.0
2025/12/15,20:55:40,0,0.0,195.0,448.0,247.0,35.0,219.0,6.0,5.0,0.0,0.0,0.0,0.0
2025/12/15,20:55:45,0,0.0,202.0,448.0,248.0,17.0,219.0,3.0,2.0,0.0,0.0,0.0,0.0
2025/12/15,20:55:50,0,0.0,214.0,449.0,247.0,10.0,219.0,2.0,1.0,0.0,0.0,0.0,0.0
2025/12/15,20:55:55,0,0.0,201.0,448.0,247.0,34.0,219.0,6.0,4.0,0.0,0.0,0.0,-0.0008
2025/12/15,20:56:00,0,0.0,215.0,450.0,248.0,3.0,219.0,1.0,0.0,0.0,0.0,0.0,0.0
2025/12/15,20:56:05,0,0.0,192.0,448.0,248.0,38.0,220.0,6.0,5.0,0.0,0.0,0.0,0.0
2025/12/15,20:56:10,0,0.0,202.0,449.0,248.0,23.0,219.0,4.0,3.0,0.0,0.0,0.0,0.0
2025/12/15,20:56:15,0,0.0,216.0,448.0,248.0,5.0,219.0,1.0,0.0,0.0,0.0,0.0,0.0
2025/12/15,20:56:20,0,0.0,197.0,448.0,248.0,40.0,220.0,6.0,5.0,0.0,0.0,0.0,0.0
2025/12/15,20:56:25,0,0.0,202.0,448.0,247.0,20.0,219.0,4.0,3.0,0.0,0.0,0.0,0.0
2025/12/15,20:56:30,0,0.0,222.0,449.0,248.0,5.0,220.0,1.0,0.0,0.0,0.0,0.0,0.0
2025/12/15,20:56:35,0,0.0,196.0,449.0,248.0,36.0,220.0,6.0,4.0,0.0,0.0,0.0,0.0
2025/12/15,20:56:40,0,0.0,201.0,447.0,248.0,24.0,218.0,4.0,3.0,0.0,0.0,0.0,0.0
2025/12/15,20:56:45,0,0.0,220.0,449.0,246.0,5.0,219.0,1.0,0.0,0.0,0.0,0.0,0.0
2025/12/15,20:56:50,0,0.0,195.0,449.0,247.0,37.0,220.0,6.0,5.0,0.0,0.0,0.0,0.0
2025/12/15,20:56:55,0,0.0,199.0,448.0,248.0,27.0,219.0,5.0,3.0,0.0,0.0,0.0,0.0
2025/12/15,20:57:00,0,0.0,212.0,449.0,248.0,4.0,220.0,0.0,0.0,0.0,0.0,0.0,0.0
2025/12/15,20:57:05,0,0.0,204.0,448.0,247.0,25.0,219.0,5.0,3.0,0.0,0.0,0.0,0.0
2025/12/15,20:57:10,0,0.0,204.0,448.0,248.0,33.0,218.0,6.0,4.0,0.0,0.0,0.0,0.0
2025/12/15,20:57:15,0,0.0,202.0,449.0,248.0,11.0,219.0,2.0,1.0,0.0,0.0,0.0,0.0
2025/12/15,20:57:20,0,0.0,218.0,450.0,248.0,5.0,221.0,1.0,0.0,0.0,0.0,0.0,0.0
2025/12/15,20:57:25,0,0.0,208.0,449.0,248.0,21.0,220.0,3.0,3.0,0.0,0.0,0.0,0.0
2025/12/15,20:57:30,0,0.0,200.0,447.0,248.0,35.0,218.0,6.0,5.0,0.0,0.0,0.0,0.0
2025/12/15,20:57:35,0,0.0,204.0,449.0,247.0,4.0,221.0,0.0,0.0,0.0,0.0,0.0,0.0
2025/12/15,20:57:40,0,0.0,205.0,448.0,245.0,18.0,220.0,4.0,2.0,0.0,0.0,0.0,0.0
2025/12/15,20:57:45,0,0.0,200.0,448.0,247.0,30.0,220.0,5.0,4.0,0.0,0.0,0.0,0.0
2025/12/15,20:57:50,0,0.0,210.0,449.0,248.0,4.0,221.0,1.0,0.0,0.0,0.0,0.0,0.0
2025/12/15,20:57:55,0,0.0,210.0,449.0,248.0,16.0,220.0,2.0,2.0,0.0,0.0,0.0,0.0
2025/12/15,20:58:00,0,0.0,197.0,449.0,248.0,33.0,221.0,6.0,5.0,0.0,0.0,0.0,0.0
2025/12/15,20:58:05,0,0.0,198.0,447.0,246.0,33.0,219.0,7.0,5.0,0.0,0.0,0.0,0.0
2025/12/15,20:58:10,0,0.0,200.0,447.0,248.0,34.0,219.0,7.0,5.0,0.0,0.0,0.0,0.0
2025/12/15,20:58:15,0,0.0,202.0,449.0,248.0,26.0,220.0,3.0,3.0,0.0,0.0,0.0,0.0
2025/12/15,20:58:20,0,0.0,219.0,450.0,248.0,4.0,220.0,1.0,1.0,0.0,0.0,0.0,0.0
2025/12/15,20:58:25,0,0.0,199.0,448.0,247.0,36.0,220.0,6.0,5.0,0.0,0.0,0.0,0.0
2025/12/15,20:58:30,0,0.0,204.0,449.0,248.0,6.0,220.0,0.0,0.0,0.0,0.0,0.0,0.0
2025/12/15,20:58:35,0,0.0,206.0,449.0,248.0,18.0,220.0,4.0,2.0,0.0,0.0,0.0,0.0
2025/12/15,20:58:40,0,0.0,202.0,448.0,247.0,29.0,220.0,5.0,4.0,0.0,0.0,0.0,0.0
2025/12/15,20:58:45,0,0.0,221.0,449.0,248.0,6.0,219.0,1.0,0.0,0.0,0.0,0.0,0.0
2025/12/15,20:58:50,0,0.0,197.0,446.0,248.0,38.0,221.0,7.0,5.0,0.0,0.0,0.0,0.0
2025/12/15,20:58:55,0,0.0,205.0,449.0,248.0,7.0,220.0,0.0,0.0,0.0,0.0,0.0,0.0
2025/12/15,20:59:00,0,0.0,212.0,450.0,245.0,10.0,219.0,2.0,2.0,0.0,0.0,0.0,0.0
2025/12/15,20:59:05,0,0.0,199.0,445.0,248.0,34.0,219.0,6.0,5.0,0.0,0.0,0.0,0.0
2025/12/15,20:59:10,0,0.0,203.0,446.0,248.0,15.0,220.0,2.0,2.0,0.0,0.0,0.0,0.0
2025/12/15,20:59:15,0,0.0,214.0,449.0,247.0,3.0,220.0,1.0,0.0,0.0,0.0,0.0,0.0
2025/12/15,20:59:20,0,0.0,208.0,449.0,248.0,20.0,221.0,3.0,2.0,0.0,0.0,0.0,0.0
2025/12/15,20:59:25,0,0.0,202.0,448.0,246.0,34.0,220.0,6.0,5.0,0.0,0.0,0.0,0.0
2025/12/15,20:59:30,0,0.0,203.0,448.0,246.0,11.0,218.0,2.0,1.0,0.0,0.0,0.0,0.0
2025/12/15,20:59:35,0,0.0,217.0,449.0,248.0,8.0,220.0,0.0,0.0,0.0,0.0,0.0,0.0
2025/12/15,20:59:40,0,0.0,199.0,447.0,248.0,34.0,220.0,6.0,4.0,0.0,0.0,0.0,0.0
2025/12/15,20:59:45,0,0.0,205.0,449.0,248.0,4.0,220.0,0.0,0.0,0.0,0.0,0.0,0.0
2025/12/15,20:59:50,0,0.0,208.0,449.0,250.0,16.0,220.0,3.0,3.0,0.0,0.0,0.0,0.0
2025/12/15,20:59:55,0,0.0,200.0,447.0,247.0,33.0,220.0,6.0,4.0,0.0,0.0,0.0,0.0
2025/12/15,21:00:00,0,0.0,208.0,449.0,247.0,3.0,221.0,0.0,0.0,0.0,0.0,0.0,0.0
2025/12/15,21:00:05,0,0.0,212.0,449.0,247.0,12.0,220.0,3.0,2.0,0.0,0.0,0.0,0.0
2025/12/15,21:00:10,0,0.0,203.0,448.0,248.0,34.0,220.0,6.0,5.0,0.0,0.0,0.0,0.0
2025/12/15,21:00:15,0,0.0,205.0,449.0,247.0,8.0,218.0,1.0,1.0,0.0,0.0,0.0,0.0
2025/12/15,21:00:20,0,0.0,222.0,449.0,248.0,8.0,220.0,1.0,0.0,0.0,0.0,0.0,0.0
2025/12/15,21:00:25,0,0.0,195.0,448.0,248.0,36.0,221.0,6.0,5.0,0.0,0.0,0.0,0.0
2025/12/15,21:00:30,0,0.0,198.0,447.0,247.0,31.0,219.0,5.0,5.0,0.0,0.0,0.0,0.0
2025/12/15,21:00:35,0,0.0,206.0,448.0,245.0,4.0,219.0,1.0,0.0,0.0,0.0,0.0,0.0
2025/12/15,21:00:40,0,0.0,221.0,446.0,248.0,9.0,220.0,1.0,0.0,0.0,0.0,0.0,0.0
2025/12/15,21:00:45,0,0.0,206.0,447.0,248.0,22.0,219.0,4.0,3.0,0.0,0.0,0.0,-0.0008
2025/12/15,21:00:50,0,0.0,197.0,446.0,246.0,37.0,220.0,6.0,5.0,0.0,0.0,0.0,0.0
2025/12/15,21:00:55,0,0.0,202.0,449.0,247.0,21.0,220.0,3.0,3.0,0.0,0.0,0.0,0.0
2025/12/15,21:01:00,0,0.0,220.0,449.0,248.0,5.0,220.0,1.0,0.0,0.0,0.0,0.0,0.0
2025/12/15,21:01:05,0,0.0,204.0,446.0,247.0,37.0,219.0,7.0,5.0,0.0,0.0,0.0,0.0
2025/12/15,21:01:10,0,0.0,211.0,450.0,247.0,3.0,218.0,0.0,0.0,0.0,0.0,0.0,0.0
2025/12/15,21:01:15,0,0.0,197.0,448.0,248.0,36.0,221.0,6.0,5.0,0.0,0.0,0.0,0.0
2025/12/15,21:01:20,0,0.0,204.0,449.0,247.0,13.0,220.0,1.0,1.0,0.0,0.0,0.0,0.0
2025/12/15,21:01:25,0,0.0,217.0,450.0,248.0,15.0,219.0,2.0,0.0,0.0,0.0,0.0,0.0
2025/12/15,21:01:30,0,0.0,203.0,447.0,246.0,33.0,219.0,6.0,4.0,0.0,0.0,0.0,0.0
2025/12/15,21:01:35,0,0.0,210.0,450.0,246.0,2.0,219.0,1.0,0.0,0.0,0.0,0.0,0.0
2025/12/15,21:01:40,0,0.0,196.0,448.0,247.0,35.0,219.0,7.0,4.0,0.0,0.0,0.0,0.0
2025/12/15,21:01:45,0,0.0,202.0,449.0,248.0,22.0,220.0,3.0,3.0,0.0,0.0,0.0,0.0
2025/12/15,21:01:50,0,0.0,205.0,449.0,247.0,11.0,220.0,1.0,2.0,0.0,0.0,0.0,0.0
2025/12/15,21:01:55,0,0.0,203.0,448.0,249.0,22.0,219.0,3.0,2.0,0.0,0.0,0.0,0.0
2025/12/15,21:02:00,0,0.0,200.0,448.0,247.0,28.0,220.0,5.0,4.0,0.0,0.0,0.0,0.0
2025/12/15,21:02:05,0,0.0,197.0,446.0,248.0,30.0,220.0,5.0,4.0,0.0,0.0,0.0,0.0
2025/12/15,21:02:10,0,0.0,203.0,448.0,248.0,24.0,221.0,4.0,3.0,0.0,0.0,0.0,0.0
2025/12/15,21:02:15,0,0.0,214.0,448.0,247.0,3.0,220.0,1.0,0.0,0.0,0.0,0.0,0.0
2025/12/15,21:02:46,0,0.0,203.0,448.0,248.0,40.0,220.0,8.0,6.0,0.0,0.0,0.0,0.0
2025/12/15,21:02:49,0,0.0,213.0,446.0,248.0,9.0,221.0,2.0,1.0,0.0,0.0,0.0,0.0
2025/12/15,21:02:54,0,0.0,200.0,449.0,246.0,29.0,219.0,5.0,4.0,0.0,0.0,0.0,0.0
2025/12/15,21:02:59,0,0.0,215.0,450.0,248.0,4.0,219.0,2.0,0.0,0.0,0.0,0.0,0.0
2025/12/15,21:03:04,0,0.0,202.0,447.0,248.0,34.0,219.0,6.0,5.0,0.0,0.0,0.0,0.0
2025/12/15,21:03:09,0,0.0,209.0,446.0,248.0,4.0,220.0,0.0,0.0,0.0,0.0,0.0,0.0
2025/12/15,21:03:14,0,2.0,197.0,447.0,247.0,34.0,220.0,6.0,5.0,0.0,0.0,0.0,0.0
2025/12/15,21:03:19,0,0.0,215.0,449.0,248.0,5.0,220.0,0.0,0.0,0.0,0.0,0.0,0.0
2025/12/15,21:03:24,0,0.0,205.0,447.0,247.0,32.0,219.0,6.0,4.0,0.0,0.0,0.0,0.0
2025/12/15,21:03:29,0,0.0,217.0,449.0,247.0,4.0,218.0,1.0,0.0,0.0,0.0,0.0,0.0
2025/12/15,21:03:34,0,0.0,199.0,448.0,247.0,32.0,220.0,6.0,4.0,0.0,0.0,0.0,0.0
2025/12/15,21:03:39,0,0.0,201.0,448.0,247.0,32.0,219.0,6.0,4.0,0.0,0.0,0.0,0.0
2025/12/15,21:03:44,0,0.0,210.0,450.0,249.0,2.0,219.0,1.0,0.0,0.0,0.0,0.0,0.0
2025/12/15,21:03:49,0,0.0,201.0,448.0,247.0,30.0,219.0,6.0,4.0,0.0,0.0,0.0,0.0
2025/12/15,21:03:54,0,0.0,201.0,448.0,248.0,31.0,220.0,5.0,4.0,0.0,0.0,0.0,0.0
2025/12/15,21:03:59,0,0.0,205.0,449.0,247.0,2.0,220.0,0.0,0.0,0.0,0.0,0.0,0.0
2025/12/15,21:04:04,0,0.0,220.0,450.0,247.0,4.0,219.0,1.0,0.0,0.0,0.0,0.0,0.0
2025/12/15,21:04:09,0,0.0,209.0,447.0,247.0,17.0,219.0,3.0,2.0,0.0,0.0,0.0,0.0
2025/12/15,21:04:14,0,0.0,196.0,445.0,248.0,35.0,221.0,6.0,5.0,0.0,0.0,0.0,0.0
2025/12/15,21:04:19,0,0.0,203.0,448.0,248.0,25.0,220.0,4.0,3.0,0.0,0.0,0.0,0.0
2025/12/15,21:04:24,0,0.0,216.0,448.0,247.0,6.0,221.0,1.0,1.0,0.0,0.0,0.0,0.0
2025/12/15,21:04:29,0,0.0,205.0,448.0,247.0,35.0,220.0,6.0,4.0,0.0,0.0,0.0,0.0
2025/12/15,21:04:34,0,0.0,219.0,449.0,247.0,4.0,221.0,1.0,1.0,0.0,0.0,0.0,0.0
2025/12/15,21:04:39,0,0.0,194.0,448.0,248.0,33.0,221.0,6.0,5.0,0.0,0.0,0.0,0.0
2025/12/15,21:04:44,0,0.0,201.0,447.0,247.0,29.0,221.0,4.0,3.0,0.0,0.0,0.0,0.0
2025/12/15,21:04:49,0,0.0,215.0,450.0,245.0,3.0,219.0,1.0,0.0,0.0,0.0,0.0,0.0
2025/12/15,21:04:54,0,0.0,200.0,448.0,247.0,26.0,220.0,5.0,3.0,0.0,0.0,0.0,0.0
2025/12/15,21:04:59,0,0.0,202.0,447.0,248.0,33.0,219.0,6.0,4.0,0.0,0.0,0.0,0.0
2025/12/15,21:05:04,0,0.0,202.0,448.0,248.0,23.0,218.0,4.0,3.0,0.0,0.0,0.0,0.0
2025/12/15,21:05:09,0,0.0,213.0,449.0,247.0,4.0,220.0,0.0,0.0,0.0,0.0,0.0,0.0
2025/12/15,21:05:14,0,0.0,204.0,449.0,247.0,20.0,221.0,4.0,3.0,0.0,0.0,0.0,0.0
2025/12/15,21:05:19,0,0.0,199.0,448.0,247.0,31.0,220.0,5.0,4.0,0.0,0.0,0.0,0.0
2025/12/15,21:05:24,0,0.0,220.0,449.0,247.0,6.0,220.0,1.0,0.0,0.0,0.0,0.0,0.0
2025/12/15,21:05:29,0,0.0,196.0,448.0,247.0,36.0,220.0,6.0,5.0,0.0,0.0,0.0,0.0
2025/12/15,21:05:34,0,0.0,202.0,449.0,247.0,8.0,219.0,1.0,0.0,0.0,0.0,0.0,0.0
2025/12/15,21:05:39,0,2.0,209.0,448.0,248.0,21.0,220.0,3.0,2.0,0.0,0.0,0.0,0.0
2025/12/15,21:05:44,0,0.0,200.0,448.0,247.0,27.0,220.0,4.0,3.0,0.0,0.0,0.0,0.0
2025/12/15,21:05:49,0,0.0,215.0,449.0,247.0,7.0,221.0,2.0,0.0,0.0,0.0,0.0,0.0
2025/12/15,21:05:54,0,0.0,202.0,448.0,248.0,30.0,221.0,4.0,3.0,0.0,0.0,0.0,0.0
2025/12/15,21:05:59,0,0.0,199.0,448.0,248.0,28.0,220.0,6.0,3.0,0.0,0.0,0.0,0.0
2025/12/15,21:06:04,0,0.0,219.0,448.0,247.0,5.0,221.0,1.0,0.0,0.0,0.0,0.0,0.0
2025/12/15,21:06:09,0,0.0,204.0,449.0,247.0,15.0,221.0,2.0,2.0,0.0,0.0,0.0,0.0
2025/12/15,21:06:14,0,0.0,202.0,448.0,248.0,34.0,220.0,6.0,5.0,0.0,0.0,0.0,0.0
2025/12/15,21:06:19,0,0.0,205.0,448.0,249.0,18.0,219.0,5.0,2.0,0.0,0.0,0.0,0.0
2025/12/15,21:06:24,0,0.0,211.0,449.0,245.0,3.0,220.0,0.0,0.0,0.0,0.0,0.0,0.0
2025/12/15,21:06:29,0,0.0,200.0,448.0,247.0,28.0,220.0,5.0,3.0,0.0,0.0,0.0,0.0
2025/12/15,21:06:34,0,0.0,197.0,449.0,247.0,33.0,221.0,7.0,5.0,0.0,0.0,0.0,0.0
2025/12/15,21:06:39,0,0.0,212.0,448.0,247.0,12.0,219.0,3.0,2.0,0.0,0.0,0.0,0.0
2025/12/15,21:06:44,0,0.0,215.0,450.0,248.0,4.0,220.0,0.0,0.0,0.0,0.0,0.0,0.0
2025/12/15,21:06:49,0,0.0,202.0,448.0,247.0,8.0,220.0,0.0,0.0,0.0,0.0,0.0,0.0
2025/12/15,21:06:54,0,0.0,201.0,449.0,248.0,32.0,220.0,5.0,4.0,0.0,0.0,0.0,0.0
2025/12/15,21:06:59,0,0.0,194.0,448.0,247.0,36.0,217.0,6.0,5.0,0.0,0.0,0.0,0.0
2025/12/15,21:07:04,0,0.0,212.0,449.0,248.0,10.0,220.0,1.0,1.0,0.0,0.0,0.0,0.0
2025/12/15,21:07:09,0,0.0,209.0,449.0,246.0,5.0,219.0,0.0,0.0,0.0,0.0,0.0,0.0
2025/12/15,21:07:14,0,0.0,199.0,448.0,248.0,30.0,220.0,5.0,4.0,0.0,0.0,0.0,0.0
2025/12/15,21:07:19,0,0.0,195.0,447.0,248.0,35.0,220.0,7.0,5.0,0.0,0.0,0.0,0.0
2025/12/15,21:07:24,0,0.0,222.0,449.0,247.0,5.0,220.0,1.0,0.0,0.0,0.0,0.0,0.0
2025/12/15,21:07:29,0,0.0,202.0,449.0,248.0,21.0,218.0,3.0,2.0,0.0,0.0,0.0,0.0
2025/12/15,21:07:34,0,0.0,199.0,448.0,248.0,34.0,221.0,6.0,5.0,0.0,0.0,0.0,0.0
2025/12/15,21:07:39,0,0.0,204.0,449.0,249.0,16.0,220.0,2.0,2.0,0.0,0.0,0.0,0.0
2025/12/15,21:07:44,0,0.0,213.0,449.0,247.0,3.0,221.0,0.0,0.0,0.0,0.0,0.0,0.0
2025/12/15,21:07:49,0,0.0,203.0,446.0,247.0,23.0,220.0,3.0,3.0,0.0,0.0,0.0,0.0
2025/12/15,21:07:54,0,0.0,199.0,448.0,247.0,34.0,220.0,6.0,5.0,0.0,0.0,0.0,0.0
2025/12/15,21:07:59,0,0.0,217.0,449.0,247.0,11.0,219.0,1.0,0.0,0.0,0.0,0.0,0.0
2025/12/15,21:08:04,0,0.0,202.0,449.0,247.0,24.0,220.0,3.0,3.0,0.0,0.0,0.0,0.0
2025/12/15,21:08:09,0,0.0,200.0,449.0,248.0,26.0,221.0,5.0,3.0,0.0,0.0,0.0,0.0
2025/12/15,21:08:14,0,0.0,203.0,449.0,247.0,9.0,218.0,1.0,1.0,0.0,0.0,0.0,0.0
2025/12/15,21:08:19,0,0.0,206.0,449.0,248.0,23.0,221.0,4.0,3.0,0.0,0.0,0.0,0.0
2025/12/15,21:08:24,0,0.0,201.0,448.0,247.0,26.0,218.0,5.0,4.0,0.0,0.0,0.0,0.0
2025/12/15,21:08:29,0,0.0,222.0,449.0,246.0,5.0,219.0,1.0,0.0,0.0,0.0,0.0,0.0
2025/12/15,21:08:34,0,0.0,201.0,448.0,247.0,37.0,219.0,7.0,5.0,0.0,0.0,0.0,0.0
2025/12/15,21:08:39,0,0.0,216.0,449.0,248.0,4.0,218.0,1.0,0.0,0.0,0.0,0.0,0.0
2025/12/15,21:08:44,0,0.0,203.0,448.0,249.0,33.0,220.0,6.0,4.0,0.0,0.0,0.0,0.0
2025/12/15,21:08:49,0,0.0,214.0,448.0,247.0,8.0,218.0,2.0,1.0,0.0,0.0,0.0,0.0
2025/12/15,21:08:54,0,0.0,203.0,449.0,248.0,23.0,221.0,4.0,2.0,0.0,0.0,0.0,0.0
2025/12/15,21:08:59,0,0.0,199.0,448.0,247.0,25.0,221.0,4.0,3.0,0.0,0.0,0.0,0.0
2025/12/15,21:09:04,0,0.0,203.0,450.0,245.0,3.0,219.0,1.0,0.0,0.0,0.0,0.0,0.0
2025/12/15,21:09:09,0,0.0,200.0,448.0,248.0,35.0,219.0,7.0,5.0,0.0,0.0,0.0,0.0
2025/12/15,21:09:14,0,0.0,215.0,448.0,247.0,3.0,219.0,1.0,0.0,0.0,0.0,0.0,0.0
2025/12/15,21:09:19,0,0.0,203.0,449.0,248.0,16.0,221.0,1.0,1.0,0.0,0.0,0.0,0.0
2025/12/15,21:09:24,0,0.0,201.0,448.0,248.0,35.0,220.0,6.0,4.0,0.0,0.0,0.0,0.0
2025/12/15,21:09:29,0,0.0,209.0,449.0,247.0,11.0,220.0,2.0,1.0,0.0,0.0,0.0,0.0
2025/12/15,21:09:34,0,0.0,212.0,450.0,246.0,4.0,219.0,1.0,0.0,0.0,0.0,0.0,0.0
2025/12/15,21:09:39,0,0.0,199.0,448.0,248.0,32.0,219.0,5.0,3.0,0.0,0.0,0.0,0.0
2025/12/15,21:09:44,0,0.0,194.0,448.0,248.0,33.0,219.0,6.0,5.0,0.0,0.0,0.0,0.0
2025/12/15,21:09:49,0,0.0,217.0,450.0,247.0,4.0,220.0,1.0,0.0,0.0,0.0,0.0,0.0
2025/12/15,21:09:54,0,0.0,200.0,447.0,247.0,33.0,220.0,6.0,4.0,0.0,0.0,0.0,0.0
2025/12/15,21:09:59,0,0.0,215.0,449.0,246.0,9.0,221.0,2.0,1.0,0.0,0.0,0.0,0.0
2025/12/15,21:10:04,0,0.0,201.0,448.0,248.0,26.0,221.0,4.0,3.0,0.0,0.0,0.0,0.0
2025/12/15,21:10:09,0,0.0,203.0,449.0,248.0,22.0,220.0,3.0,2.0,0.0,0.0,0.0,0.0
2025/12/15,21:10:14,0,0.0,204.0,449.0,247.0,9.0,220.0,1.0,1.0,0.0,0.0,0.0,0.0
2025/12/15,21:10:19,0,0.0,197.0,445.0,247.0,37.0,219.0,7.0,5.0,0.0,0.0,0.0,0.0
2025/12/15,21:10:24,0,0.0,218.0,449.0,245.0,4.0,219.0,1.0,0.0,0.0,0.0,0.0,0.0
2025/12/15,21:10:29,0,0.0,199.0,448.0,246.0,35.0,221.0,5.0,4.0,0.0,0.0,0.0,0.0
2025/12/15,21:10:34,0,0.0,196.0,449.0,247.0,30.0,219.0,6.0,4.0,0.0,0.0,0.0,0.0
2025/12/15,21:10:39,0,0.0,220.0,449.0,246.0,4.0,220.0,1.0,0.0,0.0,0.0,0.0,0.0
2025/12/15,21:10:44,0,0.0,203.0,449.0,248.0,14.0,218.0,2.0,1.0,0.0,0.0,0.0,0.0
2025/12/15,21:10:49,0,0.0,202.0,449.0,248.0,34.0,219.0,6.0,5.0,0.0,0.0,0.0,0.0
2025/12/15,21:10:54,0,0.0,209.0,448.0,247.0,17.0,219.0,4.0,2.0,0.0,0.0,0.0,0.0
2025/12/15,21:10:59,0,0.0,209.0,448.0,247.0,5.0,221.0,0.0,0.0,0.0,0.0,0.0,0.0
2025/12/15,21:11:04,0,0.0,203.0,449.0,247.0,34.0,219.0,6.0,5.0,0.0,0.0,0.0,0.0
2025/12/15,21:11:09,0,0.0,212.0,448.0,245.0,12.0,221.0,3.0,2.0,0.0,0.0,0.0,0.0
2025/12/15,21:11:14,0,0.0,206.0,449.0,247.0,6.0,219.0,1.0,0.0,0.0,0.0,0.0,0.0
2025/12/15,21:11:19,0,0.0,201.0,445.0,247.0,33.0,220.0,5.0,4.0,0.0,0.0,0.0,0.0
2025/12/15,21:11:24,0,0.0,196.0,448.0,245.0,31.0,219.0,6.0,4.0,0.0,0.0,0.0,0.0
2025/12/15,21:11:29,0,0.0,220.0,450.0,248.0,7.0,220.0,2.0,0.0,0.0,0.0,0.0,0.0
2025/12/15,21:11:34,0,0.0,203.0,449.0,248.0,13.0,220.0,2.0,1.0,0.0,0.0,0.0,0.0
2025/12/15,21:11:39,0,0.0,200.0,448.0,245.0,34.0,220.0,6.0,5.0,0.0,0.0,0.0,0.0
2025/12/15,21:11:44,0,0.0,199.0,448.0,247.0,25.0,219.0,5.0,3.0,0.0,0.0,0.0,0.0
2025/12/15,21:11:49,0,0.0,219.0,449.0,248.0,6.0,219.0,1.0,1.0,0.0,0.0,0.0,0.0
2025/12/15,21:11:54,0,0.0,204.0,447.0,247.0,6.0,221.0,1.0,0.0,0.0,0.0,0.0,0.0
2025/12/15,21:11:59,0,0.0,202.0,447.0,248.0,37.0,220.0,6.0,4.0,0.0,0.0,0.0,0.0
2025/12/15,21:12:04,0,0.0,199.0,447.0,247.0,30.0,219.0,6.0,4.0,0.0,0.0,0.0,-0.0008
2025/12/15,21:12:09,0,0.0,211.0,449.0,247.0,4.0,220.0,0.0,0.0,0.0,0.0,0.0,0.0
2025/12/15,21:12:14,0,0.0,203.0,448.0,247.0,33.0,220.0,5.0,4.0,0.0,0.0,0.0,0.0
2025/12/15,21:12:19,0,0.0,218.0,449.0,247.0,4.0,220.0,1.0,0.0,0.0,0.0,0.0,0.0
2025/12/15,21:12:24,0,0.0,201.0,449.0,247.0,31.0,220.0,4.0,3.0,0.0,0.0,0.0,0.0
2025/12/15,21:12:53,0,0.0,223.0,450.0,247.0,0.0,221.0,0.0,0.0,0.0,0.0,0.0,0.0
2025/12/15,21:12:58,0,0.0,215.0,449.0,247.0,7.0,220.0,1.0,0.0,0.0,0.0,0.0,-0.0008
2025/12/15,21:13:03,0,0.0,201.0,448.0,246.0,34.0,219.0,6.0,4.0,0.0,0.0,0.0,0.0
2025/12/15,21:13:08,0,0.0,215.0,449.0,247.0,6.0,219.0,2.0,1.0,0.0,0.0,0.0,0.0
2025/12/15,21:13:13,0,0.0,199.0,448.0,246.0,31.0,221.0,4.0,4.0,0.0,0.0,0.0,0.0
2025/12/15,21:13:18,0,0.0,213.0,449.0,246.0,11.0,219.0,3.0,1.0,0.0,0.0,0.0,0.0
2025/12/15,21:13:23,0,0.0,202.0,449.0,248.0,24.0,220.0,4.0,3.0,0.0,0.0,0.0,0.0
2025/12/15,21:13:28,0,0.0,199.0,449.0,247.0,30.0,219.0,6.0,4.0,0.0,0.0,0.0,0.0
2025/12/15,21:13:33,0,0.0,211.0,449.0,246.0,3.0,218.0,1.0,0.0,0.0,0.0,0.0,0.0
2025/12/15,21:13:38,0,0.0,199.0,448.0,247.0,36.0,219.0,6.0,4.0,0.0,0.0,0.0,0.0
2025/12/15,21:13:43,0,0.0,196.0,448.0,248.0,33.0,220.0,6.0,4.0,0.0,0.0,0.0,0.0
2025/12/15,21:13:48,0,0.0,217.0,448.0,247.0,5.0,220.0,1.0,0.0,0.0,0.0,0.0,0.0
2025/12/15,21:13:53,0,0.0,203.0,449.0,247.0,28.0,220.0,4.0,3.0,0.0,0.0,0.0,0.0
2025/12/15,21:13:58,0,0.0,203.0,449.0,247.0,26.0,220.0,5.0,4.0,0.0,0.0,0.0,0.0
2025/12/15,21:14:03,0,0.0,206.0,450.0,248.0,3.0,219.0,0.0,0.0,0.0,0.0,0.0,0.0
2025/12/15,21:14:08,0,0.0,201.0,448.0,246.0,34.0,218.0,6.0,5.0,0.0,0.0,0.0,0.0
2025/12/15,21:14:13,0,0.0,220.0,450.0,247.0,8.0,221.0,1.0,0.0,0.0,0.0,0.0,0.0
2025/12/15,21:14:18,0,0.0,198.0,448.0,248.0,32.0,222.0,5.0,4.0,0.0,0.0,0.0,0.0
2025/12/15,21:14:23,0,0.0,216.0,450.0,248.0,7.0,220.0,2.0,1.0,0.0,0.0,0.0,0.0
2025/12/15,21:14:28,0,0.0,203.0,449.0,247.0,27.0,220.0,4.0,3.0,0.0,0.0,0.0,0.0
2025/12/15,21:14:33,0,0.0,209.0,449.0,248.0,13.0,221.0,3.0,2.0,0.0,0.0,0.0,0.0
2025/12/15,21:14:38,0,0.0,202.0,448.0,246.0,23.0,220.0,3.0,3.0,0.0,0.0,0.0,0.0
2025/12/15,21:14:43,0,0.0,217.0,450.0,248.0,8.0,220.0,1.0,0.0,0.0,0.0,0.0,0.0
2025/12/15,21:14:48,0,0.0,199.0,449.0,248.0,39.0,220.0,6.0,5.0,0.0,0.0,0.0,0.0
2025/12/15,21:14:53,0,0.0,201.0,449.0,247.0,29.0,221.0,5.0,3.0,0.0,0.0,0.0,0.0
2025/12/15,21:14:58,0,0.0,208.0,449.0,248.0,5.0,221.0,0.0,0.0,0.0,0.0,0.0,0.0
2025/12/15,21:15:03,0,0.0,221.0,449.0,247.0,6.0,220.0,1.0,1.0,0.0,0.0,0.0,0.0
2025/12/15,21:15:08,0,0.0,202.0,448.0,247.0,32.0,219.0,6.0,3.0,0.0,0.0,0.0,0.0
2025/12/15,21:15:13,0,0.0,202.0,449.0,248.0,33.0,221.0,5.0,4.0,0.0,0.0,0.0,0.0
2025/12/15,21:15:18,0,0.0,205.0,449.0,247.0,6.0,219.0,1.0,0.0,0.0,0.0,0.0,0.0
2025/12/15,21:15:23,0,0.0,215.0,450.0,247.0,8.0,220.0,1.0,0.0,0.0,0.0,0.0,0.0
2025/12/15,21:15:28,0,0.0,196.0,447.0,248.0,38.0,221.0,6.0,5.0,0.0,0.0,0.0,0.0
2025/12/15,21:15:33,0,0.0,201.0,448.0,248.0,27.0,220.0,4.0,3.0,0.0,0.0,0.0,0.0
2025/12/15,21:15:38,0,0.0,212.0,450.0,247.0,3.0,220.0,0.0,0.0,0.0,0.0,0.0,0.0
2025/12/15,21:15:43,0,0.0,209.0,447.0,248.0,19.0,221.0,3.0,2.0,0.0,0.0,0.0,0.0
2025/12/15,21:15:48,0,0.0,205.0,448.0,247.0,34.0,219.0,6.0,4.0,0.0,0.0,0.0,0.0
2025/12/15,21:15:53,0,0.0,215.0,449.0,247.0,5.0,220.0,0.0,0.0,0.0,0.0,0.0,0.0
2025/12/15,21:15:58,0,0.0,200.0,448.0,247.0,35.0,221.0,6.0,5.0,0.0,0.0,0.0,0.0
2025/12/15,21:16:03,0,0.0,212.0,448.0,247.0,4.0,221.0,0.0,0.0,0.0,0.0,0.0,0.0
2025/12/15,21:16:08,0,0.0,200.0,445.0,247.0,36.0,218.0,7.0,5.0,0.0,0.0,0.0,0.0
2025/12/15,21:16:13,0,0.0,211.0,451.0,247.0,3.0,218.0,1.0,0.0,0.0,0.0,0.0,0.0
2025/12/15,21:16:18,0,0.0,196.0,448.0,247.0,38.0,219.0,7.0,6.0,0.0,0.0,0.0,0.0
2025/12/15,21:16:23,0,0.0,204.0,447.0,247.0,11.0,219.0,2.0,1.0,0.0,0.0,0.0,0.0
2025/12/15,21:16:28,0,0.0,201.0,447.0,248.0,27.0,220.0,5.0,3.0,0.0,0.0,0.0,0.0
2025/12/15,21:16:33,0,0.0,203.0,447.0,247.0,6.0,221.0,0.0,0.0,0.0,0.0,0.0,0.0
2025/12/15,21:16:38,0,0.0,199.0,449.0,247.0,34.0,220.0,6.0,5.0,0.0,0.0,0.0,0.0
2025/12/15,21:16:43,0,0.0,222.0,450.0,245.0,6.0,219.0,2.0,0.0,0.0,0.0,0.0,0.0
2025/12/15,21:16:48,0,0.0,202.0,449.0,247.0,25.0,220.0,4.0,3.0,0.0,0.0,0.0,0.0
2025/12/15,21:16:53,0,0.0,200.0,448.0,247.0,32.0,219.0,6.0,4.0,0.0,0.0,0.0,0.0
2025/12/15,21:16:58,0,0.0,211.0,451.0,245.0,3.0,219.0,1.0,0.0,0.0,0.0,0.0,0.0
2025/12/15,21:17:03,0,0.0,203.0,449.0,248.0,33.0,220.0,5.0,4.0,0.0,0.0,0.0,0.0
2025/12/15,21:17:08,0,0.0,202.0,448.0,247.0,24.0,220.0,5.0,3.0,0.0,0.0,0.0,0.0
2025/12/15,21:17:13,0,0.0,214.0,450.0,247.0,3.0,219.0,0.0,0.0,0.0,0.0,0.0,0.0
2025/12/15,21:17:18,0,0.0,203.0,449.0,247.0,22.0,220.0,3.0,3.0,0.0,0.0,0.0,0.0
2025/12/15,21:17:23,0,0.0,200.0,448.0,247.0,35.0,219.0,7.0,5.0,0.0,0.0,0.0,0.0
2025/12/15,21:17:28,0,0.0,215.0,449.0,247.0,9.0,219.0,1.0,1.0,0.0,0.0,0.0,0.0
2025/12/15,21:17:33,0,0.0,207.0,447.0,247.0,8.0,221.0,1.0,0.0,0.0,0.0,0.0,0.0
2025/12/15,21:17:38,0,0.0,197.0,448.0,247.0,34.0,219.0,6.0,4.0,0.0,0.0,0.0,0.0
2025/12/15,21:17:43,0,0.0,201.0,449.0,247.0,28.0,220.0,5.0,4.0,0.0,0.0,0.0,0.0
2025/12/15,21:17:48,0,0.0,212.0,450.0,245.0,4.0,219.0,1.0,0.0,0.0,0.0,0.0,0.0
2025/12/15,21:17:53,0,0.0,205.0,449.0,249.0,34.0,220.0,6.0,4.0,0.0,0.0,0.0,0.0
2025/12/15,21:17:58,0,0.0,213.0,450.0,248.0,7.0,219.0,2.0,1.0,0.0,0.0,0.0,0.0
2025/12/15,21:18:03,0,0.0,204.0,449.0,248.0,9.0,220.0,0.0,0.0,0.0,0.0,0.0,0.0
2025/12/15,21:18:08,0,0.0,204.0,447.0,247.0,33.0,219.0,6.0,5.0,0.0,0.0,0.0,0.0
2025/12/15,21:18:13,0,0.0,197.0,449.0,247.0,37.0,220.0,6.0,4.0,0.0,0.0,0.0,0.0
2025/12/15,21:18:18,0,0.0,222.0,449.0,247.0,8.0,220.0,1.0,0.0,0.0,0.0,0.0,0.0
2025/12/15,21:18:23,0,0.0,204.0,449.0,247.0,9.0,220.0,1.0,1.0,0.0,0.0,0.0,0.0
2025/12/15,21:18:28,0,0.0,203.0,448.0,246.0,35.0,219.0,6.0,4.0,0.0,0.0,0.0,0.0
2025/12/15,21:18:33,0,0.0,203.0,448.0,247.0,26.0,220.0,4.0,4.0,0.0,0.0,0.0,0.0
2025/12/15,21:18:38,0,0.0,221.0,450.0,247.0,5.0,220.0,1.0,0.0,0.0,0.0,0.0,0.0
2025/12/15,21:18:43,0,0.0,205.0,449.0,246.0,9.0,221.0,0.0,0.0,0.0,0.0,0.0,0.0
2025/12/15,21:18:48,0,0.0,204.0,448.0,247.0,33.0,219.0,6.0,4.0,0.0,0.0,0.0,0.0
2025/12/15,21:18:53,0,0.0,205.0,449.0,248.0,19.0,220.0,4.0,3.0,0.0,0.0,0.0,0.0
2025/12/15,21:18:58,0,0.0,212.0,449.0,245.0,4.0,219.0,1.0,0.0,0.0,0.0,0.0,0.0
2025/12/15,21:19:03,0,0.0,203.0,447.0,247.0,35.0,219.0,6.0,4.0,0.0,0.0,0.0,0.0
2025/12/15,21:19:08,0,0.0,215.0,449.0,248.0,7.0,220.0,1.0,1.0,0.0,0.0,0.0,0.0
2025/12/15,21:19:13,0,0.0,203.0,450.0,247.0,20.0,220.0,2.0,2.0,0.0,0.0,0.0,0.0
2025/12/15,21:19:18,0,0.0,198.0,448.0,246.0,34.0,220.0,6.0,5.0,0.0,0.0,0.0,0.0
2025/12/15,21:19:23,0,0.0,217.0,449.0,245.0,6.0,220.0,1.0,0.0,0.0,0.0,0.0,0.0
2025/12/15,21:19:28,0,0.0,204.0,451.0,247.0,20.0,220.0,3.0,2.0,0.0,0.0,0.0,0.0
2025/12/15,21:19:33,0,0.0,193.0,447.0,247.0,36.0,219.0,7.0,5.0,0.0,0.0,0.0,0.0
2025/12/15,21:19:38,0,0.0,215.0,450.0,245.0,4.0,220.0,0.0,0.0,0.0,0.0,0.0,0.0
2025/12/15,21:19:43,0,0.0,201.0,449.0,248.0,28.0,221.0,4.0,3.0,0.0,0.0,0.0,0.0
2025/12/15,21:19:48,0,0.0,198.0,448.0,247.0,36.0,220.0,6.0,5.0,0.0,0.0,0.0,0.0
2025/12/15,21:19:53,0,0.0,218.0,449.0,247.0,8.0,221.0,2.0,1.0,0.0,0.0,0.0,0.0
2025/12/15,21:19:58,0,0.0,213.0,449.0,249.0,4.0,219.0,1.0,0.0,0.0,0.0,0.0,0.0
2025/12/15,21:20:03,0,0.0,203.0,449.0,247.0,22.0,221.0,3.0,3.0,0.0,0.0,0.0,0.0
2025/12/15,21:20:08,0,0.0,196.0,448.0,247.0,33.0,220.0,6.0,5.0,0.0,0.0,0.0,0.0
2025/12/15,21:20:13,0,0.0,215.0,450.0,247.0,5.0,218.0,1.0,0.0,0.0,0.0,0.0,0.0
2025/12/15,21:20:18,0,0.0,202.0,447.0,247.0,29.0,220.0,4.0,3.0,0.0,0.0,0.0,0.0
2025/12/15,21:20:23,0,0.0,198.0,448.0,247.0,35.0,220.0,6.0,4.0,0.0,0.0,0.0,0.0
2025/12/15,21:20:28,0,0.0,213.0,449.0,248.0,11.0,221.0,2.0,1.0,0.0,0.0,0.0,0.0
2025/12/15,21:20:33,0,0.0,213.0,449.0,247.0,6.0,220.0,0.0,0.0,0.0,0.0,0.0,0.0
2025/12/15,21:20:38,0,0.0,202.0,448.0,246.0,27.0,219.0,5.0,3.0,0.0,0.0,0.0,0.0
2025/12/15,21:20:43,0,0.0,196.0,448.0,246.0,40.0,219.0,7.0,5.0,0.0,0.0,0.0,0.0
2025/12/15,21:20:48,0,0.0,216.0,449.0,247.0,5.0,220.0,1.0,0.0,0.0,0.0,0.0,0.0
2025/12/15,21:20:53,0,0.0,199.0,447.0,247.0,33.0,219.0,6.0,4.0,0.0,0.0,0.0,0.0
2025/12/15,21:20:58,0,0.0,215.0,449.0,247.0,13.0,220.0,1.0,1.0,0.0,0.0,0.0,0.0
2025/12/15,21:21:03,0,0.0,205.0,448.0,243.0,38.0,219.0,6.0,4.0,0.0,0.0,0.0,0.0
2025/12/15,21:21:08,0,0.0,218.0,448.0,247.0,4.0,220.0,1.0,0.0,0.0,0.0,0.0,0.0
2025/12/15,21:21:13,0,0.0,200.0,448.0,246.0,36.0,221.0,7.0,5.0,0.0,0.0,0.0,0.0
2025/12/15,21:21:18,0,0.0,214.0,449.0,247.0,7.0,219.0,1.0,1.0,0.0,0.0,0.0,0.0
2025/12/15,21:21:23,0,0.0,208.0,450.0,247.0,6.0,220.0,0.0,0.0,0.0,0.0,0.0,0.0
2025/12/15,21:21:28,0,0.0,199.0,448.0,247.0,34.0,220.0,6.0,5.0,0.0,0.0,0.0,0.0
2025/12/15,21:21:33,0,0.0,198.0,448.0,245.0,29.0,218.0,6.0,4.0,0.0,0.0,0.0,0.0
2025/12/15,21:21:38,0,0.0,209.0,449.0,248.0,5.0,220.0,0.0,0.0,0.0,0.0,0.0,0.0
2025/12/15,21:21:43,0,0.0,203.0,448.0,247.0,34.0,219.0,7.0,4.0,0.0,0.0,0.0,0.0
2025/12/15,21:21:48,0,0.0,213.0,450.0,247.0,10.0,220.0,2.0,2.0,0.0,0.0,0.0,0.0
2025/12/15,21:21:53,0,0.0,213.0,449.0,247.0,5.0,220.0,1.0,0.0,0.0,0.0,0.0,0.0
2025/12/15,21:21:58,0,0.0,203.0,448.0,246.0,31.0,219.0,5.0,3.0,0.0,0.0,0.0,0.0
2025/12/15,21:22:03,0,0.0,202.0,448.0,247.0,34.0,220.0,5.0,5.0,0.0,0.0,0.0,0.0
2025/12/15,21:22:08,0,0.0,201.0,446.0,247.0,27.0,220.0,5.0,4.0,0.0,0.0,0.0,0.0
2025/12/15,21:22:13,0,0.0,220.0,450.0,248.0,5.0,219.0,1.0,0.0,0.0,0.0,0.0,0.0
2025/12/15,21:22:18,0,0.0,204.0,449.0,247.0,27.0,221.0,3.0,3.0,0.0,0.0,0.0,-0.0008
2025/12/15,21:22:23,0,0.0,198.0,449.0,248.0,35.0,220.0,6.0,5.0,0.0,0.0,0.0,0.0
2025/12/15,21:22:28,0,0.0,221.0,449.0,247.0,6.0,220.0,1.0,0.0,0.0,0.0,0.0,0.0
2025/12/15,21:22:33,0,0.0,201.0,449.0,247.0,30.0,220.0,4.0,3.0,0.0,0.0,0.0,0.0
2025/12/15,21:23:04,0,0.0,220.0,449.0,247.0,2.0,219.0,1.0,0.0,0.0,0.0,0.0,0.0
2025/12/15,21:23:07,0,0.0,214.0,448.0,247.0,6.0,220.0,0.0,0.0,0.0,0.0,0.0,0.0
2025/12/15,21:23:12,0,0.0,200.0,448.0,247.0,31.0,220.0,5.0,4.0,0.0,0.0,0.0,0.0
2025/12/15,21:23:17,0,1.0,205.0,449.0,247.0,22.0,220.0,4.0,3.0,0.0,0.0,0.0,0.0
2025/12/15,21:23:22,0,0.0,208.0,449.0,247.0,4.0,220.0,0.0,0.0,0.0,0.0,0.0,0.0
2025/12/15,21:23:27,0,0.0,207.0,446.0,247.0,33.0,220.0,5.0,4.0,0.0,0.0,0.0,0.0
2025/12/15,21:23:32,0,0.0,212.0,449.0,247.0,14.0,220.0,3.0,1.0,0.0,0.0,0.0,0.0
2025/12/15,21:23:37,0,0.0,205.0,450.0,247.0,3.0,219.0,1.0,0.0,0.0,0.0,0.0,0.0
2025/12/15,21:23:42,0,0.0,204.0,447.0,245.0,35.0,219.0,6.0,4.0,0.0,0.0,0.0,0.0
2025/12/15,21:23:47,0,0.0,219.0,448.0,246.0,4.0,218.0,1.0,1.0,0.0,0.0,0.0,0.0
2025/12/15,21:23:52,0,0.0,203.0,445.0,247.0,39.0,218.0,6.0,4.0,0.0,0.0,0.0,0.0
2025/12/15,21:23:57,0,0.0,207.0,449.0,247.0,6.0,221.0,0.0,0.0,0.0,0.0,0.0,0.0
2025/12/15,21:24:02,0,0.0,199.0,448.0,248.0,34.0,220.0,6.0,4.0,0.0,0.0,0.0,0.0
2025/12/15,21:24:07,0,0.0,204.0,445.0,247.0,21.0,219.0,3.0,3.0,0.0,0.0,0.0,0.0
2025/12/15,21:24:12,0,0.0,220.0,449.0,247.0,6.0,219.0,1.0,0.0,0.0,0.0,0.0,0.0
2025/12/15,21:24:17,0,0.0,196.0,446.0,248.0,38.0,221.0,6.0,5.0,0.0,0.0,0.0,0.0
2025/12/15,21:24:22,0,0.0,200.0,448.0,247.0,31.0,220.0,4.0,4.0,0.0,0.0,0.0,0.0
2025/12/15,21:24:27,0,0.0,210.0,448.0,247.0,4.0,220.0,0.0,0.0,0.0,0.0,0.0,0.0
2025/12/15,21:24:32,0,0.0,204.0,447.0,246.0,20.0,220.0,4.0,3.0,0.0,0.0,0.0,0.0
2025/12/15,21:24:37,0,0.0,200.0,448.0,247.0,31.0,220.0,5.0,4.0,0.0,0.0,0.0,0.0
2025/12/15,21:24:42,0,0.0,221.0,450.0,247.0,5.0,220.0,1.0,0.0,0.0,0.0,0.0,0.0
2025/12/15,21:24:47,0,0.0,198.0,447.0,247.0,39.0,219.0,7.0,5.0,0.0,0.0,0.0,0.0
2025/12/15,21:24:52,0,0.0,204.0,449.0,246.0,11.0,220.0,1.0,1.0,0.0,0.0,0.0,0.0
2025/12/15,21:24:57,0,0.0,211.0,446.0,247.0,11.0,219.0,3.0,1.0,0.0,0.0,0.0,0.0
2025/12/15,21:25:02,0,0.0,203.0,445.0,247.0,36.0,219.0,6.0,5.0,0.0,0.0,0.0,0.0
2025/12/15,21:25:07,0,0.0,205.0,449.0,247.0,5.0,220.0,0.0,0.0,0.0,0.0,0.0,0.0
2025/12/15,21:25:12,0,0.0,215.0,447.0,248.0,9.0,220.0,1.0,0.0,0.0,0.0,0.0,0.0
2025/12/15,21:25:17,0,0.0,199.0,448.0,247.0,37.0,221.0,6.0,5.0,0.0,0.0,0.0,0.0
2025/12/15,21:25:22,0,0.0,203.0,448.0,248.0,25.0,221.0,4.0,3.0,0.0,0.0,0.0,0.0
2025/12/15,21:25:27,0,0.0,215.0,450.0,247.0,4.0,221.0,0.0,1.0,0.0,0.0,0.0,0.0
2025/12/15,21:25:32,0,0.0,204.0,448.0,246.0,24.0,220.0,4.0,2.0,0.0,0.0,0.0,0.0
2025/12/15,21:25:37,0,0.0,203.0,447.0,247.0,34.0,221.0,6.0,4.0,0.0,0.0,0.0,0.0
2025/12/15,21:25:42,0,0.0,209.0,447.0,247.0,4.0,220.0,0.0,0.0,0.0,0.0,0.0,0.0
2025/12/15,21:25:47,0,0.0,205.0,449.0,246.0,18.0,219.0,3.0,2.0,0.0,0.0,0.0,0.0
2025/12/15,21:25:52,0,0.0,202.0,447.0,247.0,33.0,221.0,5.0,4.0,0.0,0.0,0.0,0.0
2025/12/15,21:25:57,0,0.0,219.0,449.0,247.0,6.0,220.0,1.0,0.0,0.0,0.0,0.0,0.0
2025/12/15,21:26:02,0,0.0,199.0,447.0,245.0,37.0,220.0,6.0,4.0,0.0,0.0,0.0,0.0
2025/12/15,21:26:07,0,0.0,206.0,449.0,247.0,5.0,220.0,0.0,0.0,0.0,0.0,0.0,0.0
2025/12/15,21:26:12,0,0.0,199.0,449.0,247.0,27.0,221.0,6.0,4.0,0.0,0.0,0.0,0.0
2025/12/15,21:26:17,0,0.0,203.0,447.0,247.0,19.0,218.0,3.0,2.0,0.0,0.0,0.0,0.0
2025/12/15,21:26:22,0,0.0,212.0,448.0,247.0,11.0,219.0,2.0,1.0,0.0,0.0,0.0,0.0
2025/12/15,21:26:27,0,0.0,202.0,448.0,247.0,33.0,221.0,6.0,4.0,0.0,0.0,0.0,0.0
2025/12/15,21:26:32,0,0.0,219.0,450.0,247.0,5.0,219.0,2.0,0.0,0.0,0.0,0.0,0.0
2025/12/15,21:26:37,0,0.0,200.0,446.0,247.0,34.0,220.0,6.0,4.0,0.0,0.0,0.0,0.0
2025/12/15,21:26:42,0,0.0,215.0,450.0,248.0,8.0,219.0,2.0,0.0,0.0,0.0,0.0,0.0
2025/12/15,21:26:47,0,0.0,202.0,448.0,247.0,29.0,220.0,5.0,3.0,0.0,0.0,0.0,0.0
2025/12/15,21:26:52,0,0.0,212.0,449.0,247.0,10.0,221.0,2.0,1.0,0.0,0.0,0.0,0.0
2025/12/15,21:26:57,0,0.0,203.0,449.0,247.0,22.0,221.0,3.0,3.0,0.0,0.0,0.0,0.0
2025/12/15,21:27:02,0,0.0,204.0,446.0,247.0,22.0,219.0,5.0,3.0,0.0,0.0,0.0,0.0
2025/12/15,21:27:07,0,0.0,206.0,449.0,246.0,13.0,221.0,1.0,1.0,0.0,0.0,0.0,0.0
2025/12/15,21:27:12,0,0.0,194.0,448.0,247.0,38.0,219.0,7.0,6.0,0.0,0.0,0.0,0.0
2025/12/15,21:27:17,0,0.0,210.0,447.0,247.0,4.0,221.0,0.0,0.0,0.0,0.0,0.0,0.0
2025/12/15,21:27:22,0,0.0,205.0,449.0,245.0,33.0,219.0,5.0,4.0,0.0,0.0,0.0,0.0
2025/12/15,21:27:27,0,0.0,209.0,448.0,245.0,15.0,219.0,3.0,1.0,0.0,0.0,0.0,0.0
2025/12/15,21:27:32,0,0.0,209.0,447.0,248.0,5.0,220.0,0.0,0.0,0.0,0.0,0.0,-0.0008
2025/12/15,21:27:37,0,0.0,204.0,448.0,247.0,35.0,219.0,6.0,4.0,0.0,0.0,0.0,0.0
2025/12/15,21:27:42,0,0.0,208.0,448.0,245.0,16.0,218.0,3.0,2.0,0.0,0.0,0.0,0.0
2025/12/15,21:27:47,0,0.0,208.0,449.0,248.0,5.0,220.0,0.0,0.0,0.0,0.0,0.0,0.0
2025/12/15,21:27:52,0,0.0,199.0,448.0,247.0,32.0,220.0,5.0,4.0,0.0,0.0,0.0,0.0
2025/12/15,21:27:57,0,0.0,197.0,449.0,248.0,34.0,221.0,6.0,5.0,0.0,0.0,0.0,0.0
2025/12/15,21:28:02,0,0.0,216.0,449.0,247.0,9.0,221.0,1.0,0.0,0.0,0.0,0.0,0.0
2025/12/15,21:28:07,0,0.0,208.0,450.0,247.0,7.0,219.0,0.0,0.0,0.0,0.0,0.0,0.0
2025/12/15,21:28:12,0,0.0,201.0,449.0,247.0,35.0,220.0,5.0,5.0,0.0,0.0,0.0,0.0
2025/12/15,21:28:17,0,0.0,202.0,449.0,247.0,25.0,220.0,4.0,4.0,0.0,0.0,0.0,0.0
2025/12/15,21:28:22,0,0.0,209.0,450.0,247.0,4.0,219.0,0.0,0.0,0.0,0.0,0.0,0.0
2025/12/15,21:28:27,0,0.0,202.0,448.0,247.0,32.0,219.0,7.0,4.0,0.0,0.0,0.0,0.0
2025/12/15,21:28:32,0,0.0,216.0,450.0,248.0,5.0,219.0,1.0,0.0,0.0,0.0,0.0,0.0
2025/12/15,21:28:37,0,0.0,202.0,448.0,247.0,29.0,219.0,4.0,3.0,0.0,0.0,0.0,0.0
2025/12/15,21:28:42,0,0.0,205.0,448.0,246.0,24.0,220.0,3.0,2.0,0.0,0.0,0.0,0.0
2025/12/15,21:28:47,0,0.0,204.0,449.0,247.0,18.0,221.0,3.0,2.0,0.0,0.0,0.0,0.0
2025/12/15,21:28:52,0,0.0,204.0,450.0,245.0,21.0,220.0,4.0,3.0,0.0,0.0,0.0,0.0
2025/12/15,21:28:57,0,0.0,204.0,450.0,246.0,4.0,220.0,0.0,0.0,0.0,0.0,0.0,0.0
2025/12/15,21:29:02,0,0.0,199.0,448.0,247.0,35.0,220.0,6.0,5.0,0.0,0.0,0.0,0.0
2025/12/15,21:29:07,0,0.0,215.0,449.0,247.0,9.0,220.0,1.0,1.0,0.0,0.0,0.0,0.0
2025/12/15,21:29:12,0,0.0,204.0,448.0,247.0,16.0,222.0,2.0,1.0,0.0,0.0,0.0,0.0
2025/12/15,21:29:17,0,0.0,195.0,448.0,247.0,36.0,220.0,6.0,5.0,0.0,0.0,0.0,0.0
2025/12/15,21:29:22,0,0.0,216.0,450.0,247.0,5.0,219.0,1.0,0.0,0.0,0.0,0.0,0.0
2025/12/15,21:29:27,0,0.0,200.0,448.0,247.0,34.0,220.0,6.0,4.0,0.0,0.0,0.0,0.0
2025/12/15,21:29:32,0,0.0,206.0,449.0,247.0,23.0,220.0,4.0,3.0,0.0,0.0,0.0,0.0
2025/12/15,21:29:37,0,0.0,208.0,449.0,247.0,6.0,220.0,1.0,0.0,0.0,0.0,0.0,0.0
2025/12/15,21:29:42,0,0.0,201.0,449.0,247.0,38.0,221.0,6.0,5.0,0.0,0.0,0.0,0.0
2025/12/15,21:29:47,0,0.0,213.0,450.0,248.0,4.0,220.0,0.0,0.0,0.0,0.0,0.0,0.0
2025/12/15,21:29:52,0,0.0,203.0,447.0,247.0,35.0,219.0,7.0,5.0,0.0,0.0,0.0,0.0
2025/12/15,21:29:57,0,0.0,222.0,450.0,248.0,6.0,220.0,1.0,0.0,0.0,0.0,0.0,0.0
2025/12/15,21:30:02,0,0.0,202.0,448.0,245.0,31.0,220.0,5.0,3.0,0.0,0.0,0.0,0.0
2025/12/15,21:30:07,0,0.0,205.0,447.0,247.0,21.0,219.0,4.0,3.0,0.0,0.0,0.0,0.0
2025/12/15,21:30:12,0,0.0,209.0,449.0,246.0,6.0,219.0,0.0,0.0,0.0,0.0,0.0,0.0
2025/12/15,21:30:17,0,0.0,201.0,446.0,246.0,35.0,220.0,6.0,4.0,0.0,0.0,0.0,0.0
2025/12/15,21:30:22,0,0.0,219.0,448.0,246.0,7.0,219.0,1.0,1.0,0.0,0.0,0.0,0.0
2025/12/15,21:30:27,0,0.0,203.0,449.0,246.0,25.0,220.0,3.0,3.0,0.0,0.0,0.0,0.0
2025/12/15,21:30:32,0,0.0,196.0,448.0,246.0,33.0,220.0,6.0,5.0,0.0,0.0,0.0,0.0
2025/12/15,21:30:37,0,0.0,217.0,449.0,247.0,6.0,220.0,1.0,0.0,0.0,0.0,0.0,0.0
2025/12/15,21:30:42,0,0.0,204.0,449.0,246.0,28.0,221.0,4.0,3.0,0.0,0.0,0.0,0.0
2025/12/15,21:30:47,0,0.0,195.0,448.0,247.0,34.0,221.0,6.0,5.0,0.0,0.0,0.0,0.0
2025/12/15,21:30:52,0,0.0,222.0,449.0,247.0,7.0,220.0,1.0,0.0,0.0,0.0,0.0,0.0
2025/12/15,21:30:57,0,0.0,204.0,449.0,247.0,16.0,220.0,1.0,1.0,0.0,0.0,0.0,0.0
2025/12/15,21:31:02,0,0.0,203.0,448.0,246.0,35.0,220.0,5.0,4.0,0.0,0.0,0.0,0.0
2025/12/15,21:31:07,0,0.0,201.0,448.0,247.0,23.0,219.0,5.0,3.0,0.0,0.0,0.0,0.0
2025/12/15,21:31:12,0,0.0,214.0,450.0,247.0,4.0,221.0,0.0,0.0,0.0,0.0,0.0,0.0
2025/12/15,21:31:17,0,0.0,201.0,446.0,247.0,27.0,221.0,4.0,3.0,0.0,0.0,0.0,0.0
2025/12/15,21:31:22,0,0.0,198.0,447.0,248.0,35.0,220.0,6.0,5.0,0.0,0.0,0.0,0.0
2025/12/15,21:31:27,0,0.0,211.0,449.0,247.0,13.0,220.0,2.0,1.0,0.0,0.0,0.0,0.0
2025/12/15,21:31:32,0,0.0,205.0,448.0,247.0,7.0,221.0,1.0,0.0,0.0,0.0,0.0,0.0
2025/12/15,21:31:37,0,0.0,206.0,448.0,247.0,38.0,221.0,6.0,4.0,0.0,0.0,0.0,0.0
2025/12/15,21:31:42,0,0.0,200.0,446.0,247.0,29.0,219.0,5.0,4.0,0.0,0.0,0.0,0.0
2025/12/15,21:31:47,0,0.0,221.0,449.0,246.0,7.0,219.0,2.0,0.0,0.0,0.0,0.0,0.0
2025/12/15,21:31:52,0,0.0,204.0,449.0,247.0,13.0,221.0,1.0,1.0,0.0,0.0,0.0,0.0
2025/12/15,21:31:57,0,0.0,201.0,445.0,247.0,37.0,219.0,6.0,5.0,0.0,0.0,0.0,0.0
2025/12/15,21:32:02,0,0.0,205.0,447.0,247.0,18.0,221.0,3.0,3.0,0.0,0.0,0.0,0.0
2025/12/15,21:32:07,0,0.0,211.0,447.0,247.0,5.0,221.0,1.0,0.0,0.0,0.0,0.0,0.0
2025/12/15,21:32:12,0,0.0,200.0,448.0,246.0,29.0,220.0,4.0,3.0,0.0,0.0,0.0,0.0
2025/12/15,21:32:17,0,0.0,203.0,448.0,247.0,36.0,219.0,7.0,5.0,0.0,0.0,0.0,0.0
2025/12/15,21:32:22,0,0.0,207.0,449.0,246.0,21.0,219.0,4.0,2.0,0.0,0.0,0.0,0.0
2025/12/15,21:32:27,0,0.0,215.0,449.0,247.0,5.0,220.0,0.0,0.0,0.0,0.0,0.0,0.0
2025/12/15,21:32:32,0,0.0,203.0,448.0,247.0,23.0,220.0,3.0,3.0,0.0,0.0,0.0,0.0
2025/12/15,21:32:37,0,0.0,201.0,447.0,245.0,34.0,219.0,6.0,4.0,0.0,0.0,0.0,0.0
2025/12/15,21:32:42,0,0.0,205.0,449.0,247.0,22.0,221.0,4.0,2.0,0.0,0.0,0.0,0.0
2025/12/15,21:33:12,0,0.0,205.0,449.0,248.0,38.0,219.0,8.0,4.0,0.0,0.0,0.0,0.0
2025/12/15,21:33:16,0,0.0,203.0,449.0,247.0,22.0,220.0,3.0,3.0,0.0,0.0,0.0,0.0
2025/12/15,21:33:21,0,0.0,199.0,448.0,247.0,35.0,219.0,6.0,5.0,0.0,0.0,0.0,0.0
2025/12/15,21:33:26,0,0.0,209.0,448.0,247.0,19.0,220.0,4.0,2.0,0.0,0.0,0.0,0.0
2025/12/15,21:33:31,0,0.0,215.0,449.0,247.0,4.0,221.0,0.0,0.0,0.0,0.0,0.0,0.0
2025/12/15,21:33:36,0,0.0,204.0,449.0,247.0,22.0,221.0,3.0,3.0,0.0,0.0,0.0,0.0
2025/12/15,21:33:41,0,0.0,202.0,448.0,247.0,35.0,220.0,6.0,5.0,0.0,0.0,0.0,0.0
2025/12/15,21:33:46,0,0.0,206.0,449.0,247.0,21.0,221.0,4.0,3.0,0.0,0.0,0.0,0.0
2025/12/15,21:33:51,0,0.0,217.0,448.0,248.0,5.0,221.0,1.0,0.0,0.0,0.0,0.0,0.0
2025/12/15,21:33:56,0,0.0,202.0,448.0,245.0,29.0,220.0,5.0,3.0,0.0,0.0,0.0,0.0
2025/12/15,21:34:01,0,0.0,195.0,448.0,246.0,32.0,221.0,7.0,5.0,0.0,0.0,0.0,0.0
2025/12/15,21:34:06,0,0.0,221.0,449.0,247.0,5.0,220.0,1.0,0.0,0.0,0.0,0.0,0.0
2025/12/15,21:34:11,0,0.0,204.0,449.0,247.0,25.0,220.0,4.0,3.0,0.0,0.0,0.0,0.0
2025/12/15,21:34:16,0,0.0,200.0,448.0,247.0,31.0,220.0,5.0,4.0,0.0,0.0,0.0,0.0
2025/12/15,21:34:21,0,0.0,211.0,449.0,247.0,5.0,220.0,0.0,0.0,0.0,0.0,0.0,0.0
2025/12/15,21:34:26,0,0.0,205.0,448.0,247.0,33.0,220.0,5.0,4.0,0.0,0.0,0.0,0.0
2025/12/15,21:34:31,0,0.0,209.0,448.0,246.0,16.0,220.0,3.0,2.0,0.0,0.0,0.0,0.0
2025/12/15,21:34:36,0,0.0,208.0,450.0,247.0,8.0,221.0,0.0,0.0,0.0,0.0,0.0,0.0
2025/12/15,21:34:41,0,0.0,203.0,448.0,246.0,35.0,220.0,5.0,4.0,0.0,0.0,0.0,0.0
2025/12/15,21:34:46,0,0.0,197.0,449.0,247.0,33.0,220.0,5.0,4.0,0.0,0.0,0.0,0.0
2025/12/15,21:34:51,0,0.0,219.0,448.0,247.0,6.0,219.0,2.0,1.0,0.0,0.0,0.0,0.0
2025/12/15,21:34:56,0,0.0,203.0,448.0,247.0,23.0,220.0,4.0,3.0,0.0,0.0,0.0,0.0
2025/12/15,21:35:01,0,0.0,200.0,448.0,246.0,35.0,219.0,7.0,4.0,0.0,0.0,0.0,0.0
2025/12/15,21:35:06,0,0.0,216.0,446.0,246.0,7.0,218.0,2.0,0.0,0.0,0.0,0.0,0.0
2025/12/15,21:35:11,0,0.0,203.0,448.0,247.0,13.0,219.0,2.0,1.0,0.0,0.0,0.0,0.0
2025/12/15,21:35:16,0,0.0,200.0,448.0,247.0,36.0,220.0,6.0,5.0,0.0,0.0,0.0,0.0
2025/12/15,21:35:21,0,0.0,216.0,448.0,245.0,10.0,219.0,1.0,1.0,0.0,0.0,0.0,0.0
2025/12/15,21:35:26,0,0.0,204.0,449.0,247.0,20.0,219.0,3.0,1.0,0.0,0.0,0.0,0.0
2025/12/15,21:35:31,0,0.0,195.0,448.0,247.0,37.0,220.0,6.0,5.0,0.0,0.0,0.0,0.0
2025/12/15,21:35:36,0,0.0,219.0,449.0,246.0,6.0,218.0,1.0,0.0,0.0,0.0,0.0,0.0
2025/12/15,21:35:41,0,0.0,204.0,449.0,246.0,20.0,219.0,4.0,1.0,0.0,0.0,0.0,0.0
2025/12/15,21:35:46,0,0.0,204.0,447.0,245.0,34.0,219.0,7.0,4.0,0.0,0.0,0.0,0.0
2025/12/15,21:35:51,0,0.0,199.0,449.0,247.0,29.0,221.0,5.0,4.0,0.0,0.0,0.0,0.0
2025/12/15,21:35:56,0,0.0,222.0,450.0,247.0,7.0,220.0,1.0,0.0,0.0,0.0,0.0,0.0
2025/12/15,21:36:01,0,0.0,206.0,449.0,245.0,8.0,219.0,1.0,0.0,0.0,0.0,0.0,0.0
2025/12/15,21:36:06,0,0.0,202.0,448.0,246.0,32.0,221.0,5.0,3.0,0.0,0.0,0.0,0.0
2025/12/15,21:36:11,0,0.0,201.0,445.0,247.0,35.0,220.0,6.0,5.0,0.0,0.0,0.0,0.0
2025/12/15,21:36:16,0,0.0,214.0,449.0,246.0,10.0,221.0,2.0,1.0,0.0,0.0,0.0,0.0
2025/12/15,21:36:21,0,0.0,203.0,450.0,247.0,11.0,220.0,1.0,1.0,0.0,0.0,0.0,0.0
2025/12/15,21:36:26,0,0.0,202.0,448.0,244.0,23.0,220.0,4.0,3.0,0.0,0.0,0.0,0.0
2025/12/15,21:36:31,0,0.0,202.0,448.0,247.0,22.0,221.0,3.0,2.0,0.0,0.0,0.0,0.0
2025/12/15,21:36:36,0,0.0,201.0,448.0,248.0,24.0,219.0,5.0,2.0,0.0,0.0,0.0,0.0
2025/12/15,21:36:41,0,0.0,205.0,449.0,246.0,12.0,221.0,1.0,1.0,0.0,0.0,0.0,0.0
2025/12/15,21:36:46,0,0.0,201.0,448.0,247.0,33.0,221.0,5.0,4.0,0.0,0.0,0.0,0.0
2025/12/15,21:36:51,0,0.0,203.0,449.0,247.0,12.0,220.0,0.0,0.0,0.0,0.0,0.0,0.0
2025/12/15,21:36:56,0,0.0,196.0,447.0,246.0,32.0,220.0,6.0,4.0,0.0,0.0,0.0,0.0
2025/12/15,21:37:01,0,0.0,206.0,449.0,247.0,3.0,221.0,0.0,0.0,0.0,0.0,0.0,0.0
2025/12/15,21:37:06,0,0.0,200.0,448.0,247.0,32.0,220.0,5.0,4.0,0.0,0.0,0.0,0.0
2025/12/15,21:37:11,0,0.0,203.0,448.0,246.0,22.0,220.0,3.0,3.0,0.0,0.0,0.0,0.0
2025/12/15,21:37:16,0,0.0,217.0,449.0,246.0,5.0,221.0,1.0,1.0,0.0,0.0,0.0,0.0
2025/12/15,21:37:21,0,0.0,201.0,447.0,247.0,39.0,220.0,6.0,4.0,0.0,0.0,0.0,0.0
2025/12/15,21:37:26,0,0.0,203.0,449.0,247.0,4.0,220.0,0.0,0.0,0.0,0.0,0.0,0.0
2025/12/15,21:37:31,0,0.0,211.0,448.0,246.0,17.0,219.0,3.0,2.0,0.0,0.0,0.0,0.0
2025/12/15,21:37:36,0,0.0,205.0,448.0,247.0,35.0,221.0,6.0,4.0,0.0,0.0,0.0,0.0
2025/12/15,21:37:41,0,0.0,215.0,449.0,247.0,3.0,221.0,0.0,0.0,0.0,0.0,0.0,0.0
2025/12/15,21:37:46,0,0.0,196.0,449.0,248.0,34.0,220.0,6.0,5.0,0.0,0.0,0.0,0.0
2025/12/15,21:37:51,0,0.0,204.0,448.0,247.0,12.0,220.0,1.0,1.0,0.0,0.0,0.0,0.0
2025/12/15,21:37:56,0,0.0,206.0,450.0,245.0,18.0,219.0,3.0,3.0,0.0,0.0,0.0,0.0
2025/12/15,21:38:01,0,0.0,199.0,452.0,247.0,35.0,220.0,5.0,4.0,0.0,0.0,0.0,0.0
2025/12/15,21:38:06,0,0.0,215.0,449.0,245.0,4.0,220.0,0.0,0.0,0.0,0.0,0.0,0.0
2025/12/15,21:38:11,0,0.0,197.0,445.0,247.0,36.0,222.0,7.0,5.0,0.0,0.0,0.0,0.0
2025/12/15,21:38:16,0,0.0,216.0,449.0,247.0,5.0,219.0,1.0,0.0,0.0,0.0,0.0,0.0
2025/12/15,21:38:21,0,0.0,200.0,447.0,245.0,34.0,220.0,5.0,3.0,0.0,0.0,0.0,0.0
2025/12/15,21:38:26,0,0.0,199.0,447.0,249.0,28.0,219.0,6.0,5.0,0.0,0.0,0.0,0.0
2025/12/15,21:38:31,0,0.0,213.0,449.0,246.0,5.0,219.0,1.0,0.0,0.0,0.0,0.0,0.0
2025/12/15,21:38:36,0,0.0,198.0,445.0,247.0,35.0,219.0,7.0,4.0,0.0,0.0,0.0,0.0
2025/12/15,21:38:41,0,0.0,207.0,449.0,246.0,20.0,220.0,3.0,3.0,0.0,0.0,0.0,0.0
2025/12/15,21:38:46,0,0.0,204.0,450.0,247.0,5.0,221.0,0.0,0.0,0.0,0.0,0.0,0.0
2025/12/15,21:38:51,0,0.0,197.0,449.0,247.0,36.0,219.0,6.0,5.0,0.0,0.0,0.0,0.0
2025/12/15,21:38:56,0,0.0,214.0,449.0,245.0,5.0,219.0,1.0,0.0,0.0,0.0,0.0,0.0
2025/12/15,21:39:01,0,0.0,207.0,448.0,247.0,38.0,221.0,6.0,4.0,0.0,0.0,0.0,0.0
2025/12/15,21:39:06,0,0.0,204.0,448.0,247.0,19.0,221.0,3.0,2.0,0.0,0.0,0.0,0.0
2025/12/15,21:39:11,0,0.0,210.0,447.0,247.0,7.0,221.0,0.0,0.0,0.0,0.0,0.0,0.0
2025/12/15,21:39:16,0,0.0,203.0,449.0,248.0,32.0,220.0,5.0,4.0,0.0,0.0,0.0,0.0
2025/12/15,21:39:21,0,0.0,201.0,448.0,247.0,26.0,221.0,5.0,3.0,0.0,0.0,0.0,0.0
2025/12/15,21:39:26,0,0.0,217.0,450.0,247.0,5.0,221.0,1.0,0.0,0.0,0.0,0.0,0.0
2025/12/15,21:39:31,0,0.0,204.0,449.0,247.0,24.0,221.0,3.0,3.0,0.0,0.0,0.0,0.0
2025/12/15,21:39:36,0,0.0,200.0,448.0,247.0,37.0,219.0,7.0,5.0,0.0,0.0,0.0,0.0
2025/12/15,21:39:41,0,0.0,210.0,449.0,246.0,19.0,221.0,3.0,2.0,0.0,0.0,0.0,0.0
2025/12/15,21:39:46,0,0.0,219.0,449.0,247.0,7.0,221.0,1.0,0.0,0.0,0.0,0.0,0.0
2025/12/15,21:39:51,0,0.0,205.0,448.0,246.0,20.0,222.0,3.0,2.0,0.0,0.0,0.0,0.0
2025/12/15,21:39:56,0,0.0,203.0,448.0,247.0,35.0,220.0,4.0,4.0,0.0,0.0,0.0,-0.0008
2025/12/15,21:40:01,0,0.0,197.0,448.0,247.0,35.0,221.0,6.0,5.0,0.0,0.0,0.0,0.0
2025/12/15,21:40:06,0,0.0,212.0,449.0,246.0,12.0,220.0,3.0,1.0,0.0,0.0,0.0,0.0
2025/12/15,21:40:11,0,0.0,213.0,449.0,246.0,6.0,220.0,0.0,0.0,0.0,0.0,0.0,0.0
2025/12/15,21:40:16,0,0.0,202.0,447.0,247.0,23.0,218.0,3.0,2.0,0.0,0.0,0.0,0.0
2025/12/15,21:40:21,0,0.0,206.0,448.0,246.0,33.0,221.0,6.0,4.0,0.0,0.0,0.0,0.0
2025/12/15,21:40:26,0,0.0,196.0,447.0,247.0,35.0,221.0,6.0,4.0,0.0,0.0,0.0,0.0
2025/12/15,21:40:31,0,0.0,222.0,450.0,247.0,7.0,220.0,1.0,0.0,0.0,0.0,0.0,0.0
2025/12/15,21:40:36,0,0.0,209.0,449.0,245.0,9.0,220.0,0.0,0.0,0.0,0.0,0.0,0.0
2025/12/15,21:40:41,0,0.0,203.0,448.0,246.0,27.0,220.0,4.0,2.0,0.0,0.0,0.0,0.0
2025/12/15,21:40:46,0,0.0,201.0,449.0,247.0,37.0,221.0,6.0,5.0,0.0,0.0,0.0,0.0
2025/12/15,21:40:51,0,0.0,211.0,448.0,247.0,16.0,221.0,4.0,2.0,0.0,0.0,0.0,0.0
2025/12/15,21:40:56,0,0.0,215.0,450.0,245.0,5.0,221.0,0.0,0.0,0.0,0.0,0.0,0.0
2025/12/15,21:41:01,0,0.0,202.0,447.0,246.0,19.0,219.0,2.0,2.0,0.0,0.0,0.0,0.0
2025/12/15,21:41:06,0,0.0,204.0,448.0,247.0,35.0,220.0,6.0,5.0,0.0,0.0,0.0,0.0
2025/12/15,21:41:11,0,0.0,206.0,448.0,246.0,24.0,219.0,5.0,3.0,0.0,0.0,0.0,0.0
2025/12/15,21:41:16,0,0.0,220.0,450.0,247.0,7.0,221.0,1.0,0.0,0.0,0.0,0.0,0.0
2025/12/15,21:41:21,0,0.0,204.0,449.0,247.0,18.0,221.0,2.0,1.0,0.0,0.0,0.0,0.0
2025/12/15,21:41:26,0,0.0,203.0,447.0,247.0,36.0,219.0,6.0,4.0,0.0,0.0,0.0,-0.0008
2025/12/15,21:41:31,0,0.0,204.0,448.0,250.0,25.0,221.0,4.0,3.0,0.0,0.0,0.0,0.0
2025/12/15,21:41:36,0,0.0,220.0,449.0,247.0,8.0,221.0,1.0,0.0,0.0,0.0,0.0,0.0
2025/12/15,21:41:41,0,0.0,203.0,449.0,246.0,15.0,221.0,2.0,1.0,0.0,0.0,0.0,0.0
2025/12/15,21:41:46,0,0.0,203.0,448.0,246.0,33.0,220.0,5.0,4.0,0.0,0.0,0.0,0.0
2025/12/15,21:41:51,0,0.0,197.0,448.0,247.0,37.0,221.0,6.0,5.0,0.0,0.0,0.0,-0.0008
2025/12/15,21:41:56,0,0.0,220.0,449.0,246.0,9.0,219.0,1.0,0.0,0.0,0.0,0.0,0.0
2025/12/15,21:42:01,0,0.0,204.0,448.0,246.0,11.0,220.0,1.0,0.0,0.0,0.0,0.0,0.0
2025/12/15,21:42:06,0,0.0,200.0,447.0,247.0,33.0,219.0,5.0,4.0,0.0,0.0,0.0,0.0
2025/12/15,21:42:11,0,0.0,197.0,448.0,247.0,36.0,220.0,6.0,5.0,0.0,0.0,0.0,0.0
2025/12/15,21:42:16,0,0.0,213.0,448.0,246.0,11.0,220.0,2.0,1.0,0.0,0.0,0.0,0.0
2025/12/15,21:42:21,0,0.0,216.0,448.0,247.0,7.0,221.0,1.0,0.0,0.0,0.0,0.0,0.0
2025/12/15,21:42:26,0,0.0,204.0,448.0,247.0,12.0,220.0,1.0,1.0,0.0,0.0,0.0,0.0
2025/12/15,21:42:31,0,0.0,200.0,448.0,246.0,34.0,221.0,5.0,4.0,0.0,0.0,0.0,0.0
2025/12/15,21:42:36,0,0.0,196.0,448.0,246.0,37.0,221.0,6.0,5.0,0.0,0.0,0.0,0.0
2025/12/15,21:42:41,0,0.0,219.0,449.0,245.0,7.0,219.0,1.0,1.0,0.0,0.0,0.0,0.0
2025/12/15,21:42:46,0,0.0,204.0,448.0,247.0,18.0,222.0,2.0,1.0,0.0,0.0,0.0,0.0
2025/12/15,21:42:51,0,0.0,198.0,448.0,247.0,37.0,220.0,6.0,5.0,0.0,0.0,0.0,0.0
2025/12/15,21:43:22,0,0.0,194.0,448.0,246.0,30.0,220.0,6.0,4.0,0.0,0.0,0.0,0.0
2025/12/15,21:43:26,0,0.0,203.0,448.0,247.0,22.0,220.0,4.0,3.0,0.0,0.0,0.0,0.0
2025/12/15,21:43:31,0,0.0,198.0,447.0,245.0,32.0,219.0,6.0,4.0,0.0,0.0,0.0,0.0
2025/12/15,21:43:36,0,0.0,215.0,449.0,247.0,5.0,220.0,1.0,0.0,0.0,0.0,0.0,0.0
2025/12/15,21:43:41,0,0.0,194.0,448.0,245.0,39.0,220.0,6.0,5.0,0.0,0.0,0.0,0.0
2025/12/15,21:43:46,0,0.0,201.0,448.0,246.0,27.0,220.0,4.0,4.0,0.0,0.0,0.0,0.0
2025/12/15,21:43:51,0,0.0,216.0,449.0,245.0,4.0,219.0,1.0,0.0,0.0,0.0,0.0,0.0
2025/12/15,21:43:56,0,0.0,202.0,449.0,246.0,29.0,220.0,5.0,3.0,0.0,0.0,0.0,0.0
2025/12/15,21:44:01,0,0.0,204.0,447.0,247.0,35.0,221.0,6.0,4.0,0.0,0.0,0.0,0.0
2025/12/15,21:44:06,0,0.0,206.0,449.0,246.0,6.0,221.0,0.0,0.0,0.0,0.0,0.0,-0.0008
2025/12/15,21:44:11,0,0.0,222.0,448.0,246.0,8.0,219.0,2.0,0.0,0.0,0.0,0.0,0.0
2025/12/15,21:44:16,0,0.0,207.0,448.0,246.0,17.0,220.0,3.0,2.0,0.0,0.0,0.0,0.0
2025/12/15,21:44:21,0,0.0,197.0,447.0,246.0,39.0,220.0,6.0,4.0,0.0,0.0,0.0,0.0
2025/12/15,21:44:26,0,0.0,199.0,448.0,245.0,33.0,220.0,6.0,4.0,0.0,0.0,0.0,0.0
2025/12/15,21:44:31,0,0.0,208.0,449.0,246.0,5.0,221.0,0.0,0.0,0.0,0.0,0.0,0.0
2025/12/15,21:44:36,0,0.0,214.0,449.0,247.0,9.0,221.0,1.0,0.0,0.0,0.0,0.0,0.0
2025/12/15,21:44:41,0,0.0,198.0,447.0,247.0,41.0,222.0,7.0,5.0,0.0,0.0,0.0,0.0
2025/12/15,21:44:46,0,0.0,203.0,449.0,246.0,28.0,220.0,4.0,3.0,0.0,0.0,0.0,0.0
2025/12/15,21:44:51,0,0.0,208.0,448.0,247.0,6.0,220.0,0.0,0.0,0.0,0.0,0.0,0.0
2025/12/15,21:44:56,0,0.0,217.0,449.0,245.0,8.0,219.0,1.0,1.0,0.0,0.0,0.0,0.0
2025/12/15,21:45:01,0,0.0,196.0,448.0,246.0,38.0,220.0,6.0,5.0,-0.0008,0.0,0.0,0.0
2025/12/15,21:45:06,0,0.0,202.0,448.0,247.0,31.0,221.0,4.0,4.0,0.0,0.0,0.0,0.0
2025/12/15,21:45:11,0,0.0,223.0,450.0,246.0,8.0,221.0,1.0,1.0,0.0,0.0,0.0,0.0
2025/12/15,21:45:16,0,0.0,205.0,449.0,246.0,27.0,220.0,5.0,3.0,0.0,0.0,0.0,0.0
2025/12/15,21:45:21,0,0.0,212.0,449.0,246.0,14.0,219.0,3.0,2.0,0.0,0.0,0.0,0.0
2025/12/15,21:45:26,0,0.0,211.0,448.0,246.0,7.0,220.0,0.0,0.0,0.0,0.0,0.0,0.0
2025/12/15,21:45:31,0,0.0,203.0,447.0,245.0,36.0,219.0,6.0,4.0,0.0,0.0,0.0,0.0
2025/12/15,21:45:36,0,0.0,215.0,449.0,247.0,10.0,221.0,2.0,1.0,0.0,0.0,0.0,0.0
2025/12/15,21:45:41,0,0.0,202.0,448.0,247.0,19.0,219.0,3.0,2.0,0.0,0.0,0.0,0.0
2025/12/15,21:45:46,0,0.0,196.0,447.0,247.0,36.0,220.0,7.0,5.0,0.0,0.0,0.0,0.0
2025/12/15,21:45:51,0,0.0,216.0,449.0,247.0,6.0,220.0,0.0,0.0,0.0,0.0,0.0,0.0
2025/12/15,21:45:56,0,0.0,199.0,448.0,247.0,32.0,220.0,6.0,4.0,0.0,0.0,0.0,0.0
2025/12/15,21:46:01,0,0.0,210.0,449.0,247.0,14.0,220.0,2.0,2.0,0.0,0.0,0.0,0.0
2025/12/15,21:46:06,0,0.0,204.0,448.0,246.0,22.0,220.0,3.0,1.0,0.0,0.0,0.0,0.0
2025/12/15,21:46:11,0,0.0,204.0,449.0,247.0,25.0,221.0,4.0,3.0,0.0,0.0,0.0,0.0
2025/12/15,21:46:16,0,0.0,205.0,448.0,246.0,8.0,219.0,1.0,0.0,0.0,0.0,0.0,0.0
2025/12/15,21:46:21,0,0.0,196.0,447.0,247.0,38.0,220.0,7.0,5.0,0.0,0.0,0.0,0.0
2025/12/15,21:46:26,0,0.0,208.0,449.0,247.0,8.0,222.0,0.0,1.0,0.0,0.0,0.0,0.0
2025/12/15,21:46:31,0,0.0,210.0,449.0,247.0,17.0,221.0,3.0,3.0,0.0,0.0,0.0,0.0
2025/12/15,21:46:36,0,0.0,196.0,448.0,247.0,35.0,221.0,6.0,4.0,0.0,0.0,0.0,0.0
2025/12/15,21:46:41,0,0.0,215.0,449.0,246.0,5.0,221.0,0.0,0.0,0.0,0.0,0.0,0.0
2025/12/15,21:46:46,0,0.0,195.0,447.0,246.0,41.0,219.0,7.0,5.0,0.0,0.0,0.0,0.0
2025/12/15,21:46:51,0,0.0,204.0,449.0,247.0,20.0,220.0,3.0,2.0,0.0,0.0,0.0,0.0
2025/12/15,21:46:56,0,0.0,215.0,449.0,247.0,7.0,221.0,1.0,0.0,0.0,0.0,0.0,0.0
2025/12/15,21:47:01,0,0.0,203.0,449.0,247.0,36.0,221.0,6.0,4.0,0.0,0.0,0.0,0.0
2025/12/15,21:47:06,0,0.0,218.0,449.0,247.0,8.0,220.0,1.0,1.0,0.0,0.0,0.0,0.0
2025/12/15,21:47:11,0,0.0,199.0,447.0,245.0,39.0,220.0,7.0,4.0,0.0,0.0,0.0,0.0
2025/12/15,21:47:16,0,0.0,210.0,448.0,246.0,6.0,219.0,1.0,0.0,0.0,0.0,0.0,0.0
2025/12/15,21:47:21,0,0.0,199.0,449.0,247.0,31.0,220.0,6.0,4.0,0.0,0.0,0.0,0.0
2025/12/15,21:47:26,0,0.0,198.0,446.0,247.0,35.0,220.0,6.0,4.0,0.0,0.0,0.0,0.0
2025/12/15,21:47:31,0,0.0,208.0,448.0,245.0,6.0,220.0,1.0,0.0,0.0,0.0,0.0,0.0
2025/12/15,21:47:36,0,0.0,207.0,448.0,247.0,24.0,221.0,4.0,2.0,0.0,0.0,0.0,0.0
2025/12/15,21:47:41,0,0.0,200.0,448.0,246.0,34.0,222.0,5.0,4.0,0.0,0.0,0.0,0.0
2025/12/15,21:47:46,0,0.0,218.0,450.0,247.0,5.0,220.0,1.0,0.0,0.0,0.0,0.0,0.0
2025/12/15,21:47:51,0,0.0,198.0,448.0,247.0,38.0,220.0,6.0,5.0,0.0,0.0,0.0,0.0
2025/12/15,21:47:56,0,0.0,204.0,449.0,247.0,18.0,222.0,2.0,2.0,0.0,0.0,0.0,0.0
2025/12/15,21:48:01,0,0.0,216.0,449.0,247.0,10.0,221.0,2.0,1.0,0.0,0.0,0.0,0.0
2025/12/15,21:48:06,0,0.0,201.0,449.0,249.0,36.0,220.0,5.0,4.0,0.0,0.0,0.0,0.0
2025/12/15,21:48:11,0,0.0,213.0,449.0,247.0,4.0,221.0,0.0,0.0,0.0,0.0,0.0,0.0
2025/12/15,21:48:16,0,0.0,197.0,449.0,247.0,35.0,221.0,6.0,4.0,0.0,0.0,0.0,0.0
2025/12/15,21:48:21,0,0.0,202.0,449.0,247.0,11.0,221.0,1.0,1.0,0.0,0.0,0.0,0.0
2025/12/15,21:48:26,0,0.0,211.0,450.0,247.0,18.0,220.0,3.0,2.0,0.0,0.0,0.0,0.0
2025/12/15,21:48:31,0,0.0,201.0,449.0,247.0,34.0,221.0,6.0,4.0,0.0,0.0,0.0,0.0
2025/12/15,21:48:36,0,0.0,211.0,447.0,247.0,5.0,220.0,0.0,0.0,0.0,0.0,0.0,0.0
2025/12/15,21:48:41,0,0.0,197.0,448.0,247.0,38.0,221.0,7.0,5.0,0.0,0.0,0.0,0.0
2025/12/15,21:48:46,0,0.0,208.0,447.0,247.0,7.0,220.0,1.0,0.0,0.0,0.0,0.0,0.0
2025/12/15,21:48:51,0,0.0,198.0,448.0,247.0,39.0,221.0,6.0,5.0,0.0,0.0,0.0,0.0
2025/12/15,21:48:56,0,0.0,213.0,450.0,247.0,5.0,220.0,1.0,0.0,0.0,0.0,0.0,0.0
2025/12/15,21:49:01,0,0.0,204.0,447.0,247.0,36.0,219.0,6.0,4.0,0.0,0.0,0.0,0.0
2025/12/15,21:49:06,0,0.0,214.0,449.0,246.0,9.0,219.0,2.0,1.0,0.0,0.0,0.0,0.0
2025/12/15,21:49:11,0,0.0,206.0,449.0,246.0,10.0,221.0,1.0,0.0,0.0,0.0,0.0,0.0
2025/12/15,21:49:16,0,0.0,199.0,448.0,246.0,37.0,220.0,7.0,5.0,0.0,0.0,0.0,0.0
2025/12/15,21:49:21,0,0.0,219.0,450.0,246.0,7.0,221.0,1.0,1.0,0.0,0.0,0.0,0.0
2025/12/15,21:49:26,0,0.0,202.0,449.0,246.0,29.0,220.0,4.0,3.0,0.0,0.0,0.0,0.0
2025/12/15,21:49:31,0,0.0,194.0,447.0,246.0,37.0,220.0,6.0,4.0,0.0,0.0,0.0,0.0
2025/12/15,21:49:36,0,0.0,219.0,449.0,246.0,9.0,218.0,1.0,0.0,0.0,0.0,0.0,0.0
2025/12/15,21:49:41,0,0.0,205.0,448.0,246.0,28.0,220.0,4.0,3.0,0.0,0.0,0.0,0.0
2025/12/15,21:49:46,0,0.0,195.0,448.0,246.0,35.0,219.0,8.0,5.0,0.0,0.0,0.0,0.0
2025/12/15,21:49:51,0,0.0,220.0,449.0,246.0,6.0,221.0,1.0,0.0,0.0,0.0,0.0,0.0
2025/12/15,21:49:56,0,0.0,207.0,450.0,245.0,18.0,220.0,3.0,1.0,0.0,0.0,0.0,0.0
2025/12/15,21:50:01,0,0.0,202.0,449.0,247.0,34.0,220.0,5.0,5.0,0.0,0.0,0.0,0.0
2025/12/15,21:50:06,0,0.0,213.0,450.0,248.0,15.0,220.0,3.0,1.0,0.0,0.0,0.0,0.0
2025/12/15,21:50:11,0,0.0,202.0,447.0,246.0,11.0,220.0,1.0,0.0,0.0,0.0,0.0,0.0
2025/12/15,21:50:16,0,0.0,199.0,446.0,246.0,39.0,219.0,7.0,5.0,0.0,0.0,0.0,0.0
2025/12/15,21:50:21,0,0.0,219.0,447.0,247.0,7.0,220.0,1.0,0.0,0.0,0.0,0.0,0.0
2025/12/15,21:50:26,0,0.0,204.0,449.0,247.0,26.0,219.0,4.0,2.0,0.0,0.0,0.0,0.0
2025/12/15,21:50:31,0,0.0,197.0,448.0,247.0,35.0,219.0,6.0,5.0,0.0,0.0,0.0,0.0
2025/12/15,21:50:36,0,0.0,218.0,450.0,247.0,6.0,221.0,1.0,1.0,0.0,0.0,0.0,0.0
2025/12/15,21:50:41,0,0.0,211.0,450.0,245.0,8.0,219.0,1.0,0.0,0.0,0.0,0.0,0.0
2025/12/15,21:50:46,0,0.0,206.0,449.0,246.0,18.0,221.0,3.0,1.0,0.0,0.0,0.0,0.0
2025/12/15,21:50:51,0,0.0,200.0,448.0,246.0,28.0,220.0,5.0,3.0,0.0,0.0,0.0,0.0
2025/12/15,21:50:56,0,1.0,203.0,446.0,247.0,35.0,222.0,6.0,4.0,0.0,0.0,0.0,0.0
2025/12/15,21:51:01,0,0.0,205.0,448.0,246.0,33.0,220.0,5.0,4.0,0.0,0.0,0.0,0.0
2025/12/15,21:51:06,0,0.0,201.0,446.0,247.0,35.0,221.0,7.0,5.0,0.0,0.0,0.0,0.0
2025/12/15,21:51:11,0,0.0,198.0,448.0,246.0,37.0,221.0,7.0,5.0,0.0,0.0,0.0,0.0
2025/12/15,21:51:16,0,0.0,197.0,447.0,247.0,36.0,221.0,6.0,5.0,0.0,0.0,0.0,0.0
2025/12/15,21:51:21,0,0.0,196.0,448.0,246.0,34.0,221.0,6.0,5.0,0.0,0.0,0.0,0.0
2025/12/15,21:51:26,0,0.0,201.0,449.0,246.0,26.0,221.0,4.0,4.0,0.0,0.0,0.0,0.0
2025/12/15,21:51:31,0,0.0,216.0,449.0,246.0,9.0,221.0,1.0,1.0,0.0,0.0,0.0,-0.0008
2025/12/15,21:51:36,0,0.0,205.0,449.0,246.0,10.0,221.0,0.0,0.0,0.0,0.0,0.0,0.0
2025/12/15,21:51:41,0,0.0,196.0,449.0,247.0,36.0,221.0,6.0,5.0,0.0,0.0,0.0,0.0
2025/12/15,21:51:46,0,0.0,211.0,449.0,246.0,6.0,220.0,0.0,0.0,0.0,0.0,0.0,0.0
2025/12/15,21:51:51,0,0.0,194.0,448.0,246.0,35.0,220.0,6.0,5.0,0.0,0.0,0.0,0.0
2025/12/15,21:51:56,0,0.0,205.0,448.0,246.0,19.0,220.0,3.0,2.0,0.0,0.0,0.0,0.0
2025/12/15,21:52:01,0,0.0,206.0,449.0,245.0,21.0,220.0,4.0,2.0,0.0,0.0,0.0,0.0
2025/12/15,21:52:06,0,0.0,203.0,449.0,245.0,11.0,220.0,2.0,1.0,0.0,0.0,0.0,0.0
2025/12/15,21:52:11,0,0.0,196.0,447.0,246.0,35.0,220.0,6.0,5.0,0.0,0.0,0.0,0.0
2025/12/15,21:52:16,0,0.0,210.0,450.0,247.0,6.0,220.0,1.0,0.0,0.0,0.0,0.0,0.0
2025/12/15,21:52:21,0,0.0,201.0,447.0,246.0,39.0,220.0,7.0,5.0,0.0,0.0,0.0,0.0
2025/12/15,21:52:26,0,0.0,212.0,449.0,246.0,6.0,221.0,0.0,0.0,0.0,0.0,0.0,0.0
2025/12/15,21:52:31,0,0.0,200.0,449.0,247.0,35.0,221.0,6.0,5.0,0.0,0.0,0.0,0.0
2025/12/15,21:52:36,0,0.0,220.0,450.0,245.0,7.0,221.0,1.0,0.0,0.0,0.0,0.0,0.0
2025/12/15,21:52:41,0,0.0,206.0,448.0,246.0,38.0,222.0,6.0,4.0,0.0,0.0,0.0,0.0
2025/12/15,21:52:46,0,0.0,220.0,449.0,247.0,9.0,221.0,1.0,1.0,0.0,0.0,0.0,0.0
2025/12/15,21:52:51,0,0.0,204.0,448.0,246.0,38.0,221.0,6.0,4.0,0.0,0.0,0.0,0.0
2025/12/15,21:52:56,0,0.0,222.0,450.0,245.0,8.0,220.0,2.0,0.0,0.0,0.0,0.0,0.0
2025/12/15,21:53:01,0,0.0,199.0,448.0,247.0,37.0,219.0,7.0,4.0,0.0,0.0,0.0,0.0
2025/12/15,21:53:30,0,0.0,210.0,449.0,246.0,15.0,221.0,3.0,3.0,0.0,0.0,0.0,0.0
2025/12/15,21:53:35,0,0.0,220.0,449.0,247.0,7.0,221.0,1.0,1.0,0.0,0.0,0.0,0.0
2025/12/15,21:53:40,0,0.0,198.0,448.0,246.0,38.0,221.0,7.0,5.0,0.0,0.0,0.0,0.0
2025/12/15,21:53:45,0,0.0,215.0,446.0,247.0,6.0,221.0,0.0,0.0,0.0,0.0,0.0,0.0
2025/12/15,21:53:50,0,0.0,205.0,447.0,247.0,35.0,220.0,6.0,4.0,0.0,0.0,0.0,0.0
2025/12/15,21:53:55,0,0.0,215.0,448.0,245.0,9.0,219.0,2.0,1.0,0.0,0.0,0.0,0.0
2025/12/15,21:54:00,0,0.0,205.0,449.0,246.0,14.0,219.0,1.0,1.0,0.0,0.0,0.0,0.0
2025/12/15,21:54:05,0,0.0,200.0,448.0,247.0,39.0,221.0,7.0,5.0,0.0,0.0,0.0,0.0
2025/12/15,21:54:10,0,0.0,213.0,449.0,246.0,7.0,220.0,2.0,1.0,0.0,0.0,0.0,0.0
2025/12/15,21:54:15,0,0.0,201.0,445.0,247.0,20.0,220.0,3.0,2.0,0.0,0.0,0.0,0.0
2025/12/15,21:54:20,0,0.0,197.0,448.0,246.0,35.0,220.0,6.0,5.0,0.0,0.0,0.0,0.0
2025/12/15,21:54:25,0,0.0,222.0,449.0,247.0,8.0,219.0,1.0,0.0,0.0,0.0,0.0,0.0
2025/12/15,21:54:30,0,0.0,204.0,449.0,246.0,10.0,220.0,0.0,0.0,0.0,0.0,0.0,0.0
2025/12/15,21:54:35,0,0.0,202.0,448.0,246.0,31.0,221.0,5.0,4.0,0.0,0.0,0.0,0.0
2025/12/15,21:54:40,0,0.0,199.0,449.0,247.0,32.0,221.0,5.0,4.0,0.0,0.0,0.0,0.0
2025/12/15,21:54:45,0,0.0,201.0,448.0,247.0,38.0,221.0,6.0,4.0,0.0,0.0,0.0,0.0
2025/12/15,21:54:50,0,0.0,201.0,447.0,246.0,34.0,220.0,4.0,4.0,0.0,0.0,0.0,0.0
2025/12/15,21:54:55,0,0.0,201.0,449.0,247.0,23.0,221.0,3.0,3.0,0.0,0.0,0.0,0.0
2025/12/15,21:55:00,0,0.0,205.0,449.0,247.0,7.0,220.0,0.0,0.0,0.0,0.0,0.0,0.0
2025/12/15,21:55:05,0,1.0,217.0,448.0,247.0,6.0,221.0,1.0,0.0,0.0,0.0,0.0,0.0
2025/12/15,21:55:10,0,0.0,213.0,446.0,246.0,15.0,221.0,3.0,1.0,0.0,0.0,0.0,0.0
2025/12/15,21:55:15,0,0.0,198.0,448.0,246.0,38.0,221.0,6.0,5.0,0.0,0.0,0.0,0.0
2025/12/15,21:55:20,0,0.0,200.0,448.0,246.0,32.0,221.0,5.0,3.0,0.0,0.0,0.0,0.0
2025/12/15,21:55:25,0,0.0,217.0,449.0,246.0,7.0,220.0,1.0,0.0,0.0,0.0,0.0,0.0
2025/12/15,21:55:30,0,0.0,194.0,448.0,246.0,41.0,219.0,7.0,5.0,0.0,0.0,0.0,0.0
2025/12/15,21:55:35,0,0.0,200.0,447.0,246.0,30.0,221.0,5.0,3.0,0.0,0.0,0.0,0.0
2025/12/15,21:55:40,0,0.0,220.0,449.0,246.0,7.0,220.0,1.0,0.0,0.0,0.0,0.0,0.0
2025/12/15,21:55:45,0,0.0,200.0,447.0,247.0,38.0,220.0,7.0,5.0,0.0,0.0,0.0,0.0
2025/12/15,21:55:50,0,0.0,208.0,449.0,246.0,7.0,219.0,0.0,0.0,0.0,0.0,0.0,0.0
2025/12/15,21:55:55,0,0.0,195.0,449.0,246.0,34.0,220.0,6.0,5.0,0.0,0.0,0.0,0.0
2025/12/15,21:56:00,0,0.0,204.0,448.0,246.0,13.0,219.0,1.0,1.0,0.0,0.0,0.0,0.0
2025/12/15,21:56:05,0,0.0,208.0,449.0,247.0,23.0,221.0,4.0,2.0,0.0,0.0,0.0,0.0
2025/12/15,21:56:10,0,0.0,200.0,448.0,246.0,31.0,220.0,5.0,4.0,0.0,0.0,0.0,0.0
2025/12/15,21:56:15,0,0.0,212.0,448.0,247.0,6.0,221.0,1.0,0.0,0.0,0.0,0.0,0.0
2025/12/15,21:56:20,0,0.0,204.0,448.0,246.0,25.0,220.0,5.0,3.0,0.0,0.0,0.0,0.0
2025/12/15,21:56:25,0,0.0,199.0,446.0,247.0,35.0,220.0,6.0,4.0,0.0,0.0,0.0,0.0
2025/12/15,21:56:30,0,0.0,220.0,449.0,247.0,7.0,221.0,1.0,0.0,0.0,0.0,0.0,0.0
2025/12/15,21:56:35,0,0.0,203.0,447.0,246.0,39.0,219.0,7.0,5.0,0.0,0.0,0.0,0.0
2025/12/15,21:56:40,0,0.0,209.0,450.0,247.0,6.0,220.0,1.0,0.0,0.0,0.0,0.0,-0.0008
2025/12/15,21:56:45,0,0.0,200.0,448.0,246.0,31.0,221.0,6.0,4.0,0.0,0.0,0.0,0.0
2025/12/15,21:56:50,0,0.0,200.0,449.0,247.0,32.0,221.0,5.0,4.0,0.0,0.0,0.0,0.0
2025/12/15,21:56:55,0,0.0,211.0,449.0,246.0,5.0,221.0,0.0,0.0,-0.0008,0.0,0.0,0.0
2025/12/15,21:57:00,0,0.0,212.0,448.0,246.0,14.0,220.0,2.0,1.0,0.0,0.0,0.0,0.0
2025/12/15,21:57:05,0,0.0,198.0,448.0,246.0,37.0,221.0,6.0,5.0,0.0,0.0,0.0,0.0
2025/12/15,21:57:10,0,0.0,208.0,447.0,245.0,34.0,220.0,6.0,4.0,0.0,0.0,0.0,0.0
2025/12/15,21:57:15,0,0.0,202.0,448.0,246.0,31.0,219.0,5.0,3.0,0.0,0.0,0.0,0.0
2025/12/15,21:57:20,0,0.0,204.0,449.0,247.0,13.0,220.0,2.0,2.0,0.0,0.0,0.0,0.0
2025/12/15,21:57:25,0,0.0,209.0,449.0,246.0,6.0,220.0,0.0,0.0,0.0,0.0,0.0,0.0
2025/12/15,21:57:30,0,0.0,221.0,448.0,245.0,7.0,220.0,1.0,0.0,0.0,0.0,0.0,0.0
2025/12/15,21:57:35,0,0.0,214.0,447.0,246.0,14.0,219.0,3.0,1.0,0.0,0.0,0.0,0.0
2025/12/15,21:57:40,0,0.0,208.0,448.0,246.0,24.0,220.0,4.0,2.0,0.0,0.0,0.0,0.0
2025/12/15,21:57:45,0,0.0,198.0,449.0,247.0,37.0,221.0,5.0,4.0,0.0,0.0,0.0,0.0
2025/12/15,21:57:50,0,0.0,198.0,448.0,247.0,37.0,220.0,7.0,5.0,0.0,0.0,0.0,0.0
2025/12/15,21:57:55,0,0.0,201.0,447.0,245.0,36.0,220.0,6.0,4.0,0.0,0.0,0.0,0.0
2025/12/15,21:58:00,0,0.0,201.0,448.0,247.0,34.0,221.0,6.0,4.0,0.0,0.0,0.0,0.0
2025/12/15,21:58:05,0,0.0,206.0,447.0,247.0,17.0,219.0,3.0,1.0,0.0,0.0,0.0,0.0
2025/12/15,21:58:10,0,0.0,218.0,449.0,246.0,7.0,219.0,2.0,0.0,0.0,0.0,0.0,0.0
2025/12/15,21:58:15,0,1.0,202.0,449.0,247.0,28.0,220.0,4.0,4.0,0.0,0.0,0.0,0.0
2025/12/15,21:58:20,0,0.0,200.0,448.0,247.0,34.0,221.0,6.0,5.0,0.0,0.0,0.0,0.0
2025/12/15,21:58:25,0,0.0,210.0,450.0,246.0,6.0,219.0,1.0,0.0,0.0,0.0,0.0,0.0
2025/12/15,21:58:30,0,0.0,204.0,448.0,245.0,27.0,219.0,5.0,3.0,0.0,0.0,0.0,-0.0008
2025/12/15,21:58:35,0,0.0,200.0,449.0,247.0,32.0,220.0,5.0,4.0,0.0,0.0,0.0,0.0
2025/12/15,21:58:40,0,0.0,216.0,449.0,245.0,5.0,219.0,1.0,0.0,0.0,0.0,0.0,0.0
2025/12/15,21:58:45,0,0.0,204.0,448.0,246.0,27.0,219.0,5.0,3.0,0.0,0.0,0.0,0.0
2025/12/15,21:58:50,0,0.0,205.0,449.0,247.0,35.0,220.0,5.0,4.0,0.0,0.0,0.0,0.0
2025/12/15,21:58:55,0,0.0,205.0,450.0,245.0,8.0,220.0,1.0,1.0,0.0,0.0,0.0,-0.0008
2025/12/15,21:59:00,0,0.0,217.0,450.0,247.0,5.0,218.0,2.0,0.0,0.0,0.0,0.0,0.0
2025/12/15,21:59:05,0,0.0,198.0,448.0,247.0,36.0,220.0,7.0,5.0,0.0,0.0,0.0,0.0
2025/12/15,21:59:10,0,0.0,203.0,449.0,244.0,19.0,219.0,4.0,2.0,0.0,0.0,0.0,0.0
2025/12/15,21:59:15,0,0.0,221.0,449.0,245.0,7.0,219.0,2.0,1.0,0.0,0.0,0.0,0.0
2025/12/15,21:59:20,0,0.0,194.0,448.0,247.0,37.0,221.0,7.0,5.0,0.0,0.0,0.0,0.0
2025/12/15,21:59:25,0,0.0,203.0,447.0,246.0,36.0,220.0,6.0,4.0,0.0,0.0,0.0,0.0
2025/12/15,21:59:30,0,0.0,207.0,448.0,246.0,7.0,221.0,0.0,0.0,0.0,0.0,0.0,0.0
2025/12/15,21:59:35,0,0.0,214.0,449.0,247.0,9.0,220.0,1.0,0.0,0.0,0.0,0.0,0.0
2025/12/15,21:59:40,0,0.0,198.0,448.0,245.0,39.0,219.0,7.0,5.0,0.0,0.0,0.0,0.0
2025/12/15,21:59:45,0,0.0,202.0,448.0,245.0,25.0,219.0,4.0,3.0,0.0,0.0,0.0,0.0
2025/12/15,21:59:50,0,0.0,208.0,450.0,247.0,5.0,220.0,1.0,0.0,0.0,0.0,0.0,0.0
2025/12/15,21:59:55,0,0.0,214.0,449.0,246.0,8.0,220.0,0.0,0.0,0.0,0.0,0.0,0.0
2025/12/15,22:00:00,0,0.0,207.0,450.0,246.0,6.0,220.0,0.0,0.0,0.0,0.0,0.0,0.0
2025/12/15,22:00:05,0,0.0,207.0,450.0,245.0,11.0,221.0,1.0,0.0,0.0,0.0,0.0,0.0
2025/12/15,22:00:10,0,0.0,202.0,449.0,247.0,32.0,221.0,5.0,4.0,0.0,0.0,0.0,0.0
2025/12/15,22:00:15,0,0.0,203.0,448.0,246.0,33.0,220.0,5.0,4.0,0.0,0.0,0.0,-0.0008
2025/12/15,22:00:20,0,0.0,199.0,445.0,246.0,36.0,219.0,7.0,5.0,0.0,0.0,0.0,0.0
2025/12/15,22:00:25,0,0.0,200.0,449.0,247.0,36.0,221.0,6.0,5.0,0.0,0.0,0.0,0.0
2025/12/15,22:00:30,0,0.0,203.0,447.0,247.0,35.0,221.0,7.0,5.0,0.0,0.0,0.0,0.0
2025/12/15,22:00:35,0,0.0,206.0,448.0,246.0,34.0,221.0,6.0,4.0,0.0,0.0,0.0,0.0
2025/12/15,22:00:40,0,0.0,206.0,448.0,246.0,35.0,221.0,6.0,4.0,0.0,0.0,0.0,0.0
2025/12/15,22:00:45,0,0.0,200.0,449.0,247.0,31.0,220.0,5.0,4.0,0.0,0.0,0.0,0.0
2025/12/15,22:00:50,0,0.0,203.0,447.0,247.0,9.0,220.0,2.0,1.0,0.0,0.0,0.0,0.0
2025/12/15,22:00:55,0,0.0,219.0,449.0,246.0,9.0,221.0,1.0,1.0,0.0,0.0,0.0,0.0
2025/12/15,22:01:00,0,0.0,204.0,448.0,247.0,39.0,221.0,6.0,5.0,0.0,0.0,0.0,0.0
2025/12/15,22:01:05,0,0.0,212.0,450.0,247.0,4.0,219.0,1.0,0.0,0.0,0.0,0.0,0.0
2025/12/15,22:01:10,0,0.0,197.0,448.0,246.0,38.0,221.0,6.0,5.0,0.0,0.0,0.0,0.0
2025/12/15,22:01:15,0,0.0,205.0,449.0,247.0,7.0,220.0,0.0,0.0,0.0,0.0,0.0,0.0
2025/12/15,22:01:20,0,0.0,195.0,448.0,246.0,33.0,220.0,6.0,3.0,0.0,0.0,0.0,0.0
2025/12/15,22:01:25,0,0.0,205.0,448.0,247.0,6.0,220.0,0.0,0.0,0.0,0.0,0.0,0.0
2025/12/15,22:01:30,0,0.0,196.0,448.0,246.0,35.0,223.0,6.0,5.0,0.0,0.0,0.0,0.0
2025/12/15,22:01:35,0,0.0,211.0,449.0,246.0,6.0,221.0,0.0,0.0,0.0,0.0,0.0,0.0
2025/12/15,22:01:40,0,0.0,200.0,447.0,247.0,37.0,221.0,6.0,5.0,0.0,0.0,0.0,0.0
2025/12/15,22:01:45,0,0.0,218.0,448.0,246.0,6.0,219.0,1.0,0.0,0.0,0.0,0.0,0.0
2025/12/15,22:01:50,0,0.0,202.0,448.0,247.0,21.0,220.0,2.0,2.0,0.0,0.0,0.0,0.0
2025/12/15,22:01:55,0,0.0,198.0,447.0,245.0,36.0,219.0,7.0,4.0,0.0,0.0,0.0,0.0
2025/12/15,22:02:00,0,0.0,219.0,449.0,247.0,4.0,218.0,2.0,0.0,0.0,0.0,0.0,0.0
2025/12/15,22:02:05,0,0.0,200.0,448.0,246.0,33.0,221.0,5.0,4.0,0.0,0.0,0.0,0.0
2025/12/15,22:02:10,0,0.0,219.0,447.0,246.0,8.0,221.0,1.0,0.0,0.0,0.0,0.0,0.0
2025/12/15,22:02:15,0,0.0,200.0,448.0,247.0,38.0,220.0,6.0,5.0,0.0,0.0,0.0,0.0
2025/12/15,22:02:20,0,0.0,204.0,449.0,247.0,4.0,219.0,0.0,0.0,0.0,0.0,0.0,0.0
2025/12/15,22:02:25,0,0.0,204.0,447.0,246.0,21.0,219.0,6.0,2.0,0.0,0.0,0.0,0.0
2025/12/15,22:02:30,0,0.0,201.0,448.0,246.0,34.0,220.0,5.0,4.0,0.0,0.0,0.0,0.0
2025/12/15,22:02:35,0,0.0,217.0,449.0,245.0,5.0,220.0,1.0,0.0,0.0,0.0,0.0,0.0
2025/12/15,22:02:40,0,0.0,196.0,447.0,246.0,37.0,220.0,6.0,5.0,0.0,0.0,0.0,0.0
2025/12/15,22:02:45,0,0.0,202.0,447.0,247.0,24.0,217.0,4.0,2.0,0.0,0.0,0.0,0.0
2025/12/15,22:02:50,0,0.0,218.0,448.0,246.0,6.0,219.0,1.0,2.0,0.0,0.0,0.0,0.0
2025/12/15,22:02:55,0,0.0,202.0,447.0,245.0,35.0,219.0,7.0,4.0,0.0,0.0,0.0,0.0
2025/12/15,22:03:00,0,0.0,215.0,450.0,247.0,5.0,219.0,1.0,0.0,0.0,0.0,0.0,0.0
2025/12/15,22:03:05,0,0.0,195.0,448.0,246.0,39.0,221.0,7.0,5.0,0.0,0.0,0.0,0.0
2025/12/15,22:03:10,0,0.0,198.0,446.0,246.0,32.0,220.0,5.0,4.0,0.0,0.0,0.0,0.0
2025/12/15,22:03:56,0,0.0,202.0,448.0,246.0,33.0,219.0,8.0,5.0,-0.0008,0.0,0.0,0.0
2025/12/15,22:04:01,0,0.0,215.0,447.0,247.0,10.0,221.0,1.0,2.0,0.0,0.0,0.0,0.0
2025/12/15,22:04:06,0,0.0,194.0,447.0,246.0,41.0,220.0,7.0,5.0,0.0,0.0,0.0,0.0
2025/12/15,22:04:11,0,0.0,202.0,448.0,246.0,31.0,220.0,4.0,3.0,0.0,0.0,0.0,0.0
2025/12/15,22:04:16,0,0.0,218.0,450.0,244.0,5.0,220.0,1.0,0.0,0.0,0.0,0.0,0.0
2025/12/15,22:04:21,0,0.0,195.0,447.0,245.0,38.0,219.0,7.0,5.0,0.0,0.0,0.0,0.0
2025/12/15,22:04:26,0,0.0,201.0,448.0,245.0,25.0,219.0,5.0,3.0,0.0,0.0,0.0,0.0
2025/12/15,22:04:31,0,1.0,221.0,449.0,247.0,5.0,220.0,1.0,0.0,0.0,0.0,0.0,0.0
2025/12/15,22:04:36,0,0.0,197.0,448.0,246.0,39.0,220.0,7.0,5.0,0.0,0.0,0.0,0.0
2025/12/15,22:04:41,0,0.0,206.0,449.0,247.0,9.0,220.0,0.0,0.0,0.0,0.0,0.0,0.0
2025/12/15,22:04:46,0,2.0,198.0,448.0,244.0,33.0,219.0,6.0,4.0,0.0,0.0,0.0,0.0
2025/12/15,22:04:51,0,0.0,202.0,449.0,247.0,24.0,221.0,3.0,3.0,0.0,0.0,0.0,0.0
2025/12/15,22:04:56,0,0.0,214.0,448.0,246.0,11.0,219.0,2.0,0.0,0.0,0.0,0.0,0.0
2025/12/15,22:05:01,0,0.0,204.0,448.0,246.0,35.0,220.0,6.0,4.0,0.0,0.0,0.0,0.0
2025/12/15,22:05:06,0,0.0,209.0,449.0,246.0,4.0,220.0,0.0,0.0,0.0,0.0,0.0,0.0
2025/12/15,22:05:11,0,0.0,195.0,445.0,246.0,34.0,221.0,6.0,4.0,0.0,0.0,0.0,0.0
2025/12/15,22:05:16,0,0.0,203.0,447.0,246.0,26.0,219.0,4.0,3.0,0.0,0.0,0.0,0.0
2025/12/15,22:05:21,0,0.0,216.0,449.0,247.0,9.0,219.0,2.0,0.0,0.0,0.0,0.0,0.0
2025/12/15,22:05:26,0,0.0,202.0,448.0,246.0,38.0,220.0,6.0,5.0,0.0,0.0,0.0,0.0
2025/12/15,22:05:31,0,0.0,208.0,448.0,245.0,6.0,221.0,1.0,0.0,0.0,0.0,0.0,0.0
2025/12/15,22:05:36,0,0.0,196.0,448.0,246.0,34.0,221.0,6.0,5.0,0.0,0.0,0.0,0.0
2025/12/15,22:05:41,0,0.0,205.0,450.0,246.0,7.0,220.0,0.0,0.0,0.0,0.0,0.0,0.0
2025/12/15,22:05:46,0,0.0,197.0,447.0,246.0,36.0,219.0,6.0,5.0,0.0,0.0,0.0,0.0
2025/12/15,22:05:51,0,0.0,211.0,449.0,246.0,6.0,218.0,1.0,0.0,0.0,0.0,0.0,0.0
2025/12/15,22:05:56,0,0.0,198.0,447.0,245.0,38.0,218.0,7.0,4.0,0.0,0.0,0.0,0.0
2025/12/15,22:06:01,0,0.0,199.0,449.0,247.0,31.0,220.0,6.0,4.0,0.0,0.0,0.0,0.0
2025/12/15,22:06:06,0,0.0,208.0,450.0,245.0,5.0,220.0,0.0,0.0,0.0,0.0,0.0,0.0
2025/12/15,22:06:11,0,0.0,215.0,449.0,247.0,9.0,219.0,1.0,0.0,0.0,0.0,0.0,0.0
2025/12/15,22:06:16,0,0.0,196.0,448.0,246.0,39.0,219.0,6.0,5.0,0.0,0.0,0.0,0.0
2025/12/15,22:06:21,0,0.0,202.0,447.0,246.0,27.0,219.0,4.0,3.0,0.0,0.0,0.0,0.0
2025/12/15,22:06:26,0,0.0,215.0,450.0,247.0,6.0,219.0,1.0,0.0,0.0,0.0,0.0,0.0
2025/12/15,22:06:31,0,0.0,203.0,447.0,246.0,30.0,220.0,5.0,4.0,0.0,0.0,0.0,0.0
2025/12/15,22:06:36,0,0.0,202.0,448.0,247.0,36.0,220.0,6.0,4.0,0.0,0.0,0.0,0.0
2025/12/15,22:06:41,0,0.0,203.0,448.0,246.0,22.0,220.0,4.0,2.0,0.0,0.0,0.0,0.0
2025/12/15,22:06:46,0,0.0,206.0,449.0,247.0,6.0,220.0,0.0,0.0,0.0,0.0,0.0,0.0
2025/12/15,22:06:51,0,0.0,213.0,446.0,246.0,7.0,220.0,0.0,0.0,0.0,0.0,0.0,0.0
2025/12/15,22:06:56,0,0.0,216.0,449.0,246.0,7.0,221.0,1.0,0.0,0.0,0.0,0.0,0.0
2025/12/15,22:07:01,0,0.0,218.0,450.0,244.0,10.0,219.0,2.0,0.0,0.0,0.0,0.0,0.0
2025/12/15,22:07:06,0,0.0,219.0,448.0,245.0,7.0,220.0,1.0,0.0,0.0,0.0,0.0,0.0
2025/12/15,22:07:11,0,0.0,212.0,449.0,244.0,8.0,219.0,1.0,1.0,0.0,0.0,0.0,0.0
2025/12/15,22:07:16,0,0.0,211.0,450.0,247.0,7.0,219.0,0.0,0.0,0.0,0.0,0.0,0.0
2025/12/15,22:07:21,0,0.0,213.0,448.0,247.0,5.0,219.0,0.0,0.0,0.0,0.0,0.0,0.0
2025/12/15,22:07:26,0,0.0,218.0,450.0,247.0,6.0,218.0,1.0,0.0,0.0,0.0,0.0,0.0
2025/12/15,22:07:31,0,0.0,220.0,450.0,244.0,10.0,220.0,1.0,0.0,0.0,0.0,0.0,0.0
2025/12/15,22:07:36,0,0.0,216.0,450.0,247.0,8.0,219.0,1.0,0.0,0.0,0.0,0.0,0.0
2025/12/15,22:07:41,0,0.0,207.0,449.0,246.0,9.0,220.0,0.0,0.0,0.0,0.0,0.0,0.0
2025/12/15,22:07:46,0,0.0,201.0,448.0,246.0,25.0,221.0,3.0,3.0,0.0,0.0,0.0,0.0
2025/12/15,22:07:51,0,0.0,204.0,449.0,247.0,35.0,219.0,6.0,5.0,0.0,0.0,0.0,0.0
2025/12/15,22:07:56,0,0.0,197.0,447.0,246.0,32.0,220.0,6.0,5.0,0.0,0.0,0.0,0.0
2025/12/15,22:08:01,0,0.0,217.0,449.0,246.0,10.0,219.0,2.0,1.0,0.0,0.0,0.0,0.0
2025/12/15,22:08:06,0,0.0,211.0,449.0,246.0,7.0,219.0,1.0,0.0,0.0,0.0,0.0,0.0
2025/12/15,22:08:11,0,0.0,200.0,446.0,246.0,33.0,221.0,5.0,4.0,0.0,0.0,0.0,0.0
2025/12/15,22:08:16,0,0.0,197.0,448.0,246.0,34.0,220.0,5.0,4.0,0.0,0.0,0.0,0.0
2025/12/15,22:08:21,0,0.0,212.0,448.0,245.0,5.0,220.0,1.0,0.0,0.0,0.0,0.0,0.0
2025/12/15,22:08:26,0,0.0,214.0,448.0,246.0,7.0,220.0,1.0,0.0,0.0,0.0,0.0,0.0
2025/12/15,22:08:31,0,0.0,208.0,447.0,245.0,27.0,219.0,5.0,2.0,0.0,0.0,0.0,0.0
2025/12/15,22:08:36,0,0.0,210.0,450.0,247.0,5.0,219.0,1.0,0.0,0.0,0.0,0.0,0.0
2025/12/15,22:08:41,0,0.0,204.0,448.0,248.0,36.0,220.0,5.0,4.0,0.0,0.0,0.0,0.0
2025/12/15,22:08:46,0,0.0,211.0,448.0,247.0,8.0,219.0,3.0,2.0,0.0,0.0,0.0,0.0
2025/12/15,22:08:51,0,0.0,206.0,449.0,246.0,8.0,220.0,0.0,0.0,0.0,0.0,0.0,0.0
2025/12/15,22:08:56,0,0.0,204.0,447.0,247.0,34.0,221.0,5.0,4.0,0.0,0.0,0.0,0.0
2025/12/15,22:09:01,0,0.0,208.0,446.0,246.0,18.0,219.0,4.0,2.0,0.0,0.0,0.0,0.0
2025/12/15,22:09:06,0,0.0,205.0,450.0,247.0,8.0,219.0,2.0,0.0,0.0,0.0,0.0,0.0
2025/12/15,22:09:11,0,0.0,198.0,447.0,247.0,37.0,221.0,6.0,4.0,0.0,0.0,0.0,0.0
2025/12/15,22:09:16,0,0.0,220.0,449.0,245.0,6.0,218.0,1.0,0.0,0.0,0.0,0.0,0.0
2025/12/15,22:09:21,0,0.0,202.0,448.0,244.0,26.0,221.0,4.0,3.0,0.0,0.0,0.0,0.0
2025/12/15,22:09:26,0,0.0,208.0,449.0,247.0,16.0,220.0,2.0,2.0,0.0,0.0,0.0,0.0
2025/12/15,22:09:31,0,0.0,202.0,448.0,246.0,23.0,219.0,4.0,3.0,0.0,0.0,0.0,0.0
2025/12/15,22:09:36,0,0.0,202.0,449.0,246.0,27.0,219.0,5.0,3.0,0.0,0.0,0.0,0.0
2025/12/15,22:09:41,0,0.0,206.0,449.0,247.0,7.0,220.0,0.0,0.0,0.0,0.0,0.0,0.0
2025/12/15,22:09:46,0,0.0,198.0,448.0,247.0,36.0,220.0,6.0,5.0,0.0,0.0,0.0,0.0
2025/12/15,22:09:51,0,0.0,219.0,449.0,246.0,4.0,220.0,0.0,0.0,0.0,0.0,0.0,0.0
2025/12/15,22:09:56,0,0.0,203.0,449.0,246.0,35.0,220.0,6.0,4.0,0.0,0.0,0.0,0.0
2025/12/15,22:10:01,0,0.0,220.0,449.0,246.0,7.0,220.0,1.0,1.0,0.0,0.0,0.0,0.0
2025/12/15,22:10:06,0,0.0,205.0,448.0,246.0,36.0,219.0,6.0,4.0,0.0,0.0,0.0,0.0
2025/12/15,22:10:11,0,0.0,212.0,449.0,246.0,7.0,220.0,0.0,0.0,0.0,0.0,0.0,0.0
2025/12/15,22:10:16,0,0.0,198.0,448.0,246.0,35.0,220.0,6.0,5.0,0.0,0.0,0.0,0.0
2025/12/15,22:10:21,0,0.0,203.0,449.0,247.0,7.0,221.0,1.0,1.0,0.0,0.0,0.0,0.0
2025/12/15,22:10:26,0,0.0,208.0,449.0,244.0,16.0,220.0,3.0,2.0,0.0,0.0,0.0,0.0
2025/12/15,22:10:31,0,0.0,199.0,448.0,246.0,35.0,220.0,5.0,4.0,0.0,0.0,0.0,0.0
2025/12/15,22:10:36,0,0.0,216.0,448.0,244.0,7.0,219.0,1.0,0.0,0.0,0.0,0.0,0.0
2025/12/15,22:10:41,0,0.0,204.0,448.0,244.0,36.0,220.0,6.0,4.0,0.0,0.0,0.0,0.0
2025/12/15,22:10:46,0,0.0,215.0,449.0,246.0,4.0,219.0,0.0,0.0,0.0,0.0,0.0,0.0
2025/12/15,22:10:51,0,0.0,199.0,448.0,245.0,35.0,219.0,6.0,4.0,0.0,0.0,0.0,0.0
2025/12/15,22:10:56,0,0.0,201.0,449.0,247.0,30.0,219.0,5.0,4.0,0.0,0.0,0.0,0.0
2025/12/15,22:11:01,0,0.0,219.0,449.0,247.0,8.0,220.0,1.0,0.0,0.0,0.0,0.0,0.0
2025/12/15,22:11:06,0,0.0,194.0,448.0,247.0,37.0,219.0,7.0,4.0,0.0,0.0,0.0,-0.0008
2025/12/15,22:11:11,0,0.0,204.0,447.0,244.0,34.0,219.0,6.0,4.0,0.0,0.0,0.0,0.0
2025/12/15,22:11:16,0,0.0,203.0,447.0,246.0,20.0,219.0,3.0,2.0,0.0,0.0,0.0,0.0
2025/12/15,22:11:21,0,0.0,209.0,447.0,246.0,7.0,220.0,0.0,0.0,0.0,0.0,0.0,0.0
2025/12/15,22:11:26,0,0.0,221.0,449.0,246.0,7.0,221.0,1.0,0.0,0.0,0.0,0.0,0.0
2025/12/15,22:11:31,0,0.0,206.0,449.0,246.0,22.0,220.0,3.0,2.0,0.0,0.0,0.0,0.0
2025/12/15,22:11:36,0,0.0,198.0,445.0,246.0,38.0,219.0,7.0,4.0,0.0,0.0,0.0,0.0
2025/12/15,22:11:41,0,0.0,204.0,449.0,247.0,33.0,220.0,6.0,4.0,0.0,0.0,0.0,0.0
2025/12/15,22:11:46,0,0.0,204.0,447.0,246.0,13.0,220.0,2.0,2.0,0.0,0.0,0.0,0.0
2025/12/15,22:11:51,0,0.0,216.0,448.0,245.0,5.0,220.0,1.0,0.0,0.0,0.0,0.0,0.0
2025/12/15,22:11:56,0,0.0,215.0,449.0,246.0,12.0,220.0,2.0,1.0,0.0,0.0,0.0,0.0
2025/12/15,22:12:01,0,0.0,196.0,447.0,246.0,41.0,219.0,6.0,5.0,0.0,0.0,0.0,0.0
2025/12/15,22:12:06,0,0.0,203.0,448.0,246.0,34.0,220.0,6.0,4.0,0.0,0.0,0.0,0.0
2025/12/15,22:12:11,0,0.0,202.0,447.0,247.0,28.0,221.0,4.0,4.0,0.0,0.0,0.0,0.0
2025/12/15,22:12:16,0,0.0,206.0,448.0,246.0,8.0,220.0,0.0,0.0,0.0,0.0,0.0,0.0
2025/12/15,22:12:21,0,0.0,221.0,449.0,244.0,7.0,219.0,2.0,1.0,0.0,0.0,0.0,0.0
2025/12/15,22:12:26,0,0.0,204.0,447.0,247.0,26.0,218.0,5.0,3.0,0.0,0.0,0.0,0.0
2025/12/15,22:12:31,0,0.0,195.0,447.0,246.0,38.0,218.0,7.0,5.0,0.0,0.0,0.0,0.0
2025/12/15,22:12:36,0,0.0,196.0,451.0,246.0,38.0,220.0,7.0,5.0,0.0,0.0,0.0,0.0
2025/12/15,22:12:41,0,0.0,203.0,448.0,246.0,34.0,221.0,6.0,5.0,0.0,0.0,0.0,0.0
2025/12/15,22:12:46,0,0.0,201.0,445.0,246.0,31.0,222.0,6.0,4.0,0.0,0.0,0.0,0.0
2025/12/15,22:12:51,0,0.0,211.0,449.0,245.0,5.0,221.0,0.0,0.0,0.0,0.0,0.0,0.0
2025/12/15,22:12:56,0,0.0,212.0,449.0,246.0,9.0,220.0,2.0,1.0,0.0,0.0,0.0,0.0
2025/12/15,22:13:01,0,0.0,195.0,448.0,246.0,35.0,220.0,6.0,4.0,0.0,0.0,0.0,0.0
2025/12/15,22:13:06,0,0.0,200.0,449.0,247.0,37.0,221.0,6.0,5.0,0.0,0.0,0.0,0.0
2025/12/15,22:13:11,0,0.0,199.0,448.0,244.0,32.0,220.0,5.0,4.0,0.0,0.0,0.0,0.0
2025/12/15,22:13:16,0,0.0,205.0,449.0,246.0,6.0,220.0,0.0,0.0,0.0,0.0,0.0,0.0
2025/12/15,22:14:08,0,0.0,222.0,450.0,245.0,0.0,221.0,0.0,0.0,0.0,0.0,0.0,0.0
2025/12/15,22:14:13,0,0.0,201.0,446.0,246.0,36.0,221.0,6.0,4.0,0.0,0.0,0.0,0.0
2025/12/15,22:14:18,0,0.0,202.0,448.0,246.0,30.0,220.0,5.0,4.0,0.0,0.0,0.0,0.0
2025/12/15,22:14:23,0,0.0,204.0,449.0,246.0,5.0,220.0,1.0,0.0,0.0,0.0,0.0,0.0
2025/12/15,22:14:28,0,0.0,220.0,449.0,246.0,8.0,221.0,1.0,0.0,0.0,0.0,0.0,0.0
2025/12/15,22:14:33,0,2.0,209.0,448.0,246.0,20.0,220.0,3.0,3.0,0.0,0.0,0.0,0.0
2025/12/15,22:14:38,0,0.0,199.0,447.0,244.0,37.0,219.0,7.0,4.0,0.0,0.0,0.0,0.0
2025/12/15,22:14:43,0,0.0,199.0,448.0,247.0,28.0,220.0,5.0,4.0,0.0,0.0,0.0,0.0
2025/12/15,22:14:48,0,0.0,207.0,449.0,246.0,5.0,221.0,0.0,0.0,0.0,0.0,0.0,0.0
2025/12/15,22:14:53,0,0.0,216.0,448.0,244.0,6.0,219.0,1.0,0.0,0.0,0.0,0.0,0.0
2025/12/15,22:14:58,0,0.0,210.0,447.0,246.0,18.0,220.0,3.0,2.0,0.0,0.0,0.0,0.0
2025/12/15,22:15:03,0,0.0,197.0,448.0,246.0,37.0,220.0,6.0,5.0,0.0,0.0,0.0,0.0
2025/12/15,22:15:08,0,0.0,202.0,446.0,246.0,37.0,220.0,6.0,5.0,0.0,0.0,0.0,0.0
2025/12/15,22:15:13,0,0.0,204.0,448.0,247.0,33.0,220.0,5.0,4.0,0.0,0.0,0.0,0.0
2025/12/15,22:15:18,0,0.0,202.0,448.0,247.0,25.0,220.0,4.0,3.0,0.0,0.0,0.0,0.0
2025/12/15,22:15:23,0,0.0,210.0,446.0,246.0,6.0,220.0,1.0,0.0,0.0,0.0,0.0,0.0
2025/12/15,22:15:28,0,0.0,217.0,449.0,245.0,11.0,219.0,2.0,0.0,0.0,0.0,0.0,0.0
2025/12/15,22:15:33,0,0.0,198.0,447.0,247.0,32.0,221.0,5.0,4.0,0.0,0.0,0.0,0.0
2025/12/15,22:15:38,0,0.0,204.0,448.0,244.0,36.0,220.0,6.0,4.0,0.0,0.0,0.0,0.0
2025/12/15,22:15:43,0,0.0,202.0,448.0,246.0,22.0,220.0,4.0,2.0,0.0,0.0,0.0,0.0
2025/12/15,22:15:48,0,0.0,212.0,449.0,246.0,6.0,218.0,1.0,0.0,0.0,0.0,0.0,0.0
2025/12/15,22:15:53,0,0.0,221.0,449.0,246.0,9.0,221.0,1.0,0.0,0.0,0.0,0.0,0.0
2025/12/15,22:15:58,0,0.0,220.0,449.0,247.0,12.0,220.0,2.0,1.0,0.0,0.0,0.0,0.0
2025/12/15,22:16:03,0,1.0,212.0,449.0,246.0,13.0,219.0,2.0,1.0,0.0,0.0,0.0,0.0
2025/12/15,22:16:08,0,0.0,197.0,447.0,246.0,36.0,220.0,7.0,5.0,0.0,0.0,0.0,0.0
2025/12/15,22:16:13,0,0.0,205.0,447.0,246.0,36.0,220.0,6.0,4.0,0.0,0.0,0.0,0.0
2025/12/15,22:16:18,0,1.0,204.0,449.0,246.0,22.0,219.0,4.0,2.0,0.0,0.0,0.0,0.0
2025/12/15,22:16:23,0,0.0,208.0,449.0,246.0,5.0,220.0,0.0,0.0,0.0,0.0,0.0,0.0
2025/12/15,22:16:28,0,0.0,223.0,450.0,247.0,8.0,220.0,1.0,0.0,0.0,0.0,0.0,0.0
2025/12/15,22:16:33,0,0.0,206.0,449.0,247.0,24.0,220.0,4.0,3.0,0.0,0.0,0.0,0.0
2025/12/15,22:16:38,0,0.0,199.0,447.0,245.0,36.0,220.0,6.0,5.0,0.0,0.0,0.0,0.0
2025/12/15,22:16:43,0,0.0,201.0,449.0,246.0,32.0,220.0,5.0,4.0,0.0,0.0,0.0,0.0
2025/12/15,22:16:48,0,0.0,205.0,449.0,246.0,5.0,219.0,1.0,0.0,0.0,0.0,0.0,0.0
2025/12/15,22:16:53,0,0.0,218.0,448.0,246.0,11.0,219.0,3.0,0.0,0.0,0.0,0.0,0.0
2025/12/15,22:16:58,0,0.0,194.0,448.0,247.0,35.0,220.0,6.0,4.0,0.0,0.0,0.0,0.0
2025/12/15,22:17:03,0,0.0,207.0,446.0,246.0,38.0,220.0,6.0,5.0,0.0,0.0,0.0,0.0
2025/12/15,22:17:08,0,0.0,198.0,448.0,246.0,32.0,219.0,6.0,4.0,0.0,0.0,0.0,0.0
2025/12/15,22:17:13,0,0.0,204.0,450.0,247.0,16.0,220.0,2.0,2.0,0.0,0.0,0.0,0.0
2025/12/15,22:17:18,0,0.0,214.0,449.0,246.0,5.0,221.0,1.0,0.0,0.0,0.0,0.0,0.0
2025/12/15,22:17:23,0,0.0,212.0,450.0,247.0,13.0,220.0,2.0,1.0,0.0,0.0,0.0,0.0
2025/12/15,22:17:28,0,0.0,196.0,448.0,246.0,38.0,220.0,6.0,4.0,0.0,0.0,0.0,0.0
2025/12/15,22:17:33,0,0.0,204.0,447.0,246.0,36.0,221.0,6.0,4.0,0.0,0.0,0.0,0.0
2025/12/15,22:17:38,0,1.0,207.0,448.0,246.0,7.0,220.0,0.0,0.0,0.0,0.0,0.0,0.0
2025/12/15,22:17:43,0,0.0,218.0,448.0,245.0,9.0,219.0,2.0,1.0,0.0,0.0,0.0,0.0
2025/12/15,22:17:48,0,0.0,197.0,448.0,247.0,36.0,221.0,6.0,4.0,0.0,0.0,0.0,0.0
2025/12/15,22:17:53,0,0.0,205.0,446.0,246.0,37.0,221.0,6.0,4.0,0.0,0.0,0.0,0.0
2025/12/15,22:17:58,0,0.0,202.0,448.0,245.0,18.0,219.0,3.0,2.0,0.0,0.0,0.0,0.0
2025/12/15,22:18:03,0,0.0,215.0,448.0,247.0,6.0,220.0,1.0,0.0,0.0,0.0,0.0,0.0
2025/12/15,22:18:08,0,0.0,209.0,449.0,246.0,20.0,221.0,4.0,2.0,0.0,0.0,0.0,0.0
2025/12/15,22:18:13,0,0.0,201.0,447.0,246.0,37.0,220.0,6.0,5.0,0.0,0.0,0.0,0.0
2025/12/15,22:18:18,0,0.0,207.0,444.0,246.0,9.0,221.0,0.0,0.0,0.0,0.0,0.0,0.0
2025/12/15,22:18:23,0,0.0,217.0,450.0,247.0,8.0,220.0,1.0,0.0,0.0,0.0,0.0,0.0
2025/12/15,22:18:28,0,0.0,199.0,445.0,246.0,41.0,220.0,6.0,5.0,0.0,0.0,0.0,0.0
2025/12/15,22:18:33,0,0.0,206.0,448.0,244.0,6.0,220.0,0.0,0.0,0.0,0.0,0.0,0.0
2025/12/15,22:18:38,0,0.0,206.0,446.0,246.0,22.0,221.0,4.0,3.0,0.0,0.0,0.0,0.0
2025/12/15,22:18:43,0,0.0,201.0,447.0,246.0,27.0,219.0,4.0,3.0,0.0,0.0,0.0,0.0
2025/12/15,22:18:48,0,0.0,217.0,448.0,245.0,13.0,220.0,2.0,0.0,0.0,0.0,0.0,0.0
2025/12/15,22:18:53,0,0.0,204.0,448.0,246.0,35.0,220.0,6.0,5.0,0.0,0.0,0.0,0.0
2025/12/15,22:18:58,0,0.0,214.0,449.0,245.0,6.0,220.0,0.0,0.0,0.0,0.0,0.0,0.0
2025/12/15,22:19:03,0,0.0,193.0,448.0,247.0,32.0,220.0,7.0,4.0,0.0,0.0,0.0,0.0
2025/12/15,22:19:08,0,0.0,204.0,449.0,246.0,17.0,221.0,2.0,1.0,0.0,0.0,0.0,0.0
2025/12/15,22:19:13,0,0.0,208.0,448.0,246.0,22.0,221.0,4.0,2.0,0.0,0.0,0.0,0.0
2025/12/15,22:19:18,0,0.0,203.0,448.0,246.0,27.0,220.0,4.0,3.0,0.0,0.0,0.0,0.0
2025/12/15,22:19:23,0,0.0,209.0,449.0,247.0,18.0,221.0,4.0,2.0,0.0,0.0,0.0,0.0
2025/12/15,22:19:28,0,0.0,202.0,447.0,247.0,32.0,221.0,5.0,4.0,0.0,0.0,0.0,0.0
2025/12/15,22:19:33,0,0.0,220.0,449.0,246.0,8.0,220.0,1.0,0.0,0.0,0.0,0.0,0.0
2025/12/15,22:19:38,0,0.0,196.0,447.0,246.0,41.0,219.0,7.0,5.0,0.0,0.0,0.0,0.0
2025/12/15,22:19:43,0,0.0,206.0,449.0,246.0,9.0,220.0,0.0,0.0,0.0,0.0,0.0,0.0
2025/12/15,22:19:48,0,0.0,203.0,448.0,246.0,22.0,220.0,4.0,2.0,0.0,0.0,0.0,-0.0008
2025/12/15,22:19:53,0,0.0,200.0,447.0,244.0,33.0,219.0,6.0,4.0,0.0,0.0,0.0,0.0
2025/12/15,22:19:58,0,0.0,215.0,449.0,246.0,7.0,220.0,1.0,0.0,0.0,0.0,0.0,0.0
2025/12/15,22:20:03,0,0.0,196.0,447.0,245.0,41.0,219.0,8.0,5.0,0.0,0.0,0.0,0.0
2025/12/15,22:20:08,0,0.0,204.0,449.0,246.0,17.0,220.0,2.0,2.0,0.0,0.0,0.0,0.0
2025/12/15,22:20:13,0,0.0,213.0,449.0,246.0,10.0,220.0,2.0,1.0,0.0,0.0,0.0,0.0
2025/12/15,22:20:18,0,0.0,204.0,447.0,245.0,37.0,219.0,7.0,4.0,0.0,0.0,0.0,0.0
2025/12/15,22:20:23,0,0.0,209.0,449.0,244.0,6.0,220.0,1.0,0.0,0.0,0.0,0.0,0.0
2025/12/15,22:20:28,0,0.0,196.0,448.0,246.0,37.0,221.0,6.0,5.0,0.0,0.0,0.0,0.0
2025/12/15,22:20:33,0,0.0,204.0,448.0,244.0,9.0,219.0,1.0,0.0,0.0,0.0,0.0,0.0
2025/12/15,22:20:38,0,0.0,197.0,448.0,244.0,33.0,219.0,7.0,5.0,0.0,0.0,0.0,0.0
2025/12/15,22:20:43,0,0.0,204.0,448.0,245.0,18.0,220.0,2.0,1.0,0.0,0.0,0.0,0.0
2025/12/15,22:20:48,0,1.0,213.0,447.0,246.0,11.0,221.0,2.0,1.0,0.0,0.0,0.0,0.0
2025/12/15,22:20:53,0,0.0,199.0,449.0,247.0,33.0,220.0,5.0,4.0,0.0,0.0,0.0,0.0
2025/12/15,22:20:58,0,0.0,223.0,449.0,247.0,9.0,220.0,2.0,1.0,0.0,0.0,0.0,0.0
2025/12/15,22:21:03,0,0.0,202.0,449.0,246.0,37.0,220.0,6.0,5.0,0.0,0.0,0.0,0.0
2025/12/15,22:21:08,0,0.0,210.0,449.0,246.0,6.0,219.0,1.0,0.0,0.0,0.0,0.0,0.0
2025/12/15,22:21:13,0,0.0,200.0,450.0,246.0,40.0,220.0,7.0,5.0,0.0,0.0,0.0,0.0
2025/12/15,22:21:18,0,0.0,209.0,447.0,246.0,7.0,220.0,0.0,0.0,0.0,0.0,0.0,0.0
2025/12/15,22:21:23,0,0.0,195.0,448.0,246.0,38.0,221.0,7.0,5.0,0.0,0.0,0.0,0.0
2025/12/15,22:21:28,0,0.0,213.0,450.0,246.0,7.0,220.0,1.0,0.0,0.0,0.0,0.0,0.0
2025/12/15,22:21:33,0,0.0,203.0,449.0,246.0,38.0,220.0,6.0,4.0,0.0,0.0,0.0,0.0
2025/12/15,22:21:38,0,3.0,215.0,448.0,245.0,8.0,220.0,2.0,1.0,0.0,0.0,0.0,0.0
2025/12/15,22:21:43,0,0.0,203.0,448.0,246.0,28.0,220.0,4.0,3.0,0.0,0.0,0.0,0.0
2025/12/15,22:21:48,0,0.0,214.0,449.0,246.0,15.0,219.0,3.0,1.0,0.0,0.0,0.0,0.0
2025/12/15,22:21:53,0,0.0,202.0,448.0,246.0,34.0,219.0,5.0,4.0,0.0,0.0,0.0,0.0
2025/12/15,22:21:58,0,0.0,220.0,449.0,246.0,8.0,221.0,1.0,0.0,0.0,0.0,0.0,0.0
2025/12/15,22:22:03,0,0.0,207.0,448.0,246.0,40.0,221.0,6.0,4.0,0.0,0.0,0.0,0.0
2025/12/15,22:22:08,0,0.0,216.0,450.0,247.0,6.0,220.0,0.0,0.0,0.0,0.0,0.0,0.0
2025/12/15,22:22:13,0,0.0,196.0,447.0,246.0,38.0,219.0,6.0,5.0,0.0,0.0,0.0,0.0
2025/12/15,22:22:18,0,0.0,207.0,450.0,246.0,7.0,220.0,1.0,0.0,0.0,0.0,0.0,0.0
2025/12/15,22:22:23,0,0.0,202.0,449.0,246.0,29.0,221.0,5.0,3.0,0.0,0.0,0.0,0.0
2025/12/15,22:22:28,0,0.0,198.0,451.0,246.0,37.0,219.0,6.0,4.0,0.0,0.0,0.0,0.0
2025/12/15,22:22:33,0,0.0,208.0,448.0,246.0,6.0,221.0,1.0,0.0,0.0,0.0,0.0,0.0
2025/12/15,22:22:38,0,0.0,211.0,449.0,245.0,13.0,219.0,4.0,1.0,0.0,0.0,0.0,0.0
2025/12/15,22:22:43,0,0.0,201.0,448.0,245.0,38.0,220.0,6.0,4.0,0.0,0.0,0.0,0.0
2025/12/15,22:22:48,0,0.0,204.0,449.0,245.0,19.0,220.0,2.0,2.0,0.0,0.0,0.0,0.0
2025/12/15,22:22:53,0,0.0,220.0,449.0,244.0,7.0,220.0,1.0,0.0,0.0,0.0,0.0,0.0
2025/12/15,22:22:58,0,0.0,199.0,447.0,246.0,38.0,221.0,7.0,4.0,0.0,0.0,0.0,0.0
2025/12/15,22:23:03,0,0.0,202.0,448.0,246.0,33.0,220.0,5.0,3.0,0.0,0.0,0.0,0.0
2025/12/15,22:23:08,0,0.0,222.0,447.0,246.0,8.0,221.0,2.0,1.0,0.0,0.0,0.0,0.0
2025/12/15,22:23:13,0,0.0,199.0,447.0,246.0,38.0,220.0,6.0,5.0,0.0,0.0,0.0,0.0
2025/12/15,22:23:18,0,1.0,203.0,448.0,245.0,9.0,220.0,0.0,0.0,0.0,0.0,0.0,0.0
2025/12/15,22:23:23,0,0.0,210.0,449.0,245.0,15.0,220.0,3.0,1.0,0.0,0.0,0.0,0.0
2025/12/15,22:23:28,0,0.0,205.0,447.0,246.0,38.0,218.0,6.0,4.0,0.0,0.0,0.0,0.0
2025/12/15,22:23:59,0,0.0,221.0,449.0,246.0,0.0,221.0,0.0,0.0,0.0,0.0,0.0,0.0
2025/12/15,22:24:02,0,0.0,204.0,448.0,246.0,33.0,220.0,5.0,4.0,0.0,0.0,0.0,0.0
2025/12/15,22:24:07,0,1.0,207.0,449.0,245.0,2.0,221.0,0.0,0.0,0.0,0.0,0.0,0.0
2025/12/15,22:24:12,0,0.0,215.0,449.0,246.0,9.0,220.0,1.0,1.0,0.0,0.0,0.0,0.0
2025/12/15,22:24:17,0,0.0,201.0,447.0,246.0,40.0,220.0,7.0,4.0,0.0,0.0,0.0,0.0
2025/12/15,22:24:22,0,0.0,202.0,447.0,247.0,23.0,220.0,3.0,2.0,0.0,0.0,0.0,0.0
2025/12/15,22:24:27,0,0.0,218.0,448.0,245.0,6.0,220.0,1.0,0.0,0.0,0.0,0.0,0.0
2025/12/15,22:24:32,0,0.0,212.0,449.0,246.0,21.0,219.0,4.0,2.0,0.0,0.0,0.0,0.0
2025/12/15,22:24:37,0,0.0,197.0,447.0,245.0,38.0,220.0,6.0,5.0,0.0,0.0,0.0,0.0
2025/12/15,22:24:42,0,0.0,199.0,447.0,246.0,38.0,220.0,6.0,5.0,0.0,0.0,0.0,0.0
2025/12/15,22:24:47,0,0.0,200.0,448.0,244.0,36.0,221.0,6.0,4.0,0.0,0.0,0.0,0.0
2025/12/15,22:24:52,0,0.0,200.0,448.0,245.0,37.0,221.0,7.0,5.0,0.0,0.0,0.0,0.0
2025/12/15,22:24:57,0,0.0,203.0,448.0,246.0,37.0,221.0,6.0,4.0,0.0,0.0,0.0,0.0
2025/12/15,22:25:02,0,0.0,203.0,448.0,246.0,21.0,220.0,3.0,2.0,0.0,0.0,0.0,0.0
2025/12/15,22:25:07,0,0.0,217.0,448.0,247.0,7.0,220.0,1.0,0.0,0.0,0.0,0.0,0.0
2025/12/15,22:25:12,0,0.0,200.0,448.0,246.0,37.0,220.0,7.0,4.0,0.0,0.0,0.0,0.0
2025/12/15,22:25:17,0,0.0,203.0,448.0,246.0,35.0,221.0,5.0,4.0,0.0,0.0,0.0,-0.0008
2025/12/15,22:25:22,0,0.0,204.0,450.0,246.0,8.0,219.0,1.0,0.0,0.0,0.0,0.0,0.0
2025/12/15,22:25:27,0,0.0,220.0,448.0,246.0,12.0,220.0,2.0,0.0,0.0,0.0,0.0,0.0
2025/12/15,22:25:32,0,0.0,209.0,448.0,244.0,22.0,219.0,5.0,2.0,0.0,0.0,0.0,0.0
2025/12/15,22:25:37,0,0.0,198.0,448.0,246.0,38.0,221.0,7.0,4.0,0.0,0.0,0.0,0.0
2025/12/15,22:25:42,0,0.0,199.0,448.0,246.0,34.0,220.0,5.0,4.0,0.0,0.0,0.0,0.0
2025/12/15,22:25:47,0,0.0,210.0,449.0,246.0,6.0,221.0,1.0,0.0,0.0,0.0,0.0,0.0
2025/12/15,22:25:52,0,0.0,212.0,449.0,246.0,17.0,221.0,2.0,1.0,0.0,0.0,0.0,0.0
2025/12/15,22:25:57,0,0.0,196.0,447.0,245.0,38.0,220.0,7.0,4.0,0.0,0.0,0.0,0.0
2025/12/15,22:26:02,0,0.0,201.0,448.0,247.0,30.0,220.0,4.0,3.0,0.0,0.0,0.0,0.0
2025/12/15,22:26:07,0,0.0,211.0,449.0,246.0,7.0,220.0,1.0,0.0,0.0,0.0,0.0,0.0
2025/12/15,22:26:12,0,0.0,211.0,449.0,246.0,17.0,221.0,3.0,2.0,0.0,0.0,0.0,0.0
2025/12/15,22:26:17,0,0.0,199.0,448.0,246.0,38.0,220.0,6.0,5.0,0.0,0.0,0.0,0.0
2025/12/15,22:26:22,0,0.0,204.0,447.0,245.0,30.0,220.0,5.0,3.0,0.0,0.0,0.0,0.0
2025/12/15,22:26:27,0,0.0,207.0,450.0,246.0,7.0,220.0,1.0,0.0,0.0,0.0,0.0,0.0
2025/12/15,22:26:32,0,0.0,223.0,448.0,248.0,10.0,220.0,2.0,0.0,0.0,0.0,0.0,0.0
2025/12/15,22:26:37,0,1.0,205.0,449.0,246.0,20.0,219.0,4.0,2.0,0.0,0.0,0.0,0.0
2025/12/15,22:26:42,0,0.0,197.0,447.0,244.0,38.0,220.0,6.0,4.0,0.0,0.0,0.0,0.0
2025/12/15,22:26:47,0,0.0,205.0,448.0,246.0,34.0,221.0,6.0,4.0,0.0,0.0,0.0,0.0
2025/12/15,22:26:52,0,0.0,204.0,449.0,247.0,21.0,221.0,3.0,2.0,0.0,0.0,0.0,0.0
2025/12/15,22:26:57,0,0.0,215.0,448.0,245.0,6.0,221.0,1.0,0.0,0.0,0.0,0.0,0.0
2025/12/15,22:27:02,0,0.0,213.0,449.0,246.0,15.0,220.0,3.0,1.0,0.0,0.0,0.0,0.0
2025/12/15,22:27:07,0,0.0,198.0,448.0,247.0,38.0,221.0,6.0,5.0,0.0,0.0,0.0,0.0
2025/12/15,22:27:12,0,0.0,206.0,448.0,246.0,37.0,222.0,6.0,4.0,0.0,0.0,0.0,0.0
2025/12/15,22:27:17,0,0.0,205.0,447.0,246.0,36.0,221.0,6.0,4.0,0.0,0.0,0.0,0.0
2025/12/15,22:27:22,0,0.0,201.0,448.0,247.0,34.0,220.0,6.0,4.0,0.0,0.0,0.0,0.0
2025/12/15,22:27:27,0,0.0,203.0,448.0,244.0,12.0,220.0,2.0,1.0,0.0,0.0,0.0,0.0
2025/12/15,22:27:32,0,0.0,220.0,449.0,246.0,8.0,219.0,1.0,0.0,0.0,0.0,0.0,0.0
2025/12/15,22:27:37,0,0.0,211.0,448.0,246.0,15.0,221.0,2.0,1.0,0.0,0.0,0.0,0.0
2025/12/15,22:27:42,0,0.0,209.0,448.0,246.0,20.0,219.0,3.0,2.0,0.0,0.0,0.0,0.0
2025/12/15,22:27:47,0,0.0,205.0,449.0,246.0,23.0,222.0,4.0,3.0,0.0,0.0,0.0,0.0
2025/12/15,22:27:52,0,0.0,198.0,447.0,246.0,36.0,219.0,7.0,5.0,0.0,0.0,0.0,0.0
2025/12/15,22:27:57,0,0.0,203.0,448.0,246.0,38.0,219.0,7.0,5.0,0.0,0.0,0.0,0.0
2025/12/15,22:28:02,0,0.0,203.0,448.0,244.0,26.0,219.0,4.0,2.0,0.0,0.0,0.0,0.0
2025/12/15,22:28:07,0,0.0,206.0,449.0,246.0,5.0,222.0,1.0,0.0,0.0,0.0,0.0,0.0
2025/12/15,22:28:12,0,0.0,203.0,448.0,246.0,11.0,220.0,1.0,0.0,0.0,0.0,0.0,0.0
2025/12/15,22:28:17,0,0.0,205.0,449.0,246.0,9.0,220.0,0.0,0.0,0.0,0.0,0.0,0.0
2025/12/15,22:28:22,0,0.0,205.0,448.0,246.0,26.0,220.0,3.0,3.0,0.0,0.0,0.0,0.0
2025/12/15,22:28:27,0,0.0,206.0,447.0,246.0,33.0,220.0,6.0,4.0,0.0,0.0,0.0,0.0
2025/12/15,22:28:32,0,0.0,200.0,448.0,246.0,36.0,219.0,7.0,5.0,0.0,0.0,0.0,0.0
2025/12/15,22:28:37,0,0.0,194.0,448.0,245.0,34.0,220.0,5.0,5.0,0.0,0.0,0.0,0.0
2025/12/15,22:28:42,0,0.0,207.0,448.0,245.0,22.0,220.0,4.0,2.0,0.0,0.0,0.0,0.0
2025/12/15,22:28:47,0,0.0,219.0,448.0,247.0,10.0,217.0,1.0,0.0,0.0,0.0,0.0,0.0
2025/12/15,22:28:52,0,0.0,217.0,449.0,246.0,11.0,220.0,2.0,0.0,0.0,0.0,0.0,0.0
2025/12/15,22:28:57,0,0.0,209.0,449.0,247.0,7.0,220.0,1.0,0.0,0.0,0.0,0.0,0.0
2025/12/15,22:29:02,0,0.0,212.0,450.0,244.0,9.0,219.0,2.0,0.0,0.0,0.0,0.0,0.0
2025/12/15,22:29:07,0,0.0,209.0,448.0,246.0,9.0,221.0,1.0,0.0,0.0,0.0,0.0,0.0
2025/12/15,22:29:12,0,0.0,203.0,449.0,245.0,11.0,220.0,1.0,0.0,0.0,0.0,0.0,0.0
2025/12/15,22:29:17,0,0.0,204.0,449.0,246.0,14.0,219.0,2.0,0.0,0.0,0.0,0.0,0.0
2025/12/15,22:29:22,0,0.0,204.0,450.0,246.0,12.0,220.0,1.0,1.0,0.0,0.0,0.0,0.0
2025/12/15,22:29:27,0,0.0,203.0,448.0,246.0,24.0,221.0,4.0,2.0,0.0,0.0,0.0,0.0
2025/12/15,22:29:32,0,0.0,200.0,447.0,247.0,34.0,220.0,6.0,4.0,0.0,0.0,0.0,0.0
2025/12/15,22:29:37,0,0.0,199.0,447.0,247.0,36.0,220.0,6.0,5.0,0.0,0.0,0.0,0.0
2025/12/15,22:29:42,0,0.0,204.0,449.0,246.0,29.0,221.0,5.0,3.0,0.0,0.0,0.0,0.0
2025/12/15,22:29:47,0,0.0,217.0,449.0,246.0,8.0,224.0,2.0,0.0,0.0,0.0,0.0,0.0
2025/12/15,22:29:52,0,0.0,214.0,449.0,246.0,9.0,220.0,0.0,0.0,0.0,0.0,0.0,0.0
2025/12/15,22:29:57,0,0.0,205.0,449.0,246.0,7.0,221.0,1.0,0.0,0.0,0.0,0.0,0.0
2025/12/15,22:30:02,0,0.0,204.0,449.0,246.0,26.0,221.0,3.0,2.0,0.0,0.0,0.0,0.0
2025/12/15,22:30:07,0,0.0,202.0,449.0,246.0,30.0,221.0,5.0,4.0,0.0,0.0,0.0,0.0
2025/12/15,22:30:12,0,0.0,201.0,448.0,244.0,34.0,220.0,6.0,4.0,0.0,0.0,0.0,0.0
2025/12/15,22:30:17,0,1.0,203.0,445.0,246.0,36.0,220.0,6.0,4.0,0.0,0.0,0.0,0.0
2025/12/15,22:30:22,0,0.0,202.0,448.0,245.0,35.0,220.0,5.0,5.0,0.0,0.0,0.0,0.0
2025/12/15,22:30:27,0,0.0,195.0,448.0,246.0,38.0,221.0,7.0,5.0,0.0,0.0,0.0,0.0
2025/12/15,22:30:32,0,0.0,196.0,448.0,246.0,35.0,221.0,7.0,5.0,0.0,0.0,0.0,0.0
2025/12/15,22:30:37,0,0.0,198.0,448.0,245.0,37.0,220.0,8.0,4.0,0.0,0.0,0.0,0.0
2025/12/15,22:30:42,0,0.0,202.0,448.0,245.0,30.0,220.0,5.0,5.0,0.0,0.0,0.0,0.0
2025/12/15,22:30:47,0,0.0,201.0,448.0,246.0,32.0,221.0,6.0,4.0,0.0,0.0,0.0,0.0
2025/12/15,22:30:52,0,0.0,198.0,448.0,246.0,33.0,221.0,6.0,4.0,0.0,0.0,0.0,0.0
2025/12/15,22:30:57,0,0.0,197.0,448.0,246.0,36.0,221.0,6.0,5.0,0.0,0.0,0.0,0.0
2025/12/15,22:31:02,0,0.0,202.0,449.0,247.0,36.0,221.0,6.0,5.0,0.0,0.0,0.0,0.0
2025/12/15,22:31:07,0,0.0,206.0,447.0,246.0,33.0,221.0,6.0,4.0,0.0,0.0,0.0,0.0
2025/12/15,22:31:12,0,0.0,199.0,448.0,246.0,33.0,219.0,6.0,4.0,0.0,0.0,0.0,0.0
2025/12/15,22:31:17,0,0.0,204.0,449.0,245.0,8.0,221.0,1.0,1.0,0.0,0.0,0.0,0.0
2025/12/15,22:31:22,0,0.0,219.0,450.0,244.0,11.0,219.0,2.0,0.0,-0.0008,0.0,0.0,0.0
2025/12/15,22:31:27,0,0.0,203.0,449.0,245.0,28.0,220.0,4.0,3.0,0.0,0.0,0.0,0.0
2025/12/15,22:31:32,0,0.0,198.0,448.0,246.0,39.0,221.0,7.0,5.0,0.0,0.0,0.0,0.0
2025/12/15,22:31:37,0,0.0,205.0,448.0,246.0,32.0,220.0,6.0,5.0,0.0,0.0,0.0,0.0
2025/12/15,22:31:42,0,0.0,203.0,449.0,246.0,28.0,221.0,4.0,3.0,0.0,0.0,0.0,0.0
2025/12/15,22:31:47,0,0.0,209.0,447.0,246.0,8.0,221.0,1.0,0.0,0.0,0.0,0.0,0.0
2025/12/15,22:31:52,0,0.0,221.0,446.0,246.0,13.0,219.0,3.0,0.0,0.0,0.0,0.0,0.0
2025/12/15,22:31:57,0,0.0,206.0,449.0,246.0,21.0,220.0,4.0,3.0,0.0,0.0,0.0,0.0
2025/12/15,22:32:02,0,0.0,199.0,448.0,246.0,41.0,220.0,6.0,5.0,0.0,0.0,0.0,0.0
2025/12/15,22:32:07,0,0.0,200.0,448.0,245.0,34.0,220.0,5.0,4.0,0.0,0.0,0.0,0.0
2025/12/15,22:32:12,0,0.0,207.0,449.0,246.0,7.0,221.0,1.0,0.0,0.0,0.0,0.0,0.0
2025/12/15,22:32:17,0,0.0,216.0,449.0,246.0,12.0,220.0,2.0,0.0,0.0,0.0,0.0,0.0
2025/12/15,22:32:22,0,0.0,200.0,449.0,246.0,33.0,221.0,6.0,4.0,0.0,0.0,0.0,0.0
2025/12/15,22:32:27,0,0.0,202.0,448.0,246.0,38.0,221.0,6.0,5.0,0.0,0.0,0.0,0.0
2025/12/15,22:32:32,0,0.0,203.0,449.0,246.0,20.0,220.0,3.0,2.0,0.0,0.0,0.0,0.0
2025/12/15,22:32:37,0,0.0,217.0,449.0,246.0,6.0,221.0,1.0,0.0,0.0,0.0,0.0,0.0
2025/12/15,22:32:42,0,0.0,211.0,449.0,246.0,20.0,219.0,4.0,1.0,0.0,0.0,0.0,0.0
2025/12/15,22:32:47,0,0.0,202.0,448.0,246.0,40.0,221.0,7.0,5.0,0.0,0.0,0.0,0.0
2025/12/15,22:32:52,0,0.0,203.0,447.0,246.0,23.0,221.0,3.0,2.0,0.0,0.0,0.0,0.0
2025/12/15,22:32:57,0,0.0,214.0,450.0,247.0,6.0,220.0,1.0,0.0,0.0,0.0,0.0,0.0
2025/12/15,22:33:02,0,0.0,212.0,448.0,246.0,18.0,220.0,3.0,1.0,0.0,0.0,0.0,0.0
2025/12/15,22:33:07,0,0.0,198.0,449.0,246.0,38.0,221.0,6.0,5.0,0.0,0.0,0.0,0.0
2025/12/15,22:33:12,0,0.0,199.0,449.0,246.0,33.0,221.0,5.0,4.0,0.0,0.0,0.0,0.0
2025/12/15,22:33:17,0,0.0,204.0,449.0,246.0,3.0,220.0,1.0,0.0,0.0,0.0,0.0,0.0
2025/12/15,22:33:22,0,0.0,217.0,447.0,246.0,10.0,220.0,2.0,0.0,0.0,0.0,0.0,0.0
2025/12/15,22:33:27,0,0.0,204.0,448.0,244.0,23.0,220.0,4.0,3.0,0.0,0.0,0.0,0.0
2025/12/15,22:33:32,0,0.0,198.0,448.0,246.0,40.0,221.0,7.0,5.0,0.0,0.0,0.0,0.0
2025/12/15,22:33:37,0,0.0,202.0,449.0,246.0,26.0,220.0,3.0,3.0,0.0,0.0,0.0,0.0
2025/12/15,22:34:16,0,0.0,202.0,449.0,245.0,19.0,220.0,4.0,2.0,0.0,0.0,0.0,0.0
2025/12/15,22:34:21,0,0.0,219.0,449.0,246.0,8.0,220.0,2.0,0.0,0.0,0.0,0.0,0.0
2025/12/15,22:34:26,0,0.0,199.0,447.0,244.0,39.0,218.0,7.0,4.0,0.0,0.0,0.0,0.0
2025/12/15,22:34:31,0,0.0,206.0,449.0,247.0,6.0,220.0,0.0,0.0,0.0,0.0,0.0,0.0
2025/12/15,22:34:36,0,0.0,215.0,449.0,244.0,12.0,220.0,2.0,1.0,0.0,0.0,0.0,0.0
2025/12/15,22:34:41,0,0.0,201.0,447.0,245.0,39.0,220.0,7.0,4.0,0.0,0.0,0.0,0.0
2025/12/15,22:34:46,0,0.0,204.0,450.0,245.0,16.0,220.0,2.0,2.0,0.0,0.0,0.0,0.0
2025/12/15,22:34:51,0,0.0,214.0,448.0,246.0,9.0,221.0,1.0,0.0,0.0,0.0,0.0,0.0
2025/12/15,22:34:56,0,0.0,201.0,448.0,246.0,28.0,220.0,5.0,3.0,0.0,0.0,0.0,0.0
2025/12/15,22:35:01,0,0.0,200.0,448.0,246.0,37.0,219.0,6.0,5.0,0.0,0.0,0.0,0.0
2025/12/15,22:35:06,0,0.0,214.0,449.0,245.0,7.0,220.0,1.0,0.0,0.0,0.0,0.0,0.0
2025/12/15,22:35:11,0,0.0,195.0,448.0,246.0,40.0,221.0,7.0,4.0,0.0,0.0,0.0,0.0
2025/12/15,22:35:16,0,0.0,205.0,449.0,247.0,16.0,221.0,2.0,2.0,0.0,0.0,0.0,0.0
2025/12/15,22:35:21,0,0.0,210.0,446.0,246.0,19.0,221.0,2.0,2.0,0.0,0.0,0.0,0.0
2025/12/15,22:35:26,0,0.0,201.0,449.0,246.0,30.0,221.0,4.0,3.0,0.0,0.0,0.0,-0.0008
2025/12/15,22:35:31,0,0.0,209.0,449.0,245.0,22.0,219.0,5.0,2.0,0.0,0.0,0.0,0.0
2025/12/15,22:35:36,0,0.0,206.0,450.0,246.0,9.0,220.0,1.0,0.0,0.0,0.0,0.0,0.0
2025/12/15,22:35:41,0,0.0,199.0,448.0,246.0,40.0,219.0,7.0,5.0,0.0,0.0,0.0,0.0
2025/12/15,22:35:46,0,0.0,218.0,449.0,246.0,8.0,221.0,1.0,0.0,0.0,0.0,0.0,0.0
2025/12/15,22:35:51,0,0.0,203.0,448.0,246.0,38.0,221.0,7.0,4.0,0.0,0.0,0.0,0.0
2025/12/15,22:35:56,0,0.0,215.0,449.0,246.0,12.0,220.0,1.0,1.0,0.0,0.0,0.0,0.0
2025/12/15,22:36:01,0,0.0,203.0,448.0,245.0,22.0,220.0,3.0,2.0,0.0,0.0,0.0,0.0
2025/12/15,22:36:06,0,0.0,195.0,447.0,246.0,36.0,221.0,7.0,5.0,0.0,0.0,0.0,0.0
2025/12/15,22:36:11,0,0.0,207.0,450.0,246.0,8.0,219.0,1.0,0.0,0.0,0.0,0.0,0.0
2025/12/15,22:36:16,0,0.0,198.0,447.0,247.0,40.0,219.0,8.0,4.0,0.0,0.0,0.0,0.0
2025/12/15,22:36:21,0,0.0,211.0,450.0,244.0,7.0,219.0,1.0,0.0,0.0,0.0,0.0,0.0
2025/12/15,22:36:26,0,0.0,201.0,448.0,246.0,39.0,220.0,7.0,5.0,0.0,0.0,0.0,0.0
2025/12/15,22:36:31,0,0.0,216.0,449.0,246.0,8.0,220.0,1.0,0.0,0.0,0.0,0.0,0.0
2025/12/15,22:36:36,0,0.0,204.0,447.0,247.0,38.0,220.0,6.0,4.0,0.0,0.0,0.0,0.0
2025/12/15,22:36:41,0,0.0,213.0,449.0,246.0,12.0,220.0,2.0,1.0,0.0,0.0,0.0,0.0
2025/12/15,22:36:46,0,0.0,205.0,448.0,245.0,20.0,219.0,2.0,2.0,0.0,0.0,0.0,0.0
2025/12/15,22:36:51,0,0.0,205.0,449.0,245.0,25.0,219.0,4.0,3.0,0.0,0.0,0.0,0.0
2025/12/15,22:36:56,0,0.0,205.0,449.0,246.0,23.0,220.0,3.0,3.0,0.0,0.0,0.0,0.0
2025/12/15,22:37:01,0,0.0,212.0,450.0,246.0,16.0,221.0,2.0,1.0,0.0,0.0,0.0,0.0
2025/12/15,22:37:06,0,0.0,197.0,445.0,246.0,34.0,220.0,6.0,4.0,0.0,0.0,0.0,0.0
2025/12/15,22:37:11,0,0.0,221.0,448.0,246.0,11.0,221.0,2.0,0.0,0.0,0.0,0.0,0.0
2025/12/15,22:37:16,0,0.0,205.0,448.0,246.0,37.0,219.0,6.0,4.0,0.0,0.0,0.0,0.0
2025/12/15,22:37:21,0,0.0,222.0,449.0,246.0,9.0,221.0,1.0,1.0,0.0,0.0,0.0,0.0
2025/12/15,22:37:26,0,0.0,204.0,447.0,246.0,39.0,219.0,7.0,5.0,0.0,0.0,0.0,0.0
2025/12/15,22:37:31,0,0.0,209.0,450.0,246.0,7.0,220.0,0.0,0.0,0.0,0.0,0.0,0.0
2025/12/15,22:37:36,0,0.0,196.0,448.0,246.0,34.0,219.0,7.0,4.0,0.0,0.0,0.0,0.0
2025/12/15,22:37:41,0,0.0,202.0,448.0,246.0,28.0,220.0,4.0,3.0,0.0,0.0,0.0,0.0
2025/12/15,22:37:46,0,0.0,210.0,448.0,245.0,10.0,220.0,2.0,1.0,0.0,0.0,0.0,0.0
2025/12/15,22:37:51,0,0.0,206.0,448.0,246.0,38.0,220.0,6.0,4.0,0.0,0.0,0.0,0.0
2025/12/15,22:37:56,0,0.0,215.0,449.0,246.0,6.0,221.0,1.0,0.0,0.0,0.0,0.0,0.0
2025/12/15,22:38:01,0,0.0,201.0,448.0,248.0,41.0,219.0,8.0,4.0,0.0,0.0,0.0,0.0
2025/12/15,22:38:06,0,0.0,210.0,450.0,246.0,7.0,220.0,1.0,0.0,0.0,0.0,0.0,0.0
2025/12/15,22:38:11,0,0.0,196.0,447.0,244.0,38.0,220.0,7.0,4.0,0.0,0.0,0.0,0.0
2025/12/15,22:38:16,0,0.0,204.0,448.0,244.0,17.0,221.0,2.0,1.0,0.0,0.0,0.0,0.0
2025/12/15,22:38:21,0,0.0,207.0,449.0,244.0,18.0,220.0,2.0,2.0,0.0,0.0,0.0,0.0
2025/12/15,22:38:26,0,0.0,201.0,447.0,246.0,39.0,219.0,7.0,4.0,0.0,0.0,0.0,0.0
2025/12/15,22:38:31,0,0.0,200.0,449.0,246.0,34.0,220.0,6.0,5.0,0.0,0.0,0.0,0.0
2025/12/15,22:38:36,0,0.0,203.0,448.0,246.0,27.0,221.0,4.0,3.0,0.0,0.0,0.0,0.0
2025/12/15,22:38:41,0,0.0,209.0,449.0,246.0,7.0,220.0,1.0,0.0,0.0,0.0,0.0,0.0
2025/12/15,22:38:46,0,0.0,212.0,449.0,246.0,20.0,219.0,4.0,2.0,0.0,0.0,0.0,0.0
2025/12/15,22:38:51,0,0.0,205.0,448.0,246.0,38.0,221.0,6.0,4.0,0.0,0.0,0.0,0.0
2025/12/15,22:38:56,0,0.0,209.0,450.0,247.0,6.0,220.0,1.0,0.0,0.0,0.0,0.0,0.0
2025/12/15,22:39:01,0,0.0,194.0,447.0,246.0,40.0,220.0,7.0,5.0,0.0,0.0,0.0,0.0
2025/12/15,22:39:06,0,0.0,204.0,446.0,245.0,13.0,220.0,1.0,1.0,0.0,0.0,0.0,0.0
2025/12/15,22:39:11,0,0.0,216.0,449.0,245.0,10.0,220.0,2.0,1.0,0.0,0.0,0.0,0.0
2025/12/15,22:39:16,0,0.0,209.0,448.0,244.0,24.0,219.0,5.0,2.0,0.0,0.0,0.0,0.0
2025/12/15,22:39:21,0,0.0,195.0,447.0,246.0,38.0,220.0,6.0,5.0,0.0,0.0,0.0,0.0
2025/12/15,22:39:26,0,0.0,197.0,447.0,246.0,34.0,219.0,7.0,4.0,0.0,0.0,0.0,0.0
2025/12/15,22:39:31,0,0.0,210.0,449.0,246.0,8.0,220.0,0.0,0.0,0.0,0.0,0.0,0.0
2025/12/15,22:39:36,0,0.0,205.0,448.0,244.0,21.0,219.0,4.0,3.0,0.0,0.0,0.0,0.0
2025/12/15,22:39:41,0,0.0,203.0,449.0,246.0,36.0,221.0,6.0,4.0,0.0,0.0,0.0,0.0
2025/12/15,22:39:46,0,0.0,211.0,449.0,246.0,6.0,219.0,1.0,0.0,0.0,0.0,0.0,0.0
2025/12/15,22:39:51,0,0.0,204.0,447.0,246.0,31.0,219.0,6.0,4.0,0.0,0.0,0.0,0.0
2025/12/15,22:39:56,0,0.0,197.0,447.0,246.0,36.0,220.0,6.0,4.0,0.0,0.0,0.0,0.0
2025/12/15,22:40:01,0,0.0,215.0,446.0,246.0,9.0,221.0,1.0,0.0,0.0,0.0,0.0,0.0
2025/12/15,22:40:06,0,0.0,196.0,447.0,245.0,41.0,220.0,7.0,4.0,0.0,0.0,0.0,0.0
2025/12/15,22:40:11,0,0.0,205.0,449.0,246.0,8.0,220.0,1.0,0.0,0.0,0.0,0.0,0.0
2025/12/15,22:40:16,0,0.0,206.0,449.0,246.0,24.0,220.0,5.0,3.0,0.0,0.0,0.0,0.0
2025/12/15,22:40:21,0,0.0,203.0,449.0,246.0,30.0,221.0,3.0,3.0,0.0,0.0,0.0,0.0
2025/12/15,22:40:26,0,0.0,210.0,448.0,246.0,15.0,219.0,3.0,1.0,0.0,0.0,0.0,0.0
2025/12/15,22:40:31,0,0.0,200.0,448.0,246.0,34.0,219.0,6.0,4.0,0.0,0.0,0.0,0.0
2025/12/15,22:40:36,0,0.0,217.0,449.0,246.0,9.0,220.0,1.0,1.0,0.0,0.0,0.0,0.0
2025/12/15,22:40:41,0,0.0,202.0,448.0,245.0,41.0,221.0,7.0,4.0,0.0,0.0,0.0,0.0
2025/12/15,22:40:46,0,0.0,208.0,449.0,245.0,8.0,221.0,1.0,0.0,0.0,0.0,0.0,0.0
2025/12/15,22:40:51,0,2.0,197.0,447.0,246.0,37.0,220.0,7.0,5.0,0.0,0.0,0.0,0.0
2025/12/15,22:40:56,0,1.0,205.0,449.0,246.0,15.0,219.0,2.0,1.0,0.0,0.0,0.0,0.0
2025/12/15,22:41:01,0,0.0,197.0,447.0,246.0,39.0,220.0,7.0,5.0,0.0,0.0,0.0,0.0
2025/12/15,22:41:06,0,0.0,212.0,448.0,244.0,8.0,219.0,1.0,0.0,0.0,0.0,0.0,0.0
2025/12/15,22:41:11,0,0.0,204.0,448.0,246.0,39.0,219.0,7.0,4.0,0.0,0.0,0.0,0.0
2025/12/15,22:41:16,0,0.0,214.0,449.0,246.0,14.0,220.0,2.0,2.0,0.0,0.0,0.0,0.0
2025/12/15,22:41:21,0,0.0,205.0,449.0,245.0,14.0,221.0,0.0,0.0,0.0,0.0,0.0,0.0
2025/12/15,22:41:26,0,0.0,198.0,447.0,245.0,39.0,220.0,7.0,5.0,0.0,0.0,0.0,0.0
2025/12/15,22:41:31,0,0.0,213.0,449.0,246.0,8.0,220.0,1.0,0.0,0.0,0.0,0.0,0.0
2025/12/15,22:41:36,0,0.0,201.0,447.0,246.0,39.0,221.0,7.0,4.0,0.0,0.0,0.0,0.0
2025/12/15,22:41:41,0,0.0,202.0,448.0,245.0,28.0,221.0,5.0,3.0,0.0,0.0,0.0,0.0
2025/12/15,22:41:46,0,0.0,212.0,447.0,246.0,9.0,221.0,1.0,0.0,0.0,0.0,0.0,0.0
2025/12/15,22:41:51,0,0.0,202.0,447.0,246.0,38.0,220.0,7.0,4.0,0.0,0.0,0.0,0.0
2025/12/15,22:41:56,0,0.0,222.0,449.0,245.0,8.0,220.0,1.0,0.0,0.0,0.0,0.0,0.0
2025/12/15,22:42:01,0,0.0,204.0,448.0,245.0,38.0,221.0,6.0,4.0,0.0,0.0,0.0,0.0
2025/12/15,22:42:06,0,0.0,220.0,449.0,246.0,11.0,221.0,1.0,0.0,0.0,0.0,0.0,0.0
2025/12/15,22:42:11,0,0.0,204.0,448.0,246.0,39.0,220.0,6.0,4.0,0.0,0.0,0.0,0.0
2025/12/15,22:42:16,0,0.0,213.0,450.0,246.0,8.0,219.0,1.0,0.0,0.0,0.0,0.0,0.0
2025/12/15,22:42:21,0,0.0,196.0,448.0,246.0,36.0,220.0,8.0,5.0,0.0,0.0,0.0,0.0
2025/12/15,22:42:26,0,0.0,205.0,449.0,245.0,8.0,220.0,1.0,0.0,0.0,0.0,0.0,0.0
2025/12/15,22:42:31,0,0.0,194.0,448.0,245.0,37.0,219.0,7.0,5.0,0.0,0.0,0.0,0.0
2025/12/15,22:42:36,0,0.0,206.0,449.0,246.0,17.0,221.0,2.0,2.0,0.0,0.0,0.0,0.0
2025/12/15,22:42:41,0,0.0,215.0,447.0,246.0,12.0,220.0,1.0,1.0,0.0,0.0,0.0,0.0
2025/12/15,22:42:46,0,0.0,199.0,449.0,245.0,38.0,219.0,8.0,4.0,0.0,0.0,0.0,0.0
2025/12/15,22:42:51,0,0.0,202.0,447.0,246.0,38.0,220.0,7.0,4.0,0.0,0.0,0.0,0.0
2025/12/15,22:42:56,0,0.0,202.0,449.0,246.0,24.0,221.0,4.0,3.0,0.0,0.0,0.0,0.0
2025/12/15,22:43:01,0,0.0,215.0,447.0,246.0,8.0,221.0,1.0,0.0,0.0,0.0,0.0,0.0
2025/12/15,22:43:06,0,0.0,200.0,448.0,245.0,35.0,220.0,7.0,4.0,0.0,0.0,0.0,0.0
2025/12/15,22:43:11,0,0.0,202.0,447.0,246.0,35.0,221.0,5.0,5.0,0.0,0.0,0.0,0.0
2025/12/15,22:43:16,0,0.0,213.0,449.0,244.0,7.0,219.0,1.0,0.0,0.0,0.0,0.0,0.0
2025/12/15,22:43:21,0,0.0,201.0,448.0,246.0,34.0,221.0,7.0,4.0,0.0,0.0,0.0,0.0
2025/12/15,22:43:26,0,0.0,199.0,448.0,242.0,36.0,220.0,6.0,4.0,0.0,0.0,0.0,0.0
2025/12/15,22:43:31,0,0.0,214.0,449.0,246.0,8.0,220.0,0.0,0.0,0.0,0.0,0.0,0.0
2025/12/15,22:43:36,0,0.0,203.0,448.0,245.0,27.0,220.0,4.0,2.0,0.0,0.0,0.0,0.0
2025/12/15,22:43:41,0,0.0,205.0,449.0,246.0,37.0,221.0,5.0,4.0,0.0,0.0,0.0,0.0
2025/12/15,22:43:46,0,0.0,207.0,449.0,246.0,9.0,220.0,0.0,0.0,0.0,0.0,0.0,0.0
2025/12/15,22:44:16,0,0.0,208.0,449.0,246.0,14.0,221.0,3.0,1.0,0.0,0.0,0.0,0.0
2025/12/15,22:44:20,0,0.0,203.0,448.0,246.0,35.0,220.0,5.0,4.0,0.0,0.0,0.0,0.0
2025/12/15,22:44:25,0,0.0,208.0,450.0,244.0,7.0,220.0,1.0,0.0,0.0,0.0,0.0,0.0
2025/12/15,22:44:30,0,0.0,195.0,448.0,245.0,39.0,220.0,7.0,5.0,0.0,0.0,0.0,0.0
2025/12/15,22:44:35,0,0.0,202.0,449.0,246.0,17.0,220.0,2.0,2.0,0.0,0.0,0.0,0.0
2025/12/15,22:44:40,0,0.0,211.0,449.0,246.0,16.0,219.0,2.0,2.0,0.0,0.0,0.0,0.0
2025/12/15,22:44:45,0,0.0,200.0,446.0,246.0,39.0,219.0,7.0,5.0,0.0,0.0,0.0,0.0
2025/12/15,22:44:50,0,0.0,201.0,449.0,246.0,18.0,221.0,3.0,2.0,0.0,0.0,0.0,0.0
2025/12/15,22:44:55,0,0.0,219.0,449.0,246.0,12.0,221.0,2.0,0.0,0.0,0.0,0.0,0.0
2025/12/15,22:45:00,0,0.0,204.0,448.0,245.0,26.0,220.0,4.0,3.0,0.0,0.0,0.0,0.0
2025/12/15,22:45:05,0,0.0,200.0,448.0,246.0,38.0,220.0,6.0,4.0,0.0,0.0,0.0,0.0
2025/12/15,22:45:10,0,0.0,205.0,449.0,245.0,13.0,221.0,2.0,1.0,0.0,0.0,0.0,0.0
2025/12/15,22:45:15,0,0.0,211.0,449.0,245.0,14.0,220.0,2.0,1.0,0.0,0.0,0.0,0.0
2025/12/15,22:45:20,0,0.0,202.0,447.0,244.0,37.0,219.0,6.0,4.0,0.0,0.0,0.0,0.0
2025/12/15,22:45:25,0,0.0,216.0,446.0,245.0,8.0,219.0,1.0,0.0,0.0,0.0,0.0,0.0
2025/12/15,22:45:30,0,0.0,198.0,447.0,246.0,42.0,220.0,7.0,5.0,0.0,0.0,0.0,0.0
2025/12/15,22:45:35,0,0.0,204.0,446.0,245.0,22.0,220.0,3.0,1.0,0.0,0.0,0.0,0.0
2025/12/15,22:45:40,0,0.0,220.0,449.0,246.0,10.0,221.0,2.0,0.0,0.0,0.0,0.0,0.0
2025/12/15,22:45:45,0,0.0,207.0,446.0,246.0,26.0,219.0,5.0,2.0,0.0,0.0,0.0,0.0
2025/12/15,22:45:50,0,0.0,204.0,447.0,246.0,38.0,219.0,7.0,5.0,0.0,0.0,0.0,0.0
2025/12/15,22:45:55,0,0.0,205.0,448.0,247.0,14.0,220.0,2.0,1.0,0.0,0.0,0.0,0.0
2025/12/15,22:46:00,0,0.0,219.0,449.0,246.0,10.0,220.0,1.0,0.0,0.0,0.0,0.0,0.0
2025/12/15,22:46:05,0,0.0,207.0,446.0,246.0,28.0,221.0,5.0,2.0,0.0,0.0,0.0,0.0
2025/12/15,22:46:10,0,0.0,205.0,446.0,246.0,39.0,221.0,6.0,4.0,0.0,0.0,0.0,0.0
2025/12/15,22:46:15,0,0.0,206.0,448.0,244.0,9.0,219.0,1.0,0.0,0.0,0.0,0.0,0.0
2025/12/15,22:46:20,0,0.0,216.0,449.0,246.0,12.0,221.0,2.0,0.0,0.0,0.0,0.0,0.0
2025/12/15,22:46:25,0,0.0,193.0,447.0,246.0,41.0,218.0,7.0,5.0,0.0,0.0,0.0,0.0
2025/12/15,22:46:30,0,0.0,199.0,447.0,246.0,32.0,220.0,5.0,4.0,0.0,0.0,0.0,0.0
2025/12/15,22:46:35,0,0.0,220.0,449.0,246.0,9.0,220.0,2.0,1.0,0.0,0.0,0.0,0.0
2025/12/15,22:46:40,0,0.0,200.0,448.0,246.0,40.0,221.0,6.0,5.0,0.0,0.0,0.0,0.0
2025/12/15,22:46:45,0,0.0,211.0,447.0,246.0,10.0,220.0,1.0,0.0,0.0,0.0,0.0,0.0
2025/12/15,22:46:50,0,0.0,195.0,448.0,246.0,39.0,220.0,6.0,5.0,0.0,0.0,0.0,0.0
2025/12/15,22:46:55,0,0.0,213.0,448.0,245.0,8.0,219.0,1.0,0.0,0.0,0.0,0.0,0.0
2025/12/15,22:47:00,0,0.0,198.0,448.0,245.0,38.0,221.0,7.0,4.0,0.0,0.0,0.0,0.0
2025/12/15,22:47:05,0,0.0,195.0,447.0,245.0,36.0,219.0,7.0,4.0,0.0,0.0,0.0,0.0
2025/12/15,22:47:10,0,1.0,220.0,447.0,246.0,11.0,219.0,2.0,1.0,0.0,0.0,0.0,0.0
2025/12/15,22:47:15,0,0.0,204.0,448.0,244.0,11.0,220.0,1.0,1.0,0.0,0.0,0.0,0.0
2025/12/15,22:47:20,0,0.0,201.0,448.0,246.0,41.0,221.0,7.0,4.0,0.0,0.0,0.0,0.0
2025/12/15,22:47:25,0,0.0,216.0,449.0,245.0,7.0,220.0,1.0,1.0,0.0,0.0,0.0,0.0
2025/12/15,22:47:30,0,0.0,203.0,449.0,244.0,12.0,219.0,1.0,0.0,0.0,0.0,0.0,0.0
2025/12/15,22:47:35,0,0.0,204.0,447.0,244.0,40.0,220.0,6.0,4.0,0.0,0.0,0.0,0.0
2025/12/15,22:47:40,0,0.0,205.0,448.0,245.0,30.0,220.0,5.0,3.0,0.0,0.0,0.0,0.0
2025/12/15,22:47:45,0,0.0,217.0,448.0,247.0,9.0,219.0,1.0,0.0,0.0,0.0,0.0,0.0
2025/12/15,22:47:50,0,0.0,201.0,448.0,245.0,36.0,219.0,5.0,3.0,0.0,0.0,0.0,0.0
2025/12/15,22:47:55,0,0.0,194.0,448.0,246.0,37.0,221.0,6.0,5.0,0.0,0.0,0.0,0.0
2025/12/15,22:48:00,0,0.0,214.0,449.0,246.0,9.0,220.0,1.0,0.0,0.0,0.0,0.0,0.0
2025/12/15,22:48:05,0,0.0,202.0,447.0,246.0,41.0,219.0,8.0,4.0,0.0,0.0,0.0,0.0
2025/12/15,22:48:10,0,0.0,207.0,447.0,245.0,23.0,220.0,4.0,2.0,0.0,0.0,0.0,0.0
2025/12/15,22:48:15,0,0.0,208.0,450.0,243.0,9.0,219.0,1.0,0.0,0.0,0.0,0.0,-0.0008
2025/12/15,22:48:20,0,0.0,204.0,448.0,246.0,38.0,221.0,6.0,4.0,0.0,0.0,0.0,0.0
2025/12/15,22:48:25,0,0.0,199.0,448.0,246.0,32.0,220.0,6.0,4.0,0.0,0.0,0.0,0.0
2025/12/15,22:48:30,0,0.0,220.0,449.0,246.0,12.0,221.0,2.0,1.0,0.0,0.0,0.0,0.0
2025/12/15,22:48:35,0,0.0,205.0,448.0,245.0,17.0,220.0,1.0,1.0,0.0,0.0,0.0,0.0
2025/12/15,22:48:40,0,0.0,200.0,448.0,246.0,39.0,221.0,7.0,5.0,0.0,0.0,0.0,0.0
2025/12/15,22:48:45,0,0.0,214.0,446.0,246.0,14.0,219.0,2.0,1.0,0.0,0.0,0.0,0.0
2025/12/15,22:48:50,0,0.0,203.0,449.0,246.0,22.0,220.0,3.0,2.0,0.0,0.0,0.0,0.0
2025/12/15,22:48:55,0,0.0,198.0,448.0,246.0,32.0,220.0,6.0,4.0,0.0,0.0,0.0,0.0
2025/12/15,22:49:00,0,0.0,205.0,450.0,246.0,8.0,219.0,1.0,0.0,0.0,0.0,0.0,0.0
2025/12/15,22:49:05,0,0.0,200.0,448.0,246.0,41.0,221.0,7.0,5.0,0.0,0.0,0.0,0.0
2025/12/15,22:49:10,0,0.0,221.0,448.0,246.0,10.0,220.0,2.0,0.0,0.0,0.0,0.0,0.0
2025/12/15,22:49:15,0,0.0,202.0,448.0,246.0,30.0,221.0,4.0,3.0,0.0,0.0,0.0,0.0
2025/12/15,22:49:20,0,0.0,206.0,447.0,245.0,23.0,220.0,4.0,2.0,0.0,0.0,0.0,0.0
2025/12/15,22:49:25,0,0.0,205.0,448.0,246.0,26.0,220.0,3.0,3.0,0.0,0.0,0.0,0.0
2025/12/15,22:49:30,0,0.0,209.0,447.0,246.0,19.0,219.0,4.0,2.0,0.0,0.0,0.0,0.0
2025/12/15,22:49:35,0,0.0,201.0,447.0,246.0,34.0,220.0,5.0,3.0,0.0,0.0,0.0,0.0
2025/12/15,22:49:40,0,0.0,210.0,449.0,246.0,17.0,221.0,3.0,2.0,0.0,0.0,0.0,0.0
2025/12/15,22:49:45,0,0.0,203.0,448.0,245.0,24.0,220.0,3.0,3.0,0.0,0.0,0.0,0.0
2025/12/15,22:49:50,0,0.0,202.0,448.0,248.0,33.0,221.0,5.0,4.0,0.0,0.0,0.0,0.0
2025/12/15,22:49:55,0,0.0,203.0,448.0,244.0,20.0,220.0,2.0,1.0,0.0,0.0,0.0,0.0
2025/12/15,22:50:00,0,0.0,195.0,448.0,246.0,37.0,220.0,9.0,4.0,0.0,0.0,0.0,0.0
2025/12/15,22:50:05,0,0.0,217.0,448.0,245.0,9.0,220.0,1.0,0.0,0.0,0.0,0.0,0.0
2025/12/15,22:50:10,0,0.0,200.0,447.0,246.0,38.0,219.0,7.0,4.0,0.0,0.0,0.0,0.0
2025/12/15,22:50:15,0,0.0,196.0,446.0,246.0,35.0,218.0,7.0,4.0,0.0,0.0,0.0,0.0
2025/12/15,22:50:20,0,0.0,216.0,449.0,246.0,9.0,220.0,1.0,0.0,0.0,0.0,0.0,0.0
2025/12/15,22:50:25,0,0.0,199.0,447.0,244.0,39.0,219.0,7.0,4.0,0.0,0.0,0.0,0.0
2025/12/15,22:50:30,0,0.0,212.0,448.0,244.0,14.0,221.0,3.0,1.0,0.0,0.0,0.0,0.0
2025/12/15,22:50:35,0,0.0,203.0,448.0,246.0,23.0,221.0,3.0,2.0,0.0,0.0,0.0,0.0
2025/12/15,22:50:40,0,1.0,204.0,447.0,245.0,26.0,219.0,4.0,3.0,0.0,0.0,0.0,0.0
2025/12/15,22:50:45,0,0.0,203.0,447.0,245.0,26.0,219.0,4.0,2.0,0.0,0.0,0.0,0.0
2025/12/15,22:50:50,0,0.0,223.0,448.0,246.0,11.0,220.0,2.0,1.0,0.0,0.0,0.0,0.0
2025/12/15,22:50:55,0,0.0,201.0,448.0,246.0,41.0,221.0,6.0,5.0,0.0,0.0,0.0,0.0
2025/12/15,22:51:00,0,0.0,205.0,449.0,246.0,10.0,220.0,0.0,0.0,0.0,0.0,0.0,0.0
2025/12/15,22:51:05,0,0.0,211.0,448.0,245.0,17.0,220.0,3.0,2.0,0.0,0.0,0.0,0.0
2025/12/15,22:51:10,0,0.0,195.0,448.0,245.0,38.0,220.0,6.0,5.0,0.0,0.0,0.0,0.0
2025/12/15,22:51:15,0,0.0,200.0,448.0,246.0,36.0,220.0,6.0,4.0,0.0,0.0,0.0,0.0
2025/12/15,22:51:20,0,0.0,211.0,446.0,246.0,9.0,220.0,1.0,0.0,0.0,0.0,0.0,0.0
2025/12/15,22:51:25,0,0.0,198.0,447.0,243.0,39.0,220.0,7.0,4.0,0.0,0.0,0.0,0.0
2025/12/15,22:51:30,0,0.0,204.0,447.0,246.0,26.0,220.0,4.0,3.0,0.0,0.0,0.0,0.0
2025/12/15,22:51:35,0,0.0,217.0,448.0,244.0,12.0,219.0,2.0,1.0,0.0,0.0,0.0,0.0
2025/12/15,22:51:40,0,0.0,200.0,448.0,246.0,41.0,220.0,6.0,4.0,0.0,0.0,0.0,0.0
2025/12/15,22:51:45,0,0.0,203.0,447.0,246.0,14.0,220.0,2.0,1.0,0.0,0.0,0.0,0.0
2025/12/15,22:51:50,0,0.0,218.0,448.0,246.0,11.0,221.0,3.0,1.0,0.0,0.0,0.0,0.0
2025/12/15,22:51:55,0,0.0,202.0,447.0,245.0,39.0,218.0,7.0,5.0,0.0,0.0,0.0,0.0
2025/12/15,22:52:00,0,0.0,203.0,449.0,245.0,8.0,221.0,1.0,0.0,0.0,0.0,0.0,0.0
2025/12/15,22:52:05,0,0.0,215.0,448.0,246.0,16.0,220.0,3.0,1.0,0.0,0.0,0.0,0.0
2025/12/15,22:52:10,0,0.0,202.0,448.0,244.0,39.0,221.0,6.0,5.0,0.0,0.0,0.0,0.0
2025/12/15,22:52:15,0,0.0,206.0,448.0,245.0,21.0,219.0,2.0,2.0,0.0,0.0,0.0,0.0
2025/12/15,22:52:20,0,0.0,221.0,449.0,245.0,10.0,220.0,2.0,1.0,0.0,0.0,0.0,0.0
2025/12/15,22:52:25,0,0.0,196.0,447.0,246.0,41.0,221.0,7.0,5.0,0.0,0.0,0.0,0.0
2025/12/15,22:52:30,0,0.0,204.0,449.0,246.0,8.0,220.0,1.0,0.0,0.0,0.0,0.0,0.0
2025/12/15,22:52:35,0,0.0,205.0,448.0,245.0,27.0,220.0,4.0,3.0,0.0,0.0,0.0,0.0
2025/12/15,22:52:40,0,0.0,203.0,447.0,246.0,25.0,220.0,3.0,2.0,0.0,0.0,0.0,0.0
2025/12/15,22:52:45,0,0.0,210.0,447.0,243.0,21.0,219.0,4.0,2.0,0.0,0.0,0.0,-0.0008
2025/12/15,22:52:50,0,0.0,203.0,448.0,245.0,25.0,219.0,4.0,3.0,0.0,0.0,0.0,0.0
2025/12/15,22:52:55,0,0.0,212.0,449.0,246.0,15.0,221.0,2.0,1.0,0.0,0.0,0.0,0.0
2025/12/15,22:53:00,0,0.0,202.0,447.0,244.0,34.0,219.0,6.0,4.0,-0.0008,0.0,0.0,0.0
2025/12/15,22:53:05,0,1.0,218.0,448.0,245.0,10.0,220.0,1.0,0.0,0.0,0.0,0.0,0.0
2025/12/15,22:53:10,0,0.0,199.0,448.0,244.0,43.0,220.0,7.0,4.0,0.0,0.0,0.0,0.0
2025/12/15,22:53:15,0,0.0,200.0,447.0,246.0,41.0,220.0,6.0,5.0,0.0,0.0,0.0,0.0
2025/12/15,22:53:20,0,0.0,202.0,447.0,244.0,40.0,220.0,7.0,5.0,0.0,0.0,0.0,0.0
2025/12/15,22:53:25,0,0.0,202.0,448.0,246.0,35.0,220.0,6.0,4.0,0.0,0.0,0.0,0.0
2025/12/15,22:53:30,0,0.0,204.0,447.0,246.0,28.0,221.0,5.0,2.0,0.0,0.0,0.0,0.0
2025/12/15,22:53:35,0,0.0,210.0,448.0,244.0,6.0,219.0,1.0,0.0,0.0,0.0,0.0,0.0
2025/12/15,22:53:40,0,0.0,216.0,449.0,245.0,12.0,220.0,3.0,0.0,0.0,0.0,0.0,0.0
2025/12/15,22:53:45,0,0.0,197.0,448.0,245.0,41.0,220.0,6.0,4.0,0.0,0.0,0.0,0.0
2025/12/15,22:53:50,0,0.0,201.0,448.0,246.0,41.0,219.0,7.0,4.0,0.0,0.0,0.0,0.0
2025/12/15,22:53:55,0,0.0,201.0,448.0,246.0,29.0,220.0,4.0,3.0,0.0,0.0,0.0,0.0
2025/12/15,22:54:09,0,0.0,211.0,449.0,246.0,32.0,221.0,4.0,1.0,-0.0008,0.0,0.0,0.0
2025/12/15,22:54:10,0,0.0,202.0,448.0,245.0,26.0,219.0,5.0,3.0,0.0,0.0,0.0,0.0
2025/12/15,22:54:15,0,0.0,220.0,449.0,246.0,12.0,219.0,2.0,0.0,0.0,0.0,0.0,0.0
2025/12/15,22:54:20,0,0.0,207.0,448.0,246.0,25.0,221.0,3.0,2.0,0.0,0.0,0.0,0.0
2025/12/15,22:54:25,0,0.0,196.0,445.0,246.0,40.0,221.0,7.0,5.0,0.0,0.0,0.0,0.0
2025/12/15,22:54:30,0,0.0,202.0,448.0,246.0,39.0,220.0,6.0,4.0,0.0,0.0,0.0,0.0
2025/12/15,22:54:35,0,0.0,202.0,446.0,246.0,28.0,221.0,4.0,3.0,0.0,0.0,0.0,0.0
2025/12/15,22:54:40,0,0.0,204.0,448.0,244.0,8.0,221.0,1.0,0.0,0.0,0.0,0.0,0.0
2025/12/15,22:54:45,0,0.0,210.0,449.0,246.0,12.0,222.0,2.0,0.0,0.0,0.0,0.0,-0.0008
2025/12/15,22:54:50,0,0.0,218.0,449.0,246.0,10.0,220.0,1.0,0.0,0.0,0.0,0.0,0.0
2025/12/15,22:54:55,0,0.0,217.0,448.0,244.0,13.0,220.0,3.0,0.0,0.0,0.0,0.0,0.0
2025/12/15,22:55:00,0,0.0,197.0,448.0,245.0,39.0,220.0,6.0,5.0,0.0,0.0,0.0,0.0
2025/12/15,22:55:05,0,0.0,204.0,448.0,245.0,17.0,220.0,3.0,1.0,0.0,0.0,0.0,0.0
2025/12/15,22:55:10,0,1.0,214.0,449.0,246.0,13.0,220.0,2.0,1.0,0.0,0.0,0.0,0.0
2025/12/15,22:55:15,0,0.0,204.0,448.0,246.0,39.0,221.0,6.0,4.0,0.0,0.0,0.0,0.0
2025/12/15,22:55:20,0,0.0,206.0,449.0,246.0,8.0,219.0,1.0,0.0,0.0,0.0,0.0,0.0
2025/12/15,22:55:25,0,0.0,208.0,448.0,243.0,18.0,219.0,3.0,2.0,0.0,0.0,0.0,0.0
2025/12/15,22:55:30,0,0.0,205.0,448.0,245.0,37.0,220.0,6.0,4.0,0.0,0.0,0.0,0.0
2025/12/15,22:55:35,0,0.0,213.0,449.0,246.0,8.0,221.0,1.0,0.0,0.0,0.0,0.0,0.0
2025/12/15,22:55:40,0,0.0,194.0,447.0,245.0,38.0,220.0,7.0,5.0,0.0,0.0,0.0,0.0
2025/12/15,22:55:45,0,0.0,201.0,448.0,246.0,12.0,221.0,1.0,1.0,0.0,0.0,0.0,0.0
2025/12/15,22:55:50,0,0.0,199.0,448.0,246.0,35.0,220.0,5.0,4.0,0.0,0.0,0.0,0.0
2025/12/15,22:55:55,0,0.0,202.0,448.0,246.0,26.0,220.0,4.0,2.0,0.0,0.0,0.0,-0.0008
2025/12/15,22:56:00,0,0.0,220.0,448.0,244.0,9.0,221.0,2.0,1.0,0.0,0.0,0.0,0.0
2025/12/15,22:56:05,0,0.0,198.0,447.0,247.0,41.0,220.0,7.0,4.0,0.0,0.0,0.0,0.0
2025/12/15,22:56:10,0,0.0,201.0,448.0,246.0,39.0,220.0,6.0,5.0,0.0,0.0,0.0,0.0
2025/12/15,22:56:15,0,0.0,200.0,447.0,244.0,34.0,220.0,5.0,3.0,0.0,0.0,0.0,0.0
2025/12/15,22:56:20,0,0.0,207.0,449.0,247.0,8.0,220.0,1.0,0.0,0.0,0.0,0.0,0.0
2025/12/15,22:56:25,0,2.0,215.0,449.0,246.0,14.0,220.0,3.0,0.0,0.0,0.0,0.0,0.0
2025/12/15,22:56:30,0,0.0,194.0,446.0,246.0,40.0,221.0,7.0,5.0,0.0,0.0,0.0,0.0
2025/12/15,22:56:35,0,0.0,202.0,446.0,245.0,38.0,221.0,6.0,4.0,0.0,0.0,0.0,0.0
2025/12/15,22:56:40,0,0.0,201.0,447.0,246.0,17.0,219.0,2.0,1.0,0.0,0.0,0.0,0.0
2025/12/15,22:56:45,0,0.0,218.0,448.0,244.0,9.0,219.0,0.0,0.0,0.0,0.0,0.0,0.0
2025/12/15,22:56:50,0,0.0,194.0,448.0,245.0,39.0,220.0,6.0,5.0,0.0,0.0,0.0,0.0
2025/12/15,22:56:55,0,0.0,202.0,447.0,245.0,38.0,220.0,5.0,4.0,0.0,0.0,0.0,0.0
2025/12/15,22:57:00,0,0.0,203.0,449.0,246.0,16.0,220.0,2.0,2.0,0.0,0.0,0.0,0.0
2025/12/15,22:57:05,0,0.0,222.0,449.0,246.0,10.0,221.0,1.0,1.0,0.0,0.0,0.0,0.0
2025/12/15,22:57:10,0,0.0,197.0,448.0,243.0,42.0,219.0,8.0,4.0,0.0,0.0,0.0,0.0
2025/12/15,22:57:15,0,0.0,205.0,447.0,245.0,34.0,220.0,6.0,4.0,0.0,0.0,0.0,0.0
2025/12/15,22:57:20,0,0.0,213.0,449.0,247.0,9.0,220.0,1.0,0.0,0.0,0.0,0.0,0.0
2025/12/15,22:57:25,0,1.0,207.0,448.0,246.0,25.0,221.0,4.0,1.0,0.0,0.0,0.0,0.0
2025/12/15,22:57:30,0,0.0,204.0,448.0,246.0,38.0,221.0,6.0,4.0,0.0,0.0,0.0,0.0
2025/12/15,22:57:35,0,0.0,210.0,449.0,246.0,7.0,221.0,1.0,0.0,0.0,0.0,0.0,0.0
2025/12/15,22:57:40,0,0.0,195.0,448.0,245.0,40.0,221.0,7.0,4.0,0.0,0.0,0.0,0.0
2025/12/15,22:57:45,0,0.0,203.0,448.0,244.0,8.0,220.0,0.0,0.0,0.0,0.0,0.0,0.0
2025/12/15,22:57:50,0,0.0,205.0,448.0,246.0,28.0,221.0,4.0,3.0,0.0,0.0,0.0,0.0
2025/12/15,22:57:55,0,0.0,205.0,448.0,245.0,38.0,220.0,5.0,4.0,0.0,0.0,0.0,0.0
2025/12/15,22:58:00,0,0.0,204.0,449.0,246.0,8.0,220.0,1.0,0.0,0.0,0.0,0.0,0.0
2025/12/15,22:58:05,0,0.0,214.0,447.0,246.0,13.0,220.0,3.0,1.0,0.0,0.0,0.0,0.0
2025/12/15,22:58:10,0,0.0,200.0,448.0,245.0,40.0,219.0,7.0,5.0,0.0,0.0,0.0,0.0
2025/12/15,22:58:15,0,0.0,204.0,448.0,245.0,18.0,219.0,3.0,1.0,0.0,0.0,0.0,0.0
2025/12/15,22:58:20,0,0.0,220.0,448.0,245.0,11.0,219.0,2.0,0.0,0.0,0.0,0.0,0.0
2025/12/15,22:58:25,0,0.0,196.0,448.0,246.0,41.0,220.0,7.0,4.0,0.0,0.0,0.0,0.0
2025/12/15,22:58:30,0,0.0,199.0,448.0,246.0,38.0,220.0,6.0,4.0,0.0,0.0,0.0,0.0
2025/12/15,22:58:35,0,0.0,215.0,449.0,246.0,9.0,220.0,1.0,0.0,0.0,0.0,0.0,0.0
2025/12/15,22:58:40,0,0.0,195.0,446.0,246.0,42.0,221.0,7.0,4.0,0.0,0.0,0.0,0.0
2025/12/15,22:58:45,0,0.0,202.0,449.0,244.0,12.0,219.0,2.0,0.0,0.0,0.0,0.0,0.0
2025/12/15,22:58:50,0,0.0,207.0,446.0,245.0,21.0,220.0,3.0,3.0,0.0,0.0,0.0,0.0
2025/12/15,22:58:55,0,0.0,199.0,447.0,246.0,37.0,220.0,6.0,4.0,0.0,0.0,0.0,0.0
2025/12/15,22:59:00,0,0.0,215.0,449.0,245.0,9.0,220.0,1.0,0.0,0.0,0.0,0.0,0.0
2025/12/15,22:59:05,0,0.0,201.0,447.0,243.0,32.0,220.0,6.0,3.0,0.0,0.0,0.0,0.0
2025/12/15,22:59:10,0,0.0,199.0,449.0,246.0,33.0,219.0,6.0,4.0,0.0,0.0,0.0,0.0
2025/12/15,22:59:15,0,0.0,215.0,449.0,245.0,8.0,220.0,1.0,0.0,0.0,0.0,0.0,0.0
2025/12/15,22:59:20,0,0.0,206.0,449.0,246.0,25.0,220.0,4.0,2.0,0.0,0.0,0.0,0.0
2025/12/15,22:59:25,0,0.0,200.0,447.0,245.0,39.0,219.0,7.0,4.0,0.0,0.0,0.0,0.0
2025/12/15,22:59:30,0,0.0,203.0,449.0,247.0,17.0,219.0,3.0,1.0,0.0,0.0,0.0,0.0
2025/12/15,22:59:35,0,0.0,218.0,448.0,244.0,10.0,219.0,2.0,1.0,0.0,0.0,0.0,0.0
2025/12/15,22:59:40,0,0.0,197.0,448.0,246.0,41.0,220.0,7.0,5.0,0.0,0.0,0.0,0.0
2025/12/15,22:59:45,0,0.0,203.0,448.0,245.0,25.0,221.0,3.0,3.0,0.0,0.0,0.0,0.0
2025/12/15,22:59:50,0,0.0,220.0,447.0,245.0,11.0,219.0,3.0,0.0,0.0,0.0,0.0,0.0
2025/12/15,22:59:55,0,0.0,200.0,448.0,245.0,33.0,220.0,6.0,4.0,0.0,0.0,0.0,0.0
2025/12/15,23:00:00,0,0.0,203.0,447.0,245.0,37.0,219.0,6.0,5.0,0.0,0.0,0.0,0.0
2025/12/15,23:00:05,0,0.0,210.0,449.0,246.0,9.0,221.0,1.0,0.0,0.0,0.0,0.0,0.0
2025/12/15,23:00:10,0,0.0,200.0,447.0,247.0,32.0,220.0,6.0,3.0,0.0,0.0,0.0,0.0
2025/12/15,23:00:15,0,0.0,205.0,448.0,245.0,40.0,221.0,5.0,4.0,0.0,0.0,0.0,0.0
2025/12/15,23:00:20,0,0.0,203.0,449.0,246.0,15.0,221.0,2.0,1.0,0.0,0.0,0.0,0.0
2025/12/15,23:00:25,0,0.0,219.0,448.0,246.0,11.0,221.0,2.0,1.0,0.0,0.0,0.0,0.0
2025/12/15,23:00:30,0,0.0,205.0,449.0,245.0,22.0,219.0,4.0,1.0,0.0,0.0,0.0,0.0
2025/12/15,23:00:35,0,0.0,205.0,450.0,245.0,8.0,219.0,1.0,0.0,0.0,0.0,0.0,0.0
2025/12/15,23:00:40,0,0.0,196.0,446.0,246.0,40.0,221.0,7.0,4.0,0.0,0.0,0.0,0.0
2025/12/15,23:00:45,0,0.0,201.0,449.0,246.0,9.0,219.0,1.0,0.0,-0.0008,0.0,0.0,0.0
2025/12/15,23:00:50,0,0.0,197.0,448.0,245.0,40.0,221.0,6.0,5.0,0.0,0.0,0.0,0.0
2025/12/15,23:00:55,0,0.0,217.0,448.0,246.0,9.0,221.0,2.0,0.0,0.0,0.0,0.0,0.0
2025/12/15,23:01:00,0,0.0,201.0,448.0,246.0,32.0,221.0,4.0,3.0,0.0,0.0,0.0,0.0
2025/12/15,23:01:05,0,0.0,215.0,449.0,246.0,10.0,221.0,1.0,0.0,0.0,0.0,0.0,0.0
2025/12/15,23:01:10,0,0.0,198.0,447.0,246.0,41.0,220.0,7.0,4.0,0.0,0.0,0.0,0.0
2025/12/15,23:01:15,0,0.0,205.0,448.0,245.0,25.0,220.0,4.0,3.0,0.0,0.0,0.0,0.0
2025/12/15,23:01:20,0,0.0,216.0,449.0,246.0,9.0,219.0,2.0,0.0,0.0,0.0,0.0,0.0
2025/12/15,23:01:25,0,0.0,200.0,447.0,243.0,35.0,220.0,6.0,3.0,0.0,0.0,0.0,0.0
2025/12/15,23:01:30,0,0.0,202.0,448.0,245.0,38.0,221.0,6.0,4.0,0.0,0.0,0.0,0.0
2025/12/15,23:01:35,0,0.0,212.0,448.0,246.0,8.0,221.0,1.0,0.0,0.0,0.0,0.0,0.0
2025/12/15,23:01:40,0,0.0,199.0,447.0,246.0,40.0,221.0,8.0,5.0,0.0,0.0,0.0,0.0
2025/12/15,23:01:45,0,0.0,207.0,449.0,245.0,8.0,221.0,1.0,0.0,0.0,0.0,0.0,0.0
2025/12/15,23:01:50,0,0.0,194.0,448.0,246.0,42.0,220.0,7.0,5.0,0.0,0.0,0.0,0.0
2025/12/15,23:01:55,0,0.0,202.0,448.0,244.0,30.0,220.0,4.0,3.0,0.0,0.0,0.0,0.0
2025/12/15,23:02:00,0,0.0,213.0,447.0,246.0,9.0,221.0,0.0,0.0,0.0,0.0,0.0,0.0
2025/12/15,23:02:05,0,0.0,213.0,449.0,246.0,15.0,220.0,2.0,1.0,0.0,0.0,0.0,0.0
2025/12/15,23:02:10,0,0.0,206.0,446.0,245.0,26.0,220.0,5.0,3.0,0.0,0.0,0.0,0.0
2025/12/15,23:02:15,0,0.0,198.0,446.0,245.0,38.0,220.0,6.0,4.0,0.0,0.0,0.0,0.0
2025/12/15,23:02:20,0,0.0,199.0,447.0,243.0,39.0,220.0,7.0,3.0,0.0,0.0,0.0,0.0
2025/12/15,23:02:25,0,0.0,200.0,447.0,244.0,33.0,219.0,6.0,3.0,0.0,0.0,0.0,0.0
2025/12/15,23:02:30,0,0.0,206.0,449.0,246.0,8.0,220.0,1.0,0.0,0.0,0.0,0.0,0.0
2025/12/15,23:02:35,0,0.0,220.0,449.0,246.0,14.0,221.0,3.0,0.0,0.0,0.0,0.0,0.0
2025/12/15,23:02:40,0,0.0,196.0,447.0,245.0,40.0,220.0,6.0,5.0,0.0,0.0,0.0,0.0
2025/12/15,23:02:45,0,0.0,203.0,447.0,246.0,19.0,221.0,2.0,1.0,0.0,0.0,0.0,0.0
2025/12/15,23:02:50,0,0.0,211.0,448.0,245.0,17.0,220.0,3.0,2.0,0.0,0.0,0.0,0.0
2025/12/15,23:02:55,0,0.0,199.0,446.0,245.0,37.0,218.0,6.0,4.0,0.0,0.0,0.0,0.0
2025/12/15,23:03:00,0,0.0,220.0,448.0,246.0,12.0,219.0,3.0,1.0,0.0,0.0,0.0,0.0
2025/12/15,23:03:05,0,0.0,196.0,448.0,246.0,41.0,220.0,7.0,5.0,0.0,0.0,0.0,0.0
2025/12/15,23:03:10,0,0.0,203.0,448.0,245.0,22.0,221.0,3.0,2.0,0.0,0.0,0.0,0.0
2025/12/15,23:03:15,0,0.0,216.0,448.0,245.0,12.0,221.0,2.0,1.0,0.0,0.0,0.0,0.0
2025/12/15,23:03:20,0,0.0,201.0,448.0,245.0,38.0,220.0,6.0,4.0,0.0,0.0,0.0,0.0
2025/12/15,23:03:25,0,0.0,219.0,449.0,245.0,9.0,221.0,1.0,0.0,0.0,0.0,0.0,0.0
2025/12/15,23:03:30,0,0.0,199.0,447.0,245.0,43.0,219.0,7.0,4.0,0.0,0.0,0.0,0.0
2025/12/15,23:03:35,0,0.0,217.0,447.0,246.0,10.0,221.0,1.0,0.0,-0.0008,0.0,0.0,0.0
2025/12/15,23:03:40,0,0.0,196.0,448.0,245.0,39.0,221.0,7.0,5.0,0.0,0.0,0.0,0.0
2025/12/15,23:03:45,0,0.0,198.0,447.0,244.0,36.0,219.0,7.0,4.0,0.0,0.0,0.0,0.0
2025/12/15,23:03:50,0,0.0,209.0,449.0,246.0,9.0,219.0,1.0,0.0,0.0,0.0,0.0,0.0
2025/12/15,23:03:55,0,0.0,206.0,448.0,246.0,27.0,221.0,5.0,3.0,0.0,0.0,0.0,0.0
2025/12/15,23:04:00,0,0.0,199.0,448.0,245.0,35.0,219.0,6.0,4.0,0.0,0.0,0.0,0.0
2025/12/15,23:04:32,0,0.0,204.0,447.0,245.0,47.0,219.0,10.0,6.0,0.0,0.0,0.0,0.0
2025/12/15,23:04:37,0,0.0,198.0,446.0,245.0,38.0,220.0,7.0,5.0,0.0,0.0,0.0,0.0
2025/12/15,23:04:42,0,0.0,215.0,448.0,245.0,12.0,220.0,2.0,1.0,0.0,0.0,0.0,0.0
2025/12/15,23:04:47,0,0.0,206.0,449.0,246.0,11.0,222.0,1.0,0.0,0.0,0.0,0.0,0.0
2025/12/15,23:04:52,0,0.0,204.0,448.0,246.0,41.0,221.0,7.0,4.0,0.0,0.0,0.0,0.0
2025/12/15,23:04:57,0,0.0,203.0,447.0,245.0,24.0,219.0,5.0,2.0,0.0,0.0,0.0,0.0
2025/12/15,23:05:02,0,0.0,214.0,449.0,246.0,11.0,221.0,1.0,0.0,0.0,0.0,0.0,0.0
2025/12/15,23:05:07,0,0.0,201.0,448.0,246.0,36.0,221.0,6.0,4.0,0.0,0.0,0.0,0.0
2025/12/15,23:05:12,0,0.0,194.0,448.0,247.0,36.0,217.0,7.0,5.0,0.0,0.0,0.0,0.0
2025/12/15,23:05:17,0,0.0,217.0,449.0,245.0,9.0,220.0,1.0,0.0,0.0,0.0,0.0,0.0
2025/12/15,23:05:22,0,0.0,200.0,447.0,245.0,38.0,219.0,7.0,4.0,0.0,0.0,0.0,0.0
2025/12/15,23:05:27,0,0.0,201.0,447.0,246.0,33.0,221.0,5.0,3.0,0.0,0.0,0.0,0.0
2025/12/15,23:05:32,0,0.0,208.0,449.0,245.0,8.0,221.0,0.0,0.0,0.0,0.0,0.0,0.0
2025/12/15,23:05:37,0,0.0,201.0,447.0,245.0,38.0,219.0,6.0,5.0,0.0,0.0,0.0,0.0
2025/12/15,23:05:42,0,0.0,218.0,449.0,245.0,9.0,219.0,2.0,1.0,0.0,0.0,0.0,0.0
2025/12/15,23:05:47,0,0.0,202.0,448.0,246.0,22.0,221.0,2.0,2.0,0.0,0.0,0.0,0.0
2025/12/15,23:05:52,0,0.0,197.0,448.0,246.0,39.0,221.0,7.0,5.0,0.0,0.0,0.0,0.0
2025/12/15,23:05:57,0,0.0,221.0,448.0,244.0,10.0,219.0,3.0,0.0,0.0,0.0,0.0,0.0
2025/12/15,23:06:02,0,0.0,199.0,447.0,246.0,36.0,221.0,5.0,4.0,0.0,0.0,0.0,0.0
2025/12/15,23:06:07,0,0.0,213.0,448.0,246.0,17.0,221.0,3.0,1.0,0.0,0.0,0.0,0.0
2025/12/15,23:06:12,0,0.0,204.0,449.0,244.0,16.0,220.0,2.0,1.0,0.0,0.0,0.0,0.0
2025/12/15,23:06:17,0,0.0,201.0,448.0,245.0,39.0,221.0,7.0,5.0,0.0,0.0,0.0,0.0
2025/12/15,23:06:22,0,0.0,213.0,449.0,246.0,13.0,221.0,3.0,1.0,0.0,0.0,0.0,0.0
2025/12/15,23:06:27,0,0.0,205.0,448.0,245.0,10.0,220.0,0.0,0.0,0.0,0.0,0.0,0.0
2025/12/15,23:06:32,0,0.0,203.0,448.0,246.0,37.0,221.0,6.0,4.0,0.0,0.0,0.0,0.0
2025/12/15,23:06:37,0,0.0,205.0,449.0,245.0,22.0,221.0,3.0,2.0,0.0,0.0,0.0,0.0
2025/12/15,23:06:42,0,0.0,207.0,449.0,245.0,10.0,220.0,1.0,0.0,0.0,0.0,0.0,0.0
2025/12/15,23:06:47,0,0.0,206.0,448.0,245.0,40.0,221.0,6.0,4.0,0.0,0.0,0.0,0.0
2025/12/15,23:06:52,0,0.0,205.0,448.0,246.0,21.0,221.0,4.0,2.0,0.0,0.0,0.0,0.0
2025/12/15,23:06:57,0,0.0,211.0,449.0,243.0,10.0,220.0,1.0,0.0,0.0,0.0,-0.0008,0.0
2025/12/15,23:07:02,0,0.0,199.0,448.0,245.0,37.0,220.0,6.0,3.0,0.0,0.0,0.0,0.0
2025/12/15,23:07:07,0,0.0,196.0,448.0,246.0,37.0,221.0,6.0,4.0,0.0,0.0,0.0,0.0
2025/12/15,23:07:12,0,0.0,220.0,449.0,246.0,12.0,221.0,2.0,0.0,0.0,0.0,0.0,0.0
2025/12/15,23:07:17,0,0.0,199.0,448.0,245.0,36.0,221.0,5.0,4.0,0.0,0.0,0.0,0.0
2025/12/15,23:07:22,0,0.0,201.0,447.0,245.0,27.0,220.0,5.0,3.0,0.0,0.0,0.0,0.0
2025/12/15,23:07:27,0,0.0,211.0,449.0,245.0,9.0,221.0,1.0,0.0,0.0,0.0,0.0,0.0
2025/12/15,23:07:32,0,0.0,200.0,448.0,245.0,34.0,221.0,6.0,4.0,0.0,0.0,0.0,0.0
2025/12/15,23:07:37,0,0.0,203.0,448.0,246.0,30.0,220.0,5.0,3.0,0.0,0.0,0.0,0.0
2025/12/15,23:07:42,0,0.0,204.0,446.0,245.0,11.0,219.0,2.0,0.0,0.0,0.0,0.0,0.0
2025/12/15,23:07:47,0,0.0,195.0,448.0,245.0,39.0,220.0,7.0,4.0,0.0,0.0,0.0,0.0
2025/12/15,23:07:52,0,0.0,210.0,448.0,245.0,9.0,220.0,1.0,0.0,0.0,0.0,0.0,0.0
2025/12/15,23:07:57,0,0.0,199.0,447.0,245.0,40.0,219.0,8.0,4.0,0.0,0.0,0.0,0.0
2025/12/15,23:08:02,0,0.0,218.0,449.0,245.0,11.0,220.0,1.0,0.0,0.0,0.0,0.0,0.0
2025/12/15,23:08:07,0,0.0,203.0,448.0,243.0,40.0,220.0,7.0,4.0,0.0,0.0,0.0,0.0
2025/12/15,23:08:12,0,0.0,213.0,448.0,243.0,9.0,220.0,1.0,0.0,0.0,0.0,0.0,0.0
2025/12/15,23:08:17,0,0.0,195.0,446.0,245.0,41.0,220.0,7.0,4.0,0.0,0.0,0.0,0.0
2025/12/15,23:08:22,0,0.0,203.0,449.0,245.0,14.0,221.0,1.0,0.0,0.0,0.0,0.0,0.0
2025/12/15,23:08:27,0,0.0,208.0,447.0,245.0,22.0,220.0,3.0,2.0,0.0,0.0,0.0,0.0
2025/12/15,23:08:32,0,0.0,200.0,447.0,245.0,36.0,221.0,5.0,4.0,0.0,0.0,0.0,0.0
2025/12/15,23:08:37,0,0.0,219.0,449.0,245.0,10.0,221.0,2.0,1.0,0.0,0.0,0.0,0.0
2025/12/15,23:08:42,0,0.0,204.0,448.0,246.0,39.0,221.0,6.0,4.0,0.0,0.0,0.0,0.0
2025/12/15,23:08:47,0,0.0,221.0,449.0,246.0,11.0,221.0,2.0,1.0,0.0,0.0,0.0,0.0
2025/12/15,23:08:52,0,0.0,204.0,448.0,246.0,37.0,221.0,5.0,4.0,0.0,0.0,0.0,0.0
2025/12/15,23:08:57,0,0.0,220.0,448.0,244.0,9.0,219.0,2.0,0.0,0.0,0.0,0.0,0.0
2025/12/15,23:09:02,0,0.0,204.0,449.0,245.0,39.0,221.0,6.0,4.0,0.0,0.0,0.0,0.0
2025/12/15,23:09:07,0,0.0,220.0,449.0,245.0,10.0,220.0,1.0,0.0,0.0,0.0,0.0,0.0
2025/12/15,23:09:12,0,0.0,202.0,447.0,246.0,43.0,220.0,8.0,4.0,0.0,0.0,0.0,0.0
2025/12/15,23:09:17,0,0.0,215.0,448.0,245.0,9.0,221.0,1.0,0.0,0.0,0.0,0.0,0.0
2025/12/15,23:09:22,0,0.0,201.0,447.0,245.0,42.0,220.0,7.0,4.0,0.0,0.0,0.0,0.0
2025/12/15,23:09:27,0,0.0,206.0,446.0,245.0,10.0,219.0,1.0,0.0,0.0,0.0,0.0,0.0
2025/12/15,23:09:32,0,0.0,199.0,448.0,244.0,33.0,222.0,6.0,4.0,0.0,0.0,0.0,0.0
2025/12/15,23:09:37,0,0.0,199.0,447.0,244.0,37.0,219.0,6.0,4.0,0.0,0.0,0.0,0.0
2025/12/15,23:09:42,0,0.0,219.0,448.0,245.0,12.0,220.0,2.0,1.0,0.0,0.0,0.0,0.0
2025/12/15,23:09:47,0,0.0,204.0,447.0,246.0,38.0,220.0,6.0,4.0,0.0,0.0,0.0,0.0
2025/12/15,23:09:52,0,0.0,215.0,449.0,245.0,11.0,219.0,3.0,0.0,0.0,0.0,0.0,0.0
2025/12/15,23:09:57,0,0.0,199.0,448.0,246.0,35.0,221.0,6.0,4.0,0.0,0.0,0.0,0.0
2025/12/15,23:10:02,0,0.0,208.0,449.0,246.0,20.0,220.0,4.0,2.0,0.0,0.0,0.0,0.0
2025/12/15,23:10:07,0,0.0,201.0,449.0,246.0,34.0,220.0,5.0,4.0,0.0,0.0,0.0,0.0
2025/12/15,23:10:12,0,0.0,216.0,449.0,245.0,8.0,221.0,1.0,0.0,0.0,0.0,0.0,0.0
2025/12/15,23:10:17,0,0.0,199.0,447.0,245.0,36.0,221.0,7.0,4.0,0.0,0.0,0.0,0.0
2025/12/15,23:10:22,0,1.0,205.0,445.0,245.0,39.0,221.0,6.0,4.0,0.0,0.0,0.0,0.0
2025/12/15,23:10:27,0,0.0,206.0,449.0,245.0,9.0,221.0,1.0,0.0,0.0,0.0,0.0,0.0
2025/12/15,23:10:32,0,0.0,208.0,448.0,245.0,24.0,221.0,5.0,2.0,0.0,0.0,0.0,0.0
2025/12/15,23:10:37,0,0.0,200.0,448.0,245.0,37.0,221.0,7.0,4.0,0.0,0.0,0.0,0.0
2025/12/15,23:10:42,0,0.0,217.0,449.0,245.0,8.0,221.0,1.0,0.0,0.0,0.0,0.0,0.0
2025/12/15,23:10:47,0,0.0,195.0,446.0,245.0,41.0,220.0,7.0,4.0,0.0,0.0,0.0,0.0
2025/12/15,23:10:52,0,0.0,204.0,448.0,246.0,24.0,221.0,4.0,2.0,0.0,0.0,0.0,0.0
2025/12/15,23:10:57,0,0.0,213.0,446.0,246.0,14.0,221.0,3.0,1.0,0.0,0.0,0.0,0.0
2025/12/15,23:11:02,0,0.0,199.0,448.0,246.0,38.0,219.0,6.0,4.0,0.0,0.0,0.0,0.0
2025/12/15,23:11:07,0,0.0,219.0,448.0,245.0,11.0,219.0,2.0,1.0,0.0,0.0,0.0,0.0
2025/12/15,23:11:12,0,0.0,202.0,447.0,246.0,39.0,220.0,6.0,4.0,0.0,0.0,0.0,0.0
2025/12/15,23:11:17,0,0.0,212.0,448.0,244.0,7.0,220.0,1.0,0.0,0.0,0.0,0.0,0.0
2025/12/15,23:11:22,0,0.0,195.0,447.0,245.0,42.0,218.0,8.0,4.0,0.0,0.0,0.0,0.0
2025/12/15,23:11:27,0,0.0,203.0,447.0,244.0,19.0,220.0,3.0,1.0,0.0,0.0,0.0,0.0
2025/12/15,23:11:32,0,0.0,210.0,448.0,247.0,16.0,220.0,3.0,1.0,0.0,0.0,0.0,0.0
2025/12/15,23:11:37,0,0.0,200.0,447.0,245.0,39.0,219.0,6.0,4.0,0.0,0.0,0.0,0.0
2025/12/15,23:11:42,0,0.0,218.0,449.0,245.0,10.0,220.0,1.0,0.0,0.0,0.0,0.0,0.0
2025/12/15,23:11:47,0,0.0,211.0,449.0,246.0,19.0,221.0,5.0,1.0,0.0,0.0,0.0,0.0
2025/12/15,23:11:52,0,0.0,200.0,448.0,245.0,38.0,221.0,6.0,4.0,0.0,0.0,0.0,0.0
2025/12/15,23:11:57,0,0.0,199.0,448.0,247.0,40.0,220.0,7.0,4.0,0.0,0.0,0.0,0.0
2025/12/15,23:12:02,0,0.0,204.0,449.0,246.0,24.0,220.0,3.0,3.0,0.0,0.0,0.0,0.0
2025/12/15,23:12:07,0,0.0,214.0,449.0,245.0,8.0,220.0,1.0,0.0,0.0,0.0,0.0,0.0
2025/12/15,23:12:12,0,0.0,215.0,448.0,245.0,16.0,220.0,3.0,1.0,0.0,0.0,0.0,0.0
2025/12/15,23:12:17,0,0.0,196.0,448.0,245.0,40.0,220.0,7.0,5.0,0.0,0.0,0.0,0.0
2025/12/15,23:12:22,0,0.0,201.0,448.0,246.0,39.0,221.0,6.0,5.0,0.0,0.0,0.0,0.0
2025/12/15,23:12:27,0,0.0,206.0,446.0,245.0,11.0,220.0,0.0,0.0,0.0,0.0,0.0,0.0
2025/12/15,23:12:32,0,0.0,217.0,445.0,245.0,10.0,218.0,2.0,1.0,0.0,0.0,0.0,0.0
2025/12/15,23:12:37,0,0.0,208.0,448.0,246.0,21.0,220.0,3.0,1.0,0.0,0.0,0.0,0.0
2025/12/15,23:12:42,0,0.0,195.0,444.0,245.0,42.0,220.0,7.0,5.0,0.0,0.0,0.0,0.0
2025/12/15,23:12:47,0,0.0,200.0,447.0,245.0,38.0,219.0,6.0,5.0,0.0,0.0,0.0,0.0
2025/12/15,23:12:52,0,0.0,200.0,448.0,245.0,10.0,220.0,0.0,0.0,0.0,0.0,0.0,0.0
2025/12/15,23:12:57,0,1.0,218.0,446.0,246.0,13.0,220.0,2.0,1.0,0.0,0.0,0.0,0.0
2025/12/15,23:13:02,0,0.0,198.0,448.0,246.0,40.0,219.0,6.0,5.0,0.0,0.0,0.0,0.0
2025/12/15,23:13:07,0,0.0,213.0,449.0,245.0,9.0,220.0,1.0,0.0,0.0,0.0,0.0,0.0
2025/12/15,23:13:12,0,1.0,204.0,448.0,245.0,40.0,220.0,6.0,4.0,0.0,0.0,0.0,0.0
2025/12/15,23:13:17,0,0.0,213.0,448.0,245.0,14.0,219.0,2.0,1.0,0.0,0.0,0.0,0.0
2025/12/15,23:13:22,0,0.0,203.0,447.0,244.0,17.0,219.0,2.0,1.0,0.0,0.0,0.0,0.0
2025/12/15,23:13:27,0,1.0,198.0,447.0,244.0,40.0,219.0,7.0,5.0,0.0,0.0,0.0,0.0
2025/12/15,23:13:32,0,0.0,216.0,449.0,246.0,10.0,221.0,1.0,0.0,0.0,0.0,0.0,0.0
2025/12/15,23:13:37,0,0.0,199.0,448.0,245.0,38.0,220.0,7.0,4.0,0.0,0.0,0.0,0.0
2025/12/15,23:13:42,0,0.0,208.0,448.0,246.0,24.0,220.0,4.0,2.0,0.0,0.0,0.0,0.0
2025/12/15,23:13:47,0,0.0,204.0,449.0,245.0,9.0,219.0,2.0,0.0,0.0,0.0,0.0,0.0
2025/12/15,23:13:52,0,0.0,197.0,447.0,245.0,41.0,219.0,8.0,4.0,0.0,0.0,0.0,0.0
2025/12/15,23:13:57,0,1.0,216.0,449.0,246.0,9.0,221.0,1.0,0.0,0.0,0.0,0.0,0.0
2025/12/15,23:14:02,0,0.0,201.0,447.0,245.0,40.0,219.0,7.0,4.0,0.0,0.0,0.0,0.0
2025/12/15,23:14:07,0,0.0,214.0,449.0,244.0,14.0,219.0,3.0,1.0,0.0,0.0,0.0,0.0
2025/12/15,23:14:12,0,1.0,203.0,448.0,245.0,26.0,220.0,3.0,2.0,0.0,0.0,0.0,0.0
2025/12/15,23:14:51,0,0.0,203.0,447.0,245.0,42.0,220.0,8.0,5.0,0.0,0.0,0.0,0.0
2025/12/15,23:14:56,0,1.0,200.0,448.0,245.0,34.0,220.0,6.0,4.0,0.0,0.0,0.0,0.0
2025/12/15,23:15:01,0,0.0,203.0,449.0,244.0,18.0,220.0,2.0,2.0,0.0,0.0,0.0,0.0
2025/12/15,23:15:06,0,0.0,217.0,449.0,245.0,9.0,219.0,2.0,0.0,0.0,0.0,0.0,0.0
2025/12/15,23:15:11,0,0.0,218.0,450.0,243.0,13.0,220.0,1.0,0.0,0.0,0.0,0.0,0.0
2025/12/15,23:15:16,0,1.0,210.0,448.0,245.0,23.0,220.0,4.0,2.0,0.0,0.0,0.0,0.0
2025/12/15,23:15:21,0,0.0,193.0,447.0,244.0,39.0,219.0,7.0,5.0,0.0,0.0,0.0,0.0
2025/12/15,23:15:26,0,0.0,204.0,448.0,245.0,38.0,220.0,6.0,4.0,0.0,0.0,0.0,0.0
2025/12/15,23:15:31,0,0.0,204.0,448.0,244.0,22.0,220.0,3.0,2.0,0.0,0.0,0.0,0.0
2025/12/15,23:15:36,0,0.0,209.0,450.0,243.0,9.0,221.0,1.0,0.0,0.0,0.0,0.0,0.0
2025/12/15,23:15:41,0,0.0,215.0,448.0,245.0,13.0,220.0,2.0,0.0,0.0,0.0,0.0,0.0
2025/12/15,23:15:46,0,0.0,213.0,448.0,243.0,14.0,218.0,3.0,1.0,0.0,0.0,0.0,0.0
2025/12/15,23:15:51,0,1.0,196.0,448.0,245.0,40.0,220.0,6.0,5.0,0.0,0.0,0.0,0.0
2025/12/15,23:15:56,0,1.0,205.0,447.0,245.0,37.0,222.0,6.0,4.0,0.0,0.0,0.0,0.0
2025/12/15,23:16:01,0,0.0,204.0,448.0,244.0,17.0,221.0,2.0,1.0,0.0,0.0,0.0,0.0
2025/12/15,23:16:06,0,0.0,218.0,447.0,246.0,11.0,220.0,1.0,0.0,0.0,0.0,0.0,0.0
2025/12/15,23:16:11,0,0.0,197.0,445.0,245.0,38.0,219.0,7.0,4.0,0.0,0.0,0.0,0.0
2025/12/15,23:16:16,0,0.0,201.0,447.0,244.0,41.0,219.0,6.0,4.0,0.0,0.0,0.0,0.0
2025/12/15,23:16:21,0,0.0,204.0,447.0,245.0,10.0,220.0,1.0,0.0,0.0,0.0,0.0,0.0
2025/12/15,23:16:26,0,1.0,214.0,449.0,247.0,13.0,219.0,3.0,0.0,0.0,0.0,0.0,0.0
2025/12/15,23:16:31,0,0.0,197.0,445.0,245.0,42.0,219.0,7.0,5.0,0.0,0.0,0.0,0.0
2025/12/15,23:16:36,0,0.0,201.0,447.0,245.0,33.0,219.0,5.0,3.0,0.0,0.0,0.0,0.0
2025/12/15,23:16:41,0,0.0,207.0,449.0,246.0,11.0,220.0,1.0,0.0,0.0,0.0,0.0,0.0
2025/12/15,23:16:46,0,0.0,223.0,446.0,245.0,14.0,220.0,2.0,1.0,0.0,0.0,0.0,0.0
2025/12/15,23:16:51,0,1.0,205.0,447.0,245.0,30.0,221.0,5.0,4.0,0.0,0.0,0.0,0.0
2025/12/15,23:16:56,0,0.0,203.0,446.0,245.0,38.0,219.0,6.0,4.0,0.0,0.0,0.0,0.0
2025/12/15,23:17:01,0,0.0,204.0,446.0,245.0,19.0,220.0,3.0,2.0,0.0,0.0,0.0,0.0
2025/12/15,23:17:06,0,0.0,216.0,446.0,245.0,8.0,220.0,1.0,0.0,0.0,0.0,0.0,0.0
2025/12/15,23:17:11,0,0.0,204.0,446.0,245.0,26.0,220.0,5.0,2.0,0.0,0.0,0.0,0.0
2025/12/15,23:17:16,0,0.0,202.0,442.0,245.0,41.0,219.0,7.0,5.0,0.0,0.0,0.0,0.0
2025/12/15,23:17:21,0,0.0,202.0,446.0,246.0,22.0,221.0,3.0,2.0,0.0,0.0,0.0,0.0
2025/12/15,23:17:26,0,0.0,215.0,446.0,245.0,9.0,219.0,2.0,0.0,0.0,0.0,0.0,0.0
2025/12/15,23:17:31,0,1.0,209.0,446.0,245.0,19.0,220.0,3.0,2.0,0.0,0.0,0.0,0.0
2025/12/15,23:17:36,0,0.0,194.0,443.0,245.0,40.0,220.0,7.0,4.0,0.0,0.0,0.0,0.0
2025/12/15,23:17:41,0,0.0,199.0,445.0,245.0,40.0,219.0,7.0,5.0,0.0,0.0,0.0,0.0
2025/12/15,23:17:46,0,0.0,200.0,445.0,245.0,37.0,219.0,6.0,4.0,0.0,0.0,0.0,0.0
2025/12/15,23:17:51,0,0.0,206.0,448.0,244.0,10.0,220.0,1.0,0.0,0.0,0.0,0.0,0.0
2025/12/15,23:17:56,0,0.0,215.0,447.0,246.0,16.0,219.0,3.0,0.0,0.0,0.0,0.0,0.0
2025/12/15,23:18:01,0,0.0,194.0,446.0,245.0,40.0,220.0,7.0,5.0,0.0,0.0,0.0,0.0
2025/12/15,23:18:06,0,1.0,204.0,446.0,245.0,37.0,220.0,6.0,4.0,0.0,0.0,0.0,0.0
2025/12/15,23:18:11,0,0.0,202.0,447.0,246.0,29.0,221.0,5.0,3.0,0.0,0.0,0.0,0.0
2025/12/15,23:18:16,0,0.0,208.0,448.0,245.0,8.0,221.0,1.0,0.0,0.0,0.0,0.0,0.0
2025/12/15,23:18:21,0,0.0,221.0,448.0,245.0,12.0,220.0,3.0,1.0,0.0,0.0,0.0,0.0
2025/12/15,23:18:26,0,0.0,211.0,447.0,245.0,18.0,219.0,3.0,3.0,0.0,0.0,0.0,0.0
2025/12/15,23:18:31,0,0.0,194.0,447.0,246.0,41.0,219.0,8.0,4.0,0.0,0.0,0.0,0.0
2025/12/15,23:18:36,0,0.0,204.0,446.0,246.0,36.0,219.0,6.0,4.0,0.0,0.0,0.0,0.0
2025/12/15,23:18:41,0,0.0,205.0,447.0,245.0,25.0,220.0,4.0,3.0,0.0,0.0,0.0,0.0
2025/12/15,23:18:46,0,0.0,208.0,447.0,245.0,9.0,219.0,1.0,0.0,0.0,0.0,0.0,0.0
2025/12/15,23:18:51,0,1.0,219.0,448.0,245.0,12.0,220.0,2.0,0.0,0.0,0.0,0.0,0.0
2025/12/15,23:18:56,0,0.0,195.0,448.0,246.0,43.0,219.0,8.0,4.0,0.0,0.0,0.0,0.0
2025/12/15,23:19:01,0,0.0,201.0,447.0,245.0,41.0,220.0,6.0,5.0,0.0,0.0,0.0,0.0
2025/12/15,23:19:06,0,0.0,198.0,447.0,245.0,38.0,218.0,6.0,4.0,0.0,0.0,0.0,0.0
2025/12/15,23:19:11,0,0.0,203.0,446.0,245.0,22.0,218.0,4.0,2.0,0.0,0.0,0.0,0.0
2025/12/15,23:19:16,0,0.0,208.0,447.0,244.0,9.0,220.0,1.0,0.0,0.0,0.0,0.0,0.0
2025/12/15,23:19:21,0,0.0,218.0,446.0,245.0,11.0,219.0,3.0,0.0,0.0,0.0,0.0,0.0
2025/12/15,23:19:26,0,0.0,193.0,445.0,245.0,42.0,219.0,7.0,5.0,0.0,0.0,0.0,0.0
2025/12/15,23:19:31,0,0.0,205.0,447.0,243.0,38.0,219.0,7.0,4.0,0.0,0.0,0.0,0.0
2025/12/15,23:19:36,0,1.0,201.0,448.0,247.0,28.0,219.0,5.0,2.0,0.0,0.0,0.0,0.0
2025/12/15,23:19:41,0,0.0,210.0,448.0,246.0,9.0,221.0,1.0,0.0,0.0,0.0,0.0,0.0
2025/12/15,23:19:46,0,0.0,219.0,449.0,244.0,14.0,220.0,2.0,0.0,0.0,0.0,0.0,0.0
2025/12/15,23:19:51,0,0.0,195.0,444.0,245.0,38.0,219.0,7.0,4.0,0.0,0.0,0.0,0.0
2025/12/15,23:19:56,0,0.0,204.0,448.0,245.0,38.0,220.0,6.0,4.0,0.0,0.0,0.0,0.0
2025/12/15,23:20:01,0,0.0,202.0,448.0,246.0,21.0,219.0,3.0,2.0,0.0,0.0,0.0,0.0
2025/12/15,23:20:06,0,0.0,212.0,447.0,245.0,8.0,218.0,1.0,0.0,0.0,0.0,0.0,0.0
2025/12/15,23:20:11,0,0.0,215.0,449.0,246.0,12.0,221.0,2.0,1.0,0.0,0.0,0.0,0.0
2025/12/15,23:20:16,0,1.0,204.0,447.0,243.0,34.0,219.0,6.0,3.0,0.0,0.0,0.0,0.0
2025/12/15,23:20:21,0,0.0,200.0,447.0,245.0,40.0,220.0,6.0,5.0,0.0,0.0,0.0,0.0
2025/12/15,23:20:26,0,0.0,201.0,447.0,245.0,26.0,219.0,5.0,2.0,0.0,0.0,0.0,0.0
2025/12/15,23:20:31,0,0.0,213.0,448.0,243.0,8.0,219.0,1.0,0.0,0.0,0.0,0.0,0.0
2025/12/15,23:20:36,0,0.0,213.0,447.0,244.0,22.0,219.0,4.0,1.0,0.0,0.0,0.0,0.0
2025/12/15,23:20:41,0,0.0,200.0,446.0,244.0,43.0,219.0,7.0,5.0,0.0,0.0,0.0,0.0
2025/12/15,23:20:46,0,0.0,202.0,447.0,246.0,19.0,220.0,3.0,2.0,0.0,0.0,0.0,0.0
2025/12/15,23:20:51,0,0.0,218.0,447.0,243.0,10.0,219.0,2.0,0.0,0.0,0.0,0.0,0.0
2025/12/15,23:20:56,0,0.0,197.0,446.0,245.0,41.0,220.0,7.0,5.0,0.0,0.0,0.0,0.0
2025/12/15,23:21:01,0,0.0,203.0,447.0,244.0,13.0,219.0,1.0,0.0,0.0,0.0,0.0,0.0
2025/12/15,23:21:06,0,0.0,211.0,448.0,245.0,17.0,220.0,4.0,1.0,0.0,0.0,0.0,0.0
2025/12/15,23:21:11,0,0.0,200.0,447.0,245.0,41.0,221.0,7.0,4.0,0.0,0.0,0.0,0.0
2025/12/15,23:21:16,0,0.0,221.0,448.0,246.0,11.0,220.0,1.0,0.0,0.0,0.0,0.0,0.0
2025/12/15,23:21:21,0,0.0,202.0,446.0,244.0,43.0,220.0,8.0,4.0,0.0,0.0,0.0,0.0
2025/12/15,23:21:26,0,0.0,214.0,447.0,245.0,9.0,219.0,1.0,0.0,0.0,0.0,0.0,0.0
2025/12/15,23:21:31,0,0.0,196.0,446.0,245.0,42.0,220.0,8.0,5.0,0.0,0.0,0.0,0.0
2025/12/15,23:21:36,0,0.0,201.0,447.0,245.0,27.0,219.0,4.0,2.0,0.0,0.0,0.0,0.0
2025/12/15,23:21:41,0,0.0,218.0,448.0,245.0,11.0,219.0,1.0,0.0,0.0,0.0,0.0,0.0
2025/12/15,23:21:46,0,2.0,200.0,446.0,245.0,41.0,220.0,7.0,4.0,0.0,0.0,0.0,0.0
2025/12/15,23:21:51,0,0.0,207.0,447.0,245.0,11.0,219.0,2.0,0.0,0.0,0.0,0.0,0.0
2025/12/15,23:21:56,0,0.0,209.0,447.0,243.0,20.0,219.0,4.0,1.0,0.0,0.0,0.0,0.0
2025/12/15,23:22:01,0,0.0,205.0,444.0,245.0,39.0,219.0,6.0,4.0,0.0,0.0,0.0,0.0
2025/12/15,23:22:06,0,0.0,210.0,448.0,245.0,9.0,220.0,1.0,0.0,0.0,0.0,0.0,0.0
2025/12/15,23:22:11,0,0.0,198.0,446.0,245.0,41.0,220.0,8.0,4.0,0.0,0.0,0.0,0.0
2025/12/15,23:22:16,0,0.0,218.0,447.0,245.0,11.0,220.0,1.0,0.0,0.0,0.0,0.0,0.0
2025/12/15,23:22:21,0,0.0,198.0,444.0,245.0,38.0,219.0,6.0,4.0,0.0,0.0,0.0,0.0
2025/12/15,23:22:26,0,0.0,209.0,447.0,245.0,21.0,220.0,3.0,2.0,0.0,0.0,0.0,0.0
2025/12/15,23:22:31,0,0.0,203.0,447.0,245.0,27.0,220.0,4.0,2.0,0.0,0.0,0.0,0.0
2025/12/15,23:22:36,0,0.0,222.0,446.0,245.0,12.0,221.0,2.0,1.0,0.0,0.0,0.0,0.0
2025/12/15,23:22:41,0,0.0,195.0,447.0,244.0,36.0,219.0,6.0,4.0,0.0,0.0,0.0,0.0
2025/12/15,23:22:46,0,0.0,200.0,446.0,244.0,38.0,219.0,7.0,4.0,0.0,0.0,0.0,0.0
2025/12/15,23:22:51,0,0.0,205.0,448.0,245.0,10.0,219.0,2.0,0.0,0.0,0.0,0.0,0.0
2025/12/15,23:22:56,0,0.0,219.0,448.0,245.0,12.0,219.0,2.0,0.0,0.0,0.0,0.0,0.0
2025/12/15,23:23:01,0,0.0,206.0,446.0,245.0,27.0,214.0,4.0,3.0,0.0,0.0,0.0,0.0
2025/12/15,23:23:06,0,0.0,199.0,446.0,244.0,40.0,219.0,7.0,4.0,0.0,0.0,0.0,0.0
2025/12/15,23:23:11,0,0.0,201.0,447.0,245.0,37.0,221.0,5.0,4.0,0.0,0.0,0.0,0.0
2025/12/15,23:23:16,0,0.0,204.0,447.0,244.0,17.0,219.0,2.0,1.0,0.0,0.0,0.0,0.0
2025/12/15,23:23:21,0,0.0,210.0,448.0,245.0,8.0,220.0,1.0,0.0,0.0,0.0,0.0,0.0
2025/12/15,23:23:26,0,0.0,221.0,449.0,245.0,14.0,220.0,3.0,1.0,0.0,0.0,0.0,0.0
2025/12/15,23:23:31,0,0.0,207.0,448.0,246.0,28.0,221.0,4.0,3.0,0.0,0.0,0.0,0.0
2025/12/15,23:23:36,0,0.0,197.0,446.0,245.0,41.0,219.0,7.0,5.0,0.0,0.0,0.0,0.0
2025/12/15,23:23:41,0,0.0,199.0,447.0,246.0,38.0,219.0,6.0,4.0,0.0,0.0,0.0,0.0
2025/12/15,23:23:46,0,0.0,209.0,448.0,244.0,11.0,219.0,2.0,0.0,0.0,0.0,0.0,0.0
2025/12/15,23:23:51,0,0.0,220.0,448.0,246.0,11.0,218.0,2.0,1.0,0.0,0.0,0.0,0.0
2025/12/15,23:23:56,0,0.0,204.0,447.0,245.0,23.0,218.0,5.0,3.0,0.0,0.0,0.0,0.0
2025/12/15,23:24:01,0,1.0,198.0,447.0,244.0,42.0,219.0,7.0,5.0,0.0,0.0,0.0,0.0
2025/12/15,23:24:06,0,0.0,199.0,447.0,244.0,41.0,219.0,7.0,4.0,0.0,0.0,0.0,0.0
2025/12/15,23:24:11,0,0.0,203.0,448.0,246.0,19.0,221.0,3.0,1.0,0.0,0.0,0.0,0.0
2025/12/15,23:24:16,0,0.0,214.0,449.0,243.0,10.0,219.0,1.0,0.0,0.0,0.0,0.0,0.0
2025/12/15,23:24:21,0,0.0,213.0,447.0,243.0,19.0,220.0,3.0,1.0,0.0,0.0,0.0,0.0
2025/12/15,23:24:52,0,1.0,207.0,448.0,246.0,28.0,219.0,6.0,4.0,0.0,0.0,0.0,0.0
2025/12/15,23:24:55,0,0.0,199.0,448.0,245.0,34.0,219.0,7.0,4.0,0.0,0.0,0.0,0.0
2025/12/15,23:25:00,0,0.0,212.0,448.0,245.0,9.0,218.0,1.0,0.0,0.0,0.0,0.0,0.0
2025/12/15,23:25:05,0,0.0,207.0,448.0,246.0,22.0,220.0,5.0,1.0,0.0,0.0,0.0,0.0
2025/12/15,23:25:10,0,0.0,198.0,447.0,245.0,40.0,221.0,7.0,5.0,0.0,0.0,0.0,0.0
2025/12/15,23:25:15,0,0.0,202.0,444.0,245.0,36.0,218.0,6.0,4.0,0.0,0.0,0.0,0.0
2025/12/15,23:25:20,0,0.0,210.0,447.0,245.0,10.0,219.0,1.0,0.0,0.0,0.0,0.0,0.0
2025/12/15,23:25:25,0,2.0,209.0,446.0,246.0,23.0,220.0,4.0,2.0,0.0,0.0,0.0,0.0
2025/12/15,23:25:30,0,0.0,202.0,445.0,245.0,40.0,218.0,7.0,5.0,0.0,0.0,0.0,0.0
2025/12/15,23:25:35,0,0.0,202.0,447.0,246.0,18.0,220.0,2.0,1.0,0.0,0.0,0.0,0.0
2025/12/15,23:25:40,0,0.0,218.0,448.0,246.0,10.0,220.0,2.0,1.0,0.0,0.0,0.0,0.0
2025/12/15,23:25:45,0,0.0,197.0,444.0,245.0,42.0,220.0,7.0,4.0,0.0,0.0,0.0,0.0
2025/12/15,23:25:50,0,0.0,203.0,447.0,245.0,22.0,220.0,3.0,2.0,0.0,0.0,0.0,0.0
2025/12/15,23:25:55,0,0.0,213.0,447.0,245.0,15.0,219.0,2.0,1.0,0.0,0.0,0.0,0.0
2025/12/15,23:26:00,0,0.0,202.0,447.0,245.0,38.0,219.0,6.0,4.0,0.0,0.0,0.0,0.0
2025/12/15,23:26:05,0,0.0,216.0,445.0,245.0,13.0,219.0,3.0,0.0,0.0,0.0,0.0,0.0
2025/12/15,23:26:10,0,0.0,201.0,446.0,244.0,34.0,219.0,6.0,4.0,0.0,0.0,0.0,0.0
2025/12/15,23:26:15,0,0.0,207.0,446.0,244.0,23.0,219.0,4.0,1.0,0.0,0.0,0.0,0.0
2025/12/15,23:26:20,0,0.0,204.0,447.0,245.0,25.0,219.0,3.0,2.0,0.0,0.0,0.0,0.0
2025/12/15,23:26:25,0,1.0,200.0,446.0,246.0,32.0,219.0,6.0,3.0,0.0,0.0,0.0,0.0
2025/12/15,23:26:30,0,1.0,205.0,448.0,243.0,20.0,221.0,3.0,1.0,0.0,0.0,0.0,0.0
2025/12/15,23:26:35,0,2.0,206.0,447.0,244.0,27.0,219.0,5.0,2.0,0.0,0.0,0.0,0.0
2025/12/15,23:26:40,0,0.0,205.0,446.0,245.0,25.0,219.0,4.0,2.0,0.0,0.0,0.0,0.0
2025/12/15,23:26:45,0,0.0,208.0,447.0,246.0,24.0,220.0,4.0,2.0,0.0,0.0,0.0,0.0
2025/12/15,23:26:50,0,0.0,203.0,445.0,245.0,34.0,219.0,5.0,3.0,0.0,0.0,0.0,0.0
2025/12/15,23:26:55,0,0.0,215.0,448.0,245.0,12.0,221.0,3.0,0.0,0.0,0.0,0.0,0.0
2025/12/15,23:27:00,0,0.0,204.0,445.0,245.0,40.0,218.0,7.0,5.0,0.0,0.0,0.0,0.0
2025/12/15,23:27:05,0,0.0,215.0,448.0,245.0,9.0,220.0,1.0,0.0,0.0,0.0,0.0,0.0
2025/12/15,23:27:10,0,0.0,198.0,446.0,244.0,43.0,219.0,8.0,4.0,0.0,0.0,0.0,0.0
2025/12/15,23:27:15,0,0.0,217.0,448.0,245.0,8.0,219.0,2.0,0.0,0.0,0.0,0.0,0.0
2025/12/15,23:27:20,0,0.0,205.0,443.0,245.0,40.0,220.0,6.0,4.0,0.0,0.0,0.0,0.0
2025/12/15,23:27:25,0,0.0,215.0,448.0,245.0,17.0,220.0,1.0,0.0,0.0,0.0,0.0,0.0
2025/12/15,23:27:30,0,1.0,203.0,447.0,245.0,30.0,220.0,5.0,3.0,0.0,0.0,0.0,0.0
2025/12/15,23:27:35,0,0.0,201.0,447.0,245.0,33.0,220.0,5.0,3.0,0.0,0.0,0.0,0.0
2025/12/15,23:27:40,0,1.0,206.0,447.0,244.0,9.0,219.0,1.0,0.0,0.0,0.0,0.0,0.0
2025/12/15,23:27:45,0,0.0,199.0,447.0,245.0,45.0,220.0,8.0,4.0,0.0,0.0,0.0,0.0
2025/12/15,23:27:50,0,0.0,216.0,448.0,245.0,10.0,219.0,1.0,0.0,0.0,0.0,0.0,0.0
2025/12/15,23:27:55,0,0.0,204.0,446.0,246.0,41.0,219.0,8.0,4.0,0.0,0.0,0.0,0.0
2025/12/15,23:28:00,0,0.0,221.0,447.0,245.0,12.0,219.0,3.0,1.0,0.0,0.0,0.0,0.0
2025/12/15,23:28:05,0,0.0,199.0,443.0,245.0,41.0,220.0,7.0,5.0,0.0,0.0,0.0,-0.0008
2025/12/15,23:28:10,0,0.0,205.0,448.0,245.0,10.0,219.0,1.0,0.0,0.0,0.0,0.0,0.0
2025/12/15,23:28:15,0,0.0,206.0,448.0,245.0,23.0,220.0,5.0,2.0,0.0,0.0,0.0,0.0
2025/12/15,23:28:20,0,0.0,202.0,446.0,245.0,40.0,220.0,6.0,5.0,0.0,0.0,0.0,0.0
2025/12/15,23:28:25,0,0.0,209.0,448.0,245.0,9.0,219.0,1.0,0.0,0.0,0.0,0.0,0.0
2025/12/15,23:28:30,0,0.0,205.0,448.0,245.0,31.0,220.0,5.0,2.0,0.0,0.0,0.0,0.0
2025/12/15,23:28:35,0,0.0,200.0,446.0,245.0,37.0,220.0,6.0,4.0,-0.0008,0.0,0.0,0.0
2025/12/15,23:28:40,0,0.0,217.0,448.0,244.0,11.0,219.0,3.0,1.0,0.0,0.0,0.0,0.0
2025/12/15,23:28:45,0,0.0,201.0,447.0,245.0,41.0,220.0,7.0,4.0,0.0,0.0,0.0,0.0
2025/12/15,23:28:50,0,0.0,219.0,448.0,245.0,10.0,220.0,1.0,0.0,0.0,0.0,0.0,0.0
2025/12/15,23:28:55,0,0.0,198.0,447.0,245.0,44.0,219.0,8.0,5.0,0.0,0.0,0.0,0.0
2025/12/15,23:29:00,0,0.0,210.0,448.0,243.0,10.0,219.0,1.0,0.0,0.0,0.0,0.0,0.0
2025/12/15,23:29:05,0,0.0,199.0,448.0,245.0,34.0,219.0,7.0,3.0,0.0,0.0,0.0,0.0
2025/12/15,23:29:10,0,0.0,198.0,447.0,245.0,37.0,220.0,6.0,4.0,0.0,0.0,0.0,0.0
2025/12/15,23:29:15,0,0.0,212.0,447.0,245.0,9.0,219.0,1.0,0.0,0.0,0.0,0.0,0.0
2025/12/15,23:29:20,0,0.0,213.0,448.0,245.0,19.0,220.0,4.0,0.0,0.0,0.0,0.0,0.0
2025/12/15,23:29:25,0,0.0,196.0,447.0,246.0,41.0,219.0,8.0,4.0,0.0,0.0,0.0,0.0
2025/12/15,23:29:30,0,0.0,198.0,446.0,245.0,39.0,219.0,6.0,4.0,0.0,0.0,0.0,0.0
2025/12/15,23:29:35,0,0.0,209.0,449.0,245.0,10.0,220.0,1.0,0.0,0.0,0.0,0.0,0.0
2025/12/15,23:29:40,0,0.0,209.0,448.0,245.0,23.0,220.0,4.0,1.0,0.0,0.0,0.0,0.0
2025/12/15,23:29:45,0,0.0,197.0,444.0,245.0,42.0,218.0,7.0,5.0,0.0,0.0,0.0,0.0
2025/12/15,23:29:50,0,0.0,201.0,448.0,245.0,33.0,219.0,5.0,3.0,0.0,0.0,0.0,0.0
2025/12/15,23:29:55,0,0.0,205.0,448.0,245.0,8.0,219.0,2.0,0.0,0.0,0.0,0.0,0.0
2025/12/15,23:30:00,0,0.0,213.0,449.0,245.0,11.0,220.0,1.0,0.0,0.0,0.0,0.0,0.0
2025/12/15,23:30:05,0,3.0,206.0,449.0,246.0,28.0,220.0,5.0,2.0,0.0,0.0,0.0,0.0
2025/12/15,23:30:10,0,0.0,201.0,448.0,245.0,41.0,220.0,7.0,5.0,0.0,0.0,0.0,0.0
2025/12/15,23:30:15,0,0.0,204.0,448.0,245.0,15.0,219.0,1.0,1.0,0.0,0.0,0.0,0.0
2025/12/15,23:30:20,0,0.0,213.0,447.0,245.0,15.0,221.0,4.0,1.0,0.0,0.0,0.0,0.0
2025/12/15,23:30:25,0,0.0,202.0,447.0,245.0,42.0,220.0,6.0,4.0,0.0,0.0,0.0,0.0
2025/12/15,23:30:30,0,0.0,207.0,449.0,245.0,9.0,219.0,1.0,0.0,0.0,0.0,0.0,0.0
2025/12/15,23:30:35,0,0.0,206.0,447.0,245.0,29.0,220.0,6.0,3.0,0.0,0.0,0.0,0.0
2025/12/15,23:30:40,0,1.0,199.0,447.0,243.0,35.0,219.0,6.0,4.0,0.0,0.0,0.0,0.0
2025/12/15,23:30:45,0,0.0,219.0,448.0,245.0,10.0,220.0,2.0,1.0,0.0,0.0,0.0,0.0
2025/12/15,23:30:50,0,0.0,204.0,447.0,245.0,40.0,220.0,6.0,4.0,0.0,0.0,0.0,0.0
2025/12/15,23:30:55,0,0.0,221.0,447.0,245.0,13.0,219.0,3.0,0.0,0.0,0.0,0.0,0.0
2025/12/15,23:31:00,0,0.0,206.0,445.0,245.0,39.0,220.0,6.0,4.0,0.0,0.0,0.0,0.0
2025/12/15,23:31:05,0,0.0,212.0,448.0,243.0,11.0,219.0,1.0,0.0,0.0,0.0,0.0,0.0
2025/12/15,23:31:10,0,0.0,192.0,447.0,245.0,49.0,219.0,9.0,4.0,0.0,0.0,0.0,0.0
2025/12/15,23:31:15,0,0.0,200.0,447.0,245.0,35.0,218.0,6.0,4.0,0.0,0.0,0.0,0.0
2025/12/15,23:31:20,0,0.0,213.0,449.0,245.0,10.0,220.0,1.0,0.0,0.0,0.0,0.0,0.0
2025/12/15,23:31:25,0,0.0,207.0,449.0,245.0,21.0,219.0,4.0,1.0,0.0,0.0,0.0,0.0
2025/12/15,23:31:30,0,1.0,199.0,447.0,245.0,43.0,220.0,7.0,4.0,0.0,0.0,0.0,0.0
2025/12/15,23:31:35,0,0.0,202.0,448.0,246.0,33.0,220.0,5.0,4.0,0.0,0.0,0.0,0.0
2025/12/15,23:31:40,0,0.0,206.0,449.0,245.0,11.0,221.0,1.0,0.0,0.0,0.0,0.0,0.0
2025/12/15,23:31:45,0,0.0,222.0,447.0,243.0,14.0,219.0,3.0,0.0,0.0,0.0,0.0,0.0
2025/12/15,23:31:50,0,0.0,202.0,448.0,244.0,36.0,221.0,6.0,3.0,0.0,0.0,0.0,0.0
2025/12/15,23:31:55,0,0.0,203.0,446.0,245.0,40.0,220.0,7.0,4.0,0.0,0.0,0.0,0.0
2025/12/15,23:32:00,0,0.0,202.0,448.0,245.0,29.0,220.0,4.0,2.0,0.0,0.0,0.0,0.0
2025/12/15,23:32:05,0,0.0,206.0,449.0,244.0,10.0,220.0,1.0,0.0,0.0,0.0,0.0,0.0
2025/12/15,23:32:10,0,0.0,219.0,448.0,244.0,13.0,219.0,4.0,0.0,0.0,0.0,0.0,0.0
2025/12/15,23:32:15,0,1.0,205.0,448.0,245.0,33.0,221.0,5.0,3.0,0.0,0.0,0.0,0.0
2025/12/15,23:32:20,0,0.0,202.0,447.0,244.0,40.0,219.0,7.0,4.0,0.0,0.0,0.0,0.0
2025/12/15,23:32:25,0,0.0,201.0,447.0,244.0,30.0,219.0,5.0,3.0,0.0,0.0,0.0,0.0
2025/12/15,23:32:30,0,0.0,206.0,446.0,245.0,10.0,218.0,2.0,0.0,0.0,0.0,0.0,0.0
2025/12/15,23:32:35,0,0.0,223.0,449.0,245.0,12.0,219.0,2.0,1.0,0.0,0.0,0.0,0.0
2025/12/15,23:32:40,0,0.0,205.0,448.0,245.0,26.0,220.0,4.0,2.0,0.0,0.0,0.0,0.0
2025/12/15,23:32:45,0,0.0,197.0,446.0,245.0,43.0,220.0,7.0,5.0,0.0,0.0,0.0,0.0
2025/12/15,23:32:50,0,0.0,201.0,448.0,245.0,31.0,220.0,4.0,3.0,-0.0008,0.0,0.0,0.0
2025/12/15,23:32:55,0,0.0,207.0,448.0,245.0,11.0,219.0,1.0,0.0,0.0,0.0,0.0,0.0
2025/12/15,23:33:00,0,0.0,221.0,448.0,243.0,14.0,220.0,3.0,0.0,0.0,0.0,0.0,0.0
2025/12/15,23:33:05,0,0.0,212.0,449.0,246.0,17.0,220.0,3.0,1.0,0.0,0.0,0.0,0.0
2025/12/15,23:33:10,0,0.0,192.0,445.0,245.0,42.0,221.0,8.0,5.0,0.0,0.0,0.0,0.0
2025/12/15,23:33:15,0,0.0,203.0,448.0,245.0,39.0,219.0,7.0,4.0,0.0,0.0,0.0,0.0
2025/12/15,23:33:20,0,0.0,203.0,447.0,245.0,21.0,220.0,3.0,2.0,0.0,0.0,0.0,0.0
2025/12/15,23:33:25,0,0.0,213.0,447.0,245.0,11.0,218.0,1.0,0.0,0.0,0.0,0.0,0.0
2025/12/15,23:33:30,0,0.0,211.0,447.0,245.0,21.0,220.0,3.0,1.0,0.0,0.0,0.0,0.0
2025/12/15,23:33:35,0,0.0,196.0,448.0,245.0,41.0,220.0,7.0,5.0,0.0,0.0,0.0,0.0
2025/12/15,23:33:40,0,0.0,201.0,447.0,245.0,39.0,220.0,6.0,5.0,0.0,0.0,0.0,0.0
2025/12/15,23:33:45,0,0.0,203.0,446.0,245.0,12.0,220.0,0.0,0.0,0.0,0.0,0.0,0.0
2025/12/15,23:33:50,0,0.0,223.0,448.0,245.0,11.0,220.0,2.0,1.0,0.0,0.0,0.0,0.0
2025/12/15,23:33:55,0,0.0,199.0,448.0,243.0,33.0,220.0,5.0,3.0,0.0,0.0,0.0,0.0
2025/12/15,23:34:00,0,0.0,206.0,447.0,244.0,40.0,219.0,6.0,4.0,0.0,0.0,0.0,0.0
2025/12/15,23:34:05,0,0.0,207.0,449.0,247.0,9.0,220.0,1.0,0.0,0.0,0.0,0.0,0.0
2025/12/15,23:34:10,0,0.0,197.0,449.0,245.0,40.0,220.0,7.0,4.0,0.0,0.0,0.0,0.0
2025/12/15,23:34:15,0,0.0,202.0,445.0,245.0,21.0,220.0,2.0,1.0,0.0,0.0,0.0,0.0
2025/12/15,23:34:20,0,0.0,204.0,447.0,245.0,30.0,219.0,6.0,3.0,0.0,0.0,0.0,0.0
2025/12/15,23:34:25,0,0.0,204.0,449.0,246.0,26.0,220.0,3.0,2.0,0.0,0.0,0.0,0.0
2025/12/15,23:34:30,0,0.0,204.0,447.0,245.0,28.0,219.0,5.0,3.0,0.0,0.0,0.0,0.0
2025/12/15,23:35:29,0,0.0,221.0,449.0,245.0,6.0,221.0,2.0,0.0,0.0,0.0,0.0,0.0
2025/12/15,23:35:34,0,0.0,203.0,447.0,245.0,30.0,221.0,4.0,3.0,0.0,0.0,0.0,0.0
2025/12/15,23:35:39,0,0.0,214.0,448.0,244.0,9.0,219.0,2.0,0.0,0.0,0.0,0.0,0.0
2025/12/15,23:35:44,0,0.0,212.0,448.0,244.0,14.0,220.0,2.0,1.0,0.0,0.0,0.0,0.0
2025/12/15,23:35:49,0,0.0,195.0,448.0,245.0,42.0,221.0,7.0,5.0,-0.0008,0.0,0.0,0.0
2025/12/15,23:35:54,0,0.0,199.0,447.0,242.0,40.0,220.0,6.0,5.0,0.0,0.0,0.0,0.0
2025/12/15,23:35:59,0,0.0,209.0,449.0,245.0,10.0,221.0,1.0,0.0,0.0,0.0,0.0,0.0
2025/12/15,23:36:04,0,0.0,204.0,449.0,245.0,31.0,220.0,6.0,3.0,0.0,0.0,0.0,0.0
2025/12/15,23:36:09,0,1.0,198.0,448.0,245.0,39.0,220.0,6.0,5.0,0.0,0.0,0.0,0.0
2025/12/15,23:36:14,0,0.0,218.0,449.0,245.0,10.0,220.0,2.0,0.0,0.0,0.0,0.0,0.0
2025/12/15,23:36:19,0,0.0,198.0,448.0,245.0,41.0,220.0,7.0,5.0,0.0,0.0,0.0,0.0
2025/12/15,23:36:24,0,0.0,203.0,447.0,245.0,24.0,219.0,4.0,2.0,0.0,0.0,0.0,0.0
2025/12/15,23:36:29,0,2.0,221.0,449.0,245.0,11.0,220.0,2.0,0.0,0.0,0.0,0.0,0.0
2025/12/15,23:36:34,0,0.0,198.0,448.0,245.0,42.0,220.0,7.0,5.0,0.0,0.0,0.0,0.0
2025/12/15,23:36:39,0,0.0,203.0,448.0,244.0,25.0,220.0,4.0,2.0,0.0,0.0,0.0,0.0
2025/12/15,23:36:44,0,1.0,221.0,448.0,245.0,13.0,219.0,2.0,0.0,0.0,0.0,0.0,-0.0008
2025/12/15,23:36:49,0,0.0,198.0,448.0,245.0,42.0,220.0,7.0,5.0,0.0,0.0,0.0,0.0
2025/12/15,23:36:54,0,0.0,206.0,449.0,245.0,13.0,219.0,2.0,0.0,0.0,0.0,0.0,0.0
2025/12/15,23:36:59,0,0.0,206.0,448.0,245.0,26.0,219.0,5.0,2.0,0.0,0.0,0.0,0.0
2025/12/15,23:37:04,0,1.0,201.0,445.0,245.0,36.0,219.0,5.0,3.0,0.0,0.0,0.0,0.0
2025/12/15,23:37:09,0,0.0,221.0,446.0,245.0,12.0,218.0,3.0,0.0,0.0,0.0,0.0,0.0
2025/12/15,23:37:14,0,0.0,200.0,447.0,243.0,43.0,220.0,7.0,4.0,0.0,0.0,0.0,0.0
2025/12/15,23:37:19,0,0.0,209.0,450.0,245.0,10.0,220.0,1.0,0.0,0.0,0.0,0.0,0.0
2025/12/15,23:37:24,0,0.0,194.0,448.0,244.0,43.0,220.0,7.0,5.0,0.0,0.0,0.0,0.0
2025/12/15,23:37:29,0,1.0,204.0,447.0,245.0,14.0,219.0,2.0,1.0,0.0,0.0,0.0,0.0
2025/12/15,23:37:34,0,0.0,202.0,448.0,243.0,32.0,219.0,6.0,3.0,0.0,0.0,0.0,0.0
2025/12/15,23:37:39,0,0.0,201.0,449.0,245.0,16.0,220.0,2.0,1.0,0.0,0.0,0.0,0.0
2025/12/15,23:37:44,0,0.0,196.0,449.0,245.0,40.0,221.0,6.0,5.0,0.0,0.0,0.0,0.0
2025/12/15,23:37:49,0,0.0,211.0,448.0,243.0,12.0,219.0,2.0,0.0,0.0,0.0,0.0,-0.0008
2025/12/15,23:37:54,0,0.0,200.0,447.0,245.0,41.0,220.0,7.0,5.0,0.0,0.0,0.0,0.0
2025/12/15,23:37:59,0,0.0,219.0,449.0,245.0,15.0,220.0,2.0,0.0,0.0,0.0,0.0,0.0
2025/12/15,23:38:04,0,3.0,203.0,449.0,244.0,25.0,220.0,2.0,2.0,0.0,0.0,0.0,0.0
2025/12/15,23:38:09,0,0.0,203.0,447.0,244.0,40.0,219.0,7.0,5.0,0.0,0.0,0.0,0.0
2025/12/15,23:38:14,0,0.0,210.0,449.0,244.0,21.0,220.0,4.0,1.0,0.0,0.0,0.0,0.0
2025/12/15,23:38:19,0,0.0,206.0,449.0,244.0,13.0,220.0,1.0,0.0,0.0,0.0,0.0,0.0
2025/12/15,23:38:24,0,0.0,204.0,448.0,243.0,42.0,218.0,8.0,4.0,0.0,0.0,0.0,0.0
2025/12/15,23:38:29,0,0.0,210.0,449.0,244.0,14.0,219.0,3.0,1.0,0.0,0.0,0.0,0.0
2025/12/15,23:38:34,0,0.0,204.0,449.0,245.0,24.0,219.0,4.0,2.0,0.0,0.0,0.0,0.0
2025/12/15,23:38:39,0,0.0,198.0,448.0,243.0,35.0,218.0,7.0,3.0,0.0,0.0,0.0,0.0
2025/12/15,23:38:44,0,0.0,206.0,449.0,245.0,14.0,219.0,1.0,0.0,0.0,0.0,0.0,0.0
2025/12/15,23:38:49,0,0.0,198.0,448.0,245.0,43.0,220.0,8.0,4.0,0.0,0.0,0.0,0.0
2025/12/15,23:38:54,0,0.0,213.0,449.0,244.0,11.0,219.0,2.0,0.0,0.0,0.0,0.0,0.0
2025/12/15,23:38:59,0,0.0,202.0,447.0,245.0,40.0,219.0,7.0,4.0,0.0,0.0,0.0,0.0
2025/12/15,23:39:04,0,0.0,217.0,449.0,245.0,13.0,220.0,3.0,0.0,0.0,0.0,0.0,0.0
2025/12/15,23:39:09,0,0.0,203.0,448.0,244.0,31.0,220.0,4.0,3.0,0.0,0.0,0.0,0.0
2025/12/15,23:39:14,0,0.0,197.0,447.0,245.0,40.0,218.0,7.0,5.0,0.0,0.0,0.0,0.0
2025/12/15,23:39:19,0,0.0,216.0,449.0,244.0,11.0,220.0,2.0,0.0,0.0,0.0,0.0,0.0
2025/12/15,23:39:24,0,0.0,208.0,449.0,245.0,14.0,219.0,2.0,0.0,0.0,0.0,0.0,0.0
2025/12/15,23:39:29,0,0.0,202.0,447.0,244.0,34.0,220.0,5.0,4.0,0.0,0.0,0.0,0.0
2025/12/15,23:39:34,0,0.0,203.0,448.0,245.0,41.0,218.0,7.0,5.0,0.0,0.0,0.0,0.0
2025/12/15,23:39:39,0,1.0,199.0,448.0,244.0,39.0,220.0,7.0,4.0,0.0,0.0,0.0,0.0
2025/12/15,23:39:44,0,0.0,217.0,449.0,245.0,11.0,220.0,2.0,0.0,0.0,0.0,0.0,0.0
2025/12/15,23:39:49,0,1.0,198.0,450.0,245.0,40.0,221.0,6.0,5.0,0.0,0.0,0.0,0.0
2025/12/15,23:39:54,0,0.0,212.0,448.0,245.0,20.0,221.0,3.0,2.0,0.0,0.0,0.0,0.0
2025/12/15,23:39:59,0,3.0,205.0,449.0,244.0,17.0,219.0,2.0,0.0,0.0,0.0,0.0,0.0
2025/12/15,23:40:04,0,0.0,198.0,447.0,243.0,41.0,219.0,7.0,4.0,0.0,0.0,0.0,0.0
2025/12/15,23:40:09,0,0.0,217.0,449.0,245.0,14.0,220.0,2.0,0.0,0.0,0.0,0.0,0.0
2025/12/15,23:40:14,0,0.0,201.0,447.0,244.0,33.0,219.0,5.0,3.0,0.0,0.0,0.0,0.0
2025/12/15,23:40:19,0,0.0,196.0,448.0,245.0,41.0,220.0,7.0,5.0,0.0,0.0,0.0,0.0
2025/12/15,23:40:24,0,0.0,221.0,449.0,245.0,14.0,220.0,2.0,0.0,0.0,0.0,0.0,0.0
2025/12/15,23:40:29,0,0.0,205.0,446.0,245.0,34.0,219.0,6.0,3.0,0.0,0.0,0.0,0.0
2025/12/15,23:40:34,0,0.0,206.0,447.0,245.0,26.0,219.0,5.0,3.0,0.0,0.0,0.0,0.0
2025/12/15,23:40:39,0,0.0,205.0,449.0,245.0,16.0,219.0,2.0,0.0,0.0,0.0,0.0,0.0
2025/12/15,23:40:44,0,0.0,195.0,445.0,245.0,43.0,219.0,7.0,5.0,0.0,0.0,0.0,-0.0008
2025/12/15,23:40:49,0,0.0,219.0,449.0,244.0,12.0,220.0,2.0,0.0,0.0,0.0,0.0,0.0
2025/12/15,23:40:54,0,0.0,201.0,448.0,244.0,37.0,219.0,5.0,3.0,0.0,0.0,0.0,0.0
2025/12/15,23:40:59,0,0.0,194.0,448.0,245.0,45.0,220.0,7.0,4.0,0.0,0.0,0.0,0.0
2025/12/15,23:41:04,0,0.0,217.0,447.0,245.0,14.0,220.0,3.0,0.0,0.0,0.0,0.0,0.0
2025/12/15,23:41:09,0,0.0,206.0,449.0,245.0,11.0,220.0,1.0,0.0,0.0,0.0,0.0,0.0
2025/12/15,23:41:14,0,0.0,205.0,448.0,245.0,42.0,220.0,8.0,4.0,0.0,0.0,0.0,0.0
2025/12/15,23:41:19,0,0.0,207.0,447.0,245.0,27.0,220.0,5.0,2.0,0.0,0.0,0.0,0.0
2025/12/15,23:41:24,0,0.0,213.0,449.0,245.0,12.0,219.0,2.0,0.0,0.0,0.0,0.0,-0.0008
2025/12/15,23:41:29,0,0.0,203.0,448.0,245.0,33.0,220.0,5.0,3.0,0.0,0.0,0.0,0.0
2025/12/15,23:41:34,0,0.0,204.0,447.0,244.0,38.0,219.0,7.0,4.0,0.0,0.0,0.0,0.0
2025/12/15,23:41:39,0,0.0,204.0,447.0,245.0,39.0,220.0,6.0,5.0,0.0,0.0,0.0,0.0
2025/12/15,23:41:44,0,0.0,199.0,447.0,245.0,41.0,220.0,7.0,5.0,0.0,0.0,0.0,0.0
2025/12/15,23:41:49,0,0.0,196.0,448.0,244.0,38.0,220.0,7.0,7.0,0.0,0.0,0.0,0.0
2025/12/15,23:41:54,0,1.0,208.0,447.0,245.0,24.0,220.0,4.0,2.0,0.0,0.0,0.0,0.0
2025/12/15,23:41:59,0,0.0,217.0,448.0,245.0,12.0,221.0,1.0,0.0,0.0,0.0,0.0,0.0
2025/12/15,23:42:04,0,0.0,201.0,447.0,245.0,37.0,219.0,7.0,3.0,0.0,0.0,0.0,0.0
2025/12/15,23:42:09,0,0.0,209.0,446.0,245.0,31.0,218.0,6.0,3.0,0.0,0.0,0.0,0.0
2025/12/15,23:42:14,0,0.0,204.0,448.0,244.0,12.0,219.0,2.0,0.0,0.0,0.0,0.0,0.0
2025/12/15,23:42:19,0,1.0,196.0,448.0,245.0,43.0,219.0,8.0,4.0,0.0,0.0,0.0,0.0
2025/12/15,23:42:24,0,0.0,215.0,449.0,245.0,10.0,220.0,1.0,0.0,0.0,0.0,0.0,0.0
2025/12/15,23:42:29,0,0.0,203.0,448.0,245.0,43.0,220.0,8.0,4.0,0.0,0.0,0.0,0.0
2025/12/15,23:42:34,0,0.0,218.0,452.0,245.0,13.0,220.0,2.0,1.0,0.0,0.0,0.0,0.0
2025/12/15,23:42:39,0,0.0,202.0,447.0,243.0,40.0,218.0,7.0,4.0,0.0,0.0,0.0,0.0
2025/12/15,23:42:44,0,0.0,216.0,449.0,245.0,13.0,219.0,3.0,0.0,0.0,0.0,0.0,0.0
2025/12/15,23:42:49,0,0.0,203.0,449.0,245.0,25.0,220.0,4.0,2.0,0.0,0.0,0.0,0.0
2025/12/15,23:42:54,0,0.0,209.0,446.0,245.0,22.0,218.0,3.0,1.0,0.0,0.0,0.0,0.0
2025/12/15,23:42:59,0,0.0,203.0,447.0,244.0,28.0,219.0,4.0,3.0,0.0,0.0,0.0,0.0
2025/12/15,23:43:04,0,0.0,195.0,448.0,245.0,43.0,220.0,8.0,5.0,0.0,0.0,0.0,0.0
2025/12/15,23:43:09,0,0.0,220.0,449.0,244.0,13.0,220.0,2.0,0.0,0.0,0.0,0.0,0.0
2025/12/15,23:43:14,0,0.0,201.0,448.0,245.0,26.0,218.0,4.0,2.0,0.0,0.0,0.0,0.0
2025/12/15,23:43:19,0,1.0,196.0,447.0,245.0,43.0,220.0,7.0,5.0,0.0,0.0,0.0,0.0
2025/12/15,23:43:24,0,0.0,216.0,449.0,245.0,13.0,220.0,1.0,1.0,0.0,0.0,0.0,0.0
2025/12/15,23:43:29,0,0.0,204.0,449.0,243.0,22.0,219.0,4.0,1.0,0.0,0.0,0.0,0.0
2025/12/15,23:43:34,0,0.0,198.0,448.0,245.0,42.0,221.0,7.0,5.0,0.0,0.0,0.0,0.0
2025/12/15,23:43:39,0,4.0,218.0,447.0,245.0,13.0,220.0,1.0,0.0,0.0,0.0,0.0,0.0
2025/12/15,23:43:44,0,1.0,202.0,444.0,244.0,39.0,220.0,7.0,3.0,0.0,0.0,0.0,0.0
2025/12/15,23:43:49,0,0.0,215.0,445.0,246.0,10.0,220.0,2.0,0.0,0.0,0.0,0.0,0.0
2025/12/15,23:43:54,0,0.0,203.0,443.0,245.0,40.0,220.0,6.0,4.0,0.0,0.0,0.0,0.0
2025/12/15,23:43:59,0,1.0,218.0,445.0,244.0,13.0,221.0,3.0,1.0,0.0,0.0,0.0,0.0
2025/12/15,23:44:04,0,0.0,201.0,441.0,245.0,42.0,220.0,7.0,5.0,0.0,0.0,0.0,0.0
2025/12/15,23:44:09,0,0.0,212.0,445.0,244.0,11.0,221.0,1.0,0.0,0.0,0.0,0.0,0.0
2025/12/15,23:44:14,0,2.0,195.0,444.0,245.0,44.0,220.0,8.0,4.0,0.0,0.0,0.0,0.0
2025/12/15,23:44:19,0,0.0,203.0,445.0,245.0,24.0,220.0,3.0,2.0,0.0,0.0,0.0,0.0
2025/12/15,23:44:24,0,0.0,207.0,445.0,244.0,20.0,219.0,4.0,1.0,0.0,0.0,0.0,0.0
2025/12/15,23:44:29,0,0.0,201.0,443.0,245.0,37.0,220.0,6.0,4.0,0.0,0.0,0.0,0.0
2025/12/15,23:44:34,0,1.0,222.0,445.0,245.0,13.0,218.0,2.0,0.0,0.0,0.0,0.0,0.0
2025/12/15,23:44:39,0,0.0,195.0,443.0,244.0,43.0,219.0,8.0,4.0,0.0,0.0,0.0,0.0
2025/12/15,23:45:29,0,0.0,218.0,448.0,244.0,4.0,221.0,1.0,0.0,0.0,0.0,0.0,0.0
2025/12/15,23:45:34,0,0.0,213.0,447.0,245.0,12.0,218.0,3.0,0.0,0.0,0.0,0.0,0.0
2025/12/15,23:45:39,0,0.0,215.0,447.0,245.0,14.0,219.0,2.0,0.0,0.0,0.0,0.0,0.0
2025/12/15,23:45:44,0,0.0,206.0,446.0,243.0,30.0,219.0,5.0,2.0,0.0,0.0,0.0,0.0
2025/12/15,23:45:49,0,0.0,195.0,447.0,245.0,41.0,220.0,6.0,5.0,0.0,0.0,0.0,0.0
2025/12/15,23:45:54,0,0.0,200.0,444.0,245.0,43.0,218.0,7.0,5.0,0.0,0.0,0.0,0.0
2025/12/15,23:45:59,0,0.0,198.0,446.0,246.0,38.0,219.0,7.0,4.0,0.0,0.0,0.0,0.0
2025/12/15,23:46:04,0,0.0,202.0,448.0,245.0,29.0,221.0,3.0,4.0,0.0,0.0,0.0,0.0
2025/12/15,23:46:09,0,0.0,207.0,448.0,245.0,11.0,220.0,1.0,0.0,0.0,0.0,0.0,0.0
2025/12/15,23:46:14,0,0.0,221.0,448.0,243.0,15.0,219.0,4.0,0.0,0.0,0.0,0.0,0.0
2025/12/15,23:46:19,0,0.0,211.0,447.0,245.0,20.0,219.0,4.0,1.0,0.0,0.0,0.0,0.0
2025/12/15,23:46:24,0,0.0,196.0,447.0,244.0,41.0,220.0,7.0,5.0,0.0,0.0,0.0,0.0
2025/12/15,23:46:29,0,0.0,203.0,447.0,245.0,41.0,220.0,6.0,4.0,0.0,0.0,0.0,0.0
2025/12/15,23:46:34,0,0.0,203.0,448.0,244.0,15.0,219.0,2.0,1.0,0.0,0.0,0.0,-0.0008
2025/12/15,23:46:39,0,0.0,210.0,447.0,244.0,11.0,219.0,2.0,0.0,0.0,0.0,0.0,0.0
2025/12/15,23:46:44,0,0.0,220.0,447.0,245.0,15.0,218.0,3.0,1.0,0.0,0.0,0.0,0.0
2025/12/15,23:46:49,0,0.0,201.0,447.0,244.0,28.0,220.0,5.0,3.0,0.0,0.0,0.0,0.0
2025/12/15,23:46:54,0,0.0,198.0,448.0,245.0,42.0,220.0,7.0,5.0,0.0,0.0,0.0,0.0
2025/12/15,23:46:59,0,0.0,199.0,448.0,245.0,41.0,220.0,7.0,4.0,0.0,0.0,0.0,0.0
2025/12/15,23:47:04,0,0.0,202.0,447.0,244.0,26.0,219.0,4.0,2.0,0.0,0.0,0.0,0.0
2025/12/15,23:47:09,0,0.0,211.0,448.0,243.0,11.0,219.0,2.0,0.0,0.0,0.0,0.0,0.0
2025/12/15,23:47:14,0,0.0,216.0,448.0,247.0,13.0,220.0,2.0,1.0,0.0,0.0,0.0,0.0
2025/12/15,23:47:19,0,1.0,195.0,446.0,244.0,42.0,219.0,7.0,5.0,0.0,0.0,0.0,0.0
2025/12/15,23:47:24,0,0.0,202.0,448.0,243.0,41.0,220.0,7.0,5.0,0.0,0.0,0.0,0.0
2025/12/15,23:47:29,0,0.0,200.0,445.0,244.0,36.0,220.0,6.0,4.0,0.0,0.0,0.0,0.0
2025/12/15,23:47:34,0,0.0,208.0,449.0,244.0,12.0,221.0,1.0,0.0,0.0,0.0,0.0,0.0
2025/12/15,23:47:39,0,0.0,221.0,449.0,244.0,14.0,220.0,3.0,0.0,0.0,0.0,0.0,0.0
2025/12/15,23:47:44,0,0.0,207.0,449.0,245.0,22.0,220.0,3.0,3.0,0.0,0.0,0.0,0.0
2025/12/15,23:47:49,0,0.0,197.0,448.0,244.0,42.0,220.0,7.0,5.0,0.0,0.0,0.0,0.0
2025/12/15,23:47:54,0,0.0,204.0,448.0,245.0,40.0,221.0,6.0,5.0,0.0,0.0,0.0,0.0
2025/12/15,23:47:59,0,0.0,203.0,448.0,244.0,25.0,220.0,3.0,3.0,0.0,0.0,0.0,0.0
2025/12/15,23:48:04,0,0.0,213.0,446.0,245.0,12.0,220.0,2.0,0.0,0.0,0.0,0.0,-0.0008
2025/12/15,23:48:09,0,0.0,216.0,449.0,245.0,17.0,220.0,2.0,1.0,0.0,0.0,0.0,0.0
2025/12/15,23:48:14,0,0.0,201.0,447.0,245.0,39.0,219.0,7.0,4.0,0.0,0.0,0.0,0.0
2025/12/15,23:48:19,0,0.0,201.0,445.0,245.0,42.0,220.0,7.0,5.0,0.0,0.0,0.0,0.0
2025/12/15,23:48:24,0,0.0,201.0,448.0,245.0,37.0,220.0,6.0,3.0,0.0,0.0,0.0,0.0
2025/12/15,23:48:29,0,2.0,203.0,448.0,243.0,40.0,219.0,7.0,4.0,0.0,0.0,0.0,0.0
2025/12/15,23:48:34,0,0.0,197.0,448.0,245.0,43.0,220.0,8.0,5.0,0.0,0.0,0.0,0.0
2025/12/15,23:48:39,0,0.0,195.0,447.0,246.0,39.0,219.0,8.0,4.0,0.0,0.0,0.0,0.0
2025/12/15,23:48:44,0,0.0,195.0,448.0,244.0,41.0,220.0,7.0,4.0,0.0,0.0,0.0,0.0
2025/12/15,23:48:49,0,0.0,197.0,445.0,245.0,42.0,218.0,7.0,5.0,0.0,0.0,0.0,0.0
2025/12/15,23:48:54,0,0.0,200.0,447.0,245.0,41.0,219.0,7.0,5.0,0.0,0.0,0.0,0.0
2025/12/15,23:48:59,0,0.0,201.0,448.0,245.0,42.0,221.0,7.0,5.0,0.0,0.0,0.0,0.0
2025/12/15,23:49:04,0,0.0,204.0,447.0,245.0,38.0,220.0,6.0,4.0,0.0,0.0,0.0,0.0
2025/12/15,23:49:09,0,3.0,205.0,447.0,244.0,39.0,219.0,7.0,4.0,0.0,0.0,0.0,0.0
2025/12/15,23:49:14,0,0.0,197.0,447.0,244.0,39.0,219.0,7.0,4.0,0.0,0.0,0.0,0.0
2025/12/15,23:49:19,0,0.0,203.0,448.0,245.0,26.0,221.0,4.0,3.0,0.0,0.0,0.0,0.0
2025/12/15,23:49:24,0,0.0,205.0,449.0,245.0,11.0,220.0,1.0,0.0,0.0,0.0,0.0,0.0
2025/12/15,23:49:29,0,0.0,221.0,449.0,245.0,14.0,220.0,3.0,0.0,0.0,0.0,0.0,0.0
2025/12/15,23:49:34,0,1.0,215.0,448.0,245.0,17.0,220.0,1.0,1.0,0.0,0.0,0.0,0.0
2025/12/15,23:49:39,0,0.0,206.0,447.0,243.0,33.0,219.0,7.0,3.0,0.0,0.0,0.0,0.0
2025/12/15,23:49:44,0,0.0,202.0,448.0,245.0,38.0,220.0,6.0,4.0,0.0,0.0,0.0,0.0
2025/12/15,23:49:49,0,0.0,196.0,448.0,246.0,42.0,219.0,8.0,4.0,0.0,0.0,0.0,0.0
2025/12/15,23:49:54,0,0.0,195.0,448.0,244.0,43.0,220.0,7.0,5.0,0.0,0.0,0.0,0.0
2025/12/15,23:49:59,0,0.0,198.0,447.0,245.0,43.0,219.0,8.0,5.0,0.0,0.0,0.0,0.0
2025/12/15,23:50:04,0,0.0,203.0,448.0,245.0,43.0,221.0,7.0,5.0,0.0,0.0,0.0,0.0
2025/12/15,23:50:09,0,0.0,204.0,448.0,245.0,40.0,220.0,6.0,4.0,0.0,0.0,0.0,0.0
2025/12/15,23:50:14,0,0.0,205.0,447.0,245.0,39.0,220.0,7.0,4.0,0.0,0.0,0.0,0.0
2025/12/15,23:50:19,0,1.0,199.0,445.0,245.0,39.0,220.0,6.0,4.0,0.0,0.0,0.0,0.0
2025/12/15,23:50:24,0,0.0,202.0,448.0,245.0,35.0,220.0,6.0,4.0,0.0,0.0,0.0,0.0
2025/12/15,23:50:29,0,0.0,204.0,448.0,245.0,16.0,220.0,2.0,1.0,0.0,0.0,0.0,0.0
2025/12/15,23:50:34,0,0.0,213.0,449.0,245.0,11.0,220.0,2.0,0.0,0.0,0.0,0.0,0.0
2025/12/15,23:50:39,0,0.0,215.0,449.0,247.0,14.0,220.0,2.0,0.0,0.0,0.0,0.0,0.0
2025/12/15,23:50:44,0,0.0,202.0,447.0,243.0,29.0,219.0,6.0,3.0,0.0,0.0,0.0,0.0
2025/12/15,23:50:49,0,0.0,198.0,447.0,245.0,43.0,220.0,7.0,5.0,0.0,0.0,0.0,0.0
2025/12/15,23:50:54,0,0.0,202.0,447.0,243.0,41.0,219.0,7.0,4.0,0.0,0.0,0.0,0.0
2025/12/15,23:50:59,0,0.0,202.0,448.0,245.0,32.0,220.0,5.0,3.0,0.0,0.0,0.0,0.0
2025/12/15,23:51:04,0,0.0,205.0,450.0,245.0,14.0,220.0,1.0,0.0,0.0,0.0,0.0,0.0
2025/12/15,23:51:09,0,0.0,220.0,449.0,243.0,15.0,219.0,4.0,0.0,0.0,0.0,0.0,0.0
2025/12/15,23:51:14,0,0.0,198.0,447.0,244.0,39.0,219.0,7.0,5.0,0.0,0.0,0.0,0.0
2025/12/15,23:51:19,0,0.0,203.0,447.0,244.0,43.0,219.0,7.0,4.0,0.0,0.0,0.0,0.0
2025/12/15,23:51:24,0,0.0,203.0,449.0,245.0,26.0,221.0,4.0,2.0,0.0,0.0,0.0,0.0
2025/12/15,23:51:29,0,0.0,212.0,449.0,245.0,10.0,220.0,2.0,0.0,0.0,0.0,0.0,0.0
2025/12/15,23:51:34,0,0.0,214.0,449.0,245.0,17.0,219.0,3.0,1.0,0.0,0.0,0.0,0.0
2025/12/15,23:51:39,0,0.0,197.0,448.0,245.0,43.0,220.0,7.0,5.0,0.0,0.0,0.0,0.0
2025/12/15,23:51:44,0,0.0,201.0,448.0,245.0,42.0,219.0,8.0,4.0,0.0,0.0,0.0,0.0
2025/12/15,23:51:49,0,0.0,202.0,448.0,245.0,39.0,220.0,7.0,5.0,0.0,0.0,0.0,0.0
2025/12/15,23:51:54,0,0.0,201.0,448.0,244.0,30.0,219.0,5.0,3.0,0.0,0.0,0.0,-0.0008
2025/12/15,23:51:59,0,0.0,206.0,449.0,245.0,11.0,219.0,2.0,0.0,0.0,0.0,0.0,0.0
2025/12/15,23:52:04,0,0.0,220.0,448.0,245.0,12.0,218.0,2.0,0.0,0.0,0.0,0.0,0.0
2025/12/15,23:52:09,0,0.0,215.0,448.0,244.0,16.0,219.0,2.0,0.0,0.0,0.0,0.0,0.0
2025/12/15,23:52:14,0,0.0,201.0,449.0,245.0,31.0,220.0,6.0,3.0,0.0,0.0,0.0,0.0
2025/12/15,23:52:19,0,0.0,200.0,446.0,244.0,42.0,220.0,7.0,5.0,0.0,0.0,0.0,0.0
2025/12/15,23:52:24,0,0.0,203.0,448.0,244.0,31.0,220.0,4.0,3.0,0.0,0.0,0.0,0.0
2025/12/15,23:52:29,0,0.0,210.0,449.0,245.0,11.0,219.0,2.0,0.0,0.0,0.0,0.0,0.0
2025/12/15,23:52:34,0,0.0,213.0,449.0,245.0,10.0,220.0,1.0,0.0,0.0,0.0,0.0,0.0
2025/12/15,23:52:39,0,0.0,222.0,449.0,246.0,15.0,220.0,3.0,1.0,0.0,0.0,0.0,0.0
2025/12/15,23:52:44,0,1.0,208.0,448.0,246.0,31.0,219.0,5.0,1.0,0.0,0.0,0.0,0.0
2025/12/15,23:52:49,0,0.0,201.0,447.0,245.0,43.0,219.0,7.0,4.0,0.0,0.0,0.0,0.0
2025/12/15,23:52:54,0,0.0,204.0,448.0,244.0,24.0,218.0,4.0,1.0,0.0,0.0,0.0,0.0
2025/12/15,23:52:59,0,0.0,208.0,447.0,245.0,12.0,219.0,2.0,0.0,0.0,0.0,0.0,0.0
2025/12/15,23:53:04,0,0.0,218.0,448.0,244.0,13.0,219.0,3.0,0.0,0.0,0.0,0.0,0.0
2025/12/15,23:53:09,0,0.0,196.0,448.0,244.0,42.0,219.0,7.0,5.0,0.0,0.0,0.0,0.0
2025/12/15,23:53:14,0,0.0,202.0,448.0,244.0,34.0,219.0,6.0,3.0,0.0,0.0,0.0,0.0
2025/12/15,23:53:19,0,0.0,214.0,449.0,245.0,11.0,220.0,2.0,0.0,0.0,0.0,0.0,0.0
2025/12/15,23:53:24,0,0.0,211.0,448.0,243.0,19.0,219.0,4.0,1.0,0.0,0.0,0.0,0.0
2025/12/15,23:53:29,0,0.0,199.0,448.0,245.0,42.0,220.0,7.0,5.0,0.0,0.0,0.0,0.0
2025/12/15,23:53:34,0,0.0,202.0,448.0,244.0,31.0,220.0,5.0,3.0,0.0,0.0,0.0,0.0
2025/12/15,23:53:39,0,0.0,213.0,449.0,244.0,10.0,220.0,1.0,0.0,0.0,0.0,0.0,0.0
2025/12/15,23:53:44,0,2.0,214.0,448.0,245.0,20.0,217.0,4.0,1.0,0.0,0.0,0.0,0.0
2025/12/15,23:53:49,0,1.0,198.0,448.0,244.0,43.0,221.0,8.0,5.0,0.0,0.0,0.0,0.0
2025/12/15,23:53:54,0,0.0,205.0,447.0,245.0,41.0,218.0,7.0,4.0,0.0,0.0,0.0,0.0
2025/12/15,23:53:59,0,0.0,204.0,449.0,245.0,21.0,220.0,3.0,2.0,0.0,0.0,0.0,0.0
2025/12/15,23:54:04,0,0.0,220.0,450.0,245.0,13.0,220.0,2.0,1.0,0.0,0.0,0.0,0.0
2025/12/15,23:54:09,0,0.0,207.0,448.0,244.0,28.0,219.0,5.0,2.0,0.0,0.0,0.0,0.0
2025/12/15,23:54:14,0,0.0,199.0,447.0,244.0,42.0,219.0,7.0,4.0,0.0,0.0,0.0,0.0
2025/12/15,23:54:19,0,0.0,204.0,449.0,245.0,32.0,221.0,4.0,3.0,0.0,-0.0008,0.0,0.0
2025/12/15,23:54:24,0,0.0,211.0,449.0,245.0,11.0,219.0,2.0,0.0,0.0,0.0,0.0,0.0
2025/12/15,23:54:29,0,0.0,221.0,449.0,244.0,13.0,220.0,3.0,1.0,0.0,0.0,0.0,0.0
2025/12/15,23:54:34,0,1.0,205.0,448.0,245.0,30.0,220.0,5.0,3.0,0.0,0.0,0.0,0.0
2025/12/15,23:54:39,0,0.0,200.0,448.0,246.0,42.0,220.0,7.0,4.0,0.0,0.0,0.0,0.0
2025/12/15,23:54:44,0,0.0,202.0,447.0,245.0,40.0,219.0,7.0,4.0,0.0,0.0,0.0,0.0
2025/12/15,23:54:49,0,1.0,204.0,448.0,245.0,38.0,219.0,8.0,4.0,0.0,0.0,0.0,0.0
2025/12/15,23:55:51,0,0.0,195.0,449.0,245.0,32.0,220.0,5.0,3.0,0.0,0.0,0.0,0.0
2025/12/15,23:55:53,0,0.0,202.0,447.0,245.0,31.0,219.0,7.0,4.0,0.0,0.0,0.0,-0.0008
2025/12/15,23:55:58,0,0.0,207.0,447.0,244.0,9.0,220.0,2.0,0.0,0.0,0.0,0.0,0.0
2025/12/15,23:56:03,0,0.0,218.0,449.0,244.0,11.0,220.0,1.0,0.0,0.0,0.0,0.0,0.0
2025/12/15,23:56:08,0,0.0,216.0,449.0,244.0,17.0,219.0,4.0,0.0,0.0,0.0,0.0,0.0
2025/12/15,23:56:13,0,0.0,201.0,447.0,245.0,40.0,219.0,6.0,4.0,0.0,0.0,0.0,0.0
2025/12/15,23:56:18,0,0.0,203.0,448.0,244.0,42.0,220.0,7.0,5.0,0.0,0.0,0.0,0.0
2025/12/15,23:56:23,0,0.0,199.0,448.0,245.0,32.0,220.0,5.0,3.0,0.0,0.0,0.0,0.0
2025/12/15,23:56:28,0,0.0,207.0,448.0,243.0,13.0,219.0,2.0,0.0,0.0,0.0,0.0,0.0
2025/12/15,23:56:33,0,0.0,220.0,450.0,243.0,13.0,218.0,3.0,0.0,0.0,0.0,0.0,0.0
2025/12/15,23:56:38,0,0.0,203.0,449.0,245.0,32.0,220.0,5.0,4.0,0.0,0.0,0.0,0.0
2025/12/15,23:56:43,0,0.0,201.0,447.0,244.0,42.0,219.0,8.0,4.0,0.0,0.0,0.0,0.0
2025/12/15,23:56:48,0,0.0,198.0,448.0,244.0,39.0,220.0,7.0,4.0,0.0,0.0,0.0,0.0
2025/12/15,23:56:53,0,0.0,206.0,448.0,245.0,18.0,219.0,3.0,1.0,0.0,0.0,0.0,0.0
2025/12/15,23:56:58,0,0.0,208.0,448.0,243.0,10.0,219.0,1.0,0.0,0.0,0.0,0.0,0.0
2025/12/15,23:57:03,0,0.0,219.0,449.0,244.0,16.0,219.0,4.0,0.0,0.0,0.0,0.0,0.0
2025/12/15,23:57:08,0,0.0,215.0,448.0,245.0,18.0,220.0,3.0,1.0,0.0,0.0,0.0,0.0
2025/12/15,23:57:13,0,0.0,198.0,448.0,245.0,37.0,220.0,7.0,4.0,0.0,0.0,0.0,0.0
2025/12/15,23:57:18,0,1.0,196.0,448.0,245.0,43.0,221.0,7.0,5.0,0.0,0.0,0.0,0.0
2025/12/15,23:57:23,0,0.0,195.0,448.0,245.0,43.0,220.0,8.0,5.0,0.0,0.0,0.0,-0.0008
2025/12/15,23:57:28,0,0.0,201.0,445.0,245.0,41.0,218.0,7.0,5.0,0.0,0.0,0.0,0.0
2025/12/15,23:57:33,0,0.0,202.0,447.0,244.0,30.0,220.0,5.0,3.0,0.0,0.0,0.0,0.0
2025/12/15,23:57:38,0,0.0,213.0,449.0,245.0,10.0,220.0,2.0,0.0,0.0,0.0,0.0,0.0
2025/12/15,23:57:43,0,0.0,212.0,448.0,245.0,19.0,220.0,3.0,1.0,0.0,0.0,0.0,0.0
2025/12/15,23:57:48,0,0.0,193.0,448.0,244.0,40.0,220.0,7.0,6.0,0.0,0.0,0.0,0.0
2025/12/15,23:57:53,0,0.0,201.0,447.0,245.0,43.0,219.0,8.0,5.0,0.0,0.0,0.0,0.0
2025/12/15,23:57:58,0,0.0,199.0,448.0,245.0,40.0,220.0,7.0,5.0,0.0,0.0,0.0,0.0
2025/12/15,23:58:03,0,0.0,203.0,448.0,244.0,25.0,221.0,4.0,1.0,0.0,0.0,0.0,0.0
2025/12/15,23:58:08,0,0.0,210.0,448.0,245.0,10.0,219.0,1.0,0.0,0.0,0.0,0.0,0.0
2025/12/15,23:58:13,0,0.0,223.0,448.0,244.0,16.0,220.0,4.0,0.0,0.0,0.0,0.0,0.0
2025/12/15,23:58:18,0,0.0,217.0,449.0,245.0,15.0,220.0,1.0,0.0,0.0,0.0,0.0,0.0
2025/12/15,23:58:23,0,0.0,204.0,448.0,245.0,32.0,220.0,7.0,3.0,0.0,0.0,0.0,0.0
2025/12/15,23:58:28,0,0.0,197.0,447.0,245.0,44.0,219.0,7.0,5.0,0.0,0.0,0.0,0.0
2025/12/15,23:58:33,0,1.0,203.0,447.0,245.0,40.0,219.0,7.0,4.0,0.0,0.0,0.0,0.0
2025/12/15,23:58:38,0,1.0,202.0,447.0,243.0,35.0,219.0,6.0,4.0,0.0,0.0,0.0,0.0
2025/12/15,23:58:43,0,0.0,197.0,445.0,245.0,37.0,221.0,7.0,4.0,0.0,0.0,0.0,0.0
2025/12/15,23:58:48,0,0.0,198.0,448.0,245.0,40.0,220.0,7.0,5.0,0.0,0.0,0.0,0.0
2025/12/15,23:58:53,0,1.0,209.0,448.0,244.0,21.0,219.0,4.0,2.0,0.0,0.0,0.0,0.0
2025/12/15,23:58:58,0,0.0,207.0,448.0,243.0,13.0,219.0,2.0,0.0,0.0,0.0,0.0,0.0
2025/12/15,23:59:03,0,0.0,205.0,447.0,243.0,40.0,220.0,6.0,5.0,0.0,0.0,0.0,0.0
2025/12/15,23:59:08,0,0.0,206.0,446.0,244.0,26.0,219.0,5.0,2.0,0.0,0.0,0.0,0.0
2025/12/15,23:59:13,0,0.0,205.0,448.0,244.0,12.0,220.0,1.0,0.0,0.0,0.0,0.0,0.0
2025/12/15,23:59:18,0,0.0,199.0,448.0,245.0,44.0,220.0,8.0,4.0,0.0,0.0,0.0,0.0
2025/12/15,23:59:23,0,0.0,214.0,448.0,245.0,11.0,220.0,1.0,0.0,0.0,0.0,0.0,0.0
2025/12/15,23:59:28,0,0.0,203.0,445.0,245.0,43.0,218.0,8.0,4.0,0.0,0.0,0.0,0.0
2025/12/15,23:59:33,0,0.0,220.0,449.0,245.0,12.0,219.0,3.0,1.0,0.0,0.0,0.0,0.0
2025/12/15,23:59:38,0,0.0,199.0,448.0,245.0,39.0,219.0,7.0,4.0,0.0,0.0,0.0,0.0
2025/12/15,23:59:43,0,0.0,219.0,449.0,244.0,11.0,220.0,2.0,0.0,0.0,0.0,0.0,0.0
2025/12/15,23:59:48,0,0.0,201.0,447.0,245.0,42.0,221.0,7.0,4.0,0.0,0.0,0.0,0.0
2025/12/15,23:59:53,0,0.0,217.0,449.0,245.0,12.0,220.0,2.0,1.0,0.0,0.0,0.0,0.0
2025/12/15,23:59:58,0,0.0,200.0,448.0,244.0,40.0,221.0,6.0,4.0,0.0,0.0,0.0,0.0
2025/12/16,00:00:03,0,0.0,199.0,448.0,245.0,39.0,220.0,7.0,5.0,0.0,0.0,0.0,0.0
2025/12/16,00:00:08,0,0.0,217.0,449.0,244.0,12.0,219.0,2.0,0.0,0.0,0.0,0.0,0.0
2025/12/16,00:00:13,0,0.0,200.0,448.0,245.0,35.0,220.0,5.0,3.0,0.0,0.0,0.0,0.0
2025/12/16,00:00:18,0,1.0,196.0,446.0,245.0,41.0,220.0,9.0,4.0,0.0,0.0,0.0,0.0
2025/12/16,00:00:23,0,0.0,219.0,449.0,244.0,11.0,220.0,2.0,0.0,0.0,0.0,0.0,0.0
2025/12/16,00:00:28,0,0.0,200.0,447.0,242.0,36.0,219.0,6.0,3.0,0.0,0.0,0.0,0.0
2025/12/16,00:00:33,0,0.0,198.0,447.0,243.0,38.0,218.0,8.0,4.0,0.0,0.0,0.0,0.0
2025/12/16,00:00:38,0,0.0,216.0,449.0,245.0,13.0,220.0,2.0,0.0,0.0,0.0,0.0,0.0
2025/12/16,00:00:43,0,0.0,204.0,448.0,244.0,21.0,221.0,3.0,1.0,0.0,0.0,0.0,0.0
2025/12/16,00:00:48,0,0.0,202.0,447.0,243.0,34.0,219.0,6.0,3.0,0.0,0.0,0.0,0.0
2025/12/16,00:00:53,0,0.0,204.0,448.0,245.0,38.0,220.0,6.0,4.0,0.0,0.0,0.0,0.0
2025/12/16,00:00:58,0,0.0,198.0,447.0,245.0,40.0,220.0,8.0,5.0,0.0,0.0,0.0,0.0
2025/12/16,00:01:03,0,0.0,214.0,449.0,245.0,13.0,220.0,3.0,1.0,0.0,0.0,0.0,0.0
2025/12/16,00:01:08,0,0.0,204.0,449.0,245.0,18.0,219.0,2.0,1.0,0.0,0.0,0.0,0.0
2025/12/16,00:01:13,0,0.0,196.0,448.0,244.0,40.0,220.0,6.0,5.0,0.0,0.0,0.0,0.0
2025/12/16,00:01:18,0,0.0,220.0,449.0,245.0,12.0,220.0,2.0,1.0,0.0,0.0,0.0,0.0
2025/12/16,00:01:23,0,1.0,204.0,449.0,245.0,21.0,221.0,3.0,1.0,0.0,0.0,0.0,0.0
2025/12/16,00:01:28,0,0.0,201.0,447.0,243.0,35.0,218.0,6.0,3.0,0.0,0.0,0.0,0.0
2025/12/16,00:01:33,0,0.0,204.0,448.0,244.0,37.0,221.0,6.0,4.0,0.0,0.0,0.0,0.0
2025/12/16,00:01:38,0,0.0,202.0,448.0,245.0,43.0,219.0,8.0,5.0,0.0,0.0,0.0,0.0
2025/12/16,00:01:43,0,0.0,198.0,445.0,245.0,42.0,221.0,8.0,5.0,0.0,0.0,0.0,0.0
2025/12/16,00:01:48,0,0.0,202.0,445.0,245.0,40.0,220.0,7.0,4.0,0.0,0.0,0.0,0.0
2025/12/16,00:01:53,0,0.0,210.0,447.0,245.0,9.0,219.0,2.0,0.0,0.0,0.0,0.0,0.0
2025/12/16,00:01:58,0,1.0,206.0,448.0,244.0,23.0,220.0,5.0,2.0,0.0,0.0,0.0,0.0
2025/12/16,00:02:03,0,0.0,205.0,447.0,244.0,41.0,219.0,7.0,4.0,0.0,0.0,0.0,0.0
2025/12/16,00:02:08,0,1.0,209.0,447.0,245.0,9.0,220.0,1.0,0.0,0.0,0.0,0.0,0.0
2025/12/16,00:02:13,0,0.0,197.0,448.0,244.0,43.0,221.0,9.0,5.0,0.0,0.0,0.0,0.0
2025/12/16,00:02:18,0,1.0,205.0,447.0,244.0,14.0,219.0,3.0,1.0,0.0,0.0,0.0,0.0
2025/12/16,00:02:23,0,0.0,216.0,448.0,243.0,15.0,220.0,2.0,0.0,0.0,0.0,0.0,0.0
2025/12/16,00:02:28,0,0.0,196.0,445.0,245.0,43.0,218.0,7.0,5.0,0.0,0.0,0.0,0.0
2025/12/16,00:02:33,0,0.0,200.0,448.0,245.0,37.0,221.0,7.0,4.0,0.0,0.0,0.0,0.0
2025/12/16,00:02:38,0,0.0,205.0,449.0,244.0,11.0,220.0,1.0,1.0,0.0,0.0,0.0,0.0
2025/12/16,00:02:43,0,0.0,211.0,449.0,245.0,10.0,220.0,2.0,0.0,0.0,0.0,0.0,0.0
2025/12/16,00:02:48,0,0.0,219.0,449.0,244.0,13.0,220.0,2.0,1.0,0.0,0.0,0.0,0.0
2025/12/16,00:02:53,0,0.0,205.0,445.0,245.0,29.0,219.0,5.0,3.0,0.0,0.0,0.0,0.0
2025/12/16,00:02:58,0,0.0,197.0,448.0,245.0,43.0,220.0,7.0,5.0,0.0,0.0,0.0,0.0
2025/12/16,00:03:03,0,0.0,201.0,448.0,245.0,44.0,220.0,7.0,4.0,0.0,0.0,0.0,0.0
2025/12/16,00:03:08,0,0.0,202.0,449.0,245.0,38.0,220.0,7.0,4.0,0.0,0.0,0.0,0.0
2025/12/16,00:03:13,0,0.0,202.0,447.0,243.0,34.0,219.0,7.0,3.0,0.0,0.0,0.0,0.0
2025/12/16,00:03:18,0,0.0,204.0,449.0,246.0,16.0,221.0,3.0,1.0,0.0,0.0,0.0,0.0
2025/12/16,00:03:23,0,0.0,212.0,448.0,245.0,10.0,220.0,1.0,0.0,0.0,0.0,0.0,0.0
2025/12/16,00:03:28,0,0.0,212.0,447.0,243.0,24.0,219.0,5.0,1.0,0.0,0.0,0.0,0.0
2025/12/16,00:03:33,0,0.0,196.0,448.0,244.0,41.0,220.0,6.0,5.0,0.0,0.0,0.0,0.0
2025/12/16,00:03:38,0,0.0,198.0,446.0,244.0,41.0,219.0,8.0,5.0,0.0,0.0,0.0,0.0
2025/12/16,00:03:43,0,0.0,204.0,448.0,245.0,20.0,221.0,3.0,1.0,0.0,0.0,0.0,0.0
2025/12/16,00:03:48,0,0.0,220.0,449.0,245.0,13.0,219.0,3.0,0.0,0.0,0.0,0.0,0.0
2025/12/16,00:03:53,0,1.0,208.0,448.0,245.0,29.0,220.0,4.0,2.0,0.0,0.0,0.0,0.0
2025/12/16,00:03:58,0,0.0,194.0,447.0,245.0,42.0,221.0,7.0,5.0,0.0,0.0,0.0,0.0
2025/12/16,00:04:03,0,0.0,204.0,447.0,243.0,40.0,219.0,7.0,4.0,0.0,0.0,0.0,0.0
2025/12/16,00:04:08,0,0.0,204.0,449.0,245.0,28.0,220.0,4.0,2.0,0.0,0.0,0.0,0.0
2025/12/16,00:04:13,0,0.0,208.0,449.0,245.0,9.0,220.0,1.0,0.0,0.0,0.0,0.0,0.0
2025/12/16,00:04:18,0,0.0,221.0,449.0,244.0,14.0,220.0,3.0,1.0,0.0,0.0,0.0,0.0
2025/12/16,00:04:23,0,0.0,202.0,447.0,245.0,33.0,219.0,6.0,3.0,0.0,0.0,0.0,0.0
2025/12/16,00:04:28,0,0.0,202.0,447.0,243.0,43.0,219.0,7.0,5.0,0.0,0.0,0.0,0.0
2025/12/16,00:04:33,0,0.0,198.0,448.0,244.0,39.0,220.0,7.0,4.0,0.0,0.0,0.0,0.0
2025/12/16,00:04:38,0,0.0,204.0,448.0,245.0,13.0,221.0,2.0,0.0,0.0,0.0,0.0,0.0
2025/12/16,00:04:43,0,0.0,221.0,449.0,244.0,12.0,220.0,2.0,0.0,0.0,0.0,0.0,0.0
2025/12/16,00:04:48,0,0.0,213.0,448.0,244.0,17.0,219.0,3.0,1.0,0.0,0.0,0.0,0.0
2025/12/16,00:04:53,0,0.0,209.0,448.0,245.0,25.0,220.0,5.0,2.0,0.0,0.0,0.0,0.0
2025/12/16,00:04:58,0,0.0,191.0,447.0,244.0,44.0,219.0,7.0,5.0,0.0,0.0,0.0,0.0
