Date,Time,StatusCode,MCP_WQ_DO,MCP_WQ_EC,MCP_WQ_PH,MCP_WQ_TEMP,MCP_WQ_TURB,MCP_WQ_TDS,MCP_WQ_RSV1,MCP_WQ_RSV2,ADS_NO3_mA,ADS_NO2_mA,ADS_NH3_mA,ADS_RSV_mA
2025/11/24,09:13:08,0,83.0,203.0,231.0,246.0,9.0,194.0,5.0,3.0,0.0,0.0,0.0,0.0
2025/11/24,09:13:13,0,86.0,208.0,233.0,247.0,12.0,194.0,6.0,4.0,0.0,0.0,0.0,0.0
2025/11/24,09:13:18,0,87.0,192.0,233.0,247.0,2.0,193.0,2.0,2.0,0.0,0.0,0.0,0.0
2025/11/24,09:13:23,0,86.0,192.0,231.0,247.0,0.0,193.0,0.0,1.0,0.0,0.0,0.0,0.0
2025/11/24,09:13:28,0,86.0,203.0,233.0,246.0,9.0,194.0,5.0,2.0,0.0,0.0,0.0,0.0
2025/11/24,09:13:33,0,86.0,194.0,234.0,246.0,6.0,195.0,3.0,3.0,0.0,0.0,0.0,0.0
2025/11/24,09:13:38,0,86.0,195.0,231.0,247.0,0.0,194.0,0.0,1.0,0.0,0.0,0.0,0.0
2025/11/24,09:13:43,0,88.0,207.0,234.0,247.0,8.0,195.0,2.0,4.0,0.0,0.0,0.0,0.0
2025/11/24,09:13:48,0,87.0,191.0,232.0,247.0,2.0,193.0,2.0,2.0,0.0,0.0,0.0,0.0
2025/11/24,09:13:53,0,85.0,189.0,231.0,247.0,4.0,194.0,1.0,1.0,0.0,0.0,0.0,-0.0008
2025/11/24,09:13:58,0,84.0,208.0,231.0,247.0,8.0,192.0,3.0,3.0,0.0,0.0,0.0,0.0
2025/11/24,09:14:03,0,86.0,197.0,235.0,247.0,7.0,194.0,2.0,3.0,0.0,0.0,0.0,0.0
2025/11/24,09:14:08,0,83.0,193.0,230.0,247.0,3.0,195.0,2.0,2.0,0.0,0.0,0.0,0.0
2025/11/24,09:14:13,0,84.0,182.0,231.0,247.0,7.0,194.0,3.0,2.0,0.0,0.0,0.0,0.0
2025/11/24,09:14:18,0,85.0,206.0,233.0,247.0,9.0,192.0,3.0,3.0,0.0,0.0,0.0,0.0
2025/11/24,09:14:23,0,85.0,208.0,234.0,247.0,12.0,194.0,6.0,4.0,0.0,0.0,0.0,0.0
2025/11/24,09:14:28,0,85.0,193.0,231.0,247.0,3.0,194.0,1.0,2.0,0.0,0.0,0.0,0.0
2025/11/24,09:14:33,0,85.0,188.0,231.0,246.0,2.0,194.0,1.0,2.0,0.0,0.0,0.0,0.0
2025/11/24,09:14:38,0,85.0,195.0,232.0,247.0,1.0,194.0,0.0,1.0,0.0,0.0,0.0,0.0
2025/11/24,09:14:43,0,85.0,193.0,232.0,245.0,1.0,193.0,0.0,1.0,0.0,0.0,0.0,0.0
2025/11/24,09:14:48,0,87.0,188.0,232.0,247.0,3.0,194.0,1.0,1.0,0.0,0.0,0.0,0.0
2025/11/24,09:14:53,0,85.0,198.0,235.0,247.0,7.0,193.0,4.0,3.0,0.0,0.0,0.0,0.0
2025/11/24,09:14:58,0,84.0,192.0,231.0,247.0,11.0,192.0,4.0,3.0,0.0,0.0,0.0,0.0
2025/11/24,09:15:03,0,83.0,192.0,233.0,247.0,1.0,195.0,2.0,2.0,0.0,0.0,0.0,0.0
2025/11/24,09:15:08,0,85.0,196.0,232.0,247.0,11.0,193.0,4.0,3.0,0.0,0.0,0.0,0.0
2025/11/24,09:15:13,0,85.0,193.0,232.0,247.0,1.0,194.0,2.0,2.0,0.0,0.0,0.0,0.0
2025/11/24,09:15:18,0,83.0,184.0,232.0,247.0,4.0,193.0,1.0,1.0,0.0,0.0,0.0,0.0
2025/11/24,09:15:23,0,83.0,215.0,235.0,247.0,9.0,193.0,4.0,3.0,0.0,0.0,0.0,0.0
2025/11/24,09:15:28,0,83.0,198.0,233.0,247.0,10.0,194.0,5.0,4.0,0.0,0.0,0.0,0.0
2025/11/24,09:15:33,0,83.0,192.0,233.0,246.0,1.0,195.0,1.0,2.0,0.0,0.0,0.0,0.0
2025/11/24,09:15:38,0,83.0,193.0,231.0,247.0,2.0,194.0,0.0,1.0,0.0,0.0,0.0,0.0
2025/11/24,09:15:43,0,83.0,183.0,229.0,247.0,8.0,193.0,2.0,3.0,0.0,0.0,0.0,0.0
2025/11/24,09:15:48,0,80.0,216.0,235.0,248.0,9.0,193.0,5.0,3.0,0.0,0.0,0.0,0.0
2025/11/24,09:15:53,0,82.0,192.0,234.0,247.0,1.0,193.0,2.0,2.0,0.0,0.0,0.0,0.0
2025/11/24,09:15:58,0,82.0,195.0,230.0,247.0,3.0,194.0,1.0,2.0,0.0,0.0,0.0,0.0
2025/11/24,09:16:03,0,83.0,187.0,232.0,247.0,3.0,193.0,0.0,2.0,0.0,0.0,0.0,0.0
2025/11/24,09:16:08,0,82.0,196.0,230.0,247.0,9.0,194.0,4.0,3.0,0.0,0.0,0.0,0.0
2025/11/24,09:16:13,0,83.0,213.0,234.0,247.0,12.0,194.0,5.0,4.0,0.0,0.0,0.0,-0.0008
2025/11/24,09:16:18,0,83.0,192.0,232.0,247.0,2.0,194.0,1.0,2.0,0.0,0.0,0.0,0.0
2025/11/24,09:16:23,0,83.0,184.0,231.0,247.0,4.0,194.0,1.0,2.0,0.0,0.0,0.0,0.0
2025/11/24,09:16:28,0,84.0,210.0,236.0,247.0,8.0,193.0,3.0,3.0,0.0,0.0,0.0,0.0
2025/11/24,09:16:33,0,81.0,195.0,234.0,247.0,7.0,195.0,5.0,3.0,0.0,0.0,0.0,0.0
2025/11/24,09:16:38,0,83.0,187.0,233.0,247.0,1.0,193.0,0.0,2.0,0.0,0.0,0.0,0.0
2025/11/24,09:16:43,0,82.0,185.0,231.0,247.0,6.0,193.0,2.0,2.0,0.0,0.0,0.0,0.0
2025/11/24,09:16:48,0,87.0,211.0,234.0,247.0,11.0,194.0,4.0,3.0,0.0,0.0,0.0,0.0
2025/11/24,09:16:53,0,82.0,199.0,234.0,247.0,11.0,193.0,5.0,4.0,0.0,0.0,0.0,0.0
2025/11/24,09:16:58,0,83.0,191.0,232.0,247.0,0.0,193.0,1.0,1.0,0.0,0.0,0.0,0.0
2025/11/24,09:17:03,0,84.0,194.0,232.0,245.0,1.0,193.0,0.0,1.0,0.0,0.0,0.0,0.0
2025/11/24,09:17:08,0,84.0,192.0,233.0,247.0,8.0,195.0,3.0,3.0,0.0,0.0,0.0,0.0
2025/11/24,09:17:13,0,83.0,214.0,235.0,247.0,12.0,193.0,6.0,5.0,0.0,0.0,0.0,0.0
2025/11/24,09:17:18,0,84.0,193.0,234.0,247.0,1.0,193.0,2.0,2.0,0.0,0.0,0.0,0.0
2025/11/24,09:17:23,0,84.0,195.0,232.0,247.0,0.0,192.0,0.0,1.0,0.0,0.0,0.0,0.0
2025/11/24,09:17:28,0,84.0,187.0,231.0,247.0,1.0,193.0,0.0,1.0,0.0,0.0,0.0,0.0
2025/11/24,09:17:33,0,84.0,192.0,232.0,248.0,8.0,194.0,2.0,3.0,0.0,0.0,0.0,-0.0008
2025/11/24,09:17:38,0,83.0,210.0,234.0,247.0,13.0,193.0,5.0,3.0,0.0,0.0,0.0,-0.0008
2025/11/24,09:17:43,0,86.0,195.0,236.0,246.0,5.0,192.0,4.0,3.0,0.0,0.0,0.0,0.0
2025/11/24,09:17:48,0,85.0,191.0,232.0,247.0,0.0,193.0,0.0,0.0,0.0,0.0,0.0,0.0
2025/11/24,09:17:53,0,83.0,203.0,235.0,247.0,10.0,194.0,5.0,3.0,0.0,0.0,0.0,0.0
2025/11/24,09:17:58,0,84.0,203.0,235.0,247.0,12.0,194.0,6.0,4.0,0.0,0.0,0.0,0.0
2025/11/24,09:18:03,0,86.0,191.0,234.0,249.0,2.0,193.0,2.0,2.0,0.0,0.0,0.0,0.0
2025/11/24,09:18:08,0,85.0,194.0,232.0,247.0,0.0,194.0,0.0,0.0,0.0,0.0,0.0,0.0
2025/11/24,09:18:13,0,83.0,199.0,231.0,247.0,11.0,194.0,4.0,3.0,0.0,0.0,0.0,0.0
2025/11/24,09:18:18,0,85.0,200.0,235.0,247.0,11.0,194.0,5.0,4.0,0.0,0.0,0.0,0.0
2025/11/24,09:18:23,0,85.0,190.0,232.0,248.0,1.0,193.0,0.0,2.0,0.0,0.0,0.0,0.0
2025/11/24,09:18:28,0,85.0,183.0,233.0,245.0,5.0,192.0,1.0,2.0,0.0,0.0,0.0,0.0
2025/11/24,09:18:33,0,85.0,210.0,236.0,247.0,15.0,194.0,6.0,5.0,0.0,0.0,0.0,0.0
2025/11/24,09:18:38,0,85.0,189.0,232.0,247.0,1.0,193.0,1.0,1.0,0.0,0.0,0.0,0.0
2025/11/24,09:18:43,0,84.0,195.0,232.0,247.0,10.0,193.0,4.0,3.0,0.0,0.0,0.0,0.0
2025/11/24,09:18:48,0,86.0,199.0,235.0,246.0,11.0,193.0,5.0,4.0,0.0,0.0,0.0,0.0
2025/11/24,09:18:53,0,86.0,190.0,232.0,247.0,1.0,194.0,1.0,1.0,0.0,0.0,0.0,0.0
2025/11/24,09:18:58,0,85.0,186.0,232.0,247.0,0.0,192.0,0.0,1.0,0.0,0.0,0.0,0.0
2025/11/24,09:19:03,0,83.0,186.0,233.0,247.0,12.0,195.0,4.0,3.0,0.0,0.0,0.0,0.0
2025/11/24,09:19:08,0,85.0,204.0,234.0,246.0,6.0,193.0,5.0,4.0,0.0,0.0,0.0,-0.0008
2025/11/24,09:19:13,0,86.0,214.0,235.0,247.0,13.0,193.0,4.0,4.0,0.0,0.0,0.0,0.0
2025/11/24,09:19:18,0,85.0,196.0,236.0,247.0,8.0,195.0,5.0,4.0,0.0,0.0,0.0,0.0
2025/11/24,09:19:23,0,84.0,188.0,233.0,245.0,0.0,194.0,1.0,2.0,0.0,0.0,0.0,0.0
2025/11/24,09:19:28,0,82.0,186.0,233.0,246.0,10.0,193.0,2.0,3.0,0.0,0.0,0.0,0.0
2025/11/24,09:19:33,0,85.0,210.0,235.0,247.0,18.0,194.0,7.0,5.0,0.0,0.0,0.0,0.0
2025/11/24,09:19:38,0,81.0,192.0,234.0,247.0,2.0,194.0,3.0,2.0,0.0,0.0,0.0,0.0
2025/11/24,09:19:43,0,85.0,195.0,232.0,247.0,0.0,193.0,0.0,1.0,0.0,0.0,0.0,0.0
2025/11/24,09:19:48,0,84.0,182.0,232.0,247.0,3.0,193.0,1.0,2.0,0.0,0.0,0.0,0.0
2025/11/24,09:19:53,0,84.0,216.0,235.0,247.0,14.0,194.0,6.0,4.0,0.0,0.0,0.0,0.0
2025/11/24,09:19:58,0,84.0,187.0,233.0,247.0,3.0,192.0,1.0,2.0,-0.0008,0.0,0.0,0.0
2025/11/24,09:20:03,0,84.0,205.0,234.0,247.0,12.0,193.0,4.0,4.0,0.0,0.0,0.0,0.0
2025/11/24,09:20:08,0,85.0,190.0,234.0,247.0,1.0,193.0,1.0,2.0,0.0,0.0,0.0,0.0
2025/11/24,09:20:13,0,84.0,190.0,231.0,247.0,0.0,193.0,0.0,0.0,0.0,0.0,0.0,0.0
2025/11/24,09:20:18,0,86.0,199.0,235.0,245.0,10.0,193.0,5.0,3.0,0.0,0.0,0.0,0.0
2025/11/24,09:20:23,0,85.0,205.0,235.0,247.0,15.0,194.0,7.0,5.0,0.0,0.0,0.0,0.0
2025/11/24,09:20:28,0,82.0,188.0,231.0,247.0,2.0,193.0,0.0,1.0,0.0,0.0,0.0,0.0
2025/11/24,09:20:33,0,86.0,198.0,231.0,247.0,11.0,194.0,5.0,3.0,0.0,0.0,0.0,0.0
2025/11/24,09:20:38,0,83.0,199.0,235.0,247.0,11.0,193.0,5.0,4.0,0.0,0.0,0.0,0.0
2025/11/24,09:20:43,0,86.0,197.0,233.0,247.0,0.0,193.0,0.0,1.0,0.0,0.0,0.0,0.0
2025/11/24,09:20:48,0,88.0,207.0,234.0,248.0,10.0,194.0,5.0,3.0,0.0,0.0,0.0,-0.0008
2025/11/24,09:20:53,0,84.0,189.0,232.0,246.0,3.0,193.0,1.0,2.0,0.0,0.0,0.0,0.0
2025/11/24,09:20:58,0,81.0,206.0,233.0,247.0,11.0,194.0,5.0,3.0,0.0,0.0,0.0,0.0
2025/11/24,09:21:03,0,85.0,189.0,233.0,248.0,0.0,192.0,1.0,1.0,0.0,0.0,0.0,0.0
2025/11/24,09:21:08,0,89.0,204.0,235.0,248.0,9.0,193.0,5.0,3.0,0.0,0.0,0.0,0.0
2025/11/24,09:21:13,0,84.0,191.0,234.0,247.0,2.0,193.0,1.0,2.0,0.0,0.0,0.0,0.0
2025/11/24,09:21:18,0,85.0,183.0,233.0,247.0,6.0,192.0,1.0,2.0,0.0,0.0,0.0,0.0
2025/11/24,09:21:23,0,85.0,198.0,234.0,248.0,10.0,194.0,4.0,3.0,0.0,0.0,0.0,0.0
2025/11/24,09:21:28,0,86.0,183.0,233.0,247.0,8.0,194.0,2.0,3.0,0.0,0.0,0.0,0.0
2025/11/24,09:21:33,0,83.0,193.0,233.0,247.0,4.0,194.0,3.0,3.0,0.0,0.0,0.0,0.0
2025/11/24,09:21:38,0,84.0,191.0,235.0,245.0,10.0,192.0,3.0,3.0,0.0,0.0,0.0,0.0
2025/11/24,09:21:43,0,85.0,191.0,234.0,247.0,2.0,194.0,2.0,2.0,0.0,0.0,0.0,0.0
2025/11/24,09:22:25,0,81.0,210.0,232.0,248.0,12.0,194.0,5.0,4.0,0.0,0.0,0.0,-0.0008
2025/11/24,09:22:29,0,84.0,190.0,230.0,247.0,1.0,194.0,0.0,1.0,0.0,0.0,0.0,0.0
2025/11/24,09:22:34,0,83.0,200.0,235.0,247.0,10.0,194.0,5.0,4.0,0.0,0.0,0.0,0.0
2025/11/24,09:22:39,0,83.0,183.0,231.0,248.0,4.0,194.0,1.0,1.0,0.0,0.0,0.0,0.0
2025/11/24,09:22:44,0,84.0,197.0,236.0,247.0,11.0,193.0,5.0,4.0,0.0,0.0,0.0,0.0
2025/11/24,09:22:49,0,83.0,188.0,232.0,247.0,0.0,194.0,0.0,1.0,0.0,0.0,0.0,-0.0008
2025/11/24,09:22:54,0,82.0,215.0,235.0,246.0,16.0,193.0,6.0,5.0,0.0,0.0,0.0,0.0
2025/11/24,09:22:59,0,84.0,188.0,233.0,247.0,2.0,193.0,1.0,2.0,0.0,0.0,0.0,0.0
2025/11/24,09:23:04,0,80.0,200.0,235.0,247.0,9.0,193.0,3.0,3.0,0.0,0.0,0.0,0.0
2025/11/24,09:23:09,0,82.0,196.0,236.0,247.0,9.0,192.0,5.0,3.0,0.0,0.0,0.0,0.0
2025/11/24,09:23:14,0,84.0,194.0,232.0,247.0,0.0,194.0,0.0,1.0,0.0,0.0,0.0,0.0
2025/11/24,09:23:19,0,79.0,205.0,235.0,247.0,11.0,193.0,4.0,4.0,0.0,0.0,0.0,0.0
2025/11/24,09:23:24,0,84.0,195.0,235.0,247.0,8.0,193.0,4.0,4.0,0.0,0.0,0.0,0.0
2025/11/24,09:23:29,0,84.0,196.0,232.0,247.0,0.0,193.0,0.0,1.0,0.0,0.0,0.0,0.0
2025/11/24,09:23:34,0,84.0,181.0,233.0,247.0,2.0,192.0,3.0,3.0,0.0,0.0,0.0,0.0
2025/11/24,09:23:39,0,84.0,211.0,235.0,247.0,14.0,192.0,5.0,4.0,0.0,0.0,0.0,0.0
2025/11/24,09:23:44,0,83.0,195.0,235.0,247.0,6.0,193.0,3.0,3.0,0.0,0.0,0.0,0.0
2025/11/24,09:23:49,0,84.0,194.0,234.0,245.0,0.0,193.0,0.0,1.0,0.0,0.0,0.0,0.0
2025/11/24,09:23:54,0,81.0,201.0,235.0,247.0,10.0,193.0,3.0,3.0,0.0,0.0,0.0,0.0
2025/11/24,09:23:59,0,84.0,204.0,236.0,247.0,14.0,194.0,7.0,5.0,0.0,0.0,0.0,0.0
2025/11/24,09:24:04,0,84.0,189.0,233.0,247.0,2.0,192.0,1.0,2.0,0.0,0.0,0.0,-0.0008
2025/11/24,09:24:09,0,84.0,183.0,232.0,247.0,7.0,194.0,2.0,2.0,0.0,0.0,0.0,0.0
2025/11/24,09:24:14,0,83.0,206.0,236.0,248.0,18.0,194.0,7.0,5.0,0.0,0.0,0.0,0.0
2025/11/24,09:24:19,0,87.0,193.0,232.0,247.0,2.0,193.0,1.0,2.0,0.0,0.0,0.0,0.0
2025/11/24,09:24:24,0,84.0,202.0,235.0,247.0,11.0,195.0,4.0,4.0,0.0,0.0,0.0,0.0
2025/11/24,09:24:29,0,85.0,193.0,236.0,248.0,6.0,194.0,4.0,3.0,0.0,0.0,0.0,0.0
2025/11/24,09:24:34,0,83.0,192.0,233.0,247.0,0.0,193.0,0.0,1.0,0.0,0.0,0.0,0.0
2025/11/24,09:24:39,0,83.0,211.0,236.0,247.0,12.0,193.0,5.0,4.0,0.0,0.0,0.0,0.0
2025/11/24,09:24:44,0,84.0,190.0,234.0,247.0,3.0,192.0,3.0,2.0,0.0,0.0,0.0,0.0
2025/11/24,09:24:49,0,85.0,183.0,233.0,247.0,3.0,193.0,3.0,3.0,0.0,0.0,0.0,0.0
2025/11/24,09:24:54,0,80.0,194.0,234.0,247.0,14.0,193.0,5.0,5.0,0.0,0.0,0.0,0.0
2025/11/24,09:24:59,0,86.0,185.0,232.0,247.0,4.0,192.0,1.0,2.0,0.0,0.0,0.0,0.0
2025/11/24,09:25:04,0,84.0,194.0,236.0,247.0,10.0,193.0,4.0,4.0,0.0,0.0,0.0,0.0
2025/11/24,09:25:09,0,85.0,185.0,232.0,247.0,2.0,194.0,1.0,1.0,0.0,0.0,0.0,0.0
2025/11/24,09:25:14,0,87.0,205.0,235.0,247.0,15.0,192.0,6.0,5.0,0.0,0.0,0.0,0.0
2025/11/24,09:25:19,0,87.0,192.0,233.0,247.0,0.0,193.0,0.0,1.0,0.0,0.0,0.0,0.0
2025/11/24,09:25:24,0,86.0,208.0,234.0,248.0,15.0,194.0,7.0,5.0,0.0,0.0,0.0,-0.0008
2025/11/24,09:25:29,0,82.0,199.0,234.0,248.0,0.0,192.0,0.0,1.0,0.0,0.0,0.0,0.0
2025/11/24,09:25:34,0,85.0,206.0,236.0,247.0,11.0,195.0,5.0,4.0,0.0,0.0,0.0,0.0
2025/11/24,09:25:39,0,86.0,189.0,233.0,247.0,4.0,194.0,1.0,2.0,0.0,0.0,0.0,0.0
2025/11/24,09:25:44,0,83.0,210.0,235.0,246.0,11.0,193.0,5.0,4.0,0.0,0.0,0.0,0.0
2025/11/24,09:25:49,0,86.0,189.0,233.0,245.0,0.0,193.0,0.0,1.0,0.0,0.0,0.0,0.0
2025/11/24,09:25:54,0,88.0,188.0,234.0,246.0,0.0,194.0,1.0,1.0,0.0,0.0,0.0,0.0
2025/11/24,09:25:59,0,85.0,199.0,235.0,247.0,13.0,194.0,5.0,4.0,0.0,0.0,0.0,0.0
2025/11/24,09:26:04,0,86.0,216.0,235.0,247.0,13.0,193.0,5.0,4.0,0.0,0.0,0.0,0.0
2025/11/24,09:26:09,0,86.0,207.0,235.0,247.0,11.0,193.0,4.0,4.0,0.0,0.0,0.0,0.0
2025/11/24,09:26:14,0,86.0,197.0,234.0,247.0,10.0,193.0,4.0,3.0,0.0,0.0,0.0,0.0
2025/11/24,09:26:19,0,82.0,188.0,231.0,247.0,10.0,194.0,3.0,3.0,0.0,0.0,0.0,0.0
2025/11/24,09:26:24,0,84.0,183.0,233.0,247.0,5.0,193.0,3.0,3.0,0.0,0.0,0.0,0.0
2025/11/24,09:26:29,0,82.0,188.0,233.0,247.0,11.0,194.0,2.0,4.0,0.0,0.0,0.0,0.0
2025/11/24,09:26:34,0,84.0,189.0,234.0,246.0,7.0,192.0,4.0,3.0,0.0,0.0,0.0,0.0
2025/11/24,09:26:39,0,86.0,194.0,234.0,248.0,16.0,193.0,3.0,3.0,0.0,0.0,0.0,0.0
2025/11/24,09:26:44,0,85.0,187.0,232.0,247.0,9.0,192.0,4.0,3.0,0.0,0.0,0.0,0.0
2025/11/24,09:26:49,0,85.0,187.0,234.0,247.0,0.0,193.0,0.0,1.0,0.0,0.0,0.0,0.0
2025/11/24,09:26:54,0,86.0,187.0,231.0,247.0,2.0,193.0,0.0,1.0,0.0,0.0,0.0,0.0
2025/11/24,09:26:59,0,84.0,199.0,236.0,247.0,13.0,193.0,5.0,4.0,0.0,0.0,0.0,-0.0008
2025/11/24,09:27:04,0,86.0,194.0,233.0,247.0,9.0,194.0,4.0,3.0,0.0,0.0,0.0,0.0
2025/11/24,09:27:09,0,84.0,192.0,234.0,247.0,0.0,192.0,1.0,1.0,0.0,0.0,0.0,0.0
2025/11/24,09:27:14,0,85.0,206.0,236.0,247.0,17.0,193.0,6.0,5.0,0.0,0.0,0.0,0.0
2025/11/24,09:27:19,0,85.0,184.0,233.0,247.0,3.0,192.0,1.0,2.0,0.0,0.0,0.0,0.0
2025/11/24,09:27:24,0,84.0,192.0,235.0,247.0,0.0,192.0,2.0,2.0,0.0,0.0,0.0,0.0
2025/11/24,09:27:29,0,83.0,207.0,235.0,247.0,12.0,193.0,4.0,3.0,0.0,0.0,0.0,0.0
2025/11/24,09:27:34,0,85.0,188.0,232.0,246.0,0.0,193.0,0.0,1.0,0.0,0.0,0.0,0.0
2025/11/24,09:27:39,0,87.0,191.0,233.0,247.0,0.0,193.0,1.0,2.0,0.0,0.0,0.0,0.0
2025/11/24,09:27:44,0,86.0,208.0,235.0,248.0,10.0,194.0,5.0,4.0,0.0,0.0,0.0,0.0
2025/11/24,09:27:49,0,89.0,196.0,233.0,247.0,0.0,193.0,0.0,1.0,0.0,0.0,0.0,0.0
2025/11/24,09:27:54,0,86.0,209.0,236.0,247.0,15.0,193.0,6.0,5.0,0.0,0.0,0.0,-0.0008
2025/11/24,09:27:59,0,86.0,190.0,231.0,248.0,0.0,192.0,0.0,0.0,0.0,0.0,0.0,0.0
2025/11/24,09:28:04,0,88.0,197.0,236.0,247.0,9.0,192.0,5.0,4.0,0.0,0.0,0.0,0.0
2025/11/24,09:28:09,0,87.0,194.0,234.0,248.0,9.0,193.0,4.0,3.0,0.0,0.0,0.0,0.0
2025/11/24,09:28:14,0,87.0,190.0,233.0,248.0,3.0,194.0,2.0,2.0,0.0,0.0,0.0,0.0
2025/11/24,09:28:19,0,86.0,214.0,237.0,246.0,16.0,192.0,6.0,5.0,0.0,0.0,0.0,0.0
2025/11/24,09:28:24,0,87.0,188.0,233.0,246.0,10.0,193.0,3.0,3.0,0.0,0.0,0.0,0.0
2025/11/24,09:28:29,0,87.0,188.0,233.0,248.0,1.0,193.0,0.0,1.0,0.0,0.0,0.0,0.0
2025/11/24,09:28:34,0,87.0,208.0,236.0,247.0,13.0,194.0,6.0,5.0,0.0,0.0,0.0,0.0
2025/11/24,09:28:39,0,87.0,188.0,234.0,246.0,9.0,191.0,3.0,3.0,0.0,0.0,0.0,0.0
2025/11/24,09:28:44,0,84.0,190.0,234.0,247.0,3.0,193.0,2.0,2.0,0.0,0.0,0.0,0.0
2025/11/24,09:28:49,0,87.0,213.0,237.0,248.0,16.0,193.0,6.0,5.0,0.0,0.0,0.0,0.0
2025/11/24,09:28:54,0,88.0,187.0,233.0,247.0,0.0,193.0,0.0,1.0,0.0,0.0,0.0,0.0
2025/11/24,09:28:59,0,87.0,193.0,236.0,246.0,6.0,192.0,3.0,3.0,0.0,0.0,0.0,0.0
2025/11/24,09:29:04,0,87.0,202.0,236.0,247.0,10.0,192.0,5.0,3.0,0.0,0.0,0.0,0.0
2025/11/24,09:29:09,0,87.0,194.0,233.0,247.0,0.0,191.0,0.0,0.0,0.0,0.0,0.0,0.0
2025/11/24,09:29:14,0,87.0,194.0,236.0,247.0,8.0,193.0,4.0,4.0,0.0,0.0,0.0,0.0
2025/11/24,09:29:19,0,86.0,206.0,236.0,247.0,12.0,192.0,5.0,4.0,0.0,0.0,0.0,0.0
2025/11/24,09:29:24,0,87.0,189.0,234.0,248.0,0.0,193.0,0.0,1.0,0.0,0.0,0.0,0.0
2025/11/24,09:29:29,0,86.0,190.0,234.0,247.0,2.0,191.0,2.0,2.0,0.0,0.0,0.0,0.0
2025/11/24,09:29:34,0,87.0,205.0,236.0,247.0,15.0,192.0,6.0,5.0,0.0,0.0,0.0,0.0
2025/11/24,09:29:39,0,87.0,206.0,236.0,247.0,10.0,193.0,5.0,3.0,0.0,0.0,0.0,0.0
2025/11/24,09:29:44,0,87.0,193.0,235.0,248.0,10.0,193.0,5.0,4.0,0.0,0.0,0.0,0.0
2025/11/24,09:29:49,0,88.0,190.0,234.0,247.0,8.0,192.0,4.0,3.0,0.0,0.0,0.0,0.0
2025/11/24,09:29:54,0,86.0,183.0,234.0,246.0,8.0,191.0,2.0,3.0,0.0,0.0,0.0,0.0
2025/11/24,09:29:59,0,88.0,181.0,233.0,248.0,5.0,192.0,2.0,3.0,0.0,0.0,0.0,0.0
2025/11/24,09:30:04,0,87.0,182.0,233.0,247.0,6.0,193.0,2.0,2.0,0.0,0.0,0.0,0.0
2025/11/24,09:30:09,0,87.0,187.0,234.0,248.0,11.0,193.0,4.0,3.0,0.0,0.0,0.0,0.0
2025/11/24,09:30:14,0,88.0,199.0,235.0,247.0,7.0,191.0,5.0,3.0,0.0,0.0,0.0,0.0
2025/11/24,09:30:19,0,87.0,213.0,236.0,247.0,16.0,193.0,6.0,5.0,0.0,0.0,0.0,0.0
2025/11/24,09:30:24,0,87.0,193.0,235.0,248.0,2.0,193.0,2.0,3.0,0.0,0.0,0.0,0.0
2025/11/24,09:30:29,0,87.0,185.0,234.0,247.0,2.0,193.0,0.0,1.0,0.0,0.0,0.0,0.0
2025/11/24,09:30:34,0,90.0,214.0,236.0,247.0,13.0,193.0,5.0,4.0,0.0,0.0,0.0,0.0
2025/11/24,09:30:39,0,88.0,192.0,234.0,247.0,5.0,193.0,2.0,2.0,0.0,0.0,0.0,0.0
2025/11/24,09:30:44,0,88.0,193.0,233.0,247.0,0.0,192.0,0.0,0.0,0.0,0.0,0.0,0.0
2025/11/24,09:30:49,0,86.0,186.0,234.0,248.0,8.0,191.0,3.0,2.0,0.0,0.0,0.0,0.0
2025/11/24,09:30:54,0,86.0,198.0,234.0,247.0,11.0,191.0,5.0,3.0,0.0,0.0,0.0,0.0
2025/11/24,09:30:59,0,86.0,200.0,236.0,248.0,11.0,193.0,4.0,3.0,0.0,0.0,0.0,0.0
2025/11/24,09:31:04,0,87.0,198.0,235.0,248.0,9.0,193.0,4.0,3.0,0.0,0.0,0.0,0.0
2025/11/24,09:31:09,0,87.0,184.0,233.0,248.0,2.0,193.0,1.0,2.0,0.0,0.0,0.0,0.0
2025/11/24,09:31:14,0,92.0,191.0,233.0,246.0,4.0,191.0,1.0,2.0,0.0,0.0,0.0,0.0
2025/11/24,09:31:19,0,86.0,203.0,236.0,247.0,10.0,193.0,4.0,3.0,0.0,0.0,0.0,0.0
2025/11/24,09:31:24,0,87.0,192.0,234.0,247.0,3.0,193.0,2.0,2.0,0.0,0.0,0.0,0.0
2025/11/24,09:31:29,0,87.0,185.0,233.0,248.0,0.0,192.0,0.0,1.0,0.0,0.0,0.0,0.0
2025/11/24,09:31:34,0,87.0,215.0,233.0,248.0,15.0,193.0,6.0,4.0,0.0,0.0,0.0,0.0
2025/11/24,09:31:39,0,84.0,190.0,231.0,248.0,3.0,194.0,2.0,2.0,0.0,0.0,0.0,0.0
2025/11/24,09:31:44,0,85.0,188.0,235.0,248.0,9.0,194.0,3.0,3.0,0.0,0.0,0.0,-0.0008
2025/11/24,09:31:49,0,88.0,192.0,236.0,247.0,8.0,192.0,4.0,3.0,0.0,0.0,0.0,0.0
2025/11/24,09:31:54,0,86.0,184.0,234.0,247.0,3.0,191.0,1.0,1.0,0.0,0.0,0.0,0.0
2025/11/24,09:32:35,0,90.0,191.0,233.0,248.0,2.0,192.0,2.0,2.0,0.0,0.0,0.0,0.0
2025/11/24,09:32:39,0,86.0,197.0,235.0,247.0,13.0,192.0,5.0,4.0,0.0,0.0,0.0,0.0
2025/11/24,09:32:44,0,88.0,187.0,233.0,248.0,0.0,193.0,0.0,1.0,0.0,0.0,0.0,0.0
2025/11/24,09:32:49,0,88.0,205.0,235.0,248.0,17.0,192.0,7.0,5.0,0.0,0.0,0.0,0.0
2025/11/24,09:32:54,0,88.0,188.0,232.0,248.0,1.0,193.0,0.0,1.0,0.0,0.0,0.0,0.0
2025/11/24,09:32:59,0,87.0,191.0,234.0,247.0,8.0,193.0,3.0,4.0,0.0,0.0,0.0,0.0
2025/11/24,09:33:04,0,86.0,202.0,236.0,247.0,13.0,192.0,6.0,5.0,0.0,0.0,0.0,0.0
2025/11/24,09:33:09,0,89.0,194.0,234.0,246.0,1.0,192.0,1.0,1.0,0.0,0.0,0.0,0.0
2025/11/24,09:33:14,0,90.0,201.0,235.0,248.0,11.0,192.0,4.0,3.0,0.0,0.0,0.0,0.0
2025/11/24,09:33:19,0,88.0,192.0,234.0,247.0,2.0,192.0,2.0,3.0,0.0,0.0,0.0,0.0
2025/11/24,09:33:24,0,87.0,192.0,234.0,248.0,8.0,192.0,3.0,3.0,0.0,0.0,0.0,0.0
2025/11/24,09:33:29,0,84.0,191.0,234.0,247.0,2.0,192.0,3.0,2.0,0.0,0.0,0.0,0.0
2025/11/24,09:33:34,0,87.0,209.0,237.0,248.0,10.0,192.0,6.0,4.0,0.0,0.0,0.0,0.0
2025/11/24,09:33:39,0,86.0,188.0,233.0,248.0,0.0,192.0,0.0,0.0,0.0,0.0,0.0,0.0
2025/11/24,09:33:44,0,84.0,192.0,235.0,248.0,1.0,192.0,2.0,3.0,0.0,0.0,0.0,0.0
2025/11/24,09:33:49,0,87.0,217.0,236.0,247.0,13.0,193.0,6.0,5.0,0.0,0.0,0.0,-0.0008
2025/11/24,09:33:54,0,86.0,188.0,231.0,248.0,1.0,193.0,0.0,1.0,0.0,0.0,0.0,0.0
2025/11/24,09:33:59,0,88.0,196.0,237.0,248.0,9.0,193.0,4.0,3.0,0.0,0.0,0.0,0.0
2025/11/24,09:34:04,0,90.0,184.0,234.0,247.0,7.0,191.0,2.0,3.0,0.0,0.0,0.0,0.0
2025/11/24,09:34:09,0,87.0,192.0,236.0,248.0,2.0,192.0,2.0,2.0,0.0,0.0,0.0,0.0
2025/11/24,09:34:14,0,85.0,210.0,235.0,247.0,10.0,193.0,4.0,4.0,0.0,0.0,0.0,-0.0008
2025/11/24,09:34:19,0,86.0,191.0,232.0,248.0,0.0,192.0,0.0,1.0,0.0,0.0,0.0,0.0
2025/11/24,09:34:24,0,83.0,194.0,234.0,247.0,3.0,193.0,1.0,2.0,0.0,0.0,0.0,0.0
2025/11/24,09:34:29,0,88.0,198.0,237.0,248.0,12.0,192.0,4.0,4.0,0.0,0.0,0.0,0.0
2025/11/24,09:34:34,0,88.0,203.0,237.0,248.0,13.0,193.0,5.0,4.0,0.0,0.0,0.0,0.0
2025/11/24,09:34:39,0,88.0,199.0,236.0,247.0,12.0,192.0,5.0,5.0,0.0,0.0,0.0,-0.0008
2025/11/24,09:34:44,0,87.0,194.0,235.0,248.0,10.0,193.0,5.0,3.0,0.0,0.0,0.0,0.0
2025/11/24,09:34:49,0,89.0,194.0,236.0,247.0,10.0,191.0,4.0,4.0,0.0,0.0,0.0,0.0
2025/11/24,09:34:54,0,88.0,186.0,235.0,248.0,13.0,192.0,5.0,5.0,0.0,0.0,0.0,0.0
2025/11/24,09:34:59,0,89.0,214.0,235.0,248.0,15.0,191.0,6.0,5.0,0.0,0.0,0.0,0.0
2025/11/24,09:35:04,0,89.0,194.0,234.0,248.0,9.0,193.0,4.0,3.0,0.0,0.0,0.0,0.0
2025/11/24,09:35:09,0,87.0,198.0,235.0,248.0,1.0,192.0,0.0,1.0,0.0,0.0,0.0,0.0
2025/11/24,09:35:14,0,87.0,199.0,234.0,248.0,13.0,193.0,6.0,5.0,0.0,0.0,0.0,0.0
2025/11/24,09:35:19,0,88.0,194.0,234.0,248.0,10.0,193.0,5.0,3.0,0.0,0.0,0.0,0.0
2025/11/24,09:35:24,0,85.0,189.0,234.0,248.0,2.0,191.0,2.0,2.0,0.0,0.0,0.0,0.0
2025/11/24,09:35:29,0,87.0,213.0,237.0,248.0,15.0,192.0,6.0,4.0,0.0,0.0,0.0,0.0
2025/11/24,09:35:34,0,87.0,191.0,234.0,247.0,0.0,192.0,0.0,1.0,0.0,0.0,0.0,0.0
2025/11/24,09:35:39,0,89.0,212.0,237.0,246.0,14.0,194.0,7.0,5.0,0.0,0.0,0.0,0.0
2025/11/24,09:35:44,0,92.0,197.0,233.0,248.0,1.0,193.0,0.0,1.0,0.0,0.0,0.0,0.0
2025/11/24,09:35:49,0,88.0,215.0,236.0,248.0,14.0,193.0,6.0,4.0,0.0,0.0,0.0,0.0
2025/11/24,09:35:54,0,89.0,195.0,233.0,248.0,0.0,193.0,0.0,1.0,0.0,0.0,0.0,0.0
2025/11/24,09:35:59,0,87.0,206.0,236.0,247.0,14.0,192.0,6.0,5.0,0.0,0.0,0.0,0.0
2025/11/24,09:36:04,0,88.0,183.0,234.0,248.0,5.0,193.0,1.0,2.0,0.0,0.0,0.0,0.0
2025/11/24,09:36:09,0,87.0,187.0,234.0,247.0,2.0,192.0,1.0,2.0,0.0,0.0,0.0,0.0
2025/11/24,09:36:14,0,86.0,199.0,237.0,246.0,12.0,192.0,4.0,4.0,0.0,0.0,0.0,0.0
2025/11/24,09:36:19,0,89.0,208.0,237.0,248.0,10.0,194.0,5.0,3.0,0.0,0.0,0.0,0.0
2025/11/24,09:36:24,0,89.0,182.0,235.0,248.0,7.0,193.0,2.0,2.0,0.0,0.0,0.0,0.0
2025/11/24,09:36:29,0,87.0,195.0,233.0,246.0,0.0,193.0,0.0,0.0,0.0,0.0,0.0,0.0
2025/11/24,09:36:34,0,86.0,191.0,236.0,249.0,2.0,192.0,2.0,2.0,0.0,0.0,0.0,-0.0008
2025/11/24,09:36:39,0,88.0,217.0,235.0,248.0,15.0,193.0,6.0,5.0,0.0,0.0,0.0,0.0
2025/11/24,09:36:44,0,92.0,187.0,234.0,248.0,10.0,193.0,3.0,3.0,0.0,0.0,0.0,0.0
2025/11/24,09:36:49,0,86.0,196.0,234.0,248.0,0.0,192.0,0.0,1.0,0.0,0.0,0.0,0.0
2025/11/24,09:36:54,0,88.0,193.0,237.0,247.0,4.0,192.0,3.0,3.0,0.0,0.0,-0.0008,0.0
2025/11/24,09:36:59,0,87.0,206.0,235.0,248.0,11.0,193.0,5.0,3.0,0.0,0.0,0.0,0.0
2025/11/24,09:37:04,0,87.0,193.0,234.0,248.0,0.0,192.0,0.0,1.0,0.0,0.0,0.0,0.0
2025/11/24,09:37:09,0,88.0,192.0,237.0,249.0,5.0,192.0,3.0,3.0,0.0,0.0,0.0,0.0
2025/11/24,09:37:14,0,91.0,217.0,237.0,248.0,15.0,192.0,6.0,4.0,0.0,0.0,0.0,0.0
2025/11/24,09:37:19,0,88.0,192.0,235.0,248.0,9.0,193.0,4.0,3.0,0.0,0.0,0.0,0.0
2025/11/24,09:37:24,0,89.0,191.0,235.0,248.0,0.0,192.0,0.0,0.0,0.0,0.0,0.0,0.0
2025/11/24,09:37:29,0,88.0,189.0,234.0,248.0,3.0,193.0,1.0,1.0,0.0,0.0,0.0,0.0
2025/11/24,09:37:34,0,88.0,199.0,237.0,246.0,13.0,194.0,5.0,4.0,0.0,0.0,0.0,0.0
2025/11/24,09:37:39,0,87.0,207.0,236.0,248.0,13.0,193.0,5.0,4.0,0.0,0.0,0.0,0.0
2025/11/24,09:37:44,0,88.0,183.0,234.0,248.0,6.0,193.0,3.0,2.0,0.0,0.0,0.0,0.0
2025/11/24,09:37:49,0,88.0,192.0,234.0,247.0,0.0,192.0,0.0,1.0,0.0,0.0,0.0,0.0
2025/11/24,09:37:54,0,90.0,197.0,234.0,248.0,0.0,192.0,0.0,1.0,0.0,0.0,0.0,0.0
2025/11/24,09:37:59,0,88.0,186.0,234.0,247.0,0.0,192.0,0.0,1.0,0.0,0.0,0.0,0.0
2025/11/24,09:38:04,0,87.0,188.0,234.0,247.0,0.0,193.0,0.0,1.0,0.0,0.0,0.0,0.0
2025/11/24,09:38:09,0,90.0,196.0,234.0,248.0,0.0,193.0,0.0,1.0,0.0,0.0,0.0,0.0
2025/11/24,09:38:14,0,88.0,187.0,234.0,248.0,0.0,194.0,0.0,0.0,0.0,0.0,0.0,0.0
2025/11/24,09:38:19,0,91.0,188.0,234.0,248.0,9.0,192.0,4.0,3.0,0.0,0.0,0.0,0.0
2025/11/24,09:38:24,0,86.0,206.0,235.0,248.0,12.0,194.0,5.0,3.0,0.0,0.0,0.0,0.0
2025/11/24,09:38:29,0,87.0,217.0,237.0,248.0,14.0,193.0,6.0,4.0,0.0,0.0,0.0,0.0
2025/11/24,09:38:34,0,87.0,209.0,236.0,247.0,14.0,193.0,5.0,4.0,0.0,0.0,0.0,0.0
2025/11/24,09:38:39,0,91.0,217.0,234.0,248.0,15.0,193.0,7.0,5.0,0.0,0.0,0.0,0.0
2025/11/24,09:38:44,0,85.0,203.0,235.0,248.0,12.0,192.0,5.0,4.0,0.0,0.0,0.0,0.0
2025/11/24,09:38:49,0,87.0,184.0,234.0,247.0,2.0,192.0,1.0,1.0,0.0,0.0,0.0,0.0
2025/11/24,09:38:54,0,89.0,188.0,234.0,248.0,0.0,194.0,0.0,1.0,0.0,0.0,0.0,0.0
2025/11/24,09:38:59,0,87.0,199.0,233.0,248.0,12.0,193.0,5.0,4.0,0.0,0.0,0.0,0.0
2025/11/24,09:39:04,0,86.0,206.0,235.0,248.0,8.0,193.0,4.0,3.0,0.0,0.0,0.0,0.0
2025/11/24,09:39:09,0,88.0,190.0,233.0,247.0,0.0,193.0,0.0,1.0,0.0,0.0,0.0,0.0
2025/11/24,09:39:14,0,89.0,192.0,235.0,248.0,3.0,193.0,3.0,2.0,0.0,0.0,0.0,0.0
2025/11/24,09:39:19,0,89.0,206.0,237.0,248.0,14.0,193.0,6.0,5.0,0.0,0.0,0.0,0.0
2025/11/24,09:39:24,0,92.0,206.0,236.0,248.0,10.0,192.0,5.0,3.0,0.0,0.0,0.0,0.0
2025/11/24,09:39:29,0,83.0,192.0,234.0,248.0,12.0,194.0,5.0,3.0,0.0,0.0,0.0,0.0
2025/11/24,09:39:34,0,88.0,183.0,234.0,248.0,8.0,193.0,2.0,2.0,0.0,0.0,0.0,0.0
2025/11/24,09:39:39,0,89.0,187.0,233.0,248.0,10.0,193.0,3.0,3.0,0.0,0.0,0.0,0.0
2025/11/24,09:39:44,0,91.0,203.0,233.0,248.0,11.0,194.0,5.0,3.0,0.0,0.0,0.0,0.0
2025/11/24,09:39:49,0,89.0,213.0,236.0,248.0,15.0,193.0,5.0,5.0,0.0,0.0,0.0,0.0
2025/11/24,09:39:54,0,89.0,196.0,236.0,247.0,7.0,192.0,4.0,3.0,0.0,0.0,0.0,0.0
2025/11/24,09:39:59,0,90.0,190.0,233.0,248.0,3.0,192.0,1.0,1.0,0.0,0.0,0.0,0.0
2025/11/24,09:40:04,0,89.0,195.0,231.0,248.0,1.0,194.0,1.0,1.0,0.0,0.0,0.0,0.0
2025/11/24,09:40:09,0,89.0,190.0,232.0,248.0,0.0,193.0,0.0,0.0,0.0,0.0,0.0,0.0
2025/11/24,09:40:14,0,90.0,185.0,232.0,248.0,7.0,193.0,2.0,2.0,0.0,0.0,0.0,0.0
2025/11/24,09:40:19,0,88.0,204.0,236.0,248.0,10.0,191.0,5.0,5.0,0.0,0.0,0.0,0.0
2025/11/24,09:40:24,0,90.0,209.0,236.0,248.0,17.0,193.0,7.0,5.0,0.0,0.0,0.0,0.0
2025/11/24,09:40:29,0,88.0,202.0,236.0,248.0,12.0,193.0,6.0,5.0,0.0,0.0,0.0,0.0
2025/11/24,09:40:34,0,89.0,212.0,237.0,247.0,15.0,193.0,6.0,4.0,0.0,0.0,0.0,0.0
2025/11/24,09:40:39,0,89.0,194.0,234.0,248.0,7.0,192.0,4.0,3.0,0.0,0.0,0.0,0.0
2025/11/24,09:40:44,0,91.0,184.0,233.0,248.0,1.0,193.0,0.0,2.0,0.0,0.0,0.0,0.0
2025/11/24,09:40:49,0,89.0,209.0,236.0,248.0,14.0,193.0,5.0,4.0,0.0,0.0,0.0,0.0
2025/11/24,09:40:54,0,89.0,188.0,234.0,247.0,1.0,194.0,1.0,1.0,0.0,0.0,0.0,0.0
2025/11/24,09:40:59,0,87.0,196.0,236.0,248.0,10.0,193.0,4.0,4.0,0.0,0.0,0.0,0.0
2025/11/24,09:41:04,0,89.0,186.0,233.0,248.0,1.0,193.0,0.0,2.0,0.0,0.0,0.0,0.0
2025/11/24,09:41:09,0,89.0,203.0,237.0,248.0,12.0,192.0,5.0,4.0,0.0,0.0,0.0,0.0
2025/11/24,09:41:14,0,89.0,197.0,233.0,248.0,0.0,193.0,0.0,2.0,0.0,0.0,0.0,0.0
2025/11/24,09:41:19,0,93.0,198.0,236.0,248.0,10.0,193.0,4.0,3.0,0.0,0.0,0.0,0.0
2025/11/24,09:41:24,0,90.0,198.0,234.0,248.0,12.0,194.0,6.0,4.0,0.0,0.0,0.0,0.0
2025/11/24,09:41:29,0,89.0,188.0,233.0,248.0,0.0,193.0,0.0,0.0,0.0,0.0,0.0,0.0
2025/11/24,09:41:34,0,89.0,206.0,236.0,248.0,15.0,194.0,7.0,5.0,0.0,0.0,0.0,-0.0008
2025/11/24,09:41:39,0,89.0,194.0,233.0,248.0,0.0,193.0,0.0,0.0,0.0,0.0,0.0,0.0
2025/11/24,09:41:44,0,90.0,215.0,236.0,248.0,13.0,191.0,6.0,4.0,0.0,0.0,0.0,0.0
2025/11/24,09:41:49,0,89.0,188.0,234.0,247.0,3.0,193.0,1.0,1.0,0.0,0.0,0.0,0.0
2025/11/24,09:41:54,0,87.0,205.0,236.0,248.0,9.0,193.0,3.0,4.0,0.0,0.0,0.0,0.0
2025/11/24,09:41:59,0,88.0,190.0,235.0,248.0,4.0,193.0,2.0,3.0,0.0,0.0,0.0,-0.0008
2025/11/24,09:42:44,0,91.0,200.0,233.0,248.0,3.0,192.0,1.0,2.0,0.0,0.0,0.0,0.0
2025/11/24,09:42:48,0,90.0,185.0,233.0,248.0,8.0,193.0,3.0,3.0,0.0,0.0,0.0,0.0
2025/11/24,09:42:53,0,89.0,205.0,235.0,248.0,14.0,192.0,4.0,3.0,0.0,0.0,0.0,0.0
2025/11/24,09:42:58,0,90.0,211.0,235.0,248.0,16.0,191.0,6.0,5.0,0.0,0.0,0.0,0.0
2025/11/24,09:43:03,0,90.0,193.0,234.0,248.0,4.0,193.0,2.0,2.0,0.0,0.0,0.0,0.0
2025/11/24,09:43:08,0,88.0,198.0,231.0,248.0,0.0,192.0,0.0,0.0,0.0,0.0,0.0,0.0
2025/11/24,09:43:13,0,89.0,196.0,235.0,247.0,10.0,194.0,4.0,4.0,0.0,0.0,0.0,0.0
2025/11/24,09:43:18,0,90.0,188.0,231.0,248.0,3.0,193.0,1.0,2.0,0.0,0.0,0.0,0.0
2025/11/24,09:43:23,0,90.0,207.0,236.0,248.0,14.0,193.0,5.0,4.0,0.0,0.0,0.0,0.0
2025/11/24,09:43:28,0,90.0,182.0,231.0,248.0,3.0,194.0,1.0,1.0,0.0,0.0,0.0,0.0
2025/11/24,09:43:33,0,86.0,193.0,235.0,248.0,3.0,194.0,2.0,3.0,0.0,0.0,0.0,0.0
2025/11/24,09:43:38,0,90.0,192.0,235.0,246.0,10.0,192.0,3.0,3.0,0.0,0.0,0.0,0.0
2025/11/24,09:43:43,0,88.0,191.0,234.0,248.0,3.0,194.0,2.0,3.0,0.0,0.0,0.0,0.0
2025/11/24,09:43:48,0,87.0,182.0,233.0,248.0,1.0,193.0,0.0,2.0,0.0,0.0,0.0,0.0
2025/11/24,09:43:53,0,90.0,199.0,236.0,248.0,11.0,193.0,5.0,4.0,0.0,0.0,0.0,0.0
2025/11/24,09:43:58,0,90.0,189.0,234.0,246.0,0.0,192.0,0.0,1.0,0.0,0.0,0.0,0.0
2025/11/24,09:44:03,0,90.0,203.0,236.0,248.0,14.0,193.0,6.0,5.0,0.0,0.0,0.0,0.0
2025/11/24,09:44:08,0,88.0,194.0,235.0,248.0,9.0,193.0,4.0,3.0,0.0,0.0,0.0,0.0
2025/11/24,09:44:13,0,88.0,196.0,234.0,247.0,0.0,192.0,0.0,0.0,0.0,0.0,0.0,0.0
2025/11/24,09:44:18,0,90.0,191.0,235.0,248.0,2.0,194.0,2.0,2.0,0.0,0.0,0.0,0.0
2025/11/24,09:44:23,0,89.0,213.0,234.0,248.0,16.0,194.0,7.0,5.0,0.0,0.0,0.0,0.0
2025/11/24,09:44:28,0,90.0,191.0,234.0,247.0,8.0,192.0,3.0,3.0,0.0,0.0,0.0,0.0
2025/11/24,09:44:33,0,90.0,195.0,233.0,248.0,0.0,193.0,0.0,0.0,0.0,0.0,0.0,0.0
2025/11/24,09:44:38,0,92.0,193.0,236.0,248.0,7.0,194.0,5.0,3.0,0.0,0.0,0.0,0.0
2025/11/24,09:44:43,0,87.0,214.0,236.0,246.0,11.0,192.0,5.0,3.0,0.0,0.0,0.0,0.0
2025/11/24,09:44:48,0,89.0,184.0,234.0,247.0,3.0,192.0,1.0,1.0,0.0,0.0,0.0,0.0
2025/11/24,09:44:53,0,91.0,187.0,234.0,247.0,1.0,193.0,0.0,1.0,0.0,0.0,0.0,0.0
2025/11/24,09:44:58,0,90.0,201.0,234.0,248.0,13.0,193.0,6.0,4.0,0.0,0.0,0.0,0.0
2025/11/24,09:45:03,0,91.0,205.0,233.0,248.0,12.0,194.0,5.0,3.0,0.0,0.0,0.0,0.0
2025/11/24,09:45:08,0,89.0,182.0,232.0,248.0,1.0,193.0,1.0,1.0,0.0,0.0,0.0,0.0
2025/11/24,09:45:13,0,89.0,194.0,233.0,248.0,0.0,193.0,0.0,0.0,0.0,0.0,0.0,0.0
2025/11/24,09:45:18,0,88.0,187.0,233.0,248.0,4.0,192.0,1.0,2.0,0.0,0.0,0.0,0.0
2025/11/24,09:45:23,0,84.0,191.0,234.0,248.0,1.0,192.0,1.0,2.0,0.0,0.0,0.0,0.0
2025/11/24,09:45:28,0,90.0,213.0,235.0,248.0,15.0,194.0,6.0,5.0,0.0,0.0,0.0,0.0
2025/11/24,09:45:33,0,91.0,186.0,233.0,248.0,3.0,193.0,0.0,1.0,0.0,0.0,0.0,0.0
2025/11/24,09:45:38,0,90.0,207.0,236.0,247.0,13.0,192.0,6.0,4.0,0.0,0.0,0.0,0.0
2025/11/24,09:45:43,0,93.0,195.0,234.0,247.0,2.0,193.0,1.0,1.0,0.0,0.0,0.0,0.0
2025/11/24,09:45:48,0,89.0,204.0,233.0,248.0,10.0,192.0,4.0,3.0,0.0,0.0,0.0,0.0
2025/11/24,09:45:53,0,90.0,192.0,233.0,248.0,1.0,193.0,2.0,2.0,0.0,0.0,0.0,0.0
2025/11/24,09:45:58,0,96.0,189.0,234.0,248.0,9.0,192.0,4.0,3.0,0.0,0.0,0.0,0.0
2025/11/24,09:46:03,0,89.0,190.0,235.0,247.0,2.0,193.0,2.0,2.0,0.0,0.0,0.0,0.0
2025/11/24,09:46:08,0,91.0,202.0,236.0,247.0,10.0,193.0,4.0,4.0,0.0,0.0,0.0,0.0
2025/11/24,09:46:13,0,90.0,190.0,233.0,248.0,2.0,193.0,0.0,1.0,0.0,0.0,0.0,0.0
2025/11/24,09:46:18,0,90.0,208.0,236.0,248.0,13.0,193.0,6.0,4.0,0.0,0.0,0.0,0.0
2025/11/24,09:46:23,0,89.0,184.0,233.0,248.0,3.0,194.0,1.0,1.0,0.0,0.0,0.0,0.0
2025/11/24,09:46:28,0,88.0,193.0,233.0,248.0,2.0,194.0,1.0,2.0,0.0,0.0,0.0,0.0
2025/11/24,09:46:33,0,89.0,209.0,236.0,248.0,9.0,194.0,4.0,3.0,0.0,0.0,0.0,0.0
2025/11/24,09:46:38,0,91.0,184.0,233.0,247.0,4.0,194.0,1.0,1.0,0.0,0.0,0.0,0.0
2025/11/24,09:46:43,0,85.0,195.0,231.0,248.0,0.0,193.0,0.0,1.0,0.0,0.0,0.0,0.0
2025/11/24,09:46:48,0,90.0,191.0,234.0,248.0,2.0,193.0,2.0,2.0,0.0,0.0,0.0,0.0
2025/11/24,09:46:53,0,90.0,212.0,236.0,249.0,13.0,194.0,6.0,4.0,0.0,0.0,0.0,0.0
2025/11/24,09:46:58,0,93.0,187.0,235.0,246.0,9.0,192.0,3.0,3.0,0.0,0.0,0.0,0.0
2025/11/24,09:47:03,0,90.0,197.0,232.0,248.0,0.0,193.0,0.0,1.0,0.0,0.0,0.0,0.0
2025/11/24,09:47:08,0,93.0,193.0,235.0,248.0,4.0,193.0,2.0,3.0,0.0,0.0,0.0,0.0
2025/11/24,09:47:13,0,93.0,213.0,235.0,248.0,12.0,193.0,4.0,4.0,0.0,0.0,0.0,-0.0008
2025/11/24,09:47:18,0,90.0,185.0,232.0,248.0,5.0,194.0,2.0,0.0,0.0,0.0,0.0,0.0
2025/11/24,09:47:23,0,90.0,189.0,230.0,248.0,1.0,193.0,0.0,1.0,0.0,0.0,0.0,-0.0008
2025/11/24,09:47:28,0,92.0,191.0,235.0,248.0,2.0,192.0,2.0,2.0,0.0,0.0,0.0,0.0
2025/11/24,09:47:33,0,90.0,216.0,232.0,247.0,14.0,193.0,6.0,5.0,0.0,0.0,0.0,0.0
2025/11/24,09:47:38,0,88.0,185.0,233.0,247.0,12.0,192.0,2.0,3.0,0.0,0.0,0.0,0.0
2025/11/24,09:47:43,0,90.0,194.0,233.0,248.0,0.0,193.0,0.0,1.0,0.0,0.0,0.0,0.0
2025/11/24,09:47:48,0,90.0,192.0,233.0,248.0,0.0,193.0,1.0,2.0,0.0,0.0,0.0,0.0
2025/11/24,09:47:53,0,90.0,198.0,235.0,248.0,10.0,193.0,4.0,4.0,0.0,0.0,0.0,0.0
2025/11/24,09:47:58,0,89.0,216.0,235.0,247.0,11.0,192.0,5.0,3.0,0.0,0.0,0.0,0.0
2025/11/24,09:48:03,0,89.0,190.0,234.0,248.0,13.0,194.0,4.0,3.0,0.0,0.0,0.0,0.0
2025/11/24,09:48:08,0,91.0,193.0,231.0,248.0,0.0,193.0,0.0,0.0,0.0,0.0,0.0,0.0
2025/11/24,09:48:13,0,91.0,190.0,234.0,248.0,1.0,194.0,1.0,2.0,0.0,0.0,0.0,0.0
2025/11/24,09:48:18,0,91.0,216.0,236.0,248.0,14.0,193.0,5.0,4.0,0.0,0.0,0.0,0.0
2025/11/24,09:48:23,0,89.0,184.0,233.0,248.0,6.0,194.0,3.0,3.0,0.0,0.0,0.0,0.0
2025/11/24,09:48:28,0,92.0,191.0,231.0,248.0,5.0,193.0,1.0,1.0,0.0,0.0,0.0,0.0
2025/11/24,09:48:33,0,90.0,194.0,236.0,246.0,8.0,192.0,3.0,3.0,0.0,0.0,0.0,0.0
2025/11/24,09:48:38,0,90.0,214.0,235.0,248.0,9.0,194.0,5.0,3.0,0.0,0.0,0.0,0.0
2025/11/24,09:48:43,0,90.0,189.0,234.0,246.0,12.0,192.0,3.0,3.0,0.0,0.0,0.0,0.0
2025/11/24,09:48:48,0,91.0,197.0,233.0,248.0,0.0,194.0,1.0,1.0,0.0,0.0,0.0,0.0
2025/11/24,09:48:53,0,89.0,194.0,230.0,248.0,4.0,194.0,1.0,2.0,0.0,0.0,0.0,0.0
2025/11/24,09:48:58,0,90.0,215.0,235.0,248.0,11.0,193.0,4.0,4.0,0.0,0.0,0.0,-0.0008
2025/11/24,09:49:03,0,90.0,185.0,232.0,248.0,2.0,193.0,1.0,1.0,0.0,0.0,0.0,0.0
2025/11/24,09:49:08,0,90.0,190.0,234.0,248.0,1.0,192.0,1.0,1.0,0.0,0.0,0.0,0.0
2025/11/24,09:49:13,0,92.0,214.0,235.0,248.0,13.0,193.0,5.0,4.0,0.0,0.0,0.0,0.0
2025/11/24,09:49:18,0,87.0,189.0,232.0,248.0,13.0,194.0,3.0,3.0,0.0,0.0,0.0,0.0
2025/11/24,09:49:23,0,92.0,198.0,233.0,249.0,0.0,193.0,0.0,1.0,-0.0008,0.0,0.0,0.0
2025/11/24,09:49:28,0,91.0,196.0,236.0,248.0,5.0,194.0,3.0,3.0,0.0,0.0,0.0,0.0
2025/11/24,09:49:33,0,91.0,205.0,235.0,247.0,8.0,193.0,3.0,3.0,0.0,0.0,0.0,0.0
2025/11/24,09:49:38,0,90.0,194.0,232.0,247.0,0.0,192.0,0.0,1.0,0.0,0.0,0.0,-0.0008
2025/11/24,09:49:43,0,91.0,204.0,236.0,248.0,13.0,193.0,6.0,5.0,0.0,0.0,0.0,0.0
2025/11/24,09:49:48,0,92.0,186.0,232.0,248.0,3.0,193.0,0.0,1.0,0.0,0.0,0.0,0.0
2025/11/24,09:49:53,0,91.0,201.0,235.0,248.0,10.0,193.0,5.0,4.0,0.0,0.0,0.0,0.0
2025/11/24,09:49:58,0,91.0,183.0,232.0,248.0,2.0,193.0,1.0,1.0,0.0,0.0,0.0,0.0
2025/11/24,09:50:03,0,92.0,192.0,235.0,248.0,5.0,192.0,3.0,3.0,0.0,0.0,0.0,0.0
2025/11/24,09:50:08,0,92.0,196.0,233.0,248.0,11.0,192.0,4.0,3.0,0.0,0.0,0.0,0.0
2025/11/24,09:50:13,0,93.0,187.0,232.0,248.0,2.0,193.0,1.0,2.0,0.0,0.0,0.0,-0.0008
2025/11/24,09:50:18,0,92.0,209.0,234.0,248.0,11.0,193.0,5.0,4.0,0.0,0.0,0.0,0.0
2025/11/24,09:50:23,0,91.0,183.0,233.0,248.0,8.0,192.0,2.0,3.0,0.0,0.0,0.0,0.0
2025/11/24,09:50:28,0,92.0,188.0,230.0,248.0,1.0,193.0,1.0,2.0,0.0,0.0,0.0,0.0
2025/11/24,09:50:33,0,92.0,208.0,235.0,248.0,12.0,193.0,5.0,4.0,0.0,0.0,0.0,0.0
2025/11/24,09:50:38,0,94.0,183.0,232.0,247.0,7.0,191.0,3.0,2.0,0.0,0.0,0.0,0.0
2025/11/24,09:50:43,0,92.0,190.0,234.0,247.0,1.0,192.0,2.0,2.0,0.0,0.0,0.0,0.0
2025/11/24,09:50:48,0,87.0,204.0,233.0,249.0,10.0,193.0,4.0,3.0,0.0,0.0,0.0,0.0
2025/11/24,09:50:53,0,93.0,190.0,231.0,248.0,2.0,193.0,2.0,2.0,0.0,0.0,0.0,0.0
2025/11/24,09:50:58,0,92.0,203.0,234.0,248.0,12.0,194.0,4.0,5.0,0.0,0.0,0.0,0.0
2025/11/24,09:51:03,0,89.0,189.0,232.0,248.0,0.0,192.0,0.0,1.0,0.0,0.0,0.0,0.0
2025/11/24,09:51:08,0,94.0,210.0,236.0,248.0,8.0,192.0,4.0,4.0,0.0,0.0,0.0,0.0
2025/11/24,09:51:13,0,91.0,187.0,233.0,248.0,2.0,193.0,1.0,2.0,0.0,0.0,0.0,0.0
2025/11/24,09:51:18,0,91.0,194.0,232.0,248.0,10.0,193.0,3.0,3.0,0.0,0.0,0.0,0.0
2025/11/24,09:51:23,0,90.0,193.0,235.0,248.0,7.0,194.0,5.0,3.0,0.0,0.0,0.0,0.0
2025/11/24,09:51:28,0,91.0,193.0,232.0,248.0,0.0,193.0,0.0,1.0,0.0,0.0,0.0,-0.0008
2025/11/24,09:51:33,0,93.0,217.0,235.0,248.0,12.0,193.0,5.0,4.0,0.0,0.0,0.0,0.0
2025/11/24,09:51:38,0,87.0,189.0,232.0,248.0,2.0,194.0,1.0,1.0,0.0,0.0,0.0,0.0
2025/11/24,09:51:43,0,93.0,204.0,235.0,249.0,10.0,192.0,3.0,4.0,0.0,0.0,0.0,0.0
2025/11/24,09:51:48,0,91.0,191.0,232.0,248.0,0.0,192.0,1.0,1.0,0.0,0.0,0.0,0.0
2025/11/24,09:51:53,0,89.0,206.0,235.0,248.0,11.0,194.0,5.0,3.0,0.0,0.0,0.0,0.0
2025/11/24,09:51:58,0,91.0,189.0,233.0,246.0,0.0,193.0,1.0,1.0,0.0,0.0,0.0,0.0
2025/11/24,09:52:03,0,93.0,215.0,234.0,247.0,10.0,192.0,4.0,3.0,0.0,0.0,0.0,0.0
2025/11/24,09:52:08,0,91.0,196.0,229.0,248.0,0.0,193.0,0.0,1.0,0.0,0.0,0.0,0.0
2025/11/24,09:52:13,0,91.0,208.0,235.0,246.0,13.0,192.0,6.0,4.0,0.0,0.0,0.0,0.0
2025/11/24,09:52:46,0,92.0,195.0,234.0,248.0,1.0,192.0,1.0,1.0,0.0,0.0,0.0,0.0
2025/11/24,09:52:48,0,92.0,197.0,232.0,249.0,1.0,192.0,0.0,1.0,0.0,0.0,0.0,0.0
2025/11/24,09:52:53,0,92.0,205.0,232.0,248.0,12.0,193.0,6.0,4.0,0.0,0.0,0.0,0.0
2025/11/24,09:52:58,0,91.0,192.0,231.0,248.0,12.0,191.0,4.0,3.0,0.0,0.0,0.0,0.0
2025/11/24,09:53:03,0,89.0,195.0,232.0,247.0,1.0,192.0,1.0,1.0,0.0,0.0,0.0,0.0
2025/11/24,09:53:08,0,90.0,193.0,233.0,248.0,6.0,192.0,3.0,3.0,0.0,0.0,0.0,0.0
2025/11/24,09:53:13,0,91.0,209.0,234.0,248.0,10.0,194.0,4.0,3.0,0.0,0.0,0.0,0.0
2025/11/24,09:53:18,0,90.0,185.0,231.0,248.0,3.0,193.0,1.0,1.0,0.0,0.0,0.0,0.0
2025/11/24,09:53:23,0,91.0,192.0,232.0,250.0,0.0,192.0,0.0,1.0,0.0,0.0,0.0,0.0
2025/11/24,09:53:28,0,88.0,193.0,233.0,248.0,0.0,192.0,1.0,2.0,0.0,0.0,0.0,0.0
2025/11/24,09:53:33,0,90.0,209.0,234.0,247.0,11.0,192.0,5.0,4.0,0.0,0.0,0.0,0.0
2025/11/24,09:53:38,0,90.0,206.0,233.0,247.0,8.0,191.0,5.0,3.0,0.0,0.0,0.0,0.0
2025/11/24,09:53:43,0,91.0,183.0,231.0,248.0,4.0,192.0,2.0,2.0,0.0,0.0,0.0,0.0
2025/11/24,09:53:48,0,90.0,195.0,230.0,249.0,0.0,191.0,1.0,1.0,0.0,0.0,0.0,-0.0008
2025/11/24,09:53:53,0,91.0,190.0,231.0,248.0,1.0,193.0,1.0,2.0,0.0,0.0,0.0,0.0
2025/11/24,09:53:58,0,93.0,193.0,231.0,248.0,9.0,193.0,2.0,3.0,0.0,0.0,0.0,0.0
2025/11/24,09:54:03,0,93.0,215.0,234.0,248.0,12.0,192.0,6.0,4.0,0.0,0.0,-0.0008,0.0
2025/11/24,09:54:08,0,91.0,198.0,231.0,247.0,12.0,192.0,4.0,2.0,0.0,0.0,0.0,0.0
2025/11/24,09:54:13,0,92.0,187.0,230.0,248.0,0.0,194.0,0.0,1.0,0.0,0.0,0.0,0.0
2025/11/24,09:54:18,0,92.0,198.0,231.0,247.0,2.0,193.0,0.0,1.0,0.0,0.0,0.0,0.0
2025/11/24,09:54:23,0,92.0,188.0,231.0,247.0,2.0,192.0,1.0,2.0,0.0,0.0,0.0,0.0
2025/11/24,09:54:28,0,87.0,196.0,233.0,248.0,3.0,192.0,2.0,2.0,0.0,0.0,0.0,0.0
2025/11/24,09:54:33,0,92.0,205.0,234.0,246.0,13.0,192.0,5.0,4.0,0.0,0.0,0.0,0.0
2025/11/24,09:54:38,0,93.0,212.0,231.0,249.0,14.0,193.0,5.0,4.0,0.0,0.0,0.0,0.0
2025/11/24,09:54:43,0,93.0,190.0,229.0,248.0,10.0,193.0,3.0,3.0,0.0,0.0,0.0,0.0
2025/11/24,09:54:48,0,91.0,192.0,230.0,248.0,1.0,194.0,1.0,1.0,0.0,0.0,0.0,0.0
2025/11/24,09:54:53,0,94.0,188.0,231.0,248.0,2.0,193.0,1.0,2.0,0.0,0.0,0.0,0.0
2025/11/24,09:54:58,0,91.0,197.0,231.0,248.0,9.0,193.0,3.0,4.0,0.0,0.0,0.0,0.0
2025/11/24,09:55:03,0,91.0,215.0,233.0,248.0,11.0,191.0,5.0,4.0,0.0,0.0,0.0,0.0
2025/11/24,09:55:08,0,94.0,199.0,232.0,248.0,10.0,192.0,4.0,3.0,0.0,0.0,0.0,0.0
2025/11/24,09:55:13,0,93.0,183.0,229.0,248.0,4.0,193.0,1.0,2.0,0.0,0.0,0.0,0.0
2025/11/24,09:55:18,0,91.0,196.0,230.0,248.0,0.0,191.0,0.0,1.0,0.0,0.0,0.0,0.0
2025/11/24,09:55:23,0,92.0,191.0,231.0,247.0,1.0,194.0,1.0,1.0,0.0,0.0,0.0,0.0
2025/11/24,09:55:28,0,91.0,193.0,233.0,246.0,2.0,193.0,1.0,2.0,0.0,0.0,0.0,0.0
2025/11/24,09:55:33,0,92.0,181.0,230.0,248.0,8.0,192.0,3.0,4.0,0.0,0.0,0.0,0.0
2025/11/24,09:55:38,0,92.0,207.0,233.0,249.0,10.0,193.0,4.0,3.0,0.0,0.0,0.0,0.0
2025/11/24,09:55:43,0,92.0,184.0,230.0,248.0,5.0,193.0,0.0,3.0,0.0,0.0,0.0,0.0
2025/11/24,09:55:48,0,91.0,195.0,230.0,248.0,0.0,193.0,0.0,1.0,0.0,0.0,0.0,0.0
2025/11/24,09:55:53,0,93.0,191.0,231.0,247.0,1.0,193.0,1.0,2.0,0.0,0.0,0.0,0.0
2025/11/24,09:55:58,0,91.0,206.0,231.0,248.0,14.0,194.0,5.0,4.0,0.0,0.0,0.0,0.0
2025/11/24,09:56:03,0,89.0,196.0,231.0,248.0,9.0,192.0,4.0,3.0,0.0,0.0,0.0,0.0
2025/11/24,09:56:08,0,91.0,187.0,230.0,247.0,1.0,191.0,1.0,1.0,0.0,0.0,0.0,0.0
2025/11/24,09:56:13,0,88.0,194.0,230.0,248.0,0.0,192.0,0.0,1.0,0.0,0.0,0.0,0.0
2025/11/24,09:56:18,0,92.0,193.0,233.0,248.0,4.0,192.0,2.0,2.0,0.0,0.0,0.0,0.0
2025/11/24,09:56:23,0,91.0,210.0,233.0,247.0,12.0,192.0,6.0,4.0,0.0,0.0,0.0,-0.0008
2025/11/24,09:56:28,0,92.0,205.0,233.0,248.0,10.0,193.0,4.0,3.0,0.0,0.0,0.0,0.0
2025/11/24,09:56:33,0,91.0,185.0,229.0,248.0,2.0,193.0,1.0,1.0,0.0,0.0,0.0,0.0
2025/11/24,09:56:38,0,93.0,195.0,231.0,248.0,1.0,193.0,0.0,2.0,0.0,0.0,0.0,0.0
2025/11/24,09:56:43,0,92.0,191.0,229.0,248.0,2.0,193.0,1.0,2.0,0.0,0.0,0.0,0.0
2025/11/24,09:56:48,0,92.0,196.0,232.0,248.0,7.0,193.0,3.0,3.0,0.0,0.0,0.0,0.0
2025/11/24,09:56:53,0,92.0,218.0,232.0,248.0,12.0,192.0,5.0,4.0,0.0,0.0,0.0,0.0
2025/11/24,09:56:58,0,94.0,187.0,232.0,248.0,10.0,194.0,4.0,3.0,0.0,0.0,0.0,0.0
2025/11/24,09:57:03,0,90.0,194.0,231.0,248.0,0.0,192.0,0.0,0.0,0.0,0.0,0.0,0.0
2025/11/24,09:57:08,0,92.0,191.0,231.0,248.0,2.0,193.0,1.0,2.0,0.0,0.0,0.0,0.0
2025/11/24,09:57:13,0,92.0,198.0,233.0,248.0,7.0,193.0,4.0,3.0,0.0,0.0,0.0,0.0
2025/11/24,09:57:18,0,91.0,211.0,234.0,248.0,10.0,192.0,4.0,3.0,0.0,0.0,0.0,0.0
2025/11/24,09:57:23,0,92.0,183.0,230.0,248.0,8.0,193.0,2.0,2.0,0.0,0.0,0.0,0.0
2025/11/24,09:57:28,0,91.0,195.0,231.0,248.0,0.0,192.0,0.0,1.0,0.0,0.0,0.0,0.0
2025/11/24,09:57:33,0,91.0,192.0,231.0,248.0,1.0,193.0,1.0,1.0,0.0,0.0,0.0,0.0
2025/11/24,09:57:38,0,93.0,204.0,233.0,248.0,13.0,191.0,5.0,4.0,0.0,0.0,0.0,-0.0008
2025/11/24,09:57:43,0,87.0,202.0,233.0,248.0,10.0,193.0,4.0,4.0,0.0,0.0,0.0,0.0
2025/11/24,09:57:48,0,92.0,193.0,231.0,246.0,1.0,193.0,0.0,1.0,0.0,0.0,0.0,0.0
2025/11/24,09:57:53,0,90.0,194.0,232.0,248.0,4.0,193.0,2.0,2.0,0.0,0.0,0.0,0.0
2025/11/24,09:57:58,0,91.0,207.0,233.0,248.0,9.0,192.0,5.0,3.0,0.0,0.0,0.0,0.0
2025/11/24,09:58:03,0,92.0,190.0,230.0,247.0,0.0,193.0,0.0,1.0,0.0,0.0,0.0,0.0
2025/11/24,09:58:08,0,93.0,192.0,232.0,248.0,2.0,194.0,2.0,2.0,0.0,0.0,0.0,0.0
2025/11/24,09:58:13,0,90.0,209.0,234.0,248.0,11.0,193.0,5.0,4.0,0.0,0.0,0.0,0.0
2025/11/24,09:58:18,0,92.0,203.0,232.0,248.0,13.0,193.0,4.0,3.0,0.0,0.0,0.0,0.0
2025/11/24,09:58:23,0,91.0,186.0,229.0,248.0,4.0,193.0,1.0,1.0,0.0,0.0,0.0,0.0
2025/11/24,09:58:28,0,92.0,197.0,230.0,247.0,1.0,191.0,1.0,1.0,0.0,0.0,0.0,0.0
2025/11/24,09:58:33,0,89.0,190.0,232.0,249.0,0.0,192.0,0.0,1.0,0.0,0.0,0.0,-0.0008
2025/11/24,09:58:38,0,91.0,198.0,231.0,248.0,9.0,193.0,5.0,4.0,0.0,0.0,0.0,0.0
2025/11/24,09:58:43,0,92.0,214.0,234.0,247.0,10.0,194.0,4.0,3.0,0.0,0.0,0.0,0.0
2025/11/24,09:58:48,0,91.0,197.0,233.0,249.0,9.0,193.0,4.0,3.0,0.0,0.0,0.0,0.0
2025/11/24,09:58:53,0,93.0,183.0,230.0,248.0,10.0,193.0,3.0,3.0,0.0,0.0,0.0,0.0
2025/11/24,09:58:58,0,93.0,190.0,230.0,246.0,1.0,192.0,0.0,1.0,0.0,0.0,0.0,0.0
2025/11/24,09:59:03,0,93.0,190.0,230.0,247.0,3.0,193.0,1.0,2.0,0.0,0.0,0.0,0.0
2025/11/24,09:59:08,0,92.0,194.0,232.0,248.0,4.0,194.0,3.0,2.0,0.0,0.0,0.0,0.0
2025/11/24,09:59:13,0,93.0,201.0,233.0,248.0,10.0,193.0,4.0,4.0,0.0,0.0,0.0,0.0
2025/11/24,09:59:18,0,92.0,205.0,233.0,247.0,14.0,192.0,6.0,4.0,0.0,0.0,0.0,0.0
2025/11/24,09:59:23,0,91.0,205.0,230.0,248.0,13.0,192.0,6.0,4.0,0.0,0.0,0.0,0.0
2025/11/24,09:59:28,0,92.0,204.0,234.0,247.0,10.0,192.0,5.0,3.0,0.0,0.0,0.0,-0.0008
2025/11/24,09:59:33,0,91.0,207.0,234.0,247.0,12.0,192.0,6.0,4.0,0.0,0.0,0.0,0.0
2025/11/24,09:59:38,0,91.0,208.0,233.0,248.0,13.0,192.0,6.0,4.0,0.0,0.0,0.0,0.0
2025/11/24,09:59:43,0,92.0,207.0,233.0,247.0,12.0,192.0,5.0,4.0,0.0,0.0,0.0,0.0
2025/11/24,09:59:48,0,91.0,211.0,232.0,248.0,12.0,194.0,6.0,4.0,0.0,0.0,0.0,0.0
2025/11/24,09:59:53,0,92.0,211.0,234.0,247.0,13.0,192.0,6.0,4.0,0.0,0.0,0.0,0.0
2025/11/24,09:59:58,0,93.0,211.0,233.0,249.0,12.0,193.0,6.0,4.0,0.0,0.0,0.0,0.0
2025/11/24,10:00:03,0,93.0,216.0,230.0,248.0,11.0,193.0,5.0,4.0,0.0,0.0,0.0,0.0
2025/11/24,10:00:08,0,93.0,208.0,233.0,248.0,11.0,193.0,4.0,3.0,0.0,0.0,0.0,0.0
2025/11/24,10:00:13,0,93.0,185.0,232.0,248.0,8.0,191.0,4.0,2.0,0.0,0.0,0.0,0.0
2025/11/24,10:00:18,0,89.0,193.0,231.0,248.0,0.0,191.0,0.0,0.0,0.0,0.0,0.0,0.0
2025/11/24,10:00:23,0,90.0,192.0,233.0,246.0,2.0,191.0,2.0,2.0,0.0,0.0,0.0,0.0
2025/11/24,10:00:28,0,91.0,214.0,234.0,248.0,12.0,193.0,5.0,4.0,0.0,0.0,0.0,0.0
2025/11/24,10:00:33,0,95.0,199.0,232.0,248.0,10.0,193.0,4.0,3.0,0.0,0.0,0.0,0.0
2025/11/24,10:00:38,0,91.0,184.0,231.0,249.0,3.0,192.0,1.0,1.0,0.0,0.0,0.0,0.0
2025/11/24,10:00:43,0,90.0,195.0,231.0,248.0,0.0,192.0,0.0,1.0,0.0,0.0,0.0,0.0
2025/11/24,10:00:48,0,90.0,187.0,232.0,248.0,0.0,192.0,1.0,2.0,0.0,0.0,0.0,0.0
2025/11/24,10:00:53,0,88.0,191.0,233.0,248.0,2.0,192.0,1.0,1.0,0.0,0.0,0.0,0.0
2025/11/24,10:00:58,0,91.0,209.0,233.0,248.0,13.0,193.0,5.0,4.0,0.0,0.0,0.0,0.0
2025/11/24,10:01:03,0,89.0,197.0,231.0,248.0,9.0,194.0,5.0,3.0,0.0,0.0,0.0,0.0
2025/11/24,10:01:08,0,91.0,195.0,231.0,248.0,0.0,192.0,0.0,1.0,0.0,0.0,0.0,0.0
2025/11/24,10:01:13,0,92.0,193.0,233.0,249.0,2.0,192.0,2.0,2.0,0.0,0.0,0.0,0.0
2025/11/24,10:01:18,0,90.0,211.0,232.0,249.0,12.0,193.0,6.0,4.0,0.0,0.0,0.0,0.0
2025/11/24,10:01:23,0,91.0,199.0,233.0,248.0,9.0,193.0,4.0,3.0,0.0,0.0,0.0,0.0
2025/11/24,10:01:28,0,92.0,189.0,231.0,247.0,0.0,193.0,0.0,1.0,0.0,0.0,0.0,0.0
2025/11/24,10:01:33,0,89.0,187.0,229.0,248.0,1.0,193.0,1.0,1.0,0.0,0.0,0.0,0.0
2025/11/24,10:01:38,0,92.0,200.0,233.0,248.0,11.0,192.0,4.0,4.0,0.0,0.0,0.0,0.0
2025/11/24,10:01:43,0,93.0,206.0,234.0,248.0,9.0,194.0,4.0,3.0,0.0,0.0,0.0,0.0
2025/11/24,10:01:48,0,90.0,193.0,231.0,248.0,0.0,192.0,0.0,1.0,0.0,0.0,0.0,-0.0008
2025/11/24,10:01:53,0,90.0,194.0,234.0,248.0,3.0,191.0,3.0,3.0,0.0,0.0,0.0,0.0
2025/11/24,10:01:58,0,91.0,210.0,234.0,248.0,8.0,192.0,5.0,3.0,0.0,0.0,0.0,0.0
2025/11/24,10:02:03,0,90.0,190.0,232.0,248.0,0.0,192.0,0.0,1.0,0.0,0.0,0.0,0.0
2025/11/24,10:02:08,0,88.0,194.0,232.0,248.0,4.0,194.0,2.0,3.0,0.0,0.0,0.0,0.0
2025/11/24,10:02:13,0,93.0,211.0,234.0,248.0,10.0,194.0,5.0,5.0,0.0,0.0,0.0,0.0
2025/11/24,10:02:18,0,90.0,197.0,230.0,248.0,0.0,193.0,0.0,0.0,0.0,0.0,0.0,0.0
2025/11/24,10:03:04,0,90.0,217.0,231.0,248.0,11.0,193.0,5.0,4.0,0.0,0.0,0.0,0.0
2025/11/24,10:03:08,0,87.0,191.0,233.0,249.0,2.0,192.0,1.0,2.0,0.0,0.0,0.0,0.0
2025/11/24,10:03:13,0,91.0,217.0,234.0,247.0,13.0,192.0,5.0,4.0,0.0,0.0,0.0,0.0
2025/11/24,10:03:18,0,90.0,187.0,231.0,248.0,0.0,193.0,1.0,1.0,0.0,0.0,0.0,0.0
2025/11/24,10:03:23,0,91.0,192.0,232.0,248.0,2.0,193.0,1.0,2.0,0.0,0.0,0.0,0.0
2025/11/24,10:03:28,0,89.0,215.0,232.0,249.0,12.0,194.0,5.0,3.0,0.0,0.0,0.0,0.0
2025/11/24,10:03:33,0,90.0,182.0,231.0,248.0,4.0,194.0,2.0,2.0,0.0,0.0,0.0,0.0
2025/11/24,10:03:38,0,94.0,195.0,230.0,249.0,2.0,193.0,1.0,1.0,0.0,0.0,0.0,0.0
2025/11/24,10:03:43,0,91.0,192.0,233.0,247.0,2.0,194.0,1.0,2.0,0.0,0.0,0.0,0.0
2025/11/24,10:03:48,0,90.0,199.0,234.0,248.0,9.0,192.0,4.0,4.0,0.0,0.0,0.0,0.0
2025/11/24,10:03:53,0,88.0,212.0,232.0,248.0,10.0,193.0,4.0,3.0,0.0,0.0,0.0,0.0
2025/11/24,10:03:58,0,91.0,186.0,231.0,248.0,2.0,192.0,1.0,2.0,0.0,0.0,0.0,0.0
2025/11/24,10:04:03,0,91.0,191.0,231.0,248.0,3.0,193.0,1.0,2.0,0.0,0.0,0.0,0.0
2025/11/24,10:04:08,0,91.0,203.0,231.0,248.0,10.0,194.0,5.0,4.0,0.0,0.0,0.0,0.0
2025/11/24,10:04:13,0,94.0,206.0,234.0,248.0,11.0,192.0,5.0,4.0,0.0,0.0,0.0,0.0
2025/11/24,10:04:18,0,90.0,189.0,231.0,248.0,1.0,193.0,0.0,1.0,0.0,0.0,0.0,0.0
2025/11/24,10:04:23,0,90.0,193.0,232.0,248.0,3.0,194.0,3.0,2.0,0.0,0.0,0.0,0.0
2025/11/24,10:04:28,0,91.0,208.0,235.0,249.0,12.0,192.0,6.0,4.0,0.0,0.0,0.0,0.0
2025/11/24,10:04:33,0,86.0,205.0,232.0,248.0,10.0,193.0,5.0,3.0,0.0,0.0,0.0,0.0
2025/11/24,10:04:38,0,90.0,186.0,232.0,248.0,9.0,192.0,3.0,3.0,0.0,0.0,0.0,0.0
2025/11/24,10:04:43,0,90.0,191.0,231.0,248.0,0.0,191.0,0.0,1.0,0.0,0.0,0.0,0.0
2025/11/24,10:04:48,0,92.0,190.0,232.0,248.0,2.0,194.0,1.0,1.0,0.0,0.0,0.0,0.0
2025/11/24,10:04:53,0,89.0,203.0,234.0,248.0,10.0,193.0,4.0,4.0,0.0,0.0,0.0,0.0
2025/11/24,10:04:58,0,96.0,206.0,234.0,249.0,9.0,193.0,5.0,3.0,0.0,0.0,0.0,0.0
2025/11/24,10:05:03,0,91.0,189.0,232.0,249.0,0.0,192.0,0.0,1.0,0.0,0.0,0.0,0.0
2025/11/24,10:05:08,0,92.0,190.0,230.0,248.0,3.0,193.0,1.0,2.0,0.0,0.0,0.0,0.0
2025/11/24,10:05:13,0,91.0,205.0,235.0,249.0,12.0,193.0,5.0,4.0,0.0,0.0,0.0,0.0
2025/11/24,10:05:18,0,96.0,215.0,235.0,248.0,13.0,193.0,5.0,4.0,0.0,0.0,0.0,0.0
2025/11/24,10:05:23,0,90.0,205.0,233.0,248.0,10.0,194.0,5.0,3.0,0.0,0.0,0.0,0.0
2025/11/24,10:05:28,0,92.0,188.0,231.0,248.0,10.0,193.0,3.0,2.0,0.0,0.0,0.0,0.0
2025/11/24,10:05:33,0,89.0,192.0,233.0,249.0,0.0,194.0,0.0,0.0,0.0,0.0,0.0,0.0
2025/11/24,10:05:38,0,90.0,191.0,231.0,248.0,2.0,193.0,1.0,2.0,0.0,0.0,0.0,0.0
2025/11/24,10:05:43,0,88.0,204.0,234.0,248.0,12.0,193.0,5.0,4.0,0.0,0.0,0.0,0.0
2025/11/24,10:05:48,0,87.0,206.0,234.0,248.0,8.0,193.0,4.0,3.0,0.0,0.0,0.0,0.0
2025/11/24,10:05:53,0,89.0,184.0,231.0,248.0,4.0,193.0,2.0,2.0,0.0,0.0,0.0,0.0
2025/11/24,10:05:58,0,88.0,197.0,234.0,248.0,5.0,194.0,3.0,3.0,0.0,0.0,0.0,0.0
2025/11/24,10:06:03,0,90.0,190.0,231.0,248.0,1.0,192.0,1.0,2.0,0.0,0.0,0.0,0.0
2025/11/24,10:06:08,0,88.0,190.0,232.0,249.0,1.0,193.0,0.0,2.0,0.0,0.0,0.0,0.0
2025/11/24,10:06:13,0,90.0,193.0,233.0,247.0,2.0,192.0,2.0,2.0,0.0,0.0,0.0,0.0
2025/11/24,10:06:18,0,89.0,204.0,234.0,248.0,12.0,192.0,5.0,4.0,0.0,0.0,0.0,-0.0008
2025/11/24,10:06:23,0,83.0,214.0,235.0,248.0,9.0,192.0,4.0,4.0,0.0,0.0,0.0,0.0
2025/11/24,10:06:28,0,88.0,191.0,232.0,248.0,10.0,196.0,4.0,3.0,0.0,0.0,0.0,0.0
2025/11/24,10:06:33,0,89.0,188.0,231.0,248.0,0.0,193.0,0.0,0.0,0.0,0.0,0.0,0.0
2025/11/24,10:06:38,0,88.0,197.0,233.0,249.0,0.0,193.0,1.0,1.0,0.0,0.0,0.0,0.0
2025/11/24,10:06:43,0,87.0,192.0,233.0,248.0,1.0,193.0,1.0,0.0,0.0,0.0,0.0,0.0
2025/11/24,10:06:48,0,88.0,204.0,235.0,247.0,12.0,193.0,5.0,4.0,0.0,0.0,0.0,0.0
2025/11/24,10:06:53,0,89.0,208.0,235.0,249.0,7.0,193.0,4.0,2.0,0.0,0.0,0.0,0.0
2025/11/24,10:06:58,0,87.0,183.0,230.0,248.0,6.0,193.0,1.0,3.0,0.0,0.0,0.0,0.0
2025/11/24,10:07:03,0,89.0,195.0,234.0,248.0,0.0,193.0,0.0,0.0,0.0,0.0,0.0,0.0
2025/11/24,10:07:08,0,91.0,189.0,233.0,248.0,2.0,192.0,1.0,1.0,0.0,0.0,0.0,0.0
2025/11/24,10:07:13,0,85.0,196.0,235.0,248.0,6.0,193.0,3.0,3.0,0.0,0.0,0.0,0.0
2025/11/24,10:07:18,0,88.0,218.0,236.0,248.0,12.0,194.0,5.0,4.0,0.0,0.0,0.0,0.0
2025/11/24,10:07:23,0,86.0,192.0,233.0,248.0,9.0,194.0,5.0,3.0,0.0,0.0,0.0,0.0
2025/11/24,10:07:28,0,89.0,196.0,232.0,249.0,0.0,192.0,0.0,1.0,0.0,0.0,0.0,0.0
2025/11/24,10:07:33,0,88.0,192.0,234.0,248.0,1.0,194.0,1.0,2.0,0.0,0.0,0.0,0.0
2025/11/24,10:07:38,0,87.0,203.0,235.0,247.0,11.0,192.0,4.0,3.0,0.0,0.0,0.0,0.0
2025/11/24,10:07:43,0,89.0,215.0,233.0,249.0,12.0,194.0,6.0,4.0,0.0,0.0,0.0,0.0
2025/11/24,10:07:48,0,87.0,200.0,233.0,248.0,9.0,194.0,4.0,3.0,0.0,0.0,0.0,0.0
2025/11/24,10:07:53,0,87.0,183.0,232.0,248.0,5.0,192.0,3.0,1.0,0.0,0.0,0.0,0.0
2025/11/24,10:07:58,0,88.0,191.0,231.0,248.0,0.0,193.0,0.0,1.0,0.0,0.0,0.0,0.0
2025/11/24,10:08:03,0,89.0,190.0,234.0,248.0,2.0,193.0,2.0,2.0,0.0,0.0,0.0,0.0
2025/11/24,10:08:08,0,89.0,198.0,233.0,248.0,8.0,194.0,5.0,3.0,0.0,0.0,0.0,0.0
2025/11/24,10:08:13,0,88.0,216.0,235.0,248.0,11.0,193.0,5.0,4.0,0.0,0.0,0.0,0.0
2025/11/24,10:08:18,0,88.0,202.0,235.0,249.0,12.0,194.0,4.0,3.0,0.0,0.0,0.0,0.0
2025/11/24,10:08:23,0,89.0,183.0,233.0,248.0,9.0,193.0,2.0,3.0,0.0,0.0,0.0,0.0
2025/11/24,10:08:28,0,89.0,189.0,233.0,248.0,1.0,192.0,0.0,1.0,0.0,0.0,0.0,0.0
2025/11/24,10:08:33,0,91.0,196.0,233.0,249.0,0.0,192.0,0.0,1.0,0.0,0.0,0.0,0.0
2025/11/24,10:08:38,0,89.0,189.0,230.0,248.0,4.0,193.0,1.0,2.0,0.0,0.0,0.0,0.0
2025/11/24,10:08:43,0,91.0,193.0,233.0,248.0,2.0,193.0,1.0,2.0,0.0,0.0,0.0,0.0
2025/11/24,10:08:48,0,88.0,197.0,235.0,248.0,7.0,194.0,4.0,3.0,0.0,0.0,0.0,0.0
2025/11/24,10:08:53,0,89.0,204.0,236.0,249.0,12.0,194.0,6.0,4.0,0.0,0.0,0.0,0.0
2025/11/24,10:08:58,0,89.0,207.0,236.0,248.0,13.0,193.0,5.0,4.0,0.0,0.0,0.0,-0.0008
2025/11/24,10:09:03,0,90.0,211.0,236.0,249.0,11.0,192.0,6.0,4.0,0.0,0.0,0.0,0.0
2025/11/24,10:09:08,0,88.0,218.0,232.0,248.0,11.0,192.0,5.0,3.0,0.0,0.0,0.0,0.0
2025/11/24,10:09:13,0,88.0,211.0,232.0,249.0,10.0,194.0,5.0,3.0,0.0,0.0,0.0,0.0
2025/11/24,10:09:18,0,87.0,205.0,235.0,249.0,8.0,193.0,4.0,3.0,0.0,0.0,0.0,0.0
2025/11/24,10:09:23,0,89.0,197.0,234.0,248.0,9.0,194.0,4.0,3.0,0.0,0.0,0.0,0.0
2025/11/24,10:09:28,0,89.0,194.0,234.0,247.0,10.0,194.0,4.0,3.0,0.0,0.0,0.0,0.0
2025/11/24,10:09:33,0,92.0,189.0,231.0,248.0,12.0,195.0,5.0,3.0,0.0,0.0,0.0,0.0
2025/11/24,10:09:38,0,91.0,195.0,234.0,248.0,10.0,192.0,4.0,3.0,0.0,0.0,0.0,0.0
2025/11/24,10:09:43,0,91.0,205.0,234.0,248.0,8.0,192.0,5.0,3.0,0.0,0.0,0.0,0.0
2025/11/24,10:09:48,0,91.0,205.0,234.0,248.0,8.0,193.0,4.0,3.0,0.0,0.0,0.0,0.0
2025/11/24,10:09:53,0,91.0,212.0,235.0,248.0,10.0,194.0,5.0,3.0,0.0,0.0,0.0,0.0
2025/11/24,10:09:58,0,91.0,216.0,232.0,248.0,12.0,194.0,6.0,4.0,0.0,0.0,0.0,0.0
2025/11/24,10:10:03,0,90.0,204.0,235.0,248.0,10.0,193.0,5.0,4.0,0.0,0.0,0.0,0.0
2025/11/24,10:10:08,0,92.0,194.0,232.0,248.0,2.0,193.0,2.0,2.0,0.0,0.0,0.0,0.0
2025/11/24,10:10:13,0,90.0,188.0,233.0,250.0,3.0,192.0,1.0,2.0,0.0,0.0,0.0,0.0
2025/11/24,10:10:18,0,92.0,195.0,230.0,248.0,0.0,194.0,0.0,0.0,0.0,0.0,0.0,0.0
2025/11/24,10:10:23,0,91.0,187.0,229.0,248.0,3.0,193.0,1.0,1.0,0.0,0.0,0.0,0.0
2025/11/24,10:10:28,0,90.0,190.0,233.0,248.0,9.0,193.0,3.0,3.0,0.0,0.0,0.0,0.0
2025/11/24,10:10:33,0,91.0,202.0,234.0,248.0,8.0,194.0,4.0,3.0,0.0,0.0,0.0,0.0
2025/11/24,10:10:38,0,95.0,214.0,233.0,248.0,11.0,194.0,5.0,3.0,0.0,0.0,0.0,0.0
2025/11/24,10:10:43,0,92.0,208.0,235.0,247.0,13.0,193.0,6.0,4.0,0.0,-0.0008,0.0,0.0
2025/11/24,10:10:48,0,92.0,200.0,235.0,247.0,10.0,193.0,5.0,4.0,0.0,0.0,0.0,0.0
2025/11/24,10:10:53,0,89.0,194.0,234.0,248.0,3.0,194.0,2.0,2.0,0.0,0.0,0.0,0.0
2025/11/24,10:10:58,0,90.0,190.0,233.0,248.0,5.0,193.0,1.0,2.0,0.0,0.0,0.0,0.0
2025/11/24,10:11:03,0,89.0,196.0,229.0,248.0,1.0,193.0,0.0,1.0,0.0,0.0,0.0,0.0
2025/11/24,10:11:08,0,91.0,186.0,231.0,248.0,3.0,193.0,1.0,1.0,0.0,0.0,0.0,0.0
2025/11/24,10:11:13,0,92.0,200.0,234.0,248.0,9.0,194.0,4.0,3.0,0.0,0.0,0.0,0.0
2025/11/24,10:11:18,0,91.0,211.0,234.0,248.0,12.0,193.0,5.0,4.0,0.0,0.0,0.0,0.0
2025/11/24,10:11:23,0,91.0,195.0,236.0,247.0,5.0,192.0,3.0,3.0,0.0,0.0,0.0,0.0
2025/11/24,10:11:28,0,91.0,193.0,233.0,249.0,2.0,193.0,2.0,2.0,0.0,0.0,0.0,0.0
2025/11/24,10:11:33,0,90.0,188.0,232.0,248.0,1.0,193.0,0.0,1.0,0.0,0.0,0.0,0.0
2025/11/24,10:11:38,0,91.0,190.0,231.0,248.0,1.0,193.0,0.0,1.0,0.0,0.0,0.0,0.0
2025/11/24,10:11:43,0,88.0,192.0,233.0,247.0,10.0,192.0,4.0,3.0,0.0,0.0,0.0,0.0
2025/11/24,10:11:48,0,88.0,217.0,233.0,248.0,12.0,194.0,5.0,3.0,0.0,0.0,0.0,0.0
2025/11/24,10:11:53,0,91.0,196.0,235.0,249.0,8.0,193.0,4.0,3.0,0.0,0.0,0.0,0.0
2025/11/24,10:11:58,0,91.0,193.0,234.0,248.0,4.0,194.0,3.0,2.0,0.0,0.0,0.0,0.0
2025/11/24,10:12:03,0,94.0,194.0,233.0,249.0,2.0,193.0,2.0,2.0,0.0,0.0,0.0,0.0
2025/11/24,10:12:08,0,92.0,193.0,234.0,248.0,2.0,192.0,2.0,2.0,0.0,0.0,0.0,0.0
2025/11/24,10:12:13,0,91.0,191.0,234.0,248.0,2.0,193.0,2.0,2.0,0.0,0.0,0.0,0.0
2025/11/24,10:12:18,0,92.0,192.0,234.0,248.0,2.0,191.0,2.0,2.0,0.0,0.0,0.0,0.0
2025/11/24,10:12:23,0,91.0,193.0,234.0,248.0,5.0,194.0,4.0,2.0,0.0,0.0,0.0,0.0
2025/11/24,10:12:28,0,92.0,200.0,234.0,248.0,12.0,193.0,5.0,4.0,0.0,0.0,0.0,0.0
2025/11/24,10:13:04,0,90.0,206.0,235.0,248.0,8.0,193.0,4.0,3.0,0.0,0.0,0.0,0.0
2025/11/24,10:13:07,0,91.0,197.0,233.0,248.0,9.0,194.0,4.0,3.0,0.0,0.0,0.0,0.0
2025/11/24,10:13:12,0,92.0,184.0,232.0,248.0,4.0,194.0,2.0,1.0,0.0,0.0,0.0,0.0
2025/11/24,10:13:17,0,90.0,194.0,232.0,248.0,0.0,192.0,0.0,1.0,0.0,0.0,0.0,0.0
2025/11/24,10:13:22,0,94.0,190.0,232.0,246.0,3.0,194.0,1.0,1.0,0.0,0.0,0.0,0.0
2025/11/24,10:13:27,0,91.0,194.0,233.0,248.0,3.0,192.0,1.0,2.0,0.0,0.0,0.0,0.0
2025/11/24,10:13:32,0,92.0,194.0,233.0,248.0,9.0,193.0,3.0,4.0,0.0,0.0,0.0,0.0
2025/11/24,10:13:37,0,93.0,209.0,234.0,248.0,13.0,194.0,6.0,4.0,0.0,0.0,0.0,0.0
2025/11/24,10:13:42,0,94.0,215.0,235.0,249.0,11.0,192.0,5.0,4.0,0.0,0.0,0.0,0.0
2025/11/24,10:13:47,0,91.0,204.0,235.0,246.0,5.0,194.0,4.0,3.0,0.0,0.0,0.0,0.0
2025/11/24,10:13:52,0,92.0,196.0,231.0,248.0,11.0,193.0,4.0,3.0,0.0,0.0,0.0,0.0
2025/11/24,10:13:57,0,91.0,188.0,233.0,247.0,9.0,196.0,3.0,3.0,0.0,0.0,0.0,0.0
2025/11/24,10:14:02,0,93.0,184.0,232.0,248.0,8.0,193.0,3.0,2.0,0.0,0.0,0.0,0.0
2025/11/24,10:14:07,0,92.0,185.0,234.0,248.0,5.0,193.0,1.0,2.0,0.0,0.0,0.0,0.0
2025/11/24,10:14:12,0,93.0,192.0,232.0,248.0,0.0,194.0,0.0,0.0,0.0,0.0,0.0,-0.0008
2025/11/24,10:14:17,0,91.0,193.0,232.0,248.0,0.0,193.0,0.0,1.0,0.0,0.0,0.0,0.0
2025/11/24,10:14:22,0,93.0,199.0,233.0,248.0,1.0,192.0,0.0,0.0,0.0,0.0,0.0,0.0
2025/11/24,10:14:27,0,91.0,188.0,232.0,248.0,0.0,193.0,1.0,3.0,0.0,0.0,0.0,0.0
2025/11/24,10:14:32,0,90.0,191.0,233.0,248.0,1.0,193.0,1.0,2.0,0.0,0.0,0.0,0.0
2025/11/24,10:14:37,0,92.0,196.0,233.0,248.0,6.0,194.0,3.0,3.0,0.0,0.0,0.0,0.0
2025/11/24,10:14:42,0,92.0,210.0,234.0,248.0,12.0,193.0,5.0,4.0,0.0,0.0,0.0,0.0
2025/11/24,10:14:47,0,91.0,197.0,234.0,248.0,9.0,193.0,4.0,3.0,0.0,0.0,0.0,0.0
2025/11/24,10:14:52,0,91.0,190.0,233.0,248.0,0.0,194.0,0.0,0.0,0.0,0.0,0.0,-0.0008
2025/11/24,10:14:57,0,93.0,188.0,232.0,248.0,3.0,195.0,2.0,2.0,0.0,0.0,0.0,0.0
2025/11/24,10:15:02,0,92.0,194.0,235.0,249.0,1.0,193.0,2.0,2.0,0.0,0.0,0.0,0.0
2025/11/24,10:15:07,0,91.0,215.0,235.0,248.0,12.0,194.0,6.0,4.0,0.0,0.0,0.0,0.0
2025/11/24,10:15:12,0,93.0,193.0,230.0,249.0,11.0,193.0,4.0,3.0,0.0,0.0,0.0,0.0
2025/11/24,10:15:17,0,93.0,190.0,233.0,249.0,0.0,193.0,0.0,1.0,0.0,0.0,0.0,0.0
2025/11/24,10:15:22,0,93.0,191.0,233.0,248.0,0.0,194.0,1.0,1.0,0.0,0.0,0.0,0.0
2025/11/24,10:15:27,0,92.0,195.0,234.0,248.0,5.0,193.0,3.0,2.0,0.0,0.0,0.0,0.0
2025/11/24,10:15:32,0,93.0,215.0,235.0,249.0,9.0,192.0,5.0,3.0,0.0,0.0,0.0,0.0
2025/11/24,10:15:37,0,91.0,188.0,232.0,248.0,0.0,192.0,0.0,1.0,0.0,0.0,0.0,0.0
2025/11/24,10:15:42,0,91.0,193.0,233.0,248.0,6.0,194.0,3.0,3.0,0.0,0.0,0.0,0.0
2025/11/24,10:15:47,0,93.0,190.0,232.0,247.0,11.0,193.0,3.0,3.0,0.0,0.0,0.0,0.0
2025/11/24,10:15:52,0,96.0,203.0,233.0,248.0,14.0,194.0,6.0,5.0,0.0,0.0,0.0,0.0
2025/11/24,10:15:57,0,91.0,184.0,232.0,249.0,2.0,193.0,1.0,0.0,0.0,0.0,0.0,0.0
2025/11/24,10:16:02,0,93.0,210.0,234.0,248.0,12.0,193.0,5.0,3.0,0.0,0.0,0.0,0.0
2025/11/24,10:16:07,0,93.0,189.0,232.0,249.0,4.0,193.0,1.0,1.0,0.0,0.0,0.0,0.0
2025/11/24,10:16:12,0,94.0,189.0,231.0,249.0,11.0,195.0,3.0,3.0,0.0,0.0,0.0,0.0
2025/11/24,10:16:17,0,93.0,204.0,234.0,248.0,10.0,193.0,4.0,4.0,0.0,0.0,0.0,0.0
2025/11/24,10:16:22,0,92.0,197.0,232.0,248.0,0.0,192.0,0.0,0.0,0.0,0.0,0.0,0.0
2025/11/24,10:16:27,0,95.0,219.0,232.0,248.0,11.0,193.0,5.0,3.0,0.0,0.0,0.0,0.0
2025/11/24,10:16:32,0,94.0,190.0,233.0,248.0,2.0,194.0,1.0,2.0,0.0,0.0,0.0,0.0
2025/11/24,10:16:37,0,89.0,215.0,231.0,248.0,12.0,194.0,5.0,3.0,0.0,0.0,0.0,0.0
2025/11/24,10:16:42,0,92.0,194.0,232.0,249.0,0.0,194.0,0.0,1.0,0.0,0.0,0.0,0.0
2025/11/24,10:16:47,0,93.0,196.0,234.0,247.0,4.0,192.0,3.0,3.0,0.0,0.0,0.0,0.0
2025/11/24,10:16:52,0,92.0,207.0,233.0,248.0,9.0,192.0,4.0,3.0,0.0,0.0,0.0,0.0
2025/11/24,10:16:57,0,95.0,197.0,232.0,248.0,0.0,192.0,0.0,1.0,0.0,0.0,0.0,0.0
2025/11/24,10:17:02,0,93.0,200.0,234.0,249.0,8.0,193.0,4.0,3.0,0.0,0.0,0.0,0.0
2025/11/24,10:17:07,0,92.0,205.0,235.0,249.0,8.0,193.0,4.0,3.0,0.0,0.0,0.0,0.0
2025/11/24,10:17:12,0,99.0,195.0,231.0,248.0,0.0,194.0,1.0,1.0,0.0,0.0,0.0,0.0
2025/11/24,10:17:17,0,92.0,216.0,234.0,248.0,11.0,194.0,4.0,3.0,0.0,0.0,0.0,0.0
2025/11/24,10:17:22,0,86.0,197.0,231.0,248.0,0.0,194.0,0.0,1.0,0.0,0.0,0.0,0.0
2025/11/24,10:17:27,0,93.0,209.0,235.0,249.0,9.0,193.0,5.0,3.0,0.0,0.0,0.0,0.0
2025/11/24,10:17:32,0,92.0,189.0,232.0,248.0,2.0,193.0,1.0,2.0,0.0,0.0,0.0,0.0
2025/11/24,10:17:37,0,92.0,205.0,233.0,248.0,10.0,194.0,4.0,3.0,0.0,0.0,0.0,0.0
2025/11/24,10:17:42,0,94.0,194.0,234.0,249.0,2.0,193.0,2.0,2.0,0.0,0.0,0.0,0.0
2025/11/24,10:17:47,0,93.0,185.0,231.0,248.0,4.0,194.0,1.0,1.0,0.0,0.0,0.0,0.0
2025/11/24,10:17:52,0,93.0,207.0,235.0,246.0,13.0,192.0,5.0,4.0,0.0,0.0,0.0,0.0
2025/11/24,10:17:57,0,90.0,197.0,232.0,248.0,2.0,194.0,1.0,1.0,0.0,0.0,0.0,-0.0008
2025/11/24,10:18:02,0,91.0,200.0,234.0,247.0,9.0,193.0,3.0,3.0,0.0,0.0,0.0,0.0
2025/11/24,10:18:07,0,89.0,193.0,233.0,248.0,4.0,193.0,3.0,2.0,0.0,0.0,0.0,0.0
2025/11/24,10:18:12,0,93.0,183.0,231.0,248.0,5.0,193.0,2.0,2.0,0.0,0.0,0.0,0.0
2025/11/24,10:18:17,0,94.0,195.0,233.0,248.0,5.0,194.0,3.0,2.0,0.0,0.0,0.0,0.0
2025/11/24,10:18:22,0,92.0,195.0,231.0,249.0,12.0,194.0,4.0,3.0,0.0,0.0,0.0,0.0
2025/11/24,10:18:27,0,93.0,189.0,231.0,248.0,3.0,193.0,1.0,2.0,0.0,0.0,0.0,0.0
2025/11/24,10:18:32,0,93.0,201.0,234.0,248.0,10.0,194.0,4.0,3.0,0.0,0.0,0.0,0.0
2025/11/24,10:18:37,0,93.0,209.0,235.0,247.0,9.0,200.0,3.0,3.0,0.0,0.0,0.0,0.0
2025/11/24,10:18:42,0,93.0,186.0,230.0,248.0,4.0,193.0,1.0,1.0,0.0,0.0,0.0,0.0
2025/11/24,10:18:47,0,94.0,196.0,232.0,247.0,2.0,193.0,0.0,1.0,0.0,0.0,0.0,0.0
2025/11/24,10:18:52,0,93.0,190.0,232.0,248.0,1.0,194.0,2.0,2.0,0.0,0.0,0.0,0.0
2025/11/24,10:18:57,0,93.0,195.0,233.0,249.0,6.0,194.0,3.0,3.0,0.0,0.0,0.0,0.0
2025/11/24,10:19:02,0,92.0,218.0,232.0,249.0,12.0,194.0,6.0,4.0,0.0,0.0,0.0,-0.0008
2025/11/24,10:19:07,0,97.0,195.0,232.0,248.0,9.0,194.0,4.0,3.0,0.0,0.0,0.0,0.0
2025/11/24,10:19:12,0,92.0,191.0,231.0,248.0,1.0,194.0,1.0,1.0,0.0,0.0,0.0,0.0
2025/11/24,10:19:17,0,93.0,193.0,232.0,249.0,3.0,193.0,1.0,1.0,0.0,0.0,0.0,0.0
2025/11/24,10:19:22,0,93.0,207.0,234.0,248.0,11.0,193.0,4.0,4.0,0.0,0.0,0.0,0.0
2025/11/24,10:19:27,0,94.0,199.0,232.0,247.0,9.0,193.0,4.0,3.0,0.0,0.0,0.0,0.0
2025/11/24,10:19:32,0,92.0,196.0,231.0,248.0,0.0,193.0,0.0,0.0,0.0,0.0,0.0,0.0
2025/11/24,10:19:37,0,93.0,194.0,235.0,249.0,5.0,192.0,2.0,3.0,0.0,0.0,0.0,0.0
2025/11/24,10:19:42,0,93.0,207.0,232.0,248.0,7.0,193.0,2.0,3.0,0.0,0.0,0.0,0.0
2025/11/24,10:19:47,0,93.0,191.0,229.0,248.0,0.0,194.0,0.0,1.0,0.0,0.0,0.0,0.0
2025/11/24,10:19:52,0,90.0,193.0,233.0,247.0,2.0,192.0,2.0,2.0,0.0,0.0,0.0,0.0
2025/11/24,10:19:57,0,92.0,217.0,234.0,249.0,13.0,194.0,6.0,4.0,0.0,0.0,0.0,0.0
2025/11/24,10:20:02,0,94.0,187.0,232.0,248.0,9.0,194.0,3.0,3.0,0.0,0.0,0.0,0.0
2025/11/24,10:20:07,0,91.0,190.0,232.0,247.0,1.0,193.0,1.0,1.0,0.0,0.0,0.0,0.0
2025/11/24,10:20:12,0,93.0,209.0,234.0,249.0,11.0,193.0,4.0,4.0,0.0,0.0,0.0,-0.0008
2025/11/24,10:20:17,0,93.0,186.0,229.0,249.0,3.0,193.0,1.0,1.0,0.0,0.0,0.0,0.0
2025/11/24,10:20:22,0,93.0,192.0,234.0,247.0,1.0,192.0,1.0,1.0,0.0,0.0,0.0,0.0
2025/11/24,10:20:27,0,93.0,204.0,232.0,248.0,10.0,194.0,2.0,3.0,0.0,0.0,0.0,0.0
2025/11/24,10:20:32,0,92.0,189.0,231.0,248.0,3.0,193.0,0.0,1.0,0.0,0.0,0.0,0.0
2025/11/24,10:20:37,0,93.0,209.0,234.0,249.0,9.0,193.0,5.0,3.0,0.0,0.0,0.0,0.0
2025/11/24,10:20:42,0,93.0,188.0,232.0,249.0,1.0,193.0,1.0,2.0,0.0,0.0,0.0,0.0
2025/11/24,10:20:47,0,95.0,210.0,234.0,248.0,10.0,192.0,4.0,2.0,0.0,0.0,0.0,0.0
2025/11/24,10:20:52,0,93.0,195.0,229.0,248.0,1.0,194.0,1.0,1.0,0.0,0.0,0.0,-0.0008
2025/11/24,10:20:57,0,93.0,197.0,234.0,249.0,7.0,193.0,4.0,3.0,0.0,0.0,0.0,0.0
2025/11/24,10:21:02,0,92.0,205.0,233.0,248.0,14.0,192.0,4.0,3.0,0.0,0.0,0.0,0.0
2025/11/24,10:21:07,0,94.0,187.0,232.0,248.0,2.0,192.0,1.0,1.0,0.0,0.0,0.0,0.0
2025/11/24,10:21:12,0,92.0,196.0,230.0,248.0,1.0,192.0,0.0,1.0,0.0,0.0,0.0,0.0
2025/11/24,10:21:17,0,96.0,192.0,232.0,248.0,3.0,194.0,3.0,2.0,0.0,0.0,0.0,0.0
2025/11/24,10:21:22,0,95.0,214.0,235.0,249.0,12.0,194.0,5.0,4.0,0.0,0.0,0.0,0.0
2025/11/24,10:21:27,0,93.0,197.0,233.0,249.0,11.0,194.0,5.0,3.0,0.0,0.0,0.0,0.0
2025/11/24,10:21:32,0,92.0,195.0,228.0,248.0,0.0,194.0,0.0,1.0,0.0,0.0,0.0,0.0
2025/11/24,10:21:37,0,93.0,194.0,233.0,248.0,1.0,193.0,2.0,2.0,0.0,0.0,0.0,0.0
2025/11/24,10:21:42,0,92.0,213.0,233.0,248.0,13.0,193.0,6.0,4.0,0.0,0.0,0.0,0.0
2025/11/24,10:21:47,0,92.0,195.0,233.0,247.0,9.0,193.0,4.0,3.0,0.0,0.0,0.0,0.0
2025/11/24,10:21:52,0,93.0,193.0,232.0,248.0,0.0,194.0,0.0,1.0,0.0,0.0,0.0,0.0
2025/11/24,10:21:57,0,92.0,193.0,234.0,248.0,1.0,193.0,2.0,2.0,0.0,0.0,0.0,0.0
2025/11/24,10:22:02,0,97.0,214.0,234.0,249.0,11.0,194.0,5.0,3.0,0.0,0.0,0.0,0.0
2025/11/24,10:22:07,0,92.0,186.0,231.0,248.0,3.0,192.0,1.0,1.0,0.0,0.0,0.0,0.0
2025/11/24,10:22:12,0,93.0,192.0,233.0,248.0,4.0,194.0,1.0,2.0,0.0,0.0,0.0,0.0
2025/11/24,10:22:17,0,93.0,213.0,233.0,249.0,13.0,194.0,5.0,4.0,0.0,0.0,0.0,0.0
2025/11/24,10:22:22,0,93.0,185.0,231.0,248.0,4.0,193.0,1.0,2.0,0.0,0.0,0.0,0.0
2025/11/24,10:22:27,0,93.0,191.0,232.0,248.0,2.0,193.0,1.0,1.0,0.0,0.0,0.0,0.0
2025/11/24,10:22:32,0,94.0,212.0,235.0,248.0,12.0,192.0,5.0,4.0,0.0,0.0,0.0,0.0
2025/11/24,10:22:37,0,92.0,190.0,231.0,248.0,14.0,194.0,4.0,2.0,0.0,0.0,0.0,0.0
2025/11/24,10:22:42,0,93.0,198.0,233.0,249.0,0.0,192.0,0.0,0.0,0.0,0.0,0.0,0.0
2025/11/24,10:23:23,0,92.0,217.0,234.0,248.0,6.0,194.0,5.0,3.0,-0.0008,0.0,0.0,0.0
2025/11/24,10:23:27,0,93.0,184.0,232.0,248.0,4.0,194.0,1.0,2.0,0.0,0.0,0.0,0.0
2025/11/24,10:23:32,0,92.0,190.0,232.0,248.0,0.0,192.0,1.0,1.0,0.0,0.0,0.0,0.0
2025/11/24,10:23:37,0,93.0,202.0,234.0,248.0,11.0,193.0,4.0,4.0,0.0,0.0,0.0,0.0
2025/11/24,10:23:42,0,93.0,186.0,232.0,249.0,3.0,193.0,0.0,1.0,0.0,0.0,0.0,0.0
2025/11/24,10:23:47,0,89.0,218.0,235.0,247.0,12.0,193.0,5.0,3.0,0.0,0.0,0.0,0.0
2025/11/24,10:23:52,0,95.0,194.0,234.0,248.0,2.0,192.0,3.0,2.0,0.0,0.0,0.0,0.0
2025/11/24,10:23:57,0,92.0,197.0,232.0,248.0,1.0,192.0,0.0,1.0,0.0,0.0,0.0,0.0
2025/11/24,10:24:02,0,92.0,188.0,232.0,248.0,0.0,192.0,0.0,1.0,0.0,0.0,0.0,0.0
2025/11/24,10:24:07,0,89.0,198.0,233.0,248.0,11.0,194.0,5.0,3.0,0.0,0.0,0.0,0.0
2025/11/24,10:24:12,0,93.0,203.0,235.0,247.0,10.0,192.0,5.0,4.0,0.0,0.0,0.0,0.0
2025/11/24,10:24:17,0,91.0,193.0,232.0,249.0,0.0,194.0,1.0,1.0,0.0,0.0,0.0,0.0
2025/11/24,10:24:22,0,94.0,210.0,235.0,248.0,13.0,193.0,5.0,4.0,0.0,0.0,0.0,0.0
2025/11/24,10:24:27,0,95.0,193.0,232.0,246.0,0.0,193.0,0.0,1.0,0.0,0.0,0.0,0.0
2025/11/24,10:24:32,0,94.0,210.0,234.0,249.0,12.0,194.0,6.0,4.0,0.0,0.0,0.0,0.0
2025/11/24,10:24:37,0,92.0,191.0,232.0,247.0,1.0,194.0,1.0,1.0,0.0,0.0,0.0,0.0
2025/11/24,10:24:42,0,91.0,205.0,234.0,248.0,13.0,193.0,5.0,4.0,0.0,0.0,0.0,0.0
2025/11/24,10:24:47,0,92.0,194.0,229.0,248.0,0.0,194.0,0.0,1.0,0.0,0.0,0.0,0.0
2025/11/24,10:24:52,0,92.0,218.0,235.0,247.0,11.0,193.0,5.0,3.0,0.0,0.0,0.0,-0.0008
2025/11/24,10:24:57,0,92.0,188.0,232.0,248.0,1.0,193.0,1.0,1.0,0.0,0.0,0.0,0.0
2025/11/24,10:25:02,0,93.0,188.0,233.0,248.0,9.0,195.0,3.0,3.0,0.0,0.0,0.0,0.0
2025/11/24,10:25:07,0,94.0,205.0,235.0,248.0,13.0,194.0,5.0,4.0,0.0,0.0,0.0,0.0
2025/11/24,10:25:12,0,94.0,192.0,232.0,249.0,3.0,193.0,1.0,2.0,0.0,0.0,0.0,-0.0008
2025/11/24,10:25:17,0,96.0,190.0,232.0,248.0,9.0,195.0,2.0,3.0,0.0,0.0,0.0,0.0
2025/11/24,10:25:22,0,95.0,218.0,235.0,247.0,10.0,193.0,5.0,3.0,0.0,0.0,0.0,0.0
2025/11/24,10:25:27,0,93.0,198.0,234.0,247.0,8.0,195.0,4.0,3.0,0.0,0.0,0.0,-0.0008
2025/11/24,10:25:32,0,93.0,191.0,232.0,248.0,3.0,194.0,2.0,1.0,0.0,0.0,0.0,0.0
2025/11/24,10:25:37,0,93.0,195.0,231.0,248.0,1.0,195.0,1.0,1.0,0.0,0.0,0.0,0.0
2025/11/24,10:25:42,0,93.0,184.0,232.0,248.0,6.0,193.0,2.0,2.0,0.0,0.0,0.0,0.0
2025/11/24,10:25:47,0,92.0,208.0,235.0,247.0,8.0,194.0,4.0,3.0,0.0,0.0,0.0,0.0
2025/11/24,10:25:52,0,91.0,188.0,233.0,248.0,12.0,193.0,5.0,4.0,0.0,0.0,0.0,0.0
2025/11/24,10:25:57,0,91.0,196.0,231.0,248.0,0.0,193.0,0.0,0.0,0.0,0.0,0.0,0.0
2025/11/24,10:26:02,0,92.0,213.0,235.0,248.0,13.0,194.0,6.0,5.0,0.0,0.0,0.0,0.0
2025/11/24,10:26:07,0,92.0,194.0,233.0,249.0,0.0,193.0,0.0,1.0,0.0,0.0,0.0,0.0
2025/11/24,10:26:12,0,91.0,216.0,233.0,248.0,13.0,194.0,6.0,4.0,0.0,0.0,0.0,0.0
2025/11/24,10:26:17,0,90.0,189.0,232.0,248.0,1.0,193.0,0.0,1.0,0.0,0.0,0.0,0.0
2025/11/24,10:26:22,0,92.0,201.0,233.0,247.0,9.0,193.0,4.0,3.0,0.0,0.0,0.0,0.0
2025/11/24,10:26:27,0,92.0,195.0,235.0,248.0,3.0,195.0,3.0,3.0,0.0,0.0,0.0,-0.0008
2025/11/24,10:26:32,0,91.0,193.0,231.0,248.0,1.0,194.0,1.0,1.0,0.0,0.0,0.0,0.0
2025/11/24,10:26:37,0,86.0,204.0,235.0,247.0,9.0,192.0,3.0,3.0,0.0,0.0,0.0,0.0
2025/11/24,10:26:42,0,91.0,199.0,233.0,248.0,9.0,194.0,4.0,4.0,0.0,0.0,0.0,0.0
2025/11/24,10:26:47,0,90.0,189.0,233.0,249.0,4.0,192.0,1.0,1.0,0.0,0.0,0.0,0.0
2025/11/24,10:26:52,0,90.0,188.0,232.0,248.0,1.0,193.0,0.0,1.0,0.0,0.0,0.0,0.0
2025/11/24,10:26:57,0,90.0,202.0,234.0,248.0,9.0,194.0,4.0,3.0,0.0,0.0,0.0,0.0
2025/11/24,10:27:02,0,91.0,205.0,235.0,247.0,12.0,193.0,5.0,4.0,0.0,0.0,0.0,0.0
2025/11/24,10:27:07,0,93.0,190.0,232.0,248.0,2.0,193.0,1.0,1.0,0.0,0.0,0.0,0.0
2025/11/24,10:27:12,0,90.0,190.0,233.0,247.0,0.0,195.0,0.0,0.0,0.0,0.0,0.0,0.0
2025/11/24,10:27:17,0,96.0,199.0,233.0,248.0,10.0,194.0,5.0,3.0,0.0,0.0,0.0,0.0
2025/11/24,10:27:22,0,92.0,216.0,234.0,248.0,12.0,194.0,6.0,4.0,0.0,0.0,0.0,0.0
2025/11/24,10:27:27,0,90.0,205.0,235.0,247.0,12.0,193.0,6.0,4.0,0.0,0.0,0.0,0.0
2025/11/24,10:27:32,0,91.0,198.0,235.0,248.0,7.0,193.0,4.0,3.0,0.0,0.0,0.0,0.0
2025/11/24,10:27:37,0,91.0,192.0,233.0,248.0,2.0,194.0,2.0,1.0,0.0,0.0,0.0,0.0
2025/11/24,10:27:42,0,94.0,193.0,233.0,247.0,1.0,192.0,1.0,1.0,0.0,0.0,0.0,0.0
2025/11/24,10:27:47,0,92.0,189.0,232.0,248.0,1.0,194.0,0.0,1.0,0.0,0.0,0.0,0.0
2025/11/24,10:27:52,0,92.0,195.0,233.0,248.0,10.0,194.0,5.0,3.0,0.0,0.0,0.0,0.0
2025/11/24,10:27:57,0,91.0,217.0,233.0,249.0,12.0,195.0,5.0,3.0,0.0,0.0,0.0,0.0
2025/11/24,10:28:02,0,92.0,196.0,236.0,247.0,8.0,194.0,4.0,3.0,0.0,0.0,0.0,0.0
2025/11/24,10:28:07,0,91.0,196.0,229.0,248.0,2.0,194.0,2.0,1.0,0.0,0.0,0.0,0.0
2025/11/24,10:28:12,0,92.0,201.0,234.0,248.0,10.0,194.0,4.0,3.0,0.0,0.0,0.0,-0.0008
2025/11/24,10:28:17,0,91.0,195.0,234.0,248.0,5.0,195.0,3.0,3.0,0.0,0.0,0.0,0.0
2025/11/24,10:28:22,0,91.0,185.0,232.0,248.0,2.0,193.0,1.0,1.0,0.0,0.0,0.0,0.0
2025/11/24,10:28:27,0,93.0,196.0,234.0,248.0,8.0,194.0,4.0,3.0,0.0,0.0,0.0,0.0
2025/11/24,10:28:32,0,95.0,189.0,232.0,248.0,10.0,193.0,4.0,3.0,0.0,0.0,0.0,0.0
2025/11/24,10:28:37,0,93.0,191.0,232.0,249.0,1.0,194.0,1.0,2.0,-0.0008,0.0,0.0,0.0
2025/11/24,10:28:42,0,93.0,218.0,234.0,248.0,11.0,193.0,4.0,3.0,0.0,0.0,0.0,0.0
2025/11/24,10:28:47,0,92.0,191.0,232.0,248.0,1.0,194.0,1.0,1.0,0.0,0.0,0.0,0.0
2025/11/24,10:28:52,0,91.0,194.0,234.0,249.0,0.0,193.0,0.0,2.0,0.0,0.0,0.0,0.0
2025/11/24,10:28:57,0,95.0,217.0,235.0,249.0,12.0,194.0,6.0,4.0,0.0,0.0,0.0,0.0
2025/11/24,10:29:02,0,92.0,183.0,232.0,248.0,11.0,193.0,3.0,3.0,0.0,0.0,0.0,0.0
2025/11/24,10:29:07,0,90.0,194.0,232.0,248.0,0.0,193.0,0.0,1.0,0.0,0.0,0.0,0.0
2025/11/24,10:29:12,0,94.0,192.0,234.0,248.0,3.0,194.0,2.0,2.0,0.0,0.0,0.0,0.0
2025/11/24,10:29:17,0,93.0,202.0,235.0,248.0,11.0,193.0,5.0,3.0,0.0,0.0,0.0,0.0
2025/11/24,10:29:22,0,90.0,212.0,235.0,248.0,12.0,195.0,5.0,3.0,0.0,0.0,0.0,0.0
2025/11/24,10:29:27,0,89.0,195.0,234.0,249.0,11.0,194.0,4.0,3.0,0.0,0.0,0.0,0.0
2025/11/24,10:29:32,0,93.0,187.0,232.0,248.0,1.0,195.0,0.0,1.0,0.0,0.0,0.0,0.0
2025/11/24,10:29:37,0,89.0,196.0,232.0,249.0,2.0,194.0,1.0,1.0,0.0,0.0,0.0,0.0
2025/11/24,10:29:42,0,92.0,191.0,231.0,249.0,4.0,194.0,1.0,2.0,0.0,0.0,0.0,0.0
2025/11/24,10:29:47,0,93.0,191.0,234.0,249.0,1.0,194.0,1.0,2.0,0.0,0.0,0.0,0.0
2025/11/24,10:29:52,0,95.0,190.0,234.0,248.0,0.0,193.0,1.0,1.0,0.0,0.0,0.0,0.0
2025/11/24,10:29:57,0,94.0,192.0,234.0,248.0,2.0,192.0,1.0,1.0,0.0,0.0,0.0,0.0
2025/11/24,10:30:02,0,92.0,201.0,234.0,248.0,9.0,194.0,4.0,3.0,0.0,0.0,0.0,0.0
2025/11/24,10:30:07,0,90.0,217.0,235.0,248.0,10.0,194.0,5.0,3.0,0.0,0.0,0.0,0.0
2025/11/24,10:30:12,0,92.0,203.0,234.0,248.0,9.0,194.0,5.0,3.0,0.0,0.0,0.0,0.0
2025/11/24,10:30:17,0,90.0,187.0,232.0,248.0,7.0,192.0,3.0,3.0,0.0,0.0,0.0,0.0
2025/11/24,10:30:22,0,92.0,188.0,233.0,250.0,0.0,194.0,1.0,0.0,0.0,0.0,0.0,0.0
2025/11/24,10:30:27,0,88.0,199.0,232.0,247.0,1.0,191.0,0.0,1.0,0.0,0.0,0.0,-0.0008
2025/11/24,10:30:32,0,94.0,190.0,233.0,248.0,0.0,193.0,2.0,1.0,0.0,0.0,0.0,0.0
2025/11/24,10:30:37,0,88.0,192.0,235.0,247.0,1.0,192.0,2.0,2.0,0.0,0.0,0.0,0.0
2025/11/24,10:30:42,0,92.0,201.0,236.0,248.0,9.0,194.0,5.0,4.0,0.0,0.0,0.0,0.0
2025/11/24,10:30:47,0,90.0,212.0,235.0,249.0,14.0,194.0,6.0,4.0,0.0,0.0,0.0,0.0
2025/11/24,10:30:52,0,93.0,208.0,235.0,248.0,11.0,194.0,5.0,3.0,0.0,0.0,0.0,0.0
2025/11/24,10:30:57,0,91.0,193.0,234.0,248.0,8.0,194.0,3.0,3.0,0.0,0.0,0.0,0.0
2025/11/24,10:31:02,0,92.0,187.0,233.0,248.0,0.0,192.0,0.0,1.0,0.0,0.0,0.0,0.0
2025/11/24,10:31:07,0,95.0,194.0,231.0,248.0,2.0,194.0,1.0,2.0,0.0,0.0,0.0,0.0
2025/11/24,10:31:12,0,90.0,192.0,232.0,249.0,2.0,193.0,1.0,2.0,0.0,0.0,0.0,0.0
2025/11/24,10:31:17,0,93.0,203.0,236.0,247.0,13.0,192.0,5.0,4.0,0.0,0.0,0.0,0.0
2025/11/24,10:31:22,0,93.0,217.0,235.0,249.0,12.0,194.0,6.0,4.0,0.0,0.0,0.0,0.0
2025/11/24,10:31:27,0,95.0,203.0,233.0,249.0,9.0,193.0,3.0,4.0,0.0,0.0,0.0,0.0
2025/11/24,10:31:32,0,89.0,187.0,231.0,248.0,10.0,193.0,2.0,3.0,0.0,0.0,0.0,0.0
2025/11/24,10:31:37,0,92.0,191.0,233.0,248.0,0.0,193.0,0.0,0.0,0.0,0.0,0.0,0.0
2025/11/24,10:31:42,0,91.0,189.0,233.0,249.0,1.0,193.0,1.0,2.0,0.0,0.0,0.0,0.0
2025/11/24,10:31:47,0,92.0,192.0,234.0,248.0,0.0,193.0,0.0,1.0,0.0,0.0,0.0,0.0
2025/11/24,10:31:52,0,92.0,204.0,235.0,248.0,11.0,194.0,6.0,4.0,0.0,0.0,0.0,0.0
2025/11/24,10:31:57,0,95.0,212.0,235.0,249.0,10.0,194.0,5.0,3.0,0.0,0.0,0.0,-0.0008
2025/11/24,10:32:02,0,96.0,188.0,231.0,249.0,13.0,194.0,4.0,2.0,0.0,0.0,0.0,0.0
2025/11/24,10:32:07,0,93.0,193.0,233.0,248.0,0.0,192.0,0.0,0.0,0.0,0.0,0.0,0.0
2025/11/24,10:32:12,0,97.0,194.0,233.0,249.0,4.0,194.0,2.0,2.0,0.0,0.0,0.0,0.0
2025/11/24,10:32:17,0,92.0,208.0,235.0,248.0,13.0,194.0,6.0,5.0,0.0,0.0,0.0,0.0
2025/11/24,10:32:22,0,96.0,208.0,236.0,247.0,9.0,194.0,4.0,3.0,0.0,0.0,0.0,0.0
2025/11/24,10:32:27,0,91.0,187.0,233.0,248.0,5.0,194.0,2.0,3.0,0.0,0.0,0.0,0.0
2025/11/24,10:32:32,0,97.0,195.0,233.0,248.0,0.0,192.0,0.0,1.0,0.0,0.0,0.0,0.0
2025/11/24,10:32:37,0,94.0,195.0,235.0,248.0,8.0,195.0,3.0,3.0,0.0,0.0,0.0,0.0
2025/11/24,10:32:42,0,93.0,207.0,235.0,248.0,9.0,194.0,4.0,3.0,0.0,0.0,0.0,0.0
2025/11/24,10:32:47,0,94.0,188.0,232.0,248.0,1.0,194.0,1.0,1.0,0.0,0.0,0.0,0.0
2025/11/24,10:32:52,0,93.0,192.0,234.0,246.0,0.0,195.0,1.0,1.0,0.0,0.0,0.0,0.0
2025/11/24,10:33:34,0,92.0,194.0,234.0,247.0,13.0,192.0,6.0,4.0,0.0,0.0,0.0,-0.0008
2025/11/24,10:33:36,0,92.0,201.0,233.0,249.0,10.0,194.0,5.0,3.0,0.0,0.0,0.0,0.0
2025/11/24,10:33:41,0,94.0,188.0,232.0,248.0,1.0,194.0,1.0,1.0,0.0,0.0,0.0,0.0
2025/11/24,10:33:46,0,92.0,219.0,236.0,247.0,12.0,192.0,5.0,3.0,0.0,0.0,0.0,0.0
2025/11/24,10:33:51,0,94.0,194.0,232.0,248.0,0.0,193.0,0.0,0.0,0.0,0.0,0.0,0.0
2025/11/24,10:33:56,0,93.0,203.0,235.0,248.0,12.0,193.0,5.0,4.0,0.0,0.0,0.0,0.0
2025/11/24,10:34:01,0,93.0,185.0,232.0,248.0,2.0,194.0,1.0,1.0,0.0,0.0,0.0,0.0
2025/11/24,10:34:06,0,93.0,199.0,235.0,248.0,12.0,194.0,4.0,4.0,0.0,0.0,0.0,-0.0008
2025/11/24,10:34:11,0,92.0,189.0,232.0,248.0,1.0,192.0,0.0,1.0,0.0,0.0,0.0,0.0
2025/11/24,10:34:16,0,92.0,213.0,236.0,247.0,12.0,193.0,6.0,4.0,0.0,0.0,0.0,0.0
2025/11/24,10:34:21,0,92.0,189.0,233.0,248.0,1.0,193.0,1.0,1.0,0.0,0.0,0.0,0.0
2025/11/24,10:34:26,0,89.0,198.0,234.0,249.0,11.0,194.0,4.0,3.0,0.0,0.0,0.0,0.0
2025/11/24,10:34:31,0,93.0,197.0,235.0,248.0,7.0,193.0,4.0,4.0,0.0,0.0,0.0,0.0
2025/11/24,10:34:36,0,92.0,188.0,233.0,248.0,2.0,193.0,1.0,1.0,0.0,0.0,0.0,0.0
2025/11/24,10:34:41,0,91.0,208.0,234.0,248.0,13.0,193.0,5.0,4.0,0.0,0.0,0.0,0.0
2025/11/24,10:34:46,0,92.0,192.0,232.0,248.0,0.0,194.0,0.0,1.0,0.0,0.0,0.0,0.0
2025/11/24,10:34:51,0,95.0,216.0,235.0,248.0,14.0,194.0,6.0,4.0,0.0,0.0,0.0,0.0
2025/11/24,10:34:56,0,93.0,190.0,231.0,249.0,1.0,193.0,1.0,1.0,0.0,0.0,0.0,0.0
2025/11/24,10:35:01,0,87.0,216.0,235.0,248.0,10.0,193.0,4.0,3.0,0.0,0.0,0.0,0.0
2025/11/24,10:35:06,0,91.0,190.0,233.0,248.0,0.0,193.0,0.0,1.0,0.0,0.0,0.0,-0.0008
2025/11/24,10:35:11,0,93.0,192.0,234.0,247.0,2.0,194.0,2.0,2.0,0.0,0.0,0.0,0.0
2025/11/24,10:35:16,0,92.0,207.0,235.0,247.0,13.0,192.0,5.0,4.0,0.0,0.0,0.0,0.0
2025/11/24,10:35:21,0,92.0,201.0,234.0,248.0,10.0,194.0,5.0,3.0,0.0,0.0,0.0,0.0
2025/11/24,10:35:26,0,92.0,187.0,233.0,248.0,1.0,194.0,1.0,1.0,0.0,0.0,0.0,0.0
2025/11/24,10:35:31,0,88.0,190.0,232.0,249.0,2.0,194.0,1.0,1.0,0.0,0.0,0.0,0.0
2025/11/24,10:35:36,0,91.0,195.0,236.0,248.0,7.0,194.0,3.0,3.0,0.0,0.0,0.0,0.0
2025/11/24,10:35:41,0,92.0,213.0,235.0,248.0,11.0,193.0,5.0,4.0,0.0,0.0,0.0,0.0
2025/11/24,10:35:46,0,89.0,202.0,232.0,248.0,11.0,193.0,4.0,3.0,0.0,0.0,0.0,0.0
2025/11/24,10:35:51,0,92.0,186.0,232.0,248.0,0.0,193.0,0.0,0.0,0.0,0.0,0.0,0.0
2025/11/24,10:35:56,0,91.0,188.0,232.0,248.0,4.0,194.0,1.0,1.0,0.0,0.0,0.0,0.0
2025/11/24,10:36:01,0,91.0,204.0,234.0,248.0,15.0,194.0,6.0,4.0,0.0,0.0,0.0,0.0
2025/11/24,10:36:06,0,91.0,211.0,235.0,248.0,13.0,193.0,6.0,4.0,0.0,0.0,0.0,0.0
2025/11/24,10:36:11,0,91.0,194.0,233.0,248.0,9.0,194.0,4.0,3.0,0.0,0.0,0.0,0.0
2025/11/24,10:36:16,0,90.0,196.0,233.0,249.0,0.0,193.0,0.0,1.0,0.0,0.0,0.0,0.0
2025/11/24,10:36:21,0,91.0,199.0,234.0,248.0,11.0,194.0,5.0,3.0,0.0,0.0,0.0,0.0
2025/11/24,10:36:26,0,89.0,193.0,234.0,249.0,9.0,193.0,4.0,3.0,0.0,0.0,0.0,0.0
2025/11/24,10:36:31,0,86.0,191.0,233.0,249.0,3.0,194.0,1.0,2.0,0.0,0.0,0.0,0.0
2025/11/24,10:36:36,0,91.0,206.0,235.0,248.0,10.0,193.0,3.0,4.0,0.0,0.0,0.0,0.0
2025/11/24,10:36:41,0,93.0,189.0,234.0,246.0,3.0,192.0,1.0,2.0,0.0,0.0,0.0,0.0
2025/11/24,10:36:46,0,92.0,199.0,235.0,247.0,9.0,193.0,4.0,3.0,0.0,0.0,0.0,0.0
2025/11/24,10:36:51,0,92.0,194.0,236.0,248.0,6.0,192.0,3.0,2.0,0.0,0.0,0.0,0.0
2025/11/24,10:36:56,0,91.0,192.0,232.0,249.0,0.0,193.0,0.0,0.0,0.0,0.0,0.0,0.0
2025/11/24,10:37:01,0,95.0,204.0,234.0,248.0,8.0,194.0,4.0,3.0,0.0,0.0,0.0,0.0
2025/11/24,10:37:06,0,90.0,209.0,235.0,248.0,14.0,193.0,6.0,5.0,0.0,0.0,0.0,0.0
2025/11/24,10:37:11,0,91.0,198.0,236.0,248.0,10.0,193.0,4.0,4.0,0.0,0.0,0.0,0.0
2025/11/24,10:37:16,0,91.0,197.0,236.0,249.0,8.0,194.0,4.0,3.0,0.0,0.0,0.0,0.0
2025/11/24,10:37:21,0,92.0,202.0,235.0,249.0,12.0,193.0,5.0,4.0,0.0,0.0,0.0,0.0
2025/11/24,10:37:26,0,89.0,214.0,236.0,248.0,14.0,194.0,7.0,4.0,0.0,0.0,0.0,0.0
2025/11/24,10:37:31,0,90.0,207.0,235.0,249.0,9.0,193.0,4.0,3.0,0.0,0.0,0.0,0.0
2025/11/24,10:37:36,0,86.0,187.0,234.0,248.0,9.0,194.0,3.0,3.0,0.0,0.0,0.0,0.0
2025/11/24,10:37:41,0,91.0,187.0,234.0,249.0,1.0,193.0,0.0,1.0,0.0,0.0,0.0,0.0
2025/11/24,10:37:46,0,90.0,192.0,233.0,248.0,0.0,192.0,0.0,0.0,0.0,0.0,0.0,0.0
2025/11/24,10:37:51,0,88.0,197.0,231.0,249.0,0.0,194.0,0.0,1.0,0.0,0.0,0.0,0.0
2025/11/24,10:37:56,0,93.0,197.0,233.0,248.0,2.0,192.0,1.0,1.0,0.0,0.0,0.0,0.0
2025/11/24,10:38:01,0,90.0,197.0,233.0,248.0,0.0,191.0,0.0,0.0,0.0,0.0,0.0,0.0
2025/11/24,10:38:06,0,86.0,195.0,231.0,249.0,2.0,194.0,1.0,1.0,0.0,0.0,0.0,0.0
2025/11/24,10:38:11,0,89.0,189.0,232.0,248.0,4.0,194.0,0.0,1.0,0.0,0.0,0.0,-0.0008
2025/11/24,10:38:16,0,91.0,197.0,236.0,248.0,2.0,194.0,3.0,3.0,0.0,0.0,0.0,0.0
2025/11/24,10:38:21,0,91.0,212.0,234.0,248.0,15.0,194.0,6.0,4.0,0.0,0.0,0.0,0.0
2025/11/24,10:38:26,0,89.0,192.0,233.0,249.0,10.0,194.0,3.0,3.0,0.0,0.0,0.0,0.0
2025/11/24,10:38:31,0,90.0,194.0,233.0,249.0,3.0,194.0,1.0,1.0,0.0,0.0,0.0,0.0
2025/11/24,10:38:36,0,91.0,198.0,234.0,249.0,9.0,194.0,4.0,4.0,0.0,0.0,0.0,0.0
2025/11/24,10:38:41,0,91.0,212.0,235.0,248.0,11.0,193.0,4.0,4.0,0.0,0.0,0.0,0.0
2025/11/24,10:38:46,0,86.0,188.0,234.0,249.0,8.0,193.0,3.0,3.0,0.0,0.0,0.0,0.0
2025/11/24,10:38:51,0,91.0,193.0,232.0,248.0,0.0,194.0,0.0,0.0,0.0,0.0,0.0,0.0
2025/11/24,10:38:56,0,92.0,191.0,234.0,249.0,0.0,194.0,2.0,2.0,0.0,0.0,0.0,0.0
2025/11/24,10:39:01,0,92.0,206.0,236.0,247.0,13.0,192.0,5.0,4.0,0.0,0.0,0.0,0.0
2025/11/24,10:39:06,0,91.0,197.0,234.0,249.0,13.0,195.0,4.0,3.0,0.0,0.0,0.0,0.0
2025/11/24,10:39:11,0,91.0,192.0,233.0,249.0,0.0,195.0,0.0,1.0,0.0,0.0,0.0,0.0
2025/11/24,10:39:16,0,92.0,187.0,233.0,249.0,1.0,193.0,1.0,2.0,0.0,0.0,0.0,0.0
2025/11/24,10:39:21,0,93.0,192.0,233.0,249.0,0.0,194.0,0.0,1.0,0.0,0.0,0.0,0.0
2025/11/24,10:39:26,0,88.0,192.0,234.0,248.0,2.0,192.0,2.0,2.0,0.0,0.0,0.0,0.0
2025/11/24,10:39:31,0,92.0,203.0,236.0,248.0,10.0,194.0,5.0,4.0,0.0,0.0,0.0,0.0
2025/11/24,10:39:36,0,92.0,211.0,235.0,249.0,11.0,194.0,6.0,4.0,0.0,0.0,0.0,0.0
2025/11/24,10:39:41,0,92.0,186.0,233.0,248.0,5.0,191.0,3.0,2.0,0.0,0.0,0.0,0.0
2025/11/24,10:39:46,0,90.0,187.0,230.0,248.0,2.0,193.0,1.0,1.0,0.0,0.0,0.0,0.0
2025/11/24,10:39:51,0,92.0,208.0,236.0,249.0,13.0,194.0,5.0,4.0,0.0,0.0,0.0,0.0
2025/11/24,10:39:56,0,92.0,189.0,233.0,248.0,0.0,192.0,0.0,1.0,0.0,0.0,0.0,0.0
2025/11/24,10:40:01,0,96.0,217.0,235.0,249.0,11.0,193.0,5.0,4.0,0.0,0.0,0.0,0.0
2025/11/24,10:40:06,0,91.0,192.0,234.0,248.0,2.0,193.0,2.0,1.0,0.0,0.0,0.0,0.0
2025/11/24,10:40:11,0,92.0,189.0,232.0,248.0,0.0,194.0,0.0,1.0,0.0,0.0,0.0,0.0
2025/11/24,10:40:16,0,92.0,200.0,235.0,249.0,8.0,192.0,4.0,3.0,0.0,0.0,0.0,0.0
2025/11/24,10:40:21,0,92.0,202.0,235.0,248.0,12.0,193.0,5.0,4.0,0.0,0.0,0.0,0.0
2025/11/24,10:40:26,0,95.0,187.0,232.0,249.0,3.0,193.0,1.0,1.0,0.0,0.0,0.0,0.0
2025/11/24,10:40:31,0,92.0,189.0,232.0,248.0,0.0,194.0,0.0,0.0,0.0,0.0,0.0,0.0
2025/11/24,10:40:36,0,90.0,193.0,234.0,250.0,8.0,192.0,3.0,3.0,0.0,0.0,0.0,0.0
2025/11/24,10:40:41,0,95.0,211.0,236.0,249.0,7.0,193.0,4.0,3.0,0.0,0.0,0.0,0.0
2025/11/24,10:40:46,0,91.0,207.0,235.0,249.0,14.0,194.0,6.0,5.0,0.0,0.0,0.0,0.0
2025/11/24,10:40:51,0,94.0,195.0,236.0,249.0,6.0,192.0,4.0,2.0,0.0,0.0,0.0,0.0
2025/11/24,10:40:56,0,91.0,191.0,235.0,249.0,0.0,192.0,1.0,1.0,0.0,0.0,0.0,0.0
2025/11/24,10:41:01,0,92.0,188.0,233.0,249.0,2.0,194.0,1.0,1.0,0.0,0.0,0.0,0.0
2025/11/24,10:41:06,0,92.0,192.0,233.0,248.0,0.0,192.0,0.0,0.0,0.0,0.0,0.0,0.0
2025/11/24,10:41:11,0,91.0,181.0,233.0,247.0,5.0,193.0,2.0,2.0,0.0,0.0,0.0,0.0
2025/11/24,10:41:16,0,92.0,201.0,232.0,249.0,8.0,193.0,4.0,3.0,0.0,0.0,0.0,0.0
2025/11/24,10:41:21,0,93.0,215.0,232.0,249.0,14.0,194.0,6.0,4.0,0.0,0.0,0.0,0.0
2025/11/24,10:41:26,0,91.0,201.0,236.0,248.0,12.0,193.0,5.0,4.0,0.0,0.0,0.0,0.0
2025/11/24,10:41:31,0,92.0,193.0,235.0,249.0,4.0,193.0,2.0,2.0,0.0,0.0,0.0,0.0
2025/11/24,10:41:36,0,91.0,186.0,233.0,248.0,2.0,192.0,1.0,1.0,0.0,0.0,0.0,0.0
2025/11/24,10:41:41,0,93.0,196.0,233.0,249.0,1.0,194.0,1.0,1.0,0.0,0.0,0.0,0.0
2025/11/24,10:41:46,0,92.0,186.0,233.0,249.0,1.0,194.0,1.0,1.0,0.0,0.0,0.0,0.0
2025/11/24,10:41:51,0,92.0,197.0,234.0,249.0,8.0,193.0,3.0,3.0,0.0,0.0,0.0,0.0
2025/11/24,10:41:56,0,96.0,211.0,235.0,249.0,11.0,193.0,5.0,2.0,0.0,0.0,0.0,0.0
2025/11/24,10:42:01,0,93.0,208.0,235.0,248.0,13.0,192.0,5.0,4.0,0.0,0.0,0.0,0.0
2025/11/24,10:42:06,0,94.0,196.0,235.0,248.0,9.0,193.0,4.0,2.0,0.0,0.0,0.0,0.0
2025/11/24,10:42:11,0,93.0,187.0,233.0,248.0,2.0,193.0,0.0,1.0,0.0,0.0,0.0,0.0
2025/11/24,10:42:16,0,92.0,184.0,232.0,249.0,3.0,193.0,1.0,1.0,0.0,0.0,0.0,0.0
2025/11/24,10:42:21,0,94.0,208.0,233.0,249.0,9.0,193.0,3.0,3.0,0.0,0.0,0.0,0.0
2025/11/24,10:42:26,0,93.0,207.0,235.0,248.0,14.0,192.0,6.0,4.0,0.0,0.0,0.0,0.0
2025/11/24,10:42:31,0,94.0,196.0,235.0,249.0,8.0,192.0,4.0,2.0,0.0,0.0,0.0,0.0
2025/11/24,10:42:36,0,92.0,192.0,233.0,248.0,4.0,192.0,2.0,2.0,0.0,0.0,0.0,0.0
2025/11/24,10:42:41,0,94.0,198.0,233.0,249.0,0.0,192.0,0.0,1.0,0.0,0.0,0.0,0.0
2025/11/24,10:42:46,0,92.0,183.0,233.0,248.0,3.0,194.0,1.0,1.0,0.0,0.0,0.0,0.0
2025/11/24,10:42:51,0,94.0,207.0,236.0,251.0,10.0,193.0,4.0,3.0,0.0,0.0,0.0,0.0
2025/11/24,10:42:56,0,93.0,194.0,233.0,249.0,7.0,193.0,3.0,3.0,0.0,0.0,0.0,0.0
2025/11/24,10:43:42,0,97.0,213.0,236.0,247.0,7.0,194.0,6.0,3.0,0.0,0.0,0.0,0.0
2025/11/24,10:43:46,0,91.0,189.0,232.0,249.0,2.0,194.0,1.0,1.0,0.0,0.0,0.0,0.0
2025/11/24,10:43:51,0,93.0,204.0,235.0,249.0,10.0,193.0,4.0,3.0,0.0,0.0,0.0,0.0
2025/11/24,10:43:56,0,96.0,193.0,234.0,248.0,2.0,193.0,1.0,2.0,0.0,0.0,0.0,0.0
2025/11/24,10:44:01,0,93.0,185.0,232.0,248.0,0.0,193.0,0.0,1.0,0.0,0.0,0.0,0.0
2025/11/24,10:44:06,0,95.0,214.0,232.0,249.0,11.0,192.0,5.0,3.0,0.0,0.0,0.0,0.0
2025/11/24,10:44:11,0,97.0,187.0,233.0,248.0,1.0,192.0,1.0,2.0,0.0,0.0,0.0,0.0
2025/11/24,10:44:16,0,94.0,201.0,235.0,247.0,11.0,191.0,4.0,3.0,0.0,0.0,0.0,0.0
2025/11/24,10:44:21,0,91.0,191.0,234.0,249.0,2.0,192.0,2.0,2.0,0.0,0.0,0.0,0.0
2025/11/24,10:44:26,0,93.0,189.0,232.0,248.0,0.0,192.0,0.0,1.0,0.0,0.0,0.0,0.0
2025/11/24,10:44:31,0,93.0,209.0,235.0,248.0,8.0,192.0,5.0,3.0,0.0,0.0,0.0,0.0
2025/11/24,10:44:36,0,93.0,191.0,234.0,249.0,1.0,193.0,2.0,2.0,0.0,0.0,0.0,0.0
2025/11/24,10:44:41,0,93.0,184.0,233.0,249.0,2.0,192.0,1.0,1.0,0.0,0.0,0.0,0.0
2025/11/24,10:44:46,0,93.0,206.0,236.0,249.0,13.0,192.0,5.0,4.0,0.0,0.0,0.0,0.0
2025/11/24,10:44:51,0,93.0,190.0,233.0,247.0,0.0,193.0,0.0,1.0,0.0,0.0,0.0,0.0
2025/11/24,10:44:56,0,93.0,194.0,235.0,249.0,6.0,193.0,3.0,3.0,0.0,0.0,0.0,0.0
2025/11/24,10:45:01,0,93.0,208.0,234.0,248.0,11.0,193.0,5.0,3.0,0.0,0.0,0.0,0.0
2025/11/24,10:45:06,0,92.0,188.0,230.0,249.0,1.0,194.0,0.0,1.0,0.0,0.0,0.0,-0.0008
2025/11/24,10:45:11,0,91.0,191.0,232.0,249.0,1.0,193.0,1.0,2.0,0.0,0.0,0.0,0.0
2025/11/24,10:45:16,0,91.0,208.0,235.0,249.0,12.0,193.0,5.0,4.0,0.0,0.0,0.0,0.0
2025/11/24,10:45:21,0,91.0,207.0,236.0,248.0,9.0,193.0,4.0,3.0,0.0,0.0,0.0,0.0
2025/11/24,10:45:26,0,91.0,182.0,233.0,249.0,7.0,193.0,2.0,2.0,0.0,0.0,0.0,0.0
2025/11/24,10:45:31,0,93.0,195.0,230.0,249.0,0.0,193.0,0.0,0.0,0.0,0.0,0.0,0.0
2025/11/24,10:45:36,0,95.0,192.0,234.0,248.0,2.0,194.0,2.0,2.0,0.0,0.0,0.0,0.0
2025/11/24,10:45:41,0,90.0,196.0,235.0,248.0,6.0,192.0,4.0,3.0,0.0,0.0,0.0,0.0
2025/11/24,10:45:46,0,91.0,196.0,235.0,248.0,8.0,193.0,4.0,3.0,0.0,0.0,0.0,0.0
2025/11/24,10:45:51,0,94.0,193.0,234.0,249.0,3.0,193.0,2.0,2.0,0.0,0.0,0.0,0.0
2025/11/24,10:45:56,0,92.0,189.0,233.0,249.0,2.0,192.0,1.0,1.0,0.0,0.0,0.0,0.0
2025/11/24,10:46:01,0,94.0,194.0,233.0,249.0,0.0,192.0,0.0,1.0,0.0,0.0,0.0,0.0
2025/11/24,10:46:06,0,92.0,199.0,236.0,248.0,7.0,193.0,3.0,3.0,0.0,0.0,0.0,0.0
2025/11/24,10:46:11,0,92.0,190.0,233.0,248.0,0.0,192.0,0.0,1.0,0.0,0.0,0.0,0.0
2025/11/24,10:46:16,0,92.0,192.0,233.0,249.0,0.0,193.0,0.0,1.0,0.0,0.0,0.0,0.0
2025/11/24,10:46:21,0,93.0,196.0,233.0,249.0,0.0,192.0,0.0,0.0,0.0,0.0,0.0,0.0
2025/11/24,10:46:26,0,96.0,189.0,233.0,247.0,1.0,192.0,0.0,1.0,0.0,0.0,0.0,0.0
2025/11/24,10:46:31,0,92.0,196.0,233.0,249.0,6.0,193.0,3.0,3.0,0.0,0.0,0.0,0.0
2025/11/24,10:46:36,0,93.0,209.0,235.0,249.0,14.0,193.0,4.0,3.0,0.0,0.0,0.0,0.0
2025/11/24,10:46:41,0,94.0,192.0,233.0,248.0,0.0,193.0,0.0,1.0,0.0,0.0,0.0,0.0
2025/11/24,10:46:46,0,92.0,206.0,234.0,249.0,14.0,194.0,6.0,4.0,0.0,0.0,0.0,0.0
2025/11/24,10:46:51,0,93.0,189.0,230.0,249.0,0.0,193.0,0.0,0.0,0.0,0.0,0.0,0.0
2025/11/24,10:46:56,0,93.0,196.0,235.0,249.0,12.0,193.0,4.0,4.0,0.0,0.0,0.0,0.0
2025/11/24,10:47:01,0,89.0,184.0,233.0,248.0,7.0,192.0,3.0,2.0,0.0,0.0,0.0,0.0
2025/11/24,10:47:06,0,94.0,193.0,233.0,249.0,2.0,193.0,2.0,2.0,0.0,0.0,0.0,0.0
2025/11/24,10:47:11,0,91.0,191.0,234.0,249.0,10.0,192.0,3.0,3.0,0.0,0.0,0.0,0.0
2025/11/24,10:47:16,0,94.0,193.0,235.0,249.0,6.0,194.0,3.0,3.0,0.0,0.0,0.0,0.0
2025/11/24,10:47:21,0,91.0,189.0,233.0,249.0,0.0,192.0,0.0,1.0,0.0,0.0,0.0,0.0
2025/11/24,10:47:26,0,91.0,210.0,235.0,249.0,11.0,193.0,5.0,4.0,0.0,0.0,0.0,0.0
2025/11/24,10:47:31,0,93.0,193.0,234.0,249.0,3.0,192.0,3.0,3.0,0.0,0.0,0.0,0.0
2025/11/24,10:47:36,0,91.0,196.0,230.0,249.0,0.0,193.0,0.0,0.0,0.0,0.0,0.0,0.0
2025/11/24,10:47:41,0,98.0,196.0,233.0,250.0,12.0,193.0,5.0,3.0,0.0,0.0,0.0,0.0
2025/11/24,10:47:46,0,92.0,201.0,233.0,249.0,12.0,193.0,5.0,4.0,0.0,0.0,0.0,0.0
2025/11/24,10:47:51,0,92.0,189.0,233.0,248.0,0.0,193.0,0.0,1.0,0.0,0.0,0.0,0.0
2025/11/24,10:47:56,0,93.0,199.0,235.0,249.0,13.0,193.0,5.0,4.0,0.0,0.0,0.0,-0.0008
2025/11/24,10:48:01,0,92.0,185.0,233.0,248.0,2.0,193.0,0.0,1.0,0.0,0.0,0.0,0.0
2025/11/24,10:48:06,0,92.0,200.0,235.0,249.0,12.0,193.0,5.0,4.0,0.0,0.0,0.0,0.0
2025/11/24,10:48:11,0,93.0,192.0,234.0,250.0,0.0,193.0,0.0,0.0,0.0,0.0,0.0,0.0
2025/11/24,10:48:16,0,92.0,210.0,234.0,249.0,16.0,193.0,7.0,5.0,0.0,0.0,0.0,0.0
2025/11/24,10:48:21,0,92.0,194.0,233.0,249.0,0.0,191.0,0.0,0.0,0.0,0.0,0.0,0.0
2025/11/24,10:48:26,0,90.0,208.0,235.0,248.0,9.0,192.0,5.0,3.0,0.0,0.0,0.0,0.0
2025/11/24,10:48:31,0,92.0,195.0,235.0,249.0,8.0,192.0,4.0,3.0,0.0,0.0,0.0,0.0
2025/11/24,10:48:36,0,89.0,192.0,234.0,249.0,0.0,193.0,1.0,1.0,0.0,0.0,0.0,0.0
2025/11/24,10:48:41,0,93.0,184.0,230.0,249.0,1.0,192.0,0.0,1.0,0.0,0.0,0.0,0.0
2025/11/24,10:48:46,0,92.0,198.0,234.0,249.0,9.0,193.0,4.0,3.0,0.0,0.0,0.0,0.0
2025/11/24,10:48:51,0,95.0,217.0,235.0,248.0,11.0,192.0,5.0,4.0,0.0,0.0,0.0,0.0
2025/11/24,10:48:56,0,93.0,199.0,235.0,249.0,14.0,193.0,5.0,4.0,0.0,0.0,0.0,0.0
2025/11/24,10:49:01,0,89.0,192.0,234.0,249.0,3.0,192.0,2.0,2.0,0.0,0.0,0.0,0.0
2025/11/24,10:49:06,0,93.0,197.0,233.0,249.0,0.0,192.0,0.0,1.0,0.0,0.0,0.0,0.0
2025/11/24,10:49:11,0,93.0,183.0,233.0,249.0,3.0,193.0,2.0,1.0,0.0,0.0,0.0,0.0
2025/11/24,10:49:16,0,98.0,204.0,232.0,248.0,11.0,194.0,5.0,4.0,0.0,0.0,0.0,0.0
2025/11/24,10:49:21,0,93.0,216.0,235.0,249.0,14.0,192.0,6.0,4.0,0.0,0.0,0.0,0.0
2025/11/24,10:49:26,0,93.0,199.0,233.0,249.0,11.0,194.0,5.0,4.0,0.0,0.0,0.0,0.0
2025/11/24,10:49:31,0,94.0,190.0,233.0,249.0,4.0,194.0,2.0,2.0,0.0,0.0,0.0,0.0
2025/11/24,10:49:36,0,92.0,184.0,233.0,249.0,3.0,193.0,1.0,1.0,0.0,0.0,0.0,0.0
2025/11/24,10:49:41,0,94.0,210.0,235.0,249.0,11.0,193.0,5.0,4.0,0.0,0.0,0.0,0.0
2025/11/24,10:49:46,0,93.0,196.0,235.0,249.0,11.0,193.0,5.0,4.0,0.0,0.0,0.0,0.0
2025/11/24,10:49:51,0,93.0,192.0,234.0,248.0,2.0,191.0,2.0,2.0,0.0,0.0,0.0,0.0
2025/11/24,10:49:56,0,93.0,186.0,232.0,249.0,1.0,193.0,0.0,1.0,0.0,0.0,0.0,0.0
2025/11/24,10:50:01,0,92.0,207.0,234.0,249.0,12.0,192.0,5.0,4.0,0.0,0.0,0.0,0.0
2025/11/24,10:50:06,0,93.0,196.0,235.0,249.0,9.0,192.0,4.0,4.0,0.0,0.0,0.0,0.0
2025/11/24,10:50:11,0,91.0,198.0,233.0,250.0,0.0,191.0,1.0,1.0,0.0,0.0,0.0,0.0
2025/11/24,10:50:16,0,94.0,188.0,234.0,250.0,8.0,192.0,2.0,3.0,0.0,0.0,0.0,0.0
2025/11/24,10:50:21,0,94.0,218.0,235.0,249.0,14.0,192.0,6.0,4.0,0.0,0.0,0.0,0.0
2025/11/24,10:50:26,0,90.0,192.0,234.0,250.0,2.0,192.0,4.0,3.0,0.0,0.0,0.0,0.0
2025/11/24,10:50:31,0,92.0,197.0,232.0,249.0,0.0,192.0,0.0,0.0,0.0,0.0,0.0,0.0
2025/11/24,10:50:36,0,92.0,202.0,234.0,249.0,10.0,193.0,5.0,3.0,0.0,0.0,0.0,0.0
2025/11/24,10:50:41,0,92.0,199.0,235.0,249.0,11.0,192.0,5.0,4.0,0.0,0.0,0.0,-0.0008
2025/11/24,10:50:46,0,97.0,194.0,234.0,248.0,0.0,194.0,2.0,1.0,0.0,0.0,0.0,0.0
2025/11/24,10:50:51,0,89.0,189.0,234.0,249.0,8.0,193.0,3.0,3.0,0.0,0.0,0.0,0.0
2025/11/24,10:50:56,0,93.0,213.0,234.0,249.0,16.0,193.0,7.0,5.0,0.0,0.0,0.0,0.0
2025/11/24,10:51:01,0,93.0,195.0,235.0,248.0,4.0,192.0,3.0,2.0,0.0,0.0,0.0,0.0
2025/11/24,10:51:06,0,92.0,187.0,235.0,249.0,5.0,193.0,0.0,1.0,0.0,0.0,0.0,0.0
2025/11/24,10:51:11,0,93.0,188.0,233.0,250.0,0.0,192.0,0.0,1.0,0.0,0.0,0.0,0.0
2025/11/24,10:51:16,0,91.0,199.0,235.0,250.0,12.0,193.0,5.0,3.0,0.0,0.0,0.0,0.0
2025/11/24,10:51:21,0,93.0,207.0,236.0,248.0,15.0,191.0,7.0,5.0,0.0,0.0,0.0,0.0
2025/11/24,10:51:26,0,92.0,190.0,234.0,249.0,1.0,192.0,1.0,0.0,0.0,0.0,0.0,0.0
2025/11/24,10:51:31,0,94.0,198.0,232.0,249.0,0.0,193.0,0.0,0.0,0.0,0.0,0.0,0.0
2025/11/24,10:51:36,0,93.0,183.0,233.0,249.0,4.0,193.0,1.0,1.0,0.0,0.0,0.0,0.0
2025/11/24,10:51:41,0,93.0,201.0,232.0,250.0,9.0,193.0,3.0,4.0,0.0,0.0,0.0,0.0
2025/11/24,10:51:46,0,95.0,206.0,235.0,249.0,16.0,193.0,6.0,5.0,0.0,0.0,0.0,0.0
2025/11/24,10:51:51,0,94.0,189.0,234.0,249.0,3.0,192.0,1.0,1.0,0.0,0.0,0.0,0.0
2025/11/24,10:51:56,0,93.0,183.0,231.0,249.0,8.0,192.0,0.0,1.0,0.0,0.0,0.0,0.0
2025/11/24,10:52:01,0,94.0,216.0,233.0,249.0,16.0,193.0,7.0,5.0,0.0,0.0,0.0,0.0
2025/11/24,10:52:06,0,94.0,194.0,236.0,249.0,3.0,191.0,2.0,2.0,0.0,0.0,0.0,0.0
2025/11/24,10:52:11,0,94.0,198.0,233.0,249.0,0.0,192.0,0.0,1.0,0.0,0.0,0.0,0.0
2025/11/24,10:52:16,0,93.0,189.0,234.0,248.0,11.0,191.0,4.0,3.0,0.0,0.0,0.0,0.0
2025/11/24,10:52:21,0,93.0,212.0,236.0,249.0,14.0,193.0,6.0,5.0,0.0,0.0,0.0,0.0
2025/11/24,10:52:26,0,89.0,191.0,234.0,250.0,3.0,192.0,1.0,1.0,0.0,0.0,0.0,0.0
2025/11/24,10:52:31,0,94.0,188.0,233.0,249.0,0.0,193.0,0.0,0.0,0.0,0.0,0.0,0.0
2025/11/24,10:52:36,0,91.0,213.0,235.0,249.0,15.0,192.0,5.0,4.0,0.0,0.0,0.0,0.0
2025/11/24,10:52:41,0,94.0,190.0,233.0,249.0,1.0,191.0,1.0,1.0,0.0,0.0,0.0,0.0
2025/11/24,10:52:46,0,91.0,196.0,233.0,249.0,10.0,194.0,4.0,3.0,0.0,0.0,0.0,0.0
2025/11/24,10:52:51,0,95.0,192.0,234.0,249.0,3.0,193.0,1.0,2.0,0.0,0.0,0.0,0.0
2025/11/24,10:52:56,0,93.0,193.0,235.0,250.0,10.0,191.0,4.0,3.0,0.0,0.0,0.0,0.0
2025/11/24,10:53:01,0,94.0,192.0,235.0,251.0,2.0,192.0,1.0,2.0,0.0,0.0,0.0,0.0
2025/11/24,10:53:06,0,94.0,200.0,234.0,249.0,10.0,192.0,4.0,3.0,0.0,0.0,0.0,0.0
2025/11/24,10:53:11,0,93.0,188.0,233.0,250.0,0.0,192.0,1.0,1.0,0.0,0.0,0.0,0.0
2025/11/24,10:53:56,0,95.0,194.0,234.0,249.0,13.0,192.0,5.0,4.0,0.0,0.0,0.0,0.0
2025/11/24,10:54:01,0,95.0,193.0,236.0,250.0,1.0,191.0,3.0,2.0,0.0,0.0,0.0,0.0
2025/11/24,10:54:06,0,94.0,206.0,234.0,248.0,8.0,191.0,5.0,3.0,0.0,0.0,0.0,0.0
2025/11/24,10:54:11,0,94.0,196.0,233.0,249.0,0.0,193.0,0.0,1.0,0.0,0.0,0.0,0.0
2025/11/24,10:54:16,0,93.0,202.0,236.0,249.0,13.0,193.0,5.0,4.0,0.0,0.0,0.0,0.0
2025/11/24,10:54:21,0,93.0,183.0,232.0,249.0,4.0,191.0,3.0,2.0,0.0,0.0,0.0,0.0
2025/11/24,10:54:26,0,94.0,194.0,233.0,250.0,5.0,193.0,1.0,2.0,0.0,0.0,0.0,0.0
2025/11/24,10:54:31,0,90.0,188.0,234.0,250.0,8.0,192.0,3.0,2.0,0.0,0.0,0.0,0.0
2025/11/24,10:54:36,0,93.0,194.0,233.0,249.0,7.0,192.0,3.0,3.0,0.0,0.0,0.0,0.0
2025/11/24,10:54:41,0,94.0,189.0,234.0,248.0,9.0,191.0,3.0,3.0,0.0,0.0,0.0,0.0
2025/11/24,10:54:46,0,94.0,191.0,234.0,249.0,1.0,193.0,1.0,2.0,0.0,0.0,0.0,0.0
2025/11/24,10:54:51,0,97.0,202.0,233.0,248.0,10.0,191.0,4.0,3.0,0.0,0.0,0.0,0.0
2025/11/24,10:54:56,0,92.0,188.0,233.0,249.0,1.0,191.0,2.0,1.0,0.0,0.0,0.0,0.0
2025/11/24,10:55:01,0,93.0,204.0,235.0,249.0,10.0,191.0,3.0,3.0,0.0,0.0,0.0,0.0
2025/11/24,10:55:06,0,92.0,190.0,232.0,250.0,3.0,193.0,1.0,2.0,-0.0008,0.0,0.0,0.0
2025/11/24,10:55:11,0,90.0,205.0,234.0,249.0,11.0,193.0,4.0,3.0,0.0,0.0,0.0,0.0
2025/11/24,10:55:16,0,93.0,187.0,233.0,249.0,4.0,193.0,1.0,2.0,0.0,0.0,0.0,0.0
2025/11/24,10:55:21,0,93.0,212.0,235.0,249.0,13.0,192.0,5.0,3.0,0.0,0.0,0.0,0.0
2025/11/24,10:55:26,0,93.0,193.0,232.0,249.0,0.0,193.0,0.0,0.0,0.0,0.0,0.0,0.0
2025/11/24,10:55:31,0,92.0,194.0,234.0,250.0,2.0,192.0,2.0,3.0,0.0,0.0,0.0,0.0
2025/11/24,10:55:36,0,94.0,213.0,236.0,249.0,16.0,191.0,7.0,5.0,0.0,0.0,0.0,0.0
2025/11/24,10:55:41,0,92.0,210.0,236.0,249.0,11.0,192.0,5.0,4.0,0.0,0.0,0.0,0.0
2025/11/24,10:55:46,0,94.0,196.0,234.0,249.0,11.0,192.0,4.0,3.0,0.0,0.0,0.0,0.0
2025/11/24,10:55:51,0,92.0,186.0,233.0,250.0,1.0,192.0,0.0,1.0,0.0,0.0,0.0,0.0
2025/11/24,10:55:56,0,93.0,193.0,233.0,250.0,0.0,191.0,0.0,0.0,0.0,0.0,0.0,0.0
2025/11/24,10:56:01,0,93.0,192.0,232.0,249.0,0.0,193.0,0.0,0.0,0.0,0.0,0.0,0.0
2025/11/24,10:56:06,0,95.0,183.0,232.0,248.0,5.0,193.0,2.0,2.0,0.0,0.0,0.0,0.0
2025/11/24,10:56:11,0,96.0,216.0,236.0,249.0,13.0,192.0,6.0,4.0,0.0,0.0,0.0,0.0
2025/11/24,10:56:16,0,94.0,192.0,234.0,250.0,3.0,192.0,1.0,2.0,0.0,0.0,0.0,0.0
2025/11/24,10:56:21,0,94.0,188.0,234.0,248.0,0.0,193.0,0.0,1.0,0.0,0.0,0.0,0.0
2025/11/24,10:56:26,0,95.0,215.0,235.0,249.0,12.0,191.0,5.0,3.0,0.0,0.0,0.0,0.0
2025/11/24,10:56:31,0,91.0,193.0,235.0,249.0,4.0,192.0,2.0,2.0,0.0,0.0,0.0,0.0
2025/11/24,10:56:36,0,92.0,193.0,234.0,248.0,0.0,193.0,0.0,0.0,0.0,0.0,0.0,0.0
2025/11/24,10:56:41,0,91.0,204.0,235.0,249.0,11.0,193.0,5.0,3.0,0.0,0.0,0.0,0.0
2025/11/24,10:56:46,0,92.0,196.0,236.0,249.0,6.0,192.0,4.0,2.0,0.0,0.0,0.0,0.0
2025/11/24,10:56:51,0,94.0,193.0,234.0,248.0,0.0,193.0,0.0,1.0,0.0,0.0,0.0,0.0
2025/11/24,10:56:56,0,94.0,203.0,235.0,249.0,13.0,192.0,5.0,3.0,0.0,0.0,0.0,0.0
2025/11/24,10:57:01,0,94.0,202.0,235.0,250.0,11.0,193.0,5.0,4.0,0.0,0.0,0.0,0.0
2025/11/24,10:57:06,0,95.0,192.0,233.0,249.0,0.0,193.0,0.0,1.0,0.0,0.0,0.0,0.0
2025/11/24,10:57:11,0,91.0,193.0,234.0,249.0,8.0,191.0,4.0,2.0,0.0,0.0,0.0,0.0
2025/11/24,10:57:16,0,94.0,202.0,236.0,250.0,13.0,192.0,6.0,4.0,0.0,0.0,0.0,0.0
2025/11/24,10:57:21,0,95.0,187.0,234.0,249.0,0.0,193.0,1.0,2.0,0.0,0.0,0.0,0.0
2025/11/24,10:57:26,0,94.0,185.0,233.0,249.0,2.0,192.0,0.0,1.0,0.0,0.0,0.0,0.0
2025/11/24,10:57:31,0,91.0,205.0,235.0,250.0,9.0,191.0,4.0,3.0,0.0,0.0,0.0,0.0
2025/11/24,10:57:36,0,93.0,213.0,235.0,250.0,15.0,193.0,6.0,5.0,0.0,0.0,0.0,0.0
2025/11/24,10:57:41,0,94.0,197.0,236.0,250.0,9.0,191.0,5.0,4.0,0.0,0.0,0.0,-0.0008
2025/11/24,10:57:46,0,94.0,193.0,235.0,250.0,3.0,192.0,1.0,1.0,0.0,0.0,0.0,0.0
2025/11/24,10:57:51,0,88.0,194.0,233.0,250.0,0.0,193.0,0.0,0.0,0.0,0.0,0.0,0.0
2025/11/24,10:57:56,0,95.0,186.0,233.0,249.0,0.0,192.0,0.0,1.0,0.0,0.0,0.0,0.0
2025/11/24,10:58:01,0,93.0,191.0,234.0,250.0,8.0,191.0,4.0,3.0,0.0,0.0,0.0,0.0
2025/11/24,10:58:06,0,97.0,206.0,236.0,248.0,11.0,190.0,6.0,3.0,0.0,0.0,0.0,0.0
2025/11/24,10:58:11,0,96.0,217.0,236.0,248.0,15.0,191.0,6.0,4.0,0.0,0.0,0.0,0.0
2025/11/24,10:58:16,0,94.0,212.0,236.0,249.0,16.0,193.0,6.0,5.0,0.0,0.0,0.0,0.0
2025/11/24,10:58:21,0,95.0,212.0,236.0,250.0,11.0,192.0,5.0,3.0,0.0,0.0,0.0,0.0
2025/11/24,10:58:26,0,97.0,187.0,233.0,250.0,8.0,191.0,3.0,3.0,0.0,0.0,0.0,0.0
2025/11/24,10:58:31,0,94.0,190.0,233.0,249.0,1.0,192.0,1.0,2.0,0.0,0.0,0.0,0.0
2025/11/24,10:58:36,0,100.0,215.0,236.0,249.0,12.0,192.0,5.0,4.0,0.0,0.0,0.0,0.0
2025/11/24,10:58:41,0,94.0,196.0,233.0,250.0,0.0,192.0,0.0,0.0,0.0,0.0,0.0,0.0
2025/11/24,10:58:46,0,95.0,207.0,235.0,249.0,15.0,192.0,6.0,5.0,0.0,0.0,0.0,0.0
2025/11/24,10:58:51,0,94.0,191.0,233.0,249.0,0.0,193.0,0.0,1.0,0.0,0.0,0.0,0.0
2025/11/24,10:58:56,0,94.0,213.0,236.0,248.0,15.0,192.0,7.0,4.0,0.0,0.0,0.0,0.0
2025/11/24,10:59:01,0,93.0,187.0,233.0,250.0,2.0,193.0,0.0,1.0,0.0,0.0,0.0,0.0
2025/11/24,10:59:06,0,86.0,188.0,234.0,248.0,0.0,192.0,0.0,0.0,0.0,0.0,0.0,0.0
2025/11/24,10:59:11,0,94.0,194.0,235.0,249.0,4.0,192.0,2.0,2.0,0.0,0.0,0.0,0.0
2025/11/24,10:59:16,0,92.0,184.0,232.0,250.0,7.0,193.0,2.0,3.0,0.0,0.0,0.0,0.0
2025/11/24,10:59:21,0,92.0,203.0,235.0,249.0,13.0,191.0,6.0,4.0,0.0,0.0,0.0,0.0
2025/11/24,10:59:26,0,91.0,197.0,233.0,249.0,0.0,192.0,0.0,0.0,0.0,0.0,0.0,0.0
2025/11/24,10:59:31,0,95.0,215.0,234.0,249.0,14.0,194.0,6.0,4.0,0.0,0.0,0.0,0.0
2025/11/24,10:59:36,0,92.0,188.0,232.0,250.0,0.0,192.0,1.0,1.0,0.0,0.0,0.0,0.0
2025/11/24,10:59:41,0,93.0,202.0,235.0,249.0,9.0,194.0,4.0,3.0,0.0,0.0,0.0,0.0
2025/11/24,10:59:46,0,93.0,194.0,234.0,250.0,3.0,192.0,1.0,2.0,0.0,0.0,0.0,0.0
2025/11/24,10:59:51,0,94.0,182.0,233.0,250.0,7.0,193.0,2.0,2.0,0.0,0.0,0.0,0.0
2025/11/24,10:59:56,0,94.0,199.0,235.0,250.0,9.0,193.0,4.0,3.0,0.0,0.0,0.0,0.0
2025/11/24,11:00:01,0,93.0,186.0,233.0,249.0,1.0,193.0,0.0,1.0,0.0,0.0,0.0,0.0
2025/11/24,11:00:06,0,94.0,203.0,236.0,249.0,11.0,193.0,5.0,4.0,0.0,0.0,0.0,0.0
2025/11/24,11:00:11,0,94.0,186.0,233.0,250.0,0.0,192.0,0.0,1.0,0.0,0.0,0.0,0.0
2025/11/24,11:00:16,0,93.0,196.0,236.0,249.0,9.0,192.0,4.0,4.0,0.0,0.0,0.0,0.0
2025/11/24,11:00:21,0,94.0,191.0,234.0,248.0,10.0,192.0,3.0,3.0,0.0,0.0,0.0,0.0
2025/11/24,11:00:26,0,94.0,192.0,234.0,249.0,1.0,192.0,1.0,1.0,0.0,0.0,0.0,0.0
2025/11/24,11:00:31,0,96.0,207.0,235.0,250.0,10.0,193.0,4.0,3.0,0.0,0.0,0.0,0.0
2025/11/24,11:00:36,0,95.0,192.0,233.0,250.0,1.0,192.0,1.0,1.0,0.0,0.0,0.0,0.0
2025/11/24,11:00:41,0,94.0,212.0,235.0,250.0,15.0,192.0,6.0,5.0,0.0,0.0,0.0,0.0
2025/11/24,11:00:46,0,93.0,188.0,233.0,249.0,0.0,192.0,0.0,1.0,0.0,0.0,0.0,0.0
2025/11/24,11:00:51,0,97.0,193.0,236.0,247.0,3.0,192.0,2.0,2.0,0.0,0.0,0.0,0.0
2025/11/24,11:00:56,0,93.0,216.0,236.0,250.0,13.0,192.0,6.0,4.0,0.0,0.0,0.0,0.0
2025/11/24,11:01:01,0,93.0,203.0,235.0,249.0,10.0,193.0,5.0,4.0,0.0,0.0,0.0,0.0
2025/11/24,11:01:06,0,92.0,192.0,234.0,250.0,12.0,192.0,3.0,3.0,0.0,0.0,0.0,0.0
2025/11/24,11:01:11,0,96.0,185.0,231.0,250.0,7.0,192.0,3.0,2.0,0.0,0.0,0.0,0.0
2025/11/24,11:01:16,0,94.0,183.0,233.0,248.0,6.0,191.0,3.0,2.0,0.0,0.0,0.0,0.0
2025/11/24,11:01:21,0,95.0,188.0,234.0,249.0,12.0,192.0,3.0,2.0,0.0,0.0,0.0,0.0
2025/11/24,11:01:26,0,96.0,195.0,235.0,251.0,14.0,191.0,5.0,3.0,0.0,0.0,0.0,0.0
2025/11/24,11:01:31,0,93.0,201.0,234.0,250.0,9.0,194.0,4.0,3.0,0.0,0.0,0.0,0.0
2025/11/24,11:01:36,0,92.0,206.0,236.0,251.0,11.0,192.0,5.0,3.0,0.0,0.0,0.0,0.0
2025/11/24,11:01:41,0,94.0,209.0,235.0,249.0,11.0,192.0,4.0,3.0,0.0,0.0,0.0,0.0
2025/11/24,11:01:46,0,92.0,208.0,235.0,250.0,12.0,194.0,5.0,4.0,0.0,0.0,0.0,0.0
2025/11/24,11:01:51,0,92.0,209.0,235.0,249.0,12.0,193.0,4.0,4.0,0.0,0.0,0.0,0.0
2025/11/24,11:01:56,0,95.0,210.0,235.0,249.0,15.0,191.0,7.0,4.0,0.0,0.0,0.0,0.0
2025/11/24,11:02:01,0,95.0,192.0,233.0,250.0,4.0,193.0,2.0,3.0,0.0,0.0,0.0,0.0
2025/11/24,11:02:06,0,93.0,196.0,233.0,248.0,1.0,191.0,1.0,1.0,0.0,0.0,0.0,0.0
2025/11/24,11:02:11,0,95.0,207.0,232.0,250.0,10.0,193.0,4.0,3.0,0.0,0.0,0.0,0.0
2025/11/24,11:02:16,0,95.0,189.0,233.0,250.0,1.0,193.0,1.0,2.0,0.0,0.0,0.0,0.0
2025/11/24,11:02:21,0,92.0,192.0,234.0,250.0,9.0,192.0,3.0,3.0,0.0,0.0,0.0,0.0
2025/11/24,11:02:26,0,97.0,194.0,236.0,251.0,4.0,193.0,2.0,2.0,0.0,0.0,0.0,0.0
2025/11/24,11:02:31,0,95.0,189.0,234.0,252.0,0.0,192.0,0.0,1.0,0.0,0.0,0.0,0.0
2025/11/24,11:02:36,0,96.0,217.0,236.0,249.0,11.0,193.0,5.0,4.0,0.0,0.0,0.0,0.0
2025/11/24,11:02:41,0,96.0,189.0,234.0,249.0,2.0,193.0,1.0,2.0,0.0,0.0,0.0,0.0
2025/11/24,11:02:46,0,95.0,185.0,232.0,249.0,2.0,192.0,0.0,0.0,0.0,0.0,0.0,0.0
2025/11/24,11:02:51,0,95.0,216.0,236.0,249.0,14.0,192.0,5.0,4.0,0.0,0.0,0.0,0.0
2025/11/24,11:02:56,0,93.0,192.0,234.0,249.0,2.0,192.0,2.0,2.0,0.0,0.0,0.0,0.0
2025/11/24,11:03:01,0,95.0,190.0,233.0,250.0,0.0,191.0,0.0,0.0,0.0,0.0,0.0,0.0
2025/11/24,11:03:06,0,96.0,204.0,234.0,249.0,11.0,191.0,5.0,4.0,0.0,0.0,0.0,0.0
2025/11/24,11:03:11,0,94.0,200.0,235.0,249.0,11.0,192.0,5.0,3.0,0.0,0.0,0.0,0.0
2025/11/24,11:03:16,0,95.0,189.0,232.0,250.0,4.0,193.0,1.0,2.0,0.0,0.0,0.0,0.0
2025/11/24,11:04:10,0,93.0,193.0,233.0,250.0,1.0,191.0,2.0,1.0,0.0,0.0,0.0,0.0
2025/11/24,11:04:14,0,93.0,192.0,234.0,250.0,3.0,194.0,2.0,2.0,0.0,0.0,0.0,0.0
2025/11/24,11:04:19,0,92.0,185.0,232.0,250.0,4.0,193.0,2.0,2.0,0.0,0.0,0.0,0.0
2025/11/24,11:04:24,0,93.0,207.0,233.0,250.0,17.0,193.0,6.0,5.0,0.0,0.0,0.0,0.0
2025/11/24,11:04:29,0,92.0,190.0,233.0,249.0,0.0,191.0,0.0,1.0,0.0,0.0,0.0,0.0
2025/11/24,11:04:34,0,93.0,195.0,235.0,250.0,9.0,193.0,3.0,3.0,0.0,0.0,0.0,0.0
2025/11/24,11:04:39,0,93.0,211.0,234.0,250.0,17.0,193.0,6.0,5.0,0.0,0.0,0.0,0.0
2025/11/24,11:04:44,0,93.0,191.0,233.0,250.0,4.0,193.0,2.0,2.0,0.0,0.0,0.0,0.0
2025/11/24,11:04:49,0,93.0,193.0,233.0,248.0,0.0,193.0,0.0,0.0,0.0,0.0,0.0,0.0
2025/11/24,11:04:54,0,96.0,195.0,234.0,249.0,10.0,193.0,4.0,3.0,0.0,0.0,0.0,0.0
2025/11/24,11:04:59,0,94.0,216.0,235.0,250.0,14.0,193.0,6.0,4.0,0.0,0.0,0.0,0.0
2025/11/24,11:05:04,0,95.0,196.0,233.0,250.0,8.0,193.0,4.0,4.0,0.0,0.0,0.0,0.0
2025/11/24,11:05:09,0,96.0,191.0,235.0,248.0,2.0,193.0,2.0,2.0,0.0,0.0,0.0,0.0
2025/11/24,11:05:14,0,98.0,191.0,233.0,250.0,3.0,192.0,0.0,1.0,0.0,0.0,0.0,0.0
2025/11/24,11:05:19,0,95.0,190.0,233.0,250.0,0.0,192.0,0.0,0.0,0.0,0.0,0.0,0.0
2025/11/24,11:05:24,0,95.0,184.0,233.0,249.0,10.0,192.0,2.0,2.0,0.0,0.0,0.0,0.0
2025/11/24,11:05:29,0,96.0,206.0,236.0,251.0,11.0,191.0,5.0,3.0,0.0,0.0,0.0,0.0
2025/11/24,11:05:34,0,96.0,207.0,235.0,250.0,14.0,191.0,6.0,5.0,0.0,0.0,0.0,0.0
2025/11/24,11:05:39,0,95.0,191.0,232.0,250.0,1.0,192.0,1.0,2.0,0.0,0.0,0.0,0.0
2025/11/24,11:05:44,0,99.0,187.0,233.0,250.0,9.0,193.0,2.0,3.0,0.0,0.0,0.0,0.0
2025/11/24,11:05:49,0,95.0,199.0,235.0,249.0,12.0,193.0,5.0,4.0,0.0,0.0,0.0,0.0
2025/11/24,11:05:54,0,93.0,194.0,234.0,250.0,0.0,191.0,0.0,1.0,0.0,0.0,0.0,-0.0008
2025/11/24,11:05:59,0,95.0,207.0,235.0,250.0,13.0,194.0,5.0,3.0,0.0,0.0,0.0,0.0
2025/11/24,11:06:04,0,95.0,192.0,234.0,250.0,3.0,193.0,1.0,2.0,0.0,0.0,0.0,0.0
2025/11/24,11:06:09,0,97.0,189.0,233.0,249.0,10.0,193.0,2.0,3.0,0.0,0.0,0.0,0.0
2025/11/24,11:06:14,0,91.0,199.0,231.0,250.0,16.0,193.0,6.0,5.0,0.0,0.0,0.0,0.0
2025/11/24,11:06:19,0,96.0,182.0,232.0,249.0,7.0,193.0,2.0,3.0,0.0,0.0,0.0,0.0
2025/11/24,11:06:24,0,95.0,198.0,235.0,250.0,10.0,194.0,4.0,4.0,0.0,0.0,0.0,0.0
2025/11/24,11:06:29,0,96.0,189.0,233.0,250.0,0.0,193.0,0.0,0.0,0.0,0.0,0.0,0.0
2025/11/24,11:06:34,0,96.0,213.0,234.0,250.0,17.0,194.0,7.0,5.0,0.0,0.0,0.0,0.0
2025/11/24,11:06:39,0,96.0,197.0,232.0,249.0,0.0,193.0,0.0,1.0,0.0,0.0,0.0,0.0
2025/11/24,11:06:44,0,93.0,212.0,233.0,250.0,13.0,194.0,6.0,4.0,0.0,0.0,0.0,0.0
2025/11/24,11:06:49,0,96.0,192.0,233.0,250.0,1.0,192.0,1.0,0.0,0.0,0.0,0.0,0.0
2025/11/24,11:06:54,0,93.0,210.0,235.0,250.0,13.0,194.0,4.0,4.0,0.0,0.0,0.0,0.0
2025/11/24,11:06:59,0,94.0,193.0,232.0,250.0,2.0,193.0,1.0,2.0,0.0,0.0,0.0,0.0
2025/11/24,11:07:04,0,96.0,188.0,234.0,250.0,8.0,193.0,1.0,2.0,0.0,0.0,0.0,0.0
2025/11/24,11:07:09,0,95.0,208.0,235.0,250.0,14.0,193.0,5.0,4.0,0.0,0.0,0.0,0.0
2025/11/24,11:07:14,0,94.0,190.0,234.0,250.0,2.0,192.0,1.0,1.0,0.0,0.0,0.0,0.0
2025/11/24,11:07:19,0,95.0,184.0,233.0,250.0,4.0,193.0,0.0,1.0,0.0,0.0,0.0,0.0
2025/11/24,11:07:24,0,97.0,218.0,236.0,249.0,14.0,192.0,5.0,4.0,0.0,0.0,0.0,0.0
2025/11/24,11:07:29,0,99.0,194.0,234.0,251.0,3.0,193.0,2.0,2.0,0.0,0.0,0.0,0.0
2025/11/24,11:07:34,0,96.0,195.0,233.0,251.0,0.0,192.0,0.0,0.0,0.0,0.0,0.0,0.0
2025/11/24,11:07:39,0,97.0,201.0,235.0,248.0,11.0,192.0,5.0,3.0,0.0,0.0,0.0,0.0
2025/11/24,11:07:44,0,96.0,206.0,236.0,250.0,16.0,193.0,6.0,5.0,0.0,0.0,0.0,0.0
2025/11/24,11:07:49,0,94.0,192.0,234.0,248.0,2.0,192.0,1.0,2.0,0.0,0.0,0.0,0.0
2025/11/24,11:07:54,0,94.0,194.0,233.0,250.0,0.0,192.0,0.0,0.0,0.0,0.0,0.0,0.0
2025/11/24,11:07:59,0,92.0,188.0,233.0,250.0,9.0,193.0,3.0,3.0,0.0,0.0,0.0,0.0
2025/11/24,11:08:04,0,93.0,203.0,235.0,248.0,10.0,192.0,5.0,3.0,0.0,0.0,0.0,0.0
2025/11/24,11:08:09,0,95.0,207.0,234.0,250.0,14.0,193.0,5.0,4.0,0.0,0.0,0.0,0.0
2025/11/24,11:08:14,0,96.0,190.0,233.0,250.0,11.0,193.0,3.0,3.0,0.0,0.0,0.0,0.0
2025/11/24,11:08:19,0,95.0,189.0,234.0,250.0,1.0,192.0,0.0,1.0,0.0,0.0,0.0,0.0
2025/11/24,11:08:24,0,95.0,217.0,236.0,248.0,14.0,192.0,6.0,4.0,0.0,0.0,0.0,0.0
2025/11/24,11:08:29,0,95.0,199.0,233.0,250.0,0.0,192.0,0.0,0.0,0.0,0.0,0.0,0.0
2025/11/24,11:08:34,0,95.0,216.0,235.0,250.0,16.0,193.0,6.0,5.0,0.0,0.0,0.0,0.0
2025/11/24,11:08:39,0,94.0,199.0,233.0,250.0,0.0,192.0,0.0,0.0,0.0,0.0,0.0,0.0
2025/11/24,11:08:44,0,96.0,212.0,235.0,250.0,15.0,194.0,7.0,4.0,0.0,0.0,0.0,0.0
2025/11/24,11:08:49,0,95.0,197.0,233.0,248.0,0.0,193.0,0.0,0.0,0.0,0.0,0.0,0.0
2025/11/24,11:08:54,0,95.0,212.0,236.0,248.0,12.0,193.0,5.0,3.0,0.0,0.0,0.0,0.0
2025/11/24,11:08:59,0,94.0,190.0,234.0,249.0,2.0,193.0,1.0,2.0,0.0,0.0,0.0,0.0
2025/11/24,11:09:04,0,97.0,198.0,234.0,250.0,13.0,193.0,3.0,3.0,0.0,0.0,0.0,0.0
2025/11/24,11:09:09,0,94.0,193.0,234.0,249.0,2.0,194.0,2.0,2.0,0.0,0.0,0.0,0.0
2025/11/24,11:09:14,0,97.0,203.0,235.0,250.0,10.0,192.0,5.0,3.0,0.0,0.0,0.0,0.0
2025/11/24,11:09:19,0,96.0,188.0,230.0,250.0,4.0,193.0,1.0,1.0,0.0,0.0,0.0,0.0
2025/11/24,11:09:24,0,96.0,218.0,232.0,250.0,16.0,194.0,6.0,4.0,0.0,0.0,0.0,0.0
2025/11/24,11:09:29,0,95.0,194.0,233.0,250.0,0.0,191.0,0.0,0.0,0.0,0.0,0.0,0.0
2025/11/24,11:09:34,0,94.0,197.0,235.0,250.0,11.0,193.0,5.0,4.0,0.0,0.0,0.0,0.0
2025/11/24,11:09:39,0,96.0,193.0,234.0,250.0,8.0,192.0,4.0,3.0,0.0,0.0,0.0,0.0
2025/11/24,11:09:44,0,92.0,190.0,232.0,250.0,1.0,194.0,1.0,1.0,0.0,0.0,0.0,0.0
2025/11/24,11:09:49,0,96.0,208.0,235.0,250.0,14.0,193.0,5.0,4.0,0.0,0.0,0.0,0.0
2025/11/24,11:09:54,0,97.0,184.0,232.0,251.0,1.0,193.0,1.0,2.0,0.0,0.0,0.0,0.0
2025/11/24,11:09:59,0,96.0,192.0,232.0,250.0,2.0,193.0,0.0,1.0,0.0,0.0,0.0,0.0
2025/11/24,11:10:04,0,97.0,218.0,236.0,248.0,13.0,192.0,6.0,4.0,0.0,0.0,0.0,0.0
2025/11/24,11:10:09,0,98.0,184.0,232.0,249.0,3.0,193.0,1.0,1.0,0.0,0.0,0.0,0.0
2025/11/24,11:10:14,0,95.0,188.0,231.0,250.0,2.0,193.0,0.0,1.0,0.0,0.0,0.0,0.0
2025/11/24,11:10:19,0,99.0,197.0,235.0,251.0,7.0,193.0,3.0,3.0,0.0,0.0,0.0,0.0
2025/11/24,11:10:24,0,97.0,204.0,235.0,248.0,12.0,193.0,5.0,4.0,0.0,0.0,0.0,0.0
2025/11/24,11:10:29,0,98.0,205.0,235.0,250.0,14.0,194.0,6.0,4.0,0.0,0.0,0.0,0.0
2025/11/24,11:10:34,0,97.0,204.0,235.0,251.0,14.0,193.0,6.0,4.0,0.0,0.0,0.0,0.0
2025/11/24,11:10:39,0,97.0,205.0,235.0,248.0,14.0,193.0,6.0,4.0,0.0,0.0,0.0,0.0
2025/11/24,11:10:44,0,98.0,203.0,235.0,249.0,14.0,192.0,6.0,4.0,0.0,0.0,0.0,0.0
2025/11/24,11:10:49,0,96.0,199.0,234.0,250.0,9.0,194.0,4.0,3.0,0.0,0.0,0.0,0.0
2025/11/24,11:10:54,0,97.0,194.0,234.0,249.0,4.0,193.0,2.0,2.0,0.0,0.0,0.0,0.0
2025/11/24,11:10:59,0,97.0,191.0,233.0,249.0,2.0,195.0,1.0,1.0,0.0,0.0,0.0,0.0
2025/11/24,11:11:04,0,94.0,193.0,232.0,250.0,1.0,193.0,0.0,1.0,0.0,0.0,0.0,0.0
2025/11/24,11:11:09,0,97.0,191.0,231.0,250.0,0.0,194.0,0.0,0.0,0.0,0.0,0.0,0.0
2025/11/24,11:11:14,0,96.0,195.0,232.0,250.0,9.0,194.0,4.0,3.0,0.0,0.0,0.0,0.0
2025/11/24,11:11:19,0,97.0,217.0,235.0,249.0,14.0,194.0,6.0,4.0,0.0,0.0,0.0,0.0
2025/11/24,11:11:24,0,94.0,193.0,234.0,250.0,6.0,194.0,3.0,3.0,0.0,0.0,0.0,0.0
2025/11/24,11:11:29,0,97.0,190.0,232.0,249.0,1.0,193.0,1.0,1.0,0.0,0.0,0.0,0.0
2025/11/24,11:11:34,0,95.0,193.0,232.0,250.0,0.0,192.0,0.0,0.0,0.0,0.0,0.0,0.0
2025/11/24,11:11:39,0,96.0,196.0,232.0,250.0,0.0,192.0,0.0,0.0,0.0,0.0,0.0,0.0
2025/11/24,11:11:44,0,96.0,188.0,233.0,250.0,1.0,193.0,0.0,2.0,0.0,0.0,0.0,0.0
2025/11/24,11:11:49,0,95.0,198.0,234.0,250.0,11.0,192.0,4.0,4.0,0.0,0.0,0.0,0.0
2025/11/24,11:11:54,0,98.0,204.0,234.0,248.0,9.0,192.0,4.0,3.0,0.0,0.0,0.0,0.0
2025/11/24,11:11:59,0,93.0,195.0,232.0,249.0,0.0,192.0,0.0,1.0,0.0,0.0,0.0,0.0
2025/11/24,11:12:04,0,97.0,197.0,233.0,250.0,12.0,194.0,5.0,3.0,0.0,0.0,0.0,0.0
2025/11/24,11:12:09,0,98.0,193.0,233.0,250.0,9.0,194.0,4.0,3.0,0.0,0.0,0.0,0.0
2025/11/24,11:12:14,0,95.0,193.0,229.0,250.0,0.0,195.0,1.0,1.0,0.0,0.0,0.0,0.0
2025/11/24,11:12:19,0,97.0,199.0,234.0,250.0,10.0,192.0,4.0,3.0,0.0,0.0,0.0,0.0
2025/11/24,11:12:24,0,94.0,207.0,235.0,250.0,11.0,193.0,5.0,3.0,0.0,0.0,0.0,0.0
2025/11/24,11:12:29,0,96.0,185.0,232.0,250.0,2.0,193.0,1.0,1.0,0.0,0.0,0.0,0.0
2025/11/24,11:12:34,0,95.0,199.0,232.0,251.0,0.0,192.0,0.0,1.0,0.0,0.0,0.0,0.0
2025/11/24,11:12:39,0,95.0,190.0,231.0,250.0,1.0,194.0,2.0,1.0,0.0,0.0,0.0,0.0
2025/11/24,11:12:44,0,96.0,191.0,232.0,250.0,0.0,194.0,1.0,2.0,0.0,0.0,0.0,0.0
2025/11/24,11:12:49,0,98.0,191.0,232.0,250.0,1.0,192.0,0.0,1.0,0.0,0.0,0.0,0.0
2025/11/24,11:12:54,0,94.0,192.0,232.0,250.0,2.0,193.0,1.0,1.0,0.0,0.0,0.0,0.0
2025/11/24,11:12:59,0,92.0,189.0,232.0,250.0,0.0,193.0,0.0,1.0,0.0,0.0,0.0,0.0
2025/11/24,11:13:04,0,95.0,195.0,232.0,250.0,0.0,193.0,0.0,1.0,0.0,0.0,0.0,0.0
2025/11/24,11:13:09,0,98.0,199.0,232.0,248.0,0.0,194.0,0.0,1.0,0.0,0.0,0.0,0.0
2025/11/24,11:13:14,0,94.0,190.0,232.0,250.0,0.0,193.0,0.0,0.0,-0.0008,0.0,0.0,0.0
2025/11/24,11:13:19,0,94.0,186.0,233.0,248.0,6.0,193.0,2.0,3.0,0.0,0.0,0.0,0.0
2025/11/24,11:13:24,0,93.0,207.0,234.0,250.0,11.0,193.0,5.0,4.0,0.0,0.0,0.0,0.0
2025/11/24,11:14:00,0,96.0,191.0,231.0,250.0,0.0,193.0,1.0,1.0,0.0,0.0,0.0,0.0
2025/11/24,11:14:04,0,95.0,189.0,232.0,250.0,2.0,193.0,0.0,2.0,0.0,0.0,0.0,0.0
2025/11/24,11:14:09,0,95.0,208.0,234.0,250.0,9.0,193.0,5.0,4.0,0.0,0.0,0.0,0.0
2025/11/24,11:14:14,0,97.0,195.0,231.0,250.0,0.0,194.0,0.0,0.0,0.0,0.0,0.0,0.0
2025/11/24,11:14:19,0,94.0,195.0,234.0,251.0,4.0,192.0,3.0,3.0,0.0,0.0,0.0,0.0
2025/11/24,11:14:24,0,95.0,218.0,234.0,250.0,15.0,194.0,6.0,4.0,0.0,0.0,0.0,0.0
2025/11/24,11:14:29,0,94.0,203.0,233.0,249.0,10.0,193.0,4.0,3.0,0.0,0.0,0.0,0.0
2025/11/24,11:14:34,0,96.0,184.0,232.0,248.0,3.0,194.0,2.0,2.0,0.0,0.0,0.0,0.0
2025/11/24,11:14:39,0,97.0,197.0,233.0,251.0,0.0,193.0,0.0,1.0,0.0,0.0,0.0,0.0
2025/11/24,11:14:44,0,97.0,193.0,233.0,250.0,4.0,194.0,3.0,2.0,0.0,0.0,0.0,0.0
2025/11/24,11:14:49,0,97.0,211.0,233.0,250.0,15.0,193.0,6.0,5.0,0.0,0.0,0.0,0.0
2025/11/24,11:14:54,0,97.0,197.0,233.0,250.0,7.0,192.0,4.0,3.0,0.0,0.0,0.0,0.0
2025/11/24,11:14:59,0,97.0,197.0,231.0,250.0,0.0,193.0,0.0,0.0,0.0,0.0,0.0,-0.0008
2025/11/24,11:15:04,0,96.0,197.0,234.0,250.0,9.0,192.0,4.0,3.0,0.0,0.0,0.0,0.0
2025/11/24,11:15:09,0,97.0,196.0,233.0,251.0,8.0,193.0,4.0,3.0,0.0,0.0,0.0,0.0
2025/11/24,11:15:14,0,95.0,190.0,232.0,251.0,1.0,192.0,1.0,2.0,0.0,0.0,0.0,0.0
2025/11/24,11:15:19,0,96.0,215.0,233.0,250.0,11.0,194.0,5.0,3.0,0.0,0.0,0.0,0.0
2025/11/24,11:15:24,0,98.0,190.0,231.0,248.0,0.0,193.0,0.0,0.0,0.0,0.0,0.0,0.0
2025/11/24,11:15:29,0,98.0,195.0,233.0,250.0,8.0,194.0,4.0,2.0,0.0,0.0,0.0,0.0
2025/11/24,11:15:34,0,96.0,183.0,232.0,249.0,7.0,194.0,3.0,3.0,0.0,0.0,0.0,0.0
2025/11/24,11:15:39,0,98.0,196.0,232.0,250.0,8.0,193.0,3.0,3.0,0.0,0.0,0.0,0.0
2025/11/24,11:15:44,0,96.0,187.0,232.0,250.0,1.0,194.0,1.0,1.0,0.0,0.0,0.0,0.0
2025/11/24,11:15:49,0,97.0,200.0,234.0,250.0,11.0,193.0,4.0,3.0,0.0,0.0,0.0,0.0
2025/11/24,11:15:54,0,97.0,184.0,230.0,250.0,3.0,193.0,1.0,1.0,0.0,0.0,0.0,0.0
2025/11/24,11:15:59,0,98.0,194.0,234.0,249.0,6.0,193.0,3.0,3.0,0.0,0.0,0.0,0.0
2025/11/24,11:16:04,0,92.0,188.0,232.0,249.0,9.0,193.0,3.0,3.0,0.0,0.0,0.0,0.0
2025/11/24,11:16:09,0,96.0,193.0,231.0,250.0,3.0,193.0,2.0,3.0,0.0,0.0,0.0,0.0
2025/11/24,11:16:14,0,95.0,188.0,232.0,249.0,6.0,192.0,2.0,2.0,0.0,0.0,0.0,0.0
2025/11/24,11:16:19,0,93.0,193.0,234.0,248.0,0.0,194.0,3.0,2.0,0.0,0.0,0.0,0.0
2025/11/24,11:16:24,0,95.0,196.0,233.0,250.0,9.0,193.0,4.0,2.0,0.0,0.0,0.0,0.0
2025/11/24,11:16:29,0,96.0,192.0,232.0,250.0,1.0,193.0,1.0,2.0,0.0,0.0,0.0,0.0
2025/11/24,11:16:34,0,96.0,207.0,234.0,250.0,10.0,192.0,4.0,3.0,0.0,0.0,0.0,0.0
2025/11/24,11:16:39,0,98.0,190.0,232.0,250.0,3.0,193.0,1.0,1.0,0.0,0.0,0.0,0.0
2025/11/24,11:16:44,0,98.0,185.0,232.0,250.0,5.0,193.0,1.0,2.0,0.0,0.0,0.0,0.0
2025/11/24,11:16:49,0,97.0,213.0,235.0,248.0,13.0,193.0,5.0,4.0,0.0,0.0,0.0,0.0
2025/11/24,11:16:54,0,96.0,191.0,231.0,250.0,2.0,194.0,1.0,2.0,0.0,0.0,0.0,0.0
2025/11/24,11:16:59,0,97.0,194.0,233.0,250.0,0.0,193.0,0.0,1.0,0.0,0.0,0.0,0.0
2025/11/24,11:17:04,0,97.0,202.0,233.0,249.0,11.0,194.0,2.0,3.0,0.0,0.0,0.0,0.0
2025/11/24,11:17:09,0,98.0,213.0,235.0,250.0,15.0,193.0,6.0,4.0,0.0,0.0,0.0,0.0
2025/11/24,11:17:14,0,97.0,195.0,234.0,250.0,5.0,194.0,3.0,2.0,0.0,0.0,0.0,0.0
2025/11/24,11:17:19,0,97.0,195.0,232.0,250.0,1.0,193.0,1.0,1.0,0.0,0.0,0.0,0.0
2025/11/24,11:17:24,0,98.0,185.0,232.0,250.0,9.0,193.0,2.0,3.0,0.0,0.0,0.0,0.0
2025/11/24,11:17:29,0,95.0,218.0,234.0,249.0,13.0,193.0,6.0,4.0,0.0,0.0,0.0,0.0
2025/11/24,11:17:34,0,95.0,194.0,234.0,249.0,1.0,194.0,2.0,1.0,0.0,0.0,0.0,0.0
2025/11/24,11:17:39,0,97.0,190.0,231.0,249.0,0.0,194.0,0.0,0.0,0.0,0.0,0.0,0.0
2025/11/24,11:17:44,0,97.0,207.0,234.0,250.0,10.0,194.0,5.0,3.0,0.0,0.0,0.0,-0.0008
2025/11/24,11:17:49,0,97.0,200.0,234.0,250.0,12.0,192.0,5.0,4.0,0.0,0.0,0.0,0.0
2025/11/24,11:17:54,0,96.0,189.0,233.0,249.0,0.0,192.0,1.0,1.0,0.0,0.0,0.0,0.0
2025/11/24,11:17:59,0,97.0,195.0,232.0,250.0,0.0,192.0,0.0,0.0,0.0,0.0,0.0,0.0
2025/11/24,11:18:04,0,97.0,190.0,232.0,249.0,0.0,192.0,0.0,1.0,0.0,0.0,0.0,0.0
2025/11/24,11:18:09,0,97.0,183.0,232.0,249.0,2.0,194.0,2.0,2.0,0.0,0.0,0.0,0.0
2025/11/24,11:18:14,0,99.0,191.0,233.0,248.0,11.0,193.0,4.0,2.0,0.0,0.0,0.0,0.0
2025/11/24,11:18:19,0,94.0,189.0,232.0,250.0,5.0,194.0,3.0,3.0,0.0,0.0,0.0,0.0
2025/11/24,11:18:24,0,96.0,192.0,232.0,250.0,0.0,192.0,0.0,1.0,0.0,0.0,0.0,0.0
2025/11/24,11:18:29,0,97.0,192.0,232.0,250.0,1.0,194.0,1.0,1.0,0.0,0.0,0.0,0.0
2025/11/24,11:18:34,0,96.0,209.0,234.0,250.0,14.0,194.0,5.0,4.0,0.0,0.0,0.0,0.0
2025/11/24,11:18:39,0,99.0,190.0,232.0,250.0,9.0,194.0,3.0,3.0,0.0,0.0,0.0,0.0
2025/11/24,11:18:44,0,95.0,191.0,231.0,249.0,0.0,193.0,1.0,1.0,0.0,0.0,0.0,0.0
2025/11/24,11:18:49,0,96.0,208.0,235.0,251.0,14.0,193.0,5.0,4.0,0.0,0.0,0.0,0.0
2025/11/24,11:18:54,0,97.0,189.0,231.0,250.0,0.0,193.0,0.0,0.0,0.0,0.0,0.0,0.0
2025/11/24,11:18:59,0,96.0,204.0,234.0,249.0,14.0,193.0,6.0,4.0,0.0,0.0,0.0,0.0
2025/11/24,11:19:04,0,96.0,195.0,231.0,249.0,0.0,194.0,0.0,0.0,0.0,0.0,0.0,0.0
2025/11/24,11:19:09,0,98.0,212.0,234.0,250.0,12.0,194.0,5.0,4.0,0.0,0.0,0.0,0.0
2025/11/24,11:19:14,0,100.0,190.0,231.0,250.0,0.0,193.0,1.0,2.0,0.0,0.0,0.0,0.0
2025/11/24,11:19:19,0,102.0,196.0,233.0,250.0,9.0,194.0,4.0,3.0,0.0,0.0,0.0,0.0
2025/11/24,11:19:24,0,97.0,192.0,232.0,250.0,2.0,193.0,2.0,2.0,0.0,0.0,0.0,0.0
2025/11/24,11:19:29,0,96.0,194.0,232.0,250.0,10.0,194.0,4.0,3.0,0.0,0.0,0.0,0.0
2025/11/24,11:19:34,0,96.0,196.0,234.0,249.0,6.0,192.0,4.0,3.0,0.0,0.0,0.0,0.0
2025/11/24,11:19:39,0,94.0,184.0,232.0,250.0,4.0,192.0,2.0,2.0,0.0,0.0,0.0,0.0
2025/11/24,11:19:44,0,93.0,191.0,231.0,250.0,4.0,193.0,1.0,2.0,0.0,0.0,0.0,0.0
2025/11/24,11:19:49,0,95.0,209.0,234.0,250.0,11.0,193.0,4.0,4.0,0.0,0.0,0.0,0.0
2025/11/24,11:19:54,0,96.0,185.0,232.0,250.0,0.0,193.0,0.0,1.0,0.0,0.0,0.0,0.0
2025/11/24,11:19:59,0,97.0,191.0,231.0,250.0,2.0,194.0,1.0,0.0,0.0,0.0,0.0,0.0
2025/11/24,11:20:04,0,93.0,192.0,233.0,250.0,2.0,193.0,1.0,0.0,0.0,0.0,0.0,0.0
2025/11/24,11:20:09,0,98.0,194.0,234.0,250.0,2.0,194.0,2.0,2.0,0.0,0.0,0.0,0.0
2025/11/24,11:20:14,0,98.0,194.0,231.0,250.0,4.0,194.0,2.0,3.0,0.0,0.0,0.0,0.0
2025/11/24,11:20:19,0,97.0,191.0,233.0,250.0,3.0,194.0,2.0,2.0,0.0,0.0,0.0,0.0
2025/11/24,11:20:24,0,97.0,187.0,232.0,250.0,1.0,194.0,1.0,2.0,0.0,0.0,0.0,0.0
2025/11/24,11:20:29,0,96.0,195.0,233.0,250.0,0.0,194.0,0.0,0.0,0.0,0.0,0.0,0.0
2025/11/24,11:20:34,0,97.0,185.0,232.0,249.0,3.0,195.0,1.0,1.0,0.0,0.0,0.0,0.0
2025/11/24,11:20:39,0,97.0,206.0,235.0,252.0,12.0,193.0,4.0,3.0,-0.0008,0.0,0.0,0.0
2025/11/24,11:20:44,0,96.0,204.0,234.0,249.0,15.0,193.0,5.0,4.0,0.0,0.0,0.0,0.0
2025/11/24,11:20:49,0,100.0,191.0,232.0,250.0,2.0,193.0,0.0,2.0,0.0,0.0,0.0,0.0
2025/11/24,11:20:54,0,97.0,193.0,232.0,250.0,0.0,192.0,0.0,0.0,0.0,0.0,0.0,0.0
2025/11/24,11:20:59,0,96.0,201.0,234.0,250.0,10.0,194.0,4.0,3.0,0.0,0.0,0.0,0.0
2025/11/24,11:21:04,0,96.0,205.0,234.0,250.0,13.0,192.0,6.0,4.0,0.0,0.0,0.0,0.0
2025/11/24,11:21:09,0,96.0,192.0,232.0,250.0,1.0,194.0,2.0,2.0,0.0,0.0,0.0,0.0
2025/11/24,11:21:14,0,97.0,195.0,231.0,250.0,0.0,192.0,0.0,0.0,0.0,0.0,0.0,0.0
2025/11/24,11:21:19,0,98.0,191.0,231.0,250.0,8.0,194.0,3.0,3.0,0.0,0.0,0.0,0.0
2025/11/24,11:21:24,0,95.0,216.0,235.0,248.0,15.0,193.0,7.0,4.0,0.0,0.0,0.0,0.0
2025/11/24,11:21:29,0,96.0,195.0,233.0,249.0,6.0,194.0,4.0,2.0,0.0,0.0,0.0,0.0
2025/11/24,11:21:34,0,95.0,188.0,230.0,250.0,1.0,193.0,1.0,1.0,0.0,0.0,0.0,0.0
2025/11/24,11:21:39,0,96.0,186.0,231.0,250.0,2.0,194.0,0.0,1.0,0.0,0.0,0.0,0.0
2025/11/24,11:21:44,0,98.0,212.0,234.0,250.0,16.0,193.0,6.0,5.0,0.0,0.0,0.0,0.0
2025/11/24,11:21:49,0,97.0,197.0,229.0,250.0,0.0,194.0,0.0,0.0,0.0,0.0,0.0,0.0
2025/11/24,11:21:54,0,97.0,212.0,234.0,249.0,15.0,194.0,7.0,5.0,0.0,0.0,0.0,0.0
2025/11/24,11:21:59,0,97.0,188.0,232.0,250.0,0.0,192.0,0.0,1.0,0.0,0.0,0.0,0.0
2025/11/24,11:22:04,0,96.0,198.0,234.0,250.0,10.0,193.0,4.0,4.0,0.0,0.0,0.0,0.0
2025/11/24,11:22:09,0,98.0,192.0,233.0,249.0,9.0,192.0,3.0,3.0,0.0,0.0,0.0,0.0
2025/11/24,11:22:14,0,97.0,187.0,232.0,250.0,0.0,193.0,1.0,1.0,0.0,0.0,0.0,0.0
2025/11/24,11:22:19,0,96.0,204.0,235.0,250.0,14.0,193.0,5.0,4.0,0.0,0.0,0.0,0.0
2025/11/24,11:22:24,0,96.0,206.0,233.0,249.0,11.0,192.0,5.0,3.0,0.0,0.0,0.0,0.0
2025/11/24,11:22:29,0,96.0,183.0,233.0,248.0,6.0,192.0,1.0,1.0,0.0,0.0,0.0,0.0
2025/11/24,11:22:34,0,95.0,198.0,232.0,250.0,0.0,193.0,0.0,0.0,0.0,0.0,0.0,-0.0008
2025/11/24,11:22:39,0,94.0,190.0,230.0,250.0,3.0,194.0,1.0,1.0,0.0,0.0,0.0,0.0
2025/11/24,11:22:44,0,93.0,192.0,233.0,250.0,2.0,192.0,0.0,2.0,0.0,0.0,0.0,0.0
2025/11/24,11:22:49,0,97.0,191.0,233.0,250.0,1.0,193.0,1.0,1.0,0.0,0.0,0.0,-0.0008
2025/11/24,11:22:54,0,95.0,193.0,233.0,250.0,2.0,193.0,1.0,1.0,0.0,0.0,0.0,0.0
2025/11/24,11:22:59,0,95.0,194.0,234.0,248.0,4.0,192.0,1.0,2.0,0.0,0.0,0.0,0.0
2025/11/24,11:23:04,0,96.0,196.0,234.0,250.0,7.0,193.0,2.0,3.0,0.0,0.0,0.0,0.0
2025/11/24,11:23:09,0,96.0,199.0,234.0,250.0,12.0,193.0,5.0,4.0,0.0,0.0,0.0,0.0
2025/11/24,11:23:14,0,96.0,199.0,233.0,250.0,14.0,193.0,5.0,4.0,0.0,0.0,0.0,0.0
2025/11/24,11:23:19,0,97.0,205.0,235.0,250.0,15.0,194.0,6.0,4.0,0.0,0.0,0.0,0.0
2025/11/24,11:23:24,0,96.0,207.0,232.0,250.0,17.0,194.0,6.0,5.0,0.0,0.0,0.0,0.0
2025/11/24,11:23:29,0,98.0,207.0,235.0,250.0,13.0,192.0,6.0,4.0,0.0,0.0,0.0,0.0
2025/11/24,11:23:34,0,98.0,205.0,235.0,250.0,14.0,192.0,6.0,4.0,0.0,0.0,0.0,0.0
2025/11/24,11:24:39,0,98.0,214.0,234.0,250.0,12.0,194.0,5.0,3.0,0.0,0.0,0.0,0.0
2025/11/24,11:24:43,0,96.0,212.0,234.0,250.0,14.0,193.0,6.0,4.0,0.0,0.0,0.0,0.0
2025/11/24,11:24:48,0,96.0,199.0,232.0,251.0,0.0,192.0,0.0,1.0,0.0,0.0,0.0,0.0
2025/11/24,11:24:53,0,100.0,207.0,234.0,249.0,11.0,193.0,6.0,4.0,0.0,0.0,0.0,0.0
2025/11/24,11:24:58,0,98.0,191.0,231.0,250.0,5.0,194.0,2.0,2.0,0.0,0.0,0.0,0.0
2025/11/24,11:25:03,0,96.0,184.0,232.0,250.0,4.0,192.0,1.0,1.0,0.0,0.0,0.0,0.0
2025/11/24,11:25:08,0,97.0,214.0,232.0,250.0,14.0,194.0,6.0,4.0,0.0,0.0,0.0,0.0
2025/11/24,11:25:13,0,99.0,192.0,232.0,250.0,2.0,193.0,2.0,2.0,0.0,0.0,0.0,0.0
2025/11/24,11:25:18,0,96.0,188.0,231.0,250.0,0.0,192.0,0.0,0.0,0.0,0.0,0.0,0.0
2025/11/24,11:25:23,0,95.0,207.0,233.0,249.0,9.0,192.0,5.0,3.0,0.0,0.0,0.0,0.0
2025/11/24,11:25:28,0,97.0,198.0,235.0,248.0,10.0,191.0,4.0,3.0,0.0,0.0,0.0,0.0
2025/11/24,11:25:33,0,97.0,192.0,229.0,250.0,2.0,193.0,0.0,1.0,0.0,0.0,0.0,0.0
2025/11/24,11:25:38,0,94.0,188.0,232.0,250.0,9.0,194.0,4.0,3.0,0.0,0.0,0.0,0.0
2025/11/24,11:25:43,0,97.0,212.0,234.0,250.0,12.0,193.0,6.0,4.0,0.0,0.0,0.0,0.0
2025/11/24,11:25:48,0,98.0,192.0,233.0,249.0,2.0,193.0,1.0,2.0,0.0,0.0,0.0,0.0
2025/11/24,11:25:53,0,98.0,189.0,230.0,250.0,0.0,193.0,0.0,0.0,0.0,0.0,0.0,0.0
2025/11/24,11:25:58,0,97.0,211.0,234.0,250.0,11.0,192.0,5.0,4.0,0.0,0.0,0.0,0.0
2025/11/24,11:26:03,0,96.0,195.0,233.0,249.0,3.0,193.0,2.0,2.0,0.0,0.0,0.0,0.0
2025/11/24,11:26:08,0,99.0,191.0,232.0,250.0,0.0,193.0,0.0,0.0,0.0,0.0,0.0,0.0
2025/11/24,11:26:13,0,100.0,204.0,233.0,250.0,11.0,193.0,4.0,3.0,0.0,0.0,0.0,0.0
2025/11/24,11:26:18,0,98.0,201.0,233.0,250.0,12.0,194.0,5.0,4.0,0.0,0.0,0.0,0.0
2025/11/24,11:26:23,0,98.0,193.0,232.0,250.0,1.0,192.0,2.0,1.0,0.0,0.0,0.0,0.0
2025/11/24,11:26:28,0,96.0,198.0,229.0,250.0,0.0,193.0,1.0,1.0,0.0,0.0,0.0,0.0
2025/11/24,11:26:33,0,96.0,185.0,231.0,250.0,2.0,192.0,0.0,1.0,0.0,0.0,0.0,0.0
2025/11/24,11:26:38,0,98.0,198.0,233.0,250.0,8.0,193.0,2.0,3.0,0.0,0.0,0.0,0.0
2025/11/24,11:26:43,0,98.0,207.0,233.0,250.0,11.0,193.0,5.0,3.0,0.0,0.0,0.0,0.0
2025/11/24,11:26:48,0,97.0,188.0,230.0,250.0,3.0,194.0,3.0,2.0,0.0,0.0,0.0,0.0
2025/11/24,11:26:53,0,97.0,205.0,234.0,249.0,14.0,192.0,6.0,5.0,0.0,0.0,0.0,0.0
2025/11/24,11:26:58,0,96.0,191.0,231.0,250.0,2.0,194.0,1.0,2.0,-0.0008,0.0,0.0,0.0
2025/11/24,11:27:03,0,97.0,189.0,232.0,250.0,0.0,192.0,0.0,0.0,0.0,0.0,0.0,0.0
2025/11/24,11:27:08,0,90.0,211.0,234.0,250.0,9.0,193.0,5.0,3.0,0.0,0.0,0.0,0.0
2025/11/24,11:27:13,0,93.0,193.0,230.0,250.0,4.0,193.0,1.0,2.0,0.0,0.0,0.0,0.0
2025/11/24,11:27:18,0,97.0,186.0,231.0,250.0,2.0,194.0,0.0,0.0,0.0,0.0,0.0,0.0
2025/11/24,11:27:23,0,97.0,213.0,235.0,250.0,15.0,192.0,6.0,4.0,0.0,0.0,0.0,0.0
2025/11/24,11:27:28,0,97.0,190.0,232.0,250.0,0.0,193.0,1.0,1.0,0.0,0.0,0.0,0.0
2025/11/24,11:27:33,0,97.0,199.0,233.0,250.0,11.0,194.0,3.0,3.0,0.0,0.0,0.0,0.0
2025/11/24,11:27:38,0,98.0,200.0,233.0,250.0,10.0,193.0,4.0,3.0,0.0,0.0,0.0,0.0
2025/11/24,11:27:43,0,97.0,192.0,232.0,250.0,0.0,193.0,0.0,1.0,0.0,0.0,0.0,0.0
2025/11/24,11:27:48,0,98.0,213.0,233.0,250.0,12.0,194.0,6.0,4.0,0.0,0.0,0.0,0.0
2025/11/24,11:27:53,0,98.0,193.0,231.0,250.0,0.0,194.0,1.0,1.0,0.0,0.0,0.0,0.0
2025/11/24,11:27:58,0,97.0,202.0,231.0,251.0,8.0,193.0,4.0,3.0,0.0,0.0,0.0,0.0
2025/11/24,11:28:03,0,96.0,198.0,234.0,250.0,10.0,194.0,5.0,4.0,0.0,0.0,0.0,0.0
2025/11/24,11:28:08,0,96.0,198.0,231.0,250.0,0.0,193.0,0.0,0.0,0.0,0.0,0.0,0.0
2025/11/24,11:28:13,0,93.0,200.0,233.0,248.0,9.0,193.0,4.0,3.0,0.0,0.0,0.0,0.0
2025/11/24,11:28:18,0,97.0,201.0,233.0,249.0,11.0,193.0,5.0,4.0,0.0,0.0,0.0,0.0
2025/11/24,11:28:23,0,96.0,193.0,232.0,248.0,0.0,193.0,0.0,1.0,0.0,0.0,0.0,0.0
2025/11/24,11:28:28,0,95.0,189.0,232.0,250.0,6.0,193.0,3.0,1.0,0.0,0.0,0.0,0.0
2025/11/24,11:28:33,0,98.0,211.0,232.0,250.0,14.0,193.0,6.0,5.0,0.0,0.0,0.0,0.0
2025/11/24,11:28:38,0,96.0,195.0,233.0,249.0,4.0,192.0,1.0,2.0,0.0,0.0,0.0,0.0
2025/11/24,11:28:43,0,94.0,198.0,233.0,251.0,0.0,192.0,0.0,1.0,0.0,0.0,0.0,0.0
2025/11/24,11:28:48,0,98.0,188.0,230.0,250.0,1.0,193.0,0.0,1.0,0.0,0.0,0.0,0.0
2025/11/24,11:28:53,0,97.0,199.0,232.0,250.0,10.0,194.0,5.0,3.0,0.0,0.0,0.0,0.0
2025/11/24,11:28:58,0,97.0,208.0,234.0,250.0,14.0,192.0,6.0,5.0,0.0,0.0,0.0,0.0
2025/11/24,11:29:03,0,97.0,190.0,232.0,250.0,3.0,194.0,2.0,2.0,0.0,0.0,0.0,0.0
2025/11/24,11:29:08,0,97.0,188.0,231.0,250.0,0.0,193.0,0.0,0.0,0.0,0.0,0.0,0.0
2025/11/24,11:29:13,0,96.0,203.0,234.0,249.0,10.0,193.0,4.0,3.0,0.0,0.0,0.0,0.0
2025/11/24,11:29:18,0,96.0,212.0,233.0,250.0,16.0,194.0,7.0,4.0,0.0,0.0,0.0,0.0
2025/11/24,11:29:23,0,96.0,194.0,234.0,249.0,6.0,193.0,3.0,3.0,0.0,0.0,0.0,0.0
2025/11/24,11:29:28,0,97.0,191.0,233.0,251.0,1.0,192.0,2.0,2.0,0.0,0.0,0.0,0.0
2025/11/24,11:29:33,0,98.0,192.0,233.0,250.0,2.0,192.0,1.0,2.0,0.0,0.0,0.0,0.0
2025/11/24,11:29:38,0,97.0,210.0,234.0,250.0,16.0,193.0,5.0,4.0,0.0,0.0,0.0,0.0
2025/11/24,11:29:43,0,97.0,183.0,231.0,250.0,3.0,194.0,1.0,1.0,0.0,0.0,0.0,0.0
2025/11/24,11:29:48,0,96.0,194.0,231.0,250.0,3.0,193.0,1.0,2.0,0.0,0.0,0.0,0.0
2025/11/24,11:29:53,0,93.0,191.0,232.0,250.0,11.0,193.0,3.0,3.0,0.0,0.0,0.0,0.0
2025/11/24,11:29:58,0,96.0,194.0,234.0,248.0,3.0,192.0,1.0,2.0,0.0,0.0,0.0,0.0
2025/11/24,11:30:03,0,96.0,181.0,229.0,250.0,5.0,193.0,1.0,2.0,0.0,0.0,0.0,0.0
2025/11/24,11:30:08,0,94.0,201.0,234.0,249.0,11.0,193.0,4.0,3.0,0.0,0.0,0.0,0.0
2025/11/24,11:30:13,0,95.0,188.0,231.0,250.0,0.0,192.0,0.0,1.0,0.0,0.0,0.0,0.0
2025/11/24,11:30:18,0,96.0,206.0,234.0,251.0,15.0,193.0,6.0,4.0,0.0,0.0,0.0,0.0
2025/11/24,11:30:23,0,97.0,191.0,231.0,250.0,0.0,193.0,0.0,0.0,0.0,0.0,0.0,0.0
2025/11/24,11:30:28,0,97.0,205.0,234.0,250.0,14.0,192.0,5.0,4.0,0.0,0.0,0.0,0.0
2025/11/24,11:30:33,0,96.0,188.0,229.0,250.0,0.0,194.0,0.0,1.0,0.0,0.0,0.0,0.0
2025/11/24,11:30:38,0,97.0,194.0,234.0,250.0,6.0,192.0,3.0,2.0,0.0,0.0,0.0,0.0
2025/11/24,11:30:43,0,98.0,203.0,232.0,250.0,10.0,192.0,4.0,3.0,0.0,0.0,0.0,0.0
2025/11/24,11:30:48,0,95.0,195.0,232.0,250.0,0.0,192.0,0.0,0.0,0.0,0.0,0.0,0.0
2025/11/24,11:30:53,0,96.0,192.0,230.0,250.0,5.0,193.0,2.0,2.0,0.0,0.0,0.0,0.0
2025/11/24,11:30:58,0,97.0,207.0,234.0,250.0,13.0,193.0,5.0,4.0,0.0,0.0,0.0,0.0
2025/11/24,11:31:03,0,99.0,203.0,233.0,250.0,10.0,193.0,4.0,3.0,0.0,0.0,0.0,0.0
2025/11/24,11:31:08,0,97.0,183.0,231.0,250.0,3.0,194.0,1.0,1.0,0.0,0.0,0.0,0.0
2025/11/24,11:31:13,0,98.0,198.0,232.0,250.0,0.0,191.0,0.0,1.0,0.0,0.0,0.0,0.0
2025/11/24,11:31:18,0,97.0,193.0,232.0,250.0,1.0,194.0,2.0,2.0,0.0,0.0,0.0,0.0
2025/11/24,11:31:23,0,98.0,199.0,233.0,250.0,11.0,194.0,5.0,4.0,0.0,0.0,0.0,0.0
2025/11/24,11:31:28,0,98.0,212.0,233.0,250.0,16.0,192.0,7.0,4.0,0.0,0.0,0.0,0.0
2025/11/24,11:31:33,0,103.0,213.0,234.0,250.0,13.0,194.0,6.0,3.0,0.0,0.0,0.0,0.0
2025/11/24,11:31:38,0,98.0,207.0,233.0,250.0,11.0,191.0,5.0,3.0,0.0,0.0,0.0,0.0
2025/11/24,11:31:43,0,95.0,208.0,233.0,250.0,11.0,194.0,5.0,3.0,0.0,0.0,0.0,0.0
2025/11/24,11:31:48,0,97.0,217.0,233.0,250.0,15.0,192.0,6.0,4.0,0.0,0.0,0.0,0.0
2025/11/24,11:31:53,0,97.0,208.0,233.0,250.0,16.0,193.0,6.0,5.0,0.0,0.0,0.0,0.0
2025/11/24,11:31:58,0,98.0,199.0,234.0,250.0,10.0,193.0,5.0,4.0,0.0,0.0,0.0,0.0
2025/11/24,11:32:03,0,98.0,194.0,233.0,250.0,2.0,192.0,2.0,2.0,0.0,0.0,0.0,0.0
2025/11/24,11:32:08,0,98.0,190.0,231.0,249.0,2.0,194.0,1.0,2.0,0.0,0.0,0.0,0.0
2025/11/24,11:32:13,0,99.0,191.0,231.0,250.0,3.0,194.0,1.0,2.0,0.0,0.0,0.0,0.0
2025/11/24,11:32:18,0,100.0,193.0,232.0,250.0,2.0,193.0,0.0,1.0,0.0,0.0,0.0,0.0
2025/11/24,11:32:23,0,97.0,195.0,231.0,251.0,7.0,193.0,3.0,3.0,0.0,0.0,0.0,0.0
2025/11/24,11:32:28,0,97.0,210.0,234.0,250.0,15.0,194.0,6.0,4.0,0.0,0.0,0.0,0.0
2025/11/24,11:32:33,0,98.0,189.0,231.0,250.0,8.0,194.0,4.0,2.0,0.0,0.0,0.0,0.0
2025/11/24,11:32:38,0,99.0,193.0,231.0,250.0,3.0,193.0,0.0,2.0,0.0,0.0,0.0,0.0
2025/11/24,11:32:43,0,98.0,197.0,232.0,250.0,10.0,193.0,4.0,3.0,0.0,0.0,0.0,0.0
2025/11/24,11:32:48,0,98.0,197.0,233.0,250.0,10.0,194.0,4.0,3.0,0.0,0.0,0.0,0.0
2025/11/24,11:32:53,0,97.0,197.0,228.0,250.0,1.0,193.0,0.0,1.0,0.0,0.0,0.0,0.0
2025/11/24,11:32:58,0,98.0,195.0,232.0,250.0,9.0,193.0,4.0,3.0,0.0,0.0,0.0,0.0
2025/11/24,11:33:03,0,96.0,211.0,233.0,249.0,15.0,192.0,6.0,4.0,0.0,0.0,0.0,0.0
2025/11/24,11:33:08,0,98.0,195.0,232.0,250.0,2.0,194.0,2.0,2.0,0.0,0.0,0.0,0.0
2025/11/24,11:33:13,0,96.0,198.0,231.0,251.0,0.0,193.0,0.0,0.0,0.0,0.0,0.0,0.0
2025/11/24,11:33:18,0,95.0,183.0,231.0,250.0,4.0,192.0,1.0,2.0,0.0,0.0,0.0,0.0
2025/11/24,11:33:23,0,99.0,204.0,231.0,251.0,11.0,193.0,4.0,3.0,0.0,0.0,0.0,0.0
2025/11/24,11:33:28,0,97.0,209.0,233.0,250.0,15.0,192.0,6.0,5.0,0.0,0.0,0.0,0.0
2025/11/24,11:33:33,0,97.0,195.0,233.0,251.0,2.0,192.0,1.0,2.0,0.0,0.0,0.0,0.0
2025/11/24,11:33:38,0,96.0,187.0,230.0,250.0,0.0,193.0,1.0,0.0,0.0,0.0,0.0,0.0
2025/11/24,11:33:43,0,98.0,190.0,229.0,251.0,0.0,193.0,0.0,0.0,0.0,0.0,0.0,0.0
2025/11/24,11:34:21,0,100.0,190.0,231.0,250.0,3.0,193.0,1.0,1.0,-0.0008,0.0,0.0,0.0
2025/11/24,11:34:23,0,97.0,208.0,234.0,250.0,9.0,194.0,4.0,3.0,0.0,0.0,0.0,0.0
2025/11/24,11:34:28,0,97.0,209.0,233.0,250.0,8.0,192.0,5.0,3.0,0.0,0.0,0.0,0.0
2025/11/24,11:34:33,0,97.0,216.0,233.0,250.0,13.0,192.0,5.0,4.0,0.0,0.0,0.0,-0.0008
2025/11/24,11:34:38,0,96.0,200.0,233.0,250.0,10.0,192.0,4.0,4.0,-0.0008,0.0,0.0,0.0
2025/11/24,11:34:43,0,95.0,198.0,234.0,251.0,5.0,192.0,2.0,2.0,0.0,0.0,0.0,0.0
2025/11/24,11:34:48,0,97.0,195.0,233.0,248.0,2.0,192.0,2.0,2.0,0.0,0.0,0.0,0.0
2025/11/24,11:34:53,0,96.0,191.0,232.0,250.0,0.0,193.0,1.0,1.0,0.0,0.0,0.0,0.0
2025/11/24,11:34:58,0,95.0,193.0,229.0,250.0,6.0,193.0,0.0,1.0,0.0,0.0,0.0,0.0
2025/11/24,11:35:03,0,96.0,197.0,231.0,250.0,0.0,192.0,0.0,1.0,0.0,0.0,0.0,0.0
2025/11/24,11:35:08,0,97.0,194.0,229.0,251.0,0.0,192.0,0.0,1.0,0.0,0.0,0.0,0.0
2025/11/24,11:35:13,0,97.0,186.0,229.0,250.0,2.0,193.0,0.0,1.0,0.0,0.0,0.0,0.0
2025/11/24,11:35:18,0,98.0,198.0,230.0,250.0,10.0,193.0,4.0,3.0,0.0,0.0,0.0,0.0
2025/11/24,11:35:23,0,97.0,208.0,233.0,250.0,9.0,193.0,4.0,3.0,0.0,0.0,0.0,0.0
2025/11/24,11:35:28,0,100.0,214.0,233.0,250.0,10.0,192.0,5.0,4.0,0.0,0.0,0.0,0.0
2025/11/24,11:35:33,0,97.0,216.0,231.0,250.0,13.0,194.0,6.0,4.0,0.0,0.0,0.0,0.0
2025/11/24,11:35:38,0,99.0,217.0,233.0,251.0,14.0,193.0,6.0,4.0,0.0,0.0,0.0,0.0
2025/11/24,11:35:43,0,96.0,214.0,231.0,251.0,15.0,194.0,6.0,4.0,0.0,0.0,0.0,0.0
2025/11/24,11:35:48,0,97.0,209.0,234.0,251.0,14.0,194.0,6.0,4.0,0.0,0.0,0.0,0.0
2025/11/24,11:35:53,0,95.0,212.0,233.0,251.0,14.0,192.0,6.0,4.0,0.0,0.0,0.0,0.0
2025/11/24,11:35:58,0,96.0,215.0,231.0,251.0,14.0,193.0,6.0,4.0,0.0,0.0,0.0,0.0
2025/11/24,11:36:03,0,97.0,215.0,232.0,250.0,15.0,194.0,7.0,4.0,0.0,0.0,0.0,0.0
2025/11/24,11:36:08,0,97.0,213.0,233.0,250.0,13.0,193.0,5.0,4.0,0.0,0.0,0.0,0.0
2025/11/24,11:36:13,0,97.0,206.0,233.0,251.0,11.0,192.0,5.0,4.0,0.0,0.0,0.0,-0.0008
2025/11/24,11:36:18,0,98.0,205.0,233.0,250.0,13.0,193.0,5.0,4.0,0.0,0.0,0.0,0.0
2025/11/24,11:36:23,0,97.0,204.0,231.0,251.0,14.0,193.0,6.0,4.0,0.0,0.0,0.0,0.0
2025/11/24,11:36:28,0,97.0,207.0,233.0,250.0,13.0,193.0,5.0,4.0,0.0,0.0,0.0,0.0
2025/11/24,11:36:33,0,96.0,211.0,232.0,250.0,13.0,193.0,6.0,4.0,0.0,0.0,0.0,0.0
2025/11/24,11:36:38,0,92.0,219.0,232.0,250.0,13.0,193.0,5.0,3.0,0.0,0.0,0.0,0.0
2025/11/24,11:36:43,0,99.0,213.0,233.0,251.0,10.0,193.0,6.0,3.0,0.0,0.0,0.0,0.0
2025/11/24,11:36:48,0,97.0,192.0,230.0,251.0,1.0,193.0,1.0,1.0,0.0,0.0,0.0,0.0
2025/11/24,11:36:53,0,96.0,211.0,234.0,249.0,9.0,193.0,3.0,3.0,0.0,0.0,0.0,0.0
2025/11/24,11:36:58,0,98.0,205.0,232.0,250.0,10.0,193.0,4.0,4.0,0.0,0.0,0.0,0.0
2025/11/24,11:37:03,0,101.0,203.0,232.0,250.0,11.0,194.0,4.0,3.0,0.0,0.0,0.0,0.0
2025/11/24,11:37:08,0,95.0,206.0,232.0,250.0,9.0,194.0,4.0,3.0,0.0,0.0,0.0,0.0
2025/11/24,11:37:13,0,97.0,214.0,232.0,251.0,12.0,192.0,5.0,3.0,0.0,0.0,0.0,0.0
2025/11/24,11:37:18,0,97.0,212.0,230.0,251.0,15.0,194.0,7.0,4.0,0.0,0.0,0.0,0.0
2025/11/24,11:37:23,0,98.0,202.0,233.0,250.0,12.0,192.0,5.0,3.0,0.0,0.0,0.0,0.0
2025/11/24,11:37:28,0,96.0,193.0,232.0,250.0,2.0,193.0,1.0,1.0,0.0,0.0,0.0,0.0
2025/11/24,11:37:33,0,97.0,193.0,231.0,249.0,0.0,193.0,0.0,0.0,0.0,0.0,0.0,0.0
2025/11/24,11:37:38,0,99.0,201.0,233.0,251.0,9.0,192.0,5.0,3.0,0.0,0.0,0.0,0.0
2025/11/24,11:37:43,0,97.0,213.0,233.0,251.0,15.0,192.0,6.0,4.0,0.0,0.0,0.0,0.0
2025/11/24,11:37:48,0,95.0,195.0,233.0,249.0,3.0,192.0,2.0,2.0,0.0,0.0,0.0,0.0
2025/11/24,11:37:53,0,97.0,198.0,230.0,250.0,0.0,194.0,0.0,1.0,0.0,0.0,0.0,0.0
2025/11/24,11:37:58,0,96.0,195.0,231.0,250.0,10.0,192.0,4.0,3.0,0.0,0.0,0.0,0.0
2025/11/24,11:38:03,0,96.0,214.0,230.0,251.0,15.0,193.0,6.0,4.0,0.0,0.0,0.0,0.0
2025/11/24,11:38:08,0,93.0,194.0,232.0,251.0,3.0,193.0,2.0,2.0,0.0,0.0,0.0,0.0
2025/11/24,11:38:13,0,96.0,197.0,229.0,251.0,1.0,193.0,0.0,1.0,0.0,0.0,0.0,0.0
2025/11/24,11:38:18,0,98.0,199.0,230.0,251.0,11.0,191.0,6.0,3.0,0.0,0.0,0.0,0.0
2025/11/24,11:38:23,0,98.0,205.0,232.0,251.0,11.0,192.0,5.0,4.0,0.0,0.0,0.0,0.0
2025/11/24,11:38:28,0,101.0,189.0,229.0,250.0,2.0,193.0,0.0,1.0,0.0,0.0,0.0,0.0
2025/11/24,11:38:33,0,96.0,190.0,231.0,251.0,0.0,193.0,1.0,0.0,0.0,0.0,0.0,0.0
2025/11/24,11:38:38,0,91.0,205.0,233.0,251.0,9.0,192.0,3.0,3.0,0.0,0.0,0.0,0.0
2025/11/24,11:38:43,0,98.0,204.0,231.0,251.0,12.0,193.0,5.0,4.0,0.0,0.0,0.0,0.0
2025/11/24,11:38:48,0,101.0,191.0,231.0,250.0,3.0,194.0,2.0,1.0,0.0,0.0,0.0,0.0
2025/11/24,11:38:53,0,97.0,195.0,230.0,250.0,0.0,193.0,0.0,1.0,0.0,0.0,0.0,0.0
2025/11/24,11:38:58,0,99.0,189.0,231.0,250.0,10.0,192.0,4.0,3.0,0.0,0.0,0.0,0.0
2025/11/24,11:39:03,0,97.0,218.0,233.0,250.0,11.0,194.0,5.0,4.0,0.0,0.0,0.0,0.0
2025/11/24,11:39:08,0,97.0,200.0,232.0,251.0,11.0,193.0,5.0,4.0,0.0,0.0,0.0,0.0
2025/11/24,11:39:13,0,98.0,190.0,230.0,251.0,1.0,192.0,1.0,1.0,0.0,0.0,0.0,0.0
2025/11/24,11:39:18,0,96.0,188.0,231.0,249.0,3.0,191.0,1.0,1.0,0.0,0.0,0.0,0.0
2025/11/24,11:39:23,0,97.0,207.0,231.0,251.0,5.0,193.0,4.0,3.0,0.0,0.0,0.0,0.0
2025/11/24,11:39:28,0,96.0,208.0,232.0,250.0,14.0,193.0,5.0,4.0,0.0,0.0,0.0,0.0
2025/11/24,11:39:33,0,96.0,193.0,232.0,251.0,4.0,192.0,2.0,2.0,0.0,0.0,0.0,0.0
2025/11/24,11:39:38,0,98.0,199.0,229.0,251.0,2.0,193.0,0.0,1.0,0.0,0.0,0.0,0.0
2025/11/24,11:39:43,0,92.0,193.0,232.0,249.0,12.0,192.0,3.0,3.0,0.0,0.0,0.0,0.0
2025/11/24,11:39:48,0,95.0,219.0,234.0,251.0,13.0,192.0,5.0,3.0,0.0,0.0,0.0,0.0
2025/11/24,11:39:53,0,97.0,197.0,233.0,250.0,7.0,191.0,4.0,3.0,0.0,0.0,0.0,0.0
2025/11/24,11:39:58,0,98.0,189.0,232.0,249.0,0.0,193.0,1.0,1.0,0.0,0.0,0.0,0.0
2025/11/24,11:40:03,0,98.0,185.0,231.0,251.0,3.0,192.0,1.0,1.0,0.0,0.0,0.0,0.0
2025/11/24,11:40:08,0,97.0,204.0,232.0,251.0,10.0,193.0,4.0,3.0,0.0,0.0,0.0,0.0
2025/11/24,11:40:13,0,98.0,208.0,232.0,250.0,13.0,192.0,6.0,4.0,0.0,0.0,0.0,0.0
2025/11/24,11:40:18,0,99.0,192.0,232.0,251.0,1.0,191.0,2.0,2.0,-0.0008,0.0,0.0,0.0
2025/11/24,11:40:23,0,98.0,190.0,230.0,251.0,1.0,192.0,0.0,1.0,0.0,0.0,0.0,0.0
2025/11/24,11:40:28,0,97.0,207.0,230.0,251.0,9.0,192.0,4.0,3.0,0.0,0.0,0.0,0.0
2025/11/24,11:40:33,0,96.0,197.0,233.0,251.0,5.0,192.0,3.0,2.0,0.0,0.0,0.0,0.0
2025/11/24,11:40:38,0,97.0,199.0,231.0,251.0,0.0,192.0,0.0,1.0,0.0,0.0,0.0,0.0
2025/11/24,11:40:43,0,99.0,197.0,232.0,249.0,8.0,191.0,5.0,2.0,0.0,0.0,0.0,0.0
2025/11/24,11:40:48,0,98.0,213.0,231.0,251.0,13.0,193.0,5.0,4.0,0.0,0.0,0.0,0.0
2025/11/24,11:40:53,0,98.0,189.0,231.0,250.0,0.0,192.0,1.0,2.0,0.0,0.0,0.0,0.0
2025/11/24,11:40:58,0,98.0,186.0,230.0,249.0,6.0,192.0,2.0,2.0,0.0,0.0,0.0,0.0
2025/11/24,11:41:03,0,98.0,205.0,232.0,250.0,13.0,191.0,6.0,4.0,0.0,0.0,0.0,0.0
2025/11/24,11:41:08,0,98.0,195.0,230.0,251.0,0.0,193.0,0.0,0.0,0.0,0.0,0.0,0.0
2025/11/24,11:41:13,0,98.0,210.0,233.0,251.0,12.0,191.0,6.0,4.0,0.0,0.0,0.0,0.0
2025/11/24,11:41:18,0,98.0,186.0,231.0,251.0,3.0,192.0,1.0,1.0,0.0,0.0,0.0,0.0
2025/11/24,11:41:23,0,97.0,193.0,230.0,251.0,2.0,193.0,0.0,2.0,0.0,0.0,0.0,0.0
2025/11/24,11:41:28,0,96.0,208.0,233.0,250.0,11.0,187.0,5.0,4.0,0.0,0.0,0.0,0.0
2025/11/24,11:41:33,0,97.0,194.0,229.0,251.0,3.0,193.0,0.0,0.0,0.0,0.0,0.0,0.0
2025/11/24,11:41:38,0,101.0,195.0,232.0,249.0,3.0,191.0,2.0,2.0,-0.0008,0.0,0.0,0.0
2025/11/24,11:41:43,0,99.0,207.0,233.0,251.0,11.0,192.0,4.0,2.0,0.0,0.0,0.0,0.0
2025/11/24,11:41:48,0,99.0,193.0,231.0,249.0,0.0,192.0,0.0,1.0,0.0,0.0,0.0,0.0
2025/11/24,11:41:53,0,98.0,194.0,234.0,251.0,4.0,193.0,2.0,2.0,0.0,0.0,0.0,0.0
2025/11/24,11:41:58,0,100.0,199.0,233.0,251.0,9.0,193.0,4.0,3.0,0.0,0.0,0.0,0.0
2025/11/24,11:42:03,0,94.0,192.0,230.0,250.0,3.0,193.0,1.0,1.0,0.0,0.0,0.0,0.0
2025/11/24,11:42:08,0,97.0,206.0,233.0,249.0,14.0,192.0,3.0,2.0,0.0,0.0,0.0,0.0
2025/11/24,11:42:13,0,99.0,190.0,231.0,251.0,3.0,192.0,2.0,2.0,0.0,0.0,0.0,0.0
2025/11/24,11:42:18,0,98.0,214.0,233.0,251.0,11.0,193.0,5.0,3.0,0.0,0.0,0.0,0.0
2025/11/24,11:42:23,0,100.0,196.0,231.0,250.0,0.0,192.0,0.0,0.0,0.0,0.0,0.0,0.0
2025/11/24,11:42:28,0,98.0,218.0,235.0,251.0,12.0,193.0,5.0,3.0,0.0,0.0,0.0,0.0
2025/11/24,11:42:33,0,98.0,196.0,230.0,250.0,0.0,193.0,0.0,1.0,0.0,0.0,0.0,0.0
2025/11/24,11:42:38,0,98.0,206.0,233.0,251.0,12.0,194.0,5.0,4.0,0.0,0.0,0.0,0.0
2025/11/24,11:42:43,0,97.0,184.0,231.0,251.0,4.0,191.0,1.0,1.0,0.0,0.0,0.0,0.0
2025/11/24,11:42:48,0,99.0,192.0,231.0,251.0,2.0,194.0,2.0,2.0,0.0,0.0,0.0,0.0
2025/11/24,11:42:53,0,98.0,211.0,233.0,251.0,9.0,193.0,5.0,3.0,0.0,0.0,0.0,0.0
2025/11/24,11:42:58,0,97.0,194.0,231.0,251.0,0.0,192.0,0.0,1.0,0.0,0.0,0.0,0.0
2025/11/24,11:43:03,0,98.0,208.0,232.0,249.0,12.0,192.0,5.0,4.0,0.0,0.0,0.0,0.0
2025/11/24,11:43:08,0,97.0,190.0,230.0,250.0,0.0,192.0,0.0,1.0,0.0,0.0,0.0,0.0
2025/11/24,11:43:13,0,99.0,200.0,232.0,250.0,10.0,192.0,5.0,4.0,0.0,0.0,0.0,0.0
2025/11/24,11:43:18,0,98.0,184.0,228.0,251.0,4.0,194.0,2.0,1.0,0.0,0.0,0.0,0.0
2025/11/24,11:43:23,0,96.0,192.0,233.0,250.0,3.0,192.0,3.0,2.0,0.0,0.0,0.0,0.0
2025/11/24,11:43:28,0,97.0,202.0,231.0,251.0,9.0,192.0,4.0,3.0,0.0,0.0,0.0,0.0
2025/11/24,11:43:33,0,96.0,198.0,231.0,251.0,1.0,192.0,1.0,1.0,0.0,0.0,0.0,0.0
2025/11/24,11:43:38,0,98.0,204.0,232.0,251.0,12.0,193.0,4.0,4.0,0.0,0.0,0.0,0.0
2025/11/24,11:43:43,0,97.0,183.0,230.0,251.0,12.0,191.0,3.0,2.0,0.0,0.0,0.0,0.0
2025/11/24,11:43:48,0,99.0,191.0,231.0,250.0,2.0,193.0,2.0,1.0,0.0,0.0,0.0,0.0
2025/11/24,11:43:53,0,98.0,211.0,233.0,251.0,12.0,192.0,6.0,4.0,0.0,0.0,0.0,0.0
2025/11/24,11:43:58,0,97.0,194.0,232.0,251.0,10.0,193.0,4.0,3.0,0.0,0.0,0.0,0.0
2025/11/24,11:44:38,0,99.0,187.0,230.0,249.0,8.0,194.0,4.0,2.0,0.0,0.0,0.0,0.0
2025/11/24,11:44:42,0,94.0,203.0,232.0,251.0,7.0,192.0,4.0,3.0,0.0,0.0,0.0,0.0
2025/11/24,11:44:47,0,98.0,191.0,230.0,250.0,1.0,193.0,0.0,1.0,0.0,0.0,0.0,0.0
2025/11/24,11:44:52,0,98.0,193.0,229.0,251.0,1.0,193.0,1.0,2.0,0.0,0.0,0.0,0.0
2025/11/24,11:44:57,0,96.0,210.0,234.0,249.0,11.0,192.0,4.0,3.0,0.0,0.0,0.0,0.0
2025/11/24,11:45:02,0,97.0,198.0,232.0,250.0,12.0,194.0,4.0,3.0,0.0,0.0,0.0,0.0
2025/11/24,11:45:07,0,98.0,196.0,230.0,251.0,0.0,193.0,0.0,0.0,0.0,0.0,0.0,0.0
2025/11/24,11:45:12,0,98.0,195.0,229.0,251.0,1.0,193.0,1.0,2.0,0.0,0.0,0.0,0.0
2025/11/24,11:45:17,0,98.0,210.0,230.0,251.0,13.0,193.0,5.0,4.0,0.0,0.0,0.0,0.0
2025/11/24,11:45:22,0,98.0,203.0,230.0,251.0,8.0,192.0,3.0,3.0,0.0,0.0,0.0,0.0
2025/11/24,11:45:27,0,97.0,194.0,231.0,251.0,8.0,191.0,4.0,2.0,0.0,0.0,0.0,0.0
2025/11/24,11:45:32,0,96.0,199.0,231.0,251.0,10.0,193.0,4.0,3.0,0.0,0.0,0.0,0.0
2025/11/24,11:45:37,0,94.0,216.0,233.0,250.0,10.0,192.0,5.0,3.0,0.0,0.0,0.0,0.0
2025/11/24,11:45:42,0,99.0,193.0,230.0,251.0,5.0,192.0,3.0,2.0,0.0,0.0,0.0,0.0
2025/11/24,11:45:47,0,98.0,191.0,231.0,250.0,1.0,193.0,0.0,1.0,0.0,0.0,0.0,0.0
2025/11/24,11:45:52,0,97.0,212.0,232.0,251.0,14.0,193.0,6.0,4.0,0.0,0.0,0.0,0.0
2025/11/24,11:45:57,0,99.0,198.0,231.0,249.0,0.0,193.0,0.0,1.0,0.0,0.0,0.0,0.0
2025/11/24,11:46:02,0,92.0,212.0,233.0,252.0,9.0,191.0,6.0,3.0,0.0,0.0,0.0,0.0
2025/11/24,11:46:07,0,98.0,193.0,231.0,251.0,2.0,193.0,0.0,1.0,0.0,0.0,0.0,0.0
2025/11/24,11:46:12,0,96.0,219.0,232.0,252.0,12.0,193.0,5.0,3.0,0.0,0.0,0.0,0.0
2025/11/24,11:46:17,0,97.0,199.0,230.0,251.0,0.0,193.0,0.0,1.0,0.0,0.0,0.0,0.0
2025/11/24,11:46:22,0,97.0,212.0,232.0,251.0,13.0,194.0,6.0,4.0,0.0,0.0,0.0,0.0
2025/11/24,11:46:27,0,98.0,188.0,231.0,251.0,1.0,193.0,1.0,1.0,0.0,0.0,0.0,0.0
2025/11/24,11:46:32,0,97.0,194.0,232.0,251.0,0.0,192.0,1.0,1.0,0.0,0.0,0.0,0.0
2025/11/24,11:46:37,0,99.0,209.0,231.0,248.0,9.0,194.0,4.0,3.0,0.0,0.0,0.0,0.0
2025/11/24,11:46:42,0,98.0,198.0,232.0,251.0,0.0,192.0,0.0,0.0,0.0,0.0,0.0,0.0
2025/11/24,11:46:47,0,99.0,199.0,232.0,251.0,9.0,192.0,4.0,3.0,0.0,0.0,0.0,0.0
2025/11/24,11:46:52,0,96.0,201.0,232.0,251.0,11.0,191.0,4.0,3.0,0.0,0.0,0.0,0.0
2025/11/24,11:46:57,0,100.0,198.0,231.0,251.0,0.0,191.0,1.0,1.0,0.0,0.0,0.0,0.0
2025/11/24,11:47:02,0,99.0,208.0,233.0,251.0,12.0,192.0,4.0,4.0,0.0,0.0,0.0,0.0
2025/11/24,11:47:07,0,99.0,189.0,230.0,251.0,0.0,193.0,0.0,1.0,0.0,0.0,0.0,0.0
2025/11/24,11:47:12,0,100.0,209.0,233.0,250.0,14.0,193.0,6.0,4.0,0.0,0.0,0.0,0.0
2025/11/24,11:47:17,0,99.0,200.0,231.0,251.0,0.0,193.0,1.0,1.0,0.0,0.0,0.0,0.0
2025/11/24,11:47:22,0,103.0,207.0,237.0,251.0,9.0,192.0,4.0,3.0,0.0,0.0,0.0,0.0
2025/11/24,11:47:27,0,97.0,195.0,233.0,251.0,3.0,194.0,3.0,3.0,0.0,0.0,0.0,0.0
2025/11/24,11:47:32,0,99.0,197.0,231.0,251.0,0.0,191.0,0.0,0.0,0.0,0.0,0.0,0.0
2025/11/24,11:47:37,0,96.0,202.0,232.0,252.0,9.0,192.0,4.0,3.0,0.0,0.0,0.0,0.0
2025/11/24,11:47:42,0,99.0,200.0,233.0,251.0,10.0,193.0,5.0,3.0,0.0,0.0,0.0,0.0
2025/11/24,11:47:47,0,100.0,198.0,230.0,251.0,0.0,192.0,0.0,0.0,0.0,0.0,0.0,0.0
2025/11/24,11:47:52,0,98.0,205.0,232.0,251.0,10.0,194.0,5.0,3.0,0.0,0.0,0.0,0.0
2025/11/24,11:47:57,0,96.0,193.0,232.0,251.0,2.0,192.0,2.0,2.0,0.0,0.0,0.0,0.0
2025/11/24,11:48:02,0,100.0,182.0,229.0,251.0,7.0,193.0,3.0,2.0,0.0,0.0,0.0,0.0
2025/11/24,11:48:07,0,99.0,198.0,234.0,251.0,8.0,192.0,4.0,3.0,0.0,0.0,0.0,0.0
2025/11/24,11:48:12,0,99.0,184.0,231.0,252.0,4.0,191.0,2.0,2.0,0.0,0.0,0.0,0.0
2025/11/24,11:48:17,0,98.0,195.0,232.0,251.0,3.0,192.0,3.0,2.0,0.0,0.0,0.0,0.0
2025/11/24,11:48:22,0,100.0,191.0,231.0,251.0,12.0,191.0,5.0,3.0,0.0,0.0,0.0,0.0
2025/11/24,11:48:27,0,98.0,192.0,232.0,251.0,3.0,192.0,1.0,1.0,0.0,0.0,0.0,0.0
2025/11/24,11:48:32,0,96.0,215.0,233.0,251.0,12.0,193.0,4.0,3.0,0.0,0.0,0.0,0.0
2025/11/24,11:48:37,0,99.0,188.0,228.0,251.0,2.0,192.0,0.0,1.0,0.0,0.0,0.0,0.0
2025/11/24,11:48:42,0,98.0,195.0,232.0,251.0,5.0,193.0,1.0,2.0,0.0,0.0,0.0,0.0
2025/11/24,11:48:47,0,98.0,203.0,232.0,251.0,9.0,193.0,4.0,3.0,0.0,0.0,0.0,0.0
2025/11/24,11:48:52,0,101.0,196.0,230.0,251.0,0.0,193.0,0.0,1.0,0.0,0.0,0.0,0.0
2025/11/24,11:48:57,0,98.0,209.0,233.0,251.0,12.0,193.0,5.0,4.0,0.0,0.0,0.0,0.0
2025/11/24,11:49:02,0,95.0,185.0,230.0,251.0,9.0,193.0,3.0,3.0,0.0,0.0,0.0,0.0
2025/11/24,11:49:07,0,97.0,191.0,231.0,251.0,1.0,193.0,1.0,2.0,0.0,0.0,0.0,0.0
2025/11/24,11:49:12,0,94.0,218.0,234.0,251.0,10.0,192.0,4.0,3.0,0.0,0.0,0.0,0.0
2025/11/24,11:49:17,0,99.0,195.0,231.0,251.0,0.0,191.0,0.0,0.0,0.0,0.0,0.0,0.0
2025/11/24,11:49:22,0,97.0,206.0,232.0,251.0,13.0,191.0,6.0,4.0,0.0,0.0,0.0,0.0
2025/11/24,11:49:27,0,97.0,184.0,231.0,251.0,5.0,192.0,1.0,2.0,0.0,0.0,0.0,0.0
2025/11/24,11:49:32,0,101.0,194.0,230.0,251.0,2.0,193.0,0.0,1.0,0.0,0.0,0.0,0.0
2025/11/24,11:49:37,0,104.0,208.0,233.0,250.0,9.0,193.0,5.0,3.0,0.0,0.0,0.0,0.0
2025/11/24,11:49:42,0,99.0,198.0,230.0,249.0,0.0,192.0,0.0,1.0,0.0,0.0,0.0,0.0
2025/11/24,11:49:47,0,99.0,208.0,233.0,250.0,14.0,191.0,6.0,4.0,0.0,0.0,0.0,0.0
2025/11/24,11:49:52,0,100.0,190.0,229.0,251.0,1.0,193.0,0.0,1.0,0.0,0.0,0.0,0.0
2025/11/24,11:49:57,0,98.0,199.0,232.0,251.0,9.0,193.0,4.0,3.0,0.0,0.0,0.0,0.0
2025/11/24,11:50:02,0,101.0,192.0,232.0,251.0,9.0,192.0,3.0,3.0,0.0,0.0,0.0,0.0
2025/11/24,11:50:07,0,98.0,192.0,231.0,251.0,3.0,193.0,1.0,2.0,0.0,0.0,0.0,0.0
2025/11/24,11:50:12,0,99.0,206.0,232.0,250.0,10.0,192.0,4.0,3.0,0.0,0.0,0.0,0.0
2025/11/24,11:50:17,0,97.0,188.0,230.0,251.0,0.0,193.0,0.0,1.0,0.0,0.0,0.0,0.0
2025/11/24,11:50:22,0,100.0,216.0,234.0,251.0,14.0,192.0,6.0,3.0,0.0,0.0,0.0,0.0
2025/11/24,11:50:27,0,99.0,187.0,231.0,250.0,3.0,191.0,1.0,1.0,0.0,0.0,0.0,0.0
2025/11/24,11:50:32,0,99.0,192.0,231.0,251.0,1.0,192.0,1.0,1.0,0.0,0.0,0.0,0.0
2025/11/24,11:50:37,0,98.0,214.0,233.0,251.0,11.0,193.0,4.0,4.0,0.0,0.0,0.0,0.0
2025/11/24,11:50:42,0,99.0,190.0,230.0,251.0,0.0,192.0,1.0,1.0,0.0,0.0,0.0,0.0
2025/11/24,11:50:47,0,99.0,196.0,233.0,251.0,4.0,192.0,2.0,2.0,0.0,0.0,0.0,0.0
2025/11/24,11:50:52,0,98.0,203.0,232.0,251.0,8.0,193.0,4.0,3.0,0.0,0.0,0.0,0.0
2025/11/24,11:50:57,0,99.0,196.0,231.0,252.0,0.0,192.0,0.0,1.0,0.0,0.0,0.0,0.0
2025/11/24,11:51:02,0,99.0,197.0,232.0,251.0,5.0,191.0,4.0,2.0,0.0,0.0,0.0,0.0
2025/11/24,11:51:07,0,102.0,204.0,232.0,253.0,9.0,192.0,5.0,3.0,0.0,0.0,0.0,0.0
2025/11/24,11:51:12,0,100.0,189.0,230.0,251.0,0.0,193.0,1.0,1.0,0.0,0.0,0.0,-0.0008
2025/11/24,11:51:17,0,95.0,193.0,229.0,252.0,2.0,193.0,0.0,1.0,0.0,0.0,0.0,0.0
2025/11/24,11:51:22,0,102.0,192.0,231.0,252.0,2.0,193.0,1.0,2.0,0.0,0.0,0.0,0.0
2025/11/24,11:51:27,0,100.0,196.0,231.0,252.0,4.0,193.0,1.0,2.0,0.0,0.0,0.0,0.0
2025/11/24,11:51:32,0,98.0,209.0,233.0,251.0,14.0,193.0,4.0,4.0,0.0,0.0,0.0,0.0
2025/11/24,11:51:37,0,100.0,209.0,234.0,249.0,8.0,192.0,4.0,3.0,0.0,0.0,0.0,0.0
2025/11/24,11:51:42,0,101.0,191.0,230.0,251.0,9.0,192.0,4.0,3.0,0.0,0.0,0.0,0.0
2025/11/24,11:51:47,0,100.0,189.0,230.0,251.0,1.0,192.0,0.0,1.0,0.0,0.0,0.0,0.0
2025/11/24,11:51:52,0,100.0,194.0,230.0,250.0,1.0,191.0,1.0,1.0,0.0,0.0,0.0,0.0
2025/11/24,11:51:57,0,101.0,192.0,231.0,251.0,2.0,193.0,1.0,1.0,0.0,0.0,0.0,0.0
2025/11/24,11:52:02,0,100.0,207.0,233.0,251.0,12.0,192.0,4.0,4.0,0.0,0.0,0.0,0.0
2025/11/24,11:52:07,0,101.0,205.0,231.0,251.0,10.0,194.0,4.0,3.0,0.0,0.0,0.0,0.0
2025/11/24,11:52:12,0,99.0,186.0,230.0,252.0,3.0,193.0,0.0,1.0,0.0,0.0,0.0,0.0
2025/11/24,11:52:17,0,100.0,194.0,230.0,252.0,1.0,193.0,0.0,1.0,0.0,0.0,0.0,0.0
2025/11/24,11:52:22,0,98.0,194.0,231.0,250.0,0.0,193.0,1.0,1.0,0.0,0.0,0.0,0.0
2025/11/24,11:52:27,0,99.0,188.0,231.0,251.0,4.0,192.0,0.0,1.0,0.0,0.0,0.0,0.0
2025/11/24,11:52:32,0,100.0,195.0,232.0,251.0,2.0,193.0,3.0,2.0,0.0,0.0,0.0,0.0
2025/11/24,11:52:37,0,99.0,202.0,233.0,251.0,10.0,193.0,5.0,4.0,0.0,0.0,0.0,0.0
2025/11/24,11:52:42,0,100.0,214.0,233.0,250.0,14.0,191.0,6.0,4.0,0.0,0.0,0.0,0.0
2025/11/24,11:52:47,0,103.0,216.0,231.0,250.0,10.0,193.0,5.0,3.0,0.0,0.0,0.0,0.0
2025/11/24,11:52:52,0,103.0,215.0,233.0,250.0,11.0,192.0,5.0,3.0,0.0,0.0,0.0,0.0
2025/11/24,11:52:57,0,103.0,211.0,232.0,252.0,8.0,192.0,4.0,4.0,0.0,0.0,0.0,0.0
2025/11/24,11:53:02,0,96.0,202.0,232.0,251.0,9.0,192.0,4.0,3.0,0.0,0.0,0.0,0.0
2025/11/24,11:53:07,0,100.0,189.0,230.0,251.0,9.0,193.0,3.0,3.0,0.0,0.0,0.0,0.0
2025/11/24,11:53:12,0,98.0,186.0,229.0,252.0,4.0,192.0,2.0,2.0,0.0,0.0,0.0,0.0
2025/11/24,11:53:17,0,99.0,186.0,231.0,250.0,3.0,191.0,1.0,1.0,0.0,0.0,0.0,0.0
2025/11/24,11:53:22,0,100.0,189.0,231.0,251.0,2.0,192.0,0.0,1.0,0.0,0.0,0.0,0.0
2025/11/24,11:53:27,0,98.0,185.0,229.0,251.0,8.0,193.0,2.0,3.0,0.0,0.0,0.0,0.0
2025/11/24,11:53:32,0,101.0,201.0,231.0,251.0,9.0,193.0,4.0,3.0,0.0,0.0,0.0,0.0
2025/11/24,11:53:37,0,100.0,204.0,230.0,250.0,9.0,191.0,5.0,3.0,0.0,0.0,0.0,0.0
2025/11/24,11:53:42,0,101.0,196.0,231.0,251.0,8.0,191.0,4.0,3.0,0.0,0.0,0.0,0.0
2025/11/24,11:53:47,0,98.0,184.0,231.0,252.0,4.0,192.0,1.0,1.0,0.0,0.0,0.0,0.0
2025/11/24,11:53:52,0,98.0,187.0,231.0,251.0,1.0,192.0,0.0,1.0,0.0,0.0,0.0,0.0
2025/11/24,11:53:57,0,99.0,192.0,229.0,252.0,0.0,191.0,1.0,0.0,0.0,0.0,0.0,0.0
2025/11/24,11:54:02,0,98.0,192.0,231.0,251.0,0.0,193.0,0.0,0.0,0.0,0.0,0.0,0.0
2025/11/24,11:54:07,0,99.0,195.0,230.0,251.0,0.0,192.0,0.0,0.0,0.0,0.0,0.0,0.0
2025/11/24,11:54:38,0,102.0,196.0,233.0,251.0,15.0,193.0,7.0,5.0,0.0,0.0,0.0,-0.0008
2025/11/24,11:54:42,0,102.0,195.0,233.0,250.0,3.0,191.0,2.0,2.0,0.0,0.0,0.0,0.0
2025/11/24,11:54:47,0,99.0,211.0,234.0,250.0,11.0,191.0,5.0,3.0,0.0,0.0,0.0,0.0
2025/11/24,11:54:52,0,100.0,201.0,230.0,251.0,13.0,193.0,4.0,3.0,0.0,0.0,0.0,0.0
2025/11/24,11:54:57,0,99.0,186.0,231.0,252.0,2.0,192.0,1.0,1.0,0.0,0.0,0.0,0.0
2025/11/24,11:55:02,0,100.0,190.0,230.0,251.0,0.0,192.0,0.0,0.0,0.0,0.0,0.0,0.0
2025/11/24,11:55:07,0,97.0,197.0,229.0,251.0,1.0,193.0,1.0,1.0,0.0,0.0,0.0,0.0
2025/11/24,11:55:12,0,97.0,194.0,233.0,252.0,2.0,193.0,1.0,1.0,0.0,0.0,0.0,0.0
2025/11/24,11:55:17,0,100.0,210.0,233.0,250.0,12.0,192.0,4.0,3.0,0.0,0.0,0.0,0.0
2025/11/24,11:55:22,0,101.0,201.0,232.0,251.0,10.0,193.0,4.0,3.0,0.0,0.0,0.0,0.0
2025/11/24,11:55:27,0,100.0,187.0,231.0,250.0,3.0,191.0,1.0,1.0,0.0,0.0,0.0,0.0
2025/11/24,11:55:32,0,101.0,198.0,229.0,251.0,0.0,193.0,0.0,0.0,0.0,0.0,0.0,0.0
2025/11/24,11:55:37,0,99.0,194.0,231.0,251.0,3.0,193.0,1.0,2.0,0.0,0.0,0.0,0.0
2025/11/24,11:55:42,0,101.0,208.0,233.0,252.0,11.0,192.0,4.0,3.0,0.0,0.0,0.0,0.0
2025/11/24,11:55:47,0,99.0,211.0,233.0,251.0,11.0,193.0,4.0,4.0,0.0,0.0,0.0,0.0
2025/11/24,11:55:52,0,103.0,199.0,232.0,251.0,10.0,192.0,4.0,3.0,0.0,0.0,0.0,0.0
2025/11/24,11:55:57,0,100.0,187.0,230.0,250.0,3.0,193.0,1.0,1.0,0.0,0.0,0.0,0.0
2025/11/24,11:56:02,0,100.0,196.0,230.0,251.0,2.0,191.0,0.0,1.0,0.0,0.0,0.0,0.0
2025/11/24,11:56:07,0,100.0,199.0,230.0,251.0,9.0,192.0,4.0,3.0,0.0,0.0,0.0,0.0
2025/11/24,11:56:12,0,100.0,199.0,232.0,251.0,9.0,191.0,4.0,3.0,0.0,0.0,0.0,0.0
2025/11/24,11:56:17,0,100.0,191.0,230.0,252.0,0.0,192.0,0.0,0.0,0.0,0.0,0.0,0.0
2025/11/24,11:56:22,0,101.0,191.0,231.0,252.0,3.0,192.0,2.0,2.0,0.0,0.0,0.0,0.0
2025/11/24,11:56:27,0,100.0,207.0,233.0,251.0,13.0,192.0,5.0,4.0,0.0,0.0,0.0,0.0
2025/11/24,11:56:32,0,100.0,200.0,231.0,251.0,8.0,193.0,4.0,3.0,0.0,0.0,0.0,0.0
2025/11/24,11:56:37,0,105.0,196.0,229.0,252.0,1.0,193.0,1.0,1.0,0.0,0.0,0.0,0.0
2025/11/24,11:56:42,0,99.0,203.0,233.0,251.0,11.0,192.0,4.0,4.0,0.0,0.0,0.0,0.0
2025/11/24,11:56:47,0,102.0,196.0,231.0,251.0,10.0,192.0,4.0,3.0,0.0,0.0,0.0,0.0
2025/11/24,11:56:52,0,102.0,197.0,232.0,254.0,0.0,193.0,0.0,0.0,0.0,0.0,0.0,0.0
2025/11/24,11:56:57,0,101.0,208.0,233.0,251.0,12.0,192.0,5.0,4.0,0.0,0.0,0.0,0.0
2025/11/24,11:57:02,0,101.0,188.0,231.0,250.0,1.0,191.0,1.0,1.0,0.0,0.0,0.0,0.0
2025/11/24,11:57:07,0,100.0,200.0,233.0,252.0,9.0,193.0,3.0,3.0,0.0,0.0,0.0,0.0
2025/11/24,11:57:12,0,100.0,191.0,229.0,252.0,2.0,192.0,0.0,1.0,0.0,0.0,0.0,0.0
2025/11/24,11:57:17,0,101.0,211.0,231.0,251.0,14.0,193.0,6.0,4.0,0.0,0.0,0.0,0.0
2025/11/24,11:57:22,0,102.0,191.0,230.0,251.0,0.0,192.0,0.0,0.0,0.0,0.0,0.0,0.0
2025/11/24,11:57:27,0,101.0,205.0,233.0,251.0,12.0,193.0,4.0,4.0,0.0,0.0,0.0,0.0
2025/11/24,11:57:32,0,101.0,185.0,230.0,252.0,3.0,193.0,1.0,1.0,0.0,0.0,0.0,0.0
2025/11/24,11:57:37,0,101.0,193.0,232.0,252.0,2.0,193.0,1.0,1.0,0.0,0.0,0.0,0.0
2025/11/24,11:57:42,0,100.0,211.0,232.0,251.0,13.0,191.0,4.0,3.0,0.0,0.0,0.0,0.0
2025/11/24,11:57:47,0,99.0,199.0,230.0,251.0,0.0,192.0,0.0,0.0,0.0,0.0,0.0,0.0
2025/11/24,11:57:52,0,100.0,211.0,233.0,251.0,15.0,193.0,6.0,4.0,0.0,0.0,0.0,0.0
2025/11/24,11:57:57,0,99.0,191.0,228.0,252.0,0.0,193.0,0.0,0.0,0.0,0.0,0.0,0.0
2025/11/24,11:58:02,0,99.0,199.0,233.0,250.0,8.0,191.0,4.0,4.0,0.0,0.0,0.0,0.0
2025/11/24,11:58:07,0,99.0,189.0,230.0,251.0,8.0,193.0,3.0,3.0,0.0,0.0,0.0,0.0
2025/11/24,11:58:12,0,98.0,195.0,234.0,251.0,3.0,192.0,2.0,2.0,0.0,0.0,0.0,0.0
2025/11/24,11:58:17,0,100.0,185.0,230.0,251.0,7.0,192.0,3.0,2.0,0.0,0.0,0.0,0.0
2025/11/24,11:58:22,0,99.0,193.0,231.0,251.0,2.0,191.0,1.0,1.0,0.0,0.0,0.0,0.0
2025/11/24,11:58:27,0,105.0,214.0,233.0,252.0,10.0,191.0,5.0,3.0,0.0,0.0,0.0,0.0
2025/11/24,11:58:32,0,100.0,189.0,230.0,251.0,0.0,193.0,0.0,1.0,0.0,0.0,0.0,0.0
2025/11/24,11:58:37,0,103.0,195.0,232.0,251.0,2.0,191.0,2.0,2.0,0.0,0.0,0.0,0.0
2025/11/24,11:58:42,0,100.0,214.0,231.0,251.0,14.0,191.0,6.0,4.0,0.0,0.0,0.0,0.0
2025/11/24,11:58:47,0,105.0,194.0,231.0,251.0,14.0,193.0,3.0,3.0,0.0,0.0,0.0,0.0
2025/11/24,11:58:52,0,102.0,195.0,231.0,251.0,0.0,193.0,0.0,0.0,0.0,0.0,0.0,0.0
2025/11/24,11:58:57,0,101.0,193.0,231.0,252.0,0.0,193.0,2.0,2.0,0.0,0.0,0.0,0.0
2025/11/24,11:59:02,0,101.0,211.0,232.0,252.0,13.0,191.0,6.0,4.0,0.0,0.0,0.0,0.0
2025/11/24,11:59:07,0,96.0,206.0,231.0,251.0,9.0,193.0,4.0,3.0,0.0,0.0,0.0,0.0
2025/11/24,11:59:12,0,102.0,187.0,231.0,251.0,2.0,191.0,2.0,1.0,0.0,0.0,0.0,0.0
2025/11/24,11:59:17,0,102.0,199.0,231.0,250.0,0.0,193.0,0.0,1.0,0.0,0.0,0.0,0.0
2025/11/24,11:59:22,0,102.0,190.0,230.0,251.0,3.0,192.0,1.0,1.0,0.0,0.0,0.0,0.0
2025/11/24,11:59:27,0,101.0,194.0,233.0,252.0,0.0,191.0,1.0,2.0,0.0,0.0,0.0,0.0
2025/11/24,11:59:32,0,102.0,211.0,234.0,250.0,12.0,192.0,4.0,4.0,0.0,0.0,0.0,0.0
2025/11/24,11:59:37,0,105.0,209.0,232.0,252.0,10.0,193.0,4.0,3.0,0.0,0.0,0.0,0.0
2025/11/24,11:59:42,0,101.0,198.0,231.0,252.0,9.0,193.0,3.0,3.0,0.0,0.0,0.0,0.0
2025/11/24,11:59:47,0,101.0,183.0,230.0,250.0,5.0,191.0,2.0,3.0,0.0,0.0,0.0,0.0
2025/11/24,11:59:52,0,101.0,194.0,231.0,252.0,0.0,192.0,0.0,1.0,0.0,0.0,0.0,0.0
2025/11/24,11:59:57,0,105.0,192.0,230.0,251.0,1.0,193.0,1.0,1.0,0.0,0.0,0.0,0.0
2025/11/24,12:00:33,0,101.0,216.0,233.0,252.0,10.0,193.0,4.0,3.0,0.0,0.0,0.0,0.0
2025/11/24,12:00:37,0,99.0,194.0,233.0,252.0,0.0,194.0,2.0,2.0,0.0,0.0,0.0,0.0
2025/11/24,12:00:42,0,102.0,192.0,232.0,251.0,0.0,191.0,1.0,2.0,0.0,0.0,0.0,0.0
2025/11/24,12:00:47,0,99.0,192.0,231.0,252.0,3.0,193.0,1.0,1.0,0.0,0.0,0.0,0.0
2025/11/24,12:00:52,0,103.0,190.0,230.0,252.0,1.0,192.0,0.0,1.0,0.0,0.0,0.0,0.0
2025/11/24,12:00:57,0,101.0,191.0,230.0,251.0,1.0,192.0,1.0,1.0,0.0,0.0,0.0,0.0
2025/11/24,12:01:02,0,102.0,188.0,231.0,251.0,0.0,192.0,1.0,1.0,0.0,0.0,0.0,0.0
2025/11/24,12:01:07,0,102.0,191.0,231.0,252.0,2.0,192.0,0.0,1.0,0.0,0.0,0.0,0.0
2025/11/24,12:01:12,0,99.0,193.0,232.0,251.0,3.0,191.0,2.0,2.0,0.0,0.0,0.0,0.0
2025/11/24,12:01:17,0,101.0,195.0,231.0,251.0,3.0,192.0,2.0,2.0,0.0,0.0,0.0,0.0
2025/11/24,12:01:22,0,101.0,203.0,231.0,252.0,11.0,193.0,5.0,4.0,0.0,0.0,0.0,0.0
2025/11/24,12:01:27,0,101.0,212.0,233.0,252.0,13.0,192.0,6.0,4.0,0.0,0.0,0.0,0.0
2025/11/24,12:01:32,0,103.0,215.0,233.0,251.0,11.0,192.0,5.0,4.0,0.0,0.0,0.0,0.0
2025/11/24,12:01:37,0,100.0,202.0,232.0,251.0,9.0,193.0,4.0,3.0,0.0,0.0,0.0,0.0
2025/11/24,12:01:42,0,100.0,188.0,230.0,251.0,9.0,193.0,3.0,3.0,0.0,0.0,0.0,0.0
2025/11/24,12:01:47,0,101.0,187.0,230.0,252.0,2.0,192.0,0.0,1.0,0.0,0.0,0.0,0.0
2025/11/24,12:01:52,0,101.0,192.0,230.0,252.0,0.0,193.0,0.0,1.0,0.0,0.0,0.0,0.0
2025/11/24,12:01:57,0,101.0,197.0,230.0,250.0,3.0,192.0,1.0,1.0,0.0,0.0,0.0,0.0
2025/11/24,12:02:02,0,103.0,193.0,230.0,252.0,1.0,192.0,0.0,1.0,0.0,0.0,0.0,0.0
2025/11/24,12:02:07,0,100.0,204.0,233.0,251.0,11.0,193.0,4.0,4.0,0.0,0.0,0.0,0.0
2025/11/24,12:02:12,0,100.0,214.0,230.0,251.0,12.0,193.0,5.0,3.0,0.0,0.0,0.0,0.0
2025/11/24,12:02:17,0,103.0,186.0,230.0,252.0,9.0,193.0,3.0,3.0,0.0,0.0,0.0,0.0
2025/11/24,12:02:22,0,99.0,192.0,230.0,251.0,0.0,191.0,0.0,0.0,0.0,0.0,0.0,0.0
2025/11/24,12:02:27,0,99.0,198.0,229.0,252.0,0.0,193.0,0.0,0.0,0.0,0.0,0.0,0.0
2025/11/24,12:02:32,0,99.0,188.0,230.0,252.0,1.0,192.0,0.0,1.0,0.0,0.0,0.0,0.0
2025/11/24,12:02:37,0,100.0,194.0,232.0,251.0,4.0,193.0,2.0,2.0,0.0,0.0,0.0,0.0
2025/11/24,12:02:42,0,99.0,214.0,233.0,251.0,15.0,193.0,6.0,4.0,0.0,0.0,0.0,0.0
2025/11/24,12:02:47,0,97.0,190.0,230.0,251.0,9.0,193.0,4.0,2.0,0.0,0.0,0.0,0.0
2025/11/24,12:02:52,0,101.0,191.0,230.0,251.0,0.0,193.0,0.0,1.0,0.0,0.0,0.0,0.0
2025/11/24,12:02:57,0,102.0,200.0,231.0,251.0,0.0,193.0,0.0,0.0,0.0,0.0,0.0,0.0
2025/11/24,12:03:02,0,99.0,189.0,230.0,252.0,2.0,193.0,1.0,1.0,0.0,0.0,0.0,0.0
2025/11/24,12:03:07,0,96.0,195.0,232.0,250.0,2.0,191.0,1.0,1.0,0.0,0.0,0.0,0.0
2025/11/24,12:03:12,0,101.0,204.0,233.0,252.0,11.0,193.0,4.0,3.0,0.0,0.0,0.0,0.0
2025/11/24,12:03:17,0,101.0,217.0,233.0,252.0,12.0,192.0,5.0,4.0,0.0,0.0,0.0,0.0
2025/11/24,12:03:22,0,99.0,203.0,232.0,252.0,9.0,193.0,3.0,3.0,0.0,0.0,0.0,0.0
2025/11/24,12:03:27,0,100.0,186.0,231.0,251.0,3.0,193.0,0.0,1.0,0.0,0.0,0.0,0.0
2025/11/24,12:03:32,0,101.0,189.0,230.0,251.0,1.0,193.0,0.0,1.0,0.0,0.0,0.0,0.0
2025/11/24,12:03:37,0,101.0,195.0,233.0,252.0,1.0,192.0,3.0,2.0,0.0,0.0,0.0,0.0
2025/11/24,12:03:42,0,101.0,207.0,233.0,252.0,13.0,193.0,5.0,4.0,0.0,0.0,0.0,0.0
2025/11/24,12:03:47,0,104.0,217.0,233.0,251.0,10.0,193.0,5.0,3.0,0.0,0.0,0.0,0.0
2025/11/24,12:03:52,0,99.0,195.0,232.0,251.0,14.0,192.0,4.0,3.0,0.0,0.0,0.0,0.0
2025/11/24,12:03:57,0,100.0,191.0,231.0,250.0,0.0,193.0,0.0,1.0,0.0,0.0,0.0,0.0
2025/11/24,12:04:02,0,99.0,192.0,230.0,252.0,3.0,193.0,2.0,1.0,0.0,0.0,0.0,0.0
2025/11/24,12:04:07,0,101.0,197.0,233.0,252.0,7.0,193.0,3.0,3.0,0.0,0.0,0.0,0.0
2025/11/24,12:04:12,0,101.0,203.0,234.0,252.0,11.0,191.0,5.0,4.0,0.0,0.0,0.0,0.0
2025/11/24,12:04:57,0,102.0,197.0,230.0,252.0,4.0,193.0,1.0,1.0,0.0,0.0,0.0,0.0
2025/11/24,12:05:01,0,102.0,187.0,230.0,251.0,1.0,193.0,0.0,1.0,0.0,0.0,0.0,0.0
2025/11/24,12:05:06,0,100.0,197.0,229.0,252.0,1.0,193.0,1.0,1.0,0.0,0.0,0.0,0.0
2025/11/24,12:05:11,0,102.0,192.0,231.0,252.0,2.0,192.0,0.0,1.0,0.0,0.0,0.0,0.0
2025/11/24,12:05:16,0,102.0,195.0,231.0,252.0,5.0,193.0,2.0,2.0,0.0,0.0,0.0,0.0
2025/11/24,12:05:21,0,101.0,207.0,233.0,252.0,12.0,193.0,5.0,4.0,0.0,0.0,0.0,0.0
2025/11/24,12:05:26,0,102.0,210.0,233.0,251.0,10.0,192.0,4.0,3.0,0.0,0.0,0.0,0.0
2025/11/24,12:05:31,0,101.0,189.0,230.0,251.0,9.0,193.0,4.0,3.0,0.0,0.0,0.0,0.0
2025/11/24,12:05:36,0,102.0,192.0,230.0,252.0,0.0,193.0,0.0,1.0,0.0,0.0,0.0,0.0
2025/11/24,12:05:41,0,100.0,191.0,230.0,251.0,1.0,192.0,1.0,1.0,0.0,0.0,0.0,0.0
2025/11/24,12:05:46,0,100.0,195.0,233.0,251.0,5.0,193.0,1.0,2.0,0.0,0.0,0.0,0.0
2025/11/24,12:05:51,0,102.0,217.0,233.0,250.0,8.0,192.0,4.0,3.0,0.0,0.0,0.0,0.0
2025/11/24,12:05:56,0,102.0,186.0,230.0,250.0,5.0,193.0,1.0,2.0,0.0,0.0,0.0,0.0
2025/11/24,12:06:01,0,102.0,195.0,231.0,250.0,0.0,193.0,0.0,1.0,0.0,0.0,0.0,0.0
2025/11/24,12:06:06,0,98.0,192.0,231.0,252.0,1.0,192.0,1.0,2.0,0.0,0.0,0.0,0.0
2025/11/24,12:06:11,0,100.0,197.0,233.0,252.0,5.0,193.0,2.0,2.0,0.0,0.0,0.0,0.0
2025/11/24,12:06:16,0,102.0,213.0,233.0,251.0,12.0,192.0,6.0,4.0,0.0,0.0,0.0,0.0
2025/11/24,12:06:21,0,105.0,206.0,230.0,252.0,9.0,193.0,5.0,3.0,0.0,0.0,0.0,0.0
2025/11/24,12:06:26,0,100.0,187.0,229.0,252.0,3.0,192.0,1.0,1.0,0.0,0.0,0.0,0.0
2025/11/24,12:06:31,0,100.0,196.0,229.0,252.0,2.0,193.0,0.0,1.0,0.0,0.0,0.0,0.0
2025/11/24,12:06:36,0,99.0,188.0,231.0,251.0,3.0,193.0,1.0,2.0,0.0,0.0,0.0,0.0
2025/11/24,12:06:41,0,101.0,190.0,228.0,252.0,1.0,193.0,0.0,1.0,0.0,0.0,0.0,0.0
2025/11/24,12:06:46,0,98.0,189.0,230.0,251.0,0.0,193.0,1.0,1.0,0.0,0.0,0.0,0.0
2025/11/24,12:06:51,0,102.0,190.0,231.0,252.0,5.0,192.0,0.0,1.0,0.0,0.0,0.0,0.0
2025/11/24,12:06:56,0,103.0,195.0,231.0,252.0,1.0,193.0,1.0,1.0,0.0,0.0,0.0,0.0
2025/11/24,12:07:01,0,99.0,196.0,231.0,252.0,0.0,192.0,0.0,1.0,0.0,0.0,0.0,0.0
2025/11/24,12:07:06,0,99.0,195.0,232.0,252.0,3.0,193.0,1.0,1.0,0.0,0.0,0.0,0.0
2025/11/24,12:07:11,0,102.0,192.0,231.0,252.0,1.0,192.0,1.0,1.0,0.0,0.0,0.0,0.0
2025/11/24,12:07:16,0,100.0,189.0,230.0,252.0,1.0,194.0,1.0,1.0,0.0,0.0,0.0,0.0
2025/11/24,12:07:21,0,102.0,188.0,230.0,252.0,1.0,193.0,0.0,1.0,0.0,0.0,0.0,0.0
2025/11/24,12:07:26,0,102.0,190.0,231.0,250.0,2.0,191.0,1.0,1.0,0.0,0.0,0.0,0.0
2025/11/24,12:07:31,0,101.0,194.0,232.0,252.0,1.0,192.0,0.0,1.0,0.0,0.0,0.0,0.0
2025/11/24,12:07:36,0,100.0,194.0,232.0,252.0,0.0,194.0,1.0,1.0,0.0,0.0,0.0,0.0
2025/11/24,12:07:41,0,102.0,201.0,233.0,252.0,7.0,193.0,3.0,3.0,0.0,0.0,0.0,0.0
2025/11/24,12:07:46,0,101.0,193.0,230.0,252.0,2.0,193.0,1.0,1.0,0.0,0.0,0.0,0.0
2025/11/24,12:07:51,0,99.0,186.0,230.0,250.0,5.0,192.0,2.0,3.0,0.0,0.0,0.0,0.0
2025/11/24,12:07:56,0,100.0,195.0,231.0,250.0,0.0,193.0,0.0,0.0,0.0,0.0,0.0,0.0
2025/11/24,12:08:01,0,103.0,194.0,231.0,252.0,0.0,192.0,1.0,1.0,0.0,0.0,0.0,0.0
2025/11/24,12:08:06,0,103.0,193.0,231.0,252.0,1.0,192.0,0.0,2.0,0.0,0.0,0.0,0.0
2025/11/24,12:08:11,0,104.0,195.0,232.0,252.0,1.0,192.0,2.0,2.0,0.0,0.0,0.0,0.0
2025/11/24,12:08:16,0,101.0,200.0,233.0,252.0,9.0,193.0,4.0,3.0,0.0,0.0,0.0,0.0
2025/11/24,12:08:21,0,101.0,219.0,233.0,252.0,11.0,193.0,5.0,4.0,0.0,0.0,0.0,0.0
2025/11/24,12:08:26,0,101.0,185.0,230.0,250.0,10.0,191.0,3.0,3.0,0.0,0.0,0.0,0.0
2025/11/24,12:08:31,0,100.0,188.0,230.0,252.0,0.0,193.0,1.0,1.0,0.0,0.0,0.0,0.0
2025/11/24,12:08:36,0,101.0,201.0,233.0,252.0,10.0,193.0,3.0,3.0,0.0,0.0,0.0,0.0
2025/11/24,12:08:41,0,101.0,218.0,232.0,251.0,12.0,191.0,5.0,3.0,0.0,0.0,0.0,0.0
2025/11/24,12:08:46,0,100.0,195.0,232.0,252.0,15.0,193.0,4.0,3.0,0.0,0.0,0.0,0.0
2025/11/24,12:08:51,0,101.0,193.0,230.0,251.0,0.0,193.0,0.0,0.0,0.0,0.0,0.0,0.0
2025/11/24,12:08:56,0,102.0,192.0,232.0,250.0,2.0,191.0,2.0,2.0,0.0,0.0,0.0,0.0
2025/11/24,12:09:01,0,100.0,209.0,233.0,252.0,13.0,192.0,5.0,4.0,0.0,0.0,0.0,0.0
2025/11/24,12:09:06,0,100.0,204.0,232.0,252.0,9.0,193.0,5.0,3.0,0.0,0.0,0.0,0.0
2025/11/24,12:09:11,0,101.0,192.0,231.0,252.0,0.0,193.0,0.0,1.0,0.0,0.0,0.0,0.0
2025/11/24,12:09:16,0,99.0,192.0,231.0,252.0,1.0,191.0,2.0,1.0,0.0,0.0,0.0,0.0
2025/11/24,12:09:21,0,100.0,217.0,233.0,252.0,11.0,192.0,5.0,4.0,0.0,0.0,0.0,0.0
2025/11/24,12:09:26,0,101.0,187.0,231.0,252.0,6.0,191.0,3.0,2.0,0.0,0.0,0.0,0.0
2025/11/24,12:09:31,0,99.0,192.0,229.0,252.0,2.0,193.0,1.0,1.0,0.0,0.0,0.0,0.0
2025/11/24,12:09:36,0,99.0,199.0,233.0,252.0,6.0,191.0,3.0,3.0,0.0,0.0,0.0,0.0
2025/11/24,12:09:41,0,105.0,219.0,233.0,252.0,10.0,192.0,5.0,3.0,0.0,0.0,0.0,0.0
2025/11/24,12:09:46,0,100.0,184.0,231.0,252.0,8.0,192.0,2.0,3.0,0.0,0.0,0.0,0.0
2025/11/24,12:09:51,0,98.0,188.0,231.0,252.0,1.0,191.0,1.0,1.0,0.0,0.0,0.0,0.0
2025/11/24,12:09:56,0,101.0,204.0,232.0,252.0,10.0,192.0,3.0,3.0,0.0,0.0,0.0,0.0
2025/11/24,12:10:01,0,103.0,208.0,232.0,252.0,8.0,192.0,4.0,3.0,0.0,0.0,0.0,0.0
2025/11/24,12:10:06,0,101.0,185.0,231.0,252.0,3.0,191.0,2.0,2.0,0.0,0.0,0.0,0.0
2025/11/24,12:10:11,0,103.0,198.0,230.0,252.0,1.0,192.0,1.0,1.0,0.0,0.0,0.0,0.0
2025/11/24,12:10:16,0,99.0,195.0,233.0,253.0,0.0,191.0,1.0,2.0,0.0,0.0,0.0,0.0
2025/11/24,12:10:21,0,103.0,214.0,233.0,252.0,9.0,193.0,4.0,3.0,0.0,0.0,0.0,0.0
2025/11/24,12:10:26,0,101.0,189.0,231.0,252.0,0.0,192.0,1.0,1.0,0.0,0.0,0.0,0.0
2025/11/24,12:10:31,0,103.0,193.0,231.0,252.0,2.0,193.0,0.0,1.0,0.0,0.0,0.0,0.0
2025/11/24,12:10:36,0,97.0,219.0,230.0,252.0,11.0,192.0,5.0,3.0,0.0,0.0,0.0,0.0
2025/11/24,12:10:41,0,101.0,188.0,230.0,252.0,3.0,192.0,1.0,1.0,0.0,0.0,0.0,0.0
2025/11/24,12:10:46,0,103.0,188.0,231.0,252.0,1.0,193.0,0.0,1.0,0.0,0.0,0.0,0.0
2025/11/24,12:10:51,0,102.0,206.0,231.0,252.0,11.0,193.0,5.0,3.0,0.0,0.0,0.0,0.0
2025/11/24,12:10:56,0,103.0,195.0,231.0,252.0,13.0,193.0,4.0,3.0,0.0,0.0,0.0,0.0
2025/11/24,12:11:01,0,101.0,191.0,231.0,252.0,2.0,191.0,1.0,1.0,0.0,0.0,0.0,0.0
2025/11/24,12:11:06,0,102.0,215.0,233.0,252.0,13.0,191.0,5.0,4.0,0.0,0.0,0.0,0.0
2025/11/24,12:11:11,0,101.0,186.0,229.0,252.0,6.0,193.0,1.0,2.0,0.0,0.0,0.0,0.0
2025/11/24,12:11:16,0,105.0,193.0,230.0,252.0,2.0,193.0,0.0,2.0,0.0,0.0,0.0,0.0
2025/11/24,12:11:21,0,102.0,207.0,230.0,252.0,10.0,193.0,4.0,3.0,0.0,0.0,0.0,0.0
2025/11/24,12:11:26,0,103.0,191.0,231.0,252.0,3.0,192.0,1.0,0.0,0.0,0.0,0.0,0.0
2025/11/24,12:11:31,0,102.0,212.0,233.0,251.0,9.0,191.0,4.0,3.0,0.0,0.0,0.0,0.0
2025/11/24,12:11:36,0,100.0,189.0,231.0,252.0,2.0,192.0,1.0,1.0,0.0,0.0,0.0,0.0
2025/11/24,12:11:41,0,103.0,205.0,233.0,252.0,10.0,193.0,3.0,3.0,0.0,0.0,0.0,0.0
2025/11/24,12:11:46,0,102.0,195.0,233.0,252.0,4.0,192.0,1.0,2.0,0.0,0.0,0.0,0.0
2025/11/24,12:11:51,0,102.0,183.0,230.0,251.0,6.0,191.0,2.0,3.0,0.0,0.0,0.0,0.0
2025/11/24,12:11:56,0,102.0,206.0,234.0,252.0,11.0,193.0,5.0,3.0,0.0,0.0,0.0,0.0
2025/11/24,12:12:01,0,103.0,195.0,229.0,252.0,0.0,193.0,0.0,0.0,0.0,0.0,0.0,-0.0008
2025/11/24,12:12:06,0,103.0,222.0,233.0,252.0,13.0,192.0,6.0,3.0,0.0,0.0,0.0,0.0
2025/11/24,12:12:11,0,102.0,189.0,231.0,252.0,1.0,193.0,0.0,1.0,0.0,0.0,0.0,0.0
2025/11/24,12:12:16,0,103.0,207.0,230.0,252.0,9.0,193.0,4.0,3.0,0.0,0.0,0.0,0.0
2025/11/24,12:12:21,0,105.0,195.0,233.0,251.0,0.0,192.0,1.0,1.0,0.0,0.0,0.0,0.0
2025/11/24,12:12:26,0,101.0,186.0,230.0,251.0,5.0,191.0,2.0,2.0,0.0,0.0,0.0,-0.0008
2025/11/24,12:12:31,0,102.0,215.0,234.0,253.0,9.0,192.0,5.0,4.0,0.0,0.0,0.0,0.0
2025/11/24,12:12:36,0,103.0,190.0,231.0,252.0,2.0,192.0,1.0,1.0,0.0,0.0,0.0,0.0
2025/11/24,12:12:41,0,99.0,189.0,230.0,253.0,10.0,192.0,2.0,2.0,0.0,0.0,0.0,0.0
2025/11/24,12:12:46,0,102.0,209.0,234.0,251.0,11.0,192.0,5.0,3.0,0.0,0.0,0.0,0.0
2025/11/24,12:12:51,0,100.0,191.0,232.0,253.0,1.0,192.0,1.0,2.0,0.0,0.0,0.0,0.0
2025/11/24,12:12:56,0,106.0,190.0,230.0,252.0,8.0,192.0,3.0,3.0,0.0,0.0,0.0,0.0
2025/11/24,12:13:01,0,104.0,217.0,231.0,253.0,12.0,193.0,5.0,4.0,0.0,0.0,0.0,0.0
2025/11/24,12:13:06,0,100.0,196.0,233.0,252.0,3.0,192.0,3.0,2.0,0.0,0.0,0.0,0.0
2025/11/24,12:13:11,0,104.0,196.0,232.0,252.0,1.0,192.0,1.0,1.0,0.0,0.0,0.0,0.0
2025/11/24,12:13:16,0,105.0,191.0,232.0,251.0,10.0,192.0,2.0,3.0,0.0,0.0,0.0,0.0
2025/11/24,12:13:21,0,104.0,211.0,233.0,251.0,10.0,191.0,5.0,3.0,-0.0008,0.0,0.0,0.0
2025/11/24,12:13:26,0,104.0,192.0,230.0,252.0,2.0,192.0,1.0,2.0,0.0,0.0,0.0,0.0
2025/11/24,12:13:31,0,104.0,189.0,231.0,252.0,3.0,193.0,1.0,1.0,0.0,0.0,0.0,0.0
2025/11/24,12:13:36,0,103.0,207.0,232.0,252.0,9.0,192.0,3.0,2.0,0.0,0.0,0.0,0.0
2025/11/24,12:13:41,0,104.0,203.0,233.0,252.0,9.0,193.0,4.0,3.0,0.0,0.0,0.0,0.0
2025/11/24,12:13:46,0,103.0,197.0,231.0,252.0,0.0,191.0,1.0,1.0,0.0,0.0,0.0,0.0
2025/11/24,12:13:51,0,102.0,209.0,233.0,252.0,7.0,193.0,3.0,3.0,0.0,0.0,0.0,0.0
2025/11/24,12:13:56,0,104.0,191.0,233.0,251.0,3.0,191.0,1.0,1.0,0.0,0.0,0.0,0.0
2025/11/24,12:14:01,0,106.0,198.0,233.0,251.0,14.0,192.0,3.0,3.0,0.0,0.0,0.0,0.0
2025/11/24,12:14:06,0,103.0,196.0,233.0,252.0,2.0,192.0,2.0,1.0,0.0,0.0,0.0,0.0
2025/11/24,12:14:11,0,104.0,190.0,229.0,252.0,2.0,192.0,1.0,1.0,0.0,0.0,0.0,0.0
2025/11/24,12:14:16,0,104.0,206.0,233.0,252.0,8.0,193.0,2.0,3.0,0.0,0.0,0.0,0.0
2025/11/24,12:14:21,0,102.0,207.0,234.0,252.0,10.0,191.0,4.0,3.0,0.0,0.0,0.0,0.0
2025/11/24,12:14:26,0,103.0,194.0,233.0,251.0,1.0,191.0,2.0,1.0,0.0,0.0,0.0,0.0
2025/11/24,12:14:59,0,101.0,190.0,231.0,254.0,6.0,193.0,2.0,2.0,0.0,0.0,0.0,0.0
2025/11/24,12:15:01,0,102.0,186.0,231.0,252.0,5.0,192.0,2.0,2.0,0.0,0.0,0.0,0.0
2025/11/24,12:15:06,0,103.0,191.0,231.0,252.0,3.0,192.0,1.0,1.0,0.0,0.0,0.0,0.0
2025/11/24,12:15:11,0,101.0,211.0,233.0,252.0,9.0,192.0,4.0,3.0,0.0,0.0,0.0,0.0
2025/11/24,12:15:16,0,100.0,188.0,230.0,253.0,10.0,192.0,3.0,3.0,0.0,0.0,0.0,0.0
2025/11/24,12:15:21,0,103.0,190.0,231.0,252.0,2.0,191.0,1.0,2.0,0.0,0.0,0.0,0.0
2025/11/24,12:15:26,0,103.0,211.0,234.0,251.0,12.0,191.0,5.0,3.0,0.0,0.0,0.0,0.0
2025/11/24,12:15:31,0,103.0,184.0,230.0,252.0,8.0,193.0,3.0,3.0,0.0,0.0,0.0,0.0
2025/11/24,12:15:36,0,104.0,192.0,232.0,253.0,2.0,191.0,1.0,1.0,0.0,0.0,0.0,0.0
2025/11/24,12:15:41,0,104.0,195.0,232.0,253.0,9.0,193.0,3.0,3.0,0.0,0.0,0.0,0.0
2025/11/24,12:15:46,0,103.0,196.0,232.0,252.0,3.0,193.0,2.0,1.0,0.0,0.0,0.0,0.0
2025/11/24,12:15:51,0,103.0,184.0,231.0,252.0,8.0,190.0,3.0,2.0,0.0,0.0,0.0,0.0
2025/11/24,12:15:56,0,101.0,195.0,231.0,253.0,1.0,192.0,1.0,2.0,0.0,0.0,0.0,0.0
2025/11/24,12:16:01,0,105.0,205.0,231.0,253.0,9.0,192.0,2.0,3.0,0.0,0.0,0.0,0.0
2025/11/24,12:16:06,0,100.0,200.0,231.0,252.0,2.0,191.0,1.0,2.0,0.0,0.0,0.0,0.0
2025/11/24,12:16:11,0,104.0,203.0,233.0,252.0,8.0,193.0,3.0,3.0,0.0,0.0,0.0,0.0
2025/11/24,12:16:16,0,104.0,193.0,230.0,252.0,8.0,193.0,4.0,4.0,0.0,0.0,0.0,0.0
2025/11/24,12:16:21,0,104.0,191.0,230.0,251.0,4.0,192.0,1.0,2.0,0.0,0.0,0.0,0.0
2025/11/24,12:16:26,0,103.0,219.0,232.0,253.0,7.0,193.0,4.0,3.0,0.0,0.0,0.0,0.0
2025/11/24,12:16:31,0,107.0,200.0,230.0,251.0,1.0,192.0,0.0,1.0,0.0,0.0,0.0,0.0
2025/11/24,12:16:36,0,107.0,217.0,230.0,253.0,10.0,193.0,5.0,3.0,0.0,0.0,0.0,0.0
2025/11/24,12:16:41,0,103.0,195.0,231.0,253.0,3.0,192.0,1.0,1.0,0.0,0.0,0.0,0.0
2025/11/24,12:16:46,0,104.0,215.0,230.0,252.0,11.0,192.0,4.0,3.0,0.0,0.0,0.0,0.0
2025/11/24,12:16:51,0,103.0,189.0,231.0,252.0,3.0,191.0,1.0,1.0,0.0,0.0,0.0,0.0
2025/11/24,12:16:56,0,104.0,193.0,231.0,252.0,1.0,191.0,1.0,1.0,0.0,0.0,0.0,0.0
2025/11/24,12:17:01,0,102.0,216.0,232.0,251.0,11.0,191.0,5.0,3.0,0.0,0.0,0.0,0.0
2025/11/24,12:17:06,0,102.0,185.0,231.0,253.0,8.0,192.0,2.0,2.0,0.0,0.0,0.0,0.0
2025/11/24,12:17:11,0,105.0,189.0,231.0,252.0,0.0,191.0,2.0,2.0,0.0,0.0,0.0,0.0
2025/11/24,12:17:16,0,103.0,216.0,233.0,252.0,9.0,192.0,5.0,3.0,0.0,0.0,0.0,0.0
2025/11/24,12:17:21,0,102.0,186.0,229.0,252.0,4.0,193.0,1.0,1.0,0.0,0.0,0.0,0.0
2025/11/24,12:17:26,0,104.0,201.0,232.0,252.0,10.0,192.0,2.0,3.0,0.0,0.0,0.0,0.0
2025/11/24,12:17:31,0,103.0,198.0,232.0,252.0,7.0,192.0,4.0,3.0,0.0,0.0,0.0,0.0
2025/11/24,12:17:36,0,101.0,189.0,230.0,252.0,3.0,192.0,1.0,2.0,0.0,0.0,0.0,0.0
2025/11/24,12:17:41,0,101.0,216.0,233.0,253.0,8.0,192.0,4.0,3.0,0.0,0.0,0.0,0.0
2025/11/24,12:17:46,0,103.0,190.0,229.0,252.0,3.0,192.0,1.0,1.0,0.0,0.0,0.0,0.0
2025/11/24,12:17:51,0,102.0,196.0,233.0,252.0,2.0,190.0,2.0,2.0,0.0,0.0,0.0,0.0
2025/11/24,12:17:56,0,102.0,193.0,231.0,252.0,7.0,192.0,3.0,2.0,0.0,0.0,0.0,0.0
2025/11/24,12:18:01,0,103.0,193.0,232.0,254.0,1.0,191.0,3.0,2.0,0.0,0.0,0.0,0.0
2025/11/24,12:18:06,0,99.0,220.0,233.0,252.0,8.0,192.0,4.0,3.0,0.0,0.0,0.0,0.0
2025/11/24,12:18:11,0,102.0,190.0,230.0,253.0,3.0,191.0,1.0,1.0,0.0,0.0,0.0,0.0
2025/11/24,12:18:16,0,104.0,193.0,231.0,252.0,1.0,191.0,1.0,1.0,0.0,0.0,0.0,0.0
2025/11/24,12:18:21,0,104.0,208.0,232.0,253.0,6.0,192.0,3.0,3.0,0.0,0.0,0.0,0.0
2025/11/24,12:18:26,0,102.0,201.0,229.0,253.0,4.0,191.0,2.0,2.0,0.0,0.0,0.0,0.0
2025/11/24,12:18:31,0,104.0,210.0,234.0,253.0,8.0,191.0,5.0,3.0,0.0,0.0,0.0,0.0
2025/11/24,12:18:36,0,105.0,192.0,231.0,253.0,3.0,191.0,1.0,1.0,0.0,0.0,0.0,0.0
2025/11/24,12:18:41,0,104.0,202.0,230.0,252.0,5.0,191.0,3.0,3.0,0.0,0.0,0.0,0.0
2025/11/24,12:18:46,0,104.0,190.0,231.0,253.0,3.0,191.0,2.0,1.0,0.0,0.0,0.0,0.0
2025/11/24,12:18:51,0,103.0,213.0,233.0,253.0,9.0,191.0,5.0,3.0,0.0,0.0,0.0,0.0
2025/11/24,12:18:56,0,103.0,200.0,234.0,253.0,4.0,192.0,0.0,2.0,0.0,0.0,0.0,0.0
2025/11/24,12:19:01,0,106.0,204.0,231.0,253.0,8.0,191.0,4.0,3.0,0.0,0.0,0.0,0.0
2025/11/24,12:19:06,0,103.0,198.0,232.0,252.0,3.0,191.0,3.0,2.0,0.0,0.0,0.0,0.0
2025/11/24,12:19:11,0,104.0,192.0,231.0,253.0,3.0,192.0,1.0,1.0,0.0,0.0,0.0,0.0
2025/11/24,12:19:16,0,103.0,216.0,233.0,252.0,8.0,191.0,4.0,3.0,0.0,0.0,0.0,0.0
2025/11/24,12:19:21,0,104.0,191.0,230.0,252.0,2.0,191.0,1.0,1.0,0.0,0.0,0.0,0.0
2025/11/24,12:19:26,0,100.0,202.0,232.0,253.0,8.0,191.0,4.0,2.0,0.0,0.0,0.0,0.0
2025/11/24,12:19:31,0,103.0,198.0,232.0,252.0,4.0,191.0,3.0,2.0,0.0,0.0,0.0,0.0
2025/11/24,12:19:36,0,102.0,192.0,230.0,252.0,2.0,192.0,1.0,1.0,0.0,0.0,0.0,0.0
2025/11/24,12:19:41,0,102.0,221.0,231.0,253.0,8.0,192.0,4.0,2.0,0.0,0.0,0.0,0.0
2025/11/24,12:19:46,0,104.0,190.0,230.0,251.0,3.0,192.0,1.0,1.0,0.0,0.0,0.0,0.0
2025/11/24,12:19:51,0,104.0,203.0,232.0,252.0,9.0,191.0,3.0,1.0,0.0,0.0,0.0,0.0
2025/11/24,12:19:56,0,104.0,194.0,232.0,253.0,0.0,192.0,1.0,2.0,0.0,0.0,0.0,0.0
2025/11/24,12:20:01,0,102.0,189.0,230.0,252.0,3.0,190.0,1.0,1.0,0.0,0.0,0.0,0.0
2025/11/24,12:20:06,0,104.0,219.0,233.0,253.0,9.0,191.0,4.0,3.0,0.0,0.0,0.0,0.0
2025/11/24,12:20:11,0,101.0,190.0,228.0,253.0,3.0,192.0,1.0,2.0,0.0,0.0,0.0,0.0
2025/11/24,12:20:16,0,100.0,194.0,231.0,252.0,8.0,192.0,3.0,3.0,0.0,0.0,0.0,0.0
2025/11/24,12:20:21,0,102.0,201.0,230.0,253.0,8.0,192.0,3.0,3.0,0.0,0.0,0.0,0.0
2025/11/24,12:20:26,0,103.0,200.0,230.0,253.0,2.0,192.0,0.0,2.0,0.0,0.0,0.0,0.0
2025/11/24,12:20:31,0,108.0,192.0,228.0,253.0,10.0,192.0,3.0,3.0,0.0,0.0,0.0,0.0
2025/11/24,12:20:36,0,105.0,215.0,230.0,253.0,10.0,193.0,5.0,3.0,0.0,0.0,0.0,0.0
2025/11/24,12:20:41,0,104.0,193.0,230.0,253.0,3.0,193.0,1.0,2.0,0.0,0.0,0.0,0.0
2025/11/24,12:20:46,0,105.0,187.0,230.0,252.0,4.0,192.0,1.0,1.0,0.0,0.0,0.0,0.0
2025/11/24,12:20:51,0,102.0,221.0,232.0,253.0,10.0,190.0,4.0,3.0,0.0,0.0,0.0,0.0
2025/11/24,12:20:56,0,105.0,193.0,231.0,252.0,1.0,190.0,2.0,1.0,0.0,0.0,0.0,0.0
2025/11/24,12:21:01,0,104.0,192.0,230.0,252.0,1.0,192.0,1.0,1.0,0.0,0.0,0.0,0.0
2025/11/24,12:21:06,0,103.0,200.0,232.0,253.0,9.0,191.0,3.0,3.0,0.0,0.0,0.0,0.0
2025/11/24,12:21:11,0,104.0,221.0,231.0,253.0,9.0,192.0,4.0,3.0,0.0,0.0,0.0,0.0
2025/11/24,12:21:16,0,104.0,198.0,233.0,251.0,3.0,191.0,3.0,2.0,0.0,0.0,0.0,0.0
2025/11/24,12:21:21,0,105.0,190.0,231.0,252.0,1.0,191.0,1.0,1.0,0.0,0.0,0.0,0.0
2025/11/24,12:21:26,0,104.0,195.0,230.0,253.0,1.0,191.0,0.0,1.0,0.0,0.0,0.0,0.0
2025/11/24,12:21:31,0,97.0,196.0,231.0,253.0,9.0,192.0,4.0,3.0,0.0,0.0,0.0,0.0
2025/11/24,12:21:36,0,105.0,216.0,232.0,252.0,10.0,191.0,5.0,3.0,0.0,0.0,0.0,0.0
2025/11/24,12:21:41,0,106.0,197.0,229.0,253.0,3.0,192.0,1.0,1.0,0.0,0.0,0.0,0.0
2025/11/24,12:21:46,0,104.0,200.0,231.0,253.0,3.0,191.0,1.0,1.0,0.0,0.0,0.0,0.0
2025/11/24,12:21:51,0,103.0,187.0,230.0,253.0,10.0,192.0,3.0,2.0,0.0,0.0,0.0,0.0
2025/11/24,12:21:56,0,108.0,221.0,232.0,253.0,9.0,191.0,5.0,3.0,0.0,0.0,0.0,0.0
2025/11/24,12:22:01,0,104.0,201.0,232.0,253.0,6.0,192.0,3.0,3.0,0.0,0.0,0.0,0.0
2025/11/24,12:22:06,0,103.0,196.0,232.0,253.0,1.0,191.0,1.0,1.0,0.0,0.0,0.0,0.0
2025/11/24,12:22:11,0,101.0,193.0,231.0,252.0,1.0,191.0,1.0,1.0,0.0,0.0,0.0,0.0
2025/11/24,12:22:16,0,108.0,199.0,229.0,253.0,4.0,192.0,1.0,1.0,0.0,0.0,0.0,0.0
2025/11/24,12:22:21,0,103.0,189.0,231.0,253.0,2.0,191.0,1.0,1.0,0.0,0.0,0.0,0.0
2025/11/24,12:22:26,0,104.0,194.0,230.0,253.0,10.0,191.0,3.0,3.0,0.0,0.0,0.0,0.0
2025/11/24,12:22:31,0,105.0,211.0,232.0,252.0,6.0,191.0,4.0,3.0,0.0,0.0,0.0,0.0
2025/11/24,12:22:36,0,105.0,215.0,232.0,253.0,9.0,192.0,4.0,3.0,0.0,0.0,0.0,0.0
2025/11/24,12:22:41,0,105.0,200.0,232.0,251.0,5.0,191.0,3.0,3.0,0.0,0.0,0.0,0.0
2025/11/24,12:22:46,0,105.0,195.0,232.0,252.0,2.0,191.0,1.0,1.0,0.0,0.0,0.0,0.0
2025/11/24,12:22:51,0,104.0,194.0,231.0,254.0,2.0,191.0,1.0,1.0,0.0,0.0,0.0,0.0
2025/11/24,12:22:56,0,104.0,191.0,230.0,253.0,2.0,193.0,0.0,1.0,0.0,0.0,0.0,0.0
2025/11/24,12:23:01,0,109.0,194.0,228.0,253.0,4.0,192.0,0.0,1.0,0.0,0.0,0.0,0.0
2025/11/24,12:23:06,0,105.0,200.0,231.0,253.0,2.0,191.0,1.0,1.0,0.0,0.0,0.0,0.0
2025/11/24,12:23:11,0,104.0,200.0,229.0,253.0,2.0,192.0,0.0,1.0,0.0,0.0,0.0,0.0
2025/11/24,12:23:16,0,105.0,195.0,231.0,253.0,3.0,191.0,1.0,1.0,0.0,0.0,0.0,0.0
2025/11/24,12:23:21,0,102.0,190.0,230.0,253.0,4.0,192.0,0.0,1.0,0.0,0.0,0.0,0.0
2025/11/24,12:23:26,0,102.0,199.0,231.0,252.0,10.0,192.0,6.0,3.0,0.0,0.0,0.0,0.0
2025/11/24,12:23:31,0,102.0,210.0,232.0,252.0,9.0,191.0,5.0,3.0,0.0,0.0,0.0,0.0
2025/11/24,12:23:36,0,107.0,192.0,229.0,253.0,2.0,192.0,1.0,1.0,0.0,0.0,0.0,0.0
2025/11/24,12:23:41,0,105.0,189.0,230.0,253.0,2.0,193.0,1.0,1.0,0.0,0.0,0.0,0.0
2025/11/24,12:23:46,0,104.0,200.0,230.0,254.0,3.0,191.0,1.0,1.0,0.0,0.0,0.0,0.0
2025/11/24,12:23:51,0,98.0,198.0,231.0,252.0,10.0,193.0,2.0,3.0,0.0,0.0,0.0,0.0
2025/11/24,12:23:56,0,103.0,200.0,232.0,253.0,6.0,193.0,3.0,3.0,0.0,0.0,0.0,0.0
2025/11/24,12:24:01,0,102.0,192.0,230.0,253.0,4.0,192.0,1.0,0.0,0.0,0.0,0.0,0.0
2025/11/24,12:24:06,0,105.0,209.0,232.0,253.0,9.0,193.0,4.0,3.0,0.0,0.0,0.0,0.0
2025/11/24,12:24:11,0,104.0,192.0,230.0,253.0,2.0,191.0,1.0,1.0,0.0,0.0,0.0,0.0
2025/11/24,12:24:16,0,104.0,207.0,233.0,251.0,9.0,194.0,4.0,3.0,0.0,0.0,0.0,0.0
2025/11/24,12:24:21,0,104.0,196.0,228.0,253.0,3.0,192.0,0.0,1.0,0.0,0.0,0.0,0.0
2025/11/24,12:24:26,0,102.0,210.0,233.0,253.0,9.0,192.0,4.0,3.0,0.0,0.0,0.0,0.0
2025/11/24,12:24:31,0,105.0,190.0,231.0,253.0,4.0,192.0,1.0,1.0,0.0,0.0,0.0,0.0
2025/11/24,12:24:36,0,103.0,198.0,232.0,254.0,3.0,191.0,2.0,2.0,0.0,0.0,0.0,0.0
2025/11/24,12:25:08,0,104.0,190.0,229.0,252.0,6.0,191.0,3.0,2.0,0.0,0.0,0.0,0.0
2025/11/24,12:25:11,0,105.0,192.0,228.0,253.0,2.0,192.0,1.0,1.0,0.0,0.0,0.0,0.0
2025/11/24,12:25:16,0,104.0,203.0,234.0,252.0,6.0,192.0,2.0,3.0,0.0,0.0,0.0,0.0
2025/11/24,12:25:21,0,105.0,186.0,229.0,253.0,13.0,191.0,4.0,2.0,0.0,0.0,0.0,0.0
2025/11/24,12:25:26,0,104.0,198.0,231.0,253.0,0.0,193.0,2.0,2.0,0.0,0.0,0.0,0.0
2025/11/24,12:25:31,0,100.0,192.0,231.0,252.0,11.0,192.0,3.0,3.0,0.0,0.0,0.0,0.0
2025/11/24,12:25:36,0,102.0,195.0,233.0,254.0,0.0,191.0,2.0,2.0,0.0,0.0,0.0,0.0
2025/11/24,12:25:41,0,103.0,196.0,229.0,253.0,11.0,193.0,3.0,3.0,0.0,0.0,0.0,0.0
2025/11/24,12:25:46,0,104.0,194.0,232.0,253.0,0.0,193.0,2.0,2.0,0.0,0.0,0.0,0.0
2025/11/24,12:25:51,0,106.0,196.0,231.0,253.0,8.0,193.0,4.0,3.0,0.0,0.0,0.0,0.0
2025/11/24,12:25:56,0,104.0,195.0,232.0,253.0,1.0,192.0,1.0,1.0,0.0,0.0,0.0,0.0
2025/11/24,12:26:01,0,104.0,195.0,232.0,253.0,8.0,191.0,3.0,3.0,0.0,0.0,0.0,0.0
2025/11/24,12:26:06,0,105.0,193.0,232.0,251.0,2.0,191.0,1.0,1.0,0.0,0.0,0.0,0.0
2025/11/24,12:26:11,0,103.0,217.0,233.0,253.0,7.0,192.0,2.0,2.0,0.0,0.0,0.0,0.0
2025/11/24,12:26:16,0,105.0,199.0,230.0,249.0,2.0,193.0,1.0,1.0,0.0,0.0,0.0,0.0
2025/11/24,12:26:21,0,104.0,215.0,233.0,253.0,7.0,191.0,4.0,2.0,0.0,0.0,0.0,0.0
2025/11/24,12:26:26,0,103.0,198.0,231.0,253.0,4.0,192.0,1.0,1.0,0.0,0.0,0.0,0.0
2025/11/24,12:26:31,0,104.0,220.0,232.0,253.0,9.0,193.0,4.0,3.0,0.0,0.0,0.0,0.0
2025/11/24,12:26:36,0,103.0,201.0,231.0,253.0,3.0,192.0,1.0,1.0,0.0,0.0,0.0,0.0
2025/11/24,12:26:41,0,102.0,208.0,231.0,253.0,13.0,194.0,4.0,2.0,0.0,0.0,0.0,0.0
2025/11/24,12:26:46,0,102.0,200.0,233.0,253.0,3.0,191.0,3.0,2.0,0.0,0.0,0.0,0.0
2025/11/24,12:26:51,0,103.0,201.0,230.0,253.0,2.0,191.0,1.0,1.0,0.0,0.0,0.0,0.0
2025/11/24,12:26:56,0,107.0,198.0,232.0,253.0,9.0,193.0,4.0,2.0,0.0,0.0,0.0,0.0
2025/11/24,12:27:01,0,104.0,208.0,232.0,253.0,8.0,192.0,4.0,3.0,0.0,0.0,0.0,0.0
2025/11/24,12:27:06,0,105.0,190.0,231.0,253.0,3.0,192.0,2.0,2.0,0.0,0.0,0.0,0.0
2025/11/24,12:27:11,0,105.0,187.0,232.0,253.0,5.0,191.0,3.0,2.0,0.0,0.0,0.0,0.0
2025/11/24,12:27:16,0,103.0,223.0,234.0,253.0,9.0,192.0,4.0,3.0,0.0,0.0,0.0,0.0
2025/11/24,12:27:21,0,104.0,197.0,230.0,253.0,0.0,191.0,2.0,2.0,0.0,0.0,0.0,0.0
2025/11/24,12:27:26,0,104.0,190.0,229.0,254.0,4.0,192.0,1.0,2.0,0.0,0.0,0.0,0.0
2025/11/24,12:27:31,0,103.0,194.0,231.0,253.0,2.0,192.0,1.0,1.0,0.0,0.0,0.0,0.0
2025/11/24,12:27:36,0,104.0,191.0,231.0,252.0,9.0,191.0,3.0,3.0,0.0,0.0,0.0,0.0
2025/11/24,12:27:41,0,103.0,219.0,233.0,253.0,7.0,192.0,4.0,2.0,0.0,0.0,0.0,0.0
2025/11/24,12:27:46,0,103.0,196.0,232.0,253.0,0.0,192.0,3.0,2.0,0.0,0.0,0.0,0.0
2025/11/24,12:27:51,0,102.0,199.0,231.0,253.0,3.0,192.0,0.0,0.0,0.0,0.0,0.0,0.0
2025/11/24,12:27:56,0,101.0,208.0,233.0,253.0,6.0,192.0,3.0,2.0,0.0,0.0,0.0,0.0
2025/11/24,12:28:01,0,104.0,202.0,232.0,253.0,5.0,194.0,4.0,2.0,0.0,0.0,0.0,0.0
2025/11/24,12:28:06,0,103.0,198.0,229.0,253.0,2.0,194.0,2.0,1.0,0.0,0.0,0.0,0.0
2025/11/24,12:28:11,0,106.0,195.0,232.0,253.0,9.0,193.0,3.0,3.0,0.0,0.0,0.0,0.0
2025/11/24,12:28:16,0,103.0,213.0,232.0,254.0,8.0,193.0,4.0,3.0,0.0,0.0,0.0,0.0
2025/11/24,12:28:21,0,104.0,193.0,232.0,252.0,2.0,191.0,1.0,1.0,0.0,0.0,0.0,0.0
2025/11/24,12:28:26,0,104.0,188.0,232.0,255.0,7.0,191.0,3.0,2.0,0.0,0.0,0.0,0.0
2025/11/24,12:28:31,0,104.0,205.0,231.0,253.0,6.0,192.0,3.0,3.0,0.0,0.0,0.0,0.0
2025/11/24,12:28:36,0,102.0,197.0,228.0,253.0,3.0,192.0,0.0,1.0,0.0,0.0,0.0,0.0
2025/11/24,12:28:41,0,103.0,213.0,232.0,253.0,6.0,192.0,4.0,3.0,0.0,0.0,0.0,0.0
2025/11/24,12:28:46,0,104.0,194.0,231.0,253.0,2.0,191.0,2.0,1.0,0.0,0.0,0.0,0.0
2025/11/24,12:28:51,0,105.0,192.0,231.0,253.0,10.0,192.0,3.0,3.0,0.0,0.0,0.0,0.0
2025/11/24,12:28:56,0,103.0,199.0,233.0,253.0,5.0,192.0,3.0,3.0,0.0,0.0,0.0,0.0
2025/11/24,12:29:01,0,105.0,198.0,230.0,253.0,1.0,191.0,1.0,1.0,0.0,0.0,0.0,0.0
2025/11/24,12:29:06,0,103.0,217.0,233.0,252.0,6.0,192.0,3.0,3.0,0.0,0.0,0.0,0.0
2025/11/24,12:29:11,0,106.0,190.0,232.0,254.0,2.0,192.0,1.0,2.0,0.0,0.0,0.0,0.0
2025/11/24,12:29:16,0,105.0,203.0,233.0,253.0,7.0,193.0,3.0,2.0,0.0,0.0,0.0,0.0
2025/11/24,12:29:21,0,104.0,196.0,230.0,253.0,1.0,192.0,1.0,2.0,0.0,0.0,0.0,0.0
2025/11/24,12:29:26,0,105.0,187.0,230.0,251.0,9.0,191.0,3.0,3.0,0.0,0.0,0.0,0.0
2025/11/24,12:29:31,0,105.0,201.0,234.0,251.0,3.0,193.0,3.0,3.0,0.0,0.0,0.0,0.0
2025/11/24,12:29:36,0,105.0,186.0,228.0,253.0,7.0,192.0,3.0,3.0,0.0,0.0,0.0,0.0
2025/11/24,12:29:41,0,103.0,196.0,231.0,253.0,2.0,193.0,1.0,1.0,0.0,0.0,0.0,0.0
2025/11/24,12:29:46,0,102.0,214.0,232.0,252.0,6.0,191.0,3.0,2.0,0.0,0.0,0.0,0.0
2025/11/24,12:29:51,0,103.0,184.0,231.0,253.0,7.0,193.0,3.0,2.0,0.0,0.0,0.0,0.0
2025/11/24,12:29:56,0,105.0,200.0,230.0,253.0,3.0,192.0,1.0,1.0,0.0,0.0,0.0,0.0
2025/11/24,12:30:01,0,109.0,197.0,233.0,253.0,0.0,192.0,1.0,1.0,0.0,0.0,0.0,0.0
2025/11/24,12:30:06,0,103.0,218.0,233.0,254.0,6.0,192.0,3.0,2.0,0.0,0.0,0.0,0.0
2025/11/24,12:30:11,0,105.0,190.0,230.0,253.0,3.0,193.0,1.0,2.0,0.0,0.0,0.0,0.0
2025/11/24,12:30:16,0,103.0,194.0,230.0,253.0,1.0,192.0,0.0,1.0,0.0,0.0,0.0,0.0
2025/11/24,12:30:21,0,105.0,215.0,233.0,253.0,9.0,193.0,4.0,3.0,0.0,0.0,0.0,0.0
2025/11/24,12:30:26,0,104.0,188.0,229.0,254.0,5.0,192.0,1.0,2.0,0.0,0.0,0.0,0.0
2025/11/24,12:30:31,0,104.0,195.0,233.0,253.0,2.0,191.0,1.0,1.0,0.0,0.0,0.0,0.0
2025/11/24,12:30:36,0,105.0,196.0,232.0,254.0,9.0,192.0,3.0,2.0,0.0,0.0,0.0,0.0
2025/11/24,12:30:41,0,102.0,194.0,231.0,253.0,3.0,193.0,2.0,1.0,0.0,0.0,0.0,0.0
2025/11/24,12:30:46,0,106.0,220.0,234.0,254.0,7.0,192.0,4.0,3.0,0.0,0.0,0.0,0.0
2025/11/24,12:30:51,0,105.0,188.0,230.0,253.0,5.0,192.0,2.0,2.0,0.0,0.0,0.0,0.0
2025/11/24,12:30:56,0,107.0,194.0,231.0,253.0,2.0,192.0,2.0,2.0,0.0,0.0,0.0,0.0
2025/11/24,12:31:01,0,102.0,209.0,233.0,254.0,8.0,191.0,4.0,2.0,0.0,0.0,0.0,0.0
2025/11/24,12:31:06,0,105.0,191.0,231.0,253.0,2.0,192.0,2.0,1.0,0.0,0.0,0.0,0.0
2025/11/24,12:31:11,0,113.0,204.0,231.0,253.0,8.0,193.0,4.0,3.0,0.0,0.0,0.0,0.0
2025/11/24,12:31:16,0,106.0,195.0,233.0,252.0,0.0,192.0,2.0,2.0,0.0,0.0,0.0,0.0
2025/11/24,12:31:21,0,107.0,192.0,232.0,252.0,11.0,191.0,4.0,2.0,0.0,0.0,0.0,0.0
2025/11/24,12:31:26,0,105.0,196.0,233.0,254.0,0.0,191.0,2.0,1.0,-0.0008,0.0,0.0,0.0
2025/11/24,12:31:31,0,103.0,190.0,230.0,253.0,10.0,193.0,4.0,2.0,0.0,0.0,0.0,0.0
2025/11/24,12:31:36,0,106.0,195.0,231.0,253.0,2.0,191.0,1.0,1.0,0.0,0.0,0.0,0.0
2025/11/24,12:31:41,0,108.0,209.0,234.0,253.0,7.0,192.0,3.0,2.0,0.0,0.0,0.0,0.0
2025/11/24,12:31:46,0,105.0,198.0,230.0,253.0,3.0,192.0,0.0,1.0,0.0,0.0,0.0,0.0
2025/11/24,12:31:51,0,105.0,206.0,233.0,253.0,6.0,191.0,4.0,2.0,0.0,0.0,0.0,0.0
2025/11/24,12:31:56,0,108.0,192.0,231.0,254.0,10.0,192.0,3.0,2.0,0.0,0.0,0.0,0.0
2025/11/24,12:32:01,0,106.0,191.0,231.0,254.0,1.0,192.0,1.0,1.0,0.0,0.0,0.0,0.0
2025/11/24,12:32:06,0,107.0,218.0,234.0,254.0,8.0,191.0,4.0,3.0,0.0,0.0,0.0,0.0
2025/11/24,12:32:11,0,107.0,187.0,229.0,254.0,6.0,192.0,1.0,2.0,0.0,0.0,0.0,0.0
2025/11/24,12:32:16,0,108.0,196.0,232.0,253.0,1.0,192.0,1.0,1.0,0.0,0.0,0.0,0.0
2025/11/24,12:32:21,0,106.0,213.0,232.0,253.0,6.0,193.0,3.0,2.0,0.0,0.0,0.0,0.0
2025/11/24,12:32:26,0,107.0,198.0,231.0,253.0,3.0,193.0,1.0,1.0,0.0,0.0,0.0,0.0
2025/11/24,12:32:31,0,105.0,217.0,233.0,253.0,9.0,193.0,4.0,3.0,0.0,0.0,0.0,0.0
2025/11/24,12:32:36,0,105.0,193.0,228.0,254.0,4.0,192.0,0.0,1.0,0.0,0.0,0.0,0.0
2025/11/24,12:32:41,0,106.0,201.0,232.0,253.0,6.0,193.0,3.0,3.0,0.0,0.0,0.0,0.0
2025/11/24,12:32:46,0,108.0,186.0,231.0,254.0,12.0,193.0,3.0,3.0,0.0,0.0,0.0,0.0
2025/11/24,12:32:51,0,106.0,193.0,231.0,253.0,0.0,192.0,1.0,1.0,0.0,0.0,0.0,0.0
2025/11/24,12:32:56,0,105.0,210.0,231.0,255.0,7.0,192.0,3.0,2.0,0.0,0.0,0.0,0.0
2025/11/24,12:33:01,0,107.0,194.0,231.0,252.0,4.0,191.0,2.0,2.0,0.0,0.0,0.0,0.0
2025/11/24,12:33:06,0,109.0,221.0,233.0,254.0,8.0,192.0,4.0,3.0,0.0,0.0,0.0,0.0
2025/11/24,12:33:11,0,106.0,191.0,231.0,254.0,3.0,191.0,1.0,1.0,0.0,0.0,0.0,0.0
2025/11/24,12:33:16,0,106.0,195.0,232.0,253.0,0.0,192.0,0.0,1.0,0.0,0.0,0.0,0.0
2025/11/24,12:33:21,0,104.0,204.0,232.0,253.0,6.0,192.0,4.0,2.0,0.0,0.0,0.0,0.0
2025/11/24,12:33:26,0,104.0,218.0,231.0,254.0,9.0,192.0,4.0,3.0,0.0,0.0,0.0,0.0
2025/11/24,12:33:31,0,106.0,212.0,232.0,253.0,6.0,191.0,4.0,2.0,0.0,0.0,0.0,0.0
2025/11/24,12:33:36,0,106.0,203.0,232.0,253.0,11.0,192.0,3.0,3.0,0.0,0.0,0.0,0.0
2025/11/24,12:33:41,0,106.0,200.0,231.0,253.0,9.0,191.0,4.0,2.0,0.0,0.0,0.0,0.0
2025/11/24,12:33:46,0,106.0,210.0,233.0,254.0,7.0,192.0,4.0,2.0,0.0,0.0,0.0,-0.0008
2025/11/24,12:33:51,0,105.0,204.0,234.0,253.0,6.0,191.0,4.0,2.0,0.0,0.0,0.0,0.0
2025/11/24,12:33:56,0,105.0,195.0,230.0,254.0,2.0,192.0,1.0,1.0,0.0,0.0,0.0,0.0
2025/11/24,12:34:01,0,106.0,202.0,232.0,253.0,8.0,192.0,3.0,4.0,0.0,0.0,0.0,0.0
2025/11/24,12:34:06,0,105.0,198.0,232.0,252.0,4.0,191.0,3.0,2.0,0.0,0.0,0.0,0.0
2025/11/24,12:34:11,0,105.0,193.0,228.0,253.0,4.0,193.0,1.0,1.0,0.0,0.0,0.0,0.0
2025/11/24,12:34:16,0,104.0,214.0,234.0,254.0,8.0,191.0,3.0,3.0,0.0,0.0,0.0,0.0
2025/11/24,12:34:21,0,108.0,200.0,230.0,254.0,2.0,193.0,1.0,1.0,0.0,0.0,0.0,0.0
2025/11/24,12:34:26,0,103.0,207.0,232.0,253.0,7.0,193.0,3.0,2.0,0.0,0.0,0.0,0.0
2025/11/24,12:34:31,0,105.0,196.0,231.0,253.0,3.0,193.0,1.0,2.0,0.0,0.0,0.0,0.0
2025/11/24,12:34:36,0,104.0,193.0,227.0,253.0,3.0,193.0,0.0,1.0,0.0,0.0,0.0,0.0
2025/11/24,12:34:41,0,104.0,214.0,230.0,253.0,8.0,193.0,4.0,3.0,0.0,0.0,0.0,0.0
2025/11/24,12:35:17,0,104.0,220.0,234.0,253.0,6.0,191.0,4.0,3.0,0.0,0.0,0.0,0.0
2025/11/24,12:35:20,0,103.0,205.0,231.0,253.0,9.0,193.0,5.0,2.0,0.0,0.0,0.0,0.0
2025/11/24,12:35:25,0,105.0,202.0,233.0,253.0,6.0,193.0,4.0,3.0,0.0,0.0,0.0,0.0
2025/11/24,12:35:30,0,105.0,199.0,230.0,254.0,1.0,193.0,1.0,1.0,0.0,0.0,0.0,0.0
2025/11/24,12:35:35,0,103.0,216.0,232.0,252.0,8.0,192.0,3.0,4.0,0.0,0.0,0.0,0.0
2025/11/24,12:35:40,0,102.0,194.0,231.0,254.0,0.0,193.0,1.0,1.0,0.0,0.0,0.0,0.0
2025/11/24,12:35:45,0,106.0,199.0,231.0,252.0,1.0,192.0,0.0,1.0,0.0,0.0,0.0,0.0
2025/11/24,12:35:50,0,105.0,187.0,230.0,252.0,4.0,191.0,2.0,2.0,0.0,0.0,0.0,0.0
2025/11/24,12:35:55,0,106.0,221.0,232.0,253.0,8.0,192.0,5.0,3.0,0.0,0.0,0.0,0.0
2025/11/24,12:36:00,0,106.0,196.0,231.0,254.0,3.0,192.0,2.0,1.0,0.0,0.0,0.0,0.0
2025/11/24,12:36:05,0,105.0,218.0,230.0,254.0,9.0,193.0,4.0,2.0,0.0,0.0,0.0,0.0
2025/11/24,12:36:10,0,104.0,191.0,231.0,253.0,3.0,193.0,1.0,1.0,0.0,0.0,0.0,0.0
2025/11/24,12:36:15,0,104.0,184.0,229.0,254.0,9.0,194.0,3.0,2.0,0.0,0.0,0.0,0.0
2025/11/24,12:36:20,0,105.0,217.0,233.0,254.0,8.0,191.0,5.0,3.0,0.0,0.0,0.0,0.0
2025/11/24,12:36:25,0,105.0,194.0,232.0,252.0,2.0,193.0,0.0,1.0,0.0,0.0,0.0,0.0
2025/11/24,12:36:30,0,105.0,190.0,230.0,254.0,5.0,193.0,1.0,2.0,0.0,0.0,0.0,0.0
2025/11/24,12:36:35,0,98.0,219.0,232.0,254.0,6.0,193.0,4.0,2.0,0.0,0.0,0.0,0.0
2025/11/24,12:36:40,0,104.0,196.0,232.0,253.0,0.0,193.0,1.0,1.0,0.0,0.0,0.0,0.0
2025/11/24,12:36:45,0,105.0,198.0,230.0,254.0,2.0,192.0,0.0,1.0,0.0,0.0,0.0,0.0
2025/11/24,12:36:50,0,101.0,208.0,232.0,255.0,8.0,192.0,4.0,3.0,0.0,0.0,0.0,0.0
2025/11/24,12:36:55,0,105.0,198.0,233.0,252.0,5.0,191.0,3.0,1.0,0.0,0.0,0.0,0.0
2025/11/24,12:37:00,0,105.0,197.0,231.0,252.0,1.0,191.0,1.0,1.0,0.0,0.0,0.0,0.0
2025/11/24,12:37:05,0,106.0,203.0,233.0,253.0,8.0,192.0,4.0,2.0,0.0,0.0,0.0,0.0
2025/11/24,12:37:10,0,105.0,203.0,233.0,253.0,4.0,194.0,3.0,3.0,0.0,0.0,0.0,0.0
2025/11/24,12:37:15,0,108.0,200.0,231.0,252.0,2.0,193.0,1.0,1.0,0.0,0.0,0.0,0.0
2025/11/24,12:37:20,0,100.0,199.0,232.0,253.0,8.0,194.0,3.0,2.0,0.0,0.0,0.0,0.0
2025/11/24,12:37:25,0,108.0,208.0,232.0,252.0,8.0,192.0,4.0,3.0,0.0,0.0,0.0,0.0
2025/11/24,12:37:30,0,106.0,191.0,229.0,254.0,2.0,193.0,1.0,1.0,0.0,0.0,0.0,0.0
2025/11/24,12:37:35,0,108.0,186.0,230.0,252.0,8.0,194.0,2.0,3.0,0.0,0.0,0.0,0.0
2025/11/24,12:37:40,0,106.0,208.0,231.0,254.0,8.0,193.0,4.0,3.0,0.0,0.0,0.0,0.0
2025/11/24,12:37:45,0,106.0,193.0,230.0,254.0,3.0,192.0,1.0,1.0,0.0,0.0,0.0,0.0
2025/11/24,12:37:50,0,107.0,207.0,231.0,254.0,7.0,193.0,3.0,3.0,0.0,0.0,0.0,0.0
2025/11/24,12:37:55,0,106.0,183.0,229.0,253.0,5.0,192.0,3.0,2.0,0.0,0.0,0.0,0.0
2025/11/24,12:38:00,0,105.0,196.0,230.0,254.0,1.0,193.0,1.0,1.0,0.0,0.0,0.0,0.0
2025/11/24,12:38:05,0,101.0,217.0,230.0,254.0,6.0,192.0,3.0,3.0,0.0,0.0,0.0,0.0
2025/11/24,12:38:10,0,107.0,201.0,231.0,254.0,3.0,192.0,1.0,1.0,0.0,0.0,0.0,0.0
2025/11/24,12:38:15,0,105.0,217.0,232.0,253.0,6.0,193.0,3.0,2.0,0.0,0.0,0.0,0.0
2025/11/24,12:38:20,0,106.0,189.0,231.0,255.0,4.0,192.0,2.0,1.0,0.0,0.0,0.0,0.0
2025/11/24,12:38:25,0,107.0,215.0,234.0,252.0,8.0,192.0,4.0,3.0,0.0,0.0,0.0,0.0
2025/11/24,12:38:30,0,105.0,199.0,229.0,254.0,2.0,193.0,1.0,1.0,0.0,0.0,0.0,0.0
2025/11/24,12:38:35,0,106.0,207.0,232.0,254.0,8.0,194.0,4.0,2.0,0.0,0.0,0.0,0.0
2025/11/24,12:38:40,0,107.0,186.0,229.0,254.0,7.0,194.0,3.0,2.0,0.0,0.0,0.0,0.0
2025/11/24,12:38:45,0,106.0,193.0,231.0,254.0,1.0,193.0,1.0,1.0,0.0,0.0,0.0,0.0
2025/11/24,12:38:50,0,104.0,217.0,233.0,253.0,7.0,194.0,3.0,3.0,0.0,0.0,0.0,0.0
2025/11/24,12:38:55,0,106.0,193.0,230.0,254.0,3.0,194.0,1.0,1.0,0.0,0.0,0.0,0.0
2025/11/24,12:39:00,0,105.0,197.0,230.0,254.0,1.0,193.0,1.0,1.0,0.0,0.0,0.0,0.0
2025/11/24,12:39:05,0,102.0,199.0,232.0,254.0,10.0,193.0,2.0,3.0,0.0,0.0,0.0,0.0
2025/11/24,12:39:10,0,106.0,195.0,231.0,251.0,5.0,193.0,1.0,1.0,0.0,0.0,0.0,0.0
2025/11/24,12:39:15,0,107.0,204.0,233.0,253.0,7.0,193.0,2.0,2.0,0.0,0.0,0.0,0.0
2025/11/24,12:39:20,0,107.0,197.0,231.0,253.0,9.0,192.0,4.0,2.0,0.0,0.0,0.0,0.0
2025/11/24,12:39:25,0,105.0,193.0,231.0,253.0,1.0,192.0,2.0,1.0,0.0,0.0,0.0,0.0
2025/11/24,12:39:30,0,107.0,204.0,232.0,254.0,8.0,194.0,5.0,3.0,0.0,0.0,0.0,0.0
2025/11/24,12:39:35,0,106.0,195.0,230.0,253.0,4.0,192.0,2.0,2.0,0.0,0.0,0.0,0.0
2025/11/24,12:39:40,0,106.0,192.0,231.0,254.0,13.0,193.0,3.0,3.0,0.0,0.0,0.0,0.0
2025/11/24,12:39:45,0,107.0,197.0,233.0,254.0,0.0,194.0,2.0,1.0,0.0,0.0,0.0,0.0
2025/11/24,12:39:50,0,105.0,192.0,229.0,254.0,10.0,194.0,4.0,3.0,0.0,0.0,0.0,0.0
2025/11/24,12:39:55,0,106.0,195.0,231.0,254.0,2.0,194.0,2.0,1.0,0.0,0.0,0.0,0.0
2025/11/24,12:40:00,0,104.0,217.0,232.0,253.0,5.0,193.0,3.0,2.0,0.0,0.0,0.0,0.0
2025/11/24,12:40:05,0,107.0,193.0,230.0,253.0,3.0,192.0,1.0,1.0,0.0,0.0,0.0,0.0
2025/11/24,12:40:10,0,105.0,196.0,232.0,253.0,0.0,194.0,1.0,1.0,0.0,0.0,0.0,0.0
2025/11/24,12:40:15,0,104.0,208.0,231.0,254.0,8.0,193.0,3.0,2.0,0.0,0.0,0.0,0.0
2025/11/24,12:40:20,0,104.0,200.0,230.0,253.0,3.0,193.0,1.0,0.0,0.0,0.0,0.0,0.0
2025/11/24,12:40:25,0,106.0,206.0,231.0,254.0,8.0,193.0,3.0,3.0,0.0,0.0,0.0,0.0
2025/11/24,12:40:30,0,105.0,186.0,230.0,253.0,7.0,193.0,2.0,2.0,0.0,0.0,0.0,0.0
2025/11/24,12:40:35,0,106.0,196.0,232.0,254.0,4.0,195.0,2.0,1.0,0.0,0.0,0.0,0.0
2025/11/24,12:40:40,0,106.0,203.0,231.0,254.0,8.0,192.0,3.0,2.0,0.0,0.0,0.0,0.0
2025/11/24,12:40:45,0,106.0,192.0,229.0,254.0,4.0,193.0,0.0,2.0,0.0,0.0,0.0,0.0
2025/11/24,12:40:50,0,106.0,216.0,233.0,253.0,8.0,194.0,5.0,3.0,0.0,0.0,0.0,0.0
2025/11/24,12:40:55,0,106.0,189.0,231.0,254.0,6.0,193.0,1.0,2.0,0.0,0.0,0.0,0.0
2025/11/24,12:41:00,0,110.0,193.0,230.0,254.0,1.0,194.0,1.0,1.0,0.0,0.0,0.0,0.0
2025/11/24,12:41:05,0,105.0,214.0,233.0,254.0,6.0,190.0,3.0,2.0,0.0,0.0,0.0,0.0
2025/11/24,12:41:10,0,107.0,196.0,229.0,254.0,4.0,193.0,1.0,1.0,0.0,0.0,0.0,0.0
2025/11/24,12:41:15,0,103.0,220.0,232.0,254.0,7.0,193.0,3.0,2.0,0.0,0.0,0.0,0.0
2025/11/24,12:41:20,0,109.0,199.0,231.0,252.0,2.0,192.0,1.0,1.0,0.0,0.0,0.0,0.0
2025/11/24,12:41:25,0,105.0,209.0,234.0,254.0,8.0,194.0,3.0,3.0,0.0,0.0,0.0,0.0
2025/11/24,12:41:30,0,108.0,188.0,231.0,255.0,10.0,193.0,3.0,3.0,0.0,0.0,0.0,0.0
2025/11/24,12:41:35,0,108.0,193.0,230.0,254.0,0.0,193.0,1.0,1.0,0.0,0.0,0.0,0.0
2025/11/24,12:41:40,0,107.0,216.0,232.0,253.0,5.0,192.0,3.0,2.0,0.0,0.0,0.0,0.0
2025/11/24,12:41:45,0,106.0,196.0,230.0,253.0,7.0,192.0,2.0,2.0,0.0,0.0,0.0,0.0
2025/11/24,12:41:50,0,106.0,215.0,233.0,254.0,10.0,193.0,4.0,2.0,0.0,0.0,0.0,0.0
2025/11/24,12:41:55,0,105.0,191.0,228.0,254.0,4.0,194.0,0.0,1.0,0.0,0.0,0.0,0.0
2025/11/24,12:42:00,0,104.0,221.0,233.0,254.0,6.0,193.0,3.0,3.0,0.0,0.0,0.0,0.0
2025/11/24,12:42:05,0,107.0,196.0,231.0,254.0,1.0,193.0,1.0,1.0,0.0,0.0,0.0,0.0
2025/11/24,12:42:10,0,108.0,205.0,232.0,254.0,6.0,194.0,3.0,2.0,0.0,0.0,0.0,0.0
2025/11/24,12:42:15,0,106.0,196.0,231.0,253.0,11.0,194.0,4.0,3.0,0.0,0.0,0.0,0.0
2025/11/24,12:42:20,0,109.0,190.0,230.0,254.0,5.0,193.0,1.0,1.0,0.0,0.0,0.0,0.0
2025/11/24,12:42:25,0,106.0,204.0,232.0,254.0,6.0,193.0,3.0,3.0,0.0,0.0,0.0,0.0
2025/11/24,12:42:30,0,107.0,208.0,231.0,254.0,11.0,193.0,4.0,3.0,0.0,0.0,0.0,0.0
2025/11/24,12:42:35,0,106.0,186.0,230.0,254.0,6.0,193.0,1.0,2.0,0.0,0.0,0.0,0.0
2025/11/24,12:42:40,0,106.0,199.0,230.0,254.0,1.0,192.0,0.0,1.0,0.0,0.0,0.0,0.0
2025/11/24,12:42:45,0,110.0,193.0,231.0,254.0,2.0,194.0,1.0,1.0,0.0,0.0,0.0,0.0
2025/11/24,12:42:50,0,107.0,201.0,232.0,254.0,6.0,192.0,2.0,2.0,0.0,0.0,0.0,0.0
2025/11/24,12:42:55,0,106.0,212.0,232.0,254.0,8.0,194.0,4.0,2.0,0.0,0.0,0.0,0.0
2025/11/24,12:43:00,0,107.0,185.0,230.0,254.0,5.0,193.0,1.0,2.0,0.0,0.0,0.0,0.0
2025/11/24,12:43:05,0,106.0,197.0,227.0,254.0,2.0,193.0,0.0,1.0,0.0,0.0,0.0,0.0
2025/11/24,12:43:10,0,108.0,190.0,230.0,253.0,4.0,194.0,1.0,1.0,0.0,0.0,0.0,0.0
2025/11/24,12:43:15,0,107.0,196.0,231.0,254.0,0.0,194.0,1.0,1.0,0.0,0.0,0.0,0.0
2025/11/24,12:43:20,0,107.0,208.0,233.0,254.0,6.0,193.0,3.0,2.0,0.0,0.0,0.0,0.0
2025/11/24,12:43:25,0,107.0,208.0,231.0,254.0,8.0,194.0,4.0,2.0,0.0,0.0,0.0,0.0
2025/11/24,12:43:30,0,107.0,188.0,229.0,254.0,4.0,194.0,1.0,2.0,0.0,0.0,0.0,0.0
2025/11/24,12:43:35,0,106.0,197.0,231.0,253.0,1.0,193.0,1.0,1.0,0.0,0.0,0.0,0.0
2025/11/24,12:43:40,0,107.0,195.0,231.0,253.0,0.0,193.0,0.0,1.0,0.0,0.0,0.0,0.0
2025/11/24,12:43:45,0,107.0,206.0,233.0,252.0,6.0,193.0,4.0,2.0,0.0,0.0,0.0,0.0
2025/11/24,12:43:50,0,107.0,211.0,230.0,254.0,8.0,193.0,4.0,2.0,-0.0008,0.0,0.0,0.0
2025/11/24,12:43:55,0,107.0,189.0,229.0,254.0,6.0,193.0,1.0,2.0,0.0,0.0,0.0,0.0
2025/11/24,12:44:00,0,108.0,193.0,231.0,253.0,5.0,193.0,0.0,1.0,0.0,0.0,0.0,0.0
2025/11/24,12:44:05,0,108.0,195.0,231.0,254.0,0.0,194.0,1.0,1.0,0.0,0.0,0.0,0.0
2025/11/24,12:44:10,0,108.0,212.0,232.0,254.0,7.0,194.0,4.0,3.0,0.0,0.0,0.0,0.0
2025/11/24,12:44:15,0,106.0,207.0,233.0,253.0,9.0,192.0,4.0,2.0,0.0,0.0,0.0,0.0
2025/11/24,12:44:20,0,104.0,188.0,230.0,254.0,10.0,194.0,4.0,3.0,0.0,0.0,0.0,0.0
2025/11/24,12:44:25,0,107.0,185.0,229.0,254.0,8.0,194.0,4.0,2.0,0.0,0.0,0.0,0.0
2025/11/24,12:44:30,0,107.0,185.0,230.0,254.0,5.0,193.0,3.0,2.0,0.0,0.0,0.0,0.0
2025/11/24,12:44:35,0,105.0,189.0,230.0,254.0,6.0,194.0,2.0,2.0,0.0,0.0,0.0,0.0
2025/11/24,12:44:40,0,106.0,196.0,230.0,254.0,3.0,193.0,1.0,1.0,0.0,0.0,0.0,0.0
2025/11/24,12:44:45,0,107.0,197.0,230.0,254.0,4.0,195.0,1.0,1.0,0.0,0.0,0.0,0.0
2025/11/24,12:44:50,0,106.0,192.0,230.0,253.0,2.0,193.0,0.0,1.0,0.0,0.0,0.0,0.0
2025/11/24,12:44:55,0,103.0,194.0,231.0,254.0,1.0,195.0,2.0,2.0,0.0,0.0,0.0,0.0
2025/11/24,12:45:46,0,99.0,202.0,230.0,254.0,7.0,194.0,2.0,2.0,0.0,0.0,0.0,0.0
2025/11/24,12:45:50,0,112.0,199.0,230.0,254.0,9.0,195.0,4.0,3.0,0.0,0.0,0.0,0.0
2025/11/24,12:45:55,0,107.0,187.0,230.0,253.0,7.0,194.0,3.0,2.0,0.0,0.0,0.0,0.0
2025/11/24,12:46:00,0,106.0,196.0,230.0,254.0,2.0,193.0,1.0,1.0,0.0,0.0,0.0,0.0
2025/11/24,12:46:05,0,105.0,194.0,230.0,254.0,2.0,194.0,1.0,1.0,0.0,0.0,0.0,0.0
2025/11/24,12:46:10,0,105.0,209.0,231.0,254.0,6.0,193.0,2.0,3.0,0.0,0.0,0.0,0.0
2025/11/24,12:46:15,0,103.0,209.0,232.0,254.0,8.0,194.0,4.0,2.0,0.0,0.0,0.0,0.0
2025/11/24,12:46:20,0,104.0,185.0,230.0,254.0,9.0,194.0,3.0,2.0,0.0,0.0,0.0,0.0
2025/11/24,12:46:25,0,106.0,199.0,228.0,254.0,4.0,194.0,0.0,1.0,0.0,0.0,0.0,0.0
2025/11/24,12:46:30,0,107.0,196.0,232.0,253.0,0.0,192.0,1.0,1.0,0.0,0.0,0.0,0.0
2025/11/24,12:46:35,0,109.0,223.0,233.0,255.0,7.0,195.0,3.0,2.0,0.0,0.0,0.0,0.0
2025/11/24,12:46:40,0,106.0,187.0,229.0,254.0,6.0,195.0,2.0,2.0,0.0,0.0,0.0,0.0
2025/11/24,12:46:45,0,107.0,194.0,231.0,254.0,3.0,193.0,1.0,1.0,0.0,0.0,0.0,0.0
2025/11/24,12:46:50,0,106.0,199.0,232.0,254.0,4.0,194.0,2.0,1.0,0.0,0.0,0.0,0.0
2025/11/24,12:46:55,0,106.0,219.0,232.0,254.0,7.0,194.0,4.0,2.0,0.0,0.0,0.0,0.0
2025/11/24,12:47:00,0,106.0,203.0,232.0,254.0,8.0,194.0,4.0,2.0,0.0,0.0,0.0,0.0
2025/11/24,12:47:05,0,107.0,192.0,230.0,253.0,4.0,194.0,2.0,2.0,0.0,0.0,0.0,0.0
2025/11/24,12:47:10,0,106.0,191.0,230.0,254.0,4.0,192.0,1.0,2.0,0.0,0.0,0.0,0.0
2025/11/24,12:47:15,0,109.0,196.0,231.0,254.0,0.0,193.0,0.0,1.0,0.0,0.0,0.0,0.0
2025/11/24,12:47:20,0,106.0,200.0,232.0,253.0,3.0,193.0,2.0,2.0,0.0,0.0,0.0,0.0
2025/11/24,12:47:25,0,106.0,206.0,232.0,253.0,5.0,195.0,4.0,2.0,0.0,0.0,0.0,0.0
2025/11/24,12:47:30,0,105.0,217.0,232.0,254.0,8.0,192.0,4.0,3.0,0.0,0.0,0.0,0.0
2025/11/24,12:47:35,0,106.0,215.0,231.0,254.0,7.0,195.0,3.0,2.0,0.0,0.0,0.0,0.0
2025/11/24,12:47:40,0,106.0,203.0,232.0,252.0,5.0,195.0,4.0,2.0,0.0,0.0,0.0,0.0
2025/11/24,12:47:45,0,108.0,192.0,231.0,254.0,10.0,193.0,3.0,3.0,0.0,0.0,0.0,0.0
2025/11/24,12:47:50,0,104.0,187.0,230.0,254.0,5.0,194.0,2.0,2.0,0.0,0.0,0.0,0.0
2025/11/24,12:47:55,0,105.0,195.0,230.0,254.0,4.0,194.0,1.0,1.0,0.0,0.0,0.0,0.0
2025/11/24,12:48:00,0,106.0,192.0,230.0,254.0,3.0,194.0,1.0,1.0,0.0,0.0,0.0,0.0
2025/11/24,12:48:05,0,105.0,198.0,232.0,254.0,0.0,193.0,1.0,1.0,0.0,0.0,0.0,0.0
2025/11/24,12:48:10,0,105.0,209.0,233.0,255.0,6.0,195.0,3.0,2.0,0.0,0.0,0.0,0.0
2025/11/24,12:48:15,0,104.0,221.0,232.0,254.0,6.0,193.0,4.0,2.0,0.0,0.0,0.0,0.0
2025/11/24,12:48:20,0,105.0,212.0,232.0,253.0,5.0,193.0,3.0,2.0,0.0,0.0,0.0,0.0
2025/11/24,12:48:25,0,107.0,196.0,230.0,254.0,5.0,194.0,2.0,2.0,0.0,0.0,0.0,0.0
2025/11/24,12:48:30,0,106.0,196.0,231.0,253.0,9.0,193.0,4.0,3.0,0.0,0.0,0.0,0.0
2025/11/24,12:48:35,0,106.0,189.0,231.0,254.0,6.0,193.0,2.0,2.0,0.0,0.0,0.0,0.0
2025/11/24,12:48:40,0,106.0,196.0,230.0,253.0,4.0,194.0,1.0,1.0,0.0,0.0,0.0,0.0
2025/11/24,12:48:45,0,111.0,197.0,230.0,254.0,4.0,195.0,1.0,1.0,0.0,0.0,0.0,0.0
2025/11/24,12:48:50,0,106.0,191.0,230.0,254.0,1.0,193.0,0.0,1.0,0.0,0.0,0.0,0.0
2025/11/24,12:48:55,0,104.0,197.0,234.0,252.0,0.0,195.0,2.0,1.0,0.0,0.0,0.0,0.0
2025/11/24,12:49:00,0,105.0,203.0,234.0,253.0,4.0,193.0,3.0,3.0,0.0,0.0,0.0,0.0
2025/11/24,12:49:05,0,106.0,219.0,232.0,254.0,7.0,194.0,4.0,2.0,0.0,0.0,0.0,0.0
2025/11/24,12:49:10,0,107.0,211.0,229.0,254.0,8.0,194.0,4.0,2.0,0.0,0.0,0.0,0.0
2025/11/24,12:49:15,0,105.0,186.0,230.0,254.0,8.0,195.0,3.0,3.0,0.0,0.0,0.0,0.0
2025/11/24,12:49:20,0,105.0,193.0,230.0,253.0,3.0,194.0,2.0,1.0,0.0,0.0,0.0,0.0
2025/11/24,12:49:25,0,107.0,194.0,229.0,254.0,7.0,194.0,2.0,2.0,0.0,0.0,0.0,0.0
2025/11/24,12:49:30,0,106.0,194.0,231.0,254.0,2.0,195.0,2.0,1.0,0.0,0.0,0.0,0.0
2025/11/24,12:49:35,0,105.0,202.0,232.0,253.0,4.0,193.0,3.0,2.0,0.0,0.0,0.0,0.0
2025/11/24,12:49:40,0,106.0,215.0,232.0,254.0,8.0,194.0,4.0,3.0,0.0,0.0,0.0,0.0
2025/11/24,12:49:45,0,107.0,215.0,233.0,253.0,6.0,194.0,4.0,2.0,0.0,0.0,0.0,0.0
2025/11/24,12:49:50,0,110.0,204.0,231.0,254.0,9.0,195.0,4.0,3.0,0.0,0.0,0.0,0.0
2025/11/24,12:49:55,0,103.0,189.0,230.0,254.0,12.0,195.0,4.0,3.0,0.0,0.0,0.0,0.0
2025/11/24,12:50:00,0,106.0,189.0,231.0,254.0,5.0,195.0,1.0,2.0,0.0,0.0,0.0,0.0
2025/11/24,12:50:05,0,104.0,201.0,227.0,254.0,3.0,194.0,0.0,1.0,0.0,0.0,0.0,0.0
2025/11/24,12:50:10,0,105.0,190.0,230.0,254.0,4.0,194.0,1.0,2.0,0.0,0.0,0.0,0.0
2025/11/24,12:50:15,0,106.0,196.0,231.0,254.0,0.0,195.0,1.0,1.0,0.0,0.0,0.0,0.0
2025/11/24,12:50:20,0,105.0,198.0,232.0,253.0,2.0,196.0,1.0,1.0,0.0,0.0,0.0,0.0
2025/11/24,12:50:25,0,106.0,212.0,233.0,254.0,7.0,193.0,2.0,3.0,0.0,0.0,0.0,0.0
2025/11/24,12:50:30,0,106.0,207.0,231.0,254.0,8.0,195.0,4.0,2.0,0.0,0.0,0.0,0.0
2025/11/24,12:50:35,0,106.0,189.0,228.0,254.0,7.0,194.0,2.0,2.0,0.0,0.0,0.0,0.0
2025/11/24,12:50:40,0,106.0,195.0,229.0,254.0,5.0,194.0,2.0,1.0,0.0,0.0,0.0,0.0
2025/11/24,12:50:45,0,104.0,194.0,230.0,254.0,3.0,194.0,1.0,1.0,0.0,0.0,0.0,0.0
2025/11/24,12:50:50,0,106.0,190.0,230.0,254.0,5.0,195.0,1.0,1.0,0.0,0.0,0.0,0.0
2025/11/24,12:50:55,0,104.0,194.0,230.0,254.0,5.0,193.0,0.0,1.0,0.0,0.0,0.0,0.0
2025/11/24,12:51:00,0,107.0,197.0,231.0,252.0,4.0,195.0,1.0,1.0,0.0,0.0,0.0,0.0
2025/11/24,12:51:05,0,107.0,196.0,230.0,254.0,4.0,193.0,1.0,1.0,0.0,0.0,0.0,0.0
2025/11/24,12:51:10,0,103.0,192.0,230.0,254.0,3.0,195.0,1.0,1.0,0.0,0.0,0.0,0.0
2025/11/24,12:51:15,0,108.0,193.0,230.0,254.0,0.0,195.0,0.0,1.0,0.0,0.0,0.0,0.0
2025/11/24,12:51:20,0,105.0,198.0,232.0,254.0,0.0,195.0,1.0,1.0,0.0,0.0,0.0,0.0
2025/11/24,12:51:25,0,106.0,202.0,232.0,253.0,4.0,193.0,2.0,2.0,0.0,0.0,0.0,0.0
2025/11/24,12:51:30,0,104.0,216.0,233.0,254.0,6.0,195.0,4.0,3.0,0.0,0.0,0.0,0.0
2025/11/24,12:51:35,0,104.0,209.0,232.0,254.0,7.0,194.0,4.0,2.0,0.0,0.0,0.0,0.0
2025/11/24,12:51:40,0,106.0,191.0,231.0,254.0,9.0,194.0,4.0,3.0,0.0,0.0,0.0,0.0
2025/11/24,12:51:45,0,105.0,194.0,230.0,253.0,4.0,194.0,1.0,1.0,0.0,0.0,0.0,0.0
2025/11/24,12:51:50,0,106.0,193.0,231.0,254.0,3.0,195.0,0.0,1.0,0.0,0.0,0.0,0.0
2025/11/24,12:51:55,0,106.0,211.0,233.0,254.0,5.0,195.0,4.0,3.0,0.0,0.0,0.0,0.0
2025/11/24,12:52:00,0,103.0,191.0,229.0,254.0,11.0,194.0,4.0,3.0,0.0,0.0,0.0,0.0
2025/11/24,12:52:05,0,109.0,192.0,230.0,254.0,5.0,195.0,1.0,2.0,0.0,0.0,0.0,0.0
2025/11/24,12:52:10,0,106.0,199.0,232.0,254.0,1.0,196.0,1.0,1.0,0.0,0.0,0.0,0.0
2025/11/24,12:52:15,0,107.0,210.0,233.0,254.0,6.0,193.0,2.0,2.0,0.0,0.0,0.0,0.0
2025/11/24,12:52:20,0,105.0,219.0,233.0,253.0,6.0,195.0,4.0,2.0,0.0,0.0,0.0,0.0
2025/11/24,12:52:25,0,108.0,204.0,231.0,254.0,8.0,194.0,5.0,2.0,0.0,0.0,0.0,0.0
2025/11/24,12:52:30,0,105.0,196.0,230.0,254.0,4.0,194.0,1.0,1.0,0.0,0.0,0.0,0.0
2025/11/24,12:52:35,0,106.0,195.0,231.0,254.0,3.0,195.0,1.0,1.0,0.0,0.0,0.0,0.0
2025/11/24,12:52:40,0,105.0,218.0,233.0,254.0,4.0,194.0,3.0,2.0,0.0,0.0,0.0,0.0
2025/11/24,12:52:45,0,103.0,190.0,230.0,254.0,5.0,195.0,1.0,1.0,0.0,0.0,0.0,0.0
2025/11/24,12:52:50,0,105.0,197.0,232.0,254.0,0.0,195.0,1.0,1.0,0.0,0.0,0.0,0.0
2025/11/24,12:52:55,0,104.0,200.0,231.0,254.0,9.0,195.0,3.0,3.0,0.0,0.0,0.0,0.0
2025/11/24,12:53:00,0,106.0,190.0,230.0,254.0,6.0,195.0,1.0,3.0,0.0,0.0,0.0,0.0
2025/11/24,12:53:05,0,106.0,212.0,233.0,254.0,5.0,194.0,3.0,2.0,0.0,0.0,0.0,0.0
2025/11/24,12:53:10,0,105.0,184.0,230.0,254.0,13.0,195.0,4.0,3.0,0.0,0.0,0.0,0.0
2025/11/24,12:53:15,0,107.0,192.0,230.0,253.0,3.0,193.0,1.0,2.0,0.0,0.0,0.0,0.0
2025/11/24,12:53:20,0,106.0,219.0,232.0,253.0,5.0,193.0,3.0,2.0,0.0,0.0,0.0,0.0
2025/11/24,12:53:25,0,106.0,197.0,229.0,254.0,4.0,195.0,2.0,1.0,0.0,0.0,0.0,0.0
2025/11/24,12:53:30,0,105.0,220.0,232.0,254.0,6.0,195.0,4.0,2.0,0.0,0.0,0.0,0.0
2025/11/24,12:53:35,0,105.0,190.0,230.0,254.0,3.0,196.0,1.0,1.0,0.0,0.0,0.0,0.0
2025/11/24,12:53:40,0,110.0,192.0,230.0,254.0,11.0,194.0,4.0,3.0,0.0,0.0,0.0,0.0
2025/11/24,12:53:45,0,106.0,208.0,233.0,254.0,4.0,194.0,4.0,2.0,0.0,0.0,0.0,0.0
2025/11/24,12:53:50,0,105.0,191.0,230.0,254.0,5.0,195.0,2.0,2.0,0.0,0.0,0.0,0.0
2025/11/24,12:53:55,0,106.0,187.0,229.0,254.0,8.0,195.0,3.0,2.0,0.0,0.0,0.0,0.0
2025/11/24,12:54:00,0,105.0,209.0,231.0,254.0,6.0,195.0,4.0,2.0,0.0,0.0,0.0,0.0
2025/11/24,12:54:05,0,105.0,213.0,232.0,254.0,6.0,196.0,3.0,2.0,0.0,0.0,0.0,0.0
2025/11/24,12:54:10,0,108.0,196.0,231.0,254.0,0.0,194.0,1.0,1.0,0.0,0.0,0.0,0.0
2025/11/24,12:54:15,0,105.0,203.0,229.0,254.0,6.0,195.0,1.0,1.0,0.0,0.0,0.0,0.0
2025/11/24,12:54:20,0,104.0,198.0,228.0,254.0,9.0,196.0,3.0,2.0,0.0,0.0,0.0,0.0
2025/11/24,12:54:25,0,105.0,213.0,232.0,254.0,5.0,194.0,4.0,2.0,0.0,0.0,0.0,0.0
2025/11/24,12:54:30,0,105.0,196.0,231.0,253.0,0.0,195.0,1.0,1.0,0.0,0.0,0.0,0.0
2025/11/24,12:54:35,0,103.0,198.0,230.0,254.0,4.0,195.0,1.0,1.0,0.0,0.0,0.0,0.0
2025/11/24,12:54:40,0,106.0,187.0,230.0,254.0,10.0,195.0,4.0,3.0,0.0,0.0,0.0,0.0
2025/11/24,12:54:45,0,104.0,210.0,232.0,254.0,6.0,195.0,2.0,2.0,0.0,0.0,0.0,0.0
2025/11/24,12:54:50,0,105.0,207.0,231.0,254.0,5.0,196.0,3.0,2.0,0.0,0.0,0.0,0.0
2025/11/24,12:54:55,0,106.0,196.0,231.0,255.0,0.0,193.0,1.0,1.0,0.0,0.0,0.0,0.0
2025/11/24,12:55:00,0,105.0,200.0,229.0,254.0,4.0,195.0,1.0,2.0,0.0,0.0,0.0,0.0
2025/11/24,12:55:25,0,106.0,199.0,231.0,254.0,8.0,194.0,5.0,3.0,0.0,0.0,0.0,0.0
2025/11/24,12:55:29,0,104.0,201.0,230.0,254.0,5.0,194.0,2.0,1.0,0.0,0.0,0.0,0.0
2025/11/24,12:55:34,0,105.0,188.0,230.0,254.0,13.0,196.0,3.0,3.0,0.0,0.0,0.0,0.0
2025/11/24,12:55:39,0,101.0,218.0,231.0,254.0,7.0,196.0,3.0,2.0,0.0,0.0,0.0,0.0
2025/11/24,12:55:44,0,105.0,198.0,232.0,254.0,1.0,196.0,2.0,2.0,0.0,0.0,0.0,0.0
2025/11/24,12:55:49,0,104.0,191.0,229.0,254.0,5.0,195.0,3.0,2.0,0.0,0.0,0.0,0.0
2025/11/24,12:55:54,0,106.0,191.0,227.0,254.0,7.0,195.0,2.0,2.0,0.0,0.0,0.0,0.0
2025/11/24,12:55:59,0,104.0,200.0,231.0,254.0,8.0,195.0,4.0,3.0,0.0,0.0,0.0,0.0
2025/11/24,12:56:04,0,106.0,218.0,231.0,254.0,6.0,196.0,3.0,3.0,0.0,0.0,0.0,0.0
2025/11/24,12:56:09,0,103.0,197.0,232.0,254.0,0.0,196.0,1.0,1.0,0.0,0.0,0.0,0.0
2025/11/24,12:56:14,0,105.0,196.0,227.0,254.0,6.0,195.0,1.0,2.0,0.0,0.0,0.0,0.0
2025/11/24,12:56:19,0,106.0,210.0,232.0,254.0,2.0,195.0,2.0,2.0,0.0,0.0,0.0,0.0
2025/11/24,12:56:24,0,103.0,194.0,232.0,255.0,0.0,195.0,1.0,1.0,0.0,0.0,0.0,0.0
2025/11/24,12:56:29,0,106.0,189.0,229.0,254.0,9.0,195.0,2.0,2.0,0.0,0.0,0.0,0.0
2025/11/24,12:56:34,0,106.0,213.0,232.0,253.0,4.0,195.0,3.0,3.0,0.0,0.0,0.0,0.0
2025/11/24,12:56:39,0,106.0,198.0,230.0,254.0,5.0,195.0,2.0,2.0,0.0,0.0,0.0,0.0
2025/11/24,12:56:44,0,106.0,219.0,233.0,254.0,4.0,195.0,3.0,2.0,0.0,0.0,0.0,0.0
2025/11/24,12:56:49,0,107.0,200.0,230.0,254.0,6.0,194.0,2.0,2.0,0.0,0.0,0.0,0.0
2025/11/24,12:56:54,0,105.0,217.0,233.0,254.0,5.0,194.0,4.0,2.0,0.0,0.0,0.0,0.0
2025/11/24,12:56:59,0,104.0,193.0,230.0,254.0,6.0,194.0,2.0,2.0,0.0,0.0,0.0,0.0
2025/11/24,12:57:04,0,106.0,204.0,232.0,252.0,2.0,196.0,2.0,2.0,0.0,0.0,0.0,0.0
2025/11/24,12:57:09,0,107.0,185.0,231.0,252.0,15.0,196.0,3.0,3.0,0.0,0.0,0.0,0.0
2025/11/24,12:57:14,0,105.0,197.0,229.0,254.0,0.0,196.0,1.0,1.0,0.0,0.0,0.0,0.0
2025/11/24,12:57:19,0,107.0,198.0,230.0,256.0,8.0,196.0,3.0,3.0,0.0,0.0,0.0,0.0
2025/11/24,12:57:24,0,104.0,194.0,231.0,254.0,2.0,194.0,2.0,1.0,0.0,0.0,0.0,0.0
2025/11/24,12:57:29,0,105.0,209.0,231.0,254.0,5.0,195.0,2.0,2.0,0.0,0.0,0.0,0.0
2025/11/24,12:57:34,0,107.0,200.0,229.0,254.0,6.0,195.0,2.0,2.0,0.0,0.0,0.0,0.0
2025/11/24,12:57:39,0,108.0,203.0,232.0,254.0,1.0,195.0,3.0,2.0,0.0,0.0,0.0,0.0
2025/11/24,12:57:44,0,108.0,204.0,231.0,254.0,9.0,196.0,3.0,3.0,0.0,0.0,0.0,0.0
2025/11/24,12:57:49,0,109.0,197.0,228.0,254.0,7.0,194.0,2.0,3.0,0.0,0.0,0.0,0.0
2025/11/24,12:57:54,0,107.0,208.0,233.0,252.0,4.0,196.0,3.0,2.0,0.0,0.0,0.0,0.0
2025/11/24,12:57:59,0,104.0,196.0,230.0,254.0,12.0,195.0,4.0,3.0,0.0,0.0,0.0,0.0
2025/11/24,12:58:04,0,107.0,192.0,230.0,254.0,4.0,195.0,3.0,1.0,0.0,0.0,0.0,0.0
2025/11/24,12:58:09,0,107.0,208.0,232.0,254.0,5.0,195.0,3.0,2.0,0.0,0.0,0.0,0.0
2025/11/24,12:58:14,0,106.0,205.0,232.0,254.0,4.0,196.0,3.0,2.0,0.0,0.0,0.0,0.0
2025/11/24,12:58:19,0,107.0,191.0,230.0,254.0,7.0,195.0,3.0,2.0,0.0,0.0,0.0,0.0
2025/11/24,12:58:24,0,109.0,194.0,230.0,253.0,6.0,195.0,2.0,2.0,0.0,0.0,0.0,0.0
2025/11/24,12:58:29,0,106.0,194.0,231.0,254.0,1.0,195.0,2.0,1.0,0.0,0.0,0.0,0.0
2025/11/24,12:58:34,0,105.0,196.0,232.0,254.0,0.0,196.0,1.0,0.0,0.0,0.0,0.0,0.0
2025/11/24,12:58:39,0,107.0,199.0,232.0,253.0,0.0,196.0,1.0,0.0,0.0,0.0,0.0,0.0
2025/11/24,12:58:44,0,106.0,199.0,231.0,255.0,7.0,195.0,2.0,2.0,0.0,0.0,0.0,0.0
2025/11/24,12:58:49,0,104.0,201.0,232.0,253.0,1.0,195.0,2.0,1.0,0.0,0.0,0.0,0.0
2025/11/24,12:58:54,0,105.0,199.0,232.0,253.0,0.0,196.0,1.0,1.0,0.0,0.0,0.0,0.0
2025/11/24,12:58:59,0,106.0,198.0,232.0,253.0,1.0,194.0,0.0,1.0,0.0,0.0,0.0,0.0
2025/11/24,12:59:04,0,105.0,197.0,231.0,254.0,0.0,196.0,1.0,1.0,0.0,0.0,0.0,0.0
2025/11/24,12:59:09,0,107.0,197.0,231.0,254.0,0.0,197.0,0.0,1.0,0.0,0.0,0.0,0.0
2025/11/24,12:59:14,0,107.0,198.0,233.0,254.0,0.0,196.0,1.0,1.0,0.0,0.0,0.0,0.0
2025/11/24,12:59:19,0,104.0,198.0,233.0,255.0,0.0,195.0,0.0,1.0,0.0,0.0,0.0,0.0
2025/11/24,12:59:24,0,105.0,199.0,231.0,254.0,0.0,196.0,1.0,1.0,0.0,0.0,0.0,0.0
2025/11/24,12:59:29,0,106.0,207.0,232.0,254.0,3.0,196.0,2.0,2.0,0.0,0.0,0.0,0.0
2025/11/24,12:59:34,0,107.0,219.0,232.0,254.0,4.0,195.0,4.0,2.0,0.0,0.0,0.0,0.0
2025/11/24,12:59:39,0,104.0,207.0,233.0,254.0,6.0,195.0,3.0,2.0,0.0,0.0,0.0,0.0
2025/11/24,12:59:44,0,105.0,192.0,230.0,254.0,7.0,196.0,1.0,2.0,0.0,0.0,0.0,0.0
2025/11/24,12:59:49,0,107.0,195.0,230.0,255.0,6.0,194.0,2.0,2.0,-0.0008,0.0,0.0,0.0
2025/11/24,12:59:54,0,105.0,195.0,231.0,253.0,0.0,196.0,1.0,1.0,0.0,0.0,0.0,0.0
2025/11/24,12:59:59,0,105.0,203.0,232.0,254.0,2.0,195.0,2.0,1.0,0.0,0.0,0.0,0.0
2025/11/24,13:00:04,0,106.0,209.0,231.0,254.0,7.0,195.0,4.0,2.0,0.0,0.0,0.0,0.0
2025/11/24,13:00:09,0,106.0,197.0,227.0,254.0,6.0,195.0,2.0,2.0,0.0,0.0,0.0,0.0
2025/11/24,13:00:14,0,106.0,192.0,229.0,254.0,2.0,195.0,1.0,1.0,0.0,0.0,0.0,0.0
2025/11/24,13:00:19,0,107.0,201.0,232.0,254.0,1.0,195.0,2.0,1.0,0.0,0.0,0.0,0.0
2025/11/24,13:00:24,0,106.0,211.0,233.0,254.0,4.0,195.0,3.0,2.0,0.0,0.0,0.0,0.0
2025/11/24,13:00:29,0,106.0,216.0,232.0,254.0,1.0,194.0,3.0,2.0,0.0,0.0,0.0,0.0
2025/11/24,13:00:34,0,107.0,207.0,231.0,255.0,5.0,195.0,4.0,2.0,0.0,0.0,0.0,0.0
2025/11/24,13:00:39,0,108.0,195.0,231.0,254.0,14.0,195.0,4.0,3.0,0.0,0.0,0.0,0.0
2025/11/24,13:00:44,0,106.0,184.0,230.0,253.0,12.0,196.0,3.0,4.0,0.0,0.0,0.0,0.0
2025/11/24,13:00:49,0,106.0,192.0,232.0,254.0,9.0,195.0,2.0,2.0,0.0,0.0,0.0,0.0
2025/11/24,13:00:54,0,104.0,198.0,230.0,254.0,5.0,195.0,2.0,2.0,0.0,0.0,0.0,0.0
2025/11/24,13:00:59,0,101.0,200.0,230.0,254.0,8.0,195.0,3.0,2.0,0.0,0.0,0.0,0.0
2025/11/24,13:01:04,0,105.0,200.0,228.0,254.0,6.0,195.0,2.0,2.0,0.0,0.0,0.0,0.0
2025/11/24,13:01:09,0,104.0,195.0,228.0,254.0,5.0,196.0,2.0,2.0,0.0,0.0,0.0,0.0
2025/11/24,13:01:14,0,106.0,194.0,230.0,254.0,5.0,196.0,2.0,2.0,0.0,0.0,0.0,0.0
2025/11/24,13:01:19,0,105.0,198.0,230.0,254.0,6.0,195.0,1.0,2.0,0.0,0.0,0.0,0.0
2025/11/24,13:01:24,0,106.0,201.0,231.0,254.0,7.0,195.0,2.0,1.0,0.0,0.0,0.0,0.0
2025/11/24,13:01:29,0,106.0,191.0,227.0,254.0,5.0,195.0,2.0,2.0,0.0,0.0,0.0,0.0
2025/11/24,13:01:34,0,106.0,194.0,229.0,254.0,3.0,196.0,1.0,2.0,0.0,0.0,0.0,0.0
2025/11/24,13:01:39,0,104.0,196.0,231.0,255.0,0.0,195.0,1.0,1.0,0.0,0.0,0.0,0.0
2025/11/24,13:01:44,0,105.0,219.0,233.0,254.0,4.0,196.0,3.0,2.0,0.0,0.0,0.0,0.0
2025/11/24,13:01:49,0,108.0,207.0,233.0,254.0,8.0,194.0,3.0,2.0,0.0,0.0,0.0,0.0
2025/11/24,13:01:54,0,102.0,186.0,229.0,254.0,8.0,195.0,3.0,3.0,0.0,0.0,0.0,0.0
2025/11/24,13:01:59,0,104.0,195.0,230.0,254.0,7.0,195.0,2.0,2.0,0.0,0.0,0.0,0.0
2025/11/24,13:02:04,0,102.0,201.0,229.0,254.0,7.0,196.0,2.0,2.0,0.0,0.0,0.0,0.0
2025/11/24,13:02:09,0,105.0,192.0,230.0,253.0,4.0,194.0,2.0,2.0,0.0,0.0,0.0,0.0
2025/11/24,13:02:14,0,106.0,196.0,231.0,255.0,0.0,195.0,0.0,1.0,0.0,0.0,0.0,0.0
2025/11/24,13:02:19,0,104.0,202.0,233.0,253.0,1.0,195.0,3.0,2.0,0.0,0.0,0.0,0.0
2025/11/24,13:02:24,0,104.0,217.0,230.0,254.0,4.0,195.0,3.0,2.0,0.0,0.0,0.0,0.0
2025/11/24,13:02:29,0,105.0,207.0,231.0,254.0,6.0,195.0,2.0,2.0,0.0,0.0,0.0,0.0
2025/11/24,13:02:34,0,104.0,190.0,229.0,254.0,8.0,196.0,2.0,2.0,0.0,0.0,0.0,0.0
2025/11/24,13:02:39,0,103.0,199.0,229.0,254.0,7.0,195.0,2.0,2.0,0.0,0.0,0.0,0.0
2025/11/24,13:02:44,0,105.0,193.0,230.0,254.0,5.0,196.0,2.0,2.0,0.0,0.0,0.0,0.0
2025/11/24,13:02:49,0,104.0,197.0,232.0,254.0,0.0,196.0,1.0,1.0,0.0,0.0,0.0,0.0
2025/11/24,13:02:54,0,104.0,222.0,232.0,254.0,6.0,196.0,2.0,2.0,0.0,0.0,0.0,0.0
2025/11/24,13:02:59,0,101.0,192.0,230.0,254.0,12.0,194.0,3.0,3.0,0.0,0.0,0.0,0.0
2025/11/24,13:03:04,0,103.0,195.0,230.0,254.0,6.0,195.0,2.0,2.0,0.0,0.0,0.0,0.0
2025/11/24,13:03:09,0,102.0,189.0,230.0,254.0,6.0,196.0,2.0,3.0,0.0,0.0,0.0,0.0
2025/11/24,13:03:14,0,103.0,196.0,231.0,254.0,0.0,196.0,1.0,1.0,0.0,0.0,0.0,0.0
2025/11/24,13:03:19,0,101.0,213.0,231.0,254.0,5.0,195.0,2.0,2.0,0.0,0.0,0.0,0.0
2025/11/24,13:03:24,0,105.0,207.0,229.0,254.0,7.0,195.0,3.0,4.0,0.0,0.0,0.0,0.0
2025/11/24,13:03:29,0,103.0,189.0,227.0,254.0,8.0,195.0,2.0,2.0,0.0,0.0,0.0,0.0
2025/11/24,13:03:34,0,106.0,196.0,230.0,254.0,0.0,195.0,1.0,1.0,0.0,0.0,0.0,0.0
2025/11/24,13:03:39,0,104.0,214.0,232.0,253.0,4.0,194.0,2.0,2.0,0.0,0.0,0.0,0.0
2025/11/24,13:03:44,0,101.0,198.0,232.0,254.0,9.0,194.0,4.0,2.0,0.0,0.0,0.0,0.0
2025/11/24,13:03:49,0,104.0,196.0,230.0,254.0,6.0,196.0,1.0,2.0,0.0,0.0,0.0,0.0
2025/11/24,13:03:54,0,102.0,194.0,231.0,253.0,2.0,196.0,0.0,1.0,0.0,0.0,0.0,0.0
2025/11/24,13:03:59,0,102.0,203.0,233.0,253.0,1.0,194.0,3.0,2.0,0.0,0.0,0.0,0.0
2025/11/24,13:04:04,0,99.0,213.0,232.0,254.0,5.0,196.0,2.0,2.0,0.0,0.0,0.0,0.0
2025/11/24,13:04:09,0,102.0,187.0,230.0,254.0,10.0,196.0,3.0,2.0,0.0,0.0,0.0,0.0
2025/11/24,13:04:14,0,104.0,191.0,228.0,254.0,4.0,195.0,1.0,2.0,0.0,0.0,0.0,0.0
2025/11/24,13:04:19,0,102.0,207.0,231.0,254.0,3.0,195.0,2.0,2.0,0.0,0.0,0.0,0.0
2025/11/24,13:04:24,0,105.0,209.0,231.0,255.0,4.0,196.0,3.0,2.0,0.0,0.0,0.0,0.0
2025/11/24,13:04:29,0,102.0,187.0,230.0,253.0,9.0,195.0,2.0,2.0,0.0,0.0,0.0,0.0
2025/11/24,13:04:34,0,103.0,201.0,230.0,254.0,8.0,195.0,3.0,2.0,0.0,0.0,0.0,0.0
2025/11/24,13:04:39,0,104.0,195.0,230.0,254.0,0.0,195.0,1.0,1.0,0.0,0.0,0.0,0.0
2025/11/24,13:04:44,0,104.0,206.0,232.0,254.0,3.0,196.0,3.0,2.0,0.0,0.0,0.0,0.0
2025/11/24,13:04:49,0,102.0,209.0,230.0,254.0,5.0,195.0,3.0,2.0,0.0,0.0,0.0,0.0
2025/11/24,13:04:54,0,103.0,189.0,230.0,254.0,10.0,195.0,3.0,3.0,0.0,0.0,0.0,0.0
2025/11/24,13:04:59,0,104.0,202.0,230.0,254.0,8.0,195.0,2.0,2.0,0.0,0.0,0.0,0.0
2025/11/24,13:05:04,0,106.0,193.0,230.0,254.0,2.0,194.0,2.0,2.0,0.0,0.0,0.0,0.0
2025/11/24,13:05:09,0,105.0,206.0,232.0,254.0,2.0,196.0,3.0,2.0,0.0,0.0,0.0,0.0
2025/11/24,13:06:05,0,100.0,208.0,230.0,254.0,4.0,195.0,3.0,2.0,0.0,0.0,0.0,0.0
2025/11/24,13:06:09,0,102.0,195.0,230.0,254.0,7.0,195.0,2.0,2.0,0.0,0.0,0.0,0.0
2025/11/24,13:06:14,0,103.0,193.0,230.0,253.0,4.0,195.0,2.0,2.0,0.0,0.0,0.0,0.0
2025/11/24,13:06:19,0,104.0,201.0,230.0,254.0,2.0,196.0,2.0,2.0,0.0,0.0,0.0,0.0
2025/11/24,13:06:24,0,103.0,219.0,233.0,255.0,3.0,194.0,3.0,2.0,0.0,0.0,0.0,0.0
2025/11/24,13:06:29,0,104.0,192.0,231.0,254.0,12.0,194.0,3.0,3.0,0.0,0.0,0.0,0.0
2025/11/24,13:06:34,0,104.0,194.0,230.0,254.0,7.0,194.0,2.0,2.0,0.0,0.0,0.0,0.0
2025/11/24,13:06:39,0,104.0,191.0,231.0,253.0,6.0,196.0,2.0,2.0,0.0,0.0,0.0,0.0
2025/11/24,13:06:44,0,104.0,194.0,230.0,255.0,2.0,194.0,1.0,2.0,0.0,0.0,0.0,0.0
2025/11/24,13:06:49,0,102.0,200.0,233.0,254.0,0.0,195.0,1.0,1.0,0.0,0.0,0.0,0.0
2025/11/24,13:06:54,0,103.0,208.0,232.0,254.0,4.0,196.0,2.0,2.0,0.0,0.0,0.0,0.0
2025/11/24,13:06:59,0,103.0,216.0,233.0,254.0,3.0,195.0,3.0,2.0,0.0,0.0,0.0,0.0
2025/11/24,13:07:04,0,98.0,216.0,233.0,253.0,1.0,195.0,2.0,1.0,0.0,0.0,0.0,0.0
2025/11/24,13:07:09,0,104.0,213.0,234.0,252.0,3.0,194.0,2.0,2.0,0.0,0.0,0.0,0.0
2025/11/24,13:07:14,0,103.0,210.0,230.0,254.0,4.0,195.0,3.0,2.0,0.0,0.0,0.0,0.0
2025/11/24,13:07:19,0,100.0,202.0,232.0,254.0,7.0,196.0,3.0,2.0,0.0,0.0,0.0,0.0
2025/11/24,13:07:24,0,101.0,193.0,230.0,254.0,15.0,196.0,3.0,3.0,0.0,0.0,0.0,0.0
2025/11/24,13:07:29,0,103.0,186.0,231.0,253.0,9.0,195.0,3.0,3.0,0.0,0.0,0.0,0.0
2025/11/24,13:07:34,0,102.0,188.0,231.0,257.0,12.0,194.0,4.0,2.0,0.0,0.0,0.0,0.0
2025/11/24,13:07:39,0,103.0,189.0,231.0,255.0,9.0,195.0,3.0,2.0,0.0,0.0,0.0,0.0
2025/11/24,13:07:44,0,103.0,194.0,230.0,254.0,7.0,195.0,2.0,2.0,0.0,0.0,0.0,0.0
2025/11/24,13:07:49,0,103.0,201.0,230.0,253.0,7.0,196.0,2.0,2.0,0.0,0.0,0.0,0.0
2025/11/24,13:07:54,0,103.0,194.0,231.0,253.0,8.0,194.0,3.0,4.0,0.0,0.0,0.0,0.0
2025/11/24,13:07:59,0,104.0,192.0,228.0,254.0,6.0,194.0,2.0,2.0,0.0,0.0,0.0,0.0
2025/11/24,13:08:04,0,108.0,220.0,233.0,254.0,0.0,194.0,3.0,2.0,0.0,0.0,0.0,0.0
2025/11/24,13:08:09,0,104.0,192.0,230.0,254.0,4.0,195.0,2.0,2.0,0.0,0.0,0.0,0.0
2025/11/24,13:08:14,0,104.0,193.0,229.0,254.0,3.0,195.0,1.0,1.0,0.0,0.0,0.0,0.0
2025/11/24,13:08:19,0,102.0,199.0,232.0,253.0,0.0,196.0,1.0,0.0,0.0,0.0,0.0,0.0
2025/11/24,13:08:24,0,103.0,210.0,231.0,254.0,3.0,195.0,2.0,2.0,0.0,0.0,0.0,0.0
2025/11/24,13:08:29,0,103.0,221.0,233.0,252.0,2.0,195.0,2.0,2.0,0.0,0.0,0.0,0.0
2025/11/24,13:08:34,0,102.0,211.0,232.0,254.0,3.0,194.0,2.0,2.0,0.0,0.0,0.0,0.0
2025/11/24,13:08:39,0,103.0,206.0,231.0,254.0,11.0,196.0,3.0,2.0,0.0,0.0,0.0,0.0
2025/11/24,13:08:44,0,103.0,193.0,230.0,255.0,10.0,195.0,3.0,3.0,0.0,0.0,0.0,0.0
2025/11/24,13:08:49,0,104.0,191.0,230.0,254.0,8.0,195.0,2.0,2.0,0.0,0.0,0.0,0.0
2025/11/24,13:08:54,0,104.0,199.0,229.0,254.0,8.0,195.0,3.0,2.0,0.0,0.0,0.0,0.0
2025/11/24,13:08:59,0,101.0,193.0,229.0,254.0,2.0,195.0,1.0,1.0,0.0,0.0,0.0,0.0
2025/11/24,13:09:04,0,103.0,205.0,233.0,254.0,2.0,194.0,2.0,2.0,0.0,0.0,0.0,0.0
2025/11/24,13:09:09,0,103.0,208.0,231.0,255.0,6.0,195.0,3.0,2.0,0.0,0.0,0.0,0.0
2025/11/24,13:09:14,0,104.0,191.0,230.0,255.0,7.0,194.0,2.0,2.0,0.0,0.0,0.0,0.0
2025/11/24,13:09:19,0,104.0,191.0,231.0,255.0,6.0,194.0,3.0,2.0,0.0,0.0,0.0,0.0
2025/11/24,13:09:24,0,100.0,199.0,232.0,254.0,1.0,196.0,2.0,2.0,0.0,0.0,0.0,0.0
2025/11/24,13:09:29,0,100.0,216.0,231.0,254.0,2.0,195.0,3.0,2.0,0.0,0.0,0.0,0.0
2025/11/24,13:09:34,0,101.0,189.0,228.0,255.0,14.0,195.0,4.0,3.0,0.0,0.0,0.0,0.0
2025/11/24,13:09:39,0,105.0,199.0,231.0,252.0,7.0,195.0,3.0,2.0,0.0,0.0,0.0,0.0
2025/11/24,13:09:44,0,103.0,198.0,232.0,255.0,0.0,195.0,1.0,1.0,0.0,0.0,0.0,0.0
2025/11/24,13:09:49,0,102.0,216.0,231.0,254.0,3.0,195.0,2.0,1.0,0.0,0.0,0.0,0.0
2025/11/24,13:09:54,0,101.0,186.0,230.0,254.0,9.0,196.0,2.0,3.0,0.0,0.0,0.0,0.0
2025/11/24,13:09:59,0,104.0,191.0,230.0,254.0,8.0,195.0,3.0,2.0,0.0,0.0,0.0,0.0
2025/11/24,13:10:04,0,102.0,206.0,232.0,254.0,2.0,196.0,2.0,2.0,0.0,0.0,0.0,0.0
2025/11/24,13:10:09,0,102.0,195.0,231.0,254.0,15.0,196.0,3.0,3.0,0.0,0.0,0.0,0.0
2025/11/24,13:10:14,0,103.0,189.0,230.0,254.0,7.0,196.0,2.0,2.0,0.0,0.0,0.0,0.0
2025/11/24,13:10:19,0,102.0,219.0,230.0,254.0,4.0,195.0,3.0,2.0,0.0,0.0,0.0,0.0
2025/11/24,13:10:24,0,101.0,196.0,230.0,254.0,6.0,195.0,2.0,2.0,0.0,0.0,0.0,0.0
2025/11/24,13:10:29,0,103.0,207.0,233.0,253.0,2.0,197.0,2.0,2.0,0.0,0.0,0.0,0.0
2025/11/24,13:10:34,0,103.0,188.0,230.0,253.0,9.0,196.0,2.0,3.0,0.0,0.0,0.0,0.0
2025/11/24,13:10:39,0,102.0,197.0,233.0,253.0,0.0,196.0,1.0,1.0,0.0,0.0,0.0,0.0
2025/11/24,13:10:44,0,103.0,190.0,231.0,254.0,13.0,196.0,3.0,2.0,0.0,0.0,0.0,0.0
2025/11/24,13:10:49,0,101.0,197.0,232.0,255.0,0.0,195.0,1.0,1.0,0.0,0.0,0.0,0.0
2025/11/24,13:10:54,0,100.0,197.0,231.0,254.0,11.0,194.0,3.0,3.0,0.0,0.0,0.0,0.0
2025/11/24,13:10:59,0,101.0,196.0,232.0,254.0,0.0,195.0,1.0,1.0,0.0,0.0,0.0,0.0
2025/11/24,13:11:04,0,104.0,200.0,231.0,254.0,9.0,196.0,2.0,3.0,0.0,0.0,0.0,0.0
2025/11/24,13:11:09,0,104.0,193.0,230.0,254.0,1.0,196.0,1.0,2.0,0.0,0.0,0.0,0.0
2025/11/24,13:11:14,0,105.0,208.0,232.0,254.0,5.0,196.0,2.0,2.0,0.0,0.0,0.0,0.0
2025/11/24,13:11:19,0,102.0,191.0,230.0,254.0,6.0,195.0,2.0,2.0,0.0,0.0,0.0,0.0
2025/11/24,13:11:24,0,102.0,219.0,232.0,254.0,6.0,196.0,3.0,2.0,0.0,0.0,0.0,0.0
2025/11/24,13:11:29,0,103.0,193.0,230.0,253.0,6.0,194.0,3.0,2.0,0.0,0.0,0.0,0.0
2025/11/24,13:11:34,0,102.0,200.0,232.0,254.0,0.0,196.0,1.0,2.0,0.0,0.0,0.0,0.0
2025/11/24,13:11:39,0,103.0,204.0,232.0,254.0,6.0,196.0,2.0,2.0,0.0,0.0,0.0,0.0
2025/11/24,13:11:44,0,102.0,198.0,230.0,255.0,8.0,195.0,2.0,2.0,0.0,0.0,0.0,0.0
2025/11/24,13:11:49,0,103.0,207.0,233.0,254.0,3.0,195.0,3.0,1.0,0.0,0.0,0.0,0.0
2025/11/24,13:11:54,0,101.0,199.0,231.0,254.0,9.0,196.0,3.0,3.0,0.0,0.0,0.0,0.0
2025/11/24,13:11:59,0,103.0,192.0,230.0,251.0,6.0,195.0,3.0,3.0,0.0,0.0,0.0,0.0
2025/11/24,13:12:04,0,101.0,221.0,232.0,255.0,4.0,195.0,3.0,2.0,0.0,0.0,0.0,0.0
2025/11/24,13:12:09,0,102.0,202.0,230.0,255.0,7.0,195.0,2.0,2.0,0.0,0.0,0.0,0.0
2025/11/24,13:12:14,0,102.0,212.0,233.0,254.0,3.0,195.0,3.0,2.0,0.0,0.0,0.0,0.0
2025/11/24,13:12:19,0,101.0,189.0,230.0,254.0,10.0,195.0,3.0,3.0,0.0,0.0,0.0,0.0
2025/11/24,13:12:24,0,101.0,196.0,233.0,254.0,0.0,195.0,1.0,0.0,0.0,0.0,0.0,0.0
2025/11/24,13:12:29,0,100.0,189.0,230.0,255.0,12.0,195.0,3.0,3.0,0.0,0.0,0.0,0.0
2025/11/24,13:12:34,0,102.0,198.0,233.0,255.0,1.0,196.0,1.0,1.0,0.0,0.0,0.0,0.0
2025/11/24,13:12:39,0,100.0,188.0,230.0,254.0,9.0,196.0,2.0,2.0,0.0,0.0,0.0,0.0
2025/11/24,13:12:44,0,99.0,207.0,231.0,255.0,3.0,195.0,3.0,2.0,0.0,0.0,0.0,0.0
2025/11/24,13:12:49,0,101.0,194.0,231.0,254.0,8.0,196.0,2.0,2.0,0.0,0.0,0.0,0.0
2025/11/24,13:12:54,0,101.0,220.0,232.0,253.0,5.0,194.0,3.0,2.0,0.0,0.0,0.0,0.0
2025/11/24,13:12:59,0,100.0,194.0,231.0,254.0,2.0,196.0,1.0,1.0,0.0,0.0,0.0,0.0
2025/11/24,13:13:04,0,100.0,188.0,230.0,255.0,8.0,195.0,2.0,2.0,0.0,0.0,0.0,0.0
2025/11/24,13:13:09,0,101.0,221.0,233.0,254.0,3.0,194.0,3.0,2.0,0.0,0.0,0.0,0.0
2025/11/24,13:13:14,0,103.0,196.0,230.0,254.0,2.0,196.0,1.0,2.0,0.0,0.0,0.0,0.0
2025/11/24,13:13:19,0,103.0,191.0,230.0,254.0,7.0,195.0,2.0,2.0,0.0,0.0,0.0,0.0
2025/11/24,13:13:24,0,103.0,211.0,233.0,255.0,3.0,195.0,4.0,2.0,0.0,0.0,0.0,0.0
2025/11/24,13:13:29,0,103.0,201.0,232.0,255.0,3.0,196.0,2.0,2.0,0.0,0.0,0.0,0.0
2025/11/24,13:13:34,0,98.0,195.0,230.0,254.0,9.0,195.0,3.0,2.0,0.0,0.0,0.0,0.0
2025/11/24,13:13:39,0,103.0,186.0,230.0,253.0,13.0,195.0,4.0,2.0,0.0,0.0,0.0,0.0
2025/11/24,13:13:44,0,102.0,218.0,232.0,254.0,4.0,195.0,3.0,2.0,0.0,0.0,0.0,0.0
2025/11/24,13:13:49,0,100.0,195.0,232.0,254.0,0.0,195.0,2.0,0.0,0.0,0.0,0.0,0.0
2025/11/24,13:13:54,0,102.0,200.0,230.0,255.0,7.0,196.0,2.0,2.0,0.0,0.0,0.0,0.0
2025/11/24,13:13:59,0,102.0,193.0,231.0,254.0,10.0,195.0,4.0,2.0,0.0,0.0,0.0,0.0
2025/11/24,13:14:04,0,101.0,213.0,232.0,255.0,2.0,197.0,2.0,2.0,0.0,0.0,0.0,0.0
2025/11/24,13:14:09,0,104.0,196.0,232.0,256.0,0.0,195.0,1.0,1.0,0.0,0.0,0.0,0.0
2025/11/24,13:14:14,0,102.0,193.0,230.0,255.0,6.0,196.0,1.0,2.0,0.0,0.0,0.0,0.0
2025/11/24,13:14:19,0,106.0,208.0,232.0,253.0,4.0,195.0,2.0,2.0,0.0,0.0,0.0,0.0
2025/11/24,13:14:24,0,102.0,202.0,233.0,254.0,2.0,195.0,2.0,2.0,0.0,0.0,0.0,0.0
2025/11/24,13:14:29,0,104.0,192.0,230.0,254.0,5.0,197.0,2.0,2.0,0.0,0.0,0.0,0.0
2025/11/24,13:14:34,0,102.0,193.0,230.0,254.0,8.0,196.0,3.0,2.0,0.0,0.0,0.0,0.0
2025/11/24,13:14:39,0,103.0,204.0,231.0,255.0,8.0,196.0,4.0,3.0,0.0,0.0,0.0,0.0
2025/11/24,13:14:44,0,101.0,207.0,232.0,254.0,2.0,195.0,2.0,2.0,0.0,0.0,0.0,0.0
2025/11/24,13:14:49,0,103.0,193.0,231.0,255.0,2.0,195.0,2.0,2.0,0.0,0.0,0.0,0.0
2025/11/24,13:14:54,0,103.0,197.0,230.0,254.0,7.0,196.0,2.0,2.0,0.0,0.0,0.0,0.0
2025/11/24,13:14:59,0,103.0,189.0,228.0,255.0,11.0,196.0,3.0,4.0,0.0,0.0,0.0,0.0
2025/11/24,13:15:04,0,101.0,204.0,232.0,255.0,8.0,196.0,3.0,2.0,0.0,0.0,0.0,0.0
2025/11/24,13:15:09,0,103.0,212.0,232.0,254.0,4.0,197.0,2.0,2.0,0.0,0.0,0.0,0.0
2025/11/24,13:15:14,0,103.0,219.0,233.0,255.0,3.0,195.0,3.0,1.0,0.0,0.0,0.0,0.0
2025/11/24,13:15:19,0,102.0,215.0,232.0,255.0,3.0,195.0,3.0,2.0,0.0,0.0,0.0,0.0
2025/11/24,13:16:06,0,102.0,222.0,233.0,255.0,4.0,196.0,3.0,1.0,0.0,0.0,0.0,0.0
2025/11/24,13:16:08,0,102.0,189.0,230.0,254.0,10.0,195.0,2.0,2.0,0.0,0.0,0.0,0.0
2025/11/24,13:16:13,0,104.0,197.0,230.0,254.0,8.0,195.0,3.0,1.0,0.0,0.0,0.0,0.0
2025/11/24,13:16:18,0,102.0,193.0,231.0,255.0,0.0,195.0,1.0,1.0,0.0,0.0,0.0,0.0
2025/11/24,13:16:23,0,102.0,205.0,232.0,255.0,1.0,196.0,2.0,2.0,0.0,0.0,0.0,0.0
2025/11/24,13:16:28,0,101.0,220.0,232.0,253.0,3.0,196.0,3.0,2.0,0.0,0.0,0.0,0.0
2025/11/24,13:16:33,0,102.0,202.0,233.0,255.0,9.0,195.0,5.0,3.0,0.0,0.0,0.0,0.0
2025/11/24,13:16:38,0,102.0,186.0,229.0,255.0,11.0,195.0,3.0,3.0,0.0,0.0,0.0,0.0
2025/11/24,13:16:43,0,103.0,194.0,230.0,255.0,8.0,196.0,3.0,2.0,0.0,0.0,0.0,0.0
2025/11/24,13:16:48,0,103.0,189.0,228.0,254.0,10.0,197.0,1.0,2.0,0.0,0.0,0.0,0.0
2025/11/24,13:16:53,0,103.0,196.0,233.0,254.0,0.0,196.0,0.0,1.0,0.0,0.0,0.0,0.0
2025/11/24,13:16:58,0,103.0,209.0,232.0,254.0,3.0,196.0,2.0,2.0,0.0,0.0,0.0,0.0
2025/11/24,13:17:03,0,102.0,208.0,231.0,255.0,7.0,196.0,3.0,2.0,0.0,0.0,0.0,0.0
2025/11/24,13:17:08,0,102.0,186.0,231.0,254.0,10.0,196.0,3.0,3.0,0.0,0.0,0.0,0.0
2025/11/24,13:17:13,0,102.0,198.0,228.0,255.0,8.0,197.0,2.0,2.0,0.0,0.0,0.0,0.0
2025/11/24,13:17:18,0,101.0,191.0,229.0,254.0,6.0,197.0,1.0,2.0,0.0,0.0,0.0,0.0
2025/11/24,13:17:23,0,102.0,195.0,232.0,253.0,0.0,196.0,0.0,1.0,0.0,0.0,0.0,0.0
2025/11/24,13:17:28,0,103.0,208.0,232.0,256.0,2.0,196.0,2.0,2.0,0.0,0.0,0.0,0.0
2025/11/24,13:17:33,0,102.0,217.0,233.0,254.0,3.0,196.0,3.0,2.0,0.0,0.0,0.0,0.0
2025/11/24,13:17:38,0,103.0,201.0,232.0,254.0,7.0,195.0,4.0,2.0,0.0,0.0,0.0,0.0
2025/11/24,13:17:43,0,101.0,192.0,230.0,255.0,8.0,195.0,2.0,2.0,0.0,0.0,0.0,0.0
2025/11/24,13:17:48,0,101.0,191.0,231.0,254.0,3.0,195.0,2.0,2.0,0.0,0.0,0.0,0.0
2025/11/24,13:17:53,0,103.0,200.0,232.0,253.0,1.0,197.0,2.0,2.0,0.0,0.0,0.0,0.0
2025/11/24,13:17:58,0,102.0,213.0,233.0,255.0,2.0,195.0,3.0,2.0,0.0,0.0,0.0,0.0
2025/11/24,13:18:03,0,108.0,219.0,233.0,254.0,2.0,197.0,2.0,2.0,0.0,0.0,0.0,0.0
2025/11/24,13:18:08,0,102.0,212.0,234.0,254.0,4.0,195.0,3.0,1.0,0.0,0.0,0.0,0.0
2025/11/24,13:18:13,0,98.0,202.0,230.0,254.0,8.0,196.0,3.0,2.0,0.0,0.0,0.0,0.0
2025/11/24,13:18:18,0,101.0,188.0,230.0,254.0,10.0,197.0,2.0,3.0,0.0,0.0,0.0,0.0
2025/11/24,13:18:23,0,102.0,197.0,231.0,254.0,7.0,197.0,2.0,2.0,0.0,0.0,0.0,0.0
2025/11/24,13:18:28,0,102.0,190.0,230.0,255.0,6.0,197.0,2.0,3.0,0.0,0.0,0.0,0.0
2025/11/24,13:18:33,0,99.0,194.0,231.0,255.0,0.0,196.0,1.0,1.0,0.0,0.0,0.0,0.0
2025/11/24,13:18:38,0,99.0,207.0,234.0,254.0,2.0,195.0,1.0,2.0,0.0,0.0,0.0,0.0
2025/11/24,13:18:43,0,101.0,209.0,233.0,255.0,3.0,197.0,2.0,2.0,0.0,0.0,0.0,0.0
2025/11/24,13:18:48,0,100.0,186.0,231.0,254.0,9.0,197.0,2.0,2.0,0.0,0.0,0.0,0.0
2025/11/24,13:18:53,0,102.0,199.0,231.0,255.0,8.0,197.0,2.0,3.0,0.0,0.0,0.0,0.0
2025/11/24,13:18:58,0,102.0,194.0,231.0,255.0,3.0,196.0,1.0,2.0,0.0,0.0,0.0,0.0
2025/11/24,13:19:03,0,101.0,199.0,233.0,254.0,1.0,197.0,0.0,1.0,0.0,0.0,0.0,0.0
2025/11/24,13:19:08,0,103.0,219.0,233.0,254.0,3.0,195.0,3.0,1.0,0.0,0.0,0.0,0.0
2025/11/24,13:19:13,0,102.0,203.0,230.0,255.0,8.0,196.0,3.0,2.0,0.0,0.0,0.0,0.0
2025/11/24,13:19:18,0,100.0,186.0,231.0,254.0,16.0,196.0,3.0,3.0,0.0,0.0,0.0,0.0
2025/11/24,13:19:23,0,102.0,195.0,230.0,255.0,7.0,196.0,2.0,2.0,0.0,0.0,0.0,0.0
2025/11/24,13:19:28,0,101.0,193.0,230.0,255.0,5.0,196.0,2.0,2.0,0.0,0.0,0.0,0.0
2025/11/24,13:19:33,0,100.0,203.0,234.0,256.0,1.0,195.0,2.0,2.0,0.0,0.0,0.0,0.0
2025/11/24,13:19:38,0,103.0,215.0,233.0,255.0,3.0,197.0,3.0,2.0,0.0,0.0,0.0,0.0
2025/11/24,13:19:43,0,99.0,187.0,231.0,254.0,12.0,196.0,4.0,3.0,0.0,0.0,0.0,0.0
2025/11/24,13:19:48,0,102.0,196.0,231.0,254.0,7.0,196.0,2.0,2.0,0.0,0.0,0.0,0.0
2025/11/24,13:19:53,0,99.0,193.0,230.0,255.0,4.0,196.0,2.0,2.0,0.0,0.0,0.0,0.0
2025/11/24,13:19:58,0,101.0,203.0,232.0,254.0,2.0,195.0,2.0,2.0,0.0,0.0,0.0,0.0
2025/11/24,13:20:03,0,101.0,211.0,234.0,254.0,4.0,195.0,3.0,2.0,0.0,0.0,0.0,0.0
2025/11/24,13:20:08,0,101.0,187.0,231.0,254.0,11.0,195.0,3.0,3.0,0.0,0.0,0.0,0.0
2025/11/24,13:20:13,0,101.0,192.0,231.0,254.0,5.0,196.0,3.0,3.0,0.0,0.0,0.0,0.0
2025/11/24,13:20:18,0,101.0,196.0,233.0,254.0,0.0,195.0,1.0,1.0,0.0,0.0,0.0,0.0
2025/11/24,13:20:23,0,102.0,211.0,232.0,255.0,4.0,196.0,2.0,2.0,0.0,0.0,0.0,0.0
2025/11/24,13:20:28,0,102.0,211.0,234.0,255.0,2.0,196.0,3.0,1.0,0.0,0.0,0.0,0.0
2025/11/24,13:20:33,0,101.0,187.0,232.0,255.0,13.0,195.0,3.0,3.0,0.0,0.0,0.0,0.0
2025/11/24,13:20:38,0,101.0,197.0,232.0,253.0,8.0,195.0,2.0,2.0,0.0,0.0,0.0,0.0
2025/11/24,13:20:43,0,100.0,192.0,232.0,255.0,3.0,194.0,1.0,2.0,-0.0008,0.0,0.0,0.0
2025/11/24,13:20:48,0,101.0,201.0,233.0,254.0,0.0,195.0,1.0,1.0,0.0,0.0,0.0,0.0
2025/11/24,13:20:53,0,102.0,217.0,234.0,253.0,3.0,195.0,2.0,2.0,0.0,0.0,0.0,0.0
2025/11/24,13:20:58,0,100.0,207.0,233.0,255.0,8.0,195.0,3.0,2.0,0.0,0.0,0.0,0.0
2025/11/24,13:21:03,0,99.0,188.0,231.0,255.0,9.0,196.0,2.0,3.0,0.0,0.0,0.0,0.0
2025/11/24,13:21:08,0,101.0,195.0,228.0,255.0,3.0,196.0,3.0,3.0,0.0,0.0,0.0,0.0
2025/11/24,13:21:13,0,100.0,194.0,230.0,255.0,0.0,197.0,2.0,1.0,0.0,0.0,0.0,0.0
2025/11/24,13:21:18,0,100.0,205.0,233.0,255.0,2.0,195.0,3.0,1.0,0.0,0.0,0.0,0.0
2025/11/24,13:21:23,0,97.0,216.0,233.0,254.0,4.0,196.0,2.0,1.0,0.0,0.0,0.0,0.0
2025/11/24,13:21:28,0,103.0,198.0,231.0,255.0,9.0,196.0,4.0,2.0,0.0,0.0,0.0,0.0
2025/11/24,13:21:33,0,99.0,188.0,231.0,255.0,9.0,195.0,3.0,2.0,0.0,0.0,0.0,0.0
2025/11/24,13:21:38,0,99.0,197.0,231.0,255.0,7.0,195.0,2.0,2.0,0.0,0.0,0.0,0.0
2025/11/24,13:21:43,0,100.0,197.0,231.0,255.0,8.0,197.0,2.0,3.0,0.0,0.0,0.0,0.0
2025/11/24,13:21:48,0,100.0,195.0,231.0,254.0,4.0,195.0,2.0,2.0,0.0,0.0,0.0,0.0
2025/11/24,13:21:53,0,100.0,196.0,231.0,255.0,0.0,196.0,1.0,1.0,0.0,0.0,0.0,0.0
2025/11/24,13:21:58,0,98.0,213.0,234.0,254.0,4.0,196.0,2.0,2.0,0.0,0.0,0.0,0.0
2025/11/24,13:22:03,0,99.0,213.0,231.0,255.0,0.0,197.0,2.0,1.0,0.0,0.0,0.0,0.0
2025/11/24,13:22:08,0,97.0,193.0,231.0,255.0,10.0,196.0,3.0,3.0,0.0,0.0,0.0,0.0
2025/11/24,13:22:13,0,99.0,193.0,230.0,255.0,10.0,196.0,2.0,2.0,0.0,0.0,0.0,0.0
2025/11/24,13:22:18,0,101.0,192.0,231.0,254.0,6.0,195.0,2.0,2.0,0.0,0.0,0.0,0.0
2025/11/24,13:22:23,0,99.0,199.0,232.0,255.0,1.0,197.0,2.0,1.0,0.0,0.0,0.0,0.0
2025/11/24,13:22:28,0,99.0,219.0,234.0,255.0,4.0,195.0,3.0,2.0,0.0,0.0,0.0,0.0
2025/11/24,13:22:33,0,98.0,200.0,233.0,255.0,11.0,197.0,4.0,2.0,0.0,0.0,0.0,0.0
2025/11/24,13:22:38,0,100.0,194.0,231.0,254.0,8.0,195.0,3.0,2.0,0.0,0.0,0.0,0.0
2025/11/24,13:22:43,0,99.0,192.0,231.0,254.0,5.0,196.0,2.0,2.0,0.0,0.0,0.0,0.0
2025/11/24,13:22:48,0,101.0,202.0,233.0,255.0,1.0,196.0,2.0,2.0,0.0,0.0,0.0,0.0
2025/11/24,13:22:53,0,102.0,219.0,233.0,255.0,3.0,196.0,3.0,2.0,0.0,0.0,0.0,0.0
2025/11/24,13:22:58,0,99.0,193.0,231.0,255.0,15.0,195.0,4.0,2.0,0.0,0.0,0.0,0.0
2025/11/24,13:23:03,0,100.0,199.0,231.0,255.0,8.0,197.0,2.0,2.0,0.0,0.0,0.0,0.0
2025/11/24,13:23:08,0,100.0,202.0,232.0,255.0,1.0,196.0,2.0,1.0,0.0,0.0,0.0,0.0
2025/11/24,13:23:13,0,102.0,204.0,233.0,255.0,10.0,197.0,3.0,2.0,0.0,0.0,0.0,0.0
2025/11/24,13:23:18,0,102.0,202.0,228.0,255.0,8.0,197.0,3.0,2.0,0.0,0.0,0.0,0.0
2025/11/24,13:23:23,0,101.0,212.0,233.0,255.0,3.0,196.0,3.0,2.0,0.0,0.0,0.0,0.0
2025/11/24,13:23:28,0,101.0,190.0,231.0,255.0,10.0,196.0,2.0,2.0,0.0,0.0,0.0,0.0
2025/11/24,13:23:33,0,100.0,197.0,233.0,255.0,0.0,196.0,1.0,1.0,0.0,0.0,0.0,0.0
2025/11/24,13:23:38,0,101.0,195.0,232.0,255.0,11.0,197.0,2.0,3.0,0.0,0.0,0.0,0.0
2025/11/24,13:23:43,0,101.0,198.0,232.0,254.0,0.0,197.0,1.0,1.0,0.0,0.0,0.0,0.0
2025/11/24,13:23:48,0,99.0,187.0,231.0,254.0,10.0,196.0,1.0,2.0,0.0,0.0,0.0,0.0
2025/11/24,13:23:53,0,99.0,207.0,233.0,255.0,3.0,196.0,2.0,1.0,0.0,0.0,0.0,0.0
2025/11/24,13:23:58,0,101.0,202.0,230.0,255.0,7.0,195.0,3.0,2.0,0.0,0.0,0.0,0.0
2025/11/24,13:24:03,0,99.0,208.0,233.0,255.0,7.0,194.0,1.0,2.0,0.0,0.0,0.0,0.0
2025/11/24,13:24:08,0,99.0,196.0,234.0,254.0,0.0,196.0,0.0,1.0,0.0,0.0,0.0,0.0
2025/11/24,13:24:13,0,100.0,193.0,232.0,255.0,9.0,196.0,2.0,2.0,0.0,0.0,0.0,0.0
2025/11/24,13:24:18,0,101.0,220.0,234.0,255.0,3.0,195.0,3.0,1.0,0.0,0.0,0.0,0.0
2025/11/24,13:24:23,0,99.0,193.0,231.0,255.0,2.0,196.0,1.0,2.0,0.0,0.0,0.0,0.0
2025/11/24,13:24:28,0,100.0,186.0,230.0,255.0,15.0,195.0,3.0,3.0,0.0,0.0,0.0,0.0
2025/11/24,13:24:33,0,101.0,211.0,234.0,255.0,2.0,195.0,3.0,2.0,0.0,0.0,0.0,0.0
2025/11/24,13:24:38,0,101.0,201.0,231.0,254.0,8.0,197.0,2.0,3.0,0.0,0.0,0.0,0.0
2025/11/24,13:24:43,0,97.0,216.0,233.0,255.0,3.0,196.0,2.0,2.0,0.0,0.0,0.0,0.0
2025/11/24,13:24:48,0,99.0,191.0,231.0,254.0,6.0,197.0,1.0,2.0,0.0,0.0,0.0,0.0
2025/11/24,13:24:53,0,98.0,199.0,232.0,255.0,14.0,195.0,4.0,2.0,0.0,0.0,0.0,0.0
2025/11/24,13:24:58,0,100.0,205.0,234.0,256.0,0.0,195.0,2.0,2.0,0.0,0.0,0.0,0.0
2025/11/24,13:25:03,0,105.0,197.0,229.0,255.0,10.0,196.0,2.0,3.0,0.0,0.0,0.0,0.0
2025/11/24,13:25:08,0,99.0,191.0,232.0,256.0,15.0,195.0,4.0,1.0,0.0,0.0,0.0,0.0
2025/11/24,13:25:13,0,104.0,223.0,233.0,255.0,4.0,197.0,3.0,2.0,0.0,0.0,0.0,0.0
2025/11/24,13:25:18,0,101.0,202.0,233.0,255.0,1.0,197.0,2.0,2.0,0.0,0.0,0.0,0.0
2025/11/24,13:25:23,0,97.0,196.0,232.0,254.0,0.0,195.0,2.0,1.0,0.0,0.0,0.0,0.0
2025/11/24,13:25:28,0,99.0,196.0,233.0,253.0,1.0,197.0,1.0,2.0,0.0,0.0,0.0,0.0
2025/11/24,13:25:33,0,100.0,197.0,233.0,255.0,0.0,195.0,0.0,1.0,0.0,0.0,0.0,0.0
2025/11/24,13:26:05,0,102.0,213.0,234.0,255.0,1.0,196.0,2.0,1.0,0.0,0.0,0.0,0.0
2025/11/24,13:26:08,0,101.0,202.0,234.0,255.0,1.0,197.0,2.0,1.0,0.0,0.0,0.0,0.0
2025/11/24,13:26:13,0,102.0,211.0,233.0,255.0,3.0,197.0,3.0,2.0,0.0,0.0,0.0,0.0
2025/11/24,13:26:18,0,101.0,216.0,233.0,254.0,4.0,195.0,3.0,0.0,0.0,0.0,0.0,0.0
2025/11/24,13:26:23,0,99.0,220.0,234.0,255.0,2.0,195.0,3.0,1.0,0.0,0.0,0.0,0.0
2025/11/24,13:26:28,0,99.0,218.0,233.0,256.0,3.0,196.0,2.0,2.0,0.0,0.0,0.0,0.0
2025/11/24,13:26:33,0,99.0,215.0,233.0,255.0,4.0,197.0,2.0,2.0,0.0,0.0,0.0,0.0
2025/11/24,13:26:38,0,101.0,216.0,233.0,255.0,3.0,197.0,3.0,2.0,0.0,0.0,0.0,0.0
2025/11/24,13:26:43,0,100.0,219.0,234.0,255.0,2.0,196.0,3.0,2.0,0.0,0.0,0.0,0.0
2025/11/24,13:26:48,0,103.0,219.0,233.0,255.0,3.0,195.0,3.0,1.0,0.0,0.0,0.0,0.0
2025/11/24,13:26:53,0,97.0,213.0,234.0,254.0,6.0,196.0,2.0,1.0,0.0,0.0,0.0,0.0
2025/11/24,13:26:58,0,103.0,205.0,233.0,255.0,5.0,197.0,4.0,1.0,0.0,0.0,0.0,0.0
2025/11/24,13:27:03,0,101.0,187.0,232.0,255.0,11.0,195.0,3.0,4.0,0.0,0.0,0.0,0.0
2025/11/24,13:27:08,0,99.0,198.0,231.0,255.0,8.0,196.0,3.0,2.0,0.0,0.0,0.0,0.0
2025/11/24,13:27:13,0,99.0,197.0,233.0,255.0,0.0,196.0,1.0,1.0,0.0,0.0,0.0,0.0
2025/11/24,13:27:18,0,99.0,205.0,233.0,255.0,9.0,197.0,2.0,2.0,0.0,0.0,0.0,0.0
2025/11/24,13:27:23,0,99.0,201.0,231.0,255.0,9.0,196.0,3.0,2.0,0.0,0.0,0.0,0.0
2025/11/24,13:27:28,0,100.0,202.0,233.0,254.0,0.0,198.0,2.0,2.0,0.0,0.0,0.0,0.0
2025/11/24,13:27:33,0,101.0,204.0,233.0,255.0,8.0,197.0,4.0,2.0,0.0,0.0,0.0,0.0
2025/11/24,13:27:38,0,103.0,194.0,231.0,254.0,9.0,196.0,3.0,3.0,0.0,0.0,0.0,0.0
2025/11/24,13:27:43,0,100.0,215.0,234.0,255.0,3.0,197.0,3.0,2.0,0.0,0.0,0.0,0.0
2025/11/24,13:27:48,0,100.0,185.0,231.0,255.0,10.0,195.0,3.0,3.0,0.0,0.0,0.0,0.0
2025/11/24,13:27:53,0,101.0,192.0,231.0,254.0,5.0,197.0,2.0,2.0,0.0,0.0,0.0,0.0
2025/11/24,13:27:58,0,100.0,206.0,232.0,255.0,2.0,196.0,2.0,2.0,0.0,0.0,0.0,0.0
2025/11/24,13:28:03,0,101.0,199.0,232.0,254.0,9.0,196.0,3.0,3.0,0.0,0.0,0.0,0.0
2025/11/24,13:28:08,0,100.0,200.0,231.0,255.0,8.0,195.0,3.0,3.0,0.0,0.0,0.0,0.0
2025/11/24,13:28:13,0,100.0,199.0,233.0,255.0,0.0,197.0,1.0,1.0,0.0,0.0,0.0,0.0
2025/11/24,13:28:18,0,100.0,217.0,233.0,255.0,0.0,194.0,2.0,1.0,0.0,0.0,0.0,0.0
2025/11/24,13:28:23,0,99.0,192.0,231.0,254.0,14.0,196.0,4.0,3.0,0.0,0.0,0.0,0.0
2025/11/24,13:28:28,0,99.0,192.0,231.0,255.0,8.0,196.0,2.0,2.0,0.0,0.0,0.0,0.0
2025/11/24,13:28:33,0,100.0,199.0,231.0,255.0,7.0,196.0,3.0,2.0,0.0,0.0,0.0,0.0
2025/11/24,13:28:38,0,102.0,201.0,232.0,254.0,9.0,197.0,3.0,2.0,0.0,0.0,0.0,0.0
2025/11/24,13:28:43,0,101.0,199.0,233.0,255.0,1.0,196.0,2.0,2.0,0.0,0.0,0.0,0.0
2025/11/24,13:28:48,0,99.0,194.0,231.0,255.0,12.0,197.0,2.0,3.0,0.0,0.0,0.0,0.0
2025/11/24,13:28:53,0,99.0,196.0,231.0,255.0,10.0,197.0,3.0,3.0,0.0,0.0,0.0,0.0
2025/11/24,13:28:58,0,101.0,200.0,230.0,256.0,8.0,196.0,2.0,2.0,0.0,0.0,0.0,0.0
2025/11/24,13:29:03,0,103.0,207.0,233.0,255.0,8.0,195.0,3.0,2.0,0.0,0.0,0.0,0.0
2025/11/24,13:29:08,0,101.0,199.0,234.0,253.0,0.0,197.0,1.0,1.0,0.0,0.0,0.0,0.0
2025/11/24,13:29:13,0,101.0,195.0,232.0,255.0,9.0,196.0,2.0,2.0,0.0,0.0,0.0,0.0
2025/11/24,13:29:18,0,100.0,219.0,232.0,255.0,4.0,196.0,3.0,2.0,0.0,0.0,0.0,0.0
2025/11/24,13:29:23,0,100.0,199.0,230.0,254.0,9.0,195.0,2.0,2.0,0.0,0.0,0.0,0.0
2025/11/24,13:29:28,0,100.0,215.0,234.0,254.0,4.0,197.0,2.0,2.0,0.0,0.0,0.0,0.0
2025/11/24,13:29:33,0,100.0,198.0,230.0,255.0,6.0,197.0,2.0,2.0,0.0,0.0,0.0,0.0
2025/11/24,13:29:38,0,99.0,207.0,231.0,255.0,2.0,197.0,2.0,2.0,0.0,0.0,0.0,0.0
2025/11/24,13:29:43,0,101.0,192.0,230.0,255.0,13.0,195.0,4.0,3.0,0.0,0.0,0.0,0.0
2025/11/24,13:29:48,0,99.0,193.0,231.0,255.0,5.0,197.0,2.0,2.0,0.0,0.0,0.0,0.0
2025/11/24,13:29:53,0,101.0,219.0,234.0,254.0,3.0,197.0,2.0,2.0,0.0,0.0,0.0,0.0
2025/11/24,13:29:58,0,101.0,196.0,231.0,255.0,9.0,196.0,3.0,2.0,0.0,0.0,0.0,0.0
2025/11/24,13:30:03,0,100.0,199.0,233.0,255.0,1.0,197.0,1.0,1.0,0.0,0.0,0.0,0.0
2025/11/24,13:30:08,0,96.0,210.0,232.0,255.0,5.0,197.0,2.0,2.0,0.0,0.0,0.0,0.0
2025/11/24,13:30:13,0,101.0,191.0,231.0,255.0,9.0,196.0,2.0,2.0,0.0,0.0,0.0,0.0
2025/11/24,13:30:18,0,100.0,193.0,231.0,254.0,5.0,196.0,1.0,2.0,0.0,0.0,0.0,0.0
2025/11/24,13:30:23,0,101.0,218.0,233.0,255.0,2.0,197.0,3.0,2.0,0.0,0.0,0.0,0.0
2025/11/24,13:30:28,0,101.0,191.0,231.0,255.0,9.0,197.0,2.0,3.0,0.0,0.0,0.0,0.0
2025/11/24,13:30:33,0,100.0,196.0,233.0,255.0,0.0,196.0,1.0,1.0,0.0,0.0,0.0,0.0
2025/11/24,13:30:38,0,101.0,215.0,233.0,255.0,2.0,197.0,1.0,1.0,0.0,0.0,0.0,0.0
2025/11/24,13:30:43,0,100.0,189.0,231.0,255.0,12.0,196.0,3.0,3.0,0.0,0.0,0.0,0.0
2025/11/24,13:30:48,0,99.0,199.0,231.0,256.0,8.0,196.0,2.0,2.0,0.0,0.0,0.0,0.0
2025/11/24,13:30:53,0,99.0,196.0,233.0,255.0,0.0,196.0,1.0,1.0,0.0,0.0,0.0,0.0
2025/11/24,13:30:58,0,99.0,217.0,234.0,253.0,3.0,196.0,2.0,2.0,0.0,0.0,0.0,0.0
2025/11/24,13:31:03,0,98.0,199.0,233.0,254.0,10.0,196.0,2.0,3.0,0.0,0.0,0.0,0.0
2025/11/24,13:31:08,0,98.0,197.0,231.0,255.0,8.0,196.0,3.0,2.0,0.0,0.0,0.0,0.0
2025/11/24,13:31:13,0,101.0,196.0,231.0,255.0,0.0,196.0,1.0,1.0,0.0,0.0,0.0,0.0
2025/11/24,13:31:18,0,100.0,218.0,231.0,255.0,2.0,197.0,1.0,1.0,0.0,0.0,0.0,0.0
2025/11/24,13:31:23,0,100.0,189.0,231.0,255.0,10.0,197.0,2.0,2.0,0.0,0.0,0.0,0.0
2025/11/24,13:31:28,0,100.0,194.0,231.0,255.0,1.0,196.0,1.0,1.0,0.0,0.0,0.0,0.0
2025/11/24,13:31:33,0,100.0,215.0,232.0,255.0,2.0,197.0,2.0,2.0,0.0,0.0,0.0,0.0
2025/11/24,13:31:38,0,98.0,199.0,232.0,255.0,8.0,196.0,3.0,3.0,0.0,0.0,0.0,0.0
2025/11/24,13:31:43,0,101.0,195.0,231.0,255.0,9.0,196.0,2.0,2.0,0.0,0.0,0.0,0.0
2025/11/24,13:31:48,0,97.0,195.0,232.0,255.0,2.0,197.0,2.0,1.0,0.0,0.0,0.0,0.0
2025/11/24,13:31:53,0,100.0,204.0,234.0,255.0,1.0,197.0,2.0,1.0,0.0,0.0,0.0,0.0
2025/11/24,13:31:58,0,101.0,205.0,233.0,255.0,7.0,197.0,3.0,2.0,0.0,0.0,0.0,0.0
2025/11/24,13:32:03,0,100.0,201.0,231.0,255.0,8.0,197.0,2.0,3.0,0.0,0.0,0.0,0.0
2025/11/24,13:32:08,0,100.0,202.0,234.0,255.0,1.0,197.0,2.0,1.0,0.0,0.0,0.0,0.0
2025/11/24,13:32:13,0,98.0,207.0,231.0,256.0,6.0,197.0,3.0,2.0,0.0,0.0,0.0,0.0
2025/11/24,13:32:18,0,101.0,191.0,232.0,253.0,9.0,196.0,3.0,3.0,0.0,0.0,0.0,0.0
2025/11/24,13:32:23,0,101.0,191.0,232.0,254.0,4.0,195.0,3.0,2.0,0.0,0.0,0.0,0.0
2025/11/24,13:32:28,0,101.0,198.0,234.0,255.0,0.0,197.0,1.0,1.0,0.0,0.0,0.0,0.0
2025/11/24,13:32:33,0,99.0,218.0,231.0,255.0,4.0,198.0,3.0,2.0,0.0,0.0,0.0,0.0
2025/11/24,13:32:38,0,105.0,202.0,232.0,253.0,9.0,196.0,3.0,3.0,0.0,0.0,0.0,0.0
2025/11/24,13:32:43,0,100.0,195.0,231.0,255.0,9.0,197.0,2.0,2.0,0.0,0.0,0.0,0.0
2025/11/24,13:32:48,0,99.0,194.0,232.0,257.0,6.0,197.0,1.0,2.0,0.0,0.0,0.0,0.0
2025/11/24,13:32:53,0,100.0,198.0,233.0,255.0,0.0,197.0,0.0,1.0,0.0,0.0,0.0,0.0
2025/11/24,13:32:58,0,99.0,207.0,234.0,255.0,1.0,196.0,3.0,1.0,0.0,0.0,0.0,0.0
2025/11/24,13:33:03,0,98.0,219.0,234.0,255.0,4.0,197.0,3.0,2.0,0.0,0.0,0.0,0.0
2025/11/24,13:33:08,0,98.0,199.0,232.0,255.0,9.0,198.0,3.0,3.0,0.0,0.0,0.0,0.0
2025/11/24,13:33:13,0,97.0,192.0,230.0,255.0,9.0,198.0,3.0,2.0,0.0,0.0,0.0,0.0
2025/11/24,13:33:18,0,98.0,190.0,232.0,255.0,6.0,197.0,2.0,3.0,0.0,0.0,0.0,0.0
2025/11/24,13:33:23,0,99.0,197.0,231.0,256.0,1.0,197.0,1.0,1.0,0.0,0.0,0.0,0.0
2025/11/24,13:33:28,0,98.0,201.0,231.0,255.0,0.0,197.0,1.0,1.0,0.0,0.0,0.0,0.0
2025/11/24,13:33:33,0,96.0,216.0,234.0,255.0,4.0,198.0,2.0,2.0,0.0,0.0,0.0,0.0
2025/11/24,13:33:38,0,98.0,206.0,233.0,255.0,5.0,198.0,3.0,2.0,0.0,0.0,0.0,0.0
2025/11/24,13:33:43,0,101.0,187.0,231.0,255.0,14.0,196.0,3.0,3.0,0.0,0.0,0.0,0.0
2025/11/24,13:33:48,0,97.0,191.0,231.0,255.0,10.0,197.0,3.0,3.0,0.0,0.0,0.0,0.0
2025/11/24,13:33:53,0,99.0,194.0,231.0,255.0,8.0,196.0,2.0,2.0,0.0,0.0,0.0,0.0
2025/11/24,13:33:58,0,101.0,193.0,231.0,255.0,10.0,195.0,3.0,3.0,0.0,0.0,0.0,0.0
2025/11/24,13:34:03,0,97.0,197.0,233.0,256.0,2.0,196.0,1.0,1.0,0.0,0.0,0.0,0.0
2025/11/24,13:34:08,0,100.0,201.0,235.0,255.0,1.0,197.0,1.0,1.0,0.0,0.0,0.0,0.0
2025/11/24,13:34:13,0,99.0,211.0,234.0,255.0,2.0,196.0,2.0,1.0,0.0,0.0,0.0,0.0
2025/11/24,13:34:18,0,99.0,222.0,234.0,255.0,4.0,196.0,2.0,2.0,0.0,0.0,0.0,0.0
2025/11/24,13:34:23,0,98.0,215.0,234.0,255.0,2.0,197.0,3.0,2.0,0.0,0.0,0.0,0.0
2025/11/24,13:34:28,0,97.0,208.0,233.0,255.0,6.0,197.0,3.0,2.0,0.0,0.0,0.0,0.0
2025/11/24,13:34:33,0,97.0,186.0,232.0,254.0,13.0,196.0,3.0,3.0,0.0,0.0,0.0,0.0
2025/11/24,13:34:38,0,99.0,195.0,229.0,255.0,10.0,196.0,3.0,3.0,0.0,0.0,0.0,0.0
2025/11/24,13:34:43,0,102.0,201.0,230.0,255.0,10.0,197.0,3.0,3.0,0.0,0.0,0.0,0.0
2025/11/24,13:34:48,0,102.0,193.0,231.0,255.0,6.0,198.0,2.0,2.0,0.0,0.0,0.0,0.0
2025/11/24,13:34:53,0,100.0,195.0,233.0,254.0,0.0,198.0,2.0,1.0,0.0,0.0,0.0,0.0
2025/11/24,13:34:58,0,97.0,198.0,233.0,255.0,0.0,195.0,1.0,0.0,0.0,0.0,0.0,0.0
2025/11/24,13:35:03,0,99.0,198.0,231.0,255.0,0.0,196.0,0.0,0.0,0.0,0.0,0.0,0.0
2025/11/24,13:35:08,0,99.0,197.0,234.0,255.0,0.0,196.0,2.0,1.0,0.0,0.0,0.0,0.0
2025/11/24,13:35:13,0,100.0,204.0,232.0,255.0,2.0,197.0,1.0,1.0,0.0,0.0,0.0,0.0
2025/11/24,13:35:18,0,100.0,212.0,234.0,255.0,2.0,197.0,1.0,1.0,0.0,0.0,0.0,0.0
2025/11/24,13:35:23,0,99.0,219.0,233.0,255.0,3.0,197.0,1.0,2.0,0.0,0.0,0.0,0.0
2025/11/24,13:35:28,0,97.0,220.0,233.0,255.0,2.0,197.0,2.0,1.0,0.0,0.0,0.0,0.0
2025/11/24,13:35:33,0,100.0,220.0,232.0,255.0,3.0,198.0,3.0,2.0,0.0,0.0,0.0,0.0
2025/11/24,13:35:38,0,100.0,217.0,233.0,255.0,4.0,197.0,3.0,2.0,0.0,0.0,0.0,0.0
2025/11/24,13:35:43,0,100.0,210.0,233.0,255.0,3.0,197.0,2.0,2.0,0.0,0.0,0.0,0.0
2025/11/24,13:36:23,0,100.0,203.0,234.0,255.0,3.0,197.0,2.0,2.0,0.0,0.0,0.0,0.0
2025/11/24,13:36:27,0,103.0,190.0,229.0,255.0,8.0,197.0,3.0,2.0,0.0,0.0,0.0,0.0
2025/11/24,13:36:32,0,101.0,195.0,232.0,255.0,9.0,196.0,3.0,2.0,0.0,0.0,0.0,0.0
2025/11/24,13:36:37,0,100.0,186.0,230.0,254.0,13.0,196.0,3.0,4.0,0.0,0.0,0.0,0.0
2025/11/24,13:36:42,0,101.0,209.0,232.0,255.0,5.0,197.0,2.0,2.0,0.0,0.0,0.0,0.0
2025/11/24,13:36:47,0,99.0,215.0,234.0,255.0,2.0,196.0,3.0,2.0,0.0,0.0,0.0,0.0
2025/11/24,13:36:52,0,98.0,199.0,233.0,255.0,0.0,196.0,1.0,1.0,0.0,0.0,0.0,0.0
2025/11/24,13:36:57,0,98.0,195.0,233.0,255.0,4.0,196.0,1.0,1.0,0.0,0.0,0.0,0.0
2025/11/24,13:37:02,0,99.0,201.0,232.0,254.0,9.0,198.0,2.0,2.0,0.0,0.0,0.0,0.0
2025/11/24,13:37:07,0,100.0,190.0,230.0,255.0,11.0,197.0,3.0,2.0,0.0,0.0,0.0,0.0
2025/11/24,13:37:12,0,96.0,197.0,233.0,255.0,11.0,196.0,4.0,2.0,0.0,0.0,0.0,0.0
2025/11/24,13:37:17,0,100.0,215.0,233.0,255.0,0.0,196.0,2.0,1.0,0.0,0.0,0.0,0.0
2025/11/24,13:37:22,0,97.0,210.0,232.0,255.0,2.0,197.0,1.0,2.0,0.0,0.0,0.0,0.0
2025/11/24,13:37:27,0,99.0,200.0,232.0,255.0,0.0,197.0,0.0,0.0,0.0,0.0,0.0,0.0
2025/11/24,13:37:32,0,99.0,197.0,233.0,255.0,0.0,197.0,0.0,0.0,0.0,0.0,0.0,0.0
2025/11/24,13:37:37,0,98.0,196.0,233.0,253.0,0.0,197.0,0.0,1.0,0.0,0.0,0.0,0.0
2025/11/24,13:37:42,0,99.0,193.0,231.0,255.0,5.0,196.0,2.0,2.0,0.0,0.0,0.0,0.0
2025/11/24,13:37:47,0,97.0,193.0,232.0,255.0,9.0,196.0,3.0,2.0,0.0,0.0,0.0,0.0
2025/11/24,13:37:52,0,97.0,196.0,231.0,254.0,10.0,197.0,3.0,3.0,0.0,0.0,0.0,0.0
2025/11/24,13:37:57,0,99.0,193.0,232.0,255.0,7.0,197.0,2.0,3.0,0.0,0.0,0.0,0.0
2025/11/24,13:38:02,0,99.0,191.0,232.0,255.0,9.0,197.0,2.0,3.0,0.0,0.0,0.0,0.0
2025/11/24,13:38:07,0,99.0,196.0,232.0,254.0,4.0,197.0,1.0,2.0,0.0,0.0,0.0,0.0
2025/11/24,13:38:12,0,100.0,196.0,234.0,254.0,0.0,198.0,1.0,0.0,0.0,0.0,0.0,0.0
2025/11/24,13:38:17,0,97.0,210.0,234.0,255.0,1.0,196.0,2.0,2.0,0.0,0.0,0.0,0.0
2025/11/24,13:38:22,0,99.0,216.0,231.0,255.0,3.0,198.0,3.0,1.0,0.0,0.0,0.0,0.0
2025/11/24,13:38:27,0,95.0,203.0,232.0,254.0,9.0,196.0,3.0,2.0,0.0,0.0,0.0,0.0
2025/11/24,13:38:32,0,100.0,191.0,231.0,254.0,10.0,197.0,3.0,3.0,0.0,0.0,0.0,0.0
2025/11/24,13:38:37,0,101.0,212.0,233.0,254.0,0.0,197.0,2.0,1.0,0.0,0.0,0.0,0.0
2025/11/24,13:38:42,0,100.0,196.0,232.0,255.0,0.0,197.0,0.0,2.0,0.0,0.0,0.0,0.0
2025/11/24,13:38:47,0,101.0,210.0,234.0,255.0,2.0,197.0,2.0,2.0,0.0,0.0,0.0,0.0
2025/11/24,13:38:52,0,102.0,204.0,232.0,255.0,6.0,198.0,3.0,2.0,0.0,0.0,0.0,0.0
2025/11/24,13:38:57,0,101.0,191.0,231.0,255.0,11.0,196.0,3.0,3.0,0.0,0.0,0.0,0.0
2025/11/24,13:39:02,0,100.0,202.0,231.0,254.0,10.0,196.0,2.0,2.0,0.0,0.0,0.0,0.0
2025/11/24,13:39:07,0,100.0,196.0,232.0,255.0,1.0,197.0,1.0,1.0,0.0,0.0,0.0,0.0
2025/11/24,13:39:12,0,100.0,204.0,234.0,255.0,0.0,196.0,1.0,1.0,0.0,0.0,0.0,0.0
2025/11/24,13:39:17,0,100.0,208.0,233.0,255.0,4.0,198.0,2.0,2.0,0.0,0.0,0.0,0.0
2025/11/24,13:39:22,0,99.0,195.0,229.0,255.0,10.0,196.0,3.0,2.0,0.0,0.0,0.0,0.0
2025/11/24,13:39:27,0,97.0,195.0,232.0,254.0,2.0,196.0,1.0,1.0,0.0,0.0,0.0,0.0
2025/11/24,13:39:32,0,99.0,213.0,233.0,255.0,3.0,198.0,2.0,1.0,0.0,0.0,0.0,0.0
2025/11/24,13:39:37,0,99.0,201.0,233.0,255.0,11.0,197.0,3.0,3.0,0.0,0.0,0.0,0.0
2025/11/24,13:39:42,0,97.0,198.0,230.0,255.0,10.0,197.0,2.0,3.0,0.0,0.0,0.0,0.0
2025/11/24,13:39:47,0,99.0,197.0,233.0,255.0,0.0,197.0,0.0,0.0,0.0,0.0,0.0,0.0
2025/11/24,13:39:52,0,101.0,212.0,234.0,255.0,3.0,196.0,3.0,1.0,0.0,0.0,0.0,0.0
2025/11/24,13:39:57,0,98.0,195.0,231.0,256.0,10.0,197.0,2.0,2.0,0.0,0.0,0.0,0.0
2025/11/24,13:40:02,0,97.0,202.0,233.0,255.0,1.0,197.0,1.0,1.0,0.0,0.0,0.0,0.0
2025/11/24,13:40:07,0,97.0,185.0,230.0,255.0,12.0,196.0,3.0,3.0,0.0,0.0,0.0,0.0
2025/11/24,13:40:12,0,98.0,199.0,234.0,255.0,0.0,196.0,1.0,0.0,0.0,0.0,0.0,0.0
2025/11/24,13:40:17,0,96.0,189.0,230.0,255.0,11.0,196.0,2.0,2.0,0.0,0.0,0.0,0.0
2025/11/24,13:40:22,0,98.0,203.0,234.0,255.0,1.0,197.0,1.0,1.0,0.0,0.0,0.0,0.0
2025/11/24,13:40:27,0,98.0,192.0,231.0,255.0,9.0,196.0,2.0,2.0,0.0,0.0,0.0,0.0
2025/11/24,13:40:32,0,96.0,215.0,234.0,256.0,2.0,196.0,2.0,2.0,0.0,0.0,0.0,0.0
2025/11/24,13:40:37,0,96.0,191.0,231.0,254.0,7.0,198.0,3.0,2.0,0.0,0.0,0.0,0.0
2025/11/24,13:40:42,0,102.0,191.0,231.0,255.0,14.0,198.0,5.0,3.0,0.0,0.0,0.0,0.0
2025/11/24,13:40:47,0,97.0,214.0,231.0,255.0,3.0,197.0,2.0,2.0,0.0,0.0,0.0,0.0
2025/11/24,13:40:52,0,97.0,194.0,232.0,256.0,4.0,196.0,2.0,2.0,0.0,0.0,0.0,0.0
2025/11/24,13:40:57,0,99.0,189.0,231.0,254.0,11.0,196.0,2.0,2.0,0.0,0.0,0.0,0.0
2025/11/24,13:41:02,0,95.0,207.0,234.0,254.0,7.0,198.0,3.0,2.0,0.0,0.0,0.0,0.0
2025/11/24,13:41:07,0,96.0,221.0,232.0,255.0,3.0,197.0,2.0,2.0,0.0,0.0,0.0,0.0
2025/11/24,13:41:12,0,96.0,208.0,235.0,253.0,1.0,196.0,2.0,2.0,0.0,0.0,0.0,0.0
2025/11/24,13:41:17,0,97.0,198.0,233.0,255.0,0.0,198.0,1.0,0.0,0.0,0.0,0.0,0.0
2025/11/24,13:41:22,0,99.0,195.0,230.0,255.0,2.0,197.0,1.0,1.0,0.0,0.0,0.0,0.0
2025/11/24,13:41:27,0,97.0,195.0,231.0,254.0,6.0,196.0,1.0,1.0,0.0,0.0,0.0,0.0
2025/11/24,13:41:32,0,99.0,196.0,232.0,255.0,0.0,197.0,0.0,0.0,0.0,0.0,0.0,0.0
2025/11/24,13:41:37,0,99.0,209.0,234.0,255.0,1.0,197.0,2.0,2.0,0.0,0.0,0.0,0.0
2025/11/24,13:41:42,0,99.0,186.0,231.0,255.0,13.0,197.0,3.0,3.0,0.0,0.0,0.0,0.0
2025/11/24,13:41:47,0,98.0,195.0,232.0,255.0,1.0,198.0,1.0,1.0,0.0,0.0,0.0,0.0
2025/11/24,13:41:52,0,101.0,208.0,232.0,255.0,7.0,197.0,3.0,2.0,0.0,0.0,0.0,0.0
2025/11/24,13:41:57,0,100.0,191.0,230.0,255.0,8.0,198.0,3.0,2.0,0.0,0.0,0.0,0.0
2025/11/24,13:42:02,0,99.0,209.0,233.0,255.0,1.0,198.0,3.0,2.0,0.0,0.0,0.0,0.0
2025/11/24,13:42:07,0,99.0,196.0,233.0,255.0,1.0,197.0,2.0,1.0,0.0,0.0,0.0,0.0
2025/11/24,13:42:12,0,100.0,189.0,230.0,255.0,10.0,196.0,3.0,3.0,0.0,0.0,0.0,0.0
2025/11/24,13:42:17,0,100.0,215.0,233.0,255.0,3.0,198.0,3.0,2.0,0.0,0.0,0.0,0.0
2025/11/24,13:42:22,0,100.0,192.0,230.0,254.0,11.0,198.0,3.0,3.0,0.0,0.0,0.0,0.0
2025/11/24,13:42:27,0,99.0,200.0,230.0,255.0,10.0,196.0,3.0,3.0,0.0,0.0,0.0,0.0
2025/11/24,13:42:32,0,100.0,204.0,233.0,255.0,0.0,198.0,2.0,1.0,0.0,0.0,0.0,0.0
2025/11/24,13:42:37,0,102.0,197.0,231.0,255.0,9.0,197.0,3.0,2.0,0.0,0.0,0.0,0.0
2025/11/24,13:42:42,0,97.0,196.0,232.0,254.0,12.0,197.0,4.0,3.0,0.0,0.0,0.0,0.0
2025/11/24,13:42:47,0,100.0,213.0,234.0,254.0,2.0,196.0,3.0,2.0,0.0,0.0,0.0,0.0
2025/11/24,13:42:52,0,98.0,193.0,230.0,255.0,7.0,197.0,2.0,2.0,0.0,0.0,0.0,0.0
2025/11/24,13:42:57,0,100.0,193.0,230.0,255.0,11.0,196.0,3.0,3.0,0.0,0.0,0.0,0.0
2025/11/24,13:43:02,0,101.0,210.0,233.0,254.0,6.0,198.0,3.0,1.0,0.0,0.0,0.0,0.0
2025/11/24,13:43:07,0,100.0,205.0,233.0,256.0,0.0,198.0,2.0,2.0,0.0,0.0,0.0,0.0
2025/11/24,13:43:12,0,101.0,193.0,231.0,255.0,5.0,197.0,2.0,2.0,0.0,0.0,0.0,0.0
2025/11/24,13:43:17,0,98.0,193.0,231.0,255.0,9.0,198.0,3.0,3.0,0.0,0.0,0.0,0.0
2025/11/24,13:43:22,0,98.0,203.0,232.0,255.0,12.0,198.0,3.0,2.0,0.0,0.0,0.0,0.0
2025/11/24,13:43:27,0,99.0,211.0,234.0,255.0,2.0,198.0,3.0,2.0,0.0,0.0,0.0,0.0
2025/11/24,13:43:32,0,96.0,195.0,232.0,255.0,2.0,198.0,2.0,2.0,0.0,0.0,0.0,0.0
2025/11/24,13:43:37,0,100.0,195.0,231.0,255.0,8.0,198.0,2.0,3.0,0.0,0.0,0.0,0.0
2025/11/24,13:43:42,0,96.0,203.0,233.0,254.0,9.0,198.0,3.0,2.0,0.0,0.0,0.0,0.0
2025/11/24,13:43:47,0,101.0,203.0,233.0,255.0,1.0,197.0,2.0,1.0,0.0,0.0,0.0,0.0
2025/11/24,13:43:52,0,101.0,198.0,230.0,255.0,9.0,198.0,3.0,2.0,0.0,0.0,0.0,0.0
2025/11/24,13:43:57,0,100.0,213.0,233.0,255.0,3.0,197.0,3.0,1.0,0.0,0.0,0.0,0.0
2025/11/24,13:44:02,0,99.0,192.0,232.0,255.0,1.0,198.0,1.0,1.0,0.0,0.0,0.0,0.0
2025/11/24,13:44:07,0,98.0,189.0,231.0,255.0,13.0,198.0,3.0,3.0,0.0,0.0,0.0,0.0
2025/11/24,13:44:12,0,99.0,204.0,233.0,254.0,1.0,198.0,3.0,2.0,0.0,0.0,0.0,0.0
2025/11/24,13:44:17,0,100.0,195.0,230.0,254.0,9.0,197.0,2.0,3.0,0.0,0.0,0.0,0.0
2025/11/24,13:44:22,0,100.0,215.0,234.0,255.0,2.0,198.0,3.0,2.0,0.0,0.0,0.0,0.0
2025/11/24,13:44:27,0,100.0,196.0,231.0,255.0,10.0,198.0,3.0,2.0,0.0,0.0,0.0,0.0
2025/11/24,13:44:32,0,101.0,207.0,234.0,255.0,1.0,197.0,2.0,2.0,0.0,0.0,0.0,0.0
2025/11/24,13:44:37,0,101.0,186.0,230.0,254.0,12.0,197.0,3.0,4.0,0.0,0.0,0.0,0.0
2025/11/24,13:44:42,0,99.0,195.0,232.0,255.0,4.0,197.0,2.0,1.0,0.0,0.0,0.0,0.0
2025/11/24,13:44:47,0,101.0,212.0,234.0,255.0,1.0,197.0,3.0,2.0,0.0,0.0,0.0,0.0
2025/11/24,13:44:52,0,100.0,201.0,233.0,255.0,9.0,197.0,3.0,2.0,0.0,0.0,0.0,0.0
2025/11/24,13:44:57,0,101.0,201.0,231.0,255.0,9.0,197.0,2.0,2.0,0.0,0.0,0.0,0.0
2025/11/24,13:45:02,0,102.0,202.0,233.0,255.0,1.0,197.0,2.0,2.0,0.0,0.0,0.0,0.0
2025/11/24,13:45:07,0,100.0,209.0,233.0,255.0,8.0,198.0,3.0,2.0,0.0,0.0,0.0,0.0
2025/11/24,13:45:12,0,102.0,192.0,231.0,255.0,9.0,198.0,3.0,3.0,0.0,0.0,0.0,0.0
2025/11/24,13:45:17,0,100.0,195.0,231.0,255.0,5.0,198.0,2.0,2.0,0.0,0.0,0.0,0.0
2025/11/24,13:45:22,0,100.0,203.0,234.0,254.0,0.0,198.0,2.0,1.0,0.0,0.0,0.0,0.0
2025/11/24,13:45:27,0,101.0,217.0,233.0,255.0,3.0,198.0,3.0,2.0,0.0,0.0,0.0,0.0
2025/11/24,13:45:32,0,101.0,216.0,234.0,255.0,0.0,197.0,2.0,1.0,0.0,0.0,0.0,0.0
2025/11/24,13:45:37,0,102.0,204.0,232.0,254.0,6.0,196.0,3.0,3.0,0.0,0.0,0.0,0.0
2025/11/24,13:45:42,0,100.0,186.0,231.0,255.0,12.0,198.0,4.0,3.0,0.0,0.0,0.0,0.0
2025/11/24,13:45:47,0,100.0,196.0,231.0,255.0,8.0,196.0,2.0,2.0,0.0,0.0,0.0,0.0
2025/11/24,13:46:43,0,100.0,188.0,231.0,255.0,10.0,198.0,4.0,3.0,0.0,0.0,0.0,0.0
2025/11/24,13:46:47,0,104.0,203.0,232.0,254.0,9.0,196.0,3.0,3.0,0.0,0.0,0.0,0.0
2025/11/24,13:46:52,0,99.0,191.0,229.0,255.0,7.0,197.0,1.0,2.0,0.0,0.0,0.0,0.0
2025/11/24,13:46:57,0,102.0,215.0,233.0,255.0,2.0,197.0,2.0,1.0,0.0,0.0,0.0,0.0
2025/11/24,13:47:02,0,101.0,199.0,231.0,255.0,9.0,198.0,3.0,2.0,0.0,0.0,0.0,0.0
2025/11/24,13:47:07,0,100.0,211.0,233.0,255.0,2.0,198.0,3.0,1.0,0.0,0.0,0.0,0.0
2025/11/24,13:47:12,0,101.0,187.0,230.0,254.0,14.0,197.0,4.0,3.0,0.0,0.0,0.0,0.0
2025/11/24,13:47:17,0,101.0,196.0,231.0,255.0,3.0,198.0,2.0,2.0,0.0,0.0,0.0,0.0
2025/11/24,13:47:22,0,95.0,219.0,234.0,253.0,1.0,197.0,2.0,2.0,0.0,0.0,0.0,0.0
2025/11/24,13:47:27,0,98.0,188.0,231.0,255.0,11.0,197.0,3.0,3.0,0.0,-0.0008,0.0,0.0
2025/11/24,13:47:32,0,98.0,200.0,232.0,257.0,8.0,198.0,3.0,3.0,0.0,0.0,0.0,0.0
2025/11/24,13:47:37,0,99.0,196.0,231.0,255.0,0.0,196.0,0.0,1.0,0.0,0.0,0.0,0.0
2025/11/24,13:47:42,0,98.0,215.0,234.0,255.0,2.0,197.0,3.0,1.0,0.0,0.0,0.0,0.0
2025/11/24,13:47:47,0,95.0,199.0,233.0,255.0,10.0,196.0,3.0,3.0,0.0,0.0,0.0,0.0
2025/11/24,13:47:52,0,99.0,198.0,231.0,255.0,9.0,198.0,3.0,2.0,0.0,0.0,0.0,0.0
2025/11/24,13:47:57,0,99.0,197.0,233.0,255.0,0.0,197.0,0.0,1.0,0.0,0.0,0.0,0.0
2025/11/24,13:48:02,0,97.0,220.0,234.0,253.0,3.0,197.0,2.0,2.0,0.0,0.0,0.0,0.0
2025/11/24,13:48:07,0,97.0,186.0,230.0,255.0,13.0,197.0,3.0,4.0,0.0,0.0,0.0,0.0
2025/11/24,13:48:12,0,96.0,202.0,231.0,255.0,11.0,198.0,3.0,3.0,0.0,0.0,0.0,0.0
2025/11/24,13:48:17,0,99.0,197.0,233.0,254.0,0.0,199.0,1.0,1.0,0.0,0.0,0.0,0.0
2025/11/24,13:48:22,0,99.0,203.0,233.0,255.0,0.0,198.0,2.0,1.0,0.0,0.0,0.0,0.0
2025/11/24,13:48:27,0,99.0,212.0,234.0,255.0,1.0,197.0,2.0,2.0,0.0,0.0,0.0,0.0
2025/11/24,13:48:32,0,100.0,214.0,234.0,256.0,1.0,198.0,3.0,2.0,0.0,0.0,0.0,0.0
2025/11/24,13:48:37,0,99.0,208.0,234.0,254.0,1.0,197.0,2.0,2.0,0.0,0.0,0.0,0.0
2025/11/24,13:48:42,0,97.0,203.0,234.0,255.0,2.0,199.0,3.0,2.0,0.0,0.0,0.0,0.0
2025/11/24,13:48:47,0,99.0,199.0,234.0,254.0,0.0,198.0,2.0,1.0,0.0,0.0,0.0,0.0
2025/11/24,13:48:52,0,100.0,198.0,234.0,254.0,0.0,197.0,0.0,1.0,0.0,0.0,0.0,0.0
2025/11/24,13:48:57,0,97.0,218.0,233.0,254.0,0.0,198.0,1.0,1.0,0.0,0.0,0.0,0.0
2025/11/24,13:49:02,0,98.0,193.0,228.0,255.0,9.0,198.0,2.0,2.0,0.0,0.0,0.0,0.0
2025/11/24,13:49:07,0,99.0,208.0,234.0,256.0,3.0,197.0,2.0,2.0,0.0,0.0,0.0,0.0
2025/11/24,13:49:12,0,98.0,196.0,232.0,255.0,0.0,198.0,1.0,1.0,0.0,0.0,0.0,0.0
2025/11/24,13:49:17,0,104.0,193.0,231.0,255.0,15.0,197.0,5.0,3.0,0.0,0.0,0.0,0.0
2025/11/24,13:49:22,0,102.0,198.0,233.0,255.0,0.0,196.0,1.0,0.0,0.0,0.0,0.0,0.0
2025/11/24,13:49:27,0,99.0,192.0,232.0,255.0,12.0,197.0,3.0,4.0,0.0,0.0,0.0,0.0
2025/11/24,13:49:32,0,101.0,197.0,231.0,255.0,1.0,198.0,1.0,1.0,0.0,0.0,0.0,0.0
2025/11/24,13:49:37,0,98.0,208.0,233.0,255.0,6.0,197.0,2.0,2.0,0.0,0.0,0.0,0.0
2025/11/24,13:49:42,0,101.0,199.0,230.0,255.0,10.0,197.0,3.0,3.0,0.0,0.0,0.0,0.0
2025/11/24,13:49:47,0,98.0,207.0,231.0,255.0,2.0,197.0,2.0,2.0,0.0,0.0,0.0,0.0
2025/11/24,13:49:52,0,98.0,187.0,232.0,255.0,12.0,196.0,3.0,3.0,0.0,0.0,0.0,0.0
2025/11/24,13:49:57,0,98.0,194.0,232.0,255.0,3.0,198.0,3.0,2.0,0.0,0.0,0.0,0.0
2025/11/24,13:50:02,0,99.0,211.0,233.0,255.0,10.0,197.0,2.0,2.0,0.0,0.0,0.0,0.0
2025/11/24,13:50:07,0,96.0,197.0,231.0,255.0,15.0,196.0,3.0,3.0,0.0,0.0,0.0,0.0
2025/11/24,13:50:12,0,98.0,218.0,234.0,255.0,2.0,199.0,3.0,2.0,0.0,0.0,0.0,0.0
2025/11/24,13:50:17,0,99.0,197.0,231.0,255.0,9.0,197.0,3.0,2.0,0.0,0.0,0.0,0.0
2025/11/24,13:50:22,0,99.0,212.0,234.0,255.0,2.0,199.0,4.0,2.0,0.0,0.0,0.0,0.0
2025/11/24,13:50:27,0,102.0,200.0,231.0,255.0,10.0,198.0,3.0,3.0,0.0,0.0,0.0,0.0
2025/11/24,13:50:32,0,97.0,206.0,234.0,255.0,5.0,198.0,3.0,2.0,0.0,0.0,0.0,0.0
2025/11/24,13:50:37,0,98.0,197.0,234.0,253.0,0.0,198.0,2.0,1.0,0.0,0.0,0.0,0.0
2025/11/24,13:50:42,0,98.0,193.0,232.0,254.0,14.0,198.0,4.0,3.0,0.0,0.0,0.0,0.0
2025/11/24,13:50:47,0,99.0,197.0,234.0,255.0,0.0,198.0,1.0,0.0,0.0,0.0,0.0,0.0
2025/11/24,13:50:52,0,99.0,189.0,229.0,255.0,15.0,198.0,4.0,3.0,0.0,0.0,0.0,0.0
2025/11/24,13:50:57,0,98.0,198.0,234.0,256.0,0.0,197.0,1.0,1.0,0.0,0.0,0.0,0.0
2025/11/24,13:51:02,0,99.0,209.0,233.0,256.0,6.0,199.0,2.0,1.0,0.0,0.0,0.0,0.0
2025/11/24,13:51:07,0,99.0,191.0,232.0,254.0,9.0,197.0,2.0,3.0,0.0,0.0,0.0,0.0
2025/11/24,13:51:12,0,100.0,193.0,232.0,255.0,5.0,196.0,1.0,2.0,0.0,0.0,0.0,0.0
2025/11/24,13:51:17,0,99.0,206.0,233.0,255.0,2.0,199.0,2.0,1.0,0.0,0.0,0.0,0.0
2025/11/24,13:51:22,0,98.0,211.0,233.0,255.0,8.0,197.0,2.0,2.0,0.0,0.0,0.0,0.0
2025/11/24,13:51:27,0,98.0,187.0,231.0,255.0,12.0,197.0,3.0,3.0,0.0,0.0,0.0,0.0
2025/11/24,13:51:32,0,99.0,201.0,230.0,255.0,10.0,198.0,3.0,2.0,0.0,0.0,0.0,0.0
2025/11/24,13:51:37,0,99.0,192.0,231.0,255.0,5.0,199.0,3.0,2.0,0.0,0.0,0.0,0.0
2025/11/24,13:51:42,0,97.0,197.0,232.0,255.0,0.0,198.0,0.0,1.0,0.0,0.0,0.0,0.0
2025/11/24,13:51:47,0,97.0,210.0,234.0,255.0,1.0,199.0,3.0,2.0,0.0,0.0,0.0,0.0
2025/11/24,13:51:52,0,97.0,214.0,234.0,255.0,1.0,198.0,2.0,1.0,0.0,0.0,0.0,0.0
2025/11/24,13:51:57,0,100.0,203.0,232.0,256.0,9.0,198.0,3.0,2.0,0.0,0.0,0.0,0.0
2025/11/24,13:52:02,0,96.0,190.0,231.0,255.0,9.0,197.0,3.0,2.0,0.0,0.0,0.0,0.0
2025/11/24,13:52:07,0,94.0,198.0,232.0,255.0,10.0,198.0,3.0,3.0,0.0,0.0,0.0,0.0
2025/11/24,13:52:12,0,98.0,199.0,234.0,255.0,0.0,198.0,1.0,1.0,0.0,0.0,0.0,0.0
2025/11/24,13:52:17,0,97.0,216.0,232.0,256.0,4.0,198.0,2.0,1.0,0.0,0.0,0.0,0.0
2025/11/24,13:52:22,0,99.0,209.0,234.0,254.0,5.0,198.0,3.0,2.0,0.0,0.0,0.0,0.0
2025/11/24,13:52:27,0,98.0,187.0,231.0,255.0,11.0,197.0,3.0,2.0,0.0,0.0,0.0,0.0
2025/11/24,13:52:32,0,97.0,193.0,231.0,255.0,7.0,197.0,2.0,2.0,0.0,0.0,0.0,0.0
2025/11/24,13:52:37,0,98.0,210.0,235.0,253.0,1.0,197.0,3.0,2.0,0.0,0.0,0.0,0.0
2025/11/24,13:52:42,0,98.0,195.0,231.0,255.0,12.0,197.0,4.0,3.0,0.0,0.0,0.0,0.0
2025/11/24,13:52:47,0,98.0,200.0,231.0,255.0,10.0,197.0,2.0,3.0,0.0,0.0,0.0,0.0
2025/11/24,13:52:52,0,98.0,199.0,234.0,255.0,0.0,197.0,1.0,1.0,0.0,0.0,0.0,0.0
2025/11/24,13:52:57,0,101.0,212.0,233.0,255.0,3.0,197.0,1.0,1.0,0.0,0.0,0.0,0.0
2025/11/24,13:53:02,0,98.0,197.0,231.0,255.0,8.0,197.0,2.0,2.0,0.0,0.0,0.0,0.0
2025/11/24,13:53:07,0,98.0,203.0,234.0,255.0,1.0,199.0,2.0,1.0,0.0,0.0,0.0,0.0
2025/11/24,13:53:12,0,95.0,198.0,231.0,256.0,13.0,199.0,3.0,3.0,0.0,0.0,0.0,0.0
2025/11/24,13:53:17,0,97.0,192.0,231.0,254.0,10.0,198.0,3.0,1.0,0.0,0.0,0.0,0.0
2025/11/24,13:53:22,0,97.0,211.0,234.0,255.0,2.0,199.0,3.0,2.0,0.0,0.0,0.0,0.0
2025/11/24,13:53:27,0,96.0,194.0,232.0,255.0,11.0,198.0,4.0,3.0,0.0,0.0,0.0,0.0
2025/11/24,13:53:32,0,96.0,193.0,231.0,255.0,6.0,198.0,2.0,2.0,0.0,0.0,0.0,0.0
2025/11/24,13:53:37,0,96.0,218.0,235.0,253.0,2.0,196.0,2.0,1.0,0.0,0.0,0.0,0.0
2025/11/24,13:53:42,0,97.0,203.0,231.0,255.0,9.0,197.0,2.0,3.0,0.0,0.0,0.0,0.0
2025/11/24,13:53:47,0,97.0,215.0,234.0,255.0,3.0,197.0,3.0,1.0,0.0,0.0,0.0,0.0
2025/11/24,13:53:52,0,96.0,196.0,232.0,255.0,8.0,197.0,2.0,2.0,0.0,0.0,0.0,0.0
2025/11/24,13:53:57,0,97.0,208.0,234.0,255.0,2.0,199.0,3.0,2.0,0.0,0.0,0.0,0.0
2025/11/24,13:54:02,0,98.0,192.0,231.0,255.0,10.0,198.0,3.0,3.0,0.0,0.0,0.0,0.0
2025/11/24,13:54:07,0,97.0,216.0,235.0,254.0,2.0,197.0,2.0,2.0,0.0,0.0,0.0,0.0
2025/11/24,13:54:12,0,98.0,198.0,231.0,255.0,9.0,198.0,3.0,2.0,0.0,0.0,0.0,0.0
2025/11/24,13:54:17,0,101.0,212.0,233.0,255.0,3.0,198.0,3.0,2.0,0.0,0.0,0.0,0.0
2025/11/24,13:54:22,0,98.0,193.0,233.0,253.0,6.0,198.0,2.0,2.0,0.0,0.0,0.0,0.0
2025/11/24,13:54:27,0,98.0,205.0,233.0,255.0,8.0,198.0,3.0,3.0,0.0,0.0,0.0,0.0
2025/11/24,13:54:32,0,99.0,197.0,233.0,255.0,2.0,198.0,1.0,1.0,0.0,0.0,0.0,0.0
2025/11/24,13:54:37,0,99.0,196.0,233.0,255.0,13.0,197.0,4.0,3.0,0.0,0.0,0.0,0.0
2025/11/24,13:54:42,0,100.0,197.0,231.0,256.0,0.0,199.0,1.0,2.0,0.0,0.0,0.0,0.0
2025/11/24,13:54:47,0,101.0,206.0,234.0,256.0,6.0,198.0,2.0,2.0,0.0,0.0,0.0,0.0
2025/11/24,13:54:52,0,97.0,193.0,232.0,255.0,6.0,199.0,3.0,2.0,0.0,0.0,0.0,0.0
2025/11/24,13:54:57,0,102.0,217.0,234.0,255.0,1.0,199.0,2.0,1.0,0.0,0.0,0.0,0.0
2025/11/24,13:55:02,0,98.0,202.0,229.0,255.0,10.0,197.0,2.0,2.0,0.0,0.0,0.0,0.0
2025/11/24,13:55:07,0,98.0,216.0,235.0,253.0,3.0,197.0,3.0,2.0,0.0,0.0,0.0,0.0
2025/11/24,13:55:12,0,96.0,194.0,231.0,255.0,10.0,198.0,3.0,3.0,0.0,0.0,0.0,0.0
2025/11/24,13:55:17,0,97.0,203.0,235.0,254.0,0.0,198.0,2.0,2.0,0.0,0.0,0.0,0.0
2025/11/24,13:55:22,0,102.0,192.0,232.0,255.0,12.0,198.0,4.0,3.0,0.0,0.0,0.0,0.0
2025/11/24,13:55:27,0,98.0,197.0,232.0,255.0,0.0,198.0,1.0,1.0,0.0,0.0,0.0,0.0
2025/11/24,13:55:32,0,99.0,207.0,233.0,255.0,6.0,199.0,3.0,2.0,0.0,0.0,0.0,0.0
2025/11/24,13:55:37,0,96.0,198.0,231.0,255.0,10.0,198.0,3.0,2.0,0.0,0.0,0.0,0.0
2025/11/24,13:55:42,0,96.0,209.0,233.0,255.0,2.0,199.0,2.0,1.0,0.0,0.0,0.0,0.0
2025/11/24,13:55:47,0,97.0,198.0,232.0,255.0,11.0,197.0,3.0,3.0,0.0,0.0,0.0,0.0
2025/11/24,13:55:52,0,98.0,195.0,233.0,257.0,10.0,199.0,3.0,3.0,0.0,0.0,0.0,0.0
2025/11/24,13:55:57,0,97.0,211.0,233.0,255.0,2.0,198.0,3.0,2.0,0.0,0.0,0.0,0.0
2025/11/24,13:56:42,0,99.0,206.0,234.0,253.0,4.0,199.0,2.0,2.0,0.0,0.0,0.0,0.0
2025/11/24,13:56:46,0,97.0,195.0,231.0,255.0,3.0,198.0,1.0,2.0,0.0,0.0,0.0,0.0
2025/11/24,13:56:51,0,99.0,212.0,234.0,253.0,5.0,197.0,1.0,1.0,0.0,0.0,0.0,0.0
2025/11/24,13:56:56,0,99.0,196.0,232.0,256.0,8.0,198.0,3.0,2.0,0.0,0.0,0.0,0.0
2025/11/24,13:57:01,0,98.0,221.0,237.0,255.0,2.0,196.0,2.0,2.0,0.0,0.0,0.0,0.0
2025/11/24,13:57:06,0,96.0,201.0,231.0,255.0,11.0,199.0,3.0,3.0,0.0,0.0,0.0,0.0
2025/11/24,13:57:11,0,95.0,215.0,234.0,256.0,4.0,198.0,3.0,2.0,0.0,0.0,0.0,0.0
2025/11/24,13:57:16,0,97.0,196.0,231.0,255.0,10.0,197.0,2.0,3.0,0.0,0.0,0.0,0.0
2025/11/24,13:57:21,0,97.0,200.0,234.0,255.0,0.0,198.0,2.0,1.0,0.0,0.0,0.0,0.0
2025/11/24,13:57:26,0,97.0,187.0,231.0,255.0,15.0,199.0,5.0,3.0,0.0,0.0,0.0,0.0
2025/11/24,13:57:31,0,99.0,199.0,234.0,256.0,0.0,197.0,1.0,0.0,0.0,0.0,0.0,0.0
2025/11/24,13:57:36,0,97.0,191.0,232.0,255.0,14.0,199.0,3.0,4.0,0.0,0.0,0.0,0.0
2025/11/24,13:57:41,0,95.0,199.0,234.0,256.0,0.0,198.0,1.0,1.0,0.0,0.0,0.0,0.0
2025/11/24,13:57:46,0,94.0,191.0,233.0,255.0,15.0,198.0,3.0,3.0,0.0,0.0,0.0,0.0
2025/11/24,13:57:51,0,98.0,200.0,234.0,255.0,0.0,199.0,2.0,1.0,0.0,0.0,0.0,0.0
2025/11/24,13:57:56,0,96.0,192.0,232.0,255.0,12.0,199.0,3.0,3.0,0.0,0.0,0.0,0.0
2025/11/24,13:58:01,0,98.0,217.0,234.0,255.0,2.0,198.0,3.0,2.0,0.0,0.0,0.0,0.0
2025/11/24,13:58:06,0,96.0,195.0,230.0,255.0,6.0,198.0,2.0,2.0,0.0,0.0,0.0,0.0
2025/11/24,13:58:11,0,98.0,192.0,232.0,256.0,13.0,198.0,5.0,3.0,0.0,0.0,0.0,0.0
2025/11/24,13:58:16,0,99.0,214.0,234.0,255.0,2.0,199.0,3.0,2.0,0.0,0.0,0.0,0.0
2025/11/24,13:58:21,0,96.0,196.0,231.0,255.0,4.0,199.0,2.0,1.0,0.0,0.0,0.0,0.0
2025/11/24,13:58:26,0,98.0,191.0,232.0,253.0,10.0,197.0,3.0,3.0,0.0,0.0,0.0,0.0
2025/11/24,13:58:31,0,96.0,220.0,233.0,255.0,2.0,199.0,2.0,1.0,0.0,0.0,0.0,0.0
2025/11/24,13:58:36,0,100.0,195.0,233.0,256.0,0.0,197.0,1.0,0.0,0.0,0.0,0.0,0.0
2025/11/24,13:58:41,0,97.0,191.0,231.0,255.0,11.0,197.0,2.0,3.0,0.0,0.0,0.0,0.0
2025/11/24,13:58:46,0,97.0,217.0,234.0,255.0,4.0,198.0,3.0,2.0,0.0,0.0,0.0,0.0
2025/11/24,13:58:51,0,98.0,192.0,231.0,255.0,9.0,198.0,3.0,3.0,0.0,0.0,0.0,0.0
2025/11/24,13:58:56,0,96.0,203.0,233.0,255.0,9.0,198.0,3.0,2.0,0.0,0.0,0.0,0.0
2025/11/24,13:59:01,0,97.0,197.0,233.0,255.0,0.0,199.0,1.0,1.0,0.0,0.0,0.0,0.0
2025/11/24,13:59:06,0,97.0,195.0,232.0,255.0,16.0,198.0,3.0,4.0,0.0,0.0,0.0,0.0
2025/11/24,13:59:11,0,94.0,197.0,234.0,254.0,0.0,200.0,1.0,1.0,0.0,0.0,0.0,0.0
2025/11/24,13:59:16,0,92.0,200.0,234.0,256.0,9.0,198.0,3.0,3.0,0.0,0.0,0.0,0.0
2025/11/24,13:59:21,0,98.0,199.0,234.0,256.0,0.0,199.0,2.0,1.0,0.0,0.0,0.0,0.0
2025/11/24,13:59:26,0,96.0,193.0,232.0,255.0,17.0,199.0,4.0,3.0,0.0,0.0,0.0,0.0
2025/11/24,13:59:31,0,96.0,199.0,234.0,255.0,0.0,197.0,1.0,1.0,0.0,0.0,0.0,0.0
2025/11/24,13:59:36,0,95.0,190.0,230.0,255.0,12.0,198.0,4.0,3.0,0.0,0.0,0.0,0.0
2025/11/24,13:59:41,0,96.0,198.0,234.0,256.0,0.0,197.0,1.0,1.0,0.0,0.0,0.0,0.0
2025/11/24,13:59:46,0,94.0,205.0,233.0,254.0,9.0,198.0,3.0,2.0,0.0,0.0,0.0,0.0
2025/11/24,13:59:51,0,95.0,196.0,233.0,256.0,3.0,198.0,2.0,1.0,0.0,0.0,0.0,0.0
2025/11/24,13:59:56,0,93.0,204.0,234.0,255.0,9.0,199.0,4.0,3.0,0.0,0.0,0.0,0.0
2025/11/24,14:00:01,0,94.0,195.0,232.0,255.0,3.0,198.0,2.0,2.0,0.0,0.0,0.0,0.0
2025/11/24,14:00:06,0,93.0,212.0,234.0,254.0,3.0,199.0,3.0,2.0,0.0,0.0,0.0,0.0
2025/11/24,14:00:11,0,95.0,202.0,233.0,256.0,8.0,198.0,3.0,3.0,0.0,0.0,0.0,0.0
2025/11/24,14:00:16,0,96.0,211.0,235.0,257.0,2.0,197.0,2.0,2.0,0.0,0.0,0.0,0.0
2025/11/24,14:00:21,0,96.0,188.0,233.0,256.0,11.0,199.0,3.0,3.0,0.0,0.0,0.0,0.0
2025/11/24,14:00:26,0,96.0,192.0,232.0,255.0,7.0,197.0,2.0,3.0,0.0,0.0,0.0,0.0
2025/11/24,14:00:31,0,95.0,194.0,233.0,254.0,6.0,198.0,2.0,2.0,0.0,0.0,0.0,0.0
2025/11/24,14:00:36,0,93.0,202.0,231.0,255.0,10.0,197.0,3.0,3.0,0.0,0.0,0.0,0.0
2025/11/24,14:00:41,0,98.0,189.0,231.0,255.0,12.0,199.0,3.0,3.0,0.0,0.0,0.0,0.0
2025/11/24,14:00:46,0,98.0,214.0,234.0,253.0,4.0,197.0,3.0,1.0,0.0,0.0,0.0,0.0
2025/11/24,14:00:51,0,97.0,203.0,234.0,256.0,1.0,199.0,2.0,1.0,0.0,0.0,0.0,0.0
2025/11/24,14:00:56,0,98.0,194.0,234.0,256.0,9.0,198.0,3.0,3.0,0.0,0.0,0.0,0.0
2025/11/24,14:01:01,0,95.0,188.0,232.0,256.0,12.0,197.0,2.0,3.0,0.0,0.0,0.0,0.0
2025/11/24,14:01:06,0,97.0,222.0,234.0,255.0,2.0,199.0,2.0,2.0,0.0,0.0,0.0,0.0
2025/11/24,14:01:11,0,96.0,198.0,232.0,256.0,0.0,199.0,1.0,1.0,0.0,0.0,0.0,0.0
2025/11/24,14:01:16,0,95.0,198.0,232.0,255.0,10.0,199.0,2.0,3.0,0.0,0.0,0.0,0.0
2025/11/24,14:01:21,0,90.0,205.0,234.0,256.0,8.0,198.0,3.0,2.0,0.0,0.0,0.0,0.0
2025/11/24,14:01:26,0,94.0,200.0,232.0,255.0,0.0,199.0,0.0,0.0,0.0,0.0,0.0,0.0
2025/11/24,14:01:31,0,96.0,187.0,232.0,255.0,12.0,199.0,3.0,3.0,0.0,0.0,0.0,0.0
2025/11/24,14:01:36,0,96.0,216.0,234.0,255.0,2.0,199.0,3.0,2.0,0.0,0.0,0.0,0.0
2025/11/24,14:01:41,0,100.0,199.0,231.0,256.0,0.0,200.0,1.0,0.0,0.0,0.0,0.0,0.0
2025/11/24,14:01:46,0,97.0,195.0,233.0,255.0,6.0,197.0,1.0,2.0,0.0,0.0,0.0,0.0
2025/11/24,14:01:51,0,96.0,201.0,233.0,254.0,9.0,198.0,2.0,3.0,0.0,0.0,0.0,0.0
2025/11/24,14:01:56,0,96.0,192.0,233.0,256.0,10.0,197.0,3.0,2.0,0.0,0.0,0.0,0.0
2025/11/24,14:02:01,0,96.0,203.0,234.0,255.0,8.0,199.0,3.0,3.0,0.0,0.0,0.0,0.0
2025/11/24,14:02:06,0,93.0,212.0,234.0,256.0,1.0,198.0,1.0,2.0,0.0,0.0,0.0,0.0
2025/11/24,14:02:11,0,94.0,214.0,234.0,256.0,2.0,198.0,2.0,1.0,0.0,0.0,0.0,0.0
2025/11/24,14:02:16,0,96.0,209.0,233.0,255.0,4.0,199.0,3.0,2.0,0.0,0.0,0.0,0.0
2025/11/24,14:02:21,0,96.0,205.0,234.0,255.0,6.0,198.0,3.0,2.0,0.0,0.0,0.0,0.0
2025/11/24,14:02:26,0,96.0,204.0,234.0,255.0,6.0,198.0,4.0,2.0,0.0,0.0,0.0,0.0
2025/11/24,14:02:31,0,95.0,201.0,233.0,255.0,10.0,198.0,4.0,4.0,0.0,0.0,0.0,0.0
2025/11/24,14:02:36,0,97.0,192.0,233.0,253.0,15.0,198.0,4.0,1.0,0.0,0.0,0.0,0.0
2025/11/24,14:02:41,0,96.0,190.0,232.0,255.0,12.0,198.0,3.0,3.0,0.0,0.0,0.0,0.0
2025/11/24,14:02:46,0,97.0,188.0,232.0,254.0,12.0,198.0,3.0,2.0,0.0,0.0,0.0,0.0
2025/11/24,14:02:51,0,97.0,197.0,233.0,256.0,13.0,198.0,4.0,3.0,0.0,0.0,0.0,0.0
2025/11/24,14:02:56,0,96.0,210.0,234.0,254.0,6.0,198.0,3.0,2.0,0.0,0.0,0.0,0.0
2025/11/24,14:03:01,0,96.0,211.0,235.0,255.0,3.0,197.0,2.0,1.0,0.0,0.0,0.0,0.0
2025/11/24,14:03:06,0,95.0,209.0,234.0,255.0,5.0,198.0,3.0,2.0,0.0,0.0,0.0,0.0
2025/11/24,14:03:11,0,98.0,208.0,232.0,255.0,6.0,199.0,3.0,2.0,0.0,0.0,0.0,0.0
2025/11/24,14:03:16,0,94.0,208.0,234.0,255.0,5.0,197.0,3.0,2.0,0.0,0.0,0.0,0.0
2025/11/24,14:03:21,0,97.0,201.0,231.0,255.0,10.0,200.0,3.0,3.0,0.0,0.0,0.0,0.0
2025/11/24,14:03:26,0,98.0,186.0,230.0,255.0,15.0,197.0,3.0,3.0,0.0,0.0,0.0,0.0
2025/11/24,14:03:31,0,96.0,192.0,232.0,254.0,10.0,197.0,3.0,2.0,0.0,0.0,0.0,0.0
2025/11/24,14:03:36,0,95.0,197.0,232.0,256.0,9.0,198.0,3.0,2.0,0.0,0.0,0.0,0.0
2025/11/24,14:03:41,0,97.0,196.0,232.0,255.0,2.0,197.0,1.0,1.0,0.0,0.0,0.0,0.0
2025/11/24,14:03:46,0,97.0,201.0,234.0,255.0,0.0,197.0,0.0,0.0,0.0,0.0,0.0,0.0
2025/11/24,14:03:51,0,97.0,211.0,234.0,255.0,0.0,197.0,3.0,1.0,0.0,0.0,0.0,0.0
2025/11/24,14:03:56,0,98.0,211.0,233.0,255.0,4.0,199.0,2.0,1.0,0.0,0.0,0.0,0.0
2025/11/24,14:04:01,0,97.0,190.0,230.0,256.0,12.0,199.0,3.0,3.0,0.0,0.0,0.0,0.0
2025/11/24,14:04:06,0,96.0,196.0,229.0,255.0,10.0,199.0,3.0,3.0,0.0,0.0,0.0,0.0
2025/11/24,14:04:11,0,97.0,198.0,234.0,256.0,0.0,199.0,0.0,0.0,0.0,0.0,0.0,0.0
2025/11/24,14:04:16,0,97.0,213.0,234.0,255.0,2.0,199.0,3.0,2.0,0.0,0.0,0.0,0.0
2025/11/24,14:04:21,0,93.0,215.0,235.0,256.0,1.0,198.0,2.0,2.0,0.0,0.0,0.0,0.0
2025/11/24,14:04:26,0,99.0,204.0,232.0,255.0,8.0,197.0,3.0,3.0,0.0,0.0,0.0,0.0
2025/11/24,14:04:31,0,98.0,185.0,230.0,256.0,10.0,198.0,3.0,3.0,0.0,0.0,0.0,0.0
2025/11/24,14:04:36,0,96.0,195.0,231.0,255.0,10.0,198.0,3.0,2.0,0.0,0.0,0.0,0.0
2025/11/24,14:04:41,0,96.0,190.0,232.0,255.0,8.0,199.0,3.0,2.0,0.0,0.0,0.0,0.0
2025/11/24,14:04:46,0,95.0,198.0,233.0,255.0,0.0,198.0,1.0,0.0,0.0,0.0,0.0,0.0
2025/11/24,14:04:51,0,97.0,213.0,235.0,254.0,2.0,197.0,1.0,2.0,0.0,0.0,0.0,0.0
2025/11/24,14:04:56,0,98.0,217.0,233.0,255.0,1.0,197.0,1.0,1.0,0.0,0.0,0.0,0.0
2025/11/24,14:05:01,0,99.0,194.0,232.0,255.0,13.0,198.0,3.0,3.0,0.0,0.0,0.0,0.0
2025/11/24,14:05:06,0,95.0,202.0,229.0,255.0,8.0,199.0,3.0,3.0,0.0,0.0,0.0,0.0
2025/11/24,14:05:11,0,97.0,197.0,232.0,255.0,0.0,199.0,0.0,1.0,0.0,0.0,0.0,0.0
2025/11/24,14:05:16,0,97.0,203.0,234.0,255.0,0.0,197.0,2.0,1.0,0.0,0.0,0.0,0.0
2025/11/24,14:05:21,0,96.0,207.0,234.0,255.0,1.0,197.0,2.0,2.0,0.0,0.0,0.0,0.0
2025/11/24,14:05:26,0,94.0,219.0,234.0,255.0,3.0,198.0,3.0,2.0,0.0,0.0,0.0,0.0
2025/11/24,14:05:31,0,94.0,214.0,234.0,256.0,2.0,198.0,2.0,1.0,0.0,0.0,0.0,0.0
2025/11/24,14:05:36,0,93.0,209.0,233.0,256.0,8.0,198.0,3.0,2.0,0.0,0.0,0.0,0.0
2025/11/24,14:05:41,0,98.0,206.0,233.0,255.0,11.0,197.0,2.0,2.0,0.0,0.0,0.0,0.0
2025/11/24,14:05:46,0,96.0,209.0,233.0,256.0,8.0,198.0,3.0,2.0,0.0,0.0,0.0,0.0
2025/11/24,14:05:51,0,93.0,208.0,234.0,254.0,8.0,199.0,3.0,2.0,0.0,0.0,0.0,0.0
2025/11/24,14:05:56,0,96.0,212.0,234.0,256.0,5.0,198.0,3.0,2.0,0.0,0.0,0.0,0.0
2025/11/24,14:06:01,0,97.0,213.0,234.0,255.0,1.0,199.0,2.0,2.0,0.0,0.0,0.0,0.0
2025/11/24,14:06:06,0,93.0,199.0,235.0,254.0,0.0,198.0,2.0,1.0,0.0,0.0,0.0,0.0
2025/11/24,14:06:42,0,93.0,209.0,235.0,256.0,4.0,198.0,2.0,2.0,0.0,0.0,0.0,0.0
2025/11/24,14:06:46,0,92.0,205.0,232.0,255.0,8.0,198.0,3.0,2.0,0.0,0.0,0.0,0.0
2025/11/24,14:06:51,0,100.0,220.0,235.0,254.0,0.0,198.0,3.0,1.0,0.0,0.0,0.0,0.0
2025/11/24,14:06:56,0,95.0,209.0,234.0,255.0,1.0,198.0,2.0,1.0,0.0,0.0,0.0,0.0
2025/11/24,14:07:01,0,95.0,197.0,234.0,254.0,0.0,199.0,2.0,0.0,0.0,0.0,0.0,0.0
2025/11/24,14:07:06,0,95.0,195.0,232.0,256.0,7.0,197.0,2.0,2.0,0.0,0.0,0.0,0.0
2025/11/24,14:07:11,0,94.0,203.0,232.0,255.0,10.0,198.0,3.0,2.0,0.0,0.0,0.0,0.0
2025/11/24,14:07:16,0,97.0,193.0,231.0,256.0,11.0,197.0,3.0,3.0,0.0,0.0,0.0,0.0
2025/11/24,14:07:21,0,97.0,188.0,231.0,255.0,14.0,199.0,3.0,3.0,0.0,0.0,0.0,0.0
2025/11/24,14:07:26,0,96.0,200.0,232.0,255.0,11.0,199.0,3.0,3.0,0.0,0.0,0.0,0.0
2025/11/24,14:07:31,0,98.0,206.0,233.0,256.0,10.0,199.0,3.0,2.0,0.0,0.0,0.0,0.0
2025/11/24,14:07:36,0,99.0,210.0,234.0,256.0,6.0,198.0,3.0,2.0,0.0,0.0,0.0,0.0
2025/11/24,14:07:41,0,99.0,207.0,233.0,255.0,4.0,198.0,3.0,2.0,-0.0008,0.0,0.0,0.0
2025/11/24,14:07:46,0,101.0,210.0,234.0,255.0,6.0,198.0,3.0,2.0,0.0,0.0,0.0,0.0
2025/11/24,14:07:51,0,97.0,207.0,233.0,255.0,9.0,199.0,2.0,2.0,0.0,0.0,0.0,0.0
2025/11/24,14:07:56,0,94.0,194.0,233.0,256.0,11.0,198.0,4.0,3.0,0.0,0.0,0.0,0.0
2025/11/24,14:08:01,0,96.0,193.0,231.0,255.0,11.0,198.0,3.0,3.0,0.0,0.0,0.0,0.0
2025/11/24,14:08:06,0,100.0,193.0,232.0,255.0,9.0,198.0,3.0,2.0,0.0,0.0,0.0,0.0
2025/11/24,14:08:11,0,99.0,197.0,233.0,255.0,0.0,199.0,0.0,1.0,0.0,0.0,0.0,0.0
2025/11/24,14:08:16,0,98.0,214.0,234.0,258.0,2.0,199.0,3.0,2.0,0.0,0.0,0.0,0.0
2025/11/24,14:08:21,0,96.0,209.0,233.0,255.0,6.0,198.0,4.0,2.0,0.0,0.0,0.0,0.0
2025/11/24,14:08:26,0,98.0,191.0,232.0,255.0,11.0,198.0,3.0,3.0,0.0,0.0,0.0,0.0
2025/11/24,14:08:31,0,99.0,194.0,231.0,255.0,10.0,198.0,3.0,3.0,0.0,0.0,0.0,0.0
2025/11/24,14:08:36,0,97.0,199.0,231.0,256.0,0.0,198.0,1.0,0.0,0.0,0.0,0.0,0.0
2025/11/24,14:08:41,0,99.0,212.0,233.0,255.0,1.0,198.0,2.0,1.0,0.0,0.0,0.0,0.0
2025/11/24,14:08:46,0,100.0,211.0,234.0,256.0,4.0,198.0,3.0,2.0,0.0,0.0,0.0,0.0
2025/11/24,14:08:51,0,99.0,191.0,231.0,255.0,11.0,199.0,3.0,3.0,0.0,0.0,0.0,0.0
2025/11/24,14:08:56,0,98.0,194.0,232.0,256.0,3.0,198.0,2.0,1.0,0.0,0.0,0.0,0.0
2025/11/24,14:09:01,0,98.0,218.0,234.0,256.0,3.0,198.0,3.0,2.0,0.0,0.0,0.0,0.0
2025/11/24,14:09:06,0,100.0,187.0,232.0,255.0,11.0,198.0,3.0,3.0,0.0,0.0,0.0,0.0
2025/11/24,14:09:11,0,98.0,197.0,230.0,255.0,11.0,199.0,4.0,3.0,0.0,0.0,0.0,0.0
2025/11/24,14:09:16,0,99.0,199.0,234.0,254.0,0.0,198.0,1.0,0.0,0.0,0.0,0.0,0.0
2025/11/24,14:09:21,0,98.0,218.0,234.0,253.0,3.0,199.0,2.0,1.0,0.0,0.0,0.0,0.0
2025/11/24,14:09:26,0,100.0,190.0,230.0,255.0,9.0,197.0,3.0,4.0,0.0,0.0,0.0,0.0
2025/11/24,14:09:31,0,98.0,196.0,232.0,254.0,11.0,198.0,3.0,2.0,0.0,0.0,0.0,0.0
2025/11/24,14:09:36,0,96.0,197.0,232.0,255.0,3.0,198.0,2.0,1.0,0.0,0.0,0.0,0.0
2025/11/24,14:09:41,0,97.0,214.0,233.0,256.0,3.0,198.0,2.0,2.0,0.0,0.0,0.0,0.0
2025/11/24,14:09:46,0,94.0,193.0,231.0,255.0,13.0,199.0,4.0,3.0,0.0,0.0,0.0,0.0
2025/11/24,14:09:51,0,97.0,198.0,231.0,255.0,10.0,197.0,3.0,3.0,0.0,0.0,0.0,0.0
2025/11/24,14:09:56,0,98.0,205.0,234.0,256.0,0.0,199.0,2.0,1.0,0.0,0.0,0.0,0.0
2025/11/24,14:10:01,0,96.0,200.0,233.0,255.0,12.0,198.0,3.0,3.0,0.0,0.0,0.0,0.0
2025/11/24,14:10:06,0,97.0,195.0,233.0,255.0,5.0,198.0,2.0,2.0,0.0,0.0,0.0,0.0
2025/11/24,14:10:11,0,99.0,206.0,234.0,256.0,6.0,199.0,2.0,2.0,0.0,0.0,0.0,0.0
2025/11/24,14:10:16,0,97.0,196.0,232.0,256.0,7.0,198.0,4.0,2.0,0.0,0.0,0.0,0.0
2025/11/24,14:10:21,0,96.0,216.0,234.0,255.0,3.0,199.0,2.0,1.0,0.0,0.0,0.0,0.0
2025/11/24,14:10:26,0,99.0,191.0,232.0,256.0,10.0,198.0,3.0,2.0,0.0,0.0,0.0,0.0
2025/11/24,14:10:31,0,95.0,198.0,233.0,255.0,0.0,198.0,1.0,0.0,0.0,0.0,0.0,0.0
2025/11/24,14:10:36,0,98.0,212.0,232.0,256.0,1.0,199.0,1.0,1.0,0.0,0.0,0.0,0.0
2025/11/24,14:10:41,0,97.0,196.0,231.0,256.0,11.0,197.0,2.0,2.0,0.0,0.0,0.0,0.0
2025/11/24,14:10:46,0,98.0,202.0,233.0,256.0,0.0,199.0,2.0,1.0,0.0,0.0,0.0,0.0
2025/11/24,14:10:51,0,94.0,201.0,232.0,255.0,11.0,198.0,3.0,3.0,0.0,0.0,0.0,0.0
2025/11/24,14:10:56,0,99.0,193.0,231.0,256.0,9.0,199.0,4.0,3.0,0.0,0.0,0.0,0.0
2025/11/24,14:11:01,0,99.0,207.0,234.0,255.0,1.0,199.0,2.0,1.0,0.0,0.0,0.0,0.0
2025/11/24,14:11:06,0,98.0,193.0,230.0,255.0,13.0,199.0,4.0,3.0,0.0,0.0,0.0,0.0
2025/11/24,14:11:11,0,95.0,194.0,230.0,256.0,5.0,200.0,1.0,2.0,0.0,0.0,0.0,0.0
2025/11/24,14:11:16,0,96.0,220.0,234.0,255.0,1.0,198.0,2.0,1.0,0.0,0.0,0.0,0.0
2025/11/24,14:11:21,0,99.0,195.0,231.0,255.0,10.0,197.0,3.0,2.0,0.0,0.0,0.0,0.0
2025/11/24,14:11:26,0,97.0,198.0,234.0,255.0,0.0,198.0,1.0,0.0,0.0,0.0,0.0,0.0
2025/11/24,14:11:31,0,96.0,203.0,233.0,256.0,12.0,199.0,3.0,2.0,0.0,0.0,0.0,0.0
2025/11/24,14:11:36,0,99.0,194.0,232.0,255.0,9.0,198.0,2.0,3.0,0.0,0.0,0.0,0.0
2025/11/24,14:11:41,0,99.0,219.0,234.0,255.0,1.0,199.0,2.0,2.0,0.0,0.0,0.0,0.0
2025/11/24,14:11:46,0,94.0,198.0,232.0,255.0,11.0,199.0,3.0,3.0,0.0,0.0,0.0,0.0
2025/11/24,14:11:51,0,96.0,214.0,234.0,255.0,4.0,198.0,2.0,1.0,0.0,0.0,0.0,0.0
2025/11/24,14:11:56,0,98.0,193.0,231.0,256.0,6.0,198.0,3.0,2.0,0.0,0.0,0.0,0.0
2025/11/24,14:12:01,0,98.0,203.0,234.0,256.0,8.0,198.0,3.0,2.0,0.0,0.0,0.0,0.0
2025/11/24,14:12:06,0,97.0,196.0,232.0,255.0,3.0,199.0,2.0,2.0,0.0,0.0,0.0,0.0
2025/11/24,14:12:11,0,98.0,212.0,232.0,256.0,3.0,199.0,2.0,1.0,0.0,0.0,0.0,0.0
2025/11/24,14:12:16,0,98.0,201.0,232.0,255.0,11.0,198.0,3.0,3.0,0.0,0.0,0.0,0.0
2025/11/24,14:12:21,0,98.0,215.0,234.0,255.0,2.0,198.0,3.0,1.0,0.0,0.0,0.0,0.0
2025/11/24,14:12:26,0,99.0,194.0,232.0,256.0,10.0,198.0,3.0,2.0,0.0,0.0,0.0,0.0
2025/11/24,14:12:31,0,96.0,205.0,235.0,254.0,1.0,197.0,2.0,2.0,0.0,0.0,0.0,0.0
2025/11/24,14:12:36,0,97.0,187.0,230.0,255.0,16.0,197.0,3.0,3.0,0.0,0.0,0.0,0.0
2025/11/24,14:12:41,0,97.0,195.0,232.0,255.0,0.0,198.0,2.0,1.0,0.0,0.0,0.0,0.0
2025/11/24,14:12:46,0,98.0,211.0,233.0,256.0,5.0,199.0,4.0,1.0,0.0,0.0,0.0,0.0
2025/11/24,14:12:51,0,99.0,196.0,231.0,255.0,9.0,199.0,3.0,3.0,0.0,0.0,0.0,0.0
2025/11/24,14:12:56,0,97.0,216.0,232.0,256.0,3.0,198.0,2.0,2.0,0.0,0.0,0.0,0.0
2025/11/24,14:13:01,0,97.0,189.0,232.0,255.0,11.0,199.0,3.0,3.0,0.0,0.0,0.0,0.0
2025/11/24,14:13:06,0,95.0,196.0,233.0,256.0,0.0,198.0,1.0,1.0,0.0,0.0,0.0,0.0
2025/11/24,14:13:11,0,95.0,206.0,234.0,256.0,7.0,197.0,2.0,2.0,0.0,0.0,0.0,0.0
2025/11/24,14:13:16,0,98.0,195.0,232.0,256.0,4.0,198.0,2.0,2.0,0.0,0.0,0.0,0.0
2025/11/24,14:13:21,0,100.0,209.0,234.0,255.0,4.0,198.0,3.0,1.0,0.0,0.0,0.0,0.0
2025/11/24,14:13:26,0,98.0,195.0,233.0,255.0,5.0,198.0,2.0,2.0,0.0,0.0,0.0,0.0
2025/11/24,14:13:31,0,98.0,201.0,233.0,255.0,9.0,198.0,4.0,3.0,0.0,0.0,0.0,-0.0008
2025/11/24,14:13:36,0,97.0,199.0,234.0,255.0,0.0,198.0,1.0,0.0,0.0,0.0,0.0,0.0
2025/11/24,14:13:41,0,98.0,192.0,232.0,254.0,13.0,198.0,4.0,3.0,0.0,0.0,0.0,0.0
2025/11/24,14:13:46,0,97.0,201.0,234.0,255.0,0.0,197.0,1.0,1.0,0.0,0.0,0.0,0.0
2025/11/24,14:13:51,0,98.0,196.0,231.0,255.0,9.0,199.0,2.0,2.0,0.0,0.0,0.0,0.0
2025/11/24,14:13:56,0,100.0,209.0,234.0,255.0,5.0,197.0,3.0,2.0,0.0,0.0,0.0,0.0
2025/11/24,14:14:01,0,99.0,200.0,234.0,255.0,1.0,199.0,2.0,1.0,0.0,0.0,0.0,0.0
2025/11/24,14:14:06,0,99.0,192.0,230.0,256.0,9.0,199.0,2.0,2.0,0.0,0.0,0.0,0.0
2025/11/24,14:14:11,0,99.0,188.0,230.0,256.0,13.0,198.0,3.0,3.0,0.0,0.0,0.0,0.0
2025/11/24,14:14:16,0,96.0,223.0,234.0,255.0,2.0,199.0,3.0,2.0,0.0,0.0,0.0,0.0
2025/11/24,14:14:21,0,99.0,200.0,234.0,256.0,0.0,198.0,1.0,0.0,0.0,0.0,0.0,0.0
2025/11/24,14:14:26,0,97.0,193.0,230.0,255.0,7.0,199.0,2.0,2.0,0.0,0.0,0.0,0.0
2025/11/24,14:14:31,0,100.0,197.0,231.0,256.0,9.0,199.0,3.0,2.0,0.0,0.0,0.0,0.0
2025/11/24,14:14:36,0,99.0,188.0,231.0,255.0,11.0,198.0,3.0,3.0,0.0,0.0,0.0,0.0
2025/11/24,14:14:41,0,98.0,189.0,231.0,255.0,13.0,197.0,3.0,2.0,0.0,0.0,0.0,0.0
2025/11/24,14:14:46,0,97.0,196.0,232.0,255.0,9.0,200.0,3.0,3.0,0.0,0.0,0.0,0.0
2025/11/24,14:14:51,0,98.0,195.0,232.0,255.0,4.0,198.0,2.0,1.0,0.0,0.0,0.0,0.0
2025/11/24,14:14:56,0,99.0,210.0,234.0,255.0,3.0,199.0,3.0,2.0,0.0,0.0,0.0,0.0
2025/11/24,14:15:01,0,99.0,193.0,232.0,254.0,10.0,198.0,3.0,2.0,0.0,0.0,0.0,0.0
2025/11/24,14:15:06,0,100.0,216.0,234.0,256.0,2.0,198.0,3.0,2.0,0.0,0.0,0.0,0.0
2025/11/24,14:15:11,0,99.0,195.0,231.0,256.0,3.0,198.0,1.0,1.0,0.0,0.0,0.0,0.0
2025/11/24,14:15:16,0,100.0,195.0,232.0,256.0,9.0,198.0,2.0,2.0,0.0,0.0,0.0,0.0
2025/11/24,14:15:21,0,102.0,205.0,233.0,255.0,8.0,199.0,3.0,2.0,0.0,0.0,0.0,0.0
2025/11/24,14:15:26,0,100.0,219.0,235.0,258.0,3.0,197.0,2.0,2.0,0.0,0.0,0.0,0.0
2025/11/24,14:15:31,0,100.0,200.0,233.0,255.0,1.0,199.0,2.0,1.0,0.0,0.0,0.0,0.0
2025/11/24,14:15:36,0,102.0,194.0,232.0,256.0,3.0,198.0,2.0,1.0,0.0,0.0,0.0,0.0
2025/11/24,14:15:41,0,102.0,199.0,230.0,255.0,8.0,198.0,2.0,3.0,0.0,0.0,0.0,0.0
2025/11/24,14:15:46,0,100.0,190.0,231.0,256.0,11.0,197.0,3.0,2.0,0.0,0.0,0.0,0.0
2025/11/24,14:15:51,0,103.0,196.0,230.0,256.0,12.0,199.0,4.0,3.0,0.0,0.0,0.0,0.0
2025/11/24,14:15:56,0,100.0,208.0,234.0,254.0,6.0,198.0,3.0,2.0,0.0,0.0,0.0,0.0
2025/11/24,14:16:01,0,101.0,221.0,234.0,255.0,3.0,199.0,3.0,2.0,0.0,0.0,0.0,0.0
2025/11/24,14:16:06,0,101.0,203.0,234.0,256.0,0.0,198.0,2.0,1.0,0.0,0.0,0.0,0.0
2025/11/24,14:16:11,0,94.0,194.0,232.0,255.0,1.0,198.0,2.0,1.0,0.0,0.0,0.0,0.0
2025/11/24,14:16:16,0,100.0,192.0,231.0,256.0,9.0,199.0,3.0,3.0,0.0,0.0,0.0,0.0
2025/11/24,14:16:52,0,99.0,196.0,231.0,255.0,11.0,199.0,3.0,4.0,0.0,0.0,0.0,0.0
2025/11/24,14:16:55,0,104.0,209.0,234.0,255.0,5.0,198.0,3.0,2.0,0.0,0.0,0.0,0.0
2025/11/24,14:17:00,0,101.0,195.0,231.0,255.0,4.0,198.0,2.0,2.0,0.0,0.0,0.0,0.0
2025/11/24,14:17:05,0,101.0,219.0,235.0,255.0,2.0,198.0,3.0,2.0,0.0,0.0,0.0,0.0
2025/11/24,14:17:10,0,99.0,193.0,232.0,256.0,15.0,198.0,4.0,3.0,0.0,0.0,0.0,0.0
2025/11/24,14:17:15,0,97.0,192.0,232.0,254.0,8.0,200.0,3.0,3.0,0.0,0.0,0.0,0.0
2025/11/24,14:17:20,0,101.0,213.0,233.0,255.0,2.0,199.0,3.0,2.0,0.0,0.0,0.0,0.0
2025/11/24,14:17:25,0,100.0,191.0,231.0,256.0,12.0,198.0,3.0,3.0,0.0,0.0,0.0,0.0
2025/11/24,14:17:30,0,100.0,198.0,234.0,256.0,0.0,199.0,2.0,2.0,0.0,0.0,0.0,0.0
2025/11/24,14:17:35,0,100.0,192.0,232.0,255.0,15.0,198.0,4.0,3.0,0.0,0.0,0.0,0.0
2025/11/24,14:17:40,0,99.0,197.0,232.0,256.0,0.0,199.0,1.0,1.0,0.0,0.0,0.0,0.0
2025/11/24,14:17:45,0,103.0,210.0,234.0,255.0,5.0,199.0,2.0,2.0,0.0,0.0,0.0,0.0
2025/11/24,14:17:50,0,100.0,199.0,231.0,255.0,8.0,197.0,2.0,2.0,0.0,0.0,0.0,0.0
2025/11/24,14:17:55,0,101.0,198.0,233.0,256.0,0.0,197.0,0.0,1.0,0.0,0.0,0.0,0.0
2025/11/24,14:18:00,0,101.0,218.0,233.0,255.0,2.0,198.0,2.0,2.0,0.0,0.0,0.0,0.0
2025/11/24,14:18:05,0,102.0,199.0,230.0,256.0,10.0,197.0,3.0,3.0,0.0,0.0,0.0,0.0
2025/11/24,14:18:10,0,100.0,196.0,231.0,255.0,10.0,198.0,2.0,2.0,0.0,0.0,0.0,0.0
2025/11/24,14:18:15,0,100.0,195.0,232.0,256.0,3.0,198.0,2.0,1.0,0.0,0.0,0.0,0.0
2025/11/24,14:18:20,0,101.0,202.0,234.0,256.0,0.0,199.0,2.0,1.0,0.0,0.0,0.0,0.0
2025/11/24,14:18:25,0,100.0,213.0,234.0,255.0,1.0,197.0,2.0,2.0,0.0,0.0,0.0,0.0
2025/11/24,14:18:30,0,100.0,212.0,234.0,256.0,5.0,198.0,2.0,1.0,0.0,0.0,0.0,0.0
2025/11/24,14:18:35,0,98.0,193.0,229.0,256.0,13.0,199.0,4.0,3.0,0.0,0.0,0.0,0.0
2025/11/24,14:18:40,0,99.0,197.0,230.0,256.0,9.0,198.0,3.0,3.0,0.0,0.0,0.0,0.0
2025/11/24,14:18:45,0,99.0,192.0,230.0,255.0,10.0,198.0,3.0,4.0,0.0,0.0,0.0,0.0
2025/11/24,14:18:50,0,96.0,195.0,230.0,256.0,3.0,198.0,2.0,2.0,0.0,0.0,0.0,0.0
2025/11/24,14:18:55,0,99.0,197.0,233.0,256.0,1.0,199.0,2.0,1.0,0.0,0.0,0.0,0.0
2025/11/24,14:19:00,0,99.0,197.0,232.0,255.0,0.0,199.0,1.0,1.0,0.0,0.0,0.0,0.0
2025/11/24,14:19:05,0,99.0,196.0,233.0,255.0,1.0,198.0,1.0,1.0,0.0,0.0,0.0,0.0
2025/11/24,14:19:10,0,99.0,195.0,234.0,256.0,0.0,199.0,1.0,1.0,0.0,0.0,0.0,0.0
2025/11/24,14:19:15,0,102.0,197.0,233.0,254.0,1.0,199.0,1.0,1.0,0.0,0.0,0.0,0.0
2025/11/24,14:19:20,0,101.0,199.0,234.0,255.0,0.0,199.0,0.0,0.0,0.0,0.0,0.0,0.0
2025/11/24,14:19:25,0,101.0,216.0,233.0,256.0,3.0,199.0,3.0,2.0,0.0,0.0,0.0,0.0
2025/11/24,14:19:30,0,101.0,201.0,233.0,254.0,9.0,198.0,3.0,3.0,0.0,0.0,0.0,0.0
2025/11/24,14:19:35,0,102.0,194.0,231.0,256.0,12.0,199.0,3.0,2.0,0.0,0.0,0.0,0.0
2025/11/24,14:19:40,0,100.0,195.0,232.0,256.0,9.0,198.0,1.0,2.0,0.0,0.0,0.0,0.0
2025/11/24,14:19:45,0,102.0,210.0,235.0,254.0,1.0,199.0,2.0,1.0,0.0,0.0,0.0,0.0
2025/11/24,14:19:50,0,102.0,203.0,233.0,256.0,8.0,198.0,4.0,2.0,0.0,0.0,0.0,0.0
2025/11/24,14:19:55,0,101.0,193.0,229.0,256.0,12.0,199.0,3.0,3.0,0.0,0.0,0.0,0.0
2025/11/24,14:20:00,0,99.0,219.0,234.0,256.0,3.0,199.0,3.0,2.0,0.0,0.0,0.0,0.0
2025/11/24,14:20:05,0,101.0,194.0,231.0,255.0,11.0,198.0,3.0,3.0,0.0,0.0,0.0,0.0
2025/11/24,14:20:10,0,100.0,204.0,232.0,256.0,1.0,199.0,2.0,1.0,0.0,0.0,0.0,0.0
2025/11/24,14:20:15,0,100.0,188.0,232.0,256.0,11.0,198.0,3.0,2.0,0.0,0.0,0.0,0.0
2025/11/24,14:20:20,0,100.0,202.0,233.0,256.0,0.0,199.0,2.0,1.0,0.0,0.0,0.0,0.0
2025/11/24,14:20:25,0,98.0,193.0,232.0,254.0,12.0,197.0,3.0,3.0,0.0,0.0,0.0,0.0
2025/11/24,14:20:30,0,99.0,220.0,233.0,255.0,4.0,198.0,2.0,2.0,0.0,0.0,0.0,0.0
2025/11/24,14:20:35,0,99.0,191.0,231.0,255.0,7.0,198.0,3.0,3.0,0.0,0.0,0.0,0.0
2025/11/24,14:20:40,0,102.0,211.0,232.0,256.0,6.0,199.0,3.0,2.0,0.0,0.0,0.0,0.0
2025/11/24,14:20:45,0,100.0,194.0,232.0,256.0,2.0,198.0,2.0,1.0,0.0,0.0,0.0,0.0
2025/11/24,14:20:50,0,101.0,200.0,233.0,254.0,14.0,199.0,3.0,3.0,0.0,0.0,0.0,0.0
2025/11/24,14:20:55,0,102.0,199.0,234.0,256.0,0.0,197.0,1.0,1.0,0.0,0.0,0.0,0.0
2025/11/24,14:21:00,0,100.0,195.0,230.0,256.0,9.0,199.0,3.0,2.0,0.0,0.0,0.0,0.0
2025/11/24,14:21:05,0,104.0,219.0,233.0,255.0,2.0,198.0,3.0,2.0,0.0,0.0,0.0,0.0
2025/11/24,14:21:10,0,101.0,195.0,232.0,254.0,4.0,197.0,2.0,2.0,0.0,0.0,0.0,0.0
2025/11/24,14:21:15,0,100.0,213.0,233.0,255.0,3.0,197.0,2.0,0.0,0.0,0.0,0.0,0.0
2025/11/24,14:21:20,0,98.0,190.0,231.0,255.0,13.0,198.0,3.0,3.0,0.0,0.0,0.0,0.0
2025/11/24,14:21:25,0,101.0,202.0,232.0,256.0,9.0,198.0,3.0,2.0,0.0,0.0,0.0,0.0
2025/11/24,14:21:30,0,99.0,198.0,232.0,256.0,0.0,199.0,1.0,0.0,0.0,0.0,0.0,0.0
2025/11/24,14:21:35,0,102.0,200.0,233.0,255.0,10.0,198.0,3.0,3.0,0.0,0.0,0.0,0.0
2025/11/24,14:21:40,0,97.0,199.0,231.0,256.0,0.0,198.0,0.0,1.0,0.0,0.0,0.0,0.0
2025/11/24,14:21:45,0,100.0,191.0,230.0,256.0,11.0,199.0,3.0,3.0,0.0,0.0,0.0,0.0
2025/11/24,14:21:50,0,99.0,212.0,231.0,256.0,1.0,198.0,2.0,2.0,0.0,0.0,0.0,0.0
2025/11/24,14:21:55,0,100.0,195.0,229.0,256.0,8.0,199.0,2.0,3.0,0.0,0.0,0.0,0.0
2025/11/24,14:22:00,0,100.0,222.0,233.0,256.0,3.0,199.0,2.0,2.0,0.0,0.0,0.0,0.0
2025/11/24,14:22:05,0,101.0,192.0,232.0,256.0,7.0,198.0,3.0,2.0,0.0,0.0,0.0,0.0
2025/11/24,14:22:10,0,102.0,203.0,233.0,255.0,8.0,199.0,3.0,2.0,0.0,0.0,0.0,0.0
2025/11/24,14:22:15,0,99.0,200.0,234.0,255.0,0.0,198.0,1.0,1.0,0.0,0.0,0.0,0.0
2025/11/24,14:22:54,0,101.0,205.0,230.0,256.0,6.0,199.0,3.0,2.0,0.0,0.0,0.0,0.0
2025/11/24,14:22:59,0,102.0,207.0,234.0,255.0,6.0,198.0,3.0,2.0,0.0,0.0,0.0,0.0
2025/11/24,14:23:04,0,101.0,208.0,233.0,255.0,1.0,198.0,2.0,2.0,0.0,0.0,0.0,0.0
2025/11/24,14:23:09,0,102.0,192.0,232.0,255.0,7.0,198.0,3.0,2.0,0.0,0.0,0.0,0.0
2025/11/24,14:23:14,0,100.0,188.0,231.0,255.0,10.0,199.0,3.0,4.0,0.0,0.0,0.0,0.0
2025/11/24,14:23:19,0,101.0,218.0,233.0,256.0,4.0,199.0,3.0,2.0,0.0,0.0,0.0,0.0
2025/11/24,14:23:24,0,101.0,195.0,231.0,256.0,6.0,199.0,2.0,2.0,0.0,0.0,0.0,0.0
2025/11/24,14:23:29,0,100.0,188.0,231.0,255.0,12.0,198.0,4.0,3.0,0.0,0.0,0.0,0.0
2025/11/24,14:23:34,0,102.0,215.0,234.0,255.0,3.0,199.0,3.0,2.0,0.0,0.0,0.0,0.0
2025/11/24,14:23:39,0,102.0,190.0,232.0,255.0,8.0,198.0,3.0,2.0,0.0,0.0,0.0,0.0
2025/11/24,14:23:44,0,102.0,203.0,233.0,254.0,10.0,198.0,3.0,2.0,0.0,0.0,0.0,0.0
2025/11/24,14:23:49,0,99.0,199.0,231.0,256.0,0.0,198.0,1.0,1.0,0.0,0.0,0.0,0.0
2025/11/24,14:23:54,0,101.0,191.0,231.0,256.0,10.0,199.0,2.0,2.0,0.0,0.0,0.0,0.0
2025/11/24,14:23:59,0,97.0,223.0,234.0,256.0,2.0,199.0,3.0,2.0,0.0,0.0,0.0,0.0
2025/11/24,14:24:04,0,100.0,199.0,234.0,256.0,0.0,198.0,1.0,1.0,0.0,0.0,0.0,0.0
2025/11/24,14:24:09,0,100.0,194.0,232.0,256.0,6.0,198.0,2.0,2.0,0.0,0.0,0.0,0.0
2025/11/24,14:24:14,0,100.0,190.0,231.0,256.0,11.0,198.0,3.0,3.0,0.0,0.0,0.0,0.0
2025/11/24,14:24:19,0,99.0,209.0,234.0,255.0,7.0,197.0,2.0,1.0,0.0,0.0,0.0,0.0
2025/11/24,14:24:24,0,100.0,216.0,235.0,254.0,3.0,198.0,3.0,2.0,0.0,0.0,0.0,0.0
2025/11/24,14:24:29,0,100.0,201.0,233.0,256.0,0.0,198.0,0.0,0.0,0.0,0.0,0.0,0.0
2025/11/24,14:24:34,0,97.0,193.0,232.0,255.0,5.0,198.0,2.0,2.0,0.0,0.0,0.0,0.0
2025/11/24,14:24:39,0,99.0,201.0,231.0,255.0,10.0,199.0,3.0,3.0,0.0,0.0,0.0,0.0
2025/11/24,14:24:44,0,100.0,190.0,230.0,256.0,11.0,197.0,3.0,3.0,0.0,0.0,0.0,0.0
2025/11/24,14:24:49,0,104.0,198.0,233.0,255.0,12.0,199.0,4.0,1.0,0.0,0.0,0.0,0.0
2025/11/24,14:24:54,0,96.0,215.0,234.0,255.0,0.0,200.0,2.0,1.0,0.0,0.0,0.0,0.0
2025/11/24,14:24:59,0,100.0,213.0,234.0,256.0,1.0,199.0,3.0,2.0,0.0,0.0,0.0,0.0
2025/11/24,14:25:04,0,101.0,199.0,235.0,255.0,0.0,198.0,1.0,0.0,0.0,0.0,0.0,0.0
2025/11/24,14:25:09,0,99.0,194.0,232.0,256.0,7.0,199.0,2.0,2.0,0.0,0.0,0.0,0.0
2025/11/24,14:25:14,0,100.0,198.0,231.0,255.0,10.0,199.0,3.0,3.0,0.0,0.0,0.0,0.0
2025/11/24,14:25:19,0,99.0,190.0,231.0,256.0,12.0,199.0,3.0,3.0,0.0,0.0,0.0,0.0
2025/11/24,14:25:24,0,97.0,210.0,233.0,255.0,7.0,199.0,4.0,2.0,0.0,0.0,0.0,0.0
2025/11/24,14:25:29,0,100.0,211.0,233.0,256.0,1.0,198.0,3.0,1.0,0.0,0.0,0.0,0.0
2025/11/24,14:25:34,0,97.0,199.0,234.0,256.0,0.0,198.0,2.0,1.0,0.0,0.0,0.0,0.0
2025/11/24,14:25:39,0,101.0,193.0,232.0,256.0,6.0,200.0,2.0,2.0,0.0,0.0,0.0,0.0
2025/11/24,14:25:44,0,97.0,197.0,232.0,255.0,9.0,199.0,3.0,2.0,0.0,0.0,0.0,0.0
2025/11/24,14:25:49,0,100.0,199.0,231.0,256.0,10.0,199.0,2.0,3.0,0.0,0.0,0.0,0.0
2025/11/24,14:25:54,0,98.0,188.0,232.0,254.0,11.0,198.0,3.0,2.0,0.0,0.0,0.0,0.0
2025/11/24,14:25:59,0,98.0,201.0,234.0,256.0,12.0,199.0,4.0,3.0,0.0,0.0,0.0,0.0
2025/11/24,14:26:04,0,97.0,212.0,234.0,255.0,5.0,199.0,3.0,1.0,0.0,0.0,0.0,0.0
2025/11/24,14:26:09,0,97.0,216.0,233.0,256.0,3.0,199.0,3.0,2.0,0.0,0.0,0.0,0.0
2025/11/24,14:26:14,0,98.0,199.0,235.0,254.0,0.0,199.0,1.0,1.0,0.0,0.0,0.0,0.0
2025/11/24,14:26:19,0,97.0,195.0,231.0,256.0,6.0,199.0,1.0,2.0,0.0,0.0,0.0,0.0
2025/11/24,14:26:24,0,95.0,200.0,229.0,256.0,9.0,199.0,2.0,2.0,0.0,0.0,0.0,0.0
2025/11/24,14:26:29,0,96.0,190.0,232.0,255.0,12.0,199.0,3.0,3.0,0.0,0.0,0.0,0.0
2025/11/24,14:26:42,0,96.0,218.0,235.0,256.0,2.0,198.0,2.0,1.0,0.0,0.0,0.0,0.0
2025/11/24,14:26:46,0,96.0,199.0,233.0,255.0,0.0,200.0,1.0,1.0,0.0,0.0,0.0,0.0
2025/11/24,14:26:51,0,95.0,197.0,232.0,256.0,8.0,199.0,2.0,3.0,0.0,0.0,0.0,0.0
2025/11/24,14:26:56,0,97.0,191.0,232.0,255.0,10.0,199.0,3.0,3.0,0.0,0.0,0.0,0.0
2025/11/24,14:27:01,0,97.0,207.0,234.0,255.0,6.0,199.0,3.0,2.0,0.0,0.0,0.0,0.0
2025/11/24,14:27:06,0,96.0,211.0,235.0,256.0,1.0,198.0,3.0,1.0,0.0,0.0,0.0,0.0
2025/11/24,14:27:11,0,97.0,199.0,233.0,256.0,0.0,199.0,1.0,1.0,0.0,0.0,0.0,0.0
2025/11/24,14:27:16,0,96.0,203.0,232.0,256.0,9.0,199.0,2.0,3.0,0.0,0.0,0.0,0.0
2025/11/24,14:27:21,0,95.0,190.0,233.0,257.0,13.0,199.0,4.0,3.0,0.0,0.0,0.0,0.0
2025/11/24,14:27:26,0,95.0,221.0,234.0,256.0,2.0,199.0,3.0,2.0,0.0,0.0,0.0,0.0
2025/11/24,14:27:31,0,96.0,197.0,234.0,255.0,0.0,199.0,1.0,1.0,0.0,0.0,0.0,0.0
2025/11/24,14:27:36,0,98.0,202.0,230.0,255.0,10.0,199.0,3.0,2.0,0.0,0.0,0.0,0.0
2025/11/24,14:27:41,0,97.0,188.0,230.0,256.0,12.0,200.0,3.0,4.0,0.0,0.0,0.0,0.0
2025/11/24,14:27:46,0,97.0,213.0,234.0,255.0,7.0,200.0,2.0,1.0,0.0,0.0,0.0,0.0
2025/11/24,14:27:51,0,94.0,203.0,235.0,255.0,0.0,197.0,2.0,1.0,0.0,0.0,0.0,0.0
2025/11/24,14:27:56,0,99.0,192.0,231.0,256.0,10.0,198.0,4.0,2.0,0.0,0.0,0.0,0.0
2025/11/24,14:28:01,0,96.0,191.0,232.0,255.0,11.0,199.0,3.0,3.0,0.0,0.0,0.0,0.0
2025/11/24,14:28:06,0,99.0,206.0,234.0,255.0,7.0,198.0,3.0,2.0,0.0,0.0,0.0,0.0
2025/11/24,14:28:11,0,96.0,214.0,234.0,256.0,1.0,199.0,2.0,2.0,0.0,0.0,0.0,0.0
2025/11/24,14:28:16,0,97.0,200.0,235.0,254.0,0.0,198.0,1.0,1.0,0.0,0.0,0.0,0.0
2025/11/24,14:28:21,0,97.0,193.0,232.0,256.0,9.0,198.0,3.0,3.0,0.0,0.0,0.0,0.0
2025/11/24,14:28:26,0,98.0,197.0,230.0,256.0,10.0,200.0,3.0,3.0,0.0,0.0,0.0,0.0
2025/11/24,14:28:31,0,98.0,189.0,232.0,256.0,12.0,197.0,3.0,3.0,0.0,0.0,0.0,0.0
2025/11/24,14:28:36,0,98.0,201.0,233.0,255.0,11.0,199.0,3.0,3.0,0.0,0.0,0.0,0.0
2025/11/24,14:28:41,0,100.0,207.0,234.0,255.0,7.0,198.0,3.0,2.0,0.0,0.0,0.0,0.0
2025/11/24,14:28:46,0,97.0,211.0,235.0,255.0,3.0,199.0,2.0,2.0,0.0,0.0,0.0,0.0
2025/11/24,14:28:51,0,103.0,222.0,235.0,254.0,3.0,199.0,3.0,2.0,0.0,0.0,0.0,0.0
2025/11/24,14:28:56,0,99.0,215.0,235.0,254.0,2.0,198.0,2.0,2.0,0.0,0.0,0.0,0.0
2025/11/24,14:29:01,0,98.0,205.0,234.0,256.0,1.0,199.0,2.0,1.0,0.0,0.0,0.0,0.0
2025/11/24,14:29:06,0,101.0,198.0,233.0,256.0,0.0,199.0,1.0,1.0,0.0,0.0,0.0,0.0
2025/11/24,14:29:11,0,100.0,194.0,232.0,255.0,7.0,199.0,2.0,2.0,0.0,0.0,0.0,0.0
2025/11/24,14:29:16,0,100.0,204.0,232.0,256.0,10.0,198.0,3.0,3.0,0.0,0.0,0.0,0.0
2025/11/24,14:29:21,0,98.0,198.0,229.0,256.0,10.0,199.0,3.0,2.0,0.0,0.0,0.0,0.0
2025/11/24,14:29:26,0,97.0,190.0,234.0,256.0,12.0,199.0,3.0,3.0,0.0,0.0,0.0,0.0
2025/11/24,14:29:31,0,99.0,193.0,233.0,256.0,13.0,199.0,4.0,3.0,0.0,0.0,0.0,0.0
2025/11/24,14:29:36,0,98.0,195.0,233.0,255.0,12.0,199.0,3.0,3.0,0.0,0.0,0.0,0.0
2025/11/24,14:29:41,0,97.0,206.0,234.0,255.0,9.0,198.0,4.0,2.0,0.0,0.0,0.0,0.0
2025/11/24,14:29:46,0,97.0,210.0,233.0,256.0,6.0,199.0,1.0,2.0,0.0,0.0,0.0,0.0
2025/11/24,14:29:51,0,98.0,198.0,232.0,255.0,12.0,198.0,3.0,2.0,0.0,0.0,0.0,0.0
2025/11/24,14:29:56,0,97.0,222.0,234.0,256.0,2.0,199.0,3.0,2.0,0.0,0.0,0.0,0.0
2025/11/24,14:30:01,0,97.0,221.0,233.0,255.0,3.0,199.0,3.0,2.0,0.0,0.0,0.0,0.0
2025/11/24,14:30:06,0,95.0,222.0,234.0,256.0,3.0,199.0,3.0,2.0,0.0,0.0,0.0,0.0
2025/11/24,14:30:11,0,96.0,218.0,234.0,256.0,3.0,199.0,2.0,2.0,0.0,0.0,0.0,0.0
2025/11/24,14:30:16,0,96.0,218.0,235.0,254.0,3.0,200.0,2.0,2.0,0.0,0.0,0.0,0.0
2025/11/24,14:30:21,0,97.0,213.0,234.0,256.0,3.0,200.0,2.0,1.0,0.0,0.0,0.0,0.0
2025/11/24,14:30:26,0,95.0,209.0,235.0,256.0,1.0,199.0,2.0,2.0,0.0,0.0,0.0,0.0
2025/11/24,14:30:31,0,96.0,204.0,235.0,255.0,0.0,198.0,2.0,1.0,0.0,0.0,0.0,0.0
2025/11/24,14:30:36,0,96.0,204.0,234.0,255.0,0.0,199.0,2.0,1.0,0.0,0.0,0.0,0.0
2025/11/24,14:30:41,0,96.0,207.0,237.0,256.0,0.0,199.0,2.0,2.0,0.0,0.0,0.0,0.0
2025/11/24,14:30:46,0,96.0,213.0,234.0,255.0,2.0,198.0,2.0,2.0,0.0,0.0,0.0,0.0
2025/11/24,14:30:51,0,95.0,223.0,235.0,256.0,1.0,199.0,3.0,2.0,0.0,0.0,0.0,0.0
2025/11/24,14:30:56,0,95.0,215.0,235.0,255.0,1.0,198.0,2.0,2.0,0.0,0.0,0.0,0.0
2025/11/24,14:31:01,0,93.0,205.0,233.0,256.0,8.0,198.0,3.0,2.0,0.0,0.0,0.0,0.0
2025/11/24,14:31:06,0,97.0,197.0,233.0,255.0,11.0,199.0,4.0,3.0,0.0,0.0,0.0,0.0
2025/11/24,14:31:11,0,94.0,189.0,233.0,257.0,12.0,198.0,4.0,3.0,0.0,0.0,0.0,0.0
2025/11/24,14:31:16,0,95.0,192.0,232.0,255.0,11.0,200.0,3.0,3.0,0.0,0.0,0.0,0.0
2025/11/24,14:31:21,0,96.0,196.0,231.0,256.0,9.0,199.0,3.0,3.0,0.0,0.0,0.0,0.0
2025/11/24,14:31:26,0,95.0,199.0,233.0,256.0,11.0,199.0,2.0,3.0,0.0,0.0,0.0,0.0
2025/11/24,14:31:31,0,94.0,202.0,233.0,256.0,9.0,198.0,3.0,2.0,0.0,0.0,0.0,0.0
2025/11/24,14:31:36,0,97.0,203.0,232.0,255.0,10.0,198.0,2.0,2.0,0.0,0.0,0.0,0.0
2025/11/24,14:31:41,0,95.0,202.0,231.0,256.0,10.0,199.0,3.0,2.0,0.0,0.0,0.0,0.0
2025/11/24,14:31:46,0,95.0,200.0,232.0,255.0,8.0,199.0,2.0,3.0,0.0,0.0,0.0,0.0
2025/11/24,14:31:51,0,95.0,200.0,232.0,256.0,10.0,198.0,2.0,3.0,0.0,0.0,0.0,0.0
2025/11/24,14:31:56,0,95.0,198.0,232.0,256.0,10.0,199.0,2.0,2.0,0.0,0.0,0.0,0.0
2025/11/24,14:32:01,0,95.0,195.0,232.0,255.0,11.0,198.0,3.0,3.0,0.0,0.0,0.0,0.0
2025/11/24,14:32:06,0,94.0,194.0,233.0,256.0,11.0,199.0,3.0,3.0,0.0,0.0,0.0,0.0
2025/11/24,14:32:11,0,93.0,190.0,233.0,254.0,12.0,198.0,3.0,2.0,0.0,0.0,0.0,0.0
2025/11/24,14:32:16,0,95.0,190.0,233.0,255.0,13.0,199.0,4.0,3.0,0.0,0.0,0.0,0.0
2025/11/24,14:32:21,0,95.0,200.0,234.0,256.0,9.0,199.0,3.0,3.0,0.0,0.0,0.0,0.0
2025/11/24,14:32:26,0,96.0,213.0,234.0,256.0,4.0,200.0,2.0,2.0,0.0,0.0,0.0,0.0
2025/11/24,14:32:31,0,94.0,219.0,235.0,256.0,1.0,199.0,2.0,2.0,0.0,0.0,0.0,0.0
2025/11/24,14:32:36,0,94.0,203.0,236.0,255.0,0.0,199.0,2.0,1.0,0.0,0.0,0.0,0.0
2025/11/24,14:32:41,0,95.0,197.0,233.0,255.0,1.0,199.0,2.0,1.0,0.0,0.0,0.0,0.0
2025/11/24,14:32:46,0,95.0,197.0,233.0,256.0,12.0,198.0,3.0,3.0,0.0,0.0,0.0,0.0
2025/11/24,14:32:51,0,94.0,192.0,233.0,254.0,13.0,198.0,3.0,2.0,0.0,0.0,0.0,0.0
2025/11/24,14:32:56,0,96.0,209.0,235.0,257.0,6.0,198.0,4.0,2.0,0.0,0.0,0.0,0.0
2025/11/24,14:33:01,0,95.0,214.0,233.0,256.0,3.0,199.0,3.0,2.0,0.0,0.0,0.0,0.0
2025/11/24,14:33:06,0,92.0,196.0,232.0,256.0,3.0,200.0,1.0,2.0,0.0,0.0,0.0,0.0
2025/11/24,14:33:11,0,94.0,194.0,232.0,256.0,10.0,198.0,2.0,2.0,0.0,0.0,0.0,0.0
2025/11/24,14:33:16,0,98.0,206.0,232.0,255.0,8.0,199.0,3.0,3.0,0.0,0.0,0.0,0.0
2025/11/24,14:33:21,0,94.0,212.0,235.0,255.0,2.0,199.0,3.0,2.0,0.0,0.0,0.0,0.0
2025/11/24,14:33:26,0,92.0,197.0,233.0,256.0,5.0,199.0,2.0,2.0,0.0,0.0,0.0,0.0
2025/11/24,14:33:31,0,94.0,189.0,232.0,256.0,10.0,200.0,2.0,3.0,0.0,0.0,0.0,0.0
2025/11/24,14:33:36,0,95.0,219.0,235.0,256.0,3.0,199.0,2.0,1.0,0.0,0.0,0.0,0.0
2025/11/24,14:33:41,0,94.0,200.0,234.0,255.0,0.0,199.0,1.0,1.0,0.0,0.0,0.0,0.0
2025/11/24,14:33:46,0,91.0,201.0,232.0,255.0,8.0,200.0,2.0,2.0,0.0,0.0,0.0,0.0
2025/11/24,14:33:51,0,95.0,194.0,231.0,256.0,14.0,199.0,4.0,3.0,0.0,0.0,0.0,0.0
2025/11/24,14:33:56,0,95.0,219.0,235.0,256.0,2.0,198.0,3.0,1.0,0.0,0.0,0.0,0.0
2025/11/24,14:34:01,0,92.0,196.0,235.0,255.0,0.0,199.0,2.0,1.0,0.0,0.0,0.0,0.0
2025/11/24,14:34:06,0,93.0,191.0,232.0,255.0,11.0,198.0,3.0,2.0,0.0,0.0,0.0,0.0
2025/11/24,14:34:11,0,91.0,221.0,234.0,256.0,4.0,199.0,2.0,2.0,0.0,0.0,0.0,0.0
2025/11/24,14:34:16,0,92.0,198.0,234.0,255.0,2.0,200.0,1.0,1.0,0.0,0.0,0.0,0.0
2025/11/24,14:34:21,0,93.0,192.0,230.0,256.0,11.0,199.0,2.0,2.0,0.0,0.0,0.0,0.0
2025/11/24,14:34:26,0,92.0,213.0,234.0,256.0,3.0,200.0,1.0,1.0,0.0,0.0,0.0,0.0
2025/11/24,14:34:31,0,92.0,197.0,234.0,255.0,1.0,199.0,1.0,1.0,0.0,0.0,0.0,0.0
2025/11/24,14:34:36,0,93.0,187.0,232.0,255.0,11.0,198.0,2.0,2.0,0.0,0.0,0.0,0.0
2025/11/24,14:34:41,0,92.0,212.0,235.0,256.0,0.0,199.0,2.0,2.0,0.0,0.0,0.0,0.0
2025/11/24,14:34:46,0,91.0,201.0,233.0,257.0,9.0,199.0,3.0,2.0,0.0,0.0,0.0,0.0
2025/11/24,14:34:51,0,89.0,208.0,234.0,256.0,6.0,199.0,3.0,2.0,0.0,0.0,0.0,0.0
2025/11/24,14:34:56,0,94.0,199.0,235.0,256.0,0.0,199.0,1.0,1.0,0.0,0.0,0.0,0.0
2025/11/24,14:35:01,0,92.0,187.0,230.0,255.0,11.0,200.0,2.0,2.0,0.0,0.0,0.0,0.0
2025/11/24,14:35:06,0,92.0,219.0,235.0,255.0,2.0,199.0,3.0,2.0,0.0,0.0,0.0,0.0
2025/11/24,14:35:11,0,93.0,196.0,234.0,256.0,3.0,198.0,1.0,1.0,0.0,0.0,0.0,0.0
2025/11/24,14:35:16,0,93.0,189.0,232.0,255.0,12.0,197.0,3.0,4.0,0.0,0.0,0.0,0.0
2025/11/24,14:35:21,0,93.0,201.0,236.0,255.0,0.0,198.0,2.0,1.0,0.0,0.0,0.0,0.0
2025/11/24,14:35:26,0,94.0,189.0,232.0,256.0,13.0,198.0,5.0,3.0,0.0,0.0,0.0,0.0
2025/11/24,14:35:31,0,93.0,194.0,234.0,256.0,3.0,200.0,1.0,1.0,0.0,0.0,0.0,0.0
2025/11/24,14:35:36,0,94.0,220.0,236.0,256.0,1.0,199.0,2.0,1.0,0.0,0.0,0.0,0.0
2025/11/24,14:35:41,0,92.0,187.0,232.0,256.0,13.0,199.0,5.0,3.0,0.0,0.0,0.0,0.0
2025/11/24,14:35:46,0,92.0,193.0,233.0,256.0,11.0,199.0,3.0,3.0,0.0,0.0,0.0,0.0
2025/11/24,14:35:51,0,93.0,203.0,236.0,255.0,0.0,199.0,2.0,1.0,0.0,0.0,0.0,0.0
2025/11/24,14:35:56,0,92.0,219.0,234.0,256.0,3.0,199.0,3.0,2.0,0.0,0.0,0.0,0.0
2025/11/24,14:36:01,0,97.0,215.0,235.0,256.0,4.0,200.0,4.0,1.0,0.0,0.0,0.0,0.0
2025/11/24,14:36:06,0,95.0,213.0,234.0,256.0,4.0,200.0,2.0,2.0,0.0,0.0,0.0,0.0
2025/11/24,14:36:11,0,91.0,210.0,235.0,256.0,5.0,200.0,3.0,2.0,0.0,0.0,0.0,0.0
2025/11/24,14:36:16,0,97.0,206.0,234.0,255.0,8.0,199.0,2.0,2.0,0.0,0.0,0.0,0.0
2025/11/24,14:36:21,0,94.0,210.0,235.0,256.0,5.0,198.0,3.0,2.0,0.0,0.0,0.0,0.0
2025/11/24,14:36:26,0,98.0,217.0,235.0,256.0,2.0,198.0,2.0,1.0,0.0,0.0,0.0,0.0
2025/11/24,14:36:31,0,93.0,212.0,235.0,255.0,2.0,199.0,2.0,2.0,0.0,0.0,0.0,0.0
2025/11/24,14:36:36,0,95.0,197.0,235.0,256.0,0.0,198.0,1.0,1.0,0.0,0.0,0.0,0.0
2025/11/24,14:37:27,0,93.0,207.0,236.0,255.0,4.0,198.0,3.0,2.0,0.0,0.0,0.0,0.0
2025/11/24,14:37:32,0,92.0,203.0,235.0,255.0,1.0,199.0,2.0,1.0,0.0,0.0,0.0,0.0
2025/11/24,14:37:37,0,93.0,193.0,233.0,254.0,11.0,198.0,3.0,2.0,0.0,0.0,0.0,0.0
2025/11/24,14:37:42,0,92.0,212.0,236.0,254.0,1.0,198.0,3.0,2.0,0.0,0.0,0.0,0.0
2025/11/24,14:37:47,0,91.0,199.0,233.0,255.0,10.0,199.0,2.0,2.0,0.0,0.0,0.0,0.0
2025/11/24,14:37:52,0,93.0,217.0,236.0,256.0,3.0,197.0,2.0,2.0,0.0,0.0,0.0,0.0
2025/11/24,14:37:57,0,91.0,203.0,231.0,256.0,10.0,200.0,3.0,3.0,0.0,0.0,0.0,0.0
2025/11/24,14:38:02,0,92.0,213.0,234.0,256.0,3.0,199.0,2.0,1.0,0.0,0.0,0.0,0.0
2025/11/24,14:38:07,0,93.0,196.0,234.0,254.0,4.0,199.0,2.0,1.0,0.0,0.0,0.0,0.0
2025/11/24,14:38:12,0,92.0,204.0,234.0,256.0,11.0,199.0,3.0,3.0,0.0,0.0,0.0,0.0
2025/11/24,14:38:17,0,91.0,199.0,235.0,254.0,0.0,199.0,1.0,1.0,0.0,0.0,0.0,0.0
2025/11/24,14:38:22,0,93.0,202.0,231.0,256.0,9.0,199.0,3.0,3.0,0.0,0.0,0.0,0.0
2025/11/24,14:38:27,0,94.0,192.0,232.0,255.0,7.0,199.0,3.0,2.0,0.0,0.0,0.0,0.0
2025/11/24,14:38:32,0,94.0,216.0,235.0,255.0,1.0,199.0,2.0,2.0,0.0,0.0,0.0,0.0
2025/11/24,14:38:37,0,92.0,192.0,233.0,255.0,12.0,199.0,3.0,4.0,0.0,0.0,0.0,0.0
2025/11/24,14:38:42,0,93.0,204.0,231.0,255.0,11.0,199.0,3.0,3.0,0.0,0.0,0.0,0.0
2025/11/24,14:38:47,0,95.0,201.0,236.0,257.0,0.0,199.0,1.0,1.0,0.0,0.0,0.0,0.0
2025/11/24,14:38:52,0,94.0,210.0,235.0,255.0,5.0,198.0,2.0,2.0,0.0,0.0,0.0,0.0
2025/11/24,14:38:57,0,91.0,201.0,232.0,256.0,11.0,197.0,3.0,3.0,0.0,0.0,0.0,0.0
2025/11/24,14:39:02,0,93.0,210.0,233.0,256.0,2.0,199.0,2.0,2.0,0.0,0.0,0.0,0.0
2025/11/24,14:39:07,0,94.0,190.0,232.0,256.0,17.0,198.0,4.0,3.0,0.0,0.0,0.0,0.0
2025/11/24,14:39:12,0,91.0,192.0,232.0,255.0,10.0,200.0,3.0,3.0,0.0,0.0,0.0,0.0
2025/11/24,14:39:17,0,93.0,203.0,235.0,256.0,0.0,198.0,2.0,1.0,0.0,0.0,0.0,0.0
2025/11/24,14:39:22,0,94.0,216.0,234.0,255.0,3.0,199.0,2.0,1.0,0.0,0.0,0.0,0.0
2025/11/24,14:39:27,0,94.0,192.0,233.0,256.0,10.0,200.0,3.0,3.0,0.0,0.0,0.0,0.0
2025/11/24,14:39:32,0,93.0,199.0,235.0,255.0,0.0,198.0,1.0,1.0,0.0,0.0,0.0,0.0
2025/11/24,14:39:37,0,93.0,206.0,235.0,256.0,7.0,199.0,4.0,2.0,0.0,0.0,0.0,0.0
2025/11/24,14:39:42,0,94.0,195.0,232.0,255.0,13.0,199.0,4.0,3.0,0.0,0.0,0.0,0.0
2025/11/24,14:39:47,0,94.0,223.0,236.0,254.0,2.0,199.0,2.0,1.0,0.0,0.0,0.0,0.0
2025/11/24,14:39:52,0,94.0,202.0,233.0,255.0,8.0,198.0,2.0,3.0,0.0,0.0,0.0,0.0
2025/11/24,14:39:57,0,94.0,218.0,235.0,256.0,1.0,199.0,3.0,2.0,0.0,0.0,0.0,0.0
2025/11/24,14:40:02,0,95.0,194.0,234.0,255.0,8.0,201.0,3.0,2.0,0.0,0.0,0.0,0.0
2025/11/24,14:40:07,0,95.0,191.0,232.0,256.0,14.0,199.0,4.0,3.0,0.0,0.0,0.0,0.0
2025/11/24,14:40:12,0,94.0,214.0,235.0,255.0,2.0,200.0,2.0,2.0,0.0,0.0,0.0,0.0
2025/11/24,14:40:17,0,97.0,195.0,233.0,255.0,7.0,198.0,2.0,2.0,0.0,0.0,0.0,0.0
2025/11/24,14:40:22,0,95.0,188.0,232.0,255.0,14.0,199.0,3.0,3.0,0.0,0.0,0.0,0.0
2025/11/24,14:40:27,0,94.0,218.0,236.0,256.0,2.0,198.0,3.0,1.0,0.0,0.0,0.0,0.0
2025/11/24,14:40:32,0,95.0,199.0,234.0,255.0,0.0,200.0,1.0,1.0,0.0,0.0,0.0,0.0
2025/11/24,14:40:37,0,94.0,199.0,230.0,255.0,10.0,199.0,2.0,2.0,0.0,0.0,0.0,0.0
2025/11/24,14:40:42,0,94.0,188.0,232.0,255.0,12.0,199.0,3.0,3.0,0.0,0.0,0.0,0.0
2025/11/24,14:40:47,0,93.0,197.0,232.0,256.0,11.0,200.0,3.0,3.0,0.0,0.0,0.0,0.0
2025/11/24,14:40:52,0,93.0,211.0,234.0,256.0,4.0,198.0,2.0,1.0,0.0,0.0,0.0,0.0
2025/11/24,14:40:57,0,89.0,221.0,235.0,255.0,2.0,200.0,2.0,1.0,0.0,0.0,0.0,0.0
2025/11/24,14:41:02,0,94.0,223.0,234.0,256.0,3.0,199.0,1.0,1.0,0.0,0.0,0.0,0.0
2025/11/24,14:41:07,0,95.0,222.0,235.0,255.0,2.0,198.0,2.0,1.0,0.0,0.0,0.0,0.0
2025/11/24,14:41:12,0,90.0,217.0,235.0,256.0,1.0,200.0,2.0,2.0,0.0,0.0,0.0,0.0
2025/11/24,14:41:17,0,96.0,217.0,236.0,256.0,0.0,199.0,2.0,1.0,0.0,0.0,0.0,0.0
2025/11/24,14:41:22,0,95.0,223.0,235.0,255.0,2.0,199.0,3.0,2.0,0.0,0.0,0.0,0.0
2025/11/24,14:41:27,0,94.0,219.0,233.0,256.0,3.0,199.0,3.0,2.0,0.0,0.0,0.0,0.0
2025/11/24,14:41:32,0,95.0,222.0,236.0,256.0,2.0,198.0,3.0,1.0,0.0,0.0,0.0,0.0
2025/11/24,14:41:37,0,94.0,210.0,235.0,254.0,4.0,200.0,2.0,2.0,0.0,0.0,0.0,0.0
2025/11/24,14:41:42,0,95.0,194.0,233.0,255.0,13.0,199.0,4.0,3.0,0.0,0.0,0.0,0.0
2025/11/24,14:41:47,0,95.0,194.0,233.0,255.0,10.0,200.0,3.0,3.0,0.0,0.0,0.0,0.0
2025/11/24,14:41:52,0,94.0,193.0,234.0,255.0,8.0,198.0,3.0,2.0,0.0,0.0,0.0,0.0
2025/11/24,14:41:57,0,96.0,203.0,236.0,254.0,0.0,199.0,2.0,1.0,0.0,0.0,0.0,0.0
2025/11/24,14:42:02,0,94.0,212.0,236.0,256.0,4.0,199.0,2.0,1.0,0.0,0.0,0.0,0.0
2025/11/24,14:42:07,0,95.0,198.0,230.0,254.0,10.0,197.0,3.0,3.0,0.0,0.0,0.0,0.0
2025/11/24,14:42:12,0,94.0,203.0,236.0,257.0,0.0,198.0,2.0,1.0,0.0,0.0,0.0,0.0
2025/11/24,14:42:17,0,96.0,194.0,233.0,256.0,13.0,200.0,4.0,3.0,0.0,0.0,0.0,0.0
2025/11/24,14:42:22,0,95.0,193.0,231.0,256.0,13.0,200.0,3.0,2.0,0.0,0.0,0.0,0.0
2025/11/24,14:42:27,0,95.0,217.0,235.0,256.0,2.0,198.0,2.0,2.0,0.0,0.0,0.0,0.0
2025/11/24,14:42:32,0,95.0,195.0,232.0,257.0,11.0,199.0,3.0,2.0,0.0,0.0,0.0,0.0
2025/11/24,14:42:37,0,94.0,205.0,236.0,255.0,0.0,199.0,2.0,1.0,0.0,0.0,0.0,0.0
2025/11/24,14:42:42,0,94.0,188.0,233.0,255.0,12.0,199.0,3.0,3.0,0.0,0.0,0.0,0.0
2025/11/24,14:42:47,0,94.0,207.0,236.0,256.0,0.0,200.0,2.0,2.0,0.0,0.0,0.0,0.0
2025/11/24,14:42:52,0,93.0,198.0,235.0,253.0,3.0,198.0,2.0,2.0,0.0,0.0,0.0,0.0
2025/11/24,14:42:57,0,93.0,209.0,235.0,255.0,1.0,199.0,2.0,2.0,0.0,0.0,0.0,0.0
2025/11/24,14:43:02,0,94.0,194.0,232.0,256.0,11.0,198.0,3.0,3.0,0.0,0.0,0.0,0.0
2025/11/24,14:43:07,0,96.0,218.0,236.0,256.0,1.0,199.0,3.0,2.0,0.0,0.0,0.0,0.0
2025/11/24,14:43:12,0,96.0,202.0,233.0,257.0,9.0,198.0,3.0,2.0,0.0,0.0,0.0,0.0
2025/11/24,14:43:17,0,100.0,218.0,235.0,255.0,3.0,199.0,2.0,2.0,0.0,0.0,0.0,0.0
2025/11/24,14:43:22,0,96.0,198.0,233.0,256.0,8.0,200.0,3.0,3.0,0.0,0.0,0.0,0.0
2025/11/24,14:43:27,0,98.0,222.0,236.0,256.0,1.0,199.0,3.0,2.0,0.0,0.0,0.0,0.0
2025/11/24,14:43:32,0,97.0,202.0,234.0,254.0,10.0,198.0,3.0,3.0,0.0,0.0,0.0,0.0
2025/11/24,14:43:37,0,98.0,220.0,235.0,256.0,2.0,200.0,2.0,2.0,0.0,0.0,0.0,0.0
2025/11/24,14:43:42,0,97.0,195.0,233.0,256.0,10.0,200.0,3.0,3.0,0.0,0.0,0.0,0.0
2025/11/24,14:43:47,0,98.0,203.0,236.0,255.0,1.0,198.0,2.0,1.0,0.0,0.0,0.0,0.0
2025/11/24,14:43:52,0,96.0,208.0,233.0,256.0,7.0,199.0,3.0,2.0,0.0,0.0,0.0,0.0
2025/11/24,14:43:57,0,97.0,199.0,234.0,254.0,10.0,199.0,3.0,2.0,0.0,0.0,0.0,0.0
2025/11/24,14:44:02,0,97.0,199.0,236.0,256.0,0.0,199.0,1.0,1.0,0.0,0.0,0.0,0.0
2025/11/24,14:44:07,0,92.0,212.0,236.0,255.0,3.0,199.0,2.0,0.0,0.0,0.0,0.0,0.0
2025/11/24,14:44:12,0,97.0,192.0,231.0,256.0,11.0,200.0,3.0,2.0,0.0,0.0,0.0,0.0
2025/11/24,14:44:17,0,96.0,198.0,232.0,256.0,2.0,199.0,1.0,1.0,0.0,0.0,0.0,0.0
2025/11/24,14:44:22,0,96.0,212.0,235.0,256.0,6.0,200.0,1.0,2.0,0.0,0.0,0.0,0.0
2025/11/24,14:44:27,0,93.0,196.0,231.0,256.0,12.0,200.0,2.0,3.0,0.0,0.0,0.0,0.0
2025/11/24,14:44:32,0,97.0,216.0,236.0,256.0,0.0,199.0,2.0,1.0,0.0,0.0,0.0,0.0
2025/11/24,14:44:37,0,96.0,195.0,234.0,255.0,6.0,198.0,3.0,2.0,0.0,0.0,0.0,0.0
2025/11/24,14:44:42,0,96.0,196.0,233.0,256.0,13.0,200.0,3.0,3.0,0.0,0.0,0.0,0.0
2025/11/24,14:44:47,0,96.0,206.0,236.0,256.0,1.0,200.0,2.0,1.0,0.0,0.0,0.0,0.0
2025/11/24,14:44:52,0,100.0,202.0,232.0,256.0,10.0,199.0,4.0,3.0,0.0,0.0,0.0,0.0
2025/11/24,14:44:57,0,100.0,206.0,236.0,257.0,6.0,198.0,3.0,2.0,0.0,0.0,0.0,0.0
2025/11/24,14:45:02,0,95.0,199.0,235.0,256.0,0.0,199.0,1.0,1.0,0.0,0.0,0.0,0.0
2025/11/24,14:45:07,0,96.0,190.0,234.0,255.0,11.0,199.0,3.0,3.0,0.0,0.0,0.0,0.0
2025/11/24,14:45:12,0,95.0,211.0,235.0,255.0,1.0,200.0,3.0,2.0,0.0,0.0,0.0,0.0
2025/11/24,14:45:17,0,94.0,202.0,233.0,255.0,9.0,199.0,3.0,3.0,0.0,0.0,0.0,0.0
2025/11/24,14:45:22,0,100.0,207.0,236.0,254.0,6.0,200.0,3.0,3.0,0.0,0.0,0.0,0.0
2025/11/24,14:45:27,0,95.0,199.0,236.0,254.0,0.0,199.0,1.0,1.0,0.0,0.0,0.0,0.0
2025/11/24,14:45:32,0,96.0,187.0,233.0,255.0,14.0,199.0,2.0,2.0,0.0,0.0,0.0,0.0
2025/11/24,14:45:37,0,97.0,199.0,233.0,256.0,0.0,200.0,0.0,1.0,0.0,0.0,0.0,0.0
2025/11/24,14:45:42,0,97.0,196.0,232.0,256.0,14.0,201.0,3.0,3.0,0.0,0.0,0.0,0.0
2025/11/24,14:45:47,0,94.0,197.0,234.0,256.0,2.0,200.0,1.0,1.0,0.0,0.0,0.0,0.0
2025/11/24,14:45:52,0,93.0,196.0,234.0,256.0,13.0,198.0,3.0,3.0,0.0,0.0,0.0,0.0
2025/11/24,14:45:57,0,96.0,198.0,236.0,256.0,0.0,199.0,1.0,0.0,0.0,0.0,0.0,0.0
2025/11/24,14:46:02,0,96.0,190.0,233.0,255.0,12.0,199.0,2.0,3.0,0.0,0.0,0.0,0.0
2025/11/24,14:46:07,0,96.0,206.0,235.0,255.0,2.0,199.0,2.0,1.0,0.0,0.0,0.0,0.0
2025/11/24,14:46:12,0,96.0,196.0,234.0,253.0,10.0,198.0,3.0,2.0,0.0,0.0,0.0,0.0
2025/11/24,14:46:17,0,95.0,222.0,236.0,255.0,1.0,198.0,3.0,1.0,0.0,0.0,0.0,0.0
2025/11/24,14:46:22,0,95.0,195.0,231.0,256.0,7.0,199.0,2.0,2.0,0.0,0.0,0.0,0.0
2025/11/24,14:46:27,0,95.0,192.0,234.0,256.0,16.0,199.0,4.0,3.0,0.0,0.0,0.0,0.0
2025/11/24,14:46:32,0,99.0,210.0,236.0,255.0,1.0,198.0,2.0,1.0,0.0,0.0,0.0,0.0
2025/11/24,14:46:37,0,96.0,203.0,234.0,257.0,9.0,198.0,3.0,3.0,0.0,0.0,0.0,0.0
2025/11/24,14:46:42,0,99.0,212.0,235.0,255.0,3.0,200.0,2.0,2.0,0.0,0.0,0.0,0.0
2025/11/24,14:46:47,0,96.0,197.0,232.0,256.0,0.0,200.0,1.0,1.0,0.0,0.0,0.0,0.0
2025/11/24,14:46:58,0,96.0,197.0,234.0,255.0,8.0,200.0,1.0,2.0,0.0,0.0,0.0,0.0
2025/11/24,14:47:02,0,97.0,194.0,234.0,255.0,12.0,198.0,3.0,3.0,0.0,0.0,0.0,0.0
2025/11/24,14:47:07,0,96.0,205.0,236.0,256.0,0.0,199.0,2.0,1.0,0.0,0.0,0.0,0.0
2025/11/24,14:47:12,0,94.0,204.0,233.0,255.0,9.0,199.0,3.0,2.0,0.0,0.0,0.0,0.0
2025/11/24,14:47:17,0,95.0,210.0,236.0,255.0,4.0,193.0,3.0,2.0,0.0,0.0,0.0,0.0
2025/11/24,14:47:22,0,94.0,196.0,234.0,255.0,1.0,199.0,1.0,1.0,0.0,0.0,0.0,0.0
2025/11/24,14:47:27,0,97.0,200.0,232.0,256.0,12.0,200.0,2.0,3.0,0.0,0.0,0.0,0.0
2025/11/24,14:47:32,0,96.0,199.0,233.0,256.0,0.0,200.0,0.0,1.0,0.0,0.0,0.0,0.0
2025/11/24,14:47:37,0,98.0,194.0,234.0,256.0,14.0,200.0,3.0,3.0,0.0,0.0,0.0,0.0
2025/11/24,14:47:42,0,94.0,203.0,236.0,256.0,0.0,198.0,2.0,1.0,0.0,0.0,0.0,0.0
2025/11/24,14:47:47,0,95.0,193.0,232.0,256.0,12.0,200.0,3.0,3.0,0.0,0.0,0.0,0.0
2025/11/24,14:47:52,0,93.0,211.0,235.0,255.0,1.0,200.0,1.0,1.0,0.0,0.0,0.0,0.0
2025/11/24,14:47:57,0,94.0,194.0,233.0,256.0,12.0,199.0,2.0,2.0,0.0,0.0,0.0,0.0
2025/11/24,14:48:02,0,95.0,203.0,236.0,255.0,0.0,200.0,1.0,1.0,0.0,0.0,0.0,0.0
2025/11/24,14:48:07,0,94.0,189.0,234.0,255.0,14.0,199.0,3.0,3.0,0.0,0.0,0.0,0.0
2025/11/24,14:48:12,0,97.0,196.0,234.0,255.0,0.0,199.0,1.0,1.0,0.0,0.0,0.0,0.0
2025/11/24,14:48:17,0,96.0,200.0,236.0,254.0,10.0,199.0,3.0,3.0,0.0,0.0,0.0,0.0
2025/11/24,14:48:22,0,95.0,193.0,231.0,256.0,5.0,200.0,1.0,2.0,0.0,0.0,0.0,0.0
2025/11/24,14:48:27,0,96.0,210.0,235.0,256.0,7.0,200.0,2.0,2.0,0.0,0.0,0.0,0.0
2025/11/24,14:48:32,0,97.0,195.0,233.0,255.0,8.0,200.0,2.0,2.0,0.0,0.0,0.0,0.0
2025/11/24,14:48:37,0,99.0,210.0,233.0,256.0,5.0,200.0,3.0,2.0,0.0,0.0,0.0,0.0
2025/11/24,14:48:42,0,95.0,198.0,232.0,256.0,3.0,200.0,1.0,1.0,0.0,0.0,0.0,0.0
2025/11/24,14:48:47,0,95.0,193.0,234.0,256.0,16.0,199.0,3.0,3.0,0.0,0.0,0.0,0.0
2025/11/24,14:48:52,0,96.0,206.0,237.0,256.0,0.0,198.0,2.0,1.0,0.0,0.0,0.0,0.0
2025/11/24,14:48:57,0,93.0,196.0,234.0,255.0,9.0,199.0,3.0,3.0,0.0,0.0,0.0,0.0
2025/11/24,14:49:02,0,96.0,189.0,233.0,256.0,12.0,199.0,5.0,3.0,0.0,0.0,0.0,0.0
2025/11/24,14:49:07,0,96.0,218.0,236.0,256.0,0.0,198.0,3.0,1.0,0.0,0.0,0.0,0.0
2025/11/24,14:49:12,0,96.0,195.0,234.0,256.0,6.0,200.0,2.0,2.0,0.0,0.0,0.0,0.0
2025/11/24,14:49:17,0,96.0,188.0,234.0,254.0,8.0,200.0,3.0,4.0,0.0,0.0,0.0,0.0
2025/11/24,14:49:22,0,94.0,209.0,236.0,256.0,1.0,200.0,2.0,2.0,0.0,0.0,0.0,0.0
2025/11/24,14:49:27,0,96.0,205.0,234.0,255.0,11.0,200.0,3.0,3.0,0.0,0.0,0.0,0.0
2025/11/24,14:49:32,0,92.0,215.0,236.0,256.0,3.0,200.0,2.0,2.0,0.0,0.0,0.0,0.0
2025/11/24,14:49:37,0,96.0,196.0,234.0,256.0,4.0,198.0,2.0,2.0,0.0,0.0,0.0,0.0
2025/11/24,14:49:42,0,93.0,192.0,234.0,255.0,13.0,200.0,3.0,4.0,0.0,0.0,0.0,0.0
2025/11/24,14:49:47,0,93.0,211.0,237.0,256.0,2.0,199.0,3.0,1.0,0.0,0.0,0.0,0.0
2025/11/24,14:49:52,0,92.0,191.0,232.0,256.0,9.0,200.0,2.0,2.0,0.0,0.0,0.0,0.0
2025/11/24,14:49:57,0,94.0,190.0,233.0,255.0,13.0,200.0,5.0,3.0,0.0,0.0,0.0,0.0
2025/11/24,14:50:02,0,95.0,215.0,236.0,256.0,3.0,200.0,2.0,2.0,0.0,0.0,0.0,0.0
2025/11/24,14:50:07,0,95.0,197.0,235.0,254.0,5.0,200.0,1.0,2.0,0.0,0.0,0.0,0.0
2025/11/24,14:50:12,0,94.0,192.0,234.0,255.0,11.0,200.0,1.0,3.0,0.0,0.0,0.0,0.0
2025/11/24,14:50:17,0,93.0,214.0,235.0,259.0,4.0,200.0,1.0,1.0,0.0,0.0,0.0,0.0
2025/11/24,14:50:22,0,93.0,200.0,235.0,256.0,0.0,200.0,1.0,0.0,0.0,0.0,0.0,0.0
2025/11/24,14:50:27,0,93.0,201.0,233.0,255.0,10.0,198.0,2.0,2.0,0.0,0.0,0.0,0.0
2025/11/24,14:50:32,0,94.0,193.0,233.0,256.0,13.0,200.0,4.0,4.0,0.0,0.0,0.0,0.0
2025/11/24,14:50:37,0,96.0,214.0,236.0,256.0,2.0,201.0,2.0,2.0,0.0,0.0,0.0,0.0
2025/11/24,14:50:42,0,94.0,207.0,236.0,256.0,0.0,198.0,2.0,2.0,0.0,0.0,0.0,0.0
2025/11/24,14:50:47,0,94.0,195.0,235.0,255.0,5.0,201.0,1.0,2.0,0.0,0.0,0.0,0.0
2025/11/24,14:50:52,0,93.0,199.0,234.0,256.0,9.0,200.0,1.0,3.0,0.0,0.0,0.0,0.0
2025/11/24,14:50:57,0,91.0,201.0,234.0,256.0,13.0,201.0,3.0,3.0,0.0,0.0,0.0,0.0
2025/11/24,14:51:02,0,94.0,213.0,236.0,256.0,2.0,199.0,3.0,1.0,0.0,0.0,0.0,0.0
2025/11/24,14:51:07,0,93.0,197.0,235.0,255.0,3.0,199.0,2.0,1.0,0.0,0.0,0.0,0.0
2025/11/24,14:51:12,0,94.0,197.0,235.0,256.0,8.0,199.0,3.0,2.0,0.0,0.0,0.0,0.0
2025/11/24,14:51:17,0,96.0,193.0,233.0,255.0,13.0,199.0,4.0,3.0,0.0,0.0,0.0,0.0
2025/11/24,14:51:22,0,95.0,212.0,236.0,255.0,5.0,200.0,2.0,1.0,0.0,0.0,0.0,0.0
2025/11/24,14:51:27,0,94.0,213.0,237.0,256.0,2.0,200.0,2.0,2.0,0.0,0.0,0.0,0.0
2025/11/24,14:51:32,0,94.0,199.0,237.0,256.0,0.0,198.0,1.0,1.0,0.0,0.0,0.0,0.0
2025/11/24,14:51:37,0,97.0,193.0,235.0,256.0,7.0,199.0,2.0,2.0,0.0,0.0,0.0,0.0
2025/11/24,14:51:42,0,93.0,200.0,235.0,255.0,10.0,200.0,3.0,3.0,0.0,0.0,0.0,0.0
2025/11/24,14:51:47,0,94.0,187.0,234.0,256.0,15.0,200.0,4.0,3.0,0.0,0.0,0.0,0.0
2025/11/24,14:51:52,0,92.0,213.0,236.0,256.0,4.0,200.0,3.0,2.0,0.0,0.0,0.0,0.0
2025/11/24,14:51:57,0,94.0,210.0,237.0,256.0,0.0,200.0,2.0,2.0,0.0,0.0,0.0,0.0
2025/11/24,14:52:02,0,88.0,196.0,236.0,255.0,2.0,199.0,2.0,1.0,0.0,0.0,0.0,0.0
2025/11/24,14:52:07,0,93.0,203.0,234.0,255.0,10.0,200.0,3.0,3.0,0.0,0.0,0.0,0.0
2025/11/24,14:52:12,0,93.0,190.0,232.0,256.0,12.0,200.0,3.0,3.0,0.0,0.0,0.0,0.0
2025/11/24,14:52:17,0,92.0,202.0,235.0,254.0,11.0,199.0,5.0,3.0,0.0,0.0,0.0,0.0
2025/11/24,14:52:22,0,93.0,216.0,237.0,256.0,1.0,200.0,1.0,1.0,0.0,0.0,0.0,0.0
2025/11/24,14:52:27,0,93.0,210.0,238.0,256.0,1.0,199.0,2.0,1.0,0.0,0.0,0.0,0.0
2025/11/24,14:52:32,0,95.0,200.0,235.0,256.0,0.0,200.0,1.0,0.0,0.0,0.0,0.0,0.0
2025/11/24,14:52:37,0,94.0,192.0,234.0,255.0,11.0,201.0,2.0,2.0,0.0,0.0,0.0,0.0
2025/11/24,14:52:42,0,94.0,201.0,234.0,256.0,10.0,200.0,2.0,3.0,0.0,0.0,0.0,0.0
2025/11/24,14:52:47,0,94.0,195.0,232.0,256.0,11.0,199.0,3.0,3.0,0.0,0.0,0.0,0.0
2025/11/24,14:52:52,0,93.0,189.0,233.0,256.0,12.0,201.0,4.0,2.0,0.0,0.0,0.0,0.0
2025/11/24,14:52:57,0,96.0,197.0,236.0,254.0,12.0,199.0,3.0,3.0,0.0,0.0,0.0,0.0
2025/11/24,14:53:02,0,93.0,203.0,236.0,255.0,14.0,200.0,3.0,3.0,0.0,0.0,0.0,0.0
2025/11/24,14:53:07,0,96.0,209.0,236.0,255.0,6.0,199.0,3.0,1.0,0.0,0.0,0.0,0.0
2025/11/24,14:53:12,0,93.0,210.0,237.0,257.0,5.0,200.0,2.0,2.0,0.0,0.0,0.0,0.0
2025/11/24,14:53:17,0,96.0,211.0,236.0,256.0,6.0,200.0,2.0,2.0,0.0,0.0,0.0,0.0
2025/11/24,14:53:22,0,91.0,210.0,235.0,257.0,4.0,200.0,2.0,2.0,0.0,0.0,0.0,0.0
2025/11/24,14:53:27,0,92.0,210.0,235.0,256.0,4.0,200.0,2.0,2.0,0.0,0.0,0.0,0.0
2025/11/24,14:53:32,0,95.0,213.0,236.0,255.0,3.0,200.0,3.0,3.0,0.0,0.0,0.0,0.0
2025/11/24,14:53:37,0,95.0,209.0,235.0,256.0,6.0,200.0,2.0,2.0,0.0,0.0,0.0,0.0
2025/11/24,14:53:42,0,94.0,204.0,235.0,256.0,7.0,200.0,3.0,1.0,0.0,0.0,0.0,0.0
2025/11/24,14:53:47,0,94.0,201.0,235.0,256.0,10.0,200.0,3.0,4.0,0.0,0.0,0.0,0.0
2025/11/24,14:53:52,0,93.0,189.0,234.0,255.0,14.0,199.0,4.0,3.0,0.0,0.0,0.0,0.0
2025/11/24,14:53:57,0,95.0,191.0,235.0,256.0,11.0,199.0,3.0,3.0,0.0,0.0,0.0,0.0
2025/11/24,14:54:02,0,95.0,196.0,235.0,256.0,9.0,199.0,3.0,2.0,0.0,0.0,0.0,0.0
2025/11/24,14:54:07,0,94.0,201.0,233.0,256.0,10.0,200.0,2.0,2.0,0.0,0.0,0.0,0.0
2025/11/24,14:54:12,0,94.0,203.0,233.0,256.0,10.0,199.0,3.0,3.0,0.0,0.0,0.0,0.0
2025/11/24,14:54:17,0,96.0,197.0,235.0,256.0,9.0,199.0,3.0,2.0,0.0,0.0,0.0,0.0
2025/11/24,14:54:22,0,94.0,189.0,235.0,256.0,11.0,200.0,2.0,3.0,0.0,0.0,0.0,0.0
2025/11/24,14:54:27,0,94.0,188.0,235.0,255.0,12.0,201.0,4.0,3.0,0.0,0.0,0.0,0.0
2025/11/24,14:54:32,0,94.0,191.0,234.0,256.0,11.0,199.0,3.0,3.0,0.0,0.0,0.0,0.0
2025/11/24,14:54:37,0,95.0,188.0,235.0,256.0,11.0,200.0,3.0,3.0,0.0,0.0,0.0,0.0
2025/11/24,14:54:42,0,92.0,204.0,236.0,256.0,9.0,200.0,3.0,3.0,0.0,0.0,0.0,0.0
2025/11/24,14:54:47,0,94.0,216.0,237.0,255.0,3.0,200.0,2.0,2.0,0.0,0.0,0.0,0.0
2025/11/24,14:54:52,0,94.0,199.0,236.0,254.0,0.0,201.0,1.0,1.0,0.0,0.0,0.0,0.0
2025/11/24,14:54:57,0,91.0,198.0,237.0,254.0,0.0,200.0,1.0,1.0,0.0,0.0,0.0,0.0
2025/11/24,14:55:02,0,93.0,192.0,233.0,256.0,8.0,200.0,1.0,2.0,0.0,0.0,0.0,0.0
2025/11/24,14:55:07,0,94.0,195.0,235.0,255.0,12.0,201.0,2.0,3.0,0.0,0.0,0.0,0.0
2025/11/24,14:55:12,0,95.0,206.0,236.0,256.0,6.0,199.0,3.0,2.0,0.0,0.0,0.0,0.0
2025/11/24,14:55:17,0,94.0,213.0,238.0,254.0,1.0,201.0,2.0,2.0,0.0,0.0,0.0,0.0
2025/11/24,14:55:22,0,94.0,197.0,235.0,256.0,2.0,201.0,1.0,1.0,0.0,0.0,0.0,0.0
2025/11/24,14:55:27,0,94.0,202.0,234.0,255.0,10.0,199.0,2.0,2.0,0.0,0.0,0.0,0.0
2025/11/24,14:55:32,0,89.0,204.0,237.0,256.0,9.0,199.0,3.0,3.0,0.0,0.0,0.0,0.0
2025/11/24,14:55:37,0,95.0,203.0,235.0,256.0,0.0,201.0,1.0,1.0,0.0,0.0,0.0,0.0
2025/11/24,14:55:42,0,96.0,202.0,232.0,255.0,10.0,200.0,3.0,3.0,0.0,0.0,0.0,0.0
2025/11/24,14:55:47,0,90.0,190.0,237.0,255.0,14.0,199.0,4.0,3.0,0.0,0.0,0.0,0.0
2025/11/24,14:55:52,0,95.0,216.0,236.0,256.0,1.0,200.0,2.0,2.0,0.0,0.0,0.0,0.0
2025/11/24,14:55:57,0,94.0,201.0,237.0,256.0,0.0,200.0,1.0,1.0,0.0,0.0,0.0,0.0
2025/11/24,14:56:02,0,94.0,192.0,235.0,256.0,8.0,199.0,2.0,2.0,0.0,0.0,0.0,0.0
2025/11/24,14:56:07,0,95.0,189.0,235.0,255.0,11.0,200.0,2.0,3.0,0.0,0.0,0.0,0.0
2025/11/24,14:56:12,0,92.0,209.0,237.0,255.0,3.0,199.0,3.0,1.0,0.0,0.0,0.0,0.0
2025/11/24,14:56:17,0,93.0,208.0,237.0,255.0,0.0,199.0,2.0,1.0,0.0,0.0,0.0,0.0
2025/11/24,14:56:22,0,94.0,195.0,235.0,256.0,3.0,201.0,2.0,2.0,0.0,0.0,0.0,0.0
2025/11/24,14:56:27,0,92.0,193.0,232.0,256.0,10.0,200.0,3.0,3.0,0.0,0.0,0.0,0.0
2025/11/24,14:56:32,0,94.0,213.0,237.0,255.0,4.0,200.0,2.0,2.0,0.0,0.0,0.0,0.0
2025/11/24,14:56:37,0,93.0,203.0,238.0,255.0,1.0,200.0,2.0,1.0,0.0,0.0,0.0,0.0
2025/11/24,14:56:42,0,90.0,195.0,235.0,255.0,7.0,199.0,2.0,2.0,0.0,0.0,0.0,0.0
2025/11/24,14:56:47,0,93.0,191.0,234.0,256.0,12.0,200.0,3.0,3.0,0.0,0.0,0.0,0.0
2025/11/24,14:56:52,0,93.0,213.0,236.0,256.0,3.0,200.0,2.0,2.0,0.0,0.0,0.0,0.0
2025/11/24,14:56:57,0,92.0,197.0,237.0,255.0,0.0,199.0,2.0,1.0,0.0,0.0,0.0,0.0
2025/11/24,14:57:27,0,91.0,224.0,237.0,256.0,3.0,199.0,3.0,1.0,0.0,0.0,0.0,0.0
2025/11/24,14:57:31,0,92.0,220.0,237.0,255.0,3.0,200.0,3.0,2.0,0.0,0.0,0.0,0.0
2025/11/24,14:57:36,0,92.0,203.0,234.0,256.0,0.0,201.0,2.0,2.0,0.0,0.0,0.0,0.0
2025/11/24,14:57:41,0,94.0,195.0,236.0,257.0,1.0,199.0,1.0,1.0,0.0,0.0,0.0,0.0
2025/11/24,14:57:46,0,93.0,195.0,234.0,256.0,11.0,199.0,3.0,3.0,0.0,0.0,0.0,0.0
2025/11/24,14:57:51,0,92.0,195.0,234.0,255.0,11.0,199.0,3.0,3.0,0.0,0.0,0.0,0.0
2025/11/24,14:57:56,0,92.0,191.0,236.0,255.0,14.0,199.0,5.0,3.0,0.0,0.0,0.0,0.0
2025/11/24,14:58:01,0,99.0,210.0,235.0,255.0,5.0,201.0,3.0,1.0,0.0,0.0,0.0,0.0
2025/11/24,14:58:06,0,93.0,214.0,238.0,257.0,2.0,199.0,2.0,1.0,0.0,0.0,0.0,0.0
2025/11/24,14:58:11,0,93.0,201.0,237.0,256.0,0.0,200.0,2.0,1.0,0.0,0.0,0.0,0.0
2025/11/24,14:58:16,0,90.0,196.0,235.0,256.0,5.0,200.0,2.0,2.0,0.0,0.0,0.0,0.0
2025/11/24,14:58:21,0,94.0,202.0,234.0,255.0,10.0,199.0,3.0,3.0,0.0,0.0,0.0,0.0
2025/11/24,14:58:26,0,90.0,192.0,235.0,256.0,11.0,199.0,3.0,3.0,0.0,0.0,0.0,0.0
2025/11/24,14:58:31,0,91.0,205.0,237.0,254.0,9.0,199.0,4.0,3.0,0.0,0.0,0.0,0.0
2025/11/24,14:58:36,0,90.0,221.0,237.0,256.0,2.0,199.0,2.0,2.0,0.0,0.0,0.0,0.0
2025/11/24,14:58:41,0,90.0,203.0,237.0,256.0,0.0,201.0,2.0,1.0,0.0,0.0,0.0,0.0
2025/11/24,14:58:46,0,89.0,196.0,236.0,254.0,4.0,199.0,2.0,2.0,0.0,0.0,0.0,0.0
2025/11/24,14:58:51,0,93.0,202.0,235.0,256.0,9.0,199.0,2.0,3.0,0.0,-0.0008,0.0,0.0
2025/11/24,14:58:56,0,91.0,188.0,235.0,255.0,13.0,199.0,4.0,4.0,0.0,0.0,0.0,0.0
2025/11/24,14:59:01,0,91.0,213.0,237.0,255.0,0.0,199.0,2.0,1.0,0.0,0.0,0.0,0.0
2025/11/24,14:59:06,0,89.0,207.0,237.0,255.0,1.0,198.0,2.0,1.0,0.0,0.0,0.0,0.0
2025/11/24,14:59:11,0,91.0,194.0,234.0,256.0,10.0,201.0,2.0,2.0,0.0,0.0,0.0,0.0
2025/11/24,14:59:16,0,91.0,190.0,235.0,255.0,11.0,200.0,2.0,3.0,0.0,0.0,0.0,0.0
2025/11/24,14:59:21,0,92.0,205.0,236.0,255.0,4.0,201.0,2.0,2.0,0.0,0.0,0.0,0.0
2025/11/24,14:59:26,0,89.0,220.0,237.0,255.0,2.0,200.0,3.0,1.0,0.0,0.0,0.0,0.0
2025/11/24,14:59:31,0,91.0,200.0,238.0,255.0,0.0,199.0,2.0,1.0,0.0,0.0,0.0,0.0
2025/11/24,14:59:36,0,88.0,192.0,235.0,255.0,7.0,199.0,3.0,2.0,0.0,0.0,0.0,0.0
2025/11/24,14:59:41,0,91.0,191.0,234.0,255.0,12.0,201.0,3.0,3.0,0.0,0.0,0.0,0.0
2025/11/24,14:59:46,0,91.0,216.0,237.0,256.0,0.0,199.0,2.0,1.0,0.0,0.0,0.0,0.0
2025/11/24,14:59:51,0,90.0,198.0,237.0,255.0,0.0,200.0,1.0,1.0,0.0,0.0,0.0,0.0
2025/11/24,14:59:56,0,89.0,193.0,236.0,254.0,9.0,201.0,1.0,3.0,0.0,0.0,0.0,0.0
2025/11/24,15:00:01,0,89.0,197.0,234.0,255.0,11.0,200.0,3.0,2.0,0.0,0.0,0.0,0.0
2025/11/24,15:00:06,0,88.0,193.0,235.0,256.0,9.0,199.0,3.0,3.0,0.0,0.0,0.0,0.0
2025/11/24,15:00:11,0,87.0,214.0,238.0,254.0,1.0,199.0,2.0,2.0,0.0,0.0,0.0,0.0
2025/11/24,15:00:16,0,89.0,192.0,235.0,256.0,9.0,199.0,4.0,2.0,0.0,0.0,0.0,0.0
2025/11/24,15:00:21,0,90.0,201.0,236.0,256.0,11.0,199.0,4.0,3.0,0.0,0.0,0.0,0.0
2025/11/24,15:00:26,0,89.0,199.0,237.0,256.0,0.0,200.0,1.0,1.0,0.0,0.0,0.0,0.0
2025/11/24,15:00:31,0,90.0,189.0,235.0,254.0,12.0,199.0,3.0,3.0,0.0,0.0,0.0,0.0
2025/11/24,15:00:36,0,90.0,204.0,238.0,256.0,0.0,199.0,2.0,1.0,0.0,0.0,0.0,0.0
2025/11/24,15:00:41,0,89.0,188.0,235.0,256.0,12.0,200.0,2.0,3.0,0.0,0.0,0.0,0.0
2025/11/24,15:00:46,0,91.0,200.0,237.0,256.0,0.0,200.0,0.0,0.0,0.0,0.0,0.0,0.0
2025/11/24,15:00:51,0,88.0,203.0,236.0,255.0,13.0,201.0,3.0,3.0,0.0,0.0,0.0,0.0
2025/11/24,15:00:56,0,86.0,195.0,236.0,256.0,4.0,200.0,2.0,2.0,0.0,0.0,0.0,0.0
2025/11/24,15:01:01,0,88.0,215.0,238.0,255.0,1.0,199.0,2.0,2.0,0.0,0.0,0.0,0.0
2025/11/24,15:01:06,0,89.0,200.0,236.0,256.0,10.0,200.0,2.0,2.0,0.0,0.0,0.0,0.0
2025/11/24,15:01:11,0,89.0,207.0,238.0,254.0,0.0,201.0,2.0,1.0,0.0,0.0,0.0,0.0
2025/11/24,15:01:16,0,88.0,197.0,236.0,256.0,12.0,199.0,4.0,3.0,0.0,0.0,0.0,0.0
2025/11/24,15:01:21,0,88.0,200.0,234.0,256.0,10.0,199.0,3.0,3.0,0.0,0.0,0.0,0.0
2025/11/24,15:01:26,0,90.0,193.0,233.0,256.0,10.0,201.0,3.0,3.0,0.0,0.0,0.0,0.0
2025/11/24,15:01:31,0,90.0,193.0,235.0,256.0,8.0,200.0,3.0,2.0,0.0,0.0,0.0,0.0
2025/11/24,15:01:36,0,90.0,192.0,235.0,255.0,8.0,200.0,3.0,2.0,0.0,0.0,0.0,0.0
2025/11/24,15:01:41,0,90.0,192.0,235.0,256.0,10.0,200.0,3.0,3.0,0.0,0.0,0.0,0.0
2025/11/24,15:01:46,0,96.0,205.0,235.0,256.0,9.0,200.0,2.0,3.0,0.0,0.0,0.0,0.0
2025/11/24,15:01:51,0,90.0,191.0,234.0,255.0,13.0,200.0,3.0,3.0,0.0,0.0,0.0,0.0
2025/11/24,15:01:56,0,88.0,208.0,237.0,255.0,4.0,199.0,3.0,2.0,0.0,0.0,0.0,0.0
2025/11/24,15:02:01,0,89.0,208.0,238.0,256.0,0.0,199.0,2.0,1.0,0.0,0.0,0.0,0.0
2025/11/24,15:02:06,0,89.0,198.0,236.0,255.0,5.0,199.0,2.0,2.0,0.0,0.0,0.0,0.0
2025/11/24,15:02:11,0,89.0,197.0,235.0,256.0,9.0,199.0,3.0,2.0,0.0,0.0,0.0,0.0
2025/11/24,15:02:16,0,89.0,201.0,236.0,256.0,11.0,199.0,4.0,3.0,0.0,0.0,0.0,0.0
2025/11/24,15:02:21,0,89.0,216.0,237.0,255.0,0.0,200.0,2.0,2.0,0.0,0.0,0.0,0.0
2025/11/24,15:02:26,0,89.0,198.0,236.0,255.0,0.0,201.0,0.0,1.0,0.0,0.0,0.0,0.0
2025/11/24,15:02:31,0,89.0,195.0,233.0,256.0,9.0,199.0,4.0,2.0,0.0,0.0,0.0,0.0
2025/11/24,15:02:36,0,89.0,192.0,235.0,255.0,11.0,200.0,1.0,3.0,0.0,0.0,0.0,0.0
2025/11/24,15:02:41,0,88.0,213.0,237.0,255.0,1.0,200.0,2.0,1.0,0.0,0.0,0.0,0.0
2025/11/24,15:02:46,0,89.0,204.0,237.0,255.0,1.0,201.0,1.0,1.0,0.0,0.0,0.0,0.0
2025/11/24,15:02:51,0,90.0,194.0,235.0,255.0,10.0,200.0,2.0,3.0,0.0,0.0,0.0,0.0
2025/11/24,15:02:56,0,89.0,193.0,233.0,255.0,12.0,198.0,3.0,3.0,0.0,0.0,0.0,0.0
2025/11/24,15:03:01,0,90.0,204.0,234.0,256.0,9.0,200.0,3.0,3.0,0.0,0.0,0.0,0.0
2025/11/24,15:03:06,0,90.0,213.0,235.0,256.0,3.0,200.0,2.0,2.0,0.0,0.0,0.0,0.0
2025/11/24,15:03:11,0,88.0,223.0,236.0,256.0,3.0,201.0,3.0,2.0,0.0,0.0,0.0,0.0
2025/11/24,15:03:16,0,89.0,206.0,237.0,255.0,0.0,199.0,2.0,1.0,0.0,0.0,0.0,0.0
2025/11/24,15:03:21,0,88.0,203.0,237.0,254.0,0.0,200.0,2.0,1.0,0.0,0.0,0.0,0.0
2025/11/24,15:03:26,0,87.0,200.0,237.0,256.0,0.0,201.0,1.0,1.0,0.0,0.0,0.0,0.0
2025/11/24,15:03:31,0,88.0,201.0,236.0,255.0,0.0,199.0,1.0,1.0,0.0,0.0,0.0,0.0
2025/11/24,15:03:36,0,87.0,206.0,236.0,256.0,0.0,200.0,1.0,1.0,0.0,0.0,0.0,0.0
2025/11/24,15:03:41,0,88.0,215.0,237.0,255.0,2.0,201.0,2.0,1.0,0.0,0.0,0.0,0.0
2025/11/24,15:03:46,0,88.0,214.0,236.0,258.0,4.0,200.0,2.0,2.0,0.0,0.0,0.0,0.0
2025/11/24,15:03:51,0,87.0,200.0,233.0,256.0,11.0,200.0,3.0,3.0,0.0,0.0,0.0,0.0
2025/11/24,15:03:56,0,88.0,192.0,234.0,256.0,10.0,200.0,3.0,2.0,0.0,0.0,0.0,0.0
2025/11/24,15:04:01,0,89.0,192.0,232.0,256.0,11.0,201.0,2.0,3.0,0.0,0.0,0.0,0.0
2025/11/24,15:04:06,0,85.0,196.0,235.0,256.0,0.0,201.0,0.0,1.0,0.0,0.0,0.0,0.0
2025/11/24,15:04:11,0,86.0,218.0,237.0,256.0,2.0,199.0,3.0,1.0,0.0,0.0,0.0,0.0
2025/11/24,15:04:16,0,87.0,192.0,233.0,255.0,11.0,200.0,3.0,3.0,0.0,0.0,0.0,0.0
2025/11/24,15:04:21,0,87.0,198.0,236.0,256.0,0.0,200.0,1.0,1.0,0.0,0.0,0.0,0.0
2025/11/24,15:04:26,0,89.0,207.0,232.0,256.0,9.0,200.0,2.0,3.0,0.0,0.0,0.0,0.0
2025/11/24,15:04:31,0,87.0,201.0,233.0,255.0,9.0,201.0,2.0,3.0,0.0,0.0,0.0,0.0
2025/11/24,15:04:36,0,86.0,202.0,233.0,256.0,0.0,201.0,2.0,1.0,0.0,0.0,0.0,0.0
2025/11/24,15:04:41,0,88.0,212.0,235.0,253.0,2.0,199.0,2.0,2.0,0.0,0.0,0.0,0.0
2025/11/24,15:04:46,0,87.0,193.0,233.0,256.0,11.0,199.0,3.0,3.0,0.0,0.0,0.0,0.0
2025/11/24,15:04:51,0,85.0,196.0,234.0,256.0,1.0,200.0,1.0,1.0,0.0,0.0,0.0,0.0
2025/11/24,15:04:56,0,84.0,214.0,236.0,256.0,4.0,198.0,2.0,1.0,0.0,0.0,0.0,0.0
2025/11/24,15:05:01,0,86.0,193.0,233.0,254.0,10.0,199.0,3.0,2.0,0.0,0.0,0.0,0.0
2025/11/24,15:05:06,0,89.0,197.0,234.0,256.0,0.0,200.0,1.0,1.0,0.0,0.0,0.0,0.0
2025/11/24,15:05:11,0,85.0,215.0,236.0,255.0,4.0,200.0,2.0,1.0,0.0,0.0,0.0,0.0
2025/11/24,15:05:16,0,85.0,189.0,231.0,256.0,12.0,201.0,3.0,3.0,0.0,0.0,0.0,0.0
2025/11/24,15:05:21,0,86.0,204.0,234.0,254.0,9.0,199.0,3.0,3.0,0.0,0.0,0.0,0.0
2025/11/24,15:05:26,0,83.0,196.0,234.0,255.0,5.0,199.0,2.0,2.0,0.0,0.0,0.0,0.0
2025/11/24,15:05:31,0,84.0,202.0,236.0,256.0,0.0,199.0,2.0,1.0,0.0,0.0,0.0,0.0
2025/11/24,15:05:36,0,83.0,222.0,236.0,256.0,3.0,199.0,3.0,2.0,0.0,0.0,0.0,0.0
2025/11/24,15:05:41,0,84.0,197.0,232.0,256.0,14.0,201.0,4.0,3.0,0.0,0.0,0.0,0.0
2025/11/24,15:05:46,0,86.0,197.0,234.0,256.0,11.0,199.0,3.0,3.0,0.0,0.0,0.0,0.0
2025/11/24,15:05:51,0,84.0,197.0,235.0,254.0,1.0,199.0,1.0,1.0,0.0,0.0,0.0,0.0
2025/11/24,15:05:56,0,86.0,218.0,233.0,255.0,4.0,200.0,1.0,2.0,0.0,0.0,0.0,0.0
2025/11/24,15:06:01,0,84.0,196.0,235.0,255.0,11.0,199.0,4.0,2.0,0.0,0.0,0.0,0.0
2025/11/24,15:06:06,0,83.0,199.0,233.0,255.0,8.0,201.0,2.0,2.0,0.0,0.0,0.0,0.0
2025/11/24,15:06:11,0,83.0,197.0,234.0,255.0,4.0,201.0,2.0,2.0,0.0,0.0,0.0,0.0
2025/11/24,15:06:16,0,85.0,198.0,235.0,256.0,0.0,200.0,0.0,0.0,0.0,0.0,0.0,0.0
2025/11/24,15:06:21,0,84.0,198.0,235.0,256.0,1.0,201.0,1.0,1.0,0.0,0.0,0.0,0.0
2025/11/24,15:06:26,0,85.0,193.0,233.0,255.0,8.0,200.0,2.0,2.0,0.0,0.0,0.0,0.0
2025/11/24,15:06:31,0,86.0,195.0,231.0,256.0,12.0,200.0,4.0,3.0,0.0,0.0,0.0,0.0
2025/11/24,15:06:36,0,84.0,205.0,234.0,256.0,2.0,200.0,1.0,1.0,0.0,0.0,0.0,0.0
2025/11/24,15:06:41,0,86.0,192.0,233.0,255.0,11.0,199.0,2.0,3.0,0.0,0.0,0.0,0.0
2025/11/24,15:06:46,0,87.0,202.0,236.0,255.0,0.0,199.0,2.0,1.0,0.0,0.0,0.0,0.0
2025/11/24,15:06:51,0,85.0,189.0,233.0,255.0,12.0,201.0,4.0,4.0,0.0,0.0,0.0,0.0
2025/11/24,15:06:56,0,86.0,202.0,237.0,256.0,0.0,199.0,2.0,1.0,0.0,0.0,0.0,0.0
2025/11/24,15:07:01,0,84.0,195.0,234.0,256.0,10.0,200.0,3.0,2.0,0.0,0.0,0.0,0.0
2025/11/24,15:07:06,0,85.0,218.0,235.0,256.0,2.0,201.0,2.0,2.0,0.0,0.0,0.0,0.0
2025/11/24,15:07:14,0,83.0,209.0,235.0,256.0,2.0,200.0,1.0,2.0,0.0,0.0,0.0,0.0
2025/11/24,15:07:18,0,85.0,198.0,234.0,255.0,10.0,201.0,2.0,2.0,0.0,0.0,0.0,0.0
2025/11/24,15:07:23,0,86.0,200.0,236.0,255.0,0.0,200.0,0.0,0.0,0.0,0.0,0.0,0.0
2025/11/24,15:07:28,0,86.0,205.0,235.0,255.0,9.0,200.0,3.0,2.0,0.0,0.0,0.0,0.0
2025/11/24,15:07:33,0,85.0,198.0,234.0,256.0,13.0,200.0,3.0,3.0,0.0,0.0,0.0,0.0
2025/11/24,15:07:38,0,86.0,209.0,236.0,255.0,2.0,199.0,3.0,2.0,0.0,0.0,0.0,0.0
2025/11/24,15:07:43,0,86.0,199.0,235.0,256.0,12.0,199.0,4.0,3.0,0.0,0.0,0.0,0.0
2025/11/24,15:07:48,0,85.0,200.0,233.0,255.0,10.0,200.0,2.0,3.0,0.0,0.0,0.0,0.0
2025/11/24,15:07:53,0,86.0,198.0,235.0,255.0,0.0,200.0,0.0,1.0,0.0,0.0,0.0,0.0
2025/11/24,15:07:58,0,86.0,219.0,237.0,255.0,2.0,199.0,3.0,1.0,0.0,0.0,0.0,0.0
2025/11/24,15:08:03,0,86.0,191.0,233.0,256.0,15.0,201.0,4.0,3.0,0.0,0.0,0.0,0.0
2025/11/24,15:08:08,0,86.0,202.0,234.0,255.0,10.0,200.0,3.0,3.0,0.0,0.0,0.0,0.0
2025/11/24,15:08:13,0,83.0,197.0,233.0,256.0,0.0,201.0,0.0,0.0,0.0,0.0,0.0,0.0
2025/11/24,15:08:18,0,85.0,219.0,236.0,255.0,3.0,201.0,2.0,2.0,0.0,0.0,0.0,0.0
2025/11/24,15:08:23,0,86.0,210.0,236.0,255.0,7.0,200.0,3.0,2.0,0.0,0.0,0.0,0.0
2025/11/24,15:08:28,0,84.0,187.0,234.0,256.0,15.0,200.0,3.0,3.0,0.0,0.0,0.0,0.0
2025/11/24,15:08:33,0,86.0,197.0,233.0,256.0,9.0,200.0,2.0,2.0,0.0,0.0,0.0,0.0
2025/11/24,15:08:38,0,86.0,193.0,235.0,255.0,8.0,201.0,2.0,2.0,0.0,0.0,0.0,0.0
2025/11/24,15:08:43,0,86.0,202.0,237.0,256.0,0.0,199.0,2.0,2.0,0.0,0.0,0.0,0.0
2025/11/24,15:08:48,0,87.0,221.0,235.0,256.0,5.0,201.0,1.0,1.0,0.0,0.0,0.0,0.0
2025/11/24,15:08:53,0,86.0,209.0,235.0,256.0,8.0,200.0,2.0,2.0,0.0,0.0,0.0,0.0
2025/11/24,15:08:58,0,84.0,194.0,234.0,256.0,12.0,200.0,3.0,3.0,0.0,0.0,0.0,0.0
2025/11/24,15:09:03,0,87.0,190.0,234.0,256.0,13.0,199.0,3.0,3.0,0.0,0.0,0.0,0.0
2025/11/24,15:09:08,0,86.0,193.0,234.0,255.0,9.0,199.0,3.0,2.0,0.0,0.0,0.0,0.0
2025/11/24,15:09:13,0,88.0,203.0,234.0,254.0,12.0,199.0,3.0,3.0,0.0,0.0,0.0,0.0
2025/11/24,15:09:18,0,88.0,199.0,233.0,256.0,0.0,200.0,1.0,1.0,0.0,0.0,0.0,0.0
2025/11/24,15:09:23,0,89.0,223.0,237.0,255.0,2.0,200.0,2.0,1.0,0.0,0.0,0.0,0.0
2025/11/24,15:09:28,0,86.0,188.0,234.0,255.0,12.0,199.0,4.0,3.0,0.0,0.0,0.0,0.0
2025/11/24,15:09:33,0,87.0,202.0,235.0,255.0,10.0,200.0,2.0,3.0,0.0,0.0,0.0,0.0
2025/11/24,15:09:38,0,84.0,198.0,235.0,255.0,1.0,200.0,1.0,1.0,0.0,0.0,0.0,0.0
2025/11/24,15:09:43,0,86.0,206.0,237.0,256.0,0.0,199.0,1.0,1.0,0.0,0.0,0.0,0.0
2025/11/24,15:09:48,0,85.0,220.0,236.0,254.0,3.0,201.0,2.0,2.0,0.0,0.0,0.0,0.0
2025/11/24,15:09:53,0,87.0,211.0,237.0,255.0,3.0,199.0,2.0,2.0,0.0,0.0,0.0,0.0
2025/11/24,15:09:58,0,86.0,188.0,235.0,255.0,12.0,200.0,2.0,3.0,0.0,0.0,0.0,0.0
2025/11/24,15:10:03,0,83.0,192.0,234.0,255.0,8.0,200.0,2.0,3.0,0.0,0.0,0.0,0.0
2025/11/24,15:10:08,0,85.0,199.0,237.0,255.0,0.0,200.0,1.0,1.0,0.0,0.0,0.0,0.0
2025/11/24,15:10:13,0,85.0,216.0,237.0,256.0,2.0,199.0,2.0,1.0,0.0,0.0,0.0,0.0
2025/11/24,15:10:18,0,86.0,200.0,234.0,255.0,12.0,201.0,3.0,3.0,0.0,0.0,0.0,0.0
2025/11/24,15:10:23,0,81.0,198.0,236.0,255.0,14.0,201.0,3.0,3.0,0.0,0.0,0.0,0.0
2025/11/24,15:10:28,0,85.0,190.0,234.0,255.0,12.0,199.0,3.0,3.0,0.0,0.0,0.0,0.0
2025/11/24,15:10:33,0,86.0,197.0,235.0,255.0,9.0,201.0,2.0,3.0,0.0,0.0,0.0,0.0
2025/11/24,15:10:38,0,87.0,192.0,235.0,255.0,8.0,199.0,4.0,2.0,0.0,0.0,0.0,0.0
2025/11/24,15:10:43,0,87.0,198.0,237.0,255.0,0.0,200.0,1.0,1.0,0.0,0.0,0.0,0.0
2025/11/24,15:10:48,0,87.0,223.0,237.0,255.0,3.0,200.0,2.0,2.0,0.0,0.0,0.0,0.0
2025/11/24,15:10:53,0,90.0,209.0,236.0,255.0,5.0,199.0,3.0,2.0,0.0,0.0,0.0,0.0
2025/11/24,15:10:58,0,87.0,201.0,237.0,255.0,9.0,200.0,3.0,2.0,0.0,0.0,0.0,0.0
2025/11/24,15:11:03,0,88.0,199.0,235.0,256.0,13.0,200.0,4.0,3.0,0.0,0.0,0.0,-0.0008
2025/11/24,15:11:08,0,85.0,195.0,235.0,256.0,15.0,201.0,4.0,3.0,0.0,0.0,0.0,0.0
2025/11/24,15:11:13,0,87.0,188.0,233.0,256.0,13.0,200.0,4.0,3.0,0.0,0.0,0.0,0.0
2025/11/24,15:11:18,0,88.0,191.0,236.0,254.0,10.0,200.0,3.0,3.0,0.0,0.0,0.0,0.0
2025/11/24,15:11:23,0,86.0,194.0,234.0,255.0,9.0,201.0,2.0,3.0,0.0,0.0,0.0,0.0
2025/11/24,15:11:28,0,87.0,195.0,234.0,255.0,10.0,200.0,3.0,3.0,0.0,0.0,0.0,0.0
2025/11/24,15:11:33,0,87.0,197.0,235.0,254.0,12.0,200.0,3.0,2.0,0.0,0.0,0.0,0.0
2025/11/24,15:11:38,0,87.0,193.0,235.0,255.0,11.0,200.0,2.0,3.0,0.0,0.0,0.0,0.0
2025/11/24,15:11:43,0,86.0,192.0,235.0,255.0,11.0,201.0,3.0,3.0,0.0,0.0,0.0,0.0
2025/11/24,15:11:48,0,86.0,189.0,235.0,256.0,14.0,201.0,3.0,3.0,0.0,0.0,0.0,0.0
2025/11/24,15:11:53,0,84.0,194.0,236.0,256.0,14.0,201.0,4.0,2.0,0.0,0.0,0.0,0.0
2025/11/24,15:11:58,0,91.0,203.0,235.0,256.0,10.0,207.0,3.0,3.0,0.0,0.0,0.0,0.0
2025/11/24,15:12:03,0,89.0,205.0,236.0,255.0,8.0,201.0,2.0,3.0,0.0,0.0,0.0,0.0
2025/11/24,15:12:08,0,83.0,211.0,238.0,254.0,5.0,199.0,3.0,2.0,0.0,0.0,0.0,0.0
2025/11/24,15:12:13,0,88.0,220.0,238.0,256.0,2.0,199.0,3.0,2.0,0.0,0.0,0.0,0.0
2025/11/24,15:12:18,0,88.0,214.0,238.0,255.0,2.0,199.0,3.0,1.0,0.0,0.0,0.0,0.0
2025/11/24,15:12:23,0,88.0,208.0,239.0,254.0,2.0,199.0,2.0,1.0,0.0,0.0,0.0,0.0
2025/11/24,15:12:28,0,86.0,217.0,238.0,255.0,2.0,199.0,2.0,2.0,0.0,0.0,0.0,0.0
2025/11/24,15:12:33,0,87.0,190.0,234.0,255.0,12.0,201.0,3.0,2.0,0.0,0.0,0.0,0.0
2025/11/24,15:12:38,0,87.0,194.0,236.0,255.0,8.0,200.0,2.0,3.0,0.0,0.0,0.0,0.0
2025/11/24,15:12:43,0,88.0,197.0,237.0,258.0,3.0,200.0,1.0,1.0,0.0,0.0,0.0,0.0
2025/11/24,15:12:48,0,88.0,197.0,237.0,255.0,0.0,200.0,1.0,0.0,0.0,0.0,0.0,0.0
2025/11/24,15:12:53,0,88.0,208.0,238.0,254.0,2.0,199.0,2.0,1.0,0.0,0.0,0.0,0.0
2025/11/24,15:12:58,0,87.0,207.0,237.0,255.0,6.0,201.0,3.0,2.0,0.0,0.0,0.0,0.0
2025/11/24,15:13:03,0,87.0,191.0,235.0,255.0,11.0,201.0,3.0,3.0,0.0,0.0,0.0,0.0
2025/11/24,15:13:08,0,86.0,199.0,234.0,256.0,11.0,201.0,2.0,3.0,0.0,0.0,0.0,0.0
2025/11/24,15:13:13,0,88.0,201.0,235.0,255.0,10.0,200.0,2.0,2.0,0.0,0.0,0.0,0.0
2025/11/24,15:13:18,0,93.0,200.0,235.0,255.0,9.0,200.0,3.0,3.0,0.0,0.0,0.0,0.0
2025/11/24,15:13:23,0,86.0,194.0,236.0,255.0,11.0,201.0,3.0,3.0,0.0,0.0,0.0,0.0
2025/11/24,15:13:28,0,86.0,194.0,235.0,255.0,8.0,201.0,2.0,2.0,0.0,0.0,0.0,0.0
2025/11/24,15:13:33,0,87.0,194.0,236.0,253.0,7.0,200.0,3.0,3.0,0.0,0.0,0.0,0.0
2025/11/24,15:13:38,0,85.0,195.0,234.0,255.0,7.0,200.0,2.0,2.0,0.0,0.0,0.0,0.0
2025/11/24,15:13:43,0,85.0,193.0,236.0,255.0,6.0,201.0,2.0,2.0,0.0,0.0,0.0,0.0
2025/11/24,15:13:48,0,87.0,193.0,236.0,255.0,6.0,200.0,2.0,1.0,0.0,0.0,0.0,0.0
2025/11/24,15:13:53,0,86.0,193.0,234.0,255.0,8.0,200.0,2.0,3.0,0.0,0.0,0.0,0.0
2025/11/24,15:13:58,0,83.0,194.0,236.0,255.0,8.0,199.0,3.0,2.0,0.0,0.0,0.0,0.0
2025/11/24,15:14:03,0,80.0,203.0,236.0,254.0,9.0,199.0,3.0,3.0,-0.0008,0.0,0.0,0.0
2025/11/24,15:14:08,0,84.0,197.0,235.0,255.0,10.0,199.0,3.0,3.0,0.0,0.0,0.0,0.0
2025/11/24,15:14:13,0,84.0,189.0,235.0,255.0,12.0,201.0,3.0,3.0,0.0,0.0,0.0,0.0
2025/11/24,15:14:18,0,84.0,199.0,237.0,256.0,12.0,201.0,3.0,3.0,0.0,0.0,0.0,0.0
2025/11/24,15:14:23,0,84.0,204.0,234.0,254.0,9.0,201.0,4.0,2.0,0.0,0.0,0.0,0.0
2025/11/24,15:14:28,0,88.0,210.0,237.0,255.0,6.0,200.0,3.0,2.0,0.0,0.0,0.0,0.0
2025/11/24,15:14:33,0,86.0,215.0,239.0,256.0,1.0,200.0,2.0,3.0,0.0,0.0,0.0,0.0
2025/11/24,15:14:38,0,85.0,219.0,235.0,255.0,3.0,201.0,2.0,2.0,0.0,0.0,0.0,0.0
2025/11/24,15:14:43,0,84.0,213.0,238.0,255.0,2.0,200.0,3.0,2.0,0.0,0.0,0.0,0.0
2025/11/24,15:14:48,0,86.0,205.0,236.0,255.0,2.0,201.0,2.0,2.0,0.0,0.0,0.0,0.0
2025/11/24,15:14:53,0,85.0,200.0,237.0,255.0,0.0,200.0,1.0,1.0,0.0,0.0,0.0,0.0
2025/11/24,15:14:58,0,85.0,194.0,236.0,255.0,3.0,203.0,2.0,1.0,0.0,0.0,0.0,0.0
2025/11/24,15:15:03,0,84.0,203.0,235.0,255.0,8.0,200.0,3.0,2.0,0.0,0.0,0.0,0.0
2025/11/24,15:15:08,0,85.0,190.0,236.0,254.0,11.0,200.0,3.0,3.0,0.0,0.0,0.0,0.0
2025/11/24,15:15:13,0,84.0,206.0,237.0,254.0,9.0,199.0,4.0,3.0,0.0,0.0,0.0,0.0
2025/11/24,15:15:18,0,85.0,210.0,238.0,256.0,3.0,202.0,3.0,2.0,0.0,0.0,0.0,0.0
2025/11/24,15:15:23,0,86.0,196.0,235.0,256.0,4.0,202.0,2.0,2.0,0.0,0.0,0.0,0.0
2025/11/24,15:15:28,0,84.0,197.0,235.0,255.0,9.0,201.0,2.0,2.0,0.0,0.0,0.0,0.0
2025/11/24,15:15:33,0,85.0,187.0,236.0,256.0,13.0,202.0,5.0,3.0,0.0,0.0,0.0,0.0
2025/11/24,15:15:38,0,83.0,201.0,236.0,255.0,10.0,199.0,4.0,4.0,0.0,0.0,0.0,0.0
2025/11/24,15:15:43,0,85.0,209.0,237.0,255.0,3.0,199.0,3.0,2.0,0.0,0.0,0.0,0.0
2025/11/24,15:15:48,0,81.0,214.0,237.0,255.0,3.0,201.0,2.0,2.0,0.0,0.0,0.0,0.0
2025/11/24,15:15:53,0,84.0,220.0,238.0,255.0,3.0,201.0,2.0,2.0,0.0,0.0,0.0,0.0
2025/11/24,15:15:58,0,84.0,217.0,238.0,255.0,2.0,200.0,3.0,2.0,0.0,0.0,0.0,0.0
2025/11/24,15:16:03,0,84.0,216.0,238.0,255.0,2.0,200.0,3.0,2.0,0.0,0.0,0.0,0.0
2025/11/24,15:16:08,0,88.0,221.0,238.0,256.0,2.0,199.0,3.0,1.0,0.0,0.0,0.0,0.0
2025/11/24,15:16:13,0,86.0,212.0,238.0,255.0,3.0,201.0,2.0,1.0,0.0,0.0,0.0,0.0
2025/11/24,15:16:18,0,84.0,207.0,236.0,255.0,9.0,201.0,3.0,3.0,0.0,0.0,0.0,0.0
2025/11/24,15:16:23,0,84.0,188.0,235.0,255.0,16.0,200.0,3.0,4.0,0.0,0.0,0.0,0.0
2025/11/24,15:16:28,0,85.0,198.0,235.0,255.0,9.0,199.0,3.0,3.0,0.0,0.0,0.0,0.0
2025/11/24,15:16:33,0,84.0,196.0,236.0,255.0,4.0,201.0,1.0,1.0,0.0,0.0,0.0,0.0
2025/11/24,15:16:38,0,84.0,212.0,239.0,253.0,2.0,200.0,2.0,1.0,0.0,0.0,0.0,0.0
2025/11/24,15:16:43,0,85.0,210.0,237.0,255.0,6.0,199.0,3.0,2.0,0.0,0.0,0.0,0.0
2025/11/24,15:16:48,0,85.0,189.0,236.0,255.0,13.0,201.0,3.0,4.0,0.0,0.0,0.0,0.0
2025/11/24,15:16:53,0,85.0,198.0,235.0,255.0,10.0,200.0,3.0,2.0,0.0,0.0,0.0,0.0
2025/11/24,15:16:58,0,85.0,195.0,237.0,254.0,4.0,200.0,2.0,2.0,0.0,0.0,0.0,0.0
2025/11/24,15:17:03,0,85.0,207.0,237.0,256.0,2.0,201.0,1.0,2.0,0.0,0.0,0.0,0.0
2025/11/24,15:17:08,0,82.0,211.0,239.0,256.0,3.0,200.0,2.0,2.0,0.0,0.0,0.0,0.0
2025/11/24,15:17:13,0,84.0,189.0,235.0,255.0,12.0,200.0,3.0,3.0,0.0,0.0,0.0,0.0
2025/11/24,15:17:21,0,85.0,199.0,233.0,256.0,11.0,201.0,3.0,3.0,0.0,0.0,0.0,0.0
2025/11/24,15:17:25,0,83.0,195.0,234.0,255.0,6.0,201.0,2.0,2.0,0.0,0.0,0.0,0.0
2025/11/24,15:17:30,0,84.0,200.0,238.0,255.0,1.0,201.0,1.0,1.0,0.0,0.0,0.0,0.0
2025/11/24,15:17:35,0,84.0,219.0,238.0,255.0,7.0,200.0,2.0,1.0,0.0,0.0,0.0,0.0
2025/11/24,15:17:40,0,88.0,195.0,233.0,256.0,14.0,201.0,3.0,4.0,0.0,0.0,0.0,0.0
2025/11/24,15:17:45,0,85.0,195.0,234.0,255.0,10.0,201.0,3.0,3.0,0.0,0.0,0.0,0.0
2025/11/24,15:17:50,0,84.0,195.0,236.0,255.0,8.0,200.0,2.0,2.0,0.0,0.0,0.0,0.0
2025/11/24,15:17:55,0,86.0,204.0,239.0,254.0,0.0,201.0,2.0,1.0,0.0,0.0,0.0,0.0
2025/11/24,15:18:00,0,85.0,204.0,236.0,255.0,9.0,201.0,3.0,2.0,0.0,0.0,0.0,0.0
2025/11/24,15:18:05,0,87.0,195.0,236.0,255.0,11.0,201.0,2.0,3.0,0.0,0.0,0.0,0.0
2025/11/24,15:18:10,0,85.0,214.0,238.0,255.0,2.0,200.0,2.0,2.0,0.0,0.0,0.0,0.0
2025/11/24,15:18:15,0,84.0,192.0,236.0,256.0,10.0,200.0,3.0,2.0,0.0,0.0,0.0,0.0
2025/11/24,15:18:20,0,84.0,202.0,238.0,253.0,0.0,201.0,2.0,1.0,0.0,0.0,0.0,0.0
2025/11/24,15:18:25,0,83.0,198.0,236.0,256.0,12.0,199.0,6.0,3.0,0.0,0.0,0.0,0.0
2025/11/24,15:18:30,0,85.0,193.0,235.0,255.0,8.0,201.0,3.0,2.0,0.0,0.0,0.0,0.0
2025/11/24,15:18:35,0,85.0,212.0,238.0,255.0,3.0,201.0,3.0,2.0,0.0,0.0,0.0,0.0
2025/11/24,15:18:40,0,87.0,186.0,236.0,255.0,14.0,201.0,3.0,4.0,0.0,0.0,0.0,0.0
2025/11/24,15:18:45,0,84.0,195.0,233.0,256.0,7.0,201.0,2.0,2.0,0.0,0.0,0.0,0.0
2025/11/24,15:18:50,0,86.0,220.0,239.0,253.0,2.0,201.0,2.0,2.0,0.0,0.0,0.0,0.0
2025/11/24,15:18:55,0,84.0,191.0,235.0,255.0,12.0,201.0,3.0,3.0,0.0,0.0,0.0,0.0
2025/11/24,15:19:00,0,85.0,198.0,235.0,255.0,4.0,201.0,1.0,2.0,0.0,0.0,0.0,0.0
2025/11/24,15:19:05,0,85.0,221.0,239.0,254.0,2.0,200.0,1.0,1.0,0.0,0.0,0.0,0.0
2025/11/24,15:19:10,0,84.0,191.0,235.0,256.0,12.0,201.0,2.0,2.0,0.0,0.0,0.0,0.0
2025/11/24,15:19:15,0,87.0,197.0,237.0,255.0,1.0,200.0,1.0,1.0,0.0,0.0,0.0,0.0
2025/11/24,15:19:20,0,84.0,219.0,238.0,255.0,2.0,202.0,2.0,1.0,0.0,0.0,0.0,0.0
2025/11/24,15:19:25,0,83.0,193.0,234.0,255.0,11.0,201.0,2.0,3.0,0.0,0.0,0.0,0.0
2025/11/24,15:19:30,0,86.0,196.0,238.0,255.0,0.0,201.0,0.0,0.0,0.0,0.0,0.0,0.0
2025/11/24,15:19:35,0,85.0,214.0,239.0,255.0,2.0,200.0,3.0,1.0,0.0,0.0,0.0,0.0
2025/11/24,15:19:40,0,84.0,187.0,236.0,256.0,12.0,201.0,3.0,3.0,0.0,0.0,0.0,0.0
2025/11/24,15:19:45,0,87.0,197.0,237.0,254.0,3.0,202.0,2.0,2.0,0.0,0.0,0.0,0.0
2025/11/24,15:19:50,0,89.0,216.0,239.0,255.0,2.0,201.0,2.0,2.0,0.0,0.0,0.0,0.0
2025/11/24,15:19:55,0,86.0,193.0,236.0,255.0,10.0,200.0,2.0,3.0,0.0,0.0,0.0,0.0
2025/11/24,15:20:00,0,86.0,198.0,237.0,254.0,0.0,201.0,1.0,1.0,0.0,0.0,0.0,0.0
2025/11/24,15:20:05,0,82.0,219.0,239.0,254.0,3.0,200.0,2.0,1.0,0.0,0.0,0.0,0.0
2025/11/24,15:20:10,0,84.0,195.0,237.0,256.0,9.0,200.0,2.0,2.0,0.0,0.0,0.0,0.0
2025/11/24,15:20:15,0,86.0,204.0,239.0,255.0,0.0,200.0,2.0,2.0,0.0,0.0,0.0,0.0
2025/11/24,15:20:20,0,87.0,199.0,236.0,253.0,11.0,200.0,5.0,2.0,0.0,0.0,0.0,0.0
2025/11/24,15:20:25,0,85.0,199.0,234.0,255.0,11.0,200.0,2.0,2.0,0.0,0.0,0.0,0.0
2025/11/24,15:20:30,0,87.0,197.0,235.0,256.0,4.0,201.0,2.0,1.0,0.0,0.0,0.0,0.0
2025/11/24,15:20:35,0,85.0,194.0,236.0,256.0,10.0,201.0,3.0,3.0,0.0,0.0,0.0,0.0
2025/11/24,15:20:40,0,83.0,218.0,239.0,255.0,2.0,201.0,2.0,2.0,0.0,0.0,0.0,0.0
2025/11/24,15:20:45,0,87.0,199.0,235.0,255.0,13.0,202.0,5.0,3.0,0.0,0.0,0.0,0.0
2025/11/24,15:20:50,0,84.0,194.0,235.0,255.0,11.0,199.0,3.0,3.0,0.0,0.0,0.0,0.0
2025/11/24,15:20:55,0,86.0,193.0,237.0,255.0,8.0,200.0,3.0,2.0,0.0,0.0,0.0,0.0
2025/11/24,15:21:00,0,85.0,201.0,239.0,255.0,2.0,201.0,1.0,0.0,0.0,0.0,0.0,0.0
2025/11/24,15:21:05,0,85.0,211.0,240.0,256.0,1.0,201.0,2.0,1.0,0.0,0.0,0.0,0.0
2025/11/24,15:21:10,0,84.0,221.0,239.0,254.0,2.0,201.0,2.0,1.0,0.0,0.0,0.0,0.0
2025/11/24,15:21:15,0,83.0,211.0,239.0,254.0,4.0,201.0,2.0,1.0,0.0,0.0,0.0,0.0
2025/11/24,15:21:20,0,84.0,206.0,238.0,256.0,8.0,201.0,3.0,2.0,0.0,0.0,0.0,0.0
2025/11/24,15:21:25,0,85.0,202.0,238.0,255.0,7.0,202.0,4.0,2.0,0.0,0.0,0.0,0.0
2025/11/24,15:21:30,0,85.0,209.0,238.0,255.0,6.0,199.0,3.0,2.0,0.0,0.0,0.0,0.0
2025/11/24,15:21:35,0,81.0,211.0,239.0,255.0,6.0,202.0,2.0,2.0,0.0,0.0,0.0,0.0
2025/11/24,15:21:40,0,85.0,219.0,238.0,255.0,3.0,201.0,3.0,1.0,0.0,0.0,0.0,0.0
2025/11/24,15:21:45,0,83.0,218.0,236.0,255.0,3.0,202.0,3.0,1.0,0.0,0.0,0.0,0.0
2025/11/24,15:21:50,0,85.0,207.0,239.0,255.0,1.0,200.0,2.0,1.0,0.0,0.0,0.0,0.0
2025/11/24,15:21:55,0,84.0,197.0,240.0,253.0,0.0,201.0,1.0,1.0,0.0,0.0,0.0,0.0
2025/11/24,15:22:00,0,84.0,196.0,237.0,255.0,4.0,201.0,1.0,1.0,0.0,0.0,0.0,0.0
2025/11/24,15:22:05,0,84.0,197.0,235.0,255.0,10.0,202.0,3.0,2.0,0.0,0.0,0.0,0.0
2025/11/24,15:22:10,0,83.0,195.0,236.0,255.0,12.0,202.0,3.0,3.0,0.0,0.0,0.0,0.0
2025/11/24,15:22:15,0,81.0,188.0,237.0,255.0,13.0,201.0,3.0,4.0,0.0,0.0,0.0,0.0
2025/11/24,15:22:20,0,84.0,207.0,239.0,256.0,9.0,200.0,3.0,2.0,0.0,0.0,0.0,0.0
2025/11/24,15:22:25,0,82.0,211.0,240.0,256.0,2.0,199.0,3.0,1.0,0.0,0.0,0.0,0.0
2025/11/24,15:22:30,0,79.0,222.0,239.0,255.0,2.0,201.0,2.0,2.0,0.0,0.0,0.0,0.0
2025/11/24,15:22:35,0,84.0,205.0,239.0,255.0,1.0,200.0,2.0,1.0,0.0,0.0,0.0,0.0
2025/11/24,15:22:40,0,84.0,197.0,237.0,254.0,2.0,200.0,1.0,1.0,0.0,0.0,0.0,0.0
2025/11/24,15:22:45,0,82.0,200.0,236.0,255.0,11.0,202.0,2.0,3.0,0.0,0.0,0.0,0.0
2025/11/24,15:22:50,0,85.0,204.0,239.0,253.0,9.0,200.0,3.0,1.0,0.0,0.0,0.0,0.0
2025/11/24,15:22:55,0,84.0,210.0,239.0,255.0,1.0,200.0,3.0,2.0,0.0,0.0,0.0,0.0
2025/11/24,15:23:00,0,85.0,196.0,238.0,256.0,4.0,199.0,2.0,2.0,0.0,0.0,0.0,0.0
2025/11/24,15:23:05,0,83.0,197.0,236.0,255.0,10.0,200.0,2.0,3.0,0.0,0.0,0.0,0.0
2025/11/24,15:23:10,0,84.0,189.0,237.0,256.0,11.0,201.0,3.0,3.0,0.0,0.0,0.0,0.0
2025/11/24,15:23:15,0,84.0,192.0,237.0,254.0,16.0,201.0,5.0,4.0,0.0,0.0,0.0,0.0
2025/11/24,15:23:20,0,85.0,208.0,239.0,254.0,7.0,199.0,4.0,2.0,0.0,0.0,0.0,0.0
2025/11/24,15:23:25,0,84.0,217.0,239.0,255.0,3.0,201.0,2.0,2.0,0.0,0.0,0.0,0.0
2025/11/24,15:23:30,0,85.0,198.0,239.0,255.0,0.0,202.0,1.0,1.0,0.0,0.0,0.0,0.0
2025/11/24,15:23:35,0,84.0,197.0,237.0,254.0,8.0,200.0,3.0,3.0,0.0,0.0,0.0,0.0
2025/11/24,15:23:40,0,83.0,196.0,237.0,255.0,11.0,201.0,2.0,3.0,0.0,0.0,0.0,0.0
2025/11/24,15:23:45,0,85.0,189.0,237.0,255.0,10.0,201.0,3.0,3.0,0.0,0.0,0.0,0.0
2025/11/24,15:23:50,0,82.0,211.0,239.0,255.0,4.0,202.0,3.0,2.0,0.0,0.0,0.0,0.0
2025/11/24,15:23:55,0,83.0,209.0,239.0,255.0,2.0,201.0,2.0,2.0,0.0,0.0,0.0,0.0
2025/11/24,15:24:00,0,82.0,196.0,239.0,256.0,2.0,200.0,1.0,1.0,0.0,0.0,0.0,0.0
2025/11/24,15:24:05,0,84.0,199.0,236.0,254.0,10.0,200.0,2.0,2.0,0.0,0.0,0.0,0.0
2025/11/24,15:24:10,0,85.0,186.0,236.0,254.0,13.0,200.0,3.0,4.0,0.0,0.0,0.0,0.0
2025/11/24,15:24:15,0,84.0,206.0,238.0,254.0,11.0,200.0,3.0,2.0,0.0,0.0,0.0,0.0
2025/11/24,15:24:20,0,84.0,220.0,239.0,256.0,2.0,201.0,2.0,2.0,0.0,0.0,0.0,0.0
2025/11/24,15:24:25,0,85.0,208.0,239.0,255.0,1.0,201.0,2.0,2.0,0.0,0.0,0.0,0.0
2025/11/24,15:24:30,0,87.0,200.0,238.0,256.0,0.0,201.0,1.0,0.0,0.0,0.0,0.0,0.0
2025/11/24,15:24:35,0,83.0,197.0,238.0,255.0,3.0,200.0,1.0,1.0,0.0,0.0,0.0,0.0
2025/11/24,15:24:40,0,84.0,200.0,236.0,253.0,10.0,200.0,2.0,3.0,0.0,0.0,0.0,0.0
2025/11/24,15:24:45,0,83.0,188.0,237.0,256.0,12.0,201.0,3.0,3.0,0.0,0.0,0.0,0.0
2025/11/24,15:24:50,0,87.0,203.0,239.0,255.0,9.0,202.0,3.0,3.0,0.0,0.0,0.0,0.0
2025/11/24,15:24:55,0,85.0,220.0,239.0,255.0,3.0,201.0,2.0,2.0,0.0,0.0,0.0,0.0
2025/11/24,15:25:00,0,84.0,207.0,239.0,255.0,2.0,200.0,2.0,1.0,0.0,0.0,0.0,0.0
2025/11/24,15:25:05,0,84.0,206.0,239.0,255.0,1.0,201.0,2.0,2.0,0.0,0.0,0.0,0.0
2025/11/24,15:25:10,0,83.0,204.0,238.0,255.0,1.0,201.0,2.0,1.0,0.0,0.0,0.0,0.0
2025/11/24,15:25:15,0,85.0,204.0,239.0,255.0,1.0,200.0,2.0,2.0,0.0,0.0,0.0,0.0
2025/11/24,15:25:20,0,84.0,208.0,239.0,255.0,2.0,201.0,2.0,1.0,0.0,0.0,0.0,0.0
2025/11/24,15:25:25,0,85.0,209.0,240.0,255.0,2.0,200.0,2.0,2.0,0.0,0.0,0.0,0.0
2025/11/24,15:25:30,0,84.0,207.0,239.0,255.0,2.0,201.0,2.0,1.0,0.0,0.0,0.0,0.0
2025/11/24,15:25:35,0,83.0,206.0,240.0,254.0,2.0,199.0,3.0,2.0,0.0,0.0,0.0,0.0
2025/11/24,15:25:40,0,85.0,209.0,239.0,255.0,2.0,201.0,3.0,2.0,0.0,0.0,0.0,0.0
2025/11/24,15:25:45,0,83.0,211.0,237.0,255.0,2.0,201.0,1.0,2.0,0.0,0.0,0.0,0.0
2025/11/24,15:25:50,0,82.0,217.0,240.0,255.0,4.0,201.0,2.0,2.0,0.0,0.0,0.0,0.0
2025/11/24,15:25:55,0,85.0,218.0,239.0,255.0,0.0,199.0,3.0,1.0,0.0,0.0,0.0,0.0
2025/11/24,15:26:00,0,85.0,204.0,239.0,255.0,7.0,200.0,3.0,3.0,0.0,0.0,0.0,0.0
2025/11/24,15:26:05,0,83.0,188.0,237.0,255.0,17.0,200.0,3.0,3.0,0.0,0.0,0.0,0.0
2025/11/24,15:26:10,0,84.0,200.0,238.0,255.0,8.0,200.0,2.0,2.0,0.0,0.0,0.0,0.0
2025/11/24,15:26:15,0,82.0,195.0,238.0,255.0,6.0,200.0,2.0,2.0,0.0,0.0,0.0,0.0
2025/11/24,15:26:20,0,85.0,200.0,239.0,253.0,0.0,201.0,0.0,0.0,0.0,0.0,0.0,0.0
2025/11/24,15:26:25,0,84.0,207.0,240.0,256.0,2.0,201.0,1.0,2.0,0.0,0.0,0.0,0.0
2025/11/24,15:26:30,0,82.0,219.0,240.0,255.0,1.0,200.0,2.0,1.0,0.0,0.0,0.0,0.0
2025/11/24,15:26:35,0,84.0,198.0,239.0,256.0,13.0,201.0,3.0,4.0,0.0,0.0,0.0,0.0
2025/11/24,15:26:40,0,84.0,199.0,237.0,255.0,10.0,200.0,2.0,2.0,0.0,0.0,0.0,0.0
2025/11/24,15:26:45,0,83.0,196.0,238.0,256.0,3.0,200.0,1.0,1.0,0.0,0.0,0.0,0.0
2025/11/24,15:26:50,0,83.0,200.0,241.0,253.0,0.0,199.0,1.0,1.0,0.0,0.0,0.0,0.0
2025/11/24,15:26:55,0,83.0,216.0,240.0,255.0,2.0,202.0,2.0,2.0,0.0,0.0,0.0,0.0
2025/11/24,15:27:00,0,85.0,201.0,238.0,255.0,10.0,201.0,3.0,3.0,0.0,0.0,0.0,0.0
2025/11/24,15:27:05,0,84.0,199.0,238.0,255.0,9.0,200.0,2.0,2.0,0.0,0.0,0.0,0.0
2025/11/24,15:27:10,0,83.0,197.0,238.0,255.0,3.0,200.0,1.0,1.0,0.0,0.0,0.0,0.0
2025/11/24,15:27:15,0,84.0,204.0,240.0,255.0,1.0,201.0,1.0,1.0,0.0,0.0,0.0,0.0
2025/11/24,15:27:20,0,84.0,212.0,239.0,255.0,2.0,200.0,0.0,1.0,0.0,0.0,0.0,0.0
2025/11/24,15:28:15,0,82.0,211.0,239.0,255.0,3.0,200.0,2.0,1.0,0.0,0.0,0.0,0.0
2025/11/24,15:28:20,0,79.0,218.0,240.0,255.0,2.0,201.0,2.0,2.0,0.0,0.0,0.0,0.0
2025/11/24,15:28:25,0,83.0,191.0,237.0,255.0,13.0,201.0,3.0,3.0,0.0,0.0,0.0,0.0
2025/11/24,15:28:30,0,85.0,196.0,239.0,255.0,2.0,200.0,1.0,1.0,0.0,0.0,0.0,0.0
2025/11/24,15:28:35,0,78.0,215.0,240.0,254.0,2.0,202.0,1.0,1.0,0.0,0.0,0.0,0.0
2025/11/24,15:28:40,0,83.0,198.0,237.0,254.0,9.0,200.0,2.0,3.0,0.0,0.0,0.0,0.0
2025/11/24,15:28:45,0,81.0,203.0,241.0,253.0,0.0,201.0,2.0,1.0,0.0,0.0,0.0,0.0
2025/11/24,15:28:50,0,81.0,202.0,239.0,255.0,10.0,200.0,3.0,3.0,0.0,0.0,0.0,0.0
2025/11/24,15:28:55,0,82.0,191.0,236.0,255.0,8.0,201.0,2.0,1.0,0.0,0.0,0.0,0.0
2025/11/24,15:29:00,0,82.0,221.0,240.0,255.0,3.0,202.0,3.0,2.0,0.0,0.0,0.0,0.0
2025/11/24,15:29:05,0,85.0,201.0,235.0,255.0,10.0,201.0,2.0,2.0,0.0,0.0,0.0,0.0
2025/11/24,15:29:10,0,83.0,216.0,239.0,255.0,3.0,201.0,3.0,2.0,0.0,0.0,0.0,0.0
2025/11/24,15:29:15,0,83.0,196.0,237.0,255.0,12.0,202.0,3.0,3.0,0.0,0.0,0.0,0.0
2025/11/24,15:29:20,0,82.0,207.0,242.0,255.0,2.0,201.0,2.0,2.0,0.0,0.0,0.0,0.0
2025/11/24,15:29:25,0,82.0,195.0,235.0,255.0,11.0,202.0,3.0,3.0,0.0,0.0,0.0,0.0
2025/11/24,15:29:30,0,84.0,220.0,241.0,253.0,0.0,200.0,2.0,1.0,0.0,0.0,0.0,0.0
2025/11/24,15:29:35,0,82.0,198.0,239.0,255.0,0.0,200.0,1.0,1.0,0.0,0.0,0.0,0.0
2025/11/24,15:29:40,0,81.0,198.0,238.0,254.0,10.0,200.0,2.0,2.0,0.0,0.0,0.0,0.0
2025/11/24,15:29:45,0,83.0,203.0,239.0,255.0,9.0,202.0,3.0,3.0,0.0,0.0,0.0,0.0
2025/11/24,15:29:50,0,81.0,211.0,239.0,254.0,1.0,202.0,3.0,2.0,0.0,0.0,0.0,0.0
2025/11/24,15:29:55,0,82.0,198.0,237.0,255.0,0.0,201.0,1.0,1.0,0.0,0.0,0.0,0.0
2025/11/24,15:30:00,0,81.0,197.0,238.0,256.0,9.0,200.0,3.0,3.0,0.0,0.0,0.0,0.0
2025/11/24,15:30:05,0,84.0,190.0,238.0,255.0,11.0,201.0,3.0,3.0,0.0,0.0,0.0,0.0
2025/11/24,15:30:10,0,80.0,218.0,240.0,255.0,2.0,201.0,2.0,2.0,0.0,0.0,0.0,0.0
2025/11/24,15:30:15,0,82.0,195.0,240.0,256.0,1.0,200.0,2.0,1.0,0.0,0.0,0.0,0.0
2025/11/24,15:30:20,0,81.0,193.0,236.0,255.0,11.0,202.0,3.0,3.0,0.0,0.0,0.0,0.0
2025/11/24,15:30:25,0,82.0,211.0,240.0,255.0,4.0,201.0,3.0,1.0,0.0,0.0,0.0,0.0
2025/11/24,15:30:30,0,80.0,203.0,238.0,255.0,1.0,201.0,1.0,1.0,0.0,0.0,0.0,0.0
2025/11/24,15:30:35,0,81.0,192.0,237.0,255.0,9.0,202.0,2.0,3.0,0.0,0.0,0.0,0.0
2025/11/24,15:30:40,0,81.0,192.0,237.0,255.0,11.0,200.0,3.0,3.0,0.0,0.0,0.0,0.0
2025/11/24,15:30:45,0,83.0,204.0,240.0,255.0,9.0,201.0,3.0,3.0,0.0,0.0,0.0,0.0
2025/11/24,15:30:50,0,84.0,221.0,241.0,255.0,2.0,200.0,2.0,1.0,0.0,0.0,0.0,0.0
2025/11/24,15:30:55,0,83.0,214.0,240.0,255.0,2.0,201.0,2.0,2.0,0.0,0.0,0.0,0.0
2025/11/24,15:31:00,0,83.0,210.0,240.0,255.0,1.0,201.0,3.0,2.0,0.0,0.0,0.0,0.0
2025/11/24,15:31:05,0,83.0,217.0,239.0,256.0,2.0,201.0,2.0,2.0,0.0,0.0,0.0,0.0
2025/11/24,15:31:10,0,84.0,215.0,240.0,255.0,2.0,201.0,2.0,1.0,0.0,0.0,0.0,0.0
2025/11/24,15:31:15,0,84.0,201.0,239.0,255.0,11.0,201.0,3.0,3.0,0.0,0.0,0.0,0.0
2025/11/24,15:31:20,0,81.0,193.0,237.0,255.0,13.0,202.0,3.0,3.0,0.0,0.0,0.0,0.0
2025/11/24,15:31:25,0,84.0,196.0,237.0,255.0,9.0,202.0,4.0,3.0,0.0,0.0,0.0,0.0
2025/11/24,15:31:30,0,84.0,199.0,239.0,255.0,0.0,202.0,1.0,1.0,0.0,0.0,0.0,0.0
2025/11/24,15:31:35,0,83.0,211.0,241.0,255.0,1.0,200.0,2.0,1.0,0.0,0.0,0.0,0.0
2025/11/24,15:31:40,0,82.0,210.0,241.0,254.0,0.0,201.0,3.0,2.0,0.0,0.0,0.0,0.0
2025/11/24,15:31:45,0,82.0,188.0,236.0,256.0,15.0,201.0,3.0,4.0,0.0,0.0,0.0,0.0
2025/11/24,15:31:50,0,82.0,201.0,238.0,254.0,10.0,200.0,2.0,2.0,0.0,0.0,0.0,0.0
2025/11/24,15:31:55,0,83.0,198.0,237.0,255.0,3.0,201.0,1.0,2.0,0.0,0.0,0.0,0.0
2025/11/24,15:32:00,0,83.0,213.0,239.0,255.0,4.0,201.0,2.0,2.0,0.0,0.0,0.0,0.0
2025/11/24,15:32:05,0,84.0,188.0,235.0,255.0,13.0,202.0,3.0,3.0,0.0,0.0,0.0,0.0
2025/11/24,15:32:10,0,84.0,200.0,240.0,255.0,0.0,201.0,1.0,1.0,0.0,0.0,0.0,0.0
2025/11/24,15:32:15,0,84.0,189.0,238.0,255.0,14.0,201.0,4.0,3.0,0.0,0.0,0.0,0.0
2025/11/24,15:32:20,0,84.0,197.0,240.0,255.0,0.0,200.0,1.0,1.0,0.0,0.0,0.0,0.0
2025/11/24,15:32:25,0,83.0,207.0,239.0,254.0,8.0,199.0,3.0,2.0,0.0,0.0,0.0,0.0
2025/11/24,15:32:30,0,83.0,194.0,239.0,255.0,5.0,201.0,2.0,2.0,0.0,0.0,0.0,0.0
2025/11/24,15:32:35,0,83.0,206.0,240.0,255.0,8.0,201.0,3.0,1.0,0.0,0.0,0.0,0.0
2025/11/24,15:32:40,0,80.0,195.0,236.0,255.0,7.0,202.0,2.0,2.0,0.0,0.0,0.0,0.0
2025/11/24,15:32:45,0,84.0,212.0,241.0,254.0,0.0,201.0,2.0,1.0,0.0,0.0,0.0,0.0
2025/11/24,15:32:50,0,81.0,198.0,238.0,255.0,10.0,200.0,4.0,2.0,0.0,0.0,0.0,0.0
2025/11/24,15:32:55,0,83.0,217.0,240.0,255.0,3.0,200.0,3.0,2.0,0.0,0.0,0.0,0.0
2025/11/24,15:33:00,0,82.0,194.0,238.0,255.0,10.0,200.0,3.0,3.0,0.0,0.0,0.0,0.0
2025/11/24,15:33:05,0,82.0,204.0,241.0,254.0,1.0,200.0,2.0,2.0,0.0,0.0,0.0,0.0
2025/11/24,15:33:10,0,82.0,186.0,237.0,255.0,10.0,201.0,4.0,3.0,0.0,0.0,0.0,0.0
2025/11/24,15:33:15,0,81.0,197.0,238.0,255.0,5.0,202.0,2.0,1.0,0.0,0.0,0.0,0.0
2025/11/24,15:33:20,0,80.0,220.0,240.0,253.0,1.0,200.0,3.0,2.0,0.0,0.0,0.0,0.0
2025/11/24,15:33:25,0,82.0,192.0,238.0,255.0,11.0,200.0,3.0,3.0,0.0,0.0,0.0,0.0
2025/11/24,15:33:30,0,81.0,199.0,239.0,256.0,0.0,201.0,1.0,0.0,0.0,0.0,0.0,0.0
2025/11/24,15:33:35,0,84.0,212.0,238.0,255.0,4.0,201.0,2.0,1.0,0.0,0.0,0.0,0.0
2025/11/24,15:33:40,0,83.0,197.0,236.0,255.0,10.0,201.0,2.0,2.0,0.0,0.0,0.0,0.0
2025/11/24,15:33:45,0,84.0,200.0,240.0,255.0,0.0,200.0,1.0,1.0,0.0,0.0,0.0,0.0
2025/11/24,15:33:50,0,81.0,208.0,240.0,255.0,5.0,200.0,2.0,2.0,0.0,0.0,0.0,0.0
2025/11/24,15:33:55,0,84.0,200.0,237.0,255.0,9.0,199.0,3.0,3.0,0.0,0.0,0.0,0.0
2025/11/24,15:34:00,0,83.0,199.0,239.0,255.0,0.0,201.0,1.0,1.0,0.0,0.0,0.0,0.0
2025/11/24,15:34:05,0,84.0,206.0,240.0,255.0,8.0,202.0,3.0,3.0,0.0,0.0,0.0,0.0
2025/11/24,15:34:10,0,82.0,197.0,237.0,255.0,10.0,201.0,3.0,3.0,0.0,0.0,0.0,0.0
2025/11/24,15:34:15,0,83.0,217.0,240.0,253.0,2.0,200.0,3.0,2.0,0.0,0.0,0.0,0.0
2025/11/24,15:34:20,0,84.0,195.0,238.0,255.0,9.0,201.0,2.0,3.0,0.0,0.0,0.0,0.0
2025/11/24,15:34:25,0,84.0,212.0,241.0,255.0,3.0,202.0,3.0,2.0,0.0,0.0,0.0,0.0
2025/11/24,15:34:30,0,83.0,193.0,237.0,255.0,12.0,199.0,3.0,3.0,0.0,0.0,0.0,0.0
2025/11/24,15:34:35,0,83.0,202.0,240.0,255.0,0.0,202.0,2.0,2.0,0.0,0.0,0.0,0.0
2025/11/24,15:34:40,0,81.0,197.0,237.0,255.0,14.0,202.0,4.0,3.0,0.0,0.0,0.0,0.0
2025/11/24,15:34:45,0,84.0,193.0,238.0,254.0,8.0,201.0,2.0,2.0,0.0,0.0,0.0,0.0
2025/11/24,15:34:50,0,82.0,216.0,241.0,255.0,1.0,201.0,3.0,2.0,0.0,0.0,0.0,0.0
2025/11/24,15:34:55,0,83.0,191.0,238.0,255.0,14.0,202.0,4.0,4.0,0.0,0.0,0.0,0.0
2025/11/24,15:35:00,0,79.0,197.0,238.0,255.0,12.0,202.0,3.0,3.0,0.0,0.0,0.0,0.0
2025/11/24,15:35:05,0,83.0,200.0,241.0,256.0,0.0,200.0,1.0,0.0,0.0,0.0,0.0,0.0
2025/11/24,15:35:10,0,82.0,216.0,239.0,255.0,5.0,201.0,1.0,1.0,0.0,0.0,0.0,0.0
2025/11/24,15:35:15,0,83.0,187.0,237.0,255.0,14.0,199.0,3.0,3.0,0.0,0.0,0.0,0.0
2025/11/24,15:35:20,0,86.0,200.0,237.0,255.0,10.0,201.0,3.0,3.0,0.0,0.0,0.0,0.0
2025/11/24,15:35:25,0,84.0,197.0,237.0,255.0,0.0,201.0,0.0,1.0,0.0,0.0,0.0,0.0
2025/11/24,15:35:30,0,83.0,209.0,240.0,255.0,2.0,200.0,2.0,2.0,0.0,0.0,0.0,0.0
2025/11/24,15:35:35,0,81.0,222.0,240.0,255.0,3.0,202.0,3.0,2.0,0.0,0.0,0.0,0.0
2025/11/24,15:35:40,0,78.0,217.0,238.0,256.0,0.0,202.0,2.0,1.0,0.0,0.0,0.0,0.0
2025/11/24,15:35:45,0,83.0,217.0,241.0,254.0,2.0,200.0,3.0,2.0,0.0,0.0,0.0,0.0
2025/11/24,15:35:50,0,83.0,203.0,240.0,254.0,0.0,200.0,2.0,1.0,0.0,0.0,0.0,0.0
2025/11/24,15:35:55,0,84.0,194.0,237.0,255.0,8.0,201.0,2.0,2.0,0.0,0.0,0.0,0.0
2025/11/24,15:36:00,0,83.0,189.0,238.0,255.0,10.0,201.0,4.0,4.0,0.0,0.0,0.0,0.0
2025/11/24,15:36:05,0,84.0,207.0,241.0,254.0,1.0,200.0,2.0,1.0,0.0,0.0,0.0,0.0
2025/11/24,15:36:10,0,84.0,196.0,239.0,255.0,10.0,200.0,2.0,2.0,0.0,0.0,0.0,0.0
2025/11/24,15:36:15,0,84.0,210.0,240.0,253.0,0.0,201.0,2.0,2.0,0.0,0.0,0.0,0.0
2025/11/24,15:36:20,0,84.0,194.0,238.0,255.0,11.0,201.0,2.0,3.0,0.0,0.0,0.0,0.0
2025/11/24,15:36:25,0,85.0,205.0,240.0,255.0,1.0,201.0,1.0,1.0,0.0,0.0,0.0,0.0
2025/11/24,15:36:30,0,84.0,191.0,238.0,254.0,17.0,201.0,4.0,4.0,0.0,0.0,0.0,0.0
2025/11/24,15:36:35,0,81.0,198.0,239.0,255.0,0.0,201.0,0.0,1.0,0.0,0.0,0.0,0.0
2025/11/24,15:36:40,0,84.0,212.0,240.0,255.0,6.0,201.0,2.0,2.0,0.0,0.0,0.0,0.0
2025/11/24,15:36:45,0,85.0,195.0,237.0,255.0,10.0,200.0,2.0,3.0,0.0,0.0,0.0,0.0
2025/11/24,15:36:50,0,83.0,196.0,239.0,255.0,5.0,200.0,1.0,1.0,0.0,0.0,0.0,0.0
2025/11/24,15:36:55,0,85.0,206.0,240.0,254.0,0.0,201.0,1.0,1.0,0.0,0.0,0.0,0.0
2025/11/24,15:37:00,0,86.0,212.0,240.0,255.0,4.0,202.0,1.0,1.0,0.0,0.0,0.0,0.0
2025/11/24,15:37:05,0,83.0,190.0,238.0,255.0,12.0,201.0,2.0,3.0,0.0,0.0,0.0,0.0
2025/11/24,15:37:10,0,85.0,200.0,238.0,255.0,8.0,200.0,3.0,3.0,0.0,0.0,0.0,0.0
2025/11/24,15:37:15,0,86.0,193.0,238.0,253.0,8.0,202.0,4.0,3.0,0.0,0.0,0.0,0.0
2025/11/24,15:37:20,0,81.0,194.0,238.0,254.0,9.0,199.0,3.0,2.0,0.0,0.0,0.0,0.0
2025/11/24,15:37:25,0,85.0,196.0,238.0,254.0,3.0,200.0,2.0,2.0,0.0,0.0,0.0,0.0
2025/11/24,15:37:38,0,83.0,206.0,238.0,255.0,5.0,201.0,2.0,2.0,0.0,0.0,0.0,0.0
2025/11/24,15:37:42,0,83.0,214.0,240.0,255.0,2.0,201.0,2.0,2.0,0.0,0.0,0.0,0.0
2025/11/24,15:37:47,0,82.0,220.0,240.0,255.0,4.0,201.0,2.0,2.0,0.0,0.0,0.0,0.0
2025/11/24,15:37:52,0,80.0,218.0,240.0,255.0,1.0,201.0,2.0,1.0,0.0,0.0,0.0,0.0
2025/11/24,15:37:57,0,85.0,212.0,240.0,255.0,5.0,201.0,3.0,2.0,0.0,0.0,0.0,0.0
2025/11/24,15:38:02,0,84.0,201.0,239.0,255.0,11.0,200.0,3.0,3.0,0.0,0.0,0.0,0.0
2025/11/24,15:38:07,0,82.0,190.0,239.0,255.0,14.0,200.0,4.0,3.0,0.0,0.0,0.0,0.0
2025/11/24,15:38:12,0,83.0,191.0,238.0,255.0,12.0,202.0,3.0,3.0,0.0,0.0,0.0,0.0
2025/11/24,15:38:17,0,83.0,199.0,238.0,255.0,9.0,200.0,3.0,2.0,0.0,0.0,0.0,0.0
2025/11/24,15:38:22,0,85.0,194.0,238.0,255.0,11.0,202.0,4.0,3.0,0.0,0.0,0.0,0.0
2025/11/24,15:38:27,0,82.0,196.0,239.0,253.0,3.0,200.0,1.0,1.0,0.0,0.0,0.0,0.0
2025/11/24,15:38:32,0,83.0,197.0,239.0,255.0,0.0,201.0,0.0,1.0,0.0,0.0,0.0,0.0
2025/11/24,15:38:37,0,84.0,203.0,241.0,255.0,0.0,200.0,2.0,1.0,0.0,0.0,0.0,0.0
2025/11/24,15:38:42,0,82.0,212.0,241.0,256.0,1.0,200.0,2.0,1.0,0.0,0.0,0.0,0.0
2025/11/24,15:38:47,0,79.0,218.0,240.0,253.0,0.0,199.0,3.0,1.0,0.0,0.0,0.0,0.0
2025/11/24,15:38:52,0,84.0,199.0,239.0,254.0,12.0,201.0,3.0,4.0,0.0,0.0,0.0,0.0
2025/11/24,15:38:57,0,81.0,196.0,239.0,255.0,9.0,200.0,2.0,3.0,0.0,0.0,0.0,0.0
2025/11/24,15:39:02,0,80.0,199.0,240.0,255.0,0.0,200.0,1.0,1.0,0.0,0.0,0.0,0.0
2025/11/24,15:39:07,0,84.0,215.0,240.0,255.0,4.0,201.0,2.0,2.0,0.0,0.0,0.0,0.0
2025/11/24,15:39:12,0,82.0,210.0,239.0,255.0,6.0,201.0,3.0,2.0,0.0,0.0,0.0,0.0
2025/11/24,15:39:17,0,83.0,189.0,239.0,255.0,13.0,202.0,5.0,4.0,0.0,0.0,0.0,0.0
2025/11/24,15:39:22,0,83.0,201.0,237.0,255.0,9.0,200.0,2.0,3.0,0.0,0.0,0.0,0.0
2025/11/24,15:39:27,0,83.0,195.0,240.0,254.0,3.0,200.0,2.0,1.0,0.0,0.0,0.0,0.0
2025/11/24,15:39:32,0,84.0,205.0,241.0,254.0,0.0,202.0,2.0,1.0,0.0,0.0,0.0,0.0
2025/11/24,15:39:37,0,80.0,219.0,240.0,254.0,3.0,200.0,2.0,2.0,0.0,0.0,0.0,0.0
2025/11/24,15:39:42,0,83.0,200.0,237.0,255.0,13.0,201.0,4.0,2.0,0.0,0.0,0.0,0.0
2025/11/24,15:39:47,0,84.0,191.0,237.0,255.0,12.0,201.0,3.0,3.0,0.0,0.0,0.0,0.0
2025/11/24,15:39:52,0,84.0,198.0,236.0,255.0,11.0,201.0,2.0,2.0,0.0,0.0,0.0,0.0
2025/11/24,15:39:57,0,85.0,200.0,238.0,256.0,10.0,201.0,3.0,2.0,0.0,0.0,0.0,0.0
2025/11/24,15:40:02,0,84.0,194.0,237.0,255.0,8.0,201.0,3.0,2.0,0.0,0.0,0.0,0.0
2025/11/24,15:40:07,0,83.0,197.0,239.0,255.0,1.0,200.0,1.0,1.0,0.0,0.0,0.0,0.0
2025/11/24,15:40:12,0,86.0,198.0,241.0,255.0,0.0,200.0,0.0,0.0,0.0,0.0,0.0,0.0
2025/11/24,15:40:17,0,82.0,198.0,241.0,256.0,0.0,200.0,1.0,1.0,0.0,0.0,0.0,0.0
2025/11/24,15:40:22,0,83.0,204.0,240.0,255.0,1.0,201.0,1.0,1.0,0.0,0.0,0.0,0.0
2025/11/24,15:40:27,0,84.0,206.0,240.0,253.0,1.0,200.0,1.0,1.0,0.0,0.0,0.0,0.0
2025/11/24,15:40:32,0,84.0,208.0,241.0,255.0,1.0,201.0,1.0,1.0,0.0,0.0,0.0,0.0
2025/11/24,15:40:37,0,84.0,216.0,240.0,255.0,2.0,201.0,1.0,1.0,0.0,0.0,0.0,0.0
2025/11/24,15:40:42,0,82.0,214.0,240.0,255.0,7.0,200.0,1.0,1.0,0.0,0.0,0.0,0.0
2025/11/24,15:40:47,0,84.0,198.0,237.0,255.0,14.0,201.0,4.0,3.0,0.0,0.0,0.0,0.0
2025/11/24,15:40:52,0,84.0,192.0,237.0,255.0,12.0,201.0,3.0,3.0,0.0,0.0,0.0,0.0
2025/11/24,15:40:57,0,83.0,202.0,236.0,255.0,11.0,201.0,2.0,2.0,0.0,0.0,0.0,0.0
2025/11/24,15:41:02,0,84.0,194.0,237.0,255.0,7.0,201.0,3.0,2.0,0.0,0.0,0.0,0.0
2025/11/24,15:41:07,0,83.0,199.0,237.0,255.0,0.0,202.0,1.0,1.0,0.0,0.0,0.0,0.0
2025/11/24,15:41:12,0,84.0,205.0,238.0,255.0,1.0,201.0,1.0,1.0,0.0,0.0,0.0,0.0
2025/11/24,15:41:17,0,85.0,217.0,240.0,254.0,3.0,199.0,2.0,2.0,0.0,0.0,0.0,0.0
2025/11/24,15:41:22,0,82.0,210.0,239.0,255.0,4.0,201.0,2.0,2.0,0.0,0.0,0.0,0.0
2025/11/24,15:41:27,0,81.0,199.0,240.0,256.0,12.0,200.0,3.0,3.0,0.0,0.0,0.0,0.0
2025/11/24,15:41:32,0,84.0,192.0,237.0,255.0,12.0,201.0,3.0,3.0,0.0,0.0,0.0,0.0
2025/11/24,15:41:37,0,81.0,200.0,238.0,254.0,12.0,201.0,3.0,3.0,0.0,0.0,-0.0008,0.0
2025/11/24,15:41:42,0,83.0,196.0,238.0,255.0,0.0,201.0,0.0,1.0,0.0,0.0,0.0,0.0
2025/11/24,15:41:47,0,83.0,209.0,240.0,255.0,2.0,201.0,2.0,1.0,0.0,0.0,0.0,0.0
2025/11/24,15:41:52,0,82.0,212.0,240.0,255.0,1.0,202.0,2.0,2.0,0.0,0.0,0.0,0.0
2025/11/24,15:41:57,0,83.0,191.0,236.0,255.0,12.0,201.0,3.0,3.0,0.0,0.0,0.0,0.0
2025/11/24,15:42:02,0,86.0,199.0,237.0,255.0,12.0,201.0,3.0,3.0,0.0,0.0,0.0,0.0
2025/11/24,15:42:07,0,82.0,195.0,238.0,255.0,6.0,200.0,2.0,2.0,0.0,0.0,0.0,0.0
2025/11/24,15:42:12,0,83.0,197.0,239.0,255.0,0.0,201.0,1.0,1.0,0.0,0.0,0.0,0.0
2025/11/24,15:42:17,0,82.0,210.0,241.0,255.0,1.0,200.0,2.0,1.0,0.0,0.0,0.0,0.0
2025/11/24,15:42:22,0,84.0,209.0,239.0,255.0,4.0,201.0,1.0,2.0,0.0,0.0,0.0,0.0
2025/11/24,15:42:27,0,83.0,195.0,238.0,255.0,7.0,201.0,3.0,3.0,0.0,0.0,0.0,0.0
2025/11/24,15:42:32,0,84.0,189.0,238.0,255.0,13.0,199.0,3.0,3.0,0.0,0.0,0.0,0.0
2025/11/24,15:42:37,0,83.0,199.0,238.0,255.0,10.0,201.0,2.0,2.0,0.0,0.0,0.0,0.0
2025/11/24,15:42:42,0,87.0,193.0,236.0,256.0,8.0,201.0,2.0,3.0,0.0,0.0,0.0,0.0
2025/11/24,15:42:47,0,84.0,198.0,240.0,255.0,0.0,201.0,1.0,0.0,0.0,0.0,0.0,0.0
2025/11/24,15:42:52,0,82.0,207.0,241.0,256.0,1.0,200.0,2.0,1.0,0.0,0.0,0.0,0.0
2025/11/24,15:42:57,0,83.0,209.0,239.0,255.0,5.0,201.0,2.0,2.0,0.0,0.0,0.0,0.0
2025/11/24,15:43:02,0,83.0,191.0,236.0,255.0,12.0,201.0,3.0,3.0,0.0,0.0,0.0,0.0
2025/11/24,15:43:07,0,83.0,199.0,237.0,255.0,10.0,201.0,2.0,3.0,0.0,0.0,0.0,0.0
2025/11/24,15:43:12,0,84.0,193.0,237.0,254.0,8.0,201.0,2.0,3.0,0.0,0.0,0.0,0.0
2025/11/24,15:43:17,0,82.0,198.0,241.0,254.0,0.0,201.0,0.0,1.0,0.0,0.0,0.0,0.0
2025/11/24,15:43:22,0,83.0,216.0,241.0,255.0,2.0,202.0,3.0,2.0,0.0,0.0,0.0,0.0
2025/11/24,15:43:27,0,83.0,200.0,238.0,255.0,13.0,200.0,3.0,3.0,-0.0008,0.0,0.0,0.0
2025/11/24,15:43:32,0,82.0,195.0,238.0,256.0,10.0,200.0,2.0,2.0,0.0,0.0,0.0,0.0
2025/11/24,15:43:37,0,84.0,195.0,240.0,254.0,8.0,199.0,3.0,3.0,0.0,0.0,0.0,0.0
2025/11/24,15:43:42,0,84.0,201.0,239.0,255.0,0.0,201.0,1.0,0.0,0.0,0.0,0.0,0.0
2025/11/24,15:43:47,0,84.0,216.0,240.0,255.0,5.0,201.0,1.0,1.0,0.0,0.0,0.0,0.0
2025/11/24,15:43:52,0,83.0,190.0,239.0,253.0,14.0,200.0,3.0,4.0,0.0,0.0,0.0,0.0
2025/11/24,15:43:57,0,84.0,201.0,238.0,255.0,8.0,200.0,2.0,3.0,0.0,0.0,0.0,0.0
2025/11/24,15:44:02,0,84.0,197.0,238.0,255.0,3.0,201.0,2.0,1.0,0.0,0.0,0.0,0.0
2025/11/24,15:44:07,0,85.0,208.0,238.0,255.0,1.0,202.0,2.0,2.0,0.0,0.0,0.0,0.0
2025/11/24,15:44:12,0,81.0,211.0,241.0,254.0,3.0,199.0,3.0,2.0,0.0,0.0,0.0,0.0
2025/11/24,15:44:17,0,85.0,188.0,236.0,255.0,13.0,200.0,3.0,3.0,0.0,0.0,0.0,0.0
2025/11/24,15:44:22,0,85.0,200.0,238.0,255.0,13.0,202.0,3.0,3.0,0.0,0.0,0.0,0.0
2025/11/24,15:44:27,0,83.0,199.0,240.0,255.0,0.0,201.0,0.0,1.0,0.0,0.0,0.0,0.0
2025/11/24,15:44:32,0,81.0,212.0,241.0,255.0,4.0,202.0,2.0,2.0,0.0,0.0,0.0,0.0
2025/11/24,15:44:37,0,84.0,193.0,237.0,255.0,11.0,201.0,3.0,2.0,0.0,0.0,0.0,0.0
2025/11/24,15:44:42,0,83.0,198.0,240.0,255.0,0.0,201.0,1.0,0.0,0.0,0.0,0.0,0.0
2025/11/24,15:44:47,0,87.0,215.0,240.0,255.0,1.0,202.0,2.0,1.0,0.0,0.0,0.0,0.0
2025/11/24,15:44:52,0,85.0,187.0,238.0,255.0,14.0,199.0,3.0,4.0,0.0,0.0,0.0,0.0
2025/11/24,15:44:57,0,85.0,201.0,235.0,255.0,10.0,202.0,3.0,2.0,0.0,0.0,0.0,0.0
2025/11/24,15:45:02,0,83.0,194.0,239.0,255.0,3.0,199.0,2.0,2.0,0.0,0.0,0.0,0.0
2025/11/24,15:45:07,0,84.0,210.0,241.0,255.0,0.0,200.0,2.0,2.0,0.0,0.0,0.0,0.0
2025/11/24,15:45:12,0,83.0,209.0,239.0,255.0,6.0,202.0,3.0,2.0,0.0,0.0,0.0,0.0
2025/11/24,15:45:17,0,82.0,193.0,238.0,256.0,11.0,202.0,3.0,3.0,0.0,0.0,0.0,0.0
2025/11/24,15:45:22,0,84.0,197.0,238.0,255.0,2.0,200.0,1.0,1.0,0.0,0.0,0.0,0.0
2025/11/24,15:45:27,0,83.0,215.0,240.0,253.0,4.0,199.0,1.0,1.0,0.0,0.0,0.0,0.0
2025/11/24,15:45:32,0,84.0,197.0,238.0,255.0,11.0,201.0,1.0,3.0,0.0,0.0,0.0,0.0
2025/11/24,15:45:37,0,83.0,198.0,241.0,253.0,0.0,199.0,0.0,0.0,0.0,0.0,0.0,0.0
2025/11/24,15:45:42,0,83.0,212.0,241.0,253.0,4.0,201.0,3.0,1.0,0.0,0.0,0.0,0.0
2025/11/24,15:45:47,0,84.0,197.0,238.0,255.0,11.0,200.0,2.0,3.0,0.0,0.0,0.0,0.0
2025/11/24,15:45:52,0,83.0,202.0,241.0,255.0,2.0,200.0,2.0,1.0,0.0,0.0,0.0,0.0
2025/11/24,15:45:57,0,83.0,190.0,239.0,255.0,14.0,201.0,4.0,3.0,0.0,0.0,0.0,0.0
2025/11/24,15:46:02,0,83.0,196.0,239.0,255.0,4.0,202.0,2.0,2.0,0.0,0.0,0.0,0.0
2025/11/24,15:46:07,0,81.0,218.0,240.0,254.0,3.0,200.0,2.0,2.0,0.0,0.0,0.0,0.0
2025/11/24,15:46:12,0,83.0,186.0,238.0,255.0,12.0,201.0,3.0,3.0,0.0,0.0,0.0,0.0
2025/11/24,15:46:17,0,84.0,195.0,238.0,255.0,4.0,200.0,2.0,2.0,0.0,0.0,0.0,0.0
2025/11/24,15:46:22,0,81.0,220.0,240.0,254.0,3.0,200.0,3.0,1.0,0.0,0.0,0.0,0.0
2025/11/24,15:46:27,0,84.0,190.0,238.0,255.0,10.0,201.0,3.0,3.0,0.0,0.0,0.0,0.0
2025/11/24,15:46:32,0,83.0,195.0,236.0,255.0,2.0,201.0,1.0,1.0,0.0,0.0,0.0,0.0
2025/11/24,15:46:37,0,83.0,221.0,241.0,255.0,1.0,200.0,2.0,1.0,0.0,0.0,0.0,0.0
2025/11/24,15:46:42,0,85.0,187.0,239.0,256.0,12.0,201.0,3.0,3.0,0.0,0.0,0.0,0.0
2025/11/24,15:46:47,0,83.0,200.0,238.0,255.0,10.0,199.0,3.0,3.0,0.0,0.0,0.0,0.0
2025/11/24,15:46:52,0,83.0,197.0,240.0,255.0,0.0,201.0,1.0,1.0,0.0,0.0,0.0,0.0
2025/11/24,15:46:57,0,84.0,218.0,241.0,255.0,1.0,201.0,2.0,2.0,0.0,0.0,0.0,0.0
2025/11/24,15:47:02,0,83.0,194.0,239.0,253.0,19.0,200.0,4.0,3.0,0.0,0.0,0.0,0.0
2025/11/24,15:47:07,0,81.0,195.0,239.0,254.0,9.0,200.0,3.0,3.0,0.0,0.0,0.0,0.0
2025/11/24,15:47:12,0,82.0,208.0,241.0,255.0,1.0,200.0,2.0,1.0,0.0,0.0,0.0,0.0
2025/11/24,15:47:17,0,82.0,195.0,239.0,255.0,16.0,200.0,4.0,2.0,0.0,0.0,0.0,0.0
2025/11/24,15:47:22,0,86.0,192.0,237.0,255.0,10.0,201.0,2.0,2.0,0.0,0.0,0.0,0.0
2025/11/24,15:47:27,0,84.0,211.0,238.0,255.0,3.0,201.0,2.0,2.0,0.0,0.0,0.0,0.0
2025/11/24,15:47:32,0,82.0,197.0,240.0,255.0,12.0,201.0,4.0,3.0,0.0,0.0,0.0,0.0
2025/11/24,15:47:37,0,81.0,202.0,238.0,255.0,10.0,200.0,3.0,2.0,0.0,0.0,0.0,0.0
2025/11/24,15:47:57,0,84.0,197.0,239.0,255.0,9.0,200.0,4.0,2.0,0.0,0.0,0.0,0.0
2025/11/24,15:48:01,0,82.0,190.0,238.0,255.0,9.0,201.0,3.0,2.0,0.0,0.0,0.0,0.0
2025/11/24,15:48:06,0,86.0,197.0,239.0,255.0,0.0,201.0,0.0,1.0,0.0,0.0,0.0,0.0
2025/11/24,15:48:11,0,86.0,207.0,240.0,254.0,1.0,201.0,1.0,2.0,0.0,0.0,0.0,0.0
2025/11/24,15:48:16,0,85.0,218.0,241.0,253.0,3.0,200.0,2.0,1.0,0.0,0.0,0.0,0.0
2025/11/24,15:48:21,0,83.0,193.0,239.0,255.0,11.0,202.0,4.0,3.0,0.0,0.0,0.0,0.0
2025/11/24,15:48:26,0,86.0,198.0,238.0,255.0,10.0,200.0,3.0,2.0,0.0,0.0,0.0,0.0
2025/11/24,15:48:31,0,87.0,195.0,239.0,254.0,4.0,201.0,2.0,2.0,0.0,0.0,0.0,0.0
2025/11/24,15:48:36,0,86.0,203.0,240.0,255.0,0.0,201.0,2.0,2.0,0.0,0.0,0.0,0.0
2025/11/24,15:48:41,0,83.0,220.0,241.0,255.0,1.0,201.0,2.0,2.0,0.0,0.0,0.0,0.0
2025/11/24,15:48:46,0,88.0,193.0,238.0,255.0,12.0,200.0,3.0,4.0,0.0,0.0,0.0,0.0
2025/11/24,15:48:51,0,84.0,200.0,239.0,254.0,10.0,200.0,3.0,3.0,0.0,0.0,0.0,0.0
2025/11/24,15:48:56,0,86.0,199.0,238.0,255.0,0.0,201.0,0.0,1.0,0.0,0.0,0.0,0.0
2025/11/24,15:49:01,0,87.0,219.0,241.0,254.0,2.0,201.0,3.0,1.0,0.0,0.0,0.0,0.0
2025/11/24,15:49:06,0,84.0,191.0,237.0,256.0,15.0,200.0,3.0,4.0,0.0,0.0,0.0,0.0
2025/11/24,15:49:11,0,84.0,198.0,238.0,255.0,11.0,202.0,4.0,3.0,0.0,0.0,0.0,0.0
2025/11/24,15:49:16,0,86.0,199.0,239.0,255.0,0.0,201.0,1.0,1.0,0.0,0.0,0.0,0.0
2025/11/24,15:49:21,0,86.0,210.0,240.0,254.0,3.0,202.0,2.0,2.0,0.0,0.0,0.0,0.0
2025/11/24,15:49:26,0,81.0,211.0,240.0,254.0,5.0,201.0,2.0,1.0,0.0,0.0,0.0,0.0
2025/11/24,15:49:31,0,85.0,189.0,238.0,256.0,16.0,202.0,5.0,3.0,0.0,0.0,0.0,0.0
2025/11/24,15:49:36,0,85.0,199.0,238.0,254.0,9.0,199.0,3.0,3.0,0.0,0.0,0.0,0.0
2025/11/24,15:49:41,0,86.0,196.0,239.0,255.0,6.0,200.0,2.0,2.0,0.0,0.0,0.0,0.0
2025/11/24,15:49:46,0,88.0,197.0,240.0,254.0,0.0,202.0,1.0,0.0,0.0,0.0,0.0,0.0
2025/11/24,15:49:51,0,85.0,216.0,240.0,255.0,2.0,202.0,2.0,1.0,0.0,0.0,0.0,0.0
2025/11/24,15:49:56,0,87.0,210.0,240.0,255.0,0.0,201.0,3.0,2.0,0.0,0.0,0.0,0.0
2025/11/24,15:50:01,0,87.0,187.0,237.0,255.0,15.0,201.0,3.0,4.0,0.0,0.0,0.0,0.0
2025/11/24,15:50:06,0,87.0,198.0,238.0,255.0,9.0,200.0,2.0,3.0,0.0,0.0,0.0,0.0
2025/11/24,15:50:11,0,87.0,193.0,238.0,255.0,7.0,200.0,3.0,2.0,0.0,0.0,0.0,0.0
2025/11/24,15:50:16,0,87.0,199.0,240.0,255.0,0.0,201.0,1.0,0.0,0.0,0.0,0.0,0.0
2025/11/24,15:50:21,0,87.0,217.0,241.0,253.0,3.0,200.0,2.0,2.0,0.0,0.0,0.0,0.0
2025/11/24,15:50:26,0,86.0,204.0,239.0,255.0,11.0,201.0,4.0,3.0,0.0,0.0,0.0,0.0
2025/11/24,15:50:31,0,87.0,195.0,238.0,254.0,10.0,201.0,2.0,3.0,0.0,0.0,0.0,0.0
2025/11/24,15:50:36,0,87.0,193.0,238.0,255.0,8.0,200.0,3.0,2.0,0.0,0.0,0.0,0.0
2025/11/24,15:50:41,0,84.0,197.0,240.0,255.0,0.0,200.0,1.0,1.0,0.0,0.0,0.0,0.0
2025/11/24,15:50:46,0,87.0,200.0,241.0,253.0,0.0,202.0,0.0,0.0,0.0,0.0,0.0,0.0
2025/11/24,15:50:51,0,86.0,208.0,241.0,254.0,1.0,200.0,2.0,1.0,0.0,0.0,0.0,0.0
2025/11/24,15:50:56,0,88.0,220.0,239.0,254.0,3.0,200.0,3.0,2.0,0.0,0.0,0.0,0.0
2025/11/24,15:51:01,0,81.0,209.0,240.0,254.0,3.0,201.0,2.0,2.0,0.0,0.0,0.0,0.0
2025/11/24,15:51:06,0,85.0,197.0,238.0,255.0,14.0,200.0,4.0,3.0,0.0,0.0,0.0,0.0
2025/11/24,15:51:11,0,87.0,190.0,237.0,255.0,12.0,201.0,3.0,3.0,0.0,0.0,0.0,0.0
2025/11/24,15:51:16,0,85.0,194.0,238.0,255.0,10.0,200.0,3.0,2.0,0.0,0.0,0.0,0.0
2025/11/24,15:51:21,0,85.0,199.0,238.0,255.0,10.0,200.0,3.0,2.0,0.0,0.0,0.0,0.0
2025/11/24,15:51:26,0,86.0,193.0,238.0,255.0,9.0,200.0,3.0,3.0,0.0,0.0,0.0,0.0
2025/11/24,15:51:31,0,88.0,195.0,239.0,255.0,1.0,202.0,1.0,1.0,0.0,0.0,0.0,0.0
2025/11/24,15:51:36,0,86.0,204.0,241.0,255.0,3.0,202.0,2.0,2.0,0.0,0.0,0.0,0.0
2025/11/24,15:51:41,0,90.0,218.0,240.0,255.0,1.0,202.0,2.0,1.0,0.0,0.0,0.0,0.0
2025/11/24,15:51:46,0,89.0,205.0,239.0,255.0,7.0,202.0,3.0,2.0,0.0,0.0,0.0,0.0
2025/11/24,15:51:51,0,86.0,189.0,237.0,254.0,12.0,200.0,3.0,3.0,0.0,0.0,0.0,0.0
2025/11/24,15:51:56,0,88.0,200.0,237.0,255.0,9.0,200.0,2.0,3.0,0.0,0.0,0.0,0.0
2025/11/24,15:52:01,0,88.0,195.0,239.0,255.0,7.0,201.0,1.0,2.0,0.0,0.0,0.0,0.0
2025/11/24,15:52:06,0,85.0,203.0,240.0,253.0,0.0,201.0,1.0,1.0,0.0,0.0,0.0,0.0
2025/11/24,15:52:11,0,85.0,218.0,240.0,255.0,3.0,201.0,1.0,1.0,0.0,0.0,0.0,0.0
2025/11/24,15:52:16,0,86.0,195.0,239.0,254.0,13.0,201.0,3.0,3.0,-0.0008,0.0,0.0,0.0
2025/11/24,15:52:21,0,86.0,192.0,237.0,255.0,12.0,201.0,2.0,3.0,0.0,0.0,0.0,0.0
2025/11/24,15:52:26,0,88.0,191.0,238.0,255.0,9.0,201.0,3.0,2.0,0.0,0.0,0.0,0.0
2025/11/24,15:52:31,0,87.0,199.0,239.0,255.0,0.0,201.0,1.0,1.0,0.0,0.0,0.0,0.0
2025/11/24,15:52:36,0,86.0,215.0,240.0,255.0,2.0,201.0,2.0,2.0,0.0,0.0,0.0,0.0
2025/11/24,15:52:41,0,87.0,209.0,240.0,255.0,4.0,201.0,2.0,2.0,0.0,0.0,0.0,0.0
2025/11/24,15:52:46,0,86.0,199.0,236.0,255.0,12.0,201.0,3.0,3.0,0.0,0.0,0.0,0.0
2025/11/24,15:52:51,0,87.0,189.0,238.0,254.0,13.0,201.0,3.0,3.0,-0.0008,0.0,0.0,0.0
2025/11/24,15:52:56,0,84.0,200.0,237.0,254.0,11.0,201.0,3.0,3.0,0.0,0.0,0.0,0.0
2025/11/24,15:53:01,0,87.0,198.0,239.0,255.0,0.0,200.0,0.0,0.0,0.0,0.0,0.0,0.0
2025/11/24,15:53:06,0,87.0,211.0,239.0,254.0,2.0,201.0,3.0,2.0,0.0,0.0,0.0,0.0
2025/11/24,15:53:11,0,86.0,212.0,241.0,254.0,3.0,199.0,2.0,1.0,0.0,0.0,0.0,0.0
2025/11/24,15:53:16,0,86.0,200.0,238.0,254.0,11.0,200.0,3.0,3.0,0.0,0.0,0.0,0.0
2025/11/24,15:53:21,0,85.0,192.0,238.0,256.0,12.0,200.0,3.0,2.0,0.0,0.0,0.0,0.0
2025/11/24,15:53:26,0,90.0,197.0,237.0,255.0,14.0,199.0,4.0,3.0,0.0,0.0,0.0,0.0
2025/11/24,15:53:31,0,84.0,197.0,240.0,255.0,0.0,200.0,1.0,0.0,0.0,0.0,0.0,0.0
2025/11/24,15:53:36,0,88.0,210.0,241.0,254.0,2.0,200.0,2.0,2.0,0.0,0.0,0.0,0.0
2025/11/24,15:53:41,0,91.0,210.0,240.0,255.0,4.0,201.0,2.0,1.0,0.0,0.0,0.0,0.0
2025/11/24,15:53:46,0,85.0,187.0,236.0,255.0,15.0,202.0,4.0,3.0,0.0,0.0,0.0,0.0
2025/11/24,15:53:51,0,86.0,200.0,237.0,254.0,11.0,201.0,2.0,2.0,0.0,0.0,0.0,0.0
2025/11/24,15:53:56,0,88.0,195.0,239.0,255.0,5.0,200.0,2.0,1.0,0.0,0.0,0.0,0.0
2025/11/24,15:54:01,0,87.0,202.0,240.0,255.0,2.0,200.0,2.0,1.0,0.0,0.0,0.0,0.0
2025/11/24,15:54:06,0,85.0,217.0,241.0,255.0,2.0,201.0,2.0,1.0,0.0,0.0,0.0,0.0
2025/11/24,15:54:11,0,86.0,201.0,238.0,255.0,11.0,201.0,4.0,3.0,0.0,0.0,0.0,0.0
2025/11/24,15:54:16,0,87.0,190.0,238.0,255.0,13.0,201.0,3.0,3.0,0.0,0.0,0.0,0.0
2025/11/24,15:54:21,0,92.0,202.0,237.0,255.0,11.0,199.0,3.0,3.0,0.0,0.0,0.0,0.0
2025/11/24,15:54:26,0,87.0,198.0,239.0,255.0,0.0,201.0,0.0,1.0,0.0,0.0,0.0,0.0
2025/11/24,15:54:31,0,88.0,211.0,240.0,254.0,3.0,200.0,2.0,1.0,0.0,0.0,0.0,0.0
2025/11/24,15:54:36,0,84.0,210.0,240.0,255.0,5.0,201.0,2.0,2.0,0.0,0.0,0.0,0.0
2025/11/24,15:54:41,0,88.0,190.0,238.0,254.0,12.0,200.0,3.0,3.0,0.0,0.0,0.0,0.0
2025/11/24,15:54:46,0,90.0,199.0,237.0,255.0,11.0,200.0,3.0,3.0,0.0,0.0,0.0,0.0
2025/11/24,15:54:51,0,88.0,197.0,240.0,256.0,1.0,200.0,1.0,1.0,0.0,0.0,0.0,0.0
2025/11/24,15:54:56,0,88.0,206.0,240.0,255.0,1.0,200.0,2.0,1.0,0.0,0.0,0.0,0.0
2025/11/24,15:55:01,0,89.0,222.0,240.0,255.0,3.0,200.0,3.0,1.0,0.0,0.0,0.0,0.0
2025/11/24,15:55:06,0,88.0,199.0,238.0,255.0,12.0,202.0,3.0,3.0,0.0,0.0,0.0,0.0
2025/11/24,15:55:11,0,88.0,197.0,237.0,255.0,11.0,200.0,3.0,3.0,0.0,0.0,0.0,0.0
2025/11/24,15:55:16,0,89.0,194.0,238.0,254.0,8.0,199.0,2.0,2.0,0.0,0.0,0.0,0.0
2025/11/24,15:55:21,0,88.0,202.0,240.0,255.0,0.0,201.0,2.0,1.0,0.0,0.0,0.0,0.0
2025/11/24,15:55:26,0,89.0,216.0,240.0,255.0,3.0,201.0,2.0,2.0,0.0,0.0,0.0,0.0
2025/11/24,15:55:31,0,88.0,212.0,240.0,259.0,3.0,199.0,2.0,2.0,0.0,0.0,0.0,0.0
2025/11/24,15:55:36,0,86.0,194.0,238.0,255.0,16.0,202.0,4.0,3.0,0.0,0.0,0.0,0.0
2025/11/24,15:55:41,0,87.0,197.0,236.0,255.0,9.0,201.0,2.0,3.0,0.0,0.0,0.0,0.0
2025/11/24,15:55:46,0,86.0,195.0,239.0,253.0,7.0,200.0,2.0,3.0,0.0,0.0,0.0,0.0
2025/11/24,15:55:51,0,88.0,199.0,241.0,253.0,0.0,200.0,0.0,1.0,0.0,0.0,0.0,0.0
2025/11/24,15:55:56,0,87.0,217.0,239.0,254.0,3.0,202.0,3.0,1.0,0.0,0.0,0.0,0.0
2025/11/24,15:56:01,0,88.0,203.0,240.0,255.0,9.0,200.0,3.0,4.0,0.0,0.0,0.0,0.0
2025/11/24,15:56:06,0,87.0,192.0,237.0,255.0,13.0,200.0,3.0,3.0,0.0,0.0,0.0,0.0
2025/11/24,15:56:11,0,87.0,197.0,238.0,255.0,9.0,202.0,3.0,3.0,0.0,0.0,0.0,0.0
2025/11/24,15:56:16,0,88.0,196.0,238.0,253.0,9.0,200.0,3.0,3.0,0.0,0.0,0.0,0.0
2025/11/24,15:56:21,0,87.0,198.0,239.0,255.0,2.0,199.0,2.0,1.0,0.0,0.0,0.0,0.0
2025/11/24,15:56:26,0,86.0,206.0,240.0,255.0,0.0,200.0,2.0,2.0,0.0,0.0,0.0,0.0
2025/11/24,15:56:31,0,86.0,215.0,240.0,255.0,2.0,202.0,3.0,2.0,0.0,0.0,0.0,0.0
2025/11/24,15:56:36,0,87.0,219.0,241.0,255.0,2.0,200.0,2.0,2.0,0.0,0.0,0.0,0.0
2025/11/24,15:56:41,0,85.0,204.0,239.0,255.0,9.0,200.0,3.0,3.0,0.0,0.0,0.0,0.0
2025/11/24,15:56:46,0,86.0,193.0,236.0,255.0,11.0,202.0,3.0,3.0,0.0,0.0,0.0,0.0
2025/11/24,15:56:51,0,88.0,194.0,238.0,253.0,8.0,200.0,3.0,2.0,0.0,0.0,0.0,0.0
2025/11/24,15:56:56,0,84.0,198.0,239.0,254.0,0.0,200.0,1.0,1.0,0.0,0.0,0.0,0.0
2025/11/24,15:57:01,0,86.0,201.0,240.0,255.0,0.0,200.0,1.0,1.0,0.0,0.0,0.0,0.0
2025/11/24,15:57:06,0,86.0,210.0,240.0,255.0,2.0,200.0,2.0,1.0,0.0,0.0,0.0,0.0
2025/11/24,15:57:11,0,86.0,209.0,240.0,254.0,2.0,202.0,2.0,2.0,0.0,0.0,0.0,0.0
2025/11/24,15:57:16,0,86.0,190.0,236.0,255.0,12.0,201.0,3.0,3.0,0.0,0.0,0.0,0.0
2025/11/24,15:57:21,0,85.0,197.0,237.0,255.0,10.0,201.0,2.0,3.0,0.0,0.0,0.0,0.0
2025/11/24,15:57:26,0,84.0,200.0,236.0,255.0,11.0,200.0,2.0,3.0,0.0,0.0,0.0,0.0
2025/11/24,15:57:31,0,88.0,198.0,237.0,255.0,11.0,200.0,2.0,3.0,0.0,0.0,0.0,0.0
2025/11/24,15:57:36,0,87.0,199.0,237.0,255.0,12.0,201.0,3.0,3.0,0.0,0.0,0.0,0.0
2025/11/24,15:57:41,0,86.0,192.0,236.0,255.0,8.0,202.0,3.0,3.0,0.0,0.0,0.0,0.0
2025/11/24,15:57:55,0,82.0,214.0,239.0,255.0,3.0,201.0,1.0,1.0,0.0,0.0,0.0,0.0
2025/11/24,15:57:59,0,88.0,205.0,239.0,255.0,8.0,202.0,3.0,2.0,0.0,0.0,0.0,0.0
2025/11/24,15:58:04,0,86.0,187.0,235.0,255.0,15.0,201.0,3.0,3.0,0.0,0.0,0.0,0.0
2025/11/24,15:58:09,0,85.0,193.0,238.0,255.0,10.0,200.0,3.0,2.0,0.0,0.0,0.0,0.0
2025/11/24,15:58:14,0,85.0,198.0,237.0,255.0,12.0,201.0,2.0,3.0,0.0,0.0,0.0,0.0
2025/11/24,15:58:19,0,86.0,195.0,236.0,255.0,10.0,200.0,2.0,3.0,0.0,0.0,0.0,0.0
2025/11/24,15:58:24,0,86.0,195.0,237.0,255.0,10.0,201.0,2.0,3.0,0.0,0.0,0.0,0.0
2025/11/24,15:58:29,0,86.0,195.0,237.0,255.0,10.0,201.0,2.0,3.0,0.0,0.0,0.0,0.0
2025/11/24,15:58:34,0,87.0,197.0,237.0,256.0,10.0,201.0,2.0,2.0,0.0,0.0,0.0,0.0
2025/11/24,15:58:39,0,87.0,200.0,235.0,255.0,11.0,202.0,3.0,2.0,0.0,0.0,0.0,0.0
2025/11/24,15:58:44,0,90.0,201.0,235.0,255.0,10.0,202.0,3.0,3.0,0.0,0.0,0.0,0.0
2025/11/24,15:58:49,0,87.0,193.0,235.0,255.0,9.0,202.0,3.0,2.0,0.0,0.0,0.0,0.0
2025/11/24,15:58:54,0,86.0,195.0,234.0,255.0,8.0,201.0,2.0,3.0,0.0,0.0,0.0,0.0
2025/11/24,15:58:59,0,87.0,191.0,237.0,255.0,8.0,202.0,3.0,3.0,0.0,0.0,0.0,0.0
2025/11/24,15:59:04,0,86.0,194.0,237.0,255.0,8.0,200.0,3.0,3.0,0.0,0.0,0.0,0.0
2025/11/24,15:59:09,0,88.0,194.0,233.0,256.0,8.0,201.0,2.0,3.0,0.0,0.0,0.0,0.0
2025/11/24,15:59:14,0,85.0,198.0,238.0,253.0,0.0,201.0,1.0,1.0,0.0,0.0,0.0,0.0
2025/11/24,15:59:19,0,85.0,205.0,238.0,255.0,1.0,201.0,1.0,1.0,0.0,0.0,0.0,0.0
2025/11/24,15:59:24,0,86.0,215.0,239.0,254.0,2.0,201.0,2.0,2.0,0.0,0.0,0.0,0.0
2025/11/24,15:59:29,0,86.0,218.0,239.0,254.0,1.0,200.0,2.0,1.0,0.0,0.0,0.0,0.0
2025/11/24,15:59:34,0,84.0,205.0,239.0,255.0,7.0,202.0,3.0,3.0,0.0,0.0,0.0,0.0
2025/11/24,15:59:39,0,86.0,187.0,235.0,255.0,13.0,201.0,3.0,3.0,0.0,0.0,0.0,0.0
2025/11/24,15:59:44,0,86.0,196.0,237.0,255.0,10.0,201.0,2.0,2.0,0.0,0.0,0.0,0.0
2025/11/24,15:59:49,0,87.0,201.0,237.0,255.0,9.0,200.0,3.0,2.0,0.0,0.0,0.0,0.0
2025/11/24,15:59:54,0,86.0,196.0,236.0,255.0,6.0,200.0,2.0,2.0,0.0,0.0,0.0,0.0
2025/11/24,15:59:59,0,86.0,201.0,239.0,255.0,0.0,201.0,1.0,0.0,0.0,0.0,0.0,0.0
2025/11/24,16:00:27,0,87.0,205.0,239.0,256.0,5.0,200.0,4.0,2.0,0.0,0.0,0.0,0.0
2025/11/24,16:00:29,0,88.0,195.0,238.0,255.0,6.0,200.0,2.0,2.0,0.0,0.0,0.0,0.0
2025/11/24,16:00:34,0,87.0,202.0,240.0,253.0,0.0,201.0,2.0,1.0,0.0,0.0,0.0,0.0
2025/11/24,16:00:39,0,85.0,191.0,236.0,255.0,13.0,201.0,4.0,3.0,0.0,0.0,0.0,0.0
2025/11/24,16:00:44,0,86.0,213.0,240.0,255.0,2.0,200.0,2.0,2.0,0.0,0.0,0.0,0.0
2025/11/24,16:00:49,0,85.0,207.0,239.0,254.0,5.0,201.0,3.0,2.0,0.0,0.0,0.0,0.0
2025/11/24,16:00:54,0,89.0,193.0,238.0,253.0,14.0,200.0,4.0,3.0,0.0,0.0,0.0,0.0
2025/11/24,16:00:59,0,88.0,192.0,237.0,255.0,11.0,201.0,3.0,2.0,0.0,0.0,0.0,0.0
2025/11/24,16:01:04,0,85.0,200.0,237.0,253.0,9.0,201.0,3.0,3.0,0.0,0.0,0.0,0.0
2025/11/24,16:01:09,0,86.0,195.0,237.0,254.0,7.0,201.0,2.0,2.0,0.0,0.0,0.0,0.0
2025/11/24,16:01:14,0,88.0,197.0,237.0,255.0,0.0,202.0,1.0,0.0,0.0,0.0,0.0,0.0
2025/11/24,16:01:19,0,86.0,202.0,240.0,255.0,0.0,200.0,1.0,1.0,0.0,0.0,0.0,0.0
2025/11/24,16:01:24,0,87.0,210.0,239.0,255.0,2.0,201.0,2.0,2.0,0.0,0.0,0.0,0.0
2025/11/24,16:01:29,0,91.0,220.0,240.0,255.0,3.0,202.0,3.0,2.0,0.0,0.0,0.0,0.0
2025/11/24,16:01:34,0,84.0,208.0,236.0,255.0,6.0,202.0,3.0,2.0,0.0,0.0,0.0,0.0
2025/11/24,16:01:39,0,87.0,196.0,238.0,255.0,14.0,201.0,3.0,3.0,0.0,0.0,0.0,0.0
2025/11/24,16:01:44,0,85.0,191.0,235.0,255.0,13.0,202.0,3.0,3.0,0.0,0.0,0.0,0.0
2025/11/24,16:01:49,0,85.0,197.0,237.0,255.0,11.0,200.0,2.0,3.0,0.0,0.0,0.0,0.0
2025/11/24,16:01:54,0,88.0,204.0,237.0,255.0,10.0,201.0,3.0,3.0,0.0,0.0,0.0,0.0
2025/11/24,16:01:59,0,86.0,193.0,238.0,251.0,8.0,201.0,3.0,3.0,0.0,0.0,0.0,0.0
2025/11/24,16:02:04,0,87.0,196.0,238.0,255.0,3.0,201.0,1.0,2.0,0.0,0.0,0.0,0.0
2025/11/24,16:02:09,0,86.0,198.0,239.0,255.0,0.0,202.0,1.0,0.0,0.0,0.0,0.0,0.0
2025/11/24,16:02:14,0,85.0,212.0,240.0,255.0,2.0,200.0,2.0,1.0,0.0,0.0,0.0,0.0
2025/11/24,16:02:19,0,83.0,215.0,239.0,253.0,1.0,202.0,3.0,1.0,0.0,0.0,0.0,0.0
2025/11/24,16:02:24,0,87.0,201.0,239.0,255.0,12.0,201.0,3.0,3.0,0.0,0.0,0.0,0.0
2025/11/24,16:02:29,0,87.0,191.0,237.0,255.0,11.0,201.0,3.0,3.0,0.0,0.0,0.0,0.0
2025/11/24,16:02:34,0,86.0,194.0,238.0,255.0,7.0,200.0,2.0,2.0,0.0,0.0,0.0,0.0
2025/11/24,16:02:39,0,86.0,204.0,240.0,255.0,1.0,202.0,3.0,1.0,0.0,0.0,0.0,0.0
2025/11/24,16:02:44,0,84.0,220.0,240.0,256.0,2.0,199.0,3.0,1.0,0.0,0.0,0.0,0.0
2025/11/24,16:02:49,0,89.0,208.0,238.0,255.0,6.0,201.0,2.0,2.0,0.0,0.0,0.0,0.0
2025/11/24,16:02:54,0,85.0,193.0,237.0,254.0,14.0,200.0,4.0,3.0,0.0,0.0,0.0,0.0
2025/11/24,16:02:59,0,84.0,199.0,237.0,255.0,11.0,200.0,2.0,3.0,0.0,0.0,0.0,0.0
2025/11/24,16:03:04,0,81.0,196.0,239.0,255.0,4.0,200.0,2.0,2.0,0.0,0.0,0.0,0.0
2025/11/24,16:03:09,0,84.0,208.0,241.0,255.0,0.0,200.0,2.0,1.0,0.0,0.0,0.0,0.0
2025/11/24,16:03:14,0,86.0,210.0,237.0,255.0,4.0,201.0,2.0,2.0,0.0,0.0,0.0,0.0
2025/11/24,16:03:19,0,85.0,188.0,237.0,255.0,12.0,201.0,3.0,3.0,0.0,0.0,0.0,0.0
2025/11/24,16:03:24,0,86.0,202.0,238.0,254.0,11.0,200.0,3.0,3.0,0.0,0.0,0.0,0.0
2025/11/24,16:03:29,0,88.0,196.0,238.0,255.0,4.0,202.0,2.0,2.0,0.0,0.0,0.0,0.0
2025/11/24,16:03:34,0,86.0,206.0,240.0,254.0,1.0,200.0,2.0,1.0,0.0,0.0,0.0,0.0
2025/11/24,16:03:39,0,85.0,213.0,239.0,254.0,1.0,201.0,2.0,1.0,0.0,0.0,0.0,0.0
2025/11/24,16:03:44,0,89.0,189.0,236.0,256.0,15.0,201.0,3.0,3.0,0.0,0.0,0.0,0.0
2025/11/24,16:03:49,0,85.0,200.0,237.0,255.0,10.0,201.0,2.0,3.0,0.0,0.0,0.0,0.0
2025/11/24,16:03:54,0,88.0,196.0,238.0,255.0,4.0,201.0,1.0,2.0,0.0,0.0,0.0,0.0
2025/11/24,16:03:59,0,87.0,208.0,240.0,253.0,1.0,200.0,1.0,1.0,0.0,0.0,0.0,0.0
2025/11/24,16:04:04,0,86.0,203.0,240.0,256.0,12.0,201.0,3.0,2.0,0.0,0.0,0.0,0.0
2025/11/24,16:04:09,0,86.0,201.0,237.0,255.0,10.0,199.0,3.0,3.0,0.0,0.0,0.0,0.0
2025/11/24,16:04:14,0,86.0,199.0,239.0,255.0,0.0,201.0,0.0,0.0,0.0,0.0,0.0,0.0
2025/11/24,16:04:19,0,87.0,220.0,240.0,253.0,2.0,200.0,2.0,2.0,0.0,0.0,0.0,0.0
2025/11/24,16:04:24,0,85.0,189.0,237.0,255.0,16.0,199.0,4.0,3.0,0.0,0.0,0.0,0.0
2025/11/24,16:04:29,0,85.0,194.0,238.0,255.0,8.0,202.0,3.0,3.0,0.0,0.0,0.0,0.0
2025/11/24,16:04:34,0,85.0,206.0,240.0,253.0,1.0,200.0,2.0,2.0,-0.0008,0.0,0.0,0.0
2025/11/24,16:04:39,0,83.0,195.0,238.0,255.0,12.0,201.0,4.0,3.0,0.0,0.0,0.0,0.0
2025/11/24,16:04:44,0,85.0,195.0,237.0,255.0,6.0,199.0,2.0,2.0,0.0,0.0,0.0,0.0
2025/11/24,16:04:49,0,84.0,210.0,240.0,255.0,4.0,202.0,3.0,2.0,0.0,0.0,0.0,0.0
2025/11/24,16:04:54,0,86.0,201.0,237.0,255.0,14.0,200.0,3.0,3.0,0.0,0.0,0.0,0.0
2025/11/24,16:04:59,0,86.0,204.0,240.0,254.0,1.0,199.0,2.0,2.0,0.0,0.0,0.0,0.0
2025/11/24,16:05:04,0,82.0,196.0,238.0,254.0,12.0,200.0,4.0,3.0,0.0,0.0,0.0,0.0
2025/11/24,16:05:09,0,87.0,195.0,239.0,255.0,6.0,202.0,1.0,1.0,0.0,0.0,0.0,0.0
2025/11/24,16:05:14,0,86.0,204.0,239.0,254.0,9.0,202.0,4.0,2.0,0.0,0.0,0.0,0.0
2025/11/24,16:05:19,0,87.0,196.0,239.0,255.0,0.0,201.0,0.0,1.0,0.0,0.0,0.0,0.0
2025/11/24,16:05:24,0,86.0,190.0,238.0,254.0,13.0,200.0,4.0,3.0,0.0,0.0,0.0,0.0
2025/11/24,16:05:29,0,85.0,206.0,240.0,255.0,1.0,201.0,2.0,1.0,0.0,0.0,0.0,0.0
2025/11/24,16:05:34,0,85.0,197.0,237.0,255.0,9.0,201.0,3.0,3.0,0.0,0.0,0.0,0.0
2025/11/24,16:05:39,0,85.0,216.0,240.0,254.0,5.0,200.0,2.0,2.0,0.0,0.0,0.0,0.0
2025/11/24,16:05:44,0,83.0,199.0,239.0,254.0,1.0,201.0,1.0,1.0,0.0,0.0,0.0,0.0
2025/11/24,16:05:49,0,86.0,194.0,237.0,255.0,12.0,201.0,2.0,2.0,0.0,0.0,0.0,0.0
2025/11/24,16:05:54,0,86.0,209.0,240.0,254.0,4.0,202.0,4.0,2.0,0.0,0.0,0.0,0.0
2025/11/24,16:05:59,0,85.0,204.0,240.0,255.0,0.0,200.0,2.0,2.0,0.0,0.0,0.0,0.0
2025/11/24,16:06:04,0,82.0,196.0,238.0,254.0,9.0,198.0,3.0,3.0,0.0,0.0,0.0,0.0
2025/11/24,16:06:09,0,85.0,191.0,239.0,255.0,13.0,201.0,3.0,4.0,0.0,0.0,0.0,0.0
2025/11/24,16:06:14,0,85.0,217.0,240.0,254.0,2.0,200.0,2.0,2.0,0.0,0.0,0.0,0.0
2025/11/24,16:06:19,0,87.0,196.0,240.0,255.0,3.0,201.0,1.0,2.0,0.0,0.0,0.0,-0.0008
2025/11/24,16:06:24,0,85.0,192.0,238.0,255.0,11.0,201.0,2.0,3.0,0.0,0.0,0.0,0.0
2025/11/24,16:06:29,0,85.0,211.0,240.0,255.0,2.0,200.0,2.0,1.0,0.0,0.0,0.0,0.0
2025/11/24,16:06:34,0,82.0,198.0,237.0,255.0,3.0,201.0,1.0,1.0,0.0,0.0,0.0,0.0
2025/11/24,16:06:39,0,83.0,195.0,238.0,255.0,15.0,200.0,3.0,4.0,0.0,0.0,0.0,0.0
2025/11/24,16:06:44,0,85.0,200.0,240.0,255.0,0.0,200.0,1.0,1.0,0.0,0.0,0.0,0.0
2025/11/24,16:06:49,0,83.0,186.0,238.0,255.0,12.0,202.0,4.0,3.0,0.0,0.0,0.0,0.0
2025/11/24,16:06:54,0,86.0,200.0,240.0,254.0,0.0,202.0,2.0,1.0,0.0,0.0,0.0,0.0
2025/11/24,16:06:59,0,86.0,193.0,238.0,254.0,11.0,201.0,3.0,3.0,0.0,0.0,0.0,0.0
2025/11/24,16:07:04,0,86.0,218.0,240.0,255.0,4.0,202.0,3.0,2.0,0.0,0.0,0.0,0.0
2025/11/24,16:07:09,0,86.0,195.0,238.0,254.0,4.0,199.0,2.0,2.0,0.0,0.0,0.0,0.0
2025/11/24,16:07:14,0,85.0,196.0,235.0,255.0,11.0,202.0,3.0,3.0,0.0,0.0,0.0,0.0
2025/11/24,16:07:19,0,87.0,194.0,238.0,254.0,15.0,201.0,4.0,3.0,0.0,0.0,0.0,0.0
2025/11/24,16:07:24,0,85.0,219.0,241.0,256.0,0.0,199.0,4.0,1.0,0.0,0.0,0.0,0.0
2025/11/24,16:07:29,0,85.0,201.0,240.0,255.0,1.0,202.0,2.0,1.0,0.0,0.0,0.0,0.0
2025/11/24,16:07:34,0,83.0,200.0,238.0,255.0,9.0,201.0,3.0,3.0,0.0,0.0,0.0,0.0
2025/11/24,16:07:39,0,85.0,200.0,240.0,255.0,13.0,201.0,3.0,3.0,0.0,0.0,0.0,0.0
2025/11/24,16:07:44,0,84.0,208.0,241.0,254.0,2.0,201.0,1.0,1.0,0.0,0.0,0.0,0.0
2025/11/24,16:07:49,0,84.0,195.0,238.0,255.0,9.0,200.0,2.0,2.0,0.0,0.0,0.0,0.0
2025/11/24,16:07:54,0,83.0,189.0,238.0,255.0,14.0,202.0,4.0,4.0,0.0,0.0,0.0,0.0
2025/11/24,16:08:35,0,84.0,204.0,241.0,254.0,4.0,200.0,1.0,2.0,0.0,0.0,0.0,0.0
2025/11/24,16:08:39,0,84.0,215.0,241.0,254.0,4.0,200.0,2.0,1.0,0.0,0.0,0.0,0.0
2025/11/24,16:08:44,0,83.0,196.0,238.0,255.0,7.0,202.0,2.0,2.0,0.0,0.0,0.0,0.0
2025/11/24,16:08:49,0,84.0,195.0,237.0,255.0,14.0,200.0,4.0,3.0,0.0,0.0,0.0,0.0
2025/11/24,16:08:54,0,84.0,205.0,241.0,254.0,1.0,201.0,2.0,1.0,0.0,0.0,0.0,0.0
2025/11/24,16:08:59,0,88.0,201.0,237.0,254.0,11.0,201.0,3.0,2.0,0.0,0.0,0.0,0.0
2025/11/24,16:09:04,0,88.0,196.0,239.0,255.0,11.0,201.0,3.0,4.0,0.0,0.0,0.0,0.0
2025/11/24,16:09:09,0,83.0,219.0,239.0,255.0,4.0,201.0,2.0,2.0,0.0,0.0,0.0,0.0
2025/11/24,16:09:14,0,83.0,201.0,241.0,253.0,0.0,201.0,1.0,1.0,0.0,0.0,0.0,0.0
2025/11/24,16:09:19,0,81.0,194.0,238.0,254.0,8.0,201.0,2.0,2.0,0.0,0.0,0.0,0.0
2025/11/24,16:09:24,0,82.0,199.0,238.0,255.0,10.0,200.0,3.0,2.0,0.0,0.0,0.0,0.0
2025/11/24,16:09:29,0,83.0,192.0,237.0,255.0,12.0,201.0,3.0,3.0,0.0,0.0,0.0,0.0
2025/11/24,16:09:34,0,82.0,192.0,238.0,255.0,15.0,202.0,4.0,4.0,0.0,0.0,0.0,0.0
2025/11/24,16:09:39,0,81.0,204.0,240.0,255.0,9.0,201.0,3.0,3.0,0.0,0.0,0.0,0.0
2025/11/24,16:09:44,0,85.0,213.0,238.0,255.0,3.0,200.0,2.0,2.0,0.0,0.0,0.0,0.0
2025/11/24,16:09:49,0,85.0,223.0,240.0,255.0,2.0,201.0,2.0,2.0,0.0,0.0,0.0,0.0
2025/11/24,16:09:54,0,84.0,215.0,241.0,253.0,3.0,201.0,3.0,2.0,0.0,0.0,0.0,0.0
2025/11/24,16:09:59,0,83.0,204.0,239.0,255.0,1.0,201.0,2.0,1.0,0.0,0.0,0.0,0.0
2025/11/24,16:10:04,0,85.0,198.0,239.0,255.0,0.0,202.0,1.0,1.0,0.0,0.0,0.0,0.0
2025/11/24,16:10:09,0,85.0,194.0,239.0,254.0,6.0,199.0,2.0,2.0,0.0,0.0,0.0,0.0
2025/11/24,16:10:14,0,85.0,199.0,238.0,255.0,9.0,201.0,2.0,3.0,0.0,0.0,0.0,-0.0008
2025/11/24,16:10:19,0,81.0,194.0,239.0,255.0,15.0,201.0,4.0,3.0,0.0,0.0,0.0,0.0
2025/11/24,16:10:24,0,85.0,220.0,240.0,255.0,4.0,202.0,3.0,2.0,0.0,0.0,0.0,0.0
2025/11/24,16:10:29,0,86.0,197.0,239.0,254.0,0.0,201.0,0.0,1.0,0.0,0.0,0.0,0.0
2025/11/24,16:10:34,0,86.0,194.0,235.0,255.0,11.0,201.0,3.0,3.0,0.0,0.0,0.0,0.0
2025/11/24,16:10:39,0,86.0,214.0,239.0,255.0,5.0,201.0,2.0,1.0,0.0,0.0,0.0,0.0
2025/11/24,16:10:44,0,89.0,198.0,239.0,255.0,0.0,201.0,0.0,0.0,0.0,0.0,0.0,0.0
2025/11/24,16:10:49,0,86.0,192.0,238.0,254.0,12.0,201.0,3.0,3.0,-0.0008,0.0,0.0,0.0
2025/11/24,16:10:54,0,88.0,214.0,240.0,255.0,2.0,200.0,3.0,2.0,0.0,0.0,0.0,0.0
2025/11/24,16:10:59,0,87.0,208.0,239.0,255.0,0.0,200.0,1.0,1.0,0.0,0.0,0.0,0.0
2025/11/24,16:11:04,0,83.0,210.0,241.0,256.0,6.0,201.0,2.0,2.0,0.0,0.0,0.0,0.0
2025/11/24,16:11:09,0,88.0,199.0,238.0,255.0,0.0,201.0,1.0,1.0,0.0,0.0,0.0,0.0
2025/11/24,16:11:14,0,86.0,189.0,236.0,255.0,16.0,202.0,3.0,3.0,0.0,0.0,0.0,0.0
2025/11/24,16:11:19,0,85.0,199.0,241.0,255.0,0.0,202.0,1.0,0.0,0.0,0.0,0.0,0.0
2025/11/24,16:11:24,0,85.0,192.0,239.0,254.0,12.0,201.0,3.0,4.0,0.0,0.0,0.0,0.0
2025/11/24,16:11:29,0,85.0,199.0,241.0,255.0,0.0,202.0,1.0,1.0,0.0,0.0,0.0,0.0
2025/11/24,16:11:34,0,86.0,192.0,238.0,255.0,11.0,202.0,3.0,3.0,0.0,0.0,0.0,0.0
2025/11/24,16:11:39,0,86.0,215.0,242.0,253.0,2.0,201.0,2.0,2.0,0.0,0.0,0.0,0.0
2025/11/24,16:11:44,0,86.0,203.0,239.0,255.0,12.0,201.0,2.0,3.0,-0.0008,0.0,0.0,0.0
2025/11/24,16:11:49,0,86.0,216.0,241.0,255.0,2.0,202.0,2.0,1.0,0.0,0.0,0.0,0.0
2025/11/24,16:11:54,0,87.0,195.0,238.0,255.0,6.0,201.0,2.0,2.0,0.0,0.0,0.0,0.0
2025/11/24,16:11:59,0,87.0,199.0,239.0,255.0,12.0,200.0,3.0,3.0,0.0,0.0,0.0,0.0
2025/11/24,16:12:04,0,85.0,198.0,241.0,255.0,0.0,202.0,1.0,0.0,0.0,0.0,0.0,0.0
2025/11/24,16:12:09,0,85.0,190.0,238.0,255.0,11.0,201.0,2.0,3.0,0.0,0.0,0.0,0.0
2025/11/24,16:12:14,0,88.0,216.0,241.0,255.0,3.0,202.0,3.0,2.0,0.0,0.0,0.0,0.0
2025/11/24,16:12:19,0,84.0,192.0,238.0,255.0,8.0,202.0,3.0,3.0,0.0,0.0,0.0,0.0
2025/11/24,16:12:24,0,85.0,190.0,239.0,253.0,16.0,202.0,5.0,4.0,0.0,0.0,0.0,0.0
2025/11/24,16:12:29,0,87.0,221.0,242.0,254.0,2.0,200.0,3.0,2.0,0.0,0.0,0.0,0.0
2025/11/24,16:12:34,0,88.0,202.0,242.0,255.0,1.0,201.0,2.0,1.0,0.0,0.0,0.0,0.0
2025/11/24,16:12:39,0,86.0,197.0,239.0,253.0,7.0,200.0,2.0,2.0,0.0,0.0,0.0,-0.0008
2025/11/24,16:12:44,0,87.0,187.0,238.0,255.0,10.0,200.0,3.0,3.0,0.0,0.0,0.0,0.0
2025/11/24,16:12:49,0,85.0,218.0,240.0,255.0,3.0,201.0,3.0,2.0,0.0,0.0,0.0,0.0
2025/11/24,16:12:54,0,85.0,195.0,239.0,253.0,5.0,200.0,1.0,2.0,0.0,0.0,0.0,0.0
2025/11/24,16:12:59,0,86.0,187.0,238.0,255.0,13.0,202.0,3.0,3.0,0.0,0.0,0.0,0.0
2025/11/24,16:13:04,0,87.0,214.0,241.0,255.0,1.0,202.0,2.0,2.0,0.0,0.0,0.0,0.0
2025/11/24,16:13:09,0,86.0,195.0,239.0,254.0,6.0,200.0,2.0,2.0,0.0,0.0,0.0,0.0
2025/11/24,16:13:14,0,87.0,192.0,238.0,255.0,12.0,201.0,3.0,3.0,0.0,0.0,0.0,0.0
2025/11/24,16:13:19,0,87.0,206.0,240.0,254.0,6.0,202.0,3.0,2.0,0.0,0.0,0.0,0.0
2025/11/24,16:13:24,0,87.0,209.0,238.0,255.0,2.0,201.0,2.0,2.0,0.0,0.0,0.0,0.0
2025/11/24,16:13:29,0,86.0,196.0,239.0,255.0,5.0,202.0,2.0,2.0,0.0,0.0,0.0,0.0
2025/11/24,16:13:34,0,86.0,193.0,238.0,254.0,11.0,201.0,2.0,3.0,0.0,0.0,0.0,0.0
2025/11/24,16:13:39,0,86.0,205.0,240.0,255.0,3.0,202.0,4.0,2.0,0.0,0.0,0.0,0.0
2025/11/24,16:13:44,0,87.0,217.0,240.0,255.0,2.0,201.0,2.0,2.0,0.0,0.0,0.0,0.0
2025/11/24,16:13:49,0,88.0,214.0,241.0,255.0,2.0,201.0,2.0,2.0,0.0,0.0,0.0,0.0
2025/11/24,16:13:54,0,88.0,215.0,240.0,254.0,3.0,202.0,3.0,2.0,0.0,0.0,0.0,0.0
2025/11/24,16:13:59,0,86.0,221.0,241.0,256.0,2.0,199.0,3.0,1.0,0.0,0.0,0.0,0.0
2025/11/24,16:14:04,0,90.0,212.0,241.0,255.0,3.0,201.0,3.0,1.0,0.0,0.0,0.0,0.0
2025/11/24,16:14:09,0,85.0,192.0,238.0,255.0,14.0,201.0,3.0,4.0,0.0,0.0,0.0,0.0
2025/11/24,16:14:14,0,86.0,194.0,238.0,255.0,12.0,201.0,3.0,3.0,0.0,0.0,0.0,0.0
2025/11/24,16:14:19,0,81.0,202.0,233.0,255.0,12.0,202.0,3.0,3.0,0.0,0.0,0.0,0.0
2025/11/24,16:14:24,0,87.0,197.0,240.0,254.0,0.0,200.0,0.0,1.0,0.0,0.0,0.0,0.0
2025/11/24,16:14:29,0,87.0,221.0,241.0,253.0,3.0,200.0,3.0,2.0,0.0,0.0,0.0,0.0
2025/11/24,16:14:34,0,87.0,193.0,237.0,255.0,12.0,201.0,3.0,3.0,0.0,0.0,0.0,0.0
2025/11/24,16:14:39,0,85.0,198.0,239.0,255.0,0.0,201.0,1.0,1.0,0.0,0.0,0.0,0.0
2025/11/24,16:14:44,0,85.0,222.0,241.0,253.0,3.0,200.0,2.0,1.0,0.0,0.0,0.0,0.0
2025/11/24,16:14:49,0,87.0,185.0,238.0,254.0,13.0,201.0,3.0,3.0,0.0,0.0,0.0,0.0
2025/11/24,16:14:54,0,85.0,193.0,237.0,255.0,10.0,201.0,3.0,3.0,0.0,0.0,0.0,0.0
2025/11/24,16:14:59,0,85.0,202.0,241.0,255.0,0.0,201.0,1.0,1.0,0.0,0.0,0.0,0.0
2025/11/24,16:15:04,0,87.0,212.0,242.0,254.0,4.0,200.0,2.0,2.0,0.0,0.0,0.0,0.0
2025/11/24,16:15:09,0,85.0,190.0,238.0,255.0,11.0,202.0,3.0,3.0,0.0,0.0,0.0,0.0
2025/11/24,16:15:14,0,84.0,196.0,237.0,254.0,11.0,201.0,3.0,3.0,0.0,0.0,0.0,0.0
2025/11/24,16:15:19,0,85.0,200.0,239.0,255.0,0.0,202.0,1.0,1.0,0.0,0.0,0.0,0.0
2025/11/24,16:15:24,0,84.0,211.0,241.0,254.0,3.0,201.0,2.0,1.0,0.0,0.0,0.0,0.0
2025/11/24,16:15:29,0,87.0,205.0,240.0,253.0,9.0,200.0,3.0,3.0,0.0,0.0,0.0,0.0
2025/11/24,16:15:34,0,86.0,197.0,237.0,255.0,9.0,202.0,3.0,3.0,0.0,0.0,0.0,0.0
2025/11/24,16:15:39,0,85.0,199.0,241.0,255.0,0.0,201.0,1.0,1.0,0.0,0.0,0.0,0.0
2025/11/24,16:15:44,0,86.0,221.0,241.0,253.0,3.0,201.0,2.0,2.0,0.0,0.0,0.0,0.0
2025/11/24,16:15:49,0,86.0,200.0,239.0,254.0,14.0,201.0,4.0,4.0,0.0,0.0,0.0,0.0
2025/11/24,16:15:54,0,86.0,197.0,236.0,255.0,12.0,200.0,3.0,2.0,0.0,0.0,0.0,0.0
2025/11/24,16:15:59,0,85.0,195.0,240.0,255.0,4.0,201.0,1.0,2.0,0.0,0.0,0.0,0.0
2025/11/24,16:16:04,0,85.0,209.0,242.0,253.0,1.0,201.0,2.0,2.0,0.0,0.0,0.0,0.0
2025/11/24,16:16:09,0,85.0,212.0,241.0,255.0,4.0,202.0,2.0,2.0,0.0,0.0,0.0,0.0
2025/11/24,16:16:14,0,86.0,190.0,239.0,254.0,12.0,200.0,4.0,3.0,0.0,0.0,0.0,0.0
2025/11/24,16:16:19,0,86.0,200.0,239.0,256.0,10.0,200.0,3.0,2.0,0.0,0.0,0.0,0.0
2025/11/24,16:16:24,0,83.0,196.0,239.0,255.0,6.0,202.0,3.0,2.0,0.0,0.0,0.0,0.0
2025/11/24,16:16:29,0,88.0,198.0,240.0,255.0,0.0,201.0,1.0,0.0,0.0,0.0,0.0,0.0
2025/11/24,16:16:34,0,83.0,195.0,240.0,255.0,1.0,201.0,0.0,1.0,0.0,0.0,0.0,0.0
2025/11/24,16:16:39,0,83.0,198.0,240.0,255.0,0.0,201.0,1.0,0.0,0.0,0.0,0.0,0.0
2025/11/24,16:16:44,0,85.0,199.0,239.0,255.0,0.0,201.0,1.0,1.0,0.0,0.0,0.0,0.0
2025/11/24,16:16:49,0,83.0,209.0,241.0,255.0,2.0,202.0,3.0,1.0,0.0,0.0,0.0,0.0
2025/11/24,16:16:54,0,84.0,220.0,242.0,255.0,2.0,200.0,3.0,1.0,0.0,0.0,0.0,0.0
2025/11/24,16:16:59,0,83.0,212.0,238.0,255.0,5.0,202.0,3.0,1.0,0.0,0.0,0.0,0.0
2025/11/24,16:17:04,0,86.0,201.0,240.0,255.0,12.0,201.0,3.0,3.0,0.0,0.0,0.0,0.0
2025/11/24,16:17:09,0,85.0,191.0,239.0,254.0,13.0,200.0,4.0,3.0,0.0,0.0,0.0,0.0
2025/11/24,16:17:14,0,84.0,190.0,238.0,254.0,14.0,201.0,4.0,3.0,0.0,0.0,0.0,0.0
2025/11/24,16:17:19,0,87.0,190.0,239.0,255.0,15.0,202.0,4.0,3.0,0.0,0.0,0.0,0.0
2025/11/24,16:17:24,0,84.0,206.0,239.0,255.0,9.0,202.0,4.0,2.0,0.0,0.0,0.0,0.0
2025/11/24,16:17:29,0,82.0,218.0,241.0,254.0,2.0,201.0,3.0,2.0,0.0,0.0,0.0,0.0
2025/11/24,16:17:34,0,85.0,206.0,242.0,255.0,1.0,201.0,2.0,2.0,0.0,0.0,0.0,0.0
2025/11/24,16:17:39,0,80.0,200.0,240.0,255.0,0.0,202.0,1.0,1.0,0.0,0.0,0.0,0.0
2025/11/24,16:17:44,0,85.0,195.0,239.0,254.0,6.0,200.0,1.0,2.0,0.0,0.0,0.0,0.0
2025/11/24,16:17:49,0,86.0,192.0,236.0,255.0,9.0,201.0,2.0,3.0,0.0,0.0,0.0,0.0
2025/11/24,16:17:54,0,83.0,200.0,235.0,254.0,11.0,201.0,3.0,3.0,0.0,0.0,0.0,0.0
2025/11/24,16:17:59,0,92.0,199.0,237.0,255.0,12.0,202.0,4.0,3.0,0.0,0.0,0.0,0.0
2025/11/24,16:18:04,0,84.0,196.0,238.0,255.0,9.0,202.0,2.0,2.0,0.0,0.0,0.0,0.0
2025/11/24,16:18:44,0,86.0,192.0,239.0,255.0,13.0,202.0,4.0,3.0,0.0,0.0,0.0,0.0
2025/11/24,16:18:48,0,85.0,189.0,236.0,255.0,16.0,201.0,4.0,4.0,0.0,0.0,0.0,0.0
2025/11/24,16:18:53,0,84.0,192.0,239.0,255.0,15.0,201.0,4.0,3.0,0.0,0.0,0.0,0.0
2025/11/24,16:18:58,0,86.0,200.0,240.0,255.0,10.0,200.0,4.0,3.0,0.0,0.0,0.0,0.0
2025/11/24,16:19:03,0,88.0,209.0,241.0,254.0,9.0,201.0,2.0,2.0,0.0,0.0,0.0,0.0
2025/11/24,16:19:08,0,87.0,210.0,241.0,255.0,5.0,200.0,3.0,2.0,0.0,0.0,0.0,0.0
2025/11/24,16:19:13,0,85.0,198.0,239.0,255.0,13.0,201.0,4.0,3.0,0.0,0.0,0.0,0.0
2025/11/24,16:19:18,0,86.0,192.0,237.0,255.0,12.0,202.0,3.0,3.0,0.0,0.0,0.0,0.0
2025/11/24,16:19:23,0,80.0,194.0,239.0,256.0,12.0,200.0,3.0,3.0,0.0,-0.0008,0.0,0.0
2025/11/24,16:19:28,0,86.0,196.0,239.0,255.0,3.0,199.0,1.0,2.0,0.0,0.0,0.0,0.0
2025/11/24,16:19:33,0,86.0,203.0,241.0,255.0,0.0,200.0,1.0,1.0,0.0,0.0,0.0,0.0
2025/11/24,16:19:38,0,86.0,215.0,241.0,255.0,3.0,202.0,2.0,1.0,0.0,0.0,0.0,0.0
2025/11/24,16:19:43,0,87.0,207.0,240.0,254.0,8.0,201.0,3.0,2.0,0.0,0.0,0.0,0.0
2025/11/24,16:19:48,0,85.0,194.0,238.0,254.0,11.0,201.0,2.0,3.0,0.0,0.0,0.0,0.0
2025/11/24,16:19:53,0,87.0,195.0,239.0,255.0,3.0,200.0,2.0,1.0,0.0,0.0,0.0,0.0
2025/11/24,16:19:58,0,85.0,217.0,241.0,255.0,2.0,200.0,3.0,2.0,0.0,0.0,0.0,0.0
2025/11/24,16:20:03,0,85.0,187.0,239.0,255.0,13.0,201.0,5.0,3.0,0.0,0.0,0.0,0.0
2025/11/24,16:20:08,0,84.0,194.0,238.0,255.0,9.0,200.0,3.0,2.0,0.0,0.0,0.0,0.0
2025/11/24,16:20:13,0,84.0,211.0,241.0,255.0,1.0,200.0,2.0,1.0,0.0,0.0,0.0,0.0
2025/11/24,16:20:18,0,86.0,194.0,239.0,254.0,14.0,200.0,4.0,3.0,0.0,0.0,0.0,0.0
2025/11/24,16:20:23,0,84.0,202.0,239.0,256.0,11.0,200.0,3.0,2.0,0.0,0.0,0.0,0.0
2025/11/24,16:20:28,0,84.0,196.0,240.0,255.0,0.0,202.0,1.0,1.0,0.0,0.0,0.0,0.0
2025/11/24,16:20:33,0,85.0,208.0,240.0,255.0,0.0,201.0,2.0,1.0,0.0,0.0,0.0,0.0
2025/11/24,16:20:38,0,85.0,220.0,241.0,254.0,3.0,200.0,3.0,2.0,0.0,0.0,0.0,0.0
2025/11/24,16:20:43,0,86.0,213.0,240.0,254.0,4.0,203.0,2.0,1.0,0.0,0.0,0.0,0.0
2025/11/24,16:20:48,0,86.0,203.0,240.0,253.0,10.0,200.0,3.0,3.0,0.0,0.0,0.0,0.0
2025/11/24,16:20:53,0,85.0,190.0,238.0,255.0,11.0,202.0,3.0,3.0,0.0,0.0,0.0,0.0
2025/11/24,16:20:58,0,86.0,192.0,239.0,255.0,9.0,200.0,3.0,2.0,0.0,0.0,0.0,0.0
2025/11/24,16:21:03,0,85.0,192.0,237.0,255.0,13.0,201.0,4.0,3.0,0.0,0.0,0.0,0.0
2025/11/24,16:21:08,0,86.0,203.0,239.0,254.0,12.0,201.0,4.0,3.0,0.0,0.0,0.0,0.0
2025/11/24,16:21:13,0,86.0,194.0,239.0,253.0,12.0,200.0,3.0,3.0,0.0,0.0,0.0,0.0
2025/11/24,16:21:18,0,84.0,220.0,241.0,254.0,2.0,200.0,3.0,2.0,0.0,0.0,0.0,0.0
2025/11/24,16:21:23,0,85.0,190.0,237.0,255.0,13.0,200.0,3.0,3.0,0.0,0.0,0.0,0.0
2025/11/24,16:21:28,0,86.0,198.0,239.0,255.0,4.0,200.0,1.0,1.0,0.0,0.0,0.0,0.0
2025/11/24,16:21:33,0,85.0,222.0,240.0,255.0,1.0,200.0,1.0,1.0,0.0,0.0,0.0,0.0
2025/11/24,16:21:38,0,84.0,190.0,238.0,255.0,12.0,202.0,3.0,3.0,0.0,0.0,0.0,0.0
2025/11/24,16:21:43,0,80.0,199.0,239.0,255.0,5.0,201.0,1.0,2.0,0.0,0.0,0.0,0.0
2025/11/24,16:21:48,0,85.0,218.0,241.0,255.0,3.0,201.0,2.0,2.0,0.0,0.0,0.0,0.0
2025/11/24,16:21:53,0,84.0,192.0,238.0,255.0,12.0,202.0,3.0,3.0,0.0,0.0,0.0,0.0
2025/11/24,16:21:58,0,84.0,197.0,240.0,255.0,1.0,200.0,2.0,1.0,0.0,0.0,0.0,0.0
2025/11/24,16:22:03,0,85.0,211.0,241.0,255.0,2.0,200.0,2.0,2.0,0.0,0.0,0.0,0.0
2025/11/24,16:22:08,0,88.0,208.0,239.0,255.0,8.0,201.0,3.0,3.0,0.0,0.0,0.0,0.0
2025/11/24,16:22:13,0,86.0,192.0,238.0,255.0,13.0,200.0,3.0,3.0,0.0,0.0,0.0,0.0
2025/11/24,16:22:18,0,83.0,200.0,238.0,254.0,10.0,201.0,3.0,3.0,0.0,0.0,0.0,0.0
2025/11/24,16:22:23,0,87.0,198.0,239.0,254.0,1.0,201.0,0.0,1.0,0.0,0.0,-0.0008,0.0
2025/11/24,16:22:28,0,87.0,221.0,240.0,255.0,3.0,201.0,3.0,2.0,0.0,0.0,0.0,0.0
2025/11/24,16:22:33,0,86.0,189.0,238.0,254.0,12.0,201.0,4.0,3.0,0.0,0.0,0.0,0.0
2025/11/24,16:22:38,0,86.0,198.0,240.0,255.0,3.0,202.0,1.0,2.0,0.0,0.0,0.0,0.0
2025/11/24,16:22:43,0,83.0,220.0,239.0,255.0,3.0,202.0,2.0,1.0,0.0,0.0,0.0,0.0
2025/11/24,16:22:48,0,85.0,192.0,239.0,253.0,12.0,200.0,3.0,3.0,0.0,0.0,0.0,0.0
2025/11/24,16:22:53,0,84.0,196.0,238.0,255.0,1.0,202.0,1.0,2.0,0.0,0.0,0.0,0.0
2025/11/24,16:22:58,0,85.0,218.0,240.0,255.0,4.0,202.0,2.0,2.0,0.0,0.0,0.0,0.0
2025/11/24,16:23:03,0,85.0,187.0,238.0,255.0,18.0,201.0,4.0,3.0,0.0,0.0,0.0,0.0
2025/11/24,16:23:08,0,85.0,194.0,238.0,254.0,7.0,200.0,3.0,2.0,0.0,0.0,0.0,0.0
2025/11/24,16:23:13,0,84.0,215.0,241.0,255.0,2.0,201.0,2.0,1.0,0.0,0.0,0.0,0.0
2025/11/24,16:23:18,0,85.0,190.0,239.0,254.0,12.0,200.0,3.0,3.0,0.0,0.0,0.0,0.0
2025/11/24,16:23:23,0,88.0,197.0,239.0,255.0,1.0,201.0,1.0,1.0,0.0,0.0,0.0,0.0
2025/11/24,16:23:28,0,87.0,210.0,240.0,255.0,6.0,202.0,2.0,2.0,0.0,0.0,0.0,0.0
2025/11/24,16:23:33,0,84.0,200.0,237.0,255.0,9.0,202.0,3.0,3.0,0.0,0.0,0.0,0.0
2025/11/24,16:23:38,0,84.0,205.0,240.0,255.0,1.0,201.0,2.0,1.0,0.0,0.0,0.0,0.0
2025/11/24,16:23:43,0,85.0,201.0,240.0,255.0,12.0,200.0,4.0,3.0,0.0,0.0,0.0,0.0
2025/11/24,16:23:48,0,84.0,196.0,238.0,255.0,10.0,200.0,3.0,3.0,0.0,0.0,0.0,0.0
2025/11/24,16:23:53,0,85.0,213.0,240.0,255.0,3.0,201.0,2.0,2.0,0.0,0.0,0.0,0.0
2025/11/24,16:23:58,0,84.0,193.0,237.0,255.0,13.0,201.0,3.0,3.0,0.0,0.0,0.0,0.0
2025/11/24,16:24:03,0,84.0,208.0,240.0,253.0,2.0,201.0,2.0,2.0,0.0,0.0,-0.0008,0.0
2025/11/24,16:24:08,0,85.0,196.0,236.0,255.0,12.0,201.0,3.0,3.0,0.0,0.0,0.0,0.0
2025/11/24,16:24:13,0,85.0,207.0,241.0,254.0,3.0,201.0,3.0,1.0,0.0,0.0,0.0,0.0
2025/11/24,16:24:18,0,85.0,194.0,235.0,255.0,12.0,202.0,3.0,3.0,0.0,0.0,0.0,0.0
2025/11/24,16:24:23,0,84.0,203.0,241.0,254.0,1.0,202.0,2.0,1.0,0.0,0.0,0.0,0.0
2025/11/24,16:24:28,0,84.0,197.0,238.0,255.0,13.0,201.0,4.0,3.0,0.0,0.0,0.0,0.0
2025/11/24,16:24:33,0,87.0,193.0,238.0,254.0,7.0,200.0,3.0,2.0,0.0,0.0,0.0,0.0
2025/11/24,16:24:38,0,83.0,218.0,239.0,255.0,2.0,200.0,2.0,1.0,0.0,0.0,0.0,0.0
2025/11/24,16:24:43,0,85.0,198.0,238.0,255.0,9.0,201.0,3.0,3.0,0.0,0.0,0.0,0.0
2025/11/24,16:24:48,0,86.0,213.0,240.0,253.0,4.0,200.0,2.0,2.0,0.0,0.0,0.0,0.0
2025/11/24,16:24:53,0,86.0,197.0,239.0,253.0,1.0,200.0,1.0,1.0,0.0,0.0,0.0,0.0
2025/11/24,16:24:58,0,84.0,193.0,238.0,255.0,12.0,199.0,3.0,3.0,0.0,0.0,0.0,0.0
2025/11/24,16:25:03,0,85.0,215.0,240.0,255.0,2.0,202.0,2.0,1.0,0.0,0.0,0.0,0.0
2025/11/24,16:25:08,0,82.0,198.0,239.0,255.0,0.0,201.0,0.0,0.0,0.0,0.0,0.0,0.0
2025/11/24,16:25:13,0,84.0,194.0,238.0,254.0,14.0,201.0,3.0,3.0,0.0,0.0,0.0,0.0
2025/11/24,16:25:18,0,84.0,220.0,238.0,255.0,2.0,202.0,3.0,1.0,0.0,0.0,0.0,0.0
2025/11/24,16:25:23,0,83.0,196.0,238.0,255.0,5.0,202.0,2.0,2.0,0.0,0.0,0.0,0.0
2025/11/24,16:25:28,0,83.0,187.0,238.0,255.0,13.0,200.0,4.0,3.0,0.0,0.0,0.0,0.0
2025/11/24,16:25:33,0,84.0,215.0,238.0,255.0,4.0,201.0,3.0,2.0,0.0,0.0,0.0,0.0
2025/11/24,16:25:38,0,84.0,195.0,239.0,255.0,1.0,201.0,1.0,1.0,0.0,0.0,0.0,0.0
2025/11/24,16:25:43,0,84.0,197.0,238.0,255.0,10.0,200.0,2.0,2.0,0.0,0.0,0.0,0.0
2025/11/24,16:25:48,0,81.0,206.0,239.0,255.0,7.0,202.0,4.0,2.0,0.0,0.0,0.0,0.0
2025/11/24,16:25:53,0,81.0,209.0,240.0,254.0,2.0,199.0,2.0,2.0,0.0,0.0,0.0,0.0
2025/11/24,16:25:58,0,84.0,196.0,237.0,255.0,6.0,201.0,2.0,2.0,0.0,0.0,0.0,0.0
2025/11/24,16:26:03,0,85.0,194.0,237.0,255.0,12.0,200.0,3.0,2.0,0.0,0.0,0.0,0.0
2025/11/24,16:26:08,0,89.0,209.0,239.0,255.0,6.0,201.0,2.0,2.0,0.0,0.0,0.0,0.0
2025/11/24,16:26:13,0,84.0,206.0,241.0,254.0,2.0,202.0,2.0,2.0,0.0,0.0,0.0,0.0
2025/11/24,16:26:18,0,81.0,193.0,237.0,255.0,8.0,201.0,2.0,2.0,0.0,0.0,0.0,0.0
2025/11/24,16:26:23,0,84.0,188.0,237.0,255.0,13.0,201.0,3.0,3.0,0.0,0.0,0.0,0.0
2025/11/24,16:26:28,0,82.0,219.0,241.0,255.0,3.0,202.0,3.0,2.0,0.0,0.0,0.0,0.0
2025/11/24,16:26:33,0,84.0,195.0,239.0,256.0,3.0,200.0,1.0,2.0,0.0,0.0,0.0,0.0
2025/11/24,16:26:38,0,83.0,189.0,236.0,255.0,12.0,202.0,3.0,3.0,0.0,0.0,0.0,0.0
2025/11/24,16:26:43,0,82.0,211.0,240.0,255.0,4.0,201.0,3.0,2.0,0.0,0.0,0.0,0.0
2025/11/24,16:26:48,0,84.0,202.0,239.0,255.0,1.0,201.0,2.0,1.0,0.0,0.0,0.0,0.0
2025/11/24,16:26:53,0,82.0,194.0,235.0,255.0,8.0,201.0,2.0,2.0,0.0,0.0,0.0,0.0
2025/11/24,16:26:58,0,83.0,189.0,236.0,254.0,11.0,200.0,3.0,3.0,0.0,0.0,0.0,0.0
2025/11/24,16:27:03,0,83.0,214.0,240.0,255.0,3.0,201.0,2.0,1.0,0.0,0.0,0.0,0.0
2025/11/24,16:27:08,0,84.0,204.0,241.0,255.0,2.0,201.0,2.0,1.0,0.0,0.0,0.0,0.0
2025/11/24,16:27:13,0,82.0,195.0,236.0,255.0,7.0,201.0,2.0,2.0,0.0,0.0,0.0,0.0
2025/11/24,16:27:18,0,84.0,193.0,238.0,255.0,11.0,202.0,3.0,2.0,0.0,0.0,0.0,0.0
2025/11/24,16:27:23,0,81.0,209.0,241.0,255.0,5.0,200.0,2.0,2.0,0.0,0.0,0.0,0.0
2025/11/24,16:27:28,0,84.0,209.0,241.0,255.0,2.0,201.0,2.0,1.0,0.0,0.0,0.0,0.0
2025/11/24,16:27:33,0,85.0,198.0,239.0,254.0,1.0,200.0,1.0,1.0,0.0,0.0,0.0,0.0
2025/11/24,16:27:38,0,84.0,197.0,235.0,255.0,11.0,202.0,2.0,3.0,0.0,0.0,0.0,0.0
2025/11/24,16:27:43,0,86.0,196.0,240.0,255.0,15.0,201.0,4.0,3.0,0.0,0.0,0.0,0.0
2025/11/24,16:27:48,0,82.0,221.0,240.0,255.0,3.0,201.0,3.0,2.0,0.0,0.0,0.0,0.0
2025/11/24,16:27:53,0,86.0,199.0,239.0,254.0,0.0,201.0,0.0,1.0,0.0,0.0,0.0,0.0
2025/11/24,16:27:58,0,80.0,201.0,235.0,255.0,11.0,202.0,3.0,3.0,0.0,0.0,0.0,0.0
2025/11/24,16:28:03,0,85.0,191.0,238.0,255.0,12.0,202.0,4.0,3.0,0.0,0.0,0.0,0.0
2025/11/24,16:28:08,0,79.0,203.0,237.0,255.0,11.0,201.0,4.0,3.0,0.0,0.0,0.0,0.0
2025/11/24,16:28:54,0,84.0,191.0,236.0,255.0,11.0,201.0,3.0,3.0,0.0,0.0,0.0,0.0
2025/11/24,16:28:58,0,83.0,203.0,238.0,255.0,11.0,201.0,3.0,3.0,0.0,0.0,0.0,0.0
2025/11/24,16:29:03,0,85.0,203.0,240.0,255.0,12.0,201.0,3.0,3.0,0.0,0.0,0.0,0.0
2025/11/24,16:29:08,0,85.0,212.0,240.0,255.0,2.0,201.0,2.0,2.0,0.0,0.0,0.0,0.0
2025/11/24,16:29:13,0,84.0,198.0,237.0,255.0,4.0,201.0,1.0,1.0,0.0,0.0,0.0,0.0
2025/11/24,16:29:18,0,84.0,200.0,237.0,254.0,11.0,202.0,2.0,2.0,0.0,0.0,0.0,0.0
2025/11/24,16:29:23,0,88.0,200.0,239.0,254.0,13.0,202.0,4.0,3.0,0.0,0.0,0.0,0.0
2025/11/24,16:29:28,0,86.0,209.0,242.0,255.0,2.0,201.0,2.0,2.0,0.0,0.0,0.0,0.0
2025/11/24,16:29:33,0,87.0,192.0,237.0,255.0,9.0,201.0,2.0,1.0,0.0,0.0,0.0,0.0
2025/11/24,16:29:38,0,83.0,188.0,237.0,255.0,13.0,201.0,5.0,3.0,0.0,0.0,0.0,0.0
2025/11/24,16:29:43,0,85.0,216.0,238.0,255.0,4.0,201.0,3.0,2.0,0.0,0.0,0.0,0.0
2025/11/24,16:29:48,0,86.0,196.0,239.0,254.0,2.0,201.0,1.0,1.0,0.0,0.0,0.0,0.0
2025/11/24,16:29:53,0,85.0,197.0,237.0,255.0,11.0,201.0,2.0,2.0,0.0,0.0,0.0,0.0
2025/11/24,16:29:58,0,84.0,205.0,238.0,255.0,9.0,201.0,3.0,3.0,0.0,0.0,0.0,0.0
2025/11/24,16:30:03,0,86.0,210.0,241.0,253.0,2.0,202.0,3.0,2.0,0.0,0.0,0.0,0.0
2025/11/24,16:30:08,0,87.0,199.0,239.0,255.0,0.0,200.0,1.0,1.0,0.0,0.0,0.0,0.0
2025/11/24,16:30:13,0,83.0,202.0,238.0,254.0,10.0,200.0,2.0,2.0,0.0,0.0,0.0,0.0
2025/11/24,16:30:18,0,85.0,192.0,238.0,255.0,16.0,201.0,4.0,3.0,0.0,0.0,0.0,0.0
2025/11/24,16:30:23,0,85.0,217.0,241.0,256.0,3.0,202.0,3.0,2.0,0.0,0.0,0.0,0.0
2025/11/24,16:30:28,0,85.0,196.0,237.0,255.0,3.0,201.0,1.0,1.0,0.0,0.0,0.0,0.0
2025/11/24,16:30:33,0,84.0,190.0,238.0,255.0,13.0,201.0,3.0,2.0,0.0,0.0,0.0,0.0
2025/11/24,16:30:38,0,84.0,222.0,239.0,255.0,5.0,201.0,3.0,2.0,0.0,0.0,0.0,0.0
2025/11/24,16:30:43,0,86.0,197.0,240.0,254.0,0.0,200.0,1.0,0.0,0.0,0.0,0.0,0.0
2025/11/24,16:30:48,0,86.0,195.0,237.0,254.0,6.0,201.0,2.0,2.0,0.0,0.0,0.0,0.0
2025/11/24,16:30:53,0,85.0,197.0,237.0,255.0,10.0,201.0,2.0,3.0,0.0,0.0,0.0,0.0
2025/11/24,16:30:58,0,87.0,198.0,238.0,255.0,14.0,200.0,4.0,3.0,0.0,0.0,0.0,0.0
2025/11/24,16:31:03,0,86.0,218.0,240.0,254.0,3.0,201.0,2.0,2.0,0.0,0.0,0.0,0.0
2025/11/24,16:31:08,0,86.0,204.0,241.0,254.0,1.0,201.0,2.0,1.0,0.0,0.0,0.0,0.0
2025/11/24,16:31:13,0,85.0,193.0,237.0,255.0,8.0,201.0,3.0,2.0,0.0,0.0,0.0,0.0
2025/11/24,16:31:18,0,85.0,191.0,235.0,255.0,13.0,202.0,3.0,2.0,0.0,0.0,0.0,0.0
2025/11/24,16:31:23,0,86.0,212.0,239.0,255.0,4.0,201.0,2.0,2.0,0.0,0.0,0.0,0.0
2025/11/24,16:31:28,0,82.0,213.0,238.0,255.0,4.0,202.0,4.0,2.0,0.0,0.0,0.0,0.0
2025/11/24,16:31:33,0,83.0,202.0,240.0,255.0,0.0,201.0,1.0,1.0,0.0,0.0,0.0,0.0
2025/11/24,16:31:38,0,80.0,192.0,235.0,255.0,10.0,201.0,2.0,2.0,0.0,0.0,0.0,0.0
2025/11/24,16:31:43,0,82.0,193.0,237.0,255.0,11.0,202.0,3.0,3.0,0.0,0.0,0.0,0.0
2025/11/24,16:31:48,0,79.0,210.0,240.0,254.0,5.0,201.0,3.0,2.0,0.0,0.0,0.0,0.0
2025/11/24,16:31:53,0,82.0,214.0,240.0,255.0,3.0,200.0,2.0,2.0,0.0,0.0,0.0,0.0
2025/11/24,16:31:58,0,82.0,197.0,238.0,255.0,1.0,200.0,1.0,1.0,0.0,0.0,0.0,0.0
2025/11/24,16:32:03,0,81.0,202.0,237.0,255.0,9.0,200.0,2.0,3.0,0.0,0.0,0.0,0.0
2025/11/24,16:32:08,0,81.0,186.0,236.0,255.0,10.0,201.0,3.0,3.0,0.0,0.0,0.0,0.0
2025/11/24,16:32:13,0,86.0,221.0,240.0,255.0,2.0,200.0,2.0,1.0,0.0,0.0,0.0,0.0
2025/11/24,16:32:18,0,83.0,198.0,239.0,254.0,0.0,201.0,1.0,0.0,0.0,0.0,0.0,0.0
2025/11/24,16:32:23,0,85.0,201.0,237.0,255.0,11.0,200.0,2.0,2.0,0.0,0.0,0.0,0.0
2025/11/24,16:32:28,0,82.0,196.0,236.0,255.0,10.0,200.0,2.0,3.0,0.0,0.0,0.0,0.0
2025/11/24,16:32:33,0,80.0,194.0,238.0,254.0,14.0,201.0,5.0,3.0,0.0,0.0,0.0,0.0
2025/11/24,16:32:38,0,82.0,215.0,240.0,255.0,2.0,202.0,2.0,2.0,0.0,0.0,0.0,0.0
2025/11/24,16:32:43,0,83.0,205.0,240.0,253.0,1.0,201.0,2.0,2.0,0.0,0.0,0.0,0.0
2025/11/24,16:32:48,0,80.0,192.0,236.0,255.0,9.0,202.0,2.0,3.0,0.0,0.0,0.0,0.0
2025/11/24,16:32:53,0,82.0,188.0,236.0,255.0,12.0,201.0,3.0,3.0,0.0,0.0,0.0,0.0
2025/11/24,16:32:58,0,84.0,209.0,239.0,255.0,6.0,202.0,4.0,2.0,0.0,0.0,0.0,0.0
2025/11/24,16:33:03,0,84.0,221.0,237.0,255.0,3.0,201.0,2.0,2.0,0.0,0.0,0.0,0.0
2025/11/24,16:33:08,0,83.0,210.0,240.0,254.0,3.0,202.0,3.0,1.0,0.0,0.0,0.0,0.0
2025/11/24,16:33:13,0,82.0,199.0,240.0,255.0,0.0,201.0,1.0,0.0,0.0,0.0,0.0,0.0
2025/11/24,16:33:18,0,80.0,195.0,238.0,254.0,9.0,201.0,2.0,1.0,0.0,0.0,0.0,0.0
2025/11/24,16:33:23,0,84.0,191.0,238.0,254.0,11.0,201.0,3.0,3.0,0.0,0.0,0.0,0.0
2025/11/24,16:33:28,0,83.0,214.0,239.0,255.0,5.0,201.0,2.0,2.0,0.0,0.0,0.0,0.0
2025/11/24,16:33:33,0,81.0,207.0,241.0,255.0,1.0,201.0,2.0,2.0,0.0,0.0,0.0,0.0
2025/11/24,16:33:38,0,79.0,197.0,239.0,255.0,0.0,201.0,1.0,1.0,0.0,0.0,0.0,0.0
2025/11/24,16:33:43,0,82.0,201.0,237.0,255.0,10.0,202.0,3.0,2.0,0.0,0.0,0.0,0.0
2025/11/24,16:33:48,0,82.0,191.0,236.0,255.0,11.0,202.0,3.0,3.0,0.0,0.0,-0.0008,0.0
2025/11/24,16:33:53,0,78.0,210.0,239.0,255.0,8.0,202.0,3.0,2.0,0.0,0.0,0.0,0.0
2025/11/24,16:33:58,0,80.0,210.0,241.0,256.0,1.0,201.0,2.0,1.0,0.0,0.0,0.0,0.0
2025/11/24,16:34:03,0,80.0,198.0,239.0,254.0,0.0,202.0,0.0,0.0,0.0,0.0,0.0,0.0
2025/11/24,16:34:08,0,81.0,195.0,238.0,254.0,10.0,201.0,2.0,2.0,0.0,0.0,0.0,0.0
2025/11/24,16:34:13,0,80.0,195.0,237.0,255.0,10.0,201.0,2.0,2.0,0.0,0.0,0.0,0.0
2025/11/24,16:34:18,0,80.0,199.0,239.0,255.0,14.0,202.0,4.0,3.0,0.0,0.0,0.0,0.0
2025/11/24,16:34:23,0,80.0,217.0,241.0,255.0,0.0,200.0,2.0,1.0,0.0,0.0,0.0,0.0
2025/11/24,16:34:28,0,79.0,204.0,241.0,255.0,1.0,202.0,2.0,2.0,0.0,0.0,0.0,0.0
2025/11/24,16:34:33,0,79.0,197.0,239.0,254.0,6.0,202.0,2.0,2.0,0.0,0.0,0.0,0.0
2025/11/24,16:34:38,0,80.0,199.0,237.0,255.0,10.0,202.0,3.0,3.0,0.0,0.0,0.0,0.0
2025/11/24,16:34:43,0,82.0,197.0,239.0,255.0,18.0,203.0,4.0,3.0,0.0,0.0,0.0,0.0
2025/11/24,16:34:48,0,79.0,221.0,240.0,254.0,3.0,200.0,3.0,2.0,0.0,0.0,0.0,0.0
2025/11/24,16:34:53,0,79.0,206.0,239.0,255.0,1.0,202.0,2.0,1.0,0.0,0.0,0.0,0.0
2025/11/24,16:34:58,0,79.0,196.0,239.0,255.0,3.0,201.0,2.0,1.0,0.0,0.0,0.0,0.0
2025/11/24,16:35:03,0,78.0,201.0,238.0,254.0,8.0,202.0,2.0,2.0,0.0,0.0,0.0,0.0
2025/11/24,16:35:08,0,82.0,188.0,239.0,253.0,14.0,202.0,4.0,3.0,0.0,0.0,0.0,0.0
2025/11/24,16:35:13,0,79.0,220.0,241.0,255.0,4.0,201.0,3.0,2.0,0.0,0.0,0.0,0.0
2025/11/24,16:35:18,0,78.0,200.0,241.0,254.0,0.0,202.0,2.0,1.0,0.0,0.0,0.0,0.0
2025/11/24,16:35:23,0,82.0,195.0,240.0,255.0,6.0,202.0,2.0,2.0,0.0,0.0,0.0,0.0
2025/11/24,16:35:28,0,80.0,197.0,238.0,254.0,9.0,201.0,2.0,2.0,0.0,0.0,0.0,0.0
2025/11/24,16:35:33,0,80.0,200.0,239.0,255.0,13.0,202.0,4.0,3.0,0.0,0.0,0.0,0.0
2025/11/24,16:35:38,0,80.0,219.0,241.0,254.0,5.0,202.0,3.0,2.0,0.0,0.0,0.0,0.0
2025/11/24,16:35:43,0,80.0,198.0,237.0,255.0,0.0,202.0,1.0,1.0,0.0,0.0,0.0,0.0
2025/11/24,16:35:48,0,80.0,202.0,239.0,254.0,9.0,200.0,1.0,2.0,0.0,0.0,0.0,0.0
2025/11/24,16:35:53,0,80.0,193.0,239.0,253.0,12.0,201.0,2.0,2.0,0.0,0.0,0.0,0.0
2025/11/24,16:35:58,0,78.0,196.0,240.0,253.0,14.0,201.0,4.0,3.0,0.0,0.0,0.0,0.0
2025/11/24,16:36:03,0,79.0,214.0,241.0,255.0,4.0,203.0,3.0,2.0,0.0,0.0,0.0,0.0
2025/11/24,16:36:08,0,78.0,206.0,241.0,254.0,1.0,202.0,2.0,2.0,0.0,0.0,0.0,0.0
2025/11/24,16:36:13,0,80.0,199.0,239.0,255.0,2.0,202.0,2.0,1.0,0.0,0.0,0.0,0.0
2025/11/24,16:36:18,0,80.0,197.0,239.0,254.0,9.0,202.0,2.0,3.0,0.0,0.0,0.0,0.0
2025/11/24,16:36:23,0,80.0,193.0,240.0,255.0,14.0,203.0,4.0,4.0,0.0,0.0,0.0,0.0
2025/11/24,16:36:28,0,86.0,220.0,241.0,254.0,5.0,202.0,3.0,0.0,0.0,0.0,0.0,0.0
2025/11/24,16:36:33,0,80.0,199.0,242.0,256.0,0.0,201.0,0.0,1.0,0.0,0.0,0.0,0.0
2025/11/24,16:36:38,0,80.0,197.0,239.0,255.0,8.0,202.0,4.0,3.0,0.0,0.0,0.0,0.0
2025/11/24,16:36:43,0,80.0,191.0,237.0,255.0,12.0,203.0,4.0,3.0,0.0,0.0,0.0,0.0
2025/11/24,16:36:48,0,81.0,208.0,240.0,254.0,10.0,202.0,4.0,2.0,0.0,0.0,0.0,0.0
2025/11/24,16:36:53,0,80.0,207.0,240.0,255.0,2.0,202.0,2.0,2.0,0.0,0.0,0.0,0.0
2025/11/24,16:36:58,0,77.0,195.0,237.0,255.0,10.0,203.0,4.0,3.0,0.0,0.0,0.0,0.0
2025/11/24,16:37:03,0,81.0,202.0,239.0,255.0,14.0,203.0,4.0,3.0,0.0,0.0,0.0,0.0
2025/11/24,16:37:08,0,81.0,212.0,240.0,253.0,3.0,202.0,3.0,2.0,0.0,0.0,0.0,0.0
2025/11/24,16:37:13,0,80.0,198.0,238.0,255.0,0.0,202.0,1.0,0.0,0.0,0.0,0.0,0.0
2025/11/24,16:37:18,0,87.0,198.0,239.0,254.0,5.0,202.0,3.0,2.0,0.0,0.0,0.0,0.0
2025/11/24,16:37:23,0,81.0,191.0,240.0,255.0,11.0,203.0,3.0,3.0,0.0,0.0,0.0,0.0
2025/11/24,16:37:28,0,79.0,202.0,241.0,253.0,11.0,203.0,4.0,3.0,0.0,0.0,0.0,0.0
2025/11/24,16:37:33,0,78.0,216.0,242.0,254.0,6.0,202.0,3.0,1.0,0.0,0.0,0.0,0.0
2025/11/24,16:37:38,0,78.0,205.0,242.0,254.0,2.0,202.0,2.0,2.0,0.0,0.0,0.0,0.0
2025/11/24,16:37:43,0,80.0,195.0,239.0,254.0,7.0,201.0,2.0,2.0,0.0,0.0,0.0,0.0
2025/11/24,16:37:48,0,80.0,193.0,239.0,255.0,11.0,203.0,3.0,3.0,0.0,0.0,0.0,0.0
2025/11/24,16:37:53,0,80.0,204.0,241.0,254.0,13.0,202.0,5.0,3.0,0.0,0.0,0.0,0.0
2025/11/24,16:37:58,0,79.0,217.0,242.0,255.0,2.0,201.0,3.0,2.0,0.0,0.0,0.0,0.0
2025/11/24,16:38:03,0,78.0,200.0,241.0,255.0,0.0,202.0,1.0,0.0,0.0,0.0,0.0,0.0
2025/11/24,16:38:08,0,82.0,193.0,239.0,254.0,9.0,202.0,2.0,3.0,0.0,0.0,0.0,0.0
2025/11/24,16:38:13,0,80.0,196.0,238.0,254.0,10.0,201.0,2.0,3.0,0.0,0.0,0.0,0.0
2025/11/24,16:38:18,0,83.0,208.0,240.0,254.0,10.0,200.0,3.0,3.0,0.0,0.0,0.0,0.0
2025/11/24,16:38:53,0,80.0,212.0,240.0,255.0,5.0,203.0,2.0,2.0,0.0,0.0,0.0,0.0
2025/11/24,16:38:57,0,80.0,197.0,239.0,255.0,4.0,203.0,2.0,1.0,0.0,0.0,0.0,0.0
2025/11/24,16:39:02,0,80.0,200.0,239.0,255.0,10.0,202.0,3.0,2.0,0.0,0.0,0.0,0.0
2025/11/24,16:39:07,0,77.0,197.0,240.0,255.0,12.0,203.0,4.0,3.0,0.0,0.0,0.0,0.0
2025/11/24,16:39:12,0,79.0,211.0,243.0,254.0,2.0,203.0,3.0,2.0,0.0,0.0,0.0,0.0
2025/11/24,16:39:17,0,82.0,196.0,240.0,255.0,6.0,201.0,2.0,2.0,0.0,0.0,0.0,0.0
2025/11/24,16:39:22,0,80.0,192.0,240.0,255.0,12.0,202.0,2.0,3.0,0.0,0.0,0.0,0.0
2025/11/24,16:39:27,0,80.0,203.0,242.0,255.0,10.0,201.0,4.0,2.0,0.0,0.0,0.0,0.0
2025/11/24,16:39:32,0,82.0,217.0,242.0,254.0,2.0,202.0,3.0,2.0,0.0,0.0,0.0,0.0
2025/11/24,16:39:37,0,80.0,203.0,243.0,256.0,1.0,202.0,2.0,2.0,0.0,0.0,0.0,0.0
2025/11/24,16:39:42,0,81.0,194.0,240.0,255.0,7.0,201.0,2.0,3.0,0.0,0.0,0.0,0.0
2025/11/24,16:39:47,0,80.0,194.0,241.0,255.0,11.0,202.0,3.0,3.0,0.0,0.0,0.0,0.0
2025/11/24,16:39:52,0,80.0,206.0,242.0,253.0,10.0,201.0,4.0,2.0,0.0,0.0,0.0,0.0
2025/11/24,16:39:57,0,80.0,216.0,243.0,253.0,4.0,200.0,3.0,2.0,0.0,0.0,0.0,0.0
2025/11/24,16:40:02,0,81.0,199.0,242.0,254.0,0.0,202.0,1.0,0.0,0.0,0.0,0.0,0.0
2025/11/24,16:40:07,0,80.0,205.0,240.0,255.0,8.0,203.0,2.0,3.0,0.0,0.0,0.0,0.0
2025/11/24,16:40:12,0,80.0,191.0,239.0,255.0,11.0,203.0,3.0,3.0,0.0,0.0,0.0,0.0
2025/11/24,16:40:17,0,80.0,199.0,241.0,255.0,11.0,201.0,4.0,3.0,0.0,0.0,0.0,0.0
2025/11/24,16:40:22,0,79.0,221.0,241.0,255.0,4.0,202.0,2.0,2.0,0.0,0.0,0.0,0.0
2025/11/24,16:40:27,0,80.0,205.0,242.0,255.0,2.0,203.0,2.0,2.0,0.0,0.0,0.0,0.0
2025/11/24,16:40:32,0,80.0,199.0,242.0,254.0,0.0,201.0,1.0,1.0,0.0,0.0,0.0,0.0
2025/11/24,16:40:37,0,80.0,194.0,238.0,254.0,9.0,202.0,2.0,2.0,0.0,0.0,0.0,0.0
2025/11/24,16:40:42,0,82.0,197.0,241.0,255.0,9.0,202.0,2.0,2.0,0.0,0.0,0.0,0.0
2025/11/24,16:40:47,0,82.0,188.0,239.0,253.0,12.0,202.0,4.0,4.0,0.0,0.0,0.0,0.0
2025/11/24,16:40:52,0,84.0,210.0,241.0,255.0,8.0,202.0,4.0,2.0,0.0,0.0,0.0,0.0
2025/11/24,16:40:57,0,81.0,212.0,243.0,254.0,3.0,201.0,3.0,2.0,0.0,0.0,0.0,0.0
2025/11/24,16:41:02,0,81.0,199.0,241.0,255.0,1.0,201.0,1.0,1.0,0.0,0.0,0.0,0.0
2025/11/24,16:41:07,0,81.0,201.0,239.0,254.0,10.0,202.0,2.0,2.0,0.0,0.0,0.0,0.0
2025/11/24,16:41:12,0,81.0,188.0,241.0,253.0,12.0,201.0,3.0,3.0,0.0,0.0,0.0,0.0
2025/11/24,16:41:17,0,78.0,216.0,241.0,255.0,4.0,201.0,1.0,2.0,0.0,0.0,0.0,0.0
2025/11/24,16:41:22,0,78.0,199.0,242.0,255.0,0.0,203.0,1.0,1.0,0.0,0.0,0.0,0.0
2025/11/24,16:41:27,0,77.0,200.0,241.0,253.0,9.0,201.0,2.0,2.0,0.0,0.0,0.0,0.0
2025/11/24,16:41:32,0,78.0,190.0,240.0,254.0,12.0,201.0,3.0,3.0,0.0,0.0,0.0,0.0
2025/11/24,16:41:37,0,79.0,198.0,240.0,254.0,14.0,203.0,4.0,3.0,0.0,0.0,0.0,0.0
2025/11/24,16:41:42,0,79.0,202.0,242.0,253.0,1.0,201.0,1.0,1.0,0.0,0.0,0.0,0.0
2025/11/24,16:41:47,0,76.0,203.0,240.0,254.0,9.0,203.0,2.0,2.0,0.0,0.0,0.0,0.0
2025/11/24,16:41:52,0,82.0,210.0,242.0,255.0,5.0,202.0,4.0,3.0,0.0,0.0,0.0,0.0
2025/11/24,16:41:57,0,77.0,198.0,241.0,255.0,0.0,203.0,1.0,0.0,0.0,0.0,0.0,0.0
2025/11/24,16:42:02,0,78.0,195.0,239.0,255.0,10.0,203.0,3.0,2.0,0.0,0.0,0.0,0.0
2025/11/24,16:42:07,0,76.0,210.0,243.0,255.0,4.0,202.0,3.0,2.0,0.0,0.0,0.0,0.0
2025/11/24,16:42:12,0,79.0,198.0,242.0,254.0,0.0,203.0,0.0,0.0,0.0,0.0,0.0,0.0
2025/11/24,16:42:17,0,78.0,192.0,240.0,254.0,12.0,202.0,3.0,3.0,0.0,0.0,0.0,0.0
2025/11/24,16:42:22,0,78.0,211.0,242.0,254.0,3.0,203.0,3.0,2.0,0.0,0.0,0.0,0.0
2025/11/24,16:42:27,0,79.0,200.0,240.0,255.0,10.0,202.0,3.0,3.0,0.0,0.0,0.0,0.0
2025/11/24,16:42:32,0,82.0,204.0,241.0,255.0,10.0,203.0,4.0,3.0,0.0,0.0,0.0,0.0
2025/11/24,16:42:37,0,80.0,206.0,241.0,255.0,2.0,202.0,3.0,2.0,0.0,0.0,0.0,0.0
2025/11/24,16:42:42,0,80.0,196.0,240.0,254.0,8.0,203.0,3.0,2.0,0.0,0.0,0.0,0.0
2025/11/24,16:42:47,0,82.0,193.0,241.0,253.0,16.0,203.0,4.0,3.0,0.0,0.0,0.0,0.0
2025/11/24,16:42:52,0,79.0,220.0,243.0,255.0,3.0,202.0,3.0,2.0,0.0,0.0,0.0,0.0
2025/11/24,16:42:57,0,79.0,197.0,242.0,255.0,0.0,203.0,0.0,1.0,0.0,0.0,0.0,0.0
2025/11/24,16:43:02,0,81.0,195.0,241.0,255.0,9.0,202.0,3.0,2.0,0.0,0.0,0.0,0.0
2025/11/24,16:43:07,0,84.0,214.0,244.0,254.0,6.0,201.0,2.0,1.0,0.0,0.0,0.0,0.0
2025/11/24,16:43:12,0,81.0,199.0,242.0,255.0,0.0,203.0,1.0,1.0,0.0,0.0,0.0,0.0
2025/11/24,16:43:17,0,81.0,193.0,240.0,254.0,11.0,202.0,2.0,3.0,0.0,0.0,0.0,0.0
2025/11/24,16:43:22,0,80.0,213.0,244.0,253.0,3.0,201.0,2.0,2.0,0.0,0.0,0.0,0.0
2025/11/24,16:43:27,0,79.0,199.0,244.0,256.0,0.0,201.0,1.0,0.0,0.0,0.0,0.0,0.0
2025/11/24,16:43:32,0,80.0,198.0,242.0,256.0,9.0,202.0,2.0,2.0,0.0,0.0,0.0,0.0
2025/11/24,16:43:37,0,78.0,210.0,243.0,255.0,5.0,203.0,3.0,2.0,0.0,0.0,0.0,0.0
2025/11/24,16:43:42,0,78.0,198.0,243.0,254.0,0.0,202.0,1.0,1.0,0.0,0.0,0.0,0.0
2025/11/24,16:43:47,0,79.0,191.0,241.0,254.0,13.0,202.0,2.0,2.0,0.0,0.0,0.0,0.0
2025/11/24,16:43:52,0,77.0,210.0,243.0,255.0,2.0,202.0,3.0,2.0,0.0,0.0,0.0,0.0
2025/11/24,16:43:57,0,78.0,196.0,241.0,255.0,9.0,203.0,3.0,3.0,0.0,0.0,0.0,0.0
2025/11/24,16:44:02,0,80.0,191.0,241.0,254.0,15.0,202.0,5.0,3.0,0.0,0.0,0.0,0.0
2025/11/24,16:44:07,0,79.0,216.0,243.0,255.0,4.0,201.0,3.0,2.0,0.0,0.0,0.0,0.0
2025/11/24,16:44:12,0,78.0,194.0,241.0,254.0,7.0,202.0,3.0,2.0,0.0,0.0,0.0,0.0
2025/11/24,16:44:17,0,79.0,200.0,241.0,254.0,12.0,201.0,4.0,3.0,0.0,0.0,0.0,0.0
2025/11/24,16:44:22,0,79.0,206.0,243.0,255.0,1.0,202.0,3.0,2.0,0.0,0.0,0.0,0.0
2025/11/24,16:44:27,0,80.0,195.0,241.0,254.0,12.0,202.0,3.0,3.0,-0.0008,0.0,0.0,0.0
2025/11/24,16:44:32,0,79.0,187.0,240.0,253.0,12.0,202.0,4.0,3.0,0.0,0.0,0.0,0.0
2025/11/24,16:44:37,0,79.0,218.0,244.0,256.0,2.0,202.0,2.0,1.0,0.0,0.0,0.0,0.0
2025/11/24,16:44:42,0,78.0,200.0,244.0,255.0,0.0,201.0,0.0,1.0,0.0,0.0,0.0,0.0
2025/11/24,16:44:47,0,79.0,194.0,241.0,254.0,10.0,202.0,3.0,3.0,0.0,0.0,0.0,0.0
2025/11/24,16:44:52,0,78.0,218.0,243.0,254.0,4.0,201.0,2.0,2.0,0.0,0.0,0.0,0.0
2025/11/24,16:44:57,0,79.0,196.0,241.0,255.0,6.0,203.0,2.0,2.0,0.0,0.0,0.0,0.0
2025/11/24,16:45:02,0,77.0,191.0,242.0,256.0,12.0,201.0,3.0,3.0,0.0,0.0,0.0,0.0
2025/11/24,16:45:07,0,78.0,212.0,243.0,255.0,6.0,203.0,3.0,2.0,0.0,0.0,0.0,0.0
2025/11/24,16:45:12,0,78.0,202.0,242.0,255.0,1.0,202.0,2.0,2.0,0.0,0.0,0.0,0.0
2025/11/24,16:45:17,0,73.0,199.0,241.0,254.0,10.0,203.0,3.0,3.0,0.0,0.0,0.0,0.0
2025/11/24,16:45:22,0,77.0,202.0,243.0,254.0,11.0,203.0,4.0,4.0,0.0,0.0,0.0,0.0
2025/11/24,16:45:27,0,77.0,209.0,245.0,255.0,2.0,202.0,3.0,2.0,0.0,0.0,0.0,0.0
2025/11/24,16:45:32,0,78.0,193.0,242.0,254.0,9.0,203.0,3.0,3.0,0.0,0.0,0.0,0.0
2025/11/24,16:45:37,0,76.0,190.0,240.0,254.0,16.0,201.0,5.0,3.0,0.0,0.0,0.0,0.0
2025/11/24,16:45:42,0,78.0,211.0,244.0,255.0,4.0,203.0,3.0,2.0,0.0,0.0,0.0,0.0
2025/11/24,16:45:47,0,73.0,200.0,242.0,253.0,10.0,202.0,3.0,3.0,0.0,0.0,0.0,0.0
2025/11/24,16:45:52,0,79.0,213.0,244.0,255.0,5.0,202.0,3.0,2.0,0.0,0.0,0.0,0.0
2025/11/24,16:45:57,0,76.0,196.0,240.0,255.0,4.0,203.0,2.0,2.0,0.0,0.0,0.0,0.0
2025/11/24,16:46:02,0,79.0,203.0,242.0,254.0,13.0,202.0,5.0,3.0,0.0,0.0,0.0,0.0
2025/11/24,16:46:07,0,75.0,200.0,244.0,254.0,0.0,202.0,1.0,0.0,0.0,0.0,0.0,0.0
2025/11/24,16:46:12,0,78.0,191.0,242.0,254.0,13.0,203.0,4.0,4.0,0.0,0.0,0.0,0.0
2025/11/24,16:46:17,0,76.0,200.0,245.0,255.0,0.0,204.0,1.0,1.0,0.0,0.0,0.0,0.0
2025/11/24,16:46:22,0,76.0,192.0,241.0,254.0,12.0,202.0,3.0,3.0,0.0,0.0,0.0,0.0
2025/11/24,16:46:27,0,77.0,211.0,245.0,254.0,3.0,202.0,3.0,2.0,0.0,0.0,0.0,0.0
2025/11/24,16:46:32,0,76.0,199.0,242.0,255.0,10.0,201.0,3.0,3.0,0.0,0.0,0.0,0.0
2025/11/24,16:46:37,0,76.0,218.0,245.0,255.0,4.0,203.0,3.0,2.0,0.0,0.0,0.0,0.0
2025/11/24,16:46:42,0,76.0,197.0,242.0,254.0,10.0,202.0,2.0,3.0,0.0,0.0,0.0,0.0
2025/11/24,16:46:47,0,76.0,210.0,245.0,255.0,3.0,203.0,3.0,2.0,0.0,0.0,0.0,0.0
2025/11/24,16:46:52,0,77.0,191.0,242.0,254.0,12.0,201.0,3.0,2.0,0.0,0.0,0.0,0.0
2025/11/24,16:46:57,0,78.0,198.0,244.0,255.0,0.0,203.0,1.0,0.0,0.0,0.0,0.0,0.0
2025/11/24,16:47:02,0,79.0,202.0,245.0,255.0,12.0,203.0,4.0,3.0,0.0,0.0,0.0,0.0
2025/11/24,16:47:07,0,80.0,198.0,244.0,253.0,1.0,202.0,1.0,1.0,0.0,0.0,0.0,0.0
2025/11/24,16:47:12,0,77.0,201.0,245.0,255.0,12.0,201.0,3.0,3.0,0.0,0.0,0.0,0.0
2025/11/24,16:47:17,0,76.0,199.0,243.0,255.0,0.0,203.0,1.0,0.0,0.0,0.0,0.0,0.0
2025/11/24,16:47:22,0,75.0,191.0,243.0,254.0,11.0,203.0,2.0,2.0,0.0,0.0,0.0,0.0
2025/11/24,16:47:27,0,74.0,205.0,246.0,255.0,3.0,203.0,2.0,2.0,0.0,0.0,0.0,0.0
2025/11/24,16:47:32,0,75.0,188.0,244.0,253.0,13.0,202.0,4.0,3.0,0.0,0.0,0.0,0.0
2025/11/24,16:47:37,0,71.0,196.0,243.0,255.0,6.0,201.0,2.0,2.0,0.0,0.0,0.0,0.0
2025/11/24,16:47:42,0,74.0,214.0,247.0,253.0,2.0,202.0,3.0,1.0,0.0,0.0,0.0,0.0
2025/11/24,16:47:47,0,76.0,195.0,244.0,255.0,14.0,202.0,4.0,3.0,0.0,0.0,0.0,0.0
2025/11/24,16:47:52,0,73.0,194.0,244.0,255.0,6.0,203.0,2.0,2.0,0.0,0.0,0.0,0.0
2025/11/24,16:47:57,0,75.0,212.0,245.0,254.0,3.0,203.0,3.0,2.0,0.0,0.0,0.0,0.0
2025/11/24,16:48:02,0,77.0,193.0,244.0,254.0,14.0,201.0,4.0,4.0,0.0,0.0,0.0,0.0
2025/11/24,16:48:07,0,76.0,195.0,243.0,254.0,10.0,203.0,3.0,3.0,0.0,0.0,0.0,0.0
2025/11/24,16:48:12,0,76.0,202.0,246.0,254.0,0.0,202.0,2.0,1.0,0.0,0.0,0.0,0.0
2025/11/24,16:48:17,0,76.0,214.0,246.0,255.0,4.0,202.0,2.0,1.0,0.0,0.0,0.0,0.0
2025/11/24,16:48:22,0,74.0,194.0,243.0,254.0,14.0,203.0,4.0,3.0,0.0,0.0,0.0,0.0
2025/11/24,16:48:27,0,75.0,201.0,240.0,255.0,12.0,202.0,3.0,3.0,0.0,0.0,0.0,0.0
2025/11/24,16:49:23,0,74.0,191.0,244.0,255.0,10.0,203.0,4.0,2.0,0.0,0.0,0.0,0.0
2025/11/24,16:49:27,0,75.0,210.0,246.0,253.0,1.0,202.0,3.0,2.0,0.0,0.0,0.0,0.0
2025/11/24,16:49:32,0,76.0,189.0,244.0,253.0,12.0,202.0,5.0,3.0,0.0,0.0,0.0,0.0
2025/11/24,16:49:37,0,75.0,197.0,245.0,253.0,5.0,202.0,1.0,2.0,0.0,0.0,0.0,0.0
2025/11/24,16:49:42,0,75.0,215.0,246.0,255.0,4.0,203.0,3.0,2.0,0.0,0.0,0.0,0.0
2025/11/24,16:49:47,0,76.0,205.0,245.0,253.0,13.0,202.0,4.0,2.0,0.0,0.0,0.0,0.0
2025/11/24,16:49:52,0,73.0,196.0,243.0,254.0,11.0,201.0,2.0,2.0,0.0,0.0,0.0,0.0
2025/11/24,16:49:57,0,72.0,199.0,245.0,254.0,3.0,203.0,1.0,1.0,0.0,0.0,0.0,0.0
2025/11/24,16:50:02,0,72.0,220.0,247.0,253.0,3.0,201.0,2.0,2.0,0.0,0.0,0.0,0.0
2025/11/24,16:50:07,0,73.0,199.0,242.0,255.0,10.0,203.0,2.0,3.0,0.0,0.0,0.0,0.0
2025/11/24,16:50:12,0,74.0,204.0,246.0,255.0,2.0,202.0,2.0,2.0,0.0,0.0,0.0,0.0
2025/11/24,16:50:17,0,72.0,197.0,245.0,255.0,14.0,202.0,5.0,4.0,0.0,0.0,0.0,0.0
2025/11/24,16:50:22,0,77.0,197.0,245.0,254.0,3.0,203.0,1.0,2.0,0.0,0.0,0.0,0.0
2025/11/24,16:50:27,0,79.0,215.0,248.0,253.0,7.0,203.0,2.0,1.0,0.0,0.0,0.0,0.0
2025/11/24,16:50:32,0,76.0,197.0,243.0,254.0,11.0,202.0,2.0,2.0,0.0,0.0,0.0,0.0
2025/11/24,16:50:37,0,74.0,202.0,246.0,254.0,2.0,203.0,2.0,1.0,0.0,0.0,0.0,0.0
2025/11/24,16:50:42,0,76.0,197.0,245.0,253.0,16.0,202.0,4.0,3.0,0.0,0.0,0.0,0.0
2025/11/24,16:50:47,0,72.0,199.0,245.0,254.0,1.0,203.0,1.0,1.0,0.0,0.0,0.0,0.0
2025/11/24,16:50:52,0,75.0,199.0,244.0,254.0,13.0,201.0,3.0,3.0,0.0,0.0,0.0,0.0
2025/11/24,16:50:57,0,75.0,201.0,246.0,254.0,0.0,202.0,0.0,0.0,0.0,0.0,0.0,0.0
2025/11/24,16:51:02,0,74.0,190.0,244.0,254.0,12.0,203.0,3.0,2.0,0.0,0.0,0.0,0.0
2025/11/24,16:51:07,0,75.0,217.0,247.0,254.0,2.0,201.0,3.0,2.0,0.0,0.0,0.0,0.0
2025/11/24,16:51:12,0,75.0,196.0,242.0,255.0,8.0,202.0,2.0,2.0,0.0,0.0,0.0,0.0
2025/11/24,16:51:17,0,74.0,195.0,246.0,254.0,15.0,202.0,4.0,3.0,0.0,0.0,0.0,0.0
2025/11/24,16:51:22,0,75.0,208.0,248.0,254.0,2.0,202.0,3.0,1.0,0.0,0.0,0.0,-0.0008
2025/11/24,16:51:27,0,72.0,201.0,244.0,255.0,10.0,202.0,2.0,2.0,0.0,0.0,0.0,0.0
2025/11/24,16:51:32,0,71.0,208.0,245.0,255.0,9.0,203.0,4.0,2.0,0.0,0.0,0.0,0.0
2025/11/24,16:51:37,0,75.0,199.0,244.0,254.0,0.0,204.0,0.0,0.0,0.0,0.0,0.0,0.0
2025/11/24,16:51:42,0,73.0,192.0,244.0,254.0,10.0,203.0,3.0,3.0,0.0,0.0,0.0,0.0
2025/11/24,16:51:47,0,74.0,191.0,244.0,255.0,14.0,202.0,4.0,3.0,0.0,0.0,0.0,0.0
2025/11/24,16:51:52,0,76.0,195.0,244.0,254.0,8.0,203.0,3.0,3.0,0.0,0.0,0.0,0.0
2025/11/24,16:51:57,0,74.0,212.0,246.0,254.0,5.0,204.0,3.0,2.0,0.0,0.0,0.0,0.0
2025/11/24,16:52:02,0,74.0,197.0,246.0,255.0,0.0,202.0,0.0,1.0,0.0,0.0,0.0,0.0
2025/11/24,16:52:07,0,72.0,189.0,243.0,255.0,11.0,203.0,3.0,3.0,0.0,0.0,0.0,0.0
2025/11/24,16:52:12,0,74.0,207.0,247.0,253.0,2.0,202.0,2.0,2.0,0.0,0.0,0.0,0.0
2025/11/24,16:52:17,0,75.0,193.0,244.0,254.0,13.0,202.0,3.0,3.0,0.0,0.0,0.0,0.0
2025/11/24,16:52:22,0,76.0,203.0,248.0,255.0,1.0,202.0,2.0,1.0,0.0,0.0,0.0,0.0
2025/11/24,16:52:27,0,72.0,195.0,246.0,255.0,12.0,202.0,4.0,3.0,0.0,0.0,0.0,0.0
2025/11/24,16:52:32,0,74.0,197.0,245.0,254.0,0.0,203.0,0.0,0.0,0.0,0.0,0.0,0.0
2025/11/24,16:52:37,0,74.0,191.0,244.0,254.0,15.0,202.0,5.0,4.0,0.0,0.0,0.0,0.0
2025/11/24,16:52:42,0,74.0,206.0,248.0,254.0,2.0,201.0,2.0,1.0,0.0,0.0,0.0,0.0
2025/11/24,16:52:47,0,73.0,201.0,244.0,255.0,10.0,204.0,2.0,3.0,0.0,0.0,0.0,0.0
2025/11/24,16:52:52,0,73.0,211.0,247.0,256.0,6.0,201.0,3.0,2.0,0.0,0.0,0.0,0.0
2025/11/24,16:52:57,0,72.0,198.0,246.0,254.0,0.0,202.0,1.0,0.0,0.0,0.0,0.0,0.0
2025/11/24,16:53:02,0,77.0,197.0,245.0,254.0,13.0,203.0,4.0,3.0,0.0,0.0,0.0,0.0
2025/11/24,16:53:07,0,76.0,198.0,245.0,254.0,0.0,204.0,1.0,1.0,0.0,0.0,0.0,0.0
2025/11/24,16:53:12,0,72.0,200.0,246.0,254.0,12.0,203.0,3.0,3.0,0.0,0.0,0.0,0.0
2025/11/24,16:53:17,0,76.0,199.0,244.0,255.0,2.0,203.0,1.0,1.0,0.0,0.0,0.0,0.0
2025/11/24,16:53:22,0,71.0,208.0,248.0,253.0,7.0,202.0,3.0,2.0,0.0,0.0,0.0,0.0
2025/11/24,16:53:27,0,71.0,200.0,243.0,255.0,14.0,203.0,3.0,3.0,0.0,0.0,0.0,0.0
2025/11/24,16:53:32,0,74.0,214.0,247.0,255.0,4.0,202.0,3.0,2.0,0.0,0.0,0.0,0.0
2025/11/24,16:53:37,0,73.0,190.0,244.0,254.0,12.0,203.0,3.0,3.0,0.0,0.0,0.0,0.0
2025/11/24,16:53:42,0,76.0,198.0,248.0,253.0,1.0,202.0,1.0,0.0,0.0,0.0,0.0,0.0
2025/11/24,16:53:47,0,74.0,201.0,246.0,254.0,13.0,203.0,3.0,3.0,0.0,0.0,0.0,0.0
2025/11/24,16:53:52,0,72.0,200.0,246.0,254.0,1.0,202.0,1.0,1.0,0.0,0.0,0.0,0.0
2025/11/24,16:53:57,0,73.0,200.0,244.0,255.0,13.0,204.0,3.0,2.0,0.0,0.0,0.0,0.0
2025/11/24,16:54:02,0,72.0,199.0,248.0,255.0,0.0,202.0,1.0,1.0,0.0,0.0,0.0,0.0
2025/11/24,16:54:07,0,72.0,195.0,243.0,254.0,11.0,202.0,3.0,2.0,0.0,0.0,0.0,0.0
2025/11/24,16:54:12,0,72.0,223.0,246.0,255.0,4.0,203.0,2.0,2.0,0.0,0.0,0.0,0.0
2025/11/24,16:54:17,0,70.0,198.0,244.0,255.0,9.0,202.0,3.0,3.0,0.0,0.0,0.0,0.0
2025/11/24,16:54:22,0,69.0,213.0,248.0,253.0,6.0,202.0,2.0,3.0,0.0,0.0,0.0,0.0
2025/11/24,16:54:27,0,75.0,198.0,246.0,254.0,3.0,203.0,1.0,1.0,0.0,0.0,0.0,0.0
2025/11/24,16:54:32,0,70.0,194.0,246.0,254.0,16.0,203.0,5.0,3.0,0.0,0.0,0.0,0.0
2025/11/24,16:54:37,0,73.0,199.0,246.0,256.0,0.0,203.0,1.0,1.0,0.0,0.0,0.0,0.0
2025/11/24,16:54:42,0,73.0,201.0,246.0,254.0,13.0,202.0,3.0,3.0,0.0,0.0,0.0,0.0
2025/11/24,16:54:47,0,72.0,200.0,246.0,254.0,1.0,202.0,1.0,0.0,0.0,0.0,0.0,-0.0008
2025/11/24,16:54:52,0,73.0,195.0,246.0,254.0,14.0,203.0,4.0,4.0,0.0,0.0,0.0,0.0
2025/11/24,16:54:57,0,72.0,198.0,247.0,255.0,0.0,203.0,1.0,1.0,0.0,0.0,0.0,0.0
2025/11/24,16:55:02,0,75.0,210.0,247.0,254.0,1.0,201.0,2.0,2.0,0.0,0.0,0.0,0.0
2025/11/24,16:55:07,0,73.0,196.0,246.0,253.0,6.0,203.0,2.0,2.0,0.0,0.0,0.0,0.0
2025/11/24,16:55:12,0,71.0,206.0,248.0,255.0,9.0,203.0,3.0,3.0,0.0,0.0,0.0,0.0
2025/11/24,16:55:17,0,72.0,200.0,248.0,254.0,0.0,202.0,0.0,1.0,0.0,0.0,0.0,0.0
2025/11/24,16:55:22,0,72.0,188.0,245.0,254.0,20.0,202.0,4.0,3.0,0.0,0.0,0.0,0.0
2025/11/24,16:55:27,0,73.0,204.0,249.0,255.0,2.0,202.0,2.0,1.0,0.0,0.0,0.0,0.0
2025/11/24,16:55:32,0,72.0,190.0,246.0,255.0,12.0,202.0,4.0,3.0,0.0,0.0,0.0,0.0
2025/11/24,16:55:37,0,70.0,200.0,247.0,255.0,0.0,203.0,0.0,0.0,0.0,0.0,0.0,0.0
2025/11/24,16:55:42,0,73.0,204.0,248.0,253.0,11.0,202.0,4.0,2.0,0.0,0.0,0.0,0.0
2025/11/24,16:55:47,0,72.0,194.0,246.0,255.0,8.0,202.0,3.0,3.0,0.0,0.0,0.0,0.0
2025/11/24,16:55:52,0,71.0,219.0,248.0,254.0,4.0,203.0,3.0,2.0,0.0,0.0,0.0,0.0
2025/11/24,16:55:57,0,72.0,195.0,246.0,254.0,11.0,202.0,2.0,3.0,0.0,0.0,0.0,0.0
2025/11/24,16:56:02,0,74.0,200.0,247.0,254.0,0.0,202.0,1.0,0.0,0.0,0.0,0.0,0.0
2025/11/24,16:56:07,0,73.0,213.0,248.0,254.0,7.0,203.0,2.0,2.0,0.0,0.0,0.0,0.0
2025/11/24,16:56:12,0,71.0,194.0,245.0,254.0,11.0,203.0,3.0,3.0,0.0,0.0,0.0,0.0
2025/11/24,16:56:17,0,71.0,198.0,246.0,254.0,2.0,203.0,1.0,1.0,0.0,0.0,0.0,0.0
2025/11/24,16:56:22,0,70.0,216.0,248.0,253.0,6.0,201.0,1.0,1.0,0.0,0.0,0.0,0.0
2025/11/24,16:56:27,0,71.0,199.0,245.0,254.0,8.0,203.0,2.0,3.0,0.0,0.0,0.0,0.0
2025/11/24,16:56:32,0,71.0,211.0,248.0,254.0,3.0,202.0,3.0,2.0,0.0,0.0,0.0,0.0
2025/11/24,16:56:37,0,73.0,194.0,245.0,254.0,11.0,203.0,3.0,3.0,0.0,0.0,0.0,0.0
2025/11/24,16:56:42,0,72.0,210.0,246.0,254.0,4.0,203.0,3.0,2.0,0.0,0.0,0.0,-0.0008
2025/11/24,16:56:47,0,71.0,201.0,246.0,256.0,10.0,202.0,3.0,2.0,0.0,0.0,0.0,0.0
2025/11/24,16:56:52,0,72.0,214.0,246.0,254.0,7.0,203.0,2.0,1.0,0.0,0.0,-0.0008,0.0
2025/11/24,16:56:57,0,73.0,199.0,246.0,254.0,4.0,201.0,1.0,2.0,0.0,0.0,0.0,0.0
2025/11/24,16:57:02,0,72.0,193.0,246.0,253.0,15.0,202.0,3.0,3.0,0.0,0.0,0.0,0.0
2025/11/24,16:57:07,0,71.0,207.0,248.0,255.0,2.0,202.0,3.0,1.0,0.0,0.0,0.0,0.0
2025/11/24,16:57:12,0,71.0,202.0,245.0,253.0,10.0,203.0,3.0,3.0,0.0,0.0,0.0,0.0
2025/11/24,16:57:17,0,72.0,216.0,249.0,255.0,4.0,202.0,3.0,1.0,0.0,0.0,0.0,0.0
2025/11/24,16:57:22,0,72.0,196.0,246.0,254.0,4.0,204.0,2.0,2.0,0.0,0.0,0.0,0.0
2025/11/24,16:57:27,0,74.0,191.0,244.0,255.0,17.0,204.0,4.0,4.0,0.0,0.0,0.0,0.0
2025/11/24,16:57:32,0,73.0,208.0,248.0,255.0,1.0,202.0,3.0,2.0,-0.0008,0.0,0.0,0.0
2025/11/24,16:57:37,0,72.0,202.0,245.0,254.0,9.0,203.0,2.0,3.0,0.0,0.0,0.0,0.0
2025/11/24,16:57:42,0,73.0,216.0,248.0,254.0,3.0,202.0,3.0,2.0,0.0,0.0,0.0,0.0
2025/11/24,16:57:47,0,71.0,199.0,244.0,255.0,7.0,203.0,2.0,2.0,0.0,0.0,0.0,0.0
2025/11/24,16:57:52,0,76.0,199.0,247.0,253.0,15.0,202.0,4.0,3.0,0.0,0.0,0.0,0.0
2025/11/24,16:57:57,0,73.0,200.0,248.0,254.0,1.0,202.0,1.0,1.0,0.0,0.0,0.0,0.0
2025/11/24,16:58:02,0,74.0,191.0,245.0,254.0,11.0,202.0,2.0,3.0,0.0,0.0,0.0,0.0
2025/11/24,16:58:07,0,73.0,216.0,248.0,254.0,5.0,203.0,4.0,2.0,0.0,0.0,0.0,0.0
2025/11/24,16:58:12,0,72.0,205.0,246.0,254.0,11.0,201.0,2.0,3.0,0.0,0.0,0.0,0.0
2025/11/24,16:58:17,0,70.0,217.0,249.0,255.0,5.0,202.0,3.0,1.0,0.0,0.0,0.0,0.0
2025/11/24,16:58:22,0,71.0,198.0,246.0,254.0,3.0,204.0,1.0,1.0,0.0,0.0,0.0,0.0
2025/11/24,16:58:27,0,71.0,188.0,247.0,255.0,16.0,203.0,4.0,3.0,0.0,0.0,0.0,0.0
2025/11/24,16:58:32,0,70.0,218.0,248.0,255.0,4.0,203.0,3.0,2.0,0.0,0.0,0.0,0.0
2025/11/24,16:58:37,0,73.0,199.0,247.0,255.0,3.0,202.0,1.0,1.0,0.0,0.0,0.0,0.0
2025/11/24,16:59:25,0,74.0,217.0,246.0,255.0,1.0,202.0,2.0,2.0,0.0,0.0,0.0,0.0
2025/11/24,16:59:27,0,72.0,200.0,248.0,254.0,0.0,201.0,1.0,1.0,0.0,0.0,0.0,0.0
2025/11/24,16:59:32,0,72.0,190.0,244.0,254.0,12.0,202.0,3.0,3.0,0.0,0.0,0.0,0.0
2025/11/24,16:59:37,0,73.0,213.0,248.0,255.0,3.0,203.0,2.0,2.0,0.0,0.0,0.0,0.0
2025/11/24,16:59:42,0,74.0,200.0,243.0,255.0,10.0,201.0,2.0,3.0,0.0,0.0,0.0,0.0
2025/11/24,16:59:47,0,74.0,214.0,249.0,253.0,5.0,202.0,4.0,1.0,0.0,0.0,0.0,0.0
2025/11/24,16:59:52,0,75.0,200.0,247.0,255.0,0.0,203.0,0.0,0.0,0.0,0.0,0.0,0.0
2025/11/24,16:59:57,0,73.0,196.0,246.0,254.0,10.0,202.0,2.0,3.0,0.0,0.0,0.0,0.0
2025/11/24,17:00:02,0,74.0,221.0,249.0,254.0,3.0,203.0,3.0,2.0,0.0,0.0,0.0,0.0
2025/11/24,17:00:07,0,69.0,196.0,247.0,254.0,9.0,203.0,2.0,2.0,0.0,0.0,0.0,0.0
2025/11/24,17:00:12,0,74.0,206.0,247.0,254.0,11.0,203.0,4.0,3.0,0.0,0.0,0.0,0.0
2025/11/24,17:00:17,0,72.0,199.0,249.0,255.0,0.0,204.0,1.0,1.0,0.0,0.0,0.0,0.0
2025/11/24,17:00:22,0,73.0,189.0,245.0,253.0,15.0,203.0,4.0,3.0,0.0,0.0,0.0,0.0
2025/11/24,17:00:27,0,73.0,204.0,249.0,255.0,0.0,201.0,1.0,1.0,0.0,0.0,0.0,0.0
2025/11/24,17:00:32,0,72.0,192.0,246.0,254.0,11.0,202.0,2.0,3.0,0.0,0.0,0.0,0.0
2025/11/24,17:00:37,0,73.0,213.0,249.0,253.0,4.0,204.0,3.0,2.0,0.0,0.0,0.0,0.0
2025/11/24,17:00:42,0,73.0,201.0,246.0,254.0,11.0,203.0,3.0,3.0,0.0,0.0,0.0,0.0
2025/11/24,17:00:47,0,73.0,221.0,246.0,255.0,5.0,203.0,3.0,2.0,0.0,0.0,0.0,0.0
2025/11/24,17:00:52,0,72.0,199.0,246.0,254.0,11.0,203.0,2.0,3.0,0.0,0.0,0.0,0.0
2025/11/24,17:00:57,0,74.0,218.0,247.0,255.0,5.0,203.0,3.0,2.0,0.0,0.0,0.0,0.0
2025/11/24,17:01:02,0,74.0,202.0,245.0,254.0,10.0,202.0,3.0,2.0,0.0,0.0,0.0,0.0
2025/11/24,17:01:07,0,77.0,215.0,249.0,253.0,5.0,204.0,2.0,1.0,0.0,0.0,0.0,0.0
2025/11/24,17:01:12,0,74.0,199.0,247.0,254.0,2.0,202.0,2.0,0.0,0.0,0.0,0.0,0.0
2025/11/24,17:01:17,0,75.0,188.0,247.0,254.0,13.0,201.0,3.0,3.0,0.0,0.0,0.0,0.0
2025/11/24,17:01:22,0,73.0,209.0,249.0,254.0,1.0,202.0,2.0,2.0,0.0,0.0,0.0,0.0
2025/11/24,17:01:27,0,74.0,195.0,246.0,254.0,11.0,203.0,3.0,3.0,0.0,0.0,0.0,0.0
2025/11/24,17:01:32,0,71.0,213.0,248.0,254.0,3.0,203.0,3.0,2.0,-0.0008,0.0,0.0,0.0
2025/11/24,17:01:37,0,72.0,200.0,245.0,254.0,12.0,204.0,2.0,2.0,0.0,0.0,0.0,0.0
2025/11/24,17:01:42,0,71.0,221.0,249.0,255.0,3.0,202.0,3.0,2.0,0.0,0.0,0.0,0.0
2025/11/24,17:01:47,0,74.0,198.0,247.0,254.0,6.0,202.0,3.0,2.0,0.0,0.0,0.0,0.0
2025/11/24,17:01:52,0,73.0,194.0,247.0,254.0,14.0,203.0,4.0,4.0,0.0,0.0,0.0,0.0
2025/11/24,17:01:57,0,73.0,207.0,249.0,253.0,2.0,203.0,2.0,2.0,0.0,0.0,0.0,0.0
2025/11/24,17:02:02,0,72.0,213.0,249.0,254.0,1.0,203.0,1.0,1.0,0.0,0.0,0.0,0.0
2025/11/24,17:02:07,0,72.0,189.0,246.0,254.0,9.0,204.0,4.0,3.0,0.0,0.0,0.0,0.0
2025/11/24,17:02:12,0,69.0,211.0,248.0,255.0,8.0,203.0,2.0,2.0,0.0,0.0,0.0,0.0
2025/11/24,17:02:17,0,72.0,213.0,248.0,254.0,6.0,203.0,3.0,2.0,0.0,0.0,0.0,0.0
2025/11/24,17:02:22,0,71.0,200.0,247.0,254.0,0.0,202.0,1.0,1.0,0.0,0.0,0.0,0.0
2025/11/24,17:02:27,0,72.0,202.0,247.0,253.0,10.0,203.0,2.0,3.0,0.0,0.0,0.0,0.0
2025/11/24,17:02:32,0,73.0,200.0,248.0,255.0,14.0,203.0,5.0,4.0,0.0,0.0,0.0,0.0
2025/11/24,17:02:37,0,68.0,217.0,248.0,254.0,4.0,202.0,2.0,2.0,0.0,0.0,0.0,0.0
2025/11/24,17:02:42,0,72.0,209.0,249.0,254.0,3.0,203.0,2.0,2.0,0.0,0.0,0.0,0.0
2025/11/24,17:02:47,0,73.0,200.0,248.0,254.0,0.0,202.0,1.0,1.0,0.0,0.0,0.0,0.0
2025/11/24,17:02:52,0,70.0,198.0,247.0,255.0,12.0,202.0,3.0,3.0,0.0,0.0,0.0,0.0
2025/11/24,17:02:57,0,73.0,190.0,246.0,254.0,12.0,203.0,3.0,3.0,0.0,0.0,0.0,0.0
2025/11/24,17:03:02,0,74.0,211.0,246.0,254.0,7.0,202.0,3.0,2.0,0.0,0.0,0.0,0.0
2025/11/24,17:03:07,0,73.0,212.0,248.0,254.0,3.0,202.0,3.0,2.0,0.0,0.0,0.0,0.0
2025/11/24,17:03:12,0,75.0,199.0,248.0,254.0,3.0,202.0,2.0,1.0,0.0,0.0,0.0,0.0
2025/11/24,17:03:17,0,73.0,193.0,246.0,254.0,12.0,202.0,3.0,3.0,0.0,0.0,0.0,0.0
2025/11/24,17:03:22,0,72.0,212.0,248.0,254.0,7.0,202.0,3.0,2.0,0.0,0.0,0.0,0.0
2025/11/24,17:03:27,0,72.0,206.0,249.0,254.0,3.0,201.0,2.0,2.0,0.0,0.0,0.0,0.0
2025/11/24,17:03:32,0,74.0,196.0,248.0,253.0,7.0,202.0,2.0,2.0,0.0,0.0,0.0,0.0
2025/11/24,17:03:37,0,72.0,192.0,246.0,254.0,12.0,202.0,3.0,3.0,0.0,0.0,0.0,0.0
2025/11/24,17:03:42,0,73.0,209.0,249.0,254.0,6.0,203.0,4.0,2.0,0.0,0.0,0.0,0.0
2025/11/24,17:03:47,0,72.0,211.0,250.0,254.0,3.0,203.0,3.0,1.0,0.0,0.0,0.0,0.0
2025/11/24,17:03:52,0,72.0,199.0,247.0,254.0,4.0,203.0,1.0,1.0,0.0,0.0,0.0,0.0
2025/11/24,17:03:57,0,72.0,198.0,246.0,254.0,12.0,203.0,2.0,3.0,0.0,0.0,0.0,0.0
2025/11/24,17:04:02,0,69.0,208.0,248.0,253.0,8.0,201.0,3.0,3.0,0.0,0.0,0.0,0.0
2025/11/24,17:04:07,0,71.0,209.0,249.0,255.0,2.0,203.0,2.0,2.0,0.0,0.0,0.0,0.0
2025/11/24,17:04:12,0,72.0,198.0,247.0,255.0,5.0,204.0,2.0,2.0,0.0,0.0,0.0,0.0
2025/11/24,17:04:17,0,70.0,200.0,248.0,255.0,10.0,202.0,3.0,2.0,0.0,0.0,0.0,0.0
2025/11/24,17:04:22,0,71.0,189.0,246.0,255.0,16.0,203.0,5.0,4.0,0.0,0.0,0.0,0.0
2025/11/24,17:04:27,0,74.0,220.0,249.0,255.0,2.0,202.0,3.0,1.0,0.0,0.0,0.0,0.0
2025/11/24,17:04:32,0,70.0,202.0,251.0,255.0,1.0,202.0,1.0,2.0,0.0,0.0,0.0,0.0
2025/11/24,17:04:37,0,71.0,194.0,247.0,253.0,12.0,202.0,3.0,2.0,0.0,0.0,0.0,0.0
2025/11/24,17:04:42,0,71.0,190.0,247.0,254.0,12.0,203.0,3.0,3.0,0.0,0.0,0.0,0.0
2025/11/24,17:04:47,0,73.0,215.0,249.0,253.0,3.0,203.0,3.0,2.0,0.0,0.0,0.0,0.0
2025/11/24,17:04:52,0,72.0,203.0,249.0,254.0,3.0,203.0,2.0,2.0,0.0,0.0,0.0,0.0
2025/11/24,17:04:57,0,73.0,192.0,248.0,254.0,9.0,203.0,3.0,3.0,0.0,0.0,0.0,0.0
2025/11/24,17:05:02,0,71.0,191.0,247.0,254.0,11.0,203.0,3.0,3.0,0.0,0.0,0.0,0.0
2025/11/24,17:05:07,0,72.0,212.0,249.0,254.0,6.0,203.0,3.0,2.0,0.0,0.0,0.0,0.0
2025/11/24,17:05:12,0,71.0,211.0,250.0,254.0,4.0,203.0,3.0,2.0,0.0,0.0,0.0,0.0
2025/11/24,17:05:17,0,72.0,198.0,246.0,255.0,8.0,204.0,2.0,2.0,0.0,0.0,0.0,0.0
2025/11/24,17:05:22,0,73.0,192.0,247.0,254.0,12.0,204.0,3.0,3.0,0.0,0.0,0.0,0.0
2025/11/24,17:05:27,0,74.0,218.0,250.0,254.0,3.0,203.0,4.0,1.0,0.0,0.0,0.0,0.0
2025/11/24,17:05:32,0,70.0,203.0,249.0,254.0,2.0,202.0,2.0,2.0,0.0,0.0,0.0,0.0
2025/11/24,17:05:37,0,69.0,193.0,247.0,254.0,9.0,203.0,3.0,3.0,0.0,0.0,0.0,0.0
2025/11/24,17:05:42,0,73.0,199.0,248.0,254.0,15.0,203.0,4.0,3.0,0.0,0.0,0.0,0.0
2025/11/24,17:05:47,0,71.0,199.0,248.0,255.0,0.0,202.0,0.0,1.0,0.0,0.0,0.0,0.0
2025/11/24,17:05:52,0,72.0,209.0,249.0,255.0,12.0,203.0,3.0,2.0,0.0,0.0,0.0,0.0
2025/11/24,17:05:57,0,70.0,203.0,247.0,254.0,9.0,204.0,2.0,3.0,0.0,0.0,0.0,0.0
2025/11/24,17:06:02,0,70.0,200.0,250.0,255.0,0.0,203.0,1.0,1.0,0.0,0.0,0.0,0.0
2025/11/24,17:06:07,0,72.0,220.0,250.0,255.0,8.0,202.0,2.0,2.0,0.0,0.0,0.0,0.0
2025/11/24,17:06:12,0,71.0,205.0,248.0,255.0,11.0,202.0,4.0,2.0,0.0,0.0,0.0,-0.0008
2025/11/24,17:06:17,0,67.0,189.0,247.0,254.0,15.0,203.0,4.0,3.0,0.0,0.0,0.0,0.0
2025/11/24,17:06:22,0,71.0,191.0,245.0,255.0,13.0,204.0,3.0,3.0,0.0,0.0,0.0,0.0
2025/11/24,17:06:27,0,72.0,200.0,247.0,254.0,9.0,203.0,2.0,2.0,0.0,0.0,0.0,0.0
2025/11/24,17:06:32,0,72.0,198.0,245.0,254.0,4.0,203.0,2.0,2.0,0.0,0.0,0.0,-0.0008
2025/11/24,17:06:37,0,72.0,218.0,250.0,254.0,5.0,203.0,3.0,2.0,0.0,0.0,0.0,-0.0008
2025/11/24,17:06:42,0,70.0,190.0,248.0,254.0,12.0,204.0,3.0,3.0,0.0,0.0,0.0,0.0
2025/11/24,17:06:47,0,72.0,200.0,249.0,255.0,1.0,203.0,1.0,2.0,0.0,0.0,0.0,0.0
2025/11/24,17:06:52,0,71.0,217.0,251.0,253.0,5.0,204.0,3.0,2.0,0.0,0.0,0.0,0.0
2025/11/24,17:06:57,0,76.0,200.0,249.0,254.0,13.0,203.0,4.0,3.0,0.0,0.0,0.0,0.0
2025/11/24,17:07:02,0,71.0,203.0,248.0,255.0,8.0,202.0,3.0,2.0,0.0,0.0,0.0,0.0
2025/11/24,17:07:07,0,72.0,206.0,251.0,252.0,2.0,202.0,3.0,2.0,0.0,0.0,0.0,0.0
2025/11/24,17:07:12,0,72.0,199.0,248.0,254.0,14.0,203.0,4.0,3.0,0.0,0.0,0.0,0.0
2025/11/24,17:07:17,0,71.0,194.0,245.0,254.0,9.0,203.0,3.0,3.0,0.0,0.0,0.0,0.0
2025/11/24,17:07:22,0,71.0,212.0,251.0,254.0,5.0,203.0,3.0,2.0,0.0,0.0,0.0,0.0
2025/11/24,17:07:27,0,71.0,201.0,249.0,254.0,13.0,203.0,4.0,3.0,0.0,0.0,0.0,0.0
2025/11/24,17:07:32,0,68.0,201.0,248.0,254.0,9.0,203.0,3.0,3.0,0.0,0.0,0.0,0.0
2025/11/24,17:07:37,0,71.0,207.0,250.0,254.0,3.0,203.0,3.0,1.0,0.0,0.0,0.0,0.0
2025/11/24,17:07:42,0,70.0,204.0,250.0,254.0,11.0,202.0,4.0,3.0,0.0,0.0,0.0,0.0
2025/11/24,17:07:47,0,70.0,202.0,248.0,255.0,11.0,203.0,3.0,1.0,0.0,0.0,0.0,0.0
2025/11/24,17:07:52,0,69.0,212.0,250.0,254.0,3.0,203.0,3.0,2.0,0.0,0.0,0.0,0.0
2025/11/24,17:07:57,0,70.0,191.0,247.0,254.0,13.0,204.0,3.0,3.0,0.0,0.0,0.0,0.0
2025/11/24,17:08:02,0,71.0,198.0,250.0,254.0,0.0,203.0,1.0,1.0,0.0,0.0,0.0,0.0
2025/11/24,17:08:07,0,71.0,215.0,252.0,256.0,6.0,203.0,3.0,1.0,0.0,0.0,0.0,0.0
2025/11/24,17:08:12,0,68.0,200.0,247.0,255.0,9.0,202.0,2.0,3.0,0.0,0.0,0.0,0.0
2025/11/24,17:08:17,0,70.0,207.0,251.0,254.0,3.0,203.0,3.0,1.0,0.0,0.0,0.0,0.0
2025/11/24,17:08:22,0,65.0,198.0,249.0,254.0,16.0,202.0,5.0,3.0,0.0,0.0,0.0,0.0
2025/11/24,17:08:27,0,67.0,192.0,246.0,255.0,10.0,203.0,2.0,3.0,0.0,0.0,0.0,0.0
2025/11/24,17:08:32,0,67.0,216.0,252.0,254.0,4.0,204.0,2.0,2.0,0.0,0.0,0.0,0.0
2025/11/24,17:08:37,0,67.0,186.0,248.0,255.0,16.0,204.0,4.0,2.0,0.0,0.0,0.0,0.0
2025/11/24,17:08:42,0,67.0,198.0,250.0,255.0,3.0,204.0,1.0,1.0,0.0,0.0,0.0,0.0
2025/11/24,17:08:47,0,70.0,214.0,251.0,254.0,5.0,201.0,2.0,2.0,0.0,0.0,0.0,0.0
2025/11/24,17:09:32,0,66.0,201.0,249.0,254.0,12.0,203.0,3.0,3.0,0.0,0.0,0.0,0.0
2025/11/24,17:09:36,0,68.0,196.0,246.0,254.0,10.0,204.0,3.0,3.0,0.0,0.0,0.0,0.0
2025/11/24,17:09:41,0,67.0,216.0,251.0,254.0,3.0,204.0,2.0,2.0,0.0,0.0,0.0,0.0
2025/11/24,17:09:46,0,61.0,199.0,248.0,255.0,11.0,203.0,3.0,3.0,0.0,0.0,0.0,0.0
2025/11/24,17:09:51,0,69.0,220.0,252.0,255.0,4.0,203.0,3.0,2.0,0.0,0.0,0.0,0.0
2025/11/24,17:09:56,0,69.0,197.0,249.0,253.0,8.0,201.0,3.0,3.0,0.0,0.0,0.0,0.0
2025/11/24,17:10:01,0,68.0,219.0,250.0,254.0,4.0,203.0,2.0,2.0,0.0,0.0,0.0,0.0
2025/11/24,17:10:06,0,70.0,195.0,248.0,253.0,9.0,202.0,3.0,3.0,0.0,0.0,0.0,0.0
2025/11/24,17:10:11,0,68.0,213.0,251.0,254.0,6.0,204.0,3.0,2.0,0.0,0.0,0.0,0.0
2025/11/24,17:10:16,0,69.0,196.0,249.0,254.0,8.0,203.0,2.0,2.0,0.0,0.0,0.0,0.0
2025/11/24,17:10:21,0,68.0,205.0,250.0,254.0,11.0,201.0,4.0,3.0,0.0,0.0,0.0,0.0
2025/11/24,17:10:26,0,69.0,197.0,249.0,254.0,2.0,204.0,1.0,1.0,0.0,0.0,0.0,0.0
2025/11/24,17:10:31,0,70.0,213.0,251.0,254.0,5.0,202.0,1.0,1.0,0.0,0.0,0.0,0.0
2025/11/24,17:10:36,0,70.0,195.0,248.0,253.0,10.0,203.0,2.0,2.0,0.0,0.0,0.0,0.0
2025/11/24,17:10:41,0,72.0,199.0,250.0,254.0,2.0,202.0,2.0,1.0,0.0,0.0,0.0,0.0
2025/11/24,17:10:46,0,69.0,206.0,251.0,254.0,2.0,202.0,2.0,2.0,0.0,0.0,0.0,0.0
2025/11/24,17:10:51,0,70.0,213.0,251.0,255.0,3.0,203.0,3.0,2.0,0.0,0.0,0.0,0.0
2025/11/24,17:10:56,0,69.0,208.0,252.0,255.0,3.0,202.0,3.0,2.0,0.0,0.0,0.0,0.0
2025/11/24,17:11:01,0,68.0,201.0,251.0,254.0,0.0,203.0,1.0,1.0,0.0,0.0,0.0,0.0
2025/11/24,17:11:06,0,68.0,198.0,249.0,254.0,10.0,202.0,2.0,2.0,0.0,0.0,0.0,0.0
2025/11/24,17:11:11,0,70.0,217.0,251.0,254.0,2.0,202.0,3.0,1.0,0.0,0.0,0.0,0.0
2025/11/24,17:11:16,0,71.0,195.0,249.0,254.0,10.0,204.0,2.0,3.0,0.0,0.0,0.0,0.0
2025/11/24,17:11:21,0,67.0,215.0,252.0,254.0,5.0,203.0,4.0,2.0,0.0,0.0,0.0,0.0
2025/11/24,17:11:26,0,68.0,196.0,248.0,254.0,9.0,203.0,2.0,3.0,0.0,0.0,0.0,0.0
2025/11/24,17:11:31,0,68.0,215.0,251.0,254.0,4.0,202.0,3.0,2.0,0.0,0.0,0.0,0.0
2025/11/24,17:11:36,0,67.0,194.0,248.0,254.0,11.0,203.0,3.0,3.0,0.0,0.0,0.0,0.0
2025/11/24,17:11:41,0,69.0,223.0,252.0,254.0,4.0,202.0,3.0,2.0,0.0,0.0,0.0,0.0
2025/11/24,17:11:46,0,68.0,191.0,248.0,254.0,12.0,204.0,3.0,3.0,0.0,0.0,0.0,0.0
2025/11/24,17:11:51,0,67.0,199.0,250.0,255.0,3.0,202.0,2.0,2.0,0.0,0.0,0.0,0.0
2025/11/24,17:11:56,0,68.0,220.0,251.0,254.0,6.0,204.0,3.0,2.0,0.0,0.0,0.0,0.0
2025/11/24,17:12:01,0,68.0,190.0,248.0,254.0,13.0,203.0,3.0,3.0,0.0,0.0,0.0,0.0
2025/11/24,17:12:06,0,69.0,196.0,250.0,255.0,6.0,204.0,2.0,2.0,0.0,0.0,0.0,-0.0008
2025/11/24,17:12:11,0,68.0,205.0,251.0,254.0,2.0,202.0,2.0,2.0,0.0,0.0,0.0,0.0
2025/11/24,17:12:16,0,68.0,193.0,249.0,254.0,13.0,202.0,4.0,2.0,0.0,0.0,0.0,0.0
2025/11/24,17:12:21,0,67.0,211.0,251.0,253.0,7.0,203.0,4.0,2.0,0.0,0.0,0.0,0.0
2025/11/24,17:12:26,0,68.0,191.0,246.0,254.0,13.0,203.0,3.0,3.0,0.0,0.0,0.0,0.0
2025/11/24,17:12:31,0,68.0,195.0,249.0,252.0,11.0,202.0,3.0,2.0,0.0,0.0,0.0,0.0
2025/11/24,17:12:36,0,71.0,199.0,251.0,253.0,0.0,204.0,1.0,0.0,0.0,0.0,0.0,0.0
2025/11/24,17:12:41,0,67.0,204.0,251.0,253.0,2.0,203.0,2.0,2.0,0.0,0.0,0.0,0.0
2025/11/24,17:12:46,0,67.0,215.0,252.0,253.0,4.0,204.0,3.0,2.0,0.0,0.0,0.0,0.0
2025/11/24,17:12:51,0,67.0,221.0,249.0,254.0,4.0,204.0,2.0,2.0,0.0,0.0,0.0,0.0
2025/11/24,17:12:56,0,66.0,208.0,251.0,255.0,11.0,203.0,5.0,3.0,0.0,0.0,0.0,0.0
2025/11/24,17:13:01,0,67.0,194.0,249.0,255.0,9.0,202.0,3.0,3.0,0.0,0.0,0.0,0.0
2025/11/24,17:13:06,0,69.0,196.0,249.0,254.0,4.0,203.0,2.0,2.0,0.0,0.0,0.0,0.0
2025/11/24,17:13:11,0,69.0,201.0,252.0,252.0,0.0,203.0,1.0,1.0,0.0,0.0,0.0,0.0
2025/11/24,17:13:16,0,68.0,206.0,251.0,254.0,3.0,202.0,2.0,1.0,0.0,0.0,0.0,0.0
2025/11/24,17:13:21,0,67.0,213.0,252.0,254.0,5.0,204.0,3.0,2.0,0.0,0.0,0.0,0.0
2025/11/24,17:13:26,0,69.0,223.0,252.0,252.0,4.0,203.0,3.0,2.0,0.0,0.0,0.0,0.0
2025/11/24,17:13:31,0,68.0,213.0,251.0,254.0,5.0,203.0,3.0,2.0,0.0,0.0,0.0,0.0
2025/11/24,17:13:36,0,72.0,207.0,251.0,254.0,10.0,204.0,3.0,3.0,0.0,0.0,0.0,0.0
2025/11/24,17:13:41,0,68.0,194.0,249.0,255.0,16.0,204.0,5.0,4.0,0.0,0.0,0.0,0.0
2025/11/24,17:13:46,0,68.0,196.0,248.0,254.0,9.0,202.0,3.0,2.0,0.0,0.0,0.0,0.0
2025/11/24,17:13:51,0,68.0,196.0,248.0,254.0,8.0,203.0,2.0,2.0,0.0,0.0,0.0,0.0
2025/11/24,17:13:56,0,66.0,200.0,252.0,254.0,1.0,203.0,1.0,0.0,0.0,0.0,0.0,0.0
2025/11/24,17:14:01,0,66.0,219.0,252.0,254.0,6.0,203.0,3.0,1.0,0.0,0.0,0.0,0.0
2025/11/24,17:14:06,0,68.0,204.0,252.0,255.0,11.0,203.0,4.0,2.0,0.0,0.0,0.0,0.0
2025/11/24,17:14:11,0,68.0,189.0,250.0,254.0,13.0,203.0,3.0,4.0,0.0,0.0,0.0,0.0
2025/11/24,17:14:16,0,68.0,198.0,249.0,254.0,9.0,202.0,3.0,3.0,0.0,0.0,0.0,0.0
2025/11/24,17:14:21,0,66.0,198.0,250.0,254.0,6.0,202.0,2.0,1.0,0.0,0.0,0.0,0.0
2025/11/24,17:14:26,0,67.0,205.0,253.0,253.0,2.0,202.0,3.0,2.0,0.0,0.0,0.0,0.0
2025/11/24,17:14:31,0,70.0,223.0,252.0,253.0,4.0,203.0,4.0,2.0,0.0,0.0,0.0,0.0
2025/11/24,17:14:36,0,66.0,199.0,251.0,255.0,13.0,202.0,5.0,3.0,0.0,0.0,0.0,0.0
2025/11/24,17:14:41,0,68.0,196.0,247.0,254.0,11.0,203.0,3.0,3.0,0.0,0.0,0.0,-0.0008
2025/11/24,17:14:46,0,67.0,198.0,251.0,252.0,4.0,202.0,2.0,2.0,0.0,0.0,0.0,0.0
2025/11/24,17:14:51,0,67.0,210.0,253.0,254.0,3.0,203.0,3.0,2.0,0.0,0.0,0.0,0.0
2025/11/24,17:14:56,0,67.0,210.0,253.0,254.0,10.0,204.0,3.0,2.0,0.0,0.0,0.0,0.0
2025/11/24,17:15:01,0,68.0,196.0,250.0,254.0,12.0,203.0,2.0,3.0,0.0,0.0,0.0,0.0
2025/11/24,17:15:06,0,67.0,199.0,253.0,254.0,0.0,203.0,1.0,0.0,0.0,0.0,0.0,0.0
2025/11/24,17:15:11,0,65.0,220.0,251.0,254.0,5.0,203.0,3.0,2.0,0.0,0.0,0.0,0.0
2025/11/24,17:15:16,0,67.0,189.0,250.0,255.0,19.0,203.0,3.0,3.0,0.0,0.0,0.0,0.0
2025/11/24,17:15:21,0,66.0,194.0,251.0,254.0,8.0,202.0,2.0,2.0,0.0,0.0,0.0,0.0
2025/11/24,17:15:26,0,66.0,219.0,253.0,254.0,4.0,202.0,4.0,1.0,0.0,0.0,0.0,0.0
2025/11/24,17:15:31,0,67.0,195.0,250.0,254.0,10.0,203.0,2.0,3.0,0.0,0.0,0.0,0.0
2025/11/24,17:15:36,0,67.0,200.0,252.0,254.0,0.0,204.0,1.0,1.0,0.0,0.0,0.0,0.0
2025/11/24,17:15:41,0,68.0,209.0,251.0,254.0,11.0,203.0,3.0,3.0,0.0,0.0,0.0,0.0
2025/11/24,17:15:46,0,66.0,201.0,250.0,254.0,12.0,203.0,2.0,2.0,0.0,0.0,0.0,0.0
2025/11/24,17:15:51,0,66.0,207.0,253.0,254.0,3.0,202.0,3.0,2.0,0.0,0.0,0.0,0.0
2025/11/24,17:15:56,0,64.0,200.0,252.0,254.0,14.0,203.0,5.0,3.0,0.0,0.0,0.0,0.0
2025/11/24,17:16:01,0,66.0,194.0,251.0,253.0,11.0,202.0,3.0,2.0,0.0,0.0,0.0,0.0
2025/11/24,17:16:06,0,68.0,214.0,253.0,254.0,3.0,203.0,3.0,2.0,0.0,0.0,0.0,0.0
2025/11/24,17:16:11,0,67.0,188.0,251.0,254.0,15.0,203.0,4.0,3.0,0.0,0.0,0.0,0.0
2025/11/24,17:16:16,0,66.0,197.0,250.0,253.0,7.0,203.0,2.0,2.0,0.0,0.0,0.0,0.0
2025/11/24,17:16:21,0,69.0,214.0,254.0,255.0,4.0,203.0,3.0,2.0,0.0,0.0,0.0,0.0
2025/11/24,17:16:26,0,66.0,202.0,252.0,254.0,16.0,203.0,5.0,3.0,0.0,0.0,0.0,0.0
2025/11/24,17:16:31,0,68.0,195.0,251.0,254.0,11.0,203.0,2.0,3.0,0.0,0.0,0.0,0.0
2025/11/24,17:16:36,0,68.0,198.0,252.0,253.0,6.0,201.0,2.0,2.0,-0.0008,0.0,0.0,0.0
2025/11/24,17:16:41,0,66.0,205.0,254.0,254.0,5.0,204.0,2.0,2.0,0.0,0.0,0.0,0.0
2025/11/24,17:16:46,0,65.0,208.0,253.0,254.0,8.0,202.0,4.0,2.0,0.0,0.0,0.0,0.0
2025/11/24,17:16:51,0,67.0,200.0,250.0,254.0,10.0,203.0,3.0,3.0,0.0,0.0,0.0,0.0
2025/11/24,17:16:56,0,67.0,200.0,252.0,254.0,0.0,204.0,1.0,1.0,0.0,0.0,0.0,0.0
2025/11/24,17:17:01,0,67.0,222.0,252.0,254.0,6.0,203.0,3.0,2.0,0.0,0.0,0.0,0.0
2025/11/24,17:17:06,0,66.0,191.0,250.0,254.0,12.0,203.0,4.0,3.0,0.0,0.0,0.0,0.0
2025/11/24,17:17:11,0,67.0,200.0,252.0,254.0,1.0,204.0,1.0,1.0,0.0,0.0,0.0,0.0
2025/11/24,17:17:16,0,68.0,211.0,253.0,254.0,9.0,203.0,3.0,1.0,0.0,0.0,0.0,0.0
2025/11/24,17:17:21,0,67.0,192.0,250.0,254.0,5.0,204.0,2.0,3.0,0.0,0.0,0.0,0.0
2025/11/24,17:17:26,0,67.0,219.0,254.0,255.0,3.0,202.0,3.0,2.0,0.0,0.0,-0.0008,0.0
2025/11/24,17:17:31,0,67.0,193.0,250.0,255.0,11.0,203.0,3.0,3.0,0.0,0.0,0.0,0.0
2025/11/24,17:17:36,0,66.0,202.0,254.0,254.0,0.0,203.0,2.0,0.0,0.0,0.0,0.0,0.0
2025/11/24,17:17:41,0,65.0,198.0,251.0,255.0,14.0,202.0,5.0,2.0,0.0,0.0,0.0,0.0
2025/11/24,17:17:46,0,66.0,196.0,251.0,254.0,6.0,203.0,2.0,2.0,0.0,0.0,0.0,0.0
2025/11/24,17:17:51,0,66.0,220.0,253.0,254.0,6.0,203.0,4.0,2.0,0.0,0.0,0.0,-0.0008
2025/11/24,17:17:56,0,65.0,189.0,249.0,254.0,18.0,204.0,4.0,4.0,0.0,0.0,0.0,0.0
2025/11/24,17:18:01,0,64.0,197.0,250.0,254.0,9.0,203.0,3.0,3.0,0.0,0.0,0.0,0.0
2025/11/24,17:18:06,0,65.0,211.0,253.0,254.0,3.0,203.0,2.0,2.0,0.0,0.0,0.0,0.0
2025/11/24,17:18:11,0,70.0,195.0,251.0,254.0,15.0,202.0,5.0,4.0,0.0,0.0,0.0,0.0
2025/11/24,17:18:16,0,66.0,193.0,251.0,253.0,8.0,202.0,2.0,3.0,0.0,0.0,0.0,0.0
2025/11/24,17:18:21,0,65.0,211.0,254.0,252.0,4.0,202.0,3.0,2.0,0.0,0.0,0.0,0.0
2025/11/24,17:18:26,0,64.0,207.0,252.0,254.0,11.0,203.0,4.0,3.0,0.0,0.0,0.0,0.0
2025/11/24,17:18:31,0,66.0,194.0,250.0,254.0,11.0,202.0,3.0,3.0,0.0,0.0,0.0,0.0
2025/11/24,17:18:36,0,69.0,196.0,252.0,257.0,7.0,202.0,2.0,2.0,0.0,0.0,0.0,0.0
2025/11/24,17:18:41,0,66.0,204.0,252.0,254.0,4.0,203.0,3.0,1.0,0.0,0.0,0.0,0.0
2025/11/24,17:18:46,0,67.0,210.0,253.0,255.0,6.0,203.0,3.0,2.0,0.0,0.0,0.0,0.0
2025/11/24,17:18:51,0,65.0,200.0,247.0,254.0,11.0,203.0,3.0,3.0,0.0,0.0,0.0,0.0
2025/11/24,17:18:56,0,67.0,213.0,254.0,254.0,4.0,201.0,3.0,2.0,0.0,0.0,0.0,0.0
2025/11/24,17:19:01,0,67.0,189.0,250.0,254.0,13.0,201.0,3.0,3.0,0.0,0.0,0.0,0.0
2025/11/24,17:19:42,0,64.0,218.0,253.0,253.0,0.0,203.0,2.0,1.0,0.0,0.0,0.0,0.0
2025/11/24,17:19:46,0,62.0,189.0,249.0,254.0,19.0,204.0,4.0,4.0,0.0,0.0,0.0,0.0
2025/11/24,17:19:51,0,64.0,195.0,251.0,254.0,6.0,203.0,2.0,2.0,0.0,0.0,0.0,0.0
2025/11/24,17:19:56,0,65.0,220.0,253.0,248.0,3.0,204.0,2.0,2.0,0.0,0.0,0.0,0.0
2025/11/24,17:20:01,0,64.0,200.0,252.0,252.0,10.0,202.0,3.0,3.0,0.0,0.0,0.0,0.0
2025/11/24,17:20:06,0,66.0,209.0,254.0,254.0,4.0,202.0,3.0,1.0,0.0,0.0,0.0,0.0
2025/11/24,17:20:11,0,65.0,188.0,251.0,254.0,14.0,202.0,4.0,3.0,0.0,0.0,0.0,0.0
2025/11/24,17:20:16,0,63.0,198.0,252.0,254.0,2.0,202.0,2.0,1.0,0.0,0.0,0.0,0.0
2025/11/24,17:20:21,0,68.0,219.0,253.0,254.0,6.0,203.0,3.0,2.0,0.0,0.0,0.0,0.0
2025/11/24,17:20:26,0,65.0,193.0,250.0,254.0,12.0,203.0,3.0,2.0,0.0,0.0,0.0,0.0
2025/11/24,17:20:31,0,64.0,197.0,253.0,254.0,0.0,202.0,1.0,1.0,0.0,0.0,0.0,0.0
2025/11/24,17:20:36,0,64.0,222.0,254.0,254.0,4.0,201.0,2.0,2.0,0.0,0.0,0.0,0.0
2025/11/24,17:20:41,0,66.0,188.0,251.0,254.0,13.0,202.0,4.0,4.0,0.0,0.0,0.0,0.0
2025/11/24,17:20:46,0,67.0,196.0,251.0,253.0,12.0,202.0,3.0,3.0,0.0,0.0,0.0,0.0
2025/11/24,17:20:51,0,64.0,200.0,254.0,254.0,1.0,203.0,1.0,0.0,0.0,0.0,0.0,0.0
2025/11/24,17:20:56,0,62.0,219.0,254.0,253.0,6.0,202.0,2.0,1.0,0.0,0.0,0.0,-0.0008
2025/11/24,17:21:01,0,64.0,188.0,251.0,254.0,14.0,202.0,5.0,4.0,0.0,0.0,0.0,0.0
2025/11/24,17:21:06,0,65.0,203.0,251.0,254.0,10.0,202.0,3.0,2.0,0.0,0.0,0.0,0.0
2025/11/24,17:21:11,0,66.0,198.0,253.0,254.0,0.0,202.0,1.0,1.0,0.0,0.0,0.0,0.0
2025/11/24,17:21:16,0,66.0,211.0,252.0,254.0,5.0,203.0,3.0,2.0,0.0,0.0,0.0,0.0
2025/11/24,17:21:21,0,66.0,216.0,254.0,253.0,4.0,204.0,3.0,2.0,0.0,0.0,0.0,0.0
2025/11/24,17:21:26,0,63.0,205.0,252.0,254.0,11.0,203.0,3.0,3.0,0.0,0.0,0.0,0.0
2025/11/24,17:21:31,0,67.0,190.0,250.0,254.0,13.0,203.0,3.0,3.0,0.0,0.0,0.0,0.0
2025/11/24,17:21:36,0,67.0,200.0,251.0,254.0,10.0,202.0,3.0,2.0,0.0,0.0,0.0,0.0
2025/11/24,17:21:41,0,67.0,198.0,252.0,255.0,2.0,203.0,1.0,1.0,0.0,0.0,0.0,0.0
2025/11/24,17:21:46,0,67.0,209.0,254.0,254.0,4.0,202.0,2.0,2.0,0.0,0.0,0.0,0.0
2025/11/24,17:21:51,0,64.0,210.0,253.0,254.0,5.0,201.0,2.0,2.0,0.0,0.0,0.0,0.0
2025/11/24,17:21:56,0,65.0,191.0,250.0,254.0,18.0,202.0,5.0,4.0,0.0,0.0,0.0,0.0
2025/11/24,17:22:01,0,68.0,195.0,251.0,254.0,10.0,202.0,2.0,3.0,0.0,0.0,0.0,0.0
2025/11/24,17:22:06,0,67.0,216.0,254.0,255.0,1.0,202.0,3.0,2.0,0.0,0.0,0.0,0.0
2025/11/24,17:22:11,0,68.0,199.0,250.0,254.0,3.0,203.0,1.0,1.0,0.0,0.0,0.0,0.0
2025/11/24,17:22:16,0,66.0,205.0,254.0,254.0,2.0,204.0,2.0,1.0,0.0,0.0,0.0,0.0
2025/11/24,17:22:21,0,65.0,220.0,253.0,253.0,5.0,201.0,3.0,2.0,0.0,0.0,0.0,0.0
2025/11/24,17:22:26,0,67.0,208.0,252.0,254.0,6.0,203.0,4.0,2.0,0.0,0.0,0.0,0.0
2025/11/24,17:22:31,0,70.0,204.0,250.0,254.0,12.0,202.0,4.0,3.0,0.0,0.0,0.0,0.0
2025/11/24,17:22:36,0,71.0,198.0,252.0,254.0,14.0,203.0,5.0,3.0,0.0,0.0,0.0,0.0
2025/11/24,17:22:41,0,67.0,187.0,250.0,254.0,14.0,203.0,4.0,4.0,0.0,0.0,0.0,0.0
2025/11/24,17:22:46,0,65.0,191.0,251.0,253.0,11.0,202.0,2.0,3.0,0.0,0.0,0.0,0.0
2025/11/24,17:22:51,0,66.0,200.0,250.0,254.0,11.0,203.0,3.0,2.0,0.0,0.0,0.0,0.0
2025/11/24,17:22:56,0,66.0,200.0,250.0,254.0,9.0,203.0,2.0,3.0,0.0,0.0,0.0,0.0
2025/11/24,17:23:01,0,67.0,196.0,251.0,254.0,11.0,204.0,3.0,2.0,0.0,0.0,0.0,0.0
2025/11/24,17:23:06,0,65.0,190.0,251.0,254.0,12.0,203.0,3.0,3.0,0.0,0.0,0.0,0.0
2025/11/24,17:23:11,0,65.0,195.0,251.0,254.0,17.0,203.0,5.0,3.0,0.0,0.0,0.0,0.0
2025/11/24,17:23:16,0,66.0,207.0,252.0,253.0,11.0,202.0,4.0,2.0,0.0,0.0,0.0,0.0
2025/11/24,17:23:21,0,65.0,215.0,253.0,254.0,6.0,203.0,4.0,1.0,0.0,0.0,0.0,0.0
2025/11/24,17:23:26,0,65.0,221.0,255.0,252.0,4.0,202.0,3.0,2.0,0.0,0.0,0.0,0.0
2025/11/24,17:23:31,0,64.0,219.0,254.0,254.0,5.0,204.0,3.0,2.0,0.0,0.0,0.0,0.0
2025/11/24,17:23:36,0,66.0,218.0,254.0,253.0,4.0,204.0,3.0,2.0,0.0,0.0,0.0,0.0
2025/11/24,17:23:41,0,64.0,213.0,252.0,254.0,5.0,202.0,2.0,2.0,0.0,0.0,0.0,0.0
2025/11/24,17:23:46,0,67.0,213.0,255.0,252.0,3.0,202.0,3.0,2.0,0.0,0.0,0.0,0.0
2025/11/24,17:23:51,0,66.0,217.0,253.0,252.0,6.0,203.0,3.0,1.0,0.0,0.0,0.0,0.0
2025/11/24,17:23:56,0,63.0,214.0,254.0,254.0,5.0,202.0,4.0,1.0,0.0,0.0,0.0,0.0
2025/11/24,17:24:01,0,66.0,201.0,253.0,254.0,13.0,203.0,5.0,4.0,0.0,0.0,0.0,0.0
2025/11/24,17:24:06,0,65.0,191.0,252.0,253.0,13.0,202.0,3.0,2.0,0.0,0.0,0.0,0.0
2025/11/24,17:24:11,0,66.0,200.0,251.0,254.0,10.0,202.0,2.0,2.0,0.0,0.0,0.0,0.0
2025/11/24,17:24:16,0,66.0,194.0,250.0,254.0,10.0,203.0,2.0,2.0,0.0,0.0,0.0,0.0
2025/11/24,17:24:21,0,67.0,198.0,252.0,252.0,4.0,203.0,2.0,1.0,0.0,0.0,0.0,0.0
2025/11/24,17:24:26,0,68.0,199.0,253.0,253.0,0.0,203.0,1.0,0.0,0.0,0.0,0.0,0.0
2025/11/24,17:24:31,0,67.0,197.0,254.0,254.0,0.0,202.0,1.0,1.0,0.0,0.0,0.0,0.0
2025/11/24,17:24:36,0,66.0,202.0,254.0,254.0,2.0,203.0,2.0,2.0,0.0,0.0,0.0,0.0
2025/11/24,17:24:41,0,66.0,204.0,253.0,254.0,3.0,203.0,3.0,2.0,0.0,0.0,0.0,0.0
2025/11/24,17:24:46,0,66.0,209.0,255.0,254.0,4.0,202.0,3.0,2.0,0.0,0.0,0.0,0.0
2025/11/24,17:24:51,0,67.0,218.0,255.0,254.0,5.0,202.0,4.0,2.0,0.0,0.0,0.0,0.0
2025/11/24,17:24:56,0,68.0,216.0,255.0,254.0,6.0,203.0,3.0,2.0,0.0,0.0,0.0,0.0
2025/11/24,17:25:01,0,66.0,206.0,253.0,254.0,11.0,203.0,4.0,2.0,0.0,0.0,0.0,0.0
2025/11/24,17:25:06,0,67.0,187.0,252.0,254.0,14.0,202.0,3.0,4.0,0.0,0.0,0.0,0.0
2025/11/24,17:25:11,0,67.0,192.0,252.0,252.0,12.0,202.0,3.0,2.0,0.0,0.0,0.0,0.0
2025/11/24,17:25:16,0,67.0,193.0,252.0,254.0,13.0,202.0,3.0,2.0,0.0,0.0,0.0,0.0
2025/11/24,17:25:21,0,65.0,195.0,251.0,254.0,9.0,202.0,2.0,2.0,0.0,0.0,0.0,0.0
2025/11/24,17:25:26,0,66.0,198.0,251.0,254.0,8.0,203.0,2.0,3.0,0.0,0.0,0.0,0.0
2025/11/24,17:25:31,0,65.0,202.0,252.0,254.0,9.0,202.0,2.0,2.0,0.0,0.0,0.0,0.0
2025/11/24,17:25:36,0,67.0,195.0,253.0,254.0,8.0,202.0,2.0,2.0,0.0,0.0,0.0,0.0
2025/11/24,17:25:41,0,67.0,201.0,252.0,255.0,2.0,203.0,1.0,1.0,0.0,0.0,0.0,0.0
2025/11/24,17:25:46,0,63.0,202.0,253.0,254.0,4.0,203.0,1.0,1.0,0.0,0.0,0.0,0.0
2025/11/24,17:25:51,0,65.0,216.0,256.0,255.0,7.0,203.0,3.0,1.0,0.0,0.0,0.0,0.0
2025/11/24,17:25:56,0,69.0,210.0,254.0,254.0,8.0,203.0,3.0,2.0,0.0,0.0,0.0,0.0
2025/11/24,17:26:01,0,68.0,189.0,252.0,254.0,12.0,203.0,3.0,3.0,0.0,0.0,0.0,-0.0008
2025/11/24,17:26:06,0,68.0,198.0,252.0,254.0,10.0,203.0,3.0,2.0,0.0,0.0,0.0,0.0
2025/11/24,17:26:11,0,66.0,200.0,251.0,254.0,11.0,203.0,3.0,3.0,0.0,0.0,0.0,0.0
2025/11/24,17:26:16,0,65.0,192.0,252.0,254.0,7.0,202.0,3.0,2.0,0.0,0.0,0.0,0.0
2025/11/24,17:26:21,0,69.0,194.0,253.0,253.0,9.0,205.0,2.0,3.0,0.0,0.0,0.0,0.0
2025/11/24,17:26:26,0,66.0,196.0,253.0,253.0,9.0,202.0,3.0,2.0,0.0,0.0,0.0,0.0
2025/11/24,17:26:31,0,64.0,191.0,252.0,254.0,8.0,204.0,3.0,3.0,0.0,0.0,0.0,0.0
2025/11/24,17:26:36,0,64.0,200.0,252.0,253.0,11.0,202.0,3.0,2.0,0.0,0.0,0.0,0.0
2025/11/24,17:26:41,0,65.0,198.0,252.0,254.0,10.0,203.0,2.0,2.0,0.0,0.0,0.0,0.0
2025/11/24,17:26:46,0,65.0,191.0,249.0,254.0,13.0,203.0,3.0,3.0,0.0,0.0,0.0,0.0
2025/11/24,17:26:51,0,64.0,196.0,253.0,253.0,13.0,204.0,4.0,3.0,0.0,0.0,0.0,0.0
2025/11/24,17:26:56,0,66.0,213.0,254.0,254.0,7.0,204.0,3.0,2.0,0.0,0.0,0.0,0.0
2025/11/24,17:27:01,0,64.0,218.0,255.0,254.0,6.0,203.0,3.0,2.0,0.0,0.0,0.0,0.0
2025/11/24,17:27:06,0,64.0,208.0,254.0,254.0,5.0,204.0,3.0,2.0,0.0,0.0,0.0,0.0
2025/11/24,17:27:11,0,64.0,202.0,255.0,254.0,4.0,204.0,2.0,2.0,0.0,0.0,0.0,0.0
2025/11/24,17:27:16,0,62.0,200.0,255.0,253.0,0.0,202.0,1.0,1.0,0.0,0.0,0.0,0.0
2025/11/24,17:27:21,0,65.0,199.0,254.0,255.0,6.0,203.0,1.0,1.0,0.0,0.0,0.0,0.0
2025/11/24,17:27:26,0,63.0,194.0,250.0,254.0,11.0,203.0,3.0,2.0,0.0,0.0,0.0,0.0
2025/11/24,17:27:31,0,64.0,193.0,252.0,254.0,11.0,204.0,2.0,3.0,0.0,0.0,0.0,0.0
2025/11/24,17:27:36,0,64.0,196.0,253.0,253.0,15.0,203.0,5.0,3.0,0.0,0.0,0.0,0.0
2025/11/24,17:27:41,0,65.0,211.0,254.0,254.0,7.0,204.0,3.0,2.0,0.0,0.0,0.0,0.0
2025/11/24,17:27:46,0,68.0,216.0,254.0,255.0,5.0,202.0,3.0,2.0,0.0,0.0,0.0,0.0
2025/11/24,17:27:51,0,64.0,215.0,254.0,253.0,6.0,202.0,3.0,2.0,0.0,0.0,0.0,0.0
2025/11/24,17:27:56,0,63.0,216.0,255.0,254.0,5.0,202.0,3.0,1.0,0.0,0.0,0.0,0.0
2025/11/24,17:28:01,0,63.0,213.0,254.0,254.0,5.0,202.0,3.0,2.0,0.0,0.0,0.0,0.0
2025/11/24,17:28:06,0,67.0,214.0,254.0,254.0,6.0,203.0,3.0,2.0,0.0,0.0,0.0,0.0
2025/11/24,17:28:11,0,64.0,214.0,254.0,254.0,6.0,204.0,2.0,2.0,0.0,0.0,0.0,0.0
2025/11/24,17:28:16,0,63.0,219.0,253.0,254.0,5.0,204.0,3.0,2.0,0.0,0.0,0.0,0.0
2025/11/24,17:28:21,0,65.0,221.0,254.0,254.0,6.0,203.0,4.0,2.0,0.0,0.0,0.0,0.0
2025/11/24,17:28:26,0,65.0,212.0,256.0,255.0,4.0,202.0,3.0,2.0,0.0,0.0,0.0,0.0
2025/11/24,17:28:31,0,64.0,208.0,256.0,254.0,4.0,202.0,3.0,2.0,0.0,0.0,0.0,0.0
2025/11/24,17:28:36,0,64.0,202.0,253.0,254.0,3.0,203.0,3.0,2.0,0.0,0.0,0.0,0.0
2025/11/24,17:28:41,0,64.0,199.0,255.0,253.0,0.0,202.0,1.0,1.0,0.0,0.0,0.0,-0.0008
2025/11/24,17:28:46,0,66.0,198.0,254.0,254.0,1.0,204.0,1.0,1.0,0.0,0.0,0.0,0.0
2025/11/24,17:28:51,0,63.0,200.0,252.0,254.0,3.0,203.0,1.0,1.0,0.0,0.0,0.0,0.0
2025/11/24,17:28:56,0,65.0,199.0,253.0,254.0,0.0,204.0,0.0,0.0,0.0,0.0,0.0,0.0
2025/11/24,17:29:01,0,65.0,209.0,254.0,254.0,4.0,204.0,3.0,2.0,0.0,0.0,0.0,0.0
2025/11/24,17:29:06,0,67.0,220.0,255.0,254.0,7.0,204.0,3.0,2.0,0.0,0.0,0.0,0.0
2025/11/24,17:30:01,0,66.0,216.0,255.0,254.0,6.0,203.0,3.0,2.0,0.0,0.0,0.0,0.0
2025/11/24,17:30:05,0,70.0,211.0,254.0,254.0,8.0,203.0,4.0,2.0,0.0,0.0,0.0,0.0
2025/11/24,17:30:10,0,68.0,199.0,252.0,254.0,13.0,204.0,4.0,3.0,0.0,0.0,0.0,0.0
2025/11/24,17:30:15,0,66.0,192.0,251.0,254.0,11.0,201.0,2.0,3.0,0.0,0.0,0.0,0.0
2025/11/24,17:30:20,0,62.0,193.0,252.0,254.0,11.0,202.0,3.0,3.0,0.0,0.0,0.0,0.0
2025/11/24,17:30:25,0,62.0,201.0,253.0,254.0,2.0,204.0,1.0,1.0,0.0,0.0,0.0,0.0
2025/11/24,17:30:30,0,68.0,200.0,255.0,254.0,0.0,202.0,0.0,1.0,0.0,0.0,0.0,0.0
2025/11/24,17:30:35,0,64.0,198.0,254.0,253.0,0.0,202.0,0.0,1.0,0.0,0.0,0.0,0.0
2025/11/24,17:30:40,0,62.0,197.0,253.0,254.0,6.0,203.0,2.0,1.0,0.0,0.0,0.0,0.0
2025/11/24,17:30:45,0,65.0,193.0,252.0,254.0,11.0,204.0,3.0,2.0,0.0,0.0,0.0,0.0
2025/11/24,17:30:50,0,60.0,198.0,252.0,254.0,11.0,204.0,3.0,3.0,0.0,0.0,0.0,0.0
2025/11/24,17:30:55,0,65.0,202.0,250.0,254.0,11.0,204.0,3.0,3.0,0.0,0.0,0.0,0.0
2025/11/24,17:31:00,0,65.0,197.0,253.0,252.0,10.0,203.0,3.0,2.0,0.0,0.0,0.0,0.0
2025/11/24,17:31:05,0,66.0,188.0,253.0,254.0,14.0,203.0,4.0,4.0,0.0,0.0,0.0,0.0
2025/11/24,17:31:10,0,65.0,221.0,255.0,254.0,5.0,203.0,3.0,2.0,0.0,0.0,0.0,0.0
2025/11/24,17:31:15,0,65.0,196.0,252.0,254.0,7.0,203.0,2.0,1.0,0.0,0.0,0.0,0.0
2025/11/24,17:31:20,0,67.0,194.0,252.0,253.0,15.0,202.0,6.0,4.0,0.0,0.0,0.0,0.0
2025/11/24,17:31:25,0,66.0,214.0,255.0,254.0,5.0,203.0,4.0,2.0,0.0,0.0,0.0,0.0
2025/11/24,17:31:30,0,65.0,194.0,252.0,254.0,9.0,204.0,3.0,2.0,0.0,0.0,0.0,0.0
2025/11/24,17:31:35,0,68.0,191.0,252.0,254.0,17.0,204.0,5.0,4.0,0.0,0.0,0.0,0.0
2025/11/24,17:31:40,0,65.0,217.0,256.0,254.0,5.0,203.0,3.0,2.0,0.0,0.0,0.0,0.0
2025/11/24,17:31:45,0,65.0,200.0,255.0,254.0,1.0,203.0,1.0,0.0,0.0,0.0,0.0,0.0
2025/11/24,17:31:50,0,63.0,198.0,254.0,254.0,4.0,204.0,0.0,1.0,0.0,0.0,0.0,0.0
2025/11/24,17:31:55,0,66.0,199.0,252.0,254.0,11.0,201.0,2.0,2.0,0.0,0.0,0.0,0.0
2025/11/24,17:32:00,0,69.0,203.0,254.0,254.0,13.0,204.0,4.0,4.0,0.0,0.0,0.0,0.0
2025/11/24,17:32:05,0,63.0,219.0,254.0,254.0,5.0,204.0,3.0,2.0,0.0,0.0,0.0,0.0
2025/11/24,17:32:10,0,60.0,220.0,254.0,254.0,6.0,204.0,3.0,2.0,0.0,0.0,0.0,0.0
2025/11/24,17:32:15,0,64.0,189.0,252.0,253.0,13.0,202.0,4.0,3.0,0.0,0.0,0.0,0.0
2025/11/24,17:32:20,0,65.0,198.0,253.0,252.0,1.0,204.0,1.0,1.0,0.0,0.0,0.0,0.0
2025/11/24,17:32:25,0,64.0,199.0,252.0,254.0,12.0,202.0,2.0,2.0,0.0,0.0,0.0,0.0
2025/11/24,17:32:30,0,65.0,195.0,253.0,254.0,11.0,204.0,3.0,3.0,0.0,0.0,0.0,0.0
2025/11/24,17:32:35,0,64.0,191.0,250.0,254.0,13.0,204.0,3.0,3.0,0.0,0.0,0.0,0.0
2025/11/24,17:32:40,0,64.0,196.0,253.0,254.0,18.0,203.0,5.0,4.0,0.0,0.0,0.0,0.0
2025/11/24,17:32:45,0,62.0,218.0,254.0,254.0,4.0,204.0,3.0,2.0,0.0,0.0,0.0,0.0
2025/11/24,17:32:50,0,65.0,219.0,255.0,252.0,6.0,204.0,4.0,2.0,0.0,0.0,0.0,-0.0008
2025/11/24,17:32:55,0,62.0,220.0,255.0,254.0,6.0,204.0,3.0,2.0,0.0,0.0,0.0,0.0
2025/11/24,17:33:00,0,62.0,221.0,256.0,253.0,6.0,203.0,3.0,2.0,0.0,0.0,0.0,0.0
2025/11/24,17:33:05,0,62.0,219.0,256.0,253.0,6.0,204.0,3.0,2.0,0.0,0.0,0.0,0.0
2025/11/24,17:33:10,0,62.0,217.0,254.0,254.0,5.0,203.0,3.0,1.0,0.0,0.0,0.0,0.0
2025/11/24,17:33:15,0,58.0,208.0,254.0,253.0,11.0,203.0,4.0,2.0,0.0,0.0,0.0,0.0
2025/11/24,17:33:20,0,62.0,189.0,252.0,254.0,16.0,204.0,3.0,3.0,0.0,0.0,0.0,0.0
2025/11/24,17:33:25,0,64.0,192.0,253.0,254.0,11.0,202.0,3.0,2.0,0.0,0.0,0.0,0.0
2025/11/24,17:33:30,0,62.0,200.0,252.0,252.0,11.0,202.0,3.0,3.0,0.0,0.0,0.0,0.0
2025/11/24,17:33:35,0,62.0,200.0,254.0,254.0,2.0,205.0,0.0,1.0,0.0,0.0,0.0,0.0
2025/11/24,17:33:40,0,62.0,221.0,256.0,255.0,5.0,203.0,3.0,2.0,0.0,0.0,0.0,0.0
2025/11/24,17:33:45,0,63.0,191.0,252.0,254.0,14.0,205.0,3.0,3.0,0.0,0.0,0.0,-0.0008
2025/11/24,17:33:50,0,63.0,194.0,254.0,252.0,10.0,203.0,3.0,2.0,0.0,0.0,0.0,0.0
2025/11/24,17:33:55,0,61.0,201.0,253.0,254.0,0.0,203.0,1.0,1.0,0.0,0.0,0.0,0.0
2025/11/24,17:34:00,0,62.0,200.0,255.0,253.0,0.0,203.0,2.0,1.0,0.0,0.0,0.0,0.0
2025/11/24,17:34:05,0,63.0,211.0,253.0,254.0,5.0,203.0,3.0,2.0,0.0,0.0,0.0,0.0
2025/11/24,17:34:10,0,61.0,211.0,255.0,254.0,8.0,203.0,3.0,2.0,0.0,0.0,0.0,0.0
2025/11/24,17:34:15,0,60.0,187.0,252.0,254.0,16.0,202.0,4.0,3.0,0.0,0.0,0.0,0.0
2025/11/24,17:34:20,0,62.0,197.0,253.0,254.0,11.0,204.0,2.0,3.0,0.0,0.0,0.0,0.0
2025/11/24,17:34:25,0,62.0,199.0,254.0,254.0,4.0,203.0,2.0,2.0,0.0,0.0,0.0,0.0
2025/11/24,17:34:30,0,60.0,209.0,256.0,254.0,4.0,202.0,3.0,2.0,0.0,0.0,0.0,0.0
2025/11/24,17:34:35,0,61.0,213.0,254.0,254.0,5.0,203.0,3.0,2.0,0.0,0.0,0.0,0.0
2025/11/24,17:34:40,0,64.0,196.0,254.0,253.0,15.0,204.0,4.0,4.0,0.0,0.0,0.0,0.0
2025/11/24,17:34:45,0,60.0,193.0,253.0,254.0,13.0,203.0,3.0,3.0,0.0,0.0,0.0,0.0
2025/11/24,17:34:50,0,61.0,201.0,251.0,254.0,11.0,203.0,3.0,3.0,0.0,0.0,0.0,0.0
2025/11/24,17:34:55,0,62.0,198.0,254.0,254.0,8.0,203.0,2.0,1.0,0.0,0.0,0.0,0.0
2025/11/24,17:35:00,0,62.0,202.0,255.0,254.0,3.0,204.0,1.0,1.0,0.0,0.0,0.0,0.0
2025/11/24,17:35:05,0,61.0,221.0,254.0,254.0,7.0,203.0,2.0,2.0,0.0,0.0,0.0,0.0
2025/11/24,17:35:10,0,59.0,198.0,252.0,254.0,14.0,204.0,4.0,3.0,0.0,0.0,0.0,0.0
2025/11/24,17:35:15,0,60.0,193.0,250.0,254.0,14.0,204.0,3.0,3.0,0.0,0.0,0.0,0.0
2025/11/24,17:35:20,0,62.0,194.0,253.0,254.0,9.0,203.0,3.0,2.0,0.0,0.0,0.0,0.0
2025/11/24,17:35:25,0,62.0,199.0,255.0,253.0,0.0,203.0,1.0,1.0,0.0,0.0,0.0,0.0
2025/11/24,17:35:30,0,61.0,206.0,256.0,253.0,4.0,204.0,2.0,2.0,0.0,0.0,0.0,0.0
2025/11/24,17:35:35,0,61.0,214.0,255.0,254.0,5.0,204.0,3.0,2.0,0.0,0.0,0.0,0.0
2025/11/24,17:35:40,0,61.0,196.0,254.0,254.0,16.0,203.0,5.0,4.0,0.0,0.0,0.0,0.0
2025/11/24,17:35:45,0,62.0,197.0,253.0,254.0,11.0,203.0,3.0,2.0,0.0,0.0,0.0,0.0
2025/11/24,17:35:50,0,61.0,198.0,252.0,254.0,6.0,204.0,1.0,2.0,0.0,0.0,0.0,0.0
2025/11/24,17:35:55,0,63.0,205.0,256.0,254.0,2.0,203.0,2.0,2.0,0.0,0.0,0.0,0.0
2025/11/24,17:36:00,0,61.0,221.0,256.0,254.0,5.0,204.0,2.0,2.0,0.0,0.0,0.0,0.0
2025/11/24,17:36:05,0,63.0,207.0,254.0,254.0,11.0,202.0,4.0,3.0,0.0,0.0,0.0,0.0
2025/11/24,17:36:10,0,61.0,191.0,253.0,254.0,12.0,203.0,3.0,3.0,0.0,0.0,-0.0008,0.0
2025/11/24,17:36:15,0,62.0,197.0,254.0,254.0,8.0,203.0,3.0,3.0,0.0,0.0,0.0,0.0
2025/11/24,17:36:20,0,62.0,201.0,253.0,254.0,2.0,203.0,1.0,1.0,0.0,0.0,0.0,0.0
2025/11/24,17:36:25,0,60.0,219.0,256.0,254.0,6.0,202.0,3.0,2.0,0.0,0.0,0.0,0.0
2025/11/24,17:36:30,0,61.0,203.0,254.0,254.0,16.0,204.0,5.0,3.0,0.0,0.0,0.0,0.0
2025/11/24,17:36:35,0,61.0,193.0,253.0,254.0,12.0,203.0,3.0,3.0,0.0,0.0,0.0,0.0
2025/11/24,17:36:40,0,61.0,196.0,253.0,254.0,11.0,203.0,3.0,3.0,0.0,0.0,0.0,0.0
2025/11/24,17:36:45,0,63.0,197.0,254.0,253.0,2.0,204.0,1.0,1.0,0.0,0.0,0.0,0.0
2025/11/24,17:36:50,0,62.0,200.0,256.0,254.0,3.0,204.0,1.0,1.0,0.0,0.0,0.0,0.0
2025/11/24,17:36:55,0,62.0,206.0,256.0,254.0,4.0,204.0,2.0,2.0,0.0,0.0,0.0,0.0
2025/11/24,17:37:00,0,63.0,219.0,257.0,254.0,5.0,202.0,4.0,2.0,0.0,0.0,0.0,0.0
2025/11/24,17:37:05,0,62.0,212.0,255.0,253.0,7.0,202.0,3.0,2.0,0.0,0.0,0.0,0.0
2025/11/24,17:37:10,0,61.0,198.0,254.0,254.0,16.0,204.0,4.0,3.0,0.0,0.0,0.0,0.0
2025/11/24,17:37:15,0,62.0,191.0,253.0,254.0,13.0,204.0,3.0,3.0,0.0,0.0,0.0,0.0
2025/11/24,17:37:20,0,62.0,195.0,253.0,253.0,11.0,203.0,2.0,3.0,0.0,0.0,0.0,0.0
2025/11/24,17:37:25,0,59.0,199.0,254.0,253.0,9.0,202.0,3.0,2.0,0.0,0.0,0.0,0.0
2025/11/24,17:37:30,0,64.0,199.0,254.0,254.0,7.0,202.0,2.0,1.0,0.0,0.0,0.0,0.0
2025/11/24,17:37:35,0,61.0,205.0,256.0,254.0,2.0,204.0,2.0,2.0,0.0,0.0,0.0,0.0
2025/11/24,17:37:40,0,63.0,217.0,255.0,254.0,6.0,203.0,3.0,2.0,0.0,0.0,0.0,0.0
2025/11/24,17:37:45,0,63.0,207.0,254.0,253.0,10.0,203.0,4.0,2.0,0.0,0.0,0.0,0.0
2025/11/24,17:37:50,0,63.0,191.0,253.0,254.0,13.0,203.0,3.0,3.0,0.0,0.0,0.0,0.0
2025/11/24,17:37:55,0,62.0,196.0,251.0,254.0,12.0,204.0,3.0,3.0,0.0,0.0,0.0,0.0
2025/11/24,17:38:00,0,64.0,200.0,254.0,254.0,3.0,204.0,1.0,1.0,0.0,0.0,0.0,0.0
2025/11/24,17:38:05,0,62.0,211.0,256.0,254.0,6.0,204.0,3.0,2.0,0.0,0.0,0.0,0.0
2025/11/24,17:38:10,0,63.0,211.0,256.0,254.0,7.0,204.0,3.0,1.0,0.0,0.0,0.0,-0.0008
2025/11/24,17:38:15,0,63.0,189.0,253.0,253.0,12.0,204.0,3.0,3.0,0.0,0.0,0.0,0.0
2025/11/24,17:38:20,0,61.0,200.0,254.0,253.0,11.0,204.0,2.0,3.0,0.0,0.0,0.0,0.0
2025/11/24,17:38:25,0,64.0,199.0,254.0,253.0,3.0,203.0,1.0,1.0,0.0,0.0,0.0,0.0
2025/11/24,17:38:30,0,63.0,203.0,257.0,254.0,4.0,202.0,2.0,1.0,0.0,0.0,0.0,0.0
2025/11/24,17:38:35,0,62.0,219.0,256.0,253.0,6.0,203.0,3.0,2.0,0.0,0.0,0.0,0.0
2025/11/24,17:38:40,0,60.0,209.0,256.0,252.0,8.0,202.0,4.0,2.0,0.0,0.0,0.0,0.0
2025/11/24,17:38:45,0,63.0,192.0,253.0,254.0,13.0,203.0,3.0,2.0,0.0,0.0,0.0,0.0
2025/11/24,17:38:50,0,62.0,199.0,253.0,254.0,10.0,201.0,2.0,3.0,0.0,0.0,0.0,0.0
2025/11/24,17:38:55,0,60.0,198.0,255.0,254.0,4.0,203.0,2.0,1.0,0.0,0.0,0.0,0.0
2025/11/24,17:39:00,0,62.0,214.0,255.0,254.0,8.0,203.0,3.0,2.0,0.0,0.0,0.0,0.0
2025/11/24,17:39:05,0,61.0,206.0,256.0,254.0,10.0,204.0,4.0,2.0,0.0,0.0,0.0,0.0
2025/11/24,17:39:10,0,61.0,189.0,254.0,254.0,13.0,203.0,2.0,3.0,0.0,0.0,0.0,-0.0008
2025/11/24,17:39:15,0,61.0,201.0,251.0,254.0,10.0,203.0,2.0,2.0,0.0,0.0,0.0,0.0
2025/11/24,17:39:53,0,62.0,211.0,256.0,253.0,7.0,203.0,4.0,2.0,0.0,0.0,0.0,0.0
2025/11/24,17:39:55,0,60.0,188.0,254.0,253.0,12.0,202.0,3.0,3.0,0.0,0.0,0.0,0.0
2025/11/24,17:40:00,0,65.0,200.0,253.0,254.0,11.0,201.0,3.0,3.0,0.0,0.0,0.0,0.0
2025/11/24,17:40:05,0,59.0,200.0,257.0,254.0,1.0,203.0,1.0,1.0,0.0,0.0,0.0,0.0
2025/11/24,17:40:10,0,65.0,219.0,254.0,254.0,7.0,203.0,3.0,2.0,0.0,0.0,0.0,0.0
2025/11/24,17:40:15,0,61.0,190.0,252.0,254.0,16.0,204.0,4.0,3.0,0.0,0.0,0.0,0.0
2025/11/24,17:40:20,0,61.0,195.0,254.0,254.0,10.0,202.0,2.0,3.0,0.0,0.0,0.0,0.0
2025/11/24,17:40:25,0,63.0,193.0,254.0,252.0,10.0,202.0,4.0,2.0,0.0,0.0,0.0,0.0
2025/11/24,17:40:30,0,64.0,199.0,256.0,254.0,2.0,204.0,1.0,1.0,0.0,0.0,0.0,0.0
2025/11/24,17:40:35,0,60.0,206.0,257.0,254.0,5.0,203.0,2.0,1.0,0.0,0.0,0.0,0.0
2025/11/24,17:40:40,0,59.0,213.0,258.0,254.0,5.0,202.0,3.0,2.0,0.0,0.0,0.0,0.0
2025/11/24,17:40:45,0,60.0,219.0,258.0,253.0,6.0,202.0,4.0,2.0,0.0,0.0,0.0,0.0
2025/11/24,17:40:50,0,60.0,210.0,254.0,254.0,9.0,203.0,4.0,2.0,0.0,0.0,0.0,0.0
2025/11/24,17:40:55,0,63.0,188.0,254.0,254.0,15.0,202.0,5.0,3.0,0.0,0.0,0.0,0.0
2025/11/24,17:41:00,0,59.0,200.0,254.0,254.0,8.0,203.0,2.0,2.0,0.0,0.0,0.0,0.0
2025/11/24,17:41:05,0,62.0,198.0,257.0,254.0,4.0,203.0,2.0,1.0,0.0,0.0,0.0,0.0
2025/11/24,17:41:10,0,59.0,204.0,256.0,254.0,5.0,203.0,3.0,2.0,0.0,0.0,0.0,0.0
2025/11/24,17:41:15,0,61.0,214.0,257.0,254.0,7.0,204.0,3.0,2.0,0.0,0.0,0.0,0.0
2025/11/24,17:41:20,0,63.0,220.0,257.0,253.0,7.0,202.0,3.0,2.0,0.0,0.0,0.0,0.0
2025/11/24,17:41:25,0,63.0,214.0,256.0,254.0,6.0,203.0,3.0,2.0,0.0,0.0,0.0,0.0
2025/11/24,17:41:30,0,64.0,218.0,257.0,253.0,5.0,203.0,2.0,2.0,0.0,0.0,0.0,0.0
2025/11/24,17:41:35,0,62.0,221.0,258.0,252.0,6.0,203.0,3.0,2.0,0.0,0.0,0.0,0.0
2025/11/24,17:41:40,0,64.0,216.0,257.0,254.0,7.0,203.0,3.0,2.0,0.0,0.0,0.0,0.0
2025/11/24,17:41:45,0,62.0,203.0,256.0,254.0,13.0,202.0,4.0,2.0,0.0,0.0,0.0,0.0
2025/11/24,17:41:50,0,62.0,191.0,252.0,254.0,13.0,204.0,3.0,3.0,0.0,0.0,0.0,-0.0008
2025/11/24,17:41:55,0,62.0,200.0,255.0,253.0,10.0,204.0,2.0,3.0,0.0,0.0,0.0,0.0
2025/11/24,17:42:00,0,62.0,196.0,253.0,254.0,6.0,203.0,1.0,2.0,0.0,0.0,0.0,0.0
2025/11/24,17:42:05,0,64.0,205.0,257.0,254.0,4.0,202.0,3.0,1.0,0.0,0.0,0.0,0.0
2025/11/24,17:42:10,0,60.0,222.0,258.0,254.0,6.0,204.0,3.0,2.0,0.0,0.0,0.0,0.0
2025/11/24,17:42:15,0,66.0,203.0,255.0,254.0,14.0,203.0,4.0,3.0,0.0,0.0,0.0,0.0
2025/11/24,17:42:20,0,64.0,189.0,253.0,254.0,14.0,204.0,3.0,3.0,0.0,0.0,0.0,0.0
2025/11/24,17:42:25,0,64.0,202.0,255.0,253.0,11.0,203.0,3.0,3.0,0.0,0.0,0.0,0.0
2025/11/24,17:42:30,0,64.0,195.0,255.0,254.0,7.0,202.0,3.0,2.0,0.0,0.0,0.0,0.0
2025/11/24,17:42:35,0,64.0,198.0,257.0,254.0,0.0,203.0,1.0,0.0,0.0,0.0,0.0,0.0
2025/11/24,17:42:40,0,64.0,204.0,257.0,253.0,4.0,201.0,2.0,2.0,0.0,0.0,0.0,0.0
2025/11/24,17:42:45,0,61.0,221.0,258.0,254.0,5.0,202.0,3.0,2.0,0.0,0.0,0.0,0.0
2025/11/24,17:42:50,0,65.0,203.0,256.0,251.0,12.0,202.0,4.0,3.0,0.0,0.0,0.0,0.0
2025/11/24,17:42:55,0,62.0,191.0,254.0,254.0,13.0,202.0,3.0,3.0,0.0,0.0,0.0,0.0
2025/11/24,17:43:00,0,64.0,201.0,255.0,254.0,10.0,203.0,3.0,2.0,0.0,0.0,0.0,0.0
2025/11/24,17:43:05,0,62.0,196.0,255.0,254.0,8.0,204.0,1.0,2.0,0.0,0.0,0.0,0.0
2025/11/24,17:43:10,0,64.0,200.0,257.0,254.0,1.0,202.0,1.0,0.0,0.0,0.0,0.0,0.0
2025/11/24,17:43:15,0,64.0,209.0,256.0,254.0,6.0,204.0,2.0,2.0,0.0,0.0,0.0,0.0
2025/11/24,17:43:20,0,65.0,211.0,256.0,249.0,9.0,204.0,3.0,2.0,0.0,0.0,0.0,0.0
2025/11/24,17:43:25,0,63.0,192.0,253.0,254.0,13.0,201.0,3.0,3.0,0.0,0.0,0.0,0.0
2025/11/24,17:43:30,0,64.0,196.0,255.0,252.0,9.0,202.0,2.0,2.0,0.0,0.0,0.0,0.0
2025/11/24,17:43:35,0,61.0,199.0,258.0,252.0,0.0,203.0,1.0,0.0,0.0,0.0,0.0,0.0
2025/11/24,17:43:40,0,63.0,209.0,258.0,254.0,6.0,203.0,3.0,2.0,0.0,0.0,0.0,0.0
2025/11/24,17:43:45,0,62.0,219.0,258.0,252.0,5.0,202.0,3.0,1.0,0.0,0.0,0.0,0.0
2025/11/24,17:43:50,0,58.0,205.0,256.0,253.0,12.0,204.0,3.0,3.0,0.0,0.0,0.0,0.0
2025/11/24,17:43:55,0,63.0,190.0,254.0,254.0,13.0,203.0,3.0,3.0,0.0,0.0,0.0,0.0
2025/11/24,17:44:00,0,63.0,202.0,255.0,254.0,9.0,203.0,3.0,2.0,0.0,0.0,0.0,0.0
2025/11/24,17:44:05,0,63.0,198.0,256.0,254.0,4.0,203.0,1.0,1.0,0.0,0.0,0.0,0.0
2025/11/24,17:44:10,0,62.0,208.0,257.0,253.0,6.0,203.0,3.0,2.0,0.0,0.0,0.0,0.0
2025/11/24,17:44:15,0,62.0,222.0,258.0,253.0,4.0,202.0,3.0,1.0,-0.0008,0.0,0.0,0.0
2025/11/24,17:44:20,0,61.0,212.0,258.0,254.0,6.0,202.0,3.0,2.0,0.0,0.0,0.0,0.0
2025/11/24,17:44:25,0,59.0,196.0,255.0,253.0,14.0,203.0,6.0,1.0,0.0,0.0,0.0,0.0
2025/11/24,17:44:30,0,61.0,194.0,252.0,254.0,12.0,204.0,3.0,3.0,0.0,0.0,0.0,0.0
2025/11/24,17:44:35,0,63.0,194.0,256.0,254.0,9.0,202.0,3.0,2.0,0.0,0.0,0.0,0.0
2025/11/24,17:44:40,0,64.0,199.0,258.0,255.0,0.0,204.0,1.0,1.0,0.0,0.0,0.0,0.0
2025/11/24,17:44:45,0,63.0,212.0,258.0,252.0,5.0,202.0,3.0,2.0,0.0,0.0,0.0,0.0
2025/11/24,17:44:50,0,62.0,216.0,258.0,254.0,5.0,201.0,3.0,1.0,0.0,0.0,0.0,0.0
2025/11/24,17:44:55,0,63.0,202.0,256.0,254.0,13.0,203.0,4.0,3.0,0.0,0.0,0.0,0.0
2025/11/24,17:45:00,0,62.0,190.0,254.0,254.0,13.0,202.0,3.0,3.0,0.0,0.0,0.0,0.0
2025/11/24,17:45:05,0,65.0,192.0,254.0,253.0,10.0,203.0,2.0,4.0,0.0,0.0,0.0,0.0
2025/11/24,17:45:10,0,61.0,202.0,259.0,252.0,3.0,202.0,2.0,1.0,0.0,0.0,0.0,0.0
2025/11/24,17:45:15,0,61.0,220.0,258.0,254.0,5.0,202.0,3.0,2.0,0.0,0.0,0.0,0.0
2025/11/24,17:45:20,0,62.0,213.0,258.0,252.0,6.0,202.0,3.0,2.0,0.0,0.0,0.0,0.0
2025/11/24,17:45:25,0,59.0,209.0,257.0,254.0,10.0,203.0,4.0,2.0,0.0,0.0,0.0,0.0
2025/11/24,17:45:30,0,64.0,200.0,256.0,253.0,14.0,202.0,6.0,3.0,0.0,0.0,0.0,0.0
2025/11/24,17:45:35,0,62.0,191.0,255.0,254.0,15.0,205.0,4.0,3.0,0.0,0.0,0.0,-0.0008
2025/11/24,17:45:40,0,63.0,189.0,255.0,253.0,14.0,204.0,4.0,3.0,0.0,0.0,0.0,0.0
2025/11/24,17:45:45,0,62.0,189.0,255.0,254.0,14.0,204.0,3.0,3.0,0.0,0.0,0.0,0.0
2025/11/24,17:45:50,0,63.0,191.0,255.0,254.0,12.0,204.0,3.0,3.0,0.0,0.0,0.0,0.0
2025/11/24,17:45:55,0,63.0,196.0,254.0,254.0,12.0,204.0,3.0,3.0,0.0,0.0,0.0,0.0
2025/11/24,17:46:00,0,62.0,195.0,256.0,254.0,11.0,205.0,3.0,3.0,0.0,0.0,0.0,0.0
2025/11/24,17:46:05,0,62.0,198.0,258.0,252.0,0.0,204.0,1.0,1.0,0.0,0.0,0.0,0.0
2025/11/24,17:46:10,0,64.0,216.0,258.0,253.0,5.0,204.0,3.0,2.0,0.0,0.0,0.0,0.0
2025/11/24,17:46:15,0,61.0,213.0,258.0,253.0,9.0,203.0,3.0,2.0,0.0,0.0,0.0,0.0
2025/11/24,17:46:20,0,63.0,199.0,256.0,253.0,16.0,203.0,4.0,3.0,0.0,0.0,0.0,0.0
2025/11/24,17:46:25,0,62.0,188.0,255.0,254.0,14.0,203.0,3.0,3.0,0.0,0.0,0.0,0.0
2025/11/24,17:46:30,0,62.0,193.0,256.0,254.0,12.0,203.0,3.0,2.0,0.0,0.0,0.0,0.0
2025/11/24,17:46:35,0,63.0,197.0,256.0,254.0,9.0,203.0,3.0,2.0,0.0,0.0,0.0,0.0
2025/11/24,17:46:40,0,62.0,194.0,254.0,254.0,16.0,205.0,3.0,3.0,0.0,0.0,0.0,0.0
2025/11/24,17:46:45,0,62.0,197.0,256.0,254.0,8.0,202.0,2.0,2.0,0.0,0.0,0.0,0.0
2025/11/24,17:46:50,0,66.0,199.0,257.0,254.0,2.0,203.0,1.0,1.0,0.0,0.0,0.0,0.0
2025/11/24,17:46:55,0,61.0,201.0,258.0,254.0,5.0,204.0,1.0,1.0,0.0,0.0,0.0,0.0
2025/11/24,17:47:00,0,63.0,211.0,259.0,254.0,6.0,204.0,3.0,2.0,0.0,0.0,0.0,0.0
2025/11/24,17:47:05,0,63.0,219.0,258.0,254.0,6.0,204.0,3.0,2.0,0.0,0.0,0.0,0.0
2025/11/24,17:47:10,0,60.0,219.0,259.0,252.0,5.0,203.0,3.0,2.0,0.0,0.0,0.0,0.0
2025/11/24,17:47:15,0,63.0,212.0,257.0,253.0,7.0,202.0,3.0,2.0,0.0,0.0,-0.0008,0.0
2025/11/24,17:47:20,0,62.0,206.0,257.0,253.0,14.0,203.0,5.0,3.0,0.0,0.0,0.0,0.0
2025/11/24,17:47:25,0,65.0,200.0,256.0,253.0,12.0,202.0,5.0,2.0,0.0,0.0,0.0,0.0
2025/11/24,17:47:30,0,64.0,200.0,256.0,254.0,16.0,202.0,6.0,3.0,0.0,0.0,0.0,0.0
2025/11/24,17:47:35,0,62.0,201.0,258.0,252.0,17.0,202.0,4.0,2.0,0.0,0.0,0.0,0.0
2025/11/24,17:47:40,0,63.0,207.0,258.0,254.0,12.0,204.0,3.0,3.0,0.0,0.0,0.0,0.0
2025/11/24,17:47:45,0,63.0,208.0,257.0,254.0,12.0,203.0,4.0,3.0,0.0,0.0,0.0,-0.0008
2025/11/24,17:47:50,0,64.0,205.0,257.0,254.0,14.0,204.0,4.0,2.0,0.0,0.0,0.0,0.0
2025/11/24,17:47:55,0,61.0,208.0,257.0,253.0,13.0,203.0,4.0,2.0,0.0,0.0,0.0,0.0
2025/11/24,17:48:00,0,61.0,211.0,258.0,254.0,11.0,204.0,4.0,3.0,0.0,0.0,0.0,0.0
2025/11/24,17:48:05,0,63.0,208.0,257.0,253.0,11.0,204.0,4.0,2.0,0.0,0.0,0.0,0.0
2025/11/24,17:48:10,0,57.0,210.0,258.0,252.0,9.0,203.0,4.0,2.0,0.0,0.0,0.0,0.0
2025/11/24,17:48:15,0,62.0,220.0,258.0,253.0,6.0,203.0,4.0,2.0,0.0,0.0,0.0,0.0
2025/11/24,17:48:20,0,63.0,212.0,258.0,253.0,7.0,202.0,4.0,2.0,0.0,0.0,0.0,0.0
2025/11/24,17:48:25,0,62.0,206.0,257.0,254.0,7.0,204.0,3.0,2.0,0.0,0.0,0.0,0.0
2025/11/24,17:48:30,0,63.0,204.0,259.0,254.0,5.0,203.0,3.0,2.0,0.0,0.0,0.0,0.0
2025/11/24,17:48:35,0,64.0,205.0,258.0,253.0,6.0,204.0,3.0,2.0,0.0,0.0,0.0,0.0
2025/11/24,17:48:40,0,63.0,213.0,259.0,254.0,7.0,203.0,4.0,2.0,0.0,0.0,0.0,0.0
2025/11/24,17:48:45,0,64.0,220.0,256.0,254.0,7.0,203.0,4.0,2.0,0.0,0.0,0.0,0.0
2025/11/24,17:48:50,0,62.0,212.0,256.0,253.0,10.0,203.0,4.0,2.0,0.0,0.0,0.0,0.0
2025/11/24,17:48:55,0,63.0,208.0,257.0,253.0,10.0,203.0,4.0,3.0,0.0,0.0,0.0,0.0
2025/11/24,17:49:00,0,60.0,196.0,257.0,253.0,15.0,204.0,4.0,3.0,0.0,0.0,0.0,0.0
2025/11/24,17:49:05,0,63.0,189.0,256.0,254.0,12.0,203.0,3.0,4.0,0.0,0.0,0.0,0.0
2025/11/24,17:49:10,0,64.0,191.0,255.0,254.0,11.0,204.0,2.0,2.0,0.0,0.0,0.0,-0.0008
2025/11/24,17:49:15,0,63.0,197.0,255.0,254.0,11.0,203.0,3.0,2.0,0.0,0.0,0.0,0.0
2025/11/24,17:49:20,0,63.0,196.0,255.0,253.0,10.0,203.0,3.0,2.0,0.0,0.0,0.0,0.0
2025/11/24,17:49:25,0,64.0,203.0,256.0,254.0,11.0,204.0,2.0,2.0,0.0,0.0,0.0,0.0
2025/11/24,17:50:30,0,63.0,201.0,258.0,254.0,8.0,202.0,3.0,2.0,0.0,0.0,0.0,0.0
2025/11/24,17:50:34,0,65.0,219.0,260.0,252.0,8.0,203.0,4.0,2.0,0.0,0.0,0.0,-0.0008
2025/11/24,17:50:39,0,63.0,211.0,258.0,254.0,10.0,204.0,4.0,3.0,0.0,0.0,0.0,0.0
2025/11/24,17:50:44,0,62.0,195.0,256.0,253.0,15.0,202.0,5.0,3.0,0.0,0.0,0.0,0.0
2025/11/24,17:50:49,0,63.0,188.0,256.0,253.0,14.0,203.0,4.0,4.0,0.0,0.0,0.0,0.0
2025/11/24,17:50:54,0,63.0,194.0,253.0,254.0,13.0,203.0,3.0,3.0,0.0,0.0,0.0,0.0
2025/11/24,17:50:59,0,64.0,198.0,256.0,253.0,9.0,202.0,2.0,2.0,0.0,0.0,0.0,0.0
2025/11/24,17:51:04,0,62.0,196.0,257.0,254.0,9.0,202.0,2.0,2.0,0.0,0.0,0.0,0.0
2025/11/24,17:51:09,0,62.0,200.0,258.0,254.0,1.0,204.0,1.0,1.0,0.0,0.0,0.0,0.0
2025/11/24,17:51:14,0,62.0,199.0,257.0,253.0,6.0,204.0,1.0,2.0,0.0,0.0,0.0,0.0
2025/11/24,17:51:19,0,60.0,202.0,259.0,254.0,5.0,204.0,2.0,2.0,0.0,0.0,0.0,0.0
2025/11/24,17:51:24,0,65.0,200.0,259.0,254.0,0.0,204.0,1.0,1.0,0.0,0.0,0.0,0.0
2025/11/24,17:51:29,0,62.0,198.0,257.0,253.0,7.0,204.0,1.0,2.0,0.0,0.0,0.0,0.0
2025/11/24,17:51:34,0,61.0,193.0,256.0,253.0,9.0,203.0,3.0,2.0,0.0,0.0,0.0,0.0
2025/11/24,17:51:39,0,61.0,199.0,257.0,254.0,10.0,203.0,3.0,2.0,0.0,0.0,0.0,0.0
2025/11/24,17:51:44,0,61.0,200.0,256.0,253.0,11.0,202.0,3.0,3.0,0.0,0.0,0.0,0.0
2025/11/24,17:51:49,0,61.0,201.0,256.0,253.0,11.0,203.0,3.0,2.0,0.0,0.0,0.0,0.0
2025/11/24,17:51:54,0,61.0,202.0,257.0,253.0,11.0,204.0,2.0,2.0,0.0,0.0,0.0,0.0
2025/11/24,17:51:59,0,62.0,200.0,257.0,254.0,11.0,203.0,3.0,3.0,0.0,0.0,0.0,0.0
2025/11/24,17:52:04,0,62.0,200.0,256.0,254.0,10.0,204.0,2.0,2.0,0.0,0.0,0.0,0.0
2025/11/24,17:52:09,0,62.0,197.0,256.0,254.0,10.0,204.0,3.0,2.0,0.0,0.0,0.0,0.0
2025/11/24,17:52:14,0,61.0,193.0,254.0,254.0,13.0,203.0,3.0,2.0,0.0,0.0,0.0,0.0
2025/11/24,17:52:19,0,61.0,192.0,256.0,253.0,11.0,202.0,3.0,3.0,0.0,0.0,0.0,0.0
2025/11/24,17:52:24,0,63.0,188.0,256.0,254.0,15.0,204.0,4.0,3.0,0.0,0.0,0.0,0.0
2025/11/24,17:52:29,0,60.0,192.0,256.0,254.0,16.0,204.0,4.0,3.0,0.0,0.0,0.0,0.0
2025/11/24,17:52:34,0,62.0,188.0,254.0,254.0,19.0,203.0,5.0,3.0,0.0,0.0,0.0,0.0
2025/11/24,17:52:39,0,60.0,195.0,257.0,254.0,11.0,203.0,2.0,2.0,0.0,0.0,0.0,0.0
2025/11/24,17:52:44,0,68.0,191.0,255.0,253.0,17.0,203.0,4.0,3.0,0.0,0.0,0.0,0.0
2025/11/24,17:52:49,0,65.0,190.0,257.0,254.0,16.0,204.0,4.0,4.0,0.0,0.0,0.0,0.0
2025/11/24,17:52:54,0,61.0,200.0,257.0,254.0,14.0,203.0,4.0,3.0,0.0,0.0,0.0,0.0
2025/11/24,17:52:59,0,59.0,207.0,258.0,254.0,10.0,204.0,3.0,3.0,0.0,0.0,0.0,0.0
2025/11/24,17:53:04,0,62.0,200.0,258.0,253.0,15.0,204.0,4.0,3.0,0.0,0.0,0.0,0.0
2025/11/24,17:53:09,0,60.0,188.0,257.0,253.0,12.0,203.0,3.0,3.0,0.0,0.0,0.0,0.0
2025/11/24,17:53:14,0,63.0,193.0,256.0,252.0,11.0,202.0,3.0,2.0,0.0,0.0,0.0,0.0
2025/11/24,17:53:19,0,61.0,195.0,253.0,254.0,12.0,204.0,3.0,2.0,0.0,0.0,0.0,0.0
2025/11/24,17:53:24,0,61.0,194.0,257.0,252.0,12.0,203.0,3.0,2.0,0.0,0.0,0.0,0.0
2025/11/24,17:53:29,0,62.0,192.0,254.0,254.0,14.0,203.0,4.0,2.0,0.0,0.0,0.0,0.0
2025/11/24,17:53:34,0,61.0,194.0,257.0,254.0,12.0,204.0,2.0,2.0,0.0,0.0,0.0,0.0
2025/11/24,17:53:39,0,61.0,198.0,256.0,253.0,11.0,202.0,3.0,2.0,0.0,0.0,0.0,0.0
2025/11/24,17:53:44,0,65.0,203.0,256.0,252.0,10.0,203.0,3.0,2.0,0.0,0.0,0.0,0.0
2025/11/24,17:53:49,0,62.0,200.0,257.0,254.0,11.0,204.0,2.0,2.0,0.0,0.0,0.0,0.0
2025/11/24,17:53:54,0,61.0,198.0,257.0,254.0,11.0,204.0,2.0,3.0,0.0,0.0,0.0,0.0
2025/11/24,17:53:59,0,61.0,200.0,257.0,253.0,11.0,203.0,3.0,2.0,0.0,0.0,0.0,0.0
2025/11/24,17:54:04,0,63.0,195.0,257.0,254.0,13.0,204.0,2.0,3.0,0.0,0.0,0.0,0.0
2025/11/24,17:54:09,0,60.0,200.0,259.0,254.0,4.0,203.0,0.0,1.0,0.0,0.0,0.0,0.0
2025/11/24,17:54:14,0,62.0,206.0,258.0,253.0,3.0,203.0,3.0,2.0,0.0,0.0,0.0,0.0
2025/11/24,17:54:19,0,60.0,217.0,260.0,253.0,9.0,204.0,3.0,2.0,0.0,0.0,0.0,0.0
2025/11/24,17:54:24,0,61.0,212.0,260.0,254.0,7.0,203.0,4.0,2.0,0.0,0.0,0.0,0.0
2025/11/24,17:54:29,0,61.0,203.0,258.0,254.0,12.0,203.0,5.0,3.0,0.0,0.0,0.0,0.0
2025/11/24,17:54:34,0,64.0,192.0,257.0,253.0,17.0,204.0,4.0,3.0,0.0,0.0,0.0,0.0
2025/11/24,17:54:39,0,61.0,197.0,256.0,253.0,12.0,202.0,3.0,2.0,0.0,0.0,0.0,0.0
2025/11/24,17:54:44,0,61.0,196.0,257.0,254.0,9.0,203.0,2.0,2.0,0.0,0.0,0.0,0.0
2025/11/24,17:54:49,0,61.0,202.0,260.0,252.0,4.0,204.0,1.0,1.0,0.0,0.0,0.0,0.0
2025/11/24,17:54:54,0,59.0,218.0,260.0,252.0,8.0,203.0,3.0,2.0,0.0,0.0,0.0,0.0
2025/11/24,17:54:59,0,61.0,205.0,259.0,254.0,12.0,204.0,4.0,2.0,0.0,0.0,0.0,0.0
2025/11/24,17:55:04,0,62.0,197.0,256.0,253.0,12.0,204.0,2.0,2.0,0.0,0.0,0.0,-0.0008
2025/11/24,17:55:09,0,62.0,196.0,257.0,254.0,8.0,203.0,2.0,1.0,0.0,0.0,0.0,0.0
2025/11/24,17:55:14,0,61.0,203.0,260.0,254.0,4.0,204.0,2.0,2.0,0.0,0.0,0.0,0.0
2025/11/24,17:55:19,0,61.0,214.0,259.0,254.0,8.0,203.0,4.0,2.0,0.0,0.0,0.0,0.0
2025/11/24,17:55:24,0,63.0,217.0,259.0,254.0,8.0,204.0,3.0,2.0,0.0,0.0,0.0,0.0
2025/11/24,17:55:29,0,59.0,191.0,257.0,253.0,17.0,203.0,5.0,4.0,0.0,0.0,0.0,0.0
2025/11/24,17:55:34,0,60.0,202.0,254.0,254.0,13.0,204.0,2.0,2.0,0.0,0.0,0.0,0.0
2025/11/24,17:55:39,0,63.0,198.0,259.0,254.0,2.0,204.0,1.0,1.0,0.0,0.0,0.0,0.0
2025/11/24,17:55:44,0,62.0,221.0,259.0,254.0,9.0,204.0,3.0,2.0,0.0,0.0,0.0,0.0
2025/11/24,17:55:49,0,60.0,190.0,257.0,253.0,16.0,204.0,4.0,3.0,0.0,0.0,0.0,0.0
2025/11/24,17:55:54,0,58.0,200.0,255.0,254.0,11.0,204.0,2.0,2.0,0.0,0.0,0.0,0.0
2025/11/24,17:55:59,0,61.0,198.0,259.0,252.0,1.0,202.0,1.0,1.0,0.0,0.0,0.0,0.0
2025/11/24,17:56:04,0,61.0,220.0,259.0,253.0,9.0,204.0,3.0,2.0,0.0,0.0,0.0,0.0
2025/11/24,17:56:09,0,61.0,190.0,256.0,254.0,13.0,204.0,3.0,3.0,0.0,0.0,0.0,0.0
2025/11/24,17:56:14,0,60.0,197.0,256.0,253.0,10.0,203.0,3.0,2.0,0.0,0.0,0.0,0.0
2025/11/24,17:56:19,0,61.0,212.0,259.0,253.0,8.0,204.0,3.0,2.0,0.0,0.0,0.0,0.0
2025/11/24,17:56:24,0,62.0,202.0,259.0,253.0,14.0,205.0,4.0,3.0,0.0,0.0,0.0,0.0
2025/11/24,17:56:29,0,61.0,200.0,257.0,254.0,11.0,204.0,2.0,2.0,0.0,0.0,0.0,0.0
2025/11/24,17:56:34,0,62.0,198.0,257.0,253.0,5.0,204.0,1.0,2.0,0.0,0.0,0.0,0.0
2025/11/24,17:56:39,0,61.0,205.0,259.0,253.0,8.0,204.0,3.0,2.0,0.0,0.0,0.0,0.0
2025/11/24,17:56:44,0,66.0,216.0,259.0,253.0,5.0,202.0,3.0,2.0,0.0,0.0,0.0,0.0
2025/11/24,17:56:49,0,63.0,192.0,257.0,253.0,18.0,202.0,4.0,3.0,0.0,0.0,0.0,0.0
2025/11/24,17:56:54,0,61.0,198.0,257.0,253.0,11.0,204.0,2.0,2.0,0.0,0.0,0.0,0.0
2025/11/24,17:56:59,0,61.0,194.0,257.0,253.0,7.0,202.0,2.0,2.0,0.0,0.0,0.0,0.0
2025/11/24,17:57:04,0,61.0,199.0,259.0,253.0,2.0,205.0,1.0,1.0,0.0,0.0,0.0,0.0
2025/11/24,17:57:09,0,61.0,206.0,259.0,253.0,6.0,204.0,3.0,2.0,0.0,0.0,0.0,0.0
2025/11/24,17:57:14,0,61.0,216.0,260.0,251.0,7.0,203.0,3.0,2.0,0.0,0.0,0.0,0.0
2025/11/24,17:57:19,0,62.0,223.0,257.0,253.0,6.0,204.0,3.0,2.0,0.0,0.0,0.0,0.0
2025/11/24,17:57:24,0,64.0,214.0,258.0,253.0,8.0,203.0,3.0,2.0,0.0,0.0,0.0,0.0
2025/11/24,17:57:29,0,60.0,199.0,257.0,254.0,18.0,204.0,4.0,4.0,0.0,0.0,0.0,0.0
2025/11/24,17:57:34,0,61.0,196.0,256.0,252.0,11.0,202.0,3.0,2.0,0.0,0.0,0.0,0.0
2025/11/24,17:57:39,0,59.0,195.0,258.0,253.0,8.0,204.0,2.0,2.0,0.0,0.0,0.0,0.0
2025/11/24,17:57:44,0,63.0,200.0,259.0,253.0,3.0,204.0,1.0,0.0,0.0,0.0,0.0,0.0
2025/11/24,17:57:49,0,61.0,205.0,260.0,254.0,6.0,202.0,3.0,1.0,0.0,0.0,0.0,0.0
2025/11/24,17:57:54,0,60.0,222.0,260.0,253.0,7.0,203.0,3.0,2.0,0.0,0.0,0.0,0.0
2025/11/24,17:57:59,0,63.0,211.0,258.0,252.0,13.0,204.0,4.0,2.0,0.0,0.0,0.0,0.0
2025/11/24,17:58:04,0,61.0,190.0,257.0,253.0,15.0,203.0,4.0,3.0,0.0,0.0,0.0,0.0
2025/11/24,17:58:09,0,61.0,199.0,257.0,254.0,12.0,202.0,3.0,3.0,0.0,0.0,0.0,0.0
2025/11/24,17:58:14,0,60.0,196.0,255.0,253.0,9.0,204.0,3.0,2.0,0.0,0.0,0.0,0.0
2025/11/24,17:58:19,0,59.0,199.0,259.0,254.0,6.0,203.0,2.0,1.0,0.0,0.0,0.0,0.0
2025/11/24,17:58:24,0,61.0,198.0,260.0,253.0,0.0,203.0,1.0,0.0,0.0,0.0,0.0,0.0
2025/11/24,17:58:29,0,61.0,205.0,260.0,253.0,6.0,204.0,2.0,2.0,0.0,0.0,0.0,0.0
2025/11/24,17:58:34,0,61.0,210.0,261.0,251.0,7.0,202.0,3.0,2.0,0.0,0.0,0.0,0.0
2025/11/24,17:58:39,0,61.0,222.0,260.0,253.0,7.0,203.0,3.0,2.0,0.0,0.0,0.0,0.0
2025/11/24,17:58:44,0,60.0,210.0,260.0,254.0,10.0,204.0,3.0,2.0,0.0,0.0,0.0,0.0
2025/11/24,17:58:49,0,58.0,188.0,256.0,253.0,20.0,203.0,5.0,3.0,0.0,0.0,0.0,0.0
2025/11/24,17:58:54,0,59.0,191.0,255.0,254.0,14.0,204.0,3.0,3.0,0.0,0.0,0.0,0.0
2025/11/24,17:58:59,0,61.0,197.0,258.0,254.0,12.0,202.0,3.0,2.0,0.0,0.0,0.0,0.0
2025/11/24,17:59:04,0,60.0,199.0,258.0,252.0,12.0,203.0,3.0,2.0,0.0,0.0,0.0,0.0
2025/11/24,17:59:09,0,61.0,196.0,255.0,254.0,13.0,204.0,3.0,2.0,0.0,0.0,0.0,0.0
2025/11/24,17:59:14,0,61.0,198.0,257.0,253.0,11.0,203.0,3.0,2.0,0.0,0.0,0.0,0.0
2025/11/24,17:59:19,0,57.0,202.0,257.0,254.0,12.0,204.0,2.0,2.0,0.0,0.0,0.0,0.0
2025/11/24,17:59:24,0,63.0,199.0,256.0,253.0,13.0,203.0,3.0,3.0,0.0,0.0,0.0,0.0
2025/11/24,17:59:29,0,57.0,192.0,257.0,253.0,12.0,204.0,3.0,3.0,0.0,0.0,0.0,0.0
2025/11/24,17:59:34,0,61.0,199.0,254.0,253.0,13.0,203.0,4.0,3.0,0.0,0.0,0.0,-0.0008
2025/11/24,17:59:39,0,59.0,201.0,255.0,253.0,13.0,204.0,2.0,3.0,0.0,0.0,0.0,0.0
2025/11/24,18:00:20,0,60.0,203.0,257.0,253.0,14.0,203.0,4.0,3.0,0.0,0.0,0.0,0.0
2025/11/24,18:00:24,0,59.0,191.0,258.0,252.0,14.0,204.0,4.0,3.0,0.0,0.0,0.0,0.0
2025/11/24,18:00:29,0,58.0,193.0,257.0,254.0,20.0,203.0,5.0,4.0,0.0,0.0,0.0,0.0
2025/11/24,18:00:34,0,61.0,205.0,259.0,254.0,14.0,204.0,4.0,2.0,0.0,0.0,0.0,0.0
2025/11/24,18:00:39,0,61.0,213.0,260.0,253.0,7.0,204.0,3.0,1.0,0.0,0.0,0.0,0.0
2025/11/24,18:00:44,0,62.0,218.0,260.0,254.0,5.0,204.0,3.0,2.0,0.0,0.0,0.0,0.0
2025/11/24,18:00:49,0,60.0,222.0,260.0,254.0,4.0,202.0,3.0,1.0,0.0,0.0,0.0,0.0
2025/11/24,18:00:54,0,61.0,217.0,259.0,254.0,7.0,204.0,2.0,1.0,0.0,0.0,0.0,0.0
2025/11/24,18:00:59,0,59.0,210.0,261.0,253.0,8.0,203.0,3.0,1.0,0.0,0.0,0.0,0.0
2025/11/24,18:01:04,0,64.0,209.0,260.0,253.0,11.0,203.0,5.0,2.0,0.0,0.0,0.0,0.0
2025/11/24,18:01:09,0,59.0,210.0,260.0,252.0,4.0,202.0,4.0,2.0,0.0,0.0,0.0,0.0
2025/11/24,18:01:14,0,58.0,203.0,260.0,254.0,13.0,204.0,5.0,3.0,0.0,0.0,0.0,0.0
2025/11/24,18:01:19,0,59.0,189.0,258.0,253.0,17.0,204.0,3.0,3.0,0.0,0.0,0.0,0.0
2025/11/24,18:01:24,0,59.0,199.0,259.0,254.0,13.0,204.0,3.0,3.0,0.0,0.0,0.0,0.0
2025/11/24,18:01:29,0,59.0,199.0,260.0,253.0,2.0,203.0,2.0,1.0,0.0,0.0,0.0,0.0
2025/11/24,18:01:34,0,62.0,215.0,261.0,253.0,6.0,203.0,3.0,1.0,0.0,0.0,0.0,0.0
2025/11/24,18:01:39,0,62.0,194.0,258.0,253.0,19.0,204.0,5.0,4.0,0.0,0.0,0.0,0.0
2025/11/24,18:01:44,0,61.0,193.0,259.0,252.0,15.0,202.0,4.0,2.0,0.0,0.0,0.0,0.0
2025/11/24,18:01:49,0,60.0,202.0,258.0,254.0,13.0,204.0,4.0,3.0,0.0,0.0,0.0,0.0
2025/11/24,18:01:54,0,60.0,194.0,259.0,254.0,8.0,204.0,2.0,2.0,0.0,0.0,0.0,0.0
2025/11/24,18:01:59,0,61.0,204.0,261.0,254.0,4.0,202.0,3.0,1.0,0.0,0.0,0.0,0.0
2025/11/24,18:02:04,0,60.0,211.0,261.0,254.0,9.0,203.0,4.0,1.0,0.0,0.0,0.0,0.0
2025/11/24,18:02:09,0,61.0,189.0,258.0,253.0,16.0,203.0,3.0,3.0,0.0,0.0,0.0,0.0
2025/11/24,18:02:14,0,61.0,200.0,258.0,253.0,15.0,203.0,3.0,3.0,0.0,0.0,0.0,0.0
2025/11/24,18:02:19,0,62.0,198.0,259.0,254.0,11.0,204.0,2.0,3.0,0.0,0.0,0.0,0.0
2025/11/24,18:02:24,0,61.0,203.0,261.0,253.0,3.0,204.0,2.0,2.0,0.0,0.0,0.0,0.0
2025/11/24,18:02:29,0,62.0,214.0,261.0,253.0,7.0,211.0,3.0,2.0,0.0,0.0,0.0,0.0
2025/11/24,18:02:34,0,62.0,194.0,259.0,252.0,15.0,203.0,3.0,3.0,0.0,0.0,0.0,0.0
2025/11/24,18:02:39,0,59.0,199.0,258.0,254.0,3.0,203.0,1.0,1.0,0.0,0.0,0.0,0.0
2025/11/24,18:02:44,0,62.0,217.0,259.0,254.0,8.0,203.0,3.0,1.0,0.0,0.0,0.0,0.0
2025/11/24,18:02:49,0,62.0,191.0,258.0,253.0,15.0,204.0,3.0,3.0,0.0,0.0,0.0,0.0
2025/11/24,18:02:54,0,62.0,198.0,260.0,253.0,5.0,205.0,1.0,1.0,0.0,0.0,0.0,0.0
2025/11/24,18:02:59,0,61.0,211.0,261.0,251.0,4.0,203.0,3.0,2.0,0.0,0.0,0.0,0.0
2025/11/24,18:03:04,0,61.0,221.0,261.0,253.0,2.0,203.0,2.0,1.0,0.0,0.0,0.0,0.0
2025/11/24,18:03:09,0,60.0,197.0,258.0,252.0,18.0,202.0,5.0,4.0,0.0,0.0,0.0,0.0
2025/11/24,18:03:14,0,59.0,195.0,259.0,253.0,12.0,204.0,3.0,3.0,0.0,0.0,0.0,0.0
2025/11/24,18:03:19,0,62.0,217.0,261.0,253.0,7.0,204.0,3.0,2.0,0.0,0.0,0.0,0.0
2025/11/24,18:03:24,0,61.0,188.0,259.0,252.0,17.0,203.0,5.0,3.0,0.0,0.0,0.0,0.0
2025/11/24,18:03:29,0,61.0,194.0,258.0,254.0,14.0,205.0,3.0,3.0,0.0,0.0,0.0,0.0
2025/11/24,18:03:34,0,60.0,202.0,263.0,253.0,5.0,205.0,1.0,0.0,0.0,0.0,0.0,0.0
2025/11/24,18:03:39,0,61.0,212.0,261.0,253.0,9.0,204.0,2.0,1.0,0.0,0.0,0.0,0.0
2025/11/24,18:03:44,0,62.0,191.0,257.0,253.0,14.0,204.0,3.0,3.0,0.0,0.0,0.0,0.0
2025/11/24,18:03:49,0,58.0,200.0,259.0,253.0,3.0,204.0,1.0,1.0,0.0,0.0,0.0,0.0
2025/11/24,18:03:54,0,60.0,215.0,261.0,254.0,6.0,203.0,3.0,1.0,0.0,0.0,0.0,0.0
2025/11/24,18:03:59,0,61.0,202.0,259.0,252.0,14.0,203.0,2.0,2.0,0.0,0.0,0.0,0.0
2025/11/24,18:04:04,0,59.0,218.0,262.0,253.0,8.0,204.0,3.0,2.0,0.0,0.0,0.0,0.0
2025/11/24,18:04:09,0,60.0,198.0,256.0,254.0,15.0,204.0,2.0,2.0,0.0,0.0,0.0,0.0
2025/11/24,18:04:14,0,61.0,210.0,259.0,254.0,7.0,204.0,2.0,2.0,0.0,0.0,0.0,0.0
2025/11/24,18:04:19,0,56.0,194.0,258.0,254.0,21.0,202.0,5.0,3.0,0.0,0.0,0.0,0.0
2025/11/24,18:04:24,0,61.0,195.0,259.0,255.0,11.0,203.0,3.0,2.0,0.0,0.0,0.0,0.0
2025/11/24,18:04:29,0,60.0,222.0,261.0,254.0,7.0,203.0,3.0,2.0,0.0,0.0,0.0,0.0
2025/11/24,18:04:34,0,59.0,192.0,256.0,253.0,16.0,204.0,3.0,3.0,0.0,0.0,0.0,0.0
2025/11/24,18:04:39,0,61.0,207.0,261.0,254.0,6.0,203.0,3.0,1.0,0.0,0.0,0.0,0.0
2025/11/24,18:04:44,0,62.0,198.0,258.0,252.0,13.0,204.0,2.0,3.0,0.0,0.0,0.0,0.0
2025/11/24,18:04:49,0,61.0,216.0,259.0,254.0,6.0,198.0,3.0,2.0,0.0,0.0,0.0,0.0
2025/11/24,18:04:54,0,61.0,194.0,259.0,254.0,12.0,205.0,2.0,3.0,0.0,0.0,0.0,0.0
2025/11/24,18:04:59,0,60.0,213.0,260.0,254.0,8.0,203.0,3.0,2.0,0.0,0.0,0.0,0.0
2025/11/24,18:05:04,0,60.0,193.0,255.0,254.0,14.0,204.0,3.0,3.0,0.0,0.0,0.0,0.0
2025/11/24,18:05:09,0,61.0,216.0,261.0,253.0,6.0,202.0,4.0,1.0,0.0,0.0,0.0,0.0
2025/11/24,18:05:14,0,67.0,198.0,256.0,254.0,14.0,203.0,3.0,3.0,0.0,0.0,0.0,-0.0008
2025/11/24,18:05:19,0,57.0,219.0,260.0,253.0,5.0,204.0,3.0,2.0,0.0,0.0,0.0,0.0
2025/11/24,18:05:24,0,62.0,197.0,259.0,255.0,15.0,203.0,4.0,3.0,0.0,0.0,0.0,0.0
2025/11/24,18:05:29,0,61.0,216.0,260.0,253.0,7.0,204.0,3.0,1.0,0.0,0.0,0.0,0.0
2025/11/24,18:05:34,0,59.0,194.0,258.0,253.0,11.0,204.0,2.0,3.0,0.0,0.0,0.0,0.0
2025/11/24,18:05:39,0,56.0,210.0,260.0,253.0,10.0,203.0,4.0,2.0,0.0,0.0,0.0,0.0
2025/11/24,18:05:44,0,58.0,198.0,258.0,254.0,8.0,204.0,1.0,2.0,0.0,0.0,0.0,0.0
2025/11/24,18:05:49,0,63.0,194.0,258.0,253.0,19.0,204.0,4.0,3.0,0.0,0.0,0.0,0.0
2025/11/24,18:05:54,0,61.0,204.0,262.0,252.0,3.0,202.0,2.0,1.0,0.0,0.0,0.0,0.0
2025/11/24,18:05:59,0,61.0,196.0,258.0,254.0,14.0,204.0,3.0,3.0,0.0,0.0,0.0,0.0
2025/11/24,18:06:04,0,60.0,221.0,261.0,254.0,6.0,203.0,3.0,2.0,0.0,0.0,0.0,0.0
2025/11/24,18:06:09,0,57.0,193.0,259.0,251.0,13.0,203.0,3.0,2.0,0.0,0.0,0.0,0.0
2025/11/24,18:06:14,0,61.0,207.0,261.0,252.0,13.0,203.0,4.0,1.0,0.0,0.0,0.0,0.0
2025/11/24,18:06:19,0,60.0,201.0,261.0,251.0,3.0,203.0,1.0,1.0,0.0,0.0,0.0,0.0
2025/11/24,18:06:24,0,60.0,194.0,259.0,254.0,18.0,205.0,5.0,4.0,0.0,0.0,0.0,0.0
2025/11/24,18:06:29,0,60.0,203.0,262.0,255.0,4.0,203.0,2.0,1.0,0.0,0.0,0.0,0.0
2025/11/24,18:06:34,0,60.0,199.0,259.0,253.0,13.0,203.0,3.0,3.0,0.0,0.0,0.0,0.0
2025/11/24,18:11:36,0,60.0,203.0,263.0,252.0,6.0,205.0,2.0,2.0,0.0,0.0,0.0,0.0
2025/11/24,18:11:40,0,60.0,198.0,260.0,254.0,14.0,204.0,3.0,3.0,0.0,0.0,0.0,0.0
2025/11/24,18:11:45,0,59.0,211.0,260.0,253.0,8.0,203.0,3.0,2.0,0.0,0.0,0.0,0.0
2025/11/24,18:11:50,0,63.0,198.0,261.0,253.0,5.0,203.0,2.0,1.0,0.0,0.0,0.0,0.0
2025/11/24,18:11:55,0,59.0,191.0,261.0,253.0,18.0,203.0,5.0,3.0,0.0,0.0,0.0,0.0
2025/11/24,18:12:00,0,60.0,210.0,262.0,253.0,6.0,204.0,3.0,2.0,0.0,0.0,0.0,0.0
2025/11/24,18:12:05,0,60.0,196.0,261.0,253.0,9.0,203.0,3.0,2.0,0.0,0.0,0.0,0.0
2025/11/24,18:12:10,0,59.0,194.0,261.0,255.0,16.0,203.0,4.0,3.0,0.0,0.0,0.0,0.0
2025/11/24,18:12:15,0,59.0,207.0,263.0,253.0,11.0,204.0,3.0,3.0,0.0,0.0,0.0,0.0
2025/11/24,18:12:20,0,60.0,202.0,263.0,252.0,6.0,202.0,2.0,1.0,0.0,0.0,0.0,0.0
2025/11/24,18:12:25,0,59.0,196.0,261.0,254.0,15.0,203.0,4.0,2.0,0.0,0.0,0.0,0.0
2025/11/24,18:12:30,0,62.0,208.0,263.0,253.0,11.0,205.0,3.0,3.0,0.0,0.0,0.0,0.0
2025/11/24,18:12:35,0,61.0,201.0,263.0,253.0,5.0,204.0,1.0,1.0,0.0,0.0,0.0,0.0
2025/11/24,18:12:40,0,61.0,193.0,261.0,254.0,16.0,204.0,2.0,3.0,0.0,0.0,0.0,0.0
2025/11/24,18:12:45,0,59.0,223.0,264.0,253.0,8.0,204.0,3.0,2.0,0.0,0.0,0.0,0.0
2025/11/24,18:12:50,0,59.0,198.0,259.0,253.0,8.0,205.0,2.0,2.0,0.0,0.0,0.0,0.0
2025/11/24,18:12:55,0,59.0,189.0,259.0,253.0,17.0,204.0,4.0,3.0,0.0,0.0,0.0,0.0
2025/11/24,18:13:00,0,59.0,218.0,264.0,253.0,6.0,204.0,3.0,1.0,0.0,0.0,0.0,0.0
2025/11/24,18:13:05,0,57.0,193.0,261.0,253.0,14.0,204.0,2.0,3.0,0.0,0.0,0.0,0.0
2025/11/24,18:13:10,0,56.0,214.0,264.0,254.0,7.0,203.0,3.0,2.0,0.0,0.0,0.0,0.0
2025/11/24,18:13:15,0,57.0,193.0,261.0,253.0,13.0,204.0,3.0,3.0,0.0,0.0,0.0,0.0
2025/11/24,18:13:20,0,58.0,220.0,263.0,253.0,8.0,204.0,3.0,2.0,0.0,0.0,0.0,0.0
2025/11/24,18:13:25,0,57.0,194.0,261.0,253.0,15.0,204.0,3.0,3.0,-0.0008,0.0,0.0,0.0
2025/11/24,18:13:30,0,58.0,209.0,264.0,251.0,6.0,204.0,3.0,2.0,0.0,0.0,0.0,-0.0008
2025/11/24,18:13:35,0,58.0,191.0,261.0,253.0,16.0,204.0,3.0,3.0,0.0,0.0,0.0,0.0
2025/11/24,18:13:40,0,59.0,207.0,265.0,251.0,5.0,203.0,3.0,2.0,0.0,0.0,0.0,0.0
2025/11/24,18:13:45,0,60.0,190.0,260.0,253.0,17.0,205.0,3.0,3.0,0.0,0.0,0.0,0.0
2025/11/24,18:13:50,0,60.0,203.0,264.0,253.0,3.0,203.0,3.0,1.0,0.0,0.0,0.0,0.0
2025/11/24,18:13:55,0,59.0,188.0,261.0,254.0,17.0,204.0,5.0,4.0,0.0,0.0,0.0,0.0
2025/11/24,18:14:00,0,59.0,200.0,264.0,253.0,1.0,203.0,2.0,0.0,0.0,0.0,0.0,0.0
2025/11/24,18:14:05,0,61.0,188.0,261.0,253.0,17.0,202.0,3.0,4.0,0.0,0.0,0.0,0.0
2025/11/24,18:14:10,0,59.0,211.0,264.0,253.0,6.0,203.0,4.0,1.0,0.0,0.0,0.0,0.0
2025/11/24,18:14:15,0,61.0,201.0,262.0,253.0,15.0,204.0,3.0,3.0,0.0,0.0,0.0,0.0
2025/11/24,18:14:20,0,59.0,215.0,265.0,252.0,8.0,203.0,4.0,2.0,0.0,0.0,0.0,0.0
2025/11/24,18:14:25,0,63.0,198.0,263.0,252.0,8.0,203.0,3.0,2.0,0.0,0.0,0.0,0.0
2025/11/24,18:14:30,0,65.0,194.0,262.0,254.0,19.0,202.0,6.0,4.0,0.0,0.0,0.0,0.0
2025/11/24,18:14:35,0,61.0,204.0,264.0,253.0,5.0,203.0,3.0,1.0,0.0,0.0,0.0,0.0
2025/11/24,18:14:40,0,60.0,194.0,262.0,254.0,14.0,203.0,4.0,2.0,0.0,0.0,0.0,0.0
2025/11/24,18:14:45,0,60.0,215.0,264.0,253.0,8.0,204.0,3.0,2.0,0.0,0.0,0.0,0.0
2025/11/24,18:14:50,0,60.0,199.0,262.0,253.0,14.0,203.0,3.0,3.0,0.0,0.0,0.0,0.0
2025/11/24,18:14:55,0,60.0,221.0,265.0,254.0,7.0,203.0,3.0,1.0,0.0,0.0,0.0,0.0
2025/11/24,18:15:00,0,61.0,194.0,262.0,253.0,12.0,204.0,3.0,3.0,0.0,0.0,0.0,0.0
2025/11/24,18:15:05,0,61.0,215.0,264.0,253.0,9.0,204.0,4.0,1.0,0.0,0.0,0.0,0.0
2025/11/24,18:15:10,0,60.0,198.0,262.0,253.0,15.0,205.0,3.0,3.0,0.0,0.0,0.0,0.0
2025/11/24,18:15:15,0,59.0,218.0,264.0,253.0,8.0,204.0,3.0,2.0,0.0,0.0,0.0,0.0
2025/11/24,18:15:20,0,59.0,195.0,260.0,253.0,15.0,203.0,3.0,3.0,0.0,0.0,0.0,0.0
2025/11/24,18:15:25,0,60.0,210.0,262.0,253.0,7.0,204.0,3.0,2.0,0.0,0.0,0.0,0.0
2025/11/24,18:15:30,0,59.0,191.0,261.0,253.0,16.0,204.0,3.0,3.0,0.0,0.0,0.0,0.0
2025/11/24,18:15:35,0,60.0,200.0,265.0,253.0,1.0,203.0,2.0,1.0,0.0,0.0,0.0,0.0
2025/11/24,18:15:40,0,62.0,197.0,263.0,253.0,18.0,204.0,6.0,4.0,0.0,0.0,0.0,0.0
2025/11/24,18:15:45,0,62.0,200.0,263.0,254.0,5.0,204.0,0.0,1.0,0.0,0.0,0.0,0.0
2025/11/24,18:15:50,0,60.0,191.0,262.0,253.0,15.0,205.0,3.0,3.0,0.0,0.0,0.0,0.0
2025/11/24,18:15:55,0,61.0,220.0,264.0,252.0,7.0,203.0,3.0,2.0,0.0,0.0,0.0,-0.0008
2025/11/24,18:16:00,0,60.0,194.0,259.0,253.0,13.0,205.0,3.0,3.0,0.0,0.0,0.0,0.0
2025/11/24,18:16:05,0,62.0,198.0,264.0,254.0,17.0,204.0,5.0,3.0,0.0,0.0,0.0,0.0
2025/11/24,18:16:10,0,61.0,203.0,264.0,251.0,5.0,203.0,3.0,2.0,0.0,0.0,0.0,0.0
2025/11/24,18:16:15,0,61.0,196.0,263.0,251.0,15.0,202.0,3.0,2.0,0.0,0.0,0.0,0.0
2025/11/24,18:16:20,0,63.0,220.0,264.0,253.0,7.0,202.0,3.0,2.0,0.0,0.0,0.0,0.0
2025/11/24,18:16:25,0,56.0,199.0,262.0,254.0,14.0,204.0,3.0,3.0,0.0,0.0,0.0,0.0
2025/11/24,18:16:30,0,60.0,223.0,265.0,252.0,8.0,202.0,3.0,2.0,0.0,0.0,0.0,0.0
2025/11/24,18:16:35,0,61.0,198.0,262.0,253.0,15.0,204.0,3.0,3.0,0.0,0.0,0.0,0.0
2025/11/24,18:16:40,0,62.0,213.0,265.0,254.0,9.0,203.0,3.0,2.0,0.0,0.0,0.0,0.0
2025/11/24,18:16:45,0,60.0,198.0,263.0,253.0,8.0,204.0,2.0,2.0,0.0,0.0,0.0,0.0
2025/11/24,18:16:50,0,60.0,191.0,263.0,255.0,19.0,203.0,5.0,2.0,0.0,0.0,0.0,0.0
2025/11/24,18:16:55,0,60.0,209.0,264.0,253.0,5.0,202.0,3.0,2.0,0.0,0.0,0.0,0.0
2025/11/24,18:17:00,0,58.0,201.0,260.0,253.0,15.0,204.0,3.0,3.0,0.0,0.0,0.0,0.0
2025/11/24,18:17:05,0,61.0,214.0,264.0,253.0,7.0,203.0,4.0,2.0,0.0,0.0,0.0,0.0
2025/11/24,18:17:10,0,62.0,199.0,263.0,253.0,4.0,205.0,2.0,1.0,0.0,0.0,0.0,0.0
2025/11/24,18:17:15,0,60.0,188.0,262.0,253.0,17.0,204.0,4.0,3.0,0.0,0.0,0.0,0.0
2025/11/24,18:17:20,0,59.0,212.0,264.0,253.0,7.0,204.0,3.0,2.0,0.0,0.0,0.0,0.0
2025/11/24,18:17:59,0,61.0,203.0,261.0,253.0,17.0,204.0,5.0,3.0,0.0,0.0,0.0,0.0
2025/11/24,18:18:01,0,59.0,216.0,265.0,253.0,6.0,204.0,3.0,2.0,0.0,0.0,0.0,0.0
2025/11/24,18:18:06,0,59.0,197.0,263.0,254.0,11.0,203.0,3.0,2.0,0.0,0.0,0.0,0.0
2025/11/24,18:18:11,0,57.0,192.0,262.0,253.0,19.0,203.0,4.0,3.0,0.0,0.0,0.0,0.0
2025/11/24,18:18:16,0,60.0,213.0,265.0,253.0,6.0,203.0,3.0,1.0,0.0,0.0,0.0,0.0
2025/11/24,18:18:21,0,60.0,192.0,262.0,253.0,13.0,203.0,3.0,3.0,0.0,0.0,0.0,0.0
2025/11/24,18:18:26,0,59.0,200.0,263.0,251.0,17.0,203.0,6.0,4.0,0.0,0.0,0.0,0.0
2025/11/24,18:18:31,0,60.0,206.0,265.0,253.0,5.0,205.0,2.0,2.0,0.0,0.0,0.0,0.0
2025/11/24,18:18:36,0,59.0,201.0,263.0,252.0,14.0,203.0,3.0,3.0,0.0,0.0,0.0,0.0
2025/11/24,18:18:41,0,58.0,216.0,264.0,253.0,8.0,203.0,2.0,2.0,0.0,0.0,0.0,0.0
2025/11/24,18:18:46,0,62.0,198.0,264.0,255.0,10.0,203.0,3.0,1.0,0.0,0.0,0.0,0.0
2025/11/24,18:18:51,0,59.0,203.0,263.0,253.0,14.0,204.0,5.0,3.0,0.0,0.0,0.0,0.0
2025/11/24,18:18:56,0,63.0,198.0,261.0,254.0,0.0,204.0,0.0,1.0,0.0,0.0,0.0,0.0
2025/11/24,18:19:01,0,59.0,186.0,262.0,252.0,19.0,203.0,4.0,3.0,0.0,0.0,0.0,0.0
2025/11/24,18:19:06,0,59.0,203.0,265.0,253.0,5.0,203.0,3.0,1.0,0.0,0.0,0.0,0.0
2025/11/24,18:19:11,0,58.0,192.0,261.0,253.0,16.0,203.0,3.0,3.0,0.0,0.0,0.0,0.0
2025/11/24,18:19:16,0,59.0,215.0,264.0,253.0,9.0,203.0,3.0,2.0,0.0,0.0,0.0,0.0
2025/11/24,18:19:21,0,59.0,194.0,261.0,253.0,16.0,202.0,4.0,3.0,0.0,0.0,0.0,0.0
2025/11/24,18:19:26,0,56.0,210.0,265.0,251.0,7.0,205.0,3.0,2.0,0.0,0.0,0.0,0.0
2025/11/24,18:19:31,0,59.0,190.0,260.0,254.0,18.0,204.0,4.0,3.0,0.0,0.0,0.0,-0.0008
2025/11/24,18:19:36,0,58.0,204.0,264.0,253.0,4.0,205.0,2.0,1.0,0.0,0.0,0.0,0.0
2025/11/24,18:19:41,0,58.0,189.0,260.0,253.0,17.0,204.0,3.0,3.0,0.0,0.0,0.0,0.0
2025/11/24,18:19:46,0,59.0,210.0,265.0,253.0,6.0,205.0,3.0,1.0,0.0,0.0,0.0,0.0
2025/11/24,18:19:51,0,59.0,199.0,260.0,253.0,15.0,203.0,3.0,3.0,0.0,0.0,0.0,0.0
2025/11/24,18:19:56,0,58.0,220.0,264.0,253.0,7.0,204.0,3.0,1.0,0.0,0.0,0.0,0.0
2025/11/24,18:20:01,0,59.0,201.0,261.0,253.0,13.0,203.0,3.0,3.0,0.0,0.0,0.0,0.0
2025/11/24,18:20:06,0,56.0,222.0,263.0,253.0,8.0,205.0,3.0,2.0,0.0,0.0,0.0,0.0
2025/11/24,18:20:11,0,59.0,196.0,262.0,251.0,14.0,203.0,3.0,3.0,0.0,0.0,0.0,0.0
2025/11/24,18:20:16,0,59.0,211.0,263.0,252.0,10.0,203.0,3.0,2.0,0.0,0.0,0.0,0.0
2025/11/24,18:20:21,0,58.0,198.0,261.0,253.0,5.0,204.0,1.0,2.0,0.0,0.0,0.0,0.0
2025/11/24,18:20:26,0,59.0,188.0,260.0,253.0,20.0,204.0,4.0,4.0,0.0,0.0,0.0,0.0
2025/11/24,18:20:31,0,59.0,204.0,264.0,253.0,5.0,203.0,3.0,2.0,0.0,0.0,0.0,0.0
2025/11/24,18:20:36,0,57.0,192.0,259.0,253.0,15.0,205.0,3.0,3.0,0.0,0.0,0.0,0.0
2025/11/24,18:20:41,0,59.0,188.0,260.0,253.0,18.0,204.0,5.0,3.0,0.0,0.0,0.0,0.0
2025/11/24,18:20:46,0,58.0,201.0,260.0,253.0,15.0,202.0,3.0,3.0,0.0,0.0,0.0,0.0
2025/11/24,18:20:51,0,57.0,211.0,262.0,253.0,11.0,204.0,2.0,2.0,0.0,0.0,0.0,0.0
2025/11/24,18:20:56,0,58.0,204.0,263.0,253.0,6.0,204.0,2.0,2.0,0.0,0.0,0.0,0.0
2025/11/24,18:21:01,0,59.0,193.0,261.0,253.0,15.0,204.0,3.0,3.0,0.0,0.0,0.0,0.0
2025/11/24,18:21:06,0,58.0,190.0,261.0,253.0,20.0,204.0,5.0,4.0,0.0,0.0,0.0,0.0
2025/11/24,18:21:11,0,60.0,218.0,263.0,251.0,7.0,204.0,3.0,2.0,0.0,0.0,0.0,0.0
2025/11/24,18:21:16,0,62.0,196.0,261.0,252.0,13.0,204.0,2.0,3.0,0.0,0.0,0.0,0.0
2025/11/24,18:21:21,0,58.0,197.0,260.0,252.0,18.0,204.0,5.0,3.0,0.0,0.0,0.0,0.0
2025/11/24,18:21:26,0,60.0,208.0,263.0,252.0,6.0,204.0,3.0,2.0,0.0,0.0,0.0,0.0
2025/11/24,18:21:31,0,61.0,197.0,260.0,252.0,15.0,203.0,3.0,3.0,0.0,0.0,0.0,0.0
2025/11/24,18:21:36,0,55.0,190.0,261.0,253.0,20.0,204.0,5.0,3.0,0.0,0.0,0.0,0.0
2025/11/24,18:21:41,0,58.0,218.0,263.0,253.0,9.0,205.0,3.0,1.0,0.0,0.0,0.0,0.0
2025/11/24,18:21:46,0,57.0,207.0,264.0,253.0,5.0,203.0,3.0,1.0,0.0,0.0,0.0,0.0
2025/11/24,18:21:51,0,57.0,198.0,262.0,253.0,3.0,203.0,1.0,0.0,0.0,0.0,0.0,0.0
2025/11/24,18:21:56,0,59.0,191.0,260.0,253.0,14.0,204.0,2.0,3.0,0.0,0.0,0.0,0.0
2025/11/24,18:22:01,0,59.0,198.0,258.0,253.0,15.0,204.0,3.0,3.0,0.0,0.0,0.0,0.0
2025/11/24,18:22:06,0,58.0,194.0,261.0,253.0,15.0,204.0,3.0,3.0,0.0,0.0,0.0,0.0
2025/11/24,18:22:11,0,58.0,192.0,260.0,253.0,17.0,205.0,3.0,3.0,0.0,0.0,0.0,0.0
2025/11/24,18:22:16,0,59.0,192.0,260.0,253.0,16.0,204.0,3.0,3.0,0.0,0.0,0.0,0.0
2025/11/24,18:22:21,0,59.0,190.0,260.0,253.0,18.0,203.0,4.0,2.0,0.0,0.0,0.0,0.0
2025/11/24,18:22:26,0,58.0,189.0,261.0,253.0,17.0,204.0,3.0,3.0,0.0,0.0,0.0,0.0
2025/11/24,18:22:31,0,59.0,191.0,261.0,252.0,17.0,202.0,4.0,2.0,0.0,0.0,0.0,0.0
2025/11/24,18:22:36,0,59.0,193.0,261.0,252.0,15.0,203.0,4.0,2.0,0.0,0.0,0.0,0.0
2025/11/24,18:22:41,0,58.0,195.0,260.0,253.0,17.0,202.0,3.0,3.0,0.0,0.0,0.0,0.0
2025/11/24,18:22:46,0,58.0,195.0,261.0,253.0,18.0,204.0,5.0,4.0,0.0,0.0,0.0,0.0
2025/11/24,18:22:51,0,59.0,213.0,263.0,253.0,8.0,203.0,4.0,1.0,0.0,0.0,0.0,0.0
2025/11/24,18:22:56,0,59.0,194.0,261.0,254.0,15.0,203.0,4.0,2.0,0.0,0.0,0.0,0.0
2025/11/24,18:23:01,0,59.0,201.0,262.0,252.0,15.0,204.0,4.0,3.0,0.0,0.0,0.0,0.0
2025/11/24,18:23:06,0,56.0,208.0,261.0,253.0,7.0,204.0,3.0,2.0,0.0,0.0,0.0,0.0
2025/11/24,18:23:11,0,59.0,193.0,260.0,253.0,16.0,203.0,4.0,3.0,0.0,0.0,0.0,0.0
2025/11/24,18:23:16,0,59.0,190.0,260.0,253.0,18.0,203.0,4.0,3.0,0.0,0.0,0.0,0.0
2025/11/24,18:23:21,0,59.0,210.0,263.0,253.0,19.0,205.0,4.0,2.0,0.0,0.0,0.0,0.0
2025/11/24,18:23:26,0,59.0,222.0,263.0,253.0,7.0,204.0,3.0,2.0,0.0,0.0,0.0,-0.0008
2025/11/24,18:23:31,0,58.0,206.0,264.0,253.0,5.0,203.0,2.0,1.0,0.0,0.0,0.0,0.0
2025/11/24,18:23:36,0,58.0,192.0,261.0,253.0,13.0,204.0,1.0,3.0,0.0,0.0,0.0,0.0
2025/11/24,18:23:41,0,58.0,191.0,260.0,252.0,18.0,203.0,3.0,3.0,0.0,0.0,0.0,0.0
2025/11/24,18:23:46,0,57.0,210.0,264.0,252.0,10.0,203.0,4.0,2.0,0.0,0.0,0.0,0.0
2025/11/24,18:23:51,0,59.0,210.0,264.0,253.0,7.0,204.0,2.0,2.0,0.0,0.0,0.0,0.0
2025/11/24,18:23:56,0,58.0,196.0,262.0,253.0,11.0,203.0,2.0,2.0,0.0,0.0,0.0,0.0
2025/11/24,18:24:01,0,60.0,198.0,260.0,252.0,15.0,203.0,3.0,2.0,0.0,0.0,0.0,0.0
2025/11/24,18:24:06,0,60.0,197.0,262.0,252.0,19.0,203.0,6.0,4.0,0.0,0.0,0.0,0.0
2025/11/24,18:24:11,0,57.0,218.0,264.0,253.0,8.0,204.0,3.0,1.0,0.0,0.0,0.0,0.0
2025/11/24,18:24:16,0,59.0,199.0,262.0,253.0,7.0,204.0,1.0,1.0,0.0,0.0,0.0,0.0
2025/11/24,18:24:21,0,57.0,194.0,258.0,253.0,17.0,204.0,3.0,3.0,0.0,0.0,0.0,0.0
2025/11/24,18:24:26,0,62.0,209.0,263.0,252.0,11.0,204.0,3.0,2.0,0.0,0.0,0.0,0.0
2025/11/24,18:24:31,0,59.0,203.0,264.0,253.0,5.0,203.0,3.0,1.0,0.0,0.0,0.0,0.0
2025/11/24,18:24:36,0,58.0,198.0,260.0,253.0,15.0,202.0,3.0,3.0,0.0,0.0,0.0,0.0
2025/11/24,18:24:41,0,59.0,214.0,261.0,253.0,8.0,204.0,3.0,2.0,0.0,0.0,0.0,0.0
2025/11/24,18:24:46,0,56.0,199.0,262.0,253.0,5.0,205.0,1.0,1.0,0.0,0.0,0.0,0.0
2025/11/24,18:24:51,0,59.0,188.0,260.0,253.0,19.0,203.0,4.0,4.0,0.0,0.0,0.0,0.0
2025/11/24,18:24:56,0,58.0,207.0,264.0,254.0,5.0,203.0,3.0,1.0,0.0,0.0,0.0,0.0
2025/11/24,18:25:01,0,57.0,199.0,259.0,253.0,16.0,202.0,3.0,3.0,0.0,0.0,0.0,0.0
2025/11/24,18:25:06,0,57.0,211.0,263.0,252.0,8.0,205.0,3.0,2.0,0.0,0.0,0.0,0.0
2025/11/24,18:25:11,0,58.0,200.0,263.0,253.0,3.0,203.0,1.0,0.0,0.0,0.0,0.0,0.0
2025/11/24,18:25:16,0,58.0,193.0,261.0,252.0,18.0,203.0,4.0,2.0,0.0,0.0,0.0,0.0
2025/11/24,18:25:21,0,58.0,220.0,262.0,252.0,7.0,202.0,3.0,2.0,0.0,0.0,0.0,0.0
2025/11/24,18:25:26,0,59.0,196.0,261.0,252.0,13.0,203.0,3.0,2.0,0.0,0.0,0.0,0.0
2025/11/24,18:25:31,0,58.0,206.0,261.0,253.0,13.0,205.0,3.0,3.0,0.0,0.0,0.0,0.0
2025/11/24,18:25:36,0,59.0,197.0,262.0,253.0,7.0,203.0,2.0,1.0,0.0,0.0,0.0,0.0
2025/11/24,18:25:41,0,57.0,209.0,260.0,253.0,11.0,205.0,4.0,2.0,0.0,0.0,0.0,0.0
2025/11/24,18:25:46,0,58.0,195.0,259.0,253.0,14.0,204.0,3.0,3.0,0.0,0.0,0.0,0.0
2025/11/24,18:25:51,0,54.0,209.0,262.0,253.0,11.0,204.0,3.0,2.0,0.0,0.0,0.0,0.0
2025/11/24,18:25:56,0,60.0,197.0,262.0,253.0,7.0,204.0,1.0,1.0,0.0,0.0,0.0,0.0
2025/11/24,18:26:01,0,60.0,190.0,263.0,253.0,20.0,204.0,4.0,4.0,0.0,0.0,0.0,0.0
2025/11/24,18:26:06,0,57.0,199.0,263.0,253.0,5.0,204.0,0.0,2.0,0.0,0.0,0.0,0.0
2025/11/24,18:26:11,0,58.0,192.0,258.0,253.0,18.0,204.0,3.0,3.0,0.0,0.0,0.0,0.0
2025/11/24,18:26:16,0,58.0,214.0,264.0,255.0,8.0,203.0,3.0,2.0,0.0,0.0,0.0,0.0
2025/11/24,18:26:21,0,57.0,196.0,261.0,252.0,15.0,203.0,4.0,2.0,0.0,0.0,0.0,0.0
2025/11/24,18:26:26,0,53.0,198.0,261.0,253.0,21.0,204.0,5.0,4.0,0.0,0.0,0.0,0.0
2025/11/24,18:26:31,0,59.0,215.0,263.0,253.0,5.0,204.0,3.0,2.0,0.0,0.0,0.0,0.0
2025/11/24,18:26:36,0,58.0,201.0,263.0,253.0,2.0,204.0,0.0,1.0,0.0,0.0,0.0,0.0
2025/11/24,18:26:41,0,58.0,194.0,261.0,253.0,13.0,202.0,3.0,2.0,0.0,0.0,0.0,0.0
2025/11/24,18:26:46,0,60.0,201.0,260.0,252.0,15.0,204.0,3.0,3.0,0.0,0.0,0.0,0.0
2025/11/24,18:26:51,0,57.0,199.0,262.0,253.0,14.0,203.0,3.0,3.0,0.0,0.0,0.0,0.0
2025/11/24,18:26:56,0,58.0,202.0,260.0,253.0,16.0,204.0,3.0,3.0,0.0,0.0,0.0,0.0
2025/11/24,18:27:01,0,60.0,201.0,260.0,253.0,15.0,204.0,3.0,3.0,0.0,0.0,0.0,-0.0008
2025/11/24,18:27:06,0,57.0,196.0,260.0,253.0,13.0,203.0,2.0,2.0,0.0,0.0,0.0,0.0
2025/11/24,18:27:11,0,59.0,201.0,262.0,253.0,14.0,204.0,2.0,1.0,0.0,0.0,0.0,0.0
2025/11/24,18:27:16,0,58.0,211.0,263.0,253.0,23.0,204.0,3.0,2.0,0.0,0.0,0.0,0.0
2025/11/24,18:27:21,0,53.0,198.0,261.0,252.0,31.0,203.0,4.0,2.0,0.0,0.0,0.0,0.0
2025/11/24,18:27:26,0,58.0,222.0,262.0,253.0,20.0,204.0,3.0,1.0,0.0,0.0,0.0,0.0
2025/11/24,18:27:31,0,59.0,195.0,261.0,253.0,30.0,204.0,2.0,4.0,0.0,0.0,0.0,0.0
2025/11/24,18:28:16,0,57.0,200.0,260.0,252.0,34.0,202.0,5.0,3.0,0.0,0.0,0.0,0.0
2025/11/24,18:28:20,0,56.0,204.0,261.0,253.0,18.0,205.0,2.0,1.0,0.0,0.0,0.0,0.0
2025/11/24,18:28:25,0,59.0,197.0,262.0,253.0,24.0,204.0,1.0,2.0,0.0,0.0,0.0,0.0
2025/11/24,18:28:30,0,57.0,199.0,261.0,253.0,31.0,204.0,2.0,2.0,0.0,0.0,0.0,0.0
2025/11/24,18:28:35,0,59.0,193.0,260.0,253.0,33.0,203.0,5.0,4.0,0.0,0.0,0.0,0.0
2025/11/24,18:28:40,0,56.0,220.0,261.0,253.0,22.0,205.0,3.0,1.0,0.0,0.0,0.0,0.0
2025/11/24,18:28:45,0,58.0,198.0,263.0,253.0,19.0,203.0,1.0,0.0,0.0,0.0,0.0,0.0
2025/11/24,18:28:50,0,57.0,199.0,261.0,253.0,31.0,204.0,2.0,3.0,0.0,0.0,0.0,0.0
2025/11/24,18:28:55,0,58.0,204.0,263.0,253.0,30.0,203.0,4.0,3.0,0.0,0.0,0.0,0.0
2025/11/24,18:29:00,0,58.0,219.0,263.0,252.0,22.0,202.0,3.0,1.0,0.0,0.0,0.0,0.0
2025/11/24,18:29:05,0,59.0,200.0,262.0,253.0,18.0,202.0,1.0,1.0,0.0,0.0,0.0,0.0
2025/11/24,18:29:10,0,58.0,197.0,261.0,253.0,33.0,204.0,3.0,4.0,0.0,0.0,0.0,0.0
2025/11/24,18:29:15,0,59.0,187.0,262.0,254.0,38.0,204.0,4.0,4.0,0.0,0.0,0.0,0.0
2025/11/24,18:29:20,0,58.0,217.0,264.0,253.0,22.0,204.0,2.0,2.0,0.0,0.0,0.0,0.0
2025/11/24,18:29:25,0,57.0,197.0,260.0,253.0,27.0,204.0,2.0,2.0,0.0,0.0,0.0,-0.0008
2025/11/24,18:29:30,0,59.0,193.0,262.0,251.0,33.0,203.0,4.0,3.0,0.0,0.0,0.0,0.0
2025/11/24,18:29:35,0,58.0,206.0,264.0,251.0,28.0,202.0,3.0,2.0,0.0,0.0,0.0,0.0
2025/11/24,18:29:40,0,58.0,209.0,263.0,253.0,22.0,204.0,2.0,1.0,0.0,0.0,0.0,0.0
2025/11/24,18:29:45,0,59.0,196.0,261.0,252.0,30.0,202.0,2.0,3.0,0.0,0.0,0.0,0.0
2025/11/24,18:29:50,0,58.0,188.0,262.0,254.0,33.0,204.0,3.0,3.0,0.0,0.0,0.0,0.0
2025/11/24,18:29:55,0,58.0,215.0,263.0,253.0,25.0,203.0,3.0,2.0,0.0,0.0,0.0,0.0
2025/11/24,18:30:00,0,58.0,205.0,263.0,253.0,22.0,203.0,2.0,1.0,0.0,0.0,0.0,0.0
2025/11/24,18:30:05,0,59.0,193.0,262.0,253.0,30.0,202.0,3.0,2.0,0.0,0.0,0.0,0.0
2025/11/24,18:30:10,0,58.0,190.0,261.0,253.0,36.0,203.0,4.0,3.0,0.0,0.0,0.0,0.0
2025/11/24,18:30:15,0,58.0,217.0,263.0,254.0,23.0,203.0,3.0,1.0,0.0,0.0,0.0,0.0
2025/11/24,18:30:20,0,59.0,199.0,262.0,253.0,30.0,204.0,2.0,2.0,0.0,0.0,0.0,0.0
2025/11/24,18:30:25,0,59.0,194.0,262.0,254.0,35.0,202.0,4.0,3.0,0.0,0.0,0.0,0.0
2025/11/24,18:30:30,0,63.0,204.0,263.0,253.0,33.0,204.0,4.0,3.0,0.0,0.0,0.0,0.0
2025/11/24,18:30:35,0,60.0,215.0,264.0,252.0,23.0,203.0,2.0,1.0,0.0,0.0,0.0,0.0
2025/11/24,18:30:40,0,59.0,210.0,265.0,253.0,22.0,204.0,2.0,1.0,0.0,0.0,0.0,0.0
2025/11/24,18:30:45,0,60.0,191.0,262.0,252.0,36.0,203.0,3.0,3.0,0.0,0.0,0.0,0.0
2025/11/24,18:30:50,0,58.0,222.0,264.0,253.0,23.0,204.0,2.0,2.0,0.0,0.0,0.0,-0.0008
2025/11/24,18:30:55,0,62.0,199.0,263.0,253.0,23.0,204.0,1.0,1.0,0.0,0.0,0.0,0.0
2025/11/24,18:31:00,0,58.0,196.0,261.0,253.0,36.0,204.0,2.0,3.0,0.0,0.0,0.0,0.0
2025/11/24,18:31:05,0,59.0,204.0,262.0,252.0,35.0,203.0,4.0,2.0,0.0,0.0,0.0,0.0
2025/11/24,18:31:10,0,59.0,208.0,264.0,253.0,22.0,204.0,2.0,1.0,0.0,0.0,0.0,0.0
2025/11/24,18:31:15,0,59.0,198.0,261.0,253.0,36.0,204.0,2.0,3.0,0.0,0.0,0.0,0.0
2025/11/24,18:31:20,0,58.0,213.0,262.0,253.0,24.0,204.0,3.0,2.0,0.0,0.0,0.0,0.0
2025/11/24,18:31:25,0,56.0,199.0,264.0,254.0,20.0,203.0,1.0,0.0,0.0,0.0,0.0,0.0
2025/11/24,18:31:30,0,60.0,198.0,261.0,253.0,38.0,204.0,3.0,2.0,0.0,0.0,0.0,0.0
2025/11/24,18:31:35,0,58.0,213.0,263.0,253.0,26.0,203.0,3.0,2.0,0.0,0.0,0.0,0.0
2025/11/24,18:31:40,0,61.0,199.0,264.0,255.0,24.0,202.0,2.0,1.0,0.0,0.0,0.0,0.0
2025/11/24,18:31:45,0,60.0,189.0,260.0,253.0,39.0,204.0,4.0,3.0,0.0,0.0,0.0,0.0
2025/11/24,18:31:50,0,59.0,207.0,264.0,253.0,22.0,204.0,3.0,1.0,0.0,0.0,0.0,0.0
2025/11/24,18:31:55,0,59.0,202.0,259.0,253.0,34.0,204.0,3.0,2.0,0.0,0.0,0.0,0.0
2025/11/24,18:32:00,0,58.0,206.0,262.0,253.0,30.0,205.0,4.0,2.0,0.0,0.0,0.0,0.0
2025/11/24,18:32:05,0,56.0,199.0,263.0,253.0,19.0,204.0,1.0,1.0,0.0,0.0,0.0,0.0
2025/11/24,18:32:10,0,59.0,191.0,261.0,253.0,38.0,203.0,3.0,3.0,0.0,0.0,0.0,0.0
2025/11/24,18:32:15,0,57.0,219.0,264.0,253.0,24.0,204.0,3.0,2.0,0.0,0.0,0.0,0.0
2025/11/24,18:32:20,0,60.0,194.0,262.0,251.0,33.0,202.0,3.0,3.0,0.0,0.0,0.0,0.0
2025/11/24,18:32:25,0,62.0,197.0,262.0,253.0,34.0,203.0,5.0,3.0,0.0,0.0,0.0,0.0
2025/11/24,18:32:30,0,57.0,208.0,263.0,252.0,22.0,203.0,3.0,1.0,0.0,0.0,0.0,0.0
2025/11/24,18:32:35,0,59.0,195.0,261.0,252.0,44.0,202.0,3.0,2.0,0.0,0.0,0.0,0.0
2025/11/24,18:32:40,0,58.0,191.0,262.0,253.0,49.0,204.0,2.0,3.0,0.0,0.0,0.0,0.0
2025/11/24,18:32:45,0,59.0,209.0,264.0,254.0,46.0,203.0,4.0,2.0,0.0,0.0,0.0,0.0
2025/11/24,18:32:50,0,59.0,217.0,264.0,253.0,36.0,203.0,3.0,2.0,0.0,0.0,0.0,0.0
2025/11/24,18:32:55,0,57.0,200.0,263.0,253.0,33.0,204.0,0.0,1.0,0.0,0.0,0.0,0.0
2025/11/24,18:33:00,0,59.0,197.0,259.0,253.0,49.0,204.0,3.0,3.0,0.0,0.0,0.0,0.0
2025/11/24,18:33:05,0,59.0,192.0,261.0,252.0,49.0,203.0,3.0,3.0,0.0,0.0,0.0,0.0
2025/11/24,18:33:10,0,59.0,217.0,264.0,253.0,37.0,203.0,2.0,1.0,0.0,0.0,0.0,-0.0008
2025/11/24,18:33:15,0,59.0,198.0,263.0,253.0,34.0,203.0,1.0,0.0,0.0,0.0,0.0,0.0
2025/11/24,18:33:20,0,61.0,195.0,262.0,251.0,50.0,203.0,2.0,2.0,0.0,0.0,0.0,0.0
2025/11/24,18:33:25,0,58.0,195.0,262.0,252.0,53.0,203.0,5.0,4.0,0.0,0.0,0.0,0.0
2025/11/24,18:33:30,0,62.0,223.0,264.0,253.0,38.0,204.0,2.0,1.0,0.0,0.0,0.0,0.0
2025/11/24,18:33:35,0,61.0,193.0,262.0,251.0,47.0,202.0,3.0,2.0,0.0,0.0,0.0,0.0
2025/11/24,18:33:40,0,60.0,207.0,263.0,253.0,37.0,205.0,2.0,1.0,0.0,0.0,0.0,0.0
2025/11/24,18:33:45,0,60.0,201.0,263.0,252.0,47.0,203.0,4.0,3.0,0.0,0.0,0.0,0.0
2025/11/24,18:33:50,0,58.0,195.0,259.0,253.0,49.0,204.0,3.0,3.0,0.0,0.0,0.0,0.0
2025/11/24,18:33:55,0,57.0,216.0,264.0,253.0,38.0,203.0,2.0,2.0,0.0,0.0,0.0,0.0
2025/11/24,18:34:00,0,59.0,194.0,262.0,253.0,48.0,203.0,2.0,3.0,0.0,0.0,0.0,0.0
2025/11/24,18:34:05,0,59.0,201.0,265.0,253.0,34.0,203.0,1.0,1.0,0.0,0.0,0.0,0.0
2025/11/24,18:34:10,0,59.0,207.0,263.0,253.0,49.0,204.0,4.0,2.0,0.0,0.0,0.0,0.0
2025/11/24,18:34:15,0,58.0,197.0,262.0,253.0,48.0,202.0,2.0,2.0,0.0,0.0,0.0,0.0
2025/11/24,18:34:20,0,60.0,198.0,262.0,253.0,33.0,202.0,0.0,1.0,0.0,0.0,0.0,0.0
2025/11/24,18:34:25,0,58.0,212.0,264.0,252.0,40.0,203.0,2.0,1.0,0.0,0.0,0.0,0.0
2025/11/24,18:34:30,0,59.0,196.0,260.0,253.0,51.0,204.0,3.0,3.0,0.0,0.0,0.0,0.0
2025/11/24,18:34:35,0,59.0,200.0,261.0,251.0,37.0,203.0,1.0,0.0,0.0,0.0,0.0,0.0
2025/11/24,18:34:40,0,57.0,206.0,261.0,253.0,50.0,202.0,4.0,2.0,0.0,0.0,0.0,0.0
2025/11/24,18:34:45,0,59.0,200.0,261.0,251.0,47.0,202.0,3.0,3.0,0.0,0.0,0.0,-0.0008
2025/11/24,18:34:50,0,58.0,210.0,264.0,252.0,37.0,203.0,2.0,1.0,0.0,0.0,0.0,0.0
2025/11/24,18:34:55,0,59.0,188.0,261.0,253.0,53.0,205.0,5.0,3.0,0.0,0.0,0.0,0.0
2025/11/24,18:35:00,0,56.0,198.0,263.0,253.0,39.0,202.0,0.0,0.0,0.0,0.0,0.0,0.0
2025/11/24,18:35:05,0,56.0,213.0,264.0,253.0,38.0,204.0,2.0,1.0,0.0,0.0,0.0,0.0
2025/11/24,18:35:10,0,58.0,200.0,262.0,255.0,43.0,203.0,3.0,2.0,0.0,0.0,0.0,0.0
2025/11/24,18:35:15,0,57.0,203.0,263.0,253.0,29.0,202.0,2.0,1.0,0.0,0.0,0.0,0.0
2025/11/24,18:35:20,0,57.0,202.0,264.0,253.0,42.0,204.0,4.0,3.0,0.0,0.0,0.0,0.0
2025/11/24,18:35:25,0,59.0,202.0,259.0,253.0,40.0,203.0,4.0,3.0,0.0,0.0,0.0,0.0
2025/11/24,18:35:30,0,58.0,199.0,264.0,251.0,26.0,202.0,1.0,1.0,0.0,0.0,0.0,0.0
2025/11/24,18:35:35,0,55.0,223.0,264.0,253.0,31.0,203.0,3.0,1.0,0.0,0.0,0.0,0.0
2025/11/24,18:35:40,0,56.0,205.0,262.0,252.0,36.0,203.0,4.0,2.0,0.0,0.0,0.0,0.0
2025/11/24,18:35:45,0,59.0,188.0,261.0,253.0,46.0,204.0,4.0,4.0,0.0,0.0,0.0,0.0
2025/11/24,18:35:50,0,59.0,192.0,261.0,252.0,42.0,204.0,2.0,3.0,0.0,0.0,0.0,0.0
2025/11/24,18:35:55,0,58.0,194.0,260.0,253.0,42.0,204.0,3.0,3.0,0.0,0.0,0.0,0.0
2025/11/24,18:36:00,0,57.0,199.0,262.0,253.0,27.0,205.0,1.0,1.0,0.0,0.0,0.0,0.0
2025/11/24,18:36:05,0,57.0,216.0,265.0,253.0,31.0,204.0,2.0,1.0,0.0,0.0,0.0,0.0
2025/11/24,18:36:10,0,61.0,195.0,262.0,252.0,44.0,203.0,4.0,3.0,0.0,0.0,0.0,0.0
2025/11/24,18:36:15,0,60.0,195.0,259.0,253.0,39.0,204.0,2.0,2.0,0.0,0.0,0.0,0.0
2025/11/24,18:36:20,0,57.0,219.0,264.0,253.0,30.0,203.0,3.0,2.0,0.0,0.0,0.0,0.0
2025/11/24,18:36:25,0,57.0,189.0,259.0,253.0,43.0,204.0,3.0,3.0,0.0,0.0,0.0,0.0
2025/11/24,18:36:30,0,57.0,197.0,262.0,251.0,32.0,203.0,2.0,1.0,0.0,0.0,0.0,0.0
2025/11/24,18:36:35,0,60.0,223.0,263.0,253.0,29.0,203.0,3.0,2.0,0.0,0.0,0.0,0.0
2025/11/24,18:36:40,0,56.0,193.0,259.0,253.0,44.0,204.0,3.0,3.0,0.0,0.0,0.0,-0.0008
2025/11/24,18:36:45,0,57.0,200.0,262.0,253.0,28.0,202.0,1.0,0.0,0.0,0.0,0.0,0.0
2025/11/24,18:36:50,0,57.0,189.0,258.0,253.0,44.0,204.0,3.0,3.0,0.0,0.0,0.0,0.0
2025/11/24,18:36:55,0,57.0,209.0,264.0,253.0,29.0,203.0,3.0,2.0,0.0,0.0,0.0,0.0
2025/11/24,18:37:00,0,58.0,196.0,260.0,253.0,40.0,204.0,2.0,2.0,0.0,0.0,0.0,0.0
2025/11/24,18:37:05,0,57.0,216.0,265.0,253.0,30.0,204.0,2.0,2.0,0.0,0.0,0.0,0.0
2025/11/24,18:37:10,0,58.0,197.0,261.0,252.0,40.0,204.0,3.0,3.0,0.0,0.0,-0.0008,0.0
2025/11/24,18:37:15,0,58.0,210.0,264.0,253.0,30.0,202.0,3.0,2.0,0.0,0.0,0.0,0.0
2025/11/24,18:37:20,0,58.0,193.0,262.0,253.0,40.0,202.0,3.0,3.0,0.0,0.0,0.0,0.0
2025/11/24,18:37:25,0,57.0,212.0,264.0,253.0,30.0,204.0,3.0,2.0,0.0,0.0,0.0,0.0
2025/11/24,18:37:30,0,58.0,196.0,260.0,252.0,42.0,203.0,3.0,3.0,0.0,0.0,0.0,0.0
2025/11/24,18:37:35,0,60.0,203.0,263.0,252.0,38.0,203.0,5.0,2.0,0.0,0.0,0.0,0.0
2025/11/24,18:37:40,0,57.0,204.0,262.0,253.0,28.0,204.0,2.0,1.0,0.0,0.0,0.0,0.0
2025/11/24,18:38:17,0,57.0,200.0,262.0,253.0,44.0,202.0,4.0,3.0,0.0,0.0,0.0,0.0
2025/11/24,18:38:20,0,57.0,202.0,262.0,253.0,41.0,202.0,3.0,3.0,0.0,0.0,0.0,0.0
2025/11/24,18:38:25,0,56.0,220.0,264.0,253.0,30.0,204.0,3.0,1.0,0.0,0.0,0.0,0.0
2025/11/24,18:38:30,0,56.0,194.0,261.0,253.0,38.0,204.0,3.0,3.0,0.0,0.0,0.0,0.0
2025/11/24,18:38:35,0,56.0,211.0,264.0,251.0,31.0,202.0,3.0,2.0,0.0,0.0,0.0,0.0
2025/11/24,18:38:40,0,58.0,199.0,263.0,253.0,27.0,203.0,2.0,1.0,0.0,0.0,0.0,0.0
2025/11/24,18:38:45,0,55.0,191.0,262.0,254.0,44.0,205.0,3.0,4.0,0.0,0.0,0.0,0.0
2025/11/24,18:38:50,0,55.0,212.0,265.0,253.0,27.0,204.0,2.0,2.0,0.0,0.0,0.0,0.0
2025/11/24,18:38:55,0,52.0,198.0,262.0,251.0,37.0,202.0,4.0,2.0,0.0,0.0,0.0,0.0
2025/11/24,18:39:00,0,57.0,205.0,262.0,253.0,37.0,204.0,6.0,2.0,0.0,0.0,0.0,0.0
2025/11/24,18:39:05,0,56.0,208.0,264.0,253.0,26.0,204.0,2.0,1.0,-0.0008,0.0,0.0,0.0
2025/11/24,18:39:10,0,55.0,192.0,261.0,253.0,39.0,203.0,4.0,2.0,0.0,0.0,0.0,0.0
2025/11/24,18:39:15,0,56.0,192.0,262.0,253.0,43.0,205.0,5.0,3.0,0.0,0.0,0.0,0.0
2025/11/24,18:39:20,0,57.0,212.0,265.0,252.0,27.0,203.0,3.0,2.0,0.0,0.0,0.0,0.0
2025/11/24,18:39:25,0,58.0,197.0,260.0,253.0,41.0,203.0,4.0,2.0,0.0,0.0,0.0,0.0
2025/11/24,18:39:30,0,54.0,202.0,263.0,253.0,37.0,203.0,5.0,3.0,0.0,0.0,0.0,0.0
2025/11/24,18:39:35,0,57.0,206.0,265.0,252.0,26.0,202.0,2.0,1.0,0.0,0.0,0.0,0.0
2025/11/24,18:39:40,0,56.0,195.0,261.0,253.0,41.0,203.0,3.0,3.0,0.0,0.0,0.0,0.0
2025/11/24,18:39:45,0,57.0,201.0,264.0,251.0,42.0,203.0,5.0,3.0,0.0,0.0,0.0,0.0
2025/11/24,18:39:50,0,57.0,201.0,265.0,252.0,26.0,203.0,1.0,1.0,0.0,0.0,0.0,0.0
2025/11/24,18:39:55,0,58.0,188.0,263.0,251.0,42.0,202.0,3.0,2.0,0.0,0.0,0.0,0.0
2025/11/24,18:40:00,0,58.0,201.0,266.0,255.0,23.0,203.0,1.0,0.0,0.0,0.0,0.0,0.0
2025/11/24,18:40:05,0,59.0,188.0,262.0,253.0,44.0,204.0,4.0,4.0,0.0,0.0,0.0,0.0
2025/11/24,18:40:10,0,58.0,202.0,265.0,253.0,26.0,203.0,2.0,1.0,0.0,0.0,0.0,0.0
2025/11/24,18:40:15,0,60.0,192.0,262.0,252.0,42.0,203.0,3.0,3.0,0.0,0.0,0.0,0.0
2025/11/24,18:40:20,0,59.0,211.0,264.0,253.0,28.0,204.0,2.0,2.0,0.0,0.0,0.0,0.0
2025/11/24,18:40:25,0,59.0,198.0,262.0,253.0,41.0,204.0,3.0,3.0,0.0,0.0,0.0,0.0
2025/11/24,18:40:30,0,59.0,219.0,265.0,253.0,28.0,203.0,3.0,1.0,0.0,0.0,0.0,0.0
2025/11/24,18:40:35,0,59.0,199.0,262.0,253.0,39.0,203.0,3.0,2.0,0.0,0.0,0.0,0.0
2025/11/24,18:40:40,0,59.0,220.0,263.0,253.0,29.0,203.0,3.0,1.0,-0.0008,0.0,0.0,0.0
2025/11/24,18:40:45,0,57.0,203.0,262.0,253.0,38.0,204.0,2.0,3.0,0.0,0.0,0.0,-0.0008
2025/11/24,18:40:50,0,58.0,221.0,265.0,253.0,29.0,203.0,3.0,1.0,0.0,0.0,0.0,0.0
2025/11/24,18:40:55,0,58.0,195.0,263.0,253.0,45.0,204.0,2.0,3.0,0.0,0.0,0.0,0.0
2025/11/24,18:41:00,0,59.0,196.0,263.0,252.0,44.0,202.0,5.0,3.0,0.0,0.0,0.0,0.0
2025/11/24,18:41:05,0,56.0,219.0,265.0,253.0,31.0,203.0,3.0,2.0,0.0,0.0,0.0,0.0
2025/11/24,18:41:10,0,58.0,199.0,264.0,253.0,26.0,203.0,1.0,0.0,0.0,0.0,0.0,0.0
2025/11/24,18:41:15,0,57.0,194.0,262.0,253.0,42.0,203.0,3.0,3.0,0.0,0.0,0.0,0.0
2025/11/24,18:41:20,0,57.0,190.0,263.0,252.0,42.0,204.0,3.0,3.0,0.0,0.0,0.0,0.0
2025/11/24,18:41:25,0,57.0,213.0,266.0,251.0,29.0,203.0,3.0,1.0,0.0,0.0,0.0,0.0
2025/11/24,18:41:30,0,57.0,205.0,264.0,253.0,27.0,203.0,2.0,1.0,0.0,0.0,0.0,0.0
2025/11/24,18:41:35,0,55.0,195.0,260.0,253.0,35.0,204.0,2.0,2.0,0.0,0.0,0.0,0.0
2025/11/24,18:41:40,0,58.0,197.0,262.0,251.0,40.0,203.0,3.0,2.0,0.0,0.0,0.0,0.0
2025/11/24,18:41:45,0,58.0,188.0,262.0,252.0,43.0,203.0,4.0,3.0,0.0,0.0,0.0,0.0
2025/11/24,18:41:50,0,59.0,212.0,265.0,253.0,30.0,204.0,3.0,2.0,0.0,0.0,0.0,0.0
2025/11/24,18:41:55,0,57.0,212.0,263.0,252.0,29.0,202.0,3.0,2.0,0.0,0.0,0.0,0.0
2025/11/24,18:42:00,0,59.0,199.0,264.0,253.0,24.0,203.0,1.0,1.0,0.0,0.0,0.0,0.0
2025/11/24,18:42:05,0,59.0,194.0,263.0,253.0,40.0,202.0,4.0,3.0,0.0,0.0,0.0,0.0
2025/11/24,18:42:10,0,58.0,189.0,262.0,253.0,39.0,204.0,4.0,3.0,0.0,0.0,0.0,0.0
2025/11/24,18:42:15,0,57.0,212.0,265.0,253.0,30.0,204.0,3.0,2.0,0.0,0.0,0.0,0.0
2025/11/24,18:42:20,0,57.0,213.0,265.0,253.0,29.0,202.0,3.0,2.0,0.0,0.0,0.0,0.0
2025/11/24,18:42:25,0,59.0,199.0,265.0,253.0,24.0,204.0,0.0,0.0,0.0,0.0,0.0,0.0
2025/11/24,18:42:30,0,58.0,195.0,263.0,253.0,38.0,203.0,4.0,3.0,0.0,0.0,0.0,0.0
2025/11/24,18:42:35,0,58.0,194.0,263.0,253.0,39.0,204.0,3.0,3.0,0.0,0.0,0.0,-0.0008
2025/11/24,18:42:40,0,57.0,201.0,263.0,252.0,41.0,204.0,4.0,4.0,0.0,0.0,0.0,0.0
2025/11/24,18:42:45,0,56.0,219.0,265.0,252.0,30.0,203.0,3.0,2.0,0.0,0.0,0.0,0.0
2025/11/24,18:42:50,0,56.0,203.0,262.0,253.0,27.0,203.0,2.0,1.0,0.0,0.0,0.0,0.0
2025/11/24,18:42:55,0,57.0,196.0,263.0,253.0,33.0,203.0,2.0,2.0,0.0,0.0,0.0,0.0
2025/11/24,18:43:00,0,57.0,200.0,263.0,252.0,39.0,204.0,3.0,3.0,0.0,0.0,0.0,0.0
2025/11/24,18:43:05,0,56.0,188.0,263.0,252.0,41.0,204.0,3.0,4.0,0.0,0.0,0.0,0.0
2025/11/24,18:43:10,0,57.0,214.0,264.0,253.0,31.0,204.0,3.0,1.0,0.0,0.0,0.0,0.0
2025/11/24,18:43:15,0,56.0,213.0,264.0,253.0,28.0,204.0,3.0,1.0,0.0,0.0,0.0,0.0
2025/11/24,18:43:20,0,54.0,201.0,264.0,251.0,27.0,203.0,1.0,1.0,0.0,0.0,0.0,0.0
2025/11/24,18:43:25,0,55.0,198.0,262.0,253.0,42.0,204.0,3.0,2.0,0.0,0.0,0.0,0.0
2025/11/24,18:43:30,0,54.0,203.0,263.0,253.0,41.0,204.0,6.0,3.0,0.0,0.0,0.0,0.0
2025/11/24,18:43:35,0,53.0,217.0,266.0,253.0,27.0,204.0,1.0,1.0,0.0,0.0,0.0,0.0
2025/11/24,18:43:40,0,55.0,210.0,266.0,251.0,29.0,203.0,3.0,1.0,0.0,0.0,0.0,0.0
2025/11/24,18:43:45,0,54.0,198.0,264.0,252.0,31.0,204.0,1.0,1.0,0.0,0.0,0.0,0.0
2025/11/24,18:43:50,0,55.0,201.0,262.0,253.0,50.0,203.0,3.0,2.0,0.0,0.0,0.0,0.0
2025/11/24,18:43:55,0,55.0,196.0,262.0,253.0,46.0,204.0,4.0,4.0,0.0,0.0,0.0,0.0
2025/11/24,18:44:00,0,55.0,219.0,265.0,252.0,28.0,203.0,3.0,1.0,0.0,0.0,0.0,0.0
2025/11/24,18:44:05,0,53.0,199.0,264.0,253.0,26.0,203.0,1.0,0.0,0.0,0.0,0.0,0.0
2025/11/24,18:44:10,0,51.0,197.0,262.0,253.0,36.0,203.0,3.0,3.0,0.0,0.0,0.0,0.0
2025/11/24,18:44:15,0,55.0,190.0,264.0,252.0,26.0,202.0,6.0,4.0,0.0,0.0,0.0,0.0
2025/11/24,18:44:20,0,52.0,221.0,264.0,253.0,12.0,204.0,3.0,2.0,0.0,0.0,0.0,0.0
2025/11/24,18:44:25,0,56.0,200.0,265.0,252.0,6.0,202.0,2.0,1.0,0.0,0.0,0.0,0.0
2025/11/24,18:44:30,0,56.0,194.0,264.0,252.0,19.0,203.0,4.0,4.0,0.0,0.0,0.0,0.0
2025/11/24,18:44:35,0,56.0,189.0,264.0,254.0,20.0,202.0,4.0,3.0,0.0,0.0,0.0,0.0
2025/11/24,18:44:40,0,55.0,212.0,264.0,253.0,12.0,203.0,3.0,3.0,0.0,0.0,0.0,0.0
2025/11/24,18:44:45,0,54.0,209.0,265.0,253.0,10.0,203.0,3.0,2.0,0.0,0.0,0.0,0.0
2025/11/24,18:44:50,0,54.0,199.0,264.0,253.0,9.0,202.0,2.0,1.0,0.0,0.0,0.0,0.0
2025/11/24,18:44:55,0,53.0,200.0,260.0,253.0,19.0,204.0,3.0,3.0,0.0,0.0,0.0,0.0
2025/11/24,18:45:00,0,57.0,210.0,263.0,253.0,14.0,203.0,4.0,3.0,0.0,0.0,0.0,0.0
2025/11/24,18:45:05,0,56.0,203.0,266.0,253.0,7.0,203.0,2.0,1.0,0.0,0.0,0.0,0.0
2025/11/24,18:45:10,0,55.0,200.0,261.0,252.0,19.0,204.0,3.0,3.0,0.0,0.0,0.0,0.0
2025/11/24,18:45:15,0,56.0,210.0,266.0,254.0,13.0,203.0,4.0,2.0,0.0,0.0,0.0,0.0
2025/11/24,18:45:20,0,56.0,205.0,266.0,252.0,9.0,205.0,2.0,2.0,0.0,0.0,0.0,0.0
2025/11/24,18:45:25,0,54.0,198.0,264.0,250.0,19.0,203.0,5.0,3.0,0.0,0.0,0.0,0.0
2025/11/24,18:45:30,0,57.0,196.0,262.0,253.0,22.0,203.0,5.0,4.0,0.0,0.0,0.0,0.0
2025/11/24,18:45:35,0,56.0,217.0,265.0,252.0,10.0,203.0,3.0,2.0,0.0,0.0,0.0,0.0
2025/11/24,18:45:40,0,58.0,194.0,264.0,251.0,16.0,203.0,4.0,2.0,0.0,0.0,0.0,0.0
2025/11/24,18:45:45,0,57.0,209.0,266.0,253.0,13.0,203.0,3.0,2.0,0.0,0.0,0.0,0.0
2025/11/24,18:45:50,0,56.0,193.0,263.0,253.0,16.0,204.0,3.0,3.0,0.0,0.0,0.0,0.0
2025/11/24,18:45:55,0,54.0,218.0,266.0,253.0,15.0,204.0,2.0,2.0,0.0,0.0,0.0,0.0
2025/11/24,18:46:00,0,57.0,197.0,264.0,251.0,19.0,203.0,4.0,3.0,0.0,0.0,0.0,0.0
2025/11/24,18:46:05,0,57.0,212.0,265.0,253.0,14.0,203.0,4.0,2.0,0.0,0.0,0.0,0.0
2025/11/24,18:46:10,0,56.0,197.0,263.0,253.0,12.0,204.0,2.0,2.0,0.0,0.0,0.0,0.0
2025/11/24,18:46:15,0,57.0,202.0,264.0,253.0,19.0,203.0,4.0,3.0,0.0,0.0,0.0,0.0
2025/11/24,18:46:20,0,59.0,199.0,265.0,253.0,7.0,204.0,1.0,1.0,0.0,0.0,0.0,0.0
2025/11/24,18:46:25,0,56.0,189.0,262.0,253.0,25.0,204.0,6.0,4.0,0.0,0.0,0.0,0.0
2025/11/24,18:46:30,0,56.0,201.0,264.0,253.0,6.0,204.0,1.0,1.0,0.0,0.0,0.0,0.0
2025/11/24,18:46:35,0,57.0,190.0,261.0,253.0,23.0,204.0,4.0,3.0,0.0,0.0,0.0,0.0
2025/11/24,18:46:40,0,55.0,212.0,267.0,253.0,10.0,205.0,3.0,2.0,0.0,0.0,0.0,0.0
2025/11/24,18:46:45,0,56.0,197.0,262.0,252.0,18.0,203.0,4.0,2.0,0.0,0.0,0.0,0.0
2025/11/24,18:46:50,0,57.0,204.0,267.0,252.0,7.0,204.0,2.0,1.0,0.0,0.0,0.0,0.0
2025/11/24,18:46:55,0,57.0,213.0,266.0,253.0,10.0,204.0,3.0,2.0,0.0,0.0,0.0,0.0
2025/11/24,18:47:00,0,56.0,190.0,263.0,252.0,23.0,203.0,5.0,3.0,0.0,0.0,0.0,0.0
2025/11/24,18:47:05,0,57.0,200.0,263.0,252.0,18.0,203.0,4.0,2.0,0.0,0.0,0.0,0.0
2025/11/24,18:47:10,0,54.0,199.0,265.0,253.0,7.0,204.0,1.0,1.0,0.0,0.0,0.0,0.0
2025/11/24,18:47:15,0,56.0,221.0,265.0,252.0,12.0,204.0,3.0,2.0,0.0,0.0,0.0,0.0
2025/11/24,18:47:20,0,53.0,189.0,263.0,252.0,23.0,204.0,6.0,4.0,0.0,0.0,0.0,0.0
2025/11/24,18:47:25,0,56.0,195.0,261.0,253.0,18.0,205.0,3.0,3.0,0.0,0.0,0.0,0.0
2025/11/24,18:47:30,0,55.0,209.0,265.0,253.0,9.0,204.0,3.0,2.0,0.0,0.0,0.0,0.0
2025/11/24,18:47:35,0,58.0,206.0,265.0,252.0,13.0,203.0,4.0,2.0,0.0,0.0,0.0,0.0
2025/11/24,18:47:40,0,57.0,194.0,264.0,251.0,20.0,203.0,4.0,3.0,0.0,0.0,0.0,0.0
2025/11/24,18:47:45,0,58.0,198.0,265.0,253.0,8.0,205.0,2.0,1.0,0.0,0.0,0.0,0.0
2025/11/24,18:47:50,0,56.0,221.0,267.0,252.0,10.0,204.0,3.0,2.0,0.0,0.0,0.0,0.0
2025/11/24,18:47:55,0,57.0,190.0,263.0,251.0,22.0,203.0,5.0,3.0,0.0,0.0,0.0,0.0
2025/11/24,18:48:35,0,57.0,194.0,263.0,253.0,17.0,204.0,4.0,2.0,0.0,0.0,0.0,0.0
2025/11/24,18:48:39,0,56.0,199.0,264.0,253.0,17.0,203.0,3.0,2.0,0.0,0.0,0.0,0.0
2025/11/24,18:48:44,0,57.0,197.0,265.0,252.0,9.0,204.0,1.0,2.0,0.0,0.0,0.0,0.0
2025/11/24,18:48:49,0,57.0,207.0,267.0,251.0,10.0,203.0,3.0,1.0,0.0,0.0,0.0,0.0
2025/11/24,18:48:54,0,56.0,212.0,266.0,252.0,11.0,203.0,3.0,2.0,0.0,0.0,0.0,0.0
2025/11/24,18:48:59,0,57.0,186.0,263.0,252.0,20.0,202.0,5.0,3.0,0.0,0.0,0.0,0.0
2025/11/24,18:49:04,0,57.0,198.0,263.0,253.0,18.0,204.0,4.0,3.0,0.0,0.0,0.0,0.0
2025/11/24,18:49:09,0,56.0,201.0,267.0,255.0,7.0,203.0,1.0,0.0,0.0,0.0,0.0,0.0
2025/11/24,18:49:14,0,63.0,219.0,267.0,252.0,12.0,203.0,4.0,1.0,0.0,0.0,0.0,0.0
2025/11/24,18:49:19,0,56.0,198.0,265.0,252.0,23.0,204.0,5.0,4.0,0.0,0.0,0.0,0.0
2025/11/24,18:49:24,0,57.0,194.0,263.0,252.0,20.0,204.0,3.0,3.0,0.0,0.0,0.0,0.0
2025/11/24,18:49:29,0,56.0,197.0,263.0,252.0,18.0,204.0,3.0,3.0,0.0,0.0,0.0,0.0
2025/11/24,18:49:34,0,55.0,200.0,264.0,253.0,17.0,203.0,3.0,3.0,0.0,0.0,0.0,0.0
2025/11/24,18:49:39,0,58.0,198.0,263.0,253.0,18.0,202.0,4.0,3.0,0.0,0.0,0.0,0.0
2025/11/24,18:49:44,0,57.0,196.0,263.0,252.0,20.0,204.0,3.0,3.0,0.0,0.0,0.0,0.0
2025/11/24,18:49:49,0,59.0,197.0,264.0,253.0,17.0,204.0,3.0,3.0,0.0,0.0,0.0,0.0
2025/11/24,18:49:54,0,58.0,199.0,264.0,253.0,17.0,204.0,3.0,3.0,0.0,0.0,0.0,0.0
2025/11/24,18:49:59,0,59.0,194.0,263.0,252.0,17.0,203.0,4.0,3.0,0.0,0.0,0.0,0.0
2025/11/24,18:50:04,0,60.0,197.0,264.0,252.0,11.0,203.0,3.0,1.0,0.0,0.0,0.0,0.0
2025/11/24,18:50:09,0,56.0,199.0,265.0,252.0,11.0,203.0,2.0,2.0,0.0,0.0,0.0,0.0
2025/11/24,18:50:14,0,59.0,197.0,264.0,253.0,15.0,203.0,3.0,2.0,0.0,0.0,0.0,0.0
2025/11/24,18:50:19,0,58.0,191.0,262.0,253.0,20.0,204.0,4.0,3.0,0.0,0.0,0.0,0.0
2025/11/24,18:50:24,0,56.0,219.0,267.0,252.0,7.0,205.0,3.0,1.0,0.0,0.0,0.0,0.0
2025/11/24,18:50:29,0,61.0,197.0,264.0,252.0,12.0,204.0,2.0,2.0,0.0,0.0,0.0,0.0
2025/11/24,18:50:34,0,61.0,199.0,264.0,253.0,21.0,204.0,5.0,3.0,0.0,0.0,0.0,0.0
2025/11/24,18:50:39,0,57.0,199.0,266.0,252.0,5.0,203.0,1.0,1.0,0.0,0.0,0.0,0.0
2025/11/24,18:50:44,0,57.0,188.0,264.0,253.0,25.0,203.0,5.0,3.0,0.0,0.0,0.0,0.0
2025/11/24,18:50:49,0,57.0,204.0,267.0,253.0,7.0,203.0,2.0,2.0,0.0,0.0,0.0,0.0
2025/11/24,18:50:54,0,59.0,195.0,263.0,253.0,19.0,203.0,4.0,3.0,0.0,0.0,0.0,0.0
2025/11/24,18:50:59,0,59.0,222.0,266.0,252.0,11.0,203.0,4.0,1.0,0.0,0.0,0.0,0.0
2025/11/24,18:51:04,0,60.0,196.0,264.0,252.0,13.0,202.0,2.0,3.0,0.0,0.0,0.0,0.0
2025/11/24,18:51:09,0,59.0,188.0,265.0,251.0,21.0,202.0,5.0,3.0,0.0,0.0,0.0,0.0
2025/11/24,18:51:14,0,58.0,216.0,267.0,252.0,10.0,203.0,4.0,2.0,0.0,0.0,0.0,0.0
2025/11/24,18:51:19,0,56.0,196.0,264.0,253.0,15.0,205.0,3.0,2.0,0.0,0.0,0.0,0.0
2025/11/24,18:51:24,0,58.0,196.0,264.0,252.0,23.0,202.0,5.0,3.0,0.0,0.0,0.0,0.0
2025/11/24,18:51:29,0,61.0,198.0,265.0,253.0,16.0,203.0,5.0,2.0,0.0,0.0,0.0,0.0
2025/11/24,18:51:34,0,59.0,200.0,263.0,252.0,19.0,203.0,3.0,3.0,0.0,0.0,0.0,0.0
2025/11/24,18:51:39,0,57.0,220.0,267.0,253.0,12.0,204.0,2.0,2.0,0.0,0.0,0.0,0.0
2025/11/24,18:51:44,0,55.0,195.0,265.0,253.0,14.0,204.0,3.0,3.0,0.0,0.0,0.0,0.0
2025/11/24,18:51:49,0,64.0,200.0,265.0,252.0,20.0,204.0,4.0,3.0,0.0,0.0,0.0,0.0
2025/11/24,18:51:54,0,58.0,201.0,267.0,253.0,8.0,203.0,3.0,1.0,0.0,0.0,0.0,0.0
2025/11/24,18:51:59,0,59.0,198.0,263.0,252.0,20.0,202.0,3.0,3.0,0.0,0.0,0.0,0.0
2025/11/24,18:52:04,0,59.0,218.0,266.0,252.0,11.0,203.0,3.0,2.0,0.0,0.0,0.0,0.0
2025/11/24,18:52:09,0,60.0,197.0,265.0,252.0,12.0,203.0,2.0,1.0,0.0,0.0,0.0,0.0
2025/11/24,18:52:14,0,57.0,190.0,264.0,253.0,22.0,203.0,5.0,3.0,0.0,0.0,0.0,0.0
2025/11/24,18:52:19,0,59.0,217.0,267.0,253.0,10.0,202.0,4.0,2.0,0.0,0.0,0.0,0.0
2025/11/24,18:52:24,0,58.0,196.0,263.0,253.0,16.0,205.0,3.0,2.0,0.0,0.0,0.0,0.0
2025/11/24,18:52:29,0,57.0,190.0,264.0,252.0,20.0,204.0,3.0,3.0,0.0,0.0,0.0,0.0
2025/11/24,18:52:34,0,58.0,214.0,266.0,252.0,11.0,204.0,3.0,2.0,0.0,0.0,0.0,0.0
2025/11/24,18:52:39,0,59.0,209.0,267.0,253.0,9.0,203.0,4.0,1.0,-0.0008,0.0,0.0,0.0
2025/11/24,18:52:44,0,61.0,196.0,263.0,252.0,15.0,203.0,3.0,2.0,0.0,0.0,0.0,0.0
2025/11/24,18:52:49,0,58.0,191.0,265.0,251.0,24.0,204.0,5.0,3.0,0.0,0.0,0.0,0.0
2025/11/24,18:52:54,0,58.0,204.0,266.0,253.0,8.0,204.0,3.0,1.0,0.0,0.0,0.0,0.0
2025/11/24,18:52:59,0,59.0,188.0,263.0,253.0,27.0,204.0,5.0,4.0,0.0,0.0,0.0,0.0
2025/11/24,18:53:04,0,62.0,199.0,265.0,250.0,7.0,203.0,2.0,1.0,0.0,0.0,0.0,0.0
2025/11/24,18:53:09,0,57.0,214.0,266.0,253.0,10.0,204.0,3.0,2.0,0.0,0.0,0.0,0.0
2025/11/24,18:53:14,0,60.0,197.0,264.0,252.0,18.0,203.0,3.0,3.0,0.0,0.0,0.0,0.0
2025/11/24,18:53:19,0,59.0,205.0,267.0,252.0,9.0,205.0,3.0,2.0,0.0,0.0,0.0,0.0
2025/11/24,18:53:24,0,59.0,189.0,263.0,252.0,19.0,202.0,4.0,3.0,0.0,0.0,0.0,0.0
2025/11/24,18:53:29,0,59.0,206.0,266.0,252.0,7.0,204.0,3.0,1.0,0.0,0.0,0.0,0.0
2025/11/24,18:53:34,0,57.0,192.0,263.0,252.0,20.0,203.0,4.0,3.0,0.0,0.0,0.0,0.0
2025/11/24,18:53:39,0,60.0,203.0,267.0,252.0,9.0,204.0,2.0,1.0,0.0,0.0,0.0,0.0
2025/11/24,18:53:44,0,59.0,199.0,264.0,252.0,18.0,203.0,5.0,3.0,0.0,0.0,0.0,0.0
2025/11/24,18:53:49,0,59.0,193.0,264.0,253.0,16.0,204.0,4.0,2.0,0.0,0.0,0.0,0.0
2025/11/24,18:53:54,0,60.0,218.0,266.0,252.0,9.0,204.0,3.0,2.0,0.0,0.0,0.0,0.0
2025/11/24,18:53:59,0,59.0,200.0,263.0,253.0,19.0,204.0,3.0,3.0,0.0,0.0,0.0,0.0
2025/11/24,18:54:04,0,60.0,221.0,266.0,252.0,9.0,204.0,3.0,2.0,0.0,0.0,0.0,0.0
2025/11/24,18:54:09,0,61.0,197.0,263.0,253.0,19.0,202.0,3.0,3.0,0.0,0.0,0.0,0.0
2025/11/24,18:54:14,0,60.0,210.0,267.0,253.0,8.0,203.0,3.0,1.0,0.0,0.0,0.0,0.0
2025/11/24,18:54:19,0,61.0,188.0,263.0,252.0,23.0,203.0,6.0,3.0,0.0,0.0,0.0,0.0
2025/11/24,18:54:24,0,62.0,198.0,264.0,252.0,11.0,203.0,2.0,1.0,0.0,0.0,0.0,0.0
2025/11/24,18:54:29,0,58.0,212.0,267.0,251.0,13.0,202.0,3.0,1.0,0.0,0.0,0.0,0.0
2025/11/24,18:54:34,0,61.0,197.0,262.0,253.0,19.0,204.0,4.0,3.0,0.0,0.0,0.0,0.0
2025/11/24,18:54:39,0,60.0,221.0,265.0,253.0,10.0,204.0,3.0,2.0,0.0,0.0,0.0,-0.0008
2025/11/24,18:54:44,0,57.0,202.0,264.0,250.0,16.0,202.0,4.0,2.0,0.0,0.0,0.0,0.0
2025/11/24,18:54:49,0,58.0,217.0,267.0,253.0,9.0,203.0,4.0,2.0,0.0,0.0,0.0,0.0
2025/11/24,18:54:54,0,57.0,191.0,264.0,253.0,19.0,204.0,4.0,3.0,0.0,0.0,0.0,0.0
2025/11/24,18:54:59,0,58.0,198.0,266.0,252.0,6.0,204.0,0.0,0.0,0.0,0.0,0.0,0.0
2025/11/24,18:55:04,0,58.0,200.0,264.0,253.0,24.0,202.0,5.0,3.0,0.0,0.0,0.0,0.0
2025/11/24,18:55:09,0,58.0,200.0,265.0,252.0,9.0,202.0,2.0,1.0,0.0,0.0,0.0,0.0
2025/11/24,18:55:14,0,58.0,211.0,266.0,253.0,13.0,204.0,2.0,2.0,0.0,0.0,0.0,-0.0008
2025/11/24,18:55:19,0,56.0,200.0,263.0,253.0,18.0,202.0,4.0,3.0,0.0,0.0,0.0,0.0
2025/11/24,18:55:24,0,59.0,211.0,267.0,253.0,10.0,204.0,3.0,2.0,0.0,0.0,0.0,0.0
2025/11/24,18:55:29,0,58.0,194.0,264.0,252.0,20.0,204.0,2.0,3.0,0.0,0.0,0.0,0.0
2025/11/24,18:55:34,0,58.0,212.0,266.0,252.0,9.0,204.0,3.0,2.0,0.0,0.0,0.0,0.0
2025/11/24,18:55:39,0,58.0,195.0,264.0,253.0,19.0,204.0,4.0,3.0,0.0,0.0,0.0,0.0
2025/11/24,18:55:44,0,59.0,209.0,267.0,253.0,8.0,203.0,3.0,1.0,0.0,0.0,0.0,0.0
2025/11/24,18:55:49,0,58.0,189.0,263.0,253.0,20.0,203.0,4.0,3.0,0.0,0.0,0.0,0.0
2025/11/24,18:55:54,0,57.0,198.0,266.0,253.0,3.0,205.0,1.0,1.0,0.0,0.0,0.0,0.0
2025/11/24,18:55:59,0,56.0,205.0,263.0,253.0,18.0,204.0,4.0,2.0,0.0,0.0,0.0,0.0
2025/11/24,18:56:04,0,57.0,194.0,264.0,252.0,15.0,203.0,3.0,3.0,0.0,0.0,0.0,0.0
2025/11/24,18:56:09,0,57.0,215.0,268.0,251.0,12.0,204.0,3.0,1.0,0.0,0.0,0.0,-0.0008
2025/11/24,18:56:14,0,55.0,200.0,265.0,253.0,18.0,204.0,4.0,3.0,0.0,0.0,0.0,0.0
2025/11/24,18:56:19,0,61.0,221.0,267.0,253.0,10.0,203.0,4.0,2.0,0.0,0.0,0.0,0.0
2025/11/24,18:56:24,0,58.0,193.0,263.0,252.0,16.0,203.0,4.0,3.0,0.0,0.0,0.0,0.0
2025/11/24,18:56:29,0,55.0,207.0,266.0,252.0,14.0,203.0,5.0,3.0,0.0,0.0,0.0,0.0
2025/11/24,18:56:34,0,56.0,199.0,266.0,252.0,8.0,205.0,2.0,1.0,0.0,0.0,0.0,0.0
2025/11/24,18:56:39,0,57.0,205.0,266.0,252.0,15.0,204.0,5.0,3.0,0.0,0.0,0.0,0.0
2025/11/24,18:56:44,0,55.0,198.0,264.0,252.0,12.0,202.0,2.0,2.0,0.0,0.0,0.0,0.0
2025/11/24,18:56:49,0,52.0,195.0,266.0,253.0,22.0,204.0,5.0,4.0,0.0,0.0,0.0,0.0
2025/11/24,18:56:54,0,55.0,202.0,267.0,253.0,7.0,204.0,2.0,1.0,0.0,0.0,0.0,0.0
2025/11/24,18:56:59,0,56.0,199.0,264.0,252.0,18.0,204.0,3.0,3.0,0.0,0.0,0.0,0.0
2025/11/24,18:57:04,0,54.0,213.0,266.0,253.0,12.0,203.0,4.0,1.0,0.0,0.0,0.0,0.0
2025/11/24,18:57:09,0,52.0,199.0,267.0,252.0,7.0,205.0,1.0,1.0,0.0,0.0,0.0,0.0
2025/11/24,18:57:14,0,57.0,189.0,264.0,252.0,23.0,205.0,4.0,3.0,0.0,0.0,0.0,0.0
2025/11/24,18:57:19,0,54.0,207.0,267.0,253.0,8.0,204.0,3.0,1.0,0.0,0.0,0.0,0.0
2025/11/24,18:57:24,0,55.0,197.0,264.0,253.0,17.0,204.0,3.0,3.0,0.0,0.0,0.0,0.0
2025/11/24,18:57:29,0,55.0,212.0,267.0,252.0,5.0,203.0,3.0,2.0,0.0,0.0,0.0,0.0
2025/11/24,18:57:34,0,58.0,198.0,266.0,252.0,7.0,204.0,1.0,1.0,0.0,0.0,0.0,0.0
2025/11/24,18:57:39,0,53.0,190.0,263.0,253.0,21.0,204.0,4.0,3.0,0.0,0.0,0.0,0.0
2025/11/24,18:57:44,0,55.0,220.0,266.0,252.0,9.0,204.0,2.0,2.0,0.0,0.0,0.0,-0.0008
2025/11/24,18:57:49,0,53.0,196.0,264.0,252.0,8.0,204.0,1.0,1.0,0.0,0.0,0.0,0.0
2025/11/24,18:57:54,0,51.0,188.0,265.0,253.0,22.0,204.0,4.0,3.0,0.0,0.0,0.0,0.0
2025/11/24,18:57:59,0,53.0,209.0,267.0,253.0,8.0,204.0,2.0,2.0,0.0,0.0,0.0,0.0
2025/11/24,18:58:35,0,51.0,212.0,267.0,253.0,10.0,204.0,3.0,2.0,0.0,0.0,0.0,0.0
2025/11/24,18:58:39,0,48.0,186.0,265.0,252.0,22.0,204.0,4.0,4.0,0.0,0.0,0.0,0.0
2025/11/24,18:58:44,0,51.0,205.0,267.0,252.0,8.0,205.0,3.0,2.0,0.0,0.0,0.0,0.0
2025/11/24,18:58:49,0,52.0,196.0,264.0,253.0,19.0,203.0,4.0,3.0,0.0,0.0,0.0,0.0
2025/11/24,18:58:54,0,53.0,212.0,268.0,251.0,9.0,204.0,3.0,2.0,0.0,0.0,0.0,0.0
2025/11/24,18:58:59,0,53.0,192.0,264.0,251.0,20.0,204.0,4.0,3.0,0.0,0.0,0.0,0.0
2025/11/24,18:59:04,0,55.0,202.0,267.0,252.0,6.0,204.0,1.0,1.0,0.0,0.0,0.0,0.0
2025/11/24,18:59:09,0,56.0,208.0,266.0,253.0,17.0,205.0,4.0,3.0,0.0,0.0,0.0,0.0
2025/11/24,18:59:14,0,51.0,195.0,264.0,252.0,19.0,204.0,3.0,3.0,0.0,0.0,0.0,0.0
2025/11/24,18:59:19,0,50.0,222.0,265.0,252.0,8.0,203.0,4.0,1.0,0.0,0.0,0.0,-0.0008
2025/11/24,18:59:24,0,51.0,196.0,261.0,253.0,19.0,204.0,3.0,3.0,0.0,0.0,0.0,0.0
2025/11/24,18:59:29,0,52.0,203.0,266.0,252.0,8.0,202.0,3.0,1.0,0.0,0.0,0.0,0.0
2025/11/24,18:59:34,0,49.0,195.0,265.0,253.0,19.0,205.0,5.0,3.0,0.0,0.0,0.0,0.0
2025/11/24,18:59:39,0,53.0,196.0,264.0,251.0,15.0,204.0,3.0,3.0,0.0,0.0,0.0,0.0
2025/11/24,18:59:44,0,55.0,219.0,267.0,252.0,6.0,203.0,4.0,1.0,0.0,0.0,0.0,0.0
2025/11/24,18:59:49,0,51.0,199.0,261.0,253.0,19.0,204.0,3.0,3.0,0.0,0.0,0.0,0.0
2025/11/24,18:59:54,0,50.0,217.0,266.0,252.0,10.0,203.0,3.0,2.0,0.0,0.0,0.0,0.0
2025/11/24,18:59:59,0,51.0,198.0,264.0,253.0,19.0,204.0,4.0,3.0,0.0,0.0,0.0,0.0
2025/11/24,19:00:04,0,50.0,209.0,266.0,252.0,8.0,202.0,3.0,2.0,0.0,0.0,0.0,0.0
2025/11/24,19:00:09,0,51.0,190.0,264.0,253.0,20.0,204.0,3.0,4.0,0.0,0.0,0.0,0.0
2025/11/24,19:00:14,0,52.0,202.0,267.0,253.0,6.0,204.0,2.0,1.0,0.0,0.0,0.0,0.0
2025/11/24,19:00:19,0,52.0,191.0,265.0,253.0,22.0,204.0,4.0,3.0,0.0,0.0,0.0,0.0
2025/11/24,19:00:24,0,51.0,210.0,265.0,253.0,9.0,204.0,3.0,1.0,0.0,0.0,0.0,-0.0008
2025/11/24,19:00:29,0,50.0,196.0,263.0,253.0,17.0,204.0,3.0,3.0,0.0,0.0,0.0,0.0
2025/11/24,19:00:34,0,55.0,222.0,267.0,253.0,10.0,203.0,3.0,1.0,0.0,0.0,0.0,0.0
2025/11/24,19:00:39,0,52.0,195.0,263.0,252.0,18.0,204.0,4.0,3.0,0.0,0.0,0.0,0.0
2025/11/24,19:00:44,0,50.0,212.0,266.0,247.0,15.0,203.0,4.0,2.0,0.0,0.0,0.0,0.0
2025/11/24,19:00:49,0,53.0,197.0,264.0,252.0,8.0,203.0,2.0,2.0,0.0,0.0,0.0,0.0
2025/11/24,19:00:54,0,53.0,202.0,265.0,253.0,18.0,204.0,5.0,3.0,0.0,0.0,0.0,0.0
2025/11/24,19:02:47,0,54.0,193.0,264.0,253.0,17.0,204.0,5.0,3.0,0.0,0.0,0.0,0.0
2025/11/24,19:02:51,0,52.0,205.0,265.0,252.0,8.0,204.0,2.0,1.0,0.0,0.0,0.0,0.0
2025/11/24,19:02:56,0,58.0,194.0,263.0,253.0,21.0,204.0,5.0,4.0,0.0,0.0,0.0,0.0
2025/11/24,19:03:01,0,52.0,194.0,262.0,252.0,17.0,204.0,4.0,2.0,0.0,0.0,0.0,0.0
2025/11/24,19:03:06,0,53.0,209.0,266.0,252.0,8.0,203.0,3.0,2.0,0.0,0.0,0.0,0.0
2025/11/24,19:03:11,0,54.0,206.0,265.0,253.0,16.0,203.0,3.0,3.0,0.0,0.0,0.0,0.0
2025/11/24,19:03:16,0,51.0,191.0,263.0,253.0,20.0,203.0,4.0,3.0,0.0,0.0,0.0,0.0
2025/11/24,19:03:21,0,51.0,200.0,263.0,253.0,17.0,203.0,5.0,3.0,0.0,0.0,0.0,0.0
2025/11/24,19:03:26,0,52.0,200.0,265.0,253.0,11.0,203.0,3.0,2.0,0.0,0.0,0.0,0.0
2025/11/24,19:03:31,0,52.0,205.0,267.0,251.0,7.0,204.0,3.0,1.0,0.0,0.0,0.0,0.0
2025/11/24,19:03:36,0,57.0,218.0,266.0,252.0,7.0,203.0,3.0,1.0,0.0,0.0,0.0,0.0
2025/11/24,19:03:41,0,55.0,188.0,263.0,253.0,22.0,203.0,6.0,3.0,0.0,0.0,0.0,0.0
2025/11/24,19:03:46,0,53.0,199.0,262.0,252.0,18.0,202.0,3.0,3.0,0.0,0.0,0.0,0.0
2025/11/24,19:03:51,0,54.0,197.0,264.0,252.0,11.0,205.0,2.0,2.0,0.0,0.0,0.0,0.0
2025/11/24,19:03:56,0,54.0,208.0,266.0,251.0,8.0,203.0,3.0,1.0,0.0,0.0,0.0,0.0
2025/11/24,19:04:01,0,55.0,219.0,265.0,252.0,11.0,204.0,3.0,2.0,0.0,0.0,0.0,0.0
2025/11/24,19:04:06,0,56.0,193.0,262.0,251.0,26.0,202.0,5.0,4.0,0.0,0.0,0.0,0.0
2025/11/24,19:04:11,0,52.0,201.0,263.0,252.0,17.0,205.0,3.0,3.0,0.0,0.0,0.0,0.0
2025/11/24,19:04:16,0,50.0,199.0,265.0,252.0,6.0,204.0,1.0,1.0,0.0,0.0,0.0,0.0
2025/11/24,19:04:21,0,53.0,220.0,266.0,253.0,11.0,203.0,3.0,2.0,0.0,0.0,0.0,-0.0008
2025/11/24,19:04:26,0,51.0,193.0,262.0,249.0,22.0,202.0,5.0,4.0,0.0,0.0,0.0,0.0
2025/11/24,19:04:31,0,51.0,190.0,262.0,253.0,19.0,203.0,4.0,2.0,0.0,0.0,0.0,0.0
2025/11/24,19:04:36,0,51.0,195.0,263.0,252.0,15.0,204.0,3.0,3.0,0.0,0.0,0.0,-0.0008
2025/11/24,19:04:41,0,52.0,205.0,265.0,253.0,8.0,205.0,3.0,2.0,0.0,0.0,0.0,0.0
2025/11/24,19:04:46,0,52.0,218.0,265.0,252.0,8.0,205.0,3.0,2.0,0.0,0.0,0.0,0.0
2025/11/24,19:04:51,0,52.0,199.0,263.0,252.0,24.0,204.0,5.0,3.0,0.0,0.0,0.0,0.0
2025/11/24,19:04:56,0,53.0,195.0,262.0,252.0,19.0,204.0,4.0,3.0,0.0,0.0,0.0,0.0
2025/11/24,19:05:01,0,54.0,194.0,262.0,252.0,15.0,204.0,3.0,2.0,0.0,0.0,0.0,0.0
2025/11/24,19:05:06,0,53.0,206.0,265.0,253.0,10.0,204.0,2.0,2.0,0.0,0.0,0.0,0.0
2025/11/24,19:05:11,0,52.0,214.0,266.0,253.0,10.0,203.0,3.0,1.0,0.0,0.0,0.0,0.0
2025/11/24,19:05:16,0,52.0,189.0,262.0,252.0,23.0,203.0,6.0,4.0,0.0,0.0,0.0,0.0
2025/11/24,19:05:21,0,52.0,199.0,261.0,252.0,17.0,203.0,4.0,3.0,0.0,0.0,0.0,0.0
2025/11/24,19:05:26,0,52.0,197.0,264.0,250.0,9.0,205.0,2.0,1.0,0.0,0.0,0.0,0.0
2025/11/24,19:05:31,0,52.0,212.0,266.0,251.0,8.0,203.0,3.0,2.0,0.0,0.0,0.0,0.0
2025/11/24,19:05:36,0,51.0,210.0,265.0,252.0,18.0,203.0,5.0,2.0,0.0,0.0,0.0,0.0
2025/11/24,19:05:41,0,52.0,193.0,261.0,253.0,21.0,204.0,3.0,3.0,0.0,0.0,0.0,0.0
2025/11/24,19:05:46,0,51.0,192.0,263.0,252.0,14.0,203.0,4.0,2.0,0.0,0.0,0.0,0.0
2025/11/24,19:05:51,0,53.0,210.0,266.0,253.0,9.0,203.0,3.0,2.0,0.0,0.0,0.0,0.0
2025/11/24,19:05:56,0,53.0,197.0,262.0,249.0,23.0,202.0,6.0,4.0,0.0,0.0,0.0,0.0
2025/11/24,19:06:01,0,58.0,203.0,263.0,252.0,18.0,204.0,3.0,3.0,0.0,0.0,0.0,0.0
2025/11/24,19:06:06,0,58.0,199.0,264.0,252.0,7.0,203.0,1.0,1.0,0.0,0.0,0.0,0.0
2025/11/24,19:06:11,0,57.0,214.0,265.0,252.0,11.0,204.0,3.0,2.0,0.0,0.0,0.0,0.0
2025/11/24,19:06:16,0,56.0,194.0,262.0,252.0,20.0,204.0,3.0,3.0,0.0,0.0,0.0,0.0
2025/11/24,19:06:21,0,55.0,201.0,265.0,252.0,7.0,203.0,3.0,1.0,0.0,0.0,0.0,0.0
2025/11/24,19:06:26,0,55.0,198.0,263.0,251.0,22.0,204.0,5.0,4.0,0.0,0.0,0.0,0.0
2025/11/24,19:06:31,0,52.0,197.0,263.0,252.0,14.0,204.0,3.0,3.0,0.0,0.0,0.0,0.0
2025/11/24,19:06:36,0,52.0,220.0,265.0,252.0,8.0,203.0,3.0,1.0,0.0,0.0,0.0,0.0
2025/11/24,19:06:41,0,51.0,196.0,260.0,253.0,19.0,203.0,4.0,3.0,0.0,0.0,0.0,0.0
2025/11/24,19:06:46,0,55.0,217.0,264.0,253.0,9.0,203.0,3.0,1.0,0.0,0.0,0.0,-0.0008
2025/11/24,19:06:51,0,53.0,193.0,262.0,252.0,19.0,203.0,4.0,3.0,0.0,0.0,0.0,0.0
2025/11/24,19:06:56,0,50.0,209.0,264.0,252.0,15.0,204.0,3.0,3.0,0.0,0.0,0.0,0.0
2025/11/24,19:07:01,0,49.0,202.0,266.0,252.0,6.0,203.0,1.0,0.0,0.0,0.0,0.0,0.0
2025/11/24,19:07:06,0,51.0,195.0,262.0,252.0,20.0,203.0,3.0,2.0,0.0,0.0,0.0,0.0
2025/11/24,19:07:11,0,52.0,206.0,265.0,253.0,15.0,203.0,4.0,2.0,0.0,0.0,0.0,0.0
2025/11/24,19:07:16,0,53.0,209.0,265.0,252.0,9.0,202.0,3.0,2.0,0.0,0.0,0.0,0.0
2025/11/24,19:07:21,0,53.0,195.0,263.0,252.0,18.0,203.0,3.0,3.0,0.0,0.0,0.0,0.0
2025/11/24,19:07:26,0,54.0,189.0,264.0,253.0,21.0,203.0,5.0,3.0,0.0,0.0,0.0,0.0
2025/11/24,19:07:31,0,54.0,221.0,266.0,252.0,10.0,203.0,3.0,2.0,0.0,0.0,0.0,0.0
2025/11/24,19:07:36,0,57.0,199.0,266.0,253.0,6.0,203.0,2.0,1.0,0.0,0.0,0.0,0.0
2025/11/24,19:07:41,0,55.0,195.0,262.0,252.0,20.0,203.0,4.0,3.0,0.0,0.0,0.0,0.0
2025/11/24,19:07:46,0,54.0,213.0,265.0,252.0,12.0,203.0,3.0,2.0,0.0,0.0,0.0,0.0
2025/11/24,19:07:51,0,55.0,204.0,265.0,251.0,9.0,203.0,2.0,1.0,0.0,0.0,0.0,0.0
2025/11/24,19:07:56,0,56.0,196.0,263.0,252.0,18.0,204.0,3.0,4.0,0.0,0.0,0.0,0.0
2025/11/24,19:08:01,0,55.0,191.0,263.0,252.0,21.0,203.0,4.0,3.0,0.0,0.0,0.0,-0.0008
2025/11/24,19:08:06,0,53.0,196.0,263.0,252.0,24.0,202.0,5.0,3.0,0.0,0.0,0.0,0.0
2025/11/24,19:08:11,0,53.0,214.0,266.0,252.0,14.0,204.0,3.0,2.0,0.0,0.0,0.0,0.0
2025/11/24,19:08:16,0,54.0,211.0,266.0,251.0,10.0,204.0,3.0,2.0,0.0,0.0,0.0,0.0
2025/11/24,19:08:21,0,53.0,200.0,265.0,252.0,7.0,204.0,1.0,1.0,0.0,0.0,0.0,0.0
2025/11/24,19:08:26,0,55.0,194.0,263.0,252.0,19.0,203.0,4.0,2.0,0.0,0.0,0.0,0.0
2025/11/24,19:08:31,0,54.0,196.0,263.0,252.0,18.0,204.0,3.0,3.0,0.0,0.0,0.0,0.0
2025/11/24,19:08:36,0,54.0,189.0,263.0,252.0,23.0,205.0,7.0,3.0,0.0,0.0,0.0,0.0
2025/11/24,19:08:41,0,56.0,210.0,270.0,254.0,11.0,202.0,4.0,1.0,0.0,0.0,0.0,0.0
2025/11/24,19:08:46,0,55.0,215.0,266.0,253.0,10.0,203.0,4.0,1.0,0.0,0.0,0.0,0.0
2025/11/24,19:08:51,0,54.0,204.0,266.0,252.0,8.0,203.0,3.0,2.0,0.0,0.0,0.0,0.0
2025/11/24,19:08:56,0,56.0,200.0,267.0,255.0,5.0,203.0,2.0,1.0,0.0,0.0,0.0,0.0
2025/11/24,19:09:01,0,56.0,199.0,264.0,252.0,8.0,204.0,1.0,1.0,0.0,0.0,0.0,0.0
2025/11/24,19:09:06,0,55.0,199.0,265.0,252.0,6.0,203.0,2.0,0.0,0.0,0.0,0.0,0.0
2025/11/24,19:09:11,0,55.0,198.0,265.0,251.0,4.0,204.0,1.0,1.0,0.0,0.0,0.0,0.0
2025/11/24,19:09:16,0,56.0,201.0,266.0,252.0,9.0,202.0,3.0,0.0,0.0,0.0,0.0,0.0
2025/11/24,19:09:21,0,55.0,203.0,265.0,253.0,8.0,203.0,2.0,2.0,0.0,0.0,0.0,0.0
2025/11/24,19:09:26,0,55.0,204.0,265.0,252.0,9.0,204.0,2.0,2.0,0.0,0.0,0.0,0.0
2025/11/24,19:09:31,0,55.0,205.0,265.0,252.0,10.0,204.0,2.0,2.0,0.0,0.0,0.0,0.0
2025/11/24,19:09:36,0,56.0,204.0,265.0,252.0,9.0,204.0,2.0,2.0,0.0,0.0,0.0,0.0
2025/11/24,19:09:41,0,55.0,204.0,265.0,252.0,9.0,204.0,2.0,1.0,0.0,0.0,0.0,0.0
2025/11/24,19:09:46,0,55.0,204.0,265.0,251.0,9.0,205.0,3.0,2.0,0.0,0.0,0.0,0.0
2025/11/24,19:09:51,0,56.0,207.0,267.0,251.0,9.0,204.0,3.0,1.0,0.0,0.0,0.0,0.0
2025/11/24,19:09:56,0,56.0,218.0,266.0,253.0,11.0,203.0,4.0,1.0,0.0,0.0,0.0,-0.0008
2025/11/24,19:10:01,0,56.0,205.0,264.0,250.0,18.0,202.0,4.0,3.0,0.0,0.0,0.0,0.0
2025/11/24,19:10:06,0,54.0,199.0,263.0,253.0,18.0,204.0,2.0,3.0,0.0,0.0,0.0,0.0
2025/11/24,19:10:11,0,55.0,204.0,266.0,252.0,9.0,204.0,3.0,2.0,0.0,0.0,0.0,0.0
2025/11/24,19:10:16,0,58.0,195.0,263.0,253.0,27.0,204.0,5.0,4.0,0.0,0.0,0.0,0.0
2025/11/24,19:10:21,0,53.0,196.0,263.0,252.0,15.0,203.0,3.0,2.0,0.0,0.0,0.0,0.0
2025/11/24,19:10:26,0,55.0,216.0,263.0,252.0,10.0,204.0,3.0,2.0,0.0,0.0,0.0,0.0
2025/11/24,19:10:31,0,54.0,196.0,264.0,252.0,24.0,202.0,5.0,3.0,0.0,0.0,0.0,0.0
2025/11/24,19:10:36,0,54.0,198.0,263.0,252.0,19.0,202.0,3.0,3.0,0.0,0.0,0.0,-0.0008
2025/11/24,19:10:41,0,53.0,197.0,263.0,252.0,15.0,205.0,3.0,2.0,0.0,0.0,0.0,0.0
2025/11/24,19:10:46,0,48.0,201.0,264.0,253.0,10.0,204.0,0.0,1.0,0.0,0.0,0.0,0.0
2025/11/24,19:10:51,0,48.0,199.0,262.0,253.0,15.0,204.0,2.0,2.0,0.0,0.0,0.0,0.0
2025/11/24,19:10:56,0,52.0,196.0,263.0,252.0,19.0,204.0,3.0,3.0,0.0,0.0,0.0,0.0
2025/11/24,19:11:01,0,50.0,212.0,266.0,253.0,12.0,202.0,4.0,2.0,0.0,0.0,0.0,0.0
2025/11/24,19:11:06,0,53.0,197.0,265.0,252.0,9.0,203.0,3.0,1.0,0.0,0.0,0.0,0.0
2025/11/24,19:11:11,0,50.0,201.0,264.0,253.0,22.0,205.0,5.0,3.0,0.0,0.0,0.0,0.0
2025/11/24,19:11:16,0,52.0,198.0,263.0,252.0,8.0,204.0,2.0,2.0,0.0,0.0,0.0,0.0
2025/11/24,19:11:21,0,47.0,206.0,264.0,253.0,15.0,203.0,4.0,2.0,0.0,0.0,0.0,0.0
2025/11/24,19:11:26,0,53.0,195.0,263.0,252.0,16.0,205.0,4.0,3.0,0.0,0.0,0.0,0.0
2025/11/24,19:11:31,0,51.0,212.0,266.0,252.0,12.0,204.0,3.0,2.0,0.0,0.0,0.0,0.0
2025/11/24,19:11:36,0,51.0,195.0,263.0,253.0,17.0,204.0,3.0,2.0,0.0,0.0,0.0,0.0
2025/11/24,19:11:41,0,52.0,212.0,266.0,252.0,10.0,205.0,2.0,2.0,0.0,0.0,0.0,0.0
2025/11/24,19:12:17,0,54.0,198.0,264.0,252.0,18.0,204.0,4.0,4.0,0.0,0.0,0.0,0.0
2025/11/24,19:12:21,0,51.0,201.0,265.0,252.0,4.0,203.0,2.0,0.0,0.0,0.0,0.0,0.0
2025/11/24,19:12:26,0,52.0,212.0,267.0,252.0,10.0,202.0,3.0,1.0,0.0,0.0,0.0,0.0
2025/11/24,19:12:31,0,56.0,212.0,264.0,252.0,13.0,204.0,3.0,2.0,0.0,0.0,0.0,0.0
2025/11/24,19:12:36,0,55.0,190.0,263.0,252.0,25.0,204.0,5.0,4.0,0.0,0.0,0.0,0.0
2025/11/24,19:12:41,0,54.0,195.0,264.0,251.0,18.0,202.0,3.0,2.0,0.0,0.0,0.0,0.0
2025/11/24,19:12:46,0,54.0,197.0,263.0,252.0,12.0,203.0,3.0,2.0,0.0,0.0,0.0,0.0
2025/11/24,19:12:51,0,55.0,205.0,266.0,253.0,8.0,203.0,3.0,1.0,0.0,0.0,0.0,0.0
2025/11/24,19:12:56,0,54.0,212.0,266.0,252.0,11.0,204.0,3.0,2.0,0.0,0.0,0.0,0.0
2025/11/24,19:13:01,0,54.0,214.0,265.0,253.0,11.0,203.0,4.0,2.0,0.0,0.0,0.0,0.0
2025/11/24,19:13:06,0,53.0,213.0,266.0,253.0,13.0,204.0,3.0,2.0,0.0,0.0,0.0,0.0
2025/11/24,19:13:11,0,47.0,220.0,266.0,252.0,11.0,204.0,3.0,1.0,0.0,0.0,0.0,0.0
2025/11/24,19:13:16,0,53.0,208.0,265.0,252.0,15.0,203.0,4.0,2.0,0.0,0.0,0.0,0.0
2025/11/24,19:13:21,0,50.0,191.0,263.0,252.0,24.0,205.0,6.0,4.0,0.0,0.0,0.0,-0.0008
2025/11/24,19:13:26,0,53.0,194.0,263.0,252.0,18.0,204.0,3.0,3.0,0.0,0.0,0.0,0.0
2025/11/24,19:13:31,0,53.0,198.0,264.0,251.0,14.0,203.0,2.0,3.0,0.0,0.0,0.0,0.0
2025/11/24,19:13:36,0,53.0,202.0,266.0,252.0,9.0,202.0,3.0,1.0,0.0,0.0,0.0,0.0
2025/11/24,19:13:41,0,54.0,217.0,267.0,251.0,11.0,202.0,4.0,2.0,0.0,0.0,0.0,0.0
2025/11/24,19:13:46,0,53.0,206.0,264.0,252.0,19.0,204.0,4.0,2.0,0.0,0.0,0.0,0.0
2025/11/24,19:13:51,0,52.0,196.0,263.0,253.0,19.0,204.0,2.0,3.0,0.0,0.0,0.0,0.0
2025/11/24,19:13:56,0,53.0,200.0,265.0,252.0,8.0,203.0,2.0,1.0,0.0,0.0,0.0,0.0
2025/11/24,19:14:01,0,54.0,217.0,265.0,253.0,13.0,204.0,3.0,2.0,0.0,0.0,0.0,0.0
2025/11/24,19:14:06,0,54.0,210.0,266.0,251.0,14.0,203.0,4.0,3.0,0.0,0.0,0.0,0.0
2025/11/24,19:14:11,0,55.0,187.0,262.0,252.0,23.0,203.0,5.0,2.0,0.0,0.0,0.0,0.0
2025/11/24,19:14:16,0,56.0,199.0,263.0,252.0,19.0,202.0,4.0,2.0,0.0,0.0,0.0,0.0
2025/11/24,19:14:21,0,57.0,198.0,265.0,252.0,11.0,203.0,3.0,1.0,0.0,0.0,0.0,0.0
2025/11/24,19:14:26,0,55.0,211.0,266.0,252.0,11.0,204.0,3.0,1.0,0.0,0.0,0.0,0.0
2025/11/24,19:14:31,0,51.0,207.0,265.0,252.0,17.0,204.0,4.0,2.0,0.0,0.0,0.0,0.0
2025/11/24,19:14:36,0,56.0,194.0,263.0,252.0,19.0,203.0,4.0,2.0,0.0,0.0,0.0,0.0
2025/11/24,19:14:41,0,54.0,195.0,266.0,252.0,17.0,204.0,3.0,3.0,0.0,0.0,0.0,0.0
2025/11/24,19:14:46,0,53.0,196.0,266.0,253.0,6.0,203.0,1.0,0.0,0.0,0.0,0.0,0.0
2025/11/24,19:14:51,0,56.0,216.0,267.0,251.0,13.0,203.0,3.0,2.0,0.0,0.0,0.0,-0.0008
2025/11/24,19:14:56,0,57.0,202.0,265.0,252.0,22.0,204.0,5.0,3.0,0.0,0.0,0.0,0.0
2025/11/24,19:15:01,0,55.0,195.0,263.0,250.0,20.0,203.0,4.0,3.0,0.0,0.0,0.0,0.0
2025/11/24,19:15:06,0,53.0,193.0,264.0,253.0,17.0,204.0,4.0,2.0,0.0,0.0,0.0,0.0
2025/11/24,19:15:11,0,52.0,199.0,264.0,253.0,7.0,204.0,1.0,1.0,0.0,0.0,0.0,0.0
2025/11/24,19:15:16,0,53.0,218.0,265.0,253.0,12.0,204.0,3.0,2.0,0.0,0.0,0.0,0.0
2025/11/24,19:15:21,0,54.0,202.0,264.0,252.0,20.0,204.0,4.0,3.0,0.0,0.0,0.0,0.0
2025/11/24,19:15:26,0,54.0,194.0,263.0,252.0,19.0,204.0,3.0,3.0,0.0,0.0,0.0,0.0
2025/11/24,19:15:31,0,53.0,197.0,263.0,252.0,15.0,204.0,2.0,2.0,0.0,0.0,0.0,0.0
2025/11/24,19:15:36,0,54.0,210.0,266.0,253.0,9.0,204.0,2.0,2.0,0.0,0.0,0.0,0.0
2025/11/24,19:15:41,0,53.0,197.0,263.0,252.0,23.0,204.0,4.0,4.0,0.0,0.0,0.0,0.0
2025/11/24,19:15:46,0,54.0,191.0,263.0,251.0,21.0,203.0,4.0,3.0,0.0,0.0,0.0,0.0
2025/11/24,19:15:51,0,54.0,195.0,262.0,253.0,18.0,204.0,3.0,3.0,0.0,0.0,0.0,0.0
2025/11/24,19:15:56,0,52.0,208.0,266.0,253.0,10.0,203.0,3.0,2.0,0.0,0.0,0.0,0.0
2025/11/24,19:16:01,0,53.0,200.0,264.0,252.0,20.0,203.0,5.0,2.0,0.0,0.0,0.0,0.0
2025/11/24,19:16:06,0,54.0,198.0,262.0,252.0,21.0,204.0,4.0,3.0,0.0,0.0,0.0,0.0
2025/11/24,19:16:11,0,52.0,203.0,265.0,253.0,8.0,202.0,3.0,1.0,0.0,0.0,0.0,0.0
2025/11/24,19:16:16,0,55.0,210.0,265.0,254.0,16.0,203.0,4.0,2.0,0.0,0.0,0.0,0.0
2025/11/24,19:16:21,0,54.0,199.0,263.0,252.0,18.0,205.0,3.0,3.0,0.0,0.0,0.0,0.0
2025/11/24,19:16:26,0,54.0,199.0,264.0,252.0,4.0,205.0,1.0,1.0,0.0,0.0,0.0,0.0
2025/11/24,19:16:31,0,54.0,213.0,265.0,251.0,14.0,202.0,4.0,2.0,0.0,0.0,0.0,0.0
2025/11/24,19:16:36,0,54.0,194.0,263.0,252.0,20.0,203.0,3.0,3.0,0.0,0.0,0.0,-0.0008
2025/11/24,19:16:41,0,51.0,198.0,264.0,252.0,10.0,203.0,2.0,1.0,0.0,0.0,0.0,0.0
2025/11/24,19:16:46,0,54.0,220.0,266.0,253.0,10.0,205.0,3.0,2.0,0.0,-0.0008,0.0,0.0
2025/11/24,19:16:51,0,54.0,194.0,263.0,252.0,25.0,204.0,5.0,4.0,0.0,0.0,0.0,0.0
2025/11/24,19:16:56,0,52.0,199.0,263.0,253.0,17.0,204.0,4.0,3.0,0.0,0.0,0.0,0.0
2025/11/24,19:17:01,0,53.0,204.0,265.0,252.0,11.0,205.0,3.0,2.0,0.0,0.0,0.0,0.0
2025/11/24,19:17:06,0,54.0,203.0,263.0,252.0,20.0,204.0,4.0,3.0,0.0,0.0,0.0,0.0
2025/11/24,19:17:46,0,53.0,219.0,265.0,252.0,13.0,203.0,2.0,1.0,0.0,0.0,0.0,0.0
2025/11/24,19:17:51,0,53.0,194.0,262.0,252.0,22.0,204.0,3.0,3.0,0.0,0.0,0.0,0.0
2025/11/24,19:17:56,0,54.0,204.0,265.0,252.0,9.0,204.0,3.0,1.0,0.0,0.0,0.0,0.0
2025/11/24,19:18:01,0,56.0,195.0,263.0,253.0,22.0,203.0,5.0,4.0,0.0,0.0,0.0,0.0
2025/11/24,19:18:06,0,52.0,198.0,265.0,252.0,9.0,203.0,2.0,1.0,0.0,0.0,0.0,0.0
2025/11/24,19:18:11,0,53.0,205.0,264.0,252.0,17.0,203.0,5.0,3.0,0.0,0.0,0.0,0.0
2025/11/24,19:18:16,0,51.0,197.0,261.0,253.0,15.0,204.0,2.0,2.0,0.0,0.0,0.0,0.0
2025/11/24,19:18:21,0,53.0,216.0,266.0,252.0,10.0,202.0,3.0,1.0,0.0,0.0,0.0,0.0
2025/11/24,19:18:26,0,54.0,201.0,263.0,253.0,20.0,203.0,3.0,3.0,0.0,0.0,0.0,0.0
2025/11/24,19:18:31,0,53.0,217.0,264.0,253.0,12.0,204.0,3.0,2.0,0.0,0.0,0.0,0.0
2025/11/24,19:18:36,0,55.0,194.0,262.0,252.0,20.0,205.0,3.0,3.0,0.0,0.0,0.0,0.0
2025/11/24,19:18:41,0,53.0,201.0,266.0,252.0,8.0,204.0,1.0,0.0,0.0,0.0,0.0,0.0
2025/11/24,19:18:46,0,55.0,202.0,265.0,253.0,22.0,204.0,6.0,3.0,0.0,0.0,0.0,0.0
2025/11/24,19:18:51,0,55.0,192.0,264.0,250.0,18.0,203.0,4.0,3.0,0.0,0.0,0.0,0.0
2025/11/24,19:18:56,0,55.0,216.0,264.0,252.0,15.0,203.0,3.0,1.0,0.0,0.0,0.0,0.0
2025/11/24,19:19:01,0,54.0,193.0,262.0,252.0,19.0,204.0,4.0,3.0,0.0,0.0,0.0,0.0
2025/11/24,19:19:06,0,54.0,208.0,266.0,252.0,13.0,202.0,4.0,2.0,0.0,0.0,0.0,0.0
2025/11/24,19:19:11,0,52.0,198.0,265.0,253.0,9.0,203.0,2.0,1.0,0.0,0.0,0.0,0.0
2025/11/24,19:19:16,0,54.0,196.0,264.0,250.0,22.0,203.0,5.0,4.0,0.0,0.0,0.0,0.0
2025/11/24,19:19:21,0,54.0,202.0,266.0,252.0,9.0,203.0,3.0,1.0,0.0,0.0,0.0,0.0
2025/11/24,19:19:26,0,53.0,196.0,263.0,252.0,22.0,204.0,3.0,3.0,0.0,0.0,0.0,0.0
2025/11/24,19:19:31,0,52.0,220.0,266.0,252.0,6.0,203.0,4.0,1.0,0.0,0.0,0.0,0.0
2025/11/24,19:19:36,0,53.0,191.0,263.0,252.0,17.0,204.0,4.0,3.0,0.0,0.0,0.0,0.0
2025/11/24,19:19:41,0,52.0,218.0,266.0,253.0,11.0,202.0,3.0,1.0,0.0,0.0,0.0,0.0
2025/11/24,19:19:46,0,53.0,195.0,263.0,252.0,19.0,204.0,3.0,2.0,0.0,0.0,0.0,0.0
2025/11/24,19:19:51,0,53.0,205.0,266.0,252.0,9.0,203.0,3.0,2.0,0.0,0.0,0.0,0.0
2025/11/24,19:19:56,0,54.0,190.0,262.0,252.0,21.0,204.0,4.0,3.0,0.0,0.0,0.0,0.0
2025/11/24,19:20:01,0,54.0,200.0,266.0,252.0,6.0,203.0,1.0,0.0,0.0,0.0,0.0,0.0
2025/11/24,19:20:06,0,53.0,188.0,261.0,253.0,26.0,203.0,5.0,4.0,0.0,0.0,0.0,0.0
2025/11/24,19:20:11,0,53.0,200.0,266.0,252.0,8.0,204.0,1.0,1.0,0.0,0.0,0.0,0.0
2025/11/24,19:20:16,0,52.0,191.0,264.0,251.0,27.0,203.0,6.0,4.0,0.0,0.0,0.0,0.0
2025/11/24,19:20:21,0,53.0,198.0,265.0,250.0,12.0,202.0,2.0,2.0,0.0,0.0,0.0,0.0
2025/11/24,19:20:26,0,54.0,208.0,266.0,251.0,14.0,203.0,4.0,2.0,0.0,0.0,0.0,0.0
2025/11/24,19:20:31,0,50.0,194.0,261.0,252.0,19.0,204.0,3.0,3.0,0.0,0.0,0.0,0.0
2025/11/24,19:20:36,0,55.0,212.0,265.0,252.0,15.0,204.0,3.0,2.0,0.0,0.0,0.0,0.0
2025/11/24,19:20:41,0,55.0,199.0,264.0,251.0,9.0,204.0,1.0,1.0,0.0,0.0,0.0,0.0
2025/11/24,19:20:46,0,54.0,189.0,263.0,252.0,24.0,204.0,6.0,3.0,0.0,0.0,0.0,0.0
2025/11/24,19:20:51,0,54.0,199.0,267.0,252.0,8.0,203.0,2.0,1.0,0.0,0.0,0.0,0.0
2025/11/24,19:20:56,0,54.0,188.0,264.0,253.0,22.0,203.0,5.0,4.0,0.0,0.0,0.0,-0.0008
2025/11/24,19:21:01,0,54.0,198.0,265.0,253.0,6.0,203.0,1.0,0.0,0.0,0.0,0.0,0.0
2025/11/24,19:21:06,0,53.0,193.0,263.0,252.0,24.0,204.0,5.0,4.0,0.0,0.0,0.0,0.0
2025/11/24,19:21:11,0,55.0,200.0,265.0,253.0,9.0,205.0,2.0,1.0,0.0,0.0,0.0,0.0
2025/11/24,19:21:16,0,54.0,197.0,264.0,253.0,23.0,204.0,5.0,3.0,0.0,0.0,0.0,0.0
2025/11/24,19:21:21,0,52.0,198.0,265.0,252.0,9.0,204.0,0.0,1.0,0.0,0.0,0.0,0.0
2025/11/24,19:21:26,0,53.0,188.0,264.0,253.0,22.0,203.0,4.0,3.0,0.0,0.0,0.0,0.0
2025/11/24,19:21:31,0,52.0,205.0,266.0,252.0,10.0,203.0,3.0,1.0,0.0,0.0,0.0,0.0
2025/11/24,19:21:36,0,54.0,189.0,263.0,252.0,20.0,204.0,4.0,3.0,0.0,0.0,0.0,0.0
2025/11/24,19:21:41,0,53.0,204.0,266.0,252.0,10.0,203.0,3.0,1.0,0.0,0.0,0.0,0.0
2025/11/24,19:21:46,0,54.0,193.0,262.0,252.0,20.0,202.0,4.0,2.0,0.0,0.0,0.0,0.0
2025/11/24,19:21:51,0,54.0,215.0,265.0,252.0,12.0,203.0,4.0,1.0,0.0,0.0,0.0,-0.0008
2025/11/24,19:21:56,0,54.0,200.0,262.0,251.0,21.0,205.0,4.0,3.0,0.0,0.0,0.0,0.0
2025/11/24,19:22:39,0,54.0,189.0,262.0,252.0,19.0,204.0,5.0,2.0,0.0,0.0,0.0,0.0
2025/11/24,19:22:43,0,53.0,193.0,262.0,252.0,19.0,203.0,4.0,3.0,0.0,0.0,0.0,0.0
2025/11/24,19:22:48,0,54.0,216.0,264.0,252.0,14.0,205.0,2.0,1.0,0.0,0.0,0.0,0.0
2025/11/24,19:22:53,0,52.0,200.0,265.0,253.0,7.0,204.0,1.0,1.0,0.0,0.0,0.0,0.0
2025/11/24,19:22:58,0,55.0,192.0,263.0,250.0,21.0,203.0,4.0,3.0,0.0,0.0,0.0,0.0
2025/11/24,19:23:03,0,53.0,212.0,264.0,252.0,13.0,204.0,3.0,2.0,0.0,0.0,0.0,-0.0008
2025/11/24,19:23:08,0,56.0,199.0,265.0,251.0,10.0,203.0,2.0,0.0,0.0,0.0,0.0,0.0
2025/11/24,19:23:13,0,55.0,195.0,260.0,253.0,20.0,203.0,2.0,3.0,0.0,0.0,0.0,0.0
2025/11/24,19:23:18,0,54.0,210.0,263.0,251.0,14.0,202.0,4.0,2.0,0.0,0.0,0.0,0.0
2025/11/24,19:23:23,0,54.0,203.0,265.0,252.0,10.0,204.0,3.0,1.0,0.0,0.0,0.0,0.0
2025/11/24,19:23:28,0,54.0,193.0,261.0,252.0,20.0,204.0,4.0,3.0,0.0,0.0,0.0,0.0
2025/11/24,19:23:33,0,57.0,193.0,262.0,252.0,26.0,203.0,6.0,4.0,0.0,0.0,0.0,0.0
2025/11/24,19:23:38,0,55.0,215.0,264.0,252.0,11.0,203.0,4.0,2.0,0.0,0.0,0.0,0.0
2025/11/24,19:23:43,0,53.0,193.0,260.0,252.0,19.0,204.0,3.0,3.0,0.0,0.0,0.0,0.0
2025/11/24,19:23:48,0,54.0,207.0,263.0,252.0,18.0,204.0,4.0,4.0,0.0,0.0,0.0,0.0
2025/11/24,19:23:53,0,56.0,198.0,263.0,252.0,11.0,204.0,2.0,1.0,0.0,0.0,0.0,0.0
2025/11/24,19:23:58,0,54.0,204.0,264.0,253.0,17.0,204.0,4.0,3.0,0.0,0.0,0.0,0.0
2025/11/24,19:24:03,0,55.0,197.0,264.0,252.0,8.0,203.0,1.0,0.0,0.0,0.0,0.0,0.0
2025/11/24,19:24:08,0,53.0,188.0,260.0,252.0,27.0,204.0,5.0,3.0,0.0,0.0,0.0,0.0
2025/11/24,19:24:13,0,53.0,215.0,265.0,251.0,12.0,204.0,3.0,1.0,0.0,0.0,0.0,0.0
2025/11/24,19:24:18,0,53.0,196.0,263.0,253.0,16.0,203.0,3.0,2.0,0.0,0.0,0.0,0.0
2025/11/24,19:24:23,0,51.0,191.0,264.0,253.0,24.0,203.0,5.0,4.0,0.0,0.0,0.0,0.0
2025/11/24,19:24:28,0,53.0,203.0,265.0,252.0,9.0,203.0,3.0,1.0,0.0,0.0,0.0,0.0
2025/11/24,19:24:33,0,54.0,192.0,262.0,252.0,20.0,202.0,4.0,3.0,0.0,0.0,0.0,0.0
2025/11/24,19:24:38,0,54.0,207.0,267.0,252.0,11.0,204.0,3.0,2.0,0.0,0.0,0.0,0.0
2025/11/24,19:24:43,0,55.0,189.0,263.0,253.0,21.0,203.0,4.0,4.0,0.0,0.0,0.0,-0.0008
2025/11/24,19:24:48,0,50.0,199.0,264.0,252.0,7.0,202.0,2.0,0.0,0.0,0.0,0.0,0.0
2025/11/24,19:24:53,0,58.0,204.0,264.0,253.0,18.0,203.0,4.0,3.0,0.0,0.0,0.0,0.0
2025/11/24,19:24:58,0,52.0,198.0,263.0,251.0,14.0,202.0,2.0,2.0,0.0,0.0,0.0,0.0
2025/11/24,19:25:03,0,53.0,202.0,264.0,252.0,17.0,203.0,5.0,2.0,0.0,0.0,0.0,0.0
2025/11/24,19:25:08,0,53.0,201.0,264.0,252.0,10.0,205.0,1.0,2.0,0.0,0.0,0.0,0.0
2025/11/24,19:25:13,0,53.0,210.0,262.0,252.0,19.0,204.0,4.0,2.0,0.0,0.0,0.0,0.0
2025/11/24,19:25:18,0,55.0,200.0,262.0,252.0,20.0,204.0,3.0,3.0,0.0,0.0,0.0,0.0
2025/11/24,19:25:23,0,55.0,213.0,265.0,252.0,11.0,202.0,3.0,2.0,0.0,0.0,0.0,0.0
2025/11/24,19:25:28,0,57.0,186.0,263.0,252.0,25.0,204.0,5.0,4.0,0.0,0.0,0.0,0.0
2025/11/24,19:25:33,0,54.0,197.0,262.0,252.0,16.0,204.0,3.0,2.0,0.0,0.0,0.0,0.0
2025/11/24,19:25:38,0,53.0,218.0,264.0,252.0,13.0,203.0,3.0,2.0,0.0,0.0,0.0,0.0
2025/11/24,19:25:43,0,56.0,196.0,263.0,252.0,20.0,204.0,3.0,3.0,0.0,0.0,0.0,0.0
2025/11/24,19:25:48,0,55.0,206.0,266.0,252.0,9.0,201.0,3.0,2.0,0.0,0.0,0.0,0.0
2025/11/24,19:25:53,0,55.0,193.0,262.0,252.0,22.0,204.0,3.0,3.0,0.0,0.0,0.0,0.0
2025/11/24,19:25:58,0,55.0,207.0,264.0,252.0,12.0,204.0,2.0,2.0,0.0,0.0,0.0,0.0
2025/11/24,19:26:03,0,55.0,188.0,261.0,252.0,23.0,204.0,3.0,3.0,0.0,0.0,0.0,0.0
2025/11/24,19:26:08,0,56.0,200.0,265.0,252.0,8.0,203.0,2.0,1.0,0.0,0.0,0.0,0.0
2025/11/24,19:26:13,0,55.0,204.0,264.0,252.0,21.0,203.0,5.0,3.0,0.0,0.0,0.0,0.0
2025/11/24,19:26:18,0,56.0,196.0,263.0,252.0,16.0,203.0,3.0,2.0,0.0,0.0,0.0,0.0
2025/11/24,19:26:23,0,60.0,211.0,264.0,252.0,16.0,204.0,4.0,2.0,0.0,0.0,0.0,0.0
2025/11/24,19:26:28,0,57.0,193.0,262.0,251.0,16.0,204.0,2.0,2.0,0.0,0.0,0.0,0.0
2025/11/24,19:26:33,0,64.0,206.0,265.0,252.0,16.0,204.0,4.0,3.0,0.0,0.0,0.0,0.0
2025/11/24,19:26:38,0,56.0,199.0,263.0,252.0,10.0,203.0,2.0,1.0,0.0,0.0,0.0,0.0
2025/11/24,19:26:43,0,57.0,205.0,264.0,253.0,16.0,203.0,4.0,2.0,0.0,0.0,0.0,0.0
2025/11/24,19:26:48,0,55.0,198.0,264.0,253.0,20.0,204.0,3.0,3.0,0.0,0.0,0.0,0.0
2025/11/24,19:26:53,0,57.0,203.0,265.0,252.0,10.0,204.0,3.0,2.0,0.0,0.0,0.0,0.0
2025/11/24,19:26:58,0,57.0,211.0,265.0,253.0,14.0,203.0,4.0,2.0,0.0,0.0,0.0,0.0
2025/11/24,19:27:03,0,57.0,193.0,264.0,251.0,22.0,202.0,4.0,3.0,0.0,0.0,0.0,0.0
2025/11/24,19:27:08,0,55.0,197.0,261.0,252.0,16.0,204.0,2.0,2.0,0.0,0.0,0.0,0.0
2025/11/24,19:27:13,0,55.0,210.0,263.0,252.0,12.0,204.0,3.0,2.0,0.0,0.0,0.0,0.0
2025/11/24,19:27:18,0,55.0,203.0,264.0,252.0,19.0,203.0,5.0,3.0,0.0,0.0,0.0,0.0
2025/11/24,19:27:23,0,55.0,202.0,261.0,252.0,20.0,204.0,3.0,3.0,0.0,0.0,0.0,0.0
2025/11/24,19:27:28,0,55.0,201.0,266.0,252.0,11.0,204.0,3.0,2.0,0.0,0.0,0.0,0.0
2025/11/24,19:27:33,0,61.0,205.0,264.0,252.0,21.0,205.0,5.0,3.0,0.0,0.0,0.0,0.0
2025/11/24,19:27:38,0,53.0,201.0,263.0,252.0,21.0,203.0,4.0,2.0,0.0,0.0,0.0,0.0
2025/11/24,19:27:43,0,55.0,202.0,266.0,252.0,11.0,205.0,3.0,1.0,0.0,0.0,0.0,0.0
2025/11/24,19:27:48,0,52.0,216.0,266.0,253.0,12.0,204.0,3.0,0.0,0.0,0.0,0.0,0.0
2025/11/24,19:27:53,0,54.0,192.0,262.0,252.0,31.0,204.0,4.0,4.0,0.0,0.0,0.0,0.0
2025/11/24,19:27:58,0,53.0,198.0,264.0,253.0,20.0,203.0,4.0,3.0,0.0,0.0,0.0,0.0
2025/11/24,19:28:03,0,54.0,198.0,263.0,252.0,12.0,204.0,2.0,1.0,0.0,0.0,0.0,0.0
2025/11/24,19:28:08,0,54.0,209.0,267.0,252.0,11.0,205.0,3.0,2.0,0.0,0.0,0.0,0.0
2025/11/24,19:28:13,0,53.0,213.0,266.0,251.0,15.0,204.0,3.0,2.0,0.0,0.0,0.0,0.0
2025/11/24,19:28:18,0,53.0,187.0,263.0,251.0,26.0,204.0,4.0,4.0,0.0,0.0,0.0,0.0
2025/11/24,19:28:23,0,54.0,198.0,262.0,251.0,21.0,204.0,3.0,3.0,0.0,0.0,0.0,0.0
2025/11/24,19:28:28,0,56.0,198.0,265.0,252.0,10.0,203.0,2.0,0.0,0.0,0.0,0.0,0.0
2025/11/24,19:28:33,0,52.0,213.0,266.0,252.0,13.0,204.0,3.0,2.0,0.0,0.0,0.0,0.0
2025/11/24,19:28:38,0,55.0,210.0,267.0,253.0,16.0,203.0,4.0,2.0,0.0,0.0,0.0,0.0
2025/11/24,19:28:43,0,53.0,188.0,264.0,252.0,23.0,202.0,5.0,3.0,0.0,0.0,0.0,0.0
2025/11/24,19:28:48,0,52.0,199.0,264.0,253.0,21.0,202.0,4.0,2.0,0.0,0.0,0.0,0.0
2025/11/24,19:28:53,0,54.0,198.0,266.0,251.0,9.0,204.0,1.0,1.0,0.0,0.0,0.0,0.0
2025/11/24,19:28:58,0,54.0,217.0,265.0,252.0,16.0,204.0,3.0,2.0,0.0,0.0,0.0,0.0
2025/11/24,19:29:03,0,53.0,193.0,265.0,252.0,24.0,204.0,5.0,4.0,0.0,0.0,0.0,-0.0008
2025/11/24,19:29:08,0,53.0,200.0,264.0,252.0,20.0,202.0,4.0,2.0,0.0,0.0,0.0,0.0
2025/11/24,19:29:13,0,55.0,197.0,266.0,253.0,9.0,202.0,2.0,2.0,0.0,0.0,0.0,0.0
2025/11/24,19:29:18,0,54.0,207.0,265.0,252.0,12.0,204.0,3.0,2.0,0.0,0.0,0.0,0.0
2025/11/24,19:29:23,0,57.0,209.0,266.0,252.0,18.0,205.0,4.0,2.0,0.0,0.0,0.0,0.0
2025/11/24,19:29:28,0,54.0,193.0,264.0,252.0,21.0,205.0,3.0,3.0,0.0,0.0,0.0,0.0
2025/11/24,19:29:33,0,50.0,198.0,265.0,252.0,15.0,204.0,2.0,2.0,0.0,0.0,0.0,0.0
2025/11/24,19:29:38,0,54.0,205.0,268.0,253.0,12.0,203.0,3.0,2.0,0.0,0.0,0.0,0.0
2025/11/24,19:29:43,0,51.0,217.0,268.0,251.0,11.0,204.0,3.0,1.0,0.0,0.0,0.0,0.0
2025/11/24,19:29:48,0,53.0,212.0,266.0,251.0,20.0,205.0,4.0,2.0,0.0,0.0,0.0,0.0
2025/11/24,19:29:53,0,55.0,202.0,266.0,252.0,20.0,203.0,4.0,3.0,0.0,0.0,0.0,0.0
2025/11/24,19:29:58,0,53.0,189.0,265.0,252.0,22.0,204.0,4.0,3.0,0.0,0.0,0.0,-0.0008
2025/11/24,19:30:03,0,54.0,201.0,262.0,252.0,22.0,203.0,3.0,3.0,0.0,0.0,0.0,0.0
2025/11/24,19:30:08,0,57.0,199.0,265.0,252.0,10.0,204.0,1.0,1.0,0.0,0.0,0.0,0.0
2025/11/24,19:30:13,0,53.0,211.0,267.0,252.0,14.0,204.0,3.0,2.0,0.0,0.0,0.0,0.0
2025/11/24,19:30:18,0,54.0,215.0,267.0,252.0,16.0,204.0,3.0,1.0,0.0,0.0,0.0,0.0
2025/11/24,19:30:23,0,55.0,190.0,264.0,251.0,26.0,203.0,6.0,4.0,0.0,0.0,0.0,-0.0008
2025/11/24,19:30:28,0,52.0,200.0,263.0,252.0,21.0,202.0,5.0,3.0,0.0,0.0,0.0,0.0
2025/11/24,19:30:33,0,55.0,198.0,266.0,252.0,9.0,204.0,1.0,0.0,0.0,0.0,0.0,0.0
2025/11/24,19:30:38,0,55.0,219.0,267.0,252.0,15.0,204.0,4.0,1.0,0.0,0.0,0.0,0.0
2025/11/24,19:30:43,0,53.0,188.0,265.0,251.0,23.0,204.0,5.0,5.0,0.0,0.0,0.0,0.0
2025/11/24,19:30:48,0,54.0,194.0,265.0,250.0,19.0,203.0,3.0,3.0,0.0,0.0,0.0,0.0
2025/11/24,19:30:53,0,53.0,207.0,265.0,252.0,13.0,204.0,3.0,1.0,0.0,0.0,0.0,0.0
2025/11/24,19:30:58,0,54.0,209.0,264.0,252.0,17.0,203.0,4.0,2.0,0.0,0.0,0.0,0.0
2025/11/24,19:31:03,0,53.0,189.0,265.0,250.0,22.0,204.0,4.0,3.0,0.0,0.0,0.0,-0.0008
2025/11/24,19:31:08,0,53.0,193.0,265.0,253.0,20.0,202.0,4.0,3.0,0.0,0.0,0.0,0.0
2025/11/24,19:31:13,0,54.0,205.0,267.0,252.0,11.0,202.0,3.0,1.0,0.0,0.0,0.0,0.0
2025/11/24,19:31:18,0,53.0,211.0,267.0,252.0,13.0,204.0,3.0,2.0,0.0,0.0,0.0,0.0
2025/11/24,19:31:23,0,53.0,185.0,265.0,252.0,24.0,202.0,5.0,4.0,0.0,0.0,0.0,-0.0008
2025/11/24,19:31:28,0,50.0,200.0,265.0,252.0,21.0,202.0,4.0,2.0,0.0,0.0,0.0,0.0
2025/11/24,19:31:33,0,52.0,198.0,266.0,252.0,12.0,203.0,2.0,1.0,0.0,0.0,0.0,0.0
2025/11/24,19:31:38,0,55.0,208.0,267.0,251.0,12.0,204.0,3.0,2.0,0.0,0.0,0.0,0.0
2025/11/24,19:31:43,0,57.0,212.0,268.0,251.0,14.0,203.0,3.0,2.0,0.0,0.0,0.0,0.0
2025/11/24,19:31:48,0,54.0,193.0,265.0,252.0,25.0,205.0,5.0,4.0,0.0,0.0,0.0,0.0
2025/11/24,19:31:53,0,54.0,193.0,264.0,252.0,23.0,202.0,4.0,3.0,0.0,0.0,0.0,0.0
2025/11/24,19:31:58,0,54.0,195.0,265.0,252.0,22.0,204.0,4.0,3.0,0.0,0.0,0.0,-0.0008
2025/11/24,19:32:03,0,59.0,200.0,265.0,252.0,10.0,204.0,1.0,0.0,0.0,0.0,0.0,0.0
2025/11/24,19:32:40,0,55.0,209.0,268.0,250.0,17.0,205.0,4.0,2.0,0.0,0.0,0.0,0.0
2025/11/24,19:32:42,0,53.0,195.0,266.0,252.0,18.0,204.0,3.0,3.0,0.0,0.0,0.0,0.0
2025/11/24,19:32:47,0,55.0,195.0,265.0,251.0,18.0,203.0,3.0,2.0,0.0,0.0,0.0,0.0
2025/11/24,19:32:52,0,53.0,198.0,266.0,252.0,10.0,204.0,1.0,0.0,0.0,0.0,0.0,0.0
2025/11/24,19:32:57,0,54.0,201.0,267.0,252.0,12.0,203.0,3.0,1.0,0.0,0.0,0.0,0.0
2025/11/24,19:33:02,0,55.0,207.0,268.0,251.0,12.0,203.0,3.0,1.0,0.0,0.0,0.0,0.0
2025/11/24,19:33:07,0,53.0,220.0,269.0,251.0,15.0,202.0,4.0,1.0,0.0,0.0,0.0,0.0
2025/11/24,19:33:12,0,56.0,202.0,266.0,252.0,20.0,204.0,4.0,3.0,0.0,0.0,0.0,0.0
2025/11/24,19:33:17,0,55.0,193.0,265.0,252.0,23.0,203.0,4.0,2.0,0.0,0.0,0.0,0.0
2025/11/24,19:33:22,0,56.0,195.0,264.0,253.0,19.0,203.0,3.0,3.0,0.0,0.0,0.0,0.0
2025/11/24,19:33:27,0,55.0,202.0,268.0,253.0,11.0,202.0,3.0,1.0,0.0,0.0,0.0,0.0
2025/11/24,19:33:32,0,54.0,221.0,268.0,252.0,13.0,204.0,3.0,2.0,0.0,0.0,0.0,-0.0008
2025/11/24,19:33:37,0,56.0,207.0,267.0,251.0,20.0,203.0,4.0,2.0,0.0,0.0,0.0,0.0
2025/11/24,19:33:42,0,53.0,188.0,266.0,250.0,27.0,203.0,5.0,4.0,0.0,0.0,0.0,-0.0008
2025/11/24,19:33:47,0,52.0,196.0,266.0,253.0,21.0,203.0,3.0,3.0,0.0,0.0,0.0,0.0
2025/11/24,19:33:52,0,55.0,195.0,266.0,251.0,19.0,203.0,3.0,2.0,0.0,0.0,0.0,0.0
2025/11/24,19:33:57,0,53.0,203.0,268.0,252.0,13.0,204.0,2.0,1.0,0.0,0.0,0.0,0.0
2025/11/24,19:34:02,0,49.0,221.0,268.0,252.0,14.0,204.0,3.0,2.0,0.0,0.0,0.0,0.0
2025/11/24,19:34:07,0,53.0,202.0,267.0,251.0,24.0,204.0,5.0,3.0,0.0,0.0,0.0,0.0
2025/11/24,19:34:12,0,52.0,190.0,266.0,252.0,24.0,204.0,4.0,3.0,0.0,0.0,0.0,0.0
2025/11/24,19:34:17,0,50.0,198.0,264.0,252.0,23.0,204.0,4.0,3.0,0.0,0.0,0.0,0.0
2025/11/24,19:34:22,0,52.0,196.0,266.0,252.0,10.0,204.0,1.0,1.0,0.0,0.0,0.0,0.0
2025/11/24,19:34:27,0,52.0,211.0,268.0,252.0,14.0,204.0,4.0,2.0,0.0,0.0,0.0,0.0
2025/11/24,19:34:32,0,50.0,209.0,267.0,252.0,18.0,204.0,3.0,2.0,0.0,0.0,0.0,0.0
2025/11/24,19:34:37,0,52.0,189.0,265.0,252.0,25.0,204.0,4.0,4.0,0.0,0.0,0.0,0.0
2025/11/24,19:34:42,0,52.0,199.0,265.0,252.0,22.0,204.0,3.0,3.0,0.0,0.0,0.0,0.0
2025/11/24,19:34:47,0,55.0,200.0,269.0,252.0,9.0,203.0,1.0,1.0,0.0,0.0,0.0,0.0
2025/11/24,19:34:52,0,52.0,221.0,268.0,251.0,15.0,202.0,4.0,2.0,0.0,0.0,0.0,0.0
2025/11/24,19:34:57,0,53.0,199.0,266.0,251.0,24.0,203.0,6.0,3.0,0.0,0.0,0.0,0.0
2025/11/24,19:35:02,0,52.0,199.0,262.0,252.0,22.0,204.0,3.0,3.0,0.0,0.0,0.0,0.0
2025/11/24,19:35:07,0,53.0,199.0,266.0,252.0,13.0,203.0,3.0,1.0,0.0,0.0,0.0,0.0
2025/11/24,19:35:12,0,52.0,212.0,268.0,252.0,14.0,205.0,3.0,2.0,0.0,0.0,0.0,-0.0008
2025/11/24,19:35:17,0,52.0,203.0,267.0,252.0,20.0,202.0,5.0,2.0,0.0,0.0,0.0,0.0
2025/11/24,19:35:22,0,52.0,193.0,264.0,252.0,25.0,204.0,3.0,4.0,0.0,0.0,0.0,0.0
2025/11/24,19:35:27,0,52.0,194.0,263.0,252.0,22.0,204.0,4.0,3.0,0.0,0.0,0.0,0.0
2025/11/24,19:35:32,0,54.0,198.0,268.0,252.0,10.0,203.0,1.0,0.0,0.0,0.0,0.0,0.0
2025/11/24,19:35:37,0,54.0,191.0,266.0,251.0,27.0,203.0,6.0,4.0,0.0,0.0,0.0,0.0
2025/11/24,19:35:42,0,53.0,195.0,265.0,253.0,27.0,201.0,4.0,3.0,0.0,0.0,0.0,0.0
2025/11/24,19:35:47,0,56.0,212.0,267.0,252.0,16.0,202.0,4.0,2.0,0.0,0.0,0.0,0.0
2025/11/24,19:35:52,0,55.0,199.0,266.0,252.0,25.0,204.0,5.0,3.0,0.0,0.0,0.0,0.0
2025/11/24,19:35:57,0,51.0,194.0,265.0,252.0,25.0,204.0,3.0,3.0,0.0,0.0,0.0,0.0
2025/11/24,19:36:02,0,54.0,193.0,265.0,252.0,20.0,203.0,4.0,3.0,0.0,0.0,0.0,0.0
2025/11/24,19:36:07,0,52.0,200.0,267.0,253.0,7.0,204.0,1.0,1.0,0.0,0.0,0.0,0.0
2025/11/24,19:36:12,0,53.0,212.0,267.0,252.0,15.0,203.0,4.0,1.0,0.0,0.0,0.0,0.0
2025/11/24,19:36:17,0,54.0,210.0,266.0,252.0,17.0,203.0,3.0,2.0,0.0,0.0,0.0,0.0
2025/11/24,19:36:22,0,53.0,188.0,262.0,252.0,26.0,204.0,4.0,3.0,0.0,0.0,0.0,0.0
2025/11/24,19:36:27,0,53.0,202.0,266.0,252.0,21.0,204.0,3.0,3.0,0.0,0.0,0.0,0.0
2025/11/24,19:36:32,0,52.0,198.0,267.0,251.0,8.0,205.0,1.0,1.0,0.0,0.0,0.0,0.0
2025/11/24,19:36:37,0,52.0,220.0,268.0,252.0,14.0,204.0,3.0,2.0,0.0,0.0,0.0,0.0
2025/11/24,19:36:42,0,53.0,194.0,265.0,252.0,27.0,202.0,5.0,4.0,0.0,0.0,0.0,0.0
2025/11/24,19:36:47,0,52.0,199.0,266.0,252.0,23.0,203.0,3.0,3.0,0.0,0.0,0.0,0.0
2025/11/24,19:36:52,0,50.0,198.0,264.0,252.0,12.0,204.0,2.0,1.0,0.0,0.0,0.0,0.0
2025/11/24,19:36:57,0,51.0,218.0,268.0,252.0,15.0,204.0,3.0,2.0,0.0,0.0,0.0,0.0
2025/11/24,19:37:02,0,53.0,188.0,266.0,252.0,24.0,203.0,5.0,3.0,0.0,0.0,0.0,0.0
2025/11/24,19:37:07,0,50.0,196.0,267.0,253.0,12.0,204.0,1.0,1.0,0.0,0.0,0.0,0.0
2025/11/24,19:37:12,0,51.0,217.0,268.0,252.0,16.0,204.0,3.0,2.0,0.0,0.0,0.0,0.0
2025/11/24,19:37:17,0,50.0,200.0,267.0,252.0,24.0,204.0,4.0,4.0,0.0,0.0,0.0,0.0
2025/11/24,19:37:22,0,51.0,196.0,266.0,252.0,24.0,204.0,3.0,3.0,0.0,0.0,0.0,0.0
2025/11/24,19:37:27,0,53.0,198.0,267.0,253.0,12.0,203.0,2.0,1.0,0.0,0.0,0.0,0.0
2025/11/24,19:37:32,0,53.0,210.0,269.0,250.0,13.0,202.0,3.0,2.0,0.0,0.0,0.0,0.0
2025/11/24,19:37:37,0,51.0,209.0,268.0,253.0,18.0,203.0,4.0,2.0,0.0,0.0,0.0,0.0
2025/11/24,19:37:42,0,54.0,188.0,266.0,250.0,25.0,202.0,5.0,4.0,0.0,0.0,0.0,0.0
2025/11/24,19:37:47,0,52.0,198.0,265.0,252.0,23.0,203.0,4.0,3.0,0.0,0.0,0.0,0.0
2025/11/24,19:37:52,0,52.0,197.0,266.0,252.0,17.0,203.0,4.0,2.0,0.0,0.0,0.0,0.0
2025/11/24,19:37:57,0,52.0,203.0,268.0,251.0,12.0,203.0,3.0,1.0,0.0,0.0,0.0,0.0
2025/11/24,19:38:02,0,50.0,212.0,268.0,252.0,11.0,203.0,3.0,2.0,0.0,0.0,0.0,0.0
2025/11/24,19:38:07,0,51.0,188.0,265.0,252.0,25.0,203.0,4.0,3.0,0.0,0.0,0.0,0.0
2025/11/24,19:38:12,0,52.0,195.0,265.0,252.0,23.0,202.0,6.0,2.0,0.0,0.0,0.0,0.0
2025/11/24,19:38:17,0,50.0,199.0,268.0,252.0,9.0,203.0,1.0,1.0,0.0,0.0,0.0,0.0
2025/11/24,19:38:22,0,51.0,218.0,269.0,251.0,15.0,203.0,4.0,2.0,0.0,0.0,0.0,0.0
2025/11/24,19:38:27,0,45.0,194.0,266.0,252.0,26.0,204.0,5.0,4.0,0.0,0.0,0.0,0.0
2025/11/24,19:38:32,0,52.0,194.0,264.0,252.0,22.0,203.0,4.0,3.0,0.0,0.0,0.0,0.0
2025/11/24,19:38:37,0,53.0,204.0,267.0,252.0,11.0,204.0,3.0,1.0,0.0,0.0,0.0,0.0
2025/11/24,19:38:42,0,50.0,213.0,269.0,255.0,15.0,203.0,4.0,2.0,0.0,0.0,0.0,0.0
2025/11/24,19:38:47,0,51.0,189.0,265.0,252.0,24.0,204.0,4.0,3.0,0.0,0.0,0.0,0.0
2025/11/24,19:38:52,0,53.0,193.0,266.0,250.0,20.0,205.0,4.0,3.0,0.0,0.0,0.0,0.0
2025/11/24,19:38:57,0,51.0,198.0,270.0,252.0,7.0,204.0,0.0,0.0,0.0,0.0,0.0,0.0
2025/11/24,19:39:02,0,53.0,220.0,268.0,250.0,13.0,202.0,4.0,2.0,0.0,0.0,0.0,0.0
2025/11/24,19:39:07,0,54.0,195.0,266.0,252.0,27.0,205.0,6.0,4.0,0.0,0.0,0.0,0.0
2025/11/24,19:39:12,0,53.0,196.0,267.0,252.0,22.0,204.0,3.0,3.0,0.0,0.0,0.0,0.0
2025/11/24,19:39:17,0,51.0,193.0,262.0,252.0,19.0,204.0,3.0,2.0,0.0,0.0,0.0,0.0
2025/11/24,19:39:22,0,54.0,201.0,268.0,252.0,10.0,202.0,2.0,0.0,0.0,0.0,0.0,0.0
2025/11/24,19:39:27,0,53.0,218.0,268.0,252.0,12.0,204.0,3.0,2.0,0.0,0.0,0.0,0.0
2025/11/24,19:39:32,0,53.0,189.0,265.0,252.0,26.0,202.0,6.0,4.0,0.0,0.0,0.0,0.0
2025/11/24,19:39:37,0,57.0,197.0,266.0,251.0,23.0,203.0,4.0,3.0,0.0,0.0,0.0,0.0
2025/11/24,19:39:42,0,52.0,199.0,268.0,252.0,10.0,204.0,1.0,0.0,0.0,0.0,0.0,0.0
2025/11/24,19:39:47,0,53.0,220.0,268.0,252.0,15.0,204.0,4.0,2.0,0.0,0.0,0.0,0.0
2025/11/24,19:39:52,0,53.0,198.0,267.0,253.0,23.0,202.0,5.0,3.0,0.0,0.0,0.0,0.0
2025/11/24,19:39:57,0,53.0,197.0,265.0,253.0,21.0,203.0,3.0,3.0,0.0,0.0,0.0,0.0
2025/11/24,19:40:02,0,49.0,199.0,268.0,250.0,10.0,202.0,1.0,0.0,0.0,0.0,0.0,0.0
2025/11/24,19:40:07,0,52.0,216.0,268.0,251.0,15.0,204.0,3.0,1.0,0.0,0.0,0.0,0.0
2025/11/24,19:40:12,0,53.0,187.0,264.0,252.0,26.0,202.0,5.0,4.0,0.0,0.0,0.0,0.0
2025/11/24,19:40:17,0,53.0,199.0,265.0,252.0,22.0,204.0,3.0,3.0,0.0,0.0,0.0,0.0
2025/11/24,19:40:22,0,54.0,197.0,268.0,250.0,12.0,203.0,2.0,2.0,0.0,0.0,0.0,0.0
2025/11/24,19:40:27,0,53.0,213.0,268.0,252.0,12.0,203.0,3.0,1.0,0.0,0.0,0.0,0.0
2025/11/24,19:40:32,0,56.0,199.0,265.0,252.0,27.0,204.0,6.0,3.0,0.0,0.0,0.0,0.0
2025/11/24,19:40:37,0,54.0,198.0,265.0,252.0,21.0,204.0,3.0,3.0,0.0,0.0,0.0,0.0
2025/11/24,19:40:42,0,52.0,197.0,266.0,252.0,10.0,204.0,1.0,0.0,0.0,0.0,0.0,0.0
2025/11/24,19:40:47,0,54.0,213.0,268.0,252.0,14.0,204.0,4.0,2.0,0.0,0.0,0.0,0.0
2025/11/24,19:40:52,0,52.0,209.0,266.0,252.0,19.0,204.0,3.0,2.0,0.0,0.0,0.0,0.0
2025/11/24,19:40:57,0,54.0,189.0,266.0,253.0,28.0,203.0,6.0,3.0,0.0,0.0,0.0,0.0
2025/11/24,19:41:02,0,55.0,197.0,264.0,251.0,22.0,202.0,4.0,3.0,0.0,0.0,0.0,0.0
2025/11/24,19:41:07,0,55.0,193.0,266.0,250.0,20.0,202.0,5.0,3.0,0.0,0.0,0.0,0.0
2025/11/24,19:41:12,0,55.0,199.0,267.0,253.0,8.0,204.0,1.0,0.0,0.0,0.0,0.0,-0.0008
2025/11/24,19:41:17,0,55.0,216.0,269.0,252.0,17.0,203.0,3.0,1.0,0.0,0.0,0.0,0.0
2025/11/24,19:41:22,0,55.0,207.0,266.0,252.0,18.0,203.0,5.0,2.0,0.0,0.0,0.0,0.0
2025/11/24,19:41:27,0,53.0,189.0,265.0,252.0,30.0,204.0,4.0,4.0,0.0,0.0,0.0,0.0
2025/11/24,19:41:32,0,54.0,193.0,265.0,251.0,23.0,202.0,4.0,3.0,0.0,0.0,0.0,0.0
2025/11/24,19:41:37,0,54.0,195.0,266.0,252.0,19.0,203.0,4.0,2.0,0.0,0.0,0.0,0.0
2025/11/24,19:41:42,0,53.0,205.0,268.0,252.0,11.0,205.0,1.0,1.0,0.0,0.0,0.0,0.0
2025/11/24,19:41:47,0,56.0,222.0,267.0,252.0,15.0,203.0,4.0,1.0,0.0,0.0,0.0,-0.0008
2025/11/24,19:41:52,0,53.0,209.0,267.0,252.0,21.0,203.0,4.0,3.0,0.0,0.0,0.0,0.0
2025/11/24,19:41:57,0,55.0,191.0,265.0,252.0,26.0,203.0,6.0,4.0,0.0,0.0,0.0,0.0
2025/11/24,19:42:02,0,54.0,192.0,264.0,251.0,24.0,203.0,5.0,3.0,0.0,0.0,0.0,0.0
2025/11/24,19:42:07,0,52.0,192.0,265.0,252.0,23.0,202.0,5.0,2.0,0.0,0.0,0.0,0.0
2025/11/24,19:42:12,0,54.0,201.0,269.0,252.0,9.0,202.0,3.0,1.0,0.0,0.0,0.0,0.0
2025/11/24,19:42:50,0,51.0,210.0,266.0,252.0,11.0,204.0,3.0,2.0,0.0,0.0,0.0,0.0
2025/11/24,19:42:52,0,53.0,213.0,267.0,250.0,14.0,203.0,4.0,2.0,0.0,0.0,0.0,0.0
2025/11/24,19:42:57,0,52.0,192.0,264.0,252.0,23.0,203.0,4.0,3.0,0.0,0.0,0.0,0.0
2025/11/24,19:43:02,0,54.0,198.0,267.0,253.0,11.0,203.0,1.0,1.0,0.0,0.0,0.0,0.0
2025/11/24,19:43:07,0,51.0,218.0,267.0,252.0,15.0,204.0,3.0,1.0,0.0,0.0,0.0,0.0
2025/11/24,19:43:12,0,53.0,190.0,262.0,252.0,25.0,204.0,4.0,3.0,0.0,0.0,0.0,0.0
2025/11/24,19:43:17,0,53.0,196.0,263.0,252.0,14.0,203.0,2.0,2.0,0.0,0.0,0.0,0.0
2025/11/24,19:43:22,0,54.0,205.0,266.0,252.0,12.0,204.0,2.0,2.0,0.0,0.0,0.0,0.0
2025/11/24,19:43:27,0,53.0,223.0,268.0,252.0,11.0,204.0,3.0,2.0,0.0,0.0,0.0,0.0
2025/11/24,19:43:32,0,52.0,198.0,265.0,251.0,26.0,203.0,6.0,3.0,0.0,0.0,0.0,0.0
2025/11/24,19:43:37,0,53.0,198.0,263.0,252.0,21.0,204.0,4.0,3.0,0.0,0.0,0.0,0.0
2025/11/24,19:43:42,0,53.0,200.0,266.0,252.0,11.0,204.0,2.0,1.0,0.0,0.0,0.0,0.0
2025/11/24,19:43:47,0,54.0,215.0,264.0,252.0,14.0,204.0,3.0,2.0,0.0,0.0,0.0,0.0
2025/11/24,19:43:52,0,54.0,210.0,266.0,252.0,16.0,203.0,4.0,2.0,0.0,0.0,0.0,0.0
2025/11/24,19:43:57,0,58.0,198.0,265.0,252.0,25.0,204.0,6.0,4.0,0.0,0.0,0.0,0.0
2025/11/24,19:44:02,0,53.0,192.0,263.0,252.0,23.0,204.0,4.0,3.0,0.0,0.0,0.0,0.0
2025/11/24,19:44:07,0,53.0,192.0,264.0,251.0,22.0,203.0,4.0,2.0,0.0,0.0,0.0,0.0
2025/11/24,19:44:12,0,52.0,201.0,267.0,252.0,7.0,203.0,1.0,0.0,0.0,0.0,0.0,0.0
2025/11/24,19:44:17,0,53.0,219.0,265.0,252.0,16.0,205.0,4.0,1.0,0.0,0.0,0.0,-0.0008
2025/11/24,19:44:22,0,52.0,208.0,266.0,250.0,19.0,202.0,4.0,2.0,0.0,0.0,0.0,0.0
2025/11/24,19:44:27,0,50.0,209.0,266.0,252.0,15.0,204.0,3.0,3.0,0.0,0.0,0.0,0.0
2025/11/24,19:44:32,0,53.0,211.0,265.0,252.0,15.0,202.0,3.0,2.0,0.0,0.0,0.0,0.0
2025/11/24,19:44:37,0,52.0,198.0,265.0,251.0,24.0,203.0,5.0,3.0,0.0,0.0,0.0,0.0
2025/11/24,19:44:42,0,51.0,193.0,263.0,252.0,22.0,204.0,4.0,3.0,0.0,0.0,0.0,0.0
2025/11/24,19:44:47,0,52.0,196.0,264.0,252.0,19.0,202.0,4.0,2.0,0.0,0.0,0.0,0.0
2025/11/24,19:44:52,0,52.0,199.0,268.0,252.0,9.0,203.0,2.0,0.0,0.0,0.0,0.0,0.0
2025/11/24,19:44:57,0,51.0,222.0,264.0,252.0,14.0,203.0,3.0,2.0,0.0,0.0,0.0,0.0
2025/11/24,19:45:02,0,52.0,189.0,264.0,252.0,24.0,203.0,4.0,3.0,0.0,0.0,0.0,-0.0008
2025/11/24,19:45:07,0,55.0,197.0,262.0,252.0,14.0,204.0,1.0,1.0,0.0,0.0,0.0,0.0
2025/11/24,19:45:12,0,48.0,215.0,265.0,253.0,14.0,204.0,4.0,1.0,0.0,0.0,0.0,0.0
2025/11/24,19:45:17,0,53.0,193.0,264.0,252.0,22.0,203.0,4.0,3.0,0.0,0.0,0.0,0.0
2025/11/24,19:45:22,0,52.0,199.0,265.0,252.0,11.0,204.0,1.0,1.0,0.0,0.0,0.0,0.0
2025/11/24,19:45:27,0,53.0,222.0,265.0,252.0,14.0,202.0,4.0,1.0,0.0,0.0,0.0,0.0
2025/11/24,19:45:32,0,53.0,188.0,264.0,252.0,24.0,203.0,6.0,4.0,0.0,0.0,0.0,0.0
2025/11/24,19:45:37,0,51.0,191.0,263.0,252.0,19.0,202.0,4.0,2.0,0.0,0.0,0.0,0.0
2025/11/24,19:45:42,0,52.0,215.0,266.0,251.0,13.0,204.0,3.0,2.0,0.0,0.0,0.0,0.0
2025/11/24,19:45:47,0,53.0,187.0,262.0,252.0,27.0,203.0,5.0,3.0,0.0,0.0,0.0,0.0
2025/11/24,19:45:52,0,53.0,197.0,264.0,252.0,17.0,203.0,2.0,2.0,0.0,0.0,0.0,0.0
2025/11/24,19:45:57,0,53.0,217.0,266.0,251.0,13.0,203.0,4.0,1.0,0.0,0.0,0.0,0.0
2025/11/24,19:46:02,0,52.0,189.0,263.0,252.0,23.0,204.0,4.0,3.0,0.0,0.0,0.0,0.0
2025/11/24,19:46:07,0,55.0,199.0,264.0,252.0,12.0,203.0,2.0,2.0,0.0,0.0,0.0,0.0
2025/11/24,19:46:12,0,56.0,218.0,266.0,252.0,11.0,204.0,3.0,2.0,0.0,0.0,0.0,0.0
2025/11/24,19:46:17,0,52.0,189.0,262.0,252.0,27.0,204.0,5.0,4.0,0.0,0.0,0.0,0.0
2025/11/24,19:46:22,0,53.0,195.0,263.0,252.0,16.0,204.0,4.0,3.0,0.0,0.0,0.0,-0.0008
2025/11/24,19:46:27,0,53.0,200.0,267.0,250.0,7.0,204.0,2.0,1.0,0.0,0.0,0.0,0.0
2025/11/24,19:46:32,0,47.0,218.0,265.0,253.0,12.0,203.0,4.0,1.0,0.0,0.0,0.0,0.0
2025/11/24,19:46:37,0,52.0,200.0,264.0,252.0,24.0,204.0,5.0,4.0,0.0,0.0,0.0,0.0
2025/11/24,19:46:42,0,53.0,194.0,264.0,252.0,23.0,203.0,4.0,3.0,0.0,0.0,0.0,0.0
2025/11/24,19:46:47,0,55.0,195.0,263.0,250.0,20.0,202.0,3.0,3.0,0.0,0.0,0.0,0.0
2025/11/24,19:46:52,0,55.0,208.0,267.0,252.0,11.0,203.0,3.0,2.0,0.0,0.0,0.0,0.0
2025/11/24,19:46:57,0,54.0,208.0,266.0,252.0,16.0,202.0,4.0,2.0,0.0,0.0,0.0,0.0
2025/11/24,19:47:02,0,55.0,194.0,264.0,250.0,22.0,204.0,4.0,3.0,0.0,0.0,0.0,0.0
2025/11/24,19:47:07,0,52.0,200.0,265.0,252.0,12.0,202.0,2.0,1.0,0.0,0.0,0.0,0.0
2025/11/24,19:47:12,0,55.0,219.0,266.0,252.0,12.0,203.0,4.0,2.0,0.0,0.0,0.0,0.0
2025/11/24,19:47:17,0,55.0,197.0,264.0,251.0,23.0,204.0,4.0,3.0,0.0,0.0,0.0,0.0
2025/11/24,19:47:22,0,55.0,196.0,263.0,252.0,22.0,204.0,4.0,2.0,0.0,0.0,0.0,-0.0008
2025/11/24,19:47:27,0,55.0,199.0,265.0,249.0,13.0,203.0,3.0,2.0,0.0,0.0,0.0,0.0
2025/11/24,19:47:32,0,55.0,209.0,266.0,251.0,12.0,202.0,4.0,1.0,0.0,0.0,0.0,0.0
2025/11/24,19:47:37,0,55.0,211.0,265.0,252.0,17.0,202.0,4.0,2.0,0.0,0.0,0.0,0.0
2025/11/24,19:47:42,0,55.0,190.0,263.0,251.0,24.0,202.0,5.0,3.0,0.0,0.0,0.0,0.0
2025/11/24,19:47:47,0,54.0,198.0,264.0,252.0,21.0,204.0,3.0,3.0,0.0,0.0,0.0,0.0
2025/11/24,19:47:52,0,54.0,199.0,265.0,252.0,12.0,204.0,1.0,1.0,0.0,0.0,0.0,0.0
2025/11/24,19:47:57,0,54.0,213.0,266.0,250.0,15.0,203.0,5.0,2.0,0.0,0.0,0.0,0.0
2025/11/24,19:48:02,0,56.0,204.0,266.0,250.0,21.0,201.0,5.0,2.0,0.0,0.0,0.0,0.0
2025/11/24,19:48:07,0,55.0,196.0,263.0,252.0,23.0,204.0,3.0,3.0,0.0,0.0,0.0,0.0
2025/11/24,19:48:12,0,55.0,198.0,265.0,252.0,15.0,203.0,2.0,2.0,0.0,0.0,0.0,0.0
2025/11/24,19:48:17,0,55.0,206.0,266.0,252.0,13.0,203.0,3.0,2.0,0.0,0.0,0.0,0.0
2025/11/24,19:48:22,0,55.0,216.0,266.0,251.0,15.0,204.0,3.0,1.0,0.0,0.0,0.0,0.0
2025/11/24,19:48:27,0,55.0,187.0,264.0,250.0,26.0,203.0,5.0,4.0,0.0,0.0,0.0,0.0
2025/11/24,19:48:32,0,54.0,199.0,264.0,253.0,22.0,203.0,4.0,3.0,0.0,0.0,0.0,0.0
2025/11/24,19:48:37,0,54.0,202.0,266.0,252.0,7.0,203.0,2.0,0.0,0.0,0.0,0.0,0.0
2025/11/24,19:48:42,0,58.0,216.0,266.0,252.0,14.0,204.0,3.0,2.0,0.0,0.0,0.0,-0.0008
2025/11/24,19:48:47,0,54.0,190.0,264.0,252.0,21.0,203.0,4.0,3.0,0.0,0.0,0.0,0.0
2025/11/24,19:48:52,0,55.0,198.0,265.0,253.0,14.0,202.0,2.0,1.0,0.0,0.0,0.0,-0.0008
2025/11/24,19:48:57,0,56.0,217.0,266.0,252.0,12.0,204.0,3.0,2.0,0.0,0.0,0.0,0.0
2025/11/24,19:49:02,0,55.0,191.0,263.0,252.0,25.0,204.0,4.0,3.0,0.0,0.0,0.0,0.0
2025/11/24,19:49:07,0,57.0,197.0,264.0,252.0,14.0,204.0,2.0,1.0,0.0,0.0,0.0,0.0
2025/11/24,19:49:12,0,56.0,212.0,266.0,252.0,13.0,204.0,3.0,2.0,0.0,0.0,0.0,0.0
2025/11/24,19:49:17,0,56.0,198.0,263.0,252.0,22.0,202.0,4.0,2.0,0.0,0.0,0.0,0.0
2025/11/24,19:49:22,0,55.0,200.0,266.0,252.0,8.0,203.0,1.0,0.0,0.0,0.0,0.0,0.0
2025/11/24,19:49:27,0,54.0,218.0,267.0,252.0,16.0,203.0,4.0,2.0,0.0,0.0,0.0,0.0
2025/11/24,19:49:32,0,56.0,203.0,265.0,251.0,22.0,203.0,5.0,3.0,0.0,0.0,0.0,0.0
2025/11/24,19:49:37,0,56.0,196.0,262.0,252.0,23.0,204.0,3.0,3.0,0.0,0.0,0.0,-0.0008
2025/11/24,19:49:42,0,54.0,199.0,264.0,251.0,12.0,203.0,2.0,1.0,0.0,0.0,0.0,0.0
2025/11/24,19:49:47,0,57.0,216.0,268.0,251.0,13.0,203.0,4.0,1.0,0.0,0.0,0.0,0.0
2025/11/24,19:49:52,0,54.0,198.0,264.0,251.0,23.0,201.0,5.0,3.0,0.0,0.0,0.0,0.0
2025/11/24,19:49:57,0,59.0,199.0,263.0,252.0,23.0,203.0,4.0,2.0,0.0,0.0,0.0,-0.0008
2025/11/24,19:50:02,0,57.0,203.0,267.0,252.0,10.0,203.0,3.0,1.0,0.0,0.0,0.0,0.0
2025/11/24,19:50:07,0,60.0,201.0,264.0,252.0,24.0,203.0,5.0,3.0,0.0,0.0,0.0,0.0
2025/11/24,19:50:12,0,58.0,195.0,264.0,252.0,23.0,203.0,4.0,4.0,0.0,0.0,0.0,0.0
2025/11/24,19:50:17,0,56.0,210.0,266.0,252.0,12.0,204.0,3.0,1.0,0.0,0.0,0.0,0.0
2025/11/24,19:50:22,0,58.0,190.0,263.0,251.0,26.0,204.0,5.0,4.0,0.0,0.0,0.0,0.0
2025/11/24,19:50:27,0,55.0,194.0,264.0,251.0,19.0,202.0,4.0,2.0,0.0,0.0,0.0,0.0
2025/11/24,19:50:32,0,55.0,211.0,268.0,252.0,12.0,202.0,3.0,1.0,0.0,0.0,0.0,0.0
2025/11/24,19:50:37,0,57.0,194.0,265.0,252.0,24.0,203.0,6.0,4.0,0.0,0.0,0.0,0.0
2025/11/24,19:50:42,0,55.0,193.0,264.0,251.0,22.0,203.0,4.0,2.0,0.0,0.0,0.0,0.0
2025/11/24,19:50:47,0,55.0,207.0,267.0,252.0,11.0,202.0,3.0,1.0,0.0,0.0,0.0,0.0
2025/11/24,19:50:52,0,55.0,211.0,267.0,250.0,15.0,203.0,4.0,2.0,0.0,0.0,0.0,0.0
2025/11/24,19:50:57,0,55.0,193.0,264.0,251.0,24.0,203.0,4.0,3.0,0.0,0.0,0.0,0.0
2025/11/24,19:51:02,0,59.0,198.0,263.0,252.0,12.0,204.0,1.0,1.0,0.0,0.0,0.0,0.0
2025/11/24,19:51:07,0,54.0,222.0,266.0,252.0,15.0,203.0,4.0,2.0,0.0,0.0,0.0,-0.0008
2025/11/24,19:51:12,0,56.0,187.0,264.0,250.0,26.0,202.0,5.0,3.0,0.0,0.0,0.0,0.0
2025/11/24,19:51:17,0,53.0,194.0,263.0,252.0,19.0,202.0,3.0,3.0,0.0,0.0,0.0,0.0
2025/11/24,19:51:22,0,56.0,212.0,267.0,252.0,11.0,202.0,4.0,1.0,0.0,0.0,0.0,0.0
2025/11/24,19:51:27,0,55.0,190.0,261.0,252.0,24.0,204.0,6.0,4.0,0.0,0.0,0.0,0.0
2025/11/24,19:51:32,0,56.0,194.0,265.0,252.0,19.0,202.0,3.0,2.0,0.0,0.0,0.0,0.0
2025/11/24,19:51:37,0,56.0,207.0,267.0,252.0,11.0,204.0,3.0,2.0,0.0,0.0,0.0,0.0
2025/11/24,19:51:42,0,56.0,198.0,262.0,252.0,25.0,203.0,5.0,3.0,0.0,0.0,0.0,0.0
2025/11/24,19:51:47,0,56.0,195.0,263.0,252.0,23.0,204.0,4.0,3.0,0.0,0.0,0.0,0.0
2025/11/24,19:51:52,0,54.0,193.0,263.0,252.0,22.0,203.0,4.0,2.0,0.0,0.0,0.0,0.0
2025/11/24,19:51:57,0,55.0,199.0,267.0,252.0,6.0,202.0,2.0,1.0,0.0,0.0,0.0,0.0
2025/11/24,19:52:02,0,52.0,217.0,266.0,251.0,15.0,202.0,3.0,1.0,0.0,0.0,0.0,0.0
2025/11/24,19:52:07,0,56.0,190.0,263.0,252.0,25.0,203.0,5.0,3.0,0.0,0.0,0.0,0.0
2025/11/24,19:52:12,0,54.0,193.0,264.0,252.0,20.0,203.0,4.0,3.0,0.0,0.0,0.0,0.0
2025/11/24,19:52:17,0,55.0,198.0,267.0,252.0,7.0,203.0,2.0,1.0,0.0,0.0,0.0,0.0
2025/11/24,19:52:22,0,53.0,220.0,266.0,252.0,12.0,202.0,3.0,2.0,0.0,0.0,0.0,0.0
2025/11/24,19:52:27,0,53.0,194.0,262.0,252.0,28.0,203.0,7.0,4.0,0.0,0.0,0.0,0.0
2025/11/24,19:52:59,0,54.0,211.0,267.0,252.0,13.0,204.0,3.0,2.0,0.0,0.0,0.0,0.0
2025/11/24,19:53:02,0,54.0,200.0,263.0,251.0,21.0,204.0,4.0,3.0,0.0,0.0,0.0,0.0
2025/11/24,19:53:07,0,53.0,198.0,266.0,252.0,10.0,204.0,1.0,1.0,0.0,0.0,0.0,0.0
2025/11/24,19:53:12,0,54.0,211.0,266.0,252.0,13.0,204.0,3.0,1.0,0.0,0.0,0.0,0.0
2025/11/24,19:53:17,0,54.0,209.0,266.0,252.0,18.0,203.0,4.0,2.0,0.0,0.0,0.0,0.0
2025/11/24,19:53:22,0,53.0,194.0,262.0,252.0,24.0,204.0,4.0,3.0,0.0,0.0,0.0,0.0
2025/11/24,19:53:27,0,54.0,195.0,262.0,252.0,17.0,203.0,3.0,2.0,0.0,0.0,0.0,0.0
2025/11/24,19:53:32,0,54.0,215.0,266.0,252.0,11.0,204.0,4.0,2.0,0.0,0.0,0.0,0.0
2025/11/24,19:53:37,0,52.0,189.0,263.0,248.0,25.0,203.0,6.0,4.0,0.0,0.0,0.0,0.0
2025/11/24,19:53:42,0,52.0,196.0,264.0,250.0,16.0,203.0,3.0,2.0,0.0,0.0,0.0,0.0
2025/11/24,19:53:47,0,50.0,218.0,266.0,252.0,13.0,203.0,3.0,2.0,0.0,0.0,0.0,0.0
2025/11/24,19:53:52,0,52.0,193.0,264.0,250.0,24.0,202.0,4.0,3.0,0.0,0.0,0.0,0.0
2025/11/24,19:53:57,0,50.0,199.0,266.0,250.0,7.0,204.0,2.0,1.0,0.0,0.0,0.0,0.0
2025/11/24,19:54:02,0,54.0,211.0,263.0,251.0,16.0,198.0,3.0,2.0,0.0,0.0,0.0,0.0
2025/11/24,19:54:07,0,51.0,199.0,262.0,251.0,22.0,203.0,4.0,3.0,0.0,0.0,0.0,0.0
2025/11/24,19:54:12,0,52.0,207.0,266.0,251.0,12.0,204.0,3.0,1.0,0.0,0.0,0.0,0.0
2025/11/24,19:54:17,0,50.0,196.0,264.0,252.0,25.0,202.0,6.0,4.0,0.0,0.0,0.0,0.0
2025/11/24,19:54:22,0,56.0,193.0,264.0,253.0,21.0,203.0,3.0,3.0,0.0,0.0,0.0,0.0
2025/11/24,19:54:27,0,55.0,217.0,265.0,252.0,14.0,203.0,3.0,2.0,0.0,0.0,0.0,0.0
2025/11/24,19:54:32,0,55.0,196.0,264.0,253.0,23.0,202.0,4.0,2.0,0.0,0.0,0.0,0.0
2025/11/24,19:54:37,0,56.0,214.0,264.0,252.0,14.0,203.0,3.0,2.0,0.0,0.0,0.0,0.0
2025/11/24,19:54:42,0,56.0,198.0,262.0,252.0,24.0,204.0,4.0,3.0,0.0,0.0,0.0,-0.0008
2025/11/24,19:54:47,0,56.0,209.0,267.0,250.0,11.0,203.0,3.0,1.0,0.0,0.0,0.0,0.0
2025/11/24,19:54:52,0,58.0,187.0,264.0,253.0,24.0,202.0,6.0,3.0,0.0,0.0,0.0,0.0
2025/11/24,19:54:57,0,53.0,199.0,265.0,251.0,8.0,204.0,1.0,1.0,0.0,0.0,0.0,0.0
2025/11/24,19:55:02,0,56.0,200.0,265.0,251.0,27.0,203.0,6.0,3.0,0.0,0.0,0.0,0.0
2025/11/24,19:55:07,0,55.0,195.0,263.0,250.0,19.0,205.0,3.0,3.0,0.0,0.0,0.0,0.0
2025/11/24,19:55:12,0,58.0,217.0,265.0,252.0,13.0,204.0,3.0,1.0,0.0,0.0,0.0,0.0
2025/11/24,19:55:17,0,57.0,202.0,263.0,250.0,22.0,203.0,4.0,2.0,0.0,0.0,0.0,0.0
2025/11/24,19:55:22,0,58.0,206.0,266.0,252.0,11.0,204.0,2.0,1.0,0.0,0.0,0.0,0.0
2025/11/24,19:55:27,0,55.0,211.0,265.0,252.0,15.0,203.0,4.0,2.0,0.0,0.0,0.0,0.0
2025/11/24,19:55:32,0,56.0,192.0,263.0,252.0,27.0,203.0,6.0,4.0,0.0,0.0,0.0,0.0
2025/11/24,19:55:37,0,57.0,195.0,264.0,252.0,23.0,203.0,4.0,3.0,0.0,0.0,0.0,0.0
2025/11/24,19:55:42,0,56.0,199.0,265.0,250.0,10.0,204.0,2.0,1.0,0.0,0.0,0.0,0.0
2025/11/24,19:55:47,0,54.0,212.0,265.0,252.0,14.0,203.0,3.0,2.0,0.0,0.0,0.0,0.0
2025/11/24,19:55:52,0,56.0,197.0,265.0,252.0,12.0,203.0,3.0,0.0,0.0,0.0,0.0,0.0
2025/11/24,19:55:57,0,57.0,199.0,262.0,252.0,13.0,204.0,0.0,1.0,0.0,0.0,0.0,0.0
2025/11/24,19:56:02,0,56.0,221.0,265.0,251.0,15.0,204.0,3.0,2.0,0.0,0.0,0.0,0.0
2025/11/24,19:56:07,0,58.0,187.0,261.0,252.0,29.0,203.0,6.0,4.0,0.0,0.0,0.0,0.0
2025/11/24,19:56:12,0,57.0,194.0,262.0,250.0,20.0,204.0,3.0,3.0,0.0,0.0,0.0,0.0
2025/11/24,19:56:17,0,57.0,213.0,266.0,251.0,13.0,203.0,4.0,1.0,-0.0008,0.0,0.0,0.0
2025/11/24,19:56:22,0,61.0,197.0,264.0,253.0,25.0,203.0,6.0,4.0,0.0,0.0,0.0,0.0
2025/11/24,19:56:27,0,58.0,196.0,263.0,252.0,22.0,204.0,4.0,3.0,0.0,0.0,0.0,0.0
2025/11/24,19:56:32,0,58.0,209.0,266.0,252.0,12.0,204.0,3.0,2.0,0.0,0.0,0.0,0.0
2025/11/24,19:56:37,0,58.0,190.0,262.0,251.0,25.0,204.0,4.0,4.0,0.0,0.0,0.0,0.0
2025/11/24,19:56:42,0,56.0,200.0,265.0,250.0,10.0,202.0,1.0,0.0,0.0,0.0,0.0,0.0
2025/11/24,19:56:47,0,56.0,201.0,264.0,251.0,23.0,203.0,5.0,2.0,0.0,0.0,0.0,0.0
2025/11/24,19:56:52,0,55.0,194.0,263.0,251.0,19.0,204.0,3.0,3.0,0.0,0.0,0.0,0.0
2025/11/24,19:56:57,0,58.0,220.0,266.0,252.0,14.0,203.0,4.0,1.0,0.0,0.0,0.0,0.0
2025/11/24,19:57:02,0,56.0,192.0,263.0,251.0,24.0,203.0,4.0,3.0,0.0,0.0,0.0,0.0
2025/11/24,19:57:07,0,57.0,204.0,266.0,250.0,12.0,201.0,3.0,2.0,0.0,0.0,0.0,0.0
2025/11/24,19:57:12,0,60.0,196.0,264.0,252.0,25.0,203.0,6.0,4.0,0.0,0.0,0.0,0.0
2025/11/24,19:57:17,0,55.0,193.0,263.0,252.0,18.0,204.0,3.0,2.0,0.0,0.0,0.0,0.0
2025/11/24,19:57:22,0,55.0,214.0,266.0,252.0,15.0,203.0,4.0,1.0,0.0,0.0,0.0,0.0
2025/11/24,19:57:27,0,56.0,199.0,261.0,252.0,23.0,204.0,4.0,3.0,0.0,0.0,0.0,0.0
2025/11/24,19:57:32,0,56.0,213.0,266.0,251.0,14.0,204.0,4.0,1.0,0.0,0.0,0.0,0.0
2025/11/24,19:57:37,0,56.0,189.0,261.0,252.0,26.0,204.0,4.0,3.0,0.0,0.0,0.0,0.0
2025/11/24,19:57:42,0,55.0,197.0,264.0,252.0,17.0,202.0,2.0,1.0,0.0,0.0,0.0,0.0
2025/11/24,19:57:47,0,57.0,217.0,266.0,252.0,14.0,203.0,4.0,1.0,0.0,0.0,0.0,0.0
2025/11/24,19:57:52,0,59.0,197.0,262.0,252.0,22.0,202.0,4.0,2.0,0.0,0.0,0.0,0.0
2025/11/24,19:57:57,0,59.0,205.0,264.0,252.0,13.0,203.0,2.0,1.0,0.0,0.0,0.0,0.0
2025/11/24,19:58:02,0,58.0,187.0,264.0,251.0,24.0,203.0,5.0,3.0,0.0,0.0,0.0,0.0
2025/11/24,19:58:07,0,57.0,199.0,264.0,252.0,8.0,204.0,2.0,1.0,0.0,0.0,0.0,0.0
2025/11/24,19:58:12,0,55.0,201.0,261.0,252.0,22.0,203.0,6.0,3.0,0.0,0.0,0.0,0.0
2025/11/24,19:58:17,0,55.0,197.0,263.0,252.0,17.0,203.0,3.0,2.0,0.0,0.0,0.0,0.0
2025/11/24,19:58:22,0,56.0,218.0,263.0,252.0,17.0,204.0,3.0,1.0,0.0,0.0,0.0,0.0
2025/11/24,19:58:27,0,53.0,193.0,263.0,251.0,23.0,203.0,4.0,2.0,0.0,0.0,0.0,0.0
2025/11/24,19:58:32,0,53.0,203.0,263.0,252.0,13.0,203.0,3.0,2.0,0.0,0.0,0.0,0.0
2025/11/24,19:58:37,0,53.0,190.0,261.0,252.0,24.0,203.0,4.0,3.0,0.0,0.0,0.0,0.0
2025/11/24,19:58:42,0,54.0,202.0,265.0,251.0,12.0,204.0,3.0,1.0,0.0,0.0,0.0,0.0
2025/11/24,19:58:47,0,54.0,187.0,261.0,251.0,26.0,204.0,5.0,3.0,0.0,0.0,0.0,0.0
2025/11/24,19:58:52,0,54.0,199.0,264.0,251.0,10.0,203.0,2.0,0.0,0.0,0.0,0.0,0.0
2025/11/24,19:58:57,0,54.0,202.0,264.0,251.0,22.0,204.0,5.0,3.0,0.0,0.0,0.0,0.0
2025/11/24,19:59:02,0,55.0,194.0,263.0,251.0,19.0,204.0,3.0,3.0,0.0,0.0,0.0,0.0
2025/11/24,19:59:07,0,55.0,214.0,264.0,251.0,12.0,201.0,3.0,2.0,0.0,0.0,0.0,0.0
2025/11/24,19:59:12,0,55.0,201.0,262.0,251.0,21.0,203.0,4.0,3.0,0.0,0.0,0.0,0.0
2025/11/24,19:59:17,0,55.0,216.0,262.0,252.0,15.0,203.0,4.0,2.0,0.0,0.0,0.0,0.0
2025/11/24,19:59:22,0,55.0,197.0,262.0,251.0,23.0,203.0,4.0,2.0,0.0,0.0,0.0,0.0
2025/11/24,19:59:27,0,57.0,212.0,265.0,252.0,14.0,204.0,3.0,1.0,0.0,0.0,0.0,0.0
2025/11/24,19:59:32,0,54.0,197.0,263.0,254.0,23.0,203.0,4.0,3.0,0.0,0.0,0.0,0.0
2025/11/24,19:59:37,0,55.0,217.0,265.0,251.0,14.0,203.0,4.0,2.0,0.0,0.0,0.0,0.0
2025/11/24,19:59:42,0,56.0,199.0,263.0,249.0,22.0,202.0,4.0,3.0,0.0,0.0,0.0,0.0
2025/11/24,19:59:47,0,56.0,222.0,264.0,252.0,14.0,204.0,4.0,1.0,0.0,0.0,0.0,0.0
2025/11/24,19:59:52,0,54.0,199.0,261.0,252.0,23.0,204.0,4.0,3.0,0.0,0.0,0.0,0.0
2025/11/24,19:59:57,0,55.0,216.0,265.0,252.0,13.0,204.0,3.0,2.0,0.0,0.0,0.0,0.0
2025/11/24,20:00:33,0,57.0,201.0,264.0,250.0,14.0,203.0,4.0,2.0,0.0,0.0,0.0,0.0
2025/11/24,20:00:37,0,56.0,194.0,262.0,250.0,21.0,203.0,3.0,2.0,0.0,0.0,0.0,0.0
2025/11/24,20:00:42,0,55.0,215.0,265.0,252.0,13.0,205.0,3.0,1.0,0.0,0.0,0.0,0.0
2025/11/24,20:00:47,0,57.0,200.0,261.0,251.0,22.0,203.0,4.0,2.0,0.0,0.0,0.0,0.0
2025/11/24,20:00:52,0,56.0,218.0,266.0,252.0,13.0,203.0,4.0,2.0,0.0,0.0,0.0,0.0
2025/11/24,20:00:57,0,54.0,199.0,262.0,252.0,23.0,203.0,4.0,2.0,0.0,0.0,0.0,0.0
2025/11/24,20:01:02,0,55.0,218.0,267.0,251.0,14.0,204.0,3.0,2.0,0.0,0.0,0.0,0.0
2025/11/24,20:01:07,0,58.0,197.0,262.0,252.0,24.0,204.0,3.0,3.0,0.0,0.0,0.0,0.0
2025/11/24,20:01:12,0,57.0,201.0,262.0,252.0,11.0,203.0,2.0,1.0,0.0,0.0,0.0,0.0
2025/11/24,20:01:17,0,55.0,190.0,262.0,251.0,27.0,203.0,6.0,5.0,0.0,0.0,0.0,0.0
2025/11/24,20:01:22,0,57.0,200.0,263.0,251.0,11.0,204.0,2.0,1.0,0.0,0.0,0.0,-0.0008
2025/11/24,20:01:27,0,57.0,206.0,262.0,251.0,19.0,204.0,4.0,2.0,0.0,0.0,0.0,0.0
2025/11/24,20:01:32,0,56.0,201.0,262.0,253.0,22.0,202.0,4.0,2.0,0.0,0.0,0.0,0.0
2025/11/24,20:01:37,0,55.0,207.0,265.0,252.0,10.0,204.0,3.0,2.0,0.0,0.0,0.0,0.0
2025/11/24,20:01:42,0,56.0,190.0,262.0,252.0,26.0,204.0,5.0,4.0,0.0,0.0,0.0,0.0
2025/11/24,20:01:47,0,55.0,208.0,265.0,252.0,13.0,204.0,3.0,2.0,0.0,0.0,0.0,0.0
2025/11/24,20:01:52,0,57.0,200.0,263.0,250.0,10.0,203.0,2.0,1.0,0.0,0.0,0.0,0.0
2025/11/24,20:01:57,0,54.0,198.0,263.0,250.0,12.0,203.0,2.0,1.0,0.0,0.0,0.0,0.0
2025/11/24,20:02:02,0,58.0,197.0,263.0,252.0,17.0,203.0,2.0,2.0,0.0,0.0,0.0,0.0
2025/11/24,20:02:07,0,58.0,199.0,262.0,251.0,22.0,202.0,3.0,3.0,0.0,0.0,0.0,0.0
2025/11/24,20:02:12,0,55.0,195.0,262.0,251.0,19.0,204.0,3.0,3.0,0.0,0.0,0.0,0.0
2025/11/24,20:02:17,0,54.0,199.0,263.0,251.0,15.0,204.0,1.0,1.0,0.0,0.0,0.0,0.0
2025/11/24,20:02:22,0,57.0,207.0,265.0,252.0,20.0,203.0,5.0,1.0,0.0,0.0,0.0,0.0
2025/11/24,20:02:27,0,58.0,199.0,265.0,251.0,10.0,203.0,1.0,1.0,0.0,0.0,0.0,0.0
2025/11/24,20:02:32,0,57.0,192.0,261.0,251.0,26.0,203.0,5.0,3.0,0.0,0.0,0.0,0.0
2025/11/24,20:03:19,0,56.0,201.0,263.0,252.0,14.0,204.0,3.0,2.0,0.0,0.0,0.0,0.0
2025/11/24,20:03:21,0,57.0,198.0,263.0,251.0,23.0,204.0,7.0,3.0,0.0,0.0,0.0,0.0
2025/11/24,20:03:26,0,54.0,209.0,262.0,252.0,13.0,204.0,3.0,2.0,0.0,0.0,0.0,0.0
2025/11/24,20:03:31,0,54.0,201.0,262.0,251.0,22.0,204.0,4.0,3.0,0.0,0.0,0.0,0.0
2025/11/24,20:03:36,0,54.0,221.0,266.0,253.0,12.0,203.0,4.0,1.0,0.0,0.0,0.0,0.0
2025/11/24,20:03:41,0,56.0,201.0,262.0,250.0,22.0,204.0,4.0,3.0,0.0,0.0,0.0,0.0
2025/11/24,20:03:46,0,57.0,217.0,266.0,249.0,12.0,202.0,4.0,1.0,0.0,0.0,0.0,0.0
2025/11/24,20:03:51,0,57.0,194.0,263.0,252.0,24.0,204.0,4.0,3.0,0.0,0.0,0.0,0.0
2025/11/24,20:03:56,0,55.0,207.0,262.0,252.0,14.0,203.0,3.0,2.0,0.0,0.0,0.0,0.0
2025/11/24,20:04:01,0,54.0,189.0,261.0,252.0,26.0,203.0,4.0,3.0,0.0,0.0,0.0,0.0
2025/11/24,20:04:06,0,56.0,205.0,265.0,252.0,11.0,203.0,3.0,1.0,0.0,0.0,0.0,0.0
2025/11/24,20:04:11,0,56.0,190.0,261.0,252.0,25.0,205.0,5.0,3.0,0.0,0.0,0.0,-0.0008
2025/11/24,20:04:16,0,53.0,198.0,263.0,251.0,13.0,204.0,1.0,1.0,0.0,0.0,0.0,0.0
2025/11/24,20:04:21,0,55.0,212.0,263.0,252.0,17.0,204.0,3.0,1.0,0.0,0.0,0.0,0.0
2025/11/24,20:04:26,0,55.0,198.0,263.0,251.0,22.0,202.0,4.0,1.0,0.0,0.0,0.0,0.0
2025/11/24,20:04:31,0,55.0,209.0,266.0,252.0,12.0,204.0,3.0,2.0,0.0,0.0,0.0,0.0
2025/11/24,20:04:36,0,55.0,190.0,263.0,251.0,23.0,202.0,5.0,3.0,0.0,0.0,0.0,0.0
2025/11/24,20:04:41,0,55.0,204.0,266.0,252.0,10.0,204.0,3.0,1.0,0.0,0.0,0.0,0.0
2025/11/24,20:04:46,0,54.0,188.0,262.0,252.0,25.0,204.0,6.0,4.0,0.0,0.0,0.0,0.0
2025/11/24,20:04:51,0,56.0,199.0,265.0,251.0,8.0,203.0,1.0,1.0,0.0,0.0,0.0,0.0
2025/11/24,20:04:56,0,53.0,196.0,264.0,251.0,27.0,202.0,7.0,3.0,0.0,0.0,0.0,0.0
2025/11/24,20:05:01,0,56.0,199.0,263.0,251.0,15.0,204.0,1.0,1.0,0.0,0.0,0.0,0.0
2025/11/24,20:05:06,0,52.0,204.0,264.0,252.0,20.0,204.0,5.0,3.0,0.0,0.0,0.0,0.0
2025/11/24,20:05:11,0,55.0,199.0,264.0,252.0,13.0,204.0,2.0,1.0,0.0,0.0,0.0,0.0
2025/11/24,20:05:16,0,54.0,205.0,262.0,252.0,19.0,204.0,5.0,3.0,0.0,0.0,0.0,0.0
2025/11/24,20:05:21,0,55.0,197.0,263.0,252.0,13.0,204.0,1.0,1.0,0.0,0.0,0.0,0.0
2025/11/24,20:05:26,0,56.0,201.0,264.0,251.0,26.0,203.0,5.0,3.0,0.0,0.0,0.0,0.0
2025/11/24,20:05:31,0,52.0,197.0,264.0,251.0,12.0,202.0,2.0,0.0,0.0,0.0,0.0,0.0
2025/11/24,20:05:36,0,54.0,197.0,262.0,252.0,22.0,203.0,5.0,4.0,0.0,0.0,0.0,-0.0008
2025/11/24,20:05:41,0,53.0,198.0,262.0,252.0,12.0,204.0,1.0,1.0,0.0,0.0,0.0,0.0
2025/11/24,20:05:46,0,57.0,200.0,263.0,252.0,27.0,204.0,6.0,4.0,0.0,0.0,0.0,0.0
2025/11/24,20:05:51,0,56.0,197.0,264.0,252.0,13.0,203.0,2.0,2.0,0.0,0.0,0.0,0.0
2025/11/24,20:05:56,0,55.0,197.0,260.0,252.0,27.0,204.0,6.0,4.0,0.0,0.0,0.0,0.0
2025/11/24,20:06:01,0,56.0,193.0,263.0,252.0,19.0,203.0,4.0,2.0,0.0,0.0,0.0,0.0
2025/11/24,20:06:06,0,53.0,220.0,266.0,252.0,13.0,204.0,4.0,2.0,0.0,0.0,0.0,0.0
2025/11/24,20:06:11,0,55.0,195.0,261.0,252.0,22.0,204.0,3.0,3.0,0.0,0.0,0.0,0.0
2025/11/24,20:06:16,0,56.0,214.0,266.0,252.0,12.0,203.0,4.0,1.0,0.0,0.0,0.0,0.0
2025/11/24,20:06:21,0,53.0,194.0,264.0,252.0,20.0,203.0,4.0,3.0,0.0,0.0,0.0,0.0
2025/11/24,20:06:26,0,57.0,204.0,264.0,251.0,20.0,204.0,5.0,3.0,0.0,0.0,0.0,0.0
2025/11/24,20:06:31,0,54.0,197.0,265.0,252.0,11.0,203.0,1.0,0.0,0.0,0.0,0.0,-0.0008
2025/11/24,20:06:36,0,54.0,193.0,261.0,252.0,25.0,204.0,4.0,3.0,0.0,0.0,0.0,0.0
2025/11/24,20:06:41,0,56.0,215.0,263.0,252.0,12.0,203.0,3.0,2.0,0.0,0.0,0.0,0.0
2025/11/24,20:06:46,0,57.0,195.0,262.0,252.0,18.0,203.0,3.0,2.0,0.0,0.0,0.0,0.0
2025/11/24,20:06:51,0,55.0,213.0,265.0,251.0,13.0,209.0,4.0,1.0,0.0,0.0,0.0,0.0
2025/11/24,20:06:56,0,57.0,194.0,262.0,250.0,20.0,202.0,4.0,3.0,0.0,0.0,0.0,0.0
2025/11/24,20:07:01,0,57.0,221.0,266.0,253.0,11.0,203.0,4.0,1.0,0.0,0.0,0.0,0.0
2025/11/24,20:07:06,0,57.0,198.0,262.0,252.0,21.0,204.0,4.0,2.0,0.0,0.0,0.0,0.0
2025/11/24,20:07:11,0,57.0,209.0,268.0,252.0,11.0,203.0,4.0,2.0,0.0,0.0,0.0,0.0
2025/11/24,20:07:16,0,57.0,194.0,261.0,252.0,22.0,203.0,4.0,3.0,0.0,0.0,0.0,0.0
2025/11/24,20:07:21,0,56.0,211.0,265.0,251.0,13.0,204.0,3.0,2.0,0.0,0.0,0.0,0.0
2025/11/24,20:07:26,0,56.0,196.0,262.0,251.0,22.0,203.0,4.0,3.0,0.0,0.0,0.0,0.0
2025/11/24,20:07:31,0,55.0,210.0,265.0,251.0,12.0,203.0,4.0,1.0,0.0,0.0,0.0,0.0
2025/11/24,20:07:36,0,56.0,190.0,263.0,251.0,23.0,204.0,4.0,3.0,0.0,0.0,0.0,0.0
2025/11/24,20:07:41,0,59.0,198.0,262.0,252.0,11.0,204.0,1.0,1.0,0.0,0.0,0.0,0.0
2025/11/24,20:07:46,0,51.0,219.0,266.0,252.0,15.0,202.0,4.0,1.0,0.0,0.0,0.0,0.0
2025/11/24,20:07:51,0,57.0,193.0,262.0,252.0,30.0,203.0,7.0,4.0,0.0,0.0,0.0,-0.0008
2025/11/24,20:07:56,0,56.0,196.0,262.0,250.0,22.0,203.0,4.0,3.0,0.0,0.0,0.0,0.0
2025/11/24,20:08:01,0,57.0,196.0,263.0,250.0,22.0,202.0,4.0,3.0,0.0,0.0,0.0,0.0
2025/11/24,20:08:06,0,56.0,194.0,263.0,252.0,16.0,202.0,3.0,2.0,0.0,0.0,0.0,0.0
2025/11/24,20:08:11,0,52.0,196.0,264.0,251.0,14.0,204.0,2.0,2.0,0.0,0.0,0.0,0.0
2025/11/24,20:08:16,0,57.0,193.0,261.0,251.0,20.0,203.0,3.0,3.0,0.0,0.0,0.0,0.0
2025/11/24,20:08:21,0,55.0,196.0,261.0,252.0,22.0,204.0,3.0,3.0,0.0,0.0,0.0,0.0
2025/11/24,20:08:26,0,53.0,200.0,263.0,251.0,21.0,204.0,5.0,3.0,0.0,0.0,0.0,0.0
2025/11/24,20:08:31,0,55.0,207.0,266.0,252.0,11.0,204.0,3.0,2.0,0.0,0.0,0.0,0.0
2025/11/24,20:08:36,0,55.0,191.0,262.0,252.0,18.0,204.0,3.0,3.0,0.0,0.0,0.0,0.0
2025/11/24,20:08:41,0,56.0,189.0,263.0,253.0,23.0,203.0,5.0,3.0,0.0,0.0,0.0,0.0
2025/11/24,20:08:46,0,56.0,214.0,265.0,252.0,12.0,203.0,4.0,1.0,0.0,0.0,0.0,0.0
2025/11/24,20:08:51,0,54.0,210.0,265.0,252.0,14.0,204.0,3.0,2.0,0.0,0.0,0.0,0.0
2025/11/24,20:08:56,0,56.0,200.0,266.0,250.0,10.0,203.0,3.0,1.0,0.0,0.0,0.0,0.0
2025/11/24,20:09:01,0,56.0,198.0,263.0,252.0,13.0,204.0,2.0,1.0,0.0,0.0,0.0,0.0
2025/11/24,20:09:06,0,56.0,194.0,260.0,252.0,21.0,203.0,4.0,3.0,0.0,0.0,0.0,0.0
2025/11/24,20:09:11,0,56.0,194.0,263.0,251.0,21.0,203.0,4.0,3.0,0.0,0.0,0.0,0.0
2025/11/24,20:09:16,0,55.0,197.0,264.0,252.0,24.0,204.0,5.0,4.0,0.0,0.0,0.0,0.0
2025/11/24,20:09:21,0,56.0,211.0,265.0,252.0,12.0,204.0,3.0,2.0,0.0,0.0,0.0,-0.0008
2025/11/24,20:09:26,0,56.0,197.0,262.0,251.0,21.0,202.0,4.0,1.0,0.0,0.0,0.0,0.0
2025/11/24,20:09:31,0,57.0,217.0,264.0,251.0,14.0,204.0,4.0,1.0,0.0,0.0,0.0,0.0
2025/11/24,20:09:36,0,56.0,198.0,263.0,252.0,21.0,204.0,3.0,3.0,0.0,0.0,0.0,0.0
2025/11/24,20:09:41,0,54.0,221.0,266.0,250.0,14.0,202.0,4.0,1.0,0.0,0.0,0.0,-0.0008
2025/11/24,20:09:46,0,57.0,200.0,262.0,251.0,23.0,204.0,4.0,3.0,0.0,0.0,0.0,0.0
2025/11/24,20:09:51,0,58.0,214.0,264.0,251.0,12.0,203.0,3.0,2.0,0.0,0.0,0.0,0.0
2025/11/24,20:09:56,0,56.0,195.0,263.0,251.0,18.0,202.0,3.0,2.0,0.0,0.0,0.0,0.0
2025/11/24,20:10:01,0,58.0,208.0,264.0,251.0,17.0,202.0,4.0,2.0,0.0,0.0,0.0,0.0
2025/11/24,20:10:06,0,57.0,195.0,263.0,252.0,22.0,204.0,3.0,3.0,0.0,0.0,0.0,0.0
2025/11/24,20:10:11,0,60.0,219.0,265.0,252.0,13.0,204.0,4.0,2.0,0.0,0.0,0.0,0.0
2025/11/24,20:10:16,0,55.0,198.0,263.0,252.0,23.0,204.0,3.0,3.0,0.0,0.0,0.0,0.0
2025/11/24,20:10:21,0,57.0,216.0,265.0,250.0,13.0,203.0,3.0,1.0,0.0,0.0,0.0,0.0
2025/11/24,20:10:26,0,55.0,201.0,262.0,251.0,22.0,203.0,4.0,3.0,0.0,0.0,0.0,0.0
2025/11/24,20:10:31,0,54.0,218.0,264.0,252.0,14.0,204.0,4.0,2.0,0.0,0.0,0.0,0.0
2025/11/24,20:10:36,0,54.0,194.0,263.0,251.0,24.0,203.0,4.0,3.0,0.0,0.0,0.0,0.0
2025/11/24,20:10:41,0,54.0,206.0,264.0,252.0,12.0,204.0,3.0,1.0,0.0,0.0,0.0,0.0
2025/11/24,20:10:46,0,51.0,190.0,263.0,251.0,27.0,204.0,6.0,4.0,0.0,0.0,0.0,0.0
2025/11/24,20:10:51,0,51.0,197.0,265.0,250.0,15.0,202.0,2.0,2.0,0.0,0.0,0.0,0.0
2025/11/24,20:10:56,0,54.0,213.0,264.0,252.0,13.0,204.0,3.0,2.0,0.0,0.0,0.0,0.0
2025/11/24,20:11:01,0,53.0,195.0,262.0,251.0,23.0,204.0,4.0,3.0,0.0,0.0,0.0,0.0
2025/11/24,20:11:06,0,52.0,198.0,265.0,252.0,9.0,202.0,1.0,0.0,0.0,0.0,0.0,0.0
2025/11/24,20:11:11,0,55.0,215.0,266.0,251.0,17.0,203.0,4.0,2.0,0.0,0.0,0.0,0.0
2025/11/24,20:11:16,0,54.0,193.0,262.0,252.0,24.0,204.0,4.0,3.0,0.0,0.0,0.0,0.0
2025/11/24,20:11:21,0,54.0,198.0,262.0,252.0,12.0,204.0,2.0,1.0,0.0,0.0,0.0,0.0
2025/11/24,20:11:26,0,54.0,216.0,265.0,252.0,14.0,203.0,3.0,2.0,0.0,0.0,0.0,0.0
2025/11/24,20:11:31,0,52.0,198.0,264.0,250.0,25.0,202.0,6.0,3.0,0.0,0.0,0.0,0.0
2025/11/24,20:11:36,0,54.0,195.0,262.0,251.0,22.0,203.0,4.0,3.0,0.0,0.0,0.0,0.0
2025/11/24,20:11:41,0,55.0,196.0,264.0,252.0,15.0,204.0,2.0,2.0,0.0,0.0,0.0,0.0
2025/11/24,20:11:46,0,54.0,208.0,265.0,252.0,13.0,204.0,4.0,2.0,0.0,0.0,0.0,0.0
2025/11/24,20:11:51,0,54.0,205.0,264.0,252.0,21.0,204.0,5.0,2.0,0.0,0.0,0.0,0.0
2025/11/24,20:11:56,0,53.0,196.0,262.0,252.0,21.0,203.0,4.0,3.0,0.0,0.0,0.0,0.0
2025/11/24,20:12:01,0,55.0,198.0,264.0,251.0,15.0,204.0,1.0,1.0,0.0,0.0,0.0,0.0
2025/11/24,20:12:06,0,53.0,218.0,263.0,252.0,16.0,203.0,3.0,2.0,0.0,0.0,0.0,0.0
2025/11/24,20:12:11,0,53.0,188.0,263.0,251.0,25.0,202.0,6.0,3.0,0.0,0.0,0.0,0.0
2025/11/24,20:12:16,0,54.0,197.0,264.0,251.0,15.0,202.0,3.0,1.0,0.0,0.0,0.0,0.0
2025/11/24,20:12:21,0,53.0,206.0,266.0,253.0,21.0,203.0,5.0,3.0,0.0,0.0,0.0,0.0
2025/11/24,20:12:26,0,56.0,199.0,264.0,251.0,13.0,203.0,2.0,1.0,0.0,0.0,0.0,0.0
2025/11/24,20:12:31,0,60.0,193.0,264.0,252.0,25.0,203.0,6.0,4.0,0.0,0.0,0.0,0.0
2025/11/24,20:12:36,0,53.0,199.0,265.0,252.0,9.0,204.0,1.0,0.0,0.0,0.0,0.0,0.0
2025/11/24,20:12:41,0,53.0,201.0,264.0,252.0,29.0,203.0,5.0,3.0,0.0,0.0,0.0,0.0
2025/11/24,20:13:37,0,55.0,213.0,265.0,252.0,10.0,203.0,4.0,3.0,0.0,0.0,0.0,0.0
2025/11/24,20:13:41,0,55.0,197.0,260.0,252.0,22.0,203.0,4.0,3.0,0.0,0.0,0.0,0.0
2025/11/24,20:13:46,0,54.0,206.0,265.0,252.0,12.0,204.0,3.0,2.0,0.0,0.0,0.0,0.0
2025/11/24,20:13:51,0,55.0,188.0,263.0,252.0,25.0,203.0,4.0,4.0,0.0,0.0,0.0,0.0
2025/11/24,20:13:56,0,56.0,197.0,265.0,252.0,12.0,203.0,2.0,1.0,0.0,0.0,0.0,0.0
2025/11/24,20:14:01,0,57.0,205.0,265.0,252.0,19.0,204.0,4.0,3.0,0.0,0.0,0.0,0.0
2025/11/24,20:14:06,0,56.0,192.0,264.0,252.0,22.0,203.0,4.0,2.0,0.0,0.0,0.0,0.0
2025/11/24,20:14:11,0,56.0,218.0,266.0,251.0,13.0,204.0,3.0,2.0,0.0,0.0,0.0,0.0
2025/11/24,20:14:16,0,54.0,195.0,262.0,251.0,24.0,204.0,4.0,3.0,0.0,0.0,0.0,0.0
2025/11/24,20:14:21,0,55.0,203.0,263.0,252.0,11.0,204.0,2.0,1.0,0.0,-0.0008,0.0,0.0
2025/11/24,20:14:26,0,56.0,195.0,264.0,251.0,27.0,204.0,5.0,4.0,0.0,0.0,0.0,0.0
2025/11/24,20:14:31,0,56.0,197.0,264.0,251.0,19.0,204.0,3.0,2.0,0.0,0.0,0.0,0.0
2025/11/24,20:14:36,0,53.0,220.0,267.0,252.0,12.0,203.0,4.0,2.0,0.0,0.0,0.0,0.0
2025/11/24,20:14:41,0,56.0,194.0,263.0,251.0,25.0,204.0,4.0,3.0,0.0,0.0,0.0,0.0
2025/11/24,20:14:46,0,58.0,199.0,265.0,249.0,8.0,204.0,1.0,0.0,0.0,0.0,0.0,0.0
2025/11/24,20:14:51,0,52.0,212.0,264.0,252.0,18.0,204.0,4.0,2.0,0.0,0.0,0.0,-0.0008
2025/11/24,20:14:56,0,56.0,194.0,263.0,251.0,24.0,205.0,4.0,3.0,0.0,0.0,0.0,0.0
2025/11/24,20:15:01,0,56.0,199.0,264.0,251.0,14.0,204.0,2.0,1.0,0.0,0.0,0.0,0.0
2025/11/24,20:15:06,0,55.0,220.0,266.0,251.0,12.0,204.0,3.0,2.0,0.0,0.0,0.0,0.0
2025/11/24,20:15:11,0,56.0,188.0,264.0,250.0,25.0,201.0,4.0,3.0,0.0,0.0,0.0,0.0
2025/11/24,20:15:16,0,55.0,197.0,264.0,251.0,18.0,204.0,3.0,2.0,0.0,0.0,0.0,0.0
2025/11/24,20:15:21,0,57.0,218.0,266.0,251.0,13.0,204.0,3.0,1.0,0.0,0.0,0.0,0.0
2025/11/24,20:15:26,0,56.0,188.0,263.0,252.0,25.0,204.0,5.0,3.0,0.0,0.0,0.0,0.0
2025/11/24,20:15:31,0,53.0,197.0,265.0,252.0,12.0,203.0,2.0,1.0,0.0,0.0,0.0,0.0
2025/11/24,20:15:36,0,56.0,212.0,265.0,251.0,14.0,203.0,4.0,1.0,0.0,0.0,0.0,0.0
2025/11/24,20:15:41,0,55.0,197.0,263.0,252.0,22.0,204.0,3.0,3.0,0.0,0.0,0.0,0.0
2025/11/24,20:15:46,0,57.0,203.0,264.0,251.0,12.0,203.0,2.0,1.0,0.0,0.0,0.0,0.0
2025/11/24,20:15:51,0,54.0,185.0,264.0,251.0,28.0,203.0,5.0,4.0,0.0,0.0,0.0,0.0
2025/11/24,20:15:56,0,52.0,197.0,265.0,251.0,10.0,204.0,1.0,1.0,0.0,0.0,0.0,-0.0008
2025/11/24,20:16:01,0,53.0,197.0,262.0,252.0,30.0,202.0,6.0,3.0,0.0,0.0,0.0,0.0
2025/11/24,20:16:06,0,53.0,197.0,266.0,251.0,8.0,203.0,2.0,1.0,0.0,0.0,0.0,0.0
2025/11/24,20:16:11,0,56.0,186.0,264.0,252.0,27.0,203.0,6.0,4.0,0.0,0.0,0.0,0.0
2025/11/24,20:16:16,0,55.0,201.0,267.0,251.0,12.0,202.0,4.0,1.0,0.0,0.0,0.0,0.0
2025/11/24,20:16:21,0,55.0,188.0,264.0,249.0,24.0,202.0,5.0,3.0,0.0,0.0,0.0,0.0
2025/11/24,20:16:26,0,56.0,200.0,266.0,251.0,13.0,203.0,3.0,1.0,0.0,0.0,0.0,0.0
2025/11/24,20:16:31,0,57.0,190.0,263.0,249.0,24.0,202.0,4.0,3.0,0.0,0.0,0.0,-0.0008
2025/11/24,20:16:36,0,54.0,208.0,267.0,251.0,12.0,204.0,3.0,2.0,0.0,0.0,0.0,0.0
2025/11/24,20:16:41,0,55.0,196.0,265.0,249.0,21.0,203.0,4.0,3.0,0.0,0.0,0.0,0.0
2025/11/24,20:16:46,0,55.0,215.0,267.0,251.0,15.0,202.0,4.0,1.0,0.0,0.0,0.0,0.0
2025/11/24,20:16:51,0,55.0,198.0,266.0,250.0,17.0,203.0,3.0,1.0,0.0,0.0,0.0,0.0
2025/11/24,20:16:56,0,54.0,186.0,264.0,251.0,27.0,203.0,5.0,4.0,0.0,0.0,0.0,0.0
2025/11/24,20:17:01,0,55.0,212.0,268.0,250.0,13.0,202.0,4.0,1.0,0.0,0.0,0.0,0.0
2025/11/24,20:17:06,0,55.0,191.0,264.0,251.0,21.0,204.0,4.0,3.0,0.0,0.0,0.0,0.0
2025/11/24,20:17:11,0,56.0,202.0,266.0,252.0,25.0,204.0,5.0,3.0,0.0,0.0,0.0,0.0
2025/11/24,20:17:16,0,55.0,198.0,267.0,252.0,8.0,204.0,1.0,0.0,0.0,0.0,0.0,0.0
2025/11/24,20:17:21,0,56.0,193.0,265.0,250.0,26.0,203.0,4.0,3.0,0.0,0.0,0.0,0.0
2025/11/24,20:17:26,0,56.0,212.0,266.0,252.0,15.0,202.0,4.0,2.0,0.0,0.0,0.0,0.0
2025/11/24,20:17:31,0,52.0,199.0,264.0,252.0,22.0,202.0,4.0,3.0,0.0,0.0,0.0,0.0
2025/11/24,20:17:36,0,54.0,207.0,265.0,252.0,18.0,204.0,4.0,3.0,0.0,0.0,0.0,0.0
2025/11/24,20:17:41,0,53.0,197.0,267.0,249.0,8.0,203.0,2.0,1.0,0.0,0.0,0.0,0.0
2025/11/24,20:17:46,0,55.0,184.0,264.0,252.0,28.0,204.0,5.0,5.0,0.0,0.0,0.0,0.0
2025/11/24,20:17:51,0,56.0,204.0,267.0,251.0,13.0,204.0,3.0,2.0,0.0,0.0,0.0,0.0
2025/11/24,20:17:56,0,54.0,192.0,265.0,250.0,22.0,202.0,4.0,2.0,-0.0008,0.0,0.0,0.0
2025/11/24,20:18:01,0,56.0,209.0,266.0,252.0,14.0,204.0,4.0,2.0,0.0,0.0,0.0,0.0
2025/11/24,20:18:06,0,54.0,191.0,264.0,252.0,22.0,203.0,5.0,3.0,0.0,0.0,0.0,0.0
2025/11/24,20:18:11,0,55.0,202.0,265.0,251.0,12.0,203.0,1.0,1.0,0.0,0.0,0.0,0.0
2025/11/24,20:18:16,0,55.0,191.0,264.0,252.0,31.0,203.0,7.0,4.0,0.0,0.0,0.0,0.0
2025/11/24,20:18:21,0,53.0,198.0,267.0,252.0,10.0,203.0,2.0,2.0,0.0,0.0,0.0,0.0
2025/11/24,20:18:26,0,52.0,205.0,268.0,252.0,19.0,203.0,5.0,2.0,0.0,0.0,0.0,0.0
2025/11/24,20:18:31,0,53.0,195.0,265.0,252.0,20.0,203.0,4.0,2.0,0.0,0.0,0.0,0.0
2025/11/24,20:18:36,0,54.0,221.0,268.0,252.0,14.0,203.0,4.0,2.0,0.0,0.0,0.0,-0.0008
2025/11/24,20:18:41,0,54.0,197.0,264.0,251.0,23.0,204.0,4.0,3.0,0.0,0.0,0.0,0.0
2025/11/24,20:18:46,0,54.0,216.0,267.0,250.0,13.0,203.0,4.0,2.0,0.0,0.0,0.0,0.0
2025/11/24,20:18:51,0,53.0,193.0,265.0,252.0,23.0,204.0,4.0,3.0,0.0,0.0,0.0,0.0
2025/11/24,20:18:56,0,55.0,203.0,268.0,252.0,11.0,202.0,3.0,1.0,0.0,0.0,0.0,0.0
2025/11/24,20:19:01,0,55.0,186.0,263.0,252.0,26.0,203.0,7.0,3.0,0.0,0.0,0.0,0.0
2025/11/24,20:19:06,0,58.0,198.0,268.0,252.0,8.0,203.0,2.0,1.0,0.0,0.0,0.0,0.0
2025/11/24,20:19:11,0,57.0,194.0,267.0,252.0,25.0,203.0,6.0,4.0,0.0,0.0,0.0,0.0
2025/11/24,20:19:16,0,58.0,198.0,268.0,253.0,11.0,203.0,2.0,1.0,0.0,0.0,0.0,0.0
2025/11/24,20:19:21,0,55.0,206.0,267.0,251.0,22.0,204.0,5.0,3.0,0.0,0.0,0.0,0.0
2025/11/24,20:19:26,0,54.0,196.0,264.0,251.0,20.0,203.0,3.0,3.0,0.0,0.0,0.0,0.0
2025/11/24,20:19:31,0,51.0,216.0,268.0,252.0,16.0,204.0,4.0,1.0,0.0,0.0,0.0,0.0
2025/11/24,20:19:36,0,53.0,199.0,263.0,252.0,23.0,203.0,5.0,3.0,0.0,0.0,0.0,0.0
2025/11/24,20:19:41,0,52.0,220.0,268.0,251.0,12.0,204.0,3.0,2.0,0.0,0.0,0.0,0.0
2025/11/24,20:19:46,0,53.0,192.0,265.0,251.0,22.0,202.0,4.0,3.0,0.0,0.0,0.0,0.0
2025/11/24,20:19:51,0,56.0,211.0,269.0,252.0,15.0,203.0,4.0,2.0,0.0,0.0,0.0,0.0
2025/11/24,20:19:56,0,54.0,192.0,263.0,252.0,24.0,204.0,3.0,3.0,0.0,0.0,0.0,0.0
2025/11/24,20:20:01,0,55.0,216.0,268.0,252.0,11.0,202.0,4.0,0.0,0.0,0.0,0.0,0.0
2025/11/24,20:20:06,0,55.0,195.0,265.0,253.0,23.0,202.0,5.0,3.0,0.0,0.0,0.0,0.0
2025/11/24,20:20:11,0,54.0,217.0,268.0,250.0,13.0,202.0,4.0,1.0,0.0,0.0,0.0,0.0
2025/11/24,20:20:16,0,56.0,198.0,262.0,251.0,24.0,203.0,3.0,3.0,0.0,0.0,0.0,0.0
2025/11/24,20:20:21,0,55.0,214.0,268.0,251.0,14.0,203.0,5.0,1.0,0.0,0.0,0.0,0.0
2025/11/24,20:20:26,0,56.0,192.0,266.0,252.0,24.0,203.0,5.0,3.0,0.0,0.0,0.0,0.0
2025/11/24,20:20:31,0,53.0,198.0,268.0,252.0,6.0,202.0,2.0,1.0,0.0,0.0,0.0,0.0
2025/11/24,20:20:36,0,59.0,209.0,265.0,252.0,18.0,203.0,4.0,2.0,0.0,0.0,0.0,-0.0008
2025/11/24,20:20:41,0,55.0,199.0,265.0,252.0,19.0,204.0,3.0,3.0,0.0,0.0,0.0,0.0
2025/11/24,20:20:46,0,54.0,205.0,267.0,252.0,13.0,203.0,3.0,2.0,0.0,0.0,0.0,0.0
2025/11/24,20:20:51,0,53.0,190.0,265.0,251.0,24.0,203.0,5.0,2.0,0.0,0.0,0.0,0.0
2025/11/24,20:20:56,0,53.0,199.0,267.0,251.0,9.0,204.0,1.0,0.0,0.0,0.0,0.0,0.0
2025/11/24,20:21:01,0,55.0,200.0,267.0,252.0,30.0,204.0,5.0,3.0,0.0,0.0,0.0,0.0
2025/11/24,20:21:06,0,50.0,196.0,267.0,253.0,15.0,203.0,3.0,2.0,0.0,0.0,0.0,0.0
2025/11/24,20:21:11,0,52.0,215.0,268.0,251.0,15.0,202.0,4.0,1.0,0.0,0.0,0.0,-0.0008
2025/11/24,20:21:16,0,54.0,195.0,264.0,252.0,20.0,203.0,3.0,3.0,0.0,0.0,0.0,0.0
2025/11/24,20:21:21,0,54.0,202.0,268.0,251.0,13.0,202.0,4.0,1.0,0.0,0.0,0.0,0.0
2025/11/24,20:21:26,0,55.0,193.0,266.0,252.0,26.0,203.0,6.0,3.0,0.0,0.0,0.0,0.0
2025/11/24,20:21:31,0,58.0,198.0,267.0,251.0,12.0,204.0,2.0,2.0,0.0,0.0,0.0,0.0
2025/11/24,20:21:36,0,55.0,210.0,267.0,251.0,15.0,202.0,4.0,2.0,0.0,0.0,0.0,0.0
2025/11/24,20:21:41,0,56.0,199.0,264.0,251.0,20.0,204.0,4.0,3.0,0.0,0.0,0.0,0.0
2025/11/24,20:21:46,0,55.0,215.0,268.0,252.0,14.0,203.0,4.0,2.0,0.0,0.0,0.0,0.0
2025/11/24,20:21:51,0,54.0,193.0,266.0,250.0,24.0,202.0,4.0,3.0,0.0,0.0,0.0,0.0
2025/11/24,20:21:56,0,57.0,200.0,268.0,251.0,9.0,202.0,3.0,0.0,0.0,0.0,0.0,0.0
2025/11/24,20:22:01,0,53.0,206.0,267.0,251.0,19.0,204.0,4.0,3.0,0.0,0.0,0.0,0.0
2025/11/24,20:22:06,0,54.0,192.0,265.0,251.0,19.0,202.0,3.0,2.0,0.0,0.0,0.0,0.0
2025/11/24,20:22:11,0,55.0,221.0,266.0,252.0,14.0,203.0,4.0,1.0,0.0,0.0,0.0,0.0
2025/11/24,20:22:16,0,56.0,197.0,263.0,252.0,22.0,203.0,4.0,2.0,0.0,0.0,0.0,0.0
2025/11/24,20:22:21,0,56.0,215.0,268.0,252.0,14.0,204.0,3.0,2.0,0.0,0.0,0.0,0.0
2025/11/24,20:22:26,0,55.0,186.0,265.0,252.0,25.0,202.0,6.0,3.0,0.0,0.0,0.0,0.0
2025/11/24,20:22:31,0,54.0,194.0,266.0,249.0,20.0,202.0,3.0,3.0,0.0,0.0,0.0,0.0
2025/11/24,20:22:36,0,55.0,210.0,268.0,251.0,13.0,204.0,3.0,2.0,0.0,0.0,0.0,0.0
2025/11/24,20:22:41,0,55.0,187.0,265.0,252.0,25.0,204.0,5.0,4.0,0.0,0.0,0.0,-0.0008
2025/11/24,20:22:46,0,56.0,198.0,266.0,252.0,14.0,204.0,2.0,2.0,0.0,0.0,0.0,0.0
2025/11/24,20:22:51,0,57.0,216.0,268.0,252.0,12.0,203.0,3.0,1.0,0.0,0.0,0.0,0.0
2025/11/24,20:23:56,0,56.0,211.0,268.0,252.0,10.0,204.0,5.0,1.0,0.0,0.0,0.0,0.0
2025/11/24,20:24:00,0,55.0,189.0,265.0,251.0,23.0,202.0,5.0,3.0,0.0,0.0,0.0,0.0
2025/11/24,20:24:05,0,56.0,198.0,267.0,252.0,10.0,202.0,2.0,1.0,0.0,0.0,0.0,0.0
2025/11/24,20:24:10,0,54.0,209.0,266.0,251.0,15.0,203.0,5.0,3.0,0.0,0.0,0.0,0.0
2025/11/24,20:24:15,0,58.0,201.0,265.0,252.0,22.0,202.0,4.0,2.0,0.0,0.0,0.0,0.0
2025/11/24,20:24:20,0,57.0,207.0,268.0,251.0,11.0,204.0,3.0,1.0,0.0,0.0,0.0,0.0
2025/11/24,20:24:25,0,57.0,187.0,265.0,252.0,28.0,208.0,5.0,4.0,0.0,0.0,0.0,0.0
2025/11/24,20:24:30,0,57.0,198.0,267.0,250.0,10.0,201.0,2.0,1.0,0.0,0.0,0.0,0.0
2025/11/24,20:24:35,0,55.0,187.0,265.0,251.0,27.0,204.0,5.0,4.0,0.0,0.0,0.0,0.0
2025/11/24,20:24:40,0,59.0,198.0,267.0,251.0,9.0,204.0,1.0,1.0,0.0,0.0,0.0,0.0
2025/11/24,20:24:45,0,55.0,188.0,262.0,251.0,29.0,203.0,6.0,5.0,0.0,0.0,0.0,0.0
2025/11/24,20:24:50,0,55.0,195.0,265.0,252.0,19.0,204.0,1.0,2.0,0.0,0.0,0.0,0.0
2025/11/24,20:24:55,0,56.0,208.0,268.0,249.0,14.0,203.0,4.0,1.0,0.0,0.0,0.0,0.0
2025/11/24,20:25:00,0,56.0,206.0,268.0,252.0,18.0,203.0,5.0,2.0,0.0,0.0,0.0,0.0
2025/11/24,20:25:05,0,54.0,193.0,265.0,251.0,23.0,204.0,4.0,3.0,0.0,0.0,0.0,0.0
2025/11/24,20:25:10,0,54.0,195.0,266.0,252.0,19.0,203.0,3.0,2.0,0.0,0.0,0.0,0.0
2025/11/24,20:25:15,0,56.0,201.0,267.0,252.0,11.0,204.0,2.0,1.0,0.0,0.0,0.0,0.0
2025/11/24,20:25:20,0,54.0,219.0,268.0,251.0,13.0,203.0,4.0,2.0,0.0,0.0,0.0,0.0
2025/11/24,20:25:25,0,54.0,196.0,265.0,251.0,28.0,203.0,6.0,4.0,0.0,0.0,0.0,0.0
2025/11/24,20:25:30,0,54.0,200.0,264.0,251.0,21.0,203.0,4.0,2.0,0.0,0.0,0.0,0.0
2025/11/24,20:25:35,0,55.0,196.0,267.0,251.0,10.0,203.0,1.0,0.0,0.0,0.0,0.0,0.0
2025/11/24,20:25:40,0,56.0,221.0,268.0,252.0,14.0,202.0,4.0,2.0,0.0,0.0,0.0,0.0
2025/11/24,20:25:45,0,54.0,188.0,264.0,252.0,25.0,205.0,5.0,3.0,0.0,0.0,0.0,0.0
2025/11/24,20:25:50,0,52.0,196.0,265.0,251.0,18.0,203.0,3.0,2.0,0.0,0.0,0.0,0.0
2025/11/24,20:25:55,0,55.0,217.0,268.0,250.0,13.0,203.0,4.0,2.0,0.0,0.0,0.0,0.0
2025/11/24,20:26:00,0,53.0,191.0,264.0,251.0,24.0,204.0,4.0,3.0,0.0,0.0,0.0,0.0
2025/11/24,20:26:05,0,55.0,198.0,268.0,252.0,7.0,203.0,2.0,0.0,0.0,0.0,0.0,0.0
2025/11/24,20:26:10,0,54.0,200.0,266.0,251.0,24.0,204.0,5.0,3.0,0.0,0.0,0.0,0.0
2025/11/24,20:26:15,0,52.0,198.0,265.0,253.0,14.0,201.0,2.0,1.0,0.0,0.0,0.0,0.0
2025/11/24,20:26:20,0,57.0,202.0,266.0,251.0,23.0,203.0,5.0,3.0,0.0,0.0,0.0,0.0
2025/11/24,20:26:25,0,52.0,196.0,266.0,250.0,15.0,203.0,3.0,1.0,0.0,0.0,0.0,0.0
2025/11/24,20:26:30,0,56.0,205.0,267.0,251.0,17.0,204.0,4.0,3.0,0.0,0.0,0.0,0.0
2025/11/24,20:26:35,0,58.0,193.0,264.0,252.0,24.0,203.0,4.0,3.0,0.0,0.0,0.0,0.0
2025/11/24,20:26:40,0,53.0,211.0,265.0,252.0,14.0,203.0,4.0,1.0,0.0,0.0,0.0,0.0
2025/11/24,20:26:45,0,54.0,187.0,264.0,251.0,24.0,204.0,5.0,4.0,0.0,0.0,0.0,0.0
2025/11/24,20:26:50,0,52.0,196.0,263.0,252.0,14.0,203.0,1.0,1.0,0.0,0.0,0.0,0.0
2025/11/24,20:26:55,0,55.0,213.0,267.0,250.0,19.0,204.0,4.0,1.0,0.0,0.0,0.0,0.0
2025/11/24,20:27:00,0,53.0,200.0,264.0,252.0,22.0,204.0,4.0,3.0,0.0,0.0,0.0,0.0
2025/11/24,20:27:05,0,54.0,206.0,268.0,251.0,13.0,203.0,3.0,2.0,0.0,0.0,0.0,-0.0008
2025/11/24,20:27:10,0,57.0,192.0,264.0,251.0,26.0,207.0,6.0,5.0,0.0,0.0,0.0,0.0
2025/11/24,20:27:15,0,53.0,194.0,265.0,252.0,18.0,204.0,2.0,3.0,0.0,0.0,0.0,0.0
2025/11/24,20:27:20,0,52.0,220.0,265.0,251.0,13.0,203.0,3.0,2.0,0.0,0.0,0.0,0.0
2025/11/24,20:27:25,0,52.0,192.0,264.0,251.0,23.0,203.0,4.0,3.0,0.0,0.0,0.0,0.0
2025/11/24,20:27:30,0,53.0,199.0,265.0,251.0,13.0,203.0,3.0,1.0,0.0,0.0,0.0,0.0
2025/11/24,20:27:35,0,54.0,199.0,264.0,250.0,25.0,204.0,5.0,4.0,0.0,0.0,0.0,0.0
2025/11/24,20:27:40,0,53.0,196.0,265.0,252.0,17.0,203.0,3.0,2.0,0.0,0.0,0.0,0.0
2025/11/24,20:27:45,0,57.0,213.0,267.0,251.0,13.0,204.0,4.0,1.0,0.0,0.0,0.0,-0.0008
2025/11/24,20:27:50,0,57.0,197.0,263.0,252.0,22.0,202.0,4.0,2.0,0.0,0.0,0.0,0.0
2025/11/24,20:27:55,0,56.0,217.0,266.0,252.0,14.0,204.0,4.0,1.0,0.0,0.0,0.0,0.0
2025/11/24,20:28:00,0,56.0,193.0,263.0,251.0,24.0,204.0,4.0,3.0,0.0,0.0,0.0,0.0
2025/11/24,20:28:05,0,56.0,197.0,266.0,252.0,11.0,203.0,1.0,1.0,0.0,0.0,0.0,0.0
2025/11/24,20:28:10,0,56.0,212.0,266.0,251.0,16.0,204.0,4.0,1.0,0.0,0.0,0.0,0.0
2025/11/24,20:28:15,0,53.0,199.0,263.0,251.0,22.0,202.0,4.0,2.0,0.0,0.0,0.0,-0.0008
2025/11/24,20:28:20,0,55.0,212.0,265.0,251.0,15.0,203.0,4.0,1.0,0.0,0.0,0.0,0.0
2025/11/24,20:28:25,0,55.0,191.0,263.0,252.0,25.0,204.0,4.0,3.0,0.0,0.0,0.0,0.0
2025/11/24,20:28:30,0,57.0,198.0,266.0,252.0,10.0,203.0,2.0,0.0,0.0,0.0,0.0,0.0
2025/11/24,20:28:35,0,54.0,199.0,265.0,251.0,24.0,203.0,6.0,3.0,0.0,0.0,0.0,-0.0008
2025/11/24,20:28:40,0,59.0,196.0,265.0,249.0,16.0,202.0,2.0,2.0,0.0,0.0,0.0,0.0
2025/11/24,20:28:45,0,52.0,211.0,265.0,251.0,15.0,203.0,4.0,2.0,0.0,0.0,0.0,0.0
2025/11/24,20:28:50,0,55.0,201.0,264.0,252.0,23.0,203.0,4.0,3.0,0.0,0.0,0.0,0.0
2025/11/24,20:28:55,0,55.0,214.0,266.0,251.0,13.0,203.0,4.0,1.0,0.0,0.0,0.0,-0.0008
2025/11/24,20:29:00,0,54.0,191.0,262.0,251.0,23.0,203.0,4.0,3.0,0.0,0.0,0.0,0.0
2025/11/24,20:29:05,0,52.0,198.0,264.0,251.0,8.0,204.0,1.0,0.0,0.0,0.0,0.0,0.0
2025/11/24,20:29:10,0,54.0,201.0,265.0,252.0,21.0,204.0,5.0,2.0,0.0,0.0,0.0,0.0
2025/11/24,20:29:15,0,56.0,193.0,264.0,252.0,21.0,202.0,4.0,3.0,0.0,0.0,0.0,0.0
2025/11/24,20:29:20,0,54.0,219.0,266.0,252.0,12.0,203.0,3.0,1.0,0.0,0.0,0.0,0.0
2025/11/24,20:29:25,0,56.0,191.0,262.0,250.0,23.0,202.0,4.0,3.0,0.0,0.0,0.0,0.0
2025/11/24,20:29:30,0,54.0,198.0,265.0,251.0,11.0,203.0,1.0,0.0,0.0,0.0,0.0,0.0
2025/11/24,20:29:35,0,55.0,216.0,266.0,251.0,14.0,204.0,4.0,1.0,0.0,0.0,0.0,0.0
2025/11/24,20:29:40,0,55.0,186.0,263.0,251.0,25.0,203.0,5.0,3.0,0.0,0.0,0.0,0.0
2025/11/24,20:29:45,0,55.0,192.0,263.0,251.0,22.0,204.0,5.0,3.0,0.0,0.0,0.0,0.0
2025/11/24,20:29:50,0,58.0,198.0,263.0,252.0,10.0,204.0,1.0,1.0,0.0,0.0,0.0,0.0
2025/11/24,20:29:55,0,56.0,221.0,266.0,251.0,15.0,202.0,5.0,1.0,0.0,0.0,0.0,0.0
2025/11/24,20:30:00,0,56.0,193.0,264.0,251.0,25.0,203.0,5.0,3.0,0.0,0.0,0.0,0.0
2025/11/24,20:30:05,0,50.0,197.0,261.0,252.0,23.0,204.0,3.0,3.0,0.0,0.0,0.0,0.0
2025/11/24,20:30:10,0,53.0,199.0,266.0,252.0,12.0,204.0,1.0,1.0,0.0,0.0,0.0,0.0
2025/11/24,20:30:15,0,56.0,211.0,265.0,251.0,16.0,204.0,3.0,1.0,0.0,0.0,0.0,0.0
2025/11/24,20:30:20,0,51.0,192.0,263.0,251.0,23.0,203.0,4.0,3.0,0.0,0.0,0.0,0.0
2025/11/24,20:30:25,0,52.0,196.0,263.0,252.0,15.0,204.0,2.0,2.0,0.0,0.0,0.0,0.0
2025/11/24,20:30:30,0,53.0,220.0,266.0,251.0,14.0,203.0,4.0,1.0,0.0,0.0,0.0,0.0
2025/11/24,20:30:35,0,55.0,192.0,263.0,252.0,24.0,203.0,4.0,3.0,0.0,0.0,0.0,0.0
2025/11/24,20:30:40,0,54.0,198.0,264.0,251.0,10.0,204.0,2.0,1.0,0.0,0.0,0.0,-0.0008
2025/11/24,20:30:45,0,54.0,215.0,265.0,251.0,10.0,204.0,4.0,1.0,0.0,0.0,0.0,0.0
2025/11/24,20:30:50,0,53.0,191.0,262.0,252.0,25.0,203.0,4.0,3.0,0.0,0.0,0.0,0.0
2025/11/24,20:30:55,0,54.0,199.0,261.0,251.0,13.0,204.0,2.0,1.0,0.0,0.0,0.0,0.0
2025/11/24,20:31:00,0,55.0,216.0,267.0,251.0,12.0,203.0,3.0,2.0,0.0,0.0,0.0,-0.0008
2025/11/24,20:31:05,0,54.0,199.0,264.0,252.0,24.0,204.0,5.0,3.0,0.0,0.0,0.0,0.0
2025/11/24,20:31:10,0,56.0,195.0,263.0,251.0,21.0,204.0,4.0,3.0,0.0,0.0,0.0,0.0
2025/11/24,20:31:15,0,55.0,199.0,264.0,252.0,11.0,203.0,1.0,1.0,0.0,0.0,0.0,0.0
2025/11/24,20:31:20,0,53.0,205.0,263.0,251.0,22.0,203.0,5.0,2.0,0.0,0.0,0.0,0.0
2025/11/24,20:31:25,0,54.0,200.0,262.0,251.0,24.0,204.0,4.0,3.0,0.0,0.0,0.0,0.0
2025/11/24,20:31:30,0,55.0,208.0,265.0,250.0,12.0,202.0,3.0,2.0,0.0,0.0,0.0,0.0
2025/11/24,20:31:35,0,54.0,186.0,263.0,252.0,24.0,202.0,5.0,3.0,0.0,0.0,0.0,0.0
2025/11/24,20:31:40,0,52.0,199.0,265.0,252.0,9.0,204.0,1.0,0.0,0.0,0.0,0.0,0.0
2025/11/24,20:31:45,0,57.0,203.0,264.0,252.0,22.0,204.0,5.0,3.0,0.0,0.0,0.0,0.0
2025/11/24,20:31:50,0,55.0,195.0,264.0,251.0,19.0,204.0,3.0,2.0,0.0,0.0,0.0,0.0
2025/11/24,20:31:55,0,54.0,217.0,266.0,251.0,11.0,204.0,3.0,2.0,0.0,0.0,0.0,0.0
2025/11/24,20:32:00,0,52.0,196.0,263.0,251.0,24.0,203.0,4.0,3.0,0.0,0.0,0.0,0.0
2025/11/24,20:32:05,0,55.0,205.0,265.0,251.0,13.0,204.0,3.0,2.0,0.0,0.0,0.0,0.0
2025/11/24,20:32:10,0,52.0,190.0,263.0,251.0,23.0,202.0,4.0,3.0,0.0,0.0,0.0,0.0
2025/11/24,20:32:15,0,55.0,203.0,266.0,251.0,12.0,203.0,3.0,1.0,0.0,0.0,0.0,0.0
2025/11/24,20:32:20,0,54.0,191.0,263.0,252.0,24.0,203.0,4.0,3.0,0.0,0.0,0.0,0.0
2025/11/24,20:32:25,0,55.0,211.0,265.0,251.0,13.0,202.0,4.0,1.0,0.0,0.0,0.0,0.0
2025/11/24,20:32:30,0,56.0,193.0,262.0,251.0,21.0,204.0,3.0,3.0,0.0,0.0,0.0,0.0
2025/11/24,20:32:35,0,55.0,186.0,263.0,251.0,28.0,204.0,6.0,4.0,0.0,0.0,0.0,0.0
2025/11/24,20:32:40,0,56.0,208.0,265.0,251.0,13.0,203.0,3.0,2.0,0.0,0.0,0.0,0.0
2025/11/24,20:32:45,0,54.0,199.0,262.0,251.0,21.0,204.0,3.0,3.0,0.0,0.0,0.0,0.0
2025/11/24,20:32:50,0,50.0,212.0,264.0,251.0,13.0,204.0,4.0,1.0,0.0,0.0,0.0,0.0
2025/11/24,20:32:55,0,57.0,198.0,264.0,253.0,16.0,203.0,3.0,2.0,0.0,0.0,0.0,0.0
2025/11/24,20:33:00,0,56.0,194.0,263.0,252.0,27.0,202.0,7.0,4.0,0.0,0.0,0.0,0.0
2025/11/24,20:33:05,0,56.0,203.0,265.0,251.0,11.0,204.0,2.0,1.0,0.0,0.0,0.0,0.0
2025/11/24,20:33:46,0,57.0,209.0,264.0,251.0,11.0,202.0,5.0,2.0,0.0,0.0,0.0,0.0
2025/11/24,20:33:50,0,56.0,192.0,262.0,251.0,22.0,203.0,5.0,3.0,0.0,0.0,0.0,0.0
2025/11/24,20:33:55,0,55.0,212.0,266.0,251.0,12.0,202.0,4.0,1.0,0.0,0.0,0.0,0.0
2025/11/24,20:34:00,0,54.0,197.0,260.0,252.0,24.0,203.0,3.0,3.0,0.0,0.0,0.0,0.0
2025/11/24,20:34:05,0,54.0,218.0,265.0,251.0,13.0,203.0,4.0,1.0,0.0,0.0,0.0,0.0
2025/11/24,20:34:10,0,56.0,195.0,262.0,251.0,20.0,202.0,4.0,2.0,0.0,0.0,0.0,-0.0008
2025/11/24,20:34:15,0,55.0,223.0,264.0,252.0,12.0,204.0,3.0,2.0,0.0,0.0,0.0,0.0
2025/11/24,20:34:20,0,55.0,193.0,262.0,251.0,26.0,204.0,3.0,3.0,0.0,0.0,0.0,0.0
2025/11/24,20:34:25,0,55.0,200.0,264.0,252.0,12.0,204.0,2.0,1.0,0.0,0.0,0.0,0.0
2025/11/24,20:34:30,0,54.0,200.0,264.0,252.0,28.0,203.0,6.0,3.0,0.0,0.0,0.0,0.0
2025/11/24,20:34:35,0,54.0,196.0,263.0,251.0,18.0,202.0,3.0,2.0,0.0,0.0,0.0,0.0
2025/11/24,20:34:40,0,57.0,216.0,264.0,251.0,12.0,202.0,3.0,2.0,0.0,0.0,0.0,0.0
2025/11/24,20:34:45,0,56.0,199.0,263.0,249.0,21.0,204.0,4.0,2.0,0.0,0.0,0.0,0.0
2025/11/24,20:34:50,0,54.0,214.0,262.0,251.0,14.0,204.0,4.0,2.0,0.0,0.0,0.0,0.0
2025/11/24,20:34:55,0,55.0,193.0,263.0,250.0,23.0,202.0,4.0,3.0,0.0,0.0,0.0,0.0
2025/11/24,20:35:00,0,54.0,211.0,264.0,250.0,13.0,203.0,3.0,2.0,0.0,0.0,0.0,0.0
2025/11/24,20:35:05,0,55.0,194.0,262.0,251.0,23.0,202.0,4.0,3.0,0.0,0.0,0.0,0.0
2025/11/24,20:35:10,0,55.0,210.0,265.0,249.0,12.0,202.0,4.0,2.0,0.0,0.0,0.0,0.0
2025/11/24,20:35:15,0,55.0,191.0,263.0,252.0,24.0,202.0,4.0,3.0,0.0,0.0,0.0,0.0
2025/11/24,20:35:20,0,56.0,205.0,266.0,251.0,11.0,202.0,3.0,1.0,0.0,0.0,0.0,0.0
2025/11/24,20:35:25,0,55.0,190.0,262.0,251.0,26.0,203.0,5.0,3.0,0.0,0.0,0.0,0.0
2025/11/24,20:35:30,0,55.0,200.0,265.0,251.0,10.0,203.0,2.0,0.0,0.0,0.0,0.0,0.0
2025/11/24,20:35:35,0,55.0,194.0,263.0,251.0,26.0,202.0,5.0,4.0,0.0,0.0,0.0,0.0
2025/11/24,20:35:40,0,56.0,193.0,263.0,250.0,16.0,202.0,3.0,2.0,0.0,0.0,0.0,0.0
2025/11/24,20:35:45,0,56.0,212.0,266.0,249.0,14.0,204.0,3.0,1.0,0.0,0.0,0.0,0.0
2025/11/24,20:35:50,0,55.0,199.0,263.0,251.0,22.0,202.0,4.0,2.0,0.0,0.0,0.0,0.0
2025/11/24,20:35:55,0,56.0,215.0,265.0,251.0,14.0,203.0,4.0,2.0,0.0,0.0,0.0,0.0
2025/11/24,20:36:00,0,56.0,198.0,263.0,250.0,24.0,202.0,4.0,3.0,0.0,0.0,0.0,0.0
2025/11/24,20:36:05,0,55.0,224.0,265.0,251.0,14.0,203.0,3.0,2.0,0.0,0.0,0.0,0.0
2025/11/24,20:36:10,0,57.0,200.0,262.0,250.0,23.0,204.0,4.0,3.0,0.0,0.0,0.0,0.0
2025/11/24,20:36:15,0,55.0,188.0,262.0,251.0,24.0,203.0,5.0,3.0,0.0,0.0,0.0,0.0
2025/11/24,20:36:20,0,56.0,199.0,266.0,252.0,14.0,203.0,3.0,1.0,0.0,0.0,0.0,0.0
2025/11/24,20:36:25,0,56.0,200.0,266.0,251.0,8.0,203.0,2.0,1.0,0.0,0.0,0.0,0.0
2025/11/24,20:36:30,0,55.0,200.0,264.0,252.0,24.0,203.0,5.0,3.0,0.0,0.0,0.0,0.0
2025/11/24,20:36:35,0,57.0,194.0,262.0,251.0,21.0,203.0,4.0,2.0,0.0,0.0,0.0,0.0
2025/11/24,20:36:40,0,56.0,210.0,266.0,252.0,15.0,205.0,3.0,2.0,0.0,0.0,0.0,0.0
2025/11/24,20:36:45,0,56.0,195.0,262.0,251.0,21.0,202.0,4.0,2.0,0.0,0.0,0.0,0.0
2025/11/24,20:36:50,0,55.0,205.0,263.0,252.0,23.0,205.0,5.0,2.0,0.0,0.0,0.0,0.0
2025/11/24,20:36:55,0,57.0,198.0,263.0,250.0,12.0,202.0,2.0,1.0,0.0,0.0,0.0,0.0
2025/11/24,20:37:00,0,59.0,193.0,263.0,251.0,26.0,203.0,6.0,4.0,0.0,0.0,0.0,0.0
2025/11/24,20:37:05,0,57.0,200.0,264.0,250.0,9.0,203.0,2.0,1.0,0.0,0.0,0.0,0.0
2025/11/24,20:37:10,0,55.0,187.0,262.0,252.0,25.0,202.0,5.0,3.0,0.0,0.0,0.0,0.0
2025/11/24,20:37:15,0,54.0,203.0,264.0,252.0,14.0,203.0,4.0,1.0,0.0,0.0,0.0,0.0
2025/11/24,20:37:20,0,54.0,190.0,262.0,251.0,26.0,204.0,4.0,3.0,0.0,0.0,0.0,0.0
2025/11/24,20:37:25,0,56.0,200.0,265.0,251.0,8.0,203.0,2.0,1.0,0.0,0.0,0.0,0.0
2025/11/24,20:37:30,0,53.0,197.0,263.0,251.0,27.0,202.0,6.0,3.0,0.0,0.0,0.0,0.0
2025/11/24,20:37:35,0,57.0,199.0,264.0,250.0,12.0,203.0,2.0,1.0,0.0,0.0,0.0,0.0
2025/11/24,20:37:40,0,55.0,192.0,264.0,249.0,28.0,203.0,7.0,4.0,0.0,0.0,0.0,0.0
2025/11/24,20:37:45,0,56.0,199.0,265.0,251.0,8.0,202.0,2.0,0.0,0.0,0.0,0.0,0.0
2025/11/24,20:37:50,0,56.0,190.0,263.0,250.0,26.0,202.0,5.0,3.0,0.0,0.0,0.0,0.0
2025/11/24,20:37:55,0,55.0,208.0,266.0,249.0,11.0,203.0,4.0,1.0,0.0,0.0,0.0,0.0
2025/11/24,20:38:00,0,56.0,198.0,262.0,251.0,23.0,204.0,4.0,3.0,0.0,0.0,0.0,0.0
2025/11/24,20:38:05,0,51.0,213.0,265.0,251.0,15.0,204.0,4.0,2.0,0.0,0.0,0.0,0.0
2025/11/24,20:38:10,0,53.0,195.0,263.0,251.0,18.0,203.0,4.0,2.0,0.0,0.0,0.0,0.0
2025/11/24,20:38:15,0,56.0,215.0,264.0,251.0,14.0,203.0,5.0,2.0,0.0,0.0,0.0,0.0
2025/11/24,20:38:20,0,56.0,198.0,262.0,251.0,24.0,204.0,4.0,2.0,0.0,0.0,0.0,0.0
2025/11/24,20:38:25,0,57.0,204.0,265.0,251.0,14.0,204.0,2.0,2.0,0.0,0.0,0.0,0.0
2025/11/24,20:38:30,0,59.0,194.0,262.0,250.0,29.0,203.0,6.0,4.0,0.0,0.0,0.0,0.0
2025/11/24,20:38:35,0,56.0,198.0,263.0,251.0,15.0,203.0,2.0,2.0,0.0,0.0,0.0,0.0
2025/11/24,20:38:40,0,56.0,207.0,265.0,251.0,22.0,203.0,5.0,2.0,0.0,0.0,0.0,0.0
2025/11/24,20:38:45,0,55.0,196.0,262.0,251.0,21.0,204.0,4.0,3.0,0.0,0.0,0.0,0.0
2025/11/24,20:38:50,0,56.0,210.0,265.0,251.0,12.0,203.0,4.0,2.0,0.0,0.0,0.0,-0.0008
2025/11/24,20:38:55,0,56.0,188.0,262.0,251.0,25.0,203.0,5.0,3.0,0.0,0.0,0.0,0.0
2025/11/24,20:39:00,0,54.0,198.0,263.0,250.0,11.0,203.0,3.0,1.0,0.0,0.0,0.0,0.0
2025/11/24,20:39:05,0,57.0,214.0,262.0,251.0,16.0,204.0,3.0,1.0,0.0,0.0,0.0,0.0
2025/11/24,20:39:10,0,57.0,201.0,262.0,251.0,24.0,203.0,5.0,3.0,0.0,0.0,0.0,0.0
2025/11/24,20:39:15,0,58.0,215.0,264.0,251.0,14.0,203.0,4.0,2.0,0.0,0.0,0.0,0.0
2025/11/24,20:39:20,0,57.0,195.0,262.0,250.0,23.0,202.0,4.0,2.0,0.0,0.0,0.0,0.0
2025/11/24,20:39:25,0,56.0,211.0,264.0,250.0,14.0,203.0,4.0,1.0,0.0,0.0,0.0,0.0
2025/11/24,20:39:30,0,57.0,189.0,262.0,250.0,25.0,202.0,5.0,3.0,0.0,0.0,0.0,-0.0008
2025/11/24,20:39:35,0,55.0,197.0,263.0,252.0,16.0,203.0,2.0,1.0,0.0,0.0,0.0,0.0
2025/11/24,20:39:40,0,50.0,214.0,265.0,251.0,15.0,204.0,5.0,2.0,0.0,0.0,0.0,0.0
2025/11/24,20:39:45,0,57.0,195.0,262.0,250.0,25.0,204.0,4.0,3.0,0.0,0.0,0.0,0.0
2025/11/24,20:39:50,0,55.0,202.0,265.0,251.0,11.0,202.0,3.0,0.0,0.0,0.0,0.0,0.0
2025/11/24,20:39:55,0,56.0,200.0,263.0,252.0,26.0,204.0,6.0,3.0,0.0,0.0,0.0,0.0
2025/11/24,20:40:00,0,56.0,196.0,261.0,251.0,21.0,202.0,4.0,3.0,0.0,0.0,0.0,0.0
2025/11/24,20:40:05,0,60.0,221.0,265.0,251.0,13.0,204.0,3.0,2.0,0.0,0.0,0.0,0.0
2025/11/24,20:40:10,0,54.0,197.0,261.0,251.0,23.0,204.0,4.0,3.0,0.0,0.0,0.0,0.0
2025/11/24,20:40:15,0,55.0,219.0,265.0,252.0,14.0,202.0,4.0,1.0,0.0,0.0,0.0,0.0
2025/11/24,20:40:20,0,56.0,195.0,258.0,251.0,24.0,203.0,4.0,3.0,0.0,0.0,0.0,0.0
2025/11/24,20:40:25,0,56.0,209.0,263.0,252.0,14.0,203.0,3.0,2.0,0.0,0.0,0.0,0.0
2025/11/24,20:40:30,0,55.0,189.0,261.0,252.0,25.0,203.0,5.0,3.0,0.0,0.0,0.0,0.0
2025/11/24,20:40:35,0,53.0,197.0,262.0,251.0,16.0,204.0,2.0,2.0,0.0,0.0,0.0,0.0
2025/11/24,20:40:40,0,57.0,217.0,262.0,252.0,14.0,203.0,3.0,2.0,0.0,0.0,0.0,0.0
2025/11/24,20:40:45,0,56.0,191.0,261.0,251.0,26.0,204.0,4.0,3.0,0.0,0.0,0.0,0.0
2025/11/24,20:40:50,0,56.0,200.0,262.0,251.0,17.0,203.0,3.0,1.0,0.0,0.0,0.0,0.0
2025/11/24,20:40:55,0,57.0,211.0,262.0,251.0,15.0,203.0,4.0,1.0,0.0,0.0,0.0,0.0
2025/11/24,20:41:00,0,55.0,208.0,263.0,251.0,17.0,204.0,4.0,2.0,0.0,0.0,0.0,-0.0008
2025/11/24,20:41:05,0,54.0,189.0,260.0,251.0,28.0,204.0,4.0,3.0,0.0,0.0,0.0,0.0
2025/11/24,20:41:10,0,52.0,196.0,262.0,251.0,25.0,203.0,5.0,3.0,0.0,0.0,0.0,0.0
2025/11/24,20:41:15,0,55.0,199.0,265.0,251.0,9.0,203.0,2.0,1.0,0.0,0.0,0.0,0.0
2025/11/24,20:41:20,0,55.0,220.0,264.0,251.0,16.0,201.0,4.0,2.0,0.0,0.0,0.0,0.0
2025/11/24,20:41:25,0,57.0,199.0,260.0,251.0,25.0,204.0,5.0,3.0,0.0,0.0,0.0,-0.0008
2025/11/24,20:41:30,0,56.0,193.0,261.0,251.0,24.0,202.0,5.0,2.0,0.0,0.0,0.0,0.0
2025/11/24,20:41:35,0,56.0,194.0,262.0,251.0,20.0,203.0,4.0,2.0,0.0,0.0,0.0,0.0
2025/11/24,20:41:40,0,55.0,201.0,264.0,251.0,12.0,203.0,3.0,0.0,0.0,0.0,0.0,0.0
2025/11/24,20:41:45,0,54.0,218.0,263.0,252.0,15.0,203.0,4.0,1.0,0.0,0.0,0.0,-0.0008
2025/11/24,20:41:50,0,56.0,188.0,261.0,251.0,27.0,204.0,4.0,3.0,0.0,0.0,0.0,0.0
2025/11/24,20:41:55,0,56.0,197.0,261.0,251.0,17.0,204.0,2.0,1.0,0.0,0.0,0.0,0.0
2025/11/24,20:42:00,0,54.0,211.0,263.0,251.0,16.0,203.0,5.0,1.0,0.0,0.0,0.0,0.0
2025/11/24,20:42:05,0,57.0,197.0,261.0,250.0,22.0,203.0,4.0,3.0,0.0,0.0,0.0,0.0
2025/11/24,20:42:10,0,56.0,201.0,261.0,251.0,13.0,204.0,2.0,1.0,0.0,0.0,0.0,0.0
2025/11/24,20:42:15,0,56.0,205.0,264.0,251.0,20.0,202.0,5.0,2.0,0.0,0.0,0.0,0.0
2025/11/24,20:42:20,0,56.0,194.0,262.0,251.0,24.0,204.0,4.0,2.0,0.0,0.0,0.0,0.0
2025/11/24,20:42:25,0,55.0,200.0,262.0,251.0,12.0,203.0,3.0,1.0,0.0,0.0,0.0,0.0
2025/11/24,20:42:30,0,55.0,216.0,265.0,251.0,15.0,203.0,4.0,2.0,0.0,0.0,0.0,0.0
2025/11/24,20:42:35,0,57.0,194.0,261.0,251.0,27.0,203.0,7.0,4.0,0.0,0.0,0.0,0.0
2025/11/24,20:42:40,0,54.0,199.0,261.0,251.0,23.0,203.0,5.0,3.0,0.0,0.0,0.0,0.0
2025/11/24,20:42:45,0,53.0,197.0,264.0,251.0,13.0,202.0,2.0,1.0,0.0,0.0,0.0,0.0
2025/11/24,20:42:50,0,55.0,209.0,264.0,250.0,13.0,203.0,4.0,1.0,0.0,0.0,0.0,0.0
2025/11/24,20:42:55,0,53.0,217.0,264.0,252.0,14.0,203.0,4.0,1.0,0.0,0.0,0.0,0.0
2025/11/24,20:43:00,0,53.0,193.0,261.0,251.0,28.0,204.0,6.0,4.0,0.0,0.0,0.0,0.0
2025/11/24,20:43:05,0,54.0,200.0,261.0,251.0,25.0,204.0,4.0,3.0,0.0,0.0,0.0,0.0
2025/11/24,20:43:10,0,51.0,197.0,263.0,251.0,11.0,202.0,2.0,1.0,0.0,0.0,0.0,-0.0008
2025/11/24,20:43:15,0,55.0,214.0,265.0,251.0,15.0,204.0,3.0,2.0,0.0,0.0,0.0,0.0
2025/11/24,20:43:47,0,50.0,219.0,262.0,251.0,13.0,203.0,4.0,1.0,0.0,0.0,0.0,0.0
2025/11/24,20:43:49,0,57.0,198.0,261.0,251.0,21.0,204.0,4.0,3.0,0.0,0.0,0.0,0.0
2025/11/24,20:43:54,0,57.0,198.0,263.0,249.0,14.0,202.0,3.0,2.0,0.0,0.0,0.0,0.0
2025/11/24,20:43:59,0,56.0,204.0,265.0,252.0,12.0,203.0,3.0,2.0,0.0,0.0,0.0,0.0
2025/11/24,20:44:04,0,55.0,219.0,265.0,249.0,15.0,202.0,4.0,2.0,0.0,0.0,0.0,0.0
2025/11/24,20:44:09,0,57.0,190.0,261.0,251.0,29.0,203.0,6.0,4.0,0.0,0.0,0.0,0.0
2025/11/24,20:44:14,0,57.0,192.0,261.0,252.0,22.0,204.0,4.0,3.0,0.0,0.0,0.0,0.0
2025/11/24,20:44:19,0,56.0,203.0,264.0,251.0,14.0,203.0,3.0,2.0,0.0,0.0,0.0,0.0
2025/11/24,20:44:24,0,57.0,208.0,263.0,251.0,18.0,204.0,4.0,2.0,0.0,0.0,0.0,0.0
2025/11/24,20:44:29,0,57.0,194.0,260.0,251.0,25.0,204.0,4.0,3.0,-0.0008,0.0,0.0,0.0
2025/11/24,20:44:34,0,57.0,193.0,258.0,251.0,21.0,203.0,3.0,3.0,0.0,0.0,0.0,0.0
2025/11/24,20:44:39,0,55.0,198.0,264.0,251.0,7.0,203.0,2.0,1.0,0.0,0.0,0.0,-0.0008
2025/11/24,20:44:44,0,56.0,208.0,263.0,251.0,14.0,204.0,3.0,1.0,0.0,0.0,0.0,0.0
2025/11/24,20:44:49,0,56.0,212.0,263.0,251.0,15.0,203.0,4.0,1.0,0.0,0.0,0.0,0.0
2025/11/24,20:44:54,0,55.0,188.0,260.0,251.0,29.0,203.0,5.0,4.0,0.0,0.0,0.0,0.0
2025/11/24,20:44:59,0,57.0,194.0,261.0,249.0,25.0,203.0,4.0,3.0,0.0,0.0,0.0,0.0
2025/11/24,20:45:04,0,55.0,194.0,259.0,252.0,22.0,203.0,4.0,2.0,0.0,0.0,0.0,0.0
2025/11/24,20:45:09,0,53.0,197.0,260.0,251.0,13.0,204.0,2.0,1.0,0.0,0.0,0.0,-0.0008
2025/11/24,20:45:14,0,56.0,198.0,263.0,251.0,8.0,202.0,3.0,1.0,0.0,0.0,0.0,0.0
2025/11/24,20:45:19,0,57.0,204.0,263.0,249.0,13.0,202.0,3.0,1.0,0.0,0.0,0.0,0.0
2025/11/24,20:45:24,0,56.0,202.0,264.0,251.0,12.0,203.0,3.0,2.0,0.0,0.0,0.0,0.0
2025/11/24,20:45:29,0,54.0,199.0,264.0,251.0,11.0,204.0,2.0,0.0,0.0,0.0,0.0,0.0
2025/11/24,20:45:34,0,57.0,197.0,263.0,250.0,13.0,203.0,1.0,1.0,0.0,0.0,0.0,0.0
2025/11/24,20:45:39,0,55.0,200.0,263.0,249.0,12.0,203.0,3.0,0.0,0.0,0.0,0.0,0.0
2025/11/24,20:45:44,0,53.0,201.0,264.0,251.0,13.0,202.0,3.0,1.0,0.0,0.0,0.0,0.0
2025/11/24,20:45:49,0,55.0,204.0,264.0,251.0,14.0,205.0,2.0,2.0,-0.0008,0.0,0.0,0.0
2025/11/24,20:45:54,0,56.0,198.0,262.0,251.0,11.0,203.0,2.0,1.0,0.0,0.0,0.0,0.0
2025/11/24,20:45:59,0,57.0,198.0,261.0,250.0,11.0,203.0,2.0,1.0,0.0,0.0,0.0,0.0
2025/11/24,20:46:04,0,52.0,198.0,263.0,251.0,11.0,203.0,3.0,2.0,0.0,0.0,0.0,0.0
2025/11/24,20:46:09,0,54.0,196.0,262.0,252.0,11.0,202.0,2.0,1.0,0.0,0.0,0.0,0.0
2025/11/24,20:46:14,0,51.0,199.0,263.0,251.0,12.0,204.0,1.0,1.0,0.0,0.0,0.0,0.0
2025/11/24,20:46:19,0,56.0,199.0,261.0,251.0,14.0,203.0,2.0,1.0,0.0,0.0,0.0,0.0
2025/11/24,20:46:24,0,55.0,199.0,262.0,251.0,11.0,204.0,1.0,0.0,0.0,0.0,0.0,0.0
2025/11/24,20:46:29,0,53.0,202.0,263.0,251.0,15.0,203.0,4.0,1.0,0.0,0.0,0.0,0.0
2025/11/24,20:46:34,0,54.0,208.0,262.0,251.0,13.0,203.0,4.0,1.0,0.0,0.0,0.0,0.0
2025/11/24,20:46:39,0,55.0,185.0,259.0,251.0,27.0,204.0,6.0,3.0,0.0,0.0,0.0,0.0
2025/11/24,20:46:44,0,55.0,206.0,261.0,251.0,14.0,203.0,3.0,2.0,0.0,0.0,0.0,0.0
2025/11/24,20:46:49,0,55.0,205.0,262.0,251.0,14.0,204.0,3.0,1.0,0.0,0.0,0.0,0.0
2025/11/24,20:46:54,0,54.0,204.0,263.0,251.0,13.0,204.0,4.0,1.0,0.0,0.0,0.0,-0.0008
2025/11/24,20:46:59,0,54.0,205.0,262.0,250.0,14.0,203.0,4.0,1.0,0.0,0.0,0.0,0.0
2025/11/24,20:47:04,0,55.0,207.0,263.0,251.0,14.0,202.0,4.0,1.0,0.0,0.0,0.0,0.0
2025/11/24,20:47:09,0,56.0,207.0,264.0,252.0,14.0,204.0,4.0,1.0,0.0,0.0,0.0,0.0
2025/11/24,20:47:14,0,54.0,199.0,263.0,251.0,11.0,203.0,1.0,0.0,0.0,0.0,0.0,0.0
2025/11/24,20:47:19,0,56.0,192.0,260.0,252.0,23.0,203.0,4.0,2.0,0.0,0.0,0.0,0.0
2025/11/24,20:47:24,0,57.0,199.0,259.0,251.0,22.0,203.0,5.0,3.0,0.0,0.0,0.0,0.0
2025/11/24,20:47:29,0,56.0,194.0,258.0,251.0,24.0,204.0,4.0,3.0,0.0,0.0,0.0,0.0
2025/11/24,20:47:34,0,56.0,188.0,260.0,252.0,26.0,204.0,4.0,3.0,0.0,0.0,0.0,0.0
2025/11/24,20:47:39,0,55.0,190.0,260.0,251.0,28.0,203.0,6.0,3.0,0.0,0.0,0.0,0.0
2025/11/24,20:47:44,0,58.0,187.0,260.0,251.0,27.0,203.0,4.0,4.0,0.0,0.0,0.0,0.0
2025/11/24,20:47:49,0,55.0,195.0,261.0,251.0,30.0,204.0,6.0,3.0,0.0,0.0,0.0,0.0
2025/11/24,20:47:54,0,56.0,206.0,262.0,249.0,22.0,203.0,5.0,3.0,0.0,0.0,0.0,0.0
2025/11/24,20:47:59,0,53.0,210.0,262.0,251.0,16.0,204.0,4.0,2.0,0.0,0.0,0.0,0.0
2025/11/24,20:48:04,0,56.0,202.0,261.0,251.0,24.0,203.0,5.0,3.0,0.0,0.0,0.0,0.0
2025/11/24,20:48:09,0,54.0,197.0,259.0,251.0,25.0,204.0,4.0,3.0,0.0,0.0,0.0,-0.0008
2025/11/24,20:48:14,0,55.0,196.0,260.0,250.0,20.0,203.0,4.0,2.0,0.0,0.0,0.0,0.0
2025/11/24,20:48:19,0,54.0,199.0,261.0,251.0,11.0,203.0,2.0,1.0,0.0,0.0,0.0,0.0
2025/11/24,20:48:24,0,53.0,219.0,264.0,251.0,14.0,203.0,5.0,1.0,0.0,0.0,0.0,0.0
2025/11/24,20:48:29,0,55.0,186.0,259.0,251.0,27.0,203.0,5.0,4.0,0.0,0.0,0.0,0.0
2025/11/24,20:48:34,0,54.0,199.0,260.0,251.0,24.0,204.0,4.0,3.0,0.0,0.0,0.0,0.0
2025/11/24,20:48:39,0,54.0,195.0,260.0,252.0,17.0,204.0,2.0,2.0,0.0,0.0,0.0,0.0
2025/11/24,20:48:44,0,56.0,200.0,263.0,251.0,10.0,203.0,3.0,0.0,0.0,0.0,0.0,0.0
2025/11/24,20:48:49,0,55.0,217.0,263.0,251.0,15.0,203.0,3.0,2.0,0.0,0.0,0.0,0.0
2025/11/24,20:48:54,0,55.0,186.0,259.0,251.0,28.0,202.0,6.0,3.0,0.0,0.0,0.0,0.0
2025/11/24,20:48:59,0,51.0,197.0,259.0,251.0,24.0,204.0,4.0,3.0,0.0,0.0,0.0,0.0
2025/11/24,20:49:04,0,57.0,198.0,262.0,250.0,14.0,203.0,2.0,1.0,0.0,0.0,0.0,0.0
2025/11/24,20:49:09,0,55.0,208.0,263.0,251.0,14.0,203.0,3.0,1.0,0.0,0.0,0.0,0.0
2025/11/24,20:49:14,0,55.0,217.0,263.0,250.0,15.0,203.0,4.0,1.0,0.0,0.0,0.0,-0.0008
2025/11/24,20:49:19,0,54.0,201.0,261.0,251.0,28.0,204.0,6.0,3.0,0.0,0.0,0.0,0.0
2025/11/24,20:49:24,0,56.0,189.0,258.0,251.0,26.0,203.0,4.0,3.0,0.0,0.0,0.0,0.0
2025/11/24,20:49:29,0,55.0,198.0,260.0,251.0,23.0,204.0,4.0,3.0,0.0,0.0,0.0,0.0
2025/11/24,20:49:34,0,55.0,198.0,260.0,251.0,12.0,204.0,2.0,1.0,0.0,0.0,0.0,-0.0008
2025/11/24,20:49:39,0,55.0,202.0,262.0,250.0,14.0,203.0,3.0,1.0,0.0,0.0,0.0,0.0
2025/11/24,20:49:44,0,54.0,209.0,262.0,250.0,14.0,204.0,4.0,2.0,0.0,0.0,0.0,0.0
2025/11/24,20:49:49,0,55.0,215.0,264.0,249.0,16.0,203.0,3.0,1.0,0.0,0.0,0.0,0.0
2025/11/24,20:49:54,0,55.0,186.0,258.0,251.0,27.0,204.0,6.0,3.0,0.0,0.0,0.0,0.0
2025/11/24,20:49:59,0,55.0,199.0,260.0,251.0,22.0,204.0,3.0,2.0,0.0,0.0,0.0,0.0
2025/11/24,20:50:04,0,55.0,197.0,261.0,251.0,17.0,203.0,3.0,2.0,0.0,0.0,0.0,0.0
2025/11/24,20:50:09,0,55.0,202.0,263.0,251.0,12.0,204.0,2.0,1.0,0.0,0.0,0.0,-0.0008
2025/11/24,20:50:14,0,56.0,218.0,262.0,251.0,17.0,204.0,4.0,2.0,0.0,0.0,0.0,0.0
2025/11/24,20:50:19,0,55.0,204.0,260.0,251.0,22.0,205.0,5.0,2.0,0.0,0.0,0.0,-0.0008
2025/11/24,20:50:24,0,55.0,187.0,260.0,251.0,28.0,203.0,6.0,4.0,0.0,0.0,0.0,0.0
2025/11/24,20:50:29,0,53.0,198.0,260.0,251.0,24.0,203.0,5.0,2.0,0.0,0.0,0.0,0.0
2025/11/24,20:50:34,0,52.0,195.0,260.0,251.0,18.0,203.0,4.0,2.0,0.0,0.0,0.0,0.0
2025/11/24,20:50:39,0,54.0,200.0,262.0,251.0,13.0,204.0,2.0,1.0,0.0,0.0,0.0,0.0
2025/11/24,20:50:44,0,56.0,219.0,264.0,251.0,15.0,203.0,4.0,1.0,0.0,0.0,0.0,0.0
2025/11/24,20:50:49,0,56.0,205.0,264.0,251.0,21.0,204.0,5.0,2.0,0.0,0.0,0.0,0.0
2025/11/24,20:50:54,0,53.0,187.0,259.0,251.0,26.0,203.0,5.0,3.0,0.0,0.0,0.0,0.0
2025/11/24,20:50:59,0,54.0,200.0,261.0,251.0,24.0,203.0,4.0,2.0,0.0,0.0,0.0,0.0
2025/11/24,20:51:04,0,55.0,194.0,258.0,251.0,19.0,204.0,3.0,2.0,0.0,0.0,0.0,0.0
2025/11/24,20:51:09,0,53.0,200.0,263.0,250.0,9.0,203.0,1.0,0.0,0.0,0.0,0.0,0.0
2025/11/24,20:51:14,0,53.0,211.0,262.0,251.0,20.0,203.0,5.0,1.0,0.0,0.0,0.0,0.0
2025/11/24,20:51:19,0,50.0,210.0,262.0,251.0,16.0,204.0,4.0,1.0,0.0,0.0,0.0,0.0
2025/11/24,20:51:24,0,55.0,186.0,260.0,251.0,27.0,203.0,4.0,3.0,0.0,0.0,0.0,0.0
2025/11/24,20:51:29,0,54.0,199.0,257.0,251.0,24.0,203.0,4.0,3.0,0.0,0.0,0.0,0.0
2025/11/24,20:51:34,0,56.0,197.0,261.0,251.0,13.0,203.0,3.0,1.0,0.0,0.0,0.0,0.0
2025/11/24,20:51:39,0,56.0,207.0,261.0,251.0,15.0,204.0,3.0,2.0,0.0,0.0,0.0,0.0
2025/11/24,20:51:44,0,56.0,218.0,263.0,251.0,14.0,203.0,4.0,1.0,0.0,0.0,0.0,0.0
2025/11/24,20:51:49,0,56.0,199.0,260.0,251.0,29.0,203.0,6.0,4.0,0.0,0.0,0.0,0.0
2025/11/24,20:51:54,0,55.0,191.0,258.0,251.0,26.0,203.0,4.0,3.0,0.0,0.0,0.0,0.0
2025/11/24,20:51:59,0,53.0,193.0,260.0,251.0,22.0,204.0,4.0,3.0,0.0,0.0,0.0,0.0
2025/11/24,20:52:04,0,56.0,198.0,262.0,250.0,11.0,204.0,2.0,1.0,0.0,0.0,0.0,0.0
2025/11/24,20:52:09,0,56.0,206.0,262.0,251.0,15.0,204.0,3.0,1.0,0.0,0.0,0.0,0.0
2025/11/24,20:52:14,0,55.0,213.0,262.0,251.0,16.0,204.0,4.0,2.0,0.0,0.0,0.0,0.0
2025/11/24,20:52:19,0,55.0,219.0,263.0,251.0,17.0,202.0,5.0,1.0,0.0,0.0,0.0,0.0
2025/11/24,20:52:24,0,57.0,217.0,261.0,251.0,17.0,204.0,4.0,1.0,0.0,0.0,0.0,0.0
2025/11/24,20:52:29,0,59.0,207.0,261.0,251.0,21.0,203.0,5.0,2.0,0.0,0.0,0.0,0.0
2025/11/24,20:52:34,0,51.0,196.0,261.0,252.0,27.0,203.0,7.0,2.0,0.0,0.0,0.0,0.0
2025/11/24,20:52:39,0,56.0,187.0,259.0,250.0,25.0,203.0,5.0,3.0,0.0,0.0,0.0,0.0
2025/11/24,20:52:44,0,54.0,194.0,261.0,251.0,25.0,203.0,5.0,2.0,0.0,0.0,0.0,0.0
2025/11/24,20:52:49,0,53.0,197.0,260.0,249.0,24.0,202.0,5.0,3.0,0.0,0.0,0.0,0.0
2025/11/24,20:52:54,0,55.0,197.0,261.0,251.0,16.0,203.0,3.0,1.0,0.0,0.0,0.0,0.0
2025/11/24,20:52:59,0,55.0,205.0,263.0,251.0,14.0,202.0,4.0,1.0,0.0,0.0,0.0,0.0
2025/11/24,20:53:04,0,56.0,217.0,263.0,250.0,14.0,202.0,4.0,1.0,0.0,0.0,0.0,0.0
2025/11/24,20:53:09,0,55.0,192.0,261.0,252.0,30.0,202.0,6.0,4.0,0.0,0.0,0.0,0.0
2025/11/24,20:53:14,0,55.0,194.0,260.0,251.0,25.0,202.0,5.0,2.0,0.0,0.0,0.0,0.0
2025/11/24,20:53:19,0,55.0,193.0,261.0,249.0,23.0,203.0,4.0,3.0,0.0,0.0,0.0,0.0
2025/11/24,20:54:05,0,53.0,193.0,260.0,250.0,19.0,204.0,4.0,2.0,0.0,0.0,0.0,0.0
2025/11/24,20:54:09,0,55.0,209.0,264.0,249.0,14.0,203.0,4.0,2.0,0.0,0.0,0.0,0.0
2025/11/24,20:54:14,0,54.0,215.0,261.0,251.0,16.0,204.0,4.0,2.0,0.0,0.0,0.0,0.0
2025/11/24,20:54:19,0,54.0,195.0,261.0,251.0,33.0,204.0,6.0,4.0,0.0,0.0,0.0,0.0
2025/11/24,20:54:24,0,55.0,193.0,260.0,251.0,25.0,203.0,5.0,3.0,0.0,0.0,0.0,-0.0008
2025/11/24,20:54:29,0,56.0,198.0,262.0,249.0,24.0,203.0,4.0,2.0,0.0,0.0,0.0,0.0
2025/11/24,20:54:34,0,54.0,196.0,259.0,250.0,25.0,202.0,6.0,3.0,0.0,0.0,0.0,0.0
2025/11/24,20:54:39,0,54.0,195.0,261.0,250.0,21.0,203.0,4.0,2.0,0.0,0.0,0.0,0.0
2025/11/24,20:54:44,0,56.0,194.0,260.0,250.0,21.0,203.0,4.0,2.0,0.0,0.0,0.0,-0.0008
2025/11/24,20:54:49,0,58.0,194.0,261.0,250.0,21.0,203.0,4.0,2.0,0.0,0.0,0.0,0.0
2025/11/24,20:54:54,0,55.0,191.0,259.0,251.0,23.0,203.0,3.0,2.0,0.0,0.0,0.0,0.0
2025/11/24,20:54:59,0,56.0,194.0,259.0,251.0,18.0,203.0,3.0,2.0,0.0,0.0,0.0,-0.0008
2025/11/24,20:55:04,0,54.0,198.0,261.0,251.0,15.0,205.0,3.0,1.0,0.0,0.0,0.0,0.0
2025/11/24,20:55:09,0,54.0,199.0,262.0,251.0,15.0,204.0,2.0,1.0,0.0,0.0,0.0,0.0
2025/11/24,20:55:14,0,53.0,198.0,263.0,251.0,10.0,204.0,1.0,1.0,0.0,0.0,0.0,0.0
2025/11/24,20:55:19,0,55.0,197.0,262.0,250.0,19.0,204.0,3.0,1.0,0.0,0.0,0.0,0.0
2025/11/24,20:55:24,0,55.0,194.0,260.0,251.0,22.0,204.0,4.0,2.0,0.0,0.0,0.0,0.0
2025/11/24,20:55:29,0,53.0,194.0,260.0,250.0,25.0,203.0,6.0,3.0,0.0,0.0,0.0,0.0
2025/11/24,20:55:34,0,56.0,198.0,259.0,251.0,25.0,204.0,4.0,3.0,0.0,0.0,0.0,0.0
2025/11/24,20:55:39,0,54.0,192.0,260.0,250.0,23.0,202.0,5.0,3.0,-0.0008,0.0,0.0,0.0
2025/11/24,20:55:44,0,54.0,187.0,261.0,249.0,25.0,202.0,5.0,3.0,0.0,0.0,0.0,0.0
2025/11/24,20:55:49,0,55.0,186.0,260.0,251.0,28.0,204.0,6.0,4.0,0.0,0.0,0.0,0.0
2025/11/24,20:55:54,0,55.0,188.0,258.0,251.0,27.0,203.0,4.0,3.0,0.0,0.0,-0.0008,0.0
2025/11/24,20:55:59,0,57.0,200.0,261.0,251.0,24.0,203.0,5.0,2.0,0.0,0.0,0.0,0.0
2025/11/24,20:56:04,0,56.0,198.0,262.0,250.0,15.0,202.0,2.0,1.0,0.0,0.0,0.0,0.0
2025/11/24,20:56:09,0,56.0,201.0,264.0,251.0,13.0,203.0,3.0,2.0,0.0,0.0,0.0,0.0
2025/11/24,20:56:14,0,56.0,208.0,263.0,251.0,15.0,202.0,4.0,1.0,0.0,0.0,-0.0008,0.0
2025/11/24,20:56:19,0,56.0,212.0,262.0,251.0,17.0,203.0,4.0,1.0,0.0,0.0,0.0,-0.0008
2025/11/24,20:56:24,0,56.0,219.0,263.0,251.0,17.0,204.0,4.0,2.0,0.0,0.0,0.0,0.0
2025/11/24,20:56:29,0,60.0,211.0,263.0,251.0,17.0,203.0,4.0,1.0,0.0,0.0,0.0,0.0
2025/11/24,20:56:34,0,51.0,193.0,259.0,251.0,28.0,204.0,5.0,3.0,0.0,0.0,0.0,-0.0008
2025/11/24,20:56:39,0,55.0,188.0,261.0,250.0,27.0,204.0,4.0,3.0,0.0,0.0,0.0,0.0
2025/11/24,20:56:44,0,56.0,193.0,261.0,251.0,25.0,203.0,4.0,3.0,0.0,0.0,0.0,0.0
2025/11/24,20:56:49,0,56.0,195.0,260.0,251.0,27.0,203.0,5.0,3.0,0.0,0.0,0.0,0.0
2025/11/24,20:56:54,0,57.0,197.0,258.0,250.0,23.0,203.0,4.0,2.0,0.0,0.0,0.0,0.0
2025/11/24,20:56:59,0,54.0,197.0,262.0,250.0,15.0,204.0,2.0,2.0,0.0,0.0,0.0,0.0
2025/11/24,20:57:04,0,50.0,198.0,263.0,250.0,12.0,203.0,3.0,1.0,0.0,0.0,0.0,0.0
2025/11/24,20:57:09,0,55.0,200.0,260.0,251.0,13.0,204.0,2.0,0.0,0.0,0.0,0.0,0.0
2025/11/24,20:57:14,0,54.0,206.0,264.0,249.0,15.0,203.0,4.0,1.0,0.0,0.0,0.0,-0.0008
2025/11/24,20:57:19,0,56.0,207.0,263.0,251.0,17.0,204.0,4.0,2.0,0.0,0.0,0.0,0.0
2025/11/24,20:57:24,0,56.0,210.0,263.0,251.0,16.0,203.0,4.0,1.0,0.0,0.0,0.0,0.0
2025/11/24,20:57:29,0,56.0,212.0,262.0,251.0,18.0,203.0,4.0,2.0,0.0,0.0,0.0,0.0
2025/11/24,20:57:34,0,56.0,218.0,262.0,251.0,18.0,204.0,4.0,1.0,0.0,0.0,0.0,0.0
2025/11/24,20:57:39,0,57.0,205.0,263.0,251.0,24.0,204.0,5.0,3.0,0.0,0.0,0.0,0.0
2025/11/24,20:57:44,0,55.0,185.0,260.0,250.0,28.0,204.0,4.0,3.0,0.0,0.0,0.0,0.0
2025/11/24,20:57:49,0,54.0,200.0,261.0,251.0,25.0,203.0,4.0,3.0,0.0,0.0,0.0,0.0
2025/11/24,20:57:54,0,53.0,201.0,262.0,251.0,15.0,204.0,2.0,1.0,0.0,0.0,0.0,0.0
2025/11/24,20:57:59,0,55.0,213.0,261.0,251.0,17.0,203.0,4.0,2.0,0.0,0.0,0.0,0.0
2025/11/24,20:58:04,0,52.0,209.0,263.0,251.0,18.0,204.0,4.0,2.0,0.0,0.0,0.0,0.0
2025/11/24,20:58:09,0,56.0,194.0,261.0,251.0,30.0,203.0,6.0,4.0,0.0,0.0,0.0,0.0
2025/11/24,20:58:14,0,56.0,192.0,260.0,251.0,26.0,203.0,5.0,3.0,0.0,0.0,0.0,0.0
2025/11/24,20:58:19,0,55.0,195.0,261.0,251.0,31.0,204.0,4.0,3.0,0.0,0.0,0.0,0.0
2025/11/24,20:58:24,0,56.0,198.0,260.0,251.0,15.0,204.0,2.0,1.0,0.0,0.0,0.0,0.0
2025/11/24,20:58:29,0,56.0,206.0,262.0,251.0,15.0,202.0,4.0,1.0,0.0,0.0,0.0,0.0
2025/11/24,20:58:34,0,55.0,217.0,264.0,249.0,16.0,204.0,3.0,1.0,0.0,0.0,0.0,0.0
2025/11/24,20:58:39,0,56.0,204.0,263.0,249.0,23.0,202.0,5.0,3.0,0.0,0.0,0.0,0.0
2025/11/24,20:58:44,0,56.0,186.0,257.0,251.0,29.0,203.0,5.0,4.0,0.0,0.0,0.0,0.0
2025/11/24,20:58:49,0,55.0,194.0,260.0,250.0,25.0,204.0,4.0,3.0,0.0,0.0,0.0,0.0
2025/11/24,20:58:54,0,60.0,197.0,261.0,249.0,24.0,204.0,4.0,3.0,0.0,0.0,0.0,0.0
2025/11/24,20:58:59,0,56.0,195.0,260.0,251.0,19.0,204.0,3.0,2.0,0.0,0.0,0.0,0.0
2025/11/24,20:59:04,0,56.0,199.0,260.0,251.0,13.0,204.0,1.0,1.0,0.0,0.0,0.0,0.0
2025/11/24,20:59:09,0,56.0,205.0,264.0,251.0,17.0,203.0,5.0,1.0,0.0,0.0,0.0,-0.0008
2025/11/24,20:59:14,0,54.0,220.0,263.0,250.0,17.0,203.0,5.0,2.0,0.0,0.0,0.0,0.0
2025/11/24,20:59:19,0,55.0,203.0,262.0,252.0,24.0,203.0,5.0,3.0,0.0,0.0,0.0,0.0
2025/11/24,20:59:24,0,56.0,187.0,260.0,251.0,27.0,202.0,6.0,4.0,0.0,0.0,0.0,0.0
2025/11/24,20:59:29,0,56.0,192.0,259.0,251.0,25.0,203.0,5.0,3.0,0.0,0.0,0.0,0.0
2025/11/24,20:59:34,0,55.0,191.0,259.0,251.0,24.0,203.0,4.0,3.0,0.0,0.0,0.0,0.0
2025/11/24,20:59:39,0,56.0,195.0,260.0,251.0,25.0,204.0,4.0,3.0,0.0,0.0,0.0,0.0
2025/11/24,20:59:44,0,56.0,201.0,261.0,252.0,23.0,203.0,4.0,2.0,0.0,0.0,0.0,-0.0008
2025/11/24,20:59:49,0,58.0,195.0,260.0,251.0,23.0,204.0,4.0,2.0,0.0,0.0,0.0,0.0
2025/11/24,20:59:54,0,57.0,194.0,259.0,251.0,22.0,204.0,2.0,2.0,0.0,0.0,0.0,0.0
2025/11/24,20:59:59,0,56.0,193.0,260.0,250.0,23.0,202.0,5.0,3.0,0.0,0.0,0.0,-0.0008
2025/11/24,21:00:04,0,59.0,197.0,258.0,251.0,26.0,203.0,5.0,3.0,0.0,0.0,0.0,0.0
2025/11/24,21:00:09,0,56.0,199.0,260.0,250.0,24.0,203.0,4.0,2.0,0.0,0.0,0.0,0.0
2025/11/24,21:00:14,0,57.0,195.0,257.0,251.0,24.0,204.0,4.0,2.0,-0.0008,0.0,0.0,0.0
2025/11/24,21:00:19,0,57.0,194.0,261.0,251.0,24.0,203.0,4.0,3.0,0.0,0.0,0.0,0.0
2025/11/24,21:00:24,0,55.0,192.0,259.0,251.0,25.0,203.0,4.0,3.0,0.0,0.0,0.0,0.0
2025/11/24,21:00:29,0,55.0,188.0,260.0,250.0,25.0,202.0,5.0,3.0,0.0,0.0,0.0,0.0
2025/11/24,21:00:34,0,57.0,196.0,259.0,251.0,28.0,203.0,6.0,4.0,0.0,0.0,0.0,0.0
2025/11/24,21:00:39,0,54.0,187.0,261.0,251.0,28.0,203.0,6.0,4.0,0.0,0.0,0.0,-0.0008
2025/11/24,21:00:44,0,55.0,200.0,261.0,251.0,24.0,203.0,4.0,3.0,0.0,0.0,0.0,0.0
2025/11/24,21:00:49,0,54.0,198.0,264.0,249.0,11.0,202.0,3.0,1.0,0.0,0.0,0.0,0.0
2025/11/24,21:00:54,0,57.0,219.0,263.0,251.0,15.0,204.0,5.0,2.0,0.0,0.0,0.0,0.0
2025/11/24,21:00:59,0,55.0,204.0,262.0,251.0,23.0,204.0,5.0,3.0,0.0,0.0,0.0,0.0
2025/11/24,21:01:04,0,56.0,190.0,260.0,251.0,26.0,204.0,4.0,3.0,0.0,0.0,0.0,0.0
2025/11/24,21:01:09,0,56.0,193.0,260.0,251.0,27.0,204.0,4.0,3.0,0.0,0.0,0.0,-0.0008
2025/11/24,21:01:14,0,56.0,205.0,264.0,251.0,14.0,204.0,3.0,2.0,0.0,0.0,0.0,0.0
2025/11/24,21:01:19,0,57.0,187.0,260.0,251.0,32.0,204.0,5.0,4.0,0.0,0.0,0.0,0.0
2025/11/24,21:01:24,0,54.0,204.0,264.0,251.0,15.0,204.0,3.0,2.0,0.0,0.0,0.0,0.0
2025/11/24,21:01:29,0,56.0,193.0,258.0,251.0,26.0,203.0,5.0,3.0,0.0,0.0,0.0,0.0
2025/11/24,21:01:34,0,56.0,222.0,263.0,250.0,16.0,204.0,4.0,1.0,0.0,0.0,0.0,0.0
2025/11/24,21:01:39,0,54.0,195.0,261.0,251.0,22.0,204.0,5.0,3.0,0.0,0.0,0.0,0.0
2025/11/24,21:01:44,0,56.0,187.0,261.0,251.0,26.0,204.0,4.0,3.0,0.0,0.0,0.0,0.0
2025/11/24,21:01:49,0,57.0,202.0,263.0,251.0,22.0,203.0,6.0,2.0,0.0,0.0,0.0,-0.0008
2025/11/24,21:01:54,0,52.0,220.0,263.0,250.0,17.0,204.0,4.0,1.0,0.0,0.0,0.0,0.0
2025/11/24,21:01:59,0,55.0,200.0,264.0,251.0,16.0,202.0,3.0,1.0,0.0,0.0,0.0,0.0
2025/11/24,21:02:04,0,56.0,199.0,261.0,247.0,26.0,204.0,4.0,3.0,0.0,0.0,0.0,0.0
2025/11/24,21:02:09,0,56.0,209.0,263.0,251.0,18.0,204.0,4.0,2.0,0.0,0.0,0.0,0.0
2025/11/24,21:02:14,0,56.0,196.0,261.0,251.0,20.0,203.0,4.0,2.0,0.0,0.0,0.0,0.0
2025/11/24,21:02:19,0,58.0,207.0,263.0,252.0,20.0,203.0,5.0,3.0,0.0,0.0,0.0,0.0
2025/11/24,21:02:24,0,55.0,196.0,262.0,251.0,18.0,204.0,3.0,1.0,0.0,0.0,0.0,0.0
2025/11/24,21:02:29,0,57.0,193.0,261.0,250.0,29.0,203.0,6.0,3.0,0.0,0.0,0.0,0.0
2025/11/24,21:02:34,0,57.0,207.0,263.0,251.0,14.0,204.0,3.0,2.0,0.0,0.0,0.0,0.0
2025/11/24,21:02:39,0,56.0,199.0,261.0,251.0,24.0,202.0,4.0,1.0,0.0,0.0,0.0,0.0
2025/11/24,21:02:44,0,53.0,204.0,261.0,251.0,22.0,203.0,4.0,2.0,-0.0008,0.0,0.0,0.0
2025/11/24,21:02:49,0,57.0,204.0,263.0,249.0,14.0,204.0,3.0,1.0,0.0,0.0,0.0,0.0
2025/11/24,21:02:54,0,57.0,198.0,261.0,251.0,24.0,204.0,4.0,3.0,0.0,0.0,0.0,0.0
2025/11/24,21:02:59,0,54.0,215.0,263.0,251.0,15.0,204.0,4.0,1.0,0.0,0.0,0.0,0.0
2025/11/24,21:03:04,0,55.0,196.0,262.0,251.0,22.0,202.0,4.0,3.0,0.0,0.0,0.0,0.0
2025/11/24,21:03:09,0,56.0,204.0,262.0,250.0,22.0,204.0,5.0,2.0,0.0,0.0,0.0,0.0
2025/11/24,21:03:14,0,54.0,197.0,262.0,250.0,16.0,202.0,3.0,1.0,0.0,0.0,0.0,0.0
2025/11/24,21:03:19,0,59.0,203.0,262.0,250.0,24.0,203.0,5.0,2.0,0.0,0.0,0.0,0.0
2025/11/24,21:03:24,0,56.0,196.0,262.0,249.0,14.0,201.0,2.0,1.0,0.0,0.0,0.0,0.0
2025/11/24,21:03:29,0,56.0,195.0,259.0,250.0,29.0,203.0,6.0,4.0,0.0,0.0,0.0,0.0
2025/11/24,21:03:34,0,55.0,196.0,262.0,251.0,13.0,204.0,1.0,1.0,0.0,0.0,0.0,-0.0008
2025/11/24,21:04:04,0,57.0,195.0,259.0,251.0,22.0,203.0,5.0,2.0,0.0,0.0,0.0,0.0
2025/11/24,21:04:08,0,61.0,210.0,264.0,249.0,16.0,203.0,4.0,2.0,0.0,0.0,0.0,0.0
2025/11/24,21:04:13,0,55.0,196.0,261.0,251.0,15.0,204.0,2.0,2.0,0.0,0.0,0.0,0.0
2025/11/24,21:04:18,0,53.0,200.0,262.0,250.0,27.0,204.0,5.0,3.0,0.0,0.0,0.0,0.0
2025/11/24,21:04:23,0,52.0,199.0,262.0,251.0,14.0,204.0,2.0,1.0,0.0,0.0,0.0,0.0
2025/11/24,21:04:28,0,54.0,201.0,264.0,253.0,23.0,203.0,5.0,3.0,0.0,0.0,0.0,0.0
2025/11/24,21:04:33,0,54.0,196.0,259.0,251.0,18.0,204.0,2.0,2.0,0.0,0.0,0.0,0.0
2025/11/24,21:04:38,0,56.0,201.0,263.0,251.0,23.0,202.0,5.0,3.0,0.0,0.0,0.0,0.0
2025/11/24,21:04:43,0,53.0,198.0,263.0,251.0,12.0,204.0,2.0,1.0,0.0,0.0,0.0,-0.0008
2025/11/24,21:04:48,0,54.0,190.0,260.0,251.0,27.0,202.0,5.0,3.0,0.0,0.0,0.0,0.0
2025/11/24,21:04:53,0,57.0,222.0,264.0,250.0,16.0,203.0,4.0,2.0,0.0,0.0,0.0,0.0
2025/11/24,21:04:58,0,54.0,197.0,262.0,250.0,15.0,204.0,2.0,1.0,0.0,0.0,0.0,-0.0008
2025/11/24,21:05:03,0,55.0,192.0,261.0,251.0,27.0,202.0,5.0,2.0,0.0,0.0,0.0,0.0
2025/11/24,21:05:08,0,53.0,212.0,264.0,251.0,17.0,204.0,4.0,2.0,0.0,0.0,0.0,0.0
2025/11/24,21:05:13,0,55.0,200.0,262.0,251.0,15.0,204.0,3.0,1.0,0.0,0.0,0.0,0.0
2025/11/24,21:05:18,0,54.0,200.0,260.0,250.0,26.0,203.0,4.0,3.0,0.0,0.0,0.0,0.0
2025/11/24,21:05:23,0,53.0,187.0,261.0,250.0,28.0,204.0,6.0,2.0,0.0,0.0,0.0,0.0
2025/11/24,21:05:28,0,54.0,210.0,263.0,251.0,18.0,203.0,5.0,2.0,0.0,0.0,0.0,0.0
2025/11/24,21:05:33,0,56.0,213.0,264.0,250.0,18.0,203.0,4.0,2.0,0.0,0.0,0.0,0.0
2025/11/24,21:05:38,0,57.0,212.0,264.0,251.0,17.0,203.0,4.0,1.0,0.0,0.0,0.0,0.0
2025/11/24,21:05:43,0,54.0,196.0,263.0,251.0,28.0,202.0,6.0,4.0,0.0,0.0,0.0,0.0
2025/11/24,21:05:48,0,58.0,198.0,259.0,251.0,26.0,203.0,4.0,2.0,0.0,0.0,0.0,0.0
2025/11/24,21:05:53,0,50.0,211.0,264.0,251.0,17.0,204.0,4.0,1.0,0.0,0.0,0.0,0.0
2025/11/24,21:05:58,0,55.0,196.0,265.0,251.0,11.0,203.0,2.0,0.0,0.0,0.0,0.0,0.0
2025/11/24,21:06:03,0,53.0,202.0,259.0,251.0,26.0,203.0,4.0,3.0,0.0,0.0,0.0,0.0
2025/11/24,21:06:08,0,55.0,188.0,261.0,251.0,26.0,204.0,5.0,3.0,0.0,0.0,0.0,0.0
2025/11/24,21:06:13,0,57.0,205.0,264.0,251.0,20.0,203.0,5.0,2.0,0.0,0.0,0.0,0.0
2025/11/24,21:06:18,0,55.0,209.0,266.0,251.0,16.0,203.0,4.0,1.0,0.0,0.0,0.0,0.0
2025/11/24,21:06:23,0,55.0,196.0,263.0,250.0,18.0,202.0,4.0,1.0,0.0,0.0,0.0,0.0
2025/11/24,21:06:28,0,55.0,200.0,262.0,251.0,24.0,204.0,4.0,3.0,0.0,0.0,0.0,0.0
2025/11/24,21:06:33,0,55.0,189.0,262.0,250.0,26.0,203.0,5.0,3.0,0.0,0.0,0.0,0.0
2025/11/24,21:06:38,0,55.0,202.0,263.0,249.0,23.0,202.0,6.0,4.0,0.0,0.0,0.0,0.0
2025/11/24,21:06:43,0,56.0,187.0,263.0,251.0,25.0,202.0,5.0,2.0,0.0,0.0,0.0,0.0
2025/11/24,21:06:48,0,55.0,193.0,263.0,251.0,20.0,202.0,4.0,2.0,0.0,0.0,0.0,0.0
2025/11/24,21:06:53,0,55.0,192.0,263.0,252.0,24.0,202.0,5.0,3.0,0.0,0.0,0.0,0.0
2025/11/24,21:06:58,0,55.0,196.0,263.0,251.0,29.0,204.0,7.0,3.0,0.0,0.0,0.0,0.0
2025/11/24,21:07:03,0,53.0,215.0,265.0,250.0,16.0,203.0,4.0,2.0,0.0,0.0,0.0,0.0
2025/11/24,21:07:08,0,55.0,212.0,266.0,251.0,17.0,203.0,4.0,2.0,0.0,0.0,0.0,0.0
2025/11/24,21:07:13,0,55.0,204.0,263.0,251.0,15.0,203.0,3.0,1.0,0.0,0.0,0.0,0.0
2025/11/24,21:07:18,0,56.0,195.0,264.0,251.0,18.0,204.0,2.0,2.0,0.0,0.0,0.0,0.0
2025/11/24,21:07:23,0,54.0,192.0,262.0,251.0,24.0,204.0,4.0,3.0,0.0,0.0,0.0,0.0
2025/11/24,21:07:28,0,56.0,198.0,262.0,251.0,25.0,204.0,4.0,3.0,0.0,0.0,0.0,0.0
2025/11/24,21:07:33,0,57.0,186.0,264.0,252.0,26.0,203.0,6.0,4.0,0.0,0.0,0.0,0.0
2025/11/24,21:07:38,0,51.0,208.0,265.0,251.0,21.0,203.0,6.0,2.0,0.0,0.0,0.0,0.0
2025/11/24,21:07:43,0,56.0,218.0,265.0,250.0,16.0,204.0,4.0,2.0,0.0,0.0,0.0,0.0
2025/11/24,21:07:48,0,57.0,202.0,265.0,249.0,15.0,202.0,3.0,1.0,0.0,0.0,0.0,0.0
2025/11/24,21:07:53,0,55.0,195.0,264.0,251.0,17.0,204.0,3.0,2.0,0.0,0.0,0.0,0.0
2025/11/24,21:07:58,0,52.0,200.0,263.0,251.0,24.0,204.0,3.0,3.0,0.0,0.0,0.0,0.0
2025/11/24,21:08:03,0,56.0,191.0,264.0,252.0,26.0,203.0,5.0,3.0,0.0,0.0,0.0,0.0
2025/11/24,21:08:08,0,55.0,193.0,263.0,251.0,29.0,204.0,6.0,3.0,0.0,0.0,0.0,0.0
2025/11/24,21:08:13,0,55.0,210.0,264.0,251.0,18.0,204.0,4.0,1.0,0.0,0.0,0.0,0.0
2025/11/24,21:08:18,0,55.0,210.0,265.0,250.0,17.0,203.0,5.0,2.0,0.0,0.0,0.0,0.0
2025/11/24,21:08:23,0,55.0,198.0,263.0,251.0,12.0,204.0,2.0,1.0,0.0,0.0,0.0,0.0
2025/11/24,21:08:28,0,55.0,194.0,263.0,251.0,25.0,204.0,5.0,3.0,0.0,0.0,0.0,0.0
2025/11/24,21:08:33,0,54.0,192.0,262.0,251.0,26.0,204.0,5.0,3.0,0.0,0.0,0.0,0.0
2025/11/24,21:08:38,0,53.0,199.0,265.0,250.0,24.0,202.0,6.0,3.0,0.0,0.0,0.0,0.0
2025/11/24,21:08:43,0,53.0,219.0,266.0,251.0,17.0,204.0,4.0,2.0,0.0,0.0,0.0,0.0
2025/11/24,21:08:48,0,55.0,199.0,266.0,251.0,15.0,204.0,3.0,1.0,0.0,0.0,0.0,0.0
2025/11/24,21:08:53,0,51.0,197.0,264.0,251.0,22.0,203.0,3.0,2.0,0.0,0.0,0.0,0.0
2025/11/24,21:08:58,0,55.0,191.0,264.0,249.0,26.0,202.0,5.0,3.0,0.0,0.0,0.0,0.0
2025/11/24,21:09:03,0,56.0,211.0,266.0,250.0,19.0,204.0,4.0,2.0,0.0,0.0,0.0,0.0
2025/11/24,21:09:08,0,52.0,209.0,266.0,249.0,16.0,203.0,4.0,1.0,0.0,0.0,0.0,0.0
2025/11/24,21:09:13,0,54.0,205.0,267.0,249.0,15.0,202.0,4.0,1.0,0.0,0.0,0.0,0.0
2025/11/24,21:09:18,0,57.0,199.0,263.0,251.0,11.0,204.0,1.0,0.0,0.0,0.0,0.0,0.0
2025/11/24,21:09:23,0,55.0,189.0,263.0,250.0,27.0,202.0,6.0,2.0,0.0,0.0,0.0,0.0
2025/11/24,21:09:28,0,56.0,189.0,263.0,251.0,27.0,204.0,5.0,3.0,0.0,0.0,0.0,-0.0008
2025/11/24,21:09:33,0,56.0,212.0,267.0,251.0,16.0,203.0,4.0,1.0,0.0,0.0,0.0,0.0
2025/11/24,21:09:38,0,54.0,201.0,264.0,251.0,16.0,203.0,3.0,1.0,0.0,0.0,0.0,0.0
2025/11/24,21:09:43,0,57.0,193.0,264.0,250.0,21.0,203.0,4.0,2.0,0.0,0.0,0.0,0.0
2025/11/24,21:09:48,0,57.0,198.0,265.0,251.0,25.0,203.0,4.0,3.0,0.0,0.0,0.0,0.0
2025/11/24,21:09:53,0,55.0,191.0,263.0,250.0,27.0,203.0,5.0,3.0,0.0,0.0,0.0,0.0
2025/11/24,21:09:58,0,54.0,205.0,265.0,250.0,22.0,203.0,6.0,3.0,0.0,0.0,0.0,0.0
2025/11/24,21:10:03,0,56.0,212.0,267.0,251.0,16.0,202.0,4.0,1.0,0.0,0.0,0.0,0.0
2025/11/24,21:10:08,0,55.0,197.0,265.0,250.0,16.0,203.0,2.0,1.0,0.0,0.0,0.0,0.0
2025/11/24,21:10:13,0,54.0,198.0,264.0,251.0,24.0,203.0,4.0,3.0,0.0,0.0,0.0,0.0
2025/11/24,21:10:18,0,55.0,199.0,265.0,251.0,28.0,204.0,5.0,4.0,0.0,0.0,0.0,0.0
2025/11/24,21:10:23,0,55.0,215.0,268.0,252.0,15.0,202.0,5.0,1.0,0.0,0.0,0.0,0.0
2025/11/24,21:10:28,0,56.0,198.0,266.0,251.0,13.0,203.0,2.0,0.0,0.0,0.0,0.0,0.0
2025/11/24,21:10:33,0,54.0,197.0,263.0,250.0,26.0,203.0,5.0,3.0,0.0,0.0,0.0,0.0
2025/11/24,21:10:38,0,54.0,186.0,263.0,251.0,28.0,203.0,4.0,3.0,0.0,0.0,0.0,0.0
2025/11/24,21:10:43,0,53.0,210.0,267.0,250.0,12.0,202.0,5.0,1.0,0.0,0.0,0.0,0.0
2025/11/24,21:10:48,0,53.0,202.0,267.0,251.0,15.0,203.0,4.0,1.0,0.0,0.0,0.0,-0.0008
2025/11/24,21:10:53,0,52.0,197.0,265.0,251.0,19.0,202.0,3.0,1.0,0.0,0.0,0.0,0.0
2025/11/24,21:10:58,0,52.0,200.0,264.0,251.0,26.0,203.0,4.0,2.0,0.0,0.0,0.0,0.0
2025/11/24,21:11:03,0,51.0,190.0,263.0,251.0,26.0,204.0,5.0,3.0,0.0,0.0,0.0,0.0
2025/11/24,21:11:08,0,56.0,206.0,267.0,249.0,21.0,204.0,4.0,2.0,0.0,0.0,0.0,0.0
2025/11/24,21:11:13,0,52.0,211.0,264.0,251.0,16.0,205.0,4.0,1.0,0.0,0.0,0.0,0.0
2025/11/24,21:11:18,0,56.0,195.0,263.0,251.0,17.0,203.0,3.0,2.0,0.0,0.0,0.0,0.0
2025/11/24,21:11:23,0,52.0,195.0,263.0,249.0,25.0,202.0,4.0,3.0,0.0,0.0,0.0,0.0
2025/11/24,21:11:28,0,50.0,193.0,265.0,251.0,26.0,204.0,5.0,4.0,0.0,0.0,0.0,-0.0008
2025/11/24,21:11:33,0,51.0,214.0,267.0,250.0,17.0,204.0,5.0,1.0,0.0,0.0,0.0,0.0
2025/11/24,21:11:38,0,52.0,206.0,264.0,251.0,16.0,204.0,3.0,1.0,0.0,0.0,0.0,0.0
2025/11/24,21:11:43,0,51.0,194.0,265.0,251.0,20.0,203.0,3.0,2.0,0.0,0.0,0.0,0.0
2025/11/24,21:11:48,0,53.0,196.0,265.0,250.0,24.0,204.0,3.0,3.0,0.0,0.0,0.0,0.0
2025/11/24,21:11:53,0,53.0,185.0,264.0,250.0,29.0,203.0,6.0,4.0,0.0,0.0,0.0,0.0
2025/11/24,21:11:58,0,52.0,212.0,268.0,252.0,17.0,203.0,4.0,1.0,0.0,0.0,0.0,0.0
2025/11/24,21:12:03,0,53.0,207.0,267.0,250.0,16.0,202.0,4.0,1.0,0.0,0.0,0.0,0.0
2025/11/24,21:12:08,0,52.0,194.0,265.0,251.0,18.0,204.0,3.0,2.0,0.0,0.0,0.0,0.0
2025/11/24,21:12:13,0,52.0,194.0,263.0,251.0,27.0,204.0,4.0,3.0,0.0,0.0,0.0,-0.0008
2025/11/24,21:12:18,0,52.0,202.0,266.0,250.0,24.0,203.0,6.0,3.0,0.0,0.0,0.0,0.0
2025/11/24,21:12:23,0,54.0,214.0,267.0,249.0,17.0,205.0,4.0,2.0,0.0,0.0,0.0,0.0
2025/11/24,21:12:28,0,55.0,198.0,266.0,251.0,12.0,204.0,2.0,1.0,0.0,0.0,0.0,0.0
2025/11/24,21:12:33,0,54.0,193.0,264.0,250.0,26.0,204.0,5.0,3.0,0.0,0.0,0.0,0.0
2025/11/24,21:12:38,0,53.0,191.0,265.0,251.0,25.0,203.0,4.0,3.0,0.0,0.0,0.0,0.0
2025/11/24,21:12:43,0,54.0,207.0,266.0,251.0,20.0,204.0,5.0,2.0,0.0,0.0,0.0,0.0
2025/11/24,21:12:48,0,53.0,206.0,268.0,251.0,15.0,204.0,3.0,1.0,0.0,0.0,0.0,0.0
2025/11/24,21:12:53,0,52.0,197.0,267.0,249.0,16.0,202.0,3.0,2.0,0.0,0.0,0.0,0.0
2025/11/24,21:12:58,0,53.0,196.0,265.0,251.0,25.0,203.0,4.0,2.0,0.0,0.0,0.0,0.0
2025/11/24,21:13:03,0,52.0,188.0,264.0,249.0,28.0,202.0,6.0,5.0,0.0,0.0,0.0,0.0
2025/11/24,21:13:08,0,54.0,210.0,267.0,249.0,17.0,201.0,4.0,2.0,0.0,0.0,0.0,0.0
2025/11/24,21:13:13,0,52.0,207.0,268.0,251.0,14.0,203.0,5.0,1.0,0.0,0.0,0.0,0.0
2025/11/24,21:13:18,0,52.0,196.0,266.0,250.0,19.0,203.0,3.0,2.0,0.0,0.0,0.0,0.0
2025/11/24,21:13:23,0,50.0,192.0,263.0,251.0,26.0,203.0,4.0,3.0,0.0,0.0,0.0,0.0
2025/11/24,21:13:28,0,52.0,201.0,266.0,250.0,23.0,202.0,6.0,2.0,0.0,0.0,0.0,0.0
2025/11/24,21:13:33,0,52.0,219.0,269.0,249.0,16.0,202.0,5.0,1.0,0.0,0.0,0.0,0.0
2025/11/24,21:13:38,0,50.0,199.0,268.0,251.0,13.0,204.0,2.0,1.0,0.0,0.0,0.0,0.0
2025/11/24,21:14:24,0,51.0,188.0,265.0,250.0,23.0,204.0,5.0,3.0,0.0,0.0,0.0,0.0
2025/11/24,21:14:28,0,50.0,195.0,265.0,249.0,20.0,205.0,4.0,2.0,0.0,0.0,0.0,0.0
2025/11/24,21:14:33,0,52.0,191.0,265.0,251.0,26.0,203.0,5.0,3.0,0.0,0.0,0.0,0.0
2025/11/24,21:14:38,0,53.0,207.0,267.0,251.0,20.0,204.0,5.0,2.0,0.0,0.0,0.0,0.0
2025/11/24,21:14:43,0,54.0,208.0,267.0,251.0,16.0,204.0,3.0,1.0,0.0,0.0,0.0,0.0
2025/11/24,21:14:48,0,55.0,196.0,266.0,253.0,17.0,202.0,3.0,1.0,0.0,0.0,0.0,0.0
2025/11/24,21:14:53,0,52.0,194.0,264.0,250.0,26.0,201.0,5.0,3.0,0.0,0.0,0.0,0.0
2025/11/24,21:14:58,0,53.0,191.0,266.0,250.0,29.0,203.0,7.0,4.0,0.0,0.0,0.0,0.0
2025/11/24,21:15:03,0,51.0,209.0,267.0,250.0,20.0,204.0,5.0,2.0,0.0,0.0,0.0,0.0
2025/11/24,21:15:08,0,53.0,221.0,268.0,249.0,16.0,203.0,5.0,1.0,0.0,0.0,0.0,0.0
2025/11/24,21:15:13,0,52.0,203.0,268.0,250.0,15.0,203.0,4.0,1.0,0.0,0.0,0.0,0.0
2025/11/24,21:15:18,0,55.0,196.0,265.0,250.0,20.0,204.0,4.0,2.0,0.0,0.0,0.0,0.0
2025/11/24,21:15:23,0,55.0,192.0,265.0,251.0,25.0,202.0,5.0,3.0,0.0,0.0,0.0,0.0
2025/11/24,21:15:28,0,54.0,207.0,267.0,250.0,21.0,203.0,5.0,2.0,0.0,0.0,0.0,0.0
2025/11/24,21:15:33,0,54.0,208.0,268.0,251.0,14.0,204.0,3.0,1.0,0.0,0.0,0.0,0.0
2025/11/24,21:15:38,0,53.0,196.0,266.0,251.0,19.0,204.0,3.0,2.0,0.0,0.0,0.0,0.0
2025/11/24,21:15:43,0,54.0,197.0,264.0,250.0,24.0,204.0,4.0,3.0,0.0,0.0,0.0,0.0
2025/11/24,21:15:48,0,52.0,190.0,266.0,250.0,28.0,203.0,6.0,4.0,0.0,0.0,0.0,0.0
2025/11/24,21:15:53,0,53.0,220.0,267.0,251.0,17.0,203.0,5.0,1.0,0.0,0.0,0.0,0.0
2025/11/24,21:15:58,0,54.0,196.0,265.0,250.0,14.0,203.0,1.0,1.0,0.0,0.0,0.0,0.0
2025/11/24,21:16:03,0,51.0,198.0,266.0,251.0,22.0,204.0,4.0,2.0,0.0,0.0,0.0,-0.0008
2025/11/24,21:16:08,0,54.0,197.0,265.0,251.0,25.0,202.0,4.0,2.0,0.0,0.0,0.0,0.0
2025/11/24,21:16:13,0,54.0,189.0,265.0,250.0,29.0,204.0,6.0,4.0,0.0,0.0,0.0,0.0
2025/11/24,21:16:18,0,59.0,219.0,268.0,250.0,17.0,203.0,5.0,2.0,0.0,0.0,0.0,-0.0008
2025/11/24,21:16:23,0,52.0,198.0,268.0,251.0,13.0,204.0,2.0,1.0,0.0,0.0,0.0,0.0
2025/11/24,21:16:28,0,55.0,191.0,266.0,249.0,23.0,202.0,5.0,3.0,0.0,0.0,0.0,0.0
2025/11/24,21:16:33,0,55.0,190.0,264.0,250.0,27.0,204.0,5.0,3.0,0.0,0.0,0.0,0.0
2025/11/24,21:16:38,0,56.0,211.0,268.0,251.0,16.0,203.0,3.0,1.0,0.0,0.0,0.0,0.0
2025/11/24,21:16:43,0,55.0,204.0,268.0,251.0,15.0,204.0,3.0,1.0,0.0,0.0,0.0,0.0
2025/11/24,21:16:48,0,54.0,202.0,266.0,250.0,17.0,203.0,3.0,1.0,0.0,0.0,0.0,0.0
2025/11/24,21:16:53,0,55.0,199.0,265.0,251.0,24.0,204.0,4.0,3.0,0.0,0.0,0.0,0.0
2025/11/24,21:16:58,0,57.0,192.0,265.0,250.0,30.0,204.0,6.0,4.0,0.0,0.0,0.0,0.0
2025/11/24,21:17:03,0,57.0,220.0,268.0,249.0,16.0,202.0,4.0,1.0,0.0,0.0,0.0,0.0
2025/11/24,21:17:08,0,54.0,197.0,267.0,251.0,11.0,202.0,3.0,1.0,0.0,0.0,0.0,0.0
2025/11/24,21:17:13,0,55.0,198.0,264.0,250.0,25.0,204.0,4.0,3.0,0.0,0.0,0.0,0.0
2025/11/24,21:17:18,0,54.0,194.0,267.0,251.0,20.0,201.0,4.0,2.0,0.0,0.0,0.0,0.0
2025/11/24,21:17:23,0,57.0,211.0,265.0,251.0,17.0,203.0,3.0,2.0,0.0,0.0,0.0,0.0
2025/11/24,21:17:28,0,54.0,203.0,265.0,251.0,16.0,203.0,4.0,1.0,0.0,0.0,0.0,0.0
2025/11/24,21:17:33,0,52.0,195.0,266.0,250.0,15.0,202.0,3.0,1.0,0.0,0.0,0.0,-0.0008
2025/11/24,21:17:38,0,50.0,199.0,265.0,249.0,25.0,202.0,4.0,3.0,0.0,0.0,0.0,0.0
2025/11/24,21:17:43,0,55.0,185.0,265.0,250.0,26.0,203.0,5.0,3.0,0.0,0.0,0.0,0.0
2025/11/24,21:17:48,0,55.0,209.0,267.0,251.0,19.0,203.0,4.0,1.0,0.0,0.0,0.0,0.0
2025/11/24,21:17:53,0,54.0,212.0,268.0,251.0,16.0,203.0,5.0,1.0,0.0,0.0,0.0,0.0
2025/11/24,21:17:58,0,55.0,199.0,267.0,250.0,13.0,204.0,3.0,1.0,0.0,0.0,0.0,0.0
2025/11/24,21:18:03,0,54.0,192.0,266.0,248.0,25.0,201.0,5.0,3.0,0.0,0.0,0.0,0.0
2025/11/24,21:18:08,0,56.0,185.0,265.0,251.0,27.0,202.0,5.0,3.0,0.0,0.0,0.0,0.0
2025/11/24,21:18:13,0,57.0,208.0,264.0,251.0,20.0,203.0,4.0,2.0,0.0,0.0,0.0,0.0
2025/11/24,21:18:18,0,55.0,211.0,268.0,251.0,16.0,203.0,4.0,2.0,0.0,0.0,0.0,0.0
2025/11/24,21:18:23,0,56.0,196.0,266.0,250.0,15.0,204.0,2.0,1.0,0.0,0.0,0.0,0.0
2025/11/24,21:18:28,0,55.0,199.0,265.0,250.0,24.0,202.0,4.0,2.0,0.0,0.0,0.0,0.0
2025/11/24,21:18:33,0,56.0,187.0,266.0,251.0,30.0,203.0,7.0,3.0,0.0,0.0,0.0,0.0
2025/11/24,21:18:38,0,54.0,213.0,268.0,250.0,15.0,204.0,4.0,1.0,0.0,0.0,0.0,0.0
2025/11/24,21:18:43,0,55.0,200.0,268.0,251.0,15.0,203.0,2.0,1.0,0.0,0.0,0.0,0.0
2025/11/24,21:18:48,0,54.0,191.0,263.0,251.0,28.0,204.0,4.0,3.0,0.0,0.0,0.0,0.0
2025/11/24,21:18:53,0,54.0,186.0,265.0,250.0,26.0,204.0,5.0,3.0,0.0,0.0,0.0,0.0
2025/11/24,21:18:58,0,56.0,209.0,269.0,249.0,17.0,202.0,4.0,2.0,0.0,0.0,0.0,-0.0008
2025/11/24,21:19:03,0,55.0,211.0,268.0,251.0,17.0,203.0,4.0,1.0,0.0,0.0,0.0,0.0
2025/11/24,21:19:08,0,50.0,197.0,267.0,251.0,12.0,204.0,2.0,1.0,0.0,0.0,0.0,-0.0008
2025/11/24,21:19:13,0,53.0,200.0,264.0,251.0,26.0,203.0,4.0,3.0,0.0,0.0,0.0,0.0
2025/11/24,21:19:18,0,57.0,190.0,266.0,250.0,27.0,201.0,6.0,4.0,0.0,0.0,0.0,0.0
2025/11/24,21:19:23,0,52.0,219.0,268.0,251.0,17.0,204.0,4.0,2.0,0.0,0.0,0.0,0.0
2025/11/24,21:19:28,0,55.0,198.0,267.0,250.0,15.0,204.0,3.0,1.0,0.0,0.0,0.0,0.0
2025/11/24,21:19:33,0,53.0,194.0,266.0,251.0,24.0,202.0,5.0,2.0,0.0,0.0,0.0,0.0
2025/11/24,21:19:38,0,55.0,188.0,264.0,250.0,28.0,203.0,5.0,3.0,0.0,0.0,0.0,0.0
2025/11/24,21:19:43,0,54.0,208.0,268.0,249.0,18.0,202.0,5.0,2.0,0.0,0.0,0.0,0.0
2025/11/24,21:19:48,0,55.0,208.0,267.0,250.0,16.0,203.0,4.0,1.0,0.0,0.0,0.0,-0.0008
2025/11/24,21:19:53,0,54.0,195.0,264.0,251.0,21.0,204.0,3.0,2.0,0.0,0.0,0.0,0.0
2025/11/24,21:19:58,0,55.0,192.0,265.0,250.0,24.0,203.0,5.0,3.0,0.0,0.0,0.0,0.0
2025/11/24,21:20:03,0,56.0,198.0,266.0,249.0,26.0,204.0,5.0,4.0,0.0,0.0,0.0,0.0
2025/11/24,21:20:08,0,55.0,218.0,268.0,249.0,17.0,205.0,4.0,1.0,0.0,0.0,0.0,0.0
2025/11/24,21:20:13,0,53.0,197.0,266.0,250.0,14.0,204.0,2.0,1.0,0.0,0.0,0.0,0.0
2025/11/24,21:20:18,0,55.0,201.0,262.0,251.0,24.0,203.0,4.0,3.0,0.0,0.0,0.0,0.0
2025/11/24,21:20:23,0,53.0,186.0,265.0,251.0,30.0,202.0,6.0,3.0,0.0,0.0,0.0,0.0
2025/11/24,21:20:28,0,52.0,215.0,267.0,251.0,15.0,203.0,4.0,1.0,0.0,0.0,0.0,0.0
2025/11/24,21:20:33,0,53.0,199.0,267.0,250.0,15.0,204.0,3.0,1.0,0.0,0.0,0.0,0.0
2025/11/24,21:20:38,0,53.0,192.0,265.0,251.0,23.0,203.0,4.0,2.0,0.0,0.0,0.0,0.0
2025/11/24,21:20:43,0,53.0,190.0,263.0,251.0,28.0,203.0,5.0,3.0,0.0,0.0,0.0,0.0
2025/11/24,21:20:48,0,54.0,206.0,267.0,251.0,19.0,204.0,5.0,2.0,0.0,0.0,0.0,0.0
2025/11/24,21:20:53,0,54.0,205.0,268.0,250.0,15.0,202.0,4.0,1.0,0.0,0.0,0.0,-0.0008
2025/11/24,21:20:58,0,56.0,196.0,266.0,250.0,16.0,202.0,4.0,1.0,0.0,0.0,0.0,0.0
2025/11/24,21:21:03,0,55.0,197.0,264.0,251.0,24.0,204.0,4.0,2.0,0.0,0.0,0.0,0.0
2025/11/24,21:21:08,0,52.0,202.0,265.0,250.0,25.0,203.0,6.0,3.0,0.0,0.0,0.0,0.0
2025/11/24,21:21:13,0,54.0,205.0,267.0,250.0,15.0,204.0,4.0,1.0,0.0,0.0,0.0,0.0
2025/11/24,21:21:18,0,54.0,191.0,265.0,250.0,23.0,202.0,4.0,2.0,0.0,0.0,0.0,0.0
2025/11/24,21:21:23,0,54.0,192.0,264.0,251.0,27.0,204.0,5.0,3.0,0.0,0.0,0.0,0.0
2025/11/24,21:21:28,0,60.0,202.0,264.0,250.0,25.0,203.0,5.0,3.0,0.0,0.0,0.0,0.0
2025/11/24,21:21:33,0,55.0,216.0,267.0,250.0,16.0,203.0,4.0,1.0,0.0,0.0,0.0,0.0
2025/11/24,21:21:38,0,55.0,197.0,266.0,250.0,13.0,204.0,2.0,1.0,0.0,0.0,0.0,0.0
2025/11/24,21:21:43,0,52.0,198.0,264.0,250.0,24.0,203.0,4.0,3.0,0.0,0.0,0.0,0.0
2025/11/24,21:21:48,0,55.0,186.0,265.0,250.0,27.0,202.0,6.0,3.0,0.0,0.0,0.0,0.0
2025/11/24,21:21:53,0,54.0,213.0,268.0,250.0,18.0,204.0,3.0,1.0,0.0,0.0,0.0,0.0
2025/11/24,21:21:58,0,55.0,197.0,265.0,250.0,15.0,203.0,2.0,1.0,0.0,0.0,0.0,0.0
2025/11/24,21:22:03,0,53.0,194.0,264.0,251.0,24.0,203.0,4.0,3.0,0.0,0.0,0.0,0.0
2025/11/24,21:22:08,0,53.0,191.0,264.0,251.0,28.0,204.0,5.0,3.0,0.0,0.0,0.0,0.0
2025/11/24,21:22:13,0,55.0,212.0,268.0,251.0,16.0,201.0,4.0,1.0,0.0,0.0,0.0,0.0
2025/11/24,21:22:18,0,53.0,201.0,267.0,251.0,15.0,203.0,3.0,1.0,0.0,0.0,0.0,0.0
2025/11/24,21:22:23,0,55.0,196.0,266.0,250.0,21.0,203.0,4.0,1.0,0.0,0.0,0.0,0.0
2025/11/24,21:22:28,0,53.0,193.0,263.0,251.0,25.0,204.0,5.0,3.0,0.0,0.0,0.0,0.0
2025/11/24,21:22:33,0,51.0,201.0,266.0,250.0,26.0,203.0,6.0,4.0,0.0,0.0,0.0,0.0
2025/11/24,21:22:38,0,55.0,213.0,268.0,249.0,16.0,202.0,5.0,1.0,0.0,0.0,0.0,0.0
2025/11/24,21:22:43,0,55.0,198.0,265.0,251.0,12.0,203.0,2.0,1.0,0.0,0.0,0.0,0.0
2025/11/24,21:22:48,0,56.0,191.0,265.0,250.0,25.0,203.0,5.0,3.0,0.0,0.0,0.0,0.0
2025/11/24,21:22:53,0,53.0,186.0,263.0,251.0,29.0,204.0,4.0,3.0,0.0,0.0,0.0,0.0
2025/11/24,21:22:58,0,54.0,215.0,267.0,251.0,17.0,203.0,4.0,1.0,0.0,0.0,0.0,-0.0008
2025/11/24,21:23:03,0,52.0,199.0,268.0,250.0,15.0,202.0,3.0,1.0,0.0,0.0,0.0,0.0
2025/11/24,21:23:08,0,53.0,191.0,265.0,251.0,28.0,202.0,4.0,3.0,0.0,0.0,0.0,0.0
2025/11/24,21:23:13,0,55.0,188.0,264.0,250.0,28.0,203.0,5.0,3.0,0.0,0.0,0.0,0.0
2025/11/24,21:23:18,0,54.0,211.0,265.0,251.0,16.0,203.0,3.0,2.0,0.0,0.0,0.0,0.0
2025/11/24,21:23:23,0,54.0,205.0,268.0,250.0,14.0,203.0,3.0,1.0,0.0,0.0,0.0,0.0
2025/11/24,21:23:28,0,54.0,195.0,265.0,250.0,20.0,203.0,3.0,2.0,0.0,0.0,0.0,0.0
2025/11/24,21:23:33,0,53.0,193.0,265.0,250.0,26.0,203.0,4.0,3.0,0.0,0.0,0.0,0.0
2025/11/24,21:23:38,0,55.0,206.0,267.0,250.0,21.0,203.0,5.0,3.0,0.0,0.0,0.0,0.0
2025/11/24,21:23:43,0,54.0,212.0,268.0,250.0,17.0,204.0,4.0,1.0,0.0,0.0,0.0,0.0
2025/11/24,21:23:48,0,53.0,197.0,267.0,250.0,15.0,204.0,2.0,1.0,0.0,0.0,0.0,0.0
2025/11/24,21:23:53,0,54.0,194.0,263.0,251.0,27.0,203.0,4.0,3.0,0.0,0.0,0.0,0.0
2025/11/24,21:24:23,0,57.0,194.0,266.0,250.0,23.0,203.0,7.0,3.0,0.0,0.0,0.0,0.0
2025/11/24,21:24:27,0,53.0,196.0,267.0,251.0,15.0,203.0,2.0,2.0,0.0,0.0,0.0,0.0
2025/11/24,21:24:32,0,54.0,188.0,266.0,249.0,29.0,202.0,7.0,4.0,-0.0008,0.0,0.0,0.0
2025/11/24,21:24:37,0,51.0,203.0,265.0,250.0,14.0,203.0,2.0,1.0,0.0,0.0,0.0,0.0
2025/11/24,21:24:42,0,51.0,191.0,265.0,250.0,28.0,204.0,4.0,3.0,0.0,0.0,0.0,0.0
2025/11/24,21:24:47,0,52.0,218.0,268.0,250.0,16.0,202.0,4.0,2.0,0.0,0.0,0.0,0.0
2025/11/24,21:24:52,0,51.0,194.0,265.0,250.0,26.0,203.0,4.0,3.0,0.0,0.0,0.0,0.0
2025/11/24,21:24:57,0,50.0,202.0,267.0,250.0,22.0,203.0,5.0,3.0,0.0,0.0,0.0,0.0
2025/11/24,21:25:02,0,51.0,200.0,268.0,250.0,14.0,202.0,3.0,0.0,0.0,0.0,0.0,0.0
2025/11/24,21:25:07,0,53.0,199.0,263.0,251.0,27.0,203.0,4.0,3.0,0.0,0.0,0.0,0.0
2025/11/24,21:25:12,0,54.0,192.0,266.0,251.0,29.0,202.0,6.0,3.0,0.0,0.0,0.0,-0.0008
2025/11/24,21:25:17,0,53.0,218.0,268.0,250.0,16.0,201.0,4.0,2.0,0.0,0.0,0.0,0.0
2025/11/24,21:25:22,0,54.0,198.0,267.0,250.0,14.0,204.0,2.0,1.0,0.0,0.0,0.0,0.0
2025/11/24,21:25:27,0,52.0,195.0,265.0,250.0,26.0,203.0,5.0,3.0,-0.0008,0.0,0.0,-0.0008
2025/11/24,21:25:32,0,53.0,212.0,267.0,250.0,16.0,203.0,3.0,1.0,0.0,0.0,0.0,0.0
2025/11/24,21:25:37,0,58.0,195.0,264.0,250.0,20.0,203.0,3.0,2.0,0.0,0.0,0.0,0.0
2025/11/24,21:25:42,0,51.0,199.0,265.0,251.0,28.0,204.0,5.0,3.0,0.0,0.0,0.0,0.0
2025/11/24,21:25:47,0,55.0,197.0,269.0,251.0,12.0,202.0,3.0,0.0,0.0,0.0,0.0,0.0
2025/11/24,21:25:52,0,53.0,188.0,266.0,251.0,27.0,202.0,5.0,3.0,0.0,0.0,0.0,0.0
2025/11/24,21:25:57,0,54.0,199.0,268.0,250.0,12.0,203.0,2.0,1.0,0.0,0.0,0.0,0.0
2025/11/24,21:26:02,0,56.0,196.0,267.0,249.0,28.0,202.0,5.0,3.0,0.0,0.0,0.0,0.0
2025/11/24,21:26:07,0,51.0,193.0,265.0,250.0,24.0,202.0,5.0,3.0,0.0,0.0,0.0,0.0
2025/11/24,21:26:12,0,55.0,215.0,268.0,251.0,15.0,204.0,4.0,2.0,0.0,0.0,0.0,0.0
2025/11/24,21:26:17,0,53.0,187.0,265.0,249.0,27.0,205.0,5.0,3.0,0.0,0.0,0.0,0.0
2025/11/24,21:26:22,0,54.0,196.0,268.0,250.0,11.0,203.0,2.0,0.0,0.0,0.0,0.0,0.0
2025/11/24,21:26:27,0,55.0,192.0,265.0,251.0,29.0,202.0,6.0,4.0,0.0,0.0,0.0,0.0
2025/11/24,21:26:32,0,54.0,201.0,268.0,249.0,13.0,203.0,3.0,1.0,0.0,0.0,0.0,0.0
2025/11/24,21:26:37,0,55.0,191.0,265.0,250.0,25.0,202.0,4.0,3.0,0.0,0.0,0.0,0.0
2025/11/24,21:26:42,0,54.0,218.0,269.0,251.0,15.0,202.0,4.0,1.0,0.0,0.0,0.0,0.0
2025/11/24,21:26:47,0,55.0,197.0,265.0,250.0,19.0,204.0,3.0,2.0,0.0,0.0,0.0,0.0
2025/11/24,21:26:52,0,56.0,186.0,265.0,249.0,28.0,202.0,5.0,4.0,0.0,0.0,0.0,0.0
2025/11/24,21:26:57,0,53.0,210.0,268.0,251.0,14.0,204.0,4.0,2.0,0.0,0.0,0.0,0.0
2025/11/24,21:27:02,0,54.0,191.0,265.0,249.0,24.0,204.0,4.0,3.0,0.0,0.0,0.0,0.0
2025/11/24,21:27:07,0,57.0,198.0,265.0,251.0,24.0,203.0,6.0,3.0,0.0,0.0,0.0,0.0
2025/11/24,21:27:12,0,56.0,198.0,267.0,250.0,11.0,202.0,2.0,1.0,0.0,0.0,0.0,0.0
2025/11/24,21:27:17,0,55.0,189.0,264.0,250.0,28.0,204.0,5.0,3.0,0.0,0.0,0.0,0.0
2025/11/24,21:27:22,0,53.0,211.0,268.0,250.0,15.0,202.0,5.0,1.0,0.0,0.0,0.0,0.0
2025/11/24,21:27:27,0,53.0,199.0,263.0,251.0,27.0,203.0,4.0,3.0,0.0,0.0,0.0,0.0
2025/11/24,21:27:32,0,54.0,216.0,268.0,250.0,15.0,202.0,4.0,1.0,0.0,0.0,0.0,-0.0008
2025/11/24,21:27:37,0,54.0,209.0,267.0,251.0,14.0,204.0,3.0,1.0,0.0,0.0,0.0,-0.0008
2025/11/24,21:27:42,0,54.0,220.0,267.0,251.0,18.0,203.0,5.0,2.0,0.0,0.0,0.0,0.0
2025/11/24,21:27:47,0,55.0,196.0,265.0,248.0,26.0,203.0,4.0,3.0,0.0,0.0,0.0,0.0
2025/11/24,21:27:52,0,53.0,212.0,267.0,251.0,16.0,204.0,4.0,1.0,0.0,0.0,0.0,0.0
2025/11/24,21:27:57,0,53.0,195.0,264.0,251.0,28.0,204.0,4.0,3.0,0.0,0.0,0.0,0.0
2025/11/24,21:28:02,0,55.0,215.0,268.0,251.0,16.0,204.0,4.0,1.0,0.0,0.0,0.0,0.0
2025/11/24,21:28:07,0,56.0,192.0,264.0,250.0,27.0,202.0,5.0,3.0,0.0,0.0,0.0,0.0
2025/11/24,21:28:12,0,55.0,217.0,268.0,251.0,14.0,203.0,4.0,1.0,0.0,0.0,0.0,0.0
2025/11/24,21:28:17,0,55.0,193.0,264.0,250.0,25.0,203.0,4.0,2.0,0.0,0.0,0.0,0.0
2025/11/24,21:28:22,0,57.0,196.0,266.0,250.0,28.0,203.0,6.0,3.0,0.0,0.0,0.0,0.0
2025/11/24,21:28:27,0,55.0,209.0,268.0,250.0,16.0,202.0,4.0,1.0,0.0,0.0,0.0,0.0
2025/11/24,21:28:32,0,53.0,200.0,265.0,250.0,25.0,203.0,4.0,3.0,0.0,0.0,0.0,0.0
2025/11/24,21:28:37,0,56.0,219.0,268.0,249.0,17.0,202.0,5.0,1.0,0.0,0.0,0.0,0.0
2025/11/24,21:28:42,0,54.0,198.0,263.0,250.0,25.0,203.0,4.0,2.0,0.0,0.0,0.0,0.0
2025/11/24,21:28:47,0,53.0,213.0,269.0,250.0,15.0,204.0,3.0,2.0,0.0,0.0,0.0,-0.0008
2025/11/24,21:28:52,0,55.0,198.0,265.0,250.0,26.0,203.0,4.0,2.0,0.0,0.0,0.0,0.0
2025/11/24,21:28:57,0,56.0,214.0,268.0,250.0,16.0,202.0,5.0,1.0,0.0,0.0,0.0,0.0
2025/11/24,21:29:02,0,54.0,195.0,266.0,250.0,19.0,203.0,2.0,2.0,0.0,0.0,0.0,0.0
2025/11/24,21:29:07,0,53.0,198.0,266.0,250.0,30.0,204.0,6.0,3.0,0.0,0.0,0.0,0.0
2025/11/24,21:29:12,0,54.0,197.0,268.0,250.0,13.0,204.0,2.0,1.0,0.0,0.0,0.0,0.0
2025/11/24,21:29:17,0,55.0,185.0,265.0,251.0,31.0,201.0,6.0,4.0,0.0,0.0,0.0,0.0
2025/11/24,21:29:22,0,55.0,202.0,269.0,251.0,16.0,203.0,3.0,1.0,0.0,0.0,0.0,0.0
2025/11/24,21:29:27,0,55.0,191.0,265.0,250.0,26.0,202.0,5.0,3.0,0.0,0.0,0.0,0.0
2025/11/24,21:29:32,0,55.0,214.0,269.0,250.0,17.0,204.0,4.0,1.0,0.0,0.0,0.0,0.0
2025/11/24,21:29:37,0,54.0,201.0,265.0,250.0,25.0,204.0,4.0,2.0,0.0,0.0,0.0,0.0
2025/11/24,21:29:42,0,54.0,212.0,269.0,250.0,20.0,203.0,4.0,1.0,0.0,0.0,0.0,0.0
2025/11/24,21:29:47,0,56.0,195.0,267.0,251.0,23.0,202.0,4.0,2.0,0.0,0.0,0.0,0.0
2025/11/24,21:29:52,0,55.0,208.0,269.0,251.0,19.0,203.0,5.0,2.0,0.0,0.0,0.0,-0.0008
2025/11/24,21:29:57,0,55.0,197.0,267.0,251.0,13.0,202.0,2.0,0.0,0.0,0.0,0.0,0.0
2025/11/24,21:30:02,0,56.0,187.0,266.0,251.0,27.0,203.0,5.0,3.0,0.0,0.0,0.0,0.0
2025/11/24,21:30:07,0,57.0,209.0,268.0,251.0,19.0,203.0,4.0,1.0,0.0,0.0,0.0,0.0
2025/11/24,21:30:12,0,56.0,193.0,265.0,250.0,25.0,204.0,4.0,3.0,0.0,0.0,0.0,0.0
2025/11/24,21:30:17,0,55.0,219.0,269.0,250.0,18.0,203.0,5.0,1.0,0.0,0.0,0.0,0.0
2025/11/24,21:30:22,0,57.0,192.0,266.0,250.0,25.0,203.0,4.0,2.0,0.0,0.0,0.0,0.0
2025/11/24,21:30:27,0,57.0,201.0,267.0,251.0,25.0,204.0,6.0,3.0,0.0,0.0,0.0,0.0
2025/11/24,21:30:32,0,56.0,201.0,267.0,250.0,16.0,203.0,2.0,1.0,0.0,0.0,0.0,0.0
2025/11/24,21:30:37,0,55.0,191.0,266.0,250.0,25.0,204.0,4.0,3.0,0.0,0.0,0.0,0.0
2025/11/24,21:30:42,0,60.0,220.0,268.0,249.0,18.0,201.0,5.0,2.0,0.0,0.0,0.0,0.0
2025/11/24,21:30:47,0,56.0,193.0,266.0,250.0,25.0,203.0,4.0,2.0,0.0,0.0,0.0,0.0
2025/11/24,21:30:52,0,54.0,209.0,268.0,250.0,20.0,203.0,5.0,2.0,0.0,0.0,0.0,0.0
2025/11/24,21:30:57,0,56.0,198.0,267.0,250.0,18.0,204.0,3.0,1.0,0.0,0.0,0.0,0.0
2025/11/24,21:31:02,0,54.0,193.0,267.0,250.0,29.0,203.0,6.0,3.0,0.0,0.0,0.0,0.0
2025/11/24,21:31:07,0,56.0,199.0,268.0,249.0,13.0,203.0,4.0,1.0,0.0,0.0,0.0,0.0
2025/11/24,21:31:12,0,55.0,189.0,265.0,250.0,29.0,204.0,5.0,3.0,0.0,0.0,0.0,0.0
2025/11/24,21:31:17,0,55.0,195.0,269.0,250.0,16.0,203.0,2.0,0.0,0.0,0.0,0.0,0.0
2025/11/24,21:31:22,0,56.0,202.0,268.0,250.0,26.0,203.0,6.0,3.0,0.0,0.0,0.0,0.0
2025/11/24,21:31:27,0,52.0,194.0,267.0,250.0,20.0,203.0,4.0,2.0,0.0,0.0,0.0,0.0
2025/11/24,21:31:32,0,53.0,217.0,268.0,251.0,15.0,203.0,4.0,1.0,0.0,0.0,0.0,0.0
2025/11/24,21:31:37,0,56.0,191.0,264.0,250.0,27.0,202.0,5.0,3.0,0.0,0.0,0.0,0.0
2025/11/24,21:31:42,0,55.0,196.0,268.0,250.0,15.0,204.0,2.0,1.0,0.0,0.0,0.0,0.0
2025/11/24,21:31:47,0,56.0,218.0,269.0,251.0,19.0,204.0,5.0,1.0,0.0,0.0,0.0,0.0
2025/11/24,21:31:52,0,54.0,194.0,267.0,250.0,29.0,203.0,6.0,3.0,0.0,0.0,0.0,0.0
2025/11/24,21:31:57,0,54.0,202.0,265.0,249.0,26.0,202.0,4.0,3.0,0.0,0.0,0.0,0.0
2025/11/24,21:32:02,0,56.0,205.0,268.0,250.0,16.0,203.0,4.0,1.0,0.0,0.0,0.0,0.0
2025/11/24,21:32:07,0,53.0,201.0,267.0,250.0,27.0,204.0,5.0,3.0,0.0,0.0,0.0,0.0
2025/11/24,21:32:12,0,57.0,194.0,264.0,251.0,27.0,203.0,4.0,3.0,0.0,0.0,0.0,0.0
2025/11/24,21:32:17,0,57.0,209.0,268.0,250.0,17.0,203.0,4.0,1.0,0.0,0.0,0.0,0.0
2025/11/24,21:32:22,0,49.0,190.0,267.0,251.0,31.0,204.0,5.0,4.0,0.0,0.0,0.0,0.0
2025/11/24,21:32:27,0,54.0,195.0,268.0,249.0,22.0,202.0,3.0,3.0,0.0,0.0,0.0,0.0
2025/11/24,21:32:32,0,55.0,218.0,268.0,251.0,18.0,203.0,5.0,2.0,0.0,0.0,0.0,0.0
2025/11/24,21:32:37,0,57.0,189.0,266.0,250.0,29.0,204.0,5.0,3.0,0.0,0.0,0.0,0.0
2025/11/24,21:32:42,0,57.0,196.0,268.0,250.0,15.0,204.0,2.0,1.0,0.0,0.0,0.0,0.0
2025/11/24,21:32:47,0,57.0,207.0,268.0,250.0,21.0,203.0,5.0,2.0,0.0,0.0,0.0,0.0
2025/11/24,21:32:52,0,60.0,195.0,266.0,250.0,25.0,203.0,5.0,3.0,0.0,0.0,0.0,0.0
2025/11/24,21:32:57,0,56.0,217.0,269.0,251.0,18.0,203.0,5.0,2.0,0.0,0.0,0.0,0.0
2025/11/24,21:33:02,0,55.0,194.0,266.0,251.0,28.0,204.0,4.0,2.0,0.0,0.0,0.0,0.0
2025/11/24,21:33:07,0,54.0,205.0,269.0,250.0,16.0,203.0,4.0,1.0,0.0,0.0,0.0,0.0
2025/11/24,21:33:12,0,53.0,195.0,267.0,251.0,29.0,203.0,7.0,3.0,0.0,0.0,0.0,0.0
2025/11/24,21:33:17,0,56.0,198.0,266.0,250.0,27.0,202.0,5.0,3.0,0.0,0.0,0.0,0.0
2025/11/24,21:33:22,0,59.0,197.0,269.0,248.0,15.0,202.0,2.0,1.0,0.0,0.0,0.0,0.0
2025/11/24,21:33:27,0,56.0,214.0,269.0,251.0,18.0,203.0,5.0,1.0,0.0,0.0,0.0,0.0
2025/11/24,21:33:32,0,55.0,200.0,267.0,250.0,30.0,202.0,6.0,3.0,0.0,0.0,0.0,0.0
2025/11/24,21:33:37,0,57.0,198.0,265.0,249.0,25.0,202.0,4.0,3.0,0.0,0.0,0.0,0.0
2025/11/24,21:33:42,0,56.0,199.0,269.0,251.0,15.0,203.0,2.0,2.0,0.0,0.0,0.0,0.0
2025/11/24,21:33:47,0,56.0,212.0,269.0,249.0,21.0,203.0,5.0,2.0,0.0,0.0,0.0,-0.0008
2025/11/24,21:33:52,0,57.0,194.0,266.0,250.0,26.0,202.0,5.0,1.0,0.0,0.0,0.0,0.0
2025/11/24,21:33:57,0,54.0,198.0,268.0,250.0,16.0,204.0,2.0,1.0,0.0,0.0,0.0,0.0
2025/11/24,21:34:02,0,50.0,214.0,269.0,250.0,17.0,202.0,4.0,1.0,0.0,0.0,0.0,-0.0008
2025/11/24,21:34:43,0,56.0,201.0,268.0,250.0,21.0,204.0,4.0,2.0,0.0,0.0,0.0,0.0
2025/11/24,21:34:47,0,55.0,192.0,266.0,250.0,28.0,202.0,5.0,3.0,0.0,0.0,0.0,0.0
2025/11/24,21:34:52,0,54.0,192.0,267.0,251.0,25.0,203.0,5.0,3.0,0.0,0.0,0.0,0.0
2025/11/24,21:34:57,0,54.0,201.0,270.0,250.0,16.0,201.0,4.0,1.0,0.0,0.0,0.0,0.0
2025/11/24,21:35:02,0,56.0,209.0,268.0,249.0,20.0,202.0,5.0,2.0,0.0,0.0,0.0,0.0
2025/11/24,21:35:07,0,55.0,194.0,267.0,250.0,27.0,204.0,4.0,2.0,0.0,0.0,0.0,0.0
2025/11/24,21:35:12,0,57.0,198.0,268.0,251.0,14.0,203.0,2.0,1.0,0.0,0.0,0.0,0.0
2025/11/24,21:35:17,0,56.0,214.0,269.0,249.0,18.0,202.0,5.0,2.0,0.0,0.0,0.0,0.0
2025/11/24,21:35:22,0,55.0,192.0,267.0,250.0,29.0,204.0,4.0,3.0,0.0,0.0,0.0,0.0
2025/11/24,21:35:27,0,55.0,197.0,268.0,248.0,15.0,204.0,2.0,1.0,0.0,0.0,0.0,0.0
2025/11/24,21:35:32,0,55.0,211.0,270.0,250.0,18.0,203.0,5.0,1.0,0.0,0.0,0.0,0.0
2025/11/24,21:35:37,0,54.0,190.0,267.0,250.0,29.0,202.0,6.0,3.0,0.0,0.0,0.0,0.0
2025/11/24,21:35:42,0,55.0,191.0,267.0,251.0,25.0,203.0,4.0,3.0,0.0,0.0,0.0,0.0
2025/11/24,21:35:47,0,57.0,198.0,269.0,251.0,16.0,203.0,2.0,1.0,0.0,0.0,0.0,0.0
2025/11/24,21:35:52,0,55.0,206.0,270.0,250.0,17.0,204.0,4.0,1.0,0.0,0.0,0.0,0.0
2025/11/24,21:35:57,0,56.0,221.0,267.0,250.0,20.0,203.0,4.0,1.0,0.0,0.0,-0.0008,0.0
2025/11/24,21:36:02,0,53.0,192.0,267.0,250.0,31.0,202.0,7.0,3.0,0.0,0.0,0.0,0.0
2025/11/24,21:36:07,0,54.0,200.0,266.0,250.0,29.0,204.0,5.0,3.0,0.0,0.0,0.0,0.0
2025/11/24,21:36:12,0,54.0,202.0,269.0,249.0,16.0,204.0,3.0,1.0,0.0,0.0,0.0,0.0
2025/11/24,21:36:17,0,53.0,201.0,268.0,250.0,26.0,203.0,6.0,3.0,0.0,0.0,0.0,0.0
2025/11/24,21:36:22,0,54.0,192.0,267.0,250.0,26.0,203.0,5.0,3.0,0.0,0.0,0.0,0.0
2025/11/24,21:36:27,0,53.0,215.0,269.0,250.0,20.0,203.0,4.0,1.0,0.0,0.0,0.0,0.0
2025/11/24,21:36:32,0,54.0,187.0,267.0,251.0,30.0,204.0,5.0,3.0,0.0,0.0,0.0,0.0
2025/11/24,21:36:37,0,54.0,197.0,268.0,250.0,17.0,204.0,2.0,1.0,0.0,0.0,0.0,0.0
2025/11/24,21:36:42,0,55.0,212.0,270.0,249.0,17.0,203.0,4.0,1.0,0.0,0.0,0.0,0.0
2025/11/24,21:36:47,0,53.0,192.0,264.0,250.0,28.0,203.0,4.0,3.0,0.0,0.0,0.0,-0.0008
2025/11/24,21:36:52,0,55.0,197.0,268.0,250.0,16.0,202.0,2.0,1.0,0.0,0.0,0.0,0.0
2025/11/24,21:36:57,0,55.0,209.0,269.0,250.0,22.0,204.0,5.0,2.0,0.0,0.0,0.0,0.0
2025/11/24,21:37:02,0,56.0,199.0,267.0,251.0,27.0,202.0,5.0,2.0,0.0,0.0,0.0,0.0
2025/11/24,21:37:07,0,54.0,199.0,270.0,250.0,16.0,204.0,3.0,1.0,0.0,0.0,0.0,0.0
2025/11/24,21:37:12,0,55.0,204.0,269.0,250.0,24.0,201.0,6.0,2.0,0.0,0.0,0.0,0.0
2025/11/24,21:37:17,0,57.0,194.0,267.0,250.0,30.0,202.0,6.0,3.0,0.0,0.0,0.0,0.0
2025/11/24,21:37:22,0,56.0,188.0,266.0,250.0,28.0,204.0,6.0,3.0,0.0,0.0,0.0,-0.0008
2025/11/24,21:37:27,0,55.0,190.0,267.0,251.0,28.0,203.0,5.0,3.0,0.0,0.0,0.0,0.0
2025/11/24,21:37:32,0,55.0,198.0,270.0,250.0,14.0,203.0,2.0,0.0,0.0,0.0,0.0,0.0
2025/11/24,21:37:37,0,53.0,205.0,266.0,251.0,26.0,203.0,5.0,2.0,0.0,0.0,0.0,0.0
2025/11/24,21:37:42,0,55.0,201.0,267.0,251.0,27.0,203.0,5.0,3.0,0.0,0.0,0.0,0.0
2025/11/24,21:37:47,0,56.0,206.0,270.0,250.0,17.0,203.0,4.0,1.0,0.0,0.0,0.0,0.0
2025/11/24,21:37:52,0,55.0,197.0,268.0,250.0,29.0,202.0,6.0,3.0,0.0,0.0,0.0,0.0
2025/11/24,21:37:57,0,56.0,197.0,267.0,251.0,29.0,204.0,5.0,3.0,0.0,0.0,0.0,0.0
2025/11/24,21:38:02,0,56.0,204.0,270.0,250.0,18.0,202.0,4.0,1.0,0.0,0.0,0.0,0.0
2025/11/24,21:38:07,0,55.0,198.0,266.0,250.0,30.0,204.0,6.0,3.0,0.0,0.0,0.0,0.0
2025/11/24,21:38:12,0,56.0,193.0,267.0,250.0,26.0,203.0,4.0,3.0,0.0,0.0,0.0,0.0
2025/11/24,21:38:17,0,56.0,214.0,270.0,251.0,17.0,204.0,4.0,2.0,0.0,0.0,0.0,0.0
2025/11/24,21:38:22,0,56.0,190.0,267.0,249.0,30.0,202.0,6.0,3.0,0.0,0.0,0.0,0.0
2025/11/24,21:38:27,0,56.0,198.0,268.0,251.0,20.0,202.0,3.0,1.0,0.0,0.0,0.0,0.0
2025/11/24,21:38:32,0,54.0,219.0,270.0,251.0,20.0,204.0,3.0,1.0,0.0,0.0,0.0,0.0
2025/11/24,21:38:37,0,54.0,192.0,267.0,250.0,29.0,203.0,5.0,3.0,0.0,0.0,0.0,0.0
2025/11/24,21:38:42,0,58.0,197.0,266.0,250.0,17.0,203.0,3.0,1.0,0.0,0.0,0.0,0.0
2025/11/24,21:38:47,0,55.0,217.0,270.0,250.0,18.0,202.0,5.0,1.0,0.0,0.0,0.0,0.0
2025/11/24,21:38:52,0,56.0,188.0,266.0,250.0,31.0,203.0,6.0,3.0,0.0,0.0,0.0,0.0
2025/11/24,21:38:57,0,55.0,193.0,266.0,249.0,27.0,201.0,4.0,3.0,0.0,0.0,0.0,0.0
2025/11/24,21:39:02,0,55.0,202.0,268.0,250.0,17.0,203.0,3.0,1.0,0.0,0.0,0.0,0.0
2025/11/24,21:39:07,0,58.0,212.0,269.0,250.0,20.0,204.0,4.0,1.0,0.0,0.0,0.0,0.0
2025/11/24,21:39:12,0,56.0,188.0,266.0,250.0,31.0,203.0,6.0,3.0,0.0,0.0,0.0,0.0
2025/11/24,21:39:17,0,54.0,195.0,268.0,251.0,30.0,203.0,5.0,3.0,0.0,0.0,0.0,0.0
2025/11/24,21:39:22,0,56.0,203.0,268.0,250.0,18.0,203.0,3.0,1.0,0.0,0.0,0.0,0.0
2025/11/24,21:39:27,0,56.0,217.0,270.0,250.0,20.0,202.0,4.0,0.0,0.0,0.0,0.0,0.0
2025/11/24,21:39:32,0,56.0,203.0,267.0,250.0,27.0,203.0,5.0,3.0,0.0,0.0,0.0,0.0
2025/11/24,21:39:37,0,56.0,193.0,268.0,249.0,32.0,206.0,7.0,4.0,0.0,0.0,0.0,0.0
2025/11/24,21:39:42,0,54.0,190.0,267.0,250.0,30.0,202.0,6.0,3.0,0.0,0.0,0.0,0.0
2025/11/24,21:39:47,0,55.0,194.0,267.0,248.0,29.0,202.0,5.0,3.0,0.0,0.0,0.0,0.0
2025/11/24,21:39:52,0,55.0,198.0,265.0,250.0,27.0,203.0,5.0,3.0,0.0,0.0,0.0,0.0
2025/11/24,21:39:57,0,54.0,190.0,267.0,250.0,27.0,204.0,4.0,3.0,0.0,0.0,0.0,0.0
2025/11/24,21:40:02,0,54.0,195.0,267.0,251.0,25.0,204.0,3.0,3.0,0.0,0.0,0.0,0.0
2025/11/24,21:40:07,0,51.0,195.0,264.0,250.0,24.0,203.0,4.0,2.0,0.0,0.0,0.0,0.0
2025/11/24,21:40:12,0,55.0,194.0,267.0,250.0,24.0,202.0,4.0,2.0,0.0,0.0,0.0,0.0
2025/11/24,21:40:17,0,51.0,196.0,267.0,250.0,24.0,203.0,4.0,2.0,0.0,0.0,0.0,0.0
2025/11/24,21:40:22,0,53.0,195.0,265.0,251.0,25.0,203.0,4.0,2.0,0.0,0.0,0.0,0.0
2025/11/24,21:40:27,0,56.0,195.0,266.0,250.0,28.0,204.0,6.0,3.0,0.0,0.0,0.0,0.0
2025/11/24,21:40:32,0,52.0,198.0,266.0,250.0,27.0,202.0,5.0,2.0,0.0,0.0,0.0,0.0
2025/11/24,21:40:37,0,55.0,189.0,267.0,250.0,29.0,202.0,6.0,3.0,0.0,0.0,0.0,0.0
2025/11/24,21:40:42,0,57.0,199.0,268.0,248.0,29.0,202.0,7.0,3.0,0.0,0.0,0.0,0.0
2025/11/24,21:40:47,0,55.0,212.0,269.0,250.0,20.0,203.0,2.0,1.0,0.0,0.0,0.0,0.0
2025/11/24,21:40:52,0,55.0,217.0,267.0,251.0,21.0,203.0,4.0,1.0,0.0,0.0,0.0,0.0
2025/11/24,21:40:57,0,54.0,206.0,270.0,250.0,18.0,204.0,4.0,2.0,0.0,0.0,0.0,0.0
2025/11/24,21:41:02,0,53.0,201.0,266.0,250.0,18.0,203.0,3.0,1.0,0.0,0.0,0.0,0.0
2025/11/24,21:41:07,0,52.0,205.0,268.0,250.0,19.0,204.0,3.0,2.0,0.0,0.0,0.0,0.0
2025/11/24,21:41:12,0,54.0,211.0,269.0,251.0,18.0,204.0,4.0,1.0,0.0,0.0,0.0,0.0
2025/11/24,21:41:17,0,54.0,203.0,270.0,250.0,17.0,203.0,4.0,1.0,0.0,0.0,0.0,0.0
2025/11/24,21:41:22,0,53.0,196.0,267.0,250.0,21.0,204.0,4.0,1.0,0.0,0.0,0.0,0.0
2025/11/24,21:41:27,0,54.0,192.0,265.0,250.0,28.0,204.0,5.0,3.0,0.0,0.0,0.0,0.0
2025/11/24,21:41:32,0,54.0,216.0,270.0,251.0,16.0,204.0,5.0,1.0,0.0,0.0,0.0,0.0
2025/11/24,21:41:37,0,55.0,200.0,268.0,250.0,14.0,202.0,2.0,0.0,0.0,0.0,0.0,0.0
2025/11/24,21:41:42,0,56.0,199.0,266.0,250.0,28.0,204.0,5.0,2.0,0.0,0.0,0.0,0.0
2025/11/24,21:41:47,0,56.0,186.0,267.0,247.0,31.0,202.0,7.0,4.0,0.0,0.0,0.0,0.0
2025/11/24,21:41:52,0,59.0,211.0,269.0,250.0,20.0,205.0,4.0,2.0,0.0,0.0,0.0,0.0
2025/11/24,21:41:57,0,55.0,212.0,268.0,251.0,18.0,203.0,5.0,2.0,0.0,0.0,0.0,0.0
2025/11/24,21:42:02,0,55.0,201.0,269.0,250.0,17.0,203.0,4.0,1.0,0.0,0.0,0.0,0.0
2025/11/24,21:42:07,0,54.0,195.0,268.0,251.0,22.0,202.0,5.0,2.0,0.0,0.0,0.0,0.0
2025/11/24,21:42:12,0,55.0,191.0,266.0,250.0,30.0,203.0,5.0,3.0,0.0,0.0,0.0,0.0
2025/11/24,21:42:17,0,54.0,218.0,269.0,249.0,18.0,202.0,4.0,1.0,0.0,0.0,0.0,0.0
2025/11/24,21:42:22,0,52.0,195.0,267.0,250.0,21.0,204.0,3.0,1.0,0.0,0.0,0.0,0.0
2025/11/24,21:42:27,0,55.0,186.0,266.0,250.0,30.0,203.0,6.0,4.0,0.0,0.0,0.0,0.0
2025/11/24,21:42:32,0,53.0,209.0,270.0,251.0,18.0,202.0,5.0,1.0,0.0,0.0,0.0,-0.0008
2025/11/24,21:42:37,0,52.0,197.0,266.0,250.0,30.0,204.0,5.0,3.0,0.0,0.0,0.0,0.0
2025/11/24,21:42:42,0,55.0,209.0,268.0,249.0,22.0,205.0,5.0,2.0,0.0,0.0,0.0,-0.0008
2025/11/24,21:42:47,0,56.0,197.0,267.0,251.0,20.0,204.0,3.0,1.0,0.0,0.0,0.0,0.0
2025/11/24,21:42:52,0,52.0,199.0,268.0,250.0,29.0,203.0,6.0,3.0,0.0,0.0,0.0,0.0
2025/11/24,21:42:57,0,56.0,196.0,265.0,250.0,17.0,203.0,2.0,1.0,0.0,0.0,0.0,-0.0008
2025/11/24,21:43:02,0,55.0,194.0,266.0,250.0,33.0,204.0,7.0,4.0,0.0,0.0,0.0,0.0
2025/11/24,21:43:07,0,53.0,197.0,268.0,250.0,19.0,204.0,3.0,2.0,0.0,0.0,0.0,0.0
2025/11/24,21:43:12,0,51.0,213.0,269.0,250.0,22.0,204.0,4.0,1.0,0.0,0.0,0.0,0.0
2025/11/24,21:43:17,0,55.0,191.0,266.0,249.0,28.0,203.0,5.0,3.0,0.0,0.0,0.0,0.0
2025/11/24,21:43:22,0,54.0,199.0,269.0,249.0,15.0,202.0,3.0,0.0,0.0,0.0,0.0,0.0
2025/11/24,21:43:27,0,51.0,205.0,269.0,249.0,23.0,204.0,5.0,4.0,0.0,0.0,0.0,0.0
2025/11/24,21:43:32,0,54.0,193.0,267.0,251.0,32.0,202.0,5.0,3.0,0.0,0.0,0.0,0.0
2025/11/24,21:43:37,0,54.0,216.0,269.0,250.0,20.0,203.0,4.0,1.0,0.0,0.0,0.0,0.0
2025/11/24,21:43:42,0,52.0,192.0,266.0,250.0,29.0,204.0,5.0,3.0,0.0,0.0,0.0,0.0
2025/11/24,21:43:47,0,55.0,204.0,268.0,250.0,19.0,203.0,4.0,1.0,0.0,0.0,0.0,0.0
2025/11/24,21:43:52,0,50.0,195.0,267.0,250.0,30.0,204.0,6.0,3.0,0.0,0.0,0.0,0.0
2025/11/24,21:43:57,0,54.0,195.0,266.0,250.0,29.0,204.0,5.0,2.0,0.0,0.0,0.0,0.0
2025/11/24,21:44:02,0,54.0,193.0,266.0,250.0,28.0,204.0,5.0,3.0,0.0,0.0,0.0,0.0
2025/11/24,21:44:07,0,55.0,198.0,269.0,250.0,16.0,203.0,3.0,1.0,0.0,0.0,0.0,0.0
2025/11/24,21:44:12,0,54.0,215.0,268.0,250.0,20.0,204.0,4.0,2.0,0.0,0.0,0.0,0.0
2025/11/24,21:44:42,0,55.0,204.0,266.0,251.0,19.0,203.0,6.0,2.0,0.0,0.0,0.0,0.0
2025/11/24,21:44:46,0,54.0,187.0,264.0,250.0,30.0,204.0,6.0,4.0,0.0,0.0,0.0,0.0
2025/11/24,21:44:51,0,53.0,198.0,267.0,250.0,20.0,202.0,4.0,1.0,0.0,0.0,0.0,0.0
2025/11/24,21:44:56,0,54.0,219.0,270.0,250.0,19.0,204.0,5.0,1.0,0.0,0.0,0.0,0.0
2025/11/24,21:45:01,0,54.0,189.0,266.0,248.0,30.0,202.0,6.0,3.0,0.0,0.0,0.0,0.0
2025/11/24,21:45:06,0,53.0,194.0,264.0,250.0,28.0,203.0,4.0,3.0,0.0,0.0,0.0,0.0
2025/11/24,21:45:11,0,52.0,207.0,269.0,250.0,17.0,202.0,4.0,0.0,0.0,0.0,0.0,0.0
2025/11/24,21:45:16,0,53.0,203.0,267.0,250.0,26.0,202.0,6.0,3.0,0.0,0.0,0.0,0.0
2025/11/24,21:45:21,0,55.0,197.0,265.0,250.0,29.0,203.0,5.0,2.0,0.0,0.0,0.0,0.0
2025/11/24,21:45:26,0,54.0,200.0,267.0,251.0,17.0,202.0,4.0,1.0,0.0,0.0,0.0,0.0
2025/11/24,21:45:31,0,57.0,204.0,268.0,250.0,26.0,204.0,6.0,3.0,0.0,0.0,0.0,0.0
2025/11/24,21:45:36,0,53.0,194.0,265.0,250.0,29.0,203.0,5.0,3.0,0.0,0.0,0.0,0.0
2025/11/24,21:45:41,0,53.0,197.0,268.0,250.0,18.0,202.0,3.0,1.0,0.0,0.0,0.0,0.0
2025/11/24,21:45:46,0,54.0,218.0,270.0,249.0,18.0,203.0,5.0,1.0,0.0,0.0,0.0,0.0
2025/11/24,21:45:51,0,53.0,191.0,266.0,251.0,31.0,203.0,6.0,3.0,0.0,0.0,0.0,0.0
2025/11/24,21:45:56,0,54.0,196.0,268.0,249.0,24.0,202.0,4.0,2.0,0.0,0.0,0.0,0.0
2025/11/24,21:46:01,0,52.0,210.0,269.0,250.0,19.0,203.0,5.0,2.0,0.0,0.0,0.0,0.0
2025/11/24,21:46:06,0,52.0,185.0,266.0,250.0,32.0,202.0,7.0,4.0,0.0,0.0,0.0,0.0
2025/11/24,21:46:11,0,51.0,198.0,267.0,251.0,18.0,203.0,2.0,1.0,0.0,0.0,0.0,0.0
2025/11/24,21:46:16,0,53.0,201.0,268.0,250.0,26.0,203.0,7.0,3.0,0.0,0.0,0.0,0.0
2025/11/24,21:46:21,0,54.0,191.0,266.0,250.0,27.0,204.0,4.0,3.0,0.0,0.0,0.0,0.0
2025/11/24,21:46:26,0,54.0,203.0,269.0,250.0,18.0,203.0,4.0,1.0,0.0,0.0,0.0,0.0
2025/11/24,21:46:31,0,52.0,221.0,270.0,251.0,19.0,204.0,5.0,1.0,0.0,0.0,0.0,0.0
2025/11/24,21:46:36,0,54.0,196.0,268.0,249.0,31.0,203.0,7.0,3.0,0.0,0.0,0.0,0.0
2025/11/24,21:46:41,0,54.0,197.0,266.0,250.0,29.0,203.0,6.0,3.0,0.0,0.0,0.0,0.0
2025/11/24,21:46:46,0,54.0,205.0,269.0,250.0,18.0,204.0,4.0,1.0,0.0,0.0,0.0,0.0
2025/11/24,21:46:51,0,52.0,187.0,265.0,250.0,33.0,203.0,7.0,4.0,0.0,0.0,0.0,-0.0008
2025/11/24,21:46:56,0,58.0,195.0,269.0,250.0,16.0,204.0,2.0,1.0,0.0,0.0,0.0,0.0
2025/11/24,21:47:01,0,53.0,208.0,267.0,251.0,24.0,204.0,5.0,3.0,0.0,0.0,0.0,0.0
2025/11/24,21:47:06,0,54.0,191.0,267.0,250.0,33.0,203.0,4.0,3.0,0.0,0.0,0.0,0.0
2025/11/24,21:47:11,0,54.0,189.0,264.0,250.0,31.0,203.0,7.0,3.0,0.0,0.0,0.0,0.0
2025/11/24,21:47:16,0,51.0,198.0,269.0,250.0,23.0,203.0,4.0,2.0,0.0,0.0,0.0,0.0
2025/11/24,21:47:21,0,53.0,199.0,268.0,250.0,18.0,204.0,3.0,1.0,0.0,0.0,0.0,0.0
2025/11/24,21:47:26,0,50.0,205.0,269.0,246.0,24.0,204.0,5.0,2.0,0.0,0.0,0.0,0.0
2025/11/24,21:47:31,0,53.0,195.0,268.0,250.0,24.0,204.0,4.0,2.0,0.0,0.0,0.0,0.0
2025/11/24,21:47:36,0,55.0,208.0,268.0,250.0,23.0,205.0,5.0,2.0,0.0,0.0,0.0,0.0
2025/11/24,21:47:41,0,55.0,196.0,267.0,250.0,23.0,203.0,4.0,2.0,0.0,0.0,0.0,0.0
2025/11/24,21:47:46,0,53.0,206.0,269.0,249.0,28.0,203.0,5.0,3.0,0.0,0.0,0.0,0.0
2025/11/24,21:47:51,0,56.0,195.0,267.0,250.0,25.0,202.0,5.0,1.0,0.0,0.0,0.0,0.0
2025/11/24,21:47:56,0,55.0,212.0,269.0,248.0,19.0,203.0,5.0,2.0,0.0,0.0,0.0,0.0
2025/11/24,21:48:01,0,56.0,196.0,264.0,250.0,29.0,203.0,6.0,3.0,0.0,0.0,0.0,0.0
2025/11/24,21:48:06,0,55.0,218.0,269.0,249.0,19.0,202.0,5.0,1.0,0.0,0.0,0.0,0.0
2025/11/24,21:48:11,0,55.0,188.0,268.0,249.0,30.0,204.0,5.0,3.0,0.0,0.0,0.0,0.0
2025/11/24,21:48:16,0,54.0,195.0,268.0,250.0,24.0,208.0,4.0,2.0,0.0,0.0,0.0,0.0
2025/11/24,21:48:21,0,53.0,214.0,270.0,249.0,19.0,205.0,5.0,1.0,0.0,0.0,0.0,0.0
2025/11/24,21:48:26,0,54.0,188.0,267.0,251.0,31.0,203.0,6.0,3.0,0.0,0.0,0.0,0.0
2025/11/24,21:48:31,0,54.0,199.0,269.0,249.0,17.0,205.0,2.0,0.0,0.0,0.0,0.0,0.0
2025/11/24,21:48:36,0,54.0,198.0,268.0,250.0,30.0,203.0,8.0,3.0,0.0,0.0,0.0,0.0
2025/11/24,21:48:41,0,53.0,195.0,268.0,250.0,24.0,202.0,4.0,2.0,0.0,0.0,0.0,-0.0008
2025/11/24,21:48:46,0,55.0,210.0,267.0,250.0,21.0,204.0,5.0,1.0,0.0,0.0,0.0,0.0
2025/11/24,21:48:51,0,55.0,194.0,266.0,250.0,27.0,204.0,5.0,2.0,0.0,0.0,0.0,0.0
2025/11/24,21:48:56,0,54.0,211.0,267.0,251.0,20.0,202.0,6.0,2.0,0.0,0.0,0.0,0.0
2025/11/24,21:49:01,0,55.0,196.0,267.0,250.0,25.0,202.0,5.0,2.0,0.0,0.0,0.0,0.0
2025/11/24,21:49:06,0,55.0,209.0,267.0,250.0,23.0,203.0,5.0,2.0,0.0,0.0,0.0,0.0
2025/11/24,21:49:11,0,53.0,194.0,267.0,250.0,27.0,204.0,4.0,2.0,0.0,0.0,0.0,0.0
2025/11/24,21:49:16,0,53.0,199.0,269.0,250.0,27.0,203.0,6.0,3.0,0.0,0.0,0.0,0.0
2025/11/24,21:49:21,0,55.0,198.0,269.0,250.0,14.0,204.0,2.0,0.0,0.0,0.0,0.0,-0.0008
2025/11/24,21:49:26,0,54.0,186.0,267.0,250.0,32.0,204.0,7.0,3.0,0.0,0.0,0.0,0.0
2025/11/24,21:49:31,0,53.0,200.0,270.0,250.0,18.0,204.0,3.0,1.0,0.0,0.0,0.0,0.0
2025/11/24,21:49:36,0,58.0,202.0,266.0,251.0,22.0,203.0,6.0,3.0,0.0,0.0,0.0,0.0
2025/11/24,21:49:41,0,54.0,199.0,267.0,250.0,29.0,204.0,5.0,3.0,0.0,0.0,0.0,0.0
2025/11/24,21:49:46,0,55.0,206.0,269.0,250.0,18.0,203.0,5.0,1.0,0.0,0.0,0.0,-0.0008
2025/11/24,21:49:51,0,52.0,190.0,267.0,249.0,32.0,201.0,7.0,4.0,0.0,0.0,0.0,0.0
2025/11/24,21:49:56,0,54.0,196.0,268.0,250.0,19.0,203.0,4.0,0.0,0.0,0.0,0.0,0.0
2025/11/24,21:50:01,0,52.0,201.0,269.0,250.0,28.0,204.0,6.0,2.0,0.0,0.0,0.0,0.0
2025/11/24,21:50:06,0,55.0,192.0,266.0,249.0,31.0,202.0,5.0,3.0,0.0,0.0,0.0,0.0
2025/11/24,21:50:11,0,53.0,207.0,268.0,250.0,19.0,203.0,4.0,1.0,0.0,0.0,0.0,0.0
2025/11/24,21:50:16,0,54.0,203.0,268.0,250.0,27.0,203.0,7.0,3.0,0.0,0.0,0.0,0.0
2025/11/24,21:50:21,0,53.0,197.0,267.0,249.0,28.0,204.0,5.0,3.0,0.0,0.0,0.0,0.0
2025/11/24,21:50:26,0,54.0,208.0,269.0,250.0,20.0,203.0,5.0,1.0,0.0,0.0,0.0,0.0
2025/11/24,21:50:31,0,54.0,187.0,267.0,250.0,32.0,203.0,6.0,3.0,0.0,0.0,0.0,0.0
2025/11/24,21:50:36,0,54.0,197.0,267.0,251.0,18.0,204.0,2.0,1.0,0.0,0.0,0.0,0.0
2025/11/24,21:50:41,0,53.0,209.0,269.0,250.0,26.0,202.0,5.0,2.0,0.0,0.0,0.0,0.0
2025/11/24,21:50:46,0,53.0,199.0,266.0,250.0,29.0,204.0,5.0,3.0,0.0,0.0,0.0,0.0
2025/11/24,21:50:51,0,54.0,197.0,269.0,250.0,15.0,204.0,3.0,0.0,0.0,0.0,0.0,0.0
2025/11/24,21:50:56,0,55.0,213.0,270.0,250.0,20.0,203.0,5.0,1.0,0.0,0.0,0.0,0.0
2025/11/24,21:51:01,0,54.0,192.0,266.0,249.0,32.0,202.0,6.0,3.0,0.0,0.0,0.0,0.0
2025/11/24,21:51:06,0,55.0,197.0,269.0,250.0,18.0,203.0,3.0,1.0,0.0,0.0,0.0,0.0
2025/11/24,21:51:11,0,54.0,213.0,270.0,250.0,21.0,204.0,4.0,1.0,0.0,0.0,0.0,0.0
2025/11/24,21:51:16,0,54.0,199.0,268.0,248.0,29.0,202.0,5.0,2.0,0.0,0.0,0.0,0.0
2025/11/24,21:51:21,0,54.0,206.0,270.0,250.0,18.0,202.0,5.0,1.0,0.0,0.0,0.0,0.0
2025/11/24,21:51:26,0,55.0,190.0,264.0,250.0,37.0,203.0,7.0,4.0,0.0,0.0,0.0,0.0
2025/11/24,21:51:31,0,54.0,197.0,268.0,250.0,23.0,202.0,4.0,1.0,0.0,0.0,0.0,0.0
2025/11/24,21:51:36,0,54.0,214.0,270.0,249.0,18.0,203.0,5.0,1.0,0.0,0.0,0.0,0.0
2025/11/24,21:51:41,0,55.0,198.0,268.0,251.0,28.0,202.0,5.0,2.0,0.0,0.0,0.0,0.0
2025/11/24,21:51:46,0,54.0,214.0,269.0,250.0,21.0,203.0,5.0,1.0,0.0,0.0,0.0,0.0
2025/11/24,21:51:51,0,54.0,192.0,268.0,251.0,30.0,202.0,5.0,2.0,0.0,0.0,0.0,0.0
2025/11/24,21:51:56,0,54.0,203.0,270.0,251.0,19.0,203.0,4.0,1.0,0.0,0.0,0.0,0.0
2025/11/24,21:52:01,0,51.0,188.0,267.0,250.0,34.0,203.0,6.0,4.0,0.0,0.0,0.0,-0.0008
2025/11/24,21:52:06,0,53.0,194.0,267.0,250.0,26.0,204.0,4.0,2.0,0.0,0.0,0.0,-0.0008
2025/11/24,21:52:11,0,53.0,217.0,271.0,249.0,22.0,202.0,5.0,1.0,0.0,0.0,0.0,0.0
2025/11/24,21:52:16,0,52.0,193.0,267.0,250.0,31.0,202.0,6.0,2.0,0.0,0.0,0.0,0.0
2025/11/24,21:52:21,0,53.0,198.0,269.0,250.0,16.0,202.0,3.0,0.0,0.0,0.0,0.0,0.0
2025/11/24,21:52:26,0,50.0,208.0,270.0,251.0,23.0,202.0,6.0,2.0,0.0,0.0,0.0,0.0
2025/11/24,21:52:31,0,51.0,193.0,267.0,251.0,29.0,202.0,5.0,3.0,0.0,0.0,0.0,0.0
2025/11/24,21:52:36,0,51.0,196.0,268.0,250.0,24.0,203.0,4.0,1.0,0.0,0.0,0.0,0.0
2025/11/24,21:52:41,0,53.0,201.0,271.0,250.0,18.0,203.0,4.0,1.0,0.0,0.0,0.0,0.0
2025/11/24,21:52:46,0,48.0,217.0,270.0,250.0,19.0,202.0,5.0,1.0,0.0,0.0,0.0,0.0
2025/11/24,21:52:51,0,50.0,199.0,268.0,249.0,30.0,203.0,7.0,4.0,0.0,0.0,0.0,0.0
2025/11/24,21:52:56,0,52.0,194.0,268.0,248.0,30.0,203.0,6.0,3.0,0.0,0.0,0.0,0.0
2025/11/24,21:53:01,0,52.0,196.0,268.0,250.0,19.0,202.0,4.0,1.0,0.0,0.0,0.0,0.0
2025/11/24,21:53:06,0,51.0,219.0,270.0,251.0,20.0,203.0,5.0,1.0,0.0,0.0,0.0,0.0
2025/11/24,21:53:11,0,52.0,187.0,266.0,250.0,31.0,203.0,6.0,3.0,0.0,0.0,0.0,0.0
2025/11/24,21:53:16,0,53.0,195.0,267.0,251.0,24.0,202.0,5.0,2.0,0.0,0.0,0.0,0.0
2025/11/24,21:53:21,0,54.0,212.0,270.0,248.0,18.0,203.0,5.0,2.0,0.0,0.0,0.0,0.0
2025/11/24,21:53:26,0,55.0,204.0,268.0,249.0,25.0,202.0,6.0,3.0,0.0,0.0,0.0,0.0
2025/11/24,21:53:31,0,54.0,191.0,266.0,250.0,31.0,204.0,6.0,3.0,0.0,0.0,0.0,0.0
2025/11/24,21:53:36,0,55.0,193.0,266.0,250.0,31.0,204.0,5.0,3.0,0.0,0.0,0.0,0.0
2025/11/24,21:53:41,0,53.0,200.0,269.0,250.0,18.0,203.0,4.0,1.0,0.0,0.0,0.0,0.0
2025/11/24,21:53:46,0,52.0,217.0,268.0,251.0,22.0,203.0,4.0,1.0,0.0,0.0,0.0,0.0
2025/11/24,21:53:51,0,56.0,194.0,268.0,250.0,31.0,204.0,6.0,5.0,0.0,0.0,0.0,0.0
2025/11/24,21:53:56,0,53.0,193.0,263.0,250.0,30.0,203.0,4.0,3.0,0.0,0.0,0.0,0.0
2025/11/24,21:54:01,0,50.0,195.0,266.0,249.0,26.0,201.0,4.0,3.0,0.0,0.0,0.0,0.0
2025/11/24,21:54:06,0,53.0,197.0,269.0,250.0,14.0,204.0,3.0,0.0,0.0,0.0,0.0,0.0
2025/11/24,21:54:11,0,53.0,211.0,269.0,251.0,19.0,202.0,5.0,1.0,0.0,0.0,0.0,0.0
2025/11/24,21:54:16,0,52.0,212.0,269.0,250.0,18.0,203.0,4.0,1.0,0.0,0.0,0.0,0.0
2025/11/24,21:54:21,0,53.0,193.0,266.0,250.0,37.0,203.0,7.0,3.0,0.0,0.0,0.0,0.0
2025/11/24,21:55:04,0,51.0,199.0,267.0,248.0,30.0,202.0,7.0,3.0,0.0,0.0,0.0,0.0
2025/11/24,21:55:06,0,53.0,212.0,268.0,249.0,16.0,203.0,5.0,1.0,0.0,0.0,0.0,0.0
2025/11/24,21:55:11,0,52.0,200.0,268.0,249.0,24.0,203.0,6.0,3.0,0.0,0.0,0.0,0.0
2025/11/24,21:55:16,0,54.0,195.0,267.0,250.0,32.0,203.0,7.0,3.0,0.0,0.0,0.0,0.0
2025/11/24,21:55:21,0,54.0,188.0,263.0,250.0,31.0,203.0,7.0,4.0,0.0,0.0,0.0,0.0
2025/11/24,21:55:26,0,53.0,194.0,266.0,250.0,29.0,202.0,5.0,2.0,0.0,0.0,0.0,0.0
2025/11/24,21:55:31,0,55.0,192.0,266.0,250.0,26.0,203.0,5.0,3.0,0.0,0.0,0.0,0.0
2025/11/24,21:55:36,0,53.0,198.0,268.0,250.0,15.0,204.0,3.0,1.0,0.0,0.0,0.0,0.0
2025/11/24,21:55:41,0,54.0,214.0,269.0,250.0,20.0,204.0,4.0,2.0,0.0,0.0,0.0,0.0
2025/11/24,21:55:46,0,50.0,215.0,270.0,251.0,20.0,202.0,5.0,3.0,0.0,0.0,0.0,0.0
2025/11/24,21:55:51,0,53.0,203.0,267.0,250.0,29.0,203.0,6.0,3.0,0.0,0.0,0.0,0.0
2025/11/24,21:55:56,0,53.0,187.0,265.0,250.0,30.0,204.0,6.0,3.0,0.0,0.0,0.0,0.0
2025/11/24,21:56:01,0,52.0,197.0,267.0,250.0,30.0,202.0,6.0,3.0,0.0,0.0,0.0,0.0
2025/11/24,21:56:06,0,53.0,194.0,268.0,250.0,20.0,203.0,4.0,1.0,0.0,0.0,0.0,0.0
2025/11/24,21:56:11,0,54.0,201.0,269.0,250.0,17.0,202.0,4.0,0.0,0.0,0.0,0.0,0.0
2025/11/24,21:56:16,0,52.0,208.0,267.0,250.0,20.0,203.0,4.0,1.0,0.0,0.0,0.0,0.0
2025/11/24,21:56:21,0,51.0,220.0,270.0,250.0,20.0,203.0,5.0,1.0,0.0,0.0,0.0,0.0
2025/11/24,21:56:26,0,55.0,205.0,269.0,249.0,28.0,203.0,6.0,4.0,0.0,0.0,0.0,0.0
2025/11/24,21:56:31,0,52.0,190.0,265.0,250.0,31.0,203.0,6.0,3.0,0.0,0.0,0.0,0.0
2025/11/24,21:56:36,0,54.0,200.0,267.0,248.0,29.0,202.0,6.0,3.0,0.0,0.0,0.0,0.0
2025/11/24,21:56:41,0,52.0,195.0,268.0,249.0,22.0,203.0,4.0,1.0,0.0,0.0,0.0,0.0
2025/11/24,21:56:46,0,52.0,200.0,270.0,250.0,18.0,202.0,4.0,1.0,0.0,0.0,0.0,0.0
2025/11/24,21:56:51,0,54.0,218.0,270.0,248.0,20.0,203.0,5.0,1.0,0.0,0.0,0.0,0.0
2025/11/24,21:56:56,0,52.0,191.0,267.0,250.0,32.0,204.0,6.0,4.0,0.0,0.0,0.0,0.0
2025/11/24,21:57:01,0,54.0,193.0,267.0,249.0,28.0,203.0,6.0,3.0,0.0,0.0,0.0,0.0
2025/11/24,21:57:06,0,51.0,194.0,266.0,250.0,29.0,204.0,5.0,3.0,0.0,0.0,0.0,-0.0008
2025/11/24,21:57:11,0,54.0,200.0,269.0,250.0,15.0,204.0,3.0,1.0,0.0,0.0,0.0,0.0
2025/11/24,21:57:16,0,54.0,215.0,270.0,249.0,20.0,202.0,5.0,2.0,0.0,0.0,0.0,-0.0008
2025/11/24,21:57:21,0,54.0,204.0,269.0,250.0,26.0,202.0,5.0,2.0,0.0,0.0,0.0,0.0
2025/11/24,21:57:26,0,53.0,189.0,265.0,250.0,32.0,203.0,6.0,4.0,0.0,0.0,0.0,0.0
2025/11/24,21:57:31,0,52.0,198.0,267.0,250.0,28.0,203.0,5.0,3.0,0.0,0.0,0.0,0.0
2025/11/24,21:57:36,0,55.0,197.0,268.0,250.0,18.0,204.0,3.0,1.0,0.0,0.0,0.0,-0.0008
2025/11/24,21:57:41,0,50.0,193.0,267.0,250.0,31.0,202.0,7.0,3.0,0.0,0.0,0.0,0.0
2025/11/24,21:57:46,0,54.0,218.0,270.0,250.0,19.0,203.0,5.0,1.0,0.0,0.0,0.0,0.0
2025/11/24,21:57:51,0,49.0,196.0,268.0,250.0,33.0,202.0,7.0,3.0,0.0,0.0,0.0,0.0
2025/11/24,21:57:56,0,53.0,194.0,266.0,251.0,31.0,203.0,5.0,3.0,0.0,0.0,0.0,0.0
2025/11/24,21:58:01,0,52.0,192.0,267.0,249.0,26.0,204.0,4.0,3.0,0.0,0.0,0.0,-0.0008
2025/11/24,21:58:06,0,53.0,200.0,269.0,250.0,17.0,203.0,4.0,0.0,0.0,0.0,0.0,0.0
2025/11/24,21:58:11,0,54.0,216.0,269.0,250.0,21.0,202.0,6.0,2.0,0.0,0.0,0.0,0.0
2025/11/24,21:58:16,0,53.0,203.0,269.0,250.0,26.0,203.0,6.0,3.0,0.0,0.0,0.0,0.0
2025/11/24,21:58:21,0,54.0,190.0,267.0,251.0,31.0,202.0,6.0,3.0,0.0,0.0,0.0,0.0
2025/11/24,21:58:26,0,54.0,200.0,267.0,248.0,30.0,201.0,5.0,3.0,0.0,0.0,0.0,0.0
2025/11/24,21:58:31,0,53.0,198.0,265.0,250.0,25.0,203.0,3.0,1.0,0.0,0.0,0.0,0.0
2025/11/24,21:58:36,0,53.0,207.0,267.0,250.0,21.0,203.0,5.0,1.0,0.0,0.0,0.0,0.0
2025/11/24,21:58:41,0,54.0,212.0,269.0,250.0,23.0,203.0,4.0,2.0,0.0,0.0,0.0,0.0
2025/11/24,21:58:46,0,55.0,197.0,269.0,248.0,33.0,201.0,7.0,3.0,0.0,0.0,0.0,0.0
2025/11/24,21:58:51,0,53.0,188.0,267.0,250.0,32.0,203.0,5.0,3.0,0.0,0.0,0.0,0.0
2025/11/24,21:58:56,0,52.0,198.0,268.0,250.0,27.0,203.0,5.0,2.0,0.0,0.0,0.0,0.0
2025/11/24,21:59:01,0,50.0,192.0,268.0,250.0,30.0,201.0,6.0,2.0,0.0,0.0,0.0,0.0
2025/11/24,21:59:06,0,52.0,199.0,267.0,250.0,21.0,203.0,3.0,1.0,0.0,0.0,0.0,0.0
2025/11/24,21:59:11,0,49.0,208.0,271.0,250.0,19.0,202.0,5.0,1.0,0.0,0.0,0.0,0.0
2025/11/24,21:59:16,0,53.0,212.0,271.0,250.0,21.0,204.0,4.0,2.0,0.0,0.0,0.0,0.0
2025/11/24,21:59:21,0,51.0,190.0,265.0,250.0,33.0,203.0,6.0,3.0,0.0,0.0,0.0,0.0
2025/11/24,21:59:26,0,52.0,193.0,269.0,251.0,28.0,203.0,5.0,3.0,0.0,0.0,0.0,0.0
2025/11/24,21:59:31,0,51.0,198.0,271.0,249.0,21.0,202.0,4.0,1.0,0.0,0.0,0.0,0.0
2025/11/24,21:59:36,0,53.0,197.0,270.0,250.0,18.0,204.0,3.0,1.0,0.0,0.0,0.0,0.0
2025/11/24,21:59:41,0,51.0,201.0,272.0,251.0,20.0,203.0,4.0,0.0,0.0,0.0,0.0,0.0
2025/11/24,21:59:46,0,50.0,209.0,272.0,251.0,21.0,202.0,5.0,1.0,0.0,0.0,0.0,0.0
2025/11/24,21:59:51,0,51.0,220.0,271.0,250.0,22.0,202.0,6.0,1.0,0.0,0.0,0.0,-0.0008
2025/11/24,21:59:56,0,53.0,203.0,270.0,250.0,30.0,204.0,5.0,3.0,0.0,0.0,0.0,0.0
2025/11/24,22:00:01,0,50.0,191.0,268.0,250.0,31.0,202.0,6.0,3.0,0.0,0.0,0.0,0.0
2025/11/24,22:00:06,0,52.0,192.0,268.0,250.0,31.0,203.0,6.0,3.0,0.0,0.0,0.0,0.0
2025/11/24,22:00:11,0,50.0,199.0,267.0,250.0,19.0,203.0,3.0,1.0,0.0,0.0,0.0,0.0
2025/11/24,22:00:16,0,49.0,204.0,272.0,251.0,20.0,202.0,5.0,1.0,0.0,0.0,0.0,0.0
2025/11/24,22:00:21,0,52.0,220.0,271.0,250.0,21.0,204.0,5.0,2.0,0.0,0.0,0.0,0.0
2025/11/24,22:00:26,0,50.0,208.0,270.0,250.0,28.0,204.0,5.0,2.0,0.0,0.0,0.0,0.0
2025/11/24,22:00:31,0,50.0,192.0,267.0,250.0,33.0,203.0,7.0,3.0,0.0,0.0,0.0,0.0
2025/11/24,22:00:36,0,51.0,190.0,267.0,250.0,32.0,203.0,6.0,3.0,0.0,0.0,0.0,0.0
2025/11/24,22:00:41,0,49.0,197.0,267.0,250.0,30.0,204.0,5.0,3.0,0.0,0.0,0.0,0.0
2025/11/24,22:00:46,0,49.0,195.0,268.0,250.0,26.0,204.0,5.0,2.0,0.0,0.0,0.0,0.0
2025/11/24,22:00:51,0,50.0,206.0,272.0,250.0,19.0,202.0,5.0,1.0,0.0,0.0,0.0,0.0
2025/11/24,22:00:56,0,50.0,207.0,270.0,250.0,26.0,203.0,7.0,2.0,0.0,0.0,0.0,0.0
2025/11/24,22:01:01,0,49.0,188.0,268.0,248.0,32.0,203.0,6.0,3.0,0.0,0.0,0.0,0.0
2025/11/24,22:01:06,0,48.0,194.0,267.0,249.0,29.0,202.0,5.0,3.0,0.0,0.0,0.0,0.0
2025/11/24,22:01:11,0,48.0,201.0,267.0,250.0,30.0,203.0,5.0,3.0,0.0,0.0,0.0,0.0
2025/11/24,22:01:16,0,48.0,193.0,268.0,250.0,26.0,204.0,5.0,3.0,0.0,0.0,0.0,0.0
2025/11/24,22:01:21,0,48.0,200.0,271.0,249.0,17.0,202.0,3.0,0.0,0.0,0.0,0.0,0.0
2025/11/24,22:01:26,0,48.0,215.0,269.0,250.0,22.0,203.0,5.0,2.0,0.0,0.0,0.0,0.0
2025/11/24,22:01:31,0,48.0,192.0,268.0,250.0,35.0,203.0,7.0,4.0,0.0,0.0,0.0,0.0
2025/11/24,22:01:36,0,47.0,191.0,268.0,250.0,32.0,202.0,6.0,3.0,0.0,0.0,0.0,0.0
2025/11/24,22:01:41,0,48.0,191.0,266.0,250.0,31.0,203.0,6.0,3.0,0.0,0.0,0.0,0.0
2025/11/24,22:01:46,0,47.0,192.0,265.0,250.0,32.0,203.0,5.0,3.0,0.0,0.0,0.0,0.0
2025/11/24,22:01:51,0,49.0,190.0,267.0,251.0,31.0,201.0,6.0,3.0,0.0,0.0,0.0,0.0
2025/11/24,22:01:56,0,50.0,193.0,266.0,250.0,32.0,202.0,5.0,3.0,0.0,0.0,0.0,0.0
2025/11/24,22:02:01,0,50.0,198.0,268.0,248.0,28.0,202.0,7.0,3.0,0.0,0.0,0.0,0.0
2025/11/24,22:02:06,0,48.0,196.0,268.0,250.0,24.0,203.0,3.0,1.0,0.0,0.0,0.0,0.0
2025/11/24,22:02:11,0,50.0,200.0,270.0,250.0,19.0,203.0,4.0,0.0,0.0,0.0,0.0,0.0
2025/11/24,22:02:16,0,50.0,208.0,271.0,250.0,20.0,201.0,4.0,1.0,0.0,0.0,0.0,0.0
2025/11/24,22:02:21,0,50.0,201.0,271.0,250.0,20.0,202.0,4.0,1.0,0.0,0.0,0.0,-0.0008
2025/11/24,22:02:26,0,50.0,196.0,270.0,250.0,19.0,201.0,3.0,1.0,0.0,0.0,0.0,0.0
2025/11/24,22:02:31,0,50.0,194.0,268.0,250.0,25.0,202.0,4.0,2.0,0.0,0.0,0.0,0.0
2025/11/24,22:02:36,0,52.0,198.0,268.0,250.0,20.0,203.0,4.0,1.0,0.0,0.0,0.0,0.0
2025/11/24,22:02:41,0,50.0,210.0,270.0,250.0,20.0,203.0,4.0,1.0,0.0,0.0,0.0,0.0
2025/11/24,22:02:46,0,48.0,204.0,269.0,250.0,27.0,202.0,7.0,2.0,0.0,0.0,0.0,0.0
2025/11/24,22:02:51,0,48.0,188.0,267.0,250.0,32.0,201.0,6.0,3.0,0.0,0.0,0.0,0.0
2025/11/24,22:02:56,0,50.0,199.0,267.0,250.0,29.0,203.0,5.0,2.0,0.0,0.0,0.0,0.0
2025/11/24,22:03:01,0,51.0,195.0,268.0,250.0,24.0,203.0,4.0,2.0,0.0,0.0,0.0,0.0
2025/11/24,22:03:06,0,52.0,198.0,270.0,250.0,17.0,202.0,3.0,0.0,0.0,0.0,0.0,0.0
2025/11/24,22:03:11,0,49.0,205.0,271.0,251.0,20.0,201.0,4.0,1.0,0.0,0.0,0.0,0.0
2025/11/24,22:03:16,0,50.0,218.0,267.0,250.0,22.0,203.0,5.0,1.0,0.0,0.0,0.0,0.0
2025/11/24,22:03:21,0,48.0,209.0,270.0,250.0,24.0,202.0,5.0,1.0,0.0,0.0,0.0,0.0
2025/11/24,22:03:26,0,48.0,193.0,268.0,250.0,32.0,203.0,7.0,4.0,0.0,0.0,0.0,0.0
2025/11/24,22:03:31,0,50.0,195.0,265.0,250.0,31.0,203.0,5.0,3.0,0.0,0.0,0.0,-0.0008
2025/11/24,22:03:36,0,50.0,195.0,268.0,251.0,25.0,202.0,5.0,2.0,0.0,0.0,0.0,0.0
2025/11/24,22:03:41,0,50.0,197.0,270.0,250.0,17.0,203.0,2.0,0.0,0.0,0.0,0.0,0.0
2025/11/24,22:03:46,0,51.0,211.0,268.0,250.0,22.0,203.0,5.0,1.0,0.0,0.0,0.0,0.0
2025/11/24,22:03:51,0,53.0,215.0,270.0,250.0,20.0,202.0,4.0,1.0,0.0,0.0,0.0,0.0
2025/11/24,22:03:56,0,49.0,205.0,268.0,250.0,28.0,204.0,6.0,3.0,0.0,0.0,0.0,0.0
2025/11/24,22:04:01,0,50.0,190.0,268.0,250.0,32.0,201.0,6.0,3.0,0.0,0.0,0.0,0.0
2025/11/24,22:04:06,0,52.0,200.0,270.0,250.0,20.0,203.0,4.0,1.0,0.0,0.0,0.0,0.0
2025/11/24,22:04:11,0,52.0,200.0,267.0,250.0,30.0,202.0,5.0,2.0,0.0,0.0,0.0,0.0
2025/11/24,22:04:16,0,53.0,189.0,267.0,250.0,30.0,202.0,6.0,3.0,0.0,0.0,0.0,0.0
2025/11/24,22:04:21,0,51.0,197.0,268.0,250.0,29.0,202.0,5.0,2.0,0.0,0.0,0.0,0.0
2025/11/24,22:04:26,0,49.0,199.0,269.0,249.0,19.0,203.0,3.0,1.0,0.0,0.0,0.0,0.0
2025/11/24,22:04:31,0,52.0,220.0,270.0,250.0,20.0,203.0,5.0,1.0,0.0,0.0,0.0,0.0
2025/11/24,22:05:12,0,51.0,216.0,270.0,250.0,20.0,202.0,5.0,2.0,0.0,0.0,0.0,0.0
2025/11/24,22:05:16,0,49.0,192.0,265.0,250.0,28.0,204.0,5.0,3.0,0.0,0.0,0.0,0.0
2025/11/24,22:05:21,0,50.0,197.0,269.0,249.0,20.0,203.0,4.0,1.0,0.0,0.0,0.0,0.0
2025/11/24,22:05:26,0,48.0,196.0,270.0,250.0,17.0,204.0,3.0,1.0,0.0,0.0,0.0,0.0
2025/11/24,22:05:31,0,48.0,197.0,269.0,250.0,20.0,203.0,3.0,1.0,0.0,0.0,0.0,0.0
2025/11/24,22:05:36,0,47.0,196.0,268.0,250.0,20.0,203.0,3.0,1.0,0.0,0.0,0.0,0.0
2025/11/24,22:05:41,0,48.0,199.0,269.0,249.0,19.0,203.0,3.0,1.0,0.0,0.0,0.0,0.0
2025/11/24,22:05:46,0,49.0,205.0,270.0,250.0,19.0,202.0,5.0,1.0,0.0,0.0,0.0,0.0
2025/11/24,22:05:51,0,47.0,214.0,270.0,250.0,23.0,203.0,4.0,1.0,0.0,0.0,0.0,0.0
2025/11/24,22:05:56,0,50.0,187.0,265.0,250.0,33.0,203.0,6.0,3.0,0.0,0.0,0.0,0.0
2025/11/24,22:06:01,0,50.0,197.0,268.0,251.0,27.0,204.0,4.0,2.0,0.0,0.0,0.0,0.0
2025/11/24,22:06:06,0,48.0,218.0,269.0,250.0,22.0,202.0,5.0,1.0,0.0,0.0,0.0,0.0
2025/11/24,22:06:11,0,48.0,186.0,266.0,250.0,33.0,204.0,6.0,5.0,0.0,0.0,0.0,0.0
2025/11/24,22:06:16,0,48.0,191.0,267.0,249.0,29.0,202.0,6.0,3.0,0.0,0.0,0.0,0.0
2025/11/24,22:06:21,0,49.0,200.0,268.0,250.0,16.0,203.0,3.0,0.0,0.0,0.0,0.0,0.0
2025/11/24,22:06:26,0,51.0,214.0,270.0,249.0,19.0,202.0,5.0,1.0,0.0,0.0,0.0,0.0
2025/11/24,22:06:31,0,50.0,208.0,268.0,250.0,25.0,203.0,5.0,2.0,0.0,0.0,0.0,-0.0008
2025/11/24,22:06:36,0,48.0,192.0,267.0,250.0,32.0,203.0,6.0,3.0,0.0,0.0,0.0,0.0
2025/11/24,22:06:41,0,51.0,196.0,266.0,250.0,24.0,203.0,3.0,2.0,0.0,0.0,0.0,0.0
2025/11/24,22:06:46,0,54.0,214.0,268.0,250.0,19.0,202.0,5.0,1.0,0.0,0.0,0.0,0.0
2025/11/24,22:06:51,0,51.0,190.0,266.0,250.0,31.0,201.0,6.0,3.0,0.0,0.0,0.0,0.0
2025/11/24,22:06:56,0,50.0,197.0,266.0,251.0,23.0,203.0,4.0,1.0,0.0,0.0,0.0,0.0
2025/11/24,22:07:01,0,52.0,220.0,270.0,250.0,22.0,203.0,5.0,1.0,0.0,0.0,0.0,0.0
2025/11/24,22:07:06,0,53.0,189.0,266.0,250.0,33.0,203.0,6.0,3.0,0.0,0.0,0.0,0.0
2025/11/24,22:07:11,0,52.0,197.0,268.0,248.0,19.0,202.0,3.0,1.0,0.0,0.0,0.0,0.0
2025/11/24,22:07:16,0,53.0,212.0,268.0,250.0,21.0,203.0,4.0,2.0,0.0,0.0,0.0,0.0
2025/11/24,22:07:21,0,53.0,190.0,264.0,250.0,34.0,203.0,5.0,3.0,0.0,0.0,0.0,0.0
2025/11/24,22:07:26,0,53.0,196.0,266.0,249.0,30.0,202.0,6.0,2.0,0.0,0.0,0.0,0.0
2025/11/24,22:07:31,0,53.0,197.0,267.0,250.0,22.0,203.0,4.0,1.0,0.0,0.0,0.0,0.0
2025/11/24,22:07:36,0,52.0,201.0,270.0,248.0,19.0,202.0,4.0,1.0,0.0,0.0,0.0,0.0
2025/11/24,22:07:41,0,53.0,188.0,266.0,250.0,32.0,204.0,6.0,4.0,0.0,0.0,0.0,0.0
2025/11/24,22:07:46,0,51.0,199.0,267.0,249.0,35.0,202.0,7.0,4.0,0.0,0.0,0.0,0.0
2025/11/24,22:07:51,0,54.0,194.0,268.0,250.0,30.0,201.0,5.0,3.0,0.0,0.0,0.0,0.0
2025/11/24,22:07:56,0,54.0,196.0,268.0,249.0,21.0,201.0,4.0,2.0,0.0,0.0,0.0,0.0
2025/11/24,22:08:01,0,50.0,198.0,265.0,249.0,31.0,203.0,5.0,3.0,0.0,0.0,0.0,0.0
2025/11/24,22:08:06,0,54.0,194.0,267.0,248.0,23.0,201.0,4.0,2.0,0.0,0.0,0.0,0.0
2025/11/24,22:08:11,0,53.0,199.0,269.0,251.0,18.0,201.0,2.0,1.0,0.0,0.0,0.0,0.0
2025/11/24,22:08:16,0,52.0,215.0,269.0,251.0,21.0,201.0,5.0,1.0,0.0,0.0,0.0,0.0
2025/11/24,22:08:21,0,55.0,215.0,269.0,250.0,22.0,203.0,6.0,2.0,0.0,0.0,0.0,0.0
2025/11/24,22:08:26,0,52.0,212.0,267.0,249.0,23.0,201.0,4.0,1.0,0.0,0.0,0.0,0.0
2025/11/24,22:08:31,0,50.0,206.0,268.0,251.0,25.0,203.0,6.0,1.0,0.0,0.0,0.0,0.0
2025/11/24,22:08:36,0,53.0,190.0,265.0,249.0,35.0,203.0,8.0,3.0,0.0,0.0,0.0,0.0
2025/11/24,22:08:41,0,53.0,192.0,264.0,248.0,31.0,202.0,6.0,3.0,0.0,0.0,0.0,0.0
2025/11/24,22:08:46,0,52.0,200.0,262.0,250.0,31.0,203.0,6.0,3.0,0.0,0.0,0.0,0.0
2025/11/24,22:08:51,0,53.0,197.0,265.0,248.0,29.0,202.0,6.0,3.0,0.0,0.0,0.0,-0.0008
2025/11/24,22:08:56,0,52.0,200.0,264.0,250.0,30.0,203.0,5.0,3.0,0.0,0.0,0.0,0.0
2025/11/24,22:09:01,0,51.0,197.0,265.0,249.0,31.0,203.0,5.0,3.0,0.0,0.0,0.0,0.0
2025/11/24,22:09:06,0,53.0,191.0,266.0,250.0,30.0,201.0,6.0,3.0,0.0,0.0,0.0,0.0
2025/11/24,22:09:11,0,51.0,186.0,265.0,250.0,31.0,203.0,6.0,3.0,0.0,0.0,0.0,0.0
2025/11/24,22:09:16,0,52.0,189.0,266.0,250.0,34.0,203.0,8.0,4.0,0.0,0.0,0.0,0.0
2025/11/24,22:09:21,0,47.0,199.0,265.0,249.0,30.0,203.0,6.0,3.0,0.0,0.0,0.0,0.0
2025/11/24,22:09:26,0,54.0,199.0,264.0,250.0,29.0,201.0,5.0,3.0,0.0,0.0,0.0,-0.0008
2025/11/24,22:09:31,0,55.0,201.0,266.0,250.0,30.0,202.0,7.0,3.0,0.0,0.0,0.0,0.0
2025/11/24,22:09:36,0,53.0,200.0,266.0,249.0,31.0,203.0,6.0,3.0,0.0,0.0,0.0,0.0
2025/11/24,22:09:41,0,57.0,196.0,266.0,250.0,32.0,203.0,7.0,3.0,0.0,0.0,0.0,0.0
2025/11/24,22:09:46,0,53.0,188.0,262.0,250.0,32.0,201.0,6.0,4.0,0.0,0.0,0.0,0.0
2025/11/24,22:09:51,0,53.0,194.0,264.0,249.0,32.0,203.0,6.0,4.0,0.0,0.0,0.0,0.0
2025/11/24,22:09:56,0,52.0,217.0,266.0,250.0,20.0,203.0,6.0,2.0,0.0,0.0,0.0,0.0
2025/11/24,22:10:01,0,53.0,196.0,265.0,250.0,30.0,202.0,5.0,2.0,0.0,0.0,0.0,0.0
2025/11/24,22:10:06,0,54.0,207.0,267.0,250.0,21.0,202.0,5.0,1.0,0.0,0.0,0.0,0.0
2025/11/24,22:10:11,0,53.0,188.0,265.0,249.0,36.0,204.0,7.0,5.0,0.0,0.0,0.0,0.0
2025/11/24,22:10:16,0,52.0,197.0,263.0,250.0,27.0,204.0,4.0,3.0,0.0,0.0,0.0,0.0
2025/11/24,22:10:21,0,54.0,215.0,267.0,248.0,21.0,202.0,5.0,1.0,0.0,0.0,0.0,0.0
2025/11/24,22:10:26,0,51.0,188.0,265.0,250.0,33.0,201.0,7.0,4.0,0.0,0.0,0.0,0.0
2025/11/24,22:10:31,0,53.0,198.0,265.0,248.0,31.0,201.0,5.0,3.0,0.0,0.0,0.0,0.0
2025/11/24,22:10:36,0,53.0,196.0,264.0,250.0,24.0,203.0,4.0,2.0,0.0,0.0,0.0,0.0
2025/11/24,22:10:41,0,54.0,208.0,267.0,249.0,20.0,204.0,4.0,1.0,0.0,0.0,0.0,0.0
2025/11/24,22:10:46,0,54.0,197.0,266.0,249.0,31.0,203.0,7.0,3.0,0.0,0.0,0.0,0.0
2025/11/24,22:10:51,0,53.0,197.0,265.0,250.0,27.0,202.0,5.0,2.0,0.0,0.0,0.0,0.0
2025/11/24,22:10:56,0,54.0,214.0,267.0,249.0,22.0,203.0,5.0,1.0,0.0,0.0,0.0,0.0
2025/11/24,22:11:01,0,55.0,199.0,261.0,250.0,31.0,203.0,6.0,3.0,0.0,0.0,0.0,0.0
2025/11/24,22:11:06,0,54.0,207.0,267.0,250.0,20.0,204.0,5.0,1.0,0.0,0.0,0.0,0.0
2025/11/24,22:11:11,0,49.0,196.0,266.0,250.0,32.0,202.0,7.0,4.0,0.0,0.0,0.0,0.0
2025/11/24,22:11:16,0,52.0,200.0,265.0,250.0,31.0,203.0,6.0,3.0,0.0,0.0,0.0,0.0
2025/11/24,22:11:21,0,53.0,199.0,267.0,250.0,17.0,204.0,2.0,1.0,0.0,0.0,0.0,0.0
2025/11/24,22:11:26,0,54.0,209.0,268.0,249.0,20.0,204.0,5.0,1.0,0.0,0.0,0.0,0.0
2025/11/24,22:11:31,0,54.0,215.0,269.0,248.0,23.0,202.0,4.0,1.0,0.0,0.0,0.0,0.0
2025/11/24,22:11:36,0,55.0,216.0,267.0,250.0,23.0,202.0,5.0,1.0,0.0,0.0,0.0,0.0
2025/11/24,22:11:41,0,54.0,222.0,267.0,250.0,22.0,202.0,6.0,1.0,0.0,0.0,0.0,0.0
2025/11/24,22:11:46,0,56.0,217.0,267.0,250.0,21.0,202.0,5.0,1.0,0.0,0.0,0.0,0.0
2025/11/24,22:11:51,0,57.0,219.0,268.0,251.0,23.0,203.0,5.0,1.0,0.0,0.0,0.0,0.0
2025/11/24,22:11:56,0,54.0,215.0,269.0,249.0,23.0,203.0,6.0,2.0,0.0,0.0,0.0,0.0
2025/11/24,22:12:01,0,53.0,204.0,269.0,248.0,22.0,202.0,5.0,1.0,0.0,0.0,0.0,0.0
2025/11/24,22:12:06,0,51.0,200.0,267.0,249.0,21.0,203.0,4.0,1.0,0.0,0.0,0.0,0.0
2025/11/24,22:12:11,0,52.0,198.0,265.0,249.0,30.0,202.0,6.0,3.0,0.0,0.0,0.0,0.0
2025/11/24,22:12:16,0,55.0,190.0,266.0,251.0,33.0,203.0,8.0,3.0,0.0,0.0,0.0,0.0
2025/11/24,22:12:21,0,56.0,220.0,267.0,250.0,21.0,201.0,6.0,0.0,0.0,0.0,0.0,0.0
2025/11/24,22:12:26,0,54.0,200.0,265.0,250.0,19.0,203.0,3.0,0.0,0.0,0.0,0.0,0.0
2025/11/24,22:12:31,0,54.0,192.0,263.0,250.0,29.0,203.0,5.0,1.0,0.0,0.0,0.0,0.0
2025/11/24,22:12:36,0,51.0,190.0,265.0,250.0,33.0,204.0,5.0,3.0,0.0,0.0,0.0,0.0
2025/11/24,22:12:41,0,49.0,207.0,268.0,251.0,26.0,202.0,6.0,2.0,0.0,0.0,0.0,0.0
2025/11/24,22:12:46,0,51.0,202.0,266.0,250.0,21.0,203.0,5.0,1.0,0.0,0.0,0.0,0.0
2025/11/24,22:12:51,0,53.0,194.0,262.0,250.0,27.0,203.0,5.0,2.0,0.0,0.0,0.0,0.0
2025/11/24,22:12:56,0,53.0,195.0,265.0,248.0,31.0,203.0,6.0,3.0,0.0,0.0,0.0,0.0
2025/11/24,22:13:01,0,54.0,187.0,264.0,250.0,32.0,203.0,6.0,4.0,0.0,0.0,0.0,0.0
2025/11/24,22:13:06,0,55.0,194.0,265.0,250.0,34.0,202.0,7.0,3.0,0.0,0.0,0.0,0.0
2025/11/24,22:13:11,0,55.0,202.0,266.0,251.0,31.0,201.0,6.0,3.0,0.0,0.0,0.0,0.0
2025/11/24,22:13:16,0,53.0,205.0,266.0,250.0,28.0,203.0,6.0,2.0,0.0,0.0,0.0,0.0
2025/11/24,22:13:21,0,56.0,209.0,267.0,249.0,25.0,201.0,5.0,2.0,0.0,0.0,0.0,0.0
2025/11/24,22:13:26,0,55.0,211.0,268.0,251.0,22.0,203.0,5.0,1.0,0.0,0.0,0.0,0.0
2025/11/24,22:13:31,0,52.0,211.0,266.0,250.0,22.0,203.0,5.0,1.0,0.0,0.0,0.0,0.0
2025/11/24,22:13:36,0,54.0,199.0,268.0,250.0,17.0,203.0,3.0,0.0,0.0,0.0,0.0,0.0
2025/11/24,22:13:41,0,53.0,193.0,262.0,250.0,27.0,202.0,6.0,2.0,0.0,0.0,0.0,-0.0008
2025/11/24,22:13:46,0,55.0,198.0,264.0,251.0,32.0,203.0,6.0,2.0,0.0,0.0,0.0,0.0
2025/11/24,22:13:51,0,53.0,195.0,264.0,250.0,32.0,202.0,6.0,3.0,0.0,0.0,0.0,0.0
2025/11/24,22:13:56,0,55.0,191.0,265.0,251.0,30.0,202.0,6.0,3.0,0.0,0.0,0.0,0.0
2025/11/24,22:14:01,0,54.0,191.0,265.0,250.0,31.0,202.0,6.0,3.0,0.0,0.0,-0.0008,0.0
2025/11/24,22:14:06,0,54.0,190.0,266.0,248.0,33.0,201.0,6.0,3.0,0.0,0.0,-0.0008,0.0
2025/11/24,22:14:11,0,52.0,186.0,262.0,250.0,33.0,203.0,7.0,3.0,0.0,0.0,0.0,-0.0008
2025/11/24,22:14:16,0,54.0,187.0,266.0,250.0,36.0,203.0,7.0,4.0,0.0,0.0,0.0,0.0
2025/11/24,22:14:21,0,52.0,201.0,267.0,251.0,29.0,203.0,6.0,3.0,0.0,0.0,0.0,0.0
2025/11/24,22:14:26,0,52.0,212.0,267.0,250.0,27.0,203.0,6.0,1.0,0.0,0.0,0.0,0.0
2025/11/24,22:14:31,0,50.0,220.0,268.0,249.0,23.0,203.0,5.0,1.0,0.0,0.0,0.0,0.0
2025/11/24,22:14:36,0,53.0,220.0,269.0,250.0,23.0,202.0,5.0,1.0,0.0,0.0,0.0,0.0
2025/11/24,22:15:11,0,51.0,223.0,270.0,251.0,18.0,202.0,6.0,2.0,0.0,0.0,0.0,0.0
2025/11/24,22:15:15,0,52.0,195.0,266.0,249.0,27.0,203.0,5.0,2.0,0.0,0.0,0.0,0.0
2025/11/24,22:15:20,0,54.0,214.0,268.0,250.0,22.0,203.0,6.0,1.0,0.0,0.0,0.0,0.0
2025/11/24,22:15:25,0,52.0,187.0,265.0,250.0,35.0,202.0,6.0,3.0,0.0,0.0,0.0,-0.0008
2025/11/24,22:15:30,0,51.0,197.0,268.0,248.0,21.0,202.0,3.0,1.0,0.0,0.0,0.0,0.0
2025/11/24,22:15:35,0,54.0,207.0,268.0,249.0,27.0,203.0,5.0,2.0,0.0,0.0,0.0,0.0
2025/11/24,22:15:40,0,53.0,200.0,265.0,249.0,33.0,203.0,6.0,3.0,0.0,0.0,0.0,0.0
2025/11/24,22:15:45,0,51.0,213.0,268.0,249.0,21.0,202.0,5.0,1.0,0.0,0.0,0.0,0.0
2025/11/24,22:15:50,0,52.0,200.0,266.0,250.0,33.0,202.0,6.0,2.0,0.0,0.0,0.0,0.0
2025/11/24,22:15:55,0,55.0,205.0,267.0,249.0,27.0,201.0,6.0,3.0,0.0,0.0,0.0,0.0
2025/11/24,22:16:00,0,53.0,203.0,269.0,250.0,20.0,202.0,5.0,1.0,0.0,0.0,0.0,0.0
2025/11/24,22:16:05,0,54.0,193.0,265.0,249.0,31.0,204.0,6.0,3.0,0.0,0.0,0.0,0.0
2025/11/24,22:16:10,0,53.0,193.0,264.0,250.0,35.0,203.0,7.0,4.0,0.0,0.0,0.0,0.0
2025/11/24,22:16:15,0,54.0,208.0,269.0,250.0,23.0,203.0,5.0,1.0,0.0,0.0,0.0,0.0
2025/11/24,22:16:20,0,55.0,196.0,265.0,248.0,38.0,200.0,6.0,3.0,0.0,0.0,0.0,0.0
2025/11/24,22:16:25,0,59.0,200.0,267.0,245.0,29.0,201.0,7.0,3.0,0.0,0.0,0.0,0.0
2025/11/24,22:16:30,0,55.0,204.0,269.0,250.0,20.0,203.0,5.0,1.0,0.0,0.0,0.0,0.0
2025/11/24,22:16:35,0,55.0,193.0,266.0,249.0,28.0,203.0,5.0,2.0,0.0,0.0,0.0,0.0
2025/11/24,22:16:40,0,52.0,192.0,266.0,250.0,32.0,202.0,6.0,3.0,0.0,0.0,0.0,0.0
2025/11/24,22:16:45,0,57.0,203.0,268.0,250.0,27.0,201.0,6.0,2.0,0.0,0.0,0.0,0.0
2025/11/24,22:16:50,0,55.0,211.0,269.0,249.0,21.0,203.0,5.0,1.0,0.0,0.0,0.0,0.0
2025/11/24,22:16:55,0,53.0,198.0,268.0,250.0,23.0,202.0,4.0,1.0,0.0,0.0,0.0,0.0
2025/11/24,22:17:00,0,57.0,201.0,265.0,250.0,32.0,203.0,6.0,3.0,0.0,0.0,0.0,0.0
2025/11/24,22:17:05,0,54.0,189.0,266.0,248.0,33.0,201.0,6.0,3.0,0.0,0.0,0.0,0.0
2025/11/24,22:17:10,0,56.0,207.0,268.0,250.0,26.0,201.0,6.0,2.0,0.0,0.0,0.0,0.0
2025/11/24,22:17:15,0,55.0,210.0,270.0,250.0,21.0,203.0,5.0,1.0,0.0,0.0,0.0,-0.0008
2025/11/24,22:17:20,0,54.0,198.0,269.0,250.0,18.0,202.0,4.0,0.0,0.0,0.0,0.0,0.0
2025/11/24,22:17:25,0,55.0,208.0,270.0,251.0,19.0,201.0,4.0,0.0,0.0,0.0,0.0,-0.0008
2025/11/24,22:17:30,0,54.0,193.0,266.0,250.0,28.0,202.0,5.0,2.0,0.0,0.0,0.0,0.0
2025/11/24,22:17:35,0,54.0,220.0,269.0,248.0,21.0,202.0,6.0,1.0,0.0,0.0,0.0,0.0
2025/11/24,22:17:40,0,55.0,204.0,268.0,250.0,22.0,203.0,6.0,1.0,0.0,0.0,0.0,0.0
2025/11/24,22:17:45,0,54.0,196.0,268.0,250.0,20.0,202.0,3.0,1.0,0.0,0.0,0.0,0.0
2025/11/24,22:17:50,0,53.0,197.0,266.0,250.0,32.0,202.0,6.0,3.0,0.0,0.0,0.0,0.0
2025/11/24,22:17:55,0,58.0,188.0,267.0,249.0,35.0,203.0,8.0,4.0,0.0,0.0,0.0,0.0
2025/11/24,22:18:00,0,56.0,214.0,266.0,250.0,21.0,203.0,6.0,1.0,0.0,0.0,0.0,0.0
2025/11/24,22:18:05,0,55.0,204.0,269.0,248.0,21.0,202.0,5.0,1.0,0.0,0.0,0.0,0.0
2025/11/24,22:18:10,0,53.0,196.0,266.0,250.0,28.0,203.0,4.0,2.0,0.0,0.0,0.0,0.0
2025/11/24,22:18:15,0,53.0,187.0,267.0,249.0,33.0,203.0,7.0,3.0,0.0,0.0,0.0,0.0
2025/11/24,22:18:20,0,55.0,211.0,270.0,251.0,22.0,202.0,6.0,2.0,0.0,0.0,0.0,0.0
2025/11/24,22:18:25,0,54.0,206.0,266.0,249.0,20.0,202.0,4.0,1.0,0.0,0.0,0.0,0.0
2025/11/24,22:18:30,0,54.0,192.0,267.0,249.0,30.0,203.0,6.0,3.0,0.0,0.0,0.0,0.0
2025/11/24,22:18:35,0,53.0,186.0,266.0,250.0,35.0,202.0,6.0,3.0,0.0,0.0,0.0,0.0
2025/11/24,22:18:40,0,49.0,215.0,269.0,248.0,22.0,201.0,4.0,1.0,0.0,0.0,0.0,0.0
2025/11/24,22:18:45,0,54.0,196.0,268.0,250.0,19.0,203.0,3.0,1.0,0.0,0.0,0.0,0.0
2025/11/24,22:18:50,0,52.0,198.0,264.0,250.0,34.0,203.0,6.0,3.0,0.0,0.0,0.0,0.0
2025/11/24,22:18:55,0,56.0,189.0,267.0,250.0,33.0,201.0,6.0,3.0,0.0,0.0,0.0,0.0
2025/11/24,22:19:00,0,56.0,211.0,269.0,249.0,21.0,202.0,5.0,1.0,0.0,0.0,0.0,0.0
2025/11/24,22:19:05,0,54.0,204.0,269.0,250.0,20.0,201.0,4.0,1.0,0.0,0.0,0.0,0.0
2025/11/24,22:19:10,0,54.0,192.0,266.0,250.0,30.0,201.0,5.0,3.0,0.0,0.0,0.0,0.0
2025/11/24,22:19:15,0,54.0,191.0,265.0,250.0,32.0,203.0,6.0,3.0,0.0,0.0,0.0,0.0
2025/11/24,22:19:20,0,53.0,204.0,267.0,249.0,30.0,203.0,8.0,2.0,0.0,0.0,0.0,0.0
2025/11/24,22:19:25,0,55.0,217.0,268.0,250.0,22.0,203.0,6.0,1.0,0.0,0.0,0.0,0.0
2025/11/24,22:19:30,0,55.0,196.0,266.0,250.0,18.0,202.0,3.0,0.0,0.0,0.0,0.0,0.0
2025/11/24,22:19:35,0,52.0,193.0,267.0,249.0,26.0,204.0,5.0,2.0,0.0,0.0,0.0,-0.0008
2025/11/24,22:19:40,0,58.0,198.0,267.0,248.0,31.0,202.0,6.0,4.0,0.0,0.0,0.0,0.0
2025/11/24,22:19:45,0,54.0,189.0,265.0,250.0,33.0,202.0,6.0,3.0,0.0,0.0,0.0,0.0
2025/11/24,22:19:50,0,58.0,201.0,269.0,248.0,27.0,202.0,7.0,3.0,0.0,0.0,0.0,0.0
2025/11/24,22:19:55,0,55.0,213.0,268.0,249.0,23.0,203.0,6.0,1.0,0.0,0.0,0.0,0.0
2025/11/24,22:20:00,0,53.0,197.0,269.0,248.0,19.0,201.0,3.0,1.0,0.0,0.0,0.0,0.0
2025/11/24,22:20:05,0,53.0,199.0,266.0,249.0,31.0,202.0,6.0,2.0,0.0,0.0,0.0,0.0
2025/11/24,22:20:10,0,54.0,192.0,266.0,250.0,33.0,203.0,7.0,4.0,0.0,0.0,0.0,0.0
2025/11/24,22:20:15,0,54.0,220.0,269.0,249.0,22.0,202.0,6.0,1.0,0.0,0.0,0.0,0.0
2025/11/24,22:20:20,0,53.0,198.0,268.0,250.0,17.0,202.0,4.0,0.0,0.0,0.0,0.0,0.0
2025/11/24,22:20:25,0,54.0,193.0,265.0,248.0,32.0,201.0,6.0,3.0,0.0,0.0,0.0,0.0
2025/11/24,22:20:30,0,53.0,190.0,265.0,250.0,35.0,202.0,7.0,3.0,0.0,0.0,0.0,-0.0008
2025/11/24,22:20:35,0,54.0,210.0,267.0,249.0,24.0,202.0,6.0,2.0,0.0,0.0,0.0,0.0
2025/11/24,22:20:40,0,54.0,209.0,268.0,249.0,22.0,202.0,5.0,1.0,0.0,0.0,0.0,0.0
2025/11/24,22:20:45,0,53.0,198.0,267.0,249.0,22.0,202.0,4.0,1.0,0.0,0.0,0.0,0.0
2025/11/24,22:20:50,0,53.0,198.0,266.0,249.0,32.0,202.0,6.0,1.0,0.0,0.0,0.0,0.0
2025/11/24,22:20:55,0,53.0,190.0,266.0,248.0,33.0,202.0,7.0,3.0,0.0,0.0,0.0,0.0
2025/11/24,22:21:00,0,53.0,209.0,268.0,249.0,25.0,202.0,6.0,2.0,0.0,0.0,0.0,0.0
2025/11/24,22:21:05,0,52.0,205.0,269.0,249.0,20.0,201.0,4.0,1.0,-0.0008,0.0,0.0,0.0
2025/11/24,22:21:10,0,53.0,194.0,265.0,250.0,30.0,203.0,5.0,2.0,0.0,0.0,0.0,0.0
2025/11/24,22:21:15,0,52.0,193.0,265.0,249.0,32.0,203.0,6.0,3.0,0.0,0.0,0.0,0.0
2025/11/24,22:21:20,0,53.0,200.0,268.0,249.0,29.0,202.0,7.0,3.0,0.0,0.0,0.0,0.0
2025/11/24,22:21:25,0,52.0,212.0,267.0,249.0,23.0,202.0,6.0,1.0,0.0,0.0,0.0,0.0
2025/11/24,22:21:30,0,48.0,196.0,267.0,249.0,18.0,200.0,4.0,0.0,0.0,0.0,0.0,0.0
2025/11/24,22:21:35,0,51.0,194.0,266.0,249.0,27.0,202.0,5.0,2.0,0.0,0.0,0.0,0.0
2025/11/24,22:21:40,0,51.0,196.0,266.0,250.0,30.0,202.0,6.0,2.0,0.0,0.0,0.0,0.0
2025/11/24,22:21:45,0,47.0,188.0,266.0,249.0,36.0,202.0,8.0,3.0,0.0,0.0,0.0,0.0
2025/11/24,22:21:50,0,55.0,218.0,268.0,250.0,23.0,202.0,6.0,1.0,0.0,0.0,0.0,0.0
2025/11/24,22:21:55,0,53.0,207.0,268.0,249.0,21.0,203.0,5.0,1.0,0.0,0.0,0.0,0.0
2025/11/24,22:22:00,0,53.0,198.0,269.0,249.0,20.0,203.0,4.0,1.0,0.0,0.0,0.0,0.0
2025/11/24,22:22:05,0,54.0,197.0,267.0,249.0,21.0,203.0,4.0,1.0,0.0,0.0,0.0,0.0
2025/11/24,22:22:10,0,55.0,193.0,265.0,249.0,30.0,202.0,6.0,2.0,0.0,0.0,0.0,0.0
2025/11/24,22:22:15,0,53.0,198.0,266.0,249.0,33.0,202.0,6.0,3.0,0.0,0.0,0.0,0.0
2025/11/24,22:22:20,0,53.0,187.0,265.0,250.0,33.0,201.0,7.0,3.0,0.0,0.0,0.0,0.0
2025/11/24,22:22:25,0,55.0,207.0,266.0,250.0,28.0,202.0,7.0,2.0,0.0,0.0,0.0,-0.0008
2025/11/24,22:22:30,0,54.0,217.0,268.0,249.0,22.0,201.0,5.0,1.0,0.0,0.0,0.0,0.0
2025/11/24,22:22:35,0,54.0,199.0,268.0,249.0,20.0,203.0,3.0,1.0,0.0,0.0,0.0,0.0
2025/11/24,22:22:40,0,53.0,193.0,265.0,249.0,31.0,202.0,7.0,3.0,0.0,0.0,0.0,0.0
2025/11/24,22:22:45,0,53.0,188.0,265.0,250.0,33.0,203.0,7.0,4.0,0.0,0.0,0.0,0.0
2025/11/24,22:22:50,0,52.0,214.0,268.0,250.0,19.0,202.0,6.0,1.0,0.0,0.0,0.0,0.0
2025/11/24,22:22:55,0,54.0,200.0,268.0,249.0,20.0,202.0,5.0,1.0,0.0,0.0,0.0,0.0
2025/11/24,22:23:00,0,55.0,196.0,267.0,249.0,27.0,201.0,5.0,1.0,0.0,0.0,0.0,0.0
2025/11/24,22:23:05,0,55.0,196.0,265.0,250.0,33.0,202.0,6.0,3.0,0.0,0.0,0.0,0.0
2025/11/24,22:23:10,0,52.0,192.0,266.0,249.0,36.0,201.0,8.0,3.0,0.0,0.0,0.0,0.0
2025/11/24,22:23:15,0,54.0,221.0,269.0,251.0,22.0,202.0,6.0,1.0,0.0,0.0,0.0,0.0
2025/11/24,22:23:20,0,55.0,198.0,268.0,250.0,18.0,202.0,4.0,0.0,0.0,0.0,0.0,0.0
2025/11/24,22:23:25,0,54.0,196.0,265.0,250.0,31.0,202.0,6.0,3.0,0.0,0.0,0.0,0.0
2025/11/24,22:23:30,0,54.0,187.0,266.0,250.0,35.0,201.0,8.0,3.0,0.0,0.0,0.0,0.0
2025/11/24,22:23:35,0,55.0,218.0,268.0,249.0,22.0,201.0,5.0,2.0,0.0,0.0,0.0,0.0
2025/11/24,22:23:40,0,55.0,198.0,268.0,249.0,19.0,201.0,4.0,0.0,0.0,0.0,0.0,0.0
2025/11/24,22:23:45,0,52.0,191.0,266.0,249.0,32.0,202.0,6.0,3.0,0.0,0.0,0.0,0.0
2025/11/24,22:23:50,0,54.0,189.0,265.0,249.0,34.0,203.0,6.0,3.0,0.0,0.0,0.0,0.0
2025/11/24,22:23:55,0,55.0,209.0,268.0,249.0,23.0,203.0,6.0,2.0,0.0,0.0,0.0,0.0
2025/11/24,22:24:00,0,54.0,204.0,268.0,250.0,23.0,203.0,5.0,1.0,0.0,0.0,0.0,0.0
2025/11/24,22:24:05,0,55.0,196.0,266.0,249.0,26.0,203.0,6.0,2.0,0.0,0.0,0.0,0.0
2025/11/24,22:24:10,0,54.0,197.0,263.0,250.0,32.0,202.0,6.0,2.0,0.0,0.0,0.0,0.0
2025/11/24,22:24:15,0,52.0,187.0,266.0,250.0,34.0,202.0,8.0,4.0,0.0,0.0,0.0,0.0
2025/11/24,22:24:20,0,52.0,216.0,269.0,250.0,25.0,201.0,5.0,1.0,0.0,0.0,0.0,0.0
2025/11/24,22:24:25,0,52.0,197.0,266.0,250.0,21.0,203.0,4.0,0.0,0.0,0.0,0.0,0.0
2025/11/24,22:24:30,0,52.0,192.0,266.0,250.0,33.0,200.0,5.0,3.0,0.0,0.0,0.0,-0.0008
2025/11/24,22:24:35,0,53.0,191.0,266.0,250.0,34.0,202.0,7.0,3.0,0.0,0.0,0.0,0.0
2025/11/24,22:24:40,0,54.0,211.0,267.0,250.0,25.0,202.0,6.0,1.0,0.0,0.0,0.0,0.0
2025/11/24,22:24:45,0,54.0,208.0,268.0,249.0,23.0,201.0,5.0,2.0,0.0,0.0,0.0,-0.0008
2025/11/24,22:24:50,0,51.0,195.0,268.0,250.0,24.0,203.0,5.0,1.0,0.0,0.0,0.0,0.0
2025/11/24,22:25:23,0,56.0,196.0,266.0,250.0,29.0,202.0,8.0,3.0,0.0,0.0,0.0,0.0
2025/11/24,22:25:25,0,52.0,200.0,265.0,250.0,28.0,203.0,7.0,3.0,0.0,0.0,0.0,0.0
2025/11/24,22:25:30,0,53.0,210.0,267.0,250.0,23.0,202.0,5.0,1.0,0.0,0.0,0.0,0.0
2025/11/24,22:25:35,0,52.0,197.0,267.0,250.0,23.0,203.0,5.0,1.0,0.0,0.0,0.0,0.0
2025/11/24,22:25:40,0,54.0,194.0,265.0,250.0,32.0,202.0,6.0,3.0,0.0,0.0,0.0,-0.0008
2025/11/24,22:25:45,0,49.0,191.0,266.0,249.0,38.0,202.0,8.0,4.0,0.0,0.0,0.0,0.0
2025/11/24,22:25:50,0,53.0,209.0,268.0,249.0,23.0,203.0,5.0,1.0,0.0,0.0,0.0,0.0
2025/11/24,22:25:55,0,54.0,209.0,269.0,250.0,22.0,203.0,5.0,1.0,0.0,0.0,0.0,0.0
2025/11/24,22:26:00,0,53.0,196.0,267.0,250.0,25.0,201.0,5.0,1.0,0.0,0.0,0.0,0.0
2025/11/24,22:26:05,0,54.0,192.0,266.0,249.0,32.0,203.0,7.0,3.0,0.0,0.0,0.0,0.0
2025/11/24,22:26:10,0,53.0,199.0,268.0,250.0,31.0,202.0,9.0,3.0,0.0,0.0,0.0,0.0
2025/11/24,22:26:15,0,54.0,214.0,269.0,249.0,23.0,202.0,6.0,2.0,0.0,0.0,0.0,0.0
2025/11/24,22:26:20,0,53.0,197.0,268.0,248.0,24.0,201.0,4.0,1.0,0.0,0.0,0.0,0.0
2025/11/24,22:26:25,0,54.0,195.0,266.0,249.0,32.0,201.0,6.0,3.0,0.0,0.0,0.0,0.0
2025/11/24,22:26:30,0,53.0,185.0,267.0,249.0,40.0,203.0,8.0,3.0,0.0,0.0,0.0,0.0
2025/11/24,22:26:35,0,56.0,207.0,269.0,250.0,26.0,202.0,6.0,2.0,0.0,0.0,0.0,0.0
2025/11/24,22:26:40,0,54.0,215.0,269.0,250.0,24.0,202.0,6.0,1.0,0.0,0.0,0.0,0.0
2025/11/24,22:26:45,0,53.0,198.0,267.0,250.0,19.0,203.0,4.0,1.0,0.0,0.0,0.0,0.0
2025/11/24,22:26:50,0,54.0,192.0,267.0,249.0,31.0,203.0,7.0,3.0,0.0,0.0,0.0,0.0
2025/11/24,22:26:55,0,54.0,187.0,267.0,250.0,35.0,202.0,6.0,3.0,0.0,0.0,0.0,-0.0008
2025/11/24,22:27:00,0,54.0,202.0,267.0,250.0,31.0,203.0,6.0,2.0,0.0,0.0,0.0,0.0
2025/11/24,22:27:05,0,53.0,218.0,271.0,250.0,25.0,203.0,6.0,2.0,0.0,0.0,0.0,0.0
2025/11/24,22:27:10,0,51.0,198.0,270.0,249.0,21.0,203.0,5.0,1.0,0.0,0.0,0.0,0.0
2025/11/24,22:27:15,0,55.0,193.0,267.0,250.0,31.0,202.0,6.0,3.0,0.0,0.0,0.0,0.0
2025/11/24,22:27:20,0,55.0,187.0,267.0,250.0,35.0,202.0,7.0,3.0,0.0,0.0,0.0,0.0
2025/11/24,22:27:25,0,57.0,211.0,270.0,249.0,23.0,202.0,6.0,2.0,0.0,0.0,0.0,0.0
2025/11/24,22:27:30,0,55.0,207.0,269.0,249.0,23.0,203.0,5.0,1.0,0.0,0.0,0.0,0.0
2025/11/24,22:27:35,0,52.0,196.0,268.0,249.0,23.0,203.0,5.0,1.0,0.0,0.0,0.0,0.0
2025/11/24,22:27:40,0,53.0,194.0,266.0,249.0,34.0,203.0,7.0,3.0,0.0,0.0,0.0,0.0
2025/11/24,22:27:45,0,53.0,201.0,269.0,249.0,30.0,202.0,7.0,2.0,0.0,0.0,0.0,0.0
2025/11/24,22:27:50,0,55.0,218.0,270.0,250.0,24.0,201.0,6.0,1.0,0.0,0.0,0.0,0.0
2025/11/24,22:27:55,0,55.0,196.0,269.0,250.0,17.0,203.0,3.0,0.0,0.0,0.0,0.0,0.0
2025/11/24,22:28:00,0,55.0,198.0,268.0,248.0,32.0,201.0,6.0,2.0,0.0,0.0,0.0,0.0
2025/11/24,22:28:05,0,55.0,199.0,269.0,250.0,33.0,202.0,7.0,3.0,0.0,0.0,0.0,0.0
2025/11/24,22:28:10,0,55.0,209.0,271.0,248.0,23.0,204.0,6.0,2.0,0.0,0.0,0.0,0.0
2025/11/24,22:28:15,0,56.0,194.0,265.0,249.0,26.0,203.0,4.0,2.0,0.0,0.0,0.0,0.0
2025/11/24,22:28:20,0,56.0,195.0,267.0,249.0,32.0,203.0,6.0,3.0,0.0,0.0,0.0,0.0
2025/11/24,22:28:25,0,54.0,197.0,269.0,250.0,34.0,202.0,8.0,3.0,0.0,0.0,0.0,0.0
2025/11/24,22:28:30,0,53.0,213.0,270.0,250.0,22.0,201.0,6.0,1.0,0.0,0.0,0.0,0.0
2025/11/24,22:28:35,0,54.0,197.0,268.0,249.0,20.0,202.0,4.0,0.0,0.0,0.0,0.0,-0.0008
2025/11/24,22:28:40,0,52.0,196.0,265.0,250.0,32.0,203.0,5.0,3.0,0.0,0.0,0.0,0.0
2025/11/24,22:28:45,0,53.0,189.0,267.0,249.0,35.0,202.0,9.0,4.0,0.0,0.0,0.0,0.0
2025/11/24,22:28:50,0,53.0,213.0,269.0,250.0,25.0,203.0,6.0,1.0,0.0,0.0,0.0,0.0
2025/11/24,22:28:55,0,54.0,203.0,270.0,250.0,22.0,202.0,5.0,1.0,0.0,0.0,0.0,0.0
2025/11/24,22:29:00,0,57.0,194.0,266.0,249.0,30.0,202.0,6.0,2.0,0.0,0.0,0.0,0.0
2025/11/24,22:29:05,0,55.0,191.0,267.0,249.0,34.0,201.0,6.0,3.0,0.0,0.0,0.0,0.0
2025/11/24,22:29:10,0,54.0,203.0,269.0,250.0,28.0,203.0,6.0,2.0,0.0,0.0,0.0,0.0
2025/11/24,22:29:15,0,54.0,201.0,271.0,250.0,22.0,203.0,5.0,1.0,0.0,0.0,0.0,0.0
2025/11/24,22:29:20,0,54.0,191.0,267.0,250.0,31.0,202.0,5.0,2.0,0.0,0.0,0.0,0.0
2025/11/24,22:29:25,0,54.0,189.0,268.0,250.0,37.0,204.0,8.0,3.0,0.0,0.0,0.0,0.0
2025/11/24,22:29:30,0,53.0,210.0,270.0,249.0,24.0,201.0,5.0,1.0,0.0,0.0,0.0,0.0
2025/11/24,22:29:35,0,54.0,194.0,266.0,249.0,30.0,203.0,6.0,3.0,0.0,0.0,0.0,0.0
2025/11/24,22:29:40,0,50.0,191.0,268.0,250.0,38.0,201.0,7.0,3.0,0.0,0.0,0.0,0.0
2025/11/24,22:29:45,0,54.0,202.0,270.0,249.0,21.0,202.0,5.0,1.0,0.0,0.0,0.0,0.0
2025/11/24,22:29:50,0,53.0,196.0,266.0,249.0,34.0,202.0,6.0,3.0,0.0,0.0,0.0,0.0
2025/11/24,22:29:55,0,53.0,219.0,270.0,250.0,23.0,203.0,6.0,2.0,0.0,0.0,0.0,0.0
2025/11/24,22:30:00,0,54.0,199.0,266.0,249.0,32.0,200.0,6.0,3.0,0.0,0.0,0.0,0.0
2025/11/24,22:30:05,0,54.0,217.0,269.0,250.0,23.0,203.0,6.0,2.0,0.0,0.0,0.0,0.0
2025/11/24,22:30:10,0,53.0,193.0,266.0,249.0,33.0,203.0,6.0,3.0,0.0,0.0,0.0,0.0
2025/11/24,22:30:15,0,53.0,203.0,267.0,250.0,23.0,202.0,5.0,1.0,0.0,0.0,0.0,0.0
2025/11/24,22:30:20,0,55.0,188.0,266.0,248.0,34.0,201.0,7.0,3.0,0.0,0.0,0.0,0.0
2025/11/24,22:30:25,0,54.0,200.0,268.0,250.0,22.0,203.0,4.0,0.0,-0.0008,0.0,0.0,0.0
2025/11/24,22:30:30,0,53.0,188.0,264.0,250.0,35.0,202.0,6.0,3.0,0.0,0.0,0.0,0.0
2025/11/24,22:30:35,0,53.0,205.0,269.0,249.0,22.0,203.0,5.0,1.0,0.0,0.0,0.0,-0.0008
2025/11/24,22:30:40,0,53.0,197.0,266.0,250.0,33.0,203.0,6.0,3.0,0.0,0.0,0.0,0.0
2025/11/24,22:30:45,0,55.0,214.0,270.0,252.0,21.0,202.0,5.0,1.0,0.0,0.0,0.0,0.0
2025/11/24,22:30:50,0,51.0,196.0,267.0,249.0,29.0,200.0,6.0,2.0,0.0,0.0,0.0,0.0
2025/11/24,22:30:55,0,51.0,208.0,268.0,250.0,28.0,203.0,7.0,2.0,0.0,0.0,0.0,0.0
2025/11/24,22:31:00,0,54.0,193.0,267.0,250.0,29.0,201.0,6.0,2.0,0.0,0.0,0.0,0.0
2025/11/24,22:31:05,0,51.0,212.0,267.0,250.0,26.0,203.0,6.0,2.0,0.0,0.0,0.0,0.0
2025/11/24,22:31:10,0,52.0,194.0,264.0,249.0,36.0,202.0,7.0,3.0,0.0,0.0,0.0,0.0
2025/11/24,22:31:15,0,54.0,212.0,268.0,250.0,24.0,203.0,6.0,1.0,0.0,0.0,0.0,0.0
2025/11/24,22:31:20,0,55.0,193.0,268.0,251.0,34.0,202.0,7.0,3.0,0.0,0.0,0.0,0.0
2025/11/24,22:31:25,0,52.0,197.0,264.0,249.0,31.0,202.0,7.0,2.0,0.0,0.0,0.0,-0.0008
2025/11/24,22:31:30,0,51.0,197.0,268.0,249.0,22.0,203.0,5.0,0.0,0.0,0.0,0.0,0.0
2025/11/24,22:31:35,0,54.0,214.0,269.0,248.0,22.0,201.0,6.0,2.0,0.0,0.0,0.0,0.0
2025/11/24,22:31:40,0,52.0,191.0,265.0,249.0,38.0,203.0,8.0,3.0,0.0,0.0,0.0,0.0
2025/11/24,22:31:45,0,55.0,192.0,266.0,250.0,33.0,203.0,7.0,3.0,0.0,0.0,0.0,0.0
2025/11/24,22:31:50,0,53.0,204.0,270.0,248.0,21.0,201.0,5.0,1.0,0.0,0.0,0.0,0.0
2025/11/24,22:31:55,0,55.0,199.0,267.0,249.0,33.0,202.0,7.0,4.0,0.0,0.0,0.0,0.0
2025/11/24,22:32:00,0,55.0,195.0,267.0,250.0,30.0,201.0,6.0,3.0,0.0,0.0,0.0,0.0
2025/11/24,22:32:05,0,55.0,210.0,266.0,250.0,26.0,202.0,6.0,1.0,0.0,0.0,0.0,0.0
2025/11/24,22:32:10,0,53.0,197.0,266.0,249.0,30.0,203.0,6.0,3.0,0.0,0.0,0.0,-0.0008
2025/11/24,22:32:15,0,54.0,203.0,269.0,250.0,22.0,203.0,5.0,1.0,0.0,0.0,0.0,0.0
2025/11/24,22:32:20,0,53.0,206.0,270.0,248.0,25.0,203.0,6.0,2.0,0.0,0.0,0.0,0.0
2025/11/24,22:32:25,0,53.0,190.0,265.0,249.0,35.0,202.0,7.0,3.0,0.0,0.0,0.0,0.0
2025/11/24,22:32:30,0,53.0,198.0,266.0,248.0,31.0,200.0,6.0,3.0,0.0,0.0,0.0,0.0
2025/11/24,22:32:35,0,51.0,194.0,267.0,251.0,28.0,201.0,5.0,2.0,0.0,0.0,0.0,0.0
2025/11/24,22:32:40,0,51.0,199.0,268.0,249.0,19.0,202.0,4.0,0.0,0.0,0.0,0.0,-0.0008
2025/11/24,22:32:45,0,52.0,199.0,269.0,250.0,21.0,203.0,6.0,1.0,0.0,0.0,0.0,0.0
2025/11/24,22:32:50,0,53.0,203.0,268.0,249.0,23.0,203.0,5.0,1.0,0.0,0.0,0.0,0.0
2025/11/24,22:32:55,0,53.0,205.0,270.0,251.0,21.0,201.0,5.0,1.0,0.0,0.0,0.0,0.0
2025/11/24,22:33:00,0,51.0,207.0,268.0,250.0,23.0,203.0,5.0,1.0,0.0,0.0,0.0,0.0
2025/11/24,22:33:05,0,52.0,208.0,269.0,250.0,24.0,203.0,6.0,2.0,0.0,0.0,0.0,0.0
2025/11/24,22:33:10,0,51.0,215.0,269.0,250.0,25.0,202.0,6.0,2.0,0.0,0.0,0.0,0.0
2025/11/24,22:33:15,0,50.0,220.0,269.0,250.0,25.0,203.0,6.0,1.0,0.0,0.0,0.0,0.0
2025/11/24,22:33:20,0,47.0,215.0,269.0,250.0,24.0,203.0,5.0,1.0,0.0,0.0,0.0,0.0
2025/11/24,22:33:25,0,51.0,217.0,269.0,250.0,24.0,202.0,6.0,1.0,0.0,0.0,0.0,0.0
2025/11/24,22:33:30,0,53.0,213.0,269.0,249.0,23.0,203.0,6.0,1.0,0.0,0.0,0.0,0.0
2025/11/24,22:33:35,0,53.0,199.0,269.0,250.0,18.0,203.0,4.0,1.0,0.0,0.0,0.0,0.0
2025/11/24,22:33:40,0,52.0,196.0,268.0,250.0,28.0,201.0,5.0,2.0,0.0,0.0,0.0,0.0
2025/11/24,22:33:45,0,53.0,196.0,267.0,249.0,31.0,203.0,6.0,3.0,0.0,0.0,0.0,0.0
2025/11/24,22:33:50,0,52.0,185.0,267.0,250.0,34.0,202.0,8.0,3.0,0.0,0.0,0.0,0.0
2025/11/24,22:33:55,0,49.0,199.0,267.0,249.0,34.0,203.0,8.0,3.0,0.0,0.0,0.0,0.0
2025/11/24,22:34:00,0,53.0,208.0,269.0,249.0,29.0,203.0,7.0,2.0,0.0,0.0,0.0,0.0
2025/11/24,22:34:05,0,49.0,202.0,267.0,249.0,29.0,203.0,7.0,2.0,0.0,0.0,0.0,0.0
2025/11/24,22:34:10,0,49.0,196.0,267.0,250.0,36.0,203.0,9.0,3.0,0.0,0.0,0.0,0.0
2025/11/24,22:34:15,0,51.0,188.0,265.0,250.0,34.0,203.0,7.0,4.0,0.0,0.0,0.0,0.0
2025/11/24,22:34:20,0,54.0,190.0,266.0,250.0,33.0,202.0,6.0,3.0,0.0,0.0,0.0,0.0
2025/11/24,22:34:25,0,52.0,188.0,267.0,248.0,39.0,201.0,8.0,5.0,0.0,0.0,0.0,0.0
2025/11/24,22:34:30,0,54.0,212.0,270.0,249.0,21.0,203.0,5.0,2.0,0.0,0.0,0.0,0.0
2025/11/24,22:34:35,0,53.0,197.0,270.0,249.0,20.0,202.0,4.0,0.0,0.0,0.0,0.0,0.0
2025/11/24,22:34:40,0,55.0,196.0,266.0,250.0,33.0,202.0,6.0,2.0,0.0,0.0,0.0,0.0
2025/11/24,22:34:45,0,54.0,203.0,269.0,250.0,30.0,202.0,7.0,3.0,0.0,0.0,0.0,0.0
2025/11/24,22:34:50,0,54.0,210.0,270.0,249.0,23.0,203.0,7.0,2.0,0.0,0.0,0.0,0.0
2025/11/24,22:34:55,0,54.0,197.0,268.0,248.0,24.0,200.0,4.0,1.0,0.0,0.0,0.0,0.0
2025/11/24,22:35:00,0,54.0,195.0,266.0,250.0,34.0,203.0,7.0,3.0,0.0,0.0,0.0,0.0
2025/11/24,22:35:30,0,54.0,193.0,267.0,250.0,32.0,201.0,9.0,3.0,0.0,0.0,0.0,0.0
2025/11/24,22:35:34,0,52.0,218.0,269.0,249.0,22.0,203.0,6.0,2.0,0.0,0.0,0.0,0.0
2025/11/24,22:35:39,0,53.0,195.0,265.0,250.0,31.0,202.0,5.0,2.0,0.0,0.0,0.0,0.0
2025/11/24,22:35:44,0,53.0,192.0,267.0,250.0,33.0,202.0,7.0,3.0,0.0,0.0,0.0,0.0
2025/11/24,22:35:49,0,53.0,200.0,269.0,249.0,33.0,202.0,7.0,2.0,0.0,0.0,0.0,0.0
2025/11/24,22:35:54,0,50.0,222.0,271.0,250.0,25.0,202.0,5.0,1.0,0.0,0.0,0.0,0.0
2025/11/24,22:35:59,0,53.0,204.0,270.0,249.0,22.0,201.0,5.0,1.0,0.0,0.0,0.0,0.0
2025/11/24,22:36:04,0,52.0,196.0,267.0,249.0,28.0,202.0,5.0,2.0,0.0,0.0,0.0,0.0
2025/11/24,22:36:09,0,52.0,193.0,267.0,250.0,34.0,201.0,7.0,3.0,0.0,0.0,0.0,0.0
2025/11/24,22:36:14,0,51.0,208.0,269.0,249.0,25.0,200.0,6.0,2.0,0.0,0.0,0.0,0.0
2025/11/24,22:36:19,0,52.0,206.0,271.0,248.0,22.0,202.0,5.0,1.0,0.0,0.0,0.0,0.0
2025/11/24,22:36:24,0,53.0,194.0,268.0,247.0,31.0,202.0,7.0,2.0,0.0,0.0,0.0,0.0
2025/11/24,22:36:29,0,53.0,190.0,268.0,247.0,33.0,202.0,7.0,3.0,0.0,0.0,0.0,0.0
2025/11/24,22:36:34,0,54.0,204.0,270.0,250.0,29.0,202.0,7.0,2.0,0.0,0.0,0.0,0.0
2025/11/24,22:36:39,0,53.0,213.0,270.0,249.0,24.0,202.0,6.0,1.0,0.0,0.0,0.0,0.0
2025/11/24,22:36:44,0,50.0,195.0,266.0,250.0,29.0,202.0,4.0,2.0,0.0,0.0,0.0,0.0
2025/11/24,22:36:49,0,54.0,188.0,267.0,249.0,35.0,202.0,7.0,3.0,0.0,0.0,0.0,0.0
2025/11/24,22:36:54,0,54.0,217.0,270.0,250.0,21.0,202.0,6.0,1.0,0.0,0.0,0.0,0.0
2025/11/24,22:36:59,0,51.0,199.0,270.0,249.0,19.0,202.0,3.0,0.0,0.0,0.0,0.0,0.0
2025/11/24,22:37:04,0,51.0,198.0,268.0,247.0,31.0,201.0,5.0,2.0,0.0,0.0,0.0,0.0
2025/11/24,22:37:09,0,49.0,209.0,270.0,250.0,26.0,201.0,6.0,2.0,0.0,0.0,0.0,0.0
2025/11/24,22:37:14,0,53.0,198.0,270.0,248.0,22.0,202.0,3.0,0.0,0.0,0.0,0.0,0.0
2025/11/24,22:37:19,0,53.0,188.0,266.0,249.0,39.0,202.0,8.0,3.0,0.0,0.0,0.0,0.0
2025/11/24,22:37:24,0,53.0,205.0,270.0,249.0,21.0,203.0,5.0,1.0,0.0,0.0,0.0,0.0
2025/11/24,22:37:29,0,54.0,195.0,265.0,249.0,33.0,203.0,7.0,2.0,0.0,0.0,0.0,0.0
2025/11/24,22:37:34,0,52.0,216.0,270.0,249.0,22.0,202.0,5.0,1.0,0.0,0.0,0.0,0.0
2025/11/24,22:37:39,0,51.0,195.0,268.0,247.0,28.0,201.0,5.0,2.0,0.0,0.0,0.0,0.0
2025/11/24,22:37:44,0,53.0,188.0,267.0,249.0,39.0,203.0,8.0,4.0,0.0,0.0,0.0,0.0
2025/11/24,22:37:49,0,53.0,213.0,270.0,250.0,24.0,202.0,6.0,1.0,0.0,0.0,0.0,0.0
2025/11/24,22:37:54,0,53.0,193.0,268.0,250.0,31.0,202.0,7.0,2.0,0.0,0.0,0.0,0.0
2025/11/24,22:37:59,0,53.0,192.0,267.0,249.0,38.0,201.0,9.0,3.0,0.0,0.0,0.0,0.0
2025/11/24,22:38:04,0,53.0,211.0,268.0,250.0,24.0,201.0,6.0,2.0,0.0,0.0,0.0,-0.0008
2025/11/24,22:38:09,0,54.0,215.0,270.0,249.0,21.0,201.0,5.0,1.0,0.0,0.0,0.0,0.0
2025/11/24,22:38:14,0,54.0,198.0,269.0,250.0,34.0,202.0,8.0,3.0,0.0,0.0,0.0,0.0
2025/11/24,22:38:19,0,54.0,199.0,270.0,249.0,20.0,203.0,4.0,1.0,0.0,0.0,0.0,0.0
2025/11/24,22:38:24,0,53.0,189.0,267.0,249.0,33.0,203.0,7.0,3.0,0.0,0.0,0.0,0.0
2025/11/24,22:38:29,0,53.0,207.0,270.0,249.0,22.0,203.0,6.0,1.0,0.0,0.0,0.0,-0.0008
2025/11/24,22:38:34,0,50.0,195.0,267.0,249.0,33.0,202.0,6.0,3.0,0.0,0.0,0.0,0.0
2025/11/24,22:38:39,0,56.0,224.0,268.0,249.0,24.0,202.0,6.0,2.0,0.0,0.0,0.0,0.0
2025/11/24,22:38:44,0,53.0,197.0,269.0,250.0,24.0,201.0,4.0,1.0,0.0,0.0,0.0,0.0
2025/11/24,22:38:49,0,52.0,197.0,267.0,249.0,33.0,201.0,6.0,2.0,0.0,0.0,0.0,0.0
2025/11/24,22:38:54,0,53.0,190.0,267.0,249.0,32.0,203.0,7.0,3.0,0.0,0.0,0.0,0.0
2025/11/24,22:38:59,0,51.0,200.0,268.0,249.0,32.0,203.0,7.0,3.0,0.0,0.0,0.0,0.0
2025/11/24,22:39:04,0,53.0,217.0,269.0,249.0,24.0,201.0,6.0,2.0,0.0,0.0,0.0,0.0
2025/11/24,22:39:09,0,52.0,197.0,266.0,249.0,25.0,202.0,4.0,1.0,0.0,0.0,0.0,0.0
2025/11/24,22:39:14,0,52.0,190.0,266.0,250.0,35.0,202.0,7.0,3.0,0.0,0.0,0.0,0.0
2025/11/24,22:39:19,0,50.0,219.0,270.0,249.0,22.0,202.0,6.0,2.0,0.0,0.0,0.0,0.0
2025/11/24,22:39:24,0,50.0,197.0,270.0,248.0,20.0,202.0,4.0,0.0,0.0,0.0,0.0,0.0
2025/11/24,22:39:29,0,55.0,198.0,266.0,250.0,33.0,202.0,6.0,3.0,0.0,0.0,0.0,0.0
2025/11/24,22:39:34,0,52.0,187.0,267.0,249.0,33.0,203.0,7.0,4.0,0.0,0.0,0.0,0.0
2025/11/24,22:39:39,0,53.0,207.0,269.0,249.0,24.0,203.0,6.0,2.0,0.0,0.0,0.0,0.0
2025/11/24,22:39:44,0,52.0,207.0,271.0,249.0,22.0,203.0,5.0,1.0,0.0,0.0,0.0,0.0
2025/11/24,22:39:49,0,52.0,193.0,266.0,250.0,31.0,203.0,5.0,2.0,0.0,0.0,0.0,0.0
2025/11/24,22:39:54,0,52.0,188.0,265.0,250.0,34.0,203.0,7.0,3.0,0.0,0.0,0.0,0.0
2025/11/24,22:39:59,0,52.0,221.0,270.0,249.0,24.0,201.0,6.0,1.0,0.0,0.0,0.0,0.0
2025/11/24,22:40:04,0,54.0,196.0,267.0,249.0,20.0,202.0,4.0,0.0,0.0,0.0,0.0,0.0
2025/11/24,22:40:09,0,52.0,200.0,267.0,250.0,32.0,202.0,6.0,2.0,0.0,0.0,0.0,0.0
2025/11/24,22:40:14,0,54.0,191.0,267.0,249.0,36.0,203.0,9.0,4.0,0.0,0.0,0.0,-0.0008
2025/11/24,22:40:19,0,53.0,212.0,267.0,249.0,25.0,202.0,6.0,2.0,0.0,0.0,0.0,0.0
2025/11/24,22:40:24,0,53.0,193.0,266.0,249.0,30.0,203.0,6.0,2.0,0.0,0.0,0.0,0.0
2025/11/24,22:40:29,0,53.0,185.0,267.0,250.0,35.0,202.0,9.0,3.0,0.0,0.0,0.0,0.0
2025/11/24,22:40:34,0,54.0,215.0,268.0,250.0,24.0,203.0,5.0,1.0,0.0,0.0,0.0,0.0
2025/11/24,22:40:39,0,52.0,197.0,267.0,249.0,27.0,203.0,6.0,2.0,0.0,0.0,0.0,0.0
2025/11/24,22:40:44,0,56.0,189.0,267.0,249.0,37.0,202.0,9.0,4.0,0.0,0.0,0.0,0.0
2025/11/24,22:40:49,0,54.0,200.0,268.0,250.0,17.0,202.0,4.0,0.0,0.0,0.0,0.0,0.0
2025/11/24,22:40:54,0,53.0,188.0,267.0,249.0,37.0,203.0,8.0,4.0,0.0,0.0,0.0,0.0
2025/11/24,22:40:59,0,54.0,198.0,269.0,249.0,17.0,202.0,4.0,0.0,0.0,0.0,0.0,0.0
2025/11/24,22:41:04,0,52.0,190.0,266.0,247.0,33.0,201.0,7.0,3.0,0.0,0.0,0.0,0.0
2025/11/24,22:41:09,0,54.0,208.0,269.0,250.0,23.0,201.0,5.0,1.0,0.0,0.0,0.0,0.0
2025/11/24,22:41:14,0,53.0,197.0,266.0,249.0,31.0,201.0,6.0,3.0,0.0,0.0,0.0,0.0
2025/11/24,22:41:19,0,54.0,221.0,269.0,249.0,24.0,203.0,7.0,1.0,0.0,0.0,0.0,0.0
2025/11/24,22:41:24,0,52.0,194.0,265.0,250.0,29.0,203.0,6.0,3.0,0.0,0.0,0.0,0.0
2025/11/24,22:41:29,0,54.0,186.0,264.0,250.0,37.0,202.0,8.0,4.0,0.0,0.0,0.0,0.0
2025/11/24,22:41:34,0,50.0,216.0,268.0,249.0,23.0,203.0,6.0,1.0,0.0,0.0,0.0,0.0
2025/11/24,22:41:39,0,54.0,199.0,269.0,248.0,18.0,202.0,4.0,0.0,0.0,0.0,0.0,0.0
2025/11/24,22:41:44,0,53.0,195.0,266.0,249.0,32.0,202.0,7.0,3.0,0.0,0.0,0.0,-0.0008
2025/11/24,22:41:49,0,54.0,221.0,270.0,249.0,23.0,202.0,6.0,1.0,0.0,0.0,0.0,0.0
2025/11/24,22:41:54,0,56.0,193.0,267.0,248.0,31.0,201.0,6.0,3.0,0.0,0.0,0.0,0.0
2025/11/24,22:41:59,0,51.0,200.0,267.0,249.0,34.0,201.0,8.0,3.0,0.0,0.0,0.0,0.0
2025/11/24,22:42:04,0,54.0,204.0,269.0,249.0,21.0,203.0,5.0,1.0,0.0,0.0,0.0,0.0
2025/11/24,22:42:09,0,53.0,199.0,265.0,250.0,34.0,203.0,6.0,3.0,0.0,0.0,0.0,0.0
2025/11/24,22:42:14,0,50.0,209.0,268.0,250.0,23.0,203.0,6.0,2.0,0.0,0.0,0.0,0.0
2025/11/24,22:42:19,0,53.0,199.0,269.0,250.0,21.0,201.0,3.0,1.0,0.0,0.0,0.0,-0.0008
2025/11/24,22:42:24,0,54.0,189.0,266.0,249.0,34.0,202.0,7.0,3.0,0.0,0.0,0.0,0.0
2025/11/24,22:42:29,0,53.0,209.0,269.0,249.0,22.0,203.0,6.0,1.0,0.0,0.0,0.0,0.0
2025/11/24,22:42:34,0,48.0,200.0,266.0,249.0,32.0,203.0,6.0,3.0,0.0,0.0,0.0,0.0
2025/11/24,22:42:39,0,54.0,208.0,269.0,249.0,25.0,201.0,7.0,2.0,0.0,0.0,0.0,0.0
2025/11/24,22:42:44,0,52.0,199.0,269.0,250.0,20.0,202.0,3.0,0.0,0.0,0.0,0.0,0.0
2025/11/24,22:42:49,0,53.0,188.0,266.0,250.0,35.0,202.0,7.0,3.0,0.0,0.0,0.0,0.0
2025/11/24,22:42:54,0,52.0,207.0,268.0,250.0,23.0,203.0,6.0,1.0,0.0,0.0,0.0,0.0
2025/11/24,22:42:59,0,53.0,197.0,266.0,249.0,29.0,203.0,6.0,3.0,0.0,0.0,0.0,0.0
2025/11/24,22:43:04,0,54.0,207.0,269.0,250.0,27.0,202.0,6.0,2.0,0.0,0.0,0.0,0.0
2025/11/24,22:43:09,0,51.0,199.0,269.0,249.0,19.0,203.0,4.0,0.0,0.0,0.0,0.0,0.0
2025/11/24,22:43:14,0,53.0,194.0,266.0,249.0,31.0,203.0,6.0,2.0,0.0,0.0,0.0,0.0
2025/11/24,22:43:19,0,53.0,211.0,269.0,249.0,27.0,203.0,7.0,2.0,0.0,0.0,0.0,0.0
2025/11/24,22:43:24,0,53.0,199.0,269.0,249.0,22.0,203.0,4.0,1.0,0.0,0.0,0.0,0.0
2025/11/24,22:43:29,0,53.0,192.0,267.0,247.0,32.0,202.0,7.0,3.0,0.0,0.0,0.0,0.0
2025/11/24,22:43:34,0,53.0,216.0,269.0,249.0,23.0,203.0,6.0,2.0,0.0,0.0,0.0,0.0
2025/11/24,22:43:39,0,52.0,200.0,265.0,249.0,34.0,202.0,7.0,3.0,0.0,0.0,0.0,0.0
2025/11/24,22:43:44,0,53.0,216.0,267.0,250.0,21.0,202.0,5.0,1.0,0.0,0.0,0.0,0.0
2025/11/24,22:43:49,0,53.0,194.0,266.0,249.0,33.0,203.0,7.0,3.0,0.0,0.0,0.0,0.0
2025/11/24,22:43:54,0,52.0,214.0,269.0,250.0,22.0,202.0,6.0,1.0,0.0,0.0,0.0,0.0
2025/11/24,22:43:59,0,50.0,191.0,266.0,248.0,35.0,201.0,6.0,3.0,0.0,0.0,0.0,0.0
2025/11/24,22:44:04,0,51.0,215.0,270.0,250.0,22.0,201.0,6.0,1.0,0.0,0.0,0.0,0.0
2025/11/24,22:44:09,0,55.0,198.0,267.0,250.0,35.0,203.0,7.0,3.0,0.0,0.0,0.0,-0.0008
2025/11/24,22:44:14,0,52.0,220.0,270.0,249.0,21.0,203.0,6.0,2.0,0.0,0.0,0.0,0.0
2025/11/24,22:44:19,0,51.0,194.0,266.0,250.0,34.0,203.0,6.0,3.0,0.0,0.0,0.0,0.0
2025/11/24,22:44:24,0,52.0,207.0,269.0,248.0,22.0,201.0,5.0,1.0,0.0,0.0,0.0,0.0
2025/11/24,22:44:29,0,53.0,188.0,265.0,249.0,35.0,203.0,7.0,3.0,0.0,0.0,0.0,0.0
2025/11/24,22:44:34,0,53.0,199.0,270.0,250.0,21.0,201.0,3.0,2.0,0.0,0.0,0.0,0.0
2025/11/24,22:44:39,0,52.0,185.0,267.0,249.0,35.0,202.0,8.0,4.0,0.0,0.0,0.0,0.0
2025/11/24,22:44:44,0,52.0,199.0,269.0,249.0,20.0,203.0,5.0,0.0,0.0,0.0,0.0,0.0
2025/11/24,22:44:49,0,53.0,190.0,266.0,249.0,37.0,201.0,9.0,4.0,0.0,0.0,0.0,0.0
2025/11/24,22:44:54,0,51.0,198.0,269.0,249.0,20.0,202.0,4.0,0.0,0.0,0.0,0.0,-0.0008
2025/11/24,22:44:59,0,52.0,192.0,265.0,250.0,35.0,204.0,8.0,4.0,0.0,0.0,0.0,0.0
2025/11/24,22:45:04,0,54.0,201.0,270.0,248.0,21.0,202.0,4.0,1.0,0.0,0.0,0.0,0.0
2025/11/24,22:45:09,0,52.0,192.0,267.0,250.0,32.0,203.0,7.0,3.0,0.0,0.0,0.0,0.0
2025/11/24,22:45:41,0,54.0,199.0,267.0,249.0,27.0,203.0,7.0,3.0,0.0,0.0,0.0,0.0
2025/11/24,22:45:44,0,53.0,193.0,267.0,249.0,34.0,201.0,8.0,4.0,0.0,0.0,0.0,0.0
2025/11/24,22:45:49,0,53.0,208.0,268.0,249.0,22.0,203.0,6.0,1.0,0.0,0.0,0.0,0.0
2025/11/24,22:45:54,0,53.0,194.0,268.0,250.0,33.0,202.0,8.0,2.0,0.0,0.0,0.0,0.0
2025/11/24,22:45:59,0,55.0,204.0,268.0,250.0,29.0,203.0,8.0,2.0,0.0,0.0,0.0,0.0
2025/11/24,22:46:04,0,54.0,203.0,269.0,250.0,20.0,203.0,5.0,1.0,0.0,0.0,0.0,0.0
2025/11/24,22:46:09,0,53.0,196.0,267.0,251.0,32.0,202.0,6.0,3.0,0.0,0.0,0.0,-0.0008
2025/11/24,22:46:14,0,53.0,205.0,269.0,249.0,29.0,203.0,7.0,2.0,0.0,0.0,0.0,0.0
2025/11/24,22:46:19,0,55.0,203.0,270.0,249.0,21.0,202.0,5.0,1.0,0.0,0.0,0.0,0.0
2025/11/24,22:46:24,0,55.0,201.0,267.0,249.0,33.0,202.0,7.0,3.0,0.0,0.0,0.0,0.0
2025/11/24,22:46:29,0,51.0,205.0,268.0,248.0,28.0,200.0,7.0,3.0,0.0,0.0,0.0,0.0
2025/11/24,22:46:34,0,53.0,197.0,268.0,249.0,19.0,203.0,3.0,0.0,0.0,0.0,0.0,0.0
2025/11/24,22:46:39,0,53.0,190.0,267.0,249.0,34.0,204.0,7.0,3.0,0.0,0.0,0.0,0.0
2025/11/24,22:46:44,0,52.0,214.0,270.0,249.0,21.0,203.0,6.0,2.0,0.0,0.0,0.0,0.0
2025/11/24,22:46:49,0,47.0,196.0,267.0,249.0,31.0,203.0,7.0,3.0,0.0,0.0,0.0,0.0
2025/11/24,22:46:54,0,54.0,203.0,269.0,249.0,29.0,203.0,7.0,2.0,0.0,0.0,0.0,0.0
2025/11/24,22:46:59,0,52.0,205.0,270.0,250.0,21.0,202.0,5.0,1.0,0.0,0.0,0.0,0.0
2025/11/24,22:47:04,0,50.0,193.0,267.0,249.0,31.0,202.0,5.0,2.0,0.0,0.0,0.0,0.0
2025/11/24,22:47:09,0,51.0,190.0,264.0,249.0,34.0,202.0,7.0,3.0,0.0,0.0,0.0,-0.0008
2025/11/24,22:47:14,0,54.0,202.0,269.0,250.0,28.0,202.0,7.0,3.0,0.0,0.0,0.0,0.0
2025/11/24,22:47:19,0,52.0,219.0,270.0,249.0,22.0,203.0,6.0,1.0,0.0,0.0,0.0,0.0
2025/11/24,22:47:24,0,55.0,197.0,269.0,249.0,19.0,201.0,4.0,1.0,0.0,0.0,0.0,0.0
2025/11/24,22:47:29,0,53.0,199.0,265.0,249.0,32.0,203.0,6.0,3.0,0.0,0.0,0.0,0.0
2025/11/24,22:47:34,0,54.0,201.0,269.0,249.0,38.0,203.0,7.0,3.0,0.0,0.0,0.0,0.0
2025/11/24,22:47:39,0,53.0,213.0,270.0,249.0,23.0,203.0,6.0,2.0,0.0,0.0,0.0,0.0
2025/11/24,22:47:44,0,53.0,198.0,268.0,249.0,23.0,203.0,4.0,1.0,0.0,0.0,0.0,0.0
2025/11/24,22:47:49,0,53.0,191.0,265.0,250.0,33.0,201.0,6.0,3.0,0.0,0.0,0.0,0.0
2025/11/24,22:47:54,0,53.0,207.0,269.0,250.0,29.0,202.0,7.0,2.0,0.0,0.0,0.0,0.0
2025/11/24,22:47:59,0,54.0,205.0,269.0,249.0,21.0,201.0,5.0,1.0,0.0,0.0,0.0,-0.0008
2025/11/24,22:48:04,0,53.0,195.0,267.0,248.0,29.0,201.0,5.0,2.0,0.0,0.0,0.0,0.0
2025/11/24,22:48:09,0,52.0,192.0,266.0,248.0,33.0,201.0,7.0,3.0,0.0,0.0,0.0,0.0
2025/11/24,22:48:14,0,54.0,209.0,269.0,250.0,27.0,203.0,7.0,2.0,0.0,0.0,0.0,0.0
2025/11/24,22:48:19,0,52.0,205.0,269.0,249.0,20.0,203.0,5.0,1.0,0.0,0.0,0.0,0.0
2025/11/24,22:48:24,0,53.0,197.0,267.0,249.0,27.0,202.0,5.0,2.0,0.0,0.0,0.0,0.0
2025/11/24,22:48:29,0,53.0,199.0,266.0,249.0,32.0,202.0,6.0,2.0,0.0,0.0,0.0,0.0
2025/11/24,22:48:34,0,54.0,195.0,268.0,249.0,29.0,202.0,6.0,2.0,0.0,0.0,0.0,0.0
2025/11/24,22:48:39,0,51.0,196.0,268.0,249.0,35.0,203.0,8.0,4.0,0.0,0.0,0.0,0.0
2025/11/24,22:48:44,0,50.0,200.0,267.0,250.0,33.0,203.0,6.0,3.0,0.0,0.0,0.0,0.0
2025/11/24,22:48:49,0,51.0,200.0,268.0,251.0,33.0,203.0,7.0,3.0,0.0,0.0,0.0,0.0
2025/11/24,22:48:54,0,55.0,190.0,265.0,249.0,35.0,203.0,9.0,4.0,0.0,0.0,0.0,0.0
2025/11/24,22:48:59,0,52.0,187.0,265.0,249.0,36.0,203.0,8.0,4.0,0.0,0.0,0.0,0.0
2025/11/24,22:49:04,0,52.0,186.0,267.0,249.0,35.0,200.0,7.0,4.0,0.0,0.0,0.0,0.0
2025/11/24,22:49:09,0,53.0,188.0,266.0,249.0,38.0,203.0,8.0,4.0,0.0,0.0,0.0,0.0
2025/11/24,22:49:14,0,52.0,186.0,265.0,250.0,37.0,203.0,7.0,4.0,0.0,0.0,0.0,0.0
2025/11/24,22:49:19,0,47.0,191.0,266.0,249.0,38.0,203.0,8.0,3.0,0.0,0.0,0.0,0.0
2025/11/24,22:49:24,0,51.0,188.0,266.0,250.0,37.0,202.0,8.0,4.0,0.0,0.0,0.0,0.0
2025/11/24,22:49:29,0,52.0,187.0,265.0,250.0,34.0,203.0,7.0,3.0,0.0,0.0,0.0,0.0
2025/11/24,22:49:34,0,52.0,192.0,267.0,247.0,32.0,202.0,7.0,3.0,0.0,0.0,0.0,0.0
2025/11/24,22:49:39,0,51.0,195.0,266.0,250.0,33.0,203.0,6.0,3.0,0.0,0.0,0.0,0.0
2025/11/24,22:49:44,0,51.0,199.0,266.0,249.0,32.0,203.0,6.0,3.0,0.0,0.0,0.0,0.0
2025/11/24,22:49:49,0,50.0,200.0,267.0,249.0,31.0,202.0,6.0,3.0,0.0,0.0,0.0,0.0
2025/11/24,22:49:54,0,52.0,197.0,266.0,249.0,32.0,203.0,6.0,3.0,0.0,0.0,0.0,0.0
2025/11/24,22:49:59,0,52.0,195.0,266.0,249.0,31.0,203.0,6.0,3.0,0.0,0.0,0.0,0.0
2025/11/24,22:50:04,0,54.0,195.0,265.0,250.0,32.0,202.0,7.0,3.0,0.0,0.0,0.0,0.0
2025/11/24,22:50:09,0,52.0,198.0,269.0,249.0,16.0,203.0,4.0,0.0,0.0,0.0,0.0,0.0
2025/11/24,22:50:14,0,49.0,210.0,270.0,249.0,24.0,201.0,6.0,3.0,0.0,0.0,0.0,-0.0008
2025/11/24,22:50:19,0,53.0,194.0,267.0,249.0,27.0,204.0,5.0,2.0,0.0,0.0,0.0,0.0
2025/11/24,22:50:24,0,53.0,197.0,267.0,249.0,33.0,204.0,7.0,3.0,0.0,0.0,0.0,0.0
2025/11/24,22:50:29,0,49.0,199.0,265.0,249.0,21.0,203.0,4.0,1.0,0.0,0.0,0.0,0.0
2025/11/24,22:50:34,0,52.0,202.0,268.0,249.0,30.0,202.0,7.0,1.0,0.0,0.0,0.0,0.0
2025/11/24,22:50:39,0,53.0,196.0,267.0,249.0,28.0,204.0,6.0,2.0,0.0,0.0,0.0,0.0
2025/11/24,22:50:44,0,50.0,210.0,269.0,249.0,25.0,202.0,7.0,0.0,0.0,0.0,0.0,0.0
2025/11/24,22:50:49,0,54.0,194.0,266.0,248.0,31.0,201.0,6.0,3.0,0.0,0.0,0.0,0.0
2025/11/24,22:50:54,0,48.0,211.0,269.0,250.0,21.0,201.0,6.0,1.0,0.0,0.0,0.0,0.0
2025/11/24,22:50:59,0,51.0,202.0,265.0,250.0,30.0,203.0,6.0,3.0,0.0,0.0,0.0,0.0
2025/11/24,22:51:04,0,52.0,211.0,268.0,249.0,23.0,202.0,6.0,2.0,0.0,0.0,0.0,0.0
2025/11/24,22:51:09,0,48.0,192.0,267.0,249.0,34.0,202.0,7.0,3.0,0.0,0.0,0.0,0.0
2025/11/24,22:51:14,0,51.0,213.0,269.0,248.0,23.0,201.0,5.0,1.0,0.0,0.0,0.0,0.0
2025/11/24,22:51:19,0,49.0,193.0,265.0,250.0,33.0,203.0,6.0,3.0,0.0,0.0,0.0,0.0
2025/11/24,22:51:24,0,47.0,208.0,268.0,247.0,27.0,203.0,6.0,2.0,0.0,0.0,0.0,0.0
2025/11/24,22:51:29,0,53.0,197.0,268.0,249.0,21.0,203.0,5.0,0.0,0.0,0.0,0.0,0.0
2025/11/24,22:51:34,0,51.0,190.0,267.0,248.0,33.0,201.0,6.0,3.0,0.0,0.0,0.0,0.0
2025/11/24,22:51:39,0,52.0,206.0,270.0,247.0,23.0,203.0,6.0,1.0,0.0,0.0,0.0,0.0
2025/11/24,22:51:44,0,49.0,188.0,264.0,250.0,34.0,203.0,7.0,3.0,0.0,0.0,0.0,0.0
2025/11/24,22:51:49,0,51.0,202.0,269.0,249.0,22.0,202.0,5.0,1.0,0.0,0.0,0.0,0.0
2025/11/24,22:51:54,0,50.0,187.0,266.0,248.0,35.0,202.0,7.0,3.0,0.0,0.0,0.0,0.0
2025/11/24,22:51:59,0,51.0,199.0,269.0,248.0,20.0,202.0,4.0,0.0,0.0,0.0,0.0,0.0
2025/11/24,22:52:04,0,50.0,186.0,267.0,250.0,33.0,201.0,8.0,3.0,0.0,0.0,0.0,0.0
2025/11/24,22:52:09,0,52.0,200.0,269.0,248.0,21.0,200.0,4.0,1.0,0.0,0.0,0.0,0.0
2025/11/24,22:52:14,0,51.0,188.0,263.0,250.0,35.0,202.0,7.0,3.0,0.0,0.0,0.0,0.0
2025/11/24,22:52:19,0,50.0,199.0,268.0,250.0,21.0,203.0,4.0,1.0,0.0,0.0,0.0,0.0
2025/11/24,22:52:24,0,50.0,186.0,264.0,250.0,38.0,202.0,7.0,4.0,0.0,0.0,0.0,0.0
2025/11/24,22:52:29,0,52.0,196.0,270.0,250.0,19.0,202.0,4.0,0.0,0.0,0.0,0.0,0.0
2025/11/24,22:52:34,0,50.0,190.0,266.0,249.0,35.0,203.0,9.0,3.0,0.0,0.0,0.0,0.0
2025/11/24,22:52:39,0,53.0,197.0,268.0,249.0,19.0,202.0,4.0,0.0,0.0,0.0,0.0,0.0
2025/11/24,22:52:44,0,51.0,193.0,267.0,249.0,34.0,202.0,9.0,4.0,0.0,0.0,0.0,0.0
2025/11/24,22:52:49,0,50.0,198.0,269.0,249.0,20.0,201.0,3.0,1.0,0.0,0.0,0.0,0.0
2025/11/24,22:52:54,0,49.0,196.0,267.0,249.0,33.0,202.0,7.0,3.0,0.0,0.0,0.0,-0.0008
2025/11/24,22:52:59,0,51.0,197.0,268.0,249.0,23.0,203.0,4.0,1.0,0.0,0.0,0.0,0.0
2025/11/24,22:53:04,0,53.0,199.0,268.0,249.0,34.0,202.0,6.0,3.0,0.0,0.0,0.0,0.0
2025/11/24,22:53:09,0,48.0,196.0,268.0,250.0,21.0,202.0,4.0,1.0,0.0,0.0,0.0,0.0
2025/11/24,22:53:14,0,51.0,198.0,268.0,250.0,34.0,202.0,7.0,3.0,0.0,0.0,0.0,0.0
2025/11/24,22:53:19,0,54.0,195.0,268.0,249.0,23.0,203.0,5.0,1.0,0.0,0.0,0.0,0.0
2025/11/24,22:53:24,0,53.0,204.0,270.0,249.0,29.0,202.0,8.0,1.0,0.0,0.0,0.0,0.0
2025/11/24,22:53:29,0,51.0,195.0,265.0,250.0,30.0,203.0,6.0,2.0,0.0,0.0,0.0,0.0
2025/11/24,22:53:34,0,51.0,215.0,270.0,248.0,21.0,202.0,6.0,1.0,0.0,0.0,0.0,0.0
2025/11/24,22:53:39,0,51.0,198.0,267.0,249.0,33.0,202.0,7.0,3.0,0.0,0.0,0.0,0.0
2025/11/24,22:53:44,0,51.0,215.0,271.0,251.0,26.0,202.0,6.0,1.0,0.0,0.0,0.0,0.0
2025/11/24,22:53:49,0,51.0,196.0,267.0,249.0,30.0,201.0,6.0,3.0,0.0,0.0,0.0,0.0
2025/11/24,22:53:54,0,52.0,208.0,270.0,250.0,27.0,202.0,7.0,2.0,0.0,0.0,0.0,0.0
2025/11/24,22:53:59,0,48.0,197.0,267.0,249.0,24.0,203.0,6.0,2.0,0.0,0.0,0.0,0.0
2025/11/24,22:54:04,0,55.0,207.0,269.0,249.0,27.0,203.0,6.0,2.0,0.0,0.0,0.0,0.0
2025/11/24,22:54:09,0,52.0,195.0,268.0,249.0,27.0,203.0,6.0,2.0,0.0,0.0,0.0,0.0
2025/11/24,22:54:14,0,51.0,205.0,268.0,249.0,30.0,202.0,8.0,2.0,0.0,0.0,0.0,0.0
2025/11/24,22:54:19,0,52.0,195.0,267.0,251.0,29.0,201.0,5.0,2.0,0.0,0.0,0.0,0.0
2025/11/24,22:54:24,0,52.0,218.0,270.0,249.0,24.0,201.0,6.0,2.0,0.0,0.0,0.0,0.0
2025/11/24,22:54:29,0,52.0,188.0,267.0,249.0,35.0,201.0,7.0,4.0,0.0,0.0,0.0,0.0
2025/11/24,22:54:34,0,53.0,193.0,267.0,250.0,31.0,202.0,7.0,3.0,0.0,0.0,0.0,0.0
2025/11/24,22:54:39,0,50.0,204.0,270.0,249.0,21.0,203.0,5.0,1.0,0.0,0.0,0.0,0.0
2025/11/24,22:54:44,0,51.0,196.0,267.0,249.0,34.0,202.0,7.0,4.0,0.0,0.0,0.0,0.0
2025/11/24,22:54:49,0,51.0,194.0,265.0,250.0,32.0,202.0,6.0,3.0,0.0,0.0,0.0,0.0
2025/11/24,22:54:54,0,52.0,211.0,271.0,251.0,22.0,201.0,5.0,1.0,0.0,0.0,0.0,0.0
2025/11/24,22:54:59,0,52.0,196.0,269.0,250.0,35.0,201.0,8.0,4.0,0.0,0.0,0.0,0.0
2025/11/24,22:55:04,0,54.0,191.0,268.0,248.0,31.0,201.0,6.0,3.0,0.0,0.0,0.0,0.0
2025/11/24,22:55:09,0,53.0,207.0,269.0,249.0,22.0,203.0,6.0,0.0,0.0,0.0,0.0,0.0
2025/11/24,22:55:14,0,57.0,195.0,266.0,249.0,33.0,203.0,8.0,3.0,0.0,0.0,0.0,0.0
2025/11/24,22:56:14,0,53.0,217.0,271.0,248.0,15.0,202.0,6.0,2.0,0.0,0.0,0.0,0.0
2025/11/24,22:56:19,0,53.0,194.0,265.0,249.0,38.0,203.0,8.0,3.0,0.0,0.0,0.0,0.0
2025/11/24,22:56:24,0,51.0,198.0,268.0,249.0,32.0,201.0,6.0,3.0,0.0,0.0,0.0,0.0
2025/11/24,22:56:29,0,52.0,199.0,269.0,249.0,19.0,203.0,4.0,0.0,0.0,0.0,0.0,0.0
2025/11/24,22:56:34,0,52.0,213.0,271.0,248.0,24.0,202.0,6.0,2.0,0.0,0.0,0.0,0.0
2025/11/24,22:56:39,0,53.0,191.0,267.0,249.0,34.0,203.0,7.0,3.0,0.0,0.0,0.0,0.0
2025/11/24,22:56:44,0,53.0,195.0,268.0,249.0,24.0,200.0,5.0,1.0,0.0,0.0,0.0,0.0
2025/11/24,22:56:49,0,52.0,222.0,270.0,248.0,24.0,202.0,6.0,2.0,0.0,0.0,0.0,0.0
2025/11/24,22:56:54,0,53.0,186.0,267.0,249.0,34.0,202.0,7.0,3.0,0.0,0.0,0.0,0.0
2025/11/24,22:56:59,0,55.0,192.0,266.0,249.0,31.0,202.0,6.0,3.0,0.0,0.0,0.0,0.0
2025/11/24,22:57:04,0,54.0,206.0,271.0,250.0,23.0,201.0,5.0,1.0,0.0,0.0,0.0,0.0
2025/11/24,22:57:09,0,54.0,208.0,270.0,249.0,27.0,202.0,6.0,2.0,0.0,0.0,0.0,0.0
2025/11/24,22:57:14,0,52.0,197.0,268.0,250.0,32.0,202.0,6.0,3.0,0.0,0.0,0.0,0.0
2025/11/24,22:57:19,0,52.0,198.0,269.0,248.0,18.0,201.0,3.0,0.0,0.0,0.0,0.0,0.0
2025/11/24,22:57:24,0,55.0,210.0,267.0,249.0,25.0,203.0,6.0,1.0,0.0,0.0,0.0,0.0
2025/11/24,22:57:29,0,54.0,195.0,267.0,249.0,34.0,202.0,5.0,3.0,0.0,0.0,0.0,0.0
2025/11/24,22:57:34,0,53.0,199.0,269.0,249.0,22.0,202.0,5.0,1.0,0.0,0.0,0.0,0.0
2025/11/24,22:57:39,0,53.0,216.0,270.0,249.0,23.0,203.0,7.0,1.0,0.0,0.0,0.0,0.0
2025/11/24,22:57:44,0,55.0,191.0,265.0,249.0,39.0,202.0,8.0,4.0,0.0,0.0,0.0,0.0
2025/11/24,22:57:49,0,51.0,201.0,268.0,250.0,31.0,202.0,6.0,3.0,0.0,0.0,0.0,0.0
2025/11/24,22:57:54,0,50.0,195.0,270.0,249.0,18.0,203.0,4.0,1.0,0.0,0.0,0.0,0.0
2025/11/24,22:57:59,0,53.0,216.0,268.0,249.0,24.0,203.0,6.0,2.0,0.0,0.0,0.0,0.0
2025/11/24,22:58:04,0,55.0,204.0,269.0,249.0,28.0,203.0,8.0,2.0,0.0,0.0,0.0,0.0
2025/11/24,22:58:09,0,53.0,193.0,266.0,249.0,35.0,203.0,7.0,3.0,0.0,0.0,0.0,0.0
2025/11/24,22:58:14,0,54.0,199.0,268.0,250.0,23.0,202.0,4.0,1.0,0.0,0.0,0.0,0.0
2025/11/24,22:58:19,0,55.0,222.0,271.0,249.0,25.0,203.0,6.0,1.0,0.0,0.0,0.0,0.0
2025/11/24,22:58:24,0,54.0,190.0,265.0,249.0,34.0,202.0,7.0,3.0,0.0,0.0,0.0,0.0
2025/11/24,22:58:29,0,56.0,197.0,269.0,250.0,21.0,202.0,5.0,0.0,0.0,0.0,0.0,0.0
2025/11/24,22:58:34,0,58.0,218.0,271.0,248.0,22.0,202.0,6.0,1.0,0.0,0.0,0.0,0.0
2025/11/24,22:58:39,0,55.0,189.0,268.0,250.0,33.0,202.0,7.0,3.0,0.0,0.0,0.0,0.0
2025/11/24,22:58:44,0,51.0,192.0,268.0,247.0,32.0,201.0,6.0,3.0,0.0,0.0,0.0,0.0
2025/11/24,22:58:49,0,53.0,197.0,271.0,247.0,20.0,202.0,4.0,0.0,0.0,0.0,0.0,0.0
2025/11/24,22:58:54,0,54.0,211.0,269.0,249.0,22.0,203.0,6.0,1.0,0.0,0.0,0.0,0.0
2025/11/24,22:58:59,0,53.0,210.0,270.0,248.0,24.0,201.0,7.0,0.0,0.0,0.0,0.0,0.0
2025/11/24,22:59:04,0,51.0,195.0,269.0,249.0,34.0,202.0,8.0,3.0,0.0,0.0,0.0,-0.0008
2025/11/24,22:59:09,0,55.0,186.0,267.0,249.0,35.0,203.0,7.0,3.0,0.0,0.0,0.0,0.0
2025/11/24,22:59:14,0,54.0,191.0,267.0,249.0,33.0,201.0,7.0,3.0,0.0,0.0,0.0,0.0
2025/11/24,22:59:19,0,54.0,193.0,266.0,249.0,33.0,203.0,7.0,3.0,0.0,0.0,0.0,0.0
2025/11/24,22:59:24,0,54.0,189.0,267.0,249.0,33.0,202.0,7.0,3.0,0.0,0.0,0.0,0.0
2025/11/24,22:59:29,0,55.0,210.0,270.0,249.0,24.0,203.0,6.0,2.0,0.0,0.0,0.0,0.0
2025/11/24,22:59:34,0,51.0,198.0,271.0,250.0,20.0,201.0,4.0,0.0,0.0,0.0,0.0,-0.0008
2025/11/24,22:59:39,0,53.0,194.0,267.0,249.0,33.0,202.0,7.0,3.0,0.0,0.0,0.0,0.0
2025/11/24,22:59:44,0,52.0,216.0,269.0,249.0,22.0,203.0,6.0,1.0,0.0,0.0,0.0,0.0
2025/11/24,22:59:49,0,49.0,198.0,269.0,249.0,25.0,203.0,4.0,1.0,0.0,0.0,0.0,0.0
2025/11/24,22:59:54,0,53.0,187.0,267.0,249.0,33.0,201.0,6.0,3.0,0.0,0.0,0.0,0.0
2025/11/24,22:59:59,0,54.0,210.0,270.0,249.0,22.0,201.0,6.0,1.0,0.0,0.0,0.0,0.0
2025/11/24,23:00:04,0,53.0,198.0,267.0,249.0,34.0,203.0,7.0,3.0,0.0,0.0,0.0,0.0
2025/11/24,23:00:09,0,53.0,209.0,270.0,249.0,24.0,202.0,6.0,2.0,0.0,0.0,0.0,0.0
2025/11/24,23:00:14,0,53.0,200.0,268.0,249.0,24.0,203.0,4.0,1.0,0.0,0.0,0.0,0.0
2025/11/24,23:00:19,0,56.0,194.0,268.0,248.0,37.0,201.0,7.0,3.0,0.0,0.0,0.0,0.0
2025/11/24,23:00:24,0,53.0,198.0,270.0,249.0,18.0,203.0,4.0,0.0,0.0,0.0,0.0,0.0
2025/11/24,23:00:29,0,53.0,192.0,267.0,249.0,36.0,201.0,7.0,4.0,0.0,0.0,0.0,0.0
2025/11/24,23:00:34,0,54.0,196.0,267.0,250.0,26.0,203.0,6.0,1.0,0.0,0.0,0.0,0.0
2025/11/24,23:00:39,0,51.0,208.0,270.0,249.0,26.0,198.0,7.0,1.0,0.0,0.0,0.0,0.0
2025/11/24,23:00:44,0,54.0,193.0,267.0,249.0,36.0,203.0,7.0,3.0,0.0,0.0,0.0,0.0
2025/11/24,23:00:49,0,53.0,210.0,270.0,249.0,21.0,203.0,5.0,1.0,0.0,0.0,0.0,0.0
2025/11/24,23:00:54,0,53.0,187.0,268.0,248.0,34.0,201.0,8.0,4.0,0.0,0.0,0.0,0.0
2025/11/24,23:00:59,0,51.0,197.0,270.0,249.0,21.0,203.0,5.0,1.0,0.0,0.0,0.0,0.0
2025/11/24,23:01:04,0,52.0,187.0,267.0,249.0,34.0,203.0,7.0,4.0,0.0,0.0,0.0,0.0
2025/11/24,23:01:09,0,52.0,219.0,270.0,248.0,24.0,202.0,7.0,2.0,0.0,0.0,0.0,0.0
2025/11/24,23:01:14,0,52.0,197.0,268.0,250.0,27.0,202.0,6.0,2.0,0.0,0.0,0.0,0.0
2025/11/24,23:01:19,0,52.0,187.0,264.0,249.0,36.0,203.0,7.0,5.0,0.0,0.0,0.0,0.0
2025/11/24,23:01:24,0,52.0,186.0,264.0,249.0,34.0,203.0,8.0,3.0,0.0,0.0,0.0,0.0
2025/11/24,23:01:29,0,51.0,201.0,266.0,249.0,33.0,203.0,6.0,3.0,0.0,0.0,-0.0008,0.0
2025/11/24,23:01:34,0,53.0,220.0,270.0,249.0,22.0,202.0,6.0,2.0,0.0,0.0,0.0,0.0
2025/11/24,23:01:39,0,54.0,200.0,268.0,247.0,32.0,202.0,7.0,3.0,0.0,0.0,0.0,0.0
2025/11/24,23:01:44,0,53.0,216.0,269.0,249.0,22.0,204.0,6.0,1.0,0.0,0.0,0.0,0.0
2025/11/24,23:01:49,0,54.0,198.0,267.0,249.0,34.0,202.0,7.0,3.0,0.0,0.0,0.0,0.0
2025/11/24,23:01:54,0,53.0,204.0,269.0,249.0,21.0,203.0,5.0,1.0,0.0,0.0,0.0,0.0
2025/11/24,23:01:59,0,53.0,187.0,266.0,249.0,34.0,202.0,8.0,3.0,0.0,0.0,0.0,0.0
2025/11/24,23:02:04,0,52.0,198.0,269.0,249.0,18.0,202.0,4.0,0.0,0.0,0.0,0.0,0.0
2025/11/24,23:02:09,0,56.0,196.0,268.0,248.0,36.0,201.0,8.0,3.0,0.0,0.0,0.0,0.0
2025/11/24,23:02:14,0,52.0,195.0,267.0,249.0,28.0,202.0,5.0,2.0,0.0,0.0,0.0,-0.0008
2025/11/24,23:02:19,0,54.0,216.0,269.0,249.0,24.0,202.0,6.0,1.0,0.0,0.0,0.0,0.0
2025/11/24,23:02:24,0,53.0,188.0,267.0,249.0,38.0,203.0,8.0,4.0,0.0,0.0,0.0,0.0
2025/11/24,23:02:29,0,53.0,193.0,267.0,248.0,32.0,202.0,7.0,3.0,0.0,0.0,0.0,0.0
2025/11/24,23:02:34,0,54.0,202.0,269.0,249.0,21.0,203.0,5.0,1.0,0.0,0.0,0.0,0.0
2025/11/24,23:02:39,0,53.0,221.0,270.0,249.0,25.0,203.0,6.0,1.0,0.0,0.0,0.0,0.0
2025/11/24,23:02:44,0,53.0,200.0,266.0,249.0,34.0,202.0,8.0,3.0,0.0,0.0,0.0,0.0
2025/11/24,23:02:49,0,53.0,188.0,266.0,249.0,35.0,201.0,7.0,3.0,0.0,0.0,0.0,-0.0008
2025/11/24,23:02:54,0,54.0,196.0,267.0,249.0,31.0,202.0,6.0,3.0,0.0,0.0,0.0,0.0
2025/11/24,23:02:59,0,52.0,197.0,267.0,249.0,22.0,202.0,4.0,1.0,0.0,0.0,0.0,0.0
2025/11/24,23:03:04,0,52.0,208.0,269.0,249.0,22.0,202.0,6.0,1.0,0.0,0.0,0.0,0.0
2025/11/24,23:03:09,0,54.0,220.0,269.0,249.0,23.0,203.0,6.0,1.0,0.0,0.0,0.0,0.0
2025/11/24,23:03:14,0,56.0,209.0,269.0,254.0,25.0,203.0,6.0,2.0,0.0,0.0,0.0,0.0
2025/11/24,23:03:19,0,55.0,189.0,266.0,248.0,40.0,201.0,8.0,3.0,0.0,0.0,0.0,0.0
2025/11/24,23:03:24,0,54.0,198.0,266.0,249.0,31.0,203.0,6.0,3.0,0.0,0.0,0.0,0.0
2025/11/24,23:03:29,0,53.0,195.0,267.0,249.0,26.0,202.0,5.0,1.0,0.0,0.0,0.0,0.0
2025/11/24,23:03:34,0,54.0,200.0,268.0,249.0,20.0,203.0,5.0,0.0,0.0,0.0,0.0,0.0
2025/11/24,23:03:39,0,52.0,208.0,268.0,249.0,23.0,201.0,6.0,1.0,0.0,0.0,0.0,0.0
2025/11/24,23:03:44,0,52.0,213.0,268.0,248.0,24.0,202.0,6.0,1.0,0.0,0.0,0.0,0.0
2025/11/24,23:03:49,0,52.0,216.0,269.0,249.0,26.0,202.0,5.0,1.0,0.0,0.0,0.0,0.0
2025/11/24,23:03:54,0,57.0,215.0,269.0,249.0,25.0,201.0,5.0,0.0,0.0,0.0,0.0,0.0
2025/11/24,23:03:59,0,49.0,203.0,268.0,249.0,30.0,203.0,7.0,2.0,0.0,0.0,0.0,0.0
2025/11/24,23:04:04,0,51.0,187.0,264.0,249.0,36.0,202.0,7.0,3.0,0.0,0.0,0.0,0.0
2025/11/24,23:04:09,0,52.0,192.0,267.0,250.0,36.0,201.0,7.0,4.0,0.0,0.0,0.0,0.0
2025/11/24,23:04:14,0,48.0,211.0,268.0,247.0,26.0,201.0,6.0,2.0,0.0,0.0,0.0,0.0
2025/11/24,23:04:19,0,50.0,214.0,269.0,249.0,24.0,201.0,6.0,1.0,0.0,0.0,0.0,0.0
2025/11/24,23:04:24,0,56.0,197.0,268.0,248.0,20.0,202.0,4.0,1.0,0.0,0.0,0.0,0.0
2025/11/24,23:04:29,0,50.0,198.0,265.0,248.0,33.0,202.0,6.0,3.0,0.0,0.0,0.0,0.0
2025/11/24,23:04:34,0,53.0,201.0,268.0,250.0,31.0,202.0,7.0,3.0,0.0,0.0,0.0,0.0
2025/11/24,23:04:39,0,48.0,204.0,269.0,248.0,23.0,202.0,5.0,1.0,0.0,0.0,0.0,-0.0008
2025/11/24,23:04:44,0,51.0,195.0,266.0,248.0,33.0,202.0,7.0,3.0,0.0,0.0,0.0,0.0
2025/11/24,23:04:49,0,47.0,204.0,268.0,250.0,29.0,202.0,7.0,3.0,0.0,0.0,0.0,0.0
2025/11/24,23:04:54,0,51.0,198.0,268.0,249.0,20.0,203.0,4.0,0.0,0.0,0.0,0.0,0.0
2025/11/24,23:04:59,0,50.0,194.0,266.0,249.0,31.0,203.0,7.0,3.0,0.0,0.0,0.0,0.0
2025/11/24,23:05:04,0,49.0,210.0,268.0,248.0,26.0,202.0,6.0,2.0,0.0,0.0,0.0,0.0
2025/11/24,23:05:09,0,48.0,198.0,268.0,249.0,22.0,202.0,5.0,1.0,0.0,0.0,0.0,0.0
2025/11/24,23:05:14,0,46.0,196.0,263.0,249.0,32.0,203.0,7.0,3.0,0.0,0.0,0.0,-0.0008
2025/11/24,23:05:19,0,49.0,187.0,265.0,249.0,38.0,202.0,7.0,4.0,0.0,0.0,0.0,0.0
2025/11/24,23:05:24,0,48.0,212.0,268.0,249.0,24.0,202.0,7.0,0.0,0.0,0.0,0.0,0.0
2025/11/24,23:06:23,0,51.0,198.0,265.0,249.0,22.0,203.0,7.0,3.0,0.0,0.0,0.0,0.0
2025/11/24,23:06:28,0,50.0,198.0,266.0,250.0,27.0,202.0,6.0,3.0,0.0,0.0,0.0,0.0
2025/11/24,23:06:33,0,53.0,214.0,268.0,248.0,26.0,201.0,6.0,2.0,0.0,0.0,0.0,0.0
2025/11/24,23:06:38,0,51.0,195.0,266.0,249.0,26.0,201.0,5.0,1.0,0.0,0.0,0.0,0.0
2025/11/24,23:06:43,0,54.0,185.0,266.0,249.0,36.0,202.0,8.0,3.0,0.0,0.0,0.0,0.0
2025/11/24,23:06:48,0,52.0,208.0,268.0,249.0,27.0,203.0,7.0,2.0,0.0,0.0,0.0,0.0
2025/11/24,23:06:53,0,54.0,193.0,266.0,248.0,30.0,202.0,7.0,3.0,0.0,0.0,0.0,0.0
2025/11/24,23:06:58,0,52.0,198.0,267.0,248.0,33.0,202.0,8.0,3.0,0.0,0.0,0.0,0.0
2025/11/24,23:07:03,0,52.0,201.0,269.0,249.0,24.0,201.0,5.0,1.0,0.0,0.0,0.0,0.0
2025/11/24,23:07:08,0,52.0,192.0,266.0,248.0,31.0,201.0,6.0,3.0,0.0,0.0,0.0,0.0
2025/11/24,23:07:13,0,48.0,210.0,267.0,249.0,27.0,202.0,7.0,1.0,0.0,0.0,0.0,-0.0008
2025/11/24,23:07:18,0,53.0,196.0,269.0,249.0,20.0,202.0,5.0,0.0,0.0,0.0,0.0,0.0
2025/11/24,23:07:23,0,52.0,195.0,266.0,250.0,31.0,204.0,6.0,3.0,0.0,0.0,0.0,0.0
2025/11/24,23:07:28,0,50.0,204.0,268.0,249.0,31.0,202.0,8.0,2.0,0.0,0.0,0.0,0.0
2025/11/24,23:07:33,0,53.0,211.0,270.0,249.0,28.0,202.0,6.0,1.0,0.0,0.0,0.0,0.0
2025/11/24,23:07:38,0,53.0,198.0,267.0,249.0,25.0,203.0,4.0,0.0,0.0,0.0,0.0,0.0
2025/11/24,23:07:43,0,54.0,199.0,265.0,250.0,29.0,202.0,6.0,2.0,0.0,0.0,0.0,-0.0008
2025/11/24,23:07:48,0,55.0,188.0,265.0,249.0,36.0,200.0,8.0,4.0,0.0,0.0,0.0,0.0
2025/11/24,23:07:53,0,51.0,216.0,268.0,248.0,25.0,201.0,6.0,1.0,0.0,0.0,0.0,0.0
2025/11/24,23:07:58,0,53.0,203.0,268.0,248.0,25.0,202.0,6.0,1.0,0.0,0.0,0.0,0.0
2025/11/24,23:08:03,0,52.0,197.0,267.0,248.0,24.0,201.0,4.0,1.0,0.0,0.0,0.0,0.0
2025/11/24,23:08:08,0,53.0,193.0,266.0,249.0,32.0,202.0,7.0,3.0,0.0,0.0,0.0,0.0
2025/11/24,23:08:13,0,53.0,197.0,265.0,249.0,31.0,202.0,6.0,2.0,0.0,0.0,0.0,0.0
2025/11/24,23:08:18,0,52.0,193.0,266.0,249.0,30.0,203.0,6.0,3.0,0.0,0.0,0.0,0.0
2025/11/24,23:08:23,0,53.0,186.0,263.0,249.0,37.0,202.0,8.0,4.0,0.0,0.0,0.0,0.0
2025/11/24,23:08:28,0,54.0,196.0,267.0,248.0,35.0,203.0,8.0,3.0,0.0,0.0,0.0,0.0
2025/11/24,23:08:33,0,56.0,203.0,267.0,249.0,32.0,200.0,7.0,2.0,0.0,0.0,0.0,0.0
2025/11/24,23:08:38,0,53.0,207.0,268.0,249.0,29.0,203.0,7.0,3.0,0.0,0.0,0.0,-0.0008
2025/11/24,23:08:43,0,53.0,208.0,268.0,249.0,27.0,202.0,8.0,2.0,0.0,0.0,0.0,0.0
2025/11/24,23:08:48,0,59.0,208.0,267.0,248.0,29.0,201.0,7.0,1.0,0.0,0.0,0.0,0.0
2025/11/24,23:08:53,0,49.0,208.0,267.0,249.0,33.0,202.0,8.0,2.0,0.0,0.0,0.0,0.0
2025/11/24,23:08:58,0,54.0,197.0,265.0,249.0,36.0,203.0,9.0,3.0,0.0,0.0,0.0,0.0
2025/11/24,23:09:03,0,52.0,187.0,266.0,249.0,37.0,202.0,7.0,4.0,0.0,0.0,0.0,0.0
2025/11/24,23:09:08,0,54.0,194.0,265.0,248.0,32.0,203.0,7.0,3.0,0.0,0.0,0.0,0.0
2025/11/24,23:09:13,0,55.0,193.0,262.0,249.0,33.0,202.0,8.0,2.0,0.0,0.0,0.0,0.0
2025/11/24,23:09:18,0,57.0,197.0,268.0,249.0,23.0,201.0,4.0,0.0,0.0,0.0,0.0,0.0
2025/11/24,23:09:23,0,53.0,208.0,267.0,249.0,28.0,203.0,7.0,1.0,0.0,0.0,0.0,0.0
2025/11/24,23:09:28,0,53.0,209.0,268.0,248.0,29.0,202.0,7.0,2.0,0.0,0.0,0.0,0.0
2025/11/24,23:09:33,0,54.0,187.0,266.0,249.0,38.0,202.0,7.0,4.0,0.0,0.0,0.0,0.0
2025/11/24,23:09:38,0,54.0,189.0,266.0,250.0,33.0,201.0,6.0,3.0,0.0,0.0,0.0,0.0
2025/11/24,23:09:43,0,54.0,195.0,264.0,249.0,31.0,202.0,6.0,2.0,0.0,0.0,0.0,0.0
2025/11/24,23:09:48,0,54.0,193.0,265.0,249.0,32.0,202.0,5.0,2.0,0.0,0.0,0.0,-0.0008
2025/11/24,23:09:53,0,54.0,196.0,268.0,248.0,20.0,201.0,4.0,0.0,0.0,0.0,0.0,0.0
2025/11/24,23:09:58,0,54.0,214.0,268.0,249.0,28.0,200.0,7.0,2.0,0.0,0.0,0.0,0.0
2025/11/24,23:10:03,0,56.0,207.0,268.0,249.0,28.0,203.0,7.0,2.0,0.0,0.0,0.0,-0.0008
2025/11/24,23:10:08,0,54.0,189.0,265.0,248.0,38.0,201.0,8.0,4.0,0.0,0.0,0.0,0.0
2025/11/24,23:10:13,0,52.0,189.0,263.0,249.0,34.0,202.0,6.0,3.0,0.0,0.0,0.0,0.0
2025/11/24,23:10:18,0,54.0,193.0,265.0,249.0,33.0,202.0,7.0,3.0,0.0,0.0,0.0,0.0
2025/11/24,23:10:23,0,52.0,195.0,265.0,249.0,32.0,202.0,7.0,2.0,0.0,0.0,0.0,0.0
2025/11/24,23:10:28,0,53.0,196.0,266.0,249.0,28.0,201.0,6.0,2.0,0.0,0.0,0.0,0.0
2025/11/24,23:10:33,0,53.0,209.0,270.0,249.0,27.0,202.0,7.0,2.0,0.0,0.0,0.0,0.0
2025/11/24,23:10:38,0,52.0,196.0,266.0,249.0,38.0,203.0,9.0,4.0,0.0,0.0,0.0,0.0
2025/11/24,23:10:43,0,54.0,195.0,267.0,249.0,29.0,201.0,5.0,2.0,0.0,0.0,0.0,0.0
2025/11/24,23:10:48,0,55.0,211.0,268.0,248.0,27.0,203.0,7.0,2.0,0.0,0.0,0.0,0.0
2025/11/24,23:10:53,0,54.0,193.0,266.0,249.0,31.0,201.0,6.0,2.0,0.0,0.0,0.0,0.0
2025/11/24,23:10:58,0,52.0,209.0,268.0,249.0,29.0,202.0,8.0,1.0,0.0,0.0,0.0,0.0
2025/11/24,23:11:03,0,55.0,195.0,266.0,249.0,28.0,203.0,6.0,2.0,0.0,0.0,0.0,0.0
2025/11/24,23:11:08,0,53.0,192.0,265.0,249.0,38.0,202.0,9.0,3.0,0.0,0.0,0.0,0.0
2025/11/24,23:11:13,0,53.0,201.0,268.0,248.0,25.0,200.0,6.0,1.0,0.0,0.0,0.0,0.0
2025/11/24,23:11:18,0,54.0,189.0,264.0,249.0,34.0,200.0,7.0,3.0,0.0,0.0,0.0,0.0
2025/11/24,23:11:23,0,52.0,205.0,269.0,249.0,25.0,203.0,7.0,1.0,0.0,0.0,0.0,-0.0008
2025/11/24,23:11:28,0,53.0,188.0,265.0,249.0,35.0,202.0,7.0,3.0,0.0,0.0,0.0,0.0
2025/11/24,23:11:33,0,53.0,202.0,269.0,250.0,25.0,201.0,6.0,1.0,0.0,0.0,0.0,0.0
2025/11/24,23:11:38,0,53.0,187.0,263.0,249.0,35.0,202.0,7.0,3.0,0.0,0.0,0.0,0.0
2025/11/24,23:11:43,0,54.0,204.0,269.0,249.0,26.0,202.0,7.0,1.0,0.0,0.0,0.0,0.0
2025/11/24,23:11:48,0,52.0,196.0,265.0,249.0,29.0,201.0,6.0,3.0,0.0,0.0,0.0,0.0
2025/11/24,23:11:53,0,49.0,195.0,266.0,249.0,36.0,201.0,8.0,3.0,0.0,0.0,0.0,0.0
2025/11/24,23:11:58,0,52.0,191.0,266.0,249.0,35.0,201.0,9.0,3.0,0.0,0.0,0.0,0.0
2025/11/24,23:12:03,0,54.0,195.0,263.0,249.0,31.0,202.0,7.0,2.0,0.0,0.0,0.0,0.0
2025/11/24,23:12:08,0,52.0,185.0,266.0,250.0,35.0,202.0,8.0,4.0,0.0,0.0,0.0,0.0
2025/11/24,23:12:13,0,52.0,207.0,269.0,251.0,27.0,201.0,7.0,2.0,0.0,0.0,0.0,0.0
2025/11/24,23:12:18,0,52.0,204.0,265.0,249.0,34.0,201.0,6.0,3.0,0.0,0.0,0.0,0.0
2025/11/24,23:12:23,0,50.0,208.0,267.0,247.0,30.0,201.0,8.0,3.0,0.0,0.0,0.0,0.0
2025/11/24,23:12:28,0,53.0,207.0,268.0,249.0,26.0,202.0,7.0,1.0,0.0,0.0,0.0,0.0
2025/11/24,23:12:33,0,56.0,197.0,267.0,248.0,24.0,202.0,5.0,1.0,0.0,0.0,0.0,0.0
2025/11/24,23:12:38,0,51.0,195.0,265.0,249.0,30.0,202.0,6.0,2.0,0.0,0.0,0.0,0.0
2025/11/24,23:12:43,0,50.0,194.0,263.0,249.0,31.0,202.0,7.0,2.0,-0.0008,0.0,0.0,0.0
2025/11/24,23:12:48,0,50.0,195.0,266.0,250.0,28.0,202.0,6.0,2.0,0.0,0.0,0.0,0.0
2025/11/24,23:12:53,0,51.0,196.0,265.0,249.0,23.0,202.0,3.0,1.0,0.0,0.0,0.0,0.0
2025/11/24,23:12:58,0,52.0,210.0,268.0,247.0,26.0,200.0,7.0,2.0,0.0,0.0,0.0,0.0
2025/11/24,23:13:03,0,57.0,207.0,267.0,248.0,31.0,201.0,7.0,3.0,0.0,0.0,0.0,0.0
2025/11/24,23:13:08,0,50.0,191.0,265.0,248.0,33.0,202.0,7.0,3.0,0.0,0.0,0.0,0.0
2025/11/24,23:13:13,0,53.0,196.0,267.0,249.0,22.0,203.0,6.0,1.0,0.0,0.0,0.0,0.0
2025/11/24,23:13:18,0,56.0,205.0,266.0,249.0,31.0,201.0,8.0,2.0,0.0,0.0,0.0,0.0
2025/11/24,23:13:23,0,55.0,194.0,264.0,249.0,31.0,202.0,7.0,2.0,0.0,0.0,0.0,0.0
2025/11/24,23:13:28,0,50.0,212.0,267.0,248.0,28.0,200.0,7.0,1.0,0.0,0.0,0.0,0.0
2025/11/24,23:13:33,0,52.0,197.0,262.0,249.0,35.0,201.0,6.0,3.0,0.0,0.0,0.0,0.0
2025/11/24,23:13:38,0,55.0,220.0,268.0,248.0,28.0,202.0,7.0,1.0,0.0,0.0,0.0,0.0
2025/11/24,23:13:43,0,54.0,190.0,264.0,249.0,33.0,201.0,7.0,2.0,0.0,0.0,0.0,0.0
2025/11/24,23:13:48,0,54.0,201.0,266.0,248.0,32.0,201.0,8.0,1.0,0.0,0.0,0.0,0.0
2025/11/24,23:13:53,0,53.0,198.0,266.0,250.0,21.0,202.0,5.0,1.0,0.0,0.0,0.0,0.0
2025/11/24,23:13:58,0,54.0,190.0,265.0,249.0,34.0,200.0,7.0,3.0,0.0,0.0,0.0,0.0
2025/11/24,23:14:03,0,52.0,208.0,268.0,247.0,27.0,201.0,7.0,2.0,0.0,0.0,0.0,0.0
2025/11/24,23:14:08,0,54.0,194.0,264.0,249.0,32.0,203.0,7.0,2.0,0.0,0.0,0.0,0.0
2025/11/24,23:14:13,0,56.0,220.0,268.0,250.0,27.0,201.0,7.0,1.0,0.0,0.0,0.0,0.0
2025/11/24,23:14:18,0,51.0,193.0,265.0,247.0,33.0,201.0,7.0,2.0,0.0,0.0,0.0,0.0
2025/11/24,23:14:23,0,53.0,196.0,266.0,249.0,36.0,202.0,8.0,3.0,0.0,0.0,0.0,0.0
2025/11/24,23:14:28,0,51.0,205.0,268.0,250.0,26.0,201.0,7.0,1.0,0.0,0.0,0.0,0.0
2025/11/24,23:14:33,0,52.0,194.0,266.0,250.0,32.0,201.0,6.0,2.0,0.0,0.0,0.0,0.0
2025/11/24,23:14:38,0,57.0,185.0,264.0,249.0,39.0,203.0,9.0,3.0,0.0,0.0,0.0,0.0
2025/11/24,23:14:43,0,53.0,215.0,267.0,249.0,28.0,202.0,8.0,1.0,0.0,0.0,0.0,0.0
2025/11/24,23:14:48,0,56.0,199.0,267.0,249.0,22.0,203.0,5.0,1.0,0.0,0.0,0.0,0.0
2025/11/24,23:14:53,0,52.0,196.0,264.0,248.0,33.0,201.0,6.0,2.0,0.0,0.0,0.0,0.0
2025/11/24,23:14:58,0,53.0,197.0,266.0,249.0,35.0,203.0,8.0,3.0,0.0,0.0,0.0,0.0
2025/11/24,23:15:03,0,53.0,212.0,267.0,249.0,29.0,202.0,8.0,1.0,0.0,0.0,0.0,0.0
2025/11/24,23:15:08,0,56.0,198.0,265.0,249.0,26.0,202.0,6.0,1.0,0.0,0.0,0.0,0.0
2025/11/24,23:15:13,0,52.0,192.0,264.0,249.0,32.0,200.0,7.0,2.0,0.0,0.0,0.0,0.0
2025/11/24,23:15:18,0,52.0,215.0,268.0,249.0,26.0,201.0,6.0,1.0,0.0,0.0,0.0,0.0
2025/11/24,23:15:23,0,51.0,193.0,265.0,248.0,27.0,202.0,6.0,1.0,0.0,0.0,0.0,0.0
2025/11/24,23:15:28,0,53.0,187.0,265.0,250.0,36.0,201.0,7.0,2.0,0.0,0.0,0.0,0.0
2025/11/24,23:15:33,0,54.0,215.0,267.0,249.0,28.0,202.0,7.0,1.0,0.0,0.0,0.0,0.0
2025/11/24,23:16:17,0,55.0,210.0,268.0,249.0,19.0,201.0,7.0,1.0,0.0,0.0,0.0,0.0
2025/11/24,23:16:21,0,56.0,191.0,264.0,249.0,34.0,201.0,7.0,3.0,0.0,0.0,0.0,0.0
2025/11/24,23:16:26,0,56.0,218.0,268.0,249.0,26.0,202.0,8.0,1.0,0.0,0.0,0.0,-0.0008
2025/11/24,23:16:31,0,55.0,192.0,264.0,249.0,34.0,201.0,7.0,3.0,0.0,0.0,0.0,0.0
2025/11/24,23:16:36,0,56.0,203.0,268.0,249.0,25.0,202.0,7.0,1.0,0.0,0.0,0.0,0.0
2025/11/24,23:16:41,0,57.0,188.0,265.0,249.0,34.0,201.0,7.0,3.0,0.0,0.0,0.0,0.0
2025/11/24,23:16:46,0,56.0,200.0,268.0,247.0,25.0,201.0,5.0,1.0,0.0,0.0,0.0,0.0
2025/11/24,23:16:51,0,56.0,190.0,262.0,249.0,37.0,202.0,8.0,3.0,0.0,0.0,0.0,0.0
2025/11/24,23:16:56,0,54.0,204.0,268.0,249.0,25.0,200.0,7.0,1.0,0.0,0.0,0.0,-0.0008
2025/11/24,23:17:01,0,56.0,192.0,264.0,249.0,36.0,202.0,8.0,3.0,-0.0008,0.0,0.0,0.0
2025/11/24,23:17:06,0,56.0,207.0,268.0,249.0,26.0,202.0,7.0,1.0,0.0,0.0,0.0,0.0
2025/11/24,23:17:11,0,56.0,191.0,264.0,248.0,36.0,200.0,8.0,3.0,0.0,0.0,0.0,0.0
2025/11/24,23:17:16,0,56.0,203.0,268.0,249.0,25.0,202.0,6.0,1.0,0.0,0.0,0.0,0.0
2025/11/24,23:17:21,0,54.0,188.0,265.0,249.0,36.0,200.0,7.0,3.0,0.0,0.0,0.0,0.0
2025/11/24,23:17:26,0,57.0,205.0,267.0,248.0,26.0,201.0,6.0,1.0,0.0,0.0,0.0,0.0
2025/11/24,23:17:31,0,55.0,189.0,264.0,249.0,36.0,202.0,8.0,3.0,0.0,0.0,0.0,0.0
2025/11/24,23:17:36,0,55.0,208.0,268.0,249.0,26.0,201.0,7.0,1.0,0.0,0.0,0.0,0.0
2025/11/24,23:17:41,0,55.0,191.0,264.0,248.0,35.0,203.0,8.0,3.0,0.0,0.0,0.0,0.0
2025/11/24,23:17:46,0,54.0,216.0,266.0,249.0,28.0,202.0,8.0,1.0,0.0,0.0,0.0,0.0
2025/11/24,23:17:51,0,53.0,192.0,265.0,249.0,32.0,202.0,7.0,3.0,0.0,0.0,0.0,0.0
2025/11/24,23:17:56,0,56.0,209.0,265.0,249.0,30.0,201.0,6.0,2.0,0.0,0.0,0.0,0.0
2025/11/24,23:18:01,0,54.0,193.0,263.0,249.0,32.0,202.0,5.0,2.0,0.0,0.0,0.0,-0.0008
2025/11/24,23:18:06,0,53.0,203.0,267.0,250.0,36.0,201.0,7.0,2.0,0.0,0.0,0.0,0.0
2025/11/24,23:18:11,0,55.0,198.0,266.0,249.0,26.0,203.0,6.0,1.0,0.0,0.0,0.0,-0.0008
2025/11/24,23:18:16,0,55.0,184.0,264.0,249.0,39.0,201.0,8.0,4.0,0.0,0.0,0.0,0.0
2025/11/24,23:18:21,0,56.0,215.0,268.0,249.0,29.0,202.0,6.0,1.0,0.0,0.0,0.0,0.0
2025/11/24,23:18:26,0,54.0,196.0,266.0,249.0,28.0,202.0,6.0,1.0,0.0,0.0,0.0,0.0
2025/11/24,23:18:31,0,56.0,194.0,265.0,249.0,34.0,201.0,6.0,2.0,0.0,0.0,0.0,0.0
2025/11/24,23:18:36,0,56.0,186.0,265.0,249.0,37.0,201.0,8.0,3.0,0.0,0.0,0.0,0.0
2025/11/24,23:18:41,0,56.0,210.0,268.0,249.0,28.0,201.0,7.0,1.0,0.0,0.0,0.0,0.0
2025/11/24,23:18:46,0,55.0,209.0,268.0,249.0,26.0,202.0,7.0,1.0,0.0,0.0,0.0,0.0
2025/11/24,23:18:51,0,55.0,196.0,266.0,249.0,26.0,203.0,5.0,0.0,0.0,0.0,0.0,-0.0008
2025/11/24,23:18:56,0,54.0,197.0,264.0,249.0,32.0,202.0,8.0,3.0,0.0,0.0,0.0,0.0
2025/11/24,23:19:01,0,55.0,196.0,266.0,249.0,29.0,202.0,6.0,2.0,0.0,0.0,0.0,0.0
2025/11/24,23:19:06,0,52.0,202.0,263.0,249.0,35.0,202.0,8.0,3.0,0.0,0.0,0.0,0.0
2025/11/24,23:19:11,0,55.0,219.0,266.0,249.0,28.0,202.0,7.0,1.0,0.0,0.0,0.0,0.0
2025/11/24,23:19:16,0,56.0,200.0,268.0,247.0,25.0,201.0,6.0,1.0,0.0,0.0,0.0,0.0
2025/11/24,23:19:21,0,57.0,194.0,265.0,248.0,36.0,202.0,7.0,2.0,0.0,0.0,0.0,0.0
2025/11/24,23:19:26,0,56.0,190.0,264.0,249.0,35.0,200.0,8.0,3.0,0.0,0.0,0.0,0.0
2025/11/24,23:19:31,0,51.0,203.0,264.0,248.0,32.0,202.0,8.0,3.0,0.0,0.0,0.0,0.0
2025/11/24,23:19:36,0,59.0,219.0,268.0,249.0,26.0,202.0,7.0,1.0,0.0,0.0,0.0,0.0
2025/11/24,23:19:41,0,56.0,202.0,268.0,249.0,25.0,201.0,7.0,1.0,0.0,0.0,0.0,0.0
2025/11/24,23:19:46,0,54.0,198.0,266.0,249.0,23.0,203.0,5.0,0.0,0.0,0.0,0.0,0.0
2025/11/24,23:19:51,0,59.0,194.0,266.0,247.0,29.0,201.0,6.0,1.0,0.0,0.0,0.0,-0.0008
2025/11/24,23:19:56,0,54.0,196.0,265.0,249.0,29.0,202.0,5.0,1.0,0.0,0.0,0.0,0.0
2025/11/24,23:20:01,0,57.0,197.0,267.0,249.0,20.0,202.0,5.0,0.0,0.0,0.0,0.0,0.0
2025/11/24,23:20:06,0,56.0,208.0,268.0,249.0,27.0,201.0,7.0,1.0,0.0,0.0,0.0,0.0
2025/11/24,23:20:11,0,57.0,206.0,267.0,249.0,33.0,202.0,7.0,2.0,0.0,0.0,0.0,0.0
2025/11/24,23:20:16,0,54.0,188.0,262.0,249.0,38.0,202.0,8.0,3.0,0.0,0.0,0.0,0.0
2025/11/24,23:20:21,0,57.0,198.0,263.0,248.0,38.0,201.0,7.0,3.0,0.0,0.0,0.0,0.0
2025/11/24,23:20:26,0,58.0,197.0,267.0,249.0,23.0,201.0,5.0,0.0,0.0,0.0,0.0,0.0
2025/11/24,23:20:31,0,58.0,203.0,267.0,248.0,26.0,201.0,7.0,1.0,0.0,0.0,0.0,0.0
2025/11/24,23:20:36,0,57.0,211.0,267.0,249.0,28.0,203.0,7.0,1.0,0.0,0.0,0.0,0.0
2025/11/24,23:20:41,0,53.0,219.0,268.0,249.0,28.0,203.0,7.0,1.0,0.0,0.0,0.0,0.0
2025/11/24,23:20:46,0,60.0,215.0,267.0,249.0,30.0,202.0,8.0,1.0,0.0,0.0,0.0,0.0
2025/11/24,23:20:51,0,55.0,212.0,267.0,249.0,28.0,201.0,7.0,2.0,0.0,0.0,0.0,0.0
2025/11/24,23:20:56,0,57.0,209.0,266.0,249.0,30.0,202.0,7.0,1.0,0.0,0.0,0.0,0.0
2025/11/24,23:21:01,0,52.0,202.0,266.0,249.0,36.0,201.0,8.0,2.0,0.0,0.0,0.0,0.0
2025/11/24,23:21:06,0,56.0,189.0,263.0,249.0,38.0,202.0,9.0,3.0,0.0,0.0,0.0,0.0
2025/11/24,23:21:11,0,58.0,196.0,264.0,249.0,36.0,201.0,8.0,3.0,0.0,0.0,0.0,0.0
2025/11/24,23:21:16,0,59.0,197.0,265.0,249.0,25.0,202.0,5.0,1.0,0.0,0.0,0.0,0.0
2025/11/24,23:21:21,0,58.0,199.0,266.0,248.0,23.0,202.0,5.0,0.0,0.0,0.0,0.0,0.0
2025/11/24,23:21:26,0,57.0,199.0,264.0,249.0,23.0,202.0,5.0,0.0,0.0,0.0,0.0,-0.0008
2025/11/24,23:21:31,0,57.0,198.0,266.0,249.0,21.0,203.0,5.0,0.0,0.0,0.0,0.0,0.0
2025/11/24,23:21:36,0,57.0,195.0,265.0,248.0,27.0,201.0,6.0,1.0,0.0,0.0,0.0,0.0
2025/11/24,23:21:41,0,56.0,191.0,264.0,248.0,36.0,202.0,8.0,2.0,0.0,0.0,0.0,0.0
2025/11/24,23:21:46,0,57.0,191.0,261.0,249.0,36.0,202.0,8.0,3.0,0.0,0.0,0.0,0.0
2025/11/24,23:21:51,0,56.0,205.0,266.0,248.0,34.0,203.0,9.0,2.0,-0.0008,0.0,0.0,0.0
2025/11/24,23:21:56,0,56.0,208.0,267.0,248.0,26.0,203.0,7.0,1.0,0.0,0.0,0.0,0.0
2025/11/24,23:22:01,0,56.0,192.0,264.0,247.0,35.0,201.0,8.0,2.0,0.0,0.0,0.0,0.0
2025/11/24,23:22:06,0,56.0,185.0,264.0,249.0,38.0,201.0,8.0,4.0,0.0,0.0,0.0,0.0
2025/11/24,23:22:11,0,56.0,210.0,268.0,250.0,28.0,201.0,7.0,2.0,0.0,0.0,0.0,0.0
2025/11/24,23:22:16,0,56.0,214.0,268.0,247.0,28.0,201.0,7.0,2.0,0.0,0.0,-0.0008,0.0
2025/11/24,23:22:21,0,55.0,205.0,267.0,249.0,27.0,202.0,7.0,1.0,0.0,0.0,0.0,0.0
2025/11/24,23:22:26,0,55.0,201.0,267.0,250.0,26.0,202.0,7.0,2.0,0.0,0.0,0.0,0.0
2025/11/24,23:22:31,0,53.0,196.0,266.0,247.0,24.0,202.0,5.0,0.0,0.0,0.0,0.0,0.0
2025/11/24,23:22:36,0,61.0,198.0,267.0,248.0,22.0,202.0,5.0,0.0,0.0,0.0,0.0,0.0
2025/11/24,23:22:41,0,55.0,208.0,266.0,249.0,27.0,202.0,8.0,1.0,0.0,0.0,0.0,0.0
2025/11/24,23:22:46,0,54.0,197.0,262.0,250.0,36.0,202.0,9.0,3.0,0.0,0.0,0.0,0.0
2025/11/24,23:22:51,0,55.0,191.0,263.0,249.0,36.0,203.0,8.0,3.0,0.0,0.0,0.0,0.0
2025/11/24,23:22:56,0,56.0,210.0,267.0,249.0,27.0,200.0,7.0,1.0,0.0,0.0,0.0,0.0
2025/11/24,23:23:01,0,59.0,190.0,264.0,248.0,38.0,200.0,10.0,3.0,0.0,0.0,0.0,-0.0008
2025/11/24,23:23:06,0,56.0,192.0,265.0,248.0,33.0,203.0,7.0,3.0,0.0,0.0,0.0,0.0
2025/11/24,23:23:11,0,56.0,216.0,267.0,249.0,26.0,201.0,7.0,1.0,0.0,0.0,0.0,0.0
2025/11/24,23:23:16,0,56.0,195.0,264.0,249.0,34.0,201.0,8.0,2.0,0.0,0.0,0.0,0.0
2025/11/24,23:23:21,0,57.0,212.0,267.0,247.0,27.0,201.0,7.0,2.0,0.0,0.0,0.0,0.0
2025/11/24,23:23:26,0,56.0,198.0,263.0,249.0,34.0,201.0,8.0,3.0,0.0,0.0,0.0,0.0
2025/11/24,23:23:31,0,55.0,218.0,267.0,248.0,26.0,202.0,8.0,1.0,0.0,0.0,0.0,0.0
2025/11/24,23:23:36,0,57.0,199.0,264.0,247.0,36.0,201.0,7.0,2.0,0.0,0.0,0.0,0.0
2025/11/24,23:23:41,0,56.0,212.0,267.0,249.0,27.0,201.0,7.0,1.0,0.0,0.0,0.0,0.0
2025/11/24,23:23:46,0,57.0,198.0,264.0,248.0,35.0,201.0,7.0,3.0,0.0,0.0,0.0,0.0
2025/11/24,23:23:51,0,54.0,219.0,267.0,248.0,27.0,202.0,7.0,1.0,0.0,0.0,0.0,0.0
2025/11/24,23:23:56,0,58.0,195.0,265.0,249.0,31.0,202.0,7.0,3.0,0.0,0.0,0.0,0.0
2025/11/24,23:24:01,0,55.0,192.0,265.0,250.0,39.0,201.0,9.0,3.0,0.0,0.0,0.0,0.0
2025/11/24,23:24:06,0,55.0,202.0,267.0,249.0,26.0,203.0,7.0,1.0,0.0,0.0,0.0,0.0
2025/11/24,23:24:11,0,54.0,195.0,264.0,249.0,33.0,202.0,7.0,2.0,0.0,0.0,0.0,0.0
2025/11/24,23:24:16,0,55.0,210.0,268.0,249.0,28.0,201.0,7.0,1.0,0.0,0.0,0.0,0.0
2025/11/24,23:24:21,0,53.0,198.0,265.0,249.0,26.0,203.0,6.0,1.0,0.0,0.0,0.0,0.0
2025/11/24,23:24:26,0,54.0,185.0,264.0,249.0,37.0,202.0,8.0,3.0,0.0,0.0,0.0,0.0
2025/11/24,23:24:31,0,55.0,212.0,268.0,247.0,27.0,201.0,7.0,1.0,0.0,0.0,0.0,0.0
2025/11/24,23:24:36,0,56.0,198.0,264.0,249.0,35.0,202.0,8.0,2.0,0.0,0.0,0.0,0.0
2025/11/24,23:24:41,0,56.0,217.0,266.0,248.0,26.0,200.0,7.0,1.0,0.0,0.0,0.0,0.0
2025/11/24,23:24:46,0,55.0,194.0,264.0,248.0,33.0,200.0,7.0,2.0,0.0,0.0,0.0,0.0
2025/11/24,23:24:51,0,55.0,194.0,265.0,249.0,36.0,201.0,10.0,3.0,0.0,0.0,0.0,0.0
2025/11/24,23:24:56,0,56.0,206.0,265.0,249.0,27.0,202.0,7.0,1.0,0.0,0.0,0.0,0.0
2025/11/24,23:25:01,0,55.0,196.0,264.0,249.0,34.0,201.0,7.0,3.0,0.0,0.0,0.0,-0.0008
2025/11/24,23:25:06,0,55.0,202.0,266.0,249.0,33.0,200.0,9.0,2.0,0.0,0.0,0.0,-0.0008
2025/11/24,23:25:11,0,56.0,197.0,266.0,248.0,24.0,201.0,6.0,0.0,0.0,0.0,0.0,0.0
2025/11/24,23:25:16,0,56.0,189.0,264.0,249.0,36.0,201.0,8.0,2.0,0.0,0.0,0.0,0.0
2025/11/24,23:25:21,0,53.0,210.0,266.0,249.0,28.0,202.0,7.0,1.0,0.0,0.0,0.0,0.0
2025/11/24,23:25:26,0,56.0,191.0,264.0,249.0,35.0,201.0,7.0,3.0,0.0,0.0,0.0,0.0
2025/11/24,23:25:31,0,55.0,208.0,267.0,249.0,27.0,202.0,6.0,1.0,0.0,0.0,0.0,0.0
2025/11/24,23:25:36,0,56.0,195.0,264.0,247.0,34.0,200.0,7.0,2.0,0.0,0.0,0.0,0.0
2025/11/24,23:25:41,0,57.0,214.0,266.0,249.0,30.0,202.0,7.0,1.0,0.0,0.0,0.0,0.0
2025/11/24,23:25:46,0,57.0,195.0,265.0,247.0,25.0,200.0,6.0,1.0,0.0,0.0,0.0,0.0
2025/11/24,23:26:29,0,57.0,205.0,266.0,249.0,28.0,203.0,9.0,1.0,0.0,0.0,0.0,0.0
2025/11/24,23:26:31,0,54.0,191.0,264.0,248.0,28.0,202.0,8.0,3.0,0.0,0.0,0.0,0.0
2025/11/24,23:26:36,0,52.0,220.0,266.0,249.0,26.0,202.0,7.0,1.0,0.0,0.0,0.0,0.0
2025/11/24,23:26:41,0,56.0,196.0,266.0,249.0,29.0,201.0,6.0,2.0,0.0,0.0,0.0,0.0
2025/11/24,23:26:46,0,56.0,183.0,264.0,249.0,44.0,201.0,9.0,4.0,0.0,0.0,0.0,0.0
2025/11/24,23:26:51,0,55.0,211.0,265.0,249.0,28.0,201.0,7.0,1.0,0.0,0.0,0.0,0.0
2025/11/24,23:26:56,0,55.0,194.0,264.0,249.0,36.0,201.0,8.0,2.0,0.0,0.0,0.0,0.0
2025/11/24,23:27:01,0,55.0,202.0,266.0,249.0,32.0,201.0,8.0,2.0,0.0,0.0,0.0,0.0
2025/11/24,23:27:06,0,57.0,196.0,267.0,247.0,23.0,201.0,4.0,0.0,0.0,0.0,0.0,0.0
2025/11/24,23:27:11,0,56.0,191.0,262.0,249.0,36.0,203.0,8.0,3.0,0.0,0.0,0.0,0.0
2025/11/24,23:27:16,0,55.0,215.0,268.0,249.0,26.0,202.0,7.0,1.0,0.0,0.0,0.0,0.0
2025/11/24,23:27:21,0,56.0,196.0,263.0,248.0,35.0,200.0,8.0,2.0,0.0,0.0,0.0,0.0
2025/11/24,23:27:26,0,56.0,214.0,266.0,248.0,27.0,202.0,8.0,1.0,0.0,0.0,0.0,0.0
2025/11/24,23:27:31,0,54.0,193.0,263.0,249.0,37.0,202.0,8.0,3.0,0.0,0.0,0.0,0.0
2025/11/24,23:27:36,0,54.0,201.0,267.0,249.0,24.0,202.0,6.0,1.0,0.0,0.0,0.0,0.0
2025/11/24,23:27:41,0,55.0,189.0,265.0,248.0,39.0,203.0,9.0,4.0,0.0,0.0,0.0,0.0
2025/11/24,23:27:46,0,55.0,193.0,265.0,249.0,30.0,203.0,7.0,2.0,0.0,0.0,0.0,-0.0008
2025/11/24,23:27:51,0,54.0,220.0,267.0,249.0,27.0,202.0,8.0,1.0,0.0,0.0,0.0,0.0
2025/11/24,23:27:56,0,54.0,190.0,264.0,249.0,36.0,201.0,8.0,3.0,0.0,0.0,0.0,0.0
2025/11/24,23:28:01,0,52.0,194.0,264.0,249.0,30.0,202.0,7.0,2.0,0.0,0.0,0.0,0.0
2025/11/24,23:28:06,0,55.0,210.0,265.0,249.0,28.0,202.0,7.0,1.0,0.0,0.0,0.0,0.0
2025/11/24,23:28:11,0,57.0,191.0,264.0,248.0,40.0,201.0,9.0,4.0,0.0,0.0,0.0,-0.0008
2025/11/24,23:28:16,0,56.0,191.0,263.0,248.0,34.0,202.0,8.0,2.0,0.0,0.0,0.0,0.0
2025/11/24,23:28:21,0,56.0,203.0,268.0,247.0,26.0,201.0,7.0,1.0,0.0,0.0,0.0,0.0
2025/11/24,23:28:26,0,57.0,207.0,264.0,249.0,30.0,202.0,8.0,2.0,0.0,0.0,0.0,-0.0008
2025/11/24,23:28:31,0,55.0,194.0,263.0,249.0,37.0,202.0,8.0,3.0,0.0,0.0,0.0,0.0
2025/11/24,23:28:36,0,57.0,198.0,266.0,247.0,24.0,201.0,5.0,0.0,0.0,0.0,0.0,0.0
2025/11/24,23:28:41,0,55.0,215.0,268.0,249.0,26.0,202.0,7.0,1.0,0.0,0.0,0.0,0.0
2025/11/24,23:28:46,0,56.0,191.0,263.0,248.0,37.0,201.0,9.0,3.0,0.0,0.0,0.0,-0.0008
2025/11/24,23:28:51,0,53.0,195.0,266.0,248.0,26.0,202.0,6.0,0.0,0.0,0.0,0.0,0.0
2025/11/24,23:28:56,0,53.0,193.0,263.0,249.0,40.0,202.0,10.0,3.0,0.0,0.0,0.0,-0.0008
2025/11/24,23:29:01,0,55.0,189.0,263.0,249.0,37.0,202.0,8.0,3.0,0.0,0.0,0.0,0.0
2025/11/24,23:29:06,0,57.0,198.0,263.0,249.0,25.0,202.0,6.0,1.0,0.0,0.0,0.0,0.0
2025/11/24,23:29:11,0,56.0,210.0,267.0,249.0,26.0,201.0,7.0,1.0,0.0,0.0,0.0,0.0
2025/11/24,23:29:16,0,56.0,208.0,267.0,248.0,29.0,201.0,8.0,2.0,0.0,0.0,0.0,0.0
2025/11/24,23:29:21,0,56.0,195.0,265.0,248.0,37.0,203.0,9.0,3.0,0.0,0.0,0.0,0.0
2025/11/24,23:29:26,0,55.0,188.0,264.0,249.0,39.0,202.0,10.0,4.0,0.0,0.0,0.0,0.0
2025/11/24,23:29:31,0,55.0,188.0,264.0,248.0,41.0,201.0,9.0,4.0,0.0,0.0,0.0,0.0
2025/11/24,23:29:36,0,53.0,193.0,265.0,249.0,42.0,202.0,10.0,3.0,0.0,0.0,0.0,0.0
2025/11/24,23:29:41,0,56.0,202.0,266.0,248.0,34.0,200.0,9.0,3.0,0.0,0.0,0.0,0.0
2025/11/24,23:29:46,0,53.0,210.0,265.0,249.0,30.0,202.0,8.0,1.0,0.0,0.0,0.0,0.0
2025/11/24,23:29:51,0,54.0,210.0,267.0,249.0,26.0,202.0,7.0,1.0,0.0,0.0,0.0,0.0
2025/11/24,23:29:56,0,53.0,202.0,266.0,248.0,33.0,201.0,8.0,2.0,0.0,0.0,0.0,0.0
2025/11/24,23:30:01,0,53.0,188.0,264.0,248.0,37.0,203.0,9.0,3.0,0.0,0.0,0.0,0.0
2025/11/24,23:30:06,0,56.0,195.0,264.0,249.0,35.0,201.0,8.0,3.0,0.0,0.0,0.0,0.0
2025/11/24,23:30:11,0,52.0,198.0,267.0,249.0,25.0,202.0,5.0,0.0,0.0,0.0,0.0,0.0
2025/11/24,23:30:16,0,53.0,214.0,267.0,248.0,27.0,201.0,7.0,2.0,0.0,0.0,0.0,0.0
2025/11/24,23:30:21,0,55.0,186.0,263.0,247.0,43.0,201.0,10.0,4.0,0.0,0.0,0.0,0.0
2025/11/24,23:30:26,0,51.0,194.0,264.0,249.0,37.0,202.0,8.0,2.0,0.0,0.0,0.0,0.0
2025/11/24,23:30:31,0,50.0,198.0,264.0,249.0,34.0,200.0,8.0,2.0,0.0,0.0,0.0,0.0
2025/11/24,23:30:36,0,52.0,197.0,263.0,249.0,34.0,202.0,8.0,3.0,0.0,0.0,0.0,0.0
2025/11/24,23:30:41,0,54.0,193.0,263.0,248.0,35.0,201.0,7.0,2.0,0.0,0.0,0.0,0.0
2025/11/24,23:30:46,0,54.0,192.0,265.0,249.0,31.0,201.0,7.0,2.0,0.0,0.0,0.0,-0.0008
2025/11/24,23:30:51,0,55.0,195.0,266.0,247.0,31.0,201.0,6.0,2.0,0.0,0.0,0.0,0.0
2025/11/24,23:30:56,0,52.0,194.0,264.0,247.0,34.0,202.0,9.0,3.0,0.0,0.0,0.0,0.0
2025/11/24,23:31:01,0,53.0,196.0,263.0,249.0,34.0,201.0,8.0,2.0,0.0,0.0,0.0,0.0
2025/11/24,23:31:06,0,49.0,194.0,264.0,249.0,38.0,202.0,10.0,3.0,0.0,0.0,0.0,0.0
2025/11/24,23:31:11,0,52.0,213.0,267.0,248.0,27.0,200.0,7.0,1.0,0.0,0.0,0.0,0.0
2025/11/24,23:31:16,0,55.0,197.0,264.0,248.0,32.0,201.0,7.0,2.0,0.0,0.0,0.0,0.0
2025/11/24,23:31:21,0,53.0,189.0,263.0,249.0,37.0,201.0,8.0,3.0,0.0,0.0,0.0,0.0
2025/11/24,23:31:26,0,52.0,214.0,264.0,249.0,26.0,201.0,8.0,1.0,0.0,0.0,0.0,0.0
2025/11/24,23:31:31,0,55.0,197.0,267.0,249.0,21.0,202.0,6.0,0.0,0.0,0.0,0.0,0.0
2025/11/24,23:31:36,0,54.0,198.0,264.0,248.0,36.0,201.0,8.0,2.0,0.0,0.0,0.0,0.0
2025/11/24,23:31:41,0,53.0,204.0,266.0,249.0,33.0,201.0,9.0,2.0,0.0,0.0,0.0,-0.0008
2025/11/24,23:31:46,0,54.0,206.0,266.0,249.0,26.0,201.0,7.0,1.0,0.0,0.0,0.0,0.0
2025/11/24,23:31:51,0,52.0,195.0,264.0,249.0,35.0,200.0,8.0,3.0,0.0,0.0,0.0,0.0
2025/11/24,23:31:56,0,57.0,204.0,266.0,249.0,32.0,202.0,8.0,2.0,0.0,0.0,0.0,0.0
2025/11/24,23:32:01,0,53.0,196.0,264.0,249.0,29.0,201.0,6.0,1.0,0.0,0.0,0.0,0.0
2025/11/24,23:32:06,0,55.0,204.0,266.0,249.0,32.0,202.0,8.0,2.0,0.0,0.0,0.0,0.0
2025/11/24,23:32:11,0,53.0,192.0,263.0,249.0,32.0,200.0,8.0,2.0,0.0,0.0,0.0,0.0
2025/11/24,23:32:16,0,54.0,212.0,268.0,249.0,27.0,202.0,8.0,1.0,0.0,0.0,0.0,0.0
2025/11/24,23:32:21,0,55.0,195.0,263.0,247.0,34.0,201.0,7.0,2.0,0.0,0.0,0.0,0.0
2025/11/24,23:32:26,0,55.0,204.0,266.0,248.0,31.0,203.0,9.0,2.0,0.0,0.0,0.0,0.0
2025/11/24,23:32:31,0,51.0,197.0,263.0,249.0,25.0,202.0,5.0,1.0,0.0,0.0,0.0,0.0
2025/11/24,23:32:36,0,54.0,195.0,265.0,249.0,39.0,202.0,10.0,3.0,0.0,0.0,0.0,0.0
2025/11/24,23:32:41,0,56.0,193.0,265.0,248.0,26.0,203.0,6.0,1.0,0.0,0.0,0.0,0.0
2025/11/24,23:32:46,0,56.0,203.0,264.0,248.0,34.0,201.0,9.0,3.0,0.0,0.0,0.0,0.0
2025/11/24,23:32:51,0,55.0,195.0,261.0,249.0,31.0,203.0,8.0,2.0,0.0,0.0,0.0,0.0
2025/11/24,23:32:56,0,52.0,215.0,264.0,249.0,28.0,202.0,8.0,1.0,0.0,0.0,0.0,0.0
2025/11/24,23:33:01,0,53.0,192.0,262.0,248.0,37.0,200.0,8.0,3.0,0.0,0.0,0.0,0.0
2025/11/24,23:33:06,0,54.0,202.0,267.0,247.0,25.0,201.0,6.0,1.0,0.0,0.0,0.0,0.0
2025/11/24,23:33:11,0,53.0,190.0,264.0,248.0,41.0,202.0,10.0,4.0,0.0,0.0,0.0,0.0
2025/11/24,23:33:16,0,55.0,194.0,263.0,248.0,32.0,201.0,7.0,2.0,0.0,0.0,0.0,0.0
2025/11/24,23:33:21,0,54.0,211.0,266.0,249.0,28.0,202.0,8.0,1.0,0.0,0.0,0.0,0.0
2025/11/24,23:33:26,0,57.0,189.0,261.0,249.0,41.0,201.0,9.0,4.0,0.0,0.0,0.0,0.0
2025/11/24,23:33:31,0,58.0,195.0,263.0,248.0,35.0,201.0,8.0,2.0,0.0,0.0,0.0,0.0
2025/11/24,23:33:36,0,55.0,198.0,266.0,247.0,21.0,201.0,6.0,0.0,0.0,0.0,0.0,0.0
2025/11/24,23:33:41,0,55.0,211.0,267.0,247.0,26.0,201.0,8.0,1.0,0.0,0.0,0.0,0.0
2025/11/24,23:33:46,0,50.0,207.0,266.0,249.0,32.0,201.0,7.0,2.0,0.0,0.0,0.0,0.0
2025/11/24,23:33:51,0,54.0,186.0,263.0,250.0,37.0,200.0,9.0,3.0,0.0,0.0,0.0,0.0
2025/11/24,23:33:56,0,55.0,197.0,262.0,249.0,35.0,202.0,8.0,2.0,0.0,0.0,0.0,0.0
2025/11/24,23:34:01,0,54.0,197.0,265.0,249.0,25.0,200.0,6.0,1.0,0.0,0.0,0.0,0.0
2025/11/24,23:34:06,0,55.0,211.0,266.0,249.0,27.0,202.0,8.0,1.0,0.0,0.0,0.0,-0.0008
2025/11/24,23:34:11,0,56.0,205.0,266.0,248.0,33.0,201.0,9.0,1.0,0.0,0.0,0.0,0.0
2025/11/24,23:34:16,0,54.0,184.0,263.0,249.0,39.0,202.0,9.0,4.0,0.0,0.0,0.0,0.0
2025/11/24,23:34:21,0,54.0,190.0,263.0,248.0,36.0,201.0,8.0,2.0,0.0,0.0,0.0,0.0
2025/11/24,23:34:26,0,54.0,192.0,263.0,248.0,33.0,201.0,8.0,3.0,0.0,0.0,0.0,0.0
2025/11/24,23:34:31,0,58.0,198.0,265.0,248.0,24.0,202.0,6.0,1.0,0.0,0.0,0.0,0.0
2025/11/24,23:34:36,0,57.0,207.0,267.0,248.0,27.0,200.0,8.0,1.0,0.0,0.0,0.0,0.0
2025/11/24,23:34:41,0,57.0,211.0,267.0,247.0,28.0,201.0,7.0,1.0,0.0,0.0,0.0,0.0
2025/11/24,23:34:46,0,57.0,193.0,264.0,248.0,38.0,201.0,10.0,3.0,0.0,0.0,0.0,0.0
2025/11/24,23:34:51,0,57.0,189.0,263.0,249.0,38.0,203.0,9.0,3.0,0.0,0.0,0.0,0.0
2025/11/24,23:34:56,0,55.0,198.0,263.0,248.0,35.0,201.0,8.0,3.0,0.0,0.0,0.0,0.0
2025/11/24,23:35:01,0,55.0,199.0,265.0,248.0,23.0,203.0,5.0,0.0,0.0,0.0,0.0,0.0
2025/11/24,23:35:06,0,56.0,203.0,267.0,248.0,25.0,201.0,7.0,1.0,0.0,0.0,0.0,0.0
2025/11/24,23:35:11,0,56.0,213.0,267.0,249.0,27.0,200.0,7.0,1.0,0.0,0.0,0.0,0.0
2025/11/24,23:35:16,0,56.0,209.0,265.0,249.0,29.0,202.0,7.0,1.0,0.0,0.0,0.0,0.0
2025/11/24,23:35:21,0,55.0,188.0,264.0,249.0,40.0,202.0,10.0,3.0,0.0,0.0,0.0,0.0
2025/11/24,23:35:26,0,56.0,198.0,264.0,249.0,36.0,202.0,8.0,2.0,0.0,0.0,0.0,0.0
2025/11/24,23:35:31,0,51.0,197.0,265.0,250.0,30.0,201.0,6.0,2.0,0.0,0.0,0.0,0.0
2025/11/24,23:35:36,0,55.0,199.0,267.0,248.0,22.0,202.0,5.0,0.0,0.0,0.0,0.0,0.0
2025/11/24,23:35:41,0,56.0,213.0,264.0,249.0,27.0,202.0,7.0,1.0,0.0,0.0,0.0,-0.0008
2025/11/24,23:35:46,0,55.0,214.0,265.0,249.0,28.0,202.0,8.0,1.0,0.0,0.0,0.0,0.0
2025/11/24,23:35:51,0,56.0,188.0,263.0,249.0,39.0,200.0,10.0,4.0,0.0,0.0,0.0,0.0
2025/11/24,23:35:56,0,56.0,195.0,264.0,249.0,35.0,200.0,8.0,2.0,0.0,0.0,0.0,-0.0008
2025/11/24,23:36:29,0,54.0,188.0,264.0,249.0,37.0,200.0,11.0,3.0,0.0,0.0,0.0,0.0
2025/11/24,23:36:31,0,56.0,196.0,264.0,249.0,31.0,202.0,7.0,3.0,0.0,0.0,0.0,0.0
2025/11/24,23:36:36,0,54.0,195.0,266.0,250.0,29.0,200.0,6.0,2.0,0.0,0.0,0.0,0.0
2025/11/24,23:36:41,0,54.0,197.0,267.0,248.0,20.0,201.0,5.0,0.0,0.0,0.0,0.0,0.0
2025/11/24,23:36:46,0,56.0,209.0,267.0,249.0,26.0,201.0,8.0,1.0,0.0,0.0,0.0,0.0
2025/11/24,23:36:51,0,58.0,216.0,267.0,249.0,24.0,201.0,8.0,1.0,0.0,0.0,0.0,0.0
2025/11/24,23:36:56,0,54.0,202.0,266.0,248.0,33.0,201.0,9.0,3.0,0.0,0.0,0.0,0.0
2025/11/24,23:37:01,0,55.0,185.0,264.0,249.0,37.0,202.0,9.0,3.0,0.0,0.0,0.0,0.0
2025/11/24,23:37:06,0,56.0,199.0,264.0,248.0,35.0,201.0,7.0,2.0,0.0,0.0,0.0,-0.0008
2025/11/24,23:37:11,0,56.0,194.0,266.0,247.0,29.0,202.0,6.0,1.0,0.0,0.0,0.0,0.0
2025/11/24,23:37:16,0,55.0,205.0,268.0,247.0,24.0,201.0,6.0,1.0,0.0,0.0,0.0,-0.0008
2025/11/24,23:37:21,0,54.0,219.0,268.0,248.0,26.0,202.0,8.0,1.0,0.0,0.0,0.0,0.0
2025/11/24,23:37:26,0,51.0,205.0,266.0,247.0,30.0,200.0,8.0,2.0,0.0,0.0,0.0,0.0
2025/11/24,23:37:31,0,55.0,192.0,265.0,249.0,39.0,202.0,9.0,3.0,0.0,0.0,0.0,0.0
2025/11/24,23:37:36,0,55.0,191.0,263.0,248.0,34.0,202.0,9.0,2.0,0.0,0.0,0.0,0.0
2025/11/24,23:37:41,0,55.0,197.0,266.0,249.0,27.0,201.0,6.0,2.0,0.0,0.0,0.0,0.0
2025/11/24,23:37:46,0,55.0,198.0,267.0,249.0,25.0,203.0,6.0,0.0,0.0,0.0,0.0,0.0
2025/11/24,23:37:51,0,55.0,210.0,268.0,249.0,26.0,201.0,8.0,1.0,0.0,0.0,0.0,0.0
2025/11/24,23:37:56,0,53.0,210.0,268.0,248.0,25.0,201.0,8.0,1.0,0.0,0.0,0.0,0.0
2025/11/24,23:38:01,0,54.0,208.0,267.0,248.0,29.0,203.0,8.0,1.0,0.0,0.0,0.0,0.0
2025/11/24,23:38:06,0,52.0,207.0,265.0,249.0,31.0,202.0,8.0,1.0,0.0,0.0,0.0,0.0
2025/11/24,23:38:11,0,55.0,205.0,267.0,248.0,30.0,201.0,8.0,2.0,0.0,0.0,0.0,-0.0008
2025/11/24,23:38:16,0,55.0,199.0,263.0,249.0,36.0,201.0,9.0,3.0,0.0,0.0,0.0,0.0
2025/11/24,23:38:21,0,54.0,190.0,264.0,249.0,42.0,202.0,10.0,4.0,0.0,0.0,0.0,0.0
2025/11/24,23:38:26,0,55.0,191.0,264.0,248.0,36.0,203.0,8.0,3.0,0.0,0.0,0.0,0.0
2025/11/24,23:38:31,0,54.0,193.0,265.0,249.0,35.0,201.0,7.0,3.0,0.0,0.0,0.0,0.0
2025/11/24,23:38:36,0,57.0,196.0,265.0,249.0,26.0,202.0,7.0,1.0,0.0,0.0,0.0,0.0
2025/11/24,23:38:41,0,54.0,199.0,266.0,249.0,23.0,202.0,6.0,1.0,0.0,0.0,0.0,0.0
2025/11/24,23:38:46,0,55.0,209.0,268.0,248.0,25.0,200.0,8.0,1.0,0.0,0.0,0.0,0.0
2025/11/24,23:38:51,0,56.0,217.0,268.0,249.0,24.0,200.0,7.0,1.0,0.0,0.0,0.0,0.0
2025/11/24,23:38:56,0,57.0,209.0,268.0,248.0,29.0,202.0,8.0,1.0,0.0,0.0,0.0,0.0
2025/11/24,23:39:01,0,54.0,204.0,264.0,249.0,31.0,201.0,7.0,2.0,0.0,0.0,0.0,0.0
2025/11/24,23:39:06,0,56.0,199.0,266.0,249.0,36.0,202.0,10.0,3.0,0.0,0.0,0.0,0.0
2025/11/24,23:39:11,0,54.0,187.0,263.0,249.0,41.0,202.0,9.0,3.0,0.0,0.0,0.0,0.0
2025/11/24,23:39:16,0,55.0,190.0,266.0,249.0,39.0,201.0,8.0,3.0,0.0,0.0,0.0,0.0
2025/11/24,23:39:21,0,52.0,196.0,265.0,248.0,35.0,202.0,8.0,3.0,0.0,0.0,0.0,0.0
2025/11/24,23:39:26,0,50.0,196.0,264.0,249.0,26.0,201.0,5.0,1.0,0.0,0.0,0.0,0.0
2025/11/24,23:39:31,0,54.0,208.0,267.0,247.0,26.0,201.0,7.0,1.0,0.0,0.0,0.0,0.0
2025/11/24,23:39:36,0,54.0,213.0,268.0,249.0,24.0,203.0,7.0,1.0,0.0,0.0,0.0,0.0
2025/11/24,23:39:41,0,55.0,193.0,264.0,249.0,40.0,202.0,10.0,4.0,0.0,0.0,0.0,0.0
2025/11/24,23:39:46,0,54.0,194.0,263.0,249.0,38.0,202.0,8.0,3.0,0.0,0.0,0.0,0.0
2025/11/24,23:39:51,0,52.0,195.0,266.0,250.0,30.0,200.0,7.0,2.0,0.0,0.0,0.0,0.0
2025/11/24,23:39:56,0,53.0,202.0,267.0,249.0,24.0,203.0,7.0,1.0,0.0,0.0,0.0,0.0
2025/11/24,23:40:01,0,55.0,219.0,268.0,251.0,26.0,200.0,7.0,1.0,0.0,0.0,0.0,0.0
2025/11/24,23:40:06,0,55.0,214.0,268.0,249.0,26.0,200.0,7.0,1.0,0.0,0.0,0.0,0.0
2025/11/24,23:40:11,0,52.0,215.0,267.0,249.0,28.0,202.0,7.0,1.0,0.0,0.0,0.0,0.0
2025/11/24,23:40:16,0,55.0,210.0,266.0,249.0,28.0,201.0,8.0,1.0,0.0,0.0,0.0,0.0
2025/11/24,23:40:21,0,51.0,201.0,267.0,249.0,34.0,202.0,9.0,3.0,0.0,0.0,0.0,0.0
2025/11/24,23:40:26,0,53.0,185.0,263.0,248.0,38.0,201.0,8.0,3.0,0.0,0.0,0.0,0.0
2025/11/24,23:40:31,0,53.0,198.0,265.0,249.0,36.0,200.0,8.0,2.0,0.0,0.0,0.0,0.0
2025/11/24,23:40:36,0,55.0,194.0,265.0,249.0,29.0,202.0,7.0,2.0,0.0,0.0,0.0,0.0
2025/11/24,23:40:41,0,53.0,199.0,266.0,248.0,23.0,200.0,7.0,0.0,0.0,0.0,0.0,0.0
2025/11/24,23:40:46,0,53.0,205.0,267.0,248.0,26.0,200.0,7.0,1.0,0.0,0.0,0.0,0.0
2025/11/24,23:40:51,0,53.0,210.0,268.0,246.0,27.0,201.0,8.0,1.0,0.0,0.0,0.0,0.0
2025/11/24,23:40:56,0,53.0,219.0,268.0,249.0,30.0,202.0,9.0,1.0,0.0,0.0,0.0,0.0
2025/11/24,23:41:01,0,54.0,207.0,267.0,249.0,29.0,202.0,8.0,2.0,0.0,0.0,0.0,0.0
2025/11/24,23:41:06,0,55.0,192.0,265.0,249.0,38.0,200.0,10.0,3.0,0.0,0.0,0.0,0.0
2025/11/24,23:41:11,0,54.0,190.0,261.0,249.0,36.0,201.0,8.0,3.0,0.0,0.0,0.0,0.0
2025/11/24,23:41:16,0,55.0,197.0,264.0,248.0,36.0,201.0,7.0,2.0,0.0,0.0,0.0,-0.0008
2025/11/24,23:41:21,0,54.0,197.0,266.0,250.0,27.0,201.0,6.0,1.0,0.0,0.0,0.0,0.0
2025/11/24,23:41:26,0,54.0,204.0,268.0,247.0,24.0,201.0,6.0,1.0,0.0,0.0,0.0,0.0
2025/11/24,23:41:31,0,53.0,218.0,267.0,249.0,26.0,201.0,7.0,1.0,0.0,0.0,0.0,0.0
2025/11/24,23:41:36,0,52.0,211.0,267.0,249.0,30.0,202.0,8.0,1.0,0.0,0.0,0.0,0.0
2025/11/24,23:41:41,0,50.0,203.0,266.0,248.0,34.0,201.0,9.0,2.0,0.0,0.0,0.0,0.0
2025/11/24,23:41:46,0,54.0,184.0,263.0,249.0,41.0,202.0,9.0,3.0,0.0,0.0,0.0,0.0
2025/11/24,23:41:51,0,54.0,190.0,264.0,249.0,38.0,200.0,8.0,3.0,0.0,0.0,0.0,0.0
2025/11/24,23:41:56,0,54.0,193.0,264.0,249.0,36.0,202.0,9.0,2.0,0.0,0.0,0.0,0.0
2025/11/24,23:42:01,0,55.0,197.0,265.0,249.0,35.0,201.0,8.0,2.0,0.0,0.0,0.0,0.0
2025/11/24,23:42:06,0,54.0,191.0,265.0,249.0,36.0,201.0,7.0,2.0,0.0,0.0,0.0,0.0
2025/11/24,23:42:11,0,52.0,195.0,264.0,249.0,32.0,201.0,7.0,2.0,0.0,0.0,0.0,0.0
2025/11/24,23:42:16,0,58.0,197.0,264.0,249.0,27.0,202.0,6.0,1.0,0.0,0.0,0.0,0.0
2025/11/24,23:42:21,0,55.0,198.0,267.0,249.0,25.0,202.0,7.0,0.0,0.0,0.0,0.0,0.0
2025/11/24,23:42:26,0,54.0,208.0,268.0,247.0,26.0,202.0,8.0,1.0,0.0,0.0,0.0,0.0
2025/11/24,23:42:31,0,56.0,220.0,268.0,248.0,27.0,201.0,8.0,1.0,0.0,0.0,0.0,0.0
2025/11/24,23:42:36,0,54.0,207.0,268.0,248.0,33.0,201.0,8.0,2.0,0.0,0.0,0.0,0.0
2025/11/24,23:42:41,0,55.0,193.0,265.0,249.0,39.0,201.0,9.0,3.0,0.0,0.0,0.0,0.0
2025/11/24,23:42:46,0,54.0,186.0,264.0,249.0,38.0,201.0,9.0,3.0,0.0,0.0,0.0,0.0
2025/11/24,23:42:51,0,54.0,199.0,263.0,249.0,36.0,202.0,8.0,3.0,0.0,0.0,0.0,0.0
2025/11/24,23:42:56,0,50.0,195.0,266.0,249.0,29.0,202.0,8.0,2.0,0.0,0.0,0.0,0.0
2025/11/24,23:43:01,0,55.0,196.0,266.0,249.0,23.0,202.0,5.0,0.0,0.0,0.0,0.0,0.0
2025/11/24,23:43:06,0,54.0,208.0,269.0,249.0,25.0,200.0,8.0,1.0,0.0,0.0,0.0,0.0
2025/11/24,23:43:11,0,54.0,213.0,267.0,248.0,26.0,202.0,8.0,1.0,0.0,0.0,0.0,0.0
2025/11/24,23:43:16,0,52.0,191.0,265.0,247.0,41.0,200.0,10.0,4.0,0.0,0.0,0.0,0.0
2025/11/24,23:43:21,0,54.0,195.0,264.0,249.0,35.0,202.0,8.0,3.0,0.0,0.0,0.0,0.0
2025/11/24,23:43:26,0,53.0,193.0,265.0,248.0,33.0,200.0,9.0,2.0,0.0,0.0,0.0,0.0
2025/11/24,23:43:31,0,54.0,194.0,266.0,248.0,31.0,202.0,8.0,1.0,0.0,0.0,0.0,0.0
2025/11/24,23:43:36,0,53.0,198.0,267.0,249.0,28.0,200.0,7.0,1.0,0.0,0.0,0.0,0.0
2025/11/24,23:43:41,0,56.0,196.0,267.0,249.0,21.0,202.0,6.0,1.0,0.0,0.0,0.0,0.0
2025/11/24,23:43:46,0,55.0,198.0,267.0,247.0,22.0,201.0,6.0,0.0,0.0,0.0,0.0,0.0
2025/11/24,23:43:51,0,54.0,201.0,268.0,248.0,25.0,201.0,7.0,1.0,0.0,0.0,0.0,0.0
2025/11/24,23:43:56,0,55.0,215.0,266.0,249.0,27.0,202.0,8.0,1.0,0.0,0.0,0.0,0.0
2025/11/24,23:44:01,0,57.0,205.0,268.0,249.0,33.0,201.0,7.0,2.0,0.0,0.0,0.0,0.0
2025/11/24,23:44:06,0,54.0,188.0,264.0,249.0,39.0,201.0,8.0,3.0,0.0,0.0,0.0,0.0
2025/11/24,23:44:11,0,54.0,197.0,265.0,249.0,37.0,202.0,9.0,3.0,0.0,0.0,0.0,0.0
2025/11/24,23:44:16,0,55.0,197.0,266.0,248.0,28.0,203.0,7.0,1.0,0.0,0.0,0.0,0.0
2025/11/24,23:44:21,0,54.0,208.0,268.0,248.0,26.0,201.0,7.0,1.0,0.0,0.0,0.0,0.0
2025/11/24,23:44:26,0,59.0,214.0,267.0,247.0,26.0,202.0,7.0,1.0,0.0,0.0,0.0,0.0
2025/11/24,23:44:31,0,56.0,200.0,266.0,247.0,37.0,201.0,9.0,3.0,0.0,0.0,0.0,0.0
2025/11/24,23:44:36,0,54.0,187.0,263.0,249.0,38.0,201.0,8.0,3.0,0.0,0.0,0.0,0.0
2025/11/24,23:44:41,0,55.0,193.0,264.0,248.0,36.0,200.0,8.0,3.0,0.0,0.0,0.0,0.0
2025/11/24,23:44:46,0,56.0,195.0,265.0,249.0,35.0,201.0,8.0,3.0,0.0,0.0,0.0,0.0
2025/11/24,23:44:51,0,53.0,197.0,265.0,249.0,27.0,199.0,7.0,1.0,0.0,0.0,0.0,0.0
2025/11/24,23:44:56,0,55.0,208.0,267.0,249.0,25.0,200.0,7.0,1.0,0.0,0.0,0.0,0.0
2025/11/24,23:45:01,0,55.0,208.0,268.0,247.0,28.0,201.0,8.0,1.0,0.0,0.0,0.0,0.0
2025/11/24,23:45:06,0,52.0,192.0,266.0,248.0,40.0,202.0,10.0,3.0,0.0,0.0,0.0,0.0
2025/11/24,23:45:11,0,53.0,186.0,266.0,247.0,39.0,201.0,9.0,3.0,0.0,0.0,0.0,0.0
2025/11/24,23:45:16,0,54.0,190.0,264.0,248.0,38.0,200.0,8.0,3.0,0.0,0.0,0.0,0.0
2025/11/24,23:45:21,0,54.0,189.0,265.0,249.0,39.0,202.0,10.0,3.0,0.0,0.0,0.0,0.0
2025/11/24,23:45:26,0,54.0,190.0,263.0,249.0,40.0,201.0,8.0,3.0,0.0,0.0,0.0,0.0
2025/11/24,23:45:31,0,53.0,193.0,265.0,248.0,35.0,202.0,8.0,2.0,0.0,0.0,0.0,-0.0008
2025/11/24,23:45:36,0,53.0,198.0,264.0,248.0,36.0,200.0,8.0,3.0,0.0,0.0,0.0,0.0
2025/11/24,23:45:41,0,52.0,191.0,265.0,249.0,35.0,201.0,8.0,3.0,0.0,0.0,0.0,0.0
2025/11/24,23:45:46,0,54.0,193.0,264.0,248.0,36.0,202.0,9.0,2.0,0.0,0.0,0.0,0.0
2025/11/24,23:45:51,0,53.0,193.0,264.0,248.0,36.0,200.0,8.0,3.0,0.0,0.0,0.0,0.0
2025/11/24,23:45:56,0,57.0,199.0,266.0,249.0,36.0,201.0,7.0,3.0,0.0,0.0,0.0,0.0
2025/11/24,23:46:01,0,53.0,198.0,265.0,248.0,35.0,202.0,8.0,2.0,0.0,0.0,0.0,0.0
2025/11/24,23:47:06,0,54.0,196.0,265.0,249.0,30.0,202.0,9.0,3.0,0.0,0.0,0.0,0.0
2025/11/24,23:47:10,0,53.0,195.0,265.0,248.0,32.0,201.0,8.0,2.0,0.0,0.0,0.0,0.0
2025/11/24,23:47:15,0,52.0,193.0,263.0,249.0,33.0,203.0,8.0,2.0,0.0,0.0,0.0,0.0
2025/11/24,23:47:20,0,56.0,194.0,265.0,248.0,30.0,202.0,8.0,2.0,0.0,0.0,0.0,0.0
2025/11/24,23:47:25,0,55.0,193.0,265.0,248.0,33.0,200.0,8.0,2.0,0.0,0.0,0.0,-0.0008
2025/11/24,23:47:30,0,56.0,192.0,266.0,249.0,34.0,201.0,9.0,3.0,-0.0008,0.0,0.0,-0.0008
2025/11/24,23:47:35,0,54.0,200.0,266.0,251.0,34.0,201.0,8.0,2.0,0.0,0.0,0.0,0.0
2025/11/24,23:47:40,0,54.0,195.0,262.0,248.0,36.0,202.0,9.0,2.0,0.0,0.0,0.0,0.0
2025/11/24,23:47:45,0,54.0,191.0,265.0,249.0,38.0,202.0,8.0,3.0,0.0,0.0,0.0,0.0
2025/11/24,23:47:50,0,54.0,185.0,266.0,248.0,39.0,201.0,8.0,3.0,0.0,0.0,0.0,0.0
2025/11/24,23:47:55,0,52.0,194.0,267.0,247.0,37.0,200.0,9.0,3.0,0.0,0.0,0.0,0.0
2025/11/24,23:48:00,0,54.0,206.0,268.0,249.0,27.0,201.0,8.0,2.0,0.0,0.0,0.0,-0.0008
2025/11/24,23:48:05,0,54.0,214.0,267.0,249.0,27.0,201.0,7.0,1.0,0.0,0.0,0.0,0.0
2025/11/24,23:48:10,0,54.0,215.0,268.0,248.0,27.0,200.0,8.0,1.0,0.0,0.0,0.0,0.0
2025/11/24,23:48:15,0,53.0,213.0,269.0,248.0,28.0,202.0,7.0,1.0,0.0,0.0,0.0,0.0
2025/11/24,23:48:20,0,55.0,214.0,268.0,248.0,24.0,201.0,7.0,1.0,0.0,0.0,0.0,0.0
2025/11/24,23:48:25,0,56.0,211.0,268.0,247.0,28.0,201.0,7.0,2.0,0.0,0.0,0.0,0.0
2025/11/24,23:48:30,0,51.0,207.0,267.0,249.0,32.0,200.0,9.0,2.0,0.0,0.0,0.0,0.0
2025/11/24,23:48:35,0,56.0,195.0,266.0,249.0,40.0,201.0,11.0,3.0,0.0,0.0,0.0,0.0
2025/11/24,23:48:40,0,55.0,189.0,266.0,248.0,38.0,201.0,9.0,3.0,0.0,0.0,0.0,0.0
2025/11/24,23:48:45,0,54.0,193.0,266.0,247.0,38.0,202.0,9.0,3.0,0.0,0.0,0.0,0.0
2025/11/24,23:48:50,0,55.0,196.0,266.0,248.0,35.0,201.0,8.0,2.0,0.0,0.0,0.0,-0.0008
2025/11/24,23:48:55,0,55.0,195.0,266.0,247.0,35.0,201.0,8.0,2.0,0.0,0.0,0.0,0.0
2025/11/24,23:49:00,0,54.0,194.0,265.0,249.0,37.0,202.0,9.0,2.0,0.0,0.0,0.0,0.0
2025/11/24,23:49:05,0,52.0,198.0,267.0,248.0,24.0,202.0,6.0,1.0,0.0,0.0,0.0,-0.0008
2025/11/24,23:49:10,0,54.0,193.0,266.0,248.0,36.0,202.0,8.0,3.0,0.0,0.0,0.0,0.0
2025/11/24,23:49:15,0,53.0,193.0,265.0,249.0,38.0,202.0,9.0,2.0,0.0,0.0,0.0,0.0
2025/11/24,23:49:20,0,55.0,196.0,266.0,247.0,37.0,201.0,8.0,3.0,0.0,0.0,0.0,0.0
2025/11/24,23:49:25,0,54.0,195.0,266.0,248.0,37.0,201.0,8.0,3.0,0.0,0.0,0.0,0.0
2025/11/24,23:49:30,0,54.0,190.0,265.0,247.0,38.0,200.0,8.0,3.0,0.0,0.0,0.0,0.0
2025/11/24,23:49:35,0,54.0,187.0,264.0,249.0,42.0,201.0,10.0,4.0,0.0,0.0,0.0,0.0
2025/11/24,23:49:40,0,54.0,184.0,266.0,248.0,41.0,201.0,9.0,3.0,0.0,0.0,0.0,0.0
2025/11/24,23:49:45,0,53.0,185.0,265.0,248.0,40.0,202.0,10.0,3.0,0.0,0.0,0.0,0.0
2025/11/24,23:49:50,0,53.0,186.0,264.0,249.0,44.0,201.0,10.0,4.0,0.0,0.0,0.0,0.0
2025/11/24,23:49:55,0,56.0,196.0,264.0,248.0,39.0,201.0,9.0,3.0,0.0,0.0,0.0,0.0
2025/11/24,23:50:00,0,52.0,202.0,265.0,248.0,35.0,202.0,9.0,3.0,0.0,0.0,0.0,0.0
2025/11/24,23:50:05,0,52.0,201.0,267.0,249.0,33.0,202.0,10.0,2.0,0.0,0.0,0.0,0.0
2025/11/24,23:50:10,0,55.0,208.0,269.0,249.0,27.0,200.0,7.0,1.0,0.0,0.0,0.0,0.0
2025/11/24,23:50:15,0,52.0,218.0,269.0,248.0,26.0,202.0,8.0,1.0,0.0,0.0,0.0,0.0
2025/11/24,23:50:20,0,51.0,209.0,268.0,249.0,27.0,202.0,7.0,1.0,0.0,0.0,0.0,0.0
2025/11/24,23:50:25,0,52.0,205.0,269.0,248.0,25.0,201.0,7.0,1.0,0.0,0.0,0.0,0.0
2025/11/24,23:50:30,0,53.0,201.0,268.0,248.0,25.0,201.0,7.0,0.0,0.0,0.0,0.0,0.0
2025/11/24,23:50:35,0,52.0,196.0,268.0,248.0,22.0,201.0,5.0,0.0,0.0,0.0,0.0,0.0
2025/11/24,23:50:40,0,53.0,196.0,267.0,248.0,25.0,200.0,6.0,0.0,0.0,0.0,0.0,0.0
2025/11/24,23:50:45,0,53.0,197.0,266.0,248.0,30.0,201.0,7.0,1.0,0.0,0.0,0.0,-0.0008
2025/11/24,23:50:50,0,58.0,195.0,267.0,249.0,31.0,200.0,7.0,1.0,0.0,0.0,0.0,0.0
2025/11/24,23:50:55,0,55.0,196.0,268.0,249.0,33.0,201.0,8.0,2.0,0.0,0.0,0.0,0.0
2025/11/24,23:51:00,0,57.0,194.0,266.0,249.0,34.0,202.0,8.0,2.0,0.0,0.0,0.0,0.0
2025/11/24,23:51:05,0,58.0,194.0,267.0,249.0,33.0,201.0,7.0,2.0,0.0,0.0,0.0,0.0
2025/11/24,23:51:10,0,54.0,196.0,267.0,248.0,31.0,201.0,7.0,2.0,0.0,0.0,0.0,0.0
2025/11/24,23:51:15,0,56.0,196.0,267.0,249.0,25.0,202.0,6.0,1.0,0.0,0.0,0.0,0.0
2025/11/24,23:51:20,0,56.0,200.0,269.0,249.0,22.0,201.0,6.0,1.0,0.0,0.0,0.0,0.0
2025/11/24,23:51:25,0,54.0,216.0,269.0,248.0,26.0,202.0,8.0,1.0,0.0,0.0,0.0,0.0
2025/11/24,23:51:30,0,56.0,209.0,268.0,249.0,27.0,202.0,9.0,1.0,0.0,0.0,0.0,0.0
2025/11/24,23:51:35,0,55.0,192.0,266.0,249.0,41.0,201.0,10.0,3.0,0.0,0.0,0.0,0.0
2025/11/24,23:51:40,0,56.0,191.0,266.0,248.0,37.0,200.0,8.0,2.0,0.0,0.0,0.0,0.0
2025/11/24,23:51:45,0,56.0,196.0,263.0,249.0,39.0,201.0,8.0,3.0,0.0,0.0,0.0,0.0
2025/11/24,23:51:50,0,55.0,195.0,268.0,249.0,25.0,201.0,6.0,1.0,0.0,0.0,0.0,0.0
2025/11/24,23:51:55,0,55.0,210.0,268.0,249.0,26.0,201.0,7.0,1.0,0.0,0.0,0.0,0.0
2025/11/24,23:52:00,0,55.0,206.0,267.0,249.0,30.0,201.0,8.0,1.0,0.0,0.0,0.0,0.0
2025/11/24,23:52:05,0,53.0,185.0,265.0,248.0,38.0,201.0,9.0,3.0,0.0,0.0,0.0,0.0
2025/11/24,23:52:10,0,55.0,194.0,265.0,248.0,36.0,200.0,8.0,2.0,0.0,0.0,0.0,0.0
2025/11/24,23:52:15,0,56.0,193.0,265.0,248.0,36.0,202.0,9.0,3.0,0.0,0.0,0.0,0.0
2025/11/24,23:52:20,0,55.0,196.0,266.0,248.0,28.0,202.0,7.0,1.0,0.0,0.0,0.0,0.0
2025/11/24,23:52:25,0,54.0,200.0,269.0,248.0,23.0,201.0,7.0,0.0,0.0,0.0,0.0,0.0
2025/11/24,23:52:30,0,55.0,214.0,269.0,249.0,26.0,200.0,7.0,1.0,0.0,0.0,0.0,0.0
2025/11/24,23:52:35,0,57.0,211.0,268.0,249.0,27.0,200.0,7.0,0.0,0.0,0.0,0.0,0.0
2025/11/24,23:52:40,0,56.0,196.0,266.0,248.0,39.0,202.0,11.0,3.0,0.0,0.0,0.0,0.0
2025/11/24,23:52:45,0,55.0,195.0,263.0,249.0,37.0,201.0,9.0,3.0,0.0,0.0,0.0,0.0
2025/11/24,23:52:50,0,57.0,196.0,266.0,248.0,29.0,200.0,7.0,2.0,0.0,0.0,0.0,0.0
2025/11/24,23:52:55,0,55.0,203.0,268.0,248.0,24.0,201.0,7.0,0.0,0.0,0.0,0.0,0.0
2025/11/24,23:53:00,0,58.0,216.0,266.0,248.0,26.0,202.0,7.0,1.0,0.0,0.0,0.0,0.0
2025/11/24,23:53:05,0,55.0,193.0,267.0,249.0,40.0,201.0,9.0,3.0,0.0,0.0,0.0,-0.0008
2025/11/24,23:53:10,0,54.0,193.0,267.0,249.0,38.0,201.0,8.0,3.0,0.0,0.0,0.0,0.0
2025/11/24,23:53:15,0,55.0,192.0,266.0,251.0,38.0,200.0,8.0,3.0,0.0,0.0,0.0,0.0
2025/11/24,23:53:20,0,56.0,198.0,268.0,248.0,23.0,200.0,6.0,0.0,0.0,0.0,0.0,0.0
2025/11/24,23:53:25,0,52.0,219.0,268.0,248.0,25.0,200.0,7.0,0.0,0.0,0.0,0.0,0.0
2025/11/24,23:53:30,0,56.0,193.0,265.0,248.0,39.0,201.0,10.0,4.0,0.0,0.0,0.0,0.0
2025/11/24,23:53:35,0,56.0,191.0,263.0,249.0,39.0,201.0,8.0,3.0,0.0,0.0,0.0,0.0
2025/11/24,23:53:40,0,56.0,195.0,264.0,248.0,33.0,200.0,8.0,2.0,0.0,0.0,0.0,0.0
2025/11/24,23:53:45,0,57.0,200.0,269.0,249.0,24.0,201.0,7.0,1.0,0.0,0.0,0.0,0.0
2025/11/24,23:53:50,0,57.0,210.0,266.0,249.0,30.0,201.0,7.0,1.0,0.0,0.0,0.0,0.0
2025/11/24,23:53:55,0,55.0,187.0,265.0,248.0,38.0,201.0,9.0,3.0,0.0,0.0,0.0,0.0
2025/11/24,23:54:00,0,57.0,195.0,265.0,248.0,35.0,201.0,8.0,2.0,0.0,0.0,0.0,0.0
2025/11/24,23:54:05,0,57.0,207.0,268.0,248.0,26.0,202.0,7.0,1.0,0.0,0.0,0.0,-0.0008
2025/11/24,23:54:10,0,57.0,205.0,267.0,249.0,32.0,202.0,8.0,2.0,0.0,0.0,0.0,0.0
2025/11/24,23:54:15,0,55.0,189.0,264.0,248.0,37.0,202.0,9.0,3.0,0.0,0.0,-0.0008,0.0
2025/11/24,23:54:20,0,56.0,192.0,265.0,248.0,34.0,200.0,8.0,2.0,0.0,0.0,0.0,0.0
2025/11/24,23:54:25,0,56.0,200.0,267.0,249.0,23.0,202.0,7.0,0.0,0.0,0.0,0.0,0.0
2025/11/24,23:54:30,0,55.0,219.0,268.0,249.0,26.0,202.0,8.0,1.0,0.0,0.0,0.0,0.0
2025/11/24,23:54:35,0,56.0,197.0,265.0,247.0,37.0,202.0,9.0,3.0,0.0,0.0,0.0,0.0
2025/11/24,23:54:40,0,57.0,187.0,264.0,248.0,37.0,202.0,9.0,3.0,0.0,0.0,0.0,-0.0008
2025/11/24,23:54:45,0,56.0,192.0,265.0,247.0,37.0,200.0,8.0,3.0,0.0,0.0,0.0,0.0
2025/11/24,23:54:50,0,57.0,197.0,266.0,248.0,22.0,201.0,5.0,0.0,0.0,0.0,0.0,0.0
2025/11/24,23:54:55,0,57.0,217.0,267.0,249.0,26.0,201.0,7.0,1.0,0.0,0.0,0.0,0.0
2025/11/24,23:55:00,0,56.0,187.0,264.0,248.0,41.0,202.0,10.0,3.0,0.0,0.0,0.0,0.0
2025/11/24,23:55:05,0,57.0,199.0,263.0,249.0,37.0,201.0,8.0,3.0,0.0,0.0,0.0,0.0
2025/11/24,23:55:10,0,59.0,199.0,266.0,247.0,27.0,200.0,6.0,1.0,0.0,0.0,0.0,0.0
2025/11/24,23:55:15,0,55.0,210.0,267.0,249.0,25.0,202.0,8.0,1.0,0.0,0.0,0.0,0.0
2025/11/24,23:55:20,0,55.0,205.0,265.0,249.0,32.0,200.0,8.0,1.0,0.0,0.0,0.0,0.0
2025/11/24,23:55:25,0,56.0,191.0,263.0,249.0,40.0,200.0,8.0,3.0,0.0,0.0,0.0,0.0
2025/11/24,23:55:30,0,54.0,197.0,263.0,249.0,32.0,203.0,8.0,1.0,0.0,0.0,0.0,0.0
2025/11/24,23:55:35,0,57.0,200.0,266.0,249.0,26.0,200.0,7.0,1.0,0.0,0.0,0.0,0.0
2025/11/24,23:55:40,0,57.0,215.0,267.0,247.0,26.0,201.0,8.0,1.0,0.0,0.0,0.0,0.0
2025/11/24,23:55:45,0,56.0,188.0,263.0,249.0,41.0,201.0,9.0,3.0,0.0,0.0,0.0,0.0
2025/11/24,23:55:50,0,51.0,196.0,264.0,249.0,32.0,201.0,8.0,2.0,0.0,0.0,0.0,0.0
2025/11/24,23:55:55,0,54.0,216.0,267.0,249.0,27.0,202.0,8.0,1.0,0.0,0.0,0.0,0.0
2025/11/24,23:56:00,0,55.0,189.0,264.0,247.0,39.0,202.0,10.0,3.0,0.0,0.0,0.0,0.0
2025/11/24,23:56:05,0,55.0,195.0,264.0,249.0,28.0,200.0,6.0,2.0,0.0,0.0,0.0,0.0
2025/11/24,23:56:10,0,54.0,217.0,265.0,249.0,27.0,200.0,8.0,1.0,0.0,0.0,0.0,0.0
2025/11/24,23:56:15,0,56.0,187.0,263.0,248.0,42.0,201.0,10.0,4.0,0.0,0.0,0.0,0.0
2025/11/24,23:57:06,0,55.0,195.0,264.0,246.0,31.0,201.0,9.0,2.0,0.0,0.0,0.0,0.0
2025/11/24,23:57:10,0,57.0,197.0,265.0,248.0,22.0,201.0,6.0,0.0,0.0,0.0,0.0,0.0
2025/11/24,23:57:15,0,57.0,219.0,266.0,248.0,26.0,203.0,7.0,1.0,0.0,0.0,0.0,-0.0008
2025/11/24,23:57:20,0,58.0,199.0,263.0,249.0,38.0,203.0,9.0,3.0,0.0,0.0,0.0,0.0
2025/11/24,23:57:25,0,57.0,196.0,263.0,247.0,36.0,201.0,8.0,3.0,0.0,0.0,0.0,0.0
2025/11/24,23:57:30,0,59.0,195.0,264.0,249.0,29.0,202.0,7.0,1.0,0.0,0.0,0.0,0.0
2025/11/24,23:57:35,0,55.0,205.0,267.0,249.0,25.0,201.0,7.0,1.0,0.0,0.0,0.0,0.0
2025/11/24,23:57:40,0,57.0,215.0,266.0,248.0,27.0,200.0,7.0,0.0,0.0,0.0,0.0,0.0
2025/11/24,23:57:45,0,56.0,190.0,264.0,248.0,40.0,202.0,10.0,3.0,0.0,0.0,0.0,0.0
2025/11/24,23:57:50,0,57.0,198.0,262.0,248.0,36.0,201.0,8.0,3.0,0.0,0.0,0.0,0.0
2025/11/24,23:57:55,0,56.0,196.0,264.0,248.0,30.0,201.0,7.0,2.0,0.0,0.0,0.0,0.0
2025/11/24,23:58:00,0,56.0,206.0,265.0,248.0,25.0,201.0,7.0,1.0,0.0,0.0,0.0,0.0
2025/11/24,23:58:05,0,54.0,214.0,265.0,247.0,28.0,200.0,7.0,0.0,0.0,0.0,0.0,0.0
2025/11/24,23:58:10,0,58.0,197.0,265.0,247.0,37.0,201.0,10.0,4.0,0.0,0.0,0.0,0.0
2025/11/24,23:58:15,0,56.0,191.0,263.0,247.0,38.0,200.0,9.0,3.0,0.0,0.0,0.0,0.0
2025/11/24,23:58:20,0,52.0,193.0,263.0,248.0,35.0,201.0,8.0,3.0,0.0,0.0,0.0,0.0
2025/11/24,23:58:25,0,55.0,198.0,266.0,249.0,21.0,201.0,6.0,0.0,0.0,0.0,0.0,0.0
2025/11/24,23:58:30,0,56.0,210.0,263.0,249.0,28.0,201.0,7.0,1.0,0.0,0.0,0.0,0.0
2025/11/24,23:58:35,0,55.0,208.0,266.0,249.0,28.0,201.0,6.0,1.0,0.0,0.0,0.0,-0.0008
2025/11/24,23:58:40,0,54.0,187.0,264.0,249.0,38.0,202.0,10.0,3.0,-0.0008,0.0,0.0,0.0
2025/11/24,23:58:45,0,56.0,195.0,262.0,249.0,39.0,202.0,8.0,3.0,0.0,0.0,0.0,0.0
2025/11/24,23:58:50,0,53.0,198.0,264.0,249.0,26.0,202.0,6.0,1.0,0.0,0.0,0.0,-0.0008
2025/11/24,23:58:55,0,57.0,202.0,266.0,249.0,26.0,201.0,7.0,1.0,0.0,0.0,0.0,0.0
2025/11/24,23:59:00,0,57.0,215.0,266.0,249.0,27.0,203.0,8.0,1.0,0.0,0.0,0.0,-0.0008
2025/11/24,23:59:05,0,56.0,215.0,266.0,248.0,27.0,200.0,7.0,0.0,0.0,0.0,0.0,0.0
2025/11/24,23:59:10,0,59.0,198.0,264.0,248.0,38.0,201.0,9.0,3.0,0.0,0.0,0.0,0.0
2025/11/24,23:59:15,0,54.0,196.0,266.0,248.0,28.0,202.0,8.0,1.0,0.0,0.0,0.0,0.0
2025/11/24,23:59:20,0,55.0,192.0,263.0,248.0,36.0,201.0,9.0,3.0,0.0,0.0,0.0,0.0
2025/11/24,23:59:25,0,56.0,196.0,266.0,248.0,21.0,202.0,6.0,0.0,0.0,0.0,0.0,0.0
2025/11/24,23:59:30,0,57.0,214.0,266.0,248.0,26.0,201.0,8.0,1.0,0.0,0.0,0.0,0.0
2025/11/24,23:59:35,0,54.0,210.0,266.0,248.0,27.0,202.0,7.0,1.0,0.0,0.0,0.0,0.0
2025/11/24,23:59:40,0,59.0,197.0,264.0,249.0,40.0,203.0,11.0,3.0,0.0,0.0,0.0,0.0
2025/11/24,23:59:45,0,55.0,188.0,263.0,248.0,37.0,202.0,9.0,3.0,0.0,0.0,0.0,0.0
2025/11/24,23:59:50,0,56.0,199.0,261.0,248.0,36.0,201.0,7.0,3.0,0.0,0.0,0.0,0.0
2025/11/24,23:59:55,0,57.0,198.0,264.0,248.0,27.0,201.0,7.0,1.0,0.0,0.0,0.0,0.0
