Date,Time,StatusCode,MCP_WQ_DO,MCP_WQ_EC,MCP_WQ_PH,MCP_WQ_TEMP,MCP_WQ_TURB,MCP_WQ_TDS,MCP_WQ_RSV1,MCP_WQ_RSV2,ADS_NO3_mA,ADS_NO2_mA,ADS_NH3_mA,ADS_RSV_mA
2025/12/23,00:00:00,0,0.0,206.0,463.0,243.0,23.0,204.0,8.0,1.0,0.0,0.0,0.0,-0.0008
2025/12/23,00:00:36,0,0.0,199.0,462.0,242.0,54.0,203.0,15.0,6.0,0.0,0.0,0.0,0.0
2025/12/23,00:00:40,0,0.0,195.0,459.0,242.0,49.0,202.0,12.0,4.0,0.0,0.0,0.0,0.0
2025/12/23,00:00:45,0,0.0,196.0,462.0,243.0,49.0,203.0,13.0,5.0,0.0,0.0,0.0,0.0
2025/12/23,00:00:50,0,0.0,198.0,461.0,243.0,28.0,202.0,8.0,1.0,0.0,0.0,0.0,0.0
2025/12/23,00:00:55,0,0.0,199.0,463.0,243.0,25.0,202.0,8.0,1.0,0.0,0.0,0.0,0.0
2025/12/23,00:01:00,0,0.0,193.0,463.0,242.0,38.0,203.0,10.0,3.0,0.0,0.0,0.0,0.0
2025/12/23,00:01:05,0,0.0,195.0,463.0,243.0,36.0,203.0,9.0,2.0,0.0,0.0,0.0,0.0
2025/12/23,00:01:10,0,0.0,209.0,462.0,242.0,19.0,202.0,8.0,0.0,0.0,0.0,0.0,0.0
2025/12/23,00:01:15,0,0.0,197.0,462.0,243.0,48.0,203.0,11.0,4.0,0.0,0.0,0.0,0.0
2025/12/23,00:01:20,0,0.0,215.0,464.0,242.0,16.0,203.0,6.0,0.0,0.0,0.0,0.0,0.0
2025/12/23,00:01:25,0,0.0,194.0,462.0,242.0,48.0,201.0,12.0,4.0,0.0,0.0,0.0,0.0
2025/12/23,00:01:30,0,0.0,203.0,461.0,243.0,16.0,201.0,6.0,0.0,0.0,0.0,0.0,0.0
2025/12/23,00:01:35,0,0.0,189.0,462.0,243.0,44.0,203.0,13.0,4.0,0.0,0.0,0.0,0.0
2025/12/23,00:01:40,0,0.0,197.0,463.0,243.0,27.0,204.0,7.0,2.0,0.0,0.0,0.0,0.0
2025/12/23,00:01:45,0,0.0,199.0,462.0,240.0,28.0,202.0,8.0,2.0,0.0,0.0,0.0,0.0
2025/12/23,00:01:50,0,0.0,196.0,462.0,241.0,34.0,202.0,10.0,3.0,0.0,0.0,0.0,0.0
2025/12/23,00:01:55,0,0.0,195.0,463.0,243.0,36.0,201.0,10.0,3.0,0.0,0.0,0.0,0.0
2025/12/23,00:02:00,0,0.0,198.0,464.0,243.0,23.0,203.0,7.0,1.0,0.0,0.0,0.0,0.0
2025/12/23,00:02:05,0,0.0,188.0,461.0,243.0,46.0,200.0,12.0,5.0,0.0,0.0,0.0,0.0
2025/12/23,00:02:10,0,0.0,198.0,463.0,242.0,22.0,202.0,7.0,1.0,0.0,0.0,0.0,0.0
2025/12/23,00:02:15,0,0.0,198.0,463.0,243.0,35.0,202.0,10.0,2.0,0.0,0.0,0.0,0.0
2025/12/23,00:02:20,0,0.0,195.0,462.0,242.0,41.0,202.0,11.0,4.0,0.0,0.0,0.0,0.0
2025/12/23,00:02:25,0,8.0,215.0,463.0,243.0,17.0,202.0,6.0,0.0,0.0,0.0,0.0,0.0
2025/12/23,00:02:30,0,0.0,199.0,461.0,242.0,47.0,202.0,11.0,4.0,0.0,0.0,0.0,0.0
2025/12/23,00:02:35,0,0.0,216.0,463.0,242.0,18.0,202.0,6.0,0.0,0.0,0.0,0.0,-0.0008
2025/12/23,00:02:40,0,0.0,199.0,463.0,243.0,47.0,203.0,12.0,5.0,0.0,0.0,0.0,0.0
2025/12/23,00:02:45,0,0.0,212.0,464.0,243.0,17.0,203.0,6.0,0.0,0.0,0.0,0.0,0.0
2025/12/23,00:02:50,0,0.0,195.0,463.0,242.0,48.0,202.0,12.0,4.0,0.0,0.0,0.0,0.0
2025/12/23,00:02:55,0,0.0,210.0,464.0,242.0,16.0,202.0,5.0,0.0,0.0,0.0,0.0,0.0
2025/12/23,00:03:00,0,0.0,195.0,462.0,242.0,47.0,203.0,12.0,5.0,0.0,0.0,0.0,0.0
2025/12/23,00:03:05,0,0.0,212.0,464.0,242.0,18.0,203.0,6.0,0.0,0.0,0.0,0.0,0.0
2025/12/23,00:03:10,0,0.0,198.0,462.0,243.0,46.0,203.0,12.0,4.0,-0.0008,0.0,0.0,0.0
2025/12/23,00:03:15,0,1.0,215.0,464.0,243.0,17.0,203.0,6.0,0.0,0.0,0.0,0.0,0.0
2025/12/23,00:03:20,0,0.0,199.0,462.0,242.0,47.0,203.0,11.0,4.0,0.0,0.0,0.0,0.0
2025/12/23,00:03:25,0,0.0,213.0,463.0,242.0,17.0,201.0,6.0,0.0,0.0,0.0,0.0,0.0
2025/12/23,00:03:30,0,0.0,192.0,461.0,242.0,48.0,202.0,12.0,5.0,0.0,0.0,0.0,0.0
2025/12/23,00:03:35,0,0.0,205.0,464.0,243.0,18.0,203.0,6.0,0.0,0.0,0.0,0.0,0.0
2025/12/23,00:03:40,0,0.0,189.0,462.0,242.0,44.0,202.0,11.0,4.0,0.0,0.0,0.0,0.0
2025/12/23,00:03:45,0,0.0,198.0,463.0,243.0,29.0,204.0,8.0,1.0,0.0,0.0,0.0,0.0
2025/12/23,00:03:50,0,0.0,209.0,463.0,243.0,17.0,202.0,8.0,0.0,0.0,0.0,0.0,0.0
2025/12/23,00:03:55,0,0.0,191.0,462.0,242.0,49.0,201.0,11.0,5.0,0.0,0.0,0.0,-0.0008
2025/12/23,00:05:01,0,0.0,191.0,462.0,242.0,43.0,202.0,13.0,4.0,0.0,0.0,0.0,0.0
2025/12/23,00:05:05,0,0.0,196.0,462.0,241.0,32.0,202.0,9.0,2.0,0.0,0.0,0.0,0.0
2025/12/23,00:05:10,0,0.0,202.0,462.0,241.0,22.0,202.0,8.0,0.0,0.0,0.0,0.0,0.0
2025/12/23,00:05:15,0,0.0,194.0,462.0,242.0,44.0,203.0,10.0,4.0,0.0,0.0,0.0,0.0
2025/12/23,00:05:20,0,0.0,211.0,464.0,242.0,16.0,203.0,7.0,0.0,0.0,0.0,0.0,0.0
2025/12/23,00:05:25,0,0.0,194.0,462.0,243.0,49.0,203.0,13.0,5.0,0.0,0.0,0.0,0.0
2025/12/23,00:05:30,0,0.0,200.0,462.0,241.0,19.0,201.0,6.0,0.0,0.0,0.0,0.0,0.0
2025/12/23,00:05:35,0,0.0,201.0,460.0,243.0,28.0,201.0,8.0,2.0,0.0,0.0,0.0,0.0
2025/12/23,00:05:40,0,0.0,190.0,460.0,241.0,45.0,202.0,11.0,4.0,0.0,0.0,0.0,0.0
2025/12/23,00:05:45,0,0.0,206.0,464.0,243.0,16.0,203.0,6.0,0.0,0.0,0.0,0.0,0.0
2025/12/23,00:05:50,0,0.0,199.0,462.0,243.0,28.0,202.0,7.0,2.0,0.0,0.0,0.0,0.0
2025/12/23,00:05:55,0,0.0,198.0,463.0,242.0,46.0,203.0,11.0,4.0,0.0,0.0,0.0,0.0
2025/12/23,00:06:00,0,0.0,199.0,465.0,243.0,18.0,204.0,5.0,0.0,0.0,0.0,0.0,0.0
2025/12/23,00:06:05,0,0.0,207.0,462.0,242.0,18.0,202.0,7.0,0.0,0.0,0.0,0.0,0.0
2025/12/23,00:06:10,0,0.0,191.0,463.0,243.0,46.0,203.0,12.0,4.0,0.0,0.0,0.0,0.0
2025/12/23,00:06:15,0,0.0,195.0,461.0,242.0,46.0,204.0,11.0,4.0,0.0,0.0,0.0,0.0
2025/12/23,00:06:20,0,0.0,198.0,463.0,242.0,28.0,203.0,8.0,2.0,0.0,0.0,0.0,-0.0008
2025/12/23,00:06:25,0,0.0,207.0,463.0,240.0,15.0,202.0,6.0,0.0,0.0,0.0,0.0,0.0
2025/12/23,00:06:30,0,0.0,207.0,462.0,243.0,22.0,204.0,7.0,1.0,0.0,0.0,0.0,0.0
2025/12/23,00:06:35,0,0.0,191.0,462.0,243.0,47.0,203.0,12.0,4.0,0.0,0.0,0.0,0.0
2025/12/23,00:06:40,0,0.0,192.0,462.0,242.0,40.0,203.0,10.0,4.0,0.0,0.0,0.0,0.0
2025/12/23,00:06:45,0,0.0,204.0,461.0,242.0,16.0,202.0,6.0,0.0,0.0,0.0,0.0,-0.0008
2025/12/23,00:06:50,0,0.0,205.0,464.0,242.0,19.0,203.0,7.0,0.0,0.0,0.0,0.0,0.0
2025/12/23,00:06:55,0,0.0,189.0,463.0,243.0,49.0,203.0,12.0,5.0,0.0,0.0,0.0,0.0
2025/12/23,00:07:00,0,0.0,203.0,464.0,240.0,23.0,201.0,7.0,1.0,0.0,0.0,0.0,0.0
2025/12/23,00:07:05,0,0.0,191.0,463.0,243.0,44.0,202.0,11.0,4.0,0.0,0.0,0.0,0.0
2025/12/23,00:07:10,0,0.0,196.0,463.0,242.0,38.0,203.0,10.0,3.0,0.0,0.0,0.0,0.0
2025/12/23,00:07:15,0,0.0,199.0,463.0,243.0,18.0,203.0,6.0,0.0,0.0,0.0,0.0,-0.0008
2025/12/23,00:07:20,0,0.0,211.0,464.0,243.0,15.0,203.0,6.0,0.0,0.0,0.0,0.0,0.0
2025/12/23,00:07:25,0,0.0,204.0,462.0,241.0,24.0,203.0,7.0,1.0,0.0,0.0,0.0,0.0
2025/12/23,00:07:30,0,0.0,192.0,462.0,242.0,48.0,202.0,11.0,4.0,0.0,0.0,0.0,0.0
2025/12/23,00:07:35,0,0.0,193.0,461.0,240.0,44.0,201.0,12.0,6.0,0.0,0.0,0.0,0.0
2025/12/23,00:07:40,0,0.0,198.0,463.0,242.0,34.0,202.0,9.0,3.0,0.0,0.0,0.0,0.0
2025/12/23,00:07:45,0,0.0,197.0,463.0,242.0,19.0,202.0,6.0,1.0,0.0,0.0,0.0,0.0
2025/12/23,00:07:50,0,0.0,207.0,463.0,242.0,15.0,202.0,6.0,0.0,0.0,0.0,0.0,0.0
2025/12/23,00:07:55,0,0.0,212.0,463.0,243.0,18.0,201.0,6.0,0.0,0.0,0.0,0.0,0.0
2025/12/23,00:08:00,0,0.0,199.0,464.0,243.0,27.0,203.0,9.0,2.0,0.0,0.0,0.0,0.0
2025/12/23,00:08:05,0,0.0,194.0,462.0,243.0,49.0,203.0,12.0,5.0,0.0,0.0,0.0,0.0
2025/12/23,00:08:10,0,0.0,198.0,462.0,242.0,36.0,203.0,9.0,3.0,0.0,0.0,0.0,0.0
2025/12/23,00:08:15,0,0.0,215.0,464.0,243.0,16.0,203.0,6.0,0.0,0.0,0.0,0.0,0.0
2025/12/23,00:08:20,0,0.0,194.0,462.0,242.0,48.0,201.0,12.0,5.0,0.0,0.0,0.0,0.0
2025/12/23,00:08:25,0,0.0,200.0,461.0,242.0,17.0,202.0,6.0,0.0,0.0,0.0,0.0,0.0
2025/12/23,00:08:30,0,0.0,194.0,463.0,242.0,33.0,203.0,9.0,2.0,0.0,0.0,0.0,0.0
2025/12/23,00:08:35,0,0.0,199.0,463.0,243.0,35.0,203.0,10.0,3.0,0.0,0.0,0.0,0.0
2025/12/23,00:08:40,0,0.0,198.0,463.0,243.0,31.0,202.0,9.0,2.0,0.0,0.0,0.0,0.0
2025/12/23,00:08:45,0,0.0,198.0,464.0,242.0,25.0,203.0,7.0,1.0,0.0,0.0,0.0,0.0
2025/12/23,00:08:50,0,0.0,190.0,462.0,242.0,44.0,200.0,11.0,4.0,0.0,0.0,0.0,0.0
2025/12/23,00:08:55,0,0.0,203.0,463.0,242.0,18.0,202.0,6.0,0.0,0.0,0.0,0.0,0.0
2025/12/23,00:09:00,0,0.0,190.0,462.0,242.0,46.0,202.0,10.0,4.0,0.0,0.0,0.0,0.0
2025/12/23,00:09:05,0,0.0,204.0,462.0,242.0,16.0,202.0,6.0,0.0,0.0,0.0,0.0,0.0
2025/12/23,00:09:10,0,0.0,190.0,462.0,241.0,47.0,202.0,12.0,5.0,0.0,0.0,0.0,0.0
2025/12/23,00:09:15,0,0.0,207.0,463.0,243.0,16.0,201.0,5.0,0.0,0.0,0.0,0.0,-0.0008
2025/12/23,00:09:20,0,0.0,193.0,460.0,242.0,48.0,202.0,12.0,4.0,0.0,0.0,0.0,0.0
2025/12/23,00:09:25,0,0.0,204.0,463.0,243.0,16.0,203.0,6.0,0.0,0.0,0.0,0.0,0.0
2025/12/23,00:09:30,0,0.0,191.0,461.0,242.0,47.0,201.0,12.0,5.0,0.0,0.0,0.0,0.0
2025/12/23,00:09:35,0,0.0,212.0,463.0,243.0,15.0,203.0,6.0,0.0,0.0,0.0,0.0,0.0
2025/12/23,00:09:40,0,0.0,191.0,462.0,242.0,46.0,201.0,9.0,4.0,0.0,0.0,0.0,0.0
2025/12/23,00:09:45,0,0.0,206.0,463.0,242.0,22.0,202.0,7.0,1.0,0.0,0.0,0.0,0.0
2025/12/23,00:09:50,0,0.0,194.0,463.0,242.0,31.0,202.0,8.0,2.0,0.0,0.0,0.0,0.0
2025/12/23,00:09:55,0,0.0,190.0,462.0,242.0,45.0,201.0,11.0,5.0,0.0,0.0,0.0,0.0
2025/12/23,00:10:00,0,0.0,209.0,460.0,243.0,21.0,203.0,6.0,0.0,0.0,0.0,0.0,0.0
2025/12/23,00:10:05,0,0.0,214.0,461.0,243.0,20.0,203.0,7.0,0.0,0.0,0.0,0.0,0.0
2025/12/23,00:10:10,0,0.0,216.0,464.0,242.0,18.0,203.0,6.0,0.0,0.0,0.0,0.0,-0.0008
2025/12/23,00:10:15,0,0.0,215.0,464.0,242.0,18.0,202.0,7.0,0.0,0.0,0.0,0.0,0.0
2025/12/23,00:10:20,0,0.0,215.0,463.0,242.0,20.0,201.0,6.0,0.0,0.0,0.0,0.0,0.0
2025/12/23,00:10:25,0,0.0,214.0,464.0,243.0,19.0,203.0,6.0,0.0,0.0,0.0,0.0,0.0
2025/12/23,00:10:30,0,0.0,205.0,463.0,242.0,17.0,202.0,6.0,0.0,0.0,0.0,0.0,0.0
2025/12/23,00:10:35,0,0.0,195.0,462.0,243.0,25.0,201.0,6.0,1.0,0.0,0.0,0.0,0.0
2025/12/23,00:10:40,0,0.0,192.0,462.0,242.0,44.0,203.0,11.0,4.0,0.0,0.0,0.0,-0.0008
2025/12/23,00:10:45,0,0.0,190.0,462.0,242.0,46.0,203.0,12.0,5.0,0.0,0.0,0.0,0.0
2025/12/23,00:10:50,0,0.0,210.0,464.0,242.0,18.0,201.0,6.0,0.0,0.0,0.0,0.0,0.0
2025/12/23,00:10:55,0,0.0,196.0,463.0,242.0,31.0,203.0,9.0,2.0,0.0,0.0,0.0,-0.0008
2025/12/23,00:11:00,0,0.0,188.0,462.0,242.0,44.0,203.0,11.0,4.0,0.0,0.0,0.0,0.0
2025/12/23,00:11:05,0,0.0,201.0,464.0,243.0,19.0,203.0,6.0,0.0,0.0,0.0,0.0,0.0
2025/12/23,00:11:10,0,0.0,191.0,462.0,242.0,46.0,201.0,12.0,4.0,0.0,0.0,0.0,-0.0008
2025/12/23,00:11:15,0,0.0,209.0,464.0,242.0,15.0,203.0,6.0,0.0,0.0,0.0,0.0,-0.0008
2025/12/23,00:11:20,0,0.0,199.0,463.0,242.0,44.0,203.0,11.0,4.0,0.0,0.0,0.0,0.0
2025/12/23,00:11:25,0,0.0,208.0,463.0,243.0,17.0,203.0,7.0,1.0,0.0,0.0,0.0,0.0
2025/12/23,00:11:30,0,0.0,198.0,463.0,242.0,37.0,201.0,9.0,3.0,0.0,0.0,0.0,0.0
2025/12/23,00:11:35,0,0.0,190.0,459.0,243.0,38.0,202.0,10.0,3.0,0.0,0.0,0.0,-0.0008
2025/12/23,00:11:40,0,0.0,199.0,463.0,241.0,19.0,201.0,5.0,0.0,0.0,0.0,0.0,0.0
2025/12/23,00:11:45,0,0.0,188.0,461.0,242.0,45.0,202.0,12.0,4.0,0.0,0.0,0.0,0.0
2025/12/23,00:11:50,0,0.0,207.0,463.0,241.0,16.0,203.0,6.0,0.0,0.0,0.0,0.0,0.0
2025/12/23,00:11:55,0,0.0,192.0,462.0,243.0,47.0,203.0,12.0,5.0,0.0,0.0,0.0,0.0
2025/12/23,00:12:00,0,0.0,211.0,464.0,242.0,15.0,203.0,6.0,0.0,0.0,0.0,0.0,0.0
2025/12/23,00:12:05,0,0.0,197.0,462.0,242.0,47.0,201.0,11.0,4.0,0.0,0.0,0.0,0.0
2025/12/23,00:12:10,0,0.0,216.0,463.0,241.0,17.0,201.0,6.0,0.0,0.0,0.0,0.0,0.0
2025/12/23,00:12:15,0,0.0,196.0,462.0,243.0,46.0,202.0,11.0,4.0,0.0,0.0,0.0,0.0
2025/12/23,00:12:20,0,0.0,212.0,462.0,243.0,19.0,200.0,6.0,0.0,0.0,0.0,0.0,0.0
2025/12/23,00:12:25,0,0.0,200.0,463.0,243.0,44.0,203.0,11.0,5.0,0.0,0.0,0.0,0.0
2025/12/23,00:12:30,0,0.0,213.0,464.0,242.0,16.0,202.0,5.0,0.0,0.0,0.0,0.0,0.0
2025/12/23,00:12:35,0,0.0,198.0,463.0,242.0,44.0,203.0,11.0,5.0,0.0,0.0,0.0,0.0
2025/12/23,00:12:40,0,0.0,209.0,464.0,244.0,17.0,203.0,6.0,0.0,0.0,0.0,-0.0008,-0.0008
2025/12/23,00:12:45,0,0.0,198.0,464.0,242.0,25.0,203.0,7.0,1.0,0.0,0.0,0.0,0.0
2025/12/23,00:12:50,0,0.0,197.0,465.0,243.0,46.0,201.0,12.0,5.0,0.0,0.0,0.0,0.0
2025/12/23,00:12:55,0,0.0,208.0,463.0,243.0,18.0,203.0,7.0,0.0,0.0,0.0,0.0,0.0
2025/12/23,00:13:00,0,0.0,197.0,462.0,242.0,40.0,203.0,11.0,4.0,0.0,0.0,0.0,0.0
2025/12/23,00:13:05,0,0.0,199.0,464.0,242.0,26.0,203.0,9.0,2.0,0.0,0.0,0.0,0.0
2025/12/23,00:13:10,0,0.0,196.0,462.0,241.0,28.0,202.0,7.0,1.0,0.0,0.0,0.0,0.0
2025/12/23,00:13:15,0,0.0,193.0,460.0,242.0,39.0,201.0,10.0,3.0,0.0,0.0,0.0,0.0
2025/12/23,00:13:20,0,0.0,198.0,463.0,242.0,20.0,203.0,5.0,0.0,0.0,0.0,0.0,0.0
2025/12/23,00:13:25,0,0.0,191.0,459.0,243.0,47.0,203.0,12.0,5.0,0.0,0.0,0.0,0.0
2025/12/23,00:13:30,0,0.0,214.0,463.0,243.0,17.0,204.0,6.0,0.0,0.0,0.0,0.0,0.0
2025/12/23,00:13:35,0,0.0,192.0,463.0,242.0,45.0,202.0,12.0,3.0,0.0,0.0,0.0,0.0
2025/12/23,00:13:40,0,0.0,206.0,463.0,243.0,20.0,203.0,7.0,1.0,0.0,0.0,0.0,0.0
2025/12/23,00:13:45,0,0.0,199.0,462.0,242.0,30.0,202.0,8.0,2.0,0.0,0.0,0.0,0.0
2025/12/23,00:13:50,0,0.0,189.0,462.0,242.0,45.0,203.0,12.0,5.0,0.0,0.0,0.0,0.0
2025/12/23,00:13:55,0,0.0,214.0,463.0,243.0,16.0,201.0,6.0,0.0,0.0,0.0,0.0,0.0
2025/12/23,00:14:00,0,0.0,193.0,460.0,242.0,44.0,203.0,12.0,4.0,0.0,0.0,0.0,0.0
2025/12/23,00:14:05,0,0.0,208.0,464.0,243.0,18.0,203.0,7.0,0.0,0.0,0.0,0.0,0.0
2025/12/23,00:14:10,0,0.0,196.0,462.0,240.0,30.0,201.0,8.0,2.0,0.0,0.0,0.0,-0.0008
2025/12/23,00:15:10,0,0.0,214.0,463.0,241.0,10.0,201.0,6.0,0.0,0.0,0.0,0.0,-0.0008
2025/12/23,00:15:14,0,0.0,210.0,464.0,243.0,18.0,202.0,6.0,0.0,0.0,0.0,0.0,0.0
2025/12/23,00:15:19,0,0.0,197.0,463.0,243.0,46.0,202.0,11.0,5.0,0.0,0.0,0.0,0.0
2025/12/23,00:15:24,0,0.0,204.0,464.0,243.0,16.0,203.0,5.0,0.0,0.0,0.0,0.0,0.0
2025/12/23,00:15:29,0,0.0,188.0,462.0,243.0,39.0,202.0,11.0,4.0,0.0,0.0,0.0,0.0
2025/12/23,00:15:34,0,0.0,199.0,463.0,242.0,30.0,202.0,7.0,2.0,0.0,0.0,0.0,0.0
2025/12/23,00:15:39,0,0.0,197.0,462.0,242.0,34.0,202.0,10.0,3.0,0.0,0.0,0.0,0.0
2025/12/23,00:15:44,0,0.0,199.0,463.0,243.0,28.0,201.0,7.0,2.0,0.0,0.0,0.0,0.0
2025/12/23,00:15:49,0,0.0,191.0,460.0,242.0,40.0,202.0,11.0,4.0,0.0,0.0,0.0,0.0
2025/12/23,00:15:54,0,0.0,197.0,460.0,242.0,19.0,202.0,6.0,0.0,0.0,0.0,0.0,0.0
2025/12/23,00:15:59,0,0.0,188.0,462.0,242.0,44.0,202.0,12.0,5.0,0.0,0.0,0.0,0.0
2025/12/23,00:16:04,0,0.0,201.0,464.0,242.0,16.0,202.0,5.0,0.0,0.0,0.0,0.0,0.0
2025/12/23,00:16:09,0,0.0,188.0,461.0,242.0,45.0,203.0,11.0,5.0,0.0,0.0,0.0,0.0
2025/12/23,00:16:14,0,0.0,198.0,464.0,242.0,23.0,202.0,7.0,1.0,0.0,0.0,0.0,0.0
2025/12/23,00:16:19,0,0.0,195.0,463.0,242.0,34.0,203.0,9.0,3.0,0.0,0.0,0.0,0.0
2025/12/23,00:16:24,0,0.0,195.0,461.0,242.0,32.0,202.0,8.0,2.0,0.0,0.0,0.0,0.0
2025/12/23,00:16:29,0,0.0,204.0,463.0,242.0,21.0,201.0,7.0,1.0,0.0,0.0,0.0,0.0
2025/12/23,00:16:34,0,0.0,195.0,461.0,242.0,44.0,202.0,10.0,5.0,0.0,0.0,0.0,0.0
2025/12/23,00:16:39,0,0.0,206.0,464.0,242.0,16.0,202.0,5.0,0.0,0.0,0.0,0.0,0.0
2025/12/23,00:16:44,0,0.0,193.0,462.0,242.0,38.0,202.0,10.0,3.0,0.0,0.0,0.0,0.0
2025/12/23,00:16:49,0,0.0,198.0,463.0,242.0,25.0,201.0,7.0,1.0,0.0,0.0,0.0,-0.0008
2025/12/23,00:16:54,0,0.0,188.0,462.0,243.0,45.0,202.0,11.0,4.0,0.0,0.0,0.0,0.0
2025/12/23,00:16:59,0,0.0,206.0,463.0,241.0,15.0,202.0,5.0,0.0,0.0,0.0,0.0,0.0
2025/12/23,00:17:04,0,0.0,197.0,462.0,243.0,43.0,202.0,11.0,5.0,0.0,0.0,0.0,0.0
2025/12/23,00:17:09,0,0.0,203.0,464.0,243.0,21.0,202.0,7.0,1.0,0.0,0.0,0.0,0.0
2025/12/23,00:17:14,0,0.0,197.0,464.0,242.0,17.0,203.0,6.0,0.0,0.0,0.0,0.0,0.0
2025/12/23,00:17:19,0,0.0,202.0,463.0,243.0,26.0,201.0,9.0,2.0,0.0,0.0,0.0,0.0
2025/12/23,00:17:24,0,0.0,205.0,461.0,242.0,25.0,203.0,7.0,1.0,0.0,0.0,0.0,0.0
2025/12/23,00:17:29,0,0.0,204.0,463.0,240.0,17.0,201.0,5.0,0.0,0.0,0.0,0.0,0.0
2025/12/23,00:17:34,0,0.0,199.0,462.0,242.0,43.0,203.0,10.0,5.0,0.0,0.0,0.0,-0.0008
2025/12/23,00:17:39,0,0.0,212.0,463.0,242.0,17.0,203.0,6.0,0.0,0.0,0.0,0.0,0.0
2025/12/23,00:17:44,0,0.0,195.0,463.0,242.0,45.0,202.0,11.0,5.0,0.0,0.0,0.0,0.0
2025/12/23,00:17:49,0,0.0,201.0,463.0,242.0,15.0,201.0,5.0,0.0,0.0,0.0,0.0,0.0
2025/12/23,00:17:54,0,0.0,188.0,461.0,241.0,42.0,202.0,11.0,4.0,0.0,0.0,0.0,0.0
2025/12/23,00:17:59,0,0.0,196.0,463.0,240.0,30.0,202.0,8.0,2.0,0.0,0.0,0.0,0.0
2025/12/23,00:18:04,0,0.0,202.0,463.0,242.0,25.0,202.0,9.0,2.0,0.0,0.0,0.0,0.0
2025/12/23,00:18:09,0,0.0,198.0,463.0,242.0,29.0,202.0,7.0,2.0,0.0,0.0,0.0,0.0
2025/12/23,00:18:14,0,0.0,188.0,462.0,242.0,41.0,203.0,11.0,4.0,0.0,0.0,0.0,0.0
2025/12/23,00:18:19,0,0.0,207.0,464.0,243.0,15.0,203.0,5.0,0.0,0.0,0.0,0.0,0.0
2025/12/23,00:18:24,0,0.0,195.0,461.0,242.0,40.0,202.0,11.0,4.0,0.0,0.0,0.0,0.0
2025/12/23,00:18:29,0,0.0,189.0,461.0,242.0,45.0,201.0,11.0,5.0,0.0,0.0,0.0,0.0
2025/12/23,00:18:34,0,0.0,210.0,464.0,242.0,17.0,203.0,6.0,0.0,0.0,0.0,0.0,0.0
2025/12/23,00:18:39,0,0.0,196.0,462.0,243.0,29.0,203.0,8.0,2.0,0.0,0.0,0.0,0.0
2025/12/23,00:18:44,0,0.0,197.0,462.0,240.0,45.0,201.0,11.0,5.0,0.0,0.0,0.0,0.0
2025/12/23,00:18:49,0,0.0,207.0,464.0,243.0,18.0,203.0,6.0,0.0,0.0,0.0,0.0,0.0
2025/12/23,00:18:54,0,0.0,196.0,462.0,242.0,23.0,202.0,7.0,1.0,0.0,0.0,0.0,-0.0008
2025/12/23,00:18:59,0,0.0,193.0,460.0,242.0,46.0,202.0,12.0,5.0,0.0,0.0,0.0,0.0
2025/12/23,00:19:04,0,0.0,211.0,463.0,242.0,21.0,202.0,6.0,1.0,0.0,0.0,0.0,0.0
2025/12/23,00:19:09,0,0.0,199.0,463.0,243.0,17.0,203.0,6.0,0.0,0.0,0.0,0.0,0.0
2025/12/23,00:19:14,0,0.0,191.0,463.0,243.0,43.0,202.0,11.0,5.0,0.0,0.0,0.0,0.0
2025/12/23,00:19:19,0,0.0,189.0,459.0,242.0,45.0,203.0,12.0,5.0,0.0,0.0,0.0,0.0
2025/12/23,00:19:24,0,0.0,208.0,462.0,241.0,18.0,201.0,6.0,1.0,0.0,0.0,0.0,0.0
2025/12/23,00:19:29,0,0.0,204.0,464.0,242.0,16.0,202.0,5.0,0.0,0.0,0.0,0.0,0.0
2025/12/23,00:19:34,0,0.0,192.0,461.0,242.0,46.0,201.0,12.0,5.0,0.0,0.0,0.0,0.0
2025/12/23,00:19:39,0,0.0,188.0,459.0,242.0,45.0,203.0,12.0,4.0,0.0,0.0,0.0,0.0
2025/12/23,00:19:44,0,0.0,212.0,463.0,242.0,15.0,202.0,6.0,0.0,0.0,0.0,0.0,0.0
2025/12/23,00:19:49,0,0.0,196.0,463.0,243.0,35.0,203.0,8.0,3.0,0.0,0.0,0.0,0.0
2025/12/23,00:19:54,0,0.0,192.0,462.0,243.0,46.0,203.0,12.0,5.0,0.0,0.0,0.0,0.0
2025/12/23,00:19:59,0,0.0,208.0,464.0,242.0,15.0,203.0,7.0,0.0,0.0,0.0,-0.0008,-0.0008
2025/12/23,00:20:04,0,0.0,199.0,464.0,242.0,25.0,203.0,7.0,2.0,0.0,0.0,0.0,0.0
2025/12/23,00:20:09,0,0.0,189.0,464.0,242.0,45.0,202.0,11.0,5.0,0.0,0.0,0.0,0.0
2025/12/23,00:20:14,0,0.0,209.0,464.0,243.0,16.0,202.0,5.0,0.0,0.0,0.0,0.0,0.0
2025/12/23,00:20:19,0,0.0,196.0,463.0,242.0,46.0,202.0,11.0,5.0,0.0,0.0,0.0,0.0
2025/12/23,00:20:24,0,0.0,192.0,464.0,244.0,34.0,201.0,10.0,4.0,0.0,0.0,0.0,0.0
2025/12/23,00:20:29,0,0.0,210.0,460.0,241.0,15.0,201.0,5.0,0.0,0.0,0.0,0.0,0.0
2025/12/23,00:20:34,0,0.0,195.0,462.0,242.0,42.0,203.0,11.0,4.0,0.0,0.0,0.0,0.0
2025/12/23,00:20:39,0,0.0,194.0,461.0,242.0,36.0,202.0,10.0,3.0,0.0,0.0,0.0,0.0
2025/12/23,00:20:44,0,0.0,202.0,463.0,242.0,15.0,202.0,5.0,0.0,0.0,0.0,0.0,0.0
2025/12/23,00:20:49,0,0.0,196.0,462.0,243.0,47.0,203.0,12.0,5.0,0.0,0.0,0.0,-0.0008
2025/12/23,00:20:54,0,0.0,204.0,463.0,242.0,20.0,203.0,7.0,1.0,0.0,0.0,0.0,0.0
2025/12/23,00:20:59,0,0.0,201.0,463.0,242.0,17.0,202.0,6.0,0.0,0.0,0.0,0.0,0.0
2025/12/23,00:21:04,0,0.0,197.0,461.0,241.0,44.0,201.0,11.0,5.0,0.0,0.0,0.0,0.0
2025/12/23,00:21:09,0,0.0,205.0,461.0,243.0,19.0,203.0,6.0,1.0,0.0,0.0,0.0,0.0
2025/12/23,00:21:14,0,0.0,197.0,461.0,242.0,24.0,202.0,6.0,1.0,0.0,0.0,0.0,0.0
2025/12/23,00:21:19,0,0.0,191.0,463.0,243.0,45.0,202.0,12.0,5.0,0.0,0.0,0.0,0.0
2025/12/23,00:21:24,0,0.0,214.0,464.0,242.0,16.0,202.0,5.0,0.0,0.0,0.0,0.0,0.0
2025/12/23,00:21:29,0,0.0,193.0,463.0,242.0,43.0,202.0,10.0,5.0,0.0,0.0,0.0,0.0
2025/12/23,00:21:34,0,0.0,211.0,464.0,240.0,17.0,201.0,6.0,0.0,0.0,0.0,0.0,0.0
2025/12/23,00:21:39,0,0.0,193.0,461.0,242.0,38.0,200.0,9.0,3.0,0.0,0.0,-0.0008,0.0
2025/12/23,00:21:44,0,0.0,194.0,462.0,241.0,47.0,201.0,12.0,5.0,0.0,0.0,0.0,0.0
2025/12/23,00:21:49,0,0.0,194.0,461.0,242.0,42.0,203.0,11.0,5.0,0.0,0.0,0.0,0.0
2025/12/23,00:21:54,0,0.0,199.0,461.0,242.0,15.0,203.0,5.0,0.0,0.0,0.0,0.0,0.0
2025/12/23,00:21:59,0,0.0,207.0,463.0,242.0,17.0,202.0,6.0,0.0,0.0,0.0,0.0,-0.0008
2025/12/23,00:22:04,0,0.0,190.0,462.0,242.0,46.0,202.0,11.0,5.0,0.0,0.0,0.0,0.0
2025/12/23,00:22:09,0,0.0,192.0,462.0,242.0,42.0,202.0,10.0,5.0,0.0,0.0,0.0,0.0
2025/12/23,00:22:14,0,0.0,198.0,463.0,243.0,20.0,203.0,6.0,0.0,0.0,0.0,0.0,-0.0008
2025/12/23,00:22:19,0,0.0,216.0,463.0,242.0,17.0,203.0,7.0,0.0,0.0,0.0,0.0,0.0
2025/12/23,00:22:24,0,0.0,188.0,462.0,242.0,45.0,201.0,10.0,4.0,0.0,0.0,0.0,-0.0008
2025/12/23,00:22:29,0,0.0,197.0,464.0,242.0,35.0,203.0,9.0,3.0,0.0,0.0,0.0,0.0
2025/12/23,00:22:34,0,0.0,215.0,464.0,243.0,15.0,203.0,6.0,0.0,0.0,0.0,0.0,0.0
2025/12/23,00:22:39,0,0.0,192.0,461.0,242.0,46.0,200.0,11.0,5.0,0.0,0.0,0.0,0.0
2025/12/23,00:22:44,0,0.0,203.0,464.0,242.0,14.0,202.0,5.0,0.0,0.0,0.0,0.0,0.0
2025/12/23,00:22:49,0,0.0,188.0,462.0,242.0,42.0,202.0,11.0,4.0,0.0,0.0,0.0,0.0
2025/12/23,00:22:54,0,0.0,199.0,463.0,242.0,27.0,201.0,7.0,2.0,0.0,0.0,0.0,-0.0008
2025/12/23,00:22:59,0,0.0,207.0,464.0,240.0,19.0,203.0,6.0,0.0,0.0,0.0,0.0,0.0
2025/12/23,00:23:04,0,0.0,196.0,459.0,242.0,45.0,201.0,10.0,5.0,0.0,0.0,0.0,-0.0008
2025/12/23,00:23:09,0,0.0,202.0,462.0,242.0,15.0,201.0,5.0,0.0,0.0,0.0,0.0,0.0
2025/12/23,00:23:14,0,0.0,192.0,462.0,242.0,34.0,202.0,9.0,4.0,0.0,0.0,0.0,0.0
2025/12/23,00:23:19,0,0.0,196.0,462.0,241.0,38.0,201.0,10.0,4.0,0.0,0.0,0.0,-0.0008
2025/12/23,00:23:24,0,0.0,215.0,463.0,242.0,16.0,202.0,6.0,0.0,0.0,0.0,0.0,0.0
2025/12/23,00:23:29,0,0.0,190.0,462.0,242.0,44.0,203.0,11.0,5.0,0.0,0.0,0.0,0.0
2025/12/23,00:23:34,0,0.0,198.0,463.0,242.0,30.0,204.0,8.0,2.0,0.0,0.0,0.0,0.0
2025/12/23,00:23:39,0,0.0,210.0,464.0,242.0,15.0,202.0,6.0,0.0,0.0,0.0,0.0,0.0
2025/12/23,00:23:44,0,0.0,195.0,461.0,242.0,46.0,201.0,12.0,5.0,0.0,0.0,0.0,0.0
2025/12/23,00:23:49,0,0.0,199.0,463.0,243.0,15.0,202.0,6.0,0.0,0.0,0.0,0.0,0.0
2025/12/23,00:23:54,0,0.0,200.0,463.0,240.0,21.0,201.0,7.0,1.0,0.0,0.0,0.0,0.0
2025/12/23,00:23:59,0,0.0,197.0,460.0,242.0,46.0,202.0,11.0,5.0,0.0,0.0,0.0,0.0
2025/12/23,00:24:04,0,0.0,199.0,464.0,242.0,16.0,202.0,5.0,1.0,0.0,0.0,0.0,0.0
2025/12/23,00:24:09,0,0.0,203.0,464.0,244.0,24.0,201.0,7.0,1.0,0.0,0.0,0.0,0.0
2025/12/23,00:24:14,0,0.0,194.0,463.0,242.0,41.0,202.0,10.0,4.0,0.0,0.0,0.0,0.0
2025/12/23,00:24:19,0,0.0,191.0,462.0,242.0,39.0,203.0,10.0,4.0,0.0,0.0,0.0,0.0
2025/12/23,00:25:00,0,0.0,194.0,461.0,243.0,45.0,202.0,12.0,5.0,0.0,0.0,0.0,0.0
2025/12/23,00:25:04,0,0.0,192.0,462.0,241.0,36.0,201.0,10.0,4.0,0.0,0.0,0.0,0.0
2025/12/23,00:25:09,0,0.0,210.0,463.0,240.0,14.0,201.0,5.0,0.0,0.0,0.0,0.0,0.0
2025/12/23,00:25:14,0,0.0,194.0,462.0,242.0,41.0,202.0,10.0,4.0,0.0,0.0,0.0,0.0
2025/12/23,00:25:19,0,0.0,206.0,462.0,241.0,19.0,201.0,6.0,1.0,0.0,0.0,0.0,0.0
2025/12/23,00:25:24,0,0.0,192.0,460.0,242.0,46.0,200.0,10.0,4.0,0.0,0.0,0.0,0.0
2025/12/23,00:25:29,0,0.0,214.0,464.0,242.0,15.0,203.0,6.0,0.0,0.0,0.0,0.0,0.0
2025/12/23,00:25:34,0,0.0,191.0,459.0,242.0,46.0,202.0,11.0,5.0,0.0,0.0,0.0,0.0
2025/12/23,00:25:39,0,0.0,208.0,463.0,242.0,15.0,202.0,5.0,0.0,0.0,0.0,0.0,0.0
2025/12/23,00:25:44,0,0.0,196.0,463.0,243.0,43.0,201.0,10.0,5.0,0.0,0.0,0.0,0.0
2025/12/23,00:25:49,0,0.0,207.0,463.0,242.0,19.0,202.0,7.0,1.0,0.0,0.0,0.0,0.0
2025/12/23,00:25:54,0,0.0,194.0,462.0,241.0,40.0,202.0,10.0,4.0,0.0,0.0,0.0,-0.0008
2025/12/23,00:25:59,0,0.0,215.0,464.0,242.0,17.0,202.0,5.0,0.0,0.0,0.0,0.0,0.0
2025/12/23,00:26:04,0,0.0,194.0,460.0,242.0,47.0,202.0,12.0,5.0,0.0,0.0,0.0,0.0
2025/12/23,00:26:09,0,0.0,205.0,463.0,242.0,15.0,202.0,6.0,0.0,0.0,0.0,0.0,0.0
2025/12/23,00:26:14,0,0.0,193.0,462.0,242.0,43.0,202.0,11.0,5.0,0.0,0.0,0.0,0.0
2025/12/23,00:26:19,0,0.0,210.0,463.0,242.0,14.0,203.0,5.0,0.0,0.0,0.0,0.0,0.0
2025/12/23,00:26:24,0,0.0,197.0,464.0,243.0,31.0,201.0,7.0,2.0,0.0,0.0,-0.0008,0.0
2025/12/23,00:26:29,0,0.0,191.0,462.0,242.0,44.0,202.0,12.0,5.0,0.0,0.0,0.0,0.0
2025/12/23,00:26:34,0,0.0,210.0,463.0,242.0,17.0,203.0,6.0,0.0,0.0,0.0,0.0,-0.0008
2025/12/23,00:26:39,0,0.0,199.0,464.0,242.0,27.0,202.0,6.0,1.0,0.0,0.0,0.0,0.0
2025/12/23,00:26:44,0,0.0,195.0,463.0,242.0,44.0,202.0,10.0,5.0,0.0,0.0,0.0,0.0
2025/12/23,00:26:49,0,0.0,193.0,463.0,242.0,34.0,201.0,8.0,4.0,0.0,0.0,0.0,0.0
2025/12/23,00:26:54,0,0.0,207.0,464.0,243.0,18.0,202.0,6.0,0.0,0.0,0.0,0.0,0.0
2025/12/23,00:26:59,0,0.0,211.0,463.0,240.0,17.0,202.0,6.0,0.0,0.0,0.0,0.0,0.0
2025/12/23,00:27:04,0,0.0,205.0,464.0,242.0,16.0,203.0,5.0,0.0,0.0,0.0,0.0,0.0
2025/12/23,00:27:09,0,0.0,196.0,460.0,242.0,39.0,203.0,9.0,4.0,0.0,0.0,0.0,0.0
2025/12/23,00:27:14,0,0.0,191.0,460.0,242.0,33.0,203.0,9.0,4.0,0.0,0.0,0.0,0.0
2025/12/23,00:27:19,0,0.0,196.0,463.0,240.0,31.0,201.0,8.0,3.0,0.0,0.0,0.0,0.0
2025/12/23,00:27:24,0,0.0,201.0,463.0,241.0,24.0,202.0,7.0,1.0,0.0,0.0,0.0,0.0
2025/12/23,00:27:29,0,0.0,206.0,463.0,241.0,11.0,204.0,4.0,0.0,0.0,0.0,0.0,0.0
2025/12/23,00:27:34,0,0.0,191.0,461.0,242.0,46.0,203.0,11.0,5.0,0.0,0.0,0.0,0.0
2025/12/23,00:27:39,0,0.0,209.0,461.0,243.0,17.0,202.0,5.0,1.0,0.0,0.0,-0.0008,0.0
2025/12/23,00:27:44,0,0.0,202.0,461.0,242.0,17.0,202.0,5.0,0.0,0.0,0.0,0.0,0.0
2025/12/23,00:27:49,0,0.0,196.0,462.0,242.0,36.0,202.0,9.0,3.0,0.0,0.0,0.0,0.0
2025/12/23,00:27:54,0,0.0,191.0,459.0,242.0,44.0,202.0,12.0,5.0,0.0,0.0,0.0,0.0
2025/12/23,00:27:59,0,0.0,214.0,461.0,242.0,15.0,202.0,6.0,0.0,0.0,0.0,0.0,0.0
2025/12/23,00:28:04,0,0.0,193.0,461.0,242.0,42.0,202.0,10.0,5.0,0.0,0.0,0.0,0.0
2025/12/23,00:28:09,0,0.0,200.0,463.0,242.0,25.0,203.0,7.0,2.0,0.0,0.0,0.0,0.0
2025/12/23,00:28:14,0,0.0,201.0,463.0,242.0,18.0,201.0,4.0,0.0,0.0,0.0,0.0,0.0
2025/12/23,00:28:19,0,0.0,196.0,462.0,242.0,44.0,202.0,10.0,5.0,0.0,0.0,0.0,0.0
2025/12/23,00:28:24,0,0.0,212.0,463.0,242.0,16.0,203.0,5.0,0.0,0.0,0.0,0.0,0.0
2025/12/23,00:28:29,0,0.0,198.0,462.0,242.0,44.0,201.0,10.0,5.0,0.0,0.0,0.0,0.0
2025/12/23,00:28:34,0,0.0,203.0,464.0,243.0,14.0,203.0,5.0,0.0,0.0,0.0,0.0,0.0
2025/12/23,00:28:39,0,0.0,206.0,463.0,243.0,21.0,203.0,7.0,1.0,0.0,0.0,0.0,0.0
2025/12/23,00:28:44,0,0.0,199.0,462.0,242.0,44.0,203.0,11.0,5.0,0.0,0.0,0.0,0.0
2025/12/23,00:28:49,0,0.0,209.0,463.0,242.0,14.0,201.0,5.0,0.0,0.0,0.0,0.0,0.0
2025/12/23,00:28:54,0,0.0,197.0,462.0,242.0,43.0,201.0,10.0,5.0,0.0,0.0,0.0,0.0
2025/12/23,00:28:59,0,0.0,207.0,463.0,241.0,18.0,201.0,6.0,0.0,0.0,0.0,0.0,0.0
2025/12/23,00:29:04,0,0.0,198.0,463.0,242.0,26.0,202.0,7.0,2.0,0.0,0.0,0.0,0.0
2025/12/23,00:29:09,0,0.0,192.0,462.0,242.0,45.0,203.0,11.0,5.0,0.0,0.0,0.0,0.0
2025/12/23,00:29:14,0,0.0,214.0,462.0,243.0,18.0,203.0,5.0,0.0,0.0,0.0,0.0,0.0
2025/12/23,00:29:19,0,0.0,197.0,463.0,242.0,31.0,202.0,8.0,2.0,0.0,0.0,0.0,0.0
2025/12/23,00:29:24,0,0.0,191.0,462.0,242.0,45.0,202.0,11.0,5.0,0.0,0.0,0.0,0.0
2025/12/23,00:29:29,0,0.0,196.0,463.0,240.0,34.0,201.0,10.0,4.0,0.0,0.0,0.0,0.0
2025/12/23,00:29:34,0,0.0,217.0,463.0,242.0,18.0,200.0,5.0,0.0,0.0,0.0,0.0,0.0
2025/12/23,00:29:39,0,0.0,196.0,462.0,242.0,32.0,202.0,9.0,3.0,0.0,0.0,0.0,0.0
2025/12/23,00:29:44,0,0.0,189.0,461.0,241.0,39.0,202.0,11.0,4.0,0.0,0.0,0.0,0.0
2025/12/23,00:29:49,0,0.0,200.0,464.0,242.0,17.0,202.0,5.0,0.0,0.0,0.0,0.0,0.0
2025/12/23,00:29:54,0,0.0,191.0,462.0,242.0,43.0,203.0,11.0,5.0,0.0,0.0,0.0,0.0
2025/12/23,00:29:59,0,0.0,212.0,464.0,242.0,15.0,202.0,5.0,0.0,0.0,0.0,0.0,0.0
2025/12/23,00:30:04,0,0.0,195.0,462.0,242.0,42.0,203.0,10.0,4.0,0.0,0.0,0.0,0.0
2025/12/23,00:30:09,0,0.0,190.0,462.0,242.0,42.0,200.0,10.0,5.0,0.0,0.0,0.0,-0.0008
2025/12/23,00:30:14,0,1.0,214.0,463.0,242.0,17.0,201.0,5.0,0.0,0.0,0.0,0.0,0.0
2025/12/23,00:30:19,0,0.0,195.0,463.0,242.0,22.0,202.0,6.0,1.0,0.0,0.0,0.0,-0.0008
2025/12/23,00:30:24,0,0.0,194.0,462.0,242.0,46.0,202.0,12.0,5.0,0.0,0.0,0.0,0.0
2025/12/23,00:30:29,0,0.0,198.0,463.0,240.0,25.0,200.0,8.0,2.0,0.0,0.0,0.0,0.0
2025/12/23,00:30:34,0,0.0,208.0,464.0,242.0,17.0,203.0,5.0,2.0,0.0,0.0,0.0,0.0
2025/12/23,00:30:39,0,0.0,213.0,461.0,242.0,17.0,202.0,5.0,0.0,0.0,0.0,0.0,0.0
2025/12/23,00:30:44,0,0.0,212.0,464.0,242.0,15.0,202.0,4.0,0.0,0.0,0.0,0.0,0.0
2025/12/23,00:30:49,0,0.0,194.0,462.0,243.0,36.0,203.0,8.0,3.0,0.0,0.0,0.0,0.0
2025/12/23,00:30:54,0,0.0,193.0,463.0,242.0,37.0,201.0,9.0,4.0,0.0,0.0,0.0,-0.0008
2025/12/23,00:30:59,0,0.0,199.0,464.0,242.0,16.0,203.0,5.0,0.0,0.0,0.0,0.0,0.0
2025/12/23,00:31:04,0,0.0,188.0,462.0,242.0,43.0,202.0,11.0,4.0,0.0,0.0,0.0,0.0
2025/12/23,00:31:09,0,0.0,198.0,463.0,240.0,20.0,201.0,6.0,0.0,0.0,0.0,0.0,0.0
2025/12/23,00:31:14,0,0.0,190.0,462.0,242.0,45.0,201.0,11.0,5.0,0.0,0.0,0.0,0.0
2025/12/23,00:31:19,0,0.0,201.0,463.0,242.0,23.0,201.0,6.0,1.0,0.0,0.0,0.0,0.0
2025/12/23,00:31:24,0,0.0,215.0,463.0,240.0,17.0,201.0,6.0,0.0,0.0,0.0,0.0,0.0
2025/12/23,00:31:29,0,0.0,205.0,463.0,242.0,16.0,202.0,5.0,0.0,0.0,0.0,0.0,0.0
2025/12/23,00:31:34,0,0.0,196.0,463.0,242.0,16.0,203.0,6.0,1.0,0.0,0.0,0.0,0.0
2025/12/23,00:31:39,0,0.0,197.0,459.0,242.0,37.0,203.0,9.0,3.0,0.0,0.0,0.0,0.0
2025/12/23,00:31:44,0,0.0,200.0,462.0,242.0,42.0,202.0,10.0,4.0,0.0,0.0,0.0,0.0
2025/12/23,00:31:49,0,0.0,189.0,462.0,242.0,41.0,201.0,10.0,5.0,0.0,0.0,0.0,-0.0008
2025/12/23,00:31:54,0,0.0,209.0,463.0,241.0,15.0,202.0,6.0,1.0,0.0,0.0,0.0,0.0
2025/12/23,00:31:59,0,0.0,201.0,464.0,242.0,17.0,203.0,5.0,0.0,0.0,0.0,0.0,0.0
2025/12/23,00:32:04,0,0.0,195.0,462.0,242.0,45.0,202.0,10.0,5.0,0.0,0.0,0.0,0.0
2025/12/23,00:32:09,0,0.0,187.0,462.0,242.0,40.0,203.0,11.0,4.0,0.0,0.0,0.0,0.0
2025/12/23,00:32:14,0,0.0,213.0,464.0,242.0,17.0,201.0,5.0,0.0,0.0,0.0,0.0,0.0
2025/12/23,00:32:19,0,0.0,206.0,464.0,244.0,15.0,201.0,5.0,0.0,0.0,0.0,0.0,0.0
2025/12/23,00:32:24,0,0.0,199.0,463.0,242.0,24.0,202.0,6.0,2.0,0.0,0.0,0.0,0.0
2025/12/23,00:32:29,0,0.0,196.0,463.0,242.0,29.0,203.0,8.0,2.0,0.0,0.0,0.0,0.0
2025/12/23,00:32:34,0,0.0,196.0,462.0,242.0,31.0,201.0,8.0,3.0,0.0,0.0,0.0,0.0
2025/12/23,00:32:39,0,0.0,198.0,464.0,242.0,23.0,202.0,6.0,2.0,0.0,0.0,0.0,0.0
2025/12/23,00:32:44,0,0.0,196.0,462.0,242.0,22.0,202.0,7.0,2.0,0.0,0.0,0.0,-0.0008
2025/12/23,00:32:49,0,0.0,195.0,462.0,242.0,37.0,202.0,10.0,4.0,0.0,0.0,0.0,0.0
2025/12/23,00:32:54,0,0.0,194.0,462.0,243.0,42.0,202.0,11.0,5.0,0.0,0.0,0.0,0.0
2025/12/23,00:32:59,0,0.0,202.0,463.0,242.0,23.0,203.0,8.0,1.0,0.0,0.0,0.0,0.0
2025/12/23,00:33:04,0,0.0,201.0,463.0,242.0,17.0,201.0,4.0,0.0,0.0,0.0,0.0,0.0
2025/12/23,00:33:09,0,0.0,194.0,462.0,242.0,44.0,202.0,11.0,5.0,0.0,0.0,0.0,0.0
2025/12/23,00:33:14,0,0.0,209.0,460.0,242.0,17.0,202.0,6.0,1.0,0.0,0.0,0.0,0.0
2025/12/23,00:33:19,0,0.0,198.0,461.0,242.0,31.0,202.0,8.0,3.0,0.0,0.0,0.0,0.0
2025/12/23,00:33:24,0,0.0,189.0,462.0,242.0,43.0,202.0,11.0,5.0,0.0,0.0,0.0,0.0
2025/12/23,00:33:29,0,0.0,209.0,463.0,242.0,14.0,203.0,5.0,0.0,0.0,0.0,0.0,0.0
2025/12/23,00:33:34,0,0.0,194.0,462.0,240.0,42.0,202.0,10.0,5.0,0.0,0.0,0.0,-0.0008
2025/12/23,00:33:39,0,0.0,212.0,463.0,242.0,14.0,200.0,5.0,0.0,0.0,0.0,0.0,0.0
2025/12/23,00:33:44,0,0.0,192.0,462.0,242.0,37.0,202.0,9.0,4.0,0.0,0.0,0.0,0.0
2025/12/23,00:33:49,0,0.0,193.0,462.0,243.0,45.0,202.0,11.0,5.0,0.0,0.0,0.0,0.0
2025/12/23,00:33:54,0,0.0,195.0,463.0,242.0,35.0,203.0,9.0,3.0,0.0,0.0,0.0,0.0
2025/12/23,00:33:59,0,0.0,207.0,464.0,242.0,12.0,202.0,5.0,0.0,0.0,0.0,0.0,0.0
2025/12/23,00:34:04,0,0.0,189.0,462.0,243.0,41.0,202.0,11.0,5.0,0.0,0.0,0.0,0.0
2025/12/23,00:34:09,0,0.0,198.0,462.0,240.0,33.0,203.0,8.0,2.0,0.0,0.0,0.0,0.0
2025/12/23,00:34:14,0,0.0,205.0,461.0,243.0,21.0,202.0,8.0,1.0,0.0,0.0,0.0,0.0
2025/12/23,00:34:19,0,0.0,194.0,462.0,241.0,43.0,202.0,10.0,4.0,0.0,0.0,0.0,0.0
2025/12/23,00:34:24,0,0.0,216.0,461.0,242.0,16.0,201.0,5.0,0.0,0.0,0.0,0.0,0.0
2025/12/23,00:34:29,0,0.0,189.0,461.0,240.0,45.0,201.0,11.0,5.0,0.0,0.0,0.0,0.0
2025/12/23,00:34:59,0,0.0,202.0,462.0,242.0,30.0,202.0,9.0,3.0,0.0,0.0,0.0,0.0
2025/12/23,00:35:03,0,0.0,187.0,462.0,240.0,40.0,202.0,10.0,4.0,0.0,0.0,0.0,0.0
2025/12/23,00:35:08,0,0.0,194.0,462.0,242.0,44.0,202.0,11.0,5.0,0.0,0.0,0.0,0.0
2025/12/23,00:35:13,0,0.0,195.0,462.0,242.0,39.0,203.0,9.0,3.0,0.0,0.0,0.0,0.0
2025/12/23,00:35:18,0,0.0,202.0,463.0,243.0,13.0,201.0,4.0,0.0,0.0,0.0,0.0,0.0
2025/12/23,00:35:23,0,0.0,211.0,464.0,242.0,15.0,202.0,5.0,0.0,0.0,0.0,0.0,0.0
2025/12/23,00:35:28,0,0.0,207.0,463.0,241.0,17.0,201.0,7.0,1.0,0.0,0.0,0.0,0.0
2025/12/23,00:35:33,0,0.0,192.0,462.0,242.0,37.0,200.0,8.0,3.0,0.0,0.0,0.0,0.0
2025/12/23,00:35:38,0,0.0,198.0,462.0,242.0,44.0,200.0,10.0,5.0,0.0,0.0,0.0,0.0
2025/12/23,00:35:43,0,0.0,198.0,463.0,242.0,13.0,202.0,6.0,0.0,0.0,0.0,0.0,0.0
2025/12/23,00:35:48,0,0.0,205.0,463.0,242.0,16.0,201.0,6.0,1.0,0.0,0.0,0.0,0.0
2025/12/23,00:35:53,0,0.0,194.0,459.0,242.0,44.0,202.0,11.0,5.0,0.0,0.0,0.0,0.0
2025/12/23,00:35:58,0,0.0,202.0,463.0,242.0,14.0,203.0,6.0,0.0,0.0,0.0,0.0,0.0
2025/12/23,00:36:03,0,0.0,202.0,464.0,242.0,21.0,202.0,6.0,1.0,0.0,0.0,0.0,0.0
2025/12/23,00:36:08,0,0.0,193.0,462.0,241.0,45.0,202.0,11.0,5.0,0.0,0.0,0.0,0.0
2025/12/23,00:36:13,0,0.0,195.0,460.0,243.0,37.0,201.0,9.0,3.0,0.0,0.0,0.0,0.0
2025/12/23,00:36:18,0,0.0,205.0,463.0,242.0,13.0,201.0,4.0,0.0,0.0,0.0,0.0,0.0
2025/12/23,00:36:23,0,0.0,199.0,463.0,242.0,28.0,202.0,8.0,2.0,0.0,0.0,0.0,0.0
2025/12/23,00:36:28,0,0.0,197.0,462.0,242.0,44.0,202.0,11.0,5.0,0.0,0.0,0.0,0.0
2025/12/23,00:36:33,0,0.0,198.0,464.0,242.0,21.0,202.0,6.0,1.0,0.0,0.0,0.0,0.0
2025/12/23,00:36:38,0,0.0,207.0,464.0,242.0,17.0,200.0,6.0,1.0,0.0,0.0,0.0,0.0
2025/12/23,00:36:43,0,0.0,197.0,463.0,242.0,45.0,202.0,11.0,5.0,0.0,0.0,0.0,0.0
2025/12/23,00:36:48,0,0.0,206.0,461.0,243.0,14.0,202.0,5.0,0.0,0.0,0.0,0.0,0.0
2025/12/23,00:36:53,0,0.0,188.0,462.0,242.0,40.0,202.0,11.0,5.0,0.0,0.0,0.0,0.0
2025/12/23,00:36:58,0,0.0,195.0,462.0,243.0,33.0,202.0,8.0,3.0,0.0,0.0,0.0,0.0
2025/12/23,00:37:03,0,0.0,210.0,463.0,243.0,15.0,201.0,6.0,0.0,0.0,0.0,0.0,0.0
2025/12/23,00:37:08,0,0.0,192.0,462.0,241.0,46.0,200.0,11.0,5.0,0.0,0.0,0.0,0.0
2025/12/23,00:37:13,0,0.0,204.0,465.0,241.0,13.0,203.0,5.0,0.0,0.0,0.0,0.0,0.0
2025/12/23,00:37:18,0,0.0,188.0,462.0,242.0,44.0,202.0,11.0,5.0,0.0,0.0,0.0,0.0
2025/12/23,00:37:23,0,0.0,201.0,464.0,242.0,14.0,202.0,5.0,0.0,0.0,0.0,0.0,-0.0008
2025/12/23,00:37:28,0,0.0,200.0,463.0,240.0,23.0,201.0,7.0,2.0,0.0,0.0,0.0,0.0
2025/12/23,00:37:33,0,0.0,208.0,460.0,240.0,19.0,201.0,5.0,0.0,0.0,0.0,0.0,-0.0008
2025/12/23,00:37:38,0,0.0,195.0,462.0,242.0,35.0,202.0,9.0,3.0,0.0,0.0,0.0,0.0
2025/12/23,00:37:43,0,0.0,190.0,461.0,242.0,37.0,200.0,10.0,4.0,0.0,0.0,0.0,0.0
2025/12/23,00:37:48,0,0.0,203.0,463.0,242.0,16.0,202.0,6.0,0.0,0.0,0.0,0.0,0.0
2025/12/23,00:37:53,0,0.0,194.0,461.0,242.0,44.0,201.0,11.0,5.0,0.0,0.0,0.0,0.0
2025/12/23,00:37:58,0,0.0,214.0,463.0,242.0,16.0,201.0,6.0,1.0,0.0,0.0,0.0,0.0
2025/12/23,00:38:03,0,0.0,196.0,463.0,242.0,34.0,202.0,8.0,3.0,0.0,0.0,0.0,0.0
2025/12/23,00:38:08,0,0.0,192.0,461.0,242.0,43.0,202.0,11.0,5.0,0.0,0.0,0.0,0.0
2025/12/23,00:38:13,0,0.0,210.0,463.0,242.0,15.0,202.0,6.0,0.0,0.0,0.0,0.0,0.0
2025/12/23,00:38:18,0,0.0,198.0,463.0,240.0,17.0,201.0,5.0,0.0,0.0,0.0,0.0,-0.0008
2025/12/23,00:38:23,0,0.0,196.0,462.0,242.0,43.0,202.0,10.0,5.0,0.0,0.0,0.0,0.0
2025/12/23,00:38:28,0,0.0,211.0,462.0,240.0,13.0,201.0,5.0,0.0,0.0,0.0,0.0,0.0
2025/12/23,00:38:33,0,0.0,195.0,463.0,242.0,41.0,202.0,9.0,4.0,0.0,0.0,0.0,0.0
2025/12/23,00:38:38,0,0.0,192.0,463.0,242.0,33.0,202.0,9.0,3.0,0.0,0.0,0.0,0.0
2025/12/23,00:38:43,0,0.0,198.0,463.0,242.0,23.0,203.0,6.0,1.0,0.0,0.0,0.0,0.0
2025/12/23,00:38:48,0,0.0,203.0,462.0,243.0,22.0,202.0,7.0,1.0,0.0,0.0,0.0,0.0
2025/12/23,00:38:53,0,0.0,199.0,462.0,240.0,44.0,202.0,10.0,4.0,0.0,0.0,0.0,0.0
2025/12/23,00:38:58,0,0.0,203.0,463.0,242.0,15.0,200.0,5.0,0.0,0.0,0.0,0.0,0.0
2025/12/23,00:39:03,0,0.0,197.0,463.0,243.0,32.0,202.0,9.0,2.0,0.0,0.0,0.0,-0.0008
2025/12/23,00:39:08,0,0.0,193.0,461.0,242.0,42.0,203.0,10.0,5.0,0.0,0.0,0.0,0.0
2025/12/23,00:39:13,0,0.0,209.0,464.0,242.0,14.0,202.0,5.0,0.0,0.0,0.0,0.0,0.0
2025/12/23,00:39:18,0,0.0,193.0,463.0,242.0,34.0,202.0,9.0,3.0,0.0,0.0,0.0,0.0
2025/12/23,00:39:23,0,0.0,196.0,462.0,242.0,44.0,202.0,11.0,5.0,0.0,0.0,0.0,0.0
2025/12/23,00:39:28,0,0.0,201.0,463.0,242.0,16.0,202.0,5.0,0.0,0.0,0.0,0.0,0.0
2025/12/23,00:39:33,0,0.0,193.0,463.0,242.0,38.0,200.0,9.0,3.0,0.0,0.0,0.0,0.0
2025/12/23,00:39:38,0,0.0,194.0,462.0,242.0,41.0,203.0,10.0,4.0,0.0,0.0,-0.0008,0.0
2025/12/23,00:39:43,0,0.0,214.0,463.0,240.0,15.0,201.0,5.0,0.0,0.0,0.0,0.0,0.0
2025/12/23,00:39:48,0,0.0,189.0,460.0,242.0,44.0,201.0,10.0,4.0,0.0,0.0,0.0,0.0
2025/12/23,00:39:53,0,0.0,195.0,462.0,242.0,36.0,201.0,9.0,3.0,0.0,0.0,0.0,0.0
2025/12/23,00:39:58,0,0.0,208.0,460.0,242.0,15.0,201.0,5.0,1.0,0.0,0.0,0.0,0.0
2025/12/23,00:40:03,0,0.0,192.0,461.0,242.0,43.0,200.0,10.0,4.0,0.0,0.0,0.0,0.0
2025/12/23,00:40:08,0,0.0,210.0,463.0,242.0,14.0,202.0,6.0,0.0,0.0,0.0,0.0,0.0
2025/12/23,00:40:13,0,0.0,192.0,463.0,242.0,41.0,202.0,10.0,4.0,0.0,0.0,0.0,0.0
2025/12/23,00:40:18,0,0.0,209.0,462.0,242.0,17.0,202.0,6.0,1.0,0.0,0.0,0.0,-0.0008
2025/12/23,00:40:23,0,0.0,192.0,462.0,241.0,47.0,202.0,10.0,4.0,0.0,0.0,0.0,-0.0008
2025/12/23,00:40:28,0,0.0,214.0,463.0,243.0,15.0,201.0,6.0,0.0,0.0,0.0,0.0,0.0
2025/12/23,00:40:33,0,0.0,195.0,462.0,242.0,46.0,202.0,11.0,5.0,0.0,0.0,0.0,0.0
2025/12/23,00:40:38,0,0.0,204.0,463.0,242.0,15.0,201.0,4.0,0.0,0.0,0.0,0.0,0.0
2025/12/23,00:40:43,0,0.0,190.0,463.0,242.0,36.0,202.0,10.0,5.0,0.0,0.0,0.0,0.0
2025/12/23,00:40:48,0,0.0,196.0,463.0,243.0,45.0,202.0,11.0,5.0,0.0,0.0,0.0,0.0
2025/12/23,00:40:53,0,0.0,195.0,461.0,242.0,42.0,200.0,10.0,5.0,0.0,0.0,0.0,0.0
2025/12/23,00:40:58,0,0.0,195.0,462.0,242.0,38.0,203.0,10.0,4.0,0.0,0.0,0.0,0.0
2025/12/23,00:41:03,0,0.0,200.0,464.0,241.0,13.0,202.0,4.0,0.0,0.0,0.0,0.0,-0.0008
2025/12/23,00:41:08,0,0.0,191.0,463.0,242.0,38.0,202.0,11.0,4.0,0.0,0.0,0.0,0.0
2025/12/23,00:41:13,0,0.0,197.0,464.0,240.0,20.0,202.0,6.0,0.0,0.0,0.0,0.0,0.0
2025/12/23,00:41:18,0,0.0,186.0,461.0,240.0,42.0,201.0,9.0,4.0,0.0,0.0,0.0,0.0
2025/12/23,00:41:23,0,0.0,203.0,463.0,242.0,14.0,202.0,5.0,0.0,0.0,0.0,0.0,0.0
2025/12/23,00:41:28,0,0.0,192.0,459.0,242.0,46.0,202.0,11.0,5.0,0.0,0.0,0.0,0.0
2025/12/23,00:41:33,0,0.0,204.0,463.0,242.0,15.0,199.0,5.0,0.0,0.0,0.0,0.0,0.0
2025/12/23,00:41:38,0,0.0,192.0,462.0,242.0,44.0,201.0,10.0,5.0,0.0,0.0,0.0,0.0
2025/12/23,00:41:43,0,0.0,209.0,464.0,243.0,13.0,203.0,5.0,0.0,0.0,0.0,0.0,0.0
2025/12/23,00:41:48,0,0.0,200.0,459.0,241.0,42.0,201.0,10.0,4.0,0.0,0.0,0.0,0.0
2025/12/23,00:41:53,0,0.0,208.0,464.0,242.0,22.0,201.0,6.0,1.0,0.0,0.0,0.0,0.0
2025/12/23,00:41:58,0,0.0,193.0,463.0,242.0,39.0,202.0,9.0,4.0,0.0,0.0,0.0,0.0
2025/12/23,00:42:03,0,0.0,200.0,462.0,242.0,25.0,200.0,7.0,1.0,0.0,0.0,0.0,0.0
2025/12/23,00:42:08,0,0.0,197.0,463.0,242.0,19.0,201.0,5.0,1.0,0.0,0.0,0.0,0.0
2025/12/23,00:42:13,0,0.0,191.0,463.0,240.0,43.0,201.0,11.0,5.0,0.0,0.0,0.0,0.0
2025/12/23,00:42:18,0,0.0,201.0,463.0,242.0,17.0,203.0,5.0,0.0,0.0,0.0,0.0,0.0
2025/12/23,00:42:23,0,0.0,191.0,463.0,242.0,36.0,202.0,10.0,4.0,0.0,0.0,0.0,0.0
2025/12/23,00:42:28,0,0.0,195.0,462.0,241.0,33.0,203.0,9.0,3.0,0.0,0.0,0.0,0.0
2025/12/23,00:42:33,0,0.0,209.0,463.0,240.0,16.0,203.0,7.0,0.0,0.0,0.0,0.0,0.0
2025/12/23,00:42:38,0,0.0,197.0,463.0,242.0,43.0,201.0,10.0,5.0,0.0,0.0,0.0,0.0
2025/12/23,00:42:43,0,0.0,210.0,464.0,241.0,14.0,201.0,4.0,0.0,0.0,0.0,0.0,-0.0008
2025/12/23,00:42:48,0,0.0,193.0,462.0,242.0,47.0,203.0,12.0,5.0,0.0,0.0,0.0,0.0
2025/12/23,00:42:53,0,0.0,214.0,463.0,242.0,17.0,202.0,5.0,0.0,0.0,0.0,0.0,-0.0008
2025/12/23,00:42:58,0,0.0,197.0,461.0,242.0,23.0,202.0,6.0,1.0,0.0,0.0,0.0,-0.0008
2025/12/23,00:43:03,0,0.0,192.0,463.0,242.0,42.0,202.0,10.0,5.0,0.0,0.0,0.0,0.0
2025/12/23,00:43:08,0,0.0,210.0,464.0,241.0,15.0,202.0,6.0,0.0,0.0,0.0,0.0,0.0
2025/12/23,00:43:13,0,0.0,197.0,461.0,242.0,22.0,201.0,5.0,1.0,0.0,0.0,0.0,0.0
2025/12/23,00:43:18,0,0.0,199.0,461.0,241.0,42.0,201.0,9.0,4.0,0.0,0.0,0.0,0.0
2025/12/23,00:43:23,0,0.0,186.0,462.0,240.0,41.0,202.0,11.0,4.0,0.0,0.0,0.0,-0.0008
2025/12/23,00:43:28,0,0.0,211.0,461.0,242.0,17.0,203.0,6.0,0.0,0.0,0.0,0.0,0.0
2025/12/23,00:43:33,0,0.0,195.0,464.0,242.0,21.0,202.0,6.0,1.0,0.0,0.0,0.0,0.0
2025/12/23,00:43:38,0,0.0,188.0,462.0,242.0,39.0,202.0,10.0,5.0,0.0,0.0,0.0,-0.0008
2025/12/23,00:43:43,0,0.0,195.0,463.0,242.0,27.0,201.0,7.0,2.0,0.0,0.0,0.0,0.0
2025/12/23,00:43:48,0,0.0,202.0,462.0,241.0,22.0,202.0,7.0,1.0,0.0,0.0,0.0,0.0
2025/12/23,00:43:53,0,0.0,197.0,462.0,240.0,39.0,201.0,9.0,2.0,0.0,0.0,0.0,0.0
2025/12/23,00:43:58,0,0.0,196.0,463.0,241.0,30.0,201.0,8.0,3.0,0.0,0.0,0.0,0.0
2025/12/23,00:44:03,0,0.0,202.0,463.0,242.0,17.0,202.0,6.0,0.0,0.0,0.0,0.0,-0.0008
2025/12/23,00:44:08,0,0.0,194.0,462.0,242.0,44.0,202.0,11.0,5.0,0.0,0.0,0.0,0.0
2025/12/23,00:44:13,0,0.0,208.0,464.0,242.0,13.0,202.0,4.0,0.0,0.0,0.0,0.0,0.0
2025/12/23,00:44:18,0,0.0,189.0,461.0,242.0,45.0,201.0,10.0,5.0,0.0,0.0,0.0,0.0
2025/12/23,00:44:23,0,0.0,198.0,463.0,242.0,21.0,202.0,6.0,1.0,0.0,0.0,0.0,0.0
2025/12/23,00:44:28,0,0.0,203.0,464.0,242.0,18.0,201.0,6.0,1.0,0.0,0.0,0.0,0.0
2025/12/23,00:44:33,0,0.0,197.0,461.0,242.0,45.0,202.0,11.0,5.0,0.0,0.0,0.0,0.0
2025/12/23,00:45:11,0,0.0,207.0,463.0,242.0,19.0,201.0,8.0,0.0,0.0,0.0,0.0,0.0
2025/12/23,00:45:13,0,0.0,194.0,462.0,241.0,37.0,202.0,10.0,4.0,0.0,0.0,0.0,0.0
2025/12/23,00:45:18,0,0.0,196.0,462.0,242.0,31.0,202.0,10.0,4.0,0.0,0.0,0.0,0.0
2025/12/23,00:45:23,0,0.0,205.0,463.0,241.0,14.0,201.0,5.0,0.0,0.0,0.0,0.0,0.0
2025/12/23,00:45:28,0,0.0,191.0,463.0,240.0,42.0,203.0,10.0,5.0,0.0,0.0,0.0,0.0
2025/12/23,00:45:33,0,0.0,196.0,461.0,242.0,28.0,202.0,8.0,3.0,0.0,0.0,0.0,0.0
2025/12/23,00:45:38,0,0.0,194.0,461.0,242.0,44.0,201.0,10.0,5.0,0.0,0.0,0.0,-0.0008
2025/12/23,00:45:43,0,0.0,196.0,463.0,242.0,21.0,202.0,6.0,1.0,0.0,0.0,0.0,-0.0008
2025/12/23,00:45:48,0,0.0,212.0,463.0,242.0,12.0,202.0,5.0,0.0,0.0,0.0,0.0,0.0
2025/12/23,00:45:53,0,0.0,200.0,462.0,241.0,22.0,201.0,7.0,2.0,0.0,0.0,0.0,0.0
2025/12/23,00:45:58,0,0.0,190.0,459.0,241.0,47.0,200.0,11.0,5.0,0.0,0.0,0.0,0.0
2025/12/23,00:46:03,0,0.0,196.0,462.0,242.0,30.0,203.0,9.0,3.0,0.0,0.0,0.0,0.0
2025/12/23,00:46:08,0,0.0,213.0,463.0,240.0,13.0,201.0,5.0,0.0,0.0,0.0,0.0,0.0
2025/12/23,00:46:13,0,0.0,194.0,461.0,242.0,35.0,202.0,9.0,3.0,0.0,0.0,0.0,0.0
2025/12/23,00:46:18,0,0.0,199.0,462.0,241.0,42.0,202.0,10.0,5.0,0.0,0.0,0.0,0.0
2025/12/23,00:46:23,0,0.0,197.0,464.0,243.0,25.0,202.0,7.0,2.0,0.0,0.0,0.0,0.0
2025/12/23,00:46:28,0,0.0,211.0,463.0,242.0,12.0,203.0,5.0,0.0,0.0,0.0,0.0,0.0
2025/12/23,00:46:33,0,0.0,194.0,463.0,242.0,34.0,200.0,8.0,3.0,0.0,0.0,0.0,0.0
2025/12/23,00:46:38,0,0.0,195.0,462.0,243.0,43.0,200.0,10.0,5.0,0.0,0.0,0.0,0.0
2025/12/23,00:46:43,0,0.0,197.0,463.0,242.0,20.0,203.0,5.0,1.0,0.0,0.0,0.0,0.0
2025/12/23,00:46:48,0,0.0,210.0,464.0,242.0,13.0,202.0,5.0,0.0,0.0,0.0,0.0,0.0
2025/12/23,00:46:53,0,0.0,207.0,464.0,242.0,21.0,202.0,6.0,1.0,0.0,0.0,0.0,-0.0008
2025/12/23,00:46:58,0,0.0,191.0,462.0,242.0,44.0,203.0,11.0,5.0,0.0,0.0,0.0,0.0
2025/12/23,00:47:03,0,0.0,194.0,462.0,241.0,40.0,201.0,10.0,4.0,0.0,0.0,0.0,0.0
2025/12/23,00:47:08,0,0.0,202.0,463.0,242.0,13.0,203.0,5.0,0.0,0.0,0.0,0.0,0.0
2025/12/23,00:47:13,0,0.0,207.0,463.0,241.0,17.0,201.0,6.0,0.0,0.0,0.0,0.0,0.0
2025/12/23,00:47:18,0,0.0,196.0,462.0,242.0,44.0,203.0,10.0,4.0,0.0,0.0,0.0,-0.0008
2025/12/23,00:47:23,0,0.0,206.0,464.0,242.0,14.0,202.0,5.0,0.0,0.0,0.0,0.0,-0.0008
2025/12/23,00:47:28,0,0.0,202.0,462.0,240.0,29.0,203.0,7.0,2.0,0.0,0.0,0.0,0.0
2025/12/23,00:47:33,0,0.0,191.0,459.0,242.0,44.0,201.0,10.0,5.0,0.0,0.0,0.0,0.0
2025/12/23,00:47:38,0,0.0,195.0,462.0,240.0,43.0,203.0,11.0,4.0,0.0,0.0,0.0,0.0
2025/12/23,00:47:43,0,0.0,216.0,462.0,242.0,16.0,203.0,5.0,0.0,0.0,0.0,0.0,-0.0008
2025/12/23,00:47:48,0,0.0,192.0,461.0,242.0,43.0,202.0,10.0,5.0,0.0,0.0,0.0,0.0
2025/12/23,00:47:53,0,0.0,205.0,463.0,242.0,16.0,202.0,6.0,1.0,0.0,0.0,0.0,0.0
2025/12/23,00:47:58,0,0.0,188.0,462.0,242.0,45.0,203.0,11.0,5.0,0.0,0.0,0.0,0.0
2025/12/23,00:48:03,0,0.0,197.0,462.0,241.0,47.0,201.0,12.0,5.0,0.0,0.0,0.0,0.0
2025/12/23,00:48:08,0,0.0,201.0,463.0,240.0,20.0,201.0,6.0,2.0,0.0,0.0,0.0,0.0
2025/12/23,00:48:13,0,0.0,207.0,464.0,242.0,15.0,203.0,5.0,0.0,0.0,0.0,0.0,0.0
2025/12/23,00:48:18,0,0.0,191.0,462.0,241.0,36.0,201.0,8.0,3.0,0.0,0.0,0.0,0.0
2025/12/23,00:48:23,0,0.0,198.0,462.0,242.0,43.0,200.0,10.0,5.0,0.0,0.0,0.0,0.0
2025/12/23,00:48:28,0,0.0,197.0,463.0,242.0,24.0,202.0,6.0,2.0,0.0,0.0,0.0,-0.0008
2025/12/23,00:48:33,0,0.0,212.0,461.0,242.0,15.0,201.0,4.0,0.0,0.0,0.0,0.0,0.0
2025/12/23,00:48:38,0,0.0,187.0,462.0,242.0,45.0,203.0,11.0,5.0,0.0,0.0,0.0,0.0
2025/12/23,00:48:43,0,0.0,194.0,461.0,240.0,40.0,201.0,9.0,4.0,0.0,0.0,0.0,0.0
2025/12/23,00:48:48,0,0.0,208.0,464.0,242.0,14.0,202.0,5.0,0.0,0.0,0.0,0.0,0.0
2025/12/23,00:48:53,0,0.0,188.0,460.0,242.0,41.0,201.0,11.0,4.0,0.0,0.0,0.0,0.0
2025/12/23,00:48:58,0,0.0,197.0,461.0,242.0,34.0,201.0,8.0,3.0,0.0,0.0,0.0,0.0
2025/12/23,00:49:03,0,0.0,202.0,463.0,242.0,22.0,202.0,6.0,2.0,0.0,0.0,0.0,0.0
2025/12/23,00:49:08,0,0.0,196.0,463.0,243.0,37.0,203.0,9.0,4.0,0.0,0.0,0.0,0.0
2025/12/23,00:49:13,0,0.0,203.0,461.0,242.0,22.0,200.0,7.0,2.0,0.0,0.0,0.0,0.0
2025/12/23,00:49:18,0,0.0,197.0,463.0,242.0,31.0,202.0,8.0,3.0,0.0,0.0,0.0,0.0
2025/12/23,00:49:23,0,0.0,193.0,463.0,242.0,31.0,203.0,9.0,3.0,0.0,0.0,0.0,-0.0008
2025/12/23,00:49:28,0,0.0,196.0,462.0,243.0,23.0,201.0,7.0,1.0,0.0,0.0,0.0,-0.0008
2025/12/23,00:49:33,0,0.0,191.0,462.0,241.0,41.0,201.0,9.0,3.0,0.0,0.0,0.0,0.0
2025/12/23,00:49:38,0,0.0,201.0,464.0,242.0,16.0,203.0,5.0,0.0,0.0,0.0,0.0,0.0
2025/12/23,00:49:43,0,0.0,194.0,463.0,240.0,44.0,202.0,11.0,5.0,0.0,0.0,0.0,0.0
2025/12/23,00:49:48,0,0.0,211.0,462.0,240.0,15.0,201.0,5.0,0.0,0.0,0.0,0.0,0.0
2025/12/23,00:49:53,0,0.0,198.0,461.0,242.0,32.0,202.0,9.0,2.0,0.0,0.0,0.0,0.0
2025/12/23,00:49:58,0,0.0,191.0,463.0,240.0,43.0,201.0,11.0,5.0,0.0,0.0,0.0,0.0
2025/12/23,00:50:03,0,0.0,206.0,462.0,242.0,13.0,201.0,4.0,0.0,0.0,0.0,0.0,0.0
2025/12/23,00:50:08,0,0.0,197.0,462.0,242.0,44.0,202.0,10.0,4.0,0.0,0.0,0.0,0.0
2025/12/23,00:50:13,0,0.0,213.0,463.0,242.0,16.0,202.0,6.0,0.0,0.0,0.0,0.0,0.0
2025/12/23,00:50:18,0,0.0,192.0,463.0,243.0,43.0,202.0,10.0,5.0,0.0,0.0,0.0,0.0
2025/12/23,00:50:23,0,0.0,210.0,463.0,242.0,14.0,202.0,5.0,0.0,0.0,0.0,0.0,0.0
2025/12/23,00:50:28,0,0.0,191.0,462.0,241.0,44.0,201.0,10.0,5.0,0.0,0.0,0.0,0.0
2025/12/23,00:50:33,0,0.0,211.0,464.0,243.0,14.0,203.0,5.0,0.0,0.0,0.0,0.0,0.0
2025/12/23,00:50:38,0,0.0,191.0,463.0,242.0,44.0,203.0,11.0,5.0,0.0,0.0,0.0,0.0
2025/12/23,00:50:43,0,0.0,198.0,463.0,242.0,18.0,202.0,6.0,0.0,0.0,0.0,0.0,0.0
2025/12/23,00:50:48,0,0.0,199.0,463.0,242.0,30.0,203.0,9.0,2.0,0.0,0.0,0.0,0.0
2025/12/23,00:50:53,0,0.0,197.0,462.0,243.0,39.0,202.0,9.0,4.0,0.0,0.0,0.0,0.0
2025/12/23,00:50:58,0,0.0,201.0,461.0,241.0,25.0,203.0,8.0,2.0,0.0,0.0,0.0,0.0
2025/12/23,00:51:03,0,0.0,198.0,462.0,240.0,25.0,203.0,7.0,2.0,0.0,0.0,0.0,0.0
2025/12/23,00:51:08,0,0.0,190.0,462.0,240.0,39.0,203.0,11.0,4.0,0.0,0.0,0.0,0.0
2025/12/23,00:51:13,0,1.0,197.0,462.0,242.0,21.0,203.0,7.0,1.0,0.0,0.0,0.0,0.0
2025/12/23,00:51:18,0,0.0,191.0,461.0,242.0,38.0,202.0,10.0,4.0,0.0,0.0,0.0,0.0
2025/12/23,00:51:23,0,0.0,198.0,463.0,242.0,20.0,203.0,6.0,1.0,0.0,0.0,0.0,0.0
2025/12/23,00:51:28,0,0.0,186.0,462.0,241.0,40.0,202.0,10.0,4.0,0.0,0.0,0.0,0.0
2025/12/23,00:51:33,0,0.0,200.0,464.0,242.0,17.0,203.0,5.0,1.0,0.0,0.0,0.0,-0.0008
2025/12/23,00:51:38,0,0.0,187.0,463.0,242.0,43.0,202.0,10.0,5.0,0.0,0.0,0.0,0.0
2025/12/23,00:51:43,0,0.0,204.0,463.0,243.0,15.0,201.0,5.0,0.0,0.0,0.0,0.0,0.0
2025/12/23,00:51:48,0,0.0,196.0,462.0,242.0,42.0,201.0,9.0,4.0,0.0,0.0,0.0,0.0
2025/12/23,00:51:53,0,0.0,192.0,463.0,242.0,35.0,203.0,10.0,4.0,0.0,0.0,0.0,-0.0008
2025/12/23,00:51:58,0,0.0,216.0,463.0,240.0,15.0,201.0,5.0,0.0,0.0,0.0,0.0,0.0
2025/12/23,00:52:03,0,0.0,197.0,462.0,243.0,29.0,201.0,7.0,2.0,0.0,0.0,0.0,0.0
2025/12/23,00:52:08,0,0.0,189.0,463.0,243.0,42.0,203.0,10.0,5.0,0.0,0.0,0.0,0.0
2025/12/23,00:52:13,0,0.0,216.0,463.0,243.0,17.0,202.0,6.0,0.0,0.0,0.0,0.0,0.0
2025/12/23,00:52:18,0,0.0,196.0,462.0,241.0,34.0,202.0,8.0,3.0,0.0,0.0,0.0,0.0
2025/12/23,00:52:23,0,0.0,187.0,462.0,242.0,43.0,203.0,11.0,4.0,0.0,0.0,0.0,0.0
2025/12/23,00:52:28,0,0.0,205.0,463.0,242.0,14.0,203.0,5.0,0.0,0.0,0.0,0.0,0.0
2025/12/23,00:52:33,0,0.0,191.0,463.0,243.0,44.0,203.0,11.0,5.0,0.0,0.0,0.0,0.0
2025/12/23,00:52:38,0,0.0,201.0,464.0,240.0,15.0,202.0,5.0,0.0,0.0,0.0,0.0,-0.0008
2025/12/23,00:52:43,0,0.0,190.0,462.0,241.0,40.0,203.0,10.0,4.0,0.0,0.0,0.0,0.0
2025/12/23,00:52:48,0,0.0,196.0,463.0,240.0,17.0,202.0,5.0,0.0,0.0,0.0,0.0,0.0
2025/12/23,00:52:53,0,0.0,189.0,462.0,242.0,41.0,202.0,11.0,4.0,0.0,0.0,0.0,0.0
2025/12/23,00:52:58,0,0.0,199.0,464.0,242.0,17.0,203.0,6.0,0.0,0.0,0.0,0.0,-0.0008
2025/12/23,00:53:03,0,0.0,190.0,462.0,241.0,43.0,202.0,11.0,5.0,0.0,0.0,0.0,0.0
2025/12/23,00:53:08,0,0.0,209.0,464.0,242.0,14.0,202.0,5.0,0.0,0.0,0.0,0.0,0.0
2025/12/23,00:53:13,0,0.0,196.0,462.0,242.0,42.0,203.0,10.0,5.0,0.0,0.0,0.0,0.0
2025/12/23,00:53:18,0,0.0,207.0,462.0,242.0,19.0,202.0,6.0,0.0,0.0,0.0,0.0,0.0
2025/12/23,00:53:23,0,0.0,196.0,463.0,242.0,23.0,202.0,6.0,1.0,0.0,0.0,0.0,0.0
2025/12/23,00:53:28,0,0.0,193.0,463.0,242.0,43.0,202.0,11.0,5.0,0.0,0.0,0.0,0.0
2025/12/23,00:53:33,0,0.0,208.0,464.0,242.0,17.0,202.0,6.0,0.0,0.0,0.0,0.0,0.0
2025/12/23,00:53:38,0,0.0,194.0,463.0,241.0,21.0,201.0,6.0,1.0,0.0,0.0,0.0,0.0
2025/12/23,00:53:43,0,0.0,195.0,463.0,242.0,45.0,203.0,11.0,5.0,0.0,0.0,0.0,0.0
2025/12/23,00:53:48,0,0.0,210.0,464.0,243.0,16.0,203.0,7.0,1.0,0.0,0.0,0.0,-0.0008
2025/12/23,00:53:53,0,0.0,194.0,461.0,242.0,32.0,200.0,8.0,3.0,0.0,0.0,0.0,0.0
2025/12/23,00:53:58,0,0.0,187.0,462.0,242.0,47.0,203.0,10.0,5.0,0.0,0.0,0.0,0.0
2025/12/23,00:54:03,0,0.0,205.0,464.0,242.0,14.0,202.0,5.0,0.0,0.0,0.0,0.0,0.0
2025/12/23,00:54:08,0,0.0,197.0,462.0,242.0,45.0,203.0,11.0,5.0,0.0,0.0,0.0,0.0
2025/12/23,00:54:13,0,0.0,208.0,464.0,241.0,13.0,202.0,4.0,0.0,0.0,0.0,0.0,0.0
2025/12/23,00:54:18,0,0.0,195.0,463.0,241.0,41.0,202.0,9.0,4.0,0.0,0.0,0.0,0.0
2025/12/23,00:54:23,0,0.0,208.0,464.0,241.0,17.0,202.0,6.0,1.0,0.0,0.0,0.0,0.0
2025/12/23,00:54:28,0,0.0,196.0,462.0,242.0,37.0,201.0,8.0,3.0,0.0,0.0,0.0,0.0
2025/12/23,00:54:33,0,0.0,195.0,460.0,240.0,29.0,200.0,8.0,3.0,0.0,0.0,0.0,0.0
2025/12/23,00:54:38,0,0.0,202.0,464.0,242.0,15.0,202.0,5.0,0.0,0.0,0.0,0.0,-0.0008
2025/12/23,00:54:43,0,0.0,195.0,461.0,242.0,43.0,201.0,10.0,4.0,0.0,0.0,0.0,-0.0008
2025/12/23,00:54:48,0,0.0,198.0,463.0,242.0,28.0,202.0,8.0,3.0,0.0,0.0,0.0,-0.0008
2025/12/23,00:55:28,0,0.0,217.0,463.0,242.0,12.0,202.0,6.0,0.0,0.0,0.0,0.0,0.0
2025/12/23,00:55:32,0,0.0,197.0,462.0,241.0,32.0,201.0,8.0,3.0,0.0,0.0,0.0,0.0
2025/12/23,00:55:37,0,0.0,199.0,465.0,242.0,18.0,201.0,5.0,0.0,0.0,0.0,0.0,0.0
2025/12/23,00:55:42,0,0.0,191.0,462.0,240.0,45.0,201.0,11.0,5.0,0.0,0.0,0.0,0.0
2025/12/23,00:55:47,0,0.0,204.0,463.0,242.0,16.0,202.0,5.0,0.0,0.0,0.0,0.0,0.0
2025/12/23,00:55:52,0,0.0,186.0,462.0,242.0,44.0,201.0,11.0,5.0,0.0,0.0,0.0,0.0
2025/12/23,00:55:57,0,0.0,201.0,464.0,242.0,16.0,203.0,6.0,0.0,0.0,0.0,0.0,0.0
2025/12/23,00:56:02,0,0.0,191.0,463.0,242.0,45.0,202.0,11.0,5.0,0.0,0.0,0.0,0.0
2025/12/23,00:56:07,0,0.0,211.0,463.0,242.0,13.0,202.0,5.0,0.0,0.0,0.0,0.0,0.0
2025/12/23,00:56:12,0,0.0,195.0,463.0,241.0,46.0,201.0,10.0,5.0,0.0,0.0,0.0,-0.0008
2025/12/23,00:56:17,0,0.0,216.0,464.0,242.0,15.0,203.0,5.0,0.0,0.0,0.0,0.0,0.0
2025/12/23,00:56:22,0,0.0,190.0,462.0,241.0,42.0,202.0,10.0,5.0,0.0,0.0,0.0,0.0
2025/12/23,00:56:27,0,0.0,207.0,462.0,242.0,18.0,202.0,6.0,1.0,0.0,0.0,0.0,0.0
2025/12/23,00:56:32,0,0.0,194.0,462.0,243.0,42.0,202.0,9.0,4.0,0.0,0.0,0.0,0.0
2025/12/23,00:56:37,0,1.0,212.0,463.0,241.0,16.0,202.0,5.0,0.0,0.0,0.0,0.0,0.0
2025/12/23,00:56:42,0,0.0,196.0,463.0,240.0,43.0,201.0,10.0,5.0,0.0,0.0,0.0,0.0
2025/12/23,00:56:47,0,3.0,208.0,462.0,241.0,17.0,202.0,6.0,1.0,0.0,0.0,0.0,0.0
2025/12/23,00:56:52,0,0.0,198.0,460.0,243.0,15.0,202.0,6.0,0.0,0.0,0.0,0.0,0.0
2025/12/23,00:56:57,0,0.0,197.0,462.0,242.0,43.0,201.0,10.0,5.0,0.0,0.0,0.0,0.0
2025/12/23,00:57:02,0,0.0,198.0,462.0,241.0,28.0,201.0,8.0,2.0,0.0,0.0,0.0,0.0
2025/12/23,00:57:07,0,0.0,207.0,463.0,241.0,15.0,201.0,4.0,0.0,0.0,0.0,0.0,0.0
2025/12/23,00:57:12,0,0.0,191.0,463.0,242.0,44.0,202.0,10.0,5.0,0.0,0.0,0.0,0.0
2025/12/23,00:57:17,0,0.0,199.0,462.0,241.0,26.0,201.0,7.0,2.0,0.0,0.0,0.0,0.0
2025/12/23,00:57:22,0,0.0,201.0,463.0,241.0,16.0,203.0,6.0,0.0,0.0,0.0,0.0,0.0
2025/12/23,00:57:27,0,0.0,197.0,462.0,241.0,44.0,201.0,10.0,4.0,0.0,0.0,0.0,0.0
2025/12/23,00:57:32,0,0.0,202.0,463.0,242.0,28.0,201.0,6.0,1.0,0.0,0.0,0.0,0.0
2025/12/23,00:57:37,0,0.0,199.0,463.0,242.0,17.0,202.0,5.0,0.0,0.0,0.0,0.0,-0.0008
2025/12/23,00:57:42,0,0.0,193.0,462.0,240.0,44.0,201.0,11.0,5.0,0.0,0.0,0.0,-0.0008
2025/12/23,00:57:47,0,0.0,208.0,464.0,242.0,15.0,200.0,5.0,0.0,0.0,0.0,0.0,0.0
2025/12/23,00:57:52,0,0.0,197.0,463.0,242.0,24.0,202.0,7.0,2.0,0.0,0.0,0.0,0.0
2025/12/23,00:57:57,0,0.0,194.0,463.0,242.0,44.0,202.0,11.0,5.0,0.0,0.0,0.0,0.0
2025/12/23,00:58:37,0,0.0,195.0,461.0,242.0,65.0,201.0,14.0,6.0,0.0,0.0,0.0,0.0
2025/12/23,00:58:42,0,0.0,198.0,462.0,242.0,45.0,202.0,10.0,4.0,0.0,0.0,0.0,0.0
2025/12/23,00:58:47,0,0.0,204.0,461.0,242.0,23.0,201.0,6.0,2.0,0.0,0.0,0.0,0.0
2025/12/23,00:58:52,0,0.0,199.0,464.0,242.0,22.0,202.0,6.0,1.0,0.0,0.0,0.0,0.0
2025/12/23,00:58:57,0,0.0,189.0,462.0,241.0,43.0,201.0,11.0,5.0,0.0,0.0,0.0,0.0
2025/12/23,00:59:02,0,0.0,215.0,464.0,242.0,15.0,203.0,5.0,0.0,0.0,0.0,0.0,0.0
2025/12/23,00:59:07,0,0.0,193.0,462.0,241.0,41.0,203.0,10.0,4.0,0.0,0.0,0.0,0.0
2025/12/23,00:59:12,0,0.0,193.0,462.0,242.0,33.0,202.0,10.0,3.0,0.0,0.0,0.0,0.0
2025/12/23,00:59:17,0,0.0,200.0,460.0,240.0,15.0,201.0,5.0,0.0,0.0,0.0,0.0,0.0
2025/12/23,00:59:22,0,0.0,196.0,461.0,240.0,45.0,201.0,11.0,5.0,0.0,0.0,0.0,0.0
2025/12/23,00:59:27,0,0.0,210.0,463.0,242.0,17.0,202.0,6.0,1.0,0.0,0.0,0.0,0.0
2025/12/23,00:59:32,0,0.0,202.0,463.0,239.0,16.0,202.0,5.0,0.0,0.0,0.0,0.0,0.0
2025/12/23,00:59:37,0,0.0,194.0,462.0,242.0,41.0,203.0,10.0,4.0,0.0,0.0,0.0,0.0
2025/12/23,00:59:42,0,0.0,191.0,462.0,242.0,46.0,203.0,11.0,5.0,0.0,0.0,0.0,0.0
2025/12/23,00:59:47,0,0.0,203.0,462.0,240.0,21.0,201.0,6.0,2.0,0.0,0.0,0.0,0.0
2025/12/23,00:59:52,0,0.0,202.0,460.0,241.0,16.0,202.0,5.0,0.0,0.0,0.0,0.0,0.0
2025/12/23,00:59:57,0,0.0,197.0,462.0,242.0,45.0,203.0,10.0,5.0,0.0,0.0,0.0,0.0
2025/12/23,01:00:02,0,0.0,213.0,464.0,242.0,15.0,203.0,5.0,0.0,0.0,0.0,0.0,0.0
2025/12/23,01:00:07,0,0.0,193.0,462.0,242.0,40.0,202.0,10.0,5.0,0.0,0.0,0.0,0.0
2025/12/23,01:00:12,0,0.0,204.0,464.0,242.0,20.0,202.0,6.0,0.0,0.0,0.0,0.0,0.0
2025/12/23,01:00:17,0,0.0,198.0,463.0,242.0,30.0,203.0,8.0,3.0,0.0,0.0,0.0,0.0
2025/12/23,01:00:22,0,0.0,193.0,463.0,242.0,31.0,203.0,9.0,2.0,0.0,0.0,0.0,-0.0008
2025/12/23,01:00:27,0,0.0,194.0,462.0,241.0,40.0,202.0,9.0,4.0,0.0,0.0,0.0,0.0
2025/12/23,01:00:32,0,0.0,202.0,463.0,242.0,15.0,200.0,5.0,0.0,0.0,0.0,0.0,0.0
2025/12/23,01:00:37,0,0.0,204.0,464.0,242.0,13.0,203.0,5.0,0.0,0.0,0.0,0.0,0.0
2025/12/23,01:00:42,0,0.0,198.0,464.0,241.0,15.0,202.0,4.0,0.0,0.0,0.0,0.0,0.0
2025/12/23,01:00:47,0,0.0,197.0,461.0,242.0,40.0,202.0,10.0,4.0,0.0,0.0,0.0,0.0
2025/12/23,01:00:52,0,0.0,192.0,463.0,243.0,44.0,201.0,11.0,5.0,0.0,0.0,0.0,-0.0008
2025/12/23,01:00:57,0,0.0,204.0,463.0,241.0,14.0,201.0,4.0,0.0,0.0,0.0,0.0,0.0
2025/12/23,01:01:02,0,0.0,189.0,461.0,242.0,41.0,201.0,9.0,4.0,0.0,0.0,0.0,0.0
2025/12/23,01:01:07,0,0.0,196.0,461.0,241.0,34.0,202.0,9.0,3.0,0.0,0.0,0.0,-0.0008
2025/12/23,01:01:12,0,0.0,206.0,464.0,242.0,18.0,203.0,6.0,1.0,0.0,0.0,0.0,0.0
2025/12/23,01:01:17,0,0.0,194.0,462.0,242.0,39.0,203.0,9.0,4.0,0.0,0.0,0.0,0.0
2025/12/23,01:01:22,0,0.0,211.0,463.0,237.0,17.0,202.0,6.0,1.0,0.0,0.0,0.0,0.0
2025/12/23,01:01:27,0,0.0,197.0,463.0,240.0,37.0,203.0,10.0,4.0,0.0,0.0,0.0,0.0
2025/12/23,01:01:32,0,0.0,196.0,461.0,241.0,33.0,201.0,9.0,2.0,0.0,0.0,0.0,0.0
2025/12/23,01:01:37,0,0.0,197.0,464.0,242.0,17.0,202.0,5.0,1.0,0.0,0.0,0.0,0.0
2025/12/23,01:01:42,0,0.0,193.0,462.0,241.0,43.0,202.0,10.0,5.0,0.0,0.0,0.0,0.0
2025/12/23,01:01:47,0,0.0,208.0,463.0,242.0,18.0,201.0,4.0,1.0,0.0,0.0,0.0,-0.0008
2025/12/23,01:01:52,0,0.0,206.0,462.0,242.0,16.0,201.0,4.0,0.0,0.0,0.0,0.0,0.0
2025/12/23,01:01:57,0,0.0,196.0,462.0,240.0,25.0,201.0,6.0,1.0,0.0,0.0,0.0,0.0
2025/12/23,01:02:02,0,0.0,196.0,460.0,241.0,29.0,201.0,7.0,3.0,0.0,0.0,0.0,0.0
2025/12/23,01:02:07,0,0.0,197.0,460.0,242.0,26.0,200.0,6.0,2.0,0.0,0.0,0.0,0.0
2025/12/23,01:02:12,0,0.0,198.0,463.0,241.0,17.0,201.0,5.0,1.0,0.0,0.0,0.0,0.0
2025/12/23,01:02:17,0,0.0,202.0,462.0,241.0,14.0,201.0,5.0,0.0,0.0,0.0,0.0,0.0
2025/12/23,01:02:22,0,0.0,207.0,464.0,242.0,13.0,203.0,4.0,0.0,0.0,0.0,0.0,0.0
2025/12/23,01:02:27,0,0.0,214.0,464.0,242.0,15.0,202.0,6.0,0.0,0.0,0.0,0.0,0.0
2025/12/23,01:02:32,0,0.0,196.0,462.0,241.0,35.0,202.0,9.0,3.0,0.0,0.0,0.0,0.0
2025/12/23,01:02:37,0,0.0,193.0,460.0,241.0,44.0,200.0,9.0,4.0,0.0,0.0,0.0,0.0
2025/12/23,01:02:42,0,0.0,213.0,463.0,239.0,15.0,201.0,6.0,0.0,0.0,0.0,0.0,0.0
2025/12/23,01:02:47,0,0.0,195.0,460.0,241.0,42.0,201.0,9.0,4.0,0.0,0.0,0.0,0.0
2025/12/23,01:02:52,0,0.0,211.0,464.0,242.0,18.0,202.0,6.0,0.0,0.0,0.0,0.0,0.0
2025/12/23,01:02:57,0,1.0,197.0,463.0,241.0,40.0,201.0,10.0,4.0,0.0,0.0,0.0,0.0
2025/12/23,01:03:02,0,0.0,212.0,461.0,242.0,15.0,201.0,5.0,0.0,0.0,0.0,0.0,-0.0008
2025/12/23,01:03:07,0,0.0,193.0,459.0,242.0,47.0,202.0,12.0,5.0,0.0,0.0,0.0,0.0
2025/12/23,01:03:12,0,0.0,206.0,463.0,242.0,16.0,203.0,5.0,0.0,0.0,0.0,0.0,0.0
2025/12/23,01:03:17,0,0.0,194.0,459.0,242.0,45.0,203.0,11.0,5.0,0.0,0.0,0.0,0.0
2025/12/23,01:03:22,0,0.0,207.0,464.0,242.0,17.0,202.0,5.0,1.0,0.0,0.0,0.0,0.0
2025/12/23,01:03:27,0,0.0,201.0,464.0,242.0,17.0,202.0,5.0,0.0,0.0,0.0,0.0,0.0
2025/12/23,01:03:32,0,0.0,198.0,464.0,242.0,35.0,202.0,8.0,4.0,0.0,0.0,0.0,0.0
2025/12/23,01:03:37,0,0.0,191.0,462.0,241.0,42.0,202.0,10.0,4.0,0.0,0.0,0.0,0.0
2025/12/23,01:03:42,0,0.0,197.0,462.0,242.0,43.0,202.0,10.0,5.0,0.0,0.0,0.0,0.0
2025/12/23,01:03:47,0,0.0,192.0,462.0,242.0,42.0,203.0,11.0,5.0,0.0,0.0,0.0,0.0
2025/12/23,01:03:52,0,0.0,193.0,462.0,242.0,43.0,203.0,11.0,5.0,0.0,0.0,0.0,0.0
2025/12/23,01:03:57,0,0.0,191.0,462.0,241.0,42.0,202.0,10.0,5.0,0.0,0.0,0.0,0.0
2025/12/23,01:04:02,0,0.0,212.0,464.0,241.0,11.0,202.0,5.0,0.0,0.0,0.0,0.0,0.0
2025/12/23,01:04:07,0,0.0,194.0,462.0,242.0,42.0,202.0,10.0,4.0,0.0,0.0,0.0,-0.0008
2025/12/23,01:04:12,0,0.0,197.0,463.0,241.0,31.0,202.0,8.0,3.0,0.0,0.0,0.0,0.0
2025/12/23,01:04:17,0,0.0,213.0,463.0,242.0,16.0,200.0,5.0,0.0,0.0,0.0,0.0,0.0
2025/12/23,01:04:22,0,0.0,196.0,464.0,242.0,24.0,203.0,7.0,2.0,0.0,0.0,0.0,0.0
2025/12/23,01:04:27,0,0.0,199.0,461.0,243.0,45.0,202.0,10.0,5.0,0.0,0.0,0.0,-0.0008
2025/12/23,01:04:32,0,0.0,189.0,461.0,242.0,41.0,202.0,9.0,4.0,0.0,0.0,0.0,0.0
2025/12/23,01:04:37,0,0.0,214.0,464.0,241.0,16.0,202.0,5.0,0.0,0.0,0.0,0.0,0.0
2025/12/23,01:04:42,0,0.0,198.0,464.0,242.0,16.0,202.0,4.0,1.0,0.0,0.0,0.0,0.0
2025/12/23,01:04:47,0,0.0,198.0,461.0,242.0,39.0,200.0,9.0,4.0,0.0,0.0,0.0,0.0
2025/12/23,01:04:52,0,0.0,196.0,462.0,241.0,43.0,202.0,11.0,5.0,0.0,0.0,0.0,0.0
2025/12/23,01:04:57,0,0.0,186.0,462.0,240.0,39.0,202.0,9.0,4.0,0.0,0.0,0.0,0.0
2025/12/23,01:06:00,0,0.0,193.0,461.0,242.0,52.0,201.0,13.0,6.0,0.0,0.0,0.0,0.0
2025/12/23,01:06:04,0,0.0,190.0,462.0,242.0,43.0,202.0,11.0,5.0,0.0,0.0,0.0,0.0
2025/12/23,01:06:09,0,0.0,204.0,463.0,242.0,20.0,202.0,6.0,1.0,0.0,0.0,0.0,0.0
2025/12/23,01:06:14,0,0.0,206.0,463.0,240.0,15.0,199.0,5.0,0.0,0.0,0.0,0.0,0.0
2025/12/23,01:06:19,0,0.0,198.0,463.0,241.0,31.0,201.0,8.0,2.0,0.0,0.0,0.0,0.0
2025/12/23,01:06:24,0,0.0,193.0,462.0,242.0,39.0,202.0,10.0,5.0,0.0,0.0,0.0,0.0
2025/12/23,01:06:29,0,0.0,195.0,459.0,241.0,43.0,201.0,10.0,4.0,0.0,0.0,0.0,0.0
2025/12/23,01:06:34,0,0.0,193.0,462.0,240.0,44.0,202.0,11.0,6.0,0.0,0.0,0.0,0.0
2025/12/23,01:06:39,0,0.0,187.0,462.0,241.0,42.0,202.0,10.0,4.0,0.0,0.0,0.0,0.0
2025/12/23,01:06:44,0,0.0,196.0,464.0,242.0,29.0,200.0,8.0,2.0,0.0,0.0,0.0,0.0
2025/12/23,01:06:49,0,0.0,201.0,462.0,242.0,23.0,201.0,7.0,1.0,0.0,0.0,0.0,0.0
2025/12/23,01:06:54,0,0.0,208.0,463.0,242.0,18.0,202.0,6.0,0.0,0.0,0.0,0.0,0.0
2025/12/23,01:06:59,0,0.0,211.0,464.0,242.0,18.0,200.0,6.0,0.0,0.0,0.0,0.0,0.0
2025/12/23,01:07:04,0,0.0,208.0,463.0,243.0,20.0,201.0,6.0,0.0,0.0,0.0,0.0,0.0
2025/12/23,01:07:09,0,0.0,201.0,463.0,242.0,27.0,200.0,7.0,1.0,0.0,0.0,0.0,0.0
2025/12/23,01:07:14,0,0.0,194.0,462.0,242.0,31.0,201.0,8.0,2.0,0.0,0.0,0.0,0.0
2025/12/23,01:07:19,0,0.0,188.0,462.0,240.0,43.0,201.0,10.0,5.0,0.0,0.0,0.0,0.0
2025/12/23,01:07:24,0,0.0,190.0,462.0,242.0,45.0,203.0,11.0,5.0,0.0,0.0,0.0,0.0
2025/12/23,01:07:29,0,0.0,195.0,462.0,242.0,43.0,202.0,11.0,5.0,0.0,0.0,-0.0008,0.0
2025/12/23,01:07:34,0,0.0,197.0,462.0,242.0,44.0,203.0,10.0,5.0,0.0,0.0,0.0,0.0
2025/12/23,01:07:39,0,0.0,192.0,462.0,242.0,41.0,202.0,10.0,4.0,0.0,0.0,0.0,0.0
2025/12/23,01:07:44,0,0.0,196.0,463.0,242.0,30.0,202.0,8.0,3.0,0.0,0.0,0.0,0.0
2025/12/23,01:07:49,0,0.0,203.0,464.0,242.0,9.0,201.0,4.0,0.0,0.0,0.0,0.0,0.0
2025/12/23,01:07:54,0,0.0,200.0,463.0,242.0,15.0,201.0,5.0,0.0,0.0,0.0,0.0,0.0
2025/12/23,01:07:59,0,0.0,204.0,464.0,241.0,15.0,202.0,5.0,0.0,0.0,0.0,0.0,-0.0008
2025/12/23,01:08:04,0,0.0,209.0,463.0,241.0,14.0,201.0,5.0,0.0,0.0,0.0,0.0,0.0
2025/12/23,01:08:09,0,0.0,211.0,463.0,241.0,15.0,201.0,5.0,0.0,0.0,0.0,0.0,0.0
2025/12/23,01:08:14,0,0.0,202.0,464.0,241.0,26.0,201.0,6.0,1.0,0.0,0.0,0.0,0.0
2025/12/23,01:08:19,0,0.0,186.0,462.0,240.0,48.0,202.0,10.0,4.0,0.0,0.0,0.0,0.0
2025/12/23,01:08:24,0,0.0,193.0,463.0,242.0,44.0,202.0,11.0,5.0,0.0,0.0,0.0,-0.0008
2025/12/23,01:08:29,0,0.0,198.0,459.0,240.0,43.0,201.0,10.0,5.0,0.0,0.0,0.0,0.0
2025/12/23,01:08:34,0,0.0,193.0,462.0,242.0,41.0,202.0,11.0,5.0,0.0,0.0,0.0,0.0
2025/12/23,01:08:39,0,0.0,194.0,462.0,240.0,36.0,202.0,10.0,4.0,0.0,0.0,0.0,0.0
2025/12/23,01:08:44,0,0.0,195.0,462.0,241.0,35.0,202.0,8.0,2.0,0.0,0.0,0.0,0.0
2025/12/23,01:08:49,0,0.0,197.0,463.0,241.0,17.0,201.0,6.0,0.0,0.0,0.0,0.0,0.0
2025/12/23,01:08:54,0,0.0,202.0,463.0,241.0,13.0,201.0,5.0,0.0,0.0,0.0,0.0,0.0
2025/12/23,01:08:59,0,0.0,209.0,463.0,241.0,15.0,201.0,5.0,0.0,0.0,0.0,0.0,0.0
2025/12/23,01:09:04,0,0.0,215.0,462.0,240.0,15.0,201.0,6.0,0.0,0.0,0.0,0.0,0.0
2025/12/23,01:09:09,0,0.0,213.0,461.0,242.0,17.0,201.0,6.0,0.0,0.0,0.0,0.0,0.0
2025/12/23,01:09:14,0,0.0,214.0,463.0,242.0,18.0,202.0,5.0,0.0,0.0,0.0,0.0,0.0
2025/12/23,01:09:19,0,0.0,206.0,463.0,241.0,16.0,202.0,5.0,0.0,0.0,0.0,0.0,0.0
2025/12/23,01:09:24,0,0.0,197.0,463.0,241.0,28.0,202.0,7.0,3.0,0.0,0.0,0.0,0.0
2025/12/23,01:09:29,0,0.0,199.0,462.0,241.0,44.0,202.0,10.0,5.0,0.0,0.0,0.0,0.0
2025/12/23,01:09:34,0,0.0,203.0,462.0,241.0,23.0,200.0,6.0,1.0,0.0,0.0,0.0,0.0
2025/12/23,01:09:39,0,0.0,199.0,463.0,240.0,16.0,202.0,5.0,0.0,0.0,0.0,0.0,0.0
2025/12/23,01:09:44,0,0.0,196.0,459.0,242.0,43.0,203.0,11.0,5.0,0.0,0.0,0.0,0.0
2025/12/23,01:09:49,0,0.0,206.0,462.0,242.0,18.0,201.0,6.0,1.0,0.0,0.0,0.0,-0.0008
2025/12/23,01:09:54,0,0.0,198.0,462.0,242.0,27.0,202.0,7.0,2.0,0.0,0.0,0.0,0.0
2025/12/23,01:09:59,0,0.0,192.0,462.0,242.0,36.0,202.0,10.0,3.0,0.0,0.0,0.0,0.0
2025/12/23,01:10:04,0,0.0,197.0,463.0,242.0,31.0,202.0,8.0,2.0,0.0,0.0,0.0,0.0
2025/12/23,01:10:09,0,0.0,209.0,463.0,242.0,20.0,202.0,6.0,0.0,0.0,0.0,0.0,0.0
2025/12/23,01:10:14,0,0.0,190.0,463.0,241.0,46.0,202.0,11.0,5.0,0.0,0.0,0.0,0.0
2025/12/23,01:10:19,0,0.0,191.0,462.0,243.0,40.0,201.0,10.0,5.0,0.0,0.0,0.0,0.0
2025/12/23,01:10:24,0,0.0,205.0,463.0,242.0,14.0,203.0,5.0,0.0,0.0,0.0,0.0,0.0
2025/12/23,01:10:29,0,0.0,198.0,462.0,242.0,45.0,202.0,11.0,5.0,0.0,0.0,0.0,0.0
2025/12/23,01:10:34,0,0.0,195.0,462.0,240.0,34.0,202.0,9.0,3.0,0.0,0.0,0.0,0.0
2025/12/23,01:10:39,0,0.0,210.0,463.0,243.0,15.0,201.0,5.0,0.0,0.0,0.0,0.0,0.0
2025/12/23,01:10:44,0,0.0,211.0,463.0,242.0,14.0,203.0,5.0,0.0,0.0,0.0,0.0,0.0
2025/12/23,01:10:49,0,0.0,197.0,463.0,240.0,20.0,201.0,6.0,1.0,0.0,0.0,0.0,0.0
2025/12/23,01:10:54,0,0.0,195.0,463.0,242.0,45.0,202.0,10.0,5.0,0.0,0.0,0.0,0.0
2025/12/23,01:10:59,0,0.0,193.0,462.0,241.0,43.0,202.0,11.0,5.0,0.0,0.0,0.0,0.0
2025/12/23,01:11:04,0,0.0,189.0,462.0,242.0,40.0,201.0,11.0,5.0,0.0,0.0,0.0,0.0
2025/12/23,01:11:09,0,0.0,198.0,462.0,240.0,29.0,202.0,8.0,3.0,0.0,0.0,0.0,-0.0008
2025/12/23,01:11:14,0,0.0,206.0,462.0,242.0,21.0,200.0,6.0,1.0,0.0,0.0,0.0,0.0
2025/12/23,01:11:19,0,0.0,206.0,463.0,240.0,20.0,200.0,6.0,1.0,0.0,0.0,0.0,0.0
2025/12/23,01:11:24,0,0.0,204.0,464.0,241.0,21.0,202.0,7.0,1.0,0.0,0.0,0.0,0.0
2025/12/23,01:11:29,0,0.0,198.0,464.0,241.0,30.0,202.0,8.0,3.0,0.0,0.0,0.0,-0.0008
2025/12/23,01:11:34,0,0.0,190.0,462.0,242.0,41.0,201.0,9.0,4.0,-0.0008,0.0,0.0,0.0
2025/12/23,01:11:39,0,0.0,187.0,461.0,242.0,44.0,200.0,11.0,5.0,0.0,0.0,0.0,0.0
2025/12/23,01:11:44,0,0.0,190.0,462.0,242.0,46.0,201.0,11.0,4.0,0.0,0.0,0.0,-0.0008
2025/12/23,01:11:49,0,0.0,195.0,462.0,242.0,44.0,201.0,10.0,5.0,0.0,0.0,0.0,0.0
2025/12/23,01:11:54,0,0.0,194.0,463.0,242.0,38.0,201.0,10.0,4.0,0.0,0.0,0.0,0.0
2025/12/23,01:11:59,0,0.0,196.0,463.0,242.0,28.0,201.0,7.0,3.0,0.0,0.0,0.0,0.0
2025/12/23,01:12:04,0,0.0,198.0,461.0,242.0,16.0,201.0,5.0,1.0,0.0,0.0,0.0,0.0
2025/12/23,01:12:09,0,0.0,197.0,463.0,242.0,16.0,201.0,5.0,0.0,0.0,0.0,0.0,-0.0008
2025/12/23,01:12:14,0,0.0,198.0,463.0,242.0,21.0,201.0,6.0,1.0,0.0,0.0,0.0,-0.0008
2025/12/23,01:12:19,0,0.0,193.0,460.0,242.0,38.0,200.0,8.0,4.0,0.0,0.0,0.0,0.0
2025/12/23,01:12:24,0,0.0,197.0,462.0,242.0,42.0,201.0,10.0,5.0,0.0,0.0,0.0,0.0
2025/12/23,01:12:29,0,0.0,187.0,462.0,240.0,41.0,202.0,11.0,4.0,0.0,0.0,0.0,0.0
2025/12/23,01:12:34,0,0.0,212.0,463.0,242.0,15.0,203.0,6.0,0.0,0.0,0.0,0.0,-0.0008
2025/12/23,01:12:39,0,0.0,200.0,462.0,241.0,17.0,201.0,5.0,0.0,0.0,0.0,0.0,0.0
2025/12/23,01:12:44,0,0.0,196.0,463.0,241.0,37.0,202.0,10.0,4.0,0.0,0.0,0.0,0.0
2025/12/23,01:12:49,0,0.0,190.0,459.0,241.0,44.0,203.0,11.0,5.0,0.0,0.0,0.0,0.0
2025/12/23,01:12:54,0,0.0,203.0,463.0,242.0,22.0,202.0,7.0,2.0,0.0,0.0,0.0,0.0
2025/12/23,01:12:59,0,0.0,210.0,463.0,241.0,14.0,200.0,4.0,0.0,0.0,0.0,0.0,0.0
2025/12/23,01:13:04,0,0.0,193.0,462.0,241.0,30.0,200.0,7.0,3.0,0.0,0.0,0.0,0.0
2025/12/23,01:13:09,0,0.0,193.0,461.0,242.0,44.0,201.0,11.0,5.0,0.0,0.0,0.0,0.0
2025/12/23,01:13:14,0,0.0,197.0,463.0,242.0,25.0,202.0,8.0,2.0,0.0,0.0,0.0,0.0
2025/12/23,01:13:19,0,0.0,212.0,463.0,242.0,14.0,201.0,5.0,0.0,0.0,0.0,0.0,0.0
2025/12/23,01:13:24,0,0.0,197.0,463.0,242.0,17.0,201.0,5.0,1.0,0.0,0.0,0.0,0.0
2025/12/23,01:13:29,0,0.0,197.0,463.0,241.0,28.0,202.0,7.0,2.0,0.0,0.0,0.0,0.0
2025/12/23,01:13:34,0,0.0,198.0,463.0,241.0,32.0,202.0,9.0,3.0,0.0,0.0,0.0,0.0
2025/12/23,01:13:39,0,0.0,194.0,461.0,242.0,40.0,200.0,9.0,4.0,0.0,0.0,0.0,0.0
2025/12/23,01:13:44,0,0.0,192.0,463.0,243.0,39.0,201.0,9.0,5.0,0.0,0.0,0.0,0.0
2025/12/23,01:13:49,0,0.0,193.0,462.0,241.0,41.0,201.0,9.0,5.0,0.0,0.0,0.0,0.0
2025/12/23,01:13:54,0,0.0,189.0,459.0,241.0,40.0,200.0,10.0,4.0,0.0,0.0,0.0,0.0
2025/12/23,01:13:59,0,0.0,214.0,463.0,240.0,15.0,200.0,5.0,0.0,0.0,0.0,0.0,0.0
2025/12/23,01:14:04,0,0.0,199.0,463.0,242.0,18.0,201.0,5.0,0.0,0.0,0.0,0.0,0.0
2025/12/23,01:14:09,0,0.0,194.0,462.0,243.0,38.0,201.0,9.0,3.0,0.0,0.0,0.0,0.0
2025/12/23,01:14:14,0,0.0,195.0,460.0,241.0,41.0,201.0,11.0,5.0,0.0,0.0,0.0,0.0
2025/12/23,01:14:19,0,0.0,197.0,463.0,242.0,30.0,202.0,8.0,3.0,0.0,0.0,0.0,0.0
2025/12/23,01:14:24,0,0.0,210.0,464.0,241.0,14.0,201.0,4.0,0.0,0.0,0.0,0.0,0.0
2025/12/23,01:14:29,0,0.0,198.0,463.0,242.0,24.0,202.0,6.0,2.0,0.0,0.0,0.0,0.0
2025/12/23,01:14:34,0,0.0,195.0,461.0,242.0,41.0,201.0,10.0,5.0,0.0,0.0,0.0,0.0
2025/12/23,01:14:39,0,0.0,192.0,463.0,242.0,35.0,202.0,8.0,4.0,0.0,0.0,0.0,0.0
2025/12/23,01:14:44,0,0.0,204.0,463.0,241.0,14.0,200.0,5.0,0.0,0.0,0.0,0.0,0.0
2025/12/23,01:14:49,0,0.0,195.0,464.0,241.0,35.0,201.0,8.0,3.0,0.0,0.0,0.0,0.0
2025/12/23,01:14:54,0,0.0,196.0,460.0,241.0,44.0,200.0,11.0,5.0,0.0,0.0,0.0,-0.0008
2025/12/23,01:14:59,0,0.0,188.0,462.0,241.0,37.0,201.0,10.0,4.0,0.0,0.0,0.0,0.0
2025/12/23,01:15:04,0,0.0,206.0,463.0,242.0,20.0,201.0,6.0,1.0,0.0,0.0,0.0,0.0
2025/12/23,01:15:50,0,0.0,203.0,464.0,241.0,22.0,202.0,8.0,2.0,0.0,0.0,0.0,0.0
2025/12/23,01:15:54,0,0.0,206.0,464.0,241.0,13.0,202.0,4.0,0.0,0.0,0.0,0.0,0.0
2025/12/23,01:15:59,0,0.0,196.0,464.0,242.0,35.0,201.0,9.0,3.0,0.0,0.0,0.0,0.0
2025/12/23,01:16:04,0,0.0,191.0,463.0,242.0,43.0,201.0,11.0,5.0,0.0,0.0,0.0,0.0
2025/12/23,01:16:09,0,0.0,208.0,463.0,240.0,17.0,200.0,6.0,1.0,0.0,0.0,0.0,0.0
2025/12/23,01:16:14,0,0.0,197.0,463.0,242.0,19.0,201.0,5.0,0.0,0.0,0.0,0.0,0.0
2025/12/23,01:16:19,0,0.0,189.0,463.0,242.0,38.0,202.0,10.0,4.0,0.0,0.0,0.0,0.0
2025/12/23,01:16:24,0,0.0,193.0,462.0,241.0,39.0,201.0,8.0,4.0,0.0,0.0,0.0,0.0
2025/12/23,01:16:29,0,0.0,208.0,463.0,242.0,13.0,202.0,5.0,0.0,0.0,0.0,0.0,0.0
2025/12/23,01:16:34,0,0.0,196.0,462.0,240.0,30.0,201.0,8.0,3.0,0.0,0.0,0.0,0.0
2025/12/23,01:16:39,0,0.0,197.0,462.0,240.0,43.0,201.0,10.0,5.0,0.0,0.0,0.0,0.0
2025/12/23,01:16:44,0,0.0,196.0,461.0,241.0,19.0,201.0,5.0,1.0,0.0,0.0,0.0,0.0
2025/12/23,01:16:49,0,0.0,213.0,463.0,242.0,13.0,202.0,6.0,0.0,-0.0008,0.0,0.0,0.0
2025/12/23,01:16:54,0,0.0,188.0,462.0,242.0,44.0,202.0,12.0,5.0,0.0,0.0,0.0,0.0
2025/12/23,01:16:59,0,0.0,196.0,463.0,242.0,36.0,202.0,9.0,3.0,0.0,0.0,0.0,-0.0008
2025/12/23,01:17:04,0,0.0,215.0,463.0,241.0,15.0,201.0,5.0,0.0,0.0,0.0,0.0,0.0
2025/12/23,01:17:09,0,0.0,191.0,459.0,242.0,46.0,201.0,11.0,6.0,0.0,0.0,0.0,0.0
2025/12/23,01:17:14,0,0.0,200.0,463.0,241.0,22.0,202.0,6.0,1.0,0.0,0.0,0.0,0.0
2025/12/23,01:17:19,0,0.0,196.0,463.0,243.0,32.0,202.0,8.0,3.0,0.0,0.0,0.0,0.0
2025/12/23,01:17:24,0,0.0,192.0,462.0,242.0,43.0,203.0,9.0,5.0,0.0,0.0,0.0,0.0
2025/12/23,01:17:29,0,0.0,200.0,463.0,242.0,15.0,202.0,5.0,0.0,0.0,0.0,0.0,0.0
2025/12/23,01:17:34,0,0.0,213.0,464.0,242.0,14.0,201.0,4.0,0.0,0.0,0.0,0.0,0.0
2025/12/23,01:17:39,0,0.0,210.0,464.0,241.0,17.0,203.0,6.0,1.0,0.0,0.0,0.0,0.0
2025/12/23,01:17:44,0,0.0,205.0,461.0,242.0,21.0,202.0,6.0,1.0,0.0,0.0,0.0,0.0
2025/12/23,01:17:49,0,1.0,197.0,462.0,240.0,29.0,200.0,7.0,2.0,0.0,0.0,0.0,0.0
2025/12/23,01:17:54,0,0.0,191.0,462.0,242.0,43.0,202.0,10.0,5.0,0.0,0.0,0.0,0.0
2025/12/23,01:17:59,0,0.0,188.0,461.0,244.0,44.0,203.0,11.0,5.0,0.0,0.0,0.0,0.0
2025/12/23,01:18:04,0,0.0,198.0,462.0,241.0,43.0,202.0,10.0,5.0,0.0,0.0,0.0,0.0
2025/12/23,01:18:09,0,0.0,196.0,464.0,242.0,26.0,201.0,6.0,2.0,0.0,0.0,0.0,0.0
2025/12/23,01:18:14,0,0.0,215.0,464.0,241.0,13.0,202.0,6.0,0.0,0.0,0.0,0.0,0.0
2025/12/23,01:18:19,0,0.0,187.0,463.0,242.0,41.0,202.0,10.0,4.0,0.0,0.0,0.0,0.0
2025/12/23,01:18:24,0,0.0,196.0,462.0,242.0,43.0,201.0,8.0,5.0,0.0,0.0,0.0,0.0
2025/12/23,01:18:29,0,0.0,196.0,460.0,241.0,29.0,201.0,7.0,3.0,0.0,0.0,0.0,0.0
2025/12/23,01:18:34,0,0.0,206.0,463.0,239.0,13.0,201.0,5.0,0.0,0.0,0.0,0.0,0.0
2025/12/23,01:18:39,0,0.0,201.0,463.0,241.0,24.0,202.0,7.0,1.0,0.0,0.0,0.0,0.0
2025/12/23,01:19:17,0,0.0,196.0,462.0,242.0,57.0,202.0,13.0,6.0,0.0,0.0,0.0,0.0
2025/12/23,01:19:22,0,0.0,193.0,459.0,241.0,46.0,202.0,10.0,4.0,0.0,0.0,0.0,0.0
2025/12/23,01:19:27,0,0.0,191.0,463.0,242.0,46.0,200.0,11.0,5.0,0.0,0.0,0.0,0.0
2025/12/23,01:19:32,0,0.0,211.0,463.0,241.0,15.0,202.0,6.0,0.0,0.0,0.0,0.0,0.0
2025/12/23,01:19:37,0,0.0,194.0,462.0,239.0,35.0,201.0,8.0,2.0,0.0,0.0,0.0,0.0
2025/12/23,01:19:42,0,0.0,187.0,461.0,242.0,42.0,201.0,10.0,5.0,0.0,0.0,0.0,0.0
2025/12/23,01:19:47,0,0.0,206.0,461.0,242.0,18.0,199.0,6.0,1.0,0.0,0.0,0.0,0.0
2025/12/23,01:19:52,0,0.0,215.0,463.0,242.0,16.0,202.0,6.0,0.0,0.0,0.0,0.0,0.0
2025/12/23,01:19:57,0,0.0,206.0,461.0,241.0,21.0,200.0,6.0,0.0,0.0,0.0,0.0,0.0
2025/12/23,01:20:02,0,0.0,186.0,462.0,242.0,41.0,202.0,10.0,5.0,0.0,0.0,0.0,0.0
2025/12/23,01:20:07,0,0.0,190.0,462.0,242.0,43.0,202.0,11.0,5.0,0.0,0.0,0.0,0.0
2025/12/23,01:20:12,0,0.0,199.0,463.0,240.0,14.0,201.0,5.0,0.0,0.0,0.0,0.0,0.0
2025/12/23,01:20:17,0,0.0,211.0,464.0,242.0,13.0,201.0,4.0,0.0,0.0,0.0,0.0,0.0
2025/12/23,01:20:22,0,0.0,211.0,464.0,242.0,15.0,202.0,6.0,0.0,0.0,0.0,0.0,0.0
2025/12/23,01:20:27,0,0.0,202.0,461.0,242.0,28.0,201.0,8.0,2.0,0.0,0.0,0.0,0.0
2025/12/23,01:20:32,0,0.0,188.0,462.0,242.0,43.0,200.0,10.0,5.0,0.0,0.0,0.0,0.0
2025/12/23,01:20:37,0,0.0,188.0,463.0,242.0,43.0,202.0,11.0,5.0,0.0,0.0,0.0,0.0
2025/12/23,01:20:42,0,0.0,186.0,461.0,241.0,44.0,201.0,11.0,5.0,0.0,0.0,0.0,0.0
2025/12/23,01:20:47,0,0.0,189.0,463.0,242.0,43.0,200.0,12.0,5.0,0.0,0.0,0.0,0.0
2025/12/23,01:20:52,0,0.0,195.0,460.0,241.0,32.0,201.0,9.0,3.0,0.0,0.0,0.0,0.0
2025/12/23,01:20:57,0,1.0,215.0,464.0,240.0,16.0,200.0,6.0,0.0,0.0,0.0,0.0,0.0
2025/12/23,01:21:02,0,0.0,198.0,463.0,241.0,23.0,201.0,6.0,2.0,0.0,0.0,0.0,-0.0008
2025/12/23,01:21:07,0,0.0,188.0,459.0,241.0,45.0,201.0,11.0,5.0,0.0,0.0,0.0,0.0
2025/12/23,01:21:12,0,0.0,207.0,463.0,242.0,15.0,200.0,4.0,0.0,0.0,0.0,0.0,0.0
2025/12/23,01:21:17,0,0.0,198.0,463.0,241.0,44.0,201.0,10.0,5.0,0.0,0.0,0.0,0.0
2025/12/23,01:21:22,0,0.0,204.0,463.0,241.0,21.0,202.0,6.0,2.0,0.0,0.0,0.0,0.0
2025/12/23,01:21:27,0,0.0,197.0,463.0,241.0,17.0,199.0,6.0,0.0,0.0,0.0,0.0,-0.0008
2025/12/23,01:21:32,0,0.0,189.0,463.0,242.0,44.0,202.0,11.0,5.0,0.0,0.0,0.0,0.0
2025/12/23,01:21:37,0,0.0,205.0,464.0,242.0,13.0,202.0,4.0,0.0,0.0,0.0,0.0,0.0
2025/12/23,01:21:42,0,0.0,194.0,463.0,242.0,43.0,201.0,11.0,5.0,0.0,0.0,0.0,0.0
2025/12/23,01:21:47,0,0.0,212.0,463.0,241.0,13.0,201.0,5.0,1.0,0.0,0.0,0.0,0.0
2025/12/23,01:21:52,0,0.0,196.0,463.0,241.0,28.0,201.0,7.0,2.0,0.0,0.0,0.0,0.0
2025/12/23,01:21:57,0,0.0,194.0,462.0,242.0,43.0,201.0,11.0,5.0,0.0,0.0,0.0,0.0
2025/12/23,01:22:02,0,0.0,187.0,462.0,240.0,40.0,202.0,10.0,5.0,0.0,0.0,0.0,0.0
2025/12/23,01:22:07,0,0.0,201.0,460.0,241.0,21.0,203.0,6.0,2.0,0.0,0.0,0.0,0.0
2025/12/23,01:22:12,0,0.0,200.0,463.0,241.0,27.0,200.0,7.0,2.0,0.0,0.0,0.0,0.0
2025/12/23,01:22:17,0,0.0,188.0,460.0,241.0,46.0,201.0,10.0,5.0,0.0,0.0,0.0,0.0
2025/12/23,01:22:22,0,0.0,192.0,463.0,241.0,44.0,200.0,10.0,5.0,0.0,0.0,0.0,0.0
2025/12/23,01:22:27,0,0.0,203.0,463.0,241.0,14.0,201.0,5.0,0.0,0.0,0.0,0.0,0.0
2025/12/23,01:22:32,0,0.0,205.0,463.0,238.0,19.0,201.0,5.0,0.0,0.0,0.0,0.0,0.0
2025/12/23,01:22:37,0,0.0,209.0,463.0,242.0,17.0,200.0,5.0,0.0,0.0,0.0,0.0,0.0
2025/12/23,01:22:42,0,0.0,196.0,462.0,242.0,44.0,202.0,10.0,5.0,0.0,0.0,0.0,0.0
2025/12/23,01:22:47,0,0.0,205.0,463.0,242.0,15.0,203.0,5.0,0.0,0.0,0.0,0.0,0.0
2025/12/23,01:22:52,0,0.0,187.0,463.0,241.0,37.0,201.0,8.0,4.0,0.0,0.0,0.0,0.0
2025/12/23,01:22:57,0,0.0,196.0,464.0,242.0,24.0,201.0,6.0,2.0,0.0,0.0,0.0,0.0
2025/12/23,01:23:02,0,0.0,190.0,461.0,241.0,35.0,202.0,9.0,3.0,0.0,0.0,0.0,-0.0008
2025/12/23,01:23:07,0,0.0,196.0,463.0,242.0,31.0,202.0,8.0,3.0,0.0,0.0,0.0,0.0
2025/12/23,01:23:12,0,0.0,209.0,463.0,241.0,15.0,202.0,5.0,0.0,0.0,0.0,0.0,0.0
2025/12/23,01:23:17,0,0.0,196.0,462.0,242.0,45.0,200.0,10.0,5.0,0.0,0.0,0.0,0.0
2025/12/23,01:23:22,0,0.0,205.0,463.0,241.0,14.0,200.0,5.0,0.0,0.0,0.0,0.0,0.0
2025/12/23,01:23:27,0,0.0,189.0,462.0,242.0,42.0,202.0,11.0,4.0,0.0,0.0,0.0,0.0
2025/12/23,01:23:32,0,0.0,201.0,462.0,243.0,30.0,201.0,8.0,2.0,0.0,0.0,0.0,0.0
2025/12/23,01:23:37,0,0.0,206.0,464.0,241.0,17.0,202.0,6.0,1.0,0.0,0.0,0.0,0.0
2025/12/23,01:23:42,0,0.0,193.0,462.0,242.0,42.0,201.0,11.0,5.0,0.0,0.0,0.0,0.0
2025/12/23,01:23:47,0,0.0,216.0,464.0,242.0,14.0,202.0,5.0,0.0,0.0,0.0,0.0,0.0
2025/12/23,01:23:52,0,0.0,193.0,462.0,241.0,45.0,201.0,10.0,5.0,0.0,0.0,0.0,0.0
2025/12/23,01:23:57,0,0.0,205.0,464.0,241.0,11.0,202.0,4.0,0.0,0.0,0.0,0.0,0.0
2025/12/23,01:24:02,0,0.0,188.0,462.0,240.0,40.0,201.0,10.0,5.0,0.0,0.0,0.0,0.0
2025/12/23,01:24:07,0,0.0,195.0,461.0,241.0,34.0,202.0,9.0,3.0,0.0,0.0,0.0,0.0
2025/12/23,01:24:12,0,0.0,210.0,463.0,242.0,13.0,202.0,5.0,0.0,0.0,0.0,0.0,0.0
2025/12/23,01:24:17,0,0.0,192.0,461.0,241.0,46.0,201.0,11.0,5.0,0.0,0.0,0.0,0.0
2025/12/23,01:24:22,0,0.0,196.0,466.0,242.0,20.0,201.0,6.0,1.0,0.0,0.0,0.0,0.0
2025/12/23,01:24:27,0,0.0,204.0,462.0,242.0,19.0,201.0,7.0,1.0,0.0,0.0,0.0,0.0
2025/12/23,01:24:32,0,0.0,197.0,463.0,242.0,43.0,202.0,9.0,5.0,0.0,0.0,0.0,0.0
2025/12/23,01:24:37,0,0.0,212.0,462.0,242.0,14.0,201.0,4.0,0.0,0.0,0.0,0.0,0.0
2025/12/23,01:24:42,0,0.0,191.0,463.0,242.0,45.0,202.0,11.0,5.0,0.0,0.0,0.0,0.0
2025/12/23,01:24:47,0,0.0,202.0,464.0,241.0,13.0,202.0,5.0,0.0,0.0,0.0,0.0,0.0
2025/12/23,01:24:52,0,0.0,187.0,462.0,241.0,41.0,200.0,10.0,5.0,0.0,0.0,0.0,0.0
2025/12/23,01:24:57,0,0.0,201.0,461.0,241.0,16.0,200.0,5.0,0.0,0.0,0.0,0.0,0.0
2025/12/23,01:25:02,0,0.0,191.0,462.0,241.0,43.0,202.0,11.0,4.0,0.0,0.0,0.0,0.0
2025/12/23,01:25:07,0,0.0,203.0,463.0,241.0,14.0,201.0,4.0,0.0,0.0,0.0,0.0,0.0
2025/12/23,01:25:12,0,0.0,194.0,461.0,241.0,46.0,200.0,11.0,5.0,0.0,0.0,0.0,0.0
2025/12/23,01:25:17,0,0.0,213.0,463.0,241.0,15.0,201.0,5.0,0.0,0.0,0.0,0.0,0.0
2025/12/23,01:27:12,0,0.0,200.0,463.0,241.0,33.0,202.0,11.0,4.0,0.0,0.0,0.0,-0.0008
2025/12/23,01:27:16,0,0.0,210.0,464.0,242.0,13.0,202.0,5.0,0.0,0.0,0.0,0.0,0.0
2025/12/23,01:27:21,0,0.0,190.0,460.0,241.0,44.0,203.0,10.0,5.0,0.0,0.0,0.0,0.0
2025/12/23,01:27:26,0,0.0,205.0,461.0,241.0,19.0,201.0,6.0,1.0,0.0,0.0,0.0,0.0
2025/12/23,01:27:31,0,0.0,196.0,463.0,239.0,36.0,201.0,9.0,2.0,0.0,0.0,0.0,0.0
2025/12/23,01:27:36,0,0.0,197.0,461.0,241.0,27.0,201.0,8.0,3.0,0.0,0.0,0.0,0.0
2025/12/23,01:27:41,0,0.0,195.0,463.0,241.0,16.0,202.0,5.0,1.0,0.0,0.0,0.0,0.0
2025/12/23,01:27:46,0,0.0,200.0,462.0,242.0,44.0,202.0,10.0,5.0,0.0,0.0,0.0,-0.0008
2025/12/23,01:27:51,0,0.0,198.0,460.0,241.0,26.0,201.0,7.0,2.0,0.0,0.0,0.0,0.0
2025/12/23,01:27:56,0,0.0,192.0,462.0,241.0,29.0,202.0,7.0,2.0,0.0,0.0,0.0,0.0
2025/12/23,01:28:01,0,0.0,214.0,464.0,241.0,11.0,201.0,5.0,0.0,0.0,0.0,0.0,0.0
2025/12/23,01:28:06,0,0.0,187.0,463.0,240.0,41.0,201.0,10.0,5.0,0.0,0.0,0.0,0.0
2025/12/23,01:28:11,0,0.0,217.0,461.0,241.0,17.0,200.0,5.0,0.0,0.0,0.0,0.0,0.0
2025/12/23,01:28:16,0,0.0,195.0,463.0,241.0,36.0,201.0,8.0,3.0,0.0,0.0,0.0,0.0
2025/12/23,01:28:21,0,0.0,186.0,461.0,240.0,40.0,203.0,12.0,4.0,0.0,0.0,0.0,0.0
2025/12/23,01:28:26,0,0.0,206.0,462.0,241.0,15.0,202.0,5.0,0.0,0.0,0.0,0.0,0.0
2025/12/23,01:28:31,0,0.0,196.0,459.0,241.0,44.0,201.0,10.0,5.0,0.0,0.0,0.0,0.0
2025/12/23,01:28:36,0,0.0,210.0,460.0,240.0,15.0,201.0,4.0,0.0,0.0,0.0,0.0,0.0
2025/12/23,01:28:41,0,0.0,197.0,463.0,242.0,35.0,202.0,8.0,2.0,0.0,0.0,0.0,0.0
2025/12/23,01:28:46,0,0.0,189.0,462.0,241.0,43.0,201.0,11.0,5.0,0.0,0.0,0.0,0.0
2025/12/23,01:28:51,0,0.0,213.0,463.0,241.0,16.0,201.0,5.0,0.0,0.0,0.0,0.0,0.0
2025/12/23,01:28:56,0,0.0,197.0,462.0,240.0,36.0,203.0,9.0,3.0,0.0,0.0,0.0,0.0
2025/12/23,01:29:01,0,0.0,192.0,462.0,241.0,43.0,202.0,10.0,5.0,0.0,0.0,0.0,0.0
2025/12/23,01:29:06,0,0.0,211.0,462.0,242.0,14.0,201.0,6.0,0.0,0.0,0.0,0.0,0.0
2025/12/23,01:29:11,0,0.0,196.0,462.0,241.0,33.0,201.0,8.0,3.0,0.0,0.0,0.0,0.0
2025/12/23,01:29:16,0,0.0,190.0,462.0,242.0,44.0,202.0,11.0,5.0,0.0,0.0,0.0,0.0
2025/12/23,01:29:21,0,0.0,214.0,462.0,241.0,15.0,201.0,5.0,0.0,0.0,0.0,0.0,0.0
2025/12/23,01:29:26,0,0.0,197.0,462.0,241.0,19.0,201.0,4.0,0.0,0.0,0.0,0.0,0.0
2025/12/23,01:29:31,0,0.0,194.0,461.0,241.0,41.0,201.0,9.0,4.0,0.0,0.0,0.0,0.0
2025/12/23,01:29:36,0,0.0,196.0,460.0,242.0,44.0,202.0,10.0,5.0,0.0,0.0,0.0,0.0
2025/12/23,01:29:41,0,0.0,188.0,462.0,241.0,42.0,202.0,11.0,4.0,0.0,0.0,0.0,0.0
2025/12/23,01:29:46,0,0.0,210.0,464.0,241.0,16.0,199.0,6.0,1.0,0.0,0.0,0.0,0.0
2025/12/23,01:29:51,0,0.0,198.0,463.0,242.0,17.0,202.0,5.0,0.0,0.0,0.0,0.0,0.0
2025/12/23,01:29:56,0,0.0,199.0,462.0,241.0,43.0,200.0,10.0,5.0,0.0,0.0,0.0,0.0
2025/12/23,01:30:01,0,0.0,198.0,463.0,241.0,26.0,201.0,7.0,2.0,0.0,0.0,0.0,0.0
2025/12/23,01:30:06,0,0.0,207.0,463.0,241.0,16.0,201.0,4.0,0.0,0.0,0.0,0.0,0.0
2025/12/23,01:30:11,0,0.0,196.0,462.0,242.0,36.0,202.0,9.0,4.0,0.0,0.0,0.0,0.0
2025/12/23,01:30:16,0,0.0,189.0,463.0,242.0,44.0,202.0,11.0,5.0,0.0,0.0,0.0,0.0
2025/12/23,01:30:21,0,0.0,208.0,464.0,241.0,17.0,202.0,6.0,0.0,0.0,0.0,0.0,0.0
2025/12/23,01:30:26,0,0.0,203.0,464.0,241.0,17.0,202.0,5.0,0.0,0.0,0.0,0.0,0.0
2025/12/23,01:30:31,0,0.0,192.0,461.0,241.0,42.0,201.0,9.0,4.0,0.0,0.0,0.0,0.0
2025/12/23,01:30:36,0,0.0,193.0,462.0,242.0,34.0,202.0,10.0,4.0,0.0,0.0,0.0,0.0
2025/12/23,01:30:41,0,0.0,204.0,461.0,241.0,15.0,203.0,5.0,0.0,0.0,0.0,0.0,-0.0008
2025/12/23,01:30:46,0,0.0,194.0,463.0,243.0,44.0,202.0,11.0,5.0,0.0,0.0,0.0,0.0
2025/12/23,01:30:51,0,0.0,215.0,463.0,242.0,15.0,202.0,5.0,0.0,0.0,0.0,0.0,0.0
2025/12/23,01:30:56,0,0.0,195.0,459.0,241.0,42.0,203.0,10.0,4.0,0.0,0.0,0.0,0.0
2025/12/23,01:31:01,0,0.0,197.0,462.0,240.0,36.0,202.0,9.0,2.0,0.0,0.0,0.0,0.0
2025/12/23,01:31:06,0,0.0,197.0,461.0,241.0,19.0,202.0,6.0,2.0,0.0,0.0,0.0,0.0
2025/12/23,01:31:11,0,0.0,185.0,460.0,241.0,40.0,200.0,9.0,4.0,0.0,0.0,0.0,0.0
2025/12/23,01:31:16,0,0.0,202.0,464.0,242.0,16.0,202.0,5.0,0.0,0.0,0.0,0.0,0.0
2025/12/23,01:31:21,0,0.0,198.0,460.0,240.0,45.0,201.0,11.0,5.0,0.0,0.0,0.0,0.0
2025/12/23,01:31:26,0,0.0,202.0,460.0,240.0,23.0,201.0,7.0,2.0,0.0,0.0,0.0,0.0
2025/12/23,01:31:31,0,0.0,214.0,464.0,241.0,17.0,202.0,5.0,1.0,0.0,0.0,0.0,0.0
2025/12/23,01:31:36,0,0.0,212.0,463.0,239.0,15.0,200.0,5.0,0.0,0.0,0.0,0.0,0.0
2025/12/23,01:31:41,0,0.0,214.0,464.0,242.0,18.0,202.0,6.0,0.0,0.0,0.0,0.0,0.0
2025/12/23,01:31:46,0,0.0,202.0,463.0,242.0,27.0,202.0,7.0,2.0,0.0,0.0,0.0,0.0
2025/12/23,01:31:51,0,0.0,192.0,462.0,241.0,45.0,202.0,12.0,5.0,0.0,0.0,0.0,0.0
2025/12/23,01:31:56,0,0.0,193.0,462.0,240.0,39.0,200.0,9.0,4.0,0.0,0.0,0.0,0.0
2025/12/23,01:32:01,0,0.0,207.0,464.0,241.0,13.0,202.0,4.0,0.0,0.0,0.0,0.0,0.0
2025/12/23,01:32:06,0,0.0,201.0,463.0,241.0,22.0,202.0,7.0,2.0,0.0,0.0,0.0,0.0
2025/12/23,01:32:11,0,0.0,196.0,462.0,241.0,47.0,202.0,11.0,5.0,0.0,0.0,0.0,0.0
2025/12/23,01:32:16,0,0.0,198.0,461.0,242.0,26.0,201.0,7.0,2.0,0.0,0.0,0.0,0.0
2025/12/23,01:32:21,0,0.0,215.0,461.0,241.0,12.0,200.0,5.0,0.0,0.0,0.0,0.0,0.0
2025/12/23,01:32:26,0,0.0,199.0,463.0,241.0,31.0,202.0,9.0,2.0,0.0,0.0,0.0,0.0
2025/12/23,01:32:31,0,0.0,189.0,462.0,242.0,45.0,203.0,11.0,5.0,0.0,0.0,0.0,-0.0008
2025/12/23,01:32:36,0,0.0,189.0,463.0,241.0,42.0,202.0,11.0,5.0,0.0,0.0,0.0,0.0
2025/12/23,01:32:41,0,0.0,187.0,462.0,241.0,45.0,201.0,10.0,5.0,0.0,0.0,0.0,0.0
2025/12/23,01:32:46,0,0.0,203.0,464.0,242.0,21.0,200.0,6.0,1.0,0.0,0.0,0.0,0.0
2025/12/23,01:32:51,0,0.0,211.0,462.0,241.0,15.0,201.0,5.0,0.0,0.0,0.0,0.0,0.0
2025/12/23,01:32:56,0,0.0,196.0,462.0,240.0,35.0,200.0,9.0,3.0,0.0,0.0,0.0,0.0
2025/12/23,01:33:01,0,0.0,193.0,462.0,242.0,44.0,202.0,11.0,5.0,0.0,0.0,0.0,-0.0008
2025/12/23,01:33:06,0,0.0,199.0,463.0,241.0,26.0,202.0,8.0,2.0,0.0,0.0,0.0,0.0
2025/12/23,01:33:11,0,0.0,208.0,464.0,241.0,15.0,201.0,6.0,0.0,0.0,0.0,0.0,0.0
2025/12/23,01:33:16,0,0.0,210.0,463.0,241.0,17.0,201.0,4.0,0.0,0.0,0.0,0.0,-0.0008
2025/12/23,01:33:21,0,0.0,208.0,464.0,241.0,14.0,202.0,4.0,0.0,0.0,0.0,0.0,-0.0008
2025/12/23,01:33:26,0,0.0,204.0,462.0,241.0,15.0,200.0,5.0,0.0,0.0,0.0,0.0,-0.0008
2025/12/23,01:33:31,0,0.0,200.0,463.0,243.0,13.0,201.0,5.0,0.0,0.0,0.0,0.0,0.0
2025/12/23,01:33:36,0,0.0,194.0,462.0,241.0,40.0,202.0,10.0,4.0,0.0,0.0,0.0,0.0
2025/12/23,01:33:41,0,0.0,190.0,462.0,241.0,41.0,202.0,11.0,5.0,0.0,0.0,0.0,0.0
2025/12/23,01:33:46,0,0.0,212.0,463.0,242.0,13.0,202.0,5.0,0.0,0.0,0.0,0.0,0.0
2025/12/23,01:33:51,0,0.0,193.0,462.0,240.0,44.0,202.0,10.0,5.0,0.0,0.0,0.0,0.0
2025/12/23,01:33:56,0,0.0,190.0,462.0,241.0,42.0,202.0,11.0,5.0,0.0,0.0,0.0,0.0
2025/12/23,01:34:01,0,0.0,209.0,464.0,239.0,16.0,202.0,6.0,0.0,0.0,0.0,0.0,0.0
2025/12/23,01:34:06,0,0.0,211.0,464.0,242.0,15.0,202.0,4.0,0.0,0.0,0.0,0.0,0.0
2025/12/23,01:34:11,0,0.0,207.0,463.0,240.0,15.0,201.0,5.0,0.0,0.0,0.0,0.0,0.0
2025/12/23,01:34:16,0,0.0,211.0,464.0,242.0,15.0,202.0,5.0,0.0,0.0,0.0,0.0,0.0
2025/12/23,01:34:21,0,0.0,213.0,463.0,241.0,17.0,202.0,6.0,0.0,0.0,0.0,0.0,0.0
2025/12/23,01:34:26,0,0.0,213.0,463.0,240.0,17.0,202.0,4.0,0.0,0.0,0.0,0.0,0.0
2025/12/23,01:34:31,0,0.0,211.0,465.0,242.0,18.0,200.0,6.0,0.0,0.0,0.0,0.0,0.0
2025/12/23,01:34:36,0,0.0,216.0,463.0,240.0,18.0,200.0,6.0,0.0,0.0,0.0,0.0,0.0
2025/12/23,01:34:41,0,0.0,210.0,463.0,241.0,17.0,202.0,5.0,0.0,0.0,0.0,0.0,0.0
2025/12/23,01:34:46,0,1.0,205.0,463.0,241.0,21.0,202.0,6.0,1.0,0.0,0.0,0.0,0.0
2025/12/23,01:34:51,0,0.0,190.0,463.0,241.0,41.0,201.0,10.0,5.0,0.0,0.0,0.0,-0.0008
2025/12/23,01:34:56,0,0.0,197.0,462.0,242.0,47.0,202.0,10.0,5.0,0.0,0.0,0.0,0.0
2025/12/23,01:35:01,0,0.0,197.0,464.0,242.0,19.0,202.0,5.0,1.0,0.0,0.0,0.0,-0.0008
2025/12/23,01:35:06,0,0.0,216.0,463.0,241.0,15.0,201.0,5.0,0.0,0.0,0.0,0.0,0.0
2025/12/23,01:35:11,0,0.0,208.0,463.0,241.0,19.0,202.0,6.0,1.0,0.0,0.0,0.0,0.0
2025/12/23,01:35:16,0,0.0,209.0,463.0,241.0,15.0,202.0,4.0,0.0,0.0,0.0,0.0,0.0
2025/12/23,01:35:21,0,0.0,195.0,461.0,241.0,44.0,201.0,11.0,5.0,0.0,0.0,0.0,0.0
2025/12/23,01:35:26,0,0.0,216.0,463.0,240.0,16.0,200.0,5.0,0.0,0.0,0.0,0.0,0.0
2025/12/23,01:36:05,0,0.0,199.0,462.0,242.0,52.0,201.0,14.0,6.0,0.0,0.0,0.0,0.0
2025/12/23,01:36:09,0,0.0,209.0,460.0,238.0,13.0,203.0,6.0,1.0,0.0,0.0,0.0,0.0
2025/12/23,01:36:14,0,0.0,205.0,462.0,242.0,21.0,200.0,5.0,1.0,0.0,0.0,0.0,0.0
2025/12/23,01:36:19,0,0.0,190.0,463.0,241.0,36.0,201.0,9.0,4.0,0.0,0.0,0.0,0.0
2025/12/23,01:36:24,0,0.0,194.0,462.0,240.0,44.0,199.0,11.0,5.0,0.0,0.0,0.0,0.0
2025/12/23,01:36:29,0,0.0,197.0,461.0,241.0,25.0,202.0,7.0,3.0,0.0,0.0,0.0,0.0
2025/12/23,01:36:34,0,0.0,207.0,461.0,241.0,14.0,201.0,5.0,0.0,0.0,0.0,0.0,0.0
2025/12/23,01:36:39,0,0.0,197.0,462.0,240.0,27.0,200.0,8.0,2.0,0.0,0.0,0.0,0.0
2025/12/23,01:36:44,0,0.0,196.0,462.0,241.0,43.0,201.0,10.0,5.0,0.0,0.0,0.0,0.0
2025/12/23,01:36:49,0,0.0,206.0,464.0,241.0,14.0,201.0,4.0,0.0,0.0,0.0,0.0,-0.0008
2025/12/23,01:36:54,0,0.0,188.0,461.0,241.0,45.0,202.0,10.0,4.0,0.0,0.0,0.0,-0.0008
2025/12/23,01:36:59,0,0.0,195.0,462.0,241.0,31.0,202.0,8.0,3.0,0.0,0.0,0.0,0.0
2025/12/23,01:37:04,0,0.0,214.0,464.0,241.0,14.0,202.0,5.0,0.0,0.0,0.0,0.0,0.0
2025/12/23,01:37:09,0,0.0,191.0,463.0,241.0,44.0,200.0,10.0,5.0,0.0,0.0,0.0,0.0
2025/12/23,01:37:14,0,0.0,196.0,462.0,240.0,30.0,200.0,7.0,2.0,0.0,0.0,0.0,0.0
2025/12/23,01:37:19,0,0.0,208.0,464.0,241.0,20.0,201.0,5.0,0.0,0.0,0.0,0.0,0.0
2025/12/23,01:37:24,0,0.0,198.0,462.0,241.0,44.0,201.0,10.0,4.0,0.0,0.0,0.0,0.0
2025/12/23,01:37:29,0,0.0,207.0,464.0,242.0,12.0,201.0,4.0,0.0,0.0,0.0,0.0,0.0
2025/12/23,01:37:34,0,0.0,188.0,462.0,242.0,40.0,201.0,10.0,4.0,0.0,0.0,0.0,0.0
2025/12/23,01:37:39,0,0.0,196.0,462.0,241.0,35.0,201.0,7.0,4.0,0.0,0.0,0.0,0.0
2025/12/23,01:37:44,0,0.0,215.0,464.0,241.0,14.0,200.0,5.0,0.0,0.0,0.0,0.0,0.0
2025/12/23,01:37:49,0,0.0,198.0,462.0,241.0,44.0,202.0,10.0,4.0,0.0,0.0,0.0,-0.0008
2025/12/23,01:37:54,0,0.0,214.0,464.0,241.0,13.0,202.0,5.0,0.0,0.0,0.0,0.0,0.0
2025/12/23,01:37:59,0,0.0,194.0,462.0,241.0,44.0,201.0,10.0,5.0,0.0,0.0,0.0,0.0
2025/12/23,01:38:04,0,0.0,207.0,464.0,242.0,13.0,202.0,6.0,1.0,0.0,0.0,0.0,0.0
2025/12/23,01:38:09,0,0.0,191.0,459.0,241.0,44.0,201.0,10.0,5.0,0.0,0.0,0.0,0.0
2025/12/23,01:38:14,0,0.0,215.0,464.0,242.0,14.0,201.0,5.0,0.0,0.0,0.0,0.0,0.0
2025/12/23,01:38:19,0,0.0,195.0,461.0,241.0,43.0,201.0,10.0,4.0,0.0,0.0,0.0,0.0
2025/12/23,01:38:24,0,0.0,207.0,463.0,241.0,14.0,201.0,5.0,0.0,0.0,0.0,0.0,0.0
2025/12/23,01:38:29,0,0.0,197.0,463.0,241.0,26.0,201.0,7.0,2.0,0.0,0.0,0.0,0.0
2025/12/23,01:38:34,0,0.0,195.0,463.0,241.0,43.0,200.0,10.0,5.0,0.0,0.0,0.0,0.0
2025/12/23,01:38:39,0,0.0,201.0,463.0,242.0,22.0,201.0,7.0,2.0,0.0,0.0,0.0,0.0
2025/12/23,01:38:44,0,0.0,191.0,462.0,240.0,31.0,201.0,8.0,2.0,0.0,0.0,0.0,0.0
2025/12/23,01:38:49,0,0.0,195.0,461.0,241.0,30.0,202.0,7.0,3.0,0.0,0.0,0.0,0.0
2025/12/23,01:38:54,0,0.0,198.0,462.0,241.0,40.0,201.0,10.0,5.0,0.0,0.0,0.0,0.0
2025/12/23,01:38:59,0,0.0,194.0,461.0,242.0,30.0,200.0,8.0,3.0,0.0,0.0,0.0,0.0
2025/12/23,01:39:04,0,0.0,205.0,464.0,241.0,12.0,201.0,3.0,0.0,0.0,0.0,0.0,0.0
2025/12/23,01:39:09,0,0.0,196.0,463.0,242.0,44.0,201.0,11.0,5.0,0.0,0.0,0.0,0.0
2025/12/23,01:39:14,0,0.0,216.0,463.0,242.0,14.0,200.0,4.0,0.0,0.0,0.0,0.0,0.0
2025/12/23,01:39:19,0,0.0,193.0,462.0,242.0,40.0,201.0,9.0,5.0,0.0,0.0,0.0,0.0
2025/12/23,01:39:24,0,0.0,204.0,463.0,240.0,19.0,201.0,5.0,0.0,0.0,0.0,0.0,0.0
2025/12/23,01:39:29,0,0.0,196.0,464.0,242.0,20.0,202.0,6.0,1.0,0.0,0.0,0.0,0.0
2025/12/23,01:39:34,0,0.0,189.0,462.0,242.0,43.0,201.0,10.0,5.0,0.0,0.0,0.0,0.0
2025/12/23,01:39:39,0,0.0,209.0,462.0,241.0,13.0,202.0,5.0,0.0,0.0,0.0,0.0,0.0
2025/12/23,01:39:44,0,0.0,191.0,463.0,241.0,42.0,201.0,10.0,5.0,0.0,0.0,0.0,0.0
2025/12/23,01:39:49,0,1.0,194.0,460.0,241.0,31.0,200.0,8.0,3.0,0.0,0.0,0.0,0.0
2025/12/23,01:39:54,0,0.0,208.0,463.0,242.0,13.0,201.0,4.0,0.0,0.0,0.0,0.0,-0.0008
2025/12/23,01:39:59,0,0.0,197.0,462.0,240.0,38.0,200.0,9.0,4.0,0.0,0.0,0.0,0.0
2025/12/23,01:40:04,0,0.0,188.0,462.0,240.0,42.0,202.0,10.0,5.0,0.0,0.0,0.0,0.0
2025/12/23,01:40:09,0,0.0,213.0,463.0,241.0,17.0,202.0,5.0,0.0,0.0,0.0,0.0,0.0
2025/12/23,01:40:14,0,0.0,198.0,464.0,241.0,17.0,202.0,5.0,0.0,0.0,0.0,0.0,0.0
2025/12/23,01:40:19,0,0.0,199.0,462.0,240.0,43.0,201.0,9.0,5.0,0.0,0.0,0.0,0.0
2025/12/23,01:40:24,0,0.0,198.0,462.0,241.0,26.0,201.0,7.0,2.0,0.0,0.0,0.0,0.0
2025/12/23,01:40:29,0,0.0,201.0,464.0,241.0,15.0,202.0,4.0,0.0,0.0,0.0,0.0,0.0
2025/12/23,01:40:34,0,0.0,198.0,461.0,241.0,43.0,201.0,10.0,4.0,0.0,0.0,0.0,0.0
2025/12/23,01:40:39,0,0.0,201.0,463.0,242.0,24.0,202.0,8.0,2.0,0.0,0.0,0.0,0.0
2025/12/23,01:40:44,0,0.0,208.0,464.0,241.0,13.0,202.0,4.0,0.0,0.0,0.0,0.0,0.0
2025/12/23,01:40:49,0,0.0,196.0,463.0,241.0,35.0,202.0,8.0,4.0,0.0,0.0,0.0,0.0
2025/12/23,01:40:54,0,0.0,191.0,459.0,241.0,45.0,201.0,11.0,5.0,0.0,0.0,0.0,0.0
2025/12/23,01:40:59,0,0.0,199.0,463.0,241.0,29.0,200.0,8.0,2.0,0.0,0.0,0.0,0.0
2025/12/23,01:41:04,0,0.0,207.0,462.0,241.0,16.0,201.0,5.0,1.0,0.0,0.0,0.0,0.0
2025/12/23,01:41:09,0,0.0,214.0,464.0,241.0,16.0,202.0,4.0,0.0,0.0,0.0,0.0,0.0
2025/12/23,01:41:14,0,0.0,204.0,462.0,241.0,15.0,201.0,4.0,0.0,0.0,0.0,0.0,0.0
2025/12/23,01:41:19,0,0.0,199.0,464.0,241.0,15.0,201.0,4.0,1.0,0.0,0.0,0.0,0.0
2025/12/23,01:41:24,0,0.0,197.0,461.0,241.0,32.0,199.0,8.0,3.0,0.0,0.0,0.0,0.0
2025/12/23,01:41:29,0,0.0,194.0,459.0,241.0,40.0,200.0,10.0,6.0,0.0,0.0,0.0,-0.0008
2025/12/23,01:41:34,0,0.0,194.0,462.0,241.0,43.0,201.0,10.0,5.0,0.0,0.0,0.0,0.0
2025/12/23,01:41:39,0,0.0,189.0,462.0,241.0,41.0,201.0,10.0,5.0,0.0,0.0,0.0,0.0
2025/12/23,01:41:44,0,0.0,195.0,463.0,241.0,30.0,200.0,8.0,3.0,0.0,0.0,0.0,0.0
2025/12/23,01:41:49,0,0.0,214.0,464.0,242.0,14.0,201.0,4.0,0.0,0.0,0.0,0.0,0.0
2025/12/23,01:41:54,0,0.0,196.0,463.0,241.0,39.0,202.0,9.0,4.0,0.0,0.0,0.0,0.0
2025/12/23,01:41:59,0,0.0,196.0,463.0,241.0,25.0,201.0,8.0,3.0,0.0,0.0,0.0,-0.0008
2025/12/23,01:42:04,0,0.0,197.0,463.0,241.0,26.0,202.0,7.0,2.0,0.0,0.0,0.0,0.0
2025/12/23,01:42:09,0,0.0,193.0,463.0,241.0,33.0,201.0,9.0,3.0,0.0,0.0,0.0,-0.0008
2025/12/23,01:42:14,0,0.0,197.0,460.0,242.0,15.0,202.0,5.0,1.0,0.0,0.0,0.0,0.0
2025/12/23,01:42:19,0,0.0,193.0,462.0,241.0,45.0,202.0,11.0,5.0,0.0,0.0,0.0,0.0
2025/12/23,01:42:24,0,0.0,212.0,463.0,241.0,12.0,200.0,5.0,1.0,0.0,0.0,0.0,0.0
2025/12/23,01:42:29,0,0.0,195.0,462.0,241.0,29.0,201.0,7.0,3.0,0.0,0.0,0.0,0.0
2025/12/23,01:42:34,0,0.0,195.0,461.0,240.0,41.0,202.0,10.0,5.0,0.0,0.0,0.0,0.0
2025/12/23,01:42:39,0,0.0,198.0,463.0,241.0,27.0,202.0,7.0,2.0,0.0,0.0,0.0,-0.0008
2025/12/23,01:42:44,0,0.0,210.0,464.0,241.0,14.0,202.0,4.0,0.0,0.0,0.0,0.0,0.0
2025/12/23,01:42:49,0,0.0,194.0,462.0,242.0,39.0,202.0,9.0,4.0,0.0,0.0,0.0,0.0
2025/12/23,01:42:54,0,0.0,193.0,462.0,240.0,31.0,198.0,9.0,3.0,0.0,0.0,0.0,0.0
2025/12/23,01:42:59,0,0.0,199.0,463.0,241.0,16.0,202.0,5.0,0.0,0.0,0.0,0.0,0.0
2025/12/23,01:43:04,0,0.0,200.0,462.0,241.0,43.0,201.0,10.0,5.0,0.0,0.0,0.0,0.0
2025/12/23,01:43:09,0,0.0,202.0,463.0,242.0,18.0,201.0,6.0,1.0,0.0,0.0,0.0,-0.0008
2025/12/23,01:43:14,0,0.0,198.0,463.0,240.0,18.0,200.0,5.0,0.0,0.0,0.0,0.0,0.0
2025/12/23,01:43:19,0,0.0,188.0,462.0,240.0,44.0,200.0,11.0,6.0,0.0,0.0,0.0,0.0
2025/12/23,01:43:24,0,0.0,214.0,463.0,241.0,16.0,200.0,5.0,0.0,0.0,0.0,0.0,0.0
2025/12/23,01:43:29,0,0.0,193.0,463.0,242.0,40.0,201.0,10.0,4.0,0.0,0.0,0.0,-0.0008
2025/12/23,01:43:34,0,0.0,201.0,462.0,241.0,22.0,201.0,7.0,2.0,0.0,0.0,0.0,0.0
2025/12/23,01:43:39,0,0.0,196.0,464.0,242.0,14.0,201.0,4.0,0.0,0.0,0.0,0.0,0.0
2025/12/23,01:43:44,0,0.0,192.0,461.0,241.0,43.0,200.0,11.0,5.0,0.0,0.0,0.0,0.0
2025/12/23,01:43:49,0,0.0,211.0,464.0,241.0,18.0,202.0,5.0,0.0,0.0,0.0,0.0,0.0
2025/12/23,01:43:54,0,0.0,196.0,462.0,241.0,34.0,201.0,7.0,4.0,0.0,0.0,0.0,-0.0008
2025/12/23,01:43:59,0,0.0,190.0,460.0,241.0,37.0,201.0,9.0,5.0,0.0,0.0,0.0,0.0
2025/12/23,01:44:04,0,0.0,204.0,464.0,241.0,13.0,201.0,4.0,0.0,0.0,0.0,0.0,0.0
2025/12/23,01:44:09,0,0.0,195.0,462.0,241.0,44.0,200.0,10.0,5.0,0.0,0.0,0.0,0.0
2025/12/23,01:44:14,0,0.0,213.0,464.0,242.0,14.0,202.0,5.0,0.0,0.0,0.0,0.0,-0.0008
2025/12/23,01:44:19,0,0.0,193.0,462.0,241.0,41.0,202.0,10.0,4.0,0.0,0.0,0.0,0.0
2025/12/23,01:44:24,0,0.0,199.0,462.0,241.0,28.0,201.0,7.0,3.0,0.0,0.0,-0.0008,0.0
2025/12/23,01:44:29,0,0.0,207.0,462.0,241.0,14.0,201.0,4.0,0.0,0.0,0.0,0.0,0.0
2025/12/23,01:44:34,0,0.0,196.0,460.0,241.0,36.0,200.0,8.0,3.0,0.0,0.0,0.0,0.0
2025/12/23,01:44:39,0,0.0,192.0,462.0,240.0,42.0,200.0,10.0,5.0,0.0,0.0,0.0,0.0
2025/12/23,01:44:44,0,0.0,196.0,463.0,241.0,26.0,202.0,8.0,2.0,0.0,0.0,0.0,0.0
2025/12/23,01:44:49,0,0.0,204.0,464.0,241.0,14.0,200.0,4.0,0.0,0.0,0.0,0.0,0.0
2025/12/23,01:44:54,0,0.0,191.0,463.0,241.0,41.0,202.0,9.0,5.0,0.0,0.0,0.0,0.0
2025/12/23,01:44:59,0,0.0,188.0,463.0,242.0,42.0,202.0,10.0,5.0,0.0,0.0,0.0,0.0
2025/12/23,01:45:04,0,0.0,214.0,463.0,241.0,14.0,199.0,5.0,0.0,0.0,0.0,0.0,0.0
2025/12/23,01:45:09,0,0.0,197.0,464.0,242.0,30.0,201.0,6.0,2.0,0.0,0.0,0.0,0.0
2025/12/23,01:45:14,0,0.0,193.0,462.0,241.0,43.0,201.0,10.0,5.0,0.0,0.0,0.0,-0.0008
2025/12/23,01:45:19,0,0.0,209.0,464.0,239.0,16.0,202.0,5.0,0.0,0.0,0.0,0.0,0.0
2025/12/23,01:45:24,0,0.0,197.0,463.0,241.0,28.0,201.0,6.0,3.0,0.0,0.0,0.0,0.0
2025/12/23,01:45:29,0,0.0,212.0,464.0,242.0,15.0,201.0,4.0,0.0,0.0,0.0,0.0,0.0
2025/12/23,01:45:34,0,0.0,197.0,464.0,241.0,32.0,201.0,8.0,3.0,0.0,0.0,0.0,0.0
2025/12/23,01:45:39,0,0.0,195.0,463.0,241.0,44.0,201.0,10.0,5.0,0.0,0.0,0.0,0.0
2025/12/23,01:46:16,0,0.0,218.0,463.0,240.0,12.0,200.0,4.0,0.0,0.0,0.0,0.0,0.0
2025/12/23,01:46:18,0,0.0,191.0,462.0,241.0,37.0,201.0,8.0,5.0,0.0,0.0,0.0,0.0
2025/12/23,01:46:23,0,0.0,207.0,463.0,241.0,12.0,202.0,5.0,0.0,0.0,0.0,0.0,0.0
2025/12/23,01:46:28,0,0.0,193.0,462.0,242.0,39.0,201.0,9.0,4.0,0.0,0.0,0.0,0.0
2025/12/23,01:46:33,0,0.0,197.0,462.0,241.0,39.0,200.0,9.0,4.0,0.0,0.0,0.0,0.0
2025/12/23,01:46:38,0,0.0,207.0,463.0,241.0,11.0,202.0,4.0,0.0,0.0,0.0,0.0,0.0
2025/12/23,01:46:43,0,0.0,193.0,462.0,241.0,30.0,200.0,7.0,3.0,0.0,0.0,0.0,0.0
2025/12/23,01:46:48,0,0.0,194.0,462.0,241.0,44.0,201.0,9.0,4.0,0.0,0.0,0.0,0.0
2025/12/23,01:46:53,0,0.0,203.0,463.0,241.0,13.0,200.0,4.0,0.0,0.0,0.0,0.0,-0.0008
2025/12/23,01:46:58,0,0.0,199.0,463.0,241.0,25.0,201.0,7.0,2.0,0.0,0.0,0.0,0.0
2025/12/23,01:47:03,0,0.0,199.0,463.0,242.0,42.0,200.0,10.0,5.0,0.0,0.0,0.0,0.0
2025/12/23,01:47:08,0,0.0,197.0,461.0,241.0,12.0,201.0,4.0,0.0,0.0,0.0,0.0,0.0
2025/12/23,01:47:13,0,0.0,210.0,462.0,241.0,18.0,199.0,5.0,0.0,0.0,0.0,0.0,0.0
2025/12/23,01:47:18,0,0.0,188.0,463.0,242.0,41.0,201.0,10.0,5.0,0.0,0.0,0.0,0.0
2025/12/23,01:47:23,0,0.0,191.0,462.0,241.0,40.0,202.0,10.0,4.0,0.0,0.0,0.0,0.0
2025/12/23,01:47:28,0,0.0,205.0,464.0,241.0,11.0,201.0,4.0,0.0,0.0,0.0,0.0,0.0
2025/12/23,01:47:33,0,0.0,195.0,462.0,240.0,29.0,200.0,7.0,3.0,0.0,0.0,0.0,0.0
2025/12/23,01:47:38,0,0.0,194.0,462.0,241.0,42.0,202.0,10.0,5.0,0.0,0.0,0.0,0.0
2025/12/23,01:47:43,0,0.0,206.0,464.0,241.0,12.0,201.0,3.0,0.0,0.0,0.0,0.0,0.0
2025/12/23,01:47:48,0,0.0,191.0,461.0,241.0,43.0,200.0,10.0,4.0,0.0,0.0,0.0,0.0
2025/12/23,01:47:53,0,0.0,208.0,463.0,241.0,13.0,201.0,5.0,1.0,0.0,0.0,0.0,0.0
2025/12/23,01:47:58,0,0.0,214.0,463.0,241.0,15.0,200.0,5.0,0.0,0.0,0.0,0.0,-0.0008
2025/12/23,01:48:03,0,0.0,213.0,461.0,241.0,18.0,202.0,4.0,1.0,0.0,0.0,0.0,0.0
2025/12/23,01:48:08,0,0.0,209.0,463.0,241.0,15.0,202.0,5.0,2.0,0.0,0.0,0.0,0.0
2025/12/23,01:48:13,0,0.0,211.0,464.0,241.0,18.0,201.0,5.0,0.0,0.0,0.0,0.0,0.0
2025/12/23,01:48:18,0,0.0,211.0,464.0,239.0,15.0,200.0,4.0,0.0,0.0,0.0,0.0,0.0
2025/12/23,01:48:23,0,0.0,195.0,460.0,241.0,33.0,200.0,8.0,3.0,0.0,0.0,0.0,0.0
2025/12/23,01:48:28,0,0.0,188.0,462.0,241.0,42.0,202.0,10.0,4.0,0.0,0.0,0.0,0.0
2025/12/23,01:48:33,0,0.0,212.0,463.0,239.0,12.0,202.0,4.0,0.0,0.0,0.0,0.0,0.0
2025/12/23,01:48:38,0,0.0,193.0,462.0,241.0,38.0,200.0,8.0,3.0,0.0,0.0,0.0,0.0
2025/12/23,01:48:43,0,0.0,192.0,462.0,241.0,32.0,200.0,8.0,3.0,0.0,0.0,0.0,0.0
2025/12/23,01:48:48,0,0.0,204.0,464.0,241.0,12.0,201.0,4.0,0.0,0.0,0.0,0.0,0.0
2025/12/23,01:48:53,0,0.0,196.0,463.0,241.0,38.0,202.0,9.0,4.0,0.0,0.0,0.0,0.0
2025/12/23,01:48:58,0,0.0,191.0,459.0,242.0,42.0,200.0,10.0,5.0,0.0,0.0,0.0,0.0
2025/12/23,01:49:03,0,0.0,196.0,463.0,242.0,32.0,200.0,8.0,3.0,0.0,0.0,0.0,0.0
2025/12/23,01:49:08,0,0.0,208.0,463.0,241.0,17.0,200.0,5.0,1.0,0.0,0.0,0.0,-0.0008
2025/12/23,01:49:13,0,0.0,210.0,464.0,241.0,17.0,201.0,5.0,0.0,0.0,0.0,0.0,0.0
2025/12/23,01:49:18,0,0.0,206.0,463.0,239.0,18.0,200.0,5.0,0.0,0.0,0.0,0.0,0.0
2025/12/23,01:49:23,0,0.0,185.0,459.0,241.0,44.0,200.0,9.0,4.0,0.0,0.0,0.0,0.0
2025/12/23,01:49:28,0,0.0,191.0,463.0,242.0,43.0,200.0,9.0,5.0,0.0,0.0,0.0,0.0
2025/12/23,01:49:33,0,0.0,203.0,464.0,241.0,14.0,202.0,5.0,0.0,0.0,0.0,0.0,0.0
2025/12/23,01:49:38,0,0.0,201.0,463.0,241.0,21.0,200.0,6.0,2.0,0.0,0.0,0.0,0.0
2025/12/23,01:49:43,0,0.0,193.0,461.0,241.0,44.0,201.0,10.0,5.0,0.0,0.0,0.0,-0.0008
2025/12/23,01:49:48,0,0.0,194.0,464.0,242.0,38.0,201.0,9.0,4.0,0.0,0.0,0.0,0.0
2025/12/23,01:49:53,0,0.0,198.0,463.0,239.0,16.0,200.0,4.0,1.0,0.0,0.0,0.0,0.0
2025/12/23,01:49:58,0,0.0,196.0,463.0,241.0,22.0,200.0,6.0,2.0,0.0,0.0,0.0,-0.0008
2025/12/23,01:50:03,0,0.0,194.0,460.0,241.0,38.0,199.0,9.0,4.0,0.0,0.0,0.0,-0.0008
2025/12/23,01:50:08,0,0.0,191.0,461.0,241.0,41.0,200.0,10.0,5.0,0.0,0.0,0.0,0.0
2025/12/23,01:50:13,0,0.0,209.0,464.0,241.0,16.0,202.0,5.0,1.0,0.0,0.0,0.0,-0.0008
2025/12/23,01:50:18,0,0.0,197.0,462.0,241.0,22.0,201.0,5.0,2.0,0.0,0.0,0.0,0.0
2025/12/23,01:50:23,0,0.0,190.0,462.0,239.0,41.0,201.0,9.0,5.0,0.0,0.0,0.0,0.0
2025/12/23,01:50:28,0,0.0,211.0,464.0,241.0,13.0,201.0,3.0,0.0,0.0,0.0,0.0,0.0
2025/12/23,01:50:33,0,0.0,193.0,461.0,240.0,40.0,201.0,9.0,4.0,0.0,0.0,0.0,0.0
2025/12/23,01:50:38,0,0.0,193.0,462.0,241.0,33.0,201.0,8.0,3.0,0.0,0.0,0.0,0.0
2025/12/23,01:50:43,0,0.0,205.0,464.0,241.0,14.0,201.0,3.0,0.0,0.0,0.0,0.0,-0.0008
2025/12/23,01:50:48,0,0.0,193.0,462.0,241.0,41.0,201.0,9.0,5.0,0.0,0.0,0.0,0.0
2025/12/23,01:50:53,0,0.0,187.0,462.0,240.0,40.0,200.0,11.0,5.0,0.0,0.0,0.0,0.0
2025/12/23,01:50:58,0,0.0,207.0,463.0,240.0,16.0,200.0,5.0,1.0,0.0,0.0,0.0,0.0
2025/12/23,01:51:03,0,0.0,210.0,463.0,240.0,13.0,200.0,4.0,0.0,0.0,0.0,0.0,0.0
2025/12/23,01:51:08,0,0.0,198.0,464.0,241.0,15.0,199.0,4.0,0.0,0.0,0.0,0.0,0.0
2025/12/23,01:51:13,0,0.0,197.0,461.0,241.0,25.0,200.0,6.0,2.0,0.0,0.0,0.0,0.0
2025/12/23,01:51:18,0,0.0,192.0,462.0,241.0,39.0,200.0,9.0,4.0,0.0,0.0,0.0,0.0
2025/12/23,01:51:23,0,0.0,189.0,463.0,242.0,40.0,201.0,10.0,5.0,0.0,0.0,0.0,0.0
2025/12/23,01:51:28,0,0.0,207.0,462.0,241.0,12.0,199.0,4.0,0.0,0.0,0.0,0.0,0.0
2025/12/23,01:51:33,0,0.0,195.0,462.0,241.0,39.0,203.0,9.0,4.0,0.0,0.0,0.0,0.0
2025/12/23,01:51:38,0,0.0,193.0,462.0,241.0,43.0,201.0,9.0,5.0,0.0,0.0,0.0,0.0
2025/12/23,01:51:43,0,0.0,195.0,462.0,240.0,25.0,201.0,7.0,3.0,0.0,0.0,0.0,-0.0008
2025/12/23,01:51:48,0,0.0,206.0,464.0,241.0,16.0,201.0,5.0,1.0,0.0,0.0,0.0,0.0
2025/12/23,01:51:53,0,0.0,215.0,464.0,241.0,16.0,201.0,4.0,0.0,0.0,0.0,0.0,0.0
2025/12/23,01:51:58,0,0.0,209.0,464.0,241.0,15.0,202.0,5.0,0.0,0.0,0.0,0.0,0.0
2025/12/23,01:52:03,0,0.0,208.0,464.0,241.0,15.0,202.0,4.0,0.0,0.0,0.0,0.0,0.0
2025/12/23,01:52:08,0,0.0,207.0,461.0,241.0,13.0,200.0,4.0,0.0,0.0,0.0,0.0,0.0
2025/12/23,01:52:13,0,0.0,205.0,461.0,241.0,13.0,202.0,4.0,0.0,0.0,0.0,0.0,0.0
2025/12/23,01:52:18,0,0.0,206.0,464.0,242.0,12.0,201.0,4.0,0.0,0.0,0.0,0.0,-0.0008
2025/12/23,01:52:23,0,0.0,213.0,464.0,241.0,14.0,202.0,4.0,0.0,0.0,0.0,0.0,0.0
2025/12/23,01:52:28,0,0.0,209.0,461.0,243.0,16.0,202.0,5.0,1.0,0.0,0.0,0.0,0.0
2025/12/23,01:52:33,0,0.0,197.0,463.0,242.0,29.0,202.0,7.0,3.0,0.0,0.0,0.0,0.0
2025/12/23,01:52:38,0,0.0,188.0,462.0,241.0,43.0,200.0,10.0,5.0,0.0,0.0,0.0,0.0
2025/12/23,01:52:43,0,0.0,188.0,462.0,240.0,43.0,200.0,10.0,5.0,0.0,0.0,0.0,0.0
2025/12/23,01:52:48,0,0.0,188.0,462.0,240.0,43.0,200.0,10.0,5.0,0.0,0.0,0.0,-0.0008
2025/12/23,01:52:53,0,0.0,194.0,462.0,241.0,42.0,202.0,10.0,5.0,0.0,0.0,0.0,0.0
2025/12/23,01:52:58,0,0.0,193.0,462.0,240.0,39.0,200.0,9.0,4.0,0.0,0.0,0.0,0.0
2025/12/23,01:53:03,0,0.0,198.0,463.0,241.0,13.0,202.0,4.0,0.0,0.0,0.0,0.0,0.0
2025/12/23,01:53:08,0,0.0,208.0,463.0,241.0,14.0,201.0,5.0,1.0,0.0,0.0,0.0,0.0
2025/12/23,01:53:13,0,0.0,191.0,461.0,241.0,45.0,200.0,10.0,5.0,0.0,0.0,0.0,0.0
2025/12/23,01:53:18,0,0.0,191.0,462.0,239.0,40.0,200.0,9.0,5.0,0.0,0.0,0.0,0.0
2025/12/23,01:53:23,0,0.0,198.0,464.0,242.0,13.0,201.0,4.0,0.0,0.0,0.0,0.0,0.0
2025/12/23,01:53:28,0,0.0,210.0,463.0,242.0,13.0,201.0,5.0,0.0,0.0,0.0,0.0,0.0
2025/12/23,01:53:33,0,0.0,193.0,463.0,240.0,36.0,200.0,8.0,3.0,0.0,0.0,0.0,0.0
2025/12/23,01:53:38,0,0.0,192.0,462.0,241.0,43.0,201.0,10.0,5.0,0.0,0.0,0.0,-0.0008
2025/12/23,01:53:43,0,0.0,191.0,461.0,241.0,40.0,199.0,9.0,5.0,0.0,0.0,0.0,0.0
2025/12/23,01:53:48,0,0.0,195.0,462.0,241.0,32.0,201.0,8.0,3.0,0.0,0.0,0.0,0.0
2025/12/23,01:53:53,0,0.0,195.0,461.0,241.0,33.0,200.0,8.0,4.0,0.0,0.0,0.0,0.0
2025/12/23,01:53:58,0,0.0,194.0,462.0,241.0,34.0,201.0,8.0,4.0,0.0,0.0,0.0,0.0
2025/12/23,01:54:03,0,0.0,192.0,462.0,242.0,40.0,202.0,10.0,5.0,0.0,0.0,0.0,0.0
2025/12/23,01:54:08,0,0.0,196.0,461.0,241.0,38.0,200.0,9.0,4.0,0.0,0.0,0.0,0.0
2025/12/23,01:54:13,0,0.0,196.0,462.0,240.0,37.0,201.0,9.0,5.0,0.0,0.0,0.0,0.0
2025/12/23,01:54:18,0,0.0,195.0,462.0,241.0,39.0,201.0,10.0,5.0,0.0,0.0,0.0,0.0
2025/12/23,01:54:23,0,0.0,193.0,463.0,241.0,34.0,201.0,8.0,4.0,0.0,0.0,0.0,0.0
2025/12/23,01:54:28,0,0.0,199.0,463.0,240.0,19.0,201.0,4.0,1.0,0.0,0.0,0.0,0.0
2025/12/23,01:54:33,0,0.0,210.0,464.0,242.0,14.0,199.0,5.0,0.0,0.0,0.0,0.0,0.0
2025/12/23,01:54:38,0,0.0,193.0,463.0,241.0,32.0,201.0,8.0,3.0,0.0,0.0,0.0,0.0
2025/12/23,01:54:43,0,0.0,197.0,462.0,239.0,40.0,200.0,9.0,5.0,0.0,0.0,0.0,0.0
2025/12/23,01:54:48,0,0.0,198.0,464.0,241.0,15.0,202.0,4.0,1.0,0.0,0.0,0.0,0.0
2025/12/23,01:54:53,0,0.0,210.0,463.0,241.0,14.0,201.0,4.0,0.0,0.0,0.0,0.0,0.0
2025/12/23,01:54:58,0,0.0,188.0,462.0,241.0,43.0,202.0,10.0,4.0,0.0,0.0,0.0,0.0
2025/12/23,01:55:03,0,0.0,193.0,462.0,241.0,39.0,201.0,8.0,5.0,0.0,0.0,0.0,0.0
2025/12/23,01:55:08,0,0.0,203.0,463.0,241.0,12.0,202.0,4.0,0.0,0.0,0.0,0.0,-0.0008
2025/12/23,01:55:13,0,0.0,204.0,461.0,241.0,21.0,199.0,6.0,1.0,0.0,0.0,0.0,0.0
2025/12/23,01:55:18,0,0.0,193.0,463.0,242.0,46.0,200.0,10.0,5.0,0.0,0.0,0.0,0.0
2025/12/23,01:55:23,0,0.0,196.0,462.0,240.0,27.0,200.0,7.0,3.0,0.0,0.0,0.0,0.0
2025/12/23,01:55:28,0,0.0,208.0,463.0,242.0,14.0,201.0,5.0,1.0,0.0,0.0,0.0,0.0
2025/12/23,01:55:33,0,0.0,195.0,462.0,240.0,42.0,202.0,9.0,5.0,0.0,0.0,0.0,0.0
2025/12/23,01:55:38,0,0.0,215.0,464.0,241.0,14.0,202.0,5.0,1.0,0.0,0.0,0.0,0.0
2025/12/23,01:55:43,0,0.0,198.0,460.0,240.0,42.0,201.0,9.0,4.0,0.0,0.0,0.0,0.0
2025/12/23,01:55:48,0,0.0,206.0,462.0,240.0,10.0,201.0,3.0,0.0,0.0,0.0,0.0,0.0
2025/12/23,01:56:46,0,0.0,190.0,463.0,241.0,42.0,201.0,11.0,6.0,0.0,0.0,0.0,0.0
2025/12/23,01:56:48,0,0.0,191.0,462.0,240.0,39.0,199.0,10.0,5.0,0.0,0.0,0.0,0.0
2025/12/23,01:56:53,0,0.0,196.0,463.0,242.0,15.0,202.0,5.0,1.0,0.0,0.0,0.0,0.0
2025/12/23,01:56:58,0,0.0,196.0,463.0,241.0,26.0,201.0,6.0,3.0,0.0,0.0,0.0,-0.0008
2025/12/23,01:57:03,0,0.0,191.0,462.0,242.0,39.0,201.0,9.0,5.0,0.0,0.0,0.0,0.0
2025/12/23,01:57:08,0,0.0,209.0,464.0,242.0,11.0,200.0,4.0,0.0,0.0,0.0,0.0,-0.0008
2025/12/23,01:57:13,0,0.0,193.0,461.0,239.0,43.0,200.0,10.0,4.0,-0.0008,0.0,0.0,0.0
2025/12/23,01:57:18,0,0.0,212.0,463.0,241.0,13.0,201.0,4.0,1.0,0.0,0.0,0.0,0.0
2025/12/23,01:57:23,0,0.0,194.0,462.0,241.0,42.0,201.0,9.0,5.0,0.0,0.0,0.0,0.0
2025/12/23,01:57:28,0,0.0,212.0,463.0,242.0,12.0,200.0,4.0,0.0,0.0,0.0,0.0,0.0
2025/12/23,01:57:33,0,0.0,193.0,462.0,240.0,41.0,202.0,9.0,4.0,0.0,0.0,0.0,0.0
2025/12/23,01:57:38,0,0.0,208.0,462.0,241.0,13.0,199.0,5.0,0.0,0.0,0.0,0.0,0.0
2025/12/23,01:57:43,0,0.0,196.0,462.0,241.0,43.0,200.0,10.0,5.0,0.0,0.0,0.0,-0.0008
2025/12/23,01:57:48,0,0.0,200.0,463.0,240.0,12.0,199.0,4.0,0.0,0.0,0.0,0.0,0.0
2025/12/23,01:57:53,0,0.0,202.0,462.0,240.0,20.0,201.0,6.0,2.0,0.0,0.0,0.0,0.0
2025/12/23,01:57:58,0,0.0,196.0,460.0,241.0,43.0,201.0,9.0,5.0,0.0,0.0,0.0,0.0
2025/12/23,01:58:03,0,0.0,199.0,463.0,241.0,14.0,201.0,4.0,0.0,0.0,0.0,0.0,0.0
2025/12/23,01:58:08,0,0.0,202.0,463.0,241.0,18.0,200.0,5.0,1.0,0.0,0.0,0.0,0.0
2025/12/23,01:58:13,0,0.0,188.0,462.0,239.0,43.0,201.0,9.0,5.0,0.0,0.0,0.0,0.0
2025/12/23,01:58:18,0,0.0,213.0,464.0,241.0,12.0,202.0,4.0,0.0,0.0,0.0,0.0,-0.0008
2025/12/23,01:58:23,0,0.0,195.0,462.0,241.0,42.0,202.0,10.0,5.0,0.0,0.0,0.0,0.0
2025/12/23,01:58:28,0,0.0,203.0,462.0,241.0,12.0,202.0,4.0,0.0,0.0,0.0,0.0,0.0
2025/12/23,01:58:33,0,0.0,185.0,462.0,240.0,38.0,201.0,10.0,5.0,0.0,0.0,0.0,0.0
2025/12/23,01:58:38,0,0.0,196.0,462.0,241.0,32.0,201.0,7.0,3.0,0.0,0.0,0.0,0.0
2025/12/23,01:58:43,0,0.0,206.0,464.0,241.0,15.0,202.0,4.0,1.0,0.0,0.0,0.0,0.0
2025/12/23,01:58:48,0,0.0,198.0,462.0,241.0,42.0,202.0,9.0,5.0,0.0,0.0,0.0,0.0
2025/12/23,01:58:53,0,0.0,200.0,463.0,240.0,14.0,201.0,4.0,0.0,0.0,0.0,0.0,0.0
2025/12/23,01:58:58,0,0.0,207.0,464.0,242.0,14.0,200.0,5.0,0.0,0.0,0.0,0.0,0.0
2025/12/23,01:59:03,0,0.0,193.0,459.0,241.0,44.0,200.0,10.0,5.0,0.0,0.0,0.0,0.0
2025/12/23,01:59:08,0,0.0,197.0,463.0,241.0,14.0,201.0,3.0,1.0,0.0,0.0,0.0,0.0
2025/12/23,01:59:13,0,0.0,197.0,463.0,241.0,25.0,201.0,7.0,3.0,-0.0008,0.0,0.0,0.0
2025/12/23,01:59:18,0,0.0,193.0,463.0,241.0,41.0,202.0,10.0,5.0,0.0,0.0,0.0,0.0
2025/12/23,01:59:23,0,0.0,205.0,463.0,241.0,11.0,200.0,3.0,0.0,0.0,0.0,0.0,-0.0008
2025/12/23,01:59:28,0,0.0,196.0,463.0,241.0,27.0,201.0,7.0,3.0,0.0,0.0,0.0,0.0
2025/12/23,01:59:33,0,0.0,193.0,463.0,241.0,45.0,201.0,9.0,5.0,0.0,0.0,0.0,0.0
2025/12/23,01:59:38,0,0.0,205.0,464.0,239.0,10.0,200.0,3.0,0.0,0.0,0.0,0.0,0.0
2025/12/23,01:59:43,0,0.0,188.0,462.0,241.0,40.0,201.0,10.0,6.0,0.0,0.0,0.0,0.0
2025/12/23,01:59:48,0,0.0,197.0,462.0,240.0,22.0,200.0,5.0,2.0,0.0,0.0,0.0,0.0
2025/12/23,01:59:53,0,0.0,205.0,463.0,241.0,17.0,201.0,5.0,1.0,0.0,0.0,0.0,0.0
2025/12/23,01:59:58,0,0.0,198.0,462.0,240.0,41.0,202.0,10.0,5.0,0.0,0.0,0.0,0.0
2025/12/23,02:00:03,0,0.0,205.0,463.0,239.0,10.0,200.0,3.0,0.0,0.0,0.0,0.0,0.0
2025/12/23,02:00:08,0,0.0,194.0,463.0,241.0,30.0,201.0,8.0,3.0,0.0,0.0,0.0,0.0
2025/12/23,02:00:13,0,0.0,193.0,462.0,241.0,40.0,200.0,9.0,5.0,0.0,0.0,0.0,0.0
2025/12/23,02:00:18,0,0.0,202.0,464.0,241.0,12.0,201.0,4.0,0.0,0.0,0.0,0.0,0.0
2025/12/23,02:00:23,0,0.0,193.0,461.0,241.0,29.0,200.0,8.0,3.0,0.0,0.0,0.0,0.0
2025/12/23,02:00:28,0,0.0,194.0,463.0,241.0,37.0,201.0,8.0,4.0,0.0,0.0,0.0,0.0
2025/12/23,02:00:33,0,0.0,208.0,463.0,240.0,13.0,202.0,5.0,0.0,0.0,0.0,0.0,0.0
2025/12/23,02:00:38,0,0.0,197.0,461.0,240.0,42.0,200.0,9.0,5.0,0.0,0.0,0.0,0.0
2025/12/23,02:00:43,0,0.0,209.0,463.0,241.0,10.0,201.0,3.0,0.0,0.0,0.0,0.0,0.0
2025/12/23,02:00:48,0,0.0,189.0,461.0,239.0,42.0,200.0,10.0,5.0,0.0,0.0,0.0,0.0
2025/12/23,02:00:53,0,0.0,196.0,462.0,241.0,30.0,200.0,7.0,3.0,0.0,0.0,0.0,0.0
2025/12/23,02:00:58,0,0.0,215.0,462.0,241.0,14.0,201.0,4.0,0.0,0.0,0.0,0.0,0.0
2025/12/23,02:01:03,0,0.0,211.0,463.0,241.0,14.0,200.0,4.0,0.0,0.0,0.0,0.0,0.0
2025/12/23,02:01:08,0,0.0,201.0,464.0,240.0,14.0,201.0,3.0,0.0,0.0,0.0,0.0,0.0
2025/12/23,02:01:13,0,0.0,195.0,462.0,241.0,43.0,201.0,10.0,6.0,0.0,0.0,0.0,0.0
2025/12/23,02:01:18,0,0.0,209.0,462.0,241.0,12.0,201.0,4.0,0.0,0.0,0.0,0.0,0.0
2025/12/23,02:01:23,0,0.0,199.0,462.0,240.0,40.0,202.0,9.0,5.0,0.0,0.0,0.0,0.0
2025/12/23,02:01:28,0,0.0,206.0,463.0,239.0,16.0,200.0,4.0,0.0,0.0,0.0,0.0,0.0
2025/12/23,02:01:33,0,0.0,198.0,464.0,241.0,12.0,202.0,4.0,1.0,0.0,0.0,0.0,0.0
2025/12/23,02:01:38,0,0.0,195.0,462.0,240.0,44.0,202.0,10.0,5.0,0.0,0.0,0.0,0.0
2025/12/23,02:01:43,0,0.0,210.0,463.0,241.0,13.0,201.0,4.0,1.0,0.0,0.0,0.0,0.0
2025/12/23,02:01:48,0,0.0,193.0,462.0,240.0,36.0,200.0,8.0,4.0,0.0,0.0,0.0,0.0
2025/12/23,02:01:53,0,0.0,202.0,464.0,241.0,19.0,203.0,6.0,1.0,0.0,0.0,0.0,0.0
2025/12/23,02:01:58,0,0.0,193.0,462.0,241.0,39.0,201.0,9.0,4.0,0.0,0.0,0.0,0.0
2025/12/23,02:02:03,0,0.0,205.0,460.0,241.0,14.0,201.0,4.0,1.0,0.0,0.0,0.0,-0.0008
2025/12/23,02:02:08,0,0.0,196.0,463.0,241.0,28.0,201.0,7.0,2.0,0.0,0.0,0.0,0.0
2025/12/23,02:02:13,0,0.0,186.0,461.0,241.0,40.0,201.0,9.0,5.0,0.0,0.0,0.0,0.0
2025/12/23,02:02:18,0,0.0,205.0,464.0,241.0,11.0,202.0,4.0,0.0,0.0,0.0,0.0,0.0
2025/12/23,02:02:23,0,0.0,194.0,462.0,240.0,41.0,200.0,9.0,5.0,0.0,0.0,0.0,0.0
2025/12/23,02:02:28,0,0.0,201.0,462.0,241.0,23.0,201.0,6.0,2.0,0.0,0.0,0.0,0.0
2025/12/23,02:02:33,0,0.0,200.0,464.0,241.0,13.0,202.0,4.0,0.0,0.0,0.0,0.0,0.0
2025/12/23,02:02:38,0,0.0,197.0,462.0,240.0,43.0,201.0,9.0,5.0,0.0,0.0,0.0,0.0
2025/12/23,02:02:43,0,0.0,207.0,463.0,241.0,15.0,201.0,4.0,1.0,0.0,0.0,0.0,0.0
2025/12/23,02:02:48,0,0.0,195.0,463.0,239.0,26.0,200.0,7.0,2.0,0.0,0.0,0.0,-0.0008
2025/12/23,02:02:53,0,0.0,198.0,463.0,240.0,23.0,202.0,7.0,2.0,0.0,0.0,0.0,0.0
2025/12/23,02:02:58,0,0.0,192.0,463.0,241.0,41.0,202.0,9.0,4.0,0.0,0.0,0.0,0.0
2025/12/23,02:03:03,0,0.0,214.0,463.0,241.0,11.0,202.0,4.0,0.0,0.0,0.0,0.0,-0.0008
2025/12/23,02:03:08,0,0.0,193.0,462.0,240.0,44.0,200.0,9.0,4.0,0.0,0.0,0.0,0.0
2025/12/23,02:03:13,0,0.0,203.0,464.0,241.0,11.0,202.0,4.0,0.0,0.0,0.0,0.0,0.0
2025/12/23,02:03:18,0,0.0,193.0,462.0,241.0,44.0,201.0,10.0,5.0,0.0,0.0,0.0,0.0
2025/12/23,02:03:23,0,0.0,201.0,463.0,241.0,11.0,200.0,3.0,0.0,0.0,0.0,0.0,0.0
2025/12/23,02:03:28,0,0.0,190.0,462.0,241.0,43.0,202.0,10.0,5.0,0.0,0.0,0.0,0.0
2025/12/23,02:03:33,0,0.0,206.0,464.0,241.0,8.0,202.0,3.0,0.0,0.0,0.0,0.0,0.0
2025/12/23,02:03:38,0,0.0,195.0,463.0,240.0,42.0,202.0,10.0,5.0,0.0,0.0,-0.0008,0.0
2025/12/23,02:03:43,0,0.0,219.0,463.0,240.0,11.0,200.0,3.0,0.0,0.0,0.0,0.0,0.0
2025/12/23,02:03:48,0,0.0,193.0,462.0,241.0,44.0,202.0,10.0,5.0,0.0,0.0,0.0,-0.0008
2025/12/23,02:03:53,0,0.0,204.0,464.0,241.0,14.0,200.0,5.0,1.0,0.0,0.0,0.0,0.0
2025/12/23,02:03:58,0,0.0,195.0,462.0,240.0,36.0,203.0,8.0,3.0,0.0,0.0,0.0,0.0
2025/12/23,02:04:03,0,0.0,199.0,463.0,242.0,25.0,200.0,7.0,3.0,0.0,0.0,0.0,0.0
2025/12/23,02:04:08,0,0.0,198.0,464.0,241.0,19.0,202.0,5.0,1.0,0.0,0.0,0.0,-0.0008
2025/12/23,02:04:13,0,0.0,186.0,462.0,241.0,41.0,202.0,11.0,5.0,0.0,0.0,0.0,0.0
2025/12/23,02:04:18,0,0.0,203.0,464.0,240.0,11.0,202.0,3.0,0.0,0.0,0.0,0.0,0.0
2025/12/23,02:04:23,0,0.0,197.0,461.0,241.0,42.0,201.0,9.0,5.0,0.0,0.0,0.0,0.0
2025/12/23,02:04:28,0,0.0,215.0,463.0,240.0,12.0,201.0,3.0,0.0,0.0,0.0,0.0,0.0
2025/12/23,02:04:33,0,0.0,193.0,463.0,240.0,41.0,201.0,9.0,5.0,0.0,0.0,0.0,0.0
2025/12/23,02:04:38,0,0.0,199.0,464.0,241.0,22.0,200.0,7.0,3.0,0.0,0.0,0.0,0.0
2025/12/23,02:04:43,0,0.0,199.0,464.0,242.0,14.0,200.0,4.0,0.0,0.0,0.0,0.0,0.0
2025/12/23,02:04:48,0,0.0,189.0,462.0,241.0,43.0,201.0,10.0,6.0,0.0,0.0,0.0,0.0
2025/12/23,02:04:53,0,0.0,205.0,464.0,241.0,10.0,201.0,3.0,0.0,0.0,0.0,0.0,0.0
2025/12/23,02:04:58,0,0.0,195.0,463.0,241.0,43.0,202.0,9.0,5.0,0.0,0.0,0.0,0.0
2025/12/23,02:05:03,0,0.0,206.0,464.0,241.0,12.0,201.0,4.0,1.0,0.0,0.0,0.0,0.0
2025/12/23,02:05:08,0,0.0,197.0,462.0,241.0,27.0,201.0,6.0,3.0,0.0,0.0,0.0,0.0
2025/12/23,02:05:13,0,0.0,188.0,462.0,240.0,39.0,201.0,10.0,5.0,0.0,0.0,0.0,-0.0008
2025/12/23,02:05:18,0,0.0,197.0,463.0,241.0,14.0,202.0,3.0,0.0,0.0,0.0,0.0,0.0
2025/12/23,02:05:23,0,0.0,188.0,463.0,241.0,39.0,200.0,9.0,6.0,0.0,0.0,0.0,0.0
2025/12/23,02:05:28,0,0.0,202.0,464.0,241.0,12.0,202.0,4.0,0.0,0.0,0.0,0.0,0.0
2025/12/23,02:05:33,0,0.0,193.0,462.0,241.0,44.0,201.0,10.0,6.0,0.0,0.0,0.0,0.0
2025/12/23,02:05:38,0,0.0,212.0,463.0,239.0,13.0,201.0,4.0,0.0,0.0,0.0,0.0,0.0
2025/12/23,02:05:43,0,0.0,195.0,463.0,241.0,31.0,199.0,7.0,3.0,0.0,0.0,0.0,0.0
2025/12/23,02:05:48,0,0.0,188.0,463.0,241.0,41.0,202.0,10.0,5.0,0.0,0.0,0.0,0.0
2025/12/23,02:05:53,0,0.0,216.0,463.0,239.0,12.0,200.0,4.0,0.0,0.0,0.0,0.0,0.0
2025/12/23,02:05:58,0,0.0,196.0,462.0,241.0,35.0,202.0,8.0,4.0,0.0,0.0,0.0,0.0
2025/12/23,02:06:35,0,0.0,199.0,463.0,240.0,23.0,202.0,7.0,2.0,0.0,0.0,0.0,0.0
2025/12/23,02:06:37,0,0.0,209.0,464.0,242.0,13.0,202.0,5.0,1.0,0.0,0.0,0.0,0.0
2025/12/23,02:06:42,0,0.0,196.0,464.0,241.0,18.0,202.0,5.0,1.0,0.0,0.0,0.0,0.0
2025/12/23,02:06:47,0,0.0,190.0,459.0,240.0,42.0,200.0,9.0,5.0,0.0,0.0,0.0,0.0
2025/12/23,02:06:52,0,0.0,211.0,463.0,241.0,14.0,201.0,3.0,0.0,0.0,0.0,0.0,-0.0008
2025/12/23,02:06:57,0,0.0,196.0,464.0,241.0,37.0,201.0,8.0,4.0,0.0,0.0,0.0,0.0
2025/12/23,02:07:02,0,0.0,187.0,461.0,241.0,38.0,201.0,9.0,4.0,0.0,0.0,0.0,0.0
2025/12/23,02:07:07,0,0.0,217.0,464.0,241.0,15.0,200.0,4.0,0.0,0.0,0.0,0.0,0.0
2025/12/23,02:07:12,0,0.0,197.0,461.0,241.0,17.0,201.0,5.0,1.0,0.0,0.0,0.0,0.0
2025/12/23,02:07:17,0,0.0,194.0,462.0,241.0,43.0,201.0,9.0,5.0,0.0,0.0,0.0,0.0
2025/12/23,02:07:22,0,0.0,203.0,463.0,241.0,18.0,201.0,5.0,1.0,0.0,0.0,0.0,0.0
2025/12/23,02:07:27,0,0.0,197.0,463.0,241.0,15.0,202.0,4.0,1.0,0.0,0.0,0.0,0.0
2025/12/23,02:07:32,0,0.0,190.0,461.0,241.0,43.0,200.0,9.0,5.0,0.0,0.0,0.0,0.0
2025/12/23,02:07:37,0,0.0,214.0,463.0,241.0,13.0,200.0,4.0,0.0,0.0,0.0,0.0,-0.0008
2025/12/23,02:07:42,0,0.0,192.0,462.0,241.0,40.0,201.0,9.0,4.0,0.0,0.0,0.0,0.0
2025/12/23,02:07:47,0,0.0,199.0,461.0,241.0,29.0,201.0,6.0,3.0,0.0,0.0,0.0,-0.0008
2025/12/23,02:07:52,0,0.0,200.0,463.0,242.0,13.0,200.0,4.0,0.0,0.0,0.0,0.0,0.0
2025/12/23,02:07:57,0,0.0,196.0,461.0,241.0,39.0,202.0,9.0,5.0,0.0,0.0,0.0,0.0
2025/12/23,02:08:02,0,0.0,198.0,463.0,241.0,28.0,200.0,7.0,3.0,0.0,0.0,0.0,0.0
2025/12/23,02:08:07,0,0.0,206.0,464.0,241.0,11.0,202.0,4.0,0.0,0.0,0.0,0.0,0.0
2025/12/23,02:08:12,0,0.0,197.0,462.0,241.0,36.0,201.0,7.0,3.0,0.0,0.0,0.0,-0.0008
2025/12/23,02:08:17,0,0.0,192.0,463.0,241.0,40.0,201.0,10.0,6.0,0.0,0.0,0.0,0.0
2025/12/23,02:08:22,0,0.0,203.0,464.0,240.0,17.0,201.0,6.0,2.0,0.0,0.0,0.0,0.0
2025/12/23,02:08:27,0,0.0,202.0,463.0,241.0,13.0,201.0,3.0,0.0,0.0,0.0,0.0,0.0
2025/12/23,02:08:32,0,0.0,195.0,461.0,240.0,39.0,202.0,9.0,5.0,0.0,0.0,-0.0008,0.0
2025/12/23,02:08:37,0,0.0,197.0,460.0,241.0,22.0,200.0,7.0,3.0,0.0,0.0,0.0,0.0
2025/12/23,02:08:42,0,0.0,203.0,463.0,240.0,13.0,201.0,3.0,0.0,0.0,0.0,0.0,0.0
2025/12/23,02:08:47,0,0.0,195.0,462.0,241.0,43.0,202.0,9.0,4.0,0.0,0.0,0.0,0.0
2025/12/23,02:08:52,0,0.0,201.0,463.0,241.0,19.0,200.0,5.0,2.0,0.0,0.0,0.0,0.0
2025/12/23,02:08:57,0,0.0,197.0,464.0,241.0,16.0,200.0,4.0,1.0,0.0,0.0,0.0,0.0
2025/12/23,02:09:02,0,0.0,191.0,461.0,241.0,43.0,201.0,9.0,5.0,0.0,0.0,0.0,0.0
2025/12/23,02:09:07,0,0.0,207.0,463.0,241.0,17.0,202.0,5.0,0.0,0.0,0.0,0.0,0.0
2025/12/23,02:09:12,0,0.0,200.0,464.0,240.0,14.0,202.0,4.0,0.0,0.0,0.0,0.0,0.0
2025/12/23,02:09:17,0,0.0,196.0,462.0,241.0,39.0,202.0,9.0,5.0,0.0,0.0,0.0,-0.0008
2025/12/23,02:09:22,0,0.0,196.0,461.0,240.0,30.0,199.0,9.0,3.0,0.0,0.0,0.0,0.0
2025/12/23,02:09:27,0,0.0,185.0,463.0,241.0,29.0,202.0,8.0,3.0,0.0,0.0,0.0,0.0
2025/12/23,02:09:32,0,0.0,192.0,460.0,241.0,38.0,199.0,9.0,5.0,0.0,0.0,-0.0008,0.0
2025/12/23,02:09:37,0,0.0,188.0,463.0,242.0,40.0,200.0,9.0,5.0,0.0,0.0,0.0,-0.0008
2025/12/23,02:09:42,0,0.0,213.0,463.0,241.0,13.0,200.0,4.0,0.0,0.0,0.0,0.0,0.0
2025/12/23,02:09:47,0,0.0,194.0,463.0,241.0,27.0,202.0,6.0,3.0,0.0,0.0,0.0,0.0
2025/12/23,02:09:52,0,0.0,191.0,463.0,239.0,41.0,200.0,9.0,5.0,0.0,0.0,-0.0008,0.0
2025/12/23,02:09:57,0,0.0,209.0,462.0,241.0,14.0,202.0,4.0,0.0,0.0,0.0,0.0,0.0
2025/12/23,02:10:02,0,0.0,197.0,462.0,240.0,22.0,199.0,5.0,2.0,0.0,0.0,0.0,0.0
2025/12/23,02:10:07,0,0.0,194.0,461.0,241.0,41.0,201.0,9.0,5.0,0.0,0.0,0.0,0.0
2025/12/23,02:10:12,0,0.0,198.0,464.0,241.0,26.0,201.0,7.0,3.0,0.0,0.0,0.0,0.0
2025/12/23,02:10:17,0,0.0,208.0,463.0,240.0,12.0,200.0,4.0,0.0,0.0,0.0,0.0,0.0
2025/12/23,02:10:22,0,0.0,192.0,463.0,241.0,37.0,202.0,10.0,4.0,0.0,0.0,0.0,0.0
2025/12/23,02:10:27,0,0.0,192.0,462.0,239.0,37.0,200.0,9.0,4.0,0.0,0.0,0.0,0.0
2025/12/23,02:10:32,0,0.0,206.0,463.0,241.0,11.0,200.0,4.0,0.0,0.0,0.0,0.0,0.0
2025/12/23,02:10:37,0,0.0,197.0,463.0,241.0,17.0,201.0,4.0,1.0,0.0,0.0,0.0,0.0
2025/12/23,02:10:42,0,0.0,187.0,462.0,241.0,41.0,201.0,9.0,5.0,0.0,0.0,0.0,0.0
2025/12/23,02:10:47,0,0.0,198.0,463.0,239.0,25.0,200.0,6.0,3.0,0.0,0.0,0.0,0.0
2025/12/23,02:10:52,0,0.0,207.0,464.0,241.0,16.0,201.0,4.0,0.0,0.0,0.0,0.0,0.0
2025/12/23,02:10:57,0,0.0,209.0,463.0,241.0,13.0,200.0,3.0,0.0,0.0,0.0,0.0,0.0
2025/12/23,02:11:02,0,0.0,195.0,462.0,242.0,28.0,200.0,6.0,3.0,0.0,0.0,0.0,0.0
2025/12/23,02:11:07,0,0.0,193.0,463.0,239.0,42.0,200.0,10.0,5.0,0.0,0.0,0.0,0.0
2025/12/23,02:11:12,0,0.0,209.0,462.0,241.0,17.0,199.0,4.0,1.0,0.0,0.0,0.0,-0.0008
2025/12/23,02:11:17,0,0.0,195.0,463.0,241.0,19.0,200.0,4.0,1.0,0.0,0.0,0.0,-0.0008
2025/12/23,02:11:22,0,0.0,189.0,463.0,240.0,41.0,202.0,10.0,5.0,0.0,0.0,0.0,0.0
2025/12/23,02:11:27,0,0.0,213.0,464.0,240.0,12.0,201.0,3.0,0.0,0.0,0.0,0.0,0.0
2025/12/23,02:11:32,0,0.0,193.0,461.0,241.0,40.0,200.0,9.0,5.0,0.0,0.0,0.0,0.0
2025/12/23,02:11:37,0,0.0,213.0,462.0,241.0,13.0,200.0,4.0,0.0,0.0,0.0,0.0,0.0
2025/12/23,02:11:42,0,0.0,197.0,462.0,241.0,42.0,201.0,9.0,5.0,0.0,0.0,0.0,0.0
2025/12/23,02:11:47,0,0.0,212.0,463.0,241.0,12.0,200.0,4.0,0.0,0.0,0.0,0.0,-0.0008
2025/12/23,02:11:52,0,0.0,198.0,461.0,241.0,42.0,201.0,9.0,5.0,0.0,0.0,0.0,0.0
2025/12/23,02:11:57,0,0.0,213.0,464.0,241.0,11.0,202.0,4.0,0.0,0.0,0.0,0.0,0.0
2025/12/23,02:12:02,0,0.0,195.0,463.0,240.0,42.0,201.0,9.0,5.0,0.0,0.0,0.0,0.0
2025/12/23,02:12:07,0,0.0,209.0,463.0,240.0,11.0,201.0,3.0,0.0,0.0,0.0,0.0,0.0
2025/12/23,02:12:12,0,0.0,193.0,461.0,241.0,43.0,201.0,10.0,5.0,0.0,0.0,0.0,0.0
2025/12/23,02:12:17,0,0.0,205.0,464.0,241.0,11.0,202.0,3.0,0.0,0.0,0.0,0.0,0.0
2025/12/23,02:12:22,0,0.0,190.0,463.0,241.0,42.0,201.0,9.0,5.0,0.0,0.0,0.0,-0.0008
2025/12/23,02:12:27,0,0.0,201.0,464.0,241.0,13.0,201.0,4.0,0.0,0.0,0.0,0.0,0.0
2025/12/23,02:12:32,0,0.0,191.0,463.0,241.0,42.0,201.0,10.0,5.0,0.0,0.0,0.0,0.0
2025/12/23,02:12:37,0,0.0,200.0,463.0,241.0,14.0,200.0,4.0,0.0,0.0,0.0,0.0,0.0
2025/12/23,02:12:42,0,0.0,197.0,460.0,241.0,29.0,201.0,7.0,4.0,0.0,0.0,0.0,0.0
2025/12/23,02:12:47,0,0.0,194.0,462.0,242.0,43.0,200.0,10.0,5.0,0.0,0.0,0.0,0.0
2025/12/23,02:12:52,0,0.0,197.0,463.0,241.0,25.0,201.0,5.0,2.0,0.0,0.0,0.0,0.0
2025/12/23,02:12:57,0,0.0,214.0,464.0,241.0,11.0,201.0,4.0,0.0,0.0,0.0,0.0,0.0
2025/12/23,02:13:02,0,0.0,186.0,461.0,241.0,40.0,201.0,9.0,5.0,0.0,0.0,0.0,0.0
2025/12/23,02:13:07,0,0.0,194.0,463.0,242.0,38.0,200.0,9.0,3.0,0.0,0.0,0.0,0.0
2025/12/23,02:13:12,0,0.0,215.0,464.0,241.0,12.0,201.0,4.0,0.0,0.0,0.0,0.0,0.0
2025/12/23,02:13:17,0,0.0,195.0,462.0,240.0,45.0,202.0,10.0,5.0,0.0,0.0,0.0,-0.0008
2025/12/23,02:13:22,0,0.0,212.0,463.0,241.0,11.0,201.0,3.0,0.0,0.0,0.0,0.0,0.0
2025/12/23,02:13:27,0,0.0,194.0,462.0,241.0,42.0,200.0,9.0,5.0,0.0,0.0,0.0,0.0
2025/12/23,02:13:32,0,0.0,199.0,463.0,239.0,13.0,200.0,4.0,0.0,0.0,0.0,0.0,0.0
2025/12/23,02:13:37,0,0.0,206.0,464.0,240.0,14.0,202.0,5.0,1.0,0.0,0.0,0.0,0.0
2025/12/23,02:13:42,0,0.0,191.0,462.0,241.0,43.0,201.0,10.0,6.0,0.0,0.0,0.0,0.0
2025/12/23,02:13:47,0,0.0,196.0,462.0,241.0,33.0,201.0,7.0,3.0,0.0,0.0,0.0,0.0
2025/12/23,02:13:52,0,0.0,215.0,463.0,241.0,13.0,201.0,4.0,0.0,0.0,0.0,0.0,0.0
2025/12/23,02:13:57,0,0.0,190.0,462.0,241.0,43.0,199.0,10.0,5.0,0.0,0.0,0.0,0.0
2025/12/23,02:14:02,0,0.0,197.0,460.0,241.0,15.0,202.0,4.0,1.0,0.0,0.0,0.0,0.0
2025/12/23,02:14:07,0,0.0,198.0,460.0,241.0,24.0,200.0,6.0,2.0,0.0,0.0,0.0,0.0
2025/12/23,02:14:12,0,0.0,195.0,461.0,241.0,32.0,199.0,8.0,3.0,0.0,0.0,0.0,0.0
2025/12/23,02:14:17,0,0.0,204.0,464.0,240.0,18.0,200.0,5.0,1.0,0.0,0.0,0.0,0.0
2025/12/23,02:14:22,0,0.0,195.0,461.0,241.0,38.0,200.0,8.0,4.0,0.0,0.0,0.0,0.0
2025/12/23,02:14:27,0,0.0,208.0,463.0,241.0,14.0,201.0,4.0,0.0,0.0,0.0,0.0,0.0
2025/12/23,02:14:32,0,0.0,195.0,461.0,241.0,42.0,200.0,10.0,5.0,0.0,0.0,0.0,0.0
2025/12/23,02:14:37,0,0.0,215.0,464.0,240.0,11.0,201.0,4.0,0.0,0.0,0.0,0.0,0.0
2025/12/23,02:14:42,0,0.0,192.0,460.0,241.0,44.0,201.0,9.0,5.0,0.0,0.0,0.0,-0.0008
2025/12/23,02:14:47,0,0.0,201.0,463.0,241.0,12.0,199.0,4.0,0.0,0.0,0.0,0.0,0.0
2025/12/23,02:14:52,0,0.0,189.0,462.0,240.0,41.0,200.0,10.0,4.0,0.0,0.0,0.0,0.0
2025/12/23,02:14:57,0,0.0,198.0,463.0,241.0,17.0,201.0,4.0,0.0,0.0,0.0,0.0,0.0
2025/12/23,02:15:02,0,0.0,186.0,461.0,241.0,44.0,201.0,9.0,5.0,0.0,0.0,0.0,0.0
2025/12/23,02:15:07,0,0.0,198.0,463.0,240.0,13.0,201.0,3.0,1.0,0.0,0.0,0.0,0.0
2025/12/23,02:15:12,0,0.0,187.0,463.0,241.0,43.0,199.0,10.0,6.0,0.0,0.0,0.0,0.0
2025/12/23,02:15:17,0,0.0,196.0,463.0,239.0,14.0,199.0,4.0,0.0,0.0,0.0,0.0,0.0
2025/12/23,02:15:22,0,0.0,196.0,462.0,239.0,27.0,199.0,7.0,3.0,0.0,0.0,0.0,0.0
2025/12/23,02:15:27,0,0.0,195.0,462.0,241.0,35.0,200.0,7.0,4.0,0.0,0.0,0.0,0.0
2025/12/23,02:15:32,0,0.0,204.0,464.0,241.0,18.0,206.0,5.0,1.0,0.0,0.0,0.0,0.0
2025/12/23,02:15:37,0,0.0,193.0,462.0,242.0,38.0,199.0,9.0,4.0,0.0,0.0,0.0,0.0
2025/12/23,02:15:42,0,0.0,207.0,464.0,240.0,9.0,200.0,3.0,1.0,0.0,0.0,0.0,0.0
2025/12/23,02:15:47,0,0.0,196.0,460.0,241.0,41.0,200.0,9.0,5.0,0.0,0.0,0.0,0.0
2025/12/23,02:15:52,0,0.0,210.0,464.0,241.0,12.0,201.0,3.0,0.0,0.0,0.0,0.0,0.0
2025/12/23,02:15:57,0,0.0,196.0,460.0,241.0,41.0,200.0,9.0,5.0,0.0,0.0,0.0,0.0
2025/12/23,02:16:02,0,0.0,209.0,464.0,241.0,11.0,201.0,4.0,1.0,0.0,0.0,0.0,0.0
2025/12/23,02:16:07,0,0.0,193.0,463.0,241.0,37.0,201.0,8.0,4.0,0.0,0.0,0.0,0.0
2025/12/23,02:16:12,0,0.0,201.0,464.0,239.0,16.0,200.0,6.0,1.0,0.0,0.0,0.0,0.0
2025/12/23,02:16:43,0,0.0,200.0,461.0,241.0,24.0,201.0,7.0,3.0,0.0,0.0,0.0,0.0
2025/12/23,02:16:47,0,0.0,191.0,461.0,239.0,40.0,200.0,9.0,5.0,0.0,0.0,0.0,0.0
2025/12/23,02:16:52,0,0.0,204.0,464.0,241.0,16.0,201.0,4.0,1.0,0.0,0.0,0.0,0.0
2025/12/23,02:16:57,0,0.0,195.0,463.0,241.0,33.0,201.0,7.0,4.0,0.0,0.0,0.0,0.0
2025/12/23,02:17:02,0,0.0,200.0,462.0,241.0,24.0,200.0,7.0,2.0,0.0,0.0,0.0,0.0
2025/12/23,02:17:07,0,0.0,196.0,463.0,241.0,28.0,201.0,6.0,2.0,0.0,0.0,0.0,0.0
2025/12/23,02:17:12,0,0.0,186.0,462.0,239.0,36.0,201.0,9.0,5.0,0.0,0.0,0.0,0.0
2025/12/23,02:17:17,0,0.0,200.0,464.0,241.0,14.0,201.0,4.0,0.0,0.0,0.0,0.0,0.0
2025/12/23,02:17:22,0,0.0,185.0,462.0,240.0,40.0,197.0,9.0,5.0,0.0,0.0,0.0,0.0
2025/12/23,02:17:27,0,0.0,191.0,462.0,243.0,41.0,200.0,9.0,4.0,0.0,0.0,0.0,0.0
2025/12/23,02:17:32,0,0.0,208.0,460.0,239.0,11.0,199.0,4.0,0.0,0.0,0.0,0.0,0.0
2025/12/23,02:17:37,0,0.0,190.0,462.0,240.0,40.0,200.0,10.0,5.0,0.0,0.0,0.0,0.0
2025/12/23,02:17:42,0,0.0,198.0,462.0,240.0,12.0,200.0,3.0,0.0,0.0,0.0,0.0,0.0
2025/12/23,02:17:47,0,0.0,189.0,462.0,240.0,40.0,200.0,9.0,5.0,0.0,0.0,0.0,0.0
2025/12/23,02:17:52,0,0.0,206.0,463.0,240.0,12.0,199.0,4.0,0.0,0.0,0.0,0.0,0.0
2025/12/23,02:17:57,0,0.0,194.0,461.0,239.0,41.0,199.0,9.0,3.0,0.0,0.0,0.0,0.0
2025/12/23,02:18:02,0,0.0,200.0,463.0,241.0,21.0,200.0,6.0,2.0,0.0,0.0,0.0,0.0
2025/12/23,02:18:07,0,0.0,201.0,464.0,241.0,14.0,201.0,4.0,0.0,0.0,0.0,0.0,0.0
2025/12/23,02:18:12,0,0.0,192.0,461.0,240.0,41.0,200.0,9.0,4.0,0.0,0.0,0.0,0.0
2025/12/23,02:18:17,0,0.0,198.0,463.0,241.0,28.0,201.0,7.0,4.0,0.0,0.0,0.0,0.0
2025/12/23,02:18:22,0,0.0,198.0,463.0,241.0,14.0,200.0,3.0,0.0,0.0,0.0,0.0,0.0
2025/12/23,02:18:27,0,0.0,187.0,461.0,241.0,40.0,201.0,10.0,4.0,0.0,0.0,0.0,0.0
2025/12/23,02:18:32,0,0.0,196.0,463.0,241.0,15.0,201.0,4.0,1.0,0.0,0.0,0.0,0.0
2025/12/23,02:18:37,0,0.0,190.0,462.0,239.0,36.0,201.0,9.0,4.0,0.0,0.0,0.0,0.0
2025/12/23,02:18:42,0,0.0,196.0,463.0,241.0,31.0,200.0,6.0,3.0,0.0,0.0,0.0,0.0
2025/12/23,02:18:47,0,0.0,208.0,463.0,241.0,16.0,200.0,4.0,1.0,0.0,0.0,0.0,0.0
2025/12/23,02:18:52,0,0.0,196.0,462.0,241.0,40.0,200.0,8.0,5.0,0.0,0.0,0.0,0.0
2025/12/23,02:18:57,0,0.0,209.0,462.0,240.0,11.0,201.0,3.0,0.0,0.0,0.0,0.0,0.0
2025/12/23,02:19:02,0,0.0,189.0,459.0,241.0,43.0,201.0,10.0,5.0,0.0,0.0,0.0,0.0
2025/12/23,02:19:07,0,0.0,202.0,463.0,239.0,12.0,199.0,4.0,0.0,0.0,0.0,0.0,0.0
2025/12/23,02:19:12,0,0.0,189.0,461.0,241.0,42.0,199.0,10.0,5.0,0.0,0.0,0.0,0.0
2025/12/23,02:19:17,0,0.0,201.0,461.0,241.0,13.0,202.0,4.0,0.0,0.0,0.0,0.0,0.0
2025/12/23,02:19:22,0,0.0,188.0,463.0,241.0,37.0,201.0,9.0,5.0,0.0,0.0,0.0,0.0
2025/12/23,02:19:27,0,0.0,195.0,464.0,242.0,19.0,201.0,4.0,2.0,0.0,0.0,0.0,0.0
2025/12/23,02:19:32,0,0.0,197.0,460.0,241.0,24.0,202.0,5.0,2.0,0.0,0.0,0.0,0.0
2025/12/23,02:19:37,0,0.0,191.0,462.0,241.0,39.0,200.0,8.0,4.0,0.0,0.0,0.0,0.0
2025/12/23,02:19:42,0,0.0,190.0,462.0,239.0,37.0,200.0,9.0,4.0,0.0,0.0,0.0,0.0
2025/12/23,02:19:47,0,0.0,194.0,463.0,240.0,40.0,202.0,10.0,6.0,0.0,0.0,0.0,0.0
2025/12/23,02:19:52,0,0.0,193.0,462.0,240.0,38.0,201.0,8.0,5.0,0.0,0.0,0.0,0.0
2025/12/23,02:19:57,0,0.0,210.0,462.0,241.0,11.0,201.0,3.0,0.0,0.0,0.0,0.0,0.0
2025/12/23,02:20:02,0,0.0,188.0,462.0,241.0,41.0,202.0,10.0,6.0,0.0,0.0,0.0,0.0
2025/12/23,02:20:07,0,0.0,194.0,463.0,241.0,30.0,201.0,6.0,3.0,0.0,0.0,0.0,0.0
2025/12/23,02:20:12,0,0.0,209.0,463.0,239.0,12.0,201.0,4.0,0.0,0.0,0.0,0.0,0.0
2025/12/23,02:20:17,0,0.0,194.0,462.0,240.0,41.0,201.0,9.0,5.0,0.0,0.0,0.0,0.0
2025/12/23,02:20:22,0,0.0,199.0,462.0,241.0,14.0,199.0,4.0,0.0,0.0,0.0,0.0,0.0
2025/12/23,02:20:27,0,0.0,201.0,464.0,240.0,22.0,201.0,6.0,2.0,0.0,0.0,0.0,0.0
2025/12/23,02:20:32,0,0.0,195.0,462.0,240.0,40.0,202.0,10.0,5.0,0.0,0.0,0.0,0.0
2025/12/23,02:20:37,0,0.0,196.0,461.0,239.0,16.0,200.0,6.0,1.0,0.0,0.0,0.0,0.0
2025/12/23,02:20:42,0,0.0,213.0,464.0,241.0,12.0,201.0,4.0,0.0,0.0,0.0,0.0,0.0
2025/12/23,02:20:47,0,0.0,188.0,463.0,241.0,39.0,201.0,9.0,4.0,0.0,0.0,0.0,0.0
2025/12/23,02:20:52,0,0.0,193.0,462.0,241.0,38.0,201.0,7.0,4.0,0.0,0.0,0.0,-0.0008
2025/12/23,02:20:57,0,0.0,212.0,463.0,242.0,11.0,200.0,3.0,0.0,0.0,0.0,0.0,0.0
2025/12/23,02:21:02,0,0.0,186.0,462.0,240.0,44.0,199.0,10.0,5.0,0.0,0.0,0.0,-0.0008
2025/12/23,02:21:07,0,0.0,195.0,462.0,241.0,35.0,202.0,8.0,3.0,0.0,0.0,0.0,0.0
2025/12/23,02:21:12,0,0.0,209.0,464.0,241.0,10.0,202.0,3.0,0.0,0.0,0.0,0.0,0.0
2025/12/23,02:21:17,0,0.0,206.0,462.0,240.0,15.0,201.0,4.0,1.0,0.0,0.0,0.0,0.0
2025/12/23,02:21:22,0,0.0,193.0,462.0,240.0,29.0,200.0,7.0,4.0,0.0,0.0,0.0,0.0
2025/12/23,02:21:27,0,0.0,187.0,462.0,241.0,42.0,201.0,10.0,5.0,0.0,0.0,0.0,-0.0008
2025/12/23,02:21:32,0,0.0,195.0,461.0,241.0,41.0,201.0,9.0,5.0,0.0,0.0,0.0,0.0
2025/12/23,02:21:37,0,0.0,196.0,463.0,240.0,23.0,201.0,4.0,2.0,0.0,0.0,0.0,0.0
2025/12/23,02:21:42,0,0.0,205.0,463.0,240.0,9.0,201.0,3.0,0.0,0.0,0.0,0.0,0.0
2025/12/23,02:21:47,0,0.0,213.0,464.0,242.0,12.0,200.0,4.0,0.0,0.0,0.0,0.0,0.0
2025/12/23,02:21:52,0,0.0,191.0,462.0,240.0,40.0,201.0,8.0,4.0,0.0,0.0,0.0,0.0
2025/12/23,02:21:57,0,0.0,192.0,462.0,241.0,41.0,201.0,9.0,5.0,0.0,0.0,0.0,0.0
2025/12/23,02:22:02,0,0.0,207.0,462.0,241.0,11.0,199.0,4.0,0.0,0.0,0.0,0.0,0.0
2025/12/23,02:22:07,0,0.0,188.0,461.0,240.0,40.0,200.0,9.0,5.0,0.0,0.0,0.0,0.0
2025/12/23,02:22:12,0,0.0,196.0,463.0,240.0,19.0,201.0,4.0,1.0,0.0,0.0,0.0,0.0
2025/12/23,02:22:17,0,0.0,194.0,462.0,241.0,33.0,201.0,7.0,4.0,0.0,0.0,0.0,0.0
2025/12/23,02:22:22,0,0.0,196.0,461.0,241.0,25.0,200.0,6.0,2.0,0.0,0.0,0.0,0.0
2025/12/23,02:22:27,0,0.0,201.0,463.0,240.0,18.0,201.0,4.0,1.0,0.0,0.0,0.0,0.0
2025/12/23,02:22:32,0,0.0,197.0,462.0,240.0,41.0,200.0,9.0,5.0,0.0,0.0,0.0,0.0
2025/12/23,02:22:37,0,0.0,198.0,464.0,240.0,13.0,201.0,3.0,1.0,0.0,0.0,0.0,0.0
2025/12/23,02:22:42,0,0.0,203.0,463.0,240.0,19.0,202.0,5.0,1.0,0.0,0.0,0.0,0.0
2025/12/23,02:22:47,0,0.0,190.0,461.0,241.0,40.0,200.0,10.0,5.0,0.0,0.0,0.0,0.0
2025/12/23,02:22:52,0,0.0,213.0,464.0,241.0,11.0,201.0,4.0,0.0,0.0,0.0,0.0,0.0
2025/12/23,02:22:57,0,0.0,191.0,462.0,241.0,44.0,201.0,10.0,6.0,0.0,0.0,0.0,-0.0008
2025/12/23,02:23:02,0,0.0,196.0,461.0,241.0,21.0,200.0,5.0,1.0,0.0,0.0,0.0,0.0
2025/12/23,02:23:07,0,0.0,206.0,464.0,240.0,13.0,201.0,3.0,0.0,0.0,0.0,0.0,0.0
2025/12/23,02:23:12,0,0.0,194.0,463.0,240.0,29.0,201.0,6.0,3.0,0.0,0.0,0.0,0.0
2025/12/23,02:23:17,0,0.0,206.0,463.0,241.0,16.0,201.0,5.0,1.0,0.0,0.0,0.0,0.0
2025/12/23,02:23:22,0,0.0,191.0,462.0,240.0,45.0,201.0,9.0,6.0,0.0,0.0,0.0,0.0
2025/12/23,02:23:27,0,0.0,195.0,460.0,239.0,25.0,200.0,6.0,2.0,0.0,0.0,0.0,0.0
2025/12/23,02:23:32,0,0.0,208.0,464.0,241.0,15.0,201.0,4.0,0.0,0.0,0.0,0.0,0.0
2025/12/23,02:23:37,0,0.0,197.0,463.0,241.0,40.0,201.0,9.0,5.0,0.0,0.0,0.0,0.0
2025/12/23,02:23:42,0,0.0,211.0,466.0,241.0,11.0,199.0,4.0,0.0,0.0,0.0,0.0,0.0
2025/12/23,02:23:47,0,0.0,192.0,463.0,241.0,39.0,201.0,9.0,5.0,0.0,0.0,0.0,0.0
2025/12/23,02:23:52,0,0.0,191.0,461.0,242.0,41.0,200.0,10.0,5.0,0.0,0.0,0.0,0.0
2025/12/23,02:23:57,0,0.0,189.0,461.0,241.0,37.0,200.0,9.0,4.0,0.0,0.0,0.0,-0.0008
2025/12/23,02:24:02,0,0.0,189.0,462.0,240.0,36.0,202.0,9.0,5.0,0.0,0.0,0.0,0.0
2025/12/23,02:24:07,0,0.0,191.0,462.0,241.0,42.0,201.0,9.0,5.0,0.0,0.0,0.0,0.0
2025/12/23,02:24:12,0,0.0,195.0,462.0,240.0,41.0,200.0,9.0,5.0,0.0,0.0,0.0,0.0
2025/12/23,02:24:17,0,0.0,193.0,461.0,241.0,35.0,200.0,8.0,4.0,0.0,0.0,0.0,-0.0008
2025/12/23,02:24:22,0,0.0,199.0,464.0,240.0,11.0,201.0,3.0,1.0,0.0,0.0,0.0,0.0
2025/12/23,02:24:27,0,0.0,205.0,463.0,241.0,12.0,198.0,4.0,0.0,0.0,0.0,-0.0008,0.0
2025/12/23,02:24:32,0,0.0,202.0,462.0,241.0,12.0,202.0,4.0,0.0,0.0,0.0,0.0,-0.0008
2025/12/23,02:24:37,0,0.0,196.0,463.0,240.0,16.0,201.0,5.0,1.0,0.0,0.0,0.0,0.0
2025/12/23,02:24:42,0,0.0,189.0,462.0,240.0,39.0,200.0,9.0,4.0,0.0,0.0,0.0,0.0
2025/12/23,02:24:47,0,0.0,188.0,461.0,242.0,37.0,201.0,9.0,4.0,0.0,0.0,0.0,0.0
2025/12/23,02:24:52,0,0.0,205.0,464.0,241.0,11.0,201.0,3.0,0.0,0.0,0.0,0.0,-0.0008
2025/12/23,02:24:57,0,0.0,198.0,461.0,243.0,41.0,201.0,9.0,5.0,0.0,0.0,0.0,0.0
2025/12/23,02:25:02,0,0.0,207.0,463.0,239.0,14.0,199.0,5.0,0.0,0.0,0.0,0.0,0.0
2025/12/23,02:25:07,0,0.0,194.0,463.0,239.0,22.0,200.0,5.0,1.0,0.0,0.0,0.0,0.0
2025/12/23,02:25:12,0,0.0,193.0,462.0,241.0,42.0,201.0,9.0,5.0,0.0,0.0,0.0,0.0
2025/12/23,02:25:17,0,0.0,207.0,464.0,241.0,14.0,201.0,4.0,0.0,0.0,0.0,0.0,0.0
2025/12/23,02:25:22,0,0.0,195.0,463.0,241.0,21.0,202.0,6.0,2.0,0.0,0.0,0.0,0.0
2025/12/23,02:25:27,0,0.0,193.0,463.0,241.0,42.0,202.0,9.0,5.0,0.0,0.0,0.0,-0.0008
2025/12/23,02:25:32,0,0.0,209.0,463.0,241.0,13.0,201.0,3.0,0.0,0.0,0.0,0.0,0.0
2025/12/23,02:25:37,0,0.0,195.0,463.0,241.0,33.0,200.0,7.0,3.0,0.0,0.0,0.0,0.0
2025/12/23,02:25:42,0,0.0,189.0,462.0,239.0,39.0,200.0,10.0,5.0,0.0,0.0,0.0,0.0
2025/12/23,02:25:47,0,0.0,201.0,461.0,241.0,12.0,200.0,3.0,0.0,0.0,0.0,0.0,0.0
2025/12/23,02:25:52,0,0.0,196.0,464.0,241.0,26.0,201.0,6.0,3.0,0.0,0.0,0.0,0.0
2025/12/23,02:25:57,0,0.0,188.0,461.0,241.0,42.0,199.0,10.0,5.0,0.0,0.0,0.0,0.0
2025/12/23,02:26:02,0,0.0,196.0,459.0,241.0,42.0,200.0,9.0,5.0,0.0,0.0,0.0,0.0
2025/12/23,02:26:07,0,0.0,197.0,463.0,242.0,27.0,201.0,7.0,3.0,0.0,0.0,0.0,0.0
2025/12/23,02:26:12,0,0.0,205.0,463.0,241.0,10.0,200.0,3.0,0.0,0.0,0.0,0.0,-0.0008
2025/12/23,02:26:17,0,0.0,204.0,463.0,239.0,18.0,200.0,5.0,0.0,0.0,0.0,0.0,0.0
2025/12/23,02:26:53,0,0.0,205.0,464.0,241.0,19.0,200.0,6.0,1.0,0.0,0.0,0.0,0.0
2025/12/23,02:26:57,0,0.0,214.0,463.0,241.0,15.0,200.0,4.0,0.0,0.0,0.0,0.0,0.0
2025/12/23,02:27:02,0,0.0,185.0,459.0,240.0,42.0,199.0,10.0,5.0,0.0,0.0,0.0,0.0
2025/12/23,02:27:07,0,0.0,196.0,462.0,241.0,39.0,200.0,9.0,5.0,0.0,0.0,0.0,0.0
2025/12/23,02:27:12,0,0.0,203.0,464.0,242.0,11.0,201.0,4.0,0.0,0.0,0.0,0.0,0.0
2025/12/23,02:27:17,0,0.0,210.0,464.0,241.0,17.0,201.0,4.0,0.0,0.0,0.0,0.0,0.0
2025/12/23,02:27:22,0,0.0,187.0,462.0,241.0,41.0,201.0,9.0,5.0,0.0,0.0,0.0,0.0
2025/12/23,02:27:27,0,0.0,192.0,463.0,241.0,38.0,199.0,8.0,4.0,0.0,0.0,0.0,-0.0008
2025/12/23,02:27:32,0,0.0,210.0,463.0,241.0,12.0,202.0,4.0,0.0,0.0,0.0,0.0,0.0
2025/12/23,02:27:37,0,0.0,191.0,462.0,239.0,42.0,201.0,10.0,5.0,0.0,0.0,0.0,0.0
2025/12/23,02:27:42,0,0.0,198.0,461.0,241.0,15.0,201.0,4.0,1.0,0.0,0.0,0.0,0.0
2025/12/23,02:27:47,0,0.0,202.0,464.0,240.0,16.0,201.0,5.0,1.0,0.0,0.0,0.0,0.0
2025/12/23,02:27:52,0,0.0,195.0,462.0,241.0,42.0,201.0,9.0,5.0,0.0,0.0,0.0,0.0
2025/12/23,02:27:57,0,0.0,194.0,463.0,241.0,15.0,199.0,4.0,0.0,0.0,0.0,0.0,0.0
2025/12/23,02:28:02,0,0.0,208.0,463.0,241.0,14.0,202.0,5.0,0.0,0.0,0.0,0.0,0.0
2025/12/23,02:28:07,0,0.0,192.0,462.0,241.0,45.0,201.0,9.0,5.0,0.0,0.0,0.0,0.0
2025/12/23,02:28:12,0,0.0,203.0,463.0,240.0,11.0,201.0,3.0,0.0,0.0,0.0,0.0,0.0
2025/12/23,02:28:17,0,0.0,191.0,463.0,241.0,38.0,200.0,9.0,5.0,0.0,0.0,0.0,0.0
2025/12/23,02:28:22,0,0.0,211.0,464.0,240.0,13.0,201.0,3.0,0.0,0.0,0.0,0.0,0.0
2025/12/23,02:28:27,0,0.0,192.0,463.0,241.0,35.0,200.0,8.0,4.0,0.0,0.0,0.0,0.0
2025/12/23,02:28:32,0,0.0,187.0,462.0,241.0,35.0,200.0,8.0,4.0,0.0,0.0,0.0,0.0
2025/12/23,02:28:37,0,0.0,207.0,463.0,240.0,11.0,198.0,4.0,0.0,0.0,0.0,0.0,0.0
2025/12/23,02:28:42,0,0.0,192.0,462.0,241.0,40.0,201.0,8.0,5.0,0.0,0.0,0.0,0.0
2025/12/23,02:28:47,0,0.0,187.0,462.0,241.0,39.0,200.0,10.0,6.0,0.0,0.0,0.0,0.0
2025/12/23,02:28:52,0,0.0,214.0,463.0,241.0,12.0,199.0,4.0,0.0,0.0,0.0,0.0,0.0
2025/12/23,02:28:57,0,0.0,194.0,463.0,241.0,29.0,201.0,6.0,3.0,0.0,0.0,0.0,0.0
2025/12/23,02:29:02,0,0.0,197.0,462.0,241.0,40.0,202.0,9.0,5.0,0.0,0.0,0.0,0.0
2025/12/23,02:29:07,0,0.0,188.0,463.0,241.0,40.0,200.0,10.0,6.0,0.0,0.0,0.0,0.0
2025/12/23,02:29:12,0,0.0,196.0,463.0,239.0,33.0,200.0,7.0,3.0,0.0,0.0,0.0,-0.0008
2025/12/23,02:29:17,0,0.0,215.0,463.0,240.0,13.0,200.0,4.0,0.0,0.0,0.0,0.0,0.0
2025/12/23,02:29:22,0,0.0,194.0,463.0,240.0,30.0,200.0,6.0,3.0,0.0,0.0,0.0,0.0
2025/12/23,02:29:27,0,0.0,188.0,462.0,239.0,42.0,200.0,10.0,5.0,0.0,0.0,0.0,0.0
2025/12/23,02:29:32,0,0.0,189.0,463.0,241.0,31.0,201.0,7.0,3.0,0.0,0.0,0.0,-0.0008
2025/12/23,02:29:37,0,0.0,190.0,463.0,241.0,38.0,201.0,8.0,4.0,0.0,0.0,0.0,-0.0008
2025/12/23,02:29:42,0,0.0,190.0,459.0,240.0,42.0,200.0,9.0,5.0,0.0,0.0,0.0,0.0
2025/12/23,02:29:47,0,0.0,194.0,463.0,241.0,31.0,200.0,7.0,3.0,0.0,0.0,0.0,0.0
2025/12/23,02:29:52,0,0.0,214.0,463.0,241.0,11.0,202.0,4.0,0.0,0.0,0.0,0.0,0.0
2025/12/23,02:29:57,0,0.0,190.0,463.0,241.0,42.0,199.0,10.0,5.0,0.0,0.0,0.0,0.0
2025/12/23,02:30:02,0,0.0,196.0,463.0,240.0,16.0,200.0,4.0,1.0,0.0,0.0,0.0,0.0
2025/12/23,02:30:07,0,1.0,198.0,464.0,241.0,23.0,201.0,6.0,2.0,0.0,0.0,0.0,0.0
2025/12/23,02:30:12,0,0.0,190.0,462.0,241.0,42.0,202.0,9.0,5.0,0.0,0.0,0.0,0.0
2025/12/23,02:30:17,0,0.0,207.0,464.0,240.0,11.0,201.0,4.0,0.0,0.0,0.0,0.0,-0.0008
2025/12/23,02:30:22,0,1.0,191.0,460.0,241.0,37.0,201.0,9.0,4.0,0.0,0.0,0.0,0.0
2025/12/23,02:30:27,0,0.0,192.0,462.0,239.0,39.0,200.0,9.0,4.0,0.0,0.0,0.0,0.0
2025/12/23,02:30:32,0,0.0,198.0,463.0,241.0,14.0,202.0,3.0,1.0,0.0,0.0,0.0,0.0
2025/12/23,02:30:37,0,0.0,212.0,464.0,240.0,9.0,201.0,3.0,0.0,0.0,0.0,0.0,0.0
2025/12/23,02:30:42,0,0.0,197.0,463.0,240.0,26.0,201.0,6.0,3.0,0.0,0.0,0.0,0.0
2025/12/23,02:30:47,0,0.0,194.0,462.0,240.0,41.0,200.0,9.0,5.0,0.0,0.0,0.0,0.0
2025/12/23,02:30:52,0,0.0,198.0,464.0,241.0,27.0,199.0,6.0,3.0,0.0,0.0,0.0,0.0
2025/12/23,02:30:57,0,0.0,210.0,463.0,239.0,10.0,200.0,3.0,0.0,0.0,0.0,0.0,0.0
2025/12/23,02:31:02,0,0.0,197.0,464.0,242.0,22.0,200.0,6.0,2.0,0.0,0.0,0.0,0.0
2025/12/23,02:31:07,0,0.0,187.0,462.0,240.0,43.0,201.0,9.0,5.0,0.0,0.0,0.0,-0.0008
2025/12/23,02:31:12,0,0.0,191.0,463.0,241.0,41.0,201.0,9.0,5.0,0.0,0.0,0.0,0.0
2025/12/23,02:31:17,0,0.0,196.0,463.0,242.0,41.0,200.0,10.0,6.0,0.0,0.0,0.0,0.0
2025/12/23,02:31:22,0,0.0,190.0,459.0,240.0,38.0,200.0,8.0,5.0,0.0,0.0,0.0,0.0
2025/12/23,02:31:27,0,0.0,197.0,463.0,239.0,21.0,201.0,5.0,1.0,0.0,0.0,0.0,0.0
2025/12/23,02:31:32,0,0.0,212.0,462.0,241.0,12.0,200.0,4.0,0.0,0.0,0.0,0.0,0.0
2025/12/23,02:31:37,0,0.0,191.0,461.0,241.0,34.0,200.0,9.0,4.0,0.0,0.0,0.0,0.0
2025/12/23,02:31:42,0,0.0,196.0,460.0,241.0,42.0,201.0,9.0,5.0,0.0,0.0,0.0,0.0
2025/12/23,02:31:47,0,0.0,195.0,462.0,240.0,37.0,201.0,8.0,4.0,0.0,0.0,0.0,0.0
2025/12/23,02:31:52,0,0.0,195.0,463.0,241.0,23.0,201.0,5.0,2.0,0.0,0.0,0.0,0.0
2025/12/23,02:31:57,0,0.0,196.0,464.0,241.0,15.0,200.0,4.0,1.0,0.0,0.0,0.0,0.0
2025/12/23,02:32:02,0,0.0,198.0,464.0,241.0,13.0,201.0,3.0,0.0,0.0,0.0,0.0,0.0
2025/12/23,02:32:07,0,0.0,203.0,465.0,241.0,10.0,202.0,3.0,0.0,0.0,0.0,0.0,0.0
2025/12/23,02:32:12,0,0.0,210.0,463.0,240.0,11.0,200.0,3.0,0.0,0.0,0.0,0.0,0.0
2025/12/23,02:32:17,0,0.0,209.0,463.0,241.0,13.0,201.0,4.0,1.0,0.0,0.0,0.0,0.0
2025/12/23,02:32:22,0,0.0,207.0,464.0,243.0,16.0,201.0,4.0,1.0,0.0,0.0,0.0,0.0
2025/12/23,02:32:27,0,0.0,203.0,463.0,240.0,21.0,201.0,5.0,1.0,0.0,0.0,0.0,-0.0008
2025/12/23,02:32:32,0,0.0,200.0,464.0,241.0,23.0,202.0,6.0,2.0,0.0,0.0,0.0,0.0
2025/12/23,02:32:37,0,0.0,193.0,463.0,241.0,30.0,201.0,7.0,4.0,0.0,0.0,0.0,0.0
2025/12/23,02:32:42,0,0.0,188.0,461.0,241.0,43.0,199.0,10.0,5.0,0.0,0.0,0.0,0.0
2025/12/23,02:32:47,0,0.0,192.0,463.0,241.0,40.0,202.0,9.0,6.0,0.0,0.0,0.0,0.0
2025/12/23,02:32:52,0,0.0,201.0,461.0,241.0,11.0,200.0,3.0,0.0,0.0,0.0,0.0,0.0
2025/12/23,02:32:57,0,0.0,187.0,461.0,241.0,38.0,200.0,8.0,4.0,0.0,0.0,0.0,0.0
2025/12/23,02:33:02,0,0.0,198.0,464.0,240.0,11.0,201.0,4.0,0.0,0.0,0.0,0.0,0.0
2025/12/23,02:33:07,0,0.0,190.0,463.0,241.0,40.0,201.0,9.0,5.0,0.0,0.0,0.0,0.0
2025/12/23,02:33:12,0,0.0,210.0,461.0,241.0,11.0,200.0,4.0,0.0,0.0,0.0,0.0,0.0
2025/12/23,02:33:17,0,0.0,194.0,461.0,240.0,43.0,200.0,9.0,5.0,0.0,0.0,0.0,0.0
2025/12/23,02:33:22,0,0.0,201.0,462.0,241.0,11.0,199.0,4.0,0.0,0.0,0.0,0.0,0.0
2025/12/23,02:33:27,0,0.0,200.0,462.0,240.0,22.0,202.0,6.0,2.0,0.0,0.0,0.0,0.0
2025/12/23,02:33:32,0,0.0,196.0,460.0,241.0,42.0,199.0,9.0,5.0,0.0,0.0,0.0,-0.0008
2025/12/23,02:33:37,0,0.0,200.0,463.0,241.0,13.0,199.0,3.0,0.0,0.0,0.0,0.0,0.0
2025/12/23,02:33:42,0,0.0,206.0,464.0,241.0,15.0,201.0,5.0,1.0,0.0,0.0,0.0,0.0
2025/12/23,02:33:47,0,0.0,195.0,462.0,240.0,42.0,202.0,10.0,5.0,0.0,0.0,0.0,0.0
2025/12/23,02:33:52,0,0.0,200.0,463.0,239.0,12.0,200.0,4.0,0.0,0.0,0.0,0.0,0.0
2025/12/23,02:33:57,0,0.0,201.0,463.0,239.0,20.0,200.0,5.0,2.0,0.0,0.0,0.0,0.0
2025/12/23,02:34:02,0,0.0,195.0,462.0,241.0,43.0,201.0,9.0,5.0,0.0,0.0,0.0,0.0
2025/12/23,02:34:07,0,0.0,193.0,462.0,240.0,36.0,201.0,8.0,4.0,0.0,0.0,0.0,0.0
2025/12/23,02:34:12,0,0.0,195.0,462.0,241.0,40.0,201.0,8.0,5.0,0.0,0.0,0.0,0.0
2025/12/23,02:34:17,0,1.0,196.0,461.0,241.0,29.0,201.0,6.0,3.0,0.0,0.0,0.0,0.0
2025/12/23,02:34:22,0,0.0,214.0,463.0,240.0,12.0,200.0,3.0,0.0,0.0,0.0,0.0,0.0
2025/12/23,02:34:27,0,0.0,201.0,464.0,241.0,11.0,201.0,3.0,0.0,0.0,0.0,0.0,0.0
2025/12/23,02:34:32,0,0.0,203.0,463.0,240.0,10.0,200.0,3.0,0.0,0.0,0.0,0.0,-0.0008
2025/12/23,02:34:37,0,0.0,208.0,463.0,239.0,13.0,200.0,4.0,0.0,0.0,0.0,0.0,0.0
2025/12/23,02:34:42,0,0.0,195.0,462.0,241.0,43.0,200.0,9.0,5.0,0.0,0.0,0.0,0.0
2025/12/23,02:34:47,0,0.0,195.0,463.0,240.0,17.0,200.0,4.0,1.0,0.0,0.0,0.0,0.0
2025/12/23,02:34:52,0,0.0,208.0,463.0,240.0,10.0,200.0,4.0,0.0,0.0,0.0,0.0,0.0
2025/12/23,02:34:57,0,0.0,188.0,462.0,239.0,42.0,199.0,10.0,5.0,0.0,0.0,0.0,0.0
2025/12/23,02:35:02,0,0.0,196.0,462.0,241.0,41.0,201.0,8.0,5.0,0.0,0.0,0.0,0.0
2025/12/23,02:35:07,0,0.0,197.0,462.0,241.0,24.0,201.0,6.0,2.0,0.0,0.0,0.0,0.0
2025/12/23,02:35:12,0,0.0,207.0,461.0,241.0,9.0,201.0,3.0,0.0,0.0,0.0,0.0,0.0
2025/12/23,02:35:17,0,0.0,198.0,464.0,241.0,20.0,201.0,5.0,2.0,0.0,0.0,0.0,0.0
2025/12/23,02:35:22,0,0.0,192.0,461.0,240.0,44.0,199.0,10.0,5.0,0.0,0.0,0.0,0.0
2025/12/23,02:35:27,0,0.0,195.0,464.0,240.0,29.0,200.0,6.0,3.0,0.0,0.0,0.0,0.0
2025/12/23,02:35:32,0,0.0,200.0,464.0,241.0,8.0,200.0,3.0,0.0,0.0,0.0,0.0,0.0
2025/12/23,02:35:37,0,0.0,205.0,464.0,240.0,10.0,201.0,3.0,0.0,0.0,0.0,0.0,-0.0008
2025/12/23,02:35:42,0,0.0,213.0,464.0,239.0,11.0,200.0,4.0,0.0,0.0,0.0,0.0,0.0
2025/12/23,02:35:47,0,0.0,211.0,463.0,240.0,11.0,200.0,3.0,0.0,0.0,0.0,0.0,0.0
2025/12/23,02:35:52,0,0.0,207.0,461.0,241.0,10.0,200.0,3.0,0.0,0.0,0.0,0.0,0.0
2025/12/23,02:35:57,0,0.0,202.0,464.0,241.0,9.0,200.0,3.0,0.0,0.0,0.0,0.0,0.0
2025/12/23,02:36:02,0,0.0,200.0,464.0,240.0,9.0,201.0,3.0,0.0,0.0,0.0,0.0,0.0
2025/12/23,02:36:07,0,0.0,203.0,463.0,241.0,8.0,200.0,4.0,0.0,0.0,0.0,0.0,0.0
2025/12/23,02:36:12,0,0.0,210.0,464.0,241.0,9.0,201.0,4.0,0.0,0.0,0.0,0.0,0.0
2025/12/23,02:36:17,0,0.0,204.0,464.0,240.0,14.0,201.0,4.0,1.0,0.0,0.0,0.0,0.0
2025/12/23,02:36:22,0,0.0,189.0,462.0,240.0,41.0,200.0,8.0,4.0,0.0,0.0,0.0,0.0
2025/12/23,02:36:27,0,0.0,192.0,462.0,241.0,44.0,201.0,9.0,6.0,0.0,0.0,0.0,0.0
2025/12/23,02:37:12,0,0.0,214.0,462.0,241.0,7.0,202.0,3.0,0.0,0.0,0.0,0.0,0.0
2025/12/23,02:37:16,0,0.0,191.0,460.0,240.0,42.0,201.0,9.0,5.0,0.0,0.0,0.0,0.0
2025/12/23,02:37:21,0,0.0,191.0,463.0,241.0,39.0,200.0,8.0,5.0,0.0,0.0,0.0,0.0
2025/12/23,02:37:26,0,0.0,195.0,464.0,241.0,13.0,201.0,4.0,1.0,0.0,0.0,0.0,0.0
2025/12/23,02:37:31,0,0.0,208.0,464.0,241.0,10.0,201.0,3.0,0.0,0.0,0.0,0.0,0.0
2025/12/23,02:37:36,0,0.0,199.0,463.0,240.0,17.0,200.0,5.0,2.0,0.0,0.0,0.0,0.0
2025/12/23,02:37:41,0,0.0,191.0,462.0,241.0,45.0,202.0,10.0,6.0,0.0,0.0,0.0,0.0
2025/12/23,02:37:46,0,0.0,192.0,461.0,241.0,40.0,201.0,8.0,4.0,0.0,0.0,0.0,0.0
2025/12/23,02:37:51,0,0.0,202.0,465.0,241.0,9.0,199.0,4.0,0.0,0.0,0.0,0.0,0.0
2025/12/23,02:37:56,0,0.0,204.0,462.0,241.0,14.0,200.0,4.0,1.0,0.0,0.0,0.0,0.0
2025/12/23,02:38:01,0,0.0,188.0,465.0,241.0,44.0,199.0,9.0,5.0,0.0,0.0,0.0,0.0
2025/12/23,02:38:06,0,0.0,190.0,462.0,241.0,39.0,201.0,8.0,5.0,0.0,0.0,0.0,0.0
2025/12/23,02:38:11,0,0.0,196.0,464.0,241.0,25.0,201.0,6.0,3.0,0.0,0.0,0.0,0.0
2025/12/23,02:38:16,0,0.0,200.0,464.0,240.0,10.0,201.0,2.0,0.0,0.0,0.0,0.0,0.0
2025/12/23,02:38:21,0,0.0,214.0,463.0,241.0,11.0,201.0,4.0,1.0,0.0,0.0,0.0,-0.0008
2025/12/23,02:38:26,0,0.0,199.0,461.0,241.0,26.0,201.0,6.0,3.0,0.0,0.0,0.0,0.0
2025/12/23,02:38:31,0,0.0,189.0,463.0,241.0,44.0,201.0,9.0,5.0,0.0,0.0,0.0,0.0
2025/12/23,02:38:36,0,0.0,195.0,462.0,238.0,38.0,201.0,9.0,5.0,0.0,0.0,0.0,-0.0008
2025/12/23,02:38:41,0,0.0,194.0,460.0,241.0,32.0,201.0,7.0,4.0,0.0,0.0,0.0,0.0
2025/12/23,02:38:46,0,0.0,195.0,464.0,240.0,10.0,201.0,2.0,0.0,0.0,0.0,0.0,0.0
2025/12/23,02:38:51,0,0.0,206.0,463.0,242.0,9.0,201.0,3.0,0.0,0.0,0.0,0.0,0.0
2025/12/23,02:38:56,0,0.0,213.0,461.0,240.0,14.0,201.0,3.0,1.0,0.0,0.0,0.0,0.0
2025/12/23,02:39:01,0,0.0,198.0,463.0,241.0,19.0,201.0,5.0,2.0,0.0,0.0,0.0,0.0
2025/12/23,02:39:06,0,0.0,188.0,462.0,239.0,42.0,200.0,8.0,4.0,0.0,0.0,0.0,0.0
2025/12/23,02:39:11,0,0.0,195.0,461.0,241.0,41.0,201.0,9.0,5.0,0.0,0.0,0.0,0.0
2025/12/23,02:39:16,0,0.0,195.0,460.0,239.0,27.0,200.0,6.0,3.0,0.0,0.0,0.0,0.0
2025/12/23,02:39:21,0,0.0,190.0,463.0,240.0,37.0,199.0,8.0,5.0,0.0,0.0,0.0,0.0
2025/12/23,02:39:26,0,0.0,204.0,463.0,239.0,13.0,199.0,4.0,1.0,0.0,0.0,0.0,-0.0008
2025/12/23,02:39:31,0,0.0,191.0,464.0,241.0,40.0,201.0,8.0,5.0,0.0,0.0,0.0,0.0
2025/12/23,02:39:36,0,0.0,207.0,463.0,241.0,10.0,202.0,3.0,0.0,0.0,0.0,0.0,0.0
2025/12/23,02:39:41,0,0.0,186.0,462.0,239.0,39.0,199.0,10.0,5.0,0.0,0.0,0.0,0.0
2025/12/23,02:39:46,0,0.0,200.0,463.0,241.0,11.0,200.0,3.0,0.0,0.0,0.0,0.0,0.0
2025/12/23,02:39:51,0,0.0,193.0,463.0,241.0,41.0,200.0,9.0,5.0,0.0,0.0,0.0,-0.0008
2025/12/23,02:39:56,0,0.0,195.0,463.0,240.0,44.0,200.0,11.0,6.0,0.0,0.0,0.0,0.0
2025/12/23,02:40:01,0,0.0,201.0,463.0,240.0,10.0,200.0,3.0,0.0,0.0,0.0,0.0,0.0
2025/12/23,02:40:06,0,0.0,192.0,462.0,241.0,37.0,202.0,8.0,4.0,0.0,0.0,0.0,0.0
2025/12/23,02:40:11,0,0.0,190.0,462.0,241.0,40.0,201.0,9.0,5.0,0.0,0.0,0.0,0.0
2025/12/23,02:40:16,0,0.0,213.0,463.0,241.0,13.0,200.0,4.0,0.0,0.0,0.0,0.0,0.0
2025/12/23,02:40:21,0,0.0,192.0,462.0,242.0,36.0,200.0,8.0,4.0,0.0,0.0,0.0,-0.0008
2025/12/23,02:40:26,0,0.0,200.0,462.0,239.0,21.0,200.0,5.0,2.0,0.0,0.0,0.0,0.0
2025/12/23,02:40:31,0,0.0,197.0,463.0,240.0,21.0,202.0,5.0,2.0,0.0,0.0,0.0,-0.0008
2025/12/23,02:40:36,0,0.0,185.0,459.0,240.0,38.0,200.0,8.0,5.0,0.0,0.0,0.0,-0.0008
2025/12/23,02:40:41,0,0.0,205.0,464.0,240.0,11.0,201.0,3.0,0.0,0.0,0.0,0.0,0.0
2025/12/23,02:40:46,0,0.0,192.0,462.0,240.0,42.0,201.0,8.0,5.0,0.0,0.0,0.0,0.0
2025/12/23,02:40:51,0,0.0,204.0,464.0,240.0,17.0,200.0,4.0,2.0,0.0,0.0,0.0,0.0
2025/12/23,02:40:56,0,0.0,196.0,463.0,240.0,24.0,201.0,5.0,2.0,0.0,0.0,0.0,0.0
2025/12/23,02:41:01,0,0.0,189.0,462.0,240.0,35.0,201.0,8.0,4.0,0.0,0.0,0.0,0.0
2025/12/23,02:41:06,0,0.0,211.0,464.0,241.0,10.0,201.0,2.0,0.0,0.0,0.0,-0.0008,0.0
2025/12/23,02:41:11,0,0.0,201.0,464.0,239.0,11.0,200.0,3.0,0.0,0.0,0.0,0.0,0.0
2025/12/23,02:41:16,0,0.0,200.0,463.0,240.0,11.0,201.0,3.0,0.0,0.0,0.0,0.0,0.0
2025/12/23,02:41:21,0,0.0,196.0,464.0,241.0,13.0,201.0,2.0,1.0,0.0,0.0,0.0,0.0
2025/12/23,02:41:26,0,0.0,200.0,464.0,240.0,12.0,201.0,3.0,1.0,0.0,0.0,0.0,0.0
2025/12/23,02:41:31,0,0.0,202.0,464.0,240.0,8.0,201.0,3.0,0.0,0.0,0.0,0.0,0.0
2025/12/23,02:41:36,0,0.0,206.0,463.0,239.0,11.0,200.0,3.0,0.0,0.0,0.0,0.0,-0.0008
2025/12/23,02:41:41,0,0.0,210.0,462.0,241.0,12.0,202.0,3.0,0.0,0.0,0.0,0.0,0.0
2025/12/23,02:41:46,0,0.0,206.0,461.0,240.0,15.0,200.0,4.0,1.0,0.0,0.0,0.0,-0.0008
2025/12/23,02:41:51,0,0.0,197.0,464.0,242.0,27.0,201.0,7.0,4.0,0.0,0.0,0.0,0.0
2025/12/23,02:41:56,0,0.0,187.0,461.0,240.0,39.0,200.0,9.0,5.0,0.0,0.0,0.0,0.0
2025/12/23,02:42:01,0,0.0,191.0,462.0,241.0,42.0,201.0,9.0,5.0,0.0,0.0,0.0,0.0
2025/12/23,02:42:06,0,0.0,192.0,463.0,241.0,37.0,199.0,8.0,5.0,0.0,0.0,0.0,0.0
2025/12/23,02:42:11,0,0.0,213.0,464.0,242.0,10.0,200.0,3.0,0.0,0.0,0.0,0.0,0.0
2025/12/23,02:42:16,0,0.0,194.0,462.0,241.0,42.0,201.0,9.0,5.0,0.0,0.0,0.0,0.0
2025/12/23,02:42:21,0,0.0,197.0,464.0,239.0,10.0,200.0,3.0,0.0,0.0,0.0,0.0,0.0
2025/12/23,02:42:26,0,0.0,192.0,463.0,241.0,29.0,200.0,7.0,4.0,0.0,0.0,0.0,0.0
2025/12/23,02:42:31,0,0.0,194.0,464.0,240.0,36.0,199.0,8.0,4.0,0.0,0.0,0.0,0.0
2025/12/23,02:42:36,0,0.0,205.0,463.0,241.0,11.0,201.0,3.0,0.0,0.0,0.0,0.0,-0.0008
2025/12/23,02:42:41,0,0.0,203.0,464.0,241.0,20.0,201.0,6.0,2.0,0.0,0.0,0.0,0.0
2025/12/23,02:42:46,0,0.0,193.0,462.0,240.0,30.0,201.0,7.0,4.0,0.0,0.0,0.0,0.0
2025/12/23,02:42:51,0,0.0,199.0,463.0,241.0,19.0,200.0,6.0,1.0,0.0,0.0,0.0,0.0
2025/12/23,02:42:56,0,0.0,212.0,463.0,241.0,13.0,200.0,3.0,0.0,0.0,0.0,0.0,-0.0008
2025/12/23,02:43:01,0,0.0,196.0,464.0,241.0,25.0,201.0,6.0,2.0,0.0,0.0,0.0,0.0
2025/12/23,02:43:06,0,0.0,189.0,462.0,241.0,40.0,201.0,9.0,5.0,0.0,0.0,0.0,0.0
2025/12/23,02:43:11,0,0.0,207.0,463.0,240.0,14.0,201.0,4.0,1.0,0.0,0.0,0.0,0.0
2025/12/23,02:43:16,0,0.0,204.0,463.0,241.0,11.0,199.0,3.0,0.0,0.0,0.0,0.0,-0.0008
2025/12/23,02:43:21,0,0.0,195.0,463.0,240.0,27.0,199.0,6.0,3.0,0.0,0.0,0.0,0.0
2025/12/23,02:43:26,0,0.0,194.0,462.0,240.0,23.0,199.0,6.0,3.0,0.0,0.0,0.0,-0.0008
2025/12/23,02:43:31,0,0.0,204.0,464.0,241.0,9.0,201.0,3.0,0.0,0.0,0.0,0.0,0.0
2025/12/23,02:43:36,0,0.0,197.0,463.0,240.0,24.0,199.0,6.0,3.0,0.0,0.0,0.0,0.0
2025/12/23,02:43:41,0,0.0,192.0,462.0,239.0,41.0,199.0,9.0,4.0,0.0,0.0,0.0,0.0
2025/12/23,02:43:46,0,0.0,197.0,464.0,242.0,11.0,200.0,3.0,0.0,0.0,0.0,0.0,0.0
2025/12/23,02:43:51,0,0.0,215.0,463.0,240.0,12.0,200.0,3.0,1.0,0.0,0.0,0.0,-0.0008
2025/12/23,02:43:56,0,0.0,201.0,463.0,240.0,21.0,200.0,5.0,2.0,0.0,0.0,0.0,0.0
2025/12/23,02:44:01,0,0.0,187.0,463.0,240.0,40.0,201.0,7.0,5.0,0.0,0.0,0.0,-0.0008
2025/12/23,02:44:06,0,0.0,190.0,464.0,240.0,40.0,200.0,9.0,5.0,0.0,0.0,0.0,0.0
2025/12/23,02:44:11,0,0.0,193.0,462.0,240.0,36.0,199.0,8.0,4.0,0.0,0.0,0.0,0.0
2025/12/23,02:44:16,0,0.0,194.0,462.0,242.0,13.0,201.0,4.0,1.0,0.0,0.0,0.0,0.0
2025/12/23,02:44:21,0,0.0,209.0,463.0,241.0,9.0,200.0,3.0,0.0,0.0,0.0,0.0,0.0
2025/12/23,02:44:26,0,0.0,195.0,463.0,241.0,31.0,201.0,7.0,3.0,0.0,0.0,0.0,0.0
2025/12/23,02:44:31,0,0.0,193.0,463.0,241.0,39.0,201.0,8.0,5.0,0.0,0.0,0.0,0.0
2025/12/23,02:44:36,0,0.0,201.0,464.0,240.0,10.0,201.0,3.0,1.0,0.0,0.0,0.0,0.0
2025/12/23,02:44:41,0,0.0,206.0,464.0,240.0,16.0,202.0,5.0,1.0,0.0,0.0,0.0,0.0
2025/12/23,02:44:46,0,0.0,189.0,461.0,240.0,42.0,199.0,9.0,5.0,0.0,0.0,0.0,0.0
2025/12/23,02:44:51,0,0.0,191.0,462.0,240.0,37.0,201.0,8.0,4.0,0.0,0.0,0.0,0.0
2025/12/23,02:44:56,0,0.0,204.0,464.0,241.0,9.0,200.0,2.0,0.0,0.0,0.0,0.0,-0.0008
2025/12/23,02:45:01,0,0.0,186.0,462.0,241.0,38.0,201.0,8.0,5.0,0.0,0.0,0.0,0.0
2025/12/23,02:45:06,0,0.0,196.0,463.0,240.0,22.0,202.0,6.0,2.0,0.0,0.0,0.0,0.0
2025/12/23,02:45:11,0,1.0,205.0,463.0,240.0,16.0,200.0,4.0,1.0,0.0,0.0,0.0,0.0
2025/12/23,02:45:16,0,0.0,193.0,461.0,240.0,42.0,199.0,9.0,5.0,0.0,0.0,0.0,0.0
2025/12/23,02:45:21,0,0.0,193.0,461.0,241.0,33.0,199.0,7.0,4.0,0.0,0.0,0.0,0.0
2025/12/23,02:45:26,0,0.0,195.0,464.0,241.0,16.0,202.0,4.0,2.0,0.0,0.0,0.0,0.0
2025/12/23,02:45:31,0,0.0,199.0,463.0,241.0,11.0,199.0,4.0,0.0,0.0,0.0,0.0,0.0
2025/12/23,02:45:36,0,0.0,200.0,464.0,241.0,10.0,201.0,3.0,1.0,0.0,0.0,0.0,-0.0008
2025/12/23,02:45:41,0,0.0,197.0,463.0,241.0,15.0,202.0,4.0,2.0,0.0,0.0,0.0,0.0
2025/12/23,02:45:46,0,0.0,196.0,463.0,242.0,26.0,200.0,6.0,3.0,0.0,0.0,0.0,0.0
2025/12/23,02:45:51,0,0.0,190.0,462.0,241.0,41.0,200.0,8.0,5.0,0.0,0.0,0.0,0.0
2025/12/23,02:45:56,0,0.0,191.0,462.0,240.0,38.0,201.0,8.0,5.0,0.0,0.0,0.0,0.0
2025/12/23,02:46:01,0,0.0,199.0,463.0,241.0,18.0,201.0,5.0,2.0,0.0,0.0,0.0,0.0
2025/12/23,02:46:06,0,0.0,201.0,464.0,240.0,10.0,201.0,3.0,1.0,0.0,0.0,0.0,0.0
2025/12/23,02:46:11,0,0.0,193.0,462.0,239.0,39.0,200.0,8.0,5.0,0.0,0.0,0.0,0.0
2025/12/23,02:46:16,0,0.0,192.0,464.0,241.0,27.0,201.0,7.0,3.0,0.0,0.0,0.0,0.0
2025/12/23,02:46:21,0,0.0,203.0,463.0,239.0,10.0,199.0,3.0,0.0,0.0,0.0,0.0,0.0
2025/12/23,02:46:26,0,0.0,196.0,462.0,239.0,32.0,200.0,7.0,3.0,0.0,0.0,0.0,0.0
2025/12/23,02:46:31,0,0.0,196.0,462.0,241.0,39.0,201.0,8.0,5.0,0.0,0.0,0.0,-0.0008
2025/12/23,02:46:36,0,0.0,186.0,462.0,240.0,35.0,201.0,9.0,5.0,0.0,0.0,0.0,0.0
2025/12/23,02:46:41,0,0.0,206.0,465.0,240.0,14.0,199.0,4.0,0.0,0.0,0.0,0.0,0.0
2025/12/23,02:47:12,0,0.0,193.0,463.0,239.0,43.0,199.0,11.0,6.0,0.0,0.0,0.0,0.0
2025/12/23,02:47:16,0,0.0,207.0,463.0,241.0,9.0,201.0,3.0,0.0,0.0,0.0,0.0,0.0
2025/12/23,02:47:21,0,0.0,198.0,463.0,240.0,12.0,201.0,3.0,0.0,0.0,0.0,0.0,-0.0008
2025/12/23,02:47:26,0,0.0,186.0,462.0,241.0,38.0,201.0,8.0,5.0,0.0,0.0,0.0,0.0
2025/12/23,02:47:31,0,0.0,193.0,462.0,240.0,35.0,201.0,7.0,4.0,0.0,0.0,0.0,0.0
2025/12/23,02:47:36,0,0.0,205.0,461.0,241.0,10.0,201.0,3.0,0.0,0.0,0.0,0.0,0.0
2025/12/23,02:47:41,0,0.0,199.0,462.0,240.0,20.0,199.0,5.0,2.0,0.0,0.0,0.0,0.0
2025/12/23,02:47:46,0,0.0,194.0,463.0,241.0,38.0,200.0,9.0,5.0,0.0,0.0,0.0,0.0
2025/12/23,02:47:51,0,0.0,197.0,463.0,240.0,11.0,200.0,2.0,1.0,0.0,0.0,0.0,0.0
2025/12/23,02:47:56,0,0.0,203.0,463.0,240.0,14.0,201.0,4.0,1.0,0.0,0.0,0.0,0.0
2025/12/23,02:48:01,0,0.0,193.0,460.0,240.0,39.0,199.0,9.0,5.0,0.0,0.0,0.0,0.0
2025/12/23,02:48:06,0,0.0,202.0,461.0,240.0,9.0,201.0,3.0,1.0,0.0,0.0,0.0,0.0
2025/12/23,02:48:11,0,0.0,194.0,462.0,241.0,31.0,201.0,7.0,3.0,0.0,0.0,0.0,0.0
2025/12/23,02:48:16,0,0.0,192.0,462.0,240.0,37.0,202.0,8.0,5.0,0.0,0.0,0.0,-0.0008
2025/12/23,02:48:21,0,0.0,198.0,460.0,239.0,10.0,199.0,4.0,0.0,0.0,0.0,0.0,0.0
2025/12/23,02:48:26,0,0.0,211.0,464.0,241.0,10.0,201.0,3.0,1.0,0.0,0.0,0.0,0.0
2025/12/23,02:48:31,0,0.0,186.0,462.0,241.0,38.0,201.0,8.0,6.0,0.0,0.0,0.0,0.0
2025/12/23,02:48:36,0,0.0,190.0,463.0,240.0,36.0,200.0,7.0,5.0,0.0,0.0,0.0,0.0
2025/12/23,02:48:41,0,0.0,213.0,464.0,241.0,12.0,200.0,4.0,1.0,0.0,0.0,0.0,-0.0008
2025/12/23,02:48:46,0,0.0,195.0,462.0,241.0,41.0,201.0,9.0,5.0,0.0,0.0,0.0,0.0
2025/12/23,02:48:51,0,0.0,200.0,463.0,241.0,13.0,201.0,3.0,1.0,0.0,0.0,0.0,0.0
2025/12/23,02:48:56,0,0.0,203.0,460.0,241.0,13.0,201.0,4.0,1.0,0.0,0.0,0.0,0.0
2025/12/23,02:49:01,0,0.0,192.0,462.0,241.0,41.0,200.0,9.0,5.0,0.0,0.0,0.0,0.0
2025/12/23,02:49:06,0,0.0,198.0,464.0,240.0,12.0,201.0,3.0,1.0,0.0,0.0,0.0,0.0
2025/12/23,02:49:11,0,0.0,192.0,463.0,241.0,40.0,201.0,9.0,5.0,0.0,0.0,0.0,0.0
2025/12/23,02:49:16,0,0.0,206.0,464.0,240.0,13.0,201.0,4.0,1.0,0.0,0.0,0.0,0.0
2025/12/23,02:49:21,0,0.0,200.0,464.0,240.0,11.0,201.0,3.0,1.0,0.0,0.0,0.0,0.0
2025/12/23,02:49:26,0,0.0,194.0,462.0,240.0,30.0,200.0,6.0,4.0,0.0,0.0,0.0,0.0
2025/12/23,02:49:31,0,0.0,195.0,459.0,241.0,37.0,201.0,8.0,4.0,0.0,0.0,0.0,0.0
2025/12/23,02:49:36,0,0.0,186.0,461.0,240.0,38.0,201.0,9.0,5.0,0.0,0.0,0.0,0.0
2025/12/23,02:49:41,0,0.0,214.0,463.0,240.0,13.0,200.0,4.0,0.0,0.0,0.0,0.0,0.0
2025/12/23,02:49:46,0,0.0,194.0,462.0,241.0,35.0,200.0,8.0,4.0,0.0,0.0,0.0,0.0
2025/12/23,02:49:51,0,0.0,188.0,462.0,241.0,39.0,201.0,9.0,5.0,0.0,0.0,0.0,0.0
2025/12/23,02:49:56,0,0.0,214.0,462.0,241.0,11.0,201.0,3.0,1.0,0.0,0.0,0.0,0.0
2025/12/23,02:50:01,0,0.0,195.0,463.0,239.0,19.0,198.0,5.0,1.0,0.0,0.0,0.0,0.0
2025/12/23,02:50:06,0,0.0,200.0,463.0,239.0,20.0,200.0,6.0,3.0,0.0,0.0,0.0,-0.0008
2025/12/23,02:50:11,0,0.0,205.0,463.0,240.0,13.0,200.0,4.0,1.0,0.0,0.0,0.0,0.0
2025/12/23,02:50:16,0,0.0,201.0,463.0,240.0,11.0,200.0,3.0,0.0,0.0,0.0,0.0,0.0
2025/12/23,02:50:21,0,0.0,193.0,463.0,240.0,40.0,201.0,8.0,5.0,0.0,0.0,0.0,0.0
2025/12/23,02:50:26,0,0.0,188.0,463.0,241.0,41.0,201.0,9.0,5.0,0.0,0.0,0.0,0.0
2025/12/23,02:50:31,0,0.0,209.0,463.0,238.0,11.0,199.0,4.0,0.0,0.0,0.0,0.0,0.0
2025/12/23,02:50:36,0,0.0,194.0,463.0,240.0,21.0,201.0,4.0,1.0,0.0,0.0,0.0,0.0
2025/12/23,02:50:41,0,0.0,189.0,462.0,240.0,40.0,200.0,9.0,5.0,0.0,0.0,0.0,0.0
2025/12/23,02:50:46,0,0.0,211.0,463.0,239.0,11.0,200.0,3.0,0.0,0.0,0.0,0.0,0.0
2025/12/23,02:50:51,0,0.0,195.0,463.0,240.0,33.0,200.0,7.0,4.0,0.0,0.0,0.0,0.0
2025/12/23,02:50:56,0,0.0,189.0,462.0,241.0,40.0,201.0,9.0,5.0,0.0,0.0,0.0,0.0
2025/12/23,02:51:01,0,0.0,204.0,464.0,241.0,12.0,201.0,4.0,1.0,0.0,0.0,0.0,0.0
2025/12/23,02:51:06,0,0.0,213.0,464.0,240.0,12.0,200.0,3.0,1.0,0.0,0.0,0.0,0.0
2025/12/23,02:51:11,0,0.0,213.0,463.0,241.0,12.0,199.0,4.0,0.0,0.0,0.0,0.0,0.0
2025/12/23,02:51:16,0,0.0,210.0,463.0,241.0,13.0,199.0,4.0,1.0,0.0,0.0,0.0,0.0
2025/12/23,02:51:21,0,0.0,204.0,463.0,240.0,18.0,199.0,5.0,1.0,0.0,0.0,0.0,0.0
2025/12/23,02:51:26,0,0.0,188.0,462.0,240.0,37.0,201.0,9.0,5.0,0.0,0.0,0.0,0.0
2025/12/23,02:51:31,0,0.0,191.0,461.0,241.0,42.0,199.0,9.0,5.0,0.0,0.0,0.0,0.0
2025/12/23,02:51:36,0,0.0,188.0,463.0,241.0,37.0,201.0,8.0,5.0,0.0,0.0,0.0,-0.0008
2025/12/23,02:51:41,0,0.0,196.0,463.0,239.0,12.0,199.0,4.0,1.0,0.0,0.0,0.0,0.0
2025/12/23,02:51:46,0,0.0,210.0,464.0,241.0,11.0,201.0,4.0,1.0,0.0,0.0,0.0,0.0
2025/12/23,02:51:51,0,0.0,188.0,462.0,240.0,40.0,201.0,9.0,5.0,0.0,0.0,0.0,0.0
2025/12/23,02:51:56,0,0.0,194.0,463.0,241.0,32.0,201.0,7.0,4.0,0.0,0.0,0.0,0.0
2025/12/23,02:52:01,0,0.0,212.0,461.0,240.0,10.0,199.0,3.0,0.0,0.0,0.0,0.0,0.0
2025/12/23,02:52:06,0,0.0,188.0,461.0,240.0,40.0,200.0,9.0,5.0,0.0,0.0,0.0,0.0
2025/12/23,02:52:11,0,0.0,195.0,463.0,241.0,34.0,201.0,7.0,4.0,0.0,0.0,0.0,0.0
2025/12/23,02:52:16,0,0.0,213.0,464.0,241.0,9.0,200.0,3.0,0.0,0.0,0.0,0.0,0.0
2025/12/23,02:52:21,0,0.0,192.0,462.0,239.0,41.0,200.0,9.0,5.0,0.0,0.0,0.0,0.0
2025/12/23,02:52:26,0,0.0,202.0,461.0,240.0,10.0,200.0,3.0,0.0,0.0,0.0,0.0,0.0
2025/12/23,02:52:31,0,0.0,188.0,462.0,241.0,41.0,200.0,9.0,5.0,0.0,0.0,0.0,-0.0008
2025/12/23,02:52:36,0,0.0,196.0,463.0,240.0,19.0,201.0,4.0,1.0,0.0,0.0,0.0,0.0
2025/12/23,02:52:41,0,0.0,206.0,463.0,239.0,13.0,199.0,5.0,0.0,0.0,0.0,0.0,0.0
2025/12/23,02:52:46,0,0.0,188.0,462.0,238.0,42.0,199.0,9.0,5.0,0.0,0.0,0.0,0.0
2025/12/23,02:52:51,0,0.0,193.0,462.0,240.0,36.0,199.0,8.0,4.0,0.0,0.0,0.0,0.0
2025/12/23,02:52:56,0,0.0,202.0,464.0,240.0,8.0,200.0,3.0,1.0,0.0,0.0,0.0,0.0
2025/12/23,02:53:01,0,0.0,210.0,463.0,241.0,11.0,199.0,3.0,0.0,0.0,0.0,0.0,0.0
2025/12/23,02:53:06,0,0.0,190.0,461.0,240.0,36.0,199.0,8.0,5.0,0.0,0.0,0.0,0.0
2025/12/23,02:53:11,0,0.0,195.0,461.0,239.0,39.0,199.0,9.0,4.0,0.0,0.0,0.0,0.0
2025/12/23,02:53:16,0,0.0,193.0,464.0,241.0,14.0,201.0,4.0,1.0,0.0,0.0,0.0,0.0
2025/12/23,02:53:21,0,0.0,213.0,464.0,241.0,10.0,200.0,4.0,0.0,0.0,0.0,0.0,0.0
2025/12/23,02:53:26,0,0.0,202.0,463.0,245.0,19.0,200.0,4.0,1.0,0.0,0.0,0.0,0.0
2025/12/23,02:53:31,0,0.0,210.0,464.0,240.0,11.0,199.0,3.0,0.0,0.0,0.0,0.0,0.0
2025/12/23,02:53:36,0,0.0,193.0,461.0,241.0,42.0,201.0,9.0,5.0,0.0,0.0,0.0,0.0
2025/12/23,02:53:41,0,0.0,202.0,464.0,240.0,9.0,201.0,3.0,1.0,0.0,0.0,0.0,0.0
2025/12/23,02:53:46,0,0.0,188.0,462.0,240.0,40.0,200.0,9.0,5.0,0.0,0.0,0.0,-0.0008
2025/12/23,02:53:51,0,0.0,207.0,463.0,239.0,10.0,199.0,3.0,0.0,0.0,0.0,0.0,0.0
2025/12/23,02:53:56,0,0.0,193.0,463.0,240.0,39.0,201.0,8.0,5.0,0.0,0.0,0.0,0.0
2025/12/23,02:54:01,0,0.0,197.0,463.0,240.0,25.0,202.0,7.0,3.0,0.0,0.0,0.0,0.0
2025/12/23,02:54:06,0,0.0,203.0,464.0,241.0,8.0,200.0,3.0,0.0,0.0,0.0,0.0,-0.0008
2025/12/23,02:54:11,0,0.0,194.0,462.0,241.0,32.0,201.0,7.0,4.0,0.0,0.0,0.0,0.0
2025/12/23,02:54:16,0,0.0,193.0,459.0,240.0,39.0,199.0,9.0,5.0,0.0,0.0,0.0,0.0
2025/12/23,02:54:21,0,0.0,193.0,462.0,240.0,32.0,200.0,7.0,5.0,0.0,0.0,0.0,0.0
2025/12/23,02:54:26,0,0.0,203.0,464.0,240.0,8.0,201.0,2.0,0.0,0.0,0.0,0.0,0.0
2025/12/23,02:54:31,0,0.0,196.0,461.0,241.0,20.0,201.0,6.0,3.0,0.0,0.0,0.0,0.0
2025/12/23,02:54:36,0,0.0,193.0,462.0,240.0,37.0,201.0,8.0,4.0,0.0,0.0,0.0,0.0
2025/12/23,02:54:41,0,0.0,215.0,464.0,238.0,10.0,199.0,3.0,0.0,0.0,0.0,0.0,0.0
2025/12/23,02:54:46,0,0.0,190.0,462.0,242.0,41.0,201.0,9.0,6.0,0.0,0.0,0.0,-0.0008
2025/12/23,02:54:51,0,0.0,196.0,463.0,240.0,18.0,199.0,4.0,1.0,0.0,0.0,0.0,0.0
2025/12/23,02:54:56,0,0.0,201.0,464.0,240.0,15.0,200.0,3.0,1.0,0.0,0.0,0.0,0.0
2025/12/23,02:55:01,0,0.0,193.0,459.0,240.0,38.0,200.0,8.0,5.0,0.0,0.0,0.0,0.0
2025/12/23,02:55:06,0,0.0,208.0,463.0,241.0,11.0,201.0,3.0,1.0,0.0,0.0,0.0,0.0
2025/12/23,02:55:11,0,0.0,195.0,463.0,240.0,40.0,200.0,8.0,5.0,0.0,0.0,0.0,0.0
2025/12/23,02:55:16,0,0.0,200.0,463.0,241.0,9.0,199.0,3.0,0.0,0.0,0.0,0.0,0.0
2025/12/23,02:55:21,0,0.0,205.0,462.0,239.0,17.0,200.0,4.0,1.0,0.0,0.0,0.0,0.0
2025/12/23,02:55:26,0,0.0,191.0,459.0,240.0,41.0,201.0,9.0,6.0,0.0,0.0,0.0,0.0
2025/12/23,02:55:31,0,0.0,190.0,462.0,239.0,37.0,200.0,8.0,5.0,0.0,0.0,0.0,0.0
2025/12/23,02:55:36,0,0.0,195.0,462.0,240.0,21.0,201.0,5.0,2.0,0.0,0.0,0.0,0.0
2025/12/23,02:55:41,0,0.0,204.0,463.0,239.0,8.0,199.0,3.0,0.0,0.0,0.0,0.0,0.0
2025/12/23,02:55:46,0,0.0,209.0,463.0,240.0,8.0,198.0,4.0,1.0,0.0,0.0,0.0,0.0
2025/12/23,02:55:51,0,0.0,185.0,463.0,241.0,44.0,201.0,8.0,5.0,0.0,0.0,0.0,0.0
2025/12/23,02:55:56,0,0.0,189.0,462.0,240.0,39.0,199.0,9.0,4.0,0.0,0.0,0.0,0.0
2025/12/23,02:56:01,0,0.0,205.0,464.0,240.0,8.0,201.0,2.0,1.0,0.0,0.0,0.0,0.0
2025/12/23,02:56:06,0,0.0,201.0,463.0,240.0,21.0,200.0,5.0,2.0,0.0,0.0,0.0,-0.0008
2025/12/23,02:56:11,0,0.0,188.0,463.0,241.0,43.0,201.0,8.0,5.0,0.0,0.0,0.0,-0.0008
2025/12/23,02:56:16,0,0.0,190.0,463.0,241.0,43.0,200.0,9.0,5.0,0.0,0.0,0.0,0.0
2025/12/23,02:56:21,0,0.0,190.0,463.0,240.0,35.0,200.0,8.0,4.0,0.0,0.0,0.0,0.0
2025/12/23,02:56:26,0,0.0,208.0,464.0,240.0,13.0,201.0,3.0,1.0,0.0,0.0,0.0,0.0
2025/12/23,02:56:31,0,0.0,197.0,464.0,241.0,10.0,201.0,3.0,1.0,0.0,0.0,0.0,0.0
2025/12/23,02:56:36,0,0.0,196.0,463.0,240.0,38.0,200.0,8.0,5.0,0.0,0.0,0.0,0.0
2025/12/23,02:56:41,0,0.0,191.0,464.0,242.0,32.0,201.0,8.0,4.0,0.0,0.0,0.0,0.0
2025/12/23,02:56:46,0,1.0,211.0,464.0,241.0,13.0,200.0,3.0,0.0,0.0,0.0,0.0,0.0
2025/12/23,02:57:41,0,0.0,191.0,464.0,238.0,31.0,199.0,8.0,4.0,0.0,0.0,0.0,0.0
2025/12/23,02:57:45,0,0.0,194.0,462.0,241.0,39.0,200.0,8.0,4.0,0.0,0.0,0.0,-0.0008
2025/12/23,02:57:50,0,0.0,197.0,462.0,241.0,39.0,201.0,8.0,5.0,0.0,0.0,0.0,0.0
2025/12/23,02:57:55,0,0.0,196.0,463.0,240.0,37.0,201.0,8.0,5.0,0.0,0.0,0.0,0.0
2025/12/23,02:58:00,0,0.0,191.0,462.0,240.0,39.0,200.0,9.0,6.0,0.0,0.0,0.0,0.0
2025/12/23,02:58:05,0,0.0,187.0,463.0,240.0,34.0,200.0,8.0,4.0,0.0,0.0,0.0,0.0
2025/12/23,02:58:10,0,0.0,212.0,464.0,240.0,11.0,201.0,3.0,1.0,0.0,0.0,0.0,0.0
2025/12/23,02:58:15,0,0.0,195.0,462.0,241.0,17.0,201.0,4.0,1.0,0.0,0.0,0.0,0.0
2025/12/23,02:58:20,0,0.0,192.0,461.0,239.0,40.0,200.0,9.0,5.0,0.0,0.0,0.0,0.0
2025/12/23,02:58:25,0,0.0,212.0,461.0,240.0,10.0,200.0,3.0,0.0,0.0,0.0,0.0,0.0
2025/12/23,02:58:30,0,0.0,196.0,462.0,239.0,38.0,200.0,8.0,5.0,0.0,0.0,0.0,-0.0008
2025/12/23,02:58:35,0,0.0,205.0,463.0,241.0,8.0,201.0,3.0,1.0,0.0,0.0,0.0,0.0
2025/12/23,02:58:40,0,0.0,189.0,461.0,240.0,40.0,201.0,9.0,5.0,0.0,0.0,0.0,0.0
2025/12/23,02:58:45,0,0.0,197.0,463.0,241.0,10.0,200.0,3.0,1.0,0.0,0.0,0.0,0.0
2025/12/23,02:58:50,0,0.0,190.0,463.0,240.0,30.0,201.0,8.0,4.0,0.0,0.0,0.0,0.0
2025/12/23,02:58:55,0,0.0,194.0,463.0,240.0,16.0,199.0,4.0,2.0,0.0,0.0,0.0,0.0
2025/12/23,02:59:00,0,0.0,190.0,462.0,239.0,33.0,201.0,8.0,4.0,0.0,0.0,0.0,0.0
2025/12/23,02:59:05,0,0.0,196.0,465.0,240.0,15.0,203.0,4.0,1.0,0.0,0.0,0.0,0.0
2025/12/23,02:59:10,0,0.0,189.0,462.0,240.0,40.0,199.0,9.0,5.0,0.0,0.0,0.0,0.0
2025/12/23,02:59:15,0,0.0,212.0,465.0,240.0,10.0,199.0,3.0,0.0,0.0,0.0,0.0,0.0
2025/12/23,02:59:20,0,0.0,197.0,462.0,240.0,32.0,200.0,7.0,4.0,0.0,0.0,0.0,0.0
2025/12/23,02:59:25,0,0.0,189.0,463.0,240.0,39.0,201.0,9.0,5.0,0.0,0.0,0.0,0.0
2025/12/23,02:59:30,0,0.0,199.0,463.0,245.0,21.0,202.0,6.0,3.0,0.0,0.0,0.0,0.0
2025/12/23,02:59:35,0,0.0,212.0,464.0,240.0,11.0,200.0,3.0,1.0,0.0,0.0,0.0,-0.0008
2025/12/23,02:59:40,0,0.0,194.0,462.0,241.0,27.0,201.0,6.0,3.0,0.0,0.0,0.0,0.0
2025/12/23,02:59:45,0,0.0,194.0,463.0,240.0,26.0,201.0,7.0,3.0,0.0,0.0,0.0,0.0
2025/12/23,02:59:50,0,0.0,195.0,464.0,241.0,21.0,200.0,6.0,2.0,0.0,0.0,0.0,0.0
2025/12/23,02:59:55,0,0.0,195.0,464.0,241.0,30.0,201.0,6.0,3.0,0.0,0.0,0.0,0.0
2025/12/23,03:00:00,0,0.0,200.0,464.0,240.0,12.0,200.0,3.0,1.0,0.0,0.0,0.0,0.0
2025/12/23,03:00:05,0,0.0,208.0,463.0,238.0,9.0,201.0,4.0,0.0,0.0,0.0,0.0,0.0
2025/12/23,03:00:10,0,0.0,187.0,462.0,240.0,38.0,201.0,9.0,5.0,0.0,0.0,0.0,0.0
2025/12/23,03:00:15,0,0.0,214.0,464.0,241.0,13.0,201.0,3.0,1.0,0.0,0.0,0.0,0.0
2025/12/23,03:00:20,0,0.0,194.0,462.0,242.0,31.0,200.0,7.0,4.0,0.0,0.0,0.0,0.0
2025/12/23,03:00:25,0,0.0,186.0,463.0,240.0,38.0,201.0,8.0,6.0,0.0,0.0,0.0,0.0
2025/12/23,03:00:30,0,0.0,208.0,461.0,240.0,11.0,200.0,3.0,0.0,0.0,0.0,0.0,0.0
2025/12/23,03:00:35,0,0.0,202.0,463.0,240.0,11.0,201.0,3.0,1.0,0.0,0.0,0.0,0.0
2025/12/23,03:00:40,0,0.0,195.0,461.0,240.0,40.0,200.0,8.0,5.0,0.0,0.0,0.0,0.0
2025/12/23,03:00:45,0,0.0,209.0,464.0,240.0,9.0,199.0,4.0,0.0,0.0,0.0,0.0,0.0
2025/12/23,03:00:50,0,0.0,195.0,462.0,240.0,38.0,201.0,8.0,5.0,0.0,0.0,0.0,0.0
2025/12/23,03:00:55,0,0.0,204.0,464.0,240.0,9.0,201.0,3.0,0.0,0.0,0.0,0.0,0.0
2025/12/23,03:01:00,0,0.0,190.0,462.0,240.0,29.0,201.0,7.0,4.0,0.0,0.0,0.0,0.0
2025/12/23,03:01:05,0,0.0,193.0,461.0,240.0,32.0,200.0,7.0,4.0,0.0,0.0,0.0,0.0
2025/12/23,03:01:10,0,0.0,213.0,464.0,240.0,11.0,201.0,3.0,1.0,0.0,0.0,0.0,0.0
2025/12/23,03:01:15,0,0.0,191.0,461.0,240.0,43.0,200.0,9.0,5.0,0.0,0.0,0.0,0.0
2025/12/23,03:01:20,0,0.0,203.0,464.0,241.0,8.0,199.0,3.0,0.0,0.0,0.0,0.0,0.0
2025/12/23,03:01:25,0,0.0,193.0,462.0,239.0,40.0,199.0,9.0,5.0,0.0,0.0,0.0,0.0
2025/12/23,03:01:30,0,1.0,207.0,463.0,240.0,15.0,200.0,3.0,1.0,0.0,0.0,0.0,0.0
2025/12/23,03:01:35,0,0.0,198.0,464.0,241.0,12.0,201.0,3.0,1.0,0.0,0.0,0.0,0.0
2025/12/23,03:01:40,0,0.0,197.0,460.0,240.0,37.0,201.0,8.0,5.0,0.0,0.0,0.0,0.0
2025/12/23,03:01:45,0,0.0,193.0,461.0,240.0,27.0,198.0,6.0,3.0,0.0,0.0,0.0,0.0
2025/12/23,03:01:50,0,0.0,205.0,462.0,240.0,9.0,201.0,2.0,0.0,0.0,0.0,0.0,0.0
2025/12/23,03:01:55,0,0.0,191.0,462.0,240.0,37.0,200.0,8.0,5.0,0.0,0.0,0.0,0.0
2025/12/23,03:02:00,0,0.0,189.0,461.0,240.0,37.0,200.0,8.0,5.0,0.0,0.0,0.0,0.0
2025/12/23,03:02:05,0,0.0,209.0,462.0,241.0,10.0,200.0,3.0,1.0,0.0,0.0,0.0,0.0
2025/12/23,03:02:10,0,0.0,204.0,463.0,239.0,9.0,200.0,2.0,0.0,0.0,0.0,0.0,0.0
2025/12/23,03:02:15,0,0.0,195.0,463.0,240.0,29.0,201.0,6.0,3.0,0.0,0.0,0.0,0.0
2025/12/23,03:02:20,0,0.0,193.0,462.0,241.0,41.0,201.0,8.0,5.0,0.0,0.0,0.0,0.0
2025/12/23,03:02:25,0,0.0,203.0,464.0,241.0,16.0,201.0,4.0,1.0,0.0,0.0,0.0,0.0
2025/12/23,03:02:30,0,0.0,199.0,463.0,240.0,11.0,200.0,3.0,1.0,0.0,0.0,0.0,-0.0008
2025/12/23,03:02:35,0,0.0,193.0,462.0,239.0,40.0,200.0,9.0,5.0,0.0,0.0,0.0,0.0
2025/12/23,03:02:40,0,0.0,213.0,462.0,240.0,8.0,201.0,2.0,0.0,0.0,0.0,0.0,0.0
2025/12/23,03:02:45,0,0.0,193.0,461.0,240.0,41.0,198.0,9.0,6.0,0.0,0.0,0.0,0.0
2025/12/23,03:02:50,0,0.0,204.0,463.0,240.0,8.0,200.0,3.0,0.0,0.0,0.0,0.0,0.0
2025/12/23,03:02:55,0,0.0,190.0,462.0,240.0,40.0,200.0,8.0,5.0,0.0,0.0,0.0,0.0
2025/12/23,03:03:00,0,0.0,205.0,464.0,240.0,8.0,201.0,2.0,0.0,0.0,0.0,0.0,0.0
2025/12/23,03:03:05,0,0.0,195.0,462.0,240.0,40.0,201.0,8.0,5.0,0.0,0.0,0.0,0.0
2025/12/23,03:03:10,0,0.0,210.0,464.0,240.0,8.0,201.0,2.0,0.0,0.0,0.0,0.0,0.0
2025/12/23,03:03:15,0,0.0,191.0,462.0,240.0,40.0,200.0,8.0,5.0,0.0,0.0,0.0,0.0
2025/12/23,03:03:20,0,0.0,199.0,463.0,241.0,10.0,200.0,3.0,0.0,0.0,0.0,0.0,0.0
2025/12/23,03:03:25,0,0.0,186.0,461.0,239.0,37.0,199.0,9.0,5.0,0.0,0.0,0.0,0.0
2025/12/23,03:03:30,0,0.0,203.0,464.0,239.0,9.0,200.0,3.0,1.0,0.0,0.0,0.0,0.0
2025/12/23,03:03:35,0,0.0,193.0,463.0,241.0,40.0,200.0,9.0,5.0,0.0,0.0,0.0,0.0
2025/12/23,03:03:40,0,0.0,208.0,463.0,239.0,11.0,199.0,4.0,0.0,0.0,0.0,0.0,0.0
2025/12/23,03:03:45,0,0.0,194.0,459.0,240.0,27.0,200.0,6.0,3.0,0.0,0.0,0.0,0.0
2025/12/23,03:03:50,0,0.0,190.0,462.0,238.0,38.0,201.0,8.0,4.0,0.0,0.0,0.0,0.0
2025/12/23,03:03:55,0,0.0,203.0,464.0,241.0,8.0,200.0,2.0,0.0,0.0,0.0,0.0,0.0
2025/12/23,03:04:00,0,0.0,203.0,464.0,240.0,15.0,200.0,4.0,1.0,0.0,0.0,0.0,0.0
2025/12/23,03:04:05,0,0.0,196.0,461.0,240.0,29.0,200.0,7.0,3.0,0.0,0.0,0.0,0.0
2025/12/23,03:04:10,0,0.0,189.0,461.0,239.0,40.0,200.0,8.0,5.0,0.0,0.0,0.0,0.0
2025/12/23,03:04:15,0,0.0,197.0,463.0,242.0,39.0,200.0,8.0,4.0,0.0,0.0,0.0,0.0
2025/12/23,03:04:20,0,0.0,200.0,461.0,240.0,11.0,199.0,3.0,0.0,0.0,0.0,0.0,0.0
2025/12/23,03:04:25,0,0.0,197.0,464.0,241.0,22.0,201.0,5.0,3.0,0.0,0.0,0.0,0.0
2025/12/23,03:04:30,0,0.0,195.0,462.0,240.0,37.0,200.0,8.0,5.0,0.0,0.0,0.0,0.0
2025/12/23,03:04:35,0,0.0,204.0,461.0,240.0,9.0,198.0,3.0,0.0,0.0,0.0,0.0,0.0
2025/12/23,03:04:40,0,0.0,187.0,462.0,240.0,40.0,201.0,9.0,5.0,0.0,0.0,0.0,0.0
2025/12/23,03:04:45,0,0.0,210.0,463.0,241.0,10.0,200.0,3.0,0.0,0.0,0.0,0.0,0.0
2025/12/23,03:04:50,0,0.0,195.0,462.0,240.0,34.0,200.0,7.0,4.0,0.0,0.0,0.0,0.0
2025/12/23,03:04:55,0,0.0,184.0,461.0,240.0,37.0,199.0,9.0,5.0,0.0,0.0,0.0,0.0
2025/12/23,03:05:00,0,0.0,213.0,464.0,240.0,11.0,201.0,3.0,0.0,0.0,0.0,0.0,-0.0008
2025/12/23,03:05:05,0,0.0,196.0,463.0,240.0,31.0,201.0,6.0,4.0,0.0,0.0,0.0,0.0
2025/12/23,03:05:10,0,0.0,190.0,462.0,240.0,30.0,201.0,7.0,5.0,0.0,0.0,0.0,0.0
2025/12/23,03:05:15,0,0.0,192.0,462.0,239.0,38.0,201.0,8.0,5.0,0.0,0.0,0.0,0.0
2025/12/23,03:05:20,0,0.0,197.0,461.0,240.0,19.0,199.0,4.0,3.0,0.0,0.0,0.0,-0.0008
2025/12/23,03:05:25,0,0.0,210.0,463.0,239.0,8.0,199.0,3.0,0.0,0.0,0.0,0.0,0.0
2025/12/23,03:05:30,0,0.0,197.0,463.0,240.0,26.0,200.0,5.0,3.0,0.0,0.0,0.0,0.0
2025/12/23,03:05:35,0,0.0,196.0,462.0,240.0,39.0,200.0,8.0,5.0,0.0,0.0,0.0,0.0
2025/12/23,03:05:40,0,0.0,196.0,463.0,240.0,11.0,201.0,3.0,2.0,0.0,0.0,0.0,0.0
2025/12/23,03:05:45,0,0.0,213.0,464.0,240.0,10.0,201.0,3.0,0.0,0.0,0.0,0.0,-0.0008
2025/12/23,03:05:50,0,0.0,196.0,463.0,240.0,25.0,200.0,6.0,3.0,0.0,0.0,0.0,0.0
2025/12/23,03:05:55,0,0.0,189.0,462.0,240.0,41.0,200.0,9.0,5.0,0.0,0.0,0.0,0.0
2025/12/23,03:06:00,0,0.0,195.0,460.0,239.0,32.0,199.0,7.0,3.0,0.0,0.0,0.0,0.0
2025/12/23,03:06:05,0,0.0,205.0,464.0,241.0,8.0,199.0,3.0,0.0,0.0,0.0,0.0,0.0
2025/12/23,03:06:10,0,0.0,204.0,460.0,239.0,17.0,199.0,5.0,1.0,0.0,0.0,0.0,0.0
2025/12/23,03:06:15,0,0.0,189.0,460.0,240.0,40.0,199.0,9.0,5.0,0.0,0.0,0.0,0.0
2025/12/23,03:06:20,0,0.0,193.0,461.0,240.0,34.0,199.0,8.0,4.0,0.0,0.0,0.0,0.0
2025/12/23,03:06:25,0,0.0,200.0,463.0,239.0,6.0,199.0,3.0,0.0,0.0,0.0,0.0,0.0
2025/12/23,03:06:30,0,0.0,196.0,460.0,241.0,22.0,199.0,7.0,2.0,0.0,0.0,0.0,0.0
2025/12/23,03:06:35,0,0.0,196.0,463.0,240.0,39.0,201.0,8.0,5.0,0.0,0.0,-0.0008,0.0
2025/12/23,03:06:40,0,0.0,205.0,463.0,240.0,8.0,199.0,3.0,0.0,0.0,0.0,0.0,0.0
2025/12/23,03:06:45,0,0.0,207.0,461.0,240.0,12.0,199.0,4.0,1.0,0.0,0.0,0.0,0.0
2025/12/23,03:06:50,0,0.0,185.0,460.0,239.0,38.0,200.0,9.0,6.0,0.0,0.0,0.0,0.0
2025/12/23,03:06:55,0,0.0,196.0,462.0,241.0,39.0,201.0,8.0,5.0,0.0,0.0,0.0,0.0
2025/12/23,03:07:31,0,0.0,205.0,463.0,240.0,13.0,201.0,4.0,1.0,0.0,0.0,0.0,0.0
2025/12/23,03:07:35,0,0.0,205.0,463.0,240.0,13.0,200.0,3.0,1.0,0.0,0.0,0.0,-0.0008
2025/12/23,03:07:40,0,0.0,189.0,462.0,240.0,40.0,200.0,9.0,5.0,0.0,0.0,0.0,0.0
2025/12/23,03:07:45,0,0.0,193.0,462.0,239.0,37.0,198.0,8.0,5.0,0.0,0.0,0.0,0.0
2025/12/23,03:07:50,0,0.0,196.0,463.0,239.0,13.0,200.0,3.0,1.0,0.0,0.0,0.0,0.0
2025/12/23,03:07:55,0,0.0,213.0,463.0,240.0,9.0,201.0,2.0,0.0,0.0,0.0,0.0,0.0
2025/12/23,03:08:00,0,0.0,199.0,464.0,240.0,22.0,200.0,5.0,2.0,0.0,0.0,0.0,0.0
2025/12/23,03:08:05,0,0.0,192.0,463.0,241.0,39.0,201.0,9.0,5.0,0.0,0.0,0.0,0.0
2025/12/23,03:08:10,0,0.0,195.0,461.0,240.0,33.0,200.0,6.0,4.0,0.0,0.0,0.0,0.0
2025/12/23,03:08:15,0,0.0,199.0,463.0,239.0,8.0,201.0,2.0,1.0,0.0,0.0,0.0,0.0
2025/12/23,03:08:20,0,0.0,206.0,463.0,240.0,9.0,200.0,3.0,0.0,0.0,0.0,0.0,0.0
2025/12/23,03:08:25,0,0.0,203.0,460.0,240.0,21.0,199.0,4.0,1.0,0.0,0.0,0.0,0.0
2025/12/23,03:08:30,0,0.0,195.0,463.0,240.0,41.0,201.0,8.0,5.0,0.0,0.0,0.0,0.0
2025/12/23,03:08:35,0,0.0,198.0,463.0,240.0,12.0,201.0,3.0,2.0,0.0,0.0,0.0,0.0
2025/12/23,03:08:40,0,0.0,214.0,464.0,240.0,11.0,200.0,2.0,1.0,0.0,0.0,0.0,0.0
2025/12/23,03:08:45,0,0.0,205.0,464.0,241.0,17.0,202.0,5.0,1.0,0.0,0.0,0.0,0.0
2025/12/23,03:08:50,0,0.0,188.0,462.0,240.0,38.0,201.0,8.0,5.0,0.0,0.0,0.0,0.0
2025/12/23,03:08:55,0,0.0,195.0,462.0,240.0,40.0,201.0,8.0,5.0,0.0,0.0,0.0,0.0
2025/12/23,03:09:00,0,0.0,197.0,464.0,241.0,9.0,199.0,3.0,0.0,0.0,0.0,0.0,0.0
2025/12/23,03:09:05,0,0.0,212.0,464.0,240.0,10.0,200.0,3.0,1.0,0.0,0.0,0.0,0.0
2025/12/23,03:09:10,0,0.0,189.0,462.0,242.0,40.0,199.0,9.0,5.0,0.0,0.0,0.0,0.0
2025/12/23,03:09:15,0,0.0,195.0,463.0,241.0,18.0,200.0,4.0,1.0,0.0,0.0,0.0,0.0
2025/12/23,03:09:20,0,0.0,209.0,464.0,241.0,11.0,200.0,3.0,1.0,0.0,0.0,0.0,0.0
2025/12/23,03:09:25,0,0.0,188.0,459.0,240.0,39.0,199.0,9.0,5.0,0.0,0.0,0.0,0.0
2025/12/23,03:09:30,0,0.0,190.0,463.0,240.0,37.0,199.0,8.0,4.0,0.0,0.0,0.0,0.0
2025/12/23,03:09:35,0,0.0,197.0,464.0,240.0,13.0,200.0,3.0,1.0,0.0,0.0,0.0,0.0
2025/12/23,03:09:40,0,0.0,214.0,464.0,239.0,9.0,199.0,4.0,0.0,0.0,0.0,0.0,0.0
2025/12/23,03:09:45,0,0.0,187.0,462.0,240.0,43.0,200.0,8.0,5.0,0.0,0.0,0.0,0.0
2025/12/23,03:09:50,0,0.0,190.0,462.0,240.0,37.0,200.0,8.0,5.0,0.0,0.0,0.0,0.0
2025/12/23,03:09:55,0,0.0,200.0,463.0,241.0,9.0,199.0,2.0,1.0,0.0,0.0,0.0,0.0
2025/12/23,03:10:00,0,0.0,213.0,463.0,240.0,12.0,200.0,3.0,1.0,0.0,0.0,0.0,0.0
2025/12/23,03:10:05,0,0.0,188.0,460.0,240.0,40.0,200.0,9.0,5.0,0.0,0.0,0.0,0.0
2025/12/23,03:10:10,0,0.0,201.0,464.0,240.0,11.0,200.0,2.0,1.0,0.0,0.0,0.0,0.0
2025/12/23,03:10:15,0,0.0,189.0,459.0,240.0,41.0,201.0,9.0,5.0,0.0,0.0,0.0,0.0
2025/12/23,03:10:20,0,0.0,208.0,464.0,240.0,9.0,201.0,2.0,0.0,0.0,0.0,0.0,0.0
2025/12/23,03:10:25,0,0.0,192.0,462.0,240.0,40.0,200.0,9.0,5.0,0.0,0.0,0.0,0.0
2025/12/23,03:10:30,0,0.0,196.0,464.0,240.0,11.0,201.0,3.0,1.0,0.0,0.0,0.0,0.0
2025/12/23,03:10:35,0,0.0,199.0,460.0,240.0,20.0,200.0,5.0,2.0,0.0,0.0,0.0,0.0
2025/12/23,03:10:40,0,0.0,195.0,463.0,240.0,39.0,200.0,8.0,5.0,0.0,0.0,0.0,0.0
2025/12/23,03:10:45,0,0.0,204.0,464.0,240.0,9.0,201.0,3.0,0.0,0.0,0.0,0.0,-0.0008
2025/12/23,03:10:50,0,0.0,196.0,462.0,240.0,29.0,199.0,6.0,3.0,0.0,0.0,0.0,0.0
2025/12/23,03:10:55,0,0.0,190.0,462.0,240.0,36.0,201.0,8.0,4.0,0.0,0.0,0.0,0.0
2025/12/23,03:11:00,0,0.0,209.0,464.0,241.0,9.0,198.0,3.0,1.0,0.0,0.0,0.0,0.0
2025/12/23,03:11:05,0,0.0,189.0,462.0,240.0,38.0,200.0,8.0,5.0,0.0,0.0,0.0,0.0
2025/12/23,03:11:10,0,0.0,196.0,462.0,240.0,12.0,199.0,3.0,1.0,0.0,0.0,0.0,0.0
2025/12/23,03:11:15,0,0.0,186.0,462.0,240.0,35.0,199.0,8.0,5.0,0.0,0.0,0.0,0.0
2025/12/23,03:11:20,0,0.0,195.0,463.0,241.0,16.0,200.0,3.0,2.0,0.0,0.0,0.0,0.0
2025/12/23,03:11:25,0,0.0,194.0,463.0,240.0,27.0,201.0,6.0,4.0,0.0,0.0,0.0,-0.0008
2025/12/23,03:11:30,0,0.0,195.0,462.0,239.0,32.0,199.0,7.0,4.0,0.0,0.0,0.0,0.0
2025/12/23,03:11:35,0,0.0,213.0,464.0,241.0,9.0,199.0,4.0,0.0,0.0,0.0,0.0,0.0
2025/12/23,03:11:40,0,0.0,188.0,462.0,239.0,35.0,199.0,8.0,5.0,0.0,0.0,0.0,0.0
2025/12/23,03:11:45,0,0.0,193.0,462.0,241.0,37.0,201.0,7.0,5.0,0.0,0.0,0.0,0.0
2025/12/23,03:11:50,0,0.0,199.0,464.0,240.0,9.0,200.0,2.0,1.0,0.0,0.0,0.0,0.0
2025/12/23,03:11:55,0,0.0,197.0,461.0,240.0,23.0,198.0,7.0,3.0,0.0,0.0,0.0,0.0
2025/12/23,03:12:00,0,0.0,193.0,462.0,239.0,36.0,199.0,7.0,5.0,0.0,0.0,0.0,-0.0008
2025/12/23,03:12:05,0,0.0,207.0,464.0,239.0,12.0,200.0,4.0,1.0,0.0,0.0,0.0,0.0
2025/12/23,03:12:10,0,0.0,192.0,462.0,240.0,37.0,200.0,7.0,5.0,0.0,0.0,0.0,0.0
2025/12/23,03:12:15,0,0.0,206.0,464.0,240.0,12.0,200.0,4.0,1.0,0.0,0.0,0.0,0.0
2025/12/23,03:12:20,0,0.0,196.0,463.0,240.0,28.0,199.0,6.0,4.0,0.0,0.0,0.0,0.0
2025/12/23,03:12:25,0,0.0,188.0,459.0,240.0,39.0,199.0,9.0,5.0,0.0,0.0,0.0,0.0
2025/12/23,03:12:30,0,0.0,206.0,464.0,240.0,12.0,200.0,3.0,1.0,0.0,0.0,0.0,0.0
2025/12/23,03:12:35,0,0.0,204.0,463.0,238.0,10.0,199.0,3.0,0.0,0.0,0.0,0.0,-0.0008
2025/12/23,03:12:40,0,0.0,191.0,462.0,240.0,35.0,200.0,7.0,5.0,0.0,0.0,0.0,0.0
2025/12/23,03:12:45,0,0.0,186.0,462.0,239.0,36.0,200.0,8.0,5.0,0.0,0.0,0.0,0.0
2025/12/23,03:12:50,0,0.0,211.0,463.0,240.0,10.0,198.0,3.0,0.0,0.0,0.0,0.0,0.0
2025/12/23,03:12:55,0,0.0,193.0,463.0,239.0,33.0,200.0,7.0,5.0,0.0,0.0,0.0,0.0
2025/12/23,03:13:00,0,0.0,191.0,463.0,238.0,36.0,199.0,9.0,4.0,0.0,0.0,0.0,0.0
2025/12/23,03:13:05,0,0.0,207.0,464.0,241.0,8.0,199.0,3.0,0.0,0.0,0.0,0.0,0.0
2025/12/23,03:13:10,0,0.0,194.0,462.0,240.0,33.0,201.0,7.0,4.0,0.0,0.0,0.0,0.0
2025/12/23,03:13:15,0,0.0,189.0,461.0,240.0,38.0,199.0,9.0,5.0,0.0,0.0,0.0,0.0
2025/12/23,03:13:20,0,0.0,207.0,464.0,242.0,10.0,199.0,3.0,0.0,0.0,0.0,0.0,0.0
2025/12/23,03:13:25,0,0.0,199.0,463.0,241.0,12.0,200.0,2.0,1.0,0.0,0.0,0.0,0.0
2025/12/23,03:13:30,0,0.0,193.0,461.0,240.0,38.0,199.0,8.0,5.0,0.0,0.0,0.0,-0.0008
2025/12/23,03:13:35,0,0.0,191.0,463.0,240.0,29.0,200.0,7.0,4.0,0.0,0.0,0.0,0.0
2025/12/23,03:13:40,0,0.0,204.0,463.0,240.0,10.0,200.0,2.0,1.0,0.0,0.0,0.0,0.0
2025/12/23,03:13:45,0,0.0,196.0,462.0,239.0,37.0,200.0,8.0,5.0,0.0,0.0,0.0,0.0
2025/12/23,03:13:50,0,0.0,202.0,463.0,239.0,15.0,200.0,5.0,2.0,0.0,0.0,0.0,0.0
2025/12/23,03:13:55,0,0.0,208.0,464.0,241.0,11.0,201.0,3.0,0.0,0.0,0.0,0.0,0.0
2025/12/23,03:14:00,0,0.0,196.0,464.0,241.0,15.0,201.0,2.0,1.0,0.0,0.0,0.0,0.0
2025/12/23,03:14:05,0,0.0,195.0,464.0,240.0,27.0,200.0,6.0,4.0,0.0,0.0,0.0,0.0
2025/12/23,03:14:10,0,0.0,195.0,463.0,240.0,31.0,200.0,6.0,4.0,0.0,0.0,0.0,-0.0008
2025/12/23,03:14:15,0,0.0,193.0,463.0,240.0,38.0,201.0,8.0,5.0,0.0,0.0,0.0,0.0
2025/12/23,03:14:20,0,0.0,194.0,462.0,240.0,37.0,199.0,8.0,5.0,0.0,0.0,0.0,0.0
2025/12/23,03:14:25,0,0.0,199.0,463.0,240.0,21.0,200.0,6.0,3.0,0.0,0.0,0.0,0.0
2025/12/23,03:14:30,0,0.0,195.0,463.0,240.0,21.0,200.0,5.0,2.0,0.0,0.0,0.0,0.0
2025/12/23,03:14:35,0,0.0,200.0,463.0,240.0,20.0,201.0,6.0,2.0,0.0,0.0,0.0,-0.0008
2025/12/23,03:14:40,0,0.0,193.0,461.0,240.0,31.0,200.0,6.0,4.0,0.0,0.0,0.0,0.0
2025/12/23,03:14:45,0,0.0,201.0,462.0,240.0,20.0,200.0,5.0,2.0,0.0,0.0,0.0,0.0
2025/12/23,03:14:50,0,0.0,196.0,463.0,240.0,24.0,201.0,5.0,3.0,0.0,0.0,0.0,-0.0008
2025/12/23,03:14:55,0,0.0,196.0,463.0,239.0,26.0,199.0,7.0,3.0,0.0,0.0,0.0,-0.0008
2025/12/23,03:15:00,0,0.0,196.0,465.0,240.0,17.0,200.0,3.0,2.0,0.0,0.0,0.0,0.0
2025/12/23,03:15:05,0,0.0,196.0,463.0,238.0,27.0,199.0,7.0,3.0,0.0,0.0,0.0,0.0
2025/12/23,03:15:10,0,0.0,196.0,463.0,240.0,26.0,200.0,5.0,3.0,0.0,0.0,0.0,0.0
2025/12/23,03:15:15,0,0.0,201.0,463.0,240.0,20.0,201.0,5.0,2.0,0.0,0.0,0.0,0.0
2025/12/23,03:15:20,0,0.0,196.0,463.0,240.0,22.0,200.0,5.0,2.0,0.0,0.0,0.0,0.0
2025/12/23,03:15:25,0,0.0,187.0,463.0,239.0,37.0,200.0,8.0,5.0,0.0,0.0,0.0,-0.0008
2025/12/23,03:15:30,0,0.0,211.0,463.0,239.0,9.0,201.0,2.0,0.0,0.0,0.0,0.0,-0.0008
2025/12/23,03:15:35,0,0.0,192.0,462.0,240.0,35.0,200.0,7.0,4.0,0.0,0.0,0.0,0.0
2025/12/23,03:15:40,0,0.0,197.0,463.0,240.0,25.0,201.0,6.0,2.0,0.0,0.0,0.0,0.0
2025/12/23,03:15:45,0,0.0,197.0,462.0,240.0,18.0,199.0,4.0,1.0,0.0,0.0,0.0,0.0
2025/12/23,03:15:50,0,0.0,188.0,463.0,241.0,36.0,200.0,8.0,5.0,0.0,0.0,0.0,0.0
2025/12/23,03:15:55,0,0.0,204.0,463.0,240.0,10.0,201.0,2.0,0.0,0.0,0.0,0.0,0.0
2025/12/23,03:16:00,0,0.0,195.0,463.0,240.0,38.0,201.0,8.0,5.0,0.0,0.0,0.0,0.0
2025/12/23,03:16:05,0,0.0,214.0,464.0,240.0,12.0,201.0,3.0,1.0,0.0,0.0,0.0,0.0
2025/12/23,03:16:10,0,0.0,198.0,462.0,239.0,38.0,201.0,8.0,5.0,0.0,0.0,0.0,0.0
2025/12/23,03:16:15,0,0.0,207.0,464.0,241.0,9.0,199.0,3.0,0.0,0.0,0.0,0.0,0.0
2025/12/23,03:16:20,0,0.0,184.0,462.0,240.0,38.0,199.0,8.0,5.0,0.0,0.0,0.0,0.0
2025/12/23,03:16:25,0,0.0,192.0,462.0,240.0,37.0,201.0,8.0,5.0,0.0,0.0,0.0,0.0
2025/12/23,03:16:30,0,0.0,207.0,463.0,240.0,7.0,200.0,2.0,0.0,0.0,0.0,0.0,0.0
2025/12/23,03:16:35,0,0.0,191.0,464.0,240.0,35.0,203.0,9.0,4.0,0.0,0.0,0.0,0.0
2025/12/23,03:16:40,0,0.0,196.0,462.0,239.0,38.0,200.0,8.0,4.0,0.0,0.0,0.0,0.0
2025/12/23,03:16:45,0,0.0,200.0,464.0,240.0,9.0,201.0,3.0,1.0,0.0,0.0,0.0,0.0
2025/12/23,03:16:50,0,0.0,207.0,462.0,240.0,12.0,200.0,4.0,2.0,0.0,0.0,0.0,0.0
2025/12/23,03:16:55,0,0.0,190.0,461.0,240.0,40.0,200.0,9.0,4.0,0.0,0.0,0.0,0.0
2025/12/23,03:17:00,0,0.0,192.0,463.0,240.0,33.0,200.0,7.0,5.0,0.0,0.0,0.0,0.0
2025/12/23,03:17:05,0,0.0,202.0,464.0,240.0,8.0,200.0,3.0,0.0,0.0,0.0,0.0,0.0
2025/12/23,03:17:10,0,0.0,212.0,463.0,242.0,13.0,199.0,4.0,0.0,0.0,0.0,0.0,0.0
2025/12/23,03:18:00,0,0.0,200.0,463.0,240.0,20.0,201.0,5.0,2.0,0.0,0.0,0.0,0.0
2025/12/23,03:18:04,0,0.0,212.0,463.0,240.0,12.0,200.0,3.0,1.0,0.0,0.0,0.0,-0.0008
2025/12/23,03:18:09,0,0.0,187.0,463.0,240.0,39.0,200.0,9.0,5.0,0.0,0.0,0.0,0.0
2025/12/23,03:18:14,0,0.0,192.0,459.0,240.0,40.0,200.0,8.0,5.0,0.0,0.0,0.0,0.0
2025/12/23,03:18:19,0,0.0,197.0,462.0,240.0,11.0,199.0,3.0,1.0,0.0,0.0,0.0,0.0
2025/12/23,03:18:24,0,0.0,211.0,463.0,240.0,11.0,200.0,4.0,1.0,0.0,0.0,0.0,0.0
2025/12/23,03:18:29,0,0.0,186.0,462.0,238.0,39.0,201.0,8.0,6.0,0.0,0.0,0.0,0.0
2025/12/23,03:18:34,0,0.0,194.0,463.0,240.0,37.0,200.0,8.0,5.0,0.0,0.0,0.0,0.0
2025/12/23,03:18:39,0,0.0,207.0,464.0,240.0,7.0,199.0,3.0,0.0,0.0,0.0,0.0,0.0
2025/12/23,03:18:44,0,0.0,185.0,462.0,240.0,39.0,200.0,9.0,5.0,0.0,0.0,0.0,0.0
2025/12/23,03:18:49,0,0.0,194.0,462.0,240.0,32.0,201.0,6.0,4.0,0.0,0.0,0.0,0.0
2025/12/23,03:18:54,0,0.0,204.0,464.0,240.0,9.0,201.0,2.0,0.0,0.0,0.0,0.0,-0.0008
2025/12/23,03:18:59,0,0.0,202.0,462.0,241.0,16.0,200.0,4.0,1.0,0.0,0.0,0.0,0.0
2025/12/23,03:19:04,0,0.0,191.0,464.0,240.0,41.0,200.0,8.0,6.0,0.0,0.0,0.0,0.0
2025/12/23,03:19:09,0,0.0,195.0,463.0,240.0,19.0,199.0,4.0,1.0,0.0,0.0,0.0,0.0
2025/12/23,03:19:14,0,0.0,209.0,463.0,240.0,9.0,198.0,3.0,1.0,0.0,0.0,0.0,0.0
2025/12/23,03:19:19,0,0.0,193.0,463.0,239.0,41.0,199.0,9.0,5.0,0.0,0.0,0.0,0.0
2025/12/23,03:19:24,0,0.0,195.0,463.0,240.0,26.0,201.0,5.0,3.0,0.0,0.0,0.0,0.0
2025/12/23,03:19:29,0,0.0,213.0,464.0,240.0,11.0,200.0,3.0,1.0,0.0,0.0,0.0,0.0
2025/12/23,03:19:34,0,0.0,192.0,462.0,238.0,35.0,199.0,9.0,3.0,0.0,0.0,0.0,0.0
2025/12/23,03:19:39,0,0.0,196.0,463.0,242.0,37.0,199.0,8.0,4.0,0.0,0.0,0.0,0.0
2025/12/23,03:19:44,0,0.0,196.0,464.0,241.0,8.0,198.0,3.0,0.0,0.0,0.0,0.0,0.0
2025/12/23,03:19:49,0,0.0,212.0,461.0,240.0,10.0,199.0,3.0,0.0,0.0,0.0,0.0,0.0
2025/12/23,03:19:54,0,0.0,185.0,463.0,240.0,39.0,201.0,8.0,5.0,0.0,0.0,0.0,-0.0008
2025/12/23,03:19:59,0,0.0,194.0,462.0,240.0,31.0,200.0,7.0,4.0,0.0,0.0,0.0,0.0
2025/12/23,03:20:04,0,0.0,214.0,463.0,241.0,10.0,199.0,4.0,0.0,0.0,0.0,0.0,-0.0008
2025/12/23,03:20:09,0,0.0,187.0,462.0,239.0,40.0,201.0,8.0,5.0,0.0,0.0,0.0,-0.0008
2025/12/23,03:20:14,0,0.0,191.0,462.0,240.0,37.0,200.0,8.0,4.0,0.0,0.0,0.0,0.0
2025/12/23,03:20:19,0,0.0,208.0,463.0,240.0,8.0,200.0,3.0,0.0,0.0,0.0,0.0,0.0
2025/12/23,03:20:24,0,0.0,196.0,463.0,241.0,21.0,201.0,6.0,2.0,0.0,0.0,0.0,0.0
2025/12/23,03:20:29,0,0.0,196.0,462.0,240.0,41.0,201.0,8.0,5.0,0.0,0.0,0.0,0.0
2025/12/23,03:20:34,0,0.0,203.0,463.0,240.0,9.0,201.0,2.0,1.0,0.0,0.0,0.0,0.0
2025/12/23,03:20:39,0,0.0,187.0,462.0,239.0,39.0,200.0,7.0,6.0,0.0,0.0,0.0,0.0
2025/12/23,03:20:44,0,0.0,197.0,460.0,240.0,12.0,198.0,3.0,1.0,0.0,0.0,0.0,0.0
2025/12/23,03:20:49,0,0.0,188.0,463.0,240.0,38.0,201.0,9.0,5.0,0.0,0.0,0.0,0.0
2025/12/23,03:20:54,0,0.0,209.0,463.0,240.0,10.0,201.0,2.0,0.0,0.0,0.0,0.0,0.0
2025/12/23,03:20:59,0,0.0,191.0,463.0,240.0,42.0,200.0,7.0,5.0,0.0,0.0,0.0,0.0
2025/12/23,03:21:04,0,0.0,204.0,464.0,240.0,14.0,200.0,4.0,0.0,0.0,0.0,0.0,-0.0008
2025/12/23,03:21:09,0,0.0,193.0,462.0,240.0,32.0,199.0,6.0,4.0,0.0,0.0,0.0,0.0
2025/12/23,03:21:14,0,0.0,201.0,461.0,240.0,16.0,198.0,5.0,1.0,0.0,0.0,0.0,0.0
2025/12/23,03:21:19,0,0.0,191.0,462.0,238.0,38.0,199.0,9.0,5.0,0.0,0.0,0.0,0.0
2025/12/23,03:21:24,0,0.0,214.0,464.0,240.0,11.0,199.0,3.0,0.0,0.0,0.0,0.0,0.0
2025/12/23,03:21:29,0,0.0,195.0,461.0,240.0,40.0,199.0,8.0,5.0,0.0,0.0,0.0,0.0
2025/12/23,03:21:34,0,0.0,202.0,461.0,240.0,9.0,199.0,3.0,0.0,0.0,0.0,0.0,0.0
2025/12/23,03:21:39,0,0.0,188.0,463.0,241.0,38.0,201.0,8.0,6.0,0.0,0.0,0.0,0.0
2025/12/23,03:21:44,0,0.0,197.0,463.0,240.0,12.0,201.0,2.0,1.0,0.0,0.0,0.0,0.0
2025/12/23,03:21:49,0,0.0,188.0,459.0,240.0,38.0,201.0,8.0,5.0,0.0,0.0,0.0,0.0
2025/12/23,03:21:54,0,0.0,200.0,464.0,240.0,9.0,201.0,2.0,1.0,0.0,0.0,0.0,0.0
2025/12/23,03:21:59,0,0.0,187.0,462.0,240.0,38.0,198.0,9.0,6.0,0.0,0.0,0.0,-0.0008
2025/12/23,03:22:04,0,0.0,197.0,463.0,241.0,9.0,199.0,2.0,1.0,0.0,0.0,0.0,0.0
2025/12/23,03:22:09,0,0.0,187.0,462.0,240.0,38.0,201.0,8.0,5.0,0.0,0.0,0.0,0.0
2025/12/23,03:22:14,0,0.0,200.0,464.0,240.0,11.0,200.0,2.0,1.0,0.0,0.0,0.0,0.0
2025/12/23,03:22:19,0,0.0,192.0,461.0,240.0,40.0,199.0,9.0,6.0,0.0,0.0,0.0,0.0
2025/12/23,03:22:24,0,0.0,215.0,463.0,239.0,11.0,199.0,4.0,0.0,0.0,0.0,0.0,0.0
2025/12/23,03:22:29,0,0.0,197.0,465.0,240.0,39.0,201.0,8.0,5.0,0.0,0.0,0.0,-0.0008
2025/12/23,03:22:34,0,0.0,202.0,461.0,240.0,10.0,200.0,3.0,0.0,0.0,0.0,0.0,0.0
2025/12/23,03:22:39,0,0.0,191.0,462.0,240.0,33.0,200.0,7.0,4.0,0.0,0.0,0.0,0.0
2025/12/23,03:22:44,0,0.0,195.0,462.0,238.0,29.0,201.0,6.0,3.0,0.0,0.0,0.0,0.0
2025/12/23,03:22:49,0,0.0,210.0,463.0,238.0,12.0,200.0,3.0,0.0,0.0,0.0,0.0,0.0
2025/12/23,03:22:54,0,0.0,192.0,461.0,240.0,41.0,200.0,9.0,5.0,0.0,0.0,0.0,0.0
2025/12/23,03:22:59,0,0.0,199.0,464.0,239.0,10.0,200.0,3.0,1.0,0.0,0.0,0.0,0.0
2025/12/23,03:23:04,0,1.0,202.0,462.0,240.0,19.0,199.0,6.0,2.0,0.0,0.0,0.0,0.0
2025/12/23,03:23:09,0,0.0,197.0,461.0,240.0,39.0,199.0,8.0,5.0,0.0,0.0,0.0,0.0
2025/12/23,03:23:14,0,0.0,202.0,462.0,240.0,10.0,199.0,3.0,0.0,0.0,0.0,0.0,0.0
2025/12/23,03:23:19,0,0.0,202.0,461.0,240.0,15.0,200.0,4.0,1.0,0.0,0.0,0.0,0.0
2025/12/23,03:23:24,0,0.0,192.0,462.0,239.0,41.0,200.0,9.0,5.0,0.0,0.0,0.0,0.0
2025/12/23,03:23:29,0,0.0,195.0,462.0,240.0,35.0,199.0,8.0,5.0,0.0,0.0,0.0,0.0
2025/12/23,03:23:34,0,0.0,196.0,463.0,242.0,9.0,200.0,3.0,1.0,0.0,0.0,0.0,0.0
2025/12/23,03:23:39,0,0.0,213.0,464.0,238.0,9.0,200.0,3.0,1.0,0.0,0.0,0.0,0.0
2025/12/23,03:23:44,0,0.0,201.0,464.0,240.0,18.0,201.0,4.0,2.0,0.0,0.0,0.0,0.0
2025/12/23,03:23:49,0,0.0,188.0,462.0,240.0,42.0,201.0,8.0,5.0,0.0,0.0,0.0,0.0
2025/12/23,03:24:39,0,0.0,200.0,463.0,240.0,23.0,200.0,4.0,1.0,0.0,0.0,0.0,0.0
2025/12/23,03:24:43,0,0.0,187.0,459.0,239.0,45.0,199.0,10.0,5.0,0.0,0.0,0.0,0.0
2025/12/23,03:24:48,0,0.0,191.0,462.0,240.0,40.0,200.0,7.0,4.0,0.0,0.0,0.0,0.0
2025/12/23,03:24:53,0,0.0,197.0,464.0,239.0,16.0,200.0,3.0,1.0,0.0,0.0,0.0,0.0
2025/12/23,03:24:58,0,0.0,206.0,464.0,240.0,8.0,200.0,3.0,0.0,0.0,0.0,0.0,0.0
2025/12/23,03:25:03,0,0.0,208.0,462.0,240.0,12.0,199.0,4.0,1.0,0.0,0.0,0.0,0.0
2025/12/23,03:25:08,0,0.0,189.0,462.0,239.0,40.0,200.0,9.0,5.0,0.0,0.0,0.0,0.0
2025/12/23,03:25:13,0,0.0,190.0,462.0,240.0,40.0,199.0,9.0,5.0,0.0,0.0,0.0,-0.0008
2025/12/23,03:25:18,0,0.0,194.0,464.0,239.0,24.0,200.0,5.0,3.0,0.0,0.0,0.0,0.0
2025/12/23,03:25:23,0,0.0,203.0,464.0,238.0,9.0,199.0,3.0,0.0,0.0,0.0,0.0,-0.0008
2025/12/23,03:25:28,0,0.0,206.0,462.0,239.0,12.0,200.0,3.0,1.0,0.0,0.0,0.0,0.0
2025/12/23,03:25:33,0,0.0,188.0,462.0,240.0,39.0,200.0,8.0,5.0,0.0,0.0,0.0,0.0
2025/12/23,03:25:38,0,0.0,191.0,462.0,240.0,44.0,201.0,9.0,4.0,0.0,0.0,0.0,0.0
2025/12/23,03:25:43,0,0.0,200.0,464.0,241.0,9.0,199.0,3.0,0.0,0.0,0.0,0.0,0.0
2025/12/23,03:25:48,0,0.0,207.0,464.0,239.0,13.0,199.0,4.0,1.0,0.0,0.0,0.0,0.0
2025/12/23,03:25:53,0,0.0,188.0,462.0,239.0,41.0,200.0,8.0,6.0,0.0,0.0,0.0,0.0
2025/12/23,03:25:58,0,0.0,193.0,460.0,240.0,33.0,199.0,7.0,4.0,0.0,0.0,0.0,0.0
2025/12/23,03:26:03,0,0.0,207.0,464.0,240.0,10.0,201.0,2.0,0.0,0.0,0.0,0.0,0.0
2025/12/23,03:26:08,0,0.0,197.0,460.0,240.0,23.0,198.0,5.0,3.0,0.0,0.0,0.0,0.0
2025/12/23,03:26:13,0,0.0,192.0,462.0,240.0,42.0,200.0,8.0,5.0,0.0,0.0,0.0,0.0
2025/12/23,03:26:18,0,0.0,193.0,462.0,240.0,36.0,201.0,7.0,4.0,0.0,0.0,0.0,0.0
2025/12/23,03:26:23,0,0.0,201.0,463.0,239.0,10.0,200.0,3.0,1.0,0.0,0.0,0.0,0.0
2025/12/23,03:26:28,0,0.0,209.0,464.0,241.0,11.0,201.0,3.0,1.0,0.0,0.0,0.0,0.0
2025/12/23,03:26:33,0,0.0,188.0,462.0,241.0,39.0,200.0,8.0,5.0,0.0,0.0,0.0,0.0
2025/12/23,03:26:38,0,0.0,192.0,463.0,245.0,37.0,201.0,8.0,5.0,0.0,0.0,0.0,-0.0008
2025/12/23,03:26:43,0,0.0,200.0,464.0,240.0,10.0,200.0,2.0,1.0,0.0,0.0,0.0,0.0
2025/12/23,03:26:48,0,0.0,204.0,461.0,240.0,15.0,200.0,5.0,1.0,0.0,0.0,0.0,0.0
2025/12/23,03:26:53,0,0.0,193.0,463.0,241.0,39.0,201.0,9.0,6.0,0.0,0.0,0.0,0.0
2025/12/23,03:26:58,0,0.0,194.0,460.0,239.0,26.0,199.0,6.0,2.0,0.0,0.0,0.0,0.0
2025/12/23,03:27:03,0,0.0,212.0,464.0,240.0,12.0,201.0,3.0,0.0,0.0,0.0,0.0,0.0
2025/12/23,03:27:08,0,0.0,192.0,462.0,239.0,33.0,199.0,8.0,4.0,0.0,0.0,0.0,0.0
2025/12/23,03:27:13,0,0.0,194.0,462.0,240.0,38.0,201.0,8.0,5.0,0.0,0.0,0.0,0.0
2025/12/23,03:27:18,0,0.0,199.0,461.0,240.0,11.0,199.0,4.0,0.0,0.0,0.0,0.0,0.0
2025/12/23,03:27:23,0,0.0,208.0,463.0,241.0,10.0,201.0,4.0,0.0,0.0,0.0,0.0,0.0
2025/12/23,03:27:28,0,0.0,186.0,460.0,239.0,37.0,200.0,8.0,4.0,0.0,0.0,-0.0008,0.0
2025/12/23,03:27:33,0,0.0,194.0,462.0,239.0,40.0,200.0,8.0,5.0,0.0,0.0,0.0,0.0
2025/12/23,03:27:38,0,0.0,191.0,462.0,239.0,39.0,200.0,9.0,6.0,0.0,0.0,0.0,0.0
2025/12/23,03:27:43,0,0.0,193.0,462.0,239.0,35.0,199.0,8.0,4.0,0.0,0.0,0.0,0.0
2025/12/23,03:27:48,0,0.0,194.0,463.0,240.0,43.0,200.0,10.0,5.0,0.0,0.0,0.0,0.0
2025/12/23,03:27:53,0,0.0,192.0,462.0,240.0,38.0,200.0,9.0,5.0,0.0,0.0,0.0,0.0
2025/12/23,03:27:58,0,0.0,213.0,462.0,240.0,12.0,199.0,4.0,0.0,0.0,0.0,0.0,0.0
2025/12/23,03:28:03,0,0.0,209.0,467.0,241.0,11.0,201.0,3.0,1.0,0.0,0.0,0.0,0.0
2025/12/23,03:28:08,0,0.0,207.0,464.0,240.0,12.0,201.0,3.0,1.0,0.0,0.0,0.0,0.0
2025/12/23,03:28:13,0,0.0,209.0,462.0,240.0,15.0,200.0,4.0,1.0,0.0,0.0,0.0,-0.0008
2025/12/23,03:28:18,0,0.0,208.0,464.0,240.0,17.0,201.0,3.0,0.0,0.0,0.0,0.0,0.0
2025/12/23,03:28:23,0,0.0,208.0,463.0,242.0,14.0,198.0,4.0,0.0,0.0,0.0,0.0,-0.0008
2025/12/23,03:28:28,0,0.0,214.0,463.0,239.0,15.0,200.0,3.0,0.0,0.0,0.0,0.0,0.0
2025/12/23,03:28:33,0,0.0,207.0,463.0,238.0,11.0,200.0,3.0,0.0,0.0,0.0,0.0,0.0
2025/12/23,03:28:38,0,0.0,196.0,462.0,238.0,18.0,199.0,5.0,1.0,0.0,0.0,0.0,0.0
2025/12/23,03:28:43,0,0.0,190.0,462.0,240.0,39.0,200.0,8.0,6.0,0.0,0.0,0.0,0.0
2025/12/23,03:28:48,0,0.0,191.0,462.0,238.0,40.0,200.0,9.0,5.0,0.0,0.0,0.0,0.0
2025/12/23,03:28:53,0,0.0,194.0,463.0,240.0,24.0,200.0,6.0,3.0,0.0,0.0,0.0,-0.0008
2025/12/23,03:28:58,0,0.0,208.0,464.0,240.0,11.0,198.0,4.0,1.0,0.0,0.0,0.0,0.0
2025/12/23,03:29:03,0,0.0,213.0,463.0,240.0,14.0,199.0,4.0,0.0,0.0,0.0,0.0,0.0
2025/12/23,03:29:08,0,0.0,209.0,462.0,240.0,12.0,201.0,3.0,0.0,0.0,0.0,0.0,0.0
2025/12/23,03:29:13,0,0.0,206.0,464.0,240.0,10.0,201.0,2.0,1.0,0.0,0.0,0.0,0.0
2025/12/23,03:29:18,0,0.0,201.0,461.0,240.0,11.0,198.0,3.0,1.0,0.0,0.0,0.0,0.0
2025/12/23,03:29:23,0,0.0,200.0,463.0,240.0,11.0,201.0,3.0,1.0,0.0,0.0,0.0,0.0
2025/12/23,03:29:28,0,0.0,198.0,461.0,240.0,12.0,200.0,3.0,1.0,0.0,0.0,0.0,0.0
2025/12/23,03:29:33,0,0.0,200.0,463.0,240.0,11.0,200.0,3.0,1.0,0.0,0.0,0.0,0.0
2025/12/23,03:29:38,0,0.0,203.0,464.0,239.0,8.0,201.0,3.0,0.0,0.0,0.0,0.0,0.0
2025/12/23,03:29:43,0,0.0,201.0,462.0,240.0,11.0,199.0,3.0,0.0,0.0,0.0,0.0,0.0
2025/12/23,03:29:48,0,0.0,199.0,463.0,240.0,11.0,198.0,3.0,1.0,0.0,0.0,-0.0008,-0.0008
2025/12/23,03:29:53,0,0.0,205.0,463.0,239.0,8.0,201.0,2.0,0.0,0.0,0.0,0.0,0.0
2025/12/23,03:29:58,0,0.0,202.0,464.0,240.0,17.0,201.0,3.0,1.0,0.0,0.0,0.0,0.0
2025/12/23,03:30:03,0,0.0,194.0,462.0,240.0,40.0,200.0,9.0,5.0,0.0,0.0,0.0,0.0
2025/12/23,03:30:08,0,0.0,195.0,461.0,240.0,25.0,200.0,6.0,3.0,0.0,0.0,0.0,0.0
2025/12/23,03:30:13,0,0.0,208.0,463.0,241.0,8.0,200.0,3.0,0.0,0.0,0.0,0.0,0.0
2025/12/23,03:30:18,0,0.0,208.0,464.0,240.0,13.0,199.0,3.0,1.0,0.0,0.0,0.0,0.0
2025/12/23,03:30:23,0,0.0,186.0,462.0,240.0,38.0,200.0,8.0,4.0,0.0,0.0,0.0,0.0
2025/12/23,03:30:28,0,0.0,191.0,461.0,242.0,36.0,200.0,7.0,3.0,0.0,0.0,0.0,0.0
2025/12/23,03:30:33,0,0.0,202.0,463.0,239.0,8.0,198.0,3.0,0.0,0.0,0.0,0.0,0.0
2025/12/23,03:30:38,0,0.0,198.0,462.0,239.0,23.0,200.0,5.0,2.0,0.0,0.0,0.0,0.0
2025/12/23,03:30:43,0,0.0,197.0,462.0,238.0,39.0,199.0,9.0,4.0,0.0,0.0,0.0,0.0
2025/12/23,03:30:48,0,0.0,205.0,463.0,240.0,10.0,201.0,3.0,0.0,0.0,0.0,0.0,0.0
2025/12/23,03:30:53,0,0.0,191.0,459.0,240.0,40.0,199.0,9.0,5.0,0.0,0.0,0.0,0.0
2025/12/23,03:30:58,0,0.0,197.0,463.0,240.0,10.0,201.0,3.0,0.0,0.0,0.0,0.0,0.0
2025/12/23,03:31:03,0,0.0,186.0,461.0,239.0,40.0,199.0,9.0,5.0,0.0,0.0,0.0,0.0
2025/12/23,03:31:08,0,0.0,207.0,463.0,240.0,10.0,200.0,3.0,0.0,0.0,0.0,0.0,0.0
2025/12/23,03:31:13,0,0.0,193.0,462.0,240.0,39.0,199.0,9.0,5.0,0.0,0.0,0.0,-0.0008
2025/12/23,03:31:18,0,0.0,201.0,463.0,240.0,18.0,201.0,4.0,1.0,0.0,0.0,0.0,0.0
2025/12/23,03:31:23,0,0.0,197.0,464.0,240.0,14.0,201.0,3.0,1.0,0.0,0.0,0.0,0.0
2025/12/23,03:31:28,0,0.0,191.0,459.0,240.0,41.0,200.0,9.0,5.0,0.0,0.0,0.0,0.0
2025/12/23,03:31:33,0,0.0,207.0,464.0,241.0,9.0,198.0,4.0,0.0,0.0,0.0,0.0,0.0
2025/12/23,03:31:38,0,0.0,195.0,462.0,240.0,17.0,199.0,4.0,1.0,0.0,0.0,0.0,0.0
2025/12/23,03:31:43,0,0.0,198.0,462.0,240.0,39.0,201.0,8.0,5.0,0.0,0.0,0.0,0.0
2025/12/23,03:31:48,0,0.0,187.0,462.0,240.0,37.0,200.0,8.0,5.0,0.0,0.0,0.0,0.0
2025/12/23,03:31:53,0,0.0,215.0,463.0,240.0,12.0,201.0,4.0,1.0,0.0,0.0,0.0,0.0
2025/12/23,03:31:58,0,0.0,194.0,463.0,241.0,27.0,201.0,6.0,3.0,0.0,0.0,0.0,-0.0008
2025/12/23,03:32:03,0,0.0,190.0,462.0,240.0,40.0,201.0,8.0,5.0,0.0,0.0,0.0,0.0
2025/12/23,03:32:08,0,0.0,199.0,463.0,239.0,19.0,200.0,5.0,2.0,0.0,0.0,0.0,0.0
2025/12/23,03:32:13,0,0.0,213.0,463.0,240.0,10.0,200.0,2.0,0.0,0.0,0.0,0.0,0.0
2025/12/23,03:32:18,0,0.0,203.0,463.0,239.0,11.0,199.0,3.0,0.0,0.0,0.0,0.0,0.0
2025/12/23,03:32:23,0,0.0,197.0,463.0,239.0,15.0,199.0,4.0,1.0,0.0,0.0,0.0,-0.0008
2025/12/23,03:32:28,0,0.0,196.0,463.0,240.0,19.0,199.0,5.0,2.0,0.0,0.0,0.0,0.0
2025/12/23,03:32:33,0,0.0,196.0,463.0,240.0,13.0,201.0,3.0,1.0,0.0,0.0,0.0,0.0
2025/12/23,03:32:38,0,0.0,199.0,464.0,240.0,9.0,201.0,3.0,0.0,0.0,0.0,0.0,0.0
2025/12/23,03:32:43,0,0.0,210.0,464.0,240.0,10.0,199.0,4.0,0.0,0.0,0.0,0.0,0.0
2025/12/23,03:32:48,0,0.0,207.0,463.0,240.0,12.0,200.0,3.0,1.0,0.0,0.0,0.0,0.0
2025/12/23,03:32:53,0,0.0,186.0,459.0,240.0,42.0,199.0,9.0,5.0,0.0,0.0,0.0,0.0
2025/12/23,03:32:58,0,0.0,194.0,460.0,240.0,29.0,198.0,6.0,3.0,0.0,0.0,0.0,0.0
2025/12/23,03:33:03,0,0.0,206.0,464.0,240.0,10.0,200.0,3.0,1.0,0.0,0.0,0.0,0.0
2025/12/23,03:33:08,0,0.0,199.0,461.0,240.0,38.0,200.0,8.0,5.0,0.0,0.0,0.0,-0.0008
2025/12/23,03:33:13,0,0.0,203.0,463.0,240.0,9.0,199.0,3.0,0.0,0.0,0.0,0.0,0.0
2025/12/23,03:33:18,0,0.0,203.0,463.0,241.0,19.0,200.0,5.0,2.0,0.0,0.0,0.0,0.0
2025/12/23,03:33:23,0,0.0,193.0,461.0,240.0,42.0,198.0,9.0,5.0,0.0,0.0,0.0,0.0
2025/12/23,03:33:28,0,0.0,195.0,464.0,240.0,21.0,201.0,5.0,2.0,0.0,0.0,0.0,0.0
2025/12/23,03:33:33,0,0.0,210.0,463.0,238.0,8.0,200.0,2.0,0.0,0.0,0.0,0.0,0.0
2025/12/23,03:33:38,0,0.0,191.0,464.0,238.0,31.0,199.0,7.0,3.0,0.0,0.0,0.0,0.0
2025/12/23,03:33:43,0,0.0,190.0,462.0,241.0,41.0,198.0,9.0,5.0,0.0,0.0,0.0,0.0
2025/12/23,03:33:48,0,0.0,207.0,464.0,240.0,9.0,200.0,2.0,0.0,0.0,0.0,0.0,0.0
2025/12/23,03:33:53,0,0.0,189.0,461.0,240.0,39.0,200.0,9.0,5.0,-0.0008,0.0,0.0,0.0
2025/12/23,03:33:58,0,0.0,196.0,464.0,240.0,17.0,201.0,4.0,1.0,0.0,0.0,0.0,-0.0008
2025/12/23,03:34:03,0,0.0,202.0,463.0,240.0,13.0,200.0,5.0,2.0,0.0,0.0,0.0,0.0
2025/12/23,03:34:08,0,0.0,189.0,461.0,240.0,40.0,201.0,7.0,5.0,0.0,0.0,0.0,0.0
2025/12/23,03:34:13,0,0.0,212.0,464.0,240.0,9.0,200.0,2.0,0.0,0.0,0.0,0.0,0.0
2025/12/23,03:34:18,0,0.0,190.0,462.0,240.0,42.0,199.0,10.0,5.0,0.0,0.0,0.0,0.0
2025/12/23,03:34:23,0,0.0,194.0,463.0,239.0,15.0,200.0,3.0,1.0,0.0,0.0,0.0,0.0
2025/12/23,03:34:28,0,0.0,203.0,463.0,240.0,20.0,199.0,5.0,1.0,0.0,0.0,0.0,0.0
2025/12/23,03:34:33,0,0.0,189.0,462.0,239.0,40.0,200.0,8.0,5.0,0.0,0.0,0.0,0.0
2025/12/23,03:35:11,0,0.0,191.0,462.0,240.0,44.0,201.0,10.0,6.0,0.0,0.0,0.0,0.0
2025/12/23,03:35:14,0,0.0,198.0,463.0,239.0,8.0,202.0,3.0,1.0,0.0,0.0,0.0,0.0
2025/12/23,03:35:19,0,0.0,191.0,462.0,240.0,39.0,201.0,9.0,5.0,0.0,0.0,0.0,0.0
2025/12/23,03:35:24,0,0.0,205.0,464.0,240.0,9.0,201.0,3.0,0.0,0.0,0.0,0.0,0.0
2025/12/23,03:35:29,0,0.0,194.0,462.0,240.0,42.0,200.0,9.0,6.0,0.0,0.0,0.0,0.0
2025/12/23,03:35:34,0,0.0,212.0,463.0,240.0,11.0,200.0,2.0,0.0,0.0,0.0,0.0,0.0
2025/12/23,03:35:39,0,0.0,191.0,462.0,239.0,38.0,201.0,8.0,5.0,0.0,0.0,0.0,0.0
2025/12/23,03:35:44,0,0.0,196.0,462.0,239.0,20.0,201.0,5.0,2.0,0.0,0.0,0.0,0.0
2025/12/23,03:35:49,0,0.0,200.0,464.0,240.0,11.0,200.0,2.0,1.0,0.0,0.0,0.0,0.0
2025/12/23,03:35:54,0,0.0,197.0,463.0,240.0,37.0,201.0,8.0,5.0,0.0,0.0,0.0,0.0
2025/12/23,03:35:59,0,0.0,194.0,463.0,241.0,25.0,200.0,6.0,3.0,0.0,0.0,0.0,0.0
2025/12/23,03:36:04,0,0.0,208.0,463.0,240.0,10.0,201.0,2.0,0.0,0.0,0.0,0.0,0.0
2025/12/23,03:36:09,0,0.0,192.0,461.0,240.0,33.0,201.0,7.0,4.0,0.0,0.0,0.0,0.0
2025/12/23,03:36:14,0,0.0,190.0,462.0,240.0,39.0,200.0,8.0,5.0,0.0,0.0,0.0,0.0
2025/12/23,03:36:19,0,0.0,199.0,461.0,240.0,19.0,200.0,4.0,2.0,0.0,0.0,0.0,0.0
2025/12/23,03:36:24,0,0.0,208.0,464.0,240.0,10.0,201.0,2.0,0.0,0.0,0.0,0.0,0.0
2025/12/23,03:36:29,0,0.0,195.0,463.0,239.0,34.0,198.0,7.0,4.0,0.0,0.0,0.0,0.0
2025/12/23,03:36:34,0,0.0,187.0,462.0,239.0,33.0,201.0,9.0,5.0,0.0,0.0,0.0,0.0
2025/12/23,03:36:39,0,0.0,211.0,463.0,239.0,10.0,199.0,3.0,0.0,0.0,0.0,0.0,0.0
2025/12/23,03:36:44,0,0.0,196.0,463.0,240.0,22.0,200.0,4.0,2.0,0.0,0.0,0.0,0.0
2025/12/23,03:36:49,0,0.0,195.0,464.0,240.0,40.0,198.0,9.0,5.0,0.0,0.0,0.0,0.0
2025/12/23,03:36:54,0,0.0,195.0,461.0,240.0,26.0,201.0,7.0,3.0,0.0,0.0,0.0,0.0
2025/12/23,03:36:59,0,0.0,211.0,464.0,240.0,11.0,200.0,3.0,0.0,0.0,0.0,0.0,0.0
2025/12/23,03:37:04,0,0.0,196.0,463.0,240.0,17.0,199.0,4.0,2.0,0.0,0.0,0.0,0.0
2025/12/23,03:37:09,0,0.0,192.0,462.0,240.0,37.0,201.0,8.0,4.0,0.0,0.0,0.0,0.0
2025/12/23,03:37:14,0,0.0,190.0,462.0,240.0,39.0,200.0,9.0,6.0,0.0,0.0,0.0,0.0
2025/12/23,03:37:19,0,0.0,207.0,461.0,239.0,10.0,201.0,3.0,1.0,0.0,0.0,0.0,0.0
2025/12/23,03:37:24,0,0.0,198.0,463.0,240.0,11.0,199.0,3.0,1.0,0.0,0.0,0.0,0.0
2025/12/23,03:37:29,0,0.0,191.0,461.0,238.0,35.0,201.0,8.0,4.0,0.0,0.0,0.0,0.0
2025/12/23,03:37:34,0,0.0,195.0,462.0,239.0,38.0,201.0,9.0,5.0,0.0,0.0,0.0,0.0
2025/12/23,03:37:39,0,0.0,188.0,460.0,240.0,39.0,200.0,9.0,5.0,0.0,0.0,0.0,0.0
2025/12/23,03:37:44,0,0.0,203.0,463.0,239.0,15.0,200.0,5.0,1.0,0.0,0.0,0.0,0.0
2025/12/23,03:37:49,0,0.0,209.0,463.0,240.0,9.0,201.0,3.0,0.0,0.0,0.0,0.0,0.0
2025/12/23,03:37:54,0,0.0,195.0,462.0,238.0,17.0,200.0,4.0,1.0,0.0,0.0,0.0,-0.0008
2025/12/23,03:37:59,0,0.0,191.0,461.0,238.0,36.0,199.0,8.0,5.0,0.0,0.0,0.0,0.0
2025/12/23,03:38:04,0,0.0,197.0,463.0,240.0,27.0,200.0,7.0,5.0,0.0,0.0,0.0,0.0
2025/12/23,03:38:09,0,0.0,201.0,463.0,239.0,14.0,198.0,4.0,1.0,0.0,0.0,0.0,0.0
2025/12/23,03:38:14,0,0.0,209.0,461.0,240.0,11.0,198.0,3.0,0.0,0.0,0.0,0.0,0.0
2025/12/23,03:38:19,0,0.0,196.0,463.0,239.0,16.0,200.0,4.0,1.0,0.0,0.0,0.0,0.0
2025/12/23,03:38:24,0,0.0,195.0,462.0,240.0,38.0,201.0,8.0,5.0,0.0,0.0,0.0,0.0
2025/12/23,03:38:29,0,0.0,186.0,462.0,240.0,36.0,199.0,9.0,5.0,0.0,0.0,0.0,0.0
2025/12/23,03:38:34,0,0.0,207.0,464.0,239.0,11.0,200.0,3.0,1.0,0.0,0.0,0.0,0.0
2025/12/23,03:38:39,0,0.0,206.0,463.0,241.0,9.0,200.0,2.0,0.0,0.0,0.0,0.0,-0.0008
2025/12/23,03:38:44,0,0.0,194.0,461.0,240.0,26.0,199.0,5.0,3.0,0.0,0.0,0.0,-0.0008
2025/12/23,03:38:49,0,0.0,197.0,463.0,238.0,37.0,200.0,8.0,5.0,0.0,0.0,0.0,0.0
2025/12/23,03:38:54,0,0.0,188.0,462.0,240.0,35.0,201.0,9.0,5.0,0.0,0.0,0.0,0.0
2025/12/23,03:38:59,0,0.0,208.0,464.0,239.0,10.0,201.0,4.0,0.0,0.0,0.0,0.0,0.0
2025/12/23,03:39:04,0,0.0,201.0,463.0,239.0,10.0,198.0,3.0,0.0,0.0,0.0,0.0,0.0
2025/12/23,03:39:09,0,0.0,195.0,461.0,240.0,40.0,199.0,9.0,5.0,0.0,0.0,0.0,0.0
2025/12/23,03:39:14,0,0.0,216.0,464.0,239.0,11.0,201.0,3.0,1.0,0.0,0.0,0.0,0.0
2025/12/23,03:39:19,0,0.0,191.0,461.0,240.0,37.0,200.0,7.0,6.0,0.0,0.0,0.0,0.0
2025/12/23,03:39:24,0,0.0,192.0,463.0,240.0,27.0,201.0,6.0,4.0,0.0,0.0,0.0,0.0
2025/12/23,03:39:29,0,0.0,208.0,462.0,239.0,10.0,199.0,3.0,0.0,0.0,0.0,0.0,0.0
2025/12/23,03:39:34,0,0.0,192.0,462.0,240.0,37.0,200.0,8.0,4.0,0.0,0.0,0.0,0.0
2025/12/23,03:39:39,0,0.0,191.0,463.0,240.0,31.0,201.0,8.0,4.0,0.0,0.0,0.0,0.0
2025/12/23,03:39:44,0,0.0,205.0,464.0,241.0,9.0,199.0,3.0,0.0,0.0,0.0,0.0,-0.0008
2025/12/23,03:39:49,0,0.0,196.0,459.0,240.0,38.0,198.0,8.0,5.0,0.0,0.0,0.0,0.0
2025/12/23,03:39:54,0,0.0,204.0,463.0,240.0,11.0,200.0,3.0,1.0,0.0,0.0,0.0,0.0
2025/12/23,03:39:59,0,0.0,194.0,463.0,239.0,27.0,200.0,5.0,3.0,0.0,0.0,0.0,0.0
2025/12/23,03:40:04,0,0.0,188.0,464.0,241.0,32.0,201.0,7.0,5.0,0.0,0.0,0.0,0.0
2025/12/23,03:40:09,0,0.0,197.0,463.0,240.0,13.0,200.0,3.0,1.0,0.0,0.0,0.0,0.0
2025/12/23,03:40:14,0,0.0,195.0,463.0,242.0,27.0,199.0,7.0,3.0,0.0,0.0,0.0,0.0
2025/12/23,03:40:19,0,0.0,192.0,462.0,240.0,37.0,200.0,7.0,4.0,0.0,0.0,0.0,0.0
2025/12/23,03:40:24,0,0.0,210.0,463.0,240.0,8.0,200.0,3.0,0.0,0.0,0.0,0.0,0.0
2025/12/23,03:40:29,0,0.0,187.0,462.0,240.0,37.0,200.0,8.0,6.0,0.0,0.0,0.0,0.0
2025/12/23,03:40:34,0,0.0,191.0,461.0,239.0,37.0,199.0,8.0,4.0,0.0,0.0,0.0,0.0
2025/12/23,03:40:39,0,0.0,207.0,463.0,240.0,8.0,198.0,3.0,0.0,0.0,0.0,0.0,0.0
2025/12/23,03:40:44,0,0.0,186.0,462.0,240.0,35.0,199.0,8.0,4.0,0.0,0.0,0.0,0.0
2025/12/23,03:40:49,0,0.0,191.0,459.0,240.0,36.0,199.0,8.0,5.0,0.0,0.0,0.0,0.0
2025/12/23,03:40:54,0,0.0,207.0,464.0,240.0,11.0,200.0,3.0,1.0,0.0,0.0,0.0,0.0
2025/12/23,03:40:59,0,0.0,196.0,464.0,239.0,25.0,200.0,6.0,3.0,0.0,0.0,0.0,0.0
2025/12/23,03:41:04,0,0.0,188.0,462.0,239.0,35.0,199.0,9.0,5.0,0.0,0.0,0.0,0.0
2025/12/23,03:41:09,0,0.0,201.0,464.0,240.0,8.0,199.0,3.0,0.0,0.0,0.0,0.0,0.0
2025/12/23,03:41:14,0,0.0,193.0,461.0,242.0,38.0,199.0,9.0,5.0,0.0,0.0,0.0,0.0
2025/12/23,03:41:19,0,0.0,206.0,464.0,240.0,10.0,199.0,3.0,1.0,0.0,0.0,0.0,0.0
2025/12/23,03:41:24,0,0.0,195.0,462.0,239.0,27.0,199.0,6.0,4.0,0.0,0.0,0.0,0.0
2025/12/23,03:41:29,0,0.0,186.0,462.0,240.0,38.0,198.0,9.0,5.0,0.0,0.0,0.0,0.0
2025/12/23,03:41:34,0,0.0,211.0,464.0,238.0,10.0,199.0,3.0,0.0,0.0,0.0,0.0,0.0
2025/12/23,03:41:39,0,0.0,192.0,460.0,240.0,37.0,201.0,7.0,5.0,0.0,0.0,0.0,0.0
2025/12/23,03:41:44,0,0.0,200.0,464.0,239.0,18.0,199.0,4.0,2.0,0.0,0.0,0.0,0.0
2025/12/23,03:41:49,0,0.0,194.0,463.0,239.0,22.0,200.0,5.0,2.0,0.0,0.0,0.0,0.0
2025/12/23,03:41:54,0,1.0,188.0,462.0,240.0,35.0,197.0,8.0,5.0,0.0,0.0,0.0,0.0
2025/12/23,03:41:59,0,0.0,206.0,463.0,240.0,8.0,199.0,2.0,0.0,0.0,0.0,0.0,0.0
2025/12/23,03:42:04,0,0.0,195.0,463.0,240.0,27.0,200.0,6.0,3.0,0.0,0.0,0.0,0.0
2025/12/23,03:42:09,0,0.0,195.0,462.0,240.0,36.0,199.0,8.0,5.0,0.0,0.0,0.0,0.0
2025/12/23,03:42:14,0,0.0,189.0,462.0,240.0,37.0,200.0,9.0,6.0,0.0,0.0,0.0,0.0
2025/12/23,03:42:19,0,0.0,203.0,463.0,239.0,14.0,200.0,4.0,1.0,0.0,0.0,0.0,0.0
2025/12/23,03:42:24,0,0.0,204.0,463.0,240.0,10.0,200.0,3.0,0.0,0.0,0.0,0.0,0.0
2025/12/23,03:42:29,0,0.0,195.0,462.0,240.0,31.0,200.0,7.0,3.0,0.0,0.0,0.0,-0.0008
2025/12/23,03:42:34,0,0.0,191.0,462.0,239.0,38.0,200.0,8.0,5.0,0.0,0.0,0.0,0.0
2025/12/23,03:42:39,0,0.0,193.0,463.0,239.0,27.0,200.0,6.0,4.0,0.0,0.0,0.0,0.0
2025/12/23,03:42:44,0,0.0,215.0,463.0,239.0,11.0,201.0,3.0,1.0,0.0,0.0,0.0,0.0
2025/12/23,03:42:49,0,0.0,196.0,464.0,240.0,12.0,201.0,4.0,1.0,0.0,0.0,0.0,0.0
2025/12/23,03:42:54,0,0.0,197.0,461.0,240.0,35.0,199.0,9.0,5.0,0.0,0.0,0.0,0.0
2025/12/23,03:42:59,0,0.0,185.0,463.0,240.0,38.0,201.0,8.0,6.0,0.0,0.0,0.0,0.0
2025/12/23,03:43:04,0,0.0,211.0,463.0,239.0,11.0,199.0,4.0,0.0,0.0,0.0,0.0,0.0
2025/12/23,03:43:09,0,0.0,197.0,464.0,239.0,13.0,200.0,3.0,1.0,0.0,0.0,0.0,0.0
2025/12/23,03:43:14,0,0.0,194.0,461.0,238.0,37.0,199.0,9.0,4.0,0.0,0.0,0.0,0.0
2025/12/23,03:43:19,0,0.0,189.0,462.0,240.0,38.0,201.0,8.0,6.0,0.0,0.0,0.0,0.0
2025/12/23,03:43:24,0,0.0,204.0,463.0,240.0,13.0,195.0,4.0,1.0,0.0,0.0,0.0,0.0
2025/12/23,03:43:29,0,0.0,200.0,464.0,240.0,12.0,201.0,3.0,0.0,0.0,0.0,0.0,-0.0008
2025/12/23,03:43:34,0,0.0,192.0,462.0,239.0,37.0,200.0,8.0,5.0,0.0,0.0,0.0,0.0
2025/12/23,03:43:39,0,0.0,187.0,462.0,240.0,39.0,198.0,9.0,6.0,0.0,0.0,0.0,0.0
2025/12/23,03:43:44,0,0.0,209.0,463.0,239.0,10.0,199.0,4.0,0.0,0.0,0.0,0.0,0.0
2025/12/23,03:43:49,0,0.0,196.0,463.0,239.0,17.0,200.0,4.0,2.0,0.0,0.0,0.0,0.0
2025/12/23,03:43:54,0,0.0,194.0,461.0,240.0,38.0,199.0,8.0,5.0,0.0,0.0,0.0,0.0
2025/12/23,03:43:59,0,0.0,186.0,461.0,240.0,36.0,199.0,7.0,6.0,0.0,0.0,0.0,0.0
2025/12/23,03:44:04,0,0.0,214.0,464.0,240.0,11.0,200.0,3.0,0.0,0.0,0.0,0.0,0.0
2025/12/23,03:44:09,0,0.0,194.0,462.0,239.0,25.0,200.0,5.0,3.0,0.0,0.0,0.0,0.0
2025/12/23,03:44:14,0,0.0,188.0,460.0,240.0,41.0,197.0,9.0,6.0,0.0,0.0,0.0,0.0
2025/12/23,03:44:19,0,0.0,208.0,462.0,238.0,8.0,199.0,3.0,0.0,0.0,0.0,0.0,0.0
2025/12/23,03:44:24,0,0.0,195.0,463.0,239.0,29.0,200.0,5.0,3.0,0.0,0.0,0.0,0.0
2025/12/23,03:44:29,0,0.0,189.0,462.0,238.0,41.0,199.0,9.0,5.0,0.0,0.0,0.0,0.0
2025/12/23,03:44:34,0,0.0,201.0,462.0,237.0,16.0,199.0,5.0,2.0,0.0,0.0,0.0,-0.0008
2025/12/23,03:44:39,0,0.0,209.0,463.0,240.0,8.0,199.0,3.0,0.0,0.0,0.0,0.0,-0.0008
2025/12/23,03:44:44,0,0.0,196.0,462.0,239.0,19.0,199.0,5.0,1.0,0.0,0.0,0.0,0.0
2025/12/23,03:45:29,0,0.0,193.0,462.0,240.0,41.0,200.0,10.0,6.0,0.0,0.0,0.0,0.0
2025/12/23,03:45:33,0,0.0,193.0,463.0,241.0,18.0,201.0,4.0,2.0,0.0,0.0,0.0,0.0
2025/12/23,03:45:38,0,0.0,190.0,462.0,240.0,38.0,200.0,7.0,5.0,0.0,0.0,0.0,0.0
2025/12/23,03:45:43,0,0.0,204.0,464.0,240.0,8.0,200.0,2.0,0.0,0.0,0.0,0.0,0.0
2025/12/23,03:45:48,0,0.0,193.0,462.0,240.0,40.0,199.0,9.0,5.0,0.0,0.0,0.0,0.0
2025/12/23,03:45:53,0,0.0,212.0,462.0,240.0,9.0,198.0,3.0,0.0,0.0,0.0,0.0,0.0
2025/12/23,03:45:58,0,0.0,197.0,462.0,239.0,38.0,200.0,8.0,5.0,0.0,0.0,-0.0008,0.0
2025/12/23,03:46:03,0,0.0,215.0,462.0,240.0,11.0,200.0,2.0,0.0,0.0,0.0,0.0,0.0
2025/12/23,03:46:08,0,0.0,191.0,461.0,240.0,38.0,198.0,8.0,4.0,0.0,0.0,0.0,0.0
2025/12/23,03:46:13,0,0.0,192.0,463.0,238.0,27.0,199.0,7.0,3.0,0.0,0.0,0.0,0.0
2025/12/23,03:46:18,0,0.0,201.0,463.0,240.0,10.0,200.0,3.0,0.0,0.0,0.0,0.0,0.0
2025/12/23,03:46:23,0,0.0,193.0,462.0,238.0,40.0,199.0,9.0,5.0,0.0,0.0,0.0,0.0
2025/12/23,03:46:28,0,0.0,211.0,464.0,241.0,10.0,200.0,4.0,0.0,0.0,0.0,0.0,0.0
2025/12/23,03:46:33,0,0.0,193.0,462.0,239.0,36.0,200.0,7.0,5.0,0.0,0.0,0.0,0.0
2025/12/23,03:46:38,0,0.0,188.0,459.0,240.0,35.0,199.0,9.0,5.0,0.0,0.0,0.0,0.0
2025/12/23,03:46:43,0,0.0,207.0,462.0,239.0,7.0,198.0,3.0,0.0,0.0,0.0,0.0,-0.0008
2025/12/23,03:46:48,0,0.0,193.0,462.0,239.0,37.0,200.0,8.0,5.0,0.0,0.0,0.0,0.0
2025/12/23,03:46:53,0,0.0,213.0,463.0,240.0,10.0,200.0,3.0,1.0,0.0,0.0,0.0,0.0
2025/12/23,03:46:58,0,0.0,195.0,462.0,239.0,40.0,201.0,8.0,5.0,0.0,0.0,0.0,0.0
2025/12/23,03:47:03,0,0.0,210.0,463.0,239.0,8.0,200.0,2.0,0.0,0.0,0.0,0.0,-0.0008
2025/12/23,03:47:08,0,0.0,192.0,462.0,239.0,38.0,199.0,9.0,5.0,0.0,0.0,0.0,0.0
2025/12/23,03:47:13,0,0.0,210.0,463.0,240.0,11.0,199.0,4.0,0.0,0.0,0.0,0.0,0.0
2025/12/23,03:47:18,0,0.0,191.0,462.0,240.0,38.0,200.0,7.0,5.0,0.0,0.0,0.0,0.0
2025/12/23,03:47:23,0,0.0,192.0,464.0,240.0,28.0,200.0,6.0,3.0,0.0,0.0,0.0,-0.0008
2025/12/23,03:47:28,0,0.0,199.0,463.0,241.0,10.0,201.0,2.0,0.0,0.0,0.0,0.0,-0.0008
2025/12/23,03:47:33,0,0.0,194.0,462.0,240.0,41.0,200.0,8.0,5.0,0.0,0.0,0.0,0.0
2025/12/23,03:47:38,0,0.0,212.0,461.0,240.0,9.0,200.0,3.0,1.0,0.0,0.0,0.0,0.0
2025/12/23,03:47:43,0,0.0,192.0,462.0,240.0,37.0,200.0,8.0,5.0,0.0,0.0,0.0,0.0
2025/12/23,03:47:48,0,0.0,195.0,464.0,239.0,24.0,201.0,6.0,3.0,0.0,0.0,0.0,0.0
2025/12/23,03:47:53,0,0.0,199.0,463.0,240.0,10.0,200.0,2.0,0.0,0.0,0.0,0.0,0.0
2025/12/23,03:47:58,0,0.0,196.0,459.0,240.0,40.0,200.0,8.0,5.0,0.0,0.0,0.0,0.0
2025/12/23,03:48:03,0,0.0,209.0,463.0,238.0,11.0,200.0,3.0,0.0,0.0,0.0,0.0,0.0
2025/12/23,03:48:08,0,0.0,205.0,464.0,240.0,4.0,199.0,1.0,0.0,0.0,0.0,0.0,0.0
2025/12/23,03:48:13,0,0.0,193.0,461.0,240.0,42.0,198.0,10.0,5.0,0.0,0.0,0.0,0.0
2025/12/23,03:48:18,0,0.0,191.0,462.0,240.0,28.0,199.0,7.0,4.0,0.0,0.0,0.0,0.0
2025/12/23,03:48:23,0,0.0,203.0,464.0,237.0,9.0,200.0,2.0,0.0,0.0,0.0,0.0,0.0
2025/12/23,03:48:28,0,0.0,191.0,459.0,240.0,39.0,199.0,8.0,4.0,0.0,0.0,0.0,0.0
2025/12/23,03:48:33,0,2.0,197.0,463.0,240.0,24.0,201.0,6.0,3.0,0.0,0.0,0.0,0.0
2025/12/23,03:48:38,0,0.0,203.0,464.0,240.0,8.0,200.0,2.0,0.0,0.0,0.0,0.0,0.0
2025/12/23,03:48:43,0,0.0,191.0,462.0,240.0,39.0,201.0,8.0,5.0,0.0,0.0,0.0,0.0
2025/12/23,03:48:48,0,0.0,193.0,463.0,238.0,27.0,198.0,7.0,3.0,0.0,0.0,0.0,0.0
2025/12/23,03:48:53,0,0.0,206.0,461.0,240.0,9.0,199.0,3.0,0.0,0.0,0.0,0.0,-0.0008
2025/12/23,03:48:58,0,0.0,192.0,463.0,240.0,39.0,200.0,8.0,5.0,0.0,0.0,0.0,0.0
2025/12/23,03:49:03,0,0.0,202.0,463.0,240.0,12.0,199.0,3.0,1.0,0.0,0.0,0.0,0.0
2025/12/23,03:49:08,0,0.0,193.0,462.0,240.0,40.0,200.0,8.0,5.0,0.0,0.0,0.0,0.0
2025/12/23,03:49:13,0,0.0,193.0,462.0,240.0,36.0,198.0,7.0,5.0,0.0,0.0,0.0,0.0
2025/12/23,03:49:18,0,0.0,195.0,462.0,238.0,22.0,200.0,6.0,2.0,0.0,0.0,0.0,0.0
2025/12/23,03:49:23,0,0.0,197.0,464.0,241.0,8.0,199.0,3.0,1.0,0.0,0.0,0.0,0.0
2025/12/23,03:49:28,0,0.0,207.0,463.0,240.0,8.0,199.0,3.0,0.0,0.0,0.0,0.0,0.0
2025/12/23,03:49:33,0,0.0,195.0,463.0,239.0,24.0,199.0,6.0,3.0,0.0,0.0,0.0,0.0
2025/12/23,03:49:38,0,0.0,194.0,462.0,240.0,40.0,200.0,8.0,5.0,0.0,0.0,0.0,0.0
2025/12/23,03:49:43,0,0.0,196.0,464.0,240.0,19.0,200.0,4.0,2.0,0.0,0.0,0.0,-0.0008
2025/12/23,03:49:48,0,0.0,213.0,463.0,240.0,9.0,199.0,3.0,0.0,0.0,0.0,0.0,0.0
2025/12/23,03:49:53,0,0.0,191.0,462.0,239.0,30.0,200.0,7.0,4.0,0.0,0.0,0.0,0.0
2025/12/23,03:49:58,0,0.0,192.0,462.0,239.0,38.0,200.0,7.0,5.0,0.0,0.0,0.0,0.0
2025/12/23,03:50:03,0,0.0,194.0,464.0,240.0,16.0,200.0,4.0,2.0,0.0,0.0,0.0,0.0
2025/12/23,03:50:08,0,0.0,212.0,464.0,239.0,10.0,199.0,4.0,0.0,0.0,0.0,0.0,0.0
2025/12/23,03:50:13,0,0.0,187.0,462.0,239.0,38.0,200.0,10.0,5.0,0.0,0.0,0.0,0.0
2025/12/23,03:50:18,0,0.0,193.0,462.0,238.0,37.0,199.0,9.0,4.0,0.0,0.0,0.0,0.0
2025/12/23,03:50:23,0,0.0,193.0,463.0,240.0,22.0,199.0,5.0,2.0,0.0,0.0,0.0,0.0
2025/12/23,03:50:28,0,0.0,198.0,463.0,240.0,8.0,199.0,3.0,0.0,0.0,0.0,0.0,0.0
2025/12/23,03:50:33,0,0.0,210.0,462.0,240.0,12.0,200.0,3.0,1.0,0.0,0.0,0.0,0.0
2025/12/23,03:50:38,0,0.0,185.0,463.0,240.0,39.0,200.0,9.0,5.0,0.0,0.0,0.0,-0.0008
2025/12/23,03:50:43,0,0.0,188.0,461.0,240.0,38.0,199.0,9.0,5.0,0.0,0.0,0.0,0.0
2025/12/23,03:50:48,0,0.0,204.0,464.0,240.0,8.0,201.0,3.0,0.0,0.0,0.0,0.0,0.0
2025/12/23,03:50:53,0,0.0,189.0,462.0,239.0,35.0,200.0,8.0,4.0,0.0,0.0,0.0,0.0
2025/12/23,03:50:58,0,0.0,195.0,463.0,240.0,24.0,201.0,5.0,3.0,0.0,0.0,0.0,0.0
2025/12/23,03:51:03,0,0.0,185.0,461.0,240.0,36.0,199.0,9.0,4.0,0.0,0.0,0.0,0.0
2025/12/23,03:51:08,0,0.0,196.0,463.0,239.0,11.0,199.0,3.0,1.0,0.0,0.0,0.0,-0.0008
2025/12/23,03:51:13,0,0.0,189.0,460.0,239.0,35.0,199.0,8.0,5.0,0.0,0.0,0.0,0.0
2025/12/23,03:51:18,0,0.0,194.0,462.0,239.0,33.0,200.0,6.0,5.0,0.0,0.0,0.0,0.0
2025/12/23,03:51:23,0,0.0,213.0,463.0,239.0,9.0,199.0,3.0,0.0,0.0,0.0,0.0,0.0
2025/12/23,03:51:28,0,0.0,195.0,463.0,239.0,39.0,200.0,8.0,5.0,0.0,0.0,0.0,0.0
2025/12/23,03:51:33,0,0.0,211.0,464.0,239.0,9.0,200.0,3.0,0.0,0.0,0.0,0.0,0.0
2025/12/23,03:51:38,0,0.0,193.0,460.0,238.0,41.0,200.0,9.0,6.0,0.0,0.0,0.0,-0.0008
2025/12/23,03:51:43,0,0.0,206.0,463.0,238.0,8.0,201.0,2.0,1.0,0.0,0.0,0.0,0.0
2025/12/23,03:51:48,0,0.0,190.0,462.0,238.0,39.0,200.0,9.0,5.0,0.0,0.0,0.0,-0.0008
2025/12/23,03:51:53,0,0.0,204.0,463.0,241.0,8.0,199.0,2.0,0.0,0.0,0.0,0.0,0.0
2025/12/23,03:51:58,0,0.0,189.0,462.0,239.0,41.0,200.0,9.0,5.0,0.0,0.0,0.0,0.0
2025/12/23,03:52:03,0,0.0,202.0,461.0,240.0,9.0,199.0,3.0,1.0,0.0,0.0,0.0,0.0
2025/12/23,03:52:08,0,0.0,191.0,463.0,240.0,39.0,200.0,8.0,5.0,0.0,0.0,0.0,0.0
2025/12/23,03:52:13,0,0.0,214.0,463.0,239.0,11.0,199.0,3.0,0.0,0.0,0.0,0.0,0.0
2025/12/23,03:52:18,0,0.0,190.0,462.0,239.0,37.0,200.0,6.0,5.0,0.0,0.0,0.0,0.0
2025/12/23,03:52:23,0,0.0,203.0,463.0,239.0,15.0,199.0,4.0,1.0,0.0,0.0,0.0,0.0
2025/12/23,03:52:28,0,0.0,195.0,463.0,240.0,19.0,200.0,4.0,2.0,0.0,0.0,0.0,0.0
2025/12/23,03:52:33,0,0.0,188.0,462.0,240.0,39.0,201.0,9.0,5.0,0.0,0.0,0.0,0.0
2025/12/23,03:52:38,0,0.0,214.0,464.0,240.0,12.0,201.0,3.0,1.0,0.0,0.0,0.0,0.0
2025/12/23,03:52:43,0,0.0,193.0,461.0,240.0,38.0,200.0,8.0,4.0,0.0,0.0,0.0,0.0
2025/12/23,03:52:48,0,0.0,205.0,464.0,240.0,11.0,200.0,3.0,1.0,0.0,0.0,0.0,0.0
2025/12/23,03:52:53,0,0.0,189.0,463.0,240.0,38.0,201.0,8.0,5.0,0.0,0.0,0.0,0.0
2025/12/23,03:52:58,0,0.0,208.0,463.0,239.0,12.0,200.0,4.0,0.0,0.0,0.0,0.0,0.0
2025/12/23,03:53:03,0,0.0,190.0,462.0,240.0,37.0,200.0,9.0,5.0,0.0,0.0,0.0,0.0
2025/12/23,03:53:08,0,0.0,213.0,464.0,240.0,8.0,199.0,3.0,0.0,0.0,0.0,0.0,0.0
2025/12/23,03:53:13,0,0.0,185.0,463.0,239.0,37.0,200.0,9.0,5.0,0.0,0.0,0.0,0.0
2025/12/23,03:53:18,0,0.0,195.0,462.0,239.0,41.0,199.0,8.0,5.0,0.0,0.0,0.0,0.0
2025/12/23,03:53:23,0,0.0,190.0,462.0,238.0,36.0,198.0,8.0,4.0,0.0,0.0,0.0,-0.0008
2025/12/23,03:53:28,0,0.0,197.0,463.0,239.0,12.0,200.0,3.0,1.0,0.0,0.0,0.0,0.0
2025/12/23,03:53:33,0,0.0,208.0,463.0,239.0,11.0,199.0,4.0,1.0,0.0,0.0,0.0,0.0
2025/12/23,03:53:38,0,0.0,196.0,462.0,240.0,42.0,200.0,9.0,5.0,0.0,0.0,0.0,-0.0008
2025/12/23,03:53:43,0,0.0,199.0,463.0,240.0,9.0,200.0,3.0,0.0,0.0,0.0,0.0,0.0
2025/12/23,03:53:48,0,0.0,192.0,462.0,239.0,28.0,200.0,6.0,4.0,0.0,0.0,0.0,0.0
2025/12/23,03:53:53,0,0.0,189.0,462.0,239.0,36.0,199.0,8.0,4.0,0.0,0.0,0.0,0.0
2025/12/23,03:53:58,0,0.0,211.0,463.0,239.0,9.0,199.0,3.0,0.0,0.0,0.0,0.0,0.0
2025/12/23,03:54:03,0,0.0,187.0,461.0,240.0,39.0,199.0,9.0,5.0,0.0,0.0,0.0,0.0
2025/12/23,03:54:08,0,0.0,195.0,463.0,239.0,21.0,201.0,4.0,3.0,0.0,0.0,0.0,0.0
2025/12/23,03:54:13,0,0.0,203.0,462.0,238.0,15.0,199.0,5.0,1.0,0.0,0.0,0.0,0.0
2025/12/23,03:54:18,0,0.0,192.0,462.0,239.0,37.0,200.0,7.0,5.0,0.0,0.0,0.0,0.0
2025/12/23,03:54:23,0,0.0,211.0,463.0,239.0,11.0,199.0,4.0,0.0,0.0,0.0,0.0,0.0
2025/12/23,03:54:28,0,0.0,192.0,463.0,240.0,40.0,200.0,9.0,5.0,0.0,0.0,0.0,0.0
2025/12/23,03:54:33,0,0.0,198.0,463.0,239.0,10.0,200.0,4.0,1.0,0.0,0.0,0.0,-0.0008
2025/12/23,03:54:38,0,3.0,206.0,464.0,240.0,10.0,201.0,3.0,1.0,0.0,0.0,0.0,0.0
2025/12/23,03:54:43,0,0.0,187.0,462.0,240.0,41.0,200.0,9.0,5.0,0.0,0.0,-0.0008,0.0
2025/12/23,03:54:48,0,0.0,195.0,461.0,240.0,30.0,199.0,6.0,3.0,0.0,0.0,0.0,0.0
2025/12/23,03:54:53,0,0.0,201.0,462.0,240.0,9.0,200.0,2.0,0.0,0.0,0.0,0.0,0.0
2025/12/23,03:55:39,0,0.0,205.0,464.0,238.0,12.0,199.0,5.0,1.0,0.0,0.0,0.0,-0.0008
2025/12/23,03:55:43,0,0.0,190.0,461.0,239.0,32.0,200.0,7.0,4.0,0.0,0.0,0.0,0.0
2025/12/23,03:55:48,0,0.0,195.0,463.0,240.0,17.0,200.0,4.0,1.0,0.0,0.0,0.0,0.0
2025/12/23,03:55:53,0,0.0,187.0,459.0,239.0,36.0,201.0,8.0,6.0,0.0,0.0,0.0,0.0
2025/12/23,03:55:58,0,0.0,196.0,463.0,238.0,11.0,199.0,3.0,1.0,0.0,0.0,0.0,0.0
2025/12/23,03:56:03,0,0.0,189.0,463.0,240.0,40.0,200.0,8.0,5.0,0.0,0.0,0.0,0.0
2025/12/23,03:56:08,0,0.0,206.0,461.0,240.0,9.0,199.0,3.0,0.0,0.0,0.0,0.0,0.0
2025/12/23,03:56:13,0,0.0,192.0,459.0,240.0,40.0,198.0,9.0,5.0,0.0,0.0,0.0,0.0
2025/12/23,03:56:18,0,0.0,206.0,464.0,240.0,10.0,200.0,3.0,0.0,0.0,0.0,0.0,0.0
2025/12/23,03:56:23,0,0.0,191.0,462.0,240.0,41.0,200.0,9.0,5.0,0.0,0.0,0.0,0.0
2025/12/23,03:56:28,0,0.0,201.0,464.0,240.0,9.0,200.0,3.0,0.0,0.0,0.0,0.0,0.0
2025/12/23,03:56:33,0,0.0,186.0,462.0,237.0,36.0,200.0,8.0,4.0,0.0,0.0,0.0,0.0
2025/12/23,03:56:38,0,0.0,193.0,463.0,240.0,30.0,199.0,6.0,4.0,0.0,0.0,0.0,0.0
2025/12/23,03:56:43,0,0.0,208.0,463.0,238.0,8.0,199.0,2.0,0.0,0.0,0.0,0.0,0.0
2025/12/23,03:56:48,0,0.0,191.0,462.0,239.0,31.0,200.0,7.0,4.0,0.0,0.0,0.0,0.0
2025/12/23,03:56:53,0,0.0,193.0,462.0,240.0,40.0,199.0,8.0,4.0,0.0,0.0,0.0,0.0
2025/12/23,03:56:58,0,0.0,205.0,464.0,239.0,8.0,200.0,3.0,0.0,0.0,0.0,0.0,0.0
2025/12/23,03:57:03,0,0.0,185.0,462.0,240.0,35.0,200.0,9.0,4.0,0.0,0.0,0.0,0.0
2025/12/23,03:57:08,0,0.0,196.0,462.0,237.0,22.0,200.0,5.0,2.0,0.0,0.0,0.0,0.0
2025/12/23,03:57:13,0,0.0,200.0,462.0,239.0,16.0,201.0,4.0,1.0,0.0,0.0,0.0,0.0
2025/12/23,03:57:18,0,0.0,192.0,462.0,240.0,35.0,200.0,7.0,5.0,0.0,0.0,0.0,0.0
2025/12/23,03:57:23,0,0.0,208.0,463.0,238.0,9.0,201.0,3.0,1.0,0.0,0.0,0.0,0.0
2025/12/23,03:57:28,0,0.0,191.0,461.0,240.0,38.0,201.0,8.0,4.0,0.0,0.0,0.0,0.0
2025/12/23,03:57:33,0,0.0,207.0,464.0,240.0,10.0,201.0,3.0,1.0,0.0,0.0,0.0,0.0
2025/12/23,03:57:38,0,0.0,194.0,460.0,240.0,33.0,201.0,7.0,4.0,0.0,0.0,0.0,0.0
2025/12/23,03:57:43,0,0.0,196.0,460.0,239.0,23.0,200.0,5.0,2.0,0.0,0.0,0.0,0.0
2025/12/23,03:57:48,0,0.0,197.0,464.0,240.0,18.0,200.0,4.0,2.0,0.0,0.0,0.0,0.0
2025/12/23,03:57:53,0,0.0,190.0,462.0,239.0,33.0,200.0,7.0,5.0,0.0,0.0,0.0,-0.0008
2025/12/23,03:57:58,0,0.0,194.0,462.0,239.0,23.0,200.0,5.0,2.0,0.0,0.0,0.0,0.0
2025/12/23,03:58:03,0,0.0,200.0,463.0,239.0,22.0,199.0,6.0,3.0,0.0,0.0,0.0,0.0
2025/12/23,03:58:08,0,0.0,195.0,461.0,240.0,28.0,200.0,6.0,3.0,0.0,0.0,0.0,0.0
2025/12/23,03:58:13,0,0.0,194.0,464.0,240.0,26.0,200.0,6.0,3.0,0.0,0.0,0.0,0.0
2025/12/23,03:58:18,0,0.0,196.0,462.0,239.0,19.0,199.0,4.0,2.0,0.0,0.0,0.0,0.0
2025/12/23,03:58:23,0,0.0,193.0,463.0,240.0,26.0,201.0,7.0,3.0,0.0,0.0,0.0,0.0
2025/12/23,03:58:28,0,0.0,196.0,463.0,239.0,23.0,200.0,4.0,2.0,0.0,0.0,0.0,0.0
2025/12/23,03:58:33,0,0.0,192.0,464.0,239.0,28.0,201.0,6.0,4.0,0.0,0.0,0.0,0.0
2025/12/23,03:58:38,0,0.0,195.0,460.0,241.0,12.0,199.0,3.0,1.0,0.0,0.0,0.0,0.0
2025/12/23,03:58:43,0,0.0,186.0,462.0,240.0,38.0,199.0,9.0,5.0,-0.0008,0.0,0.0,0.0
2025/12/23,03:58:48,0,0.0,203.0,463.0,240.0,9.0,201.0,2.0,0.0,0.0,0.0,0.0,0.0
2025/12/23,03:58:53,0,1.0,192.0,461.0,239.0,40.0,199.0,9.0,5.0,0.0,0.0,0.0,0.0
2025/12/23,03:58:58,0,0.0,202.0,464.0,239.0,7.0,201.0,2.0,0.0,0.0,0.0,0.0,0.0
2025/12/23,03:59:03,0,0.0,186.0,461.0,240.0,39.0,198.0,9.0,4.0,0.0,0.0,0.0,0.0
2025/12/23,03:59:08,0,0.0,201.0,463.0,238.0,10.0,199.0,3.0,0.0,0.0,0.0,0.0,0.0
2025/12/23,03:59:13,0,0.0,187.0,461.0,240.0,37.0,199.0,9.0,5.0,0.0,0.0,0.0,0.0
2025/12/23,03:59:18,0,0.0,197.0,464.0,240.0,10.0,200.0,2.0,0.0,0.0,0.0,0.0,0.0
2025/12/23,03:59:23,0,0.0,195.0,462.0,239.0,24.0,200.0,7.0,3.0,0.0,0.0,0.0,0.0
2025/12/23,03:59:28,0,0.0,192.0,462.0,244.0,34.0,199.0,7.0,4.0,0.0,0.0,0.0,0.0
2025/12/23,03:59:33,0,0.0,208.0,463.0,238.0,14.0,199.0,4.0,0.0,0.0,0.0,0.0,0.0
2025/12/23,03:59:38,0,0.0,196.0,462.0,240.0,39.0,200.0,7.0,5.0,0.0,0.0,0.0,0.0
2025/12/23,03:59:43,0,0.0,203.0,461.0,240.0,8.0,201.0,3.0,0.0,0.0,0.0,0.0,0.0
2025/12/23,03:59:48,0,0.0,195.0,459.0,239.0,23.0,199.0,6.0,4.0,0.0,0.0,0.0,0.0
2025/12/23,03:59:53,0,0.0,195.0,461.0,238.0,37.0,201.0,8.0,5.0,0.0,0.0,0.0,0.0
2025/12/23,03:59:58,0,0.0,202.0,463.0,240.0,9.0,200.0,2.0,0.0,0.0,0.0,0.0,0.0
2025/12/23,04:00:34,0,0.0,218.0,464.0,240.0,5.0,200.0,3.0,0.0,0.0,0.0,0.0,0.0
2025/12/23,04:00:38,0,0.0,213.0,462.0,240.0,12.0,201.0,3.0,0.0,0.0,0.0,0.0,0.0
2025/12/23,04:00:43,0,0.0,196.0,462.0,239.0,41.0,200.0,9.0,6.0,0.0,0.0,0.0,0.0
2025/12/23,04:00:48,0,0.0,204.0,463.0,240.0,10.0,200.0,3.0,0.0,0.0,0.0,0.0,0.0
2025/12/23,04:00:53,0,0.0,194.0,460.0,240.0,40.0,200.0,9.0,5.0,0.0,0.0,0.0,0.0
2025/12/23,04:00:58,0,0.0,209.0,463.0,238.0,10.0,199.0,4.0,0.0,0.0,0.0,0.0,0.0
2025/12/23,04:01:03,0,0.0,192.0,459.0,240.0,34.0,200.0,7.0,4.0,0.0,0.0,0.0,0.0
2025/12/23,04:01:08,0,0.0,186.0,462.0,240.0,36.0,200.0,8.0,5.0,0.0,0.0,0.0,0.0
2025/12/23,04:01:13,0,0.0,204.0,464.0,239.0,10.0,200.0,3.0,0.0,0.0,0.0,0.0,0.0
2025/12/23,04:01:18,0,0.0,193.0,461.0,240.0,39.0,199.0,8.0,5.0,0.0,0.0,0.0,-0.0008
2025/12/23,04:01:23,0,0.0,203.0,463.0,240.0,15.0,201.0,4.0,1.0,0.0,0.0,0.0,0.0
2025/12/23,04:01:28,0,0.0,195.0,461.0,240.0,23.0,199.0,5.0,2.0,0.0,0.0,0.0,0.0
2025/12/23,04:01:33,0,0.0,184.0,462.0,238.0,36.0,199.0,9.0,4.0,0.0,0.0,0.0,0.0
2025/12/23,04:01:38,0,0.0,199.0,464.0,239.0,11.0,200.0,3.0,1.0,0.0,0.0,0.0,-0.0008
2025/12/23,04:01:43,0,0.0,191.0,463.0,241.0,39.0,200.0,9.0,5.0,0.0,0.0,0.0,-0.0008
2025/12/23,04:01:48,0,0.0,208.0,464.0,239.0,10.0,199.0,3.0,0.0,0.0,0.0,0.0,0.0
2025/12/23,04:01:53,0,0.0,190.0,462.0,237.0,41.0,199.0,9.0,5.0,0.0,0.0,0.0,0.0
2025/12/23,04:01:58,0,0.0,195.0,460.0,239.0,11.0,199.0,3.0,0.0,0.0,0.0,0.0,0.0
2025/12/23,04:02:03,0,0.0,193.0,462.0,240.0,29.0,201.0,7.0,3.0,0.0,0.0,0.0,0.0
2025/12/23,04:02:08,0,0.0,195.0,463.0,239.0,25.0,200.0,5.0,3.0,0.0,0.0,0.0,0.0
2025/12/23,04:02:13,0,0.0,200.0,462.0,237.0,17.0,199.0,5.0,1.0,0.0,0.0,0.0,0.0
2025/12/23,04:02:18,0,0.0,191.0,461.0,240.0,38.0,199.0,8.0,5.0,0.0,0.0,0.0,0.0
2025/12/23,04:02:23,0,0.0,211.0,462.0,240.0,11.0,200.0,3.0,0.0,0.0,0.0,0.0,0.0
2025/12/23,04:02:28,0,0.0,187.0,462.0,239.0,40.0,200.0,8.0,6.0,0.0,0.0,0.0,0.0
2025/12/23,04:02:33,0,0.0,199.0,463.0,239.0,10.0,199.0,3.0,1.0,0.0,0.0,0.0,0.0
2025/12/23,04:02:38,0,0.0,186.0,463.0,239.0,41.0,200.0,8.0,5.0,0.0,0.0,0.0,0.0
2025/12/23,04:02:43,0,0.0,194.0,462.0,239.0,27.0,200.0,5.0,3.0,0.0,0.0,0.0,-0.0008
2025/12/23,04:02:48,0,0.0,209.0,463.0,239.0,12.0,200.0,3.0,1.0,0.0,0.0,0.0,0.0
2025/12/23,04:02:53,0,0.0,193.0,462.0,239.0,41.0,199.0,9.0,5.0,0.0,0.0,0.0,0.0
2025/12/23,04:02:58,0,0.0,200.0,464.0,239.0,11.0,200.0,3.0,1.0,0.0,0.0,0.0,0.0
2025/12/23,04:03:03,0,0.0,185.0,462.0,239.0,36.0,200.0,8.0,5.0,0.0,0.0,0.0,0.0
2025/12/23,04:03:08,0,0.0,194.0,463.0,239.0,18.0,200.0,4.0,2.0,0.0,0.0,0.0,0.0
2025/12/23,04:03:13,0,0.0,200.0,462.0,239.0,17.0,200.0,4.0,1.0,0.0,0.0,0.0,0.0
2025/12/23,04:03:18,0,0.0,191.0,459.0,240.0,39.0,199.0,8.0,6.0,0.0,0.0,0.0,0.0
2025/12/23,04:03:23,0,0.0,209.0,462.0,240.0,8.0,201.0,2.0,0.0,0.0,0.0,0.0,0.0
2025/12/23,04:03:28,0,0.0,187.0,462.0,239.0,40.0,200.0,8.0,5.0,0.0,0.0,0.0,0.0
2025/12/23,04:03:33,0,0.0,194.0,464.0,240.0,17.0,200.0,5.0,2.0,0.0,0.0,0.0,0.0
2025/12/23,04:03:38,0,0.0,196.0,462.0,238.0,28.0,199.0,6.0,3.0,0.0,0.0,0.0,0.0
2025/12/23,04:03:43,0,0.0,195.0,462.0,240.0,26.0,201.0,5.0,3.0,0.0,0.0,0.0,0.0
2025/12/23,04:03:48,0,0.0,195.0,462.0,239.0,25.0,199.0,7.0,3.0,0.0,0.0,0.0,0.0
2025/12/23,04:03:53,0,0.0,194.0,462.0,237.0,22.0,199.0,5.0,2.0,0.0,0.0,0.0,0.0
2025/12/23,04:03:58,0,0.0,198.0,463.0,240.0,22.0,199.0,6.0,2.0,0.0,0.0,0.0,0.0
2025/12/23,04:04:03,0,0.0,192.0,461.0,239.0,37.0,199.0,8.0,5.0,0.0,0.0,0.0,-0.0008
2025/12/23,04:04:08,0,0.0,211.0,463.0,239.0,10.0,199.0,3.0,1.0,0.0,0.0,0.0,0.0
2025/12/23,04:04:13,0,0.0,194.0,462.0,239.0,40.0,199.0,8.0,5.0,0.0,0.0,0.0,0.0
2025/12/23,04:04:18,0,0.0,205.0,463.0,240.0,9.0,199.0,3.0,0.0,0.0,0.0,0.0,0.0
2025/12/23,04:04:23,0,0.0,187.0,462.0,239.0,40.0,200.0,9.0,5.0,0.0,0.0,0.0,0.0
2025/12/23,04:04:28,0,0.0,191.0,462.0,239.0,35.0,200.0,8.0,5.0,0.0,0.0,0.0,0.0
2025/12/23,04:04:33,0,0.0,193.0,460.0,240.0,34.0,200.0,7.0,5.0,0.0,0.0,0.0,0.0
2025/12/23,04:04:38,0,0.0,193.0,463.0,240.0,36.0,200.0,8.0,5.0,0.0,0.0,0.0,0.0
2025/12/23,04:04:43,0,0.0,188.0,463.0,240.0,35.0,201.0,8.0,4.0,0.0,0.0,0.0,0.0
2025/12/23,04:04:48,0,0.0,212.0,460.0,237.0,11.0,198.0,4.0,1.0,0.0,0.0,0.0,0.0
2025/12/23,04:04:53,0,0.0,194.0,463.0,237.0,19.0,199.0,5.0,1.0,0.0,0.0,0.0,0.0
2025/12/23,04:04:58,0,0.0,194.0,461.0,238.0,38.0,199.0,9.0,4.0,0.0,0.0,0.0,-0.0008
2025/12/23,04:05:03,0,0.0,198.0,462.0,239.0,20.0,200.0,5.0,3.0,0.0,0.0,0.0,0.0
2025/12/23,04:06:08,0,0.0,186.0,461.0,240.0,39.0,200.0,8.0,5.0,0.0,0.0,0.0,0.0
2025/12/23,04:06:12,0,0.0,192.0,462.0,239.0,36.0,200.0,8.0,4.0,0.0,0.0,0.0,0.0
2025/12/23,04:06:17,0,0.0,193.0,463.0,238.0,29.0,199.0,8.0,3.0,0.0,0.0,0.0,-0.0008
2025/12/23,04:06:22,0,0.0,208.0,462.0,240.0,10.0,198.0,3.0,0.0,0.0,0.0,0.0,0.0
2025/12/23,04:06:27,0,0.0,194.0,463.0,240.0,32.0,199.0,7.0,3.0,0.0,0.0,0.0,0.0
2025/12/23,04:06:32,0,0.0,194.0,461.0,239.0,40.0,199.0,9.0,5.0,0.0,0.0,0.0,0.0
2025/12/23,04:06:37,0,0.0,187.0,462.0,239.0,37.0,200.0,8.0,5.0,0.0,0.0,0.0,0.0
2025/12/23,04:06:42,0,0.0,204.0,462.0,241.0,14.0,198.0,4.0,2.0,0.0,0.0,0.0,0.0
2025/12/23,04:06:47,0,0.0,212.0,463.0,239.0,12.0,200.0,3.0,0.0,0.0,0.0,0.0,0.0
2025/12/23,04:06:52,0,0.0,208.0,464.0,239.0,11.0,200.0,2.0,0.0,0.0,0.0,-0.0008,0.0
2025/12/23,04:06:57,0,0.0,204.0,463.0,238.0,10.0,199.0,3.0,0.0,0.0,0.0,0.0,0.0
2025/12/23,04:07:02,0,0.0,202.0,464.0,240.0,11.0,200.0,2.0,0.0,0.0,0.0,0.0,0.0
2025/12/23,04:07:07,0,0.0,207.0,463.0,239.0,9.0,199.0,3.0,0.0,0.0,0.0,0.0,0.0
2025/12/23,04:07:12,0,0.0,207.0,461.0,239.0,14.0,199.0,3.0,0.0,0.0,0.0,0.0,0.0
2025/12/23,04:07:17,0,1.0,196.0,463.0,240.0,27.0,199.0,6.0,3.0,0.0,0.0,0.0,0.0
2025/12/23,04:07:22,0,0.0,189.0,463.0,240.0,41.0,199.0,9.0,5.0,0.0,0.0,0.0,-0.0008
2025/12/23,04:07:27,0,0.0,194.0,461.0,239.0,42.0,198.0,9.0,5.0,0.0,0.0,0.0,0.0
2025/12/23,04:07:32,0,0.0,192.0,463.0,240.0,39.0,198.0,8.0,5.0,0.0,0.0,0.0,0.0
2025/12/23,04:07:37,0,0.0,191.0,461.0,239.0,30.0,198.0,7.0,4.0,0.0,0.0,0.0,-0.0008
2025/12/23,04:07:42,0,0.0,202.0,464.0,239.0,9.0,198.0,3.0,0.0,0.0,0.0,0.0,0.0
2025/12/23,04:07:47,0,0.0,191.0,462.0,238.0,38.0,198.0,8.0,5.0,0.0,0.0,0.0,-0.0008
2025/12/23,04:07:52,0,0.0,187.0,461.0,239.0,39.0,201.0,9.0,5.0,0.0,0.0,0.0,-0.0008
2025/12/23,04:07:57,0,0.0,211.0,463.0,240.0,12.0,199.0,4.0,0.0,0.0,0.0,0.0,0.0
2025/12/23,04:08:02,0,0.0,196.0,463.0,239.0,19.0,201.0,4.0,1.0,0.0,0.0,0.0,-0.0008
2025/12/23,04:08:07,0,0.0,197.0,462.0,239.0,38.0,201.0,8.0,5.0,0.0,0.0,0.0,0.0
2025/12/23,04:08:12,0,0.0,191.0,463.0,240.0,31.0,199.0,8.0,4.0,0.0,0.0,0.0,0.0
2025/12/23,04:08:17,0,0.0,188.0,461.0,240.0,36.0,201.0,8.0,4.0,0.0,0.0,0.0,0.0
2025/12/23,04:08:22,0,0.0,196.0,463.0,240.0,14.0,200.0,3.0,1.0,0.0,0.0,0.0,0.0
2025/12/23,04:08:27,0,0.0,191.0,462.0,239.0,38.0,200.0,8.0,6.0,0.0,0.0,-0.0008,0.0
2025/12/23,04:08:32,0,0.0,185.0,462.0,239.0,37.0,199.0,9.0,5.0,0.0,0.0,0.0,0.0
2025/12/23,04:08:37,0,0.0,209.0,463.0,239.0,12.0,199.0,3.0,0.0,0.0,0.0,0.0,0.0
2025/12/23,04:08:42,0,0.0,195.0,464.0,239.0,15.0,199.0,3.0,1.0,0.0,0.0,0.0,0.0
2025/12/23,04:08:47,0,0.0,193.0,462.0,240.0,39.0,200.0,9.0,5.0,0.0,0.0,0.0,0.0
2025/12/23,04:08:52,0,0.0,190.0,462.0,239.0,39.0,199.0,9.0,5.0,0.0,0.0,0.0,0.0
2025/12/23,04:08:57,0,0.0,191.0,460.0,240.0,30.0,199.0,8.0,4.0,0.0,0.0,0.0,0.0
2025/12/23,04:09:02,0,0.0,204.0,464.0,240.0,18.0,200.0,4.0,1.0,0.0,0.0,0.0,-0.0008
2025/12/23,04:09:07,0,0.0,203.0,462.0,240.0,18.0,199.0,4.0,1.0,0.0,0.0,0.0,0.0
2025/12/23,04:09:12,0,0.0,201.0,463.0,239.0,22.0,199.0,5.0,2.0,0.0,0.0,0.0,0.0
2025/12/23,04:09:17,0,0.0,189.0,462.0,239.0,37.0,200.0,7.0,4.0,0.0,0.0,0.0,0.0
2025/12/23,04:09:22,0,0.0,191.0,462.0,239.0,42.0,200.0,9.0,6.0,0.0,0.0,0.0,0.0
2025/12/23,04:09:27,0,0.0,189.0,462.0,238.0,37.0,199.0,8.0,4.0,0.0,0.0,0.0,-0.0008
2025/12/23,04:09:32,0,0.0,197.0,464.0,240.0,10.0,200.0,3.0,0.0,0.0,0.0,0.0,0.0
2025/12/23,04:09:37,0,0.0,213.0,463.0,239.0,12.0,200.0,4.0,1.0,0.0,0.0,0.0,0.0
2025/12/23,04:09:42,0,0.0,202.0,461.0,240.0,19.0,200.0,5.0,2.0,0.0,0.0,0.0,0.0
2025/12/23,04:09:47,0,0.0,202.0,463.0,239.0,18.0,199.0,5.0,1.0,0.0,0.0,0.0,0.0
2025/12/23,04:09:52,0,0.0,214.0,464.0,240.0,14.0,201.0,3.0,0.0,0.0,0.0,0.0,0.0
2025/12/23,04:09:57,0,0.0,195.0,464.0,239.0,20.0,199.0,4.0,2.0,0.0,0.0,0.0,0.0
2025/12/23,04:10:02,0,0.0,192.0,463.0,238.0,39.0,198.0,9.0,5.0,0.0,0.0,0.0,0.0
2025/12/23,04:10:07,0,0.0,205.0,463.0,240.0,11.0,199.0,4.0,1.0,0.0,0.0,0.0,0.0
2025/12/23,04:10:12,0,0.0,195.0,464.0,239.0,17.0,200.0,3.0,2.0,0.0,0.0,0.0,0.0
2025/12/23,04:10:17,0,0.0,192.0,462.0,239.0,41.0,200.0,9.0,5.0,0.0,0.0,0.0,0.0
2025/12/23,04:10:22,0,0.0,206.0,463.0,240.0,11.0,200.0,3.0,0.0,0.0,0.0,0.0,0.0
2025/12/23,04:10:27,0,0.0,194.0,463.0,239.0,17.0,199.0,5.0,1.0,0.0,0.0,0.0,0.0
2025/12/23,04:10:32,0,0.0,193.0,463.0,239.0,39.0,199.0,9.0,4.0,0.0,0.0,0.0,-0.0008
2025/12/23,04:10:37,0,0.0,193.0,462.0,239.0,25.0,199.0,7.0,3.0,0.0,0.0,0.0,0.0
2025/12/23,04:10:42,0,0.0,208.0,464.0,239.0,9.0,199.0,3.0,0.0,0.0,0.0,0.0,0.0
2025/12/23,04:10:47,0,0.0,194.0,460.0,239.0,30.0,199.0,6.0,4.0,0.0,0.0,0.0,0.0
2025/12/23,04:10:52,0,0.0,195.0,463.0,240.0,37.0,200.0,8.0,5.0,0.0,0.0,0.0,0.0
2025/12/23,04:10:57,0,0.0,187.0,463.0,240.0,39.0,199.0,9.0,5.0,0.0,0.0,0.0,0.0
2025/12/23,04:11:02,0,0.0,196.0,464.0,239.0,23.0,199.0,6.0,4.0,0.0,0.0,0.0,0.0
2025/12/23,04:11:07,0,0.0,212.0,464.0,239.0,12.0,200.0,2.0,1.0,0.0,0.0,0.0,0.0
2025/12/23,04:11:12,0,0.0,200.0,464.0,240.0,9.0,198.0,3.0,0.0,0.0,0.0,0.0,0.0
2025/12/23,04:11:17,0,0.0,189.0,461.0,238.0,38.0,199.0,8.0,5.0,0.0,0.0,0.0,0.0
2025/12/23,04:11:22,0,0.0,192.0,463.0,239.0,29.0,200.0,7.0,4.0,0.0,0.0,0.0,0.0
2025/12/23,04:11:27,0,0.0,202.0,464.0,240.0,9.0,199.0,3.0,0.0,0.0,0.0,0.0,0.0
2025/12/23,04:11:32,0,0.0,193.0,461.0,240.0,38.0,199.0,9.0,4.0,0.0,0.0,-0.0008,0.0
2025/12/23,04:11:37,0,0.0,201.0,463.0,239.0,14.0,200.0,3.0,2.0,0.0,0.0,0.0,0.0
2025/12/23,04:11:42,0,0.0,196.0,463.0,239.0,11.0,200.0,2.0,1.0,0.0,0.0,0.0,0.0
2025/12/23,04:11:47,0,0.0,191.0,461.0,239.0,41.0,199.0,9.0,5.0,0.0,0.0,0.0,0.0
2025/12/23,04:11:52,0,0.0,207.0,463.0,239.0,12.0,200.0,3.0,1.0,0.0,0.0,0.0,0.0
2025/12/23,04:11:57,0,0.0,196.0,463.0,240.0,13.0,200.0,2.0,0.0,0.0,0.0,0.0,0.0
2025/12/23,04:12:02,0,0.0,193.0,463.0,240.0,35.0,201.0,7.0,5.0,0.0,0.0,0.0,-0.0008
2025/12/23,04:12:07,0,0.0,194.0,462.0,239.0,39.0,199.0,8.0,5.0,0.0,0.0,0.0,0.0
2025/12/23,04:12:12,0,0.0,190.0,463.0,239.0,38.0,199.0,9.0,5.0,0.0,0.0,0.0,0.0
2025/12/23,04:12:17,0,0.0,188.0,460.0,239.0,41.0,199.0,9.0,5.0,0.0,0.0,0.0,0.0
2025/12/23,04:12:22,0,0.0,189.0,459.0,239.0,41.0,197.0,9.0,5.0,0.0,0.0,0.0,0.0
2025/12/23,04:12:27,0,0.0,195.0,462.0,240.0,40.0,199.0,8.0,5.0,0.0,0.0,0.0,-0.0008
2025/12/23,04:12:32,0,0.0,188.0,461.0,240.0,36.0,200.0,8.0,5.0,0.0,0.0,0.0,0.0
2025/12/23,04:12:37,0,0.0,193.0,462.0,239.0,33.0,200.0,7.0,5.0,0.0,0.0,0.0,0.0
2025/12/23,04:12:42,0,0.0,190.0,459.0,239.0,34.0,198.0,8.0,4.0,0.0,0.0,0.0,-0.0008
2025/12/23,04:12:47,0,0.0,192.0,462.0,240.0,36.0,199.0,8.0,5.0,0.0,0.0,0.0,0.0
2025/12/23,04:12:52,0,0.0,191.0,462.0,240.0,37.0,199.0,9.0,5.0,0.0,0.0,0.0,0.0
2025/12/23,04:12:57,0,0.0,194.0,459.0,240.0,37.0,199.0,9.0,5.0,0.0,0.0,0.0,0.0
2025/12/23,04:13:02,0,0.0,184.0,462.0,238.0,39.0,200.0,8.0,5.0,0.0,0.0,0.0,0.0
2025/12/23,04:13:07,0,0.0,212.0,463.0,240.0,11.0,199.0,4.0,0.0,0.0,0.0,0.0,0.0
2025/12/23,04:13:12,0,0.0,195.0,463.0,240.0,28.0,201.0,6.0,3.0,0.0,0.0,0.0,0.0
2025/12/23,04:13:17,0,0.0,189.0,462.0,239.0,39.0,199.0,9.0,5.0,0.0,0.0,0.0,-0.0008
2025/12/23,04:13:22,0,0.0,201.0,463.0,239.0,21.0,199.0,6.0,2.0,0.0,0.0,0.0,0.0
2025/12/23,04:13:27,0,0.0,206.0,464.0,239.0,14.0,199.0,3.0,1.0,0.0,0.0,0.0,-0.0008
2025/12/23,04:13:32,0,0.0,209.0,462.0,239.0,17.0,199.0,3.0,0.0,0.0,0.0,0.0,0.0
2025/12/23,04:13:37,0,0.0,208.0,463.0,239.0,12.0,200.0,3.0,1.0,0.0,0.0,0.0,0.0
2025/12/23,04:13:42,0,0.0,201.0,462.0,239.0,21.0,198.0,5.0,2.0,0.0,0.0,0.0,0.0
2025/12/23,04:13:47,0,0.0,192.0,461.0,239.0,43.0,199.0,9.0,5.0,0.0,0.0,0.0,0.0
2025/12/23,04:13:52,0,0.0,195.0,461.0,239.0,21.0,201.0,5.0,2.0,0.0,0.0,0.0,0.0
2025/12/23,04:13:57,0,0.0,207.0,464.0,240.0,12.0,200.0,3.0,1.0,0.0,0.0,0.0,0.0
2025/12/23,04:14:02,0,0.0,195.0,463.0,240.0,38.0,200.0,9.0,5.0,0.0,0.0,0.0,0.0
2025/12/23,04:14:07,0,0.0,202.0,464.0,240.0,16.0,199.0,4.0,1.0,0.0,0.0,0.0,0.0
2025/12/23,04:14:12,0,0.0,195.0,464.0,239.0,22.0,200.0,5.0,2.0,0.0,0.0,0.0,0.0
2025/12/23,04:14:17,0,0.0,188.0,462.0,239.0,39.0,199.0,9.0,5.0,0.0,0.0,0.0,0.0
2025/12/23,04:14:22,0,0.0,208.0,464.0,240.0,10.0,200.0,3.0,0.0,0.0,0.0,0.0,-0.0008
2025/12/23,04:14:27,0,0.0,193.0,463.0,237.0,38.0,200.0,9.0,5.0,0.0,0.0,0.0,0.0
2025/12/23,04:14:32,0,0.0,205.0,462.0,239.0,9.0,200.0,3.0,0.0,0.0,0.0,0.0,0.0
2025/12/23,04:14:37,0,0.0,188.0,462.0,238.0,39.0,199.0,9.0,5.0,0.0,0.0,0.0,0.0
2025/12/23,04:14:42,0,0.0,195.0,462.0,239.0,29.0,199.0,7.0,3.0,0.0,0.0,0.0,0.0
2025/12/23,04:14:47,0,0.0,212.0,463.0,240.0,10.0,200.0,3.0,0.0,0.0,0.0,0.0,0.0
2025/12/23,04:14:52,0,0.0,184.0,461.0,240.0,41.0,198.0,9.0,5.0,0.0,0.0,0.0,0.0
2025/12/23,04:14:57,0,0.0,191.0,464.0,240.0,31.0,200.0,7.0,4.0,0.0,0.0,0.0,0.0
2025/12/23,04:15:02,0,0.0,211.0,464.0,240.0,9.0,199.0,3.0,0.0,0.0,0.0,0.0,0.0
2025/12/23,04:15:07,0,0.0,189.0,463.0,239.0,42.0,199.0,10.0,5.0,0.0,0.0,0.0,0.0
2025/12/23,04:15:12,0,0.0,197.0,463.0,239.0,22.0,199.0,6.0,2.0,0.0,0.0,0.0,0.0
2025/12/23,04:16:08,0,0.0,194.0,463.0,237.0,47.0,198.0,11.0,8.0,0.0,0.0,0.0,0.0
2025/12/23,04:16:12,0,0.0,187.0,462.0,239.0,37.0,200.0,8.0,5.0,0.0,0.0,0.0,0.0
2025/12/23,04:16:17,0,0.0,193.0,461.0,239.0,31.0,199.0,7.0,4.0,0.0,0.0,0.0,0.0
2025/12/23,04:16:22,0,1.0,208.0,464.0,239.0,12.0,201.0,4.0,1.0,0.0,0.0,0.0,0.0
2025/12/23,04:16:27,0,0.0,190.0,461.0,240.0,39.0,200.0,8.0,5.0,0.0,0.0,0.0,0.0
2025/12/23,04:16:32,0,0.0,208.0,463.0,239.0,11.0,200.0,4.0,1.0,0.0,0.0,0.0,0.0
2025/12/23,04:16:37,0,0.0,195.0,462.0,240.0,39.0,198.0,9.0,5.0,0.0,0.0,0.0,0.0
2025/12/23,04:16:42,0,0.0,212.0,463.0,240.0,9.0,199.0,3.0,0.0,0.0,0.0,0.0,0.0
2025/12/23,04:16:47,0,0.0,191.0,461.0,239.0,41.0,200.0,9.0,5.0,0.0,0.0,0.0,0.0
2025/12/23,04:16:52,0,0.0,199.0,464.0,239.0,11.0,198.0,3.0,1.0,0.0,0.0,0.0,0.0
2025/12/23,04:16:57,0,0.0,183.0,462.0,239.0,39.0,200.0,8.0,5.0,0.0,0.0,0.0,0.0
2025/12/23,04:17:02,0,0.0,196.0,464.0,237.0,10.0,198.0,3.0,0.0,0.0,0.0,0.0,-0.0008
2025/12/23,04:17:07,0,0.0,186.0,461.0,240.0,39.0,199.0,9.0,5.0,0.0,0.0,0.0,0.0
2025/12/23,04:17:12,0,0.0,200.0,461.0,240.0,10.0,199.0,3.0,0.0,0.0,0.0,0.0,0.0
2025/12/23,04:17:17,0,0.0,186.0,463.0,239.0,39.0,199.0,9.0,5.0,0.0,0.0,0.0,0.0
2025/12/23,04:17:22,0,0.0,201.0,463.0,238.0,9.0,198.0,3.0,0.0,0.0,0.0,0.0,0.0
2025/12/23,04:17:27,0,0.0,187.0,461.0,239.0,41.0,199.0,9.0,5.0,0.0,0.0,0.0,0.0
2025/12/23,04:17:32,0,0.0,202.0,463.0,238.0,10.0,199.0,3.0,0.0,0.0,0.0,0.0,0.0
2025/12/23,04:17:37,0,0.0,191.0,462.0,239.0,39.0,200.0,8.0,6.0,0.0,0.0,0.0,0.0
2025/12/23,04:17:42,0,0.0,208.0,464.0,240.0,10.0,200.0,2.0,0.0,0.0,0.0,0.0,0.0
2025/12/23,04:17:47,0,0.0,195.0,462.0,239.0,40.0,199.0,9.0,5.0,0.0,0.0,0.0,0.0
2025/12/23,04:17:52,0,0.0,207.0,464.0,239.0,12.0,200.0,4.0,1.0,0.0,0.0,0.0,0.0
2025/12/23,04:17:57,0,0.0,194.0,463.0,239.0,24.0,199.0,5.0,2.0,0.0,0.0,0.0,0.0
2025/12/23,04:18:02,0,0.0,188.0,462.0,239.0,39.0,199.0,9.0,5.0,0.0,0.0,0.0,0.0
2025/12/23,04:18:48,0,0.0,194.0,462.0,239.0,49.0,198.0,12.0,7.0,0.0,0.0,0.0,0.0
2025/12/23,04:18:52,0,0.0,210.0,461.0,237.0,9.0,198.0,4.0,0.0,0.0,0.0,0.0,0.0
2025/12/23,04:18:57,0,0.0,195.0,463.0,239.0,25.0,199.0,5.0,2.0,0.0,0.0,0.0,0.0
2025/12/23,04:19:02,0,0.0,193.0,462.0,239.0,40.0,199.0,9.0,5.0,0.0,0.0,0.0,0.0
2025/12/23,04:19:07,0,0.0,203.0,464.0,240.0,12.0,199.0,4.0,1.0,0.0,0.0,0.0,0.0
2025/12/23,04:19:12,0,0.0,195.0,462.0,240.0,13.0,198.0,4.0,1.0,0.0,0.0,0.0,0.0
2025/12/23,04:19:17,0,0.0,188.0,462.0,238.0,40.0,199.0,9.0,5.0,0.0,0.0,0.0,0.0
2025/12/23,04:19:22,0,0.0,212.0,464.0,239.0,10.0,200.0,4.0,1.0,0.0,0.0,0.0,0.0
2025/12/23,04:19:27,0,0.0,195.0,463.0,239.0,31.0,200.0,6.0,4.0,0.0,0.0,0.0,0.0
2025/12/23,04:19:32,0,0.0,186.0,462.0,241.0,39.0,199.0,9.0,5.0,0.0,0.0,0.0,0.0
2025/12/23,04:19:37,0,0.0,210.0,464.0,239.0,10.0,200.0,2.0,1.0,0.0,0.0,0.0,0.0
2025/12/23,04:19:42,0,0.0,191.0,459.0,239.0,38.0,198.0,8.0,5.0,0.0,0.0,0.0,0.0
2025/12/23,04:19:47,0,0.0,195.0,463.0,240.0,28.0,200.0,6.0,2.0,0.0,0.0,0.0,0.0
2025/12/23,04:19:52,0,0.0,199.0,463.0,240.0,8.0,198.0,3.0,0.0,0.0,0.0,0.0,0.0
2025/12/23,04:19:57,0,1.0,193.0,462.0,239.0,42.0,199.0,9.0,5.0,0.0,0.0,0.0,0.0
2025/12/23,04:20:02,0,0.0,211.0,464.0,239.0,10.0,200.0,3.0,0.0,0.0,0.0,0.0,0.0
2025/12/23,04:20:07,0,0.0,195.0,460.0,239.0,39.0,199.0,8.0,5.0,0.0,0.0,0.0,0.0
2025/12/23,04:20:12,0,0.0,208.0,460.0,239.0,11.0,199.0,4.0,0.0,0.0,0.0,0.0,0.0
2025/12/23,04:20:17,0,0.0,191.0,462.0,240.0,38.0,199.0,8.0,5.0,0.0,0.0,0.0,0.0
2025/12/23,04:20:22,0,0.0,203.0,464.0,239.0,14.0,199.0,4.0,1.0,0.0,0.0,0.0,0.0
2025/12/23,04:20:27,0,0.0,193.0,462.0,239.0,32.0,199.0,7.0,4.0,0.0,0.0,0.0,-0.0008
2025/12/23,04:20:32,0,0.0,200.0,463.0,240.0,21.0,199.0,5.0,3.0,0.0,0.0,0.0,0.0
2025/12/23,04:20:37,0,0.0,194.0,463.0,237.0,29.0,198.0,7.0,4.0,-0.0008,0.0,0.0,0.0
2025/12/23,04:20:42,0,0.0,196.0,464.0,240.0,21.0,200.0,5.0,3.0,0.0,0.0,0.0,0.0
2025/12/23,04:20:47,0,0.0,193.0,462.0,237.0,20.0,199.0,5.0,2.0,0.0,0.0,0.0,0.0
2025/12/23,04:20:52,0,0.0,186.0,462.0,239.0,34.0,199.0,8.0,4.0,0.0,0.0,0.0,0.0
2025/12/23,04:20:57,0,0.0,201.0,464.0,240.0,12.0,200.0,2.0,1.0,0.0,0.0,0.0,0.0
2025/12/23,04:21:02,0,0.0,187.0,461.0,239.0,41.0,199.0,9.0,5.0,0.0,0.0,0.0,0.0
2025/12/23,04:21:07,0,0.0,207.0,462.0,239.0,9.0,199.0,3.0,0.0,0.0,0.0,0.0,-0.0008
2025/12/23,04:21:12,0,0.0,195.0,461.0,239.0,40.0,199.0,9.0,5.0,0.0,0.0,0.0,0.0
2025/12/23,04:21:17,0,0.0,212.0,463.0,240.0,10.0,200.0,3.0,0.0,0.0,0.0,0.0,0.0
2025/12/23,04:21:22,0,0.0,193.0,459.0,239.0,42.0,201.0,8.0,5.0,0.0,0.0,0.0,0.0
2025/12/23,04:21:27,0,0.0,205.0,463.0,239.0,9.0,201.0,2.0,0.0,0.0,0.0,0.0,-0.0008
2025/12/23,04:21:32,0,0.0,185.0,462.0,238.0,39.0,199.0,9.0,5.0,0.0,0.0,0.0,-0.0008
2025/12/23,04:21:37,0,0.0,195.0,464.0,239.0,17.0,200.0,3.0,2.0,0.0,0.0,0.0,0.0
2025/12/23,04:21:42,0,0.0,196.0,464.0,240.0,26.0,200.0,6.0,3.0,0.0,0.0,0.0,0.0
2025/12/23,04:21:47,0,0.0,194.0,463.0,239.0,28.0,200.0,6.0,4.0,0.0,0.0,0.0,0.0
2025/12/23,04:21:52,0,0.0,206.0,464.0,239.0,13.0,199.0,4.0,1.0,0.0,0.0,0.0,0.0
2025/12/23,04:21:57,0,0.0,194.0,462.0,239.0,40.0,198.0,9.0,5.0,0.0,0.0,0.0,0.0
2025/12/23,04:22:02,0,0.0,194.0,463.0,238.0,13.0,199.0,3.0,1.0,0.0,0.0,0.0,0.0
2025/12/23,04:22:07,0,0.0,205.0,461.0,239.0,14.0,197.0,4.0,1.0,0.0,0.0,0.0,0.0
2025/12/23,04:22:12,0,0.0,194.0,462.0,237.0,38.0,198.0,9.0,4.0,0.0,0.0,0.0,0.0
2025/12/23,04:22:17,0,0.0,207.0,463.0,239.0,8.0,200.0,3.0,0.0,0.0,0.0,0.0,0.0
2025/12/23,04:22:22,0,0.0,188.0,461.0,238.0,41.0,199.0,9.0,5.0,0.0,0.0,0.0,-0.0008
2025/12/23,04:22:27,0,0.0,194.0,463.0,239.0,17.0,199.0,4.0,1.0,0.0,0.0,0.0,0.0
2025/12/23,04:22:32,0,0.0,191.0,462.0,239.0,28.0,198.0,7.0,3.0,0.0,0.0,0.0,0.0
2025/12/23,04:22:37,0,0.0,195.0,464.0,239.0,19.0,199.0,5.0,1.0,0.0,0.0,0.0,0.0
2025/12/23,04:22:42,0,0.0,187.0,463.0,239.0,35.0,198.0,9.0,6.0,0.0,0.0,0.0,0.0
2025/12/23,04:22:47,0,0.0,200.0,463.0,239.0,10.0,199.0,4.0,0.0,0.0,0.0,0.0,0.0
2025/12/23,04:22:52,0,0.0,187.0,462.0,239.0,41.0,200.0,8.0,5.0,0.0,0.0,0.0,0.0
2025/12/23,04:22:57,0,0.0,201.0,463.0,239.0,9.0,198.0,3.0,0.0,0.0,0.0,0.0,0.0
2025/12/23,04:23:02,0,0.0,186.0,463.0,239.0,39.0,198.0,10.0,6.0,0.0,0.0,0.0,0.0
2025/12/23,04:23:07,0,0.0,197.0,462.0,239.0,15.0,200.0,3.0,1.0,0.0,0.0,0.0,-0.0008
2025/12/23,04:23:12,0,0.0,197.0,462.0,240.0,21.0,200.0,5.0,2.0,0.0,0.0,0.0,0.0
2025/12/23,04:23:17,0,0.0,194.0,462.0,240.0,40.0,200.0,8.0,5.0,0.0,0.0,0.0,0.0
2025/12/23,04:23:22,0,0.0,203.0,464.0,237.0,8.0,199.0,3.0,1.0,0.0,0.0,0.0,0.0
2025/12/23,04:23:27,0,0.0,184.0,461.0,238.0,37.0,200.0,8.0,5.0,0.0,0.0,0.0,0.0
2025/12/23,04:23:32,0,0.0,196.0,463.0,239.0,25.0,199.0,6.0,3.0,0.0,0.0,0.0,-0.0008
2025/12/23,04:23:37,0,0.0,206.0,463.0,239.0,12.0,199.0,4.0,1.0,0.0,0.0,0.0,0.0
2025/12/23,04:23:42,0,0.0,191.0,461.0,239.0,42.0,199.0,9.0,5.0,0.0,0.0,0.0,0.0
2025/12/23,04:23:47,0,0.0,194.0,462.0,239.0,25.0,198.0,6.0,3.0,0.0,0.0,0.0,0.0
2025/12/23,04:23:52,0,0.0,206.0,464.0,238.0,8.0,199.0,2.0,0.0,0.0,0.0,0.0,0.0
2025/12/23,04:23:57,0,0.0,194.0,462.0,237.0,25.0,199.0,6.0,3.0,0.0,0.0,0.0,0.0
2025/12/23,04:24:02,0,0.0,192.0,462.0,239.0,39.0,199.0,8.0,5.0,0.0,0.0,0.0,0.0
2025/12/23,04:24:07,0,0.0,208.0,463.0,239.0,9.0,199.0,3.0,0.0,0.0,0.0,0.0,0.0
2025/12/23,04:24:12,0,0.0,189.0,460.0,239.0,41.0,199.0,10.0,5.0,0.0,0.0,0.0,0.0
2025/12/23,04:24:17,0,0.0,203.0,463.0,240.0,10.0,200.0,3.0,0.0,0.0,0.0,0.0,0.0
2025/12/23,04:24:22,0,0.0,186.0,461.0,239.0,39.0,198.0,9.0,5.0,0.0,0.0,0.0,0.0
2025/12/23,04:24:27,0,0.0,197.0,463.0,238.0,11.0,198.0,3.0,0.0,0.0,0.0,0.0,-0.0008
2025/12/23,04:24:32,0,0.0,186.0,462.0,239.0,38.0,200.0,8.0,5.0,0.0,0.0,0.0,0.0
2025/12/23,04:24:37,0,0.0,197.0,464.0,240.0,10.0,200.0,3.0,0.0,0.0,0.0,0.0,0.0
2025/12/23,04:24:42,0,0.0,190.0,461.0,238.0,31.0,200.0,7.0,3.0,0.0,0.0,0.0,0.0
2025/12/23,04:24:47,0,0.0,192.0,461.0,239.0,40.0,198.0,9.0,5.0,0.0,0.0,0.0,0.0
2025/12/23,04:24:52,0,2.0,196.0,461.0,240.0,40.0,200.0,7.0,5.0,0.0,0.0,0.0,0.0
2025/12/23,04:24:57,0,0.0,190.0,462.0,238.0,36.0,198.0,8.0,5.0,0.0,0.0,0.0,0.0
2025/12/23,04:25:02,0,0.0,193.0,463.0,237.0,32.0,199.0,7.0,4.0,0.0,0.0,0.0,0.0
2025/12/23,04:25:07,0,0.0,198.0,460.0,237.0,8.0,199.0,3.0,1.0,0.0,0.0,0.0,0.0
2025/12/23,04:25:12,0,0.0,205.0,462.0,238.0,14.0,199.0,4.0,1.0,0.0,0.0,0.0,0.0
2025/12/23,04:25:17,0,0.0,190.0,462.0,239.0,42.0,200.0,8.0,5.0,0.0,0.0,0.0,0.0
2025/12/23,04:25:22,0,0.0,193.0,463.0,239.0,22.0,199.0,5.0,3.0,0.0,0.0,0.0,0.0
2025/12/23,04:25:27,0,0.0,214.0,461.0,239.0,12.0,199.0,3.0,0.0,0.0,0.0,0.0,0.0
2025/12/23,04:26:02,0,0.0,191.0,462.0,239.0,43.0,200.0,9.0,5.0,0.0,0.0,0.0,-0.0008
2025/12/23,04:26:04,0,0.0,188.0,463.0,239.0,31.0,198.0,8.0,4.0,0.0,0.0,0.0,0.0
2025/12/23,04:26:09,0,0.0,193.0,461.0,239.0,37.0,199.0,8.0,5.0,0.0,0.0,0.0,0.0
2025/12/23,04:26:14,0,0.0,195.0,461.0,239.0,10.0,200.0,3.0,0.0,0.0,0.0,0.0,0.0
2025/12/23,04:26:19,0,0.0,213.0,464.0,239.0,10.0,200.0,3.0,0.0,0.0,0.0,0.0,-0.0008
2025/12/23,04:26:24,0,0.0,203.0,463.0,239.0,14.0,199.0,4.0,0.0,0.0,0.0,0.0,-0.0008
2025/12/23,04:26:29,0,0.0,198.0,463.0,240.0,20.0,200.0,5.0,2.0,0.0,0.0,0.0,0.0
2025/12/23,04:26:34,0,0.0,202.0,463.0,240.0,20.0,200.0,5.0,1.0,0.0,0.0,0.0,0.0
2025/12/23,04:26:39,0,0.0,203.0,463.0,238.0,14.0,199.0,4.0,0.0,0.0,0.0,0.0,0.0
2025/12/23,04:26:44,0,0.0,210.0,464.0,239.0,12.0,199.0,3.0,0.0,0.0,0.0,0.0,0.0
2025/12/23,04:26:49,0,0.0,209.0,464.0,239.0,12.0,199.0,3.0,0.0,0.0,0.0,0.0,0.0
2025/12/23,04:26:54,0,0.0,203.0,463.0,239.0,10.0,199.0,3.0,0.0,0.0,0.0,0.0,0.0
2025/12/23,04:26:59,0,0.0,198.0,463.0,240.0,12.0,199.0,3.0,0.0,0.0,0.0,0.0,0.0
2025/12/23,04:27:04,0,0.0,199.0,463.0,240.0,10.0,198.0,3.0,0.0,0.0,0.0,0.0,0.0
2025/12/23,04:27:09,0,0.0,196.0,464.0,239.0,7.0,199.0,3.0,0.0,0.0,0.0,0.0,-0.0008
2025/12/23,04:27:14,0,0.0,200.0,463.0,238.0,10.0,199.0,3.0,0.0,0.0,0.0,0.0,0.0
2025/12/23,04:27:19,0,0.0,204.0,463.0,240.0,10.0,199.0,3.0,0.0,0.0,0.0,0.0,0.0
2025/12/23,04:27:24,0,0.0,207.0,461.0,239.0,8.0,199.0,3.0,1.0,0.0,0.0,0.0,0.0
2025/12/23,04:27:29,0,0.0,193.0,462.0,239.0,29.0,199.0,7.0,4.0,0.0,0.0,0.0,0.0
2025/12/23,04:27:34,0,0.0,188.0,462.0,239.0,41.0,198.0,9.0,5.0,0.0,0.0,0.0,0.0
2025/12/23,04:27:39,0,0.0,196.0,461.0,238.0,38.0,198.0,8.0,4.0,0.0,0.0,0.0,0.0
2025/12/23,04:27:44,0,0.0,195.0,462.0,239.0,33.0,200.0,8.0,4.0,0.0,0.0,0.0,0.0
2025/12/23,04:27:49,0,0.0,197.0,463.0,240.0,11.0,200.0,3.0,1.0,0.0,0.0,0.0,0.0
2025/12/23,04:27:54,0,0.0,206.0,465.0,239.0,12.0,199.0,3.0,0.0,0.0,0.0,0.0,0.0
2025/12/23,04:27:59,0,0.0,192.0,462.0,239.0,40.0,200.0,9.0,5.0,0.0,0.0,0.0,-0.0008
2025/12/23,04:28:04,0,0.0,194.0,459.0,239.0,17.0,200.0,4.0,2.0,0.0,0.0,0.0,0.0
2025/12/23,04:28:09,0,0.0,209.0,463.0,239.0,15.0,200.0,3.0,0.0,0.0,0.0,0.0,0.0
2025/12/23,04:28:14,0,0.0,191.0,462.0,239.0,41.0,199.0,9.0,5.0,0.0,0.0,0.0,0.0
2025/12/23,04:28:19,0,0.0,195.0,464.0,238.0,9.0,198.0,3.0,1.0,0.0,0.0,0.0,0.0
2025/12/23,04:28:24,0,0.0,205.0,463.0,238.0,14.0,198.0,4.0,1.0,0.0,0.0,0.0,-0.0008
2025/12/23,04:28:29,0,0.0,192.0,462.0,239.0,42.0,198.0,8.0,5.0,0.0,0.0,0.0,0.0
2025/12/23,04:28:34,0,0.0,195.0,464.0,239.0,11.0,200.0,2.0,0.0,0.0,0.0,0.0,0.0
2025/12/23,04:28:39,0,0.0,208.0,464.0,239.0,15.0,199.0,4.0,0.0,0.0,0.0,0.0,0.0
2025/12/23,04:28:44,0,0.0,188.0,462.0,239.0,40.0,200.0,8.0,5.0,0.0,0.0,0.0,0.0
2025/12/23,04:28:49,0,0.0,193.0,462.0,239.0,32.0,199.0,7.0,4.0,0.0,0.0,0.0,0.0
2025/12/23,04:28:54,0,0.0,185.0,462.0,239.0,33.0,200.0,7.0,3.0,0.0,0.0,0.0,0.0
2025/12/23,04:28:59,0,0.0,184.0,463.0,239.0,37.0,200.0,7.0,6.0,0.0,0.0,0.0,0.0
2025/12/23,04:29:04,0,0.0,191.0,459.0,239.0,36.0,198.0,9.0,5.0,0.0,0.0,0.0,-0.0008
2025/12/23,04:29:09,0,0.0,205.0,464.0,240.0,7.0,198.0,3.0,0.0,0.0,0.0,0.0,0.0
2025/12/23,04:29:14,0,0.0,187.0,462.0,238.0,33.0,199.0,8.0,4.0,0.0,0.0,0.0,0.0
2025/12/23,04:29:19,0,0.0,193.0,462.0,237.0,37.0,198.0,8.0,5.0,0.0,0.0,0.0,0.0
2025/12/23,04:29:24,0,0.0,213.0,461.0,239.0,11.0,198.0,3.0,0.0,0.0,0.0,0.0,0.0
2025/12/23,04:29:29,0,0.0,188.0,462.0,239.0,42.0,200.0,9.0,5.0,0.0,0.0,0.0,0.0
2025/12/23,04:29:34,0,0.0,195.0,463.0,240.0,17.0,200.0,5.0,1.0,0.0,0.0,0.0,0.0
2025/12/23,04:29:39,0,0.0,207.0,463.0,239.0,12.0,199.0,3.0,1.0,0.0,0.0,0.0,0.0
2025/12/23,04:29:44,0,0.0,190.0,462.0,239.0,41.0,199.0,9.0,5.0,0.0,0.0,0.0,0.0
2025/12/23,04:29:49,0,0.0,194.0,459.0,239.0,34.0,198.0,7.0,4.0,0.0,0.0,0.0,0.0
2025/12/23,04:29:54,0,0.0,207.0,462.0,239.0,9.0,200.0,2.0,0.0,0.0,0.0,0.0,0.0
2025/12/23,04:29:59,0,0.0,198.0,462.0,237.0,23.0,199.0,6.0,3.0,0.0,0.0,0.0,0.0
2025/12/23,04:30:04,0,0.0,192.0,460.0,239.0,40.0,200.0,8.0,5.0,0.0,0.0,0.0,0.0
2025/12/23,04:30:09,0,0.0,198.0,463.0,239.0,10.0,199.0,3.0,0.0,0.0,0.0,0.0,0.0
2025/12/23,04:30:14,0,0.0,208.0,463.0,239.0,10.0,198.0,3.0,1.0,0.0,0.0,0.0,0.0
2025/12/23,04:30:19,0,0.0,187.0,462.0,239.0,41.0,199.0,9.0,5.0,0.0,0.0,0.0,0.0
2025/12/23,04:30:24,0,0.0,194.0,462.0,239.0,20.0,198.0,4.0,2.0,0.0,0.0,0.0,0.0
2025/12/23,04:30:29,0,0.0,198.0,462.0,240.0,19.0,200.0,5.0,2.0,0.0,0.0,0.0,0.0
2025/12/23,04:30:34,0,0.0,192.0,462.0,239.0,38.0,200.0,8.0,5.0,0.0,0.0,0.0,-0.0008
2025/12/23,04:30:39,0,0.0,211.0,464.0,239.0,9.0,199.0,3.0,0.0,0.0,0.0,0.0,0.0
2025/12/23,04:30:44,0,0.0,190.0,462.0,238.0,42.0,200.0,8.0,5.0,0.0,0.0,0.0,0.0
2025/12/23,04:30:49,0,0.0,201.0,463.0,239.0,11.0,199.0,3.0,0.0,0.0,0.0,0.0,0.0
2025/12/23,04:30:54,0,0.0,185.0,462.0,238.0,36.0,200.0,9.0,5.0,0.0,0.0,0.0,0.0
2025/12/23,04:30:59,0,0.0,197.0,464.0,238.0,13.0,198.0,4.0,0.0,0.0,0.0,0.0,0.0
2025/12/23,04:31:04,0,0.0,193.0,462.0,239.0,25.0,199.0,6.0,3.0,0.0,0.0,0.0,0.0
2025/12/23,04:31:09,0,0.0,194.0,464.0,239.0,16.0,200.0,3.0,1.0,0.0,0.0,0.0,0.0
2025/12/23,04:31:14,0,0.0,186.0,462.0,240.0,39.0,199.0,9.0,5.0,0.0,0.0,0.0,0.0
2025/12/23,04:31:19,0,0.0,196.0,462.0,239.0,20.0,200.0,4.0,2.0,0.0,0.0,0.0,0.0
2025/12/23,04:31:24,0,0.0,201.0,463.0,239.0,15.0,199.0,4.0,2.0,0.0,0.0,0.0,0.0
2025/12/23,04:31:29,0,0.0,191.0,463.0,237.0,36.0,199.0,8.0,5.0,0.0,0.0,0.0,0.0
2025/12/23,04:31:34,0,0.0,207.0,463.0,239.0,10.0,201.0,4.0,1.0,0.0,0.0,0.0,0.0
2025/12/23,04:31:39,0,0.0,190.0,461.0,239.0,38.0,200.0,8.0,5.0,0.0,0.0,0.0,0.0
2025/12/23,04:31:44,0,0.0,209.0,463.0,239.0,13.0,199.0,4.0,1.0,0.0,0.0,0.0,0.0
2025/12/23,04:31:49,0,0.0,193.0,463.0,237.0,27.0,198.0,6.0,3.0,0.0,0.0,0.0,0.0
2025/12/23,04:31:54,0,0.0,185.0,462.0,238.0,37.0,198.0,9.0,5.0,0.0,0.0,0.0,-0.0008
2025/12/23,04:31:59,0,0.0,202.0,464.0,239.0,9.0,200.0,3.0,0.0,0.0,0.0,0.0,0.0
2025/12/23,04:32:04,0,0.0,193.0,462.0,238.0,41.0,198.0,9.0,5.0,0.0,0.0,0.0,0.0
2025/12/23,04:32:09,0,0.0,209.0,463.0,239.0,10.0,198.0,4.0,1.0,0.0,0.0,0.0,0.0
2025/12/23,04:32:14,0,0.0,193.0,462.0,240.0,33.0,199.0,7.0,3.0,0.0,0.0,0.0,0.0
2025/12/23,04:32:19,0,0.0,197.0,463.0,239.0,23.0,199.0,6.0,2.0,0.0,0.0,0.0,0.0
2025/12/23,04:32:24,0,0.0,193.0,462.0,239.0,34.0,199.0,7.0,4.0,0.0,0.0,0.0,-0.0008
2025/12/23,04:32:29,0,0.0,199.0,463.0,239.0,19.0,199.0,5.0,2.0,0.0,0.0,0.0,0.0
2025/12/23,04:32:34,0,0.0,196.0,464.0,238.0,17.0,199.0,4.0,1.0,0.0,-0.0008,0.0,0.0
2025/12/23,04:32:39,0,0.0,191.0,462.0,240.0,41.0,199.0,9.0,6.0,0.0,0.0,0.0,0.0
2025/12/23,04:32:44,0,0.0,210.0,464.0,239.0,9.0,200.0,3.0,1.0,0.0,0.0,0.0,0.0
2025/12/23,04:32:49,0,0.0,195.0,464.0,239.0,17.0,199.0,4.0,2.0,0.0,0.0,0.0,0.0
2025/12/23,04:32:54,0,0.0,190.0,462.0,239.0,38.0,200.0,8.0,5.0,0.0,0.0,0.0,0.0
2025/12/23,04:32:59,0,0.0,189.0,461.0,239.0,39.0,199.0,9.0,5.0,0.0,0.0,0.0,-0.0008
2025/12/23,04:33:04,0,0.0,196.0,462.0,240.0,21.0,200.0,5.0,2.0,0.0,0.0,0.0,0.0
2025/12/23,04:33:09,0,0.0,208.0,464.0,239.0,7.0,199.0,3.0,0.0,0.0,0.0,0.0,0.0
2025/12/23,04:33:14,0,0.0,195.0,463.0,240.0,33.0,200.0,6.0,3.0,0.0,0.0,0.0,0.0
2025/12/23,04:33:19,0,0.0,192.0,462.0,241.0,39.0,199.0,9.0,6.0,0.0,0.0,0.0,0.0
2025/12/23,04:33:24,0,0.0,200.0,462.0,238.0,20.0,199.0,5.0,2.0,0.0,0.0,0.0,0.0
2025/12/23,04:33:29,0,0.0,208.0,463.0,239.0,9.0,198.0,3.0,0.0,0.0,0.0,0.0,0.0
2025/12/23,04:33:34,0,0.0,195.0,462.0,238.0,25.0,198.0,6.0,3.0,0.0,0.0,0.0,0.0
2025/12/23,04:33:39,0,0.0,195.0,462.0,239.0,38.0,199.0,9.0,5.0,0.0,0.0,0.0,0.0
2025/12/23,04:33:44,0,0.0,195.0,463.0,239.0,27.0,198.0,7.0,4.0,0.0,0.0,0.0,0.0
2025/12/23,04:33:49,0,0.0,212.0,464.0,239.0,9.0,199.0,3.0,0.0,0.0,0.0,0.0,0.0
2025/12/23,04:33:54,0,0.0,195.0,462.0,239.0,17.0,198.0,4.0,1.0,0.0,0.0,0.0,-0.0008
2025/12/23,04:33:59,0,0.0,195.0,462.0,239.0,38.0,199.0,8.0,5.0,0.0,0.0,0.0,-0.0008
2025/12/23,04:34:04,0,0.0,187.0,462.0,240.0,33.0,199.0,8.0,5.0,0.0,0.0,0.0,0.0
2025/12/23,04:34:09,0,0.0,212.0,461.0,239.0,13.0,198.0,4.0,1.0,0.0,0.0,0.0,0.0
2025/12/23,04:34:14,0,0.0,194.0,463.0,239.0,20.0,199.0,4.0,2.0,0.0,0.0,0.0,0.0
2025/12/23,04:34:19,0,0.0,188.0,462.0,239.0,39.0,199.0,9.0,6.0,0.0,0.0,0.0,0.0
2025/12/23,04:34:24,0,0.0,211.0,464.0,239.0,9.0,199.0,3.0,0.0,0.0,0.0,0.0,0.0
2025/12/23,04:34:29,0,0.0,190.0,462.0,240.0,39.0,198.0,9.0,5.0,0.0,0.0,0.0,0.0
2025/12/23,04:34:34,0,0.0,211.0,463.0,240.0,11.0,198.0,3.0,1.0,0.0,0.0,0.0,0.0
2025/12/23,04:34:39,0,0.0,192.0,462.0,237.0,33.0,198.0,7.0,4.0,0.0,0.0,0.0,0.0
2025/12/23,04:34:44,0,0.0,194.0,462.0,239.0,27.0,198.0,6.0,3.0,0.0,0.0,0.0,0.0
2025/12/23,04:34:49,0,0.0,200.0,460.0,237.0,9.0,198.0,3.0,0.0,0.0,0.0,-0.0008,0.0
2025/12/23,04:34:54,0,0.0,195.0,461.0,240.0,39.0,199.0,8.0,5.0,0.0,0.0,0.0,0.0
2025/12/23,04:34:59,0,0.0,196.0,463.0,239.0,20.0,199.0,6.0,3.0,0.0,0.0,0.0,0.0
2025/12/23,04:35:04,0,0.0,205.0,463.0,239.0,10.0,200.0,2.0,0.0,0.0,0.0,0.0,0.0
2025/12/23,04:35:09,0,0.0,192.0,463.0,240.0,36.0,200.0,8.0,4.0,0.0,0.0,0.0,0.0
2025/12/23,04:35:14,0,0.0,186.0,463.0,239.0,38.0,199.0,9.0,5.0,0.0,0.0,0.0,0.0
2025/12/23,04:35:19,0,0.0,202.0,460.0,238.0,14.0,199.0,4.0,1.0,0.0,0.0,0.0,0.0
2025/12/23,04:35:24,0,0.0,208.0,464.0,239.0,9.0,199.0,2.0,0.0,0.0,0.0,0.0,0.0
2025/12/23,04:35:29,0,0.0,194.0,463.0,239.0,27.0,200.0,6.0,4.0,0.0,0.0,0.0,0.0
2025/12/23,04:35:34,0,1.0,193.0,461.0,239.0,39.0,199.0,9.0,5.0,0.0,0.0,0.0,-0.0008
2025/12/23,04:36:40,0,0.0,195.0,462.0,237.0,45.0,198.0,11.0,6.0,0.0,0.0,0.0,0.0
2025/12/23,04:36:44,0,0.0,208.0,464.0,239.0,8.0,198.0,3.0,1.0,0.0,0.0,0.0,-0.0008
2025/12/23,04:36:49,0,0.0,195.0,461.0,239.0,32.0,198.0,7.0,4.0,0.0,0.0,0.0,-0.0008
2025/12/23,04:36:54,0,0.0,191.0,462.0,239.0,39.0,200.0,8.0,5.0,0.0,0.0,0.0,0.0
2025/12/23,04:36:59,0,0.0,196.0,463.0,239.0,22.0,198.0,6.0,3.0,0.0,0.0,0.0,-0.0008
2025/12/23,04:37:04,0,0.0,212.0,462.0,239.0,10.0,199.0,3.0,0.0,0.0,0.0,0.0,0.0
2025/12/23,04:37:09,0,0.0,194.0,463.0,239.0,9.0,200.0,3.0,1.0,0.0,0.0,0.0,0.0
2025/12/23,04:37:14,0,0.0,193.0,462.0,239.0,37.0,199.0,8.0,5.0,0.0,0.0,0.0,0.0
2025/12/23,04:37:19,0,0.0,184.0,463.0,240.0,39.0,198.0,9.0,5.0,0.0,0.0,0.0,0.0
2025/12/23,04:37:24,0,0.0,209.0,463.0,239.0,11.0,200.0,4.0,0.0,0.0,0.0,0.0,0.0
2025/12/23,04:37:29,0,0.0,197.0,464.0,240.0,11.0,199.0,3.0,0.0,0.0,0.0,0.0,0.0
2025/12/23,04:37:34,0,0.0,193.0,463.0,238.0,32.0,199.0,7.0,3.0,0.0,0.0,0.0,-0.0008
2025/12/23,04:37:39,0,0.0,190.0,461.0,238.0,38.0,199.0,9.0,5.0,0.0,0.0,0.0,-0.0008
2025/12/23,04:37:44,0,0.0,213.0,463.0,239.0,11.0,199.0,3.0,0.0,0.0,0.0,0.0,0.0
2025/12/23,04:37:49,0,0.0,191.0,462.0,238.0,40.0,198.0,8.0,6.0,0.0,0.0,0.0,0.0
2025/12/23,04:37:54,0,0.0,196.0,463.0,238.0,18.0,200.0,4.0,2.0,0.0,0.0,0.0,0.0
2025/12/23,04:37:59,0,0.0,207.0,464.0,239.0,10.0,198.0,3.0,1.0,0.0,0.0,0.0,0.0
2025/12/23,04:38:04,0,0.0,191.0,462.0,239.0,39.0,199.0,9.0,5.0,0.0,0.0,0.0,0.0
2025/12/23,04:38:09,0,0.0,197.0,464.0,239.0,10.0,199.0,3.0,1.0,0.0,0.0,0.0,0.0
2025/12/23,04:38:14,0,0.0,200.0,463.0,238.0,16.0,201.0,4.0,1.0,0.0,0.0,0.0,0.0
2025/12/23,04:38:19,0,0.0,196.0,462.0,238.0,38.0,198.0,7.0,5.0,0.0,0.0,0.0,0.0
2025/12/23,04:38:24,0,0.0,201.0,464.0,238.0,8.0,199.0,3.0,0.0,0.0,0.0,0.0,0.0
2025/12/23,04:38:29,0,0.0,194.0,464.0,239.0,29.0,198.0,7.0,5.0,0.0,0.0,0.0,0.0
2025/12/23,04:38:34,0,0.0,194.0,464.0,240.0,28.0,200.0,6.0,3.0,0.0,0.0,0.0,-0.0008
2025/12/23,04:38:39,0,0.0,201.0,464.0,239.0,18.0,199.0,4.0,2.0,0.0,0.0,0.0,0.0
2025/12/23,04:38:44,0,0.0,191.0,462.0,239.0,37.0,199.0,7.0,4.0,0.0,0.0,0.0,0.0
2025/12/23,04:38:49,0,0.0,188.0,463.0,239.0,36.0,199.0,8.0,4.0,0.0,0.0,0.0,-0.0008
2025/12/23,04:38:54,0,0.0,191.0,461.0,239.0,40.0,199.0,9.0,5.0,0.0,0.0,0.0,0.0
2025/12/23,04:38:59,0,0.0,197.0,462.0,239.0,10.0,198.0,3.0,1.0,0.0,0.0,0.0,0.0
2025/12/23,04:39:04,0,0.0,195.0,460.0,239.0,25.0,198.0,7.0,3.0,0.0,0.0,0.0,0.0
2025/12/23,04:39:09,0,0.0,193.0,464.0,239.0,31.0,199.0,6.0,4.0,0.0,0.0,0.0,0.0
2025/12/23,04:39:14,0,0.0,207.0,464.0,239.0,10.0,200.0,2.0,0.0,0.0,0.0,0.0,0.0
2025/12/23,04:39:19,0,0.0,195.0,462.0,239.0,41.0,199.0,8.0,5.0,0.0,0.0,0.0,-0.0008
2025/12/23,04:39:24,0,0.0,203.0,464.0,239.0,8.0,199.0,3.0,0.0,0.0,0.0,0.0,0.0
2025/12/23,04:39:29,0,0.0,186.0,463.0,239.0,39.0,200.0,9.0,5.0,0.0,0.0,0.0,0.0
2025/12/23,04:39:34,0,0.0,209.0,464.0,239.0,10.0,199.0,3.0,0.0,0.0,0.0,0.0,0.0
2025/12/23,04:39:39,0,0.0,196.0,464.0,238.0,11.0,199.0,3.0,1.0,0.0,0.0,0.0,0.0
2025/12/23,04:39:44,0,0.0,190.0,462.0,239.0,35.0,200.0,7.0,5.0,0.0,0.0,0.0,0.0
2025/12/23,04:39:49,0,0.0,187.0,462.0,239.0,38.0,200.0,8.0,5.0,0.0,0.0,0.0,-0.0008
2025/12/23,04:39:54,0,0.0,202.0,463.0,239.0,16.0,200.0,3.0,1.0,0.0,0.0,0.0,0.0
2025/12/23,04:39:59,0,0.0,207.0,463.0,239.0,10.0,199.0,3.0,1.0,0.0,0.0,0.0,0.0
2025/12/23,04:40:04,0,0.0,192.0,462.0,239.0,28.0,198.0,6.0,4.0,0.0,0.0,0.0,0.0
2025/12/23,04:40:09,0,0.0,188.0,462.0,239.0,40.0,198.0,9.0,5.0,0.0,0.0,0.0,0.0
2025/12/23,04:40:14,0,0.0,207.0,464.0,240.0,11.0,198.0,3.0,1.0,0.0,0.0,0.0,0.0
2025/12/23,04:40:19,0,0.0,197.0,463.0,239.0,11.0,199.0,3.0,1.0,0.0,0.0,0.0,0.0
2025/12/23,04:40:24,0,0.0,194.0,463.0,237.0,38.0,198.0,9.0,5.0,0.0,0.0,0.0,0.0
2025/12/23,04:40:29,0,0.0,186.0,462.0,239.0,40.0,200.0,8.0,5.0,0.0,0.0,0.0,0.0
2025/12/23,04:40:34,0,0.0,206.0,464.0,240.0,13.0,200.0,3.0,1.0,0.0,0.0,0.0,0.0
2025/12/23,04:40:39,0,0.0,204.0,463.0,240.0,9.0,198.0,3.0,0.0,0.0,0.0,0.0,0.0
2025/12/23,04:40:44,0,0.0,194.0,462.0,238.0,31.0,198.0,6.0,3.0,0.0,0.0,0.0,0.0
2025/12/23,04:40:49,0,0.0,193.0,463.0,239.0,39.0,200.0,8.0,5.0,0.0,0.0,0.0,0.0
2025/12/23,04:40:54,0,0.0,194.0,464.0,239.0,24.0,199.0,6.0,3.0,0.0,0.0,0.0,0.0
2025/12/23,04:40:59,0,0.0,211.0,463.0,238.0,11.0,199.0,3.0,1.0,0.0,0.0,0.0,0.0
2025/12/23,04:41:04,0,0.0,198.0,463.0,237.0,11.0,198.0,3.0,0.0,0.0,0.0,0.0,0.0
2025/12/23,04:41:09,0,0.0,191.0,462.0,237.0,31.0,198.0,7.0,4.0,0.0,0.0,0.0,0.0
2025/12/23,04:41:14,0,0.0,195.0,462.0,239.0,38.0,200.0,8.0,5.0,0.0,0.0,0.0,0.0
2025/12/23,04:41:19,0,0.0,193.0,463.0,239.0,28.0,200.0,7.0,4.0,0.0,0.0,0.0,0.0
2025/12/23,04:41:24,0,0.0,210.0,463.0,240.0,9.0,198.0,3.0,1.0,0.0,0.0,0.0,0.0
2025/12/23,04:41:29,0,0.0,203.0,463.0,238.0,10.0,198.0,3.0,0.0,0.0,0.0,0.0,-0.0008
2025/12/23,04:41:34,0,0.0,194.0,463.0,239.0,22.0,198.0,5.0,3.0,0.0,0.0,0.0,0.0
2025/12/23,04:41:39,0,0.0,198.0,462.0,238.0,36.0,199.0,8.0,5.0,0.0,0.0,0.0,0.0
2025/12/23,04:41:44,0,0.0,189.0,462.0,239.0,32.0,200.0,7.0,4.0,0.0,0.0,-0.0008,0.0
2025/12/23,04:41:49,0,0.0,211.0,463.0,239.0,11.0,198.0,4.0,0.0,0.0,0.0,0.0,0.0
2025/12/23,04:41:54,0,0.0,207.0,461.0,239.0,10.0,199.0,3.0,0.0,0.0,0.0,0.0,0.0
2025/12/23,04:41:59,0,0.0,198.0,464.0,239.0,12.0,199.0,2.0,1.0,0.0,0.0,0.0,0.0
2025/12/23,04:42:04,0,0.0,194.0,463.0,239.0,29.0,200.0,6.0,3.0,0.0,0.0,0.0,0.0
2025/12/23,04:42:09,0,0.0,194.0,462.0,239.0,38.0,199.0,8.0,5.0,0.0,0.0,0.0,0.0
2025/12/23,04:42:14,0,0.0,193.0,463.0,239.0,22.0,198.0,7.0,3.0,0.0,0.0,0.0,0.0
2025/12/23,04:42:19,0,0.0,213.0,462.0,239.0,9.0,198.0,3.0,1.0,0.0,0.0,0.0,0.0
2025/12/23,04:42:24,0,0.0,197.0,462.0,239.0,9.0,199.0,3.0,1.0,0.0,0.0,0.0,0.0
2025/12/23,04:42:29,0,0.0,193.0,462.0,237.0,37.0,198.0,9.0,5.0,0.0,0.0,0.0,0.0
2025/12/23,04:42:34,0,0.0,189.0,463.0,240.0,38.0,200.0,8.0,5.0,0.0,0.0,0.0,0.0
2025/12/23,04:42:39,0,0.0,203.0,464.0,240.0,13.0,199.0,4.0,1.0,0.0,0.0,0.0,0.0
2025/12/23,04:42:44,0,0.0,207.0,464.0,239.0,10.0,199.0,2.0,0.0,0.0,0.0,0.0,0.0
2025/12/23,04:42:49,0,0.0,193.0,463.0,239.0,13.0,198.0,3.0,1.0,0.0,0.0,0.0,0.0
2025/12/23,04:42:54,0,0.0,190.0,462.0,239.0,34.0,199.0,8.0,4.0,0.0,0.0,0.0,-0.0008
2025/12/23,04:42:59,0,0.0,191.0,462.0,239.0,41.0,200.0,9.0,6.0,0.0,0.0,0.0,0.0
2025/12/23,04:43:04,0,0.0,197.0,464.0,240.0,18.0,200.0,5.0,2.0,0.0,0.0,0.0,0.0
2025/12/23,04:43:09,0,0.0,209.0,463.0,240.0,10.0,199.0,3.0,0.0,0.0,0.0,0.0,-0.0008
2025/12/23,04:43:14,0,0.0,193.0,463.0,240.0,21.0,199.0,5.0,2.0,0.0,0.0,0.0,0.0
2025/12/23,04:43:19,0,0.0,195.0,462.0,238.0,39.0,200.0,8.0,5.0,0.0,0.0,0.0,0.0
2025/12/23,04:43:24,0,0.0,190.0,463.0,237.0,27.0,198.0,8.0,3.0,0.0,0.0,0.0,0.0
2025/12/23,04:43:29,0,0.0,210.0,464.0,239.0,10.0,200.0,3.0,1.0,0.0,0.0,0.0,0.0
2025/12/23,04:43:34,0,0.0,199.0,464.0,238.0,11.0,199.0,2.0,1.0,0.0,0.0,0.0,0.0
2025/12/23,04:43:39,0,0.0,187.0,462.0,239.0,35.0,199.0,9.0,5.0,0.0,0.0,0.0,-0.0008
2025/12/23,04:43:44,0,0.0,186.0,462.0,238.0,32.0,200.0,8.0,4.0,0.0,0.0,0.0,0.0
2025/12/23,04:43:49,0,0.0,210.0,463.0,239.0,11.0,198.0,3.0,0.0,0.0,0.0,0.0,0.0
2025/12/23,04:43:54,0,0.0,204.0,464.0,239.0,9.0,199.0,2.0,0.0,0.0,0.0,0.0,0.0
2025/12/23,04:43:59,0,0.0,194.0,463.0,239.0,25.0,199.0,5.0,3.0,0.0,0.0,0.0,0.0
2025/12/23,04:44:04,0,0.0,193.0,462.0,241.0,37.0,197.0,8.0,5.0,0.0,0.0,0.0,0.0
2025/12/23,04:44:09,0,0.0,185.0,460.0,238.0,34.0,198.0,8.0,4.0,0.0,0.0,0.0,0.0
2025/12/23,04:44:14,0,0.0,211.0,460.0,239.0,10.0,197.0,3.0,1.0,0.0,0.0,0.0,0.0
2025/12/23,04:44:19,0,0.0,194.0,463.0,239.0,14.0,199.0,3.0,1.0,0.0,0.0,0.0,0.0
2025/12/23,04:44:24,0,0.0,188.0,462.0,239.0,37.0,199.0,11.0,5.0,0.0,0.0,0.0,0.0
2025/12/23,04:44:29,0,0.0,187.0,462.0,239.0,39.0,198.0,9.0,5.0,0.0,0.0,0.0,0.0
2025/12/23,04:44:34,0,0.0,202.0,463.0,238.0,15.0,200.0,4.0,2.0,0.0,0.0,0.0,0.0
2025/12/23,04:44:39,0,0.0,213.0,464.0,237.0,11.0,199.0,3.0,0.0,0.0,0.0,0.0,0.0
2025/12/23,04:44:44,0,0.0,197.0,463.0,239.0,11.0,199.0,2.0,1.0,0.0,0.0,0.0,0.0
2025/12/23,04:44:49,0,0.0,191.0,462.0,238.0,36.0,199.0,8.0,5.0,0.0,0.0,0.0,0.0
2025/12/23,04:44:54,0,0.0,189.0,462.0,240.0,39.0,199.0,8.0,6.0,0.0,0.0,0.0,0.0
2025/12/23,04:44:59,0,0.0,200.0,464.0,239.0,17.0,200.0,4.0,2.0,0.0,0.0,0.0,0.0
2025/12/23,04:45:04,0,0.0,204.0,463.0,237.0,8.0,198.0,3.0,0.0,0.0,0.0,0.0,0.0
2025/12/23,04:45:09,0,0.0,190.0,459.0,238.0,30.0,199.0,7.0,4.0,0.0,0.0,0.0,0.0
2025/12/23,04:45:14,0,0.0,192.0,462.0,241.0,39.0,199.0,9.0,6.0,0.0,0.0,0.0,0.0
2025/12/23,04:45:19,0,0.0,189.0,462.0,238.0,33.0,198.0,8.0,3.0,0.0,0.0,-0.0008,0.0
2025/12/23,04:45:24,0,0.0,213.0,463.0,239.0,11.0,200.0,2.0,1.0,0.0,0.0,0.0,0.0
2025/12/23,04:45:29,0,0.0,196.0,463.0,239.0,12.0,198.0,3.0,0.0,0.0,0.0,0.0,0.0
2025/12/23,04:45:34,0,0.0,191.0,461.0,239.0,37.0,198.0,8.0,5.0,0.0,0.0,0.0,0.0
2025/12/23,04:45:39,0,0.0,184.0,462.0,239.0,36.0,200.0,7.0,6.0,0.0,0.0,0.0,0.0
2025/12/23,04:45:44,0,0.0,206.0,463.0,239.0,11.0,199.0,4.0,1.0,0.0,0.0,0.0,0.0
2025/12/23,04:46:20,0,0.0,196.0,461.0,239.0,24.0,199.0,5.0,2.0,0.0,0.0,0.0,0.0
2025/12/23,04:46:24,0,0.0,212.0,463.0,240.0,11.0,199.0,3.0,0.0,0.0,0.0,0.0,0.0
2025/12/23,04:46:29,0,0.0,194.0,462.0,237.0,8.0,199.0,3.0,1.0,0.0,0.0,0.0,0.0
2025/12/23,04:46:34,0,0.0,194.0,461.0,239.0,27.0,200.0,6.0,3.0,0.0,0.0,0.0,0.0
2025/12/23,04:46:39,0,0.0,192.0,461.0,239.0,37.0,199.0,8.0,5.0,0.0,0.0,0.0,0.0
2025/12/23,04:46:44,0,0.0,189.0,462.0,239.0,40.0,200.0,9.0,6.0,0.0,0.0,0.0,0.0
2025/12/23,04:46:49,0,0.0,212.0,461.0,239.0,9.0,200.0,3.0,1.0,0.0,0.0,0.0,0.0
2025/12/23,04:46:54,0,0.0,196.0,462.0,239.0,38.0,198.0,8.0,5.0,0.0,0.0,0.0,0.0
2025/12/23,04:46:59,0,0.0,214.0,463.0,239.0,10.0,200.0,3.0,1.0,0.0,0.0,0.0,0.0
2025/12/23,04:47:04,0,0.0,193.0,459.0,239.0,36.0,198.0,8.0,5.0,0.0,0.0,0.0,0.0
2025/12/23,04:47:09,0,0.0,206.0,464.0,239.0,9.0,199.0,3.0,0.0,0.0,0.0,0.0,0.0
2025/12/23,04:47:14,0,0.0,195.0,462.0,238.0,38.0,198.0,8.0,5.0,0.0,0.0,0.0,0.0
2025/12/23,04:47:19,0,0.0,212.0,464.0,239.0,10.0,199.0,3.0,1.0,0.0,0.0,0.0,0.0
2025/12/23,04:47:24,0,0.0,187.0,461.0,239.0,39.0,198.0,9.0,5.0,0.0,0.0,0.0,0.0
2025/12/23,04:47:29,0,0.0,194.0,462.0,237.0,30.0,197.0,6.0,4.0,0.0,0.0,0.0,0.0
2025/12/23,04:47:34,0,0.0,210.0,463.0,238.0,9.0,197.0,2.0,1.0,0.0,0.0,0.0,0.0
2025/12/23,04:47:39,0,0.0,193.0,461.0,239.0,38.0,200.0,8.0,5.0,0.0,0.0,0.0,0.0
2025/12/23,04:47:44,0,0.0,205.0,463.0,239.0,10.0,197.0,2.0,1.0,0.0,0.0,0.0,0.0
2025/12/23,04:47:49,0,0.0,188.0,461.0,240.0,38.0,199.0,8.0,5.0,0.0,0.0,0.0,0.0
2025/12/23,04:47:54,0,0.0,209.0,464.0,240.0,7.0,198.0,2.0,0.0,0.0,0.0,0.0,0.0
2025/12/23,04:47:59,0,0.0,188.0,462.0,239.0,32.0,200.0,6.0,4.0,0.0,0.0,0.0,0.0
2025/12/23,04:48:04,0,0.0,195.0,462.0,239.0,37.0,199.0,8.0,5.0,0.0,0.0,0.0,0.0
2025/12/23,04:48:09,0,0.0,197.0,462.0,240.0,7.0,198.0,2.0,0.0,0.0,0.0,0.0,0.0
2025/12/23,04:48:14,0,0.0,209.0,464.0,239.0,9.0,199.0,3.0,0.0,0.0,0.0,0.0,0.0
2025/12/23,04:48:19,0,0.0,186.0,462.0,238.0,38.0,200.0,8.0,5.0,0.0,0.0,0.0,-0.0008
2025/12/23,04:48:24,0,0.0,193.0,462.0,238.0,34.0,198.0,8.0,4.0,0.0,0.0,0.0,0.0
2025/12/23,04:48:29,0,0.0,204.0,463.0,239.0,7.0,199.0,3.0,0.0,0.0,0.0,0.0,0.0
2025/12/23,04:48:34,0,0.0,188.0,462.0,239.0,34.0,200.0,8.0,5.0,0.0,0.0,0.0,-0.0008
2025/12/23,04:48:39,0,0.0,197.0,463.0,238.0,8.0,199.0,3.0,0.0,0.0,0.0,0.0,0.0
2025/12/23,04:48:44,0,0.0,189.0,462.0,240.0,40.0,199.0,9.0,5.0,0.0,0.0,0.0,0.0
2025/12/23,04:48:49,0,0.0,205.0,464.0,239.0,7.0,198.0,2.0,0.0,0.0,0.0,0.0,0.0
2025/12/23,04:48:54,0,0.0,196.0,461.0,237.0,37.0,198.0,8.0,5.0,0.0,0.0,0.0,0.0
2025/12/23,04:48:59,0,0.0,205.0,463.0,239.0,10.0,200.0,3.0,2.0,0.0,0.0,0.0,0.0
2025/12/23,04:49:04,0,0.0,195.0,463.0,240.0,12.0,199.0,3.0,2.0,0.0,0.0,0.0,0.0
2025/12/23,04:49:09,0,0.0,193.0,462.0,237.0,35.0,198.0,8.0,4.0,0.0,0.0,0.0,0.0
2025/12/23,04:49:14,0,0.0,196.0,463.0,239.0,26.0,200.0,6.0,3.0,0.0,0.0,0.0,0.0
2025/12/23,04:49:19,0,0.0,184.0,460.0,239.0,33.0,199.0,7.0,4.0,0.0,0.0,0.0,0.0
2025/12/23,04:49:24,0,0.0,211.0,463.0,239.0,9.0,199.0,2.0,0.0,0.0,0.0,0.0,-0.0008
2025/12/23,04:49:29,0,0.0,190.0,462.0,239.0,48.0,199.0,10.0,7.0,0.0,0.0,0.0,0.0
2025/12/23,04:49:34,0,0.0,198.0,463.0,237.0,11.0,198.0,3.0,1.0,0.0,0.0,-0.0008,0.0
2025/12/23,04:49:39,0,0.0,192.0,459.0,239.0,39.0,197.0,7.0,6.0,0.0,0.0,0.0,0.0
2025/12/23,04:49:44,0,0.0,212.0,464.0,240.0,10.0,200.0,3.0,1.0,0.0,0.0,0.0,0.0
2025/12/23,04:49:49,0,0.0,196.0,461.0,239.0,38.0,199.0,9.0,5.0,0.0,0.0,0.0,0.0
2025/12/23,04:49:54,0,0.0,212.0,464.0,239.0,9.0,200.0,2.0,1.0,0.0,0.0,0.0,0.0
2025/12/23,04:49:59,0,0.0,190.0,462.0,239.0,37.0,198.0,9.0,5.0,0.0,0.0,0.0,0.0
2025/12/23,04:50:04,0,0.0,188.0,462.0,238.0,30.0,199.0,6.0,4.0,0.0,0.0,0.0,0.0
2025/12/23,04:50:09,0,0.0,205.0,464.0,239.0,9.0,199.0,2.0,0.0,0.0,0.0,0.0,0.0
2025/12/23,04:50:14,0,0.0,189.0,463.0,239.0,38.0,199.0,8.0,5.0,0.0,0.0,0.0,0.0
2025/12/23,04:50:19,0,0.0,201.0,463.0,239.0,15.0,199.0,4.0,1.0,0.0,0.0,0.0,0.0
2025/12/23,04:50:24,0,0.0,193.0,464.0,239.0,16.0,200.0,4.0,1.0,0.0,0.0,0.0,0.0
2025/12/23,04:50:29,0,0.0,189.0,463.0,239.0,39.0,199.0,9.0,5.0,0.0,0.0,0.0,0.0
2025/12/23,04:50:34,0,0.0,210.0,463.0,237.0,10.0,198.0,3.0,0.0,0.0,0.0,0.0,0.0
2025/12/23,04:50:39,0,0.0,194.0,462.0,237.0,21.0,198.0,5.0,2.0,0.0,0.0,0.0,0.0
2025/12/23,04:50:44,0,0.0,190.0,463.0,238.0,39.0,199.0,8.0,5.0,0.0,0.0,0.0,-0.0008
2025/12/23,04:50:49,0,0.0,210.0,463.0,238.0,9.0,198.0,3.0,1.0,0.0,0.0,0.0,-0.0008
2025/12/23,04:50:54,0,0.0,192.0,462.0,240.0,32.0,200.0,7.0,4.0,0.0,0.0,0.0,0.0
2025/12/23,04:50:59,0,0.0,208.0,464.0,239.0,11.0,199.0,3.0,1.0,0.0,0.0,0.0,0.0
2025/12/23,04:51:04,0,0.0,191.0,461.0,239.0,39.0,197.0,8.0,6.0,0.0,0.0,0.0,0.0
2025/12/23,04:51:09,0,0.0,207.0,461.0,239.0,12.0,200.0,3.0,1.0,0.0,0.0,0.0,0.0
2025/12/23,04:51:14,0,0.0,193.0,462.0,239.0,37.0,198.0,8.0,4.0,0.0,0.0,0.0,0.0
2025/12/23,04:51:19,0,0.0,211.0,464.0,240.0,10.0,200.0,3.0,1.0,0.0,0.0,0.0,0.0
2025/12/23,04:51:24,0,0.0,191.0,462.0,237.0,39.0,198.0,9.0,5.0,0.0,0.0,0.0,-0.0008
2025/12/23,04:51:29,0,0.0,196.0,464.0,239.0,9.0,198.0,3.0,1.0,0.0,0.0,0.0,0.0
2025/12/23,04:51:34,0,0.0,204.0,464.0,239.0,12.0,198.0,4.0,1.0,0.0,0.0,0.0,0.0
2025/12/23,04:51:39,0,0.0,195.0,462.0,238.0,39.0,198.0,9.0,5.0,0.0,0.0,0.0,0.0
2025/12/23,04:51:44,0,0.0,196.0,463.0,239.0,9.0,199.0,2.0,1.0,0.0,0.0,0.0,0.0
2025/12/23,04:51:49,0,0.0,201.0,462.0,237.0,17.0,198.0,6.0,1.0,0.0,0.0,0.0,-0.0008
2025/12/23,04:51:54,0,0.0,190.0,462.0,239.0,40.0,199.0,8.0,5.0,0.0,0.0,0.0,-0.0008
2025/12/23,04:51:59,0,0.0,196.0,463.0,239.0,19.0,198.0,5.0,2.0,0.0,0.0,0.0,0.0
2025/12/23,04:52:04,0,0.0,206.0,463.0,240.0,9.0,199.0,3.0,1.0,0.0,0.0,0.0,0.0
2025/12/23,04:52:09,0,0.0,195.0,462.0,239.0,38.0,200.0,8.0,5.0,0.0,0.0,0.0,0.0
2025/12/23,04:52:14,0,0.0,206.0,464.0,238.0,7.0,199.0,2.0,0.0,0.0,0.0,0.0,0.0
2025/12/23,04:52:19,0,0.0,186.0,462.0,238.0,37.0,199.0,8.0,5.0,0.0,0.0,0.0,0.0
2025/12/23,04:52:24,0,1.0,194.0,461.0,239.0,21.0,198.0,5.0,2.0,0.0,0.0,0.0,0.0
2025/12/23,04:52:29,0,0.0,204.0,462.0,238.0,11.0,197.0,3.0,1.0,0.0,0.0,0.0,0.0
2025/12/23,04:52:34,0,0.0,191.0,462.0,238.0,38.0,198.0,8.0,5.0,0.0,0.0,0.0,0.0
2025/12/23,04:52:39,0,0.0,210.0,463.0,239.0,10.0,199.0,2.0,1.0,0.0,0.0,0.0,0.0
2025/12/23,04:52:44,0,0.0,193.0,461.0,239.0,37.0,200.0,8.0,5.0,0.0,0.0,0.0,0.0
2025/12/23,04:52:49,0,0.0,212.0,463.0,239.0,10.0,199.0,4.0,1.0,0.0,0.0,0.0,0.0
2025/12/23,04:52:54,0,0.0,198.0,461.0,240.0,36.0,198.0,8.0,5.0,0.0,0.0,0.0,0.0
2025/12/23,04:52:59,0,0.0,209.0,461.0,239.0,8.0,199.0,2.0,0.0,0.0,0.0,0.0,0.0
2025/12/23,04:53:04,0,0.0,193.0,463.0,239.0,39.0,200.0,8.0,5.0,0.0,0.0,0.0,0.0
2025/12/23,04:53:09,0,0.0,209.0,462.0,239.0,7.0,198.0,3.0,0.0,0.0,0.0,0.0,-0.0008
2025/12/23,04:53:14,0,0.0,194.0,462.0,239.0,39.0,197.0,8.0,5.0,0.0,0.0,0.0,0.0
2025/12/23,04:53:19,0,0.0,209.0,463.0,239.0,9.0,199.0,2.0,0.0,0.0,0.0,0.0,0.0
2025/12/23,04:53:24,0,0.0,189.0,462.0,238.0,39.0,198.0,8.0,5.0,0.0,0.0,0.0,0.0
2025/12/23,04:53:29,0,0.0,200.0,463.0,239.0,8.0,199.0,2.0,1.0,0.0,0.0,0.0,0.0
2025/12/23,04:53:34,0,0.0,185.0,462.0,239.0,34.0,198.0,9.0,4.0,0.0,0.0,0.0,0.0
2025/12/23,04:53:39,0,0.0,194.0,462.0,239.0,19.0,199.0,5.0,2.0,0.0,0.0,0.0,0.0
2025/12/23,04:53:44,0,0.0,188.0,463.0,237.0,31.0,198.0,7.0,4.0,0.0,0.0,0.0,-0.0008
2025/12/23,04:53:49,0,0.0,196.0,464.0,239.0,11.0,200.0,3.0,0.0,0.0,0.0,0.0,0.0
2025/12/23,04:53:54,0,0.0,187.0,462.0,238.0,38.0,198.0,9.0,5.0,0.0,0.0,0.0,0.0
2025/12/23,04:53:59,0,0.0,196.0,463.0,239.0,10.0,199.0,2.0,1.0,0.0,0.0,0.0,0.0
2025/12/23,04:54:04,0,0.0,196.0,462.0,239.0,23.0,199.0,6.0,3.0,0.0,0.0,0.0,0.0
2025/12/23,04:54:09,0,0.0,194.0,463.0,239.0,19.0,199.0,4.0,1.0,0.0,0.0,0.0,0.0
2025/12/23,04:54:14,0,0.0,191.0,462.0,239.0,39.0,199.0,9.0,5.0,0.0,0.0,0.0,0.0
2025/12/23,04:54:19,0,0.0,203.0,461.0,238.0,12.0,200.0,3.0,1.0,0.0,0.0,0.0,-0.0008
2025/12/23,04:54:24,0,0.0,199.0,463.0,239.0,10.0,198.0,3.0,0.0,0.0,0.0,0.0,0.0
2025/12/23,04:54:29,0,0.0,193.0,462.0,239.0,37.0,198.0,8.0,5.0,0.0,0.0,0.0,0.0
2025/12/23,04:54:34,0,0.0,195.0,463.0,239.0,23.0,199.0,6.0,2.0,0.0,0.0,0.0,0.0
2025/12/23,04:54:39,0,0.0,204.0,464.0,238.0,7.0,199.0,2.0,0.0,0.0,0.0,0.0,-0.0008
2025/12/23,04:54:44,0,0.0,191.0,461.0,238.0,37.0,198.0,9.0,4.0,0.0,0.0,0.0,-0.0008
2025/12/23,04:54:49,0,0.0,195.0,462.0,239.0,27.0,199.0,7.0,3.0,0.0,0.0,0.0,0.0
2025/12/23,04:54:54,0,0.0,203.0,462.0,239.0,9.0,199.0,3.0,0.0,0.0,0.0,0.0,0.0
2025/12/23,04:54:59,0,0.0,193.0,461.0,237.0,38.0,198.0,9.0,5.0,0.0,0.0,0.0,-0.0008
2025/12/23,04:55:04,0,0.0,212.0,464.0,238.0,9.0,199.0,3.0,0.0,0.0,0.0,0.0,0.0
2025/12/23,04:55:09,0,0.0,194.0,461.0,238.0,36.0,198.0,9.0,4.0,0.0,0.0,0.0,0.0
2025/12/23,04:55:14,0,0.0,205.0,463.0,239.0,12.0,199.0,3.0,1.0,0.0,0.0,0.0,0.0
2025/12/23,04:55:19,0,0.0,191.0,461.0,239.0,36.0,199.0,8.0,4.0,0.0,0.0,0.0,0.0
2025/12/23,04:55:24,0,0.0,203.0,463.0,237.0,11.0,197.0,3.0,1.0,0.0,0.0,0.0,0.0
2025/12/23,04:55:29,0,0.0,193.0,462.0,238.0,34.0,199.0,7.0,4.0,0.0,0.0,0.0,0.0
2025/12/23,04:55:34,0,2.0,199.0,460.0,237.0,17.0,198.0,5.0,1.0,0.0,0.0,0.0,0.0
2025/12/23,04:55:39,0,0.0,192.0,463.0,239.0,32.0,200.0,6.0,4.0,0.0,0.0,0.0,0.0
2025/12/23,04:55:44,0,0.0,206.0,464.0,238.0,12.0,200.0,3.0,1.0,0.0,0.0,0.0,0.0
2025/12/23,04:55:49,0,0.0,193.0,462.0,239.0,38.0,199.0,8.0,5.0,0.0,0.0,0.0,0.0
2025/12/23,04:55:54,0,0.0,207.0,464.0,238.0,7.0,200.0,3.0,0.0,0.0,0.0,0.0,-0.0008
2025/12/23,04:56:30,0,1.0,188.0,460.0,240.0,40.0,199.0,8.0,5.0,0.0,0.0,0.0,0.0
2025/12/23,04:56:33,0,1.0,188.0,462.0,238.0,38.0,198.0,9.0,5.0,0.0,0.0,0.0,0.0
2025/12/23,04:56:38,0,1.0,209.0,464.0,239.0,9.0,197.0,2.0,0.0,0.0,0.0,0.0,0.0
2025/12/23,04:56:43,0,1.0,193.0,461.0,239.0,40.0,199.0,8.0,5.0,0.0,0.0,0.0,0.0
2025/12/23,04:56:48,0,0.0,210.0,464.0,239.0,8.0,200.0,2.0,0.0,0.0,0.0,0.0,0.0
2025/12/23,04:56:53,0,0.0,190.0,459.0,239.0,40.0,199.0,9.0,5.0,0.0,0.0,0.0,0.0
2025/12/23,04:56:58,0,0.0,202.0,463.0,239.0,9.0,199.0,2.0,0.0,0.0,0.0,0.0,-0.0008
2025/12/23,04:57:03,0,1.0,187.0,462.0,239.0,36.0,200.0,7.0,5.0,0.0,0.0,0.0,0.0
2025/12/23,04:57:08,0,4.0,192.0,462.0,239.0,22.0,199.0,5.0,2.0,0.0,0.0,0.0,0.0
2025/12/23,04:57:13,0,2.0,202.0,462.0,238.0,14.0,198.0,5.0,1.0,0.0,0.0,0.0,0.0
2025/12/23,04:57:18,0,0.0,192.0,462.0,237.0,36.0,198.0,8.0,4.0,0.0,0.0,0.0,0.0
2025/12/23,04:57:23,0,0.0,205.0,463.0,239.0,11.0,200.0,3.0,1.0,0.0,0.0,0.0,0.0
2025/12/23,04:57:28,0,0.0,191.0,463.0,237.0,23.0,198.0,5.0,2.0,0.0,0.0,0.0,0.0
2025/12/23,04:57:33,0,0.0,189.0,461.0,239.0,39.0,199.0,9.0,5.0,0.0,0.0,0.0,0.0
2025/12/23,04:57:38,0,0.0,212.0,463.0,239.0,11.0,199.0,3.0,1.0,0.0,0.0,0.0,0.0
2025/12/23,04:57:43,0,0.0,195.0,461.0,238.0,30.0,199.0,6.0,3.0,0.0,0.0,0.0,0.0
2025/12/23,04:57:48,0,0.0,185.0,462.0,238.0,36.0,199.0,9.0,4.0,0.0,0.0,0.0,0.0
2025/12/23,04:57:53,0,0.0,204.0,462.0,239.0,8.0,198.0,3.0,0.0,0.0,0.0,0.0,0.0
2025/12/23,04:57:58,0,0.0,190.0,462.0,239.0,36.0,200.0,8.0,5.0,0.0,0.0,0.0,0.0
2025/12/23,04:58:03,0,0.0,189.0,462.0,234.0,31.0,199.0,8.0,3.0,0.0,0.0,0.0,0.0
2025/12/23,04:58:08,0,0.0,214.0,463.0,237.0,9.0,199.0,3.0,0.0,0.0,0.0,0.0,-0.0008
2025/12/23,04:58:13,0,0.0,194.0,463.0,240.0,23.0,198.0,5.0,3.0,0.0,0.0,0.0,0.0
2025/12/23,04:58:18,0,0.0,190.0,462.0,239.0,40.0,199.0,9.0,5.0,0.0,0.0,0.0,-0.0008
2025/12/23,04:58:23,0,1.0,214.0,463.0,238.0,10.0,199.0,2.0,0.0,0.0,0.0,0.0,-0.0008
2025/12/23,04:58:28,0,0.0,189.0,462.0,239.0,36.0,198.0,8.0,5.0,0.0,0.0,0.0,0.0
2025/12/23,04:58:33,0,0.0,198.0,463.0,239.0,18.0,198.0,6.0,3.0,0.0,0.0,0.0,0.0
2025/12/23,04:58:38,0,0.0,195.0,461.0,239.0,15.0,198.0,3.0,1.0,0.0,0.0,0.0,0.0
2025/12/23,04:58:43,0,0.0,190.0,462.0,238.0,41.0,200.0,9.0,6.0,0.0,0.0,0.0,0.0
2025/12/23,04:58:48,0,0.0,210.0,463.0,239.0,9.0,198.0,3.0,1.0,0.0,0.0,0.0,0.0
2025/12/23,04:58:53,0,0.0,190.0,463.0,238.0,38.0,198.0,8.0,5.0,0.0,0.0,0.0,0.0
2025/12/23,04:58:58,0,0.0,202.0,462.0,243.0,16.0,199.0,4.0,1.0,0.0,0.0,0.0,0.0
2025/12/23,04:59:03,0,0.0,192.0,462.0,239.0,32.0,198.0,7.0,4.0,0.0,0.0,0.0,0.0
2025/12/23,04:59:08,0,0.0,205.0,463.0,237.0,11.0,197.0,3.0,0.0,0.0,0.0,0.0,0.0
2025/12/23,04:59:13,0,0.0,209.0,463.0,240.0,8.0,197.0,3.0,1.0,0.0,0.0,0.0,0.0
2025/12/23,04:59:18,0,0.0,209.0,462.0,239.0,12.0,199.0,3.0,1.0,0.0,0.0,0.0,0.0
2025/12/23,04:59:23,0,0.0,195.0,462.0,238.0,39.0,199.0,8.0,5.0,0.0,0.0,0.0,0.0
2025/12/23,04:59:28,0,0.0,207.0,462.0,239.0,8.0,200.0,3.0,1.0,0.0,0.0,0.0,0.0
2025/12/23,04:59:33,0,0.0,194.0,464.0,239.0,22.0,200.0,5.0,3.0,0.0,0.0,0.0,0.0
2025/12/23,04:59:38,0,0.0,188.0,462.0,239.0,38.0,199.0,9.0,5.0,0.0,0.0,0.0,0.0
2025/12/23,04:59:43,0,0.0,210.0,463.0,239.0,8.0,199.0,3.0,0.0,0.0,0.0,0.0,0.0
2025/12/23,04:59:48,0,0.0,187.0,459.0,238.0,42.0,198.0,8.0,4.0,0.0,0.0,0.0,0.0
2025/12/23,04:59:53,0,0.0,203.0,463.0,239.0,13.0,199.0,4.0,1.0,0.0,0.0,0.0,0.0
2025/12/23,04:59:58,0,0.0,195.0,462.0,238.0,18.0,200.0,4.0,1.0,0.0,0.0,0.0,0.0
2025/12/23,05:00:03,0,0.0,187.0,462.0,240.0,39.0,198.0,8.0,5.0,0.0,0.0,0.0,0.0
2025/12/23,05:00:08,0,0.0,201.0,461.0,239.0,9.0,200.0,2.0,0.0,0.0,0.0,0.0,0.0
2025/12/23,05:00:13,0,0.0,186.0,459.0,239.0,40.0,199.0,9.0,5.0,0.0,0.0,0.0,0.0
2025/12/23,05:00:18,0,0.0,201.0,463.0,239.0,8.0,198.0,3.0,0.0,0.0,0.0,0.0,0.0
2025/12/23,05:00:23,0,0.0,190.0,462.0,239.0,40.0,199.0,9.0,5.0,0.0,0.0,0.0,0.0
2025/12/23,05:00:28,0,0.0,209.0,464.0,239.0,9.0,198.0,4.0,0.0,0.0,0.0,0.0,0.0
2025/12/23,05:00:33,0,0.0,195.0,462.0,239.0,29.0,199.0,6.0,3.0,0.0,0.0,0.0,0.0
2025/12/23,05:00:38,0,0.0,188.0,462.0,239.0,38.0,199.0,8.0,5.0,0.0,0.0,0.0,0.0
2025/12/23,05:00:43,0,0.0,212.0,464.0,238.0,10.0,198.0,3.0,0.0,0.0,0.0,-0.0008,0.0
2025/12/23,05:00:48,0,0.0,194.0,463.0,238.0,22.0,199.0,5.0,3.0,0.0,0.0,0.0,0.0
2025/12/23,05:00:53,0,0.0,191.0,464.0,238.0,39.0,199.0,9.0,5.0,0.0,0.0,0.0,0.0
2025/12/23,05:00:58,0,0.0,204.0,464.0,238.0,11.0,199.0,3.0,1.0,0.0,0.0,0.0,0.0
2025/12/23,05:01:03,0,0.0,200.0,464.0,239.0,9.0,197.0,2.0,0.0,0.0,0.0,0.0,0.0
2025/12/23,05:01:08,0,0.0,191.0,462.0,239.0,37.0,198.0,8.0,4.0,0.0,0.0,0.0,0.0
2025/12/23,05:01:13,0,0.0,188.0,461.0,239.0,41.0,197.0,9.0,6.0,0.0,0.0,0.0,0.0
2025/12/23,05:01:18,0,0.0,203.0,463.0,237.0,14.0,198.0,4.0,1.0,0.0,0.0,0.0,0.0
2025/12/23,05:01:23,0,0.0,204.0,463.0,239.0,7.0,198.0,3.0,0.0,0.0,0.0,0.0,0.0
2025/12/23,05:01:28,0,0.0,196.0,462.0,238.0,27.0,198.0,6.0,3.0,0.0,0.0,0.0,0.0
2025/12/23,05:01:33,0,0.0,191.0,463.0,237.0,41.0,198.0,9.0,5.0,0.0,0.0,0.0,0.0
2025/12/23,05:01:38,0,0.0,200.0,463.0,239.0,16.0,197.0,5.0,2.0,0.0,0.0,0.0,0.0
2025/12/23,05:01:43,0,0.0,202.0,463.0,239.0,7.0,197.0,2.0,0.0,0.0,0.0,0.0,0.0
2025/12/23,05:01:48,0,0.0,196.0,462.0,237.0,39.0,197.0,8.0,4.0,0.0,0.0,0.0,0.0
2025/12/23,05:01:53,0,0.0,204.0,464.0,239.0,11.0,199.0,4.0,1.0,0.0,0.0,0.0,0.0
2025/12/23,05:01:58,0,0.0,196.0,463.0,238.0,12.0,198.0,3.0,1.0,0.0,0.0,0.0,0.0
2025/12/23,05:02:03,0,0.0,192.0,462.0,239.0,42.0,199.0,8.0,6.0,0.0,0.0,0.0,0.0
2025/12/23,05:02:08,0,0.0,204.0,463.0,238.0,11.0,198.0,3.0,1.0,0.0,0.0,0.0,0.0
2025/12/23,05:02:13,0,0.0,195.0,463.0,239.0,11.0,200.0,2.0,1.0,0.0,0.0,0.0,0.0
2025/12/23,05:02:18,0,0.0,193.0,462.0,239.0,42.0,198.0,9.0,6.0,0.0,0.0,0.0,0.0
2025/12/23,05:02:23,0,0.0,204.0,463.0,237.0,12.0,199.0,3.0,1.0,0.0,0.0,0.0,0.0
2025/12/23,05:02:28,0,0.0,191.0,462.0,239.0,39.0,199.0,8.0,5.0,0.0,0.0,0.0,0.0
2025/12/23,05:02:33,0,0.0,202.0,463.0,237.0,7.0,198.0,2.0,0.0,0.0,0.0,0.0,0.0
2025/12/23,05:02:38,0,0.0,208.0,460.0,239.0,9.0,198.0,4.0,1.0,0.0,0.0,0.0,0.0
2025/12/23,05:02:43,0,0.0,185.0,462.0,238.0,37.0,199.0,8.0,5.0,0.0,0.0,0.0,-0.0008
2025/12/23,05:02:48,0,0.0,191.0,462.0,239.0,37.0,200.0,7.0,5.0,0.0,0.0,0.0,0.0
2025/12/23,05:02:53,0,0.0,212.0,463.0,239.0,9.0,199.0,2.0,0.0,0.0,0.0,0.0,0.0
2025/12/23,05:02:58,0,0.0,190.0,461.0,239.0,44.0,200.0,8.0,5.0,0.0,0.0,0.0,-0.0008
2025/12/23,05:03:03,0,0.0,198.0,464.0,238.0,8.0,200.0,2.0,0.0,0.0,0.0,0.0,0.0
2025/12/23,05:03:08,0,0.0,196.0,460.0,239.0,28.0,199.0,6.0,3.0,0.0,0.0,0.0,-0.0008
2025/12/23,05:03:13,0,0.0,191.0,459.0,239.0,40.0,198.0,8.0,5.0,0.0,0.0,0.0,0.0
2025/12/23,05:03:18,0,0.0,191.0,463.0,239.0,35.0,199.0,7.0,4.0,0.0,0.0,0.0,0.0
2025/12/23,05:03:23,0,0.0,194.0,462.0,238.0,24.0,198.0,6.0,3.0,0.0,0.0,0.0,0.0
2025/12/23,05:03:28,0,0.0,196.0,461.0,239.0,20.0,198.0,5.0,3.0,0.0,0.0,0.0,0.0
2025/12/23,05:03:33,0,0.0,195.0,463.0,238.0,11.0,198.0,2.0,1.0,0.0,0.0,0.0,0.0
2025/12/23,05:03:38,0,0.0,202.0,463.0,239.0,7.0,198.0,2.0,0.0,0.0,0.0,0.0,0.0
2025/12/23,05:03:43,0,0.0,208.0,464.0,239.0,10.0,200.0,3.0,1.0,0.0,0.0,0.0,0.0
2025/12/23,05:03:48,0,0.0,186.0,462.0,239.0,38.0,199.0,8.0,5.0,0.0,0.0,0.0,0.0
2025/12/23,05:03:53,0,0.0,190.0,461.0,240.0,38.0,199.0,7.0,5.0,0.0,0.0,0.0,0.0
2025/12/23,05:03:58,0,0.0,204.0,463.0,237.0,7.0,200.0,2.0,0.0,0.0,0.0,0.0,-0.0008
2025/12/23,05:04:03,0,0.0,194.0,463.0,238.0,27.0,199.0,7.0,3.0,0.0,0.0,0.0,0.0
2025/12/23,05:04:08,0,0.0,194.0,462.0,238.0,38.0,199.0,8.0,5.0,0.0,0.0,0.0,0.0
2025/12/23,05:04:13,0,1.0,200.0,461.0,239.0,8.0,199.0,2.0,0.0,0.0,0.0,0.0,0.0
2025/12/23,05:04:18,0,0.0,199.0,463.0,239.0,19.0,199.0,5.0,2.0,0.0,0.0,0.0,0.0
2025/12/23,05:04:23,0,0.0,192.0,462.0,238.0,36.0,198.0,8.0,5.0,0.0,0.0,0.0,0.0
2025/12/23,05:04:28,0,0.0,212.0,464.0,239.0,8.0,199.0,3.0,0.0,0.0,0.0,0.0,0.0
2025/12/23,05:04:33,0,0.0,196.0,461.0,239.0,40.0,198.0,8.0,5.0,0.0,0.0,0.0,0.0
2025/12/23,05:04:38,0,0.0,208.0,460.0,237.0,8.0,198.0,3.0,0.0,0.0,0.0,0.0,-0.0008
2025/12/23,05:04:43,0,0.0,188.0,461.0,239.0,40.0,198.0,9.0,5.0,0.0,0.0,0.0,0.0
2025/12/23,05:04:48,0,0.0,194.0,463.0,239.0,20.0,200.0,4.0,2.0,0.0,0.0,0.0,0.0
2025/12/23,05:04:53,0,0.0,204.0,463.0,238.0,15.0,200.0,4.0,2.0,0.0,0.0,0.0,0.0
2025/12/23,05:04:58,0,0.0,193.0,462.0,239.0,39.0,199.0,7.0,5.0,0.0,0.0,0.0,0.0
2025/12/23,05:05:03,0,0.0,206.0,463.0,239.0,8.0,199.0,3.0,0.0,0.0,0.0,0.0,0.0
2025/12/23,05:05:08,0,0.0,192.0,461.0,239.0,40.0,197.0,8.0,5.0,0.0,0.0,0.0,0.0
2025/12/23,05:05:13,0,0.0,206.0,462.0,240.0,13.0,199.0,3.0,1.0,0.0,0.0,0.0,0.0
2025/12/23,05:05:18,0,0.0,202.0,462.0,239.0,9.0,199.0,2.0,0.0,0.0,0.0,0.0,0.0
2025/12/23,05:05:23,0,0.0,193.0,462.0,239.0,34.0,199.0,7.0,4.0,0.0,0.0,0.0,0.0
2025/12/23,05:05:28,0,0.0,188.0,463.0,239.0,40.0,198.0,9.0,5.0,0.0,0.0,0.0,0.0
2025/12/23,05:05:33,0,0.0,201.0,461.0,239.0,9.0,199.0,2.0,0.0,0.0,0.0,0.0,0.0
2025/12/23,05:05:38,0,0.0,185.0,459.0,238.0,34.0,198.0,8.0,5.0,0.0,0.0,0.0,0.0
2025/12/23,05:05:43,0,0.0,194.0,462.0,239.0,33.0,199.0,8.0,4.0,0.0,0.0,0.0,0.0
2025/12/23,05:05:48,0,0.0,213.0,463.0,238.0,9.0,198.0,3.0,1.0,0.0,0.0,0.0,0.0
2025/12/23,05:05:53,0,0.0,191.0,461.0,239.0,40.0,198.0,9.0,5.0,0.0,0.0,0.0,0.0
2025/12/23,05:05:58,0,0.0,196.0,463.0,238.0,10.0,199.0,3.0,1.0,0.0,0.0,0.0,0.0
2025/12/23,05:06:03,0,0.0,192.0,460.0,239.0,25.0,199.0,6.0,3.0,0.0,0.0,0.0,0.0
2025/12/23,05:06:08,0,0.0,192.0,462.0,239.0,35.0,199.0,8.0,4.0,0.0,0.0,0.0,0.0
2025/12/23,05:06:49,0,0.0,193.0,462.0,239.0,28.0,199.0,7.0,3.0,0.0,0.0,0.0,0.0
2025/12/23,05:06:53,0,0.0,192.0,461.0,239.0,33.0,199.0,8.0,4.0,0.0,0.0,0.0,0.0
2025/12/23,05:06:58,0,0.0,206.0,463.0,238.0,9.0,199.0,3.0,1.0,0.0,0.0,0.0,0.0
2025/12/23,05:07:03,0,0.0,193.0,463.0,239.0,37.0,198.0,8.0,5.0,0.0,0.0,0.0,-0.0008
2025/12/23,05:07:08,0,0.0,204.0,464.0,239.0,8.0,199.0,2.0,0.0,0.0,0.0,0.0,0.0
2025/12/23,05:07:13,0,0.0,183.0,461.0,237.0,37.0,198.0,9.0,4.0,0.0,0.0,0.0,0.0
2025/12/23,05:07:18,0,1.0,189.0,462.0,239.0,37.0,198.0,8.0,4.0,0.0,0.0,0.0,0.0
2025/12/23,05:07:23,0,0.0,201.0,464.0,239.0,6.0,199.0,2.0,0.0,0.0,0.0,0.0,0.0
2025/12/23,05:07:28,0,0.0,198.0,463.0,239.0,18.0,199.0,6.0,2.0,0.0,0.0,0.0,0.0
2025/12/23,05:07:33,0,0.0,191.0,461.0,238.0,41.0,198.0,9.0,5.0,0.0,0.0,0.0,0.0
2025/12/23,05:07:38,0,0.0,194.0,463.0,240.0,30.0,199.0,6.0,4.0,0.0,0.0,0.0,0.0
2025/12/23,05:07:43,0,0.0,206.0,464.0,238.0,7.0,198.0,3.0,0.0,0.0,0.0,0.0,-0.0008
2025/12/23,05:07:48,0,0.0,186.0,462.0,238.0,37.0,199.0,9.0,5.0,0.0,0.0,0.0,0.0
2025/12/23,05:07:53,0,0.0,196.0,460.0,239.0,19.0,198.0,4.0,2.0,0.0,0.0,0.0,-0.0008
2025/12/23,05:07:58,0,0.0,190.0,462.0,238.0,32.0,199.0,8.0,4.0,0.0,0.0,0.0,-0.0008
2025/12/23,05:08:03,0,0.0,194.0,464.0,237.0,17.0,198.0,4.0,2.0,0.0,0.0,0.0,0.0
2025/12/23,05:08:08,0,0.0,189.0,462.0,238.0,31.0,199.0,7.0,4.0,0.0,0.0,0.0,0.0
2025/12/23,05:08:13,0,0.0,196.0,463.0,239.0,13.0,199.0,3.0,1.0,0.0,0.0,0.0,-0.0008
2025/12/23,05:08:18,0,0.0,185.0,462.0,239.0,39.0,200.0,7.0,6.0,0.0,0.0,0.0,0.0
2025/12/23,05:08:23,0,0.0,202.0,464.0,239.0,8.0,198.0,3.0,0.0,0.0,0.0,0.0,0.0
2025/12/23,05:08:28,0,0.0,192.0,462.0,237.0,38.0,200.0,7.0,5.0,0.0,0.0,0.0,0.0
2025/12/23,05:08:33,0,0.0,209.0,464.0,240.0,8.0,199.0,3.0,0.0,0.0,0.0,0.0,0.0
2025/12/23,05:08:38,0,0.0,194.0,460.0,239.0,24.0,199.0,5.0,2.0,0.0,0.0,0.0,-0.0008
2025/12/23,05:08:43,0,0.0,190.0,462.0,238.0,41.0,199.0,8.0,5.0,0.0,0.0,0.0,0.0
2025/12/23,05:08:48,0,1.0,207.0,463.0,239.0,11.0,199.0,3.0,1.0,0.0,0.0,0.0,0.0
2025/12/23,05:08:53,0,0.0,196.0,463.0,239.0,12.0,198.0,3.0,1.0,0.0,0.0,0.0,0.0
2025/12/23,05:08:58,0,1.0,186.0,462.0,238.0,38.0,198.0,9.0,5.0,0.0,0.0,0.0,0.0
2025/12/23,05:09:03,0,1.0,207.0,463.0,239.0,9.0,198.0,3.0,0.0,0.0,0.0,0.0,0.0
2025/12/23,05:09:08,0,1.0,188.0,462.0,239.0,36.0,198.0,8.0,5.0,0.0,0.0,0.0,0.0
2025/12/23,05:09:13,0,0.0,194.0,463.0,239.0,36.0,199.0,8.0,6.0,0.0,0.0,0.0,0.0
2025/12/23,05:09:18,0,4.0,211.0,463.0,234.0,9.0,198.0,3.0,1.0,0.0,0.0,0.0,0.0
2025/12/23,05:09:23,0,0.0,197.0,463.0,239.0,18.0,200.0,4.0,2.0,0.0,0.0,0.0,0.0
2025/12/23,05:09:28,0,0.0,190.0,462.0,239.0,40.0,199.0,9.0,5.0,0.0,0.0,0.0,0.0
2025/12/23,05:09:33,0,0.0,207.0,461.0,239.0,11.0,197.0,2.0,1.0,0.0,0.0,0.0,0.0
2025/12/23,05:09:38,0,0.0,196.0,464.0,239.0,10.0,199.0,3.0,0.0,0.0,0.0,0.0,0.0
2025/12/23,05:09:43,0,0.0,194.0,462.0,238.0,38.0,199.0,8.0,5.0,0.0,0.0,0.0,0.0
2025/12/23,05:09:48,0,0.0,193.0,462.0,237.0,24.0,198.0,6.0,3.0,0.0,0.0,0.0,0.0
2025/12/23,05:09:53,0,0.0,207.0,461.0,239.0,10.0,199.0,3.0,0.0,0.0,0.0,0.0,0.0
2025/12/23,05:09:58,0,0.0,191.0,463.0,239.0,38.0,199.0,8.0,5.0,0.0,0.0,0.0,0.0
2025/12/23,05:10:03,0,0.0,191.0,462.0,239.0,29.0,200.0,7.0,4.0,0.0,0.0,0.0,0.0
2025/12/23,05:10:08,0,0.0,197.0,463.0,239.0,11.0,200.0,2.0,1.0,0.0,0.0,0.0,0.0
2025/12/23,05:10:13,0,0.0,188.0,463.0,239.0,40.0,200.0,8.0,5.0,0.0,0.0,0.0,0.0
2025/12/23,05:10:18,0,0.0,196.0,464.0,238.0,13.0,198.0,3.0,1.0,0.0,0.0,0.0,0.0
2025/12/23,05:10:23,0,0.0,195.0,463.0,239.0,24.0,200.0,5.0,3.0,0.0,0.0,0.0,0.0
2025/12/23,05:10:28,0,0.0,190.0,462.0,239.0,37.0,200.0,8.0,4.0,0.0,0.0,0.0,0.0
2025/12/23,05:10:33,0,0.0,207.0,463.0,238.0,8.0,198.0,3.0,0.0,0.0,0.0,0.0,0.0
2025/12/23,05:10:38,0,0.0,184.0,459.0,239.0,37.0,198.0,8.0,6.0,0.0,0.0,0.0,0.0
2025/12/23,05:10:43,0,0.0,194.0,460.0,239.0,27.0,198.0,6.0,3.0,0.0,0.0,0.0,-0.0008
2025/12/23,05:10:48,0,0.0,214.0,463.0,239.0,8.0,199.0,3.0,0.0,0.0,0.0,-0.0008,0.0
2025/12/23,05:10:53,0,0.0,186.0,462.0,239.0,44.0,198.0,9.0,5.0,0.0,0.0,0.0,0.0
2025/12/23,05:10:58,0,0.0,195.0,461.0,239.0,37.0,199.0,8.0,5.0,0.0,0.0,0.0,0.0
2025/12/23,05:11:03,0,0.0,194.0,463.0,239.0,18.0,199.0,4.0,2.0,0.0,0.0,0.0,0.0
2025/12/23,05:11:08,0,0.0,209.0,463.0,239.0,9.0,199.0,2.0,0.0,0.0,0.0,0.0,0.0
2025/12/23,05:11:13,0,0.0,188.0,463.0,239.0,33.0,200.0,7.0,4.0,0.0,0.0,0.0,0.0
2025/12/23,05:11:18,0,0.0,194.0,462.0,239.0,33.0,200.0,6.0,4.0,0.0,0.0,0.0,0.0
2025/12/23,05:11:23,0,0.0,210.0,463.0,239.0,7.0,198.0,2.0,0.0,0.0,0.0,0.0,0.0
2025/12/23,05:11:28,0,0.0,185.0,460.0,239.0,40.0,199.0,8.0,5.0,0.0,0.0,0.0,0.0
2025/12/23,05:11:33,0,0.0,195.0,462.0,238.0,24.0,200.0,5.0,2.0,0.0,0.0,0.0,0.0
2025/12/23,05:11:38,0,0.0,208.0,463.0,238.0,11.0,198.0,3.0,1.0,0.0,0.0,0.0,0.0
2025/12/23,05:11:43,0,0.0,189.0,461.0,237.0,40.0,198.0,9.0,5.0,0.0,0.0,0.0,0.0
2025/12/23,05:11:48,0,0.0,191.0,463.0,239.0,35.0,200.0,8.0,4.0,0.0,0.0,0.0,0.0
2025/12/23,05:11:53,0,0.0,199.0,464.0,239.0,11.0,200.0,2.0,1.0,0.0,0.0,0.0,0.0
2025/12/23,05:11:58,0,0.0,209.0,463.0,238.0,7.0,199.0,2.0,1.0,0.0,0.0,0.0,0.0
2025/12/23,05:12:03,0,0.0,184.0,461.0,238.0,38.0,198.0,8.0,5.0,0.0,0.0,0.0,-0.0008
2025/12/23,05:12:08,0,0.0,190.0,463.0,238.0,37.0,199.0,7.0,5.0,0.0,0.0,0.0,0.0
2025/12/23,05:12:13,0,0.0,200.0,463.0,239.0,9.0,200.0,2.0,1.0,0.0,0.0,0.0,0.0
2025/12/23,05:12:18,0,0.0,195.0,462.0,238.0,27.0,199.0,6.0,3.0,0.0,0.0,0.0,0.0
2025/12/23,05:12:23,0,0.0,191.0,461.0,239.0,37.0,199.0,8.0,5.0,0.0,0.0,0.0,-0.0008
2025/12/23,05:12:28,0,0.0,206.0,460.0,237.0,7.0,198.0,3.0,0.0,0.0,0.0,0.0,0.0
2025/12/23,05:12:33,0,0.0,191.0,462.0,238.0,26.0,198.0,6.0,2.0,0.0,0.0,0.0,0.0
2025/12/23,05:12:38,0,1.0,196.0,461.0,239.0,39.0,199.0,8.0,5.0,0.0,0.0,0.0,0.0
2025/12/23,05:12:43,0,0.0,193.0,463.0,239.0,15.0,199.0,3.0,1.0,0.0,0.0,0.0,0.0
2025/12/23,05:12:48,0,0.0,205.0,463.0,238.0,8.0,197.0,2.0,1.0,0.0,0.0,0.0,0.0
2025/12/23,05:12:53,0,0.0,191.0,461.0,237.0,40.0,197.0,8.0,5.0,0.0,0.0,0.0,0.0
2025/12/23,05:12:58,0,0.0,195.0,462.0,237.0,18.0,198.0,5.0,2.0,0.0,0.0,0.0,0.0
2025/12/23,05:13:03,0,0.0,212.0,464.0,239.0,10.0,199.0,3.0,1.0,0.0,0.0,0.0,0.0
2025/12/23,05:13:08,0,0.0,186.0,463.0,238.0,38.0,199.0,8.0,5.0,0.0,0.0,0.0,-0.0008
2025/12/23,05:13:13,0,0.0,192.0,462.0,238.0,35.0,198.0,7.0,4.0,0.0,0.0,0.0,0.0
2025/12/23,05:13:18,0,0.0,204.0,463.0,238.0,7.0,198.0,3.0,0.0,0.0,0.0,0.0,0.0
2025/12/23,05:13:23,0,0.0,200.0,463.0,239.0,18.0,199.0,5.0,2.0,0.0,0.0,0.0,0.0
2025/12/23,05:13:28,0,0.0,191.0,461.0,239.0,41.0,200.0,9.0,5.0,0.0,0.0,0.0,0.0
2025/12/23,05:13:33,0,0.0,196.0,461.0,239.0,11.0,199.0,2.0,1.0,0.0,0.0,0.0,0.0
2025/12/23,05:13:38,0,0.0,189.0,462.0,238.0,34.0,199.0,7.0,5.0,0.0,0.0,0.0,0.0
2025/12/23,05:13:43,0,0.0,196.0,463.0,238.0,9.0,199.0,2.0,1.0,0.0,0.0,0.0,0.0
2025/12/23,05:13:48,0,0.0,185.0,461.0,239.0,38.0,198.0,9.0,5.0,0.0,0.0,0.0,0.0
2025/12/23,05:13:53,0,0.0,199.0,463.0,239.0,8.0,199.0,2.0,0.0,0.0,0.0,0.0,0.0
2025/12/23,05:13:58,0,0.0,187.0,462.0,240.0,36.0,199.0,8.0,5.0,0.0,0.0,0.0,0.0
2025/12/23,05:14:03,0,0.0,196.0,461.0,239.0,19.0,199.0,5.0,2.0,0.0,0.0,0.0,0.0
2025/12/23,05:14:08,0,0.0,204.0,463.0,239.0,12.0,200.0,4.0,1.0,0.0,0.0,0.0,0.0
2025/12/23,05:14:13,0,0.0,195.0,459.0,239.0,37.0,197.0,7.0,5.0,0.0,0.0,0.0,0.0
2025/12/23,05:14:18,0,0.0,208.0,461.0,239.0,9.0,200.0,2.0,0.0,0.0,0.0,0.0,0.0
2025/12/23,05:14:23,0,0.0,195.0,462.0,238.0,37.0,199.0,8.0,5.0,0.0,0.0,0.0,0.0
2025/12/23,05:14:28,0,0.0,205.0,462.0,239.0,11.0,198.0,3.0,1.0,0.0,0.0,0.0,0.0
2025/12/23,05:14:33,0,0.0,196.0,464.0,239.0,18.0,200.0,4.0,2.0,0.0,0.0,0.0,0.0
2025/12/23,05:14:38,0,0.0,191.0,462.0,239.0,39.0,199.0,8.0,5.0,0.0,0.0,-0.0008,0.0
2025/12/23,05:14:43,0,0.0,208.0,464.0,239.0,10.0,200.0,3.0,0.0,0.0,0.0,0.0,-0.0008
2025/12/23,05:14:48,0,0.0,194.0,463.0,239.0,18.0,199.0,5.0,2.0,0.0,0.0,0.0,0.0
2025/12/23,05:14:53,0,0.0,189.0,462.0,239.0,39.0,199.0,9.0,5.0,0.0,0.0,0.0,0.0
2025/12/23,05:14:58,0,0.0,210.0,463.0,239.0,9.0,199.0,2.0,1.0,0.0,0.0,0.0,0.0
2025/12/23,05:15:03,0,0.0,197.0,462.0,238.0,13.0,198.0,2.0,0.0,0.0,0.0,0.0,0.0
2025/12/23,05:15:08,0,0.0,190.0,462.0,238.0,36.0,199.0,8.0,4.0,0.0,0.0,0.0,0.0
2025/12/23,05:15:13,0,0.0,190.0,462.0,238.0,38.0,198.0,9.0,5.0,0.0,0.0,0.0,0.0
2025/12/23,05:15:18,0,0.0,201.0,464.0,240.0,15.0,200.0,5.0,2.0,0.0,0.0,0.0,0.0
2025/12/23,05:15:23,0,0.0,204.0,463.0,239.0,8.0,199.0,2.0,0.0,0.0,0.0,0.0,-0.0008
2025/12/23,05:15:28,0,0.0,194.0,463.0,237.0,27.0,199.0,6.0,4.0,0.0,0.0,0.0,0.0
2025/12/23,05:15:33,0,0.0,190.0,462.0,239.0,39.0,199.0,9.0,5.0,0.0,0.0,0.0,0.0
2025/12/23,05:15:38,0,1.0,200.0,463.0,239.0,13.0,198.0,4.0,1.0,0.0,0.0,0.0,0.0
2025/12/23,05:15:43,0,0.0,197.0,464.0,239.0,10.0,198.0,3.0,1.0,0.0,0.0,0.0,0.0
2025/12/23,05:15:48,0,0.0,195.0,461.0,238.0,37.0,197.0,8.0,5.0,0.0,0.0,0.0,0.0
2025/12/23,05:15:53,0,0.0,199.0,464.0,238.0,21.0,199.0,5.0,3.0,0.0,0.0,0.0,0.0
2025/12/23,05:15:58,0,0.0,201.0,463.0,239.0,8.0,198.0,2.0,0.0,0.0,0.0,0.0,0.0
2025/12/23,05:16:03,0,0.0,194.0,462.0,239.0,39.0,199.0,8.0,5.0,0.0,0.0,0.0,0.0
2025/12/23,05:16:08,0,0.0,205.0,464.0,240.0,7.0,198.0,3.0,1.0,0.0,0.0,0.0,0.0
2025/12/23,05:16:13,0,3.0,189.0,461.0,239.0,37.0,197.0,8.0,5.0,0.0,0.0,0.0,0.0
2025/12/23,05:16:48,0,0.0,199.0,464.0,239.0,22.0,199.0,6.0,3.0,0.0,0.0,0.0,0.0
2025/12/23,05:16:52,0,0.0,192.0,461.0,239.0,38.0,200.0,8.0,5.0,0.0,0.0,0.0,0.0
2025/12/23,05:16:57,0,0.0,191.0,461.0,239.0,29.0,198.0,7.0,4.0,0.0,0.0,0.0,0.0
2025/12/23,05:17:02,0,0.0,206.0,463.0,239.0,12.0,199.0,3.0,1.0,0.0,0.0,0.0,0.0
2025/12/23,05:17:07,0,1.0,207.0,463.0,239.0,10.0,200.0,2.0,0.0,0.0,0.0,0.0,0.0
2025/12/23,05:17:12,0,0.0,195.0,463.0,238.0,17.0,199.0,4.0,2.0,0.0,0.0,0.0,0.0
2025/12/23,05:17:17,0,0.0,196.0,460.0,239.0,37.0,198.0,8.0,5.0,0.0,0.0,0.0,0.0
2025/12/23,05:17:22,0,1.0,187.0,461.0,239.0,34.0,199.0,9.0,5.0,0.0,0.0,0.0,0.0
2025/12/23,05:17:27,0,0.0,204.0,462.0,239.0,11.0,198.0,3.0,1.0,0.0,0.0,0.0,0.0
2025/12/23,05:17:32,0,0.0,206.0,463.0,239.0,9.0,198.0,3.0,0.0,0.0,0.0,0.0,0.0
2025/12/23,05:17:37,0,0.0,194.0,462.0,241.0,21.0,199.0,5.0,2.0,0.0,0.0,0.0,0.0
2025/12/23,05:17:42,0,0.0,193.0,462.0,239.0,37.0,197.0,8.0,6.0,0.0,0.0,0.0,0.0
2025/12/23,05:17:47,0,0.0,186.0,461.0,239.0,36.0,197.0,7.0,5.0,0.0,0.0,0.0,0.0
2025/12/23,05:17:52,0,0.0,198.0,462.0,237.0,20.0,198.0,5.0,1.0,0.0,0.0,0.0,0.0
2025/12/23,05:17:57,0,1.0,212.0,464.0,238.0,10.0,198.0,2.0,1.0,0.0,0.0,0.0,0.0
2025/12/23,05:18:02,0,0.0,197.0,463.0,237.0,12.0,198.0,2.0,0.0,0.0,0.0,0.0,0.0
2025/12/23,05:18:07,0,0.0,190.0,462.0,238.0,34.0,198.0,8.0,3.0,0.0,0.0,0.0,0.0
2025/12/23,05:18:12,0,0.0,190.0,463.0,239.0,38.0,200.0,8.0,5.0,0.0,0.0,0.0,-0.0008
2025/12/23,05:18:17,0,0.0,201.0,463.0,238.0,15.0,198.0,4.0,2.0,0.0,0.0,0.0,0.0
2025/12/23,05:18:22,0,0.0,202.0,463.0,239.0,9.0,200.0,2.0,0.0,0.0,0.0,0.0,0.0
2025/12/23,05:18:27,0,0.0,195.0,463.0,238.0,27.0,200.0,5.0,4.0,0.0,0.0,0.0,0.0
2025/12/23,05:18:32,0,1.0,194.0,462.0,239.0,38.0,199.0,8.0,6.0,0.0,0.0,0.0,0.0
2025/12/23,05:18:37,0,0.0,187.0,463.0,238.0,35.0,199.0,8.0,5.0,0.0,0.0,0.0,0.0
2025/12/23,05:18:42,0,0.0,204.0,463.0,238.0,15.0,198.0,4.0,1.0,0.0,0.0,0.0,0.0
2025/12/23,05:18:47,0,0.0,203.0,464.0,239.0,10.0,199.0,2.0,0.0,0.0,0.0,0.0,0.0
2025/12/23,05:18:52,0,0.0,194.0,463.0,239.0,28.0,200.0,5.0,4.0,0.0,0.0,0.0,0.0
2025/12/23,05:18:57,0,0.0,194.0,462.0,238.0,37.0,199.0,7.0,5.0,0.0,0.0,0.0,0.0
2025/12/23,05:19:02,0,0.0,188.0,462.0,238.0,36.0,200.0,7.0,5.0,0.0,0.0,0.0,-0.0008
2025/12/23,05:19:07,0,0.0,204.0,463.0,237.0,10.0,197.0,3.0,1.0,0.0,0.0,0.0,0.0
2025/12/23,05:19:12,0,0.0,199.0,463.0,239.0,8.0,198.0,2.0,0.0,0.0,0.0,0.0,0.0
2025/12/23,05:19:17,0,0.0,193.0,463.0,237.0,31.0,198.0,7.0,4.0,0.0,0.0,0.0,-0.0008
2025/12/23,05:19:22,0,0.0,191.0,463.0,239.0,39.0,200.0,8.0,6.0,0.0,0.0,0.0,0.0
2025/12/23,05:19:27,0,0.0,196.0,461.0,239.0,24.0,199.0,6.0,3.0,0.0,0.0,0.0,0.0
2025/12/23,05:19:32,0,0.0,208.0,464.0,239.0,9.0,198.0,3.0,0.0,0.0,0.0,0.0,0.0
2025/12/23,05:19:37,0,0.0,198.0,464.0,239.0,10.0,198.0,2.0,1.0,0.0,0.0,0.0,0.0
2025/12/23,05:19:42,0,0.0,194.0,463.0,238.0,22.0,199.0,5.0,3.0,0.0,0.0,0.0,0.0
2025/12/23,05:19:47,0,0.0,190.0,461.0,239.0,36.0,200.0,7.0,5.0,0.0,0.0,0.0,0.0
2025/12/23,05:19:52,0,0.0,188.0,459.0,239.0,38.0,199.0,9.0,5.0,0.0,0.0,0.0,0.0
2025/12/23,05:19:57,0,0.0,190.0,463.0,238.0,45.0,199.0,10.0,7.0,0.0,0.0,0.0,0.0
2025/12/23,05:20:02,0,0.0,203.0,464.0,239.0,3.0,198.0,1.0,0.0,0.0,0.0,0.0,0.0
2025/12/23,05:20:07,0,0.0,186.0,462.0,238.0,38.0,199.0,10.0,5.0,0.0,0.0,0.0,0.0
2025/12/23,05:20:12,0,0.0,201.0,463.0,239.0,9.0,197.0,2.0,1.0,0.0,0.0,0.0,0.0
2025/12/23,05:20:17,0,0.0,193.0,462.0,239.0,38.0,198.0,8.0,5.0,0.0,0.0,0.0,0.0
2025/12/23,05:20:22,0,0.0,200.0,464.0,239.0,15.0,199.0,5.0,2.0,0.0,0.0,0.0,0.0
2025/12/23,05:20:27,0,0.0,208.0,464.0,239.0,9.0,199.0,3.0,0.0,0.0,0.0,0.0,0.0
2025/12/23,05:20:32,0,0.0,203.0,462.0,238.0,8.0,198.0,3.0,0.0,0.0,0.0,0.0,0.0
2025/12/23,05:20:37,0,0.0,195.0,464.0,238.0,10.0,199.0,3.0,0.0,0.0,0.0,0.0,0.0
2025/12/23,05:20:42,0,0.0,191.0,462.0,239.0,34.0,199.0,8.0,4.0,0.0,0.0,0.0,0.0
2025/12/23,05:20:47,0,0.0,189.0,462.0,239.0,36.0,200.0,8.0,5.0,0.0,0.0,0.0,0.0
2025/12/23,05:20:52,0,0.0,205.0,464.0,239.0,9.0,198.0,4.0,0.0,0.0,0.0,0.0,0.0
2025/12/23,05:20:57,0,0.0,201.0,464.0,239.0,8.0,198.0,2.0,0.0,0.0,0.0,0.0,0.0
2025/12/23,05:21:02,0,0.0,192.0,461.0,238.0,27.0,197.0,6.0,3.0,0.0,0.0,-0.0008,0.0
2025/12/23,05:21:07,0,0.0,190.0,461.0,239.0,38.0,197.0,8.0,6.0,0.0,0.0,0.0,0.0
2025/12/23,05:21:12,0,0.0,193.0,462.0,238.0,22.0,198.0,6.0,3.0,0.0,0.0,0.0,0.0
2025/12/23,05:21:17,0,0.0,211.0,463.0,237.0,12.0,197.0,3.0,0.0,0.0,0.0,0.0,0.0
2025/12/23,05:21:22,0,0.0,207.0,463.0,239.0,9.0,198.0,3.0,0.0,0.0,0.0,0.0,0.0
2025/12/23,05:21:27,0,0.0,195.0,463.0,239.0,11.0,197.0,3.0,1.0,0.0,0.0,0.0,0.0
2025/12/23,05:21:32,0,0.0,189.0,462.0,238.0,36.0,199.0,8.0,5.0,0.0,0.0,0.0,0.0
2025/12/23,05:21:37,0,0.0,186.0,462.0,238.0,36.0,199.0,8.0,5.0,0.0,0.0,0.0,0.0
2025/12/23,05:21:42,0,0.0,204.0,463.0,236.0,15.0,198.0,4.0,0.0,0.0,0.0,0.0,0.0
2025/12/23,05:21:47,0,0.0,211.0,464.0,239.0,8.0,198.0,3.0,0.0,0.0,0.0,0.0,0.0
2025/12/23,05:21:52,0,0.0,193.0,461.0,239.0,24.0,199.0,5.0,3.0,0.0,0.0,0.0,-0.0008
2025/12/23,05:21:57,0,0.0,188.0,463.0,239.0,37.0,199.0,8.0,6.0,0.0,0.0,0.0,-0.0008
2025/12/23,05:22:02,0,0.0,207.0,463.0,238.0,12.0,200.0,2.0,1.0,0.0,0.0,0.0,0.0
2025/12/23,05:22:07,0,0.0,201.0,461.0,239.0,9.0,200.0,2.0,0.0,0.0,0.0,0.0,-0.0008
2025/12/23,05:22:12,0,0.0,191.0,462.0,238.0,34.0,199.0,8.0,4.0,0.0,0.0,0.0,0.0
2025/12/23,05:22:17,0,0.0,184.0,462.0,238.0,36.0,199.0,8.0,5.0,0.0,0.0,0.0,0.0
2025/12/23,05:22:22,0,0.0,212.0,464.0,239.0,9.0,198.0,3.0,0.0,0.0,0.0,0.0,0.0
2025/12/23,05:22:27,0,0.0,192.0,463.0,239.0,30.0,200.0,7.0,4.0,0.0,0.0,0.0,0.0
2025/12/23,05:22:32,0,0.0,186.0,462.0,240.0,32.0,199.0,8.0,4.0,0.0,0.0,0.0,0.0
2025/12/23,05:22:37,0,0.0,197.0,464.0,239.0,11.0,199.0,2.0,1.0,0.0,0.0,0.0,0.0
2025/12/23,05:22:42,0,0.0,185.0,462.0,238.0,37.0,198.0,8.0,5.0,0.0,0.0,0.0,0.0
2025/12/23,05:22:47,0,0.0,201.0,464.0,239.0,7.0,198.0,2.0,0.0,0.0,0.0,0.0,0.0
2025/12/23,05:22:52,0,0.0,192.0,462.0,238.0,38.0,198.0,8.0,5.0,0.0,0.0,0.0,-0.0008
2025/12/23,05:22:57,0,0.0,208.0,461.0,239.0,9.0,199.0,2.0,1.0,0.0,0.0,0.0,-0.0008
2025/12/23,05:23:02,0,0.0,194.0,462.0,238.0,35.0,200.0,7.0,4.0,0.0,0.0,0.0,0.0
2025/12/23,05:23:07,0,0.0,203.0,464.0,239.0,11.0,200.0,3.0,1.0,0.0,0.0,-0.0008,0.0
2025/12/23,05:23:12,0,0.0,189.0,462.0,237.0,35.0,198.0,8.0,4.0,0.0,0.0,0.0,0.0
2025/12/23,05:23:17,0,0.0,211.0,463.0,239.0,9.0,198.0,3.0,1.0,0.0,0.0,0.0,0.0
2025/12/23,05:23:22,0,1.0,184.0,462.0,239.0,38.0,198.0,8.0,5.0,0.0,0.0,0.0,0.0
2025/12/23,05:23:27,0,0.0,191.0,462.0,238.0,31.0,199.0,6.0,4.0,0.0,0.0,0.0,0.0
2025/12/23,05:23:32,0,0.0,204.0,464.0,239.0,8.0,199.0,2.0,0.0,0.0,0.0,0.0,0.0
2025/12/23,05:23:37,0,0.0,210.0,464.0,239.0,7.0,199.0,2.0,1.0,0.0,0.0,0.0,0.0
2025/12/23,05:23:42,0,0.0,207.0,464.0,237.0,7.0,198.0,2.0,0.0,0.0,0.0,0.0,0.0
2025/12/23,05:23:47,0,0.0,207.0,464.0,238.0,8.0,199.0,2.0,0.0,0.0,0.0,0.0,0.0
2025/12/23,05:23:52,0,0.0,215.0,463.0,238.0,11.0,198.0,3.0,1.0,0.0,0.0,0.0,0.0
2025/12/23,05:23:57,0,0.0,194.0,464.0,240.0,25.0,200.0,7.0,3.0,0.0,0.0,0.0,0.0
2025/12/23,05:24:02,0,0.0,194.0,462.0,239.0,40.0,199.0,8.0,5.0,0.0,0.0,0.0,0.0
2025/12/23,05:24:07,0,0.0,196.0,464.0,239.0,9.0,199.0,2.0,0.0,0.0,0.0,0.0,0.0
2025/12/23,05:24:12,0,0.0,202.0,463.0,238.0,15.0,198.0,4.0,1.0,0.0,0.0,0.0,0.0
2025/12/23,05:24:17,0,0.0,193.0,462.0,236.0,37.0,198.0,9.0,5.0,0.0,0.0,0.0,0.0
2025/12/23,05:24:22,0,0.0,193.0,460.0,238.0,18.0,199.0,4.0,2.0,0.0,0.0,0.0,0.0
2025/12/23,05:24:27,0,0.0,207.0,464.0,239.0,7.0,198.0,2.0,0.0,0.0,0.0,0.0,0.0
2025/12/23,05:24:32,0,0.0,209.0,463.0,239.0,10.0,200.0,2.0,0.0,0.0,0.0,0.0,0.0
2025/12/23,05:24:37,0,0.0,206.0,464.0,238.0,10.0,200.0,3.0,1.0,0.0,0.0,0.0,0.0
2025/12/23,05:24:42,0,0.0,207.0,463.0,239.0,13.0,198.0,3.0,1.0,0.0,0.0,0.0,0.0
2025/12/23,05:24:47,0,2.0,207.0,463.0,239.0,11.0,199.0,3.0,1.0,0.0,0.0,0.0,0.0
2025/12/23,05:24:52,0,0.0,204.0,463.0,239.0,15.0,199.0,4.0,1.0,0.0,0.0,0.0,0.0
2025/12/23,05:24:57,0,0.0,197.0,461.0,238.0,20.0,199.0,5.0,2.0,0.0,0.0,0.0,0.0
2025/12/23,05:25:02,0,0.0,188.0,463.0,239.0,30.0,199.0,6.0,3.0,0.0,0.0,0.0,0.0
2025/12/23,05:25:07,0,0.0,186.0,463.0,239.0,36.0,199.0,7.0,5.0,0.0,0.0,0.0,0.0
2025/12/23,05:25:12,0,0.0,184.0,463.0,239.0,38.0,200.0,8.0,5.0,0.0,0.0,0.0,0.0
2025/12/23,05:25:17,0,0.0,187.0,462.0,239.0,34.0,198.0,8.0,5.0,0.0,0.0,0.0,0.0
2025/12/23,05:25:22,0,0.0,194.0,463.0,239.0,26.0,199.0,6.0,3.0,0.0,0.0,0.0,0.0
2025/12/23,05:25:27,0,0.0,199.0,463.0,238.0,18.0,198.0,5.0,2.0,0.0,0.0,0.0,0.0
2025/12/23,05:25:32,0,0.0,207.0,463.0,239.0,13.0,199.0,3.0,0.0,0.0,0.0,0.0,0.0
2025/12/23,05:25:37,0,0.0,212.0,463.0,237.0,12.0,198.0,3.0,0.0,0.0,0.0,0.0,0.0
2025/12/23,05:25:42,0,0.0,210.0,463.0,237.0,10.0,198.0,3.0,0.0,0.0,0.0,0.0,0.0
2025/12/23,05:25:47,0,0.0,207.0,462.0,239.0,12.0,198.0,2.0,1.0,0.0,0.0,0.0,0.0
2025/12/23,05:25:52,0,0.0,196.0,462.0,238.0,25.0,199.0,6.0,3.0,0.0,0.0,0.0,-0.0008
2025/12/23,05:25:57,0,0.0,189.0,462.0,239.0,39.0,199.0,9.0,6.0,0.0,0.0,0.0,-0.0008
2025/12/23,05:26:02,0,0.0,191.0,463.0,239.0,35.0,200.0,8.0,5.0,0.0,0.0,0.0,0.0
2025/12/23,05:26:07,0,0.0,196.0,463.0,239.0,10.0,199.0,2.0,0.0,0.0,0.0,0.0,0.0
2025/12/23,05:26:12,0,0.0,211.0,462.0,239.0,9.0,200.0,2.0,0.0,0.0,0.0,0.0,0.0
2025/12/23,05:26:17,0,0.0,209.0,463.0,239.0,10.0,199.0,3.0,1.0,0.0,0.0,0.0,0.0
2025/12/23,05:26:22,0,0.0,192.0,462.0,237.0,16.0,197.0,3.0,1.0,0.0,0.0,0.0,0.0
2025/12/23,05:27:18,0,0.0,194.0,462.0,239.0,43.0,200.0,9.0,6.0,0.0,0.0,0.0,0.0
2025/12/23,05:27:22,0,0.0,199.0,463.0,238.0,9.0,197.0,2.0,1.0,0.0,0.0,0.0,0.0
2025/12/23,05:27:27,0,0.0,204.0,463.0,238.0,7.0,197.0,3.0,1.0,0.0,0.0,0.0,0.0
2025/12/23,05:27:32,0,0.0,185.0,462.0,239.0,39.0,199.0,9.0,5.0,0.0,0.0,0.0,0.0
2025/12/23,05:27:37,0,0.0,193.0,463.0,239.0,27.0,200.0,5.0,3.0,0.0,0.0,0.0,0.0
2025/12/23,05:27:42,0,0.0,213.0,462.0,237.0,9.0,198.0,3.0,1.0,0.0,0.0,0.0,0.0
2025/12/23,05:27:47,0,0.0,185.0,462.0,239.0,40.0,199.0,9.0,5.0,0.0,0.0,0.0,0.0
2025/12/23,05:27:52,0,0.0,192.0,463.0,239.0,22.0,199.0,4.0,2.0,0.0,0.0,0.0,0.0
2025/12/23,05:27:57,0,0.0,196.0,463.0,239.0,22.0,199.0,6.0,3.0,0.0,0.0,0.0,0.0
2025/12/23,05:28:02,0,0.0,193.0,460.0,239.0,25.0,199.0,5.0,3.0,0.0,0.0,0.0,0.0
2025/12/23,05:28:07,0,0.0,199.0,461.0,239.0,19.0,199.0,5.0,2.0,0.0,0.0,0.0,0.0
2025/12/23,05:28:12,0,0.0,191.0,462.0,239.0,34.0,198.0,7.0,5.0,0.0,0.0,0.0,0.0
2025/12/23,05:28:17,0,0.0,202.0,463.0,238.0,11.0,200.0,3.0,2.0,0.0,0.0,0.0,0.0
2025/12/23,05:28:22,0,0.0,193.0,464.0,239.0,33.0,198.0,6.0,4.0,0.0,0.0,0.0,0.0
2025/12/23,05:28:27,0,0.0,193.0,463.0,239.0,27.0,199.0,6.0,3.0,0.0,0.0,0.0,0.0
2025/12/23,05:28:32,0,0.0,195.0,463.0,239.0,9.0,200.0,2.0,1.0,0.0,0.0,0.0,0.0
2025/12/23,05:28:37,0,0.0,183.0,461.0,239.0,37.0,198.0,8.0,5.0,0.0,0.0,0.0,-0.0008
2025/12/23,05:28:42,0,0.0,193.0,463.0,241.0,20.0,198.0,5.0,2.0,0.0,0.0,0.0,0.0
2025/12/23,05:28:47,0,0.0,213.0,463.0,237.0,9.0,199.0,3.0,0.0,0.0,0.0,0.0,0.0
2025/12/23,05:28:52,0,0.0,186.0,463.0,239.0,38.0,199.0,9.0,5.0,0.0,0.0,0.0,0.0
2025/12/23,05:28:57,0,0.0,187.0,460.0,239.0,37.0,197.0,8.0,5.0,0.0,0.0,0.0,-0.0008
2025/12/23,05:29:02,0,0.0,200.0,461.0,238.0,9.0,199.0,2.0,1.0,0.0,0.0,0.0,0.0
2025/12/23,05:29:07,0,0.0,199.0,463.0,239.0,16.0,200.0,4.0,1.0,0.0,0.0,0.0,-0.0008
2025/12/23,05:29:12,0,0.0,193.0,462.0,238.0,37.0,199.0,8.0,5.0,0.0,0.0,0.0,0.0
2025/12/23,05:29:17,0,0.0,203.0,464.0,238.0,8.0,198.0,2.0,0.0,0.0,0.0,0.0,0.0
2025/12/23,05:29:22,0,0.0,186.0,461.0,238.0,40.0,198.0,8.0,5.0,0.0,0.0,0.0,0.0
2025/12/23,05:29:27,0,0.0,200.0,462.0,238.0,8.0,200.0,2.0,1.0,0.0,0.0,0.0,-0.0008
2025/12/23,05:29:32,0,0.0,189.0,462.0,238.0,39.0,200.0,8.0,6.0,0.0,0.0,0.0,0.0
2025/12/23,05:29:37,0,0.0,185.0,463.0,239.0,18.0,200.0,4.0,1.0,0.0,0.0,0.0,0.0
2025/12/23,05:29:42,0,0.0,190.0,462.0,239.0,27.0,199.0,7.0,4.0,0.0,0.0,0.0,0.0
2025/12/23,05:29:47,0,0.0,191.0,462.0,236.0,31.0,198.0,7.0,3.0,0.0,0.0,0.0,0.0
2025/12/23,05:29:52,0,0.0,189.0,463.0,239.0,29.0,200.0,6.0,4.0,0.0,0.0,0.0,0.0
2025/12/23,05:29:57,0,0.0,200.0,460.0,239.0,7.0,199.0,3.0,0.0,0.0,0.0,0.0,0.0
2025/12/23,05:30:02,0,1.0,194.0,463.0,239.0,38.0,198.0,8.0,5.0,0.0,0.0,0.0,0.0
2025/12/23,05:30:07,0,0.0,197.0,463.0,239.0,24.0,199.0,6.0,3.0,0.0,0.0,0.0,0.0
2025/12/23,05:30:12,0,1.0,206.0,463.0,238.0,8.0,198.0,2.0,0.0,0.0,0.0,0.0,0.0
2025/12/23,05:30:17,0,0.0,193.0,462.0,238.0,33.0,199.0,7.0,4.0,0.0,0.0,0.0,0.0
2025/12/23,05:30:22,0,0.0,187.0,462.0,239.0,38.0,199.0,8.0,5.0,0.0,0.0,0.0,0.0
2025/12/23,05:30:27,0,0.0,210.0,463.0,236.0,8.0,199.0,3.0,2.0,0.0,0.0,0.0,0.0
2025/12/23,05:30:32,0,1.0,194.0,463.0,238.0,20.0,199.0,4.0,3.0,0.0,0.0,0.0,0.0
2025/12/23,05:30:37,0,0.0,185.0,462.0,239.0,37.0,199.0,9.0,5.0,0.0,0.0,0.0,0.0
2025/12/23,05:30:42,0,0.0,202.0,463.0,238.0,9.0,199.0,2.0,0.0,0.0,0.0,0.0,0.0
2025/12/23,05:30:47,0,2.0,193.0,460.0,239.0,37.0,199.0,8.0,5.0,0.0,0.0,0.0,0.0
2025/12/23,05:30:52,0,0.0,204.0,464.0,239.0,12.0,200.0,3.0,1.0,0.0,0.0,0.0,0.0
2025/12/23,05:30:57,0,0.0,194.0,463.0,238.0,18.0,199.0,4.0,2.0,0.0,0.0,0.0,0.0
2025/12/23,05:31:02,0,0.0,190.0,462.0,239.0,39.0,199.0,8.0,5.0,0.0,0.0,0.0,0.0
2025/12/23,05:31:07,0,0.0,204.0,462.0,239.0,11.0,197.0,3.0,1.0,0.0,0.0,0.0,0.0
2025/12/23,05:31:12,0,0.0,199.0,463.0,239.0,9.0,198.0,2.0,0.0,0.0,0.0,0.0,0.0
2025/12/23,05:31:17,0,0.0,191.0,462.0,239.0,36.0,200.0,7.0,4.0,0.0,0.0,0.0,0.0
2025/12/23,05:31:22,0,0.0,187.0,461.0,238.0,37.0,198.0,8.0,3.0,0.0,0.0,0.0,0.0
2025/12/23,05:31:27,0,0.0,204.0,463.0,237.0,13.0,198.0,3.0,1.0,0.0,0.0,0.0,0.0
2025/12/23,05:31:32,0,0.0,208.0,463.0,239.0,8.0,198.0,3.0,0.0,0.0,0.0,0.0,0.0
2025/12/23,05:31:37,0,0.0,199.0,464.0,238.0,10.0,199.0,2.0,0.0,0.0,0.0,0.0,0.0
2025/12/23,05:31:42,0,0.0,194.0,463.0,238.0,11.0,199.0,2.0,1.0,0.0,0.0,0.0,0.0
2025/12/23,05:31:47,0,0.0,194.0,463.0,238.0,19.0,197.0,4.0,2.0,0.0,0.0,0.0,0.0
2025/12/23,05:31:52,0,0.0,191.0,462.0,239.0,34.0,200.0,7.0,4.0,0.0,0.0,0.0,0.0
2025/12/23,05:31:57,0,0.0,187.0,462.0,239.0,36.0,199.0,8.0,5.0,0.0,0.0,0.0,0.0
2025/12/23,05:32:02,0,0.0,204.0,464.0,238.0,9.0,198.0,3.0,0.0,0.0,0.0,0.0,-0.0008
2025/12/23,05:32:07,0,0.0,189.0,462.0,238.0,37.0,198.0,8.0,5.0,0.0,0.0,0.0,0.0
2025/12/23,05:32:12,0,0.0,187.0,463.0,239.0,37.0,199.0,8.0,5.0,0.0,0.0,0.0,0.0
2025/12/23,05:32:17,0,0.0,197.0,463.0,239.0,17.0,198.0,5.0,2.0,0.0,0.0,0.0,0.0
2025/12/23,05:32:22,0,0.0,211.0,463.0,239.0,9.0,198.0,3.0,0.0,0.0,0.0,0.0,0.0
2025/12/23,05:32:27,0,0.0,198.0,464.0,238.0,11.0,200.0,2.0,0.0,0.0,0.0,0.0,0.0
2025/12/23,05:32:32,0,0.0,193.0,463.0,239.0,23.0,200.0,4.0,3.0,0.0,0.0,0.0,0.0
2025/12/23,05:32:37,0,0.0,190.0,461.0,237.0,35.0,198.0,8.0,4.0,0.0,0.0,0.0,0.0
2025/12/23,05:32:42,0,0.0,190.0,462.0,239.0,37.0,200.0,8.0,5.0,0.0,0.0,0.0,0.0
2025/12/23,05:32:47,0,0.0,199.0,463.0,239.0,21.0,198.0,5.0,2.0,0.0,0.0,0.0,0.0
2025/12/23,05:32:52,0,0.0,211.0,463.0,237.0,10.0,198.0,3.0,1.0,0.0,0.0,0.0,0.0
2025/12/23,05:32:57,0,0.0,208.0,462.0,238.0,8.0,199.0,3.0,0.0,0.0,0.0,0.0,0.0
2025/12/23,05:33:02,0,0.0,211.0,463.0,239.0,11.0,198.0,3.0,1.0,0.0,0.0,0.0,-0.0008
2025/12/23,05:33:07,0,0.0,202.0,463.0,237.0,14.0,197.0,3.0,2.0,0.0,0.0,0.0,0.0
2025/12/23,05:33:12,0,0.0,185.0,461.0,239.0,38.0,199.0,8.0,5.0,0.0,0.0,0.0,0.0
2025/12/23,05:33:17,0,0.0,194.0,460.0,239.0,38.0,199.0,8.0,5.0,0.0,0.0,0.0,0.0
2025/12/23,05:33:22,0,0.0,194.0,463.0,238.0,10.0,199.0,2.0,1.0,0.0,0.0,0.0,0.0
2025/12/23,05:33:27,0,0.0,207.0,461.0,239.0,11.0,198.0,3.0,1.0,0.0,0.0,0.0,0.0
2025/12/23,05:33:32,0,0.0,187.0,462.0,239.0,38.0,199.0,9.0,5.0,0.0,0.0,0.0,0.0
2025/12/23,05:33:37,0,0.0,189.0,462.0,236.0,35.0,198.0,8.0,4.0,0.0,0.0,0.0,0.0
2025/12/23,05:33:42,0,0.0,199.0,463.0,239.0,10.0,199.0,3.0,1.0,0.0,0.0,0.0,0.0
2025/12/23,05:33:47,0,0.0,207.0,463.0,238.0,7.0,199.0,3.0,1.0,0.0,0.0,0.0,0.0
2025/12/23,05:33:52,0,0.0,187.0,462.0,238.0,39.0,198.0,9.0,5.0,0.0,0.0,0.0,0.0
2025/12/23,05:33:57,0,0.0,195.0,461.0,239.0,20.0,199.0,5.0,3.0,0.0,0.0,0.0,-0.0008
2025/12/23,05:34:02,0,0.0,206.0,463.0,239.0,13.0,200.0,2.0,1.0,0.0,0.0,0.0,0.0
2025/12/23,05:34:07,0,0.0,191.0,460.0,238.0,41.0,199.0,9.0,6.0,0.0,0.0,0.0,0.0
2025/12/23,05:34:12,0,0.0,195.0,463.0,238.0,16.0,199.0,4.0,2.0,0.0,0.0,0.0,0.0
2025/12/23,05:34:17,0,0.0,212.0,463.0,239.0,10.0,199.0,2.0,1.0,0.0,0.0,0.0,0.0
2025/12/23,05:34:22,0,0.0,189.0,462.0,237.0,32.0,197.0,7.0,4.0,0.0,0.0,0.0,0.0
2025/12/23,05:34:27,0,1.0,194.0,462.0,238.0,37.0,198.0,8.0,5.0,0.0,0.0,0.0,0.0
2025/12/23,05:34:32,0,0.0,196.0,463.0,238.0,9.0,199.0,4.0,1.0,0.0,0.0,0.0,0.0
2025/12/23,05:34:37,0,0.0,206.0,463.0,239.0,10.0,199.0,2.0,1.0,0.0,0.0,0.0,0.0
2025/12/23,05:34:42,0,0.0,190.0,463.0,239.0,40.0,200.0,9.0,5.0,0.0,0.0,0.0,0.0
2025/12/23,05:34:47,0,0.0,194.0,463.0,239.0,14.0,199.0,4.0,1.0,0.0,0.0,0.0,0.0
2025/12/23,05:34:52,0,0.0,203.0,464.0,239.0,14.0,200.0,4.0,1.0,0.0,0.0,0.0,-0.0008
2025/12/23,05:34:57,0,0.0,192.0,462.0,239.0,42.0,200.0,8.0,5.0,0.0,0.0,0.0,0.0
2025/12/23,05:35:02,0,0.0,192.0,461.0,239.0,24.0,198.0,5.0,3.0,0.0,0.0,0.0,0.0
2025/12/23,05:35:07,0,0.0,212.0,463.0,241.0,8.0,198.0,2.0,0.0,0.0,0.0,0.0,0.0
2025/12/23,05:35:12,0,1.0,184.0,461.0,239.0,36.0,197.0,7.0,5.0,0.0,0.0,0.0,0.0
2025/12/23,05:35:17,0,0.0,191.0,462.0,239.0,35.0,199.0,8.0,4.0,0.0,0.0,0.0,0.0
2025/12/23,05:35:22,0,0.0,205.0,463.0,239.0,8.0,199.0,3.0,0.0,0.0,0.0,0.0,-0.0008
2025/12/23,05:35:27,0,0.0,199.0,462.0,236.0,18.0,199.0,5.0,3.0,0.0,0.0,0.0,0.0
2025/12/23,05:35:32,0,0.0,191.0,462.0,238.0,29.0,198.0,7.0,4.0,0.0,0.0,0.0,0.0
2025/12/23,05:35:37,0,0.0,187.0,462.0,238.0,38.0,199.0,9.0,5.0,0.0,0.0,0.0,0.0
2025/12/23,05:35:42,0,0.0,192.0,465.0,238.0,37.0,199.0,8.0,5.0,0.0,0.0,0.0,-0.0008
2025/12/23,05:35:47,0,0.0,192.0,463.0,239.0,13.0,198.0,4.0,1.0,0.0,0.0,0.0,0.0
2025/12/23,05:35:52,0,0.0,198.0,464.0,239.0,9.0,200.0,2.0,0.0,0.0,0.0,0.0,0.0
2025/12/23,05:35:57,0,0.0,198.0,464.0,238.0,7.0,198.0,2.0,0.0,0.0,0.0,0.0,0.0
2025/12/23,05:36:02,0,0.0,194.0,463.0,238.0,15.0,199.0,3.0,2.0,0.0,0.0,0.0,0.0
2025/12/23,05:36:07,0,0.0,193.0,462.0,238.0,35.0,198.0,8.0,4.0,0.0,0.0,0.0,0.0
2025/12/23,05:36:12,0,0.0,188.0,462.0,238.0,37.0,199.0,8.0,5.0,0.0,0.0,0.0,0.0
2025/12/23,05:36:17,0,0.0,200.0,462.0,238.0,12.0,198.0,4.0,1.0,0.0,0.0,0.0,0.0
2025/12/23,05:36:22,0,0.0,201.0,463.0,237.0,9.0,198.0,2.0,0.0,0.0,0.0,0.0,0.0
2025/12/23,05:36:27,0,0.0,193.0,463.0,239.0,28.0,199.0,6.0,4.0,0.0,0.0,0.0,0.0
2025/12/23,05:36:32,0,0.0,192.0,459.0,239.0,35.0,199.0,8.0,5.0,0.0,0.0,0.0,0.0
2025/12/23,05:37:17,0,0.0,197.0,463.0,239.0,43.0,198.0,10.0,7.0,0.0,0.0,0.0,0.0
2025/12/23,05:37:21,0,0.0,191.0,463.0,238.0,25.0,198.0,6.0,3.0,0.0,0.0,0.0,0.0
2025/12/23,05:37:26,0,0.0,193.0,463.0,239.0,32.0,200.0,6.0,5.0,0.0,0.0,0.0,0.0
2025/12/23,05:37:31,0,0.0,197.0,461.0,238.0,9.0,199.0,2.0,1.0,0.0,0.0,0.0,0.0
2025/12/23,05:37:36,0,0.0,209.0,464.0,238.0,8.0,198.0,3.0,0.0,0.0,0.0,0.0,0.0
2025/12/23,05:37:41,0,0.0,206.0,464.0,239.0,11.0,197.0,2.0,0.0,0.0,0.0,0.0,0.0
2025/12/23,05:37:46,0,0.0,194.0,464.0,238.0,8.0,198.0,3.0,1.0,0.0,0.0,0.0,0.0
2025/12/23,05:37:51,0,0.0,192.0,462.0,237.0,28.0,201.0,5.0,3.0,0.0,0.0,0.0,0.0
2025/12/23,05:37:56,0,0.0,194.0,462.0,239.0,25.0,199.0,6.0,3.0,0.0,0.0,0.0,0.0
2025/12/23,05:38:01,0,0.0,209.0,461.0,239.0,7.0,199.0,3.0,0.0,0.0,0.0,0.0,0.0
2025/12/23,05:38:06,0,0.0,189.0,463.0,239.0,38.0,198.0,9.0,6.0,0.0,0.0,0.0,0.0
2025/12/23,05:38:11,0,0.0,200.0,464.0,239.0,7.0,197.0,1.0,0.0,0.0,0.0,0.0,0.0
2025/12/23,05:38:16,0,0.0,187.0,462.0,238.0,41.0,198.0,10.0,6.0,0.0,0.0,0.0,0.0
2025/12/23,05:38:21,0,1.0,198.0,464.0,239.0,8.0,198.0,2.0,0.0,0.0,0.0,0.0,0.0
2025/12/23,05:38:26,0,0.0,190.0,460.0,238.0,27.0,198.0,6.0,3.0,0.0,0.0,0.0,0.0
2025/12/23,05:38:31,0,0.0,193.0,462.0,239.0,39.0,198.0,8.0,5.0,0.0,0.0,0.0,0.0
2025/12/23,05:38:36,0,0.0,189.0,461.0,239.0,37.0,199.0,8.0,5.0,0.0,0.0,0.0,0.0
2025/12/23,05:38:41,0,0.0,194.0,463.0,238.0,26.0,198.0,5.0,3.0,0.0,0.0,0.0,0.0
2025/12/23,05:38:46,0,0.0,195.0,463.0,239.0,15.0,198.0,3.0,1.0,0.0,0.0,0.0,0.0
2025/12/23,05:38:51,0,0.0,197.0,464.0,239.0,10.0,199.0,2.0,1.0,0.0,0.0,0.0,0.0
2025/12/23,05:38:56,0,0.0,204.0,464.0,238.0,8.0,199.0,2.0,0.0,0.0,0.0,0.0,0.0
2025/12/23,05:39:01,0,0.0,209.0,461.0,238.0,9.0,200.0,2.0,1.0,0.0,0.0,0.0,0.0
2025/12/23,05:39:06,0,1.0,197.0,462.0,238.0,19.0,199.0,5.0,2.0,0.0,0.0,0.0,0.0
2025/12/23,05:39:11,0,0.0,194.0,464.0,239.0,24.0,199.0,6.0,2.0,0.0,0.0,0.0,0.0
2025/12/23,05:39:16,0,0.0,201.0,464.0,238.0,14.0,200.0,3.0,2.0,0.0,0.0,0.0,0.0
2025/12/23,05:39:21,0,0.0,210.0,463.0,236.0,10.0,198.0,2.0,0.0,0.0,0.0,0.0,0.0
2025/12/23,05:39:26,0,0.0,196.0,463.0,238.0,21.0,200.0,3.0,2.0,0.0,0.0,0.0,0.0
2025/12/23,05:39:31,0,1.0,199.0,464.0,238.0,16.0,198.0,5.0,2.0,0.0,0.0,0.0,0.0
2025/12/23,05:39:36,0,0.0,186.0,462.0,239.0,33.0,198.0,7.0,5.0,0.0,0.0,0.0,0.0
2025/12/23,05:39:41,0,0.0,207.0,461.0,238.0,10.0,199.0,3.0,1.0,0.0,0.0,0.0,0.0
2025/12/23,05:39:46,0,0.0,201.0,463.0,238.0,10.0,197.0,2.0,1.0,0.0,0.0,0.0,0.0
2025/12/23,05:39:51,0,0.0,189.0,463.0,240.0,39.0,200.0,8.0,5.0,0.0,0.0,0.0,0.0
2025/12/23,05:39:56,0,0.0,192.0,462.0,237.0,33.0,199.0,7.0,4.0,0.0,0.0,0.0,0.0
2025/12/23,05:40:01,0,0.0,193.0,463.0,238.0,16.0,198.0,3.0,1.0,0.0,0.0,0.0,0.0
2025/12/23,05:40:06,0,0.0,206.0,463.0,239.0,8.0,199.0,2.0,0.0,0.0,0.0,0.0,0.0
2025/12/23,05:40:11,0,0.0,203.0,463.0,238.0,17.0,198.0,4.0,1.0,0.0,0.0,0.0,0.0
2025/12/23,05:40:16,0,0.0,184.0,462.0,238.0,39.0,199.0,8.0,5.0,0.0,0.0,0.0,0.0
2025/12/23,05:40:21,0,0.0,195.0,463.0,239.0,38.0,199.0,7.0,5.0,0.0,0.0,0.0,0.0
2025/12/23,05:40:26,0,0.0,190.0,462.0,238.0,37.0,200.0,7.0,6.0,0.0,0.0,0.0,0.0
2025/12/23,05:40:31,0,0.0,192.0,462.0,237.0,31.0,198.0,7.0,4.0,0.0,0.0,0.0,0.0
2025/12/23,05:40:36,0,0.0,196.0,463.0,238.0,11.0,199.0,2.0,1.0,0.0,0.0,0.0,0.0
2025/12/23,05:40:41,0,0.0,209.0,464.0,238.0,8.0,199.0,2.0,1.0,0.0,0.0,0.0,0.0
2025/12/23,05:40:46,0,0.0,195.0,464.0,238.0,22.0,197.0,5.0,2.0,0.0,0.0,0.0,0.0
2025/12/23,05:40:51,0,0.0,188.0,462.0,238.0,39.0,198.0,9.0,5.0,0.0,0.0,0.0,0.0
2025/12/23,05:40:56,0,0.0,196.0,460.0,238.0,37.0,197.0,7.0,5.0,0.0,0.0,-0.0008,-0.0008
2025/12/23,05:41:01,0,0.0,191.0,459.0,238.0,31.0,198.0,7.0,4.0,0.0,0.0,0.0,0.0
2025/12/23,05:41:06,0,0.0,195.0,462.0,237.0,9.0,199.0,2.0,2.0,0.0,0.0,0.0,0.0
2025/12/23,05:41:11,0,0.0,207.0,464.0,238.0,8.0,198.0,3.0,0.0,0.0,0.0,0.0,-0.0008
2025/12/23,05:41:16,0,0.0,198.0,464.0,238.0,19.0,199.0,4.0,2.0,0.0,0.0,0.0,0.0
2025/12/23,05:41:21,0,0.0,190.0,462.0,238.0,40.0,197.0,8.0,5.0,0.0,0.0,0.0,0.0
2025/12/23,05:41:26,0,0.0,195.0,462.0,237.0,25.0,198.0,6.0,3.0,0.0,0.0,0.0,0.0
2025/12/23,05:41:31,0,0.0,207.0,464.0,238.0,9.0,199.0,2.0,1.0,0.0,0.0,0.0,0.0
2025/12/23,05:41:36,0,0.0,198.0,460.0,238.0,39.0,198.0,8.0,5.0,0.0,0.0,0.0,-0.0008
2025/12/23,05:41:41,0,0.0,199.0,463.0,239.0,9.0,200.0,2.0,1.0,0.0,0.0,0.0,0.0
2025/12/23,05:41:46,0,0.0,210.0,464.0,238.0,10.0,200.0,3.0,0.0,0.0,0.0,0.0,0.0
2025/12/23,05:41:51,0,0.0,202.0,461.0,239.0,14.0,198.0,4.0,1.0,0.0,0.0,0.0,0.0
2025/12/23,05:41:56,0,0.0,194.0,463.0,239.0,23.0,200.0,5.0,3.0,0.0,0.0,0.0,0.0
2025/12/23,05:42:01,0,0.0,187.0,459.0,238.0,41.0,197.0,8.0,5.0,0.0,0.0,0.0,0.0
2025/12/23,05:42:06,0,0.0,191.0,462.0,238.0,33.0,199.0,7.0,5.0,0.0,0.0,0.0,0.0
2025/12/23,05:42:11,0,0.0,198.0,464.0,238.0,7.0,199.0,2.0,1.0,0.0,0.0,0.0,0.0
2025/12/23,05:42:16,0,0.0,211.0,462.0,237.0,11.0,197.0,3.0,1.0,0.0,0.0,0.0,0.0
2025/12/23,05:42:21,0,0.0,196.0,460.0,238.0,27.0,197.0,5.0,3.0,0.0,0.0,0.0,0.0
2025/12/23,05:42:26,0,0.0,192.0,461.0,237.0,37.0,197.0,8.0,5.0,0.0,0.0,0.0,0.0
2025/12/23,05:42:31,0,0.0,194.0,462.0,236.0,23.0,198.0,5.0,2.0,0.0,0.0,0.0,0.0
2025/12/23,05:42:36,0,0.0,205.0,463.0,237.0,7.0,197.0,2.0,0.0,0.0,0.0,0.0,-0.0008
2025/12/23,05:42:41,0,0.0,204.0,463.0,238.0,13.0,200.0,4.0,1.0,0.0,0.0,0.0,0.0
2025/12/23,05:42:46,0,0.0,187.0,459.0,238.0,39.0,198.0,8.0,5.0,0.0,0.0,0.0,0.0
2025/12/23,05:42:51,0,0.0,194.0,462.0,238.0,36.0,199.0,8.0,5.0,0.0,0.0,-0.0008,0.0
2025/12/23,05:42:56,0,0.0,193.0,460.0,238.0,13.0,198.0,3.0,1.0,0.0,0.0,0.0,0.0
2025/12/23,05:43:01,0,0.0,202.0,463.0,238.0,13.0,199.0,3.0,1.0,0.0,0.0,0.0,0.0
2025/12/23,05:43:06,0,0.0,193.0,462.0,239.0,40.0,199.0,8.0,5.0,0.0,0.0,0.0,0.0
2025/12/23,05:43:11,0,0.0,201.0,464.0,238.0,7.0,199.0,2.0,1.0,0.0,0.0,0.0,0.0
2025/12/23,05:43:16,0,1.0,196.0,463.0,238.0,23.0,199.0,5.0,3.0,0.0,0.0,0.0,0.0
2025/12/23,05:43:21,0,0.0,193.0,462.0,238.0,38.0,199.0,7.0,5.0,0.0,0.0,0.0,-0.0008
2025/12/23,05:43:26,0,1.0,195.0,463.0,237.0,8.0,198.0,2.0,0.0,0.0,0.0,0.0,0.0
2025/12/23,05:43:31,0,0.0,210.0,463.0,238.0,9.0,198.0,3.0,0.0,0.0,0.0,0.0,0.0
2025/12/23,05:43:36,0,0.0,187.0,463.0,238.0,38.0,200.0,8.0,5.0,0.0,0.0,0.0,0.0
2025/12/23,05:43:41,0,0.0,192.0,463.0,239.0,33.0,199.0,7.0,5.0,0.0,0.0,0.0,0.0
2025/12/23,05:43:46,0,0.0,211.0,464.0,238.0,8.0,198.0,2.0,1.0,0.0,0.0,0.0,0.0
2025/12/23,05:43:51,0,0.0,191.0,462.0,239.0,37.0,199.0,8.0,5.0,0.0,0.0,0.0,0.0
2025/12/23,05:43:56,0,0.0,197.0,463.0,239.0,12.0,199.0,3.0,0.0,0.0,0.0,0.0,0.0
2025/12/23,05:44:01,0,0.0,200.0,462.0,238.0,16.0,198.0,5.0,1.0,0.0,0.0,0.0,0.0
2025/12/23,05:44:06,0,0.0,195.0,462.0,238.0,37.0,199.0,8.0,4.0,0.0,0.0,0.0,0.0
2025/12/23,05:44:11,0,0.0,198.0,461.0,238.0,10.0,198.0,3.0,1.0,0.0,0.0,0.0,0.0
2025/12/23,05:44:16,0,0.0,184.0,462.0,238.0,38.0,199.0,9.0,5.0,0.0,0.0,0.0,0.0
2025/12/23,05:44:21,0,0.0,210.0,464.0,238.0,10.0,199.0,2.0,1.0,0.0,0.0,0.0,0.0
2025/12/23,05:44:26,0,0.0,199.0,463.0,238.0,9.0,198.0,3.0,0.0,0.0,0.0,0.0,0.0
2025/12/23,05:44:31,0,2.0,193.0,464.0,239.0,26.0,198.0,6.0,3.0,0.0,0.0,0.0,0.0
2025/12/23,05:44:36,0,0.0,192.0,462.0,239.0,38.0,200.0,8.0,4.0,0.0,0.0,0.0,0.0
2025/12/23,05:44:41,0,0.0,190.0,461.0,238.0,37.0,199.0,8.0,5.0,0.0,0.0,0.0,0.0
2025/12/23,05:44:46,0,0.0,185.0,462.0,239.0,37.0,199.0,8.0,5.0,0.0,0.0,0.0,0.0
2025/12/23,05:44:51,0,0.0,190.0,463.0,239.0,31.0,200.0,7.0,4.0,0.0,0.0,0.0,0.0
2025/12/23,05:44:56,0,0.0,209.0,464.0,239.0,9.0,198.0,4.0,0.0,0.0,0.0,0.0,0.0
2025/12/23,05:45:01,0,0.0,194.0,463.0,239.0,32.0,199.0,6.0,3.0,0.0,0.0,-0.0008,0.0
2025/12/23,05:45:06,0,0.0,204.0,463.0,239.0,12.0,198.0,4.0,1.0,0.0,0.0,0.0,0.0
2025/12/23,05:45:11,0,0.0,190.0,462.0,239.0,36.0,199.0,8.0,5.0,0.0,0.0,0.0,0.0
2025/12/23,05:45:16,0,0.0,206.0,464.0,239.0,10.0,199.0,2.0,0.0,0.0,0.0,0.0,0.0
2025/12/23,05:45:21,0,0.0,195.0,464.0,238.0,15.0,199.0,4.0,1.0,0.0,0.0,0.0,0.0
2025/12/23,05:45:26,0,0.0,190.0,462.0,238.0,36.0,200.0,7.0,5.0,0.0,0.0,0.0,0.0
2025/12/23,05:45:31,0,0.0,189.0,463.0,239.0,39.0,199.0,8.0,6.0,0.0,0.0,0.0,0.0
2025/12/23,05:45:36,0,0.0,200.0,464.0,238.0,16.0,199.0,4.0,1.0,0.0,0.0,0.0,0.0
2025/12/23,05:45:41,0,0.0,195.0,461.0,238.0,23.0,199.0,5.0,3.0,0.0,0.0,0.0,0.0
2025/12/23,05:45:46,0,0.0,194.0,463.0,239.0,27.0,197.0,6.0,4.0,0.0,0.0,0.0,0.0
2025/12/23,05:45:51,0,0.0,192.0,463.0,238.0,13.0,197.0,3.0,1.0,0.0,0.0,0.0,0.0
2025/12/23,05:45:56,0,0.0,184.0,462.0,238.0,40.0,198.0,8.0,5.0,0.0,0.0,0.0,0.0
2025/12/23,05:46:01,0,0.0,194.0,463.0,238.0,11.0,198.0,3.0,1.0,0.0,0.0,0.0,0.0
2025/12/23,05:46:06,0,0.0,185.0,462.0,238.0,36.0,197.0,8.0,5.0,0.0,0.0,0.0,0.0
2025/12/23,05:46:11,0,0.0,203.0,464.0,239.0,9.0,199.0,2.0,0.0,0.0,0.0,0.0,-0.0008
2025/12/23,05:46:16,0,0.0,192.0,463.0,239.0,37.0,199.0,8.0,5.0,0.0,0.0,0.0,0.0
2025/12/23,05:46:21,0,0.0,205.0,463.0,236.0,13.0,197.0,3.0,1.0,0.0,0.0,0.0,0.0
2025/12/23,05:46:26,0,0.0,200.0,464.0,238.0,10.0,200.0,2.0,0.0,0.0,0.0,0.0,0.0
2025/12/23,05:46:31,0,0.0,194.0,462.0,239.0,34.0,200.0,7.0,4.0,0.0,0.0,0.0,0.0
2025/12/23,05:46:36,0,0.0,188.0,461.0,239.0,38.0,199.0,9.0,6.0,0.0,0.0,0.0,-0.0008
2025/12/23,05:46:41,0,0.0,213.0,464.0,238.0,10.0,198.0,3.0,0.0,0.0,0.0,0.0,0.0
2025/12/23,05:47:19,0,0.0,201.0,463.0,238.0,16.0,199.0,4.0,1.0,0.0,0.0,0.0,0.0
2025/12/23,05:47:21,0,0.0,184.0,460.0,238.0,35.0,197.0,7.0,5.0,0.0,0.0,0.0,0.0
2025/12/23,05:47:26,0,0.0,195.0,464.0,238.0,27.0,199.0,5.0,4.0,0.0,0.0,0.0,0.0
2025/12/23,05:47:31,0,0.0,208.0,464.0,239.0,9.0,198.0,3.0,0.0,0.0,0.0,0.0,0.0
2025/12/23,05:47:36,0,0.0,193.0,462.0,237.0,37.0,197.0,8.0,4.0,0.0,0.0,0.0,0.0
2025/12/23,05:47:41,0,0.0,212.0,464.0,238.0,9.0,198.0,3.0,0.0,0.0,0.0,0.0,0.0
2025/12/23,05:47:46,0,0.0,195.0,463.0,238.0,37.0,199.0,7.0,6.0,0.0,0.0,0.0,0.0
2025/12/23,05:47:51,0,0.0,209.0,464.0,239.0,8.0,197.0,2.0,0.0,0.0,0.0,0.0,0.0
2025/12/23,05:47:56,0,0.0,191.0,461.0,238.0,40.0,198.0,9.0,6.0,0.0,0.0,0.0,-0.0008
2025/12/23,05:48:01,0,0.0,200.0,462.0,238.0,9.0,198.0,3.0,0.0,0.0,0.0,0.0,0.0
2025/12/23,05:48:06,0,0.0,183.0,461.0,238.0,37.0,199.0,8.0,6.0,0.0,0.0,0.0,0.0
2025/12/23,05:48:11,0,0.0,193.0,463.0,239.0,30.0,199.0,6.0,4.0,0.0,0.0,0.0,0.0
2025/12/23,05:48:16,0,0.0,213.0,464.0,239.0,9.0,198.0,3.0,0.0,0.0,0.0,0.0,0.0
2025/12/23,05:48:21,0,0.0,187.0,462.0,237.0,39.0,196.0,8.0,5.0,0.0,0.0,0.0,0.0
2025/12/23,05:48:26,0,0.0,193.0,465.0,238.0,28.0,198.0,5.0,3.0,0.0,0.0,-0.0008,0.0
2025/12/23,05:48:31,0,0.0,206.0,464.0,238.0,10.0,197.0,3.0,2.0,0.0,0.0,0.0,0.0
2025/12/23,05:48:36,0,0.0,195.0,463.0,238.0,38.0,198.0,7.0,5.0,0.0,0.0,0.0,0.0
2025/12/23,05:48:41,0,0.0,203.0,464.0,238.0,7.0,199.0,2.0,0.0,0.0,0.0,0.0,0.0
2025/12/23,05:48:46,0,0.0,186.0,463.0,238.0,39.0,197.0,8.0,5.0,0.0,0.0,0.0,0.0
2025/12/23,05:48:51,0,0.0,201.0,464.0,238.0,8.0,198.0,2.0,1.0,0.0,0.0,0.0,0.0
2025/12/23,05:48:56,0,0.0,184.0,462.0,237.0,38.0,198.0,8.0,5.0,0.0,0.0,0.0,0.0
2025/12/23,05:49:01,0,0.0,198.0,463.0,238.0,9.0,199.0,2.0,1.0,0.0,0.0,0.0,0.0
2025/12/23,05:49:06,0,0.0,183.0,460.0,236.0,37.0,199.0,8.0,5.0,0.0,0.0,0.0,0.0
2025/12/23,05:49:11,0,0.0,195.0,462.0,237.0,14.0,199.0,3.0,2.0,0.0,0.0,0.0,0.0
2025/12/23,05:49:16,0,0.0,183.0,459.0,238.0,33.0,197.0,8.0,4.0,0.0,0.0,0.0,0.0
2025/12/23,05:49:21,0,0.0,194.0,462.0,238.0,15.0,198.0,3.0,1.0,0.0,0.0,0.0,0.0
2025/12/23,05:49:26,0,0.0,183.0,462.0,238.0,35.0,198.0,8.0,5.0,0.0,0.0,0.0,0.0
2025/12/23,05:49:31,0,0.0,196.0,463.0,238.0,9.0,198.0,3.0,1.0,0.0,0.0,0.0,0.0
2025/12/23,05:49:36,0,0.0,190.0,462.0,237.0,38.0,198.0,8.0,6.0,0.0,0.0,0.0,-0.0008
2025/12/23,05:49:41,0,0.0,207.0,464.0,240.0,10.0,198.0,3.0,1.0,0.0,0.0,0.0,0.0
2025/12/23,05:49:46,0,0.0,194.0,463.0,236.0,21.0,197.0,3.0,2.0,0.0,0.0,0.0,0.0
2025/12/23,05:49:51,0,0.0,192.0,462.0,239.0,41.0,199.0,8.0,5.0,0.0,0.0,0.0,0.0
2025/12/23,05:49:56,0,0.0,193.0,464.0,239.0,25.0,198.0,6.0,3.0,0.0,0.0,0.0,0.0
2025/12/23,05:50:01,0,0.0,196.0,463.0,238.0,19.0,197.0,4.0,2.0,0.0,0.0,0.0,0.0
2025/12/23,05:50:06,0,0.0,191.0,462.0,238.0,28.0,199.0,6.0,3.0,0.0,0.0,0.0,0.0
2025/12/23,05:50:11,0,0.0,197.0,462.0,237.0,24.0,198.0,6.0,3.0,0.0,0.0,0.0,0.0
2025/12/23,05:50:16,0,0.0,190.0,462.0,238.0,41.0,200.0,8.0,5.0,0.0,0.0,0.0,0.0
2025/12/23,05:50:21,0,0.0,197.0,464.0,239.0,10.0,200.0,3.0,0.0,0.0,0.0,0.0,0.0
2025/12/23,05:50:26,0,0.0,190.0,462.0,238.0,34.0,199.0,8.0,5.0,0.0,0.0,0.0,0.0
2025/12/23,05:50:31,0,0.0,190.0,462.0,238.0,39.0,199.0,8.0,5.0,0.0,0.0,0.0,0.0
2025/12/23,05:50:36,0,0.0,193.0,463.0,238.0,24.0,199.0,6.0,3.0,0.0,0.0,0.0,0.0
2025/12/23,05:50:41,0,0.0,209.0,464.0,238.0,13.0,198.0,3.0,0.0,0.0,0.0,0.0,0.0
2025/12/23,05:50:46,0,0.0,201.0,461.0,238.0,10.0,199.0,2.0,0.0,0.0,0.0,0.0,0.0
2025/12/23,05:50:51,0,0.0,198.0,463.0,238.0,11.0,198.0,2.0,0.0,0.0,0.0,0.0,0.0
2025/12/23,05:50:56,0,0.0,202.0,464.0,239.0,11.0,199.0,3.0,0.0,0.0,0.0,0.0,0.0
2025/12/23,05:51:01,0,0.0,203.0,462.0,237.0,12.0,197.0,4.0,1.0,0.0,0.0,0.0,0.0
2025/12/23,05:51:06,0,0.0,191.0,462.0,238.0,40.0,199.0,9.0,5.0,0.0,0.0,0.0,0.0
2025/12/23,05:51:11,0,0.0,192.0,463.0,238.0,30.0,200.0,6.0,4.0,0.0,0.0,0.0,0.0
2025/12/23,05:51:16,0,0.0,201.0,464.0,238.0,7.0,199.0,2.0,0.0,0.0,0.0,0.0,0.0
2025/12/23,05:51:21,0,0.0,206.0,463.0,238.0,9.0,200.0,3.0,1.0,0.0,0.0,0.0,0.0
2025/12/23,05:51:26,0,0.0,191.0,462.0,238.0,27.0,198.0,6.0,3.0,0.0,0.0,0.0,0.0
2025/12/23,05:51:31,0,0.0,186.0,463.0,238.0,39.0,198.0,8.0,5.0,0.0,0.0,0.0,0.0
2025/12/23,05:51:36,0,0.0,194.0,462.0,238.0,39.0,199.0,8.0,5.0,0.0,0.0,0.0,0.0
2025/12/23,05:51:41,0,0.0,193.0,462.0,237.0,34.0,198.0,8.0,4.0,0.0,0.0,0.0,-0.0008
2025/12/23,05:51:46,0,0.0,197.0,464.0,239.0,10.0,198.0,3.0,0.0,0.0,0.0,0.0,0.0
2025/12/23,05:51:51,0,0.0,212.0,464.0,238.0,11.0,198.0,3.0,1.0,0.0,0.0,0.0,0.0
2025/12/23,05:51:56,0,0.0,194.0,463.0,238.0,21.0,199.0,6.0,3.0,0.0,0.0,0.0,0.0
2025/12/23,05:52:01,0,0.0,186.0,462.0,238.0,39.0,198.0,9.0,5.0,0.0,0.0,0.0,0.0
2025/12/23,05:52:06,0,0.0,193.0,462.0,237.0,40.0,197.0,8.0,5.0,0.0,0.0,0.0,0.0
2025/12/23,05:52:11,0,0.0,192.0,461.0,238.0,40.0,199.0,8.0,6.0,0.0,0.0,0.0,0.0
2025/12/23,05:52:16,0,0.0,186.0,462.0,239.0,37.0,199.0,8.0,5.0,0.0,0.0,0.0,0.0
2025/12/23,05:52:21,0,0.0,201.0,464.0,238.0,14.0,200.0,3.0,2.0,0.0,0.0,0.0,0.0
2025/12/23,05:52:26,0,0.0,197.0,464.0,239.0,12.0,198.0,3.0,0.0,0.0,0.0,0.0,0.0
2025/12/23,05:52:31,0,0.0,206.0,461.0,238.0,12.0,198.0,5.0,1.0,0.0,0.0,0.0,0.0
2025/12/23,05:52:36,0,0.0,192.0,462.0,238.0,32.0,198.0,7.0,3.0,0.0,0.0,0.0,0.0
2025/12/23,05:52:41,0,0.0,190.0,462.0,238.0,41.0,199.0,9.0,5.0,0.0,0.0,0.0,0.0
2025/12/23,05:52:46,0,0.0,194.0,463.0,238.0,29.0,199.0,6.0,3.0,0.0,0.0,0.0,0.0
2025/12/23,05:52:51,0,0.0,202.0,464.0,238.0,9.0,198.0,2.0,0.0,0.0,0.0,0.0,0.0
2025/12/23,05:52:56,0,0.0,205.0,464.0,238.0,12.0,199.0,3.0,1.0,0.0,0.0,0.0,0.0
2025/12/23,05:53:01,0,0.0,185.0,462.0,238.0,40.0,199.0,9.0,5.0,0.0,0.0,0.0,0.0
2025/12/23,05:53:06,0,0.0,193.0,459.0,238.0,38.0,200.0,8.0,4.0,0.0,0.0,0.0,0.0
2025/12/23,05:53:11,0,0.0,194.0,464.0,239.0,10.0,199.0,3.0,1.0,0.0,0.0,0.0,0.0
2025/12/23,05:53:16,0,0.0,213.0,464.0,239.0,9.0,198.0,3.0,0.0,0.0,0.0,0.0,0.0
2025/12/23,05:53:21,0,0.0,189.0,463.0,238.0,37.0,199.0,7.0,4.0,0.0,0.0,0.0,0.0
2025/12/23,05:53:26,0,0.0,189.0,461.0,239.0,36.0,199.0,8.0,5.0,0.0,0.0,0.0,0.0
2025/12/23,05:53:31,0,0.0,201.0,461.0,238.0,8.0,199.0,3.0,0.0,0.0,0.0,0.0,-0.0008
2025/12/23,05:53:36,0,0.0,187.0,462.0,238.0,34.0,199.0,8.0,5.0,0.0,0.0,0.0,0.0
2025/12/23,05:53:41,0,0.0,193.0,463.0,239.0,29.0,200.0,6.0,3.0,0.0,0.0,0.0,0.0
2025/12/23,05:53:46,0,3.0,212.0,460.0,238.0,11.0,198.0,3.0,1.0,0.0,0.0,0.0,0.0
2025/12/23,05:53:51,0,0.0,184.0,462.0,239.0,38.0,200.0,8.0,5.0,0.0,0.0,0.0,0.0
2025/12/23,05:53:56,0,1.0,192.0,462.0,238.0,36.0,199.0,8.0,4.0,0.0,0.0,0.0,0.0
2025/12/23,05:54:01,0,0.0,202.0,464.0,238.0,8.0,198.0,2.0,0.0,0.0,0.0,0.0,0.0
2025/12/23,05:54:06,0,0.0,202.0,464.0,238.0,15.0,199.0,3.0,2.0,0.0,0.0,0.0,0.0
2025/12/23,05:54:11,0,0.0,187.0,462.0,238.0,39.0,200.0,7.0,6.0,0.0,0.0,0.0,0.0
2025/12/23,05:54:16,0,0.0,192.0,463.0,239.0,35.0,200.0,7.0,5.0,0.0,0.0,0.0,0.0
2025/12/23,05:54:21,0,0.0,208.0,463.0,238.0,9.0,199.0,3.0,0.0,0.0,0.0,0.0,0.0
2025/12/23,05:54:26,0,0.0,192.0,462.0,238.0,37.0,199.0,8.0,5.0,0.0,0.0,0.0,0.0
2025/12/23,05:54:31,0,1.0,202.0,464.0,238.0,15.0,199.0,6.0,1.0,0.0,0.0,0.0,0.0
2025/12/23,05:54:36,0,0.0,195.0,464.0,238.0,13.0,199.0,3.0,1.0,0.0,0.0,0.0,0.0
2025/12/23,05:54:41,0,0.0,187.0,462.0,238.0,39.0,199.0,9.0,5.0,0.0,0.0,0.0,0.0
2025/12/23,05:54:46,0,0.0,209.0,462.0,238.0,10.0,199.0,3.0,0.0,0.0,0.0,0.0,0.0
2025/12/23,05:54:51,0,0.0,191.0,460.0,238.0,35.0,200.0,7.0,4.0,0.0,0.0,0.0,0.0
2025/12/23,05:54:56,0,0.0,186.0,461.0,237.0,37.0,198.0,8.0,5.0,0.0,0.0,0.0,0.0
2025/12/23,05:55:01,0,0.0,213.0,464.0,238.0,10.0,199.0,3.0,1.0,0.0,0.0,0.0,0.0
2025/12/23,05:55:06,0,1.0,194.0,464.0,236.0,17.0,198.0,4.0,0.0,0.0,0.0,0.0,0.0
2025/12/23,05:55:11,0,0.0,192.0,462.0,238.0,39.0,198.0,9.0,5.0,0.0,0.0,0.0,0.0
2025/12/23,05:55:16,0,0.0,206.0,464.0,239.0,10.0,200.0,3.0,1.0,0.0,0.0,0.0,0.0
2025/12/23,05:55:21,0,0.0,195.0,464.0,238.0,19.0,198.0,4.0,1.0,0.0,0.0,0.0,0.0
2025/12/23,05:55:26,0,0.0,187.0,462.0,238.0,40.0,198.0,9.0,5.0,0.0,0.0,0.0,0.0
2025/12/23,05:55:31,0,0.0,204.0,460.0,238.0,10.0,200.0,3.0,1.0,0.0,0.0,0.0,0.0
2025/12/23,05:55:36,0,0.0,202.0,464.0,238.0,9.0,198.0,3.0,0.0,0.0,0.0,0.0,0.0
2025/12/23,05:55:41,0,0.0,192.0,464.0,237.0,16.0,200.0,3.0,1.0,0.0,0.0,0.0,0.0
2025/12/23,05:55:46,0,0.0,193.0,463.0,238.0,23.0,199.0,6.0,3.0,0.0,0.0,0.0,0.0
2025/12/23,05:55:51,0,0.0,194.0,462.0,238.0,31.0,199.0,7.0,4.0,0.0,0.0,0.0,0.0
2025/12/23,05:55:56,0,0.0,191.0,461.0,238.0,37.0,198.0,8.0,5.0,0.0,0.0,0.0,-0.0008
2025/12/23,05:56:01,0,0.0,189.0,460.0,239.0,38.0,199.0,10.0,6.0,0.0,0.0,0.0,0.0
2025/12/23,05:56:06,0,0.0,187.0,462.0,238.0,35.0,199.0,8.0,5.0,0.0,0.0,0.0,0.0
2025/12/23,05:56:11,0,0.0,213.0,463.0,240.0,11.0,199.0,3.0,1.0,0.0,0.0,0.0,0.0
2025/12/23,05:56:16,0,0.0,197.0,463.0,238.0,21.0,200.0,5.0,2.0,0.0,0.0,0.0,0.0
2025/12/23,05:56:21,0,0.0,191.0,461.0,238.0,37.0,198.0,8.0,5.0,0.0,0.0,0.0,0.0
2025/12/23,05:56:26,0,0.0,187.0,462.0,237.0,38.0,200.0,9.0,5.0,0.0,0.0,0.0,0.0
2025/12/23,05:56:31,0,0.0,201.0,464.0,238.0,15.0,200.0,3.0,2.0,0.0,0.0,0.0,0.0
2025/12/23,05:56:36,0,0.0,213.0,464.0,239.0,12.0,199.0,3.0,1.0,0.0,0.0,0.0,0.0
2025/12/23,05:56:41,0,0.0,206.0,464.0,238.0,9.0,198.0,3.0,0.0,0.0,0.0,0.0,0.0
2025/12/23,05:56:46,0,0.0,212.0,463.0,238.0,11.0,199.0,3.0,0.0,0.0,0.0,0.0,0.0
2025/12/23,05:56:51,0,0.0,207.0,463.0,238.0,16.0,198.0,2.0,0.0,0.0,0.0,0.0,0.0
2025/12/23,05:56:56,0,0.0,203.0,463.0,238.0,16.0,198.0,4.0,1.0,0.0,0.0,0.0,-0.0008
2025/12/23,05:57:46,0,0.0,207.0,462.0,238.0,8.0,199.0,4.0,0.0,0.0,0.0,0.0,0.0
2025/12/23,05:57:50,0,0.0,203.0,461.0,238.0,16.0,198.0,4.0,2.0,0.0,0.0,0.0,0.0
2025/12/23,05:57:55,0,0.0,191.0,462.0,238.0,41.0,198.0,9.0,5.0,0.0,0.0,0.0,0.0
2025/12/23,05:58:00,0,0.0,194.0,463.0,239.0,24.0,199.0,5.0,3.0,0.0,0.0,0.0,0.0
2025/12/23,05:58:05,0,0.0,209.0,462.0,238.0,10.0,197.0,2.0,0.0,0.0,0.0,0.0,0.0
2025/12/23,05:58:10,0,0.0,185.0,463.0,238.0,35.0,199.0,7.0,5.0,0.0,0.0,0.0,0.0
2025/12/23,05:58:15,0,0.0,193.0,463.0,239.0,34.0,199.0,7.0,4.0,0.0,0.0,0.0,0.0
2025/12/23,05:58:20,0,0.0,213.0,463.0,239.0,11.0,199.0,3.0,0.0,0.0,0.0,0.0,0.0
2025/12/23,05:58:25,0,0.0,188.0,462.0,238.0,40.0,197.0,8.0,5.0,0.0,0.0,0.0,0.0
2025/12/23,05:58:30,0,0.0,193.0,462.0,237.0,24.0,198.0,5.0,2.0,0.0,0.0,0.0,0.0
2025/12/23,05:58:35,0,0.0,207.0,462.0,238.0,11.0,199.0,4.0,1.0,0.0,0.0,0.0,0.0
2025/12/23,05:58:40,0,0.0,190.0,462.0,238.0,44.0,199.0,9.0,5.0,0.0,0.0,0.0,0.0
2025/12/23,05:58:45,0,0.0,196.0,463.0,238.0,12.0,199.0,3.0,0.0,0.0,0.0,0.0,0.0
2025/12/23,05:58:50,0,0.0,191.0,462.0,238.0,28.0,202.0,7.0,3.0,0.0,0.0,0.0,0.0
2025/12/23,05:58:55,0,0.0,193.0,463.0,238.0,24.0,200.0,4.0,3.0,0.0,0.0,0.0,0.0
2025/12/23,05:59:00,0,0.0,196.0,463.0,237.0,23.0,198.0,6.0,2.0,0.0,0.0,0.0,0.0
2025/12/23,05:59:05,0,0.0,194.0,462.0,237.0,30.0,199.0,6.0,4.0,0.0,0.0,0.0,-0.0008
2025/12/23,05:59:10,0,0.0,201.0,463.0,238.0,14.0,198.0,4.0,1.0,0.0,0.0,0.0,0.0
2025/12/23,05:59:15,0,0.0,189.0,462.0,238.0,36.0,199.0,8.0,4.0,0.0,0.0,0.0,0.0
2025/12/23,05:59:20,0,0.0,209.0,461.0,238.0,9.0,199.0,3.0,0.0,0.0,0.0,0.0,0.0
2025/12/23,05:59:25,0,0.0,194.0,462.0,238.0,27.0,199.0,6.0,4.0,0.0,0.0,0.0,-0.0008
2025/12/23,05:59:30,0,0.0,189.0,462.0,238.0,40.0,198.0,8.0,6.0,0.0,0.0,0.0,0.0
2025/12/23,05:59:35,0,0.0,191.0,461.0,238.0,38.0,199.0,9.0,5.0,0.0,0.0,0.0,0.0
2025/12/23,05:59:40,0,0.0,193.0,463.0,240.0,28.0,198.0,6.0,4.0,0.0,0.0,0.0,0.0
2025/12/23,05:59:45,0,0.0,196.0,463.0,238.0,13.0,199.0,4.0,1.0,0.0,0.0,0.0,0.0
2025/12/23,05:59:50,0,0.0,201.0,462.0,239.0,8.0,198.0,2.0,0.0,0.0,0.0,0.0,0.0
2025/12/23,05:59:55,0,5.0,208.0,464.0,238.0,10.0,200.0,3.0,1.0,0.0,0.0,0.0,0.0
2025/12/23,06:00:00,0,0.0,187.0,459.0,238.0,39.0,199.0,9.0,5.0,0.0,0.0,0.0,0.0
2025/12/23,06:00:05,0,0.0,194.0,463.0,239.0,24.0,199.0,6.0,2.0,0.0,0.0,0.0,0.0
2025/12/23,06:00:10,0,0.0,190.0,462.0,237.0,45.0,198.0,10.0,7.0,0.0,0.0,0.0,0.0
2025/12/23,06:00:15,0,0.0,190.0,461.0,237.0,35.0,198.0,8.0,4.0,0.0,0.0,0.0,0.0
2025/12/23,06:00:20,0,1.0,202.0,462.0,238.0,18.0,198.0,5.0,1.0,0.0,0.0,0.0,0.0
2025/12/23,06:00:25,0,0.0,196.0,464.0,238.0,12.0,199.0,3.0,0.0,0.0,0.0,0.0,0.0
2025/12/23,06:00:30,0,0.0,193.0,461.0,238.0,38.0,199.0,8.0,5.0,0.0,0.0,0.0,0.0
2025/12/23,06:00:35,0,0.0,212.0,463.0,239.0,9.0,197.0,3.0,0.0,0.0,0.0,0.0,0.0
2025/12/23,06:00:40,0,0.0,188.0,463.0,238.0,40.0,199.0,9.0,6.0,0.0,0.0,0.0,0.0
2025/12/23,06:00:45,0,0.0,195.0,464.0,238.0,17.0,199.0,4.0,2.0,0.0,0.0,0.0,0.0
2025/12/23,06:00:50,0,0.0,208.0,464.0,239.0,11.0,199.0,3.0,1.0,0.0,0.0,0.0,0.0
2025/12/23,06:00:55,0,1.0,194.0,460.0,238.0,40.0,200.0,8.0,5.0,0.0,0.0,0.0,0.0
2025/12/23,06:01:00,0,1.0,189.0,462.0,238.0,31.0,198.0,7.0,4.0,0.0,0.0,0.0,0.0
2025/12/23,06:01:05,0,0.0,204.0,462.0,237.0,13.0,198.0,4.0,0.0,0.0,0.0,0.0,-0.0008
2025/12/23,06:01:10,0,0.0,212.0,463.0,239.0,11.0,200.0,3.0,0.0,0.0,0.0,0.0,0.0
2025/12/23,06:01:15,0,0.0,202.0,463.0,236.0,10.0,198.0,3.0,0.0,0.0,0.0,0.0,0.0
2025/12/23,06:01:20,0,0.0,194.0,463.0,238.0,23.0,199.0,6.0,3.0,0.0,0.0,0.0,0.0
2025/12/23,06:01:25,0,0.0,194.0,462.0,238.0,38.0,199.0,8.0,5.0,0.0,0.0,0.0,0.0
2025/12/23,06:01:30,0,0.0,190.0,462.0,238.0,39.0,200.0,8.0,5.0,0.0,0.0,0.0,0.0
2025/12/23,06:01:35,0,0.0,186.0,462.0,239.0,39.0,199.0,9.0,6.0,0.0,0.0,0.0,0.0
2025/12/23,06:01:40,0,0.0,189.0,463.0,239.0,39.0,199.0,9.0,5.0,0.0,0.0,0.0,0.0
2025/12/23,06:01:45,0,0.0,189.0,461.0,238.0,40.0,198.0,8.0,5.0,0.0,0.0,0.0,0.0
2025/12/23,06:01:50,0,0.0,186.0,463.0,238.0,38.0,200.0,8.0,5.0,0.0,0.0,0.0,0.0
2025/12/23,06:01:55,0,0.0,186.0,463.0,238.0,37.0,199.0,8.0,5.0,0.0,0.0,0.0,0.0
2025/12/23,06:02:00,0,0.0,207.0,464.0,239.0,12.0,199.0,2.0,1.0,0.0,0.0,0.0,0.0
2025/12/23,06:02:05,0,0.0,191.0,462.0,238.0,40.0,200.0,8.0,5.0,0.0,0.0,0.0,0.0
2025/12/23,06:02:10,0,0.0,190.0,461.0,238.0,36.0,198.0,8.0,4.0,0.0,0.0,0.0,0.0
2025/12/23,06:02:15,0,0.0,193.0,463.0,238.0,28.0,199.0,7.0,4.0,0.0,0.0,0.0,-0.0008
2025/12/23,06:02:20,0,0.0,192.0,463.0,238.0,28.0,199.0,6.0,3.0,0.0,0.0,0.0,0.0
2025/12/23,06:02:25,0,0.0,198.0,463.0,238.0,14.0,199.0,5.0,1.0,0.0,0.0,0.0,0.0
2025/12/23,06:02:30,0,2.0,195.0,463.0,238.0,29.0,200.0,6.0,4.0,0.0,0.0,0.0,0.0
2025/12/23,06:02:35,0,1.0,186.0,462.0,238.0,37.0,198.0,8.0,4.0,0.0,0.0,0.0,0.0
2025/12/23,06:02:40,0,5.0,211.0,460.0,238.0,13.0,198.0,4.0,1.0,0.0,0.0,0.0,0.0
2025/12/23,06:02:45,0,1.0,201.0,463.0,238.0,11.0,199.0,2.0,0.0,0.0,0.0,0.0,0.0
2025/12/23,06:02:50,0,1.0,194.0,463.0,238.0,10.0,198.0,3.0,1.0,0.0,0.0,0.0,0.0
2025/12/23,06:02:55,0,3.0,193.0,462.0,238.0,16.0,199.0,3.0,1.0,0.0,0.0,0.0,-0.0008
2025/12/23,06:03:00,0,1.0,195.0,461.0,239.0,11.0,200.0,2.0,0.0,0.0,0.0,0.0,0.0
2025/12/23,06:03:05,0,1.0,210.0,462.0,238.0,9.0,199.0,3.0,0.0,0.0,0.0,0.0,0.0
2025/12/23,06:03:10,0,1.0,190.0,462.0,239.0,30.0,199.0,9.0,3.0,0.0,0.0,0.0,0.0
2025/12/23,06:03:15,0,0.0,190.0,462.0,239.0,37.0,200.0,9.0,4.0,0.0,0.0,0.0,0.0
2025/12/23,06:03:20,0,0.0,208.0,464.0,238.0,8.0,198.0,3.0,0.0,0.0,0.0,0.0,0.0
2025/12/23,06:03:25,0,0.0,184.0,461.0,240.0,40.0,199.0,8.0,5.0,0.0,0.0,0.0,0.0
2025/12/23,06:03:30,0,0.0,193.0,463.0,238.0,26.0,199.0,6.0,3.0,0.0,0.0,0.0,0.0
2025/12/23,06:03:35,0,0.0,205.0,464.0,238.0,11.0,199.0,3.0,0.0,0.0,0.0,0.0,0.0
2025/12/23,06:03:40,0,0.0,192.0,462.0,238.0,41.0,199.0,8.0,5.0,0.0,0.0,0.0,0.0
2025/12/23,06:03:45,0,0.0,196.0,461.0,238.0,11.0,198.0,2.0,0.0,0.0,0.0,0.0,-0.0008
2025/12/23,06:03:50,0,0.0,204.0,462.0,238.0,10.0,196.0,3.0,1.0,0.0,0.0,0.0,0.0
2025/12/23,06:03:55,0,0.0,188.0,462.0,238.0,41.0,199.0,9.0,5.0,0.0,0.0,0.0,0.0
2025/12/23,06:04:00,0,0.0,191.0,462.0,238.0,37.0,199.0,8.0,5.0,0.0,0.0,-0.0008,0.0
2025/12/23,06:04:05,0,0.0,201.0,463.0,238.0,9.0,199.0,2.0,0.0,0.0,0.0,0.0,0.0
2025/12/23,06:04:10,0,0.0,191.0,462.0,237.0,25.0,198.0,7.0,3.0,0.0,0.0,0.0,0.0
2025/12/23,06:04:15,0,0.0,192.0,462.0,238.0,35.0,199.0,6.0,4.0,0.0,0.0,0.0,0.0
2025/12/23,06:04:20,0,0.0,198.0,463.0,238.0,17.0,199.0,4.0,2.0,0.0,0.0,0.0,0.0
2025/12/23,06:04:25,0,0.0,196.0,463.0,239.0,23.0,200.0,4.0,2.0,0.0,0.0,0.0,0.0
2025/12/23,06:04:30,0,0.0,190.0,463.0,238.0,30.0,199.0,7.0,4.0,0.0,0.0,0.0,0.0
2025/12/23,06:04:35,0,0.0,193.0,463.0,238.0,27.0,199.0,6.0,4.0,0.0,0.0,0.0,0.0
2025/12/23,06:04:40,0,0.0,204.0,463.0,237.0,12.0,198.0,4.0,0.0,0.0,0.0,0.0,0.0
2025/12/23,06:04:45,0,0.0,191.0,463.0,236.0,41.0,198.0,9.0,5.0,0.0,0.0,0.0,0.0
2025/12/23,06:04:50,0,0.0,211.0,463.0,238.0,12.0,198.0,3.0,1.0,0.0,0.0,0.0,0.0
2025/12/23,06:04:55,0,0.0,192.0,463.0,239.0,39.0,199.0,8.0,6.0,0.0,0.0,0.0,0.0
2025/12/23,06:05:00,0,0.0,200.0,463.0,239.0,9.0,198.0,3.0,0.0,0.0,0.0,0.0,-0.0008
2025/12/23,06:05:05,0,0.0,186.0,460.0,238.0,35.0,194.0,9.0,5.0,0.0,0.0,0.0,-0.0008
2025/12/23,06:05:10,0,0.0,194.0,464.0,238.0,20.0,200.0,5.0,2.0,0.0,0.0,0.0,0.0
2025/12/23,06:05:15,0,0.0,192.0,462.0,237.0,27.0,198.0,7.0,3.0,0.0,0.0,0.0,0.0
2025/12/23,06:05:20,0,0.0,194.0,464.0,238.0,16.0,198.0,4.0,2.0,0.0,0.0,0.0,0.0
2025/12/23,06:05:25,0,0.0,185.0,462.0,238.0,37.0,199.0,8.0,5.0,0.0,0.0,0.0,0.0
2025/12/23,06:05:30,0,0.0,203.0,464.0,238.0,8.0,200.0,2.0,0.0,0.0,0.0,0.0,0.0
2025/12/23,06:05:35,0,0.0,193.0,460.0,238.0,41.0,199.0,9.0,6.0,0.0,0.0,0.0,0.0
2025/12/23,06:05:40,0,0.0,211.0,464.0,237.0,9.0,199.0,2.0,0.0,0.0,0.0,0.0,0.0
2025/12/23,06:05:45,0,0.0,194.0,463.0,236.0,39.0,198.0,8.0,5.0,0.0,0.0,0.0,0.0
2025/12/23,06:05:50,0,0.0,210.0,464.0,238.0,10.0,199.0,3.0,0.0,0.0,0.0,0.0,0.0
2025/12/23,06:05:55,0,0.0,190.0,459.0,238.0,41.0,199.0,9.0,6.0,0.0,0.0,-0.0008,0.0
2025/12/23,06:06:00,0,0.0,198.0,462.0,238.0,9.0,199.0,3.0,0.0,0.0,0.0,0.0,0.0
2025/12/23,06:06:05,0,3.0,189.0,462.0,239.0,33.0,199.0,8.0,4.0,0.0,0.0,0.0,-0.0008
2025/12/23,06:06:10,0,0.0,193.0,462.0,238.0,28.0,199.0,6.0,4.0,0.0,0.0,0.0,0.0
2025/12/23,06:06:15,0,1.0,200.0,463.0,238.0,18.0,199.0,5.0,1.0,0.0,0.0,0.0,0.0
2025/12/23,06:06:20,0,0.0,191.0,462.0,239.0,33.0,198.0,7.0,4.0,0.0,0.0,0.0,0.0
2025/12/23,06:06:25,0,1.0,202.0,461.0,238.0,14.0,197.0,4.0,1.0,0.0,0.0,0.0,0.0
2025/12/23,06:06:30,0,0.0,190.0,462.0,238.0,37.0,198.0,7.0,5.0,0.0,0.0,0.0,0.0
2025/12/23,06:06:35,0,0.0,200.0,463.0,238.0,13.0,199.0,4.0,1.0,0.0,0.0,0.0,0.0
2025/12/23,06:06:40,0,0.0,194.0,459.0,238.0,20.0,199.0,5.0,2.0,0.0,0.0,0.0,0.0
2025/12/23,06:06:45,0,1.0,186.0,459.0,238.0,39.0,197.0,8.0,5.0,0.0,0.0,0.0,0.0
2025/12/23,06:06:50,0,0.0,201.0,463.0,237.0,12.0,198.0,4.0,1.0,0.0,0.0,0.0,0.0
2025/12/23,06:06:55,0,0.0,199.0,464.0,238.0,11.0,197.0,3.0,1.0,0.0,0.0,0.0,-0.0008
2025/12/23,06:07:00,0,0.0,190.0,462.0,238.0,38.0,199.0,8.0,4.0,0.0,0.0,0.0,0.0
2025/12/23,06:07:56,0,0.0,193.0,462.0,238.0,44.0,199.0,10.0,6.0,0.0,0.0,0.0,0.0
2025/12/23,06:08:00,0,0.0,189.0,461.0,237.0,39.0,198.0,9.0,5.0,0.0,0.0,0.0,0.0
2025/12/23,06:08:05,0,0.0,192.0,461.0,238.0,30.0,198.0,6.0,4.0,0.0,0.0,0.0,0.0
2025/12/23,06:08:10,0,0.0,206.0,463.0,238.0,8.0,198.0,3.0,0.0,0.0,0.0,0.0,0.0
2025/12/23,06:08:15,0,0.0,199.0,462.0,236.0,18.0,199.0,5.0,2.0,0.0,0.0,0.0,0.0
2025/12/23,06:08:20,0,0.0,189.0,463.0,239.0,39.0,199.0,9.0,6.0,0.0,0.0,0.0,-0.0008
2025/12/23,06:08:25,0,0.0,194.0,463.0,238.0,21.0,198.0,5.0,2.0,0.0,0.0,0.0,0.0
2025/12/23,06:08:30,0,2.0,203.0,463.0,238.0,17.0,198.0,4.0,1.0,0.0,0.0,0.0,0.0
2025/12/23,06:08:35,0,0.0,191.0,463.0,238.0,34.0,198.0,7.0,4.0,0.0,0.0,0.0,0.0
2025/12/23,06:08:40,0,0.0,194.0,462.0,237.0,21.0,198.0,6.0,2.0,0.0,0.0,0.0,0.0
2025/12/23,06:08:45,0,1.0,193.0,462.0,238.0,26.0,199.0,6.0,3.0,0.0,0.0,0.0,0.0
2025/12/23,06:08:50,0,0.0,201.0,464.0,239.0,15.0,199.0,4.0,2.0,0.0,0.0,0.0,0.0
2025/12/23,06:08:55,0,2.0,191.0,462.0,238.0,37.0,197.0,7.0,5.0,0.0,0.0,0.0,0.0
2025/12/23,06:09:00,0,0.0,210.0,461.0,238.0,9.0,198.0,3.0,0.0,0.0,0.0,0.0,0.0
2025/12/23,06:09:05,0,1.0,187.0,460.0,238.0,42.0,197.0,9.0,5.0,0.0,0.0,0.0,0.0
2025/12/23,06:09:10,0,0.0,195.0,461.0,238.0,25.0,200.0,5.0,3.0,0.0,0.0,0.0,0.0
2025/12/23,06:09:15,0,0.0,209.0,462.0,239.0,8.0,199.0,3.0,1.0,0.0,0.0,0.0,0.0
2025/12/23,06:09:20,0,0.0,192.0,461.0,238.0,41.0,200.0,9.0,6.0,0.0,0.0,0.0,0.0
2025/12/23,06:09:25,0,0.0,195.0,464.0,238.0,10.0,199.0,3.0,1.0,0.0,0.0,0.0,0.0
2025/12/23,06:09:30,0,2.0,201.0,462.0,238.0,18.0,199.0,4.0,1.0,0.0,0.0,0.0,0.0
2025/12/23,06:09:35,0,1.0,190.0,459.0,238.0,37.0,199.0,8.0,5.0,0.0,0.0,0.0,0.0
2025/12/23,06:09:40,0,0.0,210.0,463.0,237.0,10.0,197.0,2.0,0.0,0.0,0.0,-0.0008,0.0
2025/12/23,06:09:45,0,0.0,190.0,462.0,238.0,41.0,198.0,9.0,4.0,0.0,0.0,0.0,0.0
2025/12/23,06:09:50,0,0.0,198.0,464.0,238.0,10.0,198.0,3.0,1.0,0.0,0.0,0.0,0.0
2025/12/23,06:09:55,0,0.0,188.0,461.0,237.0,32.0,199.0,8.0,4.0,0.0,0.0,0.0,0.0
2025/12/23,06:10:00,0,0.0,191.0,462.0,237.0,32.0,197.0,6.0,4.0,0.0,0.0,0.0,0.0
2025/12/23,06:10:05,0,0.0,193.0,462.0,238.0,42.0,199.0,9.0,6.0,0.0,0.0,0.0,0.0
2025/12/23,06:10:10,0,0.0,189.0,462.0,237.0,35.0,198.0,9.0,4.0,0.0,0.0,0.0,0.0
2025/12/23,06:10:15,0,0.0,215.0,461.0,238.0,11.0,197.0,3.0,1.0,0.0,0.0,0.0,0.0
2025/12/23,06:10:20,0,0.0,186.0,461.0,236.0,39.0,198.0,8.0,5.0,0.0,0.0,0.0,0.0
2025/12/23,06:10:25,0,0.0,189.0,462.0,238.0,37.0,199.0,8.0,5.0,0.0,0.0,0.0,0.0
2025/12/23,06:10:30,0,0.0,199.0,463.0,237.0,9.0,199.0,3.0,1.0,0.0,0.0,0.0,-0.0008
2025/12/23,06:10:35,0,0.0,197.0,464.0,239.0,19.0,199.0,6.0,2.0,0.0,0.0,0.0,0.0
2025/12/23,06:10:40,0,0.0,191.0,461.0,238.0,38.0,198.0,9.0,5.0,0.0,0.0,0.0,0.0
2025/12/23,06:10:45,0,0.0,203.0,463.0,238.0,9.0,199.0,3.0,0.0,0.0,0.0,-0.0008,0.0
2025/12/23,06:10:50,0,0.0,190.0,462.0,238.0,33.0,198.0,8.0,4.0,0.0,0.0,0.0,0.0
2025/12/23,06:10:55,0,0.0,189.0,459.0,238.0,38.0,200.0,8.0,5.0,0.0,0.0,0.0,0.0
2025/12/23,06:11:00,0,0.0,199.0,463.0,238.0,8.0,199.0,3.0,0.0,0.0,0.0,0.0,0.0
2025/12/23,06:11:05,0,0.0,194.0,463.0,238.0,25.0,198.0,5.0,2.0,0.0,0.0,0.0,0.0
2025/12/23,06:11:10,0,1.0,190.0,462.0,237.0,39.0,198.0,9.0,5.0,0.0,0.0,0.0,0.0
2025/12/23,06:11:15,0,0.0,206.0,464.0,238.0,9.0,198.0,3.0,0.0,0.0,0.0,0.0,0.0
2025/12/23,06:11:20,0,0.0,185.0,462.0,238.0,40.0,199.0,9.0,5.0,0.0,0.0,0.0,0.0
2025/12/23,06:11:25,0,0.0,193.0,461.0,238.0,28.0,198.0,6.0,3.0,0.0,0.0,0.0,0.0
2025/12/23,06:11:30,0,0.0,204.0,464.0,238.0,10.0,198.0,4.0,0.0,0.0,0.0,0.0,0.0
2025/12/23,06:11:35,0,0.0,193.0,462.0,236.0,38.0,198.0,8.0,4.0,0.0,0.0,0.0,0.0
2025/12/23,06:11:40,0,0.0,199.0,463.0,239.0,8.0,198.0,3.0,0.0,0.0,0.0,0.0,0.0
2025/12/23,06:11:45,0,0.0,184.0,462.0,238.0,40.0,198.0,8.0,5.0,0.0,0.0,0.0,0.0
2025/12/23,06:11:50,0,0.0,194.0,463.0,237.0,9.0,197.0,3.0,1.0,0.0,0.0,0.0,-0.0008
2025/12/23,06:11:55,0,1.0,188.0,463.0,236.0,33.0,197.0,8.0,2.0,0.0,0.0,0.0,0.0
2025/12/23,06:12:00,0,0.0,192.0,462.0,238.0,32.0,197.0,6.0,4.0,0.0,0.0,0.0,0.0
2025/12/23,06:12:05,0,0.0,211.0,464.0,238.0,11.0,199.0,3.0,1.0,0.0,0.0,0.0,0.0
2025/12/23,06:12:10,0,0.0,187.0,462.0,238.0,39.0,198.0,9.0,5.0,0.0,0.0,0.0,0.0
2025/12/23,06:12:15,0,1.0,196.0,463.0,238.0,12.0,199.0,2.0,0.0,0.0,0.0,0.0,0.0
2025/12/23,06:12:20,0,1.0,186.0,462.0,238.0,38.0,199.0,9.0,5.0,0.0,0.0,0.0,0.0
2025/12/23,06:12:25,0,0.0,195.0,462.0,236.0,9.0,198.0,2.0,1.0,0.0,0.0,0.0,0.0
2025/12/23,06:12:30,0,2.0,196.0,463.0,237.0,21.0,198.0,6.0,2.0,0.0,0.0,0.0,0.0
2025/12/23,06:12:35,0,2.0,193.0,462.0,238.0,35.0,199.0,7.0,5.0,0.0,0.0,0.0,0.0
2025/12/23,06:12:40,0,1.0,208.0,463.0,236.0,8.0,198.0,3.0,0.0,0.0,0.0,0.0,0.0
2025/12/23,06:12:45,0,2.0,191.0,462.0,238.0,41.0,197.0,7.0,5.0,0.0,0.0,0.0,0.0
2025/12/23,06:12:50,0,1.0,205.0,463.0,238.0,11.0,198.0,4.0,1.0,0.0,0.0,0.0,0.0
2025/12/23,06:12:55,0,0.0,194.0,461.0,238.0,22.0,196.0,5.0,2.0,0.0,0.0,0.0,0.0
2025/12/23,06:13:00,0,0.0,190.0,461.0,238.0,39.0,198.0,10.0,5.0,0.0,0.0,0.0,-0.0008
2025/12/23,06:13:05,0,3.0,199.0,463.0,238.0,20.0,199.0,5.0,2.0,0.0,0.0,0.0,0.0
2025/12/23,06:13:10,0,1.0,198.0,460.0,238.0,11.0,200.0,3.0,0.0,0.0,0.0,0.0,0.0
2025/12/23,06:13:15,0,1.0,189.0,462.0,238.0,38.0,200.0,8.0,5.0,0.0,0.0,0.0,-0.0008
2025/12/23,06:13:20,0,2.0,191.0,462.0,238.0,33.0,197.0,7.0,4.0,0.0,0.0,0.0,0.0
2025/12/23,06:13:25,0,0.0,204.0,464.0,239.0,8.0,198.0,3.0,0.0,0.0,0.0,0.0,-0.0008
2025/12/23,06:13:30,0,0.0,190.0,462.0,238.0,37.0,200.0,8.0,4.0,0.0,0.0,0.0,0.0
2025/12/23,06:13:35,0,2.0,188.0,462.0,239.0,39.0,198.0,9.0,5.0,0.0,0.0,0.0,0.0
2025/12/23,06:13:40,0,0.0,200.0,462.0,238.0,17.0,197.0,5.0,2.0,0.0,0.0,0.0,0.0
2025/12/23,06:13:45,0,0.0,206.0,463.0,238.0,8.0,197.0,2.0,0.0,0.0,0.0,0.0,0.0
2025/12/23,06:13:50,0,0.0,194.0,462.0,238.0,33.0,198.0,7.0,4.0,0.0,0.0,0.0,-0.0008
2025/12/23,06:13:55,0,1.0,187.0,462.0,238.0,38.0,198.0,8.0,5.0,0.0,0.0,0.0,0.0
2025/12/23,06:14:00,0,0.0,210.0,463.0,236.0,10.0,197.0,2.0,0.0,0.0,0.0,0.0,0.0
2025/12/23,06:14:05,0,1.0,193.0,462.0,238.0,26.0,198.0,6.0,3.0,0.0,0.0,0.0,0.0
2025/12/23,06:14:10,0,0.0,185.0,463.0,238.0,38.0,198.0,8.0,5.0,0.0,0.0,0.0,0.0
2025/12/23,06:14:15,0,0.0,209.0,464.0,239.0,10.0,198.0,2.0,0.0,0.0,0.0,0.0,0.0
2025/12/23,06:14:20,0,1.0,192.0,462.0,237.0,34.0,198.0,8.0,4.0,0.0,0.0,0.0,0.0
2025/12/23,06:14:25,0,0.0,186.0,462.0,239.0,33.0,199.0,8.0,4.0,0.0,0.0,0.0,0.0
2025/12/23,06:14:30,0,1.0,203.0,464.0,239.0,9.0,198.0,3.0,0.0,0.0,0.0,0.0,0.0
2025/12/23,06:14:35,0,0.0,191.0,462.0,240.0,34.0,199.0,7.0,4.0,0.0,0.0,0.0,0.0
2025/12/23,06:14:40,0,1.0,189.0,462.0,238.0,39.0,198.0,9.0,5.0,0.0,0.0,0.0,0.0
2025/12/23,06:14:45,0,2.0,208.0,464.0,238.0,10.0,199.0,5.0,0.0,0.0,0.0,0.0,0.0
2025/12/23,06:14:50,0,0.0,198.0,460.0,237.0,11.0,198.0,3.0,0.0,0.0,0.0,0.0,0.0
2025/12/23,06:14:55,0,2.0,190.0,463.0,238.0,35.0,197.0,7.0,4.0,0.0,0.0,0.0,0.0
2025/12/23,06:15:00,0,1.0,191.0,459.0,238.0,39.0,199.0,9.0,5.0,0.0,0.0,0.0,0.0
2025/12/23,06:15:05,0,1.0,185.0,462.0,238.0,39.0,199.0,9.0,6.0,0.0,0.0,0.0,0.0
2025/12/23,06:15:10,0,0.0,202.0,462.0,237.0,13.0,198.0,4.0,1.0,0.0,0.0,0.0,0.0
2025/12/23,06:15:15,0,0.0,199.0,460.0,238.0,11.0,197.0,2.0,0.0,0.0,0.0,0.0,0.0
2025/12/23,06:15:20,0,0.0,192.0,462.0,237.0,37.0,198.0,8.0,4.0,0.0,0.0,0.0,0.0
2025/12/23,06:15:25,0,0.0,189.0,462.0,237.0,39.0,198.0,9.0,5.0,0.0,0.0,0.0,-0.0008
2025/12/23,06:15:30,0,0.0,198.0,462.0,237.0,20.0,197.0,5.0,2.0,0.0,0.0,0.0,0.0
2025/12/23,06:15:35,0,1.0,202.0,463.0,238.0,10.0,199.0,3.0,0.0,0.0,0.0,0.0,0.0
2025/12/23,06:15:40,0,2.0,193.0,462.0,237.0,34.0,197.0,7.0,4.0,0.0,0.0,0.0,0.0
2025/12/23,06:15:45,0,0.0,186.0,462.0,238.0,37.0,199.0,9.0,5.0,0.0,0.0,0.0,0.0
2025/12/23,06:15:50,0,2.0,206.0,464.0,239.0,9.0,197.0,3.0,0.0,0.0,0.0,0.0,0.0
2025/12/23,06:15:55,0,2.0,193.0,462.0,238.0,40.0,197.0,8.0,5.0,0.0,0.0,0.0,0.0
2025/12/23,06:16:00,0,2.0,200.0,462.0,238.0,9.0,198.0,3.0,0.0,0.0,0.0,0.0,-0.0008
2025/12/23,06:16:05,0,0.0,195.0,462.0,238.0,25.0,198.0,7.0,3.0,0.0,0.0,0.0,0.0
2025/12/23,06:16:10,0,3.0,191.0,462.0,237.0,39.0,197.0,8.0,4.0,0.0,0.0,0.0,0.0
2025/12/23,06:16:15,0,1.0,202.0,463.0,238.0,7.0,198.0,2.0,0.0,0.0,0.0,0.0,0.0
2025/12/23,06:16:20,0,0.0,191.0,463.0,238.0,33.0,199.0,8.0,4.0,0.0,0.0,0.0,0.0
2025/12/23,06:16:25,0,2.0,192.0,461.0,238.0,34.0,198.0,8.0,4.0,0.0,0.0,0.0,0.0
2025/12/23,06:16:30,0,2.0,209.0,463.0,238.0,9.0,199.0,3.0,0.0,0.0,0.0,0.0,0.0
2025/12/23,06:16:35,0,3.0,187.0,461.0,238.0,30.0,198.0,8.0,4.0,0.0,0.0,0.0,0.0
2025/12/23,06:16:40,0,1.0,195.0,461.0,238.0,38.0,198.0,9.0,5.0,0.0,0.0,0.0,0.0
2025/12/23,06:16:45,0,1.0,195.0,462.0,238.0,26.0,199.0,6.0,3.0,0.0,0.0,0.0,0.0
2025/12/23,06:16:50,0,2.0,200.0,463.0,236.0,8.0,197.0,2.0,0.0,0.0,0.0,0.0,0.0
2025/12/23,06:16:55,0,0.0,197.0,463.0,238.0,16.0,199.0,4.0,1.0,0.0,0.0,0.0,0.0
2025/12/23,06:17:00,0,1.0,193.0,461.0,238.0,40.0,199.0,8.0,5.0,0.0,0.0,0.0,0.0
2025/12/23,06:17:05,0,3.0,208.0,464.0,238.0,9.0,198.0,3.0,0.0,0.0,0.0,0.0,0.0
2025/12/23,06:17:10,0,3.0,192.0,462.0,238.0,38.0,197.0,8.0,5.0,0.0,0.0,0.0,0.0
2025/12/23,06:18:16,0,0.0,198.0,460.0,238.0,27.0,199.0,8.0,4.0,0.0,0.0,0.0,0.0
2025/12/23,06:18:20,0,1.0,186.0,462.0,238.0,41.0,198.0,10.0,6.0,0.0,0.0,0.0,0.0
2025/12/23,06:18:25,0,1.0,203.0,464.0,237.0,9.0,198.0,3.0,0.0,0.0,0.0,0.0,0.0
2025/12/23,06:18:30,0,0.0,193.0,462.0,238.0,41.0,199.0,9.0,5.0,0.0,0.0,0.0,0.0
2025/12/23,06:18:35,0,0.0,204.0,463.0,236.0,11.0,199.0,4.0,1.0,0.0,0.0,0.0,0.0
2025/12/23,06:18:40,0,0.0,194.0,460.0,238.0,14.0,198.0,3.0,1.0,0.0,0.0,0.0,-0.0008
2025/12/23,06:18:45,0,0.0,190.0,461.0,236.0,35.0,199.0,8.0,5.0,0.0,0.0,0.0,0.0
2025/12/23,06:18:50,0,1.0,186.0,460.0,237.0,39.0,198.0,9.0,5.0,0.0,0.0,0.0,0.0
2025/12/23,06:18:55,0,2.0,200.0,462.0,237.0,14.0,198.0,4.0,1.0,0.0,0.0,0.0,0.0
2025/12/23,06:19:00,0,0.0,201.0,464.0,239.0,10.0,198.0,3.0,0.0,0.0,0.0,0.0,0.0
2025/12/23,06:19:05,0,0.0,193.0,462.0,238.0,29.0,198.0,6.0,3.0,0.0,0.0,0.0,0.0
2025/12/23,06:19:10,0,1.0,190.0,462.0,238.0,40.0,198.0,9.0,5.0,0.0,0.0,0.0,0.0
2025/12/23,06:19:15,0,2.0,211.0,462.0,238.0,17.0,199.0,3.0,0.0,0.0,0.0,0.0,0.0
2025/12/23,06:19:20,0,0.0,193.0,463.0,238.0,34.0,199.0,7.0,4.0,0.0,0.0,0.0,0.0
2025/12/23,06:19:25,0,1.0,194.0,462.0,238.0,24.0,198.0,7.0,3.0,0.0,0.0,0.0,0.0
2025/12/23,06:19:30,0,1.0,203.0,463.0,238.0,10.0,199.0,3.0,0.0,0.0,0.0,0.0,0.0
2025/12/23,06:19:35,0,1.0,189.0,463.0,239.0,38.0,198.0,9.0,4.0,0.0,0.0,0.0,0.0
2025/12/23,06:19:40,0,1.0,184.0,462.0,236.0,36.0,197.0,8.0,5.0,0.0,0.0,0.0,0.0
2025/12/23,06:19:45,0,0.0,203.0,463.0,238.0,14.0,199.0,4.0,1.0,0.0,0.0,0.0,0.0
2025/12/23,06:19:50,0,0.0,195.0,464.0,238.0,15.0,199.0,3.0,1.0,0.0,0.0,0.0,0.0
2025/12/23,06:19:55,0,1.0,187.0,461.0,238.0,41.0,198.0,9.0,5.0,0.0,0.0,0.0,0.0
2025/12/23,06:20:00,0,1.0,211.0,463.0,237.0,11.0,198.0,3.0,1.0,0.0,0.0,0.0,0.0
2025/12/23,06:20:05,0,2.0,194.0,461.0,238.0,33.0,199.0,7.0,4.0,0.0,0.0,0.0,0.0
2025/12/23,06:20:10,0,1.0,186.0,461.0,238.0,38.0,198.0,9.0,5.0,0.0,0.0,0.0,0.0
2025/12/23,06:20:15,0,0.0,207.0,462.0,238.0,11.0,200.0,5.0,0.0,0.0,0.0,0.0,0.0
2025/12/23,06:20:20,0,2.0,202.0,462.0,238.0,11.0,199.0,3.0,0.0,0.0,0.0,0.0,0.0
2025/12/23,06:20:25,0,4.0,194.0,462.0,238.0,14.0,200.0,2.0,1.0,0.0,0.0,0.0,0.0
2025/12/23,06:20:30,0,7.0,204.0,463.0,238.0,4.0,199.0,1.0,0.0,0.0,0.0,0.0,-0.0008
2025/12/23,06:20:35,0,1.0,200.0,462.0,238.0,19.0,198.0,7.0,2.0,0.0,0.0,0.0,0.0
2025/12/23,06:20:40,0,1.0,187.0,462.0,238.0,32.0,198.0,7.0,4.0,0.0,0.0,0.0,0.0
2025/12/23,06:20:45,0,1.0,209.0,463.0,237.0,13.0,197.0,4.0,1.0,0.0,0.0,0.0,0.0
2025/12/23,06:20:50,0,2.0,200.0,462.0,238.0,11.0,197.0,3.0,0.0,0.0,0.0,0.0,0.0
2025/12/23,06:20:55,0,2.0,192.0,459.0,238.0,35.0,199.0,7.0,4.0,0.0,0.0,0.0,-0.0008
2025/12/23,06:21:00,0,2.0,189.0,462.0,237.0,39.0,197.0,9.0,5.0,0.0,0.0,0.0,-0.0008
2025/12/23,06:21:05,0,0.0,198.0,461.0,238.0,20.0,197.0,5.0,2.0,0.0,0.0,0.0,0.0
2025/12/23,06:21:10,0,0.0,208.0,463.0,239.0,15.0,198.0,4.0,0.0,0.0,0.0,0.0,0.0
2025/12/23,06:21:15,0,1.0,210.0,463.0,236.0,11.0,197.0,3.0,0.0,0.0,0.0,0.0,0.0
2025/12/23,06:21:20,0,2.0,206.0,463.0,239.0,10.0,198.0,3.0,0.0,0.0,0.0,0.0,0.0
2025/12/23,06:21:25,0,0.0,203.0,464.0,239.0,10.0,199.0,2.0,0.0,0.0,0.0,0.0,0.0
2025/12/23,06:21:30,0,1.0,194.0,462.0,237.0,12.0,198.0,3.0,1.0,0.0,0.0,0.0,0.0
2025/12/23,06:21:35,0,1.0,191.0,462.0,237.0,36.0,198.0,7.0,5.0,0.0,0.0,0.0,-0.0008
2025/12/23,06:21:40,0,1.0,190.0,461.0,238.0,40.0,199.0,9.0,5.0,0.0,0.0,0.0,0.0
2025/12/23,06:21:45,0,4.0,193.0,462.0,238.0,26.0,198.0,7.0,3.0,0.0,0.0,0.0,0.0
2025/12/23,06:21:50,0,0.0,211.0,461.0,238.0,11.0,196.0,2.0,1.0,0.0,0.0,0.0,-0.0008
2025/12/23,06:21:55,0,1.0,200.0,463.0,238.0,13.0,199.0,3.0,0.0,0.0,0.0,0.0,0.0
2025/12/23,06:22:00,0,0.0,195.0,461.0,238.0,26.0,198.0,6.0,2.0,0.0,0.0,0.0,0.0
2025/12/23,06:22:05,0,2.0,193.0,462.0,236.0,39.0,198.0,9.0,5.0,0.0,0.0,0.0,0.0
2025/12/23,06:22:10,0,1.0,198.0,464.0,238.0,25.0,200.0,5.0,3.0,0.0,0.0,0.0,0.0
2025/12/23,06:22:15,0,1.0,211.0,464.0,238.0,12.0,198.0,3.0,1.0,0.0,0.0,0.0,-0.0008
2025/12/23,06:22:20,0,2.0,206.0,463.0,237.0,11.0,198.0,3.0,0.0,0.0,0.0,0.0,0.0
2025/12/23,06:22:25,0,2.0,197.0,463.0,238.0,13.0,199.0,3.0,1.0,0.0,0.0,0.0,0.0
2025/12/23,06:22:30,0,3.0,197.0,462.0,238.0,19.0,198.0,5.0,2.0,0.0,0.0,0.0,0.0
2025/12/23,06:22:35,0,2.0,195.0,464.0,238.0,30.0,196.0,6.0,4.0,0.0,0.0,0.0,0.0
2025/12/23,06:22:40,0,2.0,193.0,462.0,237.0,32.0,199.0,7.0,4.0,0.0,0.0,0.0,0.0
2025/12/23,06:22:45,0,2.0,189.0,461.0,238.0,35.0,197.0,7.0,5.0,0.0,0.0,0.0,0.0
2025/12/23,06:22:50,0,4.0,192.0,463.0,237.0,38.0,197.0,9.0,5.0,0.0,0.0,0.0,0.0
2025/12/23,06:22:55,0,3.0,195.0,462.0,238.0,25.0,198.0,7.0,3.0,0.0,0.0,0.0,0.0
2025/12/23,06:23:00,0,5.0,205.0,463.0,238.0,11.0,197.0,3.0,0.0,0.0,0.0,0.0,-0.0008
2025/12/23,06:23:05,0,4.0,194.0,463.0,238.0,12.0,199.0,3.0,0.0,0.0,0.0,0.0,0.0
2025/12/23,06:23:10,0,2.0,192.0,462.0,238.0,27.0,199.0,6.0,4.0,0.0,0.0,0.0,-0.0008
2025/12/23,06:23:15,0,4.0,188.0,462.0,237.0,38.0,197.0,8.0,4.0,0.0,0.0,0.0,0.0
2025/12/23,06:23:20,0,3.0,195.0,462.0,238.0,36.0,199.0,9.0,5.0,0.0,0.0,0.0,0.0
2025/12/23,06:23:25,0,3.0,191.0,462.0,238.0,38.0,198.0,8.0,5.0,0.0,0.0,0.0,0.0
2025/12/23,06:23:30,0,2.0,185.0,462.0,238.0,37.0,198.0,8.0,5.0,0.0,0.0,0.0,0.0
2025/12/23,06:23:35,0,0.0,205.0,463.0,238.0,15.0,198.0,3.0,1.0,0.0,0.0,0.0,0.0
2025/12/23,06:23:40,0,3.0,212.0,463.0,238.0,12.0,198.0,3.0,0.0,0.0,0.0,0.0,0.0
2025/12/23,06:23:45,0,3.0,199.0,463.0,236.0,12.0,199.0,3.0,0.0,0.0,0.0,0.0,0.0
2025/12/23,06:23:50,0,2.0,194.0,463.0,237.0,26.0,199.0,6.0,3.0,0.0,0.0,0.0,0.0
2025/12/23,06:23:55,0,6.0,192.0,463.0,238.0,37.0,198.0,8.0,4.0,0.0,0.0,0.0,0.0
2025/12/23,06:24:00,0,2.0,189.0,461.0,238.0,39.0,197.0,9.0,5.0,0.0,0.0,0.0,0.0
2025/12/23,06:24:05,0,1.0,189.0,462.0,236.0,39.0,197.0,9.0,4.0,0.0,0.0,0.0,0.0
2025/12/23,06:24:10,0,5.0,189.0,462.0,237.0,32.0,197.0,8.0,4.0,0.0,0.0,0.0,-0.0008
2025/12/23,06:24:15,0,4.0,195.0,460.0,238.0,23.0,197.0,5.0,2.0,0.0,0.0,0.0,0.0
2025/12/23,06:24:20,0,2.0,203.0,463.0,238.0,14.0,198.0,4.0,1.0,0.0,0.0,0.0,0.0
2025/12/23,06:24:25,0,0.0,206.0,463.0,238.0,14.0,198.0,4.0,0.0,0.0,0.0,0.0,0.0
2025/12/23,06:24:30,0,0.0,211.0,463.0,236.0,13.0,197.0,3.0,0.0,0.0,0.0,0.0,0.0
2025/12/23,06:24:35,0,2.0,207.0,463.0,237.0,12.0,197.0,3.0,1.0,0.0,0.0,0.0,0.0
2025/12/23,06:24:40,0,2.0,205.0,463.0,239.0,12.0,197.0,2.0,0.0,0.0,0.0,0.0,0.0
2025/12/23,06:24:45,0,4.0,212.0,464.0,238.0,12.0,198.0,3.0,0.0,0.0,0.0,0.0,0.0
2025/12/23,06:24:50,0,6.0,202.0,461.0,238.0,16.0,199.0,5.0,1.0,0.0,0.0,0.0,0.0
2025/12/23,06:24:55,0,2.0,184.0,462.0,239.0,40.0,197.0,8.0,5.0,0.0,0.0,0.0,0.0
2025/12/23,06:25:00,0,2.0,188.0,461.0,237.0,41.0,197.0,9.0,5.0,0.0,0.0,0.0,0.0
2025/12/23,06:25:05,0,2.0,188.0,462.0,238.0,40.0,198.0,9.0,5.0,0.0,0.0,0.0,0.0
2025/12/23,06:25:10,0,0.0,185.0,462.0,236.0,38.0,198.0,9.0,5.0,0.0,0.0,0.0,0.0
2025/12/23,06:25:15,0,0.0,194.0,462.0,237.0,21.0,198.0,5.0,2.0,0.0,0.0,0.0,0.0
2025/12/23,06:25:20,0,1.0,209.0,463.0,238.0,13.0,199.0,3.0,0.0,0.0,0.0,0.0,0.0
2025/12/23,06:25:25,0,1.0,197.0,463.0,237.0,14.0,198.0,3.0,1.0,0.0,0.0,0.0,0.0
2025/12/23,06:25:30,0,0.0,194.0,460.0,238.0,23.0,199.0,5.0,2.0,0.0,0.0,0.0,0.0
2025/12/23,06:25:35,0,0.0,193.0,463.0,239.0,34.0,199.0,7.0,4.0,0.0,0.0,0.0,0.0
2025/12/23,06:25:40,0,6.0,196.0,461.0,238.0,36.0,198.0,8.0,5.0,0.0,0.0,0.0,0.0
2025/12/23,06:25:45,0,2.0,188.0,462.0,237.0,39.0,198.0,9.0,5.0,0.0,0.0,0.0,0.0
2025/12/23,06:25:50,0,5.0,200.0,463.0,238.0,22.0,199.0,6.0,2.0,0.0,0.0,0.0,0.0
2025/12/23,06:25:55,0,2.0,213.0,462.0,238.0,13.0,198.0,3.0,0.0,0.0,0.0,0.0,0.0
2025/12/23,06:26:00,0,3.0,196.0,464.0,239.0,14.0,197.0,2.0,1.0,0.0,0.0,0.0,0.0
2025/12/23,06:26:05,0,2.0,194.0,461.0,237.0,38.0,198.0,8.0,5.0,0.0,0.0,0.0,0.0
2025/12/23,06:26:10,0,1.0,189.0,463.0,236.0,36.0,197.0,8.0,4.0,0.0,0.0,0.0,0.0
2025/12/23,06:26:15,0,4.0,205.0,462.0,238.0,15.0,197.0,4.0,1.0,0.0,0.0,0.0,0.0
2025/12/23,06:26:20,0,3.0,211.0,463.0,238.0,14.0,197.0,4.0,0.0,0.0,0.0,0.0,0.0
2025/12/23,06:26:25,0,2.0,202.0,463.0,238.0,11.0,198.0,3.0,0.0,0.0,0.0,0.0,0.0
2025/12/23,06:26:30,0,2.0,194.0,463.0,238.0,10.0,199.0,4.0,1.0,0.0,0.0,0.0,0.0
2025/12/23,06:26:35,0,3.0,194.0,460.0,238.0,32.0,199.0,7.0,3.0,0.0,0.0,0.0,0.0
2025/12/23,06:26:40,0,1.0,195.0,461.0,238.0,38.0,198.0,9.0,4.0,0.0,0.0,0.0,0.0
2025/12/23,06:26:45,0,2.0,186.0,462.0,236.0,36.0,198.0,9.0,4.0,0.0,0.0,0.0,-0.0008
2025/12/23,06:26:50,0,1.0,204.0,461.0,238.0,13.0,197.0,4.0,1.0,0.0,0.0,0.0,0.0
2025/12/23,06:26:55,0,2.0,206.0,463.0,238.0,12.0,199.0,3.0,0.0,0.0,0.0,0.0,0.0
2025/12/23,06:27:00,0,0.0,197.0,463.0,238.0,12.0,199.0,2.0,1.0,0.0,0.0,0.0,0.0
2025/12/23,06:27:05,0,0.0,193.0,462.0,239.0,32.0,200.0,7.0,4.0,0.0,0.0,0.0,0.0
2025/12/23,06:27:10,0,1.0,195.0,461.0,238.0,40.0,198.0,8.0,5.0,0.0,0.0,0.0,0.0
2025/12/23,06:27:15,0,0.0,183.0,459.0,238.0,37.0,195.0,8.0,5.0,0.0,0.0,0.0,0.0
2025/12/23,06:27:20,0,3.0,206.0,463.0,237.0,9.0,198.0,4.0,0.0,0.0,0.0,0.0,0.0
2025/12/23,06:27:25,0,1.0,201.0,463.0,238.0,12.0,197.0,3.0,1.0,0.0,0.0,0.0,0.0
2025/12/23,06:28:00,0,0.0,187.0,461.0,238.0,32.0,198.0,8.0,4.0,0.0,0.0,0.0,0.0
2025/12/23,06:28:05,0,1.0,200.0,463.0,239.0,11.0,198.0,3.0,0.0,0.0,0.0,0.0,0.0
2025/12/23,06:28:10,0,2.0,192.0,463.0,240.0,32.0,198.0,7.0,4.0,0.0,0.0,0.0,0.0
2025/12/23,06:28:15,0,0.0,188.0,461.0,238.0,39.0,198.0,9.0,5.0,0.0,0.0,0.0,0.0
2025/12/23,06:28:20,0,0.0,201.0,462.0,238.0,18.0,198.0,5.0,1.0,0.0,0.0,0.0,0.0
2025/12/23,06:28:25,0,0.0,205.0,463.0,238.0,11.0,198.0,2.0,0.0,0.0,0.0,0.0,0.0
2025/12/23,06:28:30,0,1.0,194.0,462.0,238.0,29.0,198.0,6.0,3.0,0.0,0.0,0.0,0.0
2025/12/23,06:28:35,0,1.0,194.0,461.0,238.0,37.0,199.0,9.0,5.0,0.0,0.0,0.0,0.0
2025/12/23,06:28:40,0,1.0,185.0,462.0,238.0,37.0,198.0,9.0,6.0,0.0,0.0,0.0,0.0
2025/12/23,06:28:45,0,2.0,208.0,462.0,238.0,13.0,197.0,3.0,0.0,0.0,0.0,0.0,0.0
2025/12/23,06:28:50,0,0.0,196.0,464.0,238.0,11.0,199.0,4.0,1.0,0.0,0.0,0.0,0.0
2025/12/23,06:28:55,0,1.0,193.0,463.0,238.0,41.0,199.0,9.0,5.0,0.0,0.0,0.0,0.0
2025/12/23,06:29:00,0,0.0,194.0,462.0,238.0,28.0,197.0,6.0,3.0,0.0,0.0,0.0,0.0
2025/12/23,06:29:05,0,1.0,206.0,463.0,239.0,13.0,199.0,4.0,1.0,0.0,0.0,0.0,0.0
2025/12/23,06:29:10,0,1.0,203.0,463.0,239.0,11.0,199.0,3.0,0.0,0.0,0.0,0.0,0.0
2025/12/23,06:29:15,0,0.0,193.0,462.0,238.0,34.0,198.0,7.0,4.0,0.0,0.0,0.0,0.0
2025/12/23,06:29:20,0,0.0,204.0,463.0,238.0,19.0,198.0,4.0,1.0,0.0,0.0,0.0,0.0
2025/12/23,06:29:25,0,3.0,189.0,461.0,238.0,40.0,197.0,8.0,5.0,0.0,0.0,0.0,0.0
2025/12/23,06:29:30,0,0.0,211.0,464.0,238.0,11.0,200.0,3.0,0.0,0.0,0.0,0.0,0.0
2025/12/23,06:29:35,0,0.0,190.0,461.0,237.0,41.0,198.0,9.0,5.0,0.0,0.0,0.0,0.0
2025/12/23,06:29:40,0,1.0,193.0,462.0,237.0,24.0,199.0,5.0,2.0,0.0,0.0,0.0,-0.0008
2025/12/23,06:29:45,0,0.0,212.0,463.0,238.0,13.0,198.0,3.0,0.0,0.0,0.0,0.0,0.0
2025/12/23,06:29:50,0,0.0,185.0,461.0,238.0,37.0,197.0,8.0,5.0,0.0,0.0,0.0,0.0
2025/12/23,06:29:55,0,0.0,192.0,462.0,237.0,38.0,199.0,7.0,5.0,0.0,0.0,0.0,0.0
2025/12/23,06:30:00,0,1.0,195.0,463.0,238.0,13.0,198.0,2.0,0.0,0.0,0.0,0.0,0.0
2025/12/23,06:30:05,0,0.0,207.0,464.0,238.0,12.0,199.0,3.0,1.0,0.0,0.0,0.0,0.0
2025/12/23,06:30:10,0,0.0,188.0,461.0,238.0,40.0,197.0,9.0,5.0,0.0,0.0,0.0,0.0
2025/12/23,06:30:15,0,0.0,192.0,461.0,237.0,35.0,198.0,8.0,4.0,0.0,0.0,0.0,0.0
2025/12/23,06:30:20,0,0.0,204.0,462.0,238.0,10.0,198.0,4.0,0.0,0.0,0.0,0.0,0.0
2025/12/23,06:30:25,0,0.0,201.0,462.0,238.0,19.0,198.0,5.0,2.0,0.0,0.0,0.0,0.0
2025/12/23,06:30:30,0,0.0,187.0,461.0,236.0,41.0,199.0,10.0,6.0,0.0,0.0,0.0,0.0
2025/12/23,06:30:35,0,0.0,185.0,460.0,238.0,38.0,197.0,7.0,5.0,0.0,0.0,0.0,0.0
2025/12/23,06:30:40,0,0.0,194.0,463.0,238.0,15.0,198.0,4.0,1.0,0.0,0.0,0.0,0.0
2025/12/23,06:30:45,0,0.0,211.0,462.0,238.0,10.0,198.0,4.0,0.0,0.0,0.0,0.0,0.0
2025/12/23,06:30:50,0,2.0,201.0,463.0,237.0,16.0,197.0,4.0,1.0,0.0,0.0,0.0,-0.0008
2025/12/23,06:30:55,0,0.0,188.0,462.0,238.0,33.0,199.0,7.0,4.0,0.0,0.0,0.0,0.0
2025/12/23,06:31:00,0,1.0,188.0,462.0,239.0,41.0,198.0,9.0,5.0,0.0,0.0,0.0,0.0
2025/12/23,06:31:05,0,2.0,192.0,462.0,238.0,41.0,197.0,9.0,5.0,0.0,0.0,0.0,0.0
2025/12/23,06:31:10,0,0.0,196.0,462.0,236.0,11.0,198.0,4.0,0.0,0.0,0.0,0.0,0.0
2025/12/23,06:31:15,0,1.0,200.0,463.0,238.0,19.0,198.0,5.0,2.0,0.0,0.0,0.0,0.0
2025/12/23,06:31:20,0,2.0,188.0,461.0,238.0,38.0,199.0,8.0,5.0,0.0,0.0,0.0,0.0
2025/12/23,06:31:25,0,0.0,210.0,461.0,238.0,11.0,198.0,3.0,0.0,0.0,0.0,0.0,0.0
2025/12/23,06:31:30,0,1.0,190.0,461.0,238.0,42.0,199.0,9.0,5.0,0.0,0.0,0.0,0.0
2025/12/23,06:31:35,0,1.0,194.0,463.0,238.0,11.0,199.0,3.0,1.0,0.0,0.0,0.0,-0.0008
2025/12/23,06:31:40,0,0.0,197.0,462.0,238.0,18.0,199.0,5.0,2.0,0.0,0.0,0.0,0.0
2025/12/23,06:31:45,0,0.0,195.0,461.0,238.0,38.0,199.0,9.0,5.0,0.0,0.0,0.0,0.0
2025/12/23,06:31:50,0,0.0,196.0,463.0,238.0,12.0,199.0,3.0,1.0,0.0,0.0,0.0,0.0
2025/12/23,06:31:55,0,0.0,207.0,463.0,238.0,12.0,199.0,4.0,2.0,0.0,0.0,0.0,0.0
2025/12/23,06:32:00,0,0.0,187.0,461.0,236.0,40.0,199.0,9.0,5.0,0.0,0.0,0.0,-0.0008
2025/12/23,06:32:05,0,0.0,191.0,462.0,238.0,37.0,199.0,8.0,5.0,0.0,0.0,0.0,0.0
2025/12/23,06:32:10,0,1.0,204.0,462.0,238.0,10.0,197.0,3.0,0.0,0.0,0.0,0.0,0.0
2025/12/23,06:32:15,0,2.0,191.0,462.0,237.0,31.0,198.0,7.0,4.0,0.0,0.0,0.0,0.0
2025/12/23,06:32:20,0,0.0,193.0,462.0,237.0,34.0,198.0,7.0,4.0,0.0,0.0,0.0,0.0
2025/12/23,06:32:25,0,0.0,193.0,462.0,239.0,28.0,197.0,7.0,3.0,0.0,0.0,0.0,0.0
2025/12/23,06:32:30,0,2.0,201.0,463.0,238.0,11.0,197.0,3.0,0.0,0.0,0.0,0.0,0.0
2025/12/23,06:32:35,0,1.0,193.0,459.0,238.0,32.0,199.0,7.0,4.0,0.0,0.0,0.0,0.0
2025/12/23,06:32:40,0,1.0,193.0,460.0,238.0,41.0,199.0,9.0,5.0,0.0,0.0,0.0,0.0
2025/12/23,06:32:45,0,2.0,184.0,460.0,239.0,37.0,198.0,9.0,5.0,0.0,0.0,0.0,0.0
2025/12/23,06:32:50,0,0.0,207.0,462.0,239.0,14.0,197.0,3.0,0.0,0.0,0.0,0.0,0.0
2025/12/23,06:32:55,0,1.0,193.0,462.0,238.0,16.0,199.0,4.0,1.0,0.0,0.0,-0.0008,0.0
2025/12/23,06:33:00,0,2.0,191.0,462.0,236.0,41.0,198.0,9.0,5.0,0.0,0.0,0.0,0.0
2025/12/23,06:33:05,0,1.0,207.0,461.0,238.0,13.0,199.0,4.0,1.0,0.0,0.0,0.0,0.0
2025/12/23,06:33:10,0,0.0,193.0,461.0,239.0,34.0,198.0,8.0,4.0,0.0,0.0,0.0,0.0
2025/12/23,06:33:15,0,0.0,197.0,463.0,238.0,22.0,200.0,5.0,2.0,0.0,0.0,0.0,0.0
2025/12/23,06:33:20,0,1.0,197.0,464.0,238.0,12.0,198.0,3.0,0.0,0.0,0.0,0.0,0.0
2025/12/23,06:33:25,0,2.0,195.0,462.0,235.0,37.0,198.0,9.0,4.0,0.0,0.0,0.0,0.0
2025/12/23,06:33:30,0,1.0,194.0,462.0,238.0,27.0,196.0,6.0,4.0,0.0,0.0,0.0,0.0
2025/12/23,06:33:35,0,1.0,201.0,464.0,238.0,10.0,197.0,3.0,0.0,0.0,0.0,0.0,0.0
2025/12/23,06:33:40,0,3.0,197.0,462.0,237.0,39.0,196.0,8.0,4.0,0.0,0.0,0.0,0.0
2025/12/23,06:33:45,0,0.0,196.0,463.0,238.0,19.0,196.0,6.0,2.0,0.0,0.0,0.0,0.0
2025/12/23,06:33:50,0,1.0,200.0,461.0,238.0,12.0,198.0,3.0,0.0,0.0,0.0,0.0,0.0
2025/12/23,06:33:55,0,3.0,194.0,462.0,236.0,38.0,197.0,8.0,4.0,0.0,0.0,0.0,0.0
2025/12/23,06:34:00,0,0.0,197.0,463.0,238.0,23.0,199.0,6.0,3.0,0.0,0.0,0.0,0.0
2025/12/23,06:34:05,0,0.0,203.0,463.0,238.0,11.0,198.0,3.0,1.0,0.0,0.0,0.0,0.0
2025/12/23,06:34:10,0,1.0,206.0,463.0,238.0,9.0,198.0,3.0,0.0,0.0,0.0,0.0,0.0
2025/12/23,06:34:15,0,0.0,191.0,463.0,236.0,37.0,198.0,9.0,5.0,0.0,0.0,0.0,0.0
2025/12/23,06:34:20,0,0.0,192.0,461.0,239.0,45.0,198.0,11.0,6.0,0.0,0.0,0.0,0.0
2025/12/23,06:34:25,0,0.0,210.0,463.0,236.0,11.0,197.0,3.0,0.0,0.0,0.0,0.0,0.0
2025/12/23,06:34:30,0,0.0,198.0,461.0,238.0,13.0,197.0,3.0,1.0,0.0,0.0,0.0,0.0
2025/12/23,06:34:35,0,0.0,190.0,462.0,238.0,37.0,197.0,8.0,5.0,0.0,0.0,0.0,0.0
2025/12/23,06:34:40,0,0.0,189.0,461.0,238.0,39.0,197.0,9.0,6.0,0.0,0.0,0.0,0.0
2025/12/23,06:34:45,0,1.0,188.0,463.0,238.0,33.0,198.0,8.0,4.0,0.0,0.0,0.0,0.0
2025/12/23,06:34:50,0,2.0,209.0,463.0,238.0,13.0,199.0,3.0,0.0,0.0,0.0,0.0,0.0
2025/12/23,06:34:55,0,0.0,199.0,463.0,238.0,12.0,200.0,3.0,0.0,0.0,0.0,0.0,0.0
2025/12/23,06:35:00,0,0.0,194.0,462.0,237.0,30.0,198.0,6.0,3.0,0.0,0.0,0.0,0.0
2025/12/23,06:35:05,0,0.0,190.0,460.0,237.0,37.0,197.0,8.0,5.0,0.0,0.0,0.0,0.0
2025/12/23,06:35:10,0,0.0,187.0,462.0,238.0,40.0,198.0,9.0,5.0,0.0,0.0,0.0,0.0
2025/12/23,06:35:15,0,0.0,193.0,463.0,238.0,29.0,200.0,6.0,3.0,0.0,0.0,0.0,-0.0008
2025/12/23,06:35:20,0,0.0,211.0,462.0,236.0,12.0,198.0,4.0,0.0,0.0,0.0,0.0,0.0
2025/12/23,06:35:25,0,0.0,195.0,463.0,238.0,13.0,199.0,3.0,1.0,0.0,0.0,-0.0008,0.0
2025/12/23,06:35:30,0,0.0,191.0,462.0,237.0,29.0,198.0,7.0,3.0,0.0,0.0,0.0,0.0
2025/12/23,06:35:35,0,0.0,188.0,461.0,237.0,37.0,198.0,8.0,5.0,0.0,0.0,0.0,0.0
2025/12/23,06:35:40,0,0.0,188.0,462.0,238.0,40.0,198.0,9.0,6.0,0.0,0.0,0.0,0.0
2025/12/23,06:35:45,0,0.0,194.0,462.0,238.0,24.0,197.0,5.0,3.0,0.0,0.0,0.0,0.0
2025/12/23,06:35:50,0,0.0,210.0,462.0,236.0,12.0,199.0,4.0,0.0,0.0,0.0,0.0,0.0
2025/12/23,06:35:55,0,1.0,196.0,463.0,238.0,13.0,198.0,3.0,1.0,0.0,0.0,-0.0008,0.0
2025/12/23,06:36:00,0,0.0,195.0,462.0,237.0,29.0,199.0,7.0,3.0,0.0,0.0,0.0,0.0
2025/12/23,06:36:05,0,0.0,192.0,462.0,237.0,38.0,198.0,9.0,5.0,0.0,0.0,0.0,0.0
2025/12/23,06:36:10,0,1.0,185.0,462.0,238.0,38.0,199.0,9.0,5.0,0.0,0.0,0.0,0.0
2025/12/23,06:36:15,0,3.0,207.0,460.0,238.0,15.0,200.0,4.0,1.0,0.0,0.0,0.0,0.0
2025/12/23,06:36:20,0,1.0,207.0,461.0,238.0,13.0,199.0,3.0,0.0,0.0,0.0,0.0,0.0
2025/12/23,06:36:25,0,0.0,192.0,462.0,238.0,15.0,197.0,3.0,1.0,0.0,0.0,0.0,-0.0008
2025/12/23,06:36:30,0,0.0,188.0,463.0,238.0,40.0,197.0,9.0,5.0,0.0,0.0,0.0,0.0
2025/12/23,06:36:35,0,0.0,184.0,460.0,238.0,40.0,198.0,9.0,5.0,0.0,0.0,0.0,-0.0008
2025/12/23,06:36:40,0,3.0,206.0,463.0,237.0,13.0,198.0,4.0,1.0,0.0,0.0,0.0,0.0
2025/12/23,06:36:45,0,0.0,203.0,463.0,238.0,12.0,196.0,3.0,0.0,0.0,0.0,0.0,0.0
2025/12/23,06:36:50,0,0.0,193.0,462.0,238.0,30.0,197.0,7.0,3.0,0.0,0.0,-0.0008,0.0
2025/12/23,06:36:55,0,0.0,192.0,461.0,237.0,40.0,197.0,9.0,5.0,0.0,0.0,0.0,0.0
2025/12/23,06:37:00,0,1.0,197.0,460.0,238.0,24.0,199.0,6.0,3.0,0.0,0.0,0.0,0.0
2025/12/23,06:37:05,0,0.0,210.0,463.0,237.0,11.0,197.0,3.0,0.0,0.0,0.0,0.0,0.0
2025/12/23,06:37:10,0,0.0,192.0,462.0,237.0,24.0,198.0,6.0,2.0,0.0,0.0,0.0,0.0
2025/12/23,06:37:15,0,0.0,195.0,462.0,238.0,39.0,199.0,9.0,5.0,0.0,0.0,0.0,0.0
2025/12/23,06:37:20,0,0.0,187.0,462.0,238.0,36.0,198.0,8.0,5.0,0.0,0.0,0.0,0.0
2025/12/23,06:37:25,0,0.0,203.0,463.0,238.0,15.0,198.0,5.0,1.0,0.0,0.0,0.0,0.0
2025/12/23,06:37:30,0,1.0,209.0,463.0,238.0,13.0,199.0,4.0,0.0,0.0,0.0,0.0,0.0
2025/12/23,06:38:04,0,1.0,192.0,461.0,237.0,48.0,197.0,12.0,7.0,0.0,0.0,0.0,0.0
2025/12/23,06:38:08,0,0.0,191.0,462.0,238.0,36.0,199.0,8.0,5.0,0.0,0.0,0.0,-0.0008
2025/12/23,06:38:13,0,1.0,192.0,462.0,238.0,39.0,197.0,8.0,5.0,0.0,0.0,0.0,-0.0008
2025/12/23,06:38:18,0,3.0,194.0,462.0,238.0,27.0,199.0,7.0,3.0,0.0,0.0,0.0,0.0
2025/12/23,06:38:23,0,3.0,213.0,462.0,238.0,12.0,199.0,4.0,0.0,0.0,0.0,0.0,0.0
2025/12/23,06:38:28,0,2.0,198.0,463.0,238.0,13.0,198.0,3.0,0.0,0.0,0.0,0.0,0.0
2025/12/23,06:38:33,0,0.0,188.0,462.0,238.0,37.0,205.0,8.0,5.0,0.0,0.0,0.0,-0.0008
2025/12/23,06:38:38,0,0.0,187.0,461.0,238.0,38.0,201.0,10.0,5.0,0.0,0.0,0.0,0.0
2025/12/23,06:38:43,0,0.0,212.0,463.0,238.0,12.0,197.0,3.0,1.0,0.0,0.0,0.0,0.0
2025/12/23,06:38:48,0,0.0,193.0,463.0,238.0,19.0,198.0,4.0,1.0,0.0,0.0,0.0,0.0
2025/12/23,06:38:53,0,1.0,194.0,461.0,238.0,39.0,198.0,8.0,5.0,0.0,0.0,0.0,0.0
2025/12/23,06:38:58,0,0.0,185.0,459.0,238.0,38.0,199.0,9.0,5.0,0.0,0.0,0.0,0.0
2025/12/23,06:39:03,0,0.0,208.0,463.0,238.0,12.0,199.0,4.0,1.0,0.0,0.0,0.0,0.0
2025/12/23,06:39:08,0,0.0,194.0,462.0,236.0,21.0,198.0,5.0,1.0,0.0,0.0,0.0,0.0
2025/12/23,06:39:13,0,1.0,192.0,462.0,238.0,40.0,199.0,10.0,6.0,0.0,0.0,0.0,0.0
2025/12/23,06:39:18,0,1.0,208.0,460.0,238.0,12.0,197.0,3.0,1.0,0.0,0.0,0.0,0.0
2025/12/23,06:39:23,0,0.0,194.0,463.0,239.0,31.0,198.0,6.0,3.0,0.0,0.0,0.0,0.0
2025/12/23,06:39:28,0,0.0,186.0,462.0,238.0,34.0,198.0,8.0,4.0,0.0,0.0,0.0,0.0
2025/12/23,06:39:33,0,0.0,203.0,463.0,237.0,9.0,199.0,3.0,0.0,0.0,0.0,0.0,0.0
2025/12/23,06:39:38,0,1.0,193.0,463.0,238.0,34.0,199.0,8.0,4.0,0.0,0.0,0.0,0.0
2025/12/23,06:39:43,0,2.0,191.0,462.0,238.0,40.0,198.0,9.0,5.0,0.0,0.0,0.0,0.0
2025/12/23,06:39:48,0,4.0,189.0,465.0,238.0,29.0,199.0,7.0,4.0,0.0,0.0,0.0,0.0
2025/12/23,06:39:53,0,3.0,213.0,463.0,237.0,13.0,198.0,4.0,0.0,0.0,0.0,0.0,0.0
2025/12/23,06:39:58,0,0.0,194.0,463.0,237.0,18.0,198.0,4.0,1.0,0.0,0.0,0.0,0.0
2025/12/23,06:40:03,0,1.0,195.0,463.0,238.0,37.0,199.0,9.0,5.0,0.0,0.0,0.0,0.0
2025/12/23,06:40:08,0,0.0,185.0,462.0,237.0,38.0,199.0,9.0,6.0,0.0,0.0,0.0,0.0
2025/12/23,06:40:13,0,2.0,203.0,463.0,238.0,14.0,198.0,5.0,0.0,0.0,0.0,0.0,0.0
2025/12/23,06:40:18,0,0.0,197.0,463.0,238.0,13.0,197.0,3.0,1.0,0.0,0.0,0.0,0.0
2025/12/23,06:40:23,0,0.0,191.0,461.0,236.0,37.0,197.0,8.0,4.0,0.0,0.0,0.0,0.0
2025/12/23,06:40:28,0,0.0,186.0,461.0,238.0,34.0,198.0,8.0,4.0,0.0,0.0,0.0,0.0
2025/12/23,06:40:33,0,1.0,207.0,463.0,238.0,10.0,199.0,4.0,0.0,0.0,0.0,0.0,0.0
2025/12/23,06:40:38,0,0.0,192.0,463.0,239.0,30.0,197.0,6.0,3.0,0.0,0.0,0.0,0.0
2025/12/23,06:40:43,0,3.0,195.0,460.0,238.0,25.0,198.0,8.0,3.0,0.0,0.0,0.0,0.0
2025/12/23,06:40:48,0,2.0,186.0,461.0,237.0,33.0,198.0,7.0,4.0,0.0,0.0,0.0,0.0
2025/12/23,06:40:53,0,3.0,188.0,462.0,238.0,38.0,197.0,8.0,4.0,0.0,0.0,0.0,0.0
2025/12/23,06:40:58,0,6.0,196.0,463.0,238.0,22.0,198.0,7.0,3.0,0.0,0.0,0.0,0.0
2025/12/23,06:41:03,0,1.0,200.0,463.0,238.0,12.0,199.0,3.0,0.0,0.0,0.0,0.0,0.0
2025/12/23,06:41:08,0,2.0,190.0,460.0,237.0,41.0,198.0,9.0,4.0,0.0,0.0,0.0,0.0
2025/12/23,06:41:13,0,3.0,186.0,461.0,236.0,39.0,199.0,9.0,5.0,0.0,0.0,0.0,0.0
2025/12/23,06:41:18,0,0.0,200.0,463.0,235.0,18.0,199.0,6.0,2.0,0.0,0.0,0.0,0.0
2025/12/23,06:41:23,0,1.0,204.0,463.0,236.0,12.0,198.0,4.0,0.0,0.0,0.0,0.0,0.0
2025/12/23,06:41:28,0,0.0,192.0,462.0,237.0,33.0,199.0,7.0,4.0,0.0,0.0,0.0,0.0
2025/12/23,06:41:33,0,2.0,200.0,463.0,238.0,14.0,198.0,5.0,1.0,0.0,0.0,0.0,0.0
2025/12/23,06:41:38,0,0.0,188.0,462.0,238.0,41.0,199.0,9.0,5.0,0.0,0.0,0.0,0.0
2025/12/23,06:41:43,0,1.0,195.0,459.0,238.0,41.0,198.0,9.0,5.0,0.0,0.0,0.0,0.0
2025/12/23,06:41:48,0,2.0,195.0,462.0,238.0,38.0,197.0,8.0,5.0,0.0,0.0,-0.0008,0.0
2025/12/23,06:41:53,0,0.0,194.0,462.0,238.0,40.0,199.0,9.0,5.0,0.0,0.0,0.0,0.0
2025/12/23,06:41:58,0,1.0,195.0,462.0,237.0,38.0,198.0,9.0,5.0,0.0,0.0,0.0,0.0
2025/12/23,06:42:03,0,1.0,193.0,459.0,238.0,45.0,199.0,9.0,5.0,0.0,0.0,0.0,0.0
2025/12/23,06:42:08,0,0.0,195.0,461.0,238.0,15.0,198.0,4.0,1.0,0.0,0.0,0.0,0.0
2025/12/23,06:42:13,0,6.0,196.0,462.0,237.0,18.0,196.0,5.0,2.0,0.0,0.0,0.0,0.0
2025/12/23,06:42:18,0,0.0,189.0,462.0,237.0,38.0,198.0,8.0,4.0,0.0,0.0,0.0,0.0
2025/12/23,06:42:23,0,0.0,212.0,462.0,238.0,12.0,197.0,3.0,0.0,0.0,0.0,0.0,0.0
2025/12/23,06:42:28,0,1.0,188.0,461.0,238.0,41.0,198.0,9.0,5.0,0.0,0.0,0.0,0.0
2025/12/23,06:42:33,0,0.0,193.0,462.0,238.0,31.0,198.0,7.0,4.0,0.0,0.0,0.0,0.0
2025/12/23,06:42:38,0,0.0,211.0,462.0,238.0,12.0,197.0,3.0,1.0,0.0,0.0,0.0,0.0
2025/12/23,06:42:43,0,0.0,186.0,462.0,237.0,40.0,198.0,8.0,5.0,0.0,0.0,0.0,0.0
2025/12/23,06:42:48,0,0.0,195.0,462.0,238.0,29.0,199.0,7.0,3.0,0.0,0.0,0.0,0.0
2025/12/23,06:42:53,0,0.0,210.0,461.0,238.0,12.0,197.0,3.0,1.0,0.0,0.0,0.0,0.0
2025/12/23,06:42:58,0,0.0,184.0,461.0,238.0,39.0,198.0,9.0,4.0,0.0,0.0,0.0,0.0
2025/12/23,06:43:03,0,1.0,191.0,463.0,235.0,37.0,198.0,8.0,4.0,0.0,0.0,0.0,0.0
2025/12/23,06:43:08,0,0.0,211.0,464.0,238.0,12.0,199.0,3.0,1.0,0.0,0.0,0.0,-0.0008
2025/12/23,06:43:13,0,1.0,190.0,461.0,237.0,43.0,198.0,9.0,5.0,0.0,0.0,0.0,0.0
2025/12/23,06:43:18,0,0.0,203.0,463.0,236.0,9.0,197.0,3.0,0.0,0.0,0.0,0.0,0.0
2025/12/23,06:43:23,0,1.0,189.0,462.0,236.0,41.0,197.0,9.0,5.0,0.0,0.0,0.0,-0.0008
2025/12/23,06:43:28,0,1.0,211.0,463.0,238.0,12.0,197.0,4.0,1.0,0.0,0.0,0.0,0.0
2025/12/23,06:43:33,0,0.0,188.0,462.0,237.0,39.0,198.0,8.0,5.0,0.0,0.0,0.0,0.0
2025/12/23,06:43:38,0,3.0,202.0,462.0,238.0,16.0,198.0,5.0,1.0,0.0,0.0,0.0,0.0
2025/12/23,06:43:43,0,2.0,192.0,463.0,239.0,28.0,197.0,7.0,3.0,0.0,0.0,0.0,0.0
2025/12/23,06:43:48,0,1.0,189.0,460.0,238.0,35.0,199.0,8.0,4.0,0.0,0.0,0.0,-0.0008
2025/12/23,06:43:53,0,2.0,197.0,462.0,238.0,13.0,199.0,4.0,0.0,0.0,0.0,0.0,0.0
2025/12/23,06:43:58,0,1.0,193.0,462.0,238.0,40.0,197.0,9.0,5.0,0.0,0.0,0.0,0.0
2025/12/23,06:44:03,0,1.0,202.0,463.0,238.0,20.0,199.0,6.0,2.0,0.0,0.0,0.0,0.0
2025/12/23,06:44:08,0,1.0,212.0,464.0,238.0,12.0,198.0,3.0,1.0,0.0,0.0,0.0,0.0
2025/12/23,06:44:13,0,1.0,199.0,462.0,238.0,13.0,198.0,3.0,0.0,0.0,0.0,0.0,0.0
2025/12/23,06:44:18,0,1.0,193.0,464.0,236.0,18.0,197.0,4.0,1.0,0.0,0.0,0.0,0.0
2025/12/23,06:44:23,0,1.0,188.0,462.0,238.0,37.0,198.0,8.0,5.0,0.0,0.0,0.0,0.0
2025/12/23,06:44:28,0,0.0,187.0,459.0,238.0,40.0,196.0,9.0,5.0,0.0,0.0,0.0,0.0
2025/12/23,06:44:33,0,0.0,207.0,464.0,239.0,15.0,198.0,5.0,1.0,0.0,0.0,0.0,-0.0008
2025/12/23,06:44:38,0,0.0,205.0,463.0,238.0,12.0,197.0,3.0,0.0,0.0,0.0,0.0,0.0
2025/12/23,06:44:43,0,0.0,194.0,464.0,238.0,14.0,197.0,3.0,1.0,0.0,0.0,0.0,0.0
2025/12/23,06:44:48,0,0.0,190.0,461.0,238.0,38.0,198.0,8.0,4.0,0.0,0.0,0.0,-0.0008
2025/12/23,06:44:53,0,0.0,190.0,461.0,236.0,39.0,199.0,9.0,5.0,0.0,0.0,0.0,0.0
2025/12/23,06:44:58,0,0.0,197.0,462.0,239.0,20.0,199.0,7.0,3.0,0.0,0.0,0.0,0.0
2025/12/23,06:45:03,0,0.0,204.0,463.0,238.0,11.0,198.0,3.0,0.0,0.0,0.0,0.0,0.0
2025/12/23,06:45:08,0,0.0,191.0,463.0,238.0,33.0,199.0,8.0,4.0,0.0,0.0,0.0,0.0
2025/12/23,06:45:13,0,0.0,185.0,462.0,238.0,40.0,198.0,9.0,4.0,0.0,0.0,0.0,0.0
2025/12/23,06:45:18,0,1.0,207.0,462.0,237.0,13.0,196.0,3.0,0.0,0.0,0.0,0.0,0.0
2025/12/23,06:45:23,0,0.0,197.0,462.0,236.0,14.0,197.0,3.0,0.0,0.0,0.0,0.0,0.0
2025/12/23,06:45:28,0,0.0,190.0,461.0,238.0,39.0,198.0,8.0,5.0,0.0,0.0,0.0,0.0
2025/12/23,06:45:33,0,0.0,187.0,461.0,238.0,40.0,197.0,9.0,5.0,0.0,0.0,0.0,0.0
2025/12/23,06:45:38,0,2.0,207.0,461.0,238.0,12.0,198.0,4.0,1.0,0.0,0.0,0.0,0.0
2025/12/23,06:45:43,0,3.0,195.0,464.0,238.0,17.0,200.0,4.0,1.0,0.0,0.0,0.0,0.0
2025/12/23,06:45:48,0,1.0,195.0,461.0,237.0,40.0,197.0,9.0,5.0,0.0,0.0,0.0,0.0
2025/12/23,06:45:53,0,0.0,194.0,463.0,238.0,25.0,199.0,8.0,3.0,0.0,0.0,0.0,0.0
2025/12/23,06:45:58,0,2.0,207.0,464.0,239.0,11.0,199.0,3.0,0.0,0.0,0.0,0.0,0.0
2025/12/23,06:46:03,0,0.0,193.0,460.0,238.0,18.0,199.0,4.0,1.0,0.0,0.0,0.0,-0.0008
2025/12/23,06:46:08,0,2.0,191.0,462.0,238.0,37.0,198.0,9.0,5.0,0.0,0.0,0.0,0.0
2025/12/23,06:46:13,0,0.0,190.0,461.0,237.0,41.0,198.0,9.0,5.0,0.0,0.0,0.0,0.0
2025/12/23,06:46:18,0,1.0,184.0,462.0,236.0,39.0,199.0,10.0,5.0,0.0,0.0,0.0,0.0
2025/12/23,06:46:23,0,10.0,207.0,463.0,237.0,13.0,198.0,4.0,0.0,0.0,0.0,0.0,-0.0008
2025/12/23,06:46:28,0,0.0,201.0,464.0,239.0,11.0,198.0,3.0,0.0,0.0,0.0,0.0,0.0
2025/12/23,06:46:33,0,0.0,191.0,462.0,240.0,37.0,198.0,8.0,4.0,0.0,0.0,0.0,0.0
2025/12/23,06:46:38,0,0.0,188.0,460.0,238.0,34.0,197.0,8.0,4.0,0.0,0.0,0.0,-0.0008
2025/12/23,06:46:43,0,0.0,201.0,463.0,238.0,11.0,198.0,2.0,0.0,0.0,0.0,0.0,0.0
2025/12/23,06:46:48,0,0.0,192.0,461.0,236.0,40.0,197.0,9.0,4.0,0.0,0.0,0.0,0.0
2025/12/23,06:46:53,0,0.0,211.0,464.0,239.0,12.0,198.0,4.0,0.0,0.0,0.0,0.0,0.0
2025/12/23,06:46:58,0,1.0,189.0,461.0,238.0,37.0,198.0,9.0,4.0,0.0,0.0,0.0,0.0
2025/12/23,06:47:03,0,0.0,197.0,462.0,238.0,22.0,198.0,6.0,3.0,0.0,0.0,0.0,-0.0008
2025/12/23,06:47:08,0,1.0,202.0,463.0,238.0,12.0,199.0,4.0,0.0,0.0,0.0,0.0,0.0
2025/12/23,06:47:13,0,3.0,195.0,463.0,238.0,34.0,198.0,8.0,4.0,0.0,0.0,0.0,0.0
2025/12/23,06:47:18,0,0.0,193.0,461.0,238.0,39.0,198.0,9.0,5.0,0.0,0.0,0.0,0.0
2025/12/23,06:47:23,0,0.0,187.0,461.0,237.0,32.0,197.0,7.0,4.0,0.0,0.0,0.0,0.0
2025/12/23,06:47:28,0,1.0,208.0,464.0,238.0,13.0,198.0,3.0,1.0,0.0,0.0,0.0,0.0
2025/12/23,06:47:33,0,0.0,196.0,464.0,238.0,14.0,198.0,3.0,0.0,0.0,0.0,0.0,0.0
2025/12/23,06:47:38,0,1.0,196.0,461.0,237.0,39.0,197.0,9.0,4.0,0.0,0.0,0.0,0.0
2025/12/23,06:47:57,0,0.0,188.0,462.0,238.0,44.0,198.0,9.0,4.0,0.0,0.0,0.0,0.0
2025/12/23,06:47:59,0,0.0,205.0,462.0,236.0,9.0,196.0,3.0,2.0,0.0,0.0,0.0,0.0
2025/12/23,06:48:04,0,0.0,193.0,462.0,238.0,17.0,197.0,4.0,2.0,0.0,0.0,0.0,0.0
2025/12/23,06:48:09,0,0.0,189.0,462.0,238.0,41.0,198.0,10.0,5.0,0.0,0.0,0.0,0.0
2025/12/23,06:48:14,0,0.0,210.0,463.0,239.0,11.0,196.0,4.0,0.0,0.0,0.0,0.0,0.0
2025/12/23,06:48:19,0,0.0,192.0,461.0,238.0,40.0,198.0,8.0,5.0,0.0,0.0,0.0,0.0
2025/12/23,06:48:24,0,0.0,199.0,464.0,236.0,13.0,195.0,5.0,1.0,0.0,0.0,0.0,0.0
2025/12/23,06:48:29,0,0.0,192.0,464.0,236.0,16.0,197.0,4.0,1.0,0.0,0.0,0.0,0.0
2025/12/23,06:48:34,0,0.0,193.0,459.0,238.0,40.0,197.0,9.0,5.0,0.0,0.0,0.0,0.0
2025/12/23,06:48:39,0,0.0,196.0,462.0,238.0,25.0,198.0,7.0,2.0,0.0,0.0,0.0,0.0
2025/12/23,06:48:44,0,0.0,208.0,463.0,237.0,11.0,197.0,3.0,0.0,0.0,0.0,0.0,0.0
2025/12/23,06:48:49,0,0.0,191.0,461.0,238.0,38.0,198.0,8.0,4.0,0.0,0.0,0.0,0.0
2025/12/23,06:48:54,0,0.0,200.0,461.0,238.0,13.0,197.0,5.0,2.0,0.0,0.0,0.0,0.0
2025/12/23,06:48:59,0,0.0,191.0,462.0,238.0,35.0,196.0,7.0,4.0,0.0,0.0,0.0,0.0
2025/12/23,06:49:04,0,0.0,200.0,464.0,238.0,18.0,196.0,5.0,2.0,0.0,0.0,0.0,0.0
2025/12/23,06:49:09,0,0.0,193.0,462.0,238.0,17.0,198.0,5.0,1.0,0.0,0.0,0.0,0.0
2025/12/23,06:49:14,0,0.0,191.0,462.0,238.0,42.0,199.0,10.0,5.0,0.0,0.0,0.0,0.0
2025/12/23,06:49:19,0,0.0,209.0,464.0,238.0,10.0,197.0,3.0,1.0,0.0,0.0,0.0,0.0
2025/12/23,06:49:24,0,1.0,187.0,459.0,238.0,39.0,198.0,8.0,5.0,0.0,0.0,0.0,0.0
2025/12/23,06:49:29,0,1.0,203.0,462.0,237.0,14.0,198.0,5.0,1.0,0.0,0.0,0.0,0.0
2025/12/23,06:49:34,0,0.0,192.0,462.0,237.0,37.0,198.0,8.0,4.0,0.0,0.0,0.0,0.0
2025/12/23,06:49:39,0,0.0,208.0,463.0,238.0,10.0,197.0,3.0,1.0,0.0,0.0,0.0,0.0
2025/12/23,06:49:44,0,1.0,184.0,460.0,237.0,40.0,197.0,8.0,5.0,0.0,0.0,0.0,-0.0008
2025/12/23,06:49:49,0,1.0,190.0,459.0,238.0,38.0,199.0,8.0,4.0,0.0,0.0,0.0,0.0
2025/12/23,06:49:54,0,0.0,196.0,460.0,238.0,12.0,198.0,3.0,1.0,0.0,0.0,0.0,0.0
2025/12/23,06:49:59,0,0.0,200.0,462.0,238.0,21.0,197.0,5.0,1.0,0.0,0.0,0.0,0.0
2025/12/23,06:50:04,0,1.0,190.0,461.0,238.0,41.0,199.0,9.0,5.0,0.0,0.0,0.0,0.0
2025/12/23,06:50:09,0,0.0,194.0,462.0,238.0,23.0,198.0,6.0,3.0,0.0,0.0,0.0,0.0
2025/12/23,06:50:14,0,0.0,203.0,463.0,238.0,12.0,197.0,5.0,1.0,0.0,0.0,0.0,0.0
2025/12/23,06:50:19,0,1.0,191.0,462.0,237.0,32.0,198.0,8.0,4.0,0.0,0.0,0.0,0.0
2025/12/23,06:50:24,0,0.0,190.0,462.0,237.0,32.0,198.0,7.0,4.0,0.0,0.0,0.0,0.0
2025/12/23,06:50:29,0,0.0,208.0,463.0,238.0,12.0,198.0,4.0,0.0,0.0,0.0,0.0,0.0
2025/12/23,06:50:34,0,0.0,191.0,462.0,238.0,37.0,198.0,9.0,5.0,0.0,0.0,0.0,0.0
2025/12/23,06:50:39,0,0.0,203.0,464.0,238.0,9.0,197.0,3.0,0.0,0.0,0.0,0.0,0.0
2025/12/23,06:50:44,0,1.0,203.0,463.0,238.0,14.0,198.0,5.0,1.0,0.0,0.0,0.0,0.0
2025/12/23,06:50:49,0,0.0,183.0,461.0,238.0,40.0,198.0,9.0,5.0,0.0,0.0,0.0,0.0
2025/12/23,06:50:54,0,1.0,193.0,462.0,237.0,37.0,197.0,7.0,5.0,0.0,0.0,0.0,0.0
2025/12/23,06:50:59,0,1.0,196.0,463.0,238.0,11.0,196.0,3.0,1.0,0.0,0.0,0.0,0.0
2025/12/23,06:51:04,0,0.0,195.0,463.0,238.0,26.0,197.0,6.0,3.0,0.0,0.0,0.0,0.0
2025/12/23,06:51:09,0,0.0,193.0,462.0,238.0,28.0,199.0,7.0,3.0,0.0,0.0,0.0,0.0
2025/12/23,06:51:14,0,0.0,197.0,462.0,238.0,20.0,197.0,6.0,2.0,0.0,0.0,-0.0008,0.0
2025/12/23,06:51:19,0,0.0,193.0,460.0,238.0,28.0,197.0,7.0,3.0,0.0,0.0,0.0,-0.0008
2025/12/23,06:51:24,0,1.0,199.0,462.0,237.0,19.0,198.0,5.0,2.0,0.0,0.0,0.0,0.0
2025/12/23,06:51:29,0,0.0,194.0,462.0,238.0,20.0,198.0,4.0,2.0,0.0,0.0,0.0,0.0
2025/12/23,06:51:34,0,0.0,192.0,461.0,237.0,46.0,198.0,11.0,7.0,0.0,0.0,0.0,0.0
2025/12/23,06:51:39,0,0.0,188.0,461.0,237.0,38.0,198.0,9.0,4.0,0.0,0.0,0.0,0.0
2025/12/23,06:51:44,0,0.0,210.0,463.0,238.0,11.0,198.0,4.0,0.0,0.0,0.0,0.0,0.0
2025/12/23,06:51:49,0,0.0,191.0,461.0,238.0,41.0,198.0,9.0,5.0,0.0,0.0,0.0,0.0
2025/12/23,06:51:54,0,1.0,208.0,463.0,238.0,11.0,198.0,4.0,0.0,0.0,0.0,0.0,0.0
2025/12/23,06:51:59,0,0.0,190.0,461.0,238.0,37.0,197.0,8.0,4.0,0.0,0.0,0.0,-0.0008
2025/12/23,06:52:04,0,2.0,186.0,462.0,236.0,38.0,198.0,10.0,5.0,0.0,0.0,0.0,0.0
2025/12/23,06:52:09,0,0.0,205.0,461.0,238.0,13.0,197.0,4.0,1.0,0.0,0.0,0.0,0.0
2025/12/23,06:52:14,0,0.0,194.0,460.0,238.0,29.0,198.0,6.0,3.0,0.0,0.0,0.0,0.0
2025/12/23,06:52:19,0,0.0,198.0,462.0,238.0,23.0,196.0,5.0,2.0,0.0,0.0,0.0,0.0
2025/12/23,06:52:24,0,0.0,192.0,462.0,239.0,31.0,197.0,7.0,3.0,0.0,0.0,0.0,0.0
2025/12/23,06:52:29,0,0.0,199.0,462.0,238.0,19.0,197.0,5.0,1.0,0.0,0.0,0.0,0.0
2025/12/23,06:52:34,0,0.0,194.0,462.0,238.0,18.0,197.0,4.0,1.0,0.0,0.0,0.0,0.0
2025/12/23,06:52:39,0,0.0,192.0,461.0,236.0,40.0,196.0,9.0,5.0,0.0,0.0,0.0,0.0
2025/12/23,06:52:44,0,0.0,212.0,462.0,236.0,12.0,197.0,3.0,0.0,0.0,0.0,0.0,0.0
2025/12/23,06:52:49,0,0.0,191.0,461.0,237.0,38.0,197.0,8.0,4.0,0.0,0.0,0.0,0.0
2025/12/23,06:52:54,0,0.0,205.0,461.0,238.0,14.0,196.0,4.0,1.0,0.0,0.0,0.0,0.0
2025/12/23,06:52:59,0,0.0,196.0,462.0,238.0,39.0,199.0,9.0,5.0,0.0,0.0,-0.0008,0.0
2025/12/23,06:53:04,0,0.0,191.0,462.0,238.0,33.0,198.0,8.0,4.0,0.0,0.0,0.0,0.0
2025/12/23,06:53:09,0,0.0,188.0,461.0,237.0,39.0,197.0,8.0,5.0,0.0,0.0,0.0,0.0
2025/12/23,06:53:14,0,0.0,205.0,462.0,237.0,10.0,196.0,3.0,0.0,0.0,0.0,0.0,0.0
2025/12/23,06:53:19,0,0.0,188.0,461.0,238.0,41.0,197.0,9.0,5.0,0.0,0.0,0.0,0.0
2025/12/23,06:53:24,0,0.0,204.0,463.0,236.0,9.0,196.0,3.0,1.0,0.0,0.0,0.0,0.0
2025/12/23,06:53:29,0,0.0,194.0,461.0,237.0,39.0,197.0,8.0,5.0,0.0,0.0,0.0,0.0
2025/12/23,06:53:34,0,0.0,204.0,462.0,238.0,13.0,197.0,4.0,0.0,0.0,0.0,0.0,-0.0008
2025/12/23,06:53:39,0,0.0,192.0,462.0,238.0,18.0,197.0,4.0,1.0,0.0,0.0,0.0,-0.0008
2025/12/23,06:53:44,0,0.0,191.0,458.0,238.0,41.0,196.0,9.0,6.0,0.0,0.0,0.0,0.0
2025/12/23,06:53:49,0,0.0,206.0,463.0,238.0,10.0,198.0,4.0,1.0,0.0,0.0,0.0,0.0
2025/12/23,06:53:54,0,0.0,196.0,462.0,238.0,20.0,197.0,5.0,2.0,0.0,0.0,-0.0008,0.0
2025/12/23,06:53:59,0,0.0,195.0,460.0,238.0,37.0,197.0,8.0,5.0,0.0,0.0,0.0,-0.0008
2025/12/23,06:54:04,0,1.0,186.0,459.0,238.0,34.0,198.0,9.0,4.0,0.0,0.0,0.0,-0.0008
2025/12/23,06:54:09,0,0.0,207.0,463.0,236.0,10.0,196.0,3.0,0.0,0.0,0.0,0.0,0.0
2025/12/23,06:54:14,0,0.0,191.0,462.0,238.0,37.0,198.0,8.0,4.0,0.0,0.0,0.0,0.0
2025/12/23,06:54:19,0,0.0,189.0,462.0,238.0,31.0,198.0,8.0,5.0,0.0,0.0,0.0,0.0
2025/12/23,06:54:24,0,0.0,199.0,461.0,238.0,11.0,197.0,3.0,0.0,0.0,0.0,0.0,0.0
2025/12/23,06:54:29,0,0.0,193.0,460.0,237.0,39.0,196.0,8.0,4.0,0.0,0.0,0.0,0.0
2025/12/23,06:54:34,0,0.0,209.0,463.0,238.0,7.0,197.0,2.0,0.0,0.0,0.0,0.0,0.0
2025/12/23,06:54:39,0,0.0,192.0,462.0,238.0,30.0,198.0,7.0,3.0,0.0,0.0,0.0,0.0
2025/12/23,06:54:44,0,0.0,185.0,461.0,236.0,38.0,198.0,8.0,4.0,0.0,0.0,0.0,0.0
2025/12/23,06:54:49,0,0.0,201.0,462.0,236.0,10.0,196.0,3.0,0.0,0.0,0.0,0.0,0.0
2025/12/23,06:54:54,0,0.0,195.0,461.0,237.0,38.0,198.0,9.0,5.0,0.0,0.0,0.0,0.0
2025/12/23,06:54:59,0,0.0,207.0,465.0,238.0,12.0,196.0,4.0,1.0,0.0,0.0,0.0,0.0
2025/12/23,06:55:04,0,0.0,193.0,462.0,238.0,19.0,197.0,4.0,2.0,0.0,0.0,0.0,0.0
2025/12/23,06:55:09,0,0.0,191.0,461.0,238.0,38.0,198.0,8.0,5.0,0.0,0.0,0.0,0.0
2025/12/23,06:55:14,0,0.0,189.0,461.0,237.0,39.0,196.0,9.0,5.0,0.0,0.0,0.0,0.0
2025/12/23,06:55:19,0,0.0,187.0,462.0,238.0,38.0,196.0,9.0,5.0,0.0,0.0,0.0,0.0
2025/12/23,06:55:24,0,0.0,188.0,462.0,238.0,40.0,198.0,9.0,5.0,0.0,0.0,0.0,0.0
2025/12/23,06:55:29,0,0.0,192.0,460.0,238.0,40.0,195.0,9.0,5.0,0.0,0.0,0.0,0.0
2025/12/23,06:55:34,0,0.0,192.0,461.0,238.0,36.0,198.0,8.0,4.0,0.0,0.0,0.0,0.0
2025/12/23,06:55:39,0,0.0,198.0,463.0,237.0,9.0,197.0,3.0,1.0,0.0,0.0,0.0,0.0
2025/12/23,06:55:44,0,0.0,203.0,460.0,238.0,16.0,197.0,4.0,1.0,0.0,0.0,0.0,0.0
2025/12/23,06:55:49,0,0.0,191.0,461.0,238.0,40.0,197.0,9.0,5.0,0.0,0.0,0.0,0.0
2025/12/23,06:55:54,0,0.0,194.0,462.0,236.0,12.0,196.0,4.0,1.0,0.0,0.0,0.0,0.0
2025/12/23,06:55:59,0,0.0,206.0,462.0,237.0,13.0,197.0,3.0,1.0,0.0,0.0,0.0,0.0
2025/12/23,06:56:04,0,0.0,190.0,462.0,237.0,39.0,197.0,9.0,5.0,0.0,0.0,0.0,0.0
2025/12/23,06:56:09,0,0.0,193.0,462.0,237.0,27.0,197.0,6.0,3.0,0.0,0.0,0.0,0.0
2025/12/23,06:56:14,0,0.0,209.0,463.0,238.0,11.0,198.0,3.0,1.0,0.0,0.0,0.0,0.0
2025/12/23,06:56:19,0,1.0,189.0,461.0,238.0,42.0,197.0,9.0,5.0,0.0,0.0,0.0,0.0
2025/12/23,06:56:24,0,0.0,195.0,461.0,238.0,15.0,196.0,4.0,1.0,0.0,0.0,0.0,-0.0008
2025/12/23,06:56:29,0,2.0,206.0,463.0,238.0,12.0,198.0,3.0,1.0,0.0,0.0,0.0,0.0
2025/12/23,06:56:34,0,0.0,187.0,462.0,238.0,40.0,197.0,8.0,5.0,0.0,0.0,0.0,0.0
2025/12/23,06:56:39,0,0.0,191.0,461.0,238.0,32.0,198.0,7.0,4.0,0.0,0.0,0.0,0.0
2025/12/23,06:56:44,0,0.0,210.0,461.0,238.0,11.0,197.0,2.0,1.0,0.0,0.0,0.0,0.0
2025/12/23,06:56:49,0,4.0,188.0,459.0,238.0,37.0,197.0,8.0,4.0,0.0,0.0,0.0,0.0
2025/12/23,06:56:54,0,1.0,190.0,458.0,237.0,34.0,197.0,7.0,5.0,0.0,0.0,0.0,0.0
2025/12/23,06:56:59,0,0.0,206.0,458.0,238.0,9.0,198.0,3.0,0.0,0.0,0.0,0.0,0.0
2025/12/23,06:57:04,0,1.0,186.0,459.0,239.0,37.0,197.0,8.0,5.0,0.0,0.0,0.0,0.0
2025/12/23,06:57:09,0,2.0,190.0,455.0,238.0,40.0,196.0,8.0,5.0,0.0,0.0,0.0,0.0
2025/12/23,06:57:14,0,0.0,208.0,460.0,238.0,11.0,197.0,3.0,1.0,0.0,0.0,0.0,0.0
2025/12/23,06:57:19,0,1.0,193.0,458.0,238.0,40.0,195.0,9.0,5.0,0.0,0.0,0.0,0.0
2025/12/23,06:57:24,0,1.0,200.0,461.0,238.0,11.0,197.0,3.0,0.0,0.0,0.0,0.0,-0.0008
2025/12/23,06:57:29,0,1.0,186.0,457.0,237.0,36.0,196.0,7.0,5.0,0.0,0.0,0.0,0.0
2025/12/23,06:57:34,0,0.0,195.0,461.0,237.0,11.0,197.0,4.0,1.0,0.0,0.0,0.0,0.0
2025/12/23,06:57:39,0,1.0,185.0,460.0,237.0,36.0,197.0,9.0,5.0,0.0,0.0,0.0,0.0
2025/12/23,06:57:44,0,0.0,199.0,461.0,238.0,11.0,197.0,3.0,1.0,0.0,0.0,0.0,0.0
2025/12/23,06:57:49,0,0.0,189.0,460.0,238.0,40.0,197.0,9.0,5.0,0.0,0.0,0.0,0.0
2025/12/23,06:57:54,0,1.0,200.0,460.0,237.0,10.0,196.0,3.0,1.0,0.0,0.0,0.0,0.0
2025/12/23,06:58:24,0,2.0,197.0,462.0,238.0,20.0,197.0,5.0,3.0,0.0,0.0,0.0,0.0
2025/12/23,06:58:27,0,0.0,212.0,462.0,239.0,9.0,197.0,3.0,0.0,0.0,0.0,0.0,0.0
2025/12/23,06:58:32,0,1.0,189.0,460.0,237.0,38.0,196.0,7.0,5.0,0.0,0.0,0.0,0.0
2025/12/23,06:58:37,0,3.0,205.0,462.0,236.0,10.0,196.0,4.0,0.0,0.0,0.0,0.0,0.0
2025/12/23,06:58:42,0,0.0,188.0,461.0,237.0,37.0,197.0,8.0,5.0,0.0,0.0,0.0,0.0
2025/12/23,06:58:47,0,5.0,204.0,459.0,238.0,11.0,198.0,4.0,1.0,0.0,0.0,0.0,0.0
2025/12/23,06:58:52,0,1.0,189.0,462.0,237.0,37.0,196.0,8.0,4.0,0.0,0.0,0.0,0.0
2025/12/23,06:58:57,0,1.0,203.0,462.0,237.0,12.0,197.0,4.0,1.0,0.0,0.0,0.0,0.0
2025/12/23,06:59:02,0,0.0,191.0,461.0,238.0,36.0,198.0,8.0,4.0,0.0,0.0,0.0,0.0
2025/12/23,06:59:07,0,2.0,196.0,463.0,236.0,22.0,196.0,5.0,2.0,0.0,0.0,0.0,-0.0008
2025/12/23,06:59:12,0,1.0,191.0,461.0,238.0,22.0,198.0,5.0,2.0,0.0,0.0,0.0,0.0
2025/12/23,06:59:17,0,2.0,188.0,461.0,238.0,34.0,197.0,8.0,4.0,0.0,0.0,0.0,0.0
2025/12/23,06:59:22,0,0.0,198.0,460.0,238.0,10.0,197.0,3.0,1.0,0.0,0.0,0.0,0.0
2025/12/23,06:59:27,0,0.0,193.0,461.0,238.0,39.0,197.0,8.0,5.0,0.0,0.0,-0.0008,0.0
2025/12/23,06:59:32,0,0.0,199.0,460.0,238.0,16.0,198.0,5.0,1.0,0.0,0.0,0.0,0.0
2025/12/23,06:59:37,0,0.0,193.0,462.0,237.0,23.0,197.0,5.0,2.0,0.0,0.0,0.0,0.0
2025/12/23,06:59:42,0,0.0,185.0,462.0,236.0,34.0,196.0,7.0,3.0,0.0,0.0,0.0,0.0
2025/12/23,06:59:47,0,0.0,198.0,463.0,238.0,11.0,198.0,3.0,1.0,0.0,0.0,0.0,0.0
2025/12/23,06:59:52,0,0.0,192.0,462.0,238.0,39.0,198.0,9.0,5.0,0.0,0.0,0.0,0.0
2025/12/23,06:59:57,0,0.0,212.0,463.0,238.0,12.0,198.0,4.0,0.0,0.0,0.0,0.0,0.0
2025/12/23,07:00:02,0,0.0,192.0,459.0,238.0,36.0,198.0,8.0,4.0,0.0,0.0,0.0,0.0
2025/12/23,07:00:07,0,0.0,186.0,461.0,236.0,35.0,196.0,9.0,5.0,0.0,0.0,0.0,0.0
2025/12/23,07:00:12,0,0.0,207.0,461.0,237.0,10.0,196.0,3.0,0.0,0.0,0.0,0.0,0.0
2025/12/23,07:00:17,0,0.0,192.0,463.0,239.0,27.0,196.0,5.0,3.0,0.0,0.0,0.0,0.0
2025/12/23,07:00:56,0,2.0,201.0,463.0,238.0,16.0,196.0,3.0,1.0,0.0,0.0,0.0,0.0
2025/12/23,07:01:01,0,1.0,184.0,462.0,237.0,41.0,198.0,9.0,5.0,0.0,0.0,0.0,0.0
2025/12/23,07:01:06,0,0.0,213.0,462.0,238.0,13.0,198.0,4.0,1.0,0.0,0.0,0.0,0.0
2025/12/23,07:01:11,0,0.0,195.0,462.0,237.0,15.0,197.0,3.0,1.0,0.0,0.0,0.0,0.0
2025/12/23,07:01:16,0,0.0,192.0,461.0,238.0,30.0,197.0,6.0,4.0,0.0,0.0,0.0,0.0
2025/12/23,07:01:21,0,0.0,192.0,462.0,238.0,31.0,198.0,7.0,5.0,0.0,0.0,0.0,0.0
2025/12/23,07:01:26,0,0.0,192.0,461.0,238.0,35.0,196.0,8.0,4.0,0.0,0.0,0.0,0.0
2025/12/23,07:01:31,0,1.0,191.0,461.0,238.0,38.0,197.0,8.0,6.0,0.0,0.0,0.0,0.0
2025/12/23,07:01:36,0,0.0,185.0,461.0,240.0,35.0,196.0,8.0,5.0,0.0,0.0,0.0,-0.0008
2025/12/23,07:01:41,0,1.0,199.0,461.0,238.0,23.0,196.0,6.0,3.0,0.0,0.0,0.0,0.0
2025/12/23,07:01:46,0,0.0,194.0,463.0,237.0,22.0,195.0,6.0,2.0,0.0,0.0,0.0,0.0
2025/12/23,07:01:51,0,1.0,191.0,462.0,238.0,27.0,196.0,6.0,3.0,0.0,0.0,0.0,0.0
2025/12/23,07:01:56,0,0.0,192.0,460.0,238.0,26.0,196.0,6.0,4.0,0.0,0.0,0.0,0.0
2025/12/23,07:02:01,0,1.0,201.0,463.0,237.0,14.0,196.0,4.0,1.0,0.0,0.0,0.0,0.0
2025/12/23,07:02:06,0,0.0,195.0,462.0,238.0,13.0,195.0,3.0,1.0,0.0,0.0,0.0,0.0
2025/12/23,07:02:11,0,0.0,211.0,463.0,236.0,10.0,196.0,3.0,1.0,0.0,0.0,0.0,0.0
2025/12/23,07:02:16,0,0.0,192.0,461.0,238.0,33.0,198.0,7.0,4.0,0.0,0.0,0.0,0.0
2025/12/23,07:02:21,0,0.0,201.0,462.0,237.0,8.0,196.0,3.0,0.0,0.0,0.0,0.0,0.0
2025/12/23,07:02:26,0,0.0,200.0,462.0,236.0,14.0,198.0,5.0,2.0,0.0,0.0,0.0,0.0
2025/12/23,07:02:31,0,2.0,192.0,461.0,237.0,38.0,197.0,8.0,5.0,0.0,0.0,0.0,0.0
2025/12/23,07:02:36,0,1.0,203.0,464.0,239.0,8.0,196.0,2.0,0.0,0.0,0.0,0.0,0.0
2025/12/23,07:02:41,0,0.0,187.0,461.0,238.0,40.0,196.0,8.0,5.0,0.0,0.0,0.0,0.0
2025/12/23,07:02:46,0,0.0,202.0,462.0,237.0,8.0,196.0,3.0,1.0,0.0,0.0,0.0,0.0
2025/12/23,07:02:51,0,1.0,189.0,460.0,237.0,38.0,195.0,8.0,5.0,0.0,0.0,0.0,0.0
2025/12/23,07:02:56,0,0.0,182.0,458.0,238.0,36.0,196.0,8.0,5.0,0.0,0.0,0.0,0.0
2025/12/23,07:03:01,0,0.0,201.0,462.0,237.0,15.0,196.0,4.0,1.0,0.0,0.0,0.0,-0.0008
2025/12/23,07:03:06,0,0.0,210.0,462.0,238.0,11.0,196.0,3.0,1.0,0.0,0.0,0.0,0.0
2025/12/23,07:03:11,0,0.0,204.0,463.0,238.0,9.0,198.0,3.0,0.0,0.0,0.0,0.0,0.0
2025/12/23,07:03:16,0,0.0,199.0,463.0,238.0,12.0,198.0,3.0,1.0,0.0,0.0,0.0,0.0
2025/12/23,07:03:21,0,0.0,194.0,462.0,237.0,15.0,197.0,3.0,1.0,0.0,0.0,0.0,0.0
2025/12/23,07:03:26,0,2.0,195.0,459.0,237.0,22.0,196.0,5.0,2.0,0.0,0.0,0.0,0.0
2025/12/23,07:03:31,0,3.0,192.0,462.0,238.0,14.0,197.0,4.0,2.0,0.0,0.0,0.0,0.0
2025/12/23,07:03:36,0,0.0,203.0,463.0,237.0,7.0,197.0,3.0,0.0,0.0,0.0,0.0,-0.0008
2025/12/23,07:03:41,0,2.0,205.0,463.0,237.0,12.0,197.0,3.0,1.0,0.0,0.0,0.0,0.0
2025/12/23,07:03:46,0,1.0,184.0,462.0,236.0,38.0,197.0,8.0,5.0,0.0,0.0,0.0,0.0
2025/12/23,07:03:51,0,0.0,189.0,461.0,238.0,37.0,197.0,8.0,5.0,0.0,0.0,0.0,0.0
2025/12/23,07:03:56,0,3.0,195.0,464.0,238.0,10.0,198.0,3.0,0.0,0.0,0.0,0.0,0.0
2025/12/23,07:04:01,0,0.0,206.0,462.0,237.0,10.0,196.0,3.0,0.0,0.0,0.0,0.0,0.0
2025/12/23,07:04:06,0,0.0,185.0,459.0,238.0,39.0,197.0,9.0,5.0,0.0,0.0,0.0,0.0
2025/12/23,07:04:11,0,0.0,192.0,460.0,237.0,20.0,196.0,4.0,2.0,0.0,0.0,0.0,0.0
2025/12/23,07:04:16,0,0.0,208.0,461.0,238.0,11.0,197.0,2.0,1.0,0.0,0.0,-0.0008,0.0
2025/12/23,07:04:21,0,0.0,189.0,462.0,235.0,38.0,196.0,9.0,4.0,0.0,0.0,0.0,0.0
2025/12/23,07:04:26,0,0.0,193.0,463.0,238.0,15.0,198.0,3.0,2.0,0.0,0.0,0.0,0.0
2025/12/23,07:04:31,0,0.0,201.0,463.0,238.0,13.0,197.0,3.0,2.0,0.0,0.0,0.0,0.0
2025/12/23,07:04:36,0,0.0,194.0,462.0,238.0,37.0,197.0,8.0,5.0,0.0,0.0,0.0,-0.0008
2025/12/23,07:04:41,0,0.0,193.0,462.0,236.0,14.0,196.0,3.0,0.0,0.0,0.0,0.0,0.0
2025/12/23,07:04:46,0,1.0,207.0,463.0,238.0,10.0,195.0,3.0,1.0,0.0,0.0,0.0,0.0
2025/12/23,07:04:51,0,0.0,188.0,462.0,237.0,38.0,197.0,8.0,5.0,0.0,0.0,0.0,-0.0008
2025/12/23,07:04:56,0,0.0,190.0,462.0,237.0,33.0,197.0,7.0,5.0,0.0,0.0,0.0,0.0
2025/12/23,07:05:01,0,0.0,203.0,464.0,238.0,7.0,196.0,2.0,0.0,0.0,0.0,0.0,0.0
2025/12/23,07:05:06,0,0.0,184.0,459.0,238.0,38.0,196.0,8.0,5.0,0.0,0.0,0.0,0.0
2025/12/23,07:05:11,0,0.0,195.0,463.0,236.0,9.0,195.0,2.0,1.0,0.0,0.0,0.0,0.0
2025/12/23,07:05:16,0,0.0,185.0,461.0,238.0,39.0,197.0,8.0,5.0,0.0,0.0,0.0,0.0
2025/12/23,07:05:21,0,0.0,209.0,462.0,237.0,9.0,196.0,2.0,0.0,0.0,0.0,0.0,0.0
2025/12/23,07:05:26,0,0.0,192.0,462.0,238.0,39.0,197.0,8.0,5.0,0.0,0.0,0.0,0.0
2025/12/23,07:05:31,0,0.0,196.0,464.0,238.0,8.0,196.0,2.0,0.0,0.0,0.0,0.0,0.0
2025/12/23,07:05:36,0,1.0,187.0,462.0,236.0,37.0,197.0,7.0,5.0,0.0,0.0,0.0,0.0
2025/12/23,07:05:41,0,0.0,193.0,460.0,238.0,25.0,197.0,6.0,3.0,0.0,0.0,0.0,0.0
2025/12/23,07:05:46,0,0.0,203.0,463.0,238.0,10.0,197.0,3.0,1.0,0.0,0.0,0.0,0.0
2025/12/23,07:05:51,0,0.0,197.0,462.0,236.0,37.0,196.0,8.0,4.0,0.0,0.0,0.0,0.0
2025/12/23,07:05:56,0,1.0,206.0,464.0,239.0,8.0,195.0,3.0,0.0,0.0,0.0,0.0,0.0
2025/12/23,07:06:01,0,1.0,190.0,460.0,238.0,39.0,196.0,8.0,6.0,0.0,0.0,0.0,-0.0008
2025/12/23,07:06:06,0,0.0,203.0,463.0,236.0,8.0,195.0,3.0,0.0,0.0,0.0,0.0,0.0
2025/12/23,07:06:11,0,1.0,183.0,460.0,237.0,38.0,196.0,7.0,5.0,0.0,0.0,0.0,0.0
2025/12/23,07:06:16,0,4.0,194.0,462.0,236.0,19.0,196.0,4.0,1.0,0.0,0.0,0.0,0.0
2025/12/23,07:06:21,0,1.0,195.0,461.0,238.0,23.0,195.0,6.0,3.0,0.0,0.0,0.0,0.0
2025/12/23,07:06:26,0,1.0,192.0,463.0,236.0,25.0,197.0,5.0,3.0,0.0,0.0,0.0,0.0
2025/12/23,07:06:31,0,0.0,197.0,463.0,238.0,18.0,198.0,6.0,2.0,0.0,-0.0008,0.0,0.0
2025/12/23,07:06:36,0,0.0,194.0,463.0,238.0,26.0,198.0,6.0,3.0,0.0,0.0,0.0,0.0
2025/12/23,07:06:41,0,2.0,203.0,462.0,238.0,15.0,197.0,5.0,1.0,0.0,0.0,0.0,0.0
2025/12/23,07:06:46,0,0.0,188.0,459.0,238.0,37.0,197.0,7.0,5.0,0.0,0.0,0.0,0.0
2025/12/23,07:06:51,0,0.0,209.0,463.0,237.0,7.0,198.0,2.0,1.0,0.0,0.0,0.0,0.0
2025/12/23,07:06:56,0,0.0,184.0,461.0,237.0,37.0,196.0,8.0,5.0,0.0,0.0,0.0,0.0
2025/12/23,07:07:01,0,0.0,193.0,461.0,238.0,28.0,198.0,6.0,4.0,0.0,0.0,0.0,0.0
2025/12/23,07:07:06,0,0.0,210.0,464.0,238.0,8.0,198.0,3.0,1.0,0.0,0.0,0.0,0.0
2025/12/23,07:07:11,0,0.0,189.0,462.0,237.0,38.0,197.0,7.0,5.0,0.0,0.0,0.0,0.0
2025/12/23,07:07:16,0,0.0,199.0,462.0,237.0,8.0,195.0,3.0,1.0,0.0,0.0,0.0,0.0
2025/12/23,07:07:21,0,0.0,186.0,461.0,237.0,37.0,196.0,8.0,5.0,0.0,0.0,0.0,0.0
2025/12/23,07:07:26,0,0.0,200.0,462.0,237.0,8.0,195.0,2.0,1.0,0.0,0.0,0.0,0.0
2025/12/23,07:07:31,0,0.0,189.0,461.0,237.0,37.0,197.0,8.0,5.0,0.0,0.0,0.0,0.0
2025/12/23,07:07:36,0,0.0,197.0,463.0,238.0,9.0,197.0,2.0,1.0,0.0,0.0,0.0,0.0
2025/12/23,07:07:41,0,0.0,184.0,460.0,237.0,36.0,196.0,8.0,5.0,0.0,0.0,0.0,0.0
2025/12/23,07:07:46,0,0.0,204.0,463.0,238.0,9.0,196.0,2.0,1.0,0.0,0.0,0.0,0.0
2025/12/23,07:07:51,0,0.0,192.0,458.0,238.0,34.0,196.0,7.0,5.0,0.0,0.0,0.0,0.0
2025/12/23,07:07:56,0,0.0,200.0,463.0,238.0,15.0,197.0,4.0,2.0,0.0,0.0,0.0,0.0
2025/12/23,07:08:01,0,0.0,194.0,462.0,238.0,17.0,197.0,3.0,2.0,0.0,0.0,0.0,0.0
2025/12/23,07:08:55,0,0.0,194.0,463.0,239.0,24.0,196.0,6.0,3.0,0.0,0.0,0.0,0.0
2025/12/23,07:08:59,0,0.0,193.0,461.0,238.0,31.0,197.0,7.0,4.0,0.0,0.0,0.0,0.0
2025/12/23,07:09:04,0,0.0,212.0,463.0,238.0,11.0,197.0,3.0,1.0,0.0,0.0,0.0,0.0
2025/12/23,07:09:09,0,0.0,191.0,462.0,237.0,37.0,196.0,8.0,5.0,0.0,0.0,0.0,0.0
2025/12/23,07:09:14,0,0.0,201.0,463.0,236.0,7.0,196.0,2.0,0.0,0.0,0.0,0.0,0.0
2025/12/23,07:09:19,0,0.0,187.0,462.0,238.0,33.0,195.0,8.0,4.0,0.0,0.0,0.0,0.0
2025/12/23,07:09:24,0,0.0,191.0,462.0,239.0,38.0,196.0,8.0,5.0,0.0,0.0,0.0,0.0
2025/12/23,07:09:29,0,0.0,194.0,459.0,238.0,35.0,197.0,7.0,5.0,0.0,0.0,0.0,0.0
2025/12/23,07:09:34,0,0.0,191.0,462.0,239.0,33.0,196.0,8.0,4.0,0.0,0.0,0.0,0.0
2025/12/23,07:09:39,0,0.0,192.0,463.0,237.0,15.0,196.0,3.0,2.0,0.0,0.0,0.0,0.0
2025/12/23,07:09:44,0,0.0,202.0,462.0,238.0,8.0,195.0,3.0,1.0,0.0,0.0,0.0,0.0
2025/12/23,07:09:49,0,0.0,210.0,463.0,238.0,10.0,197.0,2.0,1.0,0.0,0.0,0.0,0.0
2025/12/23,07:09:54,0,0.0,187.0,462.0,238.0,29.0,197.0,7.0,4.0,0.0,0.0,0.0,0.0
2025/12/23,07:09:59,0,0.0,191.0,462.0,239.0,34.0,196.0,7.0,4.0,0.0,0.0,0.0,0.0
2025/12/23,07:10:04,0,0.0,195.0,463.0,236.0,9.0,197.0,2.0,1.0,0.0,0.0,0.0,0.0
2025/12/23,07:10:09,0,0.0,202.0,461.0,238.0,15.0,197.0,4.0,2.0,0.0,0.0,0.0,0.0
2025/12/23,07:10:14,0,0.0,192.0,461.0,238.0,36.0,197.0,7.0,5.0,0.0,0.0,0.0,0.0
2025/12/23,07:10:19,0,0.0,202.0,459.0,238.0,8.0,196.0,2.0,0.0,0.0,0.0,0.0,0.0
2025/12/23,07:10:24,0,0.0,186.0,461.0,238.0,34.0,197.0,8.0,4.0,0.0,0.0,0.0,0.0
2025/12/23,07:10:29,0,0.0,192.0,463.0,237.0,34.0,195.0,7.0,5.0,0.0,0.0,0.0,-0.0008
2025/12/23,07:10:34,0,0.0,194.0,462.0,236.0,11.0,196.0,2.0,0.0,0.0,0.0,0.0,0.0
2025/12/23,07:10:39,0,0.0,210.0,463.0,238.0,8.0,196.0,2.0,1.0,0.0,0.0,0.0,-0.0008
2025/12/23,07:10:44,0,0.0,195.0,459.0,237.0,24.0,196.0,6.0,3.0,0.0,0.0,0.0,-0.0008
2025/12/23,07:10:49,0,0.0,192.0,462.0,238.0,37.0,197.0,7.0,5.0,0.0,0.0,0.0,0.0
2025/12/23,07:10:54,0,0.0,195.0,463.0,238.0,9.0,196.0,2.0,1.0,0.0,0.0,0.0,0.0
2025/12/23,07:10:59,0,0.0,203.0,462.0,237.0,11.0,196.0,3.0,2.0,0.0,0.0,0.0,0.0
2025/12/23,07:11:04,0,2.0,190.0,458.0,238.0,38.0,197.0,8.0,5.0,0.0,0.0,0.0,0.0
2025/12/23,07:11:09,0,3.0,192.0,461.0,238.0,26.0,196.0,6.0,4.0,0.0,0.0,0.0,0.0
2025/12/23,07:11:14,0,2.0,198.0,461.0,237.0,8.0,197.0,2.0,1.0,0.0,0.0,0.0,0.0
2025/12/23,07:11:19,0,2.0,206.0,460.0,236.0,8.0,196.0,2.0,0.0,0.0,0.0,0.0,0.0
2025/12/23,07:11:24,0,2.0,188.0,460.0,238.0,38.0,197.0,8.0,5.0,0.0,0.0,0.0,0.0
2025/12/23,07:11:29,0,6.0,210.0,460.0,238.0,10.0,195.0,3.0,1.0,0.0,0.0,0.0,0.0
2025/12/23,07:11:34,0,3.0,208.0,461.0,238.0,9.0,195.0,3.0,1.0,0.0,0.0,0.0,0.0
2025/12/23,07:11:39,0,3.0,198.0,461.0,238.0,9.0,195.0,2.0,1.0,0.0,0.0,0.0,0.0
2025/12/23,07:11:44,0,1.0,190.0,461.0,237.0,29.0,196.0,7.0,4.0,0.0,0.0,0.0,0.0
2025/12/23,07:11:49,0,0.0,191.0,459.0,238.0,37.0,196.0,8.0,5.0,0.0,0.0,0.0,0.0
2025/12/23,07:11:54,0,0.0,196.0,460.0,236.0,18.0,196.0,5.0,2.0,0.0,0.0,0.0,0.0
2025/12/23,07:11:59,0,2.0,200.0,462.0,237.0,8.0,198.0,2.0,1.0,0.0,0.0,0.0,0.0
2025/12/23,07:12:04,0,1.0,191.0,460.0,237.0,37.0,197.0,5.0,5.0,0.0,0.0,0.0,0.0
2025/12/23,07:12:09,0,0.0,191.0,460.0,241.0,22.0,196.0,5.0,3.0,0.0,0.0,0.0,0.0
2025/12/23,07:12:14,0,0.0,199.0,463.0,238.0,8.0,198.0,2.0,1.0,0.0,0.0,0.0,0.0
2025/12/23,07:12:19,0,3.0,195.0,460.0,239.0,35.0,197.0,7.0,5.0,0.0,0.0,-0.0008,0.0
2025/12/23,07:12:24,0,1.0,186.0,461.0,238.0,32.0,197.0,7.0,5.0,0.0,0.0,0.0,0.0
2025/12/23,07:12:29,0,0.0,210.0,462.0,237.0,8.0,198.0,3.0,1.0,0.0,0.0,0.0,0.0
2025/12/23,07:12:34,0,2.0,195.0,461.0,238.0,14.0,197.0,3.0,2.0,0.0,0.0,0.0,0.0
2025/12/23,07:12:39,0,1.0,191.0,461.0,238.0,37.0,196.0,8.0,5.0,0.0,0.0,0.0,0.0
2025/12/23,07:12:44,0,0.0,202.0,462.0,236.0,11.0,197.0,3.0,1.0,0.0,0.0,0.0,0.0
2025/12/23,07:12:49,0,1.0,198.0,462.0,237.0,8.0,196.0,2.0,1.0,0.0,0.0,0.0,-0.0008
2025/12/23,07:12:54,0,1.0,192.0,462.0,238.0,31.0,197.0,6.0,4.0,0.0,0.0,0.0,0.0
2025/12/23,07:12:59,0,1.0,190.0,461.0,238.0,36.0,197.0,8.0,5.0,0.0,0.0,0.0,0.0
2025/12/23,07:13:04,0,0.0,198.0,462.0,237.0,17.0,197.0,4.0,2.0,0.0,0.0,0.0,0.0
2025/12/23,07:13:09,0,1.0,197.0,462.0,238.0,10.0,196.0,3.0,1.0,0.0,0.0,-0.0008,0.0
2025/12/23,07:13:14,0,0.0,187.0,461.0,238.0,37.0,197.0,8.0,5.0,0.0,0.0,0.0,0.0
2025/12/23,07:13:19,0,1.0,205.0,460.0,238.0,8.0,197.0,2.0,1.0,0.0,0.0,0.0,-0.0008
2025/12/23,07:13:24,0,2.0,194.0,461.0,236.0,35.0,197.0,8.0,5.0,0.0,0.0,0.0,0.0
2025/12/23,07:13:29,0,0.0,189.0,462.0,239.0,30.0,196.0,7.0,4.0,0.0,0.0,0.0,0.0
2025/12/23,07:13:34,0,0.0,211.0,460.0,238.0,10.0,196.0,3.0,1.0,0.0,0.0,0.0,0.0
2025/12/23,07:13:39,0,0.0,194.0,462.0,238.0,17.0,197.0,4.0,2.0,0.0,0.0,0.0,0.0
2025/12/23,07:13:44,0,0.0,191.0,461.0,238.0,36.0,196.0,8.0,5.0,0.0,0.0,0.0,0.0
2025/12/23,07:13:49,0,0.0,194.0,462.0,238.0,25.0,198.0,5.0,3.0,0.0,0.0,0.0,0.0
2025/12/23,07:13:54,0,0.0,213.0,463.0,238.0,9.0,198.0,2.0,1.0,0.0,0.0,0.0,-0.0008
2025/12/23,07:13:59,0,0.0,200.0,464.0,237.0,8.0,198.0,2.0,1.0,0.0,0.0,0.0,0.0
2025/12/23,07:14:04,0,0.0,207.0,463.0,238.0,9.0,197.0,2.0,1.0,0.0,0.0,0.0,0.0
2025/12/23,07:14:09,0,0.0,199.0,462.0,237.0,15.0,197.0,4.0,2.0,0.0,0.0,0.0,0.0
2025/12/23,07:14:14,0,0.0,194.0,461.0,237.0,36.0,197.0,7.0,5.0,0.0,0.0,0.0,0.0
2025/12/23,07:14:19,0,0.0,201.0,463.0,238.0,7.0,198.0,2.0,1.0,0.0,0.0,0.0,0.0
2025/12/23,07:14:24,0,0.0,185.0,462.0,238.0,35.0,197.0,7.0,5.0,0.0,0.0,0.0,0.0
2025/12/23,07:14:29,0,0.0,190.0,464.0,237.0,18.0,196.0,5.0,2.0,0.0,0.0,0.0,0.0
2025/12/23,07:14:34,0,0.0,210.0,463.0,238.0,10.0,197.0,3.0,1.0,0.0,0.0,0.0,0.0
2025/12/23,07:14:39,0,0.0,192.0,462.0,237.0,24.0,197.0,5.0,3.0,0.0,0.0,0.0,0.0
2025/12/23,07:14:44,0,1.0,186.0,461.0,238.0,36.0,196.0,8.0,5.0,0.0,0.0,0.0,0.0
2025/12/23,07:14:49,0,1.0,190.0,461.0,237.0,38.0,196.0,8.0,5.0,0.0,0.0,0.0,0.0
2025/12/23,07:14:54,0,0.0,193.0,462.0,238.0,35.0,198.0,8.0,5.0,0.0,0.0,0.0,0.0
2025/12/23,07:14:59,0,0.0,192.0,462.0,239.0,24.0,198.0,6.0,3.0,0.0,0.0,0.0,-0.0008
2025/12/23,07:15:04,0,0.0,199.0,463.0,238.0,8.0,197.0,2.0,1.0,0.0,0.0,0.0,0.0
2025/12/23,07:15:09,0,0.0,206.0,463.0,238.0,8.0,196.0,3.0,1.0,0.0,0.0,0.0,0.0
2025/12/23,07:15:14,0,0.0,187.0,460.0,239.0,37.0,196.0,8.0,5.0,0.0,0.0,0.0,0.0
2025/12/23,07:15:19,0,0.0,192.0,462.0,237.0,13.0,197.0,4.0,2.0,0.0,0.0,0.0,0.0
2025/12/23,07:15:24,0,0.0,209.0,462.0,237.0,8.0,196.0,3.0,1.0,0.0,0.0,0.0,0.0
2025/12/23,07:15:29,0,0.0,195.0,462.0,238.0,22.0,197.0,5.0,3.0,0.0,0.0,0.0,0.0
2025/12/23,07:15:34,0,0.0,192.0,460.0,237.0,28.0,196.0,5.0,3.0,0.0,0.0,0.0,0.0
2025/12/23,07:15:39,0,0.0,202.0,463.0,238.0,15.0,198.0,3.0,2.0,0.0,0.0,0.0,0.0
2025/12/23,07:15:44,0,0.0,209.0,463.0,237.0,10.0,197.0,2.0,1.0,0.0,0.0,0.0,-0.0008
2025/12/23,07:15:49,0,1.0,194.0,463.0,238.0,20.0,196.0,5.0,2.0,0.0,0.0,0.0,0.0
2025/12/23,07:15:54,0,1.0,185.0,462.0,238.0,35.0,197.0,7.0,6.0,0.0,0.0,0.0,0.0
2025/12/23,07:15:59,0,0.0,201.0,463.0,238.0,8.0,198.0,3.0,1.0,0.0,0.0,0.0,0.0
2025/12/23,07:16:04,0,1.0,187.0,461.0,237.0,36.0,197.0,8.0,5.0,0.0,0.0,0.0,0.0
2025/12/23,07:16:09,0,0.0,199.0,463.0,238.0,8.0,197.0,2.0,0.0,0.0,0.0,0.0,0.0
2025/12/23,07:16:14,0,0.0,186.0,460.0,238.0,37.0,197.0,8.0,5.0,0.0,0.0,0.0,-0.0008
2025/12/23,07:16:19,0,1.0,206.0,462.0,238.0,7.0,198.0,2.0,0.0,0.0,0.0,0.0,0.0
2025/12/23,07:16:24,0,4.0,193.0,461.0,238.0,35.0,197.0,7.0,5.0,0.0,0.0,0.0,-0.0008
2025/12/23,07:16:29,0,1.0,206.0,460.0,238.0,10.0,197.0,3.0,2.0,0.0,0.0,0.0,0.0
2025/12/23,07:16:34,0,0.0,192.0,460.0,236.0,32.0,196.0,7.0,3.0,0.0,0.0,0.0,0.0
2025/12/23,07:16:39,0,0.0,204.0,462.0,239.0,11.0,197.0,4.0,1.0,0.0,0.0,0.0,0.0
2025/12/23,07:16:44,0,0.0,190.0,458.0,238.0,35.0,195.0,7.0,5.0,0.0,0.0,0.0,0.0
2025/12/23,07:16:49,0,0.0,211.0,462.0,238.0,8.0,197.0,2.0,1.0,0.0,0.0,0.0,0.0
2025/12/23,07:16:54,0,0.0,190.0,461.0,238.0,38.0,197.0,7.0,5.0,0.0,0.0,0.0,0.0
2025/12/23,07:16:59,0,0.0,200.0,463.0,237.0,6.0,197.0,2.0,1.0,0.0,0.0,0.0,0.0
2025/12/23,07:17:04,0,0.0,187.0,461.0,238.0,37.0,198.0,8.0,5.0,0.0,0.0,0.0,0.0
2025/12/23,07:17:09,0,1.0,200.0,462.0,238.0,9.0,198.0,2.0,1.0,0.0,0.0,0.0,0.0
2025/12/23,07:17:14,0,0.0,187.0,460.0,236.0,36.0,196.0,8.0,5.0,0.0,0.0,0.0,0.0
2025/12/23,07:17:19,0,0.0,204.0,461.0,237.0,7.0,198.0,2.0,1.0,0.0,0.0,0.0,0.0
2025/12/23,07:17:24,0,0.0,191.0,461.0,238.0,36.0,197.0,7.0,6.0,0.0,0.0,0.0,0.0
2025/12/23,07:17:29,0,0.0,204.0,462.0,234.0,11.0,197.0,3.0,1.0,0.0,0.0,0.0,0.0
2025/12/23,07:17:34,0,0.0,193.0,462.0,236.0,10.0,196.0,1.0,0.0,0.0,0.0,0.0,0.0
2025/12/23,07:17:39,0,0.0,195.0,462.0,238.0,37.0,197.0,8.0,5.0,0.0,0.0,0.0,0.0
2025/12/23,07:17:44,0,0.0,201.0,462.0,238.0,13.0,198.0,3.0,1.0,0.0,0.0,0.0,0.0
2025/12/23,07:17:49,0,1.0,193.0,463.0,239.0,15.0,196.0,3.0,1.0,0.0,0.0,0.0,0.0
2025/12/23,07:17:54,0,2.0,187.0,460.0,238.0,37.0,197.0,7.0,6.0,0.0,0.0,0.0,0.0
2025/12/23,07:17:59,0,6.0,204.0,462.0,238.0,11.0,197.0,3.0,1.0,0.0,0.0,0.0,0.0
2025/12/23,07:18:04,0,0.0,195.0,462.0,238.0,10.0,197.0,2.0,0.0,0.0,0.0,0.0,0.0
2025/12/23,07:18:09,0,0.0,188.0,461.0,238.0,35.0,196.0,7.0,5.0,0.0,0.0,0.0,-0.0008
2025/12/23,07:18:55,0,0.0,192.0,461.0,238.0,39.0,197.0,8.0,5.0,0.0,0.0,0.0,0.0
2025/12/23,07:18:59,0,0.0,194.0,462.0,238.0,33.0,196.0,7.0,5.0,0.0,0.0,0.0,0.0
2025/12/23,07:19:04,0,0.0,195.0,461.0,237.0,34.0,198.0,7.0,5.0,0.0,0.0,0.0,0.0
2025/12/23,07:19:09,0,0.0,187.0,462.0,238.0,35.0,196.0,7.0,5.0,0.0,0.0,0.0,0.0
2025/12/23,07:19:14,0,0.0,201.0,463.0,238.0,12.0,198.0,3.0,1.0,0.0,0.0,0.0,0.0
2025/12/23,07:19:19,0,2.0,194.0,463.0,237.0,7.0,198.0,2.0,1.0,0.0,0.0,0.0,0.0
2025/12/23,07:19:24,0,2.0,191.0,461.0,237.0,36.0,197.0,8.0,5.0,0.0,0.0,0.0,0.0
2025/12/23,07:19:29,0,0.0,199.0,462.0,238.0,15.0,197.0,3.0,2.0,0.0,0.0,0.0,0.0
2025/12/23,07:19:34,0,2.0,195.0,462.0,238.0,9.0,198.0,2.0,1.0,0.0,0.0,0.0,-0.0008
2025/12/23,07:19:39,0,0.0,191.0,460.0,239.0,35.0,197.0,8.0,5.0,0.0,0.0,0.0,0.0
2025/12/23,07:19:44,0,0.0,203.0,462.0,238.0,11.0,198.0,3.0,1.0,0.0,0.0,0.0,0.0
2025/12/23,07:19:49,0,1.0,196.0,463.0,238.0,10.0,196.0,2.0,1.0,0.0,0.0,0.0,-0.0008
2025/12/23,07:19:54,0,0.0,191.0,462.0,239.0,32.0,196.0,7.0,5.0,0.0,0.0,0.0,0.0
2025/12/23,07:19:59,0,0.0,193.0,461.0,237.0,34.0,197.0,7.0,5.0,0.0,0.0,0.0,-0.0008
2025/12/23,07:20:04,0,0.0,194.0,461.0,237.0,33.0,198.0,7.0,6.0,0.0,0.0,0.0,0.0
2025/12/23,07:20:09,0,1.0,189.0,462.0,238.0,33.0,198.0,8.0,5.0,0.0,0.0,0.0,0.0
2025/12/23,07:20:14,0,0.0,194.0,459.0,238.0,21.0,198.0,5.0,3.0,0.0,0.0,0.0,0.0
2025/12/23,07:20:19,0,0.0,199.0,464.0,238.0,6.0,196.0,2.0,1.0,0.0,0.0,0.0,0.0
2025/12/23,07:20:24,0,1.0,210.0,461.0,238.0,9.0,198.0,2.0,1.0,0.0,0.0,0.0,0.0
2025/12/23,07:20:29,0,4.0,208.0,462.0,239.0,10.0,198.0,4.0,0.0,0.0,0.0,0.0,0.0
2025/12/23,07:20:34,0,0.0,210.0,467.0,238.0,8.0,196.0,3.0,1.0,0.0,0.0,0.0,0.0
2025/12/23,07:20:39,0,0.0,205.0,464.0,238.0,8.0,196.0,2.0,0.0,0.0,0.0,0.0,-0.0008
2025/12/23,07:20:44,0,2.0,195.0,462.0,238.0,17.0,196.0,3.0,2.0,0.0,0.0,0.0,0.0
2025/12/23,07:20:49,0,1.0,195.0,459.0,238.0,34.0,196.0,7.0,5.0,0.0,0.0,0.0,0.0
2025/12/23,07:20:54,0,0.0,186.0,462.0,239.0,33.0,196.0,7.0,5.0,0.0,0.0,0.0,0.0
2025/12/23,07:20:59,0,0.0,198.0,462.0,238.0,22.0,198.0,5.0,2.0,0.0,0.0,0.0,0.0
2025/12/23,07:21:04,0,0.0,199.0,462.0,237.0,21.0,196.0,4.0,3.0,0.0,0.0,0.0,0.0
2025/12/23,07:21:09,0,2.0,195.0,461.0,238.0,21.0,197.0,5.0,3.0,0.0,0.0,0.0,-0.0008
2025/12/23,07:21:14,0,1.0,189.0,463.0,236.0,30.0,196.0,7.0,4.0,0.0,0.0,0.0,0.0
2025/12/23,07:21:19,0,0.0,188.0,463.0,238.0,36.0,197.0,9.0,6.0,0.0,0.0,0.0,0.0
2025/12/23,07:21:24,0,0.0,192.0,463.0,238.0,33.0,195.0,8.0,6.0,0.0,0.0,0.0,0.0
2025/12/23,07:21:29,0,0.0,187.0,461.0,238.0,38.0,197.0,8.0,6.0,0.0,0.0,0.0,0.0
2025/12/23,07:21:34,0,0.0,191.0,461.0,237.0,36.0,196.0,8.0,5.0,0.0,0.0,0.0,0.0
2025/12/23,07:21:39,0,0.0,190.0,462.0,238.0,34.0,197.0,7.0,6.0,0.0,0.0,0.0,0.0
2025/12/23,07:21:44,0,0.0,187.0,461.0,238.0,35.0,196.0,8.0,5.0,0.0,0.0,0.0,0.0
2025/12/23,07:21:49,0,0.0,189.0,462.0,238.0,29.0,198.0,6.0,5.0,0.0,0.0,0.0,0.0
2025/12/23,07:21:54,0,0.0,200.0,462.0,238.0,17.0,195.0,4.0,2.0,0.0,0.0,0.0,0.0
2025/12/23,07:21:59,0,0.0,204.0,463.0,237.0,11.0,196.0,2.0,1.0,0.0,0.0,0.0,-0.0008
2025/12/23,07:22:04,0,0.0,204.0,463.0,238.0,9.0,198.0,2.0,2.0,0.0,0.0,0.0,0.0
2025/12/23,07:22:09,0,0.0,207.0,462.0,238.0,10.0,198.0,2.0,1.0,0.0,0.0,0.0,0.0
2025/12/23,07:22:14,0,0.0,193.0,463.0,238.0,17.0,198.0,3.0,2.0,0.0,0.0,0.0,0.0
2025/12/23,07:22:19,0,0.0,189.0,462.0,238.0,32.0,198.0,7.0,5.0,0.0,0.0,0.0,0.0
2025/12/23,07:22:24,0,0.0,193.0,462.0,239.0,34.0,198.0,7.0,5.0,0.0,0.0,0.0,0.0
2025/12/23,07:22:29,0,0.0,187.0,462.0,238.0,36.0,196.0,8.0,6.0,0.0,0.0,0.0,0.0
2025/12/23,07:22:34,0,0.0,201.0,463.0,238.0,12.0,198.0,4.0,2.0,0.0,0.0,0.0,0.0
2025/12/23,07:22:39,0,0.0,194.0,462.0,236.0,10.0,196.0,2.0,1.0,0.0,0.0,0.0,0.0
2025/12/23,07:22:44,0,0.0,188.0,461.0,237.0,36.0,198.0,8.0,6.0,0.0,0.0,0.0,0.0
2025/12/23,07:22:49,0,0.0,211.0,462.0,237.0,7.0,195.0,2.0,0.0,0.0,0.0,0.0,0.0
2025/12/23,07:22:54,0,0.0,192.0,461.0,238.0,28.0,196.0,6.0,4.0,0.0,0.0,0.0,0.0
2025/12/23,07:22:59,0,0.0,188.0,462.0,238.0,36.0,197.0,7.0,6.0,0.0,0.0,0.0,0.0
2025/12/23,07:23:04,0,0.0,186.0,461.0,238.0,35.0,196.0,7.0,5.0,0.0,0.0,0.0,0.0
2025/12/23,07:23:09,0,0.0,188.0,461.0,238.0,34.0,198.0,7.0,6.0,0.0,0.0,0.0,0.0
2025/12/23,07:23:14,0,2.0,190.0,461.0,238.0,35.0,197.0,7.0,5.0,0.0,0.0,0.0,0.0
2025/12/23,07:23:19,0,0.0,195.0,462.0,238.0,7.0,197.0,1.0,1.0,0.0,0.0,0.0,0.0
2025/12/23,07:23:24,0,0.0,202.0,463.0,238.0,14.0,198.0,5.0,2.0,0.0,0.0,0.0,-0.0008
2025/12/23,07:23:29,0,0.0,192.0,459.0,238.0,36.0,196.0,7.0,5.0,0.0,0.0,0.0,0.0
2025/12/23,07:23:34,0,1.0,194.0,462.0,236.0,8.0,198.0,1.0,1.0,0.0,0.0,0.0,0.0
2025/12/23,07:23:39,0,0.0,204.0,463.0,238.0,12.0,196.0,4.0,1.0,0.0,0.0,0.0,0.0
2025/12/23,07:23:44,0,0.0,194.0,461.0,238.0,34.0,197.0,7.0,5.0,0.0,0.0,0.0,0.0
2025/12/23,07:23:49,0,0.0,207.0,463.0,239.0,7.0,196.0,2.0,1.0,0.0,0.0,0.0,0.0
2025/12/23,07:23:54,0,1.0,191.0,461.0,238.0,29.0,198.0,6.0,5.0,0.0,0.0,0.0,0.0
2025/12/23,07:23:59,0,1.0,199.0,462.0,238.0,16.0,197.0,5.0,2.0,0.0,0.0,0.0,0.0
2025/12/23,07:24:04,0,1.0,189.0,461.0,238.0,32.0,198.0,7.0,5.0,0.0,0.0,-0.0008,0.0
2025/12/23,07:24:09,0,0.0,208.0,462.0,238.0,7.0,198.0,2.0,1.0,0.0,0.0,0.0,0.0
2025/12/23,07:24:14,0,1.0,191.0,461.0,238.0,36.0,196.0,7.0,5.0,0.0,0.0,0.0,0.0
2025/12/23,07:24:19,0,0.0,192.0,462.0,238.0,21.0,198.0,4.0,3.0,0.0,0.0,0.0,0.0
2025/12/23,07:24:24,0,0.0,206.0,463.0,238.0,6.0,197.0,1.0,1.0,0.0,0.0,0.0,0.0
2025/12/23,07:24:29,0,0.0,198.0,462.0,238.0,17.0,197.0,4.0,2.0,0.0,0.0,0.0,0.0
2025/12/23,07:24:34,0,0.0,184.0,460.0,238.0,35.0,195.0,8.0,5.0,0.0,0.0,0.0,0.0
2025/12/23,07:24:39,0,0.0,188.0,461.0,238.0,36.0,198.0,7.0,5.0,0.0,0.0,0.0,0.0
2025/12/23,07:24:44,0,1.0,203.0,461.0,238.0,6.0,197.0,2.0,1.0,0.0,0.0,0.0,0.0
2025/12/23,07:24:49,0,1.0,186.0,459.0,238.0,36.0,196.0,8.0,6.0,0.0,0.0,0.0,0.0
2025/12/23,07:24:54,0,2.0,193.0,459.0,238.0,11.0,198.0,3.0,1.0,0.0,0.0,0.0,0.0
2025/12/23,07:24:59,0,0.0,207.0,461.0,238.0,9.0,198.0,2.0,0.0,0.0,0.0,0.0,0.0
2025/12/23,07:25:04,0,1.0,194.0,462.0,237.0,23.0,196.0,5.0,3.0,0.0,0.0,0.0,0.0
2025/12/23,07:25:09,0,1.0,185.0,461.0,239.0,32.0,196.0,7.0,5.0,0.0,0.0,0.0,-0.0008
2025/12/23,07:25:14,0,1.0,191.0,461.0,238.0,28.0,198.0,6.0,5.0,0.0,0.0,0.0,0.0
2025/12/23,07:25:19,0,0.0,200.0,462.0,238.0,11.0,196.0,4.0,1.0,0.0,0.0,0.0,-0.0008
2025/12/23,07:25:24,0,1.0,206.0,461.0,238.0,6.0,196.0,2.0,1.0,0.0,0.0,0.0,0.0
2025/12/23,07:25:29,0,0.0,191.0,458.0,238.0,29.0,196.0,6.0,4.0,0.0,0.0,0.0,0.0
2025/12/23,07:25:34,0,1.0,189.0,462.0,238.0,28.0,197.0,6.0,4.0,0.0,0.0,0.0,0.0
2025/12/23,07:25:39,0,0.0,197.0,463.0,238.0,8.0,197.0,1.0,2.0,0.0,0.0,0.0,0.0
2025/12/23,07:25:44,0,1.0,185.0,461.0,238.0,37.0,197.0,8.0,6.0,0.0,0.0,0.0,0.0
2025/12/23,07:25:49,0,0.0,205.0,462.0,237.0,6.0,195.0,2.0,1.0,0.0,0.0,0.0,0.0
2025/12/23,07:25:54,0,0.0,189.0,461.0,238.0,32.0,197.0,7.0,5.0,0.0,0.0,0.0,0.0
2025/12/23,07:25:59,0,0.0,197.0,462.0,238.0,17.0,198.0,4.0,3.0,0.0,0.0,0.0,0.0
2025/12/23,07:26:04,0,0.0,191.0,461.0,238.0,24.0,197.0,5.0,4.0,0.0,0.0,0.0,0.0
2025/12/23,07:26:09,0,7.0,203.0,461.0,238.0,11.0,195.0,3.0,2.0,0.0,0.0,0.0,0.0
2025/12/23,07:26:14,0,0.0,190.0,461.0,238.0,31.0,197.0,5.0,5.0,0.0,0.0,0.0,0.0
2025/12/23,07:26:19,0,1.0,198.0,462.0,237.0,16.0,196.0,4.0,3.0,0.0,0.0,0.0,0.0
2025/12/23,07:26:24,0,2.0,194.0,463.0,239.0,12.0,197.0,3.0,1.0,0.0,0.0,0.0,0.0
2025/12/23,07:26:29,0,3.0,188.0,460.0,238.0,34.0,196.0,7.0,5.0,0.0,0.0,0.0,0.0
2025/12/23,07:26:34,0,6.0,190.0,459.0,238.0,22.0,198.0,6.0,4.0,0.0,0.0,0.0,0.0
2025/12/23,07:26:39,0,0.0,208.0,462.0,236.0,7.0,196.0,2.0,2.0,0.0,0.0,0.0,0.0
2025/12/23,07:26:44,0,3.0,202.0,465.0,238.0,7.0,197.0,1.0,1.0,0.0,0.0,0.0,0.0
2025/12/23,07:26:49,0,3.0,193.0,461.0,237.0,29.0,196.0,6.0,4.0,0.0,0.0,0.0,0.0
2025/12/23,07:26:54,0,3.0,186.0,462.0,236.0,34.0,198.0,7.0,6.0,0.0,0.0,0.0,0.0
2025/12/23,07:26:59,0,4.0,209.0,462.0,237.0,7.0,196.0,2.0,1.0,0.0,0.0,0.0,-0.0008
2025/12/23,07:27:04,0,2.0,192.0,461.0,236.0,17.0,196.0,3.0,2.0,0.0,0.0,0.0,0.0
2025/12/23,07:27:09,0,2.0,193.0,458.0,238.0,34.0,197.0,7.0,5.0,0.0,0.0,0.0,0.0
2025/12/23,07:27:14,0,2.0,206.0,462.0,238.0,9.0,198.0,2.0,1.0,0.0,0.0,0.0,0.0
2025/12/23,07:27:19,0,0.0,195.0,462.0,237.0,16.0,197.0,3.0,2.0,0.0,0.0,0.0,0.0
2025/12/23,07:27:24,0,0.0,187.0,460.0,238.0,35.0,196.0,7.0,5.0,0.0,0.0,0.0,0.0
2025/12/23,07:27:29,0,0.0,199.0,462.0,237.0,6.0,195.0,2.0,1.0,0.0,0.0,0.0,0.0
2025/12/23,07:27:34,0,1.0,186.0,461.0,237.0,35.0,196.0,8.0,5.0,0.0,0.0,0.0,0.0
2025/12/23,07:27:39,0,1.0,196.0,462.0,238.0,6.0,196.0,2.0,1.0,0.0,0.0,0.0,0.0
2025/12/23,07:27:44,0,0.0,190.0,461.0,238.0,27.0,197.0,6.0,5.0,0.0,0.0,0.0,0.0
2025/12/23,07:27:49,0,0.0,193.0,463.0,236.0,20.0,195.0,4.0,1.0,0.0,0.0,0.0,-0.0008
2025/12/23,07:27:54,0,3.0,196.0,462.0,238.0,20.0,197.0,4.0,3.0,0.0,0.0,0.0,0.0
2025/12/23,07:27:59,0,4.0,193.0,461.0,238.0,24.0,198.0,5.0,4.0,0.0,0.0,0.0,0.0
2025/12/23,07:28:04,0,5.0,205.0,462.0,237.0,4.0,197.0,1.0,1.0,0.0,0.0,0.0,0.0
2025/12/23,07:28:09,0,3.0,194.0,461.0,239.0,36.0,196.0,8.0,5.0,0.0,0.0,0.0,0.0
2025/12/23,07:28:14,0,1.0,210.0,462.0,238.0,6.0,197.0,2.0,1.0,0.0,0.0,0.0,0.0
2025/12/23,07:28:19,0,2.0,189.0,461.0,238.0,34.0,196.0,7.0,6.0,0.0,0.0,0.0,-0.0008
2025/12/23,07:28:24,0,1.0,194.0,462.0,238.0,7.0,198.0,2.0,2.0,0.0,0.0,0.0,-0.0008
2025/12/23,07:28:55,0,5.0,193.0,461.0,238.0,38.0,196.0,8.0,6.0,0.0,0.0,0.0,0.0
2025/12/23,07:28:59,0,2.0,193.0,463.0,239.0,13.0,196.0,3.0,1.0,0.0,0.0,0.0,0.0
2025/12/23,07:29:04,0,1.0,197.0,459.0,238.0,20.0,197.0,4.0,3.0,0.0,0.0,0.0,0.0
2025/12/23,07:29:09,0,1.0,188.0,461.0,238.0,32.0,197.0,7.0,5.0,0.0,0.0,0.0,0.0
2025/12/23,07:29:14,0,1.0,201.0,463.0,237.0,5.0,195.0,1.0,1.0,0.0,0.0,0.0,0.0
2025/12/23,07:29:19,0,4.0,198.0,461.0,238.0,18.0,196.0,5.0,3.0,0.0,0.0,0.0,0.0
2025/12/23,07:29:24,0,1.0,192.0,460.0,238.0,35.0,196.0,7.0,6.0,0.0,0.0,0.0,0.0
2025/12/23,07:29:29,0,0.0,195.0,462.0,239.0,32.0,196.0,7.0,6.0,0.0,0.0,0.0,0.0
2025/12/23,07:29:34,0,0.0,192.0,460.0,238.0,34.0,196.0,7.0,5.0,0.0,0.0,0.0,0.0
2025/12/23,07:29:39,0,0.0,193.0,461.0,238.0,32.0,197.0,7.0,5.0,0.0,0.0,0.0,0.0
2025/12/23,07:29:44,0,0.0,193.0,462.0,238.0,35.0,196.0,7.0,5.0,0.0,0.0,0.0,0.0
2025/12/23,07:29:49,0,0.0,193.0,462.0,238.0,15.0,197.0,3.0,3.0,0.0,0.0,0.0,-0.0008
2025/12/23,07:29:54,0,0.0,211.0,463.0,238.0,5.0,196.0,1.0,0.0,0.0,0.0,0.0,0.0
2025/12/23,07:29:59,0,0.0,196.0,462.0,238.0,20.0,195.0,5.0,3.0,0.0,0.0,0.0,0.0
2025/12/23,07:30:04,0,0.0,186.0,462.0,238.0,33.0,195.0,7.0,6.0,0.0,0.0,0.0,0.0
2025/12/23,07:30:09,0,0.0,195.0,462.0,238.0,34.0,195.0,7.0,5.0,0.0,0.0,0.0,0.0
2025/12/23,07:30:14,0,0.0,191.0,462.0,237.0,29.0,195.0,7.0,5.0,0.0,0.0,0.0,0.0
2025/12/23,07:30:19,0,0.0,193.0,462.0,238.0,18.0,196.0,3.0,3.0,0.0,0.0,0.0,0.0
2025/12/23,07:30:24,0,0.0,195.0,460.0,239.0,5.0,196.0,1.0,0.0,0.0,0.0,0.0,0.0
2025/12/23,07:30:29,0,0.0,202.0,462.0,238.0,8.0,197.0,3.0,1.0,0.0,0.0,0.0,0.0
2025/12/23,07:30:34,0,0.0,206.0,462.0,236.0,6.0,196.0,2.0,1.0,0.0,0.0,0.0,0.0
2025/12/23,07:30:39,0,0.0,191.0,462.0,241.0,24.0,195.0,6.0,3.0,0.0,0.0,0.0,0.0
2025/12/23,07:30:44,0,0.0,191.0,461.0,238.0,36.0,196.0,6.0,6.0,0.0,0.0,0.0,0.0
2025/12/23,07:30:49,0,0.0,193.0,461.0,238.0,28.0,197.0,5.0,4.0,0.0,0.0,0.0,0.0
2025/12/23,07:30:54,0,0.0,197.0,463.0,238.0,6.0,196.0,1.0,1.0,0.0,0.0,0.0,0.0
2025/12/23,07:30:59,0,0.0,207.0,463.0,238.0,8.0,196.0,3.0,1.0,0.0,0.0,0.0,-0.0008
2025/12/23,07:31:04,0,0.0,209.0,461.0,238.0,8.0,196.0,0.0,0.0,0.0,0.0,0.0,0.0
2025/12/23,07:31:09,0,0.0,190.0,459.0,238.0,25.0,197.0,5.0,4.0,0.0,0.0,0.0,0.0
2025/12/23,07:31:14,0,0.0,194.0,462.0,238.0,33.0,196.0,7.0,5.0,0.0,0.0,0.0,0.0
2025/12/23,07:31:19,0,0.0,190.0,461.0,238.0,28.0,196.0,5.0,4.0,0.0,0.0,0.0,0.0
2025/12/23,07:31:24,0,0.0,192.0,463.0,238.0,16.0,196.0,3.0,2.0,0.0,0.0,0.0,0.0
2025/12/23,07:31:29,0,0.0,192.0,462.0,238.0,12.0,197.0,2.0,2.0,0.0,0.0,0.0,0.0
2025/12/23,07:31:34,0,1.0,194.0,462.0,238.0,7.0,196.0,2.0,1.0,0.0,0.0,0.0,-0.0008
2025/12/23,07:31:39,0,0.0,199.0,464.0,238.0,5.0,195.0,2.0,1.0,0.0,0.0,0.0,0.0
2025/12/23,07:31:44,0,0.0,207.0,462.0,238.0,10.0,196.0,2.0,1.0,0.0,0.0,0.0,0.0
2025/12/23,07:31:49,0,0.0,191.0,462.0,239.0,37.0,195.0,9.0,7.0,0.0,0.0,0.0,0.0
2025/12/23,07:31:54,0,0.0,192.0,461.0,238.0,34.0,197.0,7.0,5.0,0.0,0.0,0.0,0.0
2025/12/23,07:31:59,0,1.0,191.0,462.0,236.0,20.0,195.0,5.0,3.0,0.0,0.0,0.0,-0.0008
2025/12/23,07:32:04,0,0.0,201.0,462.0,239.0,4.0,196.0,2.0,1.0,0.0,0.0,0.0,0.0
2025/12/23,07:32:09,0,0.0,208.0,461.0,238.0,5.0,195.0,2.0,1.0,0.0,0.0,0.0,0.0
2025/12/23,07:32:14,0,0.0,196.0,460.0,238.0,18.0,195.0,5.0,3.0,0.0,0.0,0.0,0.0
2025/12/23,07:32:19,0,0.0,185.0,459.0,238.0,33.0,195.0,7.0,6.0,0.0,0.0,0.0,0.0
2025/12/23,07:32:24,0,0.0,190.0,460.0,238.0,34.0,197.0,6.0,5.0,0.0,0.0,0.0,-0.0008
2025/12/23,07:32:29,0,0.0,192.0,461.0,238.0,26.0,197.0,5.0,4.0,0.0,0.0,0.0,0.0
2025/12/23,07:32:34,0,0.0,206.0,463.0,238.0,7.0,196.0,2.0,1.0,0.0,0.0,0.0,0.0
2025/12/23,07:32:39,0,0.0,192.0,462.0,238.0,22.0,197.0,5.0,3.0,0.0,0.0,0.0,0.0
2025/12/23,07:32:44,0,0.0,190.0,459.0,238.0,34.0,196.0,7.0,6.0,0.0,0.0,0.0,0.0
2025/12/23,07:32:49,0,0.0,189.0,459.0,238.0,33.0,196.0,7.0,6.0,0.0,0.0,0.0,0.0
2025/12/23,07:32:54,0,0.0,194.0,462.0,238.0,15.0,196.0,4.0,3.0,0.0,0.0,0.0,-0.0008
2025/12/23,07:32:59,0,0.0,196.0,461.0,238.0,5.0,197.0,1.0,1.0,0.0,0.0,0.0,0.0
2025/12/23,07:33:04,0,0.0,206.0,462.0,237.0,8.0,195.0,3.0,1.0,0.0,0.0,0.0,0.0
2025/12/23,07:33:09,0,0.0,207.0,462.0,238.0,10.0,196.0,1.0,1.0,0.0,0.0,0.0,0.0
2025/12/23,07:33:14,0,0.0,185.0,461.0,238.0,36.0,196.0,7.0,5.0,0.0,0.0,0.0,0.0
2025/12/23,07:33:19,0,0.0,192.0,461.0,238.0,32.0,196.0,6.0,6.0,0.0,0.0,0.0,0.0
2025/12/23,07:33:24,0,0.0,193.0,461.0,238.0,13.0,196.0,3.0,2.0,0.0,0.0,0.0,0.0
2025/12/23,07:33:29,0,0.0,200.0,462.0,238.0,4.0,196.0,1.0,1.0,0.0,0.0,0.0,0.0
2025/12/23,07:33:34,0,0.0,210.0,461.0,238.0,8.0,197.0,3.0,2.0,0.0,0.0,0.0,0.0
2025/12/23,07:33:39,0,0.0,200.0,462.0,238.0,11.0,196.0,3.0,2.0,0.0,0.0,0.0,0.0
2025/12/23,07:33:44,0,0.0,185.0,461.0,237.0,33.0,196.0,6.0,5.0,0.0,0.0,0.0,0.0
2025/12/23,07:33:49,0,0.0,193.0,460.0,237.0,32.0,195.0,6.0,4.0,0.0,0.0,0.0,-0.0008
2025/12/23,07:33:54,0,0.0,191.0,461.0,238.0,22.0,196.0,5.0,4.0,0.0,0.0,0.0,0.0
2025/12/23,07:33:59,0,0.0,206.0,463.0,238.0,4.0,196.0,2.0,1.0,0.0,0.0,0.0,0.0
2025/12/23,07:34:04,0,0.0,190.0,461.0,237.0,26.0,196.0,6.0,4.0,0.0,0.0,0.0,0.0
2025/12/23,07:34:09,0,0.0,190.0,460.0,238.0,30.0,197.0,6.0,5.0,0.0,0.0,0.0,0.0
2025/12/23,07:34:14,0,1.0,212.0,463.0,238.0,4.0,198.0,1.0,1.0,0.0,0.0,0.0,0.0
2025/12/23,07:34:19,0,0.0,194.0,461.0,238.0,36.0,197.0,8.0,6.0,0.0,0.0,0.0,0.0
2025/12/23,07:34:24,0,0.0,202.0,463.0,238.0,3.0,196.0,1.0,0.0,0.0,0.0,0.0,0.0
2025/12/23,07:34:29,0,0.0,187.0,462.0,239.0,35.0,197.0,7.0,6.0,0.0,0.0,0.0,0.0
2025/12/23,07:34:34,0,0.0,195.0,463.0,238.0,5.0,196.0,2.0,1.0,0.0,0.0,0.0,0.0
2025/12/23,07:34:39,0,0.0,184.0,462.0,239.0,30.0,197.0,7.0,5.0,0.0,0.0,0.0,0.0
2025/12/23,07:34:44,0,0.0,195.0,464.0,238.0,6.0,196.0,1.0,0.0,0.0,0.0,0.0,0.0
2025/12/23,07:34:49,0,0.0,186.0,461.0,238.0,34.0,197.0,7.0,6.0,0.0,0.0,0.0,0.0
2025/12/23,07:34:54,0,0.0,195.0,463.0,238.0,3.0,197.0,1.0,1.0,0.0,0.0,0.0,0.0
2025/12/23,07:34:59,0,0.0,186.0,460.0,236.0,30.0,196.0,7.0,5.0,0.0,0.0,0.0,0.0
2025/12/23,07:35:04,0,0.0,193.0,462.0,238.0,12.0,195.0,2.0,2.0,0.0,0.0,0.0,0.0
2025/12/23,07:35:09,0,4.0,187.0,460.0,238.0,32.0,196.0,6.0,6.0,0.0,0.0,0.0,0.0
2025/12/23,07:35:14,0,0.0,195.0,463.0,238.0,10.0,197.0,2.0,2.0,0.0,0.0,0.0,0.0
2025/12/23,07:35:19,0,0.0,189.0,461.0,239.0,21.0,198.0,5.0,4.0,0.0,0.0,0.0,0.0
2025/12/23,07:35:24,0,1.0,191.0,462.0,239.0,26.0,198.0,5.0,4.0,0.0,0.0,0.0,0.0
2025/12/23,07:35:29,0,0.0,210.0,460.0,238.0,6.0,196.0,1.0,1.0,0.0,0.0,0.0,0.0
2025/12/23,07:35:34,0,0.0,185.0,460.0,239.0,37.0,195.0,8.0,5.0,0.0,0.0,0.0,0.0
2025/12/23,07:35:39,0,1.0,192.0,463.0,239.0,8.0,196.0,1.0,2.0,0.0,0.0,0.0,-0.0008
2025/12/23,07:35:44,0,0.0,200.0,463.0,238.0,13.0,196.0,3.0,3.0,0.0,0.0,0.0,0.0
2025/12/23,07:35:49,0,0.0,191.0,461.0,239.0,35.0,196.0,7.0,6.0,0.0,0.0,0.0,0.0
2025/12/23,07:35:54,0,0.0,194.0,461.0,239.0,14.0,194.0,3.0,3.0,0.0,0.0,0.0,0.0
2025/12/23,07:35:59,0,0.0,210.0,459.0,238.0,6.0,197.0,2.0,1.0,0.0,0.0,0.0,0.0
2025/12/23,07:36:04,0,0.0,186.0,462.0,239.0,30.0,196.0,6.0,5.0,0.0,0.0,0.0,0.0
2025/12/23,07:36:09,0,0.0,192.0,462.0,239.0,35.0,196.0,7.0,6.0,0.0,0.0,0.0,0.0
2025/12/23,07:36:14,0,0.0,195.0,462.0,238.0,5.0,196.0,1.0,1.0,0.0,0.0,0.0,0.0
2025/12/23,07:36:19,0,1.0,210.0,462.0,239.0,9.0,197.0,3.0,2.0,0.0,0.0,0.0,0.0
2025/12/23,07:36:24,0,0.0,204.0,462.0,238.0,8.0,197.0,1.0,2.0,0.0,0.0,0.0,0.0
2025/12/23,07:36:29,0,2.0,188.0,461.0,238.0,30.0,197.0,6.0,5.0,0.0,0.0,0.0,0.0
2025/12/23,07:36:34,0,0.0,194.0,461.0,238.0,34.0,197.0,6.0,6.0,0.0,0.0,0.0,0.0
2025/12/23,07:36:39,0,0.0,193.0,462.0,239.0,9.0,197.0,1.0,2.0,0.0,0.0,0.0,0.0
2025/12/23,07:36:44,0,1.0,208.0,463.0,239.0,6.0,195.0,3.0,1.0,0.0,0.0,0.0,0.0
2025/12/23,07:36:49,0,0.0,185.0,461.0,238.0,33.0,197.0,6.0,5.0,0.0,0.0,0.0,0.0
2025/12/23,07:36:54,0,0.0,194.0,461.0,238.0,33.0,195.0,7.0,5.0,0.0,0.0,0.0,-0.0008
2025/12/23,07:36:59,0,0.0,188.0,461.0,238.0,34.0,195.0,7.0,5.0,0.0,0.0,0.0,0.0
2025/12/23,07:37:04,0,0.0,194.0,462.0,239.0,9.0,197.0,2.0,2.0,0.0,0.0,0.0,0.0
2025/12/23,07:37:09,0,0.0,210.0,462.0,238.0,5.0,196.0,2.0,1.0,0.0,0.0,0.0,0.0
2025/12/23,07:37:14,0,0.0,189.0,459.0,239.0,35.0,197.0,7.0,6.0,0.0,0.0,0.0,0.0
2025/12/23,07:37:19,0,0.0,193.0,462.0,238.0,18.0,196.0,4.0,3.0,0.0,0.0,0.0,0.0
2025/12/23,07:37:57,0,0.0,193.0,460.0,237.0,40.0,195.0,9.0,7.0,0.0,0.0,0.0,0.0
2025/12/23,07:38:02,0,0.0,193.0,460.0,239.0,18.0,196.0,4.0,3.0,0.0,0.0,0.0,0.0
2025/12/23,07:38:07,0,0.0,211.0,462.0,238.0,8.0,197.0,2.0,1.0,0.0,0.0,0.0,0.0
2025/12/23,07:38:12,0,0.0,188.0,461.0,238.0,34.0,197.0,7.0,6.0,0.0,0.0,0.0,0.0
2025/12/23,07:38:17,0,0.0,192.0,460.0,239.0,27.0,196.0,5.0,4.0,0.0,0.0,0.0,0.0
2025/12/23,07:38:22,0,0.0,203.0,462.0,239.0,4.0,197.0,1.0,1.0,0.0,0.0,0.0,0.0
2025/12/23,07:38:27,0,0.0,206.0,462.0,239.0,11.0,197.0,3.0,2.0,0.0,0.0,0.0,0.0
2025/12/23,07:38:32,0,0.0,183.0,460.0,239.0,32.0,197.0,6.0,5.0,0.0,0.0,0.0,0.0
2025/12/23,07:38:59,0,0.0,194.0,461.0,238.0,39.0,197.0,8.0,6.0,0.0,0.0,0.0,0.0
2025/12/23,07:39:01,0,0.0,200.0,462.0,238.0,1.0,196.0,1.0,1.0,0.0,0.0,0.0,0.0
2025/12/23,07:39:06,0,0.0,209.0,462.0,239.0,3.0,198.0,2.0,1.0,0.0,0.0,0.0,0.0
2025/12/23,07:39:11,0,0.0,184.0,461.0,238.0,30.0,198.0,6.0,6.0,0.0,0.0,0.0,0.0
2025/12/23,07:39:16,0,0.0,196.0,461.0,238.0,32.0,197.0,6.0,6.0,0.0,0.0,0.0,0.0
2025/12/23,07:39:21,0,0.0,193.0,461.0,239.0,17.0,198.0,4.0,3.0,0.0,0.0,0.0,0.0
2025/12/23,07:39:26,0,0.0,208.0,462.0,239.0,5.0,196.0,2.0,1.0,0.0,0.0,0.0,0.0
2025/12/23,07:39:31,0,0.0,191.0,461.0,239.0,21.0,197.0,5.0,4.0,0.0,0.0,0.0,0.0
2025/12/23,07:39:36,0,0.0,194.0,461.0,239.0,32.0,197.0,6.0,6.0,0.0,0.0,0.0,0.0
2025/12/23,07:39:41,0,0.0,192.0,459.0,239.0,21.0,195.0,5.0,3.0,0.0,0.0,0.0,0.0
2025/12/23,07:39:46,0,0.0,208.0,462.0,238.0,6.0,197.0,1.0,1.0,0.0,0.0,0.0,0.0
2025/12/23,07:39:51,0,0.0,194.0,461.0,237.0,21.0,197.0,5.0,3.0,0.0,0.0,0.0,0.0
2025/12/23,07:39:56,0,0.0,189.0,461.0,239.0,30.0,196.0,6.0,6.0,0.0,0.0,0.0,0.0
2025/12/23,07:40:01,0,0.0,215.0,462.0,237.0,5.0,195.0,2.0,1.0,0.0,0.0,0.0,0.0
2025/12/23,07:40:06,0,0.0,189.0,461.0,239.0,33.0,197.0,7.0,5.0,0.0,0.0,0.0,0.0
2025/12/23,07:40:11,0,0.0,206.0,462.0,239.0,6.0,197.0,2.0,2.0,0.0,0.0,0.0,0.0
2025/12/23,07:40:16,0,1.0,192.0,462.0,238.0,9.0,197.0,3.0,2.0,0.0,0.0,0.0,0.0
2025/12/23,07:40:21,0,0.0,189.0,461.0,238.0,32.0,197.0,6.0,6.0,0.0,0.0,0.0,0.0
2025/12/23,07:40:26,0,0.0,209.0,461.0,239.0,4.0,198.0,1.0,1.0,0.0,0.0,0.0,0.0
2025/12/23,07:40:31,0,0.0,192.0,461.0,239.0,29.0,197.0,6.0,5.0,0.0,0.0,0.0,0.0
2025/12/23,07:40:36,0,0.0,188.0,460.0,239.0,29.0,196.0,6.0,5.0,0.0,0.0,0.0,0.0
2025/12/23,07:40:41,0,0.0,212.0,463.0,239.0,6.0,197.0,1.0,1.0,0.0,0.0,0.0,0.0
2025/12/23,07:40:46,0,0.0,214.0,462.0,239.0,7.0,198.0,2.0,2.0,0.0,0.0,0.0,0.0
2025/12/23,07:40:51,0,1.0,205.0,461.0,239.0,8.0,198.0,2.0,1.0,0.0,0.0,0.0,0.0
2025/12/23,07:40:56,0,0.0,187.0,458.0,239.0,30.0,195.0,6.0,4.0,0.0,0.0,0.0,0.0
2025/12/23,07:41:01,0,0.0,190.0,461.0,239.0,30.0,198.0,6.0,5.0,0.0,0.0,0.0,0.0
2025/12/23,07:41:06,0,0.0,207.0,462.0,238.0,8.0,197.0,1.0,1.0,0.0,0.0,0.0,0.0
2025/12/23,07:41:11,0,0.0,191.0,461.0,238.0,33.0,197.0,7.0,6.0,0.0,0.0,0.0,0.0
2025/12/23,07:41:16,0,0.0,214.0,463.0,239.0,5.0,197.0,1.0,1.0,0.0,0.0,0.0,0.0
2025/12/23,07:41:21,0,0.0,193.0,460.0,239.0,36.0,197.0,8.0,6.0,0.0,0.0,0.0,0.0
2025/12/23,07:41:26,0,0.0,194.0,461.0,238.0,6.0,196.0,1.0,1.0,0.0,0.0,0.0,0.0
2025/12/23,07:41:31,0,0.0,208.0,460.0,238.0,8.0,196.0,2.0,1.0,0.0,0.0,0.0,0.0
2025/12/23,07:41:36,0,0.0,194.0,459.0,239.0,22.0,196.0,5.0,3.0,0.0,0.0,0.0,0.0
2025/12/23,07:41:41,0,0.0,186.0,461.0,239.0,32.0,196.0,7.0,6.0,0.0,0.0,0.0,0.0
2025/12/23,07:41:46,0,0.0,190.0,460.0,239.0,32.0,197.0,7.0,6.0,0.0,0.0,0.0,0.0
2025/12/23,07:41:51,0,0.0,198.0,463.0,239.0,10.0,197.0,2.0,3.0,0.0,0.0,0.0,0.0
2025/12/23,07:41:56,0,0.0,191.0,461.0,239.0,33.0,197.0,7.0,5.0,0.0,0.0,0.0,0.0
2025/12/23,07:42:01,0,0.0,194.0,462.0,238.0,3.0,195.0,1.0,1.0,0.0,0.0,-0.0008,0.0
2025/12/23,07:42:06,0,0.0,194.0,462.0,238.0,17.0,197.0,4.0,3.0,0.0,0.0,0.0,0.0
2025/12/23,07:42:11,0,1.0,194.0,461.0,239.0,18.0,197.0,3.0,3.0,0.0,0.0,0.0,-0.0008
2025/12/23,07:42:16,0,0.0,192.0,462.0,239.0,24.0,197.0,4.0,4.0,0.0,0.0,0.0,0.0
2025/12/23,07:42:21,0,0.0,190.0,461.0,238.0,26.0,198.0,5.0,4.0,0.0,0.0,0.0,0.0
2025/12/23,07:42:26,0,0.0,214.0,463.0,238.0,4.0,197.0,2.0,1.0,0.0,0.0,0.0,-0.0008
2025/12/23,07:42:31,0,1.0,192.0,460.0,238.0,32.0,196.0,6.0,5.0,0.0,0.0,0.0,0.0
2025/12/23,07:42:36,0,1.0,206.0,462.0,238.0,3.0,196.0,1.0,0.0,0.0,0.0,0.0,0.0
2025/12/23,07:42:41,0,0.0,187.0,460.0,238.0,35.0,196.0,7.0,6.0,0.0,0.0,0.0,0.0
2025/12/23,07:42:46,0,0.0,191.0,462.0,239.0,26.0,197.0,5.0,5.0,0.0,0.0,0.0,0.0
2025/12/23,07:42:51,0,0.0,202.0,462.0,238.0,3.0,197.0,0.0,1.0,0.0,0.0,0.0,0.0
2025/12/23,07:42:56,0,3.0,211.0,462.0,239.0,5.0,196.0,2.0,1.0,0.0,0.0,0.0,0.0
2025/12/23,07:43:01,0,0.0,195.0,462.0,239.0,20.0,196.0,4.0,4.0,0.0,0.0,0.0,0.0
2025/12/23,07:43:06,0,0.0,194.0,461.0,239.0,32.0,197.0,6.0,6.0,0.0,0.0,0.0,0.0
2025/12/23,07:43:11,0,0.0,200.0,460.0,239.0,3.0,197.0,1.0,1.0,0.0,0.0,0.0,0.0
2025/12/23,07:43:16,0,0.0,186.0,461.0,239.0,34.0,197.0,7.0,6.0,0.0,0.0,0.0,0.0
2025/12/23,07:43:21,0,0.0,194.0,462.0,238.0,7.0,197.0,1.0,1.0,0.0,0.0,0.0,0.0
2025/12/23,07:43:26,0,0.0,204.0,462.0,239.0,8.0,196.0,2.0,2.0,0.0,0.0,0.0,-0.0008
2025/12/23,07:43:31,0,0.0,191.0,460.0,238.0,32.0,196.0,6.0,6.0,0.0,0.0,0.0,0.0
2025/12/23,07:43:36,0,0.0,194.0,462.0,237.0,4.0,195.0,1.0,1.0,0.0,0.0,0.0,0.0
2025/12/23,07:43:41,0,0.0,199.0,462.0,237.0,14.0,196.0,3.0,2.0,0.0,0.0,0.0,0.0
2025/12/23,07:43:46,0,0.0,191.0,461.0,238.0,24.0,195.0,5.0,4.0,0.0,0.0,0.0,0.0
2025/12/23,07:43:51,0,0.0,196.0,461.0,238.0,20.0,196.0,6.0,4.0,0.0,0.0,0.0,-0.0008
2025/12/23,07:43:56,0,0.0,195.0,462.0,238.0,7.0,197.0,2.0,2.0,0.0,0.0,0.0,0.0
2025/12/23,07:44:01,0,0.0,191.0,459.0,239.0,22.0,196.0,5.0,3.0,0.0,0.0,0.0,0.0
2025/12/23,07:44:06,0,0.0,193.0,462.0,239.0,21.0,197.0,4.0,3.0,0.0,0.0,0.0,0.0
2025/12/23,07:44:11,0,0.0,205.0,461.0,239.0,7.0,197.0,2.0,2.0,0.0,0.0,0.0,0.0
2025/12/23,07:44:16,0,2.0,193.0,461.0,237.0,31.0,196.0,6.0,5.0,0.0,0.0,0.0,0.0
2025/12/23,07:44:21,0,1.0,209.0,462.0,238.0,4.0,197.0,1.0,1.0,0.0,0.0,0.0,0.0
2025/12/23,07:44:26,0,0.0,193.0,460.0,237.0,33.0,196.0,7.0,6.0,0.0,0.0,0.0,0.0
2025/12/23,07:44:31,0,3.0,202.0,462.0,239.0,8.0,196.0,2.0,3.0,0.0,0.0,0.0,0.0
2025/12/23,07:44:36,0,0.0,194.0,462.0,236.0,14.0,196.0,3.0,3.0,0.0,0.0,0.0,0.0
2025/12/23,07:44:41,0,1.0,186.0,460.0,239.0,30.0,196.0,6.0,5.0,0.0,0.0,0.0,0.0
2025/12/23,07:44:46,0,2.0,194.0,462.0,239.0,5.0,196.0,2.0,1.0,0.0,0.0,0.0,0.0
2025/12/23,07:44:51,0,1.0,191.0,460.0,238.0,26.0,196.0,6.0,4.0,0.0,0.0,0.0,0.0
2025/12/23,07:44:56,0,0.0,196.0,461.0,238.0,21.0,196.0,4.0,3.0,0.0,0.0,0.0,0.0
2025/12/23,07:45:01,0,1.0,206.0,462.0,239.0,4.0,196.0,1.0,1.0,0.0,0.0,0.0,0.0
2025/12/23,07:45:06,0,0.0,195.0,461.0,239.0,34.0,196.0,6.0,6.0,0.0,0.0,0.0,0.0
2025/12/23,07:45:11,0,0.0,210.0,463.0,239.0,4.0,196.0,1.0,0.0,0.0,0.0,0.0,0.0
2025/12/23,07:45:16,0,1.0,189.0,462.0,237.0,31.0,196.0,6.0,5.0,0.0,0.0,0.0,0.0
2025/12/23,07:45:21,0,0.0,195.0,462.0,239.0,18.0,195.0,4.0,3.0,0.0,0.0,0.0,0.0
2025/12/23,07:45:26,0,1.0,199.0,462.0,237.0,3.0,195.0,1.0,1.0,0.0,0.0,0.0,0.0
2025/12/23,07:45:31,0,0.0,195.0,459.0,239.0,33.0,196.0,7.0,6.0,0.0,0.0,0.0,0.0
2025/12/23,07:45:36,0,3.0,198.0,461.0,238.0,13.0,196.0,3.0,4.0,0.0,0.0,0.0,0.0
2025/12/23,07:45:41,0,0.0,201.0,463.0,239.0,2.0,197.0,0.0,1.0,0.0,0.0,0.0,0.0
2025/12/23,07:45:46,0,1.0,197.0,460.0,239.0,31.0,197.0,6.0,5.0,0.0,0.0,0.0,0.0
2025/12/23,07:45:51,0,3.0,199.0,462.0,239.0,11.0,197.0,3.0,3.0,0.0,0.0,0.0,0.0
2025/12/23,07:45:56,0,1.0,205.0,462.0,238.0,3.0,196.0,1.0,0.0,0.0,0.0,0.0,0.0
2025/12/23,07:46:01,0,1.0,192.0,462.0,239.0,17.0,196.0,3.0,3.0,0.0,0.0,0.0,0.0
2025/12/23,07:46:06,0,0.0,196.0,461.0,239.0,30.0,197.0,6.0,6.0,0.0,0.0,0.0,-0.0008
2025/12/23,07:46:11,0,2.0,190.0,462.0,239.0,20.0,197.0,5.0,4.0,0.0,0.0,0.0,0.0
2025/12/23,07:46:16,0,1.0,208.0,462.0,239.0,2.0,196.0,1.0,1.0,0.0,0.0,0.0,0.0
2025/12/23,07:46:21,0,1.0,195.0,461.0,239.0,15.0,197.0,3.0,3.0,0.0,0.0,0.0,0.0
2025/12/23,07:46:26,0,1.0,192.0,459.0,239.0,31.0,197.0,6.0,5.0,0.0,0.0,0.0,0.0
2025/12/23,07:46:31,0,0.0,188.0,462.0,238.0,30.0,197.0,5.0,5.0,0.0,0.0,0.0,0.0
2025/12/23,07:46:36,0,0.0,215.0,462.0,237.0,4.0,196.0,1.0,1.0,0.0,0.0,0.0,0.0
2025/12/23,07:46:41,0,0.0,195.0,462.0,241.0,15.0,196.0,3.0,4.0,0.0,0.0,0.0,0.0
2025/12/23,07:46:46,0,1.0,193.0,460.0,238.0,32.0,195.0,7.0,6.0,0.0,0.0,-0.0008,0.0
2025/12/23,07:46:51,0,3.0,204.0,461.0,239.0,8.0,196.0,1.0,2.0,0.0,0.0,0.0,0.0
2025/12/23,07:46:56,0,0.0,197.0,463.0,239.0,9.0,196.0,1.0,1.0,0.0,0.0,0.0,0.0
2025/12/23,07:47:01,0,0.0,192.0,461.0,237.0,33.0,196.0,7.0,5.0,0.0,0.0,0.0,0.0
2025/12/23,07:47:06,0,0.0,211.0,462.0,238.0,2.0,197.0,0.0,1.0,0.0,0.0,0.0,0.0
2025/12/23,07:47:11,0,0.0,194.0,462.0,238.0,17.0,197.0,3.0,4.0,0.0,0.0,0.0,0.0
2025/12/23,07:47:16,0,0.0,189.0,460.0,239.0,32.0,195.0,7.0,6.0,0.0,0.0,0.0,0.0
2025/12/23,07:47:21,0,0.0,213.0,459.0,239.0,5.0,198.0,2.0,1.0,0.0,0.0,0.0,-0.0008
2025/12/23,07:47:26,0,0.0,191.0,461.0,238.0,27.0,196.0,6.0,5.0,0.0,0.0,0.0,0.0
2025/12/23,07:47:31,0,0.0,187.0,461.0,237.0,30.0,196.0,7.0,4.0,0.0,0.0,0.0,0.0
2025/12/23,07:47:36,0,0.0,214.0,463.0,238.0,4.0,197.0,1.0,1.0,0.0,0.0,0.0,0.0
2025/12/23,07:47:41,0,0.0,194.0,463.0,239.0,14.0,198.0,3.0,3.0,0.0,0.0,0.0,0.0
2025/12/23,07:47:46,0,0.0,191.0,461.0,239.0,31.0,197.0,7.0,6.0,0.0,0.0,0.0,0.0
2025/12/23,07:47:51,0,0.0,198.0,462.0,237.0,15.0,195.0,4.0,2.0,0.0,0.0,0.0,-0.0008
2025/12/23,07:47:56,0,0.0,197.0,463.0,239.0,3.0,196.0,1.0,1.0,0.0,0.0,0.0,0.0
2025/12/23,07:48:01,0,0.0,186.0,461.0,239.0,34.0,196.0,6.0,6.0,0.0,0.0,0.0,0.0
2025/12/23,07:48:06,0,0.0,193.0,460.0,239.0,8.0,197.0,2.0,2.0,0.0,0.0,0.0,0.0
2025/12/23,07:48:11,0,0.0,205.0,462.0,239.0,8.0,196.0,2.0,2.0,0.0,0.0,0.0,0.0
2025/12/23,07:48:16,0,0.0,191.0,461.0,239.0,33.0,197.0,6.0,6.0,0.0,0.0,0.0,0.0
2025/12/23,07:48:21,0,0.0,194.0,462.0,238.0,21.0,197.0,4.0,4.0,0.0,0.0,0.0,-0.0008
2025/12/23,07:48:26,0,0.0,204.0,461.0,239.0,2.0,196.0,1.0,1.0,0.0,0.0,0.0,0.0
2025/12/23,07:48:31,0,0.0,203.0,460.0,238.0,10.0,197.0,2.0,2.0,0.0,0.0,0.0,0.0
2025/12/23,07:48:36,0,1.0,184.0,461.0,239.0,31.0,195.0,7.0,5.0,0.0,0.0,0.0,0.0
2025/12/23,07:48:41,0,1.0,193.0,461.0,239.0,30.0,196.0,6.0,5.0,0.0,0.0,0.0,0.0
2025/12/23,07:49:16,0,1.0,196.0,462.0,237.0,25.0,196.0,6.0,5.0,0.0,0.0,0.0,0.0
2025/12/23,07:49:20,0,1.0,196.0,462.0,238.0,4.0,196.0,1.0,1.0,0.0,0.0,0.0,0.0
2025/12/23,07:49:25,0,2.0,185.0,462.0,239.0,32.0,197.0,6.0,6.0,0.0,0.0,0.0,-0.0008
2025/12/23,07:49:30,0,1.0,195.0,462.0,239.0,11.0,197.0,2.0,2.0,0.0,0.0,0.0,0.0
2025/12/23,07:49:35,0,5.0,199.0,462.0,239.0,11.0,195.0,3.0,3.0,0.0,0.0,0.0,0.0
2025/12/23,07:49:40,0,2.0,191.0,461.0,239.0,35.0,198.0,6.0,5.0,0.0,0.0,0.0,0.0
2025/12/23,07:49:45,0,0.0,212.0,463.0,239.0,4.0,197.0,1.0,1.0,0.0,0.0,0.0,0.0
2025/12/23,07:49:50,0,0.0,192.0,461.0,240.0,24.0,197.0,4.0,4.0,0.0,0.0,0.0,0.0
2025/12/23,07:49:55,0,3.0,190.0,461.0,239.0,24.0,197.0,5.0,5.0,0.0,0.0,0.0,-0.0008
2025/12/23,07:50:00,0,2.0,201.0,463.0,239.0,3.0,196.0,0.0,1.0,0.0,0.0,0.0,0.0
2025/12/23,07:50:05,0,1.0,196.0,462.0,239.0,30.0,196.0,6.0,5.0,0.0,0.0,0.0,0.0
2025/12/23,07:50:10,0,0.0,201.0,463.0,241.0,11.0,196.0,3.0,3.0,0.0,0.0,0.0,0.0
2025/12/23,07:50:15,0,0.0,196.0,463.0,239.0,8.0,196.0,2.0,2.0,0.0,0.0,0.0,0.0
2025/12/23,07:50:20,0,2.0,182.0,460.0,239.0,32.0,195.0,6.0,6.0,0.0,0.0,0.0,0.0
2025/12/23,07:50:25,0,1.0,201.0,460.0,239.0,3.0,197.0,1.0,1.0,0.0,0.0,0.0,0.0
2025/12/23,07:50:30,0,2.0,195.0,461.0,239.0,35.0,195.0,7.0,6.0,0.0,0.0,0.0,0.0
2025/12/23,07:50:35,0,2.0,206.0,463.0,239.0,5.0,193.0,1.0,1.0,0.0,0.0,0.0,0.0
2025/12/23,07:50:40,0,0.0,194.0,462.0,240.0,16.0,196.0,3.0,3.0,0.0,0.0,0.0,0.0
2025/12/23,07:50:45,0,1.0,193.0,461.0,238.0,31.0,195.0,6.0,6.0,0.0,0.0,0.0,0.0
2025/12/23,07:50:50,0,1.0,200.0,463.0,239.0,13.0,197.0,4.0,3.0,0.0,0.0,0.0,0.0
2025/12/23,07:50:55,0,1.0,205.0,460.0,239.0,3.0,197.0,0.0,1.0,0.0,0.0,0.0,0.0
2025/12/23,07:51:00,0,0.0,193.0,462.0,239.0,20.0,196.0,4.0,4.0,0.0,0.0,0.0,0.0
2025/12/23,07:51:05,0,0.0,192.0,460.0,239.0,32.0,197.0,6.0,5.0,0.0,0.0,0.0,0.0
2025/12/23,07:51:10,0,1.0,200.0,460.0,239.0,14.0,195.0,3.0,3.0,0.0,0.0,0.0,0.0
2025/12/23,07:51:15,0,0.0,211.0,463.0,238.0,3.0,196.0,1.0,0.0,0.0,0.0,0.0,-0.0008
2025/12/23,07:51:20,0,0.0,191.0,462.0,239.0,23.0,197.0,3.0,4.0,0.0,0.0,0.0,0.0
2025/12/23,07:51:25,0,0.0,184.0,462.0,239.0,31.0,197.0,5.0,5.0,0.0,0.0,0.0,0.0
2025/12/23,07:51:30,0,1.0,199.0,462.0,239.0,3.0,197.0,0.0,1.0,0.0,0.0,0.0,0.0
2025/12/23,07:51:35,0,1.0,193.0,462.0,239.0,31.0,195.0,6.0,5.0,0.0,0.0,0.0,0.0
2025/12/23,07:51:40,0,0.0,204.0,462.0,238.0,5.0,195.0,2.0,1.0,0.0,0.0,0.0,0.0
2025/12/23,07:51:45,0,0.0,195.0,462.0,240.0,4.0,196.0,1.0,1.0,0.0,0.0,0.0,-0.0008
2025/12/23,07:51:50,0,2.0,188.0,461.0,239.0,34.0,195.0,7.0,6.0,0.0,0.0,0.0,0.0
2025/12/23,07:51:55,0,0.0,214.0,463.0,238.0,4.0,195.0,1.0,1.0,0.0,0.0,0.0,0.0
2025/12/23,07:52:00,0,2.0,193.0,460.0,239.0,21.0,195.0,4.0,4.0,0.0,0.0,0.0,0.0
2025/12/23,07:52:05,0,1.0,184.0,460.0,239.0,31.0,196.0,6.0,5.0,0.0,0.0,0.0,0.0
2025/12/23,07:52:10,0,1.0,197.0,461.0,239.0,4.0,197.0,1.0,1.0,0.0,0.0,0.0,0.0
2025/12/23,07:52:15,0,0.0,195.0,461.0,239.0,22.0,198.0,5.0,3.0,0.0,0.0,0.0,-0.0008
2025/12/23,07:52:20,0,0.0,190.0,462.0,239.0,31.0,195.0,7.0,5.0,0.0,0.0,0.0,0.0
2025/12/23,07:52:25,0,1.0,208.0,462.0,239.0,4.0,196.0,1.0,1.0,0.0,0.0,0.0,0.0
2025/12/23,07:52:30,0,0.0,192.0,462.0,239.0,34.0,196.0,6.0,6.0,0.0,0.0,0.0,0.0
2025/12/23,07:52:35,0,0.0,202.0,462.0,239.0,3.0,197.0,1.0,1.0,0.0,0.0,0.0,0.0
2025/12/23,07:52:40,0,0.0,185.0,460.0,239.0,36.0,197.0,6.0,6.0,0.0,0.0,0.0,0.0
2025/12/23,07:52:45,0,0.0,192.0,461.0,239.0,26.0,197.0,6.0,5.0,0.0,0.0,0.0,0.0
2025/12/23,07:52:50,0,0.0,210.0,463.0,239.0,3.0,196.0,1.0,0.0,0.0,0.0,0.0,0.0
2025/12/23,07:52:55,0,1.0,187.0,459.0,239.0,34.0,197.0,6.0,6.0,0.0,0.0,0.0,0.0
2025/12/23,07:53:00,0,0.0,195.0,463.0,239.0,15.0,196.0,2.0,3.0,0.0,0.0,0.0,0.0
2025/12/23,07:53:05,0,0.0,214.0,462.0,240.0,3.0,197.0,1.0,1.0,0.0,0.0,0.0,0.0
2025/12/23,07:53:10,0,0.0,188.0,459.0,239.0,30.0,197.0,6.0,5.0,0.0,0.0,0.0,0.0
2025/12/23,07:53:15,0,0.0,193.0,461.0,239.0,29.0,197.0,5.0,5.0,0.0,0.0,0.0,0.0
2025/12/23,07:53:20,0,3.0,194.0,461.0,240.0,5.0,196.0,1.0,2.0,0.0,0.0,0.0,0.0
2025/12/23,07:53:25,0,0.0,210.0,462.0,239.0,5.0,197.0,1.0,1.0,0.0,0.0,0.0,0.0
2025/12/23,07:53:30,0,1.0,205.0,461.0,239.0,7.0,196.0,1.0,1.0,0.0,0.0,0.0,0.0
2025/12/23,07:53:35,0,4.0,203.0,461.0,239.0,9.0,196.0,1.0,2.0,0.0,0.0,0.0,0.0
2025/12/23,07:53:40,0,0.0,195.0,462.0,240.0,20.0,196.0,3.0,4.0,0.0,0.0,0.0,0.0
2025/12/23,07:53:45,0,2.0,187.0,461.0,239.0,30.0,196.0,5.0,5.0,0.0,0.0,0.0,0.0
2025/12/23,07:53:50,0,0.0,195.0,460.0,239.0,30.0,197.0,6.0,6.0,0.0,0.0,0.0,0.0
2025/12/23,07:53:55,0,4.0,191.0,462.0,237.0,25.0,196.0,6.0,4.0,0.0,0.0,0.0,0.0
2025/12/23,07:54:00,0,0.0,198.0,462.0,238.0,3.0,196.0,0.0,1.0,0.0,0.0,0.0,0.0
2025/12/23,07:54:05,0,0.0,208.0,461.0,239.0,6.0,196.0,1.0,1.0,0.0,0.0,0.0,0.0
2025/12/23,07:54:10,0,1.0,190.0,462.0,239.0,33.0,196.0,6.0,6.0,0.0,0.0,0.0,0.0
2025/12/23,07:54:15,0,1.0,187.0,460.0,237.0,28.0,195.0,6.0,5.0,0.0,0.0,0.0,0.0
2025/12/23,07:54:20,0,0.0,193.0,463.0,239.0,14.0,196.0,3.0,3.0,0.0,0.0,0.0,0.0
2025/12/23,07:54:25,0,0.0,198.0,462.0,239.0,2.0,195.0,1.0,1.0,0.0,0.0,0.0,0.0
2025/12/23,07:54:30,0,0.0,205.0,462.0,240.0,4.0,197.0,0.0,1.0,0.0,0.0,0.0,0.0
2025/12/23,07:54:35,0,0.0,207.0,462.0,237.0,1.0,195.0,1.0,1.0,0.0,0.0,0.0,0.0
2025/12/23,07:54:40,0,2.0,203.0,462.0,239.0,3.0,197.0,1.0,1.0,0.0,0.0,0.0,0.0
2025/12/23,07:54:45,0,1.0,200.0,463.0,239.0,4.0,195.0,1.0,1.0,0.0,0.0,0.0,0.0
2025/12/23,07:54:50,0,0.0,193.0,462.0,239.0,15.0,197.0,3.0,3.0,0.0,0.0,0.0,0.0
2025/12/23,07:54:55,0,3.0,197.0,460.0,239.0,28.0,195.0,6.0,5.0,0.0,0.0,0.0,0.0
2025/12/23,07:55:00,0,0.0,192.0,462.0,239.0,21.0,196.0,4.0,4.0,0.0,0.0,0.0,0.0
2025/12/23,07:55:05,0,0.0,210.0,463.0,239.0,3.0,195.0,1.0,1.0,0.0,0.0,0.0,0.0
2025/12/23,07:55:10,0,0.0,193.0,462.0,239.0,26.0,197.0,5.0,5.0,0.0,0.0,0.0,-0.0008
2025/12/23,07:55:15,0,0.0,189.0,462.0,239.0,26.0,197.0,5.0,5.0,0.0,0.0,0.0,0.0
2025/12/23,07:55:20,0,0.0,208.0,461.0,239.0,2.0,196.0,0.0,1.0,0.0,0.0,0.0,0.0
2025/12/23,07:55:25,0,1.0,193.0,461.0,239.0,20.0,197.0,4.0,4.0,0.0,0.0,0.0,-0.0008
2025/12/23,07:55:30,0,0.0,192.0,461.0,239.0,32.0,196.0,6.0,6.0,0.0,0.0,0.0,-0.0008
2025/12/23,07:55:35,0,0.0,187.0,461.0,238.0,30.0,196.0,6.0,5.0,0.0,0.0,0.0,0.0
2025/12/23,07:55:40,0,0.0,192.0,462.0,239.0,21.0,196.0,4.0,4.0,0.0,0.0,0.0,0.0
2025/12/23,07:55:45,0,0.0,195.0,461.0,238.0,19.0,197.0,4.0,4.0,0.0,0.0,0.0,0.0
2025/12/23,07:55:50,0,1.0,189.0,462.0,239.0,26.0,195.0,5.0,4.0,0.0,0.0,0.0,0.0
2025/12/23,07:55:55,0,0.0,191.0,462.0,239.0,24.0,196.0,3.0,4.0,0.0,0.0,0.0,0.0
2025/12/23,07:56:00,0,2.0,198.0,459.0,239.0,13.0,195.0,3.0,4.0,0.0,0.0,0.0,0.0
2025/12/23,07:56:05,0,1.0,201.0,462.0,239.0,14.0,196.0,2.0,2.0,0.0,0.0,-0.0008,0.0
2025/12/23,07:56:10,0,3.0,190.0,461.0,235.0,23.0,196.0,5.0,4.0,0.0,0.0,0.0,0.0
2025/12/23,07:56:15,0,0.0,184.0,460.0,237.0,30.0,195.0,6.0,5.0,0.0,0.0,0.0,0.0
2025/12/23,07:56:20,0,1.0,190.0,462.0,239.0,32.0,196.0,5.0,6.0,0.0,0.0,0.0,0.0
2025/12/23,07:56:25,0,1.0,191.0,461.0,239.0,31.0,195.0,7.0,5.0,0.0,0.0,0.0,-0.0008
2025/12/23,07:56:30,0,2.0,190.0,463.0,239.0,22.0,197.0,5.0,4.0,0.0,0.0,0.0,0.0
2025/12/23,07:56:35,0,2.0,203.0,462.0,239.0,3.0,197.0,1.0,1.0,0.0,0.0,0.0,0.0
2025/12/23,07:56:40,0,0.0,192.0,462.0,239.0,33.0,197.0,6.0,6.0,0.0,0.0,0.0,0.0
2025/12/23,07:56:45,0,3.0,193.0,462.0,239.0,9.0,197.0,1.0,2.0,0.0,0.0,0.0,0.0
2025/12/23,07:56:50,0,6.0,212.0,462.0,239.0,5.0,195.0,2.0,1.0,0.0,0.0,0.0,0.0
2025/12/23,07:56:55,0,2.0,184.0,460.0,238.0,31.0,195.0,6.0,5.0,0.0,0.0,0.0,0.0
2025/12/23,07:57:00,0,2.0,196.0,459.0,239.0,31.0,197.0,6.0,6.0,0.0,0.0,0.0,0.0
2025/12/23,07:57:05,0,2.0,188.0,461.0,239.0,30.0,197.0,6.0,5.0,0.0,0.0,0.0,0.0
2025/12/23,07:57:10,0,0.0,190.0,460.0,238.0,21.0,196.0,4.0,4.0,0.0,0.0,0.0,0.0
2025/12/23,07:57:15,0,0.0,196.0,462.0,239.0,18.0,196.0,3.0,3.0,0.0,0.0,0.0,0.0
2025/12/23,07:57:20,0,0.0,199.0,462.0,239.0,14.0,196.0,2.0,3.0,0.0,0.0,0.0,0.0
2025/12/23,07:57:25,0,0.0,214.0,463.0,239.0,6.0,195.0,2.0,1.0,0.0,0.0,0.0,0.0
2025/12/23,07:57:30,0,0.0,199.0,462.0,239.0,2.0,195.0,1.0,1.0,0.0,0.0,0.0,0.0
2025/12/23,07:57:35,0,1.0,202.0,462.0,238.0,4.0,197.0,1.0,1.0,0.0,0.0,0.0,0.0
2025/12/23,07:57:40,0,0.0,207.0,462.0,239.0,3.0,196.0,0.0,1.0,0.0,0.0,0.0,0.0
2025/12/23,07:57:45,0,0.0,210.0,462.0,237.0,2.0,195.0,1.0,1.0,0.0,0.0,0.0,0.0
2025/12/23,07:57:50,0,6.0,210.0,462.0,239.0,5.0,195.0,1.0,1.0,0.0,0.0,0.0,0.0
2025/12/23,07:57:55,0,1.0,202.0,461.0,240.0,11.0,195.0,3.0,3.0,0.0,0.0,0.0,0.0
2025/12/23,07:58:00,0,4.0,194.0,460.0,240.0,23.0,197.0,4.0,5.0,0.0,0.0,0.0,0.0
2025/12/23,07:58:05,0,1.0,186.0,461.0,239.0,30.0,196.0,6.0,5.0,0.0,0.0,0.0,0.0
2025/12/23,07:58:10,0,2.0,186.0,460.0,238.0,29.0,195.0,6.0,6.0,0.0,0.0,0.0,0.0
2025/12/23,07:58:15,0,2.0,188.0,461.0,238.0,31.0,195.0,6.0,6.0,0.0,0.0,0.0,0.0
2025/12/23,07:58:20,0,1.0,187.0,461.0,239.0,31.0,195.0,6.0,6.0,0.0,0.0,0.0,0.0
2025/12/23,07:58:25,0,1.0,190.0,462.0,237.0,31.0,195.0,7.0,5.0,0.0,0.0,0.0,0.0
2025/12/23,07:58:30,0,0.0,198.0,462.0,239.0,29.0,197.0,5.0,5.0,0.0,0.0,0.0,0.0
2025/12/23,07:58:35,0,0.0,192.0,461.0,239.0,25.0,195.0,6.0,5.0,0.0,0.0,0.0,-0.0008
2025/12/23,07:58:40,0,1.0,193.0,461.0,239.0,10.0,196.0,2.0,2.0,0.0,0.0,0.0,-0.0008
2025/12/23,07:58:45,0,2.0,201.0,461.0,240.0,2.0,196.0,1.0,1.0,0.0,0.0,0.0,0.0
2025/12/23,07:58:50,0,0.0,207.0,463.0,240.0,4.0,196.0,1.0,1.0,0.0,0.0,0.0,0.0
2025/12/23,07:59:56,0,2.0,197.0,458.0,240.0,38.0,196.0,8.0,7.0,0.0,0.0,0.0,0.0
2025/12/23,08:00:30,0,1.0,206.0,461.0,240.0,0.0,196.0,0.0,1.0,0.0,0.0,0.0,0.0
2025/12/23,08:00:35,0,0.0,207.0,462.0,240.0,1.0,195.0,1.0,1.0,0.0,0.0,0.0,0.0
2025/12/23,08:00:40,0,0.0,196.0,461.0,240.0,16.0,196.0,3.0,4.0,0.0,0.0,0.0,0.0
2025/12/23,08:00:45,0,0.0,189.0,461.0,240.0,29.0,196.0,6.0,6.0,0.0,0.0,0.0,0.0
2025/12/23,08:00:50,0,0.0,196.0,460.0,240.0,29.0,197.0,6.0,6.0,0.0,0.0,0.0,0.0
2025/12/23,08:00:55,0,0.0,189.0,461.0,239.0,25.0,195.0,6.0,5.0,0.0,0.0,0.0,0.0
2025/12/23,08:01:00,0,0.0,192.0,461.0,239.0,26.0,196.0,6.0,5.0,0.0,0.0,0.0,0.0
2025/12/23,08:01:05,0,1.0,197.0,460.0,239.0,28.0,197.0,6.0,6.0,0.0,0.0,0.0,0.0
2025/12/23,08:01:10,0,0.0,187.0,461.0,239.0,28.0,195.0,7.0,6.0,0.0,0.0,0.0,0.0
2025/12/23,08:01:15,0,1.0,208.0,462.0,240.0,2.0,195.0,2.0,1.0,0.0,0.0,0.0,0.0
2025/12/23,08:01:20,0,1.0,207.0,462.0,239.0,0.0,195.0,1.0,0.0,0.0,0.0,0.0,0.0
2025/12/23,08:01:25,0,0.0,198.0,462.0,239.0,2.0,195.0,1.0,1.0,0.0,0.0,0.0,0.0
2025/12/23,08:01:30,0,0.0,192.0,461.0,239.0,24.0,196.0,5.0,5.0,0.0,0.0,0.0,0.0
2025/12/23,08:01:35,0,1.0,188.0,461.0,239.0,27.0,196.0,5.0,5.0,0.0,0.0,0.0,0.0
2025/12/23,08:01:40,0,0.0,212.0,462.0,239.0,1.0,196.0,1.0,1.0,0.0,0.0,0.0,0.0
2025/12/23,08:01:45,0,0.0,205.0,462.0,239.0,0.0,197.0,0.0,0.0,0.0,0.0,0.0,0.0
2025/12/23,08:01:50,0,0.0,193.0,461.0,239.0,27.0,196.0,5.0,6.0,0.0,0.0,0.0,0.0
2025/12/23,08:01:55,0,0.0,195.0,460.0,240.0,27.0,196.0,5.0,6.0,0.0,0.0,0.0,0.0
2025/12/23,08:02:00,0,0.0,196.0,461.0,240.0,28.0,196.0,5.0,6.0,0.0,0.0,0.0,0.0
2025/12/23,08:02:05,0,0.0,190.0,461.0,239.0,27.0,195.0,6.0,6.0,0.0,0.0,0.0,0.0
2025/12/23,08:02:10,0,0.0,195.0,462.0,239.0,10.0,197.0,3.0,3.0,0.0,0.0,0.0,0.0
2025/12/23,08:02:15,0,0.0,202.0,462.0,238.0,0.0,196.0,0.0,1.0,0.0,0.0,0.0,0.0
2025/12/23,08:02:20,0,1.0,209.0,462.0,239.0,2.0,195.0,1.0,1.0,0.0,0.0,0.0,0.0
2025/12/23,08:02:25,0,0.0,190.0,461.0,239.0,30.0,195.0,6.0,6.0,0.0,0.0,0.0,0.0
2025/12/23,08:02:30,0,0.0,194.0,460.0,239.0,8.0,196.0,2.0,3.0,0.0,0.0,0.0,0.0
2025/12/23,08:02:35,0,0.0,198.0,459.0,239.0,10.0,196.0,3.0,3.0,0.0,0.0,0.0,0.0
2025/12/23,08:02:40,0,1.0,193.0,462.0,238.0,20.0,196.0,4.0,4.0,0.0,0.0,0.0,0.0
2025/12/23,08:02:45,0,0.0,201.0,463.0,241.0,9.0,196.0,2.0,2.0,0.0,0.0,0.0,0.0
2025/12/23,08:02:50,0,0.0,190.0,461.0,237.0,24.0,197.0,5.0,5.0,0.0,0.0,0.0,0.0
2025/12/23,08:02:55,0,0.0,207.0,463.0,240.0,0.0,195.0,1.0,1.0,0.0,0.0,0.0,0.0
2025/12/23,08:03:00,0,0.0,186.0,462.0,240.0,26.0,194.0,6.0,6.0,0.0,0.0,0.0,0.0
2025/12/23,08:03:05,0,1.0,193.0,462.0,239.0,19.0,194.0,5.0,5.0,0.0,0.0,0.0,0.0
2025/12/23,08:03:10,0,0.0,205.0,463.0,240.0,2.0,195.0,2.0,2.0,0.0,0.0,0.0,0.0
2025/12/23,08:03:15,0,0.0,196.0,462.0,240.0,26.0,196.0,6.0,6.0,0.0,0.0,0.0,0.0
2025/12/23,08:03:20,0,0.0,207.0,464.0,239.0,0.0,196.0,0.0,1.0,0.0,0.0,0.0,0.0
2025/12/23,08:03:25,0,2.0,184.0,461.0,239.0,26.0,194.0,6.0,6.0,0.0,0.0,0.0,0.0
2025/12/23,08:03:30,0,4.0,194.0,463.0,239.0,4.0,195.0,1.0,2.0,0.0,0.0,0.0,0.0
2025/12/23,08:03:35,0,0.0,188.0,462.0,240.0,21.0,196.0,5.0,5.0,0.0,0.0,0.0,0.0
2025/12/23,08:03:40,0,1.0,201.0,463.0,240.0,0.0,194.0,1.0,1.0,0.0,0.0,0.0,0.0
2025/12/23,08:03:45,0,1.0,189.0,461.0,239.0,27.0,196.0,5.0,6.0,0.0,0.0,0.0,0.0
2025/12/23,08:03:50,0,0.0,185.0,461.0,237.0,31.0,194.0,7.0,6.0,0.0,0.0,0.0,0.0
2025/12/23,08:03:55,0,0.0,213.0,463.0,239.0,0.0,195.0,1.0,1.0,0.0,0.0,0.0,0.0
2025/12/23,08:04:00,0,3.0,196.0,462.0,239.0,3.0,196.0,0.0,2.0,0.0,0.0,0.0,0.0
2025/12/23,08:04:05,0,0.0,190.0,462.0,240.0,25.0,196.0,5.0,6.0,0.0,0.0,0.0,0.0
2025/12/23,08:04:10,0,0.0,188.0,462.0,240.0,28.0,196.0,6.0,6.0,0.0,0.0,0.0,0.0
2025/12/23,08:04:15,0,0.0,196.0,462.0,239.0,8.0,195.0,2.0,2.0,0.0,0.0,0.0,0.0
2025/12/23,08:04:20,0,0.0,204.0,462.0,238.0,0.0,196.0,0.0,1.0,0.0,0.0,0.0,0.0
2025/12/23,08:04:25,0,0.0,191.0,461.0,240.0,27.0,196.0,6.0,6.0,0.0,0.0,0.0,0.0
2025/12/23,08:04:30,0,2.0,201.0,462.0,239.0,7.0,195.0,3.0,2.0,0.0,0.0,0.0,0.0
2025/12/23,08:04:35,0,1.0,190.0,461.0,239.0,24.0,195.0,6.0,5.0,0.0,0.0,0.0,0.0
2025/12/23,08:04:40,0,1.0,204.0,462.0,240.0,0.0,196.0,1.0,1.0,0.0,0.0,0.0,0.0
2025/12/23,08:04:45,0,0.0,195.0,462.0,240.0,13.0,194.0,3.0,4.0,0.0,0.0,0.0,0.0
2025/12/23,08:04:50,0,2.0,191.0,461.0,239.0,24.0,195.0,6.0,6.0,0.0,0.0,0.0,0.0
2025/12/23,08:04:55,0,0.0,204.0,462.0,239.0,0.0,196.0,0.0,1.0,0.0,0.0,0.0,0.0
2025/12/23,08:05:00,0,4.0,204.0,462.0,238.0,1.0,196.0,1.0,1.0,0.0,0.0,0.0,0.0
2025/12/23,08:05:05,0,0.0,186.0,460.0,239.0,27.0,195.0,5.0,6.0,0.0,0.0,0.0,0.0
2025/12/23,08:05:10,0,0.0,192.0,462.0,240.0,28.0,196.0,6.0,6.0,0.0,0.0,0.0,0.0
2025/12/23,08:05:15,0,0.0,194.0,461.0,239.0,25.0,195.0,6.0,6.0,0.0,0.0,0.0,0.0
2025/12/23,08:05:20,0,0.0,191.0,462.0,240.0,22.0,196.0,5.0,5.0,0.0,0.0,0.0,0.0
2025/12/23,08:05:25,0,0.0,194.0,463.0,240.0,2.0,196.0,1.0,2.0,0.0,0.0,0.0,0.0
2025/12/23,08:05:30,0,0.0,202.0,462.0,240.0,0.0,196.0,1.0,1.0,0.0,0.0,0.0,0.0
2025/12/23,08:05:35,0,0.0,212.0,459.0,240.0,1.0,196.0,1.0,1.0,0.0,0.0,0.0,0.0
2025/12/23,08:05:40,0,1.0,195.0,462.0,238.0,15.0,196.0,2.0,4.0,0.0,0.0,0.0,0.0
2025/12/23,08:05:45,0,0.0,194.0,459.0,240.0,26.0,195.0,6.0,6.0,0.0,0.0,0.0,0.0
2025/12/23,08:05:50,0,0.0,196.0,463.0,241.0,2.0,195.0,1.0,2.0,0.0,0.0,0.0,0.0
2025/12/23,08:05:55,0,1.0,206.0,462.0,239.0,0.0,197.0,0.0,2.0,0.0,0.0,0.0,0.0
2025/12/23,08:06:00,0,0.0,188.0,460.0,238.0,27.0,195.0,6.0,5.0,0.0,0.0,0.0,0.0
2025/12/23,08:06:05,0,0.0,194.0,461.0,241.0,10.0,196.0,3.0,3.0,0.0,0.0,0.0,0.0
2025/12/23,08:06:10,0,0.0,207.0,463.0,240.0,0.0,196.0,1.0,1.0,0.0,0.0,0.0,0.0
2025/12/23,08:06:15,0,1.0,193.0,460.0,239.0,25.0,195.0,5.0,6.0,0.0,0.0,0.0,0.0
2025/12/23,08:06:20,0,1.0,203.0,462.0,239.0,0.0,196.0,1.0,1.0,0.0,0.0,0.0,0.0
2025/12/23,08:06:25,0,0.0,188.0,461.0,239.0,25.0,195.0,6.0,6.0,0.0,0.0,0.0,0.0
2025/12/23,08:06:30,0,3.0,194.0,462.0,240.0,2.0,196.0,1.0,2.0,0.0,0.0,0.0,0.0
2025/12/23,08:06:35,0,2.0,198.0,460.0,239.0,14.0,195.0,3.0,3.0,0.0,0.0,0.0,0.0
2025/12/23,08:06:40,0,2.0,194.0,462.0,239.0,11.0,195.0,3.0,4.0,0.0,0.0,0.0,0.0
2025/12/23,08:06:45,0,0.0,187.0,462.0,240.0,21.0,196.0,4.0,4.0,0.0,0.0,0.0,0.0
2025/12/23,08:06:50,0,1.0,207.0,462.0,239.0,0.0,196.0,1.0,1.0,0.0,0.0,0.0,0.0
2025/12/23,08:06:55,0,0.0,192.0,461.0,240.0,22.0,197.0,5.0,5.0,0.0,0.0,0.0,0.0
2025/12/23,08:07:00,0,0.0,185.0,461.0,238.0,24.0,196.0,5.0,5.0,0.0,0.0,0.0,0.0
2025/12/23,08:07:05,0,0.0,212.0,462.0,240.0,0.0,196.0,1.0,1.0,0.0,0.0,0.0,0.0
2025/12/23,08:07:10,0,1.0,194.0,463.0,240.0,8.0,196.0,2.0,3.0,0.0,0.0,0.0,0.0
2025/12/23,08:07:15,0,0.0,198.0,462.0,240.0,25.0,196.0,5.0,6.0,0.0,0.0,0.0,0.0
2025/12/23,08:07:20,0,1.0,187.0,460.0,238.0,26.0,195.0,6.0,5.0,0.0,0.0,0.0,0.0
2025/12/23,08:07:25,0,0.0,188.0,461.0,240.0,20.0,196.0,6.0,5.0,0.0,0.0,0.0,0.0
2025/12/23,08:07:30,0,0.0,191.0,461.0,239.0,15.0,196.0,4.0,4.0,0.0,0.0,0.0,0.0
2025/12/23,08:07:35,0,0.0,201.0,461.0,240.0,6.0,195.0,2.0,2.0,0.0,0.0,0.0,0.0
2025/12/23,08:07:40,0,0.0,213.0,462.0,239.0,0.0,195.0,1.0,1.0,0.0,0.0,0.0,0.0
2025/12/23,08:07:45,0,0.0,201.0,461.0,240.0,0.0,195.0,1.0,1.0,0.0,0.0,0.0,0.0
2025/12/23,08:07:50,0,0.0,189.0,462.0,240.0,25.0,195.0,5.0,6.0,0.0,0.0,0.0,0.0
2025/12/23,08:07:55,0,0.0,186.0,461.0,239.0,25.0,195.0,5.0,5.0,0.0,0.0,0.0,0.0
2025/12/23,08:08:00,0,0.0,194.0,462.0,240.0,12.0,195.0,3.0,3.0,0.0,0.0,0.0,0.0
2025/12/23,08:08:05,0,0.0,186.0,461.0,239.0,25.0,195.0,6.0,7.0,0.0,0.0,0.0,0.0
2025/12/23,08:08:10,0,0.0,189.0,462.0,239.0,25.0,195.0,6.0,6.0,0.0,0.0,0.0,0.0
2025/12/23,08:08:15,0,1.0,214.0,463.0,239.0,0.0,195.0,1.0,1.0,0.0,0.0,0.0,0.0
2025/12/23,08:08:20,0,0.0,195.0,461.0,238.0,26.0,195.0,5.0,6.0,0.0,0.0,0.0,0.0
2025/12/23,08:08:25,0,0.0,207.0,463.0,240.0,0.0,195.0,1.0,1.0,0.0,0.0,0.0,0.0
2025/12/23,08:08:30,0,0.0,194.0,463.0,239.0,6.0,195.0,2.0,3.0,0.0,0.0,0.0,0.0
2025/12/23,08:08:35,0,0.0,190.0,462.0,240.0,26.0,194.0,6.0,6.0,0.0,0.0,0.0,0.0
2025/12/23,08:08:40,0,0.0,214.0,461.0,240.0,0.0,195.0,0.0,1.0,0.0,0.0,0.0,0.0
2025/12/23,08:08:45,0,0.0,191.0,462.0,239.0,24.0,195.0,5.0,5.0,0.0,0.0,0.0,0.0
2025/12/23,08:08:50,0,1.0,202.0,461.0,240.0,5.0,194.0,2.0,2.0,0.0,0.0,0.0,0.0
2025/12/23,08:08:55,0,0.0,195.0,463.0,239.0,8.0,194.0,3.0,3.0,0.0,0.0,0.0,0.0
2025/12/23,08:09:00,0,1.0,190.0,461.0,240.0,27.0,194.0,6.0,5.0,0.0,0.0,0.0,0.0
2025/12/23,08:09:05,0,0.0,206.0,462.0,239.0,0.0,194.0,1.0,1.0,0.0,0.0,0.0,0.0
2025/12/23,08:09:35,0,1.0,202.0,463.0,240.0,5.0,195.0,2.0,2.0,0.0,0.0,0.0,0.0
2025/12/23,08:09:39,0,0.0,205.0,463.0,240.0,0.0,196.0,2.0,1.0,0.0,0.0,0.0,0.0
2025/12/23,08:09:44,0,2.0,215.0,463.0,237.0,0.0,195.0,1.0,1.0,0.0,0.0,0.0,0.0
2025/12/23,08:09:49,0,1.0,202.0,462.0,239.0,0.0,193.0,0.0,1.0,0.0,0.0,0.0,0.0
2025/12/23,08:09:54,0,0.0,193.0,461.0,239.0,15.0,195.0,4.0,4.0,0.0,0.0,0.0,0.0
2025/12/23,08:09:59,0,1.0,193.0,461.0,240.0,26.0,196.0,5.0,6.0,0.0,0.0,0.0,0.0
2025/12/23,08:10:04,0,0.0,187.0,461.0,240.0,21.0,195.0,6.0,5.0,0.0,0.0,0.0,0.0
2025/12/23,08:10:09,0,0.0,200.0,462.0,239.0,4.0,195.0,2.0,2.0,0.0,0.0,0.0,0.0
2025/12/23,08:10:14,0,1.0,210.0,462.0,239.0,0.0,196.0,1.0,1.0,0.0,0.0,0.0,0.0
2025/12/23,08:10:19,0,1.0,206.0,462.0,240.0,0.0,194.0,0.0,1.0,0.0,0.0,0.0,0.0
2025/12/23,08:10:24,0,1.0,197.0,462.0,239.0,0.0,194.0,1.0,1.0,0.0,0.0,0.0,0.0
2025/12/23,08:10:29,0,0.0,195.0,462.0,239.0,13.0,194.0,3.0,4.0,0.0,0.0,0.0,0.0
2025/12/23,08:10:34,0,1.0,191.0,461.0,239.0,23.0,193.0,4.0,5.0,0.0,0.0,0.0,0.0
2025/12/23,08:10:39,0,0.0,188.0,461.0,240.0,24.0,194.0,5.0,6.0,0.0,0.0,0.0,0.0
2025/12/23,08:10:44,0,1.0,194.0,460.0,239.0,25.0,193.0,6.0,6.0,0.0,0.0,0.0,0.0
2025/12/23,08:10:49,0,0.0,188.0,460.0,239.0,26.0,194.0,6.0,5.0,0.0,0.0,0.0,0.0
2025/12/23,08:10:54,0,1.0,205.0,462.0,240.0,0.0,194.0,1.0,1.0,0.0,0.0,0.0,0.0
2025/12/23,08:10:59,0,1.0,205.0,463.0,240.0,0.0,193.0,0.0,1.0,0.0,0.0,0.0,0.0
2025/12/23,08:11:04,0,3.0,195.0,461.0,238.0,16.0,195.0,5.0,4.0,0.0,0.0,0.0,0.0
2025/12/23,08:11:09,0,0.0,197.0,460.0,240.0,25.0,194.0,6.0,5.0,0.0,0.0,0.0,0.0
2025/12/23,08:11:14,0,0.0,187.0,462.0,239.0,26.0,195.0,6.0,5.0,0.0,0.0,0.0,0.0
2025/12/23,08:11:19,0,2.0,198.0,461.0,240.0,8.0,195.0,3.0,3.0,0.0,0.0,0.0,0.0
2025/12/23,08:11:24,0,0.0,215.0,462.0,240.0,0.0,194.0,1.0,1.0,0.0,0.0,0.0,0.0
2025/12/23,08:11:29,0,0.0,196.0,462.0,240.0,0.0,194.0,1.0,1.0,0.0,0.0,0.0,0.0
2025/12/23,08:11:34,0,0.0,189.0,460.0,240.0,23.0,196.0,5.0,5.0,0.0,0.0,0.0,0.0
2025/12/23,08:11:39,0,0.0,189.0,461.0,239.0,25.0,194.0,6.0,6.0,0.0,0.0,0.0,0.0
2025/12/23,08:11:44,0,0.0,201.0,462.0,239.0,3.0,195.0,1.0,1.0,0.0,0.0,0.0,0.0
2025/12/23,08:11:49,0,1.0,200.0,463.0,240.0,0.0,194.0,0.0,2.0,0.0,0.0,0.0,0.0
2025/12/23,08:11:54,0,1.0,195.0,461.0,239.0,25.0,193.0,5.0,5.0,0.0,0.0,0.0,0.0
2025/12/23,08:11:59,0,0.0,194.0,462.0,239.0,14.0,194.0,4.0,4.0,0.0,0.0,0.0,0.0
2025/12/23,08:12:04,0,0.0,213.0,463.0,240.0,0.0,195.0,0.0,1.0,0.0,0.0,0.0,0.0
2025/12/23,08:12:09,0,0.0,196.0,462.0,240.0,2.0,194.0,2.0,2.0,0.0,0.0,0.0,0.0
2025/12/23,08:12:14,0,0.0,196.0,463.0,238.0,9.0,195.0,3.0,4.0,0.0,0.0,0.0,0.0
2025/12/23,08:12:19,0,1.0,213.0,463.0,239.0,0.0,194.0,1.0,1.0,0.0,0.0,0.0,0.0
2025/12/23,08:12:24,0,0.0,188.0,461.0,239.0,25.0,195.0,5.0,6.0,0.0,0.0,0.0,0.0
2025/12/23,08:12:29,0,0.0,218.0,462.0,240.0,0.0,195.0,0.0,1.0,0.0,0.0,0.0,0.0
2025/12/23,08:12:34,0,1.0,191.0,462.0,240.0,27.0,193.0,5.0,6.0,0.0,0.0,0.0,0.0
2025/12/23,08:12:39,0,1.0,202.0,461.0,240.0,0.0,194.0,1.0,1.0,0.0,0.0,0.0,0.0
2025/12/23,08:12:44,0,1.0,187.0,462.0,240.0,27.0,194.0,5.0,5.0,0.0,0.0,0.0,0.0
2025/12/23,08:12:49,0,0.0,201.0,462.0,239.0,0.0,194.0,0.0,1.0,0.0,0.0,0.0,0.0
2025/12/23,08:12:54,0,1.0,193.0,459.0,240.0,26.0,192.0,6.0,5.0,0.0,0.0,0.0,0.0
2025/12/23,08:12:59,0,1.0,210.0,463.0,240.0,0.0,193.0,1.0,1.0,0.0,0.0,0.0,0.0
2025/12/23,08:13:04,0,0.0,189.0,462.0,240.0,24.0,192.0,5.0,5.0,0.0,0.0,0.0,0.0
2025/12/23,08:13:09,0,0.0,197.0,462.0,238.0,11.0,193.0,3.0,3.0,0.0,0.0,0.0,0.0
2025/12/23,08:13:14,0,0.0,201.0,462.0,240.0,0.0,194.0,1.0,1.0,0.0,0.0,0.0,0.0
2025/12/23,08:13:19,0,0.0,194.0,461.0,238.0,26.0,193.0,5.0,5.0,0.0,0.0,0.0,0.0
2025/12/23,08:13:24,0,0.0,185.0,462.0,239.0,25.0,195.0,6.0,5.0,0.0,0.0,0.0,0.0
2025/12/23,08:13:29,0,0.0,206.0,462.0,240.0,0.0,195.0,1.0,1.0,0.0,0.0,0.0,0.0
2025/12/23,08:13:34,0,0.0,207.0,462.0,238.0,0.0,194.0,0.0,1.0,0.0,0.0,0.0,0.0
2025/12/23,08:13:39,0,0.0,194.0,463.0,240.0,5.0,195.0,2.0,2.0,0.0,0.0,0.0,0.0
2025/12/23,08:13:44,0,0.0,191.0,461.0,239.0,20.0,194.0,6.0,5.0,0.0,0.0,0.0,0.0
2025/12/23,08:13:49,0,0.0,187.0,461.0,239.0,23.0,194.0,4.0,5.0,0.0,0.0,0.0,0.0
2025/12/23,08:13:54,0,0.0,212.0,462.0,239.0,0.0,194.0,1.0,0.0,0.0,0.0,0.0,0.0
2025/12/23,08:13:59,0,0.0,197.0,462.0,240.0,0.0,194.0,0.0,1.0,0.0,0.0,0.0,0.0
2025/12/23,08:14:04,0,0.0,190.0,460.0,239.0,23.0,193.0,5.0,5.0,0.0,0.0,0.0,0.0
2025/12/23,08:14:09,0,0.0,188.0,460.0,240.0,27.0,193.0,6.0,6.0,0.0,0.0,0.0,0.0
2025/12/23,08:14:14,0,0.0,206.0,462.0,240.0,0.0,195.0,0.0,1.0,0.0,0.0,0.0,0.0
2025/12/23,08:14:19,0,0.0,201.0,462.0,239.0,0.0,194.0,1.0,1.0,0.0,0.0,0.0,0.0
2025/12/23,08:14:24,0,0.0,192.0,461.0,240.0,24.0,193.0,4.0,5.0,0.0,0.0,0.0,0.0
2025/12/23,08:14:29,0,0.0,188.0,460.0,240.0,29.0,192.0,5.0,5.0,0.0,0.0,0.0,0.0
2025/12/23,08:14:34,0,0.0,204.0,462.0,239.0,0.0,194.0,1.0,1.0,0.0,0.0,0.0,0.0
2025/12/23,08:14:39,0,0.0,196.0,461.0,239.0,26.0,193.0,5.0,5.0,0.0,0.0,0.0,0.0
2025/12/23,08:14:44,0,0.0,190.0,462.0,239.0,19.0,194.0,6.0,4.0,0.0,0.0,0.0,0.0
2025/12/23,08:14:49,0,0.0,214.0,462.0,240.0,0.0,194.0,1.0,1.0,0.0,0.0,0.0,0.0
2025/12/23,08:14:54,0,0.0,194.0,462.0,240.0,13.0,194.0,3.0,3.0,0.0,0.0,0.0,0.0
2025/12/23,08:14:59,0,0.0,187.0,460.0,238.0,24.0,194.0,5.0,5.0,0.0,0.0,0.0,0.0
2025/12/23,08:15:04,0,0.0,203.0,463.0,238.0,0.0,194.0,1.0,1.0,0.0,0.0,0.0,0.0
2025/12/23,08:15:09,0,0.0,194.0,459.0,240.0,25.0,193.0,5.0,5.0,0.0,0.0,0.0,0.0
2025/12/23,08:15:14,0,0.0,211.0,462.0,240.0,1.0,194.0,1.0,1.0,0.0,0.0,0.0,-0.0008
2025/12/23,08:15:19,0,2.0,190.0,462.0,240.0,23.0,193.0,4.0,5.0,0.0,0.0,0.0,0.0
2025/12/23,08:15:24,0,0.0,199.0,463.0,240.0,9.0,193.0,2.0,2.0,0.0,0.0,0.0,0.0
2025/12/23,08:15:29,0,0.0,193.0,462.0,239.0,6.0,194.0,2.0,2.0,0.0,0.0,0.0,0.0
2025/12/23,08:15:34,0,0.0,188.0,462.0,239.0,24.0,194.0,5.0,6.0,0.0,0.0,0.0,0.0
2025/12/23,08:15:39,0,0.0,202.0,462.0,240.0,0.0,194.0,1.0,1.0,0.0,0.0,0.0,0.0
2025/12/23,08:15:44,0,1.0,193.0,462.0,238.0,27.0,192.0,5.0,5.0,0.0,0.0,0.0,0.0
2025/12/23,08:15:49,0,0.0,207.0,463.0,240.0,1.0,193.0,1.0,1.0,0.0,0.0,0.0,0.0
2025/12/23,08:15:54,0,1.0,192.0,462.0,240.0,14.0,194.0,3.0,4.0,0.0,0.0,0.0,0.0
2025/12/23,08:15:59,0,2.0,186.0,459.0,240.0,26.0,193.0,5.0,5.0,0.0,0.0,0.0,0.0
2025/12/23,08:16:04,0,1.0,214.0,462.0,240.0,0.0,193.0,1.0,1.0,0.0,0.0,0.0,0.0
2025/12/23,08:16:09,0,1.0,193.0,462.0,240.0,18.0,193.0,3.0,4.0,0.0,0.0,0.0,0.0
2025/12/23,08:16:14,0,3.0,187.0,462.0,238.0,26.0,194.0,6.0,5.0,0.0,0.0,0.0,0.0
2025/12/23,08:16:19,0,5.0,215.0,462.0,239.0,0.0,194.0,1.0,1.0,0.0,0.0,0.0,-0.0008
2025/12/23,08:16:24,0,1.0,193.0,462.0,240.0,15.0,192.0,2.0,4.0,0.0,0.0,0.0,0.0
2025/12/23,08:16:29,0,1.0,186.0,462.0,239.0,27.0,193.0,5.0,5.0,0.0,0.0,0.0,0.0
2025/12/23,08:16:34,0,1.0,206.0,463.0,240.0,0.0,194.0,0.0,0.0,0.0,0.0,0.0,0.0
2025/12/23,08:16:39,0,0.0,193.0,462.0,240.0,26.0,194.0,6.0,5.0,0.0,0.0,0.0,0.0
2025/12/23,08:16:44,0,2.0,203.0,462.0,240.0,7.0,193.0,2.0,2.0,0.0,0.0,0.0,0.0
2025/12/23,08:16:49,0,0.0,195.0,463.0,240.0,6.0,194.0,3.0,2.0,0.0,0.0,0.0,0.0
2025/12/23,08:16:54,0,1.0,186.0,462.0,240.0,27.0,194.0,5.0,5.0,0.0,0.0,0.0,0.0
2025/12/23,08:16:59,0,2.0,206.0,463.0,238.0,0.0,194.0,1.0,1.0,0.0,0.0,0.0,0.0
2025/12/23,08:17:04,0,2.0,193.0,461.0,240.0,26.0,193.0,5.0,5.0,0.0,0.0,0.0,0.0
2025/12/23,08:17:09,0,2.0,214.0,462.0,239.0,0.0,194.0,1.0,0.0,0.0,0.0,0.0,0.0
2025/12/23,08:17:14,0,1.0,185.0,462.0,240.0,22.0,194.0,5.0,5.0,0.0,0.0,0.0,0.0
2025/12/23,08:17:19,0,1.0,195.0,462.0,240.0,25.0,194.0,6.0,5.0,0.0,0.0,0.0,0.0
2025/12/23,08:17:24,0,0.0,199.0,461.0,240.0,1.0,194.0,1.0,1.0,0.0,0.0,0.0,0.0
2025/12/23,08:17:29,0,0.0,200.0,464.0,240.0,8.0,194.0,1.0,2.0,0.0,0.0,0.0,0.0
2025/12/23,08:17:34,0,2.0,195.0,462.0,238.0,26.0,194.0,5.0,5.0,0.0,0.0,0.0,0.0
2025/12/23,08:17:39,0,4.0,195.0,465.0,240.0,16.0,193.0,3.0,4.0,0.0,0.0,0.0,0.0
2025/12/23,08:17:44,0,2.0,205.0,462.0,240.0,0.0,194.0,1.0,1.0,0.0,0.0,0.0,0.0
2025/12/23,08:17:49,0,1.0,196.0,461.0,240.0,15.0,193.0,2.0,2.0,0.0,0.0,0.0,0.0
2025/12/23,08:17:54,0,1.0,194.0,461.0,240.0,27.0,192.0,5.0,5.0,0.0,0.0,0.0,0.0
2025/12/23,08:17:59,0,0.0,198.0,462.0,239.0,0.0,194.0,1.0,1.0,0.0,0.0,0.0,0.0
2025/12/23,08:18:04,0,4.0,192.0,462.0,241.0,19.0,194.0,4.0,4.0,0.0,0.0,0.0,0.0
2025/12/23,08:18:09,0,0.0,193.0,462.0,240.0,20.0,194.0,4.0,4.0,0.0,0.0,0.0,0.0
2025/12/23,08:18:14,0,1.0,211.0,462.0,240.0,0.0,194.0,0.0,1.0,0.0,0.0,0.0,0.0
2025/12/23,08:18:19,0,1.0,193.0,461.0,240.0,20.0,194.0,4.0,4.0,0.0,0.0,0.0,0.0
2025/12/23,08:18:24,0,2.0,196.0,462.0,240.0,27.0,194.0,6.0,6.0,0.0,0.0,0.0,0.0
2025/12/23,08:18:29,0,0.0,197.0,464.0,238.0,1.0,193.0,1.0,1.0,0.0,0.0,0.0,0.0
2025/12/23,08:18:34,0,3.0,201.0,463.0,238.0,8.0,193.0,1.0,2.0,0.0,0.0,0.0,0.0
2025/12/23,08:18:39,0,2.0,190.0,462.0,240.0,24.0,193.0,4.0,4.0,0.0,0.0,0.0,0.0
2025/12/23,08:18:44,0,2.0,199.0,461.0,240.0,9.0,192.0,2.0,3.0,0.0,0.0,0.0,0.0
2025/12/23,08:18:49,0,1.0,202.0,463.0,240.0,0.0,193.0,0.0,1.0,0.0,0.0,0.0,0.0
2025/12/23,08:18:54,0,4.0,191.0,462.0,240.0,23.0,195.0,5.0,5.0,0.0,0.0,0.0,0.0
2025/12/23,08:18:59,0,2.0,189.0,461.0,240.0,28.0,192.0,6.0,5.0,0.0,0.0,0.0,0.0
2025/12/23,08:19:04,0,0.0,207.0,463.0,238.0,1.0,195.0,1.0,1.0,0.0,0.0,0.0,0.0
2025/12/23,08:19:09,0,0.0,201.0,463.0,240.0,0.0,195.0,0.0,1.0,0.0,0.0,0.0,0.0
2025/12/23,08:19:22,0,2.0,198.0,461.0,240.0,11.0,195.0,4.0,3.0,0.0,0.0,0.0,0.0
2025/12/23,08:19:26,0,2.0,190.0,461.0,240.0,25.0,194.0,6.0,5.0,0.0,0.0,0.0,0.0
2025/12/23,08:19:31,0,1.0,189.0,462.0,240.0,25.0,194.0,5.0,5.0,0.0,0.0,0.0,0.0
2025/12/23,08:19:36,0,0.0,210.0,464.0,240.0,0.0,194.0,0.0,0.0,0.0,0.0,0.0,0.0
2025/12/23,08:19:41,0,0.0,195.0,463.0,241.0,7.0,194.0,2.0,3.0,0.0,0.0,0.0,0.0
2025/12/23,08:19:46,0,2.0,193.0,462.0,240.0,25.0,193.0,5.0,5.0,0.0,0.0,0.0,0.0
2025/12/23,08:19:51,0,0.0,186.0,462.0,240.0,24.0,195.0,6.0,5.0,0.0,0.0,0.0,0.0
2025/12/23,08:19:56,0,0.0,214.0,462.0,240.0,0.0,195.0,1.0,0.0,0.0,0.0,0.0,0.0
2025/12/23,08:20:01,0,1.0,196.0,463.0,241.0,6.0,194.0,1.0,1.0,0.0,0.0,0.0,0.0
2025/12/23,08:20:06,0,3.0,196.0,461.0,240.0,27.0,193.0,5.0,5.0,0.0,0.0,0.0,0.0
2025/12/23,08:20:11,0,0.0,189.0,461.0,239.0,28.0,194.0,6.0,5.0,0.0,0.0,0.0,0.0
2025/12/23,08:20:16,0,2.0,197.0,462.0,240.0,12.0,196.0,2.0,3.0,0.0,0.0,0.0,0.0
2025/12/23,08:20:21,0,1.0,210.0,463.0,240.0,0.0,194.0,0.0,0.0,0.0,0.0,0.0,0.0
2025/12/23,08:20:26,0,0.0,194.0,462.0,240.0,15.0,195.0,3.0,3.0,0.0,0.0,0.0,0.0
2025/12/23,08:20:31,0,1.0,195.0,461.0,240.0,26.0,195.0,6.0,5.0,0.0,0.0,0.0,0.0
2025/12/23,08:20:36,0,0.0,193.0,462.0,239.0,16.0,194.0,4.0,4.0,0.0,0.0,0.0,-0.0008
2025/12/23,08:20:41,0,0.0,214.0,461.0,240.0,0.0,195.0,1.0,1.0,0.0,0.0,0.0,0.0
2025/12/23,08:20:46,0,1.0,198.0,462.0,240.0,1.0,195.0,0.0,1.0,0.0,0.0,0.0,0.0
2025/12/23,08:20:51,0,0.0,194.0,460.0,240.0,31.0,195.0,5.0,5.0,0.0,0.0,0.0,0.0
2025/12/23,08:20:56,0,0.0,191.0,462.0,240.0,17.0,195.0,4.0,4.0,0.0,0.0,0.0,0.0
2025/12/23,08:21:01,0,1.0,206.0,463.0,240.0,0.0,195.0,0.0,0.0,0.0,0.0,0.0,0.0
2025/12/23,08:21:06,0,3.0,192.0,462.0,238.0,25.0,194.0,6.0,5.0,0.0,0.0,0.0,0.0
2025/12/23,08:21:11,0,1.0,207.0,464.0,240.0,1.0,194.0,1.0,1.0,0.0,0.0,0.0,0.0
2025/12/23,08:21:16,0,3.0,189.0,461.0,240.0,26.0,193.0,4.0,5.0,0.0,0.0,0.0,0.0
2025/12/23,08:21:21,0,0.0,212.0,463.0,241.0,0.0,195.0,1.0,1.0,0.0,0.0,0.0,0.0
2025/12/23,08:21:26,0,1.0,195.0,460.0,239.0,28.0,194.0,5.0,5.0,0.0,0.0,0.0,0.0
2025/12/23,08:21:31,0,1.0,204.0,463.0,241.0,0.0,195.0,0.0,1.0,0.0,0.0,0.0,0.0
2025/12/23,08:21:36,0,4.0,197.0,461.0,240.0,12.0,195.0,3.0,3.0,0.0,0.0,0.0,0.0
2025/12/23,08:21:41,0,0.0,186.0,461.0,239.0,27.0,193.0,5.0,5.0,0.0,0.0,0.0,0.0
2025/12/23,08:21:46,0,1.0,186.0,461.0,240.0,25.0,194.0,6.0,5.0,0.0,0.0,0.0,0.0
2025/12/23,08:21:51,0,0.0,193.0,462.0,240.0,18.0,194.0,4.0,4.0,0.0,0.0,0.0,0.0
2025/12/23,08:21:56,0,0.0,205.0,462.0,239.0,5.0,195.0,1.0,1.0,0.0,0.0,0.0,0.0
2025/12/23,08:22:01,0,2.0,211.0,461.0,240.0,6.0,195.0,0.0,1.0,0.0,0.0,0.0,0.0
2025/12/23,08:22:06,0,3.0,216.0,462.0,240.0,1.0,195.0,1.0,1.0,0.0,0.0,0.0,0.0
2025/12/23,08:22:11,0,0.0,207.0,463.0,238.0,0.0,195.0,0.0,1.0,0.0,0.0,0.0,0.0
