Algorithm,Population Size,Trial_Number,Final_Cost,Kp,Ki,Iterations
DE,10,0,Final_Cost_ITAE,Best_Kp,Best_Ki,Iterations_Run
DE,10,1,1.570411998494914,9.812464957847993,0.006040646028996668,4
DE,10,2,1.5716910199211858,12.108006101011462,0.005891731875146898,4
DE,10,3,1.5806414184886854,12.377329928334817,0.007728849218059343,4
DE,10,4,1.5740698680125202,12.618921340223295,0.00949783587635392,4
DE,10,5,1.5696699301601331,11.180092980517365,0.009605760545478272,4
DE,10,6,1.5737616242868717,12.845448290784212,0.005877863383908573,4
DE,10,7,1.5698636585847376,11.0024477534228,0.009599455765784888,4
DE,10,8,1.5770458092434299,11.611027897603442,0.0076428208608176566,4
DE,10,9,1.5755597739073919,8.993424966456217,0.005845413260665422,4
DE,10,10,1.5814938276452308,12.012958589457654,0.008232947293701389,4
DE,10,11,1.572919287103934,10.035353110775233,0.006428788706130751,4
DE,10,12,1.5735646388850144,8.907023427440798,0.004355616197879835,4
DE,10,13,1.5700629019929853,11.359624666570383,0.009621823231442207,4
DE,10,14,1.5697790750574367,10.14959604477415,0.00613018018327756,4
DE,10,15,1.5680893985703945,11.998576242542164,0.005722998385490534,4
DE,10,16,1.5736909704070434,11.888415148251525,0.006573113137902678,3
DE,10,17,1.5735481505755855,9.667384060309352,0.00975137150719679,4
DE,10,18,1.5722522763420497,11.310884773946619,0.008127115664241388,4
DE,10,19,1.5719097789417682,12.18513849721608,0.005864928152748125,4
DE,10,20,1.575977410826104,9.522673241091688,0.006401795761941978,4
DE,10,21,1.5791394192977555,12.81003364832565,0.007121789117965166,4
DE,10,22,1.579307924170677,13.574800370810209,0.009124856938730413,4
DE,10,23,1.5749884644437009,12.742290464968065,0.006574398624664567,4
DE,10,24,1.5702218495520512,11.648328725875054,0.009522569574781821,4
DE,10,25,1.570154258996117,11.148716827675692,0.009755019901731839,4
DE,10,26,1.5724218070525078,12.641477320473662,0.005614309279728185,4
DE,10,27,1.5790534169470518,13.15623459866638,0.006739182741194415,4
DE,10,28,1.5814719949813962,13.518590455819236,0.0099551863661498,4
DE,10,29,1.5666057777891125,11.785657301962104,0.005731226015938031,4
DE,10,30,1.5751512144710873,12.610265459292087,0.00996819059285503,4
DE,10,31,1.5704429875351633,11.183820848295774,0.009928727514311148,4
DE,10,32,1.576688944606493,11.431169198371762,0.007493362244644829,4
DE,10,33,1.5730675227573883,12.394973956099818,0.006222041416362278,4
DE,10,34,1.5829260388505857,14.018695022419045,0.009062175180922317,4
DE,10,35,1.5771703987160843,11.332331858021554,0.004959601899132742,4
DE,10,36,1.573838658583514,10.41704217036677,0.0065806074582487216,4
DE,10,37,1.572297522501177,11.053268191989481,0.006411032327986786,4
DE,10,38,1.5699322034427443,10.74219821714457,0.00964158619573496,4
DE,10,39,1.5679978999820032,10.713201023317929,0.006085699291858231,4
DE,10,40,1.5693816383641686,10.887736648068,0.009686854375566729,4
DE,10,41,1.570355317914363,10.651997756666091,0.006322004886099119,4
DE,10,42,1.5791258427854524,10.315036165471142,0.007750336482106554,4
DE,10,43,1.5775932289253618,11.445451180427845,0.0063889154743553625,4
DE,10,44,1.569711835898574,11.52301539747829,0.009595939589036137,4
DE,10,45,1.5726030928927734,12.154381500765986,0.0059121553325975525,4
DE,10,46,1.5697414114193229,10.987599807585909,0.009785067911919163,4
DE,10,47,1.5720459143776586,11.270871434576428,0.006296678446694445,4
DE,10,48,1.5658514349980073,11.051349850912736,0.005750228456188764,4
DE,10,49,1.5670697023325384,10.506520871567169,0.005924932060457196,4
DE,10,50,1.5721416397100627,11.922240979078254,0.009872723456635198,4
DE,20,0,Final_Cost_ITAE,Best_Kp,Best_Ki,Iterations_Run
DE,20,1,1.5673599586062785,10.423401826409133,0.005936100756148954,4
DE,20,2,1.5708443477269176,11.503855976679546,0.009794265412541305,4
DE,20,3,1.5719519688150263,11.817855516987983,0.009948373470755655,4
DE,20,4,1.5696553021019772,10.08001639992731,0.006165260138100571,4
DE,20,5,1.5663476675611618,10.699266545008584,0.005848666799240077,4
DE,20,6,1.5744047381987833,12.89272787036797,0.006186692658711087,4
DE,20,7,1.5694895394216695,11.30094030390741,0.008721828358628605,4
DE,20,8,1.573008165171806,11.445304517105633,0.006257623012513906,4
DE,20,9,1.5710081539849907,10.6194128434378,0.00634825087680827,4
DE,20,10,1.569900942046746,9.763337707894038,0.005924458194691607,4
DE,20,11,1.5691565742568239,10.770102363948247,0.006192299677248751,4
DE,20,12,1.5661809491199883,11.098604040718165,0.005839738070729824,4
DE,20,13,1.567114958777009,10.981347614488513,0.005956159843285838,4
DE,20,14,1.5699384887906978,10.241998519246131,0.006171872340579261,4
DE,20,15,1.5680233721862267,10.248373322698768,0.006015257091317246,4
DE,20,16,1.5734155549705156,12.566092518441017,0.006480697868639602,4
DE,20,17,1.5694643091425182,10.441646359248807,0.00615885252410614,4
DE,20,18,1.5713932579811147,9.601990627088277,0.005978509153006413,4
DE,20,19,1.5737814680898943,12.435774936645792,0.006523116293972187,4
DE,20,20,1.5659087592158587,11.167801440894152,0.0058015384965245135,4
DE,20,21,1.570459375316286,11.36587412811604,0.009652598025717711,4
DE,20,22,1.5672789012395092,12.000488375287652,0.0056892975445448244,4
DE,20,23,1.5778208852873852,12.536131409118454,0.00708428246804905,4
DE,20,24,1.5651522771908803,11.214319435691166,0.005767361206985937,4
DE,20,25,1.568515986057328,10.916057548529892,0.006073989925807068,4
DE,20,26,1.5732573216692707,11.513044228121188,0.006660156267596633,4
DE,20,27,1.5700888600809606,10.640207257774563,0.009774870360357173,4
DE,20,28,1.5645874976853165,11.02270900720643,0.005771583632284058,4
DE,20,29,1.5752858450826774,12.80691484994368,0.009575459409116732,4
DE,20,30,1.569100063989054,9.834921348157451,0.005878413481861188,4
DE,20,31,1.5698177901888501,10.883613377559506,0.006211378368793269,4
DE,20,32,1.5661355321750425,10.880613564127366,0.005872129073544916,4
DE,20,33,1.5693859157663128,11.097397424476412,0.00968144464885742,4
DE,20,34,1.5770720898907598,11.265427840361305,0.007711880492614242,4
DE,20,35,1.570393642521738,10.453867290367427,0.006259529303829822,4
DE,20,36,1.5686288287784778,10.07635591122608,0.005976367628930964,4
DE,20,37,1.5670080867011942,10.976420534803239,0.005958872208522152,4
DE,20,38,1.5662354184293203,11.572298831888467,0.005718837992562628,4
DE,20,39,1.5715811122617758,10.069442989479384,0.009814962940254829,4
DE,20,40,1.568105151601977,10.251549025289904,0.0059667998519988994,4
DE,20,41,1.5728854413314162,10.466994747419484,0.00659369342373967,4
DE,20,42,1.5727441486665505,9.968542157703993,0.009902671902640887,4
DE,20,43,1.5714414171483608,10.73611171664318,0.006353452247614116,4
DE,20,44,1.5664479913559448,11.063340424901405,0.0058584143260557555,4
DE,20,45,1.5655046025596597,11.243252785559307,0.005756764935972721,4
DE,20,46,1.5671821232736445,10.671822214507237,0.005995052140187689,4
DE,20,47,1.567357348326374,10.574461575921738,0.005945989446853458,4
DE,20,48,1.5729675600787456,11.957708009724946,0.006326121571792952,4
DE,20,49,1.5690228065566227,10.297730828244475,0.006087653547026923,4
DE,20,50,1.568717420552239,10.581480783737597,0.006076004666084432,4
DE,30,0,Final_Cost_ITAE,Best_Kp,Best_Ki,Iterations_Run
DE,30,1,1.5649492218071483,10.891004943655204,0.005766227585871995,4
DE,30,2,1.5702584016943248,11.281404089101315,0.009794499064391471,4
DE,30,3,1.5663650315212037,11.394619257109305,0.005810260476760851,4
DE,30,4,1.5675625708886618,10.217494982650777,0.005909715346068875,4
DE,30,5,1.570186638788187,10.874821642854407,0.006262290326490097,4
DE,30,6,1.5703722155301292,10.316471814142197,0.006227840881475555,4
DE,30,7,1.566361868818157,10.815234001698308,0.0058472866836487575,4
DE,30,8,1.5675578010738698,11.20199243847982,0.00598046205967979,4
DE,30,9,1.5709086737928282,11.84776477246546,0.00998223793199738,4
DE,30,10,1.5690088379759337,10.666314288798198,0.006117677852675337,4
DE,30,11,1.575950934252366,9.330991848792713,0.009772430126564674,4
DE,30,12,1.5669968775035255,11.134733716852303,0.005977655179669618,4
DE,30,13,1.5685126234585658,10.498925090764693,0.006023415523711186,4
DE,30,14,1.5663137727719025,10.497650354129007,0.0058260003727565015,4
DE,30,15,1.5680020441598594,11.431163208361134,0.00594896995108736,4
DE,30,16,1.569954168194251,11.355086180698521,0.009720864972891513,4
DE,30,17,1.5655688938647252,11.377636828405265,0.00574815434978357,4
DE,30,18,1.5707773997306402,11.003735265794027,0.006240579349548251,4
DE,30,19,1.5699494090799995,11.204596436843495,0.009648179787232723,4
DE,30,20,1.5730116259160412,11.035572253468459,0.0064583043687684435,4
DE,30,21,1.56735418425953,11.566296805936325,0.005862686263604676,4
DE,30,22,1.5700141989776777,11.500073569070672,0.006083814038841324,4
DE,30,23,1.5731455939973227,12.865382927170003,0.005996601437948608,4
DE,30,24,1.5705428615878372,11.044862697988435,0.00627560580494995,4
DE,30,25,1.5707933756865877,10.43394963593785,0.009793696436761489,4
DE,30,26,1.5660701201388414,10.613965954824806,0.005870587554088915,4
DE,30,27,1.5660804268501014,11.851485693348593,0.005725396897757952,4
DE,30,28,1.5667080433869778,10.809140223612495,0.005898675100214218,4
DE,30,29,1.5653212989289587,10.780844538293707,0.00578764039190339,4
DE,30,30,1.5697228099825287,10.265017640851987,0.0061549472892677105,4
DE,30,31,1.5672910050759048,10.378912094207479,0.005902130351529708,4
DE,30,32,1.568266464262271,11.006000948448964,0.006066315688246271,4
DE,30,33,1.5683013137258937,10.689032141705539,0.00610235459027032,4
DE,30,34,1.5665324456972973,10.826252776091692,0.005885818907782459,4
DE,30,35,1.5653999979972828,11.403509856789839,0.005751328810920178,4
DE,30,36,1.5703735144845445,10.627292402739023,0.006283643680112115,4
DE,30,37,1.5738118319321937,9.655320712272598,0.009796456024609716,4
DE,30,38,1.5706710275963778,10.577185950267591,0.009897510744707773,4
DE,30,39,1.5670960942209728,11.322424502380208,0.006494084690862564,4
DE,30,40,1.565115212962322,10.92170598025055,0.00582555738770146,4
DE,30,41,1.5669202670136246,10.496130627840834,0.005927450225862011,4
DE,30,42,1.5682413882026542,11.246421954948204,0.005999014142892095,4
DE,30,43,1.5657741655479704,11.104929849468448,0.005785178313039102,4
DE,30,44,1.5780371960607713,13.394944435015134,0.009171518189357629,4
DE,30,45,1.5701628270503365,10.930949607645331,0.009817126849177387,4
DE,30,46,1.570592036240988,10.138860738384338,0.006191010319964352,4
DE,30,47,1.5669573018605325,11.40864573799243,0.005889665056160252,4
DE,30,48,1.5688188519000728,11.022067440423328,0.006135980382646634,4
DE,30,49,1.5653887281369845,11.093810817211931,0.005889614397671995,4
DE,30,50,1.5658685702776407,11.479689000316625,0.005766111401861533,4
DE,40,0,Final_Cost_ITAE,Best_Kp,Best_Ki,Iterations_Run
DE,40,1,1.5674634717013782,10.838377929790653,0.0060211715461355704,4
DE,40,2,1.567247461076265,10.56077277576793,0.005970744726061412,4
DE,40,3,1.5656683327017817,10.612969807338231,0.0058082479994142405,4
DE,40,4,1.5666788462285206,10.17613416956776,0.005785459464691574,4
DE,40,5,1.5676779445043647,11.67341404197154,0.0058479724612538345,4
DE,40,6,1.5655118388191342,10.845422674442268,0.005796979765443404,4
DE,40,7,1.56878834097044,10.47636792929508,0.006089675151880814,4
DE,40,8,1.567332596571245,10.470578200606681,0.0059281429201628166,4
DE,40,9,1.5647562629647158,11.15716748176741,0.005783158635278305,4
DE,40,10,1.5664146562261816,11.066453277306877,0.005877622421691244,4
DE,40,11,1.5689962873230967,11.443914051599414,0.006010119030522807,4
DE,40,12,1.5689485299195125,9.777341791566478,0.005810459241940177,4
DE,40,13,1.5653200147759188,10.90036848961499,0.005754804069481243,4
DE,40,14,1.5670967958925675,11.833691633322218,0.005760887551556527,4
DE,40,15,1.5679628530413212,10.694656986920101,0.006096728343821881,4
DE,40,16,1.5674176051275588,10.628585639667612,0.006034677385722125,4
DE,40,17,1.5702433350230787,11.203668156366113,0.006185779158635726,4
DE,40,18,1.566061386489163,10.716917324781328,0.005840480484558763,4
DE,40,19,1.5676730981268077,11.331835806162928,0.006414252989344963,4
DE,40,20,1.565823987675301,10.919455472435175,0.005810133437487733,4
DE,40,21,1.571591674010011,11.293130504215846,0.007308314785014451,4
DE,40,22,1.5648114226608032,11.145242472969962,0.005756871651298975,4
DE,40,23,1.565073481817602,11.453435548892685,0.005747232640841898,4
DE,40,24,1.5678033634213788,9.795920358632124,0.005778660093978286,4
DE,40,25,1.5676809778837955,11.71205751324684,0.005826654335884913,4
DE,40,26,1.5700679916701141,9.90545148754034,0.006041464864878386,4
DE,40,27,1.5651609372451172,10.635680860082438,0.005799532153117569,4
DE,40,28,1.5694405034494987,11.107416442869635,0.009628387636947879,4
DE,40,29,1.5706064683490497,10.720207611805918,0.009916242704149265,4
DE,40,30,1.5666471300051832,11.199678995811283,0.005905767306792806,4
DE,40,31,1.5653316084730564,11.38121377533652,0.005776155840131955,4
DE,40,32,1.5660430116096737,11.56185028753103,0.005736219181307084,4
DE,40,33,1.5647186984395025,11.049497958151143,0.0057544948999968025,4
DE,40,34,1.5652869039934445,11.026187564056862,0.0057657296019018815,4
DE,40,35,1.570498431834944,10.518447748501401,0.009708323414728631,4
DE,40,36,1.5700198575574749,11.033832295551598,0.009785356783702199,4
DE,40,37,1.5709535272708055,10.670880006220244,0.009843340387836474,4
DE,40,38,1.5686074444639153,10.691312426741867,0.006116888418499536,4
DE,40,39,1.5665388819434214,11.642615987364863,0.005726297376672483,4
DE,40,40,1.5658414946405816,11.043305494087264,0.005809012419241248,4
DE,40,41,1.5664727733942074,10.378713471866241,0.005852087111053049,4
DE,40,42,1.5681150539561919,10.544467953616078,0.006042325760159362,4
DE,40,43,1.5657698355518457,10.925448764847161,0.005838156751821547,4
DE,40,44,1.5652658793037377,11.278893475170896,0.0057716285538385575,4
DE,40,45,1.5711414789425584,12.044132587693106,0.005935753784292185,4
DE,40,46,1.569754652743637,10.893778295487579,0.009758869968677551,4
DE,40,47,1.5685591282342344,9.96425892558402,0.005862654869969789,4
DE,40,48,1.5678712771435228,10.87521810027706,0.006061705929254928,4
DE,40,49,1.569842174068162,11.419191825211996,0.00965303290127181,4
DE,40,50,1.5675916215023742,10.72396918702811,0.006043479147070223,4
DE,50,0,Final_Cost_ITAE,Best_Kp,Best_Ki,Iterations_Run
DE,50,1,1.5690190740247376,9.737332430419109,0.005789117167119517,4
DE,50,2,1.5655988153295592,11.010550925112682,0.00581425037718147,4
DE,50,3,1.5671184868176553,10.450922167386373,0.005887650672621332,4
DE,50,4,1.5662133725261982,10.455541211288,0.005861467401326927,4
DE,50,5,1.5677736727482887,9.98202498979068,0.005811597531775205,4
DE,50,6,1.569762338420473,10.672572884668824,0.009754757497053047,4
DE,50,7,1.570163331990482,10.779991510760858,0.009827372287777112,4
DE,50,8,1.5695320129112371,11.208902365636305,0.009762616544873856,4
DE,50,9,1.5669276649016535,11.29659066409161,0.004891427567754944,4
DE,50,10,1.5663614395604635,10.349371415202903,0.005867304053457216,4
DE,50,11,1.5671765984155346,10.725381697511501,0.0059869172158740986,4
DE,50,12,1.5684163323248501,11.537997029520056,0.005966687182859341,4
DE,50,13,1.5651852484355104,11.282584254677182,0.005733896555223287,4
DE,50,14,1.5662490188577234,11.016355791842678,0.0058559070055961724,4
DE,50,15,1.5692869635184687,12.081334850911517,0.005764018904084839,4
DE,50,16,1.565545733417168,11.088583846621034,0.005797099033900237,4
DE,50,17,1.565313157886858,11.059557138431082,0.005798054101230389,4
DE,50,18,1.5651931626059474,10.677268959765286,0.005763358556854414,4
DE,50,19,1.5673975814924161,10.32122632684898,0.0059510052571079336,4
DE,50,20,1.5659296719901408,11.038437679849515,0.005892547443378277,4
DE,50,21,1.5655949043133777,11.36639645537472,0.005755887545896493,4
DE,50,22,1.5654822418181145,10.619125295306091,0.005773164344859662,4
DE,50,23,1.5663267095395452,11.835835997943931,0.005731960719293671,4
DE,50,24,1.5680651307584144,11.30176466168595,0.006360861523662496,4
DE,50,25,1.5667933776767302,10.457742322885196,0.005883899693455141,4
DE,50,26,1.5665089662224732,10.91620755829021,0.005915057630571942,4
DE,50,27,1.56937158408482,11.19992418739914,0.009723986661822137,4
DE,50,28,1.5660436447229042,11.55750017180491,0.005740615077233142,4
DE,50,29,1.5662692756785144,10.665952245845794,0.005836552856768956,4
DE,50,30,1.5657921665621397,11.613404567251798,0.005725576441724472,4
DE,50,31,1.5681536089596257,11.00301001940037,0.006064223204037028,4
DE,50,32,1.5666429446413646,11.449637766310303,0.005800958329749849,4
DE,50,33,1.5668831173841677,10.531816370129164,0.005881691553929332,4
DE,50,34,1.570002577915912,11.524671354268413,0.009562518499173906,4
DE,50,35,1.568541674840814,11.423317751531926,0.005993884834287435,4
DE,50,36,1.5663474715006354,10.837869004355305,0.005874516701083253,4
DE,50,37,1.566668875511969,12.0813760338825,0.005664896191924447,4
DE,50,38,1.570185736806849,10.41483850408163,0.00967684539321757,4
DE,50,39,1.5682425761644705,10.779137446441467,0.006088135391978737,4
DE,50,40,1.567061679718959,11.016238424878182,0.005989930446088732,4
DE,50,41,1.565707791337175,10.885470363843915,0.005818924510273532,4
DE,50,42,1.5680757206001321,12.105398066575127,0.005702214861941091,4
DE,50,43,1.567945051074293,10.701412714661501,0.005990672754733869,4
DE,50,44,1.5670953098554008,11.153739450470539,0.0059564030170303215,4
DE,50,45,1.5697740514454472,10.706242575898258,0.00625793327725995,4
DE,50,46,1.5651337094399362,11.270782566786629,0.005745925191474759,4
DE,50,47,1.5656642508367895,11.521707878052155,0.00580232773802552,4
DE,50,48,1.5653823752674252,10.723206495459358,0.0057764278072506324,4
DE,50,49,1.5699633608284556,10.818085183614052,0.009801279579767414,4
DE,50,50,1.5649891546397576,10.925151922463009,0.005760614548899034,4
DE,60,0,Final_Cost_ITAE,Best_Kp,Best_Ki,Iterations_Run
DE,60,1,1.5663867554082367,11.68207723117164,0.005707032386120079,4
DE,60,2,1.5656729962255087,10.64550541813071,0.005791041783954731,4
DE,60,3,1.5685063049135772,10.512466507863664,0.006106522825102292,4
DE,60,4,1.5674558708186705,10.61100126265795,0.005929117349741095,4
DE,60,5,1.5673750730327343,11.210712738869752,0.005955317963373466,4
DE,60,6,1.5666901923564445,10.387715270771594,0.0058339641257837554,4
DE,60,7,1.56872750056449,11.823654782248418,0.00591943569423025,4
DE,60,8,1.5677843106900868,10.397363649913423,0.0059560391141178955,4
DE,60,9,1.5679165001399697,10.1870587493707,0.005928951165747271,4
DE,60,10,1.566242360664847,10.315230654216279,0.005818511635068052,4
DE,60,11,1.5661281721204867,10.340602818530726,0.005787992689783734,4
DE,60,12,1.5655696768619218,10.799883181980718,0.0058269645673243295,4
DE,60,13,1.566514676284414,11.3173341399172,0.006909542165249815,4
DE,60,14,1.5690607094672355,11.505685628230893,0.006017273408980944,4
DE,60,15,1.5656426349059778,11.231087636178643,0.005827145811269926,4
DE,60,16,1.5679466165886848,11.947733025328397,0.0057020698523926475,4
DE,60,17,1.5725454645118995,10.378573810143202,0.006478719628279811,4
DE,60,18,1.5675669038241173,11.211621110874162,0.005978560025561117,4
DE,60,19,1.5660679463489444,10.74615933690589,0.0058338769460831,4
DE,60,20,1.566515272175604,11.156824129769738,0.005840658304762641,4
DE,60,21,1.5666358540257268,11.405751719087881,0.0058291695195400615,4
DE,60,22,1.5697269670485845,10.90212185419228,0.006212686723374006,4
DE,60,23,1.5700142057995254,11.533605651330994,0.009608997083138004,4
DE,60,24,1.5660980054268923,11.429103640221612,0.0057753603835851396,4
DE,60,25,1.5690279682096997,10.68429809848346,0.006155753895779009,4
DE,60,26,1.566324565816548,11.625636805904811,0.00572209644522547,4
DE,60,27,1.566178700261305,11.472836404389128,0.005758259892266602,4
DE,60,28,1.5667061696716618,11.205706208018263,0.005916408940256725,4
DE,60,29,1.5711348858451342,11.755190885645689,0.009990750839702031,4
DE,60,30,1.5703398364147276,10.55647268395846,0.006286454998131724,4
DE,60,31,1.571903896600893,11.0220733211318,0.006389304738796558,4
DE,60,32,1.5661619456356441,11.606925188804269,0.005720824169914967,4
DE,60,33,1.5657362986148664,10.569955941690019,0.005798136697760595,4
DE,60,34,1.5698411433740893,10.471886980400917,0.006222361937648919,4
DE,60,35,1.566869524094371,10.312673290661358,0.005841240687473257,4
DE,60,36,1.5673853517899858,11.300703352682227,0.00735347679931256,4
DE,60,37,1.5685865504565566,11.54179577715363,0.0059379395014765015,4
DE,60,38,1.5662813778672464,11.210901296988801,0.005902025275893749,4
DE,60,39,1.5675863712484754,10.14245038066791,0.005868793994465954,4
DE,60,40,1.5656012408553646,11.604384424054501,0.005768218635836363,4
DE,60,41,1.5667906260370053,11.139585855133788,0.005918376086457685,4
DE,60,42,1.5682578409098007,10.313067589573556,0.00598791141763758,4
DE,60,43,1.5674638185861909,10.31323575565952,0.005936460143982522,4
DE,60,44,1.566304959126759,10.826212522408838,0.005875629966211219,4
DE,60,45,1.565326093221237,10.55665505474601,0.005792200225868206,4
DE,60,46,1.5674328594034785,11.889408270847454,0.005718122727855218,4
DE,60,47,1.56540324695385,10.833696561777835,0.005817727475497267,4
DE,60,48,1.570997121764314,11.782795967310719,0.009653384742552298,4
DE,60,49,1.5657899803786424,10.875062021143506,0.005836893068555135,4
DE,60,50,1.5660791224320234,10.930555915494615,0.005858742166099446,4
DE,70,0,Final_Cost_ITAE,Best_Kp,Best_Ki,Iterations_Run
DE,70,1,1.5676391286000335,11.906380156141978,0.005780937699890104,4
DE,70,2,1.5654589631309657,10.80612398504094,0.005796027847797767,4
DE,70,3,1.5655110841605078,11.674773244123699,0.0057274585885321,4
DE,70,4,1.5696445832814891,12.398685447707237,0.0056222828397172984,4
DE,70,5,1.5668513017706003,11.408260606320916,0.005902794523605219,4
DE,70,6,1.5659613051840078,11.44183557333566,0.0057847198813074496,4
DE,70,7,1.56565209358468,10.459074514980976,0.00581276735100161,4
DE,70,8,1.5662123560135799,11.339794808282036,0.005837462052598354,4
DE,70,9,1.565945843206609,10.622862768442545,0.005847634050716094,4
DE,70,10,1.5651774448694058,10.66303241478419,0.00576439509567314,4
DE,70,11,1.5655882482229373,10.89018416360976,0.005771584006770684,4
DE,70,12,1.56764407464345,11.195921706398302,0.005977241453555512,4
DE,70,13,1.5685949882091876,9.722185823856826,0.005781291602081575,4
DE,70,14,1.5657884982428887,10.70432982151521,0.005843476800937241,4
DE,70,15,1.5654434918333127,11.02447392907763,0.005793762566753179,4
DE,70,16,1.5663633788513418,11.567882562824998,0.005758400849597017,4
DE,70,17,1.5660996188501717,10.83677355474704,0.0058628365480718845,4
DE,70,18,1.5658574405934578,11.22111567685296,0.005782399444243815,4
DE,70,19,1.5650510188395104,11.02021188775472,0.005764849612814608,4
DE,70,20,1.5664591446771114,11.718592167089831,0.00572100695112976,4
DE,70,21,1.5657728981494197,10.382838292209449,0.005772336490568694,4
DE,70,22,1.5698613345999812,11.479726678188378,0.009516296296348068,4
DE,70,23,1.5653127523085435,10.662349797501413,0.005761129005451897,4
DE,70,24,1.5679423489491435,10.471749930839707,0.006021463245679286,4
DE,70,25,1.5681265246415248,10.512734566832371,0.0060615995764212,4
DE,70,26,1.5681881647235794,11.476251900740678,0.005960193002390972,4
DE,70,27,1.5674149102914705,11.846630831501152,0.005785765153516307,4
DE,70,28,1.5681867419187274,11.865998030184755,0.005780751928203035,4
DE,70,29,1.5698810578875904,11.034325797487824,0.009637436901118967,4
DE,70,30,1.5679076339374858,10.53983170866038,0.006033416932420697,4
DE,70,31,1.5673476110700606,10.635731583704057,0.005923832745088196,4
DE,70,32,1.5670661842423599,11.141099632093301,0.005963794904034356,4
DE,70,33,1.5656856359255578,10.527367814147986,0.0057906581112495865,4
DE,70,34,1.5662108818855083,10.997616475599088,0.0058818165898452315,4
DE,70,35,1.5651632176947892,10.794051712803423,0.0057806552969430205,4
DE,70,36,1.5670854976148307,10.453535729622502,0.005883042882936121,4
DE,70,37,1.5651267612636564,11.711098031630222,0.005704273218866208,4
DE,70,38,1.5665756582025443,11.84828029447128,0.00569402184189769,4
DE,70,39,1.5655396570701323,11.247880863958429,0.005800007207670101,4
DE,70,40,1.5662599501193655,10.490396730658269,0.005836715909254787,4
DE,70,41,1.5651028428850824,11.146222969810893,0.005754798753730874,4
DE,70,42,1.5669758970705983,11.256621971664877,0.005964403979478235,4
DE,70,43,1.5657918858748665,11.17183781774245,0.005802922053729704,4
DE,70,44,1.5698415723001742,10.976921581174537,0.009617273430679443,4
DE,70,45,1.5666152173124204,10.460091925609824,0.005899665311363228,4
DE,70,46,1.5670348529002893,11.54613112615531,0.005840485847710468,4
DE,70,47,1.5647374132205727,11.033675932794402,0.005785871419079323,4
DE,70,48,1.5655826245078635,10.826282316484345,0.005801799043280155,4
DE,70,49,1.5660899845166023,11.220352326133408,0.005856956812236196,4
DE,70,50,1.5675955510720587,11.464830917428785,0.005907054928114804,4
DE,80,0,Final_Cost_ITAE,Best_Kp,Best_Ki,Iterations_Run
DE,80,1,1.5695683593036902,11.266737753432885,0.009551877198047266,4
DE,80,2,1.5670245177518871,11.157123162772557,0.005910272907134166,4
DE,80,3,1.5675949332839858,11.908178723165577,0.005732446889463734,4
DE,80,4,1.5669860759575687,11.826594877626164,0.005695122839773001,4
DE,80,5,1.5676771234944071,10.198968008639284,0.005913208364236553,4
DE,80,6,1.5650395388116434,11.101340120319207,0.005752467639655853,4
DE,80,7,1.5670679476644478,11.379041889676209,0.005865805290861421,4
DE,80,8,1.5652385282663914,10.83046611953531,0.005760282208930675,4
DE,80,9,1.5651118702420042,11.054442223682408,0.005755301552354524,4
DE,80,10,1.5649719668500637,11.094218965125314,0.005762006701443918,4
DE,80,11,1.5651021750464058,10.950552098661525,0.005781426630248777,4
DE,80,12,1.566148210890489,10.414221904119152,0.005833000768206863,4
DE,80,13,1.5660767724477296,11.094385143206999,0.005875426435360298,4
DE,80,14,1.5664729479616777,10.733265223848989,0.005847778424673584,4
DE,80,15,1.5649960012328055,10.72880749232165,0.005781964793387001,4
DE,80,16,1.565892194685469,10.423351569492247,0.005828097938175553,4
DE,80,17,1.5686700383553351,10.381795393869155,0.006114533743914828,4
DE,80,18,1.566679023157138,11.754178752473976,0.005730102677163493,4
DE,80,19,1.5677411232127607,10.560428302977222,0.006001915784320479,4
DE,80,20,1.5660809828318536,10.811642894404862,0.005834162811941354,4
DE,80,21,1.5658967235636017,11.549441384426878,0.005728387249494372,4
DE,80,22,1.5658705076511115,10.531039448277042,0.005813827409854072,4
DE,80,23,1.5662058288382805,11.577583397028867,0.0057493871776033885,4
DE,80,24,1.566797787605226,11.643725806570146,0.0057783380432848905,4
DE,80,25,1.5652668964589302,11.420015309630976,0.005756119897345709,4
DE,80,26,1.5665547138414821,11.136544062598361,0.005830109448648573,4
DE,80,27,1.564727376488925,10.784900660393284,0.0057630783472401555,4
DE,80,28,1.567344662518007,10.1318449152783,0.005823966372623603,4
DE,80,29,1.5674118829527686,11.925360270726252,0.005720790616364365,4
DE,80,30,1.5664925904485014,11.243199606022344,0.005910146547314903,4
DE,80,31,1.565787485226905,11.70444491656444,0.005700178010628325,4
DE,80,32,1.5665711198348427,11.448300163261067,0.005850384014701941,4
DE,80,33,1.5667459495295168,10.819407863976195,0.00594404746392057,4
DE,80,34,1.5659918379654796,10.678415982055476,0.005809152633534263,4
DE,80,35,1.5704386141765545,10.565874907186704,0.00976811175974266,4
DE,80,36,1.5652581345790202,10.953385253145015,0.005752331272294033,4
DE,80,37,1.5700034096876831,11.497826218516067,0.00986895121339168,4
DE,80,38,1.5668163910572976,11.941874148364768,0.005681681569771708,4
DE,80,39,1.565543107446511,10.598071543983352,0.005793023179129604,4
DE,80,40,1.56703917043507,11.800840125146664,0.005764510620676823,4
DE,80,41,1.5697094977073878,11.52423806414356,0.006073112789069057,4
DE,80,42,1.5694963393252261,10.843548441654441,0.009620274423930337,4
DE,80,43,1.56635742875969,10.583822715221508,0.005927437532356134,4
DE,80,44,1.5673705530652018,10.854596260020465,0.006008691944897048,4
DE,80,45,1.566327763849548,10.707311675516443,0.005857010718889331,4
DE,80,46,1.5693897717979182,11.15665430787083,0.006156468981259334,4
DE,80,47,1.567631566928796,10.868845854265963,0.006021421818154546,4
DE,80,48,1.5707323086956297,11.444831249826997,0.009834388911012237,4
DE,80,49,1.5663554815759502,10.84773758503912,0.0059228333140589175,4
DE,80,50,1.5665716570264347,10.912081406804205,0.005947253395773062,4
DE,90,0,Final_Cost_ITAE,Best_Kp,Best_Ki,Iterations_Run
DE,90,1,1.5674069643302018,10.397794873388456,0.005960848994624561,4
DE,90,2,1.5697177236316269,11.252398092383338,0.00965901510334653,4
DE,90,3,1.5663747532801362,11.444119544820225,0.005816451827045997,4
DE,90,4,1.565977916475858,11.163242809735522,0.005792611595635278,4
DE,90,5,1.5660402822147073,11.195383733082707,0.00584258273959534,4
DE,90,6,1.5658092001838435,10.942167637309403,0.005820222696174757,4
DE,90,7,1.565722931973397,11.26844862668181,0.00574002907302381,4
DE,90,8,1.5662363484525637,11.450339272529298,0.005801444273677955,4
DE,90,9,1.566026526480338,11.630170618921028,0.005728359680903321,4
DE,90,10,1.5664757003044227,11.180108675690732,0.005869487725765076,4
DE,90,11,1.5659066245937427,11.47825682475807,0.005727953455416172,4
DE,90,12,1.5659299944028924,11.042249335013707,0.005829850512059683,4
DE,90,13,1.5666253086084456,11.341023776169315,0.005823239183454894,4
DE,90,14,1.5680856126630014,11.440075184408997,0.005996258916891556,4
DE,90,15,1.5664884865201323,11.735818114441244,0.005769882413289702,4
DE,90,16,1.5649633876908462,10.675446968352787,0.0057841674173687765,4
DE,90,17,1.5700262904512519,11.380150290593924,0.00965750480601742,4
DE,90,18,1.5655513684917846,11.166319038110444,0.0057847514257782584,4
DE,90,19,1.5649084373558004,10.952189575508427,0.00576568432505683,4
DE,90,20,1.5666134812690375,10.869118485197468,0.00589925821391875,4
DE,90,21,1.5659230704808957,10.452642312153095,0.005806723479227416,4
DE,90,22,1.566268401277255,11.027829636838959,0.005902837104422929,4
DE,90,23,1.5653351408350147,11.227778456699532,0.005821322028924508,4
DE,90,24,1.566109681022337,11.485079469170842,0.0057256478394968465,4
DE,90,25,1.5662017743000247,10.806537136557807,0.005872408792035491,4
DE,90,26,1.5676598246403415,10.832373158304769,0.0059657660946738494,4
DE,90,27,1.56620956557916,11.362698644198097,0.005812468161862132,4
DE,90,28,1.5696704541891922,10.34063227539906,0.006187924635428079,4
DE,90,29,1.569156287543442,11.136306080293174,0.006104034196519818,4
DE,90,30,1.5691400261782564,10.903959295048928,0.009766084824554589,4
DE,90,31,1.5662232934517886,11.640852660824592,0.005757085541758256,4
DE,90,32,1.5658786786946883,10.978030522999944,0.005812367719943817,4
DE,90,33,1.5696564643468884,11.62517862720646,0.00950096283448927,4
DE,90,34,1.5663782853317665,11.464588570035978,0.005805588110824102,4
DE,90,35,1.5701669017405953,11.016426693452303,0.009835676130673607,4
DE,90,36,1.566105428658376,11.721900230650107,0.005740924626798648,4
DE,90,37,1.5653451845665831,11.521265932995817,0.005722896256528161,4
DE,90,38,1.567545372736245,10.925958783590666,0.0059889466003874075,4
DE,90,39,1.569071643885738,11.285811329522573,0.006104853045354382,4
DE,90,40,1.565307550648874,10.839731283178423,0.0057901844452807995,4
DE,90,41,1.5663366068008564,11.29890957914644,0.006421223323762281,4
DE,90,42,1.5673220137952117,11.323832341313064,0.006502026367837676,4
DE,90,43,1.5667646364111683,10.084132503317228,0.005774266330819573,4
DE,90,44,1.5676423370281642,11.59545843123064,0.005861634736908355,4
DE,90,45,1.5673246195386175,11.394936978546077,0.005915197116059009,4
DE,90,46,1.566031216277028,10.654712168070418,0.005912903113435601,4
DE,90,47,1.5661234644277353,10.99368222170257,0.005877569592928497,4
DE,90,48,1.566865049835018,11.164237250122056,0.005902574932496693,4
DE,90,49,1.5686624769676396,11.36420642196083,0.005999452653147124,4
DE,90,50,1.564924419752812,10.79509825705913,0.005773584174266019,4
DE,100,0,Final_Cost_ITAE,Best_Kp,Best_Ki,Iterations_Run
DE,100,1,1.565291944245056,11.537299624767037,0.005735679249708543,4
DE,100,2,1.5679398740999342,11.662806926728052,0.005858137555172136,4
DE,100,3,1.5660864379242079,11.347766165769258,0.005819418561199943,4
DE,100,4,1.5661205420473296,10.223372988964798,0.005797843492527472,4
DE,100,5,1.566623967034496,10.753489657403257,0.0059062927938409275,4
DE,100,6,1.5667054888676724,11.543539661900773,0.005824268837025886,4
DE,100,7,1.5654050239822082,10.901663741320874,0.00578659535493959,4
DE,100,8,1.5661910203660392,11.299505439452226,0.006242047471022951,4
DE,100,9,1.565756274622138,11.38134406392377,0.005762334209449887,4
DE,100,10,1.5704279333584659,12.403365090271983,0.005688365169857638,4
DE,100,11,1.5669486761303804,10.263907016569128,0.005881428975477414,4
DE,100,12,1.5671700073322241,10.667888251056354,0.005959839564361876,4
DE,100,13,1.5662352161692186,11.122468374806736,0.005876692926441283,4
DE,100,14,1.5673373365974366,11.376251069081803,0.005942922646253037,4
DE,100,15,1.5669334542918083,10.79094901029886,0.005859973991454792,4
DE,100,16,1.5659243135185918,11.385898370111668,0.005812804381197217,4
DE,100,17,1.5684950129445447,10.632813056382211,0.006141976278972984,4
DE,100,18,1.5656967602744358,10.771836629951935,0.005859720058386136,4
DE,100,19,1.568488158796148,10.04852919498618,0.005931659303165096,4
DE,100,20,1.5661468491198305,10.623022695666812,0.00589005095397395,4
DE,100,21,1.5667590057327825,11.322287166237352,0.006534902511989928,4
DE,100,22,1.565582669792324,10.773051616176929,0.005837402657787771,4
DE,100,23,1.5657951448434206,10.604764199428018,0.005831009239419413,4
DE,100,24,1.5672841055048863,10.710038304215168,0.0059732609643537915,4
DE,100,25,1.5669404724059721,11.616612027437967,0.005860236739352071,4
DE,100,26,1.5663197174197963,10.622001786248191,0.005891360788161064,4
DE,100,27,1.5678668410744403,11.600091421138032,0.005938463465140937,4
DE,100,28,1.5658178076028653,11.136184184516573,0.005787495037414978,4
DE,100,29,1.5657072384010144,10.83776121558941,0.005827548245746005,4
DE,100,30,1.5663330466784504,10.679267302821593,0.0059109929641924285,4
DE,100,31,1.5661879419408187,10.893747696439604,0.005896837661526742,4
DE,100,32,1.5655743042662673,10.697434037304795,0.005781326707786105,4
DE,100,33,1.566384093094673,10.744226653780004,0.005876930558261055,4
DE,100,34,1.566641906731451,11.535679105561805,0.00579707466284634,4
DE,100,35,1.566048326303255,10.564118041741025,0.005848117548775204,4
DE,100,36,1.570009980164986,11.372485137437394,0.009604717200964962,4
DE,100,37,1.5672882707829334,10.203553169035125,0.005861304849818184,4
DE,100,38,1.5693734911632158,10.595853116690733,0.00966001535726171,4
DE,100,39,1.5666713344627252,10.51289748767401,0.005840307019078164,4
DE,100,40,1.5655574334003761,10.576339373131091,0.00580524570931789,4
DE,100,41,1.5659255896084525,10.396095089230677,0.0057860245358922775,4
DE,100,42,1.5655613694686645,10.926260417228178,0.005840578968596,4
DE,100,43,1.5662309063567534,10.884411369841906,0.005893737961327314,4
DE,100,44,1.5682102172621977,11.101588291766156,0.006060063667689769,4
DE,100,45,1.5654573931170477,10.498322340725906,0.0057725264760229425,4
DE,100,46,1.5647505621370765,10.881492186763026,0.005753739472234337,4
DE,100,47,1.5657869548558123,10.880184959655878,0.005838692482556785,4
DE,100,48,1.5703002011644176,12.302001320434542,0.005703910441949871,4
DE,100,49,1.5696201207901854,11.364869690268868,0.009597767640544957,4
DE,100,50,1.5652610860123308,10.953619586305614,0.005790542435238048,4
GA,10,0,Final_Cost_ITAE,Best_Kp,Best_Ki,Iterations_Run
GA,10,1,1.5879066423657726,12.148381991779933,0.00536545978781254,4
GA,10,2,2.08974894504407,49.90109862903579,0.0017236445472729911,4
GA,10,3,1.584807300363514,10.207605574787625,0.005585067804683364,4
GA,10,4,1.5890114630547796,13.80911015924592,0.007673547022634952,4
GA,10,5,1.6300904120642459,16.510217965307923,0.0064559025762327485,4
GA,10,6,2.1290669843535306,53.17926374828252,0.0007459834878154113,4
GA,10,7,2.1428436327931686,55.70711596696333,0.007327777568282583,4
GA,10,8,2.0973577478410053,51.24161809509065,0.004315369983141312,4
GA,10,9,1.584420526579842,8.608864906098548,0.006357598083800312,4
GA,10,10,1.5767594740800104,10.427574747570974,0.006813335847303275,4
GA,10,11,1.6462469529193435,17.637515837051772,0.006644897793549348,4
GA,10,12,1.573806875650942,11.559451511588836,0.006507661938866531,4
GA,10,13,1.5998987083220708,8.356350296396654,0.0055748352258594095,4
GA,10,14,1.5906144264649287,9.578812575995562,0.005663877068316899,4
GA,10,15,1.5791852354263745,12.815025754226665,0.007084070356792797,4
GA,10,16,1.6140713033055578,7.482056958655226,0.007671130917489236,4
GA,10,17,2.044376198800654,47.454559060157365,0.00814819524358875,4
GA,10,18,2.2150555846071183,62.34179464943572,0.009261085171684428,4
GA,10,19,2.1384892105237587,55.3972763501293,0.008171389281781767,4
GA,10,20,1.6038389827847257,8.134126128593373,0.0054966015944251925,4
GA,10,21,2.064924696433945,48.21174298458823,0.0034350546771214187,4
GA,10,22,1.6980424117230666,4.946614930388508,0.0035739015348421996,4
GA,10,23,1.6544587431152773,19.218900630590344,0.008187053588834684,4
GA,10,24,1.6357058135942828,18.187100054841174,0.009651174790115657,4
GA,10,25,1.589894855397284,10.69202597248996,0.004844671427210747,4
GA,10,26,1.568314078866649,10.166038630972082,0.006025306316625722,4
GA,10,27,1.7027322248086156,22.667752253273164,0.008904480596564781,4
GA,10,28,1.6401339981569396,17.972822125995947,0.009359323852459174,4
GA,10,29,2.943367985081796,43.74948460985269,0.008903589614615634,4
GA,10,30,1.627997431367913,6.792019780347128,0.007155176245936993,4
GA,10,31,2.055201379823625,46.74149375125833,0.0017170695254823355,4
GA,10,32,1.5722244201251143,12.582101310758938,0.006190410154710244,4
GA,10,33,1.5933836430461008,7.825950190369884,0.004489756619879324,4
GA,10,34,1.6149180807471863,7.286138478487921,0.007322395878565545,4
GA,10,35,1.5753984677602602,11.770440658267455,0.007255058263428977,4
GA,10,36,1.7001854529481242,4.99581743603754,0.006016441063641948,4
GA,10,37,2.0879093263729263,50.74250956248356,0.006194693983489189,4
GA,10,38,1.6501589455495962,18.904419408752766,0.008297725535085806,4
GA,10,39,1.7325571283838535,23.0339832285502,0.008682110099705476,4
GA,10,40,1.5806282093662256,10.543342869405512,0.008324475804274825,4
GA,10,41,2.2170011324826175,43.6559775793162,0.003020845998364126,4
GA,10,42,1.592409278886826,9.767253373313714,0.00455912016916165,4
GA,10,43,1.591334333814378,11.332436286201427,0.006393440919508136,4
GA,10,44,1.8178092672615966,3.2897926566734146,0.007099315768418609,4
GA,10,45,1.82595205170439,3.190739277305092,0.005009049163806476,4
GA,10,46,1.5880153814390554,9.405670240191055,0.005400204365662217,4
GA,10,47,1.5957185739749262,15.160113446279935,0.006579842308653631,4
GA,10,48,2.054948899902513,48.244127138430386,0.008105348105027449,4
GA,10,49,1.7138962274800265,23.341045041196203,0.009172261977913142,4
GA,10,50,1.5789064101167583,13.195667833790296,0.006576214399500913,4
GA,20,0,Final_Cost_ITAE,Best_Kp,Best_Ki,Iterations_Run
GA,20,1,1.595877576547419,13.78504099387766,0.005548462807339294,4
GA,20,2,1.574338389162423,13.106609970210533,0.005849969846588273,4
GA,20,3,1.5831829282698633,10.39141064739506,0.008809679885310177,4
GA,20,4,1.579908234822336,11.944440116794645,0.007980441933442512,4
GA,20,5,1.577594625083607,9.197111801525091,0.009999172676977268,4
GA,20,6,2.2765435508044765,67.23964668612915,0.001103267787442228,4
GA,20,7,1.5856597167647946,10.156450378783354,0.009161923904856657,4
GA,20,8,1.591059582488036,8.755081591021714,0.004723891599785812,4
GA,20,9,1.5847786317655432,10.17327203186276,0.009055083981410757,4
GA,20,10,1.5840655155070664,11.33113640818079,0.008866990714589717,4
GA,20,11,1.5891473498352948,9.819401125554828,0.004358433486201527,4
GA,20,12,1.5939204042225217,7.944229825445914,0.00477583017042904,4
GA,20,13,3.1154132834373214,35.1396638547605,0.007995368399829112,4
GA,20,14,1.5868334108935334,10.845774769666383,0.004592928066317965,4
GA,20,15,1.5723557085177466,10.370767171912938,0.006478823359916724,4
GA,20,16,1.5669218599126498,10.34139912750086,0.005864995901528796,4
GA,20,17,1.577419093014912,9.157846689329423,0.00979272059271383,4
GA,20,18,1.5835340008008005,10.139554350178557,0.0043477196492621205,4
GA,20,19,1.5818479772786624,13.9179887534321,0.006331388590083897,4
GA,20,20,1.5799099454200507,10.300918440180208,0.007983860586362058,4
GA,20,21,1.5705509332670449,10.83637812951492,0.009976504848891203,4
GA,20,22,1.5716959202373053,12.182590992104998,0.00940404550965912,4
GA,20,23,1.5841529040739366,10.801721387106857,0.009267740440585627,4
GA,20,24,1.5868863207970472,8.363309841036479,0.004813885326427722,4
GA,20,25,1.5903779719623286,8.981792423129638,0.007804474680363764,4
GA,20,26,1.6810583978382072,21.157209565546932,0.008151937211481015,4
GA,20,27,1.578823904225753,10.451490535733168,0.007881389535741988,4
GA,20,28,1.926497796418405,2.307615487535819,0.006720295571320102,4
GA,20,29,1.5692180405563962,10.260739381474725,0.006089280563888969,4
GA,20,30,2.0294891041192913,1.8873596690171737,0.0013147278610516745,4
GA,20,31,1.5847135859964654,14.060354744405025,0.006498577913638066,4
GA,20,32,1.603499877936474,15.25775165440976,0.007874558198021396,4
GA,20,33,1.6137147076034268,7.476488110511755,0.0036123793132308932,4
GA,20,34,1.6126395158307256,15.182277974726535,0.006135433462506287,4
GA,20,35,1.5940576673343008,8.733043225250627,0.008515601382607084,4
GA,20,36,1.6379290535462843,18.21026344030257,0.007152305767403492,4
GA,20,37,1.5915819749617182,14.095305302172683,0.0077366240289447824,4
GA,20,38,1.5713405661190951,11.614561570078926,0.006118796775825838,4
GA,20,39,1.5823173817090248,10.017968571737237,0.008264289662849277,4
GA,20,40,1.5812624839726335,10.715636206998976,0.008513144893717121,4
GA,20,41,1.5769859899001546,12.47187138174447,0.006926811775474578,4
GA,20,42,1.5867668325239737,8.126644640579563,0.0044209945426669514,4
GA,20,43,1.5760622807998945,12.594266807918958,0.006966403942881309,4
GA,20,44,1.5834021632770163,12.696263477603543,0.007956354584072145,4
GA,20,45,1.5659932830283443,11.364671116804226,0.005836852828616748,4
GA,20,46,1.6000894075801375,15.407977967754864,0.006818165539044756,4
GA,20,47,1.5705668644959072,10.371332465748718,0.009791663311477754,4
GA,20,48,2.207577723944698,60.937105739850956,0.0028227324293092246,4
GA,20,49,1.5760685435956505,12.551083929435276,0.006835500280743856,4
GA,20,50,1.5962019826572689,8.481840116415688,0.008290810471745087,4
GA,30,0,Final_Cost_ITAE,Best_Kp,Best_Ki,Iterations_Run
GA,30,1,1.5791418940667379,9.266815389384837,0.006620370127235272,4
GA,30,2,1.5982775691619646,9.546995261033638,0.004973304517430992,4
GA,30,3,1.5821615923419234,10.318341901823715,0.008510326773447546,4
GA,30,4,1.5825784482637117,13.38483030352757,0.00712345054262046,4
GA,30,5,1.5728324894779007,10.032393224016584,0.006446811728485484,4
GA,30,6,1.5774491456291588,10.392043625365714,0.007358847216893892,4
GA,30,7,1.5756880534806783,11.378177800145979,0.006549707164164514,4
GA,30,8,1.570423687475992,11.270249532295875,0.009876073572712214,4
GA,30,9,1.573538620445688,12.825834303620322,0.006106698089376904,4
GA,30,10,1.5747482752759538,11.092808001176824,0.006887216060875092,4
GA,30,11,1.6002968701226004,15.7080308924998,0.009281656942023608,4
GA,30,12,1.5718286921090905,8.994793201189053,0.004348257755897597,4
GA,30,13,1.5732451543917638,12.970630869910334,0.005799869184720311,4
GA,30,14,1.5739229087178404,9.661535020253682,0.009806272981640628,4
GA,30,15,1.62218906785697,16.77666831744848,0.008294306631297361,4
GA,30,16,1.5795680868247393,13.44706854588551,0.006476656187135792,4
GA,30,17,1.5834718865446045,10.303101598904485,0.00874740928935037,4
GA,30,18,1.5818007188413767,10.221056009792894,0.008251750191646461,4
GA,30,19,1.5888440505976842,12.787411983673628,0.009100301645429042,4
GA,30,20,1.5839343655056692,11.166769800915178,0.009066240505019507,4
GA,30,21,1.5791041567741446,13.532486975320195,0.006355019503185826,4
GA,30,22,1.5908750769476407,8.026495793610115,0.00970513746514993,4
GA,30,23,1.6096014713926396,7.143866169575781,0.005760860004691885,4
GA,30,24,1.575164648329082,12.153237150950321,0.0059518592767405015,4
GA,30,25,1.6456214118107528,6.475804865670219,0.0035015297199829432,4
GA,30,26,1.5867237298014505,14.285419155651526,0.009576138306424207,4
GA,30,27,1.5782612820676691,11.992552650714662,0.007632261535389751,4
GA,30,28,1.586766053404747,12.546165784060008,0.008950904181891955,4
GA,30,29,1.5724204568309763,9.338896922818261,0.005867301713706875,4
GA,30,30,1.589602336330739,9.12033445792167,0.008501077967166362,4
GA,30,31,2.4045430101086294,80.10611010315401,0.0018536401296032057,4
GA,30,32,1.5927333552084517,10.557731254388226,0.005119649899940354,4
GA,30,33,3.064656476369966,28.575776072208967,0.005500917151677066,4
GA,30,34,1.5746860336787676,12.484890634092903,0.006690028960735986,4
GA,30,35,1.5829426536845972,11.732355576324007,0.008797846569537653,4
GA,30,36,1.5834583393917028,10.393774187442018,0.008942014951260072,4
GA,30,37,1.6244672344939852,16.827024793168484,0.008931251967549438,4
GA,30,38,1.5859898828949222,11.833219280666256,0.00935755774409021,4
GA,30,39,2.0953522161337643,50.64136269773258,0.0026632760843738603,4
GA,30,40,1.5890470638121033,9.022487389130733,0.007934182342363798,4
GA,30,41,2.318298115229058,71.68040111275253,0.003837628985398443,4
GA,30,42,1.566728125647163,10.377282125779864,0.005899487969991067,4
GA,30,43,1.5773431535966684,10.431598060215014,0.007421790437992348,4
GA,30,44,1.5740212610801594,12.125728527406451,0.006828320178286822,4
GA,30,45,1.582336929089236,11.958457519779287,0.008535734129221652,4
GA,30,46,1.5766720267640255,10.336157746180149,0.006821567972625,4
GA,30,47,1.5806731782086874,9.90269966888645,0.007704978669001921,4
GA,30,48,1.5846219544123255,11.517048818051766,0.005593628058796482,4
GA,30,49,1.5748091958622863,11.78103447547451,0.007099173959929778,4
GA,30,50,1.6059979801394402,15.517325642606682,0.007928163555259559,4
GA,40,0,Final_Cost_ITAE,Best_Kp,Best_Ki,Iterations_Run
GA,40,1,1.5707946056522355,11.406950635058008,0.009901655128014893,4
GA,40,2,1.5765878242879152,10.626986692719354,0.007087443802370424,4
GA,40,3,1.5746287306853988,11.913395859242565,0.006990171955889734,4
GA,40,4,1.5743329873623615,11.20539365672056,0.006421399602723699,4
GA,40,5,1.5715646308601874,11.384933243548648,0.006242183664680111,4
GA,40,6,1.5724430790409933,12.357327312586822,0.0064205477182688025,4
GA,40,7,1.577784839096608,9.945640772844381,0.006876144224215625,4
GA,40,8,1.5792956036862644,9.588191188878499,0.006929791409963139,4
GA,40,9,1.5909431009144104,11.281981395461521,0.005072332674661401,4
GA,40,10,1.594456155011907,9.89774678562884,0.005680289468162767,4
GA,40,11,1.6459726652035,18.509558070152007,0.008905606965177846,4
GA,40,12,1.5740530941258355,12.751941649770997,0.006315429017881512,4
GA,40,13,1.5791012757127518,10.46546551181674,0.007884365844301307,4
GA,40,14,1.5865088014857054,9.712373290800086,0.008866840515385976,4
GA,40,15,1.5873707749091803,9.473404353026979,0.008640055830272974,4
GA,40,16,1.572826237905406,12.127616183800829,0.0061617699777514225,4
GA,40,17,1.5769196875529148,13.099564913906411,0.006462633655280846,4
GA,40,18,1.5813211386117763,9.867153435711204,0.007853250181449292,4
GA,40,19,1.622160883304976,16.9484431941047,0.0074716128315562135,4
GA,40,20,1.567075559265203,11.87447555638246,0.005709056746558194,4
GA,40,21,1.5657776468894722,11.483752573117211,0.005769763304599087,4
GA,40,22,1.572456366901756,12.250505196456395,0.009486445580683912,4
GA,40,23,1.5870741644883042,9.531002906476907,0.008661827593686092,4
GA,40,24,1.5862108951896448,9.552483599039551,0.008469034913822797,4
GA,40,25,1.570917114698509,10.508217400747585,0.006313877715602601,4
GA,40,26,1.5718903030891818,11.787977149525108,0.009900733117496317,4
GA,40,27,1.5979247735349456,7.7711370674599785,0.006314437628023829,4
GA,40,28,1.5923465588311039,9.585991758742063,0.005739425731194751,4
GA,40,29,1.5829865977507669,9.027068162436452,0.006855856042988884,4
GA,40,30,1.58823238324515,13.55762998050425,0.007884270382695896,4
GA,40,31,1.6254613982770936,16.64101143903915,0.00994600730962211,4
GA,40,32,1.6000410394629354,14.522304129704702,0.008748128399627466,4
GA,40,33,1.5728119028180998,10.384736296250043,0.006505899684975553,4
GA,40,34,1.5658471356327026,10.55531415285727,0.0058275226650536804,4
GA,40,35,1.5748688716521082,10.90536724402307,0.00709259656444723,4
GA,40,36,1.5766944077149931,13.245583514907445,0.0091795276232743,4
GA,40,37,1.5808636754714291,10.186007375431359,0.008062654913138659,4
GA,40,38,1.5914523211944385,8.576491968083001,0.0072690660232954014,4
GA,40,39,1.5846452190221911,12.388336693306933,0.008598778831961985,4
GA,40,40,1.5772566488614248,11.951205741914208,0.005140691778109993,4
GA,40,41,1.5985542756078406,8.034450117144642,0.0035387069775148407,4
GA,40,42,1.5793034564834594,10.212968581628395,0.007277227882745101,4
GA,40,43,1.5854645202668698,11.573852618614701,0.009372142322132243,4
GA,40,44,1.5857099656031624,10.923110313733963,0.0055492667936849595,4
GA,40,45,1.5778791457449113,11.499651321230692,0.005283158220546025,4
GA,40,46,2.035834539757186,46.63617621566324,0.007891637496318235,4
GA,40,47,1.5846093734146272,8.619493903324747,0.006458829911434107,4
GA,40,48,1.5776007185711738,13.038753150691122,0.006681006254825614,4
GA,40,49,1.58377067799332,9.84057114109988,0.008336006494555024,4
GA,40,50,1.5874582569633322,13.245385109196281,0.008361233584461239,4
GA,50,0,Final_Cost_ITAE,Best_Kp,Best_Ki,Iterations_Run
GA,50,1,1.581373307412315,11.078914966515434,0.005466435595465225,4
GA,50,2,1.5774984003875403,12.98885677409876,0.009908982775716073,4
GA,50,3,1.5717530406871199,10.889621750636088,0.006389716675403787,4
GA,50,4,1.5706796898645983,11.773476158747197,0.009564657364849943,4
GA,50,5,1.5716130980462275,12.240817487584927,0.005814477556637811,4
GA,50,6,1.5746505555556105,13.211126111069145,0.00595447857574448,4
GA,50,7,1.5749289373267625,10.008047254555592,0.006619285970837848,4
GA,50,8,1.5721302323922488,9.969598002585748,0.00632208534513847,4
GA,50,9,1.5912746732409948,7.958454761726889,0.005863415379527616,4
GA,50,10,1.5775281795947484,13.211413589603787,0.009250399887471929,4
GA,50,11,1.5669041912594122,10.375759684456499,0.005913481749532027,4
GA,50,12,1.5881715427052983,7.884553267947902,0.004165873545517549,4
GA,50,13,1.5773846453268159,10.90584919185552,0.0066373570410641165,4
GA,50,14,1.5735009196044556,9.534475563112565,0.006181928073874135,4
GA,50,15,1.6116671691936775,15.210547767973143,0.005991618706205504,4
GA,50,16,1.591974350397807,14.029529839326504,0.007826822143436201,4
GA,50,17,1.5881663392688257,13.06187654164268,0.0050946869891569015,4
GA,50,18,1.5872805240400796,9.033184654891931,0.007314499026750288,4
GA,50,19,1.573330443596697,9.301687780237701,0.005894222392441558,4
GA,50,20,1.5821698737807448,9.67603118087556,0.0077868103033003075,4
GA,50,21,1.5801122748437206,12.12868848156074,0.008068850186336669,4
GA,50,22,1.5782823086418971,10.523686973029381,0.007060264441533601,4
GA,50,23,1.577763024177605,13.293585026193057,0.0064868768212445515,4
GA,50,24,1.5701172413400997,9.508191245143133,0.005795538112842189,4
GA,50,25,1.5852096720755853,10.758016740231938,0.0043674175766854765,4
GA,50,26,1.5836066298029368,11.498872281216492,0.009027985074239714,4
GA,50,27,1.6071221101139006,8.04457557105088,0.005449435356343742,4
GA,50,28,1.5735682989043136,11.575510820793772,0.006672623473658666,4
GA,50,29,1.5725765118410562,9.466095849126829,0.006024167828911344,4
GA,50,30,1.5705096570842914,9.67138252420686,0.005941051642888926,4
GA,50,31,1.5728970572761989,11.884903976658006,0.006283732767321544,4
GA,50,32,1.5709730999414644,11.077851334005338,0.009989897617727788,4
GA,50,33,1.577572126828443,11.753252165472414,0.0051591575118862506,4
GA,50,34,1.5761585351496754,12.985883786571565,0.009408561766646326,4
GA,50,35,1.578937588474549,13.410922722342558,0.00644794151508772,4
GA,50,36,1.5779648065308265,11.37060016276573,0.007744044406938429,4
GA,50,37,1.5703940516813109,10.630152921106834,0.009779722137138786,4
GA,50,38,1.5950985303774596,15.227360168833311,0.009359149876769286,4
GA,50,39,1.5794503451806907,11.585240132786186,0.008004119329307544,4
GA,50,40,1.5877545632825996,13.989815587648419,0.0071584081633472895,4
GA,50,41,1.5734989467023193,12.228639343456274,0.009881211356515825,4
GA,50,42,1.5808816111633819,13.675604284125349,0.009361038662064761,4
GA,50,43,1.5832115900481918,11.184636559641465,0.009027714683905834,4
GA,50,44,1.5687274574032155,9.76860327915463,0.005901892682708437,4
GA,50,45,1.589967859975141,14.569702110843144,0.009876026140978739,4
GA,50,46,1.5706587609962563,11.777738154912218,0.00952695441844703,4
GA,50,47,1.577864428720515,13.203627662860372,0.009439461477204238,4
GA,50,48,1.5791847085218484,10.25984886983326,0.007753403378168741,4
GA,50,49,1.5844039252005326,12.456429242204191,0.008398049734164036,4
GA,50,50,1.5891160331117784,9.570367262405698,0.009256214321216797,4
GA,60,0,Final_Cost_ITAE,Best_Kp,Best_Ki,Iterations_Run
GA,60,1,1.5739798756520593,12.363539211759532,0.006527041192462292,4
GA,60,2,1.609146035236577,7.395886780478208,0.005002078797172272,4
GA,60,3,1.5743032084395072,11.212524956471066,0.007165906814863015,4
GA,60,4,1.5754082946759949,10.262458867472057,0.006709189739028481,4
GA,60,5,1.5735484306686112,12.789218138547081,0.00581593286871951,4
GA,60,6,1.5794813000070598,12.760163147181933,0.0071617094817661864,4
GA,60,7,1.5789820072672278,13.421548183996284,0.009367934316609976,4
GA,60,8,1.5726198931540791,9.411346450216133,0.005994300953098334,4
GA,60,9,1.5735534678459546,11.853934839644744,0.006437496463004596,4
GA,60,10,1.5715736296709029,10.687890085263911,0.006440656220298587,4
GA,60,11,1.5786411118724906,13.453850482576863,0.00922317305228247,4
GA,60,12,1.5710753548127039,11.673569735781582,0.009610014559369582,4
GA,60,13,1.578476474718542,10.943474350911513,0.008025150590465437,4
GA,60,14,1.584552803333896,11.135350846202826,0.00428688893836943,4
GA,60,15,1.593827285404985,15.054717600655563,0.009466066942044743,4
GA,60,16,1.572448558759563,10.87967381145816,0.00644389014616325,4
GA,60,17,1.5761542856250603,11.907352477291093,0.007215935741733033,4
GA,60,18,1.593328101723485,8.756261949215657,0.008461303629199604,4
GA,60,19,1.5726386100849996,12.096578635704521,0.009908480611229004,4
GA,60,20,1.5839060818578132,12.656529557147065,0.008299935277285337,4
GA,60,21,1.568487384160835,10.182146967001376,0.006001458948157094,4
GA,60,22,1.584328169684527,12.05326124086928,0.00884852420011857,4
GA,60,23,1.575106732066777,12.698675258862234,0.009742906090252674,4
GA,60,24,1.5768503573024533,12.124980484233705,0.007315979276416586,4
GA,60,25,1.5817668317123472,12.534455018130153,0.007874028695771048,4
GA,60,26,1.5721750353062562,10.584643180891154,0.006463335229557571,4
GA,60,27,1.5805489951005325,10.18287350503388,0.006996167514034324,4
GA,60,28,1.571595625625829,9.937543106795282,0.006255778984740756,4
GA,60,29,1.5737593114801385,11.578729304500126,0.006534031606291877,4
GA,60,30,1.5849302838882025,10.242129420388348,0.0041581655861997364,4
GA,60,31,1.5714358319740067,10.294297503264023,0.006352154290874926,4
GA,60,32,1.5815341650705133,13.451231512859955,0.006845430789741418,4
GA,60,33,1.5734378191656726,9.495389337887936,0.00615894683199482,4
GA,60,34,1.5934761089919012,8.905141745674978,0.0089002906992191,4
GA,60,35,1.5792868555789625,8.699684062144849,0.005797689963605602,4
GA,60,36,1.5870031635420474,14.509653749131735,0.00914367680968172,4
GA,60,37,1.5776110318346817,11.296712032533934,0.009411547730913608,4
GA,60,38,1.573905268905574,10.06209680029333,0.006534972573616365,4
GA,60,39,1.5731681993791418,12.21586724436367,0.005895349030729999,4
GA,60,40,1.6340774381563532,17.560303614706733,0.009142093799936196,4
GA,60,41,1.5792561210120426,13.250710808963117,0.009832960877927599,4
GA,60,42,1.5856559423222003,10.871793655565384,0.0044160560514738476,4
GA,60,43,1.5763698923487868,8.68666739567758,0.004339079489553779,4
GA,60,44,1.5766648455628596,11.853410449338572,0.007342935513149293,4
GA,60,45,1.5798820247109069,8.70532678750588,0.005960675101544658,4
GA,60,46,1.5888174330460867,9.718304694558016,0.00405971434862529,4
GA,60,47,1.5759840468006368,9.202497696601922,0.006142743196722215,4
GA,60,48,1.5734972769393045,11.671769960536984,0.006499762747777493,4
GA,60,49,1.5792967854752962,9.569465560980255,0.0040332177917895735,4
GA,60,50,1.5703549826334322,10.507626335928975,0.009726977507848815,4
GA,70,0,Final_Cost_ITAE,Best_Kp,Best_Ki,Iterations_Run
GA,70,1,1.5718726254451545,12.440693712459813,0.005721995433847696,4
GA,70,2,1.587550135699175,8.50847260910895,0.006669623761515112,4
GA,70,3,1.5706221124024815,11.349484353350462,0.006175604663138523,4
GA,70,4,1.5775171107054198,9.207010990843617,0.00994447598391008,4
GA,70,5,1.5971533678567196,7.6890898599234685,0.009688046733265824,4
GA,70,6,1.5712380017837662,9.453591648670555,0.0058069676843065235,4
GA,70,7,1.570287165107317,10.632289343361158,0.009729089920286154,4
GA,70,8,1.5811055840775496,8.533845175316603,0.005880440048559316,4
GA,70,9,1.5819455368508824,13.26918671567703,0.0070657660574339415,4
GA,70,10,1.5833427715072397,13.75279300210015,0.009945264461839088,4
GA,70,11,1.5749487729315477,10.460221344667476,0.006710293972456923,4
GA,70,12,1.5662084099455216,10.565597167181927,0.005834006560876249,4
GA,70,13,1.5910434584292235,13.117141442204273,0.009170647484344494,4
GA,70,14,1.5797107350048838,11.914193415450397,0.007902149940607183,4
GA,70,15,1.5685027044515205,10.889261063279356,0.0060687563303498514,4
GA,70,16,1.5856889760952975,12.920774087010672,0.008253186615970173,4
GA,70,17,1.5899830572258715,13.14923006298211,0.008898786998871821,4
GA,70,18,1.5835970259498686,14.035192332590789,0.009264259435945003,4
GA,70,19,1.5777835491186285,12.685501634130167,0.0069520454008101034,4
GA,70,20,1.6107777910242251,15.90213201685279,0.008062102834130074,4
GA,70,21,1.5738684526184563,10.415574490982802,0.00663843877366044,4
GA,70,22,1.5745381982076947,11.696239939967487,0.007166676641148364,4
GA,70,23,1.5733015037509896,12.136406682938796,0.006464366689575887,4
GA,70,24,1.5749172667734657,12.626611680350718,0.0065407702365852935,4
GA,70,25,1.5713361858626447,10.381306326940894,0.006365846987579248,4
GA,70,26,1.5721164517048543,10.604658034281996,0.006511154886966581,4
GA,70,27,1.5737396139646502,12.968566213033503,0.005987962558469133,4
GA,70,28,1.5777101122779351,10.378947161815699,0.007617405253685242,4
GA,70,29,1.5746918773274612,12.74481778094553,0.005739649420705047,4
GA,70,30,1.5695768752145662,11.786538331042323,0.005945737758493176,4
GA,70,31,1.567331812836873,11.486986865674698,0.00591622256362371,4
GA,70,32,1.5879065808933523,8.528552969284977,0.0067622565953234185,4
GA,70,33,1.5939425799972389,8.05896126082711,0.0033311130411779774,4
GA,70,34,1.5755668203554736,12.2298440080585,0.006901475663482454,4
GA,70,35,1.598024760968555,7.5713319738215485,0.005747132523150883,4
GA,70,36,1.5733508497844306,11.494182086836982,0.0067480475418506,4
GA,70,37,1.5895672742467302,14.82010009570885,0.008962587476435887,4
GA,70,38,1.5732794366768101,12.933782446148811,0.0059289030128791805,4
GA,70,39,1.5956644616112854,15.038222650325103,0.006832389430093439,4
GA,70,40,1.577197651753828,11.262746847530629,0.007709030959452675,4
GA,70,41,1.578332063099317,8.64191631294696,0.004411222625845157,4
GA,70,42,1.5765700695230613,11.948093064276987,0.007313593105121981,4
GA,70,43,1.5775415687787786,10.939028220990958,0.007842449202086575,4
GA,70,44,1.5740378678944882,13.083789145937768,0.006024157245989971,4
GA,70,45,1.579227849276868,13.167254989129246,0.006880086882027979,4
GA,70,46,1.5748832635256538,9.940599193698569,0.006602141304448585,4
GA,70,47,1.584067192588293,12.36242618738406,0.008510737896435699,4
GA,70,48,1.577376593928,11.048449518415092,0.005308128608081884,4
GA,70,49,1.580856909922828,13.923772075857004,0.006109980482875542,4
GA,70,50,1.574860968775299,12.030642408529026,0.006927330353424317,4
GA,80,0,Final_Cost_ITAE,Best_Kp,Best_Ki,Iterations_Run
GA,80,1,1.569370627156217,9.920848102945051,0.006003467570065262,4
GA,80,2,1.5754064509638472,11.085943669483802,0.006769771396460192,4
GA,80,3,1.5756400863310562,13.30025821036892,0.006022573201120065,4
GA,80,4,1.5693534095093562,10.278663556785334,0.006060473708085804,4
GA,80,5,1.5710537420545547,11.832733452300527,0.0059857541657504934,4
GA,80,6,1.575874053953918,13.130853246518873,0.0063353454314317645,4
GA,80,7,1.5821272075788535,12.384444973324833,0.008125288310094366,4
GA,80,8,1.5818863040752338,10.517706851047983,0.006930653613196481,4
GA,80,9,1.5727976794023415,9.647161950334477,0.006199862204378727,4
GA,80,10,1.571165813059842,12.486138473657855,0.005662938020504548,4
GA,80,11,1.568726488136742,11.935090775271293,0.005841124925714999,4
GA,80,12,1.5654951462426407,11.38782925974979,0.00577346147072732,4
GA,80,13,1.5712399088527143,11.105952276460274,0.006300888137990219,4
GA,80,14,1.5691909092183538,11.225153739738916,0.009606228218420778,4
GA,80,15,1.5883179820474467,13.619469173401354,0.007755836556018517,4
GA,80,16,1.5714906941476088,9.710050446906362,0.006092755225328874,4
GA,80,17,1.5701098193318916,10.940546639295047,0.009797365045279892,4
GA,80,18,1.586473145051442,14.257241705896222,0.006551990595141679,4
GA,80,19,1.5736859747873388,11.640810247703486,0.006215740282665679,4
GA,80,20,1.5824799523350692,9.971276042426672,0.008216522635600255,4
GA,80,21,1.6452322672349293,5.926163121491007,0.00840202248643359,4
GA,80,22,1.6278140570935697,17.142475879142978,0.008800920250646308,4
GA,80,23,1.573006501797077,12.610368639624046,0.006146586897514817,4
GA,80,24,1.5780250240377305,10.364151931397272,0.0073826962684667916,4
GA,80,25,1.577294281934109,12.97208049068477,0.009893985743068816,4
GA,80,26,1.5772127912755598,11.408729665797548,0.007655601381012743,4
GA,80,27,1.575694341465417,12.31388707971208,0.006880107601057147,4
GA,80,28,1.5761136074295954,12.731658514846766,0.0067384995438453,4
GA,80,29,1.5780677678476085,10.635921198069582,0.005345223996699476,4
GA,80,30,1.5799179314272989,10.222804434185923,0.008129875536258437,4
GA,80,31,1.5686603916669422,10.382255107398262,0.006074996656666944,4
GA,80,32,1.5786261645288517,10.31655847325028,0.007679545272384262,4
GA,80,33,1.5728653726859438,11.551447962857406,0.006869017840577714,4
GA,80,34,1.5727458409577215,12.224244674433692,0.0066026100650851795,4
GA,80,35,1.5857080382951148,11.39732802657017,0.004393577349156891,4
GA,80,36,1.5730636269367262,9.695493377889079,0.006284392238968647,4
GA,80,37,1.5764634412168679,13.21161138954912,0.006367290162180516,4
GA,80,38,1.5730941419693671,12.731942841901093,0.00580668328389142,4
GA,80,39,1.5706331482095222,11.559353972883667,0.009648122840283687,4
GA,80,40,1.591143426920379,14.68679995226288,0.00975901518794082,4
GA,80,41,1.5853696871685232,12.083274359318988,0.009051372750051712,4
GA,80,42,1.5673480793822967,10.26949175322666,0.005905379466412811,4
GA,80,43,1.580241464671398,13.644285192460588,0.009177365649129306,4
GA,80,44,1.5877955465275715,14.264920124095903,0.0067278891863517135,4
GA,80,45,1.5747496696358385,12.534134795655158,0.0066277417672380885,4
GA,80,46,1.5730267406831937,12.83137190049654,0.0062317057511952325,4
GA,80,47,1.5732793276922878,12.537638368777626,0.005942472435840945,4
GA,80,48,1.5728702852285048,11.855935131240832,0.006478795395515927,4
GA,80,49,1.5682786708973044,9.975538236709399,0.005868258204796121,4
GA,80,50,1.5685822036922215,11.432138596923977,0.006026685989271901,4
GA,90,0,Final_Cost_ITAE,Best_Kp,Best_Ki,Iterations_Run
GA,90,1,1.5664648013952172,10.513761533689122,0.005855737269576584,4
GA,90,2,1.5763085512636696,9.280940027094816,0.0098523287741202,4
GA,90,3,1.581548858079378,12.069442777958637,0.008118295340465355,4
GA,90,4,1.5884294083087669,12.643776369455738,0.009226808126110087,4
GA,90,5,1.5747316518494843,11.124087343803392,0.007112466781483851,4
GA,90,6,1.5742252693541963,13.065356356114593,0.005986908552581388,4
GA,90,7,1.5737440904827222,11.585873109269745,0.007005260083852145,4
GA,90,8,1.5689388824687571,10.115479169750667,0.006064185363362326,4
GA,90,9,1.600508128685562,8.193433266934681,0.00762320686661342,4
GA,90,10,1.5765210116476183,12.913176873628299,0.0056027202575967975,4
GA,90,11,1.5856620884727715,11.983827808739852,0.009222885426614955,4
GA,90,12,1.5804847332724463,9.057580399519612,0.006596059555822072,4
GA,90,13,1.5697062005116134,9.675368532145304,0.005876482119390515,4
GA,90,14,1.5772752516846933,11.590338192614787,0.005234258446994185,4
GA,90,15,1.5919287413518013,8.622812609766582,0.004864104527090944,4
GA,90,16,1.5789192434397936,9.320726546916804,0.006634247467652544,4
GA,90,17,1.5958167955549898,8.42890846820758,0.007548315481534693,4
GA,90,18,1.5752045985103773,11.541307471317074,0.007315023169480305,4
GA,90,19,1.5708508668934167,11.2533774165791,0.006175326626112968,4
GA,90,20,1.582683950657581,11.570913152827256,0.008645594256116494,4
GA,90,21,1.5728165663276754,11.962105199526366,0.006349754643714284,4
GA,90,22,1.5746963053097285,9.048620518943832,0.0057722670199614546,4
GA,90,23,1.5761576869754652,12.80929247649461,0.0066134589861305895,4
GA,90,24,1.5779999925610517,8.731681050275094,0.00453251452113763,4
GA,90,25,1.5730547839941094,10.423526214054045,0.006518813179104264,4
GA,90,26,1.5791014938392385,8.629619168465403,0.004713336678890202,4
GA,90,27,1.58416281462964,11.884253568054651,0.00895716052597237,4
GA,90,28,1.5855401064166812,9.498722218508425,0.007525130735192802,4
GA,90,29,1.572751668494758,11.598404348765662,0.0069240346749420666,4
GA,90,30,1.5684394540177047,10.052096589776571,0.005889114154691145,4
GA,90,31,1.577296519259549,9.49391439095112,0.004174876234305443,4
GA,90,32,1.572937996025181,9.244026230966416,0.005844030800420373,4
GA,90,33,1.5737169991083335,12.972604448390205,0.00576760106295485,4
GA,90,34,1.5695799757229363,12.210898039772509,0.005728412595128104,4
GA,90,35,1.5767763979681308,10.856671965781318,0.007616410110339293,4
GA,90,36,1.5762841634513323,12.785548680478326,0.009893839864544774,4
GA,90,37,1.572484751685997,9.746939648306565,0.009679841124214921,4
GA,90,38,1.5759271328199131,11.926035203493738,0.006104772171082618,4
GA,90,39,1.570935328529959,11.271684783886066,0.00999631538614969,4
GA,90,40,1.5713276569085277,11.873043299974274,0.009595790608664587,4
GA,90,41,1.5834806609804288,11.797507624560348,0.00893449953251382,4
GA,90,42,1.5743147285164296,12.366339160953395,0.0066821794747435595,4
GA,90,43,1.5810116264416125,13.510741964838207,0.009883831736226466,4
GA,90,44,1.5779167544516182,13.245480288744847,0.009221085318409386,4
GA,90,45,1.576831185915199,9.263208993943453,0.00997855769092701,4
GA,90,46,1.5679234002588198,11.022823539566579,0.006034430746312148,4
GA,90,47,1.5829566866609732,13.320145367082876,0.007187951322284852,4
GA,90,48,1.5720593806356027,9.452324747018379,0.005937599782963926,4
GA,90,49,1.5796289373425214,8.467834434264592,0.00483317524029943,4
GA,90,50,1.5785915244088182,9.01571833877478,0.009717117237040064,4
GA,100,0,Final_Cost_ITAE,Best_Kp,Best_Ki,Iterations_Run
GA,100,1,1.5825209413719499,9.851375041806051,0.005400367654875294,4
GA,100,2,1.568153651666013,10.723911055806756,0.00600697476366977,4
GA,100,3,1.5706655758702983,11.15270144440592,0.009945318875354176,4
GA,100,4,1.5721746117975277,9.569362420275676,0.006024278159549074,4
GA,100,5,1.577436311732379,12.132674904834369,0.0074304454220977196,4
GA,100,6,1.5657944072181056,10.551449915358024,0.005795385947340191,4
GA,100,7,1.5697161999572913,10.016102837793792,0.006083909584124161,4
GA,100,8,1.5855778538490692,11.28595568948184,0.004419026447098915,4
GA,100,9,1.573004026764761,11.977579006454627,0.006347738507567604,4
GA,100,10,1.5797046704612827,11.342930922474894,0.008117522450273926,4
GA,100,11,1.583176036804285,13.791293376214233,0.009739329408538581,4
GA,100,12,1.5803763493628467,12.916178593973115,0.007286111058525245,4
GA,100,13,1.5806810525255888,13.797902349719164,0.006219586884080754,4
GA,100,14,1.5713220557263912,11.317654547288086,0.007517937037316948,4
GA,100,15,1.5770741650004996,12.929808925898618,0.0066717116145014075,4
GA,100,16,1.574171867333757,13.002411661615055,0.006086571771711237,4
GA,100,17,1.571466477829746,9.425033292717158,0.005797441744744042,4
GA,100,18,1.5791561582559936,12.30290483018169,0.007567633317909491,4
GA,100,19,1.569749832037718,10.614246233152853,0.009792632482285398,4
GA,100,20,1.5727492588776135,11.317005563999745,0.007883953904452479,4
GA,100,21,1.5742039029813677,11.683548267313244,0.0063711929579262205,4
GA,100,22,1.5806579606988014,10.717949135933543,0.005475711564877904,4
GA,100,23,1.5812017235915192,10.971555140949102,0.008592940814280291,4
GA,100,24,1.5717293344807102,11.988519620333529,0.009644124915480345,4
GA,100,25,1.5781125264798752,9.487788677997113,0.006715811944673433,4
GA,100,26,1.577994231531347,8.860268960085126,0.005924895933809681,4
GA,100,27,1.5728757469700463,11.998113807086627,0.006501758064169897,4
GA,100,28,1.5820931432830398,11.064821675156141,0.008663064187772837,4
GA,100,29,1.578791988047693,11.238606624584698,0.005353267209819377,4
GA,100,30,1.5745885490425284,12.447866461608305,0.009930596869647267,4
GA,100,31,1.5775749919789384,11.04704073628698,0.007743666441765406,4
GA,100,32,1.5734920343142254,12.911983542645812,0.005792472915835828,4
GA,100,33,1.5853441528173002,12.509451926162011,0.008555765368330219,4
GA,100,34,1.56786410864981,9.945966973586794,0.005858025870922151,4
GA,100,35,1.576041156498889,11.092850117364636,0.006696346322404784,4
GA,100,36,1.5964652598652669,14.729849341042273,0.00763692832096711,4
GA,100,37,1.5722111945427875,12.189007208647515,0.009529227138839885,4
GA,100,38,1.5706220294548083,11.56310313649865,0.009753648449124089,4
GA,100,39,1.5784392337390714,11.36773034068494,0.00642553785930499,4
GA,100,40,1.5772714783108688,11.611093043976057,0.0075815230588811774,4
GA,100,41,1.5670792286245319,10.470914594365318,0.00592983937088705,4
GA,100,42,1.573615297926423,11.432486973397003,0.006893730201949936,4
GA,100,43,1.599155162258712,15.641916188911898,0.009177683579971549,4
GA,100,44,1.5744452965973235,12.091964785333078,0.006109009631726728,4
GA,100,45,1.5782807510120025,9.115651400722077,0.0063367464695543154,4
GA,100,46,1.572878273816761,11.70774015158204,0.006659676323635904,4
GA,100,47,1.5736207851683204,12.782151999863157,0.006131868896362044,4
GA,100,48,1.5771747442509807,9.342324886755721,0.006508138852931567,4
GA,100,49,1.575437307182035,8.848914108873695,0.0044146596516444,4
GA,100,50,1.5900362202248988,7.9414356680845,0.005761897247065041,4
PSO,10,0,Final_Cost_ITAE,Best_Kp,Best_Ki,Iterations_Run
PSO,10,1,1.6282834282160044,17.152782964523812,0.008809944399700724,4
PSO,10,2,2.0497290881313264,47.62293079097879,0.00679145173735467,4
PSO,10,3,1.576790930022686,13.087105606446762,0.009332092388216933,4
PSO,10,4,1.58963635995144,7.870944623811976,0.004235862633932565,4
PSO,10,5,1.5960371084920968,14.909135199286462,0.0072341169468303265,4
PSO,10,6,1.605448875174921,8.283013087763857,0.004093204975371177,4
PSO,10,7,1.6246861545408195,6.420607484567953,0.0037033456700876067,4
PSO,10,8,1.672584049054638,21.216787227520165,0.009843098652509612,4
PSO,10,9,1.628621750858029,6.978448122281005,0.008693883141917639,4
PSO,10,10,1.5671708709524679,11.363390226144414,0.005944195464122258,4
PSO,10,11,1.6202401672732911,6.746963847640516,0.009876738114711781,4
PSO,10,12,1.626581421041668,6.388724728210761,0.0037486107740431936,4
PSO,10,13,2.07722296754113,50.34503143041466,0.009742225095276849,4
PSO,10,14,1.7041211363231317,4.746062345701161,0.00850348517350432,4
PSO,10,15,1.658329053153614,5.6445970370022005,0.00364007662790398,4
PSO,10,16,1.7102387134865704,4.8732782759499536,0.00424932025302931,4
PSO,10,17,1.5904836120545547,14.114145240006856,0.00748325594065385,4
PSO,10,18,2.0361855820746215,46.193650995181514,0.005114234591551015,4
PSO,10,19,1.892165680878005,2.6445781614545587,0.006379550573959681,4
PSO,10,20,1.5848471454570543,11.635637718826363,0.00921369615674575,4
PSO,10,21,1.5919202785455902,7.881648802161904,0.005815303706263078,4
PSO,10,22,1.5951581254448892,8.007816524055281,0.004969399671776971,4
PSO,10,23,1.5927174338009653,14.826739457838832,0.006623199889102732,4
PSO,10,24,2.0439900705705374,47.319308312792,0.007973736462664999,4
PSO,10,25,1.6424098895245625,6.01915954776698,0.008836885906698785,4
PSO,10,26,1.6391809686736554,18.275627079900786,0.007311533124745354,4
PSO,10,27,1.6646307237015345,5.827222254592779,0.007554021910858079,4
PSO,10,28,1.6027092158853258,7.4114410076316055,0.005892953479349958,4
PSO,10,29,1.575211218648514,11.817862162647543,0.007184739886357755,4
PSO,10,30,2.0346033777583354,46.307914191257325,0.006487092123560938,4
PSO,10,31,1.5847148646460032,10.244245302834853,0.00909196756229921,4
PSO,10,32,1.6334883573672678,17.955840510372504,0.00977842548376622,4
PSO,10,33,1.6072644890929595,7.3212981940474595,0.006238035014070936,4
PSO,10,34,1.6311306267369978,6.6221840416805,0.0068765484198534226,4
PSO,10,35,1.6108969995792124,16.138601593840775,0.007502143776739241,4
PSO,10,36,1.626716516111793,6.523108368337998,0.009949317335116068,4
PSO,10,37,1.589986571463175,8.979087587621445,0.007855495887146935,4
PSO,10,38,1.6393944772292066,18.205942215805788,0.007842003139728056,4
PSO,10,39,1.5730265540734034,12.143912595635628,0.0063652022248754745,4
PSO,10,40,2.1129128088339386,53.197209274462324,0.00803997086494495,4
PSO,10,41,1.598548180567088,8.471363756272197,0.008993010700241081,4
PSO,10,42,1.5876678238602682,8.209349404814162,0.009553853310446723,4
PSO,10,43,1.6922352046756137,4.975223646805578,0.009816250400804432,4
PSO,10,44,1.566874126919405,10.374914783532628,0.0059170697646376775,4
PSO,10,45,1.588625146375598,13.541604239845018,0.008086944954339495,4
PSO,10,46,1.7077557644671775,4.810909968372126,0.005410168457137346,4
PSO,10,47,1.6797744794373135,21.052682621546143,0.009149362648310651,4
PSO,10,48,1.5898953984736615,12.910456832071784,0.009158808581453636,4
PSO,10,49,1.6250713398463041,17.11278207334113,0.0079888585522973,4
PSO,10,50,2.061154346265545,48.649374989561494,0.00743619880911883,4
PSO,20,0,Final_Cost_ITAE,Best_Kp,Best_Ki,Iterations_Run
PSO,20,1,1.5794017332851276,11.279669836623533,0.008314992223711437,4
PSO,20,2,1.5831397573597672,13.252558772361084,0.007472016759119769,4
PSO,20,3,1.5794864737880985,11.99134179584465,0.005092286633063946,4
PSO,20,4,1.572540244667153,11.719531908495508,0.006558949987224069,4
PSO,20,5,1.6908864010258329,4.976019585634731,0.008637074635361104,4
PSO,20,6,1.566363842196775,11.835116026872011,0.005692063442170852,4
PSO,20,7,1.5856557776261497,10.689039944014914,0.005660714627499099,4
PSO,20,8,1.576917386543778,8.807514027521853,0.005820140695293588,4
PSO,20,9,1.6061786809461496,15.94210294121821,0.006840302863873989,4
PSO,20,10,1.5783759973734757,12.539138203020316,0.007111126326584717,4
PSO,20,11,1.627971662109956,6.7338752641007495,0.006917817391325946,4
PSO,20,12,1.5842359036541767,11.411186477376551,0.009166742876712347,4
PSO,20,13,1.5911587287293383,9.298717785708519,0.0075046690412303866,4
PSO,20,14,1.5933967417544124,7.951177438912328,0.004706165594263041,4
PSO,20,15,1.594193981303814,7.886048795320232,0.006146682971709094,4
PSO,20,16,1.736958608434522,24.6742769456084,0.009864892097814633,4
PSO,20,17,1.5769520691784826,8.996538269814103,0.006001778092974531,4
PSO,20,18,1.5700717154165782,10.240269633609534,0.006184220835453852,4
PSO,20,19,1.5818677586255596,9.930854176984594,0.00797659964553809,4
PSO,20,20,1.6091613876947601,16.126488044863446,0.007028737951185295,4
PSO,20,21,1.574918040930382,13.209542680440594,0.005942726275273358,4
PSO,20,22,1.584760961015923,13.955832305675235,0.009973315033450314,4
PSO,20,23,1.5864091560724032,12.429967599597088,0.008952625688914528,4
PSO,20,24,1.57528784806505,11.96764828888509,0.006998033133937458,4
PSO,20,25,1.5745086745161694,13.106101625514443,0.0059566255789254875,4
PSO,20,26,1.568160938600003,10.895490639789097,0.006060841342744898,4
PSO,20,27,1.5979120498180583,14.997351511926306,0.007322095174836531,4
PSO,20,28,1.5831430023756328,13.825316064667083,0.009688706609992116,4
PSO,20,29,1.609761359497098,16.03681784612244,0.009174701081644393,4
PSO,20,30,1.5947975544866324,15.214805561166116,0.009119147453393935,4
PSO,20,31,1.5783730928577193,12.1028965350775,0.007534548477329162,4
PSO,20,32,1.6272940875003357,6.703169236959243,0.006612124548335687,4
PSO,20,33,1.5813251255393426,11.994711876155769,0.00822452622386575,4
PSO,20,34,1.567820622895662,9.899682391712837,0.005798851055204191,4
PSO,20,35,1.5871639577298964,10.000001382963463,0.004242697549964519,4
PSO,20,36,1.5761498904316995,12.917032857449675,0.00971091522898333,4
PSO,20,37,1.5731679784512078,9.254097684564028,0.005780905785657741,4
PSO,20,38,1.5707966835285412,11.455191681397675,0.006168677947581039,4
PSO,20,39,1.5725955562947938,11.965423290771195,0.006382726876459251,4
PSO,20,40,1.5836211938858764,9.886355479034057,0.0071676481431421375,4
PSO,20,41,1.5896397675374163,14.633230898248677,0.009404923704344119,4
PSO,20,42,1.5979860186480914,7.666812195447155,0.00988210094462222,4
PSO,20,43,1.5804056196990781,10.245691179283483,0.00712924431086029,4
PSO,20,44,1.6867795071559781,21.621598889478587,0.008847363032780812,4
PSO,20,45,1.5934090637908516,15.03916737504806,0.006377853337341549,4
PSO,20,46,1.5768252769210156,12.00672851927821,0.007312682280225604,4
PSO,20,47,1.5807441193263936,13.254820115134725,0.006869854347841418,4
PSO,20,48,1.5799487544568922,12.869941395660348,0.007256919109123857,4
PSO,20,49,1.5670568594895875,11.825155687741866,0.005727994579242389,4
PSO,20,50,1.5742954818162274,11.11369425977416,0.007184255758668129,4
PSO,30,0,Final_Cost_ITAE,Best_Kp,Best_Ki,Iterations_Run
PSO,30,1,1.5680602722422807,9.970604362413619,0.0058535903977091335,4
PSO,30,2,1.5785781397341525,13.017057321542854,0.006795771401487566,4
PSO,30,3,1.605762114779057,7.539415052138703,0.0033189401605331556,4
PSO,30,4,1.5714686831767732,10.4294137789228,0.00998807740020285,4
PSO,30,5,1.5741366713373979,12.51140950438282,0.00588024394010802,4
PSO,30,6,1.5724499982933187,9.916598613538232,0.009848482966453617,4
PSO,30,7,1.5771628346482767,9.186461708752041,0.009785332242738571,4
PSO,30,8,1.5673705253473096,11.331522767295832,0.006663658692413389,4
PSO,30,9,1.5921877235692716,8.960923363722085,0.0055428115491017275,4
PSO,30,10,1.5925740204678815,7.791679500724269,0.0055972915963586525,4
PSO,30,11,1.6387945957636547,6.14439977796206,0.009272465000448711,4
PSO,30,12,1.5663272029275526,10.766652601568818,0.005842964773988634,4
PSO,30,13,1.5713016761083325,11.947257359413063,0.009515392382514724,4
PSO,30,14,1.5716273547692625,10.034838883839402,0.009697979974270937,4
PSO,30,15,1.5728273980641043,9.909882436132053,0.0063048017240753375,4
PSO,30,16,1.5765375813085876,10.284470167189133,0.006826236264858261,4
PSO,30,17,1.5721565027950701,9.368986525763852,0.005837394613575685,4
PSO,30,18,1.5860488003015611,14.250394296720303,0.006420403112468425,4
PSO,30,19,1.5740154978217105,9.850525566020364,0.006527463299765564,4
PSO,30,20,1.5760925845234093,13.050336263039418,0.006423198371099108,4
PSO,30,21,1.5767083450353867,9.53104790699054,0.006569428993637327,4
PSO,30,22,1.644526373379152,6.391707987468614,0.007877314454851521,4
PSO,30,23,1.5755188367193536,10.906981573959783,0.0069148023583364224,4
PSO,30,24,1.5801031113846746,8.710003164071859,0.006025612024842615,4
PSO,30,25,1.5690971740315565,10.727326322997122,0.0061870366576572714,4
PSO,30,26,1.5747082071479725,9.363090650583057,0.0062056268107208,4
PSO,30,27,1.573924019297882,12.51329358222836,0.009450380261305527,4
PSO,30,28,1.58778394719588,14.025176683008214,0.007086210454961171,4
PSO,30,29,1.573884631179362,11.390589043609006,0.006871143577582084,4
PSO,30,30,1.5756969042250115,9.33895373411632,0.009736368824088619,4
PSO,30,31,1.5972478382233866,15.259151013724887,0.006629680547000422,4
PSO,30,32,1.5740801674301046,12.703672921686259,0.005823449532743918,4
PSO,30,33,1.5768176781794845,11.011748155219356,0.00767799578805809,4
PSO,30,34,1.587377491304396,12.544320512092257,0.005408608876102752,4
PSO,30,35,1.567993887177196,11.798003648908375,0.005830465189124791,4
PSO,30,36,1.5742392238359266,12.763089581285758,0.005739414566686169,4
PSO,30,37,1.5735543453976126,11.975113688351273,0.006722132212793038,4
PSO,30,38,1.5827510972796033,11.014614203884424,0.009019211013357101,4
PSO,30,39,1.5703405218113933,11.530421619902675,0.009687828759331581,4
PSO,30,40,1.570452449868099,10.907646078561095,0.006245753315451897,4
PSO,30,41,1.595036890650809,15.16184121976001,0.009338871448344695,4
PSO,30,42,1.573892214203276,12.703037210638858,0.009428794153399025,4
PSO,30,43,1.5684147309206975,10.297769440302176,0.006028022414336269,4
PSO,30,44,1.5929693500932813,12.46079626979824,0.004815071541642067,4
PSO,30,45,1.6072731525867912,8.008423732956944,0.00926676939669415,4
PSO,30,46,1.57494266927875,9.662313625867968,0.0064438243678317615,4
PSO,30,47,1.5852439152686777,8.424976987331588,0.009681301760936917,4
PSO,30,48,1.5823572062514664,10.159970497333175,0.008591241719421413,4
PSO,30,49,1.5731189620004264,9.46794984144682,0.00606788388349508,4
PSO,30,50,1.589455587371894,8.982931418634786,0.007863256042946734,4
PSO,40,0,Final_Cost_ITAE,Best_Kp,Best_Ki,Iterations_Run
PSO,40,1,1.5809978547693508,11.213713752448047,0.008517882984220007,4
PSO,40,2,1.5751814015172247,9.862370239323944,0.0065852086803231775,4
PSO,40,3,1.5837459658630535,10.861492754164292,0.004205269256012015,4
PSO,40,4,1.5707037601058496,10.353513865722505,0.009694193130693847,4
PSO,40,5,1.5690985075524857,12.418810241739305,0.005621131566291148,4
PSO,40,6,1.5823977360259354,10.388110260752008,0.00856784634384602,4
PSO,40,7,1.5841141492496407,9.687172038699996,0.008256928124459302,4
PSO,40,8,1.5874039818034513,14.52408874122905,0.006189964476848709,4
PSO,40,9,1.5787305499918263,13.61914640592523,0.0061290709612428825,4
PSO,40,10,1.5689635572456144,10.300868059828963,0.006094783867843289,4
PSO,40,11,1.5688237682040713,9.867717843905154,0.005857504883205547,4
PSO,40,12,1.5749317705184358,10.551648680684663,0.0066715290827215135,4
PSO,40,13,1.5834178678924749,12.963419743565156,0.007744104876896668,4
PSO,40,14,1.5773004795658265,12.98504270825742,0.00984326808734774,4
PSO,40,15,1.5701151115512904,10.662346800117428,0.009700342911659011,4
PSO,40,16,1.5773199494576258,9.153370045447597,0.009863749674823947,4
PSO,40,17,1.585077074701051,8.655200443852502,0.0064797086463314665,4
PSO,40,18,1.5726318091891833,10.267926882241085,0.006442585725432075,4
PSO,40,19,1.5791488201202415,8.494834218098568,0.00433324023645921,4
PSO,40,20,1.58682520516417,8.953939456371716,0.0037240308178349978,4
PSO,40,21,1.5818351533584927,9.843324019409836,0.005416933614768559,4
PSO,40,22,1.5697251996725026,11.65470628518811,0.005981114412026564,4
PSO,40,23,1.571183640954361,10.095728477951722,0.006309797035724504,4
PSO,40,24,1.5812866077094123,8.969551513401079,0.006496011073223071,4
PSO,40,25,1.5834068570243909,8.432363792423072,0.00588124539502975,4
PSO,40,26,1.5780898185939338,12.16619078582854,0.007455054253606419,4
PSO,40,27,1.5713651720206177,11.780755735046428,0.0098608251898993,4
PSO,40,28,1.5669565205425358,11.856461947212248,0.005728742922762725,4
PSO,40,29,1.5747924827610407,13.174202589036264,0.006047151013304996,4
PSO,40,30,1.570051869198047,11.610709765252341,0.006072185194593623,4
PSO,40,31,1.6216446371690632,6.708179300115937,0.004195735504394558,4
PSO,40,32,1.5859321498804138,10.037261857041099,0.009128796877489236,4
PSO,40,33,1.5754006674321488,10.191302648834702,0.006769756817058228,4
PSO,40,34,1.5700909180531937,10.343241004906602,0.009648203247365414,4
PSO,40,35,1.570248086357135,10.134248681836024,0.006177611854206467,4
PSO,40,36,1.5699122184310095,11.444888124197938,0.009583728698984353,4
PSO,40,37,1.567939338647429,11.694906314232535,0.005860574463084975,4
PSO,40,38,1.5753913200136012,9.938670494138147,0.00664387759282017,4
PSO,40,39,1.5725339764588269,12.06535013726423,0.00993799479666928,4
PSO,40,40,1.5812752242371482,9.948076130840581,0.00795155060665536,4
PSO,40,41,1.57953676405769,8.757436070018061,0.005991568199829112,4
PSO,40,42,1.5845193962773432,11.803202252115971,0.009026731674083348,4
PSO,40,43,1.5729272308084075,12.264150903089444,0.009433284038530282,4
PSO,40,44,1.5673183978908218,10.7721098065776,0.0059882281414324195,4
PSO,40,45,1.5801662862244679,11.684785112130024,0.008203525878702258,4
PSO,40,46,1.611199692456653,7.081553485132053,0.004395340344805818,4
PSO,40,47,1.5791585265695138,8.731649934705237,0.004634064023806153,4
PSO,40,48,1.5779966855760212,12.085165643841147,0.007491724238543708,4
PSO,40,49,1.5661636760963635,11.531484734610629,0.005752213644987076,4
PSO,40,50,1.571524706684088,10.617440034153391,0.0063805878466338265,4
PSO,50,0,Final_Cost_ITAE,Best_Kp,Best_Ki,Iterations_Run
PSO,50,1,1.5785688326873633,8.814197399294954,0.005964447281394055,4
PSO,50,2,1.5753437945452358,12.01865587565381,0.007206565808383975,4
PSO,50,3,1.573782252265381,11.289725771974853,0.006922428580633313,4
PSO,50,4,1.5676648293600144,12.047339386634148,0.0056796832518840835,4
PSO,50,5,1.5721858125354922,11.990312656006498,0.009931787830133595,4
PSO,50,6,1.5787521119386052,11.2582172780958,0.005356990122196486,4
PSO,50,7,1.5698648244280244,10.998566493003457,0.009651494894991503,4
PSO,50,8,1.5657479016135127,11.523776744172489,0.0057282803528503935,4
PSO,50,9,1.5789939715852839,12.17190155596327,0.00756403796289825,4
PSO,50,10,1.569413043380784,10.121488149804671,0.006085851788764078,4
PSO,50,11,1.576982681764331,10.564773566798097,0.007246158290620919,4
PSO,50,12,1.57506571273437,11.562014558645354,0.007236283533609565,4
PSO,50,13,1.578903813585518,11.13331074786581,0.008036993128475795,4
PSO,50,14,1.5703793794330287,10.173427629690174,0.0062012857956760615,4
PSO,50,15,1.5765900697415092,12.152233565282437,0.0059829833176149065,4
PSO,50,16,1.5971674812378795,8.029575975125914,0.006953873089739779,4
PSO,50,17,1.572401430836665,12.455713756873896,0.006109928268668333,4
PSO,50,18,1.5746799066423764,12.763487567944043,0.009336510657446692,4
PSO,50,19,1.5682944124118023,10.888511473880325,0.0060869251739051194,4
PSO,50,20,1.5784242414281986,12.128653308541768,0.007524286471444513,4
PSO,50,21,1.5724032609383733,11.490547048961064,0.006214396874404302,4
PSO,50,22,1.5780465341620065,13.029588414502387,0.009907464574644427,4
PSO,50,23,1.572647589526991,11.907462266012542,0.006346404167889825,4
PSO,50,24,1.5803122619672054,13.577184084376919,0.009338084782476327,4
PSO,50,25,1.5797850189496632,8.853900346633447,0.00966291889903707,4
PSO,50,26,1.5722754660529048,12.340669299113921,0.009397197887696891,4
PSO,50,27,1.5747010873685834,11.164616497759718,0.007230319158890659,4
PSO,50,28,1.6071955926703037,16.04474285236236,0.006803310839058532,4
PSO,50,29,1.591907012037427,8.153380622469577,0.0033178796966723857,4
PSO,50,30,1.5652564573469239,11.242044174334174,0.005734574084593237,4
PSO,50,31,1.5838597671174273,8.776416743476588,0.006600921027872265,4
PSO,50,32,1.5789367995773596,12.110507772787784,0.007663064722339228,4
PSO,50,33,1.5696866490490975,10.291667468628237,0.00614722843567223,4
PSO,50,34,1.609053679643777,15.929806803166295,0.007553019291348359,4
PSO,50,35,1.5765057967286396,11.835646589954553,0.007279492545026823,4
PSO,50,36,1.5706248513375813,11.359769581295867,0.009972855374880643,4
PSO,50,37,1.5763059136998163,10.543924709886564,0.0073370998997478905,4
PSO,50,38,1.5751039086845717,12.718840742181825,0.0095684053973168,4
PSO,50,39,1.590294147158111,14.659371801293535,0.006625821802370849,4
PSO,50,40,1.566056703600308,11.58585127823643,0.005720349653600787,4
PSO,50,41,1.5710028912661322,9.922887695320547,0.006185298150287389,4
PSO,50,42,1.5706215801922672,10.31807952904129,0.009783815642055417,4
PSO,50,43,1.5738585066391328,12.304966198413396,0.009808936485404011,4
PSO,50,44,1.5721209294018905,11.93499080559915,0.006404067643370855,4
PSO,50,45,1.5686730148393675,11.612613034779217,0.0059780035132591305,4
PSO,50,46,1.5739416058741231,9.44250776734888,0.006137401144039752,4
PSO,50,47,1.577066009849963,10.914354182884068,0.0076647100101561545,4
PSO,50,48,1.5758557554632686,12.620492571843053,0.00672748587889726,4
PSO,50,49,1.587918548812503,8.330651759963374,0.004821011512111432,4
PSO,50,50,1.584631358060609,14.286186658885425,0.006170486785111723,4
PSO,60,0,Final_Cost_ITAE,Best_Kp,Best_Ki,Iterations_Run
PSO,60,1,1.5772464184306696,10.503679886891623,0.00752284475752107,4
PSO,60,2,1.585261487580295,13.210089665432555,0.007819967237083971,4
PSO,60,3,1.5690792158770168,10.08176114844401,0.006057434443289451,4
PSO,60,4,1.5674924717600123,10.567240553934303,0.005971089194863378,4
PSO,60,5,1.5725072583162527,12.205711266852019,0.00968900414749435,4
PSO,60,6,1.5704490305102954,10.36341759161236,0.006288421652063456,4
PSO,60,7,1.5767958766170558,12.881337992755483,0.009801826015433697,4
PSO,60,8,1.5752416982470636,12.553036026971299,0.00997012611397398,4
PSO,60,9,1.584932308737039,8.8895971844368,0.00694908595591743,4
PSO,60,10,1.5699401769107089,11.516002512734673,0.006089493080612363,4
PSO,60,11,1.5729521028476734,12.848320047566531,0.006118331364378954,4
PSO,60,12,1.5682945828416208,11.6921729998231,0.005906754492963055,4
PSO,60,13,1.5757356524805815,12.152932476430722,0.005971682909984743,4
PSO,60,14,1.5734385019694688,9.24695689402964,0.0058838959127679264,4
PSO,60,15,1.5797802158070304,9.327616651446856,0.006788982093160398,4
PSO,60,16,1.5849190943650902,10.03070300364589,0.004041534384025342,4
PSO,60,17,1.5767094195790146,12.966367438891298,0.00662251218479634,4
PSO,60,18,1.5742938826068067,11.209609039315348,0.006956071217502928,4
PSO,60,19,1.5706639833012406,11.639113287629453,0.009620495432593757,4
PSO,60,20,1.5790727027099691,11.397351506954951,0.008097132578999522,4
PSO,60,21,1.5745623085266336,12.717256191568781,0.0065462121997981095,4
PSO,60,22,1.5706894476758217,11.6435313375127,0.009770187026106786,4
PSO,60,23,1.5734289644856911,12.05665704032769,0.00672298273383727,4
PSO,60,24,1.5668557774508511,10.877203828475151,0.005962597804687952,4
PSO,60,25,1.5767841872932462,9.855010058286659,0.006770902022741352,4
PSO,60,26,1.5786126634286985,12.389021323347515,0.0074154847557114665,4
PSO,60,27,1.5741644551138607,10.426510946712899,0.0066570225887436435,4
PSO,60,28,1.5711401475778808,10.138886850120832,0.009690756686705207,4
PSO,60,29,1.572926787626489,12.604672729183964,0.006307495157100023,4
PSO,60,30,1.5714730239863255,10.036889430063061,0.006278089374271684,4
PSO,60,31,1.5703923685371375,10.654668189407765,0.009835927128678935,4
PSO,60,32,1.5702682442800047,11.191445380118658,0.009787068552021126,4
PSO,60,33,1.5735188846699557,11.521266458698888,0.006648439410522052,4
PSO,60,34,1.5812674710834775,13.678596472276972,0.006430899361127929,4
PSO,60,35,1.5720990259950296,12.243336525388488,0.006156591478237784,4
PSO,60,36,1.5725272598610052,12.275782856850986,0.00946954953512564,4
PSO,60,37,1.5657063510621951,10.356827327026627,0.005773754926234502,4
PSO,60,38,1.5851129020577475,12.102176584714456,0.009031000874537934,4
PSO,60,39,1.5752375632572595,12.503867265332172,0.006794188248309453,4
PSO,60,40,1.5791974036944179,13.13803731114913,0.009992080810376287,4
PSO,60,41,1.5780204661678923,9.112246334256902,0.009883489348135424,4
PSO,60,42,1.5749745932742745,12.531526763348209,0.009878576745527341,4
PSO,60,43,1.5708145412057928,11.727246619854567,0.009708568600367978,4
PSO,60,44,1.573829273203788,9.712761273792347,0.00973334658364198,4
PSO,60,45,1.5739511118643215,12.424725696912317,0.00660721857227404,4
PSO,60,46,1.5738522966323163,12.922798531879653,0.005701497242958148,4
PSO,60,47,1.585410947969704,14.023894880616655,0.0067441424803469895,4
PSO,60,48,1.5701478659102281,10.869964583389235,0.009738405764618183,4
PSO,60,49,1.5798048566038498,10.975504997552457,0.008084217151595102,4
PSO,60,50,1.5716865740533645,12.122754660255582,0.009433384855644385,4
PSO,70,0,Final_Cost_ITAE,Best_Kp,Best_Ki,Iterations_Run
PSO,70,1,1.5884935868560444,8.010443186176799,0.004339286948159632,4
PSO,70,2,1.569346962422537,10.617727758784909,0.0062244117127510665,4
PSO,70,3,1.5722215226359644,10.388858215054844,0.006458391298859147,4
PSO,70,4,1.5795492720873625,10.185241788649398,0.00795339112306218,4
PSO,70,5,1.5711263950426144,9.473055868734367,0.0058830451508327525,4
PSO,70,6,1.573514862834966,10.221288522847765,0.006538449006728034,4
PSO,70,7,1.5892146339242423,8.662531848398757,0.007104140009345276,4
PSO,70,8,1.57851846167397,13.295699169404106,0.006509660833956466,4
PSO,70,9,1.5713482875848799,9.459085156932172,0.005907342263803669,4
PSO,70,10,1.570484877730459,11.10674155100453,0.009877610022446,4
PSO,70,11,1.5811635715718724,8.983650498285158,0.006539400299819571,4
PSO,70,12,1.5735872672967974,12.7475137781471,0.006336411616942734,4
PSO,70,13,1.5729667911237795,9.747696624990391,0.009726354914218315,4
PSO,70,14,1.5732250242555503,11.644894205411404,0.00650190832002409,4
PSO,70,15,1.588473229927524,14.519356558191113,0.009389805140288879,4
PSO,70,16,1.5776949046964779,10.726510103769094,0.0077559694097659474,4
PSO,70,17,1.5713862884376746,11.737489270387304,0.009638659701945137,4
PSO,70,18,1.5715612049717733,10.13991133725606,0.009894961660874368,4
PSO,70,19,1.570918835850481,12.149371362325551,0.005831312374463086,4
PSO,70,20,1.5730122234582757,12.535140411388813,0.006022971934616787,4
PSO,70,21,1.5710935753101416,11.464543414324105,0.009862269556236288,4
PSO,70,22,1.5657504702188392,11.08196901042193,0.00576712186506978,4
PSO,70,23,1.58198755966376,10.23070943940224,0.00849003630169288,4
PSO,70,24,1.5674991830591383,11.40375177680006,0.005902894059955222,4
PSO,70,25,1.5686898677630476,9.971708238867292,0.005952013194461777,4
PSO,70,26,1.5736028298558014,12.462559991097322,0.009402229820713457,4
PSO,70,27,1.5742372794348134,12.38205689250521,0.009981961025278171,4
PSO,70,28,1.5693298822783692,9.750685648450268,0.005856454780016867,4
PSO,70,29,1.5705627238622688,11.705629474087928,0.009511676915271456,4
PSO,70,30,1.5716062643132103,11.778434871192639,0.009906874311099594,4
PSO,70,31,1.5887969860248754,9.21633520165301,0.0054248274007902665,4
PSO,70,32,1.5704597646709229,11.595473581592021,0.006096555870794538,4
PSO,70,33,1.5704599200549074,11.418715760819985,0.006116543398741658,4
PSO,70,34,1.5869780624318077,8.283410776307633,0.009646257298570033,4
PSO,70,35,1.569926501534654,11.297727207433532,0.008782027812262063,4
PSO,70,36,1.5738702645700868,12.328769911290212,0.00990161579726514,4
PSO,70,37,1.568328814549516,11.458898062206902,0.005995481007887577,4
PSO,70,38,1.567047959787396,11.050131381303844,0.005968939594672363,4
PSO,70,39,1.5731560337176271,10.001923212232226,0.006417495245278223,4
PSO,70,40,1.571668921400118,11.68079603627419,0.009990951944864481,4
PSO,70,41,1.5735508951871338,12.598505785469493,0.005864840626479826,4
PSO,70,42,1.5732073122500985,12.943863506684126,0.005932816641092463,4
PSO,70,43,1.5733794245213037,12.190764692784406,0.0060985230700385295,4
PSO,70,44,1.5677689571674793,12.007087823261342,0.005703382826823222,4
PSO,70,45,1.5731697128702078,12.245812653499444,0.00975283360083028,4
PSO,70,46,1.5848705302254007,8.486342048279289,0.009896391438354166,4
PSO,70,47,1.5718002652594467,11.915374241501809,0.009772290094634492,4
PSO,70,48,1.567047118725344,11.512224950270301,0.005834014938710934,4
PSO,70,49,1.5705125395913888,11.647829164014059,0.0096591085557907,4
PSO,70,50,1.571996978601406,10.07010300367651,0.006320581121226133,4
PSO,80,0,Final_Cost_ITAE,Best_Kp,Best_Ki,Iterations_Run
PSO,80,1,1.5739147893605345,11.432625716190326,0.006786702274936732,4
PSO,80,2,1.5654680981295617,10.681815077111166,0.005793170045590268,4
PSO,80,3,1.5666609259616202,11.157449595767043,0.00588580815031929,4
PSO,80,4,1.5750598279963666,11.490501649033082,0.006511823377997031,4
PSO,80,5,1.5793882918134798,12.478558656585005,0.007410526875656041,4
PSO,80,6,1.5692325217128915,9.790693193363008,0.005887995312204952,4
PSO,80,7,1.5840446109379878,11.162763329789522,0.009203173335952846,4
PSO,80,8,1.565835048060358,10.597094778010744,0.005830042822189759,4
PSO,80,9,1.5808265405273414,12.417187419472645,0.007807765364234777,4
PSO,80,10,1.571531943622284,11.750544934148806,0.009952918954333208,4
PSO,80,11,1.5705484168844508,10.94159552638493,0.009943259241430328,4
PSO,80,12,1.573517239676231,10.47108327183941,0.00655877600516414,4
PSO,80,13,1.5732135621712757,11.720097626668482,0.0065559644604590225,4
PSO,80,14,1.5698629064051732,10.509461985980957,0.006217607668092734,4
PSO,80,15,1.5656289520698818,10.973614638278983,0.005813634692335766,4
PSO,80,16,1.5732978698255842,11.537660436378578,0.0062221802207507925,4
PSO,80,17,1.5656746822279328,11.029647154615375,0.0058009056367065185,4
PSO,80,18,1.566895322322212,10.067599261403378,0.005777138379502839,4
PSO,80,19,1.568933448203511,10.63214562092747,0.006171747045327928,4
PSO,80,20,1.583199693437756,13.127818696104722,0.007498193624298655,4
PSO,80,21,1.564631986979099,11.094591742936855,0.0057583098283327085,4
PSO,80,22,1.5674918886396518,10.3253962837087,0.005878486237361902,4
PSO,80,23,1.5708096627563366,9.945715822475494,0.006099644180276158,4
PSO,80,24,1.5730528385959477,12.319172054367662,0.00639795879335169,4
PSO,80,25,1.5704248370839191,10.466512195368777,0.00987121509855315,4
PSO,80,26,1.570796639259664,10.215948226918604,0.009658304518463851,4
PSO,80,27,1.5694243456355188,10.637606509276177,0.006216392544090071,4
PSO,80,28,1.56593022538878,10.755190838875684,0.005815638356802089,4
PSO,80,29,1.5891727317553954,8.149136030946016,0.004625363851932035,4
PSO,80,30,1.5776465593516982,12.077171278978401,0.007450446041411757,4
PSO,80,31,1.5764485024987271,12.76809915059844,0.00983321616084183,4
PSO,80,32,1.5675718876173133,10.04373021276903,0.005878568957214291,4
PSO,80,33,1.5721145959385092,10.0550125921287,0.006315240205061242,4
PSO,80,34,1.5716015633320344,10.006713493090212,0.009685924866560463,4
PSO,80,35,1.5707871193318248,10.3972230660137,0.009808887698464086,4
PSO,80,36,1.5719469458385864,12.149866630464576,0.009464267559514083,4
PSO,80,37,1.5704304809275234,10.820124265657848,0.009825309995500029,4
PSO,80,38,1.5781661286902031,9.433943585109954,0.0066007250222606985,4
PSO,80,39,1.5765918530564311,10.528363331148357,0.00746928067503885,4
PSO,80,40,1.5670688401549626,11.507441612054405,0.0058899471959875105,4
PSO,80,41,1.5730624717629156,10.157984928902493,0.006488515197896454,4
PSO,80,42,1.5753563854063284,10.199756668873993,0.006738443890496489,4
PSO,80,43,1.593506577814288,8.265284273166229,0.003501170660935616,4
PSO,80,44,1.5712320483406408,11.926944143119222,0.009695729874561184,4
PSO,80,45,1.5740410235257445,12.560852653077568,0.006512616593806926,4
PSO,80,46,1.570543907181592,11.017560730459472,0.009896472180611977,4
PSO,80,47,1.5700541756117576,11.47075596172478,0.006083972653564352,4
PSO,80,48,1.571786218684571,11.90532747311436,0.009812335747244315,4
PSO,80,49,1.5815109579659943,13.645953041310872,0.006658157265869908,4
PSO,80,50,1.5713202060308826,11.9806187415116,0.00958476128024907,4
PSO,90,0,Final_Cost_ITAE,Best_Kp,Best_Ki,Iterations_Run
PSO,90,1,1.5798098360327217,12.377281739843296,0.005123591679048346,4
PSO,90,2,1.571824684699564,11.94777617439434,0.009791947537666696,4
PSO,90,3,1.5676142405179092,10.660502596156931,0.006035899116828608,4
PSO,90,4,1.5734580685762662,9.146631593798872,0.005784157877149751,4
PSO,90,5,1.5690448057274962,10.554847500466028,0.006129161537230865,4
PSO,90,6,1.5709435475033966,11.62976071372091,0.009666757015057148,4
PSO,90,7,1.5709075253089415,11.128841654536847,0.006260540329777832,4
PSO,90,8,1.5677885405620056,11.002862071026762,0.006028162929431973,4
PSO,90,9,1.5701250578102455,9.834407456292691,0.005982360483692289,4
PSO,90,10,1.570450805898059,11.316199012457757,0.007563794887625126,4
PSO,90,11,1.5658805555622635,11.269373474608331,0.0057850594014380845,4
PSO,90,12,1.5661759798165988,10.911912600037939,0.005848353977562259,4
PSO,90,13,1.566973894277656,10.54840770946799,0.005906714625688497,4
PSO,90,14,1.5713250218636101,9.801023992245533,0.006074802601773702,4
PSO,90,15,1.5751904760516953,10.499444458970604,0.006709162249914666,4
PSO,90,16,1.5676380119764128,12.084715126483944,0.005679713818465706,4
PSO,90,17,1.5781136783361853,13.645295019509614,0.0060725631261865694,4
PSO,90,18,1.5671748007346626,10.354340387620026,0.005924974134511218,4
PSO,90,19,1.566420447415514,11.480036684397792,0.005885620345667384,4
PSO,90,20,1.5691881504002785,9.79444081305804,0.005817913078613255,4
PSO,90,21,1.5733116667081262,12.113765721710246,0.005946234269771042,4
PSO,90,22,1.6171817785391327,6.833306158049376,0.004177670096041265,4
PSO,90,23,1.5780053620956627,8.709152145192526,0.004514535455270829,4
PSO,90,24,1.5670850057248757,10.869065380496085,0.00592972244981831,4
PSO,90,25,1.5735457023658617,12.8837511193717,0.005901463042572248,4
PSO,90,26,1.5790304449645804,9.504697403022817,0.006790797631555263,4
PSO,90,27,1.5753564604176928,12.797846216255222,0.005675651588924295,4
PSO,90,28,1.5667928655302765,10.607985378133417,0.005928487014151043,4
PSO,90,29,1.5702053581369164,11.35241477117384,0.0097734871124777,4
PSO,90,30,1.5711471204924896,11.595499558646289,0.009877122533433327,4
PSO,90,31,1.5782230816986516,12.795103771554327,0.006934743114838356,4
PSO,90,32,1.569332352755944,9.811999229541408,0.005926561819239979,4
PSO,90,33,1.5711123105216442,11.231361101237171,0.006238630971928467,4
PSO,90,34,1.572327461344794,12.238554275097151,0.006407695060940181,4
PSO,90,35,1.5731225483013729,11.881010779500894,0.006314786765363711,4
PSO,90,36,1.5718454012199259,10.147089163321276,0.00993877500096583,4
PSO,90,37,1.5738206953684204,12.989687278732289,0.00621239497518593,4
PSO,90,38,1.5714025450624667,10.056357353580056,0.006254434497489835,4
PSO,90,39,1.570135463706186,11.81155528713303,0.005948966522130969,4
PSO,90,40,1.5700067270162463,11.110674887311355,0.009668345852791315,4
PSO,90,41,1.572626564167877,12.245978025137184,0.009602352430187788,4
PSO,90,42,1.5765041092168182,11.002881194063153,0.0075703166611003365,4
PSO,90,43,1.5716167587094545,10.148729115729822,0.009932710865406877,4
PSO,90,44,1.5708015911585884,11.135651532497539,0.006267197894723959,4
PSO,90,45,1.5709072305278622,11.90417328246604,0.0059632973332025595,4
PSO,90,46,1.589314135052166,9.215395549158444,0.0075799154266516485,4
PSO,90,47,1.5739782814797711,12.954728417187335,0.005779927073285062,4
PSO,90,48,1.5659420782482703,10.88730257335313,0.005849170079953037,4
PSO,90,49,1.5683157396288079,11.96293720420042,0.0057660068044670465,4
PSO,90,50,1.5683021844055258,11.588013099622712,0.005914875923274284,4
PSO,100,0,Final_Cost_ITAE,Best_Kp,Best_Ki,Iterations_Run
PSO,100,1,1.5782390916790263,13.476261233596889,0.006329852129763292,4
PSO,100,2,1.5683037112600204,10.106788786841578,0.005893570080885337,4
PSO,100,3,1.572991220137188,9.85463236970194,0.009920874357101107,4
PSO,100,4,1.5728603620712471,9.931490673536944,0.00993795242445659,4
PSO,100,5,1.5678624667788827,11.456107969253026,0.005955742315242265,4
PSO,100,6,1.5706423946435881,10.183512449997183,0.006302479291806665,4
PSO,100,7,1.577245023194869,8.787921552476293,0.004493329779042726,4
PSO,100,8,1.5717106563222438,11.916752606252071,0.009653729003545213,4
PSO,100,9,1.5662867527108522,11.629193404484731,0.005749544332702439,4
PSO,100,10,1.567407362608081,10.152936086569326,0.005866424833083187,4
PSO,100,11,1.5652415330323857,10.992738037789257,0.005788288608774422,4
PSO,100,12,1.568065186455991,9.857294842379316,0.00579735211514165,4
PSO,100,13,1.570259768440903,10.689174172877596,0.009823592065061294,4
PSO,100,14,1.5752214665732402,10.938350239553712,0.007159354410967212,4
PSO,100,15,1.5709051529934404,9.551495834767165,0.005922772676421738,4
PSO,100,16,1.5772776832543671,9.456216286213758,0.004188357738578519,4
PSO,100,17,1.57162743073801,10.371750944462505,0.006373812272578026,4
PSO,100,18,1.5689949833763202,12.119660497462347,0.0057727772368535105,4
PSO,100,19,1.578967365223991,8.608801419524907,0.004404444479751061,4
PSO,100,20,1.5661572715241963,10.529215313485372,0.005762433140861219,4
PSO,100,21,1.5677693847868437,11.958251877245283,0.0057622590561814,4
PSO,100,22,1.5727369855238034,11.292271868273746,0.008480310753046404,4
PSO,100,23,1.5701604159809737,10.388926444828007,0.006295179327265393,4
PSO,100,24,1.5800086596813439,12.4659024841486,0.005086138378796148,4
PSO,100,25,1.5770895378920227,12.658941286694745,0.006904565111839197,4
PSO,100,26,1.5682699861531038,12.116635680375637,0.005688748309429799,4
PSO,100,27,1.5668821305135225,10.31877212718553,0.005855790416712888,4
PSO,100,28,1.5709271621186347,11.695812265590456,0.009665818659654997,4
PSO,100,29,1.5764157884723902,10.604685447710867,0.007116028352328189,4
PSO,100,30,1.5709289629441099,11.536358749798355,0.009717832785430749,4
PSO,100,31,1.5732439778908935,10.877118842734637,0.006506627820073776,4
PSO,100,32,1.5791923546777245,13.437183583026417,0.006398113729283897,4
PSO,100,33,1.5719709395646975,11.400997206936774,0.006251310866096901,4
PSO,100,34,1.5654099481270412,11.402259176269308,0.005730013056044993,4
PSO,100,35,1.5680605126531209,10.359008758365254,0.005933509587444589,4
PSO,100,36,1.5699498896218202,9.776406519232943,0.005895967180685499,4
PSO,100,37,1.5666083671293474,11.514688086102739,0.005784007441338392,4
PSO,100,38,1.5719033880534772,10.162347427829133,0.009896295488618909,4
PSO,100,39,1.5676601279822284,11.194097082094265,0.00598292450309275,4
PSO,100,40,1.5699920727072534,10.424145979243514,0.006244965310511637,4
PSO,100,41,1.5699653905412527,11.762809917537586,0.005993544936408524,4
PSO,100,42,1.5689248479880766,9.78300377448249,0.005835641912968042,4
PSO,100,43,1.5741492036733165,9.96252456803812,0.006548885893082089,4
PSO,100,44,1.5814943125442176,11.592340549020163,0.005397322857682634,4
PSO,100,45,1.5700611049780457,11.244256914713677,0.009808416510000863,4
PSO,100,46,1.5670106826379184,11.321850215764703,0.006672578620371555,4
PSO,100,47,1.5728860659230255,12.20619795773094,0.009692996679968193,4
PSO,100,48,1.5689648892498298,10.579126481826524,0.006129635082408651,4
PSO,100,49,1.5739473337486176,11.249013030007744,0.006714267890023216,4
PSO,100,50,1.5767824123374534,10.576295807457996,0.00725192592824406,4
