Algorithm,Population Size,Trial_Number,Final_Cost,Kp,Ki,Iterations
DE,10,0,Final_Cost_ITAE,Best_Kp,Best_Ki,Iterations_Run
DE,10,1,1.553101307086835,10.309981166600622,0.008963632120997015,4
DE,10,2,1.5506230850662084,10.167118660476511,0.004828116578038242,4
DE,10,3,1.5518212869852297,9.6048716696286,0.004676322413239289,4
DE,10,4,1.5460621404216366,11.020402234619823,0.00451742271130297,4
DE,10,5,1.5531957537034338,11.050242775295985,0.009346663970432992,4
DE,10,6,1.551271266636428,10.577479107129875,0.008261514448814436,4
DE,10,7,1.5528258569774478,12.11546788370552,0.008098050239262836,4
DE,10,8,1.5460856219388828,11.58554303134516,0.004246572600158824,4
DE,10,9,1.5490173900540256,11.774734409043553,0.004518569450675494,4
DE,10,10,1.5493573699442076,11.746891106925622,0.004977968236679389,4
DE,10,11,1.5512646518045643,11.264575933214083,0.008262906474539273,4
DE,10,12,1.553860707735788,10.428843746241412,0.00917729729655158,4
DE,10,13,1.5507370639540285,11.293019638086768,0.004886415633303474,4
DE,10,14,1.5532321214076206,12.402226049892818,0.007798510169703447,4
DE,10,15,1.5460976921640466,11.378319979558938,0.0044153505505189735,4
DE,10,16,1.5493824397605975,12.136671470904048,0.004742603116270484,4
DE,10,17,1.5502965819961556,11.534406912275855,0.007824897306669212,4
DE,10,18,1.5532623193627682,12.388929629257525,0.007757879915686787,4
DE,10,19,1.5519314630263044,11.022800867202143,0.008534836457622652,4
DE,10,20,1.554376399324352,10.632410786770642,0.00533332080155509,4
DE,10,21,1.5509001615280418,11.390066123878256,0.004686003039898669,4
DE,10,22,1.555010382744551,13.396031066055542,0.004523261054917789,4
DE,10,23,1.5515836706014055,11.905623750358664,0.00804362621209705,4
DE,10,24,1.5488509818230851,9.868052886709073,0.004571970924780158,4
DE,10,25,1.5443629052779435,11.528729590946718,0.0042101669436410746,4
DE,10,26,1.5483378210508498,12.141515304512374,0.004777116390997757,4
DE,10,27,1.551367658954144,12.042626997115718,0.007599727388449052,4
DE,10,28,1.5502461547385598,11.496613108437877,0.0047942502563639465,4
DE,10,29,1.5518022247366545,11.051703573719685,0.008683771847722867,4
DE,10,30,1.5458594829413468,11.817303140207507,0.004144381560281282,4
DE,10,31,1.5556328853176724,12.111536907256003,0.003531458964610104,4
DE,10,32,1.5484948134885865,12.51900164658474,0.004382819214915781,4
DE,10,33,1.5468090068580433,10.015627213571726,0.004447602610553002,4
DE,10,34,1.5500226576243397,11.504632638741285,0.00776435455495998,4
DE,10,35,1.5564343775461675,13.288764668583077,0.007229167388282311,4
DE,10,36,1.5469019787029366,11.837823798314709,0.004176041872716165,4
DE,10,37,1.5495190414835747,11.616004920325025,0.004859184610683389,4
DE,10,38,1.5467452489065634,11.050969964247216,0.004485318215360968,4
DE,10,39,1.5522384408330474,11.213913972292069,0.008665687842115778,4
DE,10,40,1.5547564377640792,13.08499747711901,0.0048724238291032495,4
DE,10,41,1.5526868378265026,12.795802112534098,0.004721563734993854,4
DE,10,42,1.549265107298572,11.992308587712522,0.004778489323680625,4
DE,10,43,1.5511509675582866,11.652178006322664,0.00816014324943874,4
DE,10,44,1.5546248003954584,10.313547599245496,0.009330865040791012,4
DE,10,45,1.5536841651553455,11.164641000094669,0.0055362488226977655,4
DE,10,46,1.5442931193219265,11.432893836995511,0.004219310525535771,4
DE,10,47,1.5513128196780637,11.35060860206427,0.004548477856166428,4
DE,10,48,1.555265150512344,10.67995932763386,0.00575262859796308,4
DE,10,49,1.552924371925509,11.23633188400823,0.008971399282148183,4
DE,10,50,1.548167394142424,11.215400200659431,0.004557957288362106,4
DE,20,0,Final_Cost_ITAE,Best_Kp,Best_Ki,Iterations_Run
DE,20,1,1.5486973998103226,11.651914576351146,0.004958148051090395,4
DE,20,2,1.5463008321318175,10.37822914642426,0.004446682368564043,4
DE,20,3,1.5513487976416656,11.701974802278471,0.005149580303182286,4
DE,20,4,1.5456516576993293,11.369920417784122,0.004321241955639935,4
DE,20,5,1.5481092592711827,12.363834560138649,0.004503771247053356,4
DE,20,6,1.5484799057468157,11.87777232919133,0.004783483580619085,4
DE,20,7,1.5506573325167574,10.521258584370806,0.00824623972100247,4
DE,20,8,1.549590993138606,11.428543419320945,0.004818903459197957,4
DE,20,9,1.5482774620912243,12.611505126633773,0.004447809367002457,4
DE,20,10,1.5475233932478365,12.433378890134229,0.004448644587718816,4
DE,20,11,1.5485426560492326,11.892269421000066,0.00468358005235669,4
DE,20,12,1.5455630056921124,11.193020047299555,0.004378369098188027,4
DE,20,13,1.552587470103017,12.130501628523206,0.008199882844841624,4
DE,20,14,1.5511482181375253,12.494026850869737,0.004853835016381528,4
DE,20,15,1.547322179167877,10.296957823450619,0.004576921312845649,4
DE,20,16,1.5502630262477899,12.769884842438138,0.004501481326770168,4
DE,20,17,1.5497504316766906,11.325393397496839,0.007786775859661067,4
DE,20,18,1.5452108258990025,11.585896806798864,0.0042586303582758675,4
DE,20,19,1.545842517901631,11.91297331447349,0.0040938901095641895,4
DE,20,20,1.548299367818315,12.024408666664705,0.004260149876257458,4
DE,20,21,1.5435267555187036,10.685270345022275,0.004358122744490081,4
DE,20,22,1.554668666806077,11.391675298694686,0.005549400471607069,4
DE,20,23,1.550825987509737,10.890222248253771,0.00814345318261362,4
DE,20,24,1.5513975673464442,11.691769319129442,0.008190467555297624,4
DE,20,25,1.5438914498025424,11.563469431748395,0.004176992257383933,4
DE,20,26,1.5488709311610636,10.523060518488201,0.004678768469487936,4
DE,20,27,1.5500734171315103,11.515810536660766,0.004894355395098055,4
DE,20,28,1.550070152109396,11.271597833223446,0.005017310737534356,4
DE,20,29,1.5506441205897885,11.110165738088064,0.00802728091652245,4
DE,20,30,1.5507706633222935,12.020601306233814,0.007569182182907657,4
DE,20,31,1.5462841404133736,11.459574077648305,0.004326703307507289,4
DE,20,32,1.5509070735756276,11.721898366963423,0.005169650217042511,4
DE,20,33,1.5508670225943533,11.503292542937864,0.004662690206693913,4
DE,20,34,1.5481192578828826,10.028664961020425,0.0045730166615061095,4
DE,20,35,1.5504044424595378,11.105513131033852,0.008031924813509693,4
DE,20,36,1.5487229549738601,11.56246515218271,0.004677264767929228,4
DE,20,37,1.5506595579053926,10.665082859112019,0.008114965275055886,4
DE,20,38,1.5471212407914257,10.992159030295625,0.004516103057359536,4
DE,20,39,1.5477048665979374,9.826825858418829,0.004475766082593884,4
DE,20,40,1.5462789150859217,10.88963223902283,0.00448128213754874,4
DE,20,41,1.5514593327716597,11.234812359129862,0.004987958631366116,4
DE,20,42,1.5521400650078947,12.315879287026895,0.005015845053693736,4
DE,20,43,1.5452656185625153,10.72565032995638,0.004454325484913479,4
DE,20,44,1.5530184056086218,10.948144174555004,0.0053978537776758675,4
DE,20,45,1.5525747598271504,11.851378608915049,0.00819685910837909,4
DE,20,46,1.5515731439962843,10.963667941817128,0.008477585349931687,4
DE,20,47,1.5468460709255514,11.20716564097534,0.0044527703191610726,4
DE,20,48,1.550122024843079,10.948424928212823,0.00797762556735778,4
DE,20,49,1.5503467016800707,10.9173838780291,0.008290433222623838,4
DE,20,50,1.5470384030343056,10.258381021085597,0.004524066216666138,4
DE,30,0,Final_Cost_ITAE,Best_Kp,Best_Ki,Iterations_Run
DE,30,1,1.5482609729398011,12.570863395057827,0.004359718136786321,4
DE,30,2,1.5481294313211844,12.238836744978862,0.004450023353249461,4
DE,30,3,1.5461605614438951,10.97152343067959,0.004451652714227117,4
DE,30,4,1.5476363854010229,10.726850252831454,0.0045911233767792,4
DE,30,5,1.5468214501040172,10.94361513171944,0.005216256173917805,4
DE,30,6,1.5483793400840786,12.404231073060672,0.004600552276070374,4
DE,30,7,1.5473490309970088,11.77188925423463,0.004219949319149217,4
DE,30,8,1.5473657881874257,10.244535872593467,0.004520224973167812,4
DE,30,9,1.5502923978877272,11.061036880698992,0.008108033861533267,4
DE,30,10,1.5448842008793036,10.99339998518709,0.0043564237770031666,4
DE,30,11,1.5515159759897217,10.77110729895196,0.008374413173844622,4
DE,30,12,1.5446075755164743,11.33718117256953,0.004286135032093828,4
DE,30,13,1.5463556439561361,10.846044320529593,0.004494313033594575,4
DE,30,14,1.5476176846304581,12.06307420740341,0.004584766778222043,4
DE,30,15,1.5443587061671793,11.243293673823786,0.0042949529526979105,4
DE,30,16,1.5431161957402826,11.498671756409529,0.004200101578114607,4
DE,30,17,1.5537066542422109,10.212198591888054,0.009063424205383815,4
DE,30,18,1.54923052579892,10.598632797564655,0.004826956353545572,4
DE,30,19,1.5448269834204449,11.190433008256981,0.004402709961721724,4
DE,30,20,1.5507126703387568,10.695321237969829,0.008273175586156117,4
DE,30,21,1.5486114423272335,10.645644813359446,0.004668371469134539,4
DE,30,22,1.5460675473723287,10.499275553622951,0.004445717813960495,4
DE,30,23,1.5497341430028029,10.739826100103727,0.008055198579296593,4
DE,30,24,1.5459701135683277,11.048143956590344,0.004406682425978929,4
DE,30,25,1.5454363060578278,10.94602676674964,0.004429509538950335,4
DE,30,26,1.546710663731893,12.10350060406632,0.004400412112782556,4
DE,30,27,1.550375024985731,10.97820562853078,0.008033229697666094,4
DE,30,28,1.5513598008228533,10.867996508645021,0.008520270977249462,4
DE,30,29,1.5472622836230034,12.320521970968912,0.004378751979804872,4
DE,30,30,1.5473257141155559,11.996875376598645,0.004678525418855422,4
DE,30,31,1.5476479001859442,12.218193149306714,0.004248719911358594,4
DE,30,32,1.5475033490964472,10.362951414205085,0.004547062932780522,4
DE,30,33,1.5467999032578743,10.983755259733918,0.004504325900786437,4
DE,30,34,1.5493993231560452,11.946033072975652,0.004894267390303856,4
DE,30,35,1.5448935120168523,10.791932035595927,0.004393301844426335,4
DE,30,36,1.5461432041174348,10.33764177800888,0.004460518204124441,4
DE,30,37,1.5512028585066882,10.253181551859335,0.008078471400699042,4
DE,30,38,1.5492223168323929,11.849029401966604,0.004684832417214969,4
DE,30,39,1.5526630268695658,9.95090790902109,0.008119489189783424,4
DE,30,40,1.548053884789035,12.01807879642783,0.004301108338291064,4
DE,30,41,1.551248930745654,11.373183297482996,0.008253950191220879,4
DE,30,42,1.5510208725630557,11.09185578213473,0.008306902528249905,4
DE,30,43,1.5474230196727905,12.3173715397499,0.004140377926882938,4
DE,30,44,1.5438346154797185,11.261141053968288,0.004242221363229064,4
DE,30,45,1.549683184500369,11.286789269370246,0.007778752209061081,4
DE,30,46,1.5499773857043955,10.84959150707968,0.004703288375588935,4
DE,30,47,1.5511646717978331,9.785762164217033,0.004780347071263152,4
DE,30,48,1.5458168239432142,10.348473856996328,0.0044046574989241105,4
DE,30,49,1.5513794407411718,11.658989214920744,0.008068946209352976,4
DE,30,50,1.5499679309654129,10.339558301618673,0.004812318856352764,4
DE,40,0,Final_Cost_ITAE,Best_Kp,Best_Ki,Iterations_Run
DE,40,1,1.5487491656767376,12.121209365221716,0.004548937598226415,4
DE,40,2,1.54822115518844,12.220505020380891,0.0045028721538532355,4
DE,40,3,1.5459029314174593,10.959885494523363,0.004446521902103494,4
DE,40,4,1.5468625097876554,12.382070379353017,0.004246692261387125,4
DE,40,5,1.5462943158608125,10.295734474787878,0.004474680872249324,4
DE,40,6,1.5500827338312528,10.806075862296147,0.008053438109555996,4
DE,40,7,1.544899264423931,11.140628903017252,0.004363755199307139,4
DE,40,8,1.5445596051594486,11.348012425165031,0.004277671405798998,4
DE,40,9,1.5472460045096434,10.17540130438718,0.0045523179179821184,4
DE,40,10,1.5441709497225433,10.817383131474912,0.003764555816263745,4
DE,40,11,1.5487498107018598,9.856033530598168,0.004610176688918813,4
DE,40,12,1.551982921845073,11.17902134027726,0.008548218997727505,4
DE,40,13,1.5479274508052279,10.161064155302014,0.004633943229389518,4
DE,40,14,1.5454304039659759,11.219766651344521,0.004398331506960992,4
DE,40,15,1.5485681129188702,10.59232614227912,0.004693955056473554,4
DE,40,16,1.5483978529229039,10.864803364355204,0.0046657440578507505,4
DE,40,17,1.5500958150398214,11.09625454703513,0.008021763723446412,4
DE,40,18,1.5453852456301025,11.822472693660579,0.004135097944179577,4
DE,40,19,1.5436337919273613,10.983848655722134,0.004299158231907707,4
DE,40,20,1.5454714564671015,10.819563718244602,0.004463053464532054,4
DE,40,21,1.5466718047739438,10.875331060882495,0.004547700898675576,4
DE,40,22,1.5478675521768943,12.300285137745057,0.0043414738791044336,4
DE,40,23,1.5445635796280834,11.235220421745858,0.004328414784961632,4
DE,40,24,1.550980921496802,11.478646501574794,0.00798899561056814,4
DE,40,25,1.5453218558219706,10.252452362686057,0.004435571254402407,4
DE,40,26,1.5504109536779913,11.212623651042541,0.00806013195414565,4
DE,40,27,1.5456280247684946,11.789233143606204,0.004124373774818639,4
DE,40,28,1.5507185005213413,11.23862108776003,0.008096661708556285,4
DE,40,29,1.5506324380333343,11.15213703578862,0.008035239766977304,4
DE,40,30,1.5464441383207501,10.496457867497057,0.004519797716482329,4
DE,40,31,1.5497882345710097,11.864187844654452,0.004922654626348733,4
DE,40,32,1.5452135325660883,10.370526013683012,0.004412893952095862,4
DE,40,33,1.5430502466017562,11.268796375486936,0.0042818650514744976,4
DE,40,34,1.5508010368057066,10.907088488265074,0.00827656624229722,4
DE,40,35,1.5457414654351713,11.601818949804063,0.004243260267349537,4
DE,40,36,1.550570823965318,10.51978683973119,0.007990334007506292,4
DE,40,37,1.5481749429778477,12.33701433668174,0.0046502114701558826,4
DE,40,38,1.5476072795901756,11.980971028859479,0.004488554362568666,4
DE,40,39,1.5473196523418702,11.940189325167218,0.004542416113819709,4
DE,40,40,1.5507135340516354,11.119977562581788,0.008095944848045707,4
DE,40,41,1.5445530987253437,10.921743615093689,0.004413868629071594,4
DE,40,42,1.5478663561092965,11.866966961722284,0.004174180869193743,4
DE,40,43,1.5457644552007843,10.504066065380378,0.00443723563360953,4
DE,40,44,1.5471295029047138,12.071449531260427,0.0043577499699656175,4
DE,40,45,1.5464658452162752,10.910588073723396,0.004540737591689626,4
DE,40,46,1.548627542539058,11.986804352541455,0.0042808160634385,4
DE,40,47,1.545468558297364,11.700559812900728,0.004197831233449255,4
DE,40,48,1.5436895977896887,11.086194355648551,0.004287156103713746,4
DE,40,49,1.5482336332530406,12.134422689461374,0.004207191320030669,4
DE,40,50,1.5499161506783767,11.14821718947119,0.007821465562346582,4
DE,50,0,Final_Cost_ITAE,Best_Kp,Best_Ki,Iterations_Run
DE,50,1,1.5463628484005225,10.481396788468125,0.004485540839806172,4
DE,50,2,1.5499300317513616,11.501634699882231,0.007736466084133321,4
DE,50,3,1.5496484932206671,11.177413487160408,0.007817405678825357,4
DE,50,4,1.5447851327710282,11.618002187283615,0.004214091435643115,4
DE,50,5,1.5437487589762666,10.988035143962385,0.004296186064879869,4
DE,50,6,1.544972008323193,10.824977798961712,0.004421854110978449,4
DE,50,7,1.545202575954373,10.718584450793173,0.004396379979117811,4
DE,50,8,1.543193529956526,11.07113030024562,0.004355158414895381,4
DE,50,9,1.5500177156248618,10.110461037688815,0.00474474696134525,4
DE,50,10,1.5449919671385146,11.328049086578567,0.004303846617119948,4
DE,50,11,1.5502268065784752,11.511539043612366,0.004944081566600944,4
DE,50,12,1.5476078810412586,10.649800544156847,0.004591882036335619,4
DE,50,13,1.5501700559389278,11.140808929761796,0.007952821394660555,4
DE,50,14,1.5437552292144896,11.020730198139553,0.004322633177412908,4
DE,50,15,1.5477910146131941,9.922116158969928,0.004473651686821866,4
DE,50,16,1.5477595620109599,11.95541744053908,0.004617651700559751,4
DE,50,17,1.5459385774924141,10.761542001878574,0.004474548265837993,4
DE,50,18,1.5468952213888145,10.42313569659477,0.004548299711966146,4
DE,50,19,1.5450710099997673,10.472211886615092,0.004425352441596747,4
DE,50,20,1.5436895990643114,10.971429229627546,0.0043114823794044126,4
DE,50,21,1.5464011343223392,11.17197014885793,0.004452437765632623,4
DE,50,22,1.547075658427202,10.594861807900365,0.004641887263145546,4
DE,50,23,1.5509109684510258,11.092775107233258,0.008335977380715546,4
DE,50,24,1.5495138627352814,11.50903382271968,0.007749821348099545,4
DE,50,25,1.5502538582398757,11.489486226308543,0.007712252776562754,4
DE,50,26,1.546618362889402,10.689565963882792,0.004557431572537239,4
DE,50,27,1.5455348863020624,10.293182850597454,0.004426592832842611,4
DE,50,28,1.5444284217283812,10.556052129537228,0.00437212759298424,4
DE,50,29,1.5464804492834532,10.369711930567156,0.004489211912122838,4
DE,50,30,1.549784674862374,11.359777089953333,0.007820134753885401,4
DE,50,31,1.5460584601403664,11.26623195678512,0.004410231749522561,4
DE,50,32,1.5463637006398088,10.771161205225042,0.004487065818857166,4
DE,50,33,1.5470523922208212,12.28133479313994,0.0043570226682234925,4
DE,50,34,1.549057000755489,11.736588256854851,0.004575149997043474,4
DE,50,35,1.5505325986511402,11.264162370760083,0.008134093284913744,4
DE,50,36,1.548412426612465,10.116842178314506,0.004638001236535156,4
DE,50,37,1.5483831076881533,12.021824925605081,0.00431678161194975,4
DE,50,38,1.5489185166061057,11.650245660298147,0.00456294881818684,4
DE,50,39,1.5511550167271304,10.558524233166793,0.008292323855779344,4
DE,50,40,1.5453590774547485,11.17790000314507,0.004378431250665457,4
DE,50,41,1.5485884111356347,12.540494484573841,0.004457086986568082,4
DE,50,42,1.5494154031402787,9.863232472823803,0.004668177904447904,4
DE,50,43,1.5465157530131977,10.346396650512922,0.004542504024623844,4
DE,50,44,1.5440512099297663,11.371715597757444,0.004216264912388923,4
DE,50,45,1.5479663631361456,12.50296766354004,0.004432354950895694,4
DE,50,46,1.544465544221287,11.14589219614605,0.0043021225835591205,4
DE,50,47,1.5446751567560937,11.699835603076849,0.00414292274052572,4
DE,50,48,1.5466279956275808,11.692778857420983,0.004259533708520398,4
DE,50,49,1.5452702870414272,11.113350693410617,0.004389254193783401,4
DE,50,50,1.5446660231216696,10.595736502896948,0.004407460981621692,4
DE,60,0,Final_Cost_ITAE,Best_Kp,Best_Ki,Iterations_Run
DE,60,1,1.5446206636007334,11.555398477375945,0.004267862872041529,4
DE,60,2,1.5461253684729535,12.031171921491826,0.0040253052032163785,4
DE,60,3,1.546987520777982,10.788813757626144,0.004549680023586931,4
DE,60,4,1.5470552209707693,10.590000580662874,0.0045441007452460234,4
DE,60,5,1.5455859237100895,10.418879137020213,0.004467432401179481,4
DE,60,6,1.5460233987064904,11.82731118889776,0.004155455054916463,4
DE,60,7,1.5441254338396624,10.639671558180687,0.004355063523495378,4
DE,60,8,1.548120935141758,12.452783822790096,0.004459725382367738,4
DE,60,9,1.5460226674542052,10.530721993858727,0.004477145351227911,4
DE,60,10,1.5464325861827626,10.248690216723226,0.004576897572708408,4
DE,60,11,1.5507079307618326,11.838481254279621,0.007678477272271113,4
DE,60,12,1.5462815274036874,10.556777496299212,0.0044810225300367865,4
DE,60,13,1.5499405861825761,11.058471917344733,0.007885851211690255,4
DE,60,14,1.5503846299767878,12.007363552214706,0.005070466583799226,4
DE,60,15,1.54569107395976,10.138287123406677,0.004458351557206617,4
DE,60,16,1.5496390384641558,12.365136288352126,0.0046559617414037476,4
DE,60,17,1.5476919200243267,10.122914482668769,0.004512361183726074,4
DE,60,18,1.5455600320714387,10.531226506212619,0.004474658622884664,4
DE,60,19,1.5499813401348825,11.622020661974076,0.0077317884834175316,4
DE,60,20,1.5483822027713794,10.904072661153165,0.004606055171919722,4
DE,60,21,1.5468008566569544,10.098034472764908,0.004484295816902959,4
DE,60,22,1.5452207496077783,11.733439761547828,0.004182959154721792,4
DE,60,23,1.545880743856381,10.387260850578656,0.004510489028270028,4
DE,60,24,1.5466679596163129,10.381741742804834,0.004571095952910192,4
DE,60,25,1.5452384244552269,11.281698425173197,0.004333933553961606,4
DE,60,26,1.544940941565145,10.853579067316716,0.004388575564655512,4
DE,60,27,1.5489651578248143,12.523023126405711,0.0044760890192960265,4
DE,60,28,1.5451116596959935,11.101267146805505,0.004431535410738152,4
DE,60,29,1.5482987042013894,11.742046445914717,0.004256802698768879,4
DE,60,30,1.5459944432884773,10.622675553586014,0.004523916513058077,4
DE,60,31,1.546944445774937,12.21147480298221,0.004288847547161968,4
DE,60,32,1.548008310809742,12.008328246282566,0.0043068865893033555,4
DE,60,33,1.5450869274164987,10.961602635474904,0.004382196933484439,4
DE,60,34,1.5440451910819732,11.25992222367941,0.0042733667589613675,4
DE,60,35,1.5457079731772634,11.145649175289691,0.00439451494141248,4
DE,60,36,1.5453935424488636,11.4984821456151,0.004286716481269396,4
DE,60,37,1.5480528366344817,12.450100364144319,0.004493772115949896,4
DE,60,38,1.5475881819176187,12.018892374298744,0.0043855843566954,4
DE,60,39,1.5439410847367618,11.162977374026198,0.004300407748637162,4
DE,60,40,1.5479124304536502,11.978837444130697,0.004690761352457344,4
DE,60,41,1.5462083543289675,10.284244258973395,0.00451106946615828,4
DE,60,42,1.5443649709044585,11.023709886373595,0.004338339957596228,4
DE,60,43,1.5459316265905665,11.62788915812942,0.004234248398616628,4
DE,60,44,1.544138781169194,10.988096027551208,0.004352584294434792,4
DE,60,45,1.547140748376277,12.194229872425687,0.004501902971527156,4
DE,60,46,1.5448746069765167,10.597750692328347,0.0044572549936540765,4
DE,60,47,1.5477061894136386,10.815954086315564,0.004579346637847452,4
DE,60,48,1.5444505537467947,10.552435978298405,0.004371083137840162,4
DE,60,49,1.5447965803742403,11.314136329516053,0.004365295536388889,4
DE,60,50,1.5461174324082618,10.195714492082068,0.004434535125027831,4
DE,70,0,Final_Cost_ITAE,Best_Kp,Best_Ki,Iterations_Run
DE,70,1,1.5447480357931216,11.664172689750735,0.004161273467680048,4
DE,70,2,1.5491333405474461,11.795509572308909,0.004610635571991368,4
DE,70,3,1.549818472780868,11.028708030613295,0.007922900562542638,4
DE,70,4,1.5486440592197372,12.42154326552479,0.004510533464264194,4
DE,70,5,1.5454193803371392,11.303795936329692,0.004351067170973595,4
DE,70,6,1.5471724069899755,9.945416175593827,0.004471390436341647,4
DE,70,7,1.548372964887748,10.96616088758617,0.004616709928313513,4
DE,70,8,1.5456400996485844,10.815967446882944,0.0044682921205593095,4
DE,70,9,1.5442906961779792,11.485952211401425,0.004250403276705284,4
DE,70,10,1.5454115990141313,11.833739686633315,0.004116036285204587,4
DE,70,11,1.5438160314900597,11.67477164929955,0.004158313830419267,4
DE,70,12,1.5442805060938245,11.085813207332713,0.004351962498620301,4
DE,70,13,1.5451714318189578,10.548389416318194,0.004457061173142961,4
DE,70,14,1.5486433135912798,12.663154832636195,0.004408269626006255,4
DE,70,15,1.5438410522676713,10.954896753205098,0.004325423372947776,4
DE,70,16,1.5507284815895788,11.244313427550942,0.008226696067346558,4
DE,70,17,1.549633135161896,10.828370104463069,0.007888750912023247,4
DE,70,18,1.5453892936912188,11.204635343065299,0.004360413616018639,4
DE,70,19,1.5467597190263824,11.08461057863228,0.004467005457345485,4
DE,70,20,1.5465943327557774,10.261486354375386,0.004523375044587033,4
DE,70,21,1.54706860372053,12.293686220618518,0.004197863412757323,4
DE,70,22,1.546370567607526,11.380868565963738,0.00438623470082898,4
DE,70,23,1.5451559966363575,11.16927410656887,0.004405794793024781,4
DE,70,24,1.5478637718730393,12.36530490554064,0.004276693589064017,4
DE,70,25,1.5448172578220372,10.806680608719589,0.00440260134961718,4
DE,70,26,1.5502696215212324,10.409287885481987,0.007996734952647494,4
DE,70,27,1.5495731073342844,11.356055883685222,0.007800777113888655,4
DE,70,28,1.545561146125055,10.78423251210397,0.004447494134823718,4
DE,70,29,1.5464267401347422,11.3581450888477,0.004369202787639679,4
DE,70,30,1.5439525093003994,11.080050689236053,0.004301415657015028,4
DE,70,31,1.5454270201619775,10.559982924791534,0.004410240123009999,4
DE,70,32,1.5497379347674634,11.35739012725088,0.007873941656686496,4
DE,70,33,1.5506622587946621,10.765736428613337,0.008294615580256315,4
DE,70,34,1.5450615029390868,10.79120021964247,0.004497074456702175,4
DE,70,35,1.5489611749151266,11.136939407386784,0.004591251398308887,4
DE,70,36,1.543538972038769,11.063534357653737,0.004334276278706375,4
DE,70,37,1.5470079340674503,11.31769344588158,0.004414352813596407,4
DE,70,38,1.54517685614362,10.47678353610069,0.004434843278693874,4
DE,70,39,1.5450997733539444,11.476223309437337,0.004252760036391008,4
DE,70,40,1.5445007705792455,11.453178365905018,0.004245490960980355,4
DE,70,41,1.5472525552029266,10.128885158430187,0.00455940031984492,4
DE,70,42,1.5445270384428547,11.177893140350001,0.004306953616495783,4
DE,70,43,1.545035488725126,11.138044198693628,0.004353106895695394,4
DE,70,44,1.5467331126008084,10.001186492172515,0.004453508188948546,4
DE,70,45,1.5438584869485041,10.917407190613226,0.004312215981010258,4
DE,70,46,1.543338120225966,11.429298062033986,0.0042229414253028555,4
DE,70,47,1.5464133537740343,10.536194308443605,0.004505844260218949,4
DE,70,48,1.5446182717308474,10.654461163276338,0.0044105467125155375,4
DE,70,49,1.5451764182535153,10.280650452558099,0.004406955487096903,4
DE,70,50,1.546001046601946,10.65353923327693,0.00454845710939494,4
DE,80,0,Final_Cost_ITAE,Best_Kp,Best_Ki,Iterations_Run
DE,80,1,1.5459137010260509,11.400554237286265,0.004375680558169582,4
DE,80,2,1.5442544630803678,10.712271417475186,0.004379272177550588,4
DE,80,3,1.5464192494163445,11.675309704094026,0.004241609258012836,4
DE,80,4,1.5469993639752369,11.271240258443413,0.004442566288307121,4
DE,80,5,1.5441688217780425,10.837122769565738,0.004350486539267012,4
DE,80,6,1.5441497174217669,11.089744604745675,0.0043387781700176325,4
DE,80,7,1.5453904518365067,11.802925266314972,0.00413399993264137,4
DE,80,8,1.5453152598046624,10.765972588253305,0.004441242478529197,4
DE,80,9,1.5439752036334222,11.061230458197194,0.004293573044387357,4
DE,80,10,1.546435307932735,10.378025242941128,0.004481965654549639,4
DE,80,11,1.5488885931170664,11.92015531930992,0.00432685063176447,4
DE,80,12,1.545088270490627,10.584295032766306,0.0044154107063964125,4
DE,80,13,1.5448431407971204,11.414760941237752,0.0043102981685186215,4
DE,80,14,1.5455025128979312,10.714529192508394,0.004431871119464588,4
DE,80,15,1.546473818925489,12.058255098250484,0.00401827952970632,4
DE,80,16,1.5456731948952078,10.479062522813265,0.004491859964970094,4
DE,80,17,1.545274865173008,10.695523408254054,0.004432134487488258,4
DE,80,18,1.5445511479278393,11.218338464992122,0.004321741148568608,4
DE,80,19,1.5499564648742523,11.247168933579175,0.0078013227130935515,4
DE,80,20,1.546595134937833,10.328248076402353,0.004507712411754378,4
DE,80,21,1.5475588309172819,12.15038728362969,0.004394759021920486,4
DE,80,22,1.5483546751452293,10.452567210899282,0.004647892219196783,4
DE,80,23,1.546681760000408,10.877664073848763,0.004519502410454605,4
DE,80,24,1.547371373543181,12.37837691774996,0.0042153201344193895,4
DE,80,25,1.5436556256676932,11.033326570219387,0.004336434218821133,4
DE,80,26,1.5449398732844153,11.207720296801135,0.004344848096685637,4
DE,80,27,1.5443881208989654,10.996015513243172,0.0043852156724708685,4
DE,80,28,1.5429642862045856,11.180484642719762,0.0042534371239779855,4
DE,80,29,1.5475251802862033,12.126809919035708,0.004515850097336641,4
DE,80,30,1.5465202047246573,10.453292028613767,0.004468630218886267,4
DE,80,31,1.547394689623533,12.396581229153306,0.004314573920621688,4
DE,80,32,1.543052000125548,11.267116153231328,0.004235142987873385,4
DE,80,33,1.547155737890963,12.060752841719285,0.004412109606027237,4
DE,80,34,1.5462665199957935,11.569531494537287,0.0042872445895452095,4
DE,80,35,1.5446056803904133,11.185881942612127,0.004318856455207101,4
DE,80,36,1.5462624623428207,10.307098918662895,0.004514974630543544,4
DE,80,37,1.54369687656468,11.456711033453843,0.004216410714155846,4
DE,80,38,1.5471871315949448,10.873657316040713,0.0045430112219173435,4
DE,80,39,1.5474736571045462,10.690481985712019,0.004645569667568998,4
DE,80,40,1.5432012829947857,10.922830722489039,0.0043368390477927865,4
DE,80,41,1.54463802218452,11.360442474067995,0.004267225034302276,4
DE,80,42,1.546008336010352,10.990924471964227,0.004469055812289635,4
DE,80,43,1.5439497997682108,11.540312975134789,0.004246273481509739,4
DE,80,44,1.5456966394154084,10.661183442452653,0.004436440817291001,4
DE,80,45,1.5474676716743998,10.46515308088103,0.004634215229753762,4
DE,80,46,1.548047511309786,12.195900506207892,0.004373912977244233,4
DE,80,47,1.545022361172598,11.633274691672376,0.004202655318171672,4
DE,80,48,1.5507231938802983,10.581791399787036,0.008148193996286798,4
DE,80,49,1.5503301279046309,11.761035319682605,0.007642170190792631,4
DE,80,50,1.544709579600702,11.748211217130503,0.004134456549166401,4
DE,90,0,Final_Cost_ITAE,Best_Kp,Best_Ki,Iterations_Run
DE,90,1,1.544377308903923,11.452168393040353,0.004250911986120624,4
DE,90,2,1.5442254178914259,11.06635294490281,0.004319795499705314,4
DE,90,3,1.5434821523717976,10.726405967352619,0.004333617541298907,4
DE,90,4,1.5446093381744854,11.355897957184517,0.00426219313880883,4
DE,90,5,1.5449224111299356,11.68489194475685,0.004216286862448576,4
DE,90,6,1.5451636177080792,11.07989929359151,0.004434167143659179,4
DE,90,7,1.5447010078016412,11.566235350388318,0.004200407116774646,4
DE,90,8,1.5428994387665311,11.129323771277868,0.004280395409010748,4
DE,90,9,1.5470441910768025,11.713691652493253,0.00426968063435167,4
DE,90,10,1.5442982258807232,10.949694633585736,0.004328838879866988,4
DE,90,11,1.5470739107265084,11.408836926740406,0.00438038517507632,4
DE,90,12,1.5503856028803917,11.150146196203842,0.008058179660517651,4
DE,90,13,1.543680089423902,11.228628747391866,0.004263845167967134,4
DE,90,14,1.547450584225023,11.982328695238309,0.004499432077558459,4
DE,90,15,1.5444433862263114,11.767817024696292,0.004128141415304657,4
DE,90,16,1.5454394431399163,11.170970877600617,0.004378858809720863,4
DE,90,17,1.5447474518445619,10.412624129550302,0.004396596393525384,4
DE,90,18,1.549131126017182,12.41142788072726,0.004724917017214169,4
DE,90,19,1.5459997907531446,10.642216189665831,0.004459508578488524,4
DE,90,20,1.547820726260708,11.924092125045036,0.004493146949566603,4
DE,90,21,1.5484518660006248,11.82315236661011,0.004525942323642444,4
DE,90,22,1.545573386736467,11.392377901533976,0.004333497773156871,4
DE,90,23,1.5461849335766564,10.572617645891079,0.0045299185897565986,4
DE,90,24,1.5442670380800403,10.925821562785195,0.004346913773002658,4
DE,90,25,1.546885815964,10.460898837643157,0.004550776939192475,4
DE,90,26,1.5454086840103363,10.901974656724214,0.004399821283427494,4
DE,90,27,1.545950620550493,10.339865074158226,0.0044695519405152035,4
DE,90,28,1.5470539978283442,10.873572030766347,0.0045414600684918335,4
DE,90,29,1.5495272969811007,11.172130048061085,0.007909349404582097,4
DE,90,30,1.5476380191420527,12.207726105715274,0.004589021763852529,4
DE,90,31,1.5474184701147429,11.80480690391267,0.004504351388244715,4
DE,90,32,1.5498258578894304,11.177480052696517,0.007871253947961267,4
DE,90,33,1.5447247094932741,11.642439140071907,0.00420122842129665,4
DE,90,34,1.5452982210367925,10.256929076026239,0.004432529452405906,4
DE,90,35,1.545020958683105,10.845086141233622,0.004388488267737133,4
DE,90,36,1.5426931468795833,11.206675276145724,0.004267642896404043,4
DE,90,37,1.544155045189277,11.151423369209304,0.004317552428127353,4
DE,90,38,1.5447071526712057,10.806833457443219,0.004394804713742945,4
DE,90,39,1.548099937974769,12.035544799749296,0.004311752100715772,4
DE,90,40,1.5504908267860646,10.393354286544593,0.008114797671854478,4
DE,90,41,1.5455808000189029,11.834819606501455,0.00412463096700548,4
DE,90,42,1.544777387946836,11.696447344347,0.0041605567938045075,4
DE,90,43,1.5462425270474416,10.32031652801605,0.0045099471807796485,4
DE,90,44,1.5470873157399938,10.564373036404248,0.004526627470458711,4
DE,90,45,1.5458083811732297,10.806882694828111,0.0045021466622949405,4
DE,90,46,1.5458475143618073,10.024858129484876,0.00445673867845507,4
DE,90,47,1.5475235301868255,12.128833590418424,0.004466272306642441,4
DE,90,48,1.5450797107842755,11.480238845784548,0.004246639292737523,4
DE,90,49,1.5440449367725881,11.185632377784223,0.004271477638519038,4
DE,90,50,1.5454964487745508,10.420434212409944,0.004445793828907159,4
DE,100,0,Final_Cost_ITAE,Best_Kp,Best_Ki,Iterations_Run
DE,100,1,1.5441270804593368,10.823318627593189,0.00442782463623074,4
DE,100,2,1.5446687091399784,11.108724795785704,0.004332084684333083,4
DE,100,3,1.5496064079309408,12.163628289069784,0.004135737148355231,4
DE,100,4,1.5453617367932366,11.70086153288004,0.004178485819480611,4
DE,100,5,1.5467300015944792,12.15478782075504,0.004484028819308028,4
DE,100,6,1.5450878191810955,11.467112720720948,0.004283616373133358,4
DE,100,7,1.544217186531754,11.090650818411426,0.004364052896768094,4
DE,100,8,1.5476489482367417,10.977481104658288,0.004530651326749399,4
DE,100,9,1.5434345871087891,11.115187318867918,0.0042677851590770845,4
DE,100,10,1.545895922531157,11.246097780775749,0.004402611018482054,4
DE,100,11,1.5451332256542312,11.603489950522729,0.004209115974451719,4
DE,100,12,1.5438881693427482,11.108942983076467,0.004293393110431781,4
DE,100,13,1.5457677231814535,10.66014966064732,0.0044450754382779735,4
DE,100,14,1.5455094149892974,11.722974149932227,0.004155056215464999,4
DE,100,15,1.5479554986283361,11.646783472294551,0.004304349386200628,4
DE,100,16,1.5453069619760385,11.847484565239391,0.004120589218749039,4
DE,100,17,1.548213304448357,12.215202206795688,0.00532735351366074,4
DE,100,18,1.5453072678709783,10.620639423050172,0.00440587587806142,4
DE,100,19,1.546844131268308,10.26987995758708,0.00453827284432096,4
DE,100,20,1.545365640946936,11.888890346612762,0.004091497515911235,4
DE,100,21,1.5433969579030393,11.129406645710581,0.004279107768254714,4
DE,100,22,1.5441331502583142,11.242322629786443,0.0042618440406521985,4
DE,100,23,1.5474803142445517,12.38070548481376,0.004366703716431712,4
DE,100,24,1.546006932860963,10.74761228527084,0.004461145607542694,4
DE,100,25,1.5454093162708227,10.620976451533387,0.004441800757577303,4
DE,100,26,1.543763304836855,10.821449646837792,0.0043171565005638785,4
DE,100,27,1.5455010638792641,10.951478531260854,0.004435802709586952,4
DE,100,28,1.5437313113223854,10.985257754761633,0.0043412511866169155,4
DE,100,29,1.5463784319643379,10.35513554721097,0.004468738010743385,4
DE,100,30,1.5450123989317341,11.440861288992323,0.004258807186127749,4
DE,100,31,1.545895636024253,11.067324844811253,0.004434511549379957,4
DE,100,32,1.5442374739122597,10.986185890841448,0.004326607707888064,4
DE,100,33,1.5457795709822464,11.973475245818484,0.004060340273534143,4
DE,100,34,1.5454841642531023,11.151320074052776,0.004467879524148167,4
DE,100,35,1.5460252521049307,10.860785427219774,0.004459207155042002,4
DE,100,36,1.544072057442366,10.7811055075138,0.0043618682752804725,4
DE,100,37,1.5465839558437677,10.16361335198983,0.004468401385100212,4
DE,100,38,1.5444183580100275,11.191223014750136,0.004324215630898151,4
DE,100,39,1.5473713680258445,12.232651300048502,0.00435470040907372,4
DE,100,40,1.5461478620673117,11.152602884250562,0.004451532676014056,4
DE,100,41,1.5457302057126538,10.660101119502968,0.0044796204865575,4
DE,100,42,1.5466403212391457,11.722320032533027,0.004270592701568491,4
DE,100,43,1.5451005895417846,11.794129452096044,0.0041343757552416245,4
DE,100,44,1.5436414528741347,11.18928332509963,0.004260726431452874,4
DE,100,45,1.5457673059462982,11.979116685422014,0.004052666436154159,4
DE,100,46,1.5438498044442417,11.017453564707324,0.004348160546615302,4
DE,100,47,1.5497245752834548,11.0619931846473,0.007974686686766111,4
DE,100,48,1.5469963487902911,12.186809628177492,0.004392265715315699,4
DE,100,49,1.5453666640870873,11.726039888928916,0.004173271632622821,4
DE,100,50,1.5459581961669437,11.0475837422657,0.004404284859460576,4
GA,10,0,Final_Cost_ITAE,Best_Kp,Best_Ki,Iterations_Run
GA,10,1,1.5630054251099106,13.214386453498681,0.005806678439639038,4
GA,10,2,1.5577607155224105,10.247007074376294,0.005873101524475846,4
GA,10,3,1.5763576728020814,13.24571637415367,0.0038699444224813704,4
GA,10,4,1.8372380161944117,3.131923065423804,0.001437873156446199,4
GA,10,5,2.041503221873859,48.56281843595636,0.006712411910671254,4
GA,10,6,1.6341438609658194,6.240581403567745,0.007579024589904168,4
GA,10,7,1.8188369430116222,25.772197261736835,0.007030113371008033,4
GA,10,8,9.000000126979911,86.66457276281263,0.007329633243509548,4
GA,10,9,1.5509861821972226,11.45178177173631,0.005040542982859928,4
GA,10,10,1.666898772873149,5.291283163834395,0.00440707323196956,4
GA,10,11,1.9748485584744142,1.9331626859092998,0.005352913862410391,4
GA,10,12,1.5816476481878885,8.941085158681211,0.003536063171192321,4
GA,10,13,1.5552411756888704,10.372361745299022,0.00970670437836458,4
GA,10,14,1.559317211196362,13.04030662689936,0.00849915155138993,4
GA,10,15,1.5489544522207455,9.7572228870836,0.004542155893565393,4
GA,10,16,1.567736330899984,8.528151684819772,0.005258278685889276,4
GA,10,17,1.67167280431281,5.147508378049943,0.004417866568895074,4
GA,10,18,1.741218858041871,3.91382490054419,0.005356191102670722,4
GA,10,19,1.6787011725745091,5.058723693039437,0.0032999598572334954,4
GA,10,20,1.6110876164643995,6.468237324359586,0.009497130985088633,4
GA,10,21,1.5830424634042093,8.32416744688563,0.003087330027194072,4
GA,10,22,1.9062018698383696,2.207558833254935,0.008150741010086556,4
GA,10,23,1.557469269140686,13.41121565170428,0.004934360609200426,4
GA,10,24,1.5841293212455314,7.772737173133134,0.005868605040727969,4
GA,10,25,1.7732098764004807,28.80287538653019,0.008586696906941641,4
GA,10,26,1.5548216112052553,11.181053372033594,0.005757775754634665,4
GA,10,27,1.7161902343816275,4.279537219425078,0.007700040125712387,4
GA,10,28,1.5481975024067598,11.987223781789575,0.004364668913641547,4
GA,10,29,1.6291472554533823,6.320929851519109,0.007014137266426372,4
GA,10,30,1.56894216944574,8.39633807763997,0.005350993821295464,4
GA,10,31,1.5625637674182178,10.062814512549398,0.0029770272343659604,4
GA,10,32,1.6151430778048532,6.398352312634063,0.004854538090408497,4
GA,10,33,1.6072911379270214,17.580858286024583,0.007178178330111282,4
GA,10,34,1.5511062882807591,10.920466763657299,0.008233271249998465,4
GA,10,35,1.569522050780681,8.019914376513139,0.004587716502357667,4
GA,10,36,1.596754044808563,6.953792875516251,0.003510067286457653,4
GA,10,37,1.590752661384764,15.987489029576475,0.008628897749462287,4
GA,10,38,1.5563006118777143,9.987912836802574,0.009764868760720543,4
GA,10,39,1.7475940037923563,27.189809672964664,0.00917102552777959,4
GA,10,40,1.5654460528076897,8.056177395105236,0.0032693106787125116,4
GA,10,41,1.61179474279196,18.241192846196046,0.008206119518093417,4
GA,10,42,1.7013052506202893,24.058762925949065,0.009474576847179573,4
GA,10,43,1.7222142276075603,25.73107148257714,0.00823151756897153,4
GA,10,44,1.601381946794204,16.81976825826313,0.008180272694260499,4
GA,10,45,1.8245765030176335,32.142371899614005,0.00909272232997228,4
GA,10,46,1.5898003714790956,16.45209924842463,0.009491169347217743,4
GA,10,47,1.651511016261109,21.158404889686512,0.007156892275452545,4
GA,10,48,1.9154935800202508,2.1723648914863785,0.006460164405972826,4
GA,10,49,2.1648008474857683,58.968982131237425,0.00977523215710802,4
GA,10,50,1.7756589455823304,28.991398569586483,0.008206356620484351,4
GA,20,0,Final_Cost_ITAE,Best_Kp,Best_Ki,Iterations_Run
GA,20,1,1.570293082391667,8.276181199411628,0.009235609077734774,4
GA,20,2,1.5629225804143003,13.057071498480004,0.0059714477542055526,4
GA,20,3,1.560125189062642,11.495603243249436,0.006475922311282892,4
GA,20,4,1.5606392989797073,12.749549099367538,0.00583903501463049,4
GA,20,5,1.5862899524103484,8.125379220286366,0.003047829767663956,4
GA,20,6,2.2202180772658004,63.23988989516248,0.0022883405936080666,4
GA,20,7,1.6318809783762085,19.639096432589767,0.00872168257172523,4
GA,20,8,1.555715665867527,10.37462335661014,0.005119004952056053,4
GA,20,9,1.7062207759109775,24.334157734683238,0.009835033344747134,4
GA,20,10,1.5506220444389522,11.873923299244673,0.004300323759426526,4
GA,20,11,1.5617889066805895,11.322085431603755,0.0068214640994550164,4
GA,20,12,1.6887523959350403,23.312530699386606,0.008794205501143045,4
GA,20,13,2.224937439347022,63.69678003380853,0.0025311847984390446,4
GA,20,14,1.5707257338737883,14.289735943041569,0.009107197409984986,4
GA,20,15,1.564272746373971,10.06295241531222,0.006986562680293166,4
GA,20,16,1.5793005460697698,15.158514359082002,0.005567015215459882,4
GA,20,17,1.5600703958158177,11.77023139541268,0.006474841433598197,4
GA,20,18,1.6086564612043746,17.491944820553908,0.005670048694965721,4
GA,20,19,1.6208971998741821,6.147898841756548,0.008718764786411095,4
GA,20,20,1.5891472848064387,15.424709205111306,0.009758227328039368,4
GA,20,21,1.5576857857621014,11.78028621142863,0.005971646877231809,4
GA,20,22,1.5786253402736696,15.358684198087213,0.005144885768087145,4
GA,20,23,1.5829104024706537,9.031523422697969,0.00377539454289756,4
GA,20,24,1.5744398580026453,14.585483072737174,0.00576356935865871,4
GA,20,25,1.549215555554734,12.016435814660147,0.004270857436766864,4
GA,20,26,1.554751749541695,12.466550155519379,0.008141361764431143,4
GA,20,27,1.5673905478323717,10.386249299697338,0.007954781352124565,4
GA,20,28,1.5631250890879367,11.735751435536773,0.006944354790164063,4
GA,20,29,1.678882138515524,4.888590007929647,0.009040001307136277,4
GA,20,30,2.1908263392367733,60.509305559805256,0.001665271051322565,4
GA,20,31,1.5538913254802282,11.143528148723588,0.009523324894077955,4
GA,20,32,1.5695383213776213,14.905770368512085,0.006909943262031912,4
GA,20,33,2.0101277563595388,44.350038566919814,0.0003222350912546799,4
GA,20,34,1.5561057028243552,12.645230781290218,0.008188725778408344,4
GA,20,35,1.5669328850051316,13.92117542638532,0.008808798302667073,4
GA,20,36,1.570552895050376,14.24146964460237,0.009222374605909868,4
GA,20,37,1.5562995622409865,9.85417130899324,0.005235429700700783,4
GA,20,38,1.5577682340247625,10.658770931273374,0.006095979788450628,4
GA,20,39,1.5782477539499513,7.6548431690417935,0.003554210358824052,4
GA,20,40,1.5638905893969544,8.906188692774798,0.0026314847365239073,4
GA,20,41,1.55930547192348,10.666090891713827,0.005058029360918988,4
GA,20,42,1.5614351815708862,10.306953840024269,0.002919600076436766,4
GA,20,43,1.5570927330867284,9.876847839852747,0.009774737158383789,4
GA,20,44,1.5615056186022238,13.149884349386557,0.00894600361103622,4
GA,20,45,1.5804005096772058,15.538160155367768,0.0050137510309984454,4
GA,20,46,1.5635989707547229,13.352921645351582,0.009653854390413165,4
GA,20,47,1.5585662812134735,12.679361437839123,0.005697018627092455,4
GA,20,48,1.7544592768578777,27.569531555425048,0.00946467063835621,4
GA,20,49,1.5611844418589904,11.658260673749595,0.003937264419553726,4
GA,20,50,1.6385698390731191,20.191938363776234,0.007886855423494033,4
GA,30,0,Final_Cost_ITAE,Best_Kp,Best_Ki,Iterations_Run
GA,30,1,1.5964501742408106,15.742785754297184,0.008202381273302323,4
GA,30,2,1.5572886967176998,9.81762925949994,0.009744133460481343,4
GA,30,3,1.551636691713851,11.112866146918819,0.004668315042600762,4
GA,30,4,2.296936733288789,70.49587354338021,0.004205867986587448,4
GA,30,5,1.5518654306913384,11.478101910069102,0.00836849938812857,4
GA,30,6,1.603248072174406,16.643142399040382,0.008696351948797539,4
GA,30,7,1.5647742027869556,12.271563785892216,0.0069498599168662835,4
GA,30,8,1.5615360547440025,9.784145834724928,0.00407312316779697,4
GA,30,9,1.5688179163712506,8.84045727056638,0.0028276876305141662,4
GA,30,10,1.560692943746709,10.002588732811835,0.006199454490030704,4
GA,30,11,1.5625860586757443,13.563893096788084,0.008269866201762397,4
GA,30,12,1.5649100194098835,9.98660565466668,0.007025110139625641,4
GA,30,13,1.5516636005585744,10.15571867731408,0.004880721536048073,4
GA,30,14,1.5634740906584574,9.611679483549263,0.004112906191751221,4
GA,30,15,1.551833444753497,12.139788284289887,0.007680486795175601,4
GA,30,16,1.9765931035553415,43.626548599085396,0.008156284121604384,4
GA,30,17,1.5511641735363144,11.246598050444236,0.005118774680136533,4
GA,30,18,1.550781078159516,9.846401858540384,0.004743485939125429,4
GA,30,19,1.5717442353957736,14.623911929296812,0.008191111150597808,4
GA,30,20,2.0360872220706066,47.486660729373874,0.003384902530485213,4
GA,30,21,1.5448366273915088,10.771816745682617,0.004414357550919621,4
GA,30,22,1.555082206155185,12.579729829970022,0.00519743468996911,4
GA,30,23,1.5932561677095443,16.148232318053097,0.008621737604286006,4
GA,30,24,1.5505903397971208,11.12182472068908,0.00803067535483688,4
GA,30,25,1.554174994111837,9.851468529251747,0.008739512337467567,4
GA,30,26,1.5671603648973922,14.2732637398559,0.005121756844704048,4
GA,30,27,1.552409075432959,12.857065341639714,0.004755159210888766,4
GA,30,28,1.566452472679626,10.48322339042168,0.00775771656902927,4
GA,30,29,1.5603509122871526,13.114888802379566,0.008632025333962332,4
GA,30,30,1.5649357507742727,10.302820671731041,0.0072465492788597605,4
GA,30,31,1.5623956869267255,10.63796390910253,0.006959154042741678,4
GA,30,32,1.558533812147224,13.54001610053112,0.0072037122596260795,4
GA,30,33,1.5550834748830777,12.419145962123501,0.005361585930549306,4
GA,30,34,1.5517560356282738,10.300538048302434,0.008389255826488496,4
GA,30,35,1.5626812054967725,11.419295579690369,0.004091457012192086,4
GA,30,36,1.5718017550453471,14.525237287193043,0.005396297844884342,4
GA,30,37,1.5912881860544295,16.166584122003677,0.005538475841693867,4
GA,30,38,1.5540556273068327,11.274211570746623,0.009452353817876721,4
GA,30,39,1.5550751989212526,10.655898549685228,0.009935234637151366,4
GA,30,40,1.5549963691318673,11.41845116014174,0.009713410222303959,4
GA,30,41,1.546412486360794,11.4109888776027,0.004369238233719031,4
GA,30,42,1.5502120710992524,11.01238721514469,0.008077474275294712,4
GA,30,43,1.5677686949298133,9.640258363310807,0.003167285221938355,4
GA,30,44,1.583693904924185,15.30647239066712,0.006108956431901954,4
GA,30,45,1.5440505850300494,10.782379053902519,0.004359408661359625,4
GA,30,46,2.061438041056996,49.474758164796256,0.0025881580291298436,4
GA,30,47,2.8846239509594973,33.20656127053861,0.004691831433697018,4
GA,30,48,1.5499303928089125,11.082530381632708,0.007859049473444988,4
GA,30,49,1.556973117909796,13.128283220865796,0.0075363388597223845,4
GA,30,50,1.5657540153035299,9.677042929637203,0.00705648126665826,4
GA,40,0,Final_Cost_ITAE,Best_Kp,Best_Ki,Iterations_Run
GA,40,1,1.556914785787067,10.746262655445154,0.005920669197834377,4
GA,40,2,1.553570493602813,11.815120029126469,0.008501266974729905,4
GA,40,3,1.554755332443257,10.002860736867971,0.00924240227992764,4
GA,40,4,1.5506262647430673,11.127752934348718,0.008150368250253908,4
GA,40,5,1.5521093980866245,12.563466280462483,0.004966820587886996,4
GA,40,6,1.5656684060660024,12.970862889438893,0.006369608260656821,4
GA,40,7,1.5612236196105664,13.10327181854614,0.0056319401117830336,4
GA,40,8,1.5546435372833907,10.66723600509478,0.0055593120439411245,4
GA,40,9,1.5690572101696134,13.107601741648839,0.0069873182799770955,4
GA,40,10,1.5485361262476212,12.069159259578077,0.004417798298990094,4
GA,40,11,1.5523194005912897,12.127819256865317,0.008035716546782305,4
GA,40,12,1.5520191027492793,12.024716002110734,0.007916611367131614,4
GA,40,13,1.5837390920230394,7.564943595496344,0.009993890435511518,4
GA,40,14,1.6148440291727244,6.52448547097443,0.0037793150498996076,4
GA,40,15,1.5556127144477223,10.094831722450031,0.009448343466709143,4
GA,40,16,1.5514128615983074,10.843324577936748,0.008443284105105784,4
GA,40,17,1.5549103757451064,10.147493904251522,0.009342129547215335,4
GA,40,18,1.575922914967149,14.35076536064391,0.006466880971228907,4
GA,40,19,1.5721724763839389,8.530895897402193,0.0057903863090968,4
GA,40,20,1.5783333639677595,7.660452871600785,0.004815455124764929,4
GA,40,21,1.556429907109122,11.944825857117735,0.009739283132118885,4
GA,40,22,1.5583856304023755,11.90634841823898,0.006197573901354057,4
GA,40,23,1.5541730338692543,11.818443778442598,0.009012488375710044,4
GA,40,24,1.5686071007307214,10.497588841014505,0.0035785266572169907,4
GA,40,25,1.5592773553924018,12.217033620459537,0.0054940113924436245,4
GA,40,26,1.578585125885061,14.715499232581923,0.006334016448677759,4
GA,40,27,1.5517432890129206,11.349411345539634,0.008631316207575443,4
GA,40,28,1.5716313964703406,14.728668888481193,0.005198725040967812,4
GA,40,29,1.5525889752040243,11.107615598011146,0.008706654879417821,4
GA,40,30,2.7117897203976025,39.87660674651309,0.0038964174335239243,4
GA,40,31,1.55473370577935,13.123338789524508,0.004775261622098551,4
GA,40,32,1.5682137042643012,9.325744927930792,0.0068973202321394025,4
GA,40,33,1.564704465429995,14.321086995418707,0.007090374439288377,4
GA,40,34,1.550406998541968,11.318538830518976,0.005194034493196796,4
GA,40,35,1.5598262313032503,10.116757194527953,0.0055208713725387795,4
GA,40,36,1.5700971372259593,14.245248174895394,0.005611090914470549,4
GA,40,37,1.5602113978278762,9.358028032105839,0.00997665479678799,4
GA,40,38,1.5600030676232242,12.371840244973221,0.005952559708067621,4
GA,40,39,1.552532569626269,9.370455086649494,0.004626087091812125,4
GA,40,40,1.555508524807155,12.843446365398298,0.007790884379929422,4
GA,40,41,1.5853703133773296,8.668702860587032,0.0034491713415906186,4
GA,40,42,1.5609691313970007,12.28744738832864,0.003603034585837323,4
GA,40,43,1.5510422015602965,10.689483426442479,0.008189949801690017,4
GA,40,44,1.554779893638179,11.504344439155595,0.005622603825989725,4
GA,40,45,1.5671802388696314,10.265971568496674,0.0034189576340922408,4
GA,40,46,1.5652004217625004,14.298784066894475,0.007300224099958534,4
GA,40,47,1.550828197390581,11.86863876124738,0.005037404225526071,4
GA,40,48,1.5542790324540965,11.915957344890684,0.008938144841747151,4
GA,40,49,1.5561392399837897,9.2284574821118,0.004935366615833087,4
GA,40,50,1.581801943528947,8.483767085599819,0.00790818283222527,4
GA,50,0,Final_Cost_ITAE,Best_Kp,Best_Ki,Iterations_Run
GA,50,1,1.5490741696412869,10.972418338354357,0.004647105853775441,4
GA,50,2,1.5599875682040705,11.162474850560079,0.006553011026103579,4
GA,50,3,1.54773101765631,12.516811812878665,0.004376722970091486,4
GA,50,4,1.5539119559598864,9.623150677956032,0.004950435829493958,4
GA,50,5,1.5675620987782504,10.445422768374089,0.003492768561983187,4
GA,50,6,1.573253863738447,8.77242789801107,0.00679450290737349,4
GA,50,7,1.5631355103674125,8.897855760392408,0.009443375847881888,4
GA,50,8,1.5538718988428484,9.142616758272704,0.004552901018884559,4
GA,50,9,1.5614017466314565,12.759641729138261,0.005920814394306743,4
GA,50,10,1.5492975345097284,11.882033456067035,0.004207847196801537,4
GA,50,11,1.5534126666702341,11.872243970667464,0.005357061827450227,4
GA,50,12,1.5631950582839007,13.981770091094436,0.005015095086500194,4
GA,50,13,1.557848890569296,13.105142148183385,0.00791861824633143,4
GA,50,14,1.5522509979166723,11.49842230271444,0.008582089271223135,4
GA,50,15,1.5662803348260275,9.820351836397837,0.0031622882713075082,4
GA,50,16,1.5591958168522009,9.107549858796025,0.008598210009205229,4
GA,50,17,1.5578141731887796,12.89532776558489,0.00837541189556801,4
GA,50,18,1.5777781113233535,14.857151130416298,0.005804375361406299,4
GA,50,19,1.5485756131238126,10.729743989420946,0.004626809051528624,4
GA,50,20,1.5546198337527815,11.923098129065938,0.008969964312613394,4
GA,50,21,1.5658462095987686,14.098346275895562,0.005225833195841298,4
GA,50,22,1.554826273258779,9.632579657183259,0.008324219582350214,4
GA,50,23,1.5681477615810322,14.57601429331451,0.007384857355049982,4
GA,50,24,1.5530830386601298,11.27550150274437,0.00903030377637769,4
GA,50,25,1.5468989511973488,11.523217265174157,0.004345720967698346,4
GA,50,26,1.5519951852580691,11.874560350414818,0.005311101008339753,4
GA,50,27,1.5573794612800977,13.088211768319306,0.007874375578164889,4
GA,50,28,1.55128999973806,11.46353392273573,0.0051730373570270174,4
GA,50,29,1.5589301065418328,8.455588406129982,0.0033902456351183694,4
GA,50,30,1.5525600383947327,11.589154150281887,0.00530906149664846,4
GA,50,31,1.5540208438290737,10.728187504091805,0.009414226242902243,4
GA,50,32,1.5506514869903332,10.972079774871085,0.00814431523446858,4
GA,50,33,1.591815018454635,7.064797338417978,0.0080864755314524,4
GA,50,34,1.554485544436185,11.052959332365509,0.0038131908092474834,4
GA,50,35,1.5579960336806051,10.16839369062869,0.005836011939456895,4
GA,50,36,1.5521405369209957,11.489665835179917,0.008372710069198049,4
GA,50,37,1.5758661613373688,9.025523855834294,0.0032113398893846646,4
GA,50,38,1.552350715048894,10.537957456161665,0.008428445787632906,4
GA,50,39,1.5542584622922146,9.90546732194537,0.008618154476244361,4
GA,50,40,1.5579899493173293,12.272130259216764,0.009739667083596602,4
GA,50,41,1.5759035366733332,14.591838686709613,0.005972410186946217,4
GA,50,42,1.5477021457859557,12.108307937565945,0.00437508215239398,4
GA,50,43,1.5613855184300942,8.776223053698157,0.004901536220948436,4
GA,50,44,1.5466419863796732,11.525872029643013,0.004342805766314112,4
GA,50,45,1.5530166619329835,12.333853920495882,0.005018809164253017,4
GA,50,46,1.5564504399519978,10.691677456532094,0.003932376309406155,4
GA,50,47,1.5604775719242783,9.25293491303767,0.009740302930910482,4
GA,50,48,1.5534229408102347,10.28455997137612,0.0050213481110431704,4
GA,50,49,1.55320666840592,12.21098621925434,0.005247624690796763,4
GA,50,50,1.563407259999797,10.044145230211038,0.004191857853764817,4
GA,60,0,Final_Cost_ITAE,Best_Kp,Best_Ki,Iterations_Run
GA,60,1,1.5706978911454323,8.899577679095264,0.00661362086181638,4
GA,60,2,1.561101465371622,11.242883966897695,0.0067733765313025005,4
GA,60,3,1.561572855905118,13.240175771301635,0.008820833455174877,4
GA,60,4,1.5506491496027004,10.567443034948324,0.008185827747008179,4
GA,60,5,1.555677841767482,10.371099656858393,0.005652771352731171,4
GA,60,6,1.5548818972375718,11.087131959044,0.005700314548401227,4
GA,60,7,1.5513611682267754,10.378776394223369,0.008230784345760564,4
GA,60,8,1.5553202276660594,12.54809625340981,0.008024724137826096,4
GA,60,9,1.5525405637814333,10.847259284391383,0.00897041004656665,4
GA,60,10,1.5510787122444696,11.507328059588675,0.005047020540836185,4
GA,60,11,1.560031023209738,8.997304369249504,0.008335068214679374,4
GA,60,12,1.5564172984050546,10.40905614159727,0.005854856427894947,4
GA,60,13,1.548425259433382,12.035774664804238,0.0046761899736105506,4
GA,60,14,1.5507794685327172,11.283378417198227,0.008173493494813508,4
GA,60,15,1.5480204638559578,10.83672939730665,0.0046199065337115845,4
GA,60,16,1.5539647787644102,12.66179113422853,0.007530047672455847,4
GA,60,17,1.5646195905082372,9.574426727917416,0.0029052492420303926,4
GA,60,18,1.553955299609965,10.910172978663656,0.009303398667999464,4
GA,60,19,1.5467578398313764,12.002799797201966,0.00435240756545946,4
GA,60,20,1.561964749571139,10.597657349118343,0.00677400537400035,4
GA,60,21,1.5474046739838287,11.964824397523765,0.00437919877205551,4
GA,60,22,1.5486159389981131,10.918417595817727,0.004612179246703261,4
GA,60,23,1.5616552537000503,10.40289196034351,0.0067894082251302125,4
GA,60,24,1.554261333896135,12.488590310811764,0.005143280993249677,4
GA,60,25,1.549859652390395,9.862327634039314,0.004682550791500936,4
GA,60,26,1.5497676715102302,11.638716480382064,0.004561825143782968,4
GA,60,27,1.5542078529538381,11.303574615734549,0.009215117627093516,4
GA,60,28,1.5549493035953548,10.584311972755911,0.005345664325885818,4
GA,60,29,1.56279918361589,8.906004190687371,0.005254950341873567,4
GA,60,30,1.5504528057707965,12.447750947681712,0.004856021816408103,4
GA,60,31,1.5557043271164894,11.775258801048377,0.009703645652711819,4
GA,60,32,1.5527613647755083,12.278496247048329,0.005072451855754969,4
GA,60,33,1.5540774374054815,11.804970663045452,0.008816239864539653,4
GA,60,34,1.5660263143145305,14.448206251852577,0.007140835711195642,4
GA,60,35,1.5539338575967359,9.980459323634507,0.008703859691455658,4
GA,60,36,1.563765924184448,10.676950655899862,0.0032087031231837347,4
GA,60,37,1.5514868071741528,12.277201904273035,0.005006884150167682,4
GA,60,38,1.552174763193623,12.318263377423676,0.007573756003113524,4
GA,60,39,1.5797538860059854,7.752229846586368,0.009721620173625172,4
GA,60,40,1.5546021884121175,12.062675290393662,0.008764932764301053,4
GA,60,41,1.5534122423892311,10.156657450632226,0.008762281123191029,4
GA,60,42,1.5894547016212581,7.928967768867745,0.00643560567888729,4
GA,60,43,1.554406033180534,10.906311928572416,0.009961011137506701,4
GA,60,44,1.5571470569102388,10.992245956023545,0.006185980086509222,4
GA,60,45,1.5704692372071725,14.581515936585472,0.005260724761824926,4
GA,60,46,1.5474443161058695,11.963638127011901,0.004458824228391362,4
GA,60,47,1.552366267638683,10.998219296363855,0.008736694262575645,4
GA,60,48,1.56508338629969,14.2644255946887,0.007326330754516464,4
GA,60,49,1.5597071010122567,13.73257005081159,0.007180661598429021,4
GA,60,50,1.555214594717354,11.317277737815198,0.005774172529442039,4
GA,70,0,Final_Cost_ITAE,Best_Kp,Best_Ki,Iterations_Run
GA,70,1,1.5526062476276634,10.500331421709898,0.004933333412525843,4
GA,70,2,1.5610975962736426,13.223977046939616,0.008775258467897342,4
GA,70,3,1.5519013987829293,11.149054996632644,0.00844994162840084,4
GA,70,4,1.5573380764683737,9.535497840980552,0.009123483011794517,4
GA,70,5,1.5588167060384266,9.457859352122464,0.009721882374121506,4
GA,70,6,1.5517923775623077,10.506441226671472,0.004920565527287168,4
GA,70,7,1.5467406793759002,10.773623813227717,0.0044934178065370025,4
GA,70,8,1.550468347964561,11.418775078921328,0.007911208913066028,4
GA,70,9,1.572250614648092,9.166422697968738,0.00753896450319144,4
GA,70,10,1.5542722356785628,12.369926462787129,0.00809052578356468,4
GA,70,11,1.5534548615889505,11.995726631311276,0.005330009373824577,4
GA,70,12,1.550404896971539,10.881103158060172,0.008111623736068049,4
GA,70,13,1.5472697904286181,10.149209632224675,0.004558148247461483,4
GA,70,14,1.5554284776853082,11.4604280032359,0.0037715631780137152,4
GA,70,15,1.5501390714598597,11.285304020105361,0.007770046772830067,4
GA,70,16,1.5717401995478906,10.277954203553069,0.0037946318551098303,4
GA,70,17,1.560811310098438,12.013642554813812,0.0064142362139129145,4
GA,70,18,1.5454035953259202,10.990197934283731,0.0043830739484013006,4
GA,70,19,1.5650243093986684,8.659592716315542,0.009035502995009968,4
GA,70,20,1.5453835126414202,11.066678320571558,0.004406186337679556,4
GA,70,21,1.5544307408888203,13.019290899788613,0.004885604061436442,4
GA,70,22,1.5613431486504286,9.769088644096877,0.006008342235308812,4
GA,70,23,1.5513644181469748,12.69795162962943,0.004671008315737851,4
GA,70,24,1.551490662669056,11.027736091214258,0.00511665574283642,4
GA,70,25,1.5522946148630619,12.156695559257372,0.0078117934415578,4
GA,70,26,1.55045852128517,10.640786555272316,0.004764748986949043,4
GA,70,27,1.5518168405593016,10.617654062139197,0.008652644003790788,4
GA,70,28,1.552187026148047,10.184616499896078,0.008330185143292633,4
GA,70,29,1.5588790780766686,9.441280002263063,0.009701464839238018,4
GA,70,30,1.5564930666840393,12.913040932257909,0.007965099762147867,4
GA,70,31,1.5535607125133393,10.933843098867312,0.007267942035246148,4
GA,70,32,1.561036421736788,13.341908685085162,0.00527683414313268,4
GA,70,33,1.5695628016477166,8.877017405363281,0.0030691595692587752,4
GA,70,34,1.5603733730780054,13.173167149140884,0.005380652894994518,4
GA,70,35,1.5499745852517501,11.865725609127008,0.004860137769638836,4
GA,70,36,1.567791092136308,14.17151102976084,0.00840583585734902,4
GA,70,37,1.5518075122383173,11.235101737302822,0.00840788985689398,4
GA,70,38,1.5678930713398733,13.786615640763275,0.009630771946433537,4
GA,70,39,1.5541621803646446,12.041878739304435,0.008444664252685564,4
GA,70,40,1.5526979336228761,11.374972955527527,0.009060705265805217,4
GA,70,41,1.54778669562356,11.732561760230757,0.004773077964827153,4
GA,70,42,1.5537921720952483,11.582982587149951,0.008911012345949354,4
GA,70,43,1.559795809338299,10.711922286409875,0.006433721150924628,4
GA,70,44,1.5504650431302736,11.528396060969502,0.00515903807298267,4
GA,70,45,1.5478024674564421,12.127369779580727,0.004592898626115067,4
GA,70,46,1.5504152528302964,11.142143353011416,0.008116781643711294,4
GA,70,47,1.5525256486106063,12.535500332041522,0.004936766947087517,4
GA,70,48,1.555856545305803,13.195345154996945,0.004919582134503902,4
GA,70,49,1.54994216235228,11.229391500900899,0.007785600623505731,4
GA,70,50,1.560998786719634,8.363177763971347,0.0033580021026793955,4
GA,80,0,Final_Cost_ITAE,Best_Kp,Best_Ki,Iterations_Run
GA,80,1,1.5538601197601785,12.227204242971178,0.005230299383324284,4
GA,80,2,1.5518240253186528,10.223307949283043,0.004921909899858398,4
GA,80,3,1.557186037172234,13.241391714153787,0.005022220944346618,4
GA,80,4,1.5535333703727514,10.354500891049804,0.00889802387878381,4
GA,80,5,1.5549050056946057,9.720712602917455,0.008840584608201595,4
GA,80,6,1.5443043345691119,10.658512325107704,0.004370896363345332,4
GA,80,7,1.5551584727651628,12.241054313209341,0.008860710875729169,4
GA,80,8,1.5473752776297711,12.325194117061146,0.004191975081189854,4
GA,80,9,1.5563756628984404,10.404616779038534,0.005605833416449143,4
GA,80,10,1.5509942481588477,11.577332047715002,0.007961327911709526,4
GA,80,11,1.553413276129469,9.838120063126626,0.008287891816326108,4
GA,80,12,1.5556510786449236,10.966362140927552,0.00586751484322415,4
GA,80,13,1.550133653036608,11.854465841123805,0.005072308089368507,4
GA,80,14,1.5549918848887438,10.164794129894881,0.009239400984861522,4
GA,80,15,1.5522238567025146,9.844259668444069,0.004857130302205174,4
GA,80,16,1.5520449623785968,10.2006920036312,0.008202415030383135,4
GA,80,17,1.5514139799498026,10.45210346240642,0.008141465640995854,4
GA,80,18,1.5540352953125744,12.555292720303733,0.005066679766367414,4
GA,80,19,1.5505097137119495,10.983090980953342,0.008151262807660814,4
GA,80,20,1.546358552921256,10.133014901169254,0.004418717039849641,4
GA,80,21,1.5524588155993266,12.70885432846777,0.004787649987250962,4
GA,80,22,1.554044230248944,11.266890038892486,0.009471838946683273,4
GA,80,23,1.5544708794309967,10.513171882377367,0.00949908959198619,4
GA,80,24,1.558475628779377,8.824278584204635,0.004639812101446252,4
GA,80,25,1.5485043830596352,11.869652009722367,0.004521381410238811,4
GA,80,26,1.5595558562739897,12.78422323032816,0.005639980373184685,4
GA,80,27,1.5559967462412336,12.150992297041459,0.005521001673210425,4
GA,80,28,1.5506538183630099,10.774243804897983,0.008160081210075849,4
GA,80,29,1.5515383385588277,10.757112899466856,0.008488177860295404,4
GA,80,30,1.5518008461729922,11.407573886326631,0.004528297969669127,4
GA,80,31,1.5524905246511655,10.07241942692158,0.008210511322761786,4
GA,80,32,1.5549435545909318,11.088795347826808,0.009982649295822788,4
GA,80,33,1.5546657053114061,11.839984498767706,0.009162282476078016,4
GA,80,34,1.5554314296640506,12.091939935183865,0.0035364819988781453,4
GA,80,35,1.5526000334408927,11.008320071116797,0.00892314454117874,4
GA,80,36,1.555529276780418,9.294537004811092,0.004800622914165732,4
GA,80,37,1.556451774525125,9.419002252824331,0.008579246692074523,4
GA,80,38,1.559803614987832,12.833354009897338,0.009459647934352864,4
GA,80,39,1.554455239773525,10.573171874459785,0.0098086321273959,4
GA,80,40,1.5448919355305937,11.078707123173146,0.004335511520307299,4
GA,80,41,1.5521320797966747,11.422779472067115,0.008265269194256804,4
GA,80,42,1.554197256674218,9.338106362529235,0.004792425069618797,4
GA,80,43,1.5618827972057416,13.271164360321325,0.008739499530805233,4
GA,80,44,1.554194376503518,13.178697974142048,0.004582264108543231,4
GA,80,45,1.5623896900696612,11.454675975968113,0.007081845376369322,4
GA,80,46,1.5532060008405666,12.691990765055314,0.004848539223405913,4
GA,80,47,1.5438781192310593,10.869579393056972,0.004316879838303781,4
GA,80,48,1.5817725712509685,14.684494684734158,0.006782729031887988,4
GA,80,49,1.5557347101843102,9.445378889607099,0.008293274120538827,4
GA,80,50,1.5662896941265727,10.543287117608836,0.0043141325737158145,4
GA,90,0,Final_Cost_ITAE,Best_Kp,Best_Ki,Iterations_Run
GA,90,1,1.5496996904660114,11.533494721803777,0.004804852100361177,4
GA,90,2,1.551431295387421,9.610687475309504,0.004663465576738108,4
GA,90,3,1.5500065700388002,11.747510847421239,0.005035549831764699,4
GA,90,4,1.5517075456874656,11.440212031577406,0.008319613097253981,4
GA,90,5,1.557161742418167,9.337024238974427,0.008475440037420883,4
GA,90,6,1.551927958683399,12.292964437403676,0.003982212532359455,4
GA,90,7,1.5508840032227451,11.252127950081409,0.008148459995979029,4
GA,90,8,1.5690334711842777,13.14960428285045,0.004029042530411812,4
GA,90,9,1.5529665004716837,11.97426960842878,0.00820091433806764,4
GA,90,10,1.561676973625267,11.741261752145682,0.006747917878620276,4
GA,90,11,1.5507360018477898,11.855369218691695,0.007720605982640515,4
GA,90,12,1.5614704697463075,10.650884886087008,0.006795983557456734,4
GA,90,13,1.5488347159733067,12.314394456702912,0.004690896137979826,4
GA,90,14,1.5530949734901427,10.702595670705017,0.009097308664595216,4
GA,90,15,1.5549931126343002,12.070908923950583,0.008827643881503717,4
GA,90,16,1.5465611559529957,9.983898719384564,0.004436077751263148,4
GA,90,17,1.5549391142179416,13.018445713860773,0.004783116499020416,4
GA,90,18,1.555853872746745,13.065704476258063,0.0073571248722487,4
GA,90,19,1.5532245508826146,11.072324927561452,0.009081849693603173,4
GA,90,20,1.5520982742522083,11.042789287636895,0.005260327824783362,4
GA,90,21,1.5536812758608454,11.735716615584279,0.0054461046332666746,4
GA,90,22,1.5505100721631728,11.883129985355152,0.007779187484846273,4
GA,90,23,1.5528957765464646,11.55331739146696,0.008763771685229852,4
GA,90,24,1.5541503940320054,12.56025681091559,0.005110633820547531,4
GA,90,25,1.549899551934049,11.337722385972233,0.007834351560708847,4
GA,90,26,1.557950950520226,9.331405634114224,0.008621134362101709,4
GA,90,27,1.5526940980156723,10.44991480703353,0.008866911027699782,4
GA,90,28,1.5496891748849515,11.42552546853762,0.0077376587286555835,4
GA,90,29,1.5544452527821089,10.805135975695308,0.009847528304628572,4
GA,90,30,1.553324103248146,11.587816925353968,0.008919628713000076,4
GA,90,31,1.554671748425051,11.732609360158783,0.00920126408584169,4
GA,90,32,1.5497531337333164,12.31025385989839,0.004715431584383395,4
GA,90,33,1.553224704278562,12.287661722091894,0.007804150584254976,4
GA,90,34,1.554759210194827,10.566618956841072,0.009568866050045909,4
GA,90,35,1.5544103409451748,9.540063585949522,0.004910082279840166,4
GA,90,36,1.547482350720542,12.337010723520779,0.004265705106407762,4
GA,90,37,1.557655595043127,12.488447767084068,0.008989904157746954,4
GA,90,38,1.553232829766219,12.60288772169983,0.007407825803228508,4
GA,90,39,1.5579517938881582,12.24656907862729,0.009865215363830955,4
GA,90,40,1.5524726586358604,11.093731980012407,0.005169778744021063,4
GA,90,41,1.560732098115413,12.266936989941302,0.006190575067696187,4
GA,90,42,1.5556755393275945,10.2743173457782,0.00997599901482978,4
GA,90,43,1.554699811521403,10.18512560081487,0.009437392464105864,4
GA,90,44,1.5488080301803617,12.535030206378066,0.004428826662579117,4
GA,90,45,1.5508168034749947,10.631281582333592,0.008045280618417973,4
GA,90,46,1.551996514199182,12.160422281511881,0.007694339683379102,4
GA,90,47,1.5501824237486157,11.743489552245634,0.004884115207703623,4
GA,90,48,1.5676650254941165,13.989643135628993,0.005613064134611719,4
GA,90,49,1.5517448027110337,11.99008301524729,0.007810288905085841,4
GA,90,50,1.5578483698490042,12.959770835881761,0.008059128059093472,4
GA,100,0,Final_Cost_ITAE,Best_Kp,Best_Ki,Iterations_Run
GA,100,1,1.556099889584988,10.711526030901865,0.003920743873186749,4
GA,100,2,1.5532594780572544,10.947521381204297,0.00909479078958512,4
GA,100,3,1.549439186015718,11.02953355482525,0.007896768329570057,4
GA,100,4,1.553416917812315,10.6822381355678,0.00927994770122016,4
GA,100,5,1.5499506659869802,11.425457970384903,0.007829485927255268,4
GA,100,6,1.5514392939586705,10.291628482841759,0.008103105850926023,4
GA,100,7,1.5524041021755306,9.577099592500064,0.0047116603833702395,4
GA,100,8,1.551444841484898,12.889304607027713,0.004523664018679514,4
GA,100,9,1.5532135876643,9.367449069696965,0.004649562555289605,4
GA,100,10,1.5499533231970206,11.716540582174717,0.007677118310369419,4
GA,100,11,1.5546981498789556,11.577829223527258,0.009324445337194814,4
GA,100,12,1.5499679023344446,11.688080221688981,0.004338077063208735,4
GA,100,13,1.5504104016681695,11.529499705407291,0.005016141599353846,4
GA,100,14,1.5530109184013754,12.038375312206364,0.008208829368229703,4
GA,100,15,1.5550507515261889,11.609577166266211,0.005661490412371058,4
GA,100,16,1.5477630031297163,10.120241374772448,0.004591880669710866,4
GA,100,17,1.5537992945766068,11.030440848147984,0.009447795872574168,4
GA,100,18,1.550947628405128,11.042176904381915,0.00830284956337728,4
GA,100,19,1.5519933746847372,11.61172935965444,0.005214196960125043,4
GA,100,20,1.5511185903927962,11.25117544719038,0.008309476091283992,4
GA,100,21,1.5539268202697345,11.93332520997475,0.005445861319913539,4
GA,100,22,1.5522373920908852,10.474664745805292,0.008514908761985573,4
GA,100,23,1.5509280263857121,12.50699492665882,0.004869414978641182,4
GA,100,24,1.5542936796234854,10.604568394554601,0.0095393687879191,4
GA,100,25,1.5539393105136723,10.857158535584063,0.005567777543961142,4
GA,100,26,1.5474416545987044,9.97114769523614,0.004487727970852204,4
GA,100,27,1.5493249337968473,11.569455174978991,0.004766593089768172,4
GA,100,28,1.5473426838776572,12.14684669880408,0.004411357508902658,4
GA,100,29,1.560570656440087,10.099649727239504,0.0055042944754583505,4
GA,100,30,1.5518980472528836,9.559012362500848,0.004684589071798278,4
GA,100,31,1.5642569361019925,8.882574331554343,0.009940822094242605,4
GA,100,32,1.5466451735285347,12.093567264046293,0.004016725994001453,4
GA,100,33,1.5553391986832321,11.066155052930368,0.005854772246730974,4
GA,100,34,1.557355924255083,13.176806853883344,0.007603400809525204,4
GA,100,35,1.5518256783849957,12.281886617198303,0.00496850152508134,4
GA,100,36,1.5519430644865801,11.787632893733436,0.008052261764682732,4
GA,100,37,1.5644530193997426,11.310323096248572,0.007442286033763213,4
GA,100,38,1.553851242374543,11.483628450748435,0.004539850256777948,4
GA,100,39,1.561436023652334,10.941383661901222,0.003282841065742777,4
GA,100,40,1.5566237014624724,10.738355835943109,0.00590127282449242,4
GA,100,41,1.5618980549035921,8.92096648259857,0.008968886763559376,4
GA,100,42,1.5495521713003466,11.634050562776112,0.004574370760395292,4
GA,100,43,1.5598262661912266,9.021120302813818,0.008396530147825739,4
GA,100,44,1.551965144495438,10.890930038892373,0.00858862167994581,4
GA,100,45,1.553192782077804,11.79708208588343,0.00868145258863116,4
GA,100,46,1.5499562888457252,12.090240563166565,0.0048560569632482885,4
GA,100,47,1.5563287486526682,9.691193885899665,0.005161693898769334,4
GA,100,48,1.5522256884205923,11.853163518952636,0.008047253912042987,4
GA,100,49,1.5533162786063743,10.28986333137643,0.008797739174616816,4
GA,100,50,1.5565852598788565,12.143015660375733,0.005606627962988224,4
PSO,10,0,Final_Cost_ITAE,Best_Kp,Best_Ki,Iterations_Run
PSO,10,1,1.550957250794052,11.571821028518572,0.0051005009005649785,4
PSO,10,2,1.5490226237199431,11.81452107713224,0.0044426295389981205,4
PSO,10,3,1.5530546099436038,13.100414924093517,0.004576135467296242,4
PSO,10,4,1.5650437064648952,8.75075752859899,0.0026152981861219064,4
PSO,10,5,1.554993175629921,10.685541670095486,0.005352255774804034,4
PSO,10,6,1.5617706184310878,9.027913594790316,0.009352183073693185,4
PSO,10,7,1.652987175253729,5.718676904560377,0.0070004859890800625,4
PSO,10,8,1.5735269668706129,14.914747821957866,0.005081849858960323,4
PSO,10,9,1.5555748930059692,12.050953465476947,0.009024101013419224,4
PSO,10,10,1.607546106854219,6.554636950423615,0.0090048839731279,4
PSO,10,11,1.810801935749221,31.55582763589594,0.009157565215001304,4
PSO,10,12,1.5644487816154415,13.593287131727017,0.005643650491618132,4
PSO,10,13,1.601067693261623,6.7466453539460955,0.008472461680887835,4
PSO,10,14,1.5599341138673366,12.686023133920978,0.009585822768506844,4
PSO,10,15,1.5531703499277798,11.797638408785552,0.008510737577121603,4
PSO,10,16,1.6124209618627205,6.858114643887332,0.007286035618325084,4
PSO,10,17,1.9894975687654008,44.734494331766925,0.009774514827050133,4
PSO,10,18,1.567089384051655,9.43500279397415,0.006882083151448682,4
PSO,10,19,1.6379309006611766,20.138646218040282,0.008217569279324809,4
PSO,10,20,1.6429783698273144,20.181667744749834,0.009886040446810159,4
PSO,10,21,1.6061069013736715,17.813246627608578,0.008651552701394448,4
PSO,10,22,1.7432526124041574,3.91929417609441,0.007580094566808829,4
PSO,10,23,1.7053717581618086,24.508063405708548,0.007141285355720174,4
PSO,10,24,1.5578421802974156,9.89690501226166,0.0053232998263638975,4
PSO,10,25,1.800583374602664,30.91043552362486,0.008724800436583285,4
PSO,10,26,1.5697608004464119,7.780981642921862,0.0031881441345516254,4
PSO,10,27,1.5583290031759067,11.293098977869969,0.006265907108472985,4
PSO,10,28,1.6201067981042656,18.703509476266525,0.00620803124796282,4
PSO,10,29,1.5701880331466125,8.143376401957655,0.004827597392742973,4
PSO,10,30,1.5812324362278578,14.845694033148153,0.006444590644449522,4
PSO,10,31,1.6186667717399046,18.861867503797864,0.00738793954018774,4
PSO,10,32,2.0582634726050566,50.10934384790094,0.009290331595350709,4
PSO,10,33,1.5509434361606065,9.919437394837308,0.004722346160975943,4
PSO,10,34,1.628437090071793,19.551731527608613,0.007512637239588654,4
PSO,10,35,1.5984513616975664,17.05714191876188,0.009724104392394744,4
PSO,10,36,1.5643666144501827,13.78313161522348,0.008338983565060284,4
PSO,10,37,1.5523702332802995,11.935385070385115,0.008259110696314811,4
PSO,10,38,1.5972918752203866,16.70280673610752,0.005482327971924237,4
PSO,10,39,1.584536880850392,7.852616963931615,0.006092633611863989,4
PSO,10,40,1.5925622650385027,7.530400790763503,0.0027574867358317375,4
PSO,10,41,2.1893979229365046,60.9624449488399,0.00721127393654832,4
PSO,10,42,1.5859373289685492,7.296786574710504,0.00231700337591251,4
PSO,10,43,1.5520180956769356,10.196634329457776,0.008491722158139163,4
PSO,10,44,1.5524204665316998,11.603209347142204,0.0083904452838104,4
PSO,10,45,1.5517488771108137,11.229759178775803,0.004823678113720225,4
PSO,10,46,1.5923545664849696,15.782575603655285,0.00937921487027157,4
PSO,10,47,1.7447051798503814,4.025367314810142,0.002565060316840336,4
PSO,10,48,1.793360417336932,30.408101087394964,0.00986253276761687,4
PSO,10,49,1.6573924458028886,20.925652872383825,0.005987260055194604,4
PSO,10,50,1.6057651332779292,6.596566680118119,0.008518616829368214,4
PSO,20,0,Final_Cost_ITAE,Best_Kp,Best_Ki,Iterations_Run
PSO,20,1,1.5706490017716352,7.8384542626386295,0.0033825906448842896,4
PSO,20,2,1.5513688458882997,11.54014705230267,0.00520170976359344,4
PSO,20,3,1.5539576763742278,13.17493101747144,0.004551949733412987,4
PSO,20,4,1.6108572140712865,17.720967169653616,0.005299320428818749,4
PSO,20,5,1.5516806430191747,10.280152934721892,0.008375635514931954,4
PSO,20,6,1.5996530432200609,16.233601529138557,0.007540042404421628,4
PSO,20,7,1.5578486743290556,11.858645240575594,0.006125047051506805,4
PSO,20,8,1.5538193413556105,11.190277593696933,0.009273225374730232,4
PSO,20,9,1.5614028994574827,13.077764141933015,0.009310789294192772,4
PSO,20,10,1.562879257844859,13.629554455331542,0.0082641077348764,4
PSO,20,11,1.561472858484299,8.324795182642973,0.003305944663663291,4
PSO,20,12,1.5784876895035898,14.728304298195475,0.008782855956940845,4
PSO,20,13,1.5872275212215854,15.568054249703614,0.008973198672010269,4
PSO,20,14,1.5506140928462182,11.199814900834006,0.005138391840064127,4
PSO,20,15,1.6253361906815462,6.052726214526952,0.00965809854880121,4
PSO,20,16,1.551308454177519,10.251742441162818,0.008064104492534082,4
PSO,20,17,1.5746546608403689,8.616837825358324,0.006744407125402331,4
PSO,20,18,1.6073659158270217,6.5791887197150425,0.00924682358555058,4
PSO,20,19,1.5502398956818293,11.995913624947748,0.0049217669562146025,4
PSO,20,20,1.5764168456283874,14.760496469606622,0.00586083265710452,4
PSO,20,21,1.555007362749888,13.32572754381867,0.004584714079735455,4
PSO,20,22,1.607301579862966,17.214014322828845,0.006212411426517483,4
PSO,20,23,1.5659955747732388,12.106128899403775,0.00746527086013433,4
PSO,20,24,1.6161076936558207,18.29846549963779,0.009176572028940073,4
PSO,20,25,1.6470897422580018,5.760977567878491,0.003847109969185749,4
PSO,20,26,1.5779763049863043,14.828154993030253,0.0059282492720077766,4
PSO,20,27,1.563058053725176,9.109050593036807,0.005451352425731466,4
PSO,20,28,1.6091362500438084,17.812866173003922,0.006790761905747064,4
PSO,20,29,1.55263947914933,12.030420038850727,0.008093182764686629,4
PSO,20,30,1.5515924822333098,12.026839878615615,0.0077778041936949795,4
PSO,20,31,1.5511338422545888,10.604920564336968,0.008265934489905005,4
PSO,20,32,1.5763028265756882,7.823883854185173,0.00499678532958925,4
PSO,20,33,1.562313476761762,10.073645229982356,0.006634954632040933,4
PSO,20,34,1.5518407960545488,12.961142281737711,0.004568121278472492,4
PSO,20,35,1.5996837251779483,16.67444623918621,0.008338325970086134,4
PSO,20,36,1.565636811203976,13.789127297757398,0.008869767716001157,4
PSO,20,37,1.5563503990921896,11.781093150894513,0.009715284096734767,4
PSO,20,38,1.5573255421401682,11.614195819600424,0.005950021599854757,4
PSO,20,39,1.5658168142710431,11.731480384606883,0.007560766252060732,4
PSO,20,40,1.5674837810457982,8.34362463672448,0.00827037524600642,4
PSO,20,41,1.5567704063921555,9.694127761422456,0.005242526242093511,4
PSO,20,42,1.5459030005732348,10.848160202128048,0.004470776233049357,4
PSO,20,43,1.560348767779407,9.304450950753202,0.009746199781194289,4
PSO,20,44,1.5512892521469714,11.735883052312225,0.007976263318796093,4
PSO,20,45,1.5561593712774386,12.150489438880351,0.009178084548173066,4
PSO,20,46,1.6143797210310111,18.629268271088385,0.007463198744333589,4
PSO,20,47,1.5526699920667755,10.143869938911019,0.008304996512258073,4
PSO,20,48,1.550262548351568,12.569442695466606,0.004669688376082684,4
PSO,20,49,1.5536214737189489,10.727201111989151,0.005371834069119943,4
PSO,20,50,1.557165498703186,9.43344239016606,0.008869769540938831,4
PSO,30,0,Final_Cost_ITAE,Best_Kp,Best_Ki,Iterations_Run
PSO,30,1,1.5603493063426426,12.997187320672941,0.008923168193418688,4
PSO,30,2,1.5698237524307428,13.89130292571542,0.0061847828931580065,4
PSO,30,3,1.555973662429884,9.50384510592579,0.008408338282025911,4
PSO,30,4,1.5613215239342506,12.917168029289966,0.00990640037022405,4
PSO,30,5,1.5592781554964008,10.039452834104809,0.006062906849557285,4
PSO,30,6,1.5450313728850182,10.504178991243679,0.004438389014266327,4
PSO,30,7,1.5819743431832824,15.118921670079022,0.00728216011175486,4
PSO,30,8,1.5525385560133025,10.21243188599909,0.008615166277666423,4
PSO,30,9,1.5551793186431646,13.104594896124496,0.004929526144783369,4
PSO,30,10,1.5544471855516804,9.754837992028683,0.008588111568726547,4
PSO,30,11,1.581772595434727,9.139430392429325,0.0037651783525860377,4
PSO,30,12,1.5543463393802646,10.550462802288177,0.009503646160689968,4
PSO,30,13,1.601358935740496,6.942614448095619,0.0038250167028708545,4
PSO,30,14,1.5511953057130596,11.983647675635641,0.0075951933814195705,4
PSO,30,15,1.5705175071200543,14.382845039187432,0.005483405408752751,4
PSO,30,16,1.5578179498935234,10.221765673593081,0.005859624760670805,4
PSO,30,17,1.5522388031748506,12.343885529111596,0.0074700675361383554,4
PSO,30,18,1.557715757039322,9.26479245199328,0.008517182663800109,4
PSO,30,19,1.5479860302194874,12.193316859589592,0.004457187563439759,4
PSO,30,20,1.549503310720303,10.889687052433295,0.004670943338868427,4
PSO,30,21,1.5529996256931067,10.5569662057495,0.008871810427278378,4
PSO,30,22,1.5492590330741933,12.084025851975357,0.004725373529529417,4
PSO,30,23,1.555354918237464,11.24445091945406,0.005857493549061181,4
PSO,30,24,1.5693245226346426,9.002124840372801,0.006432547615349494,4
PSO,30,25,1.5468446857539155,10.558660870516967,0.00454608978932688,4
PSO,30,26,1.5546022020779184,9.948123341328273,0.00889893162049301,4
PSO,30,27,1.5509658385862122,12.158405282581567,0.004887104677400543,4
PSO,30,28,1.5483270363395292,10.954270710814855,0.004613845620209488,4
PSO,30,29,1.5666007565094906,14.503536167100485,0.0071994812688482585,4
PSO,30,30,1.5601286724042718,9.35716279500948,0.005360488557978076,4
PSO,30,31,1.5599848802104024,8.344700513080092,0.003288623125634013,4
PSO,30,32,1.5635065794681395,13.458884407708995,0.0093016620518086,4
PSO,30,33,1.5538658939783594,9.415905223054903,0.0048004556725181075,4
PSO,30,34,1.5537196980654602,10.163962989423494,0.009091620102703292,4
PSO,30,35,1.5500533351129626,11.433051096556069,0.007872994309612935,4
PSO,30,36,1.558514888592097,13.235665393617385,0.005103106594739215,4
PSO,30,37,1.5523805207133359,10.973659060355683,0.008777762773339888,4
PSO,30,38,1.5531058574247714,10.42362568620774,0.008933204929614238,4
PSO,30,39,1.5638752630273893,13.252693511286935,0.009819039538155175,4
PSO,30,40,1.5652598024174724,8.580861094816363,0.008657156538748701,4
PSO,30,41,1.553505786205606,9.742209852503782,0.004923895952148437,4
PSO,30,42,1.5588458212989464,9.480213522857397,0.00962440770291495,4
PSO,30,43,1.6117016293057111,6.438409268277481,0.009127523317797016,4
PSO,30,44,1.5497501473701487,10.362095255223968,0.004798996727033474,4
PSO,30,45,1.5798980838611318,7.673380514099028,0.002433595606504382,4
PSO,30,46,1.5588388433398679,13.70266983087122,0.004689547761051223,4
PSO,30,47,1.5454375912828031,10.334531785752649,0.004431645149166007,4
PSO,30,48,1.5515395067702467,12.097796500797633,0.004970464470284277,4
PSO,30,49,1.5676103700371777,8.807423352945595,0.0027696113878520443,4
PSO,30,50,1.5520073376604457,11.156392138213645,0.005005976440301169,4
PSO,40,0,Final_Cost_ITAE,Best_Kp,Best_Ki,Iterations_Run
PSO,40,1,1.5522678022835008,10.265713935232245,0.00493194801710867,4
PSO,40,2,1.5528718157970003,11.449219298622646,0.008855190320892542,4
PSO,40,3,1.5492965275323634,9.809141889346984,0.004571367667968267,4
PSO,40,4,1.5559567561511003,9.90719006523296,0.009442788304319143,4
PSO,40,5,1.5484874617072495,11.964537215097076,0.004147972629611312,4
PSO,40,6,1.5568750297221574,10.71507729864023,0.006005986312971484,4
PSO,40,7,1.5437973235993065,10.803676682504799,0.0043328265734922,4
PSO,40,8,1.5528654792809087,11.349989642114044,0.00888531999421167,4
PSO,40,9,1.558548013401057,12.37674518865049,0.009828998819305435,4
PSO,40,10,1.5503399937779256,12.631861653575463,0.004695832710923456,4
PSO,40,11,1.5534352019847273,12.78758311248712,0.004955480083859265,4
PSO,40,12,1.5514440065728674,10.579024215460665,0.008464483653354409,4
PSO,40,13,1.5485854406019413,12.3311168811849,0.004068064546276023,4
PSO,40,14,1.5602832990674038,12.983293566753602,0.00564926477135665,4
PSO,40,15,1.5470693601406642,10.920598575643025,0.00452501333509317,4
PSO,40,16,1.5539040571907636,9.569632360921528,0.004911681164619708,4
PSO,40,17,1.6298129242249675,6.022280921046684,0.004952255858351326,4
PSO,40,18,1.55019937538478,12.057254973842582,0.004940182195703536,4
PSO,40,19,1.5786125116431038,14.396662259894846,0.009471836076535914,4
PSO,40,20,1.5987149362854385,14.67323976678152,0.004145984499907202,4
PSO,40,21,1.5553773940691131,11.376627954189107,0.0058053229671903885,4
PSO,40,22,1.5543774438155589,9.862301025364822,0.008585603221442957,4
PSO,40,23,1.5611124791137152,13.644493703692223,0.0077145593477979495,4
PSO,40,24,1.5519642385831305,11.538329181300249,0.00525712795880802,4
PSO,40,25,1.5515361334682378,10.567115573678514,0.008513235412877473,4
PSO,40,26,1.558767312523197,12.460706376849636,0.009753284796661942,4
PSO,40,27,1.5557563162137853,9.5663063268941,0.00855873881058082,4
PSO,40,28,1.5535396691397128,12.234503593338676,0.008049166516616656,4
PSO,40,29,1.560771451995521,13.509027083146146,0.007964404083566818,4
PSO,40,30,1.5477142877508572,12.225552321557371,0.0042541761150020835,4
PSO,40,31,1.5672734644837707,10.182483568494506,0.004353812212590592,4
PSO,40,32,1.555293892581894,12.608324695021908,0.008089593450534737,4
PSO,40,33,1.5719825518159383,13.919493652293415,0.006312448644651879,4
PSO,40,34,1.5604919446353926,11.353192403557228,0.006646091528697684,4
PSO,40,35,1.5668563029517535,14.393260890313993,0.0074017727273406045,4
PSO,40,36,1.5874263805295243,7.884057837690947,0.006922354275649635,4
PSO,40,37,1.5524616010579162,11.920546758104999,0.008172781665064818,4
PSO,40,38,1.5643468019109623,13.993422304038875,0.005137170661618393,4
PSO,40,39,1.5552187621549824,10.938802236049709,0.006233527115929943,4
PSO,40,40,1.5501498152205149,11.2344816174829,0.008014099002029294,4
PSO,40,41,1.5540317837616866,11.637773973928661,0.008967161166138757,4
PSO,40,42,1.553154200409911,10.380950800651277,0.009028529527695823,4
PSO,40,43,1.5620234575960161,14.03928272641913,0.007052672487121734,4
PSO,40,44,1.5620101153805175,12.822251412063071,0.006039292347733785,4
PSO,40,45,1.5534250024096046,10.86718114634866,0.005360522296063358,4
PSO,40,46,1.5957151273033334,15.50802761803627,0.008828604827053237,4
PSO,40,47,1.5540812532517205,10.505617070484,0.009330973100379352,4
PSO,40,48,1.5543963328748247,11.758868909570682,0.009002043027833691,4
PSO,40,49,1.5520408806326829,9.336431400271108,0.004540643511539426,4
PSO,40,50,1.553859095117876,10.688101407083057,0.009360816521242418,4
PSO,50,0,Final_Cost_ITAE,Best_Kp,Best_Ki,Iterations_Run
PSO,50,1,1.5539069875644338,9.140066975930173,0.004576013338231782,4
PSO,50,2,1.5597148350875563,9.950596715950452,0.005817141638251417,4
PSO,50,3,1.5521942901508705,11.770880293996141,0.00821295695871472,4
PSO,50,4,1.5535744081873033,10.0886195775054,0.008677149730699642,4
PSO,50,5,1.552862571969834,9.986760882077924,0.008309495857190331,4
PSO,50,6,1.5716463424702136,7.898739534339623,0.0034586889384245895,4
PSO,50,7,1.5495810604209872,11.030079482451812,0.004637014459618123,4
PSO,50,8,1.5510984393403298,11.84460821424781,0.0077725784805699,4
PSO,50,9,1.5485277351179652,11.836559508587833,0.004223260981176544,4
PSO,50,10,1.551352375339481,9.75500488417303,0.004726218748575066,4
PSO,50,11,1.560938628146166,13.726979114132407,0.007488194648299482,4
PSO,50,12,1.5616981811882509,8.802800245879414,0.0049672009586937205,4
PSO,50,13,1.5503323976001921,11.97386208577487,0.004240698437749349,4
PSO,50,14,1.5551004467181138,12.528558522856354,0.005258611486035044,4
PSO,50,15,1.5468109629741098,10.954551947875224,0.004509436242080459,4
PSO,50,16,1.5530523653530712,11.22858038380507,0.008907930203064943,4
PSO,50,17,1.5472496827451947,12.194664203100627,0.004354198018123529,4
PSO,50,18,1.5520006360470753,10.675019665175379,0.008564001197770198,4
PSO,50,19,1.5498144006302577,11.573642371928228,0.007709071219015668,4
PSO,50,20,1.5483043624668873,11.795595726447587,0.0044302497522828105,4
PSO,50,21,1.566657936359879,13.698755224754553,0.009557716080330124,4
PSO,50,22,1.549372504589705,11.506322066702861,0.007827566941645705,4
PSO,50,23,1.559024680955158,10.077491422398099,0.004031157327956547,4
PSO,50,24,1.5481542364850858,11.962913675344506,0.004443285694636886,4
PSO,50,25,1.55216635579283,11.583743918773315,0.008464397321057785,4
PSO,50,26,1.5588668371703307,9.020201012016395,0.004902976516534123,4
PSO,50,27,1.5498879541691075,9.837461553856441,0.004642048985129962,4
PSO,50,28,1.5545930367173697,10.400802130727975,0.009602744101951713,4
PSO,50,29,1.554794705186153,12.17423088257841,0.005371378718198969,4
PSO,50,30,1.553838435497068,11.933593278184619,0.008724713390696607,4
PSO,50,31,1.5519466861116153,11.658073961184273,0.00844979910787661,4
PSO,50,32,1.549655245093941,11.33907738470499,0.007771276864860111,4
PSO,50,33,1.548361214399827,12.018061944886718,0.004623729600156398,4
PSO,50,34,1.5489828478826504,11.783496175825173,0.004852872539967694,4
PSO,50,35,1.551960081840836,10.543804173367539,0.004920837762916835,4
PSO,50,36,1.5466824865109305,10.977100635984652,0.0045151674771728495,4
PSO,50,37,1.5520983270426418,12.323652502477426,0.0075104986195191304,4
PSO,50,38,1.5512652645347964,10.882333673502915,0.008423918694446652,4
PSO,50,39,1.5482956040961642,12.5889029956471,0.0044214266393857145,4
PSO,50,40,1.552508552545016,11.71196969914164,0.00843220888232853,4
PSO,50,41,1.55152373145117,10.603532661226147,0.00482682941843814,4
PSO,50,42,1.5614567915581994,10.494160008929093,0.006713437173501986,4
PSO,50,43,1.5557256393668504,11.760554210622713,0.009737098784024182,4
PSO,50,44,1.5578526806399824,12.94458738844899,0.005368166470463897,4
PSO,50,45,1.5505310172246127,11.932240823059358,0.004191230362101437,4
PSO,50,46,1.5535241257494474,11.435359802269609,0.005640962157443206,4
PSO,50,47,1.5457845751928565,10.605098811268563,0.004527628047669016,4
PSO,50,48,1.5657297506392598,14.390600048349354,0.007304854397885169,4
PSO,50,49,1.5450756562839658,10.344220203214853,0.004422932807633517,4
PSO,50,50,1.5472506981850618,10.12194534899929,0.004501609267314823,4
PSO,60,0,Final_Cost_ITAE,Best_Kp,Best_Ki,Iterations_Run
PSO,60,1,1.5519579110922086,11.015342990315498,0.008758087751220963,4
PSO,60,2,1.5499214497545535,11.44868224241719,0.007826187238596983,4
PSO,60,3,1.5504197110418811,12.662178402707216,0.004560666500357932,4
PSO,60,4,1.5471100466228627,11.943565256816488,0.004112701371911726,4
PSO,60,5,1.5540243633058517,9.823439215320509,0.0050354219759464755,4
PSO,60,6,1.5480051872900864,12.147773852541723,0.00459876237560064,4
PSO,60,7,1.55530080392762,12.623615576805523,0.007955754797612208,4
PSO,60,8,1.5675151520874293,8.380155400601252,0.005103004342795874,4
PSO,60,9,1.5476184812564093,10.558393342709502,0.004628770342396646,4
PSO,60,10,1.5524922916763888,11.420391497732615,0.0054097043180936655,4
PSO,60,11,1.5747658874344452,7.862502111296091,0.004935459686176113,4
PSO,60,12,1.5437331490858492,10.588538908315963,0.004354664029994494,4
PSO,60,13,1.5610219233725222,13.980021945641228,0.004650606359194908,4
PSO,60,14,1.5498487381031334,12.734017185812666,0.004472977887691041,4
PSO,60,15,1.5494740887135425,9.90434862246739,0.00459989769270458,4
PSO,60,16,1.5520701052173818,11.100879949023277,0.005112569321329447,4
PSO,60,17,1.552860407514536,11.513489643727597,0.008832217873241188,4
PSO,60,18,1.5491925699624134,11.683470934463513,0.004632701940082851,4
PSO,60,19,1.5538065364720577,9.750491611118234,0.008234391124983084,4
PSO,60,20,1.5470612992785524,10.993904073227688,0.004526272067553934,4
PSO,60,21,1.5522187719753027,10.683080488079069,0.008651326229895477,4
PSO,60,22,1.5533994658395907,12.428349320684768,0.007789173077176274,4
PSO,60,23,1.5456112854102488,11.01959197273502,0.004451315083782488,4
PSO,60,24,1.5492212941651626,12.240007034482106,0.004696063014283357,4
PSO,60,25,1.5528198099769652,9.314560140856974,0.004535984410428982,4
PSO,60,26,1.5542571388044237,10.409128268918488,0.009502322092750138,4
PSO,60,27,1.5526342395052795,11.245425202216978,0.005345476697364767,4
PSO,60,28,1.5459060799256719,12.060352893543431,0.004016268880863883,4
PSO,60,29,1.553936355608648,10.503106731281123,0.009327475245647157,4
PSO,60,30,1.5567155021494785,9.346116445091809,0.005043596068384491,4
PSO,60,31,1.5554446221296616,9.264182447841401,0.004851224831625395,4
PSO,60,32,1.5513289595588697,10.755036402093694,0.008458626261093626,4
PSO,60,33,1.5507294866999581,12.292183611125752,0.003966639767999885,4
PSO,60,34,1.549679467062044,11.711525887700411,0.004898722402593531,4
PSO,60,35,1.555559258554176,13.181294616569245,0.004902302628805676,4
PSO,60,36,1.5556759918261378,9.994578494801667,0.009564198451837235,4
PSO,60,37,1.5538151767169053,10.845823805120611,0.005573700006367705,4
PSO,60,38,1.548826866310076,10.326477820417585,0.004724853042983418,4
PSO,60,39,1.5542431981340123,10.481269309533326,0.009449570738132807,4
PSO,60,40,1.5668458150513163,10.309519676875961,0.003387700019383253,4
PSO,60,41,1.555106593948727,11.724661535046359,0.009543916175325202,4
PSO,60,42,1.5563017736227465,12.9583476442145,0.007754490124926054,4
PSO,60,43,1.5459615372975815,11.256586863721507,0.004360485674145131,4
PSO,60,44,1.5520996581049473,11.744686444009226,0.0043708822716127076,4
PSO,60,45,1.5502509466226713,11.723876783874767,0.007770540868264448,4
PSO,60,46,1.544496620157408,10.66734041545943,0.004360254060714956,4
PSO,60,47,1.5512408721965891,11.178776941119823,0.004967376820100822,4
PSO,60,48,1.5534813542891746,11.786115746307187,0.00881124308666125,4
PSO,60,49,1.5544585401782656,11.205555123295964,0.009723870861009967,4
PSO,60,50,1.5586531206821035,9.63921112000403,0.009991287802016436,4
PSO,70,0,Final_Cost_ITAE,Best_Kp,Best_Ki,Iterations_Run
PSO,70,1,1.5481887917554487,12.323450839293809,0.004585683272158751,4
PSO,70,2,1.5448074704899026,10.323215062171332,0.004413916100124259,4
PSO,70,3,1.5566406834159983,10.43194650179905,0.005831034943270695,4
PSO,70,4,1.5562173116082259,12.420036638057061,0.00869506437215387,4
PSO,70,5,1.5515622631681172,11.003438352289782,0.008455908215449944,4
PSO,70,6,1.553125928640467,10.04262149295048,0.00855864748797432,4
PSO,70,7,1.5529918987754023,12.14936088349079,0.005285759786805424,4
PSO,70,8,1.5510184884408122,11.465975299030752,0.008051541411356167,4
PSO,70,9,1.549486801528638,12.205035487636787,0.004623599533104315,4
PSO,70,10,1.5537651529941192,12.021617654240144,0.008377126369840924,4
PSO,70,11,1.5482717747631454,12.338770891331087,0.004512536087326987,4
PSO,70,12,1.5481257892829066,12.119991110077587,0.004442900593308855,4
PSO,70,13,1.5553984239868808,12.407344906554009,0.008548165683048645,4
PSO,70,14,1.5473600601027047,10.385322489576149,0.004556654286213683,4
PSO,70,15,1.5511312533910466,11.708543275288813,0.008141357136184258,4
PSO,70,16,1.5500071902317685,12.616631927444338,0.004574915347572467,4
PSO,70,17,1.5508688788874618,11.401742779998507,0.007983053292628627,4
PSO,70,18,1.5499791289781553,10.198669994216056,0.004786686728937162,4
PSO,70,19,1.5525519714444593,10.121073640847037,0.008701011344358824,4
PSO,70,20,1.5526143559349184,12.769055964390978,0.004821850401127455,4
PSO,70,21,1.551119622473048,12.1858890647462,0.00751482583019947,4
PSO,70,22,1.5472080541960627,10.606521404986738,0.004612137824495954,4
PSO,70,23,1.5502729887704425,9.954327615935348,0.0047102806870278,4
PSO,70,24,1.550885365210004,10.966192642003005,0.008238823045346745,4
PSO,70,25,1.5496251108270096,9.620201154300117,0.004541795186758981,4
PSO,70,26,1.5598202868279147,12.68242660459203,0.00967628625173867,4
PSO,70,27,1.5477375512499747,12.074673789420844,0.004415963351953638,4
PSO,70,28,1.5530687913983683,11.227458967086958,0.009027692137874375,4
PSO,70,29,1.5551338605278078,11.510523312445367,0.009672726094383249,4
PSO,70,30,1.5512684743029408,12.281733116512953,0.007505146770866231,4
PSO,70,31,1.5593495808651534,13.731801865331356,0.004699843293216153,4
PSO,70,32,1.550821882684159,11.399461827990676,0.005067082311984667,4
PSO,70,33,1.5531925938360942,10.992458552697185,0.008996087403487812,4
PSO,70,34,1.5559869404331113,9.0940800474351,0.004741107423751623,4
PSO,70,35,1.5503330005882157,11.528237919260484,0.004997662603606601,4
PSO,70,36,1.5512893846982367,12.944761605981315,0.004479182373067961,4
PSO,70,37,1.551797138434921,10.54802943744182,0.008477974075469914,4
PSO,70,38,1.5559392414816626,9.500292198255192,0.008454457919807498,4
PSO,70,39,1.5607604018171322,8.649731331569873,0.004689172213710002,4
PSO,70,40,1.5460036899584197,11.904443127957615,0.0040974095450291015,4
PSO,70,41,1.5468591213591567,10.741440418404034,0.0045136923966466866,4
PSO,70,42,1.5512663640106912,12.908506624032974,0.004453957742684702,4
PSO,70,43,1.54805934712364,12.377045186560789,0.004503099865956876,4
PSO,70,44,1.5499069361168494,11.836196883052542,0.004877511389932006,4
PSO,70,45,1.551312449265934,10.03587458041018,0.004852645051662598,4
PSO,70,46,1.5446597449254658,10.658788427049705,0.004362328906813815,4
PSO,70,47,1.5525206202960602,11.583667538998936,0.008576794504083628,4
PSO,70,48,1.5534891889158953,12.184358952492177,0.008182936652730814,4
PSO,70,49,1.5497654211769714,11.411298343593778,0.007733809543430062,4
PSO,70,50,1.557230746275449,12.561022559594644,0.008764334122361448,4
PSO,80,0,Final_Cost_ITAE,Best_Kp,Best_Ki,Iterations_Run
PSO,80,1,1.5529879268798092,10.508591057755485,0.008756250251940021,4
PSO,80,2,1.5465351841122275,11.078903227996362,0.004532034787999025,4
PSO,80,3,1.5518563541226282,12.537554923163063,0.004931345755569049,4
PSO,80,4,1.5525234242800738,11.428162596497737,0.008488072537909215,4
PSO,80,5,1.5533839784461572,11.500444214761401,0.008814275851782943,4
PSO,80,6,1.549346251375422,11.936179012900084,0.004797079254856333,4
PSO,80,7,1.5479319180973499,12.080933739020914,0.004259313436420841,4
PSO,80,8,1.5516235633276114,12.63659580398665,0.00476096205904442,4
PSO,80,9,1.5482697543385766,11.779913768190529,0.004246409799294814,4
PSO,80,10,1.5490246690760672,11.449854706326475,0.004446188087697461,4
PSO,80,11,1.5476071744050144,11.130190385687584,0.004538837923685918,4
PSO,80,12,1.547860488386739,9.9540294165188,0.004539930165107405,4
PSO,80,13,1.547933802064144,12.002668654690313,0.004470541564795245,4
PSO,80,14,1.5529872230889237,11.023863007283717,0.0089041985111058,4
PSO,80,15,1.5481396919489658,12.018099904391274,0.004340465328571435,4
PSO,80,16,1.5523271880701879,12.645461256129007,0.0048240528517508865,4
PSO,80,17,1.5517611890442453,11.229043798172968,0.004891261813886903,4
PSO,80,18,1.5486583607113968,11.890712682640288,0.004647516017379406,4
PSO,80,19,1.5488802199179361,10.746687232389615,0.004692710387818942,4
PSO,80,20,1.553734198161226,11.145569161791549,0.003790553943474039,4
PSO,80,21,1.5528145279855798,11.18451316722637,0.009047605891899041,4
PSO,80,22,1.5471493781356813,10.989226065197574,0.004500173356729069,4
PSO,80,23,1.5471647175512981,12.347956890778466,0.0041507290971352084,4
PSO,80,24,1.5544614355332123,9.666392858386962,0.008368432547010723,4
PSO,80,25,1.5484113725372823,11.953572260352994,0.004377819337163493,4
PSO,80,26,1.5552096556244386,11.300171994355422,0.009997839698482442,4
PSO,80,27,1.5451703550479812,10.420781127362314,0.00443108671539844,4
PSO,80,28,1.5516753792713713,11.779099119192047,0.008109955284335233,4
PSO,80,29,1.545602804042493,10.829505084670233,0.004474963859008131,4
PSO,80,30,1.553723118194229,11.839050135860852,0.008648443993240293,4
PSO,80,31,1.550488572618713,10.9837885984118,0.008102344210108879,4
PSO,80,32,1.5473825269990413,9.817989033141084,0.00445613506657338,4
PSO,80,33,1.5444876618045282,11.209880880143245,0.004320724729870308,4
PSO,80,34,1.5579820913170692,12.486399372648323,0.009149162765208793,4
PSO,80,35,1.548050239191692,11.846368872352409,0.004721286220973634,4
PSO,80,36,1.5506963243827427,12.144603736191485,0.004110777021029283,4
PSO,80,37,1.5491940542829667,12.249195297933317,0.0046596502473486585,4
PSO,80,38,1.5554341841971728,13.074651635559908,0.007287402566363935,4
PSO,80,39,1.5481909106918588,10.14766871960598,0.004594229893631766,4
PSO,80,40,1.5514546577920776,11.387520970333105,0.008250480736824814,4
PSO,80,41,1.550199802619851,10.670466806755893,0.008052262096419207,4
PSO,80,42,1.5521412854570664,9.575504040567868,0.004747860462182846,4
PSO,80,43,1.5528572064572528,11.717389558056349,0.008466952023496756,4
PSO,80,44,1.5531564560276,10.639956922059724,0.009130328174491085,4
PSO,80,45,1.5482005269438461,12.25321626922638,0.004125844467929183,4
PSO,80,46,1.5440753640287688,11.169061386314487,0.004294563301867202,4
PSO,80,47,1.551825067759141,11.374953230212782,0.008617466818946203,4
PSO,80,48,1.550615503010992,12.192464777300916,0.004834758045203457,4
PSO,80,49,1.5535687649910979,11.007329112702529,0.005504168650693749,4
PSO,80,50,1.5524973141713425,12.308354919803824,0.005031504618110944,4
PSO,90,0,Final_Cost_ITAE,Best_Kp,Best_Ki,Iterations_Run
PSO,90,1,1.5522302394582415,12.212806708296597,0.007670691308343412,4
PSO,90,2,1.5513805271535848,11.070315759333358,0.008547674120461583,4
PSO,90,3,1.5471995488132464,10.88988475996542,0.004549873027047119,4
PSO,90,4,1.5523326642388668,10.076761580980872,0.00492926582724965,4
PSO,90,5,1.5471361369380883,11.14579888841425,0.004494639774000512,4
PSO,90,6,1.550276870667689,11.229206813424732,0.007977543396176394,4
PSO,90,7,1.546657263086165,12.264393580823883,0.004388104374821511,4
PSO,90,8,1.5520581226972836,12.091874371280683,0.005080707578683282,4
PSO,90,9,1.5481216715408288,12.235963489674356,0.004351379000520657,4
PSO,90,10,1.5469484364779194,12.024642901472644,0.004064539358321744,4
PSO,90,11,1.551149736995953,11.831365062319499,0.007866055775826228,4
PSO,90,12,1.5498342130598353,11.298870390417365,0.004543593449307648,4
PSO,90,13,1.5479929876923,12.18195593702748,0.004301973359851867,4
PSO,90,14,1.5520331488385013,11.260593294430553,0.0047459146191433385,4
PSO,90,15,1.5477854182829822,10.033226393338891,0.004524640118440847,4
PSO,90,16,1.5496246322139,9.611001559573138,0.004524321212443507,4
PSO,90,17,1.5504068309751908,11.1952898632583,0.007868355387009912,4
PSO,90,18,1.5506896744727163,10.594042755178188,0.00801728754124267,4
PSO,90,19,1.5479530675930413,12.297989940890094,0.004528968506797966,4
PSO,90,20,1.5507242787447637,11.565615343442845,0.008001648416927944,4
PSO,90,21,1.5501157147137476,11.451600137986347,0.007781663785408599,4
PSO,90,22,1.5498344528605197,11.255365313700867,0.00785445468808744,4
PSO,90,23,1.5482472095167572,12.14977333052929,0.004166755498209358,4
PSO,90,24,1.5449779055103514,11.617928925998932,0.0042099925764212546,4
PSO,90,25,1.5490558703919004,12.116732819977337,0.004782200265125407,4
PSO,90,26,1.5526615000464556,10.06091466876845,0.004965731794346747,4
PSO,90,27,1.5521002227072538,10.685657724480034,0.008743475264911451,4
PSO,90,28,1.5501279223794184,10.284371342231688,0.004803557225517004,4
PSO,90,29,1.5481425879100246,9.808943195391965,0.004504383380884824,4
PSO,90,30,1.5655187830706572,14.096046089721215,0.007862821661479417,4
PSO,90,31,1.5506656123269544,11.924252392094166,0.005124851941536883,4
PSO,90,32,1.5459667265391959,10.391132476469151,0.004502452480309635,4
PSO,90,33,1.549945715274782,12.656823277273345,0.004602329149243148,4
PSO,90,34,1.5474590282874645,10.643953160571776,0.004624817838490377,4
PSO,90,35,1.553514672916553,10.173607653550375,0.00886690731716321,4
PSO,90,36,1.5451954532179408,11.250155443312579,0.004348728992723272,4
PSO,90,37,1.5526909819047816,11.32949838486671,0.0053534911022412,4
PSO,90,38,1.5550571512116969,10.76401097999934,0.009986974065293508,4
PSO,90,39,1.5485814069425858,12.262984104798788,0.004583999480322913,4
PSO,90,40,1.5502572462704383,11.469998559928078,0.004731179733148411,4
PSO,90,41,1.5501026841347854,11.563745306710446,0.0077696593087305706,4
PSO,90,42,1.5523359336011937,10.160934101004598,0.004962202783159498,4
PSO,90,43,1.5470735951969772,12.239211882324701,0.004212215716271842,4
PSO,90,44,1.5458444714888329,10.433255648011444,0.004481824062766553,4
PSO,90,45,1.5478998349072608,11.869322153553693,0.004426100676758408,4
PSO,90,46,1.5501530303350568,10.061828900643132,0.004830640495803358,4
PSO,90,47,1.5595347960338504,13.272354783146136,0.007968956730849155,4
PSO,90,48,1.553514180709622,10.3831466891302,0.00893388358007554,4
PSO,90,49,1.5465867557084987,10.078038081499729,0.004471153277176812,4
PSO,90,50,1.5487644357694317,11.964197980360732,0.004156885053607073,4
PSO,100,0,Final_Cost_ITAE,Best_Kp,Best_Ki,Iterations_Run
PSO,100,1,1.5547662596862053,10.652716473853905,0.005514645603733179,4
PSO,100,2,1.5497824822835529,12.04622243429829,0.004799617128827182,4
PSO,100,3,1.5517113990581326,10.94998205887753,0.008562714818665896,4
PSO,100,4,1.5497592085831597,11.61059698886862,0.00490228076487639,4
PSO,100,5,1.5519726488576622,10.20202099067704,0.008276861642473933,4
PSO,100,6,1.5548664193102097,12.040227478994575,0.00894638225062654,4
PSO,100,7,1.5537693947761075,10.757056751206678,0.005302128260636785,4
PSO,100,8,1.5506686322188796,11.116362773779077,0.008121310156158993,4
PSO,100,9,1.5505614742311622,10.461583686933826,0.004834337644214754,4
PSO,100,10,1.5477668049684774,12.257974828786583,0.004369212814748603,4
PSO,100,11,1.5537353288611695,12.022821920044867,0.005335737849336693,4
PSO,100,12,1.5505320100717457,11.280512140783294,0.008034737864246922,4
PSO,100,13,1.5515813976432786,12.564406629354306,0.004832360430774206,4
PSO,100,14,1.5540382613726962,9.804216795212575,0.00838260274718711,4
PSO,100,15,1.5525406577188836,10.091106236957497,0.008193631542095719,4
PSO,100,16,1.5525891777991796,10.948169990892977,0.008844757223669173,4
PSO,100,17,1.5439929515279525,11.281758694909078,0.004279650207395751,4
PSO,100,18,1.545974990845442,10.186815641684873,0.004439183496365137,4
PSO,100,19,1.5514057066639326,10.023543120743668,0.004886002270469747,4
PSO,100,20,1.551241073869254,11.56546818335562,0.008179324698650951,4
PSO,100,21,1.544130427783275,10.793797982492785,0.0043485285831019235,4
PSO,100,22,1.5519240543002766,11.078664219837558,0.00855231327745416,4
PSO,100,23,1.5499226389151322,10.897642611384764,0.007973248148831857,4
PSO,100,24,1.5552504297794782,10.774100295032985,0.005797422565525116,4
PSO,100,25,1.5501855403846152,11.573333751982178,0.007698608716852878,4
PSO,100,26,1.5474775516857462,11.408394617522234,0.0044099982035209805,4
PSO,100,27,1.5485368324829434,12.007357145939078,0.004298454730353885,4
PSO,100,28,1.5519456101077627,11.910501967301219,0.005241825132040147,4
PSO,100,29,1.550653599816811,12.485732125907367,0.004906588863280986,4
PSO,100,30,1.5503502504115576,11.102256337547768,0.004645136740296475,4
PSO,100,31,1.5511318118310844,11.486491911011337,0.008123568011164857,4
PSO,100,32,1.5473331787813884,12.016846161622492,0.004523710546970809,4
PSO,100,33,1.5499812873350374,11.328177237914382,0.007865820265118149,4
PSO,100,34,1.549985585227788,11.38763004354703,0.004756554604681188,4
PSO,100,35,1.5511518812408527,10.149991204433915,0.00486420536572579,4
PSO,100,36,1.544745561606949,11.276666031424305,0.004310328067845754,4
PSO,100,37,1.5472299404032386,11.424618118688532,0.004385068467573807,4
PSO,100,38,1.5595348116083856,9.131294727780272,0.008735883384959177,4
PSO,100,39,1.5515764035423503,11.158880099250664,0.008491474681623614,4
PSO,100,40,1.5464135519220243,11.951542539374651,0.004091177710128243,4
PSO,100,41,1.5553470829595666,9.97751321606643,0.009272666378688945,4
PSO,100,42,1.5518574967857057,11.927161204844738,0.005217749530026197,4
PSO,100,43,1.553459494039575,10.85648904190871,0.005330983290915867,4
PSO,100,44,1.5517987208296413,11.10515052510201,0.008578047587704725,4
PSO,100,45,1.547652955219033,12.129023417793462,0.004494584858731361,4
PSO,100,46,1.5502102990490607,11.437968100439651,0.00484958788670085,4
PSO,100,47,1.5485514918404735,11.802613981990675,0.004830281303066707,4
PSO,100,48,1.5547148447402315,9.939493740982872,0.00911363829412342,4
PSO,100,49,1.5535164822960439,11.49715536345747,0.003684981245715277,4
PSO,100,50,1.558516970690595,9.086394337353777,0.008341017037242245,4
