Algorithm,Population Size,Trial_Number,Final_Cost,Kp,Ki,Iterations
DE,10,0,Final_Cost_ITAE,Best_Kp,Best_Ki,Iterations_Run
DE,10,1,1.2770178866735173,10.62788608255454,0.009157997919417463,4
DE,10,2,1.2813334056428427,10.001163198149122,0.006580124337652256,4
DE,10,3,1.2724228763411851,10.853352947319912,0.007716963502687834,4
DE,10,4,1.269759511678365,10.09521152239553,0.005213941839383398,4
DE,10,5,1.2742250367620218,9.805937149265631,0.008442267487818629,4
DE,10,6,1.2733226923372367,10.216607527254467,0.007044663124163951,4
DE,10,7,1.274272362137655,10.52001304635499,0.008297495132501576,4
DE,10,8,1.2786964984618652,9.518862010598447,0.004071424571591113,4
DE,10,9,1.28575000198901,9.134620388801437,0.006876388000028326,4
DE,10,10,1.2729745178120837,10.949089649883334,0.007613650964968615,4
DE,10,11,1.2728537203893724,10.182204945690373,0.004173973798790248,4
DE,10,12,1.2779135323175315,10.720927498693008,0.008936827459854184,4
DE,10,13,1.2745302227716273,10.73729003417808,0.008199425630870512,4
DE,10,14,1.2726643762891308,10.56245988740659,0.007911829442594186,4
DE,10,15,1.2768564515904635,9.818926209638988,0.00905926536533351,4
DE,10,16,1.2765144431622253,10.073210947398223,0.009273014854545337,4
DE,10,17,1.2719697434527333,10.375565643894227,0.008209485312691622,4
DE,10,18,1.2828297807281153,8.989186369779318,0.004406667109685289,4
DE,10,19,1.2709457345449797,11.099675512031766,0.00706447550659038,4
DE,10,20,1.278225127181691,9.685039106713347,0.009712140485072133,4
DE,10,21,1.279290518991702,10.089141584472905,0.00992683806458149,4
DE,10,22,1.2692893287349194,10.953927660572162,0.004709004022295496,4
DE,10,23,1.2742814099406772,10.575934124055891,0.008296165374695108,4
DE,10,24,1.270385773628256,9.732097195455871,0.005145393729717102,4
DE,10,25,1.2726452089896028,11.147997116676436,0.004932193939318133,4
DE,10,26,1.27653036398186,9.965586165704089,0.009219706799139351,4
DE,10,27,1.271236034621933,9.71327079983984,0.005141638879101338,4
DE,10,28,1.2766768871548415,10.529381531976064,0.00888671868575778,4
DE,10,29,1.2760353403163103,9.991318500976803,0.008883338925780818,4
DE,10,30,1.2700585034570235,10.271722839707472,0.005716339792093586,4
DE,10,31,1.2761005361091708,10.598424658122703,0.00862785542029682,4
DE,10,32,1.2679788870405528,10.568916115567902,0.0048738633128398625,4
DE,10,33,1.2760045884439253,10.373391362975461,0.009155842099338648,4
DE,10,34,1.2736182927566044,11.099543702673735,0.0050780069323756545,4
DE,10,35,1.2808679276908255,10.28542427036286,0.007524973828707433,4
DE,10,36,1.2757956903015848,10.79331875848429,0.005607412436640588,4
DE,10,37,1.2716027291398067,11.155927739774086,0.0072567335834297884,4
DE,10,38,1.27596532113311,10.407014682493646,0.009333847702900328,4
DE,10,39,1.2818716472036313,10.512842574990401,0.006445096192139816,4
DE,10,40,1.2749766095421111,9.491049657417058,0.00551373006962269,4
DE,10,41,1.2749390796177034,11.35032545909074,0.0050201760313598924,4
DE,10,42,1.2752588222527466,9.906525013480596,0.005751143331769879,4
DE,10,43,1.27799464156111,10.711827729540488,0.009077868463132646,4
DE,10,44,1.2682857237745735,9.908052532992954,0.004963105611338848,4
DE,10,45,1.2683910759180488,10.46029895237833,0.004904036710762597,4
DE,10,46,1.2741727539619088,11.09367839518476,0.005159693502711471,4
DE,10,47,1.2721894741649227,10.959371048202442,0.007363683734003529,4
DE,10,48,1.2672613153178622,10.56644204621982,0.00475483366241374,4
DE,10,49,1.2765064363880798,9.94650185146076,0.009084892153730477,4
DE,10,50,1.2708803742063888,10.98944725087486,0.007186837787065847,4
DE,20,0,Final_Cost_ITAE,Best_Kp,Best_Ki,Iterations_Run
DE,20,1,1.2710754528656865,11.169488099272868,0.004737518056734952,4
DE,20,2,1.27638370175395,11.661599727147895,0.005466755788880114,4
DE,20,3,1.2685196702650616,9.406663573520618,0.0048376080924937385,4
DE,20,4,1.2669341444740627,9.399565505039313,0.004720189204703795,4
DE,20,5,1.2754051883515076,9.659374916552139,0.005648715567170863,4
DE,20,6,1.273291637941753,10.575744829942877,0.008000647165428865,4
DE,20,7,1.2670767416067168,9.92118773310208,0.004545411184059606,4
DE,20,8,1.2752367201179162,10.58342568883318,0.008334473848931614,4
DE,20,9,1.2711370932741113,11.248172998345154,0.00695789393059454,4
DE,20,10,1.273351985835777,11.201410586632974,0.00504093054772515,4
DE,20,11,1.2709551254173463,10.706263102752189,0.007515226850732059,4
DE,20,12,1.2743337287782321,10.504202723690788,0.008297915795339079,4
DE,20,13,1.2678877782276559,9.388342484760045,0.0047450104479513314,4
DE,20,14,1.2703742174056714,9.364415854119954,0.0048747795162461345,4
DE,20,15,1.267484142999903,9.911842781521294,0.004796365814859359,4
DE,20,16,1.2729540159448876,10.521283913564119,0.007934024736392105,4
DE,20,17,1.26883174144366,10.780683850555718,0.0048076998905845336,4
DE,20,18,1.267845858393046,10.416587326049651,0.004866827724865609,4
DE,20,19,1.2713529507660144,10.845583237350311,0.007458284389604089,4
DE,20,20,1.2711941205937098,10.57105246632252,0.00513086281230114,4
DE,20,21,1.2728442969372489,11.192741913904179,0.004908516213196775,4
DE,20,22,1.272555981461762,10.740153021922659,0.005269582696629297,4
DE,20,23,1.2692112068157735,10.457830992067855,0.004999224407100141,4
DE,20,24,1.2723996058549083,11.262134556989878,0.007088713436804998,4
DE,20,25,1.2720501624196183,11.201212855014596,0.004778477966102488,4
DE,20,26,1.2687746001835492,10.548991720796039,0.004897546207874922,4
DE,20,27,1.2688768422948427,9.152030287393721,0.004899217556423868,4
DE,20,28,1.269414728938892,9.740951265694584,0.004549176071107548,4
DE,20,29,1.2672140056153955,10.1009196633551,0.0050004569087930785,4
DE,20,30,1.2718128916092208,9.702632304501037,0.00537068819262645,4
DE,20,31,1.2739671194720392,10.192023022299963,0.0074678841687453295,4
DE,20,32,1.2763206744482316,8.569840635498664,0.005351067522838945,4
DE,20,33,1.273084638199366,10.018440337051324,0.005590283640251817,4
DE,20,34,1.2704285173301746,9.30963280193695,0.004963151924603659,4
DE,20,35,1.2692987449008397,10.645758964773677,0.004872541244933319,4
DE,20,36,1.2713324249910096,10.50271109962852,0.007841196396392193,4
DE,20,37,1.2742360708312004,9.991983920859333,0.008330493623507023,4
DE,20,38,1.2719325496906047,9.094407967635838,0.00505654424671964,4
DE,20,39,1.280408852508103,12.289726443391842,0.008377012227053632,4
DE,20,40,1.2705042894805674,10.309990446172968,0.005470835689420815,4
DE,20,41,1.2654708419333485,10.289428934113694,0.005113886093798051,4
DE,20,42,1.2736924643209075,10.359138009500583,0.00862347926495065,4
DE,20,43,1.2740275424724254,9.8135025390906,0.008334447240191962,4
DE,20,44,1.2721653690062613,10.93964411026137,0.00741415523535514,4
DE,20,45,1.269930329989724,10.675395097491624,0.007414754178198665,4
DE,20,46,1.2687227646800372,10.07354892935917,0.004191433137865856,4
DE,20,47,1.2717095629755704,11.010350980853119,0.007143040981190223,4
DE,20,48,1.273238627726246,10.398479181741607,0.006184754101249839,4
DE,20,49,1.2714696120510829,11.157469313351292,0.004778857514758651,4
DE,20,50,1.2802445766852601,10.716120793472506,0.00986038312509993,4
DE,30,0,Final_Cost_ITAE,Best_Kp,Best_Ki,Iterations_Run
DE,30,1,1.2722365792574668,8.965030820153977,0.005062493966786867,4
DE,30,2,1.2713483257456863,10.810137060551888,0.007318885417014191,4
DE,30,3,1.267537856216107,9.88159719449721,0.004584309299055749,4
DE,30,4,1.2674740621411176,10.096068106719308,0.004933094583835145,4
DE,30,5,1.2694815190676416,10.79691281169778,0.004826053701532801,4
DE,30,6,1.2732743124822585,10.753243500463228,0.007774330613659627,4
DE,30,7,1.267054917372639,9.857817834398304,0.004366953200859895,4
DE,30,8,1.2688323875189953,10.715411518909761,0.004896117703081607,4
DE,30,9,1.2735532295157714,11.17785280081673,0.007467021425677862,4
DE,30,10,1.2743445694618467,11.185555568155436,0.0075499775286851575,4
DE,30,11,1.2660772471791448,9.983944283387167,0.004617835596158265,4
DE,30,12,1.2707305540342084,10.867200855671143,0.004917885910499204,4
DE,30,13,1.2705894937895637,9.32094227499342,0.0049291345129883635,4
DE,30,14,1.2695218407316642,10.15043272696088,0.006166450798849981,4
DE,30,15,1.2691431658552712,10.869171785502346,0.0047373931587269495,4
DE,30,16,1.2708892362608102,10.822269099180147,0.005006951631178464,4
DE,30,17,1.269722121109128,10.319858076352752,0.005454469344450498,4
DE,30,18,1.2687868226571561,10.748732868454468,0.004814118455827157,4
DE,30,19,1.268289599390184,9.825739069861164,0.004930027935468628,4
DE,30,20,1.2673707882930654,10.061488565376827,0.0049024588590792905,4
DE,30,21,1.267811572451374,10.317277298634835,0.00484997900898747,4
DE,30,22,1.2695408836948427,10.745692102400305,0.004906939547512706,4
DE,30,23,1.2692093292274516,9.878932544485167,0.005064260212233935,4
DE,30,24,1.2682422493340704,10.335893033631578,0.005182237589324883,4
DE,30,25,1.2735597569621777,11.388692489552305,0.004778430489390025,4
DE,30,26,1.2683047542436454,10.42427376385772,0.004909456748549877,4
DE,30,27,1.2701514840759744,10.71015053323238,0.004964285648586783,4
DE,30,28,1.2693509055674785,10.073878607158726,0.005046969369398849,4
DE,30,29,1.2699545229756046,9.46576698580111,0.004812968416606201,4
DE,30,30,1.2695440107076919,10.158227046883283,0.005315008812707515,4
DE,30,31,1.2666315748206842,9.94878152733947,0.004680938479683289,4
DE,30,32,1.2678047118901972,10.461045925573913,0.004835707774581378,4
DE,30,33,1.266558614723655,9.49407927108767,0.004692531666699011,4
DE,30,34,1.2666132763584799,9.495627427290813,0.004665280388054042,4
DE,30,35,1.2707956925684987,10.629224972171343,0.005045351605066774,4
DE,30,36,1.2678318362620495,10.563042830608737,0.004827787430350233,4
DE,30,37,1.2743758845759423,10.971995673973566,0.007861141324526241,4
DE,30,38,1.2735568526470473,10.808854523067808,0.00784506851436319,4
DE,30,39,1.2712791767385216,10.75189322441981,0.007416841495755118,4
DE,30,40,1.2741494114451997,10.878000751726866,0.009451027096959965,4
DE,30,41,1.2696358117074964,10.023453127839467,0.005265871968006488,4
DE,30,42,1.2710389313913426,9.860499842953118,0.004429763619637365,4
DE,30,43,1.271350198191822,10.75724060945219,0.0074066554899394465,4
DE,30,44,1.2716350932956815,11.200049011354096,0.007029166525045399,4
DE,30,45,1.2702879667262268,9.834626744412695,0.005149541576217243,4
DE,30,46,1.2705514830260332,10.575469106400035,0.005065810199501795,4
DE,30,47,1.267356144569306,10.026904759690929,0.004868110445339228,4
DE,30,48,1.2741483282678412,8.814880720760605,0.005210406279971068,4
DE,30,49,1.272570337830247,10.545659422845318,0.005328347063479312,4
DE,30,50,1.2689550666681697,9.938396417060773,0.00515722956245797,4
DE,40,0,Final_Cost_ITAE,Best_Kp,Best_Ki,Iterations_Run
DE,40,1,1.2660800769267737,9.991992201704818,0.004724360020123343,4
DE,40,2,1.268202783568881,9.598810043267498,0.005264362960913039,4
DE,40,3,1.2675840086807886,10.299297703090872,0.005127693138310376,4
DE,40,4,1.2666315346034565,10.44189273355174,0.004750323612546323,4
DE,40,5,1.2738852795152698,10.145018992675503,0.008146705328506282,4
DE,40,6,1.2672966359913749,10.445064839099182,0.004805154125000016,4
DE,40,7,1.2711008247893099,10.979106305914044,0.007252378503240923,4
DE,40,8,1.2677490478897455,10.693940784741805,0.004725500272592842,4
DE,40,9,1.2665722147160972,10.47419828306969,0.0047272079505245755,4
DE,40,10,1.2679441276507535,9.872266240039991,0.004861468533615507,4
DE,40,11,1.2712367019713764,11.196842213508745,0.006983751486246484,4
DE,40,12,1.266046383256276,9.964215668787666,0.004565077150554945,4
DE,40,13,1.2693241834196631,9.736794120558642,0.0051427221580864595,4
DE,40,14,1.2741558834691775,10.404549747072373,0.009027468550712552,4
DE,40,15,1.2677636808445485,9.849245231778674,0.004739639147891037,4
DE,40,16,1.271060386552665,10.89489553519789,0.007392968667433486,4
DE,40,17,1.2670812793517106,9.940340026095804,0.004786192678123803,4
DE,40,18,1.273940827693447,10.072897864993038,0.008498645465106442,4
DE,40,19,1.2691656831350415,10.318733366575607,0.005337402675742305,4
DE,40,20,1.2701275752696437,10.68711740038514,0.005001322478218345,4
DE,40,21,1.2689848430717579,10.747083096137743,0.004804214844729936,4
DE,40,22,1.2679426163713352,9.812259216282001,0.004837014751480619,4
DE,40,23,1.2682846362903821,9.421537248692921,0.004836345736716191,4
DE,40,24,1.2706803166853713,10.994717653220519,0.004864862197793989,4
DE,40,25,1.2657443911130135,10.350003838505685,0.004752310839741551,4
DE,40,26,1.2667353944938062,9.93676104221889,0.004659454689047795,4
DE,40,27,1.2716057775955434,10.330360382241587,0.005744905104722411,4
DE,40,28,1.26591358460533,10.031624274265027,0.004720818729015226,4
DE,40,29,1.2682160668906415,9.898438688827277,0.005042372786928757,4
DE,40,30,1.2726129880911383,10.170506199845434,0.004457858093191591,4
DE,40,31,1.2682615891351754,9.974177792139315,0.005117876674816665,4
DE,40,32,1.2731680581135598,10.37876037886052,0.00815964716351645,4
DE,40,33,1.2672908950894402,9.93474569108416,0.004974223880406952,4
DE,40,34,1.2674841486712,10.544961981548816,0.0048487522766035174,4
DE,40,35,1.2698455076734037,10.845037151794095,0.0048939794848938244,4
DE,40,36,1.2691108611614579,10.771894052134485,0.004857853474964497,4
DE,40,37,1.2656222279155087,10.268976919854438,0.005428174172633827,4
DE,40,38,1.2734014325426333,11.154326726813117,0.007490002874708215,4
DE,40,39,1.2681293579986277,10.581890783905259,0.0048165873435325485,4
DE,40,40,1.2653236576627418,10.296694637636278,0.005071730487919562,4
DE,40,41,1.2683359941376524,9.841537928128595,0.004996195499602048,4
DE,40,42,1.2719664180096621,9.76481644182919,0.005365848750904042,4
DE,40,43,1.2665922686448836,10.350600422915804,0.004850338055726484,4
DE,40,44,1.2665382367393547,9.942737939765586,0.004641698500494467,4
DE,40,45,1.2654205481883656,10.118903104628814,0.004786673597431388,4
DE,40,46,1.2686857603260062,10.153974137504633,0.005514125987641109,4
DE,40,47,1.2688244454686926,10.854813029053247,0.004754956579572894,4
DE,40,48,1.2657065764831277,10.133643381356826,0.00475845321461376,4
DE,40,49,1.2676464484527759,9.724825267706315,0.004513293918217473,4
DE,40,50,1.2668397382665997,9.703576446939493,0.0045126638232987305,4
DE,50,0,Final_Cost_ITAE,Best_Kp,Best_Ki,Iterations_Run
DE,50,1,1.2733759269085567,11.259323708888566,0.0049130017841962585,4
DE,50,2,1.2711375608628124,11.049552778003495,0.007214230272795298,4
DE,50,3,1.2684746885083327,10.299779162667036,0.0051533486098941,4
DE,50,4,1.2683603484940469,10.408393340273854,0.005369308816579005,4
DE,50,5,1.2698296919061542,9.755536263384208,0.0051357728689358,4
DE,50,6,1.2697390700247053,9.784472715086785,0.00507744630744776,4
DE,50,7,1.2664784580608963,10.02251904626793,0.004705630324937348,4
DE,50,8,1.26856694082245,10.087030504057928,0.0051062280829829625,4
DE,50,9,1.2710511316777624,10.425854588326473,0.0077765400368746875,4
DE,50,10,1.266175859732025,10.25185036905286,0.005685785889329159,4
DE,50,11,1.2678069865422812,10.055650519417213,0.004988810869509378,4
DE,50,12,1.2704827793470967,10.366764467933315,0.0052819748801454305,4
DE,50,13,1.2664815845073623,9.989923900376539,0.004732627200249659,4
DE,50,14,1.2665322290566512,9.93714546617376,0.004771305908383894,4
DE,50,15,1.2653349993015652,10.298710127814843,0.005001657647315044,4
DE,50,16,1.270876384249973,10.85099510315608,0.007274242556570011,4
DE,50,17,1.2673939757947252,10.338510480675495,0.0049780251558481665,4
DE,50,18,1.2703564411345827,9.39172404892799,0.004857740144511172,4
DE,50,19,1.2656788971195077,10.300217865244313,0.005011782494461085,4
DE,50,20,1.2667106069683678,10.11948052771556,0.004774608190990817,4
DE,50,21,1.2734672206110789,10.081529034047591,0.00825079463557411,4
DE,50,22,1.2691221558239232,10.289576648162019,0.005288720815024315,4
DE,50,23,1.2684569096293632,9.801911735969973,0.004680536103184591,4
DE,50,24,1.2673513599510005,9.983240941286319,0.004376559497345911,4
DE,50,25,1.2673891225103944,10.062243001346346,0.004857268892546853,4
DE,50,26,1.2691597918930877,9.346496335075976,0.004825854183290633,4
DE,50,27,1.2706946203361693,11.086254210929646,0.007108741623500985,4
DE,50,28,1.271257582349124,10.910890227978534,0.007397554159951603,4
DE,50,29,1.274454932355938,10.648531582366402,0.008210847861241648,4
DE,50,30,1.2706766790248962,10.00633160092044,0.004252990849457714,4
DE,50,31,1.2684532938679018,10.684486620828366,0.004807945453559679,4
DE,50,32,1.2723355310138103,9.74185140296786,0.004596378593830283,4
DE,50,33,1.2677431711768197,10.295480767778528,0.005143442665672549,4
DE,50,34,1.2711427546780654,10.929803032041754,0.007276834604681575,4
DE,50,35,1.2701290236751488,10.391252192621039,0.006925281828244322,4
DE,50,36,1.2675931713163862,9.7732383053537,0.00447603917056754,4
DE,50,37,1.2674591644586883,9.906180251336124,0.004788092113321251,4
DE,50,38,1.26920706710277,9.975519222850629,0.0051302742227666885,4
DE,50,39,1.2710477299846095,10.773099774738228,0.00502840796359295,4
DE,50,40,1.2668383079766021,10.349538920339924,0.004596578827714761,4
DE,50,41,1.2661508843679532,9.70284484126649,0.004499002444947344,4
DE,50,42,1.2665849122643225,9.942888417234421,0.004612602103306282,4
DE,50,43,1.2725405532683738,10.489731017879848,0.005333451204760391,4
DE,50,44,1.2720969771148025,9.76720536184692,0.005420222585715112,4
DE,50,45,1.27370165929598,11.174835283471275,0.007437367262852218,4
DE,50,46,1.2681746527454558,10.038540030831193,0.00498059753961404,4
DE,50,47,1.266831259672145,10.13028513024539,0.004902094321720063,4
DE,50,48,1.2686110341325676,10.862173801082044,0.004712234408516411,4
DE,50,49,1.2710057085917585,10.650181104139598,0.00749155739514791,4
DE,50,50,1.2684775856675865,10.597599976317987,0.004844305692085027,4
DE,60,0,Final_Cost_ITAE,Best_Kp,Best_Ki,Iterations_Run
DE,60,1,1.2711687101704214,10.887379303755736,0.004968543907126305,4
DE,60,2,1.2708817705171647,11.263524295336133,0.006925248566905608,4
DE,60,3,1.2663130799322813,10.138468998838349,0.004854048759775415,4
DE,60,4,1.2688933101663953,9.956633898280764,0.004283320864757672,4
DE,60,5,1.2666353623042952,9.965994066650296,0.004479029182285134,4
DE,60,6,1.2657966160475214,10.13101358746713,0.004737407361311506,4
DE,60,7,1.2719842275869317,11.261574197907613,0.007134364783003704,4
DE,60,8,1.2682851473793169,9.840858980995684,0.004685413003326844,4
DE,60,9,1.2684477778764784,9.383821657873867,0.004792209975768143,4
DE,60,10,1.2669222579985757,9.918094640103263,0.004766437844031174,4
DE,60,11,1.2683733094812724,10.752497899407643,0.004745827846203416,4
DE,60,12,1.2665256046674207,9.94898890626073,0.004522182411846982,4
DE,60,13,1.2689947644405717,10.356692119902199,0.0052540298698609145,4
DE,60,14,1.267881660087764,9.830646113488868,0.004763366648561753,4
DE,60,15,1.268615668914904,9.887927398925996,0.00506321696593767,4
DE,60,16,1.2694921209623014,10.161570812048232,0.005061074347074921,4
DE,60,17,1.267215032145312,9.758497017184254,0.00447262434064531,4
DE,60,18,1.2669118346316273,9.970643802717262,0.004752826183147592,4
DE,60,19,1.2672711562739671,10.401999829431347,0.005332650010298592,4
DE,60,20,1.2669207514281213,10.065574024592443,0.004862580477498686,4
DE,60,21,1.2664113170773523,10.057598508081874,0.004919867337121283,4
DE,60,22,1.2720930016964564,10.214670045103489,0.0068480852312917395,4
DE,60,23,1.2678290284858869,9.89215613071746,0.00454501380427296,4
DE,60,24,1.270529049244251,10.51748483033871,0.005218010343261273,4
DE,60,25,1.2689898157179358,9.92705244646443,0.005153804543881206,4
DE,60,26,1.266078190198327,9.440012880247494,0.004695258589199254,4
DE,60,27,1.2668717718650047,9.97607516126002,0.004409822962731165,4
DE,60,28,1.2708931548928872,9.67456392309169,0.0050957602975821225,4
DE,60,29,1.2709218729825702,11.164182173671804,0.007075188783614998,4
DE,60,30,1.2671708075158343,9.324359295534812,0.00476627786763914,4
DE,60,31,1.2668188816102075,10.088252829318456,0.004800397513503967,4
DE,60,32,1.2674186439988167,9.859442660607215,0.004699987564042863,4
DE,60,33,1.2681455188915822,9.918171143209484,0.004889278408324985,4
DE,60,34,1.270776079646399,10.997538954366078,0.007132326862555922,4
DE,60,35,1.2665058161293425,9.977110363595862,0.004587965623781962,4
DE,60,36,1.2665771720869539,10.045557434450458,0.0049114388304496515,4
DE,60,37,1.2683688133954811,9.749762236049449,0.004508983190065562,4
DE,60,38,1.2670323339860443,10.557947128299666,0.004759114752757771,4
DE,60,39,1.2676815424336665,9.580760913485314,0.004637412946944829,4
DE,60,40,1.2685978653256054,10.485691362548835,0.004980986487521264,4
DE,60,41,1.2711075518756545,10.543914244832237,0.005118672585745835,4
DE,60,42,1.2671160453091022,9.756165913986962,0.004478309585739571,4
DE,60,43,1.2672137182962222,9.901719471704851,0.0046742513719502535,4
DE,60,44,1.2685601240345126,9.822798063955268,0.004950461988303539,4
DE,60,45,1.2707080690983437,10.636938763124931,0.007498393856724403,4
DE,60,46,1.2662071553392478,10.139590785345469,0.004767362475784019,4
DE,60,47,1.268730529131318,10.487713890238581,0.004958438634879049,4
DE,60,48,1.2676158697955515,9.951536243468837,0.0048750997649895204,4
DE,60,49,1.2688692760079578,10.584519845613002,0.004930992394354927,4
DE,60,50,1.2692315324779504,10.644103933030543,0.004973038650315103,4
DE,70,0,Final_Cost_ITAE,Best_Kp,Best_Ki,Iterations_Run
DE,70,1,1.2670777786744092,9.88661331965065,0.004632218014129492,4
DE,70,2,1.2700304158018627,9.811803001903549,0.004576145700245005,4
DE,70,3,1.270248404554124,9.814089112100461,0.005226447467122377,4
DE,70,4,1.2683217852776858,9.857402866872583,0.004595715957250772,4
DE,70,5,1.2668731497286374,10.026469304785216,0.004808441925047377,4
DE,70,6,1.2669496660365365,10.479613465621426,0.004776343447586404,4
DE,70,7,1.2728462282882607,11.652386774408264,0.005488156087787892,4
DE,70,8,1.2659545456787362,10.065264680728177,0.004781660552799333,4
DE,70,9,1.2685879257586588,10.254509555669543,0.005818153565111669,4
DE,70,10,1.2685760151456855,10.398089773301514,0.005848453126338594,4
DE,70,11,1.2657662822194427,10.05341929370362,0.00478445165766878,4
DE,70,12,1.2713653049391087,9.809050833428458,0.005328418288399656,4
DE,70,13,1.2720977771706867,9.615284769002116,0.005286337536490468,4
DE,70,14,1.2666471173056357,9.9227726335507,0.004778144632463132,4
DE,70,15,1.2678692521441555,10.520990018765502,0.004839572816042864,4
DE,70,16,1.2676904897995231,10.510250439900666,0.004804215357342191,4
DE,70,17,1.2679752589937336,9.461388443603482,0.004754751491035961,4
DE,70,18,1.2696962320224643,10.867251157150328,0.00727674211536153,4
DE,70,19,1.2656953741907184,9.970472935963429,0.004487157516563751,4
DE,70,20,1.266160991851476,10.427074921518432,0.004742748377938788,4
DE,70,21,1.2678235076137558,10.44574607775968,0.0048661438246432286,4
DE,70,22,1.2678631314830453,9.860529175396444,0.004673056562779414,4
DE,70,23,1.2668388325432607,9.45633786892261,0.004711100037923435,4
DE,70,24,1.2671453789582858,10.265313027947087,0.005573505952401447,4
DE,70,25,1.2680317409285229,9.794681466224716,0.004934587904738929,4
DE,70,26,1.2662451610762393,10.056083833809588,0.0048015230944987684,4
DE,70,27,1.2674091102157996,10.341360939245298,0.005218116068054855,4
DE,70,28,1.265905677759685,10.066848273628409,0.004761687616016227,4
DE,70,29,1.2667729244586154,9.889253358175495,0.004687692004569379,4
DE,70,30,1.266850905781984,9.766355684967714,0.0044456469586128915,4
DE,70,31,1.2714053283503945,8.907130652721698,0.0050583123275499105,4
DE,70,32,1.2666049809354532,9.943857718919944,0.00460922051547093,4
DE,70,33,1.2663283731443182,10.290612619623921,0.0051233275426918355,4
DE,70,34,1.2670043963360789,9.938034807365504,0.0045678919923799275,4
DE,70,35,1.267848826882475,9.80610882982284,0.00488202927498533,4
DE,70,36,1.2675177894629919,10.62136402938657,0.004768931173552265,4
DE,70,37,1.2719167527552144,10.493051207904664,0.005307410401746872,4
DE,70,38,1.2727053009777676,8.789659699807245,0.005149209480821542,4
DE,70,39,1.266074406673966,9.960080588016432,0.004697740080519157,4
DE,70,40,1.267951466162256,10.440575318146536,0.0048866384699769744,4
DE,70,41,1.2670968907291305,9.96184363557309,0.004801996618762933,4
DE,70,42,1.2677739466204667,10.655962737358621,0.00479639668177179,4
DE,70,43,1.2692252495223888,9.796660789073798,0.004716759869372319,4
DE,70,44,1.2674924934491498,9.914336104823697,0.004640872989073998,4
DE,70,45,1.2673684798796032,9.644642303815523,0.0045547699411469,4
DE,70,46,1.2704561966897945,10.646003596332577,0.005088649242207909,4
DE,70,47,1.2706384757158982,9.984721318959636,0.005288551097176062,4
DE,70,48,1.270439510017192,10.551489737028959,0.005074138734976283,4
DE,70,49,1.2680795845571449,9.988584135776328,0.004334492509189074,4
DE,70,50,1.2684131659685134,10.497024711807896,0.0048849412892556145,4
DE,80,0,Final_Cost_ITAE,Best_Kp,Best_Ki,Iterations_Run
DE,80,1,1.2665022702228552,10.369972445123182,0.004897093971756202,4
DE,80,2,1.2664531947817756,10.012361376822945,0.004812670687454719,4
DE,80,3,1.2670678678330898,9.8206364272381,0.0044051333072871665,4
DE,80,4,1.2679615911420954,9.799935952762489,0.004700984826255617,4
DE,80,5,1.265378992745314,10.127760280384251,0.0047221072551359945,4
DE,80,6,1.2682880667882808,9.927552286211757,0.004842791081038496,4
DE,80,7,1.2672180100956607,10.521873333326404,0.004765135654464716,4
DE,80,8,1.2675646901846795,10.528368018289193,0.004787484223803891,4
DE,80,9,1.2664879302529048,10.062262464405762,0.004791878200425411,4
DE,80,10,1.2679338821495938,10.525671719233706,0.004853993507194685,4
DE,80,11,1.2668635686577454,10.502116058656824,0.004739856752805409,4
DE,80,12,1.2684605556950797,10.326337664984045,0.005087235675673891,4
DE,80,13,1.2686322762452347,9.10753154614958,0.004915604248227761,4
DE,80,14,1.2676135810283038,9.888349120814212,0.004930426610295472,4
DE,80,15,1.2662523947231665,10.056389840743229,0.004768381989255255,4
DE,80,16,1.2672061762361668,9.943916863442126,0.004479694263719984,4
DE,80,17,1.2684591689230569,9.750376389542161,0.0049347687644888056,4
DE,80,18,1.265875276147056,10.019558817052314,0.004676426403114378,4
DE,80,19,1.2665281418801357,10.258614303062451,0.005604947697613542,4
DE,80,20,1.2683573811389537,10.039419637569296,0.005023267363140081,4
DE,80,21,1.2670738177211116,9.979025549739369,0.004393838458184932,4
DE,80,22,1.2677761453851653,10.02530164458387,0.004960232611778788,4
DE,80,23,1.268524830789744,10.29704130209889,0.005195152707327672,4
DE,80,24,1.2704777183631781,9.729468177626075,0.005047336335402838,4
DE,80,25,1.2696872128925836,9.928033367165803,0.004407683880852661,4
DE,80,26,1.2679738787858212,10.678159429121436,0.004756519282883462,4
DE,80,27,1.2712642066165256,10.675112423754506,0.007520056198383016,4
DE,80,28,1.2700755404560344,10.909510467700436,0.004858579033605239,4
DE,80,29,1.2666452998980668,10.01450449067552,0.004799656040100458,4
DE,80,30,1.2710738508487285,10.951884539781489,0.004930145691460863,4
DE,80,31,1.267544000937946,10.534748425300648,0.004796357872522727,4
DE,80,32,1.269260626224308,9.821909421827833,0.0051196344465560765,4
DE,80,33,1.2696347407769994,9.825671833790189,0.005059258269646844,4
DE,80,34,1.2674466738537746,10.363569942897819,0.005054533033494575,4
DE,80,35,1.2667253231635063,9.935657145832707,0.004881679096584053,4
DE,80,36,1.2657395400710976,10.051545497874166,0.004738529877321678,4
DE,80,37,1.2690438742473236,10.216542392058926,0.006451828046154999,4
DE,80,38,1.2678277600841719,9.37114336747588,0.004795622946021054,4
DE,80,39,1.2673969497350737,10.088350540575874,0.00485548238340442,4
DE,80,40,1.2674323006563124,9.961274036519008,0.004882280976036462,4
DE,80,41,1.267176163906113,9.954143904176455,0.004862384330717068,4
DE,80,42,1.2669833544600464,10.069361470903033,0.004856908930035652,4
DE,80,43,1.2683073232238777,10.229910645289998,0.006207898693736813,4
DE,80,44,1.265417479783658,9.60043101823041,0.00491161898453248,4
DE,80,45,1.2672161938230924,9.880399726667548,0.004725575652400646,4
DE,80,46,1.2666026682115235,10.36493893470837,0.004966074652363057,4
DE,80,47,1.2708260652845602,10.810563121172251,0.007321533606572077,4
DE,80,48,1.2702835179288228,9.595489128668817,0.005854673862958624,4
DE,80,49,1.267904839410313,10.45463457984858,0.004867458937033486,4
DE,80,50,1.2659799834982153,10.05497964179014,0.004682631535903258,4
DE,90,0,Final_Cost_ITAE,Best_Kp,Best_Ki,Iterations_Run
DE,90,1,1.2661947968190703,10.087778120930913,0.004758754688754059,4
DE,90,2,1.2680220914719398,9.905375993040067,0.005046661242850045,4
DE,90,3,1.2704844742395183,9.337335575142205,0.004959615542864754,4
DE,90,4,1.2673530407156859,9.944386462724609,0.004929798660571285,4
DE,90,5,1.2659546240487694,10.035275137252881,0.004725876648477198,4
DE,90,6,1.26691034106184,10.068045814853072,0.004924326710848341,4
DE,90,7,1.2667338379544797,9.48233205271113,0.004678051752405491,4
DE,90,8,1.2672116333398726,10.14229092200216,0.004815034717712071,4
DE,90,9,1.2700343271018533,10.858051414962617,0.004834384942606259,4
DE,90,10,1.2668730808801023,10.408015125678872,0.00505812472343556,4
DE,90,11,1.2670003197264434,9.996844285658241,0.004854654817320527,4
DE,90,12,1.2698419485604253,10.155475071458454,0.0053467951718100945,4
DE,90,13,1.26607550723415,10.093828128981976,0.004739518211371478,4
DE,90,14,1.2662379061920734,10.129518389998239,0.004773320152902521,4
DE,90,15,1.2687246094350402,9.867479641531219,0.004966432340895921,4
DE,90,16,1.2670564592833071,10.449852551279044,0.0047709226037933854,4
DE,90,17,1.268508496608575,9.779805441874593,0.005104447034107773,4
DE,90,18,1.268916717981902,9.837504669233489,0.004970192647900665,4
DE,90,19,1.2672576045165327,9.949004998190134,0.004823029121781625,4
DE,90,20,1.267020647787097,10.503031188620547,0.004773069999210689,4
DE,90,21,1.2670588952903803,10.004945618320875,0.0046932947967038546,4
DE,90,22,1.2668503897028474,10.47530366181342,0.004767907843826882,4
DE,90,23,1.2667433801981312,10.380798201057537,0.004931527210297339,4
DE,90,24,1.266510600295634,10.044804333321999,0.004793393964486181,4
DE,90,25,1.2694336757737243,9.19853572382538,0.004840253173487409,4
DE,90,26,1.2697652406792235,9.863632446319706,0.004416332879155011,4
DE,90,27,1.2676092780171149,10.296958573680605,0.005140463944666723,4
DE,90,28,1.268010304371576,9.979703594246878,0.0049712047918413155,4
DE,90,29,1.267606272730643,9.887278751801183,0.004598179838444708,4
DE,90,30,1.268007036226679,9.334482325286153,0.004767962330645904,4
DE,90,31,1.2682178566531643,10.176547889601537,0.005972606507349821,4
DE,90,32,1.2677001329256663,9.19503159202148,0.0048504899217611565,4
DE,90,33,1.2666295505836223,10.105493107344323,0.004811944397878002,4
DE,90,34,1.267103508568232,10.475310122413113,0.004815536088481947,4
DE,90,35,1.2663012223174073,10.376736353061332,0.004952719163924488,4
DE,90,36,1.2700987630125096,10.244360915772482,0.006146778591840862,4
DE,90,37,1.268161412079756,10.063015910744177,0.005015334599366811,4
DE,90,38,1.2695985043967488,9.779090957622508,0.004685504542773363,4
DE,90,39,1.2681346752667557,9.892443794625407,0.004532011783413193,4
DE,90,40,1.2672414102983567,9.98753807869624,0.0048979924946990034,4
DE,90,41,1.2667160256734311,9.922436045627535,0.0047265542516875805,4
DE,90,42,1.2692837049877839,9.34002656522901,0.004846306659348217,4
DE,90,43,1.2665035858922185,10.47876459082147,0.004724816024912549,4
DE,90,44,1.266895857048848,9.917985833580772,0.0045301293801785015,4
DE,90,45,1.268280802974363,10.254352804167155,0.0057231818587716405,4
DE,90,46,1.266365015888847,10.463203617458717,0.00473087661559879,4
DE,90,47,1.267518054609237,9.893873128581532,0.004593332375406845,4
DE,90,48,1.2683491527337571,10.670531060264317,0.004854889583727337,4
DE,90,49,1.2656087993156708,10.349032652790086,0.004923727864045115,4
DE,90,50,1.2677464383941905,10.104099118634217,0.0049416703591559285,4
DE,100,0,Final_Cost_ITAE,Best_Kp,Best_Ki,Iterations_Run
DE,100,1,1.2677982069773055,9.830514698886397,0.004860436292264175,4
DE,100,2,1.2678618066485776,10.08677494913207,0.004962603693455295,4
DE,100,3,1.2667970744280885,10.040264365654942,0.004773249757785339,4
DE,100,4,1.266940897601005,10.088796920710578,0.004843279327098741,4
DE,100,5,1.2720987359299816,10.759219229460705,0.005159326484619868,4
DE,100,6,1.2685885386711193,10.033191677968738,0.005080309422745493,4
DE,100,7,1.2667983832761276,9.536377969188031,0.004649436953844326,4
DE,100,8,1.2666253098199074,9.666572944887307,0.004540939834987734,4
DE,100,9,1.2708949129466056,9.516259926957808,0.00480423821452512,4
DE,100,10,1.266259191656698,10.359889001049638,0.005052924666582891,4
DE,100,11,1.2679481501434338,9.839324598067527,0.004986995762096714,4
DE,100,12,1.2678171645201857,10.712552483881453,0.004717614122838147,4
DE,100,13,1.266535057675626,10.254062191814299,0.005724389338740768,4
DE,100,14,1.2675006946400993,10.53124624980169,0.004776140542683409,4
DE,100,15,1.271951846963193,11.103160839440513,0.007244449744210241,4
DE,100,16,1.2676361878826152,9.524876780058833,0.004687450702151489,4
DE,100,17,1.2705564163918672,10.439016539589375,0.005157757711210961,4
DE,100,18,1.2672493252278856,9.420022301178733,0.004727933534091526,4
DE,100,19,1.2675191413229956,10.107955611427506,0.00498000662341478,4
DE,100,20,1.2660158214416868,9.397637173563751,0.004710755867313332,4
DE,100,21,1.2666644821959572,10.372591160592712,0.004882744247014048,4
DE,100,22,1.2700586307662514,9.720954324205003,0.0050324268595698515,4
DE,100,23,1.2657464427161367,10.405782149235144,0.004827096734964115,4
DE,100,24,1.2671973785026294,10.446248092432697,0.004772165736015961,4
DE,100,25,1.270683949181204,10.51477686747426,0.00762677952284912,4
DE,100,26,1.2706607956839158,9.97467082608133,0.004298660385969899,4
DE,100,27,1.266295544684984,10.121297626069918,0.004834098989962021,4
DE,100,28,1.2671266539769526,10.085690797118225,0.004880845130755307,4
DE,100,29,1.270199153630954,9.778534213863004,0.005221689072629661,4
DE,100,30,1.2679812005706577,9.814209984670114,0.004799963556678329,4
DE,100,31,1.2665924441256993,10.40952801635568,0.00506260235517398,4
DE,100,32,1.2664756882102903,10.540016860780817,0.0047408954695981505,4
DE,100,33,1.2669548831350508,10.415687685083242,0.0049004946566423135,4
DE,100,34,1.2671726025033434,10.338313970018483,0.005064417009711759,4
DE,100,35,1.2659858542799396,10.04677034531948,0.004680939810458071,4
DE,100,36,1.2669426951553664,9.841887337986492,0.004386759560568769,4
DE,100,37,1.2664613313888253,9.983617444410129,0.00475049017363504,4
DE,100,38,1.2716866591342593,11.136274021910474,0.007259490241219215,4
DE,100,39,1.2662096791968214,10.00891724720394,0.0046602030022855605,4
DE,100,40,1.2656653942025629,10.058406168139967,0.004752686853278142,4
DE,100,41,1.2697117613589444,10.976753857176902,0.004724791848786604,4
DE,100,42,1.267226897401277,9.92459949374441,0.004955298375412943,4
DE,100,43,1.2678065169365627,10.526675082736233,0.004871152768510091,4
DE,100,44,1.2668566061735393,10.518686883479461,0.00477035722398557,4
DE,100,45,1.268825256710062,9.892229370717658,0.004497265361688268,4
DE,100,46,1.2680660879005956,9.96860809666763,0.004888826843701799,4
DE,100,47,1.266514295660346,10.357442792091419,0.005011727900387252,4
DE,100,48,1.2695921127967338,10.013705595838886,0.0051760329825230305,4
DE,100,49,1.266435879617814,9.996305414082045,0.004849561126656979,4
DE,100,50,1.2667080732194536,10.549920325004074,0.004720269263096849,4
GA,10,0,Final_Cost_ITAE,Best_Kp,Best_Ki,Iterations_Run
GA,10,1,1.4515644665849972,4.272710653448602,0.009155655508909658,4
GA,10,2,3.3059973531266458,12.79950055369948,0.001361423123284777,4
GA,10,3,9.000000113071255,67.9477949471275,0.009284618560858549,4
GA,10,4,1.3869972226843377,15.179830676098936,0.0057691928614912865,4
GA,10,5,1.305272223100621,7.300411771961581,0.00671816119287725,4
GA,10,6,1.6779575752162357,32.45187896377546,0.0030305622971240373,4
GA,10,7,1.402232583188889,20.19489325027259,0.009971138659154137,4
GA,10,8,1.3005974953118067,13.557698495499013,0.005351089611224883,4
GA,10,9,1.2707489811499828,10.093258508296133,0.005296091101124773,4
GA,10,10,1.2790225846162586,9.254777135709745,0.005631923710994225,4
GA,10,11,1.5746671463316033,24.861385993336775,0.0006480099299482184,4
GA,10,12,1.3149623286744307,14.632339078791201,0.009213170774013296,4
GA,10,13,1.2898881024537916,12.501342514311567,0.005313635812485893,4
GA,10,14,1.4228074396350054,21.484057265897203,0.008972247443870925,4
GA,10,15,1.2854183723736137,9.772928416141003,0.007190438073965497,4
GA,10,16,1.2718653849927546,8.949537048011207,0.005012611157543141,4
GA,10,17,1.5480423266487144,27.250761632450114,0.006988615921816375,4
GA,10,18,1.4047998950129297,4.8541287261071355,0.009096055295099081,4
GA,10,19,1.3510034143522835,17.000693026175092,0.006581515540512669,4
GA,10,20,1.2758251459245833,9.435741098403426,0.005533088238919876,4
GA,10,21,1.4930381082922068,24.655705659326145,0.00658503496464764,4
GA,10,22,1.3191139572530481,15.415680277353296,0.0061689046473894235,4
GA,10,23,1.3410172575261814,16.799427422868924,0.008798809623521387,4
GA,10,24,1.469779352424557,3.8510754998201935,0.009769321667553798,4
GA,10,25,1.2855518944085442,10.119332078327682,0.0071278048413196795,4
GA,10,26,1.5889353507852577,29.19348022938479,0.007245141576714384,4
GA,10,27,1.2814724887642863,11.839080423037839,0.005044064654405962,4
GA,10,28,1.550664517954479,27.691350801142814,0.009166626479912192,4
GA,10,29,1.4100694730066983,4.763396341144706,0.005503546259073271,4
GA,10,30,1.4050827286322847,17.655433282186934,0.006716135106897405,4
GA,10,31,1.6451054740557862,31.243055817848433,0.004373439662975468,4
GA,10,32,1.3463052874796027,5.82923495103831,0.0044577280797388555,4
GA,10,33,1.455804712477837,22.622889159904982,0.0056913328501046944,4
GA,10,34,1.3292189623003865,6.877804381877547,0.009442224038168629,4
GA,10,35,1.315361090868499,6.945887754744406,0.007392253828715908,5
GA,10,36,1.3923057431418886,4.953755798063166,0.004569539759533558,4
GA,10,37,1.5726576794835911,28.13584394676883,0.005692865748034555,4
GA,10,38,1.5498141759922748,16.2995407834858,0.00612345905881652,4
GA,10,39,1.2784588442500593,9.259305031096682,0.009341442547005053,4
GA,10,40,1.3034047835768547,8.642893537264557,0.004385781509893871,4
GA,10,41,1.2957866010501802,9.13879103190009,0.008852711886577672,4
GA,10,42,246.2647672443579,90.81872741500858,4.896566262589835e-05,4
GA,10,43,1.5461739466694262,3.169704195837251,0.007880741671808229,4
GA,10,44,1.615200160707144,29.49772269161799,0.00351703359893755,4
GA,10,45,3.099998268895035,19.438391565219504,0.0034074348791040634,4
GA,10,46,1.2717444787830021,11.124283511338,0.007129242780682676,4
GA,10,47,1.3053097998934444,13.955237111470403,0.009163351498065525,4
GA,10,48,1.3677105426436753,5.646941501521721,0.006360988374327826,4
GA,10,49,1.4886493933763991,24.51545345357757,0.006830932427612035,4
GA,10,50,1.3631672270062327,5.749554857157113,0.006310715546295331,4
GA,20,0,Final_Cost_ITAE,Best_Kp,Best_Ki,Iterations_Run
GA,20,1,1.3261386765693175,6.522626457158862,0.007091564663540896,4
GA,20,2,1.2847972962766994,12.192963919140222,0.005051446504965093,4
GA,20,3,1.2841321845682194,11.885557989643248,0.005448091389180665,4
GA,20,4,1.2783933425855298,8.528313677269722,0.005434352410927777,4
GA,20,5,1.3773677010745422,18.677918862629525,0.009390692317010157,4
GA,20,6,1.2914207208008923,8.744784458779915,0.0075778601564460155,4
GA,20,7,1.3298589778684051,8.69489312841292,0.0033721462286857512,4
GA,20,8,1.3071377356016713,7.14779404827361,0.004882424636246895,4
GA,20,9,1.2857937679697458,8.300613533318959,0.005990407458737219,4
GA,20,10,1.2958843460700251,11.507273576368558,0.008168657820277017,4
GA,20,11,1.6179742694102173,30.80908369669194,0.009804907119133602,4
GA,20,12,1.2778650440864148,9.309983063567378,0.009041316387927031,4
GA,20,13,1.2954957722068565,9.24079943706591,0.00888126032229954,4
GA,20,14,1.2993218555377906,13.980847494481546,0.00759763443393747,4
GA,20,15,1.6184482579278245,30.191427722098325,0.005244050845521839,4
GA,20,16,1.2885923995634703,13.130602605267317,0.005544466477839048,4
GA,20,17,1.4538234987608478,4.211691845402647,0.007675432535507994,4
GA,20,18,1.271446822885319,10.511997223498637,0.005254023094562163,4
GA,20,19,1.2790567967304696,8.693617421839628,0.0056656742882169675,4
GA,20,20,1.2938621099506014,8.529217680747019,0.006739889479984337,4
GA,20,21,1.2953141722218766,10.901683999024408,0.004649023867004625,4
GA,20,22,1.2824756476947266,10.497338678269761,0.006533515342991653,4
GA,20,23,1.4341722446817153,22.170095460467895,0.00920109521497534,4
GA,20,24,1.2795130434540933,9.051998329370333,0.009518393966118345,4
GA,20,25,1.334310630793019,16.364473681413028,0.009723829864392047,4
GA,20,26,1.3245517850362534,15.82956465028423,0.006747128469217958,4
GA,20,27,1.7065084044168926,33.897113981993606,0.0029187713587590755,4
GA,20,28,1.2758653317646034,11.625154328838011,0.005650636824058598,4
GA,20,29,1.2831418329846918,9.095147079223546,0.00558775632501441,4
GA,20,30,1.3177304570176132,15.045145760540592,0.00792692853351635,4
GA,20,31,1.2949841423773367,11.870969400461743,0.007266544788425211,4
GA,20,32,1.2733585868619965,8.83528252032836,0.005105329589778032,4
GA,20,33,1.339887547253516,16.635158066521313,0.009558795609525295,4
GA,20,34,1.2968579301547203,9.588281736142635,0.00607534012138497,4
GA,20,35,1.3011909828359356,8.265423271419362,0.003939188900061723,4
GA,20,36,1.2792374659112973,10.566199369692749,0.006067244201208797,4
GA,20,37,1.2904647343579556,11.491392124678377,0.006865720234396892,4
GA,20,38,1.286910468545171,12.194295473233762,0.0074566083004538875,4
GA,20,39,1.464872398280668,23.32731084008709,0.006300160247871094,4
GA,20,40,1.3689095078536702,18.351612679616657,0.007552427980810789,4
GA,20,41,1.321455196688196,7.848188638095879,0.005159348104231954,4
GA,20,42,1.320653442305877,15.3181394849364,0.007336006913768451,4
GA,20,43,1.2893427885213133,11.81783024483817,0.006395631743385487,4
GA,20,44,1.2756017129555344,9.855328448724872,0.005816029655498962,4
GA,20,45,1.3207433120012944,14.970171038612817,0.009187341843218722,4
GA,20,46,1.4692805033170016,3.9577304588074624,0.006053475902243069,4
GA,20,47,1.2816985475824252,8.961691681783746,0.005719186668557903,4
GA,20,48,1.45176054720079,4.18327545704143,0.006142747294223379,4
GA,20,49,3.3049451479388856,7.6307638147971835,0.0016849835526243405,4
GA,20,50,1.53517113531766,23.021122563446013,0.0011150103380973572,4
GA,30,0,Final_Cost_ITAE,Best_Kp,Best_Ki,Iterations_Run
GA,30,1,1.2745945416090658,10.501200746288712,0.008330401673952168,4
GA,30,2,1.2758774849477577,10.890735638646238,0.005512518378033403,4
GA,30,3,1.2977378925549221,13.71106098670661,0.008358509896232288,4
GA,30,4,1.2888091221789113,11.098258389191317,0.006961462620159637,4
GA,30,5,1.2942656162164994,8.238760619619969,0.0033253976974298325,4
GA,30,6,1.7235665119435073,33.61558354512028,0.00043430513305591753,4
GA,30,7,1.278338585150928,10.029904491663519,0.009792148346685096,4
GA,30,8,1.2776116904148471,9.436192461862833,0.009244202564142661,4
GA,30,9,1.358332650075232,17.40996075993782,0.009330322212320203,4
GA,30,10,1.2744816091203388,9.949866134521388,0.008579047758684585,4
GA,30,11,1.2851014506253504,8.252096078287149,0.005965365408627834,4
GA,30,12,1.3082828577747279,14.118577265772654,0.009830189257231088,4
GA,30,13,1.297127235706502,8.95555923191912,0.004127070191775106,4
GA,30,14,1.2796374921056557,9.40634482555273,0.00987868223981309,4
GA,30,15,1.2968962408372369,7.991410968049403,0.006923213912662972,4
GA,30,16,1.2729521113628468,11.102974693702139,0.007567970341118281,4
GA,30,17,1.2680897002128337,10.737993507275073,0.004756961098041971,4
GA,30,18,1.3046999160757362,8.240717820393758,0.005399450306417909,4
GA,30,19,1.2782550208244137,10.755437421607917,0.009317526171355716,4
GA,30,20,1.2885980044494145,13.344148382849584,0.006589581938625787,4
GA,30,21,1.3442345952055006,6.2234197487853065,0.0036273734882402934,4
GA,30,22,1.2880947460256216,12.838927233882748,0.008209229416750953,4
GA,30,23,1.7446839891969124,36.25780829783923,0.004523455428604337,4
GA,30,24,1.2819609280917106,10.220169912624513,0.008800441323631412,4
GA,30,25,1.2853689869442388,8.94296972418822,0.006586416970095156,4
GA,30,26,1.3026437232527686,13.694196331089769,0.009655368759691169,4
GA,30,27,1.274043845998533,11.389229544240386,0.0048429464310883125,4
GA,30,28,1.2982582215219007,8.766783815882462,0.0092222057331694,4
GA,30,29,1.2899458772908245,8.641344651871313,0.006949220295378231,4
GA,30,30,1.2885195927254176,10.29800024817499,0.008834210339524317,4
GA,30,31,1.3036783239173655,8.242250128007399,0.004072155938723769,4
GA,30,32,1.2924476104950007,9.284293237269727,0.008258592012827162,4
GA,30,33,1.2869088495917123,12.606013729911213,0.008931287054887896,4
GA,30,34,1.2893578495185487,9.472870414909176,0.004489175833917876,4
GA,30,35,1.2879419111714547,13.40162741593864,0.006935257996440911,4
GA,30,36,1.290565043452665,13.281141954546102,0.007920301659157056,4
GA,30,37,1.2947597014051224,12.818608761066324,0.006740454154306823,4
GA,30,38,1.295908582878271,8.239683719640137,0.006978842675887873,4
GA,30,39,1.2955508636721502,8.717996735954653,0.00850447014860569,4
GA,30,40,1.2907136998843947,9.485343170624475,0.008148141297803266,4
GA,30,41,1.2698371171139495,10.315619367182281,0.005103979470445182,4
GA,30,42,1.2955007725034142,12.389182582881503,0.008055386467713357,4
GA,30,43,1.2740354694848766,11.037585123257209,0.008473493439871404,4
GA,30,44,1.2946225145894092,12.071401265111934,0.008531715170222618,4
GA,30,45,1.3982575286094887,20.04007312652309,0.009680622353547537,4
GA,30,46,1.2728999419966325,11.084131785098348,0.0075650866631442855,4
GA,30,47,1.2796979624775975,9.127964954814674,0.009478257225106713,4
GA,30,48,1.2743073734083596,11.41774359319221,0.0048309265843453665,4
GA,30,49,1.288245562705742,9.930716771093968,0.003942545262978875,4
GA,30,50,1.2839797936023958,9.705268811070688,0.006940549936550065,4
GA,40,0,Final_Cost_ITAE,Best_Kp,Best_Ki,Iterations_Run
GA,40,1,1.276557877917514,9.472617216555994,0.008795383839733486,4
GA,40,2,1.2858291010929679,10.32891442515958,0.007884931092561434,4
GA,40,3,1.2827460671954394,11.001171856490908,0.0062201506277669676,4
GA,40,4,1.2875821893484727,12.10564177042185,0.0057148295963715,4
GA,40,5,1.2805584401691212,9.217756504188467,0.009934467518397511,4
GA,40,6,1.2813357389387756,8.818424345318,0.005728957463742918,4
GA,40,7,1.285610597937917,12.028426652374046,0.005554787415517451,4
GA,40,8,1.2966501022050496,11.702056079509067,0.007974885499655112,4
GA,40,9,1.2792239246078674,10.534347151853616,0.006131831874271854,4
GA,40,10,1.293688181712141,13.90443170109687,0.006629491017288274,4
GA,40,11,1.2778236082362167,9.32919030233352,0.00592686559396822,4
GA,40,12,1.2959850287315084,12.055335569509147,0.008524920651895591,4
GA,40,13,1.2760150427608532,10.863267553147669,0.008421529794235456,4
GA,40,14,1.289127370564827,13.106508131523162,0.005524964185271612,4
GA,40,15,1.2943431138181347,11.292220412028986,0.007950502000343748,4
GA,40,16,1.317637908075696,7.339169031516903,0.005848434413591952,4
GA,40,17,1.2876467580668285,12.728411681688838,0.008615469410992161,4
GA,40,18,1.2802596821481307,11.026022275772066,0.005892140369886065,4
GA,40,19,1.2732474775495766,10.871959544029899,0.007626927127570467,4
GA,40,20,1.2771284579770301,10.698449105627363,0.008837979550054723,4
GA,40,21,1.2840509788394334,8.843425153932909,0.005906590338200696,4
GA,40,22,1.2888205124973848,12.248398075175981,0.005660259959880801,4
GA,40,23,1.2736203623724995,9.215955906728336,0.00512123746657271,4
GA,40,24,1.280051705458971,9.875436116668649,0.006357985563752037,4
GA,40,25,1.295381056840207,13.734718709942028,0.007527396205639004,4
GA,40,26,1.274541683660447,9.814037986192934,0.008442351294111158,4
GA,40,27,1.2904158845692557,10.120375360438558,0.007852499261125731,4
GA,40,28,1.2908467840729323,12.14184331431325,0.006169943295026485,4
GA,40,29,1.330644536406943,16.22013090990229,0.008055624712731494,4
GA,40,30,1.2948311162649468,8.676892344802976,0.008043679230975882,4
GA,40,31,1.2733462530187238,10.90889943148354,0.005191049563275264,4
GA,40,32,1.2914742927346252,12.451069606233613,0.005750818096175737,4
GA,40,33,1.278771775387257,8.992261203781139,0.005517398982697122,4
GA,40,34,1.2937617662722336,9.017179030019696,0.008381528171724089,4
GA,40,35,1.277045104309044,10.129164361381141,0.0091512741380677,4
GA,40,36,1.3122795701881307,6.902124467104046,0.006030960880087082,4
GA,40,37,1.2886584152337874,13.453658802870283,0.006793730157456627,4
GA,40,38,1.3939748049613496,5.077066431486831,0.005990168719444537,4
GA,40,39,1.2965101587297938,8.885670753612779,0.008719016609269575,4
GA,40,40,1.2868677920244191,9.666973753469868,0.0074596941743751985,4
GA,40,41,1.2868689964279383,11.792884527439236,0.005949202583651471,4
GA,40,42,1.2783470718961203,11.846590754457877,0.009399281042932778,4
GA,40,43,1.2892939433134674,8.766514931947984,0.006337948340032983,4
GA,40,44,1.2824048340710574,11.897420620085859,0.005164575742424174,4
GA,40,45,1.2741729070621628,10.89538626270422,0.007965402414761999,4
GA,40,46,1.2786287017163644,9.420671777874011,0.009502614607749277,4
GA,40,47,1.307223665101749,14.436377673688165,0.007992680903435218,4
GA,40,48,1.3459034572382191,6.1090393630500905,0.005702173625960317,4
GA,40,49,1.289146631517976,13.08893578437962,0.007990401748531526,4
GA,40,50,1.2878748630791392,8.959344086336198,0.007167534761715156,4
GA,50,0,Final_Cost_ITAE,Best_Kp,Best_Ki,Iterations_Run
GA,50,1,1.2989551803202644,7.4190825546339685,0.006047673173434644,4
GA,50,2,1.2770816035943415,11.013619641712175,0.00851011967269282,4
GA,50,3,1.2696471138238024,9.980363305688881,0.005135297407028234,4
GA,50,4,1.2845855061810612,12.235769471445854,0.009935375714885461,4
GA,50,5,1.2945192904128136,8.387909421577243,0.0035212887384941482,4
GA,50,6,1.324349391551019,6.9162827843992325,0.008917074294574985,4
GA,50,7,1.2880236985863605,10.17919688555531,0.00564468032890864,4
GA,50,8,1.281964084940613,9.097840793623055,0.006084131004618714,4
GA,50,9,1.2872533705054827,12.790558133707842,0.008265229695084482,4
GA,50,10,1.284329794718365,8.950627553100597,0.0060580643024109315,4
GA,50,11,1.2763720979526105,10.29429195656953,0.004439559422570025,4
GA,50,12,1.2826507479867804,11.493194712758143,0.006069913907369939,4
GA,50,13,1.2949508031444559,12.101954722041931,0.006917072562526706,4
GA,50,14,1.2928999445033003,11.288415553804652,0.007706177164132397,4
GA,50,15,1.2895712213292103,13.409442269776601,0.007419057117173326,4
GA,50,16,1.330930085041102,16.283734996303952,0.008979843177099689,4
GA,50,17,1.2679447542801003,10.684442513020723,0.004801164980750047,4
GA,50,18,1.2856070486906288,8.302992641143858,0.0059619767229915945,4
GA,50,19,1.2873434612172803,8.793272366822455,0.006514672567290754,4
GA,50,20,1.2954724609035009,8.513559601016029,0.008143631755883526,4
GA,50,21,1.274911672875503,9.809448522664871,0.005689542652613157,4
GA,50,22,1.3153781975229952,6.9239813194332696,0.006980880362342356,4
GA,50,23,1.270236984981182,9.161374031429618,0.005002647516755977,4
GA,50,24,1.274081537172059,10.524648551949305,0.00811021742656432,4
GA,50,25,1.2863774966011947,8.92544520851546,0.006795148898252576,4
GA,50,26,1.2964454392275317,8.09278361981887,0.007073302888961125,4
GA,50,27,1.2783302551766058,10.556719013769284,0.009591394308638496,4
GA,50,28,1.2815725827998015,10.570863038337324,0.006347494268859772,4
GA,50,29,1.2948241482909697,11.268372416385283,0.0044454784302976,4
GA,50,30,1.2902879054865137,13.367519805355947,0.006363561816848558,4
GA,50,31,1.7055160906904778,34.77363611725853,0.007486694146928416,4
GA,50,32,1.2760956021968404,11.414487617072977,0.005122339861548088,4
GA,50,33,1.2799152597513273,10.748439267923567,0.00985722879390737,4
GA,50,34,1.2673481851246138,10.61900620191114,0.004758889716867298,4
GA,50,35,1.2774512830921558,10.867164781576705,0.009356953759647766,4
GA,50,36,1.2714195819036642,11.100579303361195,0.004843607803766794,4
GA,50,37,1.2745484772329914,9.7794180662568,0.008471990518095877,4
GA,50,38,1.2871492448105704,8.145717413432873,0.005962274386807875,4
GA,50,39,1.3058270473059743,13.914909162684271,0.00957874868961904,4
GA,50,40,1.288493908077112,9.352052845310263,0.00752877409356837,4
GA,50,41,1.2793628364038503,10.466429648864748,0.009849863239914882,4
GA,50,42,1.2952123127529507,9.109494656777185,0.008860941520059288,4
GA,50,43,1.3227715369580064,6.626367705991192,0.006414324141478064,4
GA,50,44,9.000000046467715,50.680852363711224,0.003269500163121467,4
GA,50,45,1.2754795602588636,10.506241327883,0.00860167590451536,4
GA,50,46,1.2743172585386338,9.080759172632314,0.005256120376868141,4
GA,50,47,1.273790160997373,9.870142710885078,0.005583871001842247,4
GA,50,48,1.2862261661106107,10.84103383923625,0.006850223756737714,4
GA,50,49,1.2913227955959166,12.38128324152664,0.007555147989104267,4
GA,50,50,1.2858713783329478,9.796259135568532,0.007228410359768984,4
GA,60,0,Final_Cost_ITAE,Best_Kp,Best_Ki,Iterations_Run
GA,60,1,1.3140679610317356,7.415224518061358,0.0038232611520105345,4
GA,60,2,1.2735521324756756,10.56227582432257,0.005410728200353537,4
GA,60,3,1.2867944191180214,11.411148796211851,0.009314435077519953,4
GA,60,4,1.2954111071772054,8.719801891645114,0.008378897216395249,4
GA,60,5,1.2759475639617988,9.855612990449021,0.005770057763836573,4
GA,60,6,1.2793245865241467,8.547610074169416,0.005493642496975329,4
GA,60,7,1.2865760144002139,9.302852780249491,0.004411295629239366,4
GA,60,8,1.2844933879016427,9.655773286907449,0.006926564143720782,4
GA,60,9,1.289746096700488,9.48991528837258,0.007869502491364335,4
GA,60,10,1.2864804787604,10.215678765389852,0.0047828393454433646,4
GA,60,11,1.2690763534190403,10.019831717600933,0.005145275017070995,4
GA,60,12,1.2941497958128187,11.977976329550325,0.00710442511717252,4
GA,60,13,1.291480596685306,13.04707166242698,0.008875623195638067,4
GA,60,14,1.2733972218155707,11.176208151110723,0.00747520824925744,4
GA,60,15,1.2870888846600452,13.107563493788925,0.007117644106246761,4
GA,60,16,1.272427635345099,10.610986309839165,0.007725403682823202,4
GA,60,17,1.270519381380848,10.465940956433542,0.007615398962551945,4
GA,60,18,1.290969446438498,13.715235627009163,0.0066951586383817,4
GA,60,19,1.2710053435985824,11.21678121998988,0.007030444112195024,4
GA,60,20,1.3021583263350776,7.020441204689925,0.004175768103461564,4
GA,60,21,1.277327161744409,10.810858181340082,0.008788174752445572,4
GA,60,22,1.2889611148752238,13.15781339587003,0.007053898713902703,4
GA,60,23,1.269473640789398,10.540606219812535,0.005003879245363695,4
GA,60,24,1.2720286594866355,10.82883309317835,0.0074642189132661145,4
GA,60,25,1.2733398287896018,9.940680942029916,0.005490244591174075,4
GA,60,26,1.2785506302319454,9.564260657350228,0.009793017458293881,4
GA,60,27,1.284647908778663,10.000675533123331,0.007032396619122484,4
GA,60,28,1.286653000604295,11.53219975398016,0.00904723376520148,4
GA,60,29,1.2690947392870047,10.03894562625947,0.0050769897340428635,4
GA,60,30,1.315906311776711,6.806781871397291,0.006268189121852464,4
GA,60,31,1.2894451433742007,13.102483323401612,0.007710036821564239,4
GA,60,32,1.3252155222000641,6.937465109319777,0.009014551746353358,4
GA,60,33,1.2720971937791654,9.756395951045645,0.005275053128353224,4
GA,60,34,1.2861805328743459,11.440380923710451,0.006224138634575414,4
GA,60,35,1.2697753769637317,10.76588089574546,0.004921684035230309,4
GA,60,36,1.276243407622179,10.358446669374784,0.009549436122294738,4
GA,60,37,1.2692151210377207,10.686418979018155,0.004926000816846734,4
GA,60,38,1.2760015799585314,10.187109249930456,0.008396441452553461,4
GA,60,39,1.3010523746797498,8.180945698724875,0.00864671479809832,4
GA,60,40,1.2739567687609032,9.574432128270933,0.005483807071272911,4
GA,60,41,1.2719496835150037,11.022234180563174,0.004977011951630662,4
GA,60,42,1.291204979211895,12.857933148533904,0.009728748499360852,4
GA,60,43,1.2795871906161647,11.84603493932722,0.009624461171811817,4
GA,60,44,1.2929435498025104,8.623139411348937,0.003548330198705366,4
GA,60,45,1.288186287693216,10.57214932027809,0.0072669984622632,4
GA,60,46,1.292748027926743,9.141517806802417,0.00822619631487293,4
GA,60,47,1.2872894404779653,9.253970225504629,0.007220933647727642,4
GA,60,48,1.2808717673557746,12.581035067324986,0.007910288463593344,4
GA,60,49,1.2706355128479485,10.83192324905327,0.005004420581393347,4
GA,60,50,1.2868519388834163,10.422391164656494,0.004162638553285828,4
GA,70,0,Final_Cost_ITAE,Best_Kp,Best_Ki,Iterations_Run
GA,70,1,1.2817906227448126,10.219717949049366,0.0058170095298842065,4
GA,70,2,1.2704631301032585,10.41263915358548,0.006657792632224149,4
GA,70,3,1.2955072563414534,11.482607827128275,0.008107390838939705,4
GA,70,4,1.289418250632461,9.949865024942453,0.007800478099373131,4
GA,70,5,1.2844952355726553,10.005525707172362,0.007058409294083194,4
GA,70,6,1.28458810027926,12.506617006449268,0.008935254667945687,4
GA,70,7,1.2707942039244213,10.961749669611523,0.007294854833791148,4
GA,70,8,1.2946557041089968,12.519462145716332,0.007544695165083188,4
GA,70,9,1.2973072246831214,13.620560903902131,0.008540228204271236,4
GA,70,10,1.2744874460266657,10.912362745328162,0.007917937696097528,4
GA,70,11,1.3063597879508666,8.004051278593764,0.00950045689340552,4
GA,70,12,1.2962941922034024,11.56731018978644,0.008063214318852863,4
GA,70,13,1.2925768958396067,13.298599013630913,0.008393526955802642,4
GA,70,14,1.2716608235688691,10.985162172848451,0.004976184738981153,4
GA,70,15,1.2911285513813584,9.815034499001829,0.008023485117440337,4
GA,70,16,1.270038628516959,9.59034484300021,0.005778623949150572,4
GA,70,17,1.2799114256393764,9.83504277720074,0.006283761611170233,4
GA,70,18,1.2743886808025064,9.53581963611177,0.005464599067514173,4
GA,70,19,1.2747595169764094,9.94344925149594,0.008587691004330728,4
GA,70,20,1.2785482651402948,10.04755379217507,0.00984919910304735,4
GA,70,21,1.2735193953890327,11.082746663305267,0.005113556601883859,4
GA,70,22,1.2743131742213725,11.479597179492842,0.004767435100493981,4
GA,70,23,1.2966376039851055,8.754222485774493,0.008724966891238525,4
GA,70,24,1.2776903143642822,10.34271061709762,0.009972422223953123,4
GA,70,25,1.2806474074710275,9.30667446493465,0.00426230583461798,4
GA,70,26,1.2697733058077074,9.898194147070482,0.004439904253157962,4
GA,70,27,1.2717591991743904,11.062757670602222,0.007289855560091533,4
GA,70,28,1.2805455867573288,10.719404412187608,0.009852875401980652,4
GA,70,29,1.2716546160463658,10.858874434511156,0.005088650333126646,4
GA,70,30,1.2796948391418137,9.10191173335378,0.009779170134926093,4
GA,70,31,1.2909171664462697,13.026719015410572,0.009024259459332381,4
GA,70,32,1.2744339447007527,10.096587049303084,0.008571579698351546,4
GA,70,33,1.2882921575045876,11.240234759019305,0.007384682562503451,4
GA,70,34,1.295680845213776,13.335727555796998,0.009160273338481446,4
GA,70,35,1.269521780770053,9.927626625651873,0.005130976002791157,4
GA,70,36,1.2873808683759702,11.201699394306482,0.009965854717868906,4
GA,70,37,1.2816518405761324,9.126570953807127,0.005768721618630028,4
GA,70,38,1.2767627742124297,11.43476883613881,0.005207333791811183,4
GA,70,39,1.299836649373752,8.422872158270149,0.008968396720643841,4
GA,70,40,1.2950082385612867,8.330504109212685,0.004849265685894681,4
GA,70,41,1.2774632206007082,9.256120404341116,0.005635566238309149,4
GA,70,42,1.2786647704215612,8.910942378143362,0.005502711764267201,4
GA,70,43,1.2879270078197866,8.093389684422629,0.005964858187173911,4
GA,70,44,1.2798738820382425,9.329851463434068,0.0052373433041294016,4
GA,70,45,1.2866167241686415,8.715561677008305,0.004602169653627426,4
GA,70,46,1.267430044477404,10.080157378503026,0.004901302215580474,4
GA,70,47,1.29735233979599,13.504526342340622,0.008811779829037294,4
GA,70,48,1.274725239511478,11.098208822474755,0.005221642704740329,4
GA,70,49,1.2762580270885575,10.311731751193644,0.009695839682725867,4
GA,70,50,1.2718950849187365,10.178964298788394,0.004179839194882293,4
GA,80,0,Final_Cost_ITAE,Best_Kp,Best_Ki,Iterations_Run
GA,80,1,1.2743794869125828,9.770900449274128,0.0085059340105386,4
GA,80,2,1.275419251199086,10.046791687535837,0.005668159409668757,4
GA,80,3,1.272618958227794,11.00875280775427,0.005033457231725642,4
GA,80,4,1.2773057653850917,9.347730400970638,0.005643503641926762,4
GA,80,5,1.2697390213455744,10.632166335893341,0.0049528616610567365,4
GA,80,6,1.288216644658954,10.532445738391704,0.004253560516326107,4
GA,80,7,1.2920100601360642,7.801748884461068,0.005961128176286776,4
GA,80,8,1.2839355636477185,8.97653174105271,0.006126704346436431,4
GA,80,9,1.2776096143431026,10.347995889016214,0.009809391781482438,4
GA,80,10,1.3106317578148412,8.252969112575464,0.004728318403141757,4
GA,80,11,1.2864743569209725,11.575107758030743,0.006152452626743577,4
GA,80,12,1.2806742828675628,9.172243092199725,0.009990800630995453,4
GA,80,13,1.2776915259761905,9.650926237258789,0.003954627381422319,4
GA,80,14,1.2715509806731073,11.108355738143189,0.007196811864442927,4
GA,80,15,1.2809734744805075,11.183692857193192,0.005929044172078372,4
GA,80,16,1.27861112975764,9.805159266142459,0.009653970666028723,4
GA,80,17,1.2764734221026441,10.573619635124308,0.008871976304542319,4
GA,80,18,1.296761540144073,8.144057131423986,0.003481098070443312,4
GA,80,19,1.2681106781364744,10.280910206359742,0.005393379069263832,4
GA,80,20,1.2693679523819819,9.81760903928669,0.005067689571860004,4
GA,80,21,1.2811695426614251,9.274683246917077,0.006387512876802895,4
GA,80,22,1.2747219768435534,10.009672597305334,0.005651698383641557,4
GA,80,23,1.275915958620812,10.3101513685721,0.009972889927902594,4
GA,80,24,1.2789109023201257,10.778778293762839,0.009123368533109607,4
GA,80,25,1.2774818108994652,10.575375616698784,0.008994908631656213,4
GA,80,26,1.2718467387337815,9.293235822758803,0.005039074460067487,4
GA,80,27,1.275516989695729,10.16686822828538,0.007622373140344762,4
GA,80,28,1.270168637908562,10.168624309305068,0.006438254026036724,4
GA,80,29,1.2818420254980047,10.267194916264254,0.007999615467211962,4
GA,80,30,1.2720945761569746,10.88705380002455,0.0074719758276088405,4
GA,80,31,1.2764480551764912,10.139188114198873,0.00910718617326972,4
GA,80,32,1.2880521455838947,11.265381239298371,0.00666421620347514,4
GA,80,33,1.296832008310197,13.850029654641357,0.007522859733340148,4
GA,80,34,1.2734264728376836,9.545264472279394,0.005366817321295848,4
GA,80,35,1.2920830864329544,13.375943390812107,0.008110879104453173,4
GA,80,36,1.2789971658376167,10.14244674640624,0.005873811200795974,4
GA,80,37,1.2712073995971624,10.845750291929344,0.007398700698056852,4
GA,80,38,1.2772159169485382,11.735692035185254,0.0048998611057139065,4
GA,80,39,1.2751861693491398,10.276998818693453,0.006390041981615733,4
GA,80,40,1.2770818834723927,9.96726009597762,0.00936246945822508,4
GA,80,41,1.2729849023869146,9.717741616204151,0.005589723402551067,4
GA,80,42,1.2844185686156844,10.507378735460257,0.006721048268929575,4
GA,80,43,1.3497639900589211,17.18902563918888,0.008064853423788714,4
GA,80,44,1.2793462406694975,10.640377583157319,0.009598825668059205,4
GA,80,45,1.2878966290647356,8.844173250593924,0.004636029955681546,4
GA,80,46,1.2725072774855644,10.759148921453708,0.0076484902362681404,4
GA,80,47,1.2708717294906822,9.077711653106391,0.004986456464044132,4
GA,80,48,1.2763163373582422,9.74624595574758,0.008950055931035924,4
GA,80,49,1.2819070591932837,8.840619398161007,0.00962726290729611,4
GA,80,50,1.2742643867872783,10.015046047212502,0.008443656646089526,4
GA,90,0,Final_Cost_ITAE,Best_Kp,Best_Ki,Iterations_Run
GA,90,1,1.278304067504727,9.075700319605454,0.0054530529394790864,4
GA,90,2,1.2681684675014044,9.36058958021053,0.004763118089092189,4
GA,90,3,1.2742773100064027,10.324166196465583,0.009072789699144074,4
GA,90,4,1.2763783794118169,11.216155956472472,0.00530649734453903,4
GA,90,5,1.271397337002281,11.077435040455992,0.004870911849613056,4
GA,90,6,1.2887638836861541,12.768296333506985,0.006512580775458571,4
GA,90,7,1.2759025782410918,9.805528862113057,0.008933973680532946,4
GA,90,8,1.2810041302387478,10.670810256542865,0.006255713330348941,4
GA,90,9,1.2802212773611152,11.934304640697324,0.009809058941786094,4
GA,90,10,1.281775089026079,9.07867912443637,0.00428901046300686,4
GA,90,11,1.2767491074633437,10.455430790080813,0.008925056076916623,4
GA,90,12,1.275123681982046,10.557960782479286,0.008568287436676912,4
GA,90,13,1.279439402036086,9.352476139012566,0.006115011585027743,4
GA,90,14,1.2810194761439495,9.81139285497711,0.006540545889720208,4
GA,90,15,1.2671014943191317,10.48366017938404,0.004759263029182683,4
GA,90,16,1.2760100111378434,11.262346375602473,0.005236756837790149,4
GA,90,17,1.2782077575745185,11.794372815354578,0.009488932237246622,4
GA,90,18,1.279130198196468,9.289248477421497,0.006070700219994455,4
GA,90,19,1.283160049146376,12.184202475244023,0.009552840560263866,4
GA,90,20,1.2714201091341122,9.714567025602417,0.005356117388521079,4
GA,90,21,1.2849463419902822,13.117993298920618,0.006884001735721625,4
GA,90,22,1.2785129690423838,9.419867344791545,0.004100014007999166,4
GA,90,23,1.2726928935382658,9.59001354555701,0.004330417630132471,4
GA,90,24,1.2748833136438507,9.66082200802834,0.008583000843924698,4
GA,90,25,1.2978018660206703,12.916771289418561,0.0070126694196536565,4
GA,90,26,1.276141769579509,9.474578698086635,0.008871353788411964,4
GA,90,27,1.275946400216969,9.858192988472279,0.008935689930391984,4
GA,90,28,1.2710767878655944,10.826678571990586,0.007409356699389562,4
GA,90,29,1.2750968913584622,10.84495422357485,0.008082159751102921,4
GA,90,30,1.2909095565035673,8.929816669207481,0.007626697644672455,4
GA,90,31,1.275267914147195,9.72859742510748,0.00857399197663637,4
GA,90,32,1.275810985686421,10.574117084401413,0.008684883341398025,4
GA,90,33,1.2835814894323943,12.798549667556328,0.0076944176886833806,4
GA,90,34,1.2775887162963846,9.638469521526634,0.005987842644439337,4
GA,90,35,1.2734773522230731,10.076718634084573,0.008209725854269618,4
GA,90,36,1.2890250077412302,9.40496354776207,0.007781459026313508,4
GA,90,37,1.2730243122591696,10.511818689575533,0.008031879449104032,4
GA,90,38,1.2885463465674338,10.748220673016677,0.004298172255657986,4
GA,90,39,1.286798706932994,12.424037197191296,0.007027996752742341,4
GA,90,40,1.2781740677134925,10.256980660767239,0.006565581268376124,4
GA,90,41,1.284555739822889,9.720164679129812,0.00700987405710046,4
GA,90,42,1.2831480322820699,9.177426134508456,0.004417662748410864,4
GA,90,43,1.2750940990787,10.103459563561128,0.005803433506713138,4
GA,90,44,1.272117805736372,10.104119415176138,0.0053534822035106126,4
GA,90,45,1.2726323464119942,10.025420271506732,0.005507424093149743,4
GA,90,46,1.2866194517514238,11.561531367218267,0.006028125722073626,4
GA,90,47,1.2892319885882957,9.973561973254533,0.007774956536696139,4
GA,90,48,1.2786264199611044,9.438989229037217,0.009622822877248713,4
GA,90,49,1.2798688444681718,9.359280338412065,0.009797830241475272,4
GA,90,50,1.2893846687275823,10.02688979839164,0.007815012642519418,4
GA,100,0,Final_Cost_ITAE,Best_Kp,Best_Ki,Iterations_Run
GA,100,1,1.2772524515286894,9.412619915297055,0.005862886057384479,4
GA,100,2,1.2747015625026688,10.627724969971313,0.008258906087763808,4
GA,100,3,1.2735494739926048,11.34056214085202,0.004853998667032483,4
GA,100,4,1.2801143507044679,11.45333299716972,0.00556375648806645,4
GA,100,5,1.2715599227857115,10.727028946187465,0.007435807697331596,4
GA,100,6,1.271853307928555,10.500285222185672,0.007775852573414324,4
GA,100,7,1.284189751939154,9.997008525098257,0.006938640702780737,4
GA,100,8,1.2706810231340613,10.99333156647898,0.004849218611550135,4
GA,100,9,1.2874528156101475,13.454941440810474,0.006266016356311215,4
GA,100,10,1.2758956004397264,9.551273774337544,0.005781029454319001,4
GA,100,11,1.2794975527894803,10.671230420833488,0.006020430277772779,4
GA,100,12,1.272367695954187,10.728989269279788,0.005224598630333734,4
GA,100,13,1.2786739452327485,8.912729523761913,0.005575809813637829,4
GA,100,14,1.277807819220198,9.3017853596642,0.005608180597826987,4
GA,100,15,1.2679939460046943,9.891390898458983,0.0049544191965321645,4
GA,100,16,1.265848682922242,10.13149081227472,0.004842330053220256,4
GA,100,17,1.2804747728120767,9.073800414747165,0.009705011809644483,4
GA,100,18,1.283238968389497,11.845562721380324,0.005395774391014306,4
GA,100,19,1.2776240195024533,11.58549696566684,0.005116948033318961,4
GA,100,20,1.284843842822888,11.703854467045549,0.005807459043573449,4
GA,100,21,1.2776420480313129,10.448446908623756,0.005846154647501342,4
GA,100,22,1.2937352331797436,9.168234063997566,0.008392583260977944,4
GA,100,23,1.282860889568422,11.998737618137445,0.005060537686238666,4
GA,100,24,1.27589357806236,9.680820269014601,0.008699617543352902,4
GA,100,25,1.2730879243313047,9.819488163037393,0.005433350354011468,4
GA,100,26,1.2789664406516275,9.972051422606786,0.009882018535486236,4
GA,100,27,1.3590074656988398,6.278048199788983,0.0027647522424008243,4
GA,100,28,1.2723150027224135,10.964939910030672,0.007362936824959242,4
GA,100,29,1.2888561147149447,12.886465441597794,0.006188927601549917,4
GA,100,30,1.284057227264847,10.471669075147805,0.006740194200434154,4
GA,100,31,1.2808617845116579,10.525474542929574,0.0063462210288411725,4
GA,100,32,1.27479246265672,10.676508694436373,0.008232276574296517,4
GA,100,33,1.2742725389154927,11.294980443019057,0.004982601195588541,4
GA,100,34,1.2729583682652978,8.962317706443141,0.005082658874616635,4
GA,100,35,1.2777674088807016,9.544213591580663,0.004025354246941308,4
GA,100,36,1.317287055391419,7.430734974950933,0.008851707202846792,4
GA,100,37,1.2712494959169138,11.01321105329861,0.007253260943176308,4
GA,100,38,1.2715149544740305,10.834604525688029,0.007558137518262409,4
GA,100,39,1.2690947916655806,9.933123068692714,0.005177390235325206,4
GA,100,40,1.2745766367361844,9.868176483853816,0.008599286352348655,4
GA,100,41,1.2767394327906167,10.997438811413968,0.008498124954876887,4
GA,100,42,1.2932421402141727,8.740046638183559,0.007826718842374032,4
GA,100,43,1.2845488385004022,11.251095469314585,0.006238940799512987,4
GA,100,44,1.2742822940749896,11.295185686352545,0.005001787185540881,4
GA,100,45,1.2747978909831954,10.20088098371626,0.007477372865532904,4
GA,100,46,1.2922256969314383,8.69005518491337,0.007633172337056434,4
GA,100,47,1.2872006153441635,12.400682746541374,0.009697982420343544,4
GA,100,48,1.280645037326561,10.991742462149336,0.006009444842652124,4
GA,100,49,1.2882123702597512,12.179324338593812,0.007423103845466138,4
GA,100,50,1.2684004865221892,9.820348776256257,0.005034452971790126,4
PSO,10,0,Final_Cost_ITAE,Best_Kp,Best_Ki,Iterations_Run
PSO,10,1,1.5095417289872826,3.522905178945042,0.00693436841362267,4
PSO,10,2,1.2928196243383008,11.33065961115253,0.007399590813927046,4
PSO,10,3,1.334564448233463,16.480264704934253,0.00890406050773642,4
PSO,10,4,1.3286610519829938,6.482247971779767,0.0051224337825392504,4
PSO,10,5,1.446418856972646,22.87401586284731,0.008554363304661711,4
PSO,10,6,1.3120793282710967,7.313984090557237,0.007890941384934378,4
PSO,10,7,1.2899102357192929,12.987727511819172,0.006048907488505217,4
PSO,10,8,1.3096732915885325,14.0473200432212,0.006110082666148186,4
PSO,10,9,1.4365821783056472,22.385511473618305,0.008903906564457656,4
PSO,10,10,1.4919734091708394,25.08172527400167,0.009665395153943357,4
PSO,10,11,1.2770946441184146,9.681771961344499,0.009259894351120615,4
PSO,10,12,1.300016875669599,8.19855595866718,0.004926771325825241,4
PSO,10,13,1.2765961709003424,11.611538542333403,0.004929497176100812,4
PSO,10,14,1.4099780007825506,20.691810459077843,0.009629962498620184,4
PSO,10,15,1.2891304396829448,13.497888558003645,0.006884844433011881,4
PSO,10,16,1.4329781922583915,21.312859460120873,0.008095866902360143,4
PSO,10,17,1.323321867356185,15.473388152181741,0.007451018203834854,4
PSO,10,18,1.535198719108512,26.91379701364865,0.008605295344868296,4
PSO,10,19,1.3294121599226645,6.371750689340767,0.004825792101724862,4
PSO,10,20,1.639767116073286,30.810265318517764,0.003837583887017781,4
PSO,10,21,1.330587611992392,16.144795664361368,0.008863841701247328,4
PSO,10,22,1.2745257548379616,8.852494240500901,0.005274483113752805,4
PSO,10,23,1.2801705645755845,12.130344547204778,0.008900966630140438,4
PSO,10,24,1.2907713546753197,12.022404093655082,0.008339166511074551,4
PSO,10,25,1.4686929390346353,23.93277996668009,0.008722444130162007,4
PSO,10,26,1.278742382253252,9.336455495428794,0.009510530691327736,4
PSO,10,27,1.2865748234793648,12.320026949287682,0.009853531076792333,5
PSO,10,28,1.379890262836898,18.84471078540279,0.008505949827937415,4
PSO,10,29,1.2831721849496969,11.90658123223764,0.00531457474577289,4
PSO,10,30,1.2996439953781156,14.000370631898482,0.007659140676267541,4
PSO,10,31,1.2909508816471995,12.519291716779563,0.009769499879722119,4
PSO,10,32,1.2677608702618837,10.102845558110298,0.004945040146597255,4
PSO,10,33,1.2747057034685405,9.336982950684401,0.005137579441662847,4
PSO,10,34,1.2681287380231996,9.968985337065964,0.004370593616811169,4
PSO,10,35,1.278162185896724,11.932237985835908,0.00912604971972564,4
PSO,10,36,1.492706390166514,25.151543927305973,0.009594894945095961,4
PSO,10,37,1.3264673518677266,6.575180848155662,0.006475473822231279,4
PSO,10,38,1.3241757114865254,6.787197469242978,0.008165299032583478,4
PSO,10,39,1.2966899079372716,8.837631392662635,0.003992413157769085,4
PSO,10,40,1.3123556855686358,7.168037321193178,0.007452981014849584,4
PSO,10,41,1.27539310116785,8.940948026951505,0.00534573902054041,4
PSO,10,42,1.2864786511806832,11.972984747173951,0.005702657661098424,4
PSO,10,43,1.6926147604284723,2.1693088352998022,0.0016868702992868245,4
PSO,10,44,1.3089395391589658,14.030855466411438,0.00999503843281939,5
PSO,10,45,1.3430118924981893,5.870057750194643,0.002881786963053965,4
PSO,10,46,1.2920729550373267,7.864507447487148,0.006102506369260989,4
PSO,10,47,1.324072590695679,6.602854813394348,0.0032687860875023986,4
PSO,10,48,1.3011719021822437,8.181483733652545,0.008543810326984968,4
PSO,10,49,1.3029832934239312,8.039552161882675,0.007440876727579177,4
PSO,10,50,1.3295269448780378,6.500730156600293,0.0077252841262757,4
PSO,20,0,Final_Cost_ITAE,Best_Kp,Best_Ki,Iterations_Run
PSO,20,1,1.2767738352382105,9.776420524150657,0.006017668505835288,4
PSO,20,2,1.3404050715561806,6.315950790218024,0.0059819361328582316,4
PSO,20,3,1.3048426228069212,8.227158398678966,0.0041254734164414,4
PSO,20,4,1.2774139748046376,11.513429320076725,0.005173746834385914,4
PSO,20,5,1.272275474624125,10.387526043336683,0.007805641343177551,4
PSO,20,6,1.2869804601566195,12.03866283464009,0.007746772005837346,4
PSO,20,7,1.2772689764315819,11.236665964540107,0.0054550077345847554,4
PSO,20,8,1.283638011896657,11.484031364058918,0.00590036582786541,4
PSO,20,9,1.2760793131118378,9.984121453760293,0.005772144196835586,4
PSO,20,10,1.2746528520009426,10.194479104172716,0.007674765173751555,4
PSO,20,11,1.2956707980632614,12.254857504972122,0.007997506505312932,4
PSO,20,12,1.275285713629634,11.550675619191002,0.005960362173880206,4
PSO,20,13,1.284073233161106,11.77338663125899,0.005617479918297252,4
PSO,20,14,1.2774368549294428,9.835636353565844,0.005941688686984363,4
PSO,20,15,1.3192073760467073,6.9757870810937,0.007992130133077579,4
PSO,20,16,1.2900481285598275,9.276566416491574,0.007786547822998356,4
PSO,20,17,1.2911937177548274,8.309933642186296,0.006612852433759377,4
PSO,20,18,1.2763414282225563,9.57652693249592,0.008826278180466706,4
PSO,20,19,1.27612186791398,9.445693683458856,0.005720399366886444,4
PSO,20,20,1.3035062269761024,8.18560903233842,0.009333509224945242,4
PSO,20,21,1.286084867622581,12.595990643577247,0.008833642902068124,4
PSO,20,22,1.3298900106036156,16.32960790567671,0.008336749805936378,4
PSO,20,23,1.2701903434942825,10.345048172966033,0.005470143940788344,4
PSO,20,24,1.2832064513464674,12.574610842150175,0.008269084996393944,4
PSO,20,25,1.2691195477794703,10.570931219806022,0.004939524290734695,4
PSO,20,26,1.2993357633562186,13.564749048995372,0.009231909624781333,4
PSO,20,27,1.2672846862569842,10.016914129318419,0.004969463587940883,4
PSO,20,28,1.3849697293993934,19.08435019926208,0.00808449080822551,4
PSO,20,29,1.290858056237302,13.617481928308539,0.007054705729286185,4
PSO,20,30,1.267110153023825,10.254157719043185,0.005686093012078063,4
PSO,20,31,1.2846118052041675,12.809959387044847,0.007878356554042312,4
PSO,20,32,1.2751358618192763,11.551387664355081,0.004761920074502659,4
PSO,20,33,1.288232216707806,13.380850827470466,0.00656252411321914,4
PSO,20,34,1.2829851005824828,10.133687918597865,0.006802320344012413,4
PSO,20,35,1.3941699261822087,5.01835519190708,0.00970644990882049,4
PSO,20,36,1.2761069804961083,11.566091277955966,0.004944222055169447,4
PSO,20,37,1.2764902390551256,9.933408001303768,0.009076807539921752,4
PSO,20,38,1.3009293386585066,7.241822520713225,0.004406176565159369,4
PSO,20,39,1.2904903094267732,13.027434539282101,0.007833647789261773,4
PSO,20,40,1.2751075084084456,11.419126213319357,0.0049430839376834335,4
PSO,20,41,1.285803262698162,12.701620160675724,0.008416908660014887,4
PSO,20,42,1.2959828933038466,11.222161888322294,0.008502501486515171,4
PSO,20,43,1.3003999513408024,13.797744406613548,0.008626498717194755,4
PSO,20,44,1.370853864538403,18.45014141852485,0.009604622038767196,4
PSO,20,45,1.308051172005751,7.162310256949332,0.004955211140714757,4
PSO,20,46,1.2906928604450691,8.695404403419333,0.007373582127410181,4
PSO,20,47,1.2723625561086365,9.024235496885693,0.005148080167599755,4
PSO,20,48,1.2893191736999858,7.573172776389489,0.004165222263369892,4
PSO,20,49,1.2998500635264318,8.424233234429705,0.00890745187174891,4
PSO,20,50,1.2811280721827822,12.584004058984771,0.007836224967229778,4
PSO,30,0,Final_Cost_ITAE,Best_Kp,Best_Ki,Iterations_Run
PSO,30,1,1.2738608822220727,10.059627302350274,0.008365064534317929,4
PSO,30,2,1.2823170170397535,12.336204342679284,0.008785329692492998,4
PSO,30,3,1.2786114309806802,11.886175964070464,0.009227067683089686,4
PSO,30,4,1.283315452319675,12.350322783048169,0.009031428696271455,4
PSO,30,5,1.3043483700292895,8.038141751260405,0.005340314645736229,4
PSO,30,6,1.276853232266124,9.778938790400815,0.0058676702123512765,4
PSO,30,7,1.3018439143660523,14.202544392412774,0.0076575824096153985,4
PSO,30,8,1.298558835760302,13.505793560947271,0.009271415771439516,4
PSO,30,9,1.2878004601371908,11.43482285449866,0.009148285388908063,4
PSO,30,10,1.2753327206473208,10.336798418644461,0.00924474615306695,4
PSO,30,11,1.2857283118313694,9.476949251128216,0.007048084146178413,4
PSO,30,12,1.2683685604152515,10.371211964147353,0.005250700818665901,4
PSO,30,13,1.2763805580854775,9.788826414787847,0.009093856189031203,4
PSO,30,14,1.2945635977561658,8.990525428478973,0.008567226775755436,4
PSO,30,15,1.2844528306731229,12.757339066553465,0.007968607879769574,4
PSO,30,16,1.291554731843318,12.34745903004305,0.00765254170384384,4
PSO,30,17,1.2664188945229848,10.360438258694874,0.005012780671186084,4
PSO,30,18,1.271780332704812,9.213689675421723,0.005034246052302302,4
PSO,30,19,1.268261482509966,10.106210808414346,0.005044210926761546,4
PSO,30,20,1.2965905861821707,8.212057075861491,0.003503664407051334,4
PSO,30,21,1.3239421065729522,15.214216655645119,0.008908890930785904,4
PSO,30,22,1.2689423868403085,9.906154835879084,0.00510089587708239,4
PSO,30,23,1.3039863986378555,7.102328438237271,0.004539540339034534,4
PSO,30,24,1.2815998734155443,12.425223194684198,0.008472216825612921,4
PSO,30,25,1.2843366628648694,10.626306723362706,0.006651534598271272,4
PSO,30,26,1.2895556932632546,13.153701941019458,0.007788531523281153,4
PSO,30,27,1.2691248305407605,10.479541570187303,0.004994164634933376,4
PSO,30,28,1.272489861504705,9.611428559538266,0.005427276665052327,4
PSO,30,29,1.279311487096151,10.479271935928347,0.009782722346774863,4
PSO,30,30,1.3219846012400778,6.794566442635164,0.007719903452963685,4
PSO,30,31,1.270514916131391,11.104125768569823,0.00474403497814047,4
PSO,30,32,1.2836406791210953,12.752112624184859,0.007966637804411487,4
PSO,30,33,1.2832438911018043,12.876413678271366,0.007444143461217497,4
PSO,30,34,1.3143171784319994,14.701981366243725,0.008563219253886091,4
PSO,30,35,1.2902963799881948,13.085651482048963,0.008234077861996671,4
PSO,30,36,1.3041975788332438,14.21730610073081,0.008200877913517134,4
PSO,30,37,1.276189032411272,9.081861351758418,0.005340466426470174,4
PSO,30,38,1.2693181931423083,9.747981920239742,0.004956647172581842,4
PSO,30,39,1.278237777553722,11.606054606759761,0.009997536783821667,4
PSO,30,40,1.4268970558230283,21.7925643634036,0.008693267839796728,4
PSO,30,41,1.2984069039973742,14.258004532212976,0.007144055787627402,4
PSO,30,42,1.267822639920313,10.008060299993312,0.004973798337950293,4
PSO,30,43,1.272496439267409,9.178372713395511,0.005078218003136465,4
PSO,30,44,1.2791416054012794,9.875980799396661,0.009998106476246096,4
PSO,30,45,1.2779322241062778,8.930546432259343,0.005477441941958123,4
PSO,30,46,1.354748771766771,17.667373476421883,0.007276549239229987,4
PSO,30,47,1.2783007692276263,9.545682244196996,0.009522716240566128,4
PSO,30,48,1.2886176737704602,10.6513641787728,0.00438108816825349,4
PSO,30,49,1.27455363455462,8.827572066083908,0.005223714058240767,4
PSO,30,50,1.2981603574956435,7.8276379161788565,0.0037923127229488526,4
PSO,40,0,Final_Cost_ITAE,Best_Kp,Best_Ki,Iterations_Run
PSO,40,1,1.2762809172077194,9.775545129933862,0.008810837379359929,4
PSO,40,2,1.2791562072699438,11.742191999490817,0.009840010340201192,4
PSO,40,3,1.277195785432918,9.390415010401313,0.005699687808456654,4
PSO,40,4,1.3096777024869901,7.732034533397151,0.003930852741599989,4
PSO,40,5,1.2797034876720788,10.520548849565461,0.009756475464602666,4
PSO,40,6,1.2810885797669445,12.047736010943506,0.009428930917531768,4
PSO,40,7,1.271373834515354,10.914295122100334,0.004965634104052182,4
PSO,40,8,1.2754378962068564,9.668283511460787,0.008763987234683109,4
PSO,40,9,1.2717171714173263,9.878491719609773,0.005496707663897875,4
PSO,40,10,1.2881792476564895,7.893443415603922,0.005759025263827194,4
PSO,40,11,1.2871766407532874,11.885520721591925,0.005954659413121364,4
PSO,40,12,1.2780145013407895,10.6400287698429,0.009472098199484403,4
PSO,40,13,1.2714217968813755,10.575574991180124,0.005279158933040143,4
PSO,40,14,1.2795453820026885,9.40352076560528,0.009803446917699032,4
PSO,40,15,1.2838319921468004,8.662284591635576,0.009961969644856837,4
PSO,40,16,1.2810600540289192,9.17198342873056,0.006365772980026936,4
PSO,40,17,1.2953072645090615,12.921830063406816,0.005199455777383215,4
PSO,40,18,1.2753941757745193,9.77098437375791,0.005781157151034771,4
PSO,40,19,1.2669569998020709,9.945609697338964,0.004659184763291215,4
PSO,40,20,1.2668253928677107,10.401883017208151,0.005315643515210801,4
PSO,40,21,1.2744082465508404,9.887095387958434,0.008291815211049937,4
PSO,40,22,1.2752947211759913,10.5421148120245,0.008467921843472323,4
PSO,40,23,1.273273941140418,10.69195776270297,0.007952048757923717,4
PSO,40,24,1.2880437794613715,8.59968239721448,0.006281266791748168,4
PSO,40,25,1.277417653526655,11.705956966850142,0.004890910348557856,4
PSO,40,26,1.274551013624625,10.110350547783888,0.00565926028098271,4
PSO,40,27,1.272235357483977,11.049815354450338,0.0074622830987230255,4
PSO,40,28,1.2845269580267369,11.93745604764127,0.005473498885358423,4
PSO,40,29,1.2669254652114934,10.565274829725277,0.004729906572643658,4
PSO,40,30,1.277236111517299,10.484988942409446,0.005961707929269238,4
PSO,40,31,1.2764789248236508,10.782078163258756,0.00991324913076956,4
PSO,40,32,1.2677884882825392,10.568275241935313,0.004819870257593406,4
PSO,40,33,1.2884866160309492,12.673549545489292,0.008934813522725089,4
PSO,40,34,1.2741074163581214,11.076730587103576,0.008233119893065627,4
PSO,40,35,1.2758709507314787,9.576929717195863,0.004859084690567672,4
PSO,40,36,1.2752719995068893,9.371636243001298,0.005088213666367261,4
PSO,40,37,1.2840577769277737,8.392610577329137,0.0058427826652394715,4
PSO,40,38,1.2712717194803687,10.503033844164401,0.0076450146254941195,4
PSO,40,39,1.2884052581237755,9.63501389811848,0.0076373399045123296,4
PSO,40,40,1.292460721852631,8.09122282744456,0.006509847641010361,4
PSO,40,41,1.2782390070074723,9.366951868409709,0.00924391591138246,4
PSO,40,42,1.2732523434809857,10.388132668440278,0.007753632401193129,4
PSO,40,43,1.2974858446967308,7.359296336322897,0.004481572837556371,4
PSO,40,44,1.2731293582409449,10.728750740736341,0.007726060982913902,4
PSO,40,45,1.2740567819348454,9.512447328758254,0.005447395590822176,4
PSO,40,46,1.2825814086021374,12.054180908689206,0.009869477862332584,4
PSO,40,47,1.2725788449656599,10.989533526820496,0.005032612447274617,4
PSO,40,48,1.2991675886896692,7.426802114545318,0.006173126767036194,4
PSO,40,49,1.2687110258681131,9.663524790884384,0.004586380759541086,4
PSO,40,50,1.3226949499774587,6.761895203614333,0.005402917282096703,4
PSO,50,0,Final_Cost_ITAE,Best_Kp,Best_Ki,Iterations_Run
PSO,50,1,1.271831264646018,10.803902330962785,0.007584055865170333,4
PSO,50,2,1.2715019317468854,10.921989178489591,0.007387247691731184,4
PSO,50,3,1.2689845311732968,10.451867534277822,0.00495420998804224,4
PSO,50,4,1.2680747397503362,10.577529569640717,0.004861676604155443,4
PSO,50,5,1.2821156244118659,12.22164604728821,0.009176761713257233,4
PSO,50,6,1.2833444495456776,8.98558229778507,0.006209984705708469,4
PSO,50,7,1.265636714496327,10.133343051215066,0.0047242910427690975,4
PSO,50,8,1.2712813278399662,11.118424309063162,0.007123720696454572,4
PSO,50,9,1.2711041693328662,10.570971386093358,0.007542306143150286,4
PSO,50,10,1.2713602396065775,9.730834390290354,0.004739531744069758,4
PSO,50,11,1.2793054059084046,9.179752508152513,0.009156718179022572,4
PSO,50,12,1.287225193005331,12.387728176219538,0.007157888537486348,4
PSO,50,13,1.2752330960452731,9.491498019240979,0.005605730491389684,4
PSO,50,14,1.2759802516562826,10.331935035995524,0.009428994986168683,4
PSO,50,15,1.2716043178888208,10.844137281106214,0.005058107111813389,4
PSO,50,16,1.2844053156284454,12.900925998871417,0.007520957893113905,4
PSO,50,17,1.2736045517727246,10.431474250111888,0.005567146580927618,4
PSO,50,18,1.2704358405382143,10.25073809363695,0.006105171325370512,4
PSO,50,19,1.2760561410401134,11.268286436134916,0.005253413155055985,4
PSO,50,20,1.28134565845248,9.212641106520241,0.006360110975954901,4
PSO,50,21,1.267940756607251,10.069111493482922,0.005047272119450011,4
PSO,50,22,1.2868658272176041,13.208193043081678,0.006764844830327233,4
PSO,50,23,1.2774617271768396,10.065503920883259,0.006111365262968528,4
PSO,50,24,1.2810837365722851,9.115468564257924,0.006039359901621557,4
PSO,50,25,1.2663397401870409,10.07802048094,0.004778380239736028,4
PSO,50,26,1.2784532510818347,10.28978851636338,0.0069022496792038816,4
PSO,50,27,1.2710561295228926,10.316194271459754,0.004941651470275526,4
PSO,50,28,1.2826055639477543,11.191004313385868,0.008102249578252556,4
PSO,50,29,1.2834284314296227,9.78978602579413,0.006797124724425849,4
PSO,50,30,1.2864197087414635,10.954749694246187,0.009670563550260839,4
PSO,50,31,1.2727349214384474,9.09235480874718,0.005082032066617389,4
PSO,50,32,1.2861944295515573,8.45661920822044,0.00609957537725204,4
PSO,50,33,1.2687989593123883,10.65608877299747,0.004919931462437646,4
PSO,50,34,1.2904245390260154,9.408914433667286,0.008010799040716707,4
PSO,50,35,1.2725120049459333,9.43286017778784,0.004979874860289216,4
PSO,50,36,1.2673866938226472,9.661810582947888,0.004593303675727555,4
PSO,50,37,1.279965103126929,9.398926638686405,0.005184143232765893,4
PSO,50,38,1.2904499970843795,13.540421840797016,0.0071795906098340205,4
PSO,50,39,1.2738188414688145,11.151831520552514,0.007523499136971552,4
PSO,50,40,1.2681646469557706,10.005861980294249,0.004912014532171891,4
PSO,50,41,1.2815894030402348,11.220516629197158,0.005961235825740998,4
PSO,50,42,1.29672734203068,13.242850698905587,0.00995434464585507,4
PSO,50,43,1.2697705742843493,9.537792866892392,0.004793771340141482,4
PSO,50,44,1.2754110780989278,9.837418728770755,0.008774483014331546,4
PSO,50,45,1.3123288976459977,7.025262131736781,0.00687480309688685,4
PSO,50,46,1.299166338936044,7.722298527372191,0.006975865612609851,4
PSO,50,47,1.2727037279048858,9.698205107329215,0.005440283666579773,4
PSO,50,48,1.2820712038228133,9.490683308668501,0.006587340641898898,4
PSO,50,49,1.2772414427494876,11.58372975978255,0.009927581694646286,4
PSO,50,50,1.303770389190962,7.541831917518742,0.007104130699712643,4
PSO,60,0,Final_Cost_ITAE,Best_Kp,Best_Ki,Iterations_Run
PSO,60,1,1.2736471093702075,10.299052052897318,0.005393044891333033,4
PSO,60,2,1.27158210298548,9.703971173272432,0.0053369340071232,4
PSO,60,3,1.2871366837426084,12.292724795645272,0.0072524790303146545,4
PSO,60,4,1.287233476632815,7.942961417879662,0.005671298342469626,4
PSO,60,5,1.2685863675281497,10.672949476459525,0.004815009819751686,4
PSO,60,6,1.2716049917385794,10.922334365016503,0.0073610078561881535,4
PSO,60,7,1.280662614611768,10.18666061160178,0.009313550212264515,4
PSO,60,8,1.2802072993097147,9.207808922138344,0.005833526074409231,4
PSO,60,9,1.2746513992496207,10.297893486963684,0.0063104005118374586,4
PSO,60,10,1.2777780237577951,9.45231652851322,0.009465329048005486,4
PSO,60,11,1.2716567827494918,10.44432417920108,0.007911338311536224,4
PSO,60,12,1.2709782317769447,10.36684012999923,0.005515375701864598,4
PSO,60,13,1.2759034697030789,9.552284247340657,0.005777608440717172,4
PSO,60,14,1.2737267286902965,9.884289755250078,0.00826659461350318,4
PSO,60,15,1.2795440095680513,10.202443766905732,0.004104516784405529,4
PSO,60,16,1.270834359162258,9.883203661699788,0.004396736381902178,4
PSO,60,17,1.2750865193321768,10.558624705957563,0.008528191730816754,4
PSO,60,18,1.270921186449374,10.98149117257231,0.007187132504756502,4
PSO,60,19,1.2784528333034113,9.237182920030293,0.005735753909783419,4
PSO,60,20,1.2762904815973468,9.778056283112218,0.008979362366209099,4
PSO,60,21,1.2749649132370884,11.117612024357625,0.007737344412606134,4
PSO,60,22,1.2667832266327084,9.98100061623673,0.004678631176752135,4
PSO,60,23,1.2797011934798856,9.349280691371234,0.009957615620669637,4
PSO,60,24,1.2760181867014513,9.491944900211319,0.005814000698215328,4
PSO,60,25,1.2837833922626911,12.503400745516826,0.0084681423338655,4
PSO,60,26,1.2807179761746292,9.882588709648108,0.006410146644470673,4
PSO,60,27,1.2722300512000042,10.408056637736339,0.008273485369948028,4
PSO,60,28,1.2687879943408082,10.099884157857288,0.005023073501610991,4
PSO,60,29,1.2718240737632667,10.496408155450348,0.007754743302855912,4
PSO,60,30,1.2713341730875285,10.768702589446333,0.005080294833162051,4
PSO,60,31,1.2784942948083073,9.241537264138206,0.009270226859173388,4
PSO,60,32,1.2738343149607068,10.492918008206738,0.008083570082067846,4
PSO,60,33,1.2762570198060006,11.209035784264072,0.0053937790953368986,4
PSO,60,34,1.2808947541053957,11.050155032031155,0.0060811529594617065,4
PSO,60,35,1.2722391809556985,10.60271034604961,0.005239240617612157,4
PSO,60,36,1.276614538180741,9.867503380657226,0.009157147329029523,4
PSO,60,37,1.272313112907948,11.234310372912958,0.007215905329245357,4
PSO,60,38,1.2660965152050379,9.968757502152517,0.004530820211133261,4
PSO,60,39,1.2859856583101719,12.371444955794606,0.009622088109160985,4
PSO,60,40,1.2782479616708622,12.143926953324025,0.007924964171965452,4
PSO,60,41,1.2711984286897586,10.73278835398524,0.005115228764329506,4
PSO,60,42,1.2793448144710864,12.012105730214147,0.009127003425632128,4
PSO,60,43,1.2682890657731913,9.895977342650946,0.004823937236266958,4
PSO,60,44,1.277064079053297,10.355013402926547,0.009719759037764942,4
PSO,60,45,1.2726168889525602,10.159726847356204,0.008067256436680936,4
PSO,60,46,1.277957451422324,10.598266674641788,0.005967094211685372,4
PSO,60,47,1.2729677828549806,10.572467586607821,0.005333628291344371,4
PSO,60,48,1.27794995751708,8.724367616899787,0.005418653467671372,4
PSO,60,49,1.2775964343121133,9.466320421965904,0.004049619219482671,4
PSO,60,50,1.2751974402266324,10.88336079894671,0.005462857170992867,4
PSO,70,0,Final_Cost_ITAE,Best_Kp,Best_Ki,Iterations_Run
PSO,70,1,1.266349285266749,9.485674013782731,0.004678942264148783,4
PSO,70,2,1.2738571256686584,10.28048379184679,0.006125965261821493,4
PSO,70,3,1.2787753912093234,11.746961655379287,0.009550115816825756,4
PSO,70,4,1.2670770171143186,9.970763217301341,0.004408491828558484,4
PSO,70,5,1.2769799297555853,9.297354366286505,0.008970399906305085,4
PSO,70,6,1.2745369990424362,10.90789520216761,0.00803519358875855,4
PSO,70,7,1.2882550855261128,8.782103321694297,0.00632550233709813,4
PSO,70,8,1.2715129341515903,10.359025054917034,0.005529262273613323,4
PSO,70,9,1.2747801388105324,11.411081555995166,0.004901395840830363,4
PSO,70,10,1.2923910752449457,8.633776862404165,0.007538255363576884,4
PSO,70,11,1.2707163161763142,10.938344929432152,0.0048897602200401,4
PSO,70,12,1.2882676852408907,10.098959942398457,0.007466741993784816,4
PSO,70,13,1.2784685169606593,8.448854979210925,0.005341099313733173,4
PSO,70,14,1.2664816133766155,9.959473905180785,0.004712669183383655,4
PSO,70,15,1.275765298986733,8.985839844592896,0.005354826311343737,4
PSO,70,16,1.2799291282767298,9.380538053335098,0.006269947544001801,4
PSO,70,17,1.2713096023249708,10.127925570407475,0.005293867894859686,4
PSO,70,18,1.2740718862349825,11.130770265870588,0.007906536743690337,4
PSO,70,19,1.2782159056487277,9.865613386109366,0.006133496531364843,4
PSO,70,20,1.2729120867552752,9.785155416833819,0.004594677277440359,4
PSO,70,21,1.2859141440813155,12.478602818374636,0.009101581749604393,4
PSO,70,22,1.2724586087340128,9.014679935707422,0.005143574301337131,4
PSO,70,23,1.2772738328304165,9.468797006270453,0.005914816358942783,4
PSO,70,24,1.2789725464246753,9.574162587156854,0.004054175090109305,4
PSO,70,25,1.2788207918734926,9.973767413073388,0.009904588962508166,4
PSO,70,26,1.2686773712460924,9.345881416189396,0.004801862255326247,4
PSO,70,27,1.2745247877411445,10.088574808689568,0.008514353589649623,4
PSO,70,28,1.2834844621496648,10.232069216135367,0.009057771973369143,4
PSO,70,29,1.3204040941580788,7.2053457548656406,0.0099717420349848,4
PSO,70,30,1.2681611633675973,10.58339914741626,0.004846269749599529,4
PSO,70,31,1.2765868690779831,8.509822605630465,0.005282976259622611,4
PSO,70,32,1.2877254053604066,13.310551531127674,0.006468680237561378,4
PSO,70,33,1.2731219760591814,8.921782994258734,0.005146037606250108,4
PSO,70,34,1.2790867560642667,10.400762378990674,0.004909285316708206,4
PSO,70,35,1.2740872367190021,9.67929925910855,0.008561799173779439,4
PSO,70,36,1.2722864771014646,9.94856577630153,0.005508954541232875,4
PSO,70,37,1.2814161736361,12.68729323661249,0.007743326218576745,4
PSO,70,38,1.2768369237163109,10.168216796154244,0.0050297275196612545,4
PSO,70,39,1.2736646680615922,10.744146894821625,0.005274444245374888,4
PSO,70,40,1.2776106377649772,9.266913736052986,0.009080595761216071,4
PSO,70,41,1.2859712186451624,12.564128645177293,0.00894359392934845,4
PSO,70,42,1.2697646386643604,9.205697574072737,0.004971354837975926,4
PSO,70,43,1.268605138197568,10.845633381704136,0.0047442828968716575,4
PSO,70,44,1.277589697032746,9.622773433025184,0.0060985900042836196,4
PSO,70,45,1.287258478024813,12.813417693469516,0.006217750626370705,4
PSO,70,46,1.2757104692224286,11.086783223105192,0.008069634882357906,4
PSO,70,47,1.2726967144488606,10.529469118825135,0.0053125235475236605,4
PSO,70,48,1.2802252585404588,10.25212138821776,0.007741730649219322,4
PSO,70,49,1.2753147252447727,10.145872732031219,0.00826753704688111,4
PSO,70,50,1.2854257309328585,12.965804592317758,0.0074240480925151855,4
PSO,80,0,Final_Cost_ITAE,Best_Kp,Best_Ki,Iterations_Run
PSO,80,1,1.2662451714552636,10.012721361615696,0.004647014274839628,4
PSO,80,2,1.29216527363519,13.283898566312663,0.008396131525398625,4
PSO,80,3,1.270720138555303,9.855920031612607,0.005250956968510401,4
PSO,80,4,1.2743186467002616,9.845381340908823,0.00833988392098076,4
PSO,80,5,1.278005382155491,11.55864184196166,0.005162651945770151,4
PSO,80,6,1.276278709325332,8.918558304091428,0.005361875406162905,4
PSO,80,7,1.2703128296916077,10.918717958001377,0.004893590879593602,4
PSO,80,8,1.279039428435754,9.619771449670035,0.009815603326508014,4
PSO,80,9,1.274368856740462,10.0789417799441,0.005731567527998344,4
PSO,80,10,1.272697231995007,10.22901455300501,0.006710576378855868,4
PSO,80,11,1.289160961732373,13.333026895037122,0.007240350403934239,4
PSO,80,12,1.2696044843615333,10.953255229067903,0.004765328269122529,4
PSO,80,13,1.2907360939171524,9.347412623417709,0.007966362405487957,4
PSO,80,14,1.2774228005800639,9.511018095532638,0.009124143486224097,4
PSO,80,15,1.2784436054938295,11.597126888934453,0.005192646290507425,4
PSO,80,16,1.2763068491123564,10.402622186563333,0.009791968209393145,4
PSO,80,17,1.2723488322046104,10.879622062437376,0.007519723378055688,4
PSO,80,18,1.27195752159283,9.923345930143084,0.005494492642685002,4
PSO,80,19,1.273842810781005,10.335035581064698,0.005954480445834304,4
PSO,80,20,1.2672629217682527,10.11963414456959,0.0049376418603919005,4
PSO,80,21,1.2840689081871093,8.375308702220671,0.005893470623607189,4
PSO,80,22,1.2662156378108647,10.434714236865343,0.00473712470380382,4
PSO,80,23,1.2724516455964983,10.856772954328997,0.005221838926884951,4
PSO,80,24,1.2789182916265343,9.43623354600795,0.006073339232182302,4
PSO,80,25,1.2685446994741387,10.475150677257032,0.004954977295368614,4
PSO,80,26,1.2762694740764609,10.88412117455514,0.008561122446096442,4
PSO,80,27,1.2724980334202043,9.647413913710732,0.005416221173131652,4
PSO,80,28,1.2725669145616663,10.213819102097968,0.006911020086194845,4
PSO,80,29,1.2732923183225386,9.548304860369266,0.005288066313010135,4
PSO,80,30,1.2792192601761432,9.622874860322987,0.009736836910175562,4
PSO,80,31,1.2750179181009318,9.629932819693469,0.008618865649922655,4
PSO,80,32,1.271804064778329,10.916468291399328,0.00504352190648474,4
PSO,80,33,1.2682544991471585,9.882888673267194,0.004563383223256587,4
PSO,80,34,1.268555573152861,10.631768522645265,0.004847740480519649,4
PSO,80,35,1.27510648539994,10.752972429489496,0.008179061729230167,4
PSO,80,36,1.2871747895859509,12.345998737094162,0.005139239318736677,4
PSO,80,37,1.2751770244529486,11.452000950302713,0.004936356789435212,4
PSO,80,38,1.2862531896168483,9.514378506667658,0.007192647685478957,4
PSO,80,39,1.2729545645575704,10.864060677606691,0.007666158532711025,4
PSO,80,40,1.2800264700217603,8.974355825681325,0.009420855228281797,4
PSO,80,41,1.2731224175925702,10.008910081430413,0.008106488859874373,4
PSO,80,42,1.2776437392847817,11.7649946775155,0.009485262545271413,4
PSO,80,43,1.274115956645967,9.851758468842677,0.008406560049503024,4
PSO,80,44,1.2768129833041815,10.79291238377144,0.008653211977950779,4
PSO,80,45,1.2708477067919524,9.687241618744498,0.005204473858104737,4
PSO,80,46,1.2680415324372427,9.804985268574178,0.0044494848737913414,4
PSO,80,47,1.2790240391840697,12.06738600681063,0.008824296135655323,4
PSO,80,48,1.2802133130361126,12.336092148679516,0.008403432581057625,4
PSO,80,49,1.274921693448443,8.955478249555684,0.005229433141849765,4
PSO,80,50,1.2773828625054604,11.022937749846793,0.008424374706438819,4
PSO,90,0,Final_Cost_ITAE,Best_Kp,Best_Ki,Iterations_Run
PSO,90,1,1.2805086835138297,9.032879620914288,0.009581222357975308,4
PSO,90,2,1.2764102443916574,10.90875142600581,0.005591652208386052,4
PSO,90,3,1.2723734708413796,11.021753741989839,0.005007449183562665,4
PSO,90,4,1.2960224815312316,8.766544887042736,0.0039101441879657705,4
PSO,90,5,1.2811412581872141,9.055072603389693,0.009720456146816879,4
PSO,90,6,1.2713839341885924,10.898299461484948,0.007338981552105459,4
PSO,90,7,1.2888402299542374,11.975883176289955,0.0060610445975567626,4
PSO,90,8,1.2836041302819887,10.201147602870142,0.009110772035913055,4
PSO,90,9,1.287784895332683,12.658289401591862,0.006703369615825539,4
PSO,90,10,1.277747440998126,9.855237731691041,0.009527633016515285,4
PSO,90,11,1.2837221767392402,9.919439398159193,0.006962850867217477,4
PSO,90,12,1.2729942283084583,10.887064430565673,0.0075741983990162964,4
PSO,90,13,1.271578618558759,10.947190428715318,0.004978120299352466,4
PSO,90,14,1.267052378560816,10.04812463705236,0.004813772618918854,4
PSO,90,15,1.271067674720947,11.311398370343758,0.006911407713454862,4
PSO,90,16,1.2721816186813963,10.624712210233614,0.007879756838257425,4
PSO,90,17,1.276703253244132,8.6206398461704,0.0053220566520024454,4
PSO,90,18,1.2665323671239523,9.937095316692773,0.0048386083084117106,4
PSO,90,19,1.276929489489278,10.459373244958106,0.00900583154363872,4
PSO,90,20,1.2782450764858344,9.96582999451037,0.009717816548646922,4
PSO,90,21,1.273341554352571,10.862239558152142,0.005226620424506625,4
PSO,90,22,1.2711256464289948,10.607737385820563,0.005189670211533237,4
PSO,90,23,1.2766845966112714,11.428571569270561,0.005190646052207052,4
PSO,90,24,1.2703327030699554,9.7584942661732,0.0050823618932944676,4
PSO,90,25,1.2791884804801448,11.06652723806857,0.0057906536981030135,4
PSO,90,26,1.2808762729805467,11.555892953251405,0.0055505970137888026,4
PSO,90,27,1.2716715956159441,11.11827744430578,0.004843655201561689,4
PSO,90,28,1.2665168724765745,10.086461370534545,0.004813532770958716,4
PSO,90,29,1.2736858798632371,9.58170885737934,0.005389544814379877,4
PSO,90,30,1.2667222516866874,10.461400741691039,0.004759247219875776,4
PSO,90,31,1.2723826459353897,10.596916510770688,0.007721822570735164,4
PSO,90,32,1.2752545310991497,11.53803264636371,0.0047810798293368125,4
PSO,90,33,1.2772343569898212,9.91346780115473,0.009217176223240111,4
PSO,90,34,1.316393977817704,15.076167730295198,0.0076122356579093,4
PSO,90,35,1.274416757442583,10.525926517866994,0.005510455789366015,4
PSO,90,36,1.2742673792482007,9.846247629702038,0.0056186416863180785,4
PSO,90,37,1.2697498819348891,9.54256092072498,0.0047544491139408975,4
PSO,90,38,1.2752219223666288,9.906796484435118,0.0088494524925197,4
PSO,90,39,1.2713957389896622,10.315479357173635,0.005065034513276164,4
PSO,90,40,1.2826676872304932,8.92930022379986,0.005760258774188753,4
PSO,90,41,1.270200268948112,9.72068767619361,0.004583769928761473,4
PSO,90,42,1.2756471732048726,10.367413554347982,0.00895061227238605,4
PSO,90,43,1.2687139809566483,9.74170282584396,0.004526610418415427,4
PSO,90,44,1.279012568338343,10.674483835996469,0.009710322449638245,4
PSO,90,45,1.2691929301795954,9.698083829116952,0.004997349714111938,4
PSO,90,46,1.2702242530343935,9.231165443229917,0.004875113954689207,4
PSO,90,47,1.2870799467851142,8.37538082553695,0.006131239404989866,4
PSO,90,48,1.2757561977631113,9.656389133734795,0.005825621474937965,4
PSO,90,49,1.2842251688647628,12.6826025360996,0.008274994996952644,4
PSO,90,50,1.2942171446473996,7.83852514867276,0.006379866454477778,4
PSO,100,0,Final_Cost_ITAE,Best_Kp,Best_Ki,Iterations_Run
PSO,100,1,1.275450960211295,10.525110494503677,0.008624593559315106,4
PSO,100,2,1.2664298031090806,9.956241554881847,0.004644863981966499,4
PSO,100,3,1.2739502732073333,9.526702480963566,0.00507413993804307,4
PSO,100,4,1.2758585554679926,9.510982231973838,0.005785893582307597,4
PSO,100,5,1.2799663318639196,8.381600767645118,0.005416423108288054,4
PSO,100,6,1.2762180643782068,9.631975059365876,0.009076855245998562,4
PSO,100,7,1.267597659936212,10.59555675385365,0.0047741928782244515,4
PSO,100,8,1.2769091697593344,10.837910276813819,0.008735229362199419,4
PSO,100,9,1.2805172020546862,9.254419255805052,0.009946024604699783,4
PSO,100,10,1.2757881840787848,9.991270932477669,0.005717858507400433,4
PSO,100,11,1.2709394064035047,9.681606211940977,0.005128257952195248,4
PSO,100,12,1.2682186873588057,10.678816908628804,0.00477663008518576,4
PSO,100,13,1.267744061489394,9.8061298186379,0.0049974989873052,4
PSO,100,14,1.2676358857095344,9.691623092014614,0.004577536667359225,4
PSO,100,15,1.2674816059873564,10.711672477142693,0.004722333608461486,4
PSO,100,16,1.268109729039572,10.70965687232445,0.004800083395743875,4
PSO,100,17,1.2666009235853914,9.966343178383633,0.004707820950457598,4
PSO,100,18,1.2727234240013565,9.341312834560203,0.005026239108133026,4
PSO,100,19,1.2886221241949165,11.880020900421451,0.006133376212811429,4
PSO,100,20,1.2810773460378646,8.511132167827238,0.005631826699434778,4
PSO,100,21,1.2679118439965482,10.699397906855458,0.004762182526098839,4
PSO,100,22,1.2722329458560735,10.603373829054496,0.005285677399265765,4
PSO,100,23,1.2670914977250956,10.078480101316687,0.004889277721001475,4
PSO,100,24,1.2777129864157308,10.350936659263086,0.00986121778338824,4
PSO,100,25,1.2714379562710811,11.018286747953491,0.004915741384901598,4
PSO,100,26,1.2705695529622856,10.970326138281155,0.004870111098824023,4
PSO,100,27,1.2718956749246377,11.150410145749492,0.007129487677001783,4
PSO,100,28,1.2673731744979055,10.082942781481414,0.004874260010911777,4
PSO,100,29,1.2676578702976062,10.243304728222116,0.005885899744727688,4
PSO,100,30,1.2712017721153341,10.726487478611716,0.00746140799683911,4
PSO,100,31,1.2715470285843748,10.954496544214862,0.0049653180765635045,4
PSO,100,32,1.2715181834007885,10.456999838346706,0.005242904780415686,4
PSO,100,33,1.275162434246144,11.02147860369221,0.008526942548631592,4
PSO,100,34,1.2719516019862938,9.676474858194222,0.005347021441971178,4
PSO,100,35,1.2677932572948565,10.511133514538566,0.004859870143503026,4
PSO,100,36,1.2684992010752354,9.833554115982295,0.004980615086651496,4
PSO,100,37,1.280644270218231,12.34611226995293,0.00840543962013305,4
PSO,100,38,1.2685170126732939,10.553300696099768,0.004890854273034335,4
PSO,100,39,1.2746875470277352,11.493041175560391,0.004800071454736343,4
PSO,100,40,1.270841804326238,10.634203552257887,0.00511280200732679,4
PSO,100,41,1.270733096379194,10.729036737914052,0.007460513679111983,4
PSO,100,42,1.2738925708889404,11.135130368959189,0.007674024049389731,4
PSO,100,43,1.2707847604606535,10.61156178086383,0.0050665095979768125,4
PSO,100,44,1.2691280871597332,9.756554623344778,0.004762185467381732,4
PSO,100,45,1.2668718133650556,10.292899360587388,0.0051523178048496505,4
PSO,100,46,1.2733256362807086,10.031280469706022,0.005438121240780719,4
PSO,100,47,1.2696833243343972,9.914869583507308,0.0052190233181919595,4
PSO,100,48,1.2718156913376852,10.91123715104725,0.007314695510652193,4
PSO,100,49,1.268743824062888,9.922980392910446,0.0050306170066136795,4
PSO,100,50,1.2873610784252478,8.737737309862757,0.006102356137510602,4
